t_s,q2_deg,q3_deg,base_euler_x_deg,base_euler_y_deg,base_euler_z_deg,base_dev_angle_deg,base_pos_x_m,base_pos_y_m,base_pos_z_m,tip_L_mm,tip_R_mm,eta_L1,eta_L2,eta_L3,eta_L4,eta_R1,eta_R2,eta_R3,eta_R4,W_joint_J,E_damp_J,abs_dP,abs_dL
0.0000,0.00000,0.00000,0.000000,0.000000,0.000000,0.000000,0.0000000,0.0000000,0.0000000,0.000000,0.000000,0.00000000e+00,0.00000000e+00,0.00000000e+00,0.00000000e+00,0.00000000e+00,0.00000000e+00,0.00000000e+00,0.00000000e+00,0.00000000e+00,0.00000000e+00,0.000e+00,0.000e+00
0.0200,0.00001,-0.00001,0.000000,0.000002,-0.000000,0.000002,-0.0000000,0.0000000,0.0000000,-0.000002,-0.000002,-1.17064790e-09,-6.27341248e-10,-2.96012561e-10,-1.05026704e-10,-1.16102747e-09,-6.24244538e-10,-2.94705304e-10,-1.04587385e-10,5.84432540e-11,6.16535826e-17,1.125e-21,4.723e-22
0.0400,0.00007,-0.00005,0.000000,0.000015,-0.000000,0.000015,-0.0000000,0.0000000,0.0000000,-0.000019,-0.000019,-9.28735560e-09,-4.53532764e-09,-1.12173291e-09,-1.57888484e-10,-9.21112675e-09,-4.51297019e-09,-1.11679015e-09,-1.57230446e-10,9.25800530e-10,1.26725413e-15,1.022e-20,9.162e-21
0.0600,0.00025,-0.00017,0.000000,0.000052,-0.000000,0.000052,-0.0000000,0.0000000,0.0000000,-0.000065,-0.000064,-3.10464227e-08,-1.29874223e-08,-1.30207888e-09,-2.47642771e-10,-3.07919372e-08,-1.29235026e-08,-1.29636836e-09,-2.46613556e-10,4.64015863e-09,7.23676558e-15,1.011e-20,9.053e-21
0.0800,0.00059,-0.00039,0.000000,0.000123,-0.000000,0.000123,-0.0000001,0.0000000,0.0000000,-0.000168,-0.000167,-7.27937192e-08,-2.45045809e-08,-1.69433632e-09,-3.55327730e-10,-7.21978500e-08,-2.43842186e-08,-1.68692606e-09,-3.53854384e-10,1.45185618e-08,2.36102821e-14,2.266e-20,2.740e-21
0.1000,0.00115,-0.00077,0.000000,0.000239,-0.000000,0.000239,-0.0000002,0.0000000,0.0000001,-0.000362,-0.000358,-1.40415431e-07,-3.57496002e-08,-2.44091344e-09,-4.10164246e-10,-1.39267705e-07,-3.55744789e-08,-2.43025857e-09,-4.08469976e-10,3.50904975e-08,5.75759662e-14,5.696e-20,5.211e-20
0.1200,0.00198,-0.00132,0.000000,0.000411,-0.000000,0.000411,-0.0000003,0.0000000,0.0000001,-0.000670,-0.000664,-2.39265509e-07,-4.35099096e-08,-2.54010798e-09,-4.83379189e-10,-2.37312726e-07,-4.32975496e-08,-2.52907204e-09,-4.81388040e-10,7.20315533e-08,1.21510176e-13,1.152e-19,1.084e-20
0.1400,0.00313,-0.00209,0.000001,0.000650,-0.000000,0.000650,-0.0000005,0.0000000,0.0000002,-0.001118,-0.001108,-3.74123551e-07,-4.66031004e-08,-3.03573907e-09,-5.90347981e-10,-3.71074553e-07,-4.63766839e-08,-3.02255933e-09,-5.87919278e-10,1.32099143e-07,2.36110430e-13,7.750e-20,5.140e-20
0.1600,0.00466,-0.00310,0.000001,0.000966,-0.000001,0.000966,-0.0000007,0.0000000,0.0000003,-0.001713,-0.001699,-5.49104174e-07,-4.65465257e-08,-3.68075698e-09,-6.51916361e-10,-5.44635419e-07,-4.63215451e-08,-3.66480404e-09,-6.49241429e-10,2.23071118e-07,4.27950091e-13,1.283e-19,3.330e-20
0.1800,0.00661,-0.00440,0.000002,0.001370,-0.000001,0.001370,-0.0000010,0.0000000,0.0000004,-0.002453,-0.002433,-7.67588226e-07,-4.66432959e-08,-3.74245337e-09,-7.11587551e-10,-7.61349990e-07,-4.64188592e-08,-3.72631058e-09,-7.08677799e-10,3.53683804e-07,7.26586539e-13,3.896e-20,1.618e-19
0.2000,0.00903,-0.00602,0.000002,0.001872,-0.000001,0.001872,-0.0000014,0.0000000,0.0000006,-0.003340,-0.003312,-1.03216243e-06,-5.00260793e-08,-4.31992398e-09,-8.12102448e-10,-1.02378561e-06,-4.97859567e-08,-4.30132119e-09,-8.08790952e-10,5.33575036e-07,1.16466107e-12,1.804e-19,3.505e-20
0.2200,0.01197,-0.00798,0.000003,0.002482,-0.000001,0.002482,-0.0000018,0.0000000,0.0000007,-0.004373,-0.004337,-1.34453354e-06,-5.77966112e-08,-4.83209228e-09,-8.79794496e-10,-1.33363737e-06,-5.75194696e-08,-4.81137426e-09,-8.76221720e-10,7.73227654e-07,1.77661861e-12,1.321e-19,2.614e-19
0.2400,0.01548,-0.01032,0.000004,0.003209,-0.000002,0.003209,-0.0000024,0.0000000,0.0000010,-0.005561,-0.005515,-1.70550911e-06,-6.83985387e-08,-4.88612916e-09,-9.27962693e-10,-1.69170902e-06,-6.80710717e-08,-4.86531835e-09,-9.24215010e-10,1.08390877e-06,2.59459252e-12,1.931e-19,3.255e-19
0.2600,0.01961,-0.01307,0.000005,0.004065,-0.000002,0.004065,-0.0000030,0.0000000,0.0000012,-0.006916,-0.006859,-2.11500553e-06,-7.85616116e-08,-5.51504101e-09,-1.01752967e-09,-2.09792074e-06,-7.81867703e-08,-5.49160459e-09,-1.01343700e-09,1.47761610e-06,3.64531877e-12,3.303e-19,7.994e-20
0.2800,0.02439,-0.01626,0.000006,0.005057,-0.000003,0.005057,-0.0000037,0.0000000,0.0000015,-0.008443,-0.008374,-2.57205063e-06,-8.52340909e-08,-5.89238689e-09,-1.09157362e-09,-2.55131161e-06,-8.48296830e-08,-5.86747857e-09,-1.08720024e-09,1.96702126e-06,4.95060073e-12,2.287e-19,4.541e-19
0.3000,0.02989,-0.01993,0.000007,0.006196,-0.000004,0.006196,-0.0000046,0.0000000,0.0000019,-0.010139,-0.010057,-3.07484095e-06,-8.73926853e-08,-5.98475138e-09,-1.13434494e-09,-3.05009614e-06,-8.69810886e-08,-5.95959733e-09,-1.12982362e-09,2.56541247e-06,6.52797144e-12,6.234e-19,1.573e-19
0.3200,0.03613,-0.02409,0.000009,0.007490,-0.000004,0.007490,-0.0000055,0.0000000,0.0000022,-0.011994,-0.011896,-3.62078030e-06,-8.66316922e-08,-6.64151442e-09,-1.21223567e-09,-3.59170232e-06,-8.62269226e-08,-6.61363386e-09,-1.20742207e-09,3.28665149e-06,8.38722671e-12,2.677e-19,6.742e-19
0.3400,0.04317,-0.02878,0.000010,0.008950,-0.000005,0.008950,-0.0000066,0.0000000,0.0000027,-0.013980,-0.013867,-4.20649288e-06,-8.61922409e-08,-6.89395929e-09,-1.29109848e-09,-4.17278478e-06,-8.57921343e-08,-6.86518210e-09,-1.28598784e-09,4.14512266e-06,1.05269752e-11,2.643e-19,1.207e-20
0.3600,0.05105,-0.03403,0.000012,0.010583,-0.000006,0.010583,-0.0000078,0.0000000,0.0000031,-0.016076,-0.015947,-4.82787870e-06,-8.90482278e-08,-7.04696670e-09,-1.33184565e-09,-4.78927969e-06,-8.86361804e-08,-7.01769817e-09,-1.32660054e-09,5.15568369e-06,1.29354769e-11,7.420e-19,2.903e-19
0.3800,0.05981,-0.03987,0.000014,0.012399,-0.000007,0.012399,-0.0000092,0.0000000,0.0000037,-0.018264,-0.018118,-5.48015480e-06,-9.61508755e-08,-7.68552604e-09,-1.39567549e-09,-5.43644569e-06,-9.57061366e-08,-7.65365861e-09,-1.39020373e-09,6.33362723e-06,1.55909157e-11,1.098e-18,5.000e-19
0.4000,0.06949,-0.04632,0.000016,0.014406,-0.000008,0.014406,-0.0000106,0.0000000,0.0000043,-0.020528,-0.020364,-6.15791416e-06,-1.05877621e-07,-7.82231628e-09,-1.47475244e-09,-6.10892230e-06,-1.05387983e-07,-7.79009599e-09,-1.46898862e-09,7.69462202e-06,1.84593073e-11,4.879e-19,1.853e-19
0.4200,0.08013,-0.05342,0.000019,0.016612,-0.000009,0.016612,-0.0000123,0.0000000,0.0000049,-0.022861,-0.022678,-6.85524739e-06,-1.15022745e-07,-8.04986712e-09,-1.51646471e-09,-6.80085037e-06,-1.14491955e-07,-8.01683543e-09,-1.51056467e-09,9.25466253e-06,2.14951304e-11,3.456e-19,7.992e-19
0.4400,0.09177,-0.06118,0.000022,0.019027,-0.000011,0.019027,-0.0000141,0.0000000,0.0000056,-0.025251,-0.025050,-7.56584921e-06,-1.20697251e-07,-8.64177689e-09,-1.56813650e-09,-7.50597741e-06,-1.20142910e-07,-8.60635551e-09,-1.56205938e-09,1.10300321e-05,2.46455660e-11,3.456e-19,2.821e-19
0.4600,0.10445,-0.06964,0.000025,0.021657,-0.000012,0.021657,-0.0000160,0.0000000,0.0000064,-0.027677,-0.027457,-8.28313465e-06,-1.22029965e-07,-8.70126446e-09,-1.64583543e-09,-8.21777263e-06,-1.21473214e-07,-8.66579543e-09,-1.63946745e-09,1.30372459e-05,2.78543898e-11,1.193e-18,5.806e-19
0.4800,0.11822,-0.07881,0.000028,0.024513,-0.000014,0.024513,-0.0000181,0.0000000,0.0000072,-0.030113,-0.029875,-9.00037129e-06,-1.20677400e-07,-9.01783984e-09,-1.69239370e-09,-8.92955801e-06,-1.20130481e-07,-8.98111949e-09,-1.68586177e-09,1.52930196e-05,3.10629190e-11,7.589e-19,3.727e-19
0.5000,0.13309,-0.08873,0.000031,0.027600,-0.000016,0.027600,-0.0000204,0.0000000,0.0000081,-0.032524,-0.032268,-9.71076074e-06,-1.19819043e-07,-9.53783043e-09,-1.73470694e-09,-9.63458906e-06,-1.19278266e-07,-9.49900802e-09,-1.72802961e-09,1.78142461e-05,3.42106939e-11,1.152e-19,2.033e-19
0.5200,0.14913,-0.09942,0.000035,0.030928,-0.000018,0.030928,-0.0000228,0.0000000,0.0000090,-0.034877,-0.034603,-1.04075280e-05,-1.22270688e-07,-9.54828740e-09,-1.80707550e-09,-1.03261436e-05,-1.21718864e-07,-9.50958882e-09,-1.80012398e-09,2.06179405e-05,3.72394094e-11,7.996e-19,5.773e-19
0.5400,0.16635,-0.11090,0.000039,0.034504,-0.000020,0.034504,-0.0000255,0.0000000,0.0000100,-0.037148,-0.036857,-1.10840271e-05,-1.28834572e-07,-9.93738592e-09,-1.85772446e-09,-1.09976267e-05,-1.28251345e-07,-9.89708443e-09,-1.85058587e-09,2.37212125e-05,4.00962973e-11,6.370e-19,5.082e-20
0.5600,0.18480,-0.12320,0.000043,0.038335,-0.000022,0.038335,-0.0000283,0.0000000,0.0000111,-0.039321,-0.039014,-1.17338250e-05,-1.37833672e-07,-1.03568435e-08,-1.89232055e-09,-1.16426536e-05,-1.37207686e-07,-1.03148566e-08,-1.88506127e-09,2.71412287e-05,4.27340846e-11,1.233e-18,4.108e-19
0.5800,0.20450,-0.13634,0.000048,0.042429,-0.000024,0.042429,-0.0000313,0.0000000,0.0000123,-0.041383,-0.041061,-1.23508249e-05,-1.46126719e-07,-1.03508148e-08,-1.95660109e-09,-1.22551724e-05,-1.45462287e-07,-1.03089555e-08,-1.94909205e-09,3.08951448e-05,4.51125760e-11,2.331e-18,1.249e-18
0.6000,0.22550,-0.15034,0.000052,0.046794,-0.000027,0.046794,-0.0000345,0.0000000,0.0000135,-0.043328,-0.042992,-1.29293960e-05,-1.50980321e-07,-1.08015016e-08,-2.01187937e-09,-1.28295919e-05,-1.50294681e-07,-1.07576929e-08,-2.00415007e-09,3.50000852e-05,4.72031101e-11,2.622e-18,9.250e-19
0.6200,0.24783,-0.16522,0.000057,0.051437,-0.000029,0.051437,-0.0000379,0.0000000,0.0000148,-0.045140,-0.044791,-1.34644641e-05,-1.51670977e-07,-1.11210625e-08,-2.04384118e-09,-1.33608722e-05,-1.50983944e-07,-1.10759184e-08,-2.03598437e-09,3.94731123e-05,4.89908183e-11,1.640e-18,5.429e-19
0.6400,0.27152,-0.18101,0.000063,0.056364,-0.000032,0.056364,-0.0000415,0.0000000,0.0000162,-0.046796,-0.046436,-1.39516118e-05,-1.49904369e-07,-1.11398219e-08,-2.10020938e-09,-1.38446234e-05,-1.49226468e-07,-1.10945754e-08,-2.09211813e-09,4.43311811e-05,5.04732626e-11,7.725e-19,2.925e-18
0.6600,0.29659,-0.19773,0.000068,0.061584,-0.000035,0.061584,-0.0000453,0.0000000,0.0000176,-0.048277,-0.047907,-1.43871401e-05,-1.48792095e-07,-1.16304958e-08,-2.15903222e-09,-1.42771675e-05,-1.48118264e-07,-1.15830326e-08,-2.15068864e-09,4.95911459e-05,5.16587572e-11,2.954e-18,1.190e-18
0.6800,0.32309,-0.21539,0.000074,0.067103,-0.000038,0.067103,-0.0000494,0.0000000,0.0000192,-0.049561,-0.049182,-1.47680905e-05,-1.50996425e-07,-1.18457491e-08,-2.19051625e-09,-1.46555601e-05,-1.50309067e-07,-1.17973246e-08,-2.18203052e-09,5.52697257e-05,5.25665489e-11,1.911e-18,1.116e-18
0.7000,0.35104,-0.23403,0.000081,0.072927,-0.000042,0.072927,-0.0000536,0.0000000,0.0000208,-0.050639,-0.050253,-1.50922907e-05,-1.57171907e-07,-1.19057760e-08,-2.23710730e-09,-1.49776362e-05,-1.56451268e-07,-1.18569726e-08,-2.22841384e-09,6.13834537e-05,5.32260295e-11,7.725e-19,1.084e-19
0.7200,0.38048,-0.25365,0.000087,0.079065,-0.000045,0.079065,-0.0000581,0.0000001,0.0000225,-0.051514,-0.051122,-1.53583822e-05,-1.65594013e-07,-1.23996291e-08,-2.29586551e-09,-1.52420378e-05,-1.64829769e-07,-1.23485272e-08,-2.28690585e-09,6.79486674e-05,5.36727727e-11,1.952e-18,3.346e-19
0.7400,0.41142,-0.27428,0.000094,0.085522,-0.000049,0.085522,-0.0000628,0.0000001,0.0000242,-0.052191,-0.051795,-1.55658411e-05,-1.73190009e-07,-1.25193436e-08,-2.32886000e-09,-1.54482343e-05,-1.72387202e-07,-1.24676062e-08,-2.31973454e-09,7.49814475e-05,5.39456813e-11,1.179e-18,7.640e-19
0.7600,0.44391,-0.29594,0.000102,0.092305,-0.000053,0.092305,-0.0000677,0.0000001,0.0000261,-0.052683,-0.052284,-1.57150256e-05,-1.77373248e-07,-1.26440697e-08,-2.36744675e-09,-1.55965698e-05,-1.76548990e-07,-1.25915481e-08,-2.35812806e-09,8.24975781e-05,5.40872401e-11,7.589e-19,2.443e-18
0.7800,0.47796,-0.31864,0.000109,0.099420,-0.000057,0.099420,-0.0000729,0.0000001,0.0000280,-0.052996,-0.052595,-1.58071790e-05,-1.77562047e-07,-1.31217675e-08,-2.42532690e-09,-1.56882664e-05,-1.76735127e-07,-1.30669166e-08,-2.41572582e-09,9.05125585e-05,5.41420524e-11,7.183e-19,1.550e-18
0.8000,0.51360,-0.34240,0.000117,0.106875,-0.000061,0.106875,-0.0000783,0.0000001,0.0000300,-0.053129,-0.052728,-1.58444054e-05,-1.75503502e-07,-1.31729978e-08,-2.46254063e-09,-1.57253998e-05,-1.74683111e-07,-1.31176887e-08,-2.45273540e-09,9.90415627e-05,5.41524065e-11,3.402e-18,1.415e-18
0.8200,0.55086,-0.36724,0.000126,0.114676,-0.000065,0.114676,-0.0000839,0.0000001,0.0000321,-0.053084,-0.052684,-1.58296410e-05,-1.74232868e-07,-1.33720700e-08,-2.49502538e-09,-1.57108716e-05,-1.73413053e-07,-1.33155399e-08,-2.48503429e-09,1.08099439e-04,5.41551596e-11,8.945e-19,7.522e-19
0.8400,0.58977,-0.39318,0.000135,0.122828,-0.000070,0.122828,-0.0000898,0.0000001,0.0000343,-0.052864,-0.052466,-1.57665726e-05,-1.76265034e-07,-1.38012244e-08,-2.54876399e-09,-1.56483286e-05,-1.75428242e-07,-1.37425131e-08,-2.53849381e-09,1.17700722e-04,5.41812987e-11,4.662e-18,1.508e-18
0.8600,0.63035,-0.42024,0.000144,0.131338,-0.000074,0.131338,-0.0000959,0.0000001,0.0000366,-0.052482,-0.052087,-1.56595594e-05,-1.82112917e-07,-1.37983303e-08,-2.58878575e-09,-1.55420855e-05,-1.81240417e-07,-1.37393188e-08,-2.57828729e-09,1.27859560e-04,5.42550270e-11,3.944e-18,1.047e-18
0.8800,0.67263,-0.44842,0.000153,0.140213,-0.000079,0.140213,-0.0001023,0.0000001,0.0000390,-0.051961,-0.051569,-1.55135738e-05,-1.90007772e-07,-1.40612515e-08,-2.61583547e-09,-1.53970662e-05,-1.89090650e-07,-1.40006746e-08,-2.60516210e-09,1.38589706e-04,5.43912174e-11,1.342e-18,6.082e-19
0.9000,0.71662,-0.47775,0.000163,0.149458,-0.000085,0.149458,-0.0001089,0.0000001,0.0000414,-0.051331,-0.050943,-1.53341186e-05,-1.96952982e-07,-1.44188170e-08,-2.66333924e-09,-1.52187226e-05,-1.95997313e-07,-1.43563226e-08,-2.65240152e-09,1.49904488e-04,5.45947669e-11,3.808e-18,3.359e-18
0.9200,0.76236,-0.50824,0.000174,0.159080,-0.000090,0.159080,-0.0001158,0.0000001,0.0000440,-0.050617,-0.050233,-1.51271627e-05,-2.00503845e-07,-1.43939257e-08,-2.70635821e-09,-1.50129697e-05,-1.99526929e-07,-1.43311358e-08,-2.69516670e-09,1.61816747e-04,5.48632342e-11,5.502e-18,1.391e-18
0.9400,0.80985,-0.53990,0.000184,0.169084,-0.000096,0.169084,-0.0001230,0.0000001,0.0000466,-0.049846,-0.049467,-1.48990726e-05,-2.00211129e-07,-1.47186135e-08,-2.73166426e-09,-1.47861184e-05,-1.99231092e-07,-1.46539130e-08,-2.72029097e-09,1.74338866e-04,5.51886335e-11,5.421e-18,9.233e-19
0.9600,0.85913,-0.57276,0.000196,0.179476,-0.000101,0.179476,-0.0001304,0.0000001,0.0000493,-0.049033,-0.048658,-1.46564969e-05,-1.97861669e-07,-1.49984304e-08,-2.77314074e-09,-1.45447609e-05,-1.96886735e-07,-1.49320961e-08,-2.76151661e-09,1.87482773e-04,5.55568732e-11,4.608e-19,3.058e-18
0.9800,0.91022,-0.60681,0.000207,0.190263,-0.000107,0.190263,-0.0001380,0.0000001,0.0000521,-0.048190,-0.047818,-1.44062558e-05,-1.96409474e-07,-1.49786715e-08,-2.81786234e-09,-1.42956614e-05,-1.95433189e-07,-1.49119489e-08,-2.80596879e-09,2.01259907e-04,5.59487314e-11,7.589e-19,4.061e-18
1.0000,0.96313,-0.64209,0.000220,0.201449,-0.000113,0.201449,-0.0001459,0.0000001,0.0000550,-0.047334,-0.046966,-1.41552172e-05,-1.98224935e-07,-1.53403486e-08,-2.84226701e-09,-1.40456331e-05,-1.97230148e-07,-1.52715346e-08,-2.83018939e-09,2.15681264e-04,5.63433875e-11,6.478e-18,2.460e-18
1.0200,1.01789,-0.67860,0.000232,0.213041,-0.000120,0.213041,-0.0001541,0.0000001,0.0000581,-0.046486,-0.046121,-1.39101560e-05,-2.03691944e-07,-1.55275536e-08,-2.87582776e-09,-1.38013992e-05,-2.02661176e-07,-1.54575063e-08,-2.86352984e-09,2.30757349e-04,5.67207815e-11,4.608e-18,3.210e-18
1.0400,1.07452,-0.71635,0.000245,0.225045,-0.000126,0.225045,-0.0001626,0.0000001,0.0000611,-0.045673,-0.045310,-1.36776550e-05,-2.11002325e-07,-1.55275445e-08,-2.91904099e-09,-1.35694946e-05,-2.09928230e-07,-1.54569963e-08,-2.90647899e-09,2.46498111e-04,5.70618520e-11,4.337e-18,1.511e-18
1.0600,1.13302,-0.75535,0.000259,0.237465,-0.000133,0.237465,-0.0001713,0.0000002,0.0000643,-0.044929,-0.044567,-1.34640135e-05,-2.17239816e-07,-1.59013816e-08,-2.94363012e-09,-1.33561745e-05,-2.16129573e-07,-1.58286918e-08,-2.93088026e-09,2.62912963e-04,5.73500689e-11,2.385e-18,1.897e-19
1.0800,1.19343,-0.79562,0.000273,0.250308,-0.000140,0.250308,-0.0001803,0.0000002,0.0000676,-0.044280,-0.043918,-1.32751544e-05,-2.20103481e-07,-1.60051582e-08,-2.97072749e-09,-1.31673227e-05,-2.18974592e-07,-1.59315792e-08,-2.95778034e-09,2.80010733e-04,5.75749836e-11,9.216e-19,7.850e-18
1.1000,1.25576,-0.83717,0.000287,0.263579,-0.000148,0.263579,-0.0001896,0.0000002,0.0000710,-0.043745,-0.043383,-1.31165602e-05,-2.19267529e-07,-1.60508020e-08,-3.01201147e-09,-1.30083878e-05,-2.18137496e-07,-1.59764800e-08,-2.99880483e-09,2.97799646e-04,5.77340121e-11,3.469e-18,6.776e-21
1.1200,1.32002,-0.88001,0.000302,0.277283,-0.000155,0.277283,-0.0001991,0.0000002,0.0000745,-0.043338,-0.042972,-1.29931829e-05,-2.16554991e-07,-1.64189710e-08,-3.03866290e-09,-1.28842934e-05,-2.15431107e-07,-1.63425317e-08,-3.02525611e-09,3.16287399e-04,5.78312664e-11,1.231e-17,2.419e-18
1.1400,1.38623,-0.92415,0.000318,0.291425,-0.000163,0.291426,-0.0002089,0.0000002,0.0000780,-0.043059,-0.042690,-1.29093454e-05,-2.14840131e-07,-1.64515894e-08,-3.06054013e-09,-1.27993405e-05,-2.13715450e-07,-1.63745612e-08,-3.04695651e-09,3.35481136e-04,5.78770588e-11,6.559e-18,2.168e-19
1.1600,1.45440,-0.96960,0.000334,0.306012,-0.000171,0.306012,-0.0002190,0.0000002,0.0000817,-0.042917,-0.042542,-1.28686676e-05,-2.16350468e-07,-1.65464855e-08,-3.09718878e-09,-1.27571345e-05,-2.15208208e-07,-1.64684994e-08,-3.08336771e-09,3.55387436e-04,5.78890326e-11,7.806e-18,1.640e-18
1.1800,1.52456,-1.01637,0.000350,0.321048,-0.000179,0.321048,-0.0002293,0.0000002,0.0000855,-0.042919,-0.042538,-1.28739860e-05,-2.21352180e-07,-1.68759952e-08,-3.12434526e-09,-1.27605042e-05,-2.20175970e-07,-1.67961036e-08,-3.11032523e-09,3.76012349e-04,5.78913300e-11,4.093e-18,3.293e-18
1.2000,1.59671,-1.06447,0.000368,0.336538,-0.000187,0.336539,-0.0002400,0.0000002,0.0000893,-0.043077,-0.042688,-1.29273042e-05,-2.28006637e-07,-1.68478040e-08,-3.14125876e-09,-1.28114541e-05,-2.26790447e-07,-1.67675964e-08,-3.12708506e-09,3.97361295e-04,5.79113883e-11,5.746e-18,4.394e-18
1.2200,1.67087,-1.11391,0.000385,0.352488,-0.000196,0.352488,-0.0002509,0.0000002,0.0000933,-0.043406,-0.043008,-1.30297887e-05,-2.33479006e-07,-1.69930110e-08,-3.17195132e-09,-1.29111581e-05,-2.32230819e-07,-1.69116277e-08,-3.15756680e-09,4.19439048e-04,5.79780981e-11,8.457e-18,5.841e-18
1.2400,1.74705,-1.16470,0.000403,0.368903,-0.000204,0.368903,-0.0002620,0.0000002,0.0000973,-0.043914,-0.043506,-1.31817593e-05,-2.35613549e-07,-1.72701441e-08,-3.20004267e-09,-1.30599508e-05,-2.34350725e-07,-1.71870955e-08,-3.18545405e-09,4.42249767e-04,5.81217383e-11,2.873e-18,2.924e-18
1.2600,1.82527,-1.21684,0.000422,0.385787,-0.000213,0.385787,-0.0002735,0.0000002,0.0001014,-0.044600,-0.044179,-1.33827015e-05,-2.34201698e-07,-1.72116794e-08,-3.21510223e-09,-1.32573389e-05,-2.32940799e-07,-1.71284103e-08,-3.20036384e-09,4.65796943e-04,5.83723706e-11,3.795e-18,6.261e-18
1.2800,1.90552,-1.27035,0.000441,0.403146,-0.000223,0.403146,-0.0002852,0.0000003,0.0001056,-0.045453,-0.045019,-1.36312882e-05,-2.31095536e-07,-1.74087585e-08,-3.24047643e-09,-1.35020228e-05,-2.29842656e-07,-1.73240698e-08,-3.22554665e-09,4.90083469e-04,5.87561930e-11,9.270e-18,1.860e-18
1.3000,1.98784,-1.32523,0.000461,0.420984,-0.000232,0.420985,-0.0002972,0.0000003,0.0001099,-0.046457,-0.046009,-1.39253769e-05,-2.29092102e-07,-1.76206652e-08,-3.26867194e-09,-1.37918928e-05,-2.27839516e-07,-1.75346005e-08,-3.25353596e-09,5.15111686e-04,5.92931832e-11,1.897e-18,2.616e-18
1.3200,2.07222,-1.38148,0.000482,0.439307,-0.000242,0.439308,-0.0003095,0.0000003,0.0001143,-0.047594,-0.047130,-1.42620318e-05,-2.30278417e-07,-1.75487568e-08,-3.28232999e-09,-1.41240522e-05,-2.29009416e-07,-1.74625070e-08,-3.26704867e-09,5.40883323e-04,5.99969635e-11,3.903e-18,5.631e-18
1.3400,2.15868,-1.43912,0.000503,0.458119,-0.000251,0.458120,-0.0003220,0.0000003,0.0001188,-0.048851,-0.048372,-1.46375655e-05,-2.34809471e-07,-1.77773176e-08,-3.30105744e-09,-1.44948570e-05,-2.33508445e-07,-1.76895191e-08,-3.28561201e-09,5.67399535e-04,6.08736833e-11,1.361e-17,5.797e-18
1.3600,2.24723,-1.49815,0.000524,0.477426,-0.000262,0.477426,-0.0003348,0.0000003,0.0001234,-0.050221,-0.049725,-1.50475859e-05,-2.40826308e-07,-1.79111565e-08,-3.32713524e-09,-1.48999634e-05,-2.39488121e-07,-1.78223229e-08,-3.31149080e-09,5.94660851e-04,6.19195789e-11,9.460e-18,2.768e-18
1.3800,2.33787,-1.55858,0.000546,0.497231,-0.000272,0.497231,-0.0003479,0.0000003,0.0001280,-0.051694,-0.051181,-1.54870905e-05,-2.45574858e-07,-1.78469380e-08,-3.34046490e-09,-1.53344199e-05,-2.44207873e-07,-1.77578351e-08,-3.32467070e-09,6.22667098e-04,6.31209307e-11,3.849e-18,5.912e-18
1.4000,2.43061,-1.62041,0.000569,0.517540,-0.000282,0.517540,-0.0003612,0.0000003,0.0001328,-0.053260,-0.052730,-1.59505693e-05,-2.47041132e-07,-1.80971946e-08,-3.35432970e-09,-1.57927699e-05,-2.45662177e-07,-1.80064139e-08,-3.33838280e-09,6.51417460e-04,6.44564258e-11,7.210e-18,9.395e-18
1.4200,2.52547,-1.68364,0.000593,0.538356,-0.000293,0.538357,-0.0003748,0.0000003,0.0001376,-0.054898,-0.054350,-1.64320974e-05,-2.45129693e-07,-1.81632538e-08,-3.37873682e-09,-1.62691426e-05,-2.43754051e-07,-1.80716733e-08,-3.36258754e-09,6.80910476e-04,6.58983714e-11,6.315e-18,5.868e-18
1.4400,2.62244,-1.74829,0.000617,0.559686,-0.000304,0.559686,-0.0003887,0.0000004,0.0001425,-0.056581,-0.056016,-1.69254430e-05,-2.41711797e-07,-1.81312513e-08,-3.39353307e-09,-1.67573603e-05,-2.40344128e-07,-1.80391747e-08,-3.37721607e-09,7.11144044e-04,6.74126310e-11,6.559e-18,3.530e-18
1.4600,2.72154,-1.81436,0.000641,0.581533,-0.000315,0.581533,-0.0004028,0.0000004,0.0001475,-0.058279,-0.057697,-1.74241540e-05,-2.39505793e-07,-1.83854506e-08,-3.40379770e-09,-1.72510242e-05,-2.38137407e-07,-1.82916373e-08,-3.38733166e-09,7.42115539e-04,6.89601406e-11,6.993e-18,5.269e-18
1.4800,2.82277,-1.88185,0.000666,0.603901,-0.000327,0.603902,-0.0004172,0.0000004,0.0001525,-0.059962,-0.059363,-1.79216353e-05,-2.40462997e-07,-1.83861526e-08,-3.42470873e-09,-1.77435916e-05,-2.39077075e-07,-1.82917651e-08,-3.40804549e-09,7.73821756e-04,7.05002709e-11,7.210e-18,5.804e-18
1.5000,2.92614,-1.95076,0.000692,0.626796,-0.000338,0.626797,-0.0004318,0.0000004,0.0001576,-0.061607,-0.060992,-1.84112549e-05,-2.44629373e-07,-1.83904411e-08,-3.43975779e-09,-1.82284801e-05,-2.43210900e-07,-1.82953295e-08,-3.42291570e-09,8.06258886e-04,7.19931074e-11,4.879e-18,8.572e-19
1.5200,3.03165,-2.02110,0.000719,0.650222,-0.000350,0.650223,-0.0004467,0.0000004,0.0001628,-0.063199,-0.062569,-1.88864448e-05,-2.50132081e-07,-1.86242530e-08,-3.44679082e-09,-1.86991690e-05,-2.48676623e-07,-1.85274502e-08,-3.42980068e-09,8.39422540e-04,7.34001488e-11,1.317e-17,1.939e-17
1.5400,3.13931,-2.09287,0.000746,0.674183,-0.000362,0.674183,-0.0004618,0.0000004,0.0001681,-0.064724,-0.064080,-1.93408164e-05,-2.54299124e-07,-1.85735281e-08,-3.46373340e-09,-1.91493123e-05,-2.52815257e-07,-1.84762809e-08,-3.44654836e-09,8.73307646e-04,7.46865795e-11,4.337e-18,2.446e-18
1.5600,3.24912,-2.16608,0.000774,0.698683,-0.000374,0.698684,-0.0004772,0.0000004,0.0001735,-0.066169,-0.065512,-1.97682922e-05,-2.55249962e-07,-1.86265638e-08,-3.47986484e-09,-1.95728706e-05,-2.53753897e-07,-1.85282714e-08,-3.46247921e-09,9.07908471e-04,7.58250386e-11,8.890e-18,1.346e-17
1.5800,3.36108,-2.24072,0.000802,0.723727,-0.000387,0.723727,-0.0004929,0.0000005,0.0001789,-0.067516,-0.066846,-2.01632087e-05,-2.52996331e-07,-1.88324286e-08,-3.48650356e-09,-1.99642124e-05,-2.51502074e-07,-1.87324785e-08,-3.46895176e-09,9.43218708e-04,7.67971966e-11,3.253e-18,1.431e-17
1.6000,3.47520,-2.31680,0.000831,0.749319,-0.000400,0.749319,-0.0005088,0.0000005,0.0001843,-0.068738,-0.068058,-2.05204066e-05,-2.49421192e-07,-1.87540215e-08,-3.50042211e-09,-2.03182041e-05,-2.47932070e-07,-1.86536223e-08,-3.48266947e-09,9.79231455e-04,7.75932078e-11,1.626e-18,3.463e-18
1.6200,3.59148,-2.39432,0.000861,0.775463,-0.000412,0.775463,-0.0005249,0.0000005,0.0001899,-0.069813,-0.069123,-2.08353094e-05,-2.47158432e-07,-1.88554785e-08,-3.51710560e-09,-2.06302883e-05,-2.45664983e-07,-1.87537253e-08,-3.49913347e-09,1.01593930e-03,7.82120940e-11,6.614e-18,2.900e-18
1.6400,3.70992,-2.47328,0.000892,0.802163,-0.000425,0.802164,-0.0005412,0.0000005,0.0001955,-0.070721,-0.070023,-2.11039691e-05,-2.48028088e-07,-1.90148621e-08,-3.52349748e-09,-2.08965296e-05,-2.46513582e-07,-1.89115870e-08,-3.50534430e-09,1.05333435e-03,7.86628991e-11,5.042e-18,1.735e-18
1.6600,3.83053,-2.55369,0.000923,0.829424,-0.000439,0.829425,-0.0005578,0.0000005,0.0002012,-0.071450,-0.070745,-2.13231201e-05,-2.51970848e-07,-1.89194909e-08,-3.53327358e-09,-2.11136684e-05,-2.50421065e-07,-1.88157403e-08,-3.51492251e-09,1.09140817e-03,7.89639391e-11,1.756e-17,4.086e-18
1.6800,3.95330,-2.63553,0.000955,0.857250,-0.000452,0.857250,-0.0005746,0.0000005,0.0002069,-0.071999,-0.071289,-2.14902381e-05,-2.57102166e-07,-1.90570532e-08,-3.54880413e-09,-2.12791795e-05,-2.55513579e-07,-1.89517153e-08,-3.53022412e-09,1.13015174e-03,7.91402703e-11,6.668e-18,2.873e-18
1.7000,4.07823,-2.71882,0.000987,0.885644,-0.000466,0.885644,-0.0005916,0.0000006,0.0002127,-0.072371,-0.071657,-2.16035833e-05,-2.60834276e-07,-1.91625019e-08,-3.55578213e-09,-2.13913152e-05,-2.59215877e-07,-1.90557970e-08,-3.53700176e-09,1.16955550e-03,7.92222565e-11,1.236e-17,3.144e-18
1.7200,4.20533,-2.80356,0.001020,0.914610,-0.000480,0.914611,-0.0006089,0.0000006,0.0002185,-0.072567,-0.071850,-2.16622512e-05,-2.61412893e-07,-1.90745820e-08,-3.56301427e-09,-2.14491560e-05,-2.59780551e-07,-1.89672455e-08,-3.54402871e-09,1.20960925e-03,7.92452031e-11,7.156e-18,1.830e-18
1.7400,4.33460,-2.88973,0.001054,0.944153,-0.000494,0.944154,-0.0006264,0.0000006,0.0002244,-0.072589,-0.071871,-2.16662020e-05,-2.58948292e-07,-1.92449241e-08,-3.57799458e-09,-2.14526404e-05,-2.57315088e-07,-1.91357699e-08,-3.55876542e-09,1.25030227e-03,7.92470952e-11,1.301e-18,1.295e-17
1.7600,4.46603,-2.97735,0.001089,0.974277,-0.000508,0.974278,-0.0006440,0.0000006,0.0002303,-0.072433,-0.071714,-2.16162497e-05,-2.55330596e-07,-1.92997119e-08,-3.58683450e-09,-2.14025541e-05,-2.53698934e-07,-1.91893271e-08,-3.56738128e-09,1.29162339e-03,7.92648108e-11,5.638e-18,8.951e-18
1.7800,4.59962,-3.06641,0.001124,1.004985,-0.000523,1.004986,-0.0006619,0.0000006,0.0002363,-0.072094,-0.071375,-2.15140437e-05,-2.53104417e-07,-1.92343866e-08,-3.59218634e-09,-2.13005125e-05,-2.51464521e-07,-1.91231799e-08,-3.57252284e-09,1.33356099e-03,7.93319350e-11,1.073e-17,5.739e-18
1.8000,4.73537,-3.15691,0.001161,1.036281,-0.000537,1.036281,-0.0006800,0.0000006,0.0002423,-0.071576,-0.070859,-2.13620240e-05,-2.53961577e-07,-1.94163155e-08,-3.60487194e-09,-2.11489164e-05,-2.52297252e-07,-1.93032081e-08,-3.58496562e-09,1.37610307e-03,7.94780527e-11,1.258e-17,2.690e-18
1.8200,4.87328,-3.24885,0.001198,1.068168,-0.000552,1.068169,-0.0006983,0.0000007,0.0002484,-0.070890,-0.070176,-2.11633618e-05,-2.57744824e-07,-1.94152218e-08,-3.61409241e-09,-2.09508944e-05,-2.56043032e-07,-1.93010864e-08,-3.59395321e-09,1.41923721e-03,7.97269055e-11,1.713e-17,2.175e-18
1.8400,5.01334,-3.34223,0.001235,1.100651,-0.000567,1.100652,-0.0007167,0.0000007,0.0002545,-0.070056,-0.069344,-2.09219187e-05,-2.62559818e-07,-1.93782154e-08,-3.61740413e-09,-2.07102615e-05,-2.60818297e-07,-1.92630821e-08,-3.59705604e-09,1.46295045e-03,8.00937990e-11,1.973e-17,7.318e-18
1.8600,5.15555,-3.43704,0.001274,1.133734,-0.000582,1.133735,-0.0007354,0.0000007,0.0002606,-0.069097,-0.068389,-2.06421937e-05,-2.65904925e-07,-1.95555798e-08,-3.62732905e-09,-2.04314679e-05,-2.64133400e-07,-1.94385481e-08,-3.60674306e-09,1.50722943e-03,8.05850323e-11,1.323e-17,7.007e-18
1.8800,5.29992,-3.53328,0.001313,1.167419,-0.000598,1.167420,-0.0007542,0.0000007,0.0002668,-0.068036,-0.067331,-2.03292624e-05,-2.66149202e-07,-1.95122288e-08,-3.63745528e-09,-2.01195382e-05,-2.64363522e-07,-1.93943025e-08,-3.61662578e-09,1.55206025e-03,8.11990050e-11,1.388e-17,1.830e-18
1.9000,5.44642,-3.63095,0.001353,1.201710,-0.000613,1.201711,-0.0007731,0.0000007,0.0002730,-0.066891,-0.066189,-1.99887153e-05,-2.63492522e-07,-1.95173352e-08,-3.64070531e-09,-1.97800104e-05,-2.61705210e-07,-1.93981816e-08,-3.61966075e-09,1.59742856e-03,8.19262652e-11,9.975e-18,1.172e-17
1.9200,5.59507,-3.73005,0.001394,1.236610,-0.000629,1.236611,-0.0007923,0.0000008,0.0002792,-0.065677,-0.064978,-1.96265600e-05,-2.59829290e-07,-1.96790887e-08,-3.64842493e-09,-1.94188394e-05,-2.58042196e-07,-1.95581078e-08,-3.62714860e-09,1.64331974e-03,8.27489883e-11,2.130e-17,2.582e-18
1.9400,5.74585,-3.83057,0.001435,1.272124,-0.000645,1.272125,-0.0008116,0.0000008,0.0002855,-0.064405,-0.063710,-1.92491091e-05,-2.57614754e-07,-1.96038403e-08,-3.65858394e-09,-1.90422859e-05,-2.55818140e-07,-1.94820914e-08,-3.63706491e-09,1.68971881e-03,8.36424980e-11,1.876e-17,1.245e-17
1.9600,5.89876,-3.93251,0.001478,1.308254,-0.000661,1.308255,-0.0008311,0.0000008,0.0002918,-0.063094,-0.062401,-1.88628697e-05,-2.58414794e-07,-1.96451377e-08,-3.66118616e-09,-1.86568072e-05,-2.56593303e-07,-1.95220251e-08,-3.63945835e-09,1.73661052e-03,8.45782522e-11,1.317e-17,2.040e-17
1.9800,6.05379,-4.03586,0.001521,1.345004,-0.000677,1.345005,-0.0008507,0.0000008,0.0002981,-0.061766,-0.061075,-1.84744210e-05,-2.61983742e-07,-1.97694039e-08,-3.66530394e-09,-1.82689356e-05,-2.60125714e-07,-1.96446840e-08,-3.64336544e-09,1.78397934e-03,8.55256357e-11,1.426e-17,2.107e-18
2.0000,6.21094,-4.14062,0.001565,1.382376,-0.000693,1.382377,-0.0008704,0.0000008,0.0003045,-0.060449,-0.059760,-1.80903110e-05,-2.66423118e-07,-1.96703534e-08,-3.67377244e-09,-1.78851762e-05,-2.64527669e-07,-1.95449885e-08,-3.65160547e-09,1.83180935e-03,8.64528040e-11,1.008e-17,1.088e-17
2.0200,6.37019,-4.24680,0.001610,1.420374,-0.000710,1.420375,-0.0008903,0.0000009,0.0003109,-0.059174,-0.058485,-1.77169711e-05,-2.69317745e-07,-1.97435716e-08,-3.67606053e-09,-1.75119216e-05,-2.67395397e-07,-1.96167434e-08,-3.65369197e-09,1.88008426e-03,8.73289996e-11,1.182e-17,3.049e-18
2.0400,6.53155,-4.35437,0.001656,1.459001,-0.000726,1.459002,-0.0009102,0.0000009,0.0003172,-0.057967,-0.057278,-1.73606212e-05,-2.69160116e-07,-1.98261876e-08,-3.67775160e-09,-1.71553576e-05,-2.67226719e-07,-1.96979801e-08,-3.65518791e-09,1.92878745e-03,8.81277576e-11,2.114e-18,1.231e-17
2.0600,6.69501,-4.46334,0.001702,1.498259,-0.000743,1.498260,-0.0009303,0.0000009,0.0003236,-0.056847,-0.056156,-1.70271838e-05,-2.66233983e-07,-1.97246619e-08,-3.68499161e-09,-1.68213782e-05,-2.64301530e-07,-1.95958338e-08,-3.66221163e-09,1.97790193e-03,8.88282998e-11,3.253e-17,7.481e-18
2.0800,6.86055,-4.57370,0.001750,1.538152,-0.000760,1.538153,-0.0009506,0.0000009,0.0003301,-0.055827,-0.055133,-1.67221913e-05,-2.62433969e-07,-1.98252663e-08,-3.68771096e-09,-1.65154929e-05,-2.60503781e-07,-1.96949157e-08,-3.66473616e-09,2.02741055e-03,8.94156676e-11,1.323e-17,1.694e-18
2.1000,7.02816,-4.68544,0.001798,1.578683,-0.000777,1.578684,-0.0009709,0.0000010,0.0003365,-0.054915,-0.054216,-1.64506764e-05,-2.60129393e-07,-1.98597224e-08,-3.68715299e-09,-1.62427180e-05,-2.58191743e-07,-1.97282766e-08,-3.66400351e-09,2.07729600e-03,8.98820116e-11,3.957e-18,1.294e-17
2.1200,7.19785,-4.79857,0.001848,1.619853,-0.000794,1.619854,-0.0009913,0.0000010,0.0003429,-0.054121,-0.053417,-1.62170816e-05,-2.60764277e-07,-1.97622588e-08,-3.69145609e-09,-1.60074867e-05,-2.58804557e-07,-1.96302340e-08,-3.66811689e-09,2.12754077e-03,9.02282198e-11,6.722e-18,2.290e-18
2.1400,7.36960,-4.91306,0.001898,1.661666,-0.000811,1.661667,-0.0010117,0.0000010,0.0003494,-0.053460,-0.052749,-1.60251802e-05,-2.64012327e-07,-1.98704213e-08,-3.69307694e-09,-1.58135702e-05,-2.62020078e-07,-1.97369444e-08,-3.66956234e-09,2.17812721e-03,9.04634958e-11,5.204e-18,9.954e-18
2.1600,7.54339,-5.02893,0.001949,1.704124,-0.000829,1.704125,-0.0010323,0.0000010,0.0003558,-0.052948,-0.052229,-1.58780117e-05,-2.67979279e-07,-1.98516316e-08,-3.68992932e-09,-1.56640134e-05,-2.65954716e-07,-1.97173726e-08,-3.66626425e-09,2.22903744e-03,9.06035517e-11,1.323e-17,3.043e-17
2.1800,7.71923,-5.14615,0.002001,1.747229,-0.000846,1.747230,-0.0010529,0.0000011,0.0003622,-0.052600,-0.051872,-1.57778548e-05,-2.70336792e-07,-1.97696382e-08,-3.69105741e-09,-1.55611071e-05,-2.68290925e-07,-1.96347839e-08,-3.66722829e-09,2.28025325e-03,9.06697811e-11,6.722e-18,9.575e-18
2.2000,7.89709,-5.26473,0.002053,1.790983,-0.000864,1.790985,-0.0010736,0.0000011,0.0003687,-0.052428,-0.051689,-1.57262059e-05,-2.69699210e-07,-1.98779294e-08,-3.69220971e-09,-1.55063665e-05,-2.67647566e-07,-1.97417017e-08,-3.66821789e-09,2.33175626e-03,9.06888783e-11,1.946e-17,6.234e-19
2.2200,8.07698,-5.38465,0.002107,1.835390,-0.000881,1.835391,-0.0010943,0.0000011,0.0003751,-0.052430,-0.051680,-1.57237608e-05,-2.66431075e-07,-1.98177481e-08,-3.68820062e-09,-1.55005123e-05,-2.64384805e-07,-1.96809675e-08,-3.66407143e-09,2.38352789e-03,9.06907025e-11,2.461e-17,2.490e-17
2.2400,8.25887,-5.50591,0.002162,1.880450,-0.000899,1.880452,-0.0011151,0.0000011,0.0003816,-0.052602,-0.051839,-1.57704094e-05,-2.62422228e-07,-1.97627499e-08,-3.68677080e-09,-1.55434649e-05,-2.60381846e-07,-1.96253049e-08,-3.66249921e-09,2.43554943e-03,9.07052107e-11,1.290e-17,9.426e-18
2.2600,8.44276,-5.62850,0.002217,1.926166,-0.000917,1.926168,-0.0011359,0.0000012,0.0003880,-0.052932,-0.052156,-1.58652219e-05,-2.59958315e-07,-1.98568626e-08,-3.68682179e-09,-1.56343308e-05,-2.57913806e-07,-1.97181983e-08,-3.66240475e-09,2.48780220e-03,9.07608354e-11,1.095e-17,2.534e-18
2.2800,8.62863,-5.75242,0.002274,1.972540,-0.000935,1.972541,-0.0011567,0.0000012,0.0003944,-0.053409,-0.052619,-1.60064464e-05,-2.60367236e-07,-1.97577392e-08,-3.68136894e-09,-1.57713995e-05,-2.58304406e-07,-1.96187553e-08,-3.65683340e-09,2.54026746e-03,9.08836476e-11,1.534e-17,4.127e-18
2.3000,8.81647,-5.87765,0.002331,2.019573,-0.000953,2.019575,-0.0011775,0.0000012,0.0004008,-0.054026,-0.053221,-1.61915370e-05,-2.63247127e-07,-1.97257545e-08,-3.67632751e-09,-1.59521706e-05,-2.61156341e-07,-1.95860744e-08,-3.65167726e-09,2.59292637e-03,9.10952488e-11,1.236e-17,7.122e-18
2.3200,9.00627,-6.00418,0.002390,2.067267,-0.000971,2.067269,-0.0011984,0.0000012,0.0004072,-0.054779,-0.053960,-1.64171927e-05,-2.66714854e-07,-1.97902072e-08,-3.67418125e-09,-1.61733929e-05,-2.64597005e-07,-1.96495186e-08,-3.64940571e-09,2.64576004e-03,9.14102858e-11,1.008e-17,1.898e-17
2.3400,9.19802,-6.13201,0.002449,2.115623,-0.000990,2.115625,-0.0012192,0.0000013,0.0004135,-0.055661,-0.054826,-1.66794248e-05,-2.68529620e-07,-1.96649180e-08,-3.66786224e-09,-1.64311293e-05,-2.66395788e-07,-1.95240495e-08,-3.64297933e-09,2.69874934e-03,9.18358666e-11,5.313e-18,3.083e-17
2.3600,9.39170,-6.26113,0.002509,2.164643,-0.001008,2.164645,-0.0012400,0.0000013,0.0004199,-0.056662,-0.055812,-1.69736430e-05,-2.67422497e-07,-1.96614567e-08,-3.66064404e-09,-1.67208431e-05,-2.65287520e-07,-1.95197984e-08,-3.63566057e-09,2.75187504e-03,9.23721481e-11,7.698e-18,1.132e-17
2.3800,9.58730,-6.39153,0.002570,2.214328,-0.001026,2.214330,-0.0012607,0.0000013,0.0004262,-0.057762,-0.056897,-1.72947325e-05,-2.63835127e-07,-1.96952351e-08,-3.65723443e-09,-1.70374735e-05,-2.61709001e-07,-1.95527404e-08,-3.63213547e-09,2.80511789e-03,9.30119545e-11,1.214e-17,7.203e-18
2.4000,9.78480,-6.52320,0.002632,2.264680,-0.001044,2.264682,-0.0012815,0.0000013,0.0004325,-0.058936,-0.058056,-1.76371358e-05,-2.59647428e-07,-1.95607614e-08,-3.65096367e-09,-1.73755162e-05,-2.57529618e-07,-1.94181308e-08,-3.62576155e-09,2.85845858e-03,9.37402937e-11,2.120e-17,2.444e-17
2.4200,9.98419,-6.65613,0.002695,2.315698,-0.001063,2.315700,-0.0013022,0.0000014,0.0004387,-0.060157,-0.059263,-1.79949340e-05,-2.57059914e-07,-1.95803033e-08,-3.64190857e-09,-1.77291050e-05,-2.54939922e-07,-1.94368230e-08,-3.61661868e-09,2.91187796e-03,9.45357844e-11,1.572e-18,1.965e-17
2.4400,10.18546,-6.79031,0.002759,2.367385,-0.001081,2.367386,-0.0013228,0.0000014,0.0004449,-0.061400,-0.060492,-1.83619208e-05,-2.57289750e-07,-1.95729586e-08,-3.63610817e-09,-1.80920843e-05,-2.55153595e-07,-1.94288671e-08,-3.61071901e-09,2.96535693e-03,9.53730297e-11,3.090e-18,4.222e-18
2.4600,10.38859,-6.92573,0.002824,2.419740,-0.001100,2.419742,-0.0013433,0.0000014,0.0004511,-0.062644,-0.061723,-1.87316986e-05,-2.59863167e-07,-1.94351500e-08,-3.62881742e-09,-1.84581048e-05,-2.57701844e-07,-1.92909475e-08,-3.60333469e-09,3.01887643e-03,9.62239221e-11,1.079e-17,1.300e-17
2.4800,10.59356,-7.06237,0.002890,2.472764,-0.001118,2.472766,-0.0013638,0.0000015,0.0004573,-0.063874,-0.062942,-1.90977874e-05,-2.62910821e-07,-1.94668631e-08,-3.61792426e-09,-1.88207313e-05,-2.60725718e-07,-1.93217916e-08,-3.59236421e-09,3.07241736e-03,9.70586342e-11,2.103e-17,4.913e-18
2.5000,10.80036,-7.20024,0.002957,2.526459,-0.001137,2.526461,-0.0013842,0.0000015,0.0004634,-0.065075,-0.064133,-1.94537360e-05,-2.64280061e-07,-1.94195481e-08,-3.61004247e-09,-1.91735530e-05,-2.62082170e-07,-1.92740458e-08,-3.58439256e-09,3.12596062e-03,9.78480940e-11,2.293e-17,4.432e-18
2.5200,11.00898,-7.33932,0.003025,2.580823,-0.001156,2.580825,-0.0014045,0.0000015,0.0004695,-0.066230,-0.065278,-1.97932454e-05,-2.62811712e-07,-1.92957672e-08,-3.60273321e-09,-1.95103061e-05,-2.60615115e-07,-1.91500655e-08,-3.57698881e-09,3.17948698e-03,9.85669362e-11,2.927e-17,2.684e-17
2.5400,11.21939,-7.47959,0.003094,2.635858,-0.001174,2.635860,-0.0014246,0.0000015,0.0004755,-0.067317,-0.066358,-2.01102783e-05,-2.59017518e-07,-1.93376733e-08,-3.59176413e-09,-1.98249825e-05,-2.56831083e-07,-1.91910662e-08,-3.56594071e-09,3.23297734e-03,9.91948157e-11,5.638e-18,1.405e-17
2.5600,11.43158,-7.62105,0.003164,2.691563,-0.001193,2.691565,-0.0014447,0.0000016,0.0004815,-0.068310,-0.067344,-2.03991469e-05,-2.54763270e-07,-1.92574633e-08,-3.58261758e-09,-2.01119172e-05,-2.52585513e-07,-1.91105616e-08,-3.55670913e-09,3.28641273e-03,9.97169312e-11,1.588e-17,3.266e-18
2.5800,11.64553,-7.76369,0.003235,2.747939,-0.001211,2.747941,-0.0014646,0.0000016,0.0004874,-0.069184,-0.068213,-2.06545972e-05,-2.52160971e-07,-1.91546803e-08,-3.57490957e-09,-2.03658727e-05,-2.49981075e-07,-1.90074825e-08,-3.54891009e-09,3.33977431e-03,1.00125586e-10,1.605e-17,1.034e-17
2.6000,11.86123,-7.90748,0.003307,2.804985,-0.001230,2.804987,-0.0014843,0.0000016,0.0004933,-0.069920,-0.068945,-2.08718766e-05,-2.52319975e-07,-1.91910746e-08,-3.56334496e-09,-2.05821064e-05,-2.50124347e-07,-1.90430341e-08,-3.53727160e-09,3.39304351e-03,1.00421724e-10,1.409e-17,1.121e-17
2.6200,12.07865,-8.05243,0.003380,2.862700,-0.001248,2.862702,-0.0015039,0.0000017,0.0004991,-0.070505,-0.069528,-2.10467987e-05,-2.54699135e-07,-1.90777325e-08,-3.55209808e-09,-2.07564353e-05,-2.52479573e-07,-1.89295514e-08,-3.52595156e-09,3.44620185e-03,1.00614608e-10,1.301e-17,3.072e-17
2.6400,12.29779,-8.19852,0.003453,2.921085,-0.001267,2.921087,-0.0015233,0.0000017,0.0005048,-0.070932,-0.069955,-2.11758201e-05,-2.57443191e-07,-1.89974954e-08,-3.54322242e-09,-2.08853124e-05,-2.55201764e-07,-1.88489260e-08,-3.51699250e-09,3.49923090e-03,1.00720572e-10,1.952e-18,1.456e-17
2.6600,12.51861,-8.34574,0.003528,2.980139,-0.001285,2.980141,-0.0015426,0.0000017,0.0005106,-0.071201,-0.070225,-2.12561051e-05,-2.58486746e-07,-1.90206680e-08,-3.53166117e-09,-2.09658920e-05,-2.56234574e-07,-1.88713397e-08,-3.50535839e-09,3.55211232e-03,1.00762585e-10,1.475e-17,1.531e-18
2.6800,12.74111,-8.49407,0.003604,3.039860,-0.001304,3.039862,-0.0015616,0.0000018,0.0005162,-0.071306,-0.070332,-2.12855835e-05,-2.56774779e-07,-1.88887871e-08,-3.51964096e-09,-2.09960867e-05,-2.54525463e-07,-1.87393863e-08,-3.49326884e-09,3.60482780e-03,1.00769706e-10,2.992e-17,1.130e-17
2.7000,12.96526,-8.64351,0.003681,3.100248,-0.001322,3.100251,-0.0015805,0.0000018,0.0005218,-0.071243,-0.070273,-2.12629949e-05,-2.52880573e-07,-1.88388046e-08,-3.51050375e-09,-2.09746125e-05,-2.50642205e-07,-1.86888926e-08,-3.48405171e-09,3.65735916e-03,1.00774790e-10,2.380e-17,2.412e-18
2.7200,13.19105,-8.79403,0.003759,3.161303,-0.001341,3.161305,-0.0015991,0.0000018,0.0005273,-0.071003,-0.070038,-2.11878990e-05,-2.48651937e-07,-1.88439290e-08,-3.49959164e-09,-2.09009994e-05,-2.46422477e-07,-1.86933797e-08,-3.47306867e-09,3.70968851e-03,1.00811675e-10,2.038e-17,1.186e-17
2.7400,13.41845,-8.94564,0.003838,3.223021,-0.001359,3.223024,-0.0016175,0.0000019,0.0005328,-0.070580,-0.069621,-2.10606692e-05,-2.46110787e-07,-1.87012631e-08,-3.48678333e-09,-2.07755860e-05,-2.43879517e-07,-1.85507149e-08,-3.46020197e-09,3.76179820e-03,1.00913630e-10,1.664e-17,1.671e-17
2.7600,13.64745,-9.09830,0.003918,3.285403,-0.001377,3.285406,-0.0016356,0.0000019,0.0005382,-0.069975,-0.069024,-2.08824762e-05,-2.46260405e-07,-1.86728652e-08,-3.47617531e-09,-2.05995036e-05,-2.44014520e-07,-1.85217795e-08,-3.44953107e-09,3.81367089e-03,1.01112164e-10,1.128e-17,1.144e-17
2.7800,13.87803,-9.25202,0.003999,3.348447,-0.001395,3.348450,-0.0016535,0.0000019,0.0005435,-0.069198,-0.068254,-2.06552551e-05,-2.48497998e-07,-1.86473178e-08,-3.46470049e-09,-2.03746443e-05,-2.46230445e-07,-1.84958105e-08,-3.43799981e-09,3.86528947e-03,1.01434666e-10,1.995e-17,8.741e-18
2.8000,14.11016,-9.40678,0.004080,3.412151,-0.001413,3.412153,-0.0016712,0.0000020,0.0005488,-0.068262,-0.067327,-2.03816802e-05,-2.50984091e-07,-1.85001305e-08,-3.45079385e-09,-2.01036366e-05,-2.48697943e-07,-1.83486942e-08,-3.42405134e-09,3.91663692e-03,1.01901915e-10,1.499e-17,6.044e-18
2.8200,14.34383,-9.56255,0.004163,3.476512,-0.001431,3.476515,-0.0016885,0.0000020,0.0005539,-0.067187,-0.066261,-2.00651359e-05,-2.51738882e-07,-1.84891447e-08,-3.43883711e-09,-1.97898165e-05,-2.49445696e-07,-1.83371752e-08,-3.41204964e-09,3.96769640e-03,1.02527147e-10,1.258e-17,1.823e-17
2.8400,14.57901,-9.71934,0.004247,3.541530,-0.001449,3.541533,-0.0017056,0.0000020,0.0005591,-0.065989,-0.065073,-1.97096694e-05,-2.49808367e-07,-1.84352470e-08,-3.42748577e-09,-1.94371811e-05,-2.47521575e-07,-1.82830562e-08,-3.40065428e-09,4.01845118e-03,1.03315805e-10,1.423e-17,8.945e-18
2.8600,14.81569,-9.87713,0.004332,3.607201,-0.001467,3.607204,-0.0017224,0.0000021,0.0005641,-0.064681,-0.063775,-1.93199344e-05,-2.45820550e-07,-1.82979985e-08,-3.41363441e-09,-1.90503333e-05,-2.43547807e-07,-1.81458992e-08,-3.38677544e-09,4.06888473e-03,1.04264488e-10,1.670e-17,7.711e-18
2.8800,15.05384,-10.03589,0.004419,3.673524,-0.001485,3.673527,-0.0017388,0.0000021,0.0005691,-0.063276,-0.062380,-1.89011116e-05,-2.41601779e-07,-1.82988805e-08,-3.40066336e-09,-1.86344030e-05,-2.39340831e-07,-1.81463151e-08,-3.37378174e-09,4.11898089e-03,1.05360341e-10,1.626e-17,1.702e-17
2.9000,15.29344,-10.19563,0.004506,3.740496,-0.001502,3.740499,-0.0017550,0.0000021,0.0005740,-0.061786,-0.060899,-1.84588072e-05,-2.39085742e-07,-1.82138145e-08,-3.38866997e-09,-1.81949472e-05,-2.36826262e-07,-1.80612862e-08,-3.36176890e-09,4.16872383e-03,1.06582390e-10,2.307e-17,5.380e-18
2.9200,15.53447,-10.35631,0.004594,3.808114,-0.001520,3.808117,-0.0017708,0.0000022,0.0005788,-0.060227,-0.059350,-1.79989534e-05,-2.39172635e-07,-1.80866676e-08,-3.37384796e-09,-1.77378511e-05,-2.36902846e-07,-1.79343121e-08,-3.34694769e-09,4.21809805e-03,1.07903527e-10,1.282e-17,5.679e-18
2.9400,15.77691,-10.51794,0.004683,3.876376,-0.001537,3.876379,-0.0017862,0.0000022,0.0005835,-0.058624,-0.057755,-1.75277054e-05,-2.41204301e-07,-1.80832901e-08,-3.35869087e-09,-1.72692261e-05,-2.38918449e-07,-1.79306532e-08,-3.33180261e-09,4.26708835e-03,1.09291604e-10,1.214e-17,2.399e-18
2.9600,16.02073,-10.68049,0.004773,3.945278,-0.001554,3.945281,-0.0018013,0.0000022,0.0005882,-0.057002,-0.056142,-1.70513427e-05,-2.43361984e-07,-1.79661026e-08,-3.34508951e-09,-1.67953117e-05,-2.41064213e-07,-1.78137813e-08,-3.31821437e-09,4.31567971e-03,1.10710563e-10,2.025e-17,2.823e-17
2.9800,16.26592,-10.84395,0.004864,4.014816,-0.001571,4.014820,-0.0018160,0.0000023,0.0005928,-0.055390,-0.054538,-1.65761850e-05,-2.43750466e-07,-1.78545443e-08,-3.32948787e-09,-1.63223925e-05,-2.41452805e-07,-1.77024596e-08,-3.30264180e-09,4.36385724e-03,1.12122806e-10,1.466e-17,2.023e-17
3.0000,16.51245,-11.00830,0.004957,4.084989,-0.001588,4.084992,-0.0018303,0.0000023,0.0005973,-0.053813,-0.052967,-1.61085010e-05,-2.41514775e-07,-1.78426022e-08,-3.31302719e-09,-1.58567063e-05,-2.39230491e-07,-1.76904345e-08,-3.28622356e-09,4.41160625e-03,1.13491812e-10,2.036e-17,2.541e-17
3.0200,16.76030,-11.17353,0.005050,4.155792,-0.001605,4.155795,-0.0018443,0.0000023,0.0006017,-0.052288,-0.051448,-1.56544105e-05,-2.37334336e-07,-1.77035511e-08,-3.29836377e-09,-1.54043480e-05,-2.35070642e-07,-1.75519310e-08,-3.27160449e-09,4.45891233e-03,1.14783557e-10,5.421e-18,1.533e-17
3.0400,17.00944,-11.33963,0.005144,4.227221,-0.001621,4.227225,-0.0018578,0.0000024,0.0006061,-0.050830,-0.049995,-1.52197862e-05,-2.33011099e-07,-1.76107659e-08,-3.28217046e-09,-1.49711707e-05,-2.30765505e-07,-1.74594612e-08,-3.25547170e-09,4.50576137e-03,1.15967730e-10,6.722e-18,6.627e-18
3.0600,17.25986,-11.50657,0.005240,4.299273,-0.001637,4.299276,-0.0018709,0.0000024,0.0006104,-0.049451,-0.048619,-1.48101424e-05,-2.30393948e-07,-1.75789620e-08,-3.26397763e-09,-1.45626764e-05,-2.28156439e-07,-1.74278571e-08,-3.23735963e-09,4.55213970e-03,1.17020042e-10,1.475e-17,3.307e-18
3.0800,17.51152,-11.67435,0.005336,4.371943,-0.001653,4.371946,-0.0018836,0.0000025,0.0006146,-0.048164,-0.047336,-1.44305344e-05,-2.30285721e-07,-1.74181841e-08,-3.24689169e-09,-1.41839143e-05,-2.28045392e-07,-1.72678924e-08,-3.22036105e-09,4.59803397e-03,1.17924199e-10,8.240e-18,3.106e-17
3.1000,17.76441,-11.84294,0.005434,4.445227,-0.001669,4.445230,-0.0018958,0.0000025,0.0006187,-0.046989,-0.046162,-1.40854754e-05,-2.31978635e-07,-1.73360400e-08,-3.22879897e-09,-1.38393990e-05,-2.29730792e-07,-1.71862066e-08,-3.20236941e-09,4.64343110e-03,1.18672099e-10,5.204e-17,9.189e-18
3.1200,18.01850,-12.01233,0.005532,4.519120,-0.001685,4.519124,-0.0019076,0.0000025,0.0006227,-0.045944,-0.045118,-1.37788649e-05,-2.33680751e-07,-1.72746855e-08,-3.20842740e-09,-1.35330380e-05,-2.31430299e-07,-1.71253701e-08,-3.18211835e-09,4.68831823e-03,1.19263379e-10,2.038e-17,2.988e-17
3.1400,18.27377,-12.18251,0.005632,4.593619,-0.001700,4.593623,-0.0019189,0.0000026,0.0006267,-0.045046,-0.044220,-1.35139400e-05,-2.33582037e-07,-1.71013206e-08,-3.18902811e-09,-1.32680834e-05,-2.31341134e-07,-1.69530183e-08,-3.16284508e-09,4.73268260e-03,1.19705494e-10,1.403e-17,1.565e-17
3.1600,18.53019,-12.35346,0.005732,4.668718,-0.001716,4.668722,-0.0019297,0.0000026,0.0006306,-0.044307,-0.043480,-1.32932390e-05,-2.30923657e-07,-1.70310434e-08,-3.16968048e-09,-1.30470942e-05,-2.28705067e-07,-1.68833121e-08,-3.14363155e-09,4.77651163e-03,1.20013367e-10,1.080e-17,5.733e-18
3.1800,18.78774,-12.52516,0.005834,4.744412,-0.001731,4.744416,-0.0019401,0.0000026,0.0006344,-0.043730,-0.042902,-1.31185615e-05,-2.26434516e-07,-1.69414279e-08,-3.14811008e-09,-1.28718966e-05,-2.24244671e-07,-1.67945008e-08,-3.12221388e-09,4.81979303e-03,1.20207622e-10,3.057e-17,2.724e-18
3.2000,19.04640,-12.69760,0.005936,4.820695,-0.001745,4.820699,-0.0019499,0.0000027,0.0006381,-0.043313,-0.042482,-1.29909373e-05,-2.21890160e-07,-1.67648835e-08,-3.12667089e-09,-1.27435525e-05,-2.19726012e-07,-1.66191259e-08,-3.10093752e-09,4.86251479e-03,1.20312545e-10,4.120e-18,2.044e-17
3.2200,19.30614,-12.87076,0.006040,4.897563,-0.001760,4.897568,-0.0019592,0.0000027,0.0006417,-0.043050,-0.042216,-1.29106000e-05,-2.19056821e-07,-1.66980100e-08,-3.10540203e-09,-1.26623326e-05,-2.16908321e-07,-1.65529889e-08,-3.07984011e-09,4.90466527e-03,1.20355047e-10,1.153e-17,2.643e-18
3.2400,19.56693,-13.04462,0.006144,4.975010,-0.001774,4.975015,-0.0019680,0.0000028,0.0006453,-0.042937,-0.042099,-1.28769671e-05,-2.18646506e-07,-1.65730014e-08,-3.08171566e-09,-1.26276965e-05,-2.16503228e-07,-1.64291062e-08,-3.05634402e-09,4.94623318e-03,1.20363510e-10,1.343e-17,3.185e-18
3.2600,19.82875,-13.21917,0.006250,5.053031,-0.001788,5.053035,-0.0019763,0.0000028,0.0006487,-0.042972,-0.042131,-1.28886498e-05,-2.19906879e-07,-1.63939941e-08,-3.05731042e-09,-1.26383007e-05,-2.17764769e-07,-1.62514192e-08,-3.03214103e-09,4.98720741e-03,1.20365392e-10,1.030e-17,2.399e-18
3.2800,20.09157,-13.39438,0.006356,5.131618,-0.001802,5.131622,-0.0019840,0.0000028,0.0006521,-0.043154,-0.042308,-1.29434801e-05,-2.21076828e-07,-1.63213705e-08,-3.03356227e-09,-1.26920261e-05,-2.18941108e-07,-1.61797120e-08,-3.00859905e-09,5.02757703e-03,1.20384883e-10,3.578e-17,2.414e-17
3.3000,20.35538,-13.57025,0.006464,5.210767,-0.001815,5.210771,-0.0019912,0.0000029,0.0006555,-0.043478,-0.042629,-1.30385558e-05,-2.20432333e-07,-1.61649177e-08,-3.00822074e-09,-1.27860210e-05,-2.18314855e-07,-1.60246364e-08,-2.98347569e-09,5.06733118e-03,1.20441867e-10,2.342e-17,9.893e-19
3.3200,20.62014,-13.74676,0.006572,5.290470,-0.001828,5.290474,-0.0019978,0.0000029,0.0006587,-0.043934,-0.043082,-1.31703031e-05,-2.17306218e-07,-1.59941189e-08,-2.98194384e-09,-1.29167628e-05,-2.15218867e-07,-1.58552166e-08,-2.95742753e-09,5.10645911e-03,1.20551154e-10,2.912e-17,7.196e-18
3.3400,20.88583,-13.92389,0.006682,5.370721,-0.001841,5.370726,-0.0020039,0.0000030,0.0006618,-0.044507,-0.043651,-1.33345375e-05,-2.12473178e-07,-1.59143254e-08,-2.95655785e-09,-1.30801185e-05,-2.10421290e-07,-1.57764898e-08,-2.93227266e-09,5.14495030e-03,1.20721158e-10,2.364e-17,5.800e-18
3.3600,21.15242,-14.10161,0.006792,5.451515,-0.001854,5.451519,-0.0020093,0.0000030,0.0006649,-0.045173,-0.044315,-1.35265238e-05,-2.07680460e-07,-1.57326949e-08,-2.92998032e-09,-1.32714036e-05,-2.05660155e-07,-1.55964390e-08,-2.90593660e-09,5.18279449e-03,1.20953193e-10,1.713e-17,2.003e-17
3.3800,21.41989,-14.27993,0.006904,5.532843,-0.001866,5.532847,-0.0020142,0.0000030,0.0006679,-0.045910,-0.045050,-1.37410449e-05,-2.04611557e-07,-1.55708464e-08,-2.90165798e-09,-1.34854501e-05,-2.02612523e-07,-1.54360304e-08,-2.87786975e-09,5.21998171e-03,1.21242357e-10,3.361e-17,3.650e-17
3.4000,21.68821,-14.45881,0.007016,5.614698,-0.001878,5.614703,-0.0020184,0.0000031,0.0006708,-0.046696,-0.045836,-1.39724715e-05,-2.03892315e-07,-1.54721780e-08,-2.87372950e-09,-1.37166756e-05,-2.01904374e-07,-1.53386303e-08,-2.85020084e-09,5.25650228e-03,1.21578792e-10,1.686e-17,1.522e-17
3.4200,21.95735,-14.63823,0.007129,5.697075,-0.001889,5.697080,-0.0020221,0.0000031,0.0006737,-0.047514,-0.046654,-1.42148481e-05,-2.04730133e-07,-1.52661070e-08,-2.84508404e-09,-1.39591687e-05,-2.02749646e-07,-1.51343221e-08,-2.82182132e-09,5.29234665e-03,1.21948229e-10,1.465e-17,9.893e-19
3.4400,22.22729,-14.81820,0.007244,5.779964,-0.001901,5.779969,-0.0020251,0.0000032,0.0006764,-0.048349,-0.047490,-1.44619977e-05,-2.05395661e-07,-1.51123686e-08,-2.81467133e-09,-1.42067925e-05,-2.03427969e-07,-1.49820620e-08,-2.79168553e-09,5.32750533e-03,1.22332867e-10,8.497e-18,3.173e-17
3.4600,22.49801,-14.99867,0.007359,5.863360,-0.001912,5.863365,-0.0020275,0.0000032,0.0006791,-0.049185,-0.048329,-1.47076296e-05,-2.04250019e-07,-1.49926252e-08,-2.78475604e-09,-1.44532915e-05,-2.02306522e-07,-1.48637493e-08,-2.76204823e-09,5.36196891e-03,1.22713462e-10,3.751e-17,2.392e-17
3.4800,22.76947,-15.17965,0.007475,5.947253,-0.001922,5.947258,-0.0020292,0.0000032,0.0006817,-0.050002,-0.049151,-1.49454515e-05,-2.00712374e-07,-1.47748433e-08,-2.75503036e-09,-1.46924032e-05,-1.98804016e-07,-1.46478113e-08,-2.73260162e-09,5.39572798e-03,1.23071410e-10,6.679e-17,2.637e-17
3.5000,23.04165,-15.36110,0.007592,6.031636,-0.001932,6.031642,-0.0020303,0.0000033,0.0006843,-0.050777,-0.049932,-1.51692774e-05,-1.95596827e-07,-1.46334269e-08,-2.72368601e-09,-1.49179652e-05,-1.93727876e-07,-1.45078721e-08,-2.70154634e-09,5.42877330e-03,1.23389877e-10,2.369e-17,4.635e-18
3.5200,23.31452,-15.54301,0.007710,6.116502,-0.001942,6.116507,-0.0020308,0.0000033,0.0006867,-0.051484,-0.050646,-1.53731167e-05,-1.90619586e-07,-1.44914313e-08,-2.69228033e-09,-1.51240043e-05,-1.88785422e-07,-1.43674670e-08,-2.67043421e-09,5.46109586e-03,1.23655077e-10,8.755e-18,1.691e-17
3.5400,23.58806,-15.72537,0.007828,6.201841,-0.001952,6.201847,-0.0020305,0.0000034,0.0006891,-0.052098,-0.051269,-1.55512596e-05,-1.87380478e-07,-1.42666909e-08,-2.66107909e-09,-1.53048218e-05,-1.85570662e-07,-1.41446449e-08,-2.63952897e-09,5.49268688e-03,1.23858380e-10,3.014e-17,1.247e-17
3.5600,23.86223,-15.90815,0.007948,6.287646,-0.001961,6.287652,-0.0020296,0.0000034,0.0006914,-0.052600,-0.051781,-1.56983595e-05,-1.86421235e-07,-1.41291857e-08,-2.62811285e-09,-1.54550753e-05,-1.84625990e-07,-1.40086746e-08,-2.60686938e-09,5.52353776e-03,1.23997947e-10,5.356e-17,1.248e-17
3.5800,24.13702,-16.09134,0.008068,6.373909,-0.001969,6.373914,-0.0020281,0.0000034,0.0006937,-0.052974,-0.052168,-1.58095103e-05,-1.86912707e-07,-1.39587864e-08,-2.59456822e-09,-1.55698567e-05,-1.85128961e-07,-1.38400516e-08,-2.57363715e-09,5.55364005e-03,1.24078938e-10,1.648e-17,8.985e-18
3.6000,24.41239,-16.27493,0.008190,6.460619,-0.001978,6.460625,-0.0020258,0.0000035,0.0006958,-0.053213,-0.052420,-1.58803328e-05,-1.87157117e-07,-1.37320034e-08,-2.56162259e-09,-1.56447780e-05,-1.85390510e-07,-1.36152284e-08,-2.54100341e-09,5.58298526e-03,1.24113278e-10,9.758e-18,2.214e-17
3.6200,24.68831,-16.45888,0.008312,6.547769,-0.001986,6.547775,-0.0020228,0.0000035,0.0006979,-0.053308,-0.052531,-1.59070563e-05,-1.85597663e-07,-1.35965531e-08,-2.52762723e-09,-1.56760529e-05,-1.83859368e-07,-1.34813579e-08,-2.50732605e-09,5.61156489e-03,1.24119796e-10,2.277e-17,2.576e-17
3.6400,24.96477,-16.64318,0.008435,6.635350,-0.001993,6.635355,-0.0020192,0.0000036,0.0006999,-0.053251,-0.052491,-1.58865849e-05,-1.81735062e-07,-1.34039188e-08,-2.49303478e-09,-1.56605634e-05,-1.80035359e-07,-1.32906329e-08,-2.47305719e-09,5.63937049e-03,1.24123690e-10,5.117e-17,1.179e-17
3.6600,25.24173,-16.82782,0.008559,6.723352,-0.002000,6.723358,-0.0020148,0.0000036,0.0007019,-0.053031,-0.052289,-1.58165525e-05,-1.76415742e-07,-1.31851458e-08,-2.45915426e-09,-1.55959150e-05,-1.74758176e-07,-1.30738192e-08,-2.43950098e-09,5.66639366e-03,1.24154672e-10,1.518e-17,4.512e-17
3.6800,25.51916,-17.01278,0.008683,6.811766,-0.002007,6.811772,-0.0020097,0.0000037,0.0007038,-0.052638,-0.051915,-1.56953528e-05,-1.71321365e-07,-1.30477856e-08,-2.42442583e-09,-1.54804677e-05,-1.69700960e-07,-1.29381248e-08,-2.40510443e-09,5.69262622e-03,1.24245123e-10,8.348e-17,3.063e-17
3.7000,25.79704,-17.19803,0.008809,6.900583,-0.002013,6.900589,-0.0020039,0.0000037,0.0007056,-0.052062,-0.051359,-1.55221500e-05,-1.67968433e-07,-1.28325196e-08,-2.38844814e-09,-1.53133469e-05,-1.66375001e-07,-1.27249356e-08,-2.36946915e-09,5.71806019e-03,1.24429026e-10,7.698e-18,3.198e-18
3.7200,26.07534,-17.38356,0.008935,6.989794,-0.002019,6.989800,-0.0019973,0.0000037,0.0007074,-0.051302,-0.050621,-1.52968834e-05,-1.66815982e-07,-1.26194287e-08,-2.35266690e-09,-1.50944494e-05,-1.65240504e-07,-1.25138566e-08,-2.33403490e-09,5.74268773e-03,1.24740513e-10,5.074e-17,5.760e-18
3.7400,26.35404,-17.56936,0.009062,7.079388,-0.002025,7.079394,-0.0019900,0.0000038,0.0007091,-0.050363,-0.049705,-1.50202623e-05,-1.67001955e-07,-1.24693803e-08,-2.31631210e-09,-1.48244388e-05,-1.65442245e-07,-1.23656309e-08,-2.29803366e-09,5.76650110e-03,1.25211390e-10,2.472e-17,2.713e-17
3.7600,26.63309,-17.75539,0.009190,7.169356,-0.002030,7.169362,-0.0019820,0.0000038,0.0007107,-0.049257,-0.048621,-1.46937579e-05,-1.66861238e-07,-1.22335077e-08,-2.27873766e-09,-1.45047377e-05,-1.65323527e-07,-1.21319939e-08,-2.26082238e-09,5.78949253e-03,1.25868792e-10,4.342e-17,1.897e-17
3.7800,26.91248,-17.94166,0.009319,7.259688,-0.002034,7.259694,-0.0019733,0.0000039,0.0007123,-0.047995,-0.047383,-1.43195925e-05,-1.64916005e-07,-1.20295725e-08,-2.24141258e-09,-1.41375179e-05,-1.63411529e-07,-1.19301063e-08,-2.22386461e-09,5.81165417e-03,1.26733724e-10,7.286e-17,4.974e-18
3.8000,27.19218,-18.12812,0.009448,7.350374,-0.002038,7.350380,-0.0019637,0.0000039,0.0007138,-0.046589,-0.046001,-1.39007095e-05,-1.60744535e-07,-1.18664086e-08,-2.20413385e-09,-1.37256713e-05,-1.59283209e-07,-1.17689174e-08,-2.18695793e-09,5.83297821e-03,1.27819710e-10,8.674e-18,5.380e-18
3.8200,27.47217,-18.31478,0.009578,7.441403,-0.002042,7.441410,-0.0019535,0.0000040,0.0007153,-0.045049,-0.044484,-1.34407273e-05,-1.55220838e-07,-1.16186738e-08,-2.16567460e-09,-1.32727642e-05,-1.53805790e-07,-1.15235486e-08,-2.14888197e-09,5.85345691e-03,1.29131105e-10,4.055e-17,1.373e-17
3.8400,27.75240,-18.50160,0.009709,7.532766,-0.002045,7.532773,-0.0019425,0.0000040,0.0007167,-0.043382,-0.042842,-1.29438765e-05,-1.49989093e-07,-1.14235968e-08,-2.12687403e-09,-1.27829760e-05,-1.48615282e-07,-1.13305942e-08,-2.11047418e-09,5.87308270e-03,1.30662302e-10,2.299e-17,8.619e-18
3.8600,28.03286,-18.68857,0.009840,7.624451,-0.002048,7.624458,-0.0019307,0.0000040,0.0007181,-0.041601,-0.041084,-1.24149158e-05,-1.46484463e-07,-1.12395714e-08,-2.08792671e-09,-1.22610160e-05,-1.45142188e-07,-1.11487703e-08,-2.07192775e-09,5.89184823e-03,1.32398533e-10,8.348e-18,5.800e-18
3.8800,28.31351,-18.87567,0.009972,7.716449,-0.002050,7.716456,-0.0019181,0.0000041,0.0007194,-0.039722,-0.039228,-1.18590458e-05,-1.45087114e-07,-1.09788982e-08,-2.04753672e-09,-1.17120382e-05,-1.43768283e-07,-1.08906363e-08,-2.03195210e-09,5.90974627e-03,1.34316855e-10,1.588e-17,2.006e-18
3.9000,28.59434,-19.06289,0.010105,7.808749,-0.002052,7.808756,-0.0019048,0.0000041,0.0007207,-0.037766,-0.037295,-1.12818236e-05,-1.44905927e-07,-1.07844903e-08,-2.00631483e-09,-1.11415563e-05,-1.43609327e-07,-1.06984873e-08,-1.99115586e-09,5.92676965e-03,1.36386626e-10,2.136e-17,8.958e-18
3.9200,28.87530,-19.25020,0.010239,7.901339,-0.002053,7.901346,-0.0018907,0.0000042,0.0007219,-0.035759,-0.035310,-1.06890755e-05,-1.44311735e-07,-1.05747624e-08,-1.96518133e-09,-1.05553578e-05,-1.43044206e-07,-1.04912021e-08,-1.95045420e-09,5.94291120e-03,1.38570520e-10,1.843e-17,1.084e-18
3.9400,29.15638,-19.43758,0.010373,7.994210,-0.002054,7.994217,-0.0018759,0.0000042,0.0007231,-0.033726,-0.033298,-1.00868153e-05,-1.41904456e-07,-1.03077321e-08,-1.92309458e-09,-9.95942173e-06,-1.40677281e-07,-1.02268407e-08,-1.90880959e-09,5.95816366e-03,1.40826466e-10,1.214e-17,6.898e-18
3.9600,29.43754,-19.62502,0.010508,8.087349,-0.002054,8.087356,-0.0018603,0.0000043,0.0007242,-0.031689,-0.031281,-9.48115746e-06,-1.37336803e-07,-1.01140409e-08,-1.88012331e-09,-9.35983298e-06,-1.36159501e-07,-1.00355338e-08,-1.86629182e-09,5.97251979e-03,1.43109587e-10,1.171e-17,1.606e-17
3.9800,29.71875,-19.81250,0.010643,8.180746,-0.002054,8.180753,-0.0018438,0.0000043,0.0007253,-0.029665,-0.029277,-8.87821709e-06,-1.31508348e-07,-9.88098390e-09,-1.83722171e-09,-8.76268278e-06,-1.30383576e-07,-9.80514431e-09,-1.82385121e-09,5.98597248e-03,1.45373739e-10,1.182e-17,9.270e-18
4.0000,30.00000,-20.00000,0.010779,8.274390,-0.002054,8.274397,-0.0018267,0.0000043,0.0007264,-0.027669,-0.027300,-8.28400778e-06,-1.26024551e-07,-9.61160405e-09,-1.79333190e-09,-8.17396674e-06,-1.24947113e-07,-9.53856387e-09,-1.78043435e-09,5.99851475e-03,1.47573526e-10,1.258e-17,1.598e-17
4.0200,30.28125,-20.18750,0.010916,8.368269,-0.002053,8.368276,-0.0018087,0.0000044,0.0007274,-0.025717,-0.025365,-7.70433337e-06,-1.22242456e-07,-9.40979615e-09,-1.74793411e-09,-7.59947731e-06,-1.21202990e-07,-9.33932942e-09,-1.73552430e-09,6.01013985e-03,1.49667175e-10,3.383e-17,3.803e-17
4.0400,30.56246,-20.37498,0.011053,8.462372,-0.002051,8.462379,-0.0017900,0.0000044,0.0007284,-0.023826,-0.023491,-7.14468314e-06,-1.20469200e-07,-9.14797512e-09,-1.70211417e-09,-7.04469917e-06,-1.19460306e-07,-9.08043400e-09,-1.69020143e-09,6.02084119e-03,1.51618866e-10,3.730e-17,5.299e-18
4.0600,30.84362,-20.56242,0.011191,8.556687,-0.002049,8.556695,-0.0017704,0.0000045,0.0007294,-0.022016,-0.021696,-6.61014439e-06,-1.19789470e-07,-8.87380146e-09,-1.65541113e-09,-6.51472175e-06,-1.18810604e-07,-8.80919831e-09,-1.64400516e-09,6.03061221e-03,1.53399698e-10,6.440e-17,8.240e-18
4.0800,31.12470,-20.74980,0.011329,8.651203,-0.002046,8.651211,-0.0017501,0.0000045,0.0007303,-0.020309,-0.020003,-6.10532610e-06,-1.18613786e-07,-8.65688131e-09,-1.60725952e-09,-6.01416272e-06,-1.17672041e-07,-8.59504189e-09,-1.59637188e-09,6.03944637e-03,1.54988375e-10,1.702e-17,1.125e-18
4.1000,31.40566,-20.93711,0.011468,8.745908,-0.002043,8.745916,-0.0017291,0.0000046,0.0007312,-0.018723,-0.018430,-5.63429448e-06,-1.15620347e-07,-8.37056927e-09,-1.55878683e-09,-5.54710312e-06,-1.14726680e-07,-8.31184673e-09,-1.54842393e-09,6.04733708e-03,1.56372039e-10,2.190e-17,2.697e-17
4.1200,31.68649,-21.12433,0.011607,8.840790,-0.002040,8.840798,-0.0017072,0.0000046,0.0007321,-0.017269,-0.016989,-5.20051966e-06,-1.10533703e-07,-8.09731866e-09,-1.50986792e-09,-5.11703366e-06,-1.09696865e-07,-8.04161027e-09,-1.50003609e-09,6.05427776e-03,1.57546280e-10,3.036e-17,3.158e-18
4.1400,31.96714,-21.31143,0.011747,8.935838,-0.002036,8.935846,-0.0016846,0.0000047,0.0007330,-0.015956,-0.015687,-4.80682035e-06,-1.04277381e-07,-7.86405720e-09,-1.45954206e-09,-4.72679911e-06,-1.03499196e-07,-7.81127885e-09,-1.45025190e-09,6.06026199e-03,1.58514253e-10,6.418e-17,8.213e-18
4.1600,32.24760,-21.49840,0.011887,9.031039,-0.002031,9.031048,-0.0016612,0.0000047,0.0007338,-0.014784,-0.014526,-4.45531229e-06,-9.84185595e-08,-7.55690851e-09,-1.40842593e-09,-4.37854625e-06,-9.76933143e-08,-7.50740726e-09,-1.39968574e-09,6.06528354e-03,1.59285911e-10,5.117e-17,5.082e-18
4.1800,32.52783,-21.68522,0.012028,9.126382,-0.002026,9.126390,-0.0016370,0.0000047,0.0007346,-0.013754,-0.013506,-4.14736665e-06,-9.42386991e-08,-7.28114901e-09,-1.35661940e-09,-4.07368197e-06,-9.35569853e-08,-7.23475278e-09,-1.34843597e-09,6.06933637e-03,1.59877651e-10,3.188e-17,4.563e-17
4.2000,32.80782,-21.87188,0.012169,9.221854,-0.002020,9.221863,-0.0016120,0.0000048,0.0007355,-0.012867,-0.012629,-3.88357806e-06,-9.19780780e-08,-7.02238291e-09,-1.30322313e-09,-3.81284065e-06,-9.13327638e-08,-6.97910647e-09,-1.29560567e-09,6.07241469e-03,1.60311329e-10,6.614e-17,6.939e-18
4.2200,33.08752,-22.05834,0.012310,9.317443,-0.002014,9.317452,-0.0015863,0.0000048,0.0007363,-0.012125,-0.011897,-3.66375472e-06,-9.07021670e-08,-6.69423018e-09,-1.24875680e-09,-3.59587348e-06,-9.00929328e-08,-6.65435660e-09,-1.24171146e-09,6.07451274e-03,1.60612158e-10,1.279e-17,1.759e-17
4.2400,33.36691,-22.24461,0.012452,9.413138,-0.002008,9.413146,-0.0015598,0.0000049,0.0007370,-0.011532,-0.011313,-3.48693088e-06,-8.88635573e-08,-6.41375399e-09,-1.19386146e-09,-3.42185994e-06,-8.82973069e-08,-6.37703647e-09,-1.18739016e-09,6.07562478e-03,1.60806635e-10,2.917e-17,2.232e-17
4.2600,33.64596,-22.43064,0.012594,9.508925,-0.002000,9.508934,-0.0015325,0.0000049,0.0007378,-0.011084,-0.010875,-3.35139135e-06,-8.52189169e-08,-6.12994268e-09,-1.13790597e-09,-3.28913140e-06,-8.47058675e-08,-6.09646455e-09,-1.13201201e-09,6.07574511e-03,1.60921104e-10,3.036e-18,2.679e-17
4.2800,33.92466,-22.61644,0.012737,9.604792,-0.001993,9.604801,-0.0015045,0.0000050,0.0007386,-0.010775,-0.010575,-3.25470960e-06,-7.95614740e-08,-5.79017814e-09,-1.08099271e-09,-3.19530817e-06,-7.91092632e-08,-5.76012932e-09,-1.07567934e-09,6.07486808e-03,1.60980141e-10,2.732e-17,4.564e-17
4.3000,34.20296,-22.80197,0.012880,9.700728,-0.001985,9.700737,-0.0014757,0.0000050,0.0007394,-0.010590,-0.010400,-3.19379020e-06,-7.28357900e-08,-5.50671507e-09,-1.02369688e-09,-3.13734125e-06,-7.24451187e-08,-5.47982894e-09,-1.01896479e-09,6.07298822e-03,1.61004745e-10,3.795e-17,1.408e-17
4.3200,34.48084,-22.98722,0.013023,9.796719,-0.001976,9.796728,-0.0014462,0.0000051,0.0007401,-0.010513,-0.010333,-3.16491074e-06,-6.65705670e-08,-5.19782441e-09,-9.65371701e-10,-3.11155345e-06,-6.62349628e-08,-5.17427083e-09,-9.61223425e-10,6.07010033e-03,1.61011477e-10,3.177e-17,1.002e-17
4.3400,34.75827,-23.17218,0.013167,9.892753,-0.001967,9.892763,-0.0014159,0.0000051,0.0007409,-0.010524,-0.010355,-3.16377399e-06,-6.19733253e-08,-4.84801750e-09,-9.05676435e-10,-3.11369090e-06,-6.16831169e-08,-4.82790138e-09,-9.02115852e-10,6.06619946e-03,1.61012688e-10,2.884e-17,3.713e-18
4.3600,35.03523,-23.35682,0.013310,9.988818,-0.001957,9.988828,-0.0013849,0.0000051,0.0007416,-0.010606,-0.010449,-3.18557030e-06,-5.92213109e-08,-4.55412186e-09,-8.45300444e-10,-3.13898474e-06,-5.89694318e-08,-4.53719116e-09,-8.42327493e-10,6.06128094e-03,1.61016724e-10,3.946e-17,2.952e-17
4.3800,35.31169,-23.54112,0.013454,10.084901,-0.001947,10.084911,-0.0013532,0.0000052,0.0007424,-0.010745,-0.010601,-3.22505267e-06,-5.73648130e-08,-4.21751624e-09,-7.84114720e-10,-3.18222533e-06,-5.71509804e-08,-4.20398277e-09,-7.81727898e-10,6.05534023e-03,1.61027763e-10,3.502e-17,1.367e-17
4.4000,35.58761,-23.72508,0.013599,10.180990,-0.001937,10.180999,-0.0013207,0.0000052,0.0007431,-0.010927,-0.010796,-3.27663077e-06,-5.48988085e-08,-3.86130779e-09,-7.21788286e-10,-3.23785544e-06,-5.47295978e-08,-3.85115592e-09,-7.19986939e-10,6.04837284e-03,1.61046149e-10,2.992e-17,2.865e-17
4.4200,35.86298,-23.90866,0.013743,10.277071,-0.001926,10.277081,-0.0012875,0.0000053,0.0007439,-0.011137,-0.011021,-3.33447131e-06,-5.06565515e-08,-3.55732881e-09,-6.59057480e-10,-3.30006981e-06,-5.05413694e-08,-3.55032862e-09,-6.57837656e-10,6.04037444e-03,1.61069555e-10,3.318e-17,4.593e-17
4.4400,36.13777,-24.09185,0.013888,10.373133,-0.001914,10.373143,-0.0012536,0.0000053,0.0007447,-0.011354,-0.011253,-3.39259891e-06,-4.44958426e-08,-3.20054801e-09,-5.96008137e-10,-3.36291550e-06,-4.44412261e-08,-3.19692713e-09,-5.95364961e-10,6.03134082e-03,1.61094090e-10,6.527e-17,3.898e-17
4.4600,36.41194,-24.27463,0.014032,10.469162,-0.001902,10.469172,-0.0012189,0.0000054,0.0007455,-0.011554,-0.011471,-3.44499589e-06,-3.73773756e-08,-2.84495737e-09,-5.31948508e-10,-3.42039127e-06,-3.73830044e-08,-2.84461143e-09,-5.31880634e-10,6.02126804e-03,1.61115130e-10,7.373e-18,2.692e-17
4.4800,36.68548,-24.45699,0.014177,10.565147,-0.001889,10.565157,-0.0011836,0.0000054,0.0007462,-0.011714,-0.011648,-3.48569185e-06,-3.07895335e-08,-2.52890071e-09,-4.67208854e-10,-3.46653697e-06,-3.08483280e-08,-2.53167776e-09,-4.67714069e-10,6.01015254e-03,1.61128847e-10,2.515e-17,3.278e-17
4.5000,36.95835,-24.63890,0.014322,10.661073,-0.001876,10.661083,-0.0011475,0.0000054,0.0007470,-0.011808,-0.011762,-3.50884921e-06,-2.58666822e-08,-2.15286390e-09,-4.02007911e-10,-3.49551904e-06,-2.59688937e-08,-2.15900211e-09,-4.03082313e-10,5.99799112e-03,1.61134361e-10,4.879e-17,3.373e-17
4.5200,37.23053,-24.82035,0.014467,10.756930,-0.001863,10.756940,-0.0011108,0.0000055,0.0007479,-0.011817,-0.011793,-3.50885206e-06,-2.27247185e-08,-1.79537926e-09,-3.35709112e-10,-3.50171931e-06,-2.28635471e-08,-1.80470375e-09,-3.37350924e-10,5.98478093e-03,1.61135233e-10,9.433e-17,6.993e-18
4.5400,37.50199,-25.00133,0.014612,10.852703,-0.001849,10.852713,-0.0010734,0.0000055,0.0007487,-0.011728,-0.011725,-3.48039444e-06,-2.04011392e-08,-1.46173769e-09,-2.68657670e-10,-3.47982320e-06,-2.05765514e-08,-1.47416677e-09,-2.70863313e-10,5.97051938e-03,1.61140005e-10,1.973e-17,2.559e-17
4.5600,37.77271,-25.18180,0.014757,10.948381,-0.001834,10.948391,-0.0010353,0.0000056,0.0007495,-0.011527,-0.011548,-3.41857248e-06,-1.74328308e-08,-1.07077414e-09,-2.01474427e-10,-3.42491183e-06,-1.76513189e-08,-1.08650021e-09,-2.04236989e-10,5.95520408e-03,1.61162515e-10,2.320e-17,4.684e-17
4.5800,38.04265,-25.36177,0.014903,11.043951,-0.001819,11.043961,-0.0009966,0.0000056,0.0007504,-0.011205,-0.011250,-3.31897507e-06,-1.27256686e-08,-7.15327245e-10,-1.33710391e-10,-3.33255275e-06,-1.29961283e-08,-7.34110901e-10,-1.37024909e-10,5.93883286e-03,1.61222203e-10,2.082e-17,3.179e-17
4.6000,38.31179,-25.54119,0.015048,11.139399,-0.001804,11.139410,-0.0009572,0.0000057,0.0007512,-0.010748,-0.010818,-3.17776020e-06,-6.19743793e-09,-3.67507049e-10,-6.54060721e-11,-3.19887666e-06,-6.52565994e-09,-3.89343845e-10,-6.92684046e-11,5.92140387e-03,1.61343676e-10,6.267e-17,6.116e-17
4.6200,38.58011,-25.72007,0.015193,11.234715,-0.001788,11.234725,-0.0009171,0.0000057,0.0007521,-0.010141,-0.010238,-2.99171795e-06,1.18024008e-09,3.01606441e-11,2.97129120e-12,-3.02064079e-06,7.95193587e-10,5.12098749e-12,-1.43352073e-12,5.90291564e-03,1.61555515e-10,3.036e-17,1.424e-17
4.6400,38.84758,-25.89839,0.015338,11.329884,-0.001772,11.329895,-0.0008764,0.0000057,0.0007531,-0.009372,-0.009496,-2.75831651e-06,7.96215581e-09,3.83764076e-10,7.19514024e-11,-2.79527571e-06,7.52754898e-09,3.55764737e-10,6.70068222e-11,5.88336721e-03,1.61889325e-10,2.450e-17,1.710e-17
4.6600,39.11417,-26.07611,0.015483,11.424894,-0.001755,11.424905,-0.0008351,0.0000058,0.0007540,-0.008431,-0.008583,-2.47573127e-06,1.30864129e-08,7.49267747e-10,1.41790063e-10,-2.52091514e-06,1.26116661e-08,7.18221283e-10,1.36306935e-10,5.86275817e-03,1.62379125e-10,3.036e-18,3.579e-17
4.6800,39.37986,-26.25324,0.015628,11.519734,-0.001738,11.519745,-0.0007932,0.0000058,0.0007549,-0.007314,-0.007493,-2.14286815e-06,1.64967656e-08,1.15382617e-09,2.11957103e-10,-2.19642003e-06,1.59880354e-08,1.11964195e-09,2.05938958e-10,5.84108853e-03,1.63059961e-10,3.838e-17,9.080e-19
4.7000,39.64462,-26.42975,0.015773,11.614390,-0.001721,11.614401,-0.0007507,0.0000059,0.0007559,-0.006022,-0.006231,-1.75938156e-06,1.91668378e-08,1.51053783e-09,2.82569355e-10,-1.82139719e-06,1.86235653e-08,1.47345619e-09,2.76019876e-10,5.81835875e-03,1.63965623e-10,1.843e-17,2.683e-18
4.7200,39.90843,-26.60562,0.015918,11.708850,-0.001703,11.708861,-0.0007075,0.0000059,0.0007569,-0.004563,-0.004800,-1.32568486e-06,2.25177850e-08,1.89347617e-09,3.53796311e-10,-1.39621042e-06,2.19332376e-08,1.85336198e-09,3.46718391e-10,5.79456963e-03,1.65126476e-10,1.540e-17,2.969e-17
4.7400,40.17125,-26.78083,0.016062,11.803101,-0.001684,11.803113,-0.0006638,0.0000060,0.0007580,-0.002943,-0.003209,-8.42954966e-07,2.75746331e-08,2.29830676e-09,4.25112256e-10,-9.21985756e-07,2.69400979e-08,2.25515311e-09,4.17510205e-10,5.76972235e-03,1.66567604e-10,4.554e-18,2.575e-17
4.7600,40.43307,-26.95538,0.016207,11.897132,-0.001665,11.897144,-0.0006195,0.0000060,0.0007591,-0.001170,-0.001464,-3.13120281e-07,3.43640686e-08,2.65611148e-09,4.96526918e-10,-4.00600315e-07,3.36741689e-08,2.61012611e-09,4.88404478e-10,5.74381855e-03,1.68306828e-10,4.077e-17,1.380e-17
4.7800,40.69386,-27.12924,0.016351,11.990930,-0.001646,11.990941,-0.0005747,0.0000060,0.0007602,0.000751,0.000429,2.61171564e-07,4.19071286e-08,3.05210179e-09,5.68502224e-10,1.65349104e-07,4.11630961e-08,3.00309955e-09,5.59860266e-10,5.71686045e-03,1.70352835e-10,3.361e-17,2.450e-17
4.8000,40.95360,-27.30240,0.016495,12.084482,-0.001626,12.084494,-0.0005293,0.0000061,0.0007613,0.002814,0.002465,8.76600867e-07,4.88037555e-08,3.45473269e-09,6.40888246e-10,7.72592161e-07,4.80127455e-08,3.40275953e-09,6.31727167e-10,5.68885088e-03,1.72704342e-10,4.619e-17,3.108e-17
4.8200,41.21226,-27.47484,0.016639,12.177777,-0.001606,12.177789,-0.0004834,0.0000061,0.0007625,0.005009,0.004632,1.52923900e-06,5.40628089e-08,3.81970168e-09,7.13613091e-10,1.41724716e-06,5.32336852e-08,3.76489562e-09,7.03933790e-10,5.65979338e-03,1.75350340e-10,2.147e-17,3.156e-17
4.8400,41.46981,-27.64654,0.016783,12.270803,-0.001586,12.270814,-0.0004370,0.0000062,0.0007637,0.007320,0.006917,2.21461866e-06,5.76841974e-08,4.23134083e-09,7.87046556e-10,2.09489047e-06,5.68223214e-08,4.17349663e-09,7.76848831e-10,5.62969207e-03,1.78270327e-10,2.364e-17,5.895e-18
4.8600,41.72623,-27.81749,0.016926,12.363546,-0.001565,12.363558,-0.0003900,0.0000062,0.0007649,0.009728,0.009300,2.92780307e-06,6.06502581e-08,4.63374720e-09,8.60999715e-10,2.80062514e-06,5.97543933e-08,4.57297866e-09,8.50284104e-10,5.59855164e-03,1.81434291e-10,1.366e-17,5.543e-18
4.8800,41.98150,-27.98767,0.017069,12.455996,-0.001544,12.456008,-0.0003426,0.0000062,0.0007662,0.012209,0.011757,3.66345908e-06,6.43388690e-08,5.00884836e-09,9.35058560e-10,3.52915340e-06,6.34020102e-08,4.94524147e-09,9.23827779e-10,5.56637728e-03,1.84803345e-10,5.421e-18,2.879e-17
4.9000,42.23559,-28.15706,0.017212,12.548141,-0.001523,12.548153,-0.0002946,0.0000063,0.0007675,0.014742,0.014267,4.41593304e-06,6.97074946e-08,5.43072592e-09,1.00944682e-09,4.27485215e-06,6.87211059e-08,5.36409831e-09,9.97702631e-10,5.53317467e-03,1.88331082e-10,2.277e-17,1.294e-17
4.9200,42.48848,-28.32565,0.017354,12.639967,-0.001501,12.639980,-0.0002462,0.0000063,0.0007688,0.017306,0.016809,5.17933263e-06,7.67305406e-08,5.82862628e-09,1.08423991e-09,5.03185432e-06,7.56896687e-08,5.75914042e-09,1.07198272e-09,5.49895013e-03,1.91964959e-10,8.240e-18,1.029e-17
4.9400,42.74014,-28.49343,0.017497,12.731465,-0.001478,12.731477,-0.0001974,0.0000064,0.0007702,0.019884,0.019367,5.94762218e-06,8.44233567e-08,6.21346918e-09,1.15917342e-09,5.79414369e-06,8.33295658e-08,6.14113359e-09,1.14640434e-09,5.46371064e-03,1.95647961e-10,2.841e-17,2.841e-17
4.9600,42.99056,-28.66037,0.017638,12.822622,-0.001456,12.822634,-0.0001481,0.0000064,0.0007716,0.022461,0.021925,6.71472477e-06,9.14309016e-08,6.64304414e-09,1.23457611e-09,6.55565653e-06,9.02913216e-08,6.56769595e-09,1.22129494e-09,5.42746394e-03,1.99321139e-10,4.575e-17,2.346e-17
4.9800,43.23970,-28.82647,0.017780,12.913426,-0.001433,12.913439,-0.0000984,0.0000064,0.0007731,0.025018,0.024466,7.47462620e-06,9.68299338e-08,7.04062209e-09,1.31073934e-09,7.31038534e-06,9.56530195e-08,6.96243921e-09,1.29694464e-09,5.39021856e-03,2.02926708e-10,4.575e-17,4.003e-17
5.0000,43.48755,-28.99170,0.017921,13.003866,-0.001410,13.003879,-0.0000482,0.0000065,0.0007746,0.027537,0.026968,8.22147770e-06,1.00671457e-07,7.44126332e-09,1.38729472e-09,8.05248135e-06,9.94619970e-08,7.36018962e-09,1.37298739e-09,5.35198374e-03,2.06410582e-10,1.691e-17,3.216e-17
5.0200,43.73408,-29.15605,0.018061,13.093931,-0.001386,13.093944,0.0000023,0.0000065,0.0007762,0.029995,0.029411,8.94968666e-06,1.03942511e-07,7.87867682e-09,1.46422970e-09,8.77634550e-06,1.02698869e-07,7.79461197e-09,1.44941184e-09,5.31276935e-03,2.09724010e-10,4.012e-17,1.252e-17
5.0400,43.97927,-29.31951,0.018201,13.183609,-0.001362,13.183622,0.0000533,0.0000065,0.0007778,0.032369,0.031772,9.65399699e-06,1.07975834e-07,8.27749511e-09,1.54171554e-09,9.47670898e-06,1.06691039e-07,8.19064049e-09,1.52638891e-09,5.27258585e-03,2.12825036e-10,1.084e-17,1.933e-17
5.0600,44.22309,-29.48206,0.018341,13.272889,-0.001338,13.272902,0.0001045,0.0000066,0.0007794,0.034640,0.034031,1.03295639e-05,1.13661175e-07,8.69151469e-09,1.61935411e-09,1.01487084e-05,1.12327181e-07,8.60177817e-09,1.60352228e-09,5.23144431e-03,2.15679892e-10,6.288e-18,1.462e-17
5.0800,44.46553,-29.64369,0.018480,13.361759,-0.001314,13.361772,0.0001562,0.0000066,0.0007811,0.036793,0.036174,1.09720220e-05,1.20922844e-07,9.12982253e-09,1.69710738e-09,1.07879547e-05,1.19535420e-07,9.03717231e-09,1.68077414e-09,5.18935646e-03,2.18263613e-10,2.082e-17,1.487e-17
5.1000,44.70656,-29.80437,0.018618,13.450209,-0.001289,13.450223,0.0002082,0.0000067,0.0007828,0.038819,0.038191,1.15775539e-05,1.28771587e-07,9.52910862e-09,1.77538269e-09,1.13906009e-05,1.27332923e-07,9.43372753e-09,1.75854996e-09,5.14633480e-03,2.20560181e-10,3.838e-17,3.361e-18
5.1200,44.94616,-29.96411,0.018757,13.538228,-0.001264,13.538241,0.0002605,0.0000067,0.0007846,0.040712,0.040075,1.21429560e-05,1.35895871e-07,9.95618127e-09,1.85406440e-09,1.19534101e-05,1.34413376e-07,9.85793385e-09,1.83673469e-09,5.10239262e-03,2.22562915e-10,1.084e-17,5.909e-18
5.1400,45.18431,-30.12287,0.018894,13.625805,-0.001239,13.625818,0.0003131,0.0000067,0.0007864,0.042466,0.041821,1.26656952e-05,1.41437164e-07,1.03959422e-08,1.93307768e-09,1.24738110e-05,1.39919209e-07,1.02948560e-08,1.91525465e-09,5.05754403e-03,2.24274749e-10,1.041e-17,2.847e-17
5.1600,45.42099,-30.28066,0.019031,13.712929,-0.001214,13.712942,0.0003660,0.0000068,0.0007883,0.044074,0.043421,1.31439521e-05,1.45492510e-07,1.08016811e-08,2.01269904e-09,1.29499429e-05,1.43943665e-07,1.06979116e-08,1.99438637e-09,5.01180386e-03,2.25707550e-10,7.373e-18,3.746e-17
5.1800,45.65617,-30.43745,0.019167,13.799589,-0.001188,13.799602,0.0004192,0.0000068,0.0007902,0.045529,0.044870,1.35766477e-05,1.49049308e-07,1.12426148e-08,2.09270207e-09,1.33806828e-05,1.47467895e-07,1.11360280e-08,2.07390529e-09,4.96518763e-03,2.26880470e-10,3.036e-17,1.199e-17
5.2000,45.88984,-30.59322,0.019303,13.885775,-0.001162,13.885788,0.0004727,0.0000068,0.0007922,0.046826,0.046161,1.39634489e-05,1.53393693e-07,1.16811764e-08,2.17274669e-09,1.37656519e-05,1.51773111e-07,1.15718808e-08,2.15347352e-09,4.91771144e-03,2.27818141e-10,1.193e-17,1.292e-17
5.2200,46.12197,-30.74798,0.019438,13.971476,-0.001136,13.971490,0.0005264,0.0000069,0.0007942,0.047964,0.047293,1.43047628e-05,1.59348316e-07,1.20915996e-08,2.25296903e-09,1.41052106e-05,1.57681300e-07,1.19797241e-08,2.23322713e-09,4.86939201e-03,2.28548973e-10,1.735e-18,2.575e-17
5.2400,46.35255,-30.90170,0.019572,14.056683,-0.001110,14.056697,0.0005803,0.0000069,0.0007962,0.048946,0.048269,1.46017219e-05,1.66789402e-07,1.25392775e-08,2.33334626e-09,1.44004451e-05,1.65072676e-07,1.24247025e-08,2.31314310e-09,4.82024673e-03,2.29103145e-10,2.190e-17,1.111e-17
5.2600,46.58155,-31.05436,0.019706,14.141384,-0.001083,14.141398,0.0006344,0.0000069,0.0007983,0.049782,0.049100,1.48561622e-05,1.74725079e-07,1.29720664e-08,2.41371573e-09,1.46531457e-05,1.72961636e-07,1.28549467e-08,2.39305930e-09,4.77029374e-03,2.29510613e-10,6.072e-18,1.247e-17
5.2800,46.80895,-31.20597,0.019839,14.225571,-0.001057,14.225585,0.0006888,0.0000070,0.0008005,0.050486,0.049798,1.50705977e-05,1.81886590e-07,1.33881019e-08,2.49429820e-09,1.48657823e-05,1.80084265e-07,1.32685080e-08,2.47319607e-09,4.71955194e-03,2.29799990e-10,2.884e-17,3.564e-18
5.3000,47.03474,-31.35649,0.019972,14.309232,-0.001030,14.309246,0.0007433,0.0000070,0.0008027,0.051070,0.050375,1.52481854e-05,1.87477558e-07,1.38416298e-08,2.57521455e-09,1.50414699e-05,1.85644767e-07,1.37194626e-08,2.55367422e-09,4.66804103e-03,2.29997981e-10,3.057e-17,5.085e-17
5.3200,47.25889,-31.50593,0.020103,14.392358,-0.001003,14.392373,0.0007979,0.0000070,0.0008049,0.051547,0.050845,1.53926752e-05,1.91637785e-07,1.42709788e-08,2.65620597e-09,1.51839194e-05,1.89778986e-07,1.41464306e-08,2.63423674e-09,4.61578137e-03,2.30128554e-10,1.301e-18,1.220e-18
5.3400,47.48139,-31.65426,0.020234,14.474940,-0.000976,14.474954,0.0008528,0.0000071,0.0008072,0.051927,0.051218,1.55083464e-05,1.95352004e-07,1.46946305e-08,2.73717422e-09,1.52973746e-05,1.93465566e-07,1.45677351e-08,2.71478686e-09,4.56279395e-03,2.30211976e-10,1.713e-17,2.397e-17
5.3600,47.70221,-31.80148,0.020364,14.556968,-0.000948,14.556982,0.0009077,0.0000071,0.0008095,0.052223,0.051507,1.55999283e-05,1.99859678e-07,1.51489174e-08,2.81811421e-09,1.53865341e-05,1.97939398e-07,1.50196330e-08,2.79531977e-09,4.50910031e-03,2.30264380e-10,2.168e-19,2.761e-17
5.3800,47.92135,-31.94757,0.020493,14.638432,-0.000921,14.638447,0.0009628,0.0000071,0.0008119,0.052450,0.051724,1.56725119e-05,2.05918841e-07,1.55704116e-08,2.89875396e-09,1.54564631e-05,2.03958196e-07,1.54389582e-08,2.87556429e-09,4.45472255e-03,2.30297909e-10,2.494e-17,6.099e-19
5.4000,48.13877,-32.09252,0.020622,14.719324,-0.000893,14.719338,0.0010179,0.0000072,0.0008143,0.052626,0.051890,1.57314613e-05,2.13360897e-07,1.59962464e-08,2.97899845e-09,1.55125053e-05,2.11357448e-07,1.58626158e-08,2.95542554e-09,4.39968337e-03,2.30320955e-10,3.665e-17,3.385e-17
5.4200,48.35447,-32.23631,0.020750,14.799633,-0.000866,14.799648,0.0010731,0.0000072,0.0008167,0.052773,0.052027,1.57823242e-05,2.21194744e-07,1.64440786e-08,3.05907317e-09,1.55601942e-05,2.19152112e-07,1.63082704e-08,3.03512749e-09,4.34400614e-03,2.30338674e-10,2.645e-17,1.639e-17
5.4400,48.56842,-32.37895,0.020876,14.879352,-0.000838,14.879367,0.0011284,0.0000072,0.0008192,0.052914,0.052157,1.58307469e-05,2.28195564e-07,1.68572483e-08,3.13894745e-09,1.56051673e-05,2.26121794e-07,1.67194652e-08,3.11463909e-09,4.28771492e-03,2.30354345e-10,2.992e-17,4.720e-17
5.4600,48.78061,-32.52041,0.021002,14.958471,-0.000810,14.958486,0.0011838,0.0000073,0.0008218,0.053072,0.052302,1.58823890e-05,2.33627829e-07,1.72858745e-08,3.21849570e-09,1.56530821e-05,2.31531155e-07,1.71460644e-08,3.19383562e-09,4.23083444e-03,2.30371146e-10,1.800e-17,1.739e-17
5.4800,48.99102,-32.66068,0.021127,15.036981,-0.000782,15.036996,0.0012392,0.0000073,0.0008243,0.053264,0.052481,1.59428339e-05,2.37672468e-07,1.77264281e-08,3.29783253e-09,1.57095252e-05,2.35556997e-07,1.75846415e-08,3.27283147e-09,4.17339002e-03,2.30393373e-10,1.887e-17,1.315e-18
5.5000,49.19964,-32.79976,0.021251,15.114875,-0.000754,15.114890,0.0012945,0.0000073,0.0008269,0.053506,0.052708,1.60174947e-05,2.41310495e-07,1.81327889e-08,3.37679755e-09,1.57799197e-05,2.39174383e-07,1.79892145e-08,3.35146691e-09,4.11540749e-03,2.30427144e-10,4.207e-17,8.836e-18
5.5200,49.40644,-32.93763,0.021375,15.192143,-0.000726,15.192158,0.0013499,0.0000074,0.0008296,0.053811,0.052997,1.61115192e-05,2.45735768e-07,1.85603265e-08,3.45504351e-09,1.58694286e-05,2.43572926e-07,1.84149021e-08,3.42939604e-09,4.05691314e-03,2.30481139e-10,2.190e-17,2.465e-17
5.5400,49.61141,-33.07427,0.021497,15.268778,-0.000698,15.268793,0.0014053,0.0000074,0.0008323,0.054192,0.053363,1.62296946e-05,2.51645677e-07,1.89863836e-08,3.53261339e-09,1.59828608e-05,2.49449983e-07,1.88392144e-08,3.50666095e-09,3.99793367e-03,2.30567211e-10,1.453e-17,1.014e-17
5.5600,49.81454,-33.20969,0.021618,15.344771,-0.000670,15.344786,0.0014606,0.0000074,0.0008350,0.054666,0.053820,1.63763647e-05,2.58831398e-07,1.93815878e-08,3.60952320e-09,1.61245869e-05,2.56600876e-07,1.92328226e-08,3.58327641e-09,3.93849631e-03,2.30700453e-10,1.214e-17,2.370e-17
5.5800,50.01581,-33.34387,0.021739,15.420114,-0.000642,15.420130,0.0015158,0.0000075,0.0008377,0.055248,0.054385,1.65553595e-05,2.66306402e-07,1.98020553e-08,3.68561433e-09,1.62984686e-05,2.64044897e-07,1.96516128e-08,3.65908350e-09,3.87862881e-03,2.30898950e-10,1.366e-17,4.188e-18
5.6000,50.21520,-33.47680,0.021858,15.494801,-0.000614,15.494816,0.0015710,0.0000075,0.0008405,0.055954,0.055073,1.67699366e-05,2.72891964e-07,2.02109918e-08,3.76105476e-09,1.65077995e-05,2.70607334e-07,2.00589997e-08,3.73424888e-09,3.81835947e-03,2.31183763e-10,2.450e-17,7.847e-18
5.6200,50.41270,-33.60847,0.021977,15.568823,-0.000586,15.568838,0.0016261,0.0000075,0.0008433,0.056795,0.055896,1.70227356e-05,2.77912758e-07,2.05975919e-08,3.83595456e-09,1.67552586e-05,2.75612681e-07,2.04441407e-08,3.80888177e-09,3.75771711e-03,2.31578817e-10,1.561e-17,1.004e-17
5.6400,50.60830,-33.73887,0.022094,15.642172,-0.000558,15.642188,0.0016811,0.0000076,0.0008462,0.057777,0.056859,1.73157378e-05,2.81589481e-07,2.10106759e-08,3.91006709e-09,1.70428694e-05,2.79277379e-07,2.08556890e-08,3.88273644e-09,3.69673099e-03,2.32109937e-10,1.301e-17,6.844e-18
5.6600,50.80198,-33.86799,0.022211,15.714843,-0.000530,15.714858,0.0017360,0.0000076,0.0008490,0.058900,0.057964,1.76502299e-05,2.84899145e-07,2.14022801e-08,3.98331311e-09,1.73719631e-05,2.82572649e-07,2.12459164e-08,3.95573385e-09,3.63543071e-03,2.32803185e-10,2.060e-17,2.925e-17
5.6800,50.99373,-33.99582,0.022326,15.786827,-0.000502,15.786843,0.0017907,0.0000076,0.0008519,0.060163,0.059209,1.80267755e-05,2.88991234e-07,2.17790051e-08,4.05567220e-09,1.77431489e-05,2.86644069e-07,2.16213146e-08,4.02785315e-09,3.57384619e-03,2.33683253e-10,2.233e-17,7.996e-18
5.7000,51.18353,-34.12235,0.022441,15.858118,-0.000474,15.858133,0.0018453,0.0000076,0.0008549,0.061563,0.060592,1.84451958e-05,2.94506100e-07,2.21777369e-08,4.12691050e-09,1.81562947e-05,2.92132250e-07,2.20186675e-08,4.09886039e-09,3.51200761e-03,2.34771851e-10,9.324e-18,1.058e-17
5.7200,51.37137,-34.24758,0.022554,15.928709,-0.000446,15.928724,0.0018997,0.0000077,0.0008578,0.063098,0.062109,1.89045660e-05,3.01199208e-07,2.25471337e-08,4.19701341e-09,1.86105224e-05,2.98796865e-07,2.23868503e-08,4.16873995e-09,3.44994547e-03,2.36085869e-10,1.691e-17,3.484e-17
5.7400,51.55724,-34.37150,0.022667,15.998593,-0.000418,15.998609,0.0019540,0.0000077,0.0008608,0.064765,0.063760,1.94032307e-05,3.08091528e-07,2.29113136e-08,4.26616358e-09,1.91042220e-05,3.05664496e-07,2.27498065e-08,4.23767277e-09,3.38769063e-03,2.37635773e-10,1.171e-17,2.052e-17
5.7600,51.74113,-34.49409,0.022778,16.067765,-0.000390,16.067781,0.0020080,0.0000077,0.0008638,0.066561,0.065540,1.99388343e-05,3.14051659e-07,2.32929655e-08,4.33435256e-09,1.96350817e-05,3.11607383e-07,2.31301972e-08,4.30564964e-09,3.32527431e-03,2.39424793e-10,9.975e-18,3.109e-17
5.7800,51.92302,-34.61535,0.022888,16.136218,-0.000362,16.136234,0.0020618,0.0000077,0.0008668,0.068477,0.067440,2.05083644e-05,3.18463182e-07,2.36428862e-08,4.40155771e-09,2.02001302e-05,3.16008627e-07,2.34790065e-08,4.37264787e-09,3.26272802e-03,2.41448609e-10,1.605e-17,9.487e-20
5.8000,52.10291,-34.73527,0.022997,16.203946,-0.000335,16.203963,0.0021154,0.0000078,0.0008698,0.070500,0.069449,2.11082025e-05,3.21584160e-07,2.39971809e-08,4.46783744e-09,2.07957865e-05,3.19121971e-07,2.38321405e-08,4.43872581e-09,3.20008352e-03,2.43694911e-10,1.518e-17,1.117e-17
5.8200,52.28077,-34.85385,0.023105,16.270944,-0.000307,16.270961,0.0021687,0.0000078,0.0008729,0.072612,0.071548,2.17341780e-05,3.24386199e-07,2.43607164e-08,4.53306096e-09,2.14179139e-05,3.21913448e-07,2.41945208e-08,4.50375301e-09,3.13737267e-03,2.46142985e-10,1.887e-17,1.346e-17
5.8400,52.45661,-34.97107,0.023212,16.337206,-0.000279,16.337222,0.0022218,0.0000078,0.0008760,0.074795,0.073719,2.23816259e-05,3.27974668e-07,2.46907562e-08,4.59702677e-09,2.20618766e-05,3.25484897e-07,2.45235478e-08,4.56752858e-09,3.07462747e-03,2.48763935e-10,2.212e-17,1.289e-17
5.8600,52.63040,-35.08694,0.023318,16.402726,-0.000252,16.402743,0.0022745,0.0000078,0.0008790,0.077028,0.075942,2.30454532e-05,3.32934861e-07,2.50309689e-08,4.65973690e-09,2.27226059e-05,3.30422181e-07,2.48626777e-08,4.63005405e-09,3.01187993e-03,2.51521482e-10,1.344e-17,1.354e-17
5.8800,52.80215,-35.20143,0.023423,16.467500,-0.000225,16.467516,0.0023270,0.0000079,0.0008821,0.079295,0.078200,2.37202133e-05,3.38989496e-07,2.53706898e-08,4.72123781e-09,2.33946747e-05,3.36452314e-07,2.52013565e-08,4.69137475e-09,2.94916217e-03,2.54372906e-10,2.494e-17,9.080e-19
5.9000,52.97184,-35.31456,0.023526,16.531522,-0.000198,16.531538,0.0023792,0.0000079,0.0008853,0.081579,0.080476,2.44001938e-05,3.45168577e-07,2.56798884e-08,4.78150614e-09,2.40723837e-05,3.42610729e-07,2.55096178e-08,4.75146687e-09,2.88650641e-03,2.57270500e-10,2.472e-17,5.922e-18
5.9200,53.13945,-35.42630,0.023628,16.594787,-0.000171,16.594804,0.0024311,0.0000079,0.0008884,0.083864,0.082755,2.50795121e-05,3.50387114e-07,2.60054349e-08,4.84065617e-09,2.47498580e-05,3.47815765e-07,2.58341338e-08,4.81044422e-09,2.82394497e-03,2.60163846e-10,1.214e-17,1.060e-17
5.9400,53.30499,-35.53666,0.023730,16.657291,-0.000144,16.657308,0.0024826,0.0000079,0.0008915,0.086132,0.085018,2.57522142e-05,3.54085269e-07,2.63228146e-08,4.89880446e-09,2.54211448e-05,3.51506857e-07,2.61505522e-08,4.86842304e-09,2.76151020e-03,2.63002370e-10,8.890e-18,6.302e-18
5.9600,53.46845,-35.64563,0.023830,16.719030,-0.000117,16.719046,0.0025338,0.0000080,0.0008947,0.088361,0.087244,2.64123714e-05,3.56554273e-07,2.66155603e-08,4.95581677e-09,2.60803105e-05,3.53970914e-07,2.64424106e-08,4.92527017e-09,2.69923441e-03,2.65737451e-10,1.258e-17,1.621e-17
5.9800,53.62981,-35.75320,0.023929,16.779998,-0.000091,16.780015,0.0025846,0.0000080,0.0008978,0.090529,0.089410,2.70541711e-05,3.58757466e-07,2.69263676e-08,5.01158009e-09,2.67215313e-05,3.56165959e-07,2.67522519e-08,4.98087369e-09,2.63714980e-03,2.68324165e-10,1.496e-17,3.795e-19
6.0000,53.78906,-35.85938,0.024026,16.840193,-0.000064,16.840210,0.0026350,0.0000080,0.0009010,0.092613,0.091494,2.76719993e-05,3.61755363e-07,2.72195288e-08,5.06609185e-09,2.73391770e-05,3.59149362e-07,2.70445584e-08,5.03523110e-09,2.57528836e-03,2.70723046e-10,2.407e-17,7.291e-18
6.0200,53.94621,-35.96414,0.024123,16.899610,-0.000038,16.899627,0.0026850,0.0000080,0.0009042,0.094593,0.093475,2.82605224e-05,3.66078761e-07,2.74935898e-08,5.11921314e-09,2.79278917e-05,3.63452806e-07,2.73178119e-08,5.08820388e-09,2.51368187e-03,2.72901712e-10,1.995e-17,4.811e-18
6.0400,54.10124,-36.06749,0.024218,16.958246,-0.000012,16.958263,0.0027347,0.0000081,0.0009074,0.096454,0.095337,2.88147650e-05,3.71419041e-07,2.77842060e-08,5.17090964e-09,2.84826733e-05,3.68772039e-07,2.76075596e-08,5.13975772e-09,2.45236193e-03,2.74835909e-10,1.149e-17,9.175e-18
6.0600,54.25415,-36.16943,0.024312,17.016096,0.000013,17.016113,0.0027839,0.0000081,0.0009105,0.098183,0.097069,2.93301890e-05,3.76815803e-07,2.80510149e-08,5.22136572e-09,2.89989521e-05,3.74151917e-07,2.78736247e-08,5.19007606e-09,2.39135991e-03,2.76510247e-10,1.583e-17,1.855e-17
6.0800,54.40493,-36.26995,0.024405,17.073159,0.000039,17.073176,0.0028327,0.0000081,0.0009137,0.099770,0.098660,2.98027699e-05,3.81228572e-07,2.83076618e-08,5.27060487e-09,2.94726679e-05,3.78554989e-07,2.81295341e-08,5.23918259e-09,2.33070702e-03,2.77918967e-10,1.084e-17,2.832e-18
6.1000,54.55358,-36.36905,0.024496,17.129430,0.000064,17.129447,0.0028810,0.0000081,0.0009169,0.101205,0.100100,3.02290647e-05,3.84150428e-07,2.85786590e-08,5.31858047e-09,2.99003387e-05,3.81473386e-07,2.83997589e-08,5.28703160e-09,2.27043417e-03,2.79066261e-10,2.060e-17,8.226e-18
6.1200,54.70008,-36.46672,0.024587,17.184907,0.000089,17.184924,0.0029289,0.0000081,0.0009201,0.102478,0.101378,3.06062665e-05,3.85901839e-07,2.88221314e-08,5.36534360e-09,3.02791155e-05,3.83223263e-07,2.86425986e-08,5.33367484e-09,2.21057194e-03,2.79965613e-10,2.244e-17,1.952e-18
6.1400,54.84445,-36.56296,0.024676,17.239587,0.000114,17.239604,0.0029763,0.0000082,0.0009233,0.103578,0.102484,3.09322446e-05,3.87434361e-07,2.90625005e-08,5.41075981e-09,3.06068238e-05,3.84751110e-07,2.88823275e-08,5.37897908e-09,2.15115047e-03,2.80638481e-10,1.561e-17,1.580e-17
6.1600,54.98666,-36.65777,0.024764,17.293467,0.000139,17.293485,0.0030232,0.0000082,0.0009264,0.104497,0.103409,3.12055683e-05,3.89762687e-07,2.93102111e-08,5.45462975e-09,3.08819877e-05,3.87068832e-07,2.91294129e-08,5.42274615e-09,2.09219942e-03,2.81112839e-10,1.366e-17,1.278e-17
6.1800,55.12672,-36.75115,0.024850,17.346546,0.000163,17.346564,0.0030697,0.0000082,0.0009296,0.105231,0.104150,3.14255191e-05,3.93363964e-07,2.95272013e-08,5.49696138e-09,3.11038433e-05,3.90654728e-07,2.93459249e-08,5.46498401e-09,2.03374795e-03,2.81421533e-10,2.927e-17,1.256e-17
6.2000,55.26463,-36.84309,0.024936,17.398821,0.000187,17.398839,0.0031156,0.0000082,0.0009327,0.105781,0.104706,3.15920964e-05,3.97899490e-07,2.97468604e-08,5.53775786e-09,3.12723450e-05,3.95174493e-07,2.95650810e-08,5.50569564e-09,1.97582471e-03,2.81600234e-10,2.342e-17,1.166e-18
6.2200,55.40038,-36.93359,0.025020,17.450291,0.000211,17.450309,0.0031610,0.0000082,0.0009359,0.106152,0.105084,3.17060154e-05,4.02419297e-07,2.99670377e-08,5.57699465e-09,3.13881644e-05,3.99683196e-07,2.97848021e-08,5.54485653e-09,1.91845784e-03,2.81685394e-10,1.409e-17,1.221e-17
6.2400,55.53397,-37.02265,0.025102,17.500953,0.000235,17.500971,0.0032059,0.0000083,0.0009390,0.106353,0.105291,3.17686985e-05,4.05926121e-07,3.01583100e-08,5.61477192e-09,3.14526820e-05,4.03186275e-07,2.99757459e-08,5.58256682e-09,1.86167499e-03,2.81712642e-10,1.800e-17,4.066e-19
6.2600,55.66540,-37.11027,0.025184,17.550806,0.000258,17.550824,0.0032503,0.0000083,0.0009421,0.106392,0.105336,3.17822561e-05,4.07962911e-07,3.03581206e-08,5.65111656e-09,3.14679686e-05,4.05225493e-07,3.01751926e-08,5.61885387e-09,1.80550323e-03,2.81715331e-10,6.180e-18,5.828e-18
6.2800,55.79467,-37.19644,0.025264,17.599849,0.000281,17.599867,0.0032941,0.0000083,0.0009452,0.106279,0.105228,3.17494513e-05,4.08876392e-07,3.05511102e-08,5.68589428e-09,3.14367514e-05,4.06143248e-07,3.03679064e-08,5.65358453e-09,1.74996898e-03,2.81722868e-10,3.036e-18,2.711e-20
6.3000,55.92177,-37.28118,0.025343,17.648081,0.000304,17.648099,0.0033374,0.0000083,0.0009483,0.106020,0.104974,3.16736500e-05,4.09604182e-07,3.07175024e-08,5.71898957e-09,3.13623638e-05,4.06872306e-07,3.05341415e-08,5.68664434e-09,1.69509795e-03,2.81759226e-10,7.806e-18,1.318e-17
6.3200,56.04670,-37.36447,0.025420,17.695501,0.000326,17.695519,0.0033801,0.0000083,0.0009514,0.105626,0.104584,3.15587575e-05,4.11115224e-07,3.08935183e-08,5.75030907e-09,3.12486836e-05,4.08379129e-07,3.07099788e-08,5.71794035e-09,1.64091509e-03,2.81842130e-10,3.209e-17,1.327e-17
6.3400,56.16947,-37.44631,0.025497,17.742108,0.000349,17.742126,0.0034223,0.0000083,0.0009545,0.105110,0.104072,3.14091454e-05,4.13835324e-07,3.10537627e-08,5.77973210e-09,3.11000598e-05,4.11090875e-07,3.08701686e-08,5.74735197e-09,1.58744456e-03,2.81982726e-10,8.782e-18,3.015e-18
6.3600,56.29008,-37.52672,0.025572,17.787901,0.000371,17.787919,0.0034638,0.0000084,0.0009575,0.104490,0.103454,3.12295759e-05,4.17398288e-07,3.11913126e-08,5.80722604e-09,3.09212375e-05,4.14645720e-07,3.10077542e-08,5.77484630e-09,1.53470976e-03,2.82185429e-10,2.201e-17,7.732e-18
6.3800,56.40852,-37.60568,0.025645,17.832881,0.000392,17.832900,0.0035048,0.0000084,0.0009605,0.103786,0.102752,3.10251253e-05,4.20866478e-07,3.13388397e-08,5.83287059e-09,3.07172815e-05,4.18110800e-07,3.11552978e-08,5.80050234e-09,1.48273332e-03,2.82448225e-10,1.615e-17,6.471e-18
6.4000,56.52480,-37.68320,0.025718,17.877048,0.000413,17.877066,0.0035452,0.0000084,0.0009635,0.103019,0.101986,3.08011044e-05,4.23286086e-07,3.14651408e-08,5.85669334e-09,3.04934972e-05,4.20534665e-07,3.12817499e-08,5.82434736e-09,1.43153709e-03,2.82763671e-10,1.475e-17,7.501e-18
6.4200,56.63892,-37.75928,0.025789,17.920401,0.000434,17.920419,0.0035849,0.0000084,0.0009664,0.102209,0.101176,3.05629786e-05,4.24248609e-07,3.15754423e-08,5.87863771e-09,3.02553498e-05,4.21507368e-07,3.13922590e-08,5.84632526e-09,1.38114209e-03,2.83120171e-10,8.782e-18,1.251e-17
6.4400,56.75088,-37.83392,0.025859,17.962941,0.000455,17.962960,0.0036241,0.0000084,0.0009694,0.101374,0.100340,3.03162791e-05,4.24125286e-07,3.16938175e-08,5.89866030e-09,3.00083766e-05,4.21395802e-07,3.15108436e-08,5.86639304e-09,1.33156846e-03,2.83503095e-10,7.481e-18,5.428e-18
6.4600,56.86069,-37.90713,0.025927,18.004669,0.000475,18.004688,0.0036626,0.0000084,0.0009723,0.100529,0.099493,3.00665091e-05,4.23839616e-07,3.17854681e-08,5.91664537e-09,2.97580926e-05,4.21118805e-07,3.16028546e-08,5.88443531e-09,1.28283537e-03,2.83895964e-10,8.565e-18,7.081e-18
6.4800,56.96835,-37.97890,0.025994,18.045586,0.000495,18.045604,0.0037005,0.0000084,0.0009751,0.099689,0.098650,2.98190474e-05,4.24316234e-07,3.18656855e-08,5.93240426e-09,2.95098942e-05,4.21598798e-07,3.16834694e-08,5.90026381e-09,1.23496104e-03,2.84281981e-10,2.082e-17,1.108e-17
6.5000,57.07386,-38.04924,0.026060,18.085691,0.000515,18.085710,0.0037378,0.0000085,0.0009780,0.098871,0.097829,2.95790538e-05,4.25933093e-07,3.19484380e-08,5.94588855e-09,2.92689639e-05,4.23215256e-07,3.17666459e-08,5.91382956e-09,1.18796271e-03,2.84645521e-10,1.117e-17,1.427e-17
6.5200,57.17723,-38.11815,0.026125,18.124988,0.000534,18.125007,0.0037745,0.0000085,0.0009808,0.098091,0.097046,2.93513814e-05,4.28300590e-07,3.20010634e-08,5.95712610e-09,2.90401827e-05,4.25582882e-07,3.18198378e-08,5.92515933e-09,1.14185661e-03,2.84973198e-10,5.855e-18,2.148e-18
6.5400,57.27846,-38.18564,0.026188,18.163477,0.000553,18.163496,0.0038105,0.0000085,0.0009835,0.097369,0.096319,2.91405006e-05,4.30496107e-07,3.20481342e-08,5.96609547e-09,2.88280533e-05,4.27783565e-07,3.18674767e-08,5.93423106e-09,1.09665803e-03,2.85254710e-10,2.819e-17,7.325e-18
6.5600,57.37756,-38.25171,0.026250,18.201160,0.000572,18.201179,0.0038458,0.0000085,0.0009863,0.096722,0.095667,2.89504309e-05,4.31610669e-07,3.20932545e-08,5.97285701e-09,2.86366311e-05,4.28910344e-07,3.19132039e-08,5.94110443e-09,1.05238129e-03,2.85483691e-10,8.782e-18,4.879e-18
6.5800,57.47453,-38.31636,0.026310,18.238039,0.000590,18.238058,0.0038805,0.0000085,0.0009890,0.096161,0.095102,2.87846813e-05,4.31283687e-07,3.21087392e-08,5.97745366e-09,2.84694645e-05,4.28600966e-07,3.19294180e-08,5.94582202e-09,1.00903970e-03,2.85658187e-10,8.457e-18,2.731e-18
6.6000,57.56939,-38.37959,0.026370,18.274116,0.000608,18.274135,0.0039145,0.0000085,0.0009916,0.095697,0.094632,2.86461957e-05,4.29910027e-07,3.21235006e-08,5.97975661e-09,2.83295387e-05,4.27245947e-07,3.19448935e-08,5.94825548e-09,9.66645504e-04,2.85780474e-10,2.819e-18,5.062e-18
6.6200,57.66213,-38.44142,0.026428,18.309393,0.000626,18.309412,0.0039479,0.0000085,0.0009942,0.095333,0.094264,2.85373008e-05,4.28399468e-07,3.21294718e-08,5.97965787e-09,2.82192238e-05,4.25750613e-07,3.19516467e-08,5.94829698e-09,9.25209871e-04,2.85856553e-10,5.313e-18,1.517e-17
6.6400,57.75277,-38.50185,0.026484,18.343874,0.000643,18.343893,0.0039806,0.0000085,0.0009968,0.095072,0.093998,2.84596623e-05,4.27634392e-07,3.21060895e-08,5.97710245e-09,2.81402300e-05,4.24995410e-07,3.19291531e-08,5.94589116e-09,8.84742851e-04,2.85895661e-10,1.637e-17,2.101e-19
6.6600,57.84132,-38.56088,0.026540,18.377561,0.000660,18.377580,0.0040127,0.0000086,0.0009994,0.094917,0.093839,2.84142514e-05,4.27948349e-07,3.20837708e-08,5.97199043e-09,2.80935735e-05,4.25315576e-07,3.19076992e-08,5.94093757e-09,8.45253388e-04,2.85909543e-10,4.337e-18,3.253e-18
6.6800,57.92778,-38.61852,0.026594,18.410457,0.000677,18.410476,0.0040440,0.0000086,0.0010018,0.094870,0.093788,2.84013261e-05,4.28932275e-07,3.20459988e-08,5.96433255e-09,2.80795567e-05,4.26306307e-07,3.18708723e-08,5.93344601e-09,8.06749331e-04,2.85911276e-10,7.806e-18,1.488e-17
6.7000,58.01216,-38.67477,0.026647,18.442565,0.000693,18.442584,0.0040747,0.0000086,0.0010043,0.094932,0.093847,2.84204295e-05,4.29681031e-07,3.19826990e-08,5.95424062e-09,2.80977661e-05,4.27066727e-07,3.18085861e-08,5.92352716e-09,7.69237459e-04,2.85914015e-10,8.240e-18,1.071e-18
6.7200,58.09448,-38.72965,0.026699,18.473889,0.000709,18.473908,0.0041047,0.0000086,0.0010067,0.095102,0.094015,2.84704028e-05,4.29331018e-07,3.19228536e-08,5.94174854e-09,2.81470839e-05,4.26734961e-07,3.17497186e-08,5.91121444e-09,7.32723466e-04,2.85929994e-10,1.605e-17,2.406e-18
6.7400,58.17473,-38.78316,0.026749,18.504433,0.000724,18.504452,0.0041341,0.0000086,0.0010090,0.095376,0.094287,2.85494084e-05,4.27568572e-07,3.18431801e-08,5.92685936e-09,2.82257110e-05,4.24995507e-07,3.16711117e-08,5.89651086e-09,6.97211951e-04,2.85969573e-10,9.975e-18,4.865e-18
6.7600,58.25295,-38.83530,0.026798,18.534201,0.000739,18.534220,0.0041627,0.0000086,0.0010113,0.095743,0.094654,2.86549618e-05,4.24810672e-07,3.17429830e-08,5.90956342e-09,2.83311978e-05,4.22261049e-07,3.15720236e-08,5.87940699e-09,6.62706388e-04,2.86040182e-10,1.041e-17,1.626e-19
6.7800,58.32913,-38.88609,0.026846,18.563197,0.000754,18.563216,0.0041907,0.0000086,0.0010136,0.096189,0.095101,2.87839680e-05,4.21952752e-07,3.16451513e-08,5.88976432e-09,2.84604802e-05,4.19422817e-07,3.14752804e-08,5.85980671e-09,6.29209102e-04,2.86145568e-10,3.578e-18,4.710e-18
6.8000,58.40329,-38.93553,0.026892,18.591426,0.000768,18.591445,0.0042180,0.0000086,0.0010158,0.096700,0.095614,2.89327643e-05,4.19836105e-07,3.15221440e-08,5.86736798e-09,2.86099224e-05,4.17320471e-07,3.13534648e-08,5.83761601e-09,5.96721259e-04,2.86285663e-10,3.469e-18,4.432e-18
6.8200,58.47544,-38.98363,0.026938,18.618892,0.000782,18.618911,0.0042446,0.0000086,0.0010180,0.097261,0.096178,2.90971742e-05,4.18752119e-07,3.13828229e-08,5.84237057e-09,2.87753693e-05,4.16247274e-07,3.12153539e-08,5.81283062e-09,5.65242889e-04,2.86456759e-10,1.301e-17,2.880e-18
6.8400,58.54560,-39.03040,0.026982,18.645601,0.000796,18.645620,0.0042706,0.0000087,0.0010201,0.097856,0.096779,2.92725713e-05,4.18274565e-07,3.12433507e-08,5.81482110e-09,2.89522115e-05,4.15781232e-07,3.10770821e-08,5.78549879e-09,5.34772898e-04,2.86651746e-10,8.674e-18,4.743e-19
6.8600,58.61377,-39.07585,0.027025,18.671557,0.000810,18.671576,0.0042958,0.0000087,0.0010222,0.098473,0.097402,2.94539565e-05,4.17516993e-07,3.10767294e-08,5.78478878e-09,2.91354608e-05,4.15039956e-07,3.09117566e-08,5.75568921e-09,5.05309098e-04,2.86860679e-10,9.649e-18,3.151e-18
6.8800,58.67998,-39.11999,0.027067,18.696766,0.000823,18.696785,0.0043204,0.0000087,0.0010242,0.099096,0.098032,2.96360439e-05,4.15659926e-07,3.09002646e-08,5.75235813e-09,2.93198367e-05,4.13205445e-07,3.07365772e-08,5.72348631e-09,4.76848212e-04,2.87071827e-10,1.193e-17,4.337e-19
6.9000,58.74424,-39.16283,0.027107,18.721233,0.000835,18.721253,0.0043443,0.0000087,0.0010262,0.099707,0.098652,2.98133504e-05,4.12434433e-07,3.07212630e-08,5.71758151e-09,2.94998553e-05,4.10006812e-07,3.05588698e-08,5.68894268e-09,4.49385869e-04,2.87272884e-10,6.072e-18,5.197e-18
6.9200,58.80657,-39.20438,0.027146,18.744966,0.000847,18.744985,0.0043675,0.0000087,0.0010281,0.100286,0.099242,2.99802850e-05,4.08276460e-07,3.05147349e-08,5.68041633e-09,2.96699191e-05,4.05875802e-07,3.03537316e-08,5.65201648e-09,4.22916592e-04,2.87452099e-10,1.962e-17,1.164e-17
6.9400,58.86698,-39.24465,0.027185,18.767969,0.000859,18.767989,0.0043901,0.0000087,0.0010300,0.100811,0.099779,3.01312349e-05,4.04065051e-07,3.03025059e-08,5.64078204e-09,2.98244034e-05,4.01687532e-07,3.01428790e-08,5.61262799e-09,3.97433795e-04,2.87599570e-10,4.337e-18,3.202e-18
6.9600,58.92548,-39.28365,0.027221,18.790250,0.000871,18.790270,0.0044119,0.0000087,0.0010318,0.101261,0.100242,3.02606495e-05,4.00600167e-07,3.00823335e-08,5.59864744e-09,2.99577399e-05,3.98240638e-07,2.99241248e-08,5.57074628e-09,3.72929787e-04,2.87708844e-10,8.348e-18,6.278e-18
6.9800,58.98211,-39.32140,0.027257,18.811815,0.000882,18.811835,0.0044331,0.0000087,0.0010335,0.101616,0.100611,3.03631229e-05,3.98131792e-07,2.98346197e-08,5.55399476e-09,3.00645006e-05,3.95787167e-07,2.96779197e-08,5.52635357e-09,3.49395803e-04,2.87778356e-10,5.855e-18,1.642e-17
7.0000,59.03687,-39.35791,0.027292,18.832671,0.000893,18.832690,0.0044537,0.0000087,0.0010353,0.101860,0.100871,3.04334790e-05,3.96217451e-07,2.95844963e-08,5.50685152e-09,3.01394822e-05,3.93888853e-07,2.94292846e-08,5.47947733e-09,3.26822032e-04,2.87812349e-10,8.674e-18,3.778e-18
7.0200,59.08978,-39.39319,0.027325,18.852825,0.000904,18.852844,0.0044736,0.0000087,0.0010369,0.101980,0.101008,3.04668564e-05,3.93989071e-07,2.93223884e-08,5.45733966e-09,3.01777923e-05,3.91681486e-07,2.91687247e-08,5.43023923e-09,3.05197646e-04,2.87821468e-10,3.849e-18,8.077e-18
7.0400,59.14087,-39.42724,0.027358,18.872284,0.000914,18.872304,0.0044928,0.0000087,0.0010386,0.101963,0.101008,3.04587912e-05,3.90669234e-07,2.90363730e-08,5.40553714e-09,3.01749320e-05,3.88388895e-07,2.88843297e-08,5.37871750e-09,2.84510824e-04,2.87823131e-10,1.198e-17,4.432e-18
7.0600,59.19015,-39.46010,0.027389,18.891057,0.000924,18.891076,0.0045114,0.0000087,0.0010401,0.101797,0.100860,3.04052937e-05,3.86029806e-07,2.87510803e-08,5.35144069e-09,3.01268734e-05,3.83780882e-07,2.86006420e-08,5.32490977e-09,2.64748761e-04,2.87841402e-10,5.204e-18,9.656e-19
7.0800,59.23764,-39.49176,0.027419,18.909151,0.000933,18.909170,0.0045293,0.0000087,0.0010417,0.101468,0.100550,3.03029115e-05,3.80522422e-07,2.84496454e-08,5.29504787e-09,3.00301238e-05,3.78304982e-07,2.83009006e-08,5.26881450e-09,2.45897672e-04,2.87906279e-10,2.006e-18,5.861e-19
7.1000,59.28338,-39.52225,0.027448,18.926574,0.000942,18.926593,0.0045466,0.0000087,0.0010431,0.100963,0.100065,3.01487818e-05,3.75006968e-07,2.81273166e-08,5.23629044e-09,2.98817784e-05,3.72817413e-07,2.79803348e-08,5.21036442e-09,2.27942813e-04,2.88052746e-10,4.554e-18,5.319e-19
7.1200,59.32737,-39.55158,0.027476,18.943335,0.000951,18.943354,0.0045632,0.0000088,0.0010445,0.100273,0.099395,2.99406703e-05,3.70241227e-07,2.78050815e-08,5.17507080e-09,2.96795602e-05,3.68074914e-07,2.76598693e-08,5.14946267e-09,2.10868500e-04,2.88319811e-10,7.427e-18,5.082e-19
7.1400,59.36965,-39.57976,0.027503,18.959442,0.000960,18.959461,0.0045792,0.0000088,0.0010459,0.099392,0.098534,2.96770008e-05,3.66434403e-07,2.74619233e-08,5.11139884e-09,2.94218497e-05,3.64288901e-07,2.73185909e-08,5.08611921e-09,1.94658146e-04,2.88749187e-10,4.716e-18,4.879e-18
7.1600,59.41023,-39.60682,0.027528,18.974904,0.000968,18.974923,0.0045946,0.0000088,0.0010473,0.098317,0.097480,2.93568777e-05,3.63128254e-07,2.71017957e-08,5.04532368e-09,2.91077096e-05,3.61005274e-07,2.69603967e-08,5.02038310e-09,1.79294310e-04,2.89383413e-10,1.464e-18,1.260e-18
7.1800,59.44914,-39.63276,0.027553,18.989731,0.000976,18.989750,0.0046094,0.0000088,0.0010485,0.097052,0.096235,2.89801032e-05,3.59472746e-07,2.67412382e-08,4.97688899e-09,2.87369011e-05,3.57377635e-07,2.66017912e-08,4.95229810e-09,1.64758729e-04,2.90263749e-10,5.475e-18,2.439e-18
7.2000,59.48640,-39.65760,0.027577,19.003931,0.000983,19.003951,0.0046236,0.0000088,0.0010498,0.095600,0.094803,2.85471841e-05,3.54730523e-07,2.63580508e-08,4.90617441e-09,2.83098920e-05,3.52669627e-07,2.62206718e-08,4.88194411e-09,1.51032360e-04,2.91428134e-10,3.469e-18,3.740e-18
7.2200,59.52204,-39.68136,0.027599,19.017515,0.000990,19.017535,0.0046372,0.0000088,0.0010509,0.093966,0.093188,2.80593276e-05,3.48711205e-07,2.59630969e-08,4.83319850e-09,2.78278537e-05,3.46688681e-07,2.58278276e-08,4.80934043e-09,1.38095403e-04,2.92909107e-10,4.933e-18,1.498e-18
7.2400,59.55609,-39.70406,0.027621,19.030492,0.000997,19.030512,0.0046501,0.0000088,0.0010521,0.092156,0.091397,2.75184223e-05,3.41878968e-07,2.55654254e-08,4.75788651e-09,2.72926419e-05,3.39894948e-07,2.54323126e-08,4.73441329e-09,1.25927331e-04,2.94731817e-10,2.738e-18,1.725e-18
7.2600,59.58858,-39.72572,0.027642,19.042873,0.001004,19.042893,0.0046625,0.0000088,0.0010532,0.090174,0.089433,2.69270031e-05,3.35072942e-07,2.51429521e-08,4.68016101e-09,2.67067625e-05,3.33124109e-07,2.50121249e-08,4.65708603e-09,1.14506920e-04,2.96912583e-10,1.409e-18,1.626e-19
7.2800,59.61952,-39.74635,0.027661,19.054669,0.001010,19.054688,0.0046743,0.0000088,0.0010542,0.088028,0.087306,2.62882045e-05,3.29008748e-07,2.47114512e-08,4.59995341e-09,2.60733259e-05,3.27090974e-07,2.45829503e-08,4.57729044e-09,1.03812293e-04,2.99458171e-10,4.012e-18,1.359e-18
7.3000,59.64896,-39.76597,0.027680,19.065888,0.001016,19.065908,0.0046856,0.0000088,0.0010552,0.085732,0.085027,2.56057038e-05,3.23856418e-07,2.42727531e-08,4.51722083e-09,2.53959901e-05,3.21967873e-07,2.41466495e-08,4.49498356e-09,9.38209686e-05,3.02365430e-10,5.692e-18,1.050e-19
7.3200,59.67691,-39.78461,0.027698,19.076544,0.001022,19.076564,0.0046963,0.0000088,0.0010562,0.083300,0.082612,2.48836609e-05,3.19143619e-07,2.38087965e-08,4.43199077e-09,2.46789010e-05,3.17286506e-07,2.36852112e-08,4.41019259e-09,8.45099151e-05,3.05621037e-10,6.505e-19,3.554e-18
7.3400,59.70341,-39.80227,0.027715,19.086646,0.001027,19.086666,0.0047064,0.0000088,0.0010571,0.080751,0.080079,2.41266535e-05,3.14039027e-07,2.33394127e-08,4.34432656e-09,2.39266279e-05,3.12218926e-07,2.32183729e-08,4.32298054e-09,7.58556043e-05,3.09201567e-10,2.060e-18,7.505e-19
7.3600,59.72848,-39.81899,0.027731,19.096207,0.001032,19.096227,0.0047160,0.0000088,0.0010579,0.078104,0.077447,2.33396085e-05,3.07844782e-07,2.28597695e-08,4.25426904e-09,2.31440947e-05,3.06067996e-07,2.27413595e-08,4.23338823e-09,6.78340579e-05,3.13074095e-10,2.602e-18,1.193e-18
7.3800,59.75217,-39.83478,0.027746,19.105239,0.001037,19.105258,0.0047251,0.0000088,0.0010587,0.075377,0.074734,2.25277271e-05,3.00406477e-07,2.23567823e-08,4.16180540e-09,2.23365051e-05,2.98676987e-07,2.22411112e-08,4.14140326e-09,6.04208945e-05,3.17197129e-10,2.223e-18,4.286e-19
7.4000,59.77450,-39.84966,0.027760,19.113752,0.001042,19.113772,0.0047337,0.0000088,0.0010595,0.072586,0.071958,2.16964014e-05,2.92199338e-07,2.18504279e-08,4.06687476e-09,2.15092597e-05,2.90517150e-07,2.17375257e-08,4.04696525e-09,5.35913736e-05,3.21521889e-10,1.979e-18,3.862e-19
7.4200,59.79550,-39.86366,0.027773,19.121760,0.001046,19.121780,0.0047418,0.0000088,0.0010602,0.069748,0.069133,2.08511249e-05,2.84041666e-07,2.13289853e-08,3.96939042e-09,2.06678653e-05,2.82403534e-07,2.12189589e-08,3.94998777e-09,4.73204455e-05,3.25994222e-10,8.132e-19,9.656e-19
7.4400,59.81520,-39.87680,0.027786,19.129276,0.001050,19.129295,0.0047493,0.0000088,0.0010609,0.066879,0.066276,1.99973979e-05,2.76608459e-07,2.07852265e-08,3.86926027e-09,1.98178416e-05,2.75010521e-07,2.06781751e-08,3.85037871e-09,4.15828088e-05,3.30557047e-10,7.996e-19,3.593e-18
7.4600,59.83365,-39.88910,0.027798,19.136311,0.001054,19.136331,0.0047564,0.0000088,0.0010616,0.063997,0.063406,1.91406352e-05,2.70033376e-07,2.02378491e-08,3.76645201e-09,1.89646276e-05,2.68474127e-07,2.01338042e-08,3.74810528e-09,3.63529713e-05,3.35152773e-10,2.114e-18,4.140e-18
7.4800,59.85087,-39.90058,0.027809,19.142880,0.001057,19.142899,0.0047630,0.0000088,0.0010622,0.061121,0.060541,1.82860784e-05,2.63833097e-07,1.96714156e-08,3.66100597e-09,1.81134933e-05,2.62314936e-07,1.95704873e-08,3.64320693e-09,3.16053150e-05,3.39725322e-10,1.938e-18,3.803e-19
7.5000,59.86691,-39.91127,0.027819,19.148995,0.001061,19.149015,0.0047692,0.0000088,0.0010628,0.058271,0.057702,1.74387147e-05,2.57196809e-07,1.90861544e-08,3.55296300e-09,1.72694588e-05,2.55725241e-07,1.89884139e-08,3.53572397e-09,2.73141600e-05,3.44221845e-10,1.193e-18,7.284e-20
7.5200,59.88178,-39.92119,0.027828,19.154671,0.001064,19.154690,0.0047749,0.0000088,0.0010633,0.055464,0.054906,1.66032034e-05,2.49466527e-07,1.84977061e-08,3.44236047e-09,1.64372193e-05,2.48047523e-07,1.84031823e-08,3.42569342e-09,2.34538252e-05,3.48594240e-10,3.524e-19,2.369e-18
7.5400,59.89555,-39.93036,0.027837,19.159921,0.001066,19.159941,0.0047803,0.0000088,0.0010638,0.052716,0.052169,1.57838050e-05,2.40523307e-07,1.78880585e-08,3.32921367e-09,1.56210742e-05,2.39160394e-07,1.77968623e-08,3.31313048e-09,1.99986885e-05,3.52800346e-10,2.439e-18,7.844e-19
7.5600,59.90823,-39.93882,0.027845,19.164760,0.001069,19.164779,0.0047851,0.0000088,0.0010642,0.050038,0.049502,1.49843145e-05,2.30852822e-07,1.72630019e-08,3.21345037e-09,1.48248594e-05,2.29545627e-07,1.71751886e-08,3.19796318e-09,1.69232489e-05,3.56804812e-10,1.423e-18,7.369e-20
7.5800,59.91987,-39.94658,0.027853,19.169202,0.001071,19.169221,0.0047896,0.0000088,0.0010647,0.047439,0.046914,1.42079977e-05,2.21253269e-07,1.66324347e-08,3.09498026e-09,1.40518832e-05,2.19998371e-07,1.65480474e-08,3.08010126e-09,1.42021898e-05,3.60579969e-10,9.758e-19,9.826e-20
7.6000,59.93051,-39.95368,0.027860,19.173262,0.001074,19.173281,0.0047937,0.0000088,0.0010650,0.044924,0.044411,1.34575341e-05,2.12361232e-07,1.59777647e-08,2.97375929e-09,1.33048684e-05,2.11154793e-07,1.58969149e-08,2.95950024e-09,1.18104493e-05,3.64106658e-10,6.776e-19,3.642e-20
7.6200,59.94019,-39.96013,0.027866,19.176955,0.001076,19.176975,0.0047975,0.0000088,0.0010654,0.042501,0.042000,1.27349709e-05,2.04277205e-07,1.53101645e-08,2.84975906e-09,1.25859055e-05,2.03117811e-07,1.52328890e-08,2.83613110e-09,9.72329285e-06,3.67374501e-10,2.439e-19,7.073e-20
7.6400,59.94895,-39.96597,0.027871,19.180297,0.001077,19.180317,0.0048009,0.0000088,0.0010657,0.040177,0.039688,1.20416898e-05,1.96509991e-07,1.46344334e-08,2.72301194e-09,1.18964189e-05,1.95400014e-07,1.45607780e-08,2.71002534e-09,7.91638677e-06,3.70381452e-10,1.179e-18,8.724e-20
7.6600,59.95683,-39.97122,0.027876,19.183304,0.001079,19.183324,0.0048039,0.0000088,0.0010660,0.037955,0.037480,1.13783895e-05,1.88271128e-07,1.39346177e-08,2.59360721e-09,1.12371485e-05,1.87215816e-07,1.38646762e-08,2.58127148e-09,6.36587286e-06,3.73132858e-10,7.251e-19,4.002e-19
7.6800,59.96387,-39.97591,0.027881,19.185991,0.001080,19.186011,0.0048066,0.0000088,0.0010663,0.035839,0.035378,1.07450804e-05,1.78942646e-07,1.32258509e-08,2.46159001e-09,1.06081436e-05,1.77947497e-07,1.31596398e-08,2.44991436e-09,5.04844162e-06,3.75640299e-10,7.793e-19,1.855e-19
7.7000,59.97011,-39.98007,0.027885,19.188375,0.001082,19.188395,0.0048090,0.0000088,0.0010665,0.033826,0.033380,1.01410897e-05,1.68440254e-07,1.25067861e-08,2.32696269e-09,1.00087676e-05,1.67508249e-07,1.24443602e-08,2.31595642e-09,3.94140589e-06,3.77920273e-10,2.575e-19,2.287e-20
7.7200,59.97561,-39.98374,0.027889,19.190473,0.001083,19.190493,0.0048112,0.0000088,0.0010667,0.031910,0.031481,9.56507331e-06,1.57259084e-07,1.17643638e-08,2.18970149e-09,9.43770878e-06,1.56389421e-07,1.17058088e-08,2.17937409e-09,3.02277674e-06,3.79992909e-10,2.372e-19,2.223e-19
7.7400,59.98039,-39.98693,0.027892,19.192301,0.001084,19.192321,0.0048130,0.0000088,0.0010669,0.030082,0.029671,9.01503520e-06,1.46177200e-07,1.10146658e-08,2.04973649e-09,8.89299984e-06,1.45366267e-07,1.09599972e-08,2.04009763e-09,2.27134171e-06,3.81881095e-10,3.659e-19,1.228e-20
7.7600,59.98452,-39.98968,0.027895,19.193877,0.001085,19.193897,0.0048146,0.0000088,0.0010671,0.028330,0.027938,8.48835514e-06,1.35794423e-07,1.02505995e-08,1.90701793e-09,8.37204474e-06,1.35038417e-07,1.01998873e-08,1.89807714e-09,1.66674583e-06,3.83610058e-10,3.185e-19,8.805e-19
7.7800,59.98803,-39.99202,0.027897,19.195218,0.001086,19.195238,0.0048160,0.0000088,0.0010672,0.026644,0.026273,7.98182740e-06,1.26180092e-07,9.46412711e-09,1.76156154e-09,7.87165725e-06,1.25477723e-07,9.41744293e-09,1.75332785e-09,1.18957564e-06,3.85206913e-10,5.387e-19,2.107e-19
7.8000,59.99097,-39.99398,0.027899,19.196343,0.001086,19.196363,0.0048171,0.0000088,0.0010673,0.025013,0.024664,7.49171295e-06,1.16836995e-07,8.67174974e-09,1.61342145e-09,7.38811262e-06,1.16190671e-07,8.62910228e-09,1.60590336e-09,8.21443591e-07,3.86700021e-10,3.253e-19,9.529e-20
7.8200,59.99339,-39.99560,0.027901,19.197269,0.001087,19.197289,0.0048180,0.0000088,0.0010674,0.023425,0.023099,7.01380302e-06,1.06999637e-07,7.86282617e-09,1.46267771e-09,6.91721097e-06,1.06414448e-07,7.82428761e-09,1.45588334e-09,5.45073776e-07,3.88118406e-10,5.319e-19,2.160e-19
7.8400,59.99534,-39.99690,0.027902,19.198014,0.001087,19.198034,0.0048188,0.0000088,0.0010675,0.021866,0.021565,6.54349257e-06,9.60887634e-08,7.03502990e-09,1.30940023e-09,6.45435050e-06,9.55698801e-08,7.00065352e-09,1.30333780e-09,3.44388464e-07,3.89491395e-10,1.556e-19,1.628e-19
7.8600,59.99687,-39.99791,0.027903,19.198599,0.001088,19.198619,0.0048194,0.0000088,0.0010676,0.020320,0.020046,6.07585831e-06,8.40525155e-08,6.20254097e-09,1.15360773e-09,5.99460549e-06,8.36025648e-08,6.17234127e-09,1.14828588e-09,2.04596486e-07,3.90848461e-10,1.597e-19,2.055e-19
7.8800,59.99802,-39.99868,0.027904,19.199041,0.001088,19.199061,0.0048198,0.0000088,0.0010676,0.018767,0.018521,5.60573806e-06,7.13932106e-08,5.35126940e-09,9.95270477e-10,5.53280579e-06,7.10111876e-08,5.32533259e-09,9.90698492e-10,1.12283270e-07,3.92219420e-10,9.656e-20,3.009e-20
7.9000,59.99885,-39.99923,0.027905,19.199360,0.001088,19.199380,0.0048202,0.0000088,0.0010677,0.017188,0.016971,5.12781050e-06,5.88674177e-08,4.48348178e-09,8.34332676e-10,5.06361678e-06,5.85497642e-08,4.46185820e-09,8.30520412e-10,5.55039642e-08,3.93635171e-10,1.021e-19,8.923e-20
7.9200,59.99941,-39.99961,0.027905,19.199576,0.001088,19.199596,0.0048204,0.0000088,0.0010677,0.015562,0.015376,4.63667541e-06,4.70380737e-08,3.60950811e-09,6.70760679e-10,4.58161992e-06,4.67812732e-08,3.59222932e-09,6.67718218e-10,2.38781050e-08,3.95128831e-10,4.278e-20,5.612e-21
7.9400,59.99975,-39.99983,0.027906,19.199710,0.001088,19.199729,0.0048205,0.0000088,0.0010677,0.013869,0.013716,4.12693619e-06,3.59441420e-08,2.71445558e-09,5.04568689e-10,4.08139557e-06,3.57472821e-08,2.70161466e-09,5.02306032e-10,8.68709442e-09,3.96736703e-10,5.696e-20,2.689e-20
7.9600,59.99993,-39.99995,0.027906,19.199780,0.001088,19.199800,0.0048206,0.0000088,0.0010677,0.012095,0.011975,3.59328606e-06,2.50826598e-08,1.80592820e-09,3.35806331e-10,3.55760961e-06,2.49484445e-08,1.79756389e-09,3.34333417e-10,2.97247201e-09,3.98498713e-10,9.741e-21,2.647e-21
7.9800,59.99999,-39.99999,0.027907,19.199809,0.001088,19.199828,0.0048206,0.0000088,0.0010678,0.010225,0.010139,3.03059580e-06,1.37101192e-08,8.90442847e-10,1.64554467e-10,3.00510157e-06,1.36437490e-08,8.86596366e-10,1.63881282e-10,1.63664944e-09,4.00458501e-10,6.776e-21,8.470e-22
8.0000,60.00000,-40.00000,0.027907,19.199816,0.001088,19.199836,0.0048206,0.0000088,0.0010678,0.008243,0.008192,2.43400008e-06,1.28365173e-09,-4.59073674e-11,-9.12454371e-12,2.41897148e-06,1.29025165e-09,-4.51426769e-11,-8.98759141e-12,1.54644642e-09,4.02663250e-10,3.388e-21,1.482e-21
8.0200,60.00000,-40.00000,0.027907,19.199820,0.001089,19.199840,0.0048206,0.0000088,0.0010678,0.006139,0.006125,1.80138766e-06,-1.09290641e-08,-3.82889791e-10,3.14792247e-11,1.79704598e-06,-1.08548781e-08,-3.80833933e-10,3.13064679e-11,1.54644642e-09,4.05142651e-10,6.776e-21,4.235e-22
8.0400,60.00000,-40.00000,0.027907,19.199824,0.001089,19.199844,0.0048207,0.0000088,0.0010678,0.003924,0.003945,1.14068599e-06,-1.68860956e-08,3.92523508e-10,-3.11905083e-11,1.14708997e-06,-1.67872174e-08,3.89781027e-10,-3.11293569e-11,1.54644642e-09,4.07843737e-10,3.388e-21,4.235e-22
8.0600,60.00000,-40.00000,0.027908,19.199829,0.001089,19.199848,0.0048207,0.0000088,0.0010679,0.001611,0.001669,4.62590091e-07,-1.30160343e-08,-1.36945121e-10,-1.52067602e-11,4.79611739e-07,-1.29549274e-08,-1.37269742e-10,-1.53180002e-11,1.54644642e-09,4.10689554e-10,1.694e-21,4.235e-22
8.0800,60.00000,-40.00000,0.027908,19.199833,0.001089,19.199853,0.0048207,0.0000088,0.0010679,-0.000748,-0.000655,-2.21978058e-07,-1.55884219e-09,-2.31515929e-10,3.94174465e-11,-1.94650130e-07,-1.58040677e-09,-2.31808199e-10,3.89373618e-11,1.54644642e-09,4.13595904e-10,1.016e-20,6.353e-22
8.1000,60.00000,-40.00000,0.027908,19.199837,0.001089,19.199857,0.0048207,0.0000088,0.0010679,-0.003092,-0.002965,-9.02066517e-07,1.07813342e-08,4.28607097e-10,-1.11719039e-11,-8.64920460e-07,1.06764409e-08,4.24252245e-10,-1.14659690e-11,1.54644642e-09,4.16467037e-10,1.694e-21,4.235e-22
8.1200,60.00000,-40.00000,0.027908,19.199841,0.001089,19.199861,0.0048207,0.0000088,0.0010679,-0.005367,-0.005209,-1.56682942e-06,1.68236779e-08,-2.26193903e-10,-2.08461089e-11,-1.52052122e-06,1.66793937e-08,-2.27363505e-10,-2.11643601e-11,1.54644642e-09,4.19208158e-10,3.388e-21,1.271e-21
8.1400,60.00000,-40.00000,0.027908,19.199846,0.001089,19.199865,0.0048207,0.0000088,0.0010680,-0.007518,-0.007333,-2.20561210e-06,1.31720898e-08,-6.43344691e-11,4.06696558e-11,-2.15095521e-06,1.30507667e-08,-6.68266349e-11,3.99591190e-11,1.54644642e-09,4.21740546e-10,3.388e-21,2.118e-22
8.1600,60.00000,-40.00000,0.027909,19.199849,0.001089,19.199869,0.0048207,0.0000088,0.0010680,-0.009521,-0.009311,-2.80814560e-06,2.16436343e-09,4.34374134e-10,1.20161280e-11,-2.74609755e-06,2.11015633e-09,4.28795103e-10,1.13903847e-11,1.54644642e-09,4.24000012e-10,5.082e-21,4.235e-22
8.1800,60.00000,-40.00000,0.027909,19.199853,0.001089,19.199873,0.0048207,0.0000088,0.0010680,-0.011369,-0.011138,-3.36471506e-06,-9.54820399e-09,-2.54673863e-10,-1.69700891e-11,-3.29636136e-06,-9.53485457e-09,-2.56770894e-10,-1.74979739e-11,1.54644642e-09,4.25931594e-10,1.694e-21,4.235e-22
8.2000,60.00000,-40.00000,0.027909,19.199856,0.001089,19.199876,0.0048207,0.0000088,0.0010680,-0.013050,-0.012801,-3.86632912e-06,-1.49460190e-08,1.21930468e-10,3.99496533e-11,-3.79286465e-06,-1.49078633e-08,1.17500112e-10,3.90848519e-11,1.54644642e-09,4.27500076e-10,1.694e-21,8.470e-22
8.2200,60.00000,-40.00000,0.027909,19.199859,0.001089,19.199879,0.0048207,0.0000088,0.0010680,-0.014549,-0.014287,-4.30495906e-06,-1.08133996e-08,3.93907573e-10,3.19670185e-11,-4.22766600e-06,-1.08099949e-08,3.87876825e-10,3.11171731e-11,1.54644642e-09,4.28701943e-10,6.776e-21,3.176e-22
8.2400,60.00000,-40.00000,0.027909,19.199861,0.001089,19.199881,0.0048207,0.0000088,0.0010680,-0.015838,-0.015568,-4.67366084e-06,4.06067357e-10,-2.70916646e-10,-1.27355113e-11,-4.59388519e-06,3.34416889e-10,-2.73364876e-10,-1.33629252e-11,1.54644642e-09,4.29558309e-10,4.235e-21,4.235e-22
8.2600,60.00000,-40.00000,0.027909,19.199863,0.001089,19.199883,0.0048207,0.0000088,0.0010680,-0.016869,-0.016595,-4.96665179e-06,1.21038787e-08,2.54331690e-10,2.95983757e-11,-4.88577952e-06,1.19604434e-08,2.48970284e-10,2.87518246e-11,1.54644642e-09,4.30104360e-10,3.388e-21,3.176e-22
8.2800,60.00000,-40.00000,0.027909,19.199865,0.001089,19.199884,0.0048207,0.0000088,0.0010681,-0.017608,-0.017335,-5.17940434e-06,1.74149174e-08,2.89991779e-10,4.20205191e-11,-5.09883691e-06,1.72450619e-08,2.84538941e-10,4.11167782e-11,1.54644642e-09,4.30394087e-10,1.694e-21,2.118e-22
8.3000,60.00000,-40.00000,0.027909,19.199865,0.001089,19.199885,0.0048207,0.0000088,0.0010681,-0.018034,-0.017766,-5.30863448e-06,1.32893779e-08,-2.58977559e-10,-6.48483095e-12,-5.22976561e-06,1.31539881e-08,-2.61339385e-10,-7.11721546e-12,1.54644642e-09,4.30505114e-10,1.694e-21,1.059e-22
8.3200,60.00000,-40.00000,0.027909,19.199866,0.001089,19.199886,0.0048207,0.0000088,0.0010681,-0.018142,-0.017885,-5.35233100e-06,2.26305910e-09,3.66039421e-10,1.95300623e-11,-5.27652382e-06,2.20296991e-09,3.60379201e-10,1.87923136e-11,1.54644642e-09,4.30526668e-10,5.294e-23,1.323e-23
8.3400,60.00000,-40.00000,0.027909,19.199866,0.001089,19.199885,0.0048207,0.0000088,0.0010681,-0.017961,-0.017719,-5.30984229e-06,-9.10342670e-09,1.85182078e-10,4.93328008e-11,-5.23840616e-06,-9.09068739e-09,1.80794394e-10,4.84770792e-11,1.54644642e-09,4.30545852e-10,2.118e-22,1.059e-22
8.3600,60.00000,-40.00000,0.027909,19.199865,0.001089,19.199885,0.0048207,0.0000088,0.0010681,-0.017511,-0.017288,-5.18188615e-06,-1.41064070e-08,-2.01350569e-10,3.88157111e-12,-5.11605419e-06,-1.40642360e-08,-2.03360610e-10,3.31531716e-12,1.54644642e-09,4.30649305e-10,8.470e-22,2.118e-22
8.3800,60.00000,-40.00000,0.027908,19.199863,0.001089,19.199883,0.0048207,0.0000088,0.0010680,-0.016808,-0.016607,-4.97059286e-06,-9.86267980e-09,4.27608027e-10,8.32573560e-12,-4.91149991e-06,-9.84876211e-09,4.22516278e-10,7.80522488e-12,1.54644642e-09,4.30925539e-10,1.694e-21,2.118e-22
8.4000,60.00000,-40.00000,0.027908,19.199862,0.001089,19.199881,0.0048207,0.0000088,0.0010680,-0.015859,-0.015685,-4.67951503e-06,1.00558490e-09,4.45361567e-11,4.54505792e-11,-4.62817669e-06,9.54233281e-10,4.20368068e-11,4.48104560e-11,1.54644642e-09,4.31451822e-10,1.694e-21,4.235e-22
8.4200,60.00000,-40.00000,0.027908,19.199859,0.001089,19.199879,0.0048207,0.0000088,0.0010680,-0.014657,-0.014512,-4.31350755e-06,1.19846362e-08,-1.55457354e-10,8.27158704e-12,-4.27080234e-06,1.18738495e-08,-1.56451784e-10,7.90611961e-12,1.54644642e-09,4.32281559e-10,3.388e-21,8.470e-22
8.4400,60.00000,-40.00000,0.027908,19.199856,0.001089,19.199876,0.0048207,0.0000088,0.0010680,-0.013197,-0.013084,-3.87862822e-06,1.65324596e-08,4.13893500e-10,-5.92498425e-12,-3.84528256e-06,1.64075699e-08,4.10275915e-10,-6.12821543e-12,1.54644642e-09,4.33448100e-10,3.388e-21,4.235e-22
8.4600,60.00000,-40.00000,0.027908,19.199853,0.001089,19.199873,0.0048207,0.0000088,0.0010680,-0.011500,-0.011421,-3.38200855e-06,1.19341810e-08,-9.67318769e-11,3.47079373e-11,-3.35858511e-06,1.18532587e-08,-9.70168963e-11,3.43773644e-11,1.54644642e-09,4.34970240e-10,5.082e-21,5.294e-22
8.4800,60.00000,-40.00000,0.027907,19.199850,0.001089,19.199870,0.0048207,0.0000088,0.0010680,-0.009598,-0.009554,-2.83168147e-06,8.95201745e-10,-8.06713867e-11,1.35598515e-11,-2.81857099e-06,8.94711089e-10,-8.06285575e-11,1.34239948e-11,1.54644642e-09,4.36844321e-10,1.016e-20,8.470e-22
8.5000,60.00000,-40.00000,0.027907,19.199846,0.001089,19.199866,0.0048207,0.0000088,0.0010680,-0.007543,-0.007534,-2.23650175e-06,-1.01137291e-08,3.77160696e-10,-1.35877998e-11,-2.23391706e-06,-1.00401368e-08,3.75236252e-10,-1.34906515e-11,1.54644642e-09,4.39037164e-10,3.388e-21,2.118e-22
8.5200,60.00000,-40.00000,0.027907,19.199842,0.001089,19.199862,0.0048207,0.0000088,0.0010679,-0.005393,-0.005420,-1.60604442e-06,-1.47028373e-08,-2.03154318e-10,2.24649465e-11,-1.61401678e-06,-1.46000856e-08,-2.01353206e-10,2.24649464e-11,1.54644642e-09,4.41495205e-10,3.388e-21,3.176e-22
8.5400,60.00000,-40.00000,0.027907,19.199838,0.001088,19.199858,0.0048207,0.0000088,0.0010679,-0.003186,-0.003248,-9.50461982e-07,-1.03165070e-08,-5.28939592e-12,1.55978948e-11,-9.68840156e-07,-1.02412465e-08,-4.12523157e-12,1.57230749e-11,1.54644642e-09,4.44154886e-10,6.776e-21,1.271e-21
8.5600,60.00000,-40.00000,0.027906,19.199833,0.001088,19.199853,0.0048207,0.0000088,0.0010679,-0.000950,-0.001046,-2.80373728e-07,2.71330833e-10,2.78384191e-10,-2.17921438e-11,-3.08825615e-07,2.84379542e-10,2.78572796e-10,-2.13802215e-11,1.54644642e-09,4.46939120e-10,8.470e-21,4.235e-22
8.5800,60.00000,-40.00000,0.027906,19.199829,0.001088,19.199849,0.0048207,0.0000088,0.0010679,0.001296,0.001167,3.93339310e-07,1.06457738e-08,-3.09441806e-10,3.25427654e-12,3.55321361e-07,1.06040535e-08,-3.05552676e-10,3.62032453e-12,1.54644642e-09,4.49755665e-10,1.016e-20,3.176e-22
8.6000,60.00000,-40.00000,0.027906,19.199825,0.001088,19.199845,0.0048207,0.0000088,0.0010678,0.003542,0.003383,1.05977160e-06,1.45772035e-08,4.45580548e-11,1.11312031e-11,1.01286133e-06,1.45252367e-08,4.68583335e-11,1.15275497e-11,1.54644642e-09,4.52510756e-10,5.082e-21,1.694e-21
8.6200,60.00000,-40.00000,0.027906,19.199821,0.001088,19.199841,0.0048206,0.0000088,0.0010678,0.005756,0.005570,1.70817284e-06,9.67900183e-09,1.52380909e-10,-2.65044498e-11,1.65319757e-06,9.67145064e-09,1.54529971e-10,-2.58484496e-11,1.54644642e-09,4.55121693e-10,5.082e-21,1.271e-21
8.6400,60.00000,-40.00000,0.027906,19.199817,0.001088,19.199837,0.0048206,0.0000088,0.0010678,0.007892,0.007681,2.32816184e-06,-1.19927453e-09,-3.57945382e-10,-1.21492628e-11,2.26608676e-06,-1.13053411e-09,-3.52734380e-10,-1.15136499e-11,1.54644642e-09,4.57515116e-10,2.151e-23,9.529e-22
8.6600,60.00000,-40.00000,0.027906,19.199813,0.001088,19.199833,0.0048206,0.0000088,0.0010678,0.009900,0.009669,2.90988006e-06,-1.16898661e-08,1.10057907e-10,8.57147962e-12,2.84179055e-06,-1.15549945e-08,1.12897446e-10,9.14032298e-12,1.54644642e-09,4.59625213e-10,4.235e-21,4.235e-22
8.6800,60.00000,-40.00000,0.027905,19.199810,0.001088,19.199830,0.0048206,0.0000088,0.0010678,0.011723,0.011476,3.44407407e-06,-1.57080189e-08,3.36072711e-11,-2.46658921e-11,3.37115718e-06,-1.55533117e-08,3.71602025e-11,-2.38892514e-11,1.54644642e-09,4.61404702e-10,1.694e-21,4.235e-22
8.7000,60.00000,-40.00000,0.027905,19.199807,0.001088,19.199826,0.0048206,0.0000088,0.0010677,0.013326,0.013067,3.92223631e-06,-1.10222778e-08,-3.64903514e-10,-2.48819619e-11,3.84576075e-06,-1.09030900e-08,-3.59070698e-10,-2.40742985e-11,1.54644642e-09,4.62833870e-10,5.082e-21,5.294e-22
8.7200,60.00000,-40.00000,0.027905,19.199804,0.001088,19.199824,0.0048206,0.0000088,0.0010677,0.014697,0.014430,4.33672057e-06,-5.42628363e-10,1.40026444e-10,9.94312108e-13,4.25801556e-06,-4.91153043e-10,1.43165696e-10,1.68248065e-12,1.54644642e-09,4.63914410e-10,2.482e-24,8.470e-22
8.7400,60.00000,-40.00000,0.027905,19.199802,0.001088,19.199821,0.0048206,0.0000088,0.0010677,0.015828,0.015559,4.68085816e-06,9.42559555e-09,-1.06467738e-10,-2.42428421e-11,4.60129115e-06,9.41864214e-09,-1.01867247e-10,-2.34222390e-11,1.54644642e-09,4.64663547e-10,1.694e-21,2.118e-22
8.7600,60.00000,-40.00000,0.027905,19.199800,0.001088,19.199820,0.0048206,0.0000088,0.0010677,0.016725,0.016457,4.94914204e-06,1.29493263e-08,-3.46857937e-10,-3.58755461e-11,4.87009454e-06,1.29281167e-08,-3.41092573e-10,-3.50032180e-11,1.54644642e-09,4.65120640e-10,2.541e-21,2.118e-22
8.7800,60.00000,-40.00000,0.027905,19.199799,0.001088,19.199819,0.0048206,0.0000088,0.0010677,0.017381,0.017119,5.13733631e-06,7.95853502e-09,1.54759290e-10,-6.57202883e-12,5.06017904e-06,7.97498877e-09,1.57632140e-10,-5.87914925e-12,1.54644642e-09,4.65350118e-10,1.694e-21,3.176e-22
8.8000,60.00000,-40.00000,0.027905,19.199798,0.001088,19.199818,0.0048206,0.0000088,0.0010677,0.017772,0.017521,5.24254037e-06,-2.56994578e-09,-2.05397913e-10,-1.79474306e-11,5.16860873e-06,-2.48760972e-09,-2.00703712e-10,-1.72381284e-11,1.54644642e-09,4.65429863e-10,4.235e-22,5.294e-23
8.8200,60.00000,-40.00000,0.027906,19.199798,0.001088,19.199818,0.0048206,0.0000088,0.0010677,0.017875,0.017640,5.26324848e-06,-1.23907684e-08,-2.64186264e-10,-3.66574161e-11,5.19381863e-06,-1.22553125e-08,-2.59551785e-10,-3.58970516e-11,1.54644642e-09,4.65440768e-10,5.294e-23,2.647e-23
8.8400,60.00000,-40.00000,0.027906,19.199798,0.001088,19.199818,0.0048206,0.0000088,0.0010677,0.017671,0.017455,5.19930521e-06,-1.57144164e-08,1.70021207e-10,-1.01741058e-11,5.13557240e-06,-1.55722946e-08,1.72003172e-10,-9.60647803e-12,1.54644642e-09,4.65468638e-10,1.271e-21,1.059e-22
8.8600,60.00000,-40.00000,0.027906,19.199799,0.001088,19.199819,0.0048206,0.0000088,0.0010677,0.017153,0.016960,5.05186332e-06,-1.06226792e-08,-2.73834049e-10,-1.03640866e-11,4.99492229e-06,-1.05267818e-08,-2.69722752e-10,-9.86149493e-12,1.54644642e-09,4.65603862e-10,8.470e-22,2.382e-22
8.8800,60.00000,-40.00000,0.027906,19.199801,0.001088,19.199821,0.0048206,0.0000088,0.0010677,0.016344,0.016177,4.82338086e-06,-1.55127113e-10,-1.72676140e-10,-3.49778613e-11,4.77420774e-06,-1.34002531e-10,-1.69613770e-10,-3.44141961e-11,1.54644642e-09,4.65928560e-10,4.235e-21,2.118e-22
8.9000,60.00000,-40.00000,0.027906,19.199803,0.001088,19.199822,0.0048206,0.0000088,0.0010677,0.015276,0.015138,4.51757038e-06,9.50792598e-09,1.44258775e-10,-1.59652874e-11,4.47700664e-06,9.46637057e-09,1.45226353e-10,-1.55751844e-11,1.54644642e-09,4.66506622e-10,1.694e-21,2.118e-22
8.9200,60.00000,-40.00000,0.027906,19.199805,0.001088,19.199825,0.0048206,0.0000088,0.0010677,0.013982,0.013876,4.13938512e-06,1.27203089e-08,-3.19274496e-10,-4.80366052e-12,4.10812298e-06,1.26609227e-08,-3.16236685e-10,-4.56056247e-12,1.54644642e-09,4.67386776e-10,5.082e-21,2.118e-22
8.9400,60.00000,-40.00000,0.027907,19.199808,0.001088,19.199828,0.0048206,0.0000088,0.0010677,0.012494,0.012421,3.69499660e-06,7.70814702e-09,-6.17001119e-11,-2.77620662e-11,3.67356612e-06,7.68128592e-09,-6.06931117e-11,-2.74904411e-11,1.54644642e-09,4.68603918e-10,1.694e-21,1.271e-21
8.9600,60.00000,-40.00000,0.027907,19.199811,0.001088,19.199831,0.0048206,0.0000088,0.0010678,0.010823,0.010785,3.19167371e-06,-2.43106350e-09,1.26550766e-10,-1.55024581e-11,3.18043311e-06,-2.39961504e-09,1.26085678e-10,-1.53864398e-11,1.54644642e-09,4.70169716e-10,1.694e-21,6.353e-22
8.9800,60.00000,-40.00000,0.027907,19.199815,0.001089,19.199834,0.0048206,0.0000088,0.0010678,0.008976,0.008972,2.63765916e-06,-1.15879894e-08,-2.98036901e-10,4.91484500e-12,2.63678829e-06,-1.15122827e-08,-2.96735420e-10,4.82754583e-12,1.54644642e-09,4.72067343e-10,8.470e-21,8.470e-22
9.0000,60.00000,-40.00000,0.027907,19.199818,0.001089,19.199838,0.0048206,0.0000088,0.0010678,0.006968,0.007000,2.04200631e-06,-1.42662298e-08,6.81697273e-11,-1.42665978e-11,2.05150395e-06,-1.41916399e-08,6.68790308e-11,-1.43445566e-11,1.54644642e-09,4.74259848e-10,6.776e-21,8.470e-22
9.0200,60.00000,-40.00000,0.027908,19.199822,0.001089,19.199842,0.0048207,0.0000088,0.0010678,0.004823,0.004889,1.41436702e-06,-8.83785551e-09,9.70767202e-11,-1.25655592e-11,1.43405224e-06,-8.81385580e-09,9.52624417e-11,-1.27336575e-11,1.54644642e-09,4.76697360e-10,1.016e-20,1.271e-21
9.0400,60.00000,-40.00000,0.027908,19.199827,0.001089,19.199846,0.0048207,0.0000088,0.0010678,0.002585,0.002686,7.64848202e-07,1.53674298e-09,-2.59681140e-10,1.03032769e-11,7.94364596e-07,1.48600136e-09,-2.60051659e-10,9.93473110e-12,1.54644642e-09,4.79313186e-10,6.776e-21,2.118e-22
9.0600,60.00000,-40.00000,0.027908,19.199831,0.001089,19.199851,0.0048207,0.0000088,0.0010679,0.000316,0.000448,1.03870826e-07,1.08104935e-08,1.61976007e-10,-3.29025492e-12,1.42693283e-07,1.07004501e-08,1.58825420e-10,-3.66523546e-12,1.54644642e-09,4.82023900e-10,3.388e-21,7.412e-22
9.0800,60.00000,-40.00000,0.027908,19.199835,0.001089,19.199855,0.0048207,0.0000088,0.0010679,-0.001937,-0.001775,-5.57981531e-07,1.36272230e-08,4.72632225e-11,-9.61844313e-12,-5.10537548e-07,1.35037810e-08,4.44468111e-11,-1.00290571e-11,1.54644642e-09,4.84741720e-10,2.541e-21,1.059e-22
9.1000,60.00000,-40.00000,0.027908,19.199839,0.001089,19.199859,0.0048207,0.0000088,0.0010679,-0.004130,-0.003942,-1.21007055e-06,8.48952443e-09,-1.88809623e-10,1.47105593e-11,-1.15483796e-06,8.40189822e-09,-1.90802392e-10,1.41069363e-11,1.54644642e-09,4.87383598e-10,1.016e-20,1.271e-21
9.1200,60.00000,-40.00000,0.027909,19.199843,0.001089,19.199863,0.0048207,0.0000088,0.0010679,-0.006235,-0.006025,-1.84187415e-06,-1.39454176e-09,2.52752859e-10,1.07305484e-11,-1.77982055e-06,-1.42260523e-09,2.48008253e-10,1.00876517e-11,1.54644642e-09,4.89869456e-10,1.694e-21,6.353e-22
9.1400,60.00000,-40.00000,0.027909,19.199847,0.001089,19.199867,0.0048207,0.0000088,0.0010680,-0.008244,-0.008015,-2.44319336e-06,-1.00519628e-08,2.06324478e-11,-8.33331720e-13,-2.37540431e-06,-1.00355083e-08,1.69959802e-11,-1.45956854e-12,1.54644642e-09,4.92123902e-10,1.694e-21,4.235e-22
9.1600,60.00000,-40.00000,0.027909,19.199851,0.001089,19.199871,0.0048207,0.0000088,0.0010680,-0.010139,-0.009894,-3.00432778e-06,-1.22788796e-08,-8.56381641e-11,1.95626138e-11,-2.93198770e-06,-1.22620351e-08,-8.89860098e-11,1.87996589e-11,1.54644642e-09,4.94088158e-10,1.694e-21,4.235e-22
9.1800,60.00000,-40.00000,0.027909,19.199854,0.001089,19.199874,0.0048207,0.0000088,0.0010680,-0.011891,-0.011635,-3.51628301e-06,-6.71631283e-09,3.07236329e-10,2.18806853e-11,-3.44065357e-06,-6.74529153e-09,3.01675665e-10,2.10852447e-11,1.54644642e-09,4.95727599e-10,1.694e-21,4.235e-22
9.2000,60.00000,-40.00000,0.027909,19.199857,0.001089,19.199877,0.0048207,0.0000088,0.0010680,-0.013467,-0.013203,-3.97093015e-06,3.37296822e-09,-2.44455698e-11,5.08041122e-12,-3.89332729e-06,3.27794842e-09,-2.81453626e-11,4.36833263e-12,1.54644642e-09,4.97026919e-10,6.776e-21,4.235e-22
9.2200,60.00000,-40.00000,0.027909,19.199859,0.001089,19.199879,0.0048207,0.0000088,0.0010680,-0.014818,-0.014553,-4.36108768e-06,1.20784617e-08,-1.96311718e-12,1.81168078e-11,-4.28285853e-06,1.19355439e-08,-5.87604802e-12,1.73446167e-11,1.54644642e-09,4.97987423e-10,4.235e-21,4.235e-22
9.2400,60.00000,-40.00000,0.027909,19.199861,0.001089,19.199881,0.0048207,0.0000088,0.0010680,-0.015907,-0.015644,-4.68061974e-06,1.43377815e-08,3.10110064e-10,2.70251274e-11,-4.60311945e-06,1.41931197e-08,3.04643738e-10,2.62182412e-11,1.54644642e-09,4.98633724e-10,2.541e-21,4.235e-22
9.2600,60.00000,-40.00000,0.027909,19.199863,0.001089,19.199883,0.0048207,0.0000088,0.0010680,-0.016717,-0.016461,-4.92449803e-06,8.91762484e-09,-6.09053824e-11,1.09655452e-11,-4.84906707e-06,8.81850283e-09,-6.41743301e-11,1.02654381e-11,1.54644642e-09,4.99015119e-10,4.235e-21,2.118e-22
9.2800,60.00000,-40.00000,0.027909,19.199864,0.001089,19.199884,0.0048207,0.0000088,0.0010681,-0.017240,-0.016996,-5.08885281e-06,-8.78810244e-10,9.38778475e-11,1.78245784e-11,-5.01679482e-06,-9.11409531e-10,8.98380923e-11,1.71262475e-11,1.54644642e-09,4.99195561e-10,6.204e-24,5.294e-23
9.3000,60.00000,-40.00000,0.027909,19.199865,0.001089,19.199885,0.0048207,0.0000088,0.0010681,-0.017490,-0.017261,-5.17108214e-06,-9.21116722e-09,2.98641061e-10,3.16806610e-11,-5.10364163e-06,-9.19408982e-09,2.93847553e-10,3.09547169e-11,1.54644642e-09,4.99246857e-10,4.235e-22,5.294e-23
9.3200,60.00000,-40.00000,0.027909,19.199865,0.001089,19.199885,0.0048207,0.0000088,0.0010681,-0.017480,-0.017271,-5.16992073e-06,-1.11638327e-08,-7.74614084e-11,1.72251515e-11,-5.10826119e-06,-1.11408508e-08,-7.98665344e-11,1.66320619e-11,1.54644642e-09,4.99250904e-10,1.520e-23,5.294e-23
9.3400,60.00000,-40.00000,0.027908,19.199864,0.001089,19.199884,0.0048207,0.0000088,0.0010681,-0.017212,-0.017026,-5.08547739e-06,-5.63290408e-09,1.66432243e-10,1.47680756e-11,-5.03066060e-06,-5.64803547e-09,1.62998211e-10,1.42615611e-11,1.54644642e-09,4.99297125e-10,8.470e-22,1.059e-22
9.3600,60.00000,-40.00000,0.027908,19.199863,0.001089,19.199883,0.0048207,0.0000088,0.0010680,-0.016681,-0.016522,-4.91926429e-06,4.03920116e-09,2.33047344e-10,2.83530452e-11,-4.87223098e-06,3.96836574e-09,2.29817848e-10,2.78529710e-11,1.54644642e-09,4.99469848e-10,8.470e-22,4.235e-22
9.3800,60.00000,-40.00000,0.027908,19.199861,0.001089,19.199881,0.0048207,0.0000088,0.0010680,-0.015879,-0.015749,-4.67413120e-06,1.20804671e-08,-1.09325229e-10,1.68921154e-11,-4.63568463e-06,1.19734207e-08,-1.10259074e-10,1.65318034e-11,1.54644642e-09,4.99840188e-10,3.388e-21,4.235e-22
9.4000,60.00000,-40.00000,0.027908,19.199859,0.001089,19.199879,0.0048207,0.0000088,0.0010680,-0.014800,-0.014700,-4.35417403e-06,1.37181345e-08,1.99913396e-10,8.01660184e-12,-4.32496681e-06,1.36199621e-08,1.97703308e-10,7.79014782e-12,1.54644642e-09,5.00468273e-10,8.470e-22,8.470e-22
9.4200,60.00000,-40.00000,0.027908,19.199857,0.001089,19.199877,0.0048207,0.0000088,0.0010680,-0.013460,-0.013394,-3.96465840e-06,7.97663310e-09,1.46325614e-10,2.17880309e-11,-3.94518199e-06,7.93146155e-09,1.45018484e-10,2.15753711e-11,1.54644642e-09,5.01401980e-10,8.470e-22,4.235e-22
9.4400,60.00000,-40.00000,0.027907,19.199854,0.001089,19.199874,0.0048207,0.0000088,0.0010680,-0.011894,-0.011862,-3.51190594e-06,-1.76476980e-09,-1.12250472e-10,1.68893621e-11,-3.50248337e-06,-1.73971718e-09,-1.11737076e-10,1.67860490e-11,1.54644642e-09,5.02667504e-10,3.388e-21,3.176e-22
9.4600,60.00000,-40.00000,0.027907,19.199851,0.001089,19.199871,0.0048207,0.0000088,0.0010680,-0.010142,-0.010145,-3.00321702e-06,-9.80116519e-09,2.26400732e-10,4.14771776e-12,-3.00399785e-06,-9.72542651e-09,2.25541627e-10,4.20195921e-12,1.54644642e-09,5.04265432e-10,6.776e-21,5.294e-22
9.4800,60.00000,-40.00000,0.027907,19.199847,0.001089,19.199867,0.0048207,0.0000088,0.0010680,-0.008252,-0.008289,-2.44680692e-06,-1.14946999e-08,5.66390428e-11,1.42849988e-11,-2.45776437e-06,-1.14125834e-08,5.73379771e-11,1.43778734e-11,1.54644642e-09,5.06177091e-10,1.694e-21,4.235e-22
9.5000,60.00000,-40.00000,0.027907,19.199844,0.001088,19.199863,0.0048207,0.0000088,0.0010679,-0.006254,-0.006325,-1.85168017e-06,-5.99000328e-09,-1.11031699e-10,1.31479923e-11,-1.87261112e-06,-5.94419953e-09,-1.09017133e-10,1.33333543e-11,1.54644642e-09,5.08367838e-10,3.388e-21,8.470e-22
9.5200,60.00000,-40.00000,0.027906,19.199840,0.001088,19.199859,0.0048207,0.0000088,0.0010679,-0.004170,-0.004273,-1.22750029e-06,3.30699616e-09,2.03695968e-10,-3.31725926e-12,-1.25802822e-06,3.30059676e-09,2.04495864e-10,-2.95968509e-12,1.54644642e-09,5.10782625e-10,1.694e-21,4.235e-22
9.5400,60.00000,-40.00000,0.027906,19.199835,0.001088,19.199855,0.0048207,0.0000088,0.0010679,-0.002017,-0.002151,-5.84420288e-07,1.07693426e-08,-5.82394469e-11,1.48501017e-12,-6.24001649e-07,1.07306980e-08,-5.54749300e-11,1.89690290e-12,1.54644642e-09,5.13347615e-10,3.388e-21,0.000e+00
9.5600,60.00000,-40.00000,0.027906,19.199831,0.001088,19.199851,0.0048207,0.0000088,0.0010679,0.000187,0.000024,6.71407936e-08,1.19004881e-08,-1.12043545e-10,5.27075766e-12,1.92063394e-08,1.18729568e-08,-1.08729731e-10,5.72777143e-12,1.54644642e-09,5.15981836e-10,6.776e-21,4.235e-22
9.5800,60.00000,-40.00000,0.027906,19.199827,0.001088,19.199847,0.0048207,0.0000088,0.0010679,0.002409,0.002221,7.16679293e-07,5.97242300e-09,1.61618516e-10,-9.36434308e-12,6.61235749e-07,5.99654496e-09,1.63817542e-10,-8.77445742e-12,1.54644642e-09,5.18604304e-10,1.694e-21,9.529e-22
9.6000,60.00000,-40.00000,0.027906,19.199823,0.001088,19.199843,0.0048207,0.0000088,0.0010678,0.004599,0.004388,1.35377840e-06,-3.57374949e-09,-1.43685923e-10,-7.92887934e-12,1.29179789e-06,-3.48466090e-09,-1.39496708e-10,-7.29703080e-12,1.54644642e-09,5.21132835e-10,4.235e-21,4.235e-22
9.6200,60.00000,-40.00000,0.027906,19.199819,0.001088,19.199839,0.0048206,0.0000088,0.0010678,0.006707,0.006478,1.96827103e-06,-1.11802145e-08,-8.22283273e-11,-7.80065409e-14,1.90083636e-06,-1.10482886e-08,-7.82824352e-11,5.50083100e-13,1.54644642e-09,5.23487614e-10,2.541e-21,1.694e-21
9.6400,60.00000,-40.00000,0.027905,19.199815,0.001088,19.199835,0.0048206,0.0000088,0.0010678,0.008684,0.008441,2.55034621e-06,-1.24777503e-08,1.12863444e-10,-1.24190458e-11,2.47863245e-06,-1.23476683e-08,1.16012820e-10,-1.16974621e-11,1.54644642e-09,5.25602223e-10,4.235e-21,4.235e-22
9.6600,60.00000,-40.00000,0.027905,19.199812,0.001088,19.199832,0.0048206,0.0000088,0.0010678,0.010495,0.010241,3.09068296e-06,-6.85050409e-09,-2.14480306e-10,-1.67621330e-11,3.01593785e-06,-6.76341958e-09,-2.09407332e-10,-1.59946646e-11,1.54644642e-09,5.27429245e-10,5.082e-21,4.235e-22
9.6800,60.00000,-40.00000,0.027905,19.199809,0.001088,19.199829,0.0048206,0.0000088,0.0010678,0.012125,0.011866,3.58060939e-06,2.23866215e-09,-6.43898332e-11,-8.66191049e-12,3.50413218e-06,2.26881532e-09,-6.01942798e-11,-7.92801280e-12,1.54644642e-09,5.28937131e-10,1.694e-21,6.353e-22
9.7000,60.00000,-40.00000,0.027905,19.199806,0.001088,19.199826,0.0048206,0.0000088,0.0010677,0.013564,0.013303,4.01224361e-06,9.31462128e-09,3.38208135e-11,-1.74050200e-11,3.93536289e-06,9.30856737e-09,3.75724482e-11,-1.66326399e-11,1.54644642e-09,5.30110890e-10,5.082e-21,4.235e-22
9.7200,60.00000,-40.00000,0.027905,19.199804,0.001088,19.199823,0.0048206,0.0000088,0.0010677,0.014801,0.014544,4.37866773e-06,1.01444662e-08,-2.67004394e-10,-2.45435560e-11,4.30271787e-06,1.01443549e-08,-2.61751730e-10,-2.37516281e-11,1.54644642e-09,5.30959440e-10,2.541e-21,3.176e-22
9.7400,60.00000,-40.00000,0.027905,19.199802,0.001088,19.199822,0.0048206,0.0000088,0.0010677,0.015823,0.015573,4.67407281e-06,4.23054571e-09,-3.44055685e-11,-1.49229040e-11,4.60036991e-06,4.27410140e-09,-3.06964563e-11,-1.42134648e-11,1.54644642e-09,5.31516299e-10,1.059e-21,2.118e-22
9.7600,60.00000,-40.00000,0.027905,19.199800,0.001088,19.199820,0.0048206,0.0000088,0.0010677,0.016599,0.016361,4.89383402e-06,-4.93453487e-09,-2.49670539e-11,-1.70761751e-11,4.82365253e-06,-4.83694040e-09,-2.14322956e-11,-1.64021632e-11,1.54644642e-09,5.31831107e-10,2.541e-21,4.235e-22
9.7800,60.00000,-40.00000,0.027906,19.199799,0.001088,19.199819,0.0048206,0.0000088,0.0010677,0.017099,0.016877,5.03457627e-06,-1.19515093e-08,-2.65154419e-10,-2.51836249e-11,4.96912668e-06,-1.18234425e-08,-2.60676670e-10,-2.45183871e-11,1.54644642e-09,5.31965189e-10,1.271e-21,1.323e-22
9.8000,60.00000,-40.00000,0.027906,19.199799,0.001088,19.199819,0.0048206,0.0000088,0.0010677,0.017304,0.017102,5.09419123e-06,-1.27152509e-08,8.99453338e-12,-1.72479390e-11,5.03459956e-06,-1.26005959e-08,1.15963765e-11,-1.66812642e-11,1.54644642e-09,5.31993487e-10,5.294e-23,2.647e-23
9.8200,60.00000,-40.00000,0.027906,19.199799,0.001088,19.199819,0.0048206,0.0000088,0.0010677,0.017208,0.017030,5.07182611e-06,-6.83539469e-09,-8.09637756e-11,-1.56982808e-11,5.01911551e-06,-6.77268993e-09,-7.81157898e-11,-1.52077295e-11,1.54644642e-09,5.32000746e-10,2.118e-22,5.294e-23
9.8400,60.00000,-40.00000,0.027906,19.199800,0.001088,19.199820,0.0048206,0.0000088,0.0010677,0.016825,0.016673,4.96791237e-06,2.17248915e-09,-2.49125118e-10,-2.52318779e-11,4.92298611e-06,2.17230960e-09,-2.45873161e-10,-2.47639612e-11,1.54644642e-09,5.32070289e-10,4.235e-22,2.382e-22
9.8600,60.00000,-40.00000,0.027906,19.199801,0.001088,19.199821,0.0048206,0.0000088,0.0010677,0.016180,0.016057,4.78417471e-06,8.98922285e-09,3.22082852e-11,-2.01572553e-11,4.74780089e-06,8.94864323e-09,3.34652899e-11,-1.97940394e-11,1.54644642e-09,5.32277909e-10,1.694e-21,1.588e-22
9.8800,60.00000,-40.00000,0.027906,19.199802,0.001088,19.199822,0.0048206,0.0000088,0.0010677,0.015295,0.015203,4.52362567e-06,9.63935245e-09,-1.30300866e-10,-1.38854084e-11,4.49642375e-06,9.60034727e-09,-1.28551418e-10,-1.36448463e-11,1.54644642e-09,5.32692884e-10,3.388e-21,2.118e-22
9.9000,60.00000,-40.00000,0.027907,19.199805,0.001088,19.199824,0.0048206,0.0000088,0.0010677,0.014186,0.014126,4.19056068e-06,3.83599090e-09,-1.96503983e-10,-2.05760460e-11,4.17299003e-06,3.83464900e-09,-1.95043666e-10,-2.03934513e-11,1.54644642e-09,5.33374130e-10,8.470e-22,2.118e-22
9.9200,60.00000,-40.00000,0.027907,19.199807,0.001089,19.199827,0.0048206,0.0000088,0.0010677,0.012861,0.012834,3.79047745e-06,-4.88563240e-09,7.18369168e-11,-1.68007039e-11,3.78282893e-06,-4.84065728e-09,7.13410240e-11,-1.67286096e-11,1.54644642e-09,5.34360549e-10,5.790e-24,1.059e-22
9.9400,60.00000,-40.00000,0.027907,19.199810,0.001089,19.199830,0.0048206,0.0000088,0.0010678,0.011321,0.011329,3.32995680e-06,-1.12883767e-08,-1.39218535e-10,-7.04076789e-12,3.33234793e-06,-1.12208830e-08,-1.39007732e-10,-7.11209222e-12,1.54644642e-09,5.35667996e-10,3.388e-21,8.470e-22
9.9600,60.00000,-40.00000,0.027907,19.199813,0.001089,19.199833,0.0048206,0.0000088,0.0010678,0.009582,0.009624,2.81653754e-06,-1.15297167e-08,-1.12682183e-10,-1.16722983e-11,2.82891102e-06,-1.14816833e-08,-1.13236194e-10,-1.18072100e-11,1.54644642e-09,5.37294103e-10,5.082e-21,8.470e-22
9.9800,60.00000,-40.00000,0.027908,19.199817,0.001089,19.199837,0.0048206,0.0000088,0.0010678,0.007672,0.007747,2.25855363e-06,-5.42753336e-09,9.81985851e-11,-1.19499629e-11,2.28067946e-06,-5.43403025e-09,9.61126423e-11,-1.21624918e-11,1.54644642e-09,5.39219247e-10,1.186e-20,8.470e-22
10.0000,60.00000,-40.00000,0.027908,19.199821,0.001089,19.199841,0.0048206,0.0000088,0.0010678,0.005629,0.005736,1.66499911e-06,3.46043915e-09,-1.45966824e-10,-2.36214818e-12,1.69647957e-06,3.39211877e-09,-1.47122996e-10,-2.70221519e-12,1.54644642e-09,5.41402295e-10,5.082e-21,4.235e-22
10.0200,60.00000,-40.00000,0.027908,19.199825,0.001089,19.199845,0.0048207,0.0000088,0.0010678,0.003508,0.003645,1.04541980e-06,9.97113891e-09,-3.64363743e-11,-4.49064994e-12,1.08569657e-06,9.86574683e-09,-3.87237264e-11,-4.89419085e-12,1.54644642e-09,5.43782739e-10,3.388e-21,4.235e-22
10.0400,60.00000,-40.00000,0.027908,19.199829,0.001089,19.199849,0.0048207,0.0000088,0.0010679,0.001354,0.001518,4.09776571e-07,1.03856162e-08,1.07055672e-10,-6.56499087e-12,4.58140240e-07,1.02853449e-08,1.03706391e-10,-7.02385495e-12,1.54644642e-09,5.46290066e-10,3.388e-21,4.235e-22
10.0600,60.00000,-40.00000,0.027908,19.199833,0.001089,19.199853,0.0048207,0.0000088,0.0010679,-0.000801,-0.000613,-2.31684357e-07,4.61424613e-09,-1.25948876e-10,3.87511582e-12,-1.76082524e-07,4.55394293e-09,-1.28386020e-10,3.30130092e-12,1.54644642e-09,5.48848326e-10,6.776e-21,1.694e-21
10.0800,60.00000,-40.00000,0.027909,19.199837,0.001089,19.199857,0.0048207,0.0000088,0.0010679,-0.002930,-0.002720,-8.68588041e-07,-3.77650589e-09,5.95993435e-11,6.11809331e-12,-8.06721973e-07,-3.78953454e-09,5.57625569e-11,5.47997154e-12,1.54644642e-09,5.51375456e-10,3.388e-21,8.470e-22
10.1000,60.00000,-40.00000,0.027909,19.199841,0.001089,19.199861,0.0048207,0.0000088,0.0010679,-0.005018,-0.004790,-1.49063850e-06,-9.70802881e-09,1.24021415e-10,2.95363898e-12,-1.42359024e-06,-9.69759610e-09,1.19740599e-10,2.29499924e-12,1.54644642e-09,5.53788692e-10,6.776e-21,8.470e-22
10.1200,60.00000,-40.00000,0.027909,19.199845,0.001089,19.199865,0.0048207,0.0000088,0.0010679,-0.007042,-0.006801,-2.08780676e-06,-9.59461231e-09,-8.30463955e-11,1.09474080e-11,-2.01674711e-06,-9.60075896e-09,-8.63875144e-11,1.02239751e-11,1.54644642e-09,5.56015394e-10,1.694e-21,1.059e-21
10.1400,60.00000,-40.00000,0.027909,19.199848,0.001089,19.199868,0.0048207,0.0000088,0.0010680,-0.008969,-0.008719,-2.65051265e-06,-3.44809449e-09,1.37646549e-10,1.43441580e-11,-2.57668004e-06,-3.50265991e-09,1.32977661e-10,1.35901452e-11,1.54644642e-09,5.57997844e-10,3.388e-21,4.235e-22
10.1600,60.00000,-40.00000,0.027909,19.199852,0.001089,19.199872,0.0048207,0.0000088,0.0010680,-0.010758,-0.010502,-3.16979245e-06,5.14849235e-09,1.09862721e-10,9.03537923e-12,-3.09447062e-06,5.04133482e-09,1.05473952e-10,8.30934199e-12,1.54644642e-09,5.59691663e-10,1.694e-21,7.412e-22
10.1800,60.00000,-40.00000,0.027909,19.199855,0.001089,19.199875,0.0048207,0.0000088,0.0010680,-0.012363,-0.012107,-3.63740382e-06,1.11895911e-08,-5.03027497e-11,1.35922582e-11,-3.56189952e-06,1.10562018e-08,-5.38495569e-11,1.28540743e-11,1.54644642e-09,5.61068381e-10,3.388e-21,5.294e-22
10.2000,60.00000,-40.00000,0.027909,19.199857,0.001089,19.199877,0.0048207,0.0000088,0.0010680,-0.013747,-0.013494,-4.04592693e-06,1.12096825e-08,1.88359202e-10,1.90807630e-11,-3.97154772e-06,1.10917325e-08,1.83596630e-10,1.83317834e-11,1.54644642e-09,5.62122253e-10,1.694e-21,4.235e-22
10.2200,60.00000,-40.00000,0.027909,19.199860,0.001089,19.199879,0.0048207,0.0000088,0.0010680,-0.014889,-0.014645,-4.38887093e-06,5.30949474e-09,9.14765640e-11,1.50343130e-11,-4.31690321e-06,5.23983134e-09,8.75176193e-11,1.43347333e-11,1.54644642e-09,5.62870436e-10,2.541e-21,4.235e-22
10.2400,60.00000,-40.00000,0.027909,19.199861,0.001089,19.199881,0.0048207,0.0000088,0.0010680,-0.015783,-0.015551,-4.66076259e-06,-2.92468319e-09,2.86845882e-12,1.74828291e-11,-4.59245004e-06,-2.94082815e-09,-4.92234693e-13,1.68129115e-11,1.54644642e-09,5.63346739e-10,8.470e-22,5.294e-23
10.2600,60.00000,-40.00000,0.027909,19.199863,0.001089,19.199883,0.0048207,0.0000088,0.0010680,-0.016429,-0.016214,-4.85726469e-06,-8.56980568e-09,2.30965141e-10,2.38954800e-11,-4.79378684e-06,-8.55707377e-09,2.26681713e-10,2.32442334e-11,1.54644642e-09,5.63599849e-10,2.541e-21,5.294e-23
10.2800,60.00000,-40.00000,0.027908,19.199863,0.001089,19.199883,0.0048207,0.0000088,0.0010681,-0.016830,-0.016635,-4.97528354e-06,-8.28604135e-09,6.94946194e-11,1.98921141e-11,-4.91773478e-06,-8.28349397e-09,6.65448112e-11,1.93246541e-11,1.54644642e-09,5.63695314e-10,2.118e-22,1.059e-22
10.3000,60.00000,-40.00000,0.027908,19.199864,0.001089,19.199884,0.0048207,0.0000088,0.0010681,-0.016978,-0.016807,-5.01302394e-06,-2.26813712e-09,4.30325245e-11,1.77303604e-11,-4.96239409e-06,-2.30548572e-09,4.05238130e-11,1.72497415e-11,1.54644642e-09,5.63710917e-10,3.474e-23,1.323e-23
10.3200,60.00000,-40.00000,0.027908,19.199863,0.001089,19.199883,0.0048207,0.0000088,0.0010680,-0.016860,-0.016714,-4.97002602e-06,5.89141366e-09,2.25431678e-10,2.22523188e-11,-4.92718265e-06,5.81184526e-09,2.22445923e-10,2.18279929e-11,1.54644642e-09,5.63726601e-10,5.294e-22,1.456e-22
10.3400,60.00000,-40.00000,0.027908,19.199863,0.001089,19.199882,0.0048207,0.0000088,0.0010680,-0.016463,-0.016346,-4.84714818e-06,1.13485459e-08,2.16934683e-11,1.88599115e-11,-4.81282166e-06,1.12534205e-08,2.03411042e-11,1.85344217e-11,1.54644642e-09,5.63819638e-10,8.470e-22,3.176e-22
10.3600,60.00000,-40.00000,0.027908,19.199861,0.001089,19.199881,0.0048207,0.0000088,0.0010680,-0.015781,-0.015695,-4.64650649e-06,1.08830615e-08,6.63806303e-11,1.45209557e-11,-4.62127816e-06,1.08123143e-08,6.51432195e-11,1.43041460e-11,1.54644642e-09,5.64064599e-10,5.929e-21,3.176e-22
10.3800,60.00000,-40.00000,0.027907,19.199860,0.001089,19.199879,0.0048207,0.0000088,0.0010680,-0.014828,-0.014774,-4.37143133e-06,4.77969818e-09,1.99386881e-10,1.88154377e-11,-4.35572433e-06,4.76306778e-09,1.98004385e-10,1.86627604e-11,1.54644642e-09,5.64528198e-10,1.271e-21,2.118e-22
10.4000,60.00000,-40.00000,0.027907,19.199857,0.001089,19.199877,0.0048207,0.0000088,0.0010680,-0.013632,-0.013612,-4.02641105e-06,-3.36525949e-09,-1.18222179e-11,1.79117194e-11,-4.02048371e-06,-3.32556948e-09,-1.15484311e-11,1.78493024e-11,1.54644642e-09,5.65260361e-10,1.694e-21,1.059e-22
10.4200,60.00000,-40.00000,0.027907,19.199855,0.001089,19.199875,0.0048207,0.0000088,0.0010680,-0.012226,-0.012240,-3.61703313e-06,-8.78699314e-09,9.35943657e-11,1.21355337e-11,-3.62097490e-06,-8.71731106e-09,9.36964029e-11,1.21932854e-11,1.54644642e-09,5.66291686e-10,5.082e-21,4.235e-22
10.4400,60.00000,-40.00000,0.027907,19.199852,0.001089,19.199872,0.0048207,0.0000088,0.0010680,-0.010644,-0.010691,-3.14993850e-06,-8.37969627e-09,1.54994268e-10,1.37893434e-11,-3.16366799e-06,-8.31898434e-09,1.55385894e-10,1.39289787e-11,1.54644642e-09,5.67636061e-10,2.965e-21,4.235e-22
10.4600,60.00000,-40.00000,0.027907,19.199849,0.001088,19.199868,0.0048207,0.0000088,0.0010680,-0.008912,-0.008991,-2.63272609e-06,-2.51131180e-09,-5.34136441e-11,1.28713094e-11,-2.65599203e-06,-2.48803125e-09,-5.14230203e-11,1.31007278e-11,1.54644642e-09,5.69289026e-10,3.388e-21,6.353e-22
10.4800,60.00000,-40.00000,0.027906,19.199845,0.001088,19.199865,0.0048207,0.0000088,0.0010679,-0.007044,-0.007154,-2.07382171e-06,5.22476551e-09,8.78908551e-11,5.12676519e-12,-2.10620708e-06,5.20928210e-09,8.94977009e-11,5.47755941e-12,1.54644642e-09,5.71223448e-10,1.694e-21,8.470e-22
10.5000,60.00000,-40.00000,0.027906,19.199841,0.001088,19.199861,0.0048207,0.0000088,0.0010679,-0.005057,-0.005195,-1.48233008e-06,1.01506947e-08,7.64000606e-11,4.21332612e-12,-1.52325948e-06,1.01226306e-08,7.86010066e-11,4.64223376e-12,1.54644642e-09,5.73392064e-10,5.082e-21,5.294e-22
10.5200,60.00000,-40.00000,0.027906,19.199837,0.001088,19.199857,0.0048207,0.0000088,0.0010679,-0.002972,-0.003138,-8.67845819e-07,9.28044398e-09,-9.55220589e-11,4.96419599e-12,-9.16596211e-07,9.27744628e-09,-9.21033872e-11,5.44970240e-12,1.54644642e-09,5.75735352e-10,1.694e-21,8.470e-22
10.5400,60.00000,-40.00000,0.027906,19.199833,0.001088,19.199853,0.0048207,0.0000088,0.0010679,-0.000824,-0.001013,-2.40278574e-07,3.07038552e-09,7.73359405e-11,-1.21576278e-12,-2.95992843e-07,3.11878040e-09,8.00679812e-11,-6.46590568e-13,1.54644642e-09,5.78184718e-10,3.388e-21,4.235e-22
10.5600,60.00000,-40.00000,0.027906,19.199829,0.001088,19.199849,0.0048207,0.0000088,0.0010679,0.001339,0.001130,3.90292974e-07,-4.88092515e-09,7.96148911e-12,-2.89250069e-12,3.28590582e-07,-4.78204969e-09,1.14287363e-11,-2.27030434e-12,1.54644642e-09,5.80662415e-10,6.776e-21,4.235e-22
10.5800,60.00000,-40.00000,0.027906,19.199825,0.001088,19.199845,0.0048207,0.0000088,0.0010678,0.003468,0.003242,1.01377160e-06,-9.97329187e-09,-1.11424323e-10,-1.03097639e-12,9.47158328e-07,-9.85184540e-09,-1.07208022e-10,-3.84633053e-13,1.54644642e-09,5.83087348e-10,5.082e-21,1.271e-21
10.6000,60.00000,-40.00000,0.027905,19.199821,0.001088,19.199841,0.0048207,0.0000088,0.0010678,0.005522,0.005283,1.62016933e-06,-9.32812820e-09,6.15356263e-11,-6.58239870e-12,1.54980560e-06,-9.22280321e-09,6.49595642e-11,-5.88249162e-12,1.54644642e-09,5.85384396e-10,2.541e-21,8.470e-22
10.6200,60.00000,-40.00000,0.027905,19.199818,0.001088,19.199837,0.0048206,0.0000088,0.0010678,0.007465,0.007218,2.19974208e-06,-3.47563098e-09,-6.72186827e-11,-1.08591174e-11,2.12685210e-06,-3.41344273e-09,-6.29119665e-11,-1.01208987e-11,1.54644642e-09,5.87488089e-10,1.016e-20,5.294e-22
10.6400,60.00000,-40.00000,0.027905,19.199814,0.001088,19.199834,0.0048206,0.0000088,0.0010678,0.009281,0.009030,2.74316246e-06,3.99311225e-09,-1.32115680e-10,-9.72693953e-12,2.66901327e-06,4.01210100e-09,-1.27556066e-10,-8.99255647e-12,1.54644642e-09,5.89342660e-10,3.388e-21,1.271e-21
10.6600,60.00000,-40.00000,0.027905,19.199811,0.001088,19.199831,0.0048206,0.0000088,0.0010678,0.010955,0.010704,3.24168563e-06,8.56716291e-09,2.34101092e-11,-1.36876891e-11,3.16756508e-06,8.56903953e-09,2.70966476e-11,-1.29460166e-11,1.54644642e-09,5.90906726e-10,3.388e-21,1.271e-21
10.6800,60.00000,-40.00000,0.027905,19.199808,0.001088,19.199828,0.0048206,0.0000088,0.0010677,0.012468,0.012222,3.68731616e-06,7.48509558e-09,-1.35669787e-10,-1.79311430e-11,3.61451010e-06,7.50580059e-09,-1.31201853e-10,-1.71925723e-11,1.54644642e-09,5.92160232e-10,6.776e-21,4.235e-22
10.7000,60.00000,-40.00000,0.027905,19.199806,0.001088,19.199825,0.0048206,0.0000088,0.0010677,0.013796,0.013558,4.07296502e-06,1.35803214e-09,-1.28687402e-10,-1.54975387e-11,4.00273419e-06,1.42130910e-09,-1.24592790e-10,-1.48090689e-11,1.54644642e-09,5.93104718e-10,5.082e-21,4.235e-22
10.7200,60.00000,-40.00000,0.027906,19.199804,0.001088,19.199823,0.0048206,0.0000088,0.0010677,0.014905,0.014679,4.39254777e-06,-6.22182187e-09,1.67811038e-12,-1.60948375e-11,4.32610561e-06,-6.11900905e-09,4.86660040e-12,-1.54522685e-11,1.54644642e-09,5.93758917e-10,2.541e-21,4.235e-22
10.7400,60.00000,-40.00000,0.027906,19.199802,0.001088,19.199822,0.0048206,0.0000088,0.0010677,0.015762,0.015553,4.64105806e-06,-1.08231618e-08,-1.69093005e-10,-1.98300476e-11,4.57954979e-06,-1.07092092e-08,-1.65261850e-10,-1.92229451e-11,1.54644642e-09,5.94158488e-10,1.117e-23,1.588e-22
10.7600,60.00000,-40.00000,0.027906,19.199801,0.001088,19.199821,0.0048206,0.0000088,0.0010677,0.016347,0.016158,4.81462618e-06,-9.79201860e-09,-1.05527146e-10,-1.82235374e-11,4.75910951e-06,-9.70424213e-09,-1.02498573e-10,-1.76855301e-11,1.54644642e-09,5.94357645e-10,4.235e-22,3.176e-22
10.7800,60.00000,-40.00000,0.027906,19.199800,0.001088,19.199820,0.0048206,0.0000088,0.0010677,0.016652,0.016487,4.91055098e-06,-3.80928400e-09,-2.57703764e-11,-1.77813425e-11,4.86197867e-06,-3.77222929e-09,-2.34647048e-11,-1.73156618e-11,1.54644642e-09,5.94424452e-10,2.118e-22,1.059e-22
10.8000,60.00000,-40.00000,0.027906,19.199800,0.001088,19.199820,0.0048206,0.0000088,0.0010677,0.016683,0.016545,4.92735134e-06,3.54031283e-09,-1.95742063e-10,-2.16738214e-11,4.88655529e-06,3.52884572e-09,-1.92956726e-10,-2.12644576e-11,1.54644642e-09,5.94432632e-10,1.588e-22,3.970e-23
10.8200,60.00000,-40.00000,0.027906,19.199800,0.001088,19.199820,0.0048206,0.0000088,0.0010677,0.016457,0.016348,4.86481810e-06,7.90987198e-09,-8.41259344e-11,-2.06853453e-11,4.83249495e-06,7.87688236e-09,-8.25080884e-11,-2.03634841e-11,1.54644642e-09,5.94458174e-10,8.470e-22,2.118e-22
10.8400,60.00000,-40.00000,0.027907,19.199801,0.001088,19.199821,0.0048206,0.0000088,0.0010677,0.015984,0.015905,4.72403324e-06,6.75591317e-09,-4.99873410e-11,-1.76594458e-11,4.70073206e-06,6.73668715e-09,-4.89533982e-11,-1.74437847e-11,1.54644642e-09,5.94578281e-10,3.388e-21,2.118e-22
10.8600,60.00000,-40.00000,0.027907,19.199803,0.001088,19.199822,0.0048206,0.0000088,0.0010677,0.015269,0.015222,4.50737509e-06,8.28928511e-10,-1.87190729e-10,-1.89329880e-11,4.49348736e-06,8.45783935e-10,-1.85987415e-10,-1.88037211e-11,1.54644642e-09,5.94865032e-10,1.694e-21,6.353e-22
10.8800,60.00000,-40.00000,0.027907,19.199804,0.001089,19.199824,0.0048206,0.0000088,0.0010677,0.014315,0.014301,4.21847498e-06,-6.29496482e-09,-3.53578919e-11,-1.73063453e-11,4.21422754e-06,-6.24600024e-09,-3.55563988e-11,-1.72759131e-11,1.54644642e-09,5.95376906e-10,1.694e-21,1.059e-22
10.9000,60.00000,-40.00000,0.027907,19.199807,0.001089,19.199827,0.0048206,0.0000088,0.0010677,0.013121,0.013140,3.86212329e-06,-1.03525302e-08,-4.95916879e-11,-1.26683215e-11,3.86757483e-06,-1.02992306e-08,-5.01047557e-11,-1.27510431e-11,1.54644642e-09,5.96156442e-10,8.470e-22,2.118e-22
10.9200,60.00000,-40.00000,0.027907,19.199809,0.001089,19.199829,0.0048206,0.0000088,0.0010678,0.011700,0.011751,3.44417210e-06,-8.91080281e-09,-1.50912108e-10,-1.29588030e-11,3.45921288e-06,-8.88812875e-09,-1.51430160e-10,-1.31248700e-11,1.54644642e-09,5.97231313e-10,1.186e-20,1.059e-21
10.9400,60.00000,-40.00000,0.027908,19.199812,0.001089,19.199832,0.0048206,0.0000088,0.0010678,0.010078,0.010161,2.97142198e-06,-2.79034596e-09,9.17967099e-12,-1.29023203e-11,2.99577663e-06,-2.81960578e-09,7.32662784e-12,-1.31466745e-11,1.54644642e-09,5.98611326e-10,6.776e-21,1.059e-21
10.9600,60.00000,-40.00000,0.027908,19.199816,0.001089,19.199836,0.0048206,0.0000088,0.0010678,0.008292,0.008404,2.45150975e-06,4.43975044e-09,-5.58737313e-11,-8.62852106e-12,2.48474274e-06,4.36359043e-09,-5.77004431e-11,-8.97010575e-12,1.54644642e-09,6.00284348e-10,5.082e-21,8.470e-22
10.9800,60.00000,-40.00000,0.027908,19.199819,0.001089,19.199839,0.0048206,0.0000088,0.0010678,0.006384,0.006525,1.89281857e-06,8.59388040e-09,-1.10035645e-10,-7.55767093e-12,1.93434185e-06,8.49920619e-09,-1.12069468e-10,-7.97631832e-12,1.54644642e-09,6.02218447e-10,6.776e-21,2.118e-22
11.0000,60.00000,-40.00000,0.027908,19.199823,0.001089,19.199843,0.0048207,0.0000088,0.0010678,0.004395,0.004562,1.30436497e-06,7.34103610e-09,5.00547001e-11,-7.14570907e-12,1.35344782e-06,7.26288180e-09,4.68045303e-11,-7.63000932e-12,1.54644642e-09,6.04367347e-10,2.541e-21,7.412e-22
11.0200,60.00000,-40.00000,0.027908,19.199827,0.001089,19.199847,0.0048207,0.0000088,0.0010679,0.002352,0.002541,6.95663851e-07,1.56210114e-09,-4.32262563e-11,-1.79287172e-12,7.51445182e-07,1.52172161e-09,-4.62159633e-11,-2.36046732e-12,1.54644642e-09,6.06671837e-10,3.388e-21,8.470e-22
11.0400,60.00000,-40.00000,0.027909,19.199831,0.001089,19.199851,0.0048207,0.0000088,0.0010679,0.000277,0.000485,7.65783274e-08,-5.19197519e-09,-4.05054546e-11,1.52400936e-12,1.38081320e-07,-5.19917782e-09,-4.38741013e-11,8.93604241e-13,1.54644642e-09,6.09060121e-10,3.388e-21,6.353e-22
11.0600,60.00000,-40.00000,0.027909,19.199835,0.001089,19.199855,0.0048207,0.0000088,0.0010679,-0.001809,-0.001585,-5.42870658e-07,-8.82238090e-09,9.89345080e-11,1.89682594e-12,-4.76721296e-07,-8.82341898e-09,9.46848425e-11,1.23341253e-12,1.54644642e-09,6.11454162e-10,3.388e-21,4.235e-22
11.0800,60.00000,-40.00000,0.027909,19.199839,0.001089,19.199859,0.0048207,0.0000088,0.0010679,-0.003882,-0.003646,-1.15269382e-06,-7.10789006e-09,-2.08598226e-11,5.80420090e-12,-1.08305249e-06,-7.13544948e-09,-2.45200003e-11,5.10294235e-12,1.54644642e-09,6.13778228e-10,3.309e-24,5.294e-22
11.1000,60.00000,-40.00000,0.027909,19.199843,0.001089,19.199862,0.0048207,0.0000088,0.0010679,-0.005903,-0.005659,-1.74310051e-06,-9.98386939e-10,2.24937937e-11,8.70807550e-12,-1.67118005e-06,-1.07085182e-09,1.84602591e-11,7.98486936e-12,1.54644642e-09,6.15962209e-10,2.541e-21,5.294e-22
11.1200,60.00000,-40.00000,0.027909,19.199846,0.001089,19.199866,0.0048207,0.0000088,0.0010680,-0.007829,-0.007581,-2.30465827e-06,5.96458203e-09,1.20013703e-10,7.95776694e-12,-2.23170839e-06,5.85453639e-09,1.15559546e-10,7.24289341e-12,1.54644642e-09,6.17942839e-10,1.694e-21,1.271e-21
11.1400,60.00000,-40.00000,0.027909,19.199850,0.001089,19.199869,0.0048207,0.0000088,0.0010680,-0.009617,-0.009370,-2.82841793e-06,9.75800236e-09,-8.93041805e-12,1.04194136e-11,-2.75570366e-06,9.63948879e-09,-1.26001212e-11,9.70661537e-12,1.54644642e-09,6.19669138e-10,5.082e-21,7.412e-22
11.1600,60.00000,-40.00000,0.027909,19.199853,0.001089,19.199872,0.0048207,0.0000088,0.0010680,-0.011230,-0.010988,-3.30602448e-06,8.25699860e-09,7.73695889e-11,1.41417436e-11,-3.23480481e-06,8.16410106e-09,7.32750341e-11,1.34328032e-11,1.54644642e-09,6.21108635e-10,1.694e-21,6.353e-22
11.1800,60.00000,-40.00000,0.027909,19.199855,0.001089,19.199875,0.0048207,0.0000088,0.0010680,-0.012646,-0.012414,-3.72984611e-06,2.46761583e-09,1.35995571e-10,1.44061835e-11,-3.66135275e-06,2.41979724e-09,1.31875088e-10,1.37297363e-11,1.54644642e-09,6.22247790e-10,8.470e-21,2.118e-22
11.2000,60.00000,-40.00000,0.027909,19.199858,0.001089,19.199878,0.0048207,0.0000088,0.0010680,-0.013855,-0.013636,-4.09309784e-06,-4.09014446e-09,1.87506847e-11,1.62307597e-11,-4.02851423e-06,-4.09885436e-09,1.54971103e-11,1.55918355e-11,1.54644642e-09,6.23089787e-10,6.776e-21,6.353e-22
11.2200,60.00000,-40.00000,0.027909,19.199860,0.001089,19.199880,0.0048207,0.0000088,0.0010680,-0.014849,-0.014647,-4.38997011e-06,-7.47918356e-09,1.32296970e-10,1.96302504e-11,-4.33041094e-06,-7.47587237e-09,1.28693705e-10,1.90315681e-11,1.54644642e-09,6.23656086e-10,8.470e-22,6.353e-22
11.2400,60.00000,-40.00000,0.027908,19.199861,0.001089,19.199881,0.0048207,0.0000088,0.0010680,-0.015620,-0.015439,-4.61575573e-06,-5.67754817e-09,1.37316552e-10,1.90788961e-11,-4.56224704e-06,-5.69362383e-09,1.34180471e-10,1.85506794e-11,1.54644642e-09,6.23988139e-10,2.541e-21,4.235e-22
11.2600,60.00000,-40.00000,0.027908,19.199862,0.001089,19.199882,0.0048207,0.0000088,0.0010680,-0.016153,-0.015995,-4.76693003e-06,2.46415734e-10,3.22495154e-11,1.81593966e-11,-4.72039103e-06,1.94367537e-10,3.00570010e-11,1.77128782e-11,1.54644642e-09,6.24142926e-10,8.470e-22,1.059e-22
11.2800,60.00000,-40.00000,0.027908,19.199863,0.001089,19.199882,0.0048207,0.0000088,0.0010680,-0.016426,-0.016295,-4.84119862e-06,6.78836866e-09,1.52137655e-10,1.96862406e-11,-4.80242556e-06,6.70874046e-09,1.49725053e-10,1.93130321e-11,1.54644642e-09,6.24186221e-10,2.118e-22,6.617e-23
11.3000,60.00000,-40.00000,0.027908,19.199863,0.001089,19.199882,0.0048207,0.0000088,0.0010680,-0.016425,-0.016322,-4.83751624e-06,1.00913896e-08,1.09015267e-10,1.88780352e-11,-4.80716892e-06,1.00127868e-08,1.07407859e-10,1.85915448e-11,1.54644642e-09,6.24190007e-10,3.176e-22,3.970e-23
11.3200,60.00000,-40.00000,0.027908,19.199862,0.001089,19.199882,0.0048207,0.0000088,0.0010680,-0.016143,-0.016071,-4.75606797e-06,8.22913200e-09,3.68854244e-11,1.72158548e-11,-4.73465910e-06,8.18356018e-09,3.60667733e-11,1.70235705e-11,1.54644642e-09,6.24230706e-10,1.059e-22,1.059e-22
11.3400,60.00000,-40.00000,0.027907,19.199861,0.001089,19.199881,0.0048207,0.0000088,0.0010680,-0.015588,-0.015547,-4.59825496e-06,2.32599894e-09,1.60175913e-10,1.85620344e-11,-4.58614207e-06,2.33011408e-09,1.59183104e-10,1.84499479e-11,1.54644642e-09,6.24382614e-10,3.388e-21,3.176e-22
11.3600,60.00000,-40.00000,0.027907,19.199860,0.001089,19.199880,0.0048207,0.0000088,0.0010680,-0.014782,-0.014773,-4.36668275e-06,-4.13265760e-09,8.22597503e-11,1.84816953e-11,-4.36406247e-06,-4.08711304e-09,8.22693738e-11,1.84573206e-11,1.54644642e-09,6.24710450e-10,4.235e-21,2.118e-22
11.3800,60.00000,-40.00000,0.027907,19.199858,0.001089,19.199878,0.0048207,0.0000088,0.0010680,-0.013749,-0.013773,-4.06513264e-06,-7.37137354e-09,4.56541074e-11,1.58349782e-11,-4.07203743e-06,-7.31240829e-09,4.62726100e-11,1.59137582e-11,1.54644642e-09,6.25267033e-10,2.541e-21,6.353e-22
11.4000,60.00000,-40.00000,0.027907,19.199855,0.001088,19.199875,0.0048207,0.0000088,0.0010680,-0.012513,-0.012568,-3.69852950e-06,-5.55698094e-09,1.48039816e-10,1.50861786e-11,-3.71482674e-06,-5.51558348e-09,1.48642707e-10,1.52576221e-11,1.54644642e-09,6.26092538e-10,6.776e-21,6.353e-22
11.4200,60.00000,-40.00000,0.027907,19.199853,0.001088,19.199873,0.0048207,0.0000088,0.0010680,-0.011090,-0.011176,-3.27287492e-06,1.34669835e-10,3.51661956e-11,1.37683479e-11,-3.29826885e-06,1.42855243e-10,3.69122225e-11,1.40296296e-11,1.54644642e-09,6.27210023e-10,2.118e-21,3.176e-22
11.4400,60.00000,-40.00000,0.027906,19.199850,0.001088,19.199869,0.0048207,0.0000088,0.0010680,-0.009492,-0.009607,-2.79513361e-06,6.24132372e-09,3.04009901e-11,9.65784204e-12,-2.82917047e-06,6.22496860e-09,3.25111941e-11,1.00170030e-11,1.54644642e-09,6.28621365e-10,3.388e-21,1.271e-21
11.4600,60.00000,-40.00000,0.027906,19.199846,0.001088,19.199866,0.0048207,0.0000088,0.0010680,-0.007733,-0.007875,-2.27310365e-06,9.07340667e-09,1.05056282e-10,7.57816514e-12,-2.31517990e-06,9.05993972e-09,1.07209806e-10,8.01624651e-12,1.54644642e-09,6.30309053e-10,3.388e-21,4.235e-22
11.4800,60.00000,-40.00000,0.027906,19.199843,0.001088,19.199863,0.0048207,0.0000088,0.0010679,-0.005835,-0.006003,-1.71526473e-06,6.89491521e-09,-1.78273387e-11,6.86681524e-12,-1.76463827e-06,6.91380921e-09,-1.46617157e-11,7.36543821e-12,1.54644642e-09,6.32240061e-10,8.470e-21,3.176e-22
11.5000,60.00000,-40.00000,0.027906,19.199839,0.001088,19.199859,0.0048207,0.0000088,0.0010679,-0.003834,-0.004023,-1.13062373e-06,9.37043657e-10,1.86138950e-11,3.73883126e-12,-1.18642760e-06,1.00193474e-09,2.17653030e-11,4.30140845e-12,1.54644642e-09,6.34366302e-10,5.082e-21,2.118e-22
11.5200,60.00000,-40.00000,0.027906,19.199835,0.001088,19.199855,0.0048207,0.0000088,0.0010679,-0.001773,-0.001981,-5.28585028e-07,-5.35422107e-09,6.42446502e-11,1.56498622e-12,-5.89842828e-07,-5.25391227e-09,6.74571045e-11,2.17892060e-12,1.54644642e-09,6.36625220e-10,5.082e-21,4.235e-22
11.5400,60.00000,-40.00000,0.027906,19.199831,0.001088,19.199851,0.0048207,0.0000088,0.0010679,0.000303,0.000080,8.11814601e-08,-8.36609769e-09,-5.74498072e-11,8.72011632e-13,1.55386700e-08,-8.25919774e-09,-5.34148760e-11,1.51994768e-12,1.54644642e-09,6.38945571e-10,5.082e-21,1.271e-21
11.5600,60.00000,-40.00000,0.027906,19.199827,0.001088,19.199847,0.0048207,0.0000088,0.0010679,0.002356,0.002122,6.88875908e-07,-6.44893967e-09,3.75338128e-12,-2.57121354e-12,6.19991450e-07,-6.36584299e-09,7.50865713e-12,-1.88506674e-12,1.54644642e-09,6.41254273e-10,5.082e-21,1.059e-22
11.5800,60.00000,-40.00000,0.027905,19.199824,0.001088,19.199843,0.0048207,0.0000088,0.0010678,0.004356,0.004116,1.28470841e-06,-8.76370004e-10,6.88810343e-12,-6.25224442e-12,1.21378068e-06,-8.31569784e-10,1.07749617e-11,-5.53733496e-12,1.54644642e-09,6.43479091e-10,6.776e-21,4.235e-22
11.6000,60.00000,-40.00000,0.027905,19.199820,0.001088,19.199840,0.0048206,0.0000088,0.0010678,0.006282,0.006039,1.85907037e-06,4.93367747e-09,-1.04617617e-10,-7.67215283e-12,1.78733218e-06,4.94944225e-09,-1.00192252e-10,-6.95403730e-12,1.54644642e-09,6.45551038e-10,3.388e-21,4.235e-22
11.6200,60.00000,-40.00000,0.027905,19.199816,0.001088,19.199836,0.0048206,0.0000088,0.0010678,0.008116,0.007874,2.40271282e-06,7.45527350e-09,-2.31008577e-11,-1.03436633e-11,2.33140979e-06,7.46871362e-09,-1.92618451e-11,-9.63039169e-12,1.54644642e-09,6.47410827e-10,3.388e-21,8.470e-22
11.6400,60.00000,-40.00000,0.027905,19.199813,0.001088,19.199833,0.0048206,0.0000088,0.0010678,0.009832,0.009596,2.90691180e-06,5.13450005e-09,-4.97873408e-11,-1.32200550e-11,2.83728021e-06,5.17319997e-09,-4.58891137e-11,-1.25226782e-11,1.54644642e-09,6.49014999e-10,1.694e-21,3.176e-22
11.6600,60.00000,-40.00000,0.027906,19.199810,0.001088,19.199830,0.0048206,0.0000088,0.0010678,0.011399,0.011173,3.36362440e-06,-7.04317682e-10,-1.28511470e-10,-1.34085207e-11,3.29686923e-06,-6.28884229e-10,-1.24494361e-10,-1.27517869e-11,1.54644642e-09,6.50336830e-10,1.694e-21,6.353e-22
11.6800,60.00000,-40.00000,0.027906,19.199808,0.001088,19.199827,0.0048206,0.0000088,0.0010677,0.012782,0.012569,3.76560691e-06,-6.66224860e-09,-3.20749639e-11,-1.42241318e-11,3.70288074e-06,-6.56199039e-09,-2.88792390e-11,-1.36143645e-11,1.54644642e-09,6.51365703e-10,6.776e-21,4.235e-22
11.7000,60.00000,-40.00000,0.027906,19.199805,0.001088,19.199825,0.0048206,0.0000088,0.0010677,0.013946,0.013750,4.10650283e-06,-9.28933017e-09,-8.69509082e-11,-1.64986674e-11,4.04888620e-06,-9.19284948e-09,-8.37060194e-11,-1.59350187e-11,1.54644642e-09,6.52109499e-10,8.470e-22,2.118e-22
11.7200,60.00000,-40.00000,0.027906,19.199804,0.001088,19.199823,0.0048206,0.0000088,0.0010677,0.014868,0.014693,4.38092792e-06,-7.11643508e-09,-1.35545233e-10,-1.71084388e-11,4.32941120e-06,-7.05249133e-09,-1.32487447e-10,-1.66058897e-11,1.54644642e-09,6.52596115e-10,4.235e-22,2.118e-22
11.7400,60.00000,-40.00000,0.027906,19.199802,0.001088,19.199822,0.0048206,0.0000088,0.0010677,0.015539,0.015388,4.58454264e-06,-1.50753170e-09,-4.55786417e-11,-1.77468708e-11,4.54000955e-06,-1.48847961e-09,-4.33956795e-11,-1.73135548e-11,1.54644642e-09,6.52869727e-10,1.694e-21,2.382e-22
11.7600,60.00000,-40.00000,0.027906,19.199801,0.001088,19.199821,0.0048206,0.0000088,0.0010677,0.015959,0.015834,4.71412714e-06,4.16696482e-09,-1.24609950e-10,-1.97946157e-11,4.67733981e-06,4.15194254e-09,-1.22391649e-10,-1.94305602e-11,1.54644642e-09,6.52985966e-10,4.235e-22,1.059e-22
11.7800,60.00000,-40.00000,0.027906,19.199801,0.001088,19.199821,0.0048206,0.0000088,0.0010677,0.016132,0.016036,4.76766068e-06,6.53902487e-09,-1.35290124e-10,-2.00041074e-11,4.73924633e-06,6.51693163e-09,-1.33594381e-10,-1.97245285e-11,1.54644642e-09,6.53010357e-10,2.118e-22,1.323e-23
11.8000,60.00000,-40.00000,0.027907,19.199801,0.001088,19.199821,0.0048206,0.0000088,0.0010677,0.016061,0.015995,4.74436967e-06,4.22832227e-09,-5.13107034e-11,-1.87495356e-11,4.72480946e-06,4.22591796e-09,-5.05382147e-11,-1.85673176e-11,1.54644642e-09,6.53016065e-10,1.059e-22,1.323e-22
11.8200,60.00000,-40.00000,0.027907,19.199802,0.001088,19.199822,0.0048206,0.0000088,0.0010677,0.015742,0.015707,4.64474693e-06,-1.35891611e-09,-1.33907650e-10,-1.85990253e-11,4.63436729e-06,-1.33119827e-09,-1.33180249e-10,-1.85099543e-11,1.54644642e-09,6.53077179e-10,1.271e-21,2.118e-22
11.8400,60.00000,-40.00000,0.027907,19.199803,0.001089,19.199823,0.0048206,0.0000088,0.0010677,0.015171,0.015167,4.47053789e-06,-6.87919755e-09,-1.03479874e-10,-1.76410362e-11,4.46950488e-06,-6.83347111e-09,-1.03515956e-10,-1.76464852e-11,1.54644642e-09,6.53261969e-10,4.235e-22,2.118e-22
11.8600,60.00000,-40.00000,0.027907,19.199804,0.001089,19.199824,0.0048206,0.0000088,0.0010677,0.014345,0.014374,4.22468247e-06,-9.04364827e-09,-3.82510883e-11,-1.54363447e-11,4.23299941e-06,-9.00727321e-09,-3.90619984e-11,-1.55397495e-11,1.54644642e-09,6.53630469e-10,8.470e-22,1.059e-22
11.8800,60.00000,-40.00000,0.027908,19.199806,0.001089,19.199826,0.0048206,0.0000088,0.0010677,0.013275,0.013334,3.91124608e-06,-6.55829560e-09,-1.24374721e-10,-1.48058439e-11,3.92875425e-06,-6.55753056e-09,-1.25182179e-10,-1.49950866e-11,1.54644642e-09,6.54232569e-10,1.694e-21,2.118e-22
11.9000,60.00000,-40.00000,0.027908,19.199809,0.001089,19.199829,0.0048206,0.0000088,0.0010678,0.011982,0.012071,3.53534821e-06,-8.70596909e-10,-6.83290564e-11,-1.44064948e-11,3.56173030e-06,-9.14967980e-10,-6.99508933e-11,-1.46748841e-11,1.54644642e-09,6.55102991e-10,2.541e-21,5.823e-22
11.9200,60.00000,-40.00000,0.027908,19.199811,0.001089,19.199831,0.0048206,0.0000088,0.0010678,0.010498,0.010617,3.10308233e-06,4.70228496e-09,-3.17058050e-11,-1.22330050e-11,3.13786840e-06,4.62567880e-09,-3.38601323e-11,-1.25857770e-11,1.54644642e-09,6.56257377e-10,1.694e-21,2.118e-22
11.9400,60.00000,-40.00000,0.027908,19.199815,0.001089,19.199834,0.0048206,0.0000088,0.0010678,0.008859,0.009003,2.62144216e-06,6.94667285e-09,-1.07314903e-10,-1.05238039e-11,2.66401775e-06,6.86557319e-09,-1.09474838e-10,-1.09540217e-11,1.54644642e-09,6.57693212e-10,1.694e-21,4.235e-22
11.9600,60.00000,-40.00000,0.027908,19.199818,0.001089,19.199838,0.0048206,0.0000088,0.0010678,0.007094,0.007262,2.09823113e-06,4.64800615e-09,-2.39852279e-11,-9.03241806e-12,2.14784756e-06,4.58874157e-09,-2.69932029e-11,-9.53079746e-12,1.54644642e-09,6.59391605e-10,3.388e-21,1.271e-21
11.9800,60.00000,-40.00000,0.027908,19.199821,0.001089,19.199841,0.0048207,0.0000088,0.0010678,0.005227,0.005416,1.54193784e-06,-7.12533330e-10,-8.92057112e-12,-5.60533417e-12,1.59772494e-06,-7.40243220e-10,-1.22176018e-11,-6.17221715e-12,1.54644642e-09,6.61316536e-10,3.388e-21,4.235e-22
12.0000,60.00000,-40.00000,0.027909,19.199825,0.001089,19.199845,0.0048207,0.0000088,0.0010678,0.003278,0.003485,9.61593224e-07,-5.85235303e-09,-6.27007449e-11,-2.51042466e-12,1.02257443e-06,-5.86059128e-09,-6.59816566e-11,-3.13286700e-12,1.54644642e-09,6.63415544e-10,6.776e-21,8.470e-22
