t_s,base_dev_angle_deg,base_euler_x_deg,base_euler_y_deg,base_euler_z_deg,wb_x_dps,wb_y_dps,wb_z_dps,tip_L_mm,tip_R_mm,eta_L1,eta_L2,eta_L3,eta_R1,eta_R2,eta_R3,L_base_Nms,L_arm_Nms,L_panels_Nms,L_target_Nms,E_damp_J,abs_dP,abs_dL
0.0000,19.199845,0.027909,19.199825,0.001089,1.593679,0.451626,1.834373,0.003278,0.003485,9.61595488e-07,-5.85242446e-09,-6.27005326e-11,1.02257680e-06,-5.86066191e-09,-6.59814575e-11,6.32133428e-01,9.33705210e-02,1.93036315e-02,3.00002389e+00,0.00000000e+00,0.000e+00,0.000e+00
0.0200,19.208970,0.072565,19.208819,0.039947,1.593768,0.450946,1.834440,-0.189982,0.153328,-7.52712480e-05,-2.44826375e-05,-5.27964415e-06,5.72689962e-05,1.51046194e-05,3.08642818e-06,6.32126268e-01,9.33641184e-02,1.93761848e-02,2.99996719e+00,5.08088019e-08,1.074e-15,2.220e-15
0.0400,19.218204,0.117233,19.217770,0.078817,1.593856,0.450271,1.834508,-0.371005,0.297654,-1.50024608e-04,-3.42967062e-05,6.23533133e-06,1.12769289e-04,2.13507954e-05,-3.57355437e-06,6.32119348e-01,9.33577110e-02,1.94489738e-02,2.99990998e+00,9.18989213e-08,4.562e-16,5.551e-16
0.0600,19.227545,0.161911,19.226679,0.117697,1.593951,0.449602,1.834572,-0.679126,0.517503,-2.22127598e-04,-2.38079764e-05,-2.10681889e-06,1.66645171e-04,1.51352338e-05,1.21784495e-06,6.32114912e-01,9.33518541e-02,1.95099452e-02,2.99986113e+00,1.28711175e-07,5.621e-16,1.776e-15
0.0800,19.236995,0.206601,19.235547,0.156588,1.594013,0.448919,1.834655,-0.998563,0.745317,-2.90442050e-04,6.72643199e-07,-3.58558764e-06,2.18051713e-04,2.03909332e-07,2.11332201e-06,6.32101518e-01,9.33439035e-02,1.96164559e-02,2.99977948e+00,1.72775293e-07,7.598e-16,4.441e-16
0.1000,19.246552,0.251302,19.244372,0.195490,1.594148,0.448270,1.834694,-1.261374,0.939166,-3.53899629e-04,2.46705250e-05,6.30821692e-06,2.66179084e-04,-1.46159536e-05,-3.62444466e-06,6.32108361e-01,9.33406916e-02,1.96201683e-02,2.99977193e+00,2.17147644e-07,7.789e-16,2.220e-15
0.1200,19.256217,0.296014,19.253155,0.234402,1.594298,0.447628,1.834724,-1.522998,1.128771,-4.11518306e-04,3.41038694e-05,-3.85161937e-06,3.10265304e-04,-2.06346557e-05,2.22769797e-06,6.32119557e-01,9.33385053e-02,1.96017447e-02,2.99978036e+00,2.45683083e-07,2.776e-16,3.553e-15
0.1400,19.265990,0.340738,19.261897,0.273324,1.594400,0.446965,1.834782,-1.652044,1.236730,-4.62390551e-04,2.35553777e-05,-1.61235776e-06,3.49624017e-04,-1.43878742e-05,9.77201747e-07,6.32117648e-01,9.33332383e-02,1.96502921e-02,2.99974042e+00,2.67025059e-07,6.366e-16,8.882e-16
0.1600,19.275871,0.385474,19.270597,0.312256,1.594519,0.446315,1.834830,-1.692145,1.287583,-5.05721443e-04,-6.28738330e-07,5.69973866e-06,3.83640862e-04,3.63391718e-07,-3.28046698e-06,6.32121205e-01,9.33292043e-02,1.96721906e-02,2.99971939e+00,2.99005276e-07,8.431e-16,2.220e-16
0.1800,19.285859,0.430220,19.279256,0.351199,1.594580,0.445641,1.834914,-1.767903,1.354767,-5.40836672e-04,-2.41522950e-05,-5.06664222e-06,4.11785877e-04,1.48977249e-05,2.93655822e-06,6.32108812e-01,9.33213915e-02,1.97762635e-02,2.99963891e+00,3.29541870e-07,7.962e-16,3.553e-15
0.2000,19.295954,0.474976,19.287871,0.390153,1.594585,0.444945,1.835030,-1.807902,1.398555,-5.67178876e-04,-3.32124583e-05,4.10802301e-07,4.33630296e-04,2.06940833e-05,-1.88726786e-07,6.32081600e-01,9.33100723e-02,1.99567526e-02,2.99950335e+00,3.41646183e-07,4.319e-16,4.441e-16
0.2200,19.306155,0.519742,19.296444,0.429119,1.594638,0.444273,1.835118,-1.888086,1.463152,-5.84345845e-04,-2.26080997e-05,4.51764268e-06,4.48835898e-04,1.44193472e-05,-2.60485574e-06,6.32067962e-01,9.33019156e-02,2.00686327e-02,2.99941714e+00,3.51804687e-07,1.256e-15,1.776e-15
0.2400,19.316463,0.564517,19.304976,0.468095,1.594683,0.443597,1.835210,-2.029736,1.560718,-5.92083963e-04,1.28222605e-06,-5.65809504e-06,4.57167998e-04,-1.52293956e-07,3.28534866e-06,6.32052029e-01,9.32932461e-02,2.01918354e-02,2.99932302e+00,3.75951624e-07,3.730e-16,1.776e-15
0.2600,19.326877,0.609303,19.313464,0.507082,1.594752,0.442928,1.835288,-2.074922,1.598146,-5.90280860e-04,2.43387411e-05,2.25977012e-06,4.58505444e-04,-1.44056297e-05,-1.25950592e-06,6.32042438e-01,9.32860955e-02,2.02820294e-02,2.99925283e+00,3.97005759e-07,1.055e-15,1.332e-15
0.2800,19.337398,0.654100,19.321911,0.546079,1.594889,0.442291,1.835324,-2.063872,1.596351,-5.78988456e-04,3.30351457e-05,2.92485912e-06,4.52829457e-04,-1.99845483e-05,-1.69213627e-06,6.32051650e-01,9.32833771e-02,2.02756287e-02,2.99925201e+00,4.04212487e-07,5.291e-16,8.882e-16
0.3000,19.348025,0.698908,19.330316,0.585086,1.594986,0.441632,1.835385,-1.986894,1.549119,-5.58399143e-04,2.23807476e-05,-5.60078255e-06,4.40237136e-04,-1.36846803e-05,3.26070328e-06,6.32049375e-01,9.32779851e-02,2.03276652e-02,2.99920941e+00,4.16500357e-07,8.379e-16,3.109e-15
0.3200,19.358758,0.743727,19.338680,0.624103,1.595064,0.440967,1.835456,-1.775094,1.416722,-5.28840364e-04,-1.21743063e-06,3.74966038e-06,4.20940846e-04,7.07660325e-07,-2.12405694e-06,6.32042254e-01,9.32714444e-02,2.04048733e-02,2.99914871e+00,4.42745837e-07,2.307e-16,8.882e-16
0.3400,19.369598,0.788555,19.347001,0.663130,1.595145,0.440305,1.835526,-1.578507,1.287303,-4.90791453e-04,-2.38136218e-05,1.12218922e-06,3.95251719e-04,1.46841026e-05,-6.53396813e-07,6.32036292e-01,9.32651566e-02,2.04766913e-02,2.99909179e+00,4.67235307e-07,1.110e-15,8.882e-16
0.3600,19.380542,0.833394,19.355279,0.702168,1.595163,0.439613,1.835634,-1.415141,1.173832,-4.44856107e-04,-3.21551147e-05,-4.94135517e-06,3.63586634e-04,2.00501721e-05,2.88989703e-06,6.32012740e-01,9.32547454e-02,2.06387103e-02,2.99897039e+00,4.84718956e-07,2.776e-16,3.553e-15
0.3800,19.391592,0.878242,19.363515,0.741217,1.595207,0.438933,1.835725,-1.238679,1.050489,-3.91762659e-04,-2.14569893e-05,4.74156301e-06,3.26455745e-04,1.37271317e-05,-2.70380198e-06,6.31996519e-01,9.32460691e-02,2.07629661e-02,2.99887619e+00,5.08875062e-07,1.110e-16,8.882e-16
0.4000,19.402747,0.923100,19.371709,0.780275,1.595305,0.438275,1.835785,-1.134788,0.966786,-3.32367883e-04,1.84967255e-06,-6.85839643e-07,2.84445370e-04,-4.87139225e-07,3.89593065e-07,6.31994690e-01,9.32408171e-02,2.08123629e-02,2.99883575e+00,5.44756434e-07,5.274e-16,5.551e-16
0.4200,19.414007,0.967968,19.379861,0.819344,1.595400,0.437609,1.835845,-1.000939,0.862850,-2.67618032e-04,2.39909515e-05,-3.79228512e-06,2.38223581e-04,-1.41915359e-05,2.23286052e-06,6.31991476e-01,9.32353074e-02,2.08674408e-02,2.99879162e+00,5.81790483e-07,9.315e-16,1.332e-15
0.4400,19.425372,1.012848,19.387971,0.858422,1.595555,0.436969,1.835869,-0.763640,0.694346,-1.98544234e-04,3.19839538e-05,5.15951449e-06,1.88523033e-04,-1.93505882e-05,-2.95542091e-06,6.32004709e-01,9.32337080e-02,2.08369612e-02,2.99880880e+00,6.13533034e-07,5.187e-16,2.220e-15
0.4600,19.436843,1.057739,19.396039,0.897509,1.595724,0.436331,1.835884,-0.507579,0.509819,-1.26250267e-04,2.12457862e-05,-2.30270853e-06,1.36126746e-04,-1.30075205e-05,1.32563183e-06,6.32021224e-01,9.32329176e-02,2.07889159e-02,2.99883874e+00,6.47661564e-07,4.875e-16,1.776e-15
0.4800,19.448418,1.102640,19.404065,0.936605,1.595837,0.435666,1.835933,-0.177570,0.278598,-5.18723350e-05,-1.77276297e-06,-2.30565317e-06,8.18690156e-05,1.02870066e-06,1.38061126e-06,6.32022291e-01,9.32285192e-02,2.08198856e-02,2.99881231e+00,6.91702151e-07,8.726e-16,8.882e-16
0.5000,19.460098,1.147553,19.412049,0.975710,1.595964,0.435008,1.835974,0.175807,0.031428,2.34187649e-05,-2.34680770e-05,4.99808658e-06,2.66102536e-05,1.44641570e-05,-2.87090767e-06,6.32027047e-01,9.32249849e-02,2.08320526e-02,2.99879927e+00,7.37246380e-07,3.504e-16,1.776e-15
0.5200,19.471882,1.192476,19.419991,1.014824,1.596070,0.434339,1.836028,0.426906,-0.156329,9.84334397e-05,-3.11224003e-05,-3.56553725e-06,-2.87778604e-05,1.94204497e-05,2.06173134e-06,6.32026025e-01,9.32201113e-02,2.08735961e-02,2.99876533e+00,7.72816837e-07,2.585e-16,1.332e-15
0.5400,19.483770,1.237409,19.427891,1.053948,1.596158,0.433659,1.836091,0.649501,-0.325423,1.71996751e-04,-2.03515029e-05,-6.64635685e-07,-8.34172729e-05,1.30589008e-05,4.36091979e-07,6.32019772e-01,9.32140450e-02,2.09413008e-02,2.99871291e+00,8.06083243e-07,1.112e-15,2.220e-15
0.5600,19.495762,1.282352,19.435748,1.093081,1.596320,0.433011,1.836110,0.829738,-0.468048,2.42944921e-04,2.37800469e-06,4.30877496e-06,-1.36450389e-04,-8.01170293e-07,-2.48297809e-06,6.32033670e-01,9.32127639e-02,2.09042977e-02,2.99873545e+00,8.48564497e-07,3.331e-16,4.441e-16
0.5800,19.507858,1.327307,19.443563,1.132222,1.596504,0.432366,1.836115,0.956061,-0.577879,3.10152832e-04,2.36321772e-05,-4.36375203e-06,-1.87048091e-04,-1.39722696e-05,2.52971141e-06,6.32052850e-01,9.32127963e-02,2.08386418e-02,2.99877882e+00,8.89062988e-07,8.465e-16,8.882e-16
0.6000,19.520057,1.372274,19.451337,1.171371,1.596700,0.431722,1.836113,1.160720,-0.732494,3.72566650e-04,3.09532324e-05,9.43212764e-07,-2.34414259e-04,-1.87315724e-05,-4.94012272e-07,6.32074880e-01,9.32135557e-02,2.07572191e-02,2.99883375e+00,9.14355576e-07,7.078e-16,4.441e-16
0.6200,19.532361,1.417252,19.459068,1.210528,1.596938,0.431097,1.836085,1.396872,-0.905741,4.29202030e-04,2.01522275e-05,3.20108098e-06,-2.77809399e-04,-1.23547779e-05,-1.85164319e-06,6.32108647e-01,9.32171035e-02,2.06151286e-02,2.99893223e+00,9.36888465e-07,1.480e-15,5.551e-16
0.6400,19.544768,1.462242,19.466758,1.249692,1.597129,0.430448,1.836086,1.615682,-1.067974,4.79173784e-04,-2.29136725e-06,-4.63816942e-06,-3.16553795e-04,1.32971935e-06,2.69859484e-06,6.32129030e-01,9.32175219e-02,2.05416023e-02,2.99898177e+00,9.68205056e-07,1.124e-15,4.441e-16
0.6600,19.557279,1.507244,19.474406,1.288865,1.597289,0.429785,1.836105,1.854053,-1.238748,5.21713184e-04,-2.31132903e-05,2.34956211e-06,-3.50036148e-04,1.42395491e-05,-1.30885734e-06,6.32140984e-01,9.32159521e-02,2.05116029e-02,2.99900011e+00,9.93871528e-07,8.951e-16,1.332e-15
0.6800,19.569892,1.552256,19.482012,1.328046,1.597466,0.429131,1.836114,1.992687,-1.347235,5.56157825e-04,-3.01104217e-05,1.82198701e-06,-3.77735982e-04,1.88060983e-05,-1.05966621e-06,6.32157659e-01,9.32154913e-02,2.04575804e-02,2.99903562e+00,1.00453806e-06,7.633e-16,1.332e-15
0.7000,19.582607,1.597279,19.489576,1.367235,1.597614,0.428462,1.836140,2.022428,-1.386096,5.81976492e-04,-1.92851570e-05,-4.39422533e-06,-3.99222785e-04,1.24162212e-05,2.56833527e-06,6.32166258e-01,9.32131564e-02,2.04445314e-02,2.99904190e+00,1.01579136e-06,1.141e-15,4.441e-16
0.7200,19.595425,1.642313,19.497097,1.406432,1.597797,0.427808,1.836144,2.030722,-1.406188,5.98774779e-04,2.87230779e-06,3.41292793e-06,-4.14164259e-04,-1.09442217e-06,-1.93041325e-06,6.32184592e-01,9.32131441e-02,2.03809801e-02,2.99908452e+00,1.03554025e-06,1.110e-16,1.332e-15
0.7400,19.608346,1.687359,19.504576,1.445636,1.598038,0.427177,1.836113,1.976641,-1.385168,6.06287846e-04,2.32678015e-05,3.34754771e-07,-4.22339304e-04,-1.37469820e-05,-2.04221710e-07,6.32218468e-01,9.32168320e-02,2.02370690e-02,2.99918498e+00,1.05010538e-06,3.834e-16,1.332e-15
0.7600,19.621369,1.732416,19.512014,1.484847,1.598264,0.426536,1.836092,1.933987,-1.366649,6.04406718e-04,2.99479940e-05,-3.69222070e-06,-4.23628342e-04,-1.81254501e-05,2.17150112e-06,6.32247613e-01,9.32194446e-02,2.01168713e-02,2.99926872e+00,1.05498999e-06,8.205e-16,3.553e-15
0.7800,19.634495,1.777485,19.519410,1.524066,1.598504,0.425903,1.836061,1.958886,-1.384490,5.93174577e-04,1.91020137e-05,4.04220671e-06,-4.18018538e-04,-1.17252223e-05,-2.30325665e-06,6.32281155e-01,9.32230943e-02,1.99744824e-02,2.99936848e+00,1.06383759e-06,1.594e-15,2.220e-15
0.8000,19.647722,1.822566,19.526764,1.563291,1.598731,0.425265,1.836038,1.946493,-1.377729,5.72777235e-04,-2.77067694e-06,-1.09062097e-06,-4.05608993e-04,1.61296562e-06,6.20838527e-07,6.32311222e-01,9.32259104e-02,1.98505570e-02,2.99945494e+00,1.08182246e-06,3.088e-16,8.882e-16
0.8200,19.661051,1.867658,19.534076,1.602524,1.598889,0.424598,1.836057,1.909938,-1.352113,5.43557280e-04,-2.27462519e-05,-2.63449254e-06,-3.86598737e-04,1.40122400e-05,1.56958494e-06,6.32322674e-01,9.32243168e-02,1.98224431e-02,2.99947228e+00,1.09889543e-06,6.297e-16,2.220e-15
0.8400,19.674482,1.912761,19.541345,1.641765,1.599051,0.423936,1.836073,1.827392,-1.294040,5.05992543e-04,-2.91169876e-05,4.19821642e-06,-3.61292809e-04,1.82071271e-05,-2.40274375e-06,6.32335650e-01,9.32230483e-02,1.97874521e-02,2.99949435e+00,1.11113294e-06,5.621e-16,2.665e-15
0.8600,19.688013,1.957874,19.548572,1.681013,1.599213,0.423276,1.836089,1.615014,-1.153996,4.60682381e-04,-1.82535225e-05,-2.30604176e-06,-3.30100500e-04,1.17995024e-05,1.32781497e-06,6.32348738e-01,9.32217992e-02,1.97521931e-02,2.99951655e+00,1.12804865e-06,1.202e-15,4.441e-16
0.8800,19.701645,2.002997,19.555757,1.720269,1.599365,0.422611,1.836111,1.367751,-0.987089,4.08353848e-04,3.33664213e-06,-1.36058760e-06,-2.93519372e-04,-1.36709341e-06,8.38309570e-07,6.32359146e-01,9.32199277e-02,1.97305468e-02,2.99952898e+00,1.15549214e-06,6.280e-16,3.553e-15
0.9000,19.715377,2.048131,19.562900,1.759532,1.599573,0.421972,1.836099,1.120978,-0.816121,3.49835538e-04,2.28997513e-05,3.89191474e-06,-2.52136062e-04,-1.35165735e-05,-2.23747537e-06,6.32385202e-01,9.32217505e-02,1.96290789e-02,2.99959894e+00,1.18529916e-06,2.220e-16,1.776e-15
0.9200,19.729211,2.093276,19.570000,1.798803,1.599783,0.421334,1.836085,0.860265,-0.634425,2.86050145e-04,2.89702521e-05,-3.19479788e-06,-2.06613580e-04,-1.75314300e-05,1.84786028e-06,6.32411865e-01,9.32237252e-02,1.95246034e-02,2.99967116e+00,1.21020493e-06,3.331e-16,1.332e-15
0.9400,19.743144,2.138432,19.577059,1.838080,1.599962,0.420683,1.836090,0.677342,-0.496361,2.18014941e-04,1.80947493e-05,-2.00891215e-08,-1.57672101e-04,-1.11182937e-05,6.55306509e-08,6.32430191e-01,9.32237165e-02,1.94632157e-02,2.99971217e+00,1.23816463e-06,2.567e-16,4.441e-16
0.9600,19.757178,2.183599,19.584075,1.877365,1.600141,0.420038,1.836094,0.519138,-0.372068,1.46808894e-04,-3.21268038e-06,3.18870499e-06,-1.06087577e-04,1.87850493e-06,-1.84014170e-06,6.32449227e-01,9.32238291e-02,1.93994108e-02,2.99975464e+00,1.27698566e-06,1.169e-15,3.553e-15
0.9800,19.771312,2.228776,19.591050,1.916656,1.600262,0.419370,1.836134,0.312580,-0.217940,7.35621312e-05,-2.23674063e-05,-3.67959326e-06,-5.26753361e-05,1.37829491e-05,2.13885152e-06,6.32452766e-01,9.32202425e-02,1.94155772e-02,2.99973901e+00,1.31666539e-06,4.198e-16,2.665e-15
1.0000,19.785545,2.273961,19.597981,1.955957,1.600346,0.418689,1.836196,0.097670,-0.056111,-5.57473500e-07,-2.81432334e-05,1.23907085e-06,1.72556382e-06,1.76225356e-05,-6.62657767e-07,6.32446649e-01,9.32143310e-02,1.94820383e-02,2.99968674e+00,1.34748151e-06,1.216e-15,6.661e-16
1.0200,19.799877,2.319156,19.604870,1.995265,1.600455,0.418024,1.836243,-0.186147,0.148338,-7.43820543e-05,-1.72573630e-05,2.18827176e-06,5.62544052e-05,1.12069237e-05,-1.26932321e-06,6.32447894e-01,9.32101259e-02,1.95117500e-02,2.99966082e+00,1.37930434e-06,4.580e-16,4.441e-16
1.0400,19.814308,2.364360,19.611716,2.034581,1.600553,0.417354,1.836296,-0.522691,0.385777,-1.46750503e-04,3.77145993e-06,-3.73685597e-06,1.10049535e-04,-1.62034402e-06,2.18223284e-06,6.32446316e-01,9.32052545e-02,1.95559546e-02,2.99962442e+00,1.41992432e-06,3.331e-16,1.332e-15
1.0600,19.828838,2.409574,19.618520,2.073905,1.600673,0.416695,1.836335,-0.802256,0.590511,-2.16523289e-04,2.25260600e-05,2.28404145e-06,1.62263798e-04,-1.32830841e-05,-1.27264129e-06,6.32451002e-01,9.32018599e-02,1.95683223e-02,2.99961095e+00,1.45662674e-06,3.920e-16,1.332e-15
1.0800,19.843466,2.454796,19.625281,2.113236,1.600827,0.416053,1.836353,-1.049090,0.773992,-2.82611771e-04,2.80169405e-05,1.01672292e-06,2.12070998e-04,-1.69507487e-05,-5.97852640e-07,6.32465305e-01,9.32007303e-02,1.95318530e-02,2.99963264e+00,1.48124301e-06,3.903e-16,8.882e-16
1.1000,19.858193,2.500029,19.632000,2.152574,1.600941,0.415394,1.836397,-1.235043,0.918980,-3.43977891e-04,1.71269440e-05,-3.38632867e-06,2.58689065e-04,-1.05340729e-05,1.99026130e-06,6.32468529e-01,9.31969707e-02,1.95523298e-02,2.99961313e+00,1.50587867e-06,1.386e-15,5.551e-16
1.1200,19.873018,2.545270,19.638677,2.191920,1.601034,0.414730,1.836452,-1.331682,1.008255,-3.99653398e-04,-3.62307572e-06,3.01872115e-06,3.01390370e-04,2.12522268e-06,-1.70455256e-06,6.32466734e-01,9.31919823e-02,1.95994548e-02,2.99957410e+00,1.53620400e-06,4.372e-16,1.332e-15
1.1400,19.887941,2.590520,19.645311,2.231274,1.601107,0.414061,1.836519,-1.446754,1.104798,-4.48767092e-04,-2.19814047e-05,-1.86421046e-07,3.39506157e-04,1.35507921e-05,9.74078854e-08,6.32460091e-01,9.31858045e-02,1.96724012e-02,2.99951618e+00,1.55960565e-06,1.169e-15,4.441e-16
1.1600,19.902961,2.635778,19.651902,2.270637,1.601128,0.413370,1.836618,-1.579146,1.209635,-4.90545613e-04,-2.71924823e-05,-2.69124734e-06,3.72444850e-04,1.70511438e-05,1.59902367e-06,6.32439333e-01,9.31762624e-02,1.98182807e-02,2.99940558e+00,1.57158999e-06,6.245e-17,1.776e-15
1.1800,19.918078,2.681044,19.658450,2.310008,1.601166,0.412691,1.836706,-1.709969,1.311769,-5.24336185e-04,-1.63005844e-05,3.38237417e-06,3.99695053e-04,1.06357186e-05,-1.92449065e-06,6.32423907e-01,9.31679595e-02,1.99375203e-02,2.99931414e+00,1.58406295e-06,3.018e-16,3.109e-15
1.2000,19.933291,2.726318,19.664955,2.349387,1.601232,0.412024,1.836777,-1.880867,1.434733,-5.49623073e-04,4.17426299e-06,-1.29225508e-06,4.20829992e-04,-1.85622470e-06,7.38370446e-07,6.32415817e-01,9.31614005e-02,2.00190841e-02,2.99924989e+00,1.60111549e-06,3.331e-16,1.332e-15
1.2200,19.948602,2.771599,19.671418,2.388773,1.601297,0.411355,1.836848,-1.998866,1.523540,-5.66019182e-04,2.21437285e-05,-1.75087658e-06,4.35523742e-04,-1.30481955e-05,1.06164008e-06,6.32407536e-01,9.31548195e-02,2.01012385e-02,2.99918539e+00,1.61300610e-06,2.776e-16,2.220e-15
1.2400,19.964010,2.816890,19.677837,2.428168,1.601402,0.410704,1.836895,-2.022893,1.551933,-5.73280871e-04,2.70829193e-05,3.35899025e-06,4.43550670e-04,-1.63852564e-05,-1.92279971e-06,6.32410165e-01,9.31508276e-02,2.01272919e-02,2.99916122e+00,1.61707841e-06,4.215e-16,1.332e-15
1.2600,19.979514,2.862188,19.684215,2.467569,1.601499,0.410049,1.836947,-1.998109,1.545191,-5.71309920e-04,1.61939453e-05,-2.18643647e-06,4.44789818e-04,-9.97281269e-06,1.26076612e-06,6.32410704e-01,9.31463482e-02,2.01640444e-02,2.99912941e+00,1.62324992e-06,7.720e-16,8.882e-16
1.2800,19.995114,2.907495,19.690550,2.506979,1.601553,0.409376,1.837025,-1.886712,1.481845,-5.60142080e-04,-4.00710327e-06,-6.79547259e-07,4.39234098e-04,2.35278086e-06,4.47049267e-07,6.32399478e-01,9.31390759e-02,2.02615495e-02,2.99905394e+00,1.63616729e-06,2.671e-16,8.882e-16
1.3000,20.010810,2.952810,19.696842,2.546396,1.601606,0.408705,1.837103,-1.746349,1.395867,-5.39961657e-04,-2.15935424e-05,2.97815062e-06,4.26981206e-04,1.33146508e-05,-1.71224871e-06,6.32388520e-01,9.31318446e-02,2.03583032e-02,2.99897892e+00,1.64835443e-06,6.540e-16,1.776e-15
1.3200,20.026602,2.998133,19.703091,2.585821,1.601634,0.408022,1.837196,-1.652238,1.332853,-5.11097138e-04,-2.62673535e-05,-2.78565100e-06,4.08233055e-04,1.64923634e-05,1.61646028e-06,6.32370696e-01,9.31229881e-02,2.04905504e-02,2.99887854e+00,1.65585932e-06,1.150e-15,6.661e-16
1.3400,20.042489,3.043462,19.709297,2.625254,1.601657,0.407337,1.837292,-1.552657,1.264000,-4.74009537e-04,-1.53853336e-05,3.97490878e-07,3.83296283e-04,1.00843213e-05,-1.74898397e-07,6.32351499e-01,9.31138204e-02,2.06297436e-02,2.99877336e+00,1.66730355e-06,6.488e-16,2.220e-15
1.3600,20.058471,3.088799,19.715459,2.664694,1.601734,0.406674,1.837355,-1.462237,1.197172,-4.29299583e-04,4.54324837e-06,2.30113570e-06,3.52568703e-04,-2.07653124e-06,-1.33067665e-06,6.32346863e-01,9.31081299e-02,2.06932894e-02,2.99872250e+00,1.68863409e-06,1.665e-16,1.332e-15
1.3800,20.074548,3.134145,19.721580,2.704142,1.601827,0.406014,1.837408,-1.363788,1.121993,-3.77688329e-04,2.17521297e-05,-3.04647967e-06,3.16538734e-04,-1.28122990e-05,1.77637216e-06,6.32345971e-01,9.31033789e-02,2.07364331e-02,2.99868652e+00,1.71166461e-06,7.945e-16,1.110e-16
1.4000,20.090720,3.179498,19.727657,2.743597,1.601937,0.405360,1.837451,-1.168326,0.985617,-3.19998592e-04,2.61659440e-05,1.36334242e-06,2.75781421e-04,-1.58353672e-05,-7.37297727e-07,6.32349657e-01,9.30997523e-02,2.07551363e-02,2.99866822e+00,1.73035287e-06,7.268e-16,7.772e-16
1.4200,20.106987,3.224860,19.733693,2.783058,1.602072,0.404714,1.837478,-0.918340,0.811685,-2.57152517e-04,1.52931610e-05,1.42130346e-06,2.30942767e-04,-9.43416706e-06,-8.28920890e-07,6.32359989e-01,9.30977255e-02,2.07390696e-02,2.99867489e+00,1.75370632e-06,8.257e-16,4.441e-16
1.4400,20.123349,3.270231,19.739686,2.822525,1.602169,0.404050,1.837528,-0.639524,0.616389,-1.90145397e-04,-4.36614881e-06,-2.95990688e-06,1.82736278e-04,2.56255604e-06,1.73770448e-06,6.32359774e-01,9.30932205e-02,2.07771052e-02,2.99864300e+00,1.78743723e-06,4.458e-16,4.441e-16
1.4600,20.139804,3.315609,19.745635,2.862000,1.602251,0.403379,1.837588,-0.327669,0.398725,-1.20031746e-04,-2.12053937e-05,2.12328128e-06,1.31930458e-04,1.30748653e-05,-1.18205450e-06,6.32355297e-01,9.30877092e-02,2.08371601e-02,2.99859538e+00,1.82100045e-06,7.112e-17,1.332e-15
1.4800,20.156354,3.360996,19.751543,2.901482,1.602342,0.402711,1.837641,-0.074909,0.213857,-4.79217921e-05,-2.53674202e-05,4.46898582e-07,7.93290726e-05,1.59464829e-05,-2.68226818e-07,6.32353414e-01,9.30828271e-02,2.08835856e-02,2.99855758e+00,1.84818762e-06,9.766e-16,1.332e-15
1.5000,20.172997,3.406390,19.757407,2.940970,1.602422,0.402035,1.837701,0.125359,0.060069,2.50464325e-05,-1.45091128e-05,-2.55897358e-06,2.57648041e-05,9.55315529e-06,1.51624476e-06,6.32348249e-01,9.30772056e-02,2.09462071e-02,2.99850842e+00,1.87881363e-06,7.164e-16,1.332e-15
1.5200,20.189734,3.451792,19.763228,2.980465,1.602544,0.401376,1.837735,0.323409,-0.091846,9.77201608e-05,4.88049967e-06,2.60609085e-06,-2.79168808e-05,-2.28168464e-06,-1.47076290e-06,6.32354360e-01,9.30743014e-02,2.09495884e-02,2.99850177e+00,1.91670172e-06,7.824e-16,2.665e-15
1.5400,20.206564,3.497203,19.769007,3.019965,1.602713,0.400733,1.837742,0.498357,-0.230457,1.68944676e-04,2.13541375e-05,-5.13201256e-07,-8.08742493e-05,-1.25747475e-05,2.85949366e-07,6.32372441e-01,9.30742942e-02,2.08898494e-02,2.99854046e+00,1.95037821e-06,2.776e-16,5.551e-16
1.5600,20.223488,3.542623,19.774743,3.059471,1.602881,0.400085,1.837748,0.712990,-0.392468,2.37596840e-04,2.52686201e-05,-1.90744804e-06,-1.32273690e-04,-1.52995425e-05,1.14717790e-06,6.32390100e-01,9.30742421e-02,2.08312166e-02,2.99857866e+00,1.97546719e-06,1.386e-15,4.441e-16
1.5800,20.240505,3.588052,19.780437,3.098983,1.603069,0.399444,1.837741,0.985857,-0.589484,3.02597018e-04,1.44256641e-05,2.77899165e-06,-1.81306570e-04,-8.91677174e-06,-1.58133984e-06,6.32412957e-01,9.30754510e-02,2.07452765e-02,2.99863653e+00,2.00160261e-06,1.351e-15,8.882e-16
1.6000,20.257615,3.633491,19.786089,3.138500,1.603245,0.398796,1.837743,1.241062,-0.776568,3.62923430e-04,-4.69801350e-06,-1.35397877e-06,-2.27203458e-04,2.75687415e-06,7.76320824e-07,6.32432236e-01,9.30758308e-02,2.06775792e-02,2.99868146e+00,2.03114258e-06,8.483e-16,4.441e-16
1.6200,20.274817,3.678937,19.791698,3.178022,1.603380,0.398129,1.837768,1.481961,-0.953472,4.17637927e-04,-2.08140701e-05,-1.08946369e-06,-2.69240416e-04,1.28334034e-05,6.81028593e-07,6.32440650e-01,9.30736427e-02,2.06658892e-02,2.99868637e+00,2.05425551e-06,1.787e-16,9.992e-16
1.6400,20.292112,3.724392,19.797265,3.217550,1.603528,0.397468,1.837786,1.670553,-1.096776,4.65887716e-04,-2.44893789e-05,2.64363737e-06,-3.06757925e-04,1.54143543e-05,-1.51304452e-06,6.32452327e-01,9.30722344e-02,2.06373553e-02,2.99870332e+00,2.06833946e-06,4.944e-16,2.220e-16
1.6600,20.309499,3.769856,19.802789,3.257084,1.603681,0.396807,1.837800,1.757192,-1.175985,5.06917606e-04,-1.36664295e-05,-1.99398280e-06,-3.39171524e-04,9.04344019e-06,1.15325520e-06,6.32465338e-01,9.30711721e-02,2.06014074e-02,2.99872572e+00,2.08211910e-06,2.220e-16,1.776e-15
1.6800,20.326978,3.815328,19.808269,3.296623,1.603846,0.396149,1.837807,1.811754,-1.231118,5.40090314e-04,5.19142650e-06,-2.06262780e-07,-3.65975886e-04,-2.47093029e-06,1.72290318e-07,6.32481367e-01,9.30708642e-02,2.05491711e-02,2.99875998e+00,2.09842133e-06,9.142e-16,1.332e-15
1.7000,20.344548,3.860809,19.813708,3.336167,1.604062,0.395512,1.837783,1.850626,-1.273057,5.64886529e-04,2.09542404e-05,2.23231667e-06,-3.86758631e-04,-1.23348405e-05,-1.28607381e-06,6.32511127e-01,9.30738536e-02,2.04254697e-02,2.99884561e+00,2.10975068e-06,9.073e-16,8.882e-16
1.7200,20.362211,3.906300,19.819104,3.375715,1.604284,0.394875,1.837755,1.877674,-1.304682,5.80920293e-04,2.43955781e-05,-2.37752728e-06,-4.01202426e-04,-1.47757677e-05,1.38330125e-06,6.32542084e-01,9.30771657e-02,2.02950610e-02,2.99893633e+00,2.11373427e-06,2.359e-16,8.882e-16
1.7400,20.379964,3.951800,19.824458,3.415268,1.604494,0.394231,1.837735,1.948341,-1.358707,5.87952644e-04,1.35944263e-05,6.44323545e-07,-4.09085599e-04,-8.41876934e-06,-3.20623685e-07,6.32569697e-01,9.30796964e-02,2.01818972e-02,2.99901481e+00,2.11867518e-06,4.666e-16,2.665e-15
1.7600,20.397810,3.997309,19.829770,3.454825,1.604702,0.393588,1.837715,2.007609,-1.403350,5.85884307e-04,-5.00023517e-06,1.60945874e-06,-4.10292049e-04,2.93750728e-06,-9.33206146e-07,6.32597145e-01,9.30821790e-02,2.00700688e-02,2.99909231e+00,2.12886881e-06,2.220e-16,1.776e-15
1.7800,20.415746,4.042827,19.835039,3.494386,1.604867,0.392927,1.837720,2.008311,-1.409403,5.74763153e-04,-2.04158558e-05,-2.47773377e-06,-4.04809157e-04,1.25922900e-05,1.45254744e-06,6.32613151e-01,9.30819336e-02,2.00174940e-02,2.99912716e+00,2.13747438e-06,4.545e-16,8.882e-16
1.8000,20.433772,4.088353,19.840265,3.533953,1.605016,0.392260,1.837736,1.964547,-1.383724,5.54782690e-04,-2.36297486e-05,1.37313654e-06,-3.92728152e-04,1.48966334e-05,-7.45584767e-07,6.32624820e-01,9.30806407e-02,1.99877352e-02,2.99914549e+00,2.14131448e-06,3.886e-16,1.776e-15
1.8200,20.451888,4.133887,19.845449,3.573525,1.605184,0.391603,1.837740,1.829651,-1.298796,5.26266942e-04,-1.28530755e-05,8.54234848e-07,-3.74249335e-04,8.55538452e-06,-5.01447159e-07,6.32642051e-01,9.30806661e-02,1.99296310e-02,2.99918415e+00,2.14907868e-06,9.524e-16,2.665e-15
1.8400,20.470095,4.179430,19.850590,3.613101,1.605351,0.390945,1.837744,1.632835,-1.171260,4.89674462e-04,5.48081283e-06,-2.30436791e-06,-3.49673135e-04,-2.64380479e-06,1.36213190e-06,6.32658951e-01,9.30806289e-02,1.98730448e-02,2.99922181e+00,2.16540303e-06,1.110e-16,6.661e-16
1.8600,20.488391,4.224981,19.855688,3.652682,1.605544,0.390299,1.837732,1.446655,-1.044867,4.45590882e-04,2.05553262e-05,1.90753707e-06,-3.19395481e-04,-1.20926923e-05,-1.06267024e-06,6.32682966e-01,9.30822920e-02,1.97799225e-02,2.99928582e+00,2.18219125e-06,2.880e-16,1.776e-15
1.8800,20.506777,4.270540,19.860744,3.692267,1.605758,0.389663,1.837708,1.257849,-0.913796,3.94714572e-04,2.35488376e-05,5.61332368e-08,-2.83904467e-04,-1.42634118e-05,-4.23980035e-08,6.32712500e-01,9.30852729e-02,1.96586439e-02,2.99937018e+00,2.19581794e-06,7.095e-16,2.220e-15
1.9000,20.525253,4.316109,19.865757,3.731856,1.605939,0.389012,1.837703,1.095014,-0.795236,3.37857834e-04,1.28005826e-05,-1.89216018e-06,-2.43765378e-04,-7.93897756e-06,1.13304113e-06,6.32733557e-01,9.30862298e-02,1.95812562e-02,2.99942286e+00,2.21522288e-06,3.574e-16,3.331e-16
1.9200,20.543817,4.361686,19.870728,3.771450,1.606103,0.388358,1.837708,0.960299,-0.691107,2.75929369e-04,-5.27334401e-06,2.20479947e-06,-1.99614590e-04,3.10484541e-06,-1.24304843e-06,6.32750321e-01,9.30861303e-02,1.95268160e-02,2.99945875e+00,2.24356251e-06,4.996e-16,2.220e-15
1.9400,20.562471,4.407270,19.875656,3.811048,1.606240,0.387696,1.837729,0.776724,-0.556073,2.09913790e-04,-2.00105667e-05,-6.94243322e-07,-1.52152836e-04,1.23519477e-05,3.94231475e-07,6.32760394e-01,9.30844022e-02,1.95075818e-02,2.99946895e+00,2.27140454e-06,4.632e-16,3.109e-15
1.9600,20.581213,4.452862,19.880541,3.850651,1.606338,0.387019,1.837774,0.550110,-0.392118,1.40863454e-04,-2.27878770e-05,-1.30050147e-06,-1.02129479e-04,1.43930663e-05,7.98920271e-07,6.32760191e-01,9.30801970e-02,1.95417733e-02,2.99944033e+00,2.29555020e-06,1.110e-16,5.551e-16
1.9800,20.600042,4.498460,19.885383,3.890260,1.606449,0.386351,1.837811,0.285263,-0.202290,6.98724974e-05,-1.20689328e-05,2.24663489e-06,-5.03360606e-05,8.08753182e-06,-1.27716316e-06,6.32763874e-01,9.30768898e-02,1.95567348e-02,2.99942540e+00,2.32426374e-06,1.235e-15,8.882e-16
2.0000,20.618960,4.544066,19.890182,3.929873,1.606572,0.385690,1.837840,-0.030539,0.020223,-1.94186862e-06,5.74932835e-06,-1.32148063e-06,2.40562531e-06,-2.80138021e-06,7.61329757e-07,6.32771146e-01,9.30744329e-02,1.95534878e-02,2.99942356e+00,2.35888985e-06,1.665e-16,1.776e-15
2.0200,20.637965,4.589679,19.894938,3.969491,1.606696,0.385031,1.837869,-0.319222,0.228761,-7.34469244e-05,2.01568260e-05,-6.06463691e-07,5.52623663e-05,-1.18493952e-05,4.01070167e-07,6.32778826e-01,9.30720723e-02,1.95482672e-02,2.99942309e+00,2.39016759e-06,2.429e-16,1.332e-15
2.0400,20.657058,4.635300,19.899651,4.009113,1.606842,0.384383,1.837884,-0.556376,0.406579,-1.43518746e-04,2.27258661e-05,2.04461873e-06,1.07398642e-04,-1.37635984e-05,-1.17086916e-06,6.32792659e-01,9.30711647e-02,1.95118845e-02,2.99944501e+00,2.41561966e-06,6.436e-16,2.665e-15
2.0600,20.676238,4.680927,19.904322,4.048740,1.606968,0.383727,1.837911,-0.761922,0.564151,-2.11055944e-04,1.20412713e-05,-1.76445749e-06,1.57992107e-04,-7.47756137e-06,1.02498988e-06,6.32801191e-01,9.30689783e-02,1.95031508e-02,2.99944683e+00,2.44243702e-06,4.892e-16,8.882e-16
2.0800,20.695505,4.726562,19.908949,4.088372,1.607054,0.383058,1.837962,-0.912695,0.687777,-2.74990564e-04,-5.52130878e-06,1.10955041e-07,2.06250200e-04,3.25831375e-06,-1.20768364e-08,6.32799571e-01,9.30643385e-02,1.95473032e-02,2.99941020e+00,2.47161516e-06,2.828e-16,3.997e-15
2.1000,20.714858,4.772202,19.913534,4.128009,1.607127,0.382387,1.838021,-1.060826,0.807666,-3.34315812e-04,-1.96023461e-05,1.63793082e-06,2.51416178e-04,1.21111741e-05,-9.43305903e-07,6.32794753e-01,9.30588930e-02,1.96089046e-02,2.99936068e+00,2.49530863e-06,1.055e-15,1.332e-15
2.1200,20.734297,4.817849,19.918075,4.167651,1.607169,0.381705,1.838098,-1.247339,0.948902,-3.88099413e-04,-2.19665004e-05,-1.98702104e-06,2.92782752e-04,1.39024621e-05,1.16365823e-06,6.32782075e-01,9.30515476e-02,1.97115557e-02,2.99928140e+00,2.51142961e-06,3.521e-16,1.776e-15
2.1400,20.753822,4.863501,19.922573,4.207298,1.607207,0.381023,1.838177,-1.434678,1.089948,-4.35496648e-04,-1.13169356e-05,7.71534436e-07,3.29704170e-04,7.63770643e-06,-3.96243186e-07,6.32768508e-01,9.30439712e-02,1.98193408e-02,2.99919836e+00,2.52686369e-06,4.892e-16,2.220e-15
2.1600,20.773433,4.909159,19.927027,4.246951,1.607276,0.380357,1.838238,-1.628756,1.233103,-4.75772554e-04,5.99400088e-06,1.08119730e-06,3.61601096e-04,-2.94593436e-06,-6.28284668e-07,6.32763591e-01,9.30384542e-02,1.98828060e-02,2.99914723e+00,2.54377382e-06,1.154e-15,6.661e-16
2.1800,20.793129,4.954823,19.931439,4.286609,1.607350,0.379692,1.838295,-1.795995,1.357904,-5.08304854e-04,1.97558085e-05,-1.98108524e-06,3.87974727e-04,-1.16064190e-05,1.16921501e-06,6.32759870e-01,9.30332362e-02,1.99399207e-02,2.99910076e+00,2.55552932e-06,4.163e-16,1.332e-15
2.2000,20.812910,5.000493,19.935807,4.326271,1.607434,0.379032,1.838347,-1.874482,1.426456,-5.32590813e-04,2.19219720e-05,1.30754356e-06,4.08415922e-04,-1.32778517e-05,-7.12158215e-07,6.32758868e-01,9.30286686e-02,1.99830857e-02,2.99906433e+00,2.56018330e-06,5.690e-16,2.665e-15
2.2200,20.832777,5.046169,19.940133,4.365938,1.607520,0.378374,1.838396,-1.894546,1.454911,-5.48260530e-04,1.13113003e-05,4.45430949e-07,4.22608168e-04,-7.03539654e-06,-2.64172280e-07,6.32758956e-01,9.30243562e-02,2.00208466e-02,2.99903173e+00,2.56533905e-06,1.665e-16,3.109e-15
2.2400,20.852728,5.091851,19.944416,4.405610,1.607569,0.377701,1.838469,-1.867298,1.450206,-5.55074277e-04,-5.74897481e-06,-1.75968034e-06,4.30337368e-04,3.39750123e-06,1.05117309e-06,6.32748844e-01,9.30176002e-02,2.01115293e-02,2.99896104e+00,2.57422549e-06,8.188e-16,2.220e-15
2.2600,20.872764,5.137538,19.948655,4.445286,1.607600,0.377022,1.838551,-1.802844,1.418707,-5.52930101e-04,-1.91962387e-05,1.67094882e-06,4.31492680e-04,1.18687311e-05,-9.29076167e-07,6.32734400e-01,9.30097885e-02,2.02251878e-02,2.99887376e+00,2.58031526e-06,8.188e-16,1.776e-15
2.2800,20.892884,5.183230,19.952850,4.484968,1.607629,0.376343,1.838635,-1.765017,1.398554,-5.41872748e-04,-2.11691314e-05,-1.95641750e-07,4.26063966e-04,1.34235396e-05,1.06896470e-07,6.32719239e-01,9.30017978e-02,2.03428847e-02,2.99878361e+00,2.58190827e-06,6.835e-16,5.551e-16
2.3000,20.913087,5.228928,19.957003,4.524655,1.607649,0.375659,1.838724,-1.737738,1.381691,-5.22086135e-04,-1.05994150e-05,-1.36189382e-06,4.14145941e-04,7.20449785e-06,8.29064074e-07,6.32701954e-01,9.29933116e-02,2.04714880e-02,2.99868578e+00,2.58729469e-06,9.350e-16,4.441e-16
2.3200,20.933374,5.274630,19.961111,4.564347,1.607703,0.374990,1.838793,-1.688360,1.348521,-4.93895238e-04,6.21221820e-06,1.83144796e-06,3.95933571e-04,-3.07933636e-06,-1.03161388e-06,6.32693689e-01,9.29869983e-02,2.05530937e-02,2.99862177e+00,2.59933437e-06,8.014e-16,1.332e-15
2.3400,20.953744,5.320338,19.965177,4.604044,1.607786,0.374332,1.838843,-1.619271,1.299542,-4.57761788e-04,1.93501558e-05,-7.74317381e-07,3.71718322e-04,-1.13646889e-05,4.43470140e-07,6.32692996e-01,9.29825293e-02,2.05947696e-02,2.99858655e+00,2.61087396e-06,1.665e-16,5.551e-16
2.3600,20.974198,5.366051,19.969200,4.643744,1.607871,0.373671,1.838893,-1.478168,1.203659,-4.14266776e-04,2.11345292e-05,-8.42033781e-07,3.41889188e-04,-1.28064706e-05,5.33310503e-07,6.32692582e-01,9.29781601e-02,2.06343714e-02,2.99855301e+00,2.62051444e-06,1.424e-15,2.220e-15
2.3800,20.994735,5.411771,19.973180,4.683449,1.607968,0.373015,1.838935,-1.263627,1.058947,-3.64105980e-04,1.06071775e-05,1.78618184e-06,3.06923325e-04,-6.61264026e-06,-1.01503674e-06,6.32695337e-01,9.29745644e-02,2.06572776e-02,2.99853149e+00,2.63611800e-06,6.922e-16,2.220e-15
2.4000,21.015355,5.457496,19.977117,4.723157,1.608048,0.372350,1.838986,-1.027872,0.896466,-3.08078580e-04,-5.95879518e-06,-1.23008552e-06,2.67378625e-04,3.52301844e-06,7.13167484e-07,6.32693550e-01,9.29698988e-02,2.07035077e-02,2.99849337e+00,2.65907471e-06,8.223e-16,5.551e-16
2.4200,21.036057,5.503226,19.981010,4.762870,1.608102,0.371673,1.839054,-0.774379,0.719915,-2.47069719e-04,-1.87939944e-05,-2.62268897e-07,2.23887609e-04,1.16248861e-05,2.01514343e-07,6.32684719e-01,9.29635578e-02,2.07862174e-02,2.99842923e+00,2.68180676e-06,2.828e-16,1.332e-15
2.4400,21.056842,5.548962,19.984860,4.802587,1.608167,0.371001,1.839115,-0.542471,0.553316,-1.82046183e-04,-2.03965496e-05,1.55334676e-06,1.77141717e-04,1.29559826e-05,-8.88681611e-07,6.32678739e-01,9.29579091e-02,2.08539914e-02,2.99837583e+00,2.70292095e-06,4.337e-17,4.441e-15
2.4600,21.077709,5.594703,19.988667,4.842309,1.608239,0.370329,1.839171,-0.357978,0.413329,-1.14040062e-04,-9.91521643e-06,-1.52315538e-06,1.27881192e-04,6.78791541e-06,8.90272408e-07,6.32674561e-01,9.29527245e-02,2.09117584e-02,2.99832977e+00,2.72895302e-06,4.129e-16,8.882e-16
2.4800,21.098657,5.640449,19.992431,4.882034,1.608333,0.369664,1.839213,-0.170181,0.270929,-4.41282816e-05,6.40531961e-06,3.08974875e-07,7.68857499e-05,-3.20180333e-06,-1.29919188e-07,6.32675931e-01,9.29489081e-02,2.09398413e-02,2.99830513e+00,2.76016538e-06,1.110e-15,1.332e-15
2.5000,21.119687,5.686201,19.996152,4.921762,1.608471,0.369015,1.839229,0.029838,0.119978,2.65784662e-05,1.89410762e-05,1.16843467e-06,2.49586237e-05,-1.11240446e-05,-6.74245283e-07,6.32688750e-01,9.29478754e-02,2.09074605e-02,2.99832388e+00,2.78919120e-06,4.059e-16,1.776e-15
2.5200,21.140799,5.731960,19.999830,4.961493,1.608617,0.368366,1.839240,0.254004,-0.046666,9.69602546e-05,2.03650502e-05,-1.63249670e-06,-2.70820740e-05,-1.23481842e-05,9.61649289e-07,6.32703487e-01,9.29473512e-02,2.08641436e-02,2.99835071e+00,2.81435197e-06,1.058e-15,1.776e-15
2.5400,21.161993,5.777724,20.003465,5.001228,1.608763,0.367714,1.839251,0.531273,-0.246103,1.65909054e-04,9.92960698e-06,8.12142387e-07,-7.84145010e-05,-6.20794712e-06,-4.24393298e-07,6.32717908e-01,9.29467810e-02,2.08219530e-02,2.99837690e+00,2.84123151e-06,1.769e-16,7.772e-16
2.5600,21.183267,5.823496,20.007057,5.040965,1.608909,0.367061,1.839262,0.810418,-0.448168,2.32339518e-04,-6.14966739e-06,6.84761034e-07,-1.28230030e-04,3.63645378e-06,-3.98883487e-07,6.32732183e-01,9.29461941e-02,2.07802585e-02,2.99840282e+00,2.87020850e-06,4.007e-16,6.661e-16
2.5800,21.204623,5.869273,20.010607,5.080705,1.609029,0.366394,1.839288,1.057342,-0.630911,2.95210685e-04,-1.83931163e-05,-1.55653437e-06,-1.75743113e-04,1.13813874e-05,9.27480754e-07,6.32739300e-01,9.29439124e-02,2.07754647e-02,2.99840244e+00,2.89452338e-06,2.429e-16,2.220e-16
2.6000,21.226059,5.915055,20.014113,5.120448,1.609148,0.365727,1.839315,1.268560,-0.790713,3.53539533e-04,-1.96457311e-05,1.19749863e-06,-2.20205253e-04,1.25006687e-05,-6.52626308e-07,6.32746249e-01,9.29416039e-02,2.07713540e-02,2.99840162e+00,2.91245394e-06,4.805e-16,1.776e-15
2.6200,21.247576,5.960844,20.017576,5.160194,1.609289,0.365068,1.839328,1.408996,-0.906081,4.06409523e-04,-9.26004243e-06,1.59334113e-07,-2.60920612e-04,6.38876396e-06,-9.70865675e-08,6.32758964e-01,9.29407035e-02,2.07367805e-02,2.99842271e+00,2.92985686e-06,9.021e-17,4.441e-16
2.6400,21.269172,6.006638,20.020996,5.199942,1.609442,0.364411,1.839333,1.508165,-0.993289,4.52991743e-04,6.57828894e-06,-1.31739588e-06,-2.97252816e-04,-3.31230254e-06,7.96711713e-07,6.32774733e-01,9.29405757e-02,2.06855583e-02,2.99845592e+00,2.94800915e-06,1.311e-15,1.332e-15
2.6600,21.290849,6.052439,20.024373,5.239692,1.609628,0.363766,1.839318,1.611028,-1.079368,4.92556589e-04,1.85326265e-05,1.42956622e-06,-3.28635847e-04,-1.08835847e-05,-7.95403498e-07,6.32799041e-01,9.29425290e-02,2.05893669e-02,2.99852150e+00,2.96072187e-06,1.110e-16,3.997e-15
2.6800,21.312606,6.098247,20.027708,5.279445,1.609833,0.363127,1.839292,1.709510,-1.160478,5.24483967e-04,1.96173819e-05,-3.48648100e-07,-3.54583657e-04,-1.19012732e-05,1.97041005e-07,6.32828218e-01,9.29456833e-02,2.04674034e-02,2.99860578e+00,2.96685352e-06,4.736e-16,6.661e-16
2.7000,21.334443,6.144061,20.031000,5.319199,1.610022,0.362479,1.839276,1.823128,-1.247892,5.48281180e-04,9.28195869e-06,-9.49874596e-07,-3.74693008e-04,-5.81919479e-06,5.90588831e-07,6.32852987e-01,9.29478034e-02,2.03680855e-02,2.99867399e+00,2.97324194e-06,3.435e-16,2.220e-15
2.7200,21.356359,6.189882,20.034250,5.358955,1.610204,0.361828,1.839263,1.936134,-1.332434,5.63586002e-04,-6.31887011e-06,1.49522299e-06,-3.88652564e-04,3.73952298e-06,-8.41407359e-07,6.32875797e-01,9.29494539e-02,2.02791558e-02,2.99873477e+00,2.98171865e-06,1.235e-15,1.332e-15
2.7400,21.378355,6.235709,20.037456,5.398713,1.610366,0.361170,1.839262,1.990264,-1.378862,5.70169517e-04,-1.79898825e-05,-7.84102091e-07,-3.96249112e-04,1.11399973e-05,4.53438090e-07,6.32893716e-01,9.29499315e-02,2.02157677e-02,2.99877720e+00,2.98643862e-06,1.058e-16,4.441e-16
2.7600,21.400429,6.281542,20.040620,5.438473,1.610510,0.360504,1.839273,1.986804,-1.386166,5.67943282e-04,-1.89123835e-05,-5.01722672e-07,-3.97368477e-04,1.20587220e-05,3.36061003e-07,6.32906467e-01,9.29491689e-02,2.01793158e-02,2.99880026e+00,2.98711113e-06,6.418e-16,1.776e-15
2.7800,21.422581,6.327381,20.043740,5.478235,1.610670,0.359846,1.839272,1.921155,-1.351301,5.56953322e-04,-8.62955223e-06,1.39665678e-06,-3.92001383e-04,6.00741836e-06,-7.92909536e-07,6.32924010e-01,9.29495570e-02,2.01181831e-02,2.99884103e+00,2.99099721e-06,6.106e-16,2.220e-15
2.8000,21.444812,6.373226,20.046818,5.517998,1.610845,0.359193,1.839263,1.794287,-1.274673,5.37380197e-04,6.73593172e-06,-1.10678826e-06,-3.80242722e-04,-3.41017105e-06,6.45560126e-07,6.32945321e-01,9.29508663e-02,2.00373569e-02,2.99889606e+00,2.99955303e-06,6.193e-16,2.220e-16
2.8200,21.467121,6.419077,20.049853,5.557764,1.611030,0.358544,1.839248,1.665013,-1.191299,5.09541949e-04,1.81285397e-05,-2.78160457e-08,-3.62286548e-04,-1.06427009e-05,6.25534774e-08,6.32969303e-01,9.29528314e-02,1.99426075e-02,2.99896120e+00,3.00703709e-06,2.082e-16,8.882e-16
2.8400,21.489509,6.464934,20.052845,5.597530,1.611231,0.357903,1.839222,1.545606,-1.110114,4.73884850e-04,1.88938957e-05,1.15497499e-06,-3.38425477e-04,-1.14649873e-05,-6.61144397e-07,6.32997966e-01,9.29559243e-02,1.98238435e-02,2.99904370e+00,3.01348451e-06,1.110e-16,3.331e-16
2.8600,21.511974,6.510797,20.055794,5.637298,1.611415,0.357254,1.839207,1.426608,-1.026146,4.30980548e-04,8.66616477e-06,-1.28777704e-06,-3.09043426e-04,-5.44503837e-06,7.57907595e-07,6.33021833e-01,9.29578650e-02,1.97301372e-02,2.99910816e+00,3.02542231e-06,1.154e-15,4.441e-16
2.8800,21.534516,6.556666,20.058701,5.677068,1.611570,0.356596,1.839209,1.316077,-0.944142,3.81519531e-04,-6.46542191e-06,4.21143098e-07,-2.74608040e-04,3.83310408e-06,-1.97946452e-07,6.33038415e-01,9.29580363e-02,1.96746606e-02,2.99914491e+00,3.04338904e-06,2.220e-16,2.220e-15
2.9000,21.557136,6.602541,20.061564,5.716839,1.611710,0.355934,1.839220,1.167924,-0.837048,3.26292645e-04,-1.75833273e-05,8.06784398e-07,-2.35667531e-04,1.09010883e-05,-4.64613615e-07,6.33051295e-01,9.29572899e-02,1.96390565e-02,2.99916710e+00,3.06153163e-06,4.389e-16,8.882e-16
2.9200,21.579832,6.648420,20.064385,5.756612,1.611825,0.355263,1.839246,0.959118,-0.690174,2.66180777e-04,-1.81947703e-05,-1.31664158e-06,-1.92840351e-04,1.16302305e-05,7.83488819e-07,6.33057812e-01,9.29549957e-02,1.96368127e-02,2.99916504e+00,3.07938887e-06,1.145e-16,8.882e-16
2.9400,21.602605,6.694305,20.067162,5.796388,1.611940,0.354595,1.839272,0.714816,-0.517979,2.02140093e-04,-8.02241797e-06,7.97009742e-07,-1.46805747e-04,5.64307082e-06,-4.19313727e-07,6.33064553e-01,9.29527365e-02,1.96339303e-02,2.99916329e+00,3.10223946e-06,7.321e-16,8.882e-16
2.9600,21.625453,6.740194,20.069895,5.836165,1.612075,0.353937,1.839286,0.436077,-0.321998,1.35181832e-04,6.87928954e-06,3.94450588e-07,-9.82958552e-05,-3.49630887e-06,-2.29947952e-07,6.33076804e-01,9.29517933e-02,1.96029051e-02,2.99918177e+00,3.12994626e-06,1.665e-16,8.882e-16
2.9800,21.648378,6.786089,20.072586,5.875943,1.612210,0.353280,1.839299,0.160720,-0.125215,6.63630422e-05,1.77292054e-05,-1.20139049e-06,-4.80801044e-05,-1.04019200e-05,7.24160351e-07,6.33089420e-01,9.29509383e-02,1.95701131e-02,2.99920149e+00,3.15645446e-06,6.939e-16,9.992e-16
3.0000,21.671379,6.831988,20.075234,5.915723,1.612349,0.352627,1.839310,-0.068983,0.045767,-3.22933529e-06,1.81931766e-05,1.06399249e-06,3.04718004e-06,-1.10399689e-05,-5.80239954e-07,6.33103297e-01,9.29503745e-02,1.95312093e-02,2.99922551e+00,3.18060765e-06,2.741e-16,8.882e-16
3.0200,21.694455,6.877893,20.077839,5.955505,1.612479,0.351972,1.839326,-0.273140,0.201203,-7.24979769e-05,8.08002356e-06,-3.21304767e-08,5.42778852e-05,-5.08572707e-06,1.62214340e-08,6.33114905e-01,9.29492470e-02,1.95045285e-02,2.99924055e+00,3.20704092e-06,3.574e-16,4.441e-15
3.0400,21.717606,6.923801,20.080401,5.995288,1.612571,0.351303,1.839365,-0.456475,0.343863,-1.40346998e-04,-6.59188837e-06,-9.61743184e-07,1.04806088e-04,3.91694820e-06,5.93086147e-07,6.33116855e-01,9.29457721e-02,1.95282843e-02,2.99921893e+00,3.23558409e-06,7.511e-16,3.997e-15
3.0600,21.740832,6.969714,20.082919,6.035074,1.612643,0.350629,1.839416,-0.634734,0.482875,-2.05703615e-04,-1.71764708e-05,1.20164431e-06,1.53838144e-04,1.06636217e-05,-6.66395207e-07,6.33113731e-01,9.29410398e-02,1.95791017e-02,2.99917748e+00,3.26017905e-06,9.836e-16,1.776e-15
3.0800,21.764133,7.015631,20.085394,6.074862,1.612701,0.349953,1.839475,-0.848694,0.642563,-2.67539104e-04,-1.74951506e-05,-4.26135941e-07,2.00603029e-04,1.12139127e-05,2.46667019e-07,6.33107404e-01,9.29355106e-02,1.96471307e-02,2.99912343e+00,3.27965979e-06,5.551e-17,6.661e-16
3.1000,21.787507,7.061551,20.087826,6.114652,1.612750,0.349274,1.839539,-1.077761,0.811457,-3.24881100e-04,-7.44067190e-06,-6.32853128e-07,2.44366886e-04,5.29402824e-06,4.07927857e-07,6.33098794e-01,9.29294170e-02,1.97274003e-02,2.99906044e+00,3.29902904e-06,1.665e-16,2.665e-15
3.1200,21.810955,7.107474,20.090214,6.154444,1.612819,0.348606,1.839591,-1.296529,0.973625,-3.76832924e-04,7.00567805e-06,1.20152282e-06,2.84442132e-04,-3.57278995e-06,-6.74657087e-07,6.33095793e-01,9.29246625e-02,1.97790006e-02,2.99901806e+00,3.31853389e-06,1.228e-15,4.441e-16
3.1400,21.834478,7.153401,20.092558,6.194238,1.612899,0.347944,1.839636,-1.493156,1.120879,-4.22586431e-04,1.73316756e-05,-7.48522537e-07,3.20198980e-04,-1.01627197e-05,4.36755726e-07,6.33096085e-01,9.29207033e-02,1.98136010e-02,2.99898793e+00,3.33255860e-06,5.152e-16,3.109e-15
3.1600,21.858073,7.199332,20.094860,6.234033,1.612975,0.347280,1.839684,-1.623707,1.226258,-4.61428306e-04,1.75111799e-05,-2.55812950e-07,3.51078857e-04,-1.06274127e-05,1.92095841e-07,6.33095214e-01,9.29164641e-02,1.98543230e-02,2.99895337e+00,3.34078021e-06,1.252e-15,2.665e-15
3.1800,21.881743,7.245267,20.097118,6.273831,1.613049,0.346617,1.839732,-1.691489,1.290084,-4.92754734e-04,7.51850427e-06,1.07382437e-06,3.76600839e-04,-4.74235015e-06,-6.08130973e-07,6.33093951e-01,9.29121179e-02,1.98974480e-02,2.99891697e+00,3.34896251e-06,2.220e-16,3.109e-15
3.2000,21.905485,7.291204,20.099333,6.313630,1.613097,0.345944,1.839796,-1.729251,1.331472,-5.16079453e-04,-6.70295570e-06,-9.67292612e-07,3.96369976e-04,3.99034626e-06,5.69979508e-07,6.33086090e-01,9.29061711e-02,1.99751193e-02,2.99885562e+00,3.35773433e-06,6.158e-16,9.992e-16
3.2200,21.929299,7.337145,20.101504,6.353432,1.613120,0.345263,1.839875,-1.742110,1.354106,-5.31039668e-04,-1.67738261e-05,1.26949232e-07,4.10084357e-04,1.04264155e-05,-2.84062093e-08,6.33071608e-01,9.28986121e-02,2.00876433e-02,2.99876912e+00,3.36220557e-06,2.984e-16,3.331e-16
3.2400,21.953186,7.383088,20.103632,6.393235,1.613142,0.344583,1.839955,-1.761125,1.376535,-5.37408573e-04,-1.68173879e-05,8.40401575e-07,4.17535778e-04,1.08081342e-05,-4.78831381e-07,6.33057362e-01,9.28910965e-02,2.01993987e-02,2.99868314e+00,3.36299086e-06,1.015e-15,1.776e-15
3.2600,21.977145,7.429034,20.105715,6.433041,1.613165,0.343903,1.840033,-1.793404,1.403782,-5.35097175e-04,-6.88707603e-06,-1.06687795e-06,4.18614074e-04,4.95875300e-06,6.34685080e-07,6.33043309e-01,9.28836328e-02,2.03101940e-02,2.99859794e+00,3.36609229e-06,2.845e-16,2.220e-15
3.2800,22.001176,7.474983,20.107756,6.472849,1.613205,0.343230,1.840102,-1.798544,1.412016,-5.24153880e-04,7.11217504e-06,4.72002618e-07,4.13309660e-04,-3.64134236e-06,-2.30906435e-07,6.33033666e-01,9.28772438e-02,2.03979202e-02,2.99852940e+00,3.37213729e-06,1.167e-15,4.441e-16
3.3000,22.025278,7.520934,20.109753,6.512659,1.613272,0.342569,1.840153,-1.765926,1.393761,-5.04766701e-04,1.69328088e-05,5.31928944e-07,4.01711656e-04,-9.92639212e-06,-3.05503759e-07,6.33031324e-01,9.28726339e-02,2.04473110e-02,2.99848846e+00,3.37672039e-06,3.036e-16,1.332e-15
3.3200,22.049453,7.566888,20.111706,6.552470,1.613341,0.341906,1.840203,-1.677744,1.337965,-4.77254301e-04,1.68446787e-05,-1.04410221e-06,3.84009712e-04,-1.02278071e-05,6.28406307e-07,6.33029371e-01,9.28681427e-02,2.04942431e-02,2.99844944e+00,3.38062207e-06,1.549e-15,1.332e-15
3.3400,22.073698,7.612846,20.113617,6.592282,1.613408,0.341241,1.840255,-1.518992,1.235116,-4.42059621e-04,6.97774427e-06,7.45942772e-07,3.60491357e-04,-4.41527009e-06,-3.93836570e-07,6.33026627e-01,9.28634727e-02,2.05451412e-02,2.99840765e+00,3.38925353e-06,1.665e-16,1.332e-15
3.3600,22.098015,7.658807,20.115484,6.632095,1.613467,0.340573,1.840311,-1.330817,1.109274,-3.99746598e-04,-6.80198365e-06,1.88242280e-07,3.31535061e-04,4.05322552e-06,-1.08295944e-07,6.33021978e-01,9.28583507e-02,2.06059181e-02,2.99835883e+00,3.40282440e-06,7.026e-16,1.332e-15
3.3800,22.122402,7.704770,20.117308,6.671911,1.613505,0.339895,1.840380,-1.136872,0.975771,-3.50988105e-04,-1.63776344e-05,-9.08054030e-07,2.97606039e-04,1.01894358e-05,5.57180789e-07,6.33011675e-01,9.28518755e-02,2.06960861e-02,2.99828905e+00,3.41678631e-06,4.406e-16,2.665e-15
3.4000,22.146860,7.750736,20.119088,6.711727,1.613546,0.339218,1.840446,-0.946964,0.841449,-2.96558660e-04,-1.61629945e-05,9.23716174e-07,2.59246812e-04,1.04123099e-05,-5.02346237e-07,6.33002033e-01,9.28455684e-02,2.07827370e-02,2.99822186e+00,3.43125761e-06,1.509e-16,1.110e-16
3.4200,22.171389,7.796704,20.120824,6.751545,1.613604,0.338547,1.840502,-0.783116,0.720100,-2.37325797e-04,-6.36185980e-06,-1.52723277e-07,2.17066568e-04,4.63675971e-06,8.91189474e-08,6.32996973e-01,9.28403907e-02,2.08450257e-02,2.99817224e+00,3.45072363e-06,1.117e-15,8.882e-16
3.4400,22.195987,7.842675,20.122517,6.791364,1.613678,0.337880,1.840548,-0.617073,0.595912,-1.74231633e-04,7.19916891e-06,-6.82417326e-07,1.71734264e-04,-3.70221234e-06,4.31553289e-07,6.32995971e-01,9.28362287e-02,2.08853862e-02,2.99813850e+00,3.47481560e-06,1.509e-16,3.553e-15
3.4600,22.220655,7.888649,20.124167,6.831184,1.613783,0.337223,1.840576,-0.419555,0.451034,-1.08279284e-04,1.65326432e-05,9.91166678e-07,1.23967046e-04,-9.69299585e-06,-5.49066080e-07,6.33002871e-01,9.28340094e-02,2.08837187e-02,2.99813496e+00,3.49844215e-06,7.720e-16,4.441e-16
3.4800,22.245394,7.934627,20.125774,6.871004,1.613904,0.336571,1.840593,-0.193696,0.286745,-4.05161961e-05,1.61938749e-05,-4.54296748e-07,7.45192827e-05,-9.84036967e-06,2.65656065e-07,6.33013656e-01,9.28327672e-02,2.08609776e-02,2.99814670e+00,3.52101041e-06,1.110e-16,4.441e-16
3.5000,22.270202,7.980608,20.127338,6.910824,1.614018,0.335912,1.840615,0.071610,0.096726,2.79876444e-05,6.45787842e-06,-3.95901561e-07,2.41735427e-05,-4.10330137e-06,2.69458393e-07,6.33022415e-01,9.28310665e-02,2.08482808e-02,2.99815144e+00,3.54646773e-06,9.714e-17,4.441e-16
3.5200,22.295080,8.026593,20.128858,6.950644,1.614129,0.335252,1.840638,0.352365,-0.104744,9.61527987e-05,-6.88867963e-06,9.49846119e-07,-2.62741384e-05,4.10670740e-06,-5.31695545e-07,6.33030501e-01,9.28292209e-02,2.08388280e-02,2.99815393e+00,3.57408395e-06,8.535e-16,4.441e-16
3.5400,22.320027,8.072580,20.130336,6.990465,1.614230,0.334585,1.840667,0.603838,-0.289969,1.62906352e-04,-1.59862832e-05,-6.85379031e-07,-7.60272972e-05,9.95394566e-06,4.04475809e-07,6.33035625e-01,9.28266798e-02,2.08445334e-02,2.99814569e+00,3.59851432e-06,9.142e-16,4.441e-16
3.5600,22.345043,8.118571,20.131770,7.030286,1.614327,0.333915,1.840699,0.822183,-0.454851,2.27200169e-04,-1.55294146e-05,-8.33970416e-08,-1.24300723e-04,1.00272971e-05,9.04989001e-08,6.33039479e-01,9.28238523e-02,2.08565336e-02,2.99813304e+00,3.61919861e-06,4.198e-16,8.882e-16
3.5800,22.370128,8.164565,20.133161,7.070107,1.614445,0.333254,1.840717,0.998541,-0.593382,2.88022193e-04,-5.86175303e-06,8.09856201e-07,-1.70335795e-04,4.32861024e-06,-4.57156987e-07,6.33049174e-01,9.28224602e-02,2.08375363e-02,2.99814266e+00,3.64021874e-06,5.863e-16,2.220e-16
3.6000,22.395281,8.210562,20.134508,7.109928,1.614584,0.332597,1.840722,1.139575,-0.708735,3.44414219e-04,7.27068585e-06,-8.27311082e-07,-2.13411190e-04,-3.75446211e-06,4.91872875e-07,6.33063927e-01,9.28223288e-02,2.07913531e-02,2.99817191e+00,3.66094252e-06,3.782e-16,3.553e-15
3.6200,22.420503,8.256563,20.135813,7.149748,1.614743,0.331947,1.840715,1.286151,-0.824997,3.95490360e-04,1.61347725e-05,2.18671123e-07,-2.52852323e-04,-9.46144267e-06,-8.57865225e-08,6.33083699e-01,9.28234472e-02,2.07182652e-02,2.99822061e+00,3.67649908e-06,6.523e-16,8.882e-16
3.6400,22.445794,8.302568,20.137075,7.189568,1.614921,0.331303,1.840697,1.441697,-0.945082,4.40448741e-04,1.55618820e-05,5.92749536e-07,-2.88043359e-04,-9.46360770e-06,-3.36963380e-07,6.33108398e-01,9.28257869e-02,2.06189669e-02,2.99828826e+00,3.68710617e-06,1.023e-16,3.553e-15
3.6600,22.471153,8.348576,20.138294,7.229386,1.615091,0.330652,1.840683,1.598502,-1.064323,4.78587877e-04,5.96205630e-06,-8.69201654e-07,-3.18434643e-04,-3.80441777e-06,5.22706989e-07,6.33130713e-01,9.28275764e-02,2.05317741e-02,2.99834742e+00,3.69733592e-06,3.973e-16,1.332e-15
3.6800,22.496580,8.394589,20.139471,7.269204,1.615247,0.329996,1.840678,1.750986,-1.178972,5.09318130e-04,-6.96010739e-06,4.80132208e-07,-3.43551107e-04,4.15256355e-06,-2.39446471e-07,6.33149444e-01,9.28285092e-02,2.04632646e-02,2.99839326e+00,3.70700814e-06,2.030e-16,4.441e-16
3.7000,22.522074,8.440605,20.140604,7.309020,1.615396,0.329336,1.840677,1.857150,-1.263570,5.32165980e-04,-1.55962313e-05,3.27929234e-07,-3.63002458e-04,9.72147114e-06,-1.86204718e-07,6.33166361e-01,9.28290078e-02,2.04042935e-02,2.99843227e+00,3.71215997e-06,1.058e-16,2.220e-15
3.7200,22.547636,8.486624,20.141694,7.348836,1.615534,0.328672,1.840681,1.900495,-1.306722,5.46782985e-04,-1.49121829e-05,-8.13107767e-07,-3.76488079e-04,9.65437174e-06,4.97131404e-07,6.33180459e-01,9.28288340e-02,2.03599745e-02,2.99846080e+00,3.71381454e-06,1.145e-16,1.332e-15
3.7400,22.573264,8.532647,20.142741,7.388652,1.615683,0.328012,1.840680,1.894137,-1.315358,5.52949457e-04,-5.38221917e-06,6.74130206e-07,-3.83802597e-04,4.03499596e-06,-3.56375011e-07,6.33197391e-01,9.28293544e-02,2.03008427e-02,2.99850000e+00,3.71682126e-06,4.666e-16,1.110e-15
3.7600,22.598960,8.578673,20.143745,7.428466,1.615853,0.327361,1.840665,1.840883,-1.291209,5.50575331e-04,7.33133569e-06,4.53152699e-08,-3.84840342e-04,-3.79733403e-06,-2.41951377e-08,6.33219930e-01,9.28312483e-02,2.02123035e-02,2.99856040e+00,3.72136163e-06,5.343e-16,8.882e-16
3.7800,22.624723,8.624702,20.144706,7.468278,1.616031,0.326712,1.840645,1.773120,-1.253514,5.39706474e-04,1.57433151e-05,-6.72389045e-07,-3.79593951e-04,-9.23069750e-06,4.20788985e-07,6.33244560e-01,9.28336685e-02,2.01126632e-02,2.99862893e+00,3.72405249e-06,7.702e-16,4.885e-15
3.8000,22.650552,8.670736,20.145625,7.508089,1.616217,0.326066,1.840620,1.715740,-1.218078,5.20523820e-04,1.49515958e-05,7.84274703e-07,-3.68154560e-04,-9.09647145e-06,-4.26201770e-07,6.33271314e-01,9.28366113e-02,2.00020455e-02,2.99870543e+00,3.72605235e-06,1.665e-16,8.882e-16
3.8200,22.676448,8.716773,20.146501,7.547899,1.616396,0.325416,1.840600,1.652270,-1.175984,4.93339810e-04,5.49268379e-06,-2.22220353e-07,-3.50710606e-04,-3.51725523e-06,1.31890535e-07,6.33296009e-01,9.28390578e-02,1.99023505e-02,2.99877412e+00,3.73194780e-06,5.204e-16,4.441e-16
3.8400,22.702410,8.762813,20.147333,7.587707,1.616547,0.324757,1.840596,1.576098,-1.123014,4.58596607e-04,-7.01416894e-06,-4.65984878e-07,-3.27542836e-04,4.19200802e-06,3.06277369e-07,6.33313813e-01,9.28398277e-02,1.98388377e-02,2.99881668e+00,3.74177980e-06,1.799e-15,8.882e-16
3.8600,22.728438,8.808857,20.148123,7.627514,1.616683,0.324094,1.840600,1.466723,-1.046876,4.16854982e-04,-1.52055831e-05,8.05091451e-07,-2.99022105e-04,9.49258441e-06,-4.43751898e-07,6.33327957e-01,9.28396924e-02,1.97949005e-02,2.99884498e+00,3.75196984e-06,4.597e-16,1.332e-15
3.8800,22.754531,8.854903,20.148869,7.667320,1.616809,0.323428,1.840611,1.296556,-0.930567,3.68783202e-04,-1.43088639e-05,-4.47020883e-07,-2.65604456e-04,9.29379375e-06,2.65498119e-07,6.33339447e-01,9.28389007e-02,1.97651743e-02,2.99886291e+00,3.76312640e-06,3.487e-16,4.441e-16
3.9000,22.780690,8.900952,20.149573,7.707125,1.616931,0.322761,1.840624,1.083773,-0.784113,3.15148342e-04,-4.92089501e-06,-2.21612979e-07,-2.27822557e-04,3.75569034e-06,1.67400661e-07,6.33350149e-01,9.28379089e-02,1.97398639e-02,2.99887755e+00,3.77916927e-06,2.220e-16,6.661e-16
3.9200,22.806913,8.947003,20.150233,7.746928,1.617068,0.322104,1.840628,0.847632,-0.619601,2.56801162e-04,7.38280713e-06,7.38453124e-07,-1.86278920e-04,-3.83135491e-06,-4.11619562e-07,6.33365207e-01,9.28379657e-02,1.96922235e-02,2.99890822e+00,3.79952201e-06,1.301e-16,1.332e-15
3.9400,22.833201,8.993057,20.150850,7.786730,1.617212,0.321450,1.840628,0.605497,-0.448188,1.94664670e-04,1.53593410e-05,-6.08598849e-07,-1.41635064e-04,-9.00095200e-06,3.63049938e-07,6.33381995e-01,9.28384421e-02,1.96357521e-02,2.99894525e+00,3.81996548e-06,6.661e-16,5.551e-16
3.9600,22.859554,9.039114,20.151424,7.826531,1.617349,0.320794,1.840631,0.390997,-0.290857,1.29723359e-04,1.43627819e-05,3.21811332e-08,-9.45988955e-05,-8.73909133e-06,2.08106222e-08,6.33397409e-01,9.28385787e-02,1.95867106e-02,2.99897684e+00,3.84048677e-06,1.110e-16,1.776e-15
3.9800,22.885971,9.085174,20.151955,7.866330,1.617478,0.320137,1.840639,0.198409,-0.145730,6.30052814e-05,5.04848324e-06,5.98407865e-07,-4.59150001e-05,-3.24194266e-06,-3.35509774e-07,6.33410632e-01,9.28381667e-02,1.95495444e-02,2.99899969e+00,3.86439445e-06,1.110e-16,1.776e-15
4.0000,22.912452,9.131235,20.152443,7.906127,1.617578,0.319470,1.840664,0.006531,-0.000540,-4.43276039e-06,-7.05232368e-06,-6.92022775e-07,3.64804337e-06,4.22494523e-06,4.17491620e-07,6.33416763e-01,9.28360150e-02,1.95496880e-02,2.99899540e+00,3.89051942e-06,3.157e-16,2.220e-15
4.0200,22.938997,9.177298,20.152888,7.945924,1.617654,0.318796,1.840704,-0.191233,0.148841,-7.15220547e-05,-1.48160641e-05,2.68415813e-07,5.33097282e-05,9.26658507e-06,-1.16613026e-07,6.33416702e-01,9.28323333e-02,1.95826401e-02,2.99896717e+00,3.91431979e-06,2.533e-16,1.221e-15
4.0400,22.965605,9.223363,20.153289,7.985720,1.617722,0.318121,1.840749,-0.417038,0.315516,-1.37203620e-04,-1.37210127e-05,4.04518475e-07,1.02287266e-04,8.94436687e-06,-2.26601478e-07,6.33415007e-01,9.28282297e-02,1.96247184e-02,2.99893213e+00,3.93570688e-06,1.788e-15,1.332e-15
4.0600,22.992276,9.269429,20.153646,8.025515,1.617785,0.317447,1.840796,-0.666360,0.497230,-2.00443411e-04,-4.47908292e-06,-6.94576697e-07,1.49808986e-04,3.48931505e-06,4.24817419e-07,6.33412197e-01,9.28238415e-02,1.96729866e-02,2.99889251e+00,3.95783603e-06,2.793e-16,1.776e-15
4.0800,23.019010,9.315496,20.153960,8.065308,1.617856,0.316779,1.840838,-0.905415,0.673456,-2.60248167e-04,7.42311499e-06,4.61216026e-07,1.95126704e-04,-3.85818982e-06,-2.31799254e-07,6.33411906e-01,9.28200540e-02,1.97084916e-02,2.99886199e+00,3.97950064e-06,4.493e-16,8.882e-16
4.1000,23.045807,9.361564,20.154231,8.105101,1.617940,0.316117,1.840872,-1.119807,0.834228,-3.15682293e-04,1.49801643e-05,1.80182038e-07,2.37526717e-04,-8.77361375e-06,-9.93166960e-08,6.33414995e-01,9.28170819e-02,1.97266312e-02,2.99884394e+00,3.99659363e-06,1.306e-15,2.220e-15
4.1200,23.072666,9.407634,20.154459,8.144893,1.618017,0.315452,1.840911,-1.288579,0.966113,-3.65878037e-04,1.37920084e-05,-6.20936612e-07,2.76343581e-04,-8.39246705e-06,3.87453968e-07,6.33416324e-01,9.28136799e-02,1.97540753e-02,2.99881913e+00,4.00956969e-06,7.511e-16,1.332e-15
4.1400,23.099587,9.453705,20.154643,8.184683,1.618082,0.314785,1.840956,-1.403071,1.062729,-4.10049006e-04,4.62506962e-06,5.93844704e-07,3.10970404e-04,-2.97950503e-06,-3.12897033e-07,6.33414879e-01,9.28095909e-02,1.97963306e-02,2.99878351e+00,4.02191154e-06,1.180e-16,1.332e-15
4.1600,23.126571,9.499776,20.154784,8.224472,1.618129,0.314112,1.841012,-1.492499,1.140703,-4.47504579e-04,-7.07895445e-06,-4.69668058e-08,3.40867112e-04,4.25042799e-06,3.25775293e-08,6.33408971e-01,9.28044022e-02,1.98622566e-02,2.99873070e+00,4.03294651e-06,6.748e-16,1.776e-15
4.1800,23.153616,9.545849,20.154881,8.264260,1.618152,0.313431,1.841083,-1.571238,1.209120,-4.77659037e-04,-1.44316662e-05,-4.83014211e-07,3.65569927e-04,9.04230737e-06,3.12879039e-07,6.33396893e-01,9.27976999e-02,1.99607671e-02,2.99865433e+00,4.03943834e-06,8.934e-16,4.441e-16
4.2000,23.180722,9.591921,20.154935,8.304047,1.618171,0.312750,1.841156,-1.647564,1.273154,-5.00043960e-04,-1.31523470e-05,6.55623065e-07,3.84696704e-04,8.60440652e-06,-3.53591452e-07,6.33383878e-01,9.27907544e-02,2.00646483e-02,2.99857402e+00,4.04252018e-06,1.665e-16,3.331e-16
4.2200,23.207889,9.637993,20.154945,8.343834,1.618195,0.312073,1.841224,-1.729817,1.337984,-5.14317300e-04,-4.05987174e-06,-2.53526341e-07,3.97951954e-04,3.23417321e-06,1.53723378e-07,6.33372665e-01,9.27842449e-02,2.01593134e-02,2.99850037e+00,4.04609529e-06,1.735e-16,3.109e-15
4.2400,23.235116,9.684066,20.154911,8.383619,1.618229,0.311399,1.841288,-1.789131,1.386613,-5.20265585e-04,7.44918236e-06,-3.01285000e-07,4.05133205e-04,-3.87945712e-06,2.10420586e-07,6.33363861e-01,9.27783283e-02,2.02413614e-02,2.99843584e+00,4.05005353e-06,1.161e-15,2.665e-15
4.2600,23.262405,9.730139,20.154834,8.423404,1.618281,0.310733,1.841340,-1.801840,1.403920,-5.17808127e-04,1.46021715e-05,6.43555069e-07,4.06133381e-04,-8.55010121e-06,-3.52689832e-07,6.33359875e-01,9.27735925e-02,2.02981201e-02,2.99838954e+00,4.05174184e-06,3.747e-16,4.441e-16
4.2800,23.289754,9.776213,20.154714,8.463186,1.618338,0.310068,1.841389,-1.764173,1.386713,-5.06996522e-04,1.32354941e-05,-4.18314944e-07,4.00943259e-04,-8.05738261e-06,2.52018383e-07,6.33356986e-01,9.27691377e-02,2.03489392e-02,2.99834759e+00,4.05254140e-06,1.665e-16,3.553e-15
4.3000,23.317164,9.822287,20.154550,8.502968,1.618384,0.309399,1.841444,-1.668199,1.329872,-4.88010563e-04,4.21839089e-06,-9.69011181e-08,3.89653179e-04,-2.73046688e-06,9.37538929e-08,6.33351439e-01,9.27640459e-02,2.04135838e-02,2.99829578e+00,4.05638327e-06,1.067e-15,1.332e-15
4.3200,23.344634,9.868361,20.154343,8.542747,1.618423,0.308726,1.841504,-1.536624,1.246491,-4.61158196e-04,-7.09793820e-06,5.65142079e-07,3.72449694e-04,4.26793528e-06,-3.11912011e-07,6.33343897e-01,9.27584711e-02,2.04887474e-02,2.99823644e+00,4.06315598e-06,5.933e-16,2.665e-15
4.3400,23.372164,9.914436,20.154092,8.582526,1.618448,0.308048,1.841572,-1.400566,1.155825,-4.26870864e-04,-1.40552439e-05,-5.25410408e-07,3.49612419e-04,8.81929881e-06,3.18942238e-07,6.33333013e-01,9.27520897e-02,2.05814255e-02,2.99816462e+00,4.07007726e-06,4.493e-16,5.551e-16
4.3600,23.399753,9.960510,20.153798,8.622303,1.618471,0.307368,1.841641,-1.263824,1.061290,-3.85696592e-04,-1.26049322e-05,1.06405280e-07,3.21509552e-04,8.27315198e-06,-2.39129066e-08,6.33321478e-01,9.27455582e-02,2.06774783e-02,2.99809046e+00,4.07818935e-06,3.539e-16,3.553e-15
4.3800,23.427401,10.006584,20.153460,8.662079,1.618512,0.306695,1.841698,-1.132399,0.966920,-3.38294712e-04,-3.66458386e-06,4.31859574e-07,2.88589985e-04,2.98942075e-06,-2.39071485e-07,6.33314513e-01,9.27401543e-02,2.07493093e-02,2.99803374e+00,4.09090883e-06,6.332e-16,3.553e-15
4.4000,23.455109,10.052658,20.153078,8.701852,1.618570,0.306027,1.841746,-0.994334,0.866148,-2.85423339e-04,7.46031573e-06,-5.68421388e-07,2.51377393e-04,-3.89563024e-06,3.48296424e-07,6.33311898e-01,9.27358377e-02,2.07977608e-02,2.99799393e+00,4.10751136e-06,2.134e-16,2.220e-15
4.4200,23.482876,10.098732,20.152653,8.741624,1.618647,0.305365,1.841782,-0.819532,0.740919,-2.27925345e-04,1.42244805e-05,2.85981366e-07,2.10462900e-04,-8.33061190e-06,-1.30436640e-07,6.33314103e-01,9.27327241e-02,2.08203142e-02,2.99797279e+00,4.12463656e-06,3.209e-16,1.332e-15
4.4400,23.510702,10.144808,20.152186,8.781394,1.618739,0.304707,1.841808,-0.607020,0.589869,-1.66715833e-04,1.26922864e-05,2.61855387e-07,1.66495052e-04,-7.73350456e-06,-1.43805693e-07,6.33320093e-01,9.27305614e-02,2.08224272e-02,2.99796643e+00,4.14275452e-06,7.216e-16,5.551e-16
4.4600,23.538588,10.190883,20.151675,8.821161,1.618826,0.304045,1.841837,-0.363027,0.416792,-1.02764609e-04,3.82777621e-06,-5.45610588e-07,1.20171228e-04,-2.49399188e-06,3.40209529e-07,6.33324619e-01,9.27280702e-02,2.08317376e-02,2.99795510e+00,4.16456984e-06,9.905e-16,8.882e-16
4.4800,23.566531,10.236960,20.151121,8.860925,1.618906,0.303378,1.841870,-0.100115,0.229509,-3.70813417e-05,-7.10965290e-06,4.25430106e-07,7.22261668e-05,4.27825745e-06,-2.14091394e-07,6.33327319e-01,9.27251523e-02,2.08503624e-02,2.99793719e+00,4.18868884e-06,1.891e-16,1.776e-15
4.5000,23.594534,10.283036,20.150523,8.900687,1.618984,0.302709,1.841905,0.145905,0.050091,2.92972550e-05,-1.36861601e-05,7.65941361e-08,2.34185743e-05,8.59832617e-06,-3.72398866e-08,6.33329286e-01,9.27220731e-02,2.08725653e-02,2.99791681e+00,4.21138950e-06,5.742e-16,8.882e-16
4.5200,23.622594,10.329113,20.149883,8.940447,1.619061,0.302038,1.841939,0.362348,-0.112270,9.53247409e-05,-1.20769908e-05,-4.63935549e-07,-2.54801813e-05,7.95126468e-06,2.97705037e-07,6.33330903e-01,9.27189308e-02,2.08962238e-02,2.99789552e+00,4.23287767e-06,6.037e-16,8.882e-16
4.5400,23.650713,10.375191,20.149199,8.980204,1.619156,0.301373,1.841963,0.554891,-0.259968,1.59959681e-04,-3.29085722e-06,5.11108194e-07,-7.36992570e-05,2.75548481e-06,-2.68226087e-07,6.33336984e-01,9.27169002e-02,2.08959534e-02,2.99789143e+00,4.25549989e-06,1.001e-15,3.109e-15
4.5600,23.678889,10.421269,20.148471,9.019958,1.619274,0.300715,1.841973,0.727210,-0.394774,2.22181202e-04,7.45940795e-06,-1.04387013e-07,-1.20480916e-04,-3.90600134e-06,6.74803960e-08,6.33349118e-01,9.27163776e-02,2.08632017e-02,2.99791073e+00,4.27774817e-06,1.249e-16,1.332e-15
4.5800,23.707123,10.467347,20.147701,9.059709,1.619408,0.300061,1.841973,0.904101,-0.531130,2.81008722e-04,1.38499674e-05,-3.36734801e-07,-1.65090367e-04,-8.11405831e-06,2.27030151e-07,6.33365108e-01,9.27168306e-02,2.08095089e-02,2.99794521e+00,4.29617793e-06,6.627e-16,4.441e-16
4.6000,23.735415,10.513427,20.146889,9.099456,1.619555,0.299411,1.841964,1.097470,-0.676653,3.35517205e-04,1.21648444e-05,5.37533038e-07,-2.06827583e-04,-7.41948245e-06,-2.88668233e-07,6.33384481e-01,9.27181377e-02,2.07375439e-02,2.99799293e+00,4.31128880e-06,1.700e-16,2.220e-15
4.6200,23.763765,10.559508,20.146033,9.139199,1.619701,0.298757,1.841956,1.291441,-0.822060,3.84852043e-04,3.45581574e-06,-2.60678869e-07,-2.45038139e-04,-2.26832181e-06,1.60092432e-07,6.33403362e-01,9.27193502e-02,2.06677937e-02,2.99803923e+00,4.32566900e-06,1.266e-16,2.665e-15
4.6400,23.792173,10.605591,20.145134,9.178939,1.619835,0.298097,1.841956,1.474552,-0.959823,4.28244184e-04,-7.11125876e-06,-1.79247929e-07,-2.79122489e-04,4.28311976e-06,1.38540465e-07,6.33418807e-01,9.27197422e-02,2.06158886e-02,2.99807286e+00,4.33833169e-06,2.776e-16,8.882e-16
4.6600,23.820637,10.651673,20.144193,9.218676,1.619964,0.297435,1.841958,1.622525,-1.074811,4.65018878e-04,-1.33211101e-05,5.06409183e-07,-3.08547266e-04,8.38077719e-06,-2.74875000e-07,6.33433180e-01,9.27198821e-02,2.05695591e-02,2.99810254e+00,4.34656720e-06,8.882e-16,8.882e-16
4.6800,23.849158,10.697757,20.143208,9.258408,1.620092,0.296772,1.841960,1.713828,-1.152948,4.94605113e-04,-1.15643295e-05,-3.77331468e-07,-3.32854075e-04,7.63997242e-06,2.31175443e-07,6.33447341e-01,9.27199842e-02,2.05241822e-02,2.99813159e+00,4.35148651e-06,1.388e-16,2.665e-15
4.7000,23.877736,10.743841,20.142181,9.298137,1.620229,0.296111,1.841957,1.760167,-1.200028,5.16545322e-04,-2.93418536e-06,-1.15482230e-08,-3.51666067e-04,2.53330073e-06,4.20240558e-08,6.33463561e-01,9.27206038e-02,2.04678092e-02,2.99816860e+00,4.35620568e-06,5.551e-17,1.332e-15
4.7200,23.906370,10.789926,20.141110,9.337862,1.620386,0.295458,1.841942,1.773738,-1.223270,5.30500622e-04,7.45083564e-06,4.23431584e-07,-3.64694851e-04,-3.90969047e-06,-2.31462492e-07,6.33485099e-01,9.27225386e-02,2.03833159e-02,2.99822588e+00,4.36036056e-06,8.084e-16,8.882e-16
4.7400,23.935061,10.836012,20.139997,9.377583,1.620554,0.294809,1.841919,1.769866,-1.231923,5.36258275e-04,1.34827347e-05,-4.45042914e-07,-3.71743599e-04,-7.89922396e-06,2.73991022e-07,6.33509506e-01,9.27251955e-02,2.02835201e-02,2.99829429e+00,4.36184152e-06,1.891e-16,1.332e-15
4.7600,23.963808,10.882100,20.138841,9.417299,1.620724,0.294159,1.841895,1.769522,-1.238957,5.33737232e-04,1.16564645e-05,1.47967177e-07,-3.72708817e-04,-7.11398662e-06,-5.13832772e-08,6.33534418e-01,9.27279901e-02,2.01810076e-02,2.99836479e+00,4.36216302e-06,1.665e-16,2.220e-15
4.7800,23.992612,10.928188,20.137643,9.457012,1.620890,0.293507,1.841874,1.762595,-1.239122,5.22987874e-04,3.10527939e-06,3.02026781e-07,-3.67582771e-04,-2.05204968e-06,-1.64140167e-07,6.33558160e-01,9.27305046e-02,2.00847451e-02,2.99843084e+00,4.36466074e-06,1.596e-16,2.220e-16
4.8000,24.021471,10.974278,20.136401,9.496719,1.621036,0.292848,1.841864,1.730911,-1.221350,5.04192230e-04,-7.09998376e-06,-4.58328766e-07,-3.56452771e-04,4.28388750e-06,2.86679962e-07,6.33577016e-01,9.27318265e-02,2.00142492e-02,2.99847836e+00,4.36908284e-06,6.471e-16,1.332e-15
4.8200,24.050386,11.020367,20.135117,9.536423,1.621168,0.292184,1.841863,1.663369,-1.178484,4.77659953e-04,-1.29573628e-05,2.83348522e-07,-3.39500260e-04,8.16749938e-06,-1.31383621e-07,6.33592126e-01,9.27322253e-02,1.99636877e-02,2.99851145e+00,4.37334410e-06,1.324e-15,1.443e-15
4.8400,24.079355,11.066458,20.133790,9.576122,1.621296,0.291520,1.841865,1.541864,-1.099270,4.43820101e-04,-1.10639610e-05,1.57410435e-07,-3.16999570e-04,7.33971222e-06,-8.19298840e-08,6.33606487e-01,9.27324327e-02,1.99173733e-02,2.99854138e+00,4.37881019e-06,1.006e-15,1.776e-15
4.8600,24.108380,11.112548,20.132419,9.615817,1.621423,0.290857,1.841866,1.373613,-0.987268,4.03215372e-04,-2.59149457e-06,-4.20395952e-07,-2.89312670e-04,2.32305615e-06,2.68969698e-07,6.33620874e-01,9.27326445e-02,1.98711130e-02,2.99857124e+00,4.38841454e-06,1.527e-16,8.882e-16
4.8800,24.137460,11.158639,20.131006,9.655508,1.621560,0.290199,1.841861,1.184032,-0.857835,3.56493342e-04,7.43701809e-06,3.80262405e-07,-2.56883411e-04,-3.90676363e-06,-1.91157607e-07,6.33637974e-01,9.27335167e-02,1.98108808e-02,2.99861112e+00,4.40139308e-06,5.777e-16,2.220e-16
4.9000,24.166595,11.204730,20.129550,9.695195,1.621706,0.289545,1.841851,0.986966,-0.720170,3.04396010e-04,1.31244593e-05,5.96488693e-09,-2.20230512e-04,-7.68601492e-06,4.93785159e-09,6.33657333e-01,9.27349415e-02,1.97390149e-02,2.99865938e+00,4.41520105e-06,6.939e-16,2.220e-15
4.9200,24.195784,11.250821,20.128051,9.734877,1.621844,0.288889,1.841845,0.800494,-0.585840,2.47751297e-04,1.11679108e-05,-3.38278440e-07,-1.79937429e-04,-6.81675003e-06,2.24975461e-07,6.33674919e-01,9.27359312e-02,1.96766203e-02,2.99870078e+00,4.43065222e-06,2.706e-16,2.220e-15
4.9400,24.225027,11.296912,20.126509,9.774554,1.621970,0.288230,1.841846,0.627246,-0.457513,1.87459540e-04,2.77596286e-06,4.31876875e-07,-1.36643424e-04,-1.84503148e-06,-2.24753557e-07,6.33689465e-01,9.27361654e-02,1.96305053e-02,2.99873030e+00,4.44993615e-06,7.112e-16,4.441e-16
4.9600,24.254324,11.343004,20.124925,9.814227,1.622075,0.287564,1.841860,0.445304,-0.322667,1.24478083e-04,-7.07629881e-06,-1.34286090e-07,-9.10340492e-05,4.28059535e-06,8.77327811e-08,6.33699025e-01,9.27351639e-02,1.96108761e-02,2.99874053e+00,4.47163031e-06,6.557e-16,5.551e-16
4.9800,24.283675,11.389094,20.123297,9.853896,1.622158,0.286892,1.841887,0.244572,-0.174931,5.98067509e-05,-1.25954530e-05,-2.22993263e-07,-4.38298481e-05,7.95811804e-06,1.61535791e-07,6.33702936e-01,9.27327612e-02,1.96212352e-02,2.99872890e+00,4.49276144e-06,1.457e-16,2.220e-15
5.0000,24.313080,11.435184,20.121625,9.893561,1.622234,0.286219,1.841918,0.018572,-0.010357,-5.53077035e-06,-1.05765235e-05,4.35192885e-07,4.22347571e-06,7.04955594e-06,-2.30515684e-07,6.33705153e-01,9.27299226e-02,1.96409928e-02,2.99871027e+00,4.51370393e-06,2.220e-16,6.661e-16
5.0200,24.342537,11.481273,20.119911,9.933222,1.622308,0.285548,1.841950,-0.232074,0.170775,-7.05038734e-05,-2.26339971e-06,-2.50087116e-07,5.23665475e-05,2.12363247e-06,1.57004543e-07,6.33707514e-01,9.27271061e-02,1.96603773e-02,2.99869178e+00,4.53617455e-06,2.776e-16,2.220e-15
5.0400,24.372047,11.527360,20.118153,9.972878,1.622386,0.284881,1.841979,-0.479786,0.351797,-1.34089367e-04,7.41678009e-06,-9.03364184e-08,9.98394536e-05,-3.89846144e-06,8.58253228e-08,6.33710861e-01,9.27245220e-02,1.96748964e-02,2.99867670e+00,4.55854862e-06,2.290e-16,4.441e-16
5.0600,24.401610,11.573447,20.116353,10.012531,1.622471,0.284218,1.842004,-0.703666,0.518964,-1.95288131e-04,1.27730508e-05,3.92307217e-07,1.45893330e-04,-7.47561480e-06,-2.10027075e-07,6.33716262e-01,9.27224326e-02,1.96789538e-02,2.99866908e+00,4.57792807e-06,5.534e-16,1.110e-15
5.0800,24.431226,11.619533,20.114509,10.052179,1.622550,0.283554,1.842033,-0.895100,0.665951,-2.53139048e-04,1.06963864e-05,-3.30187817e-07,1.89803162e-04,-6.52864048e-06,2.06459617e-07,6.33720286e-01,9.27200008e-02,1.96904161e-02,2.99865602e+00,4.59478344e-06,4.979e-16,1.776e-15
5.1000,24.460894,11.665617,20.112622,10.091823,1.622613,0.282884,1.842071,-1.047529,0.787925,-3.06732386e-04,2.46433103e-06,4.54081500e-08,2.30880073e-04,-1.64812801e-06,7.56703969e-09,6.33720279e-01,9.27165703e-02,1.97232905e-02,2.99862738e+00,4.61098862e-06,3.209e-16,8.882e-16
5.1200,24.490614,11.711700,20.110692,10.131463,1.622660,0.282211,1.842119,-1.178725,0.894682,-3.55226252e-04,-7.04399751e-06,3.12023788e-07,2.68480827e-04,4.27223592e-06,-1.66306340e-07,6.33716274e-01,9.27121440e-02,1.97775225e-02,2.99858318e+00,4.62533116e-06,4.181e-16,4.441e-16
5.1400,24.520385,11.757781,20.108718,10.171099,1.622687,0.281531,1.842178,-1.307886,0.997881,-3.97859962e-04,-1.22388499e-05,-3.67635743e-07,3.02017923e-04,7.75145591e-06,2.32458463e-07,6.33707562e-01,9.27065500e-02,1.98568153e-02,2.99852078e+00,4.63549365e-06,2.880e-16,8.882e-16
5.1600,24.550208,11.803860,20.106701,10.210730,1.622706,0.280850,1.842242,-1.435640,1.098302,-4.33966671e-04,-1.01053075e-05,1.69064237e-07,3.30968413e-04,6.76791890e-06,-6.49616449e-08,6.33696962e-01,9.27004792e-02,1.99464361e-02,2.99845084e+00,4.64250739e-06,6.158e-16,1.776e-15
5.1800,24.580083,11.849937,20.104641,10.250359,1.622732,0.280174,1.842302,-1.561474,1.195568,-4.62986023e-04,-1.95301160e-06,2.04272681e-07,3.54880847e-04,1.93329384e-06,-1.06338148e-07,6.33688211e-01,9.26948539e-02,2.00266593e-02,2.99838763e+00,4.64879728e-06,5.239e-16,2.220e-15
5.2000,24.610008,11.896011,20.102537,10.289982,1.622765,0.279501,1.842357,-1.667841,1.279131,-4.84471077e-04,7.38699156e-06,-3.62339491e-07,3.73383411e-04,-3.88635352e-06,2.32862672e-07,6.33681391e-01,9.26897045e-02,2.00968137e-02,2.99833168e+00,4.65376941e-06,1.058e-16,1.332e-15
5.2200,24.639984,11.942084,20.100390,10.329602,1.622807,0.278832,1.842407,-1.728938,1.332777,-4.98094070e-04,1.24248183e-05,2.67489578e-07,3.86190255e-04,-7.26942477e-06,-1.24731897e-07,6.33676939e-01,9.26851396e-02,2.01545562e-02,2.99828468e+00,4.65574428e-06,3.886e-16,1.776e-15
5.2400,24.670012,11.988154,20.098199,10.369218,1.622852,0.278165,1.842455,-1.740984,1.353054,-5.03651503e-04,1.02378256e-05,8.27764642e-08,3.93105773e-04,-6.25066955e-06,-3.73110672e-08,6.33673344e-01,9.26807911e-02,2.02077716e-02,2.99824096e+00,4.65627330e-06,1.249e-16,1.332e-15
5.2600,24.700089,12.034222,20.095966,10.408829,1.622885,0.277493,1.842509,-1.706223,1.340794,-5.01065030e-04,2.16622386e-06,-3.16513182e-07,3.94028779e-04,-1.46205502e-06,2.10058834e-07,6.33666892e-01,9.26757474e-02,2.02760091e-02,2.99818649e+00,4.65811810e-06,1.249e-16,7.772e-16
5.2800,24.730218,12.080288,20.093689,10.448435,1.622908,0.276816,1.842570,-1.636746,1.302943,-4.90383489e-04,-7.00714257e-06,3.32880321e-07,3.88953349e-04,4.25802506e-06,-1.65314735e-07,6.33657610e-01,9.26700094e-02,2.03592679e-02,2.99812122e+00,4.66092529e-06,2.533e-16,9.992e-16
5.3000,24.760396,12.126351,20.091369,10.488038,1.622922,0.276137,1.842635,-1.558432,1.255248,-4.71784022e-04,-1.18908949e-05,-3.79268013e-08,3.77967685e-04,7.54668473e-06,3.31591779e-08,6.33646363e-01,9.26637906e-02,2.04529886e-02,2.99804848e+00,4.66321071e-06,3.261e-16,4.441e-16
5.3200,24.790624,12.172412,20.089005,10.527636,1.622934,0.275457,1.842702,-1.477866,1.202635,-4.45568765e-04,-9.65286939e-06,-2.38058206e-07,3.61252923e-04,6.49384876e-06,1.67683700e-07,6.33634426e-01,9.26574086e-02,2.05503620e-02,2.99797319e+00,4.66652660e-06,2.567e-16,2.665e-15
5.3400,24.820902,12.218470,20.086597,10.567230,1.622959,0.274782,1.842761,-1.389719,1.142380,-4.12161483e-04,-1.66242253e-06,3.59222023e-07,3.39079294e-04,1.75098064e-06,-1.84366966e-07,6.33625825e-01,9.26518553e-02,2.06300458e-02,2.99791066e+00,4.67336289e-06,1.665e-16,8.882e-16
5.3600,24.851229,12.264525,20.084147,10.606819,1.623000,0.274112,1.842810,-1.286213,1.069955,-3.72100711e-04,7.34596510e-06,-1.46050015e-07,3.11801830e-04,-3.87119285e-06,9.66011193e-08,6.33621627e-01,9.26474023e-02,2.06861619e-02,2.99786512e+00,4.68301309e-06,5.152e-16,6.661e-16
5.3800,24.881606,12.310578,20.081653,10.646404,1.623055,0.273446,1.842851,-1.146109,0.972591,-3.26028538e-04,1.20780597e-05,-1.38069442e-07,2.79856108e-04,-7.06781911e-06,1.11176504e-07,6.33620585e-01,9.26437482e-02,2.07251833e-02,2.99783197e+00,4.69364865e-06,2.047e-16,4.441e-16
5.4000,24.912033,12.356629,20.079117,10.685983,1.623119,0.272783,1.842885,-0.962728,0.845586,-2.74680432e-04,9.79037613e-06,3.46552313e-07,2.43751100e-04,-5.98284988e-06,-1.80921116e-07,6.33622024e-01,9.26407253e-02,2.07507158e-02,2.99780860e+00,4.70630416e-06,5.291e-16,8.882e-16
5.4200,24.942509,12.402678,20.076537,10.725558,1.623182,0.272117,1.842921,-0.748778,0.696301,-2.18872845e-04,1.88010518e-06,-2.29678543e-07,2.04061413e-04,-1.28640630e-06,1.47430867e-07,6.33622826e-01,9.26375682e-02,2.07792448e-02,2.99778322e+00,4.72277371e-06,2.220e-16,2.665e-15
5.4400,24.973034,12.448724,20.073914,10.765127,1.623236,0.271446,1.842961,-0.516902,0.532753,-1.59489519e-04,-6.96678201e-06,-2.75553202e-08,1.61418512e-04,4.23842895e-06,4.83048248e-08,6.33621468e-01,9.26338983e-02,2.08189181e-02,2.99774998e+00,4.74173738e-06,4.857e-16,2.220e-15
5.4600,25.003608,12.494768,20.071248,10.804691,1.623290,0.270774,1.843001,-0.290111,0.369331,-9.74700350e-05,-1.15518391e-05,2.99270691e-07,1.16499227e-04,7.34415960e-06,-1.56437585e-07,6.33619911e-01,9.26301944e-02,2.08594251e-02,2.99771622e+00,4.76087497e-06,3.868e-16,8.882e-16
5.4800,25.034230,12.540810,20.068539,10.844249,1.623348,0.270102,1.843039,-0.084232,0.216749,-3.37955074e-05,-9.21839100e-06,-2.81751684e-07,7.00148166e-05,6.22769301e-06,1.80695730e-07,6.33619303e-01,9.26267432e-02,2.08945851e-02,2.99768640e+00,4.78067406e-06,5.412e-16,8.882e-16
5.5000,25.064901,12.586849,20.065787,10.883803,1.623419,0.269434,1.843068,0.108419,0.071524,3.05271256e-05,-1.39018348e-06,7.98460262e-08,2.26998735e-05,1.57697521e-06,-1.45429841e-08,6.33622138e-01,9.26241612e-02,2.09111048e-02,2.99767002e+00,4.80239024e-06,5.239e-16,4.885e-15
5.5200,25.095621,12.632886,20.062992,10.923350,1.623513,0.268773,1.843084,0.296174,-0.071031,9.44800318e-05,7.29548979e-06,2.23571812e-07,-2.46998512e-05,-3.85250661e-06,-1.15670279e-07,6.33630628e-01,9.26229961e-02,2.08971773e-02,2.99767553e+00,4.82438903e-06,5.169e-16,8.882e-16
5.5400,25.126389,12.678921,20.060154,10.962892,1.623622,0.268116,1.843090,0.491382,-0.218127,1.57052638e-04,1.17347220e-05,-2.99194517e-07,-7.14380127e-05,-6.86988344e-06,1.93614418e-07,6.33642884e-01,9.26227891e-02,2.08627195e-02,2.99769592e+00,4.84423337e-06,3.643e-16,3.109e-15
5.5600,25.157206,12.724955,20.057274,11.002427,1.623740,0.267460,1.843091,0.705047,-0.376537,2.17258982e-04,9.35581190e-06,1.73154501e-07,-1.16778748e-04,-5.72398062e-06,-7.03136154e-08,6.33657182e-01,9.26231122e-02,2.08169761e-02,2.99772455e+00,4.86235028e-06,2.012e-16,7.772e-16
5.5800,25.188071,12.770987,20.054351,11.041957,1.623859,0.266802,1.843090,0.923933,-0.538595,2.74152514e-04,1.60788276e-06,1.30484758e-07,-1.60008766e-04,-1.11972413e-06,-6.32748587e-08,6.33671733e-01,9.26235216e-02,2.07695193e-02,2.99775455e+00,4.88003877e-06,1.180e-15,3.109e-15
5.6000,25.218984,12.817017,20.051385,11.081479,1.623970,0.266139,1.843095,1.129968,-0.692848,3.26841755e-04,-6.92050334e-06,-2.81246546e-07,-2.00448101e-04,4.21498352e-06,1.86867777e-07,6.33684047e-01,9.26234011e-02,2.07336024e-02,2.99777641e+00,4.89592810e-06,9.021e-16,8.882e-16
5.6200,25.249944,12.863045,20.048376,11.120996,1.624077,0.265474,1.843101,1.307807,-0.829210,3.74502983e-04,-1.12187331e-05,2.43723825e-07,-2.37461552e-04,7.14515685e-06,-1.13149808e-07,6.33695449e-01,9.26230705e-02,2.07023303e-02,2.99779502e+00,4.90802094e-06,3.261e-16,2.220e-15
5.6400,25.280953,12.909071,20.045325,11.160506,1.624190,0.264811,1.843104,1.440817,-0.936711,4.16391064e-04,-8.79818373e-06,3.07636819e-08,-2.70469737e-04,5.97055929e-06,-5.92820362e-09,6.33708162e-01,9.26230775e-02,2.06639215e-02,2.99781881e+00,4.91723001e-06,4.909e-16,1.332e-15
5.6600,25.312009,12.955096,20.042231,11.200010,1.624312,0.264150,1.843102,1.534103,-1.017226,4.51851913e-04,-1.13213142e-06,-2.33144075e-07,-2.98957591e-04,1.41230274e-06,1.61686046e-07,6.33723258e-01,9.26236899e-02,2.06126338e-02,2.99785192e+00,4.92535616e-06,1.110e-16,1.776e-15
5.6800,25.343112,13.001119,20.039094,11.239507,1.624451,0.263494,1.843088,1.603993,-1.080200,4.80332531e-04,7.23963450e-06,2.84339132e-07,-3.22482524e-04,-3.82929514e-06,-1.40028609e-07,6.33742702e-01,9.26253913e-02,2.05381075e-02,2.99790179e+00,4.93161548e-06,1.110e-16,1.332e-15
5.7000,25.374262,13.047140,20.035915,11.278996,1.624604,0.262843,1.843067,1.660069,-1.131581,5.01390130e-04,1.13986488e-05,-6.49000380e-08,-3.40681018e-04,-6.67434816e-06,4.95897023e-08,6.33765487e-01,9.26279365e-02,2.04456634e-02,2.99796467e+00,4.93466939e-06,6.366e-16,4.441e-16
5.7200,25.405460,13.093159,20.032693,11.318479,1.624757,0.262191,1.843044,1.713184,-1.178074,5.14701352e-04,8.93755154e-06,-1.61600815e-07,-3.53272966e-04,-5.47257967e-06,1.22265016e-07,6.33788488e-01,9.26305533e-02,2.03519032e-02,2.99802863e+00,4.93600601e-06,2.151e-16,4.441e-16
5.7400,25.436705,13.139178,20.029429,11.357955,1.624906,0.261536,1.843025,1.758608,-1.217298,5.20066775e-04,1.35257953e-06,2.93577684e-07,-3.60066357e-04,-9.60531256e-07,-1.48339210e-07,6.33810319e-01,9.26328925e-02,2.02643095e-02,2.99808825e+00,4.93784478e-06,1.008e-15,5.551e-16
5.7600,25.467997,13.185194,20.026123,11.397423,1.625044,0.260876,1.843012,1.775974,-1.236942,5.17413321e-04,-6.86518920e-06,-1.45404994e-07,-3.60960524e-04,4.18909937e-06,9.81713445e-08,6.33829174e-01,9.26345043e-02,2.01924815e-02,2.99813658e+00,4.93977331e-06,1.318e-16,5.551e-16
5.7800,25.499336,13.231209,20.022774,11.436884,1.625169,0.260212,1.843006,1.753865,-1.229395,5.06795232e-04,-1.08882807e-05,-7.53602987e-08,-3.55947577e-04,6.95074145e-06,7.40429921e-08,6.33845005e-01,9.26353721e-02,2.01367383e-02,2.99817332e+00,4.94079051e-06,1.039e-15,8.882e-16
5.8000,25.530720,13.277221,20.019382,11.476339,1.625293,0.259549,1.843001,1.684212,-1.189246,4.88390852e-04,-8.38881413e-06,2.72058152e-07,-3.45113641e-04,5.72309844e-06,-1.38691403e-07,6.33860727e-01,9.26362108e-02,2.00817731e-02,2.99820946e+00,4.94250982e-06,4.285e-16,2.220e-15
5.8200,25.562151,13.323231,20.015947,11.515786,1.625422,0.258887,1.842993,1.569441,-1.117362,4.62499448e-04,-8.84757509e-07,-2.04066469e-07,-3.28637376e-04,1.25744007e-06,1.34308749e-07,6.33877596e-01,9.26373343e-02,2.00208804e-02,2.99824985e+00,4.94703471e-06,4.163e-16,8.882e-16
5.8400,25.593628,13.369239,20.012470,11.555225,1.625557,0.258230,1.842981,1.431161,-1.026561,4.29537573e-04,7.18142922e-06,1.43159732e-08,-3.06786330e-04,-3.80120496e-06,2.20394743e-08,6.33896319e-01,9.26389175e-02,1.99503364e-02,2.99829720e+00,4.95377288e-06,6.627e-16,8.882e-16
5.8600,25.625151,13.415246,20.008951,11.594658,1.625699,0.257575,1.842964,1.284828,-0.926882,3.90032234e-04,1.10721033e-05,2.23627554e-07,-2.79912731e-04,-6.48081727e-06,-1.13551617e-07,6.33916934e-01,9.26409695e-02,1.98699768e-02,2.99835163e+00,4.96149094e-06,2.220e-16,4.441e-16
5.8800,25.656719,13.461250,20.005389,11.634083,1.625836,0.256919,1.842950,1.137966,-0.823597,3.44614124e-04,8.53714895e-06,-2.35560862e-07,-2.48446909e-04,-5.22809047e-06,1.55235448e-07,6.33936301e-01,9.26427154e-02,1.97963398e-02,2.99840122e+00,4.97136321e-06,2.810e-16,4.441e-16
5.9000,25.688333,13.507252,20.001785,11.673500,1.625959,0.256259,1.842945,0.992775,-0.718710,2.94008411e-04,1.11501760e-06,9.85562880e-08,-2.12890005e-04,-8.08376066e-07,-2.71936881e-08,6.33952265e-01,9.26436169e-02,1.97408625e-02,2.99843764e+00,4.98489715e-06,1.665e-16,4.441e-16
5.9200,25.719993,13.553251,19.998138,11.712910,1.626066,0.255594,1.842949,0.833473,-0.603284,2.39021633e-04,-6.80035742e-06,1.56239677e-07,-1.73806910e-04,4.16099648e-06,-7.59041347e-08,6.33964350e-01,9.26435503e-02,1.97061433e-02,2.99845894e+00,5.00094172e-06,5.638e-16,2.665e-15
5.9400,25.751697,13.599247,19.994448,11.752313,1.626156,0.254923,1.842963,0.646680,-0.469017,1.80528673e-04,-1.05600006e-05,-2.37811037e-07,-1.31817313e-04,6.76081300e-06,1.59946425e-07,6.33972158e-01,9.26424158e-02,1.96942713e-02,2.99846359e+00,5.01773960e-06,1.058e-15,4.441e-16
5.9600,25.783446,13.645241,19.990715,11.791709,1.626238,0.254252,1.842982,0.432415,-0.315596,1.19457886e-04,-7.98994800e-06,1.68227531e-07,-8.75863817e-05,5.48473535e-06,-6.88694472e-08,6.33978103e-01,9.26408066e-02,1.96926120e-02,2.99846070e+00,5.03587335e-06,1.119e-15,8.882e-16
5.9800,25.815240,13.691231,19.986940,11.831098,1.626321,0.253584,1.843000,0.194834,-0.145558,5.67750329e-05,-6.47939389e-07,7.73709279e-08,-4.18149211e-05,1.11156207e-06,-3.13105812e-08,6.33984662e-01,9.26393369e-02,1.96880850e-02,2.99845974e+00,5.05627015e-06,1.735e-16,1.776e-15
6.0000,25.847077,13.737218,19.983122,11.870480,1.626406,0.252918,1.843017,-0.046978,0.029445,-6.53052736e-06,7.12049442e-06,-2.13443019e-07,4.77262361e-06,-3.76909973e-06,1.48279575e-07,6.33991859e-01,9.26380178e-02,1.96804550e-02,2.99846092e+00,5.07736067e-06,4.510e-16,8.882e-16
6.0200,25.878960,13.783201,19.979261,11.909854,1.626493,0.252255,1.843032,-0.271066,0.195277,-6.94607301e-05,1.07537980e-05,2.16348299e-07,5.14399671e-05,-6.29015217e-06,-9.92563847e-08,6.33999687e-01,9.26368477e-02,1.96697601e-02,2.99846422e+00,5.09712310e-06,6.106e-16,7.772e-16
6.0400,25.910886,13.829182,19.975357,11.949221,1.626574,0.251590,1.843051,-0.471598,0.347167,-1.31024184e-04,8.15254855e-06,-3.33985318e-09,9.74507607e-05,-4.99121883e-06,1.53185884e-08,6.34006260e-01,9.26353610e-02,1.96659042e-02,2.99846248e+00,5.11594617e-06,1.273e-15,3.331e-16
6.0600,25.942856,13.875159,19.971411,11.988581,1.626638,0.250921,1.843079,-0.648231,0.484095,-1.90250342e-04,8.92564393e-07,-1.65805908e-07,1.42080990e-04,-6.63941002e-07,1.23243044e-07,6.34008735e-01,9.26328533e-02,1.96838700e-02,2.99844484e+00,5.13466431e-06,2.776e-16,8.882e-16
6.0800,25.974869,13.921131,19.967422,12.027933,1.626686,0.250247,1.843118,-0.810631,0.611216,-2.46205842e-04,-6.72898395e-06,2.40086813e-07,1.84629705e-04,4.12976196e-06,-1.15138104e-07,6.34007073e-01,9.26293091e-02,1.97239898e-02,2.99841105e+00,5.15181605e-06,4.319e-16,9.992e-16
6.1000,26.006926,13.967100,19.963390,12.067279,1.626719,0.249569,1.843165,-0.975354,0.738381,-2.98010549e-04,-1.02367451e-05,-7.66926578e-08,2.24429329e-04,6.57423059e-06,5.90918738e-08,6.34001875e-01,9.26248771e-02,1.97831169e-02,2.99836339e+00,5.16567830e-06,2.654e-16,2.220e-16
6.1200,26.039026,14.013065,19.959315,12.106618,1.626743,0.248890,1.843217,-1.143075,0.866382,-3.44851410e-04,-7.60431544e-06,-1.01939184e-07,2.60856203e-04,5.25403579e-06,8.80524554e-08,6.33994659e-01,9.26199341e-02,1.98532474e-02,2.99830768e+00,5.17701240e-06,1.268e-15,4.441e-16
6.1400,26.071168,14.059024,19.955196,12.145950,1.626770,0.248214,1.843268,-1.305668,0.990262,-3.85996405e-04,-4.24500121e-07,2.37472819e-07,2.93339709e-04,9.73032013e-07,-1.16440448e-07,6.33988514e-01,9.26152461e-02,1.99180591e-02,2.99825572e+00,5.18706718e-06,2.220e-16,2.220e-15
6.1600,26.103353,14.104980,19.951035,12.185274,1.626804,0.247542,1.843314,-1.450222,1.101912,-4.20805530e-04,7.05381656e-06,-1.36216106e-07,3.21371520e-04,-3.73449578e-06,9.48269192e-08,6.33984057e-01,9.26109732e-02,1.99741286e-02,2.99821002e+00,5.19492016e-06,4.146e-16,1.332e-15
6.1800,26.135581,14.150931,19.946831,12.224592,1.626841,0.246872,1.843358,-1.555986,1.188195,-4.48738963e-04,1.04402093e-05,-3.01411381e-08,3.44514539e-04,-6.10368336e-06,4.68978356e-08,6.33980435e-01,9.26069078e-02,2.00258748e-02,2.99816742e+00,5.19948969e-06,6.401e-16,8.882e-16
6.2000,26.167851,14.196877,19.942584,12.263902,1.626876,0.246202,1.843403,-1.616046,1.243778,-4.69365406e-04,7.77972492e-06,2.10890411e-07,3.62409619e-04,-4.76307874e-06,-1.03630088e-07,6.33976727e-01,9.26028219e-02,2.00781665e-02,2.99812441e+00,5.20211736e-06,1.527e-16,2.220e-15
6.2200,26.200164,14.242819,19.938294,12.303206,1.626902,0.245528,1.843453,-1.637360,1.272107,-4.82368052e-04,6.81083885e-07,-1.75427976e-07,3.74781504e-04,-5.28120433e-07,1.19892606e-07,6.33970453e-01,9.25981032e-02,2.01440918e-02,2.99807159e+00,5.20452807e-06,1.041e-16,3.109e-15
6.2400,26.232518,14.288756,19.933961,12.342501,1.626914,0.244850,1.843512,-1.629320,1.278627,-4.87549361e-04,-6.65509762e-06,4.22789192e-08,3.81443065e-04,4.09444926e-06,5.22701960e-09,6.33960905e-01,9.25925734e-02,2.02274820e-02,2.99800619e+00,5.20627494e-06,3.539e-16,1.332e-15
6.2600,26.264915,14.334688,19.929585,12.381790,1.626920,0.244169,1.843574,-1.608640,1.273458,-4.84835984e-04,-9.92209629e-06,1.65095774e-07,3.82297042e-04,6.38991056e-06,-7.87614309e-08,6.33949718e-01,9.25866360e-02,2.03197350e-02,2.99793442e+00,5.20671607e-06,6.418e-16,1.332e-15
6.2800,26.297352,14.380615,19.925166,12.421072,1.626924,0.243489,1.843637,-1.583188,1.261975,-4.74280144e-04,-7.23486422e-06,-1.91829669e-07,3.77337359e-04,5.02985230e-06,1.31949569e-07,6.33938253e-01,9.25806322e-02,2.04135550e-02,2.99786156e+00,5.20743356e-06,6.384e-16,1.776e-15
6.3000,26.329831,14.426536,19.920704,12.460347,1.626936,0.242813,1.843695,-1.544215,1.239394,-4.56058775e-04,-2.17051356e-07,1.06529708e-07,3.66649081e-04,8.40655590e-07,-3.31389455e-08,6.33928944e-01,9.25751683e-02,2.04959452e-02,2.99779696e+00,5.21019931e-06,6.072e-16,5.551e-16
6.3200,26.362352,14.472453,19.916199,12.499614,1.626963,0.242141,1.843744,-1.481900,1.199695,-4.30470960e-04,6.97894925e-06,1.05334047e-07,3.50406751e-04,-3.69837725e-06,-4.59120343e-08,6.33923342e-01,9.25706336e-02,2.05585295e-02,2.99774663e+00,5.21454764e-06,4.580e-16,1.776e-15
6.3400,26.394914,14.518365,19.911651,12.538873,1.626999,0.241473,1.843787,-1.383301,1.134861,-3.97931296e-04,1.01289159e-05,-1.85462665e-07,3.28872533e-04,-5.92200506e-06,1.30320481e-07,6.33920109e-01,9.25667033e-02,2.06082606e-02,2.99770564e+00,5.21972071e-06,1.627e-15,3.553e-15
6.3600,26.427517,14.564272,19.907061,12.578125,1.627040,0.240804,1.843827,-1.240907,1.039807,-3.58962322e-04,7.41614620e-06,1.56637058e-07,3.02392369e-04,-4.54395833e-06,-6.39619576e-08,6.33918004e-01,9.25630693e-02,2.06517414e-02,2.99766922e+00,5.22697685e-06,3.123e-16,1.332e-15
6.3800,26.460161,14.610174,19.902427,12.617369,1.627080,0.240134,1.843868,-1.066076,0.920909,-3.14186472e-04,4.78280442e-07,3.98738453e-08,2.71390169e-04,-4.00915069e-07,-8.44268864e-09,6.33915492e-01,9.25593507e-02,2.06971505e-02,2.99763154e+00,5.23761555e-06,1.287e-15,4.441e-16
6.4000,26.492846,14.656071,19.897751,12.656605,1.627113,0.239461,1.843913,-0.873845,0.787542,-2.64315732e-04,-6.58042727e-06,-1.57574056e-07,2.36361260e-04,4.05517285e-06,1.16677465e-07,6.33911163e-01,9.25551976e-02,2.07520006e-02,2.99758719e+00,5.25068469e-06,9.142e-16,4.441e-16
6.4200,26.525572,14.701963,19.893033,12.695833,1.627144,0.238785,1.843958,-0.678820,0.649122,-2.10141632e-04,-9.61708245e-06,1.88440979e-07,1.97863726e-04,6.20786899e-06,-8.42115080e-08,6.33906525e-01,9.25509807e-02,2.08083358e-02,2.99754186e+00,5.26491980e-06,2.776e-16,4.441e-16
6.4400,26.558339,14.747850,19.888271,12.735053,1.627182,0.238112,1.843999,-0.493577,0.514108,-1.52524012e-04,-6.88174418e-06,-2.42946578e-08,1.56508846e-04,4.81219365e-06,2.89965989e-08,6.33903535e-01,9.25471876e-02,2.08556686e-02,2.99750306e+00,5.28099189e-06,8.136e-16,2.665e-15
6.4600,26.591145,14.793732,19.883467,12.774266,1.627233,0.237442,1.844032,-0.313309,0.380619,-9.23768492e-05,-2.50950241e-08,-1.13471402e-07,1.12951766e-04,7.14509258e-07,9.25856385e-08,6.33903591e-01,9.25441696e-02,2.08864375e-02,2.99747623e+00,5.29959822e-06,7.633e-17,2.220e-15
6.4800,26.623993,14.839609,19.878620,12.813469,1.627301,0.236778,1.844054,-0.126563,0.242096,-3.06538824e-05,6.89666023e-06,1.98811430e-07,6.78810450e-05,-3.66049087e-06,-9.29978452e-08,6.33908268e-01,9.25423196e-02,2.08921884e-02,2.99746740e+00,5.31929231e-06,6.817e-16,1.776e-15
6.5000,26.656880,14.885482,19.873730,12.852664,1.627385,0.236117,1.844067,0.073751,0.094248,3.16673121e-05,9.82086179e-06,-8.06564388e-08,2.20082110e-05,-5.74446529e-06,6.21959248e-08,6.33916586e-01,9.25413987e-02,2.08780692e-02,2.99747294e+00,5.33843581e-06,7.598e-16,1.332e-15
6.5200,26.689808,14.931350,19.868799,12.891851,1.627475,0.235456,1.844076,0.293033,-0.066237,9.36024198e-05,7.06281101e-06,-5.85123641e-08,-2.39426073e-05,-4.33287331e-06,6.16338512e-08,6.33926312e-01,9.25408535e-02,2.08559941e-02,2.99748433e+00,5.35738538e-06,8.119e-16,1.332e-15
6.5400,26.722777,14.977214,19.863825,12.931028,1.627566,0.234794,1.844084,0.522082,-0.233985,1.54175523e-04,2.85339754e-07,1.88922788e-07,-6.92464402e-05,-2.81159436e-07,-8.94495524e-08,6.33936277e-01,9.25403897e-02,2.08322927e-02,2.99749703e+00,5.37661243e-06,9.315e-16,4.441e-16
6.5600,26.755785,15.023074,19.858808,12.970197,1.627653,0.234129,1.844094,0.741432,-0.396829,2.12434135e-04,-6.50320870e-06,-1.22777016e-07,-1.13189097e-04,4.01318772e-06,8.84591055e-08,6.33945203e-01,9.25396884e-02,2.08138138e-02,2.99750610e+00,5.39463697e-06,9.038e-16,3.109e-15
6.5800,26.788833,15.068929,19.853750,13.009356,1.627739,0.233462,1.844106,0.937856,-0.545804,2.67463805e-04,-9.31928617e-06,9.93322195e-10,-1.55078610e-04,6.02922558e-06,2.77679057e-08,6.33953612e-01,9.25388755e-02,2.07978462e-02,2.99751348e+00,5.40997613e-06,3.452e-16,8.882e-16
6.6000,26.821921,15.114779,19.848648,13.048507,1.627832,0.232796,1.844112,1.101582,-0.674069,3.18400824e-04,-6.54189658e-06,1.60711314e-07,-1.94257023e-04,4.60202816e-06,-7.50692553e-08,6.33963865e-01,9.25385358e-02,2.07718277e-02,2.99752811e+00,5.42322208e-06,1.665e-16,4.441e-16
6.6200,26.855049,15.160625,19.843505,13.087648,1.627936,0.232134,1.844111,1.233863,-0.781371,3.64445857e-04,1.54935062e-07,-1.47932047e-07,-2.30110584e-04,5.95576620e-07,1.04759596e-07,6.33977075e-01,9.25389494e-02,2.07297627e-02,2.99755434e+00,5.43515304e-06,5.274e-16,1.776e-15
6.6400,26.888216,15.206467,19.838319,13.126780,1.628056,0.231477,1.844101,1.349005,-0.875783,4.04877274e-04,6.81056132e-06,5.75065212e-08,-2.62078908e-04,-3.61978396e-06,-5.77185960e-09,6.33993914e-01,9.25402835e-02,2.06680852e-02,2.99759473e+00,5.44475307e-06,2.845e-16,8.882e-16
6.6600,26.921423,15.252304,19.833092,13.165902,1.628188,0.230823,1.844083,1.455866,-0.962802,4.39062646e-04,9.51948601e-06,1.18105923e-07,-2.89663677e-04,-5.56980216e-06,-5.22651588e-08,6.34013951e-01,9.25424324e-02,2.05891111e-02,2.99764766e+00,5.45111876e-06,5.603e-16,3.553e-15
6.6800,26.954669,15.298138,19.827822,13.205015,1.628323,0.230168,1.844064,1.557286,-1.044296,4.66470019e-04,6.72297997e-06,-1.54062592e-07,-3.12435646e-04,-4.12832188e-06,1.10320740e-07,6.34034559e-01,9.25447431e-02,2.05068635e-02,2.99770309e+00,5.45539234e-06,1.874e-16,4.441e-16
6.7000,26.987955,15.343967,19.822511,13.244117,1.628453,0.229510,1.844047,1.649059,-1.117863,4.86676563e-04,1.05352954e-07,1.06028976e-07,-3.30041202e-04,-1.67336183e-07,-3.47610455e-08,6.34054035e-01,9.25467872e-02,2.04305157e-02,2.99775440e+00,5.45885967e-06,2.082e-16,4.441e-16
6.7200,27.021280,15.389792,19.817157,13.283210,1.628576,0.228849,1.844034,1.714063,-1.173072,4.99373988e-04,-6.42021166e-06,6.74468221e-08,-3.42208497e-04,3.96990549e-06,-2.34524719e-08,6.34071770e-01,9.25484082e-02,2.03633972e-02,2.99779914e+00,5.46104475e-06,2.220e-16,1.332e-15
6.7400,27.054643,15.435613,19.811761,13.322292,1.628693,0.228185,1.844025,1.739121,-1.201194,5.04372988e-04,-9.02515885e-06,-1.41449410e-07,-3.48751733e-04,5.85516426e-06,1.05396383e-07,6.34087686e-01,9.25495842e-02,2.03059529e-02,2.99783696e+00,5.46155200e-06,1.287e-15,1.332e-15
6.7600,27.088046,15.481429,19.806323,13.361365,1.628809,0.227522,1.844015,1.721167,-1.199601,5.01605076e-04,-6.21160692e-06,1.41416080e-07,-3.49574513e-04,4.40020988e-06,-5.67136042e-08,6.34103788e-01,9.25508101e-02,2.02475948e-02,2.99787544e+00,5.46186711e-06,8.622e-16,1.776e-15
6.7800,27.121487,15.527241,19.800843,13.400428,1.628933,0.226862,1.844002,1.663062,-1.169504,4.91122772e-04,3.26781056e-07,1.38278970e-08,-3.44671603e-04,4.84555204e-07,7.25704017e-09,6.34121714e-01,9.25524942e-02,2.01796148e-02,2.99792085e+00,5.46346974e-06,2.567e-16,1.776e-15
6.8000,27.154967,15.573049,19.795321,13.439481,1.629063,0.226204,1.843984,1.579885,-1.119738,4.73099788e-04,6.72407734e-06,-1.13456911e-07,-3.34128198e-04,-3.57558289e-06,9.06277466e-08,6.34141392e-01,9.25546207e-02,2.01023709e-02,2.99797296e+00,5.46600768e-06,3.886e-16,2.220e-15
6.8200,27.188485,15.618852,19.789757,13.478524,1.629198,0.225548,1.843963,1.486701,-1.059861,4.47828705e-04,9.22755782e-06,1.60439788e-07,-3.18118203e-04,-5.39732403e-06,-6.98763748e-08,6.34162392e-01,9.25570815e-02,2.00181969e-02,2.99803011e+00,5.46909503e-06,6.002e-16,2.665e-15
6.8400,27.222041,15.664650,19.784152,13.517556,1.629330,0.224892,1.843943,1.386811,-0.992581,4.15716778e-04,6.39882610e-06,-3.63487799e-08,-2.96901111e-04,-3.92951864e-06,3.67820160e-08,6.34182658e-01,9.25593646e-02,1.99380067e-02,2.99808442e+00,5.47403045e-06,1.410e-15,1.776e-15
6.8600,27.255636,15.710444,19.778504,13.556578,1.629450,0.224231,1.843931,1.278333,-0.917206,3.77280279e-04,-6.00047294e-08,-7.32132762e-08,-2.70817333e-04,-5.87263389e-08,6.88560906e-08,6.34199883e-01,9.25608919e-02,1.98740843e-02,2.99812698e+00,5.48195500e-06,2.220e-16,1.332e-15
6.8800,27.289268,15.756234,19.772814,13.595590,1.629556,0.223566,1.843927,1.150797,-0.827726,3.33135222e-04,-6.33006927e-06,1.62891512e-07,-2.40283342e-04,3.92577719e-06,-7.28523952e-08,6.34213818e-01,9.25615954e-02,1.98278344e-02,2.99815671e+00,5.49212353e-06,3.574e-16,1.776e-15
6.9000,27.322938,15.802018,19.767082,13.634592,1.629650,0.222898,1.843931,0.991590,-0.716339,2.83986574e-04,-8.73335805e-06,-7.76510204e-08,-2.05785498e-04,5.68583170e-06,6.21728661e-08,6.34224804e-01,9.25615577e-02,1.97974713e-02,2.99817487e+00,5.50370081e-06,1.216e-15,1.776e-15
6.9200,27.356646,15.847797,19.761308,13.673583,1.629737,0.222229,1.843938,0.801290,-0.582929,2.30616742e-04,-5.88964803e-06,-2.62741285e-08,-1.67872374e-04,4.20651811e-06,4.25282941e-08,6.34234204e-01,9.25611168e-02,1.97757972e-02,2.99818663e+00,5.51743500e-06,3.400e-16,2.220e-16
6.9400,27.390390,15.893570,19.755491,13.712565,1.629825,0.221562,1.843944,0.587988,-0.432340,1.73872288e-04,4.91338416e-07,1.48709418e-07,-1.27146487e-04,3.80959347e-07,-6.65924594e-08,6.34244146e-01,9.25608017e-02,1.97515612e-02,2.99820012e+00,5.53387134e-06,5.048e-16,2.220e-16
6.9600,27.424172,15.939339,19.749633,13.751537,1.629916,0.220898,1.843949,0.365631,-0.273259,1.14651139e-04,6.63759043e-06,-1.06973702e-07,-8.42543087e-05,-3.52840950e-06,8.04328668e-08,6.34254764e-01,9.25606501e-02,1.97239703e-02,2.99821594e+00,5.55173588e-06,2.810e-16,1.776e-15
6.9800,27.457991,15.985101,19.743732,13.790498,1.630005,0.220235,1.843954,0.152365,-0.117351,5.38896410e-05,8.94465402e-06,2.16397214e-08,-3.98753288e-05,-5.22754504e-06,1.46246739e-08,6.34265170e-01,9.25604415e-02,1.96977064e-02,2.99823073e+00,5.56974789e-06,2.828e-16,2.220e-15
7.0000,27.491847,16.030859,19.737790,13.829449,1.630087,0.219570,1.843964,-0.045473,0.030406,-7.45208374e-06,6.08914237e-06,1.20922606e-07,5.28871212e-06,-3.73694460e-06,-5.20224037e-08,6.34274092e-01,9.25598577e-02,1.96795220e-02,2.99823958e+00,5.58824204e-06,1.148e-15,8.882e-16
7.0200,27.525739,16.076610,19.731805,13.868390,1.630155,0.218901,1.843982,-0.231473,0.171357,-6.84047346e-05,-2.12452870e-07,-1.21079925e-07,5.05252189e-05,4.41734486e-08,9.06658433e-08,6.34279382e-01,9.25583628e-02,1.96807770e-02,2.99823427e+00,5.60742317e-06,2.914e-16,1.332e-15
7.0400,27.559668,16.122356,19.725778,13.907321,1.630205,0.218227,1.844010,-0.412384,0.309126,-1.28005413e-04,-6.23482933e-06,6.60604470e-08,9.51217951e-05,3.88007294e-06,-1.12379425e-08,6.34280576e-01,9.25558369e-02,1.97040133e-02,2.99821292e+00,5.62585487e-06,1.308e-15,1.776e-15
7.0600,27.593633,16.168095,19.719708,13.946242,1.630244,0.217551,1.844045,-0.599018,0.450066,-1.85314275e-04,-8.44599040e-06,8.36155839e-08,1.38376665e-04,5.52021153e-06,-3.11116614e-08,6.34278839e-01,9.25525683e-02,1.97431171e-02,2.99817995e+00,5.64226387e-06,1.527e-16,4.441e-16
7.0800,27.627634,16.213827,19.713596,13.985153,1.630274,0.216874,1.844085,-0.792789,0.595281,-2.39429628e-04,-5.57810799e-06,-1.19866644e-07,1.79609645e-04,4.01969496e-06,9.19461380e-08,6.34275413e-01,9.25488680e-02,1.97914948e-02,2.99814015e+00,5.65707497e-06,1.206e-15,8.882e-16
7.1000,27.661670,16.259553,19.707441,14.024054,1.630306,0.216199,1.844125,-0.982796,0.738185,-2.89502327e-04,6.46293955e-07,1.01587208e-07,2.18172754e-04,2.83344634e-07,-3.30169718e-08,6.34272281e-01,9.25452318e-02,1.98386166e-02,2.99810115e+00,5.67068356e-06,3.209e-16,1.776e-15
7.1200,27.695742,16.305273,19.701245,14.062946,1.630341,0.215528,1.844161,-1.156316,0.870593,-3.34749105e-04,6.54841855e-06,4.06718877e-08,2.53460406e-04,-3.47966759e-06,-7.02252052e-09,6.34270331e-01,9.25418855e-02,1.98796735e-02,2.99806645e+00,5.68201835e-06,1.067e-15,8.882e-16
7.1400,27.729850,16.350985,19.695006,14.101827,1.630376,0.214857,1.844198,-1.298557,0.982861,-3.74463411e-04,8.66759351e-06,-1.04660196e-07,2.84919711e-04,-5.06170086e-06,8.45872659e-08,6.34268440e-01,9.25385528e-02,1.99205432e-02,2.99803184e+00,5.69029252e-06,2.220e-16,1.776e-15
7.1600,27.763993,16.396691,19.688724,14.140698,1.630406,0.214185,1.844237,-1.401751,1.069254,-4.08025887e-04,5.79021616e-06,1.25399111e-07,3.12059361e-04,-3.55170926e-06,-4.82984948e-08,6.34265490e-01,9.25349549e-02,1.99671619e-02,2.99799304e+00,5.69642455e-06,5.152e-16,8.882e-16
7.1800,27.798171,16.442390,19.682400,14.179559,1.630427,0.213510,1.844282,-1.472466,1.132861,-4.34914146e-04,-3.55909403e-07,-2.09939396e-09,3.34457189e-04,1.40358424e-07,1.80475583e-08,6.34260101e-01,9.25307475e-02,2.00268655e-02,2.99794477e+00,5.70131362e-06,3.261e-16,2.665e-15
7.2000,27.832385,16.488082,19.676034,14.218410,1.630434,0.212831,1.844335,-1.520206,1.179183,-4.54710800e-04,-6.13832547e-06,-7.72731322e-08,3.51766785e-04,3.83174338e-06,7.04283262e-08,6.34251498e-01,9.25257363e-02,2.01038134e-02,2.99788405e+00,5.70444817e-06,3.730e-16,2.220e-16
7.2200,27.866633,16.533767,19.669625,14.257251,1.630433,0.212151,1.844393,-1.554629,1.214097,-4.67111131e-04,-8.16662734e-06,1.35877857e-07,3.63722179e-04,5.35708546e-06,-5.57474048e-08,6.34241114e-01,9.25202774e-02,2.01904448e-02,2.99781632e+00,5.70558659e-06,1.438e-15,9.992e-16
7.2400,27.900915,16.579444,19.663174,14.296083,1.630432,0.211471,1.844450,-1.581331,1.241321,-4.71928644e-04,-5.28014876e-06,-4.05453776e-08,3.70141506e-04,3.83844440e-06,4.10043424e-08,6.34230665e-01,9.25148012e-02,2.02775891e-02,2.99774822e+00,5.70607278e-06,2.220e-16,1.776e-15
7.2600,27.935232,16.625113,19.656680,14.334904,1.630437,0.210793,1.844505,-1.592307,1.256388,-4.69097547e-04,7.88716921e-07,-4.22535864e-08,3.70930016e-04,1.90422600e-07,5.08370720e-08,6.34221618e-01,9.25096781e-02,2.03573306e-02,2.99768546e+00,5.70711941e-06,2.550e-16,5.551e-16
7.2800,27.969584,16.670775,19.650144,14.373715,1.630451,0.210120,1.844552,-1.575591,1.251867,-4.58673616e-04,6.45363012e-06,1.32037262e-07,3.66081458e-04,-3.43049502e-06,-5.55528381e-08,6.34215187e-01,9.25052145e-02,2.04231021e-02,2.99763277e+00,5.70846268e-06,2.793e-16,1.776e-15
7.3000,28.003970,16.716430,19.643566,14.412516,1.630472,0.209449,1.844596,-1.522398,1.221989,-4.40832268e-04,8.39340393e-06,-7.09921967e-08,3.55678567e-04,-4.90060127e-06,5.94138412e-08,6.34210530e-01,9.25012050e-02,2.04792821e-02,2.99758705e+00,5.70999642e-06,1.332e-15,2.220e-15
7.3200,28.038390,16.762078,19.636945,14.451306,1.630495,0.208778,1.844638,-1.427761,1.163222,-4.15864511e-04,5.49901438e-06,-3.42410432e-09,3.39892230e-04,-3.37434005e-06,2.86016203e-08,6.34206083e-01,9.24972612e-02,2.05341757e-02,2.99754233e+00,5.71301677e-06,2.567e-16,1.332e-15
7.3400,28.072845,16.807718,19.630283,14.490086,1.630514,0.208104,1.844683,-1.299667,1.079888,-3.84172530e-04,-4.93245552e-07,1.16011354e-07,3.18978420e-04,2.29489795e-07,-4.76471073e-08,6.34200961e-01,9.24931602e-02,2.05925517e-02,2.99749519e+00,5.71853593e-06,6.176e-16,3.109e-15
7.3600,28.107333,16.853351,19.623578,14.528855,1.630529,0.207428,1.844730,-1.153109,0.981164,-3.46263475e-04,-6.04290816e-06,-8.99803735e-08,2.93273912e-04,3.78055322e-06,7.20656235e-08,6.34194464e-01,9.24887280e-02,2.06581432e-02,2.99744296e+00,5.72601244e-06,1.596e-16,8.882e-16
7.3800,28.141856,16.898976,19.616830,14.567614,1.630541,0.206751,1.844778,-0.998935,0.874211,-3.02741909e-04,-7.89697582e-06,3.49651486e-08,2.63190560e-04,5.19616979e-06,6.37358002e-09,6.34187550e-01,9.24842021e-02,2.07258645e-02,2.99738928e+00,5.73497946e-06,5.152e-16,1.776e-15
7.4000,28.176411,16.944594,19.610041,14.606363,1.630561,0.206076,1.844821,-0.844440,0.764125,-2.54301370e-04,-4.99678669e-06,8.98666356e-08,2.29208069e-04,3.66246675e-06,-3.37099557e-08,6.34182316e-01,9.24801073e-02,2.07844641e-02,2.99734221e+00,5.74624790e-06,7.286e-16,2.220e-15
7.4200,28.211001,16.990204,19.603209,14.645100,1.630591,0.205404,1.844858,-0.686925,0.650038,-2.01713139e-04,9.18170470e-07,-9.69920728e-08,1.91866522e-04,1.02018547e-07,7.73997101e-08,6.34179949e-01,9.24767451e-02,2.08274639e-02,2.99730639e+00,5.76027270e-06,5.551e-16,8.882e-16
7.4400,28.245624,17.035807,19.596335,14.683827,1.630637,0.204736,1.844886,-0.515371,0.525626,-1.45813415e-04,6.35305158e-06,6.81302674e-08,1.51758115e-04,-3.38086143e-06,-1.39255747e-08,6.34181193e-01,9.24743041e-02,2.08508067e-02,2.99728475e+00,5.77598500e-06,1.735e-16,1.776e-15
7.4600,28.280281,17.081403,19.589419,14.722542,1.630695,0.204072,1.844905,-0.323778,0.387112,-8.74896385e-05,8.12206392e-06,5.69029520e-08,1.09517937e-04,-4.74388039e-06,-1.57106993e-08,6.34185582e-01,9.24726704e-02,2.08569374e-02,2.99727555e+00,5.79243088e-06,2.689e-16,2.220e-16
7.4800,28.314972,17.126992,19.582462,14.761247,1.630758,0.203407,1.844922,-0.111724,0.234119,-2.76653078e-05,5.21569837e-06,-9.15974063e-08,6.58145086e-05,-3.20413468e-06,7.56494455e-08,6.34191173e-01,9.24713604e-02,2.08562387e-02,2.99727138e+00,5.80993666e-06,2.758e-16,1.776e-15
7.5000,28.349696,17.172574,19.575462,14.799939,1.630822,0.202741,1.844938,0.113282,0.071146,3.27147314e-05,-6.24021882e-07,9.36189899e-08,2.13391733e-05,3.12438589e-07,-2.96770984e-08,6.34196816e-01,9.24700837e-02,2.08549394e-02,2.99726778e+00,5.82853109e-06,2.706e-16,2.665e-15
7.5200,28.384453,17.218149,19.568421,14.838621,1.630885,0.202073,1.844954,0.334326,-0.091243,9.26984101e-05,-5.94756518e-06,2.17733316e-08,-2.32052998e-05,3.72744208e-06,4.61354757e-09,6.34202150e-01,9.24687480e-02,2.08550165e-02,2.99726331e+00,5.84687316e-06,1.665e-16,4.441e-16
7.5400,28.419244,17.263717,19.561338,14.877290,1.630949,0.201404,1.844970,0.538422,-0.244259,1.51341106e-04,-7.63531253e-06,-7.50141287e-08,-6.71159665e-05,5.03836218e-06,6.75371269e-08,6.34207561e-01,9.24674486e-02,2.08544253e-02,2.99725941e+00,5.86387847e-06,9.125e-16,2.665e-15
7.5600,28.454067,17.309278,19.554213,14.915949,1.631020,0.200737,1.844980,0.720219,-0.383681,2.07719639e-04,-4.72568539e-06,1.08741098e-07,-1.09701262e-04,3.49256918e-06,-3.98165874e-08,6.34214903e-01,9.24666478e-02,2.08432473e-02,2.99726316e+00,5.87982433e-06,2.151e-16,2.220e-16
7.5800,28.488924,17.354832,19.547046,14.954595,1.631105,0.200073,1.844983,0.880635,-0.509232,2.60946467e-04,1.03746861e-06,-1.23684890e-08,-1.50292024e-04,1.89925803e-08,2.43793793e-08,6.34225485e-01,9.24666753e-02,2.08144233e-02,2.99727963e+00,5.89480682e-06,4.198e-16,1.776e-15
7.6000,28.523814,17.400379,19.539838,14.993229,1.631203,0.199413,1.844978,1.029683,-0.626407,3.10184552e-04,6.24966881e-06,-5.03897576e-08,-1.88251468e-04,-3.32975670e-06,5.38981285e-08,6.34239361e-01,9.24675470e-02,2.07676344e-02,2.99730908e+00,5.90772880e-06,4.181e-16,3.109e-15
7.6200,28.558736,17.445919,19.532588,15.031852,1.631312,0.198756,1.844965,1.175494,-0.740157,3.54660997e-04,7.85648964e-06,1.12391093e-07,-2.22984967e-04,-4.59033320e-06,-4.36862596e-08,6.34256009e-01,9.24691328e-02,2.07057035e-02,2.99734952e+00,5.91787661e-06,2.845e-16,9.992e-16
7.6400,28.593692,17.491453,19.525297,15.070461,1.631425,0.198098,1.844950,1.317056,-0.850040,3.93679764e-04,4.94315456e-06,-4.14648213e-08,-2.53949069e-04,-3.03966753e-06,4.18382437e-08,6.34273597e-01,9.24709738e-02,2.06384778e-02,2.99739390e+00,5.92594178e-06,4.927e-16,5.329e-15
7.6600,28.628681,17.536981,19.517965,15.109059,1.631535,0.197438,1.844936,1.448062,-0.952187,4.26633087e-04,-7.45304898e-07,-2.01260182e-08,-2.80659752e-04,3.90690716e-07,3.70972059e-08,6.34290398e-01,9.24726343e-02,2.05752813e-02,2.99743551e+00,5.93248614e-06,8.639e-16,2.220e-15
7.6800,28.663702,17.582501,19.510591,15.147644,1.631641,0.196775,1.844925,1.555158,-1.038258,4.53010074e-04,-5.84914953e-06,1.05548600e-07,-3.02700514e-04,3.67379170e-06,-4.08372477e-08,6.34306186e-01,9.24740536e-02,2.05173999e-02,2.99747340e+00,5.93695601e-06,2.481e-16,8.882e-16
7.7000,28.698756,17.628015,19.503176,15.186216,1.631745,0.196111,1.844915,1.625483,-1.099736,4.72403940e-04,-7.37811032e-06,-6.25663411e-08,-3.19729200e-04,4.88487990e-06,5.53306277e-08,6.34321303e-01,9.24753150e-02,2.04630442e-02,2.99750880e+00,5.93919198e-06,6.193e-16,2.665e-15
7.7200,28.733842,17.673523,19.495719,15.224776,1.631851,0.195447,1.844904,1.656905,-1.134418,4.84517921e-04,-4.46306957e-06,1.17207812e-08,-3.31483465e-04,3.32974914e-06,1.88051593e-08,6.34337004e-01,9.24767305e-02,2.04055447e-02,2.99754650e+00,5.94036272e-06,2.567e-16,3.331e-16
7.7400,28.768960,17.719023,19.488221,15.263324,1.631964,0.194787,1.844888,1.653906,-1.144467,4.89169275e-04,1.15041365e-06,8.88754262e-08,-3.37785081e-04,-5.77856106e-08,-3.25421146e-08,6.34354766e-01,9.24786700e-02,2.03370207e-02,2.99759215e+00,5.94143012e-06,3.851e-16,2.665e-15
7.7600,28.804111,17.764517,19.480681,15.301858,1.632086,0.194129,1.844866,1.626674,-1.135802,4.86292699e-04,6.14707712e-06,-7.45284349e-08,-3.38542218e-04,-3.27628733e-06,6.32394453e-08,6.34374467e-01,9.24811049e-02,2.02581097e-02,2.99764533e+00,5.94219050e-06,2.567e-16,1.332e-15
7.7800,28.839294,17.810004,19.473100,15.340380,1.632211,0.193473,1.844843,1.587073,-1.115836,4.75942164e-04,7.59979803e-06,4.14972242e-08,-3.33750292e-04,-4.43902298e-06,1.02205016e-09,6.34395173e-01,9.24838007e-02,2.01738328e-02,2.99770245e+00,5.94273559e-06,2.220e-16,8.882e-16
7.8000,28.874509,17.855484,19.465479,15.378889,1.632334,0.192815,1.844820,1.537222,-1.086429,4.58290151e-04,4.68401862e-06,6.52387038e-08,-3.23491857e-04,-2.87996101e-06,-1.97038067e-08,6.34415432e-01,9.24863918e-02,2.00919860e-02,2.99775788e+00,5.94431862e-06,3.331e-16,8.882e-16
7.8200,28.909756,17.900958,19.457815,15.417385,1.632448,0.192154,1.844803,1.471936,-1.044762,4.33625207e-04,-8.54781754e-07,-7.59053791e-08,-3.07934982e-04,4.65171680e-07,6.56029799e-08,6.34433377e-01,9.24884076e-02,2.00225555e-02,2.99780438e+00,5.94783997e-06,4.077e-16,1.332e-15
7.8400,28.945035,17.946425,19.450111,15.455868,1.632551,0.191489,1.844792,1.383008,-0.985907,4.02346800e-04,-5.74555213e-06,6.67360437e-08,-2.87330782e-04,3.62028553e-06,-1.39628286e-08,6.34448597e-01,9.24897403e-02,1.99678043e-02,2.99784028e+00,5.95294576e-06,1.804e-16,9.992e-16
7.8600,28.980345,17.991884,19.442365,15.494338,1.632645,0.190822,1.844787,1.260889,-0.903857,3.64957769e-04,-7.12330695e-06,3.77474680e-08,-2.62009949e-04,4.73610812e-06,-3.93803487e-09,6.34461841e-01,9.24905744e-02,1.99237846e-02,2.99786836e+00,5.95947322e-06,2.151e-16,0.000e+00
7.8800,29.015687,18.037337,19.434578,15.532795,1.632735,0.190155,1.844784,1.105281,-0.797933,3.22056000e-04,-4.20696458e-06,-6.76639202e-08,-2.32377517e-04,3.17410481e-06,6.21869608e-08,6.34474092e-01,9.24911556e-02,1.98852668e-02,2.99789239e+00,5.96827852e-06,1.187e-15,3.331e-16
7.9000,29.051059,18.082781,19.426749,15.571239,1.632826,0.189490,1.844780,0.925543,-0.673626,2.74324661e-04,1.25863774e-06,8.42802102e-08,-1.98906467e-04,-1.28449186e-07,-2.52426440e-08,6.34486744e-01,9.24918328e-02,1.98448380e-02,2.99791772e+00,5.97977453e-06,1.140e-15,2.220e-15
7.9200,29.086463,18.128219,19.418879,15.609671,1.632919,0.188827,1.844775,0.733536,-0.538407,2.22521551e-04,6.04638085e-06,9.01860088e-09,-1.62130040e-04,-3.22064718e-06,1.24721835e-08,6.34500070e-01,9.24926766e-02,1.98010061e-02,2.99794544e+00,5.99311536e-06,2.342e-16,8.882e-16
7.9400,29.121898,18.173649,19.410967,15.648089,1.633009,0.188164,1.844771,0.542363,-0.400810,1.67468193e-04,7.35239767e-06,-5.14145270e-08,-1.22632621e-04,-4.29013241e-06,5.36797734e-08,6.34512908e-01,9.24933965e-02,1.97599334e-02,2.99797112e+00,6.00764376e-06,4.129e-16,9.992e-16
7.9600,29.157364,18.219071,19.403015,15.686495,1.633092,0.187499,1.844771,0.358128,-0.265470,1.10037185e-04,4.43797491e-06,9.31696036e-08,-8.10403214e-05,-2.72522636e-06,-3.15105959e-08,6.34524017e-01,9.24936795e-02,1.97282475e-02,2.99798993e+00,6.02369559e-06,1.225e-15,1.110e-15
7.9800,29.192860,18.264485,19.395021,15.724888,1.633162,0.186831,1.844779,0.176450,-0.130516,5.11383478e-05,-9.53259535e-07,-1.70558095e-08,-3.80110965e-05,5.35593371e-07,2.82375449e-08,6.34532002e-01,9.24931742e-02,1.97133735e-02,2.99799649e+00,6.04120083e-06,6.384e-16,8.882e-16
8.0000,29.228387,18.309892,19.386985,15.763267,1.633217,0.186158,1.844796,-0.009104,0.007627,-8.29579555e-06,-5.63787479e-06,-2.88444367e-08,5.77558384e-06,3.56641612e-06,4.17114054e-08,6.34536286e-01,9.24917326e-02,1.97184349e-02,2.99798852e+00,6.05895079e-06,7.060e-16,8.882e-16
8.0200,29.263944,18.355290,19.378908,15.801634,1.633260,0.185484,1.844820,-0.204526,0.152496,-6.73258082e-05,-6.87216962e-06,9.30966629e-08,4.96288981e-05,4.59123505e-06,-3.23748562e-08,6.34537948e-01,9.24896230e-02,1.97377477e-02,2.99797009e+00,6.07603603e-06,9.697e-16,7.772e-16
8.0400,29.299532,18.400679,19.370789,15.839989,1.633298,0.184809,1.844847,-0.410337,0.304530,-1.25020761e-04,-3.95874583e-06,-3.82760016e-08,9.28573148e-05,3.02458933e-06,4.13724249e-08,6.34538280e-01,9.24871705e-02,1.97644226e-02,2.99794621e+00,6.09261709e-06,6.366e-16,8.882e-16
8.0600,29.335149,18.446060,19.362628,15.878330,1.633334,0.184135,1.844875,-0.616136,0.457438,-1.80472719e-04,1.36047020e-06,-3.50155591e-09,1.34779651e-04,-1.94201088e-07,2.72789265e-08,6.34538458e-01,9.24846715e-02,1.97921793e-02,2.99792142e+00,6.10856902e-06,1.416e-15,5.551e-16
8.0800,29.370796,18.491433,19.354426,15.916659,1.633372,0.183464,1.844901,-0.808718,0.602700,-2.32810900e-04,5.94542608e-06,8.40765936e-08,1.74735875e-04,-3.16405646e-06,-2.84726605e-08,6.34539164e-01,9.24823000e-02,1.98173286e-02,2.99789842e+00,6.12279826e-06,2.290e-16,4.441e-16
8.1000,29.406472,18.536796,19.346183,15.954976,1.633407,0.182794,1.844929,-0.977144,0.732889,-2.81214512e-04,7.11160277e-06,-5.27591061e-08,2.12097958e-04,-4.14476946e-06,5.05982723e-08,6.34539489e-01,9.24798308e-02,1.98446488e-02,2.99787379e+00,6.13464058e-06,1.735e-16,1.776e-15
8.1200,29.442178,18.582151,19.337897,15.993279,1.633435,0.182121,1.844961,-1.115139,0.843269,-3.24924864e-04,4.20181886e-06,2.21388435e-08,2.46280110e-04,-2.57649596e-06,1.24189857e-08,6.34538123e-01,9.24769351e-02,1.98811169e-02,2.99784248e+00,6.14457170e-06,5.430e-16,1.332e-15
8.1400,29.477914,18.627497,19.329571,16.031569,1.633453,0.181446,1.844999,-1.227093,0.935629,-3.63257518e-04,-1.04423305e-06,6.83500588e-08,2.76747761e-04,6.00932197e-07,-2.00294498e-08,6.34534229e-01,9.24734018e-02,1.99312223e-02,2.99780127e+00,6.15286245e-06,5.412e-16,1.332e-15
8.1600,29.513679,18.672833,19.321202,16.069847,1.633459,0.180767,1.845045,-1.321960,1.015065,-3.95613250e-04,-5.52960528e-06,-5.88294872e-08,3.03025788e-04,3.51109014e-06,5.55460407e-08,6.34527390e-01,9.24691250e-02,1.99972298e-02,2.99774853e+00,6.15891326e-06,4.094e-16,1.332e-15
8.1800,29.549473,18.718160,19.312792,16.108112,1.633456,0.180087,1.845095,-1.405559,1.085154,-4.21488040e-04,-6.62805039e-06,4.53728594e-08,3.24705580e-04,4.44900138e-06,-1.21858697e-09,6.34518627e-01,9.24643606e-02,2.00737294e-02,2.99768817e+00,6.16259246e-06,3.123e-16,4.441e-16
8.2000,29.585295,18.763478,19.304340,16.146365,1.633452,0.179407,1.845145,-1.479758,1.147186,-4.40481780e-04,-3.72157106e-06,4.76033974e-08,3.41450956e-04,2.87983660e-06,-8.57376065e-09,6.34509684e-01,9.24595480e-02,2.01513893e-02,2.99762693e+00,6.16487139e-06,4.094e-16,2.220e-15
8.2200,29.621146,18.808786,19.295847,16.184605,1.633452,0.178730,1.845194,-1.537705,1.197175,-4.52304247e-04,1.45285389e-06,-5.70645437e-08,3.53003557e-04,-2.56386295e-07,5.54639184e-08,6.34501664e-01,9.24549682e-02,2.02242236e-02,2.99756916e+00,6.16647553e-06,4.163e-16,1.332e-15
8.2400,29.657027,18.854084,19.287311,16.222832,1.633457,0.178055,1.845239,-1.567329,1.227558,-4.56779110e-04,5.84105016e-06,6.33116414e-08,3.59187062e-04,-3.10773764e-06,-1.26132166e-08,6.34495213e-01,9.24507865e-02,2.02887032e-02,2.99751740e+00,6.16723292e-06,3.695e-16,5.551e-16
8.2600,29.692935,18.899373,19.278734,16.261046,1.633466,0.177382,1.845281,-1.561023,1.233103,-4.53846078e-04,6.87411227e-06,2.43182445e-08,3.59910117e-04,-4.00391180e-06,4.44762552e-09,6.34489847e-01,9.24468846e-02,2.03473381e-02,2.99746988e+00,6.16735890e-06,6.245e-16,8.882e-16
8.2800,29.728873,18.944652,19.270116,16.299247,1.633475,0.176708,1.845323,-1.516584,1.211875,-4.43560853e-04,3.97218987e-06,-4.77262130e-08,3.55168109e-04,-2.43450482e-06,5.10099370e-08,6.34484145e-01,9.24429076e-02,2.04077000e-02,2.99742117e+00,6.16802654e-06,1.926e-16,2.220e-15
8.3000,29.764838,18.989922,19.261456,16.337435,1.633478,0.176033,1.845368,-1.439693,1.166838,-4.26094164e-04,-1.13095077e-06,7.50393041e-08,3.45043037e-04,6.60584015e-07,-2.02007664e-08,6.34477362e-01,9.24386670e-02,2.04738087e-02,2.99736840e+00,6.17003254e-06,1.365e-15,8.882e-16
8.3200,29.800832,19.035182,19.252755,16.375610,1.633477,0.175355,1.845416,-1.342839,1.105520,-4.01729539e-04,-5.42358050e-06,1.68829466e-09,3.29701759e-04,3.45376462e-06,1.78907800e-08,6.34469420e-01,9.24341427e-02,2.05461042e-02,2.99731124e+00,6.17318506e-06,8.171e-16,1.332e-15
8.3400,29.836854,19.080432,19.244012,16.413773,1.633475,0.174676,1.845465,-1.235067,1.033894,-3.70859101e-04,-6.39322463e-06,-3.22430404e-08,3.09393060e-04,4.30885131e-06,4.29585863e-08,6.34461068e-01,9.24295236e-02,2.06205605e-02,2.99725259e+00,6.17756206e-06,2.880e-16,4.441e-16
8.3600,29.872904,19.125673,19.235227,16.451921,1.633477,0.173999,1.845510,-1.119534,0.954446,-3.33977990e-04,-3.49717498e-06,7.92586373e-08,2.84443246e-04,2.73928394e-06,-2.37378159e-08,6.34454076e-01,9.24252554e-02,2.06876444e-02,2.99719928e+00,6.18404732e-06,1.027e-15,7.772e-16
8.3800,29.908983,19.170903,19.226401,16.490057,1.633490,0.173326,1.845549,-0.993580,0.866063,-2.91676525e-04,1.53451172e-06,-1.85605726e-08,2.55250900e-04,-3.15436736e-07,2.98075521e-08,6.34449652e-01,9.24216456e-02,2.07407628e-02,2.99715604e+00,6.19304403e-06,4.927e-16,8.882e-16
8.4000,29.945089,19.216124,19.217533,16.528179,1.633514,0.172655,1.845581,-0.848373,0.763627,-2.44630053e-04,5.73222710e-06,-1.31886044e-08,2.22280926e-04,-3.05189498e-06,3.20581976e-08,6.34448055e-01,9.24187627e-02,2.07784409e-02,2.99712395e+00,6.20392955e-06,2.429e-16,1.332e-15
8.4200,29.981223,19.261336,19.208625,16.566288,1.633549,0.171987,1.845606,-0.678192,0.643464,-1.93587735e-04,6.63903566e-06,7.59407393e-08,1.86057350e-04,-3.86747398e-06,-2.31154257e-08,6.34448885e-01,9.24165085e-02,2.08027737e-02,2.99710153e+00,6.21631058e-06,5.013e-16,6.661e-16
8.4400,30.017385,19.306538,19.199675,16.604383,1.633588,0.171319,1.845629,-0.485024,0.506544,-1.39360069e-04,3.74842032e-06,-3.39695197e-08,1.47155269e-04,-2.29886476e-06,3.93424484e-08,6.34450761e-01,9.24145369e-02,2.08211733e-02,2.99708348e+00,6.23054904e-06,8.309e-16,5.551e-16
8.4600,30.053575,19.351730,19.190684,16.642464,1.633626,0.170650,1.845651,-0.276440,0.357466,-8.28057741e-05,-1.21372894e-06,7.81651875e-09,1.06191806e-04,7.15111703e-07,2.01319404e-08,6.34452593e-01,9.24125720e-02,2.08395407e-02,2.99706558e+00,6.24653957e-06,7.425e-16,4.441e-16
8.4800,30.089793,19.396914,19.181652,16.680532,1.633665,0.169979,1.845673,-0.065847,0.204668,-2.48189164e-05,-5.31956522e-06,6.64275594e-08,6.38158980e-05,3.39506004e-06,-1.83284693e-08,6.34454419e-01,9.24106217e-02,2.08577090e-02,2.99704792e+00,6.26323401e-06,6.505e-16,4.441e-16
8.5000,30.126038,19.442088,19.172578,16.718585,1.633707,0.169308,1.845694,0.134887,0.056153,3.36846797e-05,-6.16675968e-06,-4.31384884e-08,2.06977526e-05,4.17141281e-06,4.56316825e-08,6.34456835e-01,9.24088353e-02,2.08724753e-02,2.99703279e+00,6.27989242e-06,1.044e-15,1.776e-15
8.5200,30.162311,19.487252,19.163464,16.756624,1.633756,0.168638,1.845709,0.322215,-0.084972,9.17815138e-05,-3.28401740e-06,2.79596033e-08,-2.24819271e-05,2.60354221e-06,8.20213414e-09,6.34461173e-01,9.24075484e-02,2.08766496e-02,2.99702531e+00,6.29659415e-06,3.400e-16,8.882e-16
8.5400,30.198611,19.532407,19.154309,16.794649,1.633819,0.167973,1.845717,0.498091,-0.219171,1.48554686e-04,1.60742707e-06,5.14942212e-08,-6.50428176e-05,-3.70663594e-07,-1.06190083e-08,6.34468672e-01,9.24070743e-02,2.08635297e-02,2.99703029e+00,6.31306255e-06,6.436e-16,6.661e-16
8.5600,30.234939,19.577553,19.145112,16.832660,1.633894,0.167310,1.845716,0.669013,-0.349926,2.03109006e-04,5.62118515e-06,-4.59642069e-08,-1.06315310e-04,-2.99564742e-06,4.78800428e-08,6.34479285e-01,9.24074041e-02,2.08333196e-02,2.99704762e+00,6.32823478e-06,7.008e-16,1.332e-15
8.5800,30.271295,19.622690,19.135875,16.870656,1.633979,0.166650,1.845710,0.841077,-0.480878,2.54585794e-04,6.40865495e-06,4.50888391e-08,-1.45650691e-04,-3.73436537e-06,-2.45092771e-09,6.34492271e-01,9.24083515e-02,2.07900312e-02,2.99707444e+00,6.34148503e-06,4.996e-16,2.665e-15
8.6000,30.307678,19.667819,19.126598,16.908638,1.634068,0.165989,1.845700,1.012039,-0.610806,3.02176668e-04,3.53287002e-06,3.35262545e-08,-1.82431244e-04,-2.16828972e-06,-6.77283543e-10,6.34506357e-01,9.24095953e-02,2.07405511e-02,2.99710583e+00,6.35309449e-06,5.811e-16,8.882e-16
8.6200,30.344089,19.712938,19.117280,16.946604,1.634157,0.165326,1.845691,1.173691,-0.734603,3.45136491e-04,-1.29000323e-06,-4.19054191e-08,-2.16079825e-04,7.65891600e-07,4.65613170e-08,6.34520151e-01,9.24107829e-02,2.06924214e-02,2.99713639e+00,6.36309051e-06,4.753e-16,1.110e-16
8.6400,30.380526,19.758048,19.107921,16.984556,1.634243,0.164662,1.845683,1.314928,-0.845122,3.82794542e-04,-5.21468395e-06,5.80320029e-08,-2.46069230e-04,3.33628545e-06,-1.04439787e-08,6.34533460e-01,9.24118617e-02,2.06467571e-02,2.99716528e+00,6.37083057e-06,2.567e-16,4.441e-16
8.6600,30.416992,19.803150,19.098521,17.022493,1.634331,0.163997,1.845674,1.424906,-0.935059,4.14564175e-04,-5.94536937e-06,1.46911006e-08,-2.71930874e-04,4.03787263e-06,1.02848758e-08,6.34546931e-01,9.24129932e-02,2.06001081e-02,2.99719493e+00,6.37617189e-06,2.706e-16,8.882e-16
8.6800,30.453484,19.848242,19.089081,17.060415,1.634422,0.163333,1.845663,1.501056,-1.001931,4.39951717e-04,-3.07849172e-06,-3.22608667e-08,-2.93262192e-04,2.47367182e-06,4.17246723e-08,6.34561477e-01,9.24144064e-02,2.05475829e-02,2.99722885e+00,6.37987697e-06,2.689e-16,2.220e-15
8.7000,30.490003,19.893326,19.079600,17.098322,1.634523,0.162672,1.845646,1.548344,-1.048126,4.58563994e-04,1.67528609e-06,6.50372709e-08,-3.09732954e-04,-4.21081590e-07,-1.55364499e-08,6.34578138e-01,9.24163635e-02,2.04836081e-02,2.99727105e+00,6.38244913e-06,2.290e-16,3.997e-15
8.7200,30.526549,19.938400,19.070079,17.136214,1.634631,0.162013,1.845624,1.574252,-1.077958,4.70114764e-04,5.51148861e-06,-3.38725887e-09,-3.21090166e-04,-2.93796484e-06,2.07147379e-08,6.34596888e-01,9.24188588e-02,2.04083277e-02,2.99732144e+00,6.38372076e-06,2.290e-16,3.109e-15
8.7400,30.563122,19.983466,19.060517,17.174090,1.634744,0.161355,1.845599,1.586536,-1.096229,4.74429991e-04,6.18623338e-06,-1.84505729e-08,-3.27161480e-04,-3.60348133e-06,3.41225964e-08,6.34616626e-01,9.24216153e-02,2.03276707e-02,2.99737580e+00,6.38396633e-06,5.915e-16,2.220e-15
8.7600,30.599723,20.028523,19.050915,17.211951,1.634855,0.160696,1.845575,1.586411,-1.104054,4.71450739e-04,3.32846549e-06,6.61563155e-08,-3.27857711e-04,-2.04165088e-06,-1.70464903e-08,6.34636102e-01,9.24243152e-02,2.02484092e-02,2.99742923e+00,6.38424811e-06,3.279e-16,4.441e-16
8.7800,30.636350,20.073571,19.041273,17.249796,1.634960,0.160035,1.845555,1.567383,-1.097701,4.61233967e-04,-1.35703858e-06,-1.81869445e-08,-3.23174166e-04,8.13999153e-07,2.99685782e-08,6.34654012e-01,9.24266274e-02,2.01775711e-02,2.99747665e+00,6.38526067e-06,4.510e-16,8.882e-16
8.8000,30.673003,20.118611,19.031590,17.287626,1.635056,0.159370,1.845540,1.521582,-1.072240,4.43951221e-04,-5.10628372e-06,-1.77386102e-09,-3.13190770e-04,3.27832075e-06,2.50515373e-08,6.34669893e-01,9.24284313e-02,2.01176952e-02,2.99751619e+00,6.38694029e-06,8.101e-16,1.776e-15
8.8200,30.709683,20.163641,19.021867,17.325441,1.635147,0.158704,1.845527,1.442352,-1.023281,4.19884925e-04,-5.72642816e-06,6.16682618e-08,-2.98071169e-04,3.90884002e-06,-1.50529001e-08,6.34684500e-01,9.24299141e-02,2.00647844e-02,2.99755069e+00,6.38954341e-06,5.621e-16,1.776e-15
8.8400,30.746390,20.208661,19.012103,17.363240,1.635236,0.158039,1.845516,1.329178,-0.950018,3.89423379e-04,-2.87804242e-06,-2.87425590e-08,-2.78060209e-04,2.35004701e-06,3.68099747e-08,6.34698743e-01,9.24313049e-02,2.00139666e-02,2.99758363e+00,6.39396191e-06,5.985e-16,8.882e-16
8.8600,30.783122,20.253673,19.002298,17.401024,1.635327,0.157375,1.845504,1.190446,-0.857260,3.53054624e-04,1.74034922e-06,1.51802275e-08,-2.53479872e-04,-4.66495469e-07,1.51445125e-08,6.34713413e-01,9.24328033e-02,1.99610069e-02,2.99761806e+00,6.40060759e-06,1.055e-15,2.220e-15
8.8800,30.819881,20.298675,18.992454,17.438792,1.635419,0.156712,1.845490,1.036871,-0.751736,3.11358846e-04,5.40489756e-06,5.19758481e-08,-2.24723969e-04,-2.87872541e-06,-1.02890353e-08,6.34728683e-01,9.24344536e-02,1.99049737e-02,2.99765468e+00,6.40907013e-06,5.915e-16,8.882e-16
8.9000,30.856666,20.343667,18.982568,17.476545,1.635509,0.156050,1.845478,0.877572,-0.639514,2.64999866e-04,5.97292952e-06,-3.42021608e-08,-1.92251430e-04,-3.47470087e-06,4.06745681e-08,6.34743493e-01,9.24359888e-02,1.98515243e-02,2.99768942e+00,6.41918864e-06,7.286e-16,8.882e-16
8.9200,30.893476,20.388650,18.972643,17.514282,1.635592,0.155385,1.845470,0.717021,-0.524030,2.14715082e-04,3.13574596e-06,3.09864191e-08,-1.56578749e-04,-1.91887816e-06,5.83404119e-09,6.34756545e-01,9.24370796e-02,1.98076215e-02,2.99771721e+00,6.43136425e-06,7.772e-16,1.110e-16
8.9400,30.930313,20.433624,18.962677,17.552004,1.635663,0.154718,1.845469,0.551488,-0.403675,1.61303546e-04,-1.41475562e-06,3.90574856e-08,-1.18271927e-04,8.59380355e-07,-3.01665667e-09,6.34766896e-01,9.24374860e-02,1.97783268e-02,2.99773437e+00,6.44550365e-06,2.637e-16,2.665e-15
8.9600,30.967175,20.478587,18.952670,17.589710,1.635721,0.154047,1.845475,0.374668,-0.274857,1.05613002e-04,-4.99455742e-06,-3.38751650e-08,-7.79376378e-05,3.22089803e-06,4.16236502e-08,6.34774140e-01,9.24371025e-02,1.97658500e-02,2.99773927e+00,6.46073655e-06,3.018e-16,4.441e-16
8.9800,31.004062,20.523540,18.942623,17.627401,1.635769,0.153374,1.845487,0.183245,-0.135535,4.85258207e-05,-5.51033611e-06,4.40220387e-08,-3.62139519e-05,3.78375725e-06,-1.94047474e-09,6.34779059e-01,9.24361247e-02,1.97660435e-02,2.99773489e+00,6.47648882e-06,2.220e-16,2.220e-15
9.0000,31.040975,20.568483,18.932536,17.665077,1.635813,0.152701,1.845502,-0.021510,0.013598,-9.05557199e-06,-2.68328088e-06,2.40935343e-08,6.23947027e-06,2.23187152e-06,5.50751149e-09,6.34782890e-01,9.24348648e-02,1.97723024e-02,2.99772599e+00,6.49279427e-06,3.123e-16,4.441e-16
9.0200,31.077913,20.613416,18.922407,17.702737,1.635854,0.152029,1.845519,-0.230592,0.167045,-6.62227624e-05,1.80165870e-06,-2.87613841e-08,4.87519661e-05,-5.07840731e-07,3.93193301e-08,6.34786399e-01,9.24335181e-02,1.97804964e-02,2.99771557e+00,6.50928767e-06,8.622e-16,1.332e-15
9.0400,31.114876,20.658338,18.912238,17.740382,1.635894,0.151359,1.845535,-0.431420,0.316693,-1.22075313e-04,5.29992353e-06,5.26395567e-08,9.06526660e-05,-2.81891113e-06,-7.72330018e-09,6.34789875e-01,9.24321590e-02,1.97890463e-02,2.99770480e+00,6.52496544e-06,3.053e-16,1.332e-15
9.0600,31.151863,20.703250,18.902028,17.778011,1.635931,0.150689,1.845553,-0.614969,0.456230,-1.75734453e-04,5.76668646e-06,8.82306202e-09,1.31281332e-04,-3.34895964e-06,1.43116613e-08,6.34792632e-01,9.24306160e-02,1.98015841e-02,2.99769106e+00,6.53924067e-06,4.441e-16,3.331e-16
9.0800,31.188876,20.748150,18.891778,17.815625,1.635960,0.150016,1.845576,-0.777055,0.582244,-2.26356288e-04,2.95214903e-06,-1.93071889e-08,1.69999068e-04,-1.80087579e-06,3.45275071e-08,6.34793419e-01,9.24285729e-02,1.98248013e-02,2.99766953e+00,6.55222896e-06,4.372e-16,4.441e-16
9.1000,31.225913,20.793040,18.881487,17.853224,1.635978,0.149341,1.845606,-0.920366,0.695594,-2.73145200e-04,-1.46605561e-06,5.67736569e-08,2.06198237e-04,9.01077530e-07,-1.06086031e-08,6.34791564e-01,9.24258587e-02,1.98623255e-02,2.99763759e+00,6.56376154e-06,4.233e-16,8.882e-16
9.1200,31.262975,20.837919,18.871155,17.890807,1.635984,0.148663,1.845642,-1.052062,0.800244,-3.15366831e-04,-4.88249838e-06,-4.68465556e-09,2.39311731e-04,3.16294867e-06,2.27024758e-08,6.34787012e-01,9.24224586e-02,1.99144831e-02,2.99759499e+00,6.57315979e-06,2.290e-16,2.665e-15
9.1400,31.300060,20.882787,18.860783,17.928376,1.635982,0.147983,1.845684,-1.176002,0.898564,-3.52360019e-04,-5.30005870e-06,-6.81691316e-09,2.68821644e-04,3.66139563e-06,2.78907627e-08,6.34780532e-01,9.24185665e-02,1.99771840e-02,2.99754471e+00,6.58024424e-06,4.441e-16,3.553e-15
9.1600,31.337170,20.927643,18.850370,17.965929,1.635977,0.147305,1.845726,-1.290964,0.989883,-3.83547716e-04,-2.49714810e-06,5.58515316e-08,2.94267091e-04,2.11779212e-06,-1.07837583e-08,6.34773595e-01,9.24145552e-02,2.00425346e-02,2.99749245e+00,6.58556857e-06,3.261e-16,1.332e-15
9.1800,31.374304,20.972488,18.839916,18.003466,1.635974,0.146628,1.845768,-1.390322,1.070150,-4.08445964e-04,1.85623004e-06,-1.56644658e-08,3.15251464e-04,-5.46467693e-07,2.93966183e-08,6.34767173e-01,9.24106733e-02,2.01052605e-02,2.99744204e+00,6.58943092e-06,5.482e-16,1.332e-15
9.2000,31.411462,21.017321,18.829421,18.040989,1.635974,0.145952,1.845807,-1.463307,1.132502,-4.26670825e-04,5.19339597e-06,6.76904211e-09,3.31448943e-04,-2.75977193e-06,1.99738752e-08,6.34761502e-01,9.24069834e-02,2.01640298e-02,2.99739445e+00,6.59164446e-06,2.567e-16,2.665e-15
9.2200,31.448644,21.062142,18.818885,18.078496,1.635975,0.145278,1.845846,-1.502614,1.171807,-4.37943901e-04,5.56410974e-06,5.03040354e-08,3.42609740e-04,-3.22733625e-06,-8.37163973e-09,6.34756183e-01,9.24033869e-02,2.02209318e-02,2.99734822e+00,6.59248915e-06,4.510e-16,8.882e-16
9.2400,31.485850,21.106953,18.808309,18.115987,1.635972,0.144603,1.845886,-1.507477,1.186913,-4.42096108e-04,2.77417536e-06,-2.26894138e-08,3.48564180e-04,-1.68853977e-06,3.40906811e-08,6.34750142e-01,9.23996138e-02,2.02817100e-02,2.99729922e+00,6.59289204e-06,5.065e-16,4.441e-16
9.2600,31.523079,21.151751,18.797693,18.153464,1.635964,0.143925,1.845930,-1.482546,1.180178,-4.39070134e-04,-1.51437278e-06,2.04790475e-08,3.49225276e-04,9.38286801e-07,1.21079025e-08,6.34742701e-01,9.23954917e-02,2.03500406e-02,2.99724482e+00,6.59344193e-06,2.845e-16,1.332e-15
9.2800,31.560332,21.196538,18.787035,18.190924,1.635951,0.143246,1.845976,-1.437046,1.157080,-4.28921816e-04,-4.77325037e-06,4.14097618e-08,3.44589635e-04,3.10368811e-06,-3.54087776e-09,6.34734079e-01,9.23910757e-02,2.04247625e-02,2.99718586e+00,6.59416587e-06,3.660e-16,1.110e-16
9.3000,31.597609,21.241313,18.776337,18.228370,1.635936,0.142567,1.846024,-1.378221,1.122350,-4.11819585e-04,-5.09829771e-06,-2.52744362e-08,3.34737185e-04,3.54096502e-06,3.63708405e-08,6.34725057e-01,9.23865640e-02,2.05016614e-02,2.99712538e+00,6.59544128e-06,1.008e-15,1.776e-15
9.3200,31.634909,21.286076,18.765598,18.265800,1.635925,0.141889,1.846068,-1.306865,1.076928,-3.88042029e-04,-2.32193203e-06,3.24202012e-08,3.19829645e-04,2.00702779e-06,4.82717592e-09,6.34716996e-01,9.23823022e-02,2.05733683e-02,2.99706865e+00,6.59814757e-06,3.400e-16,2.220e-15
9.3400,31.672232,21.330827,18.754819,18.303214,1.635922,0.141213,1.846108,-1.219303,1.018871,-3.57973490e-04,1.90210036e-06,2.97844645e-08,3.00107837e-04,-5.83040024e-07,2.64091860e-09,6.34711013e-01,9.23785761e-02,2.06337732e-02,2.99702007e+00,6.60271019e-06,4.649e-16,8.882e-16
9.3600,31.709578,21.375566,18.743999,18.340612,1.635928,0.140541,1.846142,-1.108701,0.944097,-3.22097283e-04,5.08355679e-06,-2.38032794e-08,2.75888134e-04,-2.70174712e-06,3.58966277e-08,6.34707220e-01,9.23754171e-02,2.06821956e-02,2.99698016e+00,6.60890939e-06,7.425e-16,1.776e-15
9.3800,31.746948,21.420294,18.733138,18.377995,1.635942,0.139870,1.846172,-0.970132,0.849359,-2.80987390e-04,5.36356449e-06,4.14408575e-08,2.47557656e-04,-3.11001056e-06,-1.08385901e-09,6.34705133e-01,9.23727046e-02,2.07212006e-02,2.99694708e+00,6.61678250e-06,2.932e-16,4.441e-15
9.4000,31.784341,21.465011,18.722238,18.415361,1.635958,0.139199,1.846200,-0.806041,0.735825,-2.35299021e-04,2.60040433e-06,1.72594101e-08,2.15568184e-04,-1.58179439e-06,9.72779843e-09,6.34703821e-01,9.23702041e-02,2.07557987e-02,2.99691727e+00,6.62677629e-06,2.966e-16,3.109e-15
9.4200,31.821758,21.509715,18.711297,18.452712,1.635974,0.138526,1.846227,-0.624196,0.608188,-1.85758042e-04,-1.56075233e-06,-1.81473531e-08,1.80429005e-04,9.71254721e-07,3.32823493e-08,6.34702438e-01,9.23677006e-02,2.07905770e-02,2.99688744e+00,6.63884354e-06,9.194e-16,8.882e-16
9.4400,31.859197,21.554408,18.700315,18.490046,1.635991,0.137853,1.846254,-0.435191,0.473191,-1.33149939e-04,-4.66733231e-06,4.71243458e-08,1.42698508e-04,3.04342455e-06,-4.83537371e-09,6.34701123e-01,9.23652281e-02,2.08248097e-02,2.99685809e+00,6.65230203e-06,3.747e-16,3.553e-15
9.4600,31.896659,21.599090,18.689294,18.527364,1.636011,0.137180,1.846279,-0.248701,0.337380,-7.83079879e-05,-4.90493207e-06,5.21582665e-09,1.02974989e-04,3.42280375e-06,1.68577184e-08,6.34700664e-01,9.23629862e-02,2.08542258e-02,2.99683227e+00,6.66674124e-06,3.313e-16,2.220e-15
9.4800,31.934145,21.643760,18.678232,18.564666,1.636039,0.136509,1.846299,-0.067609,0.203358,-2.21002682e-05,-2.15692722e-06,-9.58376383e-09,6.18870983e-05,1.89995791e-06,2.86440870e-08,6.34702100e-01,9.23612386e-02,2.08731824e-02,2.99681400e+00,6.68218247e-06,8.570e-16,2.665e-15
9.5000,31.971653,21.688418,18.667130,18.601952,1.636078,0.135841,1.846311,0.110774,0.070121,3.45839989e-05,1.94039464e-06,4.85368643e-08,2.00838728e-05,-6.17072422e-07,-6.54252615e-09,6.34706404e-01,9.23602333e-02,2.08763739e-02,2.99680709e+00,6.69822598e-06,7.754e-16,7.772e-16
9.5200,32.009185,21.733066,18.655988,18.639220,1.636130,0.135176,1.846316,0.290968,-0.064746,9.08489130e-05,4.97180523e-06,-5.43449809e-09,-2.17752786e-05,-2.64414561e-06,2.30279155e-08,6.34713592e-01,9.23599771e-02,2.08636633e-02,2.99681167e+00,6.71395208e-06,3.469e-16,8.882e-16
9.5400,32.046740,21.777702,18.644806,18.676472,1.636190,0.134512,1.846316,0.476548,-0.203345,1.45806735e-04,5.16660733e-06,8.13502176e-10,-6.30306194e-05,-2.99606553e-06,2.26572675e-08,6.34722862e-01,9.23602672e-02,2.08394007e-02,2.99682463e+00,6.72881891e-06,2.984e-16,2.665e-15
9.5600,32.084317,21.822327,18.633585,18.713708,1.636255,0.133848,1.846313,0.664824,-0.344122,1.98592108e-04,2.43256307e-06,4.62019738e-08,-1.03032411e-04,-1.47953949e-06,-5.85182192e-09,6.34733226e-01,9.23608529e-02,2.08089553e-02,2.99684215e+00,6.74281074e-06,5.499e-16,1.776e-15
9.5800,32.121918,21.866941,18.622323,18.750926,1.636321,0.133183,1.846309,0.846985,-0.481575,2.48375674e-04,-1.60316323e-06,-1.31014841e-08,-1.41151178e-04,1.00118416e-06,2.80126255e-08,6.34743737e-01,9.23614926e-02,2.07774906e-02,2.99686053e+00,6.75561111e-06,4.892e-16,1.332e-15
9.6000,32.159541,21.911544,18.611022,18.788127,1.636387,0.132517,1.846305,1.012967,-0.609082,2.94376789e-04,-4.56231331e-06,1.21580280e-08,-1.76787798e-04,2.98334095e-06,1.62804757e-08,6.34754226e-01,9.23621408e-02,2.07459732e-02,2.99687904e+00,6.76651778e-06,1.164e-15,5.551e-16
9.6200,32.197187,21.956136,18.599681,18.825311,1.636455,0.131850,1.846299,1.154201,-0.720694,3.35875079e-04,-4.71709225e-06,4.05782440e-08,-2.09383280e-04,3.30801599e-06,-3.03983491e-09,6.34765407e-01,9.23629771e-02,2.07105682e-02,2.99690041e+00,6.77530227e-06,1.034e-15,1.776e-15
9.6400,32.234856,22.000716,18.588301,18.862477,1.636530,0.131186,1.846289,1.267950,-0.813875,3.72221449e-04,-1.99889753e-06,-1.75429513e-08,-2.38427635e-04,1.79762825e-06,3.10560024e-08,6.34778096e-01,9.23642082e-02,2.06668685e-02,2.99692778e+00,6.78231914e-06,2.220e-16,8.882e-16
9.6600,32.272548,22.045286,18.576881,18.899627,1.636613,0.130523,1.846274,1.358399,-0.890508,4.02848334e-04,1.97450390e-06,2.26508430e-08,-2.63467767e-04,-6.47533177e-07,9.85643922e-09,6.34792937e-01,9.23659976e-02,2.06114034e-02,2.99696366e+00,6.78767993e-06,2.776e-16,2.220e-15
9.6800,32.310262,22.089845,18.565421,18.936759,1.636705,0.129864,1.846253,1.431429,-0.953928,4.27278834e-04,4.86149634e-06,3.21480353e-08,-2.84114383e-04,-2.58587220e-06,1.23526648e-09,6.34809899e-01,9.23683382e-02,2.05443492e-02,2.99700794e+00,6.79115954e-06,3.123e-16,5.551e-16
9.7000,32.347999,22.134394,18.553922,18.973873,1.636802,0.129204,1.846229,1.491371,-1.006801,4.45134772e-04,4.97644322e-06,-1.84420722e-08,-3.00047705e-04,-2.88431064e-06,3.20097591e-08,6.34827982e-01,9.23709767e-02,2.04711245e-02,2.99705676e+00,6.79300167e-06,5.464e-16,6.661e-16
9.7200,32.385758,22.178931,18.542383,19.010970,1.636899,0.128544,1.846205,1.537999,-1.049176,4.56142892e-04,2.27367739e-06,3.16134140e-08,-3.11022276e-04,-1.38055076e-06,4.37400944e-09,6.34846020e-01,9.23736151e-02,2.03980811e-02,2.99710555e+00,6.79398110e-06,2.724e-16,5.551e-16
9.7400,32.423540,22.223458,18.530805,19.048049,1.636991,0.127881,1.846184,1.564765,-1.077151,4.60138872e-04,-1.63865503e-06,2.25142191e-08,-3.16870869e-04,1.02924877e-06,6.78339043e-09,6.34863120e-01,9.23760245e-02,2.03300772e-02,2.99715079e+00,6.79457504e-06,5.568e-16,2.220e-15
9.7600,32.461345,22.267974,18.519188,19.085110,1.637078,0.127217,1.846165,1.563779,-1.085646,4.57069486e-04,-4.45521647e-06,-1.55972146e-08,-3.17507182e-04,2.92445965e-06,3.11207371e-08,6.34878942e-01,9.23781158e-02,2.02689914e-02,2.99719109e+00,6.79486336e-06,8.795e-16,2.220e-16
9.7800,32.499171,22.312478,18.507531,19.122154,1.637163,0.126552,1.846149,1.530076,-1.071157,4.46992734e-04,-4.53177226e-06,3.81354011e-08,-3.12927408e-04,3.19740165e-06,3.05628142e-10,6.34894076e-01,9.23800363e-02,2.02116803e-02,2.99722869e+00,6.79529145e-06,4.094e-16,4.441e-16
9.8000,32.537020,22.356972,18.495835,19.159180,1.637247,0.125887,1.846131,1.463565,-1.033119,4.30076372e-04,-1.84488060e-06,1.24034888e-08,-3.03210375e-04,1.70064522e-06,1.26349126e-08,6.34909368e-01,9.23820000e-02,2.01536007e-02,2.99726682e+00,6.79670400e-06,2.637e-16,8.882e-16
9.8200,32.574891,22.401454,18.484099,19.196188,1.637334,0.125224,1.846113,1.370874,-0.975229,4.06595308e-04,2.00716275e-06,-1.00556651e-08,-2.88516061e-04,-6.73945815e-07,2.82468368e-08,6.34925271e-01,9.23841220e-02,2.00923115e-02,2.99730726e+00,6.79953555e-06,1.448e-15,1.776e-15
9.8400,32.612784,22.445926,18.472324,19.233178,1.637423,0.124562,1.846093,1.261211,-0.903208,3.76927468e-04,4.75493691e-06,4.13531541e-08,-2.69082783e-04,-2.52651599e-06,-2.21096104e-09,6.34941732e-01,9.23863891e-02,2.00281046e-02,2.99734979e+00,6.80372928e-06,6.037e-16,1.332e-15
9.8600,32.650699,22.490386,18.460510,19.270150,1.637510,0.123900,1.846074,1.141066,-0.821452,3.41548193e-04,4.79486910e-06,2.98720354e-09,-2.45223091e-04,-2.77435150e-06,1.82013627e-08,6.34957867e-01,9.23885768e-02,1.99657355e-02,2.99739101e+00,6.80948607e-06,2.776e-16,1.776e-15
9.8800,32.688636,22.534835,18.448656,19.307105,1.637590,0.123236,1.846058,1.012780,-0.731929,3.01023056e-04,2.12504234e-06,-2.19830197e-09,-2.17318534e-04,-1.28449163e-06,2.41135653e-08,6.34972448e-01,9.23903718e-02,1.99118256e-02,2.99742611e+00,6.81729855e-06,5.950e-16,1.332e-15
9.9000,32.726595,22.579273,18.436763,19.344041,1.637661,0.122569,1.846049,0.873214,-0.633198,2.55998668e-04,-1.66633133e-06,4.16271861e-08,-1.85813698e-04,1.05564058e-06,-2.65599742e-09,6.34984728e-01,9.23915818e-02,1.98704230e-02,2.99745214e+00,6.82718613e-06,6.800e-16,1.776e-15
9.9200,32.764575,22.623699,18.424831,19.380960,1.637721,0.121899,1.846045,0.716759,-0.521994,2.07191965e-04,-4.34539761e-06,-4.45432167e-09,-1.51209342e-04,2.86675946e-06,2.31048876e-08,6.34994522e-01,9.23921578e-02,1.98425395e-02,2.99746832e+00,6.83865505e-06,3.123e-16,1.332e-15
9.9400,32.802576,22.668113,18.412859,19.417861,1.637772,0.121228,1.846047,0.541243,-0.396871,1.55378384e-04,-4.34854036e-06,6.92530099e-09,-1.14054644e-04,3.09067679e-06,1.91820313e-08,6.35002385e-01,9.23922390e-02,1.98252209e-02,2.99747677e+00,6.85145313e-06,7.980e-16,8.882e-16
9.9600,32.840599,22.712515,18.400847,19.454744,1.637820,0.120557,1.846051,0.349387,-0.259377,1.01379129e-04,-1.69471205e-06,3.87310982e-08,-7.49386897e-05,1.60849297e-06,-1.40327984e-09,6.35009331e-01,9.23920824e-02,1.98130291e-02,2.99748140e+00,6.86561765e-06,6.471e-16,5.551e-16
9.9800,32.878643,22.756905,18.388796,19.491609,1.637865,0.119887,1.846056,0.149091,-0.114384,4.60482523e-05,2.03815287e-06,-9.73372515e-09,-3.44810387e-05,-6.96962140e-07,2.65169699e-08,6.35015931e-01,9.23918345e-02,1.98028691e-02,2.99748446e+00,6.88076087e-06,1.584e-15,1.332e-15
10.0000,32.916708,22.801283,18.376705,19.528457,1.637908,0.119218,1.846062,-0.048711,0.031034,-9.74038199e-06,4.65137416e-06,1.59481510e-08,6.67835275e-06,-2.46678902e-06,1.38352269e-08,6.35022153e-01,9.23914883e-02,1.97948842e-02,2.99748586e+00,6.89606997e-06,4.094e-16,1.776e-15
10.0200,32.954794,22.845649,18.364575,19.565286,1.637947,0.118548,1.846071,-0.236151,0.171310,-6.51065233e-05,4.62055252e-06,3.32368303e-08,4.78894332e-05,-2.66690797e-06,1.36765911e-09,6.35027391e-01,9.23908904e-02,1.97923183e-02,2.99748326e+00,6.91105965e-06,3.747e-16,2.220e-15
10.0400,32.992901,22.890003,18.352406,19.602098,1.637978,0.117876,1.846084,-0.410586,0.304018,-1.19177048e-04,1.98482697e-06,-1.20412506e-08,8.85024980e-05,-1.19209641e-06,2.84507271e-08,6.35030602e-01,9.23897754e-02,1.98007705e-02,2.99747262e+00,6.92562012e-06,5.204e-16,8.882e-16
10.0600,33.031029,22.934344,18.340197,19.638893,1.637996,0.117202,1.846104,-0.573951,0.429676,-1.71099766e-04,-1.68838244e-06,2.43807129e-08,1.27878373e-04,1.07953373e-06,9.00924138e-09,6.35031171e-01,9.23879857e-02,1.98235713e-02,2.99745152e+00,6.93933342e-06,4.233e-16,2.220e-15
10.0800,33.069177,22.978672,18.327948,19.675669,1.638005,0.116525,1.846131,-0.731204,0.550935,-2.20057348e-04,-4.23522636e-06,2.61930351e-08,1.65398183e-04,2.80926693e-06,5.45070013e-09,6.35029231e-01,9.23855536e-02,1.98600486e-02,2.99742044e+00,6.95148883e-06,8.778e-16,1.776e-15
10.1000,33.107345,23.022988,18.315660,19.712428,1.638005,0.115847,1.846162,-0.884787,0.669260,-2.65280581e-04,-4.16984048e-06,-1.13843537e-08,2.00472896e-04,2.98670441e-06,2.87237873e-08,6.35025456e-01,9.23826507e-02,1.99065863e-02,2.99738200e+00,6.96180711e-06,4.649e-16,1.332e-15
10.1200,33.145534,23.067290,18.303331,19.749169,1.638001,0.115169,1.846195,-1.031697,0.782848,-3.06060749e-04,-1.55093722e-06,3.09707210e-08,2.32552429e-04,1.51990314e-06,4.90392761e-09,6.35020962e-01,9.23795616e-02,1.99571722e-02,2.99734055e+00,6.97046232e-06,1.226e-15,1.776e-15
10.1400,33.183743,23.111580,18.290964,19.785893,1.637998,0.114493,1.846228,-1.164959,0.887295,-3.41760754e-04,2.06475523e-06,1.79844315e-08,2.61134299e-04,-7.17876845e-07,9.99079541e-09,6.35016576e-01,9.23764984e-02,2.00073219e-02,2.99729934e+00,6.97740160e-06,2.637e-16,4.441e-16
10.1600,33.221972,23.155856,18.278556,19.822599,1.637995,0.113818,1.846261,-1.275330,0.976561,-3.71824567e-04,4.54782707e-06,-8.31150440e-09,2.85771785e-04,-2.40791600e-06,2.72271426e-08,6.35012341e-01,9.23734746e-02,2.00567477e-02,2.99725861e+00,6.98234984e-06,6.817e-16,2.665e-15
10.1800,33.260222,23.200119,18.266109,19.859288,1.637990,0.113143,1.846294,-1.356041,1.045818,-3.95785452e-04,4.45022416e-06,3.51898615e-08,3.06081116e-04,-2.56309143e-06,1.98235416e-09,6.35007810e-01,9.23703785e-02,2.01078212e-02,2.99721667e+00,6.98548497e-06,3.591e-16,8.882e-16
10.2000,33.298491,23.244368,18.253622,19.895958,1.637981,0.112466,1.846330,-1.406569,1.094002,-4.13272979e-04,1.84959124e-06,9.94254820e-09,3.21747541e-04,-1.10436026e-06,1.47506173e-08,6.35002218e-01,9.23670156e-02,2.01646680e-02,2.99717057e+00,6.98741893e-06,1.060e-15,1.776e-15
10.2200,33.336780,23.288604,18.241096,19.932611,1.637965,0.111788,1.846370,-1.430968,1.123102,-4.24018719e-04,-1.70824418e-06,-2.84930402e-09,3.32530192e-04,1.09998759e-06,2.45583241e-08,6.34995024e-01,9.23632482e-02,2.02302224e-02,2.99711821e+00,6.98851111e-06,6.765e-16,1.332e-15
10.2400,33.375089,23.332827,18.228530,19.969247,1.637943,0.111108,1.846413,-1.435652,1.136861,-4.27860814e-04,-4.12796093e-06,3.70092880e-08,3.38265516e-04,2.75102893e-06,6.59521893e-10,6.34986519e-01,9.23591498e-02,2.03029385e-02,2.99706069e+00,6.98885880e-06,3.539e-16,1.332e-15
10.2600,33.413417,23.377036,18.215925,20.005864,1.637920,0.110428,1.846458,-1.425655,1.138518,-4.24746902e-04,-3.99862783e-06,2.85021447e-09,3.38869510e-04,2.88451354e-06,1.91315876e-08,6.34977536e-01,9.23549333e-02,2.03783019e-02,2.99700129e+00,6.98892871e-06,6.037e-16,3.109e-15
10.2800,33.451765,23.421232,18.203279,20.042464,1.637898,0.109750,1.846500,-1.400478,1.128087,-4.14734990e-04,-1.41622137e-06,3.88588580e-09,3.34338879e-04,1.43392168e-06,2.07993252e-08,6.34969140e-01,9.23508710e-02,2.04505221e-02,2.99694415e+00,6.98950877e-06,3.053e-16,3.109e-15
10.3000,33.490132,23.465413,18.190594,20.079046,1.637882,0.109073,1.846539,-1.355500,1.102889,-3.97992415e-04,2.08450697e-06,3.59307897e-08,3.24751006e-04,-7.37543136e-07,6.55083876e-10,6.34962235e-01,9.23471956e-02,2.05146422e-02,2.99689285e+00,6.99103093e-06,2.359e-16,1.332e-15
10.3200,33.528519,23.509582,18.177870,20.115610,1.637873,0.108399,1.846574,-1.285010,1.059337,-3.74792648e-04,4.44196290e-06,-2.85933267e-09,3.10262874e-04,-2.35055097e-06,2.25142973e-08,6.34956922e-01,9.23439359e-02,2.05700381e-02,2.99684786e+00,6.99356816e-06,4.614e-16,1.332e-15
10.3400,33.566926,23.553736,18.165106,20.152156,1.637868,0.107726,1.846606,-1.185198,0.994797,-3.45510312e-04,4.28164961e-06,1.11595880e-08,2.91108772e-04,-2.46332516e-06,1.64973930e-08,6.34952686e-01,9.23409622e-02,2.06194673e-02,2.99680723e+00,6.99744785e-06,2.602e-16,4.441e-16
10.3600,33.605352,23.597878,18.152303,20.188684,1.637864,0.107052,1.846637,-1.058197,0.910194,-3.10614956e-04,1.71728418e-06,3.26250765e-08,2.67596554e-04,-1.02149567e-06,2.16083043e-09,6.34948859e-01,9.23381047e-02,2.06665423e-02,2.99676837e+00,7.00320207e-06,3.053e-16,3.109e-15
10.3800,33.643797,23.642005,18.139461,20.225194,1.637861,0.106377,1.846668,-0.911285,0.809864,-2.70663572e-04,-1.72761608e-06,-6.21387962e-09,2.40102657e-04,1.11694160e-06,2.49127319e-08,6.34944905e-01,9.23352274e-02,2.07141662e-02,2.99672920e+00,7.01092642e-06,5.603e-16,4.441e-16
10.4000,33.682261,23.686120,18.126579,20.261686,1.637857,0.105702,1.846699,-0.753069,0.699319,-2.26292043e-04,-4.02481431e-06,1.84142165e-08,2.09065871e-04,2.69205381e-06,1.23159788e-08,6.34940999e-01,9.23323736e-02,2.07614127e-02,2.99669039e+00,7.02030898e-06,5.412e-16,1.332e-15
10.4200,33.720745,23.730220,18.113658,20.298159,1.637857,0.105027,1.846727,-0.590743,0.583486,-1.78205567e-04,-3.83555185e-06,2.75143496e-08,1.74980060e-04,2.78415531e-06,4.84206160e-09,6.34937977e-01,9.23297566e-02,2.08037241e-02,2.99665517e+00,7.03124828e-06,3.053e-16,2.220e-16
10.4400,33.759248,23.774308,18.100698,20.334614,1.637864,0.104354,1.846750,-0.426547,0.464419,-1.27167640e-04,-1.29068196e-06,-7.36859673e-09,1.38386238e-04,1.35067501e-06,2.58591879e-08,6.34936750e-01,9.23276099e-02,2.08361111e-02,2.99662712e+00,7.04382015e-06,3.678e-16,1.332e-15
10.4600,33.797771,23.818382,18.087698,20.371050,1.637882,0.103684,1.846768,-0.257726,0.340969,-7.39878434e-05,2.09768638e-06,2.44325115e-08,9.98640629e-05,-7.55702738e-07,8.38890890e-09,6.34938020e-01,9.23261139e-02,2.08547172e-02,2.99660900e+00,7.05768486e-06,1.138e-15,1.332e-15
10.4800,33.836312,23.862442,18.074660,20.407468,1.637910,0.103016,1.846778,-0.080719,0.211183,-1.95087006e-05,4.33433906e-06,2.10139791e-08,6.00228243e-05,-2.29422930e-06,8.17506554e-09,6.34941834e-01,9.23252825e-02,2.08592459e-02,2.99660104e+00,7.07215329e-06,1.197e-15,1.776e-15
10.5000,33.874873,23.906490,18.061583,20.443867,1.637946,0.102349,1.846784,0.106011,0.074153,3.54081942e-05,4.11560884e-06,-6.25766446e-09,1.94920840e-05,-2.36691401e-06,2.54243224e-08,6.34947489e-01,9.23249373e-02,2.08535119e-02,2.99660055e+00,7.08680917e-06,2.776e-16,2.220e-15
10.5200,33.913453,23.950524,18.048467,20.480247,1.637987,0.101683,1.846787,0.299318,-0.068243,8.98960343e-05,1.58893192e-06,2.90112723e-08,-2.10881851e-05,-9.42626339e-07,5.39326519e-09,6.34954159e-01,9.23248679e-02,2.08420169e-02,2.99660430e+00,7.10148618e-06,5.898e-16,4.441e-15
10.5400,33.952052,23.994546,18.035312,20.516608,1.638029,0.101015,1.846788,0.490830,-0.210749,1.43096334e-04,-1.74510913e-06,1.43466910e-08,-6.10778136e-05,1.13137982e-06,1.20635606e-08,6.34961260e-01,9.23249234e-02,2.08279793e-02,2.99660998e+00,7.11570939e-06,4.094e-16,2.665e-15
10.5600,33.990671,24.038555,18.022118,20.552950,1.638073,0.100347,1.846789,0.671220,-0.347163,1.94172166e-04,-3.92393930e-06,-2.89808340e-09,-9.98466943e-05,2.63334647e-06,2.39000509e-08,6.34968730e-01,9.23250873e-02,2.08117513e-02,2.99661732e+00,7.12877862e-06,1.220e-15,3.997e-15
10.5800,34.029308,24.082550,18.008886,20.589273,1.638121,0.099679,1.846787,0.833652,-0.472574,2.42320846e-04,-3.67829876e-06,3.16694310e-08,-1.36784961e-04,2.68660308e-06,3.51149264e-09,6.34977218e-01,9.23255234e-02,2.07898327e-02,2.99662881e+00,7.14037178e-06,1.220e-15,2.220e-15
10.6000,34.067965,24.126533,17.995615,20.625577,1.638176,0.099013,1.846780,0.975744,-0.584730,2.86786272e-04,-1.17161187e-06,7.88461599e-09,-1.71312694e-04,1.27112852e-06,1.57873974e-08,6.34987490e-01,9.23264277e-02,2.07580499e-02,2.99664743e+00,7.15050712e-06,3.678e-16,1.776e-15
10.6200,34.106640,24.170503,17.982306,20.661861,1.638241,0.098350,1.846767,1.100437,-0.684784,3.26870966e-04,2.10722556e-06,1.78464619e-09,-2.02888902e-04,-7.71350275e-07,2.12239895e-08,6.34999956e-01,9.23279050e-02,2.07141817e-02,2.99667478e+00,7.15899163e-06,2.637e-16,8.882e-16
10.6400,34.145335,24.214460,17.968958,20.698126,1.638314,0.097688,1.846750,1.212206,-0.775196,3.61947323e-04,4.22794223e-06,3.20101572e-08,-2.31019819e-04,-2.23785795e-06,2.72488115e-09,6.35014499e-01,9.23299265e-02,2.06588612e-02,2.99671043e+00,7.16549486e-06,5.534e-16,4.441e-16
10.6600,34.184049,24.258405,17.955571,20.734371,1.638392,0.097027,1.846728,1.313058,-0.857180,3.91467858e-04,3.95506295e-06,2.40073595e-09,-2.55266417e-04,-2.27265674e-06,1.90409775e-08,6.35030305e-01,9.23322840e-02,2.05965464e-02,2.99675121e+00,7.17011052e-06,4.094e-16,8.882e-16
10.6800,34.222782,24.302337,17.942147,20.770597,1.638471,0.096365,1.846706,1.401153,-0.929665,4.14974057e-04,1.46746373e-06,7.56194779e-09,-2.75251115e-04,-8.66497935e-07,1.80236950e-08,6.35046336e-01,9.23347115e-02,2.05329058e-02,2.99679305e+00,7.17328454e-06,9.402e-16,2.220e-15
10.7000,34.261534,24.346257,17.928684,20.806803,1.638549,0.095702,1.846685,1.470200,-0.988753,4.32103323e-04,-1.75775655e-06,3.05645014e-08,-2.90663793e-04,1.14452122e-06,3.34008200e-09,6.35061939e-01,9.23370400e-02,2.04715299e-02,2.99683335e+00,7.17525468e-06,5.551e-16,2.665e-15
10.7200,34.300304,24.390164,17.915183,20.842989,1.638623,0.095037,1.846666,1.512635,-1.029469,4.42594222e-04,-3.82225155e-06,-1.34357546e-09,-3.01266784e-04,2.57601297e-06,2.16513229e-08,6.35076955e-01,9.23392267e-02,2.04133214e-02,2.99687144e+00,7.17610488e-06,3.955e-16,2.220e-15
10.7400,34.339094,24.434058,17.901643,20.879155,1.638698,0.094372,1.846646,1.524197,-1.048633,4.46290096e-04,-3.52368273e-06,1.36554103e-08,-3.06898736e-04,2.59279679e-06,1.45924889e-08,6.35091827e-01,9.23413833e-02,2.03558969e-02,2.99690899e+00,7.17628291e-06,8.188e-16,5.551e-16
10.7600,34.377902,24.477940,17.888065,20.915302,1.638774,0.093708,1.846626,1.505211,-1.045893,4.43141089e-04,-1.05582257e-06,2.72520979e-08,-3.07477189e-04,1.19607214e-06,4.93898394e-09,6.35107262e-01,9.23436893e-02,2.02954497e-02,2.99694873e+00,7.17649889e-06,6.488e-16,1.776e-15
10.7800,34.416729,24.521808,17.874449,20.951428,1.638853,0.093045,1.846603,1.460691,-1.023951,4.33204941e-04,2.11615826e-06,-3.46196606e-09,-3.02999674e-04,-7.83785314e-07,2.30938757e-08,6.35123552e-01,9.23462195e-02,2.02303984e-02,2.99699181e+00,7.17716623e-06,6.054e-16,2.220e-15
10.8000,34.455574,24.565664,17.860795,20.987535,1.638935,0.092383,1.846578,1.397852,-0.987216,4.16646338e-04,4.12547805e-06,1.91682393e-08,-2.93543426e-04,-2.18078097e-06,1.11733289e-08,6.35140454e-01,9.23489118e-02,2.01620742e-02,2.99703726e+00,7.17845261e-06,3.955e-16,2.220e-15
10.8200,34.494439,24.609508,17.847102,21.023621,1.639016,0.091721,1.846554,1.321324,-0.938847,3.93734532e-04,3.80231040e-06,2.26435373e-08,-2.79263896e-04,-2.17992132e-06,7.37338995e-09,6.35157198e-01,9.23515694e-02,2.00946469e-02,2.99708211e+00,7.18077508e-06,1.266e-15,4.441e-16
10.8400,34.533321,24.653338,17.833372,21.059688,1.639092,0.091057,1.846533,1.231620,-0.879548,3.64839248e-04,1.35479145e-06,-3.47833775e-09,-2.60392076e-04,-7.92537765e-07,2.35487197e-08,6.35172734e-01,9.23539224e-02,2.00338228e-02,2.99712221e+00,7.18469366e-06,4.857e-16,2.665e-15
10.8600,34.572222,24.697156,17.819603,21.095734,1.639160,0.090391,1.846516,1.125670,-0.807725,3.30424619e-04,-1.76396061e-06,2.39461805e-08,-2.37230850e-04,1.15679538e-06,8.41272831e-09,6.35186408e-01,9.23558018e-02,1.99831559e-02,2.99715498e+00,7.19037922e-06,7.112e-16,1.332e-15
10.8800,34.611141,24.740961,17.805796,21.131761,1.639219,0.089723,1.846505,0.998824,-0.720578,2.91041322e-04,-3.71837250e-06,1.75348991e-08,-2.10150375e-04,2.52027624e-06,1.04636332e-08,6.35198179e-01,9.23571944e-02,1.99429047e-02,2.99718018e+00,7.19768680e-06,2.429e-16,1.332e-15
10.9000,34.650079,24.784752,17.791951,21.167767,1.639272,0.089054,1.846497,0.849426,-0.616900,2.47317426e-04,-3.37052347e-06,-1.61980195e-09,-1.79582325e-04,2.50272477e-06,2.29416675e-08,6.35208482e-01,9.23582107e-02,1.99107200e-02,2.99719949e+00,7.20665341e-06,3.331e-16,1.776e-15
10.9200,34.689034,24.828530,17.778067,21.203754,1.639322,0.088385,1.846491,0.680790,-0.498543,1.99948144e-04,-9.42411939e-07,2.71747960e-08,-1.46013118e-04,1.12528140e-06,6.30642634e-09,6.35218055e-01,9.23590388e-02,1.98826241e-02,2.99721576e+00,7.21740914e-06,5.152e-16,3.553e-15
10.9400,34.728008,24.872294,17.764145,21.239720,1.639370,0.087716,1.846486,0.500033,-0.369909,1.49684841e-04,2.12499239e-06,1.21144962e-08,-1.09976109e-04,-7.93367767e-07,1.35599926e-08,6.35227320e-01,9.23597868e-02,1.98563261e-02,2.99723065e+00,7.22968939e-06,4.510e-16,1.332e-15
10.9600,34.766999,24.916045,17.750185,21.275667,1.639415,0.087048,1.846482,0.316132,-0.236843,9.73235471e-05,4.02694157e-06,1.58387600e-09,-7.20428771e-05,-2.12342764e-06,2.12739676e-08,6.35236071e-01,9.23604032e-02,1.98329166e-02,2.99724338e+00,7.24294160e-06,4.233e-16,8.882e-16
10.9800,34.806008,24.959783,17.736187,21.311594,1.639456,0.086379,1.846481,0.135755,-0.104091,4.36927078e-05,3.65678689e-06,2.87017811e-08,-3.28139910e-05,-2.08918065e-06,5.12697604e-09,6.35243690e-01,9.23607300e-02,1.98157234e-02,2.99725155e+00,7.25683170e-06,5.274e-16,4.441e-16
11.0000,34.845034,25.003506,17.722151,21.347501,1.639487,0.085708,1.846485,-0.039313,0.026526,-1.03597351e-05,1.24986408e-06,7.32838864e-09,7.09057200e-06,-7.21275054e-07,1.65834956e-08,6.35249347e-01,9.23605541e-02,1.98092367e-02,2.99725191e+00,7.27117235e-06,3.643e-16,1.332e-15
11.0200,34.884079,25.047216,17.708076,21.383387,1.639508,0.085035,1.846495,-0.210788,0.155503,-6.39797874e-05,-1.76513624e-06,6.08613479e-09,4.70411746e-05,1.16755584e-06,1.90608500e-08,6.35252506e-01,9.23597374e-02,1.98163644e-02,2.99724235e+00,7.28547159e-06,2.151e-16,1.332e-15
11.0400,34.923140,25.090912,17.693962,21.419254,1.639519,0.084359,1.846512,-0.381801,0.284450,-1.16321304e-04,-3.61395607e-06,2.86716048e-08,8.64082172e-05,2.46531879e-06,5.06620767e-09,6.35253332e-01,9.23583206e-02,1.98362476e-02,2.99722347e+00,7.29905939e-06,4.302e-16,5.551e-16
11.0600,34.962219,25.134593,17.679811,21.455102,1.639523,0.083683,1.846532,-0.553447,0.413980,-1.66559726e-04,-3.22063844e-06,3.54938628e-09,1.24571870e-04,2.41539639e-06,1.91216814e-08,6.35252452e-01,9.23564643e-02,1.98655073e-02,2.99719770e+00,7.31158494e-06,5.482e-16,1.776e-15
11.0800,35.001315,25.178260,17.665621,21.490929,1.639522,0.083007,1.846555,-0.721936,0.541773,-2.13905218e-04,-8.33392867e-07,1.09758304e-08,1.60931782e-04,1.05763076e-06,1.63205406e-08,6.35250688e-01,9.23543792e-02,1.98996955e-02,2.99716828e+00,7.32294042e-06,3.747e-16,1.332e-15
11.1000,35.040427,25.221912,17.651392,21.526737,1.639520,0.082331,1.846579,-0.880035,0.663191,-2.57615042e-04,2.13144115e-06,2.68050913e-08,1.94916569e-04,-8.01276384e-07,5.79283283e-09,6.35248661e-01,9.23522255e-02,1.99354383e-02,2.99713765e+00,7.33282049e-06,3.678e-16,3.553e-15
11.1200,35.079557,25.265550,17.637125,21.562524,1.639516,0.081657,1.846604,-1.019684,0.772830,-2.97004831e-04,3.92971354e-06,9.21677063e-10,2.25993007e-04,-2.06694442e-06,2.08100623e-08,6.35246338e-01,9.23499968e-02,1.99728673e-02,2.99710574e+00,7.34084186e-06,5.412e-16,2.665e-15
11.1400,35.118704,25.309174,17.622819,21.598292,1.639509,0.080982,1.846630,-1.134975,0.866379,-3.31458885e-04,3.51553583e-06,1.58004522e-08,2.53674607e-04,-2.00151636e-06,1.34715387e-08,6.35243232e-01,9.23475695e-02,2.00146026e-02,2.99707068e+00,7.34700632e-06,4.632e-16,1.332e-15
11.1600,35.157868,25.352782,17.608476,21.634041,1.639495,0.080305,1.846660,-1.225129,0.942621,-3.60439663e-04,1.14949017e-06,2.37550099e-08,2.77529261e-04,-6.53735731e-07,7.42684810e-09,6.35238763e-01,9.23447953e-02,2.00637868e-02,2.99703022e+00,7.35159725e-06,3.261e-16,1.110e-16
11.1800,35.197048,25.396376,17.594093,21.669769,1.639474,0.079627,1.846694,-1.293461,1.003076,-3.83496233e-04,-1.76454391e-06,2.39472760e-11,2.97185934e-04,1.17579000e-06,2.17796411e-08,6.35232568e-01,9.23415812e-02,2.01224025e-02,2.99698295e+00,7.35473009e-06,6.228e-16,6.661e-16
11.2000,35.236245,25.439954,17.579673,21.705478,1.639447,0.078947,1.846732,-1.344312,1.050205,-4.00271621e-04,-3.51218880e-06,2.02304974e-08,3.12340234e-04,2.41009043e-06,1.09419246e-08,6.35224928e-01,9.23379984e-02,2.01889532e-02,2.99692993e+00,7.35645036e-06,4.233e-16,6.661e-16
11.2200,35.275458,25.483518,17.565213,21.741167,1.639417,0.078267,1.846771,-1.380476,1.085776,-4.10508765e-04,-3.07704907e-06,1.98187695e-08,3.22758909e-04,2.32972446e-06,9.63989271e-09,6.35216649e-01,9.23342543e-02,2.02590564e-02,2.99687435e+00,7.35715435e-06,2.550e-16,8.882e-16
11.2400,35.314688,25.527066,17.550716,21.776836,1.639388,0.077588,1.846810,-1.400503,1.109069,-4.14054588e-04,-7.31623127e-07,5.05704762e-10,3.28283396e-04,9.92043861e-07,2.17236547e-08,6.35208611e-01,9.23305757e-02,2.03279055e-02,2.99681965e+00,7.35745630e-06,3.088e-16,1.332e-15
11.2600,35.353934,25.570600,17.536180,21.812485,1.639362,0.076911,1.846846,-1.399314,1.116986,-4.10862169e-04,2.13273825e-06,2.34461988e-08,3.28832308e-04,-8.08504529e-07,8.72721207e-09,6.35201483e-01,9.23271355e-02,2.03918263e-02,2.99676850e+00,7.35773345e-06,3.331e-16,4.441e-16
11.2800,35.393197,25.614118,17.521605,21.848114,1.639340,0.076236,1.846880,-1.371649,1.106066,-4.00991047e-04,3.83107128e-06,1.52924846e-08,3.24402798e-04,-2.01216155e-06,1.20440821e-08,6.35195357e-01,9.23239597e-02,2.04502594e-02,2.99672132e+00,7.35821214e-06,4.996e-16,2.220e-16
11.3000,35.432476,25.657621,17.506993,21.883724,1.639321,0.075560,1.846913,-1.314630,1.074155,-3.84605705e-04,3.37588739e-06,2.33107735e-09,3.15070728e-04,-1.91756312e-06,2.08075848e-08,6.35189770e-01,9.23209312e-02,2.05056885e-02,2.99667634e+00,7.35936224e-06,4.441e-16,8.882e-16
11.3200,35.471771,25.701109,17.492342,21.919313,1.639301,0.074885,1.846945,-1.229985,1.021899,-3.61972684e-04,1.05113932e-06,2.55078866e-08,3.00989427e-04,-5.90383362e-07,7.28903409e-09,6.35184202e-01,9.23179171e-02,2.05609434e-02,2.99663156e+00,7.36175582e-06,2.359e-16,4.441e-16
11.3400,35.511082,25.744581,17.477653,21.954882,1.639280,0.074208,1.846977,-1.123869,0.952889,-3.33456387e-04,-1.76441917e-06,1.10590777e-08,2.82387079e-04,1.18115840e-06,1.46181332e-08,6.35178377e-01,9.23148465e-02,2.06175304e-02,2.99658589e+00,7.36563014e-06,2.845e-16,4.441e-16
11.3600,35.550410,25.788039,17.462925,21.990431,1.639259,0.073531,1.847010,-1.003283,0.871592,-2.99513503e-04,-3.41488232e-06,5.39293166e-09,2.59562864e-04,2.35432107e-06,1.92922963e-08,6.35172524e-01,9.23117782e-02,2.06742009e-02,2.99654022e+00,7.37098684e-06,2.498e-16,1.776e-15
11.3800,35.589753,25.831481,17.448160,22.025960,1.639241,0.072855,1.847040,-0.873255,0.781512,-2.60686091e-04,-2.94108807e-06,2.61589337e-08,2.32881947e-04,2.24548962e-06,6.63604738e-09,6.35167423e-01,9.23089123e-02,2.07266860e-02,2.99649760e+00,7.37798583e-06,9.489e-16,5.551e-16
11.4000,35.629113,25.874909,17.433356,22.061469,1.639230,0.072180,1.847067,-0.735107,0.683976,-2.17593112e-04,-6.37979061e-07,7.22887330e-09,2.02769569e-04,9.28391508e-07,1.68328525e-08,6.35163908e-01,9.23064641e-02,2.07703914e-02,2.99646132e+00,7.38681976e-06,6.870e-16,4.441e-16
11.4200,35.668489,25.918321,17.418515,22.096957,1.639227,0.071508,1.847088,-0.586329,0.577847,-1.70920399e-04,2.12836594e-06,8.93075629e-09,1.69704388e-04,-8.15033781e-07,1.71342477e-08,6.35162496e-01,9.23045673e-02,2.08024585e-02,2.99643343e+00,7.39731562e-06,3.851e-16,1.332e-15
11.4400,35.707881,25.961719,17.403635,22.132425,1.639233,0.070838,1.847103,-0.423940,0.461421,-1.21409456e-04,3.73076577e-06,2.52503376e-08,1.34211025e-04,-1.95885862e-06,6.68487563e-09,6.35163207e-01,9.23032290e-02,2.08227340e-02,2.99641406e+00,7.40906330e-06,4.996e-16,2.220e-15
11.4600,35.747289,26.005101,17.388718,22.167872,1.639246,0.070169,1.847114,-0.247621,0.334460,-6.98453132e-05,3.23784284e-06,4.29999532e-09,9.68519322e-05,-1.83687776e-06,1.85709530e-08,6.35165498e-01,9.23023106e-02,2.08341748e-02,2.99640111e+00,7.42182107e-06,1.202e-15,4.441e-16
11.4800,35.786713,26.048469,17.373763,22.203299,1.639262,0.069499,1.847123,-0.060944,0.199116,-1.70438757e-05,9.55107302e-07,1.28582886e-08,5.82185542e-05,-5.30594379e-07,1.48460892e-08,6.35168697e-01,9.23016397e-02,2.08404593e-02,2.99639196e+00,7.43541210e-06,6.661e-16,1.776e-15
11.5000,35.826154,26.091823,17.358770,22.238704,1.639281,0.068830,1.847130,0.128584,0.060127,3.61608154e-05,-1.76407220e-06,2.33273627e-08,1.89218495e-05,1.18439663e-06,7.62600542e-09,6.35172453e-01,9.23011255e-02,2.08435216e-02,2.99638522e+00,7.44936326e-06,5.100e-16,8.882e-16
11.5200,35.865610,26.135161,17.343740,22.274089,1.639303,0.068160,1.847135,0.312590,-0.076905,8.89294520e-05,-3.32086419e-06,2.69677162e-09,-2.04175400e-05,2.29879620e-06,1.97765903e-08,6.35176851e-01,9.23007893e-02,2.08429082e-02,2.99638120e+00,7.46305542e-06,1.110e-16,1.776e-15
11.5400,35.905083,26.178485,17.328672,22.309453,1.639330,0.067490,1.847137,0.485416,-0.207811,1.40430368e-04,-2.81109909e-06,1.66183550e-08,-5.91792537e-05,2.16349062e-06,1.25845941e-08,6.35182458e-01,9.23007753e-02,2.08355361e-02,2.99638208e+00,7.47612781e-06,1.589e-15,8.882e-16
11.5600,35.944571,26.221795,17.313567,22.344796,1.639364,0.066823,1.847134,0.645231,-0.330747,1.89852437e-04,-5.50395852e-07,2.03449190e-08,-9.67530814e-05,8.67505314e-07,9.06578162e-09,6.35189960e-01,9.23012602e-02,2.08176441e-02,2.99639056e+00,7.48837867e-06,4.632e-16,1.776e-15
11.5800,35.984076,26.265090,17.298424,22.380118,1.639408,0.066158,1.847125,0.793901,-0.446281,2.36417997e-04,2.12066604e-06,2.17130191e-09,-1.32548455e-04,-8.19951535e-07,2.01202848e-08,6.35199656e-01,9.23023218e-02,2.07875810e-02,2.99640782e+00,7.49941918e-06,4.857e-16,4.441e-16
11.6000,36.023596,26.308370,17.283244,22.415418,1.639460,0.065494,1.847112,0.934467,-0.555993,2.79395426e-04,3.63127865e-06,1.96616842e-08,-1.66003546e-04,-1.90600913e-06,1.04964839e-08,6.35211358e-01,9.23039118e-02,2.07463937e-02,2.99643314e+00,7.50882111e-06,3.539e-16,9.992e-16
11.6200,36.063133,26.351637,17.268027,22.450697,1.639518,0.064831,1.847094,1.067428,-0.660145,3.18110930e-04,3.10396242e-06,1.68092249e-08,-1.96593942e-04,-1.75831443e-06,1.09179240e-08,6.35224405e-01,9.23058612e-02,2.06977006e-02,2.99646394e+00,7.51649552e-06,4.094e-16,8.882e-16
11.6400,36.102686,26.394889,17.252772,22.485955,1.639578,0.064168,1.847075,1.189663,-0.756792,3.51959313e-04,8.64046157e-07,3.03143421e-09,-2.23840776e-04,-4.73150635e-07,1.98551567e-08,6.35237954e-01,9.23079516e-02,2.06461545e-02,2.99649691e+00,7.52257352e-06,6.106e-16,8.882e-16
11.6600,36.142255,26.438128,17.237481,22.521191,1.639637,0.063503,1.847056,1.295034,-0.842005,3.80413296e-04,-1.76070740e-06,2.20423737e-08,-2.47318327e-04,1.18671261e-06,9.02623372e-09,6.35251499e-01,9.23100523e-02,2.05945388e-02,2.99653002e+00,7.52705235e-06,4.927e-16,7.772e-16
11.6800,36.181840,26.481352,17.222152,22.556406,1.639697,0.062838,1.847037,1.376613,-0.911116,4.03031384e-04,-3.22714264e-06,1.32927923e-08,-2.66660867e-04,2.24464742e-06,1.30496580e-08,6.35265024e-01,9.23121572e-02,2.05429780e-02,2.99656316e+00,7.52992117e-06,3.140e-16,8.882e-16
11.7000,36.221440,26.524562,17.206786,22.591598,1.639758,0.062173,1.847017,1.430426,-0.961067,4.19464416e-04,-2.68391712e-06,4.98402396e-09,-2.81568492e-04,2.08474713e-06,1.89493997e-08,6.35278900e-01,9.23143604e-02,2.04894676e-02,2.99659774e+00,7.53150015e-06,7.529e-16,5.551e-16
11.7200,36.261057,26.567757,17.191383,22.626770,1.639822,0.061509,1.846995,1.456843,-0.991495,4.29460783e-04,-4.65643280e-07,2.32365059e-08,-2.91811844e-04,8.10302586e-07,8.06174529e-09,6.35293663e-01,9.23167990e-02,2.04311021e-02,2.99663585e+00,7.53229317e-06,4.510e-16,1.776e-15
11.7400,36.300689,26.610939,17.175944,22.661919,1.639891,0.060846,1.846970,1.459614,-1.004317,4.32870374e-04,2.11279111e-06,9.85034644e-09,-2.97235550e-04,-8.22394458e-07,1.49891949e-08,6.35309511e-01,9.23195241e-02,2.03668095e-02,2.99667825e+00,7.53262376e-06,2.637e-16,4.441e-16
11.7600,36.340337,26.654106,17.160467,22.697047,1.639963,0.060184,1.846943,1.443864,-1.002595,4.29647200e-04,3.53554329e-06,7.60462009e-09,-2.97760376e-04,-1.85276884e-06,1.74540890e-08,6.35326107e-01,9.23224490e-02,2.02984408e-02,2.99672364e+00,7.53274268e-06,2.984e-16,3.109e-15
11.7800,36.380001,26.697260,17.144953,22.732152,1.640035,0.059522,1.846915,1.412614,-0.988382,4.19850279e-04,2.97688670e-06,2.33109132e-08,-2.93384233e-04,-1.68104795e-06,7.77551688e-09,6.35342744e-01,9.23253916e-02,2.02298607e-02,2.99676924e+00,7.53313802e-06,5.135e-16,2.665e-15
11.8000,36.419681,26.740399,17.129403,22.767236,1.640103,0.058858,1.846890,1.365085,-0.961453,4.03642730e-04,7.80321912e-07,7.16023327e-09,-2.84182065e-04,-4.17282849e-07,1.67693751e-08,6.35358566e-01,9.23281309e-02,2.01657444e-02,2.99681167e+00,7.53437547e-06,3.816e-16,8.882e-16
11.8200,36.459376,26.783524,17.113816,22.802298,1.640166,0.058193,1.846868,1.297935,-0.919876,3.81288973e-04,-1.75217770e-06,1.08898944e-08,-2.70304643e-04,1.18874689e-06,1.57885894e-08,6.35373018e-01,9.23305216e-02,2.01091495e-02,2.99684870e+00,7.53674320e-06,5.759e-16,1.776e-15
11.8400,36.499087,26.826634,17.098192,22.837338,1.640222,0.057526,1.846850,1.207303,-0.861198,3.53150064e-04,-3.13173779e-06,2.24726948e-08,-2.51976300e-04,2.19232595e-06,8.23867660e-09,6.35386102e-01,9.23325634e-02,2.00600678e-02,2.99688030e+00,7.54036381e-06,1.223e-15,4.441e-16
11.8600,36.538813,26.869730,17.082530,22.872356,1.640274,0.056858,1.846834,1.091881,-0.784357,3.19677553e-04,-2.55773092e-06,5.34715816e-09,-2.29491460e-04,2.00950373e-06,1.81073263e-08,6.35398196e-01,9.23343518e-02,2.00164639e-02,2.99690790e+00,7.54550028e-06,6.661e-16,2.665e-15
11.8800,36.578555,26.912812,17.066832,22.907353,1.640323,0.056190,1.846819,0.954860,-0.691075,2.81406133e-04,-3.82166077e-07,1.41378314e-08,-2.03209938e-04,7.56841646e-07,1.39162244e-08,6.35409803e-01,9.23360161e-02,1.99756052e-02,2.99693347e+00,7.55240890e-06,4.441e-16,1.332e-15
11.9000,36.618311,26.955879,17.051097,22.942327,1.640371,0.055523,1.846805,0.802577,-0.585244,2.38945178e-04,2.10592095e-06,2.05576760e-08,-1.73551127e-04,-8.22433796e-07,9.13646241e-09,6.35421186e-01,9.23376239e-02,1.99360562e-02,2.99695804e+00,7.56101623e-06,3.261e-16,1.332e-15
11.9200,36.658083,26.998931,17.035325,22.977280,1.640417,0.054857,1.846793,0.642202,-0.471561,1.92969384e-04,3.44426621e-06,4.41399665e-09,-1.40987105e-04,-1.79928501e-06,1.88067434e-08,6.35432068e-01,9.23391043e-02,1.98993165e-02,2.99698054e+00,7.57105537e-06,7.702e-16,6.661e-16
11.9400,36.697870,27.041969,17.019517,23.012210,1.640458,0.054189,1.846783,0.479014,-0.353809,1.44208375e-04,2.85680912e-06,1.71201877e-08,-1.06034975e-04,-1.60529004e-06,1.21526639e-08,6.35441815e-01,9.23402944e-02,1.98688156e-02,2.99699848e+00,7.58238427e-06,4.441e-16,1.332e-15
11.9600,36.737673,27.084991,17.003671,23.047119,1.640491,0.053519,1.846778,0.314273,-0.233375,9.34352298e-05,7.03668759e-07,1.81435368e-08,-6.92486215e-05,-3.63289919e-07,1.05669025e-08,6.35449745e-01,9.23410174e-02,1.98482676e-02,2.99700918e+00,7.59486264e-06,2.776e-16,8.882e-16
11.9800,36.777490,27.127999,16.987788,23.082006,1.640514,0.052847,1.846779,0.146372,-0.109720,4.14541257e-05,-1.73910546e-06,4.71111265e-09,-3.12100144e-05,1.19006469e-06,1.90442039e-08,6.35455428e-01,9.23411620e-02,1.98400120e-02,2.99701093e+00,7.60806564e-06,8.656e-16,8.882e-16
12.0000,36.817321,27.170991,16.971868,23.116871,1.640527,0.052173,1.846785,-0.026624,0.018126,-1.09127024e-05,-3.03554223e-06,1.96624267e-08,7.47982677e-06,2.14121519e-06,1.07554834e-08,6.35458998e-01,9.23407614e-02,1.98433446e-02,2.99700420e+00,7.62144356e-06,5.291e-16,1.332e-15
12.0200,36.857168,27.213968,16.955912,23.151714,1.640534,0.051498,1.846795,-0.204623,0.150057,-6.28383103e-05,-2.43366279e-06,1.53997786e-08,4.62101574e-05,1.93696260e-06,1.22379689e-08,6.35461008e-01,9.23399575e-02,1.98552740e-02,2.99699116e+00,7.63464605e-06,5.898e-16,1.332e-15
12.0400,36.897029,27.256929,16.939918,23.186536,1.640537,0.050824,1.846807,-0.383557,0.283550,-1.13504191e-04,-3.01350493e-07,5.82592510e-09,8.43701293e-05,7.06185267e-07,1.86016018e-08,6.35462069e-01,9.23389084e-02,1.98724688e-02,2.99697422e+00,7.64741087e-06,9.784e-16,1.776e-15
12.0600,36.936904,27.299875,16.923887,23.221336,1.640536,0.050150,1.846821,-0.556343,0.414026,-1.62113066e-04,2.09832810e-06,2.12153589e-08,1.21358504e-04,-8.21080748e-07,9.64202366e-09,6.35462586e-01,9.23377188e-02,1.98927231e-02,2.99695497e+00,7.65929644e-06,3.192e-16,1.332e-15
12.0800,36.976794,27.342805,16.907819,23.256114,1.640533,0.049476,1.846837,-0.715780,0.536566,-2.07901139e-04,3.35533188e-06,1.25145377e-08,1.56593284e-04,-1.74657475e-06,1.38802969e-08,6.35462477e-01,9.23363690e-02,1.99164552e-02,2.99693314e+00,7.66984338e-06,3.469e-16,4.885e-15
12.1000,37.016698,27.385719,16.891714,23.290870,1.640525,0.048801,1.846855,-0.856871,0.647425,-2.50149754e-04,2.74123840e-06,7.70517801e-09,1.89521041e-04,-1.53203665e-06,1.76718396e-08,6.35461261e-01,9.23347358e-02,1.99462674e-02,2.99690687e+00,7.67888129e-06,3.331e-16,3.553e-15
12.1200,37.056616,27.428617,16.875571,23.325605,1.640510,0.048125,1.846877,-0.978591,0.745269,-2.88196578e-04,6.31308126e-07,2.19685816e-08,2.19625629e-04,-3.12162359e-07,9.13001319e-09,6.35458457e-01,9.23326952e-02,1.99847854e-02,2.99687426e+00,7.68640490e-06,3.678e-16,1.776e-15
12.1400,37.096549,27.471500,16.859392,23.360318,1.640487,0.047447,1.846904,-1.083312,0.831047,-3.21446111e-04,-1.72441309e-06,1.01000435e-08,2.46436177e-04,1.18964769e-06,1.55211318e-08,6.35453848e-01,9.23301913e-02,2.00332003e-02,2.99683447e+00,7.69230162e-06,4.788e-16,8.882e-16
12.1600,37.136495,27.514366,16.843176,23.395010,1.640457,0.046768,1.846935,-1.173836,0.906264,-3.49379279e-04,-2.94150078e-06,1.02155321e-08,2.69534308e-04,2.09023592e-06,1.64537734e-08,6.35447700e-01,9.23272922e-02,2.00900861e-02,2.99678854e+00,7.69649322e-06,4.528e-16,5.551e-16
12.1800,37.176456,27.557215,16.826922,23.429679,1.640423,0.046089,1.846968,-1.251085,0.971468,-3.71561866e-04,-2.31461657e-06,2.17663266e-08,2.88560496e-04,1.86598773e-06,9.13035200e-09,6.35440723e-01,9.23241813e-02,2.01515774e-02,2.99673924e+00,7.69920751e-06,6.280e-16,2.665e-15
12.2000,37.216430,27.600049,16.810631,23.464328,1.640389,0.045410,1.847001,-1.312726,1.025260,-3.87651373e-04,-2.26060009e-07,8.09051770e-09,3.03219632e-04,6.57191686e-07,1.67676546e-08,6.35433661e-01,9.23210514e-02,2.02135994e-02,2.99668953e+00,7.70082867e-06,2.984e-16,3.109e-15
12.2200,37.256418,27.642866,16.794303,23.498954,1.640356,0.044733,1.847033,-1.353588,1.064365,-3.97402146e-04,2.08713789e-06,1.27540670e-08,3.13285703e-04,-8.19415741e-07,1.48961391e-08,6.35426991e-01,9.23180267e-02,2.02735208e-02,2.99664131e+00,7.70161127e-06,4.163e-16,2.665e-15
12.2400,37.296420,27.685667,16.777938,23.533559,1.640325,0.044057,1.847064,-1.368624,1.085341,-4.00668864e-04,3.26582299e-06,2.05729949e-08,3.18605420e-04,-1.69559424e-06,9.54292987e-09,6.35420761e-01,9.23151215e-02,2.03310348e-02,2.99659483e+00,7.70179944e-06,5.690e-16,4.441e-16
12.2600,37.336435,27.728451,16.761536,23.568142,1.640294,0.043380,1.847095,-1.355459,1.086256,-3.97408381e-04,2.62724799e-06,6.79816611e-09,3.19100700e-04,-1.46209020e-06,1.76147334e-08,6.35414600e-01,9.23122412e-02,2.03881524e-02,2.99654866e+00,7.70186767e-06,2.845e-16,5.551e-16
12.2800,37.376465,27.771219,16.745098,23.602703,1.640261,0.042704,1.847126,-1.315464,1.067509,-3.87680147e-04,5.60396867e-07,1.53329808e-08,3.14769846e-04,-2.64569294e-07,1.33995288e-08,6.35408096e-01,9.23092798e-02,2.04471217e-02,2.99650121e+00,7.70235534e-06,6.106e-16,4.441e-16
12.3000,37.416508,27.813970,16.728622,23.637243,1.640226,0.042026,1.847158,-1.253424,1.031806,-3.71645306e-04,-1.71072289e-06,1.88625402e-08,3.05687370e-04,1.18692028e-06,1.04911943e-08,6.35401138e-01,9.23062089e-02,2.05085503e-02,2.99645204e+00,7.70358192e-06,3.886e-16,2.665e-15
12.3200,37.456564,27.856705,16.712109,23.671760,1.640191,0.041348,1.847191,-1.174780,0.982575,-3.49564307e-04,-2.85189545e-06,6.42615578e-09,2.92002567e-04,2.03887257e-06,1.80590963e-08,6.35394023e-01,9.23031053e-02,2.05708109e-02,2.99640231e+00,7.70576270e-06,1.244e-15,9.992e-16
12.3400,37.496634,27.899423,16.695559,23.706256,1.640157,0.040670,1.847222,-1.082842,0.922164,-3.21792952e-04,-2.20248739e-06,1.75459212e-08,2.73936928e-04,1.79611676e-06,1.20151676e-08,6.35387443e-01,9.23001476e-02,2.06301019e-02,2.99635474e+00,7.70924115e-06,3.678e-16,4.441e-16
12.3600,37.536718,27.942125,16.678972,23.740730,1.640129,0.039994,1.847250,-0.977901,0.851108,-2.88776813e-04,-1.57822068e-07,1.65656100e-08,2.51780511e-04,6.09490836e-07,1.16288200e-08,6.35382143e-01,9.22975290e-02,2.06823080e-02,2.99631229e+00,7.71433163e-06,9.021e-16,4.441e-16
12.3800,37.576815,27.984811,16.662349,23.775181,1.640108,0.039321,1.847274,-0.857633,0.768229,-2.51043917e-04,2.07112628e-06,6.67739011e-09,2.25887392e-04,-8.17658903e-07,1.78878357e-08,6.35378530e-01,9.22953565e-02,2.07251434e-02,2.99627660e+00,7.72105915e-06,1.207e-15,3.997e-15
12.4000,37.616925,28.027480,16.645689,23.809611,1.640094,0.038648,1.847293,-0.719533,0.672013,-2.09196022e-04,3.17475943e-06,1.90714483e-08,1.96670170e-04,-1.64637049e-06,1.08249087e-08,6.35376590e-01,9.22936270e-02,2.07586674e-02,2.99624765e+00,7.72929394e-06,3.582e-16,2.665e-15
12.4200,37.657050,28.070133,16.628992,23.844018,1.640085,0.037977,1.847308,-0.563826,0.562481,-1.63898758e-04,2.51410591e-06,1.40935377e-08,1.64593509e-04,-1.39527047e-06,1.29272037e-08,6.35375921e-01,9.22922376e-02,2.07850688e-02,2.99622388e+00,7.73899567e-06,4.389e-16,3.109e-15
12.4400,37.697187,28.112770,16.612259,23.878403,1.640079,0.037305,1.847322,-0.394253,0.441862,-1.15870911e-04,4.90513850e-07,7.76841935e-09,1.30166804e-04,-2.20155985e-07,1.73663156e-08,6.35376017e-01,9.22910587e-02,2.08071128e-02,2.99620332e+00,7.75008033e-06,3.123e-16,4.441e-16
12.4600,37.737339,28.155391,16.595490,23.912766,1.640076,0.036633,1.847334,-0.217383,0.314321,-6.58731585e-05,-1.69805480e-06,2.00628931e-08,9.39359854e-05,1.18235273e-06,1.01312784e-08,6.35376683e-01,9.22900384e-02,2.08258972e-02,2.99618518e+00,7.76219488e-06,5.898e-16,8.882e-16
12.4800,37.777503,28.197996,16.578684,23.947106,1.640076,0.035962,1.847343,-0.040384,0.184672,-1.46963281e-05,-2.76626792e-06,1.18276132e-08,5.64747000e-05,1.98766457e-06,1.42937565e-08,6.35378120e-01,9.22892289e-02,2.08403063e-02,2.99617026e+00,7.77487557e-06,5.829e-16,1.332e-15
12.5000,37.817682,28.240584,16.561841,23.981424,1.640081,0.035291,1.847350,0.132001,0.056463,3.68508665e-05,-2.09633490e-06,9.40332838e-09,1.83751121e-05,1.72793829e-06,1.64677802e-08,6.35380845e-01,9.22887633e-02,2.08475036e-02,2.99616055e+00,7.78780312e-06,2.637e-16,3.997e-15
12.5200,37.857873,28.283157,16.544962,24.015719,1.640095,0.034622,1.847351,0.298416,-0.068837,8.79544806e-05,-9.52835104e-08,2.01708170e-08,-1.97614979e-05,5.63738194e-07,9.77313549e-09,6.35385441e-01,9.22887925e-02,2.08442675e-02,2.99615837e+00,7.80068697e-06,6.800e-16,1.332e-15
12.5400,37.898079,28.325714,16.528048,24.049991,1.640117,0.033955,1.847347,0.460030,-0.191457,1.37808321e-04,2.05195547e-06,9.73461026e-09,-5.73341296e-05,-8.15044851e-07,1.53956557e-08,6.35392158e-01,9.22893818e-02,2.08292138e-02,2.99616471e+00,7.81306237e-06,4.337e-16,1.776e-15
12.5600,37.938297,28.368255,16.511097,24.084241,1.640147,0.033289,1.847338,0.618567,-0.312201,1.85626972e-04,3.08401160e-06,1.12763894e-08,-9.37513625e-05,-1.59800145e-06,1.52602835e-08,6.35400783e-01,9.22904766e-02,2.08035176e-02,2.99617875e+00,7.82445545e-06,9.524e-16,9.992e-16
12.5800,37.978530,28.410781,16.494110,24.118467,1.640183,0.032625,1.847325,0.773485,-0.430667,2.30658412e-04,2.40384742e-06,1.95706969e-08,-1.28440553e-04,-1.33054460e-06,9.87461489e-09,6.35410774e-01,9.22919371e-02,2.07701669e-02,2.99619838e+00,7.83462936e-06,3.678e-16,1.776e-15
12.6000,38.018776,28.453291,16.477087,24.152671,1.640221,0.031959,1.847310,0.920901,-0.544390,2.72195942e-04,4.23882496e-07,8.30800719e-09,-1.60856805e-04,-1.77800775e-07,1.63345920e-08,6.35421489e-01,9.22935965e-02,2.07327224e-02,2.99622105e+00,7.84346338e-06,1.995e-16,6.661e-16
12.6200,38.059035,28.495785,16.460028,24.186851,1.640262,0.031294,1.847294,1.054764,-0.649403,3.09589160e-04,-1.68395140e-06,1.34352326e-08,-1.90491615e-04,1.17708515e-06,1.40728724e-08,6.35432552e-01,9.22953569e-02,2.06932649e-02,2.99624526e+00,7.85074846e-06,1.935e-15,4.441e-16
12.6400,38.099308,28.538265,16.442934,24.221008,1.640304,0.030628,1.847277,1.168844,-0.741411,3.42253834e-04,-2.68189618e-06,1.84693612e-08,-2.16881016e-04,1.93771255e-06,1.04469385e-08,6.35444030e-01,9.22972344e-02,2.06514528e-02,2.99627122e+00,7.85633555e-06,8.379e-16,1.221e-15
12.6600,38.139595,28.580728,16.425803,24.255143,1.640349,0.029962,1.847258,1.259407,-0.817481,3.69680779e-04,-1.99320035e-06,7.53421447e-09,-2.39612958e-04,1.66248972e-06,1.69147483e-08,6.35456267e-01,9.22993170e-02,2.06054123e-02,2.99630027e+00,7.86035192e-06,4.814e-16,8.882e-16
12.6800,38.179895,28.623176,16.408637,24.289253,1.640399,0.029298,1.847235,1.326541,-0.877061,3.91443714e-04,-3.53521224e-08,1.53600044e-08,-2.58333761e-04,5.20916783e-07,1.28331701e-08,6.35469656e-01,9.23017061e-02,2.05529979e-02,2.99633395e+00,7.86305768e-06,1.013e-15,6.661e-16
12.7000,38.220208,28.665609,16.391436,24.323341,1.640454,0.028635,1.847210,1.372947,-0.921414,4.07205987e-04,2.03272025e-06,1.67650963e-08,-2.72753540e-04,-8.10610145e-07,1.12246716e-08,6.35484316e-01,9.23044325e-02,2.04935676e-02,2.99637271e+00,7.86462653e-06,9.090e-16,2.665e-15
12.7200,38.260535,28.708027,16.374198,24.357405,1.640513,0.027972,1.847182,1.401907,-0.952426,4.16726086e-04,2.99656240e-06,7.36888278e-09,-2.82650521e-04,-1.54951752e-06,1.70498874e-08,6.35499896e-01,9.23074051e-02,2.04290675e-02,2.99641518e+00,7.86526955e-06,4.580e-16,9.992e-16
12.7400,38.300875,28.750429,16.356925,24.391446,1.640572,0.027310,1.847153,1.414927,-0.971101,4.19861593e-04,2.29928114e-06,1.69901072e-08,-2.87874335e-04,-1.26694744e-06,1.17847852e-08,6.35515743e-01,9.23104550e-02,2.03630903e-02,2.99645879e+00,7.86542016e-06,1.291e-15,1.776e-15
12.7600,38.341228,28.792816,16.339617,24.425463,1.640630,0.026646,1.847126,1.410332,-0.976536,4.16571370e-04,3.63147537e-07,1.49520853e-08,-2.88348284e-04,-1.36584096e-07,1.23085520e-08,6.35531168e-01,9.23134027e-02,2.02994365e-02,2.99650079e+00,7.86557209e-06,2.845e-16,4.441e-16
12.7800,38.381595,28.835188,16.322273,24.459456,1.640684,0.025981,1.847100,1.384467,-0.966459,4.06915974e-04,-1.66589004e-06,8.04393086e-09,-2.84070540e-04,1.17192929e-06,1.69251353e-08,6.35545723e-01,9.23161313e-02,2.02405692e-02,2.99653939e+00,7.86605426e-06,6.245e-16,1.776e-15
12.8000,38.421975,28.877544,16.304894,24.493426,1.640734,0.025315,1.847077,1.333916,-0.938563,3.91056279e-04,-2.59635712e-06,1.82561405e-08,-2.75114245e-04,1.88966607e-06,1.10729948e-08,6.35559419e-01,9.23186423e-02,2.01864456e-02,2.99657458e+00,7.86714440e-06,5.759e-16,2.220e-15
12.8200,38.462369,28.919885,16.287479,24.527373,1.640782,0.024648,1.847055,1.257621,-0.891872,3.69250536e-04,-1.89078439e-06,1.31053980e-08,-2.61626391e-04,1.60024394e-06,1.34559736e-08,6.35572578e-01,9.23210178e-02,2.01353198e-02,2.99660761e+00,7.86924146e-06,7.494e-16,4.441e-16
12.8400,38.502775,28.962210,16.270028,24.561296,1.640828,0.023982,1.847034,1.158276,-0.827754,3.41850116e-04,2.40595585e-08,9.16867026e-09,-2.43825420e-04,4.81342885e-07,1.63760475e-08,6.35585539e-01,9.23233451e-02,2.00853418e-02,2.99663978e+00,7.87270676e-06,3.816e-16,2.665e-15
12.8600,38.543194,29.004519,16.252542,24.595195,1.640874,0.023316,1.847012,1.041248,-0.749457,3.09293968e-04,2.01517897e-06,1.88010814e-08,-2.21997606e-04,-8.04154606e-07,1.05853522e-08,6.35598413e-01,9.23256535e-02,2.00358933e-02,2.99667155e+00,7.87765588e-06,2.845e-16,8.882e-16
12.8800,38.583627,29.046813,16.235021,24.629071,1.640918,0.022650,1.846992,0.912156,-0.660661,2.72101860e-04,2.91375367e-06,1.13460341e-08,-1.96492308e-04,-1.50079655e-06,1.44972413e-08,6.35610893e-01,9.23278630e-02,1.99886607e-02,2.99670170e+00,7.88408517e-06,3.400e-16,1.776e-15
12.9000,38.624072,29.089091,16.217464,24.662923,1.640958,0.021984,1.846975,0.774846,-0.564156,2.30866344e-04,2.20130003e-06,1.07232537e-08,-1.67716251e-04,-1.20443158e-06,1.55948696e-08,6.35622365e-01,9.23298146e-02,1.99469915e-02,2.99672781e+00,7.89205360e-06,1.062e-15,2.220e-15
12.9200,38.664530,29.131353,16.199872,24.696752,1.640990,0.021315,1.846961,0.630085,-0.460890,1.86243386e-04,3.08789079e-07,1.88749680e-08,-1.36127036e-04,-9.65630479e-08,1.05508427e-08,6.35632238e-01,9.23313548e-02,1.99141129e-02,2.99674754e+00,7.90154619e-06,3.469e-16,6.661e-16
12.9400,38.705001,29.173600,16.182244,24.730557,1.641014,0.020645,1.846953,0.476395,-0.350283,1.38941795e-04,-1.64372611e-06,1.00976880e-08,-1.02225955e-04,1.16668088e-06,1.54897459e-08,6.35640182e-01,9.23323968e-02,1.98918385e-02,2.99675956e+00,7.91229777e-06,1.244e-15,1.332e-15
12.9600,38.745485,29.215830,16.164580,24.764339,1.641030,0.019973,1.846949,0.312526,-0.231694,8.97117154e-05,-2.50978380e-06,1.25890056e-08,-6.65501740e-05,1.84313742e-06,1.47185066e-08,6.35646292e-01,9.23329651e-02,1.98796480e-02,2.99676423e+00,7.92394259e-06,5.551e-16,4.441e-16
12.9800,38.785981,29.258044,16.146881,24.798097,1.641039,0.019300,1.846949,0.139400,-0.105698,3.93324706e-05,-1.78948694e-06,1.83689403e-08,-2.96643505e-05,1.54062993e-06,1.08361563e-08,6.35651016e-01,9.23331743e-02,1.98751163e-02,2.99676326e+00,7.93621090e-06,6.679e-16,1.332e-15
13.0000,38.826489,29.300241,16.129146,24.831832,1.641045,0.018627,1.846951,-0.038875,0.025142,-1.13998409e-05,8.22438817e-08,9.20156704e-09,7.84829158e-06,4.44301668e-07,1.61395716e-08,6.35654809e-01,9.23331430e-02,1.98757473e-02,2.99675848e+00,7.94881396e-06,4.892e-16,1.776e-15
13.0200,38.867010,29.342422,16.111376,24.865543,1.641046,0.017955,1.846955,-0.215735,0.156563,-6.16847760e-05,1.99824479e-06,1.43083094e-08,4.53952812e-05,-7.96482327e-07,1.36860530e-08,6.35657894e-01,9.23329294e-02,1.98803142e-02,2.99675076e+00,7.96129271e-06,5.621e-16,7.772e-16
13.0400,38.907543,29.384587,16.093570,24.899231,1.641044,0.017282,1.846961,-0.384742,0.284112,-1.10729933e-04,2.83407665e-06,1.72995310e-08,8.23843865e-05,-1.45268147e-06,1.13520901e-08,6.35660132e-01,9.23324982e-02,1.98895624e-02,2.99673959e+00,7.97317831e-06,4.441e-16,9.992e-16
13.0600,38.948088,29.426735,16.075729,24.932895,1.641037,0.016608,1.846970,-0.541678,0.404553,-1.57763184e-04,2.10799266e-06,8.85976035e-09,1.18233077e-04,-1.14385816e-06,1.65041941e-08,6.35661079e-01,9.23317347e-02,1.99059108e-02,2.99672323e+00,7.98418710e-06,4.510e-16,8.882e-16
13.0800,38.988645,29.468866,16.057851,24.966536,1.641021,0.015933,1.846984,-0.685431,0.516559,-2.02044753e-04,2.58570423e-07,1.59586999e-08,1.52377711e-04,-5.86339574e-08,1.28033393e-08,6.35660314e-01,9.23305298e-02,1.99316606e-02,2.99670003e+00,7.99410723e-06,1.568e-15,8.882e-16
13.1000,39.029215,29.510980,16.039938,25.000154,1.640998,0.015256,1.847003,-0.817429,0.620532,-2.42879007e-04,-1.61990534e-06,1.60454011e-08,1.84282295e-04,1.16037931e-06,1.21829766e-08,6.35657711e-01,9.23288503e-02,1.99675242e-02,2.99666946e+00,8.00265004e-06,2.706e-16,2.665e-15
13.1200,39.069796,29.553077,16.021990,25.033749,1.640968,0.014578,1.847025,-0.939237,0.717211,-2.79625621e-04,-2.42473121e-06,9.14020439e-09,2.13446761e-04,1.79708193e-06,1.65951742e-08,6.35653524e-01,9.23267621e-02,2.00121190e-02,2.99663254e+00,8.00959859e-06,8.622e-16,1.776e-15
13.1400,39.110389,29.595156,16.004005,25.067320,1.640933,0.013900,1.847051,-1.050407,0.806251,-3.11709856e-04,-1.69192836e-06,1.72333550e-08,2.39414699e-04,1.48252778e-06,1.20470849e-08,6.35648341e-01,9.23244177e-02,2.00622395e-02,2.99659158e+00,8.01497914e-06,6.731e-16,1.776e-15
13.1600,39.150994,29.637219,15.985985,25.100868,1.640896,0.013222,1.847077,-1.147834,0.885677,-3.38631624e-04,1.36509306e-07,1.44981840e-08,2.61780470e-04,4.08645898e-07,1.30338916e-08,6.35642774e-01,9.23219764e-02,2.01145238e-02,2.99654900e+00,8.01892940e-06,7.095e-16,1.554e-15
13.1800,39.191610,29.679264,15.967929,25.134392,1.640859,0.012545,1.847103,-1.226407,0.952143,-3.59973129e-04,1.97912029e-06,9.74499887e-09,2.80195648e-04,-7.88705486e-07,1.62662131e-08,6.35637161e-01,9.23195273e-02,2.01670950e-02,2.99650617e+00,8.02153508e-06,6.731e-16,3.553e-15
13.2000,39.232238,29.721292,15.949838,25.167894,1.640821,0.011868,1.847129,-1.281297,1.002263,-3.75405095e-04,2.75461116e-06,1.79506250e-08,2.94374582e-04,-1.40619877e-06,1.14573952e-08,6.35631494e-01,9.23170693e-02,2.02199757e-02,2.99646312e+00,8.02295367e-06,1.363e-15,8.882e-16
13.2200,39.272878,29.763303,15.931711,25.201372,1.640781,0.011192,1.847156,-1.310279,1.034137,-3.84691629e-04,2.01636000e-06,1.29716532e-08,3.04098922e-04,-1.08614455e-06,1.39177493e-08,6.35625481e-01,9.23145271e-02,2.02747642e-02,2.99641869e+00,8.02355503e-06,2.776e-16,8.882e-16
13.2400,39.313530,29.805296,15.913548,25.234826,1.640739,0.010514,1.847185,-1.314336,1.047899,-3.87693737e-04,2.09509753e-07,1.08349561e-08,3.09221002e-04,-2.36193507e-08,1.57597796e-08,6.35618809e-01,9.23118203e-02,2.03331705e-02,2.99637169e+00,8.02376946e-06,5.542e-16,1.221e-15
13.2600,39.354192,29.847271,15.895350,25.268257,1.640693,0.009836,1.847215,-1.296932,1.045407,-3.84371543e-04,-1.59727101e-06,1.82869941e-08,3.09665981e-04,1.15226484e-06,1.12348621e-08,6.35611460e-01,9.23089444e-02,2.03952966e-02,2.99632203e+00,8.02391323e-06,5.967e-16,1.332e-15
13.2800,39.394867,29.889229,15.877116,25.301665,1.640646,0.009157,1.847246,-1.261942,1.029047,-3.74785064e-04,-2.34379858e-06,1.16891238e-08,3.05432787e-04,1.75078275e-06,1.47658074e-08,6.35603778e-01,9.23059883e-02,2.04592603e-02,2.99627108e+00,8.02429664e-06,3.678e-16,2.665e-15
13.3000,39.435552,29.931170,15.858846,25.335050,1.640600,0.008479,1.847277,-1.211289,1.000201,-3.59093341e-04,-1.60042081e-06,1.21288252e-08,2.96593947e-04,1.42526896e-06,1.50340012e-08,6.35596373e-01,9.23031108e-02,2.05216936e-02,2.99622124e+00,8.02534836e-06,5.759e-16,5.551e-16
13.3200,39.476249,29.973093,15.840541,25.368411,1.640558,0.007802,1.847304,-1.144327,0.958687,-3.37551889e-04,1.84816714e-07,1.79834100e-08,2.83294334e-04,3.73793050e-07,1.12003116e-08,6.35589880e-01,9.23004777e-02,2.05790669e-02,2.99617506e+00,8.02746122e-06,7.494e-16,1.776e-15
13.3400,39.516958,30.014998,15.822200,25.401748,1.640521,0.007127,1.847329,-1.058720,0.903164,-3.10508398e-04,1.95599942e-06,1.05566894e-08,2.65748885e-04,-7.81266277e-07,1.53432925e-08,6.35584642e-01,9.22981792e-02,2.06294599e-02,2.99613391e+00,8.03082721e-06,7.286e-16,4.441e-16
13.3600,39.557678,30.056887,15.803825,25.435062,1.640489,0.006453,1.847350,-0.952335,0.832243,-2.78396860e-04,2.67375399e-06,1.34148808e-08,2.44239276e-04,-1.36161234e-06,1.41536546e-08,6.35580624e-01,9.22962070e-02,2.06730443e-02,2.99609769e+00,8.03555223e-06,3.227e-16,1.332e-15
13.3800,39.598409,30.098757,15.785413,25.468353,1.640460,0.005780,1.847369,-0.825544,0.745965,-2.41730411e-04,1.92502268e-06,1.72446089e-08,2.19109492e-04,-1.03136771e-06,1.14519800e-08,6.35577529e-01,9.22944845e-02,2.07114441e-02,2.99606526e+00,8.04178668e-06,4.536e-16,9.992e-16
13.4000,39.639152,30.140611,15.766967,25.501619,1.640435,0.005106,1.847386,-0.681895,0.646397,-2.01093063e-04,1.60524952e-07,9.92949684e-09,1.90760337e-04,8.56571357e-09,1.57819792e-08,6.35575013e-01,9.22929232e-02,2.07465410e-02,2.99603527e+00,8.04959044e-06,5.204e-16,5.551e-16
13.4200,39.679906,30.182447,15.748485,25.534862,1.640411,0.004433,1.847402,-0.527030,0.537109,-1.57130532e-04,-1.57652067e-06,1.47663505e-08,1.59642959e-04,1.14253808e-06,1.33654316e-08,6.35572993e-01,9.22915007e-02,2.07788081e-02,2.99600739e+00,8.05879556e-06,7.407e-16,4.441e-16
13.4400,39.720671,30.224266,15.729969,25.568081,1.640390,0.003759,1.847415,-0.366818,0.422056,-1.10540248e-04,-2.26723295e-06,1.62342829e-08,1.26251523e-04,1.70452162e-06,1.19694405e-08,6.35571742e-01,9.22902882e-02,2.08067270e-02,2.99598268e+00,8.06914217e-06,1.242e-15,8.882e-16
13.4600,39.761448,30.266068,15.711417,25.601276,1.640375,0.003087,1.847425,-0.205120,0.304150,-6.20604860e-05,-1.51475190e-06,9.71267191e-09,9.11152766e-05,1.36920866e-06,1.59375506e-08,6.35571751e-01,9.22894130e-02,2.08275791e-02,2.99596308e+00,8.08042549e-06,3.469e-16,2.220e-16
13.4800,39.802236,30.307853,15.692830,25.634447,1.640367,0.002417,1.847431,-0.042933,0.184541,-1.24587216e-05,2.27781517e-07,1.57957398e-08,5.47901581e-05,3.40191381e-07,1.25746523e-08,6.35573510e-01,9.22890027e-02,2.08386426e-02,2.99595053e+00,8.09238449e-06,4.927e-16,1.776e-15
13.5000,39.843035,30.349620,15.674208,25.667594,1.640367,0.001748,1.847431,0.120511,0.063147,3.74806374e-05,1.92981984e-06,1.48745831e-08,1.78500787e-05,-7.73587030e-07,1.25420728e-08,6.35577231e-01,9.22891133e-02,2.08387261e-02,2.99594590e+00,8.10459110e-06,5.508e-16,1.776e-15
13.5200,39.883846,30.391371,15.655552,25.700717,1.640375,0.001081,1.847427,0.285934,-0.060273,8.69689163e-05,2.59269707e-06,9.85358172e-09,-1.91219996e-05,-1.31819233e-06,1.57898304e-08,6.35582725e-01,9.22896959e-02,2.08288800e-02,2.99594845e+00,8.11660088e-06,7.407e-16,3.553e-15
13.5400,39.924669,30.433105,15.636861,25.733816,1.640388,0.000414,1.847419,0.452037,-0.184846,1.35225831e-04,1.83540264e-06,1.65467975e-08,-5.55431721e-05,-9.78656130e-07,1.19735865e-08,6.35589548e-01,9.22906354e-02,2.08115578e-02,2.99595645e+00,8.12810511e-06,4.788e-16,8.882e-16
13.5600,39.965503,30.474823,15.618135,25.766890,1.640405,-0.000253,1.847408,0.614630,-0.307889,1.81491830e-04,1.13296535e-07,1.35733672e-08,-9.08397820e-05,3.88953888e-08,1.32773180e-08,6.35597234e-01,9.22918103e-02,2.07893553e-02,2.99596804e+00,8.13882749e-06,4.372e-16,2.220e-16
13.5800,40.006348,30.516524,15.599375,25.799940,1.640425,-0.000920,1.847396,0.767833,-0.425493,2.25039929e-04,-1.55567113e-06,1.05186291e-08,-1.24456536e-04,1.13221845e-06,1.55104958e-08,6.35605537e-01,9.22931557e-02,2.07636531e-02,2.99598222e+00,8.14842016e-06,8.674e-16,3.109e-15
13.6000,40.047205,30.558208,15.580580,25.832965,1.640448,-0.001587,1.847382,0.906048,-0.533718,2.65186884e-04,-2.19272994e-06,1.70084389e-08,-1.55865375e-04,1.65931449e-06,1.16357938e-08,6.35614568e-01,9.22947001e-02,2.07338404e-02,2.99599942e+00,8.15660743e-06,8.622e-16,3.553e-15
13.6200,40.088073,30.599876,15.561751,25.865966,1.640475,-0.002253,1.847365,1.025834,-0.629820,3.01303699e-04,-1.43232872e-06,1.23389567e-08,-1.84573866e-04,1.31534291e-06,1.39807027e-08,6.35624657e-01,9.22965287e-02,2.06981111e-02,2.99602091e+00,8.16332091e-06,3.721e-16,1.332e-15
13.6400,40.128952,30.641527,15.542887,25.898942,1.640507,-0.002918,1.847345,1.126877,-0.713011,3.32825452e-04,2.68194166e-07,1.13730081e-08,-2.10132913e-04,3.08826854e-07,1.49697970e-08,6.35636103e-01,9.22987188e-02,2.06548247e-02,2.99604787e+00,8.16858255e-06,6.384e-16,1.332e-15
13.6600,40.169843,30.683162,15.523989,25.931894,1.640546,-0.003582,1.847321,1.210926,-0.783967,3.59260247e-04,1.90345381e-06,1.69558896e-08,-2.32143703e-04,-7.64667471e-07,1.14493951e-08,6.35648957e-01,9.23012842e-02,2.06037023e-02,2.99608051e+00,8.17238783e-06,7.147e-16,8.882e-16
13.6800,40.210746,30.724781,15.505057,25.964820,1.640589,-0.004245,1.847294,1.279780,-0.843625,3.80197134e-04,2.51430105e-06,1.12577408e-08,-2.50263797e-04,-1.27490787e-06,1.45615359e-08,6.35662893e-01,9.23041396e-02,2.05465704e-02,2.99611753e+00,8.17482618e-06,6.800e-16,3.109e-15
13.7000,40.251659,30.766383,15.486091,25.997722,1.640634,-0.004908,1.847265,1.333590,-0.892068,3.95312699e-04,1.75030019e-06,1.24471548e-08,-2.64212360e-04,-9.26963661e-07,1.43491227e-08,6.35677330e-01,9.23071341e-02,2.04866420e-02,2.99615665e+00,8.17618736e-06,7.876e-16,8.882e-16
13.7200,40.292585,30.807969,15.467091,26.030599,1.640679,-0.005572,1.847237,1.370007,-0.927851,4.04376091e-04,7.05685649e-08,1.66607059e-08,-2.73774519e-04,6.83875828e-08,1.15920577e-08,6.35691709e-01,9.23101210e-02,2.04270248e-02,2.99619562e+00,8.17682362e-06,4.710e-16,1.332e-15
13.7400,40.333521,30.849539,15.448056,26.063451,1.640721,-0.006237,1.847209,1.385163,-0.948454,4.07252411e-04,-1.53200638e-06,1.06318958e-08,-2.78804756e-04,1.12224102e-06,1.50949049e-08,6.35705695e-01,9.23130122e-02,2.03695834e-02,2.99623309e+00,8.17701800e-06,1.011e-15,8.882e-16
13.7600,40.374469,30.891093,15.428988,26.096279,1.640762,-0.006902,1.847183,1.375813,-0.951570,4.03904492e-04,-2.11759764e-06,1.36566445e-08,-2.79229242e-04,1.61596752e-06,1.37366531e-08,6.35719298e-01,9.23158099e-02,2.03142615e-02,2.99626906e+00,8.17708497e-06,9.836e-16,1.332e-15
13.7800,40.415428,30.932630,15.409885,26.129081,1.640803,-0.007568,1.847157,1.340993,-0.936214,3.94393137e-04,-1.35052430e-06,1.60415204e-08,-2.75047014e-04,1.26433465e-06,1.19221670e-08,6.35732779e-01,9.23185808e-02,2.02596434e-02,2.99630454e+00,8.17745722e-06,6.774e-16,3.109e-15
13.8000,40.456399,30.974151,15.390748,26.161858,1.640843,-0.008233,1.847130,1.282774,-0.903331,3.78876014e-04,3.08528568e-07,1.02752524e-08,-2.66329892e-04,2.80236747e-07,1.53625008e-08,6.35746365e-01,9.23213840e-02,2.02044784e-02,2.99634042e+00,8.17854082e-06,8.292e-16,2.665e-15
13.8200,40.497380,31.015656,15.371578,26.194610,1.640884,-0.008898,1.847104,1.205393,-0.855416,3.57605178e-04,1.87911265e-06,1.46762403e-08,-2.53221163e-04,-7.54066772e-07,1.30716885e-08,6.35760054e-01,9.23242185e-02,2.01487862e-02,2.99637668e+00,8.18058596e-06,2.914e-16,2.220e-15
13.8400,40.538373,31.057144,15.352373,26.227338,1.640923,-0.009563,1.847077,1.113083,-0.795222,3.30923206e-04,2.44043310e-06,1.51477558e-08,-2.35933118e-04,-1.23139125e-06,1.23781520e-08,6.35773518e-01,9.23269991e-02,2.00943720e-02,2.99641203e+00,8.18378809e-06,9.021e-16,1.332e-15
13.8600,40.579377,31.098615,15.333134,26.260040,1.640959,-0.010229,1.847053,1.008379,-0.724617,2.99257881e-04,1.67121048e-06,1.03412612e-08,-2.14743518e-04,-8.75999605e-07,1.54575214e-08,6.35786190e-01,9.23295781e-02,2.00443432e-02,2.99644422e+00,8.18837694e-06,6.523e-16,1.776e-15
13.8800,40.620392,31.140070,15.313861,26.292717,1.640989,-0.010896,1.847033,0.891481,-0.644053,2.63115371e-04,3.34863987e-08,1.56326049e-08,-1.89991140e-04,9.72234123e-08,1.25903137e-08,6.35797550e-01,9.23318193e-02,2.00015663e-02,2.99647117e+00,8.19448641e-06,5.629e-16,2.220e-15
13.9000,40.661417,31.181509,15.294555,26.325370,1.641012,-0.011565,1.847016,0.761005,-0.552886,2.23072001e-04,-1.50467963e-06,1.42776553e-08,-1.62070455e-04,1.11263725e-06,1.30252394e-08,6.35807336e-01,9.23336537e-02,1.99674799e-02,2.99649182e+00,8.20204783e-06,6.176e-16,1.332e-15
13.9200,40.702454,31.222930,15.275214,26.357997,1.641029,-0.012235,1.847003,0.616069,-0.450605,1.79764843e-04,-2.04125366e-06,1.08325062e-08,-1.31425460e-04,1.57433370e-06,1.53920518e-08,6.35815620e-01,9.23350993e-02,1.99416934e-02,2.99650643e+00,8.21090953e-06,2.845e-16,5.551e-16
13.9400,40.743501,31.264335,15.255839,26.390600,1.641040,-0.012906,1.846993,0.457999,-0.337981,1.33881399e-04,-1.26903228e-06,1.62955791e-08,-9.85427025e-05,1.21585852e-06,1.22266152e-08,6.35822732e-01,9.23362418e-02,1.99223936e-02,2.99651628e+00,8.22094251e-06,7.034e-16,3.109e-15
13.9600,40.784559,31.305723,15.236430,26.423177,1.641047,-0.013577,1.846986,0.290770,-0.217481,8.61486420e-05,3.48765385e-07,1.33023965e-08,-6.39435611e-05,2.53950578e-07,1.36212648e-08,6.35828997e-01,9.23371659e-02,1.99077945e-02,2.99652266e+00,8.23193480e-06,8.908e-16,4.441e-16
13.9800,40.825628,31.347093,15.216987,26.455730,1.641051,-0.014248,1.846980,0.120210,-0.092905,3.73216495e-05,1.85638531e-06,1.14880766e-08,-2.81758834e-05,-7.42355326e-07,1.50623456e-08,6.35834505e-01,9.23378952e-02,1.98973943e-02,2.99652593e+00,8.24351152e-06,3.678e-16,1.776e-15
14.0000,40.866707,31.388447,15.197510,26.488258,1.641050,-0.014919,1.846977,-0.048054,0.031834,-1.18281233e-05,2.37025049e-06,1.65773099e-08,8.19480175e-06,-1.18827691e-06,1.20006565e-08,6.35839058e-01,9.23383786e-02,1.98922687e-02,2.99652533e+00,8.25527164e-06,7.910e-16,1.332e-15
14.0200,40.907796,31.429783,15.177998,26.520761,1.641043,-0.015591,1.846977,-0.210451,0.153952,-6.05248524e-05,1.59687620e-06,1.24627662e-08,4.45943058e-05,-8.26449668e-07,1.42086894e-08,6.35842252e-01,9.23385107e-02,1.98946376e-02,2.99651926e+00,8.26690415e-06,3.123e-16,8.882e-16
14.0400,40.948896,31.471102,15.158453,26.553239,1.641028,-0.016265,1.846982,-0.365909,0.272221,-1.08000546e-04,4.44398278e-10,1.24421232e-08,8.04488461e-05,1.24649594e-07,1.46762499e-08,6.35843717e-01,9.23381954e-02,1.99065254e-02,2.99650625e+00,8.27809539e-06,5.967e-16,1.776e-15
14.0600,40.990006,31.512403,15.138874,26.585692,1.641006,-0.016941,1.846992,-0.515088,0.386629,-1.53507300e-04,-1.47555455e-06,1.66452758e-08,1.15193995e-04,1.10256028e-06,1.20432462e-08,6.35843366e-01,9.23374094e-02,1.99284269e-02,2.99648595e+00,8.28846039e-06,4.580e-16,3.109e-15
14.0800,41.031126,31.553686,15.119260,26.618121,1.640976,-0.017617,1.847005,-0.658542,0.497298,-1.96329300e-04,-1.96574350e-06,1.18692709e-08,1.48283448e-04,1.53346064e-06,1.47317853e-08,6.35841435e-01,9.23362143e-02,1.99590511e-02,2.99645928e+00,8.29767817e-06,5.065e-16,1.332e-15
14.1000,41.072257,31.594952,15.099612,26.650525,1.640942,-0.018294,1.847021,-0.794888,0.603281,-2.35794244e-04,-1.19005081e-06,1.34398123e-08,1.79197535e-04,1.16886981e-06,1.41730437e-08,6.35838394e-01,9.23347324e-02,1.99958266e-02,2.99642811e+00,8.30559785e-06,5.759e-16,1.776e-15
14.1200,41.113397,31.636200,15.079929,26.682904,1.640904,-0.018971,1.847040,-0.920474,0.702195,-2.71283939e-04,3.86541959e-07,1.62890722e-08,2.07451382e-04,2.28874109e-07,1.21764132e-08,6.35834719e-01,9.23330885e-02,2.00361268e-02,2.99639432e+00,8.31213768e-06,7.806e-16,1.332e-15
14.1400,41.154548,31.677430,15.060213,26.715258,1.640864,-0.019647,1.847059,-1.030295,0.790678,-3.02243843e-04,1.83271974e-06,1.13958683e-08,2.32602602e-04,-7.30621302e-07,1.50230062e-08,6.35830646e-01,9.23313449e-02,2.00786450e-02,2.99635888e+00,8.31720628e-06,8.413e-16,2.220e-15
14.1600,41.195708,31.718642,15.040462,26.747588,1.640822,-0.020323,1.847079,-1.119793,0.865461,-3.28191505e-04,2.30100696e-06,1.43396936e-08,2.54258341e-04,-1.14660487e-06,1.36061427e-08,6.35826117e-01,9.23294871e-02,2.01236904e-02,2.99632160e+00,8.32081740e-06,3.929e-16,8.882e-16
14.1800,41.236878,31.759835,15.020678,26.779893,1.640777,-0.021000,1.847101,-1.186729,0.924605,-3.48723917e-04,1.52440362e-06,1.57016777e-08,2.72081483e-04,-7.79288411e-07,1.24824235e-08,6.35820888e-01,9.23274523e-02,2.01725961e-02,2.99628152e+00,8.32317020e-06,3.608e-16,3.331e-16
14.2000,41.278058,31.801011,15.000859,26.812173,1.640728,-0.021677,1.847125,-1.231620,0.967936,-3.63523737e-04,-3.15051867e-08,1.12943102e-08,2.85795895e-04,1.49747288e-07,1.52168618e-08,6.35814737e-01,9.23251822e-02,2.02266017e-02,2.99623777e+00,8.32452823e-06,3.400e-16,7.772e-16
14.2200,41.319248,31.842169,14.981005,26.844429,1.640675,-0.022356,1.847151,-1.256764,0.996572,-3.72364323e-04,-1.44752528e-06,1.52160953e-08,2.95190617e-04,1.09112355e-06,1.31502723e-08,6.35807696e-01,9.23226857e-02,2.02855287e-02,2.99619048e+00,8.32512355e-06,9.706e-16,1.332e-15
14.2400,41.360447,31.883308,14.961118,26.876660,1.640619,-0.023035,1.847179,-1.264568,1.011924,-3.75113424e-04,-1.89381842e-06,1.49847458e-08,3.00122983e-04,1.49248341e-06,1.29210877e-08,6.35800117e-01,9.23200547e-02,2.03474393e-02,2.99614104e+00,8.32524938e-06,3.816e-16,2.220e-15
14.2600,41.401656,31.924429,14.941197,26.908866,1.640563,-0.023713,1.847206,-1.255769,1.014533,-3.71735312e-04,-1.11614749e-06,1.14198144e-08,3.00520716e-04,1.12253912e-06,1.51943569e-08,6.35792539e-01,9.23174303e-02,2.04093453e-02,2.99609161e+00,8.32531849e-06,3.521e-16,3.553e-15
14.2800,41.442875,31.965531,14.921241,26.941048,1.640510,-0.024390,1.847233,-1.228957,1.003616,-3.62291247e-04,4.19466786e-07,1.57662570e-08,2.96382983e-04,2.04251005e-07,1.26963622e-08,6.35785491e-01,9.23149508e-02,2.04683148e-02,2.99604430e+00,8.32573074e-06,7.772e-16,1.776e-15
14.3000,41.484103,32.006616,14.901251,26.973204,1.640459,-0.025066,1.847257,-1.181638,0.977599,-3.46938262e-04,1.80587780e-06,1.40587056e-08,2.87780408e-04,-7.19498935e-07,1.33278472e-08,6.35779257e-01,9.23126915e-02,2.05227451e-02,2.99600026e+00,8.32677332e-06,5.898e-16,1.332e-15
14.3200,41.525341,32.047682,14.881228,27.005336,1.640412,-0.025741,1.847278,-1.111888,0.935117,-3.25926336e-04,2.23061140e-06,1.17196894e-08,2.74853991e-04,-1.10685255e-06,1.49679154e-08,6.35773802e-01,9.23106439e-02,2.05728097e-02,2.99595939e+00,8.32870810e-06,3.400e-16,1.332e-15
14.3400,41.566588,32.088730,14.861170,27.037443,1.640367,-0.026416,1.847299,-1.020011,0.876106,-2.99594163e-04,1.45188367e-06,1.60803216e-08,2.57812868e-04,-7.34830326e-07,1.23954749e-08,6.35768907e-01,9.23087511e-02,2.06197212e-02,2.99592084e+00,8.33182790e-06,4.094e-16,4.441e-16
14.3600,41.607846,32.129759,14.841079,27.069525,1.640323,-0.027091,1.847318,-0.909063,0.802280,-2.68363684e-04,-6.40118997e-08,1.32411249e-08,2.36930920e-04,1.72345623e-07,1.38084996e-08,6.35764362e-01,9.23069585e-02,2.06646329e-02,2.99588378e+00,8.33633390e-06,1.076e-15,9.992e-16
14.3800,41.649112,32.170771,14.820953,27.101582,1.640281,-0.027766,1.847336,-0.783735,0.716575,-2.32733447e-04,-1.42189596e-06,1.23099000e-08,2.12542293e-04,1.07826635e-06,1.46801843e-08,6.35760173e-01,9.23052681e-02,2.07075036e-02,2.99584824e+00,8.34225267e-06,8.040e-16,2.220e-15
14.4000,41.690388,32.211765,14.800794,27.133614,1.640242,-0.028440,1.847352,-0.648636,0.622100,-1.93270867e-04,-1.82637748e-06,1.61606749e-08,1.85035937e-04,1.45142721e-06,1.22717528e-08,6.35756648e-01,9.23037600e-02,2.07466230e-02,2.99581544e+00,8.34953812e-06,6.817e-16,1.776e-15
14.4200,41.731674,32.252740,14.780602,27.165621,1.640207,-0.029114,1.847365,-0.506712,0.521091,-1.50603352e-04,-1.04780509e-06,1.24846555e-08,1.54849329e-04,1.07697918e-06,1.42044706e-08,6.35754257e-01,9.23025568e-02,2.07793752e-02,2.99578724e+00,8.35814305e-06,8.535e-16,2.665e-15
14.4400,41.772970,32.293698,14.760375,27.197603,1.640179,-0.029786,1.847374,-0.358638,0.414386,-1.05408340e-04,4.47433857e-07,1.29071961e-08,1.22461539e-04,1.80303789e-07,1.42208375e-08,6.35753417e-01,9.23017683e-02,2.08034186e-02,2.99576532e+00,8.36791987e-06,7.563e-16,1.776e-15
14.4600,41.814274,32.334637,14.740115,27.229560,1.640158,-0.030456,1.847379,-0.203855,0.301929,-5.84024235e-05,1.77607123e-06,1.58591199e-08,8.83856960e-05,-7.08624814e-07,1.22248897e-08,6.35754310e-01,9.23014421e-02,2.08177359e-02,2.99575040e+00,8.37856368e-06,7.563e-16,8.882e-16
14.4800,41.855589,32.375559,14.719822,27.261491,1.640144,-0.031125,1.847379,-0.042279,0.183800,-1.03297750e-05,2.15955186e-06,1.18499683e-08,5.31609791e-05,-1.06849658e-06,1.44792001e-08,6.35756789e-01,9.23015403e-02,2.08231346e-02,2.99574193e+00,8.38973304e-06,3.946e-16,7.772e-16
14.5000,41.896913,32.416464,14.699496,27.293397,1.640135,-0.031794,1.847376,0.124298,0.061162,3.80497917e-05,1.38007571e-06,1.35773265e-08,1.73441539e-05,-6.92402773e-07,1.37527303e-08,6.35760508e-01,9.23019727e-02,2.08215439e-02,2.99573855e+00,8.40113607e-06,6.800e-16,3.997e-15
14.5200,41.938247,32.457350,14.679136,27.325277,1.640130,-0.032462,1.847370,0.291688,-0.063296,8.59728395e-05,-9.60119681e-08,1.54338909e-08,-1.84992426e-05,1.93230984e-07,1.23989551e-08,6.35765142e-01,9.23026541e-02,2.08147751e-02,2.99573896e+00,8.41244841e-06,7.563e-16,8.882e-16
14.5400,41.979591,32.498220,14.658743,27.357132,1.640128,-0.033131,1.847362,0.454361,-0.185868,1.32684227e-04,-1.39725553e-06,1.15522155e-08,-5.38039119e-05,1.06484274e-06,1.47117958e-08,6.35770562e-01,9.23035503e-02,2.08035552e-02,2.99574263e+00,8.42327112e-06,4.788e-16,3.109e-15
14.5600,42.020944,32.539072,14.638317,27.388961,1.640131,-0.033799,1.847352,0.607286,-0.302963,1.77448809e-04,-1.76164866e-06,1.42624125e-08,-8.80138149e-05,1.41117572e-06,1.33260594e-08,6.35776915e-01,9.23046994e-02,2.07870736e-02,2.99575014e+00,8.43325506e-06,1.066e-15,4.441e-15
14.5800,42.062307,32.579906,14.617857,27.420765,1.640138,-0.034466,1.847338,0.747348,-0.412069,2.19562839e-04,-9.82923207e-07,1.48135678e-08,-1.20591002e-04,1.03309111e-06,1.26606918e-08,6.35784512e-01,9.23061823e-02,2.07636084e-02,2.99576270e+00,8.44218340e-06,4.372e-16,4.441e-16
14.6000,42.103680,32.620723,14.597365,27.452543,1.640152,-0.035132,1.847321,0.873882,-0.512216,2.58365029e-04,4.72794210e-07,1.14089103e-08,-1.51024053e-04,1.57962072e-07,1.47399695e-08,6.35793595e-01,9.23080626e-02,2.07318135e-02,2.99578127e+00,8.44988665e-06,1.069e-15,7.772e-16
14.6200,42.145062,32.661523,14.576840,27.484295,1.640172,-0.035796,1.847299,0.987774,-0.603563,2.93247063e-04,1.74580469e-06,1.47425528e-08,-1.78836025e-04,-6.97023046e-07,1.28875170e-08,6.35804174e-01,9.23103426e-02,2.06916483e-02,2.99580590e+00,8.45619440e-06,5.300e-16,8.882e-16
14.6400,42.186454,32.702306,14.556282,27.516021,1.640197,-0.036460,1.847274,1.089666,-0.686315,3.23663323e-04,2.09041090e-06,1.40667906e-08,-2.03591824e-04,-1.03050663e-06,1.29802925e-08,6.35815958e-01,9.23129463e-02,2.06447408e-02,2.99583544e+00,8.46104325e-06,7.364e-16,4.441e-16
14.6600,42.227856,32.743072,14.535691,27.547721,1.640225,-0.037124,1.847247,1.178621,-0.759813,3.49139584e-04,1.31160500e-06,1.15564794e-08,-2.24904936e-04,-6.50938944e-07,1.46754515e-08,6.35828459e-01,9.23157458e-02,2.05938216e-02,2.99586794e+00,8.46453760e-06,8.951e-16,3.109e-15
14.6800,42.269268,32.783821,14.515068,27.579395,1.640254,-0.037788,1.847220,1.251745,-0.822177,3.69280410e-04,-1.24835890e-07,1.51755530e-08,-2.42443484e-04,2.13464134e-07,1.26244713e-08,6.35841226e-01,9.23186224e-02,2.05414095e-02,2.99590159e+00,8.46684637e-06,2.845e-16,1.332e-15
14.7000,42.310689,32.824553,14.494412,27.611043,1.640283,-0.038453,1.847192,1.305076,-0.870731,3.83775161e-04,-1.37087404e-06,1.34300171e-08,-2.55935474e-04,1.05185854e-06,1.34152963e-08,6.35854018e-01,9.23215128e-02,2.04888485e-02,2.99593542e+00,8.46813704e-06,4.692e-16,8.882e-16
14.7200,42.352120,32.865268,14.473723,27.642666,1.640312,-0.039118,1.847164,1.335408,-0.903115,3.92402587e-04,-1.69684913e-06,1.19752030e-08,-2.65173114e-04,1.37264150e-06,1.45273030e-08,6.35866859e-01,9.23244224e-02,2.04360159e-02,2.99596949e+00,8.46866027e-06,2.975e-16,1.776e-15
14.7400,42.393561,32.905966,14.453002,27.674262,1.640342,-0.039783,1.847135,1.341700,-0.918241,3.95034054e-04,-9.18716848e-07,1.53936043e-08,-2.70016076e-04,9.91680977e-07,1.24542098e-08,6.35879948e-01,9.23274031e-02,2.03818137e-02,2.99600458e+00,8.46878749e-06,8.257e-16,4.441e-15
14.7600,42.435011,32.946647,14.432248,27.705832,1.640373,-0.040448,1.847106,1.325374,-0.916623,3.91635441e-04,4.98248337e-07,1.27772351e-08,-2.70393616e-04,1.37938296e-07,1.37755164e-08,6.35893436e-01,9.23304938e-02,2.03254183e-02,2.99604126e+00,8.46889309e-06,4.996e-16,1.332e-15
14.7800,42.476471,32.987311,14.411462,27.737375,1.640406,-0.041112,1.847075,1.289499,-0.899984,3.82267704e-04,1.71759474e-06,1.24638456e-08,-2.66305512e-04,-6.84053997e-07,1.42247499e-08,6.35907246e-01,9.23336744e-02,2.02672607e-02,2.99607924e+00,8.46927906e-06,3.886e-16,2.220e-15
14.8000,42.517940,33.027958,14.390643,27.768893,1.640438,-0.041776,1.847045,1.237024,-0.870200,3.67085979e-04,2.02544623e-06,1.53795079e-08,-2.57821877e-04,-9.92304727e-07,1.23950044e-08,6.35921041e-01,9.23368566e-02,2.02092104e-02,2.99611717e+00,8.47024946e-06,4.129e-16,4.441e-15
14.8200,42.559419,33.068588,14.369792,27.800384,1.640468,-0.042441,1.847016,1.169341,-0.828322,3.46337167e-04,1.24844237e-06,1.23081379e-08,-2.45081909e-04,-6.09932494e-07,1.41267152e-08,6.35934315e-01,9.23399078e-02,2.01540675e-02,2.99615304e+00,8.47214143e-06,7.329e-16,3.109e-15
14.8400,42.600907,33.109202,14.348908,27.831850,1.640494,-0.043107,1.846989,1.086044,-0.774288,3.20355937e-04,-1.48787766e-07,1.31541418e-08,-2.28291615e-04,2.33446656e-07,1.39442707e-08,6.35946612e-01,9.23427080e-02,2.01043565e-02,2.99618501e+00,8.47521170e-06,5.482e-16,2.220e-15
14.8600,42.642405,33.149798,14.327992,27.863289,1.640514,-0.043774,1.846965,0.985740,-0.707321,2.89559189e-04,-1.34130183e-06,1.52885029e-08,-2.07720578e-04,1.03957227e-06,1.25355752e-08,6.35957714e-01,9.23451997e-02,2.00612777e-02,2.99621219e+00,8.47957217e-06,7.910e-16,8.882e-16
14.8800,42.683912,33.190376,14.307043,27.894702,1.640529,-0.044443,1.846945,0.867709,-0.626920,2.54439187e-04,-1.63076274e-06,1.20698554e-08,-1.83697719e-04,1.33591577e-06,1.44241333e-08,6.35967673e-01,9.23473961e-02,2.00245413e-02,2.99623477e+00,8.48527445e-06,4.710e-16,6.661e-16
14.9000,42.725428,33.230938,14.286062,27.926088,1.640539,-0.045112,1.846927,0.733330,-0.533827,2.15555552e-04,-8.54230288e-07,1.38333069e-08,-1.56606105e-04,9.52672719e-07,1.36148255e-08,6.35976720e-01,9.23493569e-02,1.99928779e-02,2.99625365e+00,8.49235372e-06,9.784e-16,9.992e-16
14.9200,42.766954,33.271481,14.265048,27.957449,1.640547,-0.045781,1.846910,0.586251,-0.430273,1.73526334e-04,5.24433798e-07,1.49509014e-08,-1.26876828e-04,1.20015046e-07,1.27151295e-08,6.35985061e-01,9.23511367e-02,1.99651361e-02,2.99626964e+00,8.50073641e-06,3.426e-16,8.882e-16
14.9400,42.808489,33.312008,14.244001,27.988783,1.640551,-0.046450,1.846896,0.431474,-0.319518,1.29018328e-04,1.69169766e-06,1.19387088e-08,-9.49820610e-05,-6.70040744e-07,1.45509898e-08,6.35992692e-01,9.23527343e-02,1.99413343e-02,2.99628273e+00,8.51019967e-06,4.363e-16,4.441e-15
14.9600,42.850032,33.352517,14.222923,28.020092,1.640550,-0.047120,1.846884,0.273738,-0.204862,8.27366826e-05,1.96449468e-06,1.44226477e-08,-6.14274644e-05,-9.54294811e-07,1.32822735e-08,6.35999370e-01,9.23540862e-02,1.99228082e-02,2.99629196e+00,8.52047494e-06,9.298e-16,2.665e-15
14.9800,42.891585,33.393008,14.201811,28.051374,1.640544,-0.047790,1.846875,0.116013,-0.088645,3.54138601e-05,1.19001640e-06,1.45431902e-08,-2.67441143e-05,-5.69863684e-07,1.30092062e-08,6.36004720e-01,9.23550939e-02,1.99116294e-02,2.99629584e+00,8.53130876e-06,5.412e-16,1.776e-15
15.0000,42.933147,33.433482,14.180667,28.082630,1.640530,-0.048463,1.846871,-0.040732,0.028062,-1.22019447e-05,-1.68794454e-07,1.21022502e-08,8.51988850e-06,2.52605988e-07,1.46332795e-08,6.36008418e-01,9.23556729e-02,1.99095712e-02,2.99629308e+00,8.54239044e-06,1.027e-15,1.776e-15
15.0200,42.974717,33.473937,14.159491,28.113861,1.640509,-0.049137,1.846871,-0.196643,0.145003,-5.93587607e-05,-1.30975392e-06,1.49936775e-08,4.38079968e-05,1.02729631e-06,1.30660894e-08,6.36010390e-01,9.23558032e-02,1.99170580e-02,2.99628337e+00,8.55332937e-06,3.469e-16,1.332e-15
15.0400,43.016296,33.514375,14.138282,28.145065,1.640481,-0.049811,1.846875,-0.351492,0.261846,-1.05312905e-04,-1.56483976e-06,1.41155352e-08,7.85639000e-05,1.30018765e-06,1.33678109e-08,6.36010837e-01,9.23555375e-02,1.99329789e-02,2.99626750e+00,8.56376697e-06,4.510e-16,1.776e-15
15.0600,43.057884,33.554794,14.117040,28.176243,1.640447,-0.050487,1.846882,-0.503304,0.377264,-1.49340833e-04,-7.91133675e-07,1.23971702e-08,1.12240241e-04,9.15148014e-07,1.45656567e-08,6.36010123e-01,9.23549715e-02,1.99553234e-02,2.99624691e+00,8.57344013e-06,4.684e-16,1.776e-15
15.0800,43.099481,33.595195,14.095765,28.207396,1.640410,-0.051162,1.846891,-0.648150,0.488665,-1.90750536e-04,5.49443869e-07,1.53049426e-08,1.44307251e-04,1.03204125e-07,1.28526490e-08,6.36008598e-01,9.23541968e-02,1.99821691e-02,2.99622301e+00,8.58211118e-06,4.094e-16,7.772e-16
15.1000,43.141086,33.635578,14.074458,28.238522,1.640370,-0.051837,1.846902,-0.781178,0.592736,-2.28892289e-04,1.66594934e-06,1.35852885e-08,1.74261159e-04,-6.55994179e-07,1.36642009e-08,6.36006408e-01,9.23532524e-02,2.00126933e-02,2.99619639e+00,8.58954332e-06,6.609e-16,2.220e-15
15.1200,43.182699,33.675943,14.053118,28.269623,1.640326,-0.052512,1.846915,-0.898134,0.686369,-2.63168658e-04,1.90513736e-06,1.27789483e-08,2.01632204e-04,-9.17475288e-07,1.43742917e-08,6.36003460e-01,9.23521142e-02,2.00474136e-02,2.99616670e+00,8.59560067e-06,2.966e-16,2.665e-15
15.1400,43.224321,33.716289,14.031746,28.300697,1.640278,-0.053188,1.846930,-0.996739,0.767597,-2.93043728e-04,1.13369930e-06,1.54609926e-08,2.25992055e-04,-5.31706055e-07,1.27603949e-08,6.35999538e-01,9.23507262e-02,2.00875180e-02,2.99613310e+00,8.60029464e-06,7.425e-16,2.220e-15
15.1600,43.265951,33.756616,14.010341,28.331746,1.640224,-0.053865,1.846948,-1.077006,0.835934,-3.18051486e-04,-1.87607440e-07,1.31895409e-08,2.46960489e-04,2.69986205e-07,1.39948306e-08,6.35994484e-01,9.23490466e-02,2.01338975e-02,2.99609496e+00,8.60369858e-06,1.048e-15,2.220e-15
15.1800,43.307590,33.796925,13.988903,28.362769,1.640166,-0.054543,1.846969,-1.140235,0.891866,-3.37803203e-04,-1.27901121e-06,1.33225765e-08,2.64211251e-04,1.01407682e-06,1.41664776e-08,6.35988359e-01,9.23470918e-02,2.01862169e-02,2.99605253e+00,8.60590633e-06,1.263e-15,8.882e-16
15.2000,43.349237,33.837215,13.967433,28.393766,1.640104,-0.055221,1.846992,-1.187555,0.935963,-3.51993664e-04,-1.50181629e-06,1.54524072e-08,2.77477034e-04,1.26450149e-06,1.27781288e-08,6.35981493e-01,9.23449485e-02,2.02426505e-02,2.99600713e+00,8.60710958e-06,4.580e-16,6.661e-16
15.2200,43.390892,33.877487,13.945929,28.424738,1.640041,-0.055899,1.847015,-1.218677,0.968032,-3.60406004e-04,-7.32082166e-07,1.28365450e-08,2.86553560e-04,8.78168284e-07,1.42242266e-08,6.35974357e-01,9.23427406e-02,2.03005837e-02,2.99596062e+00,8.60762096e-06,9.159e-16,1.776e-15
15.2400,43.432555,33.917739,13.924394,28.455683,1.639979,-0.056576,1.847038,-1.231589,0.986805,-3.62915010e-04,5.70703235e-07,1.37836339e-08,2.91302751e-04,8.66215063e-08,1.38407585e-08,6.35967381e-01,9.23405810e-02,2.03576269e-02,2.99591475e+00,8.60777174e-06,4.233e-16,5.551e-16
15.2600,43.474226,33.957973,13.902825,28.486603,1.639918,-0.057252,1.847060,-1.223592,0.990466,-3.59488859e-04,1.63784433e-06,1.51675865e-08,2.91654897e-04,-6.42700072e-07,1.28179386e-08,6.35960793e-01,9.23385301e-02,2.04124978e-02,2.99587045e+00,8.60785699e-06,7.685e-16,3.331e-16
15.2800,43.515906,33.998188,13.881225,28.517496,1.639858,-0.057928,1.847081,-1.192792,0.977577,-3.50189317e-04,1.84494949e-06,1.25616176e-08,2.87609769e-04,-8.82502420e-07,1.43465119e-08,6.35954566e-01,9.23365817e-02,2.04653285e-02,2.99582763e+00,8.60819838e-06,8.812e-16,3.331e-16
15.3000,43.557593,34.038384,13.859591,28.548364,1.639799,-0.058604,1.847101,-1.139295,0.947893,-3.35170520e-04,1.07719265e-06,1.42389134e-08,2.79236591e-04,-4.95980254e-07,1.35347804e-08,6.35948541e-01,9.23346939e-02,2.05170089e-02,2.99578567e+00,8.60915673e-06,1.058e-15,1.776e-15
15.3200,43.599289,34.078562,13.837926,28.579206,1.639740,-0.059280,1.847120,-1.065498,0.902673,-3.14676428e-04,-2.07320765e-07,1.48242516e-08,2.66672835e-04,2.85187726e-07,1.29951916e-08,6.35942606e-01,9.23328376e-02,2.05681579e-02,2.99574414e+00,8.61102895e-06,6.314e-16,7.772e-16
15.3400,43.640992,34.118721,13.816228,28.610021,1.639682,-0.059956,1.847140,-0.975093,0.844176,-2.89036996e-04,-1.25088019e-06,1.25064119e-08,2.50121897e-04,9.99612667e-07,1.44307130e-08,6.35936839e-01,9.23310336e-02,2.06183300e-02,2.99570336e+00,8.61399798e-06,3.400e-16,2.665e-15
15.3600,43.682704,34.158861,13.794497,28.640811,1.639626,-0.060631,1.847157,-0.871515,0.774705,-2.58663027e-04,-1.44315543e-06,1.46357084e-08,2.29849714e-04,1.22864052e-06,1.32656088e-08,6.35931559e-01,9.23293654e-02,2.06657494e-02,2.99566458e+00,8.61820101e-06,5.135e-16,5.551e-16
15.3800,43.724424,34.198983,13.772734,28.671575,1.639574,-0.061306,1.847172,-0.756790,0.695815,-2.24039722e-04,-6.78180958e-07,1.43410368e-08,2.06180439e-04,8.41608656e-07,1.31867707e-08,6.35927206e-01,9.23279485e-02,2.07079505e-02,2.99562958e+00,8.62375119e-06,8.812e-16,5.551e-16
15.4000,43.766152,34.239086,13.750940,28.702312,1.639527,-0.061979,1.847184,-0.631239,0.607999,-1.85718918e-04,5.87440610e-07,1.24951626e-08,1.79491285e-04,7.02590448e-08,1.43506581e-08,6.35924146e-01,9.23268798e-02,2.07428692e-02,2.99559982e+00,8.63065223e-06,4.510e-16,3.553e-15
15.4200,43.807888,34.279171,13.729112,28.733024,1.639487,-0.062650,1.847192,-0.494376,0.511139,-1.44310169e-04,1.60690729e-06,1.48207746e-08,1.50206587e-04,-6.30021931e-07,1.29864057e-08,6.35922535e-01,9.23262002e-02,2.07696277e-02,2.99557594e+00,8.63876932e-06,6.453e-16,8.882e-16
15.4400,43.849632,34.319237,13.707253,28.763709,1.639452,-0.063321,1.847196,-0.346433,0.405435,-1.00470887e-04,1.78373169e-06,1.37850492e-08,1.18791147e-04,-8.49079130e-07,1.33868008e-08,6.35922274e-01,9.23258838e-02,2.07887785e-02,2.99555756e+00,8.64791538e-06,6.800e-16,1.776e-15
15.4600,43.891384,34.359285,13.685362,28.794367,1.639422,-0.063991,1.847197,-0.189424,0.292146,-5.48957829e-05,1.02058490e-06,1.26487311e-08,8.57429057e-05,-4.62237514e-07,1.42203446e-08,6.35923109e-01,9.23258643e-02,2.08017314e-02,2.99554369e+00,8.65789095e-06,8.535e-16,2.665e-15
15.4800,43.933144,34.399315,13.663439,28.825000,1.639395,-0.064661,1.847196,-0.027322,0.173822,-8.30586879e-06,-2.27519793e-07,1.49545037e-08,5.15850267e-05,2.98780575e-07,1.28459045e-08,6.35924831e-01,9.23260865e-02,2.08096632e-02,2.99553349e+00,8.66842025e-06,1.138e-15,2.665e-15
15.5000,43.974913,34.439326,13.641485,28.855605,1.639372,-0.065331,1.847192,0.134861,0.053830,3.85628227e-05,-1.22457806e-06,1.33345530e-08,1.68575401e-05,9.84558588e-07,1.36453258e-08,6.35927408e-01,9.23265418e-02,2.08127519e-02,2.99552682e+00,8.67914189e-06,8.674e-16,1.332e-15
15.5200,44.016690,34.479320,13.619498,28.886185,1.639354,-0.066000,1.847186,0.292661,-0.064619,8.49707026e-05,-1.38769240e-06,1.29354540e-08,-1.78912801e-05,1.19331632e-06,1.40413937e-08,6.35931018e-01,9.23272767e-02,2.08100039e-02,2.99552438e+00,8.68970725e-06,1.020e-15,6.661e-16
15.5400,44.058475,34.519295,13.597480,28.916737,1.639341,-0.066668,1.847176,0.443301,-0.179271,1.30186178e-04,-6.27912136e-07,1.49078307e-08,-5.21136208e-05,8.06229934e-07,1.27573689e-08,6.35935951e-01,9.23283676e-02,2.07997934e-02,2.99552733e+00,8.69982805e-06,7.633e-16,4.441e-16
15.5600,44.100268,34.559253,13.575431,28.947264,1.639335,-0.067335,1.847161,0.585884,-0.289071,1.73497195e-04,6.01463240e-07,1.28715185e-08,-8.52707431e-05,5.49377638e-08,1.38161458e-08,6.35942420e-01,9.23298699e-02,2.07809432e-02,2.99553650e+00,8.70921970e-06,9.784e-16,1.332e-15
15.5800,44.142069,34.599193,13.553349,28.977763,1.639335,-0.068001,1.847143,0.720580,-0.393768,2.14222575e-04,1.57515798e-06,1.32099837e-08,-1.16841385e-04,-6.17064459e-07,1.37677025e-08,6.35950415e-01,9.23317814e-02,2.07535074e-02,2.99555188e+00,8.71759461e-06,4.606e-16,4.441e-15
15.6000,44.183879,34.639115,13.531237,29.008236,1.639340,-0.068665,1.847121,0.847148,-0.493016,2.51722890e-04,1.72365767e-06,1.47086919e-08,-1.46329873e-04,-8.16233601e-07,1.27451757e-08,6.35959689e-01,9.23340371e-02,2.07188823e-02,2.99557248e+00,8.72475386e-06,1.155e-15,4.441e-16
15.6200,44.225697,34.679020,13.509093,29.038681,1.639349,-0.069330,1.847097,0.963855,-0.585619,2.85410614e-04,9.66179719e-07,1.25693902e-08,-1.73273858e-04,-4.29448486e-07,1.39804589e-08,6.35969849e-01,9.23365334e-02,2.06792770e-02,2.99559673e+00,8.73062310e-06,1.478e-15,8.882e-16
15.6400,44.267523,34.718907,13.486918,29.069100,1.639361,-0.069995,1.847072,1.067410,-0.669379,3.14759314e-04,-2.45768344e-07,1.36065641e-08,-1.97251584e-04,3.11812347e-07,1.35491526e-08,6.35980544e-01,9.23391777e-02,2.06366629e-02,2.99562322e+00,8.73518416e-06,8.049e-16,1.776e-15
15.6600,44.309358,34.758777,13.464712,29.099492,1.639374,-0.070660,1.847045,1.153832,-0.741537,3.39311756e-04,-1.19752821e-06,1.44973869e-08,-2.17888570e-04,9.69936856e-07,1.28738298e-08,6.35991612e-01,9.23419269e-02,2.05919542e-02,2.99565128e+00,8.73845352e-06,6.592e-16,2.220e-15
15.6800,44.351201,34.798629,13.442474,29.129857,1.639388,-0.071325,1.847017,1.219934,-0.799693,3.58686861e-04,-1.33272482e-06,1.24437329e-08,-2.34863535e-04,1.15949382e-06,1.41035749e-08,6.36003095e-01,9.23447919e-02,2.05449224e-02,2.99568105e+00,8.74055293e-06,1.072e-15,8.882e-16
15.7000,44.393052,34.838464,13.420206,29.160195,1.639405,-0.071990,1.846988,1.264477,-0.842605,3.72585514e-04,-5.78501534e-07,1.39588897e-08,-2.47913449e-04,7.72928251e-07,1.33140593e-08,6.36015147e-01,9.23478128e-02,2.04947131e-02,2.99571315e+00,8.74172303e-06,1.325e-15,1.332e-15
15.7200,44.434911,34.878281,13.397906,29.190506,1.639424,-0.072654,1.846957,1.288250,-0.870366,3.80795189e-04,6.15534125e-07,1.41431654e-08,-2.56837577e-04,4.14932930e-08,1.30095014e-08,6.36027861e-01,9.23510140e-02,2.04408171e-02,2.99574793e+00,8.74223708e-06,5.204e-16,2.665e-15
15.7400,44.476778,34.918082,13.375576,29.220790,1.639446,-0.073317,1.846924,1.293220,-0.883978,3.83193317e-04,1.54525931e-06,1.23965389e-08,-2.61500496e-04,-6.03038815e-07,1.41101684e-08,6.36041122e-01,9.23543651e-02,2.03838824e-02,2.99578494e+00,8.74236324e-06,8.951e-16,1.332e-15
15.7600,44.518654,34.957864,13.353214,29.251046,1.639468,-0.073981,1.846891,1.281143,-0.884501,3.79749273e-04,1.66722276e-06,1.42457009e-08,-2.61834063e-04,-7.83221098e-07,1.31082077e-08,6.36054600e-01,9.23577791e-02,2.03257598e-02,2.99582284e+00,8.74241764e-06,5.482e-16,2.220e-15
15.7800,44.560538,34.997630,13.330821,29.281276,1.639490,-0.074645,1.846858,1.252430,-0.872271,3.70524842e-04,9.16276771e-07,1.38137158e-08,-2.57838363e-04,-3.96928316e-07,1.32289760e-08,6.36067849e-01,9.23611387e-02,2.02689313e-02,2.99585987e+00,8.74276395e-06,7.910e-16,2.665e-15
15.8000,44.602430,35.037378,13.308398,29.311478,1.639508,-0.075310,1.846827,1.206087,-0.846736,3.55673124e-04,-2.59959364e-07,1.25845926e-08,-2.49581647e-04,3.24875390e-07,1.41167327e-08,6.36080479e-01,9.23643406e-02,2.02155719e-02,2.99589444e+00,8.74372145e-06,1.246e-15,4.441e-16
15.8200,44.644330,35.077109,13.285944,29.341654,1.639523,-0.075977,1.846799,1.140598,-0.806923,3.35435871e-04,-1.16780509e-06,1.45422748e-08,-2.37199245e-04,9.56211251e-07,1.30150089e-08,6.36092303e-01,9.23673355e-02,2.01667142e-02,2.99592578e+00,8.74552641e-06,7.286e-16,7.772e-16
15.8400,44.686239,35.116822,13.263458,29.371802,1.639534,-0.076644,1.846772,1.055249,-0.752244,3.10139401e-04,-1.27651423e-06,1.35317179e-08,-2.20891440e-04,1.12748647e-06,1.34831407e-08,6.36103355e-01,9.23701319e-02,2.01221681e-02,2.99595401e+00,8.74838559e-06,7.008e-16,4.885e-15
15.8600,44.728155,35.156517,13.240942,29.401923,1.639542,-0.077311,1.846746,0.951228,-0.683265,2.80189245e-04,-5.28435741e-07,1.28564719e-08,-2.00920262e-04,7.41866228e-07,1.40313824e-08,6.36113784e-01,9.23727691e-02,2.00810984e-02,2.99597971e+00,8.75248104e-06,6.176e-16,1.332e-15
15.8800,44.770079,35.196195,13.218395,29.432017,1.639547,-0.077978,1.846723,0.831675,-0.601856,2.46063652e-04,6.30878736e-07,1.46646989e-08,-1.77605262e-04,2.99563733e-08,1.29290126e-08,6.36123699e-01,9.23752757e-02,2.00428946e-02,2.99600332e+00,8.75789157e-06,1.082e-15,8.882e-16
15.9000,44.812011,35.235856,13.195817,29.462083,1.639550,-0.078645,1.846700,0.700726,-0.510689,2.08306081e-04,1.51808665e-06,1.32274681e-08,-1.51318327e-04,-5.88020074e-07,1.36805501e-08,6.36133027e-01,9.23776327e-02,2.00079565e-02,2.99602454e+00,8.76457125e-06,4.953e-16,1.332e-15
15.9200,44.853951,35.275498,13.173208,29.492123,1.639549,-0.079313,1.846680,0.562187,-0.412415,1.67516703e-04,1.61491509e-06,1.31915695e-08,-1.22477669e-04,-7.50206762e-07,1.38891742e-08,6.36141499e-01,9.23797689e-02,1.99777794e-02,2.99604230e+00,8.77241883e-06,3.747e-16,6.661e-16
15.9400,44.895899,35.315123,13.150568,29.522135,1.639542,-0.079983,1.846663,0.418423,-0.308898,1.24342957e-04,8.70980370e-07,1.47269849e-08,-9.15411344e-05,-3.64934355e-07,1.29481210e-08,6.36148760e-01,9.23815909e-02,1.99543267e-02,2.99605517e+00,8.78130021e-06,4.233e-16,1.776e-15
15.9600,44.937855,35.354730,13.127897,29.552121,1.639529,-0.080653,1.846650,0.270234,-0.201009,7.94692627e-05,-2.70334335e-07,1.30840732e-08,-5.89989636e-05,3.37603352e-07,1.39084328e-08,6.36154525e-01,9.23830238e-02,1.99391667e-02,2.99606202e+00,8.79099154e-06,3.331e-16,1.776e-15
15.9800,44.979818,35.394319,13.105195,29.582079,1.639508,-0.081325,1.846641,0.117766,-0.089099,3.36060526e-05,-1.13594928e-06,1.36434698e-08,-2.53660929e-05,9.42886542e-07,1.37672078e-08,6.36158719e-01,9.23840478e-02,1.99327150e-02,2.99606253e+00,8.80117842e-06,7.355e-16,1.332e-15
16.0000,45.021788,35.433890,13.082462,29.612011,1.639481,-0.081998,1.846636,-0.038245,0.026234,-1.25216263e-05,-1.21986873e-06,1.47096653e-08,8.82591124e-06,1.09666378e-06,1.30406831e-08,6.36161498e-01,9.23847036e-02,1.99341101e-02,2.99605731e+00,8.81154039e-06,6.826e-16,2.220e-15
16.0200,45.063766,35.473442,13.059698,29.641915,1.639449,-0.082671,1.846633,-0.195490,0.143462,-5.81856680e-05,-4.78787863e-07,1.29895894e-08,4.30372170e-05,7.12293560e-07,1.40497347e-08,6.36163133e-01,9.23850631e-02,1.99418412e-02,2.99604745e+00,8.82178535e-06,4.025e-16,1.776e-15
16.0400,45.105752,35.512977,13.036903,29.671793,1.639413,-0.083344,1.846633,-0.350017,0.259966,-1.02666381e-04,6.46137523e-07,1.40071042e-08,7.67282741e-05,1.94896321e-08,1.35718865e-08,6.36163859e-01,9.23851880e-02,1.99546074e-02,2.99603388e+00,8.83160428e-06,5.274e-16,1.332e-15
16.0600,45.147745,35.552492,13.014077,29.701643,1.639373,-0.084018,1.846635,-0.497218,0.372570,-1.45263712e-04,1.49197380e-06,1.45255952e-08,1.09368392e-04,-5.72894157e-07,1.31331079e-08,6.36163745e-01,9.23850970e-02,1.99720216e-02,2.99601689e+00,8.84067711e-06,9.368e-16,1.332e-15
16.0800,45.189745,35.591990,12.991220,29.731467,1.639328,-0.084692,1.846640,-0.633157,0.478363,-1.85308117e-04,1.56476697e-06,1.29653944e-08,1.40444174e-04,-7.18096694e-07,1.41157013e-08,6.36162671e-01,9.23847584e-02,1.99947538e-02,2.99599602e+00,8.84875566e-06,1.082e-15,5.551e-16
16.1000,45.231752,35.631468,12.968332,29.761264,1.639278,-0.085367,1.846648,-0.755562,0.575403,-2.22170982e-04,8.28063609e-07,1.43612087e-08,1.69467631e-04,-3.34384162e-07,1.34158647e-08,6.36160437e-01,9.23841200e-02,2.00239130e-02,2.99597048e+00,8.85569166e-06,7.555e-16,4.441e-16
16.1200,45.273767,35.670928,12.945412,29.791034,1.639223,-0.086043,1.846659,-0.863978,0.662935,-2.55274514e-04,-2.79305945e-07,1.43474105e-08,1.95983812e-04,3.49061211e-07,1.33161080e-08,6.36156923e-01,9.23831500e-02,2.00601775e-02,2.99593978e+00,8.86138396e-06,4.797e-16,2.665e-15
16.1400,45.315788,35.710369,12.922462,29.820777,1.639161,-0.086720,1.846673,-0.958862,0.740919,-2.84100912e-04,-1.10447910e-06,1.30965048e-08,2.19577869e-04,9.29000602e-07,1.41582442e-08,6.36152201e-01,9.23818679e-02,2.01031453e-02,2.99590422e+00,8.86577290e-06,8.361e-16,3.997e-15
16.1600,45.357817,35.749792,12.899481,29.850493,1.639096,-0.087397,1.846689,-1.040310,0.809248,-3.08200607e-04,-1.16535174e-06,1.46479314e-08,2.39881467e-04,1.06603768e-06,1.32888297e-08,6.36146564e-01,9.23803505e-02,2.01512028e-02,2.99586496e+00,8.86890491e-06,8.119e-16,3.997e-15
16.1800,45.399853,35.789195,12.876468,29.880183,1.639028,-0.088074,1.846707,-1.107171,0.867122,-3.27199368e-04,-4.32136997e-07,1.40776929e-08,2.56578498e-04,6.83217695e-07,1.34751584e-08,6.36140409e-01,9.23787030e-02,2.02021328e-02,2.99582361e+00,8.87094057e-06,1.096e-15,4.441e-16
16.2000,45.441895,35.828579,12.853424,29.909846,1.638960,-0.088751,1.846725,-1.156969,0.912887,-3.40804083e-04,6.58719282e-07,1.32142738e-08,2.69410029e-04,9.13237746e-09,1.40727004e-08,6.36134079e-01,9.23770162e-02,2.02540229e-02,2.99578154e+00,8.87208404e-06,6.453e-16,1.776e-15
16.2200,45.483945,35.867945,12.830350,29.939482,1.638891,-0.089427,1.846743,-1.186811,0.944518,-3.48807171e-04,1.46431699e-06,1.47515310e-08,2.78178383e-04,-5.58550915e-07,1.31475048e-08,6.36127748e-01,9.23753359e-02,2.03059044e-02,2.99573946e+00,8.87255967e-06,1.332e-15,2.220e-15
16.2400,45.526001,35.907291,12.807244,29.969091,1.638822,-0.090102,1.846761,-1.194717,0.960448,-3.51089592e-04,1.51418357e-06,1.37681786e-08,2.82750258e-04,-6.87682275e-07,1.36174491e-08,6.36121395e-01,9.23736571e-02,2.03578851e-02,2.99569732e+00,8.87265716e-06,3.730e-16,7.772e-16
16.2600,45.568064,35.946619,12.784107,29.998673,1.638752,-0.090778,1.846779,-1.180500,0.960201,-3.47622528e-04,7.84992887e-07,1.34177711e-08,2.83058780e-04,-3.05963714e-07,1.39623866e-08,6.36114908e-01,9.23719503e-02,2.04105958e-02,2.99565469e+00,8.87272295e-06,6.523e-16,1.110e-15
16.2800,45.610135,35.985927,12.760940,30.028229,1.638681,-0.091455,1.846797,-1.145835,0.944548,-3.38467742e-04,-2.89270014e-07,1.48106156e-08,2.79104453e-04,3.58658335e-07,1.31056202e-08,6.36108242e-01,9.23702034e-02,2.04642921e-02,2.99561137e+00,8.87307990e-06,1.048e-15,4.441e-16
16.3000,45.652211,36.025217,12.737741,30.057757,1.638610,-0.092131,1.846816,-1.093395,0.915054,-3.23776608e-04,-1.07557418e-06,1.35376980e-08,2.70954991e-04,9.14044174e-07,1.37801741e-08,6.36101523e-01,9.23684505e-02,2.05182546e-02,2.99556789e+00,8.87399796e-06,7.216e-16,2.220e-15
16.3200,45.694295,36.064487,12.714512,30.087259,1.638539,-0.092807,1.846833,-1.025532,0.873269,-3.03787754e-04,-1.11487334e-06,1.36583732e-08,2.58744098e-04,1.03517518e-06,1.38156617e-08,6.36095068e-01,9.23667746e-02,2.05707169e-02,2.99552551e+00,8.87573502e-06,4.302e-16,1.776e-15
16.3400,45.736386,36.103739,12.691251,30.116734,1.638472,-0.093482,1.846849,-0.943394,0.820089,-2.78823273e-04,-3.90105612e-07,1.47089411e-08,2.42669243e-04,6.54293907e-07,1.30747873e-08,6.36089279e-01,9.23652821e-02,2.06194158e-02,2.99548585e+00,8.87852912e-06,8.604e-16,8.882e-16
16.3600,45.778483,36.142971,12.667960,30.146182,1.638409,-0.094156,1.846862,-0.846889,0.755626,-2.49283516e-04,6.67278355e-07,1.32682015e-08,2.22988494e-04,-1.34561141e-09,1.38476030e-08,6.36084481e-01,9.23640591e-02,2.06625134e-02,2.99545022e+00,8.88252671e-06,5.065e-16,5.551e-16
16.3800,45.820587,36.182185,12.644639,30.175603,1.638350,-0.094829,1.846872,-0.735489,0.679629,-2.15640556e-04,1.43402850e-06,1.38257463e-08,2.00016449e-04,-5.45079770e-07,1.36001092e-08,6.36080814e-01,9.23631422e-02,2.06992276e-02,2.99541920e+00,8.88776598e-06,7.772e-16,8.882e-16
16.4000,45.862698,36.221380,12.621286,30.204997,1.638296,-0.095501,1.846879,-0.609500,0.592263,-1.78430509e-04,1.46233279e-06,1.44891494e-08,1.74119273e-04,-6.58898266e-07,1.30827958e-08,6.36078217e-01,9.23625157e-02,2.07298885e-02,2.99539256e+00,8.89423068e-06,3.955e-16,3.331e-16
16.4200,45.904816,36.260557,12.597904,30.234363,1.638246,-0.096172,1.846884,-0.470897,0.494715,-1.38244911e-04,7.41217051e-07,1.31027893e-08,1.45708898e-04,-2.79459537e-07,1.39040717e-08,6.36076524e-01,9.23621357e-02,2.07554288e-02,2.99536964e+00,8.90185848e-06,9.437e-16,2.220e-15
16.4400,45.946941,36.299714,12.574490,30.263703,1.638199,-0.096844,1.846886,-0.323277,0.389270,-9.57213287e-05,-3.00452832e-07,1.40424424e-08,1.15236442e-04,3.66732203e-07,1.34384886e-08,6.36075619e-01,9.23619714e-02,2.07765026e-02,2.99534998e+00,8.91048977e-06,8.873e-16,1.332e-15
16.4600,45.989072,36.338854,12.551047,30.293015,1.638156,-0.097514,1.846886,-0.171013,0.278865,-5.15333700e-05,-1.04909398e-06,1.42632432e-08,8.31849793e-05,8.98450708e-07,1.31754247e-08,6.36075544e-01,9.23620342e-02,2.07928632e-02,2.99533375e+00,8.91987145e-06,1.094e-15,3.109e-15
16.4800,46.031211,36.377974,12.527573,30.322301,1.638117,-0.098185,1.846883,-0.017956,0.166273,-6.38014351e-06,-1.06790996e-06,1.30319872e-08,5.00618116e-05,1.00458671e-06,1.39189800e-08,6.36076506e-01,9.23623781e-02,2.08033557e-02,2.99532176e+00,8.92972740e-06,5.829e-16,1.776e-15
16.5000,46.073356,36.417077,12.504069,30.351558,1.638084,-0.098854,1.846877,0.133472,0.053461,3.90247199e-05,-3.51808871e-07,1.41737847e-08,1.63904129e-05,6.26106803e-07,1.32608288e-08,6.36078777e-01,9.23630752e-02,2.08064378e-02,2.99531510e+00,8.93978178e-06,8.743e-16,7.772e-16
16.5200,46.115508,36.456161,12.480534,30.380789,1.638057,-0.099522,1.846866,0.282272,-0.058529,8.39643660e-05,6.73011261e-07,1.39254977e-08,-1.72978192e-05,-1.12746687e-08,1.32448704e-08,6.36082549e-01,9.23641761e-02,2.08010361e-02,2.99531456e+00,8.94972276e-06,3.816e-16,6.661e-16
16.5400,46.157668,36.495227,12.456970,30.409992,1.638036,-0.100188,1.846852,0.428093,-0.169171,1.27730150e-04,1.40255928e-06,1.29826463e-08,-5.04718799e-05,-5.31714211e-07,1.38471142e-08,6.36087817e-01,9.23656793e-02,2.07871864e-02,2.99532011e+00,8.95921689e-06,4.979e-16,2.220e-15
16.5600,46.199834,36.534275,12.433376,30.439168,1.638021,-0.100854,1.846834,0.570052,-0.277732,1.69632942e-04,1.41087844e-06,1.42369369e-08,-8.26094595e-05,-6.30882145e-07,1.31144106e-08,6.36094381e-01,9.23675317e-02,2.07660246e-02,2.99533096e+00,8.96798293e-06,1.071e-15,8.882e-16
16.5800,46.242008,36.573305,12.409751,30.468316,1.638011,-0.101520,1.846813,0.705903,-0.382679,2.09014058e-04,6.98599275e-07,1.36313901e-08,-1.13205139e-04,-2.53932376e-07,1.33697073e-08,6.36101939e-01,9.23696538e-02,2.07392537e-02,2.99534590e+00,8.97581412e-06,6.592e-16,1.776e-15
16.6000,46.284188,36.612318,12.386097,30.497436,1.638003,-0.102185,1.846791,0.832122,-0.481624,2.45255583e-04,-3.10786533e-07,1.30919431e-08,-1.41778364e-04,3.74264056e-07,1.37940326e-08,6.36110234e-01,9.23719774e-02,2.07083234e-02,2.99536389e+00,8.98253896e-06,3.435e-16,4.441e-16
16.6200,46.326376,36.651312,12.362414,30.526529,1.637998,-0.102851,1.846766,0.944778,-0.571797,2.77789963e-04,-1.02276191e-06,1.43073135e-08,-1.67881059e-04,8.83205539e-07,1.30592369e-08,6.36119170e-01,9.23744766e-02,2.06737848e-02,2.99538454e+00,8.98802772e-06,6.453e-16,8.882e-16
16.6400,46.368570,36.690289,12.338700,30.555594,1.637996,-0.103516,1.846740,1.040728,-0.650799,3.06108751e-04,-1.02199480e-06,1.33887184e-08,-1.91104723e-04,9.75235124e-07,1.35069071e-08,6.36128808e-01,9.23771678e-02,2.06352917e-02,2.99540806e+00,8.99225164e-06,6.939e-16,8.882e-16
16.6600,46.410772,36.729248,12.314957,30.584631,1.637997,-0.104180,1.846711,1.118506,-0.717233,3.29770482e-04,-3.14641906e-07,1.32328618e-08,-2.11086845e-04,5.99587187e-07,1.36821381e-08,6.36139276e-01,9.23800843e-02,2.05921400e-02,2.99543497e+00,8.99528818e-06,7.156e-16,8.882e-16
16.6800,46.452980,36.768189,12.291184,30.613641,1.638002,-0.104844,1.846680,1.178294,-0.770807,3.48407575e-04,6.78584568e-07,1.42519221e-08,-2.27516537e-04,-1.97513174e-08,1.30064031e-08,6.36150626e-01,9.23832401e-02,2.05440352e-02,2.99546548e+00,8.99726541e-06,4.111e-16,1.776e-15
16.7000,46.495196,36.807113,12.267382,30.642623,1.638010,-0.105508,1.846647,1.221088,-0.811889,3.61732158e-04,1.37255948e-06,1.31507746e-08,-2.40139301e-04,-5.17570437e-07,1.35977583e-08,6.36162732e-01,9.23866014e-02,2.04917048e-02,2.99549907e+00,8.99835073e-06,3.929e-16,1.776e-15
16.7200,46.537419,36.846020,12.243551,30.671576,1.638020,-0.106171,1.846613,1.247582,-0.840814,3.69540636e-04,1.36239529e-06,1.34161509e-08,-2.48760909e-04,-6.02773032e-07,1.35552006e-08,6.36175285e-01,9.23900867e-02,2.04368862e-02,2.99553450e+00,8.99878998e-06,8.283e-16,1.332e-15
16.7400,46.579649,36.884908,12.219690,30.700502,1.638030,-0.106835,1.846578,1.257340,-0.857296,3.71716874e-04,6.59611076e-07,1.41947079e-08,-2.53250358e-04,-2.28563770e-07,1.30439316e-08,6.36187899e-01,9.23935938e-02,2.03817453e-02,2.99557022e+00,8.99889438e-06,6.080e-16,8.882e-16
16.7600,46.621885,36.923780,12.195799,30.729401,1.638038,-0.107499,1.846545,1.248846,-0.860350,3.68233893e-04,-3.17906831e-07,1.30711217e-08,-2.53541893e-04,3.81997904e-07,1.37238318e-08,6.36200249e-01,9.23970363e-02,2.03281102e-02,2.99560492e+00,8.99897193e-06,1.020e-15,5.551e-16
16.7800,46.664129,36.962634,12.171879,30.758271,1.638045,-0.108164,1.846512,1.220374,-0.848766,3.59154067e-04,-9.94322810e-07,1.36919145e-08,-2.49636023e-04,8.68944928e-07,1.34702864e-08,6.36212174e-01,9.24003721e-02,2.02768626e-02,2.99563793e+00,8.99930587e-06,7.980e-16,8.882e-16
16.8000,46.706380,37.001470,12.147930,30.787113,1.638049,-0.108830,1.846480,1.171090,-0.821803,3.44627899e-04,-9.75001082e-07,1.41179627e-08,-2.41599501e-04,9.47628431e-07,1.31341293e-08,6.36223693e-01,9.24036055e-02,2.02279082e-02,2.99566930e+00,9.00018517e-06,1.013e-15,1.776e-15
16.8200,46.748638,37.040289,12.123952,30.815927,1.638052,-0.109495,1.846450,1.101845,-0.779758,3.24891458e-04,-2.76652344e-07,1.30436453e-08,-2.29564213e-04,5.75113135e-07,1.37880287e-08,6.36234893e-01,9.24067600e-02,2.01807412e-02,2.99569939e+00,9.00188807e-06,6.661e-16,2.220e-15
16.8400,46.790903,37.079090,12.099944,30.844714,1.638053,-0.110161,1.846420,1.015134,-0.724051,3.00262576e-04,6.85711089e-07,1.39024104e-08,-2.13724993e-04,-2.65144856e-08,1.33472231e-08,6.36245808e-01,9.24098445e-02,2.01351741e-02,2.99572832e+00,9.00461717e-06,4.580e-16,3.553e-15
16.8600,46.833174,37.117873,12.075907,30.873472,1.638053,-0.110827,1.846391,0.914206,-0.656743,2.71135841e-04,1.34544065e-06,1.39641527e-08,-1.94336403e-04,-5.02487229e-07,1.32228121e-08,6.36256317e-01,9.24128266e-02,2.00918852e-02,2.99575561e+00,9.00848568e-06,1.311e-15,5.551e-16
16.8800,46.875452,37.156639,12.051840,30.902203,1.638049,-0.111493,1.846363,0.801939,-0.579824,2.37976399e-04,1.31795644e-06,1.30955116e-08,-1.71708582e-04,-5.74501647e-07,1.38153190e-08,6.36266138e-01,9.24156322e-02,2.00524377e-02,2.99578012e+00,9.01355724e-06,6.124e-16,1.776e-15
16.9000,46.917737,37.195387,12.027745,30.930906,1.638040,-0.112161,1.846339,0.680058,-0.494658,2.01312604e-04,6.24983109e-07,1.41348000e-08,-1.46202266e-04,-2.03383802e-07,1.32813920e-08,6.36274937e-01,9.24181724e-02,2.00186954e-02,2.99580050e+00,9.01984283e-06,1.207e-15,8.882e-16
16.9200,46.960029,37.234117,12.003620,30.959581,1.638026,-0.112829,1.846318,0.549134,-0.401863,1.61727565e-04,-3.21402530e-07,1.38761011e-08,-1.18223064e-04,3.89786261e-07,1.33844844e-08,6.36282458e-01,9.24203800e-02,1.99920715e-02,2.99581573e+00,9.02725419e-06,1.005e-15,1.332e-15
16.9400,47.002327,37.272829,11.979465,30.988228,1.638005,-0.113499,1.846300,0.409410,-0.301760,1.19849771e-04,-9.63656632e-07,1.32816995e-08,-8.82150735e-05,8.55385941e-07,1.38434673e-08,6.36288621e-01,9.24222340e-02,1.99729979e-02,2.99582548e+00,9.03560930e-06,6.366e-16,8.882e-16
16.9600,47.044632,37.311524,11.955281,31.016847,1.637979,-0.114170,1.846286,0.261871,-0.195043,7.63429935e-05,-9.27086764e-07,1.43343506e-08,-5.66538974e-05,9.21342603e-07,1.32462623e-08,6.36293533e-01,9.24237623e-02,1.99608846e-02,2.99583015e+00,9.04468932e-06,1.063e-15,4.441e-15
16.9800,47.086943,37.350200,11.931068,31.045438,1.637948,-0.114841,1.846274,0.108929,-0.083279,3.18956938e-05,-2.38285974e-07,1.37538056e-08,-2.40391269e-05,5.52132902e-07,1.35164054e-08,6.36297381e-01,9.24250148e-02,1.99546740e-02,2.99583050e+00,9.05425239e-06,9.368e-16,1.776e-15
17.0000,47.129261,37.388857,11.906825,31.074002,1.637912,-0.115512,1.846265,-0.045642,0.031036,-1.27898341e-05,6.93631073e-07,1.34531631e-08,9.11359343e-06,-3.22161346e-08,1.37850344e-08,6.36300305e-01,9.24260286e-02,1.99535875e-02,2.99582709e+00,9.06400430e-06,6.297e-16,5.551e-16
17.0200,47.171585,37.427497,11.882553,31.102538,1.637873,-0.116184,1.846259,-0.197592,0.144960,-5.70084556e-05,1.32010752e-06,1.44162555e-08,4.22807791e-05,-4.87186373e-07,1.32044997e-08,6.36302305e-01,9.24268039e-02,1.99576207e-02,2.99581993e+00,9.07361756e-06,4.788e-16,8.882e-16
17.0400,47.213916,37.466118,11.858252,31.131046,1.637828,-0.116857,1.846255,-0.343332,0.255824,-1.00063201e-04,1.27613471e-06,1.36392723e-08,7.49394306e-05,-5.46838014e-07,1.36342424e-08,6.36303239e-01,9.24273030e-02,1.99675697e-02,2.99580846e+00,9.08279591e-06,4.137e-16,3.109e-15
17.0600,47.256252,37.504721,11.833921,31.159527,1.637778,-0.117530,1.846254,-0.480664,0.361774,-1.41276181e-04,5.92992364e-07,1.36936973e-08,1.06575302e-04,-1.79205056e-07,1.37291057e-08,6.36302916e-01,9.24274757e-02,1.99844971e-02,2.99579191e+00,9.09129198e-06,5.343e-16,1.332e-15
17.0800,47.298595,37.543305,11.809560,31.187979,1.637721,-0.118204,1.846257,-0.608766,0.461865,-1.79999293e-04,-3.23232108e-07,1.44940208e-08,1.36690966e-04,3.96768405e-07,1.32410491e-08,6.36301234e-01,9.24272950e-02,2.00089784e-02,2.99576987e+00,9.09887951e-06,8.188e-16,8.882e-16
17.1000,47.340944,37.581870,11.785170,31.216405,1.637659,-0.118880,1.846263,-0.727416,0.555650,-2.15624515e-04,-9.32892604e-07,1.36038589e-08,1.64813574e-04,8.41613925e-07,1.37611566e-08,6.36298263e-01,9.24267797e-02,2.00406259e-02,2.99574262e+00,9.10536877e-06,9.090e-16,2.220e-15
17.1200,47.383299,37.620417,11.760751,31.244802,1.637591,-0.119555,1.846272,-0.835916,0.642511,-2.47593566e-04,-8.80504297e-07,1.39414019e-08,1.90502218e-04,8.95413852e-07,1.36503208e-08,6.36294247e-01,9.24259943e-02,2.00780855e-02,2.99571114e+00,9.11066094e-06,1.492e-15,2.665e-15
17.1400,47.425660,37.658945,11.736302,31.273172,1.637521,-0.120231,1.846283,-0.932456,0.721182,-2.75406721e-04,-2.01896177e-07,1.44547720e-08,2.13354823e-04,5.29655418e-07,1.32676586e-08,6.36289507e-01,9.24250244e-02,2.01195565e-02,2.99567673e+00,9.11475239e-06,8.335e-16,8.882e-16
17.1600,47.468026,37.697453,11.711823,31.301515,1.637448,-0.120907,1.846295,-1.014207,0.789722,-2.98630587e-04,6.99895302e-07,1.35290380e-08,2.33014466e-04,-3.78404442e-08,1.38016201e-08,6.36284310e-01,9.24239405e-02,2.01635559e-02,2.99564046e+00,9.11769295e-06,5.447e-16,1.776e-15
17.1800,47.510399,37.735943,11.687315,31.329830,1.637374,-0.121582,1.846307,-1.078138,0.845953,-3.16904749e-04,1.29402102e-06,1.41069166e-08,2.49175013e-04,-4.72610484e-07,1.35222616e-08,6.36278778e-01,9.24227748e-02,2.02094059e-02,2.99560284e+00,9.11958450e-06,3.738e-16,1.332e-15
17.2000,47.552778,37.774414,11.662778,31.358117,1.637298,-0.122258,1.846321,-1.122128,0.888168,-3.29947245e-04,1.23432817e-06,1.43377871e-08,2.61585939e-04,-5.20659008e-07,1.33109729e-08,6.36272888e-01,9.24215219e-02,2.02572294e-02,2.99556380e+00,9.12061567e-06,8.596e-16,8.882e-16
17.2200,47.595162,37.812866,11.638211,31.386377,1.637220,-0.122933,1.846335,-1.145641,0.915638,-3.37558856e-04,5.61028885e-07,1.35245040e-08,2.70056232e-04,-1.56831224e-07,1.38326897e-08,6.36266564e-01,9.24201612e-02,2.03074663e-02,2.99552303e+00,9.12104740e-06,5.204e-16,2.220e-15
17.2400,47.637552,37.851299,11.613615,31.414609,1.637139,-0.123610,1.846351,-1.149638,0.928655,-3.39626170e-04,-3.25940508e-07,1.42883479e-08,2.74457299e-04,4.02208115e-07,1.34391246e-08,6.36259802e-01,9.24186918e-02,2.03601398e-02,2.99548052e+00,9.12115593e-06,6.037e-16,8.882e-16
17.2600,47.679948,37.889713,11.588989,31.442814,1.637058,-0.124286,1.846367,-1.135809,0.928122,-3.36123375e-04,-9.04438299e-07,1.42166363e-08,2.74724857e-04,8.26952819e-07,1.33979737e-08,6.36252755e-01,9.24171547e-02,2.04143878e-02,2.99543689e+00,9.12121804e-06,1.311e-15,4.441e-16
17.2800,47.722350,37.928108,11.564334,31.470991,1.636976,-0.124962,1.846383,-1.105506,0.914884,-3.27112667e-04,-8.37473428e-07,1.35540575e-08,2.70859805e-04,8.69228327e-07,1.38203271e-08,6.36245726e-01,9.24156298e-02,2.04685138e-02,2.99539337e+00,9.12153356e-06,7.702e-16,3.997e-15
17.3000,47.764757,37.966484,11.539650,31.499141,1.636896,-0.125637,1.846398,-1.059077,0.889233,-3.12743221e-04,-1.69493632e-07,1.43634538e-08,2.62928111e-04,5.07144806e-07,1.33300846e-08,6.36239074e-01,9.24142126e-02,2.05204885e-02,2.99535139e+00,9.12240340e-06,4.649e-16,4.441e-16
17.3200,47.807171,38.004841,11.514936,31.527263,1.636818,-0.126312,1.846411,-0.995978,0.850886,-2.93248692e-04,7.02702170e-07,1.39929294e-08,2.51059722e-04,-4.38187502e-08,1.34391769e-08,6.36233087e-01,9.24129793e-02,2.05686889e-02,2.99531214e+00,9.12407154e-06,6.106e-16,4.441e-15
17.3400,47.849589,38.043179,11.490193,31.555357,1.636744,-0.126985,1.846422,-0.915531,0.799390,-2.68943318e-04,1.26558547e-06,1.35556592e-08,2.35446501e-04,-4.59060999e-07,1.37359286e-08,6.36227892e-01,9.24119633e-02,2.06123991e-02,2.99527612e+00,9.12671311e-06,1.298e-15,1.776e-15
17.3600,47.892014,38.081498,11.465421,31.583424,1.636673,-0.127658,1.846431,-0.817939,0.734770,-2.40216747e-04,1.19115948e-06,1.43617323e-08,2.16339176e-04,-4.96123246e-07,1.32390848e-08,6.36223462e-01,9.24111576e-02,2.06517678e-02,2.99524326e+00,9.13046212e-06,7.563e-16,2.665e-15
17.3800,47.934445,38.119798,11.440620,31.611463,1.636605,-0.128330,1.846438,-0.704930,0.658005,-2.07527731e-04,5.27968984e-07,1.37965518e-08,1.94043338e-04,-1.36281977e-07,1.35083421e-08,6.36219703e-01,9.24105371e-02,2.06873278e-02,2.99521316e+00,9.13539955e-06,4.233e-16,1.776e-15
17.4000,47.976881,38.158080,11.415790,31.639474,1.636540,-0.129002,1.846443,-0.579596,0.571020,-1.71396836e-04,-3.30349044e-07,1.36397497e-08,1.68914522e-04,4.06206967e-07,1.36684849e-08,6.36216574e-01,9.24100909e-02,2.07193061e-02,2.99518568e+00,9.14151050e-06,1.061e-15,4.441e-16
17.4200,48.019323,38.196343,11.390931,31.667458,1.636477,-0.129674,1.846446,-0.445592,0.476254,-1.32398256e-04,-8.78769712e-07,1.43429020e-08,1.41352480e-04,8.11605353e-07,1.32059220e-08,6.36214173e-01,9.24098450e-02,2.07471444e-02,2.99516121e+00,9.14868931e-06,3.469e-16,2.220e-15
17.4400,48.061771,38.234587,11.366043,31.695413,1.636419,-0.130345,1.846446,-0.306105,0.375995,-9.11507961e-05,-7.98105265e-07,1.36160009e-08,1.11794770e-04,8.43078412e-07,1.35654069e-08,6.36212725e-01,9.24098589e-02,2.07695690e-02,2.99514064e+00,9.15678359e-06,7.988e-16,1.332e-15
17.4600,48.104224,38.272813,11.341126,31.723341,1.636366,-0.131015,1.846443,-0.163164,0.271880,-4.83081092e-05,-1.40837432e-07,1.36949260e-08,8.07097882e-05,4.84984940e-07,1.35500466e-08,6.36212491e-01,9.24102018e-02,2.07851004e-02,2.99512504e+00,9.16559976e-06,1.103e-15,3.997e-15
17.4800,48.146684,38.311020,11.316181,31.751241,1.636318,-0.131684,1.846436,-0.017744,0.164853,-4.54830726e-06,7.02609298e-07,1.42050986e-08,4.85893817e-05,-4.96643873e-08,1.31571932e-08,6.36213649e-01,9.24109209e-02,2.07927324e-02,2.99511511e+00,9.17487870e-06,4.025e-16,2.220e-15
17.5000,48.189149,38.349209,11.291206,31.779113,1.636277,-0.132352,1.846426,0.129487,0.055572,3.94368727e-05,1.23563627e-06,1.34193909e-08,1.59411227e-05,-4.45938111e-07,1.35758934e-08,6.36216210e-01,9.24120183e-02,2.07924173e-02,2.99511092e+00,9.18431660e-06,6.037e-16,1.776e-15
17.5200,48.231621,38.387380,11.266204,31.806956,1.636242,-0.133018,1.846411,0.277236,-0.055006,8.29531109e-05,1.14771662e-06,1.37516311e-08,-1.67196579e-05,-4.72519695e-07,1.34287208e-08,6.36220022e-01,9.24134544e-02,2.07850081e-02,2.99511185e+00,9.19362021e-06,1.027e-15,3.553e-15
17.5400,48.274098,38.425533,11.241173,31.834772,1.636210,-0.133685,1.846395,0.422986,-0.165178,1.25314516e-04,4.95149558e-07,1.40704487e-08,-4.88779891e-05,-1.16753048e-07,1.31735543e-08,6.36224870e-01,9.24151711e-02,2.07717419e-02,2.99511703e+00,9.20252054e-06,1.270e-15,3.997e-15
17.5600,48.316581,38.463668,11.216114,31.862560,1.636182,-0.134351,1.846375,0.563161,-0.272507,1.65854400e-04,-3.34862521e-07,1.33360401e-08,-8.00274086e-05,4.09632464e-07,1.36147535e-08,6.36230581e-01,9.24171232e-02,2.07535860e-02,2.99512578e+00,9.21075428e-06,3.886e-16,1.332e-15
17.5800,48.359070,38.501785,11.191026,31.890319,1.636158,-0.135017,1.846354,0.693957,-0.374287,2.03935676e-04,-8.54029757e-07,1.38567568e-08,-1.09677996e-04,7.96470563e-07,1.33470274e-08,6.36237117e-01,9.24192998e-02,2.07307701e-02,2.99513793e+00,9.21808524e-06,1.062e-15,8.882e-16
17.6000,48.401566,38.539884,11.165910,31.918050,1.636138,-0.135683,1.846330,0.812319,-0.468172,2.38960757e-04,-7.60299485e-07,1.39231506e-08,-1.37364132e-04,8.17872909e-07,1.32181986e-08,6.36244558e-01,9.24217227e-02,2.07028328e-02,2.99515378e+00,9.22435393e-06,3.469e-16,1.110e-15
17.6200,48.444067,38.577965,11.140766,31.945753,1.636122,-0.136347,1.846303,0.916590,-0.552656,2.70380886e-04,-1.13631239e-07,1.32743351e-08,-1.62651821e-04,4.64086792e-07,1.36039838e-08,6.36253017e-01,9.24244217e-02,2.06691402e-02,2.99517380e+00,9.22948218e-06,5.343e-16,3.553e-15
17.6400,48.486574,38.616029,11.115594,31.973427,1.636110,-0.137011,1.846273,1.006412,-0.627118,2.97704767e-04,7.02042060e-07,1.38963047e-08,-1.85145469e-04,-5.44618560e-08,1.32411491e-08,6.36262529e-01,9.24274054e-02,2.06295160e-02,2.99519811e+00,9.23344364e-06,3.730e-16,1.776e-15
17.6600,48.529087,38.654075,11.090394,32.001073,1.636102,-0.137675,1.846241,1.081963,-0.691398,3.20506339e-04,1.20666079e-06,1.37342944e-08,-2.04494008e-04,-4.32318796e-07,1.32580000e-08,6.36272968e-01,9.24306407e-02,2.05846722e-02,2.99522622e+00,9.23627075e-06,5.924e-16,1.776e-15
17.6800,48.571607,38.692103,11.065165,32.028691,1.636097,-0.138338,1.846207,1.143038,-0.745224,3.38431530e-04,1.10649900e-06,1.32759953e-08,-2.20396330e-04,-4.48924981e-07,1.35805735e-08,6.36284062e-01,9.24340553e-02,2.05361547e-02,2.99525702e+00,9.23808614e-06,9.185e-16,2.665e-15
17.7000,48.614132,38.730114,11.039909,32.056280,1.636093,-0.139001,1.846172,1.188492,-0.787788,3.51203795e-04,4.65056215e-07,1.39683752e-08,-2.32605953e-04,-9.73423000e-08,1.31965979e-08,6.36295486e-01,9.24375626e-02,2.04858071e-02,2.99528920e+00,9.23908914e-06,1.096e-15,1.776e-15
17.7200,48.656663,38.768108,11.014626,32.083841,1.636090,-0.139665,1.846137,1.216366,-0.817740,3.58628349e-04,-3.37018228e-07,1.36302749e-08,-2.40934874e-04,4.13334587e-07,1.33589166e-08,6.36306974e-01,9.24410920e-02,2.04351254e-02,2.99532167e+00,9.23950994e-06,3.261e-16,1.776e-15
17.7400,48.699201,38.806084,10.989314,32.111373,1.636085,-0.140329,1.846103,1.224692,-0.833633,3.60595040e-04,-8.27789343e-07,1.33862480e-08,-2.45256515e-04,7.82315781e-07,1.35743323e-08,6.36318396e-01,9.24446092e-02,2.03848330e-02,2.99535392e+00,9.23960094e-06,7.824e-16,9.992e-16
17.7600,48.741744,38.844043,10.963974,32.138877,1.636080,-0.140993,1.846068,1.212424,-0.834526,3.57079868e-04,-7.21689126e-07,1.40315423e-08,-2.45507699e-04,7.94277215e-07,1.31823120e-08,6.36329755e-01,9.24481150e-02,2.03349081e-02,2.99538593e+00,9.23965331e-06,4.233e-16,3.997e-15
17.7800,48.784294,38.881984,10.938607,32.166352,1.636075,-0.141658,1.846033,1.179992,-0.820404,3.48145211e-04,-8.56209925e-08,1.35247890e-08,-2.41689574e-04,4.45010280e-07,1.34352251e-08,6.36341099e-01,9.24516219e-02,2.02850860e-02,2.99541788e+00,9.23997252e-06,4.389e-16,1.110e-15
17.8000,48.826849,38.919907,10.913212,32.193799,1.636070,-0.142322,1.845999,1.129183,-0.792196,3.33938766e-04,7.03076331e-07,1.34894814e-08,-2.33867492e-04,-5.77488270e-08,1.35168767e-08,6.36352406e-01,9.24551245e-02,2.02354781e-02,2.99544969e+00,9.24082729e-06,1.311e-15,9.992e-16
17.8200,48.869410,38.957814,10.887789,32.221218,1.636064,-0.142987,1.845964,1.062348,-0.751341,3.14691208e-04,1.18049639e-06,1.40360488e-08,-2.22169839e-04,-4.17828898e-07,1.31728634e-08,6.36363523e-01,9.24585820e-02,2.01869482e-02,2.99548075e+00,9.24243901e-06,8.257e-16,4.441e-15
17.8400,48.911978,38.995702,10.862338,32.248607,1.636055,-0.143651,1.845931,0.981475,-0.699188,2.90712547e-04,1.06906745e-06,1.34650916e-08,-2.06785880e-04,-4.25051892e-07,1.35124930e-08,6.36374171e-01,9.24619203e-02,2.01410582e-02,2.99550992e+00,9.24499928e-06,1.355e-15,4.441e-16
17.8600,48.954551,39.033574,10.836860,32.275969,1.636042,-0.144317,1.845901,0.887633,-0.636584,2.62387188e-04,4.38962790e-07,1.36692744e-08,-1.87962692e-04,-7.78610133e-08,1.34875577e-08,6.36384038e-01,9.24650565e-02,2.00995568e-02,2.99553593e+00,9.24865159e-06,1.367e-15,1.332e-15
17.8800,48.997130,39.071427,10.811354,32.303301,1.636025,-0.144984,1.845873,0.781087,-0.563849,2.30167730e-04,-3.35820054e-07,1.40826534e-08,-1.66001226e-04,4.17384317e-07,1.32350097e-08,6.36392890e-01,9.24679287e-02,2.00637376e-02,2.99555786e+00,9.25345151e-06,6.176e-16,1.776e-15
17.9000,49.039714,39.109263,10.785820,32.330606,1.636003,-0.145652,1.845847,0.662028,-0.481177,1.94567644e-04,-7.99318142e-07,1.34985278e-08,-1.41251551e-04,7.69077022e-07,1.36054773e-08,6.36400645e-01,9.24705150e-02,2.00340587e-02,2.99557533e+00,9.25937014e-06,6.731e-16,2.220e-15
17.9200,49.082304,39.147081,10.760259,32.357881,1.635976,-0.146321,1.845825,0.531467,-0.389212,1.56152994e-04,-6.81811859e-07,1.38664535e-08,-1.14107323e-04,7.72086677e-07,1.34542767e-08,6.36407358e-01,9.24728308e-02,2.00101859e-02,2.99558859e+00,9.26632636e-06,6.444e-16,1.332e-15
17.9400,49.124900,39.184882,10.734670,32.385129,1.635945,-0.146990,1.845805,0.391713,-0.289416,1.15533393e-04,-5.66333380e-08,1.40711005e-08,-8.49995390e-05,4.27420536e-07,1.32871119e-08,6.36413145e-01,9.24749068e-02,1.99914657e-02,2.99559809e+00,9.27418529e-06,4.372e-16,1.221e-15
17.9600,49.167502,39.222664,10.709053,32.412348,1.635909,-0.147659,1.845787,0.246202,-0.184045,7.33523695e-05,7.05565579e-07,1.35199568e-08,-5.43896632e-05,-5.99686538e-08,1.36369373e-08,6.36418068e-01,9.24767596e-02,1.99775487e-02,2.99560407e+00,9.28273720e-06,7.563e-16,8.882e-16
17.9800,49.210109,39.260429,10.683408,32.439539,1.635870,-0.148329,1.845772,0.098720,-0.075717,3.02772623e-05,1.15665262e-06,1.40158294e-08,-2.27622576e-05,-4.02997248e-07,1.33970299e-08,6.36422071e-01,9.24783742e-02,1.99687479e-02,2.99560632e+00,9.29171775e-06,9.506e-16,1.776e-15
18.0000,49.252721,39.298175,10.657735,32.466701,1.635825,-0.148999,1.845759,-0.047545,0.033198,-1.30112354e-05,1.03458716e-06,1.40404517e-08,9.38273260e-06,-4.01499748e-07,1.33558079e-08,6.36424991e-01,9.24797075e-02,1.99659710e-02,2.99560418e+00,9.30085398e-06,8.327e-16,1.110e-15
18.0200,49.295339,39.335903,10.632035,32.493835,1.635775,-0.149671,1.845750,-0.190536,0.140993,-5.58297902e-05,4.15717642e-07,1.36175268e-08,4.15378925e-05,-5.89761757e-08,1.36747365e-08,6.36426643e-01,9.24807106e-02,1.99702543e-02,2.99559691e+00,9.30987434e-06,7.147e-16,3.553e-15
18.0400,49.337962,39.373613,10.606306,32.520941,1.635718,-0.150343,1.845744,-0.329205,0.246637,-9.75032499e-05,-3.32689531e-07,1.41957185e-08,7.31963153e-05,4.21041294e-07,1.33859656e-08,6.36426930e-01,9.24813575e-02,1.99821432e-02,2.99558412e+00,9.31849701e-06,1.159e-15,1.776e-15
18.0600,49.380591,39.411305,10.580550,32.548018,1.635655,-0.151017,1.845742,-0.462826,0.349402,-1.37375381e-04,-7.70258589e-07,1.40335939e-08,1.03859538e-04,7.55936806e-07,1.34528496e-08,6.36425905e-01,9.24816631e-02,2.00013319e-02,2.99556601e+00,9.32645501e-06,6.592e-16,1.443e-15
18.0800,49.423224,39.448978,10.554766,32.575067,1.635587,-0.151691,1.845743,-0.590135,0.448315,-1.74819296e-04,-6.42496501e-07,1.37380250e-08,1.33045345e-04,7.50413555e-07,1.36799739e-08,6.36423761e-01,9.24816787e-02,2.00267449e-02,2.99554337e+00,9.33354101e-06,7.104e-16,1.110e-16
18.1000,49.465863,39.486633,10.528954,32.602088,1.635516,-0.152365,1.845746,-0.708869,0.541800,-2.09247344e-04,-2.86685343e-08,1.42923895e-08,1.60295337e-04,4.10380519e-07,1.33500890e-08,6.36420746e-01,9.24814701e-02,2.00569957e-02,2.99551719e+00,9.33961284e-06,7.936e-16,8.882e-16
18.1200,49.508507,39.524269,10.503114,32.629081,1.635441,-0.153039,1.845751,-0.815974,0.627728,-2.40120303e-04,7.07342125e-07,1.39561734e-08,1.85182162e-04,-6.20767214e-08,1.35020714e-08,6.36417054e-01,9.24810891e-02,2.00909980e-02,2.99548827e+00,9.34457459e-06,6.731e-16,2.220e-15
18.1400,49.551156,39.561886,10.477246,32.656046,1.635363,-0.153713,1.845757,-0.908345,0.703835,-2.66955724e-04,1.13280324e-06,1.38258932e-08,2.07316269e-04,-3.88767081e-07,1.36322106e-08,6.36412759e-01,9.24805556e-02,2.01283374e-02,2.99545692e+00,9.34839006e-06,1.624e-15,3.109e-15
18.1600,49.593810,39.599485,10.451351,32.682982,1.635282,-0.154388,1.845765,-0.983727,0.768302,-2.89335380e-04,1.00060226e-06,1.43344925e-08,2.26352049e-04,-3.79178833e-07,1.33266208e-08,6.36407832e-01,9.24798617e-02,2.01691888e-02,2.99542302e+00,9.35111202e-06,1.242e-15,3.109e-15
18.1800,49.636469,39.637065,10.425427,32.709890,1.635198,-0.155063,1.845774,-1.041225,0.820157,-3.06911743e-04,3.92788521e-07,1.39078752e-08,2.41993234e-04,-4.15575815e-08,1.35668933e-08,6.36402218e-01,9.24789924e-02,2.02138746e-02,2.99538635e+00,9.35287097e-06,4.233e-16,1.776e-15
18.2000,49.679133,39.674626,10.399476,32.736771,1.635111,-0.155738,1.845785,-1.081135,0.859257,-3.19413412e-04,-3.30167697e-07,1.39609638e-08,2.53997486e-04,4.23474165e-07,1.35999115e-08,6.36395935e-01,9.24779534e-02,2.02622862e-02,2.99534701e+00,9.35384016e-06,7.468e-16,3.553e-15
18.2200,49.721801,39.712168,10.373496,32.763623,1.635021,-0.156414,1.845798,-1.104253,0.885903,-3.26649396e-04,-7.43095475e-07,1.43560945e-08,2.62180087e-04,7.42100214e-07,1.33356771e-08,6.36389145e-01,9.24767869e-02,2.03135304e-02,2.99530563e+00,9.35423236e-06,6.904e-16,1.332e-15
18.2400,49.764475,39.749692,10.347489,32.790447,1.634930,-0.157089,1.845811,-1.111031,0.900305,-3.28512114e-04,-6.06124632e-07,1.38536303e-08,2.66416744e-04,7.28506346e-07,1.36050515e-08,6.36382124e-01,9.24755673e-02,2.03660377e-02,2.99526335e+00,9.35431259e-06,1.173e-15,8.882e-16
18.2600,49.807153,39.787197,10.321454,32.817242,1.634840,-0.157765,1.845823,-1.101099,0.902216,-3.24979029e-04,-3.98166584e-09,1.40357578e-08,2.66645457e-04,3.93200798e-07,1.35185267e-08,6.36375188e-01,9.24743783e-02,2.04180294e-02,2.99522143e+00,9.35437342e-06,4.372e-16,2.220e-15
18.2800,49.849837,39.824683,10.295392,32.844010,1.634751,-0.158439,1.845835,-1.073463,0.890965,-3.16112854e-04,7.06285533e-07,1.42669602e-08,2.62867459e-04,-6.46739869e-08,1.33135507e-08,6.36368587e-01,9.24732860e-02,2.04681013e-02,2.99518089e+00,9.35469082e-06,1.034e-15,4.441e-16
18.3000,49.892525,39.862150,10.269301,32.870750,1.634663,-0.159113,1.845845,-1.027207,0.865860,-3.02060366e-04,1.10697154e-06,1.37626190e-08,2.55147165e-04,-3.75626521e-07,1.35949835e-08,6.36362436e-01,9.24723212e-02,2.05155985e-02,2.99514221e+00,9.35551491e-06,7.425e-16,1.332e-15
18.3200,49.935218,39.899598,10.243183,32.897461,1.634578,-0.159786,1.845854,-0.962310,0.826713,-2.83049891e-04,9.65303346e-07,1.40818276e-08,2.43611122e-04,-3.58451491e-07,1.34328094e-08,6.36356734e-01,9.24714834e-02,2.05605301e-02,2.99510540e+00,9.35707954e-06,6.592e-16,8.882e-16
18.3400,49.977916,39.937028,10.217037,32.924144,1.634494,-0.160459,1.845862,-0.880111,0.774200,-2.59387559e-04,3.68575999e-07,1.41701871e-08,2.28445950e-04,-2.58431900e-08,1.33295208e-08,6.36351443e-01,9.24707620e-02,2.06031196e-02,2.99507031e+00,9.35957949e-06,6.722e-16,3.997e-15
18.3600,50.020618,39.974439,10.190864,32.950799,1.634412,-0.161132,1.845868,-0.783091,0.709817,-2.31452418e-04,-3.29592071e-07,1.37325288e-08,2.09895291e-04,4.24557792e-07,1.35991991e-08,6.36346580e-01,9.24701619e-02,2.06432622e-02,2.99503700e+00,9.36313363e-06,4.788e-16,1.332e-15
18.3800,50.063326,40.011831,10.164663,32.977426,1.634332,-0.161804,1.845873,-0.674148,0.635467,-1.99690447e-04,-7.18859878e-07,1.41302837e-08,1.88255845e-04,7.27542091e-07,1.33696759e-08,6.36342282e-01,9.24697191e-02,2.06801838e-02,2.99500603e+00,9.36778587e-06,6.453e-16,1.332e-15
18.4000,50.106038,40.049205,10.138435,33.004024,1.634256,-0.162476,1.845876,-0.555766,0.552918,-1.64607529e-04,-5.73397943e-07,1.40398944e-08,1.63872587e-04,7.06434968e-07,1.33459809e-08,6.36338784e-01,9.24694962e-02,2.07125451e-02,2.99497836e+00,9.37352684e-06,1.305e-15,1.110e-15
18.4200,50.148755,40.086561,10.112180,33.030595,1.634184,-0.163146,1.845875,-0.429530,0.463434,-1.26761428e-04,1.70514233e-08,1.36771939e-08,1.37133255e-04,3.76052280e-07,1.35520437e-08,6.36336336e-01,9.24695599e-02,2.07389199e-02,2.99495498e+00,9.38028628e-06,5.274e-16,2.665e-15
18.4400,50.191478,40.123898,10.085897,33.057136,1.634118,-0.163816,1.845871,-0.296286,0.367787,-8.67528818e-05,7.02324647e-07,1.40924751e-08,1.08462222e-04,-6.74764358e-08,1.32774358e-08,6.36335109e-01,9.24699551e-02,2.07583451e-02,2.99493660e+00,9.38791383e-06,7.980e-16,4.441e-16
18.4600,50.234205,40.161217,10.059587,33.083650,1.634057,-0.164484,1.845864,-0.156820,0.266635,-4.52159825e-05,1.07936856e-06,1.38606143e-08,7.83138073e-05,-3.63168676e-07,1.33449618e-08,6.36335131e-01,9.24706892e-02,2.07706648e-02,2.99492334e+00,9.39619701e-06,5.343e-16,1.443e-15
18.4800,50.276937,40.198518,10.033250,33.110135,1.634001,-0.165152,1.845854,-0.012617,0.161008,-2.80804109e-06,9.29173429e-07,1.36430626e-08,4.71651193e-05,-3.38789524e-07,1.34959504e-08,6.36336303e-01,9.24717355e-02,2.07764445e-02,2.99491480e+00,9.40489819e-06,8.136e-16,8.882e-16
18.5000,50.319674,40.235800,10.006886,33.136591,1.633949,-0.165819,1.845841,0.133744,0.052632,3.98008467e-05,3.43841037e-07,1.40649018e-08,1.55085116e-05,-1.11991107e-08,1.32320784e-08,6.36338483e-01,9.24730557e-02,2.07765038e-02,2.99491041e+00,9.41376105e-06,1.234e-15,8.882e-16
18.5200,50.362416,40.273065,9.980495,33.163019,1.633901,-0.166486,1.845825,0.278805,-0.056139,8.19383491e-05,-3.29909694e-07,1.37393710e-08,-1.61562285e-05,4.25006822e-07,1.33844281e-08,6.36341575e-01,9.24746245e-02,2.07713824e-02,2.99490977e+00,9.42250378e-06,1.173e-15,1.332e-15
18.5400,50.405163,40.310312,9.954077,33.189418,1.633857,-0.167153,1.845807,0.418977,-0.162743,1.22940421e-04,-6.96201121e-07,1.36662586e-08,-4.73298200e-05,7.13032398e-07,1.34538788e-08,6.36345590e-01,9.24764446e-02,2.07610217e-02,2.99491292e+00,9.43084546e-06,6.453e-16,1.776e-15
18.5600,50.447915,40.347541,9.927632,33.215789,1.633817,-0.167819,1.845786,0.551356,-0.264950,1.62161685e-04,-5.42683692e-07,1.40147945e-08,-7.75213999e-05,6.85007586e-07,1.32025862e-08,6.36350627e-01,9.24785427e-02,2.07448504e-02,2.99492028e+00,9.43854610e-06,9.368e-16,3.109e-15
18.5800,50.490672,40.384753,9.901161,33.242131,1.633782,-0.168484,1.845762,0.674166,-0.361213,1.98985554e-04,3.63056141e-08,1.36041019e-08,-1.06256258e-04,3.59775560e-07,1.33955349e-08,6.36356798e-01,9.24809479e-02,2.07222479e-02,2.99493227e+00,9.44541303e-06,5.621e-16,8.882e-16
18.6000,50.533435,40.421946,9.874663,33.268444,1.633752,-0.169148,1.845734,0.786618,-0.450659,2.32833965e-04,6.97520460e-07,1.36625766e-08,-1.33083270e-04,-6.96097134e-08,1.33753989e-08,6.36364128e-01,9.24836673e-02,2.06930714e-02,2.99494900e+00,9.45129079e-06,9.897e-16,2.220e-15
18.6200,50.576202,40.459123,9.848138,33.294728,1.633727,-0.169811,1.845704,0.888230,-0.532719,2.63176540e-04,1.05218622e-06,1.39217125e-08,-1.57581931e-04,-3.50485632e-07,1.31771646e-08,6.36372510e-01,9.24866716e-02,2.06579491e-02,2.99497004e+00,9.45607953e-06,4.788e-16,1.110e-15
18.6400,50.618975,40.496282,9.821587,33.320984,1.633705,-0.170475,1.845672,0.978090,-0.606647,2.89538970e-04,8.94494934e-07,1.35110089e-08,-1.79368908e-04,-3.19261159e-07,1.34133706e-08,6.36381716e-01,9.24899002e-02,2.06181839e-02,2.99499446e+00,9.45976279e-06,8.535e-16,8.882e-16
18.6600,50.661753,40.533424,9.795010,33.347211,1.633686,-0.171138,1.845638,1.054482,-0.671222,3.11510470e-04,3.20934179e-07,1.37201033e-08,-1.98104032e-04,3.30839527e-09,1.33339591e-08,6.36391480e-01,9.24932821e-02,2.05752869e-02,2.99502120e+00,9.46239954e-06,9.298e-16,3.331e-16
18.6800,50.704536,40.570548,9.768406,33.373409,1.633667,-0.171801,1.845603,1.115099,-0.724807,3.28750129e-04,-3.28713491e-07,1.38804820e-08,-2.13495639e-04,4.25727639e-07,1.32125632e-08,6.36401594e-01,9.24967619e-02,2.05304386e-02,2.99504939e+00,9.46409908e-06,6.870e-16,3.109e-15
18.7000,50.747324,40.607655,9.741776,33.399578,1.633650,-0.172465,1.845567,1.157744,-0.765749,3.40992119e-04,-6.72671564e-07,1.34990457e-08,-2.25305156e-04,6.99422412e-07,1.34500032e-08,6.36411959e-01,9.25003135e-02,2.04841937e-02,2.99507863e+00,9.46502286e-06,7.216e-16,1.332e-15
18.7200,50.790118,40.644745,9.715119,33.425718,1.633633,-0.173128,1.845531,1.181113,-0.792895,3.48049711e-04,-5.11527237e-07,1.37933674e-08,-2.33350836e-04,6.65002460e-07,1.32983571e-08,6.36422572e-01,9.25039362e-02,2.04365629e-02,2.99510891e+00,9.46539500e-06,7.147e-16,1.332e-15
18.7400,50.832916,40.681818,9.688436,33.451829,1.633618,-0.173791,1.845494,1.185181,-0.805906,3.49818092e-04,5.61898143e-08,1.38127003e-08,-2.37510562e-04,3.45070792e-07,1.32402989e-08,6.36433451e-01,9.25076350e-02,2.03874448e-02,2.99514028e+00,9.46547920e-06,1.228e-15,5.551e-16
18.7600,50.875720,40.718873,9.661727,33.477911,1.633603,-0.174454,1.845456,1.171016,-0.805219,3.46275949e-04,6.94173081e-07,1.34890922e-08,-2.37723663e-04,-7.04484551e-08,1.34481135e-08,6.36444544e-01,9.25113957e-02,2.03371377e-02,2.99517254e+00,9.46554166e-06,4.597e-16,1.110e-16
18.7800,50.918528,40.755912,9.634992,33.503965,1.633588,-0.175117,1.845418,1.140103,-0.791672,3.37485791e-04,1.02755801e-06,1.38480294e-08,-2.33991745e-04,-3.37023572e-07,1.32591964e-08,6.36455681e-01,9.25151732e-02,2.02866009e-02,2.99520499e+00,9.46584333e-06,9.871e-16,3.997e-15
18.8000,50.961342,40.792933,9.608231,33.529989,1.633572,-0.175781,1.845381,1.093585,-0.766002,3.23592936e-04,8.63196262e-07,1.37674479e-08,-2.26378559e-04,-2.99388492e-07,1.32916816e-08,6.36466595e-01,9.25188964e-02,2.02373405e-02,2.99523656e+00,9.46664349e-06,6.297e-16,1.332e-15
18.8200,51.004161,40.829937,9.581444,33.555984,1.633554,-0.176445,1.845345,1.031888,-0.728552,3.04823137e-04,3.01562537e-07,1.35647041e-08,-2.15008905e-04,1.80667549e-08,1.34705892e-08,6.36477001e-01,9.25224890e-02,2.01909668e-02,2.99526608e+00,9.46817451e-06,5.274e-16,8.882e-16
18.8400,51.046985,40.866924,9.554630,33.581951,1.633532,-0.177110,1.845312,0.954911,-0.679308,2.81478887e-04,-3.24519599e-07,1.39566082e-08,-2.00066627e-04,4.26996910e-07,1.32719076e-08,6.36486684e-01,9.25258946e-02,2.01486672e-02,2.99529268e+00,9.47060771e-06,7.147e-16,6.661e-16
18.8600,51.089814,40.903894,9.527790,33.607888,1.633506,-0.177776,1.845280,0.862671,-0.618266,2.53934456e-04,-6.47012764e-07,1.37754135e-08,-1.81791684e-04,6.86861080e-07,1.33714136e-08,6.36495556e-01,9.25290898e-02,2.01109264e-02,2.99531600e+00,9.47405179e-06,9.090e-16,4.441e-15
18.8800,51.132648,40.940847,9.500924,33.633797,1.633476,-0.178443,1.845250,0.756029,-0.545903,2.22629820e-04,-4.78910166e-07,1.36745031e-08,-1.60476339e-04,6.46434369e-07,1.34790996e-08,6.36503636e-01,9.25320797e-02,2.00776277e-02,2.99533611e+00,9.47856535e-06,4.675e-16,1.776e-15
18.9000,51.175487,40.977782,9.474032,33.659677,1.633443,-0.179110,1.845223,0.637020,-0.463463,1.88063611e-04,7.74524922e-08,1.40242455e-08,-1.36460488e-04,3.31825553e-07,1.32715840e-08,6.36510976e-01,9.25348788e-02,2.00484626e-02,2.99535322e+00,9.48414431e-06,8.188e-16,8.882e-16
18.9200,51.218331,41.014699,9.447114,33.685527,1.633407,-0.179777,1.845197,0.508620,-0.372869,1.50785210e-04,6.92725181e-07,1.37579736e-08,-1.10126210e-04,-7.02162646e-08,1.34182017e-08,6.36517576e-01,9.25374870e-02,2.00234268e-02,2.99536732e+00,9.49070351e-06,4.996e-16,3.109e-15
18.9400,51.261179,41.051599,9.420170,33.711349,1.633366,-0.180444,1.845173,0.374060,-0.276342,1.11386102e-04,1.00559369e-06,1.37790844e-08,-8.18916469e-05,-3.23101116e-07,1.34613742e-08,6.36523335e-01,9.25398777e-02,2.00030810e-02,2.99537801e+00,9.49809134e-06,7.919e-16,9.992e-16
18.9600,51.304032,41.088482,9.393199,33.737142,1.633321,-0.181113,1.845153,0.236069,-0.175897,7.04905702e-05,8.35048119e-07,1.40841943e-08,-5.22043301e-05,-2.79575979e-07,1.32918752e-08,6.36528076e-01,9.25420033e-02,1.99884257e-02,2.99538457e+00,9.50611783e-06,8.119e-16,3.997e-15
18.9800,51.346890,41.125347,9.366203,33.762907,1.633270,-0.181782,1.845135,0.096483,-0.073031,2.87458238e-05,2.85176186e-07,1.37967303e-08,-2.15340831e-05,3.25850359e-08,1.34867312e-08,6.36531614e-01,9.25438152e-02,1.99804864e-02,2.99538625e+00,9.51455760e-06,1.013e-15,1.776e-15
19.0000,51.389753,41.162194,9.339180,33.788642,1.633213,-0.182453,1.845121,-0.043562,0.031240,-1.31882754e-05,-3.18165565e-07,1.39390971e-08,9.63438143e-06,4.28231285e-07,1.34687426e-08,6.36533851e-01,9.25452869e-02,1.99798198e-02,2.99538266e+00,9.52314603e-06,7.268e-16,8.882e-16
19.0200,51.432620,41.199023,9.312130,33.814349,1.633151,-0.183124,1.845110,-0.183025,0.136037,-5.46497259e-05,-6.20316153e-07,1.41528914e-08,4.08090752e-05,6.74669603e-07,1.33385122e-08,6.36534816e-01,9.25464270e-02,1.99862467e-02,2.99537391e+00,9.53160510e-06,8.743e-16,8.882e-16
19.0400,51.475491,41.235835,9.285055,33.840027,1.633083,-0.183796,1.845102,-0.320289,0.240182,-9.49849090e-05,-4.46155925e-07,1.38435305e-08,7.14984655e-05,6.28536310e-07,1.35330915e-08,6.36534649e-01,9.25472732e-02,1.99989748e-02,2.99536057e+00,9.53967862e-06,5.568e-16,9.992e-16
19.0600,51.518367,41.272628,9.257953,33.865676,1.633011,-0.184468,1.845097,-0.452838,0.341935,-1.33558915e-04,9.85452874e-08,1.40538418e-08,1.01219222e-04,3.19203866e-07,1.34394800e-08,6.36533528e-01,9.25478728e-02,2.00170091e-02,2.99534335e+00,9.54713911e-06,5.829e-16,1.110e-15
19.0800,51.561248,41.309403,9.230825,33.891297,1.632934,-0.185141,1.845094,-0.577529,0.439093,-1.69765496e-04,6.91404485e-07,1.41490871e-08,1.29503855e-04,-6.97911094e-08,1.33555399e-08,6.36531580e-01,9.25482600e-02,2.00396307e-02,2.99532279e+00,9.55378469e-06,1.450e-15,2.220e-15
19.1000,51.604133,41.346160,9.203671,33.916889,1.632855,-0.185813,1.845093,-0.691258,0.529375,-2.03036514e-04,9.84305671e-07,1.38679667e-08,1.55908116e-04,-3.09612034e-07,1.35425605e-08,6.36528839e-01,9.25484434e-02,2.00666650e-02,2.99529900e+00,9.55946080e-06,1.048e-15,8.882e-16
19.1200,51.647022,41.382899,9.176490,33.942452,1.632771,-0.186487,1.845094,-0.791682,0.610902,-2.32850781e-04,8.07875618e-07,1.41504284e-08,1.80018005e-04,-2.60715850e-07,1.34114591e-08,6.36525260e-01,9.25484115e-02,2.00983633e-02,2.99527184e+00,9.56408682e-06,3.469e-16,1.776e-15
19.1400,51.689915,41.419620,9.149283,33.967987,1.632683,-0.187160,1.845097,-0.877588,0.682505,-2.58742201e-04,2.69461162e-07,1.41525946e-08,2.01456261e-04,4.59799399e-08,1.33987919e-08,6.36520797e-01,9.25481517e-02,2.01349994e-02,2.99524110e+00,9.56765175e-06,7.702e-16,1.776e-15
19.1600,51.732812,41.456323,9.122050,33.993493,1.632591,-0.187835,1.845102,-0.948689,0.743664,-2.80307090e-04,-3.12044083e-07,1.39362948e-08,2.19888236e-04,4.28556876e-07,1.35619005e-08,6.36515479e-01,9.25476719e-02,2.01764147e-02,2.99520691e+00,9.57019808e-06,4.562e-16,9.992e-16
19.1800,51.775714,41.493007,9.094790,34.018971,1.632496,-0.188509,1.845110,-1.005005,0.794169,-2.97210550e-04,-5.94996193e-07,1.42389272e-08,2.35027075e-04,6.61985388e-07,1.33953277e-08,6.36509455e-01,9.25470121e-02,2.02217682e-02,2.99516988e+00,9.57182821e-06,5.759e-16,1.332e-15
19.2000,51.818620,41.529672,9.067504,34.044420,1.632399,-0.189184,1.845118,-1.046210,0.833686,-3.09191739e-04,-4.15658816e-07,1.41214963e-08,2.46638142e-04,6.10467383e-07,1.34269940e-08,6.36502972e-01,9.25462382e-02,2.02696687e-02,2.99513101e+00,9.57271414e-06,7.728e-16,1.332e-15
19.2200,51.861530,41.566320,9.040192,34.069841,1.632300,-0.189858,1.845127,-1.071315,0.861501,-3.16067911e-04,1.17117982e-07,1.39602485e-08,2.54542656e-04,3.06406840e-07,1.35309519e-08,6.36496298e-01,9.25454220e-02,2.03185984e-02,2.99509138e+00,9.57307733e-06,6.106e-16,1.776e-15
19.2400,51.904444,41.602948,9.012853,34.095233,1.632202,-0.190532,1.845136,-1.078904,0.876593,-3.17737160e-04,6.87918742e-07,1.42401884e-08,2.58620471e-04,-6.99040915e-08,1.33453959e-08,6.36489643e-01,9.25446192e-02,2.03673772e-02,2.99505186e+00,9.57315867e-06,9.229e-16,3.553e-15
19.2600,51.947362,41.639559,8.985489,34.120596,1.632104,-0.191205,1.845144,-1.067778,0.878012,-3.14179851e-04,9.61477314e-07,1.40392198e-08,2.58811940e-04,-2.97196515e-07,1.34289502e-08,6.36483111e-01,9.25438571e-02,2.04154248e-02,2.99501287e+00,9.57321252e-06,6.418e-16,6.661e-16
19.2800,51.990284,41.676151,8.958098,34.145931,1.632006,-0.191879,1.845151,-1.037612,0.865316,-3.05458749e-04,7.79568758e-07,1.39776055e-08,2.55118817e-04,-2.43343914e-07,1.34892136e-08,6.36476719e-01,9.25431399e-02,2.04626544e-02,2.99497449e+00,9.57350629e-06,9.090e-16,5.551e-16
19.3000,52.033210,41.712724,8.930681,34.171237,1.631909,-0.192552,1.845158,-0.989265,0.838832,-2.91717904e-04,2.52461469e-07,1.42335015e-08,2.47604151e-04,5.78210756e-08,1.33241173e-08,6.36470465e-01,9.25424675e-02,2.05090693e-02,2.99493671e+00,9.57429447e-06,8.257e-16,8.882e-16
19.3200,52.076140,41.749280,8.903238,34.196515,1.631813,-0.193225,1.845165,-0.924554,0.799585,-2.73180319e-04,-3.07903622e-07,1.39837299e-08,2.36391187e-04,4.27642490e-07,1.34502278e-08,6.36464412e-01,9.25418556e-02,2.05543302e-02,2.99489979e+00,9.57578739e-06,1.346e-15,8.882e-16
19.3400,52.119075,41.785817,8.875769,34.221764,1.631718,-0.193897,1.845170,-0.845603,0.748926,-2.50144405e-04,-5.72548199e-07,1.40056082e-08,2.21661306e-04,6.48570108e-07,1.34490232e-08,6.36458717e-01,9.25413470e-02,2.05975282e-02,2.99486437e+00,9.57814726e-06,6.314e-16,5.329e-15
19.3600,52.162013,41.822336,8.848274,34.246985,1.631626,-0.194569,1.845174,-0.754179,0.688091,-2.22979250e-04,-3.88634635e-07,1.41806776e-08,2.03651060e-04,5.92082803e-07,1.32980492e-08,6.36453617e-01,9.25410046e-02,2.06373133e-02,2.99483141e+00,9.58149311e-06,5.846e-16,4.441e-16
19.3800,52.204955,41.858836,8.820753,34.272176,1.631537,-0.195240,1.845175,-0.651377,0.617938,-1.92118726e-04,1.32239491e-07,1.38851602e-08,1.82648377e-04,2.93392505e-07,1.34324393e-08,6.36449352e-01,9.25408923e-02,2.06723186e-02,2.99480188e+00,9.58588422e-06,4.788e-16,1.776e-15
19.4000,52.247902,41.895319,8.793206,34.297340,1.631453,-0.195910,1.845174,-0.537815,0.539000,-1.58054520e-04,6.81613332e-07,1.39755029e-08,1.58987983e-04,-7.04809970e-08,1.33710913e-08,6.36446087e-01,9.25410536e-02,2.07016117e-02,2.99477646e+00,9.59130191e-06,4.259e-16,3.109e-15
19.4200,52.290852,41.931783,8.765634,34.322474,1.631373,-0.196579,1.845169,-0.414235,0.451827,-1.21328226e-04,9.36722443e-07,1.40726673e-08,1.33046114e-04,-2.85654214e-07,1.32636360e-08,6.36443868e-01,9.25415006e-02,2.07249295e-02,2.99475534e+00,9.59766006e-06,6.384e-16,1.776e-15
19.4400,52.333807,41.968230,8.738035,34.347580,1.631298,-0.197248,1.845162,-0.282115,0.357392,-8.25226698e-05,7.50013088e-07,1.37969184e-08,1.05234563e-04,-2.27134303e-07,1.34138877e-08,6.36442645e-01,9.25422196e-02,2.07425685e-02,2.99473832e+00,9.60482506e-06,5.482e-16,4.441e-16
19.4600,52.376766,42.004659,8.710412,34.372657,1.631226,-0.197916,1.845152,-0.143916,0.257312,-4.22526397e-05,2.34349199e-07,1.39685860e-08,7.59941431e-05,6.85476104e-08,1.33205909e-08,6.36442339e-01,9.25431890e-02,2.07549822e-02,2.99472507e+00,9.61261516e-06,9.021e-16,1.332e-15
19.4800,52.419729,42.041070,8.682762,34.397705,1.631158,-0.198583,1.845140,-0.002832,0.153749,-1.15519012e-06,-3.05266369e-07,1.39900659e-08,4.57876721e-05,4.26020808e-07,1.32681129e-08,6.36442919e-01,9.25444005e-02,2.07623475e-02,2.99471548e+00,9.62079797e-06,1.062e-15,1.332e-15
19.5000,52.462697,42.077464,8.655087,34.422724,1.631094,-0.199251,1.845125,0.137862,0.049034,4.01203632e-05,-5.52179064e-07,1.37468951e-08,1.50926060e-05,6.35030548e-07,1.34033386e-08,6.36444439e-01,9.25458685e-02,2.07643539e-02,2.99470975e+00,9.62911432e-06,3.643e-16,7.772e-16
19.5200,52.505668,42.113840,8.627387,34.447714,1.631035,-0.199917,1.845107,0.275479,-0.054781,8.09226365e-05,-3.63985318e-07,1.39469987e-08,-1.56065364e-05,5.74050928e-07,1.32682953e-08,6.36447017e-01,9.25476246e-02,2.07603253e-02,2.99470837e+00,9.63730833e-06,6.245e-16,1.110e-15
19.5400,52.548644,42.150198,8.599662,34.472676,1.630981,-0.200582,1.845086,0.408225,-0.156183,1.20608439e-04,1.45281452e-07,1.38702580e-08,-4.58258214e-05,2.80887236e-07,1.32559872e-08,6.36450766e-01,9.25496986e-02,2.07496200e-02,2.99471179e+00,9.64513431e-06,8.266e-16,4.441e-16
19.5600,52.591624,42.186539,8.571911,34.497608,1.630932,-0.201247,1.845062,0.535004,-0.254149,1.58552951e-04,6.74089619e-07,1.36779582e-08,-7.50894993e-05,-7.07364646e-08,1.33606497e-08,6.36455718e-01,9.25520991e-02,2.07320644e-02,2.99472015e+00,9.65235880e-06,9.784e-16,1.332e-15
19.5800,52.634609,42.222864,8.544135,34.522511,1.630888,-0.201910,1.845034,0.654849,-0.347820,1.94159637e-04,9.11829393e-07,1.39003411e-08,-1.02937453e-04,-2.74142679e-07,1.32152008e-08,6.36461789e-01,9.25548030e-02,2.07081533e-02,2.99473309e+00,9.65878426e-06,1.173e-15,1.776e-15
19.6000,52.677598,42.259170,8.516335,34.547385,1.630848,-0.202574,1.845004,0.766329,-0.436114,2.26869679e-04,7.21153076e-07,1.37704161e-08,-1.28932404e-04,-2.11198197e-07,1.32638422e-08,6.36468800e-01,9.25577621e-02,2.06789197e-02,2.99474989e+00,9.66427455e-06,9.602e-16,8.882e-16
19.6200,52.720591,42.295460,8.488509,34.572231,1.630811,-0.203237,1.844972,0.867320,-0.517519,2.56170772e-04,2.17207689e-07,1.36727047e-08,-1.52666780e-04,7.90735449e-08,1.33456605e-08,6.36476545e-01,9.25609218e-02,2.06455381e-02,2.99476972e+00,9.66875423e-06,5.759e-16,2.665e-15
19.6400,52.763589,42.331733,8.460658,34.597047,1.630776,-0.203900,1.844938,0.955262,-0.590194,2.81605100e-04,-3.01921733e-07,1.38992060e-08,-1.73769130e-04,4.24604092e-07,1.32082764e-08,6.36484870e-01,9.25642407e-02,2.06088872e-02,2.99479194e+00,9.67220034e-06,5.343e-16,1.221e-15
19.6600,52.806591,42.367990,8.432783,34.621833,1.630743,-0.204563,1.844903,1.027776,-0.652332,3.02776418e-04,-5.31569377e-07,1.37181228e-08,-1.91909984e-04,6.22252481e-07,1.32950787e-08,6.36493709e-01,9.25677011e-02,2.05693456e-02,2.99481629e+00,9.67465271e-06,6.731e-16,4.441e-15
19.6800,52.849597,42.404229,8.404882,34.646591,1.630713,-0.205226,1.844867,1.083304,-0.702588,3.19356162e-04,-3.39317116e-07,1.36912286e-08,-2.06807017e-04,5.57214434e-07,1.33254492e-08,6.36503060e-01,9.25713031e-02,2.05269121e-02,2.99484274e+00,9.67622384e-06,7.078e-16,5.329e-15
19.7000,52.892608,42.440451,8.376957,34.671319,1.630684,-0.205888,1.844829,1.121371,-0.740318,3.31088530e-04,1.58660305e-07,1.38733013e-08,-2.18229444e-04,2.69684358e-07,1.31941559e-08,6.36512926e-01,9.25750473e-02,2.04815772e-02,2.99487131e+00,9.67708271e-06,5.898e-16,8.882e-16
19.7200,52.935624,42.476657,8.349007,34.696019,1.630658,-0.206550,1.844790,1.142368,-0.765502,3.37794468e-04,6.67727439e-07,1.36587857e-08,-2.26001567e-04,-6.99267734e-08,1.33057736e-08,6.36523238e-01,9.25789154e-02,2.04337316e-02,2.99490172e+00,9.67743165e-06,4.372e-16,1.776e-15
19.7400,52.978643,42.512846,8.321033,34.720689,1.630632,-0.207212,1.844750,1.146971,-0.778418,3.39374471e-04,8.89087547e-07,1.37181243e-08,-2.30005432e-04,-2.61969411e-07,1.32986326e-08,6.36533827e-01,9.25828619e-02,2.03843469e-02,2.99493328e+00,9.67750265e-06,1.131e-15,1.332e-15
19.7600,53.021667,42.549019,8.293034,34.745329,1.630606,-0.207874,1.844710,1.135552,-0.779246,3.35810112e-04,6.95149558e-07,1.38684295e-08,-2.30182595e-04,-1.94902858e-07,1.32083130e-08,6.36544445e-01,9.25868209e-02,2.03348267e-02,2.99496498e+00,9.67755462e-06,3.816e-16,1.110e-15
19.7800,53.064696,42.585174,8.265010,34.769941,1.630579,-0.208537,1.844670,1.107923,-0.767851,3.27164247e-04,2.03048929e-07,1.36705282e-08,-2.26534967e-04,8.99549370e-08,1.33471311e-08,6.36554837e-01,9.25907238e-02,2.02866210e-02,2.99499577e+00,9.67784817e-06,7.147e-16,3.553e-15
19.8000,53.107729,42.621313,8.236962,34.794523,1.630550,-0.209201,1.844632,1.063585,-0.743874,3.13579876e-04,-2.96017419e-07,1.38101780e-08,-2.19124741e-04,4.23850918e-07,1.33070380e-08,6.36564809e-01,9.25945196e-02,2.02408053e-02,2.99502488e+00,9.67861746e-06,5.577e-16,3.553e-15
19.8200,53.150766,42.657436,8.208889,34.819076,1.630518,-0.209865,1.844595,1.002292,-0.707061,2.95277720e-04,-5.09039328e-07,1.38986791e-08,-2.08073376e-04,6.10579690e-07,1.32508876e-08,6.36574272e-01,9.25981846e-02,2.01978803e-02,2.99505193e+00,9.68006452e-06,8.812e-16,1.221e-15
19.8400,53.193807,42.693541,8.180791,34.843599,1.630484,-0.210529,1.844560,0.924626,-0.657649,2.72552572e-04,-3.13147860e-07,1.37096063e-08,-1.93559638e-04,5.41795237e-07,1.33792987e-08,6.36583213e-01,9.26017157e-02,2.01579001e-02,2.99507686e+00,9.68235808e-06,5.386e-16,8.882e-16
19.8600,53.236853,42.729630,8.152669,34.868094,1.630448,-0.211194,1.844526,0.832222,-0.596573,2.45768540e-04,1.73624240e-07,1.38859267e-08,-1.75816704e-04,2.59887170e-07,1.32969072e-08,6.36591635e-01,9.26051143e-02,2.01208309e-02,2.99509970e+00,9.68561420e-06,1.117e-15,2.665e-15
19.8800,53.279903,42.765702,8.124522,34.892559,1.630408,-0.211859,1.844493,0.727503,-0.525362,2.15353258e-04,6.63501024e-07,1.39020397e-08,-1.55128395e-04,-6.80568107e-08,1.32773382e-08,6.36599491e-01,9.26083678e-02,2.00869364e-02,2.99512023e+00,9.68987790e-06,1.277e-15,4.441e-16
19.9000,53.322957,42.801758,8.096351,34.916995,1.630365,-0.212525,1.844462,0.613083,-0.445785,1.81791126e-04,8.69166493e-07,1.37578688e-08,-1.31824595e-04,-2.49237410e-07,1.33956901e-08,6.36606650e-01,9.26114411e-02,2.00569566e-02,2.99513794e+00,9.69512935e-06,5.967e-16,8.882e-16
19.9200,53.366016,42.837796,8.068155,34.941402,1.630318,-0.213191,1.844434,0.491174,-0.359456,1.45615657e-04,6.72355950e-07,1.39773605e-08,-1.06275970e-04,-1.78445838e-07,1.33027474e-08,6.36612921e-01,9.26142835e-02,2.00319585e-02,2.99515205e+00,9.70129626e-06,8.396e-16,6.661e-16
19.9400,53.409078,42.873817,8.039935,34.965779,1.630266,-0.213858,1.844409,0.363315,-0.267601,1.07401012e-04,1.91918312e-07,1.39468991e-08,-7.88880731e-05,1.00896160e-07,1.33343632e-08,6.36618123e-01,9.26168464e-02,2.00129642e-02,2.99516181e+00,9.70824967e-06,9.714e-16,1.776e-15
19.9600,53.452144,42.909821,8.011690,34.990128,1.630209,-0.214526,1.844386,0.230596,-0.171131,6.77528432e-05,-2.87796095e-07,1.38647206e-08,-5.00949390e-05,4.23360640e-07,1.34311833e-08,6.36622149e-01,9.26191019e-02,2.00005618e-02,2.99516680e+00,9.71580157e-06,7.425e-16,1.776e-15
19.9800,53.495215,42.945809,7.983420,35.014447,1.630146,-0.215195,1.844367,0.094190,-0.070948,2.72986354e-05,-4.85100478e-07,1.40843166e-08,-2.03522433e-05,5.99503444e-07,1.33242461e-08,6.36625002e-01,9.26210513e-02,1.99947188e-02,2.99516703e+00,9.72372557e-06,1.006e-15,1.332e-15
20.0000,53.538289,42.981778,7.955126,35.038737,1.630078,-0.215865,1.844351,-0.044124,0.031702,-1.33222848e-05,-2.86247939e-07,1.39855087e-08,9.86988270e-06,5.27182699e-07,1.33797573e-08,6.36626772e-01,9.26227192e-02,1.99949184e-02,2.99516286e+00,9.73178173e-06,7.008e-16,9.992e-16
20.0200,53.581367,43.017731,7.926807,35.062998,1.630005,-0.216535,1.844337,-0.181768,0.135051,-5.34688608e-05,1.89142984e-07,1.39470578e-08,4.00942851e-05,2.50799903e-07,1.34307782e-08,6.36627573e-01,9.26241357e-02,2.00005223e-02,2.99515475e+00,9.73972290e-06,7.667e-16,2.665e-15
20.0400,53.624449,43.053666,7.898463,35.087230,1.629929,-0.217205,1.844326,-0.315645,0.236929,-9.25083824e-05,6.60116868e-07,1.41380946e-08,6.98443474e-05,-6.58848728e-08,1.33210230e-08,6.36627471e-01,9.26253194e-02,2.00111443e-02,2.99514298e+00,9.74730007e-06,6.523e-16,8.882e-16
20.0600,53.667534,43.089584,7.870095,35.111433,1.629848,-0.217876,1.844316,-0.442739,0.335119,-1.29826388e-04,8.50515540e-07,1.40015391e-08,9.86515427e-05,-2.36746002e-07,1.34061196e-08,6.36626461e-01,9.26262683e-02,2.00268291e-02,2.99512753e+00,9.75428667e-06,9.368e-16,1.776e-15
20.0800,53.710624,43.125484,7.841701,35.135608,1.629762,-0.218548,1.844310,-0.560690,0.427748,-1.64836280e-04,6.50988049e-07,1.40346254e-08,1.26062835e-04,-1.62653048e-07,1.34282159e-08,6.36624483e-01,9.26269665e-02,2.00479187e-02,2.99510815e+00,9.76050276e-06,4.510e-16,4.441e-16
20.1000,53.753717,43.161367,7.813283,35.159753,1.629672,-0.219220,1.844306,-0.668045,0.513513,-1.96988532e-04,1.81839892e-07,1.41997029e-08,1.51647799e-04,1.11050928e-07,1.33415736e-08,6.36621489e-01,9.26274012e-02,2.00746931e-02,2.99508466e+00,9.76581748e-06,8.344e-16,7.772e-16
20.1200,53.796813,43.197232,7.784841,35.183869,1.629577,-0.219892,1.844305,-0.764037,0.591603,-2.25779353e-04,-2.79374296e-07,1.40458366e-08,1.75005352e-04,4.22268734e-07,1.34453028e-08,6.36617505e-01,9.26275794e-02,2.01070094e-02,2.99505716e+00,9.77014750e-06,7.494e-16,9.992e-16
20.1400,53.839913,43.233079,7.756373,35.207956,1.629478,-0.220565,1.844306,-0.848058,0.661400,-2.50758646e-04,-4.61961942e-07,1.41253635e-08,1.95770000e-04,5.88145480e-07,1.34239332e-08,6.36612659e-01,9.26275360e-02,2.01441382e-02,2.99502617e+00,9.77347071e-06,7.312e-16,4.441e-16
20.1600,53.883017,43.268909,7.727881,35.232015,1.629376,-0.221239,1.844308,-0.919145,0.722131,-2.71537097e-04,-2.60883123e-07,1.42208536e-08,2.13617535e-04,5.12497106e-07,1.33482289e-08,6.36607160e-01,9.26273267e-02,2.01849047e-02,2.99499255e+00,9.77583696e-06,1.217e-15,1.332e-15
20.1800,53.926124,43.304721,7.699364,35.256044,1.629272,-0.221912,1.844312,-0.975796,0.772698,-2.87792249e-04,2.02916835e-07,1.40451006e-08,2.28270097e-04,2.41562198e-07,1.34438209e-08,6.36601228e-01,9.26270106e-02,2.02280595e-02,2.99495719e+00,9.77735618e-06,8.474e-16,2.665e-15
20.2000,53.969234,43.340515,7.670823,35.280045,1.629167,-0.222585,1.844316,-1.016232,0.811787,-2.99273468e-04,6.55258303e-07,1.41551526e-08,2.39500530e-04,-6.42272085e-08,1.33833897e-08,6.36595033e-01,9.26266330e-02,2.02726496e-02,2.99492079e+00,9.77818208e-06,1.166e-15,2.220e-15
20.2200,54.012348,43.376291,7.642256,35.304017,1.629061,-0.223257,1.844321,-1.038960,0.838205,-3.05805733e-04,8.30823785e-07,1.41907976e-08,2.47135931e-04,-2.25245574e-07,1.33392500e-08,6.36588661e-01,9.26262167e-02,2.03181907e-02,2.99488370e+00,9.77851086e-06,9.081e-16,1.443e-15
20.2400,54.055466,43.412049,7.613666,35.327960,1.628954,-0.223930,1.844326,-1.043313,0.851241,-3.07292254e-04,6.28776116e-07,1.40393494e-08,2.51060339e-04,-1.48195378e-07,1.34359648e-08,6.36582140e-01,9.26257684e-02,2.03645464e-02,2.99484604e+00,9.77857783e-06,6.176e-16,1.776e-15
20.2600,54.098587,43.447790,7.585050,35.351874,1.628846,-0.224603,1.844331,-1.029642,0.850862,-3.03715885e-04,1.70634250e-07,1.41866979e-08,2.51216485e-04,1.19831322e-07,1.33589001e-08,6.36575494e-01,9.26252947e-02,2.04115807e-02,2.99480790e+00,9.77863411e-06,1.159e-15,8.882e-16
20.2800,54.141711,43.483513,7.556410,35.375759,1.628738,-0.225275,1.844336,-0.999079,0.837613,-2.95139336e-04,-2.72787746e-07,1.41654885e-08,2.47606595e-04,4.20068503e-07,1.33489463e-08,6.36568807e-01,9.26248181e-02,2.04588116e-02,2.99476964e+00,9.77892197e-06,6.245e-16,1.554e-15
20.3000,54.184838,43.519217,7.527745,35.399616,1.628630,-0.225948,1.844340,-0.952984,0.812301,-2.81704148e-04,-4.41469951e-07,1.40366617e-08,2.40292246e-04,5.76079456e-07,1.34227133e-08,6.36562251e-01,9.26243843e-02,2.05052698e-02,2.99473195e+00,9.77966803e-06,1.221e-15,3.331e-16
20.3200,54.227969,43.554905,7.499056,35.423443,1.628524,-0.226620,1.844344,-0.892423,0.775637,-2.63628414e-04,-2.38680867e-07,1.41768111e-08,2.29393299e-04,4.97397747e-07,1.33192429e-08,6.36556054e-01,9.26240545e-02,2.05496432e-02,2.99469577e+00,9.78107772e-06,5.204e-16,8.882e-16
20.3400,54.271103,43.590574,7.470342,35.447242,1.628421,-0.227291,1.844346,-0.817970,0.728057,-2.41203249e-04,2.13549568e-07,1.40840082e-08,2.15085940e-04,2.31931110e-07,1.33289557e-08,6.36550443e-01,9.26238891e-02,2.05906421e-02,2.99466201e+00,9.78331404e-06,7.286e-16,7.772e-16
20.3600,54.314241,43.626226,7.441604,35.471012,1.628320,-0.227961,1.844345,-0.729936,0.669808,-2.14788063e-04,6.47763305e-07,1.39871523e-08,1.97599863e-04,-6.32143914e-08,1.33733969e-08,6.36545575e-01,9.26239300e-02,2.06273666e-02,2.99463132e+00,9.78647902e-06,1.090e-15,8.882e-16
20.3800,54.357382,43.661860,7.412841,35.494752,1.628223,-0.228630,1.844342,-0.628887,0.601247,-1.84804741e-04,8.09167665e-07,1.41216594e-08,1.77214616e-04,-2.14743622e-07,1.32697158e-08,6.36541514e-01,9.26241937e-02,2.06594622e-02,2.99460396e+00,9.79061581e-06,7.702e-16,8.882e-16
20.4000,54.400527,43.697477,7.384054,35.518464,1.628130,-0.229299,1.844337,-0.516128,0.523181,-1.51730852e-04,6.05049936e-07,1.39976994e-08,1.54255157e-04,-1.34956485e-07,1.33155531e-08,6.36538251e-01,9.26246770e-02,2.06869937e-02,2.99457989e+00,9.79571427e-06,4.510e-16,9.992e-16
20.4200,54.443675,43.733077,7.355243,35.542147,1.628040,-0.229968,1.844330,-0.393854,0.437011,-1.16092039e-04,1.57907163e-07,1.39615753e-08,1.29086666e-04,1.27469131e-07,1.33408483e-08,6.36535761e-01,9.26253731e-02,2.07101058e-02,2.99455902e+00,9.80170354e-06,3.886e-16,5.551e-16
20.4400,54.486826,43.768659,7.326408,35.565801,1.627953,-0.230636,1.844321,-0.264877,0.344617,-7.84537060e-05,-2.68130265e-07,1.40794753e-08,1.02108714e-04,4.17092573e-07,1.32479316e-08,6.36534064e-01,9.26262872e-02,2.07286790e-02,2.99454142e+00,9.80844862e-06,9.324e-16,1.332e-15
20.4600,54.529981,43.804224,7.297549,35.589425,1.627870,-0.231303,1.844309,-0.132062,0.248026,-3.94121060e-05,-4.23403748e-07,1.39241655e-08,7.37488832e-05,5.63725173e-07,1.33095128e-08,6.36533251e-01,9.26274435e-02,2.07421952e-02,2.99452747e+00,9.81576724e-06,1.166e-15,6.661e-16
20.4800,54.573140,43.839772,7.268666,35.613021,1.627792,-0.231970,1.844294,0.002196,0.149045,4.15049722e-07,-2.19109587e-07,1.39240812e-08,4.44559703e-05,4.82383603e-07,1.32959486e-08,6.36533455e-01,9.26288778e-02,2.07498827e-02,2.99451770e+00,9.82344914e-06,6.384e-16,1.776e-15
20.5000,54.616302,43.875303,7.239759,35.636588,1.627718,-0.232635,1.844276,0.136182,0.049076,4.03983595e-05,2.21861902e-07,1.39948125e-08,1.46928899e-05,2.22483551e-07,1.32106514e-08,6.36534796e-01,9.26306218e-02,2.07510602e-02,2.99451260e+00,9.83126127e-06,1.180e-15,1.332e-15
20.5200,54.659467,43.910817,7.210828,35.660125,1.627650,-0.233300,1.844255,0.268639,-0.050810,7.99067162e-05,6.38710250e-07,1.38251684e-08,-1.50706140e-05,-6.21902008e-08,1.32810798e-08,6.36537318e-01,9.26326870e-02,2.07454839e-02,2.99451236e+00,9.83895486e-06,7.078e-16,1.776e-15
20.5400,54.702637,43.946314,7.181874,35.683633,1.627586,-0.233964,1.844230,0.398288,-0.149590,1.18317330e-04,7.86853135e-07,1.38756075e-08,-4.43653479e-05,-2.04507017e-07,1.32460691e-08,6.36540966e-01,9.26350582e-02,2.07334830e-02,2.99451674e+00,9.84628919e-06,7.425e-16,2.220e-15
20.5600,54.745809,43.981794,7.152895,35.707112,1.627527,-0.234628,1.844203,0.523367,-0.245980,1.55025593e-04,5.81321943e-07,1.39203253e-08,-7.27300450e-05,-1.22136797e-07,1.31954227e-08,6.36545610e-01,9.26377003e-02,2.07158131e-02,2.99452521e+00,9.85305406e-06,8.049e-16,2.665e-15
20.5800,54.788986,44.017258,7.123894,35.730562,1.627471,-0.235291,1.844173,0.641503,-0.338299,1.89454602e-04,1.45366375e-07,1.37755455e-08,-9.97186325e-05,1.34810861e-07,1.32791234e-08,6.36551104e-01,9.26405737e-02,2.06933185e-02,2.99453719e+00,9.85907494e-06,6.575e-16,4.441e-16
20.6000,54.832166,44.052706,7.094868,35.753982,1.627419,-0.235954,1.844142,0.749994,-0.424595,2.21064184e-04,-2.63508238e-07,1.38709094e-08,-1.24907273e-04,4.14210503e-07,1.32273539e-08,6.36557345e-01,9.26436510e-02,2.06665898e-02,2.99455224e+00,9.86421661e-06,9.151e-16,1.332e-15
20.6200,54.875350,44.088137,7.065820,35.777373,1.627369,-0.236616,1.844108,0.846352,-0.502974,2.49359313e-04,-4.05701339e-07,1.38714542e-08,-1.47901056e-04,5.51953349e-07,1.32016511e-08,6.36564297e-01,9.26469228e-02,2.06358258e-02,2.99457022e+00,9.86839949e-06,5.013e-16,1.776e-15
20.6400,54.918538,44.123552,7.036748,35.800735,1.627323,-0.237279,1.844073,0.928800,-0.571946,2.73897810e-04,-1.99972245e-07,1.37419238e-08,-1.68340202e-04,4.68312049e-07,1.32711774e-08,6.36571968e-01,9.26503917e-02,2.06009742e-02,2.99459117e+00,9.87161150e-06,9.645e-16,4.441e-15
20.6600,54.961730,44.158950,7.007652,35.824067,1.627279,-0.237940,1.844035,0.996465,-0.630604,2.94297249e-04,2.30138497e-07,1.38513047e-08,-1.85905693e-04,2.14056429e-07,1.31974911e-08,6.36580357e-01,9.26540570e-02,2.05620528e-02,2.99461506e+00,9.87390084e-06,8.812e-16,2.665e-15
20.6800,55.004925,44.194332,6.978534,35.847370,1.627239,-0.238602,1.843996,1.049132,-0.678530,3.10240957e-04,6.30417683e-07,1.38094493e-08,-2.00324222e-04,-6.03411188e-08,1.31989253e-08,6.36589394e-01,9.26578999e-02,2.05194680e-02,2.99464162e+00,9.87536586e-06,9.220e-16,1.332e-15
20.7000,55.048124,44.229699,6.949392,35.870643,1.627200,-0.239263,1.843955,1.086764,-0.715514,3.21482983e-04,7.66183731e-07,1.37248536e-08,-2.11372410e-04,-1.93750643e-07,1.32609397e-08,6.36598919e-01,9.26618777e-02,2.04741329e-02,2.99467019e+00,9.87615669e-06,9.784e-16,1.776e-15
20.7200,55.091327,44.265049,6.920227,35.893887,1.627162,-0.239924,1.843914,1.109045,-0.741241,3.27851941e-04,5.59844612e-07,1.38605288e-08,-2.18880251e-04,-1.08991178e-07,1.31922889e-08,6.36608714e-01,9.26659314e-02,2.04273073e-02,2.99469988e+00,9.87647227e-06,7.806e-16,1.443e-15
20.7400,55.134533,44.300383,6.891039,35.917101,1.627124,-0.240586,1.843872,1.115233,-0.755150,3.29253620e-04,1.35190495e-07,1.38024360e-08,-2.22733727e-04,1.42543316e-07,1.32306954e-08,6.36618555e-01,9.26700015e-02,2.03802606e-02,2.99472978e+00,9.87654003e-06,6.878e-16,1.332e-15
20.7600,55.177744,44.335701,6.861828,35.940286,1.627086,-0.241248,1.843831,1.104426,-0.756547,3.25672337e-04,-2.56833939e-07,1.37712663e-08,-2.22876569e-04,4.12029819e-07,1.32780128e-08,6.36628273e-01,9.26740430e-02,2.03339426e-02,2.99475919e+00,9.87659499e-06,6.601e-16,3.109e-15
20.7800,55.220958,44.371003,6.832593,35.963442,1.627046,-0.241910,1.843791,1.076060,-0.744904,3.17171022e-04,-3.86387158e-07,1.39017057e-08,-2.19311101e-04,5.41275172e-07,1.32084244e-08,6.36637780e-01,9.26780325e-02,2.02888475e-02,2.99478776e+00,9.87687270e-06,6.418e-16,7.772e-16
20.8000,55.264175,44.406289,6.803336,35.986568,1.627005,-0.242573,1.843751,1.030357,-0.720173,3.03890077e-04,-1.79436482e-07,1.38113579e-08,-2.12098153e-04,4.55588908e-07,1.32600081e-08,6.36647041e-01,9.26819616e-02,2.02451502e-02,2.99481534e+00,9.87760078e-06,1.533e-15,5.551e-16
20.8200,55.307397,44.441559,6.774056,36.009665,1.626962,-0.243236,1.843712,0.968470,-0.682932,2.86045064e-04,2.40026835e-07,1.38161792e-08,-2.01356021e-04,2.06950671e-07,1.32770469e-08,6.36656026e-01,9.26858223e-02,2.02030181e-02,2.99484181e+00,9.87897698e-06,8.257e-16,8.882e-16
20.8400,55.350622,44.476812,6.744752,36.032732,1.626918,-0.243899,1.843673,0.892210,-0.634268,2.63923242e-04,6.24305335e-07,1.39266292e-08,-1.87258508e-04,-5.74658254e-08,1.32151046e-08,6.36664653e-01,9.26895927e-02,2.01629078e-02,2.99486684e+00,9.88115073e-06,1.686e-15,3.331e-16
20.8600,55.393850,44.512050,6.715426,36.055769,1.626871,-0.244562,1.843637,0.803541,-0.575474,2.37879010e-04,7.48317993e-07,1.38317624e-08,-1.70032078e-04,-1.82368456e-07,1.32862228e-08,6.36672772e-01,9.26932325e-02,2.01256755e-02,2.99488980e+00,9.88422142e-06,1.908e-15,6.661e-16
20.8800,55.437083,44.547272,6.686076,36.078778,1.626820,-0.245226,1.843602,0.704112,-0.507730,2.08328268e-04,5.41497832e-07,1.38932837e-08,-1.49952208e-04,-9.55097417e-08,1.32898257e-08,6.36680187e-01,9.26966896e-02,2.00924212e-02,2.99490990e+00,9.88823826e-06,1.298e-15,3.553e-15
20.9000,55.480319,44.582477,6.656704,36.101757,1.626766,-0.245891,1.843569,0.595098,-0.431941,1.75741788e-04,1.27979694e-07,1.39904424e-08,-1.27338985e-04,1.50573625e-07,1.32524438e-08,6.36686717e-01,9.26999156e-02,2.00641610e-02,2.99492641e+00,9.89318982e-06,7.216e-16,8.882e-16
20.9200,55.523558,44.617666,6.627308,36.124706,1.626707,-0.246557,1.843539,0.477424,-0.348833,1.40637672e-04,-2.47779219e-07,1.39025297e-08,-1.02552035e-04,4.10346696e-07,1.33325465e-08,6.36692249e-01,9.27028808e-02,2.00415199e-02,2.99493886e+00,9.89899907e-06,8.327e-16,9.992e-16
20.9400,55.566801,44.652839,6.597890,36.147626,1.626642,-0.247224,1.843512,0.352233,-0.259223,1.03573062e-04,-3.65398548e-07,1.39946106e-08,-7.59848324e-05,5.31371764e-07,1.33099968e-08,6.36696761e-01,9.27055798e-02,2.00246107e-02,2.99494717e+00,9.90553584e-06,6.002e-16,1.443e-15
20.9600,55.610047,44.687996,6.568448,36.170517,1.626574,-0.247891,1.843487,0.221286,-0.164300,6.51352538e-05,-1.57706979e-07,1.40454783e-08,-4.80584766e-05,4.43785140e-07,1.32825553e-08,6.36700296e-01,9.27080246e-02,2.00131719e-02,2.99495150e+00,9.91263081e-06,5.274e-16,1.332e-15
20.9800,55.653296,44.723136,6.538983,36.193378,1.626501,-0.248559,1.843465,0.087066,-0.065743,2.59323938e-05,2.51046370e-07,1.39562652e-08,-1.92150090e-05,2.00640355e-07,1.33513543e-08,6.36702909e-01,9.27102305e-02,2.00068799e-02,2.99495209e+00,9.92007882e-06,1.270e-15,8.882e-16
21.0000,55.696549,44.758259,6.509495,36.216210,1.626423,-0.249227,1.843446,-0.047511,0.034416,-1.34161063e-05,6.19608203e-07,1.40657369e-08,1.00896075e-05,-5.41690638e-08,1.33078348e-08,6.36704618e-01,9.27122020e-02,2.00056404e-02,2.99494900e+00,9.92764642e-06,6.731e-16,1.332e-15
21.0200,55.739805,44.793366,6.479984,36.239013,1.626342,-0.249895,1.843429,-0.179611,0.134103,-5.22892976e-05,7.32207876e-07,1.40828662e-08,3.93927253e-05,-1.71027120e-07,1.33049678e-08,6.36705379e-01,9.27139279e-02,2.00096958e-02,2.99494207e+00,9.93509380e-06,9.177e-16,3.553e-15
21.0400,55.783064,44.828456,6.450450,36.261786,1.626255,-0.250565,1.843414,-0.306940,0.231523,-9.00744501e-05,5.24968507e-07,1.40241830e-08,6.82323323e-05,-8.24100360e-08,1.33717675e-08,6.36705117e-01,9.27153875e-02,2.00194847e-02,2.99493098e+00,9.94219533e-06,7.563e-16,2.665e-15
21.0600,55.826327,44.863530,6.420893,36.284531,1.626163,-0.251235,1.843403,-0.427904,0.325319,-1.26176707e-04,1.22189137e-07,1.41539648e-08,9.61543279e-05,1.58138290e-07,1.33232466e-08,6.36703774e-01,9.27165657e-02,2.00353313e-02,2.99491550e+00,9.94874635e-06,5.568e-16,2.220e-16
21.0800,55.869592,44.898587,6.391312,36.307246,1.626067,-0.251905,1.843394,-0.541386,0.414485,-1.60028487e-04,-2.38079665e-07,1.41375771e-08,1.22719647e-04,4.08354348e-07,1.33415765e-08,6.36701364e-01,9.27174665e-02,2.00571578e-02,2.99489569e+00,9.95457086e-06,7.841e-16,1.332e-15
21.1000,55.912861,44.933627,6.361709,36.329932,1.625966,-0.252576,1.843388,-0.646303,0.498106,-1.91098459e-04,-3.44623455e-07,1.40975637e-08,1.47511133e-04,5.21398840e-07,1.33862118e-08,6.36697989e-01,9.27181177e-02,2.00843853e-02,2.99487197e+00,9.95953960e-06,1.242e-15,1.221e-15
21.1200,55.956132,44.968650,6.332082,36.352589,1.625861,-0.253248,1.843384,-0.741210,0.575084,-2.18899927e-04,-1.36795416e-07,1.42092786e-08,1.70140071e-04,4.32032167e-07,1.33216334e-08,6.36693813e-01,9.27185634e-02,2.01160787e-02,2.99484501e+00,9.96358318e-06,1.422e-15,1.332e-15
21.1400,55.999407,45.003656,6.302432,36.375216,1.625753,-0.253919,1.843381,-0.824213,0.644039,-2.42998444e-04,2.61081675e-07,1.41465250e-08,1.90252287e-04,1.94252722e-07,1.33473027e-08,6.36689010e-01,9.27188503e-02,2.01512600e-02,2.99481551e+00,9.96668916e-06,4.146e-16,4.441e-15
21.1600,56.042684,45.038644,6.272758,36.397815,1.625643,-0.254591,1.843380,-0.893246,0.703427,-2.63018571e-04,6.14124631e-07,1.41272498e-08,2.07533720e-04,-5.13045674e-08,1.33678014e-08,6.36683707e-01,9.27190127e-02,2.01892036e-02,2.99478401e+00,9.96889774e-06,5.360e-16,1.332e-15
21.1800,56.085964,45.073616,6.243062,36.420385,1.625531,-0.255262,1.843379,-0.946554,0.751850,-2.78649664e-04,7.15590037e-07,1.42247915e-08,2.21715346e-04,-1.60541072e-07,1.33073285e-08,6.36677973e-01,9.27190683e-02,2.02295419e-02,2.99475078e+00,9.97030618e-06,8.465e-16,1.221e-15
21.2000,56.129247,45.108571,6.213342,36.442925,1.625416,-0.255934,1.843380,-0.983127,0.788350,-2.89650654e-04,5.07968662e-07,1.41468046e-08,2.32577388e-04,-7.04539908e-08,1.33526433e-08,6.36671833e-01,9.27190239e-02,2.02721352e-02,2.99471593e+00,9.97106729e-06,1.052e-15,4.441e-15
21.2200,56.172533,45.143509,6.183599,36.465436,1.625300,-0.256606,1.843382,-1.002815,0.812544,-2.95853759e-04,1.15554499e-07,1.41640699e-08,2.39952708e-04,1.64533447e-07,1.33578543e-08,6.36665326e-01,9.27188893e-02,2.03167787e-02,2.99467962e+00,9.97137275e-06,7.494e-16,1.332e-15
21.2400,56.215822,45.178430,6.153833,36.487919,1.625183,-0.257278,1.843384,-1.006095,0.824525,-2.97167079e-04,-2.29924510e-07,1.42374339e-08,2.43729352e-04,4.05408845e-07,1.33054924e-08,6.36658546e-01,9.27186903e-02,2.03629295e-02,2.99464223e+00,9.97143632e-06,5.621e-16,8.882e-16
21.2600,56.259113,45.213333,6.124044,36.510372,1.625065,-0.257950,1.843386,-0.993601,0.824584,-2.93576007e-04,-3.26131651e-07,1.41377802e-08,2.43852220e-04,5.10776084e-07,1.33516081e-08,6.36651664e-01,9.27184722e-02,2.04096238e-02,2.99460446e+00,9.97148727e-06,8.535e-16,1.332e-15
21.2800,56.302408,45.248220,6.094232,36.532796,1.624947,-0.258621,1.843388,-0.965731,0.812937,-2.85143393e-04,-1.18620406e-07,1.41653208e-08,2.40323847e-04,4.19821802e-07,1.33261394e-08,6.36644893e-01,9.27182927e-02,2.04556309e-02,2.99456718e+00,9.97176047e-06,1.450e-15,4.441e-16
21.3000,56.345705,45.283089,6.064397,36.555191,1.624831,-0.259292,1.843389,-0.922536,0.789600,-2.72008465e-04,2.68383048e-07,1.41926310e-08,2.33204298e-04,1.87366298e-07,1.32773016e-08,6.36638442e-01,9.27182073e-02,2.04997622e-02,2.99453125e+00,9.97247475e-06,8.951e-16,2.665e-15
21.3200,56.389005,45.317942,6.034538,36.577557,1.624716,-0.259962,1.843388,-0.863964,0.754505,-2.54384489e-04,6.06285892e-07,1.40833471e-08,2.22610179e-04,-4.91914595e-08,1.33211894e-08,6.36632462e-01,9.27182560e-02,2.05411630e-02,2.99449729e+00,9.97381482e-06,6.523e-16,1.776e-15
21.3400,56.432307,45.352778,6.004657,36.599894,1.624604,-0.260631,1.843386,-0.790305,0.707760,-2.32555259e-04,6.97091376e-07,1.41327107e-08,2.08712755e-04,-1.51115672e-07,1.32820608e-08,6.36627028e-01,9.27184583e-02,2.05794139e-02,2.99446559e+00,9.97592657e-06,9.923e-16,3.109e-15
21.3600,56.475613,45.387596,5.974753,36.622202,1.624495,-0.261300,1.843382,-0.702571,0.649923,-2.06870492e-04,4.89343934e-07,1.41353294e-08,1.91735199e-04,-5.97300478e-08,1.32570887e-08,6.36622161e-01,9.27188197e-02,2.06143965e-02,2.99443626e+00,9.97891221e-06,8.743e-16,8.882e-16
21.3800,56.518921,45.422398,5.944827,36.644481,1.624388,-0.261969,1.843377,-0.602571,0.582102,-1.77740226e-04,1.07169869e-07,1.40437494e-08,1.71949000e-04,1.69782670e-07,1.33034546e-08,6.36617881e-01,9.27193447e-02,2.06460095e-02,2.99440936e+00,9.98281729e-06,7.980e-16,1.332e-15
21.4000,56.562233,45.457184,5.914877,36.666730,1.624284,-0.262637,1.843369,-0.492641,0.505825,-1.45628311e-04,-2.23942048e-07,1.41081005e-08,1.49669599e-04,4.01636277e-07,1.32535788e-08,6.36614248e-01,9.27200494e-02,2.06739035e-02,2.99438514e+00,9.98762384e-06,7.355e-16,3.109e-15
21.4200,56.605547,45.491952,5.884905,36.688951,1.624183,-0.263304,1.843359,-0.375167,0.422754,-1.11045079e-04,-3.10254447e-07,1.40724505e-08,1.25251331e-04,4.99723560e-07,1.32414243e-08,6.36611379e-01,9.27209652e-02,2.06974018e-02,2.99436408e+00,9.99325833e-06,7.425e-16,1.332e-15
21.4400,56.648864,45.526705,5.854910,36.711142,1.624086,-0.263971,1.843347,-0.252172,0.334393,-7.45392692e-05,-1.03213448e-07,1.39866924e-08,9.90817817e-05,4.07464735e-07,1.32701722e-08,6.36609422e-01,9.27221316e-02,2.07156548e-02,2.99434679e+00,9.99960035e-06,7.659e-16,1.776e-15
21.4600,56.692184,45.561440,5.824893,36.733304,1.623993,-0.264637,1.843332,-0.125196,0.241961,-3.66893205e-05,2.73207389e-07,1.40441732e-08,7.15756356e-05,1.80383408e-07,1.32067601e-08,6.36608503e-01,9.27235823e-02,2.07279357e-02,2.99433377e+00,1.00064838e-05,4.319e-16,3.331e-16
21.4800,56.735506,45.596160,5.794853,36.755436,1.623906,-0.265302,1.843314,0.004483,0.146476,1.90582919e-06,5.96617878e-07,1.39776558e-08,4.31681352e-05,-4.73333784e-08,1.32104337e-08,6.36608682e-01,9.27253326e-02,2.07339126e-02,2.99432527e+00,1.00137035e-05,1.089e-15,7.772e-16
21.5000,56.778832,45.630863,5.764791,36.777540,1.623823,-0.265966,1.843292,0.135444,0.049009,4.06362720e-05,6.77488735e-07,1.39223242e-08,1.43082194e-05,-1.42162265e-07,1.32320064e-08,6.36609935e-01,9.27273757e-02,2.07337362e-02,2.99432120e+00,1.00210346e-05,8.674e-16,7.772e-16
21.5200,56.822161,45.665550,5.734707,36.799614,1.623744,-0.266630,1.843268,0.265768,-0.049084,7.88908028e-05,4.70111326e-07,1.39885774e-08,-1.45485571e-05,-4.95667938e-08,1.31777735e-08,6.36612179e-01,9.27296889e-02,2.07278916e-02,2.99432120e+00,1.00282509e-05,1.048e-15,2.665e-15
21.5400,56.865493,45.700221,5.704600,36.821658,1.623670,-0.267293,1.843242,0.392994,-0.146069,1.16066563e-04,9.82877618e-08,1.39151882e-08,-4.29472225e-05,1.74623207e-07,1.32048172e-08,6.36615323e-01,9.27322474e-02,2.07169120e-02,2.99432492e+00,1.00351321e-05,5.898e-16,3.997e-15
21.5600,56.908828,45.734877,5.674472,36.843673,1.623599,-0.267956,1.843213,0.514397,-0.239984,1.51578504e-04,-2.18649679e-07,1.38943794e-08,-7.04405846e-05,3.97819314e-07,1.32151265e-08,6.36619312e-01,9.27350362e-02,2.07011160e-02,2.99433211e+00,1.00414743e-05,6.609e-16,8.882e-16
21.5800,56.952166,45.769516,5.644321,36.865659,1.623531,-0.268618,1.843181,0.627457,-0.328920,1.84868543e-04,-2.95293904e-07,1.39475699e-08,-9.65962997e-05,4.89050922e-07,1.31634369e-08,6.36624141e-01,9.27380545e-02,2.06805241e-02,2.99434276e+00,1.00471090e-05,6.314e-16,1.332e-15
21.6000,56.995507,45.804140,5.614148,36.887616,1.623467,-0.269280,1.843148,0.730258,-0.411306,2.15414297e-04,-8.86900640e-08,1.38561950e-08,-1.21003684e-04,3.95784811e-07,1.31951160e-08,6.36629833e-01,9.27413085e-02,2.06550033e-02,2.99435697e+00,1.00519172e-05,5.716e-16,3.109e-15
21.6200,57.038852,45.838748,5.583954,36.909543,1.623407,-0.269941,1.843111,0.821598,-0.486036,2.42737284e-04,2.77583998e-07,1.38571292e-08,-1.43280153e-04,1.74135224e-07,1.31855363e-08,6.36636391e-01,9.27447987e-02,2.06245448e-02,2.99437474e+00,1.00558305e-05,1.020e-15,1.332e-15
21.6400,57.082199,45.873340,5.553737,36.931440,1.623351,-0.270602,1.843073,0.900763,-0.552375,2.66410450e-04,5.87248043e-07,1.38941897e-08,-1.63077196e-04,-4.48964686e-08,1.31445591e-08,6.36643753e-01,9.27485085e-02,2.05895094e-02,2.99439582e+00,1.00588316e-05,7.702e-16,5.551e-16
21.6600,57.125550,45.907917,5.523499,36.953308,1.623297,-0.271263,1.843033,0.967117,-0.609708,2.86064897e-04,6.58965372e-07,1.38116029e-08,-1.80085800e-04,-1.32851728e-07,1.31893667e-08,6.36651782e-01,9.27524008e-02,2.05506971e-02,2.99441964e+00,1.00609617e-05,1.207e-15,2.220e-15
21.6800,57.168904,45.942479,5.493239,36.975146,1.623245,-0.271923,1.842991,1.019764,-0.657313,3.01395657e-04,4.52476971e-07,1.38536499e-08,-1.94041259e-04,-3.91529992e-08,1.31766645e-08,6.36660291e-01,9.27564251e-02,2.05091887e-02,2.99444545e+00,1.00623212e-05,2.593e-16,1.332e-15
21.7000,57.212261,45.977025,5.462957,36.996955,1.623194,-0.272584,1.842949,1.057484,-0.694263,3.12166430e-04,9.11139317e-08,1.38857710e-08,-2.04727305e-04,1.79829379e-07,1.31584383e-08,6.36669093e-01,9.27605313e-02,2.04660560e-02,2.99447247e+00,1.00630567e-05,8.014e-16,1.110e-15
21.7200,57.255621,46.011556,5.432654,37.018734,1.623144,-0.273244,1.842906,1.078999,-0.719565,3.18213180e-04,-2.11862660e-07,1.38199471e-08,-2.11979476e-04,3.94674755e-07,1.32081273e-08,6.36678045e-01,9.27646815e-02,2.04221061e-02,2.99450012e+00,1.00633488e-05,7.693e-16,3.553e-15
21.7400,57.298985,46.046072,5.402329,37.040484,1.623093,-0.273905,1.842863,1.083407,-0.732417,3.19446583e-04,-2.79112199e-07,1.38818417e-08,-2.15687680e-04,4.79400357e-07,1.31820114e-08,6.36687065e-01,9.27688541e-02,2.03777974e-02,2.99452806e+00,1.00634067e-05,1.277e-15,1.332e-15
21.7600,57.342351,46.080573,5.371982,37.062203,1.623043,-0.274566,1.842820,1.070533,-0.732471,3.15853310e-04,-7.29951487e-08,1.38868275e-08,-2.15797866e-04,3.85339827e-07,1.31729969e-08,6.36696108e-01,9.27730375e-02,2.03333748e-02,2.99455612e+00,1.00634579e-05,1.277e-15,7.772e-16
21.7800,57.385721,46.115058,5.341614,37.083894,1.622992,-0.275227,1.842777,1.041007,-0.719930,3.07496142e-04,2.83441538e-07,1.38313616e-08,-2.12312808e-04,1.69092464e-07,1.32139552e-08,6.36705121e-01,9.27772177e-02,2.02891354e-02,2.99458406e+00,1.00637281e-05,8.951e-16,2.220e-15
21.8000,57.429094,46.149528,5.311225,37.105555,1.622941,-0.275888,1.842735,0.996011,-0.695427,2.94512918e-04,5.79934302e-07,1.39069385e-08,-2.05291960e-04,-4.14961894e-08,1.31808174e-08,6.36714003e-01,9.27813675e-02,2.02456561e-02,2.99461149e+00,1.00644239e-05,5.759e-16,2.220e-15
21.8200,57.472470,46.183983,5.280814,37.127186,1.622887,-0.276550,1.842693,0.936843,-0.659771,2.77114319e-04,6.43072479e-07,1.39010739e-08,-1.94850427e-04,-1.22885992e-07,1.31930972e-08,6.36722593e-01,9.27854438e-02,2.02038509e-02,2.99463773e+00,1.00657258e-05,8.162e-16,5.551e-16
21.8400,57.515850,46.218423,5.250381,37.148787,1.622832,-0.277212,1.842653,0.864573,-0.613693,2.55580479e-04,4.37763560e-07,1.38809238e-08,-1.81157068e-04,-2.82822299e-08,1.32351472e-08,6.36730697e-01,9.27893950e-02,2.01648163e-02,2.99466200e+00,1.00677800e-05,7.798e-16,8.882e-16
21.8600,57.559232,46.252847,5.219927,37.170359,1.622773,-0.277875,1.842614,0.779955,-0.557745,2.30256478e-04,8.67330695e-08,1.39739717e-08,-1.64431776e-04,1.85506892e-07,1.32064940e-08,6.36738139e-01,9.27931737e-02,2.01295496e-02,2.99468358e+00,1.00706830e-05,4.805e-16,7.772e-16
21.8800,57.602617,46.287256,5.189451,37.191902,1.622710,-0.278538,1.842578,0.683656,-0.492406,2.01546777e-04,-2.02737385e-07,1.39571899e-08,-1.44941971e-04,3.92197884e-07,1.32342581e-08,6.36744800e-01,9.27967488e-02,2.00987059e-02,2.99470199e+00,1.00744736e-05,6.870e-16,1.332e-15
21.9000,57.646005,46.321650,5.158954,37.213414,1.622644,-0.279202,1.842543,0.576651,-0.418318,1.69908714e-04,-2.61111819e-07,1.39576464e-08,-1.22998353e-04,4.70651498e-07,1.32608345e-08,6.36750635e-01,9.28001087e-02,2.00725263e-02,2.99471703e+00,1.00791355e-05,1.395e-15,1.776e-15
21.9200,57.689397,46.356028,5.128435,37.234898,1.622573,-0.279867,1.842511,0.460535,-0.336511,1.35845185e-04,-5.57885481e-08,1.40378669e-08,-9.89499590e-05,3.75896103e-07,1.32255791e-08,6.36755648e-01,9.28032549e-02,2.00509732e-02,2.99472872e+00,1.00846021e-05,8.197e-16,8.882e-16
21.9400,57.732791,46.390391,5.097895,37.256352,1.622499,-0.280532,1.842482,0.337552,-0.248473,9.98966631e-05,2.90846515e-07,1.40001962e-08,-7.31786060e-05,1.64918033e-07,1.32570694e-08,6.36759846e-01,9.28061899e-02,2.00339911e-02,2.99473711e+00,1.00907542e-05,5.412e-16,1.332e-15
21.9600,57.776188,46.424738,5.067333,37.277776,1.622420,-0.281198,1.842454,0.210326,-0.156009,6.26326524e-05,5.74455354e-07,1.40212446e-08,-4.60928061e-05,-3.75596466e-08,1.32689344e-08,6.36763201e-01,9.28089066e-02,2.00217315e-02,2.99474207e+00,1.00974259e-05,1.034e-15,2.220e-15
21.9800,57.819588,46.459070,5.036750,37.299171,1.622337,-0.281864,1.842429,0.081415,-0.060975,2.46427183e-05,6.29296944e-07,1.40949390e-08,-1.81212685e-05,-1.12769973e-07,1.32424951e-08,6.36765642e-01,9.28113853e-02,2.00146088e-02,2.99474331e+00,1.01044199e-05,8.700e-16,1.221e-15
22.0000,57.862990,46.493386,5.006145,37.320536,1.622250,-0.282531,1.842407,-0.047044,0.034984,-1.34728100e-05,4.25176944e-07,1.40600532e-08,1.02938962e-05,-1.75295217e-08,1.32870059e-08,6.36767073e-01,9.28136009e-02,2.00131569e-02,2.99474044e+00,1.01115231e-05,4.129e-16,8.882e-16
22.0200,57.906395,46.527686,4.975518,37.341872,1.622157,-0.283198,1.842387,-0.173426,0.130543,-5.11123286e-05,8.40940088e-08,1.41095198e-08,3.87041542e-05,1.91013789e-07,1.32906036e-08,6.36767427e-01,9.28155352e-02,2.00177657e-02,2.99473319e+00,1.01185144e-05,6.176e-16,4.441e-16
22.0400,57.949803,46.561970,4.944870,37.363179,1.622059,-0.283867,1.842370,-0.296403,0.224601,-8.76824884e-05,-1.92551801e-07,1.41667784e-08,6.66616038e-05,3.89682178e-07,1.32717241e-08,6.36766698e-01,9.28171873e-02,2.00284548e-02,2.99472154e+00,1.01251757e-05,1.464e-15,3.553e-15
22.0600,57.993214,46.596239,4.914200,37.384456,1.621957,-0.284536,1.842357,-0.414574,0.316061,-1.22607593e-04,-2.42769371e-07,1.41232432e-08,9.37260131e-05,4.62039326e-07,1.33116991e-08,6.36764956e-01,9.28185767e-02,2.00448186e-02,2.99470577e+00,1.01313118e-05,5.412e-16,9.992e-16
22.0800,58.036627,46.630491,4.883508,37.405704,1.621850,-0.285205,1.842345,-0.526171,0.403621,-1.55338688e-04,-3.87245378e-08,1.41749036e-08,1.19471740e-04,3.66642903e-07,1.32936373e-08,6.36762323e-01,9.28197360e-02,2.00661690e-02,2.99468639e+00,1.01367642e-05,9.021e-16,1.776e-15
22.1000,58.080042,46.664728,4.852795,37.426923,1.621740,-0.285875,1.842335,-0.629043,0.485717,-1.85362188e-04,2.97982475e-07,1.41983342e-08,1.43494432e-04,1.60774190e-07,1.32764483e-08,6.36758922e-01,9.28206988e-02,2.00917970e-02,2.99466390e+00,1.01414163e-05,6.687e-16,1.776e-15
22.1200,58.123460,46.698949,4.822060,37.448112,1.621626,-0.286544,1.842328,-0.720925,0.560661,-2.12207894e-04,5.68848470e-07,1.41526773e-08,1.65417402e-04,-3.39305147e-08,1.33106405e-08,6.36754843e-01,9.28214892e-02,2.01212008e-02,2.99463867e+00,1.01451978e-05,5.274e-16,2.220e-15
22.1400,58.166881,46.733153,4.791303,37.469273,1.621509,-0.287214,1.842321,-0.799859,0.626903,-2.35456311e-04,6.15553560e-07,1.42144209e-08,1.84897556e-04,-1.03334895e-07,1.32852241e-08,6.36750130e-01,9.28221185e-02,2.01541456e-02,2.99461089e+00,1.01480943e-05,1.582e-15,2.665e-15
22.1600,58.210304,46.767341,4.760524,37.490404,1.621390,-0.287884,1.842317,-0.864529,0.683277,-2.54745177e-04,4.12544987e-07,1.42211035e-08,2.01630766e-04,-7.70100468e-09,1.32839240e-08,6.36744803e-01,9.28225918e-02,2.01905298e-02,2.99458062e+00,1.01501510e-05,8.708e-16,1.332e-15
22.1800,58.253729,46.801513,4.729724,37.511505,1.621268,-0.288555,1.842313,-0.914333,0.729098,-2.69775106e-04,8.09830258e-08,1.41890022e-08,2.15356618e-04,1.95575909e-07,1.33154109e-08,6.36738901e-01,9.28229194e-02,2.02301396e-02,2.99454804e+00,1.01514634e-05,1.450e-15,1.110e-15
22.2000,58.297156,46.835669,4.698903,37.532578,1.621143,-0.289226,1.842311,-0.949148,0.764049,-2.80314270e-04,-1.83513470e-07,1.42507953e-08,2.25862429e-04,3.86390060e-07,1.32822298e-08,6.36732517e-01,9.28231269e-02,2.02724388e-02,2.99451353e+00,1.01521697e-05,8.327e-16,1.332e-15
22.2200,58.340586,46.869809,4.668059,37.553621,1.621017,-0.289896,1.842310,-0.968953,0.787963,-2.86202015e-04,-2.26244083e-07,1.42263509e-08,2.32986527e-04,4.52869520e-07,1.32843507e-08,6.36725810e-01,9.28232567e-02,2.03165270e-02,2.99447773e+00,1.01524473e-05,9.992e-16,3.553e-15
22.2400,58.384018,46.903933,4.637194,37.574635,1.620890,-0.290567,1.842309,-0.973533,0.800602,-2.87351334e-04,-2.38825694e-08,1.41920908e-08,2.36620725e-04,3.56940741e-07,1.32970378e-08,6.36718973e-01,9.28233610e-02,2.03612916e-02,2.99444145e+00,1.01525033e-05,1.159e-15,1.332e-15
22.2600,58.427453,46.938040,4.606307,37.595620,1.620763,-0.291236,1.842308,-0.962438,0.801592,-2.83750142e-04,3.02871679e-07,1.42358925e-08,2.36711965e-04,1.56092151e-07,1.32533984e-08,6.36712193e-01,9.28234897e-02,2.04056695e-02,2.99440544e+00,1.01525561e-05,7.216e-16,3.109e-15
22.2800,58.470890,46.972132,4.575399,37.616575,1.620637,-0.291906,1.842306,-0.935228,0.790540,-2.75461335e-04,5.61256111e-07,1.41868715e-08,2.33263116e-04,-3.10903903e-08,1.32616595e-08,6.36705610e-01,9.28236797e-02,2.04488724e-02,2.99437028e+00,1.01528203e-05,1.013e-15,1.776e-15
22.3000,58.514329,47.006207,4.544469,37.637502,1.620512,-0.292575,1.842303,-0.891854,0.767274,-2.62621660e-04,6.00127369e-07,1.41680719e-08,2.26332878e-04,-9.49629402e-08,1.32664196e-08,6.36699303e-01,9.28239520e-02,2.04904485e-02,2.99433629e+00,1.01534978e-05,5.829e-16,1.221e-15
22.3200,58.557770,47.040266,4.513518,37.658399,1.620389,-0.293244,1.842299,-0.832949,0.732055,-2.45439433e-04,3.98324720e-07,1.42076373e-08,2.16034798e-04,9.25910863e-10,1.32299546e-08,6.36693319e-01,9.28243182e-02,2.05301496e-02,2.99430366e+00,1.01547673e-05,9.159e-16,1.110e-15
22.3400,58.601213,47.074309,4.482546,37.679267,1.620267,-0.293912,1.842294,-0.759860,0.685642,-2.24191168e-04,7.60641105e-08,1.41514439e-08,2.02535407e-04,1.99019083e-07,1.32493165e-08,6.36687707e-01,9.28247915e-02,2.05676945e-02,2.99427259e+00,1.01567679e-05,9.289e-16,1.110e-15
22.3600,58.644659,47.108336,4.451552,37.700106,1.620147,-0.294580,1.842287,-0.674381,0.629167,-1.99217166e-04,-1.76718254e-07,1.41467298e-08,1.86051499e-04,3.82245831e-07,1.32426868e-08,6.36682555e-01,9.28253955e-02,2.06025693e-02,2.99424345e+00,1.01595890e-05,7.216e-16,2.665e-15
22.3800,58.688108,47.142348,4.420536,37.720915,1.620030,-0.295248,1.842279,-0.578365,0.563887,-1.70916104e-04,-2.12368099e-07,1.41642279e-08,1.66846635e-04,4.43161387e-07,1.32057947e-08,6.36678001e-01,9.28261666e-02,2.06339897e-02,2.99421679e+00,1.01632692e-05,4.068e-16,1.332e-15
22.4000,58.731558,47.176343,4.389500,37.741695,1.619916,-0.295914,1.842268,-0.473403,0.490957,-1.39738701e-04,-1.18208391e-08,1.40903803e-08,1.45226919e-04,3.46904186e-07,1.32213689e-08,6.36674199e-01,9.28271467e-02,2.06610539e-02,2.99419325e+00,1.01677965e-05,9.437e-16,2.665e-15
22.4200,58.775011,47.210323,4.358442,37.762446,1.619805,-0.296580,1.842255,-0.360769,0.411346,-1.06180534e-04,3.05227741e-07,1.40893311e-08,1.21536126e-04,1.51085510e-07,1.31987901e-08,6.36671284e-01,9.28283712e-02,2.06829952e-02,2.99417338e+00,1.01731035e-05,7.147e-16,1.776e-15
22.4400,58.818466,47.244287,4.327363,37.783168,1.619700,-0.297245,1.842239,-0.241633,0.325938,-7.07741293e-05,5.51655816e-07,1.40872426e-08,9.61502620e-05,-2.87229070e-08,1.31690920e-08,6.36669329e-01,9.28298596e-02,2.06993937e-02,2.99415747e+00,1.01790708e-05,7.841e-16,1.776e-15
22.4600,58.861924,47.278236,4.296264,37.803860,1.619598,-0.297909,1.842221,-0.117407,0.235738,-3.40804664e-05,5.83252904e-07,1.40191436e-08,6.94716138e-05,-8.72352701e-08,1.31905681e-08,6.36668342e-01,9.28316129e-02,2.07102263e-02,2.99414556e+00,1.01855389e-05,1.665e-15,8.882e-16
22.4800,58.905384,47.312169,4.265143,37.824523,1.619500,-0.298573,1.842200,0.009999,0.142065,3.31993090e-06,3.83007066e-07,1.40391036e-08,4.19223869e-05,8.86454965e-09,1.31675873e-08,6.36668284e-01,9.28336202e-02,2.07157269e-02,2.99413748e+00,1.01923202e-05,7.295e-16,1.776e-15
22.5000,58.948847,47.346087,4.234001,37.845157,1.619407,-0.299236,1.842176,0.138179,0.046588,4.08361742e-05,7.00866101e-08,1.40295693e-08,1.39380124e-05,2.01937510e-07,1.31538855e-08,6.36669111e-01,9.28358697e-02,2.07161464e-02,2.99413306e+00,1.01992063e-05,9.580e-16,1.332e-15
22.5200,58.992312,47.379990,4.202839,37.865761,1.619317,-0.299899,1.842150,0.264504,-0.048808,7.78763112e-05,-1.71158659e-07,1.39721983e-08,-1.40397559e-05,3.77907933e-07,1.31752088e-08,6.36670813e-01,9.28383580e-02,2.07115552e-02,2.99413224e+00,1.02059789e-05,1.783e-15,1.110e-15
22.5400,59.035780,47.413878,4.171656,37.886335,1.619231,-0.300561,1.842121,0.386517,-0.142280,1.13856624e-04,-1.99885538e-07,1.39967080e-08,-4.15698353e-05,4.33622568e-07,1.31436760e-08,6.36673414e-01,9.28410921e-02,2.07018019e-02,2.99413513e+00,1.02124291e-05,5.924e-16,1.776e-15
22.5600,59.079250,47.447750,4.140452,37.906880,1.619149,-0.301223,1.842090,0.502249,-0.232251,1.48210803e-04,-1.05818243e-09,1.39654242e-08,-6.82187765e-05,3.37279716e-07,1.31349390e-08,6.36676954e-01,9.28440829e-02,2.06866542e-02,2.99414190e+00,1.02183714e-05,1.124e-15,1.332e-15
22.5800,59.122723,47.481608,4.109228,37.927396,1.619071,-0.301884,1.842055,0.610272,-0.317497,1.80398866e-04,3.06723024e-07,1.39153824e-08,-9.35675783e-05,1.46533342e-07,1.31483819e-08,6.36681449e-01,9.28473339e-02,2.06660368e-02,2.99415259e+00,1.02236508e-05,6.661e-16,3.109e-15
22.6000,59.166199,47.515451,4.077983,37.947882,1.618997,-0.302544,1.842019,0.709490,-0.397050,2.09915677e-04,5.41872739e-07,1.39451830e-08,-1.17218254e-04,-2.60217376e-08,1.31160960e-08,6.36686853e-01,9.28508328e-02,2.06402195e-02,2.99416703e+00,1.02281510e-05,6.098e-16,3.553e-15
22.6200,59.209677,47.549280,4.046718,37.968338,1.618927,-0.303204,1.841980,0.798802,-0.469997,2.36298916e-04,5.66873392e-07,1.39113864e-08,-1.38800059e-04,-7.93270633e-08,1.31239054e-08,6.36693056e-01,9.28545495e-02,2.06098498e-02,2.99418476e+00,1.02318062e-05,6.037e-16,2.220e-15
22.6400,59.253158,47.583094,4.015432,37.988765,1.618859,-0.303863,1.841939,0.876856,-0.535297,2.59136342e-04,3.68624674e-07,1.38907803e-08,-1.57975293e-04,1.69447368e-08,1.31402033e-08,6.36699907e-01,9.28584435e-02,2.05758040e-02,2.99420516e+00,1.02346068e-05,1.291e-15,7.772e-16
22.6600,59.296641,47.616893,3.984126,38.009162,1.618793,-0.304523,1.841897,0.942047,-0.591739,2.78072227e-04,6.51509740e-08,1.39326093e-08,-1.74444598e-04,2.05147059e-07,1.31163172e-08,6.36707258e-01,9.28624745e-02,2.05389431e-02,2.99422762e+00,1.02365948e-05,7.841e-16,2.665e-15
22.6800,59.340128,47.650678,3.952800,38.029530,1.618729,-0.305183,1.841854,0.992773,-0.638079,2.92812862e-04,-1.64688172e-07,1.38979887e-08,-1.87951645e-04,3.74158476e-07,1.31352093e-08,6.36714995e-01,9.28666124e-02,2.04999152e-02,2.99425168e+00,1.02378598e-05,1.159e-15,1.776e-15
22.7000,59.383616,47.684448,3.921454,38.049868,1.618666,-0.305842,1.841810,1.027810,-0.673272,3.03131071e-04,-1.86631749e-07,1.38944503e-08,-1.98287149e-04,4.24984777e-07,1.31418999e-08,6.36723047e-01,9.28708387e-02,2.04591123e-02,2.99427704e+00,1.02385383e-05,1.568e-15,3.331e-16
22.7200,59.427108,47.718204,3.890088,38.070176,1.618604,-0.306502,1.841766,1.046587,-0.696682,3.08869689e-04,1.05506863e-08,1.39277344e-08,-2.05292114e-04,3.28738240e-07,1.31172571e-08,6.36731368e-01,9.28751411e-02,2.04168001e-02,2.99430352e+00,1.02388057e-05,6.002e-16,1.332e-15
22.7400,59.470602,47.751946,3.858701,38.090455,1.618543,-0.307161,1.841721,1.049214,-0.708143,3.09943958e-04,3.09439614e-07,1.38876019e-08,-2.08860273e-04,1.43040578e-07,1.31392728e-08,6.36739894e-01,9.28795026e-02,2.03733394e-02,2.99433085e+00,1.02388607e-05,7.078e-16,1.332e-15
22.7600,59.514099,47.785673,3.827294,38.110704,1.618482,-0.307820,1.841675,1.036251,-0.707851,3.06342806e-04,5.33881733e-07,1.39040830e-08,-2.08939672e-04,-2.24506940e-08,1.31400353e-08,6.36748515e-01,9.28838939e-02,2.03293598e-02,2.99435859e+00,1.02389119e-05,5.187e-16,1.110e-15
22.7800,59.557599,47.819386,3.795867,38.130923,1.618420,-0.308480,1.841630,1.008355,-0.696146,2.98128970e-04,5.52819332e-07,1.39396889e-08,-2.05533403e-04,-7.07750254e-08,1.31278351e-08,6.36757071e-01,9.28882719e-02,2.02857787e-02,2.99438607e+00,1.02391691e-05,9.576e-16,2.220e-15
22.8000,59.601101,47.853085,3.764421,38.151112,1.618357,-0.309140,1.841585,0.966017,-0.673316,2.85437931e-04,3.56838361e-07,1.39149242e-08,-1.98699484e-04,2.55484329e-08,1.31613932e-08,6.36765377e-01,9.28925870e-02,2.02436528e-02,2.99441255e+00,1.02398310e-05,1.099e-15,4.441e-16
22.8200,59.644606,47.886770,3.732954,38.171272,1.618292,-0.309801,1.841542,0.909539,-0.639546,2.68475686e-04,6.27322438e-08,1.39575983e-08,-1.88549879e-04,2.08937010e-07,1.31614872e-08,6.36773265e-01,9.28967940e-02,2.02039396e-02,2.99443732e+00,1.02410684e-05,8.544e-16,6.661e-16
22.8400,59.688114,47.920440,3.701467,38.191403,1.618224,-0.310462,1.841500,0.839258,-0.595026,2.47515365e-04,-1.56029527e-07,1.39886464e-08,-1.75248696e-04,3.71182903e-07,1.31582570e-08,6.36780613e-01,9.29008612e-02,2.01673075e-02,2.99445989e+00,1.02430126e-05,1.110e-15,8.882e-16
22.8600,59.731624,47.954096,3.669960,38.211503,1.618153,-0.311124,1.841459,0.755879,-0.540158,2.22892803e-04,-1.71541803e-07,1.39678584e-08,-1.59009546e-04,4.17322983e-07,1.31883964e-08,6.36787359e-01,9.29047724e-02,2.01340992e-02,2.99448001e+00,1.02457517e-05,6.037e-16,2.665e-15
22.8800,59.775136,47.987737,3.638433,38.231574,1.618079,-0.311786,1.841421,0.660709,-0.475732,1.95001137e-04,2.38390982e-08,1.40150564e-08,-1.40092129e-04,3.21243913e-07,1.31767777e-08,6.36793475e-01,9.29085203e-02,2.01044598e-02,2.99449757e+00,1.02493259e-05,5.317e-16,1.332e-15
22.9000,59.818651,48.021365,3.606886,38.251616,1.618002,-0.312448,1.841384,0.555646,-0.402967,1.64284540e-04,3.13956253e-07,1.40298834e-08,-1.18798068e-04,1.40466787e-07,1.31771333e-08,6.36798928e-01,9.29120973e-02,2.00785515e-02,2.99451244e+00,1.02537207e-05,6.106e-16,1.776e-15
22.9200,59.862169,48.054977,3.575318,38.271627,1.617921,-0.313112,1.841349,0.442923,-0.323371,1.31231180e-04,5.27987189e-07,1.40182185e-08,-9.54660836e-05,-1.82458425e-08,1.32044194e-08,6.36803659e-01,9.29154867e-02,2.00567233e-02,2.99452436e+00,1.02588678e-05,1.575e-15,1.776e-15
22.9400,59.905689,48.088575,3.543731,38.291609,1.617837,-0.313775,1.841317,0.324739,-0.238515,9.63655017e-05,5.41110967e-07,1.40774926e-08,-7.04665855e-05,-6.19031859e-08,1.31930602e-08,6.36807567e-01,9.29186624e-02,2.00395302e-02,2.99453294e+00,1.02646527e-05,4.857e-16,1.332e-15
22.9600,59.949212,48.122159,3.512124,38.311562,1.617748,-0.314440,1.841287,0.202988,-0.149825,6.02399271e-05,3.47387509e-07,1.40904494e-08,-4.41957900e-05,3.42677686e-08,1.32070021e-08,6.36810546e-01,9.29215951e-02,2.00275926e-02,2.99453772e+00,1.02709236e-05,4.866e-16,4.441e-16
22.9800,59.992736,48.155728,3.480496,38.331485,1.617654,-0.315105,1.841259,0.079214,-0.058514,2.34260979e-05,6.23031587e-08,1.40965368e-08,-1.70694495e-05,2.12816925e-07,1.32329996e-08,6.36812510e-01,9.29242629e-02,2.00213742e-02,2.99453838e+00,1.02774967e-05,1.027e-15,1.332e-15
23.0000,60.036263,48.189282,3.448849,38.351379,1.617555,-0.315771,1.841235,-0.045181,0.034319,-1.34942016e-05,-1.45957304e-07,1.41569098e-08,1.04837058e-05,3.68409612e-07,1.32187526e-08,6.36813436e-01,9.29266597e-02,2.00210073e-02,2.99453480e+00,1.02841669e-05,9.784e-16,9.992e-16
23.0200,60.079792,48.222822,3.417181,38.371243,1.617451,-0.316437,1.841213,-0.168636,0.127512,-4.99382742e-05,-1.55619609e-07,1.41532099e-08,3.80287240e-05,4.09989680e-07,1.32332898e-08,6.36813361e-01,9.29287960e-02,2.00262673e-02,2.99452716e+00,1.02907247e-05,7.329e-16,5.551e-16
23.0400,60.123324,48.256347,3.385493,38.391077,1.617343,-0.317104,1.841194,-0.289218,0.219672,-8.53317258e-05,3.75864456e-08,1.41597733e-08,6.51312902e-05,3.14084964e-07,1.32444314e-08,6.36812361e-01,9.29306931e-02,2.00367086e-02,2.99451575e+00,1.02969707e-05,5.924e-16,2.220e-15
23.0600,60.166857,48.289857,3.353785,38.410882,1.617231,-0.317771,1.841177,-0.404650,0.309157,-1.19117509e-04,3.18845598e-07,1.42060066e-08,9.13645835e-05,1.38052478e-07,1.32240536e-08,6.36810516e-01,9.29323724e-02,2.00518799e-02,2.99450092e+00,1.03027233e-05,1.110e-15,1.776e-15
23.0800,60.210393,48.323351,3.322057,38.430658,1.617115,-0.318439,1.841161,-0.512574,0.394219,-1.50764656e-04,5.22567403e-07,1.41899573e-08,1.16316017e-04,-1.41959653e-08,1.32411442e-08,6.36807876e-01,9.29338475e-02,2.00714959e-02,2.99448287e+00,1.03078300e-05,5.005e-16,8.882e-16
23.1000,60.253931,48.356831,3.290308,38.450405,1.616996,-0.319107,1.841149,-0.610903,0.473226,-1.79776587e-04,5.29952986e-07,1.42084859e-08,1.39593745e-04,-5.35134136e-08,1.32468459e-08,6.36804460e-01,9.29351232e-02,2.00954639e-02,2.99446167e+00,1.03121807e-05,1.187e-15,2.220e-15
23.1200,60.297470,48.390296,3.258540,38.470121,1.616872,-0.319775,1.841138,-0.698089,0.544868,-2.05698882e-04,3.38335057e-07,1.42504933e-08,1.60832820e-04,4.22993643e-08,1.32327200e-08,6.36800275e-01,9.29362012e-02,2.01237530e-02,2.99443735e+00,1.03157147e-05,5.898e-16,2.220e-15
23.1400,60.341012,48.423746,3.226751,38.489809,1.616746,-0.320443,1.841129,-0.773146,0.608212,-2.28126399e-04,6.18253464e-08,1.42317559e-08,1.79700904e-04,2.15989390e-07,1.32543081e-08,6.36795352e-01,9.29370900e-02,2.01561890e-02,2.99441005e+00,1.03184212e-05,6.965e-16,1.443e-15
23.1600,60.384556,48.457181,3.194942,38.509467,1.616616,-0.321112,1.841121,-0.835441,0.662608,-2.46709643e-04,-1.36568600e-07,1.42552656e-08,1.95903447e-04,3.65053531e-07,1.32498845e-08,6.36789775e-01,9.29378124e-02,2.01922958e-02,2.99438010e+00,1.03203387e-05,7.147e-16,1.332e-15
23.1800,60.428101,48.490600,3.163112,38.529096,1.616483,-0.321782,1.841115,-0.884390,0.707496,-2.61160242e-04,-1.40982984e-07,1.42754092e-08,2.09188268e-04,4.02221071e-07,1.32327893e-08,6.36783681e-01,9.29384056e-02,2.02312818e-02,2.99434808e+00,1.03215567e-05,1.027e-15,1.776e-15
23.2000,60.471648,48.524005,3.131263,38.548696,1.616349,-0.322450,1.841110,-0.919243,0.742251,-2.71255441e-04,4.96846000e-08,1.42412017e-08,2.19349470e-04,3.06531962e-07,1.32459225e-08,6.36777240e-01,9.29389152e-02,2.02721839e-02,2.99431468e+00,1.03222102e-05,6.531e-16,1.332e-15
23.2200,60.515198,48.557394,3.099393,38.568266,1.616214,-0.323119,1.841105,-0.939094,0.766148,-2.76841522e-04,3.22032811e-07,1.42587510e-08,2.26230644e-04,1.35119405e-07,1.32280282e-08,6.36770611e-01,9.29393840e-02,2.03140857e-02,2.99428056e+00,1.03224675e-05,1.228e-15,1.665e-15
23.2400,60.558749,48.590768,3.067503,38.587807,1.616079,-0.323788,1.841100,-0.943120,0.778490,-2.77836114e-04,5.15603507e-07,1.42594464e-08,2.29727288e-04,-1.09113199e-08,1.32138112e-08,6.36763918e-01,9.29398448e-02,2.03562898e-02,2.99424622e+00,1.03225189e-05,9.090e-16,1.776e-15
23.2600,60.602302,48.624127,3.035593,38.607319,1.615944,-0.324456,1.841095,-0.930905,0.778817,-2.74229359e-04,5.17409631e-07,1.42266711e-08,2.29788411e-04,-4.61349510e-08,1.32272689e-08,6.36757242e-01,9.29403188e-02,2.03983473e-02,2.99421200e+00,1.03225685e-05,7.563e-16,1.332e-15
23.2800,60.645856,48.657471,3.003663,38.626802,1.615808,-0.325124,1.841090,-0.902662,0.767071,-2.66083964e-04,3.27862120e-07,1.42505387e-08,2.26417279e-04,4.92021016e-08,1.32083222e-08,6.36750641e-01,9.29408211e-02,2.04399339e-02,2.99417812e+00,1.03228219e-05,6.384e-16,1.332e-15
23.3000,60.689413,48.690799,2.971713,38.646255,1.615674,-0.325792,1.841084,-0.859230,0.743641,-2.53534124e-04,5.96348348e-08,1.42400084e-08,2.19671281e-04,2.18103131e-07,1.32021858e-08,6.36744185e-01,9.29413702e-02,2.04806536e-02,2.99414487e+00,1.03234696e-05,8.465e-16,3.331e-16
23.3200,60.732971,48.724113,2.939743,38.665679,1.615540,-0.326459,1.841077,-0.801831,0.709238,-2.36783346e-04,-1.29336439e-07,1.42081871e-08,2.09660943e-04,3.60852648e-07,1.32102775e-08,6.36737980e-01,9.29419946e-02,2.05198916e-02,2.99411270e+00,1.03246743e-05,1.110e-15,3.109e-15
23.3400,60.776532,48.757412,2.907753,38.685073,1.615408,-0.327126,1.841069,-0.731753,0.664694,-2.16101186e-04,-1.28886374e-07,1.42228069e-08,1.96548099e-04,3.93845040e-07,1.31825571e-08,6.36732171e-01,9.29427334e-02,2.05568068e-02,2.99408219e+00,1.03265649e-05,5.755e-16,1.776e-15
23.3600,60.820094,48.790696,2.875743,38.704438,1.615279,-0.327792,1.841059,-0.650112,0.610787,-1.91818932e-04,5.91135827e-08,1.41890591e-08,1.80543272e-04,2.98506758e-07,1.31749998e-08,6.36726919e-01,9.29436294e-02,2.05904761e-02,2.99405401e+00,1.03292286e-05,2.075e-15,2.665e-15
23.3800,60.863658,48.823965,2.843713,38.723774,1.615152,-0.328458,1.841047,-0.557843,0.548189,-1.64324288e-04,3.22739077e-07,1.41546071e-08,1.61902306e-04,1.31689468e-07,1.31733802e-08,6.36722361e-01,9.29447191e-02,2.06201095e-02,2.99402871e+00,1.03327018e-05,6.011e-16,1.332e-15
23.4000,60.907224,48.857219,2.811663,38.743081,1.615029,-0.329123,1.841033,-0.455901,0.477574,-1.34055156e-04,5.06560104e-07,1.41630353e-08,1.40922295e-04,-8.26448024e-09,1.31446373e-08,6.36718585e-01,9.29460253e-02,2.06452118e-02,2.99400666e+00,1.03369679e-05,7.030e-16,4.441e-16
23.4200,60.950792,48.890459,2.779594,38.762358,1.614910,-0.329787,1.841017,-0.345555,0.399796,-1.01492626e-04,5.03192730e-07,1.41238824e-08,1.17936864e-04,-3.95337402e-08,1.31463009e-08,6.36715622e-01,9.29475563e-02,2.06656056e-02,2.99398798e+00,1.03419618e-05,1.103e-15,1.332e-15
23.4400,60.994361,48.923684,2.747505,38.781606,1.614794,-0.330451,1.840998,-0.228565,0.316032,-6.71533155e-05,3.15935277e-07,1.41046741e-08,9.33108712e-05,5.53116560e-08,1.31453128e-08,6.36713474e-01,9.29493112e-02,2.06813038e-02,2.99397267e+00,1.03475748e-05,9.437e-16,1.776e-15
23.4600,61.037933,48.956894,2.715397,38.800824,1.614682,-0.331114,1.840977,-0.107152,0.227796,-3.15811822e-05,5.59624202e-08,1.41136991e-08,6.74346038e-05,2.19584928e-07,1.31225194e-08,6.36712139e-01,9.29512898e-02,2.06923125e-02,2.99396073e+00,1.03536573e-05,6.106e-16,2.220e-15
23.4800,61.081507,48.990090,2.683269,38.820013,1.614573,-0.331776,1.840953,0.016261,0.136805,4.66106276e-06,-1.23760328e-07,1.40703469e-08,4.07175772e-05,3.56312217e-07,1.31286104e-08,6.36711643e-01,9.29534985e-02,2.06984843e-02,2.99395225e+00,1.03600287e-05,1.284e-15,1.776e-15
23.5000,61.125083,49.023272,2.651121,38.839173,1.614469,-0.332438,1.840927,0.139377,0.044760,4.10008217e-05,-1.18563554e-07,1.40558320e-08,1.35820364e-05,3.85434028e-07,1.31189662e-08,6.36712040e-01,9.29559518e-02,2.06995094e-02,2.99394746e+00,1.03664921e-05,5.920e-16,7.772e-16
23.5200,61.168661,49.056440,2.618955,38.858302,1.614368,-0.333099,1.840898,0.260269,-0.046832,7.68646397e-05,6.68895587e-08,1.40517756e-08,-1.35437212e-05,2.90641060e-07,1.30951524e-08,6.36713387e-01,9.29586653e-02,2.06950493e-02,2.99394660e+00,1.03728469e-05,6.592e-16,2.220e-15
23.5400,61.212241,49.089594,2.586769,38.877403,1.614272,-0.333760,1.840867,0.377397,-0.136713,1.11687263e-04,3.22204921e-07,1.40033075e-08,-4.02320957e-05,1.28448645e-07,1.31014287e-08,6.36715714e-01,9.29616466e-02,2.06849370e-02,2.99394978e+00,1.03788977e-05,1.069e-15,1.776e-15
23.5600,61.255823,49.122734,2.554563,38.896474,1.614180,-0.334420,1.840832,0.489413,-0.223785,1.44920576e-04,4.96872856e-07,1.39995130e-08,-6.60629066e-05,-5.52041294e-09,1.30891592e-08,6.36719000e-01,9.29648891e-02,2.06693211e-02,2.99395692e+00,1.03844669e-05,1.853e-15,1.776e-15
23.5800,61.299407,49.155860,2.522339,38.915515,1.614092,-0.335079,1.840795,0.594893,-0.306935,1.76042265e-04,4.88905923e-07,1.39966034e-08,-9.06299920e-05,-3.29342126e-08,1.30765903e-08,6.36723163e-01,9.29683710e-02,2.06486730e-02,2.99396767e+00,1.03894090e-05,9.996e-16,1.443e-15
23.6000,61.342993,49.188972,2.490096,38.934527,1.614008,-0.335738,1.840757,0.692162,-0.384909,2.04564036e-04,3.04304361e-07,1.39625044e-08,-1.13547590e-04,6.14302934e-08,1.30916248e-08,6.36728094e-01,9.29720619e-02,2.06236500e-02,2.99398158e+00,1.03936194e-05,1.228e-15,8.882e-16
23.6200,61.386582,49.222071,2.457834,38.953509,1.613926,-0.336397,1.840716,0.779335,-0.456298,2.30039272e-04,5.26851864e-08,1.39763607e-08,-1.34456408e-04,2.21246123e-07,1.30817715e-08,6.36733680e-01,9.29759319e-02,2.05948940e-02,2.99399820e+00,1.03970381e-05,1.568e-15,1.332e-15
23.6400,61.430173,49.255156,2.425552,38.972461,1.613846,-0.337055,1.840673,0.854561,-0.519674,2.52069994e-04,-1.17856525e-07,1.39716232e-08,-1.53029269e-04,3.52234147e-07,1.30770007e-08,6.36739839e-01,9.29799590e-02,2.05628823e-02,2.99401719e+00,1.03996532e-05,1.374e-15,5.551e-16
23.6600,61.473766,49.288228,2.393252,38.991384,1.613768,-0.337714,1.840630,0.916343,-0.573795,2.70313043e-04,-1.07951856e-07,1.39434561e-08,-1.68976251e-04,3.77764959e-07,1.30894602e-08,6.36746519e-01,9.29841292e-02,2.05279128e-02,2.99403832e+00,1.04015042e-05,8.465e-16,5.329e-15
23.6800,61.517361,49.321286,2.360934,39.010277,1.613693,-0.338372,1.840584,0.963744,-0.617773,2.84485413e-04,7.51180542e-08,1.39602823e-08,-1.82049214e-04,2.83675784e-07,1.30741944e-08,6.36753676e-01,9.29884314e-02,2.04902265e-02,2.99406142e+00,1.04026801e-05,1.131e-15,1.776e-15
23.7000,61.560959,49.354331,2.328596,39.029140,1.613619,-0.339030,1.840538,0.996394,-0.651111,2.94368645e-04,3.22536468e-07,1.39489620e-08,-1.92045649e-04,1.26095096e-07,1.30741319e-08,6.36761248e-01,9.29928485e-02,2.04501902e-02,2.99408624e+00,1.04033104e-05,6.791e-16,1.776e-15
23.7200,61.604558,49.387363,2.296240,39.047974,1.613547,-0.339688,1.840491,1.014276,-0.673603,2.99812224e-04,4.88606273e-07,1.39342157e-08,-1.98811800e-04,-2.02924412e-09,1.30872019e-08,6.36769127e-01,9.29973517e-02,2.04084260e-02,2.99411233e+00,1.04035564e-05,7.563e-16,1.332e-15
23.7400,61.648161,49.420381,2.263865,39.066778,1.613474,-0.340346,1.840443,1.017447,-0.685156,3.00735901e-04,4.76535828e-07,1.39645522e-08,-2.02245009e-04,-2.57421981e-08,1.30777546e-08,6.36777163e-01,9.30019004e-02,2.03658059e-02,2.99413908e+00,1.04036046e-05,6.969e-16,3.331e-16
23.7600,61.691765,49.453386,2.231471,39.085552,1.613402,-0.341004,1.840396,1.005848,-0.685644,2.97130882e-04,2.94850159e-07,1.39614918e-08,-2.02295267e-04,6.80858952e-08,1.30907914e-08,6.36785184e-01,9.30064485e-02,2.03233111e-02,2.99416577e+00,1.04036546e-05,1.180e-15,1.776e-15
23.7800,61.735371,49.486378,2.199059,39.104297,1.613328,-0.341663,1.840349,0.979324,-0.674890,2.89059869e-04,5.15573682e-08,1.39673354e-08,-1.98965953e-04,2.23535137e-07,1.31060543e-08,6.36793034e-01,9.30109543e-02,2.02818345e-02,2.99419177e+00,1.04039038e-05,8.834e-16,8.882e-16
23.8000,61.778980,49.519356,2.166628,39.123012,1.613253,-0.342322,1.840303,0.937842,-0.652775,2.76655949e-04,-1.10016123e-07,1.40032973e-08,-1.92313727e-04,3.48974973e-07,1.30986788e-08,6.36800596e-01,9.30153868e-02,2.02420341e-02,2.99421660e+00,1.04045348e-05,1.395e-15,8.882e-16
23.8200,61.822591,49.552322,2.134178,39.141697,1.613176,-0.342981,1.840257,0.881764,-0.619419,2.60120374e-04,-9.56089837e-08,1.39968850e-08,-1.82447589e-04,3.71093948e-07,1.31133637e-08,6.36807794e-01,9.30197264e-02,2.02043203e-02,2.99423995e+00,1.04057067e-05,7.147e-16,5.329e-15
23.8400,61.866204,49.585274,2.101710,39.160352,1.613097,-0.343641,1.840213,0.812025,-0.575323,2.39719282e-04,8.50482467e-08,1.40092563e-08,-1.69527100e-04,2.77764322e-07,1.31203789e-08,6.36814578e-01,9.30239599e-02,2.01689742e-02,2.99426162e+00,1.04075458e-05,9.229e-16,5.551e-16
23.8600,61.909819,49.618213,2.069223,39.178978,1.613015,-0.344301,1.840171,0.730095,-0.521378,2.15779431e-04,3.24761790e-07,1.40410627e-08,-1.53759793e-04,1.24681835e-07,1.31126185e-08,6.36820887e-01,9.30280718e-02,2.01363230e-02,2.99428136e+00,1.04101344e-05,1.082e-15,7.772e-16
23.8800,61.953437,49.651139,2.036718,39.197574,1.612931,-0.344961,1.840129,0.637747,-0.458745,1.88682988e-04,4.82542629e-07,1.40365226e-08,-1.35397824e-04,2.16631842e-09,1.31313692e-08,6.36826635e-01,9.30320385e-02,2.01068631e-02,2.99429881e+00,1.04135056e-05,1.270e-15,4.441e-16
23.9000,61.997056,49.684051,2.004194,39.216140,1.612843,-0.345622,1.840090,0.536753,-0.388659,1.58861468e-04,4.66603303e-07,1.40652841e-08,-1.14733926e-04,-1.80925755e-08,1.31386249e-08,6.36831705e-01,9.30358290e-02,2.00812547e-02,2.99431349e+00,1.04176447e-05,6.037e-16,3.109e-15
23.9200,62.040678,49.716950,1.971651,39.234677,1.612751,-0.346284,1.840053,0.428684,-0.312271,1.26788874e-04,2.87828033e-07,1.41017979e-08,-9.20967392e-05,7.50520786e-08,1.31393579e-08,6.36835975e-01,9.30394107e-02,2.00601880e-02,2.99432492e+00,1.04224899e-05,8.674e-16,7.772e-16
23.9400,62.084301,49.749835,1.939090,39.253184,1.612655,-0.346947,1.840018,0.314904,-0.230610,9.29741535e-05,5.25736430e-08,1.41048049e-08,-6.78456001e-05,2.26133069e-07,1.31623451e-08,6.36839350e-01,9.30427584e-02,2.00441975e-02,2.99433269e+00,1.04279335e-05,5.898e-16,7.772e-16
23.9600,62.127927,49.782707,1.906510,39.271661,1.612555,-0.347610,1.839986,0.196757,-0.144677,5.79530990e-05,-1.00496239e-07,1.41412226e-08,-4.23648507e-05,3.46123203e-07,1.31643286e-08,6.36841784e-01,9.30458606e-02,2.00335284e-02,2.99433662e+00,1.04338288e-05,1.117e-15,1.332e-15
23.9800,62.171554,49.815566,1.873911,39.290109,1.612450,-0.348273,1.839957,0.075819,-0.055602,2.22798261e-05,-8.20362321e-08,1.41663428e-08,-1.60577658e-05,3.64920996e-07,1.31636738e-08,6.36843284e-01,9.30487194e-02,2.00281323e-02,2.99433674e+00,1.04400024e-05,5.343e-16,8.882e-16
24.0000,62.215183,49.848411,1.841294,39.308528,1.612340,-0.348938,1.839930,-0.045960,0.035242,-1.34820043e-05,9.59395061e-08,1.41637610e-08,1.06598270e-05,2.72327484e-07,1.31796071e-08,6.36843885e-01,9.30513451e-02,2.00277903e-02,2.99433321e+00,1.04462649e-05,1.027e-15,3.109e-15
24.0200,62.258814,49.881242,1.808658,39.326916,1.612227,-0.349602,1.839905,-0.166309,0.126237,-4.87680808e-05,3.27904278e-07,1.41976297e-08,3.73661280e-05,1.23564535e-07,1.31733849e-08,6.36843624e-01,9.30537479e-02,2.00322896e-02,2.99432617e+00,1.04524201e-05,9.021e-16,5.329e-15
24.0400,62.302447,49.914060,1.776003,39.345276,1.612109,-0.350267,1.839882,-0.282883,0.215661,-8.30223170e-05,4.77476883e-07,1.42131957e-08,6.36400411e-05,6.37217816e-09,1.31754528e-08,6.36842515e-01,9.30559318e-02,2.00415489e-02,2.99431569e+00,1.04582775e-05,4.588e-16,3.109e-15
24.0600,62.346081,49.946864,1.743330,39.363605,1.611988,-0.350933,1.839862,-0.393560,0.301879,-1.15705585e-04,4.57690936e-07,1.42164574e-08,8.90678260e-05,-1.07156059e-08,1.31914109e-08,6.36840551e-01,9.30578946e-02,2.00556196e-02,2.99430174e+00,1.04636670e-05,6.505e-16,6.661e-16
24.0800,62.389717,49.979654,1.710637,39.381906,1.611862,-0.351599,1.839844,-0.496644,0.383504,-1.46304185e-04,2.81634396e-07,1.42553449e-08,1.13249615e-04,8.15726126e-08,1.31857250e-08,6.36837723e-01,9.30596337e-02,2.00745639e-02,2.99428427e+00,1.04684492e-05,8.049e-16,7.772e-16
24.1000,62.433355,50.012430,1.677926,39.400176,1.611732,-0.352265,1.839828,-0.590862,0.459436,-1.74337929e-04,5.39782652e-08,1.42647595e-08,1.35805691e-04,2.28265063e-07,1.31922080e-08,6.36834047e-01,9.30611540e-02,2.00982833e-02,2.99426336e+00,1.04725217e-05,3.847e-16,2.220e-15
24.1200,62.476994,50.045192,1.645197,39.418418,1.611598,-0.352932,1.839815,-0.675181,0.528770,-1.99367706e-04,-9.11687307e-08,1.42680877e-08,1.56382430e-04,3.42892605e-07,1.32016754e-08,6.36829589e-01,9.30624735e-02,2.01264005e-02,2.99423928e+00,1.04758253e-05,9.923e-16,1.776e-15
24.1400,62.520635,50.077940,1.612448,39.436630,1.611462,-0.353599,1.839803,-0.748562,0.590641,-2.21002380e-04,-6.91886451e-08,1.42955891e-08,1.74657833e-04,3.58458423e-07,1.31880524e-08,6.36824462e-01,9.30636230e-02,2.01582663e-02,2.99421249e+00,1.04783505e-05,8.396e-16,2.665e-15
24.1600,62.564278,50.110675,1.579681,39.454812,1.611322,-0.354266,1.839792,-0.809816,0.644112,-2.38904920e-04,1.05780822e-07,1.42861673e-08,1.90346559e-04,2.66590210e-07,1.31897953e-08,6.36818803e-01,9.30646397e-02,2.01930898e-02,2.99418357e+00,1.04801377e-05,9.090e-16,8.882e-16
24.1800,62.607922,50.143395,1.546895,39.472966,1.611181,-0.354934,1.839783,-0.857650,0.688170,-2.52797634e-04,3.29920620e-07,1.42836917e-08,2.03204389e-04,1.21997529e-07,1.31894455e-08,6.36812746e-01,9.30655590e-02,2.02301194e-02,2.99415306e+00,1.04812718e-05,6.314e-16,1.332e-15
24.2000,62.651567,50.176101,1.514090,39.491089,1.611038,-0.355601,1.839774,-0.890891,0.721850,-2.62466450e-04,4.71357683e-07,1.43014668e-08,2.13032044e-04,9.88882858e-09,1.31739429e-08,6.36806393e-01,9.30664086e-02,2.02687703e-02,2.99412139e+00,1.04818771e-05,5.577e-16,1.554e-15
24.2200,62.695214,50.208793,1.481266,39.509184,1.610894,-0.356267,1.839765,-0.908762,0.744418,-2.67764180e-04,4.47768749e-07,1.42860430e-08,2.19678286e-04,-4.25117611e-09,1.31793232e-08,6.36799819e-01,9.30672076e-02,2.03086321e-02,2.99408885e+00,1.04821121e-05,6.705e-16,1.776e-15
24.2400,62.738862,50.241472,1.448424,39.527249,1.610750,-0.356934,1.839757,-0.911049,0.755507,-2.68612746e-04,2.74296461e-07,1.42891581e-08,2.23042240e-04,8.70757031e-08,1.31772061e-08,6.36793085e-01,9.30679728e-02,2.03493550e-02,2.99405570e+00,1.04821588e-05,1.658e-15,1.776e-15
24.2600,62.782512,50.274136,1.415563,39.545285,1.610604,-0.357601,1.839749,-0.898076,0.755135,-2.65004338e-04,5.38948560e-08,1.43002404e-08,2.23074920e-04,2.29431891e-07,1.31636427e-08,6.36786271e-01,9.30687250e-02,2.03904891e-02,2.99402226e+00,1.04822092e-05,1.291e-15,6.217e-15
24.2800,62.826163,50.306786,1.382683,39.563291,1.610459,-0.358268,1.839741,-0.870492,0.743599,-2.57001473e-04,-8.37761528e-08,1.42760424e-08,2.19779913e-04,3.38859443e-07,1.31672550e-08,6.36779491e-01,9.30694950e-02,2.04313775e-02,2.99398901e+00,1.04824530e-05,7.199e-16,1.110e-15
24.3000,62.869816,50.339423,1.349785,39.581268,1.610315,-0.358934,1.839732,-0.829017,0.721307,-2.44735947e-04,-5.86448784e-08,1.42728137e-08,2.13213250e-04,3.51362367e-07,1.31551329e-08,6.36772892e-01,9.30703221e-02,2.04711709e-02,2.99395655e+00,1.04830686e-05,1.700e-15,7.772e-16
24.3200,62.913470,50.372045,1.316868,39.599216,1.610172,-0.359599,1.839722,-0.774269,0.688643,-2.28406681e-04,1.13178597e-07,1.42652912e-08,2.03482454e-04,2.60295316e-07,1.31372712e-08,6.36766631e-01,9.30712486e-02,2.05089597e-02,2.99392552e+00,1.04842113e-05,7.871e-16,2.665e-15
24.3400,62.957126,50.404654,1.283932,39.617134,1.610031,-0.360264,1.839710,-0.706793,0.645959,-2.08276486e-04,3.29615911e-07,1.42308900e-08,1.90744790e-04,1.19818856e-07,1.31366572e-08,6.36760845e-01,9.30723110e-02,2.05439535e-02,2.99389648e+00,1.04860015e-05,6.939e-16,8.882e-16
24.3600,63.000783,50.437249,1.250978,39.635023,1.609893,-0.360929,1.839697,-0.627250,0.593666,-1.84667810e-04,4.63199776e-07,1.42266362e-08,1.75204741e-04,1.26567485e-08,1.31208799e-08,6.36755631e-01,9.30735347e-02,2.05756048e-02,2.99386984e+00,1.04885171e-05,4.094e-16,2.220e-15
24.3800,63.044441,50.469830,1.218006,39.652882,1.609757,-0.361592,1.839682,-0.536653,0.532394,-1.57957544e-04,4.36073787e-07,1.42135022e-08,1.57110743e-04,1.34665057e-09,1.31092618e-08,6.36751044e-01,9.30749334e-02,2.06036122e-02,2.99384581e+00,1.04917914e-05,1.783e-15,1.776e-15
24.4000,63.088101,50.502398,1.185015,39.670712,1.609624,-0.362256,1.839664,-0.436501,0.463102,-1.28570995e-04,2.65288940e-07,1.41842384e-08,1.36751208e-04,9.17104210e-08,1.31121202e-08,6.36747113e-01,9.30765149e-02,2.06278067e-02,2.99382451e+00,1.04958109e-05,1.235e-15,3.997e-15
24.4200,63.131763,50.534952,1.152006,39.688513,1.609495,-0.362918,1.839645,-0.328719,0.387068,-9.69751284e-05,5.20517751e-08,1.41841294e-08,1.14449926e-04,2.29878824e-07,1.30967044e-08,6.36743874e-01,9.30782880e-02,2.06479925e-02,2.99380609e+00,1.05005137e-05,8.583e-16,9.992e-16
24.4400,63.175426,50.567493,1.118979,39.706284,1.609368,-0.363581,1.839624,-0.215430,0.305768,-6.36711739e-05,-7.83250809e-08,1.41629633e-08,9.05608925e-05,3.34356556e-07,1.30878568e-08,6.36741383e-01,9.30802679e-02,2.06638417e-02,2.99379076e+00,1.05057938e-05,9.021e-16,8.882e-16
24.4600,63.219091,50.600020,1.085934,39.724026,1.609246,-0.364242,1.839600,-0.098679,0.220693,-2.91866991e-05,-5.01438214e-08,1.41313769e-08,6.54626832e-05,3.44045544e-07,1.30855765e-08,6.36739717e-01,9.30824749e-02,2.06749072e-02,2.99377886e+00,1.05115104e-05,9.021e-16,5.551e-16
24.4800,63.262757,50.632534,1.052870,39.741738,1.609127,-0.364903,1.839574,0.019748,0.133204,5.93273422e-06,1.18653201e-07,1.41251412e-08,3.95524500e-05,2.53930504e-07,1.30651683e-08,6.36738951e-01,9.30849294e-02,2.06807478e-02,2.99377068e+00,1.05174963e-05,3.851e-16,1.221e-15
24.5000,63.306425,50.665036,1.019789,39.759420,1.609013,-0.365563,1.839545,0.138310,0.044507,4.11322127e-05,3.27753443e-07,1.40951757e-08,1.32396473e-05,1.17587713e-07,1.30581601e-08,6.36739134e-01,9.30876438e-02,2.06810942e-02,2.99376643e+00,1.05235664e-05,5.759e-16,7.772e-16
24.5200,63.350094,50.697524,0.986690,39.777074,1.608902,-0.366222,1.839513,0.255541,-0.044262,7.58562647e-05,4.53989695e-07,1.40701000e-08,-1.30604219e-05,1.53022828e-08,1.30559524e-08,6.36740266e-01,9.30906175e-02,2.06759595e-02,2.99376610e+00,1.05295294e-05,1.124e-15,1.776e-15
24.5400,63.393766,50.729999,0.953573,39.794697,1.608796,-0.366881,1.839478,0.369837,-0.131900,1.09557651e-04,4.23797317e-07,1.40701430e-08,-3.89331496e-05,6.76355066e-09,1.30413792e-08,6.36742299e-01,9.30938373e-02,2.06656290e-02,2.99376950e+00,1.05352023e-05,1.328e-15,9.992e-16
24.5600,63.437439,50.762462,0.920438,39.812291,1.608694,-0.367540,1.839442,0.479337,-0.217042,1.41706001e-04,2.55992567e-07,1.40462750e-08,-6.39711563e-05,9.62092233e-08,1.30440425e-08,6.36745162e-01,9.30972832e-02,2.06505382e-02,2.99377632e+00,1.05404216e-05,7.355e-16,1.110e-15
24.5800,63.481113,50.794912,0.887285,39.829855,1.608594,-0.368198,1.839403,0.581993,-0.298173,1.71796143e-04,5.00049676e-08,1.40347817e-08,-8.77807160e-05,2.30369077e-07,1.30441130e-08,6.36748781e-01,9.31009357e-02,2.06311096e-02,2.99378626e+00,1.05450510e-05,8.743e-16,2.220e-15
24.6000,63.524790,50.827349,0.854115,39.847390,1.608498,-0.368855,1.839362,0.675794,-0.373758,1.99356023e-04,-7.31019748e-08,1.40368596e-08,-1.09987962e-04,3.30161283e-07,1.30323144e-08,6.36753106e-01,9.31047807e-02,2.06076426e-02,2.99379910e+00,1.05489907e-05,6.284e-16,2.220e-15
24.6200,63.568468,50.859774,0.820927,39.864895,1.608405,-0.369513,1.839319,0.759036,-0.442420,2.23954078e-04,-4.18393682e-08,1.40115924e-08,-1.30244770e-04,3.37285170e-07,1.30359229e-08,6.36758103e-01,9.31088099e-02,2.05803196e-02,2.99381473e+00,1.05521852e-05,1.284e-15,1.554e-15
24.6400,63.612148,50.892187,0.787722,39.882370,1.608314,-0.370170,1.839274,0.830484,-0.503074,2.45205986e-04,1.24150435e-07,1.40047279e-08,-1.48234215e-04,2.48262011e-07,1.30314515e-08,6.36763743e-01,9.31130152e-02,2.05493191e-02,2.99383301e+00,1.05546268e-05,1.062e-15,3.109e-15
24.6600,63.655830,50.924587,0.754499,39.899816,1.608226,-0.370826,1.839228,0.889349,-0.554948,2.62780681e-04,3.26340084e-07,1.40054586e-08,-1.63675519e-04,1.16051598e-07,1.30220082e-08,6.36769969e-01,9.31173814e-02,2.05149652e-02,2.99385372e+00,1.05563534e-05,6.800e-16,1.221e-15
24.6800,63.699514,50.956975,0.721259,39.917232,1.608140,-0.371483,1.839180,0.935110,-0.597490,2.76405533e-04,4.45756549e-07,1.39870541e-08,-1.76328421e-04,1.85467965e-08,1.30306914e-08,6.36776686e-01,9.31218827e-02,2.04778226e-02,2.99387645e+00,1.05574468e-05,7.147e-16,6.661e-16
24.7000,63.743200,50.989350,0.688002,39.934618,1.608055,-0.372139,1.839132,0.967293,-0.630231,2.85870604e-04,4.12956244e-07,1.39963665e-08,-1.85996900e-04,1.26853635e-08,1.30304447e-08,6.36783760e-01,9.31264826e-02,2.04386746e-02,2.99390065e+00,1.05580293e-05,4.927e-16,6.661e-16
24.7200,63.786887,51.021714,0.654727,39.951975,1.607971,-0.372796,1.839083,0.985339,-0.652676,2.91031887e-04,2.48384081e-07,1.40063757e-08,-1.92532209e-04,1.01209885e-07,1.30309674e-08,6.36791040e-01,9.31311406e-02,2.03983957e-02,2.99392571e+00,1.05582555e-05,1.193e-15,1.776e-15
24.7400,63.830577,51.054066,0.621435,39.969302,1.607887,-0.373452,1.839033,0.988661,-0.664309,2.91813486e-04,4.96673084e-08,1.40006712e-08,-1.95835177e-04,2.31478145e-07,1.30450470e-08,6.36798385e-01,9.31358191e-02,2.03577878e-02,2.99395104e+00,1.05583007e-05,1.071e-15,8.882e-16
24.7600,63.874268,51.086405,0.588126,39.986599,1.607802,-0.374109,1.838984,0.976839,-0.664708,2.88208697e-04,-6.62810401e-08,1.40199840e-08,-1.95857720e-04,3.26773425e-07,1.30443202e-08,6.36805686e-01,9.31404893e-02,2.03174706e-02,2.99397619e+00,1.05583498e-05,1.034e-15,5.551e-16
24.7800,63.917961,51.118732,0.554799,40.003866,1.607717,-0.374767,1.838935,0.949858,-0.653698,2.80280007e-04,-3.20192176e-08,1.40278520e-08,-1.92603555e-04,3.31495538e-07,1.30462771e-08,6.36812864e-01,9.31451304e-02,2.02778848e-02,2.99400085e+00,1.05585883e-05,5.759e-16,4.441e-16
24.8000,63.961656,51.151048,0.521455,40.021103,1.607630,-0.375424,1.838887,0.908230,-0.631458,2.68158002e-04,1.31238257e-07,1.40253411e-08,-1.86128072e-04,2.43613912e-07,1.30572817e-08,6.36819853e-01,9.31497250e-02,2.02393993e-02,2.99402475e+00,1.05591895e-05,5.759e-16,2.665e-15
24.8200,64.005353,51.183351,0.488094,40.038311,1.607542,-0.376082,1.838839,0.852951,-0.598527,2.52039242e-04,3.26767489e-07,1.40487671e-08,-1.76537391e-04,1.15443448e-07,1.30546187e-08,6.36826574e-01,9.31542527e-02,2.02024518e-02,2.99404756e+00,1.05603024e-05,6.666e-16,1.332e-15
24.8400,64.049051,51.215642,0.454716,40.055489,1.607452,-0.376740,1.838793,0.785288,-0.555685,2.32183095e-04,4.39687107e-07,1.40587608e-08,-1.63986608e-04,2.25328048e-08,1.30620020e-08,6.36832925e-01,9.31586854e-02,2.01676361e-02,2.99406887e+00,1.05620422e-05,1.020e-15,1.332e-15
24.8600,64.092752,51.247922,0.421321,40.072638,1.607360,-0.377398,1.838748,0.706540,-0.503799,2.08907588e-04,4.04512038e-07,1.40697843e-08,-1.48677281e-04,1.91637539e-08,1.30764354e-08,6.36838777e-01,9.31629891e-02,2.01356796e-02,2.99408814e+00,1.05644857e-05,4.562e-16,3.553e-15
24.8800,64.136454,51.280189,0.387908,40.089756,1.607264,-0.378057,1.838704,0.617893,-0.443704,1.82584332e-04,2.43188278e-07,1.41041269e-08,-1.30854194e-04,1.06671031e-07,1.30783923e-08,6.36844001e-01,9.31671291e-02,2.01073193e-02,2.99410484e+00,1.05676654e-05,7.355e-16,1.332e-15
24.9000,64.180157,51.312444,0.354478,40.106845,1.607165,-0.378717,1.838663,0.520442,-0.376185,1.53632572e-04,5.15232644e-08,1.41183523e-08,-1.10801451e-04,2.33068133e-07,1.30911298e-08,6.36848492e-01,9.31710775e-02,2.00831472e-02,2.99411854e+00,1.05715665e-05,6.453e-16,1.110e-15
24.9200,64.223863,51.344687,0.321031,40.123904,1.607062,-0.379377,1.838624,0.415365,-0.302072,1.22512490e-04,-5.76188476e-08,1.41359910e-08,-8.88379690e-05,3.23956675e-07,1.31024663e-08,6.36852185e-01,9.31748178e-02,2.00635105e-02,2.99412898e+00,1.05761276e-05,9.229e-16,1.332e-15
24.9400,64.267570,51.376917,0.287567,40.140934,1.606955,-0.380038,1.838587,0.304118,-0.222366,8.97178660e-05,-2.06825592e-08,1.41666620e-08,-6.53124112e-05,3.26344020e-07,1.31006216e-08,6.36855058e-01,9.31783449e-02,2.00485199e-02,2.99413608e+00,1.05812472e-05,7.216e-16,2.220e-15
24.9600,64.311278,51.409136,0.254085,40.157934,1.606843,-0.380700,1.838553,0.188540,-0.138329,5.57682412e-05,1.39671428e-07,1.41737143e-08,-4.05976590e-05,2.39564269e-07,1.31104098e-08,6.36857112e-01,9.31816592e-02,2.00381595e-02,2.99413984e+00,1.05867893e-05,1.159e-15,2.220e-15
24.9800,64.354988,51.441342,0.220586,40.174904,1.606728,-0.381361,1.838520,0.070771,-0.051460,2.12006947e-05,3.28541232e-07,1.41921060e-08,-1.50848905e-05,1.15262916e-07,1.31160137e-08,6.36858345e-01,9.31847610e-02,2.00324288e-02,2.99414026e+00,1.05925905e-05,1.110e-15,3.553e-15
25.0000,64.398700,51.473535,0.187070,40.191844,1.606609,-0.382024,1.838490,-0.046961,0.036625,-1.34386244e-05,4.35039482e-07,1.42203933e-08,1.08226232e-05,2.66936309e-08,1.31148631e-08,6.36858740e-01,9.31876454e-02,2.00314310e-02,2.99413726e+00,1.05984703e-05,1.353e-15,1.776e-15
25.0200,64.442413,51.505716,0.153536,40.208755,1.606486,-0.382687,1.838462,-0.162597,0.124366,-4.76031027e-05,3.97485314e-07,1.42293651e-08,3.67159016e-05,2.55766024e-08,1.31279108e-08,6.36858262e-01,9.31903036e-02,2.00353572e-02,2.99413072e+00,1.06042449e-05,7.537e-16,1.776e-15
25.0400,64.486127,51.537885,0.119986,40.225637,1.606358,-0.383350,1.838437,-0.274390,0.210379,-8.07542786e-05,2.39208071e-07,1.42550844e-08,6.21867110e-05,1.11923153e-07,1.31332226e-08,6.36856885e-01,9.31927280e-02,2.00443739e-02,2.99412050e+00,1.06097380e-05,1.041e-15,1.332e-15
25.0600,64.529843,51.570041,0.086417,40.242489,1.606226,-0.384014,1.838414,-0.380891,0.293479,-1.12370339e-04,5.41843213e-08,1.42805648e-08,8.68339893e-05,2.34428866e-07,1.31335649e-08,6.36854606e-01,9.31949189e-02,2.00584813e-02,2.99410662e+00,1.06147898e-05,1.374e-15,8.882e-16
25.0800,64.573560,51.602185,0.052832,40.259311,1.606089,-0.384678,1.838394,-0.480785,0.372597,-1.41954357e-04,-4.86668803e-08,1.42849797e-08,1.10270146e-04,3.20967473e-07,1.31433998e-08,6.36851470e-01,9.31968883e-02,2.00774268e-02,2.99408924e+00,1.06192681e-05,8.812e-16,2.220e-15
25.1000,64.617278,51.634316,0.019229,40.276104,1.605949,-0.385343,1.838375,-0.572702,0.446657,-1.69042120e-04,-9.51732682e-09,1.43044275e-08,1.32127147e-04,3.21063839e-07,1.31400813e-08,6.36847560e-01,9.31986592e-02,2.01007240e-02,2.99406873e+00,1.06230777e-05,1.374e-15,1.776e-15
25.1200,64.660998,51.666434,-0.014391,40.292867,1.605806,-0.386008,1.838359,-0.655123,0.514495,-1.93209424e-04,1.47648730e-07,1.43149770e-08,1.52062291e-04,2.35336864e-07,1.31354350e-08,6.36842980e-01,9.32002603e-02,2.01277687e-02,2.99404552e+00,1.06261660e-05,5.156e-16,1.110e-15
25.1400,64.704718,51.698540,-0.048029,40.309601,1.605660,-0.386673,1.838343,-0.726454,0.574883,-2.14078701e-04,3.29768297e-07,1.43111434e-08,1.69763593e-04,1.14740675e-07,1.31397809e-08,6.36837833e-01,9.32017187e-02,2.01579853e-02,2.99402002e+00,1.06285247e-05,6.523e-16,2.220e-15
25.1600,64.748440,51.730633,-0.081684,40.326306,1.605512,-0.387338,1.838329,-0.785230,0.626643,-2.31324894e-04,4.29852559e-07,1.43268307e-08,1.84954679e-04,3.02830222e-08,1.31328173e-08,6.36832198e-01,9.32030558e-02,2.01909202e-02,2.99399257e+00,1.06301903e-05,6.592e-16,2.220e-15
25.1800,64.792163,51.762713,-0.115357,40.342981,1.605361,-0.388004,1.838316,-0.830349,0.668807,-2.44680496e-04,3.89876472e-07,1.43313142e-08,1.97399108e-04,3.12139631e-08,1.31309349e-08,6.36826137e-01,9.32042878e-02,2.02262326e-02,2.99396341e+00,1.06312438e-05,8.257e-16,3.553e-15
25.2000,64.835887,51.794780,-0.149046,40.359626,1.605209,-0.388669,1.838304,-0.861196,0.700725,-2.53939688e-04,2.34440521e-07,1.43283815e-08,2.06904054e-04,1.16302325e-07,1.31351776e-08,6.36819709e-01,9.32054304e-02,2.02635920e-02,2.99393279e+00,1.06318047e-05,7.425e-16,2.220e-15
25.2200,64.879613,51.826835,-0.182754,40.376242,1.605056,-0.389334,1.838293,-0.877606,0.722074,-2.58961524e-04,5.56829268e-08,1.43411123e-08,2.13323280e-04,2.34948856e-07,1.31262203e-08,6.36812993e-01,9.32065048e-02,2.03025484e-02,2.99390102e+00,1.06320217e-05,7.008e-16,3.109e-15
25.2400,64.923339,51.858876,-0.216478,40.392829,1.604901,-0.389999,1.838282,-0.879685,0.732760,-2.59672090e-04,-4.13200526e-08,1.43341769e-08,2.16559372e-04,3.17252462e-07,1.31224506e-08,6.36806101e-01,9.32075411e-02,2.03424559e-02,2.99386859e+00,1.06320642e-05,5.690e-16,2.665e-15
25.2600,64.967066,51.890905,-0.250220,40.409386,1.604746,-0.390664,1.838270,-0.867604,0.732787,-2.56065615e-04,-3.14442639e-10,1.43225307e-08,2.16565206e-04,3.15166976e-07,1.31187626e-08,6.36799174e-01,9.32085771e-02,2.03825010e-02,2.99383605e+00,1.06321127e-05,8.327e-16,3.553e-15
25.2800,65.010795,51.922922,-0.283979,40.425914,1.604592,-0.391329,1.838259,-0.841488,0.722161,-2.48204476e-04,1.53507521e-07,1.43222583e-08,2.13344629e-04,2.30518448e-07,1.31030549e-08,6.36792359e-01,9.32096529e-02,2.04218220e-02,2.99380403e+00,1.06323474e-05,1.867e-15,1.776e-15
25.3000,65.054524,51.954925,-0.317755,40.442413,1.604438,-0.391993,1.838246,-0.801468,0.700898,-2.36218117e-04,3.28933603e-07,1.43025507e-08,2.06952345e-04,1.13548548e-07,1.30969321e-08,6.36785791e-01,9.32108039e-02,2.04596561e-02,2.99377308e+00,1.06329350e-05,9.090e-16,8.882e-16
25.3200,65.098255,51.986916,-0.351549,40.458881,1.604287,-0.392656,1.838232,-0.747852,0.669118,-2.20300901e-04,4.22776692e-07,1.42886924e-08,1.97493002e-04,3.30667391e-08,1.30905453e-08,6.36779570e-01,9.32120563e-02,2.04954324e-02,2.99374360e+00,1.06340188e-05,1.117e-15,7.772e-16
25.3400,65.141987,52.018895,-0.385359,40.475321,1.604137,-0.393319,1.838217,-0.681324,0.627182,-2.00708936e-04,3.80520688e-07,1.42855974e-08,1.85119494e-04,3.59407450e-08,1.30772169e-08,6.36773765e-01,9.32134282e-02,2.05287624e-02,2.99371587e+00,1.06357114e-05,1.575e-15,3.553e-15
25.3600,65.185720,52.050861,-0.419187,40.491731,1.603989,-0.393982,1.838201,-0.603033,0.575770,-1.77755951e-04,2.27927809e-07,1.42644680e-08,1.70030487e-04,1.19772760e-07,1.30750704e-08,6.36768430e-01,9.32149336e-02,2.05593399e-02,2.99369011e+00,1.06380873e-05,6.679e-16,8.882e-16
25.3800,65.229454,52.082815,-0.453032,40.508112,1.603843,-0.394644,1.838183,-0.514527,0.515870,-1.51808284e-04,5.52898088e-08,1.42526218e-08,1.52467223e-04,2.34688312e-07,1.30676311e-08,6.36763626e-01,9.32165885e-02,2.05868150e-02,2.99366657e+00,1.06411765e-05,8.465e-16,3.997e-15
25.4000,65.273189,52.114756,-0.486893,40.524463,1.603700,-0.395306,1.838163,-0.417549,0.448658,-1.23279059e-04,-3.60621108e-08,1.42425854e-08,1.32709647e-04,3.12963104e-07,1.30535995e-08,6.36759434e-01,9.32184142e-02,2.06107206e-02,2.99364559e+00,1.06449635e-05,1.395e-15,3.109e-15
25.4200,65.316925,52.146685,-0.520772,40.540785,1.603560,-0.395967,1.838141,-0.313814,0.375354,-9.26216287e-05,6.69674377e-09,1.42134428e-08,1.11071941e-04,3.08892170e-07,1.30485236e-08,6.36755948e-01,9.32204363e-02,2.06305004e-02,2.99362754e+00,1.06493898e-05,1.381e-15,8.882e-16
25.4400,65.360663,52.178602,-0.554667,40.557077,1.603424,-0.396627,1.838117,-0.204881,0.297113,-6.03223806e-05,1.57272418e-07,1.41969363e-08,8.78975271e-05,2.25432819e-07,1.30356023e-08,6.36753260e-01,9.32226792e-02,2.06456235e-02,2.99361282e+00,1.06543570e-05,7.767e-16,3.109e-15
25.4600,65.404402,52.210507,-0.588579,40.573339,1.603292,-0.397286,1.838090,-0.092182,0.215010,-2.68930055e-05,3.26308243e-07,1.41796041e-08,6.35536232e-05,1.12094037e-07,1.30218712e-08,6.36751435e-01,9.32251597e-02,2.06557213e-02,2.99360168e+00,1.06597320e-05,1.693e-15,5.551e-16
25.4800,65.448142,52.242400,-0.622508,40.589572,1.603164,-0.397945,1.838060,0.022829,0.130125,7.13762871e-06,4.14319194e-07,1.41514791e-08,3.84254419e-05,3.55330725e-08,1.30191581e-08,6.36750496e-01,9.32278834e-02,2.06606709e-02,2.99359421e+00,1.06653555e-05,1.388e-15,5.551e-16
25.5000,65.491883,52.274281,-0.656454,40.605776,1.603039,-0.398603,1.838028,0.138504,0.043652,4.12318642e-05,3.70151850e-07,1.41421152e-08,1.29101019e-05,4.03195449e-08,1.30095312e-08,6.36750429e-01,9.32308457e-02,2.06605749e-02,2.99359034e+00,1.06710539e-05,5.204e-16,3.109e-15
25.5200,65.535625,52.306150,-0.690416,40.621950,1.602919,-0.399261,1.837994,0.252928,-0.043031,7.48517531e-05,2.20622107e-07,1.41284936e-08,-1.25896479e-05,1.22960791e-07,1.30030188e-08,6.36751196e-01,9.32340361e-02,2.06556553e-02,2.99358993e+00,1.06766495e-05,1.679e-15,9.992e-16
25.5400,65.579369,52.338008,-0.724394,40.638094,1.602802,-0.399919,1.837957,0.364008,-0.128397,1.07467533e-04,5.41668625e-08,1.41072587e-08,-3.76717948e-05,2.34323457e-07,1.30036038e-08,6.36752763e-01,9.32374450e-02,2.06461228e-02,2.99359282e+00,1.06819703e-05,7.078e-16,2.665e-15
25.5600,65.623115,52.369855,-0.758389,40.654209,1.602688,-0.400575,1.837918,0.469672,-0.210885,1.38565954e-04,-3.15345147e-08,1.41014741e-08,-6.19414130e-05,3.08811160e-07,1.29939004e-08,6.36755109e-01,9.32410666e-02,2.06320996e-02,2.99359894e+00,1.06868613e-05,6.861e-16,2.665e-15
25.5800,65.666861,52.401690,-0.792400,40.670294,1.602577,-0.401232,1.837877,0.568098,-0.289054,1.67658331e-04,1.30509044e-08,1.40845512e-08,-8.50168900e-05,3.02974147e-07,1.29882743e-08,6.36758224e-01,9.32448986e-02,2.06136391e-02,2.99360823e+00,1.06911959e-05,9.732e-16,4.441e-16
25.6000,65.710610,52.433513,-0.826427,40.686349,1.602470,-0.401888,1.837834,0.657830,-0.361691,1.94288220e-04,1.60626028e-07,1.40649954e-08,-1.06535926e-04,2.20827707e-07,1.29869226e-08,6.36762093e-01,9.32489369e-02,2.05908286e-02,2.99362064e+00,1.06948825e-05,1.714e-15,8.882e-16
25.6200,65.754359,52.465326,-0.860471,40.702375,1.602366,-0.402543,1.837788,0.737754,-0.427818,2.18038591e-04,3.23689505e-07,1.40618970e-08,-1.26161214e-04,1.11129711e-07,1.29778442e-08,6.36766676e-01,9.32531703e-02,2.05639121e-02,2.99363600e+00,1.06978696e-05,7.147e-16,1.776e-15
25.6400,65.798110,52.497127,-0.894531,40.718370,1.602265,-0.403198,1.837741,0.806935,-0.486613,2.38538377e-04,4.06357915e-07,1.40493554e-08,-1.43585712e-04,3.84310977e-08,1.29781881e-08,6.36771895e-01,9.32575774e-02,2.05333572e-02,2.99365399e+00,1.07001489e-05,6.193e-16,1.332e-15
25.6600,65.841863,52.528917,-0.928607,40.734337,1.602166,-0.403853,1.837692,0.864455,-0.537298,2.55468292e-04,3.60697520e-07,1.40431422e-08,-1.58537439e-04,4.50852921e-08,1.29819722e-08,6.36777638e-01,9.32621277e-02,2.04998247e-02,2.99367414e+00,1.07017574e-05,1.596e-15,2.665e-15
25.6800,65.885617,52.560697,-0.962698,40.750273,1.602068,-0.404508,1.837643,0.909330,-0.579069,2.68565808e-04,2.14474013e-07,1.40513113e-08,-1.70783720e-04,1.26573761e-07,1.29795897e-08,6.36783777e-01,9.32667870e-02,2.04640553e-02,2.99369592e+00,1.07027744e-05,9.159e-16,8.882e-16
25.7000,65.929372,52.592465,-0.996806,40.766179,1.601972,-0.405163,1.837592,0.940583,-0.611120,2.77629213e-04,5.42631976e-08,1.40468913e-08,-1.80134818e-04,2.34519309e-07,1.29860136e-08,6.36790193e-01,9.32715235e-02,2.04267355e-02,2.99371885e+00,1.07033148e-05,6.176e-16,3.997e-15
25.7200,65.973129,52.624223,-1.030930,40.782056,1.601876,-0.405818,1.837541,0.957429,-0.632748,2.82520693e-04,-2.58151448e-08,1.40496411e-08,-1.86446883e-04,3.05405409e-07,1.29898922e-08,6.36796791e-01,9.32763114e-02,2.03884182e-02,2.99374252e+00,1.07035226e-05,6.661e-16,3.109e-15
25.7400,66.016888,52.655969,-1.065070,40.797903,1.601780,-0.406473,1.837490,0.959467,-0.643489,2.83168406e-04,2.06140798e-08,1.40593168e-08,-1.89624170e-04,2.97954565e-07,1.29874891e-08,6.36803492e-01,9.32811305e-02,2.03495368e-02,2.99376663e+00,1.07035631e-05,1.409e-15,1.776e-15
25.7600,66.060648,52.687705,-1.099225,40.813721,1.601685,-0.407129,1.837439,0.946775,-0.643203,2.79567529e-04,1.65345085e-07,1.40560214e-08,-1.89620493e-04,2.17170933e-07,1.29940036e-08,6.36810225e-01,9.32859619e-02,2.03104997e-02,2.99379089e+00,1.07036117e-05,6.592e-16,2.665e-15
25.7800,66.104410,52.719431,-1.133397,40.829508,1.601588,-0.407784,1.837388,0.919855,-0.632066,2.71780256e-04,3.22730474e-07,1.40655037e-08,-1.86439881e-04,1.11045849e-07,1.29971377e-08,6.36816903e-01,9.32907823e-02,2.02718029e-02,2.99381492e+00,1.07038418e-05,6.345e-16,9.992e-16
25.8000,66.148173,52.751145,-1.167584,40.845266,1.601491,-0.408439,1.837337,0.879455,-0.610473,2.59934758e-04,4.00391290e-07,1.40808090e-08,-1.80136437e-04,4.20707524e-08,1.29992312e-08,6.36823415e-01,9.32955619e-02,2.02340886e-02,2.99383828e+00,1.07044145e-05,1.291e-15,2.665e-15
25.8200,66.191937,52.782849,-1.201788,40.860994,1.601392,-0.409095,1.837287,0.826376,-0.578912,2.44223095e-04,3.53476881e-07,1.40878926e-08,-1.70813417e-04,5.04639645e-08,1.30114728e-08,6.36829629e-01,9.33002654e-02,2.01981118e-02,2.99386043e+00,1.07054693e-05,7.264e-16,2.665e-15
25.8400,66.235703,52.814542,-1.236007,40.876692,1.601291,-0.409752,1.837239,0.761380,-0.537873,2.24898108e-04,2.10606507e-07,1.41102235e-08,-1.58621546e-04,1.30748544e-07,1.30181840e-08,6.36835412e-01,9.33048574e-02,2.01646286e-02,2.99388081e+00,1.07071156e-05,1.096e-15,2.220e-15
25.8600,66.279470,52.846224,-1.270242,40.892360,1.601187,-0.410409,1.837192,0.685227,-0.487859,2.02269341e-04,5.64944390e-08,1.41310183e-08,-1.43756586e-04,2.35317909e-07,1.30243517e-08,6.36840654e-01,9.33093083e-02,2.01342683e-02,2.99389897e+00,1.07094239e-05,7.255e-16,1.776e-15
25.8800,66.323239,52.877895,-1.304492,40.907999,1.601080,-0.411066,1.837146,0.598834,-0.429466,1.76698065e-04,-1.82047655e-08,1.41422551e-08,-1.26456212e-04,3.02689150e-07,1.30360736e-08,6.36845276e-01,9.33135979e-02,2.01074589e-02,2.99391460e+00,1.07124226e-05,7.637e-16,9.992e-16
25.9000,66.367009,52.909555,-1.338759,40.923608,1.600969,-0.411724,1.837103,0.503435,-0.363497,1.48591494e-04,2.98590840e-08,1.41656467e-08,-1.06996218e-04,2.93678019e-07,1.30387706e-08,6.36849232e-01,9.33177147e-02,2.00844452e-02,2.99392751e+00,1.07160974e-05,7.850e-16,1.332e-15
25.9200,66.410780,52.941205,-1.373042,40.939187,1.600855,-0.412383,1.837061,0.400641,-0.291021,1.18396295e-04,1.71665218e-07,1.41820597e-08,-8.56861217e-05,2.14212606e-07,1.30431334e-08,6.36852493e-01,9.33216513e-02,2.00653832e-02,2.99393758e+00,1.07203915e-05,4.302e-16,1.776e-15
25.9400,66.454553,52.972844,-1.407340,40.954736,1.600737,-0.413042,1.837022,0.292359,-0.213343,8.65915059e-05,3.23420069e-07,1.41941736e-08,-6.28642328e-05,1.11505632e-07,1.30525615e-08,6.36855026e-01,9.33253991e-02,2.00504521e-02,2.99394468e+00,1.07252082e-05,7.425e-16,1.221e-15
25.9600,66.498327,53.004471,-1.441654,40.970256,1.600616,-0.413701,1.836985,0.180599,-0.131894,5.36809547e-05,3.96157002e-07,1.42206233e-08,-3.88922727e-05,4.60369741e-08,1.30551692e-08,6.36856784e-01,9.33289459e-02,2.00399152e-02,2.99394862e+00,1.07304179e-05,1.478e-15,6.661e-16
25.9800,66.542102,53.036088,-1.475985,40.985746,1.600491,-0.414361,1.836950,0.067265,-0.048090,2.01852993e-05,3.47979863e-07,1.42392411e-08,-1.41496338e-05,5.59700591e-08,1.30632753e-08,6.36857713e-01,9.33322769e-02,2.00340910e-02,2.99394917e+00,1.07358672e-05,1.076e-15,1.110e-15
26.0000,66.585878,53.067694,-1.510331,41.001206,1.600361,-0.415022,1.836917,-0.045947,0.036767,-1.33662049e-05,2.08273928e-07,1.42574714e-08,1.09726220e-05,1.34935165e-07,1.30736916e-08,6.36857763e-01,9.33353793e-02,2.00332518e-02,2.99394614e+00,1.07413882e-05,7.425e-16,1.332e-15
26.0200,66.629655,53.099288,-1.544693,41.016636,1.600227,-0.415683,1.836887,-0.157526,0.121491,-4.64440778e-05,5.98974374e-08,1.42849671e-08,3.60779343e-05,2.36110160e-07,1.30756836e-08,6.36856915e-01,9.33382483e-02,2.00375075e-02,2.99393944e+00,1.07468075e-05,1.374e-15,2.665e-15
26.0400,66.673434,53.130872,-1.579071,41.032037,1.600088,-0.416345,1.836859,-0.265999,0.204943,-7.85269901e-05,-9.86364075e-09,1.42982825e-08,6.07704911e-05,3.00000696e-07,1.30817224e-08,6.36855187e-01,9.33408894e-02,2.00467423e-02,2.99392915e+00,1.07519584e-05,1.520e-15,5.551e-16
26.0600,66.717213,53.162444,-1.613465,41.047409,1.599946,-0.417007,1.836834,-0.369794,0.285931,-1.09109995e-04,3.94480371e-08,1.43114267e-08,8.46614610e-05,2.89439679e-07,1.30853550e-08,6.36852632e-01,9.33433174e-02,2.00606418e-02,2.99391551e+00,1.07566921e-05,5.096e-16,5.551e-16
26.0800,66.760993,53.194005,-1.647875,41.062751,1.599800,-0.417669,1.836810,-0.467180,0.363159,-1.37712480e-04,1.78088530e-07,1.43295162e-08,1.07375116e-04,2.11217739e-07,1.30817264e-08,6.36849322e-01,9.33455519e-02,2.00787931e-02,2.99389880e+00,1.07608861e-05,1.422e-15,7.772e-16
26.1000,66.804774,53.225554,-1.682301,41.078063,1.599650,-0.418332,1.836788,-0.556361,0.435261,-1.63885702e-04,3.24118220e-07,1.43344535e-08,1.28554750e-04,1.11759058e-07,1.30846991e-08,6.36845324e-01,9.33476116e-02,2.01008019e-02,2.99387931e+00,1.07644514e-05,9.923e-16,8.882e-16
26.1200,66.848557,53.257093,-1.716743,41.093345,1.599498,-0.418995,1.836768,-0.635656,0.500914,-1.87219813e-04,3.91894013e-07,1.43456648e-08,1.47868287e-04,4.95798416e-08,1.30854745e-08,6.36840696e-01,9.33495112e-02,2.01263579e-02,2.99385726e+00,1.07673381e-05,7.286e-16,9.992e-16
26.1400,66.892340,53.288620,-1.751201,41.108598,1.599343,-0.419658,1.836750,-0.703698,0.558970,-2.07350254e-04,3.42352042e-07,1.43605884e-08,1.65013501e-04,6.08663611e-08,1.30826850e-08,6.36835480e-01,9.33512625e-02,2.01552146e-02,2.99383285e+00,1.07695395e-05,7.056e-16,1.110e-15
26.1600,66.936124,53.320135,-1.785676,41.123822,1.599185,-0.420321,1.836733,-0.759526,0.608548,-2.23963448e-04,2.05561413e-07,1.43632620e-08,1.79722734e-04,1.38419140e-07,1.30864235e-08,6.36829727e-01,9.33528787e-02,2.01870981e-02,2.99380627e+00,1.07710924e-05,1.228e-15,1.554e-15
26.1800,66.979908,53.351639,-1.820166,41.139016,1.599024,-0.420984,1.836717,-0.802543,0.649028,-2.36801693e-04,6.25331037e-08,1.43721835e-08,1.91767071e-04,2.36212208e-07,1.30841279e-08,6.36823507e-01,9.33543787e-02,2.02216026e-02,2.99377782e+00,1.07720726e-05,9.229e-16,1.776e-15
26.2000,67.023694,53.383132,-1.854672,41.154180,1.598862,-0.421648,1.836702,-0.832362,0.679972,-2.45667179e-04,-2.71986545e-09,1.43771819e-08,2.00959885e-04,2.96694625e-07,1.30778705e-08,6.36816921e-01,9.33557904e-02,2.02581380e-02,2.99374791e+00,1.07725919e-05,1.056e-15,2.665e-15
26.2200,67.067480,53.414613,-1.889194,41.169315,1.598699,-0.422311,1.836687,-0.848653,0.701021,-2.50425049e-04,4.74950764e-08,1.43689085e-08,2.07159726e-04,2.84641739e-07,1.30756641e-08,6.36810098e-01,9.33571480e-02,2.02959654e-02,2.99371708e+00,1.07727908e-05,1.006e-15,2.220e-15
26.2400,67.111267,53.446083,-1.923732,41.184421,1.598535,-0.422974,1.836672,-0.851078,0.711829,-2.51005449e-04,1.82797440e-07,1.43677711e-08,2.10272489e-04,2.07647297e-07,1.30663065e-08,6.36803173e-01,9.33584881e-02,2.03343025e-02,2.99368588e+00,1.07728300e-05,1.374e-15,1.332e-15
26.2600,67.155055,53.477541,-1.958287,41.199497,1.598371,-0.423637,1.836658,-0.839352,0.712088,-2.47404539e-04,3.23098447e-07,1.43614053e-08,2.10252856e-04,1.11337686e-07,1.30573203e-08,6.36796268e-01,9.33598434e-02,2.03724429e-02,2.99365482e+00,1.07728784e-05,9.645e-16,8.882e-16
26.2800,67.198844,53.508988,-1.992857,41.214543,1.598208,-0.424299,1.836643,-0.813407,0.701622,-2.39684446e-04,3.85989626e-07,1.43483168e-08,2.07104959e-04,5.23117938e-08,1.30538507e-08,6.36789484e-01,9.33612399e-02,2.04098244e-02,2.99362431e+00,1.07731039e-05,1.540e-15,1.776e-15
26.3000,67.242633,53.540424,-2.027442,41.229560,1.598046,-0.424961,1.836627,-0.773549,0.680495,-2.27972184e-04,3.35119039e-07,1.43456271e-08,2.00882259e-04,6.48532361e-08,1.30446551e-08,6.36782897e-01,9.33626977e-02,2.04460110e-02,2.99359465e+00,1.07736631e-05,7.316e-16,1.332e-15
26.3200,67.286423,53.571849,-2.062044,41.244548,1.597884,-0.425623,1.836610,-0.720525,0.649078,-2.12457565e-04,2.01159775e-07,1.43355630e-08,1.91686642e-04,1.40991607e-07,1.30380756e-08,6.36776576e-01,9.33642353e-02,2.04806069e-02,2.99356614e+00,1.07746914e-05,1.894e-15,1.332e-15
26.3400,67.330214,53.603262,-2.096662,41.259506,1.597725,-0.426284,1.836592,-0.655450,0.608030,-1.93390140e-04,6.32836548e-08,1.43204090e-08,1.79666746e-04,2.35505867e-07,1.30336331e-08,6.36770601e-01,9.33658733e-02,2.05131570e-02,2.99353909e+00,1.07762933e-05,9.506e-16,8.882e-16
26.3600,67.374006,53.634664,-2.131295,41.274434,1.597567,-0.426945,1.836572,-0.579631,0.558191,-1.71075199e-04,2.32218243e-09,1.43117773e-08,1.65015544e-04,2.92742158e-07,1.30213512e-08,6.36765067e-01,9.33676376e-02,2.05430994e-02,2.99351390e+00,1.07785368e-05,1.363e-15,7.772e-16
26.3800,67.417798,53.666055,-2.165944,41.289333,1.597411,-0.427605,1.836551,-0.494395,0.500470,-1.45868904e-04,5.33234762e-08,1.42916213e-08,1.47967245e-04,2.79344546e-07,1.30119454e-08,6.36760084e-01,9.33695572e-02,2.05698019e-02,2.99349102e+00,1.07814499e-05,8.236e-16,1.110e-15
26.4000,67.461592,53.697436,-2.200608,41.304202,1.597259,-0.428264,1.836528,-0.400996,0.435759,-1.18172607e-04,1.85349720e-07,1.42701403e-08,1.28793551e-04,2.03651387e-07,1.30031415e-08,6.36755754e-01,9.33716594e-02,2.05926649e-02,2.99347087e+00,1.07850183e-05,9.992e-16,6.661e-16
26.4200,67.505386,53.728805,-2.235288,41.319042,1.597110,-0.428923,1.836503,-0.300661,0.364937,-8.84264512e-05,3.20154124e-07,1.42561860e-08,1.07799333e-04,1.10482124e-07,1.29895396e-08,6.36752156e-01,9.33739651e-02,2.06112345e-02,2.99345377e+00,1.07891857e-05,1.145e-15,8.882e-16
26.4400,67.549181,53.760164,-2.269984,41.333852,1.596964,-0.429581,1.836475,-0.194720,0.288950,-5.71023520e-05,3.78471593e-07,1.42339318e-08,8.53177986e-05,5.45628119e-08,1.29827917e-08,6.36749336e-01,9.33764854e-02,2.06252635e-02,2.99343991e+00,1.07938581e-05,9.021e-16,1.776e-15
26.4600,67.592977,53.791512,-2.304695,41.348632,1.596822,-0.430239,1.836446,-0.084740,0.208895,-2.46965009e-05,3.26541533e-07,1.42170160e-08,6.17052076e-05,6.83456448e-08,1.29766940e-08,6.36747306e-01,9.33792233e-02,2.06346869e-02,2.99342934e+00,1.07989103e-05,7.689e-16,1.110e-15
26.4800,67.636774,53.822849,-2.339421,41.363383,1.596684,-0.430896,1.836413,0.027436,0.126066,8.27849903e-06,1.95561842e-07,1.42061891e-08,3.73352258e-05,1.43144117e-07,1.29673411e-08,6.36746064e-01,9.33821776e-02,2.06395313e-02,2.99342203e+00,1.08041938e-05,8.830e-16,2.665e-15
26.5000,67.680572,53.854176,-2.374163,41.378104,1.596549,-0.431552,1.836379,0.139782,0.041919,4.13017293e-05,6.28715731e-08,1.41858391e-08,1.25930031e-05,2.34548165e-07,1.29637463e-08,6.36745608e-01,9.33853472e-02,2.06398124e-02,2.99341797e+00,1.08095446e-05,1.360e-15,2.665e-15
26.5200,67.724370,53.885493,-2.408919,41.392796,1.596417,-0.432208,1.836342,0.250268,-0.042039,7.38521658e-05,6.20698169e-09,1.41708644e-08,-1.21309242e-05,2.88754218e-07,1.29568537e-08,6.36745946e-01,9.33887344e-02,2.06354832e-02,2.99341721e+00,1.08147950e-05,5.898e-16,1.776e-15
26.5400,67.768170,53.916799,-2.443691,41.407458,1.596289,-0.432864,1.836303,0.357046,-0.124382,1.05416884e-04,5.80852895e-08,1.41572019e-08,-3.64468031e-05,2.74202204e-07,1.29470474e-08,6.36747091e-01,9.33923427e-02,2.06264635e-02,2.99341980e+00,1.08197841e-05,6.384e-16,1.110e-15
26.5600,67.811971,53.948095,-2.478478,41.422090,1.596165,-0.433519,1.836261,0.458540,-0.203842,1.35499137e-04,1.87082840e-07,1.41356035e-08,-5.99718065e-05,1.99918661e-07,1.29432095e-08,6.36749049e-01,9.33961731e-02,2.06127322e-02,2.99342574e+00,1.08243681e-05,8.457e-16,1.998e-15
26.5800,67.855773,53.979381,-2.513280,41.436692,1.596044,-0.434173,1.836217,0.553406,-0.279316,1.63626189e-04,3.16781204e-07,1.41240085e-08,-8.23360510e-05,1.09907855e-07,1.29367807e-08,6.36751798e-01,9.34002195e-02,2.05944268e-02,2.99343496e+00,1.08284279e-05,6.870e-16,1.332e-15
26.6000,67.899576,54.010658,-2.548097,41.451265,1.595927,-0.434827,1.836171,0.640408,-0.349793,1.89356755e-04,3.70966208e-07,1.41147038e-08,-1.03188403e-04,5.70667216e-08,1.29319171e-08,6.36755280e-01,9.34044660e-02,2.05718903e-02,2.99344722e+00,1.08318772e-05,8.799e-16,8.882e-16
26.6200,67.943381,54.041924,-2.582929,41.465808,1.595812,-0.435481,1.836124,0.718286,-0.414270,2.12287944e-04,3.18350290e-07,1.41025349e-08,-1.22201983e-04,7.20846133e-08,1.29339600e-08,6.36759411e-01,9.34088891e-02,2.05456367e-02,2.99346215e+00,1.08346689e-05,7.216e-16,2.665e-15
26.6400,67.987186,54.073181,-2.617775,41.480321,1.595699,-0.436134,1.836074,0.785720,-0.471706,2.32061566e-04,1.90578844e-07,1.41019190e-08,-1.39079296e-04,1.45611480e-07,1.29324707e-08,6.36764090e-01,9.34134619e-02,2.05162521e-02,2.99347934e+00,1.08367973e-05,7.702e-16,7.772e-16
26.6600,68.030993,54.104428,-2.652636,41.494804,1.595589,-0.436787,1.836024,0.841411,-0.521062,2.48369718e-04,6.31651986e-08,1.40991547e-08,-1.53556890e-04,2.34052973e-07,1.29325480e-08,6.36769222e-01,9.34181590e-02,2.04842879e-02,2.99349840e+00,1.08382971e-05,7.785e-16,7.772e-16
26.6800,68.074800,54.135665,-2.687512,41.509258,1.595480,-0.437441,1.835972,0.884247,-0.561397,2.60959554e-04,1.08345083e-08,1.40930873e-08,-1.65409481e-04,2.85409697e-07,1.29358700e-08,6.36774729e-01,9.34229591e-02,2.04502041e-02,2.99351901e+00,1.08392425e-05,1.624e-15,1.221e-15
26.7000,68.118609,54.166893,-2.722403,41.523681,1.595372,-0.438094,1.835920,0.913472,-0.591989,2.69637193e-04,6.36821571e-08,1.40961122e-08,-1.74453462e-04,2.69847371e-07,1.29338003e-08,6.36780541e-01,9.34278442e-02,2.04143911e-02,2.99354089e+00,1.08397426e-05,1.062e-15,1.776e-15
26.7200,68.162420,54.198111,-2.757308,41.538075,1.595265,-0.438747,1.835867,0.928744,-0.612399,2.74270701e-04,1.89866613e-07,1.40947499e-08,-1.80549745e-04,1.97027231e-07,1.29349763e-08,6.36786588e-01,9.34327955e-02,2.03772525e-02,2.99356374e+00,1.08399340e-05,1.069e-15,1.776e-15
26.7400,68.206231,54.229320,-2.792228,41.552439,1.595158,-0.439400,1.835813,0.930088,-0.622460,2.74792106e-04,3.14782889e-07,1.40950143e-08,-1.83605893e-04,1.10132409e-07,1.29395427e-08,6.36792784e-01,9.34377899e-02,2.03392933e-02,2.99358720e+00,1.08399716e-05,4.506e-16,1.554e-15
26.7600,68.250043,54.260520,-2.827163,41.566773,1.595052,-0.440053,1.835759,0.917740,-0.622195,2.71198404e-04,3.65177771e-07,1.41063918e-08,-1.83577502e-04,6.02749496e-08,1.29412166e-08,6.36799017e-01,9.34427973e-02,2.03011581e-02,2.99361083e+00,1.08400192e-05,7.563e-16,1.776e-15
26.7800,68.293857,54.291710,-2.862112,41.581077,1.594944,-0.440707,1.835706,0.892009,-0.611716,2.63551543e-04,3.12123558e-07,1.41142289e-08,-1.80468847e-04,7.64490890e-08,1.29485911e-08,6.36805159e-01,9.34477832e-02,2.02635910e-02,2.99363408e+00,1.08402400e-05,1.103e-15,6.661e-16
26.8000,68.337672,54.322890,-2.897075,41.595351,1.594835,-0.441361,1.835653,0.853213,-0.591170,2.51977362e-04,1.87641761e-07,1.41263006e-08,-1.74332746e-04,1.48692536e-07,1.29572051e-08,6.36811080e-01,9.34527131e-02,2.02273367e-02,2.99365643e+00,1.08407859e-05,1.658e-15,1.332e-15
26.8200,68.381488,54.354062,-2.932053,41.609596,1.594725,-0.442015,1.835602,0.801738,-0.560750,2.36663513e-04,6.54310662e-08,1.41451154e-08,-1.65269686e-04,2.34231298e-07,1.29616326e-08,6.36816667e-01,9.34575569e-02,2.01930356e-02,2.99367741e+00,1.08417869e-05,1.353e-15,1.332e-15
26.8400,68.425305,54.385224,-2.967046,41.623811,1.594612,-0.442670,1.835551,0.738175,-0.520784,2.17856405e-04,1.72909213e-08,1.41562189e-08,-1.53426181e-04,2.82825937e-07,1.29697916e-08,6.36821834e-01,9.34622921e-02,2.01611701e-02,2.99369666e+00,1.08433440e-05,9.298e-16,1.332e-15
26.8600,68.469123,54.416376,-3.002053,41.637995,1.594497,-0.443325,1.835502,0.663451,-0.471821,1.95857226e-04,7.10031636e-08,1.41710098e-08,-1.38992417e-04,2.66301342e-07,1.29758010e-08,6.36826517e-01,9.34669024e-02,2.01320867e-02,2.99371394e+00,1.08455235e-05,7.286e-16,4.441e-16
26.8800,68.512942,54.447519,-3.037075,41.652150,1.594379,-0.443980,1.835455,0.578864,-0.414677,1.71017121e-04,1.94375666e-07,1.41894251e-08,-1.22199196e-04,1.94903858e-07,1.29787229e-08,6.36830664e-01,9.34713741e-02,2.01060767e-02,2.99372902e+00,1.08483521e-05,5.391e-16,6.661e-16
26.9000,68.556762,54.478653,-3.072111,41.666275,1.594257,-0.444636,1.835409,0.486003,-0.350402,1.43731601e-04,3.14603830e-07,1.42019043e-08,-1.03314237e-04,1.10992294e-07,1.29869598e-08,6.36834217e-01,9.34756919e-02,2.00834633e-02,2.99374168e+00,1.08518148e-05,9.047e-16,1.332e-15
26.9200,68.600584,54.509777,-3.107162,41.680371,1.594133,-0.445293,1.835365,0.386573,-0.280183,1.14434262e-04,3.61310586e-07,1.42222408e-08,-8.26379004e-05,6.39388902e-08,1.29936172e-08,6.36837106e-01,9.34798377e-02,2.00646394e-02,2.99375162e+00,1.08558569e-05,8.882e-16,8.882e-16
26.9400,68.644406,54.540892,-3.142227,41.694436,1.594005,-0.445950,1.835323,0.282242,-0.205224,8.35899113e-05,3.07822070e-07,1.42451725e-08,-6.04984077e-05,8.11100520e-08,1.29996685e-08,6.36839257e-01,9.34837913e-02,2.00500324e-02,2.99375855e+00,1.08603875e-05,1.042e-15,2.220e-15
26.9600,68.688229,54.571997,-3.177307,41.708472,1.593873,-0.446608,1.835283,0.174554,-0.126678,5.16871945e-05,1.86472271e-07,1.42625871e-08,-3.72466335e-05,1.51981382e-07,1.30100198e-08,6.36840605e-01,9.34875355e-02,2.00400127e-02,2.99376218e+00,1.08652852e-05,1.159e-15,8.882e-16
26.9800,68.732053,54.603092,-3.212401,41.722478,1.593736,-0.447266,1.835246,0.064976,-0.045649,1.92308460e-05,6.91615835e-08,1.42859677e-08,-1.32505549e-05,2.34603923e-07,1.30156639e-08,6.36841109e-01,9.34910602e-02,2.00347994e-02,2.99376237e+00,1.08704051e-05,4.441e-16,8.882e-16
27.0000,68.775878,54.634178,-3.247511,41.736454,1.593596,-0.447924,1.835211,-0.044987,0.036741,-1.32663137e-05,2.48512459e-08,1.43055769e-08,1.11105621e-05,2.80455641e-07,1.30196076e-08,6.36840763e-01,9.34943644e-02,2.00344148e-02,2.99375908e+00,1.08755885e-05,7.594e-16,1.665e-15
27.0200,68.819704,54.665254,-3.282634,41.750400,1.593451,-0.448584,1.835178,-0.153685,0.119279,-4.52914923e-05,7.91178637e-08,1.43183291e-08,3.54521504e-05,2.62956903e-07,1.30253397e-08,6.36839590e-01,9.34974549e-02,2.00387144e-02,2.99375243e+00,1.08806732e-05,7.980e-16,1.776e-15
27.0400,68.863530,54.696321,-3.317773,41.764317,1.593303,-0.449243,1.835147,-0.259298,0.200629,-7.63400174e-05,1.99485558e-07,1.43364192e-08,5.93904145e-05,1.92892811e-07,1.30258460e-08,6.36837628e-01,9.35003423e-02,2.00474726e-02,2.99374257e+00,1.08855039e-05,1.721e-15,2.220e-15
27.0600,68.907357,54.727377,-3.352926,41.778204,1.593151,-0.449903,1.835119,-0.359929,0.279373,-1.05923276e-04,3.14938628e-07,1.43499744e-08,8.25483886e-05,1.11796588e-07,1.30275731e-08,6.36834915e-01,9.35030371e-02,2.00604738e-02,2.99372965e+00,1.08899404e-05,7.147e-16,2.665e-15
27.0800,68.951185,54.758424,-3.388094,41.792061,1.592995,-0.450563,1.835092,-0.453775,0.354114,-1.33576388e-04,3.57895546e-07,1.43610944e-08,1.04561881e-04,6.73458657e-08,1.30319409e-08,6.36831479e-01,9.35055468e-02,2.00775563e-02,2.99371380e+00,1.08938677e-05,7.672e-16,1.776e-15
27.1000,68.995013,54.789461,-3.423276,41.805888,1.592836,-0.451224,1.835067,-0.539281,0.423594,-1.58865494e-04,3.03836377e-07,1.43785603e-08,1.25085207e-04,8.53448849e-08,1.30321980e-08,6.36827345e-01,9.35078782e-02,2.00985848e-02,2.99369512e+00,1.08972034e-05,6.544e-16,1.776e-15
27.1200,69.038842,54.820488,-3.458473,41.819686,1.592674,-0.451885,1.835044,-0.615217,0.486761,-1.81394562e-04,1.85349638e-07,1.43894076e-08,1.43796611e-04,1.54755240e-07,1.30343750e-08,6.36822547e-01,9.35100404e-02,2.01233699e-02,2.99367374e+00,1.08999021e-05,1.082e-15,3.109e-15
27.1400,69.082672,54.851505,-3.493685,41.833454,1.592509,-0.452546,1.835023,-0.680628,0.542761,-2.00811601e-04,7.25569902e-08,1.43974535e-08,1.60403303e-04,2.34456447e-07,1.30360063e-08,6.36817141e-01,9.35120488e-02,2.01515846e-02,2.99364991e+00,1.09019578e-05,1.270e-15,1.776e-15
27.1600,69.126502,54.882512,-3.528911,41.847193,1.592341,-0.453207,1.835003,-0.734712,0.590875,-2.16814172e-04,3.16686251e-08,1.44072535e-08,1.74646030e-04,2.77601781e-07,1.30317127e-08,6.36811213e-01,9.35139269e-02,2.01827297e-02,2.99362398e+00,1.09034049e-05,8.049e-16,2.220e-15
27.1800,69.170333,54.913509,-3.564153,41.860902,1.592171,-0.453868,1.834984,-0.776710,0.630436,-2.29154111e-04,8.61616694e-08,1.44071194e-08,1.86303118e-04,2.59144874e-07,1.30288344e-08,6.36804873e-01,9.35157042e-02,2.02161719e-02,2.99359640e+00,1.09043161e-05,9.021e-16,1.776e-15
27.2000,69.214164,54.944496,-3.599409,41.874581,1.591999,-0.454529,1.834965,-0.805865,0.660795,-2.37641376e-04,2.03339999e-07,1.44060503e-08,1.95193921e-04,1.90364998e-07,1.30244351e-08,6.36798237e-01,9.35174123e-02,2.02512353e-02,2.99356766e+00,1.09047973e-05,7.347e-16,9.992e-16
27.2200,69.257996,54.975474,-3.634679,41.888230,1.591827,-0.455190,1.834947,-0.821507,0.681349,-2.42146962e-04,3.13963719e-07,1.44070121e-08,2.01181629e-04,1.11969104e-07,1.30167483e-08,6.36791414e-01,9.35190801e-02,2.02872971e-02,2.99353821e+00,1.09049807e-05,1.277e-15,1.776e-15
27.2400,69.301828,55.006441,-3.669964,41.901850,1.591654,-0.455851,1.834929,-0.823191,0.691635,-2.42604838e-04,3.53167062e-07,1.44008314e-08,2.04175379e-04,6.99840559e-08,1.30131334e-08,6.36784495e-01,9.35207319e-02,2.03238351e-02,2.99350841e+00,1.09050163e-05,1.631e-15,2.220e-15
27.2600,69.345661,55.037398,-3.705264,41.915441,1.591481,-0.456511,1.834911,-0.810835,0.691424,-2.39012900e-04,2.98487009e-07,1.43976468e-08,2.04131636e-04,8.87144190e-08,1.30082044e-08,6.36777560e-01,9.35223882e-02,2.03604056e-02,2.99347860e+00,1.09050636e-05,2.248e-15,8.882e-16
27.2800,69.389494,55.068345,-3.740579,41.929001,1.591309,-0.457172,1.834893,-0.784758,0.680768,-2.31432919e-04,1.82710249e-07,1.43947095e-08,2.01054819e-04,1.56652835e-07,1.30009195e-08,6.36770685e-01,9.35240694e-02,2.03965694e-02,2.99344909e+00,1.09052807e-05,1.395e-15,1.332e-15
27.3000,69.433328,55.099283,-3.775908,41.942532,1.591136,-0.457831,1.834874,-0.745616,0.659982,-2.19989501e-04,7.41987450e-08,1.43834201e-08,1.94997163e-04,2.33508392e-07,1.29961700e-08,6.36763959e-01,9.35257990e-02,2.04318153e-02,2.99342023e+00,1.09058138e-05,6.748e-16,8.882e-16
27.3200,69.477162,55.130211,-3.811251,41.956034,1.590965,-0.458491,1.834854,-0.694251,0.629554,-2.04868054e-04,3.64954495e-08,1.43738839e-08,1.86057827e-04,2.74066556e-07,1.29873004e-08,6.36757485e-01,9.35276050e-02,2.04655310e-02,2.99339247e+00,1.09067889e-05,1.311e-15,1.776e-15
27.3400,69.520996,55.161129,-3.846609,41.969506,1.590796,-0.459150,1.834833,-0.631559,0.590055,-1.86311800e-04,9.10768759e-08,1.43610365e-08,1.74381272e-04,2.54753034e-07,1.29763659e-08,6.36751379e-01,9.35295184e-02,2.04970443e-02,2.99336627e+00,1.09083041e-05,6.874e-16,1.776e-15
27.3600,69.564832,55.192037,-3.881982,41.982948,1.590629,-0.459809,1.834810,-0.558438,0.542079,-1.64617861e-04,2.05084384e-07,1.43415968e-08,1.60154926e-04,1.87297085e-07,1.29682220e-08,6.36745752e-01,9.35315682e-02,2.05257142e-02,2.99334209e+00,1.09104231e-05,1.242e-15,1.110e-15
27.3800,69.608667,55.222936,-3.917368,41.996360,1.590464,-0.460466,1.834786,-0.475831,0.486262,-1.40132497e-04,3.11036218e-07,1.43272528e-08,1.43606185e-04,1.11578360e-07,1.29573824e-08,6.36740693e-01,9.35337783e-02,2.05510236e-02,2.99332030e+00,1.09131709e-05,1.228e-15,3.109e-15
27.4000,69.652503,55.253825,-3.952769,42.009743,1.590302,-0.461124,1.834760,-0.384848,0.423346,-1.13245561e-04,3.46700782e-07,1.43112910e-08,1.24998789e-04,7.20147672e-08,1.29481119e-08,6.36736265e-01,9.35361645e-02,2.05726228e-02,2.99330115e+00,1.09165327e-05,7.078e-16,3.109e-15
27.4200,69.696340,55.284705,-3.988185,42.023096,1.590144,-0.461780,1.834731,-0.286868,0.354258,-8.43842789e-05,2.91574370e-07,1.42930407e-08,1.04628622e-04,9.14706797e-08,1.29424187e-08,6.36732505e-01,9.35387362e-02,2.05903039e-02,2.99328479e+00,1.09204555e-05,8.158e-16,1.332e-15
27.4400,69.740178,55.315575,-4.023614,42.036420,1.589988,-0.462437,1.834701,-0.183552,0.280133,-5.40064667e-05,1.78585609e-07,1.42806168e-08,8.28190075e-05,1.58011090e-07,1.29337453e-08,6.36729439e-01,9.35414998e-02,2.06039245e-02,2.99327132e+00,1.09248510e-05,1.076e-15,1.776e-15
27.4600,69.784015,55.346437,-4.059058,42.049713,1.589836,-0.463092,1.834668,-0.076759,0.202275,-2.25932754e-05,7.43534050e-08,1.42638498e-08,5.99155632e-05,2.32173353e-07,1.29263688e-08,6.36727094e-01,9.35444622e-02,2.06133294e-02,2.99326085e+00,1.09296007e-05,5.803e-16,1.332e-15
27.4800,69.827854,55.377289,-4.094515,42.062977,1.589687,-0.463747,1.834633,0.031623,0.122062,9.35841225e-06,3.98315919e-08,1.42446435e-08,3.62807211e-05,2.70331640e-07,1.29199013e-08,6.36725505e-01,9.35476326e-02,2.06183190e-02,2.99325352e+00,1.09345641e-05,8.426e-16,1.332e-15
27.5000,69.871693,55.408132,-4.129987,42.076211,1.589541,-0.464402,1.834596,0.139817,0.040832,4.13438292e-05,9.45887281e-08,1.42295907e-08,1.22879862e-05,2.50322831e-07,1.29097537e-08,6.36724706e-01,9.35510202e-02,2.06186842e-02,2.99324947e+00,1.09395878e-05,1.228e-15,1.332e-15
27.5200,69.915533,55.438967,-4.165472,42.089416,1.589400,-0.465056,1.834557,0.246225,-0.040171,7.28582986e-05,2.05654101e-07,1.42101066e-08,-1.16839630e-05,1.84283391e-07,1.29024549e-08,6.36724724e-01,9.35546314e-02,2.06142887e-02,2.99324882e+00,1.09445147e-05,1.527e-15,1.110e-15
27.5400,69.959374,55.469792,-4.200971,42.102590,1.589261,-0.465709,1.834515,0.349385,-0.119799,1.03405207e-04,3.07282025e-07,1.41928537e-08,-3.52572432e-05,1.11264803e-07,1.28969574e-08,6.36725556e-01,9.35584654e-02,2.06051495e-02,2.99325154e+00,1.09491937e-05,8.181e-16,3.109e-15
27.5600,70.003216,55.500609,-4.236484,42.115735,1.589127,-0.466362,1.834470,0.447873,-0.196941,1.32503844e-04,3.39791973e-07,1.41821787e-08,-5.80607146e-05,7.41165427e-08,1.28904928e-08,6.36727171e-01,9.35625130e-02,2.05914697e-02,2.99325750e+00,1.09534893e-05,7.509e-16,6.661e-16
27.5800,70.047058,55.531417,-4.272011,42.128850,1.588996,-0.467014,1.834424,0.540202,-0.270453,1.59696981e-04,2.84542784e-07,1.41692094e-08,-7.97358201e-05,9.43197337e-08,1.28887407e-08,6.36729510e-01,9.35667579e-02,2.05736022e-02,2.99326646e+00,1.09572908e-05,7.659e-16,3.997e-15
27.6000,70.090901,55.562217,-4.307551,42.141935,1.588867,-0.467666,1.834376,0.624814,-0.339142,1.84558051e-04,1.74549366e-07,1.41606615e-08,-9.99422259e-05,1.59550747e-07,1.28874870e-08,6.36732503e-01,9.35711810e-02,2.05519663e-02,2.99327813e+00,1.09605186e-05,5.586e-16,3.553e-15
27.6200,70.134745,55.593009,-4.343105,42.154990,1.588741,-0.468318,1.834326,0.700170,-0.401802,2.06697829e-04,7.47032670e-08,1.41558065e-08,-1.18363172e-04,2.31172735e-07,1.28844622e-08,6.36736083e-01,9.35757639e-02,2.05269639e-02,2.99329221e+00,1.09631286e-05,8.511e-16,6.661e-16
27.6400,70.178590,55.623792,-4.378673,42.168015,1.588617,-0.468969,1.834275,0.764902,-0.457315,2.25770513e-04,4.34444661e-08,1.41465861e-08,-1.34710448e-04,2.67105495e-07,1.28844674e-08,6.36740188e-01,9.35804907e-02,2.04989410e-02,2.99330847e+00,1.09651154e-05,7.030e-16,1.776e-15
27.6600,70.222435,55.654567,-4.414253,42.181010,1.588496,-0.469621,1.834222,0.817943,-0.504745,2.41479111e-04,9.85212880e-08,1.41417012e-08,-1.48728902e-04,2.46538400e-07,1.28830051e-08,6.36744766e-01,9.35853468e-02,2.04682148e-02,2.99332668e+00,1.09665131e-05,8.797e-16,1.332e-15
27.6800,70.266282,55.685334,-4.449848,42.193976,1.588376,-0.470272,1.834168,0.858578,-0.543397,2.53580067e-04,2.06897737e-07,1.41393553e-08,-1.60200424e-04,1.81974525e-07,1.28811233e-08,6.36749753e-01,9.35903158e-02,2.04351448e-02,2.99334659e+00,1.09673925e-05,9.992e-16,6.661e-16
27.7000,70.310129,55.716092,-4.485455,42.206911,1.588257,-0.470923,1.834113,0.886395,-0.572796,2.61887042e-04,3.04540665e-07,1.41355384e-08,-1.68947328e-04,1.11637830e-07,1.28837335e-08,6.36755070e-01,9.35953760e-02,2.04002020e-02,2.99336786e+00,1.09678560e-05,9.571e-16,1.776e-15
27.7200,70.353978,55.746843,-4.521076,42.219817,1.588139,-0.471574,1.834058,0.901158,-0.592629,2.66273803e-04,3.34239134e-07,1.41396905e-08,-1.74835096e-04,7.68499836e-08,1.28860027e-08,6.36760614e-01,9.36004996e-02,2.03639918e-02,2.99339007e+00,1.09680318e-05,1.055e-15,1.776e-15
27.7400,70.397827,55.777586,-4.556711,42.232692,1.588021,-0.472225,1.834002,0.902708,-0.602659,2.66676146e-04,2.79121589e-07,1.41465489e-08,-1.77774445e-04,9.77648627e-08,1.28897569e-08,6.36766266e-01,9.36056544e-02,2.03272109e-02,2.99341272e+00,1.09680661e-05,1.284e-15,2.665e-15
27.7600,70.441677,55.808321,-4.592358,42.245538,1.587903,-0.472877,1.833947,0.890929,-0.602700,2.63092827e-04,1.72237744e-07,1.41527619e-08,-1.77722677e-04,1.61708227e-07,1.28969175e-08,6.36771904e-01,9.36108080e-02,2.02905617e-02,2.99343531e+00,1.09681132e-05,5.842e-16,8.882e-16
27.7800,70.485528,55.839047,-4.628019,42.258353,1.587784,-0.473528,1.833891,0.865815,-0.592639,2.55585495e-04,7.67700640e-08,1.41650749e-08,-1.74684308e-04,2.30866666e-07,1.29014496e-08,6.36777419e-01,9.36159314e-02,2.02546677e-02,2.99345740e+00,1.09683258e-05,7.698e-16,2.665e-15
27.8000,70.529380,55.869766,-4.663693,42.271139,1.587664,-0.474180,1.833837,0.827594,-0.572514,2.44277623e-04,4.87201934e-08,1.41757485e-08,-1.68710941e-04,2.64664384e-07,1.29062795e-08,6.36782722e-01,9.36210012e-02,2.02200342e-02,2.99347861e+00,1.09688456e-05,5.482e-16,2.220e-15
27.8200,70.573233,55.900477,-4.699380,42.283894,1.587542,-0.474833,1.833783,0.776834,-0.542589,2.29352470e-04,1.04103113e-07,1.41850380e-08,-1.59900401e-04,2.43587562e-07,1.29125167e-08,6.36787738e-01,9.36259981e-02,2.01870739e-02,2.99349866e+00,1.09697948e-05,1.325e-15,8.882e-16
27.8400,70.617086,55.931180,-4.735081,42.296620,1.587418,-0.475485,1.833730,0.714460,-0.503390,2.11050113e-04,2.09863807e-07,1.41999338e-08,-1.48395135e-04,1.80468639e-07,1.29161674e-08,6.36792398e-01,9.36309039e-02,2.01561738e-02,2.99351725e+00,1.09712682e-05,9.229e-16,2.220e-15
27.8600,70.660941,55.961875,-4.770795,42.309315,1.587292,-0.476138,1.833679,0.641676,-0.455671,1.89663604e-04,3.03659950e-07,1.42135099e-08,-1.34379899e-04,1.12707029e-07,1.29222360e-08,6.36796628e-01,9.36356989e-02,2.01277614e-02,2.99353407e+00,1.09733266e-05,1.173e-15,1.110e-15
27.8800,70.704796,55.992563,-4.806522,42.321981,1.587163,-0.476792,1.833629,0.559825,-0.400326,1.65534286e-04,3.30673464e-07,1.42291304e-08,-1.18078786e-04,8.01380362e-08,1.29303671e-08,6.36800342e-01,9.36403601e-02,2.01023263e-02,2.99354878e+00,1.09759940e-05,1.214e-15,5.551e-16
27.9000,70.748652,56.023242,-4.842262,42.334616,1.587031,-0.477446,1.833580,0.470259,-0.338299,1.39046363e-04,2.75716243e-07,1.42506468e-08,-9.97516461e-05,1.01643749e-07,1.29367351e-08,6.36803450e-01,9.36448638e-02,2.00803800e-02,2.99356101e+00,1.09792563e-05,1.422e-15,3.997e-15
27.9200,70.792508,56.053913,-4.878016,42.347222,1.586896,-0.478100,1.833534,0.374294,-0.270534,1.10620777e-04,1.71827462e-07,1.42692029e-08,-7.96899405e-05,1.64237051e-07,1.29452818e-08,6.36805873e-01,9.36491889e-02,2.00623759e-02,2.99357042e+00,1.09830617e-05,2.012e-15,3.109e-15
27.9400,70.836365,56.084576,-4.913783,42.359798,1.586757,-0.478755,1.833490,0.273249,-0.197985,8.07085156e-05,8.05035052e-08,1.42884768e-08,-5.82121207e-05,2.30925997e-07,1.29530049e-08,6.36807552e-01,9.36533204e-02,2.00486321e-02,2.99357678e+00,1.09873237e-05,1.159e-15,2.220e-15
27.9600,70.880223,56.115232,-4.949563,42.372344,1.586614,-0.479411,1.833448,0.168547,-0.121672,4.97834399e-05,5.53852075e-08,1.43092416e-08,-3.56585802e-05,2.62599898e-07,1.29572544e-08,6.36808458e-01,9.36572514e-02,2.00392998e-02,2.99357999e+00,1.09919276e-05,7.403e-16,1.332e-15
27.9800,70.924082,56.145879,-4.985356,42.384859,1.586467,-0.480067,1.833408,0.061799,-0.042742,1.83347700e-05,1.10841459e-07,1.43243923e-08,-1.23862640e-05,2.40989107e-07,1.29627122e-08,6.36808587e-01,9.36609812e-02,2.00343934e-02,2.99358002e+00,1.09967373e-05,1.409e-15,9.992e-16
28.0000,70.967941,56.176518,-5.021163,42.397345,1.586316,-0.480723,1.833370,-0.045202,0.037512,-1.31406517e-05,2.13845317e-07,1.43408933e-08,1.12369822e-05,1.79220999e-07,1.29666522e-08,6.36807946e-01,9.36645122e-02,2.00338619e-02,2.99357691e+00,1.10016042e-05,1.936e-15,2.220e-15
28.0200,71.011801,56.207148,-5.056983,42.409801,1.586162,-0.481380,1.833335,-0.150566,0.117704,-4.41461982e-05,3.03726067e-07,1.43587365e-08,3.48382327e-05,1.13875249e-07,1.29690875e-08,6.36806542e-01,9.36678468e-02,2.00376589e-02,2.99357069e+00,1.10063756e-05,1.006e-15,8.882e-16
28.0400,71.055661,56.237771,-5.092817,42.422227,1.586003,-0.482037,1.833301,-0.252459,0.196443,-7.41932790e-05,3.27986536e-07,1.43729289e-08,5.80453755e-05,8.33424029e-08,1.29742745e-08,6.36804378e-01,9.36709858e-02,2.00457692e-02,2.99356138e+00,1.10109054e-05,1.964e-15,4.441e-15
28.0600,71.099521,56.268385,-5.128663,42.434624,1.585841,-0.482695,1.833270,-0.349235,0.272430,-1.02809028e-04,2.73041501e-07,1.43901905e-08,8.04929808e-05,1.05287525e-07,1.29779083e-08,6.36801458e-01,9.36739302e-02,2.00581770e-02,2.99354898e+00,1.10150628e-05,1.922e-15,5.551e-16
28.0800,71.143382,56.298991,-5.164524,42.446990,1.585676,-0.483353,1.833240,-0.439480,0.344515,-1.29543747e-04,1.71880331e-07,1.44064661e-08,1.01828052e-04,1.66446698e-07,1.29801144e-08,6.36797796e-01,9.36766844e-02,2.00747956e-02,2.99353357e+00,1.10187409e-05,8.465e-16,3.553e-15
28.1000,71.187244,56.329588,-5.200397,42.459327,1.585507,-0.484012,1.833213,-0.521976,0.411684,-1.53977980e-04,8.43393685e-08,1.44171726e-08,1.21715567e-04,2.30647111e-07,1.29830671e-08,6.36793431e-01,9.36792589e-02,2.00954007e-02,2.99351529e+00,1.10218622e-05,1.797e-15,5.551e-16
28.1200,71.231105,56.360177,-5.236284,42.471633,1.585334,-0.484670,1.833187,-0.595602,0.473009,-1.75729105e-04,6.17767183e-08,1.44284169e-08,1.39843734e-04,2.60204660e-07,1.29820856e-08,6.36788428e-01,9.36816719e-02,2.01196088e-02,2.99349444e+00,1.10243846e-05,1.152e-15,1.776e-15
28.1400,71.274967,56.390758,-5.272185,42.483910,1.585159,-0.485329,1.833162,-0.659247,0.527587,-1.94457340e-04,1.17001014e-07,1.44353636e-08,1.55928870e-04,2.38042892e-07,1.29795062e-08,6.36782874e-01,9.36839469e-02,2.01469150e-02,2.99347137e+00,1.10263037e-05,1.117e-15,1.554e-15
28.1600,71.318829,56.421330,-5.308099,42.496157,1.584982,-0.485988,1.833139,-0.711814,0.574522,-2.09871040e-04,2.17058757e-07,1.44375875e-08,1.69719848e-04,1.77551389e-07,1.29776639e-08,6.36776863e-01,9.36861096e-02,2.01767708e-02,2.99344647e+00,1.10276528e-05,6.687e-16,1.332e-15
28.1800,71.362692,56.451894,-5.344026,42.508375,1.584803,-0.486646,1.833117,-0.752292,0.612964,-2.21731232e-04,3.02931493e-07,1.44420289e-08,1.81002020e-04,1.14495380e-07,1.29732222e-08,6.36770486e-01,9.36881841e-02,2.02086591e-02,2.99342012e+00,1.10285002e-05,1.339e-15,3.109e-15
28.2000,71.406555,56.482450,-5.379967,42.520562,1.584623,-0.487305,1.833095,-0.779893,0.642196,-2.29855302e-04,3.24372913e-07,1.44432955e-08,1.89600565e-04,8.58610837e-08,1.29696887e-08,6.36763823e-01,9.36901914e-02,2.02421265e-02,2.99339264e+00,1.10289458e-05,5.967e-16,1.332e-15
28.2200,71.450418,56.512997,-5.415921,42.532720,1.584441,-0.487964,1.833073,-0.794156,0.661715,-2.34119798e-04,2.69323148e-07,1.44423666e-08,1.95383197e-04,1.08148812e-07,1.29672065e-08,6.36756946e-01,9.36921511e-02,2.02767578e-02,2.99336434e+00,1.10291142e-05,1.527e-15,8.882e-16
28.2400,71.494281,56.543535,-5.451888,42.544848,1.584259,-0.488622,1.833052,-0.794982,0.671267,-2.34462299e-04,1.70684435e-07,1.44430082e-08,1.98262198e-04,1.67851445e-07,1.29617610e-08,6.36749933e-01,9.36940833e-02,2.03121139e-02,2.99333552e+00,1.10291472e-05,1.506e-15,1.776e-15
28.2600,71.538144,56.574065,-5.487869,42.556946,1.584076,-0.489281,1.833031,-0.782567,0.670833,-2.30882340e-04,8.66589212e-08,1.44378974e-08,1.98195739e-04,2.29611209e-07,1.29564330e-08,6.36742872e-01,9.36960121e-02,2.03476727e-02,2.99330656e+00,1.10291940e-05,9.233e-16,1.110e-15
28.2800,71.582008,56.604587,-5.523863,42.569014,1.583894,-0.489939,1.833010,-0.757285,0.660550,-2.23441345e-04,6.63969540e-08,1.44296141e-08,1.95188472e-04,2.57131666e-07,1.29499635e-08,6.36735871e-01,9.36979662e-02,2.03828141e-02,2.99327790e+00,1.10294024e-05,7.646e-16,1.332e-15
28.3000,71.625872,56.635100,-5.559870,42.581052,1.583712,-0.490596,1.832988,-0.719590,0.640645,-2.12261598e-04,1.21227980e-07,1.44210741e-08,1.89291400e-04,2.34479021e-07,1.29402097e-08,6.36729044e-01,9.36999763e-02,2.04168627e-02,2.99325001e+00,1.10299102e-05,3.955e-16,2.665e-15
28.3200,71.669736,56.665606,-5.595891,42.593061,1.583532,-0.491253,1.832964,-0.669983,0.611399,-1.97524228e-04,2.18312374e-07,1.44071024e-08,1.80601020e-04,1.75272829e-07,1.29317756e-08,6.36722505e-01,9.37020724e-02,2.04491668e-02,2.99322337e+00,1.10308353e-05,8.327e-16,1.221e-15
28.3400,71.713600,56.696103,-5.631924,42.605040,1.583353,-0.491910,1.832940,-0.609073,0.573169,-1.79466268e-04,3.00261347e-07,1.43934412e-08,1.69257747e-04,1.14468501e-07,1.29233341e-08,6.36716348e-01,9.37042796e-02,2.04791734e-02,2.99319835e+00,1.10322688e-05,1.010e-15,1.332e-15
28.3600,71.757465,56.726592,-5.667971,42.616989,1.583177,-0.492566,1.832914,-0.537677,0.526452,-1.58376831e-04,3.19007876e-07,1.43814883e-08,1.55443660e-04,8.76864923e-08,1.29140451e-08,6.36710649e-01,9.37066173e-02,2.05064592e-02,2.99317527e+00,1.10342697e-05,7.702e-16,1.776e-15
28.3800,71.801330,56.757072,-5.704031,42.628908,1.583003,-0.493222,1.832887,-0.456899,0.471944,-1.34592476e-04,2.63940296e-07,1.43661349e-08,1.39379579e-04,1.10311215e-07,1.29073895e-08,6.36705464e-01,9.37090999e-02,2.05307047e-02,2.99315435e+00,1.10368610e-05,7.596e-16,1.110e-15
28.4000,71.845195,56.787545,-5.740104,42.640797,1.582831,-0.493877,1.832857,-0.368134,0.410559,-1.08491834e-04,1.67835147e-07,1.43523564e-08,1.21321531e-04,1.68623208e-07,1.28999044e-08,6.36700841e-01,9.37117400e-02,2.05516320e-02,2.99313578e+00,1.10400286e-05,1.846e-15,2.220e-15
28.4200,71.889060,56.818011,-5.776190,42.652657,1.582662,-0.494531,1.832826,-0.272978,0.343386,-8.04895975e-05,8.72836835e-08,1.43380935e-08,1.01556668e-04,2.28073449e-07,1.28909869e-08,6.36696831e-01,9.37145509e-02,2.05689455e-02,2.99311979e+00,1.10437216e-05,1.492e-15,1.332e-15
28.4400,71.932926,56.848468,-5.812289,42.664486,1.582496,-0.495185,1.832793,-0.173096,0.271607,-5.10299395e-05,6.92983824e-08,1.43192822e-08,8.03986897e-05,2.53713529e-07,1.28833808e-08,6.36693491e-01,9.37175475e-02,2.05823163e-02,2.99310659e+00,1.10478561e-05,1.561e-15,5.551e-16
28.4600,71.976792,56.878917,-5.848400,42.676286,1.582334,-0.495838,1.832758,-0.070103,0.196409,-2.05794805e-05,1.23804090e-07,1.43021215e-08,5.81828641e-05,2.30702158e-07,1.28740249e-08,6.36690876e-01,9.37207444e-02,2.05914199e-02,2.99309641e+00,1.10523210e-05,8.535e-16,8.882e-16
28.4800,72.020659,56.909360,-5.884525,42.688055,1.582175,-0.496491,1.832720,0.034481,0.118935,1.03801051e-05,2.18109410e-07,1.42845871e-08,3.52607187e-05,1.72857072e-07,1.28647706e-08,6.36689029e-01,9.37241528e-02,2.05960084e-02,2.99308944e+00,1.10569841e-05,1.395e-15,2.109e-15
28.5000,72.064526,56.939794,-5.920662,42.699795,1.582020,-0.497143,1.832680,0.139187,0.040298,4.13597179e-05,2.96428443e-07,1.42658526e-08,1.19944846e-05,1.14328162e-07,1.28584047e-08,6.36687971e-01,9.37277776e-02,2.05959765e-02,2.99308575e+00,1.10617010e-05,1.353e-15,2.220e-15
28.5200,72.108393,56.970222,-5.956811,42.711505,1.581868,-0.497795,1.832637,0.242515,-0.038374,7.18705724e-05,3.12800326e-07,1.42521271e-08,-1.12486211e-05,8.94068881e-08,1.28518635e-08,6.36687694e-01,9.37316160e-02,2.05913829e-02,2.99308530e+00,1.10663239e-05,7.366e-16,2.220e-15
28.5400,72.152261,57.000642,-5.992973,42.723184,1.581720,-0.498446,1.832593,0.342866,-0.115889,1.01431916e-04,2.57983342e-07,1.42391674e-08,-3.41021885e-05,1.12408745e-07,1.28470802e-08,6.36688168e-01,9.37356593e-02,2.05824160e-02,2.99308796e+00,1.10707115e-05,5.430e-16,3.553e-15
28.5600,72.196129,57.031055,-6.029148,42.734834,1.581574,-0.499097,1.832546,0.438555,-0.190981,1.29578603e-04,1.64590183e-07,1.42262563e-08,-5.62063942e-05,1.69429954e-07,1.28444485e-08,6.36689353e-01,9.37398964e-02,2.05693251e-02,2.99309357e+00,1.10747373e-05,7.284e-16,1.776e-15
28.5800,72.239998,57.061461,-6.065335,42.746454,1.581432,-0.499747,1.832498,0.527896,-0.262356,1.55868401e-04,8.76222440e-08,1.42171587e-08,-7.72136731e-05,2.26722900e-07,1.28402323e-08,6.36691207e-01,9.37443158e-02,2.05523553e-02,2.99310195e+00,1.10782975e-05,6.037e-16,1.776e-15
28.6000,72.283867,57.091860,-6.101535,42.758043,1.581293,-0.500397,1.832447,0.609340,-0.328784,1.79888931e-04,7.20201981e-08,1.42064860e-08,-9.67941897e-05,2.50647912e-07,1.28369445e-08,6.36693693e-01,9.37489077e-02,2.05317246e-02,2.99311294e+00,1.10813175e-05,1.006e-15,6.661e-16
28.6200,72.327737,57.122252,-6.137746,42.769603,1.581156,-0.501047,1.832395,0.681584,-0.389177,2.01264120e-04,1.26374013e-07,1.41961305e-08,-1.14641019e-04,2.27407508e-07,1.28346837e-08,6.36696774e-01,9.37536619e-02,2.05076533e-02,2.99312640e+00,1.10837571e-05,1.103e-15,8.882e-16
28.6400,72.371608,57.152637,-6.173970,42.781133,1.581021,-0.501696,1.832341,0.743606,-0.442638,2.19660097e-04,2.18170929e-07,1.41901035e-08,-1.30474956e-04,1.70987385e-07,1.28315702e-08,6.36700402e-01,9.37585657e-02,2.04804251e-02,2.99314212e+00,1.10856123e-05,1.305e-15,2.220e-15
28.6600,72.415479,57.183016,-6.210206,42.792632,1.580889,-0.502345,1.832286,0.794619,-0.488441,2.34790417e-04,2.93199299e-07,1.41842369e-08,-1.44048871e-04,1.14737090e-07,1.28313445e-08,6.36704510e-01,9.37636006e-02,2.04504416e-02,2.99315983e+00,1.10869152e-05,7.062e-16,1.110e-15
28.6800,72.459351,57.213388,-6.246455,42.804101,1.580758,-0.502994,1.832230,0.833978,-0.525983,2.46420525e-04,3.07532023e-07,1.41821456e-08,-1.55151567e-04,9.16556445e-08,1.28330885e-08,6.36709008e-01,9.37687425e-02,2.04182332e-02,2.99317915e+00,1.10877327e-05,8.951e-16,2.109e-15
28.7000,72.503223,57.243754,-6.282715,42.815540,1.580628,-0.503643,1.832173,0.861103,-0.554727,2.54371407e-04,2.53222250e-07,1.41852105e-08,-1.63611061e-04,1.15035081e-07,1.28348885e-08,6.36713793e-01,9.37739631e-02,2.03844177e-02,2.99319965e+00,1.10881619e-05,4.441e-16,1.776e-15
28.7200,72.547096,57.274113,-6.318988,42.826949,1.580499,-0.504292,1.832116,0.875475,-0.574183,2.58522337e-04,1.62682468e-07,1.41879485e-08,-1.69297245e-04,1.70814933e-07,1.28391809e-08,6.36718755e-01,9.37792333e-02,2.03496262e-02,2.99322088e+00,1.10883239e-05,1.110e-15,2.220e-15
28.7400,72.590970,57.304466,-6.355272,42.838328,1.580369,-0.504941,1.832058,0.876707,-0.583948,2.58812700e-04,8.93466892e-08,1.41935184e-08,-1.72123902e-04,2.26041715e-07,1.28432694e-08,6.36723795e-01,9.37845266e-02,2.03144359e-02,2.99324243e+00,1.10883555e-05,7.375e-16,6.661e-16
28.7600,72.634844,57.334812,-6.391569,42.849677,1.580240,-0.505591,1.832000,0.864656,-0.583773,2.55242858e-04,7.61492931e-08,1.42012113e-08,-1.72050010e-04,2.48346817e-07,1.28461489e-08,6.36728826e-01,9.37898201e-02,2.02793436e-02,2.99326393e+00,1.10884017e-05,8.812e-16,1.554e-15
28.7800,72.678719,57.365152,-6.427878,42.860995,1.580110,-0.506240,1.831943,0.839504,-0.573631,2.47874059e-04,1.30413880e-07,1.42072958e-08,-1.69080338e-04,2.24930460e-07,1.28507225e-08,6.36733770e-01,9.37950933e-02,2.02447905e-02,2.99328509e+00,1.10886059e-05,1.062e-15,1.221e-15
28.8000,72.722594,57.395485,-6.464198,42.872284,1.579978,-0.506890,1.831886,0.801770,-0.553741,2.36827397e-04,2.19836137e-07,1.42170056e-08,-1.63265312e-04,1.69918876e-07,1.28549273e-08,6.36738549e-01,9.38003258e-02,2.02112187e-02,2.99330557e+00,1.10891013e-05,9.931e-16,3.109e-15
28.8200,72.766470,57.425813,-6.500531,42.883542,1.579846,-0.507540,1.831830,0.752240,-0.524536,2.22281834e-04,2.91751824e-07,1.42293677e-08,-1.54700155e-04,1.15868225e-07,1.28596044e-08,6.36743077e-01,9.38054948e-02,2.01791197e-02,2.99332502e+00,1.10900017e-05,1.166e-15,1.110e-15
28.8400,72.810347,57.456133,-6.536875,42.894770,1.579711,-0.508190,1.831775,0.691849,-0.486592,2.04471318e-04,3.04199361e-07,1.42421410e-08,-1.43523327e-04,9.45222324e-08,1.28670360e-08,6.36747261e-01,9.38105749e-02,2.01490437e-02,2.99334305e+00,1.10913953e-05,1.256e-15,1.332e-15
28.8600,72.854224,57.486448,-6.573232,42.905968,1.579574,-0.508841,1.831721,0.621585,-0.440559,1.83681022e-04,2.50456680e-07,1.42595577e-08,-1.29914283e-04,1.18195121e-07,1.28740453e-08,6.36750999e-01,9.38155397e-02,2.01215583e-02,2.99335925e+00,1.10933390e-05,1.867e-15,2.665e-15
28.8800,72.898102,57.516756,-6.609601,42.917135,1.579434,-0.509493,1.831669,0.542464,-0.387126,1.60242789e-04,1.62705646e-07,1.42777059e-08,-1.14090601e-04,1.72696852e-07,1.28811432e-08,6.36754203e-01,9.38203654e-02,2.00971781e-02,2.99337325e+00,1.10958549e-05,7.702e-16,8.882e-16
28.9000,72.941980,57.547058,-6.645981,42.928273,1.579291,-0.510144,1.831619,0.455575,-0.327040,1.34529814e-04,9.28389699e-08,1.42944112e-08,-9.63045066e-05,2.25861697e-07,1.28889338e-08,6.36756799e-01,9.38250333e-02,2.00763026e-02,2.99338476e+00,1.10989286e-05,1.305e-15,3.109e-15
28.9200,72.985859,57.577353,-6.682374,42.939380,1.579145,-0.510797,1.831570,0.362163,-0.261153,1.06950703e-04,8.18521064e-08,1.43130828e-08,-7.68388638e-05,2.46556447e-07,1.28942969e-08,6.36758741e-01,9.38295312e-02,2.00591943e-02,2.99339358e+00,1.11025106e-05,1.561e-15,8.882e-16
28.9400,73.029738,57.607642,-6.718778,42.950457,1.578995,-0.511450,1.831524,0.263690,-0.190471,7.79429691e-05,1.35871421e-07,1.43298392e-08,-5.60026768e-05,2.22935891e-07,1.28992908e-08,6.36759998e-01,9.38338519e-02,2.00460072e-02,2.99339960e+00,1.11065197e-05,8.049e-16,2.665e-15
28.9600,73.073617,57.637925,-6.755195,42.961504,1.578841,-0.512103,1.831479,0.161822,-0.116163,4.79660939e-05,2.22832367e-07,1.43455531e-08,-3.41261834e-05,1.69241931e-07,1.29048187e-08,6.36760551e-01,9.38379906e-02,2.00368456e-02,2.99340274e+00,1.11108477e-05,9.576e-16,2.220e-15
28.9800,73.117497,57.668201,-6.791623,42.972521,1.578684,-0.512756,1.831436,0.058338,-0.039509,1.74942633e-05,2.91594195e-07,1.43640237e-08,-1.15556161e-05,1.17246077e-07,1.29089724e-08,6.36760380e-01,9.38419424e-02,2.00318158e-02,2.99340292e+00,1.11153663e-05,9.229e-16,2.220e-15
29.0000,73.161377,57.698470,-6.828064,42.983508,1.578523,-0.513411,1.831396,-0.044994,0.038180,-1.29911222e-05,3.02097519e-07,1.43812349e-08,1.13522833e-05,9.74743138e-08,1.29142775e-08,6.36759464e-01,9.38457018e-02,2.00310397e-02,2.99340006e+00,1.11199356e-05,1.020e-15,1.110e-15
29.0200,73.205258,57.728733,-6.864517,42.994465,1.578359,-0.514065,1.831357,-0.146526,0.115638,-4.30090452e-05,2.48781076e-07,1.43984901e-08,3.42359019e-05,1.21308010e-07,1.29199364e-08,6.36757784e-01,9.38492641e-02,2.00346213e-02,2.99339408e+00,1.11244126e-05,6.087e-16,3.109e-15
29.0400,73.249138,57.758989,-6.900982,43.005391,1.578190,-0.514720,1.831321,-0.244763,0.191692,-7.20864619e-05,1.63570783e-07,1.44168550e-08,5.67344606e-05,1.74454153e-07,1.29234912e-08,6.36755337e-01,9.38526285e-02,2.00425848e-02,2.99338496e+00,1.11286606e-05,1.492e-15,3.997e-15
29.0600,73.293019,57.789238,-6.937459,43.016287,1.578018,-0.515376,1.831287,-0.338326,0.265248,-9.97657651e-05,9.68474063e-08,1.44311553e-08,7.84936946e-05,2.25528495e-07,1.29268508e-08,6.36752138e-01,9.38558001e-02,2.00548221e-02,2.99337278e+00,1.11325568e-05,8.470e-16,1.332e-15
29.0800,73.336900,57.819481,-6.973948,43.027154,1.577842,-0.516031,1.831255,-0.425872,0.335248,-1.25611996e-04,8.77360259e-08,1.44435717e-08,9.91714244e-05,2.44598699e-07,1.29284880e-08,6.36748231e-01,9.38587909e-02,2.00710800e-02,2.99335773e+00,1.11360009e-05,6.403e-16,4.441e-15
29.1000,73.380781,57.849717,-7.010449,43.037990,1.577663,-0.516687,1.831224,-0.506046,0.400628,-1.49219683e-04,1.41234605e-07,1.44548195e-08,1.18442935e-04,2.20732748e-07,1.29275653e-08,6.36743678e-01,9.38616179e-02,2.00909957e-02,2.99334005e+00,1.11389214e-05,8.322e-16,3.109e-15
29.1200,73.424663,57.879946,-7.046962,43.048796,1.577482,-0.517343,1.831195,-0.577487,0.460317,-1.70219203e-04,2.25549357e-07,1.44618562e-08,1.36006078e-04,1.68265008e-07,1.29270694e-08,6.36738548e-01,9.38643001e-02,2.01141618e-02,2.99332005e+00,1.11412795e-05,1.714e-15,4.441e-15
29.1400,73.468544,57.910168,-7.083488,43.059572,1.577297,-0.518000,1.831168,-0.638914,0.513278,-1.88282552e-04,2.91040237e-07,1.44688859e-08,1.51586010e-04,1.18191553e-07,1.29257134e-08,6.36732909e-01,9.38668561e-02,2.01401836e-02,2.99329801e+00,1.11430712e-05,7.284e-16,2.220e-15
29.1600,73.512425,57.940384,-7.120026,43.070318,1.577111,-0.518656,1.831141,-0.689247,0.558587,-2.03128461e-04,2.99489294e-07,1.44756057e-08,1.64939505e-04,9.98573864e-08,1.29234903e-08,6.36726827e-01,9.38693026e-02,2.01686994e-02,2.99327418e+00,1.11443285e-05,1.124e-15,2.665e-15
29.1800,73.556307,57.970592,-7.156576,43.081034,1.576922,-0.519312,1.831116,-0.727689,0.595505,-2.14526765e-04,2.46435714e-07,1.44790147e-08,1.75858744e-04,1.23753902e-07,1.29222329e-08,6.36720363e-01,9.38716564e-02,2.01993539e-02,2.99324883e+00,1.11451164e-05,8.465e-16,1.332e-15
29.2000,73.600188,58.000794,-7.193138,43.091720,1.576732,-0.519968,1.831091,-0.753754,0.623507,-2.22301974e-04,1.63526113e-07,1.44821658e-08,1.84174551e-04,1.75510040e-07,1.29192010e-08,6.36713587e-01,9.38739362e-02,2.02317451e-02,2.99322225e+00,1.11455293e-05,1.291e-15,8.882e-16
29.2200,73.644069,58.030989,-7.229712,43.102376,1.576541,-0.520625,1.831066,-0.767206,0.642263,-2.26335978e-04,9.96591449e-08,1.44824633e-08,1.89759004e-04,2.24515462e-07,1.29144449e-08,6.36706583e-01,9.38761646e-02,2.02653804e-02,2.99319478e+00,1.11456843e-05,9.645e-16,1.332e-15
29.2400,73.687951,58.061178,-7.266298,43.113002,1.576349,-0.521281,1.831042,-0.767973,0.651584,-2.26569852e-04,9.21555865e-08,1.44779159e-08,1.92527393e-04,2.42004187e-07,1.29093092e-08,6.36699452e-01,9.38783688e-02,2.02996708e-02,2.99316685e+00,1.11457145e-05,8.867e-16,1.776e-15
29.2600,73.731832,58.091359,-7.302896,43.123598,1.576157,-0.521937,1.831018,-0.756072,0.651368,-2.23004718e-04,1.44950642e-07,1.44724467e-08,1.92439506e-04,2.17916302e-07,1.29018143e-08,6.36692305e-01,9.38805784e-02,2.03339723e-02,2.99313891e+00,1.11457604e-05,1.062e-15,8.882e-16
29.2800,73.775713,58.121534,-7.339506,43.134164,1.575966,-0.522592,1.830993,-0.731603,0.641582,-2.15701642e-04,2.26548602e-07,1.44641536e-08,1.89500207e-04,1.66655839e-07,1.28938421e-08,6.36685249e-01,9.38828222e-02,2.03676537e-02,2.99311140e+00,1.11459610e-05,1.311e-15,1.332e-15
29.3000,73.819594,58.151702,-7.376129,43.144699,1.575775,-0.523247,1.830967,-0.694809,0.622293,-2.04780593e-04,2.88785209e-07,1.44535457e-08,1.83759312e-04,1.18451945e-07,1.28868302e-08,6.36678383e-01,9.38851258e-02,2.04001566e-02,2.99308474e+00,1.11464448e-05,7.078e-16,3.109e-15
29.3200,73.863476,58.181864,-7.412763,43.155205,1.575585,-0.523902,1.830941,-0.646166,0.593723,-1.90418458e-04,2.95222630e-07,1.44442867e-08,1.75310755e-04,1.01503393e-07,1.28789297e-08,6.36671786e-01,9.38875103e-02,2.04310164e-02,2.99305923e+00,1.11473220e-05,6.453e-16,8.882e-16
29.3400,73.907357,58.212019,-7.449409,43.165680,1.575397,-0.524556,1.830913,-0.586445,0.556303,-1.72846177e-04,2.42439784e-07,1.44330841e-08,1.64291051e-04,1.25451986e-07,1.28717307e-08,6.36665529e-01,9.38899936e-02,2.04598381e-02,2.99303518e+00,1.11486780e-05,1.353e-15,1.776e-15
29.3600,73.951238,58.242167,-7.486067,43.176126,1.575211,-0.525209,1.830884,-0.516706,0.510680,-1.52345030e-04,1.61780249e-07,1.44202277e-08,1.50877090e-04,1.75870593e-07,1.28648558e-08,6.36659675e-01,9.38925929e-02,2.04862453e-02,2.99301284e+00,1.11505676e-05,7.980e-16,8.882e-16
29.3800,73.995119,58.272309,-7.522737,43.186541,1.575027,-0.525863,1.830854,-0.438217,0.457683,-1.29242148e-04,1.00687387e-07,1.44074515e-08,1.35283293e-04,2.22913548e-07,1.28561118e-08,6.36654294e-01,9.38953261e-02,2.05098376e-02,2.99299250e+00,1.11530116e-05,5.759e-16,1.332e-15
29.4000,74.039001,58.302445,-7.559419,43.196926,1.574846,-0.526515,1.830822,-0.352345,0.398246,-1.03905301e-04,9.47394811e-08,1.43911864e-08,1.17758177e-04,2.38945792e-07,1.28474430e-08,6.36649458e-01,9.38982127e-02,2.05301856e-02,2.99297445e+00,1.11559958e-05,7.633e-16,1.221e-15
29.4200,74.082882,58.332575,-7.596112,43.207281,1.574667,-0.527167,1.830788,-0.260465,0.333346,-7.67370523e-05,1.46868127e-07,1.43737088e-08,9.85803948e-05,2.14738933e-07,1.28385937e-08,6.36645241e-01,9.39012716e-02,2.05468699e-02,2.99295900e+00,1.11594722e-05,9.229e-16,3.109e-15
29.4400,74.126763,58.362698,-7.632817,43.217606,1.574492,-0.527819,1.830752,-0.163931,0.263965,-4.81683593e-05,2.25898125e-07,1.43572169e-08,7.80543098e-05,1.64743568e-07,1.28289918e-08,6.36641700e-01,9.39045183e-02,2.05595446e-02,2.99294638e+00,1.11633616e-05,6.275e-16,2.220e-15
29.4600,74.170645,58.392816,-7.669533,43.227901,1.574320,-0.528470,1.830713,-0.064117,0.191104,-1.86517285e-05,2.85112217e-07,1.43395129e-08,5.65051689e-05,1.18429717e-07,1.28213361e-08,6.36638877e-01,9.39079628e-02,2.05679899e-02,2.99293675e+00,1.11675588e-05,9.868e-16,1.332e-15
29.4800,74.214527,58.422927,-7.706262,43.238166,1.574151,-0.529120,1.830673,0.037511,0.115829,1.13459612e-05,2.89789502e-07,1.43237957e-08,3.42739554e-05,1.02882810e-07,1.28147025e-08,6.36636786e-01,9.39116086e-02,2.05721270e-02,2.99293018e+00,1.11719394e-05,6.314e-16,2.220e-15
29.5000,74.258409,58.453033,-7.743001,43.248400,1.573985,-0.529770,1.830630,0.139357,0.039298,4.13508484e-05,2.37486851e-07,1.43102528e-08,1.17119944e-05,1.26933104e-07,1.28083323e-08,6.36635425e-01,9.39154542e-02,2.05719865e-02,2.99292664e+00,1.11763680e-05,9.992e-16,1.332e-15
29.5200,74.302291,58.483133,-7.779752,43.258604,1.573823,-0.530419,1.830585,0.239711,-0.037231,7.08895718e-05,1.59219779e-07,1.42957838e-08,-1.08246020e-05,1.76117136e-07,1.28036604e-08,6.36634780e-01,9.39194957e-02,2.05676527e-02,2.99292608e+00,1.11807059e-05,6.661e-16,2.220e-15
29.5400,74.346173,58.513227,-7.816514,43.268778,1.573664,-0.531068,1.830538,0.336841,-0.112458,9.94967284e-05,1.01000560e-07,1.42828914e-08,-3.29805616e-05,2.21343427e-07,1.27986259e-08,6.36634838e-01,9.39237290e-02,2.05592153e-02,2.99292844e+00,1.11848205e-05,1.631e-15,8.882e-16
29.5600,74.390056,58.543316,-7.853287,43.278922,1.573508,-0.531716,1.830489,0.429107,-0.185110,1.26722196e-04,9.67220061e-08,1.42705517e-08,-5.44070575e-05,2.36072710e-07,1.27931837e-08,6.36635584e-01,9.39281503e-02,2.05467579e-02,2.99293365e+00,1.11885930e-05,8.259e-16,8.882e-16
29.5800,74.433938,58.573400,-7.890072,43.289035,1.573355,-0.532364,1.830438,0.515051,-0.254016,1.52138210e-04,1.48367099e-07,1.42573247e-08,-7.47672010e-05,2.11867944e-07,1.27891684e-08,6.36637002e-01,9.39327545e-02,2.05303887e-02,2.99294165e+00,1.11919269e-05,8.257e-16,2.220e-15
29.6000,74.477822,58.603478,-7.926868,43.299118,1.573205,-0.533012,1.830385,0.593429,-0.318143,1.75346086e-04,2.25098913e-07,1.42471520e-08,-9.37413349e-05,1.63204523e-07,1.27853131e-08,6.36639060e-01,9.39375335e-02,2.05102930e-02,2.99295231e+00,1.11947529e-05,1.353e-15,3.553e-15
29.6200,74.521705,58.633551,-7.963674,43.309171,1.573058,-0.533659,1.830330,0.663162,-0.376581,1.95982485e-04,2.81616455e-07,1.42391425e-08,-1.11032047e-04,1.18801287e-07,1.27828201e-08,6.36641709e-01,9.39424732e-02,2.04867755e-02,2.99296541e+00,1.11970334e-05,8.604e-16,1.332e-15
29.6400,74.565589,58.663619,-8.000492,43.319193,1.572912,-0.534306,1.830274,0.723270,-0.428500,2.13725104e-04,2.84852383e-07,1.42328434e-08,-1.26368824e-04,1.04662678e-07,1.27828809e-08,6.36644877e-01,9.39475544e-02,2.04602644e-02,2.99298066e+00,1.11987653e-05,9.645e-16,1.776e-15
29.6600,74.609473,58.693682,-8.037321,43.329185,1.572769,-0.534953,1.830217,0.772823,-0.473117,2.28297725e-04,2.33281413e-07,1.42309507e-08,-1.39512289e-04,1.28844006e-07,1.27833843e-08,6.36648480e-01,9.39527537e-02,2.04312724e-02,2.99299770e+00,1.11999797e-05,8.882e-16,8.882e-16
29.6800,74.653357,58.723740,-8.074160,43.339147,1.572627,-0.535600,1.830159,0.810951,-0.509690,2.39474499e-04,1.57566777e-07,1.42304592e-08,-1.50257932e-04,1.76864603e-07,1.27849606e-08,6.36652425e-01,9.39580467e-02,2.04003342e-02,2.99301615e+00,1.12007400e-05,7.776e-16,2.220e-15
29.7000,74.697242,58.753793,-8.111011,43.349078,1.572486,-0.536247,1.830099,0.836920,-0.537560,2.47083447e-04,1.02313816e-07,1.42307536e-08,-1.58439303e-04,2.20376781e-07,1.27875172e-08,6.36656627e-01,9.39634103e-02,2.03679542e-02,2.99303566e+00,1.12011377e-05,1.325e-15,2.220e-15
29.7200,74.741128,58.783841,-8.147872,43.358979,1.572345,-0.536894,1.830040,0.850230,-0.556212,2.51009089e-04,9.97859798e-08,1.42337904e-08,-1.63930594e-04,2.33903088e-07,1.27891968e-08,6.36661007e-01,9.39688236e-02,2.03345894e-02,2.99305590e+00,1.12012864e-05,1.374e-15,1.554e-15
29.7400,74.785013,58.813885,-8.184744,43.368849,1.572205,-0.537540,1.829980,0.850684,-0.565340,2.51194191e-04,1.51070293e-07,1.42370373e-08,-1.66648569e-04,2.09760228e-07,1.27917240e-08,6.36665488e-01,9.39742668e-02,2.03006739e-02,2.99307656e+00,1.12013156e-05,9.298e-16,5.551e-16
29.7600,74.828899,58.843924,-8.221627,43.378689,1.572064,-0.538187,1.829920,0.838390,-0.564859,2.47640595e-04,2.25685598e-07,1.42420673e-08,-1.66553829e-04,1.62428467e-07,1.27953861e-08,6.36669993e-01,9.39797188e-02,2.02666648e-02,2.99309732e+00,1.12013611e-05,1.020e-15,2.220e-15
29.7800,74.872786,58.873958,-8.258521,43.388499,1.571923,-0.538835,1.829861,0.813704,-0.554880,2.40409127e-04,2.79717488e-07,1.42510144e-08,-1.63651363e-04,1.19884948e-07,1.27992865e-08,6.36674432e-01,9.39851559e-02,2.02330779e-02,2.99311780e+00,1.12015575e-05,1.173e-15,2.220e-15
29.8000,74.916673,58.903987,-8.295426,43.398278,1.571781,-0.539482,1.829802,0.777134,-0.535655,2.29618569e-04,2.81692380e-07,1.42613200e-08,-1.57990419e-04,1.07085788e-07,1.28051645e-08,6.36678706e-01,9.39905517e-02,2.02004878e-02,2.99313761e+00,1.12020292e-05,1.395e-15,3.553e-15
29.8200,74.960560,58.934011,-8.332341,43.408026,1.571637,-0.540130,1.829743,0.729276,-0.507523,2.15443718e-04,2.30946651e-07,1.42743185e-08,-1.49663667e-04,1.31348198e-07,1.28119530e-08,6.36682713e-01,9.39958789e-02,2.01694871e-02,2.99315631e+00,1.12028831e-05,1.242e-15,2.220e-15
29.8400,75.004447,58.964031,-8.369267,43.417745,1.571491,-0.540778,1.829686,0.670799,-0.470890,1.98112553e-04,1.57771636e-07,1.42898400e-08,-1.38805689e-04,1.78193238e-07,1.28182115e-08,6.36686357e-01,9.40011120e-02,2.01406260e-02,2.99317351e+00,1.12042015e-05,9.229e-16,2.109e-15
29.8600,75.048335,58.994046,-8.406204,43.427432,1.571343,-0.541427,1.829630,0.602497,-0.426254,1.77902562e-04,1.05392787e-07,1.43045270e-08,-1.25590811e-04,2.20007682e-07,1.28250083e-08,6.36689556e-01,9.40062300e-02,2.01143616e-02,2.99318888e+00,1.12060370e-05,1.374e-15,1.332e-15
29.8800,75.092223,59.024057,-8.443151,43.437090,1.571192,-0.542076,1.829576,0.525359,-0.374249,1.55136294e-04,1.04501522e-07,1.43200946e-08,-1.10230314e-04,2.32344077e-07,1.28309524e-08,6.36692248e-01,9.40112166e-02,2.00910440e-02,2.99320216e+00,1.12084096e-05,5.176e-16,3.997e-15
29.9000,75.136111,59.054063,-8.480109,43.446716,1.571038,-0.542725,1.829523,0.440612,-0.315679,1.30176203e-04,1.55342839e-07,1.43363261e-08,-9.29690506e-05,2.08237692e-07,1.28359089e-08,6.36694383e-01,9.40160593e-02,2.00709416e-02,2.99321316e+00,1.12113054e-05,1.131e-15,1.221e-15
29.9200,75.180000,59.084064,-8.517078,43.456313,1.570881,-0.543375,1.829472,0.349702,-0.251524,1.03418885e-04,2.27810215e-07,1.43516752e-08,-7.40815466e-05,1.62156387e-07,1.28417134e-08,6.36695919e-01,9.40207472e-02,2.00542882e-02,2.99322170e+00,1.12146774e-05,7.583e-16,6.661e-16
29.9400,75.223889,59.114060,-8.554058,43.465879,1.570721,-0.544025,1.829423,0.254211,-0.182893,7.52887875e-05,2.79349483e-07,1.43690418e-08,-5.38676277e-05,1.21346611e-07,1.28472976e-08,6.36696815e-01,9.40252695e-02,2.00413208e-02,2.99322762e+00,1.12184486e-05,1.034e-15,7.772e-16
29.9600,75.267778,59.144051,-8.591049,43.475414,1.570557,-0.544676,1.829376,0.155751,-0.110952,4.62314838e-05,2.80025665e-07,1.43874344e-08,-3.26476571e-05,1.09749494e-07,1.28529357e-08,6.36697026e-01,9.40296149e-02,2.00322828e-02,2.99323073e+00,1.12225169e-05,6.529e-16,1.332e-15
29.9800,75.311666,59.174038,-8.628050,43.484919,1.570390,-0.545327,1.829331,0.055878,-0.036861,1.67066223e-05,2.29986702e-07,1.44051056e-08,-1.07574582e-05,1.33980492e-07,1.28593510e-08,6.36696516e-01,9.40337736e-02,2.00273901e-02,2.99323089e+00,1.12267619e-05,9.229e-16,9.992e-16
30.0000,75.355556,59.204020,-8.665062,43.494394,1.570218,-0.545979,1.829288,-0.043927,0.038256,-1.28193463e-05,1.59136975e-07,1.44236055e-08,1.14569952e-05,1.79581481e-07,1.28644200e-08,6.36695259e-01,9.40377394e-02,2.00267772e-02,2.99322799e+00,1.12310520e-05,9.645e-16,1.332e-15
30.0200,75.399445,59.233996,-8.702085,43.503838,1.570043,-0.546631,1.829247,-0.142230,0.113302,-4.18805455e-05,1.09352408e-07,1.44403583e-08,3.36450413e-05,2.19664896e-07,1.28683258e-08,6.36693252e-01,9.40415120e-02,2.00304559e-02,2.99322202e+00,1.12352530e-05,1.971e-15,2.665e-15
30.0400,75.443334,59.263968,-8.739119,43.513252,1.569865,-0.547284,1.829208,-0.237576,0.187172,-7.00190323e-05,1.09811375e-07,1.44543934e-08,5.54568597e-05,2.30782853e-07,1.28715104e-08,6.36690514e-01,9.40450970e-02,2.00383079e-02,2.99321307e+00,1.12392363e-05,7.633e-16,1.554e-15
30.0600,75.487223,59.293935,-8.776164,43.522635,1.569682,-0.547936,1.829171,-0.328463,0.258722,-9.67920158e-05,1.59971253e-07,1.44678841e-08,7.65489857e-05,2.06655959e-07,1.28727114e-08,6.36687079e-01,9.40485045e-02,2.00501174e-02,2.99320129e+00,1.12428875e-05,1.554e-15,3.109e-15
30.0800,75.531112,59.323897,-8.813220,43.531988,1.569497,-0.548590,1.829136,-0.413366,0.326781,-1.21778821e-04,2.30119954e-07,1.44791700e-08,9.65897205e-05,1.61723905e-07,1.28734552e-08,6.36682993e-01,9.40517468e-02,2.00656239e-02,2.99318687e+00,1.12461129e-05,8.856e-16,2.665e-15
30.1000,75.575001,59.353854,-8.850286,43.541310,1.569309,-0.549243,1.829102,-0.490817,0.390191,-1.44587491e-04,2.79039324e-07,1.44890577e-08,1.15264352e-04,1.22514046e-07,1.28743019e-08,6.36678301e-01,9.40548361e-02,2.00845652e-02,2.99316999e+00,1.12488455e-05,1.305e-15,8.882e-16
30.1200,75.618889,59.383805,-8.887364,43.550602,1.569117,-0.549896,1.829070,-0.559509,0.447883,-1.64860921e-04,2.78281111e-07,1.44993018e-08,1.32280102e-04,1.11985295e-07,1.28740991e-08,6.36673047e-01,9.40577844e-02,2.01066875e-02,2.99315084e+00,1.12510496e-05,1.721e-15,2.220e-15
30.1400,75.662778,59.413752,-8.924452,43.559864,1.568923,-0.550550,1.829039,-0.618372,0.498934,-1.82282450e-04,2.28758165e-07,1.45072637e-08,1.47370711e-04,1.36086530e-07,1.28738745e-08,6.36667279e-01,9.40606045e-02,2.01317193e-02,2.99312962e+00,1.12527224e-05,1.533e-15,9.992e-16
30.1600,75.706666,59.443693,-8.961552,43.569095,1.568727,-0.551204,1.829010,-0.666588,0.542595,-1.96580802e-04,1.59975663e-07,1.45132664e-08,1.60300605e-04,1.80398130e-07,1.28728295e-08,6.36661055e-01,9.40633119e-02,2.01593264e-02,2.99310656e+00,1.12538943e-05,9.506e-16,4.441e-16
30.1800,75.750555,59.473630,-8.998662,43.578296,1.568529,-0.551858,1.828981,-0.703542,0.578274,-2.07534322e-04,1.12491088e-07,1.45175911e-08,1.70868566e-04,2.18748725e-07,1.28696400e-08,6.36654448e-01,9.40659266e-02,2.01890787e-02,2.99308198e+00,1.12546270e-05,1.159e-15,1.776e-15
30.2000,75.794443,59.503561,-9.035783,43.587467,1.568329,-0.552511,1.828953,-0.728757,0.605491,-2.14974416e-04,1.14027482e-07,1.45177641e-08,1.78910855e-04,2.28659768e-07,1.28655978e-08,6.36647547e-01,9.40684728e-02,2.02204510e-02,2.99305625e+00,1.12550093e-05,1.173e-15,2.665e-15
30.2200,75.838331,59.533487,-9.072915,43.596607,1.568129,-0.553165,1.828925,-0.741847,0.623846,-2.18788148e-04,1.63306790e-07,1.45156289e-08,1.84303749e-04,2.04504474e-07,1.28602957e-08,6.36640452e-01,9.40709772e-02,2.02528617e-02,2.99302977e+00,1.12551519e-05,1.173e-15,8.882e-16
30.2400,75.882218,59.563408,-9.110058,43.605717,1.567928,-0.553818,1.828898,-0.742523,0.633013,-2.18919949e-04,2.31028945e-07,1.45120948e-08,1.86965447e-04,1.60678911e-07,1.28537756e-08,6.36633264e-01,9.40734665e-02,2.02857297e-02,2.99300297e+00,1.12551799e-05,7.841e-16,4.441e-15
30.2600,75.926105,59.593324,-9.147211,43.614796,1.567727,-0.554471,1.828870,-0.730659,0.632775,-2.15372411e-04,2.77286402e-07,1.45059822e-08,1.86857311e-04,1.23002304e-07,1.28478176e-08,6.36626074e-01,9.40759650e-02,2.03185214e-02,2.99297622e+00,1.12552251e-05,7.841e-16,2.220e-15
30.2800,75.969992,59.623235,-9.184376,43.623845,1.567526,-0.555124,1.828842,-0.706369,0.623072,-2.08206165e-04,2.75065988e-07,1.44995704e-08,1.83984425e-04,1.13482284e-07,1.28415859e-08,6.36618964e-01,9.40784943e-02,2.03507646e-02,2.99294987e+00,1.12554177e-05,1.749e-15,2.220e-15
30.3000,76.013879,59.653142,-9.221551,43.632864,1.567326,-0.555776,1.828813,-0.670058,0.604054,-1.97538845e-04,2.25999002e-07,1.44922855e-08,1.78395468e-04,1.37433998e-07,1.28348423e-08,6.36612010e-01,9.40810742e-02,2.03820257e-02,2.99292421e+00,1.12558784e-05,8.585e-16,2.665e-15
30.3200,76.057766,59.683043,-9.258737,43.641852,1.567127,-0.556428,1.828784,-0.622409,0.576077,-1.83543164e-04,1.59178500e-07,1.44823012e-08,1.70181880e-04,1.80491759e-07,1.28282808e-08,6.36605287e-01,9.40837243e-02,2.04118688e-02,2.99289955e+00,1.12567105e-05,1.173e-15,3.553e-15
30.3400,76.101652,59.712939,-9.295934,43.650810,1.566929,-0.557080,1.828753,-0.564317,0.539678,-1.66444127e-04,1.13872210e-07,1.44712279e-08,1.59476373e-04,2.17189423e-07,1.28203980e-08,6.36598875e-01,9.40864659e-02,2.04398264e-02,2.99287623e+00,1.12579932e-05,8.396e-16,1.110e-15
30.3600,76.145538,59.742831,-9.333141,43.659737,1.566733,-0.557731,1.828721,-0.496799,0.495512,-1.46515423e-04,1.16401441e-07,1.44579707e-08,1.46450775e-04,2.25986878e-07,1.28115585e-08,6.36592857e-01,9.40893213e-02,2.04654013e-02,2.99285460e+00,1.12597775e-05,2.102e-15,2.665e-15
30.3800,76.189424,59.772718,-9.370359,43.668634,1.566540,-0.558382,1.828688,-0.420926,0.444302,-1.24075048e-04,1.64799882e-07,1.44422493e-08,1.31313275e-04,2.01877106e-07,1.28028984e-08,6.36587318e-01,9.40923124e-02,2.04881057e-02,2.99283499e+00,1.12620824e-05,1.284e-15,6.661e-16
30.4000,76.233310,59.802600,-9.407587,43.677501,1.566349,-0.559032,1.828653,-0.337810,0.386816,-9.94802308e-05,2.30192488e-07,1.44268244e-08,1.14305103e-04,1.59196804e-07,1.27937703e-08,6.36582330e-01,9.40954585e-02,2.05075160e-02,2.99281771e+00,1.12648941e-05,1.284e-15,1.110e-15
30.4200,76.277195,59.832478,-9.444826,43.686337,1.566161,-0.559681,1.828615,-0.248645,0.323885,-7.31217366e-05,2.73953788e-07,1.44110291e-08,9.56966851e-05,1.23066913e-07,1.27853962e-08,6.36577949e-01,9.40987736e-02,2.05233151e-02,2.99280297e+00,1.12681665e-05,9.992e-16,2.220e-15
30.4400,76.321081,59.862352,-9.482076,43.695142,1.565975,-0.560330,1.828576,-0.154761,0.256440,-4.54176518e-05,2.70451980e-07,1.43952471e-08,7.57833530e-05,1.14572857e-07,1.27783592e-08,6.36574212e-01,9.41022669e-02,2.05353025e-02,2.99279093e+00,1.12718250e-05,1.135e-15,2.220e-15
30.4600,76.364966,59.892221,-9.519335,43.703917,1.565793,-0.560979,1.828535,-0.057652,0.185532,-1.68067493e-05,2.21988960e-07,1.43810814e-08,5.48806537e-05,1.38426592e-07,1.27713650e-08,6.36571138e-01,9.41059431e-02,2.05433665e-02,2.99278167e+00,1.12757704e-05,6.620e-16,1.332e-15
30.4800,76.408851,59.922086,-9.556605,43.712661,1.565614,-0.561626,1.828492,0.041053,0.112332,1.22584571e-05,1.57231015e-07,1.43664215e-08,3.33193482e-05,1.80329592e-07,1.27650109e-08,6.36568742e-01,9.41098052e-02,2.05474404e-02,2.99277523e+00,1.12798859e-05,1.339e-15,1.554e-15
30.5000,76.452737,59.951947,-9.593885,43.721375,1.565438,-0.562274,1.828446,0.139667,0.038077,4.13188619e-05,1.14181530e-07,1.43514568e-08,1.14401723e-05,2.15508749e-07,1.27589826e-08,6.36567032e-01,9.41138558e-02,2.05474675e-02,2.99277165e+00,1.12840438e-05,1.638e-15,8.882e-16
30.5200,76.496622,59.981804,-9.631175,43.730058,1.565266,-0.562920,1.828399,0.236553,-0.035992,6.99160108e-05,1.17809150e-07,1.43373442e-08,-1.04115519e-05,2.23331285e-07,1.27523577e-08,6.36566019e-01,9.41180968e-02,2.05433990e-02,2.99277097e+00,1.12881141e-05,1.422e-15,2.665e-15
30.5400,76.540507,60.011658,-9.668476,43.738711,1.565096,-0.563567,1.828349,0.330194,-0.108693,9.75993299e-05,1.65501342e-07,1.43227515e-08,-3.18913661e-05,1.99377720e-07,1.27465750e-08,6.36565704e-01,9.41225288e-02,2.05352247e-02,2.99277320e+00,1.12919724e-05,8.477e-16,2.220e-15
30.5600,76.584392,60.041507,-9.705786,43.747333,1.564930,-0.564213,1.828298,0.419209,-0.178929,1.23933227e-04,2.28817287e-07,1.43095299e-08,-5.26611027e-05,1.57909781e-07,1.27417729e-08,6.36566077e-01,9.41271483e-02,2.05230182e-02,2.99277829e+00,1.12955079e-05,7.892e-16,8.882e-16
30.5800,76.628277,60.071353,-9.743106,43.755924,1.564767,-0.564858,1.828244,0.502324,-0.245676,1.48503955e-04,2.70382469e-07,1.42990218e-08,-7.23942034e-05,1.23359854e-07,1.27377649e-08,6.36567109e-01,9.41319469e-02,2.05069701e-02,2.99278610e+00,1.12986300e-05,1.006e-15,1.554e-15
30.6000,76.672163,60.101195,-9.780437,43.764485,1.564606,-0.565503,1.828189,0.578314,-0.307952,1.70926118e-04,2.65892048e-07,1.42899340e-08,-9.07808502e-05,1.15919269e-07,1.27357757e-08,6.36568748e-01,9.41369106e-02,2.04873875e-02,2.99279644e+00,1.13012741e-05,6.762e-16,8.882e-16
30.6200,76.716048,60.131034,-9.817777,43.773015,1.564448,-0.566148,1.828132,0.645981,-0.364795,1.90848717e-04,2.18271010e-07,1.42835774e-08,-1.07532829e-04,1.39725915e-07,1.27348747e-08,6.36570931e-01,9.41420220e-02,2.04646590e-02,2.99280903e+00,1.13034058e-05,1.311e-15,1.332e-15
30.6400,76.759934,60.160869,-9.855126,43.781514,1.564292,-0.566793,1.828073,0.704175,-0.415269,2.07960647e-04,1.55743906e-07,1.42794790e-08,-1.22388051e-04,1.80560904e-07,1.27343453e-08,6.36573588e-01,9.41472619e-02,2.04392036e-02,2.99282357e+00,1.13050228e-05,1.665e-15,8.882e-16
30.6600,76.803819,60.190701,-9.892486,43.789983,1.564137,-0.567437,1.828014,0.751869,-0.458506,2.21995540e-04,1.15074112e-07,1.42758068e-08,-1.35114655e-04,2.14331994e-07,1.27348046e-08,6.36576649e-01,9.41526118e-02,2.04114304e-02,2.99283978e+00,1.13061547e-05,6.453e-16,1.332e-15
30.6800,76.847705,60.220530,-9.929855,43.798421,1.563984,-0.568082,1.827953,0.788245,-0.493769,2.32735907e-04,1.19924685e-07,1.42740442e-08,-1.45514636e-04,2.21283674e-07,1.27352604e-08,6.36580048e-01,9.41580541e-02,2.03817291e-02,2.99285739e+00,1.13068616e-05,7.638e-16,3.109e-15
30.7000,76.891591,60.250356,-9.967234,43.806828,1.563832,-0.568726,1.827892,0.812755,-0.520499,2.40016503e-04,1.67077039e-07,1.42739265e-08,-1.53426917e-04,1.97553230e-07,1.27360285e-08,6.36583716e-01,9.41635708e-02,2.03504939e-02,2.99287611e+00,1.13072299e-05,1.166e-15,1.332e-15
30.7200,76.935477,60.280179,-10.004623,43.815204,1.563680,-0.569370,1.827830,0.825119,-0.538331,2.43726870e-04,2.28532327e-07,1.42751040e-08,-1.58729846e-04,1.57313690e-07,1.27382954e-08,6.36587581e-01,9.41691420e-02,2.03181603e-02,2.99289564e+00,1.13073668e-05,1.082e-15,1.332e-15
30.7400,76.979364,60.309998,-10.042021,43.823550,1.563529,-0.570015,1.827768,0.825277,-0.547073,2.43813018e-04,2.68136668e-07,1.42797299e-08,-1.61343060e-04,1.24319510e-07,1.27413688e-08,6.36591557e-01,9.41747449e-02,2.02852311e-02,2.99291562e+00,1.13073938e-05,5.343e-16,2.220e-15
30.7600,77.023250,60.339815,-10.079429,43.831864,1.563377,-0.570659,1.827706,0.813317,-0.546664,2.40278214e-04,2.62860150e-07,1.42869219e-08,-1.61228693e-04,1.17896332e-07,1.27456530e-08,6.36595547e-01,9.41803538e-02,2.02522700e-02,2.99293566e+00,1.13074384e-05,1.298e-15,2.665e-15
30.7800,77.067137,60.369628,-10.116846,43.840148,1.563225,-0.571304,1.827645,0.789433,-0.537132,2.33182860e-04,2.16206598e-07,1.42959070e-08,-1.58391929e-04,1.41637050e-07,1.27513046e-08,6.36599451e-01,9.41859417e-02,2.02198635e-02,2.99295533e+00,1.13076271e-05,1.457e-15,4.441e-16
30.8000,77.111023,60.399439,-10.154273,43.848401,1.563072,-0.571949,1.827584,0.753926,-0.518593,2.22643463e-04,1.55946991e-07,1.43074680e-08,-1.52880861e-04,1.81415066e-07,1.27568064e-08,6.36603172e-01,9.41914832e-02,2.01885689e-02,2.99297425e+00,1.13080765e-05,9.923e-16,1.554e-15
30.8200,77.154910,60.429247,-10.191709,43.856624,1.562917,-0.572594,1.827523,0.707253,-0.491274,2.08830721e-04,1.17631114e-07,1.43195897e-08,-1.44785691e-04,2.13807833e-07,1.27623688e-08,6.36606625e-01,9.41969558e-02,2.01588740e-02,2.99299205e+00,1.13088863e-05,6.453e-16,1.443e-15
30.8400,77.198797,60.459051,-10.229155,43.864815,1.562760,-0.573240,1.827464,0.650090,-0.455552,1.91966748e-04,1.23664469e-07,1.43320228e-08,-1.34237260e-04,2.19909020e-07,1.27680097e-08,6.36609737e-01,9.42023407e-02,2.01311878e-02,2.99300845e+00,1.13101333e-05,1.471e-15,1.221e-15
30.8600,77.242684,60.488853,-10.266610,43.872976,1.562601,-0.573886,1.827406,0.583366,-0.411991,1.72321508e-04,1.70263358e-07,1.43460014e-08,-1.21404930e-04,1.96384335e-07,1.27730185e-08,6.36612445e-01,9.42076215e-02,2.01058633e-02,2.99302318e+00,1.13118665e-05,7.286e-16,1.776e-15
30.8800,77.286571,60.518652,-10.304075,43.881105,1.562439,-0.574533,1.827349,0.508237,-0.361334,1.50208493e-04,2.29880361e-07,1.43603915e-08,-1.06493867e-04,1.57306571e-07,1.27785551e-08,6.36614689e-01,9.42127829e-02,2.00832347e-02,2.99303601e+00,1.13141041e-05,9.159e-16,1.221e-15
30.9000,77.330459,60.548448,-10.341550,43.889204,1.562275,-0.575179,1.827294,0.426012,-0.304464,1.25979730e-04,2.67555042e-07,1.43760787e-08,-8.97417572e-05,1.25764334e-07,1.27847229e-08,6.36616411e-01,9.42178092e-02,2.00636426e-02,2.99304669e+00,1.13168324e-05,1.180e-15,1.332e-15
30.9200,77.374346,60.578241,-10.379034,43.897272,1.562107,-0.575827,1.827240,0.338071,-0.242347,1.00020190e-04,2.61485083e-07,1.43937454e-08,-7.14150156e-05,1.20246517e-07,1.27908042e-08,6.36617549e-01,9.42226845e-02,2.00474307e-02,2.99305497e+00,1.13200064e-05,1.554e-15,1.332e-15
30.9400,77.418233,60.608031,-10.416528,43.905310,1.561936,-0.576474,1.827189,0.245796,-0.175979,7.27416683e-05,2.15713766e-07,1.44114097e-08,-5.18045496e-05,1.43830401e-07,1.27973312e-08,6.36618049e-01,9.42273945e-02,2.00349123e-02,2.99306063e+00,1.13235537e-05,1.062e-15,1.665e-15
30.9600,77.462120,60.637818,-10.454031,43.913316,1.561762,-0.577123,1.827139,0.150557,-0.106365,4.45762555e-05,1.57551366e-07,1.44292396e-08,-3.12211463e-05,1.82494454e-07,1.28033537e-08,6.36617868e-01,9.42319284e-02,2.00263236e-02,2.99306349e+00,1.13273781e-05,6.731e-16,3.997e-15
30.9800,77.506007,60.667601,-10.491544,43.921291,1.561584,-0.577771,1.827091,0.053749,-0.034532,1.59694843e-05,1.21363565e-07,1.44467435e-08,-9.99055245e-06,2.13475672e-07,1.28080312e-08,6.36616982e-01,9.42362804e-02,2.00217907e-02,2.99306346e+00,1.13313660e-05,6.106e-16,2.665e-15
31.0000,77.549893,60.697382,-10.529066,43.929236,1.561402,-0.578420,1.827046,-0.043170,0.038444,-1.26267230e-05,1.28348250e-07,1.44622133e-08,1.15516767e-05,2.18690386e-07,1.28120945e-08,6.36615387e-01,9.42404501e-02,2.00213265e-02,2.99306053e+00,1.13353938e-05,9.474e-16,1.332e-15
31.0200,77.593780,60.727160,-10.566598,43.937150,1.561217,-0.579070,1.827002,-0.138657,0.111421,-4.07611960e-05,1.74198646e-07,1.44769093e-08,3.30654796e-05,1.95306456e-07,1.28150889e-08,6.36613093e-01,9.42444408e-02,2.00248586e-02,2.99305474e+00,1.13393356e-05,8.034e-16,2.665e-15
31.0400,77.637666,60.756934,-10.604140,43.945033,1.561029,-0.579720,1.826960,-0.231116,0.183201,-6.79906296e-05,2.31830128e-07,1.44909556e-08,5.42116593e-05,1.57286282e-07,1.28172522e-08,6.36610120e-01,9.42482580e-02,2.00322716e-02,2.99304619e+00,1.13430709e-05,1.055e-15,1.332e-15
31.0600,77.681553,60.786705,-10.641691,43.952885,1.560837,-0.580370,1.826920,-0.318983,0.252582,-9.38865610e-05,2.67451189e-07,1.45036542e-08,7.46572345e-05,1.27065543e-07,1.28196064e-08,6.36606488e-01,9.42519079e-02,2.00434383e-02,2.99303496e+00,1.13464925e-05,5.761e-16,1.221e-15
31.0800,77.725438,60.816473,-10.679252,43.960706,1.560641,-0.581020,1.826882,-0.400808,0.318412,-1.18042103e-04,2.60443385e-07,1.45163103e-08,9.40806852e-05,1.22325160e-07,1.28213749e-08,6.36602222e-01,9.42553969e-02,2.00582220e-02,2.99302115e+00,1.13495128e-05,1.332e-15,2.220e-15
31.1000,77.769324,60.846238,-10.716823,43.968497,1.560443,-0.581671,1.826846,-0.475322,0.379651,-1.40078335e-04,2.15354325e-07,1.45278665e-08,1.12177008e-04,1.45655102e-07,1.28224275e-08,6.36597351e-01,9.42587331e-02,2.00764512e-02,2.99300488e+00,1.13520696e-05,5.854e-16,3.553e-15
31.1200,77.813209,60.875999,-10.754403,43.976257,1.560242,-0.582322,1.826811,-0.541449,0.435383,-1.59650246e-04,1.59028958e-07,1.45370359e-08,1.28662500e-04,1.83151264e-07,1.28228798e-08,6.36591918e-01,9.42619280e-02,2.00978814e-02,2.99298634e+00,1.13541300e-05,2.033e-15,8.882e-16
31.1400,77.857094,60.905757,-10.791993,43.983986,1.560038,-0.582973,1.826777,-0.598264,0.484810,-1.76452146e-04,1.24679732e-07,1.45444990e-08,1.43279203e-04,2.12699737e-07,1.28215785e-08,6.36585979e-01,9.42649976e-02,2.01221704e-02,2.99296576e+00,1.13556917e-05,1.235e-15,8.882e-16
31.1600,77.900978,60.935512,-10.829593,43.991684,1.559833,-0.583624,1.826744,-0.644950,0.527218,-1.90222444e-04,1.32346565e-07,1.45490698e-08,1.55798936e-04,2.17013429e-07,1.28189033e-08,6.36579609e-01,9.42679618e-02,2.01488825e-02,2.99294346e+00,1.13567839e-05,8.049e-16,1.110e-16
31.1800,77.944863,60.965263,-10.867202,43.999351,1.559625,-0.584275,1.826713,-0.680766,0.561953,-2.00747721e-04,1.77240627e-07,1.45507891e-08,1.66026854e-04,1.93736641e-07,1.28154486e-08,6.36572893e-01,9.42708435e-02,2.01775237e-02,2.99291979e+00,1.13574652e-05,1.679e-15,3.109e-15
31.2000,77.988746,60.995012,-10.904822,44.006987,1.559416,-0.584926,1.826681,-0.705073,0.588432,-2.07866033e-04,2.32750291e-07,1.45512723e-08,1.73804484e-04,1.56711715e-07,1.28108831e-08,6.36565916e-01,9.42736659e-02,2.02075885e-02,2.99289510e+00,1.13578193e-05,7.286e-16,1.332e-15
31.2200,78.032629,61.024757,-10.942450,44.014593,1.559207,-0.585576,1.826651,-0.717396,0.606176,-2.11469393e-04,2.66228576e-07,1.45498585e-08,1.79012182e-04,1.27733619e-07,1.28061711e-08,6.36558763e-01,9.42764509e-02,2.02385962e-02,2.99286974e+00,1.13579505e-05,8.465e-16,6.661e-16
31.2400,78.076512,61.054498,-10.980089,44.022168,1.558996,-0.586227,1.826620,-0.717491,0.614860,-2.11505401e-04,2.58197873e-07,1.45469766e-08,1.81570977e-04,1.23702635e-07,1.28014581e-08,6.36551511e-01,9.42792192e-02,2.02700987e-02,2.99284404e+00,1.13579763e-05,9.576e-16,3.553e-15
31.2600,78.120394,61.084237,-11.017737,44.029711,1.558786,-0.586877,1.826589,-0.705388,0.614351,-2.07977996e-04,2.13675485e-07,1.45432409e-08,1.81443762e-04,1.46747913e-07,1.27959019e-08,6.36544235e-01,9.42819905e-02,2.03016597e-02,2.99281829e+00,1.13580207e-05,1.117e-15,2.220e-15
31.2800,78.164276,61.113972,-11.055394,44.037224,1.558575,-0.587527,1.826558,-0.681380,0.604713,-2.00947325e-04,1.59036404e-07,1.45370075e-08,1.78635829e-04,1.83093091e-07,1.27898887e-08,6.36537013e-01,9.42847855e-02,2.03328223e-02,2.99279283e+00,1.13582059e-05,5.905e-16,1.665e-15
31.3000,78.208158,61.143705,-11.093061,44.044707,1.558366,-0.588177,1.826526,-0.645967,0.586181,-1.90528732e-04,1.26368712e-07,1.45285436e-08,1.73194725e-04,2.11261727e-07,1.27829993e-08,6.36529931e-01,9.42876269e-02,2.03630891e-02,2.99276800e+00,1.13586446e-05,1.048e-15,4.441e-16
31.3200,78.252039,61.173434,-11.130738,44.052158,1.558157,-0.588826,1.826493,-0.599785,0.559112,-1.76890872e-04,1.34600483e-07,1.45183232e-08,1.65209450e-04,2.14736761e-07,1.27748362e-08,6.36523078e-01,9.42905385e-02,2.03919299e-02,2.99274417e+00,1.13594336e-05,2.436e-15,2.220e-15
31.3400,78.295919,61.203160,-11.168424,44.059578,1.557950,-0.589475,1.826460,-0.543557,0.523949,-1.60252987e-04,1.78497821e-07,1.45056489e-08,1.54809002e-04,1.91612986e-07,1.27665010e-08,6.36516544e-01,9.42935440e-02,2.04188181e-02,2.99272173e+00,1.13606470e-05,1.957e-15,2.665e-15
31.3600,78.339799,61.232883,-11.206120,44.066968,1.557745,-0.590123,1.826424,-0.478100,0.481212,-1.40881380e-04,2.31928723e-07,1.44921271e-08,1.42160296e-04,1.55602421e-07,1.27580878e-08,6.36510410e-01,9.42966648e-02,2.04432779e-02,2.99270099e+00,1.13623319e-05,6.801e-16,8.882e-16
31.3800,78.383679,61.262604,-11.243825,44.074327,1.557542,-0.590771,1.826388,-0.404352,0.431514,-1.19085141e-04,2.63363530e-07,1.44785089e-08,1.27465492e-04,1.27870426e-07,1.27497704e-08,6.36504745e-01,9.42999184e-02,2.04649189e-02,2.99268224e+00,1.13645056e-05,1.464e-15,1.110e-15
31.4000,78.427558,61.292321,-11.281539,44.081654,1.557342,-0.591418,1.826349,-0.323427,0.375594,-9.52112158e-05,2.54420817e-07,1.44641958e-08,1.10958768e-04,1.24561971e-07,1.27423692e-08,6.36499601e-01,9.43033182e-02,2.04834418e-02,2.99266569e+00,1.13671544e-05,7.286e-16,8.882e-16
31.4200,78.471437,61.322036,-11.319262,44.088951,1.557144,-0.592065,1.826309,-0.236629,0.314335,-6.96388797e-05,2.10551381e-07,1.44502073e-08,9.29025827e-05,1.47369681e-07,1.27351666e-08,6.36495019e-01,9.43068744e-02,2.04986156e-02,2.99265150e+00,1.13702349e-05,1.180e-15,1.776e-15
31.4400,78.515316,61.351749,-11.356995,44.096217,1.556948,-0.592711,1.826267,-0.145420,0.248755,-4.27737147e-05,1.57653407e-07,1.44359842e-08,7.35835070e-05,1.82653268e-07,1.27278757e-08,6.36491032e-01,9.43105958e-02,2.05102435e-02,2.99263981e+00,1.13736762e-05,8.257e-16,9.992e-16
31.4600,78.559194,61.381459,-11.394736,44.103452,1.556756,-0.593357,1.826223,-0.051346,0.179961,-1.50411854e-05,1.26716094e-07,1.44206466e-08,5.33076664e-05,2.09560918e-07,1.27208642e-08,6.36487675e-01,9.43144906e-02,2.05181392e-02,2.99263075e+00,1.13773850e-05,1.499e-15,1.221e-15
31.4800,78.603072,61.411166,-11.432487,44.110656,1.556567,-0.594002,1.826177,0.044046,0.109094,1.31200927e-05,1.35597282e-07,1.44054120e-08,3.23958897e-05,2.12318624e-07,1.27135559e-08,6.36484975e-01,9.43185664e-02,2.05221316e-02,2.99262445e+00,1.13812511e-05,7.910e-16,3.109e-15
31.5000,78.646950,61.440872,-11.470247,44.117828,1.556381,-0.594647,1.826129,0.139267,0.037279,4.12652881e-05,1.78650296e-07,1.43901931e-08,1.11786328e-05,1.89445709e-07,1.27065209e-08,6.36482956e-01,9.43228289e-02,2.05220945e-02,2.99262099e+00,1.13851549e-05,7.494e-16,2.665e-15
31.5200,78.690827,61.470575,-11.508016,44.124970,1.556198,-0.595291,1.826079,0.232900,-0.034396,6.89503827e-05,2.30225249e-07,1.43753868e-08,-1.00092406e-05,1.54513607e-07,1.27006092e-08,6.36481626e-01,9.43272797e-02,2.05179863e-02,2.99262040e+00,1.13889741e-05,8.732e-16,2.220e-15
31.5400,78.734704,61.500276,-11.545793,44.132081,1.556019,-0.595934,1.826027,0.323571,-0.104868,9.57391830e-05,2.59880058e-07,1.43626689e-08,-3.08337395e-05,1.28068477e-07,1.26955185e-08,6.36480976e-01,9.43319160e-02,2.05098757e-02,2.99262264e+00,1.13925922e-05,6.942e-16,1.443e-15
31.5600,78.778582,61.529976,-11.583580,44.139160,1.555842,-0.596578,1.825973,0.409910,-0.173079,1.21210199e-04,2.50283407e-07,1.43515306e-08,-5.09670078e-05,1.25524166e-07,1.26917309e-08,6.36480978e-01,9.43367296e-02,2.04979394e-02,2.99262760e+00,1.13959053e-05,1.416e-15,1.554e-15
31.5800,78.822458,61.559673,-11.621375,44.146209,1.555668,-0.597221,1.825917,0.490540,-0.237961,1.44963275e-04,2.07282708e-07,1.43418909e-08,-7.00924863e-05,1.48159632e-07,1.26892103e-08,6.36481593e-01,9.43417091e-02,2.04824312e-02,2.99263509e+00,1.13988289e-05,1.790e-15,4.441e-15
31.6000,78.866335,61.589369,-11.659179,44.153226,1.555497,-0.597863,1.825859,0.564115,-0.298449,1.66625876e-04,1.56291448e-07,1.43342435e-08,-8.79098928e-05,1.82478006e-07,1.26870128e-08,6.36482771e-01,9.43468416e-02,2.04636417e-02,2.99264492e+00,1.14013030e-05,8.257e-16,1.332e-15
31.6200,78.910212,61.619063,-11.696991,44.160212,1.555328,-0.598505,1.825800,0.629382,-0.353531,1.85858920e-04,1.27223431e-07,1.43273427e-08,-1.04139941e-04,2.08239106e-07,1.26854131e-08,6.36484463e-01,9.43521135e-02,2.04418679e-02,2.99265687e+00,1.14032956e-05,1.978e-15,1.221e-15
31.6400,78.954089,61.648756,-11.734812,44.167167,1.555161,-0.599147,1.825739,0.685269,-0.402293,2.02362082e-04,1.36905283e-07,1.43215246e-08,-1.18528719e-04,2.10385700e-07,1.26843681e-08,6.36486618e-01,9.43575113e-02,2.04174106e-02,2.99267074e+00,1.14048051e-05,6.106e-16,9.992e-16
31.6600,78.997965,61.678447,-11.772642,44.174091,1.554995,-0.599789,1.825677,0.730924,-0.443972,2.15878478e-04,1.79307264e-07,1.43177147e-08,-1.30851665e-04,1.87836859e-07,1.26836550e-08,6.36489183e-01,9.43630203e-02,2.03905960e-02,2.99268630e+00,1.14058601e-05,1.443e-15,2.665e-15
31.6800,79.041842,61.708137,-11.810480,44.180984,1.554831,-0.600431,1.825615,0.765724,-0.477963,2.26198668e-04,2.29262557e-07,1.43154931e-08,-1.40917063e-04,1.54014270e-07,1.26842253e-08,6.36492091e-01,9.43686232e-02,2.03618067e-02,2.99270329e+00,1.14065175e-05,1.922e-15,1.776e-15
31.7000,79.085718,61.737825,-11.848327,44.187845,1.554668,-0.601073,1.825551,0.789230,-0.503805,2.33163906e-04,2.57386951e-07,1.43159076e-08,-1.48569026e-04,1.28855885e-07,1.26860862e-08,6.36495268e-01,9.43742994e-02,2.03314989e-02,2.99272138e+00,1.14068586e-05,8.396e-16,8.882e-16
31.7200,79.129594,61.767512,-11.886182,44.194675,1.554506,-0.601714,1.825487,0.801139,-0.521151,2.36668588e-04,2.47354603e-07,1.43193146e-08,-1.53689905e-04,1.27068687e-07,1.26888928e-08,6.36498625e-01,9.43800254e-02,2.03001936e-02,2.99274021e+00,1.14069846e-05,1.367e-15,2.220e-15
31.7400,79.173471,61.797198,-11.924045,44.201474,1.554344,-0.602356,1.825423,0.801258,-0.529739,2.36661849e-04,2.05375005e-07,1.43245266e-08,-1.56202096e-04,1.49540545e-07,1.26929206e-08,6.36502068e-01,9.43857760e-02,2.02684411e-02,2.99275938e+00,1.14070095e-05,6.285e-16,8.882e-16
31.7600,79.217347,61.826883,-11.961917,44.208241,1.554181,-0.602998,1.825359,0.789519,-0.529402,2.33148296e-04,1.56370746e-07,1.43317784e-08,-1.56069221e-04,1.82925760e-07,1.26973411e-08,6.36505507e-01,9.43915270e-02,2.02367773e-02,2.99277853e+00,1.14070534e-05,9.159e-16,5.329e-15
31.7800,79.261223,61.856567,-11.999797,44.214978,1.554018,-0.603640,1.825295,0.766026,-0.520091,2.26187855e-04,1.29204984e-07,1.43405062e-08,-1.53296652e-04,2.07583708e-07,1.27016893e-08,6.36508855e-01,9.43972561e-02,2.02056915e-02,2.99279730e+00,1.14072347e-05,1.422e-15,1.332e-15
31.8000,79.305099,61.886249,-12.037685,44.221682,1.553853,-0.604283,1.825232,0.731114,-0.501917,2.15894751e-04,1.39712778e-07,1.43497928e-08,-1.47931377e-04,2.09149275e-07,1.27063939e-08,6.36512036e-01,9.44029431e-02,2.01756215e-02,2.99281537e+00,1.14076625e-05,1.485e-15,3.997e-15
31.8200,79.348975,61.915931,-12.075582,44.228356,1.553687,-0.604926,1.825169,0.685367,-0.475174,2.02435635e-04,1.81511220e-07,1.43606410e-08,-1.40061209e-04,1.86918887e-07,1.27111199e-08,6.36514980e-01,9.44085695e-02,2.01469727e-02,2.99283246e+00,1.14084305e-05,8.812e-16,8.882e-16
31.8400,79.392851,61.945611,-12.113487,44.234998,1.553519,-0.605569,1.825108,0.629604,-0.440339,1.86026892e-04,2.29919284e-07,1.43730130e-08,-1.29813350e-04,1.54156984e-07,1.27161994e-08,6.36517615e-01,9.44141170e-02,2.01201471e-02,2.99284827e+00,1.14096100e-05,1.242e-15,2.220e-15
31.8600,79.436727,61.975290,-12.151401,44.241609,1.553350,-0.606212,1.825047,0.564809,-0.398035,1.66931168e-04,2.56583617e-07,1.43866651e-08,-1.17352327e-04,1.30205734e-07,1.27221876e-08,6.36519870e-01,9.44195666e-02,2.00955591e-02,2.99286252e+00,1.14112467e-05,1.547e-15,7.772e-16
31.8800,79.480602,62.004968,-12.189323,44.248189,1.553177,-0.606856,1.824988,0.492069,-0.348984,1.45453176e-04,2.46143438e-07,1.44023443e-08,-1.02877357e-04,1.29090047e-07,1.27284372e-08,6.36521672e-01,9.44248990e-02,2.00736274e-02,2.99287489e+00,1.14133568e-05,7.406e-16,1.332e-15
31.9000,79.524478,62.034646,-12.227253,44.254737,1.553002,-0.607500,1.824930,0.412518,-0.293970,1.21934836e-04,2.05139997e-07,1.44189745e-08,-8.66191592e-05,1.51329833e-07,1.27348236e-08,6.36522953e-01,9.44300965e-02,2.00547425e-02,2.99288512e+00,1.14159271e-05,1.311e-15,3.109e-15
31.9200,79.568353,62.064321,-12.265191,44.261254,1.552824,-0.608145,1.824875,0.327341,-0.233824,9.67498281e-05,1.58003019e-07,1.44356703e-08,-6.88362828e-05,1.83738697e-07,1.27411268e-08,6.36523654e-01,9.44351441e-02,2.00392269e-02,2.99289295e+00,1.14189149e-05,8.011e-16,1.554e-15
31.9400,79.612228,62.093996,-12.303138,44.267739,1.552642,-0.608790,1.824821,0.237797,-0.169439,7.02976515e-05,1.32572538e-07,1.44525608e-08,-4.98110005e-05,2.07264733e-07,1.27464637e-08,6.36523735e-01,9.44400316e-02,2.00273083e-02,2.99289824e+00,1.14222516e-05,1.048e-15,1.332e-15
31.9600,79.656103,62.123670,-12.341093,44.274193,1.552457,-0.609435,1.824768,0.145254,-0.101789,4.29972827e-05,1.43733493e-07,1.44685829e-08,-2.98448312e-05,2.08212186e-07,1.27511076e-08,6.36523171e-01,9.44447528e-02,2.00191188e-02,2.99290088e+00,1.14258465e-05,1.589e-15,7.772e-16
31.9800,79.699977,62.153342,-12.379057,44.280616,1.552269,-0.610081,1.824718,0.051200,-0.031943,1.52805386e-05,1.84781902e-07,1.44838667e-08,-9.25376128e-06,1.86233989e-07,1.27552903e-08,6.36521948e-01,9.44493051e-02,2.00147186e-02,2.99290082e+00,1.14295928e-05,1.471e-15,6.661e-16
32.0000,79.743851,62.183014,-12.417029,44.287007,1.552077,-0.610727,1.824670,-0.042802,0.038950,-1.24147485e-05,2.31527049e-07,1.44992250e-08,1.16367574e-05,1.54431783e-07,1.27588222e-08,6.36520063e-01,9.44536876e-02,2.00141288e-02,2.99289805e+00,1.14333744e-05,1.367e-15,1.776e-15
32.0200,79.787725,62.212684,-12.455009,44.293367,1.551882,-0.611374,1.824623,-0.135176,0.109710,-3.96516403e-05,2.56622812e-07,1.45140105e-08,3.24969546e-05,1.31565052e-07,1.27623262e-08,6.36517513e-01,9.44579003e-02,2.00173523e-02,2.99289257e+00,1.14370729e-05,8.777e-16,1.776e-15
32.0400,79.831598,62.242352,-12.492998,44.299696,1.551684,-0.612021,1.824579,-0.224421,0.179178,-6.60009794e-05,2.45637025e-07,1.45284320e-08,5.29979486e-05,1.31001527e-07,1.27656324e-08,6.36514302e-01,9.44619443e-02,2.00243715e-02,2.99288438e+00,1.14405756e-05,8.535e-16,1.776e-15
32.0600,79.875471,62.272020,-12.530996,44.305993,1.551482,-0.612668,1.824536,-0.309155,0.246258,-9.10481489e-05,2.05416306e-07,1.45423692e-08,7.28169297e-05,1.52916005e-07,1.27680910e-08,6.36510439e-01,9.44658226e-02,2.00351227e-02,2.99287354e+00,1.14437819e-05,8.882e-16,1.776e-15
32.0800,79.919344,62.301686,-12.569001,44.312259,1.551277,-0.613316,1.824495,-0.388124,0.309940,-1.14399599e-04,1.59898743e-07,1.45543997e-08,9.16422397e-05,1.84289225e-07,1.27697954e-08,6.36505949e-01,9.44695420e-02,2.00494648e-02,2.99286015e+00,1.14466103e-05,7.286e-16,1.332e-15
32.1000,79.963215,62.331351,-12.607016,44.318494,1.551069,-0.613964,1.824456,-0.460180,0.369283,-1.35689035e-04,1.35930543e-07,1.45645312e-08,1.09178268e-04,2.06647402e-07,1.27702306e-08,6.36500871e-01,9.44731134e-02,2.00671599e-02,2.99284437e+00,1.14490026e-05,6.256e-16,1.554e-15
32.1200,80.007087,62.361014,-12.645038,44.324697,1.550858,-0.614612,1.824418,-0.524240,0.423401,-1.54583168e-04,1.47488580e-07,1.45726549e-08,1.25150090e-04,2.06941954e-07,1.27691901e-08,6.36495260e-01,9.44765522e-02,2.00878800e-02,2.99282644e+00,1.14509284e-05,8.049e-16,8.882e-16
32.1400,80.050957,62.390676,-12.683069,44.330868,1.550645,-0.615260,1.824381,-0.579281,0.471447,-1.70786932e-04,1.87579347e-07,1.45782593e-08,1.39307777e-04,1.85162630e-07,1.27673809e-08,6.36489181e-01,9.44798762e-02,2.01112371e-02,2.99280664e+00,1.14523864e-05,7.888e-16,9.992e-16
32.1600,80.094828,62.420336,-12.721109,44.337009,1.550429,-0.615908,1.824345,-0.624368,0.512628,-1.84048087e-04,2.32507519e-07,1.45823845e-08,1.51430310e-04,1.54242765e-07,1.27647965e-08,6.36482706e-01,9.44831042e-02,2.01368216e-02,2.99278525e+00,1.14534044e-05,1.004e-15,1.776e-15
32.1800,80.138697,62.449996,-12.759157,44.343118,1.550213,-0.616556,1.824310,-0.658714,0.546243,-1.94161139e-04,2.55911347e-07,1.45851962e-08,1.61329032e-04,1.32371990e-07,1.27616503e-08,6.36475904e-01,9.44862549e-02,2.01642289e-02,2.99276257e+00,1.14540378e-05,1.700e-15,1.332e-15
32.2000,80.182566,62.479654,-12.797214,44.349195,1.549994,-0.617204,1.824276,-0.681747,0.571729,-2.00970514e-04,2.44251966e-07,1.45862361e-08,1.68850584e-04,1.32284742e-07,1.27583541e-08,6.36468843e-01,9.44893462e-02,2.01930632e-02,2.99273888e+00,1.14543658e-05,1.103e-15,1.665e-15
32.2200,80.226435,62.509310,-12.835279,44.355242,1.549775,-0.617852,1.824242,-0.693142,0.588695,-2.04372955e-04,2.04656589e-07,1.45859536e-08,1.73879277e-04,1.53831695e-07,1.27542825e-08,6.36461593e-01,9.44923970e-02,2.02229178e-02,2.99271446e+00,1.14544865e-05,8.966e-16,1.332e-15
32.2400,80.270302,62.538965,-12.873352,44.361256,1.549556,-0.618499,1.824208,-0.692810,0.596926,-2.04319078e-04,1.60572703e-07,1.45835752e-08,1.76338873e-04,1.84167418e-07,1.27492678e-08,6.36454230e-01,9.44954271e-02,2.02533503e-02,2.99268964e+00,1.14545105e-05,1.533e-15,7.772e-16
32.2600,80.314169,62.568619,-12.911434,44.367240,1.549336,-0.619147,1.824174,-0.680857,0.596363,-2.00814098e-04,1.37880731e-07,1.45785236e-08,1.76193729e-04,2.05384678e-07,1.27434346e-08,6.36446837e-01,9.44984590e-02,2.02838687e-02,2.99266476e+00,1.14545540e-05,1.249e-15,2.665e-15
32.2800,80.358036,62.598272,-12.949524,44.373192,1.549116,-0.619794,1.824140,-0.657529,0.587065,-1.93917677e-04,1.49688911e-07,1.45715134e-08,1.73449309e-04,2.05059534e-07,1.27364377e-08,6.36439504e-01,9.45015165e-02,2.03139434e-02,2.99264019e+00,1.14547318e-05,1.409e-15,1.998e-15
32.3000,80.401901,62.627923,-12.987623,44.379112,1.548897,-0.620440,1.824105,-0.623185,0.569188,-1.83742916e-04,1.88743035e-07,1.45624120e-08,1.68152048e-04,1.83498322e-07,1.27288521e-08,6.36432323e-01,9.45046236e-02,2.03430399e-02,2.99261631e+00,1.14551497e-05,1.096e-15,1.221e-15
32.3200,80.445767,62.657574,-13.025730,44.385001,1.548679,-0.621087,1.824069,-0.578305,0.542984,-1.70454500e-04,2.31845101e-07,1.45517545e-08,1.60388573e-04,1.53460282e-07,1.27212527e-08,6.36425377e-01,9.45078029e-02,2.03706590e-02,2.99259346e+00,1.14558979e-05,1.249e-15,1.776e-15
32.3400,80.489631,62.687223,-13.063845,44.390859,1.548463,-0.621733,1.824032,-0.523526,0.508818,-1.54266028e-04,2.53592901e-07,1.45406354e-08,1.50284290e-04,1.32576715e-07,1.27135504e-08,6.36418744e-01,9.45110738e-02,2.03963646e-02,2.99257197e+00,1.14570456e-05,8.678e-16,3.109e-15
32.3600,80.533495,62.716871,-13.101968,44.396685,1.548248,-0.622378,1.823994,-0.459682,0.467197,-1.35436573e-04,2.41304428e-07,1.45286782e-08,1.38001360e-04,1.32970641e-07,1.27061651e-08,6.36412486e-01,9.45144528e-02,2.04197869e-02,2.99255207e+00,1.14586365e-05,1.714e-15,1.221e-15
32.3800,80.577358,62.746519,-13.140100,44.402480,1.548036,-0.623023,1.823954,-0.387818,0.418788,-1.14266540e-04,2.02360871e-07,1.45159897e-08,1.23736103e-04,1.54187793e-07,1.26989665e-08,6.36406659e-01,9.45179544e-02,2.04406039e-02,2.99253402e+00,1.14606864e-05,7.563e-16,1.332e-15
32.4000,80.621221,62.776165,-13.178239,44.408243,1.547825,-0.623667,1.823913,-0.309151,0.364406,-9.10928748e-05,1.59718220e-07,1.45027704e-08,1.07715847e-04,1.83561237e-07,1.26913996e-08,6.36401316e-01,9.45215918e-02,2.04585150e-02,2.99251800e+00,1.14631819e-05,1.485e-15,5.773e-15
32.4200,80.665083,62.805811,-13.216387,44.413974,1.547618,-0.624311,1.823870,-0.225016,0.304971,-6.62837070e-05,1.38315770e-07,1.44882654e-08,9.01953122e-05,2.03737541e-07,1.26837451e-08,6.36396506e-01,9.45253779e-02,2.04732275e-02,2.99250424e+00,1.14660816e-05,9.229e-16,1.221e-15
32.4400,80.708945,62.835456,-13.254542,44.419674,1.547413,-0.624955,1.823825,-0.136785,0.241466,-4.02325087e-05,1.50428276e-07,1.44730238e-08,7.14525540e-05,2.02894291e-07,1.26760061e-08,6.36392276e-01,9.45293252e-02,2.04844649e-02,2.99249292e+00,1.14693185e-05,7.355e-16,7.772e-16
32.4600,80.752806,62.865101,-13.292706,44.425343,1.547210,-0.625597,1.823778,-0.045831,0.174894,-1.33518552e-05,1.88564945e-07,1.44577745e-08,5.17845522e-05,1.81634104e-07,1.26682946e-08,6.36388667e-01,9.45334437e-02,2.04919961e-02,2.99248420e+00,1.14728048e-05,7.479e-16,2.220e-15
32.4800,80.796667,62.894745,-13.330877,44.430980,1.547011,-0.626240,1.823729,0.046481,0.106269,1.39331129e-05,2.30023511e-07,1.44425895e-08,3.15025083e-05,1.52535624e-07,1.26614210e-08,6.36385706e-01,9.45377403e-02,2.04956695e-02,2.99247820e+00,1.14764368e-05,2.123e-15,1.110e-15
32.5000,80.840527,62.924389,-13.369056,44.436585,1.546816,-0.626881,1.823678,0.138774,0.036618,4.11914183e-05,2.50333668e-07,1.44285378e-08,1.09269252e-05,1.32682513e-07,1.26554457e-08,6.36383403e-01,9.45422171e-02,2.04954338e-02,2.99247495e+00,1.14801018e-05,7.419e-16,1.332e-15
32.5200,80.884387,62.954033,-13.407243,44.442159,1.546623,-0.627523,1.823625,0.229632,-0.032998,6.79930593e-05,2.37632070e-07,1.44159028e-08,-9.61745619e-06,1.33606829e-07,1.26503115e-08,6.36381755e-01,9.45468720e-02,2.04913347e-02,2.99247443e+00,1.14836854e-05,7.900e-16,2.665e-15
32.5400,80.928246,62.983677,-13.445438,44.447700,1.546433,-0.628163,1.823571,0.317597,-0.101478,9.39157930e-05,1.99525796e-07,1.44041441e-08,-2.98067823e-05,1.54567100e-07,1.26462043e-08,6.36380742e-01,9.45516998e-02,2.04834894e-02,2.99247655e+00,1.14870781e-05,6.870e-16,2.220e-15
32.5600,80.972105,63.013321,-13.483640,44.453211,1.546245,-0.628804,1.823514,0.401213,-0.167704,1.18551784e-04,1.58476626e-07,1.43936153e-08,-4.93231952e-05,1.83078460e-07,1.26425528e-08,6.36380339e-01,9.45566935e-02,2.04720547e-02,2.99248121e+00,1.14901829e-05,7.425e-16,3.553e-15
32.5800,81.015963,63.042965,-13.521849,44.458689,1.546061,-0.629444,1.823456,0.479086,-0.230579,1.41514016e-04,1.38504866e-07,1.43839898e-08,-6.78598399e-05,2.02328148e-07,1.26392168e-08,6.36380519e-01,9.45618451e-02,2.04572064e-02,2.99248829e+00,1.14929207e-05,9.368e-16,2.665e-15
32.6000,81.059822,63.072609,-13.560067,44.464136,1.545879,-0.630084,1.823395,0.549957,-0.289079,1.62442365e-04,1.51083609e-07,1.43750557e-08,-8.51256905e-05,2.01072668e-07,1.26365468e-08,6.36381249e-01,9.45671457e-02,2.04391407e-02,2.99249765e+00,1.14952355e-05,7.008e-16,2.665e-15
32.6200,81.103680,63.102253,-13.598291,44.469551,1.545699,-0.630723,1.823334,0.612742,-0.342289,1.81009245e-04,1.88507109e-07,1.43678019e-08,-1.00850119e-04,1.80190997e-07,1.26344504e-08,6.36382489e-01,9.45725849e-02,2.04180951e-02,2.99250913e+00,1.14970981e-05,6.197e-16,2.220e-15
32.6400,81.147537,63.131898,-13.636523,44.474934,1.545521,-0.631363,1.823271,0.666535,-0.389418,1.96924742e-04,2.28564918e-07,1.43624095e-08,-1.14787133e-04,1.52075618e-07,1.26333781e-08,6.36384190e-01,9.45781489e-02,2.03943735e-02,2.99252251e+00,1.14985074e-05,1.492e-15,1.776e-15
32.6600,81.191395,63.161543,-13.674763,44.480285,1.545345,-0.632002,1.823207,0.710575,-0.429785,2.09941143e-04,2.47690608e-07,1.43591267e-08,-1.26719223e-04,1.33273247e-07,1.26337099e-08,6.36386289e-01,9.45838206e-02,2.03683589e-02,2.99253754e+00,1.14994907e-05,7.509e-16,9.992e-16
32.6800,81.235252,63.191189,-13.713009,44.485605,1.545170,-0.632641,1.823142,0.744217,-0.462798,2.19856795e-04,2.34801521e-07,1.43585721e-08,-1.36460752e-04,1.34745500e-07,1.26350412e-08,6.36388711e-01,9.45895798e-02,2.03405016e-02,2.99255390e+00,1.15001018e-05,1.693e-15,2.220e-15
32.7000,81.279109,63.220835,-13.751263,44.490893,1.544997,-0.633280,1.823076,0.766917,-0.487943,2.26519231e-04,1.97704103e-07,1.43600431e-08,-1.43860846e-04,1.55480858e-07,1.26373279e-08,6.36391373e-01,9.45954045e-02,2.03112891e-02,2.99257124e+00,1.15004178e-05,6.279e-16,5.329e-15
32.7200,81.322965,63.250483,-13.789524,44.496148,1.544823,-0.633919,1.823010,0.778260,-0.504792,2.29827508e-04,1.58363846e-07,1.43631565e-08,-1.48805732e-04,1.83180414e-07,1.26402967e-08,6.36394194e-01,9.46012727e-02,2.02812085e-02,2.99258923e+00,1.15005337e-05,1.762e-15,1.776e-15
32.7400,81.366822,63.280130,-13.827793,44.501372,1.544650,-0.634558,1.822944,0.778005,-0.513036,2.29733726e-04,1.39904395e-07,1.43679883e-08,-1.51220489e-04,2.01559843e-07,1.26433850e-08,6.36397094e-01,9.46071635e-02,2.02507226e-02,2.99260754e+00,1.15005568e-05,1.049e-15,1.776e-15
32.7600,81.410678,63.309779,-13.866068,44.506564,1.544476,-0.635197,1.822877,0.766135,-0.512521,2.26243718e-04,1.53029286e-07,1.43739250e-08,-1.51070186e-04,1.99933190e-07,1.26468514e-08,6.36399998e-01,9.46130572e-02,2.02202671e-02,2.99262586e+00,1.15005999e-05,8.327e-16,1.776e-15
32.7800,81.454534,63.339429,-13.904351,44.511724,1.544302,-0.635836,1.822811,0.742878,-0.503270,2.19416881e-04,1.89839016e-07,1.43813405e-08,-1.48360377e-04,1.79438073e-07,1.26508199e-08,6.36402831e-01,9.46189344e-02,2.01902675e-02,2.99264388e+00,1.15007740e-05,8.415e-16,2.220e-15
32.8000,81.498389,63.369079,-13.942641,44.516853,1.544126,-0.636476,1.822746,0.708688,-0.485479,2.09365182e-04,2.28612560e-07,1.43907927e-08,-1.43136968e-04,1.52276488e-07,1.26552596e-08,6.36405520e-01,9.46247754e-02,2.01611598e-02,2.99266129e+00,1.15011814e-05,6.592e-16,9.992e-16
32.8200,81.542245,63.398730,-13.980938,44.521949,1.543950,-0.637116,1.822681,0.664192,-0.459492,1.96251324e-04,2.46661366e-07,1.44019220e-08,-1.35485434e-04,1.34470258e-07,1.26605840e-08,6.36407985e-01,9.46305593e-02,2.01334012e-02,2.99267778e+00,1.15019096e-05,1.867e-15,3.553e-15
32.8400,81.586100,63.428382,-14.019242,44.527013,1.543771,-0.637756,1.822617,0.610139,-0.425764,1.80286124e-04,2.33649418e-07,1.44149240e-08,-1.25529425e-04,1.36431350e-07,1.26665187e-08,6.36410147e-01,9.46362650e-02,2.01074568e-02,2.99269300e+00,1.15030252e-05,7.714e-16,8.882e-16
32.8600,81.629954,63.458035,-14.057553,44.532045,1.543591,-0.638397,1.822554,0.547369,-0.384831,1.61725120e-04,1.97559146e-07,1.44294544e-08,-1.13428770e-04,1.56896232e-07,1.26725715e-08,6.36411927e-01,9.46418723e-02,2.00837707e-02,2.99270665e+00,1.15045706e-05,1.182e-15,1.443e-15
32.8800,81.673809,63.487689,-14.095871,44.537045,1.543407,-0.639038,1.822493,0.476813,-0.337309,1.40864485e-04,1.59861285e-07,1.44444511e-08,-9.93769126e-05,1.83756430e-07,1.26786555e-08,6.36413258e-01,9.46473634e-02,2.00627307e-02,2.99271843e+00,1.15065605e-05,1.221e-15,2.665e-15
32.9000,81.717663,63.517344,-14.134197,44.542014,1.543221,-0.639679,1.822433,0.399520,-0.283902,1.18036296e-04,1.42807710e-07,1.44598305e-08,-8.35978267e-05,2.01245079e-07,1.26842648e-08,6.36414085e-01,9.46527242e-02,2.00446472e-02,2.99272813e+00,1.15089819e-05,8.590e-16,8.882e-16
32.9200,81.761516,63.546999,-14.172530,44.546950,1.543033,-0.640321,1.822375,0.316685,-0.225427,9.36032420e-05,1.56366308e-07,1.44752832e-08,-6.63424464e-05,1.99214248e-07,1.26892827e-08,6.36414363e-01,9.46579440e-02,2.00297538e-02,2.99273558e+00,1.15117944e-05,7.147e-16,1.776e-15
32.9400,81.805369,63.576656,-14.210869,44.551854,1.542841,-0.640963,1.822319,0.229649,-0.162816,6.79528634e-05,1.92467164e-07,1.44904803e-08,-4.78846765e-05,1.79044168e-07,1.26941137e-08,6.36414062e-01,9.46630148e-02,2.00182259e-02,2.99274064e+00,1.15149329e-05,1.645e-15,7.772e-16
32.9600,81.849222,63.606313,-14.249216,44.556726,1.542645,-0.641606,1.822264,0.139860,-0.097102,4.14914116e-05,2.29878483e-07,1.45060441e-08,-2.85170434e-05,1.52743832e-07,1.26986776e-08,6.36413155e-01,9.46679302e-02,2.00102058e-02,2.99274322e+00,1.15183121e-05,2.193e-15,3.109e-15
32.9800,81.893074,63.635971,-14.287571,44.561566,1.542447,-0.642248,1.822211,0.048811,-0.029375,1.46374191e-05,2.46767318e-07,1.45218146e-08,-8.54605644e-06,1.35822946e-07,1.27031070e-08,6.36411621e-01,9.46726848e-02,2.00058161e-02,2.99274322e+00,1.15218314e-05,9.784e-16,1.110e-15
33.0000,81.936926,63.665630,-14.325932,44.566374,1.542245,-0.642892,1.822160,-0.042029,0.039262,-1.21849147e-05,2.33513821e-07,1.45373531e-08,1.17126429e-05,1.38165255e-07,1.27074801e-08,6.36409442e-01,9.46772741e-02,2.00051522e-02,2.99274058e+00,1.15253817e-05,9.853e-16,3.553e-15
33.0200,81.980777,63.695289,-14.364301,44.571150,1.542040,-0.643536,1.822111,-0.131254,0.107730,-3.85524227e-05,1.98257492e-07,1.45526286e-08,3.19392686e-05,1.58273013e-07,1.27111959e-08,6.36406609e-01,9.46816965e-02,2.00082591e-02,2.99273526e+00,1.15288520e-05,8.812e-16,2.220e-15
33.0400,82.024627,63.724949,-14.402676,44.575894,1.541831,-0.644180,1.822063,-0.217526,0.174989,-6.40496486e-05,1.61978926e-07,1.45667147e-08,5.18149338e-05,1.84232904e-07,1.27140418e-08,6.36403126e-01,9.46859535e-02,2.00151039e-02,2.99272729e+00,1.15321365e-05,8.469e-16,9.992e-16
33.0600,82.068477,63.754610,-14.441059,44.580606,1.541619,-0.644824,1.822018,-0.299558,0.240030,-8.82753973e-05,1.46085275e-07,1.45790609e-08,7.10266747e-05,2.00785138e-07,1.27159122e-08,6.36399014e-01,9.46900511e-02,2.00255614e-02,2.99271675e+00,1.15351411e-05,7.772e-16,1.665e-15
33.0800,82.112326,63.784272,-14.479450,44.585286,1.541404,-0.645469,1.821974,-0.376093,0.301862,-1.10849050e-04,1.59843725e-07,1.45898699e-08,8.92723763e-05,1.98301272e-07,1.27165280e-08,6.36394307e-01,9.46939990e-02,2.00394208e-02,2.99270379e+00,1.15377896e-05,9.234e-16,1.221e-15
33.1000,82.156175,63.813934,-14.517847,44.589934,1.541187,-0.646113,1.821932,-0.445904,0.359509,-1.31416545e-04,1.95038060e-07,1.45988409e-08,1.06265523e-04,1.78389115e-07,1.27162962e-08,6.36389050e-01,9.46978097e-02,2.00564118e-02,2.99268862e+00,1.15400280e-05,1.957e-15,9.992e-16
33.1200,82.200022,63.843597,-14.556252,44.594550,1.540966,-0.646758,1.821891,-0.507828,0.412028,-1.49655923e-04,2.30926735e-07,1.46062942e-08,1.21739699e-04,1.52862519e-07,1.27155056e-08,6.36383295e-01,9.47014971e-02,2.00762341e-02,2.99267143e+00,1.15418281e-05,8.656e-16,9.992e-16
33.1400,82.243869,63.873261,-14.594664,44.599134,1.540744,-0.647403,1.821851,-0.560829,0.458548,-1.65282366e-04,2.46511644e-07,1.46126888e-08,1.35452769e-04,1.36731797e-07,1.27140779e-08,6.36377094e-01,9.47050755e-02,2.00985771e-02,2.99265245e+00,1.15431892e-05,1.645e-15,1.443e-15
33.1600,82.287716,63.902925,-14.633084,44.603685,1.540519,-0.648048,1.821812,-0.604054,0.498312,-1.78052636e-04,2.32860780e-07,1.46175207e-08,1.47190665e-04,1.39372966e-07,1.27122243e-08,6.36370504e-01,9.47085596e-02,2.01231196e-02,2.99263192e+00,1.15441380e-05,1.762e-15,3.109e-15
33.1800,82.331561,63.932590,-14.671510,44.608205,1.540293,-0.648693,1.821774,-0.636859,0.530707,-1.87768858e-04,1.98253232e-07,1.46206838e-08,1.56770726e-04,1.59070895e-07,1.27096741e-08,6.36363583e-01,9.47119655e-02,2.01495118e-02,2.99261008e+00,1.15447269e-05,8.158e-16,8.882e-16
33.2000,82.375406,63.962256,-14.709944,44.612692,1.540065,-0.649338,1.821736,-0.658808,0.555268,-1.94281592e-04,1.63184825e-07,1.46219500e-08,1.64044539e-04,1.84111143e-07,1.27060131e-08,6.36356400e-01,9.47153112e-02,2.01773559e-02,2.99258722e+00,1.15450308e-05,1.110e-15,1.443e-15
33.2200,82.419250,63.991922,-14.748385,44.617148,1.539837,-0.649983,1.821699,-0.669636,0.571668,-1.97492132e-04,1.48244368e-07,1.46206499e-08,1.68900232e-04,1.99730018e-07,1.27013899e-08,6.36349031e-01,9.47186174e-02,2.02061974e-02,2.99256364e+00,1.15451417e-05,7.841e-16,1.776e-15
33.2400,82.463093,64.021589,-14.786834,44.621571,1.539607,-0.650627,1.821662,-0.669214,0.579688,-1.97354001e-04,1.62031667e-07,1.46171217e-08,1.71264193e-04,1.96799792e-07,1.26957705e-08,6.36341561e-01,9.47219066e-02,2.02355378e-02,2.99253972e+00,1.15451640e-05,1.070e-15,1.332e-15
33.2600,82.506935,64.051256,-14.825289,44.625962,1.539378,-0.651272,1.821625,-0.657537,0.579206,-1.93873622e-04,1.96206349e-07,1.46117223e-08,1.71102183e-04,1.77140479e-07,1.26893569e-08,6.36334077e-01,9.47252019e-02,2.02648645e-02,2.99251580e+00,1.15452067e-05,1.013e-15,4.441e-15
33.2800,82.550776,64.080925,-14.863752,44.630321,1.539149,-0.651916,1.821588,-0.634736,0.570201,-1.87110141e-04,2.30516127e-07,1.46045669e-08,1.68419829e-04,1.52368258e-07,1.26827429e-08,6.36326663e-01,9.47285255e-02,2.02936840e-02,2.99249223e+00,1.15453775e-05,9.254e-16,1.776e-15
33.3000,82.594617,64.110594,-14.902222,44.634648,1.538921,-0.652559,1.821549,-0.601118,0.552778,-1.77174427e-04,2.44775707e-07,1.45964023e-08,1.63262494e-04,1.37005521e-07,1.26759719e-08,6.36319396e-01,9.47318975e-02,2.03215441e-02,2.99246934e+00,1.15457753e-05,1.971e-15,8.882e-16
33.3200,82.638457,64.140265,-14.940698,44.638942,1.538694,-0.653203,1.821510,-0.557200,0.527192,-1.64227248e-04,2.30711491e-07,1.45872761e-08,1.55714509e-04,1.39939490e-07,1.26690766e-08,6.36312347e-01,9.47353364e-02,2.03480351e-02,2.99244741e+00,1.15464848e-05,8.928e-16,1.332e-15
33.3400,82.682296,64.169936,-14.979182,44.643205,1.538468,-0.653845,1.821470,-0.503716,0.493864,-1.48476677e-04,1.96723779e-07,1.45768498e-08,1.45897796e-04,1.59252383e-07,1.26621340e-08,6.36305582e-01,9.47388591e-02,2.03727751e-02,2.99242671e+00,1.15475703e-05,8.396e-16,1.776e-15
33.3600,82.726134,64.199608,-15.017673,44.647435,1.538244,-0.654488,1.821429,-0.441587,0.453365,-1.30174745e-04,1.62826784e-07,1.45653323e-08,1.33969899e-04,1.83430847e-07,1.26547504e-08,6.36299164e-01,9.47424821e-02,2.03953905e-02,2.99240751e+00,1.15490725e-05,8.953e-16,3.553e-15
33.3800,82.769971,64.229282,-15.056171,44.651633,1.538022,-0.655130,1.821386,-0.371869,0.406391,-1.09613422e-04,1.48814337e-07,1.45524649e-08,1.20121451e-04,1.98195155e-07,1.26469506e-08,6.36293157e-01,9.47462221e-02,2.04155094e-02,2.99239005e+00,1.15510056e-05,1.055e-15,1.332e-15
33.4000,82.813808,64.258957,-15.094676,44.655799,1.537802,-0.655771,1.821342,-0.295699,0.353718,-8.71199552e-05,1.62648398e-07,1.45383368e-08,1.04573128e-04,1.94898766e-07,1.26390350e-08,6.36287621e-01,9.47500948e-02,2.04327727e-02,2.99237460e+00,1.15533565e-05,7.610e-16,8.882e-16
33.4200,82.857644,64.288633,-15.133187,44.659932,1.537584,-0.656412,1.821296,-0.214259,0.296178,-6.30516671e-05,1.95882321e-07,1.45237890e-08,8.75721320e-05,1.75558227e-07,1.26310953e-08,6.36282611e-01,9.47541144e-02,2.04468620e-02,2.99236137e+00,1.15560860e-05,1.291e-15,9.992e-16
33.4400,82.901479,64.318310,-15.171706,44.664033,1.537370,-0.657052,1.821248,-0.128775,0.234645,-3.77902741e-05,2.28748791e-07,1.45091200e-08,6.93882656e-05,1.51588593e-07,1.26236314e-08,6.36278170e-01,9.47582917e-02,2.04575291e-02,2.99235054e+00,1.15591307e-05,1.117e-15,2.220e-15
33.4600,82.945313,64.347989,-15.210231,44.668102,1.537158,-0.657692,1.821199,-0.040536,0.170048,-1.17358287e-05,2.41850465e-07,1.44948056e-08,5.03096513e-05,1.37034805e-07,1.26169560e-08,6.36274328e-01,9.47626339e-02,2.04646131e-02,2.99234222e+00,1.15624077e-05,7.788e-16,1.554e-15
33.4800,82.989147,64.377670,-15.248762,44.672139,1.536949,-0.658331,1.821147,0.049086,0.103382,1.46996192e-05,2.27541137e-07,1.44813706e-08,3.06381684e-05,1.40312411e-07,1.26108893e-08,6.36271100e-01,9.47671443e-02,2.04680368e-02,2.99233647e+00,1.15658197e-05,2.005e-15,1.332e-15
33.5000,83.032980,64.407353,-15.287301,44.676143,1.536743,-0.658970,1.821094,0.138649,0.035707,4.10985390e-05,1.94321498e-07,1.44684552e-08,1.06846753e-05,1.59314561e-07,1.26054798e-08,6.36268489e-01,9.47718235e-02,2.04677867e-02,2.99233331e+00,1.15692606e-05,7.358e-16,1.998e-15
33.5200,83.076813,64.437037,-15.325846,44.680114,1.536540,-0.659608,1.821038,0.226675,-0.031871,6.70445099e-05,1.61725261e-07,1.44560412e-08,-9.23590519e-06,1.82729825e-07,1.26005407e-08,6.36266493e-01,9.47766702e-02,2.04638888e-02,2.99233272e+00,1.15726230e-05,1.207e-15,2.220e-15
33.5400,83.120645,64.466723,-15.364397,44.684054,1.536339,-0.660246,1.820981,0.311714,-0.098242,9.21287847e-05,1.48771588e-07,1.44443053e-08,-2.88095589e-05,1.96749779e-07,1.25958225e-08,6.36265105e-01,9.47816820e-02,2.04563955e-02,2.99233465e+00,1.15758044e-05,1.769e-15,2.665e-15
33.5600,83.164476,64.496412,-15.402954,44.687961,1.536142,-0.660884,1.820922,0.392405,-0.162334,1.15956726e-04,1.62810618e-07,1.44331105e-08,-4.77281312e-05,1.93189648e-07,1.25916475e-08,6.36264311e-01,9.47868551e-02,2.04453909e-02,2.99233906e+00,1.15787138e-05,1.381e-15,3.553e-15
33.5800,83.208307,64.526102,-15.441518,44.691835,1.535947,-0.661521,1.820861,0.467509,-0.223146,1.38154013e-04,1.95304320e-07,1.44230939e-08,-6.56941773e-05,1.74246983e-07,1.25882026e-08,6.36264091e-01,9.47921835e-02,2.04310103e-02,2.99234586e+00,1.15812775e-05,1.228e-15,1.332e-15
33.6000,83.252137,64.555795,-15.480089,44.695677,1.535754,-0.662157,1.820798,0.535910,-0.279761,1.58372527e-04,2.26963578e-07,1.44148557e-08,-8.24256366e-05,1.51132583e-07,1.25856544e-08,6.36264410e-01,9.47976580e-02,2.04134616e-02,2.99235490e+00,1.15834434e-05,6.359e-16,2.665e-15
33.6200,83.295967,64.585490,-15.518665,44.699486,1.535564,-0.662794,1.820734,0.596600,-0.331335,1.76295812e-04,2.39153139e-07,1.44084510e-08,-9.76602578e-05,1.37424114e-07,1.25843687e-08,6.36265222e-01,9.48032657e-02,2.03930334e-02,2.99236598e+00,1.15851844e-05,1.034e-15,1.776e-15
33.6400,83.339797,64.615188,-15.557248,44.703263,1.535376,-0.663430,1.820669,0.648654,-0.377089,1.91644033e-04,2.24822505e-07,1.44042498e-08,-1.11159708e-04,1.41082419e-07,1.25841589e-08,6.36266470e-01,9.48089907e-02,2.03700846e-02,2.99237886e+00,1.15865000e-05,8.747e-16,3.997e-15
33.6600,83.383626,64.644888,-15.595837,44.707007,1.535189,-0.664066,1.820602,0.691235,-0.416301,2.04178345e-04,1.92552489e-07,1.44020701e-08,-1.22713304e-04,1.59824472e-07,1.25847497e-08,6.36268085e-01,9.48148149e-02,2.03450170e-02,2.99239325e+00,1.15874165e-05,1.332e-15,5.773e-15
33.6800,83.427454,64.674591,-15.634432,44.710719,1.535003,-0.664703,1.820535,0.723619,-0.448324,2.13704602e-04,1.61397186e-07,1.44013758e-08,-1.32141299e-04,1.82541718e-07,1.25860621e-08,6.36269999e-01,9.48207197e-02,2.03182460e-02,2.99240888e+00,1.15879848e-05,8.951e-16,3.109e-15
33.7000,83.471282,64.704297,-15.673033,44.714398,1.534818,-0.665339,1.820467,0.745249,-0.472618,2.20076364e-04,1.49620796e-07,1.44022731e-08,-1.39297684e-04,1.95885067e-07,1.25877575e-08,6.36272142e-01,9.48266869e-02,2.02901817e-02,2.99242544e+00,1.15882774e-05,8.150e-16,1.110e-15
33.7200,83.515110,64.734005,-15.711640,44.718044,1.534634,-0.665975,1.820399,0.755775,-0.488784,2.23197137e-04,1.63987146e-07,1.44046583e-08,-1.44072448e-04,1.92113141e-07,1.25898684e-08,6.36274446e-01,9.48326981e-02,2.02612292e-02,2.99244266e+00,1.15883840e-05,7.326e-16,2.665e-15
33.7400,83.558937,64.763716,-15.750253,44.721658,1.534449,-0.666611,1.820331,0.755073,-0.496585,2.23021838e-04,1.95881136e-07,1.44085809e-08,-1.46393269e-04,1.73590545e-07,1.25927015e-08,6.36276839e-01,9.48387349e-02,2.02318022e-02,2.99246024e+00,1.15884055e-05,8.674e-16,1.554e-15
33.7600,83.602763,64.793430,-15.788872,44.725239,1.534265,-0.667247,1.820262,0.743231,-0.495945,2.19557442e-04,2.26485745e-07,1.44146195e-08,-1.46226604e-04,1.51321879e-07,1.25962410e-08,6.36279248e-01,9.48447774e-02,2.02023390e-02,2.99247788e+00,1.15884478e-05,7.521e-16,1.776e-15
33.7800,83.646590,64.823147,-15.827497,44.728787,1.534080,-0.667884,1.820194,0.720508,-0.486927,2.12862807e-04,2.37903604e-07,1.44227056e-08,-1.43578166e-04,1.38428669e-07,1.26006170e-08,6.36281593e-01,9.48508045e-02,2.01733073e-02,2.99249524e+00,1.15886149e-05,9.353e-16,1.332e-15
33.8000,83.690415,64.852866,-15.866128,44.732303,1.533894,-0.668520,1.820126,0.687299,-0.469709,2.03047688e-04,2.23651107e-07,1.44326343e-08,-1.38492790e-04,1.42434403e-07,1.26057769e-08,6.36283791e-01,9.48567945e-02,2.01451900e-02,2.99251198e+00,1.15890028e-05,2.019e-15,3.553e-15
33.8200,83.734241,64.882589,-15.904765,44.735786,1.533706,-0.669157,1.820059,0.644112,-0.444565,1.90270936e-04,1.92371648e-07,1.44442902e-08,-1.31053672e-04,1.60893408e-07,1.26112272e-08,6.36285762e-01,9.48627261e-02,2.01184580e-02,2.99252777e+00,1.15896932e-05,2.061e-15,1.776e-15
33.8400,83.778066,64.912315,-15.943408,44.739236,1.533517,-0.669795,1.819993,0.591580,-0.411865,1.74737930e-04,1.62643187e-07,1.44569259e-08,-1.21381018e-04,1.82901793e-07,1.26167607e-08,6.36287430e-01,9.48685798e-02,2.00935402e-02,2.99254230e+00,1.15907484e-05,8.951e-16,1.776e-15
33.8600,83.821890,64.942043,-15.982057,44.742653,1.533325,-0.670432,1.819928,0.530488,-0.372091,1.56697270e-04,1.51996987e-07,1.44701736e-08,-1.09630105e-04,1.95558993e-07,1.26221864e-08,6.36288730e-01,9.48743389e-02,2.00708067e-02,2.99255531e+00,1.15922075e-05,1.735e-15,2.665e-15
33.8800,83.865714,64.971775,-16.020712,44.746037,1.533131,-0.671070,1.819864,0.461787,-0.325855,1.36436797e-04,1.66637238e-07,1.44840690e-08,-9.59887865e-05,1.91550738e-07,1.26272996e-08,6.36289607e-01,9.48799890e-02,2.00505694e-02,2.99256656e+00,1.15940841e-05,9.021e-16,3.553e-15
33.9000,83.909537,65.001510,-16.059372,44.749389,1.532935,-0.671709,1.819802,0.386602,-0.273902,1.14279004e-04,1.97888454e-07,1.44983635e-08,-8.06744960e-05,1.73396210e-07,1.26323688e-08,6.36290013e-01,9.48855181e-02,2.00330970e-02,2.99257587e+00,1.15963652e-05,1.450e-15,3.109e-15
33.9200,83.953359,65.031247,-16.098039,44.752708,1.532736,-0.672347,1.819741,0.306186,-0.217095,9.05759064e-05,2.27402035e-07,1.45132765e-08,-6.39307748e-05,1.51893470e-07,1.26374984e-08,6.36289905e-01,9.48909151e-02,2.00186331e-02,2.99258306e+00,1.15990125e-05,6.341e-16,2.220e-15
33.9400,83.997181,65.060988,-16.136711,44.755994,1.532533,-0.672986,1.819682,0.221873,-0.156376,6.57034522e-05,2.37997717e-07,1.45289194e-08,-4.60234002e-05,1.39719982e-07,1.26425825e-08,6.36289242e-01,9.48961699e-02,2.00074029e-02,2.99258797e+00,1.16019646e-05,1.187e-15,1.776e-15
33.9600,84.041003,65.090731,-16.175390,44.759247,1.532328,-0.673626,1.819625,0.135016,-0.092732,4.00555672e-05,2.23733684e-07,1.45447591e-08,-2.72361662e-05,1.43979917e-07,1.26476340e-08,6.36287991e-01,9.49012734e-02,1.99996036e-02,2.99259045e+00,1.16051409e-05,2.283e-15,1.332e-15
33.9800,84.084824,65.120477,-16.214074,44.762467,1.532119,-0.674266,1.819570,0.046960,-0.027161,1.40379148e-05,1.93302378e-07,1.45605097e-08,-7.86638798e-06,1.62078772e-07,1.26522727e-08,6.36286124e-01,9.49062193e-02,1.99953819e-02,2.99259040e+00,1.16084469e-05,7.886e-16,1.887e-15
34.0000,84.128644,65.150227,-16.252765,44.765655,1.531907,-0.674906,1.819516,-0.040962,0.039336,-1.19385216e-05,1.64812425e-07,1.45756689e-08,1.17798000e-05,1.83319584e-07,1.26561112e-08,6.36283626e-01,9.49110042e-02,1.99948106e-02,2.99258777e+00,1.16117801e-05,1.714e-15,1.221e-15
34.0200,84.172463,65.179979,-16.291461,44.768810,1.531692,-0.675547,1.819464,-0.127419,0.105751,-3.74639342e-05,1.55086249e-07,1.45895747e-08,3.13922793e-05,1.95240529e-07,1.26591272e-08,6.36280499e-01,9.49156290e-02,1.99978771e-02,2.99258256e+00,1.16150362e-05,1.804e-15,1.665e-15
34.0400,84.216281,65.209734,-16.330164,44.771931,1.531473,-0.676188,1.819414,-0.211068,0.171059,-6.21361577e-05,1.69797300e-07,1.46022837e-08,5.06618405e-05,1.90938928e-07,1.26611998e-08,6.36276756e-01,9.49200979e-02,2.00044904e-02,2.99257484e+00,1.16181160e-05,1.568e-15,1.221e-15
34.0600,84.260099,65.239491,-16.368872,44.775020,1.531251,-0.676829,1.819366,-0.290564,0.234222,-8.55670045e-05,2.00227401e-07,1.46137997e-08,6.92850590e-05,1.73077427e-07,1.26624632e-08,6.36272421e-01,9.49244177e-02,2.00145012e-02,2.99256471e+00,1.16209317e-05,9.506e-16,1.665e-15
34.0800,84.303916,65.269252,-16.407587,44.778076,1.531027,-0.677470,1.819319,-0.364600,0.294213,-1.07388368e-04,2.28494550e-07,1.46240794e-08,8.69690736e-05,1.52247854e-07,1.26632438e-08,6.36267526e-01,9.49285972e-02,2.00277259e-02,2.99255230e+00,1.16234117e-05,1.048e-15,8.882e-16
34.1000,84.347732,65.299015,-16.446308,44.781099,1.530799,-0.678112,1.819274,-0.431959,0.350050,-1.27258001e-04,2.38117031e-07,1.46334190e-08,1.03436194e-04,1.40695775e-07,1.26634740e-08,6.36262104e-01,9.49326457e-02,2.00439588e-02,2.99253776e+00,1.16255060e-05,1.013e-15,3.553e-15
34.1200,84.391547,65.328781,-16.485034,44.784089,1.530569,-0.678754,1.819229,-0.491569,0.400834,-1.44864878e-04,2.23672280e-07,1.46415321e-08,1.18428259e-04,1.45123572e-07,1.26631034e-08,6.36256195e-01,9.49365739e-02,2.00629692e-02,2.99252125e+00,1.16271886e-05,1.228e-15,1.776e-15
34.1400,84.435361,65.358550,-16.523767,44.787046,1.530337,-0.679395,1.819187,-0.542528,0.445780,-1.59934066e-04,1.93890375e-07,1.46479661e-08,1.31710687e-04,1.62800996e-07,1.26620269e-08,6.36249845e-01,9.49403943e-02,2.00844850e-02,2.99250298e+00,1.16284592e-05,8.707e-16,1.443e-15
34.1600,84.479174,65.388322,-16.562506,44.789971,1.530103,-0.680037,1.819145,-0.584102,0.484222,-1.72231015e-04,1.66418431e-07,1.46525758e-08,1.43076137e-04,1.83239816e-07,1.26598747e-08,6.36243110e-01,9.49441219e-02,2.01081774e-02,2.99248316e+00,1.16293435e-05,1.069e-15,1.554e-15
34.1800,84.522986,65.418097,-16.601251,44.792862,1.529867,-0.680679,1.819104,-0.615700,0.515600,-1.81565214e-04,1.57394441e-07,1.46549342e-08,1.52347745e-04,1.94406776e-07,1.26566418e-08,6.36236056e-01,9.49477745e-02,2.01336550e-02,2.99246209e+00,1.16298911e-05,9.159e-16,3.109e-15
34.2000,84.566798,65.447874,-16.640002,44.795720,1.529630,-0.681321,1.819063,-0.636852,0.539450,-1.87793145e-04,1.71988942e-07,1.46550279e-08,1.59381875e-04,1.89795374e-07,1.26524892e-08,6.36228757e-01,9.49513720e-02,2.01604772e-02,2.99244006e+00,1.16301724e-05,6.337e-16,2.665e-15
34.2200,84.610608,65.477654,-16.678758,44.798545,1.529392,-0.681962,1.819023,-0.647210,0.555396,-1.90820483e-04,2.01457752e-07,1.46533068e-08,1.64070342e-04,1.72200484e-07,1.26475182e-08,6.36221291e-01,9.49549354e-02,2.01881798e-02,2.99241741e+00,1.16302745e-05,2.200e-15,2.220e-15
34.2400,84.654417,65.507438,-16.717521,44.801338,1.529154,-0.682603,1.818983,-0.646566,0.563162,-1.90603523e-04,2.28382783e-07,1.46498887e-08,1.66342078e-04,1.52007422e-07,1.26421190e-08,6.36213737e-01,9.49584852e-02,2.02163025e-02,2.99239447e+00,1.16302952e-05,9.298e-16,3.997e-15
34.2600,84.698226,65.537224,-16.756290,44.804097,1.528916,-0.683245,1.818942,-0.634892,0.562596,-1.87149796e-04,2.36961660e-07,1.46450781e-08,1.66164208e-04,1.41041079e-07,1.26364704e-08,6.36206171e-01,9.49620414e-02,2.02444057e-02,2.99237153e+00,1.16303371e-05,1.825e-15,1.998e-15
34.2800,84.742033,65.567013,-16.795065,44.806823,1.528677,-0.683885,1.818902,-0.612371,0.553697,-1.80517889e-04,2.22268243e-07,1.46390776e-08,1.63542521e-04,1.45617986e-07,1.26304552e-08,6.36198663e-01,9.49656224e-02,2.02720707e-02,2.99234890e+00,1.16305010e-05,1.499e-15,1.443e-15
34.3000,84.785839,65.596805,-16.833846,44.809517,1.528440,-0.684526,1.818860,-0.579400,0.536625,-1.70816449e-04,1.93057755e-07,1.46315379e-08,1.58521335e-04,1.62883836e-07,1.26240929e-08,6.36191283e-01,9.49692467e-02,2.02988877e-02,2.99232687e+00,1.16308798e-05,1.055e-15,1.776e-15
34.3200,84.829645,65.626600,-16.872632,44.812177,1.528203,-0.685166,1.818818,-0.536568,0.511692,-1.58202411e-04,1.66522248e-07,1.46224247e-08,1.51182742e-04,1.82559315e-07,1.26172216e-08,6.36184102e-01,9.49729325e-02,2.03244423e-02,2.99230572e+00,1.16315525e-05,9.074e-16,1.776e-15
34.3400,84.873449,65.656398,-16.911424,44.814804,1.527968,-0.685805,1.818775,-0.484616,0.479340,-1.42878468e-04,1.58136813e-07,1.46117989e-08,1.41645270e-04,1.93028684e-07,1.26097503e-08,6.36177192e-01,9.49766987e-02,2.03483132e-02,2.99228574e+00,1.16325791e-05,1.353e-15,1.998e-15
34.3600,84.917252,65.686200,-16.950222,44.817398,1.527734,-0.686444,1.818731,-0.424390,0.440108,-1.25089812e-04,1.72593892e-07,1.45996672e-08,1.30061967e-04,1.88165342e-07,1.26019913e-08,6.36170621e-01,9.49805634e-02,2.03700853e-02,2.99226724e+00,1.16339975e-05,9.650e-16,1.332e-15
34.3800,84.961055,65.716005,-16.989026,44.819959,1.527503,-0.687083,1.818685,-0.356822,0.394612,-1.05120215e-04,2.01136432e-07,1.45866344e-08,1.16617947e-04,1.70884526e-07,1.25941652e-08,6.36164456e-01,9.49845435e-02,2.03893759e-02,2.99225047e+00,1.16358204e-05,7.910e-16,9.992e-16
34.4000,85.004856,65.745813,-17.027836,44.822487,1.527273,-0.687721,1.818638,-0.282931,0.343546,-8.32874977e-05,2.26804383e-07,1.45732101e-08,1.01527433e-04,1.51364002e-07,1.25865397e-08,6.36158752e-01,9.49886535e-02,2.04058597e-02,2.99223566e+00,1.16380352e-05,1.325e-15,8.882e-16
34.4200,85.048657,65.775625,-17.066651,44.824981,1.527046,-0.688359,1.818589,-0.203841,0.287682,-5.99384691e-05,2.34453237e-07,1.45596146e-08,8.50303464e-05,1.41017791e-07,1.25794417e-08,6.36153553e-01,9.49929043e-02,2.04192835e-02,2.99222300e+00,1.16406043e-05,1.062e-15,1.776e-15
34.4400,85.092457,65.805441,-17.105472,44.827442,1.526822,-0.688996,1.818538,-0.120791,0.227888,-3.54434149e-05,2.19628061e-07,1.45462339e-08,6.73884950e-05,1.45791152e-07,1.25727880e-08,6.36148894e-01,9.49973042e-02,2.04294628e-02,2.99221260e+00,1.16434681e-05,1.658e-15,8.882e-16
34.4600,85.136256,65.835260,-17.144298,44.829871,1.526600,-0.689633,1.818486,-0.035127,0.165121,-1.01902260e-05,1.91094940e-07,1.45330026e-08,4.88814150e-05,1.62715598e-07,1.25664765e-08,6.36144796e-01,9.50018586e-02,2.04362669e-02,2.99220457e+00,1.16465485e-05,7.772e-16,3.109e-15
34.4800,85.180054,65.865083,-17.183129,44.832265,1.526381,-0.690269,1.818431,0.051743,0.100408,1.54217408e-05,1.65594494e-07,1.45197401e-08,2.98019405e-05,1.81719844e-07,1.25604960e-08,6.36141278e-01,9.50065718e-02,2.04396011e-02,2.99219897e+00,1.16497537e-05,1.187e-15,8.882e-16
34.5000,85.223851,65.894910,-17.221966,44.834627,1.526165,-0.690904,1.818375,0.138398,0.034807,4.09879738e-05,1.57957442e-07,1.45067049e-08,1.04515684e-05,1.91593747e-07,1.25547100e-08,6.36138351e-01,9.50114466e-02,2.04394001e-02,2.99219584e+00,1.16529841e-05,5.879e-16,3.109e-15
34.5200,85.267647,65.924741,-17.260809,44.836955,1.525951,-0.691540,1.818317,0.223456,-0.030626,6.61051927e-05,1.72418999e-07,1.44940371e-08,-8.86430692e-06,1.86574304e-07,1.25493078e-08,6.36136022e-01,9.50164840e-02,2.04356358e-02,2.99219522e+00,1.16561390e-05,9.437e-16,2.665e-15
34.5400,85.311443,65.954576,-17.299656,44.839250,1.525741,-0.692174,1.818257,0.305607,-0.094870,9.03777098e-05,2.00219256e-07,1.44821134e-08,-2.78412125e-05,1.69685066e-07,1.25446191e-08,6.36134287e-01,9.50216830e-02,2.04283362e-02,2.99219708e+00,1.16591222e-05,1.575e-15,4.885e-15
34.5600,85.355238,65.984416,-17.338509,44.841512,1.525533,-0.692809,1.818195,0.383612,-0.156947,1.13423666e-04,2.24847792e-07,1.44715933e-08,-4.61803935e-05,1.50894949e-07,1.25407713e-08,6.36133132e-01,9.50270388e-02,2.04176032e-02,2.99220135e+00,1.16618486e-05,8.119e-16,1.221e-15
34.5800,85.399032,66.014260,-17.377367,44.843740,1.525328,-0.693443,1.818132,0.456295,-0.215916,1.34881043e-04,2.31794603e-07,1.44626540e-08,-6.35935148e-05,1.41216569e-07,1.25379726e-08,6.36132529e-01,9.50325435e-02,2.04036189e-02,2.99220792e+00,1.16642492e-05,7.355e-16,2.665e-15
34.6000,85.442826,66.044108,-17.416230,44.845935,1.525125,-0.694076,1.818067,0.522528,-0.270872,1.54413350e-04,2.17050076e-07,1.44554083e-08,-7.98071936e-05,1.46237661e-07,1.25362093e-08,6.36132436e-01,9.50381859e-02,2.03866360e-02,2.99221660e+00,1.16662757e-05,1.200e-15,1.332e-15
34.6200,85.486619,66.073961,-17.455098,44.848096,1.524924,-0.694710,1.818001,0.581247,-0.320942,1.71714902e-04,1.89375943e-07,1.44499074e-08,-9.45672921e-05,1.62885018e-07,1.25351911e-08,6.36132806e-01,9.50439526e-02,2.03669546e-02,2.99222720e+00,1.16679030e-05,1.090e-15,1.776e-15
34.6400,85.530411,66.103818,-17.493971,44.850224,1.524725,-0.695343,1.817933,0.631480,-0.365309,1.86515598e-04,1.65064171e-07,1.44457965e-08,-1.07642903e-04,1.81294272e-07,1.25348269e-08,6.36133584e-01,9.50498293e-02,2.03448996e-02,2.99223949e+00,1.16691312e-05,6.896e-16,1.332e-15
34.6600,85.574202,66.133681,-17.532849,44.852318,1.524527,-0.695976,1.817864,0.672399,-0.403247,1.98585134e-04,1.58318292e-07,1.44430602e-08,-1.18829965e-04,1.90649434e-07,1.25350132e-08,6.36134715e-01,9.50558010e-02,2.03208070e-02,2.99225323e+00,1.16699854e-05,7.969e-16,3.997e-15
34.6800,85.617993,66.163548,-17.571731,44.854379,1.524331,-0.696609,1.817795,0.703358,-0.434147,2.07736586e-04,1.72936042e-07,1.44418976e-08,-1.27954444e-04,1.85535547e-07,1.25357140e-08,6.36136140e-01,9.50618521e-02,2.02950257e-02,2.99226818e+00,1.16705137e-05,1.011e-15,1.110e-15
34.7000,85.661784,66.193420,-17.610619,44.856406,1.524135,-0.697242,1.817725,0.723911,-0.457541,2.13829302e-04,2.00163696e-07,1.44423756e-08,-1.34875045e-04,1.69073522e-07,1.25372003e-08,6.36137797e-01,9.50679660e-02,2.02679297e-02,2.99228409e+00,1.16707847e-05,1.041e-15,2.665e-15
34.7200,85.705573,66.223297,-17.649512,44.858400,1.523940,-0.697875,1.817654,0.733798,-0.473102,2.16771063e-04,2.23932010e-07,1.44448766e-08,-1.39485391e-04,1.51023101e-07,1.25395740e-08,6.36139617e-01,9.50741244e-02,2.02399297e-02,2.99230066e+00,1.16708828e-05,1.492e-15,6.661e-16
34.7400,85.749362,66.253179,-17.688409,44.860360,1.523745,-0.698508,1.817583,0.732924,-0.480628,2.16519484e-04,2.30343301e-07,1.44495646e-08,-1.41715659e-04,1.42005519e-07,1.25428032e-08,6.36141525e-01,9.50803073e-02,2.02114742e-02,2.99231758e+00,1.16709029e-05,1.575e-15,7.772e-16
34.7600,85.793151,66.283066,-17.727311,44.862286,1.523550,-0.699142,1.817513,0.721328,-0.480030,2.13082623e-04,2.15809103e-07,1.44561631e-08,-1.41533637e-04,1.47265209e-07,1.25468573e-08,6.36143441e-01,9.50864934e-02,2.01830349e-02,2.99233452e+00,1.16709442e-05,1.485e-15,1.443e-15
34.7800,85.836939,66.312958,-17.766218,44.864179,1.523354,-0.699775,1.817442,0.699177,-0.471314,2.06518783e-04,1.89073683e-07,1.44645081e-08,-1.38945181e-04,1.63634137e-07,1.25513965e-08,6.36145285e-01,9.50926618e-02,2.01550824e-02,2.99235114e+00,1.16711047e-05,1.107e-15,1.776e-15
34.8000,85.880726,66.342855,-17.805129,44.866038,1.523157,-0.700409,1.817372,0.666784,-0.454598,1.96935529e-04,1.65984950e-07,1.44742009e-08,-1.33994085e-04,1.81454588e-07,1.25561260e-08,6.36146980e-01,9.50987925e-02,2.01280609e-02,2.99236714e+00,1.16714740e-05,7.802e-16,3.109e-15
34.8200,85.924512,66.372758,-17.844045,44.867863,1.522958,-0.701042,1.817303,0.624626,-0.430121,1.84487925e-04,1.60137978e-07,1.44848232e-08,-1.26761339e-04,1.90294516e-07,1.25609760e-08,6.36148456e-01,9.51048672e-02,2.01023741e-02,2.99238222e+00,1.16721286e-05,5.898e-16,1.776e-15
34.8400,85.968298,66.402665,-17.882966,44.869654,1.522758,-0.701677,1.817235,0.573371,-0.398260,1.69376026e-04,1.74914102e-07,1.44964334e-08,-1.17363812e-04,1.85073071e-07,1.25658336e-08,6.36149650e-01,9.51108695e-02,2.00783864e-02,2.99239612e+00,1.16731265e-05,6.256e-16,1.665e-15
34.8600,86.012083,66.432578,-17.921892,44.871412,1.522556,-0.702311,1.817167,0.513867,-0.359539,1.51841659e-04,2.01576503e-07,1.45090059e-08,-1.05952362e-04,1.68999241e-07,1.25708014e-08,6.36150502e-01,9.51167842e-02,2.00564341e-02,2.99240861e+00,1.16745042e-05,9.328e-16,8.882e-16
34.8800,86.055868,66.462496,-17.960822,44.873136,1.522351,-0.702946,1.817101,0.447115,-0.314608,1.32164565e-04,2.24491076e-07,1.45225274e-08,-9.27094141e-05,1.51624651e-07,1.25760412e-08,6.36150957e-01,9.51225969e-02,2.00368380e-02,2.99241945e+00,1.16762737e-05,8.975e-16,1.332e-15
34.9000,86.099652,66.492419,-17.999757,44.874827,1.522145,-0.703581,1.817037,0.374222,-0.264216,1.10657935e-04,2.30353381e-07,1.45371001e-08,-7.78460440e-05,1.43190205e-07,1.25814243e-08,6.36150961e-01,9.51282938e-02,2.00199053e-02,2.99242842e+00,1.16784226e-05,9.720e-16,7.772e-16
34.9200,86.143435,66.522348,-18.038697,44.876483,1.521935,-0.704217,1.816974,0.296357,-0.209182,8.76634327e-05,2.15975446e-07,1.45523401e-08,-6.15986130e-05,1.48612019e-07,1.25868203e-08,6.36150464e-01,9.51338621e-02,2.00059178e-02,2.99243532e+00,1.16809144e-05,8.908e-16,2.665e-15
34.9400,86.187217,66.552281,-18.077642,44.878106,1.521722,-0.704853,1.816912,0.214724,-0.150367,6.35457645e-05,1.90074690e-07,1.45677749e-08,-4.42250126e-05,1.64637647e-07,1.25919938e-08,6.36149425e-01,9.51392912e-02,1.99951111e-02,2.99243999e+00,1.16836911e-05,7.863e-16,1.221e-15
34.9600,86.230998,66.582220,-18.116591,44.879694,1.521506,-0.705489,1.816852,0.130567,-0.088674,3.86868942e-05,1.68062713e-07,1.45830630e-08,-2.60005734e-05,1.81816514e-07,1.25965703e-08,6.36147812e-01,9.51445736e-02,1.99876544e-02,2.99244229e+00,1.16866767e-05,7.392e-16,1.110e-15
34.9800,86.274779,66.612164,-18.155545,44.881249,1.521287,-0.706126,1.816794,0.045173,-0.025044,1.34799912e-05,1.62947177e-07,1.45976968e-08,-7.21370496e-06,1.90091432e-07,1.26004625e-08,6.36145608e-01,9.51497051e-02,1.99836409e-02,2.99244216e+00,1.16897823e-05,8.644e-16,2.442e-15
35.0000,86.318558,66.642113,-18.194504,44.882770,1.521065,-0.706763,1.816738,-0.040118,0.039531,-1.16767889e-05,1.77716241e-07,1.46115361e-08,1.18386673e-05,1.84702913e-07,1.26036827e-08,6.36142806e-01,9.51546848e-02,1.99830937e-02,2.99243958e+00,1.16929116e-05,7.147e-16,3.553e-15
35.0200,86.362337,66.672067,-18.233468,44.884258,1.520840,-0.707400,1.816683,-0.123933,0.104022,-3.63865923e-05,2.03662562e-07,1.46246950e-08,3.08557950e-05,1.68939983e-07,1.26062562e-08,6.36139411e-01,9.51595142e-02,1.99859824e-02,2.99243457e+00,1.16959667e-05,1.041e-15,3.109e-15
35.0400,86.406115,66.702026,-18.272436,44.885711,1.520611,-0.708038,1.816631,-0.204900,0.167381,-6.02601230e-05,2.25583417e-07,1.46370746e-08,4.95378556e-05,1.52148033e-07,1.26083882e-08,6.36135432e-01,9.51641965e-02,1.99922396e-02,2.99242719e+00,1.16988546e-05,1.214e-15,1.332e-15
35.0600,86.449892,66.731991,-18.311409,44.887130,1.520380,-0.708675,1.816579,-0.281705,0.228579,-8.29217719e-05,2.30751209e-07,1.46486971e-08,6.75906799e-05,1.44199022e-07,1.26100780e-08,6.36130885e-01,9.51687363e-02,2.00017687e-02,2.99241748e+00,1.17014931e-05,1.207e-15,1.443e-15
35.0800,86.493667,66.761960,-18.350387,44.888516,1.520145,-0.709313,1.816530,-0.353130,0.286636,-1.04015523e-04,2.16360797e-07,1.46593994e-08,8.47303841e-05,1.49695500e-07,1.26111429e-08,6.36125792e-01,9.51731396e-02,2.00144388e-02,2.99240556e+00,1.17038154e-05,1.187e-15,9.992e-16
35.1000,86.537442,66.791935,-18.389370,44.889867,1.519908,-0.709952,1.816481,-0.418085,0.340654,-1.23210548e-04,1.91095684e-07,1.46686703e-08,1.00687831e-04,1.65310835e-07,1.26114679e-08,6.36120184e-01,9.51774149e-02,2.00300693e-02,2.99239155e+00,1.17057748e-05,1.214e-15,8.882e-16
35.1200,86.581216,66.821915,-18.428358,44.891185,1.519669,-0.710590,1.816434,-0.475602,0.389814,-1.40206392e-04,1.69940566e-07,1.46762419e-08,1.15212855e-04,1.81801863e-07,1.26108153e-08,6.36114100e-01,9.51815731e-02,2.00484172e-02,2.99237562e+00,1.17073475e-05,8.201e-16,4.885e-15
35.1400,86.624989,66.851899,-18.467350,44.892469,1.519427,-0.711229,1.816389,-0.524824,0.433381,-1.54737683e-04,1.65337620e-07,1.46818935e-08,1.28078180e-04,1.89477145e-07,1.26090794e-08,6.36107592e-01,9.51856284e-02,2.00691741e-02,2.99235799e+00,1.17085337e-05,9.539e-16,2.220e-15
35.1600,86.668760,66.881889,-18.506348,44.893718,1.519183,-0.711867,1.816344,-0.564994,0.470689,-1.66578276e-04,1.79904832e-07,1.46854847e-08,1.39082973e-04,1.83886119e-07,1.26064380e-08,6.36100721e-01,9.51895971e-02,2.00919779e-02,2.99233892e+00,1.17093578e-05,8.882e-16,2.442e-15
35.1800,86.712531,66.911884,-18.545350,44.894934,1.518938,-0.712505,1.816299,-0.595461,0.501146,-1.75544767e-04,2.04976852e-07,1.46873105e-08,1.48055982e-04,1.68389775e-07,1.26030231e-08,6.36093552e-01,9.51934971e-02,2.01164348e-02,2.99231868e+00,1.17098669e-05,7.899e-16,1.332e-15
35.2000,86.756300,66.941884,-18.584357,44.896115,1.518692,-0.713144,1.816256,-0.615708,0.524249,-1.81499331e-04,2.25778479e-07,1.46875622e-08,1.54858200e-04,1.52128842e-07,1.25990339e-08,6.36086156e-01,9.51973464e-02,2.01421415e-02,2.99229755e+00,1.17101275e-05,1.076e-15,8.882e-16
35.2200,86.800068,66.971890,-18.623368,44.897263,1.518445,-0.713782,1.816212,-0.625388,0.539613,-1.84351837e-04,2.30142741e-07,1.46862861e-08,1.59385019e-04,1.44616870e-07,1.25946540e-08,6.36078598e-01,9.52011631e-02,2.01686972e-02,2.99227583e+00,1.17102214e-05,1.325e-15,8.882e-16
35.2400,86.843835,67.001900,-18.662385,44.898377,1.518197,-0.714420,1.816169,-0.624354,0.546991,-1.84061206e-04,2.15629752e-07,1.46835924e-08,1.61567837e-04,1.50156416e-07,1.25897784e-08,6.36070949e-01,9.52049649e-02,2.01957030e-02,2.99225379e+00,1.17102407e-05,1.853e-15,1.332e-15
35.2600,86.887601,67.031916,-18.701406,44.899456,1.517949,-0.715057,1.816126,-0.612665,0.546286,-1.80635994e-04,1.90881718e-07,1.46792588e-08,1.61375096e-04,1.65355554e-07,1.25843193e-08,6.36063276e-01,9.52087701e-02,2.02227520e-02,2.99223172e+00,1.17102817e-05,1.076e-15,2.665e-15
35.2800,86.931366,67.061937,-18.740432,44.900501,1.517702,-0.715695,1.816082,-0.590565,0.537550,-1.74134203e-04,1.70464688e-07,1.46730858e-08,1.58812729e-04,1.81177647e-07,1.25782370e-08,6.36055651e-01,9.52125975e-02,2.02494204e-02,2.99220992e+00,1.17104391e-05,2.047e-15,1.776e-15
35.3000,86.975129,67.091963,-18.779462,44.901513,1.517455,-0.716332,1.816037,-0.558456,0.520961,-1.64662301e-04,1.66275228e-07,1.46651897e-08,1.53924023e-04,1.88287027e-07,1.25714691e-08,6.36048149e-01,9.52164665e-02,2.02752679e-02,2.99218868e+00,1.17107997e-05,9.090e-16,1.554e-15
35.3200,87.018892,67.121995,-18.818498,44.902490,1.517209,-0.716968,1.815992,-0.516865,0.496804,-1.52373485e-04,1.80581677e-07,1.46556682e-08,1.46788886e-04,1.82528842e-07,1.25642323e-08,6.36040843e-01,9.52203967e-02,2.02998520e-02,2.99216833e+00,1.17114374e-05,8.218e-16,1.554e-15
35.3400,87.062653,67.152032,-18.857537,44.903433,1.516964,-0.717605,1.815946,-0.466432,0.465457,-1.37465205e-04,2.04770232e-07,1.46448848e-08,1.37522545e-04,1.67327385e-07,1.25568222e-08,6.36033806e-01,9.52244066e-02,2.03227513e-02,2.99214915e+00,1.17124083e-05,1.117e-15,1.776e-15
35.3600,87.106413,67.182075,-18.896582,44.904342,1.516721,-0.718240,1.815899,-0.407916,0.427395,-1.20175986e-04,2.24486870e-07,1.46333570e-08,1.26273690e-04,1.51619300e-07,1.25494225e-08,6.36027101e-01,9.52285128e-02,2.03435879e-02,2.99213141e+00,1.17137475e-05,1.811e-15,2.331e-15
35.3800,87.150172,67.212123,-18.935630,44.905216,1.516480,-0.718876,1.815850,-0.342212,0.383195,-1.00781611e-04,2.28106880e-07,1.46212792e-08,1.13222085e-04,1.44568959e-07,1.25422550e-08,6.36020784e-01,9.52327295e-02,2.03620383e-02,2.99211533e+00,1.17154664e-05,9.587e-16,1.665e-15
35.4000,87.193930,67.242178,-18.974684,44.906056,1.516241,-0.719510,1.815800,-0.270360,0.333548,-7.95907231e-05,2.13536070e-07,1.46088286e-08,9.85757003e-05,1.50190970e-07,1.25353381e-08,6.36014903e-01,9.52370686e-02,2.03778326e-02,2.99210111e+00,1.17175528e-05,7.316e-16,1.332e-15
35.4200,87.237687,67.272238,-19.013741,44.906862,1.516004,-0.720145,1.815748,-0.193528,0.279255,-5.69399111e-05,1.89365878e-07,1.45960847e-08,8.25673975e-05,1.65035402e-07,1.25285341e-08,6.36009497e-01,9.52415399e-02,2.03907419e-02,2.99208890e+00,1.17199711e-05,1.305e-15,1.665e-15
35.4400,87.281443,67.302304,-19.052803,44.907634,1.515770,-0.720779,1.815694,-0.112981,0.221207,-3.31883684e-05,1.69749322e-07,1.45829149e-08,6.54512230e-05,1.80270008e-07,1.25218514e-08,6.36004600e-01,9.52461522e-02,2.04005678e-02,2.99207884e+00,1.17226648e-05,1.020e-15,4.885e-15
35.4600,87.325197,67.332376,-19.091869,44.908372,1.515539,-0.721412,1.815639,-0.030034,0.160353,-8.71220033e-06,1.66053901e-07,1.45694955e-08,4.74983768e-05,1.86904079e-07,1.25153009e-08,6.36000242e-01,9.52509127e-02,2.04071397e-02,2.99207105e+00,1.17255602e-05,9.714e-16,1.110e-15
35.4800,87.368951,67.362454,-19.130939,44.909075,1.515310,-0.722045,1.815582,0.053997,0.097669,1.61015301e-05,1.80215126e-07,1.45561496e-08,2.89929147e-05,1.81064905e-07,1.25090059e-08,6.35996446e-01,9.52558272e-02,2.04103249e-02,2.99206563e+00,1.17285710e-05,8.442e-16,8.882e-16
35.5000,87.412704,67.392539,-19.170014,44.909743,1.515084,-0.722677,1.815523,0.137812,0.034133,4.08609230e-05,2.03677185e-07,1.45431893e-08,1.02272551e-05,1.66230867e-07,1.25032897e-08,6.35993227e-01,9.52608991e-02,2.04100465e-02,2.99206263e+00,1.17316039e-05,7.474e-16,1.665e-15
35.5200,87.456456,67.422630,-19.209093,44.910378,1.514860,-0.723309,1.815462,0.220136,-0.029279,6.51754340e-05,2.22498072e-07,1.45311453e-08,-8.50244006e-06,1.51134638e-07,1.24983341e-08,6.35990588e-01,9.52661286e-02,2.04062990e-02,2.99206206e+00,1.17345640e-05,1.971e-15,1.776e-15
35.5400,87.500207,67.452727,-19.248175,44.910978,1.514640,-0.723940,1.815400,0.299708,-0.091599,8.86620367e-05,2.25574890e-07,1.45203260e-08,-2.69009375e-05,1.44599936e-07,1.24942318e-08,6.35988520e-01,9.52715124e-02,2.03991535e-02,2.99206387e+00,1.17373613e-05,1.228e-15,9.992e-16
35.5600,87.543957,67.482831,-19.287262,44.911543,1.514421,-0.724571,1.815335,0.375281,-0.151856,1.10951259e-04,2.11138102e-07,1.45107583e-08,-4.46785863e-05,1.50364576e-07,1.24910187e-08,6.35987001e-01,9.52770445e-02,2.03887494e-02,2.99206797e+00,1.17399161e-05,1.006e-15,1.110e-15
35.5800,87.587706,67.512942,-19.326352,44.912074,1.514206,-0.725202,1.815269,0.445642,-0.209093,1.31692992e-04,1.87717513e-07,1.45025121e-08,-6.15558786e-05,1.64927194e-07,1.24885049e-08,6.35986002e-01,9.52827164e-02,2.03752758e-02,2.99207423e+00,1.17421641e-05,1.173e-15,1.443e-15
35.6000,87.631454,67.543060,-19.365446,44.912570,1.513992,-0.725833,1.815202,0.509641,-0.262381,1.50561990e-04,1.69057007e-07,1.44954727e-08,-7.72678462e-05,1.79657482e-07,1.24865670e-08,6.35985486e-01,9.52885185e-02,2.03589547e-02,2.99208249e+00,1.17440601e-05,1.506e-15,3.997e-15
35.6200,87.675201,67.573184,-19.404544,44.913032,1.513781,-0.726463,1.815133,0.566241,-0.310858,1.67262964e-04,1.66009829e-07,1.44895948e-08,-9.15682218e-05,1.85899004e-07,1.24852239e-08,6.35985415e-01,9.52944399e-02,2.03400318e-02,2.99209259e+00,1.17455811e-05,1.076e-15,1.332e-15
35.6400,87.718948,67.603316,-19.443646,44.913459,1.513571,-0.727093,1.815063,0.614553,-0.353752,1.81535202e-04,1.80193759e-07,1.44851548e-08,-1.04233299e-04,1.80048032e-07,1.24844930e-08,6.35985742e-01,9.53004684e-02,2.03187800e-02,2.99210435e+00,1.17467277e-05,8.498e-16,1.554e-15
35.6600,87.762694,67.633454,-19.482752,44.913851,1.513363,-0.727723,1.814992,0.653853,-0.390407,1.93156637e-04,2.03115827e-07,1.44823612e-08,-1.15065431e-04,1.65628661e-07,1.24845560e-08,6.35986418e-01,9.53065904e-02,2.02955099e-02,2.99211754e+00,1.17475237e-05,1.277e-15,2.331e-15
35.6800,87.806439,67.663600,-19.521861,44.914209,1.513156,-0.728353,1.814921,0.683578,-0.420280,2.01947309e-04,2.21236388e-07,1.44814535e-08,-1.23896113e-04,1.51170245e-07,1.24855775e-08,6.35987383e-01,9.53127902e-02,2.02705786e-02,2.99213193e+00,1.17480149e-05,1.561e-15,1.887e-15
35.7000,87.850183,67.693753,-19.560974,44.914532,1.512949,-0.728982,1.814848,0.703306,-0.442936,2.07772148e-04,2.23954316e-07,1.44826550e-08,-1.30588600e-04,1.45164694e-07,1.24875033e-08,6.35988571e-01,9.53190498e-02,2.02443888e-02,2.99214722e+00,1.17482659e-05,6.562e-16,1.332e-15
35.7200,87.893926,67.723913,-19.600090,44.914821,1.512744,-0.729612,1.814775,0.712743,-0.458040,2.10543054e-04,2.09804589e-07,1.44858006e-08,-1.35040026e-04,1.51084494e-07,1.24902491e-08,6.35989909e-01,9.53253501e-02,2.02173749e-02,2.99216312e+00,1.17483562e-05,6.870e-16,1.776e-15
35.7400,87.937669,67.754081,-19.639210,44.915075,1.512538,-0.730242,1.814702,0.711726,-0.465349,2.10220223e-04,1.87245713e-07,1.44906634e-08,-1.37182984e-04,1.65383793e-07,1.24936090e-08,6.35991323e-01,9.53316712e-02,2.01899809e-02,2.99217932e+00,1.17483749e-05,2.116e-15,3.553e-15
35.7600,87.981411,67.784256,-19.678334,44.915293,1.512332,-0.730872,1.814629,0.700239,-0.464732,2.06812713e-04,1.69617538e-07,1.44970440e-08,-1.36986546e-04,1.79632417e-07,1.24973096e-08,6.35992739e-01,9.53379939e-02,2.01626399e-02,2.99219551e+00,1.17484154e-05,5.874e-16,4.441e-16
35.7800,88.025152,67.814438,-19.717461,44.915478,1.512125,-0.731502,1.814557,0.678445,-0.456180,2.00378235e-04,1.67274566e-07,1.45046542e-08,-1.34456712e-04,1.85498719e-07,1.25012875e-08,6.35994086e-01,9.53442999e-02,2.01357627e-02,2.99221140e+00,1.17485694e-05,1.797e-15,1.332e-15
35.8000,88.068892,67.844628,-19.756591,44.915627,1.511917,-0.732133,1.814485,0.646694,-0.439826,1.91022180e-04,1.81532928e-07,1.45134912e-08,-1.29636262e-04,1.79636212e-07,1.25055365e-08,6.35995298e-01,9.53505717e-02,2.01097387e-02,2.99222672e+00,1.17489209e-05,2.144e-15,3.997e-15
35.8200,88.112631,67.874826,-19.795725,44.915741,1.511708,-0.732763,1.814413,0.605530,-0.415951,1.78895894e-04,2.03968732e-07,1.45236668e-08,-1.22604043e-04,1.65607724e-07,1.25100841e-08,6.35996310e-01,9.53567925e-02,2.00849446e-02,2.99224120e+00,1.17495415e-05,8.951e-16,1.776e-15
35.8400,88.156370,67.905031,-19.834863,44.915821,1.511497,-0.733394,1.814342,0.555655,-0.384966,1.64194237e-04,2.21436951e-07,1.45351375e-08,-1.13473676e-04,1.51741311e-07,1.25150437e-08,6.35997057e-01,9.53629456e-02,2.00617518e-02,2.99225457e+00,1.17504853e-05,9.491e-16,1.776e-15
35.8600,88.200108,67.935244,-19.874004,44.915865,1.511284,-0.734025,1.814273,0.497903,-0.347397,1.47152456e-04,2.23820961e-07,1.45478931e-08,-1.02391722e-04,1.46206884e-07,1.25203352e-08,6.35997477e-01,9.53690147e-02,2.00405252e-02,2.99226658e+00,1.17517859e-05,9.320e-16,1.887e-15
35.8800,88.243844,67.965464,-19.913148,44.915875,1.511069,-0.734657,1.814204,0.433197,-0.303855,1.28042421e-04,2.09943358e-07,1.45616907e-08,-8.95353279e-05,1.52223774e-07,1.25257486e-08,6.35997510e-01,9.53749843e-02,2.00216107e-02,2.99227698e+00,1.17534545e-05,7.448e-16,2.220e-15
35.9000,88.287580,67.995692,-19.952296,44.915849,1.510852,-0.735289,1.814137,0.362541,-0.255022,1.07168292e-04,1.88184840e-07,1.45760471e-08,-7.51094006e-05,1.66209358e-07,1.25310862e-08,6.35997101e-01,9.53808406e-02,2.00053151e-02,2.99228554e+00,1.17554788e-05,1.658e-15,1.332e-15
35.9200,88.331315,68.025927,-19.991447,44.915789,1.510632,-0.735921,1.814072,0.287014,-0.201646,8.48616719e-05,1.71489117e-07,1.45906282e-08,-5.93433410e-05,1.79932758e-07,1.25360674e-08,6.35996207e-01,9.53865725e-02,1.99918886e-02,2.99229210e+00,1.17578243e-05,6.308e-16,9.992e-16
35.9400,88.375049,68.056170,-20.030602,44.915694,1.510409,-0.736553,1.814008,0.207781,-0.144550,6.14763426e-05,1.69729998e-07,1.46051091e-08,-4.24874002e-05,1.85378758e-07,1.25405492e-08,6.35994792e-01,9.53921715e-02,1.99815175e-02,2.99229651e+00,1.17604359e-05,1.013e-15,1.887e-15
35.9600,88.418783,68.086421,-20.069761,44.915563,1.510183,-0.737186,1.813946,0.126094,-0.084627,3.73826491e-05,1.83940066e-07,1.46192774e-08,-2.48087075e-05,1.79447772e-07,1.25445777e-08,6.35992834e-01,9.53976321e-02,1.99743280e-02,2.99229868e+00,1.17632422e-05,7.592e-16,1.776e-15
35.9800,88.462515,68.116679,-20.108923,44.915398,1.509953,-0.737820,1.813885,0.043272,-0.022839,1.29616381e-05,2.05772923e-07,1.46331989e-08,-6.58703760e-06,1.65735736e-07,1.25481750e-08,6.35990317e-01,9.54029508e-02,1.99703987e-02,2.99229855e+00,1.17661596e-05,7.216e-16,1.887e-15
36.0000,88.506246,68.146945,-20.148088,44.915198,1.509721,-0.738453,1.813826,-0.039335,0.039813,-1.14009648e-05,2.22473156e-07,1.46468203e-08,1.18896185e-05,1.52372234e-07,1.25514135e-08,6.35987233e-01,9.54081259e-02,1.99697724e-02,2.99229610e+00,1.17690974e-05,1.145e-15,1.332e-15
36.0200,88.549976,68.177218,-20.187257,44.914962,1.509486,-0.739087,1.813769,-0.120392,0.102313,-3.53208441e-05,2.24394200e-07,1.46599883e-08,3.03296053e-05,1.47215604e-07,1.25543020e-08,6.35983578e-01,9.54131569e-02,1.99724597e-02,2.99229131e+00,1.17719638e-05,1.714e-15,1.776e-15
36.0400,88.593704,68.207499,-20.226430,44.914691,1.509248,-0.739721,1.813713,-0.198618,0.163665,-5.84211546e-05,2.10632564e-07,1.46725223e-08,4.84422057e-05,1.53244297e-07,1.25566420e-08,6.35979357e-01,9.54180454e-02,1.99784313e-02,2.99228421e+00,1.17746718e-05,7.980e-16,1.776e-15
36.0600,88.637432,68.237787,-20.265606,44.914386,1.509006,-0.740356,1.813659,-0.272811,0.222916,-8.03384580e-05,1.89487281e-07,1.46839871e-08,6.59422227e-05,1.66846742e-07,1.25582567e-08,6.35974583e-01,9.54227954e-02,1.99876047e-02,2.99227485e+00,1.17771442e-05,1.346e-15,1.332e-15
36.0800,88.681159,68.268083,-20.304785,44.914045,1.508762,-0.740990,1.813606,-0.341847,0.279161,-1.00728443e-04,1.73515893e-07,1.46940115e-08,8.25544677e-05,1.79990659e-07,1.25589958e-08,6.35969278e-01,9.54274134e-02,1.99998328e-02,2.99226333e+00,1.17793187e-05,1.402e-15,2.220e-15
36.1000,88.724884,68.298387,-20.343968,44.913669,1.508516,-0.741625,1.813555,-0.404673,0.331541,-1.19271334e-04,1.72130854e-07,1.47024384e-08,9.80180849e-05,1.84969218e-07,1.25587443e-08,6.35963479e-01,9.54319093e-02,2.00149025e-02,2.99224982e+00,1.17811520e-05,8.548e-16,1.443e-15
36.1200,88.768608,68.328698,-20.383155,44.913257,1.508266,-0.742260,1.813505,-0.460309,0.379245,-1.35676911e-04,1.86100013e-07,1.47091432e-08,1.12090647e-04,1.78919836e-07,1.25576127e-08,6.35957229e-01,9.54362953e-02,2.00325447e-02,2.99223449e+00,1.17826219e-05,1.131e-15,5.329e-15
36.1400,88.812331,68.359016,-20.422345,44.912811,1.508015,-0.742895,1.813456,-0.507859,0.421514,-1.49689044e-04,2.07163555e-07,1.47142357e-08,1.24551957e-04,1.65466062e-07,1.25557577e-08,6.35950580e-01,9.54405853e-02,2.00524525e-02,2.99221756e+00,1.17837293e-05,1.478e-15,8.882e-16
36.1600,88.856053,68.389342,-20.461539,44.912329,1.507762,-0.743530,1.813408,-0.546542,0.457663,-1.61089691e-04,2.22951269e-07,1.47178915e-08,1.35207490e-04,1.52541796e-07,1.25532775e-08,6.35943588e-01,9.54447939e-02,2.00742980e-02,2.99219927e+00,1.17844973e-05,7.195e-16,3.997e-15
36.1800,88.899773,68.419676,-20.500737,44.911812,1.507508,-0.744165,1.813361,-0.575730,0.487104,-1.69702288e-04,2.24273141e-07,1.47200679e-08,1.43891436e-04,1.47703568e-07,1.25502768e-08,6.35936309e-01,9.54489366e-02,2.00977413e-02,2.99217986e+00,1.17849706e-05,9.992e-16,1.332e-15
36.2000,88.943492,68.450017,-20.539937,44.911260,1.507252,-0.744799,1.813314,-0.594971,0.509372,-1.75394479e-04,2.10486401e-07,1.47207134e-08,1.50469276e-04,1.53700452e-07,1.25466931e-08,6.35928804e-01,9.54530292e-02,2.01224282e-02,2.99215957e+00,1.17852119e-05,1.769e-15,8.882e-16
36.2200,88.987210,68.480366,-20.579142,44.910672,1.506996,-0.745434,1.813268,-0.604001,0.524137,-1.78080148e-04,1.89804950e-07,1.47196784e-08,1.54839862e-04,1.66898619e-07,1.25423882e-08,6.35921136e-01,9.54570884e-02,2.01479826e-02,2.99213867e+00,1.17852983e-05,1.339e-15,1.332e-15
36.2400,89.030926,68.510722,-20.618350,44.910049,1.506739,-0.746068,1.813221,-0.602731,0.531200,-1.77720724e-04,1.74409563e-07,1.47167322e-08,1.56936972e-04,1.79462789e-07,1.25373385e-08,6.35913373e-01,9.54611322e-02,2.01739999e-02,2.99211744e+00,1.17853164e-05,9.671e-16,6.661e-16
36.2600,89.074642,68.541086,-20.657561,44.909391,1.506482,-0.746703,1.813175,-0.591223,0.530485,-1.74325729e-04,1.73269212e-07,1.47119156e-08,1.56730307e-04,1.83985851e-07,1.25315506e-08,6.35905587e-01,9.54651797e-02,2.02000498e-02,2.99209619e+00,1.17853565e-05,9.784e-16,1.776e-15
36.2800,89.118356,68.571458,-20.696776,44.908698,1.506225,-0.747336,1.813128,-0.569675,0.522020,-1.67952568e-04,1.86904020e-07,1.47053952e-08,1.54225927e-04,1.77831666e-07,1.25251654e-08,6.35897853e-01,9.54692504e-02,2.02256907e-02,2.99207522e+00,1.17855075e-05,1.131e-15,7.772e-16
36.3000,89.162068,68.601838,-20.735994,44.907969,1.505969,-0.747970,1.813080,-0.538411,0.505936,-1.58705566e-04,2.07147739e-07,1.46974052e-08,1.49466113e-04,1.64645272e-07,1.25184604e-08,6.35890243e-01,9.54733632e-02,2.02504898e-02,2.99205484e+00,1.17858507e-05,1.027e-15,2.665e-15
36.3200,89.205779,68.632226,-20.775216,44.907204,1.505713,-0.748603,1.813032,-0.497897,0.482471,-1.46734252e-04,2.22009026e-07,1.46883363e-08,1.42528651e-04,1.52166720e-07,1.25116113e-08,6.35882826e-01,9.54775361e-02,2.02740421e-02,2.99203532e+00,1.17864553e-05,7.355e-16,9.992e-16
36.3400,89.249489,68.662621,-20.814441,44.906405,1.505459,-0.749236,1.812983,-0.448757,0.451981,-1.32230945e-04,2.22739158e-07,1.46784000e-08,1.33525571e-04,1.47659267e-07,1.25047382e-08,6.35875665e-01,9.54817850e-02,2.02959803e-02,2.99201692e+00,1.17873735e-05,1.020e-15,1.443e-15
36.3600,89.293198,68.693025,-20.853669,44.905569,1.505207,-0.749868,1.812932,-0.391774,0.414944,-1.15427666e-04,2.08941380e-07,1.46676479e-08,1.22601334e-04,1.53652505e-07,1.24978903e-08,6.35868816e-01,9.54861244e-02,2.03159737e-02,2.99199988e+00,1.17886378e-05,9.159e-16,2.220e-15
36.3800,89.336905,68.723437,-20.892900,44.904699,1.504956,-0.750500,1.812881,-0.327884,0.371967,-9.65924204e-05,1.88738882e-07,1.46561559e-08,1.09930516e-04,1.66495636e-07,1.24909723e-08,6.35862332e-01,9.54905674e-02,2.03337197e-02,2.99198440e+00,1.17902587e-05,1.610e-15,6.661e-16
36.4000,89.380612,68.753857,-20.932135,44.903792,1.504708,-0.751131,1.812828,-0.258143,0.323758,-7.60249338e-05,1.73942475e-07,1.46438990e-08,9.57150142e-05,1.78547586e-07,1.24839711e-08,6.35856258e-01,9.54951263e-02,2.03489377e-02,2.99197068e+00,1.17922241e-05,1.145e-15,8.882e-16
36.4200,89.424317,68.784286,-20.971372,44.902850,1.504461,-0.751762,1.812773,-0.183687,0.271108,-5.40518813e-05,1.73092468e-07,1.46309880e-08,8.01808309e-05,1.82691358e-07,1.24769811e-08,6.35850641e-01,9.54998122e-02,2.03613699e-02,2.99195890e+00,1.17945003e-05,1.193e-15,3.109e-15
36.4400,89.468020,68.814723,-21.010613,44.901873,1.504217,-0.752392,1.812717,-0.105696,0.214860,-3.10217014e-05,1.86474969e-07,1.46177793e-08,6.35744803e-05,1.76505989e-07,1.24701336e-08,6.35845517e-01,9.55046347e-02,2.03707931e-02,2.99194921e+00,1.17970339e-05,1.174e-15,1.443e-15
36.4600,89.511723,68.845168,-21.049857,44.900860,1.503976,-0.753022,1.812658,-0.025381,0.155893,-7.29906992e-06,2.06020938e-07,1.46046137e-08,4.61590772e-05,1.63651326e-07,1.24636887e-08,6.35840918e-01,9.55096013e-02,2.03770353e-02,2.99194173e+00,1.17997554e-05,9.417e-16,1.443e-15
36.4800,89.555424,68.875622,-21.089103,44.899811,1.503737,-0.753651,1.812599,0.056028,0.095116,1.67408761e-05,2.20108833e-07,1.45918855e-08,2.82101701e-05,1.51674648e-07,1.24578624e-08,6.35836863e-01,9.55147166e-02,2.03799898e-02,2.99193655e+00,1.18025838e-05,1.062e-15,1.110e-15
36.5000,89.599124,68.906085,-21.128353,44.898727,1.503501,-0.754280,1.812537,0.137273,0.033465,4.07184734e-05,2.20413842e-07,1.45799303e-08,1.00113827e-05,1.47553431e-07,1.24527140e-08,6.35833360e-01,9.55199822e-02,2.03796200e-02,2.99193368e+00,1.18054310e-05,1.756e-15,1.887e-15
36.5200,89.642824,68.936557,-21.167605,44.897607,1.503268,-0.754908,1.812473,0.217072,-0.028094,6.42555291e-05,2.06768343e-07,1.45688087e-08,-8.15006835e-06,1.53606836e-07,1.24482618e-08,6.35830408e-01,9.55253967e-02,2.03759523e-02,2.99193312e+00,1.18082083e-05,1.298e-15,1.110e-15
36.5400,89.686522,68.967038,-21.206860,44.896451,1.503037,-0.755537,1.812408,0.294143,-0.088578,8.69812847e-05,1.87197505e-07,1.45585546e-08,-2.59879067e-05,1.66171405e-07,1.24444182e-08,6.35827995e-01,9.55309569e-02,2.03690630e-02,2.99193481e+00,1.18108313e-05,1.200e-15,9.992e-16
36.5600,89.730219,68.997528,-21.246118,44.895259,1.502809,-0.756164,1.812342,0.367234,-0.147012,1.08538254e-04,1.73146826e-07,1.45492059e-08,-4.32213106e-05,1.77796946e-07,1.24410790e-08,6.35826105e-01,9.55366577e-02,2.03590653e-02,2.99193867e+00,1.18132254e-05,1.063e-15,2.665e-15
36.5800,89.773915,69.028027,-21.285378,44.894031,1.502583,-0.756792,1.812273,0.435171,-0.202452,1.28587842e-04,1.72740602e-07,1.45407887e-08,-5.95793352e-05,1.81646773e-07,1.24382973e-08,6.35824713e-01,9.55424927e-02,2.03461051e-02,2.99194462e+00,1.18153303e-05,8.257e-16,2.331e-15
36.6000,89.817609,69.058535,-21.324641,44.892768,1.502359,-0.757419,1.812203,0.496890,-0.254023,1.46815666e-04,1.86042093e-07,1.45335616e-08,-7.48051720e-05,1.75504207e-07,1.24361672e-08,6.35823792e-01,9.55484540e-02,2.03303651e-02,2.99195252e+00,1.18171042e-05,9.368e-16,8.882e-16
36.6200,89.861303,69.089053,-21.363907,44.891469,1.502137,-0.758045,1.812132,0.551449,-0.300927,1.62936481e-04,2.05081468e-07,1.45278366e-08,-8.86601799e-05,1.63037459e-07,1.24348214e-08,6.35823305e-01,9.55545315e-02,2.03120750e-02,2.99196221e+00,1.18185259e-05,8.465e-16,1.332e-15
36.6400,89.904996,69.119581,-21.403175,44.890133,1.501917,-0.758672,1.812060,0.598035,-0.342455,1.76698647e-04,2.18596796e-07,1.45238229e-08,-1.00927623e-04,1.51602322e-07,1.24344165e-08,6.35823205e-01,9.55607127e-02,2.02915182e-02,2.99197352e+00,1.18195963e-05,8.119e-16,2.220e-15
36.6600,89.948688,69.150118,-21.442445,44.888762,1.501698,-0.759299,1.811987,0.635949,-0.377982,1.87888062e-04,2.18669304e-07,1.45217094e-08,-1.11416062e-04,1.47898218e-07,1.24349374e-08,6.35823440e-01,9.55669830e-02,2.02690296e-02,2.99198619e+00,1.18203381e-05,9.591e-16,3.553e-15
36.6800,89.992379,69.180664,-21.481718,44.887355,1.501480,-0.759925,1.811913,0.664604,-0.406961,1.96331487e-04,2.05344140e-07,1.45214581e-08,-1.19962337e-04,1.54042749e-07,1.24362679e-08,6.35823946e-01,9.55733259e-02,2.02449830e-02,2.99199998e+00,1.18207948e-05,9.229e-16,7.772e-16
36.7000,90.036069,69.211221,-21.520993,44.885912,1.501263,-0.760551,1.811838,0.683533,-0.428931,2.01899231e-04,1.86541218e-07,1.45228657e-08,-1.26434111e-04,1.66364539e-07,1.24382698e-08,6.35824659e-01,9.55797241e-02,2.02197726e-02,2.99201461e+00,1.18210273e-05,1.110e-15,4.885e-15
36.7200,90.079758,69.241787,-21.560271,44.884432,1.501046,-0.761178,1.811763,0.692415,-0.443532,2.04507138e-04,1.73345872e-07,1.45258136e-08,-1.30731920e-04,1.77601397e-07,1.24407514e-08,6.35825513e-01,9.55861600e-02,2.01937958e-02,2.99202981e+00,1.18211103e-05,1.742e-15,3.109e-15
36.7400,90.123446,69.272363,-21.599550,44.882917,1.500830,-0.761804,1.811688,0.691095,-0.450520,2.04117854e-04,1.73479034e-07,1.45301794e-08,-1.32790696e-04,1.81188206e-07,1.24436409e-08,6.35826441e-01,9.55926163e-02,2.01674447e-02,2.99204530e+00,1.18211278e-05,1.200e-15,1.998e-15
36.7600,90.167134,69.302949,-21.638833,44.881365,1.500613,-0.762431,1.811612,0.679609,-0.449788,2.00741357e-04,1.86792906e-07,1.45359503e-08,-1.32580759e-04,1.75102742e-07,1.24469855e-08,6.35827377e-01,9.55990759e-02,2.01411067e-02,2.99206080e+00,1.18211674e-05,1.450e-15,1.776e-15
36.7800,90.210820,69.333545,-21.678117,44.879778,1.500396,-0.763058,1.811537,0.658177,-0.441369,1.94434738e-04,2.05419600e-07,1.45432703e-08,-1.30108234e-04,1.63016429e-07,1.24508128e-08,6.35828255e-01,9.56055215e-02,2.01151707e-02,2.99207606e+00,1.18213151e-05,1.096e-15,2.220e-15
36.8000,90.254505,69.364151,-21.717403,44.878154,1.500177,-0.763684,1.811463,0.627184,-0.425429,1.85301245e-04,2.18448193e-07,1.45521548e-08,-1.25414912e-04,1.52095990e-07,1.24551682e-08,6.35829009e-01,9.56119355e-02,2.00900319e-02,2.99209077e+00,1.18216497e-05,9.090e-16,3.109e-15
36.8200,90.298189,69.394768,-21.756692,44.876493,1.499958,-0.764312,1.811389,0.587159,-0.402250,1.73488595e-04,2.18350330e-07,1.45625206e-08,-1.18577544e-04,1.48771342e-07,1.24600014e-08,6.35829570e-01,9.56183004e-02,2.00660871e-02,2.99210468e+00,1.18222380e-05,9.526e-16,1.776e-15
36.8400,90.341873,69.425394,-21.795983,44.874797,1.499736,-0.764939,1.811316,0.538742,-0.372213,1.59186592e-04,2.05369956e-07,1.45741871e-08,-1.09706593e-04,1.54968355e-07,1.24651021e-08,6.35829872e-01,9.56245989e-02,2.00437224e-02,2.99211750e+00,1.18231305e-05,1.200e-15,1.221e-15
36.8600,90.385555,69.456030,-21.835276,44.873064,1.499513,-0.765567,1.811244,0.482683,-0.335787,1.42624072e-04,1.87317481e-07,1.45867649e-08,-9.89444447e-05,1.67013048e-07,1.24702656e-08,6.35829854e-01,9.56308151e-02,2.00232946e-02,2.99212898e+00,1.18243585e-05,1.200e-15,5.551e-16
36.8800,90.429236,69.486677,-21.874571,44.871295,1.499287,-0.766195,1.811173,0.419840,-0.293532,1.24065248e-04,1.74925525e-07,1.45999156e-08,-8.64631308e-05,1.77829501e-07,1.24752951e-08,6.35829461e-01,9.56369352e-02,2.00051162e-02,2.99213890e+00,1.18259319e-05,1.478e-15,2.220e-15
36.9000,90.472916,69.517334,-21.913869,44.869490,1.499059,-0.766823,1.811104,0.351190,-0.246100,1.03805487e-04,1.75526554e-07,1.46134245e-08,-7.24615782e-05,1.81116649e-07,1.24800476e-08,6.35828645e-01,9.56429474e-02,1.99894484e-02,2.99214706e+00,1.18278388e-05,1.152e-15,1.332e-15
36.9200,90.516595,69.548000,-21.953169,44.867648,1.498829,-0.767452,1.811036,0.277824,-0.194240,8.21666136e-05,1.88775604e-07,1.46271132e-08,-5.71624407e-05,1.75038282e-07,1.24845440e-08,6.35827370e-01,9.56488423e-02,1.99765040e-02,2.99215332e+00,1.18300463e-05,1.145e-15,7.772e-16
36.9400,90.560273,69.578677,-21.992471,44.865769,1.498595,-0.768081,1.810970,0.200931,-0.138787,5.94917984e-05,2.06911777e-07,1.46409644e-08,-4.08085580e-05,1.63265190e-07,1.24888216e-08,6.35825603e-01,9.56546121e-02,1.99664565e-02,2.99215755e+00,1.18325027e-05,1.742e-15,1.665e-15
36.9600,90.603950,69.609365,-22.031775,44.863855,1.498359,-0.768711,1.810905,0.121764,-0.080642,3.61401200e-05,2.19369175e-07,1.46549477e-08,-2.36591006e-05,1.52778498e-07,1.24928757e-08,6.35823319e-01,9.56602507e-02,1.99594470e-02,2.99215965e+00,1.18351405e-05,8.624e-16,3.997e-15
36.9800,90.647626,69.640062,-22.071081,44.861904,1.498120,-0.769340,1.810841,0.041598,-0.020746,1.24808806e-05,2.18997324e-07,1.46688559e-08,-5.98546254e-06,1.49747868e-07,1.24966736e-08,6.35820498e-01,9.56657533e-02,1.99555848e-02,2.99215954e+00,1.18378809e-05,7.882e-16,3.109e-15
37.0000,90.691300,69.670770,-22.110390,44.859916,1.497878,-0.769970,1.810780,-0.038302,0.039948,-1.11122322e-05,2.06228260e-07,1.46824400e-08,1.19330327e-05,1.55917603e-07,1.25000426e-08,6.35817128e-01,9.56711169e-02,1.99549382e-02,2.99215717e+00,1.18406389e-05,2.200e-15,1.998e-15
37.0200,90.734973,69.701487,-22.149701,44.857892,1.497633,-0.770601,1.810720,-0.116700,0.100495,-3.42670473e-05,1.88761362e-07,1.46953416e-08,2.98135445e-05,1.67616912e-07,1.25027713e-08,6.35813203e-01,9.56763410e-02,1.99575224e-02,2.99215253e+00,1.18433284e-05,1.714e-15,8.882e-16
37.0400,90.778645,69.732215,-22.189014,44.855831,1.497384,-0.771231,1.810661,-0.192397,0.159962,-5.66187829e-05,1.76986367e-07,1.47071743e-08,4.73741780e-05,1.77954789e-07,1.25047330e-08,6.35808731e-01,9.56814279e-02,1.99632894e-02,2.99214566e+00,1.18458675e-05,9.871e-16,1.776e-15
37.0600,90.822316,69.762953,-22.228329,44.853734,1.497133,-0.771862,1.810605,-0.264224,0.217434,-7.78157936e-05,1.77863995e-07,1.47177577e-08,6.43384260e-05,1.80887239e-07,1.25058448e-08,6.35803729e-01,9.56863828e-02,1.99721268e-02,2.99213662e+00,1.18481843e-05,9.407e-16,3.553e-15
37.0800,90.865985,69.793701,-22.267647,44.851600,1.496880,-0.772493,1.810549,-0.331051,0.272012,-9.75251034e-05,1.90867206e-07,1.47270051e-08,8.04395223e-05,1.74756310e-07,1.25061511e-08,6.35798224e-01,9.56912134e-02,1.99838661e-02,2.99212554e+00,1.18502205e-05,8.058e-16,2.220e-15
37.1000,90.909653,69.824459,-22.306967,44.849429,1.496623,-0.773124,1.810495,-0.391805,0.322826,-1.15437633e-04,2.08348404e-07,1.47349109e-08,9.54246367e-05,1.63228733e-07,1.25057855e-08,6.35792250e-01,9.56959291e-02,1.99982973e-02,2.99211257e+00,1.18519357e-05,1.006e-15,1.221e-15
37.1200,90.953320,69.855227,-22.346289,44.847222,1.496365,-0.773755,1.810442,-0.445502,0.369059,-1.31273046e-04,2.20082151e-07,1.47415585e-08,1.09058846e-04,1.53103545e-07,1.25048072e-08,6.35785848e-01,9.57005408e-02,2.00151811e-02,2.99209787e+00,1.18533096e-05,2.102e-15,8.882e-16
37.1400,90.996985,69.886006,-22.385614,44.844978,1.496104,-0.774387,1.810390,-0.491280,0.409966,-1.44784130e-04,2.19284750e-07,1.47468799e-08,1.21128815e-04,1.50299069e-07,1.25032345e-08,6.35779061e-01,9.57050604e-02,2.00342548e-02,2.99208164e+00,1.18543432e-05,7.492e-16,2.665e-15
37.1600,91.040649,69.916795,-22.424940,44.842698,1.495842,-0.775018,1.810339,-0.528430,0.444905,-1.55760655e-04,2.06566837e-07,1.47507079e-08,1.31446137e-04,1.56387616e-07,1.25010160e-08,6.35771938e-01,9.57095007e-02,2.00552290e-02,2.99206407e+00,1.18550590e-05,8.674e-16,4.885e-15
37.1800,91.084312,69.947594,-22.464269,44.840381,1.495578,-0.775649,1.810289,-0.556401,0.473343,-1.64032646e-04,1.89516000e-07,1.47528820e-08,1.39850271e-04,1.67706687e-07,1.24980167e-08,6.35764533e-01,9.57138763e-02,2.00777811e-02,2.99204539e+00,1.18554990e-05,1.043e-15,1.221e-15
37.2000,91.127973,69.978403,-22.503600,44.838027,1.495313,-0.776280,1.810239,-0.574797,0.494863,-1.69473012e-04,1.78188936e-07,1.47532018e-08,1.46211034e-04,1.77548246e-07,1.24941895e-08,6.35756906e-01,9.57182031e-02,2.01015507e-02,2.99202586e+00,1.18557225e-05,1.207e-15,1.665e-15
37.2200,91.171632,70.009222,-22.542934,44.835636,1.495047,-0.776911,1.810189,-0.583361,0.509152,-1.71999503e-04,1.79190615e-07,1.47516265e-08,1.50430623e-04,1.80117944e-07,1.24895804e-08,6.35749124e-01,9.57224986e-02,2.01261436e-02,2.99200575e+00,1.18558020e-05,9.298e-16,1.665e-15
37.2400,91.215290,70.040052,-22.582269,44.833208,1.494781,-0.777542,1.810140,-0.581969,0.515998,-1.71575948e-04,1.91825970e-07,1.47483105e-08,1.52445107e-04,1.73927820e-07,1.24842996e-08,6.35741254e-01,9.57267812e-02,2.01511447e-02,2.99198536e+00,1.18558189e-05,8.561e-16,1.332e-15
37.2600,91.258947,70.070892,-22.621607,44.830744,1.494515,-0.778172,1.810090,-0.570629,0.515292,-1.68212766e-04,2.08565718e-07,1.47434341e-08,1.52225407e-04,1.62636524e-07,1.24785602e-08,6.35733369e-01,9.57310691e-02,2.01761358e-02,2.99196496e+00,1.18558581e-05,9.506e-16,3.553e-15
37.2800,91.302602,70.101742,-22.660947,44.828243,1.494249,-0.778802,1.810040,-0.549503,0.507032,-1.61966742e-04,2.19519015e-07,1.47372406e-08,1.49777699e-04,1.52863676e-07,1.24725314e-08,6.35725535e-01,9.57353802e-02,2.02007117e-02,2.99194485e+00,1.18560029e-05,1.492e-15,3.997e-15
37.3000,91.346256,70.132603,-22.700289,44.825705,1.493983,-0.779432,1.809990,-0.518912,0.491337,-1.52940070e-04,2.18256597e-07,1.47299115e-08,1.45143288e-04,1.50284063e-07,1.24662781e-08,6.35717819e-01,9.57397314e-02,2.02244876e-02,2.99192529e+00,1.18563296e-05,1.173e-15,1.110e-15
37.3200,91.389908,70.163475,-22.739633,44.823130,1.493719,-0.780061,1.809938,-0.479356,0.468461,-1.41278681e-04,2.05556981e-07,1.47214538e-08,1.38397903e-04,1.56306190e-07,1.24598292e-08,6.35710282e-01,9.57441385e-02,2.02470993e-02,2.99190655e+00,1.18569027e-05,1.853e-15,2.331e-15
37.3400,91.433559,70.194357,-22.778979,44.820518,1.493455,-0.780690,1.809886,-0.431493,0.438783,-1.27169886e-04,1.88893506e-07,1.47118839e-08,1.29650464e-04,1.67279602e-07,1.24531420e-08,6.35702983e-01,9.57486166e-02,2.02681972e-02,2.99188885e+00,1.18577711e-05,1.756e-15,1.332e-15
37.3600,91.477208,70.225250,-22.818327,44.817869,1.493193,-0.781319,1.809832,-0.376122,0.402804,-1.10839370e-04,1.77997478e-07,1.47012409e-08,1.19041324e-04,1.76676097e-07,1.24461997e-08,6.35695978e-01,9.57531805e-02,2.02874433e-02,2.99187243e+00,1.18589647e-05,1.568e-15,4.441e-15
37.3800,91.520856,70.256154,-22.857676,44.815183,1.492933,-0.781947,1.809778,-0.314146,0.361114,-9.25475859e-05,1.79131357e-07,1.46896239e-08,1.06740013e-04,1.78942582e-07,1.24391159e-08,6.35689323e-01,9.57578441e-02,2.03045153e-02,2.99185752e+00,1.18604931e-05,1.043e-15,1.332e-15
37.4000,91.564503,70.287069,-22.897028,44.812460,1.492675,-0.782575,1.809722,-0.246548,0.314384,-7.25856008e-05,1.91442955e-07,1.46773407e-08,9.29425340e-05,1.72752120e-07,1.24320511e-08,6.35683068e-01,9.57626200e-02,2.03191185e-02,2.99184433e+00,1.18623445e-05,1.200e-15,1.221e-15
37.4200,91.608148,70.317994,-22.936382,44.809700,1.492419,-0.783202,1.809664,-0.174378,0.263343,-5.12704638e-05,2.07523356e-07,1.46647492e-08,7.78682351e-05,1.61750470e-07,1.24252122e-08,6.35677255e-01,9.57675192e-02,2.03310017e-02,2.99183302e+00,1.18644869e-05,9.272e-16,2.331e-15
37.4400,91.651792,70.348931,-22.975737,44.806902,1.492166,-0.783829,1.809605,-0.098749,0.208781,-2.89401689e-05,2.17807790e-07,1.46521629e-08,6.17563291e-05,1.52379604e-07,1.24188036e-08,6.35671918e-01,9.57725500e-02,2.03399697e-02,2.99182373e+00,1.18668699e-05,6.835e-16,1.443e-15
37.4600,91.695435,70.379879,-23.015094,44.804068,1.491915,-0.784455,1.809544,-0.020838,0.151544,-5.94829388e-06,2.16206924e-07,1.46398691e-08,4.48620959e-05,1.50077372e-07,1.24128951e-08,6.35667083e-01,9.57777181e-02,2.03458882e-02,2.99181656e+00,1.18694279e-05,8.327e-16,1.665e-15
37.4800,91.739076,70.410839,-23.054452,44.801196,1.491666,-0.785080,1.809481,0.058120,0.092534,1.73415987e-05,2.03654109e-07,1.46279811e-08,2.74528381e-05,1.56095656e-07,1.24074843e-08,6.35662764e-01,9.57830270e-02,2.03486788e-02,2.99181156e+00,1.18720847e-05,9.714e-16,1.332e-15
37.5000,91.782716,70.441810,-23.093812,44.798287,1.491420,-0.785706,1.809417,0.136854,0.032696,4.05617091e-05,1.87503896e-07,1.46165255e-08,9.80365117e-06,1.66798712e-07,1.24025427e-08,6.35658969e-01,9.57884779e-02,2.03483094e-02,2.99180877e+00,1.18747578e-05,1.499e-15,1.443e-15
37.5200,91.826354,70.472792,-23.133174,44.795341,1.491177,-0.786331,1.809351,0.214090,-0.027007,6.33458068e-05,1.77167300e-07,1.46055995e-08,-7.80692540e-06,1.75834369e-07,1.23980219e-08,6.35655698e-01,9.57940704e-02,2.03447860e-02,2.99180816e+00,1.18773636e-05,1.346e-15,2.220e-15
37.5400,91.869992,70.503786,-23.172537,44.792358,1.490936,-0.786955,1.809283,0.288594,-0.085614,8.53350042e-05,1.78574861e-07,1.45953254e-08,-2.51013044e-05,1.77882095e-07,1.23939810e-08,6.35652945e-01,9.57998027e-02,2.03381517e-02,2.99180973e+00,1.18798230e-05,6.909e-16,2.665e-15
37.5600,91.913628,70.534792,-23.211902,44.789337,1.490697,-0.787579,1.809214,0.359195,-0.142200,1.06183409e-04,1.90725747e-07,1.45859447e-08,-4.18072265e-05,1.71766799e-07,1.23905597e-08,6.35650698e-01,9.58056711e-02,2.03284921e-02,2.99181341e+00,1.18820664e-05,1.298e-15,2.220e-15
37.5800,91.957263,70.565810,-23.251267,44.786279,1.490461,-0.788203,1.809143,0.424810,-0.195886,1.25563565e-04,2.06331160e-07,1.45777980e-08,-5.76620449e-05,1.61116632e-07,1.23878869e-08,6.35648936e-01,9.58116694e-02,2.03159449e-02,2.99181911e+00,1.18840374e-05,1.160e-15,1.887e-15
37.6000,92.000897,70.596840,-23.290634,44.783183,1.490227,-0.788826,1.809071,0.484440,-0.245851,1.43171600e-04,2.16142414e-07,1.45711223e-08,-7.24168540e-05,1.52197532e-07,1.23860870e-08,6.35647629e-01,9.58177893e-02,2.03007056e-02,2.99182670e+00,1.18856971e-05,9.784e-16,1.776e-15
37.6200,92.044529,70.627882,-23.330003,44.780050,1.489994,-0.789450,1.808997,0.537171,-0.291329,1.58731987e-04,2.14394425e-07,1.45660697e-08,-8.58403955e-05,1.50217020e-07,1.23851802e-08,6.35646737e-01,9.58240199e-02,2.02830251e-02,2.99183600e+00,1.18870259e-05,1.214e-15,2.665e-15
37.6400,92.088161,70.658936,-23.369372,44.776880,1.489764,-0.790073,1.808922,0.582176,-0.331611,1.72001860e-04,2.02162091e-07,1.45626776e-08,-9.77226832e-05,1.56277189e-07,1.23850631e-08,6.35646212e-01,9.58303481e-02,2.02631990e-02,2.99184683e+00,1.18880250e-05,9.298e-16,4.441e-16
37.6600,92.131791,70.690003,-23.408742,44.773671,1.489534,-0.790696,1.808847,0.618732,-0.366058,1.82774801e-04,1.86676087e-07,1.45608279e-08,-1.07878289e-04,1.66759806e-07,1.23856264e-08,6.35646001e-01,9.58367600e-02,2.02415520e-02,2.99185894e+00,1.18887164e-05,1.721e-15,1.110e-15
37.6800,92.175421,70.721082,-23.448114,44.770426,1.489306,-0.791319,1.808770,0.646242,-0.394113,1.90884049e-04,1.77031935e-07,1.45604459e-08,-1.16149238e-04,1.75485271e-07,1.23867605e-08,6.35646049e-01,9.58432405e-02,2.02184246e-02,2.99187211e+00,1.18891410e-05,1.693e-15,2.331e-15
37.7000,92.219049,70.752173,-23.487487,44.767142,1.489078,-0.791941,1.808694,0.664265,-0.415325,1.96205077e-04,1.78838456e-07,1.45615312e-08,-1.22407464e-04,1.77357569e-07,1.23884119e-08,6.35646298e-01,9.58497744e-02,2.01941667e-02,2.99188610e+00,1.18893562e-05,1.200e-15,1.554e-15
37.7200,92.262676,70.783277,-23.526860,44.763821,1.488851,-0.792564,1.808616,0.672534,-0.429364,1.98657506e-04,1.90954273e-07,1.45641208e-08,-1.26556795e-04,1.71345387e-07,1.23906378e-08,6.35646686e-01,9.58563458e-02,2.01691383e-02,2.99190065e+00,1.18894326e-05,9.992e-16,8.882e-16
37.7400,92.306302,70.814393,-23.566235,44.760463,1.488624,-0.793187,1.808539,0.670954,-0.436030,1.98206313e-04,2.06210998e-07,1.45683494e-08,-1.28534428e-04,1.61055359e-07,1.23934895e-08,6.35647152e-01,9.58629384e-02,2.01437146e-02,2.99191551e+00,1.18894490e-05,8.648e-16,3.553e-15
37.7600,92.349926,70.845523,-23.605611,44.757066,1.488396,-0.793810,1.808461,0.659591,-0.435247,1.94862333e-04,2.15666842e-07,1.45742900e-08,-1.28311876e-04,1.52580038e-07,1.23969737e-08,6.35647630e-01,9.58695349e-02,2.01182871e-02,2.99193040e+00,1.18894878e-05,1.839e-15,1.998e-15
37.7800,92.393550,70.876665,-23.644987,44.753632,1.488168,-0.794433,1.808384,0.638656,-0.427054,1.88682027e-04,2.13867156e-07,1.45818586e-08,-1.25895376e-04,1.50903797e-07,1.24010404e-08,6.35648052e-01,9.58761176e-02,2.00932589e-02,2.99194503e+00,1.18896294e-05,1.270e-15,8.882e-16
37.8000,92.437173,70.907819,-23.684364,44.750160,1.487939,-0.795057,1.808307,0.608486,-0.411590,1.79766537e-04,2.02016790e-07,1.45908942e-08,-1.21325746e-04,1.56986687e-07,1.24055159e-08,6.35648351e-01,9.58826687e-02,2.00690316e-02,2.99195914e+00,1.18899478e-05,9.159e-16,1.332e-15
37.8200,92.480794,70.938987,-23.723743,44.746650,1.487709,-0.795680,1.808231,0.569548,-0.389099,1.68260030e-04,1.87219710e-07,1.46011170e-08,-1.14677702e-04,1.67231491e-07,1.24101982e-08,6.35648460e-01,9.58891713e-02,2.00459889e-02,2.99197244e+00,1.18905055e-05,1.311e-15,3.109e-15
37.8400,92.524414,70.970167,-23.763122,44.743102,1.487477,-0.796304,1.808156,0.522437,-0.359922,1.54347367e-04,1.78262659e-07,1.46122305e-08,-1.06058640e-04,1.75628741e-07,1.24149381e-08,6.35648318e-01,9.58956097e-02,2.00244833e-02,2.99198468e+00,1.18913495e-05,1.020e-15,2.665e-15
37.8600,92.568034,71.001360,-23.802502,44.739517,1.487243,-0.796928,1.808082,0.467889,-0.324513,1.38251136e-04,1.80444752e-07,1.46240709e-08,-9.56069010e-05,1.77300212e-07,1.24196266e-08,6.35647871e-01,9.59019701e-02,2.00048298e-02,2.99199565e+00,1.18925088e-05,7.772e-16,8.882e-16
37.8800,92.611651,71.032566,-23.841883,44.735893,1.487007,-0.797553,1.808009,0.406779,-0.283435,1.20228086e-04,1.92494297e-07,1.46365265e-08,-8.34895525e-05,1.71351486e-07,1.24242540e-08,6.35647069e-01,9.59082401e-02,1.99873078e-02,2.99200513e+00,1.18939923e-05,1.665e-15,3.109e-15
37.9000,92.655268,71.063785,-23.881265,44.732231,1.486769,-0.798177,1.807937,0.340102,-0.237353,1.00565040e-04,2.07365581e-07,1.46495364e-08,-6.98997193e-05,1.61365257e-07,1.24288541e-08,6.35645868e-01,9.59144085e-02,1.99721666e-02,2.99201297e+00,1.18957886e-05,1.492e-15,2.220e-15
37.9200,92.698884,71.095017,-23.920648,44.728532,1.486528,-0.798803,1.807866,0.268946,-0.187021,7.95743278e-05,2.16417264e-07,1.46630543e-08,-5.50535044e-05,1.53264305e-07,1.24333937e-08,6.35644230e-01,9.59204656e-02,1.99596296e-02,2.99201898e+00,1.18978664e-05,7.867e-16,1.332e-15
37.9400,92.742498,71.126262,-23.960031,44.724794,1.486285,-0.799428,1.807797,0.194457,-0.133252,5.75888323e-05,2.14494108e-07,1.46768827e-08,-3.91865529e-05,1.51817991e-07,1.24377923e-08,6.35642120e-01,9.59264027e-02,1.99498913e-02,2.99202305e+00,1.19001767e-05,9.214e-16,1.776e-15
37.9600,92.786111,71.157520,-23.999416,44.721018,1.486038,-0.800054,1.807730,0.117810,-0.076902,3.49567089e-05,2.02922716e-07,1.46907303e-08,-2.25503128e-05,1.57852461e-07,1.24418955e-08,6.35639510e-01,9.59322131e-02,1.99431082e-02,2.99202504e+00,1.19026560e-05,9.801e-16,2.220e-15
37.9800,92.829722,71.188791,-24.038801,44.717204,1.485789,-0.800680,1.807664,0.040193,-0.018851,1.20358730e-05,1.88680166e-07,1.47042775e-08,-5.40805238e-06,1.67795779e-07,1.24454966e-08,6.35636379e-01,9.59378920e-02,1.99393864e-02,2.99202490e+00,1.19052303e-05,1.080e-15,1.332e-15
38.0000,92.873333,71.220074,-24.078187,44.713352,1.485537,-0.801306,1.807600,-0.037195,0.040003,-1.08116606e-05,1.80253654e-07,1.47171790e-08,1.19693043e-05,1.75806823e-07,1.24484632e-08,6.35632718e-01,9.59434375e-02,1.99387736e-02,2.99202257e+00,1.19078194e-05,1.478e-15,3.109e-15
38.0200,92.916941,71.251371,-24.117574,44.709462,1.485282,-0.801933,1.807537,-0.113150,0.098747,-3.32254969e-05,1.82646682e-07,1.47292231e-08,2.93074575e-05,1.77219182e-07,1.24507379e-08,6.35628528e-01,9.59488503e-02,1.99412568e-02,2.99201808e+00,1.19103427e-05,1.499e-15,3.553e-15
38.0400,92.960549,71.282680,-24.156962,44.705533,1.485024,-0.802559,1.807476,-0.186472,0.156457,-5.48525448e-05,1.94469148e-07,1.47403297e-08,4.63330611e-05,1.71269320e-07,1.24523301e-08,6.35623816e-01,9.59541335e-02,1.99467696e-02,2.99201145e+00,1.19127236e-05,1.031e-15,1.887e-15
38.0600,93.004155,71.314003,-24.196351,44.701566,1.484763,-0.803187,1.807416,-0.255982,0.212212,-7.53525773e-05,2.08802129e-07,1.47504437e-08,6.27780321e-05,1.61514078e-07,1.24533212e-08,6.35618602e-01,9.59592920e-02,1.99552025e-02,2.99200278e+00,1.19148945e-05,1.936e-15,3.553e-15
38.0800,93.047759,71.345338,-24.235741,44.697561,1.484500,-0.803814,1.807358,-0.320564,0.265117,-9.44035812e-05,2.17300151e-07,1.47595448e-08,7.83837721e-05,1.53710401e-07,1.24537480e-08,6.35612908e-01,9.59643325e-02,1.99664118e-02,2.99199217e+00,1.19168011e-05,8.862e-16,1.776e-15
38.1000,93.091363,71.376687,-24.275132,44.693518,1.484234,-0.804441,1.807301,-0.379187,0.314326,-1.11706813e-04,2.15098327e-07,1.47675363e-08,9.29052337e-05,1.52420652e-07,1.24535722e-08,6.35606762e-01,9.59692628e-02,1.99802222e-02,2.99197972e+00,1.19184058e-05,1.213e-15,1.221e-15
38.1200,93.134964,71.408048,-24.314524,44.689436,1.483966,-0.805068,1.807245,-0.430938,0.359065,-1.26991481e-04,2.03638311e-07,1.47741987e-08,1.06114767e-04,1.58345106e-07,1.24527224e-08,6.35600201e-01,9.59740924e-02,1.99964233e-02,2.99196561e+00,1.19196899e-05,1.132e-15,1.776e-15
38.1400,93.178564,71.439422,-24.353916,44.685316,1.483696,-0.805696,1.807190,-0.475034,0.398646,-1.40018985e-04,1.89771590e-07,1.47793256e-08,1.17805687e-04,1.67940836e-07,1.24510841e-08,6.35593264e-01,9.59788326e-02,2.00147633e-02,2.99194999e+00,1.19206548e-05,8.119e-16,2.220e-15
38.1600,93.222163,71.470810,-24.393310,44.681158,1.483424,-0.806323,1.807136,-0.510814,0.432470,-1.50586638e-04,1.81695600e-07,1.47827404e-08,1.27795505e-04,1.75533007e-07,1.24485913e-08,6.35586002e-01,9.59834966e-02,2.00349457e-02,2.99193308e+00,1.19213219e-05,9.138e-16,3.109e-15
38.1800,93.265759,71.502210,-24.432704,44.676961,1.483151,-0.806951,1.807083,-0.537740,0.460025,-1.58530826e-04,1.84132327e-07,1.47843578e-08,1.35928776e-04,1.76660806e-07,1.24452900e-08,6.35578470e-01,9.59880994e-02,2.00566334e-02,2.99191512e+00,1.19217309e-05,1.041e-15,2.665e-15
38.2000,93.309355,71.533624,-24.472099,44.672725,1.482877,-0.807578,1.807030,-0.555394,0.480887,-1.63729532e-04,1.95584814e-07,1.47842686e-08,1.42079516e-04,1.70685242e-07,1.24412801e-08,6.35570729e-01,9.59926570e-02,2.00794604e-02,2.99189636e+00,1.19219378e-05,9.892e-16,2.220e-15
38.2200,93.352949,71.565050,-24.511495,44.668451,1.482602,-0.808205,1.806977,-0.563487,0.494722,-1.66104215e-04,2.09264400e-07,1.47826132e-08,1.46153152e-04,1.61135035e-07,1.24367107e-08,6.35562843e-01,9.59971862e-02,2.01030467e-02,2.99187707e+00,1.19220110e-05,6.661e-16,2.331e-15
38.2400,93.396541,71.596490,-24.550892,44.664139,1.482326,-0.808832,1.806924,-0.561876,0.501303,-1.65620986e-04,2.17116340e-07,1.47795226e-08,1.48087981e-04,1.53604481e-07,1.24317204e-08,6.35554876e-01,9.60017037e-02,2.01270111e-02,2.99185751e+00,1.19220269e-05,2.491e-15,2.220e-15
38.2600,93.440131,71.627943,-24.590290,44.659788,1.482051,-0.809458,1.806872,-0.550585,0.500522,-1.62291087e-04,2.14556441e-07,1.47751043e-08,1.47856096e-04,1.52455973e-07,1.24263513e-08,6.35546890e-01,9.60062260e-02,2.01509776e-02,2.99183794e+00,1.19220652e-05,8.674e-16,2.665e-15
38.2800,93.483720,71.659409,-24.629689,44.655398,1.481775,-0.810085,1.806818,-0.529807,0.492396,-1.56170657e-04,2.03133960e-07,1.47693479e-08,1.45463787e-04,1.58270716e-07,1.24206014e-08,6.35538949e-01,9.60107692e-02,2.01745753e-02,2.99181863e+00,1.19222041e-05,7.373e-16,1.110e-15
38.3000,93.527307,71.690889,-24.669088,44.650970,1.481501,-0.810711,1.806765,-0.499907,0.477075,-1.47359785e-04,1.89574770e-07,1.47622180e-08,1.40951403e-04,1.67537371e-07,1.24144555e-08,6.35531114e-01,9.60153494e-02,2.01974345e-02,2.99179982e+00,1.19225149e-05,1.200e-15,3.109e-15
38.3200,93.570893,71.722382,-24.708488,44.646503,1.481227,-0.811336,1.806710,-0.461392,0.454826,-1.36000883e-04,1.81794530e-07,1.47537581e-08,1.34392665e-04,1.74744281e-07,1.24079134e-08,6.35523447e-01,9.60199825e-02,2.02191868e-02,2.99178178e+00,1.19230582e-05,7.364e-16,3.997e-15
38.3400,93.614477,71.753889,-24.747888,44.641997,1.480954,-0.811961,1.806655,-0.414896,0.426025,-1.22276382e-04,1.84245535e-07,1.47440762e-08,1.25893470e-04,1.75629069e-07,1.24010787e-08,6.35516009e-01,9.60246841e-02,2.02394701e-02,2.99176476e+00,1.19238793e-05,9.567e-16,5.551e-16
38.3600,93.658060,71.785409,-24.787289,44.637453,1.480683,-0.812586,1.806599,-0.361158,0.391133,-1.06405808e-04,1.95332759e-07,1.47334160e-08,1.15590176e-04,1.69670291e-07,1.23941239e-08,6.35508857e-01,9.60294692e-02,2.02579407e-02,2.99174898e+00,1.19250062e-05,1.471e-15,1.110e-15
38.3800,93.701641,71.816943,-24.826691,44.632870,1.480413,-0.813210,1.806541,-0.301012,0.350698,-8.86422652e-05,2.08398888e-07,1.47221062e-08,1.03647420e-04,1.60365238e-07,1.23872271e-08,6.35502045e-01,9.60343509e-02,2.02742885e-02,2.99173468e+00,1.19264473e-05,1.332e-15,3.109e-15
38.4000,93.745220,71.848490,-24.866093,44.628247,1.480146,-0.813834,1.806482,-0.235390,0.305345,-6.92684004e-05,2.15672273e-07,1.47104178e-08,9.02554855e-05,1.53147806e-07,1.23805578e-08,6.35495617e-01,9.60393406e-02,2.02882480e-02,2.99172202e+00,1.19281913e-05,1.228e-15,1.221e-15
38.4200,93.788798,71.880052,-24.905496,44.623587,1.479880,-0.814457,1.806421,-0.165320,0.255782,-4.85919055e-05,2.12837533e-07,1.46985712e-08,7.56272734e-05,1.52186290e-07,1.23741973e-08,6.35489611e-01,9.60444477e-02,2.02996033e-02,2.99171117e+00,1.19302077e-05,9.159e-16,2.109e-15
38.4400,93.832375,71.911628,-24.944899,44.618887,1.479617,-0.815080,1.806359,-0.091919,0.202794,-2.69406296e-05,2.01541963e-07,1.46866998e-08,5.99949159e-05,1.57948362e-07,1.23681431e-08,6.35484057e-01,9.60496793e-02,2.03081847e-02,2.99170223e+00,1.19324490e-05,1.010e-15,1.332e-15
38.4600,93.875950,71.943217,-24.984302,44.614148,1.479356,-0.815703,1.806296,-0.016370,0.147231,-4.65738213e-06,1.88383396e-07,1.46748524e-08,4.36060930e-05,1.66955832e-07,1.23623917e-08,6.35478979e-01,9.60550409e-02,2.03138630e-02,2.99169531e+00,1.19348534e-05,1.721e-15,1.554e-15
38.4800,93.919523,71.974822,-25.023705,44.609370,1.479098,-0.816325,1.806230,0.060107,0.089991,1.79054928e-05,1.81001169e-07,1.46631399e-08,2.67201068e-05,1.73856208e-07,1.23569504e-08,6.35474392e-01,9.60605365e-02,2.03165450e-02,2.99169046e+00,1.19373491e-05,1.728e-15,1.443e-15
38.5000,93.963095,72.006440,-25.063109,44.604553,1.478842,-0.816946,1.806163,0.136291,0.031992,4.03916862e-05,1.83586800e-07,1.46517489e-08,9.60377821e-06,1.74577913e-07,1.23518894e-08,6.35470308e-01,9.60661683e-02,2.03161747e-02,2.99168773e+00,1.19398585e-05,8.097e-16,1.776e-15
38.5200,94.006666,72.038073,-25.102513,44.599697,1.478589,-0.817567,1.806094,0.210985,-0.025851,6.24465502e-05,1.94453379e-07,1.46409271e-08,-7.47276857e-06,1.68709583e-07,1.23473606e-08,6.35466731e-01,9.60719369e-02,2.03127407e-02,2.99168712e+00,1.19423033e-05,1.173e-15,2.220e-15
38.5400,94.050235,72.069720,-25.141917,44.594802,1.478338,-0.818188,1.806024,0.283034,-0.082635,8.37226926e-05,2.07073462e-07,1.46309989e-08,-2.42403685e-05,1.59713596e-07,1.23435057e-08,6.35463656e-01,9.60778404e-02,2.03062847e-02,2.99168862e+00,1.19446094e-05,7.425e-16,1.998e-15
38.5600,94.093803,72.101382,-25.181321,44.589868,1.478089,-0.818808,1.805952,0.351330,-0.137486,1.03885450e-04,2.13948987e-07,1.46222280e-08,-4.04350573e-05,1.52865292e-07,1.23404258e-08,6.35461069e-01,9.60838745e-02,2.02969069e-02,2.99169215e+00,1.19467115e-05,7.542e-16,5.329e-15
38.5800,94.137370,72.133059,-25.220725,44.584895,1.477842,-0.819428,1.805879,0.414814,-0.189554,1.22618152e-04,2.11020060e-07,1.46147598e-08,-5.58022260e-05,1.52144335e-07,1.23381561e-08,6.35458945e-01,9.60900323e-02,2.02847646e-02,2.99169761e+00,1.19485571e-05,9.159e-16,2.220e-15
38.6000,94.180935,72.164751,-25.260128,44.579882,1.477598,-0.820048,1.805804,0.472485,-0.238022,1.39627096e-04,2.00021282e-07,1.46086640e-08,-7.01006247e-05,1.57910084e-07,1.23366301e-08,6.35457254e-01,9.60963050e-02,2.02700629e-02,2.99170486e+00,1.19501099e-05,1.256e-15,2.109e-15
38.6200,94.224499,72.196458,-25.299532,44.574830,1.477355,-0.820668,1.805728,0.523418,-0.282120,1.54646153e-04,1.87419064e-07,1.46039150e-08,-8.31061502e-05,1.66718816e-07,1.23357622e-08,6.35455955e-01,9.61026822e-02,2.02530428e-02,2.99171374e+00,1.19513519e-05,1.180e-15,3.553e-15
38.6400,94.268062,72.228180,-25.338935,44.569739,1.477114,-0.821287,1.805651,0.566795,-0.321141,1.67440924e-04,1.80580715e-07,1.46004902e-08,-9.46153597e-05,1.73373426e-07,1.23355004e-08,6.35455007e-01,9.61091523e-02,2.02339711e-02,2.99172407e+00,1.19522846e-05,1.173e-15,4.441e-16
38.6600,94.311623,72.259917,-25.378339,44.564608,1.476874,-0.821906,1.805573,0.601928,-0.354462,1.77812398e-04,1.83445017e-07,1.45984606e-08,-1.04448653e-04,1.73985901e-07,1.23358296e-08,6.35454362e-01,9.61157028e-02,2.02131359e-02,2.99173564e+00,1.19529289e-05,8.049e-16,1.998e-15
38.6800,94.355183,72.291670,-25.417741,44.559438,1.476635,-0.822525,1.805494,0.628279,-0.381565,1.85600052e-04,1.94238642e-07,1.45979315e-08,-1.12453077e-04,1.68248118e-07,1.23368060e-08,6.35453970e-01,9.61223203e-02,2.01908481e-02,2.99174825e+00,1.19533235e-05,1.110e-15,1.443e-15
38.7000,94.398742,72.323438,-25.457144,44.554229,1.476397,-0.823145,1.805415,0.645465,-0.402041,1.90684328e-04,2.06562223e-07,1.45990375e-08,-1.18504700e-04,1.59584831e-07,1.23384963e-08,6.35453776e-01,9.61289900e-02,2.01674451e-02,2.99176166e+00,1.19535229e-05,1.054e-15,2.665e-15
38.7200,94.442299,72.355221,-25.496546,44.548980,1.476160,-0.823764,1.805336,0.653250,-0.415592,1.92988471e-04,2.13182187e-07,1.46018813e-08,-1.22510531e-04,1.53115327e-07,1.23409012e-08,6.35453718e-01,9.61356962e-02,2.01432905e-02,2.99177562e+00,1.19535932e-05,1.589e-15,1.776e-15
38.7400,94.485855,72.387020,-25.535948,44.543691,1.475922,-0.824383,1.805256,0.651536,-0.422026,1.92479693e-04,2.10281820e-07,1.46064207e-08,-1.24409949e-04,1.52636632e-07,1.23439630e-08,6.35453735e-01,9.61424221e-02,2.01187687e-02,2.99178986e+00,1.19536086e-05,7.568e-16,1.776e-15
38.7600,94.529410,72.418835,-25.575349,44.538363,1.475684,-0.825002,1.805176,0.640356,-0.421252,1.89169623e-04,1.99673509e-07,1.46125176e-08,-1.24175616e-04,1.58405655e-07,1.23475464e-08,6.35453759e-01,9.61491505e-02,2.00942726e-02,2.99180412e+00,1.19536464e-05,9.923e-16,1.776e-15
38.7800,94.572964,72.450665,-25.614750,44.532995,1.475445,-0.825622,1.805097,0.619878,-0.413279,1.83114076e-04,1.87690292e-07,1.46199788e-08,-1.21813870e-04,1.67015225e-07,1.23514757e-08,6.35453726e-01,9.61558645e-02,2.00701889e-02,2.99181812e+00,1.19537823e-05,8.101e-16,2.220e-15
38.8000,94.616517,72.482511,-25.654150,44.527587,1.475206,-0.826241,1.805018,0.590413,-0.398224,1.74412111e-04,1.81433297e-07,1.46285855e-08,-1.17364585e-04,1.73420698e-07,1.23556274e-08,6.35453573e-01,9.61625480e-02,2.00468866e-02,2.99183159e+00,1.19540853e-05,1.083e-15,1.110e-15
38.8200,94.660068,72.514373,-25.693550,44.522140,1.474965,-0.826861,1.804939,0.552426,-0.376323,1.63204411e-04,1.84597921e-07,1.46382094e-08,-1.10900502e-04,1.73911608e-07,1.23599299e-08,6.35453241e-01,9.61691857e-02,2.00247115e-02,2.99184430e+00,1.19546138e-05,7.945e-16,1.332e-15
38.8400,94.703618,72.546250,-25.732949,44.516653,1.474722,-0.827481,1.804862,0.506534,-0.347928,1.49671009e-04,1.95331417e-07,1.46487938e-08,-1.02526038e-04,1.68277596e-07,1.23643620e-08,6.35452673e-01,9.61757634e-02,2.00039868e-02,2.99185603e+00,1.19554119e-05,1.000e-15,2.220e-15
38.8600,94.747166,72.578144,-25.772348,44.511126,1.474478,-0.828102,1.804785,0.453489,-0.313506,1.34028403e-04,2.07362788e-07,1.46602806e-08,-9.23756048e-05,1.59904195e-07,1.23689383e-08,6.35451817e-01,9.61822678e-02,1.99850164e-02,2.99186654e+00,1.19565063e-05,7.980e-16,3.109e-15
38.8800,94.790713,72.610053,-25.811747,44.505560,1.474232,-0.828722,1.804709,0.394163,-0.273623,1.16526091e-04,2.13716187e-07,1.46725999e-08,-8.06114489e-05,1.53758228e-07,1.23736189e-08,6.35450625e-01,9.61886863e-02,1.99680859e-02,2.99187565e+00,1.19579051e-05,1.043e-15,2.665e-15
38.9000,94.834259,72.641978,-25.851145,44.499953,1.473983,-0.829343,1.804635,0.329510,-0.228928,9.74425969e-05,2.10808392e-07,1.46855778e-08,-6.74210595e-05,1.53461040e-07,1.23782953e-08,6.35449049e-01,9.61950074e-02,1.99534579e-02,2.99188316e+00,1.19595972e-05,2.200e-15,1.332e-15
38.9200,94.877804,72.673919,-25.890542,44.494306,1.473732,-0.829964,1.804562,0.260552,-0.180131,7.70810366e-05,2.00523074e-07,1.46989269e-08,-5.30141820e-05,1.59173630e-07,1.23828172e-08,6.35447050e-01,9.62012210e-02,1.99413623e-02,2.99188891e+00,1.19615528e-05,1.416e-15,2.220e-15
38.9400,94.921347,72.705876,-25.929939,44.488620,1.473478,-0.830586,1.804491,0.188361,-0.127996,5.57643067e-05,1.89060700e-07,1.47123462e-08,-3.76194842e-05,1.67528203e-07,1.23870013e-08,6.35444595e-01,9.62073189e-02,1.99319850e-02,2.99189277e+00,1.19637257e-05,8.188e-16,1.332e-15
38.9600,94.964888,72.737849,-25.969335,44.482893,1.473222,-0.831208,1.804421,0.114058,-0.073332,3.38299612e-05,1.83264395e-07,1.47255442e-08,-2.14809288e-05,1.73630602e-07,1.23907115e-08,6.35441658e-01,9.62132953e-02,1.99254598e-02,2.99189463e+00,1.19660560e-05,1.036e-15,3.109e-15
38.9800,95.008428,72.769838,-26.008731,44.477127,1.472963,-0.831830,1.804352,0.038807,-0.016994,1.16248666e-05,1.86597817e-07,1.47383047e-08,-4.85390849e-06,1.73942799e-07,1.23938968e-08,6.35438224e-01,9.62191467e-02,1.99218665e-02,2.99189446e+00,1.19684741e-05,1.140e-15,1.443e-15
39.0000,95.051967,72.801842,-26.048126,44.471320,1.472700,-0.832453,1.804285,-0.036197,0.040128,-1.05002829e-05,1.97137891e-07,1.47505308e-08,1.19987948e-05,1.68347597e-07,1.23965522e-08,6.35434286e-01,9.62248720e-02,1.99212356e-02,2.99189221e+00,1.19709047e-05,1.985e-15,2.776e-15
39.0200,95.095504,72.833863,-26.087521,44.465473,1.472435,-0.833075,1.804220,-0.109752,0.097123,-3.21965020e-05,2.08744306e-07,1.47621468e-08,2.88111633e-05,1.60190539e-07,1.23987086e-08,6.35429844e-01,9.62304718e-02,1.99235561e-02,2.99188789e+00,1.19732721e-05,7.811e-16,1.443e-15
39.0400,95.139040,72.865900,-26.126915,44.459586,1.472168,-0.833698,1.804156,-0.180676,0.153075,-5.31220166e-05,2.14694402e-07,1.47730586e-08,4.53181427e-05,1.54290069e-07,1.24003744e-08,6.35424905e-01,9.62359482e-02,1.99287806e-02,2.99188155e+00,1.19755045e-05,1.242e-15,1.776e-15
39.0600,95.182574,72.897952,-26.166309,44.453659,1.471897,-0.834321,1.804094,-0.247843,0.207093,-7.29476452e-05,2.11631115e-07,1.47831274e-08,6.12598198e-05,1.54098958e-07,1.24014827e-08,6.35419482e-01,9.62413052e-02,1.99368257e-02,2.99187323e+00,1.19775387e-05,1.568e-15,2.665e-15
39.0800,95.226106,72.930021,-26.205702,44.447691,1.471625,-0.834945,1.804032,-0.310204,0.258326,-9.13619768e-05,2.01504970e-07,1.47921176e-08,7.63855149e-05,1.59688840e-07,1.24019356e-08,6.35413595e-01,9.62465482e-02,1.99475678e-02,2.99186303e+00,1.19793240e-05,1.284e-15,2.665e-15
39.1000,95.269637,72.962105,-26.245094,44.441684,1.471349,-0.835568,1.803972,-0.366801,0.305981,-1.08076262e-04,1.90386289e-07,1.47997853e-08,9.04577212e-05,1.67734106e-07,1.24016299e-08,6.35407270e-01,9.62516851e-02,1.99608370e-02,2.99185106e+00,1.19808253e-05,7.763e-16,2.665e-15
39.1200,95.313166,72.994206,-26.284487,44.435636,1.471072,-0.836191,1.803914,-0.416770,0.349327,-1.22828940e-04,1.84869605e-07,1.48059528e-08,1.03255833e-04,1.73489029e-07,1.24004956e-08,6.35400544e-01,9.62567254e-02,1.99764144e-02,2.99183747e+00,1.19820255e-05,9.732e-16,1.887e-15
39.1400,95.356693,73.026323,-26.323878,44.429547,1.470792,-0.836815,1.803856,-0.459343,0.387696,-1.35389737e-04,1.88199068e-07,1.48105161e-08,1.14579602e-04,1.73582909e-07,1.23985582e-08,6.35393460e-01,9.62616810e-02,1.99940362e-02,2.99182246e+00,1.19829262e-05,9.368e-16,1.776e-15
39.1600,95.400219,73.058455,-26.363270,44.423418,1.470511,-0.837438,1.803799,-0.493849,0.420490,-1.45563251e-04,1.98390653e-07,1.48134956e-08,1.24252270e-04,1.67987046e-07,1.23959038e-08,6.35386066e-01,9.62665650e-02,2.00134027e-02,2.99180622e+00,1.19835478e-05,9.784e-16,3.109e-15
39.1800,95.443743,73.090604,-26.402660,44.417249,1.470229,-0.838062,1.803742,-0.519736,0.447187,-1.53191997e-04,2.09437181e-07,1.48149775e-08,1.32123330e-04,1.60005977e-07,1.23926338e-08,6.35378417e-01,9.62713917e-02,2.00341916e-02,2.99178900e+00,1.19839280e-05,6.631e-16,1.332e-15
39.2000,95.487265,73.122769,-26.442050,44.411039,1.469945,-0.838685,1.803686,-0.536584,0.467359,-1.58158837e-04,2.14864753e-07,1.48150166e-08,1.38070864e-04,1.54313311e-07,1.23888416e-08,6.35370569e-01,9.62761758e-02,2.00560670e-02,2.99177101e+00,1.19841196e-05,8.609e-16,1.332e-15
39.2200,95.530786,73.154950,-26.481440,44.404789,1.469661,-0.839308,1.803631,-0.544128,0.480684,-1.60388781e-04,2.11535152e-07,1.48136362e-08,1.42003433e-04,1.54199524e-07,1.23845537e-08,6.35362579e-01,9.62809323e-02,2.00786849e-02,2.99175250e+00,1.19841870e-05,7.702e-16,1.332e-15
39.2400,95.574305,73.187148,-26.520829,44.398498,1.469377,-0.839931,1.803575,-0.542269,0.486962,-1.59850107e-04,2.01460968e-07,1.48108005e-08,1.43861483e-04,1.59652532e-07,1.23797471e-08,6.35354506e-01,9.62856766e-02,2.01016927e-02,2.99173372e+00,1.19842019e-05,9.589e-16,1.221e-15
39.2600,95.617822,73.219362,-26.560217,44.392167,1.469092,-0.840553,1.803519,-0.531066,0.486111,-1.56554819e-04,1.90584100e-07,1.48064438e-08,1.43618239e-04,1.67390714e-07,1.23744101e-08,6.35346411e-01,9.62904245e-02,2.01247269e-02,2.99171491e+00,1.19842393e-05,1.131e-15,1.776e-15
39.2800,95.661337,73.251592,-26.599604,44.385795,1.468807,-0.841176,1.803463,-0.510730,0.478170,-1.50558392e-04,1.85258610e-07,1.48005803e-08,1.41280089e-04,1.72813802e-07,1.23685599e-08,6.35338355e-01,9.62951921e-02,2.01474146e-02,2.99169634e+00,1.19843725e-05,1.295e-15,8.882e-16
39.3000,95.704851,73.283838,-26.638991,44.379382,1.468523,-0.841798,1.803406,-0.481602,0.463283,-1.41958851e-04,1.88519619e-07,1.47933136e-08,1.36886443e-04,1.72712493e-07,1.23622867e-08,6.35330402e-01,9.62999956e-02,2.01693792e-02,2.99167827e+00,1.19846683e-05,1.950e-15,3.553e-15
39.3200,95.748363,73.316101,-26.678377,44.372929,1.468240,-0.842419,1.803349,-0.444148,0.441693,-1.30895167e-04,1.98329419e-07,1.47848343e-08,1.30509070e-04,1.67141165e-07,1.23557515e-08,6.35322612e-01,9.63048509e-02,2.01902528e-02,2.99166094e+00,1.19851832e-05,1.249e-15,2.665e-15
39.3400,95.791873,73.348381,-26.717763,44.366435,1.467958,-0.843040,1.803290,-0.398947,0.413737,-1.17545013e-04,2.08814312e-07,1.47754093e-08,1.22250928e-04,1.59361459e-07,1.23491153e-08,6.35315045e-01,9.63097727e-02,2.02096890e-02,2.99164461e+00,1.19859596e-05,1.030e-15,8.882e-16
39.3600,95.835381,73.380678,-26.757147,44.359900,1.467678,-0.843661,1.803231,-0.346704,0.379850,-1.02121905e-04,2.13742756e-07,1.47652718e-08,1.12244502e-04,1.53904603e-07,1.23425117e-08,6.35307753e-01,9.63147746e-02,2.02273736e-02,2.99162948e+00,1.19870234e-05,8.882e-16,9.992e-16
39.3800,95.878888,73.412991,-26.796530,44.353324,1.467399,-0.844281,1.803170,-0.288242,0.340562,-8.48717945e-05,2.10185996e-07,1.47545866e-08,1.00649681e-04,1.53903940e-07,1.23360199e-08,6.35300784e-01,9.63198684e-02,2.02430292e-02,2.99161575e+00,1.19883822e-05,1.610e-15,1.776e-15
39.4000,95.922393,73.445321,-26.835913,44.346707,1.467122,-0.844901,1.803108,-0.224497,0.296500,-6.60691398e-05,2.00211874e-07,1.47434727e-08,8.76512039e-05,1.59268072e-07,1.23296497e-08,6.35294179e-01,9.63250644e-02,2.02564137e-02,2.99160359e+00,1.19900250e-05,1.103e-15,1.221e-15
39.4200,95.965896,73.477668,-26.875295,44.340049,1.466847,-0.845521,1.803045,-0.156502,0.248374,-4.60125445e-05,1.89633375e-07,1.47320032e-08,7.34557124e-05,1.66759978e-07,1.23234096e-08,6.35287974e-01,9.63303715e-02,2.02673174e-02,2.99159313e+00,1.19919228e-05,8.886e-16,2.220e-15
39.4400,96.009398,73.510033,-26.914675,44.333351,1.466574,-0.846139,1.802980,-0.085353,0.196964,-2.50200156e-05,1.84569554e-07,1.47202920e-08,5.82884677e-05,1.71920987e-07,1.23173436e-08,6.35282200e-01,9.63357972e-02,2.02755611e-02,2.99158451e+00,1.19940308e-05,1.790e-15,2.665e-15
39.4600,96.052898,73.542414,-26.954054,44.326611,1.466303,-0.846758,1.802913,-0.012188,0.143094,-3.42392303e-06,1.87854111e-07,1.47085475e-08,4.23897746e-05,1.71696613e-07,1.23115401e-08,6.35276883e-01,9.63413476e-02,2.02810002e-02,2.99157783e+00,1.19962907e-05,6.661e-16,1.443e-15
39.4800,96.096397,73.574813,-26.993433,44.319830,1.466035,-0.847376,1.802845,0.061844,0.087615,1.84342622e-05,1.97400204e-07,1.46970293e-08,2.60111748e-05,1.66218311e-07,1.23061473e-08,6.35272040e-01,9.63470272e-02,2.02835322e-02,2.99157315e+00,1.19986350e-05,8.903e-16,3.997e-15
39.5000,96.139894,73.607230,-27.032810,44.313009,1.465770,-0.847993,1.802775,0.135592,0.031394,4.02093681e-05,2.07465481e-07,1.46860345e-08,9.41146777e-06,1.58702317e-07,1.23013140e-08,6.35267683e-01,9.63528379e-02,2.02831057e-02,2.99157052e+00,1.20009907e-05,1.880e-15,5.773e-15
39.5200,96.183389,73.639664,-27.072185,44.306146,1.465506,-0.848611,1.802704,0.207914,-0.024697,6.15579739e-05,2.12052075e-07,1.46758291e-08,-7.14737745e-06,1.53539440e-07,1.22971342e-08,6.35263813e-01,9.63587797e-02,2.02797257e-02,2.99156993e+00,1.20032845e-05,1.096e-15,2.665e-15
39.5400,96.226883,73.672116,-27.111559,44.299241,1.465245,-0.849227,1.802631,0.277680,-0.079783,8.21438266e-05,2.08429550e-07,1.46665709e-08,-2.34043565e-05,1.53710399e-07,1.22936462e-08,6.35260423e-01,9.63648497e-02,2.02734524e-02,2.99157135e+00,1.20054469e-05,9.780e-16,2.220e-15
39.5600,96.270375,73.704585,-27.150932,44.292296,1.464987,-0.849844,1.802557,0.343784,-0.132996,1.01643137e-04,1.98712618e-07,1.46583462e-08,-3.91035440e-05,1.59048293e-07,1.22908212e-08,6.35257496e-01,9.63710435e-02,2.02643950e-02,2.99157470e+00,1.20074166e-05,9.060e-16,2.665e-15
39.5800,96.313866,73.737073,-27.190303,44.285309,1.464730,-0.850460,1.802481,0.405171,-0.183489,1.19749673e-04,1.88583201e-07,1.46511985e-08,-5.39981230e-05,1.66361034e-07,1.22886046e-08,6.35255010e-01,9.63773545e-02,2.02527021e-02,2.99157989e+00,1.20091447e-05,1.131e-15,9.992e-16
39.6000,96.357355,73.769579,-27.229673,44.278281,1.464475,-0.851076,1.802404,0.460858,-0.230457,1.36179563e-04,1.83929298e-07,1.46451670e-08,-6.78542665e-05,1.71327579e-07,1.22869816e-08,6.35252937e-01,9.63837750e-02,2.02385553e-02,2.99158680e+00,1.20105974e-05,1.082e-15,2.220e-15
39.6200,96.400843,73.802102,-27.269041,44.271212,1.464222,-0.851692,1.802325,0.509965,-0.273151,1.50675749e-04,1.87389384e-07,1.46403661e-08,-8.04548083e-05,1.71041812e-07,1.22859767e-08,6.35251242e-01,9.63902958e-02,2.02221668e-02,2.99159527e+00,1.20117582e-05,8.327e-16,2.665e-15
39.6400,96.444330,73.834645,-27.308408,44.264101,1.463971,-0.852307,1.802246,0.551733,-0.310907,1.63012009e-04,1.96830764e-07,1.46369567e-08,-9.16026462e-05,1.65706627e-07,1.22856511e-08,6.35249888e-01,9.63969064e-02,2.02037809e-02,2.99160514e+00,1.20126289e-05,1.450e-15,2.220e-15
39.6600,96.487815,73.867205,-27.347772,44.256948,1.463721,-0.852923,1.802166,0.585531,-0.343144,1.72996481e-04,2.06639453e-07,1.46350914e-08,-1.01123825e-04,1.58490876e-07,1.22860757e-08,6.35248829e-01,9.64035949e-02,2.01836774e-02,2.99161623e+00,1.20132293e-05,7.811e-16,1.332e-15
39.6800,96.531298,73.899784,-27.387135,44.249754,1.463471,-0.853538,1.802085,0.610855,-0.369375,1.80474656e-04,2.11042426e-07,1.46348874e-08,-1.08870248e-04,1.53647256e-07,1.22872611e-08,6.35248014e-01,9.64103476e-02,2.01621709e-02,2.99162831e+00,1.20135962e-05,9.012e-16,1.332e-15
39.7000,96.574780,73.932382,-27.426497,44.242518,1.463223,-0.854153,1.802003,0.627325,-0.389205,1.85331764e-04,2.07496692e-07,1.46363518e-08,-1.14721983e-04,1.54008770e-07,1.22891513e-08,6.35247388e-01,9.64171498e-02,2.01396049e-02,2.99164116e+00,1.20137808e-05,1.492e-15,4.885e-15
39.7200,96.618261,73.964998,-27.465856,44.235241,1.462974,-0.854768,1.801921,0.634685,-0.402326,1.87494534e-04,1.98156054e-07,1.46393889e-08,-1.18589115e-04,1.59337287e-07,1.22916405e-08,6.35246890e-01,9.64239858e-02,2.01163410e-02,2.99165452e+00,1.20138455e-05,1.742e-15,1.665e-15
39.7400,96.661741,73.997633,-27.505213,44.227922,1.462726,-0.855384,1.801839,0.632813,-0.408531,1.86932301e-04,1.88570033e-07,1.46438709e-08,-1.20413134e-04,1.66486548e-07,1.22945927e-08,6.35246460e-01,9.64308397e-02,2.00927460e-02,2.99166813e+00,1.20138600e-05,8.648e-16,1.443e-15
39.7600,96.705218,74.030286,-27.544569,44.220561,1.462478,-0.855999,1.801757,0.621730,-0.407716,1.83657427e-04,1.84400339e-07,1.46496640e-08,-1.20167813e-04,1.71269999e-07,1.22979073e-08,6.35246037e-01,9.64376958e-02,2.00691823e-02,2.99168175e+00,1.20138969e-05,1.017e-15,1.110e-15
39.7800,96.748695,74.062959,-27.583923,44.213159,1.462229,-0.856615,1.801675,0.601616,-0.399893,1.77725057e-04,1.88097312e-07,1.46566844e-08,-1.17859584e-04,1.70924500e-07,1.23015399e-08,6.35245561e-01,9.64445388e-02,2.00460029e-02,2.99169513e+00,1.20140271e-05,9.090e-16,8.882e-16
39.8000,96.792170,74.095650,-27.623275,44.205714,1.461979,-0.857230,1.801594,0.572807,-0.385196,1.69232189e-04,1.97486851e-07,1.46649134e-08,-1.13527401e-04,1.65719899e-07,1.23054747e-08,6.35244975e-01,9.64513537e-02,2.00235511e-02,2.99170803e+00,1.20143154e-05,1.811e-15,2.665e-15
39.8200,96.835644,74.128361,-27.662624,44.198228,1.461727,-0.857846,1.801513,0.535787,-0.363876,1.58316095e-04,2.07081909e-07,1.46743200e-08,-1.07242079e-04,1.58776799e-07,1.23097081e-08,6.35244221e-01,9.64581258e-02,2.00021622e-02,2.99172022e+00,1.20148164e-05,9.177e-16,1.776e-15
39.8400,96.879116,74.161090,-27.701972,44.190700,1.461474,-0.858462,1.801433,0.491168,-0.336289,1.45152105e-04,2.11327487e-07,1.46848283e-08,-9.91051417e-05,1.54213109e-07,1.23141968e-08,6.35243244e-01,9.64648411e-02,1.99821619e-02,2.99173146e+00,1.20155710e-05,1.020e-15,1.332e-15
39.8600,96.922587,74.193839,-27.741318,44.183129,1.461220,-0.859079,1.801354,0.439671,-0.302888,1.29950790e-04,2.07859572e-07,1.46962857e-08,-8.92471791e-05,1.54719878e-07,1.23188268e-08,6.35241990e-01,9.64714858e-02,1.99638609e-02,2.99174153e+00,1.20166041e-05,1.506e-15,3.109e-15
39.8800,96.966056,74.226606,-27.780662,44.175517,1.460963,-0.859696,1.801276,0.382112,-0.264205,1.12954600e-04,1.98865807e-07,1.47084392e-08,-7.78257567e-05,1.59992842e-07,1.23234489e-08,6.35240411e-01,9.64780476e-02,1.99475448e-02,2.99175024e+00,1.20179230e-05,1.388e-15,1.776e-15
39.9000,97.009524,74.259393,-27.820004,44.167863,1.460704,-0.860313,1.801200,0.319387,-0.220848,9.44339914e-05,1.89764441e-07,1.47210123e-08,-6.50228974e-05,1.66933355e-07,1.23279040e-08,6.35238461e-01,9.64845156e-02,1.99334632e-02,2.99175740e+00,1.20195169e-05,2.144e-15,1.443e-15
39.9200,97.052990,74.292199,-27.859343,44.160166,1.460443,-0.860930,1.801124,0.252476,-0.173491,7.46831289e-05,1.85997971e-07,1.47337599e-08,-5.10421821e-05,1.71487205e-07,1.23320642e-08,6.35236105e-01,9.64908807e-02,1.99218225e-02,2.99176287e+00,1.20213574e-05,9.632e-16,1.776e-15
39.9400,97.096455,74.325024,-27.898681,44.152427,1.460179,-0.861548,1.801050,0.182432,-0.122878,5.40152094e-05,1.89837871e-07,1.47464869e-08,-3.61055140e-05,1.71029891e-07,1.23358742e-08,6.35233313e-01,9.64971360e-02,1.99127830e-02,2.99176654e+00,1.20234010e-05,8.400e-16,1.332e-15
39.9600,97.139918,74.357868,-27.938017,44.144646,1.459913,-0.862165,1.800978,0.110371,-0.069812,3.27574980e-05,1.99075270e-07,1.47590790e-08,-2.04495973e-05,1.65894772e-07,1.23393205e-08,6.35230064e-01,9.65032764e-02,1.99064625e-02,2.99176831e+00,1.20255913e-05,8.695e-16,1.665e-15
39.9800,97.183379,74.390731,-27.977351,44.136823,1.459643,-0.862784,1.800907,0.037451,-0.015143,1.12461471e-05,2.08350983e-07,1.47714465e-08,-4.32218590e-06,1.59154145e-07,1.23423981e-08,6.35226342e-01,9.65092985e-02,1.99029407e-02,2.99176814e+00,1.20278627e-05,8.119e-16,2.109e-15
40.0000,97.226839,74.423613,-28.016683,44.128958,1.459371,-0.863402,1.800837,-0.035160,0.040252,-1.01791164e-05,2.12323605e-07,1.47834572e-08,1.20218371e-05,1.54795158e-07,1.23450833e-08,6.35222139e-01,9.65152004e-02,1.99022617e-02,2.99176598e+00,1.20301445e-05,9.107e-16,1.998e-15
