t_s,q2_deg,q3_deg,base_euler_x_deg,base_euler_y_deg,base_euler_z_deg,base_dev_angle_deg,base_pos_x_m,base_pos_y_m,base_pos_z_m,tip_L_mm,tip_R_mm,eta_L1,eta_L2,eta_L3,eta_R1,eta_R2,eta_R3,W_joint_J,E_damp_J,abs_dP,abs_dL
0.0000,0.00000,0.00000,0.000000,0.000000,0.000000,0.000000,0.0000000,0.0000000,0.0000000,0.000000,0.000000,0.00000000e+00,0.00000000e+00,0.00000000e+00,0.00000000e+00,0.00000000e+00,0.00000000e+00,0.00000000e+00,0.00000000e+00,0.000e+00,0.000e+00
0.0200,0.00001,-0.00001,0.000000,0.000002,-0.000000,0.000002,-0.0000000,0.0000000,0.0000000,-0.000003,-0.000003,-1.17013473e-09,-6.27073614e-10,-2.95908363e-10,-1.16051987e-09,-6.23978650e-10,-2.94601716e-10,5.84423928e-11,5.84509036e-17,1.635e-21,1.948e-21
0.0400,0.00007,-0.00005,0.000000,0.000015,-0.000000,0.000015,-0.0000000,0.0000000,0.0000000,-0.000020,-0.000020,-9.28659578e-09,-4.53506957e-09,-1.12183831e-09,-9.21037510e-09,-4.51271378e-09,-1.11689493e-09,9.25800379e-10,1.26306580e-15,5.294e-21,7.828e-21
0.0600,0.00025,-0.00017,0.000000,0.000052,-0.000000,0.000052,-0.0000000,0.0000000,0.0000000,-0.000066,-0.000065,-3.10452489e-08,-1.29872432e-08,-1.30206833e-09,-3.07907760e-08,-1.29233247e-08,-1.29635787e-09,4.64015538e-09,7.22992649e-15,2.975e-20,2.627e-21
0.0800,0.00059,-0.00039,0.000000,0.000123,-0.000000,0.000123,-0.0000001,0.0000000,0.0000000,-0.000169,-0.000168,-7.27920653e-08,-2.45045490e-08,-1.69425361e-09,-7.21962137e-08,-2.43841869e-08,-1.68684383e-09,1.45185606e-08,2.36003160e-14,2.943e-20,1.323e-22
0.1000,0.00115,-0.00077,0.000000,0.000239,-0.000000,0.000239,-0.0000002,0.0000000,0.0000001,-0.000363,-0.000360,-1.40413583e-07,-3.57498523e-08,-2.44100842e-09,-1.39265876e-07,-3.55747292e-08,-2.43035300e-09,3.50905051e-08,5.75649763e-14,1.398e-20,1.865e-20
0.1200,0.00198,-0.00132,0.000000,0.000411,-0.000000,0.000411,-0.0000003,0.0000000,0.0000001,-0.000672,-0.000666,-2.39263405e-07,-4.35102515e-08,-2.54008712e-09,-2.37310643e-07,-4.32978892e-08,-2.52905132e-09,7.20315455e-08,1.21497010e-13,8.555e-20,4.128e-20
0.1400,0.00313,-0.00209,0.000001,0.000650,-0.000000,0.000650,-0.0000005,0.0000000,0.0000002,-0.001120,-0.001110,-3.74121057e-07,-4.66032593e-08,-3.03568765e-09,-3.71072085e-07,-4.63768418e-08,-3.02250820e-09,1.32099135e-07,2.36093793e-13,6.014e-20,7.054e-20
0.1600,0.00466,-0.00310,0.000001,0.000966,-0.000001,0.000966,-0.0000007,0.0000000,0.0000003,-0.001715,-0.001701,-5.49101554e-07,-4.65465090e-08,-3.68082166e-09,-5.44632826e-07,-4.63215285e-08,-3.66486834e-09,2.23071135e-07,4.27931756e-13,9.529e-20,2.028e-20
0.1800,0.00661,-0.00440,0.000002,0.001370,-0.000001,0.001370,-0.0000010,0.0000000,0.0000004,-0.002456,-0.002435,-7.67585528e-07,-4.66431199e-08,-3.74242526e-09,-7.61347320e-07,-4.64186843e-08,-3.72628264e-09,3.53683796e-07,7.26566706e-13,1.423e-19,3.753e-20
0.2000,0.00903,-0.00602,0.000002,0.001872,-0.000001,0.001872,-0.0000014,0.0000000,0.0000006,-0.003343,-0.003315,-1.03215951e-06,-5.00257613e-08,-4.31990919e-09,-1.02378271e-06,-4.97856408e-08,-4.30130648e-09,5.33575012e-07,1.16463800e-12,2.490e-19,1.747e-21
0.2200,0.01197,-0.00798,0.000003,0.002482,-0.000001,0.002482,-0.0000018,0.0000000,0.0000007,-0.004376,-0.004340,-1.34453059e-06,-5.77964115e-08,-4.83213225e-09,-1.33363446e-06,-5.75192711e-08,-4.81141400e-09,7.73227680e-07,1.77659389e-12,2.871e-19,1.102e-19
0.2400,0.01548,-0.01032,0.000004,0.003209,-0.000002,0.003209,-0.0000024,0.0000000,0.0000010,-0.005564,-0.005518,-1.70550628e-06,-6.83986208e-08,-4.88608686e-09,-1.69170622e-06,-6.80711531e-08,-4.86527630e-09,1.08390877e-06,2.59456776e-12,6.844e-19,4.182e-20
0.2600,0.01961,-0.01307,0.000005,0.004065,-0.000002,0.004065,-0.0000030,0.0000000,0.0000012,-0.006919,-0.006862,-2.11500267e-06,-7.85618340e-08,-5.51506159e-09,-2.09791790e-06,-7.81869912e-08,-5.49162503e-09,1.47761606e-06,3.64529190e-12,3.185e-19,1.122e-20
0.2800,0.02439,-0.01626,0.000006,0.005057,-0.000003,0.005057,-0.0000037,0.0000000,0.0000015,-0.008446,-0.008377,-2.57204786e-06,-8.52343586e-08,-5.89239510e-09,-2.55130886e-06,-8.48299489e-08,-5.86748674e-09,1.96702128e-06,4.95057264e-12,1.372e-19,5.595e-19
0.3000,0.02989,-0.01993,0.000007,0.006196,-0.000004,0.006196,-0.0000046,0.0000000,0.0000019,-0.010143,-0.010060,-3.07483846e-06,-8.73929064e-08,-5.98471218e-09,-3.05009367e-06,-8.69813084e-08,-5.95955837e-09,2.56541249e-06,6.52794449e-12,3.710e-19,9.339e-20
0.3200,0.03613,-0.02409,0.000009,0.007490,-0.000004,0.007490,-0.0000055,0.0000000,0.0000022,-0.011998,-0.011900,-3.62077796e-06,-8.66316627e-08,-6.64156619e-09,-3.59170000e-06,-8.62268934e-08,-6.61368530e-09,3.28665142e-06,8.38719909e-12,2.677e-19,2.262e-19
0.3400,0.04317,-0.02878,0.000010,0.008950,-0.000005,0.008950,-0.0000066,0.0000000,0.0000027,-0.013985,-0.013872,-4.20649072e-06,-8.61919777e-08,-6.89393952e-09,-4.17278264e-06,-8.57918728e-08,-6.86516246e-09,4.14512267e-06,1.05269472e-11,3.693e-19,3.445e-19
0.3600,0.05105,-0.03403,0.000012,0.010583,-0.000006,0.010583,-0.0000078,0.0000000,0.0000031,-0.016081,-0.015951,-4.82787694e-06,-8.90479743e-08,-7.04693030e-09,-4.78927795e-06,-8.86359285e-08,-7.01766199e-09,5.15568373e-06,1.29354514e-11,2.033e-19,2.471e-19
0.3800,0.05981,-0.03987,0.000014,0.012399,-0.000007,0.012399,-0.0000092,0.0000000,0.0000037,-0.018269,-0.018123,-5.48015336e-06,-9.61507296e-08,-7.68560193e-09,-5.43644426e-06,-9.57059914e-08,-7.65373404e-09,6.33362715e-06,1.55908916e-11,5.285e-19,1.137e-18
0.4000,0.06949,-0.04632,0.000016,0.014406,-0.000008,0.014406,-0.0000106,0.0000000,0.0000043,-0.020533,-0.020369,-6.15791299e-06,-1.05877636e-07,-7.82227369e-09,-6.10892114e-06,-1.05387999e-07,-7.79005367e-09,7.69462199e-06,1.84592840e-11,2.711e-19,4.847e-19
0.4200,0.08013,-0.05342,0.000019,0.016612,-0.000009,0.016612,-0.0000123,0.0000000,0.0000049,-0.022866,-0.022683,-6.85524669e-06,-1.15022993e-07,-8.04983493e-09,-6.80084968e-06,-1.14492201e-07,-8.01680342e-09,9.25466260e-06,2.14951107e-11,1.813e-18,1.355e-20
0.4400,0.09177,-0.06118,0.000022,0.019027,-0.000011,0.019027,-0.0000141,0.0000000,0.0000056,-0.025256,-0.025055,-7.56584895e-06,-1.20697571e-07,-8.64187084e-09,-7.50597714e-06,-1.20143228e-07,-8.60644892e-09,1.10300320e-05,2.46455493e-11,1.010e-18,1.309e-19
0.4600,0.10445,-0.06964,0.000025,0.021657,-0.000012,0.021657,-0.0000160,0.0000000,0.0000064,-0.027683,-0.027463,-8.28313469e-06,-1.22030098e-07,-8.70120902e-09,-8.21777267e-06,-1.21473346e-07,-8.66574033e-09,1.30372458e-05,2.78543743e-11,7.115e-19,2.384e-19
0.4800,0.11822,-0.07881,0.000028,0.024513,-0.000014,0.024513,-0.0000181,0.0000000,0.0000072,-0.030119,-0.029880,-9.00037179e-06,-1.20677346e-07,-9.01781726e-09,-8.92955850e-06,-1.20130428e-07,-8.98109703e-09,1.52930197e-05,3.10629068e-11,1.965e-18,9.224e-19
0.5000,0.13309,-0.08873,0.000031,0.027600,-0.000016,0.027600,-0.0000204,0.0000000,0.0000081,-0.032530,-0.032274,-9.71076171e-06,-1.19818848e-07,-9.53790703e-09,-9.63459001e-06,-1.19278073e-07,-9.49908416e-09,1.78142461e-05,3.42106852e-11,5.150e-19,1.690e-18
0.5200,0.14913,-0.09942,0.000035,0.030928,-0.000018,0.030928,-0.0000228,0.0000000,0.0000090,-0.034883,-0.034609,-1.04075293e-05,-1.22270401e-07,-9.54822953e-09,-1.03261449e-05,-1.21718578e-07,-9.50953131e-09,2.06179403e-05,3.72394021e-11,1.999e-18,2.503e-19
0.5400,0.16635,-0.11090,0.000039,0.034504,-0.000020,0.034504,-0.0000255,0.0000000,0.0000100,-0.037154,-0.036863,-1.10840288e-05,-1.28834412e-07,-9.93737346e-09,-1.09976283e-05,-1.28251185e-07,-9.89707203e-09,2.37212126e-05,4.00962926e-11,5.828e-19,4.032e-19
0.5600,0.18480,-0.12320,0.000043,0.038335,-0.000022,0.038335,-0.0000283,0.0000000,0.0000111,-0.039327,-0.039020,-1.17338271e-05,-1.37833767e-07,-1.03569104e-08,-1.16426557e-05,-1.37207781e-07,-1.03149232e-08,2.71412287e-05,4.27340832e-11,2.643e-19,1.101e-20
0.5800,0.20450,-0.13634,0.000048,0.042429,-0.000024,0.042429,-0.0000313,0.0000000,0.0000123,-0.041390,-0.041068,-1.23508273e-05,-1.46126953e-07,-1.03507487e-08,-1.22551747e-05,-1.45462520e-07,-1.03088898e-08,3.08951446e-05,4.51125757e-11,5.692e-19,7.428e-19
0.6000,0.22550,-0.15034,0.000052,0.046794,-0.000027,0.046794,-0.0000345,0.0000000,0.0000135,-0.043335,-0.042999,-1.29293986e-05,-1.50980564e-07,-1.08015003e-08,-1.28295945e-05,-1.50294923e-07,-1.07576916e-08,3.50000852e-05,4.72031108e-11,2.507e-18,9.961e-19
0.6200,0.24783,-0.16522,0.000057,0.051437,-0.000029,0.051437,-0.0000379,0.0000000,0.0000148,-0.045147,-0.044798,-1.34644671e-05,-1.51671145e-07,-1.11211115e-08,-1.33608751e-05,-1.50984112e-07,-1.10759671e-08,3.94731123e-05,4.89908210e-11,1.287e-18,2.262e-18
0.6400,0.27152,-0.18101,0.000063,0.056364,-0.000032,0.056364,-0.0000415,0.0000000,0.0000162,-0.046804,-0.046443,-1.39516150e-05,-1.49904304e-07,-1.11397602e-08,-1.38446265e-05,-1.49226403e-07,-1.10945140e-08,4.43311809e-05,5.04732654e-11,1.464e-18,4.197e-18
0.6600,0.29659,-0.19773,0.000068,0.061584,-0.000035,0.061584,-0.0000453,0.0000000,0.0000176,-0.048285,-0.047914,-1.43871433e-05,-1.48791835e-07,-1.16305097e-08,-1.42771707e-05,-1.48118006e-07,-1.15830464e-08,4.95911459e-05,5.16587598e-11,1.775e-18,1.995e-18
0.6800,0.32309,-0.21539,0.000074,0.067103,-0.000038,0.067103,-0.0000494,0.0000000,0.0000192,-0.049569,-0.049190,-1.47680939e-05,-1.50996183e-07,-1.18457740e-08,-1.46555635e-05,-1.50308826e-07,-1.17973494e-08,5.52697258e-05,5.25665520e-11,1.613e-18,2.236e-18
0.7000,0.35104,-0.23403,0.000081,0.072927,-0.000042,0.072927,-0.0000536,0.0000000,0.0000208,-0.050647,-0.050260,-1.50922942e-05,-1.57171792e-07,-1.19057434e-08,-1.49776397e-05,-1.56451154e-07,-1.18569402e-08,6.13834535e-05,5.32260322e-11,7.589e-19,1.160e-18
0.7200,0.38048,-0.25365,0.000087,0.079065,-0.000045,0.079065,-0.0000581,0.0000001,0.0000225,-0.051521,-0.051130,-1.53583857e-05,-1.65594064e-07,-1.23996510e-08,-1.52420412e-05,-1.64829819e-07,-1.23485490e-08,6.79486673e-05,5.36727746e-11,2.982e-19,1.668e-18
0.7400,0.41142,-0.27428,0.000094,0.085522,-0.000049,0.085522,-0.0000628,0.0000001,0.0000242,-0.052199,-0.051803,-1.55658446e-05,-1.73190255e-07,-1.25193423e-08,-1.54482377e-05,-1.72387446e-07,-1.24676049e-08,7.49814476e-05,5.39456829e-11,3.795e-19,2.846e-19
0.7600,0.44391,-0.29594,0.000102,0.092305,-0.000053,0.092305,-0.0000677,0.0000001,0.0000261,-0.052691,-0.052292,-1.57150290e-05,-1.77373523e-07,-1.26440515e-08,-1.55965732e-05,-1.76549263e-07,-1.25915300e-08,8.24975780e-05,5.40872411e-11,1.952e-18,2.135e-19
0.7800,0.47796,-0.31864,0.000109,0.099420,-0.000057,0.099420,-0.0000729,0.0000001,0.0000280,-0.053004,-0.052604,-1.58071822e-05,-1.77562149e-07,-1.31217922e-08,-1.56882696e-05,-1.76735229e-07,-1.30669412e-08,9.05125583e-05,5.41420524e-11,4.825e-18,1.550e-18
0.8000,0.51360,-0.34240,0.000117,0.106875,-0.000061,0.106875,-0.0000783,0.0000001,0.0000300,-0.053137,-0.052737,-1.58444084e-05,-1.75503420e-07,-1.31729750e-08,-1.57254028e-05,-1.74683029e-07,-1.31176661e-08,9.90415628e-05,5.41524060e-11,2.074e-18,5.031e-19
0.8200,0.55086,-0.36724,0.000126,0.114676,-0.000065,0.114676,-0.0000839,0.0000001,0.0000321,-0.053092,-0.052692,-1.58296438e-05,-1.74232657e-07,-1.33720658e-08,-1.57108744e-05,-1.73412843e-07,-1.33155357e-08,1.08099439e-04,5.41551587e-11,5.557e-19,1.625e-18
0.8400,0.58977,-0.39318,0.000135,0.122828,-0.000070,0.122828,-0.0000898,0.0000001,0.0000343,-0.052873,-0.052475,-1.57665751e-05,-1.76264776e-07,-1.38012591e-08,-1.56483311e-05,-1.75427986e-07,-1.37425476e-08,1.17700722e-04,5.41812974e-11,9.758e-19,1.709e-18
0.8600,0.63035,-0.42024,0.000144,0.131338,-0.000074,0.131338,-0.0000959,0.0000001,0.0000366,-0.052491,-0.052095,-1.56595616e-05,-1.82112793e-07,-1.37982898e-08,-1.55420876e-05,-1.81240294e-07,-1.37392786e-08,1.27859561e-04,5.42550257e-11,3.781e-18,2.482e-18
0.8800,0.67263,-0.44842,0.000153,0.140213,-0.000079,0.140213,-0.0001023,0.0000001,0.0000390,-0.051970,-0.051578,-1.55135756e-05,-1.90007883e-07,-1.40612632e-08,-1.53970681e-05,-1.89090761e-07,-1.40006861e-08,1.38589706e-04,5.43912166e-11,5.638e-18,9.436e-19
0.9000,0.71662,-0.47775,0.000163,0.149458,-0.000085,0.149458,-0.0001089,0.0000001,0.0000414,-0.051340,-0.050952,-1.53341200e-05,-1.96953215e-07,-1.44188493e-08,-1.52187241e-05,-1.95997543e-07,-1.43563547e-08,1.49904487e-04,5.45947664e-11,1.328e-18,1.355e-19
0.9200,0.76236,-0.50824,0.000174,0.159080,-0.000090,0.159080,-0.0001158,0.0000001,0.0000440,-0.050626,-0.050242,-1.51271638e-05,-2.00504066e-07,-1.43938802e-08,-1.50129708e-05,-1.99527149e-07,-1.43310906e-08,1.61816747e-04,5.48632343e-11,6.343e-18,7.386e-19
0.9400,0.80985,-0.53990,0.000184,0.169084,-0.000096,0.169084,-0.0001230,0.0000001,0.0000466,-0.049856,-0.049476,-1.48990733e-05,-2.00211256e-07,-1.47186362e-08,-1.47861191e-05,-1.99231218e-07,-1.46539356e-08,1.74338866e-04,5.51886345e-11,2.656e-18,1.154e-18
0.9600,0.85913,-0.57276,0.000196,0.179476,-0.000101,0.179476,-0.0001304,0.0000001,0.0000493,-0.049043,-0.048667,-1.46564971e-05,-1.97861585e-07,-1.49984600e-08,-1.45447611e-05,-1.96886651e-07,-1.49321255e-08,1.87482772e-04,5.55568750e-11,4.960e-18,4.162e-18
0.9800,0.91022,-0.60681,0.000207,0.190263,-0.000107,0.190263,-0.0001380,0.0000001,0.0000521,-0.048199,-0.047828,-1.44062556e-05,-1.96409226e-07,-1.49786207e-08,-1.42956612e-05,-1.95432943e-07,-1.49118984e-08,2.01259907e-04,5.59487342e-11,1.355e-18,1.894e-18
1.0000,0.96313,-0.64209,0.000220,0.201449,-0.000113,0.201449,-0.0001459,0.0000001,0.0000550,-0.047344,-0.046976,-1.41552167e-05,-1.98224710e-07,-1.53403804e-08,-1.40456326e-05,-1.97229925e-07,-1.52715661e-08,2.15681264e-04,5.63433912e-11,3.740e-18,1.999e-18
1.0200,1.01789,-0.67860,0.000232,0.213041,-0.000120,0.213041,-0.0001541,0.0000001,0.0000581,-0.046496,-0.046130,-1.39101550e-05,-2.03691862e-07,-1.55275760e-08,-1.38013983e-05,-2.02661094e-07,-1.54575285e-08,2.30757349e-04,5.67207861e-11,4.662e-18,4.862e-19
1.0400,1.07452,-0.71635,0.000245,0.225045,-0.000126,0.225045,-0.0001626,0.0000001,0.0000611,-0.045683,-0.045320,-1.36776537e-05,-2.11002408e-07,-1.55274973e-08,-1.35694933e-05,-2.09928313e-07,-1.54569494e-08,2.46498111e-04,5.70618574e-11,8.132e-19,4.710e-18
1.0600,1.13302,-0.75535,0.000259,0.237465,-0.000133,0.237465,-0.0001713,0.0000002,0.0000643,-0.044939,-0.044577,-1.34640118e-05,-2.17240055e-07,-1.59014121e-08,-1.33561728e-05,-2.16129811e-07,-1.58287220e-08,2.62912964e-04,5.73500750e-11,3.361e-18,3.713e-18
1.0800,1.19343,-0.79562,0.000273,0.250308,-0.000140,0.250308,-0.0001803,0.0000002,0.0000676,-0.044290,-0.043928,-1.32751524e-05,-2.20103729e-07,-1.60051703e-08,-1.31673208e-05,-2.18974839e-07,-1.59315912e-08,2.80010733e-04,5.75749902e-11,1.762e-18,4.350e-18
1.1000,1.25576,-0.83717,0.000287,0.263579,-0.000148,0.263579,-0.0001896,0.0000002,0.0000710,-0.043756,-0.043393,-1.31165579e-05,-2.19267607e-07,-1.60507644e-08,-1.30083855e-05,-2.18137574e-07,-1.59764426e-08,2.97799646e-04,5.77340190e-11,7.400e-18,1.548e-18
1.1200,1.32002,-0.88001,0.000302,0.277283,-0.000155,0.277283,-0.0001991,0.0000002,0.0000745,-0.043348,-0.042983,-1.29931804e-05,-2.16554889e-07,-1.64189993e-08,-1.28842909e-05,-2.15431007e-07,-1.63425598e-08,3.16287399e-04,5.78312734e-11,1.014e-17,4.892e-18
1.1400,1.38623,-0.92415,0.000318,0.291425,-0.000163,0.291426,-0.0002089,0.0000002,0.0000780,-0.043070,-0.042701,-1.29093427e-05,-2.14839917e-07,-1.64515896e-08,-1.27993379e-05,-2.13715238e-07,-1.63745614e-08,3.35481136e-04,5.78770659e-11,3.226e-18,1.664e-18
1.1600,1.45440,-0.96960,0.000334,0.306012,-0.000171,0.306012,-0.0002190,0.0000002,0.0000817,-0.042927,-0.042553,-1.28686648e-05,-2.16350241e-07,-1.65464606e-08,-1.27571317e-05,-2.15207982e-07,-1.64684746e-08,3.55387436e-04,5.78890394e-11,2.087e-18,3.212e-18
1.1800,1.52456,-1.01637,0.000350,0.321048,-0.000179,0.321048,-0.0002293,0.0000002,0.0000855,-0.042929,-0.042549,-1.28739830e-05,-2.21352096e-07,-1.68760184e-08,-1.27605013e-05,-2.20175886e-07,-1.67961267e-08,3.76012349e-04,5.78913366e-11,1.843e-18,2.565e-18
1.2000,1.59671,-1.06447,0.000368,0.336538,-0.000187,0.336539,-0.0002400,0.0000002,0.0000893,-0.043087,-0.042699,-1.29273012e-05,-2.28006763e-07,-1.68477971e-08,-1.28114511e-05,-2.26790572e-07,-1.67675896e-08,3.97361295e-04,5.79113949e-11,5.204e-18,1.779e-18
1.2200,1.67087,-1.11391,0.000385,0.352488,-0.000196,0.352488,-0.0002509,0.0000002,0.0000933,-0.043417,-0.043019,-1.30297858e-05,-2.33479238e-07,-1.69930034e-08,-1.29111552e-05,-2.32231049e-07,-1.69116201e-08,4.19439048e-04,5.79781046e-11,3.063e-18,2.782e-18
1.2400,1.74705,-1.16470,0.000403,0.368903,-0.000204,0.368903,-0.0002620,0.0000002,0.0000973,-0.043925,-0.043517,-1.31817564e-05,-2.35613752e-07,-1.72701566e-08,-1.30599479e-05,-2.34350927e-07,-1.71871079e-08,4.42249767e-04,5.81217447e-11,4.039e-18,4.662e-18
1.2600,1.82527,-1.21684,0.000422,0.385787,-0.000213,0.385787,-0.0002735,0.0000002,0.0001014,-0.044611,-0.044190,-1.33826987e-05,-2.34201786e-07,-1.72116633e-08,-1.32573362e-05,-2.32940887e-07,-1.71283943e-08,4.65796943e-04,5.83723772e-11,6.261e-18,1.213e-18
1.2800,1.90552,-1.27035,0.000441,0.403146,-0.000223,0.403146,-0.0002852,0.0000003,0.0001056,-0.045464,-0.045030,-1.36312856e-05,-2.31095433e-07,-1.74087657e-08,-1.35020202e-05,-2.29842553e-07,-1.73240768e-08,4.90083469e-04,5.87561999e-11,1.117e-17,6.878e-19
1.3000,1.98784,-1.32523,0.000461,0.420984,-0.000232,0.420985,-0.0002972,0.0000003,0.0001099,-0.046468,-0.046020,-1.39253745e-05,-2.29091867e-07,-1.76206714e-08,-1.37918904e-05,-2.27839283e-07,-1.75346067e-08,5.15111686e-04,5.92931906e-11,5.692e-19,1.887e-18
1.3200,2.07222,-1.38148,0.000482,0.439307,-0.000242,0.439308,-0.0003095,0.0000003,0.0001143,-0.047605,-0.047141,-1.42620297e-05,-2.30278216e-07,-1.75487326e-08,-1.41240500e-05,-2.29009217e-07,-1.74624830e-08,5.40883323e-04,5.99969720e-11,3.524e-18,1.104e-17
1.3400,2.15868,-1.43912,0.000503,0.458119,-0.000251,0.458120,-0.0003220,0.0000003,0.0001188,-0.048863,-0.048383,-1.46375636e-05,-2.34809419e-07,-1.77773374e-08,-1.44948551e-05,-2.33508393e-07,-1.76895387e-08,5.67399534e-04,6.08736931e-11,4.527e-18,1.001e-17
1.3600,2.24723,-1.49815,0.000524,0.477426,-0.000262,0.477426,-0.0003348,0.0000003,0.0001234,-0.050232,-0.049736,-1.50475844e-05,-2.40826419e-07,-1.79111621e-08,-1.48999618e-05,-2.39488230e-07,-1.78223285e-08,5.94660851e-04,6.19195901e-11,6.587e-18,3.361e-18
1.3800,2.33787,-1.55858,0.000546,0.497231,-0.000272,0.497231,-0.0003479,0.0000003,0.0001280,-0.051705,-0.051192,-1.54870893e-05,-2.45575086e-07,-1.78469172e-08,-1.53344188e-05,-2.44208100e-07,-1.77578145e-08,6.22667098e-04,6.31209439e-11,6.559e-18,5.760e-18
1.4000,2.43061,-1.62041,0.000569,0.517540,-0.000282,0.517540,-0.0003612,0.0000003,0.0001328,-0.053271,-0.052741,-1.59505685e-05,-2.47041344e-07,-1.80972190e-08,-1.57927691e-05,-2.45662388e-07,-1.80064381e-08,6.51417460e-04,6.44564413e-11,8.023e-18,1.491e-18
1.4200,2.52547,-1.68364,0.000593,0.538356,-0.000293,0.538357,-0.0003748,0.0000003,0.0001376,-0.054910,-0.054362,-1.64320969e-05,-2.45129743e-07,-1.81632495e-08,-1.62691421e-05,-2.43754102e-07,-1.80716690e-08,6.80910475e-04,6.58983888e-11,3.226e-18,4.150e-18
1.4400,2.62244,-1.74829,0.000617,0.559686,-0.000304,0.559686,-0.0003887,0.0000004,0.0001425,-0.056593,-0.056027,-1.69254430e-05,-2.41711674e-07,-1.81312254e-08,-1.67573602e-05,-2.40344006e-07,-1.80391490e-08,7.11144044e-04,6.74126508e-11,3.198e-18,1.935e-18
1.4600,2.72154,-1.81436,0.000641,0.581533,-0.000315,0.581533,-0.0004028,0.0000004,0.0001475,-0.058291,-0.057709,-1.74241543e-05,-2.39505584e-07,-1.83854809e-08,-1.72510246e-05,-2.38137198e-07,-1.82916673e-08,7.42115538e-04,6.89601631e-11,9.107e-18,4.811e-19
1.4800,2.82277,-1.88185,0.000666,0.603901,-0.000327,0.603902,-0.0004172,0.0000004,0.0001525,-0.059973,-0.059374,-1.79216361e-05,-2.40462798e-07,-1.83861435e-08,-1.77435923e-05,-2.39076878e-07,-1.82917560e-08,7.73821756e-04,7.05002955e-11,6.451e-18,6.814e-18
1.5000,2.92614,-1.95076,0.000692,0.626796,-0.000338,0.626797,-0.0004318,0.0000004,0.0001576,-0.061618,-0.061003,-1.84112560e-05,-2.44629316e-07,-1.83904159e-08,-1.82284813e-05,-2.43210842e-07,-1.82953044e-08,8.06258886e-04,7.19931344e-11,7.752e-18,2.212e-18
1.5200,3.03165,-2.02110,0.000719,0.650222,-0.000350,0.650223,-0.0004467,0.0000004,0.0001628,-0.063210,-0.062580,-1.88864464e-05,-2.50132217e-07,-1.86242794e-08,-1.86991705e-05,-2.48676757e-07,-1.85274765e-08,8.39422540e-04,7.34001783e-11,4.879e-18,1.660e-18
1.5400,3.13931,-2.09287,0.000746,0.674183,-0.000362,0.674183,-0.0004618,0.0000004,0.0001681,-0.064736,-0.064092,-1.93408183e-05,-2.54299351e-07,-1.85735146e-08,-1.91493142e-05,-2.52815482e-07,-1.84762675e-08,8.73307646e-04,7.46866108e-11,2.602e-18,6.776e-19
1.5600,3.24912,-2.16608,0.000774,0.698683,-0.000374,0.698684,-0.0004772,0.0000004,0.0001735,-0.066181,-0.065524,-1.97682944e-05,-2.55250146e-07,-1.86265484e-08,-1.95728727e-05,-2.53754080e-07,-1.85282560e-08,9.07908470e-04,7.58250715e-11,1.149e-17,4.296e-18
1.5800,3.36108,-2.24072,0.000802,0.723727,-0.000387,0.723727,-0.0004929,0.0000005,0.0001789,-0.067528,-0.066858,-2.01632112e-05,-2.52996380e-07,-1.88324491e-08,-1.99642149e-05,-2.51502123e-07,-1.87324988e-08,9.43218708e-04,7.67972310e-11,6.776e-18,4.174e-18
1.6000,3.47520,-2.31680,0.000831,0.749319,-0.000400,0.749319,-0.0005088,0.0000005,0.0001843,-0.068750,-0.068069,-2.05204093e-05,-2.49421066e-07,-1.87540069e-08,-2.03182068e-05,-2.47931946e-07,-1.86536079e-08,9.79231455e-04,7.75932432e-11,1.073e-17,5.248e-18
1.6200,3.59148,-2.39432,0.000861,0.775463,-0.000412,0.775463,-0.0005249,0.0000005,0.0001899,-0.069825,-0.069135,-2.08353123e-05,-2.47158198e-07,-1.88554724e-08,-2.06302912e-05,-2.45664751e-07,-1.87537192e-08,1.01593930e-03,7.82121301e-11,3.253e-19,2.311e-18
1.6400,3.70992,-2.47328,0.000892,0.802163,-0.000425,0.802164,-0.0005412,0.0000005,0.0001955,-0.070733,-0.070035,-2.11039722e-05,-2.48027907e-07,-1.90148819e-08,-2.08965327e-05,-2.46513402e-07,-1.89116066e-08,1.05333435e-03,7.86629358e-11,1.420e-17,4.140e-18
1.6600,3.83053,-2.55369,0.000923,0.829424,-0.000439,0.829425,-0.0005578,0.0000005,0.0002012,-0.071462,-0.070757,-2.13231233e-05,-2.51970820e-07,-1.89194781e-08,-2.11136716e-05,-2.50421036e-07,-1.88157275e-08,1.09140817e-03,7.89639761e-11,1.843e-18,7.068e-18
1.6800,3.95330,-2.63553,0.000955,0.857250,-0.000452,0.857250,-0.0005746,0.0000005,0.0002069,-0.072011,-0.071301,-2.14902414e-05,-2.57102291e-07,-1.90570538e-08,-2.12791827e-05,-2.55513703e-07,-1.89517159e-08,1.13015174e-03,7.91403073e-11,6.939e-18,5.191e-18
1.7000,4.07823,-2.71882,0.000987,0.885644,-0.000466,0.885644,-0.0005916,0.0000006,0.0002127,-0.072383,-0.071669,-2.16035866e-05,-2.60834493e-07,-1.91625081e-08,-2.13913184e-05,-2.59216092e-07,-1.90558033e-08,1.16955550e-03,7.92222936e-11,7.969e-18,3.530e-18
1.7200,4.20533,-2.80356,0.001020,0.914610,-0.000480,0.914611,-0.0006089,0.0000006,0.0002185,-0.072579,-0.071862,-2.16622545e-05,-2.61413087e-07,-1.90745612e-08,-2.14491593e-05,-2.59780744e-07,-1.89672249e-08,1.20960925e-03,7.92452401e-11,1.160e-17,1.105e-18
1.7400,4.33460,-2.88973,0.001054,0.944153,-0.000494,0.944154,-0.0006264,0.0000006,0.0002244,-0.072602,-0.071883,-2.16662051e-05,-2.58948315e-07,-1.92449316e-08,-2.14526435e-05,-2.57315112e-07,-1.91357773e-08,1.25030227e-03,7.92471323e-11,1.193e-18,4.296e-18
1.7600,4.46603,-2.97735,0.001089,0.974277,-0.000508,0.974278,-0.0006440,0.0000006,0.0002303,-0.072445,-0.071726,-2.16162527e-05,-2.55330455e-07,-1.92997136e-08,-2.14025571e-05,-2.53698795e-07,-1.91893287e-08,1.29162339e-03,7.92648479e-11,3.253e-19,2.900e-18
1.7800,4.59962,-3.06641,0.001124,1.004985,-0.000523,1.004986,-0.0006619,0.0000006,0.0002363,-0.072106,-0.071387,-2.15140465e-05,-2.53104205e-07,-1.92343763e-08,-2.13005153e-05,-2.51464311e-07,-1.91231697e-08,1.33356099e-03,7.93319723e-11,1.355e-17,9.859e-18
1.8000,4.73537,-3.15691,0.001161,1.036281,-0.000537,1.036281,-0.0006800,0.0000006,0.0002423,-0.071588,-0.070872,-2.13620266e-05,-2.53961403e-07,-1.94163295e-08,-2.11489190e-05,-2.52297079e-07,-1.93032219e-08,1.37610307e-03,7.94780905e-11,1.258e-17,2.711e-18
1.8200,4.87328,-3.24885,0.001198,1.068168,-0.000552,1.068169,-0.0006983,0.0000007,0.0002484,-0.070902,-0.070188,-2.11633641e-05,-2.57744796e-07,-1.94152147e-08,-2.09508967e-05,-2.56043003e-07,-1.93010793e-08,1.41923721e-03,7.97269440e-11,2.277e-18,1.124e-17
1.8400,5.01334,-3.34223,0.001235,1.100651,-0.000567,1.100652,-0.0007167,0.0000007,0.0002545,-0.070068,-0.069356,-2.09219207e-05,-2.62559970e-07,-1.93782026e-08,-2.07102635e-05,-2.60818447e-07,-1.92630693e-08,1.46295045e-03,8.00938383e-11,1.269e-17,1.084e-19
1.8600,5.15555,-3.43704,0.001274,1.133734,-0.000582,1.133735,-0.0007354,0.0000007,0.0002606,-0.069109,-0.068401,-2.06421953e-05,-2.65905135e-07,-1.95555891e-08,-2.04314696e-05,-2.64133608e-07,-1.94385573e-08,1.50722943e-03,8.05850729e-11,1.306e-17,1.328e-18
1.8800,5.29992,-3.53328,0.001313,1.167419,-0.000598,1.167420,-0.0007542,0.0000007,0.0002668,-0.068048,-0.067343,-2.03292637e-05,-2.66149364e-07,-1.95122145e-08,-2.01195396e-05,-2.64363683e-07,-1.93942882e-08,1.55206025e-03,8.11990470e-11,1.138e-17,5.021e-18
1.9000,5.44642,-3.63095,0.001353,1.201710,-0.000613,1.201711,-0.0007731,0.0000007,0.0002730,-0.066903,-0.066202,-1.99887162e-05,-2.63492543e-07,-1.95173352e-08,-1.97800114e-05,-2.61705231e-07,-1.93981815e-08,1.59742856e-03,8.19263088e-11,9.324e-18,7.223e-18
1.9200,5.59507,-3.73005,0.001394,1.236610,-0.000629,1.236611,-0.0007923,0.0000008,0.0002792,-0.065689,-0.064991,-1.96265606e-05,-2.59829151e-07,-1.96791086e-08,-1.94188400e-05,-2.58042058e-07,-1.95581275e-08,1.64331974e-03,8.27490338e-11,2.022e-17,5.231e-18
1.9400,5.74585,-3.83057,0.001435,1.272124,-0.000645,1.272125,-0.0008116,0.0000008,0.0002855,-0.064417,-0.063722,-1.92491092e-05,-2.57614544e-07,-1.96038289e-08,-1.90422860e-05,-2.55817932e-07,-1.94820801e-08,1.68971881e-03,8.36425455e-11,2.038e-17,8.768e-18
1.9600,5.89876,-3.93251,0.001478,1.308254,-0.000661,1.308255,-0.0008311,0.0000008,0.0002918,-0.063106,-0.062413,-1.88628694e-05,-2.58414642e-07,-1.96451405e-08,-1.86568069e-05,-2.56593151e-07,-1.95220278e-08,1.73661052e-03,8.45783015e-11,1.724e-17,6.512e-18
1.9800,6.05379,-4.03586,0.001521,1.345004,-0.000677,1.345005,-0.0008507,0.0000008,0.0002981,-0.061778,-0.061088,-1.84744204e-05,-2.61983741e-07,-1.97694166e-08,-1.82689350e-05,-2.60125713e-07,-1.96446967e-08,1.78397934e-03,8.55256868e-11,3.253e-18,3.700e-18
2.0000,6.21094,-4.14062,0.001565,1.382376,-0.000693,1.382377,-0.0008704,0.0000008,0.0003045,-0.060461,-0.059772,-1.80903100e-05,-2.66423261e-07,-1.96703336e-08,-1.78851752e-05,-2.64527811e-07,-1.95449689e-08,1.83180935e-03,8.64528571e-11,2.168e-18,1.971e-17
2.0200,6.37019,-4.24680,0.001610,1.420374,-0.000710,1.420375,-0.0008903,0.0000009,0.0003109,-0.059187,-0.058498,-1.77169697e-05,-2.69317957e-07,-1.97435759e-08,-1.75119202e-05,-2.67395608e-07,-1.96167476e-08,1.88008426e-03,8.73290543e-11,7.427e-18,8.301e-18
2.0400,6.53155,-4.35437,0.001656,1.459001,-0.000726,1.459002,-0.0009102,0.0000009,0.0003172,-0.057980,-0.057291,-1.73606195e-05,-2.69160274e-07,-1.98261971e-08,-1.71553559e-05,-2.67226876e-07,-1.96979896e-08,1.92878745e-03,8.81278138e-11,5.746e-18,9.575e-18
2.0600,6.69501,-4.46334,0.001702,1.498259,-0.000743,1.498260,-0.0009303,0.0000009,0.0003236,-0.056860,-0.056168,-1.70271817e-05,-2.66233985e-07,-1.97246467e-08,-1.68213762e-05,-2.64301532e-07,-1.95958187e-08,1.97790193e-03,8.88283573e-11,1.892e-17,8.328e-18
2.0800,6.86055,-4.57370,0.001750,1.538152,-0.000760,1.538153,-0.0009506,0.0000009,0.0003301,-0.055839,-0.055145,-1.67221890e-05,-2.62433823e-07,-1.98252726e-08,-1.65154906e-05,-2.60503636e-07,-1.96949220e-08,2.02741055e-03,8.94157262e-11,1.377e-17,1.562e-17
2.1000,7.02816,-4.68544,0.001798,1.578683,-0.000777,1.578684,-0.0009709,0.0000010,0.0003365,-0.054927,-0.054229,-1.64506739e-05,-2.60129190e-07,-1.98597316e-08,-1.62427155e-05,-2.58191541e-07,-1.97282857e-08,2.07729600e-03,8.98820710e-11,9.107e-18,5.699e-18
2.1200,7.19785,-4.79857,0.001848,1.619853,-0.000794,1.619854,-0.0009913,0.0000010,0.0003429,-0.054133,-0.053429,-1.62170789e-05,-2.60764131e-07,-1.97622453e-08,-1.60074840e-05,-2.58804411e-07,-1.96302207e-08,2.12754077e-03,9.02282798e-11,5.746e-18,1.336e-17
2.1400,7.36960,-4.91306,0.001898,1.661666,-0.000811,1.661667,-0.0010117,0.0000010,0.0003494,-0.053473,-0.052762,-1.60251774e-05,-2.64012330e-07,-1.98704275e-08,-1.58135674e-05,-2.62020080e-07,-1.97369505e-08,2.17812721e-03,9.04635561e-11,1.041e-17,7.921e-18
2.1600,7.54339,-5.02893,0.001949,1.704124,-0.000829,1.704125,-0.0010323,0.0000010,0.0003558,-0.052960,-0.052242,-1.58780088e-05,-2.67979432e-07,-1.98516314e-08,-1.56640105e-05,-2.65954868e-07,-1.97173725e-08,2.22903744e-03,9.06036122e-11,1.518e-17,1.076e-17
2.1800,7.71923,-5.14615,0.002001,1.747229,-0.000846,1.747230,-0.0010529,0.0000011,0.0003622,-0.052613,-0.051885,-1.57778518e-05,-2.70337003e-07,-1.97696291e-08,-1.55611041e-05,-2.68291135e-07,-1.96347749e-08,2.28025325e-03,9.06698417e-11,1.193e-18,1.063e-17
2.2000,7.89709,-5.26473,0.002053,1.790983,-0.000864,1.790985,-0.0010736,0.0000011,0.0003687,-0.052440,-0.051702,-1.57262030e-05,-2.69699349e-07,-1.98779373e-08,-1.55063636e-05,-2.67647704e-07,-1.97417094e-08,2.33175626e-03,9.06889389e-11,8.240e-18,9.961e-19
2.2200,8.07698,-5.38465,0.002107,1.835390,-0.000881,1.835391,-0.0010943,0.0000011,0.0003751,-0.052443,-0.051693,-1.57237580e-05,-2.66431072e-07,-1.98177453e-08,-1.55005094e-05,-2.64384802e-07,-1.96809647e-08,2.38352789e-03,9.06907630e-11,7.047e-18,8.193e-18
2.2400,8.25887,-5.50591,0.002162,1.880450,-0.000899,1.880452,-0.0011151,0.0000011,0.0003816,-0.052614,-0.051852,-1.57704066e-05,-2.62422081e-07,-1.97627458e-08,-1.55434621e-05,-2.60381699e-07,-1.96253008e-08,2.43554943e-03,9.07052713e-11,1.702e-17,1.965e-18
2.2600,8.44276,-5.62850,0.002217,1.926166,-0.000917,1.926168,-0.0011359,0.0000012,0.0003880,-0.052944,-0.052168,-1.58652193e-05,-2.59958117e-07,-1.98568658e-08,-1.56343282e-05,-2.57913608e-07,-1.97182014e-08,2.48780220e-03,9.07608962e-11,5.421e-18,7.427e-18
2.2800,8.62863,-5.75242,0.002274,1.972540,-0.000935,1.972541,-0.0011567,0.0000012,0.0003944,-0.053421,-0.052631,-1.60064440e-05,-2.60367109e-07,-1.97577327e-08,-1.57713971e-05,-2.58304279e-07,-1.96187488e-08,2.54026746e-03,9.08837088e-11,1.014e-17,6.017e-18
2.3000,8.81647,-5.87765,0.002331,2.019573,-0.000953,2.019575,-0.0011775,0.0000012,0.0004008,-0.054038,-0.053234,-1.61915348e-05,-2.63247148e-07,-1.97257562e-08,-1.59521685e-05,-2.61156361e-07,-1.95860760e-08,2.59292637e-03,9.10953106e-11,1.350e-17,1.396e-18
2.3200,9.00627,-6.00418,0.002390,2.067267,-0.000971,2.067269,-0.0011984,0.0000012,0.0004072,-0.054791,-0.053972,-1.64171908e-05,-2.66715012e-07,-1.97902199e-08,-1.61733910e-05,-2.64597162e-07,-1.96495312e-08,2.64576003e-03,9.14103484e-11,1.431e-17,1.227e-17
2.3400,9.19802,-6.13201,0.002449,2.115623,-0.000990,2.115625,-0.0012192,0.0000013,0.0004135,-0.055673,-0.054839,-1.66794232e-05,-2.68529824e-07,-1.96649063e-08,-1.64311277e-05,-2.66395991e-07,-1.95240380e-08,2.69874934e-03,9.18359303e-11,1.247e-17,3.178e-18
2.3600,9.39170,-6.26113,0.002509,2.164643,-0.001008,2.164645,-0.0012400,0.0000013,0.0004199,-0.056674,-0.055824,-1.69736418e-05,-2.67422634e-07,-1.96614628e-08,-1.67208419e-05,-2.65287656e-07,-1.95198045e-08,2.75187504e-03,9.23722130e-11,1.854e-17,1.409e-17
2.3800,9.58730,-6.39153,0.002570,2.214328,-0.001026,2.214330,-0.0012607,0.0000013,0.0004262,-0.057774,-0.056909,-1.72947317e-05,-2.63835106e-07,-1.96952367e-08,-1.70374726e-05,-2.61708980e-07,-1.95527420e-08,2.80511789e-03,9.30120209e-11,1.041e-17,4.669e-18
2.4000,9.78480,-6.52320,0.002632,2.264680,-0.001044,2.264682,-0.0012815,0.0000013,0.0004325,-0.058948,-0.058068,-1.76371354e-05,-2.59647275e-07,-1.95607504e-08,-1.73755157e-05,-2.57529466e-07,-1.94181199e-08,2.85845858e-03,9.37403618e-11,3.703e-17,1.409e-18
2.4200,9.98419,-6.65613,0.002695,2.315698,-0.001063,2.315700,-0.0013022,0.0000014,0.0004387,-0.060169,-0.059275,-1.79949340e-05,-2.57059732e-07,-1.95803119e-08,-1.77291049e-05,-2.54939741e-07,-1.94368315e-08,2.91187795e-03,9.45358542e-11,4.391e-18,2.101e-19
2.4400,10.18546,-6.79031,0.002759,2.367385,-0.001081,2.367386,-0.0013228,0.0000014,0.0004449,-0.061412,-0.060505,-1.83619211e-05,-2.57289633e-07,-1.95729592e-08,-1.80920846e-05,-2.55153479e-07,-1.94288677e-08,2.96535693e-03,9.53731012e-11,3.123e-17,2.056e-17
2.4600,10.38859,-6.92573,0.002824,2.419740,-0.001100,2.419742,-0.0013433,0.0000014,0.0004511,-0.062656,-0.061736,-1.87316993e-05,-2.59863191e-07,-1.94351395e-08,-1.84581054e-05,-2.57701868e-07,-1.92909371e-08,3.01887643e-03,9.62239955e-11,8.836e-18,1.285e-17
2.4800,10.59356,-7.06237,0.002890,2.472764,-0.001118,2.472766,-0.0013638,0.0000015,0.0004573,-0.063886,-0.062954,-1.90977885e-05,-2.62910982e-07,-1.94668743e-08,-1.88207324e-05,-2.60725878e-07,-1.93218027e-08,3.07241736e-03,9.70587094e-11,3.253e-18,3.544e-18
2.5000,10.80036,-7.20024,0.002957,2.526459,-0.001137,2.526461,-0.0013842,0.0000015,0.0004634,-0.065087,-0.064145,-1.94537375e-05,-2.64280263e-07,-1.94195502e-08,-1.91735544e-05,-2.62082371e-07,-1.92740479e-08,3.12596061e-03,9.78481708e-11,2.819e-17,1.432e-17
2.5200,11.00898,-7.33932,0.003025,2.580823,-0.001156,2.580825,-0.0014045,0.0000015,0.0004695,-0.066242,-0.065291,-1.97932472e-05,-2.62811823e-07,-1.92957565e-08,-1.95103079e-05,-2.60615227e-07,-1.91500549e-08,3.17948698e-03,9.85670144e-11,1.903e-17,7.833e-18
2.5400,11.21939,-7.47959,0.003094,2.635858,-0.001174,2.635860,-0.0014246,0.0000015,0.0004755,-0.067330,-0.066370,-2.01102805e-05,-2.59017490e-07,-1.93376832e-08,-1.98249846e-05,-2.56831056e-07,-1.91910760e-08,3.23297734e-03,9.91948952e-11,9.758e-18,1.577e-17
2.5600,11.43158,-7.62105,0.003164,2.691563,-0.001193,2.691565,-0.0014447,0.0000016,0.0004815,-0.068323,-0.067356,-2.03991493e-05,-2.54763118e-07,-1.92574613e-08,-2.01119195e-05,-2.52585363e-07,-1.91105596e-08,3.28641273e-03,9.97170117e-11,1.756e-17,1.872e-17
2.5800,11.64553,-7.76369,0.003235,2.747939,-0.001211,2.747941,-0.0014646,0.0000016,0.0004874,-0.069197,-0.068225,-2.06545999e-05,-2.52160785e-07,-1.91546749e-08,-2.03658753e-05,-2.49980890e-07,-1.90074770e-08,3.33977431e-03,1.00125667e-10,1.236e-17,4.039e-18
2.6000,11.86123,-7.90748,0.003307,2.804985,-0.001230,2.804987,-0.0014843,0.0000016,0.0004933,-0.069932,-0.068957,-2.08718795e-05,-2.52319866e-07,-1.91910877e-08,-2.05821092e-05,-2.50124238e-07,-1.90430472e-08,3.39304351e-03,1.00421806e-10,2.125e-17,1.626e-19
2.6200,12.07865,-8.05243,0.003380,2.862700,-0.001248,2.862702,-0.0015039,0.0000017,0.0004991,-0.070517,-0.069540,-2.10468017e-05,-2.54699173e-07,-1.90777270e-08,-2.07564382e-05,-2.52479610e-07,-1.89295459e-08,3.44620185e-03,1.00614690e-10,8.186e-18,1.086e-17
2.6400,12.29779,-8.19852,0.003453,2.921085,-0.001267,2.921087,-0.0015233,0.0000017,0.0005048,-0.070944,-0.069967,-2.11758232e-05,-2.57443354e-07,-1.89974860e-08,-2.08853155e-05,-2.55201926e-07,-1.88489166e-08,3.49923090e-03,1.00720654e-10,6.288e-18,1.258e-17
2.6600,12.51861,-8.34574,0.003528,2.980139,-0.001285,2.980141,-0.0015426,0.0000017,0.0005106,-0.071213,-0.070237,-2.12561083e-05,-2.58486956e-07,-1.90206933e-08,-2.09658952e-05,-2.56234783e-07,-1.88713649e-08,3.55211232e-03,1.00762667e-10,2.429e-17,1.110e-17
2.6800,12.74111,-8.49407,0.003604,3.039860,-0.001304,3.039862,-0.0015616,0.0000018,0.0005162,-0.071318,-0.070344,-2.12855867e-05,-2.56774887e-07,-1.88887783e-08,-2.09960899e-05,-2.54525572e-07,-1.87393776e-08,3.60482780e-03,1.00769788e-10,1.041e-17,4.391e-18
2.7000,12.96526,-8.64351,0.003681,3.100248,-0.001322,3.100251,-0.0015805,0.0000018,0.0005218,-0.071255,-0.070285,-2.12629980e-05,-2.52880532e-07,-1.88388037e-08,-2.09746156e-05,-2.50642164e-07,-1.86888916e-08,3.65735916e-03,1.00774873e-10,4.033e-17,2.912e-17
2.7200,13.19105,-8.79403,0.003759,3.161303,-0.001341,3.161305,-0.0015991,0.0000018,0.0005273,-0.071014,-0.070049,-2.11879020e-05,-2.48651782e-07,-1.88439320e-08,-2.09010024e-05,-2.46422324e-07,-1.86933827e-08,3.70968850e-03,1.00811758e-10,2.602e-17,5.963e-18
2.7400,13.41845,-8.94564,0.003838,3.223021,-0.001359,3.223024,-0.0016175,0.0000019,0.0005328,-0.070591,-0.069633,-2.10606721e-05,-2.46110619e-07,-1.87012598e-08,-2.07755889e-05,-2.43879350e-07,-1.85507117e-08,3.76179820e-03,1.00913713e-10,1.128e-17,1.938e-18
2.7600,13.64745,-9.09830,0.003918,3.285403,-0.001377,3.285406,-0.0016356,0.0000019,0.0005382,-0.069987,-0.069035,-2.08824789e-05,-2.46260308e-07,-1.86728701e-08,-2.05995063e-05,-2.44014424e-07,-1.85217844e-08,3.81367089e-03,1.01112247e-10,1.231e-17,1.191e-17
2.7800,13.87803,-9.25202,0.003999,3.348447,-0.001395,3.348450,-0.0016535,0.0000019,0.0005435,-0.069210,-0.068266,-2.06552576e-05,-2.48498041e-07,-1.86473209e-08,-2.03746468e-05,-2.46230487e-07,-1.84958136e-08,3.86528946e-03,1.01434749e-10,3.144e-17,3.159e-17
2.8000,14.11016,-9.40678,0.004080,3.412151,-0.001413,3.412153,-0.0016712,0.0000020,0.0005488,-0.068274,-0.067339,-2.03816824e-05,-2.50984256e-07,-1.85001167e-08,-2.01036388e-05,-2.48698106e-07,-1.83486804e-08,3.91663692e-03,1.01902000e-10,2.805e-17,5.475e-18
2.8200,14.34383,-9.56255,0.004163,3.476512,-0.001431,3.476515,-0.0016885,0.0000020,0.0005539,-0.067198,-0.066273,-2.00651379e-05,-2.51739074e-07,-1.84891561e-08,-1.97898185e-05,-2.49445887e-07,-1.83371865e-08,3.96769640e-03,1.02527233e-10,1.735e-17,6.519e-18
2.8400,14.57901,-9.71934,0.004247,3.541530,-0.001449,3.541533,-0.0017056,0.0000020,0.0005591,-0.066000,-0.065084,-1.97096710e-05,-2.49808464e-07,-1.84352505e-08,-1.94371828e-05,-2.47521673e-07,-1.82830596e-08,4.01845118e-03,1.03315892e-10,3.957e-18,1.178e-17
2.8600,14.81569,-9.87713,0.004332,3.607201,-0.001467,3.607204,-0.0017224,0.0000021,0.0005641,-0.064693,-0.063786,-1.93199356e-05,-2.45820503e-07,-1.82979877e-08,-1.90503346e-05,-2.43547761e-07,-1.81458885e-08,4.06888473e-03,1.04264577e-10,3.491e-17,2.439e-17
2.8800,15.05384,-10.03589,0.004419,3.673524,-0.001485,3.673527,-0.0017388,0.0000021,0.0005691,-0.063288,-0.062391,-1.89011124e-05,-2.41601628e-07,-1.82988894e-08,-1.86344039e-05,-2.39340681e-07,-1.81463239e-08,4.11898089e-03,1.05360432e-10,2.429e-17,9.283e-18
2.9000,15.29344,-10.19563,0.004506,3.740496,-0.001502,3.740499,-0.0017550,0.0000021,0.0005740,-0.061797,-0.060911,-1.84588076e-05,-2.39085570e-07,-1.82138106e-08,-1.81949477e-05,-2.36826091e-07,-1.80612824e-08,4.16872383e-03,1.06582483e-10,2.019e-17,8.321e-18
2.9200,15.53447,-10.35631,0.004594,3.808114,-0.001520,3.808117,-0.0017708,0.0000022,0.0005788,-0.060239,-0.059361,-1.79989535e-05,-2.39172549e-07,-1.80866588e-08,-1.77378512e-05,-2.36902760e-07,-1.79343033e-08,4.21809805e-03,1.07903623e-10,1.561e-17,3.998e-18
2.9400,15.77691,-10.51794,0.004683,3.876376,-0.001537,3.876379,-0.0017862,0.0000022,0.0005835,-0.058635,-0.057766,-1.75277052e-05,-2.41204359e-07,-1.80833029e-08,-1.72692258e-05,-2.38918506e-07,-1.79306659e-08,4.26708835e-03,1.09291702e-10,2.082e-17,2.706e-17
2.9600,16.02073,-10.68049,0.004773,3.945278,-0.001554,3.945281,-0.0018013,0.0000022,0.0005882,-0.057013,-0.056153,-1.70513420e-05,-2.43362143e-07,-1.79660953e-08,-1.67953111e-05,-2.41064370e-07,-1.78137740e-08,4.31567971e-03,1.10710663e-10,2.271e-17,1.869e-17
2.9800,16.26592,-10.84395,0.004864,4.014816,-0.001571,4.014820,-0.0018160,0.0000023,0.0005928,-0.055401,-0.054549,-1.65761840e-05,-2.43750648e-07,-1.78545361e-08,-1.63223915e-05,-2.41452985e-07,-1.77024515e-08,4.36385723e-03,1.12122908e-10,1.133e-17,1.826e-17
3.0000,16.51245,-11.00830,0.004957,4.084989,-0.001588,4.084992,-0.0018303,0.0000023,0.0005973,-0.053824,-0.052978,-1.61084996e-05,-2.41514864e-07,-1.78426173e-08,-1.58567050e-05,-2.39230580e-07,-1.76904496e-08,4.41160625e-03,1.13491915e-10,1.220e-17,4.120e-18
3.0200,16.76030,-11.17353,0.005050,4.155792,-0.001605,4.155795,-0.0018443,0.0000023,0.0006017,-0.052299,-0.051459,-1.56544089e-05,-2.37334280e-07,-1.77035419e-08,-1.54043463e-05,-2.35070586e-07,-1.75519218e-08,4.45891233e-03,1.14783663e-10,6.072e-18,1.526e-17
3.0400,17.00944,-11.33963,0.005144,4.227221,-0.001621,4.227225,-0.0018578,0.0000024,0.0006061,-0.050841,-0.050006,-1.52197842e-05,-2.33010943e-07,-1.76107658e-08,-1.49711687e-05,-2.30765350e-07,-1.74594611e-08,4.50576137e-03,1.15967838e-10,1.735e-18,1.487e-17
3.0600,17.25986,-11.50657,0.005240,4.299273,-0.001637,4.299276,-0.0018709,0.0000024,0.0006104,-0.049462,-0.048630,-1.48101402e-05,-2.30393794e-07,-1.75789676e-08,-1.45626741e-05,-2.28156286e-07,-1.74278627e-08,4.55213970e-03,1.17020150e-10,1.973e-17,2.877e-17
3.0800,17.51152,-11.67435,0.005336,4.371943,-0.001653,4.371946,-0.0018836,0.0000025,0.0006146,-0.048175,-0.047347,-1.44305320e-05,-2.30285643e-07,-1.74181698e-08,-1.41839118e-05,-2.28045313e-07,-1.72678782e-08,4.59803397e-03,1.17924308e-10,1.735e-17,1.881e-17
3.1000,17.76441,-11.84294,0.005434,4.445227,-0.001669,4.445230,-0.0018958,0.0000025,0.0006187,-0.047000,-0.046173,-1.40854728e-05,-2.31978700e-07,-1.73360426e-08,-1.38393963e-05,-2.29730855e-07,-1.71862091e-08,4.64343110e-03,1.18672209e-10,4.033e-17,2.725e-17
3.1200,18.01850,-12.01233,0.005532,4.519120,-0.001685,4.519124,-0.0019076,0.0000025,0.0006227,-0.045955,-0.045129,-1.37788621e-05,-2.33680917e-07,-1.72746921e-08,-1.35330353e-05,-2.31430463e-07,-1.71253768e-08,4.68831823e-03,1.19263489e-10,1.923e-17,4.933e-18
3.1400,18.27377,-12.18251,0.005632,4.593619,-0.001700,4.593623,-0.0019189,0.0000026,0.0006267,-0.045057,-0.044231,-1.35139371e-05,-2.33582209e-07,-1.71013094e-08,-1.32680806e-05,-2.31341304e-07,-1.69530072e-08,4.73268260e-03,1.19705605e-10,1.960e-17,1.071e-17
3.1600,18.53019,-12.35346,0.005732,4.668718,-0.001716,4.668722,-0.0019297,0.0000026,0.0006306,-0.044318,-0.043491,-1.32932362e-05,-2.30923737e-07,-1.70310510e-08,-1.30470913e-05,-2.28705146e-07,-1.68833197e-08,4.77651163e-03,1.20013478e-10,1.496e-17,2.087e-17
3.1800,18.78774,-12.52516,0.005834,4.744412,-0.001731,4.744416,-0.0019401,0.0000026,0.0006344,-0.043741,-0.042912,-1.31185587e-05,-2.26434454e-07,-1.69414291e-08,-1.28718937e-05,-2.24244611e-07,-1.67945019e-08,4.81979303e-03,1.20207732e-10,1.800e-17,4.045e-17
3.2000,19.04640,-12.69760,0.005936,4.820695,-0.001745,4.820699,-0.0019499,0.0000027,0.0006381,-0.043323,-0.042492,-1.29909345e-05,-2.21890000e-07,-1.67648734e-08,-1.27435497e-05,-2.19725852e-07,-1.66191159e-08,4.86251479e-03,1.20312656e-10,1.236e-17,4.337e-19
3.2200,19.30614,-12.87076,0.006040,4.897563,-0.001760,4.897568,-0.0019592,0.0000027,0.0006417,-0.043061,-0.042226,-1.29105973e-05,-2.19056657e-07,-1.66980181e-08,-1.26623299e-05,-2.16908158e-07,-1.65529969e-08,4.90466527e-03,1.20355157e-10,2.147e-17,1.674e-17
3.2400,19.56693,-13.04462,0.006144,4.975010,-0.001774,4.975015,-0.0019680,0.0000028,0.0006453,-0.042948,-0.042110,-1.28769646e-05,-2.18646449e-07,-1.65729990e-08,-1.26276940e-05,-2.16503171e-07,-1.64291038e-08,4.94623318e-03,1.20363621e-10,1.735e-18,1.979e-17
3.2600,19.82875,-13.21917,0.006250,5.053031,-0.001788,5.053035,-0.0019763,0.0000028,0.0006487,-0.042982,-0.042141,-1.28886474e-05,-2.19906954e-07,-1.63939883e-08,-1.26382984e-05,-2.17764843e-07,-1.62514134e-08,4.98720741e-03,1.20365502e-10,1.475e-17,1.670e-17
3.2800,20.09157,-13.39438,0.006356,5.131618,-0.001802,5.131622,-0.0019840,0.0000028,0.0006521,-0.043164,-0.042319,-1.29434780e-05,-2.21076982e-07,-1.63213721e-08,-1.26920240e-05,-2.18941260e-07,-1.61797136e-08,5.02757702e-03,1.20384993e-10,2.971e-17,6.221e-18
3.3000,20.35538,-13.57025,0.006464,5.210767,-0.001815,5.210771,-0.0019912,0.0000029,0.0006555,-0.043488,-0.042639,-1.30385540e-05,-2.20432496e-07,-1.61649127e-08,-1.27860191e-05,-2.18315017e-07,-1.60246315e-08,5.06733118e-03,1.20441977e-10,1.540e-17,2.925e-17
3.3200,20.62014,-13.74676,0.006572,5.290470,-0.001828,5.290474,-0.0019978,0.0000029,0.0006587,-0.043944,-0.043092,-1.31703016e-05,-2.17306273e-07,-1.59941232e-08,-1.29167613e-05,-2.15218921e-07,-1.58552208e-08,5.10645911e-03,1.20551265e-10,2.725e-17,3.877e-17
3.3400,20.88583,-13.92389,0.006682,5.370721,-0.001841,5.370726,-0.0020039,0.0000030,0.0006618,-0.044517,-0.043661,-1.33345364e-05,-2.12473107e-07,-1.59143354e-08,-1.30801174e-05,-2.10421220e-07,-1.57764997e-08,5.14495030e-03,1.20721269e-10,2.732e-17,1.491e-19
3.3600,21.15242,-14.10161,0.006792,5.451515,-0.001854,5.451519,-0.0020093,0.0000030,0.0006649,-0.045183,-0.044325,-1.35265230e-05,-2.07680302e-07,-1.57326888e-08,-1.32714028e-05,-2.05659998e-07,-1.55964330e-08,5.18279449e-03,1.20953305e-10,1.705e-17,1.545e-18
3.3800,21.41989,-14.27993,0.006904,5.532843,-0.001866,5.532847,-0.0020142,0.0000030,0.0006679,-0.045920,-0.045060,-1.37410445e-05,-2.04611405e-07,-1.55708464e-08,-1.34854496e-05,-2.02612372e-07,-1.54360304e-08,5.21998171e-03,1.21242470e-10,4.142e-17,1.321e-17
3.4000,21.68821,-14.45881,0.007016,5.614698,-0.001878,5.614703,-0.0020184,0.0000031,0.0006708,-0.046706,-0.045845,-1.39724715e-05,-2.03892267e-07,-1.54721818e-08,-1.37166756e-05,-2.01904326e-07,-1.53386341e-08,5.25650228e-03,1.21578906e-10,1.409e-17,2.191e-17
3.4200,21.95735,-14.63823,0.007129,5.697075,-0.001889,5.697080,-0.0020221,0.0000031,0.0006737,-0.047524,-0.046664,-1.42148485e-05,-2.04730210e-07,-1.52660991e-08,-1.39591691e-05,-2.02749722e-07,-1.51343143e-08,5.29234664e-03,1.21948344e-10,7.589e-18,1.713e-17
3.4400,22.22729,-14.81820,0.007244,5.779964,-0.001901,5.779969,-0.0020251,0.0000032,0.0006764,-0.048358,-0.047500,-1.44619985e-05,-2.05395827e-07,-1.51123703e-08,-1.42067932e-05,-2.03428134e-07,-1.49820636e-08,5.32750533e-03,1.22332983e-10,1.908e-17,1.355e-19
3.4600,22.49801,-14.99867,0.007359,5.863360,-0.001912,5.863365,-0.0020275,0.0000032,0.0006791,-0.049194,-0.048338,-1.47076307e-05,-2.04250159e-07,-1.49926261e-08,-1.44532925e-05,-2.02306662e-07,-1.48637502e-08,5.36196891e-03,1.22713579e-10,3.036e-17,3.238e-17
3.4800,22.76947,-15.17965,0.007475,5.947253,-0.001922,5.947258,-0.0020292,0.0000032,0.0006817,-0.050011,-0.049160,-1.49454530e-05,-2.00712424e-07,-1.47748338e-08,-1.46924046e-05,-1.98804068e-07,-1.46478018e-08,5.39572798e-03,1.23071528e-10,2.082e-17,1.732e-17
3.5000,23.04165,-15.36110,0.007592,6.031636,-0.001932,6.031642,-0.0020303,0.0000033,0.0006843,-0.050786,-0.049941,-1.51692793e-05,-1.95596751e-07,-1.46334309e-08,-1.49179670e-05,-1.93727801e-07,-1.45078761e-08,5.42877330e-03,1.23389995e-10,2.179e-17,3.049e-18
3.5200,23.31452,-15.54301,0.007710,6.116502,-0.001942,6.116507,-0.0020308,0.0000033,0.0006867,-0.051494,-0.050655,-1.53731188e-05,-1.90619422e-07,-1.44914388e-08,-1.51240064e-05,-1.88785260e-07,-1.43674744e-08,5.46109586e-03,1.23655196e-10,1.081e-17,8.782e-18
3.5400,23.58806,-15.72537,0.007828,6.201841,-0.001952,6.201847,-0.0020305,0.0000034,0.0006891,-0.052107,-0.051278,-1.55512620e-05,-1.87380347e-07,-1.42666887e-08,-1.53048241e-05,-1.85570532e-07,-1.41446427e-08,5.49268687e-03,1.23858500e-10,1.372e-17,8.457e-18
3.5600,23.86223,-15.90815,0.007948,6.287646,-0.001961,6.287652,-0.0020296,0.0000034,0.0006914,-0.052609,-0.051790,-1.56983621e-05,-1.86421190e-07,-1.41291932e-08,-1.54550779e-05,-1.84625944e-07,-1.40086821e-08,5.52353776e-03,1.23998067e-10,2.857e-17,4.201e-18
3.5800,24.13702,-16.09134,0.008068,6.373909,-0.001969,6.373914,-0.0020281,0.0000034,0.0006937,-0.052983,-0.052177,-1.58095131e-05,-1.86912792e-07,-1.39587875e-08,-1.55698595e-05,-1.85129044e-07,-1.38400527e-08,5.55364005e-03,1.24079058e-10,2.385e-18,1.667e-18
3.6000,24.41239,-16.27493,0.008190,6.460619,-0.001978,6.460625,-0.0020258,0.0000035,0.0006958,-0.053221,-0.052429,-1.58803358e-05,-1.87157275e-07,-1.37319966e-08,-1.56447810e-05,-1.85390667e-07,-1.36152216e-08,5.58298526e-03,1.24113398e-10,3.600e-17,2.561e-17
3.6200,24.68831,-16.45888,0.008312,6.547769,-0.001986,6.547775,-0.0020228,0.0000035,0.0006979,-0.053317,-0.052539,-1.59070594e-05,-1.85597807e-07,-1.35965614e-08,-1.56760560e-05,-1.83859511e-07,-1.34813661e-08,5.61156489e-03,1.24119916e-10,1.214e-17,4.569e-17
3.6400,24.96477,-16.64318,0.008435,6.635350,-0.001993,6.635355,-0.0020192,0.0000036,0.0006999,-0.053260,-0.052499,-1.58865880e-05,-1.81735097e-07,-1.34039166e-08,-1.56605665e-05,-1.80035395e-07,-1.32906308e-08,5.63937049e-03,1.24123809e-10,2.277e-17,1.227e-17
3.6600,25.24173,-16.82782,0.008559,6.723352,-0.002000,6.723358,-0.0020148,0.0000036,0.0007019,-0.053040,-0.052297,-1.58165556e-05,-1.76415656e-07,-1.31851378e-08,-1.55959181e-05,-1.74758092e-07,-1.30738112e-08,5.66639366e-03,1.24154792e-10,1.475e-17,1.862e-17
3.6800,25.51916,-17.01278,0.008683,6.811766,-0.002007,6.811772,-0.0020097,0.0000037,0.0007038,-0.052646,-0.051923,-1.56953559e-05,-1.71321219e-07,-1.30477877e-08,-1.54804708e-05,-1.69700816e-07,-1.29381269e-08,5.69262621e-03,1.24245242e-10,3.123e-17,1.193e-17
3.7000,25.79704,-17.19803,0.008809,6.900583,-0.002013,6.900589,-0.0020039,0.0000037,0.0007056,-0.052070,-0.051367,-1.55221530e-05,-1.67968289e-07,-1.28325157e-08,-1.53133499e-05,-1.66374858e-07,-1.27249317e-08,5.71806018e-03,1.24429145e-10,1.952e-18,1.655e-17
3.7200,26.07534,-17.38356,0.008935,6.989794,-0.002019,6.989800,-0.0019973,0.0000037,0.0007074,-0.051310,-0.050629,-1.52968863e-05,-1.66815958e-07,-1.26194309e-08,-1.50944523e-05,-1.65240479e-07,-1.25138588e-08,5.74268773e-03,1.24740632e-10,3.361e-17,2.385e-17
3.7400,26.35404,-17.56936,0.009062,7.079388,-0.002025,7.079394,-0.0019900,0.0000038,0.0007091,-0.050371,-0.049713,-1.50202650e-05,-1.67002045e-07,-1.24693921e-08,-1.48244416e-05,-1.65442333e-07,-1.23656426e-08,5.76650110e-03,1.25211509e-10,2.223e-18,2.828e-17
3.7600,26.63309,-17.75539,0.009190,7.169356,-0.002030,7.169362,-0.0019820,0.0000038,0.0007107,-0.049264,-0.048629,-1.46937604e-05,-1.66861388e-07,-1.22335034e-08,-1.45047403e-05,-1.65323675e-07,-1.21319897e-08,5.78949253e-03,1.25868912e-10,4.212e-17,1.087e-17
3.7800,26.91248,-17.94166,0.009319,7.259688,-0.002034,7.259694,-0.0019733,0.0000039,0.0007123,-0.048003,-0.047390,-1.43195948e-05,-1.64916141e-07,-1.20295731e-08,-1.41375202e-05,-1.63411664e-07,-1.19301069e-08,5.81165416e-03,1.26733844e-10,2.868e-17,9.704e-18
3.8000,27.19218,-18.12812,0.009448,7.350374,-0.002038,7.350380,-0.0019637,0.0000039,0.0007138,-0.046597,-0.046008,-1.39007114e-05,-1.60744559e-07,-1.18664098e-08,-1.37256733e-05,-1.59283234e-07,-1.17689186e-08,5.83297821e-03,1.27819832e-10,5.529e-17,1.649e-17
3.8200,27.47217,-18.31478,0.009578,7.441403,-0.002042,7.441410,-0.0019535,0.0000040,0.0007153,-0.045056,-0.044491,-1.34407290e-05,-1.55220749e-07,-1.16186649e-08,-1.32727659e-05,-1.53805702e-07,-1.15235398e-08,5.85345691e-03,1.29131228e-10,1.458e-17,3.474e-17
3.8400,27.75240,-18.50160,0.009709,7.532766,-0.002045,7.532773,-0.0019425,0.0000040,0.0007167,-0.043390,-0.042849,-1.29438778e-05,-1.49988927e-07,-1.14235997e-08,-1.27829774e-05,-1.48615116e-07,-1.13305970e-08,5.87308269e-03,1.30662428e-10,1.973e-17,1.423e-18
3.8600,28.03286,-18.68857,0.009840,7.624451,-0.002048,7.624458,-0.0019307,0.0000040,0.0007181,-0.041608,-0.041091,-1.24149167e-05,-1.46484325e-07,-1.12395795e-08,-1.22610170e-05,-1.45142051e-07,-1.11487783e-08,5.89184822e-03,1.32398660e-10,1.361e-17,2.285e-17
3.8800,28.31351,-18.87567,0.009972,7.716449,-0.002050,7.716456,-0.0019181,0.0000041,0.0007194,-0.039729,-0.039235,-1.18590464e-05,-1.45087098e-07,-1.09788942e-08,-1.17120388e-05,-1.43768267e-07,-1.08906323e-08,5.90974626e-03,1.34316984e-10,5.529e-17,1.934e-17
3.9000,28.59434,-19.06289,0.010105,7.808749,-0.002052,7.808756,-0.0019048,0.0000041,0.0007207,-0.037773,-0.037302,-1.12818238e-05,-1.44906028e-07,-1.07844986e-08,-1.11415566e-05,-1.43609425e-07,-1.06984956e-08,5.92676965e-03,1.36386758e-10,2.060e-17,5.033e-17
3.9200,28.87530,-19.25020,0.010239,7.901339,-0.002053,7.901346,-0.0018907,0.0000042,0.0007219,-0.035766,-0.035317,-1.06890753e-05,-1.44311892e-07,-1.05747640e-08,-1.05553576e-05,-1.43044361e-07,-1.04912038e-08,5.94291120e-03,1.38570654e-10,2.580e-17,1.301e-17
3.9400,29.15638,-19.43758,0.010373,7.994210,-0.002054,7.994217,-0.0018759,0.0000042,0.0007231,-0.033732,-0.033305,-1.00868148e-05,-1.41904575e-07,-1.03077261e-08,-9.95942121e-06,-1.40677400e-07,-1.02268348e-08,5.95816366e-03,1.40826602e-10,2.667e-17,3.944e-18
3.9600,29.43754,-19.62502,0.010508,8.087349,-0.002054,8.087356,-0.0018603,0.0000043,0.0007242,-0.031695,-0.031288,-9.48115654e-06,-1.37336832e-07,-1.01140512e-08,-9.35983211e-06,-1.36159531e-07,-1.00355440e-08,5.97251979e-03,1.43109726e-10,2.125e-17,2.139e-17
3.9800,29.71875,-19.81250,0.010643,8.180746,-0.002054,8.180753,-0.0018438,0.0000043,0.0007253,-0.029671,-0.029283,-8.87821584e-06,-1.31508256e-07,-9.88098369e-09,-8.76268156e-06,-1.30383485e-07,-9.80514412e-09,5.98597248e-03,1.45373880e-10,9.541e-18,1.285e-17
4.0000,30.00000,-20.00000,0.010779,8.274390,-0.002054,8.274397,-0.0018267,0.0000043,0.0007264,-0.027675,-0.027306,-8.28400621e-06,-1.26024412e-07,-9.61159962e-09,-8.17396519e-06,-1.24946974e-07,-9.53855945e-09,5.99851474e-03,1.47573669e-10,3.881e-17,4.147e-18
4.0200,30.28125,-20.18750,0.010916,8.368269,-0.002053,8.368276,-0.0018087,0.0000044,0.0007274,-0.025723,-0.025371,-7.70433151e-06,-1.22242326e-07,-9.40981185e-09,-7.59947547e-06,-1.21202861e-07,-9.33934502e-09,6.01013984e-03,1.49667320e-10,1.247e-17,2.849e-17
4.0400,30.56246,-20.37498,0.011053,8.462372,-0.002051,8.462379,-0.0017900,0.0000044,0.0007284,-0.023832,-0.023496,-7.14468103e-06,-1.20469184e-07,-9.14797236e-09,-7.04469708e-06,-1.19460289e-07,-9.08043128e-09,6.02084119e-03,1.51619012e-10,1.561e-17,2.534e-18
4.0600,30.84362,-20.56242,0.011191,8.556687,-0.002049,8.556695,-0.0017704,0.0000045,0.0007294,-0.022022,-0.021702,-6.61014207e-06,-1.19789568e-07,-8.87379690e-09,-6.51471945e-06,-1.18810700e-07,-8.80919376e-09,6.03061221e-03,1.53399845e-10,3.253e-18,9.256e-18
4.0800,31.12470,-20.74980,0.011329,8.651203,-0.002046,8.651211,-0.0017501,0.0000045,0.0007303,-0.020315,-0.020009,-6.10532361e-06,-1.18613940e-07,-8.65689186e-09,-6.01416024e-06,-1.17672194e-07,-8.59505238e-09,6.03944637e-03,1.54988524e-10,3.014e-17,3.070e-17
4.1000,31.40566,-20.93711,0.011468,8.745908,-0.002043,8.745916,-0.0017291,0.0000046,0.0007312,-0.018728,-0.018435,-5.63429186e-06,-1.15620487e-07,-8.37056000e-09,-5.54710049e-06,-1.14726819e-07,-8.31183754e-09,6.04733708e-03,1.56372187e-10,1.800e-17,1.137e-17
4.1200,31.68649,-21.12433,0.011607,8.840790,-0.002040,8.840798,-0.0017072,0.0000046,0.0007321,-0.017274,-0.016994,-5.20051696e-06,-1.10533714e-07,-8.09731742e-09,-5.11703096e-06,-1.09696878e-07,-8.04160901e-09,6.05427776e-03,1.57546428e-10,4.337e-18,2.528e-17
4.1400,31.96714,-21.31143,0.011747,8.935838,-0.002036,8.935846,-0.0016846,0.0000047,0.0007330,-0.015961,-0.015692,-4.80681762e-06,-1.04277285e-07,-7.86407115e-09,-4.72679636e-06,-1.03499101e-07,-7.81129273e-09,6.06026199e-03,1.58514401e-10,3.448e-17,8.565e-18
4.1600,32.24760,-21.49840,0.011887,9.031039,-0.002031,9.031048,-0.0016612,0.0000047,0.0007338,-0.014789,-0.014531,-4.45530957e-06,-9.84184090e-08,-7.55689821e-09,-4.37854351e-06,-9.76931647e-08,-7.50739703e-09,6.06528353e-03,1.59286059e-10,1.821e-17,3.499e-17
4.1800,32.52783,-21.68522,0.012028,9.126382,-0.002026,9.126390,-0.0016370,0.0000047,0.0007346,-0.013758,-0.013511,-4.14736399e-06,-9.42385826e-08,-7.28114933e-09,-4.07367929e-06,-9.35568689e-08,-7.23475307e-09,6.06933637e-03,1.59877797e-10,5.443e-17,1.779e-17
4.2000,32.80782,-21.87188,0.012169,9.221854,-0.002020,9.221863,-0.0016120,0.0000048,0.0007355,-0.012871,-0.012634,-3.88357550e-06,-9.19780642e-08,-7.02240010e-09,-3.81283806e-06,-9.13327492e-08,-6.97912359e-09,6.07241469e-03,1.60311474e-10,6.917e-17,2.456e-17
4.2200,33.08752,-22.05834,0.012310,9.317443,-0.002014,9.317452,-0.0015863,0.0000048,0.0007363,-0.012130,-0.011902,-3.66375234e-06,-9.07022732e-08,-6.69421976e-09,-3.59587106e-06,-9.00930378e-08,-6.65434625e-09,6.07451274e-03,1.60612303e-10,1.843e-17,3.666e-17
4.2400,33.36691,-22.24461,0.012452,9.413138,-0.002008,9.413146,-0.0015598,0.0000049,0.0007370,-0.011536,-0.011317,-3.48692870e-06,-8.88636997e-08,-6.41375726e-09,-3.42185772e-06,-8.82974484e-08,-6.37703970e-09,6.07562478e-03,1.60806779e-10,3.361e-17,2.683e-17
4.2600,33.64596,-22.43064,0.012594,9.508925,-0.002000,9.508934,-0.0015325,0.0000049,0.0007378,-0.011088,-0.010879,-3.35138940e-06,-8.52190436e-08,-6.12995160e-09,-3.28912940e-06,-8.47059941e-08,-6.09647346e-09,6.07574511e-03,1.60921247e-10,1.236e-17,1.338e-17
4.2800,33.92466,-22.61644,0.012737,9.604792,-0.001993,9.604801,-0.0015045,0.0000050,0.0007386,-0.010778,-0.010578,-3.25470792e-06,-7.95614861e-08,-5.79016484e-09,-3.19530645e-06,-7.91092761e-08,-5.76011609e-09,6.07486808e-03,1.60980283e-10,4.684e-17,1.370e-17
4.3000,34.20296,-22.80197,0.012880,9.700728,-0.001985,9.700737,-0.0014757,0.0000050,0.0007394,-0.010594,-0.010404,-3.19378884e-06,-7.28356949e-08,-5.50672121e-09,-3.13733983e-06,-7.24450249e-08,-5.47983502e-09,6.07298821e-03,1.61004885e-10,5.725e-17,3.090e-18
4.3200,34.48084,-22.98722,0.013023,9.796719,-0.001976,9.796728,-0.0014462,0.0000051,0.0007401,-0.010516,-0.010336,-3.16490969e-06,-6.65704173e-08,-5.19782791e-09,-3.11155235e-06,-6.62348141e-08,-5.17427435e-09,6.07010032e-03,1.61011617e-10,3.404e-17,2.937e-17
4.3400,34.75827,-23.17218,0.013167,9.892753,-0.001967,9.892763,-0.0014159,0.0000051,0.0007409,-0.010527,-0.010358,-3.16377330e-06,-6.19732235e-08,-4.84800725e-09,-3.11369016e-06,-6.16830152e-08,-4.82789118e-09,6.06619946e-03,1.61012827e-10,1.409e-17,1.586e-18
4.3600,35.03523,-23.35682,0.013310,9.988818,-0.001957,9.988828,-0.0013849,0.0000051,0.0007416,-0.010609,-0.010452,-3.18556997e-06,-5.92213138e-08,-4.55413317e-09,-3.13898436e-06,-5.89694338e-08,-4.53720241e-09,6.06128094e-03,1.61016862e-10,2.331e-17,1.504e-18
4.3800,35.31169,-23.54112,0.013454,10.084901,-0.001947,10.084911,-0.0013532,0.0000052,0.0007424,-0.010748,-0.010603,-3.22505272e-06,-5.73649175e-08,-4.21751429e-09,-3.18222533e-06,-5.71510838e-08,-4.20398087e-09,6.05534022e-03,1.61027901e-10,2.515e-17,1.214e-17
4.4000,35.58761,-23.72508,0.013599,10.180990,-0.001937,10.180999,-0.0013207,0.0000052,0.0007431,-0.010930,-0.010799,-3.27663120e-06,-5.48989650e-08,-3.86129749e-09,-3.23785581e-06,-5.47297535e-08,-3.85114565e-09,6.04837284e-03,1.61046286e-10,2.884e-17,8.037e-18
4.4200,35.86298,-23.90866,0.013743,10.277071,-0.001926,10.277081,-0.0012875,0.0000053,0.0007439,-0.011139,-0.011023,-3.33447211e-06,-5.06566461e-08,-3.55733741e-09,-3.30007056e-06,-5.05414642e-08,-3.55033717e-09,6.04037444e-03,1.61069692e-10,8.890e-18,1.954e-17
4.4400,36.13777,-24.09185,0.013888,10.373133,-0.001914,10.373143,-0.0012536,0.0000053,0.0007447,-0.011356,-0.011255,-3.39260007e-06,-4.44958460e-08,-3.20054104e-09,-3.36291662e-06,-4.44412305e-08,-3.19692024e-09,6.03134082e-03,1.61094226e-10,3.925e-17,1.937e-17
4.4600,36.41194,-24.27463,0.014032,10.469162,-0.001902,10.469172,-0.0012189,0.0000054,0.0007455,-0.011556,-0.011473,-3.44499740e-06,-3.73772737e-08,-2.84495469e-09,-3.42039274e-06,-3.73829038e-08,-2.84460874e-09,6.02126803e-03,1.61115265e-10,3.383e-17,2.106e-17
4.4800,36.68548,-24.45699,0.014177,10.565147,-0.001889,10.565157,-0.0011836,0.0000054,0.0007462,-0.011715,-0.011650,-3.48569368e-06,-3.07893992e-08,-2.52890928e-09,-3.46653876e-06,-3.08481945e-08,-2.53168629e-09,6.01015253e-03,1.61128982e-10,2.255e-17,7.684e-18
4.5000,36.95835,-24.63890,0.014322,10.661073,-0.001876,10.661083,-0.0011475,0.0000054,0.0007470,-0.011809,-0.011764,-3.50885134e-06,-2.58665896e-08,-2.15285690e-09,-3.49552114e-06,-2.59688010e-08,-2.15899517e-09,5.99799112e-03,1.61134494e-10,2.678e-17,3.247e-17
4.5200,37.23053,-24.82035,0.014467,10.756930,-0.001863,10.756940,-0.0011108,0.0000055,0.0007479,-0.011818,-0.011794,-3.50885445e-06,-2.27247333e-08,-1.79537941e-09,-3.50172168e-06,-2.28635610e-08,-1.80470389e-09,5.98478093e-03,1.61135366e-10,4.228e-17,3.253e-18
4.5400,37.50199,-25.00133,0.014612,10.852703,-0.001849,10.852713,-0.0010734,0.0000055,0.0007487,-0.011729,-0.011726,-3.48039707e-06,-2.04012512e-08,-1.46175021e-09,-3.47982582e-06,-2.05766621e-08,-1.47417925e-09,5.97051938e-03,1.61140137e-10,5.638e-18,9.162e-18
4.5600,37.77271,-25.18180,0.014757,10.948381,-0.001834,10.948391,-0.0010353,0.0000056,0.0007495,-0.011528,-0.011549,-3.41857530e-06,-1.74329700e-08,-1.07076464e-09,-3.42491464e-06,-1.76514574e-08,-1.08649078e-09,5.95520408e-03,1.61162645e-10,6.093e-17,1.470e-17
4.5800,38.04265,-25.36177,0.014903,11.043951,-0.001819,11.043961,-0.0009966,0.0000056,0.0007504,-0.011205,-0.011250,-3.31897803e-06,-1.27257639e-08,-7.15329940e-10,-3.33255572e-06,-1.29962238e-08,-7.34113555e-10,5.93883285e-03,1.61222332e-10,2.624e-17,1.649e-17
4.6000,38.31179,-25.54119,0.015048,11.139399,-0.001804,11.139410,-0.0009572,0.0000057,0.0007512,-0.010748,-0.010818,-3.17776327e-06,-6.19743217e-09,-3.67517862e-10,-3.19887974e-06,-6.52565515e-09,-3.89354630e-10,5.92140386e-03,1.61343805e-10,7.568e-17,5.353e-18
4.6200,38.58011,-25.72007,0.015193,11.234715,-0.001788,11.234725,-0.0009171,0.0000057,0.0007521,-0.010141,-0.010238,-2.99172106e-06,1.18034352e-09,3.01688578e-11,-3.02064391e-06,7.95295881e-10,5.12915490e-12,5.90291563e-03,1.61555643e-10,1.930e-17,2.418e-17
4.6400,38.84758,-25.89839,0.015338,11.329884,-0.001772,11.329895,-0.0008764,0.0000057,0.0007531,-0.009372,-0.009496,-2.75831964e-06,7.96230982e-09,3.83756460e-10,-2.79527887e-06,7.52770221e-09,3.55757190e-10,5.88336721e-03,1.61889451e-10,2.168e-17,1.877e-17
4.6600,39.11417,-26.07611,0.015483,11.424894,-0.001755,11.424905,-0.0008351,0.0000058,0.0007540,-0.008431,-0.008582,-2.47573436e-06,1.30865158e-08,7.49259278e-10,-2.52091826e-06,1.26117692e-08,7.18212821e-10,5.86275817e-03,1.62379250e-10,3.144e-17,1.816e-17
4.6800,39.37986,-26.25324,0.015628,11.519734,-0.001738,11.519745,-0.0007932,0.0000058,0.0007549,-0.007313,-0.007493,-2.14287114e-06,1.64967498e-08,1.15383801e-09,-2.19642306e-06,1.59880206e-08,1.11965374e-09,5.84108853e-03,1.63060086e-10,1.735e-17,3.929e-17
4.7000,39.64462,-26.42975,0.015773,11.614390,-0.001721,11.614401,-0.0007507,0.0000059,0.0007559,-0.006021,-0.006230,-1.75938442e-06,1.91667268e-08,1.51052881e-09,-1.82140009e-06,1.86234556e-08,1.47344724e-09,5.81835874e-03,1.63965748e-10,2.580e-17,5.096e-18
4.7200,39.90843,-26.60562,0.015918,11.708850,-0.001703,11.708861,-0.0007075,0.0000059,0.0007569,-0.004562,-0.004799,-1.32568755e-06,2.25176352e-08,1.89347545e-09,-1.39621315e-06,2.19330885e-08,1.85336123e-09,5.79456962e-03,1.65126600e-10,3.448e-17,1.499e-17
4.7400,40.17125,-26.78083,0.016062,11.803101,-0.001684,11.803113,-0.0006638,0.0000060,0.0007580,-0.002942,-0.003208,-8.42957431e-07,2.75745441e-08,2.29831666e-09,-9.21988270e-07,2.69400087e-08,2.25516298e-09,5.76972234e-03,1.66567729e-10,2.819e-17,7.373e-18
4.7600,40.43307,-26.95538,0.016207,11.897132,-0.001665,11.897144,-0.0006195,0.0000060,0.0007591,-0.001168,-0.001463,-3.13122481e-07,3.43640879e-08,2.65610214e-09,-4.00602568e-07,3.36741872e-08,2.61011683e-09,5.74381855e-03,1.68306953e-10,8.674e-18,1.354e-17
4.7800,40.69386,-27.12924,0.016351,11.990930,-0.001646,11.990941,-0.0005747,0.0000060,0.0007602,0.000753,0.000431,2.61169654e-07,4.19072391e-08,3.05210514e-09,1.65347139e-07,4.11632055e-08,3.00310285e-09,5.71686044e-03,1.70352961e-10,3.469e-17,1.975e-17
4.8000,40.95360,-27.30240,0.016495,12.084482,-0.001626,12.084494,-0.0005293,0.0000061,0.0007613,0.002817,0.002467,8.76599271e-07,4.88039048e-08,3.45474281e-09,7.72590509e-07,4.80128942e-08,3.40276963e-09,5.68885088e-03,1.72704470e-10,2.711e-17,3.090e-18
4.8200,41.21226,-27.47484,0.016639,12.177777,-0.001606,12.177789,-0.0004834,0.0000061,0.0007625,0.005011,0.004635,1.52923775e-06,5.40629042e-08,3.81968610e-09,1.41724585e-06,5.32337807e-08,3.76488012e-09,5.65979337e-03,1.75350469e-10,7.589e-18,1.084e-17
4.8400,41.46981,-27.64654,0.016783,12.270803,-0.001586,12.270814,-0.0004370,0.0000062,0.0007637,0.007323,0.006920,2.21461776e-06,5.76841798e-08,4.23135024e-09,2.09488952e-06,5.68223048e-08,4.17350597e-09,5.62969207e-03,1.78270458e-10,2.299e-17,1.554e-17
4.8600,41.72623,-27.81749,0.016926,12.363546,-0.001565,12.363558,-0.0003900,0.0000062,0.0007649,0.009731,0.009303,2.92780255e-06,6.06501347e-08,4.63375197e-09,2.80062456e-06,5.97542711e-08,4.57298344e-09,5.59855164e-03,1.81434424e-10,2.038e-17,1.423e-18
4.8800,41.98150,-27.98767,0.017069,12.455996,-0.001544,12.456008,-0.0003426,0.0000062,0.0007662,0.012212,0.011760,3.66345895e-06,6.43387390e-08,5.00884092e-09,3.52915321e-06,6.34018807e-08,4.94523407e-09,5.56637727e-03,1.84803480e-10,2.125e-17,3.284e-17
4.9000,42.23559,-28.15706,0.017212,12.548141,-0.001523,12.548153,-0.0002946,0.0000063,0.0007675,0.014745,0.014270,4.41593328e-06,6.97074046e-08,5.43073758e-09,4.27485234e-06,6.87210157e-08,5.36410990e-09,5.53317467e-03,1.88331220e-10,2.906e-17,6.519e-18
4.9200,42.48848,-28.32565,0.017354,12.639967,-0.001501,12.639980,-0.0002462,0.0000063,0.0007688,0.017309,0.016813,5.17933324e-06,7.67305625e-08,5.82862485e-09,5.03185489e-06,7.56896896e-08,5.75913904e-09,5.49895012e-03,1.91965100e-10,3.946e-17,3.643e-17
4.9400,42.74014,-28.49343,0.017497,12.731465,-0.001478,12.731477,-0.0001974,0.0000064,0.0007702,0.019888,0.019371,5.94762316e-06,8.44234709e-08,6.21346014e-09,5.79414463e-06,8.33296789e-08,6.14112458e-09,5.46371063e-03,1.95648103e-10,2.754e-17,9.500e-18
4.9600,42.99056,-28.66037,0.017638,12.822622,-0.001456,12.822634,-0.0001481,0.0000064,0.0007716,0.022465,0.021930,6.71472609e-06,9.14310311e-08,6.64305283e-09,6.55565782e-06,9.02914506e-08,6.56770459e-09,5.42746394e-03,1.99321284e-10,1.648e-17,1.041e-17
4.9800,43.23970,-28.82647,0.017780,12.913426,-0.001433,12.913439,-0.0000984,0.0000064,0.0007731,0.025023,0.024470,7.47462784e-06,9.68300103e-08,7.04061785e-09,7.31038695e-06,9.56530963e-08,6.96243502e-09,5.39021856e-03,2.02926855e-10,2.233e-17,3.330e-17
5.0000,43.48755,-28.99170,0.017921,13.003866,-0.001410,13.003879,-0.0000482,0.0000065,0.0007746,0.027542,0.026973,8.22147962e-06,1.00671424e-07,7.44126012e-09,8.05248326e-06,9.94619651e-08,7.36018641e-09,5.35198374e-03,2.06410730e-10,2.190e-17,5.245e-18
5.0200,43.73408,-29.15605,0.018061,13.093931,-0.001386,13.093944,0.0000023,0.0000065,0.0007762,0.030000,0.029416,8.94968884e-06,1.03942397e-07,7.87868560e-09,8.77634766e-06,1.02698756e-07,7.79462070e-09,5.31276935e-03,2.09724159e-10,1.843e-17,4.848e-17
5.0400,43.97927,-29.31951,0.018201,13.183609,-0.001362,13.183622,0.0000533,0.0000065,0.0007778,0.032374,0.031777,9.65399940e-06,1.07975685e-07,8.27748664e-09,9.47671138e-06,1.06690890e-07,8.19063208e-09,5.27258584e-03,2.12825186e-10,3.296e-17,6.546e-18
5.0600,44.22309,-29.48206,0.018341,13.272889,-0.001338,13.272902,0.0001045,0.0000066,0.0007794,0.034645,0.034036,1.03295664e-05,1.13661092e-07,8.69151088e-09,1.01487110e-05,1.12327097e-07,8.60177435e-09,5.23144431e-03,2.15680042e-10,1.409e-17,4.012e-17
5.0800,44.46553,-29.64369,0.018480,13.361759,-0.001314,13.361772,0.0001562,0.0000066,0.0007811,0.036799,0.036180,1.09720248e-05,1.20922869e-07,9.12983483e-09,1.07879574e-05,1.19535444e-07,9.03718456e-09,5.18935646e-03,2.18263763e-10,1.149e-17,8.674e-19
5.1000,44.70656,-29.80437,0.018618,13.450209,-0.001289,13.450223,0.0002082,0.0000067,0.0007828,0.038825,0.038196,1.15775567e-05,1.28771700e-07,9.52909850e-09,1.13906038e-05,1.27333035e-07,9.43371748e-09,5.14633479e-03,2.20560331e-10,2.147e-17,2.213e-17
5.1200,44.94616,-29.96411,0.018757,13.538228,-0.001264,13.538241,0.0002605,0.0000067,0.0007846,0.040719,0.040081,1.21429588e-05,1.35895984e-07,9.95618268e-09,1.19534129e-05,1.34413489e-07,9.85793523e-09,5.10239262e-03,2.22563063e-10,1.648e-17,4.337e-18
5.1400,45.18431,-30.12287,0.018894,13.625805,-0.001239,13.625818,0.0003131,0.0000067,0.0007864,0.042472,0.041827,1.26656980e-05,1.41437224e-07,1.03959484e-08,1.24738138e-05,1.39919269e-07,1.02948622e-08,5.05754402e-03,2.24274896e-10,1.670e-17,1.098e-18
5.1600,45.42099,-30.28066,0.019031,13.712929,-0.001214,13.712942,0.0003660,0.0000068,0.0007883,0.044081,0.043428,1.31439549e-05,1.45492472e-07,1.08016734e-08,1.29499458e-05,1.43943627e-07,1.06979040e-08,5.01180386e-03,2.25707695e-10,1.778e-17,2.979e-17
5.1800,45.65617,-30.43745,0.019167,13.799589,-0.001188,13.799602,0.0004192,0.0000068,0.0007902,0.045536,0.044877,1.35766504e-05,1.49049196e-07,1.12426185e-08,1.33806856e-05,1.47467784e-07,1.11360316e-08,4.96518763e-03,2.26880614e-10,3.253e-17,1.831e-17
5.2000,45.88984,-30.59322,0.019303,13.885775,-0.001162,13.885788,0.0004727,0.0000068,0.0007922,0.046834,0.046169,1.39634514e-05,1.53393580e-07,1.16811795e-08,1.37656544e-05,1.51772998e-07,1.15718838e-08,4.91771143e-03,2.27818282e-10,3.144e-17,8.768e-18
5.2200,46.12197,-30.74798,0.019438,13.971476,-0.001136,13.971490,0.0005264,0.0000069,0.0007942,0.047971,0.047300,1.43047651e-05,1.59348272e-07,1.20915948e-08,1.41052130e-05,1.57681256e-07,1.19797193e-08,4.86939200e-03,2.28549112e-10,2.299e-17,1.290e-17
5.2400,46.35255,-30.90170,0.019572,14.056683,-0.001110,14.056697,0.0005803,0.0000069,0.0007962,0.048954,0.048277,1.46017241e-05,1.66789440e-07,1.25392829e-08,1.44004473e-05,1.65072712e-07,1.24247078e-08,4.82024673e-03,2.29103282e-10,8.457e-18,1.197e-17
5.2600,46.58155,-31.05436,0.019706,14.141384,-0.001083,14.141398,0.0006344,0.0000069,0.0007983,0.049791,0.049108,1.48561641e-05,1.74725183e-07,1.29720670e-08,1.46531477e-05,1.72961739e-07,1.28549473e-08,4.77029373e-03,2.29510748e-10,5.855e-18,7.860e-18
5.2800,46.80895,-31.20597,0.019839,14.225571,-0.001057,14.225585,0.0006888,0.0000070,0.0008005,0.050494,0.049806,1.50705993e-05,1.81886721e-07,1.33880903e-08,1.48657840e-05,1.80084395e-07,1.32684964e-08,4.71955194e-03,2.29800123e-10,2.797e-17,5.922e-18
5.3000,47.03474,-31.35649,0.019972,14.309232,-0.001030,14.309246,0.0007433,0.0000070,0.0008027,0.051079,0.050384,1.52481867e-05,1.87477602e-07,1.38416358e-08,1.50414712e-05,1.85644812e-07,1.37194685e-08,4.66804103e-03,2.29998111e-10,2.732e-17,2.650e-17
5.3200,47.25889,-31.50593,0.020103,14.392358,-0.001003,14.392373,0.0007979,0.0000070,0.0008049,0.051556,0.050854,1.53926762e-05,1.91637744e-07,1.42709772e-08,1.51839204e-05,1.89778947e-07,1.41464290e-08,4.61578136e-03,2.30128683e-10,1.301e-17,3.917e-18
5.3400,47.48139,-31.65426,0.020234,14.474940,-0.000976,14.474954,0.0008528,0.0000071,0.0008072,0.051936,0.051227,1.55083470e-05,1.95351897e-07,1.46946254e-08,1.52973753e-05,1.93465460e-07,1.45677300e-08,4.56279395e-03,2.30212102e-10,1.778e-17,4.237e-17
5.3600,47.70221,-31.80148,0.020364,14.556968,-0.000948,14.556982,0.0009077,0.0000071,0.0008095,0.052233,0.051516,1.55999285e-05,1.99859558e-07,1.51489283e-08,1.53865344e-05,1.97939279e-07,1.50196439e-08,4.50910031e-03,2.30264505e-10,2.450e-17,1.184e-17
5.3800,47.92135,-31.94757,0.020493,14.638432,-0.000921,14.638447,0.0009628,0.0000071,0.0008119,0.052460,0.051734,1.56725118e-05,2.05918789e-07,1.55704058e-08,1.54564630e-05,2.03958143e-07,1.54389526e-08,4.45472254e-03,2.30298032e-10,1.561e-17,1.016e-18
5.4000,48.13877,-32.09252,0.020622,14.719324,-0.000893,14.719338,0.0010179,0.0000072,0.0008143,0.052636,0.051900,1.57314608e-05,2.13360942e-07,1.59962434e-08,1.55125048e-05,2.11357492e-07,1.58626128e-08,4.39968337e-03,2.30321076e-10,1.366e-17,5.855e-18
5.4200,48.35447,-32.23631,0.020750,14.799633,-0.000866,14.799648,0.0010731,0.0000072,0.0008167,0.052783,0.052037,1.57823234e-05,2.21194864e-07,1.64440906e-08,1.55601934e-05,2.19152231e-07,1.63082823e-08,4.34400614e-03,2.30338794e-10,5.204e-18,3.934e-17
5.4400,48.56842,-32.37895,0.020876,14.879352,-0.000838,14.879367,0.0011284,0.0000072,0.0008192,0.052925,0.052167,1.58307457e-05,2.28195702e-07,1.68572375e-08,1.56051662e-05,2.26121932e-07,1.67194545e-08,4.28771492e-03,2.30354464e-10,2.038e-17,5.136e-18
5.4600,48.78061,-32.52041,0.021002,14.958471,-0.000810,14.958486,0.0011838,0.0000073,0.0008218,0.053083,0.052313,1.58823875e-05,2.33627888e-07,1.72858740e-08,1.56530806e-05,2.31531214e-07,1.71460638e-08,4.23083444e-03,2.30371263e-10,1.171e-17,5.109e-18
5.4800,48.99102,-32.66068,0.021127,15.036981,-0.000782,15.036996,0.0012392,0.0000073,0.0008243,0.053275,0.052492,1.59428321e-05,2.37672424e-07,1.77264344e-08,1.57095235e-05,2.35556954e-07,1.75846477e-08,4.17339002e-03,2.30393488e-10,1.583e-17,1.651e-17
5.5000,49.19964,-32.79976,0.021251,15.114875,-0.000754,15.114890,0.0012945,0.0000073,0.0008269,0.053518,0.052719,1.60174927e-05,2.41310381e-07,1.81327793e-08,1.57799177e-05,2.39174270e-07,1.79892049e-08,4.11540749e-03,2.30427257e-10,2.450e-17,1.950e-17
5.5200,49.40644,-32.93763,0.021375,15.192143,-0.000726,15.192158,0.0013499,0.0000074,0.0008296,0.053823,0.053009,1.61115169e-05,2.45735644e-07,1.85603297e-08,1.58694263e-05,2.43572803e-07,1.84149053e-08,4.05691313e-03,2.30481251e-10,1.388e-17,1.060e-17
5.5400,49.61141,-33.07427,0.021497,15.268778,-0.000698,15.268793,0.0014053,0.0000074,0.0008323,0.054204,0.053375,1.62296922e-05,2.51645620e-07,1.89863926e-08,1.59828583e-05,2.49449924e-07,1.88392233e-08,3.99793366e-03,2.30567322e-10,1.670e-17,2.690e-17
5.5600,49.81454,-33.20969,0.021618,15.344771,-0.000670,15.344786,0.0014606,0.0000074,0.0008350,0.054678,0.053832,1.63763622e-05,2.58831449e-07,1.93815784e-08,1.61245843e-05,2.56600926e-07,1.92328133e-08,3.93849630e-03,2.30700562e-10,5.421e-18,1.713e-17
5.5800,50.01581,-33.34387,0.021739,15.420115,-0.000642,15.420130,0.0015158,0.0000075,0.0008377,0.055261,0.054398,1.65553569e-05,2.66306526e-07,1.98020619e-08,1.62984659e-05,2.64045020e-07,1.96516194e-08,3.87862881e-03,2.30899058e-10,1.713e-17,1.592e-17
5.6000,50.21520,-33.47680,0.021858,15.494801,-0.000614,15.494816,0.0015710,0.0000075,0.0008405,0.055967,0.055086,1.67699339e-05,2.72892090e-07,2.02109958e-08,1.65077968e-05,2.70607461e-07,2.00590037e-08,3.81835947e-03,2.31183869e-10,3.036e-18,2.182e-18
5.6200,50.41270,-33.60847,0.021977,15.568823,-0.000586,15.568838,0.0016261,0.0000075,0.0008433,0.056808,0.055909,1.70227329e-05,2.77912814e-07,2.05975815e-08,1.67552558e-05,2.75612738e-07,2.04441303e-08,3.75771711e-03,2.31578922e-10,6.072e-18,2.439e-18
5.6400,50.60830,-33.73887,0.022094,15.642172,-0.000558,15.642188,0.0016811,0.0000076,0.0008462,0.057790,0.056872,1.73157351e-05,2.81589437e-07,2.10106847e-08,1.70428667e-05,2.79277335e-07,2.08556978e-08,3.69673099e-03,2.32110041e-10,1.193e-17,2.072e-17
5.6600,50.80198,-33.86799,0.022211,15.714843,-0.000530,15.714858,0.0017360,0.0000076,0.0008490,0.058913,0.057978,1.76502274e-05,2.84899034e-07,2.14022803e-08,1.73719605e-05,2.82572538e-07,2.12459167e-08,3.63543071e-03,2.32803289e-10,1.561e-17,5.638e-18
5.6800,50.99373,-33.99582,0.022326,15.786827,-0.000502,15.786843,0.0017907,0.0000076,0.0008519,0.060177,0.059223,1.80267730e-05,2.88991123e-07,2.17789976e-08,1.77431464e-05,2.86643958e-07,2.16213071e-08,3.57384619e-03,2.33683355e-10,6.505e-18,6.532e-18
5.7000,51.18353,-34.12235,0.022441,15.858118,-0.000474,15.858133,0.0018453,0.0000076,0.0008549,0.061577,0.060606,1.84451936e-05,2.94506064e-07,2.21777459e-08,1.81562925e-05,2.92132213e-07,2.20186765e-08,3.51200760e-03,2.34771954e-10,3.838e-17,2.711e-20
5.7200,51.37137,-34.24758,0.022554,15.928709,-0.000446,15.928725,0.0018997,0.0000077,0.0008578,0.063112,0.062123,1.89045640e-05,3.01199264e-07,2.25471306e-08,1.86105204e-05,2.98796921e-07,2.23868472e-08,3.44994546e-03,2.36085972e-10,1.214e-17,1.504e-17
5.7400,51.55724,-34.37150,0.022667,15.998593,-0.000418,15.998609,0.0019540,0.0000077,0.0008608,0.064780,0.063774,1.94032290e-05,3.08091656e-07,2.29113077e-08,1.91042202e-05,3.05664623e-07,2.27498006e-08,3.38769063e-03,2.37635876e-10,8.674e-19,2.006e-18
5.7600,51.74113,-34.49409,0.022778,16.067765,-0.000390,16.067781,0.0020080,0.0000077,0.0008638,0.066576,0.065554,1.99388329e-05,3.14051746e-07,2.32929692e-08,1.96350802e-05,3.11607470e-07,2.31302009e-08,3.32527431e-03,2.39424897e-10,1.171e-17,1.263e-17
5.7800,51.92302,-34.61535,0.022888,16.136218,-0.000362,16.136234,0.0020618,0.0000077,0.0008668,0.068492,0.067455,2.05083632e-05,3.18463249e-07,2.36428783e-08,2.02001290e-05,3.16008694e-07,2.34789987e-08,3.26272802e-03,2.41448714e-10,1.887e-17,1.514e-17
5.8000,52.10291,-34.73527,0.022997,16.203946,-0.000335,16.203963,0.0021154,0.0000078,0.0008698,0.070515,0.069464,2.11082017e-05,3.21584112e-07,2.39971785e-08,2.07957857e-05,3.19121924e-07,2.38321380e-08,3.20008351e-03,2.43695019e-10,1.583e-17,1.361e-17
5.8200,52.28077,-34.85385,0.023105,16.270944,-0.000307,16.270961,0.0021687,0.0000078,0.0008729,0.072628,0.071564,2.17341775e-05,3.24386080e-07,2.43607289e-08,2.14179134e-05,3.21913330e-07,2.41945333e-08,3.13737267e-03,2.46143094e-10,1.193e-17,3.299e-17
5.8400,52.45661,-34.97107,0.023212,16.337206,-0.000279,16.337222,0.0022218,0.0000078,0.0008760,0.074810,0.073735,2.23816258e-05,3.27974569e-07,2.46907481e-08,2.20618765e-05,3.25484798e-07,2.45235398e-08,3.07462746e-03,2.48764047e-10,2.992e-17,7.400e-18
5.8600,52.63040,-35.08694,0.023318,16.402726,-0.000252,16.402743,0.0022745,0.0000078,0.0008790,0.077044,0.075958,2.30454535e-05,3.32934837e-07,2.50309701e-08,2.27226062e-05,3.30422157e-07,2.48626790e-08,3.01187993e-03,2.51521596e-10,4.315e-17,4.147e-18
5.8800,52.80215,-35.20143,0.023423,16.467500,-0.000225,16.467516,0.0023270,0.0000079,0.0008821,0.079311,0.078216,2.37202140e-05,3.38989557e-07,2.53706964e-08,2.33946753e-05,3.36452374e-07,2.52013631e-08,2.94916217e-03,2.54373023e-10,7.589e-18,3.388e-19
5.9000,52.97184,-35.31456,0.023526,16.531522,-0.000198,16.531538,0.0023792,0.0000079,0.0008853,0.081595,0.080492,2.44001948e-05,3.45168696e-07,2.56798786e-08,2.40723847e-05,3.42610848e-07,2.55096080e-08,2.88650641e-03,2.57270618e-10,8.023e-18,7.074e-18
5.9200,53.13945,-35.42630,0.023628,16.594787,-0.000171,16.594804,0.0024311,0.0000079,0.0008884,0.083880,0.082772,2.50795135e-05,3.50387221e-07,2.60054396e-08,2.47498594e-05,3.47815873e-07,2.58341384e-08,2.82394497e-03,2.60163967e-10,1.973e-17,4.255e-18
5.9400,53.30499,-35.53666,0.023730,16.657291,-0.000144,16.657308,0.0024826,0.0000079,0.0008915,0.086148,0.085035,2.57522160e-05,3.54085306e-07,2.63228195e-08,2.54211465e-05,3.51506894e-07,2.61505571e-08,2.76151019e-03,2.63002493e-10,2.407e-17,1.477e-17
5.9600,53.46845,-35.64563,0.023830,16.719030,-0.000117,16.719046,0.0025338,0.0000080,0.0008947,0.088378,0.087261,2.64123735e-05,3.56554220e-07,2.66155491e-08,2.60803125e-05,3.53970862e-07,2.64423995e-08,2.69923441e-03,2.65737577e-10,1.388e-17,5.014e-18
5.9800,53.62981,-35.75320,0.023929,16.779998,-0.000091,16.780015,0.0025846,0.0000080,0.0008978,0.090546,0.089427,2.70541734e-05,3.58757360e-07,2.69263746e-08,2.67215337e-05,3.56165853e-07,2.67522588e-08,2.63714980e-03,2.68324292e-10,1.149e-17,4.635e-18
6.0000,53.78906,-35.85938,0.024026,16.840193,-0.000064,16.840210,0.0026350,0.0000080,0.0009010,0.092630,0.091511,2.76720020e-05,3.61755277e-07,2.72195302e-08,2.73391797e-05,3.59149276e-07,2.70445598e-08,2.57528835e-03,2.70723174e-10,1.626e-17,4.432e-18
6.0200,53.94621,-35.96414,0.024123,16.899610,-0.000038,16.899627,0.0026850,0.0000080,0.0009042,0.094611,0.093492,2.82605252e-05,3.66078749e-07,2.74935843e-08,2.79278946e-05,3.63452793e-07,2.73178064e-08,2.51368187e-03,2.72901841e-10,1.540e-17,1.979e-17
6.0400,54.10124,-36.06749,0.024218,16.958246,-0.000012,16.958263,0.0027347,0.0000081,0.0009074,0.096472,0.095355,2.88147680e-05,3.71419104e-07,2.77842181e-08,2.84826763e-05,3.68772102e-07,2.76075716e-08,2.45236192e-03,2.74836039e-10,1.388e-17,8.403e-18
6.0600,54.25415,-36.16943,0.024312,17.016096,0.000013,17.016113,0.0027839,0.0000081,0.0009105,0.098201,0.097087,2.93301922e-05,3.76815934e-07,2.80510133e-08,2.89989553e-05,3.74152047e-07,2.78736230e-08,2.39135991e-03,2.76510378e-10,3.643e-17,6.288e-18
6.0800,54.40493,-36.26995,0.024405,17.073159,0.000039,17.073176,0.0028327,0.0000081,0.0009137,0.099788,0.098678,2.98027732e-05,3.81228677e-07,2.83076550e-08,2.94726712e-05,3.78555093e-07,2.81295273e-08,2.33070702e-03,2.77919098e-10,2.082e-17,2.411e-17
6.1000,54.55358,-36.36905,0.024496,17.129430,0.000064,17.129447,0.0028810,0.0000081,0.0009169,0.101223,0.100118,3.02290680e-05,3.84150462e-07,2.85786699e-08,2.99003420e-05,3.81473420e-07,2.83997697e-08,2.27043417e-03,2.79066391e-10,1.713e-17,1.294e-17
6.1200,54.70008,-36.46672,0.024587,17.184907,0.000089,17.184924,0.0029289,0.0000081,0.0009201,0.102496,0.101396,3.06062698e-05,3.85901782e-07,2.88221266e-08,3.02791189e-05,3.83223207e-07,2.86425938e-08,2.21057193e-03,2.79965743e-10,1.442e-17,1.690e-17
6.1400,54.84445,-36.56296,0.024676,17.239587,0.000114,17.239604,0.0029763,0.0000082,0.0009233,0.103597,0.102502,3.09322479e-05,3.87434245e-07,2.90624961e-08,3.06068271e-05,3.84750996e-07,2.88823231e-08,2.15115047e-03,2.80638610e-10,2.342e-17,7.102e-18
6.1600,54.98666,-36.65777,0.024764,17.293467,0.000139,17.293485,0.0030232,0.0000082,0.0009264,0.104516,0.103428,3.12055715e-05,3.89762570e-07,2.93102256e-08,3.08819909e-05,3.87068715e-07,2.91294273e-08,2.09219942e-03,2.81112968e-10,6.722e-18,2.589e-18
6.1800,55.12672,-36.75115,0.024850,17.346546,0.000163,17.346564,0.0030697,0.0000082,0.0009296,0.105250,0.104168,3.14255221e-05,3.93363941e-07,2.95271938e-08,3.11038464e-05,3.90654704e-07,2.93459174e-08,2.03374795e-03,2.81421661e-10,8.565e-18,1.586e-18
6.2000,55.26463,-36.84309,0.024936,17.398821,0.000187,17.398839,0.0031156,0.0000082,0.0009327,0.105799,0.104724,3.15920993e-05,3.97899559e-07,2.97468591e-08,3.12723479e-05,3.95174561e-07,2.95650796e-08,1.97582470e-03,2.81600361e-10,1.735e-17,7.129e-18
6.2200,55.40038,-36.93359,0.025020,17.450291,0.000211,17.450309,0.0031610,0.0000082,0.0009359,0.106171,0.105102,3.17060180e-05,4.02419418e-07,2.99670473e-08,3.13881671e-05,3.99683316e-07,2.97848117e-08,1.91845784e-03,2.81685520e-10,4.120e-18,9.351e-18
6.2400,55.53397,-37.02265,0.025102,17.500953,0.000235,17.500971,0.0032059,0.0000083,0.0009390,0.106372,0.105310,3.17687009e-05,4.05926193e-07,3.01583055e-08,3.14526844e-05,4.03186348e-07,2.99757415e-08,1.86167499e-03,2.81712768e-10,1.832e-17,1.174e-17
6.2600,55.66540,-37.11027,0.025184,17.550806,0.000258,17.550824,0.0032503,0.0000083,0.0009421,0.106412,0.105355,3.17822582e-05,4.07962942e-07,3.03581235e-08,3.14679708e-05,4.05225525e-07,3.01751955e-08,1.80550323e-03,2.81715457e-10,1.746e-17,2.399e-18
6.2800,55.79467,-37.19644,0.025264,17.599849,0.000281,17.599867,0.0032941,0.0000083,0.0009452,0.106298,0.105247,3.17494531e-05,4.08876333e-07,3.05511177e-08,3.14367532e-05,4.06143190e-07,3.03679140e-08,1.74996898e-03,2.81722994e-10,3.469e-18,1.208e-17
6.3000,55.92177,-37.28118,0.025343,17.648081,0.000304,17.648099,0.0033374,0.0000083,0.0009483,0.106039,0.104993,3.16736514e-05,4.09604080e-07,3.07174936e-08,3.13623653e-05,4.06872205e-07,3.05341328e-08,1.69509795e-03,2.81759351e-10,1.713e-17,3.429e-18
6.3200,56.04670,-37.36447,0.025420,17.695501,0.000326,17.695519,0.0033801,0.0000083,0.0009514,0.105645,0.104603,3.15587586e-05,4.11115156e-07,3.08935227e-08,3.12486848e-05,4.08379060e-07,3.07099832e-08,1.64091509e-03,2.81842256e-10,1.540e-17,1.272e-17
6.3400,56.16947,-37.44631,0.025497,17.742108,0.000349,17.742126,0.0034223,0.0000083,0.0009545,0.105130,0.104091,3.14091461e-05,4.13835311e-07,3.10537670e-08,3.11000606e-05,4.11090861e-07,3.08701729e-08,1.58744456e-03,2.81982852e-10,6.072e-18,1.415e-17
6.3600,56.29008,-37.52672,0.025572,17.787901,0.000371,17.787919,0.0034638,0.0000084,0.0009575,0.104510,0.103474,3.12295764e-05,4.17398362e-07,3.11912995e-08,3.09212380e-05,4.14645793e-07,3.10077411e-08,1.53470976e-03,2.82185556e-10,6.288e-18,1.662e-17
6.3800,56.40852,-37.60568,0.025645,17.832881,0.000392,17.832900,0.0035048,0.0000084,0.0009605,0.103806,0.102771,3.10251253e-05,4.20866582e-07,3.13388459e-08,3.07172816e-05,4.18110903e-07,3.11553041e-08,1.48273332e-03,2.82448353e-10,2.537e-17,1.893e-17
6.4000,56.52480,-37.68320,0.025718,17.877048,0.000413,17.877066,0.0035452,0.0000084,0.0009635,0.103039,0.102005,3.08011042e-05,4.23286184e-07,3.14651412e-08,3.04934969e-05,4.20534762e-07,3.12817503e-08,1.43153709e-03,2.82763800e-10,8.348e-18,9.033e-18
6.4200,56.63892,-37.75928,0.025789,17.920401,0.000434,17.920419,0.0035849,0.0000084,0.0009664,0.102229,0.101195,3.05629780e-05,4.24248650e-07,3.15754304e-08,3.02553492e-05,4.21507410e-07,3.13922472e-08,1.38114209e-03,2.83120301e-10,1.453e-17,2.677e-18
6.4400,56.75088,-37.83392,0.025859,17.962941,0.000455,17.962960,0.0036241,0.0000084,0.0009694,0.101394,0.100359,3.03162782e-05,4.24125229e-07,3.16938266e-08,3.00083757e-05,4.21395746e-07,3.15108527e-08,1.33156845e-03,2.83503225e-10,1.193e-17,1.115e-17
6.4600,56.86069,-37.90713,0.025927,18.004669,0.000475,18.004688,0.0036626,0.0000084,0.0009723,0.100549,0.099513,3.00665079e-05,4.23839507e-07,3.17854654e-08,2.97580914e-05,4.21118697e-07,3.16028519e-08,1.28283537e-03,2.83896095e-10,3.578e-18,2.290e-18
6.4800,56.96835,-37.97890,0.025994,18.045586,0.000495,18.045604,0.0037005,0.0000084,0.0009751,0.099709,0.098670,2.98190459e-05,4.24316170e-07,3.18656824e-08,2.95098927e-05,4.21598735e-07,3.16834663e-08,1.23496104e-03,2.84282113e-10,9.649e-18,1.660e-18
6.5000,57.07386,-38.04924,0.026060,18.085691,0.000515,18.085710,0.0037378,0.0000085,0.0009780,0.098891,0.097849,2.95790521e-05,4.25933085e-07,3.19484509e-08,2.92689622e-05,4.23215247e-07,3.17666588e-08,1.18796270e-03,2.84645654e-10,5.963e-18,2.648e-17
6.5200,57.17723,-38.11815,0.026125,18.124988,0.000534,18.125007,0.0037745,0.0000085,0.0009808,0.098111,0.097066,2.93513796e-05,4.28300670e-07,3.20010571e-08,2.90401808e-05,4.25582961e-07,3.18198315e-08,1.14185660e-03,2.84973331e-10,6.722e-18,9.832e-18
6.5400,57.27846,-38.18564,0.026188,18.163477,0.000553,18.163496,0.0038105,0.0000085,0.0009835,0.097390,0.096340,2.91404986e-05,4.30496230e-07,3.20481320e-08,2.88280512e-05,4.27783686e-07,3.18674745e-08,1.09665803e-03,2.85254844e-10,2.819e-18,5.421e-18
6.5600,57.37756,-38.25171,0.026250,18.201160,0.000572,18.201179,0.0038458,0.0000085,0.0009863,0.096742,0.095687,2.89504287e-05,4.31610772e-07,3.20932661e-08,2.86366290e-05,4.28910448e-07,3.19132155e-08,1.05238129e-03,2.85483825e-10,5.421e-18,5.895e-19
6.5800,57.47453,-38.31636,0.026310,18.238039,0.000590,18.238058,0.0038805,0.0000085,0.0009890,0.096182,0.095122,2.87846791e-05,4.31283706e-07,3.21087314e-08,2.84694623e-05,4.28600986e-07,3.19294102e-08,1.00903970e-03,2.85658321e-10,2.819e-18,9.555e-18
6.6000,57.56939,-38.37959,0.026370,18.274116,0.000608,18.274135,0.0039145,0.0000085,0.0009916,0.095717,0.094652,2.86461935e-05,4.29909966e-07,3.21235019e-08,2.83295364e-05,4.27245887e-07,3.19448948e-08,9.66645503e-04,2.85780608e-10,1.388e-17,6.187e-18
6.6200,57.66213,-38.44142,0.026428,18.309393,0.000626,18.309412,0.0039479,0.0000085,0.0009942,0.095353,0.094284,2.85372987e-05,4.28399364e-07,3.21294821e-08,2.82192216e-05,4.25750509e-07,3.19516570e-08,9.25209869e-04,2.85856687e-10,4.987e-18,2.670e-18
6.6400,57.75277,-38.50185,0.026484,18.343874,0.000643,18.343893,0.0039806,0.0000085,0.0009968,0.095093,0.094019,2.84596602e-05,4.27634316e-07,3.21060795e-08,2.81402279e-05,4.24995334e-07,3.19291432e-08,8.84742849e-04,2.85895794e-10,1.128e-17,7.454e-19
6.6600,57.84132,-38.56088,0.026540,18.377561,0.000660,18.377580,0.0040127,0.0000086,0.0009994,0.094938,0.093859,2.84142494e-05,4.27948354e-07,3.20837755e-08,2.80935715e-05,4.25315581e-07,3.19077039e-08,8.45253386e-04,2.85909677e-10,1.453e-17,4.892e-18
6.6800,57.92778,-38.61852,0.026594,18.410457,0.000677,18.410476,0.0040440,0.0000086,0.0010018,0.094890,0.093808,2.84013243e-05,4.28932360e-07,3.20460060e-08,2.80795549e-05,4.26306391e-07,3.18708796e-08,8.06749330e-04,2.85911410e-10,8.999e-18,7.210e-18
6.7000,58.01216,-38.67477,0.026647,18.442565,0.000693,18.442584,0.0040747,0.0000086,0.0010043,0.094952,0.093867,2.84204280e-05,4.29681157e-07,3.19826877e-08,2.80977645e-05,4.27066853e-07,3.18085749e-08,7.69237457e-04,2.85914149e-10,1.355e-17,3.253e-18
6.7200,58.09448,-38.72965,0.026699,18.473889,0.000709,18.473908,0.0041047,0.0000086,0.0010067,0.095123,0.094035,2.84704015e-05,4.29331115e-07,3.19228622e-08,2.81470825e-05,4.26735058e-07,3.17497272e-08,7.32723464e-04,2.85930128e-10,5.855e-18,5.672e-18
6.7400,58.17473,-38.78316,0.026749,18.504433,0.000724,18.504452,0.0041341,0.0000086,0.0010090,0.095396,0.094307,2.85494074e-05,4.27568585e-07,3.18431827e-08,2.82257099e-05,4.24995522e-07,3.16711144e-08,6.97211949e-04,2.85969707e-10,8.674e-18,8.768e-18
6.7600,58.25295,-38.83530,0.026798,18.534201,0.000739,18.534220,0.0041627,0.0000086,0.0010113,0.095763,0.094674,2.86549611e-05,4.24810606e-07,3.17429708e-08,2.83311969e-05,4.22260985e-07,3.15720114e-08,6.62706387e-04,2.86040316e-10,5.313e-18,8.132e-19
6.7800,58.32913,-38.88609,0.026846,18.563197,0.000754,18.563216,0.0041907,0.0000086,0.0010136,0.096209,0.095121,2.87839676e-05,4.21952651e-07,3.16451623e-08,2.84604797e-05,4.19422717e-07,3.14752913e-08,6.29209101e-04,2.86145703e-10,4.228e-18,2.135e-18
6.8000,58.40329,-38.93553,0.026892,18.591426,0.000768,18.591445,0.0042180,0.0000086,0.0010158,0.096720,0.095634,2.89327643e-05,4.19836027e-07,3.15221430e-08,2.86099222e-05,4.17320393e-07,3.13534639e-08,5.96721258e-04,2.86285799e-10,6.939e-18,2.602e-18
6.8200,58.47544,-38.98363,0.026938,18.618892,0.000782,18.618911,0.0042446,0.0000086,0.0010180,0.097280,0.096198,2.90971745e-05,4.18752122e-07,3.13828151e-08,2.87753696e-05,4.16247277e-07,3.12153463e-08,5.65242888e-04,2.86456895e-10,4.228e-18,4.330e-18
6.8400,58.54560,-39.03040,0.026982,18.645601,0.000796,18.645620,0.0042706,0.0000087,0.0010201,0.097876,0.096798,2.92725720e-05,4.18274650e-07,3.12433617e-08,2.89522122e-05,4.15781316e-07,3.10770931e-08,5.34772897e-04,2.86651883e-10,3.686e-18,3.862e-18
6.8600,58.61377,-39.07585,0.027025,18.671557,0.000810,18.671576,0.0042958,0.0000087,0.0010222,0.098492,0.097421,2.94539575e-05,4.17517115e-07,3.10767248e-08,2.91354618e-05,4.15040078e-07,3.09117520e-08,5.05309097e-04,2.86860816e-10,1.605e-17,3.740e-18
6.8800,58.67998,-39.11999,0.027067,18.696766,0.000823,18.696785,0.0043204,0.0000087,0.0010242,0.099115,0.098051,2.96360453e-05,4.15660019e-07,3.09002600e-08,2.93198380e-05,4.13205538e-07,3.07365726e-08,4.76848211e-04,2.87071965e-10,4.120e-18,2.378e-18
6.9000,58.74424,-39.16283,0.027107,18.721233,0.000835,18.721253,0.0043443,0.0000087,0.0010262,0.099726,0.098672,2.98133522e-05,4.12434441e-07,3.07212737e-08,2.94998570e-05,4.10006821e-07,3.05588805e-08,4.49385868e-04,2.87273023e-10,1.073e-17,7.420e-18
6.9200,58.80657,-39.20438,0.027146,18.744966,0.000847,18.744985,0.0043675,0.0000087,0.0010281,0.100305,0.099261,2.99802870e-05,4.08276394e-07,3.05147282e-08,2.96699211e-05,4.05875737e-07,3.03537249e-08,4.22916591e-04,2.87452238e-10,6.614e-18,1.633e-18
6.9400,58.86698,-39.24465,0.027185,18.767970,0.000859,18.767989,0.0043901,0.0000087,0.0010300,0.100830,0.099798,3.01312373e-05,4.04064956e-07,3.03025057e-08,2.98244057e-05,4.01687437e-07,3.01428787e-08,3.97433794e-04,2.87599709e-10,6.614e-18,5.103e-18
6.9600,58.92548,-39.28365,0.027221,18.790250,0.000871,18.790270,0.0044119,0.0000087,0.0010318,0.101280,0.100261,3.02606522e-05,4.00600132e-07,3.00823390e-08,2.99577426e-05,3.98240602e-07,2.99241303e-08,3.72929786e-04,2.87708984e-10,5.313e-18,2.860e-18
6.9800,58.98211,-39.32140,0.027257,18.811815,0.000882,18.811835,0.0044331,0.0000087,0.0010335,0.101635,0.100630,3.03631258e-05,3.98131807e-07,2.98346120e-08,3.00645035e-05,3.95787182e-07,2.96779120e-08,3.49395803e-04,2.87778496e-10,1.149e-17,1.043e-17
7.0000,59.03687,-39.35791,0.027292,18.832671,0.000893,18.832690,0.0044537,0.0000087,0.0010353,0.101879,0.100890,3.04334821e-05,3.96217535e-07,2.95844990e-08,3.01394854e-05,3.93888937e-07,2.94292872e-08,3.26822032e-04,2.87812488e-10,2.223e-18,3.442e-18
7.0200,59.08978,-39.39319,0.027325,18.852825,0.000904,18.852844,0.0044736,0.0000087,0.0010369,0.101998,0.101026,3.04668597e-05,3.93989185e-07,2.93223956e-08,3.01777956e-05,3.91681600e-07,2.91687319e-08,3.05197646e-04,2.87821607e-10,1.897e-18,4.699e-18
7.0400,59.14087,-39.42724,0.027358,18.872284,0.000914,18.872304,0.0044928,0.0000087,0.0010386,0.101981,0.101027,3.04587947e-05,3.90669342e-07,2.90363599e-08,3.01749355e-05,3.88389003e-07,2.88843167e-08,2.84510824e-04,2.87823269e-10,4.174e-18,2.409e-18
7.0600,59.19015,-39.46010,0.027389,18.891057,0.000924,18.891076,0.0045114,0.0000087,0.0010401,0.101815,0.100879,3.04052972e-05,3.86029815e-07,2.87510865e-08,3.01268769e-05,3.83780892e-07,2.86006481e-08,2.64748760e-04,2.87841539e-10,1.090e-17,4.293e-18
7.0800,59.23764,-39.49176,0.027419,18.909151,0.000933,18.909170,0.0045293,0.0000087,0.0010417,0.101486,0.100568,3.03029150e-05,3.80522350e-07,2.84496506e-08,3.00301274e-05,3.78304911e-07,2.83009058e-08,2.45897672e-04,2.87906415e-10,4.120e-18,9.792e-19
7.1000,59.28338,-39.52225,0.027448,18.926574,0.000942,18.926593,0.0045466,0.0000087,0.0010431,0.100981,0.100083,3.01487853e-05,3.75006868e-07,2.81273074e-08,2.98817821e-05,3.72817313e-07,2.79803255e-08,2.27942813e-04,2.88052882e-10,3.957e-18,6.153e-18
7.1200,59.32737,-39.55158,0.027476,18.943335,0.000951,18.943354,0.0045632,0.0000088,0.0010445,0.100291,0.099413,2.99406739e-05,3.70241150e-07,2.78050913e-08,2.96795638e-05,3.68074837e-07,2.76598791e-08,2.10868499e-04,2.88319946e-10,5.096e-18,2.345e-18
7.1400,59.36965,-39.57976,0.027503,18.959442,0.000960,18.959461,0.0045792,0.0000088,0.0010459,0.099409,0.098551,2.96770042e-05,3.66434424e-07,2.74619238e-08,2.94218532e-05,3.64288921e-07,2.73185914e-08,1.94658146e-04,2.88749322e-10,5.150e-18,4.174e-18
7.1600,59.41023,-39.60682,0.027528,18.974904,0.000968,18.974923,0.0045946,0.0000088,0.0010473,0.098334,0.097497,2.93568810e-05,3.63128341e-07,2.71017898e-08,2.91077129e-05,3.61005360e-07,2.69603907e-08,1.79294309e-04,2.89383547e-10,1.518e-18,1.819e-18
7.1800,59.44914,-39.63276,0.027553,18.989731,0.000976,18.989750,0.0046094,0.0000088,0.0010485,0.097069,0.096251,2.89801063e-05,3.59472860e-07,2.67412474e-08,2.87369042e-05,3.57377748e-07,2.66018004e-08,1.64758729e-04,2.90263883e-10,2.711e-18,1.006e-18
7.2000,59.48640,-39.65760,0.027577,19.003931,0.000983,19.003951,0.0046236,0.0000088,0.0010498,0.095617,0.094819,2.85471869e-05,3.54730589e-07,2.63580483e-08,2.83098950e-05,3.52669693e-07,2.62206694e-08,1.51032360e-04,2.91428269e-10,4.879e-18,1.179e-18
7.2200,59.52204,-39.68136,0.027599,19.017515,0.000990,19.017535,0.0046372,0.0000088,0.0010509,0.093983,0.093205,2.80593302e-05,3.48711214e-07,2.59630909e-08,2.78278564e-05,3.46688691e-07,2.58278217e-08,1.38095403e-04,2.92909242e-10,2.439e-18,2.033e-18
7.2400,59.55609,-39.70406,0.027621,19.030492,0.000997,19.030512,0.0046501,0.0000088,0.0010521,0.092172,0.091413,2.75184246e-05,3.41878901e-07,2.55654333e-08,2.72926443e-05,3.39894881e-07,2.54323205e-08,1.25927331e-04,2.94731952e-10,1.897e-18,3.673e-18
7.2600,59.58858,-39.72572,0.027642,19.042873,0.001004,19.042893,0.0046625,0.0000088,0.0010532,0.090189,0.089449,2.69270052e-05,3.35072849e-07,2.51429475e-08,2.67067646e-05,3.33124016e-07,2.50121204e-08,1.14506920e-04,2.96912719e-10,1.518e-18,2.561e-18
7.2800,59.61952,-39.74635,0.027661,19.054669,0.001010,19.054688,0.0046743,0.0000088,0.0010542,0.088044,0.087322,2.62882062e-05,3.29008693e-07,2.47114498e-08,2.60733276e-05,3.27090918e-07,2.45829489e-08,1.03812293e-04,2.99458308e-10,2.331e-18,5.082e-20
7.3000,59.64896,-39.76597,0.027680,19.065888,0.001016,19.065908,0.0046856,0.0000088,0.0010552,0.085747,0.085043,2.56057052e-05,3.23856436e-07,2.42727625e-08,2.53959915e-05,3.21967889e-07,2.41466588e-08,9.38209683e-05,3.02365569e-10,7.427e-18,1.719e-18
7.3200,59.67691,-39.78461,0.027698,19.076544,0.001022,19.076564,0.0046963,0.0000088,0.0010562,0.083315,0.082627,2.48836619e-05,3.19143711e-07,2.38087896e-08,2.46789021e-05,3.17286598e-07,2.36852043e-08,8.45099149e-05,3.05621178e-10,2.358e-18,2.173e-18
7.3400,59.70341,-39.80227,0.027715,19.086646,0.001027,19.086666,0.0047064,0.0000088,0.0010571,0.080766,0.080094,2.41266541e-05,3.14039146e-07,2.33394136e-08,2.39266286e-05,3.12219044e-07,2.32183738e-08,7.58556041e-05,3.09201710e-10,2.846e-18,1.028e-18
7.3600,59.72848,-39.81899,0.027731,19.096207,0.001032,19.096227,0.0047160,0.0000088,0.0010579,0.078118,0.077462,2.33396088e-05,3.07844819e-07,2.28597720e-08,2.31440950e-05,3.06068034e-07,2.27413620e-08,6.78340577e-05,3.13074240e-10,1.681e-18,8.707e-19
7.3800,59.75217,-39.83478,0.027746,19.105239,0.001037,19.105258,0.0047251,0.0000088,0.0010587,0.075391,0.074748,2.25277270e-05,3.00406472e-07,2.23567760e-08,2.23365050e-05,2.98676983e-07,2.22411049e-08,6.04208943e-05,3.17197275e-10,2.765e-18,2.711e-20
7.4000,59.77450,-39.84966,0.027760,19.113752,0.001042,19.113772,0.0047337,0.0000088,0.0010595,0.072600,0.071971,2.16964010e-05,2.92199270e-07,2.18504316e-08,2.15092592e-05,2.90517083e-07,2.17375293e-08,5.35913734e-05,3.21522037e-10,2.954e-18,1.708e-18
7.4200,59.79550,-39.86366,0.027773,19.121760,0.001046,19.121780,0.0047418,0.0000088,0.0010602,0.069762,0.069146,2.08511242e-05,2.84041567e-07,2.13289904e-08,2.06678646e-05,2.82403435e-07,2.12189641e-08,4.73204453e-05,3.25994372e-10,2.331e-18,1.635e-18
7.4400,59.81520,-39.87680,0.027786,19.129276,0.001050,19.129295,0.0047493,0.0000088,0.0010609,0.066892,0.066289,1.99973968e-05,2.76608433e-07,2.07852228e-08,1.98178406e-05,2.75010495e-07,2.06781713e-08,4.15828086e-05,3.30557198e-10,1.572e-18,1.201e-18
7.4600,59.83365,-39.88910,0.027798,19.136311,0.001054,19.136331,0.0047564,0.0000088,0.0010616,0.064010,0.063418,1.91406339e-05,2.70033402e-07,2.02378552e-08,1.89646263e-05,2.68474152e-07,2.01338101e-08,3.63529712e-05,3.35152924e-10,1.653e-18,5.828e-19
7.4800,59.85087,-39.90058,0.027809,19.142880,0.001057,19.142899,0.0047630,0.0000088,0.0010622,0.061133,0.060553,1.82860768e-05,2.63833191e-07,1.96714180e-08,1.81134917e-05,2.62315029e-07,1.95704897e-08,3.16053148e-05,3.39725474e-10,1.640e-18,2.817e-18
7.5000,59.86691,-39.91127,0.027819,19.148995,0.001061,19.149015,0.0047692,0.0000088,0.0010628,0.058283,0.057714,1.74387130e-05,2.57196938e-07,1.90861467e-08,1.72694570e-05,2.55725369e-07,1.89884062e-08,2.73141599e-05,3.44221996e-10,8.809e-19,1.491e-19
7.5200,59.88178,-39.92119,0.027828,19.154671,0.001064,19.154690,0.0047749,0.0000088,0.0010633,0.055476,0.054918,1.66032016e-05,2.49466580e-07,1.84977119e-08,1.64372174e-05,2.48047576e-07,1.84031881e-08,2.34538251e-05,3.48594390e-10,9.080e-19,1.929e-18
7.5400,59.89555,-39.93036,0.027837,19.159921,0.001066,19.159941,0.0047803,0.0000088,0.0010638,0.052728,0.052180,1.57838030e-05,2.40523307e-07,1.78880580e-08,1.56210722e-05,2.39160395e-07,1.77968620e-08,1.99986885e-05,3.52800495e-10,2.046e-18,2.170e-18
7.5600,59.90823,-39.93882,0.027845,19.164760,0.001069,19.164779,0.0047851,0.0000088,0.0010642,0.050049,0.049513,1.49843124e-05,2.30852758e-07,1.72629983e-08,1.48248573e-05,2.29545564e-07,1.71751850e-08,1.69232488e-05,3.56804958e-10,3.659e-19,8.199e-19
7.5800,59.91987,-39.94658,0.027853,19.169202,0.001071,19.169221,0.0047896,0.0000088,0.0010647,0.047449,0.046924,1.42079956e-05,2.21253183e-07,1.66324431e-08,1.40518811e-05,2.19998285e-07,1.65480558e-08,1.42021897e-05,3.60580113e-10,1.708e-18,8.775e-19
7.6000,59.93051,-39.95368,0.027860,19.173262,0.001074,19.173282,0.0047937,0.0000088,0.0010650,0.044934,0.044421,1.34575321e-05,2.12361196e-07,1.59777622e-08,1.33048663e-05,2.11154756e-07,1.58969124e-08,1.18104492e-05,3.64106798e-10,8.674e-19,2.092e-19
7.6200,59.94019,-39.96013,0.027866,19.176955,0.001076,19.176975,0.0047975,0.0000088,0.0010654,0.042511,0.042009,1.27349689e-05,2.04277237e-07,1.53101624e-08,1.25859034e-05,2.03117842e-07,1.52328868e-08,9.72329281e-06,3.67374637e-10,6.709e-19,1.931e-19
7.6400,59.94895,-39.96597,0.027871,19.180297,0.001077,19.180317,0.0048009,0.0000088,0.0010657,0.040186,0.039697,1.20416880e-05,1.96510085e-07,1.46344416e-08,1.18964169e-05,1.95400108e-07,1.45607862e-08,7.91638673e-06,3.70381584e-10,1.775e-18,6.603e-19
7.6600,59.95683,-39.97122,0.027876,19.183304,0.001079,19.183324,0.0048039,0.0000088,0.0010660,0.037964,0.037489,1.13783878e-05,1.88271236e-07,1.39346130e-08,1.12371467e-05,1.87215924e-07,1.38646715e-08,6.36587282e-06,3.73132985e-10,3.524e-19,8.851e-20
7.6800,59.96387,-39.97591,0.027881,19.185991,0.001080,19.186011,0.0048066,0.0000088,0.0010663,0.035847,0.035386,1.07450789e-05,1.78942714e-07,1.32258508e-08,1.06081420e-05,1.77947565e-07,1.31596397e-08,5.04844160e-06,3.75640421e-10,5.353e-19,9.953e-20
7.7000,59.97011,-39.98007,0.027885,19.188375,0.001082,19.188395,0.0048090,0.0000088,0.0010665,0.033834,0.033388,1.01410884e-05,1.68440246e-07,1.25067934e-08,1.00087662e-05,1.67508242e-07,1.24443675e-08,3.94140587e-06,3.77920389e-10,5.387e-19,7.738e-19
7.7200,59.97561,-39.98374,0.027889,19.190473,0.001083,19.190493,0.0048112,0.0000088,0.0010667,0.031917,0.031489,9.56507228e-06,1.57259009e-07,1.17643573e-08,9.43770768e-06,1.56389347e-07,1.17058023e-08,3.02277674e-06,3.79993019e-10,3.219e-19,4.527e-19
7.7400,59.98039,-39.98693,0.027892,19.192301,0.001084,19.192321,0.0048130,0.0000088,0.0010669,0.030089,0.029678,9.01503449e-06,1.46177135e-07,1.10146678e-08,8.89299907e-06,1.45366202e-07,1.09599992e-08,2.27134167e-06,3.81881199e-10,7.420e-19,6.823e-19
7.7600,59.98452,-39.98968,0.027895,19.193877,0.001085,19.193897,0.0048146,0.0000088,0.0010671,0.028337,0.027945,8.48835471e-06,1.35794366e-07,1.02506057e-08,8.37204426e-06,1.35038360e-07,1.01998935e-08,1.66674585e-06,3.83610155e-10,1.491e-19,2.598e-19
7.7800,59.98803,-39.99202,0.027897,19.195218,0.001086,19.195238,0.0048160,0.0000088,0.0010672,0.026650,0.026279,7.98182733e-06,1.26180126e-07,9.46412132e-09,7.87165713e-06,1.25477756e-07,9.41743716e-09,1.18957563e-06,3.85207003e-10,2.321e-19,1.588e-20
7.8000,59.99097,-39.99398,0.027899,19.196343,0.001086,19.196363,0.0048171,0.0000088,0.0010673,0.025018,0.024669,7.49171323e-06,1.16837089e-07,8.67175422e-09,7.38811286e-06,1.16190765e-07,8.62910673e-09,8.21443591e-07,3.86700104e-10,3.422e-19,1.663e-19
7.8200,59.99339,-39.99560,0.027901,19.197269,0.001087,19.197289,0.0048180,0.0000088,0.0010674,0.023430,0.023104,7.01380366e-06,1.06999732e-07,7.86282881e-09,6.91721158e-06,1.06414543e-07,7.82429026e-09,5.45073755e-07,3.88118483e-10,3.973e-19,1.966e-19
7.8400,59.99534,-39.99690,0.027902,19.198014,0.001087,19.198034,0.0048188,0.0000088,0.0010675,0.021870,0.021570,6.54349355e-06,9.60888496e-08,7.03502134e-09,6.45435146e-06,9.55699668e-08,7.00064499e-09,3.44388527e-07,3.89491464e-10,7.115e-20,2.345e-20
7.8600,59.99687,-39.99791,0.027903,19.198599,0.001088,19.198619,0.0048194,0.0000088,0.0010676,0.020324,0.020050,6.07585966e-06,8.40524943e-08,6.20254639e-09,5.99460683e-06,8.36025445e-08,6.17234666e-09,2.04596459e-07,3.90848523e-10,1.727e-19,2.257e-19
7.8800,59.99802,-39.99868,0.027904,19.199041,0.001088,19.199061,0.0048198,0.0000088,0.0010676,0.018771,0.018525,5.60573975e-06,7.13931282e-08,5.35126982e-09,5.53280748e-06,7.10111059e-08,5.32533303e-09,1.12283319e-07,3.92219475e-10,1.906e-19,6.850e-20
7.9000,59.99885,-39.99923,0.027905,19.199360,0.001088,19.199380,0.0048202,0.0000088,0.0010677,0.017191,0.016974,5.12781251e-06,5.88673642e-08,4.48348038e-09,5.06361881e-06,5.85497106e-08,4.46185680e-09,5.55038907e-08,3.93635218e-10,9.487e-20,3.044e-21
7.9200,59.99941,-39.99961,0.027905,19.199576,0.001088,19.199596,0.0048204,0.0000088,0.0010677,0.015564,0.015378,4.63667774e-06,4.70380182e-08,3.60951634e-09,4.58162227e-06,4.67812171e-08,3.59223751e-09,2.38781715e-08,3.95128871e-10,1.694e-21,2.155e-20
7.9400,59.99975,-39.99983,0.027906,19.199710,0.001088,19.199729,0.0048205,0.0000088,0.0010677,0.013871,0.013717,4.12693880e-06,3.59441830e-08,2.71445427e-09,4.08139820e-06,3.57473222e-08,2.70161336e-09,8.68707578e-09,3.96736734e-10,4.045e-20,3.166e-20
7.9600,59.99993,-39.99995,0.027906,19.199780,0.001088,19.199800,0.0048206,0.0000088,0.0010677,0.012097,0.011976,3.59328891e-06,2.50827461e-08,1.80592602e-09,3.55761250e-06,2.49485302e-08,1.79756172e-09,2.97244011e-09,3.98498736e-10,8.470e-21,4.341e-21
7.9800,59.99999,-39.99999,0.027907,19.199809,0.001088,19.199828,0.0048206,0.0000088,0.0010678,0.010225,0.010139,3.03059888e-06,1.37102252e-08,8.90449834e-10,3.00510469e-06,1.36438549e-08,8.86603322e-10,1.63667902e-09,4.00458517e-10,5.929e-21,8.470e-22
8.0000,60.00000,-40.00000,0.027907,19.199816,0.001088,19.199836,0.0048206,0.0000088,0.0010678,0.008243,0.008192,2.43400334e-06,1.28370460e-09,-4.59094886e-11,2.41897478e-06,1.29030497e-09,-4.51447840e-11,1.54644902e-09,4.02663258e-10,6.776e-21,1.271e-21
8.0200,60.00000,-40.00000,0.027907,19.199820,0.001089,19.199840,0.0048206,0.0000088,0.0010678,0.006140,0.006125,1.80139106e-06,-1.09291109e-08,-3.82987311e-10,1.79704943e-06,-1.08549233e-08,-3.80930668e-10,1.54644901e-09,4.05142654e-10,2.541e-21,6.353e-22
8.0400,60.00000,-40.00000,0.027907,19.199824,0.001089,19.199844,0.0048207,0.0000088,0.0010678,0.003924,0.003945,1.14068995e-06,-1.68860080e-08,3.92612597e-10,1.14709398e-06,-1.67871296e-08,3.89869355e-10,1.54644901e-09,4.07843733e-10,2.541e-21,7.412e-22
8.0600,60.00000,-40.00000,0.027908,19.199829,0.001089,19.199848,0.0048207,0.0000088,0.0010679,0.001611,0.001669,4.62594173e-07,-1.30160237e-08,-1.36918935e-10,4.79615879e-07,-1.29549170e-08,-1.37243674e-10,1.54644901e-09,4.10689546e-10,3.388e-21,1.694e-21
8.0800,60.00000,-40.00000,0.027908,19.199833,0.001089,19.199853,0.0048207,0.0000088,0.0010679,-0.000748,-0.000655,-2.21974102e-07,-1.55900348e-09,-2.31609045e-10,-1.94646110e-07,-1.58056787e-09,-2.31900609e-10,1.54644901e-09,4.13595894e-10,3.388e-21,1.271e-21
8.1000,60.00000,-40.00000,0.027908,19.199837,0.001089,19.199857,0.0048207,0.0000088,0.0010679,-0.003092,-0.002965,-9.02062253e-07,1.07813179e-08,4.28648848e-10,-8.64916132e-07,1.06764232e-08,4.24293538e-10,1.54644901e-09,4.16467021e-10,6.776e-21,8.470e-22
8.1200,60.00000,-40.00000,0.027908,19.199841,0.001089,19.199861,0.0048207,0.0000088,0.0010679,-0.005367,-0.005209,-1.56682511e-06,1.68237314e-08,-2.26151997e-10,-1.52051685e-06,1.66794457e-08,-2.27321777e-10,1.54644901e-09,4.19208139e-10,1.694e-21,1.165e-21
8.1400,60.00000,-40.00000,0.027908,19.199846,0.001089,19.199865,0.0048207,0.0000088,0.0010680,-0.007518,-0.007333,-2.20560815e-06,1.31720271e-08,-6.44086995e-11,-2.15095120e-06,1.30507043e-08,-6.69003466e-11,1.54644901e-09,4.21740528e-10,2.541e-21,4.235e-22
8.1600,60.00000,-40.00000,0.027909,19.199849,0.001089,19.199869,0.0048207,0.0000088,0.0010680,-0.009521,-0.009311,-2.80814165e-06,2.16441090e-09,4.34383753e-10,-2.74609353e-06,2.11020431e-09,4.28804501e-10,1.54644901e-09,4.23999991e-10,3.388e-21,8.470e-22
8.1800,60.00000,-40.00000,0.027909,19.199853,0.001089,19.199873,0.0048207,0.0000088,0.0010680,-0.011370,-0.011138,-3.36471116e-06,-9.54807454e-09,-2.54625956e-10,-3.29635740e-06,-9.53472486e-09,-2.56723184e-10,1.54644901e-09,4.25931571e-10,2.541e-21,8.470e-22
8.2000,60.00000,-40.00000,0.027909,19.199856,0.001089,19.199876,0.0048207,0.0000088,0.0010680,-0.013050,-0.012801,-3.86632575e-06,-1.49460698e-08,1.21886747e-10,-3.79286122e-06,-1.49079129e-08,1.17456641e-10,1.54644901e-09,4.27500054e-10,5.082e-21,6.353e-22
8.2200,60.00000,-40.00000,0.027909,19.199859,0.001089,19.199879,0.0048207,0.0000088,0.0010680,-0.014549,-0.014287,-4.30495597e-06,-1.08134560e-08,3.93890158e-10,-4.22766285e-06,-1.08100511e-08,3.87859418e-10,1.54644901e-09,4.28701920e-10,2.541e-21,8.470e-22
8.2400,60.00000,-40.00000,0.027909,19.199861,0.001089,19.199881,0.0048207,0.0000088,0.0010680,-0.015839,-0.015568,-4.67365789e-06,4.06110422e-10,-2.70869816e-10,-4.59388221e-06,3.34458464e-10,-2.73318221e-10,1.54644901e-09,4.29558285e-10,4.235e-21,6.353e-22
8.2600,60.00000,-40.00000,0.027909,19.199863,0.001089,19.199883,0.0048207,0.0000088,0.0010680,-0.016869,-0.016595,-4.96664946e-06,1.21038132e-08,2.54319523e-10,-4.88577715e-06,1.19603769e-08,2.48958109e-10,1.54644901e-09,4.30104336e-10,8.470e-22,1.588e-22
8.2800,60.00000,-40.00000,0.027909,19.199865,0.001089,19.199884,0.0048207,0.0000088,0.0010681,-0.017608,-0.017334,-5.17940251e-06,1.74148436e-08,2.89950594e-10,-5.09883505e-06,1.72449877e-08,2.84497982e-10,1.54644901e-09,4.30394062e-10,4.235e-22,2.118e-22
8.3000,60.00000,-40.00000,0.027909,19.199865,0.001089,19.199885,0.0048207,0.0000088,0.0010681,-0.018034,-0.017766,-5.30863289e-06,1.32894704e-08,-2.58939075e-10,-5.22976400e-06,1.31540799e-08,-2.61301025e-10,1.54644901e-09,4.30505088e-10,1.694e-21,1.059e-22
8.3200,60.00000,-40.00000,0.027909,19.199866,0.001089,19.199886,0.0048207,0.0000088,0.0010681,-0.018142,-0.017885,-5.35233004e-06,2.26310279e-09,3.66057206e-10,-5.27652285e-06,2.20301426e-09,3.60396737e-10,1.54644901e-09,4.30526641e-10,1.059e-22,1.654e-23
8.3400,60.00000,-40.00000,0.027909,19.199866,0.001089,19.199885,0.0048207,0.0000088,0.0010681,-0.017960,-0.017718,-5.30984198e-06,-9.10346492e-09,1.85125784e-10,-5.23840584e-06,-9.09072403e-09,1.80738478e-10,1.54644901e-09,4.30545823e-10,1.059e-21,1.059e-22
8.3600,60.00000,-40.00000,0.027909,19.199865,0.001089,19.199885,0.0048207,0.0000088,0.0010681,-0.017511,-0.017288,-5.18188614e-06,-1.41063417e-08,-2.01321594e-10,-5.11605418e-06,-1.40641704e-08,-2.03331716e-10,1.54644901e-09,4.30649274e-10,4.235e-22,2.118e-22
8.3800,60.00000,-40.00000,0.027908,19.199863,0.001089,19.199883,0.0048207,0.0000088,0.0010680,-0.016808,-0.016607,-4.97059339e-06,-9.86266159e-09,4.27655267e-10,-4.91150046e-06,-9.84874430e-09,4.22563059e-10,1.54644901e-09,4.30925505e-10,2.541e-21,4.235e-22
8.4000,60.00000,-40.00000,0.027908,19.199862,0.001089,19.199881,0.0048207,0.0000088,0.0010680,-0.015859,-0.015685,-4.67951624e-06,1.00548293e-09,4.44724793e-11,-4.62817793e-06,9.54130942e-10,4.19736121e-11,1.54644901e-09,4.31451783e-10,1.694e-21,8.470e-22
8.4200,60.00000,-40.00000,0.027908,19.199859,0.001089,19.199879,0.0048207,0.0000088,0.0010680,-0.014657,-0.014512,-4.31350908e-06,1.19846297e-08,-1.55447334e-10,-4.27080390e-06,1.18738418e-08,-1.56441750e-10,1.54644901e-09,4.32281517e-10,3.812e-21,4.235e-22
8.4400,60.00000,-40.00000,0.027908,19.199856,0.001089,19.199876,0.0048207,0.0000088,0.0010680,-0.013197,-0.013084,-3.87863014e-06,1.65325012e-08,4.13944622e-10,-3.84528453e-06,1.64076103e-08,4.10326546e-10,1.54644901e-09,4.33448055e-10,3.388e-21,1.271e-21
8.4600,60.00000,-40.00000,0.027908,19.199853,0.001089,19.199873,0.0048207,0.0000088,0.0010680,-0.011500,-0.011421,-3.38201110e-06,1.19341316e-08,-9.67872508e-11,-3.35858771e-06,1.18532100e-08,-9.70717980e-11,1.54644901e-09,4.34970190e-10,8.470e-22,4.235e-22
8.4800,60.00000,-40.00000,0.027907,19.199850,0.001089,19.199870,0.0048207,0.0000088,0.0010680,-0.009598,-0.009554,-2.83168431e-06,8.95221415e-10,-8.06780932e-11,-2.81857388e-06,8.94731831e-10,-8.06351870e-11,1.54644901e-09,4.36844268e-10,5.082e-21,8.470e-22
8.5000,60.00000,-40.00000,0.027907,19.199846,0.001089,19.199866,0.0048207,0.0000088,0.0010680,-0.007543,-0.007534,-2.23650480e-06,-1.01136398e-08,3.77220325e-10,-2.23392017e-06,-1.00400469e-08,3.75295354e-10,1.54644901e-09,4.39037108e-10,1.694e-21,8.470e-22
8.5200,60.00000,-40.00000,0.027907,19.199842,0.001089,19.199862,0.0048207,0.0000088,0.0010679,-0.005393,-0.005420,-1.60604794e-06,-1.47028674e-08,-2.03198646e-10,-1.61402036e-06,-1.46001147e-08,-2.01397114e-10,1.54644901e-09,4.41495144e-10,8.470e-21,4.235e-22
8.5400,60.00000,-40.00000,0.027907,19.199838,0.001088,19.199858,0.0048207,0.0000088,0.0010679,-0.003186,-0.003248,-9.50465701e-07,-1.03165420e-08,-5.30809218e-12,-9.68843948e-07,-1.02412814e-08,-4.14381397e-12,1.54644901e-09,4.44154822e-10,3.388e-21,4.235e-22
8.5600,60.00000,-40.00000,0.027906,19.199833,0.001088,19.199853,0.0048207,0.0000088,0.0010679,-0.000950,-0.001046,-2.80377449e-07,2.71374521e-10,2.78439424e-10,-3.08829412e-07,2.84421810e-10,2.78627575e-10,1.54644901e-09,4.46939056e-10,1.694e-21,1.271e-21
8.5800,60.00000,-40.00000,0.027906,19.199829,0.001088,19.199849,0.0048207,0.0000088,0.0010679,0.001296,0.001167,3.93335353e-07,1.06457378e-08,-3.09466079e-10,3.55317328e-07,1.06040165e-08,-3.05576646e-10,1.54644901e-09,4.49755597e-10,1.355e-20,6.353e-22
8.6000,60.00000,-40.00000,0.027906,19.199825,0.001088,19.199845,0.0048207,0.0000088,0.0010678,0.003542,0.003383,1.05976755e-06,1.45771469e-08,4.45305131e-11,1.01285721e-06,1.45251800e-08,4.68309248e-11,1.54644901e-09,4.52510686e-10,2.541e-21,4.235e-22
8.6200,60.00000,-40.00000,0.027906,19.199821,0.001088,19.199841,0.0048206,0.0000088,0.0010678,0.005756,0.005569,1.70816898e-06,9.67905585e-09,1.52420739e-10,1.65319363e-06,9.67150479e-09,1.54569492e-10,1.54644901e-09,4.55121624e-10,1.694e-21,5.294e-22
8.6400,60.00000,-40.00000,0.027906,19.199817,0.001088,19.199837,0.0048206,0.0000088,0.0010678,0.007892,0.007681,2.32815798e-06,-1.19925315e-09,-3.57942955e-10,2.26608283e-06,-1.13051155e-09,-3.52731833e-10,1.54644901e-09,4.57515046e-10,5.082e-21,8.470e-22
8.6600,60.00000,-40.00000,0.027906,19.199813,0.001088,19.199833,0.0048206,0.0000088,0.0010678,0.009900,0.009669,2.90987624e-06,-1.16898999e-08,1.10025145e-10,2.84178667e-06,-1.15550265e-08,1.12864810e-10,1.54644901e-09,4.59625143e-10,8.470e-22,8.470e-22
8.6800,60.00000,-40.00000,0.027905,19.199810,0.001088,19.199830,0.0048206,0.0000088,0.0010678,0.011723,0.011476,3.44407061e-06,-1.57079743e-08,3.36286731e-11,3.37115366e-06,-1.55532667e-08,3.71814656e-11,1.54644901e-09,4.61404633e-10,1.694e-21,4.235e-22
8.7000,60.00000,-40.00000,0.027905,19.199807,0.001088,19.199826,0.0048206,0.0000088,0.0010677,0.013326,0.013067,3.92223310e-06,-1.10222473e-08,-3.64883413e-10,3.84575749e-06,-1.09030601e-08,-3.59050619e-10,1.54644901e-09,4.62833802e-10,4.235e-22,8.470e-22
8.7200,60.00000,-40.00000,0.027905,19.199804,0.001088,19.199824,0.0048206,0.0000088,0.0010677,0.014697,0.014430,4.33671754e-06,-5.42687797e-10,1.39995481e-10,4.25801248e-06,-4.91213159e-10,1.43134828e-10,1.54644901e-09,4.63914342e-10,1.694e-21,1.059e-22
8.7400,60.00000,-40.00000,0.027905,19.199802,0.001088,19.199821,0.0048206,0.0000088,0.0010677,0.015828,0.015559,4.68085559e-06,9.42559195e-09,-1.06466250e-10,4.60128855e-06,9.41863739e-09,-1.01865714e-10,1.54644901e-09,4.64663481e-10,1.694e-21,2.118e-22
8.7600,60.00000,-40.00000,0.027905,19.199800,0.001088,19.199820,0.0048206,0.0000088,0.0010677,0.016725,0.016457,4.94913992e-06,1.29493519e-08,-3.46827166e-10,4.87009240e-06,1.29281416e-08,-3.41061932e-10,1.54644901e-09,4.65120574e-10,1.694e-21,1.588e-22
8.7800,60.00000,-40.00000,0.027905,19.199799,0.001088,19.199819,0.0048206,0.0000088,0.0010677,0.017381,0.017119,5.13733448e-06,7.95849018e-09,1.54739953e-10,5.06017720e-06,7.97494488e-09,1.57612818e-10,1.54644901e-09,4.65350052e-10,4.235e-22,2.118e-22
8.8000,60.00000,-40.00000,0.027905,19.199798,0.001088,19.199818,0.0048206,0.0000088,0.0010677,0.017772,0.017521,5.24253905e-06,-2.56995202e-09,-2.05412848e-10,5.16860741e-06,-2.48761455e-09,-2.00718459e-10,1.54644901e-09,4.65429798e-10,4.235e-22,5.294e-23
8.8200,60.00000,-40.00000,0.027906,19.199798,0.001088,19.199818,0.0048206,0.0000088,0.0010677,0.017875,0.017639,5.26324772e-06,-1.23907154e-08,-2.64148829e-10,5.19381788e-06,-1.22552585e-08,-2.59514575e-10,1.54644901e-09,4.65440702e-10,4.235e-22,1.323e-23
8.8400,60.00000,-40.00000,0.027906,19.199798,0.001088,19.199818,0.0048206,0.0000088,0.0010677,0.017671,0.017455,5.19930481e-06,-1.57144235e-08,1.69997774e-10,5.13557202e-06,-1.55723011e-08,1.71979770e-10,1.54644901e-09,4.65468571e-10,8.470e-22,1.059e-22
8.8600,60.00000,-40.00000,0.027906,19.199799,0.001088,19.199819,0.0048206,0.0000088,0.0010677,0.017153,0.016960,5.05186342e-06,-1.06226970e-08,-2.73863477e-10,4.99492242e-06,-1.05268000e-08,-2.69751872e-10,1.54644901e-09,4.65603794e-10,1.271e-21,2.118e-22
8.8800,60.00000,-40.00000,0.027906,19.199801,0.001088,19.199821,0.0048206,0.0000088,0.0010677,0.016344,0.016177,4.82338156e-06,-1.55084229e-10,-1.72636754e-10,4.77420848e-06,-1.33961267e-10,-1.69574661e-10,1.54644901e-09,4.65928490e-10,6.353e-22,0.000e+00
8.9000,60.00000,-40.00000,0.027906,19.199803,0.001088,19.199822,0.0048206,0.0000088,0.0010677,0.015276,0.015138,4.51757147e-06,9.50790931e-09,1.44252345e-10,4.47700778e-06,9.46635276e-09,1.45219875e-10,1.54644901e-09,4.66506549e-10,5.929e-21,4.765e-22
8.9200,60.00000,-40.00000,0.027906,19.199805,0.001088,19.199825,0.0048206,0.0000088,0.0010677,0.013982,0.013876,4.13938661e-06,1.27202568e-08,-3.19306654e-10,4.10812453e-06,1.26608706e-08,-3.16268503e-10,1.54644901e-09,4.67386701e-10,3.388e-21,4.765e-22
8.9400,60.00000,-40.00000,0.027907,19.199808,0.001088,19.199828,0.0048206,0.0000088,0.0010677,0.012494,0.012421,3.69499864e-06,7.70816859e-09,-6.16651120e-11,3.67356823e-06,7.68130792e-09,-6.06584024e-11,1.54644901e-09,4.68603839e-10,5.082e-21,4.235e-22
8.9600,60.00000,-40.00000,0.027907,19.199811,0.001088,19.199831,0.0048206,0.0000088,0.0010678,0.010823,0.010785,3.19167610e-06,-2.43106293e-09,1.26550004e-10,3.18043556e-06,-2.39961323e-09,1.26084852e-10,1.54644901e-09,4.70169635e-10,3.388e-21,4.235e-22
8.9800,60.00000,-40.00000,0.027907,19.199815,0.001089,19.199834,0.0048206,0.0000088,0.0010678,0.008976,0.008973,2.63766181e-06,-1.15880267e-08,-2.98072365e-10,2.63679103e-06,-1.15123186e-08,-2.96770539e-10,1.54644901e-09,4.72067260e-10,2.233e-23,4.235e-22
9.0000,60.00000,-40.00000,0.027907,19.199818,0.001089,19.199838,0.0048206,0.0000088,0.0010678,0.006968,0.007000,2.04200937e-06,-1.42661988e-08,6.81958823e-11,2.05150710e-06,-1.41916088e-08,6.69049220e-11,1.54644901e-09,4.74259761e-10,1.016e-20,6.353e-22
9.0200,60.00000,-40.00000,0.027908,19.199822,0.001089,19.199842,0.0048207,0.0000088,0.0010678,0.004823,0.004889,1.41437034e-06,-8.83781760e-09,9.70866209e-11,1.43405565e-06,-8.81381898e-09,9.52722517e-11,1.54644901e-09,4.76697271e-10,5.929e-21,1.271e-21
9.0400,60.00000,-40.00000,0.027908,19.199827,0.001089,19.199846,0.0048207,0.0000088,0.0010678,0.002586,0.002686,7.64851634e-07,1.53671886e-09,-2.59716158e-10,7.94368116e-07,1.48597596e-09,-2.60086359e-10,1.54644901e-09,4.79313096e-10,8.470e-22,1.271e-21
9.0600,60.00000,-40.00000,0.027908,19.199831,0.001089,19.199851,0.0048207,0.0000088,0.0010679,0.000316,0.000448,1.03874483e-07,1.08104964e-08,1.61987476e-10,1.42697027e-07,1.07004517e-08,1.58836707e-10,1.54644901e-09,4.82023807e-10,3.388e-21,1.694e-21
9.0800,60.00000,-40.00000,0.027908,19.199835,0.001089,19.199855,0.0048207,0.0000088,0.0010679,-0.001937,-0.001775,-5.57977742e-07,1.36272384e-08,4.72771506e-11,-5.10533675e-07,1.35037957e-08,4.44606631e-11,1.54644901e-09,4.84741626e-10,5.082e-21,5.294e-22
9.1000,60.00000,-40.00000,0.027908,19.199839,0.001089,19.199859,0.0048207,0.0000088,0.0010679,-0.004130,-0.003942,-1.21006684e-06,8.48947269e-09,-1.88824966e-10,-1.15483417e-06,8.40184745e-09,-1.90817571e-10,1.54644901e-09,4.87383504e-10,1.694e-21,1.271e-21
9.1200,60.00000,-40.00000,0.027909,19.199843,0.001089,19.199863,0.0048207,0.0000088,0.0010679,-0.006235,-0.006025,-1.84187044e-06,-1.39456729e-09,2.52757876e-10,-1.77981676e-06,-1.42262934e-09,2.48013129e-10,1.54644901e-09,4.89869362e-10,6.776e-21,1.271e-21
9.1400,60.00000,-40.00000,0.027909,19.199847,0.001089,19.199867,0.0048207,0.0000088,0.0010680,-0.008244,-0.008015,-2.44318967e-06,-1.00519316e-08,2.06478841e-11,-2.37540055e-06,-1.00354763e-08,1.70113611e-11,1.54644901e-09,4.92123808e-10,1.016e-20,3.176e-22
9.1600,60.00000,-40.00000,0.027909,19.199851,0.001089,19.199871,0.0048207,0.0000088,0.0010680,-0.010139,-0.009893,-3.00432432e-06,-1.22788793e-08,-8.56428152e-11,-2.93198418e-06,-1.22620346e-08,-8.89906091e-11,1.54644901e-09,4.94088065e-10,3.388e-21,4.235e-22
9.1800,60.00000,-40.00000,0.027909,19.199854,0.001089,19.199874,0.0048207,0.0000088,0.0010680,-0.011891,-0.011634,-3.51627975e-06,-6.71630646e-09,3.07223493e-10,-3.44065026e-06,-6.74528612e-09,3.01662812e-10,1.54644901e-09,4.95727507e-10,5.082e-21,8.470e-22
9.2000,60.00000,-40.00000,0.027909,19.199857,0.001089,19.199877,0.0048207,0.0000088,0.0010680,-0.013467,-0.013203,-3.97092706e-06,3.37301782e-09,-2.44305349e-11,-3.89332416e-06,3.27799616e-09,-2.81303461e-11,1.54644901e-09,4.97026828e-10,3.388e-21,4.235e-22
9.2200,60.00000,-40.00000,0.027909,19.199859,0.001089,19.199879,0.0048207,0.0000088,0.0010680,-0.014818,-0.014553,-4.36108494e-06,1.20784600e-08,-1.95581108e-12,-4.28285577e-06,1.19355409e-08,-5.86880281e-12,1.54644901e-09,4.97987334e-10,1.694e-21,5.823e-22
9.2400,60.00000,-40.00000,0.027909,19.199861,0.001089,19.199881,0.0048207,0.0000088,0.0010680,-0.015907,-0.015644,-4.68061738e-06,1.43377423e-08,3.10089635e-10,-4.60311708e-06,1.41930805e-08,3.04623367e-10,1.54644901e-09,4.98633636e-10,8.272e-25,4.235e-22
9.2600,60.00000,-40.00000,0.027909,19.199863,0.001089,19.199883,0.0048207,0.0000088,0.0010680,-0.016717,-0.016461,-4.92449598e-06,8.91762020e-09,-6.08957147e-11,-4.84906501e-06,8.81849898e-09,-6.41646320e-11,1.54644901e-09,4.99015032e-10,3.388e-21,4.235e-22
9.2800,60.00000,-40.00000,0.027909,19.199864,0.001089,19.199884,0.0048207,0.0000088,0.0010681,-0.017240,-0.016996,-5.08885119e-06,-8.78825665e-10,9.38943913e-11,-5.01679321e-06,-9.11423538e-10,8.98544743e-11,1.54644901e-09,4.99195474e-10,8.470e-22,5.294e-23
9.3000,60.00000,-40.00000,0.027909,19.199865,0.001089,19.199885,0.0048207,0.0000088,0.0010681,-0.017489,-0.017261,-5.17108102e-06,-9.21119801e-09,2.98613347e-10,-5.10364053e-06,-9.19411934e-09,2.93819968e-10,1.54644901e-09,4.99246771e-10,2.118e-22,5.294e-23
9.3200,60.00000,-40.00000,0.027909,19.199865,0.001089,19.199885,0.0048207,0.0000088,0.0010681,-0.017480,-0.017271,-5.16991999e-06,-1.11637965e-08,-7.74492441e-11,-5.10826049e-06,-1.11408147e-08,-7.98543453e-11,1.54644901e-09,4.99250817e-10,3.176e-22,5.294e-23
9.3400,60.00000,-40.00000,0.027908,19.199864,0.001089,19.199884,0.0048207,0.0000088,0.0010681,-0.017212,-0.017026,-5.08547711e-06,-5.63285523e-09,1.66455856e-10,-5.03066036e-06,-5.64798790e-09,1.63021592e-10,1.54644901e-09,4.99297038e-10,8.470e-22,1.059e-22
9.3600,60.00000,-40.00000,0.027908,19.199863,0.001089,19.199883,0.0048207,0.0000088,0.0010680,-0.016681,-0.016522,-4.91926454e-06,4.03920657e-09,2.33020246e-10,-4.87223127e-06,3.96836973e-09,2.29790918e-10,1.54644901e-09,4.99469760e-10,1.694e-21,6.353e-22
9.3800,60.00000,-40.00000,0.027908,19.199861,0.001089,19.199881,0.0048207,0.0000088,0.0010680,-0.015879,-0.015749,-4.67413185e-06,1.20804850e-08,-1.09330062e-10,-4.63568535e-06,1.19734375e-08,-1.10263787e-10,1.54644901e-09,4.99840098e-10,8.470e-22,4.235e-22
9.4000,60.00000,-40.00000,0.027908,19.199859,0.001089,19.199879,0.0048207,0.0000088,0.0010680,-0.014800,-0.014700,-4.35417509e-06,1.37181381e-08,1.99937058e-10,-4.32496794e-06,1.36199655e-08,1.97726724e-10,1.54644901e-09,5.00468182e-10,2.541e-21,2.118e-22
9.4200,60.00000,-40.00000,0.027908,19.199857,0.001089,19.199877,0.0048207,0.0000088,0.0010680,-0.013460,-0.013394,-3.96465996e-06,7.97658126e-09,1.46301627e-10,-3.94518363e-06,7.93141109e-09,1.44994676e-10,1.54644901e-09,5.01401886e-10,1.694e-21,8.470e-22
9.4400,60.00000,-40.00000,0.027907,19.199854,0.001089,19.199874,0.0048207,0.0000088,0.0010680,-0.011894,-0.011862,-3.51190789e-06,-1.76481065e-09,-1.12258446e-10,-3.50248540e-06,-1.73975624e-09,-1.11744933e-10,1.54644901e-09,5.02667407e-10,1.694e-21,1.694e-21
9.4600,60.00000,-40.00000,0.027907,19.199851,0.001089,19.199871,0.0048207,0.0000088,0.0010680,-0.010142,-0.010145,-3.00321927e-06,-9.80114869e-09,2.26422423e-10,-3.00400020e-06,-9.72540902e-09,2.25563079e-10,1.54644901e-09,5.04265333e-10,2.541e-21,9.529e-22
9.4800,60.00000,-40.00000,0.027907,19.199847,0.001089,19.199867,0.0048207,0.0000088,0.0010680,-0.008252,-0.008289,-2.44680956e-06,-1.14946886e-08,5.66213385e-11,-2.45776711e-06,-1.14125720e-08,5.73204418e-11,1.54644901e-09,5.06176989e-10,3.388e-21,9.529e-22
9.5000,60.00000,-40.00000,0.027907,19.199844,0.001088,19.199863,0.0048207,0.0000088,0.0010679,-0.006254,-0.006325,-1.85168311e-06,-5.98997719e-09,-1.11033955e-10,-1.87261415e-06,-5.94417448e-09,-1.09019324e-10,1.54644901e-09,5.08367734e-10,8.470e-21,2.118e-22
9.5200,60.00000,-40.00000,0.027906,19.199840,0.001088,19.199859,0.0048207,0.0000088,0.0010679,-0.004170,-0.004273,-1.22750340e-06,3.30705476e-09,2.03714411e-10,-1.25803142e-06,3.30065366e-09,2.04514108e-10,1.54644901e-09,5.10782520e-10,1.694e-21,6.353e-22
9.5400,60.00000,-40.00000,0.027906,19.199835,0.001088,19.199855,0.0048207,0.0000088,0.0010679,-0.002017,-0.002151,-5.84423612e-07,1.07693493e-08,-5.82483780e-11,-6.24005071e-07,1.07307039e-08,-5.54837234e-11,1.54644901e-09,5.13347508e-10,1.694e-21,4.235e-22
9.5600,60.00000,-40.00000,0.027906,19.199831,0.001088,19.199851,0.0048207,0.0000088,0.0010679,0.000187,0.000024,6.71373068e-08,1.19004455e-08,-1.12046391e-10,1.92027590e-08,1.18729148e-08,-1.08732539e-10,1.54644901e-09,5.15981727e-10,1.016e-20,8.470e-22
9.5800,60.00000,-40.00000,0.027906,19.199827,0.001088,19.199847,0.0048207,0.0000088,0.0010679,0.002409,0.002221,7.16675786e-07,5.97239838e-09,1.61631209e-10,6.61232154e-07,5.99652169e-09,1.63830092e-10,1.54644901e-09,5.18604195e-10,5.082e-21,1.271e-21
9.6000,60.00000,-40.00000,0.027906,19.199823,0.001088,19.199843,0.0048207,0.0000088,0.0010678,0.004599,0.004388,1.35377485e-06,-3.57378090e-09,-1.43685733e-10,1.29179427e-06,-3.48469054e-09,-1.39496431e-10,1.54644901e-09,5.21132726e-10,5.082e-21,4.235e-22
9.6200,60.00000,-40.00000,0.027906,19.199819,0.001088,19.199839,0.0048206,0.0000088,0.0010678,0.006707,0.006478,1.96826748e-06,-1.11802453e-08,-8.22317743e-11,1.90083273e-06,-1.10483181e-08,-7.82858784e-11,1.54644901e-09,5.23487504e-10,5.082e-21,1.271e-21
9.6400,60.00000,-40.00000,0.027905,19.199815,0.001088,19.199835,0.0048206,0.0000088,0.0010678,0.008684,0.008441,2.55034279e-06,-1.24777189e-08,1.12862780e-10,2.47862897e-06,-1.23476370e-08,1.16012123e-10,1.54644901e-09,5.25602115e-10,3.388e-21,0.000e+00
9.6600,60.00000,-40.00000,0.027905,19.199812,0.001088,19.199832,0.0048206,0.0000088,0.0010678,0.010495,0.010241,3.09067970e-06,-6.85044591e-09,-2.14475276e-10,3.01593454e-06,-6.76336277e-09,-2.09402245e-10,1.54644901e-09,5.27429137e-10,1.694e-21,8.470e-22
9.6800,60.00000,-40.00000,0.027905,19.199809,0.001088,19.199829,0.0048206,0.0000088,0.0010678,0.012125,0.011866,3.58060628e-06,2.23868809e-09,-6.43920266e-11,3.50412903e-06,2.26883979e-09,-6.01965029e-11,1.54644901e-09,5.28937024e-10,1.694e-21,2.118e-22
9.7000,60.00000,-40.00000,0.027905,19.199806,0.001088,19.199826,0.0048206,0.0000088,0.0010677,0.013564,0.013303,4.01224078e-06,9.31464159e-09,3.38157857e-11,3.93536003e-06,9.30858676e-09,3.75674544e-11,1.54644901e-09,5.30110785e-10,1.694e-21,1.059e-22
9.7200,60.00000,-40.00000,0.027905,19.199804,0.001088,19.199823,0.0048206,0.0000088,0.0010677,0.014801,0.014544,4.37866521e-06,1.01444550e-08,-2.66990566e-10,4.30271534e-06,1.01443440e-08,-2.61737911e-10,1.54644901e-09,5.30959336e-10,4.235e-22,6.353e-22
9.7400,60.00000,-40.00000,0.027905,19.199802,0.001088,19.199822,0.0048206,0.0000088,0.0010677,0.015823,0.015573,4.67407057e-06,4.23048366e-09,-3.44059689e-11,4.60036768e-06,4.27404097e-09,-3.06969242e-11,1.54644901e-09,5.31516196e-10,1.694e-21,2.118e-22
9.7600,60.00000,-40.00000,0.027905,19.199800,0.001088,19.199820,0.0048206,0.0000088,0.0010677,0.016599,0.016361,4.89383215e-06,-4.93458782e-09,-2.49824891e-11,4.82365068e-06,-4.83699150e-09,-2.14476118e-11,1.54644901e-09,5.31831005e-10,8.470e-22,1.059e-22
9.7800,60.00000,-40.00000,0.027906,19.199799,0.001088,19.199819,0.0048206,0.0000088,0.0010677,0.017099,0.016877,5.03457484e-06,-1.19515047e-08,-2.65134625e-10,4.96912527e-06,-1.18234370e-08,-2.60656946e-10,1.54644901e-09,5.31965088e-10,1.271e-21,3.176e-22
9.8000,60.00000,-40.00000,0.027906,19.199799,0.001088,19.199819,0.0048206,0.0000088,0.0010677,0.017304,0.017102,5.09419017e-06,-1.27152338e-08,8.99791489e-12,5.03459854e-06,-1.26005791e-08,1.15996541e-11,1.54644901e-09,5.31993386e-10,2.118e-22,2.647e-23
9.8200,60.00000,-40.00000,0.027906,19.199799,0.001088,19.199819,0.0048206,0.0000088,0.0010677,0.017208,0.017029,5.07182546e-06,-6.83535300e-09,-8.09839926e-11,5.01911492e-06,-6.77264967e-09,-7.81358316e-11,1.54644901e-09,5.32000645e-10,4.235e-22,3.970e-23
9.8400,60.00000,-40.00000,0.027906,19.199800,0.001088,19.199820,0.0048206,0.0000088,0.0010677,0.016825,0.016673,4.96791221e-06,2.17255173e-09,-2.49108807e-10,4.92298602e-06,2.17237032e-09,-2.45856925e-10,1.54644901e-09,5.32070187e-10,2.541e-21,2.118e-22
9.8600,60.00000,-40.00000,0.027906,19.199801,0.001088,19.199821,0.0048206,0.0000088,0.0010677,0.016180,0.016057,4.78417497e-06,8.98923888e-09,3.22123558e-11,4.74780122e-06,8.94865831e-09,3.34692536e-11,1.54644901e-09,5.32277806e-10,4.235e-21,2.647e-22
9.8800,60.00000,-40.00000,0.027906,19.199802,0.001088,19.199822,0.0048206,0.0000088,0.0010677,0.015295,0.015203,4.52362633e-06,9.63930802e-09,-1.30321812e-10,4.49642450e-06,9.60030338e-09,-1.28572168e-10,1.54644901e-09,5.32692780e-10,8.470e-22,2.118e-22
9.9000,60.00000,-40.00000,0.027907,19.199805,0.001088,19.199824,0.0048206,0.0000088,0.0010677,0.014186,0.014126,4.19056180e-06,3.83594183e-09,-1.96485176e-10,4.17299124e-06,3.83460138e-09,-1.95024979e-10,1.54644901e-09,5.33374024e-10,1.694e-21,1.059e-22
9.9200,60.00000,-40.00000,0.027907,19.199807,0.001089,19.199827,0.0048206,0.0000088,0.0010677,0.012860,0.012834,3.79047896e-06,-4.88568079e-09,7.18427905e-11,3.78283054e-06,-4.84070405e-09,7.13467843e-11,1.54644901e-09,5.34360441e-10,8.470e-21,8.470e-22
9.9400,60.00000,-40.00000,0.027907,19.199810,0.001089,19.199830,0.0048206,0.0000088,0.0010678,0.011321,0.011329,3.32995864e-06,-1.12884037e-08,-1.39235004e-10,3.33234987e-06,-1.12209092e-08,-1.39024028e-10,1.54644901e-09,5.35667885e-10,1.016e-20,1.165e-21
9.9600,60.00000,-40.00000,0.027907,19.199813,0.001089,19.199833,0.0048206,0.0000088,0.0010678,0.009582,0.009624,2.81653975e-06,-1.15296799e-08,-1.12666003e-10,2.82891334e-06,-1.14816473e-08,-1.13220143e-10,1.54644901e-09,5.37293990e-10,3.388e-21,8.470e-22
9.9800,60.00000,-40.00000,0.027908,19.199817,0.001089,19.199837,0.0048206,0.0000088,0.0010678,0.007672,0.007747,2.25855616e-06,-5.42746150e-09,9.81934875e-11,2.28068210e-06,-5.43396023e-09,9.61075126e-11,1.54644901e-09,5.39219132e-10,8.470e-21,1.271e-21
10.0000,60.00000,-40.00000,0.027908,19.199821,0.001089,19.199841,0.0048206,0.0000088,0.0010678,0.005629,0.005736,1.66500186e-06,3.46047889e-09,-1.45978488e-10,1.69648244e-06,3.39215674e-09,-1.47134514e-10,1.54644901e-09,5.41402178e-10,1.694e-21,8.470e-22
10.0200,60.00000,-40.00000,0.027908,19.199825,0.001089,19.199845,0.0048207,0.0000088,0.0010678,0.003508,0.003645,1.04542280e-06,9.97114464e-09,-3.64256532e-11,1.08569967e-06,9.86575168e-09,-3.87131186e-11,1.54644901e-09,5.43782621e-10,3.388e-21,8.470e-22
10.0400,60.00000,-40.00000,0.027908,19.199829,0.001089,19.199849,0.0048207,0.0000088,0.0010679,0.001354,0.001518,4.09779757e-07,1.03855947e-08,1.07055180e-10,4.58143528e-07,1.02853237e-08,1.03705867e-10,1.54644901e-09,5.46289946e-10,3.388e-21,4.235e-22
10.0600,60.00000,-40.00000,0.027908,19.199833,0.001089,19.199853,0.0048207,0.0000088,0.0010679,-0.000801,-0.000612,-2.31681090e-07,4.61417429e-09,-1.25955423e-10,-1.76079162e-07,4.55387269e-09,-1.28392469e-10,1.54644901e-09,5.48848205e-10,1.016e-20,8.470e-22
10.0800,60.00000,-40.00000,0.027909,19.199837,0.001089,19.199857,0.0048207,0.0000088,0.0010679,-0.002930,-0.002720,-8.68584707e-07,-3.77656778e-09,5.96048403e-11,-8.06718553e-07,-3.78959478e-09,5.57679502e-11,1.54644901e-09,5.51375334e-10,1.016e-20,4.235e-22
10.1000,60.00000,-40.00000,0.027909,19.199841,0.001089,19.199861,0.0048207,0.0000088,0.0010679,-0.005018,-0.004790,-1.49063513e-06,-9.70802825e-09,1.24016832e-10,-1.42358679e-06,-9.69759504e-09,1.19736031e-10,1.54644901e-09,5.53788570e-10,5.082e-21,7.412e-22
10.1200,60.00000,-40.00000,0.027909,19.199845,0.001089,19.199865,0.0048207,0.0000088,0.0010679,-0.007042,-0.006801,-2.08780346e-06,-9.59457480e-09,-8.30397852e-11,-2.01674374e-06,-9.60072229e-09,-8.63808998e-11,1.54644901e-09,5.56015272e-10,6.776e-21,0.000e+00
10.1400,60.00000,-40.00000,0.027909,19.199848,0.001089,19.199868,0.0048207,0.0000088,0.0010680,-0.008969,-0.008719,-2.65050945e-06,-3.44803662e-09,1.37646332e-10,-2.57667678e-06,-3.50260383e-09,1.32977374e-10,1.54644901e-09,5.57997723e-10,8.470e-22,4.235e-22
10.1600,60.00000,-40.00000,0.027909,19.199852,0.001089,19.199872,0.0048207,0.0000088,0.0010680,-0.010758,-0.010502,-3.16978935e-06,5.14855950e-09,1.09857418e-10,-3.09446749e-06,5.04140005e-09,1.05468705e-10,1.54644901e-09,5.59691543e-10,6.776e-21,4.235e-22
10.1800,60.00000,-40.00000,0.027909,19.199855,0.001089,19.199875,0.0048207,0.0000088,0.0010680,-0.012363,-0.012107,-3.63740094e-06,1.11896025e-08,-5.02906433e-11,-3.56189660e-06,1.10562125e-08,-5.38374985e-11,1.54644901e-09,5.61068262e-10,8.470e-22,3.176e-22
10.2000,60.00000,-40.00000,0.027909,19.199857,0.001089,19.199877,0.0048207,0.0000088,0.0010680,-0.013747,-0.013494,-4.04592430e-06,1.12096367e-08,1.88354668e-10,-3.97154508e-06,1.10916875e-08,1.83592055e-10,1.54644901e-09,5.62122136e-10,1.694e-21,4.235e-22
10.2200,60.00000,-40.00000,0.027909,19.199860,0.001089,19.199879,0.0048207,0.0000088,0.0010680,-0.014889,-0.014645,-4.38886855e-06,5.30942934e-09,9.14707943e-11,-4.31690084e-06,5.23976761e-09,8.75119256e-11,1.54644901e-09,5.62870320e-10,8.470e-22,2.118e-22
10.2400,60.00000,-40.00000,0.027909,19.199861,0.001089,19.199881,0.0048207,0.0000088,0.0010680,-0.015783,-0.015551,-4.66076053e-06,-2.92473674e-09,2.88498063e-12,-4.59244801e-06,-2.94088008e-09,-4.75815387e-13,1.54644901e-09,5.63346624e-10,8.470e-22,2.647e-22
10.2600,60.00000,-40.00000,0.027909,19.199863,0.001089,19.199883,0.0048207,0.0000088,0.0010680,-0.016429,-0.016214,-4.85726301e-06,-8.56982068e-09,2.30949545e-10,-4.79378520e-06,-8.55708815e-09,2.26666150e-10,1.54644901e-09,5.63599735e-10,6.353e-22,2.118e-22
10.2800,60.00000,-40.00000,0.027908,19.199863,0.001089,19.199883,0.0048207,0.0000088,0.0010681,-0.016830,-0.016635,-4.97528220e-06,-8.28599449e-09,6.94893270e-11,-4.91773350e-06,-8.28344798e-09,6.65396133e-11,1.54644901e-09,5.63695201e-10,1.271e-21,1.721e-22
10.3000,60.00000,-40.00000,0.027908,19.199864,0.001089,19.199884,0.0048207,0.0000088,0.0010681,-0.016978,-0.016807,-5.01302299e-06,-2.26805685e-09,4.30503589e-11,-4.96239321e-06,-2.30540734e-09,4.05415181e-11,1.54644901e-09,5.63710804e-10,3.970e-23,9.926e-24
10.3200,60.00000,-40.00000,0.027908,19.199863,0.001089,19.199883,0.0048207,0.0000088,0.0010680,-0.016860,-0.016714,-4.97002550e-06,5.89147535e-09,2.25427655e-10,-4.92718221e-06,5.81190524e-09,2.22441896e-10,1.54644901e-09,5.63726488e-10,4.235e-22,1.323e-22
10.3400,60.00000,-40.00000,0.027908,19.199863,0.001089,19.199882,0.0048207,0.0000088,0.0010680,-0.016462,-0.016346,-4.84714805e-06,1.13485651e-08,2.16861048e-11,-4.81282162e-06,1.12534392e-08,2.03338607e-11,1.54644901e-09,5.63819524e-10,1.271e-21,1.323e-22
10.3600,60.00000,-40.00000,0.027908,19.199861,0.001089,19.199881,0.0048207,0.0000088,0.0010680,-0.015781,-0.015695,-4.64650676e-06,1.08830331e-08,6.63977359e-11,-4.62127853e-06,1.08122868e-08,6.51601812e-11,1.54644901e-09,5.64064484e-10,1.694e-21,2.118e-22
10.3800,60.00000,-40.00000,0.027907,19.199860,0.001089,19.199879,0.0048207,0.0000088,0.0010680,-0.014828,-0.014774,-4.37143203e-06,4.77961704e-09,1.99368661e-10,-4.35572514e-06,4.76298862e-09,1.97986254e-10,1.54644901e-09,5.64528081e-10,4.235e-22,5.294e-22
10.4000,60.00000,-40.00000,0.027907,19.199857,0.001089,19.199877,0.0048207,0.0000088,0.0010680,-0.013632,-0.013612,-4.02641214e-06,-3.36532599e-09,-1.18261414e-11,-4.02048492e-06,-3.32563414e-09,-1.15522610e-11,1.54644901e-09,5.65260243e-10,1.694e-21,4.235e-22
10.4200,60.00000,-40.00000,0.027907,19.199855,0.001089,19.199875,0.0048207,0.0000088,0.0010680,-0.012226,-0.012239,-3.61703458e-06,-8.78701077e-09,9.36132058e-11,-3.62097647e-06,-8.71732801e-09,9.37150745e-11,1.54644901e-09,5.66291565e-10,3.388e-21,4.235e-22
10.4400,60.00000,-40.00000,0.027907,19.199852,0.001089,19.199872,0.0048207,0.0000088,0.0010680,-0.010644,-0.010691,-3.14994031e-06,-8.37964759e-09,1.54979708e-10,-3.16366992e-06,-8.31893652e-09,1.55371429e-10,1.54644901e-09,5.67635938e-10,1.694e-21,5.294e-22
10.4600,60.00000,-40.00000,0.027907,19.199849,0.001088,19.199868,0.0048207,0.0000088,0.0010680,-0.008912,-0.008991,-2.63272823e-06,-2.51123869e-09,-5.34142793e-11,-2.65599429e-06,-2.48795986e-09,-5.14235868e-11,1.54644901e-09,5.69288902e-10,8.470e-21,4.235e-22
10.4800,60.00000,-40.00000,0.027906,19.199845,0.001088,19.199865,0.0048207,0.0000088,0.0010679,-0.007044,-0.007154,-2.07382410e-06,5.22484011e-09,8.79039574e-11,-2.10620960e-06,5.20935508e-09,8.95106732e-11,1.54644901e-09,5.71223322e-10,3.388e-21,4.235e-22
10.5000,60.00000,-40.00000,0.027906,19.199841,0.001088,19.199861,0.0048207,0.0000088,0.0010679,-0.005057,-0.005195,-1.48233272e-06,1.01507147e-08,7.63906819e-11,-1.52326223e-06,1.01226503e-08,7.85917197e-11,1.54644901e-09,5.73391936e-10,1.016e-20,4.235e-22
10.5200,60.00000,-40.00000,0.027906,19.199837,0.001088,19.199857,0.0048207,0.0000088,0.0010679,-0.002972,-0.003138,-8.67848675e-07,9.28038167e-09,-9.55144457e-11,-9.16599176e-07,9.27738526e-09,-9.20957705e-11,1.54644901e-09,5.75735222e-10,5.082e-21,8.470e-22
10.5400,60.00000,-40.00000,0.027906,19.199833,0.001088,19.199853,0.0048207,0.0000088,0.0010679,-0.000824,-0.001013,-2.40281567e-07,3.07030786e-09,7.73379414e-11,-2.95995938e-07,3.11870480e-09,8.00699177e-11,1.54644901e-09,5.78184587e-10,3.388e-21,8.470e-22
10.5600,60.00000,-40.00000,0.027906,19.199829,0.001088,19.199849,0.0048207,0.0000088,0.0010679,0.001339,0.001130,3.90289872e-07,-4.88098420e-09,7.95281667e-12,3.28587389e-07,-4.78210697e-09,1.14201583e-11,1.54644901e-09,5.80662283e-10,8.470e-21,8.470e-22
10.5800,60.00000,-40.00000,0.027906,19.199825,0.001088,19.199845,0.0048207,0.0000088,0.0010678,0.003468,0.003242,1.01376842e-06,-9.97331145e-09,-1.11420564e-10,9.47155071e-07,-9.85186436e-09,-1.07204265e-10,1.54644901e-09,5.83087216e-10,5.082e-21,0.000e+00
10.6000,60.00000,-40.00000,0.027905,19.199821,0.001088,19.199841,0.0048207,0.0000088,0.0010678,0.005522,0.005283,1.62016616e-06,-9.32807779e-09,6.15382017e-11,1.54980237e-06,-9.22275376e-09,6.49620835e-11,1.54644901e-09,5.85384264e-10,3.388e-21,4.235e-22
10.6200,60.00000,-40.00000,0.027905,19.199818,0.001088,19.199837,0.0048206,0.0000088,0.0010678,0.007465,0.007218,2.19973897e-06,-3.47554305e-09,-6.72247199e-11,2.12684894e-06,-3.41335669e-09,-6.29179078e-11,1.54644901e-09,5.87487957e-10,3.388e-21,1.694e-21
10.6400,60.00000,-40.00000,0.027905,19.199814,0.001088,19.199834,0.0048206,0.0000088,0.0010678,0.009281,0.009030,2.74315943e-06,3.99317588e-09,-1.32109940e-10,2.66901020e-06,4.01216311e-09,-1.27550362e-10,1.54644901e-09,5.89342529e-10,2.541e-21,8.470e-22
10.6600,60.00000,-40.00000,0.027905,19.199811,0.001088,19.199831,0.0048206,0.0000088,0.0010678,0.010955,0.010704,3.24168275e-06,8.56717979e-09,2.34095104e-11,3.16756218e-06,8.56905613e-09,2.70960288e-11,1.54644901e-09,5.90906596e-10,3.388e-21,4.235e-22
10.6800,60.00000,-40.00000,0.027905,19.199808,0.001088,19.199828,0.0048206,0.0000088,0.0010677,0.012468,0.012222,3.68731348e-06,7.48504942e-09,-1.35672372e-10,3.61450741e-06,7.50575564e-09,-1.31204364e-10,1.54644901e-09,5.92160103e-10,3.388e-21,4.235e-22
10.7000,60.00000,-40.00000,0.027905,19.199806,0.001088,19.199825,0.0048206,0.0000088,0.0010677,0.013796,0.013558,4.07296255e-06,1.35794314e-09,-1.28678913e-10,4.00273174e-06,1.42122219e-09,-1.24584382e-10,1.54644901e-09,5.93104590e-10,8.470e-22,2.118e-22
10.7200,60.00000,-40.00000,0.027906,19.199804,0.001088,19.199823,0.0048206,0.0000088,0.0010677,0.014905,0.014679,4.39254556e-06,-6.22189526e-09,1.67015216e-12,4.32610344e-06,-6.11908072e-09,4.85867524e-12,1.54644901e-09,5.93758790e-10,8.470e-22,2.118e-22
10.7400,60.00000,-40.00000,0.027906,19.199802,0.001088,19.199822,0.0048206,0.0000088,0.0010677,0.015762,0.015553,4.64105617e-06,-1.08231636e-08,-1.69090120e-10,4.57954795e-06,-1.07092107e-08,-1.65258932e-10,1.54644901e-09,5.94158362e-10,1.694e-21,3.706e-22
10.7600,60.00000,-40.00000,0.027906,19.199801,0.001088,19.199821,0.0048206,0.0000088,0.0010677,0.016347,0.016158,4.81462461e-06,-9.79195634e-09,-1.05517645e-10,4.75910800e-06,-9.70418114e-09,-1.02489170e-10,1.54644901e-09,5.94357520e-10,1.271e-21,2.118e-22
10.7800,60.00000,-40.00000,0.027906,19.199800,0.001088,19.199820,0.0048206,0.0000088,0.0010677,0.016652,0.016487,4.91054975e-06,-3.80920012e-09,-2.57857833e-11,4.86197752e-06,-3.77214741e-09,-2.34800172e-11,1.54644901e-09,5.94424327e-10,2.118e-22,1.588e-22
10.8000,60.00000,-40.00000,0.027906,19.199800,0.001088,19.199820,0.0048206,0.0000088,0.0010677,0.016683,0.016545,4.92735051e-06,3.54038735e-09,-1.95740803e-10,4.88655455e-06,3.52891855e-09,-1.92955433e-10,1.54644901e-09,5.94432508e-10,2.647e-23,2.316e-23
10.8200,60.00000,-40.00000,0.027906,19.199800,0.001088,19.199820,0.0048206,0.0000088,0.0010677,0.016457,0.016347,4.86481765e-06,7.90989430e-09,-8.41135453e-11,4.83249461e-06,7.87690431e-09,-8.24958341e-11,1.54644901e-09,5.94458049e-10,4.235e-22,1.059e-22
10.8400,60.00000,-40.00000,0.027907,19.199801,0.001088,19.199821,0.0048206,0.0000088,0.0010677,0.015984,0.015905,4.72403316e-06,6.75585388e-09,-5.00004287e-11,4.70073210e-06,6.73662910e-09,-4.89663887e-11,1.54644901e-09,5.94578155e-10,4.235e-22,1.059e-22
10.8600,60.00000,-40.00000,0.027907,19.199803,0.001088,19.199822,0.0048206,0.0000088,0.0010677,0.015269,0.015222,4.50737541e-06,8.28839220e-10,-1.87184930e-10,4.49348780e-06,8.45696582e-10,-1.85981630e-10,1.54644901e-09,5.94864905e-10,3.388e-21,4.235e-22
10.8800,60.00000,-40.00000,0.027907,19.199804,0.001089,19.199824,0.0048206,0.0000088,0.0010677,0.014315,0.014301,4.21847568e-06,-6.29503307e-09,-3.53495374e-11,4.21422836e-06,-6.24606705e-09,-3.55481600e-11,1.54644901e-09,5.95376777e-10,5.082e-21,3.176e-22
10.9000,60.00000,-40.00000,0.027907,19.199807,0.001089,19.199827,0.0048206,0.0000088,0.0010677,0.013121,0.013140,3.86212435e-06,-1.03525502e-08,-4.96054737e-11,3.86757601e-06,-1.02992505e-08,-5.01184297e-11,1.54644901e-09,5.96156312e-10,3.388e-21,2.118e-22
10.9200,60.00000,-40.00000,0.027907,19.199809,0.001089,19.199829,0.0048206,0.0000088,0.0010678,0.011700,0.011751,3.44417351e-06,-8.91075196e-09,-1.50909820e-10,3.45921442e-06,-8.88807935e-09,-1.51427887e-10,1.54644901e-09,5.97231182e-10,1.694e-21,4.235e-22
10.9400,60.00000,-40.00000,0.027908,19.199812,0.001089,19.199832,0.0048206,0.0000088,0.0010678,0.010078,0.010160,2.97142373e-06,-2.79025154e-09,9.18763476e-12,2.99577851e-06,-2.81951360e-09,7.33448647e-12,1.54644901e-09,5.98611193e-10,8.470e-22,8.470e-22
10.9600,60.00000,-40.00000,0.027908,19.199816,0.001089,19.199836,0.0048206,0.0000088,0.0010678,0.008291,0.008404,2.45151178e-06,4.43981215e-09,-5.58863984e-11,2.48474490e-06,4.36365050e-09,-5.77129998e-11,1.54644901e-09,6.00284213e-10,8.470e-22,2.118e-22
10.9800,60.00000,-40.00000,0.027908,19.199819,0.001089,19.199839,0.0048206,0.0000088,0.0010678,0.006384,0.006525,1.89282087e-06,8.59388482e-09,-1.10027822e-10,1.93434427e-06,8.49921037e-09,-1.12061708e-10,1.54644901e-09,6.02218310e-10,1.694e-21,1.694e-21
11.0000,60.00000,-40.00000,0.027908,19.199823,0.001089,19.199843,0.0048207,0.0000088,0.0010678,0.004395,0.004562,1.30436750e-06,7.34097683e-09,5.00570540e-11,1.35345046e-06,7.26282375e-09,4.68068215e-11,1.54644901e-09,6.04367208e-10,2.541e-21,8.470e-22
11.0200,60.00000,-40.00000,0.027908,19.199827,0.001089,19.199847,0.0048207,0.0000088,0.0010679,0.002352,0.002541,6.95666550e-07,1.56200337e-09,-4.32353061e-11,7.51447988e-07,1.52162577e-09,-4.62249235e-11,1.54644901e-09,6.06671697e-10,1.694e-21,8.470e-22
11.0400,60.00000,-40.00000,0.027909,19.199831,0.001089,19.199851,0.0048207,0.0000088,0.0010679,0.000277,0.000485,7.65811625e-08,-5.19205027e-09,-4.04974680e-11,1.38084250e-07,-5.19925152e-09,-4.38661968e-11,1.54644901e-09,6.09059979e-10,1.694e-21,6.353e-22
11.0600,60.00000,-40.00000,0.027909,19.199835,0.001089,19.199855,0.0048207,0.0000088,0.0010679,-0.001809,-0.001585,-5.42867718e-07,-8.82237513e-09,9.89299117e-11,-4.76718274e-07,-8.82341340e-09,9.46802389e-11,1.54644901e-09,6.11454020e-10,1.186e-20,2.118e-22
11.0800,60.00000,-40.00000,0.027909,19.199839,0.001089,19.199859,0.0048207,0.0000088,0.0010679,-0.003882,-0.003646,-1.15269084e-06,-7.10782858e-09,-2.08665282e-11,-1.08304944e-06,-7.13538960e-09,-2.45266286e-11,1.54644901e-09,6.13778086e-10,2.541e-21,4.235e-22
11.1000,60.00000,-40.00000,0.027909,19.199843,0.001089,19.199862,0.0048207,0.0000088,0.0010679,-0.005903,-0.005659,-1.74309753e-06,-9.98292654e-10,2.25018529e-11,-1.67117702e-06,-1.07075970e-09,1.84682358e-11,1.54644901e-09,6.15962067e-10,5.082e-21,8.470e-22
11.1200,60.00000,-40.00000,0.027909,19.199846,0.001089,19.199866,0.0048207,0.0000088,0.0010680,-0.007829,-0.007581,-2.30465532e-06,5.96465665e-09,1.20009965e-10,-2.23170541e-06,5.85460941e-09,1.15555824e-10,1.54644901e-09,6.17942697e-10,5.082e-21,7.412e-22
11.1400,60.00000,-40.00000,0.027909,19.199850,0.001089,19.199869,0.0048207,0.0000088,0.0010680,-0.009617,-0.009370,-2.82841508e-06,9.75802427e-09,-8.94086934e-12,-2.75570080e-06,9.63951052e-09,-1.26104801e-11,1.54644901e-09,6.19668997e-10,4.235e-22,8.470e-22
11.1600,60.00000,-40.00000,0.027909,19.199853,0.001089,19.199872,0.0048207,0.0000088,0.0010680,-0.011230,-0.010988,-3.30602178e-06,8.25692882e-09,7.73762835e-11,-3.23480212e-06,8.16403275e-09,7.32816407e-11,1.54644901e-09,6.21108495e-10,5.082e-21,4.235e-22
11.1800,60.00000,-40.00000,0.027909,19.199855,0.001089,19.199875,0.0048207,0.0000088,0.0010680,-0.012646,-0.012414,-3.72984359e-06,2.46751952e-09,1.35988424e-10,-3.66135025e-06,2.41970297e-09,1.31867993e-10,1.54644901e-09,6.22247651e-10,1.694e-21,4.235e-22
11.2000,60.00000,-40.00000,0.027909,19.199858,0.001089,19.199878,0.0048207,0.0000088,0.0010680,-0.013855,-0.013636,-4.09309554e-06,-4.09021124e-09,1.87552843e-11,-4.02851197e-06,-4.09891979e-09,1.55017028e-11,1.54644901e-09,6.23089649e-10,1.271e-21,4.235e-22
11.2200,60.00000,-40.00000,0.027909,19.199860,0.001089,19.199880,0.0048207,0.0000088,0.0010680,-0.014849,-0.014647,-4.38996807e-06,-7.47918469e-09,1.32301764e-10,-4.33040896e-06,-7.47587361e-09,1.28698426e-10,1.54644901e-09,6.23655949e-10,8.470e-22,4.235e-22
11.2400,60.00000,-40.00000,0.027908,19.199861,0.001089,19.199881,0.0048207,0.0000088,0.0010680,-0.015620,-0.015439,-4.61575398e-06,-5.67747651e-09,1.37306428e-10,-4.56224536e-06,-5.69355374e-09,1.34170438e-10,1.54644901e-09,6.23988003e-10,8.470e-22,2.118e-22
11.2600,60.00000,-40.00000,0.027908,19.199862,0.001089,19.199882,0.0048207,0.0000088,0.0010680,-0.016153,-0.015995,-4.76692858e-06,2.46520109e-10,3.22591515e-11,-4.72038966e-06,1.94469816e-10,3.00665954e-11,1.54644901e-09,6.24142790e-10,2.068e-25,1.323e-22
11.2800,60.00000,-40.00000,0.027908,19.199863,0.001089,19.199882,0.0048207,0.0000088,0.0010680,-0.016426,-0.016295,-4.84119752e-06,6.78844456e-09,1.52143680e-10,-4.80242456e-06,6.70881499e-09,1.49731008e-10,1.54644901e-09,6.24186085e-10,1.059e-22,7.941e-23
11.3000,60.00000,-40.00000,0.027908,19.199863,0.001089,19.199882,0.0048207,0.0000088,0.0010680,-0.016425,-0.016322,-4.83751548e-06,1.00913896e-08,1.09004390e-10,-4.80716827e-06,1.00127871e-08,1.07397092e-10,1.54644901e-09,6.24189871e-10,1.059e-22,5.294e-23
11.3200,60.00000,-40.00000,0.027908,19.199862,0.001089,19.199882,0.0048207,0.0000088,0.0010680,-0.016143,-0.016071,-4.75606757e-06,8.22906513e-09,3.68943030e-11,-4.73465882e-06,8.18349501e-09,3.60755984e-11,1.54644901e-09,6.24230570e-10,4.235e-22,2.118e-22
11.3400,60.00000,-40.00000,0.027907,19.199861,0.001089,19.199881,0.0048207,0.0000088,0.0010680,-0.015588,-0.015547,-4.59825494e-06,2.32589780e-09,1.60178069e-10,-4.58614217e-06,2.33001518e-09,1.59185220e-10,1.54644901e-09,6.24382478e-10,2.541e-21,4.235e-22
11.3600,60.00000,-40.00000,0.027907,19.199860,0.001089,19.199880,0.0048207,0.0000088,0.0010680,-0.014782,-0.014773,-4.36668310e-06,-4.13273960e-09,8.22478641e-11,-4.36406295e-06,-4.08719347e-09,8.22576142e-11,1.54644901e-09,6.24710313e-10,1.694e-21,4.235e-22
11.3800,60.00000,-40.00000,0.027907,19.199858,0.001089,19.199878,0.0048207,0.0000088,0.0010680,-0.013749,-0.013773,-4.06513334e-06,-7.37137653e-09,4.56620092e-11,-4.07203827e-06,-7.31241135e-09,4.62804488e-11,1.54644901e-09,6.25266894e-10,8.470e-22,4.235e-22
11.4000,60.00000,-40.00000,0.027907,19.199855,0.001088,19.199875,0.0048207,0.0000088,0.0010680,-0.012513,-0.012568,-3.69853054e-06,-5.55690825e-09,1.48040959e-10,-3.71482792e-06,-5.51551231e-09,1.48643836e-10,1.54644901e-09,6.26092398e-10,5.082e-21,4.235e-22
11.4200,60.00000,-40.00000,0.027907,19.199853,0.001088,19.199873,0.0048207,0.0000088,0.0010680,-0.011090,-0.011176,-3.27287628e-06,1.34771927e-10,3.51544796e-11,-3.29827037e-06,1.42955370e-10,3.69006337e-11,1.54644901e-09,6.27209881e-10,5.082e-21,7.412e-22
11.4400,60.00000,-40.00000,0.027906,19.199850,0.001088,19.199869,0.0048207,0.0000088,0.0010680,-0.009492,-0.009607,-2.79513527e-06,6.24140519e-09,3.04110078e-11,-2.82917227e-06,6.22504887e-09,3.25211301e-11,1.54644901e-09,6.28621221e-10,3.388e-21,8.470e-22
11.4600,60.00000,-40.00000,0.027906,19.199846,0.001088,19.199866,0.0048207,0.0000088,0.0010680,-0.007733,-0.007875,-2.27310559e-06,9.07339203e-09,1.05047117e-10,-2.31518196e-06,9.05992562e-09,1.07200696e-10,1.54644901e-09,6.30308908e-10,5.082e-21,8.470e-22
11.4800,60.00000,-40.00000,0.027906,19.199843,0.001088,19.199863,0.0048207,0.0000088,0.0010679,-0.005835,-0.006003,-1.71526692e-06,6.89482885e-09,-1.78281721e-11,-1.76464058e-06,6.91372479e-09,-1.46624960e-11,1.54644901e-09,6.32239913e-10,6.776e-21,5.294e-22
11.5000,60.00000,-40.00000,0.027906,19.199839,0.001088,19.199859,0.0048207,0.0000088,0.0010679,-0.003834,-0.004023,-1.13062613e-06,9.36940445e-10,1.86252250e-11,-1.18643011e-06,1.00183385e-09,2.17765310e-11,1.54644901e-09,6.34366153e-10,1.694e-21,8.470e-22
11.5200,60.00000,-40.00000,0.027906,19.199835,0.001088,19.199855,0.0048207,0.0000088,0.0010679,-0.001773,-0.001981,-5.28587591e-07,-5.35429868e-09,6.42431456e-11,-5.89845489e-07,-5.25398842e-09,6.74556310e-11,1.54644901e-09,6.36625070e-10,1.694e-21,4.235e-22
11.5400,60.00000,-40.00000,0.027906,19.199831,0.001088,19.199851,0.0048207,0.0000088,0.0010679,0.000303,0.000080,8.11787632e-08,-8.36610078e-09,-5.74545102e-11,1.55358901e-08,-8.25920099e-09,-5.34195166e-11,1.54644901e-09,6.38945420e-10,1.694e-21,7.412e-22
11.5600,60.00000,-40.00000,0.027906,19.199827,0.001088,19.199847,0.0048207,0.0000088,0.0010679,0.002356,0.002122,6.88873133e-07,-6.44886382e-09,3.76259403e-12,6.19988609e-07,-6.36576876e-09,7.51778581e-12,1.54644901e-09,6.41254121e-10,3.388e-21,8.470e-22
11.5800,60.00000,-40.00000,0.027905,19.199824,0.001088,19.199843,0.0048207,0.0000088,0.0010678,0.004356,0.004116,1.28470561e-06,-8.76260965e-10,6.88094737e-12,1.21377782e-06,-8.31462761e-10,1.07678796e-11,1.54644901e-09,6.43478939e-10,5.082e-21,4.235e-22
11.6000,60.00000,-40.00000,0.027905,19.199820,0.001088,19.199840,0.0048206,0.0000088,0.0010678,0.006282,0.006039,1.85906756e-06,4.93373331e-09,-1.04607827e-10,1.78732934e-06,4.94949711e-09,-1.00182492e-10,1.54644901e-09,6.45550886e-10,6.776e-21,4.235e-22
11.6200,60.00000,-40.00000,0.027905,19.199816,0.001088,19.199836,0.0048206,0.0000088,0.0010678,0.008116,0.007874,2.40271006e-06,7.45525251e-09,-2.31007658e-11,2.33140702e-06,7.46869324e-09,-1.92617816e-11,1.54644901e-09,6.47410676e-10,6.776e-21,8.470e-22
11.6400,60.00000,-40.00000,0.027905,19.199813,0.001088,19.199833,0.0048206,0.0000088,0.0010678,0.009832,0.009596,2.90690914e-06,5.13441470e-09,-4.97949383e-11,2.83727756e-06,5.17311650e-09,-4.58966364e-11,1.54644901e-09,6.49014848e-10,5.082e-21,4.235e-22
11.6600,60.00000,-40.00000,0.027906,19.199810,0.001088,19.199830,0.0048206,0.0000088,0.0010678,0.011399,0.011173,3.36362186e-06,-7.04425503e-10,-1.28505439e-10,3.29686673e-06,-6.28989906e-10,-1.24488365e-10,1.54644901e-09,6.50336680e-10,3.388e-21,4.235e-22
11.6800,60.00000,-40.00000,0.027906,19.199808,0.001088,19.199827,0.0048206,0.0000088,0.0010677,0.012782,0.012569,3.76560455e-06,-6.66232085e-09,-3.20723431e-11,3.70287843e-06,-6.56206145e-09,-2.88766622e-11,1.54644901e-09,6.51365554e-10,3.388e-21,5.294e-22
11.7000,60.00000,-40.00000,0.027906,19.199805,0.001088,19.199825,0.0048206,0.0000088,0.0010677,0.013946,0.013750,4.10650069e-06,-9.28932342e-09,-8.69578101e-11,4.04888412e-06,-9.19284322e-09,-8.37128427e-11,1.54644901e-09,6.52109351e-10,5.929e-21,1.059e-22
11.7200,60.00000,-40.00000,0.027906,19.199804,0.001088,19.199823,0.0048206,0.0000088,0.0010677,0.014868,0.014693,4.38092603e-06,-7.11636601e-09,-1.35544262e-10,4.32940939e-06,-7.05242409e-09,-1.32486506e-10,1.54644901e-09,6.52595968e-10,2.541e-21,4.235e-22
11.7400,60.00000,-40.00000,0.027906,19.199802,0.001088,19.199822,0.0048206,0.0000088,0.0010677,0.015539,0.015388,4.58454102e-06,-1.50742466e-09,-4.55705406e-11,4.54000803e-06,-1.48837476e-09,-4.33876406e-11,1.54644901e-09,6.52869581e-10,2.118e-22,2.382e-22
11.7600,60.00000,-40.00000,0.027906,19.199801,0.001088,19.199821,0.0048206,0.0000088,0.0010677,0.015959,0.015834,4.71412583e-06,4.16705019e-09,-1.24620922e-10,4.67733861e-06,4.15202662e-09,-1.22402516e-10,1.54644901e-09,6.52985820e-10,8.470e-22,1.323e-22
11.7800,60.00000,-40.00000,0.027906,19.199801,0.001088,19.199821,0.0048206,0.0000088,0.0010677,0.016132,0.016036,4.76765968e-06,6.53901923e-09,-1.35281972e-10,4.73924546e-06,6.51692644e-09,-1.33586312e-10,1.54644901e-09,6.53010211e-10,5.294e-23,2.647e-23
11.8000,60.00000,-40.00000,0.027907,19.199801,0.001088,19.199821,0.0048206,0.0000088,0.0010677,0.016061,0.015995,4.74436899e-06,4.22824072e-09,-5.13108862e-11,4.72480891e-06,4.22583820e-09,-5.05384065e-11,1.54644901e-09,6.53015919e-10,1.059e-21,9.264e-23
11.8200,60.00000,-40.00000,0.027907,19.199802,0.001088,19.199822,0.0048206,0.0000088,0.0010677,0.015742,0.015707,4.64474659e-06,-1.35902753e-09,-1.33915226e-10,4.63436710e-06,-1.33130768e-09,-1.33187759e-10,1.54644901e-09,6.53077033e-10,2.118e-22,1.059e-22
11.8400,60.00000,-40.00000,0.027907,19.199803,0.001089,19.199823,0.0048206,0.0000088,0.0010677,0.015171,0.015167,4.47053789e-06,-6.87927161e-09,-1.03469663e-10,4.46950504e-06,-6.83354422e-09,-1.03505852e-10,1.54644901e-09,6.53261822e-10,8.470e-22,6.353e-22
11.8600,60.00000,-40.00000,0.027907,19.199804,0.001089,19.199824,0.0048206,0.0000088,0.0010677,0.014345,0.014373,4.22468281e-06,-9.04364842e-09,-3.82530993e-11,4.23299991e-06,-9.00727407e-09,-3.90639972e-11,1.54644901e-09,6.53630321e-10,5.082e-21,5.294e-23
11.8800,60.00000,-40.00000,0.027908,19.199806,0.001089,19.199826,0.0048206,0.0000088,0.0010677,0.013275,0.013334,3.91124676e-06,-6.55820847e-09,-1.24377175e-10,3.92875508e-06,-6.55744550e-09,-1.25184604e-10,1.54644901e-09,6.54232420e-10,5.082e-21,2.118e-22
11.9000,60.00000,-40.00000,0.027908,19.199809,0.001089,19.199829,0.0048206,0.0000088,0.0010678,0.011982,0.012071,3.53534921e-06,-8.70487130e-10,-6.83212376e-11,3.56173145e-06,-9.14860421e-10,-6.99431636e-11,1.54644901e-09,6.55102840e-10,4.235e-22,4.765e-22
11.9200,60.00000,-40.00000,0.027908,19.199811,0.001089,19.199831,0.0048206,0.0000088,0.0010678,0.010498,0.010617,3.10308364e-06,4.70235379e-09,-3.17122394e-11,3.13786986e-06,4.62574645e-09,-3.38665181e-11,1.54644901e-09,6.56257225e-10,6.776e-21,4.235e-22
11.9400,60.00000,-40.00000,0.027908,19.199815,0.001089,19.199834,0.0048206,0.0000088,0.0010678,0.008859,0.009003,2.62144376e-06,6.94665210e-09,-1.07314621e-10,2.66401948e-06,6.86555299e-09,-1.09474555e-10,1.54644901e-09,6.57693058e-10,3.388e-21,1.271e-21
11.9600,60.00000,-40.00000,0.027908,19.199818,0.001089,19.199838,0.0048206,0.0000088,0.0010678,0.007094,0.007262,2.09823299e-06,4.64791127e-09,-2.39793977e-11,2.14784954e-06,4.58864848e-09,-2.69874527e-11,1.54644901e-09,6.59391450e-10,8.470e-21,1.271e-21
11.9800,60.00000,-40.00000,0.027908,19.199821,0.001089,19.199841,0.0048207,0.0000088,0.0010678,0.005227,0.005416,1.54193992e-06,-7.12646260e-10,-8.92788395e-12,1.59772713e-06,-7.40354243e-10,-1.22248558e-11,1.54644901e-09,6.61316379e-10,1.016e-20,8.470e-22
12.0000,60.00000,-40.00000,0.027909,19.199825,0.001089,19.199845,0.0048207,0.0000088,0.0010678,0.003278,0.003485,9.61595488e-07,-5.85242446e-09,-6.27005326e-11,1.02257680e-06,-5.86066191e-09,-6.59814575e-11,1.54644901e-09,6.63415385e-10,8.470e-21,6.353e-22
