  0
SECTION
  2
HEADER
  9
$ACADVER
  1
AC1024
  9
$ACADMAINTVER
 70
6
  9
$DWGCODEPAGE
  3
ANSI_1252
  9
$LASTSAVEDBY
  1
ezdxf
  9
$INSBASE
 10
0.0
 20
0.0
 30
0.0
  9
$EXTMIN
 10
1e+20
 20
1e+20
 30
1e+20
  9
$EXTMAX
 10
-1e+20
 20
-1e+20
 30
-1e+20
  9
$LIMMIN
 10
0.0
 20
0.0
  9
$LIMMAX
 10
420.0
 20
297.0
  9
$ORTHOMODE
 70
0
  9
$REGENMODE
 70
1
  9
$FILLMODE
 70
1
  9
$QTEXTMODE
 70
0
  9
$MIRRTEXT
 70
1
  9
$LTSCALE
 40
1.0
  9
$ATTMODE
 70
1
  9
$TEXTSIZE
 40
2.5
  9
$TRACEWID
 40
1.0
  9
$TEXTSTYLE
  7
Standard
  9
$CLAYER
  8
0
  9
$CELTYPE
  6
ByLayer
  9
$CECOLOR
 62
256
  9
$CELTSCALE
 40
1.0
  9
$DISPSILH
 70
0
  9
$DIMSCALE
 40
1.0
  9
$DIMASZ
 40
2.5
  9
$DIMEXO
 40
0.625
  9
$DIMDLI
 40
3.75
  9
$DIMRND
 40
0.0
  9
$DIMDLE
 40
0.0
  9
$DIMEXE
 40
1.25
  9
$DIMTP
 40
0.0
  9
$DIMTM
 40
0.0
  9
$DIMTXT
 40
2.5
  9
$DIMCEN
 40
2.5
  9
$DIMTSZ
 40
0.0
  9
$DIMTOL
 70
0
  9
$DIMLIM
 70
0
  9
$DIMTIH
 70
0
  9
$DIMTOH
 70
0
  9
$DIMSE1
 70
0
  9
$DIMSE2
 70
0
  9
$DIMTAD
 70
1
  9
$DIMZIN
 70
8
  9
$DIMBLK
  1

  9
$DIMASO
 70
1
  9
$DIMSHO
 70
1
  9
$DIMPOST
  1

  9
$DIMAPOST
  1

  9
$DIMALT
 70
0
  9
$DIMALTD
 70
3
  9
$DIMALTF
 40
0.03937007874
  9
$DIMLFAC
 40
1.0
  9
$DIMTOFL
 70
1
  9
$DIMTVP
 40
0.0
  9
$DIMTIX
 70
0
  9
$DIMSOXD
 70
0
  9
$DIMSAH
 70
0
  9
$DIMBLK1
  1

  9
$DIMBLK2
  1

  9
$DIMSTYLE
  2
ISO-25
  9
$DIMCLRD
 70
0
  9
$DIMCLRE
 70
0
  9
$DIMCLRT
 70
0
  9
$DIMTFAC
 40
1.0
  9
$DIMGAP
 40
0.625
  9
$DIMJUST
 70
0
  9
$DIMSD1
 70
0
  9
$DIMSD2
 70
0
  9
$DIMTOLJ
 70
0
  9
$DIMTZIN
 70
8
  9
$DIMALTZ
 70
0
  9
$DIMALTTZ
 70
0
  9
$DIMUPT
 70
0
  9
$DIMDEC
 70
2
  9
$DIMTDEC
 70
2
  9
$DIMALTU
 70
2
  9
$DIMALTTD
 70
3
  9
$DIMTXSTY
  7
Standard
  9
$DIMAUNIT
 70
0
  9
$DIMADEC
 70
0
  9
$DIMALTRND
 40
0.0
  9
$DIMAZIN
 70
0
  9
$DIMDSEP
 70
44
  9
$DIMATFIT
 70
3
  9
$DIMFRAC
 70
0
  9
$DIMLDRBLK
  1

  9
$DIMLUNIT
 70
2
  9
$DIMLWD
 70
-2
  9
$DIMLWE
 70
-2
  9
$DIMTMOVE
 70
0
  9
$DIMFXL
 40
1.0
  9
$DIMFXLON
 70
0
  9
$DIMJOGANG
 40
0.785398163397
  9
$DIMTFILL
 70
0
  9
$DIMTFILLCLR
 70
0
  9
$DIMARCSYM
 70
0
  9
$DIMLTYPE
  6

  9
$DIMLTEX1
  6

  9
$DIMLTEX2
  6

  9
$DIMTXTDIRECTION
 70
0
  9
$LUNITS
 70
2
  9
$LUPREC
 70
4
  9
$SKETCHINC
 40
1.0
  9
$FILLETRAD
 40
10.0
  9
$AUNITS
 70
0
  9
$AUPREC
 70
2
  9
$MENU
  1
.
  9
$ELEVATION
 40
0.0
  9
$PELEVATION
 40
0.0
  9
$THICKNESS
 40
0.0
  9
$LIMCHECK
 70
0
  9
$CHAMFERA
 40
0.0
  9
$CHAMFERB
 40
0.0
  9
$CHAMFERC
 40
0.0
  9
$CHAMFERD
 40
0.0
  9
$SKPOLY
 70
0
  9
$TDCREATE
 40
2461290.763865741
  9
$TDUCREATE
 40
2458532.153996898
  9
$TDUPDATE
 40
2461290.763900463
  9
$TDUUPDATE
 40
2458532.1544311
  9
$TDINDWG
 40
0.0
  9
$TDUSRTIMER
 40
0.0
  9
$USRTIMER
 70
1
  9
$ANGBASE
 50
0.0
  9
$ANGDIR
 70
0
  9
$PDMODE
 70
0
  9
$PDSIZE
 40
0.0
  9
$PLINEWID
 40
0.0
  9
$SPLFRAME
 70
0
  9
$SPLINETYPE
 70
6
  9
$SPLINESEGS
 70
8
  9
$HANDSEED
  5
144
  9
$SURFTAB1
 70
6
  9
$SURFTAB2
 70
6
  9
$SURFTYPE
 70
6
  9
$SURFU
 70
6
  9
$SURFV
 70
6
  9
$UCSBASE
  2

  9
$UCSNAME
  2

  9
$UCSORG
 10
0.0
 20
0.0
 30
0.0
  9
$UCSXDIR
 10
1.0
 20
0.0
 30
0.0
  9
$UCSYDIR
 10
0.0
 20
1.0
 30
0.0
  9
$UCSORTHOREF
  2

  9
$UCSORTHOVIEW
 70
0
  9
$UCSORGTOP
 10
0.0
 20
0.0
 30
0.0
  9
$UCSORGBOTTOM
 10
0.0
 20
0.0
 30
0.0
  9
$UCSORGLEFT
 10
0.0
 20
0.0
 30
0.0
  9
$UCSORGRIGHT
 10
0.0
 20
0.0
 30
0.0
  9
$UCSORGFRONT
 10
0.0
 20
0.0
 30
0.0
  9
$UCSORGBACK
 10
0.0
 20
0.0
 30
0.0
  9
$PUCSBASE
  2

  9
$PUCSNAME
  2

  9
$PUCSORG
 10
0.0
 20
0.0
 30
0.0
  9
$PUCSXDIR
 10
1.0
 20
0.0
 30
0.0
  9
$PUCSYDIR
 10
0.0
 20
1.0
 30
0.0
  9
$PUCSORTHOREF
  2

  9
$PUCSORTHOVIEW
 70
0
  9
$PUCSORGTOP
 10
0.0
 20
0.0
 30
0.0
  9
$PUCSORGBOTTOM
 10
0.0
 20
0.0
 30
0.0
  9
$PUCSORGLEFT
 10
0.0
 20
0.0
 30
0.0
  9
$PUCSORGRIGHT
 10
0.0
 20
0.0
 30
0.0
  9
$PUCSORGFRONT
 10
0.0
 20
0.0
 30
0.0
  9
$PUCSORGBACK
 10
0.0
 20
0.0
 30
0.0
  9
$USERI1
 70
0
  9
$USERI2
 70
0
  9
$USERI3
 70
0
  9
$USERI4
 70
0
  9
$USERI5
 70
0
  9
$USERR1
 40
0.0
  9
$USERR2
 40
0.0
  9
$USERR3
 40
0.0
  9
$USERR4
 40
0.0
  9
$USERR5
 40
0.0
  9
$WORLDVIEW
 70
1
  9
$SHADEDGE
 70
3
  9
$SHADEDIF
 70
70
  9
$TILEMODE
 70
1
  9
$MAXACTVP
 70
64
  9
$PINSBASE
 10
0.0
 20
0.0
 30
0.0
  9
$PLIMCHECK
 70
0
  9
$PEXTMIN
 10
1e+20
 20
1e+20
 30
1e+20
  9
$PEXTMAX
 10
-1e+20
 20
-1e+20
 30
-1e+20
  9
$PLIMMIN
 10
0.0
 20
0.0
  9
$PLIMMAX
 10
420.0
 20
297.0
  9
$UNITMODE
 70
0
  9
$VISRETAIN
 70
1
  9
$PLINEGEN
 70
0
  9
$PSLTSCALE
 70
1
  9
$TREEDEPTH
 70
3020
  9
$CMLSTYLE
  2
Standard
  9
$CMLJUST
 70
0
  9
$CMLSCALE
 40
20.0
  9
$PROXYGRAPHICS
 70
1
  9
$MEASUREMENT
 70
1
  9
$CELWEIGHT
370
-1
  9
$ENDCAPS
280
0
  9
$JOINSTYLE
280
0
  9
$LWDISPLAY
290
0
  9
$INSUNITS
 70
4
  9
$HYPERLINKBASE
  1

  9
$STYLESHEET
  1

  9
$XEDIT
290
1
  9
$CEPSNTYPE
380
0
  9
$PSTYLEMODE
290
1
  9
$FINGERPRINTGUID
  2
{8A662F4B-1F48-48AB-9C1A-55FA70A1B0C6}
  9
$VERSIONGUID
  2
{0828BFBA-C80F-4B8C-9182-9BDE0224379B}
  9
$EXTNAMES
290
1
  9
$PSVPSCALE
 40
0.0
  9
$OLESTARTUP
290
0
  9
$SORTENTS
280
127
  9
$INDEXCTL
280
0
  9
$HIDETEXT
280
1
  9
$XCLIPFRAME
280
1
  9
$HALOGAP
280
0
  9
$OBSCOLOR
 70
257
  9
$OBSLTYPE
280
0
  9
$INTERSECTIONDISPLAY
280
0
  9
$INTERSECTIONCOLOR
 70
257
  9
$DIMASSOC
280
2
  9
$PROJECTNAME
  1

  9
$CAMERADISPLAY
290
0
  9
$LENSLENGTH
 40
50.0
  9
$CAMERAHEIGHT
 40
0.0
  9
$STEPSPERSEC
 40
24.0
  9
$STEPSIZE
 40
100.0
  9
$3DDWFPREC
 40
2.0
  9
$PSOLWIDTH
 40
0.005
  9
$PSOLHEIGHT
 40
0.08
  9
$LOFTANG1
 40
1.570796326795
  9
$LOFTANG2
 40
1.570796326795
  9
$LOFTMAG1
 40
0.0
  9
$LOFTMAG2
 40
0.0
  9
$LOFTPARAM
 70
7
  9
$LOFTNORMALS
280
1
  9
$LATITUDE
 40
37.795
  9
$LONGITUDE
 40
-122.394
  9
$NORTHDIRECTION
 40
0.0
  9
$TIMEZONE
 70
-8000
  9
$LIGHTGLYPHDISPLAY
280
1
  9
$TILEMODELIGHTSYNCH
280
1
  9
$CMATERIAL
347
20
  9
$SOLIDHIST
280
0
  9
$SHOWHIST
280
1
  9
$DWFFRAME
280
2
  9
$DGNFRAME
280
2
  9
$REALWORLDSCALE
290
1
  9
$INTERFERECOLOR
 62
256
  9
$CSHADOW
280
0
  9
$SHADOWPLANELOCATION
 40
0.0
  0
ENDSEC
  0
SECTION
  2
CLASSES
  0
CLASS
  1
ACDBDICTIONARYWDFLT
  2
AcDbDictionaryWithDefault
  3
ObjectDBX Classes
 90
0
 91
0
280
0
281
0
  0
CLASS
  1
SUN
  2
AcDbSun
  3
SCENEOE
 90
1153
 91
0
280
0
281
0
  0
CLASS
  1
VISUALSTYLE
  2
AcDbVisualStyle
  3
ObjectDBX Classes
 90
4095
 91
0
280
0
281
0
  0
CLASS
  1
MATERIAL
  2
AcDbMaterial
  3
ObjectDBX Classes
 90
1153
 91
0
280
0
281
0
  0
CLASS
  1
SCALE
  2
AcDbScale
  3
ObjectDBX Classes
 90
1153
 91
0
280
0
281
0
  0
CLASS
  1
TABLESTYLE
  2
AcDbTableStyle
  3
ObjectDBX Classes
 90
4095
 91
0
280
0
281
0
  0
CLASS
  1
MLEADERSTYLE
  2
AcDbMLeaderStyle
  3
ACDB_MLEADERSTYLE_CLASS
 90
4095
 91
0
280
0
281
0
  0
CLASS
  1
DICTIONARYVAR
  2
AcDbDictionaryVar
  3
ObjectDBX Classes
 90
0
 91
0
280
0
281
0
  0
CLASS
  1
CELLSTYLEMAP
  2
AcDbCellStyleMap
  3
ObjectDBX Classes
 90
1152
 91
0
280
0
281
0
  0
CLASS
  1
MENTALRAYRENDERSETTINGS
  2
AcDbMentalRayRenderSettings
  3
SCENEOE
 90
1024
 91
0
280
0
281
0
  0
CLASS
  1
ACDBDETAILVIEWSTYLE
  2
AcDbDetailViewStyle
  3
ObjectDBX Classes
 90
1025
 91
0
280
0
281
0
  0
CLASS
  1
ACDBSECTIONVIEWSTYLE
  2
AcDbSectionViewStyle
  3
ObjectDBX Classes
 90
1025
 91
0
280
0
281
0
  0
CLASS
  1
RASTERVARIABLES
  2
AcDbRasterVariables
  3
ISM
 90
0
 91
0
280
0
281
0
  0
CLASS
  1
LAYOUT
  2
AcDbLayout
  3
ObjectDBX Classes
 90
0
 91
0
280
0
281
0
  0
CLASS
  1
ACDBPLACEHOLDER
  2
AcDbPlaceHolder
  3
ObjectDBX Classes
 90
0
 91
0
280
0
281
0
  0
ENDSEC
  0
SECTION
  2
TABLES
  0
TABLE
  2
VPORT
  5
8
330
0
100
AcDbSymbolTable
 70
1
  0
VPORT
  5
23
330
8
100
AcDbSymbolTableRecord
100
AcDbViewportTableRecord
  2
*Active
 70
0
 10
0.0
 20
0.0
 11
1.0
 21
1.0
 12
0.0
 22
0.0
 13
0.0
 23
0.0
 14
0.5
 24
0.5
 15
0.5
 25
0.5
 16
0.0
 26
0.0
 36
1.0
 17
0.0
 27
0.0
 37
0.0
 40
1000.0
 41
1.34
 42
50.0
 43
0.0
 44
0.0
 50
0.0
 51
0.0
 71
0
 72
1000
 73
1
 74
3
 75
0
 76
0
 77
0
 78
0
281
0
 65
0
146
0.0
  0
ENDTAB
  0
TABLE
  2
LTYPE
  5
2
330
0
100
AcDbSymbolTable
 70
3
  0
LTYPE
  5
24
330
2
100
AcDbSymbolTableRecord
100
AcDbLinetypeTableRecord
  2
ByBlock
 70
0
  3

 72
65
 73
0
 40
0.0
  0
LTYPE
  5
25
330
2
100
AcDbSymbolTableRecord
100
AcDbLinetypeTableRecord
  2
ByLayer
 70
0
  3

 72
65
 73
0
 40
0.0
  0
LTYPE
  5
26
330
2
100
AcDbSymbolTableRecord
100
AcDbLinetypeTableRecord
  2
Continuous
 70
0
  3

 72
65
 73
0
 40
0.0
  0
ENDTAB
  0
TABLE
  2
LAYER
  5
1
330
0
100
AcDbSymbolTable
 70
5
  0
LAYER
  5
27
330
1
100
AcDbSymbolTableRecord
100
AcDbLayerTableRecord
  2
0
 70
0
 62
7
  6
Continuous
370
-3
390
13
347
21
  0
LAYER
  5
28
330
1
100
AcDbSymbolTableRecord
100
AcDbLayerTableRecord
  2
Defpoints
 70
0
 62
7
  6
Continuous
290
0
370
-3
390
13
347
21
  0
LAYER
  5
2F
330
1
100
AcDbSymbolTableRecord
100
AcDbLayerTableRecord
  2
GEOMETRY
 70
0
 62
7
  6
Continuous
370
-3
390
13
347
21
  0
LAYER
  5
30
330
1
100
AcDbSymbolTableRecord
100
AcDbLayerTableRecord
  2
DIMENSIONS
 70
0
 62
2
  6
Continuous
370
-3
390
13
347
21
  0
LAYER
  5
31
330
1
100
AcDbSymbolTableRecord
100
AcDbLayerTableRecord
  2
NOTES
 70
0
 62
3
  6
Continuous
370
-3
390
13
347
21
  0
ENDTAB
  0
TABLE
  2
STYLE
  5
5
330
0
100
AcDbSymbolTable
 70
1
  0
STYLE
  5
29
330
5
100
AcDbSymbolTableRecord
100
AcDbTextStyleTableRecord
  2
Standard
 70
0
 40
0.0
 41
1.0
 50
0.0
 71
0
 42
2.5
  3
txt
  4

  0
ENDTAB
  0
TABLE
  2
VIEW
  5
7
330
0
100
AcDbSymbolTable
 70
0
  0
ENDTAB
  0
TABLE
  2
UCS
  5
6
330
0
100
AcDbSymbolTable
 70
0
  0
ENDTAB
  0
TABLE
  2
APPID
  5
3
330
0
100
AcDbSymbolTable
 70
3
  0
APPID
  5
2A
330
3
100
AcDbSymbolTableRecord
100
AcDbRegAppTableRecord
  2
ACAD
 70
0
  0
APPID
  5
141
330
3
100
AcDbSymbolTableRecord
100
AcDbRegAppTableRecord
  2
HATCHBACKGROUNDCOLOR
 70
0
  0
APPID
  5
142
330
3
100
AcDbSymbolTableRecord
100
AcDbRegAppTableRecord
  2
EZDXF
 70
0
  0
ENDTAB
  0
TABLE
  2
DIMSTYLE
  5
4
330
0
100
AcDbSymbolTable
 70
1
100
AcDbDimStyleTable
  0
DIMSTYLE
105
2B
330
4
100
AcDbSymbolTableRecord
100
AcDbDimStyleTableRecord
  2
Standard
 70
0
 40
1.0
 41
2.5
 42
0.625
 43
3.75
 44
1.25
 45
0.0
 46
0.0
 47
0.0
 48
0.0
 49
2.5
140
2.5
141
2.5
142
0.0
143
0.03937007874
144
1.0
145
0.0
146
1.0
147
0.625
148
0.0
 69
0
 70
0
 71
0
 72
0
 73
0
 74
0
 75
0
 76
0
 77
1
 78
8
 79
3
170
0
171
3
172
1
173
0
174
0
175
0
176
0
177
0
178
0
179
2
271
2
272
2
273
2
274
3
275
0
276
0
277
2
278
44
279
0
280
0
281
0
282
0
283
0
284
8
285
0
286
0
288
0
289
3
290
0
371
-2
372
-2
  0
ENDTAB
  0
TABLE
  2
BLOCK_RECORD
  5
9
330
0
100
AcDbSymbolTable
 70
15
  0
BLOCK_RECORD
  5
17
330
9
100
AcDbSymbolTableRecord
100
AcDbBlockTableRecord
  2
*Model_Space
340
1A
 70
0
280
1
281
0
  0
BLOCK_RECORD
  5
1B
330
9
100
AcDbSymbolTableRecord
100
AcDbBlockTableRecord
  2
*Paper_Space
340
1E
 70
0
280
1
281
0
  0
BLOCK_RECORD
  5
36
330
9
100
AcDbSymbolTableRecord
100
AcDbBlockTableRecord
  2
*D1
340
0
 70
0
280
1
281
0
  0
BLOCK_RECORD
  5
3B
330
9
100
AcDbSymbolTableRecord
100
AcDbBlockTableRecord
  2
_CLOSEDFILLED
340
0
 70
0
280
1
281
0
  0
BLOCK_RECORD
  5
4A
330
9
100
AcDbSymbolTableRecord
100
AcDbBlockTableRecord
  2
*D2
340
0
 70
0
280
1
281
0
  0
BLOCK_RECORD
  5
63
330
9
100
AcDbSymbolTableRecord
100
AcDbBlockTableRecord
  2
*D3
340
0
 70
0
280
1
281
0
  0
BLOCK_RECORD
  5
73
330
9
100
AcDbSymbolTableRecord
100
AcDbBlockTableRecord
  2
*D4
340
0
 70
0
280
1
281
0
  0
BLOCK_RECORD
  5
8C
330
9
100
AcDbSymbolTableRecord
100
AcDbBlockTableRecord
  2
*D5
340
0
 70
0
280
1
281
0
  0
BLOCK_RECORD
  5
9C
330
9
100
AcDbSymbolTableRecord
100
AcDbBlockTableRecord
  2
*D6
340
0
 70
0
280
1
281
0
  0
BLOCK_RECORD
  5
B5
330
9
100
AcDbSymbolTableRecord
100
AcDbBlockTableRecord
  2
*D7
340
0
 70
0
280
1
281
0
  0
BLOCK_RECORD
  5
C5
330
9
100
AcDbSymbolTableRecord
100
AcDbBlockTableRecord
  2
*D8
340
0
 70
0
280
1
281
0
  0
BLOCK_RECORD
  5
E1
330
9
100
AcDbSymbolTableRecord
100
AcDbBlockTableRecord
  2
*D9
340
0
 70
0
280
1
281
0
  0
BLOCK_RECORD
  5
F1
330
9
100
AcDbSymbolTableRecord
100
AcDbBlockTableRecord
  2
*D10
340
0
 70
0
280
1
281
0
  0
BLOCK_RECORD
  5
11C
330
9
100
AcDbSymbolTableRecord
100
AcDbBlockTableRecord
  2
*D11
340
0
 70
0
280
1
281
0
  0
BLOCK_RECORD
  5
12C
330
9
100
AcDbSymbolTableRecord
100
AcDbBlockTableRecord
  2
*D12
340
0
 70
0
280
1
281
0
  0
ENDTAB
  0
ENDSEC
  0
SECTION
  2
BLOCKS
  0
BLOCK
  5
18
330
17
100
AcDbEntity
  8
0
100
AcDbBlockBegin
  2
*Model_Space
 70
0
 10
0.0
 20
0.0
 30
0.0
  3
*Model_Space
  1

  0
ENDBLK
  5
19
330
17
100
AcDbEntity
  8
0
100
AcDbBlockEnd
  0
BLOCK
  5
1C
330
1B
100
AcDbEntity
  8
0
100
AcDbBlockBegin
  2
*Paper_Space
 70
0
 10
0.0
 20
0.0
 30
0.0
  3
*Paper_Space
  1

  0
ENDBLK
  5
1D
330
1B
100
AcDbEntity
  8
0
100
AcDbBlockEnd
  0
BLOCK
  5
37
330
36
100
AcDbEntity
  8
0
100
AcDbBlockBegin
  2
*D1
 70
1
 10
0.0
 20
0.0
 30
0.0
  3
*D1
  1

  0
LINE
  5
39
330
36
100
AcDbEntity
  8
0
100
AcDbLine
 10
0.0
 20
0.0
 30
0.0
 11
0.0
 21
-12.0
 31
0.0
  0
LINE
  5
3A
330
36
100
AcDbEntity
  8
0
100
AcDbLine
 10
18.0
 20
0.0
 30
0.0
 11
18.0
 21
-12.0
 31
0.0
  0
INSERT
  5
3F
330
36
100
AcDbEntity
  8
DIMENSIONS
100
AcDbBlockReference
  2
_CLOSEDFILLED
 10
0.0
 20
-12.0
 30
0.0
 41
1.5
 42
1.5
 50
180.0
  0
INSERT
  5
41
330
36
100
AcDbEntity
  8
DIMENSIONS
100
AcDbBlockReference
  2
_CLOSEDFILLED
 10
18.0
 20
-12.0
 30
0.0
 41
1.5
 42
1.5
  0
LINE
  5
43
330
36
100
AcDbEntity
  8
0
100
AcDbLine
 10
1.5
 20
-12.0
 30
0.0
 11
6.5
 21
-12.0
 31
0.0
  0
LINE
  5
44
330
36
100
AcDbEntity
  8
0
100
AcDbLine
 10
11.5
 20
-12.0
 30
0.0
 11
16.5
 21
-12.0
 31
0.0
  0
MTEXT
  5
45
330
36
100
AcDbEntity
  8
DIMENSIONS
100
AcDbMText
 10
9.0
 20
-12.0
 30
0.0
 40
2.5
 71
5
  1
18
  0
POINT
  5
46
330
36
100
AcDbEntity
  8
Defpoints
100
AcDbPoint
 10
0.0
 20
-12.0
 30
0.0
  0
POINT
  5
47
330
36
100
AcDbEntity
  8
Defpoints
100
AcDbPoint
 10
0.0
 20
0.0
 30
0.0
  0
POINT
  5
48
330
36
100
AcDbEntity
  8
Defpoints
100
AcDbPoint
 10
18.0
 20
0.0
 30
0.0
  0
ENDBLK
  5
38
330
36
100
AcDbEntity
  8
0
100
AcDbBlockEnd
  0
BLOCK
  5
3C
330
3B
100
AcDbEntity
  8
0
100
AcDbBlockBegin
  2
_CLOSEDFILLED
 70
0
 10
0.0
 20
0.0
 30
0.0
  3
_CLOSEDFILLED
  1

  0
SOLID
  5
3E
330
3B
100
AcDbEntity
  8
0
  6
BYBLOCK
 62
0
100
AcDbTrace
 10
-1.0
 20
0.16439898372402537
 30
0.0
 11
0.0
 21
0.0
 31
0.0
 12
-1.0
 22
-0.16439898372402537
 32
0.0
 13
-1.0
 23
-0.16439898372402537
 33
0.0
  0
ENDBLK
  5
3D
330
3B
100
AcDbEntity
  8
0
100
AcDbBlockEnd
  0
BLOCK
  5
4B
330
4A
100
AcDbEntity
  8
0
100
AcDbBlockBegin
  2
*D2
 70
1
 10
0.0
 20
0.0
 30
0.0
  3
*D2
  1

  0
LINE
  5
4D
330
4A
100
AcDbEntity
  8
0
100
AcDbLine
 10
18.0
 20
0.0
 30
0.0
 11
30.0
 21
0.0
 31
0.0
  0
LINE
  5
4E
330
4A
100
AcDbEntity
  8
0
100
AcDbLine
 10
18.0
 20
26.0
 30
0.0
 11
30.0
 21
26.0
 31
0.0
  0
INSERT
  5
4F
330
4A
100
AcDbEntity
  8
DIMENSIONS
100
AcDbBlockReference
  2
_CLOSEDFILLED
 10
30.0
 20
0.0
 30
0.0
 41
1.5
 42
1.5
 50
270.0
  0
INSERT
  5
51
330
4A
100
AcDbEntity
  8
DIMENSIONS
100
AcDbBlockReference
  2
_CLOSEDFILLED
 10
30.0
 20
26.0
 30
0.0
 41
1.5
 42
1.5
 50
90.0
  0
LINE
  5
53
330
4A
100
AcDbEntity
  8
0
100
AcDbLine
 10
30.0
 20
1.5
 30
0.0
 11
30.0
 21
10.5
 31
0.0
  0
LINE
  5
54
330
4A
100
AcDbEntity
  8
0
100
AcDbLine
 10
30.0
 20
15.5
 30
0.0
 11
30.0
 21
24.5
 31
0.0
  0
MTEXT
  5
55
330
4A
100
AcDbEntity
  8
DIMENSIONS
100
AcDbMText
 10
30.0
 20
13.0
 30
0.0
 40
2.5
 71
5
  1
26
 50
90.0
  0
POINT
  5
56
330
4A
100
AcDbEntity
  8
Defpoints
100
AcDbPoint
 10
30.0
 20
0.0
 30
0.0
  0
POINT
  5
57
330
4A
100
AcDbEntity
  8
Defpoints
100
AcDbPoint
 10
18.0
 20
0.0
 30
0.0
  0
POINT
  5
58
330
4A
100
AcDbEntity
  8
Defpoints
100
AcDbPoint
 10
18.0
 20
26.0
 30
0.0
  0
ENDBLK
  5
4C
330
4A
100
AcDbEntity
  8
0
100
AcDbBlockEnd
  0
BLOCK
  5
64
330
63
100
AcDbEntity
  8
0
100
AcDbBlockBegin
  2
*D3
 70
1
 10
0.0
 20
0.0
 30
0.0
  3
*D3
  1

  0
LINE
  5
66
330
63
100
AcDbEntity
  8
0
100
AcDbLine
 10
430.0
 20
0.0
 30
0.0
 11
430.0
 21
-12.0
 31
0.0
  0
LINE
  5
67
330
63
100
AcDbEntity
  8
0
100
AcDbLine
 10
448.0
 20
0.0
 30
0.0
 11
448.0
 21
-12.0
 31
0.0
  0
INSERT
  5
68
330
63
100
AcDbEntity
  8
DIMENSIONS
100
AcDbBlockReference
  2
_CLOSEDFILLED
 10
430.0
 20
-12.0
 30
0.0
 41
1.5
 42
1.5
 50
180.0
  0
INSERT
  5
6A
330
63
100
AcDbEntity
  8
DIMENSIONS
100
AcDbBlockReference
  2
_CLOSEDFILLED
 10
448.0
 20
-12.0
 30
0.0
 41
1.5
 42
1.5
  0
LINE
  5
6C
330
63
100
AcDbEntity
  8
0
100
AcDbLine
 10
431.5
 20
-12.0
 30
0.0
 11
436.5
 21
-12.0
 31
0.0
  0
LINE
  5
6D
330
63
100
AcDbEntity
  8
0
100
AcDbLine
 10
441.5
 20
-12.0
 30
0.0
 11
446.5
 21
-12.0
 31
0.0
  0
MTEXT
  5
6E
330
63
100
AcDbEntity
  8
DIMENSIONS
100
AcDbMText
 10
439.0
 20
-12.0
 30
0.0
 40
2.5
 71
5
  1
18
  0
POINT
  5
6F
330
63
100
AcDbEntity
  8
Defpoints
100
AcDbPoint
 10
430.0
 20
-12.0
 30
0.0
  0
POINT
  5
70
330
63
100
AcDbEntity
  8
Defpoints
100
AcDbPoint
 10
430.0
 20
0.0
 30
0.0
  0
POINT
  5
71
330
63
100
AcDbEntity
  8
Defpoints
100
AcDbPoint
 10
448.0
 20
0.0
 30
0.0
  0
ENDBLK
  5
65
330
63
100
AcDbEntity
  8
0
100
AcDbBlockEnd
  0
BLOCK
  5
74
330
73
100
AcDbEntity
  8
0
100
AcDbBlockBegin
  2
*D4
 70
1
 10
0.0
 20
0.0
 30
0.0
  3
*D4
  1

  0
LINE
  5
76
330
73
100
AcDbEntity
  8
0
100
AcDbLine
 10
448.0
 20
0.0
 30
0.0
 11
460.0
 21
0.0
 31
0.0
  0
LINE
  5
77
330
73
100
AcDbEntity
  8
0
100
AcDbLine
 10
448.0
 20
26.0
 30
0.0
 11
460.0
 21
26.0
 31
0.0
  0
INSERT
  5
78
330
73
100
AcDbEntity
  8
DIMENSIONS
100
AcDbBlockReference
  2
_CLOSEDFILLED
 10
460.0
 20
0.0
 30
0.0
 41
1.5
 42
1.5
 50
270.0
  0
INSERT
  5
7A
330
73
100
AcDbEntity
  8
DIMENSIONS
100
AcDbBlockReference
  2
_CLOSEDFILLED
 10
460.0
 20
26.0
 30
0.0
 41
1.5
 42
1.5
 50
90.0
  0
LINE
  5
7C
330
73
100
AcDbEntity
  8
0
100
AcDbLine
 10
460.0
 20
1.5
 30
0.0
 11
460.0
 21
10.5
 31
0.0
  0
LINE
  5
7D
330
73
100
AcDbEntity
  8
0
100
AcDbLine
 10
460.0
 20
15.5
 30
0.0
 11
460.0
 21
24.5
 31
0.0
  0
MTEXT
  5
7E
330
73
100
AcDbEntity
  8
DIMENSIONS
100
AcDbMText
 10
460.0
 20
13.0
 30
0.0
 40
2.5
 71
5
  1
26
 50
90.0
  0
POINT
  5
7F
330
73
100
AcDbEntity
  8
Defpoints
100
AcDbPoint
 10
460.0
 20
0.0
 30
0.0
  0
POINT
  5
80
330
73
100
AcDbEntity
  8
Defpoints
100
AcDbPoint
 10
448.0
 20
0.0
 30
0.0
  0
POINT
  5
81
330
73
100
AcDbEntity
  8
Defpoints
100
AcDbPoint
 10
448.0
 20
26.0
 30
0.0
  0
ENDBLK
  5
75
330
73
100
AcDbEntity
  8
0
100
AcDbBlockEnd
  0
BLOCK
  5
8D
330
8C
100
AcDbEntity
  8
0
100
AcDbBlockBegin
  2
*D5
 70
1
 10
0.0
 20
0.0
 30
0.0
  3
*D5
  1

  0
LINE
  5
8F
330
8C
100
AcDbEntity
  8
0
100
AcDbLine
 10
860.0
 20
0.0
 30
0.0
 11
860.0
 21
-12.0
 31
0.0
  0
LINE
  5
90
330
8C
100
AcDbEntity
  8
0
100
AcDbLine
 10
882.0
 20
0.0
 30
0.0
 11
882.0
 21
-12.0
 31
0.0
  0
INSERT
  5
91
330
8C
100
AcDbEntity
  8
DIMENSIONS
100
AcDbBlockReference
  2
_CLOSEDFILLED
 10
860.0
 20
-12.0
 30
0.0
 41
1.5
 42
1.5
 50
180.0
  0
INSERT
  5
93
330
8C
100
AcDbEntity
  8
DIMENSIONS
100
AcDbBlockReference
  2
_CLOSEDFILLED
 10
882.0
 20
-12.0
 30
0.0
 41
1.5
 42
1.5
  0
LINE
  5
95
330
8C
100
AcDbEntity
  8
0
100
AcDbLine
 10
861.5
 20
-12.0
 30
0.0
 11
868.5
 21
-12.0
 31
0.0
  0
LINE
  5
96
330
8C
100
AcDbEntity
  8
0
100
AcDbLine
 10
873.5
 20
-12.0
 30
0.0
 11
880.5
 21
-12.0
 31
0.0
  0
MTEXT
  5
97
330
8C
100
AcDbEntity
  8
DIMENSIONS
100
AcDbMText
 10
871.0
 20
-12.0
 30
0.0
 40
2.5
 71
5
  1
22
  0
POINT
  5
98
330
8C
100
AcDbEntity
  8
Defpoints
100
AcDbPoint
 10
860.0
 20
-12.0
 30
0.0
  0
POINT
  5
99
330
8C
100
AcDbEntity
  8
Defpoints
100
AcDbPoint
 10
860.0
 20
0.0
 30
0.0
  0
POINT
  5
9A
330
8C
100
AcDbEntity
  8
Defpoints
100
AcDbPoint
 10
882.0
 20
0.0
 30
0.0
  0
ENDBLK
  5
8E
330
8C
100
AcDbEntity
  8
0
100
AcDbBlockEnd
  0
BLOCK
  5
9D
330
9C
100
AcDbEntity
  8
0
100
AcDbBlockBegin
  2
*D6
 70
1
 10
0.0
 20
0.0
 30
0.0
  3
*D6
  1

  0
LINE
  5
9F
330
9C
100
AcDbEntity
  8
0
100
AcDbLine
 10
882.0
 20
0.0
 30
0.0
 11
894.0
 21
0.0
 31
0.0
  0
LINE
  5
A0
330
9C
100
AcDbEntity
  8
0
100
AcDbLine
 10
882.0
 20
26.0
 30
0.0
 11
894.0
 21
26.0
 31
0.0
  0
INSERT
  5
A1
330
9C
100
AcDbEntity
  8
DIMENSIONS
100
AcDbBlockReference
  2
_CLOSEDFILLED
 10
894.0
 20
0.0
 30
0.0
 41
1.5
 42
1.5
 50
270.0
  0
INSERT
  5
A3
330
9C
100
AcDbEntity
  8
DIMENSIONS
100
AcDbBlockReference
  2
_CLOSEDFILLED
 10
894.0
 20
26.0
 30
0.0
 41
1.5
 42
1.5
 50
90.0
  0
LINE
  5
A5
330
9C
100
AcDbEntity
  8
0
100
AcDbLine
 10
894.0
 20
1.5
 30
0.0
 11
894.0
 21
10.5
 31
0.0
  0
LINE
  5
A6
330
9C
100
AcDbEntity
  8
0
100
AcDbLine
 10
894.0
 20
15.5
 30
0.0
 11
894.0
 21
24.5
 31
0.0
  0
MTEXT
  5
A7
330
9C
100
AcDbEntity
  8
DIMENSIONS
100
AcDbMText
 10
894.0
 20
13.0
 30
0.0
 40
2.5
 71
5
  1
26
 50
90.0
  0
POINT
  5
A8
330
9C
100
AcDbEntity
  8
Defpoints
100
AcDbPoint
 10
894.0
 20
0.0
 30
0.0
  0
POINT
  5
A9
330
9C
100
AcDbEntity
  8
Defpoints
100
AcDbPoint
 10
882.0
 20
0.0
 30
0.0
  0
POINT
  5
AA
330
9C
100
AcDbEntity
  8
Defpoints
100
AcDbPoint
 10
882.0
 20
26.0
 30
0.0
  0
ENDBLK
  5
9E
330
9C
100
AcDbEntity
  8
0
100
AcDbBlockEnd
  0
BLOCK
  5
B6
330
B5
100
AcDbEntity
  8
0
100
AcDbBlockBegin
  2
*D7
 70
1
 10
0.0
 20
0.0
 30
0.0
  3
*D7
  1

  0
LINE
  5
B8
330
B5
100
AcDbEntity
  8
0
100
AcDbLine
 10
0.0
 20
-400.0
 30
0.0
 11
0.0
 21
-412.0
 31
0.0
  0
LINE
  5
B9
330
B5
100
AcDbEntity
  8
0
100
AcDbLine
 10
30.0
 20
-400.0
 30
0.0
 11
30.0
 21
-412.0
 31
0.0
  0
INSERT
  5
BA
330
B5
100
AcDbEntity
  8
DIMENSIONS
100
AcDbBlockReference
  2
_CLOSEDFILLED
 10
0.0
 20
-412.0
 30
0.0
 41
1.5
 42
1.5
 50
180.0
  0
INSERT
  5
BC
330
B5
100
AcDbEntity
  8
DIMENSIONS
100
AcDbBlockReference
  2
_CLOSEDFILLED
 10
30.0
 20
-412.0
 30
0.0
 41
1.5
 42
1.5
  0
LINE
  5
BE
330
B5
100
AcDbEntity
  8
0
100
AcDbLine
 10
1.5
 20
-412.0
 30
0.0
 11
12.5
 21
-412.0
 31
0.0
  0
LINE
  5
BF
330
B5
100
AcDbEntity
  8
0
100
AcDbLine
 10
17.5
 20
-412.0
 30
0.0
 11
28.5
 21
-412.0
 31
0.0
  0
MTEXT
  5
C0
330
B5
100
AcDbEntity
  8
DIMENSIONS
100
AcDbMText
 10
15.0
 20
-412.0
 30
0.0
 40
2.5
 71
5
  1
30
  0
POINT
  5
C1
330
B5
100
AcDbEntity
  8
Defpoints
100
AcDbPoint
 10
0.0
 20
-412.0
 30
0.0
  0
POINT
  5
C2
330
B5
100
AcDbEntity
  8
Defpoints
100
AcDbPoint
 10
0.0
 20
-400.0
 30
0.0
  0
POINT
  5
C3
330
B5
100
AcDbEntity
  8
Defpoints
100
AcDbPoint
 10
30.0
 20
-400.0
 30
0.0
  0
ENDBLK
  5
B7
330
B5
100
AcDbEntity
  8
0
100
AcDbBlockEnd
  0
BLOCK
  5
C6
330
C5
100
AcDbEntity
  8
0
100
AcDbBlockBegin
  2
*D8
 70
1
 10
0.0
 20
0.0
 30
0.0
  3
*D8
  1

  0
LINE
  5
C8
330
C5
100
AcDbEntity
  8
0
100
AcDbLine
 10
30.0
 20
-400.0
 30
0.0
 11
42.0
 21
-400.0
 31
0.0
  0
LINE
  5
C9
330
C5
100
AcDbEntity
  8
0
100
AcDbLine
 10
30.0
 20
-374.0
 30
0.0
 11
42.0
 21
-374.0
 31
0.0
  0
INSERT
  5
CA
330
C5
100
AcDbEntity
  8
DIMENSIONS
100
AcDbBlockReference
  2
_CLOSEDFILLED
 10
42.0
 20
-400.0
 30
0.0
 41
1.5
 42
1.5
 50
270.0
  0
INSERT
  5
CC
330
C5
100
AcDbEntity
  8
DIMENSIONS
100
AcDbBlockReference
  2
_CLOSEDFILLED
 10
42.0
 20
-374.0
 30
0.0
 41
1.5
 42
1.5
 50
90.0
  0
LINE
  5
CE
330
C5
100
AcDbEntity
  8
0
100
AcDbLine
 10
42.0
 20
-398.5
 30
0.0
 11
42.0
 21
-389.5
 31
0.0
  0
LINE
  5
CF
330
C5
100
AcDbEntity
  8
0
100
AcDbLine
 10
42.0
 20
-384.5
 30
0.0
 11
42.0
 21
-375.5
 31
0.0
  0
MTEXT
  5
D0
330
C5
100
AcDbEntity
  8
DIMENSIONS
100
AcDbMText
 10
42.0
 20
-387.0
 30
0.0
 40
2.5
 71
5
  1
26
 50
90.0
  0
POINT
  5
D1
330
C5
100
AcDbEntity
  8
Defpoints
100
AcDbPoint
 10
42.0
 20
-400.0
 30
0.0
  0
POINT
  5
D2
330
C5
100
AcDbEntity
  8
Defpoints
100
AcDbPoint
 10
30.0
 20
-400.0
 30
0.0
  0
POINT
  5
D3
330
C5
100
AcDbEntity
  8
Defpoints
100
AcDbPoint
 10
30.0
 20
-374.0
 30
0.0
  0
ENDBLK
  5
C7
330
C5
100
AcDbEntity
  8
0
100
AcDbBlockEnd
  0
BLOCK
  5
E2
330
E1
100
AcDbEntity
  8
0
100
AcDbBlockBegin
  2
*D9
 70
1
 10
0.0
 20
0.0
 30
0.0
  3
*D9
  1

  0
LINE
  5
E4
330
E1
100
AcDbEntity
  8
0
100
AcDbLine
 10
430.0
 20
-400.0
 30
0.0
 11
430.0
 21
-412.0
 31
0.0
  0
LINE
  5
E5
330
E1
100
AcDbEntity
  8
0
100
AcDbLine
 10
656.3
 20
-400.0
 30
0.0
 11
656.3
 21
-412.0
 31
0.0
  0
INSERT
  5
E6
330
E1
100
AcDbEntity
  8
DIMENSIONS
100
AcDbBlockReference
  2
_CLOSEDFILLED
 10
430.0
 20
-412.0
 30
0.0
 41
1.5
 42
1.5
 50
180.0
  0
INSERT
  5
E8
330
E1
100
AcDbEntity
  8
DIMENSIONS
100
AcDbBlockReference
  2
_CLOSEDFILLED
 10
656.3
 20
-412.0
 30
0.0
 41
1.5
 42
1.5
  0
LINE
  5
EA
330
E1
100
AcDbEntity
  8
0
100
AcDbLine
 10
431.5
 20
-412.0
 30
0.0
 11
536.9
 21
-412.0
 31
0.0
  0
LINE
  5
EB
330
E1
100
AcDbEntity
  8
0
100
AcDbLine
 10
549.4
 20
-412.0
 30
0.0
 11
654.8
 21
-412.0
 31
0.0
  0
MTEXT
  5
EC
330
E1
100
AcDbEntity
  8
DIMENSIONS
100
AcDbMText
 10
543.15
 20
-412.0
 30
0.0
 40
2.5
 71
5
  1
226,3
  0
POINT
  5
ED
330
E1
100
AcDbEntity
  8
Defpoints
100
AcDbPoint
 10
430.0
 20
-412.0
 30
0.0
  0
POINT
  5
EE
330
E1
100
AcDbEntity
  8
Defpoints
100
AcDbPoint
 10
430.0
 20
-400.0
 30
0.0
  0
POINT
  5
EF
330
E1
100
AcDbEntity
  8
Defpoints
100
AcDbPoint
 10
656.3
 20
-400.0
 30
0.0
  0
ENDBLK
  5
E3
330
E1
100
AcDbEntity
  8
0
100
AcDbBlockEnd
  0
BLOCK
  5
F2
330
F1
100
AcDbEntity
  8
0
100
AcDbBlockBegin
  2
*D10
 70
1
 10
0.0
 20
0.0
 30
0.0
  3
*D10
  1

  0
LINE
  5
F4
330
F1
100
AcDbEntity
  8
0
100
AcDbLine
 10
656.3
 20
-400.0
 30
0.0
 11
668.3
 21
-400.0
 31
0.0
  0
LINE
  5
F5
330
F1
100
AcDbEntity
  8
0
100
AcDbLine
 10
656.3
 20
-173.70000000000002
 30
0.0
 11
668.3
 21
-173.70000000000002
 31
0.0
  0
INSERT
  5
F6
330
F1
100
AcDbEntity
  8
DIMENSIONS
100
AcDbBlockReference
  2
_CLOSEDFILLED
 10
668.3
 20
-400.0
 30
0.0
 41
1.5
 42
1.5
 50
270.0
  0
INSERT
  5
F8
330
F1
100
AcDbEntity
  8
DIMENSIONS
100
AcDbBlockReference
  2
_CLOSEDFILLED
 10
668.3
 20
-173.70000000000002
 30
0.0
 41
1.5
 42
1.5
 50
90.0
  0
LINE
  5
FA
330
F1
100
AcDbEntity
  8
0
100
AcDbLine
 10
668.3
 20
-398.5
 30
0.0
 11
668.3
 21
-293.1
 31
0.0
  0
LINE
  5
FB
330
F1
100
AcDbEntity
  8
0
100
AcDbLine
 10
668.3
 20
-280.6
 30
0.0
 11
668.3
 21
-175.20000000000002
 31
0.0
  0
MTEXT
  5
FC
330
F1
100
AcDbEntity
  8
DIMENSIONS
100
AcDbMText
 10
668.3
 20
-286.85
 30
0.0
 40
2.5
 71
5
  1
226,3
 50
90.0
  0
POINT
  5
FD
330
F1
100
AcDbEntity
  8
Defpoints
100
AcDbPoint
 10
668.3
 20
-400.0
 30
0.0
  0
POINT
  5
FE
330
F1
100
AcDbEntity
  8
Defpoints
100
AcDbPoint
 10
656.3
 20
-400.0
 30
0.0
  0
POINT
  5
FF
330
F1
100
AcDbEntity
  8
Defpoints
100
AcDbPoint
 10
656.3
 20
-173.70000000000002
 30
0.0
  0
ENDBLK
  5
F3
330
F1
100
AcDbEntity
  8
0
100
AcDbBlockEnd
  0
BLOCK
  5
11D
330
11C
100
AcDbEntity
  8
0
100
AcDbBlockBegin
  2
*D11
 70
1
 10
0.0
 20
0.0
 30
0.0
  3
*D11
  1

  0
LINE
  5
11F
330
11C
100
AcDbEntity
  8
0
100
AcDbLine
 10
860.0
 20
-400.0
 30
0.0
 11
860.0
 21
-412.0
 31
0.0
  0
LINE
  5
120
330
11C
100
AcDbEntity
  8
0
100
AcDbLine
 10
1204.0
 20
-400.0
 30
0.0
 11
1204.0
 21
-412.0
 31
0.0
  0
INSERT
  5
121
330
11C
100
AcDbEntity
  8
DIMENSIONS
100
AcDbBlockReference
  2
_CLOSEDFILLED
 10
860.0
 20
-412.0
 30
0.0
 41
1.5
 42
1.5
 50
180.0
  0
INSERT
  5
123
330
11C
100
AcDbEntity
  8
DIMENSIONS
100
AcDbBlockReference
  2
_CLOSEDFILLED
 10
1204.0
 20
-412.0
 30
0.0
 41
1.5
 42
1.5
  0
LINE
  5
125
330
11C
100
AcDbEntity
  8
0
100
AcDbLine
 10
861.5
 20
-412.0
 30
0.0
 11
1028.25
 21
-412.0
 31
0.0
  0
LINE
  5
126
330
11C
100
AcDbEntity
  8
0
100
AcDbLine
 10
1035.75
 20
-412.0
 30
0.0
 11
1202.5
 21
-412.0
 31
0.0
  0
MTEXT
  5
127
330
11C
100
AcDbEntity
  8
DIMENSIONS
100
AcDbMText
 10
1032.0
 20
-412.0
 30
0.0
 40
2.5
 71
5
  1
344
  0
POINT
  5
128
330
11C
100
AcDbEntity
  8
Defpoints
100
AcDbPoint
 10
860.0
 20
-412.0
 30
0.0
  0
POINT
  5
129
330
11C
100
AcDbEntity
  8
Defpoints
100
AcDbPoint
 10
860.0
 20
-400.0
 30
0.0
  0
POINT
  5
12A
330
11C
100
AcDbEntity
  8
Defpoints
100
AcDbPoint
 10
1204.0
 20
-400.0
 30
0.0
  0
ENDBLK
  5
11E
330
11C
100
AcDbEntity
  8
0
100
AcDbBlockEnd
  0
BLOCK
  5
12D
330
12C
100
AcDbEntity
  8
0
100
AcDbBlockBegin
  2
*D12
 70
1
 10
0.0
 20
0.0
 30
0.0
  3
*D12
  1

  0
LINE
  5
12F
330
12C
100
AcDbEntity
  8
0
100
AcDbLine
 10
1204.0
 20
-400.0
 30
0.0
 11
1216.0
 21
-400.0
 31
0.0
  0
LINE
  5
130
330
12C
100
AcDbEntity
  8
0
100
AcDbLine
 10
1204.0
 20
-197.70000000000002
 30
0.0
 11
1216.0
 21
-197.70000000000002
 31
0.0
  0
INSERT
  5
131
330
12C
100
AcDbEntity
  8
DIMENSIONS
100
AcDbBlockReference
  2
_CLOSEDFILLED
 10
1216.0
 20
-400.0
 30
0.0
 41
1.5
 42
1.5
 50
270.0
  0
INSERT
  5
133
330
12C
100
AcDbEntity
  8
DIMENSIONS
100
AcDbBlockReference
  2
_CLOSEDFILLED
 10
1216.0
 20
-197.70000000000002
 30
0.0
 41
1.5
 42
1.5
 50
90.0
  0
LINE
  5
135
330
12C
100
AcDbEntity
  8
0
100
AcDbLine
 10
1216.0
 20
-398.5
 30
0.0
 11
1216.0
 21
-305.1
 31
0.0
  0
LINE
  5
136
330
12C
100
AcDbEntity
  8
0
100
AcDbLine
 10
1216.0
 20
-292.6
 30
0.0
 11
1216.0
 21
-199.20000000000002
 31
0.0
  0
MTEXT
  5
137
330
12C
100
AcDbEntity
  8
DIMENSIONS
100
AcDbMText
 10
1216.0
 20
-298.85
 30
0.0
 40
2.5
 71
5
  1
202,3
 50
90.0
  0
POINT
  5
138
330
12C
100
AcDbEntity
  8
Defpoints
100
AcDbPoint
 10
1216.0
 20
-400.0
 30
0.0
  0
POINT
  5
139
330
12C
100
AcDbEntity
  8
Defpoints
100
AcDbPoint
 10
1204.0
 20
-400.0
 30
0.0
  0
POINT
  5
13A
330
12C
100
AcDbEntity
  8
Defpoints
100
AcDbPoint
 10
1204.0
 20
-197.70000000000002
 30
0.0
  0
ENDBLK
  5
12E
330
12C
100
AcDbEntity
  8
0
100
AcDbBlockEnd
  0
ENDSEC
  0
SECTION
  2
ENTITIES
  0
LWPOLYLINE
  5
32
330
17
100
AcDbEntity
  8
GEOMETRY
100
AcDbPolyline
 90
352
 70
1
 10
4.0
 20
12.0
 10
3.75
 20
12.0
 10
3.5
 20
12.0
 10
3.25
 20
12.0
 10
3.0
 20
12.0
 10
2.75
 20
12.0
 10
2.5
 20
12.0
 10
2.25
 20
12.0
 10
2.0
 20
12.0
 10
1.75
 20
12.0
 10
1.5
 20
12.0
 10
1.25
 20
12.0
 10
1.0
 20
12.0
 10
0.75
 20
12.0
 10
0.5
 20
12.0
 10
0.25
 20
12.0
 10
0.0
 20
12.0
 10
0.0
 20
12.25
 10
0.0
 20
12.5
 10
0.0
 20
12.75
 10
0.0
 20
13.0
 10
0.0
 20
13.25
 10
0.0
 20
13.5
 10
0.0
 20
13.75
 10
0.0
 20
14.0
 10
0.0
 20
14.25
 10
0.0
 20
14.5
 10
0.0
 20
14.75
 10
0.0
 20
15.0
 10
0.0
 20
15.25
 10
0.0
 20
15.5
 10
0.0
 20
15.75
 10
0.0
 20
16.0
 10
0.0
 20
16.25
 10
0.0
 20
16.5
 10
0.0
 20
16.75
 10
0.0
 20
17.0
 10
0.0
 20
17.25
 10
0.0
 20
17.5
 10
0.0
 20
17.75
 10
0.0
 20
18.0
 10
0.0
 20
18.25
 10
0.0
 20
18.5
 10
0.0
 20
18.75
 10
0.0
 20
19.0
 10
0.0
 20
19.25
 10
0.0
 20
19.5
 10
0.0
 20
19.75
 10
0.0
 20
20.0
 10
0.0
 20
20.25
 10
0.0
 20
20.5
 10
0.0
 20
20.75
 10
0.0
 20
21.0
 10
0.0
 20
21.25
 10
0.0
 20
21.5
 10
0.0
 20
21.75
 10
0.0
 20
22.0
 10
0.0
 20
22.25
 10
0.0
 20
22.5
 10
0.0
 20
22.75
 10
0.0
 20
23.0
 10
0.0
 20
23.25
 10
0.0
 20
23.5
 10
0.0
 20
23.75
 10
0.0
 20
24.0
 10
0.0
 20
24.25
 10
0.0
 20
24.5
 10
0.0
 20
24.75
 10
0.0
 20
25.0
 10
0.0
 20
25.25
 10
0.0
 20
25.5
 10
0.0
 20
25.75
 10
0.0
 20
26.0
 10
0.25
 20
26.0
 10
0.5
 20
26.0
 10
0.75
 20
26.0
 10
1.0
 20
26.0
 10
1.25
 20
26.0
 10
1.5
 20
26.0
 10
1.75
 20
26.0
 10
2.0
 20
26.0
 10
2.25
 20
26.0
 10
2.5
 20
26.0
 10
2.75
 20
26.0
 10
3.0
 20
26.0
 10
3.25
 20
26.0
 10
3.5
 20
26.0
 10
3.75
 20
26.0
 10
4.0
 20
26.0
 10
4.25
 20
26.0
 10
4.5
 20
26.0
 10
4.75
 20
26.0
 10
5.0
 20
26.0
 10
5.25
 20
26.0
 10
5.5
 20
26.0
 10
5.75
 20
26.0
 10
6.0
 20
26.0
 10
6.249999999999993
 20
26.0
 10
6.5
 20
26.0
 10
6.75
 20
26.0
 10
7.0
 20
26.0
 10
7.250000000000007
 20
26.0
 10
7.5
 20
26.0
 10
7.75
 20
26.0
 10
8.0
 20
26.0
 10
8.25
 20
26.0
 10
8.5
 20
26.0
 10
8.75
 20
26.0
 10
8.999999999999993
 20
26.0
 10
9.25
 20
26.0
 10
9.5
 20
26.0
 10
9.75
 20
26.0
 10
10.000000000000007
 20
26.0
 10
10.25
 20
26.0
 10
10.5
 20
26.0
 10
10.75
 20
26.0
 10
11.0
 20
26.0
 10
11.25
 20
26.0
 10
11.5
 20
26.0
 10
11.749999999999993
 20
26.0
 10
12.0
 20
26.0
 10
12.0
 20
25.75
 10
12.0
 20
25.5
 10
12.0
 20
25.25
 10
12.0
 20
25.0
 10
12.0
 20
24.75
 10
12.0
 20
24.5
 10
12.0
 20
24.25
 10
12.0
 20
24.0
 10
12.0
 20
23.75
 10
12.0
 20
23.5
 10
12.0
 20
23.25
 10
12.0
 20
23.0
 10
12.0
 20
22.75
 10
12.0
 20
22.5
 10
12.0
 20
22.25
 10
12.0
 20
22.0
 10
12.0
 20
21.75
 10
12.0
 20
21.5
 10
12.0
 20
21.25
 10
12.0
 20
21.0
 10
12.0
 20
20.75
 10
12.0
 20
20.5
 10
12.0
 20
20.25
 10
12.0
 20
20.0
 10
12.0
 20
19.75
 10
12.0
 20
19.5
 10
12.0
 20
19.25
 10
12.0
 20
19.0
 10
12.0
 20
18.75
 10
12.0
 20
18.5
 10
12.0
 20
18.25
 10
12.0
 20
18.0
 10
12.0
 20
17.75
 10
12.0
 20
17.5
 10
12.0
 20
17.25
 10
12.0
 20
17.0
 10
12.0
 20
16.75
 10
12.0
 20
16.5
 10
12.0
 20
16.25
 10
12.0
 20
16.0
 10
12.0
 20
15.75
 10
12.0
 20
15.5
 10
12.0
 20
15.25
 10
12.0
 20
15.0
 10
12.0
 20
14.75
 10
12.0
 20
14.5
 10
12.0
 20
14.25
 10
12.0
 20
14.0
 10
12.25
 20
14.0
 10
12.5
 20
14.0
 10
12.75
 20
14.0
 10
13.0
 20
14.0
 10
13.25
 20
14.0
 10
13.499999999999993
 20
14.0
 10
13.75
 20
14.0
 10
14.0
 20
14.0
 10
14.25
 20
14.0
 10
14.5
 20
14.0
 10
14.75
 20
14.0
 10
15.0
 20
14.0
 10
15.25
 20
14.0
 10
15.5
 20
14.0
 10
15.75
 20
14.0
 10
16.0
 20
14.0
 10
16.25
 20
14.0
 10
16.5
 20
14.0
 10
16.75
 20
14.0
 10
17.0
 20
14.0
 10
17.25
 20
14.0
 10
17.5
 20
14.0
 10
17.75
 20
14.0
 10
18.0
 20
14.0
 10
18.0
 20
13.75
 10
18.0
 20
13.5
 10
18.0
 20
13.25
 10
18.0
 20
13.0
 10
18.0
 20
12.75
 10
18.0
 20
12.5
 10
18.0
 20
12.25
 10
18.0
 20
12.0
 10
18.0
 20
11.75
 10
18.0
 20
11.5
 10
18.0
 20
11.25
 10
18.0
 20
11.0
 10
18.0
 20
10.75
 10
18.0
 20
10.5
 10
18.0
 20
10.25
 10
18.0
 20
10.0
 10
18.0
 20
9.75
 10
18.0
 20
9.5
 10
18.0
 20
9.25
 10
18.0
 20
9.0
 10
18.0
 20
8.75
 10
18.0
 20
8.5
 10
18.0
 20
8.25
 10
18.0
 20
8.0
 10
18.0
 20
7.75
 10
18.0
 20
7.5
 10
18.0
 20
7.25
 10
18.0
 20
7.0
 10
18.0
 20
6.75
 10
18.0
 20
6.5
 10
18.0
 20
6.25
 10
18.0
 20
6.0
 10
18.0
 20
5.75
 10
18.0
 20
5.5
 10
18.0
 20
5.25
 10
18.0
 20
5.0
 10
18.0
 20
4.75
 10
18.0
 20
4.5
 10
18.0
 20
4.25
 10
18.0
 20
4.0
 10
18.0
 20
3.75
 10
18.0
 20
3.5
 10
18.0
 20
3.25
 10
18.0
 20
3.0
 10
18.0
 20
2.75
 10
18.0
 20
2.5
 10
18.0
 20
2.25
 10
18.0
 20
2.0
 10
18.0
 20
1.75
 10
18.0
 20
1.5
 10
18.0
 20
1.25
 10
18.0
 20
1.0
 10
18.0
 20
0.75
 10
18.0
 20
0.5
 10
18.0
 20
0.25
 10
18.0
 20
0.0
 10
17.75
 20
0.0
 10
17.5
 20
0.0
 10
17.25
 20
0.0
 10
17.000000000000004
 20
0.0
 10
16.75
 20
0.0
 10
16.499999999999996
 20
0.0
 10
16.25
 20
0.0
 10
16.0
 20
0.0
 10
15.75
 20
0.0
 10
15.5
 20
0.0
 10
15.25
 20
0.0
 10
15.0
 20
0.0
 10
14.75
 20
0.0
 10
14.5
 20
0.0
 10
14.250000000000004
 20
0.0
 10
14.0
 20
0.0
 10
13.75
 20
0.0
 10
13.5
 20
0.0
 10
13.25
 20
0.0
 10
13.0
 20
0.0
 10
12.75
 20
0.0
 10
12.5
 20
0.0
 10
12.25
 20
0.0
 10
12.0
 20
0.0
 10
11.75
 20
0.0
 10
11.5
 20
0.0
 10
11.25
 20
0.0
 10
11.0
 20
0.0
 10
10.75
 20
0.0
 10
10.5
 20
0.0
 10
10.25
 20
0.0
 10
10.0
 20
0.0
 10
9.75
 20
0.0
 10
9.5
 20
0.0
 10
9.25
 20
0.0
 10
9.0
 20
0.0
 10
8.75
 20
0.0
 10
8.5
 20
0.0
 10
8.25
 20
0.0
 10
8.0
 20
0.0
 10
7.75
 20
0.0
 10
7.5
 20
0.0
 10
7.25
 20
0.0
 10
6.999999999999998
 20
0.0
 10
6.75
 20
0.0
 10
6.5
 20
0.0
 10
6.25
 20
0.0
 10
6.0
 20
0.0
 10
5.75
 20
0.0
 10
5.5
 20
0.0
 10
5.25
 20
0.0
 10
5.0
 20
0.0
 10
4.75
 20
0.0
 10
4.500000000000002
 20
0.0
 10
4.249999999999998
 20
0.0
 10
4.0
 20
0.0
 10
4.0
 20
0.25
 10
4.0
 20
0.5
 10
4.0
 20
0.75
 10
4.0
 20
1.0
 10
4.0
 20
1.25
 10
4.0
 20
1.5
 10
4.0
 20
1.75
 10
4.0
 20
2.0
 10
4.0
 20
2.25
 10
4.0
 20
2.5
 10
4.0
 20
2.75
 10
4.0
 20
3.0
 10
4.0
 20
3.25
 10
4.0
 20
3.5
 10
4.0
 20
3.75
 10
4.0
 20
4.0
 10
4.0
 20
4.25
 10
4.0
 20
4.5
 10
4.0
 20
4.75
 10
4.0
 20
5.0
 10
4.0
 20
5.25
 10
4.0
 20
5.5
 10
4.0
 20
5.75
 10
4.0
 20
6.0
 10
4.0
 20
6.25
 10
4.0
 20
6.5
 10
4.0
 20
6.75
 10
4.0
 20
7.0
 10
4.0
 20
7.25
 10
4.0
 20
7.5
 10
4.0
 20
7.75
 10
4.0
 20
8.0
 10
4.0
 20
8.25
 10
4.0
 20
8.5
 10
4.0
 20
8.75
 10
4.0
 20
9.0
 10
4.0
 20
9.25
 10
4.0
 20
9.5
 10
4.0
 20
9.75
 10
4.0
 20
10.0
 10
4.0
 20
10.25
 10
4.0
 20
10.5
 10
4.0
 20
10.75
 10
4.0
 20
11.0
 10
4.0
 20
11.25
 10
4.0
 20
11.5
 10
4.0
 20
11.75
  0
LWPOLYLINE
  5
33
330
17
100
AcDbEntity
  8
GEOMETRY
100
AcDbPolyline
 90
72
 70
1
 10
13.250000000000123
 20
7.000000000000092
 10
13.24143807070655
 20
7.196100421182321
 10
13.215817444277592
 20
7.390708399750682
 10
13.173333109150526
 20
7.582342851480759
 10
13.114308396768418
 20
7.76954532248284
 10
13.039192520832588
 20
7.950891088916658
 10
12.948557158515113
 20
8.125000000000082
 10
12.843092099650358
 20
8.290546981789936
 10
12.723599997017828
 20
8.446272121794793
 10
12.59099025766986
 20
8.59099025766981
 10
12.446272121794843
 20
8.723599997017779
 10
12.290546981789985
 20
8.843092099650308
 10
12.125000000000133
 20
8.948557158515063
 10
11.950891088916707
 20
9.039192520832538
 10
11.769545322482891
 20
9.114308396768369
 10
11.58234285148081
 20
9.173333109150477
 10
11.390708399750732
 20
9.215817444277542
 10
11.196100421182372
 20
9.2414380707065
 10
11.000000000000142
 20
9.250000000000073
 10
10.803899578817914
 20
9.2414380707065
 10
10.609291600249552
 20
9.215817444277542
 10
10.417657148519474
 20
9.173333109150477
 10
10.230454677517395
 20
9.114308396768369
 10
10.049108911083577
 20
9.039192520832538
 10
9.875000000000153
 20
8.948557158515063
 10
9.709453018210299
 20
8.843092099650308
 10
9.553727878205441
 20
8.723599997017779
 10
9.409009742330424
 20
8.59099025766981
 10
9.276400002982456
 20
8.446272121794793
 10
9.156907900349927
 20
8.290546981789936
 10
9.051442841485173
 20
8.125000000000083
 10
8.960807479167697
 20
7.950891088916658
 10
8.885691603231866
 20
7.769545322482841
 10
8.826666890849758
 20
7.5823428514807585
 10
8.784182555722692
 20
7.390708399750682
 10
8.758561929293734
 20
7.196100421182321
 10
8.750000000000162
 20
7.000000000000092
 10
8.758561929293734
 20
6.803899578817863
 10
8.784182555722692
 20
6.609291600249503
 10
8.826666890849756
 20
6.417657148519426
 10
8.885691603231866
 20
6.230454677517344
 10
8.960807479167697
 20
6.049108911083528
 10
9.051442841485171
 20
5.875000000000101
 10
9.156907900349925
 20
5.70945301821025
 10
9.276400002982456
 20
5.553727878205392
 10
9.409009742330424
 20
5.409009742330374
 10
9.553727878205441
 20
5.276400002982407
 10
9.7094530182103
 20
5.156907900349876
 10
9.875000000000151
 20
5.051442841485122
 10
10.049108911083575
 20
4.960807479167648
 10
10.230454677517395
 20
4.885691603231816
 10
10.417657148519476
 20
4.826666890849707
 10
10.609291600249552
 20
4.7841825557226425
 10
10.803899578817912
 20
4.758561929293684
 10
11.000000000000142
 20
4.750000000000112
 10
11.19610042118237
 20
4.758561929293684
 10
11.390708399750732
 20
4.7841825557226425
 10
11.582342851480808
 20
4.826666890849706
 10
11.769545322482891
 20
4.885691603231816
 10
11.950891088916705
 20
4.960807479167647
 10
12.125000000000131
 20
5.051442841485121
 10
12.290546981789985
 20
5.156907900349877
 10
12.446272121794843
 20
5.276400002982406
 10
12.59099025766986
 20
5.409009742330373
 10
12.723599997017828
 20
5.5537278782053905
 10
12.843092099650358
 20
5.709453018210249
 10
12.948557158515113
 20
5.875000000000103
 10
13.039192520832586
 20
6.049108911083525
 10
13.114308396768418
 20
6.230454677517344
 10
13.173333109150526
 20
6.417657148519426
 10
13.215817444277592
 20
6.609291600249502
 10
13.24143807070655
 20
6.8038995788178624
  0
LWPOLYLINE
  5
34
330
17
100
AcDbEntity
  8
GEOMETRY
100
AcDbPolyline
 90
72
 70
1
 10
8.249999999999744
 20
20.000000000001762
 10
8.24143807070617
 20
20.196100421183992
 10
8.215817444277212
 20
20.390708399752352
 10
8.173333109150148
 20
20.582342851482426
 10
8.114308396768038
 20
20.769545322484507
 10
8.03919252083221
 20
20.950891088918326
 10
7.948557158514735
 20
21.125000000001748
 10
7.843092099649979
 20
21.2905469817916
 10
7.72359999701745
 20
21.446272121796458
 10
7.590990257669484
 20
21.590990257671475
 10
7.4462721217944665
 20
21.723599997019445
 10
7.290546981789609
 20
21.843092099651972
 10
7.124999999999757
 20
21.948557158516728
 10
6.9508910889163324
 20
22.039192520834202
 10
6.769545322482515
 20
22.11430839677003
 10
6.582342851480434
 20
22.17333310915214
 10
6.390708399750358
 20
22.215817444279207
 10
6.196100421181998
 20
22.241438070708163
 10
5.999999999999769
 20
22.250000000001737
 10
5.803899578817541
 20
22.241438070708163
 10
5.60929160024918
 20
22.215817444279207
 10
5.417657148519104
 20
22.173333109152143
 10
5.230454677517024
 20
22.11430839677003
 10
5.049108911083207
 20
22.039192520834202
 10
4.874999999999782
 20
21.948557158516728
 10
4.7094530182099295
 20
21.843092099651972
 10
4.553727878205072
 20
21.723599997019445
 10
4.409009742330055
 20
21.590990257671475
 10
4.276400002982088
 20
21.44627212179646
 10
4.156907900349558
 20
21.2905469817916
 10
4.051442841484804
 20
21.12500000000175
 10
3.96080747916733
 20
20.950891088918326
 10
3.885691603231499
 20
20.769545322484507
 10
3.8266668908493897
 20
20.582342851482426
 10
3.784182555722326
 20
20.390708399752352
 10
3.758561929293367
 20
20.196100421183992
 10
3.7499999999997944
 20
20.000000000001762
 10
3.758561929293367
 20
19.803899578819532
 10
3.784182555722326
 20
19.609291600251176
 10
3.8266668908493897
 20
19.417657148521098
 10
3.885691603231499
 20
19.230454677519017
 10
3.960807479167329
 20
19.0491089110852
 10
4.051442841484804
 20
18.875000000001776
 10
4.156907900349558
 20
18.709453018211924
 10
4.276400002982087
 20
18.553727878207066
 10
4.4090097423300545
 20
18.40900974233205
 10
4.553727878205072
 20
18.276400002984083
 10
4.709453018209931
 20
18.156907900351552
 10
4.874999999999781
 20
18.051442841486796
 10
5.049108911083205
 20
17.960807479169322
 10
5.230454677517024
 20
17.885691603233493
 10
5.417657148519104
 20
17.82666689085138
 10
5.60929160024918
 20
17.784182555724318
 10
5.80389957881754
 20
17.75856192929536
 10
5.999999999999769
 20
17.750000000001787
 10
6.196100421181997
 20
17.75856192929536
 10
6.390708399750357
 20
17.784182555724318
 10
6.582342851480433
 20
17.82666689085138
 10
6.769545322482515
 20
17.885691603233493
 10
6.950891088916331
 20
17.960807479169322
 10
7.124999999999755
 20
18.051442841486796
 10
7.290546981789609
 20
18.156907900351552
 10
7.4462721217944665
 20
18.27640000298408
 10
7.590990257669483
 20
18.40900974233205
 10
7.72359999701745
 20
18.553727878207063
 10
7.843092099649979
 20
18.70945301821192
 10
7.948557158514735
 20
18.875000000001776
 10
8.039192520832207
 20
19.0491089110852
 10
8.114308396768038
 20
19.230454677519017
 10
8.173333109150148
 20
19.417657148521098
 10
8.215817444277212
 20
19.609291600251172
 10
8.24143807070617
 20
19.803899578819532
  0
DIMENSION
  5
35
330
17
100
AcDbEntity
  8
DIMENSIONS
100
AcDbDimension
280
0
  2
*D1
  3
Standard
 10
0.0
 20
-12.0
 30
0.0
 11
9.0
 21
-12.0
 31
0.0
 70
32
 71
5
  1
<>
100
AcDbAlignedDimension
 13
0.0
 23
0.0
 33
0.0
 14
18.0
 24
0.0
 34
0.0
 50
0.0
100
AcDbRotatedDimension
1001
ACAD
1000
DSTYLE
1002
{
1070
140
1040
2.5
1070
41
1040
1.5
1070
271
1070
3
1002
}
  0
DIMENSION
  5
49
330
17
100
AcDbEntity
  8
DIMENSIONS
100
AcDbDimension
280
0
  2
*D2
  3
Standard
 10
30.0
 20
0.0
 30
0.0
 11
30.0
 21
13.0
 31
0.0
 70
32
 71
5
  1
<>
100
AcDbAlignedDimension
 13
18.0
 23
0.0
 33
0.0
 14
18.0
 24
26.0
 34
0.0
 50
90.0
100
AcDbRotatedDimension
1001
ACAD
1000
DSTYLE
1002
{
1070
140
1040
2.5
1070
41
1040
1.5
1070
271
1070
3
1002
}
  0
TEXT
  5
59
330
17
100
AcDbEntity
  8
NOTES
100
AcDbText
 10
0.0
 20
-27.0
 30
0.0
 40
2.5
  1
R07_upper_cap_20_1
100
AcDbText
  0
TEXT
  5
5A
330
17
100
AcDbEntity
  8
NOTES
100
AcDbText
 10
0.0
 20
-33.0
 30
0.0
 40
2.5
  1
WP04 R07 | mm 1:1 | REFERENCE ONLY
100
AcDbText
  0
TEXT
  5
5B
330
17
100
AcDbEntity
  8
NOTES
100
AcDbText
 10
0.0
 20
-39.0
 30
0.0
 40
2.5
  1
Top bridge clamp; thickness 3
100
AcDbText
  0
TEXT
  5
5C
330
17
100
AcDbEntity
  8
NOTES
100
AcDbText
 10
0.0
 20
-45.0
 30
0.0
 40
2.5
  1
Pillar axis X20,Y94.15 / rail axis X15,Y107.15
100
AcDbText
  0
TEXT
  5
5D
330
17
100
AcDbEntity
  8
NOTES
100
AcDbText
 10
0.0
 20
-51.0
 30
0.0
 40
2.5
  1
2 x D4.5; global S coordinates
100
AcDbText
  0
TEXT
  5
5E
330
17
100
AcDbEntity
  8
NOTES
100
AcDbText
 10
0.0
 20
-57.0
 30
0.0
 40
2.5
  1
Material, threads, tolerances, preload: unqualified
100
AcDbText
  0
LWPOLYLINE
  5
5F
330
17
100
AcDbEntity
  8
GEOMETRY
100
AcDbPolyline
 90
352
 70
1
 10
434.0
 20
12.0
 10
434.0
 20
12.25
 10
434.0
 20
12.5
 10
434.0
 20
12.75
 10
434.0
 20
13.0
 10
434.0
 20
13.25
 10
434.0
 20
13.5
 10
434.0
 20
13.75
 10
434.0
 20
14.0
 10
434.0
 20
14.25
 10
434.0
 20
14.5
 10
434.0
 20
14.75
 10
434.0
 20
15.0
 10
434.0
 20
15.25
 10
434.0
 20
15.5
 10
434.0
 20
15.75
 10
434.0
 20
16.0
 10
434.0
 20
16.25
 10
434.0
 20
16.5
 10
434.0
 20
16.75
 10
434.0
 20
17.0
 10
434.0
 20
17.25
 10
434.0
 20
17.5
 10
434.0
 20
17.75
 10
434.0
 20
18.0
 10
434.0
 20
18.25
 10
434.0
 20
18.5
 10
434.0
 20
18.75
 10
434.0
 20
19.0
 10
434.0
 20
19.25
 10
434.0
 20
19.5
 10
434.0
 20
19.75
 10
434.0
 20
20.0
 10
434.0
 20
20.25
 10
434.0
 20
20.5
 10
434.0
 20
20.75
 10
434.0
 20
21.0
 10
434.0
 20
21.25
 10
434.0
 20
21.5
 10
434.0
 20
21.75
 10
434.0
 20
22.0
 10
434.0
 20
22.25
 10
434.0
 20
22.5
 10
434.0
 20
22.75
 10
434.0
 20
23.0
 10
434.0
 20
23.25
 10
434.0
 20
23.5
 10
434.0
 20
23.75
 10
434.0
 20
24.0
 10
434.0
 20
24.25
 10
434.0
 20
24.5
 10
434.0
 20
24.75
 10
434.0
 20
25.0
 10
434.0
 20
25.25
 10
434.0
 20
25.5
 10
434.0
 20
25.75
 10
434.0
 20
26.0
 10
434.25
 20
26.0
 10
434.5
 20
26.0
 10
434.75
 20
26.0
 10
435.0
 20
26.0
 10
435.25
 20
26.0
 10
435.5
 20
26.0
 10
435.75
 20
26.0
 10
436.0
 20
26.0
 10
436.25
 20
26.0
 10
436.5
 20
26.0
 10
436.75
 20
26.0
 10
437.0
 20
26.0
 10
437.25
 20
26.0
 10
437.5
 20
26.0
 10
437.75
 20
26.0
 10
438.0
 20
26.0
 10
438.25
 20
26.0
 10
438.5
 20
26.0
 10
438.75
 20
26.0
 10
439.0
 20
26.0
 10
439.25
 20
26.0
 10
439.5
 20
26.0
 10
439.75
 20
26.0
 10
440.0
 20
26.0
 10
440.25
 20
26.0
 10
440.5
 20
26.0
 10
440.75
 20
26.0
 10
441.0
 20
26.0
 10
441.25
 20
26.0
 10
441.5
 20
26.0
 10
441.75
 20
26.0
 10
442.0
 20
26.0
 10
442.25
 20
26.0
 10
442.5
 20
26.0
 10
442.75
 20
26.0
 10
443.0
 20
26.0
 10
443.25
 20
26.0
 10
443.5
 20
26.0
 10
443.75
 20
26.0
 10
444.0
 20
26.0
 10
444.25
 20
26.0
 10
444.5
 20
26.0
 10
444.75
 20
26.0
 10
445.0
 20
26.0
 10
445.25
 20
26.0
 10
445.5
 20
26.0
 10
445.75
 20
26.0
 10
446.0
 20
26.0
 10
446.25
 20
26.0
 10
446.5
 20
26.0
 10
446.75
 20
26.0
 10
447.0
 20
26.0
 10
447.25
 20
26.0
 10
447.5
 20
26.0
 10
447.75
 20
26.0
 10
448.0
 20
26.0
 10
448.0
 20
25.75
 10
448.0
 20
25.5
 10
448.0
 20
25.25
 10
448.0
 20
25.0
 10
448.0
 20
24.75
 10
448.0
 20
24.5
 10
448.0
 20
24.25
 10
448.0
 20
24.0
 10
448.0
 20
23.75
 10
448.0
 20
23.5
 10
448.0
 20
23.25
 10
448.0
 20
23.0
 10
448.0
 20
22.75
 10
448.0
 20
22.5
 10
448.0
 20
22.25
 10
448.0
 20
22.0
 10
448.0
 20
21.75
 10
448.0
 20
21.5
 10
448.0
 20
21.25
 10
448.0
 20
21.0
 10
448.0
 20
20.75
 10
448.0
 20
20.5
 10
448.0
 20
20.25
 10
448.0
 20
20.0
 10
448.0
 20
19.75
 10
448.0
 20
19.5
 10
448.0
 20
19.25
 10
448.0
 20
19.0
 10
448.0
 20
18.75
 10
448.0
 20
18.5
 10
448.0
 20
18.25
 10
448.0
 20
18.0
 10
448.0
 20
17.75
 10
448.0
 20
17.5
 10
448.0
 20
17.25
 10
448.0
 20
17.0
 10
448.0
 20
16.75
 10
448.0
 20
16.5
 10
448.0
 20
16.25
 10
448.0
 20
16.0
 10
448.0
 20
15.75
 10
448.0
 20
15.5
 10
448.0
 20
15.25
 10
448.0
 20
14.999999999999986
 10
448.0
 20
14.75
 10
448.0
 20
14.5
 10
448.0
 20
14.25
 10
448.0
 20
14.0
 10
448.0
 20
13.75
 10
448.0
 20
13.5
 10
448.0
 20
13.25
 10
448.0
 20
13.0
 10
448.0
 20
12.75
 10
448.0
 20
12.5
 10
448.0
 20
12.25
 10
448.0
 20
12.0
 10
447.75
 20
12.0
 10
447.5
 20
12.0
 10
447.25
 20
12.0
 10
447.0
 20
12.0
 10
446.75
 20
12.0
 10
446.5
 20
12.0
 10
446.25
 20
12.0
 10
446.0
 20
12.0
 10
445.75
 20
12.0
 10
445.5
 20
12.0
 10
445.25
 20
12.0
 10
445.0
 20
12.0
 10
444.75
 20
12.0
 10
444.5
 20
12.0
 10
444.25
 20
12.0
 10
444.0
 20
12.0
 10
443.75
 20
12.0
 10
443.5
 20
12.0
 10
443.25
 20
12.0
 10
443.0
 20
12.0
 10
442.75
 20
12.0
 10
442.5
 20
12.0
 10
442.25
 20
12.0
 10
442.0
 20
12.0
 10
442.0
 20
11.75
 10
442.0
 20
11.5
 10
442.0
 20
11.25
 10
442.0
 20
11.0
 10
442.0
 20
10.75
 10
442.0
 20
10.5
 10
442.0
 20
10.25
 10
442.0
 20
10.0
 10
442.0
 20
9.75
 10
442.0
 20
9.5
 10
442.0
 20
9.25
 10
442.0
 20
9.0
 10
442.0
 20
8.75
 10
442.0
 20
8.5
 10
442.0
 20
8.25
 10
442.0
 20
8.0
 10
442.0
 20
7.75
 10
442.0
 20
7.499999999999986
 10
442.0
 20
7.25
 10
442.0
 20
7.0
 10
442.0
 20
6.75
 10
442.0
 20
6.5
 10
442.0
 20
6.25
 10
442.0
 20
6.0
 10
442.0
 20
5.75
 10
442.0
 20
5.5
 10
442.0
 20
5.25
 10
442.0
 20
5.0
 10
442.0
 20
4.75
 10
442.0
 20
4.5
 10
442.0
 20
4.25
 10
442.0
 20
4.0
 10
442.0
 20
3.75
 10
442.0
 20
3.5
 10
442.0
 20
3.25
 10
442.0
 20
3.0
 10
442.0
 20
2.75
 10
442.0
 20
2.5
 10
442.0
 20
2.25
 10
442.0
 20
2.0
 10
442.0
 20
1.75
 10
442.0
 20
1.5
 10
442.0
 20
1.25
 10
442.0
 20
1.0
 10
442.0
 20
0.75
 10
442.0
 20
0.5
 10
442.0
 20
0.25
 10
442.0
 20
0.0
 10
441.75
 20
0.0
 10
441.5
 20
0.0
 10
441.25
 20
0.0
 10
441.0
 20
0.0
 10
440.75
 20
0.0
 10
440.5
 20
0.0
 10
440.25
 20
0.0
 10
440.0
 20
0.0
 10
439.75
 20
0.0
 10
439.5
 20
0.0
 10
439.25
 20
0.0
 10
439.0
 20
0.0
 10
438.75
 20
0.0
 10
438.5
 20
0.0
 10
438.25
 20
0.0
 10
438.0
 20
0.0
 10
437.75
 20
0.0
 10
437.5
 20
0.0
 10
437.25
 20
0.0
 10
437.0
 20
0.0
 10
436.75
 20
0.0
 10
436.5
 20
0.0
 10
436.25
 20
0.0
 10
436.0
 20
0.0
 10
435.75
 20
0.0
 10
435.5
 20
0.0
 10
435.25
 20
0.0
 10
435.0
 20
0.0
 10
434.75
 20
0.0
 10
434.5
 20
0.0
 10
434.25
 20
0.0
 10
434.0
 20
0.0
 10
433.75
 20
0.0
 10
433.5
 20
0.0
 10
433.25
 20
0.0
 10
433.0
 20
0.0
 10
432.75
 20
0.0
 10
432.5
 20
0.0
 10
432.25
 20
0.0
 10
432.0
 20
0.0
 10
431.75
 20
0.0
 10
431.5
 20
0.0
 10
431.25
 20
0.0
 10
431.0
 20
0.0
 10
430.75
 20
0.0
 10
430.5
 20
0.0
 10
430.25
 20
0.0
 10
430.0
 20
0.0
 10
430.0
 20
0.25
 10
430.0
 20
0.5
 10
430.0
 20
0.75
 10
430.0
 20
1.0
 10
430.0
 20
1.25
 10
430.0
 20
1.5
 10
430.0
 20
1.75
 10
430.0
 20
2.0
 10
430.0
 20
2.25
 10
430.0
 20
2.5
 10
430.0
 20
2.75
 10
430.0
 20
3.0
 10
430.0
 20
3.25
 10
430.0
 20
3.5
 10
430.0
 20
3.75
 10
430.0
 20
4.0
 10
430.0
 20
4.25
 10
430.0
 20
4.5
 10
430.0
 20
4.75
 10
430.0
 20
5.0
 10
430.0
 20
5.25
 10
430.0
 20
5.5
 10
430.0
 20
5.75
 10
430.0
 20
6.0
 10
430.0
 20
6.25
 10
430.0
 20
6.5
 10
430.0
 20
6.75
 10
430.0
 20
7.0
 10
430.0
 20
7.25
 10
430.0
 20
7.5
 10
430.0
 20
7.75
 10
430.0
 20
8.0
 10
430.0
 20
8.25
 10
430.0
 20
8.5
 10
430.0
 20
8.75
 10
430.0
 20
9.0
 10
430.0
 20
9.25
 10
430.0
 20
9.5
 10
430.0
 20
9.75
 10
430.0
 20
10.0
 10
430.0
 20
10.25
 10
430.0
 20
10.5
 10
430.0
 20
10.75
 10
430.0
 20
11.0
 10
430.0
 20
11.25
 10
430.0
 20
11.5
 10
430.0
 20
11.75
 10
430.0
 20
12.0
 10
430.25
 20
12.0
 10
430.5
 20
12.0
 10
430.75
 20
12.0
 10
431.0
 20
12.0
 10
431.25
 20
12.0
 10
431.5
 20
12.0
 10
431.75
 20
12.0
 10
432.0
 20
12.0
 10
432.25
 20
12.0
 10
432.5
 20
12.0
 10
432.75
 20
12.0
 10
433.0
 20
12.0
 10
433.25
 20
12.0
 10
433.5
 20
12.0
 10
433.75
 20
12.0
  0
LWPOLYLINE
  5
60
330
17
100
AcDbEntity
  8
GEOMETRY
100
AcDbPolyline
 90
72
 70
1
 10
443.2499999814085
 20
18.999999999975888
 10
443.24143805211486
 20
19.19610042115981
 10
443.2158174256857
 20
19.39070839972985
 10
443.1733330905583
 20
19.582342851461583
 10
443.1143083781757
 20
19.769545322465277
 10
443.0391925022392
 20
19.95089108890066
 10
442.9485571399209
 20
20.12499999998559
 10
442.84309208105526
 20
20.29054698177687
 10
442.7235999784217
 20
20.446272121783075
 10
442.5909902390726
 20
20.59099025765934
 10
442.4462721031963
 20
20.723599997008453
 10
442.2905469631901
 20
20.843092099642014
 10
442.12499998139884
 20
20.94855715850768
 10
441.9508910703139
 20
21.039192520825935
 10
441.7695453038785
 20
21.114308396762414
 10
441.5823428328748
 20
21.173333109145034
 10
441.3907083811431
 20
21.215817444272464
 10
441.19610040257305
 20
21.241438070701644
 10
440.9999999813891
 20
21.24999999999529
 10
440.8038995602052
 20
21.241438070701644
 10
440.60929158163515
 20
21.215817444272464
 10
440.41765712990343
 20
21.173333109145034
 10
440.23045465889976
 20
21.114308396762414
 10
440.04910889246435
 20
21.039192520825935
 10
439.8749999813794
 20
20.94855715850768
 10
439.70945299958817
 20
20.843092099642014
 10
439.55372785958195
 20
20.723599997008453
 10
439.40900972370565
 20
20.59099025765934
 10
439.27639998435654
 20
20.446272121783075
 10
439.156907881723
 20
20.29054698177687
 10
439.0514428228573
 20
20.12499999998559
 10
438.96080746053906
 20
19.95089108890066
 10
438.8856915846026
 20
19.76954532246528
 10
438.82666687221996
 20
19.58234285146158
 10
438.78418253709253
 20
19.39070839972985
 10
438.7585619106634
 20
19.19610042115981
 10
438.74999998136974
 20
18.999999999975888
 10
438.7585619106634
 20
18.803899578791967
 10
438.78418253709253
 20
18.609291600221926
 10
438.82666687221996
 20
18.417657148490196
 10
438.88569158460257
 20
18.2304546774865
 10
438.96080746053906
 20
18.049108911051114
 10
439.0514428228573
 20
17.874999999966185
 10
439.156907881723
 20
17.709453018174905
 10
439.27639998435654
 20
17.553727878168704
 10
439.40900972370565
 20
17.409009742292437
 10
439.55372785958195
 20
17.276400002943323
 10
439.70945299958817
 20
17.15690790030976
 10
439.8749999813794
 20
17.051442841444096
 10
440.04910889246435
 20
16.96080747912584
 10
440.23045465889976
 20
16.88569160318936
 10
440.41765712990343
 20
16.82666689080674
 10
440.60929158163515
 20
16.784182555679312
 10
440.8038995602052
 20
16.75856192925013
 10
440.9999999813891
 20
16.749999999956486
 10
441.19610040257305
 20
16.75856192925013
 10
441.3907083811431
 20
16.784182555679312
 10
441.5823428328748
 20
16.82666689080674
 10
441.7695453038785
 20
16.88569160318936
 10
441.9508910703139
 20
16.96080747912584
 10
442.12499998139884
 20
17.051442841444096
 10
442.2905469631901
 20
17.15690790030976
 10
442.4462721031963
 20
17.276400002943323
 10
442.5909902390726
 20
17.409009742292437
 10
442.7235999784217
 20
17.5537278781687
 10
442.84309208105526
 20
17.709453018174905
 10
442.9485571399209
 20
17.874999999966185
 10
443.0391925022392
 20
18.049108911051114
 10
443.1143083781757
 20
18.2304546774865
 10
443.1733330905583
 20
18.417657148490193
 10
443.2158174256857
 20
18.609291600221926
 10
443.24143805211486
 20
18.803899578791967
  0
LWPOLYLINE
  5
61
330
17
100
AcDbEntity
  8
GEOMETRY
100
AcDbPolyline
 90
72
 70
1
 10
438.2499999782528
 20
5.999999999656598
 10
438.24143804895914
 20
6.19610042084052
 10
438.21581742253
 20
6.390708399410561
 10
438.17333308740257
 20
6.5823428511422915
 10
438.11430837501996
 20
6.769545322145989
 10
438.03919249908347
 20
6.950891088581372
 10
437.9485571367652
 20
7.124999999666299
 10
437.84309207789954
 20
7.290546981457581
 10
437.723599975266
 20
7.4462721214637835
 10
437.5909902359169
 20
7.59099025734005
 10
437.4462721000406
 20
7.723599996689162
 10
437.29054696003436
 20
7.843092099322723
 10
437.1249999782431
 20
7.948557158188388
 10
436.9508910671582
 20
8.039192520506646
 10
436.76954530072277
 20
8.114308396443125
 10
436.5823428297191
 20
8.173333108825744
 10
436.3907083779874
 20
8.215817443953174
 10
436.19610039941733
 20
8.241438070382355
 10
435.9999999782334
 20
8.249999999676001
 10
435.8038995570495
 20
8.241438070382355
 10
435.60929157847943
 20
8.215817443953174
 10
435.4176571267477
 20
8.173333108825744
 10
435.23045465574404
 20
8.114308396443125
 10
435.0491088893086
 20
8.039192520506646
 10
434.8749999782237
 20
7.948557158188389
 10
434.70945299643245
 20
7.843092099322723
 10
434.55372785642624
 20
7.723599996689162
 10
434.40900972054993
 20
7.59099025734005
 10
434.2763999812008
 20
7.4462721214637835
 10
434.15690787856727
 20
7.290546981457581
 10
434.0514428197016
 20
7.124999999666301
 10
433.96080745738334
 20
6.950891088581372
 10
433.8856915814469
 20
6.769545322145989
 10
433.82666686906424
 20
6.5823428511422915
 10
433.7841825339368
 20
6.390708399410561
 10
433.75856190750767
 20
6.19610042084052
 10
433.749999978214
 20
5.999999999656598
 10
433.75856190750767
 20
5.803899578472677
 10
433.7841825339368
 20
5.609291599902637
 10
433.82666686906424
 20
5.417657148170906
 10
433.88569158144685
 20
5.230454677167208
 10
433.96080745738334
 20
5.049108910731825
 10
434.0514428197016
 20
4.874999999646897
 10
434.15690787856727
 20
4.709453017855616
 10
434.2763999812008
 20
4.553727877849414
 10
434.40900972054993
 20
4.409009741973147
 10
434.55372785642624
 20
4.276400002624035
 10
434.70945299643245
 20
4.156907899990472
 10
434.8749999782237
 20
4.051442841124809
 10
435.0491088893086
 20
3.9608074788065517
 10
435.23045465574404
 20
3.8856916028700716
 10
435.4176571267477
 20
3.826666890487453
 10
435.60929157847943
 20
3.7841825553600223
 10
435.8038995570495
 20
3.758561928930842
 10
435.9999999782334
 20
3.7499999996371955
 10
436.19610039941733
 20
3.758561928930842
 10
436.3907083779874
 20
3.784182555360022
 10
436.5823428297191
 20
3.8266668904874526
 10
436.76954530072277
 20
3.885691602870072
 10
436.9508910671582
 20
3.9608074788065504
 10
437.1249999782431
 20
4.051442841124807
 10
437.29054696003436
 20
4.156907899990473
 10
437.4462721000406
 20
4.276400002624034
 10
437.5909902359169
 20
4.409009741973146
 10
437.723599975266
 20
4.553727877849412
 10
437.84309207789954
 20
4.709453017855615
 10
437.9485571367652
 20
4.874999999646898
 10
438.03919249908347
 20
5.049108910731824
 10
438.11430837501996
 20
5.230454677167208
 10
438.17333308740257
 20
5.417657148170905
 10
438.21581742253
 20
5.609291599902636
 10
438.24143804895914
 20
5.803899578472676
  0
DIMENSION
  5
62
330
17
100
AcDbEntity
  8
DIMENSIONS
100
AcDbDimension
280
0
  2
*D3
  3
Standard
 10
430.0
 20
-12.0
 30
0.0
 11
439.0
 21
-12.0
 31
0.0
 70
32
 71
5
  1
<>
100
AcDbAlignedDimension
 13
430.0
 23
0.0
 33
0.0
 14
448.0
 24
0.0
 34
0.0
 50
0.0
100
AcDbRotatedDimension
1001
ACAD
1000
DSTYLE
1002
{
1070
140
1040
2.5
1070
41
1040
1.5
1070
271
1070
3
1002
}
  0
DIMENSION
  5
72
330
17
100
AcDbEntity
  8
DIMENSIONS
100
AcDbDimension
280
0
  2
*D4
  3
Standard
 10
460.0
 20
0.0
 30
0.0
 11
460.0
 21
13.0
 31
0.0
 70
32
 71
5
  1
<>
100
AcDbAlignedDimension
 13
448.0
 23
0.0
 33
0.0
 14
448.0
 24
26.0
 34
0.0
 50
90.0
100
AcDbRotatedDimension
1001
ACAD
1000
DSTYLE
1002
{
1070
140
1040
2.5
1070
41
1040
1.5
1070
271
1070
3
1002
}
  0
TEXT
  5
82
330
17
100
AcDbEntity
  8
NOTES
100
AcDbText
 10
430.0
 20
-27.0
 30
0.0
 40
2.5
  1
RB_lower_spacer_0
100
AcDbText
  0
TEXT
  5
83
330
17
100
AcDbEntity
  8
NOTES
100
AcDbText
 10
430.0
 20
-33.0
 30
0.0
 40
2.5
  1
WP04 R07 | mm 1:1 | REFERENCE ONLY
100
AcDbText
  0
TEXT
  5
84
330
17
100
AcDbEntity
  8
NOTES
100
AcDbText
 10
430.0
 20
-39.0
 30
0.0
 40
2.5
  1
Extended lower spacer; thickness 3
100
AcDbText
  0
TEXT
  5
85
330
17
100
AcDbEntity
  8
NOTES
100
AcDbText
 10
430.0
 20
-45.0
 30
0.0
 40
2.5
  1
Pillar X20,Y-94.15 / rail X15,Y-107.15
100
AcDbText
  0
TEXT
  5
86
330
17
100
AcDbEntity
  8
NOTES
100
AcDbText
 10
430.0
 20
-51.0
 30
0.0
 40
2.5
  1
Outer wing 12 x 12; inner leg 14 x 14
100
AcDbText
  0
TEXT
  5
87
330
17
100
AcDbEntity
  8
NOTES
100
AcDbText
 10
430.0
 20
-57.0
 30
0.0
 40
2.5
  1
Material, threads, tolerances, preload: unqualified
100
AcDbText
  0
LWPOLYLINE
  5
88
330
17
100
AcDbEntity
  8
GEOMETRY
100
AcDbPolyline
 90
384
 70
1
 10
860.0
 20
26.0
 10
860.25
 20
26.0
 10
860.5
 20
26.0
 10
860.75
 20
26.0
 10
861.0
 20
26.0
 10
861.25
 20
26.0
 10
861.5
 20
26.0
 10
861.75
 20
26.0
 10
862.0
 20
26.0
 10
862.25
 20
26.0
 10
862.5
 20
26.0
 10
862.75
 20
26.0
 10
863.0
 20
26.0
 10
863.25
 20
26.0
 10
863.5
 20
26.0
 10
863.75
 20
26.0
 10
864.0
 20
26.0
 10
864.25
 20
26.0
 10
864.5
 20
26.0
 10
864.75
 20
26.0
 10
865.0
 20
26.0
 10
865.25
 20
26.0
 10
865.5
 20
26.0
 10
865.75
 20
26.0
 10
866.0
 20
26.0
 10
866.25
 20
26.0
 10
866.5
 20
26.0
 10
866.75
 20
26.0
 10
867.0
 20
26.0
 10
867.25
 20
26.0
 10
867.5
 20
26.0
 10
867.75
 20
26.0
 10
868.0
 20
26.0
 10
868.25
 20
26.0
 10
868.5
 20
26.0
 10
868.75
 20
26.0
 10
869.0
 20
26.0
 10
869.25
 20
26.0
 10
869.5
 20
26.0
 10
869.75
 20
26.0
 10
870.0
 20
26.0
 10
870.25
 20
26.0
 10
870.5
 20
26.0
 10
870.75
 20
26.0
 10
871.0
 20
26.0
 10
871.25
 20
26.0
 10
871.5
 20
26.0
 10
871.75
 20
26.0
 10
872.0
 20
26.0
 10
872.25
 20
26.0
 10
872.5
 20
26.0
 10
872.75
 20
26.0
 10
873.0
 20
26.0
 10
873.25
 20
26.0
 10
873.5
 20
26.0
 10
873.75
 20
26.0
 10
874.0
 20
26.0
 10
874.25
 20
26.0
 10
874.5
 20
26.0
 10
874.75
 20
26.0
 10
875.0
 20
26.0
 10
875.25
 20
26.0
 10
875.5
 20
26.0
 10
875.75
 20
26.0
 10
876.0
 20
26.0
 10
876.25
 20
26.0
 10
876.5
 20
26.0
 10
876.75
 20
26.0
 10
877.0
 20
26.0
 10
877.25
 20
26.0
 10
877.5
 20
26.0
 10
877.75
 20
26.0
 10
878.0
 20
26.0
 10
878.25
 20
26.0
 10
878.5
 20
26.0
 10
878.75
 20
26.0
 10
879.0
 20
26.0
 10
879.25
 20
26.0
 10
879.5
 20
26.0
 10
879.75
 20
26.0
 10
880.0
 20
26.0
 10
880.25
 20
26.0
 10
880.5
 20
26.0
 10
880.75
 20
26.0
 10
881.0
 20
26.0
 10
881.25
 20
26.0
 10
881.5
 20
26.0
 10
881.75
 20
26.0
 10
882.0
 20
26.0
 10
882.0
 20
25.75
 10
882.0
 20
25.5
 10
882.0
 20
25.25
 10
882.0
 20
25.0
 10
882.0
 20
24.75
 10
882.0
 20
24.5
 10
882.0
 20
24.25
 10
882.0
 20
24.0
 10
882.0
 20
23.75
 10
882.0
 20
23.5
 10
882.0
 20
23.25
 10
882.0
 20
23.0
 10
882.0
 20
22.75
 10
882.0
 20
22.5
 10
882.0
 20
22.25
 10
882.0
 20
22.0
 10
882.0
 20
21.75
 10
882.0
 20
21.5
 10
882.0
 20
21.25
 10
882.0
 20
21.0
 10
882.0
 20
20.75
 10
882.0
 20
20.5
 10
882.0
 20
20.25
 10
882.0
 20
20.0
 10
882.0
 20
19.75
 10
882.0
 20
19.5
 10
882.0
 20
19.25
 10
882.0
 20
19.0
 10
882.0
 20
18.75
 10
882.0
 20
18.5
 10
882.0
 20
18.25
 10
882.0
 20
18.0
 10
882.0
 20
17.75
 10
882.0
 20
17.5
 10
882.0
 20
17.25
 10
882.0
 20
17.0
 10
882.0
 20
16.75
 10
882.0
 20
16.5
 10
882.0
 20
16.25
 10
882.0
 20
16.0
 10
882.0
 20
15.75
 10
882.0
 20
15.5
 10
882.0
 20
15.25
 10
882.0
 20
15.0
 10
882.0
 20
14.75
 10
882.0
 20
14.5
 10
882.0
 20
14.25
 10
882.0
 20
14.0
 10
882.0
 20
13.75
 10
882.0
 20
13.5
 10
882.0
 20
13.25
 10
882.0
 20
13.0
 10
882.0
 20
12.75
 10
882.0
 20
12.5
 10
882.0
 20
12.25
 10
882.0
 20
12.0
 10
882.0
 20
11.75
 10
882.0
 20
11.5
 10
882.0
 20
11.25
 10
882.0
 20
11.0
 10
882.0
 20
10.75
 10
882.0
 20
10.5
 10
882.0
 20
10.25
 10
882.0
 20
10.0
 10
882.0
 20
9.75
 10
882.0
 20
9.5
 10
882.0
 20
9.25
 10
882.0
 20
9.0
 10
882.0
 20
8.75
 10
882.0
 20
8.5
 10
882.0
 20
8.25
 10
882.0
 20
8.0
 10
882.0
 20
7.75
 10
882.0
 20
7.5
 10
882.0
 20
7.25
 10
882.0
 20
7.0
 10
882.0
 20
6.75
 10
882.0
 20
6.5
 10
882.0
 20
6.25
 10
882.0
 20
6.0
 10
882.0
 20
5.75
 10
882.0
 20
5.5
 10
882.0
 20
5.25
 10
882.0
 20
5.0
 10
882.0
 20
4.75
 10
882.0
 20
4.5
 10
882.0
 20
4.25
 10
882.0
 20
4.0
 10
882.0
 20
3.75
 10
882.0
 20
3.5
 10
882.0
 20
3.25
 10
882.0
 20
3.0
 10
882.0
 20
2.75
 10
882.0
 20
2.5
 10
882.0
 20
2.25
 10
882.0
 20
2.0
 10
882.0
 20
1.75
 10
882.0
 20
1.5
 10
882.0
 20
1.25
 10
882.0
 20
1.0
 10
882.0
 20
0.75
 10
882.0
 20
0.5
 10
882.0
 20
0.25
 10
882.0
 20
0.0
 10
881.75
 20
0.0
 10
881.5
 20
0.0
 10
881.25
 20
0.0
 10
881.0
 20
0.0
 10
880.75
 20
0.0
 10
880.5
 20
0.0
 10
880.25
 20
0.0
 10
880.0
 20
0.0
 10
879.75
 20
0.0
 10
879.5
 20
0.0
 10
879.25
 20
0.0
 10
879.0
 20
0.0
 10
878.75
 20
0.0
 10
878.5
 20
0.0
 10
878.25
 20
0.0
 10
878.0
 20
0.0
 10
877.75
 20
0.0
 10
877.5
 20
0.0
 10
877.25
 20
0.0
 10
877.0
 20
0.0
 10
876.75
 20
0.0
 10
876.5
 20
0.0
 10
876.25
 20
0.0
 10
876.0
 20
0.0
 10
875.75
 20
0.0
 10
875.5
 20
0.0
 10
875.25
 20
0.0
 10
875.0
 20
0.0
 10
874.75
 20
0.0
 10
874.5
 20
0.0
 10
874.25
 20
0.0
 10
874.0
 20
0.0
 10
873.75
 20
0.0
 10
873.5
 20
0.0
 10
873.25
 20
0.0
 10
873.0
 20
0.0
 10
872.75
 20
0.0
 10
872.5
 20
0.0
 10
872.25
 20
0.0
 10
872.0
 20
0.0
 10
871.75
 20
0.0
 10
871.5
 20
0.0
 10
871.25
 20
0.0
 10
871.0
 20
0.0
 10
870.75
 20
0.0
 10
870.5
 20
0.0
 10
870.25
 20
0.0
 10
870.0
 20
0.0
 10
869.75
 20
0.0
 10
869.5
 20
0.0
 10
869.25
 20
0.0
 10
869.0
 20
0.0
 10
868.75
 20
0.0
 10
868.5
 20
0.0
 10
868.25
 20
0.0
 10
868.0
 20
0.0
 10
867.75
 20
0.0
 10
867.5
 20
0.0
 10
867.25
 20
0.0
 10
867.0
 20
0.0
 10
866.75
 20
0.0
 10
866.5
 20
0.0
 10
866.25
 20
0.0
 10
866.0
 20
0.0
 10
865.75
 20
0.0
 10
865.5
 20
0.0
 10
865.25
 20
0.0
 10
865.0
 20
0.0
 10
864.75
 20
0.0
 10
864.5
 20
0.0
 10
864.25
 20
0.0
 10
864.0
 20
0.0
 10
863.75
 20
0.0
 10
863.5
 20
0.0
 10
863.25
 20
0.0
 10
863.0
 20
0.0
 10
862.75
 20
0.0
 10
862.5
 20
0.0
 10
862.25
 20
0.0
 10
862.0
 20
0.0
 10
861.75
 20
0.0
 10
861.5
 20
0.0
 10
861.25
 20
0.0
 10
861.0
 20
0.0
 10
860.75
 20
0.0
 10
860.5
 20
0.0
 10
860.25
 20
0.0
 10
860.0
 20
0.0
 10
860.0
 20
0.25
 10
860.0
 20
0.5
 10
860.0
 20
0.75
 10
860.0
 20
1.0
 10
860.0
 20
1.25
 10
860.0
 20
1.5
 10
860.0
 20
1.75
 10
860.0
 20
2.0
 10
860.0
 20
2.25
 10
860.0
 20
2.5
 10
860.0
 20
2.75
 10
860.0
 20
3.0
 10
860.0
 20
3.25
 10
860.0
 20
3.5
 10
860.0
 20
3.75
 10
860.0
 20
4.0
 10
860.0
 20
4.25
 10
860.0
 20
4.5
 10
860.0
 20
4.75
 10
860.0
 20
5.0
 10
860.0
 20
5.25
 10
860.0
 20
5.5
 10
860.0
 20
5.75
 10
860.0
 20
6.0
 10
860.0
 20
6.25
 10
860.0
 20
6.5
 10
860.0
 20
6.75
 10
860.0
 20
7.0
 10
860.0
 20
7.25
 10
860.0
 20
7.5
 10
860.0
 20
7.75
 10
860.0
 20
8.0
 10
860.0
 20
8.25
 10
860.0
 20
8.5
 10
860.0
 20
8.75
 10
860.0
 20
9.0
 10
860.0
 20
9.25
 10
860.0
 20
9.5
 10
860.0
 20
9.75
 10
860.0
 20
10.0
 10
860.0
 20
10.25
 10
860.0
 20
10.5
 10
860.0
 20
10.75
 10
860.0
 20
11.0
 10
860.0
 20
11.25
 10
860.0
 20
11.5
 10
860.0
 20
11.75
 10
860.0
 20
12.0
 10
860.0
 20
12.25
 10
860.0
 20
12.5
 10
860.0
 20
12.75
 10
860.0
 20
13.0
 10
860.0
 20
13.25
 10
860.0
 20
13.5
 10
860.0
 20
13.75
 10
860.0
 20
14.0
 10
860.0
 20
14.25
 10
860.0
 20
14.5
 10
860.0
 20
14.75
 10
860.0
 20
15.0
 10
860.0
 20
15.25
 10
860.0
 20
15.5
 10
860.0
 20
15.75
 10
860.0
 20
16.0
 10
860.0
 20
16.25
 10
860.0
 20
16.5
 10
860.0
 20
16.75
 10
860.0
 20
17.0
 10
860.0
 20
17.25
 10
860.0
 20
17.5
 10
860.0
 20
17.75
 10
860.0
 20
18.0
 10
860.0
 20
18.25
 10
860.0
 20
18.5
 10
860.0
 20
18.75
 10
860.0
 20
19.0
 10
860.0
 20
19.25
 10
860.0
 20
19.5
 10
860.0
 20
19.75
 10
860.0
 20
20.0
 10
860.0
 20
20.25
 10
860.0
 20
20.5
 10
860.0
 20
20.75
 10
860.0
 20
21.0
 10
860.0
 20
21.25
 10
860.0
 20
21.5
 10
860.0
 20
21.75
 10
860.0
 20
22.0
 10
860.0
 20
22.25
 10
860.0
 20
22.5
 10
860.0
 20
22.75
 10
860.0
 20
23.0
 10
860.0
 20
23.25
 10
860.0
 20
23.5
 10
860.0
 20
23.75
 10
860.0
 20
24.0
 10
860.0
 20
24.25
 10
860.0
 20
24.5
 10
860.0
 20
24.75
 10
860.0
 20
25.0
 10
860.0
 20
25.25
 10
860.0
 20
25.5
 10
860.0
 20
25.75
  0
LWPOLYLINE
  5
89
330
17
100
AcDbEntity
  8
GEOMETRY
100
AcDbPolyline
 90
72
 70
1
 10
873.2499999862367
 20
7.0000000005258425
 10
873.2414380569433
 20
7.196100421705818
 10
873.2158174305147
 20
7.390708400271944
 10
873.1733330953881
 20
7.582342851999819
 10
873.1143083830067
 20
7.769545322999749
 10
873.0391925070717
 20
7.950891089431483
 10
872.9485571447552
 20
8.125000000512907
 10
872.8430920858917
 20
8.290546982300858
 10
872.7235999832606
 20
8.446272122303927
 10
872.5909902439141
 20
8.590990258177282
 10
872.4462721080407
 20
8.723599997523726
 10
872.2905469680377
 20
8.843092100154882
 10
872.1249999862497
 20
8.948557159018424
 10
871.9508910751683
 20
9.039192521334858
 10
871.7695453087366
 20
9.114308397269827
 10
871.5823428377366
 20
9.173333109651256
 10
871.3907083860088
 20
9.215817444777834
 10
871.1961004074426
 20
9.241438071206499
 10
870.9999999862627
 20
9.250000000499973
 10
870.8038995650827
 20
9.241438071206499
 10
870.6092915865165
 20
9.215817444777834
 10
870.4176571347887
 20
9.173333109651258
 10
870.2304546637887
 20
9.114308397269827
 10
870.049108897357
 20
9.039192521334858
 10
869.8749999862756
 20
8.948557159018426
 10
869.7094530044876
 20
8.843092100154882
 10
869.5537278644846
 20
8.723599997523726
 10
869.4090097286112
 20
8.590990258177282
 10
869.2763999892647
 20
8.446272122303927
 10
869.1569078866336
 20
8.290546982300857
 10
869.0514428277701
 20
8.125000000512909
 10
868.9608074654536
 20
7.950891089431483
 10
868.8856915895186
 20
7.7695453229997495
 10
868.8266668771372
 20
7.582342851999818
 10
868.7841825420106
 20
7.390708400271944
 10
868.758561915582
 20
7.196100421705819
 10
868.7499999862886
 20
7.0000000005258425
 10
868.758561915582
 20
6.803899579345867
 10
868.7841825420106
 20
6.609291600779742
 10
868.8266668771372
 20
6.417657149051867
 10
868.8856915895186
 20
6.230454678051936
 10
868.9608074654536
 20
6.049108911620203
 10
869.0514428277701
 20
5.875000000538777
 10
869.1569078866336
 20
5.7094530187508274
 10
869.2763999892647
 20
5.553727878747759
 10
869.4090097286112
 20
5.409009742874403
 10
869.5537278644846
 20
5.27640000352796
 10
869.7094530044876
 20
5.156907900896802
 10
869.8749999862756
 20
5.05144284203326
 10
870.049108897357
 20
4.960807479716827
 10
870.2304546637887
 20
4.885691603781858
 10
870.4176571347887
 20
4.826666891400427
 10
870.6092915865165
 20
4.784182556273851
 10
870.8038995650827
 20
4.758561929845186
 10
870.9999999862627
 20
4.7500000005517125
 10
871.1961004074426
 20
4.758561929845186
 10
871.3907083860088
 20
4.784182556273851
 10
871.5823428377366
 20
4.826666891400427
 10
871.7695453087366
 20
4.885691603781859
 10
871.9508910751683
 20
4.960807479716825
 10
872.1249999862497
 20
5.051442842033259
 10
872.2905469680377
 20
5.156907900896803
 10
872.4462721080407
 20
5.276400003527959
 10
872.5909902439141
 20
5.409009742874403
 10
872.7235999832606
 20
5.5537278787477575
 10
872.8430920858917
 20
5.709453018750827
 10
872.9485571447552
 20
5.875000000538778
 10
873.0391925070717
 20
6.0491089116202
 10
873.1143083830067
 20
6.230454678051936
 10
873.1733330953881
 20
6.417657149051866
 10
873.2158174305147
 20
6.609291600779741
 10
873.2414380569433
 20
6.803899579345866
  0
LWPOLYLINE
  5
8A
330
17
100
AcDbEntity
  8
GEOMETRY
100
AcDbPolyline
 90
72
 70
1
 10
870.2500000834044
 20
20.00000000202816
 10
870.2414381541109
 20
20.196100423208136
 10
870.2158175276824
 20
20.39070840177426
 10
870.1733331925558
 20
20.582342853502134
 10
870.1143084801744
 20
20.769545324502065
 10
870.0391926042394
 20
20.9508910909338
 10
869.9485572419229
 20
21.125000002015224
 10
869.8430921830594
 20
21.290546983803175
 10
869.7236000804282
 20
21.446272123806242
 10
869.5909903410818
 20
21.590990259679597
 10
869.4462722052084
 20
21.723599999026042
 10
869.2905470652054
 20
21.8430921016572
 10
869.1250000834174
 20
21.948557160520743
 10
868.950891172336
 20
22.039192522837176
 10
868.7695454059043
 20
22.114308398772142
 10
868.5823429349043
 20
22.173333111153575
 10
868.3907084831765
 20
22.21581744628015
 10
868.1961005046103
 20
22.241438072708814
 10
868.0000000834303
 20
22.250000002002288
 10
867.8038996622504
 20
22.241438072708814
 10
867.6092916836842
 20
22.21581744628015
 10
867.4176572319564
 20
22.173333111153575
 10
867.2304547609564
 20
22.114308398772142
 10
867.0491089945247
 20
22.039192522837176
 10
866.8750000834433
 20
21.948557160520743
 10
866.7094531016553
 20
21.8430921016572
 10
866.5537279616523
 20
21.723599999026042
 10
866.4090098257789
 20
21.590990259679597
 10
866.2764000864324
 20
21.446272123806246
 10
866.1569079838013
 20
21.290546983803175
 10
866.0514429249378
 20
21.125000002015224
 10
865.9608075626213
 20
20.9508910909338
 10
865.8856916866863
 20
20.769545324502065
 10
865.8266669743049
 20
20.582342853502134
 10
865.7841826391783
 20
20.39070840177426
 10
865.7585620127497
 20
20.196100423208136
 10
865.7500000834563
 20
20.00000000202816
 10
865.7585620127497
 20
19.803899580848185
 10
865.7841826391783
 20
19.60929160228206
 10
865.8266669743049
 20
19.417657150554184
 10
865.8856916866863
 20
19.230454679554253
 10
865.9608075626213
 20
19.04910891312252
 10
866.0514429249378
 20
18.875000002041094
 10
866.1569079838013
 20
18.709453020253143
 10
866.2764000864324
 20
18.553727880250076
 10
866.4090098257789
 20
18.40900974437672
 10
866.5537279616523
 20
18.276400005030276
 10
866.7094531016553
 20
18.15690790239912
 10
866.8750000834433
 20
18.051442843535575
 10
867.0491089945247
 20
17.960807481219142
 10
867.2304547609564
 20
17.885691605284176
 10
867.4176572319564
 20
17.826666892902743
 10
867.6092916836842
 20
17.78418255777617
 10
867.8038996622504
 20
17.758561931347504
 10
868.0000000834303
 20
17.75000000205403
 10
868.1961005046103
 20
17.758561931347504
 10
868.3907084831765
 20
17.784182557776166
 10
868.5823429349043
 20
17.826666892902743
 10
868.7695454059043
 20
17.885691605284176
 10
868.950891172336
 20
17.960807481219142
 10
869.1250000834174
 20
18.051442843535575
 10
869.2905470652054
 20
18.15690790239912
 10
869.4462722052084
 20
18.276400005030276
 10
869.5909903410818
 20
18.409009744376718
 10
869.7236000804282
 20
18.553727880250072
 10
869.8430921830594
 20
18.709453020253143
 10
869.9485572419229
 20
18.875000002041094
 10
870.0391926042394
 20
19.049108913122517
 10
870.1143084801744
 20
19.230454679554253
 10
870.1733331925558
 20
19.417657150554184
 10
870.2158175276824
 20
19.60929160228206
 10
870.2414381541109
 20
19.80389958084818
  0
DIMENSION
  5
8B
330
17
100
AcDbEntity
  8
DIMENSIONS
100
AcDbDimension
280
0
  2
*D5
  3
Standard
 10
860.0
 20
-12.0
 30
0.0
 11
871.0
 21
-12.0
 31
0.0
 70
32
 71
5
  1
<>
100
AcDbAlignedDimension
 13
860.0
 23
0.0
 33
0.0
 14
882.0
 24
0.0
 34
0.0
 50
0.0
100
AcDbRotatedDimension
1001
ACAD
1000
DSTYLE
1002
{
1070
140
1040
2.5
1070
41
1040
1.5
1070
271
1070
3
1002
}
  0
DIMENSION
  5
9B
330
17
100
AcDbEntity
  8
DIMENSIONS
100
AcDbDimension
280
0
  2
*D6
  3
Standard
 10
894.0
 20
0.0
 30
0.0
 11
894.0
 21
13.0
 31
0.0
 70
32
 71
5
  1
<>
100
AcDbAlignedDimension
 13
882.0
 23
0.0
 33
0.0
 14
882.0
 24
26.0
 34
0.0
 50
90.0
100
AcDbRotatedDimension
1001
ACAD
1000
DSTYLE
1002
{
1070
140
1040
2.5
1070
41
1040
1.5
1070
271
1070
3
1002
}
  0
TEXT
  5
AB
330
17
100
AcDbEntity
  8
NOTES
100
AcDbText
 10
860.0
 20
-27.0
 30
0.0
 40
2.5
  1
hold_roof_lug_0_94_15
100
AcDbText
  0
TEXT
  5
AC
330
17
100
AcDbEntity
  8
NOTES
100
AcDbText
 10
860.0
 20
-33.0
 30
0.0
 40
2.5
  1
WP04 R07 | mm 1:1 | REFERENCE ONLY
100
AcDbText
  0
TEXT
  5
AD
330
17
100
AcDbEntity
  8
NOTES
100
AcDbText
 10
860.0
 20
-39.0
 30
0.0
 40
2.5
  1
Retention lug / integral rail foot
100
AcDbText
  0
TEXT
  5
AE
330
17
100
AcDbEntity
  8
NOTES
100
AcDbText
 10
860.0
 20
-45.0
 30
0.0
 40
2.5
  1
Inner block 22 x 14 x 12; outer foot 22 x 12 x 5
100
AcDbText
  0
TEXT
  5
AF
330
17
100
AcDbEntity
  8
NOTES
100
AcDbText
 10
860.0
 20
-51.0
 30
0.0
 40
2.5
  1
Axes X-115,Y94.15 / X-118,Y107.15
100
AcDbText
  0
TEXT
  5
B0
330
17
100
AcDbEntity
  8
NOTES
100
AcDbText
 10
860.0
 20
-57.0
 30
0.0
 40
2.5
  1
Material, threads, tolerances, preload: unqualified
100
AcDbText
  0
LWPOLYLINE
  5
B1
330
17
100
AcDbEntity
  8
GEOMETRY
100
AcDbPolyline
 90
448
 70
1
 10
0.0
 20
-400.0
 10
0.0
 20
-399.75
 10
0.0
 20
-399.5
 10
0.0
 20
-399.25
 10
0.0
 20
-399.0
 10
0.0
 20
-398.75
 10
0.0
 20
-398.5
 10
0.0
 20
-398.25
 10
0.0
 20
-398.0
 10
0.0
 20
-397.75
 10
0.0
 20
-397.5
 10
0.0
 20
-397.25
 10
0.0
 20
-397.0
 10
0.0
 20
-396.75
 10
0.0
 20
-396.5
 10
0.0
 20
-396.25
 10
0.0
 20
-396.0
 10
0.0
 20
-395.75
 10
0.0
 20
-395.5
 10
0.0
 20
-395.25
 10
0.0
 20
-395.0
 10
0.0
 20
-394.75
 10
0.0
 20
-394.5
 10
0.0
 20
-394.25
 10
0.0
 20
-394.0
 10
0.0
 20
-393.75
 10
0.0
 20
-393.5
 10
0.0
 20
-393.25
 10
0.0
 20
-393.0
 10
0.0
 20
-392.75
 10
0.0
 20
-392.5
 10
0.0
 20
-392.25
 10
0.0
 20
-392.0
 10
0.0
 20
-391.75
 10
0.0
 20
-391.5
 10
0.0
 20
-391.25
 10
0.0
 20
-391.0
 10
0.0
 20
-390.75
 10
0.0
 20
-390.5
 10
0.0
 20
-390.25
 10
0.0
 20
-390.0
 10
0.0
 20
-389.75
 10
0.0
 20
-389.5
 10
0.0
 20
-389.25
 10
0.0
 20
-389.0
 10
0.0
 20
-388.75
 10
0.0
 20
-388.5
 10
0.0
 20
-388.25
 10
0.0
 20
-388.0
 10
0.0
 20
-387.75
 10
0.0
 20
-387.5
 10
0.0
 20
-387.25
 10
0.0
 20
-387.0
 10
0.0
 20
-386.75
 10
0.0
 20
-386.5
 10
0.0
 20
-386.25
 10
0.0
 20
-386.0
 10
0.0
 20
-385.75
 10
0.0
 20
-385.5
 10
0.0
 20
-385.25
 10
0.0
 20
-385.0
 10
0.0
 20
-384.75
 10
0.0
 20
-384.5
 10
0.0
 20
-384.25
 10
0.0
 20
-384.0
 10
0.0
 20
-383.75
 10
0.0
 20
-383.5
 10
0.0
 20
-383.25
 10
0.0
 20
-383.0
 10
0.0
 20
-382.75
 10
0.0
 20
-382.5
 10
0.0
 20
-382.25
 10
0.0
 20
-382.0
 10
0.0
 20
-381.75
 10
0.0
 20
-381.5
 10
0.0
 20
-381.25
 10
0.0
 20
-381.0
 10
0.0
 20
-380.75
 10
0.0
 20
-380.5
 10
0.0
 20
-380.25
 10
0.0
 20
-380.0
 10
0.0
 20
-379.75
 10
0.0
 20
-379.5
 10
0.0
 20
-379.25
 10
0.0
 20
-379.0
 10
0.0
 20
-378.75
 10
0.0
 20
-378.5
 10
0.0
 20
-378.25
 10
0.0
 20
-378.0
 10
0.0
 20
-377.75
 10
0.0
 20
-377.5
 10
0.0
 20
-377.25
 10
0.0
 20
-377.0
 10
0.0
 20
-376.75
 10
0.0
 20
-376.5
 10
0.0
 20
-376.25
 10
0.0
 20
-376.0
 10
0.0
 20
-375.75
 10
0.0
 20
-375.5
 10
0.0
 20
-375.25
 10
0.0
 20
-375.0
 10
0.0
 20
-374.75
 10
0.0
 20
-374.5
 10
0.0
 20
-374.25
 10
0.0
 20
-374.0
 10
0.25
 20
-374.0
 10
0.5
 20
-374.0
 10
0.75
 20
-374.0
 10
1.0
 20
-374.0
 10
1.25
 20
-374.0
 10
1.5
 20
-374.0
 10
1.75
 20
-374.0
 10
2.0
 20
-374.0
 10
2.25
 20
-374.0
 10
2.5
 20
-374.0
 10
2.75
 20
-374.0
 10
3.0
 20
-374.0
 10
3.25
 20
-374.0
 10
3.5
 20
-374.0
 10
3.75
 20
-374.0
 10
4.0
 20
-374.0
 10
4.25
 20
-374.0
 10
4.5
 20
-374.0
 10
4.75
 20
-374.0
 10
5.0
 20
-374.0
 10
5.25
 20
-374.0
 10
5.5
 20
-374.0
 10
5.75
 20
-374.0
 10
6.0
 20
-374.0
 10
6.25
 20
-374.0
 10
6.5
 20
-374.0
 10
6.75
 20
-374.0
 10
7.0
 20
-374.0
 10
7.25
 20
-374.0
 10
7.5
 20
-374.0
 10
7.75
 20
-374.0
 10
8.0
 20
-374.0
 10
8.25
 20
-374.0
 10
8.5
 20
-374.0
 10
8.75
 20
-374.0
 10
9.0
 20
-374.0
 10
9.25
 20
-374.0
 10
9.5
 20
-374.0
 10
9.75
 20
-374.0
 10
10.0
 20
-374.0
 10
10.25
 20
-374.0
 10
10.5
 20
-374.0
 10
10.75
 20
-374.0
 10
11.0
 20
-374.0
 10
11.25
 20
-374.0
 10
11.5
 20
-374.0
 10
11.75
 20
-374.0
 10
12.0
 20
-374.0
 10
12.25
 20
-374.0
 10
12.5
 20
-374.0
 10
12.75
 20
-374.0
 10
13.0
 20
-374.0
 10
13.25
 20
-374.0
 10
13.5
 20
-374.0
 10
13.75
 20
-374.0
 10
14.0
 20
-374.0
 10
14.25
 20
-374.0
 10
14.5
 20
-374.0
 10
14.75
 20
-374.0
 10
15.0
 20
-374.0
 10
15.25
 20
-374.0
 10
15.5
 20
-374.0
 10
15.75
 20
-374.0
 10
16.0
 20
-374.0
 10
16.25
 20
-374.0
 10
16.5
 20
-374.0
 10
16.75
 20
-374.0
 10
17.0
 20
-374.0
 10
17.25
 20
-374.0
 10
17.5
 20
-374.0
 10
17.75
 20
-374.0
 10
18.0
 20
-374.0
 10
18.25
 20
-374.0
 10
18.5
 20
-374.0
 10
18.75
 20
-374.0
 10
19.0
 20
-374.0
 10
19.25
 20
-374.0
 10
19.5
 20
-374.0
 10
19.75
 20
-374.0
 10
20.0
 20
-374.0
 10
20.25
 20
-374.0
 10
20.5
 20
-374.0
 10
20.75
 20
-374.0
 10
21.0
 20
-374.0
 10
21.25
 20
-374.0
 10
21.5
 20
-374.0
 10
21.75
 20
-374.0
 10
22.0
 20
-374.0
 10
22.25
 20
-374.0
 10
22.5
 20
-374.0
 10
22.75
 20
-374.0
 10
23.0
 20
-374.0
 10
23.25
 20
-374.0
 10
23.5
 20
-374.0
 10
23.75
 20
-374.0
 10
24.0
 20
-374.0
 10
24.25
 20
-374.0
 10
24.5
 20
-374.0
 10
24.75
 20
-374.0
 10
25.0
 20
-374.0
 10
25.25
 20
-374.0
 10
25.5
 20
-374.0
 10
25.75
 20
-374.0
 10
26.0
 20
-374.0
 10
26.25
 20
-374.0
 10
26.5
 20
-374.0
 10
26.75
 20
-374.0
 10
27.0
 20
-374.0
 10
27.25
 20
-374.0
 10
27.5
 20
-374.0
 10
27.75
 20
-374.0
 10
28.0
 20
-374.0
 10
28.25
 20
-374.0
 10
28.5
 20
-374.0
 10
28.75
 20
-374.0
 10
29.0
 20
-374.0
 10
29.25
 20
-374.0
 10
29.5
 20
-374.0
 10
29.75
 20
-374.0
 10
30.0
 20
-374.0
 10
30.0
 20
-374.25
 10
30.0
 20
-374.5
 10
30.0
 20
-374.75
 10
30.0
 20
-375.0
 10
30.0
 20
-375.25
 10
30.0
 20
-375.5
 10
30.0
 20
-375.75
 10
30.0
 20
-376.0
 10
30.0
 20
-376.25
 10
30.0
 20
-376.5
 10
30.0
 20
-376.75
 10
30.0
 20
-377.0
 10
30.0
 20
-377.25
 10
30.0
 20
-377.5
 10
30.0
 20
-377.75
 10
30.0
 20
-378.0
 10
30.0
 20
-378.25
 10
30.0
 20
-378.5
 10
30.0
 20
-378.75
 10
30.0
 20
-379.0
 10
30.0
 20
-379.25
 10
30.0
 20
-379.5
 10
30.0
 20
-379.75
 10
30.0
 20
-380.0
 10
30.0
 20
-380.25
 10
30.0
 20
-380.5
 10
30.0
 20
-380.75
 10
30.0
 20
-381.0
 10
30.0
 20
-381.25
 10
30.0
 20
-381.5
 10
30.0
 20
-381.75
 10
30.0
 20
-382.0
 10
30.0
 20
-382.25
 10
30.0
 20
-382.5
 10
30.0
 20
-382.75
 10
30.0
 20
-383.0
 10
30.0
 20
-383.25
 10
30.0
 20
-383.5
 10
30.0
 20
-383.75
 10
30.0
 20
-384.0
 10
30.0
 20
-384.25
 10
30.0
 20
-384.5
 10
30.0
 20
-384.75
 10
30.0
 20
-385.0
 10
30.0
 20
-385.25
 10
30.0
 20
-385.5
 10
30.0
 20
-385.75
 10
30.0
 20
-386.0
 10
30.0
 20
-386.25
 10
30.0
 20
-386.5
 10
30.0
 20
-386.75
 10
30.0
 20
-387.0
 10
30.0
 20
-387.25
 10
30.0
 20
-387.5
 10
30.0
 20
-387.75
 10
30.0
 20
-388.0
 10
30.0
 20
-388.25
 10
30.0
 20
-388.5
 10
30.0
 20
-388.75
 10
30.0
 20
-389.0
 10
30.0
 20
-389.25
 10
30.0
 20
-389.5
 10
30.0
 20
-389.75
 10
30.0
 20
-390.0
 10
30.0
 20
-390.25
 10
30.0
 20
-390.5
 10
30.0
 20
-390.75
 10
30.0
 20
-391.0
 10
30.0
 20
-391.25
 10
30.0
 20
-391.5
 10
30.0
 20
-391.75
 10
30.0
 20
-392.0
 10
30.0
 20
-392.25
 10
30.0
 20
-392.5
 10
30.0
 20
-392.75
 10
30.0
 20
-393.0
 10
30.0
 20
-393.25
 10
30.0
 20
-393.5
 10
30.0
 20
-393.75
 10
30.0
 20
-394.0
 10
30.0
 20
-394.25
 10
30.0
 20
-394.5
 10
30.0
 20
-394.75
 10
30.0
 20
-395.0
 10
30.0
 20
-395.25
 10
30.0
 20
-395.5
 10
30.0
 20
-395.75
 10
30.0
 20
-396.0
 10
30.0
 20
-396.25
 10
30.0
 20
-396.5
 10
30.0
 20
-396.75
 10
30.0
 20
-397.0
 10
30.0
 20
-397.25
 10
30.0
 20
-397.5
 10
30.0
 20
-397.75
 10
30.0
 20
-398.0
 10
30.0
 20
-398.25
 10
30.0
 20
-398.5
 10
30.0
 20
-398.75
 10
30.0
 20
-399.0
 10
30.0
 20
-399.25
 10
30.0
 20
-399.5
 10
30.0
 20
-399.75
 10
30.0
 20
-400.0
 10
29.75
 20
-400.0
 10
29.5
 20
-400.0
 10
29.25
 20
-400.0
 10
29.0
 20
-400.0
 10
28.75
 20
-400.0
 10
28.5
 20
-400.0
 10
28.25
 20
-400.0
 10
28.0
 20
-400.0
 10
27.75
 20
-400.0
 10
27.5
 20
-400.0
 10
27.25
 20
-400.0
 10
27.0
 20
-400.0
 10
26.75
 20
-400.0
 10
26.5
 20
-400.0
 10
26.25
 20
-400.0
 10
26.0
 20
-400.0
 10
25.75
 20
-400.0
 10
25.5
 20
-400.0
 10
25.25
 20
-400.0
 10
25.0
 20
-400.0
 10
24.75
 20
-400.0
 10
24.5
 20
-400.0
 10
24.25
 20
-400.0
 10
24.0
 20
-400.0
 10
23.75
 20
-400.0
 10
23.5
 20
-400.0
 10
23.25
 20
-400.0
 10
23.0
 20
-400.0
 10
22.75
 20
-400.0
 10
22.5
 20
-400.0
 10
22.25
 20
-400.0
 10
22.0
 20
-400.0
 10
21.75
 20
-400.0
 10
21.5
 20
-400.0
 10
21.25
 20
-400.0
 10
21.0
 20
-400.0
 10
20.75
 20
-400.0
 10
20.5
 20
-400.0
 10
20.25
 20
-400.0
 10
20.0
 20
-400.0
 10
19.75
 20
-400.0
 10
19.5
 20
-400.0
 10
19.25
 20
-400.0
 10
19.0
 20
-400.0
 10
18.75
 20
-400.0
 10
18.5
 20
-400.0
 10
18.25
 20
-400.0
 10
18.0
 20
-400.0
 10
17.75
 20
-400.0
 10
17.5
 20
-400.0
 10
17.25
 20
-400.0
 10
17.0
 20
-400.0
 10
16.75
 20
-400.0
 10
16.5
 20
-400.0
 10
16.25
 20
-400.0
 10
16.0
 20
-400.0
 10
15.75
 20
-400.0
 10
15.5
 20
-400.0
 10
15.25
 20
-400.0
 10
15.0
 20
-400.0
 10
14.75
 20
-400.0
 10
14.5
 20
-400.0
 10
14.25
 20
-400.0
 10
14.0
 20
-400.0
 10
13.75
 20
-400.0
 10
13.5
 20
-400.0
 10
13.25
 20
-400.0
 10
13.0
 20
-400.0
 10
12.75
 20
-400.0
 10
12.5
 20
-400.0
 10
12.25
 20
-400.0
 10
12.0
 20
-400.0
 10
11.75
 20
-400.0
 10
11.5
 20
-400.0
 10
11.25
 20
-400.0
 10
11.0
 20
-400.0
 10
10.75
 20
-400.0
 10
10.5
 20
-400.0
 10
10.25
 20
-400.0
 10
10.0
 20
-400.0
 10
9.75
 20
-400.0
 10
9.5
 20
-400.0
 10
9.25
 20
-400.0
 10
9.0
 20
-400.0
 10
8.75
 20
-400.0
 10
8.5
 20
-400.0
 10
8.25
 20
-400.0
 10
8.0
 20
-400.0
 10
7.75
 20
-400.0
 10
7.5
 20
-400.0
 10
7.25
 20
-400.0
 10
7.0
 20
-400.0
 10
6.75
 20
-400.0
 10
6.5
 20
-400.0
 10
6.25
 20
-400.0
 10
6.0
 20
-400.0
 10
5.75
 20
-400.0
 10
5.5
 20
-400.0
 10
5.25
 20
-400.0
 10
5.0
 20
-400.0
 10
4.75
 20
-400.0
 10
4.5
 20
-400.0
 10
4.25
 20
-400.0
 10
4.0
 20
-400.0
 10
3.75
 20
-400.0
 10
3.5
 20
-400.0
 10
3.25
 20
-400.0
 10
3.0
 20
-400.0
 10
2.75
 20
-400.0
 10
2.5
 20
-400.0
 10
2.25
 20
-400.0
 10
2.0
 20
-400.0
 10
1.75
 20
-400.0
 10
1.5
 20
-400.0
 10
1.25
 20
-400.0
 10
1.0
 20
-400.0
 10
0.75
 20
-400.0
 10
0.5
 20
-400.0
 10
0.25
 20
-400.0
  0
LWPOLYLINE
  5
B2
330
17
100
AcDbEntity
  8
GEOMETRY
100
AcDbPolyline
 90
72
 70
1
 10
17.249999999701362
 20
-382.1499999895472
 10
17.24143807040774
 20
-381.95389956836385
 10
17.215817443978633
 20
-381.7592915897944
 10
17.173333108851324
 20
-381.56765713806317
 10
17.114308396468875
 20
-381.38045466706
 10
17.039192520532612
 20
-381.19910890062516
 10
16.948557158214616
 20
-381.02499998954073
 10
16.843092099349253
 20
-380.85945300774995
 10
16.723599996716036
 20
-380.7037278677442
 10
16.590990257367306
 20
-380.55900973186834
 10
16.446272121491454
 20
-380.4263999925196
 10
16.2905469814857
 20
-380.30690788988636
 10
16.124999999694893
 20
-380.20144283102104
 10
15.950891088610467
 20
-380.110807468703
 10
15.769545322175606
 20
-380.03569159276674
 10
15.582342851172447
 20
-379.9766668803843
 10
15.390708399441266
 20
-379.934182545257
 10
15.196100420871785
 20
-379.9085619188279
 10
14.999999999688427
 20
-379.89999998953425
 10
14.803899578505069
 20
-379.9085619188279
 10
14.609291599935588
 20
-379.934182545257
 10
14.417657148204407
 20
-379.9766668803843
 10
14.23045467720125
 20
-380.03569159276674
 10
14.049108910766387
 20
-380.110807468703
 10
13.87499999968196
 20
-380.20144283102104
 10
13.709453017891153
 20
-380.30690788988636
 10
13.553727877885398
 20
-380.4263999925196
 10
13.409009742009548
 20
-380.55900973186834
 10
13.276400002660818
 20
-380.7037278677442
 10
13.1569079000276
 20
-380.85945300774995
 10
13.051442841162238
 20
-381.02499998954073
 10
12.960807478844242
 20
-381.19910890062516
 10
12.885691602907979
 20
-381.38045466706
 10
12.82666689052553
 20
-381.56765713806317
 10
12.784182555398221
 20
-381.7592915897944
 10
12.758561928969113
 20
-381.95389956836385
 10
12.749999999675492
 20
-382.1499999895472
 10
12.758561928969113
 20
-382.34610041073057
 10
12.784182555398221
 20
-382.54070838930005
 10
12.826666890525528
 20
-382.73234284103125
 10
12.885691602907979
 20
-382.9195453120344
 10
12.960807478844242
 20
-383.10089107846926
 10
13.051442841162238
 20
-383.2749999895537
 10
13.1569079000276
 20
-383.4405469713445
 10
13.276400002660816
 20
-383.59627211135023
 10
13.409009742009548
 20
-383.7409902472261
 10
13.553727877885398
 20
-383.87359998657485
 10
13.709453017891155
 20
-383.99309208920806
 10
13.874999999681958
 20
-384.0985571480734
 10
14.049108910766385
 20
-384.1891925103914
 10
14.230454677201248
 20
-384.2643083863277
 10
14.417657148204407
 20
-384.3233330987101
 10
14.609291599935588
 20
-384.36581743383744
 10
14.803899578505069
 20
-384.3914380602665
 10
14.999999999688427
 20
-384.3999999895602
 10
15.196100420871785
 20
-384.3914380602665
 10
15.390708399441266
 20
-384.36581743383744
 10
15.582342851172445
 20
-384.3233330987101
 10
15.769545322175606
 20
-384.2643083863277
 10
15.950891088610465
 20
-384.1891925103914
 10
16.124999999694893
 20
-384.0985571480734
 10
16.2905469814857
 20
-383.99309208920806
 10
16.446272121491454
 20
-383.87359998657485
 10
16.590990257367306
 20
-383.7409902472261
 10
16.723599996716036
 20
-383.59627211135023
 10
16.843092099349253
 20
-383.4405469713445
 10
16.948557158214616
 20
-383.2749999895537
 10
17.039192520532612
 20
-383.10089107846926
 10
17.114308396468875
 20
-382.9195453120344
 10
17.173333108851324
 20
-382.73234284103125
 10
17.215817443978633
 20
-382.54070838930005
 10
17.24143807040774
 20
-382.34610041073057
  0
LWPOLYLINE
  5
B3
330
17
100
AcDbEntity
  8
GEOMETRY
100
AcDbPolyline
 90
72
 70
1
 10
14.249999999835385
 20
-395.1499999936159
 10
14.241438070541763
 20
-394.95389957243253
 10
14.215817444112655
 20
-394.75929159386305
 10
14.173333108985346
 20
-394.56765714213185
 10
14.114308396602897
 20
-394.3804546711287
 10
14.039192520666635
 20
-394.19910890469384
 10
13.948557158348638
 20
-394.0249999936094
 10
13.843092099483277
 20
-393.85945301181863
 10
13.723599996850059
 20
-393.7037278718129
 10
13.590990257501328
 20
-393.559009735937
 10
13.446272121625478
 20
-393.42639999658826
 10
13.290546981619723
 20
-393.30690789395504
 10
13.124999999828917
 20
-393.2014428350897
 10
12.95089108874449
 20
-393.1108074727717
 10
12.769545322309629
 20
-393.0356915968354
 10
12.58234285130647
 20
-392.976666884453
 10
12.390708399575288
 20
-392.93418254932567
 10
12.196100421005807
 20
-392.9085619228966
 10
11.99999999982245
 20
-392.89999999360293
 10
11.803899578639092
 20
-392.9085619228966
 10
11.60929160006961
 20
-392.93418254932567
 10
11.41765714833843
 20
-392.976666884453
 10
11.230454677335272
 20
-393.0356915968354
 10
11.04910891090041
 20
-393.1108074727717
 10
10.874999999815982
 20
-393.2014428350897
 10
10.709453018025176
 20
-393.30690789395504
 10
10.553727878019421
 20
-393.42639999658826
 10
10.40900974214357
 20
-393.559009735937
 10
10.27640000279484
 20
-393.7037278718129
 10
10.156907900161622
 20
-393.85945301181863
 10
10.05144284129626
 20
-394.0249999936094
 10
9.960807478978264
 20
-394.19910890469384
 10
9.885691603042002
 20
-394.3804546711287
 10
9.826666890659553
 20
-394.56765714213185
 10
9.784182555532244
 20
-394.75929159386305
 10
9.758561929103136
 20
-394.95389957243253
 10
9.749999999809514
 20
-395.1499999936159
 10
9.758561929103136
 20
-395.34610041479925
 10
9.784182555532244
 20
-395.54070839336873
 10
9.826666890659551
 20
-395.73234284509994
 10
9.885691603042002
 20
-395.9195453161031
 10
9.960807478978264
 20
-396.10089108253794
 10
10.05144284129626
 20
-396.2749999936224
 10
10.156907900161622
 20
-396.44054697541316
 10
10.276400002794839
 20
-396.5962721154189
 10
10.40900974214357
 20
-396.74099025129476
 10
10.553727878019421
 20
-396.8735999906435
 10
10.709453018025178
 20
-396.99309209327674
 10
10.87499999981598
 20
-397.09855715214206
 10
11.049108910900408
 20
-397.1891925144601
 10
11.23045467733527
 20
-397.26430839039637
 10
11.41765714833843
 20
-397.3233331027788
 10
11.60929160006961
 20
-397.3658174379061
 10
11.803899578639092
 20
-397.3914380643352
 10
11.99999999982245
 20
-397.39999999362885
 10
12.196100421005807
 20
-397.3914380643352
 10
12.390708399575288
 20
-397.3658174379061
 10
12.582342851306468
 20
-397.3233331027788
 10
12.769545322309629
 20
-397.26430839039637
 10
12.950891088744488
 20
-397.1891925144601
 10
13.124999999828916
 20
-397.09855715214206
 10
13.290546981619723
 20
-396.99309209327674
 10
13.446272121625476
 20
-396.8735999906435
 10
13.590990257501328
 20
-396.74099025129476
 10
13.723599996850059
 20
-396.5962721154189
 10
13.843092099483277
 20
-396.44054697541316
 10
13.948557158348638
 20
-396.2749999936224
 10
14.039192520666635
 20
-396.10089108253794
 10
14.114308396602897
 20
-395.9195453161031
 10
14.173333108985346
 20
-395.73234284509994
 10
14.215817444112655
 20
-395.54070839336873
 10
14.241438070541763
 20
-395.34610041479925
  0
DIMENSION
  5
B4
330
17
100
AcDbEntity
  8
DIMENSIONS
100
AcDbDimension
280
0
  2
*D7
  3
Standard
 10
0.0
 20
-412.0
 30
0.0
 11
15.0
 21
-412.0
 31
0.0
 70
32
 71
5
  1
<>
100
AcDbAlignedDimension
 13
0.0
 23
-400.0
 33
0.0
 14
30.0
 24
-400.0
 34
0.0
 50
0.0
100
AcDbRotatedDimension
1001
ACAD
1000
DSTYLE
1002
{
1070
140
1040
2.5
1070
41
1040
1.5
1070
271
1070
3
1002
}
  0
DIMENSION
  5
C4
330
17
100
AcDbEntity
  8
DIMENSIONS
100
AcDbDimension
280
0
  2
*D8
  3
Standard
 10
42.0
 20
-400.0
 30
0.0
 11
42.0
 21
-387.0
 31
0.0
 70
32
 71
5
  1
<>
100
AcDbAlignedDimension
 13
30.0
 23
-400.0
 33
0.0
 14
30.0
 24
-374.0
 34
0.0
 50
90.0
100
AcDbRotatedDimension
1001
ACAD
1000
DSTYLE
1002
{
1070
140
1040
2.5
1070
41
1040
1.5
1070
271
1070
3
1002
}
  0
TEXT
  5
D4
330
17
100
AcDbEntity
  8
NOTES
100
AcDbText
 10
0.0
 20
-427.0
 30
0.0
 40
2.5
  1
hold_pivot_clevis_0
100
AcDbText
  0
TEXT
  5
D5
330
17
100
AcDbEntity
  8
NOTES
100
AcDbText
 10
0.0
 20
-433.0
 30
0.0
 40
2.5
  1
WP04 R07 | mm 1:1 | REFERENCE ONLY
100
AcDbText
  0
TEXT
  5
D6
330
17
100
AcDbEntity
  8
NOTES
100
AcDbText
 10
0.0
 20
-439.0
 30
0.0
 40
2.5
  1
Foot underside; 2 x D4.5 through
100
AcDbText
  0
TEXT
  5
D7
330
17
100
AcDbEntity
  8
NOTES
100
AcDbText
 10
0.0
 20
-445.0
 30
0.0
 40
2.5
  1
Head counterbores D8, floor Z120.65, opening Z125.15
100
AcDbText
  0
TEXT
  5
D8
330
17
100
AcDbEntity
  8
NOTES
100
AcDbText
 10
0.0
 20
-451.0
 30
0.0
 40
2.5
  1
Remaining floor 2.5; strength UNKNOWN
100
AcDbText
  0
TEXT
  5
D9
330
17
100
AcDbEntity
  8
NOTES
100
AcDbText
 10
0.0
 20
-457.0
 30
0.0
 40
2.5
  1
Material, threads, tolerances, preload: unqualified
100
AcDbText
  0
LWPOLYLINE
  5
DA
330
17
100
AcDbEntity
  8
GEOMETRY
100
AcDbPolyline
 90
3621
 70
1
 10
430.0
 20
-400.0
 10
430.0
 20
-399.75001380834027
 10
430.0
 20
-399.50002761668054
 10
430.0
 20
-399.25004142502075
 10
430.0
 20
-399.00005523336097
 10
430.0
 20
-398.75006904170124
 10
430.0
 20
-398.50008285004145
 10
430.0
 20
-398.2500966583817
 10
430.0
 20
-398.00011046672194
 10
430.0
 20
-397.7501242750622
 10
430.0
 20
-397.5001380834024
 10
430.0
 20
-397.2501518917427
 10
430.0
 20
-397.0001657000829
 10
430.0
 20
-396.7501795084231
 10
430.0
 20
-396.5001933167634
 10
430.0
 20
-396.25020712510366
 10
430.0
 20
-396.00022093344387
 10
430.0
 20
-395.7502347417841
 10
430.0
 20
-395.50024855012435
 10
430.0
 20
-395.25026235846457
 10
430.0
 20
-395.00027616680484
 10
430.0
 20
-394.75028997514505
 10
430.0
 20
-394.5003037834852
 10
430.0
 20
-394.2503175918255
 10
430.0
 20
-394.0003314001657
 10
430.0
 20
-393.7503452085059
 10
430.0
 20
-393.5003590168462
 10
430.0
 20
-393.2503728251864
 10
430.0
 20
-393.00038663352666
 10
430.0
 20
-392.7504004418669
 10
430.0
 20
-392.5004142502071
 10
430.0
 20
-392.25042805854736
 10
430.0
 20
-392.0004418668876
 10
430.0
 20
-391.75045567522784
 10
430.0
 20
-391.50046948356805
 10
430.0
 20
-391.2504832919083
 10
430.0
 20
-391.0004971002486
 10
430.0
 20
-390.7505109085888
 10
430.0
 20
-390.500524716929
 10
430.0
 20
-390.2505385252693
 10
430.0
 20
-390.0005523336095
 10
430.0
 20
-389.7505661419498
 10
430.0
 20
-389.50057995029
 10
430.0
 20
-389.25059375863026
 10
430.0
 20
-389.0006075669705
 10
430.0
 20
-388.75062137531074
 10
430.0
 20
-388.50063518365096
 10
430.0
 20
-388.25064899199117
 10
430.0
 20
-388.00066280033144
 10
430.0
 20
-387.7506766086717
 10
430.0
 20
-387.5006904170119
 10
430.0
 20
-387.25070422535214
 10
430.0
 20
-387.0007180336924
 10
430.0
 20
-386.7507318420326
 10
430.0
 20
-386.5007456503729
 10
430.0
 20
-386.2507594587131
 10
430.0
 20
-386.0007732670534
 10
430.0
 20
-385.7507870753936
 10
430.0
 20
-385.50080088373386
 10
430.0
 20
-385.2508146920741
 10
430.0
 20
-385.0008285004143
 10
430.0
 20
-384.75084230875456
 10
430.0
 20
-384.5008561170948
 10
430.0
 20
-384.25086992543504
 10
430.0
 20
-384.00088373377525
 10
430.0
 20
-383.7508975421155
 10
430.0
 20
-383.5009113504557
 10
430.0
 20
-383.2509251587959
 10
430.0
 20
-383.0009389671361
 10
430.0
 20
-382.7509527754764
 10
430.0
 20
-382.50096658381665
 10
430.0
 20
-382.25098039215686
 10
430.0
 20
-382.0009942004971
 10
430.0
 20
-381.75100800883735
 10
430.0
 20
-381.50102181717756
 10
430.0
 20
-381.25103562551783
 10
430.0
 20
-381.00104943385804
 10
430.0
 20
-380.75106324219826
 10
430.0
 20
-380.5010770505385
 10
430.0
 20
-380.2510908588788
 10
430.0
 20
-380.001104667219
 10
430.0
 20
-379.7511184755592
 10
430.0
 20
-379.5011322838995
 10
430.0
 20
-379.25114609223976
 10
430.0
 20
-379.00115990058
 10
430.0
 20
-378.7511737089202
 10
430.0
 20
-378.50118751726046
 10
430.0
 20
-378.2512013256007
 10
430.0
 20
-378.00121513394095
 10
430.0
 20
-377.75122894228116
 10
430.0
 20
-377.5012427506214
 10
430.0
 20
-377.25125655896164
 10
430.0
 20
-377.0012703673019
 10
430.0
 20
-376.7512841756421
 10
430.0
 20
-376.50129798398234
 10
430.0
 20
-376.2513117923226
 10
430.0
 20
-376.0013256006629
 10
430.0
 20
-375.7513394090031
 10
430.0
 20
-375.5013532173433
 10
430.0
 20
-375.2513670256836
 10
430.0
 20
-375.0013808340238
 10
430.0
 20
-374.75139464236406
 10
430.0
 20
-374.5014084507043
 10
430.0
 20
-374.25142225904455
 10
430.0
 20
-374.00143606738476
 10
430.0
 20
-373.75144987572503
 10
430.0
 20
-373.50146368406524
 10
430.0
 20
-373.25147749240546
 10
430.0
 20
-373.0014913007457
 10
430.0
 20
-372.751505109086
 10
430.0
 20
-372.5015189174261
 10
430.0
 20
-372.2515327257663
 10
430.0
 20
-372.0015465341066
 10
430.0
 20
-371.75156034244685
 10
430.0
 20
-371.50157415078706
 10
430.0
 20
-371.2515879591273
 10
430.0
 20
-371.00160176746755
 10
430.0
 20
-370.7516155758078
 10
430.0
 20
-370.50162938414803
 10
430.0
 20
-370.25164319248825
 10
430.0
 20
-370.0016570008285
 10
430.0
 20
-369.75167080916873
 10
430.0
 20
-369.501684617509
 10
430.0
 20
-369.2516984258492
 10
430.0
 20
-369.0017122341894
 10
430.0
 20
-368.7517260425297
 10
430.0
 20
-368.50173985086997
 10
430.0
 20
-368.2517536592102
 10
430.0
 20
-368.0017674675504
 10
430.0
 20
-367.75178127589066
 10
430.0
 20
-367.50179508423093
 10
430.0
 20
-367.25180889257115
 10
430.0
 20
-367.00182270091136
 10
430.0
 20
-366.75183650925163
 10
430.0
 20
-366.50185031759185
 10
430.0
 20
-366.2518641259321
 10
430.0
 20
-366.00187793427233
 10
430.0
 20
-365.75189174261254
 10
430.0
 20
-365.5019055509528
 10
430.0
 20
-365.2519193592931
 10
430.0
 20
-365.0019331676333
 10
430.0
 20
-364.7519469759735
 10
430.0
 20
-364.5019607843138
 10
430.0
 20
-364.25197459265405
 10
430.0
 20
-364.00198840099426
 10
430.0
 20
-363.7520022093345
 10
430.0
 20
-363.50201601767475
 10
430.0
 20
-363.25202982601496
 10
430.0
 20
-363.00204363435523
 10
430.0
 20
-362.75205744269545
 10
430.0
 20
-362.50207125103566
 10
430.0
 20
-362.25208505937593
 10
430.0
 20
-362.0020988677162
 10
430.0
 20
-361.7521126760563
 10
430.0
 20
-361.50212648439657
 10
430.0
 20
-361.2521402927368
 10
430.0
 20
-361.00215410107705
 10
430.0
 20
-360.75216790941727
 10
430.0
 20
-360.5021817177575
 10
430.0
 20
-360.25219552609775
 10
430.0
 20
-360.002209334438
 10
430.0
 20
-359.75222314277823
 10
430.0
 20
-359.50223695111845
 10
430.0
 20
-359.2522507594587
 10
430.0
 20
-359.002264567799
 10
430.0
 20
-358.7522783761392
 10
430.0
 20
-358.5022921844794
 10
430.0
 20
-358.2523059928197
 10
430.0
 20
-358.0023198011599
 10
430.0
 20
-357.75233360950017
 10
430.0
 20
-357.5023474178404
 10
430.0
 20
-357.2523612261806
 10
430.0
 20
-357.00237503452087
 10
430.0
 20
-356.75238884286114
 10
430.0
 20
-356.50240265120135
 10
430.0
 20
-356.25241645954156
 10
430.0
 20
-356.00243026788183
 10
430.0
 20
-355.7524440762221
 10
430.0
 20
-355.5024578845623
 10
430.0
 20
-355.25247169290253
 10
430.0
 20
-355.0024855012428
 10
430.0
 20
-354.752499309583
 10
430.0
 20
-354.5025131179233
 10
430.0
 20
-354.2525269262635
 10
430.0
 20
-354.0025407346037
 10
430.0
 20
-353.752554542944
 10
430.0
 20
-353.50256835128425
 10
430.0
 20
-353.25258215962447
 10
430.0
 20
-353.0025959679647
 10
430.0
 20
-352.75260977630495
 10
430.0
 20
-352.5026235846452
 10
430.0
 20
-352.25263739298543
 10
430.0
 20
-352.00265120132565
 10
430.0
 20
-351.7526650096659
 10
430.0
 20
-351.50267881800613
 10
430.0
 20
-351.2526926263464
 10
430.0
 20
-351.0027064346866
 10
430.0
 20
-350.7527202430268
 10
430.0
 20
-350.502734051367
 10
430.0
 20
-350.25274785970726
 10
430.0
 20
-350.00276166804747
 10
430.0
 20
-349.75277547638774
 10
430.0
 20
-349.50278928472795
 10
430.0
 20
-349.2528030930682
 10
430.0
 20
-349.00281690140844
 10
430.0
 20
-348.7528307097487
 10
430.0
 20
-348.5028445180889
 10
430.0
 20
-348.2528583264292
 10
430.0
 20
-348.0028721347694
 10
430.0
 20
-347.7528859431096
 10
430.0
 20
-347.5028997514499
 10
430.0
 20
-347.2529135597901
 10
430.0
 20
-347.0029273681304
 10
430.0
 20
-346.7529411764706
 10
430.0
 20
-346.50295498481086
 10
430.0
 20
-346.25296879315107
 10
430.0
 20
-346.00298260149134
 10
430.0
 20
-345.75299640983155
 10
430.0
 20
-345.5030102181718
 10
430.0
 20
-345.25302402651204
 10
430.0
 20
-345.0030378348523
 10
430.0
 20
-344.7530516431925
 10
430.0
 20
-344.50306545153273
 10
430.0
 20
-344.253079259873
 10
430.0
 20
-344.0030930682132
 10
430.0
 20
-343.7531068765535
 10
430.0
 20
-343.5031206848937
 10
430.0
 20
-343.253134493234
 10
430.0
 20
-343.0031483015742
 10
430.0
 20
-342.75316210991446
 10
430.0
 20
-342.50317591825467
 10
430.0
 20
-342.25318972659494
 10
430.0
 20
-342.00320353493515
 10
430.0
 20
-341.7532173432754
 10
430.0
 20
-341.50323115161564
 10
430.0
 20
-341.25324495995585
 10
430.0
 20
-341.0032587682961
 10
430.0
 20
-340.75327257663633
 10
430.0
 20
-340.5032863849766
 10
430.0
 20
-340.2533001933168
 10
430.0
 20
-340.003314001657
 10
430.0
 20
-339.75332780999724
 10
430.0
 20
-339.50334161833746
 10
430.0
 20
-339.2533554266777
 10
430.0
 20
-339.00336923501794
 10
430.0
 20
-338.75338304335816
 10
430.0
 20
-338.5033968516984
 10
430.0
 20
-338.25341066003864
 10
430.0
 20
-338.0034244683789
 10
430.0
 20
-337.7534382767191
 10
430.0
 20
-337.5034520850594
 10
430.0
 20
-337.2534658933996
 10
430.0
 20
-337.0034797017399
 10
430.0
 20
-336.7534935100801
 10
430.0
 20
-336.50350731842036
 10
430.0
 20
-336.2535211267606
 10
430.0
 20
-336.0035349351008
 10
430.0
 20
-335.75354874344106
 10
430.0
 20
-335.5035625517813
 10
430.0
 20
-335.25357636012154
 10
430.0
 20
-335.00359016846176
 10
430.0
 20
-334.753603976802
 10
430.0
 20
-334.50361778514224
 10
430.0
 20
-334.2536315934825
 10
430.0
 20
-334.0036454018227
 10
430.0
 20
-333.75365921016294
 10
430.0
 20
-333.5036730185032
 10
430.0
 20
-333.2536868268435
 10
430.0
 20
-333.0037006351837
 10
430.0
 20
-332.7537144435239
 10
430.0
 20
-332.5037282518642
 10
430.0
 20
-332.25374206020444
 10
430.0
 20
-332.00375586854466
 10
430.0
 20
-331.7537696768849
 10
430.0
 20
-331.50378348522514
 10
430.0
 20
-331.25379729356536
 10
430.0
 20
-331.0038111019056
 10
430.0
 20
-330.75382491024584
 10
430.0
 20
-330.50383871858605
 10
430.0
 20
-330.2538525269263
 10
430.0
 20
-330.0038663352666
 10
430.0
 20
-329.7538801436068
 10
430.0
 20
-329.503893951947
 10
430.0
 20
-329.2539077602873
 10
430.0
 20
-329.00392156862745
 10
430.0
 20
-328.75393537696766
 10
430.0
 20
-328.5039491853079
 10
430.0
 20
-328.25396299364814
 10
430.0
 20
-328.0039768019884
 10
430.0
 20
-327.75399061032863
 10
430.0
 20
-327.50400441866884
 10
430.0
 20
-327.2540182270091
 10
430.0
 20
-327.0040320353493
 10
430.0
 20
-326.7540458436896
 10
430.0
 20
-326.5040596520298
 10
430.0
 20
-326.2540734603701
 10
430.0
 20
-326.0040872687103
 10
430.0
 20
-325.75410107705056
 10
430.0
 20
-325.5041148853908
 10
430.0
 20
-325.254128693731
 10
430.0
 20
-325.00414250207126
 10
430.0
 20
-324.75415631041153
 10
430.0
 20
-324.50417011875174
 10
430.0
 20
-324.25418392709196
 10
430.0
 20
-324.00419773543223
 10
430.0
 20
-323.75421154377244
 10
430.0
 20
-323.5042253521127
 10
430.0
 20
-323.2542391604529
 10
430.0
 20
-323.0042529687932
 10
430.0
 20
-322.7542667771334
 10
430.0
 20
-322.5042805854737
 10
430.0
 20
-322.2542943938139
 10
430.0
 20
-322.0043082021541
 10
430.0
 20
-321.7543220104944
 10
430.0
 20
-321.50433581883465
 10
430.0
 20
-321.25434962717486
 10
430.0
 20
-321.0043634355151
 10
430.0
 20
-320.75437724385534
 10
430.0
 20
-320.5043910521956
 10
430.0
 20
-320.25440486053583
 10
430.0
 20
-320.00441866887604
 10
430.0
 20
-319.7544324772163
 10
430.0
 20
-319.5044462855565
 10
430.0
 20
-319.2544600938968
 10
430.0
 20
-319.004473902237
 10
430.0
 20
-318.7544877105772
 10
430.0
 20
-318.5045015189175
 10
430.0
 20
-318.25451532725776
 10
430.0
 20
-318.00452913559786
 10
430.0
 20
-317.75454294393813
 10
430.0
 20
-317.50455675227835
 10
430.0
 20
-317.2545705606186
 10
430.0
 20
-317.00458436895883
 10
430.0
 20
-316.75459817729904
 10
430.0
 20
-316.5046119856393
 10
430.0
 20
-316.2546257939796
 10
430.0
 20
-316.0046396023198
 10
430.0
 20
-315.75465341066
 10
430.0
 20
-315.5046672190003
 10
430.0
 20
-315.2546810273405
 10
430.0
 20
-315.00469483568077
 10
430.0
 20
-314.754708644021
 10
430.0
 20
-314.50472245236125
 10
430.0
 20
-314.25473626070146
 10
430.0
 20
-314.00475006904173
 10
430.0
 20
-313.75476387738195
 10
430.0
 20
-313.50477768572216
 10
430.0
 20
-313.25479149406243
 10
430.0
 20
-313.0048053024027
 10
430.0
 20
-312.7548191107429
 10
430.0
 20
-312.5048329190831
 10
430.0
 20
-312.2548467274234
 10
430.0
 20
-312.0048605357636
 10
430.0
 20
-311.7548743441039
 10
430.0
 20
-311.5048881524441
 10
430.0
 20
-311.25490196078437
 10
430.0
 20
-311.0049157691246
 10
430.0
 20
-310.75492957746485
 10
430.0
 20
-310.50494338580506
 10
430.0
 20
-310.2549571941453
 10
430.0
 20
-310.00497100248555
 10
430.0
 20
-309.7549848108258
 10
430.0
 20
-309.50499861916603
 10
430.0
 20
-309.25501242750624
 10
430.0
 20
-309.0050262358465
 10
430.0
 20
-308.7550400441867
 10
430.0
 20
-308.505053852527
 10
430.0
 20
-308.2550676608672
 10
430.0
 20
-308.0050814692075
 10
430.0
 20
-307.7550952775477
 10
430.0
 20
-307.50510908588797
 10
430.0
 20
-307.25512289422807
 10
430.0
 20
-307.00513670256834
 10
430.0
 20
-306.75515051090855
 10
430.0
 20
-306.5051643192488
 10
430.0
 20
-306.25517812758903
 10
430.0
 20
-306.0051919359293
 10
430.0
 20
-305.7552057442695
 10
430.0
 20
-305.5052195526098
 10
430.0
 20
-305.25523336095
 10
430.0
 20
-305.0052471692902
 10
430.0
 20
-304.7552609776305
 10
430.0
 20
-304.50527478597076
 10
430.0
 20
-304.25528859431097
 10
430.0
 20
-304.0053024026512
 10
430.0
 20
-303.75531621099145
 10
430.0
 20
-303.50533001933167
 10
430.0
 20
-303.25534382767194
 10
430.0
 20
-303.00535763601215
 10
430.0
 20
-302.7553714443524
 10
430.0
 20
-302.50538525269263
 10
430.0
 20
-302.2553990610329
 10
430.0
 20
-302.0054128693731
 10
430.0
 20
-301.75542667771333
 10
430.0
 20
-301.5054404860536
 10
430.0
 20
-301.25545429439387
 10
430.0
 20
-301.0054681027341
 10
430.0
 20
-300.7554819110743
 10
430.0
 20
-300.50549571941457
 10
430.0
 20
-300.2555095277548
 10
430.0
 20
-300.00552333609505
 10
430.0
 20
-299.75553714443527
 10
430.0
 20
-299.50555095277554
 10
430.0
 20
-299.25556476111575
 10
430.0
 20
-299.005578569456
 10
430.0
 20
-298.75559237779623
 10
430.0
 20
-298.50560618613645
 10
430.0
 20
-298.2556199944767
 10
430.0
 20
-298.005633802817
 10
430.0
 20
-297.7556476111572
 10
430.0
 20
-297.5056614194974
 10
430.0
 20
-297.2556752278377
 10
430.0
 20
-297.0056890361779
 10
430.0
 20
-296.75570284451817
 10
430.0
 20
-296.5057166528584
 10
430.0
 20
-296.25573046119854
 10
430.0
 20
-296.0057442695388
 10
430.0
 20
-295.755758077879
 10
430.0
 20
-295.50577188621924
 10
430.0
 20
-295.2557856945595
 10
430.0
 20
-295.0057995028997
 10
430.0
 20
-294.75581331124
 10
430.0
 20
-294.5058271195802
 10
430.0
 20
-294.2558409279205
 10
430.0
 20
-294.0058547362607
 10
430.0
 20
-293.75586854460096
 10
430.0
 20
-293.50588235294117
 10
430.0
 20
-293.2558961612814
 10
430.0
 20
-293.00590996962165
 10
430.0
 20
-292.7559237779619
 10
430.0
 20
-292.50593758630214
 10
430.0
 20
-292.25595139464235
 10
430.0
 20
-292.0059652029826
 10
430.0
 20
-291.75597901132284
 10
430.0
 20
-291.5059928196631
 10
430.0
 20
-291.2560066280033
 10
430.0
 20
-291.0060204363436
 10
430.0
 20
-290.7560342446838
 10
430.0
 20
-290.5060480530241
 10
430.0
 20
-290.2560618613643
 10
430.0
 20
-290.0060756697045
 10
430.0
 20
-289.75608947804477
 10
430.0
 20
-289.50610328638504
 10
430.0
 20
-289.25611709472525
 10
430.0
 20
-289.00613090306547
 10
430.0
 20
-288.75614471140574
 10
430.0
 20
-288.50615851974595
 10
430.0
 20
-288.2561723280862
 10
430.0
 20
-288.00618613642644
 10
430.0
 20
-287.7561999447667
 10
430.0
 20
-287.5062137531069
 10
430.0
 20
-287.2562275614472
 10
430.0
 20
-287.0062413697874
 10
430.0
 20
-286.7562551781276
 10
430.0
 20
-286.5062689864679
 10
430.0
 20
-286.25628279480816
 10
430.0
 20
-286.00629660314837
 10
430.0
 20
-285.7563104114886
 10
430.0
 20
-285.50632421982885
 10
430.0
 20
-285.256338028169
 10
430.0
 20
-285.0063518365092
 10
430.0
 20
-284.75636564484944
 10
430.0
 20
-284.5063794531897
 10
430.0
 20
-284.25639326153
 10
430.0
 20
-284.0064070698702
 10
430.0
 20
-283.7564208782104
 10
430.0
 20
-283.5064346865507
 10
430.0
 20
-283.2564484948909
 10
430.0
 20
-283.00646230323116
 10
430.0
 20
-282.7564761115714
 10
430.0
 20
-282.50648991991164
 10
430.0
 20
-282.25650372825186
 10
430.0
 20
-282.0065175365921
 10
430.0
 20
-281.75653134493234
 10
430.0
 20
-281.50654515327255
 10
430.0
 20
-281.2565589616128
 10
430.0
 20
-281.0065727699531
 10
430.0
 20
-280.7565865782933
 10
430.0
 20
-280.5066003866335
 10
430.0
 20
-280.2566141949738
 10
430.0
 20
-280.006628003314
 10
430.0
 20
-279.7566418116543
 10
430.0
 20
-279.5066556199945
 10
430.0
 20
-279.25666942833476
 10
430.0
 20
-279.006683236675
 10
430.0
 20
-278.75669704501524
 10
430.0
 20
-278.50671085335546
 10
430.0
 20
-278.25672466169567
 10
430.0
 20
-278.00673847003594
 10
430.0
 20
-277.7567522783762
 10
430.0
 20
-277.5067660867164
 10
430.0
 20
-277.25677989505664
 10
430.0
 20
-277.0067937033969
 10
430.0
 20
-276.7568075117371
 10
430.0
 20
-276.5068213200774
 10
430.0
 20
-276.2568351284176
 10
430.0
 20
-276.0068489367579
 10
430.0
 20
-275.7568627450981
 10
430.0
 20
-275.50687655343836
 10
430.0
 20
-275.2568903617786
 10
430.0
 20
-275.0069041701188
 10
430.0
 20
-274.75691797845906
 10
430.0
 20
-274.5069317867992
 10
430.0
 20
-274.2569455951394
 10
430.0
 20
-274.0069594034797
 10
430.0
 20
-273.7569732118199
 10
430.0
 20
-273.5069870201602
 10
430.0
 20
-273.2570008285004
 10
430.0
 20
-273.0070146368406
 10
430.0
 20
-272.7570284451809
 10
430.0
 20
-272.50704225352115
 10
430.0
 20
-272.25705606186136
 10
430.0
 20
-272.0070698702016
 10
430.0
 20
-271.75708367854185
 10
430.0
 20
-271.5070974868821
 10
430.0
 20
-271.25711129522233
 10
430.0
 20
-271.00712510356254
 10
430.0
 20
-270.75713891190276
 10
430.0
 20
-270.507152720243
 10
430.0
 20
-270.2571665285833
 10
430.0
 20
-270.0071803369235
 10
430.0
 20
-269.7571941452637
 10
430.0
 20
-269.507207953604
 10
430.0
 20
-269.25722176194427
 10
430.0
 20
-269.0072355702845
 10
430.0
 20
-268.7572493786247
 10
430.0
 20
-268.50726318696496
 10
430.0
 20
-268.25727699530523
 10
430.0
 20
-268.00729080364545
 10
430.0
 20
-267.75730461198566
 10
430.0
 20
-267.5073184203259
 10
430.0
 20
-267.25733222866614
 10
430.0
 20
-267.0073460370064
 10
430.0
 20
-266.7573598453466
 10
430.0
 20
-266.50737365368684
 10
430.0
 20
-266.2573874620271
 10
430.0
 20
-266.0074012703674
 10
430.0
 20
-265.7574150787076
 10
430.0
 20
-265.5074288870478
 10
430.0
 20
-265.2574426953881
 10
430.0
 20
-265.00745650372835
 10
430.0
 20
-264.75747031206856
 10
430.0
 20
-264.5074841204088
 10
430.0
 20
-264.257497928749
 10
430.0
 20
-264.00751173708926
 10
430.0
 20
-263.75752554542953
 10
430.0
 20
-263.50753935376963
 10
430.0
 20
-263.2575531621099
 10
430.0
 20
-263.00756697045017
 10
430.0
 20
-262.7575807787904
 10
430.0
 20
-262.5075945871306
 10
430.0
 20
-262.2576083954708
 10
430.0
 20
-262.0076222038111
 10
430.0
 20
-261.75763601215135
 10
430.0
 20
-261.50764982049157
 10
430.0
 20
-261.2576636288318
 10
430.0
 20
-261.00767743717205
 10
430.0
 20
-260.7576912455123
 10
430.0
 20
-260.50770505385253
 10
430.0
 20
-260.25771886219275
 10
430.0
 20
-260.007732670533
 10
430.0
 20
-259.7577464788733
 10
430.0
 20
-259.5077602872135
 10
430.0
 20
-259.2577740955537
 10
430.0
 20
-259.0077879038939
 10
430.0
 20
-258.7578017122342
 10
430.0
 20
-258.50781552057447
 10
430.0
 20
-258.2578293289147
 10
430.0
 20
-258.0078431372549
 10
430.0
 20
-257.75785694559517
 10
430.0
 20
-257.50787075393544
 10
430.0
 20
-257.25788456227565
 10
430.0
 20
-257.00789837061586
 10
430.0
 20
-256.75791217895613
 10
430.0
 20
-256.5079259872964
 10
430.0
 20
-256.2579397956366
 10
430.0
 20
-256.00795360397683
 10
430.0
 20
-255.75796741231707
 10
430.0
 20
-255.5079812206573
 10
430.0
 20
-255.25799502899756
 10
430.0
 20
-255.0080088373378
 10
430.0
 20
-254.75802264567804
 10
430.0
 20
-254.50803645401828
 10
430.0
 20
-254.25805026235852
 10
430.0
 20
-254.00806407069877
 10
430.0
 20
-253.758077879039
 10
430.0
 20
-253.50809168737925
 10
430.0
 20
-253.2581054957195
 10
430.0
 20
-253.00811930405973
 10
430.0
 20
-252.75813311239986
 10
430.0
 20
-252.5081469207401
 10
430.0
 20
-252.25816072908034
 10
430.0
 20
-252.0081745374206
 10
430.0
 20
-251.75818834576083
 10
430.0
 20
-251.50820215410107
 10
430.0
 20
-251.2582159624413
 10
430.0
 20
-251.00822977078153
 10
430.0
 20
-250.75824357912177
 10
430.0
 20
-250.508257387462
 10
430.0
 20
-250.25827119580225
 10
430.0
 20
-250.0082850041425
 10
430.0
 20
-249.75829881248274
 10
430.0
 20
-249.50831262082298
 10
430.0
 20
-249.25832642916322
 10
430.0
 20
-249.00834023750346
 10
430.0
 20
-248.7583540458437
 10
430.0
 20
-248.50836785418394
 10
430.0
 20
-248.2583816625242
 10
430.0
 20
-248.00839547086443
 10
430.0
 20
-247.75840927920467
 10
430.0
 20
-247.50842308754488
 10
430.0
 20
-247.25843689588513
 10
430.0
 20
-247.00845070422537
 10
430.0
 20
-246.7584645125656
 10
430.0
 20
-246.50847832090585
 10
430.0
 20
-246.2584921292461
 10
430.0
 20
-246.00850593758634
 10
430.0
 20
-245.75851974592658
 10
430.0
 20
-245.50853355426682
 10
430.0
 20
-245.25854736260706
 10
430.0
 20
-245.0085611709473
 10
430.0
 20
-244.75857497928754
 10
430.0
 20
-244.5085887876278
 10
430.0
 20
-244.258602595968
 10
430.0
 20
-244.00861640430824
 10
430.0
 20
-243.75863021264848
 10
430.0
 20
-243.50864402098873
 10
430.0
 20
-243.25865782932897
 10
430.0
 20
-243.0086716376692
 10
430.0
 20
-242.75868544600945
 10
430.0
 20
-242.5086992543497
 10
430.0
 20
-242.25871306268994
 10
430.0
 20
-242.00872687103018
 10
430.0
 20
-241.7587406793703
 10
430.0
 20
-241.50875448771055
 10
430.0
 20
-241.2587682960508
 10
430.0
 20
-241.00878210439103
 10
430.0
 20
-240.75879591273127
 10
430.0
 20
-240.50880972107151
 10
430.0
 20
-240.25882352941176
 10
430.0
 20
-240.008837337752
 10
430.0
 20
-239.75885114609224
 10
430.0
 20
-239.50886495443248
 10
430.0
 20
-239.2588787627727
 10
430.0
 20
-239.00889257111294
 10
430.0
 20
-238.75890637945318
 10
430.0
 20
-238.50892018779342
 10
430.0
 20
-238.25893399613366
 10
430.0
 20
-238.0089478044739
 10
430.0
 20
-237.75896161281415
 10
430.0
 20
-237.5089754211544
 10
430.0
 20
-237.25898922949463
 10
430.0
 20
-237.00900303783487
 10
430.0
 20
-236.75901684617511
 10
430.0
 20
-236.50903065451536
 10
430.0
 20
-236.2590444628556
 10
430.0
 20
-236.0090582711958
 10
430.0
 20
-235.75907207953605
 10
430.0
 20
-235.5090858878763
 10
430.0
 20
-235.25909969621654
 10
430.0
 20
-235.00911350455678
 10
430.0
 20
-234.75912731289702
 10
430.0
 20
-234.50914112123726
 10
430.0
 20
-234.2591549295775
 10
430.0
 20
-234.00916873791775
 10
430.0
 20
-233.759182546258
 10
430.0
 20
-233.50919635459823
 10
430.0
 20
-233.25921016293847
 10
430.0
 20
-233.00922397127871
 10
430.0
 20
-232.75923777961896
 10
430.0
 20
-232.50925158795917
 10
430.0
 20
-232.2592653962994
 10
430.0
 20
-232.00927920463965
 10
430.0
 20
-231.7592930129799
 10
430.0
 20
-231.50930682132014
 10
430.0
 20
-231.25932062966038
 10
430.0
 20
-231.00933443800062
 10
430.0
 20
-230.75934824634075
 10
430.0
 20
-230.509362054681
 10
430.0
 20
-230.25937586302123
 10
430.0
 20
-230.00938967136148
 10
430.0
 20
-229.75940347970172
 10
430.0
 20
-229.50941728804196
 10
430.0
 20
-229.2594310963822
 10
430.0
 20
-229.00944490472244
 10
430.0
 20
-228.75945871306268
 10
430.0
 20
-228.50947252140293
 10
430.0
 20
-228.25948632974317
 10
430.0
 20
-228.0095001380834
 10
430.0
 20
-227.75951394642365
 10
430.0
 20
-227.50952775476387
 10
430.0
 20
-227.2595415631041
 10
430.0
 20
-227.00955537144435
 10
430.0
 20
-226.7595691797846
 10
430.0
 20
-226.50958298812483
 10
430.0
 20
-226.25959679646508
 10
430.0
 20
-226.00961060480532
 10
430.0
 20
-225.75962441314556
 10
430.0
 20
-225.5096382214858
 10
430.0
 20
-225.25965202982604
 10
430.0
 20
-225.00966583816628
 10
430.0
 20
-224.75967964650653
 10
430.0
 20
-224.50969345484677
 10
430.0
 20
-224.25970726318698
 10
430.0
 20
-224.00972107152722
 10
430.0
 20
-223.75973487986747
 10
430.0
 20
-223.5097486882077
 10
430.0
 20
-223.25976249654795
 10
430.0
 20
-223.0097763048882
 10
430.0
 20
-222.75979011322843
 10
430.0
 20
-222.50980392156868
 10
430.0
 20
-222.25981772990892
 10
430.0
 20
-222.00983153824916
 10
430.0
 20
-221.7598453465894
 10
430.0
 20
-221.50985915492964
 10
430.0
 20
-221.25987296326988
 10
430.0
 20
-221.00988677161013
 10
430.0
 20
-220.75990057995034
 10
430.0
 20
-220.50991438829058
 10
430.0
 20
-220.25992819663082
 10
430.0
 20
-220.00994200497098
 10
430.0
 20
-219.75995581331122
 10
430.0
 20
-219.50996962165146
 10
430.0
 20
-219.25998342999168
 10
430.0
 20
-219.00999723833192
 10
430.0
 20
-218.76001104667216
 10
430.0
 20
-218.5100248550124
 10
430.0
 20
-218.26003866335265
 10
430.0
 20
-218.0100524716929
 10
430.0
 20
-217.76006628003313
 10
430.0
 20
-217.51008008837337
 10
430.0
 20
-217.2600938967136
 10
430.0
 20
-217.01010770505385
 10
430.0
 20
-216.7601215133941
 10
430.0
 20
-216.51013532173434
 10
430.0
 20
-216.26014913007458
 10
430.0
 20
-216.01016293841482
 10
430.0
 20
-215.76017674675504
 10
430.0
 20
-215.51019055509528
 10
430.0
 20
-215.26020436343552
 10
430.0
 20
-215.01021817177576
 10
430.0
 20
-214.760231980116
 10
430.0
 20
-214.51024578845625
 10
430.0
 20
-214.2602595967965
 10
430.0
 20
-214.01027340513673
 10
430.0
 20
-213.76028721347697
 10
430.0
 20
-213.5103010218172
 10
430.0
 20
-213.26031483015745
 10
430.0
 20
-213.0103286384977
 10
430.0
 20
-212.76034244683794
 10
430.0
 20
-212.51035625517815
 10
430.0
 20
-212.2603700635184
 10
430.0
 20
-212.01038387185864
 10
430.0
 20
-211.76039768019888
 10
430.0
 20
-211.51041148853912
 10
430.0
 20
-211.26042529687936
 10
430.0
 20
-211.0104391052196
 10
430.0
 20
-210.76045291355985
 10
430.0
 20
-210.5104667219001
 10
430.0
 20
-210.26048053024033
 10
430.0
 20
-210.01049433858057
 10
430.0
 20
-209.7605081469208
 10
430.0
 20
-209.51052195526105
 10
430.0
 20
-209.2605357636013
 10
430.0
 20
-209.01054957194143
 10
430.0
 20
-208.76056338028167
 10
430.0
 20
-208.5105771886219
 10
430.0
 20
-208.26059099696215
 10
430.0
 20
-208.0106048053024
 10
430.0
 20
-207.76061861364263
 10
430.0
 20
-207.51063242198285
 10
430.0
 20
-207.2606462303231
 10
430.0
 20
-207.01066003866333
 10
430.0
 20
-206.76067384700357
 10
430.0
 20
-206.51068765534382
 10
430.0
 20
-206.26070146368406
 10
430.0
 20
-206.0107152720243
 10
430.0
 20
-205.76072908036454
 10
430.0
 20
-205.51074288870478
 10
430.0
 20
-205.26075669704503
 10
430.0
 20
-205.01077050538527
 10
430.0
 20
-204.7607843137255
 10
430.0
 20
-204.51079812206575
 10
430.0
 20
-204.260811930406
 10
430.0
 20
-204.0108257387462
 10
430.0
 20
-203.76083954708645
 10
430.0
 20
-203.5108533554267
 10
430.0
 20
-203.26086716376693
 10
430.0
 20
-203.01088097210717
 10
430.0
 20
-202.76089478044742
 10
430.0
 20
-202.51090858878766
 10
430.0
 20
-202.2609223971279
 10
430.0
 20
-202.01093620546814
 10
430.0
 20
-201.76095001380838
 10
430.0
 20
-201.51096382214863
 10
430.0
 20
-201.26097763048887
 10
430.0
 20
-201.0109914388291
 10
430.0
 20
-200.76100524716932
 10
430.0
 20
-200.51101905550956
 10
430.0
 20
-200.2610328638498
 10
430.0
 20
-200.01104667219005
 10
430.0
 20
-199.7610604805303
 10
430.0
 20
-199.51107428887053
 10
430.0
 20
-199.26108809721077
 10
430.0
 20
-199.01110190555102
 10
430.0
 20
-198.76111571389126
 10
430.0
 20
-198.5111295222315
 10
430.0
 20
-198.26114333057174
 10
430.0
 20
-198.01115713891187
 10
430.0
 20
-197.7611709472521
 10
430.0
 20
-197.51118475559235
 10
430.0
 20
-197.2611985639326
 10
430.0
 20
-197.01121237227284
 10
430.0
 20
-196.76122618061308
 10
430.0
 20
-196.51123998895332
 10
430.0
 20
-196.26125379729356
 10
430.0
 20
-196.0112676056338
 10
430.0
 20
-195.76128141397402
 10
430.0
 20
-195.51129522231426
 10
430.0
 20
-195.2613090306545
 10
430.0
 20
-195.01132283899474
 10
430.0
 20
-194.76133664733499
 10
430.0
 20
-194.51135045567523
 10
430.0
 20
-194.26136426401547
 10
430.0
 20
-194.0113780723557
 10
430.0
 20
-193.76139188069595
 10
430.0
 20
-193.5114056890362
 10
430.0
 20
-193.26141949737644
 10
430.0
 20
-193.01143330571668
 10
430.0
 20
-192.76144711405692
 10
430.0
 20
-192.51146092239713
 10
430.0
 20
-192.26147473073738
 10
430.0
 20
-192.01148853907762
 10
430.0
 20
-191.76150234741786
 10
430.0
 20
-191.5115161557581
 10
430.0
 20
-191.26152996409834
 10
430.0
 20
-191.01154377243859
 10
430.0
 20
-190.76155758077883
 10
430.0
 20
-190.51157138911907
 10
430.0
 20
-190.2615851974593
 10
430.0
 20
-190.01159900579955
 10
430.0
 20
-189.7616128141398
 10
430.0
 20
-189.51162662248004
 10
430.0
 20
-189.26164043082028
 10
430.0
 20
-189.0116542391605
 10
430.0
 20
-188.76166804750073
 10
430.0
 20
-188.51168185584098
 10
430.0
 20
-188.26169566418122
 10
430.0
 20
-188.01170947252146
 10
430.0
 20
-187.7617232808617
 10
430.0
 20
-187.51173708920194
 10
430.0
 20
-187.26175089754207
 10
430.0
 20
-187.0117647058823
 10
430.0
 20
-186.76177851422256
 10
430.0
 20
-186.5117923225628
 10
430.0
 20
-186.26180613090304
 10
430.0
 20
-186.01181993924328
 10
430.0
 20
-185.76183374758352
 10
430.0
 20
-185.51184755592377
 10
430.0
 20
-185.261861364264
 10
430.0
 20
-185.01187517260425
 10
430.0
 20
-184.7618889809445
 10
430.0
 20
-184.51190278928473
 10
430.0
 20
-184.26191659762497
 10
430.0
 20
-184.0119304059652
 10
430.0
 20
-183.76194421430543
 10
430.0
 20
-183.51195802264567
 10
430.0
 20
-183.2619718309859
 10
430.0
 20
-183.01198563932616
 10
430.0
 20
-182.7619994476664
 10
430.0
 20
-182.51201325600664
 10
430.0
 20
-182.26202706434688
 10
430.0
 20
-182.01204087268712
 10
430.0
 20
-181.76205468102737
 10
430.0
 20
-181.5120684893676
 10
430.0
 20
-181.26208229770785
 10
430.0
 20
-181.0120961060481
 10
430.0
 20
-180.7621099143883
 10
430.0
 20
-180.51212372272855
 10
430.0
 20
-180.2621375310688
 10
430.0
 20
-180.01215133940903
 10
430.0
 20
-179.76216514774927
 10
430.0
 20
-179.5121789560895
 10
430.0
 20
-179.26219276442976
 10
430.0
 20
-179.01220657277
 10
430.0
 20
-178.76222038111024
 10
430.0
 20
-178.51223418945048
 10
430.0
 20
-178.26224799779072
 10
430.0
 20
-178.01226180613097
 10
430.0
 20
-177.7622756144712
 10
430.0
 20
-177.51228942281145
 10
430.0
 20
-177.26230323115166
 10
430.0
 20
-177.0123170394919
 10
430.0
 20
-176.76233084783215
 10
430.0
 20
-176.5123446561724
 10
430.0
 20
-176.26235846451254
 10
430.0
 20
-176.0123722728528
 10
430.0
 20
-175.762386081193
 10
430.0
 20
-175.51239988953324
 10
430.0
 20
-175.26241369787348
 10
430.0
 20
-175.01242750621373
 10
430.0
 20
-174.76244131455397
 10
430.0
 20
-174.5124551228942
 10
430.0
 20
-174.26246893123445
 10
430.0
 20
-174.0124827395747
 10
430.0
 20
-173.76249654791494
 10
430.1874896437448
 20
-173.70000000000002
 10
430.4374758354046
 20
-173.70000000000002
 10
430.6874620270643
 20
-173.70000000000002
 10
430.93744821872406
 20
-173.70000000000002
 10
431.18743441038384
 20
-173.70000000000002
 10
431.43742060204363
 20
-173.70000000000002
 10
431.6874067937034
 20
-173.70000000000002
 10
431.93739298536315
 20
-173.70000000000002
 10
432.1873791770229
 20
-173.70000000000002
 10
432.43736536868266
 20
-173.70000000000002
 10
432.68735156034245
 20
-173.70000000000002
 10
432.9373377520022
 20
-173.70000000000002
 10
433.1873239436619
 20
-173.70000000000002
 10
433.4373101353217
 20
-173.70000000000002
 10
433.6872963269815
 20
-173.70000000000002
 10
433.9372825186412
 20
-173.70000000000002
 10
434.18726871030094
 20
-173.70000000000002
 10
434.4372549019607
 20
-173.70000000000002
 10
434.6872410936205
 20
-173.70000000000002
 10
434.9372272852803
 20
-173.70000000000002
 10
435.18721347694003
 20
-173.70000000000002
 10
435.43719966859976
 20
-173.70000000000002
 10
435.68718586025955
 20
-173.70000000000002
 10
435.93717205191933
 20
-173.70000000000002
 10
436.18715824357906
 20
-173.70000000000002
 10
436.4371444352388
 20
-173.70000000000002
 10
436.6871306268986
 20
-173.70000000000002
 10
436.93711681855837
 20
-173.70000000000002
 10
437.1871030102181
 20
-173.70000000000002
 10
437.4370892018778
 20
-173.70000000000002
 10
437.6870753935376
 20
-173.70000000000002
 10
437.9370615851974
 20
-173.70000000000002
 10
438.18704777685724
 20
-173.70000000000002
 10
438.43703396851697
 20
-173.70000000000002
 10
438.68702016017676
 20
-173.70000000000002
 10
438.93700635183654
 20
-173.70000000000002
 10
439.1869925434963
 20
-173.70000000000002
 10
439.436978735156
 20
-173.70000000000002
 10
439.6869649268158
 20
-173.70000000000002
 10
439.9369511184756
 20
-173.70000000000002
 10
440.18693731013536
 20
-173.70000000000002
 10
440.4369235017951
 20
-173.70000000000002
 10
440.6869096934548
 20
-173.70000000000002
 10
440.9368958851146
 20
-173.70000000000002
 10
441.1868820767744
 20
-173.70000000000002
 10
441.4368682684341
 20
-173.70000000000002
 10
441.68685446009385
 20
-173.70000000000002
 10
441.93684065175364
 20
-173.70000000000002
 10
442.1868268434134
 20
-173.70000000000002
 10
442.43681303507316
 20
-173.70000000000002
 10
442.6867992267329
 20
-173.70000000000002
 10
442.9367854183927
 20
-173.70000000000002
 10
443.18677161005246
 20
-173.70000000000002
 10
443.43675780171225
 20
-173.70000000000002
 10
443.686743993372
 20
-173.70000000000002
 10
443.9367301850317
 20
-173.70000000000002
 10
444.1867163766915
 20
-173.70000000000002
 10
444.4367025683513
 20
-173.70000000000002
 10
444.686688760011
 20
-173.70000000000002
 10
444.93667495167074
 20
-173.70000000000002
 10
445.1866611433305
 20
-173.70000000000002
 10
445.4366473349903
 20
-173.70000000000002
 10
445.68663352665004
 20
-173.70000000000002
 10
445.93661971830977
 20
-173.70000000000002
 10
446.18660590996956
 20
-173.70000000000002
 10
446.43659210162934
 20
-173.70000000000002
 10
446.68657829328913
 20
-173.70000000000002
 10
446.93656448494886
 20
-173.70000000000002
 10
447.1865506766086
 20
-173.70000000000002
 10
447.4365368682684
 20
-173.70000000000002
 10
447.68652305992816
 20
-173.70000000000002
 10
447.9365092515879
 20
-173.70000000000002
 10
448.1864954432476
 20
-173.70000000000002
 10
448.4364816349074
 20
-173.70000000000002
 10
448.6864678265672
 20
-173.70000000000002
 10
448.9364540182269
 20
-173.70000000000002
 10
449.18644020988677
 20
-173.70000000000002
 10
449.43642640154656
 20
-173.70000000000002
 10
449.68641259320634
 20
-173.70000000000002
 10
449.93639878486607
 20
-173.70000000000002
 10
450.1863849765258
 20
-173.70000000000002
 10
450.4363711681856
 20
-173.70000000000002
 10
450.6863573598454
 20
-173.70000000000002
 10
450.9363435515051
 20
-173.70000000000002
 10
451.18632974316483
 20
-173.70000000000002
 10
451.4363159348246
 20
-173.70000000000002
 10
451.6863021264844
 20
-173.70000000000002
 10
451.9362883181442
 20
-173.70000000000002
 10
452.1862745098039
 20
-173.70000000000002
 10
452.43626070146365
 20
-173.70000000000002
 10
452.68624689312344
 20
-173.70000000000002
 10
452.9362330847832
 20
-173.70000000000002
 10
453.18621927644296
 20
-173.70000000000002
 10
453.4362054681027
 20
-173.70000000000002
 10
453.68619165976247
 20
-173.70000000000002
 10
453.93617785142226
 20
-173.70000000000002
 10
454.186164043082
 20
-173.70000000000002
 10
454.4361502347417
 20
-173.70000000000002
 10
454.6861364264015
 20
-173.70000000000002
 10
454.9361226180613
 20
-173.70000000000002
 10
455.1861088097211
 20
-173.70000000000002
 10
455.4360950013808
 20
-173.70000000000002
 10
455.68608119304054
 20
-173.70000000000002
 10
455.9360673847003
 20
-173.70000000000002
 10
456.1860535763601
 20
-173.70000000000002
 10
456.43603976801984
 20
-173.70000000000002
 10
456.68602595967957
 20
-173.70000000000002
 10
456.93601215133936
 20
-173.70000000000002
 10
457.18599834299914
 20
-173.70000000000002
 10
457.43598453465887
 20
-173.70000000000002
 10
457.6859707263186
 20
-173.70000000000002
 10
457.9359569179784
 20
-173.70000000000002
 10
458.1859431096382
 20
-173.70000000000002
 10
458.43592930129796
 20
-173.70000000000002
 10
458.6859154929577
 20
-173.70000000000002
 10
458.9359016846174
 20
-173.70000000000002
 10
459.1858878762772
 20
-173.70000000000002
 10
459.435874067937
 20
-173.70000000000002
 10
459.6858602595967
 20
-173.70000000000002
 10
459.93584645125645
 20
-173.70000000000002
 10
460.18583264291635
 20
-173.70000000000002
 10
460.43581883457614
 20
-173.70000000000002
 10
460.6858050262358
 20
-173.70000000000002
 10
460.9357912178956
 20
-173.70000000000002
 10
461.1857774095554
 20
-173.70000000000002
 10
461.43576360121517
 20
-173.70000000000002
 10
461.68574979287496
 20
-173.70000000000002
 10
461.93573598453463
 20
-173.70000000000002
 10
462.1857221761944
 20
-173.70000000000002
 10
462.4357083678542
 20
-173.70000000000002
 10
462.685694559514
 20
-173.70000000000002
 10
462.93568075117366
 20
-173.70000000000002
 10
463.18566694283345
 20
-173.70000000000002
 10
463.43565313449324
 20
-173.70000000000002
 10
463.685639326153
 20
-173.70000000000002
 10
463.9356255178127
 20
-173.70000000000002
 10
464.1856117094725
 20
-173.70000000000002
 10
464.43559790113227
 20
-173.70000000000002
 10
464.68558409279206
 20
-173.70000000000002
 10
464.93557028445184
 20
-173.70000000000002
 10
465.1855564761115
 20
-173.70000000000002
 10
465.4355426677713
 20
-173.70000000000002
 10
465.6855288594311
 20
-173.70000000000002
 10
465.9355150510909
 20
-173.70000000000002
 10
466.18550124275055
 20
-173.70000000000002
 10
466.43548743441033
 20
-173.70000000000002
 10
466.6854736260701
 20
-173.70000000000002
 10
466.9354598177299
 20
-173.70000000000002
 10
467.1854460093896
 20
-173.70000000000002
 10
467.43543220104937
 20
-173.70000000000002
 10
467.68541839270915
 20
-173.70000000000002
 10
467.93540458436894
 20
-173.70000000000002
 10
468.1853907760287
 20
-173.70000000000002
 10
468.4353769676884
 20
-173.70000000000002
 10
468.6853631593482
 20
-173.70000000000002
 10
468.93534935100797
 20
-173.70000000000002
 10
469.18533554266776
 20
-173.70000000000002
 10
469.43532173432743
 20
-173.70000000000002
 10
469.6853079259872
 20
-173.70000000000002
 10
469.935294117647
 20
-173.70000000000002
 10
470.1852803093068
 20
-173.70000000000002
 10
470.43526650096646
 20
-173.70000000000002
 10
470.68525269262625
 20
-173.70000000000002
 10
470.93523888428615
 20
-173.70000000000002
 10
471.18522507594594
 20
-173.70000000000002
 10
471.4352112676056
 20
-173.70000000000002
 10
471.6851974592654
 20
-173.70000000000002
 10
471.9351836509252
 20
-173.70000000000002
 10
472.18516984258497
 20
-173.70000000000002
 10
472.43515603424464
 20
-173.70000000000002
 10
472.6851422259044
 20
-173.70000000000002
 10
472.9351284175642
 20
-173.70000000000002
 10
473.185114609224
 20
-173.70000000000002
 10
473.4351008008838
 20
-173.70000000000002
 10
473.68508699254346
 20
-173.70000000000002
 10
473.93507318420325
 20
-173.70000000000002
 10
474.18505937586303
 20
-173.70000000000002
 10
474.4350455675228
 20
-173.70000000000002
 10
474.6850317591825
 20
-173.70000000000002
 10
474.9350179508423
 20
-173.70000000000002
 10
475.18500414250207
 20
-173.70000000000002
 10
475.43499033416185
 20
-173.70000000000002
 10
475.6849765258215
 20
-173.70000000000002
 10
475.9349627174813
 20
-173.70000000000002
 10
476.1849489091411
 20
-173.70000000000002
 10
476.4349351008009
 20
-173.70000000000002
 10
476.6849212924607
 20
-173.70000000000002
 10
476.93490748412034
 20
-173.70000000000002
 10
477.18489367578013
 20
-173.70000000000002
 10
477.4348798674399
 20
-173.70000000000002
 10
477.6848660590997
 20
-173.70000000000002
 10
477.9348522507594
 20
-173.70000000000002
 10
478.18483844241916
 20
-173.70000000000002
 10
478.43482463407895
 20
-173.70000000000002
 10
478.68481082573874
 20
-173.70000000000002
 10
478.9347970173984
 20
-173.70000000000002
 10
479.1847832090582
 20
-173.70000000000002
 10
479.434769400718
 20
-173.70000000000002
 10
479.68475559237777
 20
-173.70000000000002
 10
479.93474178403756
 20
-173.70000000000002
 10
480.18472797569723
 20
-173.70000000000002
 10
480.434714167357
 20
-173.70000000000002
 10
480.6847003590168
 20
-173.70000000000002
 10
480.9346865506766
 20
-173.70000000000002
 10
481.18467274233626
 20
-173.70000000000002
 10
481.43465893399605
 20
-173.70000000000002
 10
481.68464512565583
 20
-173.70000000000002
 10
481.93463131731573
 20
-173.70000000000002
 10
482.1846175089754
 20
-173.70000000000002
 10
482.4346037006352
 20
-173.70000000000002
 10
482.684589892295
 20
-173.70000000000002
 10
482.93457608395477
 20
-173.70000000000002
 10
483.18456227561444
 20
-173.70000000000002
 10
483.4345484672742
 20
-173.70000000000002
 10
483.684534658934
 20
-173.70000000000002
 10
483.9345208505938
 20
-173.70000000000002
 10
484.1845070422535
 20
-173.70000000000002
 10
484.43449323391326
 20
-173.70000000000002
 10
484.68447942557304
 20
-173.70000000000002
 10
484.93446561723283
 20
-173.70000000000002
 10
485.1844518088926
 20
-173.70000000000002
 10
485.4344380005523
 20
-173.70000000000002
 10
485.6844241922121
 20
-173.70000000000002
 10
485.93441038387186
 20
-173.70000000000002
 10
486.18439657553165
 20
-173.70000000000002
 10
486.4343827671913
 20
-173.70000000000002
 10
486.6843689588511
 20
-173.70000000000002
 10
486.9343551505109
 20
-173.70000000000002
 10
487.1843413421707
 20
-173.70000000000002
 10
487.43432753383036
 20
-173.70000000000002
 10
487.68431372549014
 20
-173.70000000000002
 10
487.93429991714993
 20
-173.70000000000002
 10
488.1842861088097
 20
-173.70000000000002
 10
488.4342723004695
 20
-173.70000000000002
 10
488.68425849212923
 20
-173.70000000000002
 10
488.93424468378896
 20
-173.70000000000002
 10
489.1842308754487
 20
-173.70000000000002
 10
489.4342170671085
 20
-173.70000000000002
 10
489.6842032587682
 20
-173.70000000000002
 10
489.934189450428
 20
-173.70000000000002
 10
490.1841756420878
 20
-173.70000000000002
 10
490.43416183374757
 20
-173.70000000000002
 10
490.68414802540724
 20
-173.70000000000002
 10
490.934134217067
 20
-173.70000000000002
 10
491.1841204087268
 20
-173.70000000000002
 10
491.4341066003866
 20
-173.70000000000002
 10
491.6840927920464
 20
-173.70000000000002
 10
491.93407898370606
 20
-173.70000000000002
 10
492.18406517536584
 20
-173.70000000000002
 10
492.4340513670256
 20
-173.70000000000002
 10
492.68403755868536
 20
-173.70000000000002
 10
492.9340237503452
 20
-173.70000000000002
 10
493.184009942005
 20
-173.70000000000002
 10
493.4339961336648
 20
-173.70000000000002
 10
493.68398232532456
 20
-173.70000000000002
 10
493.93396851698424
 20
-173.70000000000002
 10
494.183954708644
 20
-173.70000000000002
 10
494.4339409003038
 20
-173.70000000000002
 10
494.6839270919636
 20
-173.70000000000002
 10
494.93391328362327
 20
-173.70000000000002
 10
495.18389947528306
 20
-173.70000000000002
 10
495.43388566694284
 20
-173.70000000000002
 10
495.68387185860263
 20
-173.70000000000002
 10
495.9338580502623
 20
-173.70000000000002
 10
496.1838442419221
 20
-173.70000000000002
 10
496.4338304335819
 20
-173.70000000000002
 10
496.68381662524166
 20
-173.70000000000002
 10
496.93380281690145
 20
-173.70000000000002
 10
497.1837890085611
 20
-173.70000000000002
 10
497.4337752002209
 20
-173.70000000000002
 10
497.6837613918807
 20
-173.70000000000002
 10
497.9337475835405
 20
-173.70000000000002
 10
498.18373377520015
 20
-173.70000000000002
 10
498.43371996685994
 20
-173.70000000000002
 10
498.6837061585197
 20
-173.70000000000002
 10
498.9336923501795
 20
-173.70000000000002
 10
499.1836785418392
 20
-173.70000000000002
 10
499.433664733499
 20
-173.70000000000002
 10
499.68365092515876
 20
-173.70000000000002
 10
499.93363711681855
 20
-173.70000000000002
 10
500.18362330847833
 20
-173.70000000000002
 10
500.433609500138
 20
-173.70000000000002
 10
500.6835956917978
 20
-173.70000000000002
 10
500.9335818834576
 20
-173.70000000000002
 10
501.18356807511736
 20
-173.70000000000002
 10
501.43355426677704
 20
-173.70000000000002
 10
501.6835404584368
 20
-173.70000000000002
 10
501.9335266500966
 20
-173.70000000000002
 10
502.1835128417564
 20
-173.70000000000002
 10
502.43349903341607
 20
-173.70000000000002
 10
502.68348522507586
 20
-173.70000000000002
 10
502.93347141673564
 20
-173.70000000000002
 10
503.18345760839543
 20
-173.70000000000002
 10
503.4334438000552
 20
-173.70000000000002
 10
503.683429991715
 20
-173.70000000000002
 10
503.9334161833748
 20
-173.70000000000002
 10
504.1834023750346
 20
-173.70000000000002
 10
504.43338856669425
 20
-173.70000000000002
 10
504.68337475835403
 20
-173.70000000000002
 10
504.9333609500138
 20
-173.70000000000002
 10
505.1833471416736
 20
-173.70000000000002
 10
505.4333333333334
 20
-173.70000000000002
 10
505.68331952499307
 20
-173.70000000000002
 10
505.93330571665285
 20
-173.70000000000002
 10
506.18329190831264
 20
-173.70000000000002
 10
506.4332780999724
 20
-173.70000000000002
 10
506.6832642916321
 20
-173.70000000000002
 10
506.9332504832919
 20
-173.70000000000002
 10
507.1832366749517
 20
-173.70000000000002
 10
507.43322286661146
 20
-173.70000000000002
 10
507.68320905827113
 20
-173.70000000000002
 10
507.9331952499309
 20
-173.70000000000002
 10
508.1831814415907
 20
-173.70000000000002
 10
508.4331676332505
 20
-173.70000000000002
 10
508.6831538249103
 20
-173.70000000000002
 10
508.93314001656995
 20
-173.70000000000002
 10
509.18312620822974
 20
-173.70000000000002
 10
509.4331123998895
 20
-173.70000000000002
 10
509.6830985915493
 20
-173.70000000000002
 10
509.933084783209
 20
-173.70000000000002
 10
510.18307097486877
 20
-173.70000000000002
 10
510.43305716652856
 20
-173.70000000000002
 10
510.68304335818834
 20
-173.70000000000002
 10
510.933029549848
 20
-173.70000000000002
 10
511.1830157415078
 20
-173.70000000000002
 10
511.4330019331676
 20
-173.70000000000002
 10
511.6829881248274
 20
-173.70000000000002
 10
511.93297431648716
 20
-173.70000000000002
 10
512.1829605081468
 20
-173.70000000000002
 10
512.4329466998066
 20
-173.70000000000002
 10
512.6829328914664
 20
-173.70000000000002
 10
512.9329190831262
 20
-173.70000000000002
 10
513.1829052747859
 20
-173.70000000000002
 10
513.4328914664457
 20
-173.70000000000002
 10
513.6828776581054
 20
-173.70000000000002
 10
513.9328638497652
 20
-173.70000000000002
 10
514.1828500414249
 20
-173.70000000000002
 10
514.4328362330847
 20
-173.70000000000002
 10
514.6828224247446
 20
-173.70000000000002
 10
514.9328086164044
 20
-173.70000000000002
 10
515.182794808064
 20
-173.70000000000002
 10
515.4327809997238
 20
-173.70000000000002
 10
515.6827671913836
 20
-173.70000000000002
 10
515.9327533830434
 20
-173.70000000000002
 10
516.1827395747031
 20
-173.70000000000002
 10
516.4327257663629
 20
-173.70000000000002
 10
516.6827119580227
 20
-173.70000000000002
 10
516.9326981496824
 20
-173.70000000000002
 10
517.1826843413422
 20
-173.70000000000002
 10
517.4326705330019
 20
-173.70000000000002
 10
517.6826567246617
 20
-173.70000000000002
 10
517.9326429163215
 20
-173.70000000000002
 10
518.1826291079813
 20
-173.70000000000002
 10
518.4326152996409
 20
-173.70000000000002
 10
518.6826014913007
 20
-173.70000000000002
 10
518.9325876829605
 20
-173.70000000000002
 10
519.1825738746203
 20
-173.70000000000002
 10
519.43256006628
 20
-173.70000000000002
 10
519.6825462579397
 20
-173.70000000000002
 10
519.9325324495995
 20
-173.70000000000002
 10
520.1825186412593
 20
-173.70000000000002
 10
520.4325048329191
 20
-173.70000000000002
 10
520.6824910245788
 20
-173.70000000000002
 10
520.9324772162386
 20
-173.70000000000002
 10
521.1824634078984
 20
-173.70000000000002
 10
521.4324495995581
 20
-173.70000000000002
 10
521.6824357912178
 20
-173.70000000000002
 10
521.9324219828776
 20
-173.70000000000002
 10
522.1824081745374
 20
-173.70000000000002
 10
522.4323943661972
 20
-173.70000000000002
 10
522.6823805578568
 20
-173.70000000000002
 10
522.9323667495166
 20
-173.70000000000002
 10
523.1823529411764
 20
-173.70000000000002
 10
523.4323391328362
 20
-173.70000000000002
 10
523.682325324496
 20
-173.70000000000002
 10
523.9323115161557
 20
-173.70000000000002
 10
524.1822977078155
 20
-173.70000000000002
 10
524.4322838994752
 20
-173.70000000000002
 10
524.682270091135
 20
-173.70000000000002
 10
524.9322562827947
 20
-173.70000000000002
 10
525.1822424744545
 20
-173.70000000000002
 10
525.4322286661144
 20
-173.70000000000002
 10
525.6822148577742
 20
-173.70000000000002
 10
525.9322010494338
 20
-173.70000000000002
 10
526.1821872410936
 20
-173.70000000000002
 10
526.4321734327534
 20
-173.70000000000002
 10
526.6821596244132
 20
-173.70000000000002
 10
526.9321458160729
 20
-173.70000000000002
 10
527.1821320077327
 20
-173.70000000000002
 10
527.4321181993924
 20
-173.70000000000002
 10
527.6821043910522
 20
-173.70000000000002
 10
527.9320905827119
 20
-173.70000000000002
 10
528.1820767743717
 20
-173.70000000000002
 10
528.4320629660315
 20
-173.70000000000002
 10
528.6820491576913
 20
-173.70000000000002
 10
528.932035349351
 20
-173.70000000000002
 10
529.1820215410107
 20
-173.70000000000002
 10
529.4320077326705
 20
-173.70000000000002
 10
529.6819939243303
 20
-173.70000000000002
 10
529.9319801159901
 20
-173.70000000000002
 10
530.1819663076498
 20
-173.70000000000002
 10
530.4319524993095
 20
-173.70000000000002
 10
530.6819386909693
 20
-173.70000000000002
 10
530.9319248826291
 20
-173.70000000000002
 10
531.1819110742888
 20
-173.70000000000002
 10
531.4318972659486
 20
-173.70000000000002
 10
531.6818834576084
 20
-173.70000000000002
 10
531.9318696492682
 20
-173.70000000000002
 10
532.1818558409279
 20
-173.70000000000002
 10
532.4318420325876
 20
-173.70000000000002
 10
532.6818282242474
 20
-173.70000000000002
 10
532.9318144159072
 20
-173.70000000000002
 10
533.181800607567
 20
-173.70000000000002
 10
533.4317867992266
 20
-173.70000000000002
 10
533.6817729908864
 20
-173.70000000000002
 10
533.9317591825462
 20
-173.70000000000002
 10
534.181745374206
 20
-173.70000000000002
 10
534.4317315658657
 20
-173.70000000000002
 10
534.6817177575255
 20
-173.70000000000002
 10
534.9317039491852
 20
-173.70000000000002
 10
535.181690140845
 20
-173.70000000000002
 10
535.4316763325048
 20
-173.70000000000002
 10
535.6816625241645
 20
-173.70000000000002
 10
535.9316487158243
 20
-173.70000000000002
 10
536.1816349074841
 20
-173.70000000000002
 10
536.4316210991439
 20
-173.70000000000002
 10
536.6816072908036
 20
-173.70000000000002
 10
536.9315934824634
 20
-173.70000000000002
 10
537.1815796741232
 20
-173.70000000000002
 10
537.431565865783
 20
-173.70000000000002
 10
537.6815520574427
 20
-173.70000000000002
 10
537.9315382491025
 20
-173.70000000000002
 10
538.1815244407622
 20
-173.70000000000002
 10
538.431510632422
 20
-173.70000000000002
 10
538.6814968240817
 20
-173.70000000000002
 10
538.9314830157415
 20
-173.70000000000002
 10
539.1814692074013
 20
-173.70000000000002
 10
539.4314553990611
 20
-173.70000000000002
 10
539.6814415907207
 20
-173.70000000000002
 10
539.9314277823805
 20
-173.70000000000002
 10
540.1814139740403
 20
-173.70000000000002
 10
540.4314001657001
 20
-173.70000000000002
 10
540.6813863573599
 20
-173.70000000000002
 10
540.9313725490196
 20
-173.70000000000002
 10
541.1813587406793
 20
-173.70000000000002
 10
541.4313449323391
 20
-173.70000000000002
 10
541.6813311239989
 20
-173.70000000000002
 10
541.9313173156586
 20
-173.70000000000002
 10
542.1813035073184
 20
-173.70000000000002
 10
542.4312896989782
 20
-173.70000000000002
 10
542.681275890638
 20
-173.70000000000002
 10
542.9312620822976
 20
-173.70000000000002
 10
543.1812482739574
 20
-173.70000000000002
 10
543.4312344656172
 20
-173.70000000000002
 10
543.681220657277
 20
-173.70000000000002
 10
543.9312068489368
 20
-173.70000000000002
 10
544.1811930405964
 20
-173.70000000000002
 10
544.4311792322562
 20
-173.70000000000002
 10
544.681165423916
 20
-173.70000000000002
 10
544.9311516155758
 20
-173.70000000000002
 10
545.1811378072355
 20
-173.70000000000002
 10
545.4311239988953
 20
-173.70000000000002
 10
545.681110190555
 20
-173.70000000000002
 10
545.9310963822148
 20
-173.70000000000002
 10
546.1810825738745
 20
-173.70000000000002
 10
546.4310687655343
 20
-173.70000000000002
 10
546.6810549571941
 20
-173.70000000000002
 10
546.9310411488539
 20
-173.70000000000002
 10
547.1810273405137
 20
-173.70000000000002
 10
547.4310135321734
 20
-173.70000000000002
 10
547.6809997238332
 20
-173.70000000000002
 10
547.930985915493
 20
-173.70000000000002
 10
548.1809721071527
 20
-173.70000000000002
 10
548.4309582988125
 20
-173.70000000000002
 10
548.6809444904723
 20
-173.70000000000002
 10
548.930930682132
 20
-173.70000000000002
 10
549.1809168737918
 20
-173.70000000000002
 10
549.4309030654515
 20
-173.70000000000002
 10
549.6808892571113
 20
-173.70000000000002
 10
549.9308754487711
 20
-173.70000000000002
 10
550.1808616404309
 20
-173.70000000000002
 10
550.4308478320905
 20
-173.70000000000002
 10
550.6808340237503
 20
-173.70000000000002
 10
550.9308202154101
 20
-173.70000000000002
 10
551.1808064070699
 20
-173.70000000000002
 10
551.4307925987296
 20
-173.70000000000002
 10
551.6807787903894
 20
-173.70000000000002
 10
551.9307649820491
 20
-173.70000000000002
 10
552.1807511737089
 20
-173.70000000000002
 10
552.4307373653687
 20
-173.70000000000002
 10
552.6807235570284
 20
-173.70000000000002
 10
552.9307097486882
 20
-173.70000000000002
 10
553.180695940348
 20
-173.70000000000002
 10
553.4306821320077
 20
-173.70000000000002
 10
553.6806683236674
 20
-173.70000000000002
 10
553.9306545153272
 20
-173.70000000000002
 10
554.180640706987
 20
-173.70000000000002
 10
554.4306268986468
 20
-173.70000000000002
 10
554.6806130903065
 20
-173.70000000000002
 10
554.9305992819662
 20
-173.70000000000002
 10
555.180585473626
 20
-173.70000000000002
 10
555.4305716652858
 20
-173.70000000000002
 10
555.6805578569456
 20
-173.70000000000002
 10
555.9305440486053
 20
-173.70000000000002
 10
556.180530240265
 20
-173.70000000000002
 10
556.4305164319248
 20
-173.70000000000002
 10
556.6805026235846
 20
-173.70000000000002
 10
556.9304888152443
 20
-173.70000000000002
 10
557.1804750069041
 20
-173.70000000000002
 10
557.4304611985639
 20
-173.70000000000002
 10
557.6804473902237
 20
-173.70000000000002
 10
557.9304335818833
 20
-173.70000000000002
 10
558.1804197735432
 20
-173.70000000000002
 10
558.430405965203
 20
-173.70000000000002
 10
558.6803921568628
 20
-173.70000000000002
 10
558.9303783485225
 20
-173.70000000000002
 10
559.1803645401823
 20
-173.70000000000002
 10
559.430350731842
 20
-173.70000000000002
 10
559.6803369235018
 20
-173.70000000000002
 10
559.9303231151615
 20
-173.70000000000002
 10
560.1803093068213
 20
-173.70000000000002
 10
560.4302954984811
 20
-173.70000000000002
 10
560.6802816901409
 20
-173.70000000000002
 10
560.9302678818007
 20
-173.70000000000002
 10
561.1802540734603
 20
-173.70000000000002
 10
561.4302402651201
 20
-173.70000000000002
 10
561.6802264567799
 20
-173.70000000000002
 10
561.9302126484397
 20
-173.70000000000002
 10
562.1801988400994
 20
-173.70000000000002
 10
562.4301850317592
 20
-173.70000000000002
 10
562.6801712234189
 20
-173.70000000000002
 10
562.9301574150787
 20
-173.70000000000002
 10
563.1801436067384
 20
-173.70000000000002
 10
563.4301297983982
 20
-173.70000000000002
 10
563.680115990058
 20
-173.70000000000002
 10
563.9301021817178
 20
-173.70000000000002
 10
564.1800883733775
 20
-173.70000000000002
 10
564.4300745650372
 20
-173.70000000000002
 10
564.680060756697
 20
-173.70000000000002
 10
564.9300469483568
 20
-173.70000000000002
 10
565.1800331400166
 20
-173.70000000000002
 10
565.4300193316762
 20
-173.70000000000002
 10
565.680005523336
 20
-173.70000000000002
 10
565.9299917149958
 20
-173.70000000000002
 10
566.1799779066556
 20
-173.70000000000002
 10
566.4299640983153
 20
-173.70000000000002
 10
566.6799502899751
 20
-173.70000000000002
 10
566.9299364816349
 20
-173.70000000000002
 10
567.1799226732946
 20
-173.70000000000002
 10
567.4299088649544
 20
-173.70000000000002
 10
567.6798950566141
 20
-173.70000000000002
 10
567.9298812482739
 20
-173.70000000000002
 10
568.1798674399337
 20
-173.70000000000002
 10
568.4298536315935
 20
-173.70000000000002
 10
568.6798398232531
 20
-173.70000000000002
 10
568.9298260149129
 20
-173.70000000000002
 10
569.1798122065728
 20
-173.70000000000002
 10
569.4297983982326
 20
-173.70000000000002
 10
569.6797845898923
 20
-173.70000000000002
 10
569.9297707815521
 20
-173.70000000000002
 10
570.1797569732119
 20
-173.70000000000002
 10
570.4297431648716
 20
-173.70000000000002
 10
570.6797293565313
 20
-173.70000000000002
 10
570.9297155481911
 20
-173.70000000000002
 10
571.1797017398509
 20
-173.70000000000002
 10
571.4296879315107
 20
-173.70000000000002
 10
571.6796741231703
 20
-173.70000000000002
 10
571.9296603148301
 20
-173.70000000000002
 10
572.1796465064899
 20
-173.70000000000002
 10
572.4296326981497
 20
-173.70000000000002
 10
572.6796188898095
 20
-173.70000000000002
 10
572.9296050814692
 20
-173.70000000000002
 10
573.179591273129
 20
-173.70000000000002
 10
573.4295774647887
 20
-173.70000000000002
 10
573.6795636564485
 20
-173.70000000000002
 10
573.9295498481082
 20
-173.70000000000002
 10
574.179536039768
 20
-173.70000000000002
 10
574.4295222314278
 20
-173.70000000000002
 10
574.6795084230876
 20
-173.70000000000002
 10
574.9294946147472
 20
-173.70000000000002
 10
575.179480806407
 20
-173.70000000000002
 10
575.4294669980668
 20
-173.70000000000002
 10
575.6794531897266
 20
-173.70000000000002
 10
575.9294393813864
 20
-173.70000000000002
 10
576.179425573046
 20
-173.70000000000002
 10
576.4294117647058
 20
-173.70000000000002
 10
576.6793979563656
 20
-173.70000000000002
 10
576.9293841480254
 20
-173.70000000000002
 10
577.1793703396851
 20
-173.70000000000002
 10
577.4293565313449
 20
-173.70000000000002
 10
577.6793427230047
 20
-173.70000000000002
 10
577.9293289146644
 20
-173.70000000000002
 10
578.1793151063241
 20
-173.70000000000002
 10
578.4293012979839
 20
-173.70000000000002
 10
578.6792874896437
 20
-173.70000000000002
 10
578.9292736813035
 20
-173.70000000000002
 10
579.1792598729633
 20
-173.70000000000002
 10
579.4292460646229
 20
-173.70000000000002
 10
579.6792322562827
 20
-173.70000000000002
 10
579.9292184479425
 20
-173.70000000000002
 10
580.1792046396024
 20
-173.70000000000002
 10
580.4291908312621
 20
-173.70000000000002
 10
580.6791770229219
 20
-173.70000000000002
 10
580.9291632145816
 20
-173.70000000000002
 10
581.1791494062414
 20
-173.70000000000002
 10
581.4291355979011
 20
-173.70000000000002
 10
581.6791217895609
 20
-173.70000000000002
 10
581.9291079812207
 20
-173.70000000000002
 10
582.1790941728805
 20
-173.70000000000002
 10
582.4290803645401
 20
-173.70000000000002
 10
582.6790665561999
 20
-173.70000000000002
 10
582.9290527478597
 20
-173.70000000000002
 10
583.1790389395195
 20
-173.70000000000002
 10
583.4290251311792
 20
-173.70000000000002
 10
583.679011322839
 20
-173.70000000000002
 10
583.9289975144987
 20
-173.70000000000002
 10
584.1789837061585
 20
-173.70000000000002
 10
584.4289698978183
 20
-173.70000000000002
 10
584.678956089478
 20
-173.70000000000002
 10
584.9289422811378
 20
-173.70000000000002
 10
585.1789284727976
 20
-173.70000000000002
 10
585.4289146644574
 20
-173.70000000000002
 10
585.678900856117
 20
-173.70000000000002
 10
585.9288870477768
 20
-173.70000000000002
 10
586.1788732394366
 20
-173.70000000000002
 10
586.4288594310964
 20
-173.70000000000002
 10
586.6788456227561
 20
-173.70000000000002
 10
586.9288318144158
 20
-173.70000000000002
 10
587.1788180060756
 20
-173.70000000000002
 10
587.4288041977354
 20
-173.70000000000002
 10
587.6787903893952
 20
-173.70000000000002
 10
587.9287765810549
 20
-173.70000000000002
 10
588.1787627727147
 20
-173.70000000000002
 10
588.4287489643744
 20
-173.70000000000002
 10
588.6787351560342
 20
-173.70000000000002
 10
588.9287213476939
 20
-173.70000000000002
 10
589.1787075393537
 20
-173.70000000000002
 10
589.4286937310135
 20
-173.70000000000002
 10
589.6786799226733
 20
-173.70000000000002
 10
589.9286661143329
 20
-173.70000000000002
 10
590.1786523059927
 20
-173.70000000000002
 10
590.4286384976525
 20
-173.70000000000002
 10
590.6786246893123
 20
-173.70000000000002
 10
590.9286108809721
 20
-173.70000000000002
 10
591.1785970726319
 20
-173.70000000000002
 10
591.4285832642917
 20
-173.70000000000002
 10
591.6785694559514
 20
-173.70000000000002
 10
591.9285556476112
 20
-173.70000000000002
 10
592.1785418392709
 20
-173.70000000000002
 10
592.4285280309307
 20
-173.70000000000002
 10
592.6785142225905
 20
-173.70000000000002
 10
592.9285004142503
 20
-173.70000000000002
 10
593.1784866059099
 20
-173.70000000000002
 10
593.4284727975697
 20
-173.70000000000002
 10
593.6784589892295
 20
-173.70000000000002
 10
593.9284451808893
 20
-173.70000000000002
 10
594.178431372549
 20
-173.70000000000002
 10
594.4284175642088
 20
-173.70000000000002
 10
594.6784037558685
 20
-173.70000000000002
 10
594.9283899475283
 20
-173.70000000000002
 10
595.178376139188
 20
-173.70000000000002
 10
595.4283623308478
 20
-173.70000000000002
 10
595.6783485225076
 20
-173.70000000000002
 10
595.9283347141674
 20
-173.70000000000002
 10
596.1783209058271
 20
-173.70000000000002
 10
596.4283070974868
 20
-173.70000000000002
 10
596.6782932891466
 20
-173.70000000000002
 10
596.9282794808064
 20
-173.70000000000002
 10
597.1782656724662
 20
-173.70000000000002
 10
597.4282518641259
 20
-173.70000000000002
 10
597.6782380557856
 20
-173.70000000000002
 10
597.9282242474454
 20
-173.70000000000002
 10
598.1782104391052
 20
-173.70000000000002
 10
598.4281966307649
 20
-173.70000000000002
 10
598.6781828224247
 20
-173.70000000000002
 10
598.9281690140845
 20
-173.70000000000002
 10
599.1781552057442
 20
-173.70000000000002
 10
599.428141397404
 20
-173.70000000000002
 10
599.6781275890637
 20
-173.70000000000002
 10
599.9281137807235
 20
-173.70000000000002
 10
600.1780999723833
 20
-173.70000000000002
 10
600.4280861640431
 20
-173.70000000000002
 10
600.6780723557027
 20
-173.70000000000002
 10
600.9280585473625
 20
-173.70000000000002
 10
601.1780447390223
 20
-173.70000000000002
 10
601.4280309306821
 20
-173.70000000000002
 10
601.6780171223418
 20
-173.70000000000002
 10
601.9280033140017
 20
-173.70000000000002
 10
602.1779895056615
 20
-173.70000000000002
 10
602.4279756973212
 20
-173.70000000000002
 10
602.6779618889809
 20
-173.70000000000002
 10
602.9279480806407
 20
-173.70000000000002
 10
603.1779342723005
 20
-173.70000000000002
 10
603.4279204639603
 20
-173.70000000000002
 10
603.6779066556201
 20
-173.70000000000002
 10
603.9278928472797
 20
-173.70000000000002
 10
604.1778790389395
 20
-173.70000000000002
 10
604.4278652305993
 20
-173.70000000000002
 10
604.6778514222591
 20
-173.70000000000002
 10
604.9278376139188
 20
-173.70000000000002
 10
605.1778238055786
 20
-173.70000000000002
 10
605.4278099972383
 20
-173.70000000000002
 10
605.6777961888981
 20
-173.70000000000002
 10
605.9277823805578
 20
-173.70000000000002
 10
606.1777685722176
 20
-173.70000000000002
 10
606.4277547638774
 20
-173.70000000000002
 10
606.6777409555372
 20
-173.70000000000002
 10
606.9277271471968
 20
-173.70000000000002
 10
607.1777133388566
 20
-173.70000000000002
 10
607.4276995305164
 20
-173.70000000000002
 10
607.6776857221762
 20
-173.70000000000002
 10
607.927671913836
 20
-173.70000000000002
 10
608.1776581054957
 20
-173.70000000000002
 10
608.4276442971554
 20
-173.70000000000002
 10
608.6776304888152
 20
-173.70000000000002
 10
608.927616680475
 20
-173.70000000000002
 10
609.1776028721347
 20
-173.70000000000002
 10
609.4275890637945
 20
-173.70000000000002
 10
609.6775752554543
 20
-173.70000000000002
 10
609.927561447114
 20
-173.70000000000002
 10
610.1775476387737
 20
-173.70000000000002
 10
610.4275338304335
 20
-173.70000000000002
 10
610.6775200220933
 20
-173.70000000000002
 10
610.9275062137531
 20
-173.70000000000002
 10
611.1774924054129
 20
-173.70000000000002
 10
611.4274785970725
 20
-173.70000000000002
 10
611.6774647887323
 20
-173.70000000000002
 10
611.9274509803921
 20
-173.70000000000002
 10
612.1774371720519
 20
-173.70000000000002
 10
612.4274233637116
 20
-173.70000000000002
 10
612.6774095553715
 20
-173.70000000000002
 10
612.9273957470313
 20
-173.70000000000002
 10
613.177381938691
 20
-173.70000000000002
 10
613.4273681303507
 20
-173.70000000000002
 10
613.6773543220105
 20
-173.70000000000002
 10
613.9273405136703
 20
-173.70000000000002
 10
614.1773267053301
 20
-173.70000000000002
 10
614.4273128969897
 20
-173.70000000000002
 10
614.6772990886495
 20
-173.70000000000002
 10
614.9272852803093
 20
-173.70000000000002
 10
615.1772714719691
 20
-173.70000000000002
 10
615.4272576636289
 20
-173.70000000000002
 10
615.6772438552886
 20
-173.70000000000002
 10
615.9272300469484
 20
-173.70000000000002
 10
616.1772162386081
 20
-173.70000000000002
 10
616.4272024302679
 20
-173.70000000000002
 10
616.6771886219276
 20
-173.70000000000002
 10
616.9271748135874
 20
-173.70000000000002
 10
617.1771610052472
 20
-173.70000000000002
 10
617.427147196907
 20
-173.70000000000002
 10
617.6771333885666
 20
-173.70000000000002
 10
617.9271195802264
 20
-173.70000000000002
 10
618.1771057718862
 20
-173.70000000000002
 10
618.427091963546
 20
-173.70000000000002
 10
618.6770781552058
 20
-173.70000000000002
 10
618.9270643468654
 20
-173.70000000000002
 10
619.1770505385252
 20
-173.70000000000002
 10
619.427036730185
 20
-173.70000000000002
 10
619.6770229218448
 20
-173.70000000000002
 10
619.9270091135045
 20
-173.70000000000002
 10
620.1769953051643
 20
-173.70000000000002
 10
620.426981496824
 20
-173.70000000000002
 10
620.6769676884838
 20
-173.70000000000002
 10
620.9269538801435
 20
-173.70000000000002
 10
621.1769400718033
 20
-173.70000000000002
 10
621.4269262634631
 20
-173.70000000000002
 10
621.6769124551229
 20
-173.70000000000002
 10
621.9268986467825
 20
-173.70000000000002
 10
622.1768848384423
 20
-173.70000000000002
 10
622.4268710301021
 20
-173.70000000000002
 10
622.6768572217619
 20
-173.70000000000002
 10
622.9268434134217
 20
-173.70000000000002
 10
623.1768296050814
 20
-173.70000000000002
 10
623.4268157967412
 20
-173.70000000000002
 10
623.676801988401
 20
-173.70000000000002
 10
623.9267881800608
 20
-173.70000000000002
 10
624.1767743717205
 20
-173.70000000000002
 10
624.4267605633803
 20
-173.70000000000002
 10
624.6767467550401
 20
-173.70000000000002
 10
624.9267329466999
 20
-173.70000000000002
 10
625.1767191383595
 20
-173.70000000000002
 10
625.4267053300193
 20
-173.70000000000002
 10
625.6766915216791
 20
-173.70000000000002
 10
625.9266777133389
 20
-173.70000000000002
 10
626.1766639049986
 20
-173.70000000000002
 10
626.4266500966584
 20
-173.70000000000002
 10
626.6766362883182
 20
-173.70000000000002
 10
626.9266224799779
 20
-173.70000000000002
 10
627.1766086716377
 20
-173.70000000000002
 10
627.4265948632974
 20
-173.70000000000002
 10
627.6765810549572
 20
-173.70000000000002
 10
627.926567246617
 20
-173.70000000000002
 10
628.1765534382768
 20
-173.70000000000002
 10
628.4265396299364
 20
-173.70000000000002
 10
628.6765258215962
 20
-173.70000000000002
 10
628.926512013256
 20
-173.70000000000002
 10
629.1764982049158
 20
-173.70000000000002
 10
629.4264843965755
 20
-173.70000000000002
 10
629.6764705882352
 20
-173.70000000000002
 10
629.926456779895
 20
-173.70000000000002
 10
630.1764429715548
 20
-173.70000000000002
 10
630.4264291632146
 20
-173.70000000000002
 10
630.6764153548743
 20
-173.70000000000002
 10
630.9264015465341
 20
-173.70000000000002
 10
631.1763877381939
 20
-173.70000000000002
 10
631.4263739298536
 20
-173.70000000000002
 10
631.6763601215133
 20
-173.70000000000002
 10
631.9263463131731
 20
-173.70000000000002
 10
632.1763325048329
 20
-173.70000000000002
 10
632.4263186964927
 20
-173.70000000000002
 10
632.6763048881523
 20
-173.70000000000002
 10
632.9262910798121
 20
-173.70000000000002
 10
633.1762772714719
 20
-173.70000000000002
 10
633.4262634631317
 20
-173.70000000000002
 10
633.6762496547914
 20
-173.70000000000002
 10
633.9262358464512
 20
-173.70000000000002
 10
634.176222038111
 20
-173.70000000000002
 10
634.4262082297707
 20
-173.70000000000002
 10
634.6761944214305
 20
-173.70000000000002
 10
634.9261806130903
 20
-173.70000000000002
 10
635.1761668047501
 20
-173.70000000000002
 10
635.4261529964099
 20
-173.70000000000002
 10
635.6761391880697
 20
-173.70000000000002
 10
635.9261253797293
 20
-173.70000000000002
 10
636.1761115713891
 20
-173.70000000000002
 10
636.4260977630489
 20
-173.70000000000002
 10
636.6760839547087
 20
-173.70000000000002
 10
636.9260701463684
 20
-173.70000000000002
 10
637.1760563380282
 20
-173.70000000000002
 10
637.426042529688
 20
-173.70000000000002
 10
637.6760287213477
 20
-173.70000000000002
 10
637.9260149130074
 20
-173.70000000000002
 10
638.1760011046672
 20
-173.70000000000002
 10
638.425987296327
 20
-173.70000000000002
 10
638.6759734879868
 20
-173.70000000000002
 10
638.9259596796466
 20
-173.70000000000002
 10
639.1759458713062
 20
-173.70000000000002
 10
639.425932062966
 20
-173.70000000000002
 10
639.6759182546258
 20
-173.70000000000002
 10
639.9259044462856
 20
-173.70000000000002
 10
640.1758906379453
 20
-173.70000000000002
 10
640.425876829605
 20
-173.70000000000002
 10
640.6758630212648
 20
-173.70000000000002
 10
640.9258492129246
 20
-173.70000000000002
 10
641.1758354045843
 20
-173.70000000000002
 10
641.4258215962441
 20
-173.70000000000002
 10
641.6758077879039
 20
-173.70000000000002
 10
641.9257939795637
 20
-173.70000000000002
 10
642.1757801712234
 20
-173.70000000000002
 10
642.4257663628831
 20
-173.70000000000002
 10
642.6757525545429
 20
-173.70000000000002
 10
642.9257387462027
 20
-173.70000000000002
 10
643.1757249378625
 20
-173.70000000000002
 10
643.4257111295221
 20
-173.70000000000002
 10
643.6756973211819
 20
-173.70000000000002
 10
643.9256835128417
 20
-173.70000000000002
 10
644.1756697045015
 20
-173.70000000000002
 10
644.4256558961612
 20
-173.70000000000002
 10
644.675642087821
 20
-173.70000000000002
 10
644.9256282794807
 20
-173.70000000000002
 10
645.1756144711405
 20
-173.70000000000002
 10
645.4256006628003
 20
-173.70000000000002
 10
645.6755868544601
 20
-173.70000000000002
 10
645.9255730461199
 20
-173.70000000000002
 10
646.1755592377797
 20
-173.70000000000002
 10
646.4255454294394
 20
-173.70000000000002
 10
646.6755316210991
 20
-173.70000000000002
 10
646.9255178127589
 20
-173.70000000000002
 10
647.1755040044187
 20
-173.70000000000002
 10
647.4254901960785
 20
-173.70000000000002
 10
647.6754763877382
 20
-173.70000000000002
 10
647.925462579398
 20
-173.70000000000002
 10
648.1754487710577
 20
-173.70000000000002
 10
648.4254349627175
 20
-173.70000000000002
 10
648.6754211543772
 20
-173.70000000000002
 10
648.925407346037
 20
-173.70000000000002
 10
649.1753935376968
 20
-173.70000000000002
 10
649.4253797293566
 20
-173.70000000000002
 10
649.6753659210162
 20
-173.70000000000002
 10
649.925352112676
 20
-173.70000000000002
 10
650.1753383043358
 20
-173.70000000000002
 10
650.4253244959956
 20
-173.70000000000002
 10
650.6753106876554
 20
-173.70000000000002
 10
650.925296879315
 20
-173.70000000000002
 10
651.1752830709748
 20
-173.70000000000002
 10
651.4252692626346
 20
-173.70000000000002
 10
651.6752554542944
 20
-173.70000000000002
 10
651.9252416459541
 20
-173.70000000000002
 10
652.1752278376139
 20
-173.70000000000002
 10
652.4252140292737
 20
-173.70000000000002
 10
652.6752002209334
 20
-173.70000000000002
 10
652.9251864125931
 20
-173.70000000000002
 10
653.1751726042529
 20
-173.70000000000002
 10
653.4251587959127
 20
-173.70000000000002
 10
653.6751449875725
 20
-173.70000000000002
 10
653.9251311792323
 20
-173.70000000000002
 10
654.1751173708919
 20
-173.70000000000002
 10
654.4251035625517
 20
-173.70000000000002
 10
654.6750897542115
 20
-173.70000000000002
 10
654.9250759458713
 20
-173.70000000000002
 10
655.175062137531
 20
-173.70000000000002
 10
655.4250483291908
 20
-173.70000000000002
 10
655.6750345208505
 20
-173.70000000000002
 10
655.9250207125103
 20
-173.70000000000002
 10
656.17500690417
 20
-173.70000000000002
 10
656.3
 20
-173.82499309582985
 10
656.3
 20
-174.0749792874897
 10
656.3
 20
-174.32496547914937
 10
656.3
 20
-174.5749516708092
 10
656.3
 20
-174.8249378624689
 10
656.3
 20
-175.07492405412873
 10
656.3
 20
-175.3249102457884
 10
656.3
 20
-175.57489643744825
 10
656.3
 20
-175.82488262910792
 10
656.3
 20
-176.07486882076776
 10
656.3
 20
-176.32485501242743
 10
656.3
 20
-176.57484120408733
 10
656.3
 20
-176.82482739574706
 10
656.3
 20
-177.07481358740685
 10
656.3
 20
-177.32479977906658
 10
656.3
 20
-177.57478597072637
 10
656.3
 20
-177.8247721623861
 10
656.3
 20
-178.07475835404588
 10
656.3
 20
-178.3247445457056
 10
656.3
 20
-178.5747307373654
 10
656.3
 20
-178.82471692902513
 10
656.3
 20
-179.07470312068492
 10
656.3
 20
-179.32468931234465
 10
656.3
 20
-179.57467550400443
 10
656.3
 20
-179.82466169566422
 10
656.3
 20
-180.07464788732395
 10
656.3
 20
-180.32463407898373
 10
656.3
 20
-180.57462027064346
 10
656.3
 20
-180.82460646230325
 10
656.3
 20
-181.07459265396298
 10
656.3
 20
-181.32457884562277
 10
656.3
 20
-181.5745650372825
 10
656.3
 20
-181.82455122894228
 10
656.3
 20
-182.074537420602
 10
656.3
 20
-182.3245236122619
 10
656.3
 20
-182.57450980392153
 10
656.3
 20
-182.82449599558143
 10
656.3
 20
-183.0744821872411
 10
656.3
 20
-183.32446837890095
 10
656.3
 20
-183.57445457056062
 10
656.3
 20
-183.82444076222046
 10
656.3
 20
-184.07442695388013
 10
656.3
 20
-184.32441314553998
 10
656.3
 20
-184.57439933719965
 10
656.3
 20
-184.8243855288595
 10
656.3
 20
-185.07437172051917
 10
656.3
 20
-185.324357912179
 10
656.3
 20
-185.57434410383868
 10
656.3
 20
-185.82433029549853
 10
656.3
 20
-186.0743164871582
 10
656.3
 20
-186.32430267881804
 10
656.3
 20
-186.57428887047772
 10
656.3
 20
-186.82427506213756
 10
656.3
 20
-187.07426125379723
 10
656.3
 20
-187.32424744545708
 10
656.3
 20
-187.57423363711686
 10
656.3
 20
-187.8242198287766
 10
656.3
 20
-188.07420602043638
 10
656.3
 20
-188.32419221209616
 10
656.3
 20
-188.5741784037559
 10
656.3
 20
-188.82416459541568
 10
656.3
 20
-189.0741507870754
 10
656.3
 20
-189.3241369787352
 10
656.3
 20
-189.57412317039493
 10
656.3
 20
-189.8241093620547
 10
656.3
 20
-190.07409555371444
 10
656.3
 20
-190.32408174537423
 10
656.3
 20
-190.57406793703396
 10
656.3
 20
-190.82405412869375
 10
656.3
 20
-191.07404032035348
 10
656.3
 20
-191.32402651201326
 10
656.3
 20
-191.57401270367305
 10
656.3
 20
-191.82399889533278
 10
656.3
 20
-192.07398508699256
 10
656.3
 20
-192.3239712786523
 10
656.3
 20
-192.57395747031208
 10
656.3
 20
-192.8239436619718
 10
656.3
 20
-193.0739298536317
 10
656.3
 20
-193.32391604529133
 10
656.3
 20
-193.57390223695123
 10
656.3
 20
-193.82388842861084
 10
656.3
 20
-194.07387462027074
 10
656.3
 20
-194.32386081193036
 10
656.3
 20
-194.57384700359026
 10
656.3
 20
-194.82383319524993
 10
656.3
 20
-195.07381938690978
 10
656.3
 20
-195.32380557856945
 10
656.3
 20
-195.5737917702293
 10
656.3
 20
-195.82377796188896
 10
656.3
 20
-196.0737641535488
 10
656.3
 20
-196.32375034520848
 10
656.3
 20
-196.57373653686832
 10
656.3
 20
-196.823722728528
 10
656.3
 20
-197.07370892018784
 10
656.3
 20
-197.3236951118475
 10
656.3
 20
-197.57368130350736
 10
656.3
 20
-197.82366749516703
 10
656.3
 20
-198.07365368682687
 10
656.3
 20
-198.32363987848666
 10
656.3
 20
-198.5736260701464
 10
656.3
 20
-198.82361226180618
 10
656.3
 20
-199.0735984534659
 10
656.3
 20
-199.3235846451257
 10
656.3
 20
-199.57357083678542
 10
656.3
 20
-199.8235570284452
 10
656.3
 20
-200.073543220105
 10
656.3
 20
-200.32352941176472
 10
656.3
 20
-200.5735156034245
 10
656.3
 20
-200.82350179508424
 10
656.3
 20
-201.07348798674403
 10
656.3
 20
-201.32347417840376
 10
656.3
 20
-201.57346037006354
 10
656.3
 20
-201.82344656172327
 10
656.3
 20
-202.07343275338306
 10
656.3
 20
-202.3234189450428
 10
656.3
 20
-202.57340513670258
 10
656.3
 20
-202.8233913283623
 10
656.3
 20
-203.0733775200221
 10
656.3
 20
-203.32336371168188
 10
656.3
 20
-203.5733499033416
 10
656.3
 20
-203.82333609500145
 10
656.3
 20
-204.07332228666112
 10
656.3
 20
-204.32330847832097
 10
656.3
 20
-204.57329466998064
 10
656.3
 20
-204.82328086164054
 10
656.3
 20
-205.07326705330016
 10
656.3
 20
-205.32325324496006
 10
656.3
 20
-205.57323943661967
 10
656.3
 20
-205.82322562827957
 10
656.3
 20
-206.0732118199392
 10
656.3
 20
-206.3231980115991
 10
656.3
 20
-206.57318420325876
 10
656.3
 20
-206.8231703949186
 10
656.3
 20
-207.07315658657828
 10
656.3
 20
-207.32314277823812
 10
656.3
 20
-207.5731289698978
 10
656.3
 20
-207.82311516155764
 10
656.3
 20
-208.07310135321728
 10
656.3
 20
-208.32308754487715
 10
656.3
 20
-208.57307373653683
 10
656.3
 20
-208.82305992819667
 10
656.3
 20
-209.07304611985634
 10
656.3
 20
-209.3230323115162
 10
656.3
 20
-209.57301850317594
 10
656.3
 20
-209.82300469483573
 10
656.3
 20
-210.0729908864955
 10
656.3
 20
-210.32297707815522
 10
656.3
 20
-210.572963269815
 10
656.3
 20
-210.82294946147474
 10
656.3
 20
-211.07293565313452
 10
656.3
 20
-211.32292184479425
 10
656.3
 20
-211.57290803645404
 10
656.3
 20
-211.82289422811382
 10
656.3
 20
-212.07288041977355
 10
656.3
 20
-212.32286661143334
 10
656.3
 20
-212.57285280309307
 10
656.3
 20
-212.82283899475286
 10
656.3
 20
-213.07282518641262
 10
656.3
 20
-213.32281137807237
 10
656.3
 20
-213.5727975697321
 10
656.3
 20
-213.8227837613919
 10
656.3
 20
-214.07276995305162
 10
656.3
 20
-214.3227561447114
 10
656.3
 20
-214.57274233637114
 10
656.3
 20
-214.82272852803092
 10
656.3
 20
-215.07271471969077
 10
656.3
 20
-215.32270091135044
 10
656.3
 20
-215.57268710301028
 10
656.3
 20
-215.82267329466995
 10
656.3
 20
-216.0726594863298
 10
656.3
 20
-216.32264567798947
 10
656.3
 20
-216.57263186964937
 10
656.3
 20
-216.822618061309
 10
656.3
 20
-217.0726042529689
 10
656.3
 20
-217.3225904446285
 10
656.3
 20
-217.5725766362884
 10
656.3
 20
-217.82256282794802
 10
656.3
 20
-218.07254901960792
 10
656.3
 20
-218.3225352112676
 10
656.3
 20
-218.57252140292744
 10
656.3
 20
-218.8225075945871
 10
656.3
 20
-219.07249378624695
 10
656.3
 20
-219.32247997790662
 10
656.3
 20
-219.57246616956647
 10
656.3
 20
-219.82245236122614
 10
656.3
 20
-220.07243855288598
 10
656.3
 20
-220.32242474454577
 10
656.3
 20
-220.5724109362055
 10
656.3
 20
-220.8223971278653
 10
656.3
 20
-221.07238331952502
 10
656.3
 20
-221.32236951118477
 10
656.3
 20
-221.57235570284453
 10
656.3
 20
-221.82234189450432
 10
656.3
 20
-222.07232808616405
 10
656.3
 20
-222.32231427782384
 10
656.3
 20
-222.57230046948357
 10
656.3
 20
-222.82228666114335
 10
656.3
 20
-223.07227285280314
 10
656.3
 20
-223.32225904446287
 10
656.3
 20
-223.57224523612265
 10
656.3
 20
-223.82223142778238
 10
656.3
 20
-224.07221761944217
 10
656.3
 20
-224.3222038111019
 10
656.3
 20
-224.5721900027617
 10
656.3
 20
-224.82217619442144
 10
656.3
 20
-225.0721623860812
 10
656.3
 20
-225.32214857774093
 10
656.3
 20
-225.57213476940072
 10
656.3
 20
-225.82212096106056
 10
656.3
 20
-226.07210715272024
 10
656.3
 20
-226.32209334438008
 10
656.3
 20
-226.57207953603975
 10
656.3
 20
-226.8220657276996
 10
656.3
 20
-227.07205191935927
 10
656.3
 20
-227.3220381110191
 10
656.3
 20
-227.57202430267878
 10
656.3
 20
-227.82201049433863
 10
656.3
 20
-228.0719966859983
 10
656.3
 20
-228.3219828776582
 10
656.3
 20
-228.57196906931782
 10
656.3
 20
-228.82195526097772
 10
656.3
 20
-229.07194145263733
 10
656.3
 20
-229.32192764429723
 10
656.3
 20
-229.57191383595685
 10
656.3
 20
-229.82190002761675
 10
656.3
 20
-230.07188621927642
 10
656.3
 20
-230.32187241093627
 10
656.3
 20
-230.57185860259594
 10
656.3
 20
-230.82184479425578
 10
656.3
 20
-231.0718309859155
 10
656.3
 20
-231.3218171775753
 10
656.3
 20
-231.57180336923508
 10
656.3
 20
-231.8217895608948
 10
656.3
 20
-232.0717757525546
 10
656.3
 20
-232.32176194421433
 10
656.3
 20
-232.5717481358741
 10
656.3
 20
-232.82173432753385
 10
656.3
 20
-233.0717205191936
 10
656.3
 20
-233.3217067108534
 10
656.3
 20
-233.57169290251315
 10
656.3
 20
-233.82167909417294
 10
656.3
 20
-234.0716652858326
 10
656.3
 20
-234.3216514774924
 10
656.3
 20
-234.57163766915218
 10
656.3
 20
-234.82162386081197
 10
656.3
 20
-235.07161005247175
 10
656.3
 20
-235.3215962441314
 10
656.3
 20
-235.5715824357912
 10
656.3
 20
-235.821568627451
 10
656.3
 20
-236.0715548191108
 10
656.3
 20
-236.32154101077046
 10
656.3
 20
-236.57152720243036
 10
656.3
 20
-236.82151339409003
 10
656.3
 20
-237.07149958574993
 10
656.3
 20
-237.3214857774095
 10
656.3
 20
-237.5714719690694
 10
656.3
 20
-237.82145816072907
 10
656.3
 20
-238.07144435238897
 10
656.3
 20
-238.32143054404864
 10
656.3
 20
-238.57141673570845
 10
656.3
 20
-238.8214029273681
 10
656.3
 20
-239.07138911902803
 10
656.3
 20
-239.32137531068767
 10
656.3
 20
-239.57136150234746
 10
656.3
 20
-239.82134769400713
 10
656.3
 20
-240.07133388566703
 10
656.3
 20
-240.3213200773267
 10
656.3
 20
-240.57130626898646
 10
656.3
 20
-240.82129246064616
 10
656.3
 20
-241.07127865230603
 10
656.3
 20
-241.32126484396574
 10
656.3
 20
-241.57125103562552
 10
656.3
 20
-241.8212372272852
 10
656.3
 20
-242.0712234189451
 10
656.3
 20
-242.3212096106049
 10
656.3
 20
-242.57119580226455
 10
656.3
 20
-242.82118199392434
 10
656.3
 20
-243.07116818558413
 10
656.3
 20
-243.32115437724391
 10
656.3
 20
-243.5711405689037
 10
656.3
 20
-243.82112676056335
 10
656.3
 20
-244.07111295222316
 10
656.3
 20
-244.32109914388292
 10
656.3
 20
-244.57108533554273
 10
656.3
 20
-244.8210715272024
 10
656.3
 20
-245.07105771886222
 10
656.3
 20
-245.32104391052198
 10
656.3
 20
-245.57103010218177
 10
656.3
 20
-245.82101629384144
 10
656.3
 20
-246.07100248550123
 10
656.3
 20
-246.320988677161
 10
656.3
 20
-246.5709748688208
 10
656.3
 20
-246.82096106048058
 10
656.3
 20
-247.07094725214023
 10
656.3
 20
-247.32093344380016
 10
656.3
 20
-247.57091963545983
 10
656.3
 20
-247.82090582711962
 10
656.3
 20
-248.0708920187793
 10
656.3
 20
-248.3208782104392
 10
656.3
 20
-248.57086440209886
 10
656.3
 20
-248.82085059375876
 10
656.3
 20
-249.07083678541832
 10
656.3
 20
-249.32082297707822
 10
656.3
 20
-249.5708091687379
 10
656.3
 20
-249.8207953603978
 10
656.3
 20
-250.07078155205747
 10
656.3
 20
-250.32076774371725
 10
656.3
 20
-250.57075393537693
 10
656.3
 20
-250.82074012703686
 10
656.3
 20
-251.0707263186965
 10
656.3
 20
-251.3207125103563
 10
656.3
 20
-251.57069870201596
 10
656.3
 20
-251.82068489367586
 10
656.3
 20
-252.07067108533553
 10
656.3
 20
-252.3206572769953
 10
656.3
 20
-252.570643468655
 10
656.3
 20
-252.82062966031486
 10
656.3
 20
-253.07061585197468
 10
656.3
 20
-253.32060204363435
 10
656.3
 20
-253.57058823529417
 10
656.3
 20
-253.82057442695393
 10
656.3
 20
-254.07056061861374
 10
656.3
 20
-254.32054681027338
 10
656.3
 20
-254.57053300193317
 10
656.3
 20
-254.82051919359296
 10
656.3
 20
-255.07050538525274
 10
656.3
 20
-255.32049157691253
 10
656.3
 20
-255.57047776857218
 10
656.3
 20
-255.820463960232
 10
656.3
 20
-256.07045015189175
 10
656.3
 20
-256.3204363435516
 10
656.3
 20
-256.57042253521126
 10
656.3
 20
-256.82040872687105
 10
656.3
 20
-257.07039491853084
 10
656.3
 20
-257.3203811101906
 10
656.3
 20
-257.5703673018503
 10
656.3
 20
-257.8203534935101
 10
656.3
 20
-258.07033968516987
 10
656.3
 20
-258.32032587682966
 10
656.3
 20
-258.57031206848944
 10
656.3
 20
-258.82029826014906
 10
656.3
 20
-259.070284451809
 10
656.3
 20
-259.3202706434687
 10
656.3
 20
-259.5702568351285
 10
656.3
 20
-259.82024302678815
 10
656.3
 20
-260.07022921844805
 10
656.3
 20
-260.3202154101077
 10
656.3
 20
-260.5702016017676
 10
656.3
 20
-260.8201877934272
 10
656.3
 20
-261.0701739850871
 10
656.3
 20
-261.32016017674675
 10
656.3
 20
-261.57014636840665
 10
656.3
 20
-261.8201325600663
 10
656.3
 20
-262.0701187517261
 10
656.3
 20
-262.3201049433858
 10
656.3
 20
-262.5700911350457
 10
656.3
 20
-262.82007732670536
 10
656.3
 20
-263.07006351836515
 10
656.3
 20
-263.3200497100248
 10
656.3
 20
-263.5700359016847
 10
656.3
 20
-263.8200220933445
 10
656.3
 20
-264.0700082850041
 10
656.3
 20
-264.31999447666396
 10
656.3
 20
-264.5699806683237
 10
656.3
 20
-264.81996685998354
 10
656.3
 20
-265.0699530516432
 10
656.3
 20
-265.319939243303
 10
656.3
 20
-265.5699254349628
 10
656.3
 20
-265.81991162662257
 10
656.3
 20
-266.06989781828224
 10
656.3
 20
-266.31988400994203
 10
656.3
 20
-266.5698702016018
 10
656.3
 20
-266.8198563932616
 10
656.3
 20
-267.0698425849214
 10
656.3
 20
-267.319828776581
 10
656.3
 20
-267.56981496824085
 10
656.3
 20
-267.8198011599006
 10
656.3
 20
-268.0697873515604
 10
656.3
 20
-268.3197735432201
 10
656.3
 20
-268.5697597348799
 10
656.3
 20
-268.81974592653967
 10
656.3
 20
-269.06973211819945
 10
656.3
 20
-269.31971830985924
 10
656.3
 20
-269.5697045015189
 10
656.3
 20
-269.81969069317876
 10
656.3
 20
-270.0696768848385
 10
656.3
 20
-270.3196630764983
 10
656.3
 20
-270.5696492681579
 10
656.3
 20
-270.81963545981785
 10
656.3
 20
-271.0696216514775
 10
656.3
 20
-271.3196078431373
 10
656.3
 20
-271.569594034797
 10
656.3
 20
-271.8195802264569
 10
656.3
 20
-272.0695664181165
 10
656.3
 20
-272.31955260977645
 10
656.3
 20
-272.569538801436
 10
656.3
 20
-272.8195249930959
 10
656.3
 20
-273.0695111847556
 10
656.3
 20
-273.3194973764155
 10
656.3
 20
-273.56948356807516
 10
656.3
 20
-273.81946975973494
 10
656.3
 20
-274.0694559513946
 10
656.3
 20
-274.3194421430545
 10
656.3
 20
-274.5694283347142
 10
656.3
 20
-274.819414526374
 10
656.3
 20
-275.06940071803376
 10
656.3
 20
-275.31938690969355
 10
656.3
 20
-275.56937310135334
 10
656.3
 20
-275.81935929301295
 10
656.3
 20
-276.0693454846728
 10
656.3
 20
-276.3193316763325
 10
656.3
 20
-276.56931786799237
 10
656.3
 20
-276.81930405965204
 10
656.3
 20
-277.0692902513118
 10
656.3
 20
-277.31927644297156
 10
656.3
 20
-277.5692626346314
 10
656.3
 20
-277.8192488262911
 10
656.3
 20
-278.06923501795086
 10
656.3
 20
-278.31922120961065
 10
656.3
 20
-278.56920740127043
 10
656.3
 20
-278.8191935929302
 10
656.3
 20
-279.06917978458983
 10
656.3
 20
-279.3191659762497
 10
656.3
 20
-279.5691521679094
 10
656.3
 20
-279.81913835956925
 10
656.3
 20
-280.06912455122904
 10
656.3
 20
-280.3191107428887
 10
656.3
 20
-280.5690969345486
 10
656.3
 20
-280.8190831262083
 10
656.3
 20
-281.069069317868
 10
656.3
 20
-281.31905550952774
 10
656.3
 20
-281.5690417011876
 10
656.3
 20
-281.8190278928473
 10
656.3
 20
-282.0690140845071
 10
656.3
 20
-282.3190002761667
 10
656.3
 20
-282.5689864678267
 10
656.3
 20
-282.8189726594863
 10
656.3
 20
-283.06895885114614
 10
656.3
 20
-283.31894504280575
 10
656.3
 20
-283.5689312344657
 10
656.3
 20
-283.8189174261253
 10
656.3
 20
-284.0689036177853
 10
656.3
 20
-284.31888980944484
 10
656.3
 20
-284.56887600110474
 10
656.3
 20
-284.8188621927644
 10
656.3
 20
-285.0688483844243
 10
656.3
 20
-285.318834576084
 10
656.3
 20
-285.5688207677438
 10
656.3
 20
-285.81880695940356
 10
656.3
 20
-286.06879315106335
 10
656.3
 20
-286.318779342723
 10
656.3
 20
-286.5687655343828
 10
656.3
 20
-286.8187517260426
 10
656.3
 20
-287.0687379177024
 10
656.3
 20
-287.31872410936217
 10
656.3
 20
-287.56871030102184
 10
656.3
 20
-287.8186964926816
 10
656.3
 20
-288.0686826843414
 10
656.3
 20
-288.3186688760012
 10
656.3
 20
-288.56865506766087
 10
656.3
 20
-288.81864125932066
 10
656.3
 20
-289.0686274509804
 10
656.3
 20
-289.3186136426402
 10
656.3
 20
-289.5685998342999
 10
656.3
 20
-289.8185860259597
 10
656.3
 20
-290.0685722176195
 10
656.3
 20
-290.31855840927926
 10
656.3
 20
-290.56854460093905
 10
656.3
 20
-290.8185307925987
 10
656.3
 20
-291.0685169842585
 10
656.3
 20
-291.3185031759184
 10
656.3
 20
-291.5684893675781
 10
656.3
 20
-291.81847555923787
 10
656.3
 20
-292.0684617508975
 10
656.3
 20
-292.31844794255744
 10
656.3
 20
-292.56843413421706
 10
656.3
 20
-292.81842032587684
 10
656.3
 20
-293.0684065175366
 10
656.3
 20
-293.3183927091965
 10
656.3
 20
-293.56837890085615
 10
656.3
 20
-293.81836509251593
 10
656.3
 20
-294.0683512841756
 10
656.3
 20
-294.3183374758355
 10
656.3
 20
-294.5683236674952
 10
656.3
 20
-294.81830985915497
 10
656.3
 20
-295.0682960508146
 10
656.3
 20
-295.31828224247454
 10
656.3
 20
-295.56826843413415
 10
656.3
 20
-295.8182546257941
 10
656.3
 20
-296.06824081745367
 10
656.3
 20
-296.31822700911357
 10
656.3
 20
-296.56821320077336
 10
656.3
 20
-296.81819939243314
 10
656.3
 20
-297.0681855840928
 10
656.3
 20
-297.3181717757526
 10
656.3
 20
-297.5681579674124
 10
656.3
 20
-297.8181441590721
 10
656.3
 20
-298.06813035073185
 10
656.3
 20
-298.31811654239164
 10
656.3
 20
-298.5681027340514
 10
656.3
 20
-298.8180889257112
 10
656.3
 20
-299.068075117371
 10
656.3
 20
-299.31806130903067
 10
656.3
 20
-299.56804750069045
 10
656.3
 20
-299.81803369235024
 10
656.3
 20
-300.06801988401
 10
656.3
 20
-300.3180060756697
 10
656.3
 20
-300.5679922673295
 10
656.3
 20
-300.8179784589892
 10
656.3
 20
-301.067964650649
 10
656.3
 20
-301.31795084230873
 10
656.3
 20
-301.5679370339685
 10
656.3
 20
-301.8179232256283
 10
656.3
 20
-302.0679094172882
 10
656.3
 20
-302.3178956089479
 10
656.3
 20
-302.56788180060767
 10
656.3
 20
-302.81786799226734
 10
656.3
 20
-303.06785418392724
 10
656.3
 20
-303.3178403755869
 10
656.3
 20
-303.5678265672467
 10
656.3
 20
-303.8178127589063
 10
656.3
 20
-304.06779895056627
 10
656.3
 20
-304.3177851422259
 10
656.3
 20
-304.5677713338857
 10
656.3
 20
-304.8177575255454
 10
656.3
 20
-305.0677437172053
 10
656.3
 20
-305.317729908865
 10
656.3
 20
-305.56771610052476
 10
656.3
 20
-305.81770229218444
 10
656.3
 20
-306.06768848384434
 10
656.3
 20
-306.317674675504
 10
656.3
 20
-306.5676608671638
 10
656.3
 20
-306.8176470588234
 10
656.3
 20
-307.06763325048337
 10
656.3
 20
-307.31761944214315
 10
656.3
 20
-307.56760563380294
 10
656.3
 20
-307.81759182546256
 10
656.3
 20
-308.0675780171224
 10
656.3
 20
-308.3175642087822
 10
656.3
 20
-308.567550400442
 10
656.3
 20
-308.81753659210165
 10
656.3
 20
-309.06752278376143
 10
656.3
 20
-309.3175089754212
 10
656.3
 20
-309.56749516708095
 10
656.3
 20
-309.8174813587407
 10
656.3
 20
-310.06746755040047
 10
656.3
 20
-310.31745374206025
 10
656.3
 20
-310.56743993372004
 10
656.3
 20
-310.8174261253798
 10
656.3
 20
-311.0674123170395
 10
656.3
 20
-311.3173985086993
 10
656.3
 20
-311.56738470035907
 10
656.3
 20
-311.81737089201886
 10
656.3
 20
-312.06735708367853
 10
656.3
 20
-312.3173432753383
 10
656.3
 20
-312.56732946699805
 10
656.3
 20
-312.817315658658
 10
656.3
 20
-313.06730185031756
 10
656.3
 20
-313.3172880419774
 10
656.3
 20
-313.56727423363714
 10
656.3
 20
-313.81726042529704
 10
656.3
 20
-314.0672466169567
 10
656.3
 20
-314.3172328086165
 10
656.3
 20
-314.56721900027617
 10
656.3
 20
-314.81720519193607
 10
656.3
 20
-315.06719138359574
 10
656.3
 20
-315.3171775752555
 10
656.3
 20
-315.56716376691514
 10
656.3
 20
-315.8171499585751
 10
656.3
 20
-316.0671361502347
 10
656.3
 20
-316.3171223418945
 10
656.3
 20
-316.56710853355423
 10
656.3
 20
-316.81709472521413
 10
656.3
 20
-317.0670809168738
 10
656.3
 20
-317.3170671085336
 10
656.3
 20
-317.56705330019327
 10
656.3
 20
-317.81703949185317
 10
656.3
 20
-318.06702568351284
 10
656.3
 20
-318.3170118751726
 10
656.3
 20
-318.5669980668324
 10
656.3
 20
-318.8169842584922
 10
656.3
 20
-319.066970450152
 10
656.3
 20
-319.31695664181177
 10
656.3
 20
-319.5669428334714
 10
656.3
 20
-319.81692902513123
 10
656.3
 20
-320.066915216791
 10
656.3
 20
-320.3169014084508
 10
656.3
 20
-320.5668876001105
 10
656.3
 20
-320.81687379177026
 10
656.3
 20
-321.06685998343005
 10
656.3
 20
-321.3168461750898
 10
656.3
 20
-321.5668323667495
 10
656.3
 20
-321.8168185584093
 10
656.3
 20
-322.0668047500691
 10
656.3
 20
-322.31679094172887
 10
656.3
 20
-322.56677713338865
 10
656.3
 20
-322.8167633250483
 10
656.3
 20
-323.0667495167081
 10
656.3
 20
-323.3167357083679
 10
656.3
 20
-323.5667219000277
 10
656.3
 20
-323.81670809168736
 10
656.3
 20
-324.06669428334726
 10
656.3
 20
-324.3166804750069
 10
656.3
 20
-324.56666666666683
 10
656.3
 20
-324.8166528583264
 10
656.3
 20
-325.06663904998624
 10
656.3
 20
-325.31662524164597
 10
656.3
 20
-325.56661143330587
 10
656.3
 20
-325.81659762496554
 10
656.3
 20
-326.0665838166253
 10
656.3
 20
-326.316570008285
 10
656.3
 20
-326.5665561999449
 10
656.3
 20
-326.81654239160457
 10
656.3
 20
-327.06652858326436
 10
656.3
 20
-327.31651477492403
 10
656.3
 20
-327.56650096658393
 10
656.3
 20
-327.81648715824355
 10
656.3
 20
-328.06647334990333
 10
656.3
 20
-328.31645954156306
 10
656.3
 20
-328.56644573322296
 10
656.3
 20
-328.81643192488264
 10
656.3
 20
-329.0664181165424
 10
656.3
 20
-329.3164043082022
 10
656.3
 20
-329.566390499862
 10
656.3
 20
-329.8163766915218
 10
656.3
 20
-330.06636288318145
 10
656.3
 20
-330.31634907484124
 10
656.3
 20
-330.566335266501
 10
656.3
 20
-330.8163214581608
 10
656.3
 20
-331.0663076498206
 10
656.3
 20
-331.3162938414802
 10
656.3
 20
-331.56628003314006
 10
656.3
 20
-331.81626622479985
 10
656.3
 20
-332.06625241645963
 10
656.3
 20
-332.3162386081193
 10
656.3
 20
-332.5662247997791
 10
656.3
 20
-332.8162109914389
 10
656.3
 20
-333.06619718309867
 10
656.3
 20
-333.31618337475834
 10
656.3
 20
-333.5661695664181
 10
656.3
 20
-333.8161557580779
 10
656.3
 20
-334.0661419497377
 10
656.3
 20
-334.3161281413975
 10
656.3
 20
-334.56611433305716
 10
656.3
 20
-334.81610052471706
 10
656.3
 20
-335.06608671637673
 10
656.3
 20
-335.31607290803663
 10
656.3
 20
-335.5660590996962
 10
656.3
 20
-335.8160452913561
 10
656.3
 20
-336.0660314830157
 10
656.3
 20
-336.31601767467566
 10
656.3
 20
-336.5660038663352
 10
656.3
 20
-336.81599005799507
 10
656.3
 20
-337.0659762496548
 10
656.3
 20
-337.3159624413147
 10
656.3
 20
-337.56594863297437
 10
656.3
 20
-337.81593482463416
 10
656.3
 20
-338.0659210162938
 10
656.3
 20
-338.31590720795367
 10
656.3
 20
-338.5658933996134
 10
656.3
 20
-338.8158795912732
 10
656.3
 20
-339.0658657829328
 10
656.3
 20
-339.31585197459276
 10
656.3
 20
-339.5658381662524
 10
656.3
 20
-339.81582435791216
 10
656.3
 20
-340.06581054957195
 10
656.3
 20
-340.3157967412318
 10
656.3
 20
-340.5657829328916
 10
656.3
 20
-340.81576912455125
 10
656.3
 20
-341.06575531621104
 10
656.3
 20
-341.31574150787077
 10
656.3
 20
-341.56572769953056
 10
656.3
 20
-341.8157138911903
 10
656.3
 20
-342.06570008285007
 10
656.3
 20
-342.31568627450986
 10
656.3
 20
-342.56567246616964
 10
656.3
 20
-342.81565865782943
 10
656.3
 20
-343.06564484948905
 10
656.3
 20
-343.3156310411489
 10
656.3
 20
-343.5656172328087
 10
656.3
 20
-343.81560342446846
 10
656.3
 20
-344.06558961612814
 10
656.3
 20
-344.31557580778787
 10
656.3
 20
-344.56556199944765
 10
656.3
 20
-344.81554819110744
 10
656.3
 20
-345.06553438276717
 10
656.3
 20
-345.31552057442696
 10
656.3
 20
-345.5655067660868
 10
656.3
 20
-345.8154929577465
 10
656.3
 20
-346.0654791494063
 10
656.3
 20
-346.315465341066
 10
656.3
 20
-346.5654515327259
 10
656.3
 20
-346.81543772438556
 10
656.3
 20
-347.0654239160454
 10
656.3
 20
-347.31541010770496
 10
656.3
 20
-347.5653962993649
 10
656.3
 20
-347.81538249102454
 10
656.3
 20
-348.0653686826845
 10
656.3
 20
-348.31535487434405
 10
656.3
 20
-348.5653410660039
 10
656.3
 20
-348.8153272576636
 10
656.3
 20
-349.0653134493235
 10
656.3
 20
-349.3152996409832
 10
656.3
 20
-349.565285832643
 10
656.3
 20
-349.81527202430266
 10
656.3
 20
-350.0652582159625
 10
656.3
 20
-350.31524440762223
 10
656.3
 20
-350.565230599282
 10
656.3
 20
-350.81521679094163
 10
656.3
 20
-351.0652029826016
 10
656.3
 20
-351.3151891742614
 10
656.3
 20
-351.56517536592105
 10
656.3
 20
-351.8151615575808
 10
656.3
 20
-352.0651477492406
 10
656.3
 20
-352.3151339409004
 10
656.3
 20
-352.5651201325601
 10
656.3
 20
-352.81510632421987
 10
656.3
 20
-353.06509251587966
 10
656.3
 20
-353.31507870753944
 10
656.3
 20
-353.5650648991991
 10
656.3
 20
-353.8150510908589
 10
656.3
 20
-354.0650372825187
 10
656.3
 20
-354.3150234741785
 10
656.3
 20
-354.56500966583826
 10
656.3
 20
-354.8149958574979
 10
656.3
 20
-355.06498204915766
 10
656.3
 20
-355.3149682408175
 10
656.3
 20
-355.5649544324773
 10
656.3
 20
-355.81494062413697
 10
656.3
 20
-356.06492681579675
 10
656.3
 20
-356.31491300745654
 10
656.3
 20
-356.5648991991163
 10
656.3
 20
-356.8148853907761
 10
656.3
 20
-357.0648715824358
 10
656.3
 20
-357.3148577740957
 10
656.3
 20
-357.56484396575536
 10
656.3
 20
-357.81483015741514
 10
656.3
 20
-358.06481634907476
 10
656.3
 20
-358.3148025407347
 10
656.3
 20
-358.5647887323944
 10
656.3
 20
-358.8147749240543
 10
656.3
 20
-359.06476111571385
 10
656.3
 20
-359.31474730737375
 10
656.3
 20
-359.5647334990334
 10
656.3
 20
-359.8147196906933
 10
656.3
 20
-360.0647058823529
 10
656.3
 20
-360.3146920740128
 10
656.3
 20
-360.56467826567246
 10
656.3
 20
-360.8146644573323
 10
656.3
 20
-361.06465064899203
 10
656.3
 20
-361.3146368406518
 10
656.3
 20
-361.5646230323115
 10
656.3
 20
-361.8146092239714
 10
656.3
 20
-362.0645954156312
 10
656.3
 20
-362.31458160729085
 10
656.3
 20
-362.56456779895063
 10
656.3
 20
-362.8145539906104
 10
656.3
 20
-363.0645401822702
 10
656.3
 20
-363.3145263739299
 10
656.3
 20
-363.5645125655896
 10
656.3
 20
-363.8144987572494
 10
656.3
 20
-364.06448494890924
 10
656.3
 20
-364.3144711405689
 10
656.3
 20
-364.5644573322287
 10
656.3
 20
-364.8144435238885
 10
656.3
 20
-365.0644297155483
 10
656.3
 20
-365.31441590720806
 10
656.3
 20
-365.56440209886773
 10
656.3
 20
-365.8143882905275
 10
656.3
 20
-366.0643744821873
 10
656.3
 20
-366.3143606738471
 10
656.3
 20
-366.5643468655067
 10
656.3
 20
-366.8143330571665
 10
656.3
 20
-367.06431924882634
 10
656.3
 20
-367.3143054404861
 10
656.3
 20
-367.5642916321459
 10
656.3
 20
-367.8142778238056
 10
656.3
 20
-368.0642640154655
 10
656.3
 20
-368.31425020712516
 10
656.3
 20
-368.56423639878494
 10
656.3
 20
-368.8142225904446
 10
656.3
 20
-369.06420878210446
 10
656.3
 20
-369.3141949737642
 10
656.3
 20
-369.564181165424
 10
656.3
 20
-369.8141673570836
 10
656.3
 20
-370.06415354874355
 10
656.3
 20
-370.3141397404032
 10
656.3
 20
-370.5641259320631
 10
656.3
 20
-370.8141121237227
 10
656.3
 20
-371.0640983153826
 10
656.3
 20
-371.31408450704225
 10
656.3
 20
-371.56407069870215
 10
656.3
 20
-371.8140568903617
 10
656.3
 20
-372.06404308202156
 10
656.3
 20
-372.3140292736813
 10
656.3
 20
-372.56401546534113
 10
656.3
 20
-372.81400165700086
 10
656.3
 20
-373.06398784866064
 10
656.3
 20
-373.31397404032043
 10
656.3
 20
-373.5639602319802
 10
656.3
 20
-373.81394642364
 10
656.3
 20
-374.0639326152997
 10
656.3
 20
-374.31391880695946
 10
656.3
 20
-374.56390499861925
 10
656.3
 20
-374.81389119027904
 10
656.3
 20
-375.06387738193865
 10
656.3
 20
-375.31386357359844
 10
656.3
 20
-375.5638497652582
 10
656.3
 20
-375.81383595691807
 10
656.3
 20
-376.06382214857774
 10
656.3
 20
-376.31380834023753
 10
656.3
 20
-376.5637945318973
 10
656.3
 20
-376.8137807235571
 10
656.3
 20
-377.0637669152169
 10
656.3
 20
-377.31375310687656
 10
656.3
 20
-377.56373929853635
 10
656.3
 20
-377.81372549019613
 10
656.3
 20
-378.0637116818559
 10
656.3
 20
-378.3136978735157
 10
656.3
 20
-378.5636840651753
 10
656.3
 20
-378.8136702568353
 10
656.3
 20
-379.06365644849495
 10
656.3
 20
-379.31364264015474
 10
656.3
 20
-379.5636288318144
 10
656.3
 20
-379.8136150234743
 10
656.3
 20
-380.063601215134
 10
656.3
 20
-380.3135874067938
 10
656.3
 20
-380.56357359845344
 10
656.3
 20
-380.8135597901133
 10
656.3
 20
-381.063545981773
 10
656.3
 20
-381.3135321734328
 10
656.3
 20
-381.5635183650924
 10
656.3
 20
-381.8135045567524
 10
656.3
 20
-382.06349074841205
 10
656.3
 20
-382.31347694007195
 10
656.3
 20
-382.5634631317315
 10
656.3
 20
-382.8134493233914
 10
656.3
 20
-383.0634355150511
 10
656.3
 20
-383.313421706711
 10
656.3
 20
-383.56340789837054
 10
656.3
 20
-383.8133940900304
 10
656.3
 20
-384.0633802816902
 10
656.3
 20
-384.31336647334996
 10
656.3
 20
-384.5633526650097
 10
656.3
 20
-384.8133388566695
 10
656.3
 20
-385.06332504832926
 10
656.3
 20
-385.31331123998905
 10
656.3
 20
-385.56329743164883
 10
656.3
 20
-385.8132836233085
 10
656.3
 20
-386.0632698149683
 10
656.3
 20
-386.3132560066281
 10
656.3
 20
-386.56324219828787
 10
656.3
 20
-386.8132283899475
 10
656.3
 20
-387.06321458160727
 10
656.3
 20
-387.31320077326706
 10
656.3
 20
-387.5631869649269
 10
656.3
 20
-387.8131731565866
 10
656.3
 20
-388.06315934824636
 10
656.3
 20
-388.31314553990615
 10
656.3
 20
-388.56313173156593
 10
656.3
 20
-388.8131179232257
 10
656.3
 20
-389.0631041148854
 10
656.3
 20
-389.3130903065452
 10
656.3
 20
-389.563076498205
 10
656.3
 20
-389.81306268986475
 10
656.3
 20
-390.06304888152454
 10
656.3
 20
-390.31303507318415
 10
656.3
 20
-390.5630212648441
 10
656.3
 20
-390.8130074565038
 10
656.3
 20
-391.06299364816357
 10
656.3
 20
-391.31297983982324
 10
656.3
 20
-391.56296603148314
 10
656.3
 20
-391.8129522231428
 10
656.3
 20
-392.0629384148026
 10
656.3
 20
-392.3129246064623
 10
656.3
 20
-392.5629107981221
 10
656.3
 20
-392.81289698978185
 10
656.3
 20
-393.06288318144163
 10
656.3
 20
-393.31286937310125
 10
656.3
 20
-393.5628555647612
 10
656.3
 20
-393.8128417564209
 10
656.3
 20
-394.0628279480808
 10
656.3
 20
-394.31281413974034
 10
656.3
 20
-394.56280033140024
 10
656.3
 20
-394.81278652306
 10
656.3
 20
-395.0627727147198
 10
656.3
 20
-395.31275890637943
 10
656.3
 20
-395.5627450980392
 10
656.3
 20
-395.812731289699
 10
656.3
 20
-396.0627174813588
 10
656.3
 20
-396.3127036730185
 10
656.3
 20
-396.5626898646783
 10
656.3
 20
-396.8126760563381
 10
656.3
 20
-397.0626622479979
 10
656.3
 20
-397.31264843965766
 10
656.3
 20
-397.56263463131734
 10
656.3
 20
-397.8126208229771
 10
656.3
 20
-398.0626070146369
 10
656.3
 20
-398.3125932062967
 10
656.3
 20
-398.5625793979563
 10
656.3
 20
-398.8125655896161
 10
656.3
 20
-399.0625517812759
 10
656.3
 20
-399.31253797293573
 10
656.3
 20
-399.5625241645954
 10
656.3
 20
-399.8125103562552
 10
656.2375034520851
 20
-400.0
 10
655.9875172604253
 20
-400.0
 10
655.7375310687655
 20
-400.0
 10
655.4875448771058
 20
-400.0
 10
655.2375586854461
 20
-400.0
 10
654.9875724937863
 20
-400.0
 10
654.7375863021265
 20
-400.0
 10
654.4876001104667
 20
-400.0
 10
654.237613918807
 20
-400.0
 10
653.9876277271471
 20
-400.0
 10
653.7376415354875
 20
-400.0
 10
653.4876553438277
 20
-400.0
 10
653.237669152168
 20
-400.0
 10
652.9876829605081
 20
-400.0
 10
652.7376967688484
 20
-400.0
 10
652.4877105771886
 20
-400.0
 10
652.237724385529
 20
-400.0
 10
651.9877381938691
 20
-400.0
 10
651.7377520022093
 20
-400.0
 10
651.4877658105496
 20
-400.0
 10
651.2377796188898
 20
-400.0
 10
650.98779342723
 20
-400.0
 10
650.7378072355702
 20
-400.0
 10
650.4878210439105
 20
-400.0
 10
650.2378348522508
 20
-400.0
 10
649.987848660591
 20
-400.0
 10
649.7378624689312
 20
-400.0
 10
649.4878762772714
 20
-400.0
 10
649.2378900856118
 20
-400.0
 10
648.987903893952
 20
-400.0
 10
648.7379177022922
 20
-400.0
 10
648.4879315106324
 20
-400.0
 10
648.2379453189727
 20
-400.0
 10
647.9879591273129
 20
-400.0
 10
647.7379729356531
 20
-400.0
 10
647.4879867439934
 20
-400.0
 10
647.2380005523336
 20
-400.0
 10
646.9880143606739
 20
-400.0
 10
646.7380281690141
 20
-400.0
 10
646.4880419773543
 20
-400.0
 10
646.2380557856945
 20
-400.0
 10
645.9880695940349
 20
-400.0
 10
645.7380834023751
 20
-400.0
 10
645.4880972107153
 20
-400.0
 10
645.2381110190555
 20
-400.0
 10
644.9881248273958
 20
-400.0
 10
644.738138635736
 20
-400.0
 10
644.4881524440763
 20
-400.0
 10
644.2381662524165
 20
-400.0
 10
643.9881800607567
 20
-400.0
 10
643.7381938690969
 20
-400.0
 10
643.4882076774372
 20
-400.0
 10
643.2382214857773
 20
-400.0
 10
642.9882352941177
 20
-400.0
 10
642.7382491024579
 20
-400.0
 10
642.4882629107982
 20
-400.0
 10
642.2382767191383
 20
-400.0
 10
641.9882905274786
 20
-400.0
 10
641.7383043358188
 20
-400.0
 10
641.4883181441592
 20
-400.0
 10
641.2383319524993
 20
-400.0
 10
640.9883457608395
 20
-400.0
 10
640.7383595691798
 20
-400.0
 10
640.48837337752
 20
-400.0
 10
640.2383871858602
 20
-400.0
 10
639.9884009942004
 20
-400.0
 10
639.7384148025408
 20
-400.0
 10
639.488428610881
 20
-400.0
 10
639.2384424192212
 20
-400.0
 10
638.9884562275614
 20
-400.0
 10
638.7384700359016
 20
-400.0
 10
638.488483844242
 20
-400.0
 10
638.2384976525822
 20
-400.0
 10
637.9885114609224
 20
-400.0
 10
637.7385252692626
 20
-400.0
 10
637.4885390776029
 20
-400.0
 10
637.2385528859431
 20
-400.0
 10
636.9885666942833
 20
-400.0
 10
636.7385805026236
 20
-400.0
 10
636.4885943109639
 20
-400.0
 10
636.2386081193041
 20
-400.0
 10
635.9886219276443
 20
-400.0
 10
635.7386357359845
 20
-400.0
 10
635.4886495443247
 20
-400.0
 10
635.2386633526651
 20
-400.0
 10
634.9886771610053
 20
-400.0
 10
634.7386909693455
 20
-400.0
 10
634.4887047776857
 20
-400.0
 10
634.238718586026
 20
-400.0
 10
633.9887323943663
 20
-400.0
 10
633.7387462027065
 20
-400.0
 10
633.4887600110467
 20
-400.0
 10
633.238773819387
 20
-400.0
 10
632.9887876277271
 20
-400.0
 10
632.7388014360674
 20
-400.0
 10
632.4888152444075
 20
-400.0
 10
632.2388290527479
 20
-400.0
 10
631.9888428610881
 20
-400.0
 10
631.7388566694284
 20
-400.0
 10
631.4888704777685
 20
-400.0
 10
631.2388842861088
 20
-400.0
 10
630.988898094449
 20
-400.0
 10
630.7389119027894
 20
-400.0
 10
630.4889257111295
 20
-400.0
 10
630.2389395194697
 20
-400.0
 10
629.98895332781
 20
-400.0
 10
629.7389671361502
 20
-400.0
 10
629.4889809444904
 20
-400.0
 10
629.2389947528306
 20
-400.0
 10
628.989008561171
 20
-400.0
 10
628.7390223695112
 20
-400.0
 10
628.4890361778514
 20
-400.0
 10
628.2390499861916
 20
-400.0
 10
627.989063794532
 20
-400.0
 10
627.7390776028722
 20
-400.0
 10
627.4890914112124
 20
-400.0
 10
627.2391052195526
 20
-400.0
 10
626.9891190278928
 20
-400.0
 10
626.7391328362331
 20
-400.0
 10
626.4891466445733
 20
-400.0
 10
626.2391604529136
 20
-400.0
 10
625.9891742612538
 20
-400.0
 10
625.7391880695941
 20
-400.0
 10
625.4892018779343
 20
-400.0
 10
625.2392156862745
 20
-400.0
 10
624.9892294946147
 20
-400.0
 10
624.7392433029551
 20
-400.0
 10
624.4892571112953
 20
-400.0
 10
624.2392709196355
 20
-400.0
 10
623.9892847279757
 20
-400.0
 10
623.7392985363159
 20
-400.0
 10
623.4893123446562
 20
-400.0
 10
623.2393261529965
 20
-400.0
 10
622.9893399613367
 20
-400.0
 10
622.7393537696769
 20
-400.0
 10
622.4893675780172
 20
-400.0
 10
622.2393813863574
 20
-400.0
 10
621.9893951946976
 20
-400.0
 10
621.7394090030377
 20
-400.0
 10
621.4894228113782
 20
-400.0
 10
621.2394366197183
 20
-400.0
 10
620.9894504280586
 20
-400.0
 10
620.7394642363987
 20
-400.0
 10
620.489478044739
 20
-400.0
 10
620.2394918530792
 20
-400.0
 10
619.9895056614196
 20
-400.0
 10
619.7395194697597
 20
-400.0
 10
619.4895332781
 20
-400.0
 10
619.2395470864402
 20
-400.0
 10
618.9895608947804
 20
-400.0
 10
618.7395747031206
 20
-400.0
 10
618.4895885114609
 20
-400.0
 10
618.2396023198012
 20
-400.0
 10
617.9896161281414
 20
-400.0
 10
617.7396299364816
 20
-400.0
 10
617.4896437448218
 20
-400.0
 10
617.2396575531621
 20
-400.0
 10
616.9896713615024
 20
-400.0
 10
616.7396851698426
 20
-400.0
 10
616.4896989781828
 20
-400.0
 10
616.2397127865231
 20
-400.0
 10
615.9897265948633
 20
-400.0
 10
615.7397404032035
 20
-400.0
 10
615.4897542115438
 20
-400.0
 10
615.239768019884
 20
-400.0
 10
614.9897818282243
 20
-400.0
 10
614.7397956365645
 20
-400.0
 10
614.4898094449047
 20
-400.0
 10
614.2398232532449
 20
-400.0
 10
613.9898370615853
 20
-400.0
 10
613.7398508699255
 20
-400.0
 10
613.4898646782657
 20
-400.0
 10
613.2398784866059
 20
-400.0
 10
612.9898922949462
 20
-400.0
 10
612.7399061032864
 20
-400.0
 10
612.4899199116267
 20
-400.0
 10
612.2399337199669
 20
-400.0
 10
611.9899475283071
 20
-400.0
 10
611.7399613366474
 20
-400.0
 10
611.4899751449876
 20
-400.0
 10
611.2399889533278
 20
-400.0
 10
610.990002761668
 20
-400.0
 10
610.7400165700084
 20
-400.0
 10
610.4900303783485
 20
-400.0
 10
610.2400441866888
 20
-400.0
 10
609.9900579950289
 20
-400.0
 10
609.7400718033693
 20
-400.0
 10
609.4900856117094
 20
-400.0
 10
609.2400994200498
 20
-400.0
 10
608.9901132283899
 20
-400.0
 10
608.7401270367302
 20
-400.0
 10
608.4901408450704
 20
-400.0
 10
608.2401546534106
 20
-400.0
 10
607.9901684617508
 20
-400.0
 10
607.7401822700912
 20
-400.0
 10
607.4901960784314
 20
-400.0
 10
607.2402098867716
 20
-400.0
 10
606.9902236951118
 20
-400.0
 10
606.740237503452
 20
-400.0
 10
606.4902513117923
 20
-400.0
 10
606.2402651201326
 20
-400.0
 10
605.9902789284728
 20
-400.0
 10
605.740292736813
 20
-400.0
 10
605.4903065451533
 20
-400.0
 10
605.2403203534935
 20
-400.0
 10
604.9903341618337
 20
-400.0
 10
604.740347970174
 20
-400.0
 10
604.4903617785143
 20
-400.0
 10
604.2403755868545
 20
-400.0
 10
603.9903893951947
 20
-400.0
 10
603.7404032035349
 20
-400.0
 10
603.4904170118751
 20
-400.0
 10
603.2404308202155
 20
-400.0
 10
602.9904446285557
 20
-400.0
 10
602.7404584368959
 20
-400.0
 10
602.4904722452361
 20
-400.0
 10
602.2404860535764
 20
-400.0
 10
601.9904998619166
 20
-400.0
 10
601.7405136702569
 20
-400.0
 10
601.4905274785971
 20
-400.0
 10
601.2405412869374
 20
-400.0
 10
600.9905550952776
 20
-400.0
 10
600.7405689036178
 20
-400.0
 10
600.490582711958
 20
-400.0
 10
600.2405965202983
 20
-400.0
 10
599.9906103286386
 20
-400.0
 10
599.7406241369787
 20
-400.0
 10
599.490637945319
 20
-400.0
 10
599.2406517536592
 20
-400.0
 10
598.9906655619995
 20
-400.0
 10
598.7406793703396
 20
-400.0
 10
598.49069317868
 20
-400.0
 10
598.2407069870201
 20
-400.0
 10
597.9907207953605
 20
-400.0
 10
597.7407346037006
 20
-400.0
 10
597.4907484120408
 20
-400.0
 10
597.240762220381
 20
-400.0
 10
596.9907760287214
 20
-400.0
 10
596.7407898370616
 20
-400.0
 10
596.4908036454018
 20
-400.0
 10
596.240817453742
 20
-400.0
 10
595.9908312620823
 20
-400.0
 10
595.7408450704227
 20
-400.0
 10
595.4908588787628
 20
-400.0
 10
595.2408726871031
 20
-400.0
 10
594.9908864954432
 20
-400.0
 10
594.7409003037835
 20
-400.0
 10
594.4909141121237
 20
-400.0
 10
594.240927920464
 20
-400.0
 10
593.9909417288042
 20
-400.0
 10
593.7409555371445
 20
-400.0
 10
593.4909693454847
 20
-400.0
 10
593.2409831538249
 20
-400.0
 10
592.9909969621651
 20
-400.0
 10
592.7410107705055
 20
-400.0
 10
592.4910245788458
 20
-400.0
 10
592.2410383871859
 20
-400.0
 10
591.9910521955261
 20
-400.0
 10
591.7410660038663
 20
-400.0
 10
591.4910798122066
 20
-400.0
 10
591.2410936205468
 20
-400.0
 10
590.9911074288871
 20
-400.0
 10
590.7411212372273
 20
-400.0
 10
590.4911350455676
 20
-400.0
 10
590.2411488539078
 20
-400.0
 10
589.991162662248
 20
-400.0
 10
589.7411764705882
 20
-400.0
 10
589.4911902789285
 20
-400.0
 10
589.2412040872689
 20
-400.0
 10
588.9912178956089
 20
-400.0
 10
588.7412317039492
 20
-400.0
 10
588.4912455122894
 20
-400.0
 10
588.2412593206298
 20
-400.0
 10
587.9912731289699
 20
-400.0
 10
587.7412869373102
 20
-400.0
 10
587.4913007456504
 20
-400.0
 10
587.2413145539907
 20
-400.0
 10
586.9913283623308
 20
-400.0
 10
586.741342170671
 20
-400.0
 10
586.4913559790112
 20
-400.0
 10
586.2413697873516
 20
-400.0
 10
585.9913835956918
 20
-400.0
 10
585.741397404032
 20
-400.0
 10
585.4914112123722
 20
-400.0
 10
585.2414250207125
 20
-400.0
 10
584.9914388290528
 20
-400.0
 10
584.741452637393
 20
-400.0
 10
584.4914664457332
 20
-400.0
 10
584.2414802540735
 20
-400.0
 10
583.9914940624137
 20
-400.0
 10
583.7415078707539
 20
-400.0
 10
583.4915216790941
 20
-400.0
 10
583.2415354874344
 20
-400.0
 10
582.9915492957747
 20
-400.0
 10
582.7415631041149
 20
-400.0
 10
582.4915769124551
 20
-400.0
 10
582.2415907207953
 20
-400.0
 10
581.9916045291357
 20
-400.0
 10
581.7416183374759
 20
-400.0
 10
581.4916321458161
 20
-400.0
 10
581.2416459541563
 20
-400.0
 10
580.9916597624966
 20
-400.0
 10
580.7416735708368
 20
-400.0
 10
580.491687379177
 20
-400.0
 10
580.2417011875173
 20
-400.0
 10
579.9917149958575
 20
-400.0
 10
579.7417288041978
 20
-400.0
 10
579.491742612538
 20
-400.0
 10
579.2417564208782
 20
-400.0
 10
578.9917702292184
 20
-400.0
 10
578.7417840375588
 20
-400.0
 10
578.491797845899
 20
-400.0
 10
578.2418116542392
 20
-400.0
 10
577.9918254625794
 20
-400.0
 10
577.7418392709196
 20
-400.0
 10
577.49185307926
 20
-400.0
 10
577.2418668876
 20
-400.0
 10
576.9918806959404
 20
-400.0
 10
576.7418945042806
 20
-400.0
 10
576.4919083126209
 20
-400.0
 10
576.241922120961
 20
-400.0
 10
575.9919359293013
 20
-400.0
 10
575.7419497376416
 20
-400.0
 10
575.4919635459819
 20
-400.0
 10
575.241977354322
 20
-400.0
 10
574.9919911626623
 20
-400.0
 10
574.7420049710024
 20
-400.0
 10
574.4920187793427
 20
-400.0
 10
574.242032587683
 20
-400.0
 10
573.9920463960232
 20
-400.0
 10
573.7420602043634
 20
-400.0
 10
573.4920740127037
 20
-400.0
 10
573.2420878210439
 20
-400.0
 10
572.9921016293841
 20
-400.0
 10
572.7421154377244
 20
-400.0
 10
572.4921292460647
 20
-400.0
 10
572.242143054405
 20
-400.0
 10
571.9921568627451
 20
-400.0
 10
571.7421706710854
 20
-400.0
 10
571.4921844794255
 20
-400.0
 10
571.2421982877659
 20
-400.0
 10
570.9922120961061
 20
-400.0
 10
570.7422259044463
 20
-400.0
 10
570.4922397127865
 20
-400.0
 10
570.2422535211268
 20
-400.0
 10
569.992267329467
 20
-400.0
 10
569.7422811378073
 20
-400.0
 10
569.4922949461475
 20
-400.0
 10
569.2423087544878
 20
-400.0
 10
568.9923225628281
 20
-400.0
 10
568.7423363711682
 20
-400.0
 10
568.4923501795084
 20
-400.0
 10
568.2423639878486
 20
-400.0
 10
567.992377796189
 20
-400.0
 10
567.7423916045292
 20
-400.0
 10
567.4924054128693
 20
-400.0
 10
567.2424192212096
 20
-400.0
 10
566.9924330295498
 20
-400.0
 10
566.7424468378902
 20
-400.0
 10
566.4924606462303
 20
-400.0
 10
566.2424744545706
 20
-400.0
 10
565.9924882629108
 20
-400.0
 10
565.7425020712512
 20
-400.0
 10
565.4925158795912
 20
-400.0
 10
565.2425296879316
 20
-400.0
 10
564.9925434962718
 20
-400.0
 10
564.742557304612
 20
-400.0
 10
564.4925711129522
 20
-400.0
 10
564.2425849212924
 20
-400.0
 10
563.9925987296327
 20
-400.0
 10
563.742612537973
 20
-400.0
 10
563.4926263463132
 20
-400.0
 10
563.2426401546534
 20
-400.0
 10
562.9926539629936
 20
-400.0
 10
562.7426677713339
 20
-400.0
 10
562.4926815796741
 20
-400.0
 10
562.2426953880143
 20
-400.0
 10
561.9927091963546
 20
-400.0
 10
561.7427230046949
 20
-400.0
 10
561.4927368130351
 20
-400.0
 10
561.2427506213753
 20
-400.0
 10
560.9927644297155
 20
-400.0
 10
560.7427782380558
 20
-400.0
 10
560.4927920463961
 20
-400.0
 10
560.2428058547363
 20
-400.0
 10
559.9928196630765
 20
-400.0
 10
559.7428334714167
 20
-400.0
 10
559.492847279757
 20
-400.0
 10
559.2428610880972
 20
-400.0
 10
558.9928748964375
 20
-400.0
 10
558.7428887047777
 20
-400.0
 10
558.492902513118
 20
-400.0
 10
558.2429163214582
 20
-400.0
 10
557.9929301297984
 20
-400.0
 10
557.7429439381386
 20
-400.0
 10
557.492957746479
 20
-400.0
 10
557.2429715548192
 20
-400.0
 10
556.9929853631594
 20
-400.0
 10
556.7429991714995
 20
-400.0
 10
556.4930129798398
 20
-400.0
 10
556.24302678818
 20
-400.0
 10
555.9930405965204
 20
-400.0
 10
555.7430544048605
 20
-400.0
 10
555.4930682132008
 20
-400.0
 10
555.243082021541
 20
-400.0
 10
554.9930958298813
 20
-400.0
 10
554.7431096382214
 20
-400.0
 10
554.4931234465618
 20
-400.0
 10
554.243137254902
 20
-400.0
 10
553.9931510632422
 20
-400.0
 10
553.7431648715824
 20
-400.0
 10
553.4931786799226
 20
-400.0
 10
553.2431924882629
 20
-400.0
 10
552.9932062966031
 20
-400.0
 10
552.7432201049434
 20
-400.0
 10
552.4932339132836
 20
-400.0
 10
552.2432477216239
 20
-400.0
 10
551.9932615299641
 20
-400.0
 10
551.7432753383043
 20
-400.0
 10
551.4932891466445
 20
-400.0
 10
551.2433029549848
 20
-400.0
 10
550.9933167633251
 20
-400.0
 10
550.7433305716653
 20
-400.0
 10
550.4933443800055
 20
-400.0
 10
550.2433581883457
 20
-400.0
 10
549.993371996686
 20
-400.0
 10
549.7433858050263
 20
-400.0
 10
549.4933996133665
 20
-400.0
 10
549.2434134217067
 20
-400.0
 10
548.993427230047
 20
-400.0
 10
548.7434410383872
 20
-400.0
 10
548.4934548467274
 20
-400.0
 10
548.2434686550677
 20
-400.0
 10
547.9934824634079
 20
-400.0
 10
547.7434962717482
 20
-400.0
 10
547.4935100800884
 20
-400.0
 10
547.2435238884286
 20
-400.0
 10
546.9935376967688
 20
-400.0
 10
546.7435515051092
 20
-400.0
 10
546.4935653134494
 20
-400.0
 10
546.2435791217896
 20
-400.0
 10
545.9935929301298
 20
-400.0
 10
545.7436067384701
 20
-400.0
 10
545.4936205468102
 20
-400.0
 10
545.2436343551506
 20
-400.0
 10
544.9936481634907
 20
-400.0
 10
544.743661971831
 20
-400.0
 10
544.4936757801712
 20
-400.0
 10
544.2436895885115
 20
-400.0
 10
543.9937033968516
 20
-400.0
 10
543.743717205192
 20
-400.0
 10
543.4937310135322
 20
-400.0
 10
543.2437448218725
 20
-400.0
 10
542.9937586302126
 20
-400.0
 10
542.7437724385528
 20
-400.0
 10
542.4937862468931
 20
-400.0
 10
542.2438000552334
 20
-400.0
 10
541.9938138635736
 20
-400.0
 10
541.7438276719138
 20
-400.0
 10
541.4938414802541
 20
-400.0
 10
541.2438552885943
 20
-400.0
 10
540.9938690969345
 20
-400.0
 10
540.7438829052747
 20
-400.0
 10
540.4938967136151
 20
-400.0
 10
540.2439105219553
 20
-400.0
 10
539.9939243302955
 20
-400.0
 10
539.7439381386357
 20
-400.0
 10
539.4939519469759
 20
-400.0
 10
539.2439657553163
 20
-400.0
 10
538.9939795636565
 20
-400.0
 10
538.7439933719967
 20
-400.0
 10
538.4940071803369
 20
-400.0
 10
538.2440209886772
 20
-400.0
 10
537.9940347970174
 20
-400.0
 10
537.7440486053576
 20
-400.0
 10
537.4940624136979
 20
-400.0
 10
537.2440762220382
 20
-400.0
 10
536.9940900303784
 20
-400.0
 10
536.7441038387186
 20
-400.0
 10
536.4941176470588
 20
-400.0
 10
536.244131455399
 20
-400.0
 10
535.9941452637394
 20
-400.0
 10
535.7441590720796
 20
-400.0
 10
535.4941728804198
 20
-400.0
 10
535.24418668876
 20
-400.0
 10
534.9942004971003
 20
-400.0
 10
534.7442143054406
 20
-400.0
 10
534.4942281137808
 20
-400.0
 10
534.2442419221209
 20
-400.0
 10
533.9942557304613
 20
-400.0
 10
533.7442695388014
 20
-400.0
 10
533.4942833471417
 20
-400.0
 10
533.2442971554818
 20
-400.0
 10
532.9943109638222
 20
-400.0
 10
532.7443247721624
 20
-400.0
 10
532.4943385805026
 20
-400.0
 10
532.2443523888428
 20
-400.0
 10
531.994366197183
 20
-400.0
 10
531.7443800055233
 20
-400.0
 10
531.4943938138636
 20
-400.0
 10
531.2444076222038
 20
-400.0
 10
530.994421430544
 20
-400.0
 10
530.7444352388843
 20
-400.0
 10
530.4944490472245
 20
-400.0
 10
530.2444628555647
 20
-400.0
 10
529.994476663905
 20
-400.0
 10
529.7444904722453
 20
-400.0
 10
529.4945042805855
 20
-400.0
 10
529.2445180889257
 20
-400.0
 10
528.9945318972659
 20
-400.0
 10
528.7445457056062
 20
-400.0
 10
528.4945595139465
 20
-400.0
 10
528.2445733222867
 20
-400.0
 10
527.9945871306269
 20
-400.0
 10
527.7446009389671
 20
-400.0
 10
527.4946147473074
 20
-400.0
 10
527.2446285556476
 20
-400.0
 10
526.9946423639879
 20
-400.0
 10
526.7446561723281
 20
-400.0
 10
526.4946699806684
 20
-400.0
 10
526.2446837890086
 20
-400.0
 10
525.9946975973488
 20
-400.0
 10
525.744711405689
 20
-400.0
 10
525.4947252140294
 20
-400.0
 10
525.2447390223696
 20
-400.0
 10
524.9947528307098
 20
-400.0
 10
524.74476663905
 20
-400.0
 10
524.4947804473902
 20
-400.0
 10
524.2447942557305
 20
-400.0
 10
523.9948080640708
 20
-400.0
 10
523.744821872411
 20
-400.0
 10
523.4948356807512
 20
-400.0
 10
523.2448494890915
 20
-400.0
 10
522.9948632974316
 20
-400.0
 10
522.7448771057719
 20
-400.0
 10
522.494890914112
 20
-400.0
 10
522.2449047224525
 20
-400.0
 10
521.9949185307926
 20
-400.0
 10
521.7449323391328
 20
-400.0
 10
521.494946147473
 20
-400.0
 10
521.2449599558133
 20
-400.0
 10
520.9949737641535
 20
-400.0
 10
520.7449875724938
 20
-400.0
 10
520.495001380834
 20
-400.0
 10
520.2450151891742
 20
-400.0
 10
519.9950289975145
 20
-400.0
 10
519.7450428058547
 20
-400.0
 10
519.4950566141949
 20
-400.0
 10
519.2450704225352
 20
-400.0
 10
518.9950842308755
 20
-400.0
 10
518.7450980392157
 20
-400.0
 10
518.4951118475559
 20
-400.0
 10
518.2451256558961
 20
-400.0
 10
517.9951394642364
 20
-400.0
 10
517.7451532725767
 20
-400.0
 10
517.4951670809169
 20
-400.0
 10
517.2451808892571
 20
-400.0
 10
516.9951946975973
 20
-400.0
 10
516.7452085059376
 20
-400.0
 10
516.4952223142778
 20
-400.0
 10
516.245236122618
 20
-400.0
 10
515.9952499309583
 20
-400.0
 10
515.7452637392986
 20
-400.0
 10
515.4952775476388
 20
-400.0
 10
515.245291355979
 20
-400.0
 10
514.9953051643192
 20
-400.0
 10
514.7453189726596
 20
-400.0
 10
514.4953327809998
 20
-400.0
 10
514.24534658934
 20
-400.0
 10
513.9953603976802
 20
-400.0
 10
513.7453742060205
 20
-400.0
 10
513.4953880143607
 20
-400.0
 10
513.245401822701
 20
-400.0
 10
512.9954156310412
 20
-400.0
 10
512.7454294393814
 20
-400.0
 10
512.4954432477217
 20
-400.0
 10
512.2454570560618
 20
-400.0
 10
511.9954708644022
 20
-400.0
 10
511.74548467274224
 20
-400.0
 10
511.4954984810827
 20
-400.0
 10
511.24551228942283
 20
-400.0
 10
510.995526097763
 20
-400.0
 10
510.7455399061032
 20
-400.0
 10
510.49555371444353
 20
-400.0
 10
510.24556752278374
 20
-400.0
 10
509.99558133112396
 20
-400.0
 10
509.74559513946417
 20
-400.0
 10
509.4956089478045
 20
-400.0
 10
509.2456227561447
 20
-400.0
 10
508.9956365644849
 20
-400.0
 10
508.74565037282514
 20
-400.0
 10
508.49566418116535
 20
-400.0
 10
508.24567798950574
 20
-400.0
 10
507.9956917978459
 20
-400.0
 10
507.7457056061861
 20
-400.0
 10
507.4957194145263
 20
-400.0
 10
507.24573322286665
 20
-400.0
 10
506.99574703120686
 20
-400.0
 10
506.7457608395471
 20
-400.0
 10
506.4957746478873
 20
-400.0
 10
506.2457884562276
 20
-400.0
 10
505.9958022645678
 20
-400.0
 10
505.74581607290804
 20
-400.0
 10
505.49582988124826
 20
-400.0
 10
505.24584368958847
 20
-400.0
 10
504.9958574979288
 20
-400.0
 10
504.745871306269
 20
-400.0
 10
504.4958851146092
 20
-400.0
 10
504.24589892294944
 20
-400.0
 10
503.99591273128976
 20
-400.0
 10
503.74592653963
 20
-400.0
 10
503.4959403479702
 20
-400.0
 10
503.24595415631046
 20
-400.0
 10
502.99596796465073
 20
-400.0
 10
502.74598177299094
 20
-400.0
 10
502.49599558133116
 20
-400.0
 10
502.24600938967137
 20
-400.0
 10
501.9960231980117
 20
-400.0
 10
501.7460370063519
 20
-400.0
 10
501.496050814692
 20
-400.0
 10
501.24606462303234
 20
-400.0
 10
500.99607843137255
 20
-400.0
 10
500.7460922397129
 20
-400.0
 10
500.496106048053
 20
-400.0
 10
500.24611985639336
 20
-400.0
 10
499.9961336647334
 20
-400.0
 10
499.7461474730738
 20
-400.0
 10
499.496161281414
 20
-400.0
 10
499.24617508975416
 20
-400.0
 10
498.9961888980944
 20
-400.0
 10
498.7462027064347
 20
-400.0
 10
498.4962165147749
 20
-400.0
 10
498.2462303231151
 20
-400.0
 10
497.99624413145534
 20
-400.0
 10
497.74625793979567
 20
-400.0
 10
497.4962717481359
 20
-400.0
 10
497.2462855564761
 20
-400.0
 10
496.9962993648163
 20
-400.0
 10
496.7463131731565
 20
-400.0
 10
496.4963269814969
 20
-400.0
 10
496.24634078983706
 20
-400.0
 10
495.9963545981773
 20
-400.0
 10
495.7463684065175
 20
-400.0
 10
495.4963822148578
 20
-400.0
 10
495.24639602319803
 20
-400.0
 10
494.99640983153824
 20
-400.0
 10
494.74642363987846
 20
-400.0
 10
494.4964374482188
 20
-400.0
 10
494.246451256559
 20
-400.0
 10
493.9964650648992
 20
-400.0
 10
493.7464788732394
 20
-400.0
 10
493.49649268157964
 20
-400.0
 10
493.24650648991997
 20
-400.0
 10
492.9965202982602
 20
-400.0
 10
492.7465341066004
 20
-400.0
 10
492.4965479149406
 20
-400.0
 10
492.246561723281
 20
-400.0
 10
491.9965755316212
 20
-400.0
 10
491.7465893399614
 20
-400.0
 10
491.49660314830163
 20
-400.0
 10
491.2466169566419
 20
-400.0
 10
490.9966307649821
 20
-400.0
 10
490.7466445733223
 20
-400.0
 10
490.49665838166254
 20
-400.0
 10
490.24667219000276
 20
-400.0
 10
489.9966859983431
 20
-400.0
 10
489.7466998066832
 20
-400.0
 10
489.4967136150235
 20
-400.0
 10
489.2467274233637
 20
-400.0
 10
488.99674123170394
 20
-400.0
 10
488.74675504004415
 20
-400.0
 10
488.49676884838436
 20
-400.0
 10
488.2467826567246
 20
-400.0
 10
487.99679646506496
 20
-400.0
 10
487.7468102734052
 20
-400.0
 10
487.4968240817454
 20
-400.0
 10
487.24683789008554
 20
-400.0
 10
486.99685169842587
 20
-400.0
 10
486.7468655067661
 20
-400.0
 10
486.49687931510636
 20
-400.0
 10
486.24689312344657
 20
-400.0
 10
485.99690693178684
 20
-400.0
 10
485.74692074012705
 20
-400.0
 10
485.49693454846727
 20
-400.0
 10
485.2469483568075
 20
-400.0
 10
484.9969621651477
 20
-400.0
 10
484.7469759734881
 20
-400.0
 10
484.4969897818283
 20
-400.0
 10
484.24700359016845
 20
-400.0
 10
483.99701739850866
 20
-400.0
 10
483.747031206849
 20
-400.0
 10
483.49704501518926
 20
-400.0
 10
483.24705882352947
 20
-400.0
 10
482.9970726318697
 20
-400.0
 10
482.74708644020996
 20
-400.0
 10
482.49710024855017
 20
-400.0
 10
482.2471140568904
 20
-400.0
 10
481.9971278652306
 20
-400.0
 10
481.7471416735708
 20
-400.0
 10
481.4971554819112
 20
-400.0
 10
481.24716929025135
 20
-400.0
 10
480.99718309859156
 20
-400.0
 10
480.7471969069318
 20
-400.0
 10
480.49721071527216
 20
-400.0
 10
480.2472245236124
 20
-400.0
 10
479.9972383319526
 20
-400.0
 10
479.7472521402928
 20
-400.0
 10
479.49726594863307
 20
-400.0
 10
479.2472797569733
 20
-400.0
 10
478.99729356531344
 20
-400.0
 10
478.7473073736537
 20
-400.0
 10
478.4973211819939
 20
-400.0
 10
478.24733499033414
 20
-400.0
 10
477.99734879867435
 20
-400.0
 10
477.74736260701457
 20
-400.0
 10
477.4973764153549
 20
-400.0
 10
477.2473902236951
 20
-400.0
 10
476.9974040320353
 20
-400.0
 10
476.74741784037553
 20
-400.0
 10
476.49743164871575
 20
-400.0
 10
476.2474454570561
 20
-400.0
 10
475.99745926539634
 20
-400.0
 10
475.74747307373656
 20
-400.0
 10
475.4974868820767
 20
-400.0
 10
475.24750069041704
 20
-400.0
 10
474.99751449875725
 20
-400.0
 10
474.74752830709747
 20
-400.0
 10
474.4975421154377
 20
-400.0
 10
474.247555923778
 20
-400.0
 10
473.9975697321182
 20
-400.0
 10
473.74758354045844
 20
-400.0
 10
473.49759734879865
 20
-400.0
 10
473.24761115713886
 20
-400.0
 10
472.99762496547925
 20
-400.0
 10
472.74763877381946
 20
-400.0
 10
472.4976525821596
 20
-400.0
 10
472.24766639049983
 20
-400.0
 10
471.99768019884016
 20
-400.0
 10
471.74769400718037
 20
-400.0
 10
471.4977078155206
 20
-400.0
 10
471.2477216238608
 20
-400.0
 10
470.9977354322011
 20
-400.0
 10
470.74774924054134
 20
-400.0
 10
470.49776304888155
 20
-400.0
 10
470.24777685722177
 20
-400.0
 10
469.997790665562
 20
-400.0
 10
469.74780447390236
 20
-400.0
 10
469.4978182822425
 20
-400.0
 10
469.24783209058273
 20
-400.0
 10
468.99784589892295
 20
-400.0
 10
468.7478597072633
 20
-400.0
 10
468.4978735156035
 20
-400.0
 10
468.2478873239436
 20
-400.0
 10
467.9979011322839
 20
-400.0
 10
467.7479149406241
 20
-400.0
 10
467.49792874896434
 20
-400.0
 10
467.2479425573046
 20
-400.0
 10
466.9979563656448
 20
-400.0
 10
466.7479701739851
 20
-400.0
 10
466.4979839823253
 20
-400.0
 10
466.2479977906655
 20
-400.0
 10
465.99801159900574
 20
-400.0
 10
465.74802540734606
 20
-400.0
 10
465.4980392156863
 20
-400.0
 10
465.2480530240265
 20
-400.0
 10
464.9980668323667
 20
-400.0
 10
464.7480806407069
 20
-400.0
 10
464.49809444904724
 20
-400.0
 10
464.2481082573875
 20
-400.0
 10
463.9981220657277
 20
-400.0
 10
463.7481358740679
 20
-400.0
 10
463.4981496824082
 20
-400.0
 10
463.2481634907484
 20
-400.0
 10
462.99817729908864
 20
-400.0
 10
462.74819110742885
 20
-400.0
 10
462.4982049157692
 20
-400.0
 10
462.2482187241094
 20
-400.0
 10
461.9982325324496
 20
-400.0
 10
461.7482463407898
 20
-400.0
 10
461.49826014913003
 20
-400.0
 10
461.2482739574704
 20
-400.0
 10
460.99828776581063
 20
-400.0
 10
460.7483015741508
 20
-400.0
 10
460.498315382491
 20
-400.0
 10
460.2483291908313
 20
-400.0
 10
459.99834299917154
 20
-400.0
 10
459.74835680751175
 20
-400.0
 10
459.49837061585197
 20
-400.0
 10
459.2483844241923
 20
-400.0
 10
458.9983982325325
 20
-400.0
 10
458.7484120408727
 20
-400.0
 10
458.49842584921294
 20
-400.0
 10
458.24843965755315
 20
-400.0
 10
457.99845346589353
 20
-400.0
 10
457.7484672742337
 20
-400.0
 10
457.4984810825739
 20
-400.0
 10
457.2484948909141
 20
-400.0
 10
456.99850869925433
 20
-400.0
 10
456.74852250759454
 20
-400.0
 10
456.49853631593476
 20
-400.0
 10
456.24855012427497
 20
-400.0
 10
455.9985639326153
 20
-400.0
 10
455.74857774095557
 20
-400.0
 10
455.4985915492958
 20
-400.0
 10
455.248605357636
 20
-400.0
 10
454.99861916597627
 20
-400.0
 10
454.7486329743165
 20
-400.0
 10
454.4986467826567
 20
-400.0
 10
454.2486605909969
 20
-400.0
 10
453.99867439933723
 20
-400.0
 10
453.74868820767745
 20
-400.0
 10
453.49870201601766
 20
-400.0
 10
453.2487158243579
 20
-400.0
 10
452.9987296326981
 20
-400.0
 10
452.74874344103847
 20
-400.0
 10
452.4987572493787
 20
-400.0
 10
452.2487710577189
 20
-400.0
 10
451.99878486605905
 20
-400.0
 10
451.7487986743994
 20
-400.0
 10
451.4988124827396
 20
-400.0
 10
451.2488262910798
 20
-400.0
 10
450.99884009942
 20
-400.0
 10
450.74885390776035
 20
-400.0
 10
450.49886771610056
 20
-400.0
 10
450.2488815244408
 20
-400.0
 10
449.998895332781
 20
-400.0
 10
449.7489091411212
 20
-400.0
 10
449.4989229494616
 20
-400.0
 10
449.2489367578018
 20
-400.0
 10
448.99895056614196
 20
-400.0
 10
448.74896437448217
 20
-400.0
 10
448.4989781828225
 20
-400.0
 10
448.2489919911627
 20
-400.0
 10
447.9990057995029
 20
-400.0
 10
447.74901960784314
 20
-400.0
 10
447.49903341618347
 20
-400.0
 10
447.2490472245237
 20
-400.0
 10
446.9990610328639
 20
-400.0
 10
446.7490748412041
 20
-400.0
 10
446.4990886495443
 20
-400.0
 10
446.24910245788453
 20
-400.0
 10
445.99911626622475
 20
-400.0
 10
445.74913007456496
 20
-400.0
 10
445.4991438829053
 20
-400.0
 10
445.2491576912455
 20
-400.0
 10
444.9991714995857
 20
-400.0
 10
444.7491853079259
 20
-400.0
 10
444.49919911626614
 20
-400.0
 10
444.2492129246065
 20
-400.0
 10
443.99922673294674
 20
-400.0
 10
443.74924054128695
 20
-400.0
 10
443.49925434962717
 20
-400.0
 10
443.24926815796744
 20
-400.0
 10
442.99928196630765
 20
-400.0
 10
442.74929577464786
 20
-400.0
 10
442.4993095829881
 20
-400.0
 10
442.2493233913284
 20
-400.0
 10
441.9993371996686
 20
-400.0
 10
441.74935100800883
 20
-400.0
 10
441.49936481634904
 20
-400.0
 10
441.24937862468926
 20
-400.0
 10
440.99939243302964
 20
-400.0
 10
440.74940624136985
 20
-400.0
 10
440.49942004971007
 20
-400.0
 10
440.2494338580502
 20
-400.0
 10
439.99944766639055
 20
-400.0
 10
439.74946147473077
 20
-400.0
 10
439.499475283071
 20
-400.0
 10
439.2494890914112
 20
-400.0
 10
438.9995028997515
 20
-400.0
 10
438.74951670809173
 20
-400.0
 10
438.49953051643195
 20
-400.0
 10
438.24954432477216
 20
-400.0
 10
437.9995581331124
 20
-400.0
 10
437.74957194145276
 20
-400.0
 10
437.49958574979297
 20
-400.0
 10
437.2495995581331
 20
-400.0
 10
436.99961336647334
 20
-400.0
 10
436.74962717481367
 20
-400.0
 10
436.4996409831539
 20
-400.0
 10
436.2496547914941
 20
-400.0
 10
435.9996685998343
 20
-400.0
 10
435.74968240817464
 20
-400.0
 10
435.49969621651485
 20
-400.0
 10
435.249710024855
 20
-400.0
 10
434.9997238331952
 20
-400.0
 10
434.7497376415355
 20
-400.0
 10
434.4997514498757
 20
-400.0
 10
434.2497652582159
 20
-400.0
 10
433.99977906655613
 20
-400.0
 10
433.74979287489646
 20
-400.0
 10
433.49980668323667
 20
-400.0
 10
433.2498204915769
 20
-400.0
 10
432.9998342999171
 20
-400.0
 10
432.7498481082573
 20
-400.0
 10
432.4998619165977
 20
-400.0
 10
432.2498757249379
 20
-400.0
 10
431.9998895332781
 20
-400.0
 10
431.74990334161834
 20
-400.0
 10
431.4999171499586
 20
-400.0
 10
431.2499309582988
 20
-400.0
 10
430.99994476663903
 20
-400.0
 10
430.74995857497925
 20
-400.0
 10
430.4999723833196
 20
-400.0
 10
430.2499861916598
 20
-400.0
  0
LWPOLYLINE
  5
DB
330
17
100
AcDbEntity
  8
GEOMETRY
100
AcDbPolyline
 90
72
 70
1
 10
652.5500001185763
 20
-394.0000000451888
 10
652.5414381892831
 20
-393.80389962401335
 10
652.5158175628551
 20
-393.6092916454517
 10
652.4733332277294
 20
-393.41765719372825
 10
652.4143085153494
 20
-393.2304547227326
 10
652.3391926394161
 20
-393.049108956305
 10
652.2485572771018
 20
-392.87500004522764
 10
652.1430922182407
 20
-392.70945306344345
 10
652.0236001156122
 20
-392.553727923444
 10
651.8909903762689
 20
-392.40900978757395
 10
651.7462722403989
 20
-392.2764000482306
 10
651.5905471003994
 20
-392.15690794560214
 10
651.4250001186152
 20
-392.05144288674103
 10
651.2508912075377
 20
-391.9608075244267
 10
651.0695454411102
 20
-391.88569164849343
 10
650.8823429701146
 20
-391.8266669361134
 10
650.6907085183911
 20
-391.7841826009878
 10
650.4961005398295
 20
-391.7585619745597
 10
650.300000118654
 20
-391.7500000452664
 10
650.1038996974785
 20
-391.7585619745597
 10
649.9092917189168
 20
-391.7841826009878
 10
649.7176572671934
 20
-391.8266669361134
 10
649.5304547961978
 20
-391.88569164849343
 10
649.3491090297703
 20
-391.9608075244267
 10
649.1750001186928
 20
-392.05144288674103
 10
649.0094531369086
 20
-392.15690794560214
 10
648.8537279969091
 20
-392.2764000482306
 10
648.7090098610391
 20
-392.40900978757395
 10
648.5764001216958
 20
-392.553727923444
 10
648.4569080190673
 20
-392.70945306344345
 10
648.3514429602062
 20
-392.87500004522764
 10
648.2608075978919
 20
-393.049108956305
 10
648.1856917219586
 20
-393.2304547227326
 10
648.1266670095786
 20
-393.41765719372825
 10
648.0841826744529
 20
-393.6092916454517
 10
648.0585620480249
 20
-393.80389962401335
 10
648.0500001187316
 20
-394.0000000451888
 10
648.0585620480249
 20
-394.19610046636427
 10
648.0841826744529
 20
-394.3907084449259
 10
648.1266670095786
 20
-394.5823428966494
 10
648.1856917219586
 20
-394.76954536764504
 10
648.2608075978919
 20
-394.9508911340726
 10
648.3514429602062
 20
-395.12500004515
 10
648.4569080190673
 20
-395.2905470269342
 10
648.5764001216958
 20
-395.4462721669336
 10
648.7090098610391
 20
-395.5909903028037
 10
648.8537279969091
 20
-395.72360004214704
 10
649.0094531369086
 20
-395.8430921447755
 10
649.1750001186928
 20
-395.9485572036366
 10
649.3491090297703
 20
-396.03919256595094
 10
649.5304547961978
 20
-396.1143084418842
 10
649.7176572671934
 20
-396.17333315426424
 10
649.9092917189168
 20
-396.21581748938985
 10
650.1038996974785
 20
-396.2414381158179
 10
650.300000118654
 20
-396.2500000451112
 10
650.4961005398295
 20
-396.2414381158179
 10
650.6907085183911
 20
-396.21581748938985
 10
650.8823429701146
 20
-396.17333315426424
 10
651.0695454411102
 20
-396.1143084418842
 10
651.2508912075377
 20
-396.03919256595094
 10
651.4250001186152
 20
-395.9485572036366
 10
651.5905471003994
 20
-395.8430921447755
 10
651.7462722403989
 20
-395.72360004214704
 10
651.8909903762689
 20
-395.5909903028037
 10
652.0236001156122
 20
-395.4462721669336
 10
652.1430922182407
 20
-395.2905470269342
 10
652.2485572771018
 20
-395.12500004515
 10
652.3391926394161
 20
-394.9508911340726
 10
652.4143085153494
 20
-394.76954536764504
 10
652.4733332277294
 20
-394.5823428966494
 10
652.5158175628551
 20
-394.3907084449259
 10
652.5414381892831
 20
-394.19610046636427
  0
LWPOLYLINE
  5
DC
330
17
100
AcDbEntity
  8
GEOMETRY
100
AcDbPolyline
 90
72
 70
1
 10
652.5500001090181
 20
-179.70000001063187
 10
652.5414381797249
 20
-179.50389958945865
 10
652.5158175532971
 20
-179.30929161089924
 10
652.473333218172
 20
-179.11765715917798
 10
652.4143085057926
 20
-178.9304546881845
 10
652.3391926298602
 20
-178.74910892175902
 10
652.248557267547
 20
-178.5750000106836
 10
652.143092208687
 20
-178.40945302890137
 10
652.02360010606
 20
-178.25372788890368
 10
651.8909903667181
 20
-178.1090097530353
 10
651.7462722308497
 20
-177.97640001369345
 10
651.590547090852
 20
-177.8569079110664
 10
651.4250001090699
 20
-177.7514428522065
 10
651.2508911979944
 20
-177.6608074898932
 10
651.0695454315689
 20
-177.58569161396082
 10
650.8823429605754
 20
-177.52666690158142
 10
650.6907085088542
 20
-177.4841825664563
 10
650.4961005302948
 20
-177.45856194002852
 10
650.3000001091216
 20
-177.45000001073535
 10
650.1038996879483
 20
-177.45856194002852
 10
649.909291709389
 20
-177.4841825664563
 10
649.7176572576677
 20
-177.52666690158142
 10
649.5304547866742
 20
-177.58569161396082
 10
649.3491090202488
 20
-177.6608074898932
 10
649.1750001091733
 20
-177.7514428522065
 10
649.0094531273911
 20
-177.8569079110664
 10
648.8537279873934
 20
-177.97640001369345
 10
648.709009851525
 20
-178.1090097530353
 10
648.5764001121831
 20
-178.25372788890368
 10
648.4569080095562
 20
-178.40945302890137
 10
648.3514429506962
 20
-178.5750000106836
 10
648.2608075883829
 20
-178.74910892175902
 10
648.1856917124505
 20
-178.9304546881845
 10
648.1266670000712
 20
-179.11765715917798
 10
648.0841826649461
 20
-179.30929161089924
 10
648.0585620385183
 20
-179.50389958945865
 10
648.050000109225
 20
-179.70000001063187
 10
648.0585620385183
 20
-179.89610043180508
 10
648.0841826649461
 20
-180.0907084103645
 10
648.1266670000712
 20
-180.28234286208576
 10
648.1856917124505
 20
-180.46954533307922
 10
648.2608075883829
 20
-180.65089109950472
 10
648.3514429506962
 20
-180.82500001058014
 10
648.4569080095562
 20
-180.99054699236237
 10
648.5764001121831
 20
-181.14627213236005
 10
648.709009851525
 20
-181.29099026822843
 10
648.8537279873934
 20
-181.4236000075703
 10
649.0094531273911
 20
-181.54309211019734
 10
649.1750001091733
 20
-181.64855716905723
 10
649.3491090202488
 20
-181.73919253137055
 10
649.5304547866742
 20
-181.81430840730292
 10
649.7176572576677
 20
-181.87333311968231
 10
649.909291709389
 20
-181.91581745480744
 10
650.1038996879483
 20
-181.94143808123522
 10
650.3000001091216
 20
-181.95000001052838
 10
650.4961005302948
 20
-181.94143808123522
 10
650.6907085088542
 20
-181.91581745480744
 10
650.8823429605754
 20
-181.87333311968231
 10
651.0695454315689
 20
-181.81430840730292
 10
651.2508911979944
 20
-181.73919253137055
 10
651.4250001090699
 20
-181.64855716905723
 10
651.590547090852
 20
-181.54309211019734
 10
651.7462722308497
 20
-181.4236000075703
 10
651.8909903667181
 20
-181.29099026822843
 10
652.02360010606
 20
-181.14627213236005
 10
652.143092208687
 20
-180.99054699236237
 10
652.248557267547
 20
-180.82500001058014
 10
652.3391926298602
 20
-180.65089109950472
 10
652.4143085057926
 20
-180.46954533307922
 10
652.473333218172
 20
-180.28234286208576
 10
652.5158175532971
 20
-180.0907084103645
 10
652.5414381797249
 20
-179.89610043180508
  0
LWPOLYLINE
  5
DD
330
17
100
AcDbEntity
  8
GEOMETRY
100
AcDbPolyline
 90
2528
 70
1
 10
464.15
 20
-365.85
 10
464.3999999999999
 20
-365.85
 10
464.65
 20
-365.85
 10
464.8999999999999
 20
-365.85
 10
465.15
 20
-365.85
 10
465.3999999999999
 20
-365.85
 10
465.65
 20
-365.85
 10
465.8999999999999
 20
-365.85
 10
466.15
 20
-365.85
 10
466.3999999999999
 20
-365.85
 10
466.65
 20
-365.85
 10
466.8999999999999
 20
-365.85
 10
467.15
 20
-365.85
 10
467.3999999999999
 20
-365.85
 10
467.65
 20
-365.85
 10
467.8999999999999
 20
-365.85
 10
468.15
 20
-365.85
 10
468.4
 20
-365.85
 10
468.65
 20
-365.85
 10
468.9
 20
-365.85
 10
469.15
 20
-365.85
 10
469.4
 20
-365.85
 10
469.65
 20
-365.85
 10
469.9
 20
-365.85
 10
470.15
 20
-365.85
 10
470.4
 20
-365.85
 10
470.65
 20
-365.85
 10
470.9
 20
-365.85
 10
471.1499999999999
 20
-365.85
 10
471.4
 20
-365.85
 10
471.6499999999999
 20
-365.85
 10
471.9
 20
-365.85
 10
472.1499999999999
 20
-365.85
 10
472.4
 20
-365.85
 10
472.6499999999999
 20
-365.85
 10
472.9
 20
-365.85
 10
473.1499999999999
 20
-365.85
 10
473.4
 20
-365.85
 10
473.6499999999999
 20
-365.85
 10
473.9
 20
-365.85
 10
474.1499999999999
 20
-365.85
 10
474.4
 20
-365.85
 10
474.65
 20
-365.85
 10
474.9
 20
-365.85
 10
475.15
 20
-365.85
 10
475.4
 20
-365.85
 10
475.65
 20
-365.85
 10
475.9
 20
-365.85
 10
476.15
 20
-365.85
 10
476.4
 20
-365.85
 10
476.65
 20
-365.85
 10
476.9
 20
-365.85
 10
477.15
 20
-365.85
 10
477.3999999999999
 20
-365.85
 10
477.65
 20
-365.85
 10
477.8999999999999
 20
-365.85
 10
478.15
 20
-365.85
 10
478.3999999999999
 20
-365.85
 10
478.65
 20
-365.85
 10
478.8999999999999
 20
-365.85
 10
479.15
 20
-365.85
 10
479.3999999999999
 20
-365.85
 10
479.65
 20
-365.85
 10
479.8999999999999
 20
-365.85
 10
480.15
 20
-365.85
 10
480.3999999999999
 20
-365.85
 10
480.65
 20
-365.85
 10
480.8999999999999
 20
-365.85
 10
481.15
 20
-365.85
 10
481.4
 20
-365.85
 10
481.65
 20
-365.85
 10
481.9
 20
-365.85
 10
482.15
 20
-365.85
 10
482.4
 20
-365.85
 10
482.65
 20
-365.85
 10
482.9
 20
-365.85
 10
483.15
 20
-365.85
 10
483.4
 20
-365.85
 10
483.65
 20
-365.85
 10
483.9
 20
-365.85
 10
484.1499999999999
 20
-365.85
 10
484.4
 20
-365.85
 10
484.6499999999999
 20
-365.85
 10
484.9
 20
-365.85
 10
485.1499999999999
 20
-365.85
 10
485.4
 20
-365.85
 10
485.6499999999999
 20
-365.85
 10
485.9
 20
-365.85
 10
486.1499999999999
 20
-365.85
 10
486.4
 20
-365.85
 10
486.6499999999999
 20
-365.85
 10
486.9
 20
-365.85
 10
487.1499999999999
 20
-365.85
 10
487.4
 20
-365.85
 10
487.6499999999999
 20
-365.85
 10
487.9
 20
-365.85
 10
488.15
 20
-365.85
 10
488.4
 20
-365.85
 10
488.65
 20
-365.85
 10
488.9
 20
-365.85
 10
489.15
 20
-365.85
 10
489.4
 20
-365.85
 10
489.65
 20
-365.85
 10
489.9
 20
-365.85
 10
490.15
 20
-365.85
 10
490.4
 20
-365.85
 10
490.65
 20
-365.85
 10
490.8999999999999
 20
-365.85
 10
491.15
 20
-365.85
 10
491.3999999999999
 20
-365.85
 10
491.65
 20
-365.85
 10
491.8999999999999
 20
-365.85
 10
492.15
 20
-365.85
 10
492.3999999999999
 20
-365.85
 10
492.65
 20
-365.85
 10
492.8999999999999
 20
-365.85
 10
493.15
 20
-365.85
 10
493.3999999999999
 20
-365.85
 10
493.65
 20
-365.85
 10
493.8999999999999
 20
-365.85
 10
494.15
 20
-365.85
 10
494.4
 20
-365.85
 10
494.65
 20
-365.85
 10
494.9
 20
-365.85
 10
495.15
 20
-365.85
 10
495.4
 20
-365.85
 10
495.65
 20
-365.85
 10
495.9
 20
-365.85
 10
496.15
 20
-365.85
 10
496.4
 20
-365.85
 10
496.65
 20
-365.85
 10
496.9
 20
-365.85
 10
497.1499999999999
 20
-365.85
 10
497.4
 20
-365.85
 10
497.6499999999999
 20
-365.85
 10
497.9
 20
-365.85
 10
498.1499999999999
 20
-365.85
 10
498.4
 20
-365.85
 10
498.6499999999999
 20
-365.85
 10
498.9
 20
-365.85
 10
499.1499999999999
 20
-365.85
 10
499.4
 20
-365.85
 10
499.6499999999999
 20
-365.85
 10
499.9
 20
-365.85
 10
500.15
 20
-365.85
 10
500.4
 20
-365.85
 10
500.65
 20
-365.85
 10
500.9
 20
-365.85
 10
501.15
 20
-365.85
 10
501.4
 20
-365.85
 10
501.65
 20
-365.85
 10
501.9
 20
-365.85
 10
502.15
 20
-365.85
 10
502.4
 20
-365.85
 10
502.65
 20
-365.85
 10
502.9
 20
-365.85
 10
503.15
 20
-365.85
 10
503.4
 20
-365.85
 10
503.65
 20
-365.85
 10
503.8999999999999
 20
-365.85
 10
504.15
 20
-365.85
 10
504.3999999999999
 20
-365.85
 10
504.65
 20
-365.85
 10
504.8999999999999
 20
-365.85
 10
505.15
 20
-365.85
 10
505.3999999999999
 20
-365.85
 10
505.65
 20
-365.85
 10
505.8999999999999
 20
-365.85
 10
506.15
 20
-365.85
 10
506.4
 20
-365.85
 10
506.65
 20
-365.85
 10
506.9
 20
-365.85
 10
507.15
 20
-365.85
 10
507.4
 20
-365.85
 10
507.65
 20
-365.85
 10
507.9
 20
-365.85
 10
508.15
 20
-365.85
 10
508.4
 20
-365.85
 10
508.65
 20
-365.85
 10
508.9
 20
-365.85
 10
509.15
 20
-365.85
 10
509.4
 20
-365.85
 10
509.65
 20
-365.85
 10
509.9
 20
-365.85
 10
510.15
 20
-365.85
 10
510.4
 20
-365.85
 10
510.6499999999999
 20
-365.85
 10
510.9
 20
-365.85
 10
511.1499999999999
 20
-365.85
 10
511.4
 20
-365.85
 10
511.6499999999999
 20
-365.85
 10
511.9
 20
-365.85
 10
512.15
 20
-365.85
 10
512.4
 20
-365.85
 10
512.65
 20
-365.85
 10
512.9
 20
-365.85
 10
513.15
 20
-365.85
 10
513.4
 20
-365.85
 10
513.65
 20
-365.85
 10
513.9
 20
-365.85
 10
514.15
 20
-365.85
 10
514.4
 20
-365.85
 10
514.65
 20
-365.85
 10
514.9
 20
-365.85
 10
515.15
 20
-365.85
 10
515.4
 20
-365.85
 10
515.65
 20
-365.85
 10
515.9
 20
-365.85
 10
516.15
 20
-365.85
 10
516.4
 20
-365.85
 10
516.65
 20
-365.85
 10
516.9
 20
-365.85
 10
517.15
 20
-365.85
 10
517.4
 20
-365.85
 10
517.65
 20
-365.85
 10
517.9
 20
-365.85
 10
518.15
 20
-365.85
 10
518.4
 20
-365.85
 10
518.65
 20
-365.85
 10
518.9
 20
-365.85
 10
519.15
 20
-365.85
 10
519.4
 20
-365.85
 10
519.65
 20
-365.85
 10
519.9
 20
-365.85
 10
520.15
 20
-365.85
 10
520.4
 20
-365.85
 10
520.65
 20
-365.85
 10
520.9
 20
-365.85
 10
521.15
 20
-365.85
 10
521.4
 20
-365.85
 10
521.65
 20
-365.85
 10
521.9
 20
-365.85
 10
522.15
 20
-365.85
 10
522.4
 20
-365.85
 10
522.65
 20
-365.85
 10
522.9
 20
-365.85
 10
523.15
 20
-365.85
 10
523.4
 20
-365.85
 10
523.65
 20
-365.85
 10
523.9
 20
-365.85
 10
524.15
 20
-365.85
 10
524.4
 20
-365.85
 10
524.65
 20
-365.85
 10
524.9
 20
-365.85
 10
525.15
 20
-365.85
 10
525.4
 20
-365.85
 10
525.65
 20
-365.85
 10
525.9
 20
-365.85
 10
526.15
 20
-365.85
 10
526.4
 20
-365.85
 10
526.65
 20
-365.85
 10
526.9
 20
-365.85
 10
527.15
 20
-365.85
 10
527.4
 20
-365.85
 10
527.65
 20
-365.85
 10
527.9
 20
-365.85
 10
528.15
 20
-365.85
 10
528.4
 20
-365.85
 10
528.65
 20
-365.85
 10
528.9
 20
-365.85
 10
529.15
 20
-365.85
 10
529.4
 20
-365.85
 10
529.65
 20
-365.85
 10
529.9
 20
-365.85
 10
530.15
 20
-365.85
 10
530.4
 20
-365.85
 10
530.65
 20
-365.85
 10
530.9
 20
-365.85
 10
531.15
 20
-365.85
 10
531.4
 20
-365.85
 10
531.65
 20
-365.85
 10
531.9
 20
-365.85
 10
532.15
 20
-365.85
 10
532.4
 20
-365.85
 10
532.65
 20
-365.85
 10
532.9
 20
-365.85
 10
533.15
 20
-365.85
 10
533.4
 20
-365.85
 10
533.65
 20
-365.85
 10
533.9
 20
-365.85
 10
534.15
 20
-365.85
 10
534.4
 20
-365.85
 10
534.65
 20
-365.85
 10
534.9
 20
-365.85
 10
535.15
 20
-365.85
 10
535.4
 20
-365.85
 10
535.65
 20
-365.85
 10
535.9
 20
-365.85
 10
536.15
 20
-365.85
 10
536.4
 20
-365.85
 10
536.65
 20
-365.85
 10
536.9
 20
-365.85
 10
537.15
 20
-365.85
 10
537.4
 20
-365.85
 10
537.65
 20
-365.85
 10
537.9
 20
-365.85
 10
538.15
 20
-365.85
 10
538.4
 20
-365.85
 10
538.65
 20
-365.85
 10
538.9
 20
-365.85
 10
539.15
 20
-365.85
 10
539.4
 20
-365.85
 10
539.65
 20
-365.85
 10
539.9
 20
-365.85
 10
540.15
 20
-365.85
 10
540.4
 20
-365.85
 10
540.65
 20
-365.85
 10
540.9
 20
-365.85
 10
541.15
 20
-365.85
 10
541.4
 20
-365.85
 10
541.65
 20
-365.85
 10
541.9
 20
-365.85
 10
542.15
 20
-365.85
 10
542.4
 20
-365.85
 10
542.65
 20
-365.85
 10
542.9
 20
-365.85
 10
543.15
 20
-365.85
 10
543.4
 20
-365.85
 10
543.65
 20
-365.85
 10
543.9
 20
-365.85
 10
544.15
 20
-365.85
 10
544.4
 20
-365.85
 10
544.65
 20
-365.85
 10
544.9
 20
-365.85
 10
545.15
 20
-365.85
 10
545.4
 20
-365.85
 10
545.65
 20
-365.85
 10
545.9
 20
-365.85
 10
546.15
 20
-365.85
 10
546.4
 20
-365.85
 10
546.65
 20
-365.85
 10
546.9
 20
-365.85
 10
547.15
 20
-365.85
 10
547.4
 20
-365.85
 10
547.65
 20
-365.85
 10
547.9
 20
-365.85
 10
548.15
 20
-365.85
 10
548.4
 20
-365.85
 10
548.65
 20
-365.85
 10
548.9
 20
-365.85
 10
549.15
 20
-365.85
 10
549.4
 20
-365.85
 10
549.65
 20
-365.85
 10
549.9
 20
-365.85
 10
550.15
 20
-365.85
 10
550.4
 20
-365.85
 10
550.65
 20
-365.85
 10
550.9
 20
-365.85
 10
551.15
 20
-365.85
 10
551.4
 20
-365.85
 10
551.65
 20
-365.85
 10
551.9
 20
-365.85
 10
552.15
 20
-365.85
 10
552.4
 20
-365.85
 10
552.65
 20
-365.85
 10
552.9
 20
-365.85
 10
553.15
 20
-365.85
 10
553.4
 20
-365.85
 10
553.65
 20
-365.85
 10
553.9
 20
-365.85
 10
554.15
 20
-365.85
 10
554.4
 20
-365.85
 10
554.65
 20
-365.85
 10
554.9
 20
-365.85
 10
555.15
 20
-365.85
 10
555.4
 20
-365.85
 10
555.65
 20
-365.85
 10
555.9
 20
-365.85
 10
556.15
 20
-365.85
 10
556.4
 20
-365.85
 10
556.65
 20
-365.85
 10
556.9
 20
-365.85
 10
557.15
 20
-365.85
 10
557.4
 20
-365.85
 10
557.65
 20
-365.85
 10
557.9
 20
-365.85
 10
558.15
 20
-365.85
 10
558.4
 20
-365.85
 10
558.65
 20
-365.85
 10
558.9
 20
-365.85
 10
559.15
 20
-365.85
 10
559.4
 20
-365.85
 10
559.65
 20
-365.85
 10
559.9
 20
-365.85
 10
560.15
 20
-365.85
 10
560.4
 20
-365.85
 10
560.65
 20
-365.85
 10
560.9
 20
-365.85
 10
561.15
 20
-365.85
 10
561.4
 20
-365.85
 10
561.65
 20
-365.85
 10
561.9
 20
-365.85
 10
562.15
 20
-365.85
 10
562.4
 20
-365.85
 10
562.65
 20
-365.85
 10
562.9
 20
-365.85
 10
563.15
 20
-365.85
 10
563.4
 20
-365.85
 10
563.65
 20
-365.85
 10
563.9
 20
-365.85
 10
564.15
 20
-365.85
 10
564.4
 20
-365.85
 10
564.65
 20
-365.85
 10
564.9
 20
-365.85
 10
565.15
 20
-365.85
 10
565.4
 20
-365.85
 10
565.65
 20
-365.85
 10
565.9
 20
-365.85
 10
566.15
 20
-365.85
 10
566.4
 20
-365.85
 10
566.65
 20
-365.85
 10
566.9
 20
-365.85
 10
567.15
 20
-365.85
 10
567.4
 20
-365.85
 10
567.65
 20
-365.85
 10
567.9
 20
-365.85
 10
568.15
 20
-365.85
 10
568.4
 20
-365.85
 10
568.65
 20
-365.85
 10
568.9
 20
-365.85
 10
569.15
 20
-365.85
 10
569.4
 20
-365.85
 10
569.65
 20
-365.85
 10
569.9
 20
-365.85
 10
570.15
 20
-365.85
 10
570.4
 20
-365.85
 10
570.65
 20
-365.85
 10
570.9
 20
-365.85
 10
571.15
 20
-365.85
 10
571.4
 20
-365.85
 10
571.65
 20
-365.85
 10
571.9
 20
-365.85
 10
572.15
 20
-365.85
 10
572.4
 20
-365.85
 10
572.65
 20
-365.85
 10
572.9
 20
-365.85
 10
573.15
 20
-365.85
 10
573.4
 20
-365.85
 10
573.65
 20
-365.85
 10
573.9
 20
-365.85
 10
574.15
 20
-365.85
 10
574.4
 20
-365.85
 10
574.65
 20
-365.85
 10
574.9
 20
-365.85
 10
575.15
 20
-365.85
 10
575.4
 20
-365.85
 10
575.65
 20
-365.85
 10
575.9
 20
-365.85
 10
576.15
 20
-365.85
 10
576.4
 20
-365.85
 10
576.65
 20
-365.85
 10
576.9
 20
-365.85
 10
577.15
 20
-365.85
 10
577.4
 20
-365.85
 10
577.65
 20
-365.85
 10
577.9
 20
-365.85
 10
578.15
 20
-365.85
 10
578.4
 20
-365.85
 10
578.65
 20
-365.85
 10
578.9
 20
-365.85
 10
579.15
 20
-365.85
 10
579.4
 20
-365.85
 10
579.65
 20
-365.85
 10
579.9
 20
-365.85
 10
580.15
 20
-365.85
 10
580.4
 20
-365.85
 10
580.65
 20
-365.85
 10
580.9
 20
-365.85
 10
581.15
 20
-365.85
 10
581.4
 20
-365.85
 10
581.65
 20
-365.85
 10
581.9
 20
-365.85
 10
582.15
 20
-365.85
 10
582.4
 20
-365.85
 10
582.65
 20
-365.85
 10
582.9
 20
-365.85
 10
583.15
 20
-365.85
 10
583.4
 20
-365.85
 10
583.65
 20
-365.85
 10
583.9
 20
-365.85
 10
584.15
 20
-365.85
 10
584.4
 20
-365.85
 10
584.65
 20
-365.85
 10
584.9
 20
-365.85
 10
585.15
 20
-365.85
 10
585.4
 20
-365.85
 10
585.65
 20
-365.85
 10
585.9
 20
-365.85
 10
586.15
 20
-365.85
 10
586.4
 20
-365.85
 10
586.65
 20
-365.85
 10
586.9
 20
-365.85
 10
587.15
 20
-365.85
 10
587.4
 20
-365.85
 10
587.65
 20
-365.85
 10
587.9
 20
-365.85
 10
588.15
 20
-365.85
 10
588.4
 20
-365.85
 10
588.65
 20
-365.85
 10
588.9
 20
-365.85
 10
589.15
 20
-365.85
 10
589.4
 20
-365.85
 10
589.65
 20
-365.85
 10
589.9
 20
-365.85
 10
590.15
 20
-365.85
 10
590.4
 20
-365.85
 10
590.65
 20
-365.85
 10
590.9
 20
-365.85
 10
591.15
 20
-365.85
 10
591.4
 20
-365.85
 10
591.65
 20
-365.85
 10
591.9
 20
-365.85
 10
592.15
 20
-365.85
 10
592.4
 20
-365.85
 10
592.65
 20
-365.85
 10
592.9
 20
-365.85
 10
593.15
 20
-365.85
 10
593.4
 20
-365.85
 10
593.65
 20
-365.85
 10
593.9
 20
-365.85
 10
594.15
 20
-365.85
 10
594.4
 20
-365.85
 10
594.65
 20
-365.85
 10
594.9
 20
-365.85
 10
595.15
 20
-365.85
 10
595.4
 20
-365.85
 10
595.65
 20
-365.85
 10
595.9
 20
-365.85
 10
596.15
 20
-365.85
 10
596.4
 20
-365.85
 10
596.65
 20
-365.85
 10
596.9
 20
-365.85
 10
597.15
 20
-365.85
 10
597.4
 20
-365.85
 10
597.65
 20
-365.85
 10
597.9
 20
-365.85
 10
598.15
 20
-365.85
 10
598.4
 20
-365.85
 10
598.65
 20
-365.85
 10
598.9
 20
-365.85
 10
599.15
 20
-365.85
 10
599.4
 20
-365.85
 10
599.65
 20
-365.85
 10
599.9
 20
-365.85
 10
600.15
 20
-365.85
 10
600.4
 20
-365.85
 10
600.65
 20
-365.85
 10
600.9
 20
-365.85
 10
601.15
 20
-365.85
 10
601.4
 20
-365.85
 10
601.65
 20
-365.85
 10
601.9
 20
-365.85
 10
602.15
 20
-365.85
 10
602.4
 20
-365.85
 10
602.65
 20
-365.85
 10
602.9
 20
-365.85
 10
603.15
 20
-365.85
 10
603.4
 20
-365.85
 10
603.65
 20
-365.85
 10
603.9
 20
-365.85
 10
604.15
 20
-365.85
 10
604.4
 20
-365.85
 10
604.65
 20
-365.85
 10
604.9
 20
-365.85
 10
605.15
 20
-365.85
 10
605.4
 20
-365.85
 10
605.65
 20
-365.85
 10
605.9
 20
-365.85
 10
606.15
 20
-365.85
 10
606.4
 20
-365.85
 10
606.65
 20
-365.85
 10
606.9
 20
-365.85
 10
607.15
 20
-365.85
 10
607.4
 20
-365.85
 10
607.65
 20
-365.85
 10
607.9
 20
-365.85
 10
608.15
 20
-365.85
 10
608.4
 20
-365.85
 10
608.65
 20
-365.85
 10
608.9
 20
-365.85
 10
609.15
 20
-365.85
 10
609.4
 20
-365.85
 10
609.65
 20
-365.85
 10
609.9
 20
-365.85
 10
610.15
 20
-365.85
 10
610.4
 20
-365.85
 10
610.65
 20
-365.85
 10
610.9
 20
-365.85
 10
611.15
 20
-365.85
 10
611.4
 20
-365.85
 10
611.65
 20
-365.85
 10
611.9
 20
-365.85
 10
612.15
 20
-365.85
 10
612.4
 20
-365.85
 10
612.65
 20
-365.85
 10
612.9
 20
-365.85
 10
613.15
 20
-365.85
 10
613.4
 20
-365.85
 10
613.65
 20
-365.85
 10
613.9
 20
-365.85
 10
614.15
 20
-365.85
 10
614.4
 20
-365.85
 10
614.65
 20
-365.85
 10
614.9
 20
-365.85
 10
615.15
 20
-365.85
 10
615.4
 20
-365.85
 10
615.65
 20
-365.85
 10
615.9
 20
-365.85
 10
616.15
 20
-365.85
 10
616.4
 20
-365.85
 10
616.65
 20
-365.85
 10
616.9
 20
-365.85
 10
617.15
 20
-365.85
 10
617.4
 20
-365.85
 10
617.65
 20
-365.85
 10
617.9
 20
-365.85
 10
618.15
 20
-365.85
 10
618.4
 20
-365.85
 10
618.65
 20
-365.85
 10
618.9
 20
-365.85
 10
619.15
 20
-365.85
 10
619.4
 20
-365.85
 10
619.65
 20
-365.85
 10
619.9
 20
-365.85
 10
620.15
 20
-365.85
 10
620.4
 20
-365.85
 10
620.65
 20
-365.85
 10
620.9
 20
-365.85
 10
621.15
 20
-365.85
 10
621.4
 20
-365.85
 10
621.65
 20
-365.85
 10
621.9
 20
-365.85
 10
622.15
 20
-365.85
 10
622.15
 20
-365.6
 10
622.15
 20
-365.35
 10
622.15
 20
-365.1
 10
622.15
 20
-364.85
 10
622.15
 20
-364.6
 10
622.15
 20
-364.35
 10
622.15
 20
-364.1
 10
622.15
 20
-363.85
 10
622.15
 20
-363.6
 10
622.15
 20
-363.35
 10
622.15
 20
-363.1
 10
622.15
 20
-362.85
 10
622.15
 20
-362.6
 10
622.15
 20
-362.35
 10
622.15
 20
-362.1
 10
622.15
 20
-361.85
 10
622.15
 20
-361.6
 10
622.15
 20
-361.35
 10
622.15
 20
-361.1
 10
622.15
 20
-360.85
 10
622.15
 20
-360.6
 10
622.15
 20
-360.35
 10
622.15
 20
-360.1
 10
622.15
 20
-359.85
 10
622.15
 20
-359.6
 10
622.15
 20
-359.35
 10
622.15
 20
-359.1
 10
622.15
 20
-358.85
 10
622.15
 20
-358.6
 10
622.15
 20
-358.35
 10
622.15
 20
-358.1
 10
622.15
 20
-357.85
 10
622.15
 20
-357.6
 10
622.15
 20
-357.35
 10
622.15
 20
-357.1
 10
622.15
 20
-356.85
 10
622.15
 20
-356.6
 10
622.15
 20
-356.35
 10
622.15
 20
-356.1
 10
622.15
 20
-355.85
 10
622.15
 20
-355.6
 10
622.15
 20
-355.35
 10
622.15
 20
-355.1
 10
622.15
 20
-354.85
 10
622.15
 20
-354.6
 10
622.15
 20
-354.35
 10
622.15
 20
-354.1
 10
622.15
 20
-353.85
 10
622.15
 20
-353.6
 10
622.15
 20
-353.35
 10
622.15
 20
-353.1
 10
622.15
 20
-352.85
 10
622.15
 20
-352.6
 10
622.15
 20
-352.35
 10
622.15
 20
-352.1
 10
622.15
 20
-351.85
 10
622.15
 20
-351.6
 10
622.15
 20
-351.35
 10
622.15
 20
-351.1
 10
622.15
 20
-350.85
 10
622.15
 20
-350.6
 10
622.15
 20
-350.35
 10
622.15
 20
-350.1
 10
622.15
 20
-349.85
 10
622.15
 20
-349.6
 10
622.15
 20
-349.35
 10
622.15
 20
-349.1
 10
622.15
 20
-348.85
 10
622.15
 20
-348.6
 10
622.15
 20
-348.35
 10
622.15
 20
-348.1
 10
622.15
 20
-347.85
 10
622.15
 20
-347.6
 10
622.15
 20
-347.35
 10
622.15
 20
-347.1
 10
622.15
 20
-346.85
 10
622.15
 20
-346.6
 10
622.15
 20
-346.35
 10
622.15
 20
-346.1
 10
622.15
 20
-345.85
 10
622.15
 20
-345.6
 10
622.15
 20
-345.35
 10
622.15
 20
-345.1
 10
622.15
 20
-344.85
 10
622.15
 20
-344.6
 10
622.15
 20
-344.35
 10
622.15
 20
-344.1
 10
622.15
 20
-343.85
 10
622.15
 20
-343.6
 10
622.15
 20
-343.35
 10
622.15
 20
-343.1
 10
622.15
 20
-342.85
 10
622.15
 20
-342.6
 10
622.15
 20
-342.35
 10
622.15
 20
-342.1
 10
622.15
 20
-341.85
 10
622.15
 20
-341.6
 10
622.15
 20
-341.35
 10
622.15
 20
-341.1
 10
622.15
 20
-340.85
 10
622.15
 20
-340.6
 10
622.15
 20
-340.35
 10
622.15
 20
-340.1
 10
622.15
 20
-339.85
 10
622.15
 20
-339.6
 10
622.15
 20
-339.35
 10
622.15
 20
-339.1
 10
622.15
 20
-338.85
 10
622.15
 20
-338.6
 10
622.15
 20
-338.35
 10
622.15
 20
-338.1
 10
622.15
 20
-337.85
 10
622.15
 20
-337.6
 10
622.15
 20
-337.35
 10
622.15
 20
-337.1
 10
622.15
 20
-336.85
 10
622.15
 20
-336.6
 10
622.15
 20
-336.35
 10
622.15
 20
-336.1
 10
622.15
 20
-335.85
 10
622.15
 20
-335.6
 10
622.15
 20
-335.35
 10
622.15
 20
-335.1
 10
622.15
 20
-334.85
 10
622.15
 20
-334.6
 10
622.15
 20
-334.35
 10
622.15
 20
-334.1
 10
622.15
 20
-333.85
 10
622.15
 20
-333.6
 10
622.15
 20
-333.35
 10
622.15
 20
-333.1
 10
622.15
 20
-332.85
 10
622.15
 20
-332.6
 10
622.15
 20
-332.35
 10
622.15
 20
-332.1
 10
622.15
 20
-331.85
 10
622.15
 20
-331.6
 10
622.15
 20
-331.35
 10
622.15
 20
-331.1
 10
622.15
 20
-330.85
 10
622.15
 20
-330.6
 10
622.15
 20
-330.35
 10
622.15
 20
-330.1
 10
622.15
 20
-329.85
 10
622.15
 20
-329.6
 10
622.15
 20
-329.35
 10
622.15
 20
-329.1
 10
622.15
 20
-328.85
 10
622.15
 20
-328.6
 10
622.15
 20
-328.35
 10
622.15
 20
-328.1
 10
622.15
 20
-327.85
 10
622.15
 20
-327.6
 10
622.15
 20
-327.35
 10
622.15
 20
-327.1
 10
622.15
 20
-326.85
 10
622.15
 20
-326.6
 10
622.15
 20
-326.35
 10
622.15
 20
-326.1
 10
622.15
 20
-325.85
 10
622.15
 20
-325.6
 10
622.15
 20
-325.35
 10
622.15
 20
-325.1
 10
622.15
 20
-324.85
 10
622.15
 20
-324.6
 10
622.15
 20
-324.35
 10
622.15
 20
-324.1
 10
622.15
 20
-323.85
 10
622.15
 20
-323.6
 10
622.15
 20
-323.35
 10
622.15
 20
-323.1
 10
622.15
 20
-322.85
 10
622.15
 20
-322.6000000000001
 10
622.15
 20
-322.35
 10
622.15
 20
-322.1
 10
622.15
 20
-321.84999999999997
 10
622.15
 20
-321.6
 10
622.15
 20
-321.35
 10
622.15
 20
-321.1
 10
622.15
 20
-320.85
 10
622.15
 20
-320.6
 10
622.15
 20
-320.35
 10
622.15
 20
-320.1
 10
622.15
 20
-319.85
 10
622.15
 20
-319.6
 10
622.15
 20
-319.35
 10
622.15
 20
-319.1
 10
622.15
 20
-318.85
 10
622.15
 20
-318.6
 10
622.15
 20
-318.35
 10
622.15
 20
-318.1
 10
622.15
 20
-317.85
 10
622.15
 20
-317.6
 10
622.15
 20
-317.35
 10
622.15
 20
-317.1
 10
622.15
 20
-316.85
 10
622.15
 20
-316.6
 10
622.15
 20
-316.35
 10
622.15
 20
-316.1
 10
622.15
 20
-315.85
 10
622.15
 20
-315.6
 10
622.15
 20
-315.35
 10
622.15
 20
-315.1
 10
622.15
 20
-314.85
 10
622.15
 20
-314.6
 10
622.15
 20
-314.35
 10
622.15
 20
-314.1
 10
622.15
 20
-313.85
 10
622.15
 20
-313.6
 10
622.15
 20
-313.35
 10
622.15
 20
-313.1
 10
622.15
 20
-312.85
 10
622.15
 20
-312.6
 10
622.15
 20
-312.35
 10
622.15
 20
-312.1
 10
622.15
 20
-311.85
 10
622.15
 20
-311.6
 10
622.15
 20
-311.35
 10
622.15
 20
-311.1000000000001
 10
622.15
 20
-310.85
 10
622.15
 20
-310.6
 10
622.15
 20
-310.34999999999997
 10
622.15
 20
-310.1
 10
622.15
 20
-309.85
 10
622.15
 20
-309.6
 10
622.15
 20
-309.35
 10
622.15
 20
-309.1
 10
622.15
 20
-308.85
 10
622.15
 20
-308.6
 10
622.15
 20
-308.35
 10
622.15
 20
-308.1
 10
622.15
 20
-307.85
 10
622.15
 20
-307.6
 10
622.15
 20
-307.35
 10
622.15
 20
-307.1
 10
622.15
 20
-306.85
 10
622.15
 20
-306.6
 10
622.15
 20
-306.35
 10
622.15
 20
-306.1
 10
622.15
 20
-305.85
 10
622.15
 20
-305.6
 10
622.15
 20
-305.35
 10
622.15
 20
-305.1
 10
622.15
 20
-304.85
 10
622.15
 20
-304.6
 10
622.15
 20
-304.35
 10
622.15
 20
-304.1
 10
622.15
 20
-303.85
 10
622.15
 20
-303.6
 10
622.15
 20
-303.35
 10
622.15
 20
-303.1
 10
622.15
 20
-302.8500000000001
 10
622.15
 20
-302.6
 10
622.15
 20
-302.35
 10
622.15
 20
-302.09999999999997
 10
622.15
 20
-301.85
 10
622.15
 20
-301.6
 10
622.15
 20
-301.35
 10
622.15
 20
-301.1
 10
622.15
 20
-300.85
 10
622.15
 20
-300.6
 10
622.15
 20
-300.35
 10
622.15
 20
-300.1
 10
622.15
 20
-299.85
 10
622.15
 20
-299.6
 10
622.15
 20
-299.35
 10
622.15
 20
-299.1
 10
622.15
 20
-298.85
 10
622.15
 20
-298.6
 10
622.15
 20
-298.35
 10
622.15
 20
-298.1
 10
622.15
 20
-297.85
 10
622.15
 20
-297.6
 10
622.15
 20
-297.35
 10
622.15
 20
-297.1
 10
622.15
 20
-296.85
 10
622.15
 20
-296.6
 10
622.15
 20
-296.35
 10
622.15
 20
-296.1
 10
622.15
 20
-295.85
 10
622.15
 20
-295.6
 10
622.15
 20
-295.35
 10
622.15
 20
-295.1
 10
622.15
 20
-294.85
 10
622.15
 20
-294.6
 10
622.15
 20
-294.35
 10
622.15
 20
-294.1
 10
622.15
 20
-293.85
 10
622.15
 20
-293.6
 10
622.15
 20
-293.35
 10
622.15
 20
-293.1
 10
622.15
 20
-292.85
 10
622.15
 20
-292.6
 10
622.15
 20
-292.35
 10
622.15
 20
-292.1
 10
622.15
 20
-291.85
 10
622.15
 20
-291.6
 10
622.15
 20
-291.35
 10
622.15
 20
-291.1
 10
622.15
 20
-290.85
 10
622.15
 20
-290.6
 10
622.15
 20
-290.35
 10
622.15
 20
-290.1
 10
622.15
 20
-289.85
 10
622.15
 20
-289.6
 10
622.15
 20
-289.35
 10
622.15
 20
-289.1
 10
622.15
 20
-288.85
 10
622.15
 20
-288.6
 10
622.15
 20
-288.35
 10
622.15
 20
-288.1
 10
622.15
 20
-287.85
 10
622.15
 20
-287.6
 10
622.15
 20
-287.35
 10
622.15
 20
-287.1
 10
622.15
 20
-286.85
 10
622.15
 20
-286.6
 10
622.15
 20
-286.35
 10
622.15
 20
-286.1
 10
622.15
 20
-285.85
 10
622.15
 20
-285.6
 10
622.15
 20
-285.35
 10
622.15
 20
-285.1
 10
622.15
 20
-284.85
 10
622.15
 20
-284.6
 10
622.15
 20
-284.35
 10
622.15
 20
-284.1
 10
622.15
 20
-283.85
 10
622.15
 20
-283.6
 10
622.15
 20
-283.34999999999997
 10
622.15
 20
-283.1
 10
622.15
 20
-282.85
 10
622.15
 20
-282.6
 10
622.15
 20
-282.35
 10
622.15
 20
-282.1
 10
622.15
 20
-281.85
 10
622.15
 20
-281.6
 10
622.15
 20
-281.35
 10
622.15
 20
-281.1
 10
622.15
 20
-280.85
 10
622.15
 20
-280.6
 10
622.15
 20
-280.35
 10
622.15
 20
-280.1
 10
622.15
 20
-279.85
 10
622.15
 20
-279.6
 10
622.15
 20
-279.35
 10
622.15
 20
-279.1
 10
622.15
 20
-278.85
 10
622.15
 20
-278.6
 10
622.15
 20
-278.35
 10
622.15
 20
-278.1
 10
622.15
 20
-277.85
 10
622.15
 20
-277.6
 10
622.15
 20
-277.3500000000001
 10
622.15
 20
-277.1
 10
622.15
 20
-276.85
 10
622.15
 20
-276.59999999999997
 10
622.15
 20
-276.35
 10
622.15
 20
-276.1
 10
622.15
 20
-275.85
 10
622.15
 20
-275.6
 10
622.15
 20
-275.35
 10
622.15
 20
-275.1
 10
622.15
 20
-274.85
 10
622.15
 20
-274.6
 10
622.15
 20
-274.35
 10
622.15
 20
-274.1
 10
622.15
 20
-273.85
 10
622.15
 20
-273.6
 10
622.15
 20
-273.35
 10
622.15
 20
-273.1
 10
622.15
 20
-272.85
 10
622.15
 20
-272.6
 10
622.15
 20
-272.35
 10
622.15
 20
-272.1
 10
622.15
 20
-271.85
 10
622.15
 20
-271.6
 10
622.15
 20
-271.35
 10
622.15
 20
-271.1
 10
622.15
 20
-270.85
 10
622.15
 20
-270.6000000000001
 10
622.15
 20
-270.35
 10
622.15
 20
-270.1
 10
622.15
 20
-269.85
 10
622.15
 20
-269.6
 10
622.15
 20
-269.35
 10
622.15
 20
-269.1
 10
622.15
 20
-268.85
 10
622.15
 20
-268.6
 10
622.15
 20
-268.35
 10
622.15
 20
-268.1
 10
622.15
 20
-267.84999999999997
 10
622.15
 20
-267.6
 10
622.15
 20
-267.34999999999997
 10
622.15
 20
-267.1
 10
622.15
 20
-266.8500000000001
 10
622.15
 20
-266.6
 10
622.15
 20
-266.3500000000001
 10
622.15
 20
-266.1
 10
622.15
 20
-265.85
 10
622.15
 20
-265.6
 10
622.15
 20
-265.35
 10
622.15
 20
-265.1
 10
622.15
 20
-264.85
 10
622.15
 20
-264.6
 10
622.15
 20
-264.35
 10
622.15
 20
-264.1
 10
622.15
 20
-263.85
 10
622.15
 20
-263.6
 10
622.15
 20
-263.35
 10
622.15
 20
-263.1
 10
622.15
 20
-262.85
 10
622.15
 20
-262.6
 10
622.15
 20
-262.35
 10
622.15
 20
-262.1
 10
622.15
 20
-261.85
 10
622.15
 20
-261.59999999999997
 10
622.15
 20
-261.35
 10
622.15
 20
-261.09999999999997
 10
622.15
 20
-260.85
 10
622.15
 20
-260.59999999999997
 10
622.15
 20
-260.35
 10
622.15
 20
-260.1000000000001
 10
622.15
 20
-259.85
 10
622.15
 20
-259.6000000000001
 10
622.15
 20
-259.35
 10
622.15
 20
-259.1
 10
622.15
 20
-258.85
 10
622.15
 20
-258.6
 10
622.15
 20
-258.35
 10
622.15
 20
-258.1
 10
622.15
 20
-257.85
 10
622.15
 20
-257.6
 10
622.15
 20
-257.35
 10
622.15
 20
-257.1
 10
622.15
 20
-256.85
 10
622.15
 20
-256.6
 10
622.15
 20
-256.35
 10
622.15
 20
-256.1
 10
622.15
 20
-255.85000000000002
 10
622.15
 20
-255.60000000000002
 10
622.15
 20
-255.35000000000002
 10
622.15
 20
-255.10000000000002
 10
622.15
 20
-254.84999999999997
 10
622.15
 20
-254.60000000000002
 10
622.15
 20
-254.34999999999997
 10
622.15
 20
-254.10000000000002
 10
622.15
 20
-253.85000000000008
 10
622.15
 20
-253.60000000000002
 10
622.15
 20
-253.35000000000008
 10
622.15
 20
-253.10000000000002
 10
622.15
 20
-252.85000000000008
 10
622.15
 20
-252.60000000000002
 10
622.15
 20
-252.35000000000002
 10
622.15
 20
-252.10000000000002
 10
622.15
 20
-251.85000000000002
 10
622.15
 20
-251.60000000000002
 10
622.15
 20
-251.35000000000002
 10
622.15
 20
-251.10000000000002
 10
622.15
 20
-250.85000000000002
 10
622.15
 20
-250.60000000000002
 10
622.15
 20
-250.35000000000002
 10
622.15
 20
-250.10000000000002
 10
622.15
 20
-249.85000000000002
 10
622.15
 20
-249.60000000000002
 10
622.15
 20
-249.35000000000002
 10
622.15
 20
-249.10000000000002
 10
622.15
 20
-248.85000000000002
 10
622.15
 20
-248.60000000000002
 10
622.15
 20
-248.35000000000002
 10
622.15
 20
-248.09999999999997
 10
622.15
 20
-247.85000000000002
 10
622.15
 20
-247.59999999999997
 10
622.15
 20
-247.35000000000002
 10
622.15
 20
-247.10000000000008
 10
622.15
 20
-246.85000000000002
 10
622.15
 20
-246.60000000000008
 10
622.15
 20
-246.35000000000002
 10
622.15
 20
-246.10000000000002
 10
622.15
 20
-245.85000000000002
 10
622.15
 20
-245.60000000000002
 10
622.15
 20
-245.35000000000002
 10
622.15
 20
-245.10000000000002
 10
622.15
 20
-244.85000000000002
 10
622.15
 20
-244.60000000000002
 10
622.15
 20
-244.35000000000002
 10
622.15
 20
-244.10000000000002
 10
622.15
 20
-243.85000000000002
 10
622.15
 20
-243.60000000000002
 10
622.15
 20
-243.35000000000002
 10
622.15
 20
-243.10000000000002
 10
622.15
 20
-242.85000000000002
 10
622.15
 20
-242.60000000000002
 10
622.15
 20
-242.35000000000002
 10
622.15
 20
-242.10000000000002
 10
622.15
 20
-241.84999999999997
 10
622.15
 20
-241.60000000000002
 10
622.15
 20
-241.34999999999997
 10
622.15
 20
-241.10000000000002
 10
622.15
 20
-240.84999999999997
 10
622.15
 20
-240.60000000000002
 10
622.15
 20
-240.35000000000008
 10
622.15
 20
-240.10000000000002
 10
622.15
 20
-239.85000000000008
 10
622.15
 20
-239.60000000000002
 10
622.15
 20
-239.35000000000002
 10
622.15
 20
-239.10000000000002
 10
622.15
 20
-238.85000000000002
 10
622.15
 20
-238.60000000000002
 10
622.15
 20
-238.35000000000002
 10
622.15
 20
-238.10000000000002
 10
622.15
 20
-237.85000000000002
 10
622.15
 20
-237.60000000000002
 10
622.15
 20
-237.35000000000002
 10
622.15
 20
-237.10000000000002
 10
622.15
 20
-236.85000000000002
 10
622.15
 20
-236.60000000000002
 10
622.15
 20
-236.35000000000002
 10
622.15
 20
-236.10000000000002
 10
622.15
 20
-235.85000000000002
 10
622.15
 20
-235.60000000000002
 10
622.15
 20
-235.35000000000002
 10
622.15
 20
-235.09999999999997
 10
622.15
 20
-234.85000000000002
 10
622.15
 20
-234.59999999999997
 10
622.15
 20
-234.35000000000002
 10
622.15
 20
-234.10000000000008
 10
622.15
 20
-233.85000000000002
 10
622.15
 20
-233.60000000000008
 10
622.15
 20
-233.35000000000002
 10
622.15
 20
-233.10000000000008
 10
622.15
 20
-232.85000000000002
 10
622.15
 20
-232.60000000000002
 10
622.15
 20
-232.35000000000002
 10
622.15
 20
-232.10000000000002
 10
622.15
 20
-231.85000000000002
 10
622.15
 20
-231.60000000000002
 10
622.15
 20
-231.35000000000002
 10
622.15
 20
-231.10000000000002
 10
622.15
 20
-230.85000000000002
 10
622.15
 20
-230.60000000000002
 10
622.15
 20
-230.35000000000002
 10
622.15
 20
-230.10000000000002
 10
622.15
 20
-229.85000000000002
 10
622.15
 20
-229.60000000000002
 10
622.15
 20
-229.35000000000002
 10
622.15
 20
-229.10000000000002
 10
622.15
 20
-228.85000000000002
 10
622.15
 20
-228.60000000000002
 10
622.15
 20
-228.34999999999997
 10
622.15
 20
-228.10000000000002
 10
622.15
 20
-227.84999999999997
 10
622.15
 20
-227.60000000000002
 10
622.15
 20
-227.35000000000008
 10
622.15
 20
-227.10000000000002
 10
622.15
 20
-226.85000000000008
 10
622.15
 20
-226.60000000000002
 10
622.15
 20
-226.35000000000002
 10
622.15
 20
-226.10000000000002
 10
622.15
 20
-225.85000000000002
 10
622.15
 20
-225.60000000000002
 10
622.15
 20
-225.35000000000002
 10
622.15
 20
-225.10000000000002
 10
622.15
 20
-224.85000000000002
 10
622.15
 20
-224.60000000000002
 10
622.15
 20
-224.35000000000002
 10
622.15
 20
-224.10000000000002
 10
622.15
 20
-223.85000000000002
 10
622.15
 20
-223.60000000000002
 10
622.15
 20
-223.35000000000002
 10
622.15
 20
-223.10000000000002
 10
622.15
 20
-222.85000000000002
 10
622.15
 20
-222.60000000000002
 10
622.15
 20
-222.35000000000002
 10
622.15
 20
-222.09999999999997
 10
622.15
 20
-221.85000000000002
 10
622.15
 20
-221.59999999999997
 10
622.15
 20
-221.35000000000002
 10
622.15
 20
-221.09999999999997
 10
622.15
 20
-220.85000000000002
 10
622.15
 20
-220.60000000000008
 10
622.15
 20
-220.35000000000002
 10
622.15
 20
-220.10000000000008
 10
622.15
 20
-219.85000000000002
 10
622.15
 20
-219.60000000000002
 10
622.15
 20
-219.35000000000002
 10
622.15
 20
-219.10000000000002
 10
622.15
 20
-218.85000000000002
 10
622.15
 20
-218.60000000000002
 10
622.15
 20
-218.35000000000002
 10
622.15
 20
-218.10000000000002
 10
622.15
 20
-217.85000000000002
 10
622.15
 20
-217.60000000000002
 10
622.15
 20
-217.35000000000002
 10
622.15
 20
-217.10000000000002
 10
622.15
 20
-216.85000000000002
 10
622.15
 20
-216.60000000000002
 10
622.15
 20
-216.35000000000002
 10
622.15
 20
-216.10000000000002
 10
622.15
 20
-215.85000000000002
 10
622.15
 20
-215.60000000000002
 10
622.15
 20
-215.34999999999997
 10
622.15
 20
-215.10000000000002
 10
622.15
 20
-214.84999999999997
 10
622.15
 20
-214.60000000000002
 10
622.15
 20
-214.35000000000008
 10
622.15
 20
-214.10000000000002
 10
622.15
 20
-213.85000000000008
 10
622.15
 20
-213.60000000000002
 10
622.15
 20
-213.35000000000008
 10
622.15
 20
-213.10000000000002
 10
622.15
 20
-212.85000000000002
 10
622.15
 20
-212.60000000000002
 10
622.15
 20
-212.35000000000002
 10
622.15
 20
-212.10000000000002
 10
622.15
 20
-211.85000000000002
 10
622.15
 20
-211.60000000000002
 10
622.15
 20
-211.35000000000002
 10
622.15
 20
-211.10000000000002
 10
622.15
 20
-210.85000000000002
 10
622.15
 20
-210.60000000000002
 10
622.15
 20
-210.35000000000002
 10
622.15
 20
-210.10000000000002
 10
622.15
 20
-209.85000000000002
 10
622.15
 20
-209.60000000000002
 10
622.15
 20
-209.35000000000002
 10
622.15
 20
-209.10000000000002
 10
622.15
 20
-208.85000000000002
 10
622.15
 20
-208.59999999999997
 10
622.15
 20
-208.35000000000002
 10
622.15
 20
-208.09999999999997
 10
622.15
 20
-207.85000000000002
 10
621.9
 20
-207.85000000000002
 10
621.65
 20
-207.85000000000002
 10
621.3999999999999
 20
-207.85000000000002
 10
621.15
 20
-207.85000000000002
 10
620.9
 20
-207.85000000000002
 10
620.65
 20
-207.85000000000002
 10
620.3999999999999
 20
-207.85000000000002
 10
620.15
 20
-207.85000000000002
 10
619.9
 20
-207.85000000000002
 10
619.65
 20
-207.85000000000002
 10
619.3999999999999
 20
-207.85000000000002
 10
619.15
 20
-207.85000000000002
 10
618.9
 20
-207.85000000000002
 10
618.65
 20
-207.85000000000002
 10
618.4
 20
-207.85000000000002
 10
618.15
 20
-207.85000000000002
 10
617.9
 20
-207.85000000000002
 10
617.65
 20
-207.85000000000002
 10
617.4
 20
-207.85000000000002
 10
617.15
 20
-207.85000000000002
 10
616.9
 20
-207.85000000000002
 10
616.65
 20
-207.85000000000002
 10
616.4
 20
-207.85000000000002
 10
616.1499999999999
 20
-207.85000000000002
 10
615.9
 20
-207.85000000000002
 10
615.65
 20
-207.85000000000002
 10
615.4
 20
-207.85000000000002
 10
615.1499999999999
 20
-207.85000000000002
 10
614.9
 20
-207.85000000000002
 10
614.65
 20
-207.85000000000002
 10
614.4
 20
-207.85000000000002
 10
614.1499999999999
 20
-207.85000000000002
 10
613.9
 20
-207.85000000000002
 10
613.65
 20
-207.85000000000002
 10
613.4
 20
-207.85000000000002
 10
613.1499999999999
 20
-207.85000000000002
 10
612.9
 20
-207.85000000000002
 10
612.65
 20
-207.85000000000002
 10
612.4
 20
-207.85000000000002
 10
612.15
 20
-207.85000000000002
 10
611.9
 20
-207.85000000000002
 10
611.65
 20
-207.85000000000002
 10
611.4
 20
-207.85000000000002
 10
611.15
 20
-207.85000000000002
 10
610.9
 20
-207.85000000000002
 10
610.65
 20
-207.85000000000002
 10
610.4
 20
-207.85000000000002
 10
610.15
 20
-207.85000000000002
 10
609.8999999999999
 20
-207.85000000000002
 10
609.65
 20
-207.85000000000002
 10
609.4
 20
-207.85000000000002
 10
609.15
 20
-207.85000000000002
 10
608.8999999999999
 20
-207.85000000000002
 10
608.65
 20
-207.85000000000002
 10
608.4
 20
-207.85000000000002
 10
608.15
 20
-207.85000000000002
 10
607.8999999999999
 20
-207.85000000000002
 10
607.65
 20
-207.85000000000002
 10
607.4
 20
-207.85000000000002
 10
607.15
 20
-207.85000000000002
 10
606.8999999999999
 20
-207.85000000000002
 10
606.65
 20
-207.85000000000002
 10
606.4
 20
-207.85000000000002
 10
606.15
 20
-207.85000000000002
 10
605.8999999999999
 20
-207.85000000000002
 10
605.65
 20
-207.85000000000002
 10
605.4
 20
-207.85000000000002
 10
605.15
 20
-207.85000000000002
 10
604.9
 20
-207.85000000000002
 10
604.65
 20
-207.85000000000002
 10
604.4
 20
-207.85000000000002
 10
604.15
 20
-207.85000000000002
 10
603.9
 20
-207.85000000000002
 10
603.65
 20
-207.85000000000002
 10
603.4
 20
-207.85000000000002
 10
603.15
 20
-207.85000000000002
 10
602.9
 20
-207.85000000000002
 10
602.6499999999999
 20
-207.85000000000002
 10
602.4
 20
-207.85000000000002
 10
602.15
 20
-207.85000000000002
 10
601.9
 20
-207.85000000000002
 10
601.6499999999999
 20
-207.85000000000002
 10
601.4
 20
-207.85000000000002
 10
601.15
 20
-207.85000000000002
 10
600.9
 20
-207.85000000000002
 10
600.6499999999999
 20
-207.85000000000002
 10
600.4
 20
-207.85000000000002
 10
600.15
 20
-207.85000000000002
 10
599.9
 20
-207.85000000000002
 10
599.6499999999999
 20
-207.85000000000002
 10
599.4
 20
-207.85000000000002
 10
599.15
 20
-207.85000000000002
 10
598.9
 20
-207.85000000000002
 10
598.65
 20
-207.85000000000002
 10
598.4
 20
-207.85000000000002
 10
598.15
 20
-207.85000000000002
 10
597.9
 20
-207.85000000000002
 10
597.65
 20
-207.85000000000002
 10
597.4
 20
-207.85000000000002
 10
597.15
 20
-207.85000000000002
 10
596.9
 20
-207.85000000000002
 10
596.65
 20
-207.85000000000002
 10
596.3999999999999
 20
-207.85000000000002
 10
596.15
 20
-207.85000000000002
 10
595.9
 20
-207.85000000000002
 10
595.65
 20
-207.85000000000002
 10
595.3999999999999
 20
-207.85000000000002
 10
595.15
 20
-207.85000000000002
 10
594.9
 20
-207.85000000000002
 10
594.65
 20
-207.85000000000002
 10
594.3999999999999
 20
-207.85000000000002
 10
594.15
 20
-207.85000000000002
 10
593.9
 20
-207.85000000000002
 10
593.65
 20
-207.85000000000002
 10
593.3999999999999
 20
-207.85000000000002
 10
593.15
 20
-207.85000000000002
 10
592.9
 20
-207.85000000000002
 10
592.65
 20
-207.85000000000002
 10
592.4
 20
-207.85000000000002
 10
592.15
 20
-207.85000000000002
 10
591.9
 20
-207.85000000000002
 10
591.65
 20
-207.85000000000002
 10
591.4
 20
-207.85000000000002
 10
591.15
 20
-207.85000000000002
 10
590.9
 20
-207.85000000000002
 10
590.65
 20
-207.85000000000002
 10
590.4
 20
-207.85000000000002
 10
590.1499999999999
 20
-207.85000000000002
 10
589.9
 20
-207.85000000000002
 10
589.65
 20
-207.85000000000002
 10
589.4
 20
-207.85000000000002
 10
589.1499999999999
 20
-207.85000000000002
 10
588.9
 20
-207.85000000000002
 10
588.65
 20
-207.85000000000002
 10
588.4
 20
-207.85000000000002
 10
588.1499999999999
 20
-207.85000000000002
 10
587.9
 20
-207.85000000000002
 10
587.65
 20
-207.85000000000002
 10
587.4
 20
-207.85000000000002
 10
587.1499999999999
 20
-207.85000000000002
 10
586.9
 20
-207.85000000000002
 10
586.65
 20
-207.85000000000002
 10
586.4
 20
-207.85000000000002
 10
586.1499999999999
 20
-207.85000000000002
 10
585.9
 20
-207.85000000000002
 10
585.65
 20
-207.85000000000002
 10
585.4
 20
-207.85000000000002
 10
585.15
 20
-207.85000000000002
 10
584.9
 20
-207.85000000000002
 10
584.65
 20
-207.85000000000002
 10
584.4
 20
-207.85000000000002
 10
584.15
 20
-207.85000000000002
 10
583.9
 20
-207.85000000000002
 10
583.65
 20
-207.85000000000002
 10
583.4
 20
-207.85000000000002
 10
583.15
 20
-207.85000000000002
 10
582.8999999999999
 20
-207.85000000000002
 10
582.65
 20
-207.85000000000002
 10
582.4
 20
-207.85000000000002
 10
582.15
 20
-207.85000000000002
 10
581.8999999999999
 20
-207.85000000000002
 10
581.65
 20
-207.85000000000002
 10
581.4
 20
-207.85000000000002
 10
581.15
 20
-207.85000000000002
 10
580.8999999999999
 20
-207.85000000000002
 10
580.65
 20
-207.85000000000002
 10
580.4
 20
-207.85000000000002
 10
580.15
 20
-207.85000000000002
 10
579.8999999999999
 20
-207.85000000000002
 10
579.65
 20
-207.85000000000002
 10
579.4
 20
-207.85000000000002
 10
579.15
 20
-207.85000000000002
 10
578.9
 20
-207.85000000000002
 10
578.65
 20
-207.85000000000002
 10
578.4
 20
-207.85000000000002
 10
578.15
 20
-207.85000000000002
 10
577.9
 20
-207.85000000000002
 10
577.65
 20
-207.85000000000002
 10
577.4
 20
-207.85000000000002
 10
577.15
 20
-207.85000000000002
 10
576.9
 20
-207.85000000000002
 10
576.6499999999999
 20
-207.85000000000002
 10
576.4
 20
-207.85000000000002
 10
576.15
 20
-207.85000000000002
 10
575.9
 20
-207.85000000000002
 10
575.6499999999999
 20
-207.85000000000002
 10
575.4
 20
-207.85000000000002
 10
575.15
 20
-207.85000000000002
 10
574.9
 20
-207.85000000000002
 10
574.6499999999999
 20
-207.85000000000002
 10
574.4
 20
-207.85000000000002
 10
574.15
 20
-207.85000000000002
 10
573.9
 20
-207.85000000000002
 10
573.6499999999999
 20
-207.85000000000002
 10
573.4
 20
-207.85000000000002
 10
573.15
 20
-207.85000000000002
 10
572.9
 20
-207.85000000000002
 10
572.65
 20
-207.85000000000002
 10
572.4
 20
-207.85000000000002
 10
572.15
 20
-207.85000000000002
 10
571.9
 20
-207.85000000000002
 10
571.65
 20
-207.85000000000002
 10
571.4
 20
-207.85000000000002
 10
571.15
 20
-207.85000000000002
 10
570.9
 20
-207.85000000000002
 10
570.65
 20
-207.85000000000002
 10
570.3999999999999
 20
-207.85000000000002
 10
570.15
 20
-207.85000000000002
 10
569.9
 20
-207.85000000000002
 10
569.65
 20
-207.85000000000002
 10
569.3999999999999
 20
-207.85000000000002
 10
569.15
 20
-207.85000000000002
 10
568.9
 20
-207.85000000000002
 10
568.65
 20
-207.85000000000002
 10
568.3999999999999
 20
-207.85000000000002
 10
568.15
 20
-207.85000000000002
 10
567.9
 20
-207.85000000000002
 10
567.65
 20
-207.85000000000002
 10
567.3999999999999
 20
-207.85000000000002
 10
567.15
 20
-207.85000000000002
 10
566.9
 20
-207.85000000000002
 10
566.65
 20
-207.85000000000002
 10
566.3999999999999
 20
-207.85000000000002
 10
566.15
 20
-207.85000000000002
 10
565.9
 20
-207.85000000000002
 10
565.65
 20
-207.85000000000002
 10
565.4
 20
-207.85000000000002
 10
565.15
 20
-207.85000000000002
 10
564.9
 20
-207.85000000000002
 10
564.65
 20
-207.85000000000002
 10
564.4
 20
-207.85000000000002
 10
564.15
 20
-207.85000000000002
 10
563.9
 20
-207.85000000000002
 10
563.65
 20
-207.85000000000002
 10
563.4
 20
-207.85000000000002
 10
563.1499999999999
 20
-207.85000000000002
 10
562.9
 20
-207.85000000000002
 10
562.65
 20
-207.85000000000002
 10
562.4
 20
-207.85000000000002
 10
562.1499999999999
 20
-207.85000000000002
 10
561.9
 20
-207.85000000000002
 10
561.65
 20
-207.85000000000002
 10
561.4
 20
-207.85000000000002
 10
561.1499999999999
 20
-207.85000000000002
 10
560.9
 20
-207.85000000000002
 10
560.65
 20
-207.85000000000002
 10
560.4
 20
-207.85000000000002
 10
560.1499999999999
 20
-207.85000000000002
 10
559.9
 20
-207.85000000000002
 10
559.65
 20
-207.85000000000002
 10
559.4
 20
-207.85000000000002
 10
559.15
 20
-207.85000000000002
 10
558.9
 20
-207.85000000000002
 10
558.65
 20
-207.85000000000002
 10
558.4
 20
-207.85000000000002
 10
558.15
 20
-207.85000000000002
 10
557.9
 20
-207.85000000000002
 10
557.65
 20
-207.85000000000002
 10
557.4
 20
-207.85000000000002
 10
557.15
 20
-207.85000000000002
 10
556.8999999999999
 20
-207.85000000000002
 10
556.65
 20
-207.85000000000002
 10
556.4
 20
-207.85000000000002
 10
556.15
 20
-207.85000000000002
 10
555.8999999999999
 20
-207.85000000000002
 10
555.65
 20
-207.85000000000002
 10
555.4
 20
-207.85000000000002
 10
555.15
 20
-207.85000000000002
 10
554.8999999999999
 20
-207.85000000000002
 10
554.65
 20
-207.85000000000002
 10
554.4
 20
-207.85000000000002
 10
554.15
 20
-207.85000000000002
 10
553.8999999999999
 20
-207.85000000000002
 10
553.65
 20
-207.85000000000002
 10
553.4
 20
-207.85000000000002
 10
553.15
 20
-207.85000000000002
 10
552.9
 20
-207.85000000000002
 10
552.65
 20
-207.85000000000002
 10
552.4
 20
-207.85000000000002
 10
552.15
 20
-207.85000000000002
 10
551.9
 20
-207.85000000000002
 10
551.65
 20
-207.85000000000002
 10
551.4
 20
-207.85000000000002
 10
551.15
 20
-207.85000000000002
 10
550.9
 20
-207.85000000000002
 10
550.6499999999999
 20
-207.85000000000002
 10
550.4
 20
-207.85000000000002
 10
550.15
 20
-207.85000000000002
 10
549.9
 20
-207.85000000000002
 10
549.6499999999999
 20
-207.85000000000002
 10
549.4
 20
-207.85000000000002
 10
549.15
 20
-207.85000000000002
 10
548.9
 20
-207.85000000000002
 10
548.6499999999999
 20
-207.85000000000002
 10
548.4
 20
-207.85000000000002
 10
548.15
 20
-207.85000000000002
 10
547.9
 20
-207.85000000000002
 10
547.6499999999999
 20
-207.85000000000002
 10
547.4
 20
-207.85000000000002
 10
547.15
 20
-207.85000000000002
 10
546.9
 20
-207.85000000000002
 10
546.6499999999999
 20
-207.85000000000002
 10
546.4
 20
-207.85000000000002
 10
546.15
 20
-207.85000000000002
 10
545.9
 20
-207.85000000000002
 10
545.65
 20
-207.85000000000002
 10
545.4
 20
-207.85000000000002
 10
545.15
 20
-207.85000000000002
 10
544.9
 20
-207.85000000000002
 10
544.65
 20
-207.85000000000002
 10
544.4
 20
-207.85000000000002
 10
544.15
 20
-207.85000000000002
 10
543.9
 20
-207.85000000000002
 10
543.65
 20
-207.85000000000002
 10
543.3999999999999
 20
-207.85000000000002
 10
543.15
 20
-207.85000000000002
 10
542.9
 20
-207.85000000000002
 10
542.65
 20
-207.85000000000002
 10
542.3999999999999
 20
-207.85000000000002
 10
542.15
 20
-207.85000000000002
 10
541.9
 20
-207.85000000000002
 10
541.65
 20
-207.85000000000002
 10
541.3999999999999
 20
-207.85000000000002
 10
541.15
 20
-207.85000000000002
 10
540.9
 20
-207.85000000000002
 10
540.65
 20
-207.85000000000002
 10
540.3999999999999
 20
-207.85000000000002
 10
540.15
 20
-207.85000000000002
 10
539.9
 20
-207.85000000000002
 10
539.65
 20
-207.85000000000002
 10
539.4
 20
-207.85000000000002
 10
539.15
 20
-207.85000000000002
 10
538.9
 20
-207.85000000000002
 10
538.65
 20
-207.85000000000002
 10
538.4
 20
-207.85000000000002
 10
538.15
 20
-207.85000000000002
 10
537.9
 20
-207.85000000000002
 10
537.65
 20
-207.85000000000002
 10
537.4
 20
-207.85000000000002
 10
537.1499999999999
 20
-207.85000000000002
 10
536.9
 20
-207.85000000000002
 10
536.65
 20
-207.85000000000002
 10
536.4
 20
-207.85000000000002
 10
536.1499999999999
 20
-207.85000000000002
 10
535.9
 20
-207.85000000000002
 10
535.6500000000001
 20
-207.85000000000002
 10
535.4
 20
-207.85000000000002
 10
535.1499999999999
 20
-207.85000000000002
 10
534.9
 20
-207.85000000000002
 10
534.65
 20
-207.85000000000002
 10
534.4
 20
-207.85000000000002
 10
534.1499999999999
 20
-207.85000000000002
 10
533.9
 20
-207.85000000000002
 10
533.65
 20
-207.85000000000002
 10
533.4
 20
-207.85000000000002
 10
533.15
 20
-207.85000000000002
 10
532.9
 20
-207.85000000000002
 10
532.65
 20
-207.85000000000002
 10
532.4000000000001
 20
-207.85000000000002
 10
532.15
 20
-207.85000000000002
 10
531.9
 20
-207.85000000000002
 10
531.65
 20
-207.85000000000002
 10
531.4
 20
-207.85000000000002
 10
531.15
 20
-207.85000000000002
 10
530.8999999999999
 20
-207.85000000000002
 10
530.65
 20
-207.85000000000002
 10
530.4
 20
-207.85000000000002
 10
530.15
 20
-207.85000000000002
 10
529.8999999999999
 20
-207.85000000000002
 10
529.65
 20
-207.85000000000002
 10
529.4
 20
-207.85000000000002
 10
529.15
 20
-207.85000000000002
 10
528.8999999999999
 20
-207.85000000000002
 10
528.65
 20
-207.85000000000002
 10
528.4
 20
-207.85000000000002
 10
528.15
 20
-207.85000000000002
 10
527.8999999999999
 20
-207.85000000000002
 10
527.65
 20
-207.85000000000002
 10
527.4
 20
-207.85000000000002
 10
527.15
 20
-207.85000000000002
 10
526.8999999999999
 20
-207.85000000000002
 10
526.65
 20
-207.85000000000002
 10
526.4
 20
-207.85000000000002
 10
526.15
 20
-207.85000000000002
 10
525.9
 20
-207.85000000000002
 10
525.65
 20
-207.85000000000002
 10
525.4
 20
-207.85000000000002
 10
525.15
 20
-207.85000000000002
 10
524.9
 20
-207.85000000000002
 10
524.65
 20
-207.85000000000002
 10
524.4
 20
-207.85000000000002
 10
524.15
 20
-207.85000000000002
 10
523.9
 20
-207.85000000000002
 10
523.6499999999999
 20
-207.85000000000002
 10
523.4
 20
-207.85000000000002
 10
523.15
 20
-207.85000000000002
 10
522.9
 20
-207.85000000000002
 10
522.6499999999999
 20
-207.85000000000002
 10
522.4
 20
-207.85000000000002
 10
522.15
 20
-207.85000000000002
 10
521.9
 20
-207.85000000000002
 10
521.6499999999999
 20
-207.85000000000002
 10
521.4
 20
-207.85000000000002
 10
521.15
 20
-207.85000000000002
 10
520.9
 20
-207.85000000000002
 10
520.6499999999999
 20
-207.85000000000002
 10
520.4
 20
-207.85000000000002
 10
520.15
 20
-207.85000000000002
 10
519.9
 20
-207.85000000000002
 10
519.65
 20
-207.85000000000002
 10
519.4
 20
-207.85000000000002
 10
519.15
 20
-207.85000000000002
 10
518.9
 20
-207.85000000000002
 10
518.65
 20
-207.85000000000002
 10
518.4
 20
-207.85000000000002
 10
518.15
 20
-207.85000000000002
 10
517.9
 20
-207.85000000000002
 10
517.65
 20
-207.85000000000002
 10
517.3999999999999
 20
-207.85000000000002
 10
517.15
 20
-207.85000000000002
 10
516.9
 20
-207.85000000000002
 10
516.65
 20
-207.85000000000002
 10
516.3999999999999
 20
-207.85000000000002
 10
516.15
 20
-207.85000000000002
 10
515.9000000000001
 20
-207.85000000000002
 10
515.65
 20
-207.85000000000002
 10
515.3999999999999
 20
-207.85000000000002
 10
515.15
 20
-207.85000000000002
 10
514.9
 20
-207.85000000000002
 10
514.65
 20
-207.85000000000002
 10
514.3999999999999
 20
-207.85000000000002
 10
514.15
 20
-207.85000000000002
 10
513.9
 20
-207.85000000000002
 10
513.65
 20
-207.85000000000002
 10
513.4
 20
-207.85000000000002
 10
513.15
 20
-207.85000000000002
 10
512.9
 20
-207.85000000000002
 10
512.6500000000001
 20
-207.85000000000002
 10
512.4
 20
-207.85000000000002
 10
512.15
 20
-207.85000000000002
 10
511.9
 20
-207.85000000000002
 10
511.65000000000003
 20
-207.85000000000002
 10
511.4
 20
-207.85000000000002
 10
511.14999999999986
 20
-207.85000000000002
 10
510.9
 20
-207.85000000000002
 10
510.65000000000003
 20
-207.85000000000002
 10
510.4
 20
-207.85000000000002
 10
510.1499999999999
 20
-207.85000000000002
 10
509.9
 20
-207.85000000000002
 10
509.65
 20
-207.85000000000002
 10
509.4
 20
-207.85000000000002
 10
509.1499999999999
 20
-207.85000000000002
 10
508.9
 20
-207.85000000000002
 10
508.65
 20
-207.85000000000002
 10
508.4
 20
-207.85000000000002
 10
508.1499999999999
 20
-207.85000000000002
 10
507.9
 20
-207.85000000000002
 10
507.65
 20
-207.85000000000002
 10
507.4
 20
-207.85000000000002
 10
507.1499999999999
 20
-207.85000000000002
 10
506.9
 20
-207.85000000000002
 10
506.65
 20
-207.85000000000002
 10
506.40000000000003
 20
-207.85000000000002
 10
506.15
 20
-207.85000000000002
 10
505.9
 20
-207.85000000000002
 10
505.65
 20
-207.85000000000002
 10
505.40000000000003
 20
-207.85000000000002
 10
505.15
 20
-207.85000000000002
 10
504.9
 20
-207.85000000000002
 10
504.65
 20
-207.85000000000002
 10
504.40000000000003
 20
-207.85000000000002
 10
504.15
 20
-207.85000000000002
 10
503.8999999999999
 20
-207.85000000000002
 10
503.65
 20
-207.85000000000002
 10
503.40000000000003
 20
-207.85000000000002
 10
503.15
 20
-207.85000000000002
 10
502.8999999999999
 20
-207.85000000000002
 10
502.65
 20
-207.85000000000002
 10
502.4
 20
-207.85000000000002
 10
502.15
 20
-207.85000000000002
 10
501.8999999999999
 20
-207.85000000000002
 10
501.65
 20
-207.85000000000002
 10
501.4
 20
-207.85000000000002
 10
501.15
 20
-207.85000000000002
 10
500.8999999999999
 20
-207.85000000000002
 10
500.65
 20
-207.85000000000002
 10
500.4
 20
-207.85000000000002
 10
500.15000000000003
 20
-207.85000000000002
 10
499.9
 20
-207.85000000000002
 10
499.65
 20
-207.85000000000002
 10
499.4
 20
-207.85000000000002
 10
499.15000000000003
 20
-207.85000000000002
 10
498.9
 20
-207.85000000000002
 10
498.65
 20
-207.85000000000002
 10
498.4
 20
-207.85000000000002
 10
498.15000000000003
 20
-207.85000000000002
 10
497.9
 20
-207.85000000000002
 10
497.6499999999999
 20
-207.85000000000002
 10
497.4
 20
-207.85000000000002
 10
497.15000000000003
 20
-207.85000000000002
 10
496.9
 20
-207.85000000000002
 10
496.6499999999999
 20
-207.85000000000002
 10
496.4
 20
-207.85000000000002
 10
496.15000000000003
 20
-207.85000000000002
 10
495.9
 20
-207.85000000000002
 10
495.6499999999999
 20
-207.85000000000002
 10
495.4
 20
-207.85000000000002
 10
495.15
 20
-207.85000000000002
 10
494.9
 20
-207.85000000000002
 10
494.64999999999986
 20
-207.85000000000002
 10
494.4
 20
-207.85000000000002
 10
494.15
 20
-207.85000000000002
 10
493.9
 20
-207.85000000000002
 10
493.65
 20
-207.85000000000002
 10
493.4
 20
-207.85000000000002
 10
493.15
 20
-207.85000000000002
 10
492.90000000000003
 20
-207.85000000000002
 10
492.65
 20
-207.85000000000002
 10
492.4
 20
-207.85000000000002
 10
492.15
 20
-207.85000000000002
 10
491.90000000000003
 20
-207.85000000000002
 10
491.65
 20
-207.85000000000002
 10
491.3999999999999
 20
-207.85000000000002
 10
491.15
 20
-207.85000000000002
 10
490.90000000000003
 20
-207.85000000000002
 10
490.65
 20
-207.85000000000002
 10
490.3999999999999
 20
-207.85000000000002
 10
490.15
 20
-207.85000000000002
 10
489.90000000000003
 20
-207.85000000000002
 10
489.65
 20
-207.85000000000002
 10
489.3999999999999
 20
-207.85000000000002
 10
489.15
 20
-207.85000000000002
 10
488.9
 20
-207.85000000000002
 10
488.65
 20
-207.85000000000002
 10
488.3999999999999
 20
-207.85000000000002
 10
488.15
 20
-207.85000000000002
 10
487.9
 20
-207.85000000000002
 10
487.65
 20
-207.85000000000002
 10
487.3999999999999
 20
-207.85000000000002
 10
487.15
 20
-207.85000000000002
 10
486.9
 20
-207.85000000000002
 10
486.65000000000003
 20
-207.85000000000002
 10
486.4
 20
-207.85000000000002
 10
486.15
 20
-207.85000000000002
 10
485.9
 20
-207.85000000000002
 10
485.65000000000003
 20
-207.85000000000002
 10
485.4
 20
-207.85000000000002
 10
485.15
 20
-207.85000000000002
 10
484.9
 20
-207.85000000000002
 10
484.65000000000003
 20
-207.85000000000002
 10
484.4
 20
-207.85000000000002
 10
484.1499999999999
 20
-207.85000000000002
 10
483.9
 20
-207.85000000000002
 10
483.65000000000003
 20
-207.85000000000002
 10
483.4
 20
-207.85000000000002
 10
483.1499999999999
 20
-207.85000000000002
 10
482.9
 20
-207.85000000000002
 10
482.65
 20
-207.85000000000002
 10
482.4
 20
-207.85000000000002
 10
482.1499999999999
 20
-207.85000000000002
 10
481.9
 20
-207.85000000000002
 10
481.65
 20
-207.85000000000002
 10
481.4
 20
-207.85000000000002
 10
481.1499999999999
 20
-207.85000000000002
 10
480.9
 20
-207.85000000000002
 10
480.65
 20
-207.85000000000002
 10
480.40000000000003
 20
-207.85000000000002
 10
480.15
 20
-207.85000000000002
 10
479.9
 20
-207.85000000000002
 10
479.65
 20
-207.85000000000002
 10
479.40000000000003
 20
-207.85000000000002
 10
479.15
 20
-207.85000000000002
 10
478.9
 20
-207.85000000000002
 10
478.65
 20
-207.85000000000002
 10
478.40000000000003
 20
-207.85000000000002
 10
478.15
 20
-207.85000000000002
 10
477.8999999999999
 20
-207.85000000000002
 10
477.65
 20
-207.85000000000002
 10
477.40000000000003
 20
-207.85000000000002
 10
477.15
 20
-207.85000000000002
 10
476.8999999999999
 20
-207.85000000000002
 10
476.65
 20
-207.85000000000002
 10
476.40000000000003
 20
-207.85000000000002
 10
476.15
 20
-207.85000000000002
 10
475.8999999999999
 20
-207.85000000000002
 10
475.65
 20
-207.85000000000002
 10
475.4
 20
-207.85000000000002
 10
475.15
 20
-207.85000000000002
 10
474.8999999999999
 20
-207.85000000000002
 10
474.65
 20
-207.85000000000002
 10
474.4
 20
-207.85000000000002
 10
474.15
 20
-207.85000000000002
 10
473.9
 20
-207.85000000000002
 10
473.65
 20
-207.85000000000002
 10
473.4
 20
-207.85000000000002
 10
473.15000000000003
 20
-207.85000000000002
 10
472.9
 20
-207.85000000000002
 10
472.65
 20
-207.85000000000002
 10
472.4
 20
-207.85000000000002
 10
472.15000000000003
 20
-207.85000000000002
 10
471.9
 20
-207.85000000000002
 10
471.6499999999999
 20
-207.85000000000002
 10
471.4
 20
-207.85000000000002
 10
471.15000000000003
 20
-207.85000000000002
 10
470.9
 20
-207.85000000000002
 10
470.6499999999999
 20
-207.85000000000002
 10
470.4
 20
-207.85000000000002
 10
470.15000000000003
 20
-207.85000000000002
 10
469.9
 20
-207.85000000000002
 10
469.6499999999999
 20
-207.85000000000002
 10
469.4
 20
-207.85000000000002
 10
469.15
 20
-207.85000000000002
 10
468.9
 20
-207.85000000000002
 10
468.6499999999999
 20
-207.85000000000002
 10
468.4
 20
-207.85000000000002
 10
468.15
 20
-207.85000000000002
 10
467.9
 20
-207.85000000000002
 10
467.6499999999999
 20
-207.85000000000002
 10
467.4
 20
-207.85000000000002
 10
467.15
 20
-207.85000000000002
 10
466.90000000000003
 20
-207.85000000000002
 10
466.65
 20
-207.85000000000002
 10
466.4
 20
-207.85000000000002
 10
466.15
 20
-207.85000000000002
 10
465.90000000000003
 20
-207.85000000000002
 10
465.65
 20
-207.85000000000002
 10
465.4
 20
-207.85000000000002
 10
465.15
 20
-207.85000000000002
 10
464.90000000000003
 20
-207.85000000000002
 10
464.65
 20
-207.85000000000002
 10
464.3999999999999
 20
-207.85000000000002
 10
464.15
 20
-207.85000000000002
 10
464.15
 20
-208.09999999999997
 10
464.15
 20
-208.35000000000002
 10
464.15
 20
-208.60000000000008
 10
464.15
 20
-208.85000000000002
 10
464.15
 20
-209.10000000000002
 10
464.15
 20
-209.35000000000002
 10
464.15
 20
-209.60000000000002
 10
464.15
 20
-209.85000000000002
 10
464.15
 20
-210.10000000000002
 10
464.15
 20
-210.35000000000002
 10
464.15
 20
-210.60000000000002
 10
464.15
 20
-210.85000000000002
 10
464.15
 20
-211.10000000000002
 10
464.15
 20
-211.35000000000002
 10
464.15
 20
-211.60000000000002
 10
464.15
 20
-211.85000000000002
 10
464.15
 20
-212.10000000000002
 10
464.15
 20
-212.35000000000002
 10
464.15
 20
-212.60000000000002
 10
464.15
 20
-212.85000000000002
 10
464.15
 20
-213.10000000000002
 10
464.15
 20
-213.34999999999997
 10
464.15
 20
-213.60000000000002
 10
464.15
 20
-213.85000000000008
 10
464.15
 20
-214.10000000000002
 10
464.15
 20
-214.34999999999997
 10
464.15
 20
-214.60000000000002
 10
464.15
 20
-214.85000000000008
 10
464.15
 20
-215.10000000000002
 10
464.15
 20
-215.34999999999997
 10
464.15
 20
-215.60000000000002
 10
464.15
 20
-215.85000000000008
 10
464.15
 20
-216.10000000000002
 10
464.15
 20
-216.35000000000002
 10
464.15
 20
-216.60000000000002
 10
464.15
 20
-216.85000000000002
 10
464.15
 20
-217.10000000000002
 10
464.15
 20
-217.35000000000002
 10
464.15
 20
-217.60000000000002
 10
464.15
 20
-217.85000000000002
 10
464.15
 20
-218.10000000000002
 10
464.15
 20
-218.35000000000002
 10
464.15
 20
-218.60000000000002
 10
464.15
 20
-218.85000000000002
 10
464.15
 20
-219.10000000000002
 10
464.15
 20
-219.35000000000002
 10
464.15
 20
-219.59999999999997
 10
464.15
 20
-219.85000000000002
 10
464.15
 20
-220.10000000000008
 10
464.15
 20
-220.35000000000002
 10
464.15
 20
-220.59999999999997
 10
464.15
 20
-220.85000000000002
 10
464.15
 20
-221.10000000000008
 10
464.15
 20
-221.35000000000002
 10
464.15
 20
-221.59999999999997
 10
464.15
 20
-221.85000000000002
 10
464.15
 20
-222.10000000000008
 10
464.15
 20
-222.35000000000002
 10
464.15
 20
-222.60000000000002
 10
464.15
 20
-222.85000000000002
 10
464.15
 20
-223.10000000000002
 10
464.15
 20
-223.35000000000002
 10
464.15
 20
-223.60000000000002
 10
464.15
 20
-223.85000000000002
 10
464.15
 20
-224.10000000000002
 10
464.15
 20
-224.35000000000002
 10
464.15
 20
-224.60000000000002
 10
464.15
 20
-224.85000000000002
 10
464.15
 20
-225.10000000000002
 10
464.15
 20
-225.35000000000002
 10
464.15
 20
-225.60000000000002
 10
464.15
 20
-225.85000000000002
 10
464.15
 20
-226.10000000000002
 10
464.15
 20
-226.35000000000002
 10
464.15
 20
-226.60000000000002
 10
464.15
 20
-226.84999999999997
 10
464.15
 20
-227.10000000000002
 10
464.15
 20
-227.35000000000008
 10
464.15
 20
-227.60000000000002
 10
464.15
 20
-227.84999999999997
 10
464.15
 20
-228.10000000000002
 10
464.15
 20
-228.35000000000008
 10
464.15
 20
-228.60000000000002
 10
464.15
 20
-228.85000000000002
 10
464.15
 20
-229.10000000000002
 10
464.15
 20
-229.35000000000002
 10
464.15
 20
-229.60000000000002
 10
464.15
 20
-229.85000000000002
 10
464.15
 20
-230.10000000000002
 10
464.15
 20
-230.35000000000002
 10
464.15
 20
-230.60000000000002
 10
464.15
 20
-230.85000000000002
 10
464.15
 20
-231.10000000000002
 10
464.15
 20
-231.35000000000002
 10
464.15
 20
-231.60000000000002
 10
464.15
 20
-231.85000000000002
 10
464.15
 20
-232.10000000000002
 10
464.15
 20
-232.35000000000002
 10
464.15
 20
-232.60000000000002
 10
464.15
 20
-232.85000000000002
 10
464.15
 20
-233.09999999999997
 10
464.15
 20
-233.35000000000002
 10
464.15
 20
-233.60000000000008
 10
464.15
 20
-233.85000000000002
 10
464.15
 20
-234.09999999999997
 10
464.15
 20
-234.35000000000002
 10
464.15
 20
-234.60000000000008
 10
464.15
 20
-234.85000000000002
 10
464.15
 20
-235.09999999999997
 10
464.15
 20
-235.35000000000002
 10
464.15
 20
-235.60000000000008
 10
464.15
 20
-235.85000000000002
 10
464.15
 20
-236.10000000000002
 10
464.15
 20
-236.35000000000002
 10
464.15
 20
-236.60000000000002
 10
464.15
 20
-236.85000000000002
 10
464.15
 20
-237.10000000000002
 10
464.15
 20
-237.35000000000002
 10
464.15
 20
-237.60000000000002
 10
464.15
 20
-237.85000000000002
 10
464.15
 20
-238.10000000000002
 10
464.15
 20
-238.35000000000002
 10
464.15
 20
-238.60000000000002
 10
464.15
 20
-238.85000000000002
 10
464.15
 20
-239.10000000000002
 10
464.15
 20
-239.34999999999997
 10
464.15
 20
-239.60000000000002
 10
464.15
 20
-239.85000000000008
 10
464.15
 20
-240.10000000000002
 10
464.15
 20
-240.34999999999997
 10
464.15
 20
-240.60000000000002
 10
464.15
 20
-240.85000000000008
 10
464.15
 20
-241.10000000000002
 10
464.15
 20
-241.34999999999997
 10
464.15
 20
-241.60000000000002
 10
464.15
 20
-241.85000000000008
 10
464.15
 20
-242.10000000000002
 10
464.15
 20
-242.35000000000002
 10
464.15
 20
-242.60000000000002
 10
464.15
 20
-242.85000000000002
 10
464.15
 20
-243.10000000000002
 10
464.15
 20
-243.35000000000002
 10
464.15
 20
-243.60000000000002
 10
464.15
 20
-243.85000000000002
 10
464.15
 20
-244.10000000000002
 10
464.15
 20
-244.35000000000002
 10
464.15
 20
-244.60000000000002
 10
464.15
 20
-244.85000000000002
 10
464.15
 20
-245.10000000000002
 10
464.15
 20
-245.35000000000002
 10
464.15
 20
-245.60000000000002
 10
464.15
 20
-245.85000000000002
 10
464.15
 20
-246.10000000000002
 10
464.15
 20
-246.35000000000002
 10
464.15
 20
-246.60000000000002
 10
464.15
 20
-246.85000000000002
 10
464.15
 20
-247.10000000000002
 10
464.15
 20
-247.35000000000002
 10
464.15
 20
-247.60000000000002
 10
464.15
 20
-247.85000000000002
 10
464.15
 20
-248.10000000000002
 10
464.15
 20
-248.35000000000002
 10
464.15
 20
-248.60000000000002
 10
464.15
 20
-248.85000000000002
 10
464.15
 20
-249.10000000000002
 10
464.15
 20
-249.35000000000002
 10
464.15
 20
-249.60000000000002
 10
464.15
 20
-249.85000000000002
 10
464.15
 20
-250.10000000000002
 10
464.15
 20
-250.35000000000002
 10
464.15
 20
-250.60000000000002
 10
464.15
 20
-250.85000000000002
 10
464.15
 20
-251.10000000000002
 10
464.15
 20
-251.35000000000002
 10
464.15
 20
-251.60000000000002
 10
464.15
 20
-251.85000000000002
 10
464.15
 20
-252.10000000000002
 10
464.15
 20
-252.35000000000002
 10
464.15
 20
-252.60000000000002
 10
464.15
 20
-252.85000000000002
 10
464.15
 20
-253.10000000000002
 10
464.15
 20
-253.35000000000002
 10
464.15
 20
-253.60000000000002
 10
464.15
 20
-253.85000000000002
 10
464.15
 20
-254.10000000000002
 10
464.15
 20
-254.35000000000002
 10
464.15
 20
-254.60000000000002
 10
464.15
 20
-254.85000000000002
 10
464.15
 20
-255.10000000000002
 10
464.15
 20
-255.35000000000002
 10
464.15
 20
-255.60000000000002
 10
464.15
 20
-255.85000000000002
 10
464.15
 20
-256.1
 10
464.15
 20
-256.35
 10
464.15
 20
-256.6
 10
464.15
 20
-256.85
 10
464.15
 20
-257.1
 10
464.15
 20
-257.35
 10
464.15
 20
-257.6
 10
464.15
 20
-257.85
 10
464.15
 20
-258.1
 10
464.15
 20
-258.35
 10
464.15
 20
-258.6
 10
464.15
 20
-258.85
 10
464.15
 20
-259.1
 10
464.15
 20
-259.35
 10
464.15
 20
-259.6
 10
464.15
 20
-259.85
 10
464.15
 20
-260.1
 10
464.15
 20
-260.35
 10
464.15
 20
-260.6
 10
464.15
 20
-260.85
 10
464.15
 20
-261.1
 10
464.15
 20
-261.35
 10
464.15
 20
-261.6
 10
464.15
 20
-261.85
 10
464.15
 20
-262.1
 10
464.15
 20
-262.35
 10
464.15
 20
-262.6
 10
464.15
 20
-262.85
 10
464.15
 20
-263.1
 10
464.15
 20
-263.35
 10
464.15
 20
-263.6
 10
464.15
 20
-263.85
 10
464.15
 20
-264.1
 10
464.15
 20
-264.35
 10
464.15
 20
-264.6
 10
464.15
 20
-264.85
 10
464.15
 20
-265.1
 10
464.15
 20
-265.35
 10
464.15
 20
-265.6
 10
464.15
 20
-265.85
 10
464.15
 20
-266.1
 10
464.15
 20
-266.35
 10
464.15
 20
-266.6
 10
464.15
 20
-266.85
 10
464.15
 20
-267.1
 10
464.15
 20
-267.35
 10
464.15
 20
-267.6
 10
464.15
 20
-267.85
 10
464.15
 20
-268.1
 10
464.15
 20
-268.35
 10
464.15
 20
-268.6
 10
464.15
 20
-268.85
 10
464.15
 20
-269.1
 10
464.15
 20
-269.35
 10
464.15
 20
-269.6
 10
464.15
 20
-269.85
 10
464.15
 20
-270.1
 10
464.15
 20
-270.35
 10
464.15
 20
-270.6
 10
464.15
 20
-270.85
 10
464.15
 20
-271.1
 10
464.15
 20
-271.35
 10
464.15
 20
-271.6
 10
464.15
 20
-271.85
 10
464.15
 20
-272.1
 10
464.15
 20
-272.35
 10
464.15
 20
-272.6
 10
464.15
 20
-272.85
 10
464.15
 20
-273.1
 10
464.15
 20
-273.35
 10
464.15
 20
-273.6
 10
464.15
 20
-273.85
 10
464.15
 20
-274.1
 10
464.15
 20
-274.35
 10
464.15
 20
-274.6
 10
464.15
 20
-274.85
 10
464.15
 20
-275.1
 10
464.15
 20
-275.35
 10
464.15
 20
-275.6
 10
464.15
 20
-275.85
 10
464.15
 20
-276.1
 10
464.15
 20
-276.35
 10
464.15
 20
-276.6
 10
464.15
 20
-276.85
 10
464.15
 20
-277.1
 10
464.15
 20
-277.35
 10
464.15
 20
-277.6
 10
464.15
 20
-277.85
 10
464.15
 20
-278.1
 10
464.15
 20
-278.35
 10
464.15
 20
-278.6
 10
464.15
 20
-278.85
 10
464.15
 20
-279.1
 10
464.15
 20
-279.35
 10
464.15
 20
-279.6
 10
464.15
 20
-279.85
 10
464.15
 20
-280.1
 10
464.15
 20
-280.35
 10
464.15
 20
-280.6
 10
464.15
 20
-280.85
 10
464.15
 20
-281.1
 10
464.15
 20
-281.35
 10
464.15
 20
-281.6
 10
464.15
 20
-281.85
 10
464.15
 20
-282.1
 10
464.15
 20
-282.35
 10
464.15
 20
-282.6
 10
464.15
 20
-282.85
 10
464.15
 20
-283.1
 10
464.15
 20
-283.35
 10
464.15
 20
-283.6
 10
464.15
 20
-283.85
 10
464.15
 20
-284.1
 10
464.15
 20
-284.35
 10
464.15
 20
-284.6
 10
464.15
 20
-284.85
 10
464.15
 20
-285.1
 10
464.15
 20
-285.35
 10
464.15
 20
-285.6
 10
464.15
 20
-285.85
 10
464.15
 20
-286.1
 10
464.15
 20
-286.35
 10
464.15
 20
-286.6
 10
464.15
 20
-286.85
 10
464.15
 20
-287.1
 10
464.15
 20
-287.35
 10
464.15
 20
-287.6
 10
464.15
 20
-287.85
 10
464.15
 20
-288.1
 10
464.15
 20
-288.35
 10
464.15
 20
-288.6
 10
464.15
 20
-288.85
 10
464.15
 20
-289.1
 10
464.15
 20
-289.35
 10
464.15
 20
-289.6
 10
464.15
 20
-289.85
 10
464.15
 20
-290.1
 10
464.15
 20
-290.35
 10
464.15
 20
-290.6
 10
464.15
 20
-290.85
 10
464.15
 20
-291.1
 10
464.15
 20
-291.35
 10
464.15
 20
-291.6
 10
464.15
 20
-291.85
 10
464.15
 20
-292.1
 10
464.15
 20
-292.35
 10
464.15
 20
-292.6
 10
464.15
 20
-292.85
 10
464.15
 20
-293.1
 10
464.15
 20
-293.35
 10
464.15
 20
-293.6
 10
464.15
 20
-293.85
 10
464.15
 20
-294.1
 10
464.15
 20
-294.35
 10
464.15
 20
-294.6
 10
464.15
 20
-294.85
 10
464.15
 20
-295.1
 10
464.15
 20
-295.35
 10
464.15
 20
-295.6
 10
464.15
 20
-295.85
 10
464.15
 20
-296.1
 10
464.15
 20
-296.35
 10
464.15
 20
-296.6
 10
464.15
 20
-296.85
 10
464.15
 20
-297.1
 10
464.15
 20
-297.35
 10
464.15
 20
-297.6
 10
464.15
 20
-297.85
 10
464.15
 20
-298.1
 10
464.15
 20
-298.35
 10
464.15
 20
-298.6
 10
464.15
 20
-298.85
 10
464.15
 20
-299.1
 10
464.15
 20
-299.35
 10
464.15
 20
-299.6
 10
464.15
 20
-299.85
 10
464.15
 20
-300.1
 10
464.15
 20
-300.35
 10
464.15
 20
-300.6
 10
464.15
 20
-300.85
 10
464.15
 20
-301.1
 10
464.15
 20
-301.35
 10
464.15
 20
-301.6
 10
464.15
 20
-301.85
 10
464.15
 20
-302.1
 10
464.15
 20
-302.35
 10
464.15
 20
-302.6
 10
464.15
 20
-302.85
 10
464.15
 20
-303.1
 10
464.15
 20
-303.35
 10
464.15
 20
-303.6
 10
464.15
 20
-303.85
 10
464.15
 20
-304.1
 10
464.15
 20
-304.35
 10
464.15
 20
-304.6
 10
464.15
 20
-304.85
 10
464.15
 20
-305.1
 10
464.15
 20
-305.35
 10
464.15
 20
-305.6
 10
464.15
 20
-305.85
 10
464.15
 20
-306.1
 10
464.15
 20
-306.35
 10
464.15
 20
-306.6
 10
464.15
 20
-306.85
 10
464.15
 20
-307.1
 10
464.15
 20
-307.35
 10
464.15
 20
-307.6
 10
464.15
 20
-307.85
 10
464.15
 20
-308.1
 10
464.15
 20
-308.35
 10
464.15
 20
-308.6
 10
464.15
 20
-308.85
 10
464.15
 20
-309.1
 10
464.15
 20
-309.35
 10
464.15
 20
-309.6
 10
464.15
 20
-309.85
 10
464.15
 20
-310.1
 10
464.15
 20
-310.35
 10
464.15
 20
-310.6
 10
464.15
 20
-310.85
 10
464.15
 20
-311.1
 10
464.15
 20
-311.35
 10
464.15
 20
-311.6
 10
464.15
 20
-311.85
 10
464.15
 20
-312.1
 10
464.15
 20
-312.35
 10
464.15
 20
-312.6
 10
464.15
 20
-312.85
 10
464.15
 20
-313.1
 10
464.15
 20
-313.35
 10
464.15
 20
-313.6
 10
464.15
 20
-313.85
 10
464.15
 20
-314.1
 10
464.15
 20
-314.35
 10
464.15
 20
-314.6
 10
464.15
 20
-314.85
 10
464.15
 20
-315.1
 10
464.15
 20
-315.35
 10
464.15
 20
-315.6
 10
464.15
 20
-315.85
 10
464.15
 20
-316.1
 10
464.15
 20
-316.35
 10
464.15
 20
-316.6
 10
464.15
 20
-316.85
 10
464.15
 20
-317.1
 10
464.15
 20
-317.35
 10
464.15
 20
-317.6
 10
464.15
 20
-317.85
 10
464.15
 20
-318.1
 10
464.15
 20
-318.35
 10
464.15
 20
-318.6
 10
464.15
 20
-318.85
 10
464.15
 20
-319.1
 10
464.15
 20
-319.35
 10
464.15
 20
-319.6
 10
464.15
 20
-319.85
 10
464.15
 20
-320.1
 10
464.15
 20
-320.35
 10
464.15
 20
-320.6
 10
464.15
 20
-320.85
 10
464.15
 20
-321.1
 10
464.15
 20
-321.35
 10
464.15
 20
-321.6
 10
464.15
 20
-321.85
 10
464.15
 20
-322.1
 10
464.15
 20
-322.35
 10
464.15
 20
-322.6
 10
464.15
 20
-322.85
 10
464.15
 20
-323.1
 10
464.15
 20
-323.35
 10
464.15
 20
-323.6
 10
464.15
 20
-323.85
 10
464.15
 20
-324.1
 10
464.15
 20
-324.35
 10
464.15
 20
-324.6
 10
464.15
 20
-324.85
 10
464.15
 20
-325.1
 10
464.15
 20
-325.35
 10
464.15
 20
-325.6
 10
464.15
 20
-325.85
 10
464.15
 20
-326.1
 10
464.15
 20
-326.35
 10
464.15
 20
-326.6
 10
464.15
 20
-326.85
 10
464.15
 20
-327.1
 10
464.15
 20
-327.35
 10
464.15
 20
-327.6
 10
464.15
 20
-327.85
 10
464.15
 20
-328.1
 10
464.15
 20
-328.35
 10
464.15
 20
-328.6
 10
464.15
 20
-328.85
 10
464.15
 20
-329.1
 10
464.15
 20
-329.35
 10
464.15
 20
-329.6
 10
464.15
 20
-329.85
 10
464.15
 20
-330.1
 10
464.15
 20
-330.35
 10
464.15
 20
-330.6
 10
464.15
 20
-330.85
 10
464.15
 20
-331.1
 10
464.15
 20
-331.35
 10
464.15
 20
-331.6
 10
464.15
 20
-331.85
 10
464.15
 20
-332.1
 10
464.15
 20
-332.35
 10
464.15
 20
-332.6
 10
464.15
 20
-332.85
 10
464.15
 20
-333.1
 10
464.15
 20
-333.35
 10
464.15
 20
-333.6
 10
464.15
 20
-333.85
 10
464.15
 20
-334.1
 10
464.15
 20
-334.35
 10
464.15
 20
-334.6
 10
464.15
 20
-334.85
 10
464.15
 20
-335.1
 10
464.15
 20
-335.35
 10
464.15
 20
-335.6
 10
464.15
 20
-335.85
 10
464.15
 20
-336.1
 10
464.15
 20
-336.35
 10
464.15
 20
-336.6
 10
464.15
 20
-336.85
 10
464.15
 20
-337.1
 10
464.15
 20
-337.35
 10
464.15
 20
-337.6
 10
464.15
 20
-337.85
 10
464.15
 20
-338.1
 10
464.15
 20
-338.35
 10
464.15
 20
-338.6
 10
464.15
 20
-338.85
 10
464.15
 20
-339.1
 10
464.15
 20
-339.35
 10
464.15
 20
-339.6
 10
464.15
 20
-339.85
 10
464.15
 20
-340.1
 10
464.15
 20
-340.35
 10
464.15
 20
-340.6
 10
464.15
 20
-340.85
 10
464.15
 20
-341.1
 10
464.15
 20
-341.35
 10
464.15
 20
-341.6
 10
464.15
 20
-341.85
 10
464.15
 20
-342.1
 10
464.15
 20
-342.35
 10
464.15
 20
-342.6
 10
464.15
 20
-342.85
 10
464.15
 20
-343.1
 10
464.15
 20
-343.35
 10
464.15
 20
-343.6
 10
464.15
 20
-343.85
 10
464.15
 20
-344.1
 10
464.15
 20
-344.35
 10
464.15
 20
-344.6
 10
464.15
 20
-344.85
 10
464.15
 20
-345.1
 10
464.15
 20
-345.35
 10
464.15
 20
-345.6
 10
464.15
 20
-345.85
 10
464.15
 20
-346.1
 10
464.15
 20
-346.35
 10
464.15
 20
-346.6
 10
464.15
 20
-346.85
 10
464.15
 20
-347.1
 10
464.15
 20
-347.35
 10
464.15
 20
-347.6
 10
464.15
 20
-347.85
 10
464.15
 20
-348.1
 10
464.15
 20
-348.35
 10
464.15
 20
-348.6
 10
464.15
 20
-348.85
 10
464.15
 20
-349.1
 10
464.15
 20
-349.35
 10
464.15
 20
-349.6
 10
464.15
 20
-349.85
 10
464.15
 20
-350.1
 10
464.15
 20
-350.35
 10
464.15
 20
-350.6
 10
464.15
 20
-350.85
 10
464.15
 20
-351.1
 10
464.15
 20
-351.35
 10
464.15
 20
-351.6
 10
464.15
 20
-351.85
 10
464.15
 20
-352.1
 10
464.15
 20
-352.35
 10
464.15
 20
-352.6
 10
464.15
 20
-352.85
 10
464.15
 20
-353.1
 10
464.15
 20
-353.35
 10
464.15
 20
-353.6
 10
464.15
 20
-353.85
 10
464.15
 20
-354.1
 10
464.15
 20
-354.35
 10
464.15
 20
-354.6
 10
464.15
 20
-354.85
 10
464.15
 20
-355.1
 10
464.15
 20
-355.35
 10
464.15
 20
-355.6
 10
464.15
 20
-355.85
 10
464.15
 20
-356.1
 10
464.15
 20
-356.35
 10
464.15
 20
-356.6
 10
464.15
 20
-356.85
 10
464.15
 20
-357.1
 10
464.15
 20
-357.35
 10
464.15
 20
-357.6
 10
464.15
 20
-357.85
 10
464.15
 20
-358.1
 10
464.15
 20
-358.35
 10
464.15
 20
-358.6
 10
464.15
 20
-358.85
 10
464.15
 20
-359.1
 10
464.15
 20
-359.35
 10
464.15
 20
-359.6
 10
464.15
 20
-359.85
 10
464.15
 20
-360.1
 10
464.15
 20
-360.35
 10
464.15
 20
-360.6
 10
464.15
 20
-360.85
 10
464.15
 20
-361.1
 10
464.15
 20
-361.35
 10
464.15
 20
-361.6
 10
464.15
 20
-361.85
 10
464.15
 20
-362.1
 10
464.15
 20
-362.35
 10
464.15
 20
-362.6
 10
464.15
 20
-362.85
 10
464.15
 20
-363.1
 10
464.15
 20
-363.35
 10
464.15
 20
-363.6
 10
464.15
 20
-363.85
 10
464.15
 20
-364.1
 10
464.15
 20
-364.35
 10
464.15
 20
-364.6
 10
464.15
 20
-364.85
 10
464.15
 20
-365.1
 10
464.15
 20
-365.35
 10
464.15
 20
-365.6
  0
LWPOLYLINE
  5
DE
330
17
100
AcDbEntity
  8
GEOMETRY
100
AcDbPolyline
 90
72
 70
1
 10
438.25000002568197
 20
-394.00000001392243
 10
438.2414380963886
 20
-393.8038995927447
 10
438.2158174699602
 20
-393.60929161418085
 10
438.17333313483414
 20
-393.41765716245516
 10
438.11430842245335
 20
-393.2304546914574
 10
438.03919254651925
 20
-393.0491089250277
 10
437.9485571842039
 20
-392.8750000139483
 10
437.84309212534157
 20
-392.70945303216223
 10
437.72360002271176
 20
-392.55372789216096
 10
437.59099028336686
 20
-392.40900975628927
 10
437.44627214749516
 20
-392.27640001694436
 10
437.2905470074939
 20
-392.15690791431456
 10
437.12500002570783
 20
-392.05144285545225
 10
436.9508911146284
 20
-391.9608074931369
 10
436.76954534819873
 20
-391.8856916172028
 10
436.582342877201
 20
-391.826666904822
 10
436.3907084254753
 20
-391.78418256969593
 10
436.19610044691143
 20
-391.7585619432675
 10
436.0000000257337
 20
-391.75000001397416
 10
435.80389960455597
 20
-391.7585619432675
 10
435.6092916259921
 20
-391.78418256969593
 10
435.4176571742664
 20
-391.826666904822
 10
435.23045470326866
 20
-391.8856916172028
 10
435.049108936839
 20
-391.9608074931369
 10
434.87500002575956
 20
-392.05144285545225
 10
434.7094530439735
 20
-392.15690791431456
 10
434.55372790397223
 20
-392.27640001694436
 10
434.40900976810053
 20
-392.40900975628927
 10
434.27640002875563
 20
-392.55372789216096
 10
434.1569079261258
 20
-392.70945303216223
 10
434.0514428672635
 20
-392.8750000139483
 10
433.96080750494815
 20
-393.0491089250277
 10
433.88569162901405
 20
-393.2304546914574
 10
433.82666691663326
 20
-393.41765716245516
 10
433.7841825815072
 20
-393.60929161418085
 10
433.7585619550788
 20
-393.8038995927447
 10
433.7500000257854
 20
-394.00000001392243
 10
433.7585619550788
 20
-394.19610043510016
 10
433.7841825815072
 20
-394.390708413664
 10
433.82666691663326
 20
-394.5823428653897
 10
433.88569162901405
 20
-394.76954533638747
 10
433.96080750494815
 20
-394.95089110281714
 10
434.0514428672635
 20
-395.12500001389657
 10
434.1569079261258
 20
-395.29054699568263
 10
434.27640002875563
 20
-395.4462721356839
 10
434.40900976810053
 20
-395.5909902715556
 10
434.55372790397223
 20
-395.7236000109005
 10
434.7094530439735
 20
-395.8430921135303
 10
434.87500002575956
 20
-395.9485571723926
 10
435.049108936839
 20
-396.039192534708
 10
435.23045470326866
 20
-396.1143084106421
 10
435.4176571742664
 20
-396.17333312302287
 10
435.6092916259921
 20
-396.21581745814893
 10
435.80389960455597
 20
-396.24143808457734
 10
436.0000000257337
 20
-396.2500000138707
 10
436.19610044691143
 20
-396.24143808457734
 10
436.3907084254753
 20
-396.21581745814893
 10
436.582342877201
 20
-396.17333312302287
 10
436.76954534819873
 20
-396.1143084106421
 10
436.9508911146284
 20
-396.039192534708
 10
437.12500002570783
 20
-395.9485571723926
 10
437.2905470074939
 20
-395.8430921135303
 10
437.44627214749516
 20
-395.7236000109005
 10
437.59099028336686
 20
-395.5909902715556
 10
437.72360002271176
 20
-395.4462721356839
 10
437.84309212534157
 20
-395.29054699568263
 10
437.9485571842039
 20
-395.12500001389657
 10
438.03919254651925
 20
-394.95089110281714
 10
438.11430842245335
 20
-394.76954533638747
 10
438.17333313483414
 20
-394.5823428653897
 10
438.2158174699602
 20
-394.390708413664
 10
438.2414380963886
 20
-394.19610043510016
  0
LWPOLYLINE
  5
DF
330
17
100
AcDbEntity
  8
GEOMETRY
100
AcDbPolyline
 90
72
 70
1
 10
438.25000001235907
 20
-179.70000000342827
 10
438.2414380830655
 20
-179.50389958224605
 10
438.21581745663656
 20
-179.30929160367768
 10
438.1733331215095
 20
-179.1176571519476
 10
438.1143084091274
 20
-178.93045468094553
 10
438.0391925331915
 20
-178.7491089145117
 10
437.94855717087404
 20
-178.57500000342827
 10
437.8430921120093
 20
-178.40945302163843
 10
437.72360000937675
 20
-178.25372788163355
 10
437.5909902700288
 20
-178.10900974575853
 10
437.4462721341538
 20
-177.97640000641059
 10
437.29054699414894
 20
-177.85690790377805
 10
437.12500001235907
 20
-177.7514428449133
 10
436.95089110127566
 20
-177.6608074825958
 10
436.76954533484184
 20
-177.58569160666
 10
436.58234286383976
 20
-177.52666689427787
 10
436.39070841210963
 20
-177.4841825591508
 10
436.1961004335413
 20
-177.45856193272184
 10
436.00000001235907
 20
-177.45000000342827
 10
435.80389959117684
 20
-177.45856193272184
 10
435.6092916126085
 20
-177.4841825591508
 10
435.4176571608784
 20
-177.52666689427787
 10
435.2304546898763
 20
-177.58569160665996
 10
435.0491089234425
 20
-177.6608074825958
 10
434.87500001235907
 20
-177.7514428449133
 10
434.7094530305692
 20
-177.85690790377805
 10
434.55372789056435
 20
-177.97640000641059
 10
434.40900975468935
 20
-178.10900974575853
 10
434.2764000153414
 20
-178.25372788163355
 10
434.15690791270885
 20
-178.40945302163843
 10
434.0514428538441
 20
-178.57500000342827
 10
433.9608074915266
 20
-178.7491089145117
 10
433.88569161559076
 20
-178.93045468094553
 10
433.82666690320866
 20
-179.1176571519476
 10
433.7841825680816
 20
-179.30929160367768
 10
433.75856194165266
 20
-179.50389958224605
 10
433.75000001235907
 20
-179.70000000342827
 10
433.75856194165266
 20
-179.8961004246105
 10
433.7841825680816
 20
-180.09070840317887
 10
433.82666690320866
 20
-180.28234285490893
 10
433.88569161559076
 20
-180.469545325911
 10
433.9608074915266
 20
-180.65089109234484
 10
434.0514428538441
 20
-180.82500000342827
 10
434.15690791270885
 20
-180.99054698521812
 10
434.2764000153414
 20
-181.146272125223
 10
434.40900975468935
 20
-181.29099026109802
 10
434.55372789056435
 20
-181.42360000044596
 10
434.7094530305692
 20
-181.5430921030785
 10
434.87500001235907
 20
-181.64855716194324
 10
435.0491089234425
 20
-181.73919252426074
 10
435.2304546898763
 20
-181.81430840019658
 10
435.4176571608784
 20
-181.87333311257868
 10
435.6092916126085
 20
-181.91581744770573
 10
435.80389959117684
 20
-181.9414380741347
 10
436.00000001235907
 20
-181.95000000342827
 10
436.1961004335413
 20
-181.9414380741347
 10
436.39070841210963
 20
-181.91581744770573
 10
436.58234286383976
 20
-181.87333311257868
 10
436.76954533484184
 20
-181.81430840019655
 10
436.95089110127566
 20
-181.73919252426074
 10
437.12500001235907
 20
-181.64855716194327
 10
437.29054699414894
 20
-181.5430921030785
 10
437.4462721341538
 20
-181.423600000446
 10
437.5909902700288
 20
-181.29099026109802
 10
437.72360000937675
 20
-181.146272125223
 10
437.8430921120093
 20
-180.99054698521812
 10
437.94855717087404
 20
-180.82500000342827
 10
438.0391925331915
 20
-180.65089109234484
 10
438.1143084091274
 20
-180.469545325911
 10
438.1733331215095
 20
-180.28234285490893
 10
438.21581745663656
 20
-180.09070840317887
 10
438.2414380830655
 20
-179.8961004246105
  0
DIMENSION
  5
E0
330
17
100
AcDbEntity
  8
DIMENSIONS
100
AcDbDimension
280
0
  2
*D9
  3
Standard
 10
430.0
 20
-412.0
 30
0.0
 11
543.15
 21
-412.0
 31
0.0
 70
32
 71
5
  1
<>
100
AcDbAlignedDimension
 13
430.0
 23
-400.0
 33
0.0
 14
656.3
 24
-400.0
 34
0.0
 50
0.0
100
AcDbRotatedDimension
1001
ACAD
1000
DSTYLE
1002
{
1070
140
1040
2.5
1070
41
1040
1.5
1070
271
1070
3
1002
}
  0
DIMENSION
  5
F0
330
17
100
AcDbEntity
  8
DIMENSIONS
100
AcDbDimension
280
0
  2
*D10
  3
Standard
 10
668.3
 20
-400.0
 30
0.0
 11
668.3
 21
-286.85
 31
0.0
 70
32
 71
5
  1
<>
100
AcDbAlignedDimension
 13
656.3
 23
-400.0
 33
0.0
 14
656.3
 24
-173.70000000000002
 34
0.0
 50
90.0
100
AcDbRotatedDimension
1001
ACAD
1000
DSTYLE
1002
{
1070
140
1040
2.5
1070
41
1040
1.5
1070
271
1070
3
1002
}
  0
TEXT
  5
100
330
17
100
AcDbEntity
  8
NOTES
100
AcDbText
 10
430.0
 20
-427.0
 30
0.0
 40
2.5
  1
rear_launch_bulkhead
100
AcDbText
  0
TEXT
  5
101
330
17
100
AcDbEntity
  8
NOTES
100
AcDbText
 10
430.0
 20
-433.0
 30
0.0
 40
2.5
  1
WP04 R07 | mm 1:1 | REFERENCE ONLY
100
AcDbText
  0
TEXT
  5
102
330
17
100
AcDbEntity
  8
NOTES
100
AcDbText
 10
430.0
 20
-439.0
 30
0.0
 40
2.5
  1
Internal bulkhead interface; thickness 6
100
AcDbText
  0
TEXT
  5
103
330
17
100
AcDbEntity
  8
NOTES
100
AcDbText
 10
430.0
 20
-445.0
 30
0.0
 40
2.5
  1
4 x D4.5 at Y/Z +/-107.15
100
AcDbText
  0
TEXT
  5
104
330
17
100
AcDbEntity
  8
NOTES
100
AcDbText
 10
430.0
 20
-451.0
 30
0.0
 40
2.5
  1
Not a provider separation or deployment ICD
100
AcDbText
  0
TEXT
  5
105
330
17
100
AcDbEntity
  8
NOTES
100
AcDbText
 10
430.0
 20
-457.0
 30
0.0
 40
2.5
  1
Material, threads, tolerances, preload: unqualified
100
AcDbText
  0
LWPOLYLINE
  5
106
330
17
100
AcDbEntity
  8
GEOMETRY
100
AcDbPolyline
 90
4423
 70
1
 10
1040.75
 20
-400.0
 10
1040.5000339136332
 20
-400.0
 10
1040.2500678272665
 20
-400.0
 10
1040.0001017409
 20
-400.0
 10
1039.750135654533
 20
-400.0
 10
1039.5001695681665
 20
-400.0
 10
1039.2502034817996
 20
-400.0
 10
1039.000237395433
 20
-400.0
 10
1038.7502713090662
 20
-400.0
 10
1038.5003052226996
 20
-400.0
 10
1038.2503391363327
 20
-400.0
 10
1038.0003730499661
 20
-400.0
 10
1037.7504069635993
 20
-400.0
 10
1037.5004408772327
 20
-400.0
 10
1037.2504747908658
 20
-400.0
 10
1037.0005087044992
 20
-400.0
 10
1036.7505426181324
 20
-400.0
 10
1036.5005765317658
 20
-400.0
 10
1036.2506104453992
 20
-400.0
 10
1036.0006443590323
 20
-400.0
 10
1035.7506782726655
 20
-400.0
 10
1035.5007121862989
 20
-400.0
 10
1035.2507460999323
 20
-400.0
 10
1035.0007800135654
 20
-400.0
 10
1034.7508139271988
 20
-400.0
 10
1034.500847840832
 20
-400.0
 10
1034.2508817544654
 20
-400.0
 10
1034.0009156680985
 20
-400.0
 10
1033.750949581732
 20
-400.0
 10
1033.500983495365
 20
-400.0
 10
1033.2510174089985
 20
-400.0
 10
1033.0010513226316
 20
-400.0
 10
1032.751085236265
 20
-400.0
 10
1032.5011191498982
 20
-400.0
 10
1032.2511530635315
 20
-400.0
 10
1032.0011869771647
 20
-400.0
 10
1031.751220890798
 20
-400.0
 10
1031.5012548044315
 20
-400.0
 10
1031.2512887180646
 20
-400.0
 10
1031.001322631698
 20
-400.0
 10
1030.7513565453312
 20
-400.0
 10
1030.5013904589646
 20
-400.0
 10
1030.2514243725977
 20
-400.0
 10
1030.0014582862311
 20
-400.0
 10
1029.7514921998643
 20
-400.0
 10
1029.5015261134977
 20
-400.0
 10
1029.2515600271308
 20
-400.0
 10
1029.0015939407642
 20
-400.0
 10
1028.7516278543974
 20
-400.0
 10
1028.5016617680308
 20
-400.0
 10
1028.251695681664
 20
-400.0
 10
1028.0017295952973
 20
-400.0
 10
1027.7517635089307
 20
-400.0
 10
1027.5017974225639
 20
-400.0
 10
1027.251831336197
 20
-400.0
 10
1027.0018652498304
 20
-400.0
 10
1026.7518991634638
 20
-400.0
 10
1026.501933077097
 20
-400.0
 10
1026.2519669907304
 20
-400.0
 10
1026.0020009043635
 20
-400.0
 10
1025.752034817997
 20
-400.0
 10
1025.50206873163
 20
-400.0
 10
1025.2521026452634
 20
-400.0
 10
1025.0021365588966
 20
-400.0
 10
1024.75217047253
 20
-400.0
 10
1024.5022043861632
 20
-400.0
 10
1024.2522382997965
 20
-400.0
 10
1024.0022722134297
 20
-400.0
 10
1023.7523061270631
 20
-400.0
 10
1023.5023400406964
 20
-400.0
 10
1023.2523739543296
 20
-400.0
 10
1023.0024078679629
 20
-400.0
 10
1022.7524417815962
 20
-400.0
 10
1022.5024756952295
 20
-400.0
 10
1022.2525096088627
 20
-400.0
 10
1022.002543522496
 20
-400.0
 10
1021.7525774361293
 20
-400.0
 10
1021.5026113497627
 20
-400.0
 10
1021.2526452633958
 20
-400.0
 10
1021.0026791770292
 20
-400.0
 10
1020.7527130906624
 20
-400.0
 10
1020.5027470042958
 20
-400.0
 10
1020.252780917929
 20
-400.0
 10
1020.0028148315623
 20
-400.0
 10
1019.7528487451956
 20
-400.0
 10
1019.5028826588289
 20
-400.0
 10
1019.2529165724621
 20
-400.0
 10
1019.0029504860954
 20
-400.0
 10
1018.7529843997287
 20
-400.0
 10
1018.503018313362
 20
-400.0
 10
1018.2530522269952
 20
-400.0
 10
1018.0030861406285
 20
-400.0
 10
1017.7531200542618
 20
-400.0
 10
1017.5031539678951
 20
-400.0
 10
1017.2531878815284
 20
-400.0
 10
1017.0032217951616
 20
-400.0
 10
1016.753255708795
 20
-400.0
 10
1016.5032896224282
 20
-400.0
 10
1016.2533235360615
 20
-400.0
 10
1016.0033574496948
 20
-400.0
 10
1015.7533913633281
 20
-400.0
 10
1015.5034252769614
 20
-400.0
 10
1015.2534591905946
 20
-400.0
 10
1015.0034931042279
 20
-400.0
 10
1014.7535270178612
 20
-400.0
 10
1014.5035609314945
 20
-400.0
 10
1014.2535948451277
 20
-400.0
 10
1014.003628758761
 20
-400.0
 10
1013.7536626723943
 20
-400.0
 10
1013.5036965860276
 20
-400.0
 10
1013.2537304996608
 20
-400.0
 10
1013.0037644132941
 20
-400.0
 10
1012.7537983269274
 20
-400.0
 10
1012.5038322405608
 20
-400.0
 10
1012.2538661541939
 20
-400.0
 10
1012.0039000678273
 20
-400.0
 10
1011.7539339814605
 20
-400.0
 10
1011.5039678950939
 20
-400.0
 10
1011.2540018087271
 20
-400.0
 10
1011.0040357223604
 20
-400.0
 10
1010.7540696359937
 20
-400.0
 10
1010.504103549627
 20
-400.0
 10
1010.2541374632602
 20
-400.0
 10
1010.0041713768935
 20
-400.0
 10
1009.7542052905268
 20
-400.0
 10
1009.5042392041601
 20
-400.0
 10
1009.2542731177933
 20
-400.0
 10
1009.0043070314266
 20
-400.0
 10
1008.7543409450599
 20
-400.0
 10
1008.5043748586932
 20
-400.0
 10
1008.2544087723265
 20
-400.0
 10
1008.0044426859597
 20
-400.0
 10
1007.7544765995931
 20
-400.0
 10
1007.5045105132263
 20
-400.0
 10
1007.2545444268596
 20
-400.0
 10
1007.0045783404929
 20
-400.0
 10
1006.7546122541262
 20
-400.0
 10
1006.5046461677595
 20
-400.0
 10
1006.2546800813927
 20
-400.0
 10
1006.004713995026
 20
-400.0
 10
1005.7547479086593
 20
-400.0
 10
1005.5047818222926
 20
-400.0
 10
1005.2548157359258
 20
-400.0
 10
1005.0048496495591
 20
-400.0
 10
1004.7548835631924
 20
-400.0
 10
1004.5049174768257
 20
-400.0
 10
1004.2549513904589
 20
-400.0
 10
1004.0049853040923
 20
-400.0
 10
1003.7550192177255
 20
-400.0
 10
1003.5050531313589
 20
-400.0
 10
1003.255087044992
 20
-400.0
 10
1003.0051209586254
 20
-400.0
 10
1002.7551548722587
 20
-400.0
 10
1002.505188785892
 20
-400.0
 10
1002.2552226995252
 20
-400.0
 10
1002.0052566131585
 20
-400.0
 10
1001.7552905267918
 20
-400.0
 10
1001.505324440425
 20
-400.0
 10
1001.2553583540583
 20
-400.0
 10
1001.0053922676916
 20
-400.0
 10
1000.7554261813249
 20
-400.0
 10
1000.5054600949582
 20
-400.0
 10
1000.2554940085914
 20
-400.0
 10
1000.0055279222247
 20
-400.0
 10
999.755561835858
 20
-400.0
 10
999.5055957494912
 20
-400.0
 10
999.2556296631246
 20
-400.0
 10
999.0056635767578
 20
-400.0
 10
998.7556974903912
 20
-400.0
 10
998.5057314040245
 20
-400.0
 10
998.2557653176577
 20
-400.0
 10
998.005799231291
 20
-400.0
 10
997.7558331449243
 20
-400.0
 10
997.5058670585576
 20
-400.0
 10
997.2559009721908
 20
-400.0
 10
997.0059348858241
 20
-400.0
 10
996.7559687994574
 20
-400.0
 10
996.5060027130907
 20
-400.0
 10
996.2560366267239
 20
-400.0
 10
996.0060705403572
 20
-400.0
 10
995.7561044539905
 20
-400.0
 10
995.5061383676239
 20
-400.0
 10
995.256172281257
 20
-400.0
 10
995.0062061948904
 20
-400.0
 10
994.7562401085236
 20
-400.0
 10
994.506274022157
 20
-400.0
 10
994.2563079357901
 20
-400.0
 10
994.0063418494235
 20
-400.0
 10
993.7563757630568
 20
-400.0
 10
993.50640967669
 20
-400.0
 10
993.2564435903233
 20
-400.0
 10
993.0064775039566
 20
-400.0
 10
992.7565114175899
 20
-400.0
 10
992.5065453312232
 20
-400.0
 10
992.2565792448564
 20
-400.0
 10
992.0066131584897
 20
-400.0
 10
991.756647072123
 20
-400.0
 10
991.5066809857562
 20
-400.0
 10
991.2567148993896
 20
-400.0
 10
991.0067488130228
 20
-400.0
 10
990.7567827266562
 20
-400.0
 10
990.5068166402893
 20
-400.0
 10
990.2568505539227
 20
-400.0
 10
990.0068844675559
 20
-400.0
 10
989.7569183811893
 20
-400.0
 10
989.5069522948224
 20
-400.0
 10
989.2569862084558
 20
-400.0
 10
989.0070201220891
 20
-400.0
 10
988.7570540357224
 20
-400.0
 10
988.5070879493557
 20
-400.0
 10
988.2571218629889
 20
-400.0
 10
988.0071557766222
 20
-400.0
 10
987.7571896902555
 20
-400.0
 10
987.5072236038887
 20
-400.0
 10
987.257257517522
 20
-400.0
 10
987.0072914311553
 20
-400.0
 10
986.7573253447886
 20
-400.0
 10
986.507359258422
 20
-400.0
 10
986.2573931720551
 20
-400.0
 10
986.0074270856885
 20
-400.0
 10
985.7574609993217
 20
-400.0
 10
985.507494912955
 20
-400.0
 10
985.2575288265883
 20
-400.0
 10
985.0075627402216
 20
-400.0
 10
984.7575966538549
 20
-400.0
 10
984.5076305674881
 20
-400.0
 10
984.2576644811214
 20
-400.0
 10
984.0076983947547
 20
-400.0
 10
983.757732308388
 20
-400.0
 10
983.5077662220212
 20
-400.0
 10
983.2578001356545
 20
-400.0
 10
983.0078340492878
 20
-400.0
 10
982.7578679629211
 20
-400.0
 10
982.5079018765543
 20
-400.0
 10
982.2579357901876
 20
-400.0
 10
982.0079697038209
 20
-400.0
 10
981.7580036174543
 20
-400.0
 10
981.5080375310874
 20
-400.0
 10
981.2580714447208
 20
-400.0
 10
981.0081053583541
 20
-400.0
 10
980.7581392719874
 20
-400.0
 10
980.5081731856206
 20
-400.0
 10
980.2582070992539
 20
-400.0
 10
980.0082410128872
 20
-400.0
 10
979.7582749265205
 20
-400.0
 10
979.5083088401537
 20
-400.0
 10
979.258342753787
 20
-400.0
 10
979.0083766674203
 20
-400.0
 10
978.7584105810536
 20
-400.0
 10
978.5084444946868
 20
-400.0
 10
978.2584784083201
 20
-400.0
 10
978.0085123219534
 20
-400.0
 10
977.7585462355867
 20
-400.0
 10
977.50858014922
 20
-400.0
 10
977.2586140628532
 20
-400.0
 10
977.0086479764866
 20
-400.0
 10
976.7586818901199
 20
-400.0
 10
976.5087158037531
 20
-400.0
 10
976.2587497173864
 20
-400.0
 10
976.0087836310197
 20
-400.0
 10
975.758817544653
 20
-400.0
 10
975.5088514582862
 20
-400.0
 10
975.2588853719195
 20
-400.0
 10
975.0089192855528
 20
-400.0
 10
974.7589531991861
 20
-400.0
 10
974.5089871128193
 20
-400.0
 10
974.2590210264526
 20
-400.0
 10
974.0090549400859
 20
-400.0
 10
973.7590888537192
 20
-400.0
 10
973.5091227673524
 20
-400.0
 10
973.2591566809857
 20
-400.0
 10
973.009190594619
 20
-400.0
 10
972.7592245082524
 20
-400.0
 10
972.5092584218856
 20
-400.0
 10
972.2592923355189
 20
-400.0
 10
972.0093262491522
 20
-400.0
 10
971.7593601627855
 20
-400.0
 10
971.5093940764187
 20
-400.0
 10
971.259427990052
 20
-400.0
 10
971.0094619036853
 20
-400.0
 10
970.7594958173186
 20
-400.0
 10
970.5095297309518
 20
-400.0
 10
970.2595636445851
 20
-400.0
 10
970.0095975582184
 20
-400.0
 10
969.7596314718517
 20
-400.0
 10
969.5096653854849
 20
-400.0
 10
969.2596992991182
 20
-400.0
 10
969.0097332127515
 20
-400.0
 10
968.7597671263848
 20
-400.0
 10
968.5098010400181
 20
-400.0
 10
968.2598349536514
 20
-400.0
 10
968.0098688672847
 20
-400.0
 10
967.759902780918
 20
-400.0
 10
967.5099366945512
 20
-400.0
 10
967.2599706081845
 20
-400.0
 10
967.0100045218178
 20
-400.0
 10
966.7600384354511
 20
-400.0
 10
966.5100723490843
 20
-400.0
 10
966.2601062627176
 20
-400.0
 10
966.0101401763509
 20
-400.0
 10
965.7601740899842
 20
-400.0
 10
965.5102080036174
 20
-400.0
 10
965.2602419172507
 20
-400.0
 10
965.010275830884
 20
-400.0
 10
964.7603097445173
 20
-400.0
 10
964.5103436581505
 20
-400.0
 10
964.2603775717838
 20
-400.0
 10
964.0104114854172
 20
-400.0
 10
963.7604453990505
 20
-400.0
 10
963.5104793126837
 20
-400.0
 10
963.260513226317
 20
-400.0
 10
963.0105471399503
 20
-400.0
 10
962.7605810535836
 20
-400.0
 10
962.5106149672168
 20
-400.0
 10
962.2606488808501
 20
-400.0
 10
962.0106827944834
 20
-400.0
 10
961.7607167081167
 20
-400.0
 10
961.5107506217499
 20
-400.0
 10
961.2607845353832
 20
-400.0
 10
961.0108184490165
 20
-400.0
 10
960.7608523626498
 20
-400.0
 10
960.510886276283
 20
-400.0
 10
960.2609201899164
 20
-400.0
 10
960.0109541035496
 20
-400.0
 10
959.760988017183
 20
-400.0
 10
959.5110219308162
 20
-400.0
 10
959.2610558444495
 20
-400.0
 10
959.0110897580828
 20
-400.0
 10
958.7611236717161
 20
-400.0
 10
958.5111575853493
 20
-400.0
 10
958.2611914989826
 20
-400.0
 10
958.0112254126159
 20
-400.0
 10
957.7612593262492
 20
-400.0
 10
957.5112932398824
 20
-400.0
 10
957.2613271535157
 20
-400.0
 10
957.011361067149
 20
-400.0
 10
956.7613949807823
 20
-400.0
 10
956.5114288944155
 20
-400.0
 10
956.2614628080488
 20
-400.0
 10
956.0114967216821
 20
-400.0
 10
955.7615306353154
 20
-400.0
 10
955.5115645489486
 20
-400.0
 10
955.261598462582
 20
-400.0
 10
955.0116323762152
 20
-400.0
 10
954.7616662898486
 20
-400.0
 10
954.5117002034818
 20
-400.0
 10
954.2617341171151
 20
-400.0
 10
954.0117680307484
 20
-400.0
 10
953.7618019443817
 20
-400.0
 10
953.5118358580149
 20
-400.0
 10
953.2618697716482
 20
-400.0
 10
953.0119036852815
 20
-400.0
 10
952.7619375989148
 20
-400.0
 10
952.511971512548
 20
-400.0
 10
952.2620054261813
 20
-400.0
 10
952.0120393398146
 20
-400.0
 10
951.7620732534479
 20
-400.0
 10
951.5121071670812
 20
-400.0
 10
951.2621410807144
 20
-400.0
 10
951.0121749943478
 20
-400.0
 10
950.7622089079811
 20
-400.0
 10
950.5122428216143
 20
-400.0
 10
950.2622767352476
 20
-400.0
 10
950.0123106488809
 20
-400.0
 10
949.7623445625142
 20
-400.0
 10
949.5123784761474
 20
-400.0
 10
949.2624123897807
 20
-400.0
 10
949.012446303414
 20
-400.0
 10
948.7624802170473
 20
-400.0
 10
948.5125141306805
 20
-400.0
 10
948.2625480443138
 20
-400.0
 10
948.0125819579471
 20
-400.0
 10
947.7626158715804
 20
-400.0
 10
947.5126497852136
 20
-400.0
 10
947.262683698847
 20
-400.0
 10
947.0127176124802
 20
-400.0
 10
946.7627515261136
 20
-400.0
 10
946.5127854397467
 20
-400.0
 10
946.2628193533801
 20
-400.0
 10
946.0128532670134
 20
-400.0
 10
945.7628871806467
 20
-400.0
 10
945.5129210942799
 20
-400.0
 10
945.2629550079132
 20
-400.0
 10
945.0129889215465
 20
-400.0
 10
944.7630228351798
 20
-400.0
 10
944.513056748813
 20
-400.0
 10
944.2630906624463
 20
-400.0
 10
944.0131245760796
 20
-400.0
 10
943.7631584897129
 20
-400.0
 10
943.5131924033461
 20
-400.0
 10
943.2632263169794
 20
-400.0
 10
943.0132602306128
 20
-400.0
 10
942.763294144246
 20
-400.0
 10
942.5133280578793
 20
-400.0
 10
942.2633619715125
 20
-400.0
 10
942.0133958851459
 20
-400.0
 10
941.7634297987792
 20
-400.0
 10
941.5134637124124
 20
-400.0
 10
941.2634976260457
 20
-400.0
 10
941.013531539679
 20
-400.0
 10
940.7635654533123
 20
-400.0
 10
940.5135993669455
 20
-400.0
 10
940.2636332805788
 20
-400.0
 10
940.0136671942121
 20
-400.0
 10
939.7637011078453
 20
-400.0
 10
939.5137350214786
 20
-400.0
 10
939.2637689351119
 20
-400.0
 10
939.0138028487452
 20
-400.0
 10
938.7638367623786
 20
-400.0
 10
938.5138706760117
 20
-400.0
 10
938.263904589645
 20
-400.0
 10
938.0139385032783
 20
-400.0
 10
937.7639724169117
 20
-400.0
 10
937.5140063305449
 20
-400.0
 10
937.2640402441782
 20
-400.0
 10
937.0140741578115
 20
-400.0
 10
936.7641080714448
 20
-400.0
 10
936.514141985078
 20
-400.0
 10
936.2641758987113
 20
-400.0
 10
936.0142098123446
 20
-400.0
 10
935.7642437259778
 20
-400.0
 10
935.5142776396111
 20
-400.0
 10
935.2643115532444
 20
-400.0
 10
935.0143454668777
 20
-400.0
 10
934.764379380511
 20
-400.0
 10
934.5144132941442
 20
-400.0
 10
934.2644472077775
 20
-400.0
 10
934.0144811214109
 20
-400.0
 10
933.764515035044
 20
-400.0
 10
933.5145489486774
 20
-400.0
 10
933.2645828623106
 20
-400.0
 10
933.014616775944
 20
-400.0
 10
932.7646506895773
 20
-400.0
 10
932.5146846032105
 20
-400.0
 10
932.2647185168438
 20
-400.0
 10
932.0147524304771
 20
-400.0
 10
931.7647863441103
 20
-400.0
 10
931.5148202577436
 20
-400.0
 10
931.2648541713769
 20
-400.0
 10
931.0148880850102
 20
-400.0
 10
930.7649219986434
 20
-400.0
 10
930.5149559122767
 20
-400.0
 10
930.26498982591
 20
-400.0
 10
930.0150237395433
 20
-400.0
 10
929.7650576531765
 20
-400.0
 10
929.5150915668098
 20
-400.0
 10
929.2651254804432
 20
-400.0
 10
929.0151593940765
 20
-400.0
 10
928.7651933077098
 20
-400.0
 10
928.515227221343
 20
-400.0
 10
928.2652611349763
 20
-400.0
 10
928.0152950486096
 20
-400.0
 10
927.7653289622428
 20
-400.0
 10
927.5153628758761
 20
-400.0
 10
927.2653967895094
 20
-400.0
 10
927.0154307031427
 20
-400.0
 10
926.765464616776
 20
-400.0
 10
926.5154985304092
 20
-400.0
 10
926.2655324440425
 20
-400.0
 10
926.0155663576758
 20
-400.0
 10
925.765600271309
 20
-400.0
 10
925.5156341849423
 20
-400.0
 10
925.2656680985757
 20
-400.0
 10
925.0157020122089
 20
-400.0
 10
924.7657359258421
 20
-400.0
 10
924.5157698394755
 20
-400.0
 10
924.2658037531088
 20
-400.0
 10
924.0158376667421
 20
-400.0
 10
923.7658715803753
 20
-400.0
 10
923.5159054940086
 20
-400.0
 10
923.2659394076419
 20
-400.0
 10
923.0159733212752
 20
-400.0
 10
922.7660072349084
 20
-400.0
 10
922.5160411485417
 20
-400.0
 10
922.266075062175
 20
-400.0
 10
922.0161089758083
 20
-400.0
 10
921.7661428894415
 20
-400.0
 10
921.5161768030748
 20
-400.0
 10
921.2662107167081
 20
-400.0
 10
921.0162446303414
 20
-400.0
 10
920.7662785439747
 20
-400.0
 10
920.5163124576079
 20
-400.0
 10
920.2663463712413
 20
-400.0
 10
920.0163802848746
 20
-400.0
 10
919.7664141985078
 20
-400.0
 10
919.5164481121411
 20
-400.0
 10
919.2664820257744
 20
-400.0
 10
919.0165159394077
 20
-400.0
 10
918.7665498530409
 20
-400.0
 10
918.5165837666742
 20
-400.0
 10
918.2666176803075
 20
-400.0
 10
918.0166515939408
 20
-400.0
 10
917.766685507574
 20
-400.0
 10
917.5167194212073
 20
-400.0
 10
917.2667533348406
 20
-400.0
 10
917.0167872484739
 20
-400.0
 10
916.7668211621071
 20
-400.0
 10
916.5168550757405
 20
-400.0
 10
916.2668889893737
 20
-400.0
 10
916.0169229030071
 20
-400.0
 10
915.7669568166403
 20
-400.0
 10
915.5169907302736
 20
-400.0
 10
915.2670246439069
 20
-400.0
 10
915.0170585575402
 20
-400.0
 10
914.7670924711734
 20
-400.0
 10
914.5171263848067
 20
-400.0
 10
914.26716029844
 20
-400.0
 10
914.0171942120733
 20
-400.0
 10
913.7672281257065
 20
-400.0
 10
913.5172620393398
 20
-400.0
 10
913.2672959529731
 20
-400.0
 10
913.0173298666064
 20
-400.0
 10
912.7673637802396
 20
-400.0
 10
912.5173976938729
 20
-400.0
 10
912.2674316075062
 20
-400.0
 10
912.0174655211395
 20
-400.0
 10
911.7674994347728
 20
-400.0
 10
911.517533348406
 20
-400.0
 10
911.2675672620394
 20
-400.0
 10
911.0176011756727
 20
-400.0
 10
910.7676350893059
 20
-400.0
 10
910.5176690029392
 20
-400.0
 10
910.2677029165725
 20
-400.0
 10
910.0177368302058
 20
-400.0
 10
909.767770743839
 20
-400.0
 10
909.5178046574723
 20
-400.0
 10
909.2678385711056
 20
-400.0
 10
909.0178724847389
 20
-400.0
 10
908.7679063983721
 20
-400.0
 10
908.5179403120054
 20
-400.0
 10
908.2679742256387
 20
-400.0
 10
908.0180081392721
 20
-400.0
 10
907.7680420529052
 20
-400.0
 10
907.5180759665386
 20
-400.0
 10
907.2681098801718
 20
-400.0
 10
907.0181437938052
 20
-400.0
 10
906.7681777074384
 20
-400.0
 10
906.5182116210717
 20
-400.0
 10
906.268245534705
 20
-400.0
 10
906.0182794483383
 20
-400.0
 10
905.7683133619715
 20
-400.0
 10
905.5183472756048
 20
-400.0
 10
905.2683811892381
 20
-400.0
 10
905.0184151028714
 20
-400.0
 10
904.7684490165046
 20
-400.0
 10
904.5184829301379
 20
-400.0
 10
904.2685168437712
 20
-400.0
 10
904.0185507574045
 20
-400.0
 10
903.7685846710377
 20
-400.0
 10
903.518618584671
 20
-400.0
 10
903.2686524983044
 20
-400.0
 10
903.0186864119376
 20
-400.0
 10
902.7687203255709
 20
-400.0
 10
902.5187542392041
 20
-400.0
 10
902.2687881528375
 20
-400.0
 10
902.0188220664708
 20
-400.0
 10
901.768855980104
 20
-400.0
 10
901.5188898937373
 20
-400.0
 10
901.2689238073706
 20
-400.0
 10
901.0189577210039
 20
-400.0
 10
900.7689916346371
 20
-400.0
 10
900.5190255482704
 20
-400.0
 10
900.2690594619037
 20
-400.0
 10
900.019093375537
 20
-400.0
 10
899.7691272891702
 20
-400.0
 10
899.5191612028036
 20
-400.0
 10
899.2691951164368
 20
-400.0
 10
899.01922903007
 20
-400.0
 10
898.7692629437033
 20
-400.0
 10
898.5192968573367
 20
-400.0
 10
898.2693307709699
 20
-400.0
 10
898.0193646846033
 20
-400.0
 10
897.7693985982365
 20
-400.0
 10
897.5194325118698
 20
-400.0
 10
897.2694664255031
 20
-400.0
 10
897.0195003391364
 20
-400.0
 10
896.7695342527696
 20
-400.0
 10
896.5195681664029
 20
-400.0
 10
896.2696020800362
 20
-400.0
 10
896.0196359936695
 20
-400.0
 10
895.7696699073027
 20
-400.0
 10
895.519703820936
 20
-400.0
 10
895.2697377345693
 20
-400.0
 10
895.0197716482025
 20
-400.0
 10
894.7698055618358
 20
-400.0
 10
894.5198394754691
 20
-400.0
 10
894.2698733891025
 20
-400.0
 10
894.0199073027356
 20
-400.0
 10
893.769941216369
 20
-400.0
 10
893.5199751300023
 20
-400.0
 10
893.2700090436356
 20
-400.0
 10
893.0200429572689
 20
-400.0
 10
892.7700768709021
 20
-400.0
 10
892.5201107845354
 20
-400.0
 10
892.2701446981687
 20
-400.0
 10
892.020178611802
 20
-400.0
 10
891.7702125254352
 20
-400.0
 10
891.5202464390685
 20
-400.0
 10
891.2702803527018
 20
-400.0
 10
891.020314266335
 20
-400.0
 10
890.7703481799683
 20
-400.0
 10
890.5203820936017
 20
-400.0
 10
890.2704160072349
 20
-400.0
 10
890.0204499208683
 20
-400.0
 10
889.7704838345015
 20
-400.0
 10
889.5205177481348
 20
-400.0
 10
889.2705516617681
 20
-400.0
 10
889.0205855754014
 20
-400.0
 10
888.7706194890346
 20
-400.0
 10
888.5206534026679
 20
-400.0
 10
888.2706873163012
 20
-400.0
 10
888.0207212299345
 20
-400.0
 10
887.7707551435677
 20
-400.0
 10
887.520789057201
 20
-400.0
 10
887.2708229708343
 20
-400.0
 10
887.0208568844675
 20
-400.0
 10
886.7708907981008
 20
-400.0
 10
886.5209247117341
 20
-400.0
 10
886.2709586253675
 20
-400.0
 10
886.0209925390006
 20
-400.0
 10
885.7710264526339
 20
-400.0
 10
885.5210603662672
 20
-400.0
 10
885.2710942799006
 20
-400.0
 10
885.0211281935337
 20
-400.0
 10
884.7711621071671
 20
-400.0
 10
884.5211960208004
 20
-400.0
 10
884.2712299344337
 20
-400.0
 10
884.021263848067
 20
-400.0
 10
883.7712977617002
 20
-400.0
 10
883.5213316753335
 20
-400.0
 10
883.2713655889668
 20
-400.0
 10
883.0213995026
 20
-400.0
 10
882.7714334162333
 20
-400.0
 10
882.5214673298666
 20
-400.0
 10
882.2715012434999
 20
-400.0
 10
882.0215351571331
 20
-400.0
 10
881.7715690707664
 20
-400.0
 10
881.5216029843998
 20
-400.0
 10
881.271636898033
 20
-400.0
 10
881.0216708116664
 20
-400.0
 10
880.7717047252995
 20
-400.0
 10
880.5217386389329
 20
-400.0
 10
880.2717725525662
 20
-400.0
 10
880.0218064661995
 20
-400.0
 10
879.7718403798327
 20
-400.0
 10
879.521874293466
 20
-400.0
 10
879.2719082070993
 20
-400.0
 10
879.0219421207325
 20
-400.0
 10
878.7719760343658
 20
-400.0
 10
878.5220099479991
 20
-400.0
 10
878.2720438616324
 20
-400.0
 10
878.0220777752656
 20
-400.0
 10
877.7721116888989
 20
-400.0
 10
877.5221456025322
 20
-400.0
 10
877.2721795161656
 20
-400.0
 10
877.0222134297987
 20
-400.0
 10
876.7722473434321
 20
-400.0
 10
876.5222812570654
 20
-400.0
 10
876.2723151706987
 20
-400.0
 10
876.022349084332
 20
-400.0
 10
875.7723829979652
 20
-400.0
 10
875.5224169115985
 20
-400.0
 10
875.2724508252318
 20
-400.0
 10
875.022484738865
 20
-400.0
 10
874.7725186524983
 20
-400.0
 10
874.5225525661316
 20
-400.0
 10
874.2725864797649
 20
-400.0
 10
874.0226203933981
 20
-400.0
 10
873.7726543070314
 20
-400.0
 10
873.5226882206647
 20
-400.0
 10
873.272722134298
 20
-400.0
 10
873.0227560479314
 20
-400.0
 10
872.7727899615645
 20
-400.0
 10
872.5228238751979
 20
-400.0
 10
872.2728577888311
 20
-400.0
 10
872.0228917024644
 20
-400.0
 10
871.7729256160976
 20
-400.0
 10
871.522959529731
 20
-400.0
 10
871.2729934433643
 20
-400.0
 10
871.0230273569975
 20
-400.0
 10
870.7730612706308
 20
-400.0
 10
870.5230951842641
 20
-400.0
 10
870.2731290978974
 20
-400.0
 10
870.0231630115306
 20
-400.0
 10
869.7731969251639
 20
-400.0
 10
869.5232308387972
 20
-400.0
 10
869.2732647524305
 20
-400.0
 10
869.0232986660637
 20
-400.0
 10
868.773332579697
 20
-400.0
 10
868.5233664933303
 20
-400.0
 10
868.2734004069637
 20
-400.0
 10
868.0234343205968
 20
-400.0
 10
867.7734682342302
 20
-400.0
 10
867.5235021478635
 20
-400.0
 10
867.2735360614968
 20
-400.0
 10
867.02356997513
 20
-400.0
 10
866.7736038887633
 20
-400.0
 10
866.5236378023966
 20
-400.0
 10
866.2736717160299
 20
-400.0
 10
866.0237056296631
 20
-400.0
 10
865.7737395432964
 20
-400.0
 10
865.5237734569297
 20
-400.0
 10
865.273807370563
 20
-400.0
 10
865.0238412841962
 20
-400.0
 10
864.7738751978295
 20
-400.0
 10
864.5239091114628
 20
-400.0
 10
864.2739430250961
 20
-400.0
 10
864.0239769387294
 20
-400.0
 10
863.7740108523626
 20
-400.0
 10
863.524044765996
 20
-400.0
 10
863.2740786796293
 20
-400.0
 10
863.0241125932625
 20
-400.0
 10
862.7741465068958
 20
-400.0
 10
862.5241804205291
 20
-400.0
 10
862.2742143341624
 20
-400.0
 10
862.0242482477956
 20
-400.0
 10
861.7742821614289
 20
-400.0
 10
861.5243160750622
 20
-400.0
 10
861.2743499886955
 20
-400.0
 10
861.0243839023287
 20
-400.0
 10
860.774417815962
 20
-400.0
 10
860.5244517295953
 20
-400.0
 10
860.2744856432286
 20
-400.0
 10
860.0245195568618
 20
-400.0
 10
860.0
 20
-399.7745534704952
 10
860.0
 20
-399.5245873841285
 10
860.0
 20
-399.27462129776177
 10
860.0
 20
-399.02465521139504
 10
860.0
 20
-398.7746891250283
 10
860.0
 20
-398.5247230386616
 10
860.0
 20
-398.27475695229487
 10
860.0
 20
-398.02479086592814
 10
860.0
 20
-397.7748247795614
 10
860.0
 20
-397.5248586931947
 10
860.0
 20
-397.27489260682796
 10
860.0
 20
-397.02492652046124
 10
860.0
 20
-396.77496043409457
 10
860.0
 20
-396.52499434772784
 10
860.0
 20
-396.2750282613611
 10
860.0
 20
-396.02506217499445
 10
860.0
 20
-395.77509608862766
 10
860.0
 20
-395.52513000226094
 10
860.0
 20
-395.2751639158942
 10
860.0
 20
-395.02519782952754
 10
860.0
 20
-394.7752317431608
 10
860.0
 20
-394.5252656567941
 10
860.0
 20
-394.27529957042736
 10
860.0
 20
-394.02533348406064
 10
860.0
 20
-393.7753673976939
 10
860.0
 20
-393.5254013113272
 10
860.0
 20
-393.27543522496046
 10
860.0
 20
-393.02546913859373
 10
860.0
 20
-392.77550305222707
 10
860.0
 20
-392.5255369658603
 10
860.0
 20
-392.27557087949356
 10
860.0
 20
-392.02560479312683
 10
860.0
 20
-391.77563870676016
 10
860.0
 20
-391.52567262039344
 10
860.0
 20
-391.2757065340267
 10
860.0
 20
-391.02574044766004
 10
860.0
 20
-390.7757743612933
 10
860.0
 20
-390.5258082749266
 10
860.0
 20
-390.27584218855986
 10
860.0
 20
-390.02587610219314
 10
860.0
 20
-389.7759100158264
 10
860.0
 20
-389.5259439294597
 10
860.0
 20
-389.27597784309296
 10
860.0
 20
-389.02601175672623
 10
860.0
 20
-388.7760456703595
 10
860.0
 20
-388.5260795839928
 10
860.0
 20
-388.27611349762606
 10
860.0
 20
-388.02614741125933
 10
860.0
 20
-387.77618132489266
 10
860.0
 20
-387.52621523852594
 10
860.0
 20
-387.2762491521592
 10
860.0
 20
-387.0262830657925
 10
860.0
 20
-386.7763169794258
 10
860.0
 20
-386.5263508930591
 10
860.0
 20
-386.27638480669236
 10
860.0
 20
-386.02641872032564
 10
860.0
 20
-385.7764526339589
 10
860.0
 20
-385.5264865475922
 10
860.0
 20
-385.27652046122546
 10
860.0
 20
-385.02655437485873
 10
860.0
 20
-384.776588288492
 10
860.0
 20
-384.5266222021253
 10
860.0
 20
-384.27665611575856
 10
860.0
 20
-384.02669002939183
 10
860.0
 20
-383.7767239430251
 10
860.0
 20
-383.52675785665843
 10
860.0
 20
-383.2767917702917
 10
860.0
 20
-383.026825683925
 10
860.0
 20
-382.7768595975583
 10
860.0
 20
-382.52689351119153
 10
860.0
 20
-382.2769274248248
 10
860.0
 20
-382.02696133845814
 10
860.0
 20
-381.7769952520914
 10
860.0
 20
-381.5270291657247
 10
860.0
 20
-381.27706307935796
 10
860.0
 20
-381.02709699299123
 10
860.0
 20
-380.7771309066245
 10
860.0
 20
-380.5271648202578
 10
860.0
 20
-380.27719873389105
 10
860.0
 20
-380.02723264752433
 10
860.0
 20
-379.7772665611576
 10
860.0
 20
-379.52730047479093
 10
860.0
 20
-379.2773343884242
 10
860.0
 20
-379.0273683020574
 10
860.0
 20
-378.77740221569076
 10
860.0
 20
-378.52743612932403
 10
860.0
 20
-378.2774700429573
 10
860.0
 20
-378.0275039565906
 10
860.0
 20
-377.7775378702239
 10
860.0
 20
-377.5275717838572
 10
860.0
 20
-377.27760569749046
 10
860.0
 20
-377.02763961112373
 10
860.0
 20
-376.777673524757
 10
860.0
 20
-376.5277074383903
 10
860.0
 20
-376.27774135202355
 10
860.0
 20
-376.0277752656568
 10
860.0
 20
-375.7778091792901
 10
860.0
 20
-375.5278430929234
 10
860.0
 20
-375.27787700655665
 10
860.0
 20
-375.0279109201899
 10
860.0
 20
-374.7779448338232
 10
860.0
 20
-374.52797874745653
 10
860.0
 20
-374.2780126610898
 10
860.0
 20
-374.0280465747231
 10
860.0
 20
-373.7780804883564
 10
860.0
 20
-373.5281144019897
 10
860.0
 20
-373.27814831562296
 10
860.0
 20
-373.02818222925623
 10
860.0
 20
-372.7782161428895
 10
860.0
 20
-372.5282500565228
 10
860.0
 20
-372.27828397015605
 10
860.0
 20
-372.0283178837893
 10
860.0
 20
-371.7783517974226
 10
860.0
 20
-371.5283857110559
 10
860.0
 20
-371.27841962468915
 10
860.0
 20
-371.0284535383224
 10
860.0
 20
-370.7784874519557
 10
860.0
 20
-370.52852136558903
 10
860.0
 20
-370.2785552792223
 10
860.0
 20
-370.0285891928556
 10
860.0
 20
-369.77862310648885
 10
860.0
 20
-369.5286570201222
 10
860.0
 20
-369.2786909337554
 10
860.0
 20
-369.0287248473887
 10
860.0
 20
-368.778758761022
 10
860.0
 20
-368.5287926746553
 10
860.0
 20
-368.27882658828855
 10
860.0
 20
-368.0288605019218
 10
860.0
 20
-367.7788944155551
 10
860.0
 20
-367.5289283291884
 10
860.0
 20
-367.27896224282165
 10
860.0
 20
-367.0289961564549
 10
860.0
 20
-366.7790300700882
 10
860.0
 20
-366.52906398372147
 10
860.0
 20
-366.2790978973548
 10
860.0
 20
-366.0291318109881
 10
860.0
 20
-365.7791657246213
 10
860.0
 20
-365.5291996382546
 10
860.0
 20
-365.2792335518879
 10
860.0
 20
-365.0292674655212
 10
860.0
 20
-364.7793013791545
 10
860.0
 20
-364.5293352927878
 10
860.0
 20
-364.27936920642105
 10
860.0
 20
-364.0294031200543
 10
860.0
 20
-363.7794370336876
 10
860.0
 20
-363.5294709473209
 10
860.0
 20
-363.27950486095415
 10
860.0
 20
-363.0295387745874
 10
860.0
 20
-362.7795726882207
 10
860.0
 20
-362.52960660185397
 10
860.0
 20
-362.27964051548724
 10
860.0
 20
-362.0296744291205
 10
860.0
 20
-361.7797083427538
 10
860.0
 20
-361.52974225638707
 10
860.0
 20
-361.2797761700204
 10
860.0
 20
-361.0298100836537
 10
860.0
 20
-360.77984399728695
 10
860.0
 20
-360.5298779109203
 10
860.0
 20
-360.27991182455355
 10
860.0
 20
-360.0299457381868
 10
860.0
 20
-359.7799796518201
 10
860.0
 20
-359.5300135654534
 10
860.0
 20
-359.28004747908665
 10
860.0
 20
-359.0300813927199
 10
860.0
 20
-358.7801153063532
 10
860.0
 20
-358.53014921998647
 10
860.0
 20
-358.28018313361974
 10
860.0
 20
-358.030217047253
 10
860.0
 20
-357.7802509608863
 10
860.0
 20
-357.53028487451957
 10
860.0
 20
-357.2803187881529
 10
860.0
 20
-357.03035270178617
 10
860.0
 20
-356.78038661541945
 10
860.0
 20
-356.5304205290528
 10
860.0
 20
-356.28045444268605
 10
860.0
 20
-356.0304883563193
 10
860.0
 20
-355.78052226995254
 10
860.0
 20
-355.5305561835859
 10
860.0
 20
-355.28059009721915
 10
860.0
 20
-355.0306240108524
 10
860.0
 20
-354.7806579244857
 10
860.0
 20
-354.53069183811897
 10
860.0
 20
-354.28072575175224
 10
860.0
 20
-354.0307596653855
 10
860.0
 20
-353.7807935790188
 10
860.0
 20
-353.53082749265207
 10
860.0
 20
-353.2808614062854
 10
860.0
 20
-353.03089531991867
 10
860.0
 20
-352.78092923355194
 10
860.0
 20
-352.53096314718516
 10
860.0
 20
-352.2809970608185
 10
860.0
 20
-352.03103097445177
 10
860.0
 20
-351.78106488808504
 10
860.0
 20
-351.5310988017184
 10
860.0
 20
-351.28113271535165
 10
860.0
 20
-351.0311666289849
 10
860.0
 20
-350.7812005426182
 10
860.0
 20
-350.53123445625147
 10
860.0
 20
-350.28126836988474
 10
860.0
 20
-350.031302283518
 10
860.0
 20
-349.7813361971513
 10
860.0
 20
-349.53137011078456
 10
860.0
 20
-349.28140402441784
 10
860.0
 20
-349.03143793805117
 10
860.0
 20
-348.7814718516844
 10
860.0
 20
-348.53150576531766
 10
860.0
 20
-348.281539678951
 10
860.0
 20
-348.03157359258427
 10
860.0
 20
-347.78160750621754
 10
860.0
 20
-347.53164141985087
 10
860.0
 20
-347.2816753334841
 10
860.0
 20
-347.03170924711736
 10
860.0
 20
-346.7817431607507
 10
860.0
 20
-346.53177707438397
 10
860.0
 20
-346.28181098801724
 10
860.0
 20
-346.0318449016505
 10
860.0
 20
-345.7818788152838
 10
860.0
 20
-345.53191272891706
 10
860.0
 20
-345.28194664255034
 10
860.0
 20
-345.0319805561836
 10
860.0
 20
-344.7820144698169
 10
860.0
 20
-344.53204838345016
 10
860.0
 20
-344.28208229708343
 10
860.0
 20
-344.03211621071677
 10
860.0
 20
-343.78215012435004
 10
860.0
 20
-343.5321840379833
 10
860.0
 20
-343.28221795161664
 10
860.0
 20
-343.0322518652499
 10
860.0
 20
-342.7822857788832
 10
860.0
 20
-342.53231969251647
 10
860.0
 20
-342.28235360614974
 10
860.0
 20
-342.03238751978296
 10
860.0
 20
-341.78242143341623
 10
860.0
 20
-341.53245534704956
 10
860.0
 20
-341.28248926068284
 10
860.0
 20
-341.0325231743161
 10
860.0
 20
-340.7825570879494
 10
860.0
 20
-340.53259100158266
 10
860.0
 20
-340.28262491521593
 10
860.0
 20
-340.03265882884926
 10
860.0
 20
-339.78269274248254
 10
860.0
 20
-339.5327266561158
 10
860.0
 20
-339.2827605697491
 10
860.0
 20
-339.03279448338236
 10
860.0
 20
-338.78282839701563
 10
860.0
 20
-338.5328623106489
 10
860.0
 20
-338.28289622428224
 10
860.0
 20
-338.0329301379155
 10
860.0
 20
-337.7829640515488
 10
860.0
 20
-337.53299796518206
 10
860.0
 20
-337.28303187881534
 10
860.0
 20
-337.0330657924486
 10
860.0
 20
-336.7830997060819
 10
860.0
 20
-336.5331336197152
 10
860.0
 20
-336.2831675333485
 10
860.0
 20
-336.0332014469817
 10
860.0
 20
-335.783235360615
 10
860.0
 20
-335.53326927424825
 10
860.0
 20
-335.28330318788153
 10
860.0
 20
-335.03333710151486
 10
860.0
 20
-334.78337101514813
 10
860.0
 20
-334.5334049287814
 10
860.0
 20
-334.28343884241474
 10
860.0
 20
-334.033472756048
 10
860.0
 20
-333.7835066696813
 10
860.0
 20
-333.53354058331456
 10
860.0
 20
-333.28357449694784
 10
860.0
 20
-333.0336084105811
 10
860.0
 20
-332.7836423242144
 10
860.0
 20
-332.53367623784766
 10
860.0
 20
-332.28371015148093
 10
860.0
 20
-332.0337440651142
 10
860.0
 20
-331.7837779787475
 10
860.0
 20
-331.53381189238075
 10
860.0
 20
-331.283845806014
 10
860.0
 20
-331.03387971964736
 10
860.0
 20
-330.78391363328063
 10
860.0
 20
-330.5339475469139
 10
860.0
 20
-330.2839814605472
 10
860.0
 20
-330.0340153741805
 10
860.0
 20
-329.7840492878138
 10
860.0
 20
-329.53408320144706
 10
860.0
 20
-329.28411711508033
 10
860.0
 20
-329.0341510287136
 10
860.0
 20
-328.7841849423469
 10
860.0
 20
-328.53421885598016
 10
860.0
 20
-328.28425276961343
 10
860.0
 20
-328.0342866832467
 10
860.0
 20
-327.78432059688
 10
860.0
 20
-327.53435451051325
 10
860.0
 20
-327.2843884241465
 10
860.0
 20
-327.0344223377798
 10
860.0
 20
-326.78445625141313
 10
860.0
 20
-326.5344901650464
 10
860.0
 20
-326.2845240786797
 10
860.0
 20
-326.034557992313
 10
860.0
 20
-325.78459190594623
 10
860.0
 20
-325.5346258195795
 10
860.0
 20
-325.28465973321283
 10
860.0
 20
-325.0346936468461
 10
860.0
 20
-324.7847275604794
 10
860.0
 20
-324.53476147411266
 10
860.0
 20
-324.28479538774593
 10
860.0
 20
-324.0348293013792
 10
860.0
 20
-323.7848632150125
 10
860.0
 20
-323.53489712864575
 10
860.0
 20
-323.284931042279
 10
860.0
 20
-323.0349649559123
 10
860.0
 20
-322.7849988695456
 10
860.0
 20
-322.53503278317885
 10
860.0
 20
-322.2850666968121
 10
860.0
 20
-322.0351006104455
 10
860.0
 20
-321.7851345240788
 10
860.0
 20
-321.53516843771206
 10
860.0
 20
-321.28520235134533
 10
860.0
 20
-321.0352362649786
 10
860.0
 20
-320.7852701786119
 10
860.0
 20
-320.53530409224516
 10
860.0
 20
-320.28533800587843
 10
860.0
 20
-320.0353719195117
 10
860.0
 20
-319.785405833145
 10
860.0
 20
-319.53543974677825
 10
860.0
 20
-319.2854736604115
 10
860.0
 20
-319.0355075740448
 10
860.0
 20
-318.7855414876781
 10
860.0
 20
-318.53557540131135
 10
860.0
 20
-318.2856093149446
 10
860.0
 20
-318.0356432285779
 10
860.0
 20
-317.7856771422113
 10
860.0
 20
-317.53571105584444
 10
860.0
 20
-317.2857449694777
 10
860.0
 20
-317.0357788831111
 10
860.0
 20
-316.7858127967444
 10
860.0
 20
-316.53584671037765
 10
860.0
 20
-316.28588062401093
 10
860.0
 20
-316.0359145376442
 10
860.0
 20
-315.7859484512775
 10
860.0
 20
-315.53598236491075
 10
860.0
 20
-315.286016278544
 10
860.0
 20
-315.0360501921773
 10
860.0
 20
-314.7860841058106
 10
860.0
 20
-314.53611801944385
 10
860.0
 20
-314.2861519330771
 10
860.0
 20
-314.0361858467104
 10
860.0
 20
-313.78621976034367
 10
860.0
 20
-313.53625367397694
 10
860.0
 20
-313.2862875876102
 10
860.0
 20
-313.0363215012435
 10
860.0
 20
-312.7863554148769
 10
860.0
 20
-312.53638932851015
 10
860.0
 20
-312.2864232421434
 10
860.0
 20
-312.0364571557767
 10
860.0
 20
-311.78649106941
 10
860.0
 20
-311.53652498304325
 10
860.0
 20
-311.2865588966765
 10
860.0
 20
-311.0365928103098
 10
860.0
 20
-310.7866267239431
 10
860.0
 20
-310.53666063757635
 10
860.0
 20
-310.2866945512096
 10
860.0
 20
-310.0367284648429
 10
860.0
 20
-309.78676237847617
 10
860.0
 20
-309.53679629210944
 10
860.0
 20
-309.2868302057427
 10
860.0
 20
-309.036864119376
 10
860.0
 20
-308.7868980330094
 10
860.0
 20
-308.53693194664265
 10
860.0
 20
-308.2869658602759
 10
860.0
 20
-308.0369997739092
 10
860.0
 20
-307.7870336875425
 10
860.0
 20
-307.53706760117575
 10
860.0
 20
-307.287101514809
 10
860.0
 20
-307.0371354284423
 10
860.0
 20
-306.7871693420756
 10
860.0
 20
-306.53720325570885
 10
860.0
 20
-306.2872371693421
 10
860.0
 20
-306.0372710829754
 10
860.0
 20
-305.78730499660867
 10
860.0
 20
-305.53733891024194
 10
860.0
 20
-305.2873728238752
 10
860.0
 20
-305.0374067375085
 10
860.0
 20
-304.78744065114176
 10
860.0
 20
-304.53747456477515
 10
860.0
 20
-304.2875084784083
 10
860.0
 20
-304.0375423920416
 10
860.0
 20
-303.78757630567486
 10
860.0
 20
-303.53761021930814
 10
860.0
 20
-303.2876441329415
 10
860.0
 20
-303.0376780465748
 10
860.0
 20
-302.78771196020807
 10
860.0
 20
-302.53774587384135
 10
860.0
 20
-302.2877797874746
 10
860.0
 20
-302.0378137011079
 10
860.0
 20
-301.78784761474117
 10
860.0
 20
-301.53788152837444
 10
860.0
 20
-301.2879154420077
 10
860.0
 20
-301.037949355641
 10
860.0
 20
-300.78798326927426
 10
860.0
 20
-300.53801718290754
 10
860.0
 20
-300.2880510965408
 10
860.0
 20
-300.0380850101742
 10
860.0
 20
-299.7881189238075
 10
860.0
 20
-299.53815283744075
 10
860.0
 20
-299.288186751074
 10
860.0
 20
-299.0382206647073
 10
860.0
 20
-298.78825457834057
 10
860.0
 20
-298.53828849197384
 10
860.0
 20
-298.2883224056072
 10
860.0
 20
-298.0383563192404
 10
860.0
 20
-297.78839023287367
 10
860.0
 20
-297.53842414650694
 10
860.0
 20
-297.28845806014016
 10
860.0
 20
-297.0384919737735
 10
860.0
 20
-296.78852588740676
 10
860.0
 20
-296.53855980104004
 10
860.0
 20
-296.2885937146733
 10
860.0
 20
-296.03862762830664
 10
860.0
 20
-295.78866154193986
 10
860.0
 20
-295.5386954555732
 10
860.0
 20
-295.2887293692065
 10
860.0
 20
-295.0387632828398
 10
860.0
 20
-294.78879719647307
 10
860.0
 20
-294.5388311101063
 10
860.0
 20
-294.2888650237396
 10
860.0
 20
-294.03889893737284
 10
860.0
 20
-293.78893285100617
 10
860.0
 20
-293.53896676463944
 10
860.0
 20
-293.28900067827277
 10
860.0
 20
-293.039034591906
 10
860.0
 20
-292.78906850553926
 10
860.0
 20
-292.53910241917254
 10
860.0
 20
-292.2891363328058
 10
860.0
 20
-292.0391702464391
 10
860.0
 20
-291.7892041600724
 10
860.0
 20
-291.53923807370575
 10
860.0
 20
-291.289271987339
 10
860.0
 20
-291.03930590097224
 10
860.0
 20
-290.78933981460546
 10
860.0
 20
-290.5393737282388
 10
860.0
 20
-290.2894076418721
 10
860.0
 20
-290.0394415555054
 10
860.0
 20
-289.78947546913867
 10
860.0
 20
-289.5395093827719
 10
860.0
 20
-289.2895432964052
 10
860.0
 20
-289.03957721003843
 10
860.0
 20
-288.78961112367176
 10
860.0
 20
-288.53964503730504
 10
860.0
 20
-288.28967895093837
 10
860.0
 20
-288.0397128645716
 10
860.0
 20
-287.78974677820486
 10
860.0
 20
-287.53978069183813
 10
860.0
 20
-287.2898146054714
 10
860.0
 20
-287.0398485191048
 10
860.0
 20
-286.789882432738
 10
860.0
 20
-286.53991634637134
 10
860.0
 20
-286.28995026000456
 10
860.0
 20
-286.0399841736379
 10
860.0
 20
-285.79001808727116
 10
860.0
 20
-285.54005200090444
 10
860.0
 20
-285.2900859145377
 10
860.0
 20
-285.040119828171
 10
860.0
 20
-284.79015374180426
 10
860.0
 20
-284.54018765543753
 10
860.0
 20
-284.2902215690708
 10
860.0
 20
-284.040255482704
 10
860.0
 20
-283.79028939633736
 10
860.0
 20
-283.54032330997063
 10
860.0
 20
-283.29035722360396
 10
860.0
 20
-283.0403911372372
 10
860.0
 20
-282.7904250508705
 10
860.0
 20
-282.5404589645037
 10
860.0
 20
-282.290492878137
 10
860.0
 20
-282.0405267917704
 10
860.0
 20
-281.7905607054036
 10
860.0
 20
-281.54059461903694
 10
860.0
 20
-281.29062853267015
 10
860.0
 20
-281.0406624463035
 10
860.0
 20
-280.79069635993676
 10
860.0
 20
-280.54073027357003
 10
860.0
 20
-280.2907641872033
 10
860.0
 20
-280.0407981008366
 10
860.0
 20
-279.79083201446986
 10
860.0
 20
-279.54086592810313
 10
860.0
 20
-279.2908998417364
 10
860.0
 20
-279.0409337553697
 10
860.0
 20
-278.79096766900307
 10
860.0
 20
-278.54100158263634
 10
860.0
 20
-278.2910354962696
 10
860.0
 20
-278.0410694099029
 10
860.0
 20
-277.79110332353616
 10
860.0
 20
-277.5411372371693
 10
860.0
 20
-277.2911711508026
 10
860.0
 20
-277.041205064436
 10
860.0
 20
-276.79123897806926
 10
860.0
 20
-276.54127289170253
 10
860.0
 20
-276.29130680533575
 10
860.0
 20
-276.0413407189691
 10
860.0
 20
-275.7913746326023
 10
860.0
 20
-275.5414085462357
 10
860.0
 20
-275.2914424598689
 10
860.0
 20
-275.04147637350223
 10
860.0
 20
-274.79151028713545
 10
860.0
 20
-274.5415442007687
 10
860.0
 20
-274.291578114402
 10
860.0
 20
-274.0416120280353
 10
860.0
 20
-273.79164594166866
 10
860.0
 20
-273.5416798553019
 10
860.0
 20
-273.2917137689352
 10
860.0
 20
-273.0417476825685
 10
860.0
 20
-272.79178159620176
 10
860.0
 20
-272.54181550983503
 10
860.0
 20
-272.2918494234683
 10
860.0
 20
-272.0418833371016
 10
860.0
 20
-271.79191725073485
 10
860.0
 20
-271.54195116436813
 10
860.0
 20
-271.2919850780014
 10
860.0
 20
-271.0420189916347
 10
860.0
 20
-270.79205290526795
 10
860.0
 20
-270.5420868189012
 10
860.0
 20
-270.2921207325345
 10
860.0
 20
-270.0421546461678
 10
860.0
 20
-269.79218855980105
 10
860.0
 20
-269.5422224734343
 10
860.0
 20
-269.2922563870676
 10
860.0
 20
-269.04229030070087
 10
860.0
 20
-268.79232421433426
 10
860.0
 20
-268.54235812796753
 10
860.0
 20
-268.2923920416008
 10
860.0
 20
-268.0424259552341
 10
860.0
 20
-267.79245986886735
 10
860.0
 20
-267.5424937825006
 10
860.0
 20
-267.2925276961339
 10
860.0
 20
-267.0425616097672
 10
860.0
 20
-266.79259552340045
 10
860.0
 20
-266.5426294370337
 10
860.0
 20
-266.292663350667
 10
860.0
 20
-266.0426972643003
 10
860.0
 20
-265.79273117793355
 10
860.0
 20
-265.54276509156693
 10
860.0
 20
-265.2927990052002
 10
860.0
 20
-265.0428329188335
 10
860.0
 20
-264.79286683246676
 10
860.0
 20
-264.54290074610003
 10
860.0
 20
-264.2929346597332
 10
860.0
 20
-264.04296857336647
 10
860.0
 20
-263.79300248699985
 10
860.0
 20
-263.5430364006331
 10
860.0
 20
-263.2930703142664
 10
860.0
 20
-263.0431042278997
 10
860.0
 20
-262.79313814153295
 10
860.0
 20
-262.5431720551662
 10
860.0
 20
-262.2932059687995
 10
860.0
 20
-262.0432398824328
 10
860.0
 20
-261.79327379606605
 10
860.0
 20
-261.5433077096993
 10
860.0
 20
-261.2933416233326
 10
860.0
 20
-261.04337553696587
 10
860.0
 20
-260.79340945059914
 10
860.0
 20
-260.54344336423253
 10
860.0
 20
-260.2934772778658
 10
860.0
 20
-260.0435111914991
 10
860.0
 20
-259.79354510513235
 10
860.0
 20
-259.5435790187656
 10
860.0
 20
-259.2936129323989
 10
860.0
 20
-259.0436468460322
 10
860.0
 20
-258.79368075966545
 10
860.0
 20
-258.5437146732987
 10
860.0
 20
-258.293748586932
 10
860.0
 20
-258.04378250056527
 10
860.0
 20
-257.79381641419855
 10
860.0
 20
-257.5438503278318
 10
860.0
 20
-257.2938842414651
 10
860.0
 20
-257.04391815509837
 10
860.0
 20
-256.79395206873164
 10
860.0
 20
-256.5439859823649
 10
860.0
 20
-256.2940198959982
 10
860.0
 20
-256.04405380963146
 10
860.0
 20
-255.79408772326482
 10
860.0
 20
-255.5441216368981
 10
860.0
 20
-255.29415555053137
 10
860.0
 20
-255.04418946416465
 10
860.0
 20
-254.79422337779792
 10
860.0
 20
-254.5442572914312
 10
860.0
 20
-254.29429120506447
 10
860.0
 20
-254.0443251186978
 10
860.0
 20
-253.79435903233107
 10
860.0
 20
-253.54439294596435
 10
860.0
 20
-253.29442685959762
 10
860.0
 20
-253.0444607732309
 10
860.0
 20
-252.79449468686417
 10
860.0
 20
-252.54452860049744
 10
860.0
 20
-252.29456251413077
 10
860.0
 20
-252.04459642776405
 10
860.0
 20
-251.79463034139732
 10
860.0
 20
-251.5446642550306
 10
860.0
 20
-251.29469816866387
 10
860.0
 20
-251.0447320822971
 10
860.0
 20
-250.79476599593042
 10
860.0
 20
-250.5447999095637
 10
860.0
 20
-250.29483382319697
 10
860.0
 20
-250.04486773683024
 10
860.0
 20
-249.79490165046352
 10
860.0
 20
-249.5449355640968
 10
860.0
 20
-249.29496947773006
 10
860.0
 20
-249.0450033913634
 10
860.0
 20
-248.79503730499667
 10
860.0
 20
-248.54507121862994
 10
860.0
 20
-248.29510513226322
 10
860.0
 20
-248.0451390458965
 10
860.0
 20
-247.79517295952976
 10
860.0
 20
-247.5452068731631
 10
860.0
 20
-247.29524078679637
 10
860.0
 20
-247.04527470042964
 10
860.0
 20
-246.79530861406292
 10
860.0
 20
-246.5453425276962
 10
860.0
 20
-246.29537644132947
 10
860.0
 20
-246.04541035496274
 10
860.0
 20
-245.79544426859607
 10
860.0
 20
-245.54547818222935
 10
860.0
 20
-245.29551209586262
 10
860.0
 20
-245.0455460094959
 10
860.0
 20
-244.79557992312917
 10
860.0
 20
-244.54561383676239
 10
860.0
 20
-244.29564775039577
 10
860.0
 20
-244.045681664029
 10
860.0
 20
-243.79571557766226
 10
860.0
 20
-243.54574949129554
 10
860.0
 20
-243.2957834049288
 10
860.0
 20
-243.0458173185621
 10
860.0
 20
-242.79585123219536
 10
860.0
 20
-242.5458851458287
 10
860.0
 20
-242.29591905946197
 10
860.0
 20
-242.04595297309524
 10
860.0
 20
-241.7959868867285
 10
860.0
 20
-241.5460208003618
 10
860.0
 20
-241.29605471399506
 10
860.0
 20
-241.04608862762834
 10
860.0
 20
-240.79612254126167
 10
860.0
 20
-240.54615645489494
 10
860.0
 20
-240.29619036852822
 10
860.0
 20
-240.0462242821615
 10
860.0
 20
-239.79625819579476
 10
860.0
 20
-239.54629210942804
 10
860.0
 20
-239.29632602306137
 10
860.0
 20
-239.04635993669464
 10
860.0
 20
-238.79639385032792
 10
860.0
 20
-238.5464277639612
 10
860.0
 20
-238.29646167759446
 10
860.0
 20
-238.04649559122774
 10
860.0
 20
-237.79652950486096
 10
860.0
 20
-237.54656341849434
 10
860.0
 20
-237.29659733212756
 10
860.0
 20
-237.04663124576084
 10
860.0
 20
-236.7966651593941
 10
860.0
 20
-236.54669907302738
 10
860.0
 20
-236.29673298666066
 10
860.0
 20
-236.046766900294
 10
860.0
 20
-235.79680081392726
 10
860.0
 20
-235.54683472756054
 10
860.0
 20
-235.2968686411938
 10
860.0
 20
-235.04690255482708
 10
860.0
 20
-234.79693646846036
 10
860.0
 20
-234.54697038209363
 10
860.0
 20
-234.29700429572696
 10
860.0
 20
-234.04703820936024
 10
860.0
 20
-233.7970721229935
 10
860.0
 20
-233.5471060366268
 10
860.0
 20
-233.29713995026006
 10
860.0
 20
-233.04717386389333
 10
860.0
 20
-232.7972077775266
 10
860.0
 20
-232.54724169115994
 10
860.0
 20
-232.2972756047932
 10
860.0
 20
-232.0473095184265
 10
860.0
 20
-231.79734343205976
 10
860.0
 20
-231.54737734569304
 10
860.0
 20
-231.29741125932625
 10
860.0
 20
-231.04744517295964
 10
860.0
 20
-230.79747908659286
 10
860.0
 20
-230.54751300022613
 10
860.0
 20
-230.2975469138594
 10
860.0
 20
-230.04758082749268
 10
860.0
 20
-229.79761474112595
 10
860.0
 20
-229.54764865475923
 10
860.0
 20
-229.29768256839256
 10
860.0
 20
-229.04771648202583
 10
860.0
 20
-228.7977503956591
 10
860.0
 20
-228.54778430929238
 10
860.0
 20
-228.29781822292566
 10
860.0
 20
-228.04785213655893
 10
860.0
 20
-227.79788605019226
 10
860.0
 20
-227.54791996382554
 10
860.0
 20
-227.2979538774588
 10
860.0
 20
-227.04798779109208
 10
860.0
 20
-226.79802170472536
 10
860.0
 20
-226.54805561835863
 10
860.0
 20
-226.2980895319919
 10
860.0
 20
-226.04812344562524
 10
860.0
 20
-225.7981573592585
 10
860.0
 20
-225.54819127289178
 10
860.0
 20
-225.29822518652506
 10
860.0
 20
-225.04825910015833
 10
860.0
 20
-224.7982930137916
 10
860.0
 20
-224.54832692742494
 10
860.0
 20
-224.2983608410582
 10
860.0
 20
-224.04839475469143
 10
860.0
 20
-223.7984286683247
 10
860.0
 20
-223.54846258195798
 10
860.0
 20
-223.29849649559125
 10
860.0
 20
-223.04853040922453
 10
860.0
 20
-222.79856432285786
 10
860.0
 20
-222.54859823649113
 10
860.0
 20
-222.2986321501244
 10
860.0
 20
-222.04866606375768
 10
860.0
 20
-221.79869997739095
 10
860.0
 20
-221.54873389102423
 10
860.0
 20
-221.2987678046575
 10
860.0
 20
-221.04880171829083
 10
860.0
 20
-220.7988356319241
 10
860.0
 20
-220.54886954555738
 10
860.0
 20
-220.29890345919065
 10
860.0
 20
-220.04893737282393
 10
860.0
 20
-219.7989712864572
 10
860.0
 20
-219.54900520009053
 10
860.0
 20
-219.2990391137238
 10
860.0
 20
-219.04907302735708
 10
860.0
 20
-218.79910694099036
 10
860.0
 20
-218.54914085462363
 10
860.0
 20
-218.2991747682569
 10
860.0
 20
-218.04920868189018
 10
860.0
 20
-217.7992425955235
 10
860.0
 20
-217.54927650915673
 10
860.0
 20
-217.29931042279
 10
860.0
 20
-217.04934433642327
 10
860.0
 20
-216.79937825005655
 10
860.0
 20
-216.54941216368982
 10
860.0
 20
-216.29944607732315
 10
860.0
 20
-216.04947999095643
 10
860.0
 20
-215.7995139045897
 10
860.0
 20
-215.54954781822298
 10
860.0
 20
-215.29958173185625
 10
860.0
 20
-215.04961564548952
 10
860.0
 20
-214.7996495591228
 10
860.0
 20
-214.54968347275613
 10
860.0
 20
-214.2997173863894
 10
860.0
 20
-214.04975130002268
 10
860.0
 20
-213.79978521365595
 10
860.0
 20
-213.54981912728923
 10
860.0
 20
-213.2998530409225
 10
860.0
 20
-213.04988695455577
 10
860.0
 20
-212.7999208681891
 10
860.0
 20
-212.54995478182238
 10
860.0
 20
-212.29998869545565
 10
860.0
 20
-212.05002260908893
 10
860.0
 20
-211.8000565227222
 10
860.0
 20
-211.55009043635548
 10
860.0
 20
-211.3001243499888
 10
860.0
 20
-211.05015826362208
 10
860.0
 20
-210.8001921772553
 10
860.0
 20
-210.55022609088857
 10
860.0
 20
-210.30026000452185
 10
860.0
 20
-210.05029391815512
 10
860.0
 20
-209.8003278317884
 10
860.0
 20
-209.55036174542172
 10
860.0
 20
-209.300395659055
 10
860.0
 20
-209.05042957268827
 10
860.0
 20
-208.80046348632155
 10
860.0
 20
-208.55049739995482
 10
860.0
 20
-208.3005313135881
 10
860.0
 20
-208.05056522722143
 10
860.0
 20
-207.8005991408547
 10
860.0
 20
-207.55063305448797
 10
860.0
 20
-207.30066696812125
 10
860.0
 20
-207.05070088175452
 10
860.0
 20
-206.8007347953878
 10
860.0
 20
-206.55076870902107
 10
860.0
 20
-206.3008026226544
 10
860.0
 20
-206.05083653628768
 10
860.0
 20
-205.80087044992095
 10
860.0
 20
-205.55090436355422
 10
860.0
 20
-205.3009382771875
 10
860.0
 20
-205.05097219082077
 10
860.0
 20
-204.8010061044541
 10
860.0
 20
-204.55104001808738
 10
860.0
 20
-204.3010739317206
 10
860.0
 20
-204.05110784535387
 10
860.0
 20
-203.80114175898714
 10
860.0
 20
-203.55117567262042
 10
860.0
 20
-203.3012095862537
 10
860.0
 20
-203.05124349988702
 10
860.0
 20
-202.8012774135203
 10
860.0
 20
-202.55131132715357
 10
860.0
 20
-202.30134524078684
 10
860.0
 20
-202.05137915442012
 10
860.0
 20
-201.8014130680534
 10
860.0
 20
-201.55144698168667
 10
860.0
 20
-201.30148089532
 10
860.0
 20
-201.05151480895327
 10
860.0
 20
-200.80154872258655
 10
860.0
 20
-200.55158263621982
 10
860.0
 20
-200.3016165498531
 10
860.0
 20
-200.05165046348637
 10
860.0
 20
-199.8016843771197
 10
860.0
 20
-199.55171829075297
 10
860.0
 20
-199.30175220438625
 10
860.0
 20
-199.05178611801952
 10
860.0
 20
-198.8018200316528
 10
860.0
 20
-198.55185394528607
 10
860.0
 20
-198.30188785891934
 10
860.0
 20
-198.05192177255267
 10
860.0
 20
-197.80195568618595
 10
860.1480104001809
 20
-197.70000000000002
 10
860.3979764865476
 20
-197.70000000000002
 10
860.6479425729143
 20
-197.70000000000002
 10
860.897908659281
 20
-197.70000000000002
 10
861.1478747456476
 20
-197.70000000000002
 10
861.3978408320145
 20
-197.70000000000002
 10
861.6478069183811
 20
-197.70000000000002
 10
861.8977730047479
 20
-197.70000000000002
 10
862.1477390911145
 20
-197.70000000000002
 10
862.3977051774814
 20
-197.70000000000002
 10
862.647671263848
 20
-197.70000000000002
 10
862.8976373502147
 20
-197.70000000000002
 10
863.1476034365814
 20
-197.70000000000002
 10
863.3975695229482
 20
-197.70000000000002
 10
863.6475356093149
 20
-197.70000000000002
 10
863.8975016956816
 20
-197.70000000000002
 10
864.1474677820484
 20
-197.70000000000002
 10
864.3974338684151
 20
-197.70000000000002
 10
864.6473999547818
 20
-197.70000000000002
 10
864.8973660411484
 20
-197.70000000000002
 10
865.1473321275153
 20
-197.70000000000002
 10
865.3972982138819
 20
-197.70000000000002
 10
865.6472643002487
 20
-197.70000000000002
 10
865.8972303866153
 20
-197.70000000000002
 10
866.147196472982
 20
-197.70000000000002
 10
866.3971625593488
 20
-197.70000000000002
 10
866.6471286457156
 20
-197.70000000000002
 10
866.8970947320822
 20
-197.70000000000002
 10
867.1470608184491
 20
-197.70000000000002
 10
867.3970269048157
 20
-197.70000000000002
 10
867.6469929911825
 20
-197.70000000000002
 10
867.8969590775491
 20
-197.70000000000002
 10
868.1469251639159
 20
-197.70000000000002
 10
868.3968912502826
 20
-197.70000000000002
 10
868.6468573366493
 20
-197.70000000000002
 10
868.896823423016
 20
-197.70000000000002
 10
869.1467895093828
 20
-197.70000000000002
 10
869.3967555957495
 20
-197.70000000000002
 10
869.6467216821161
 20
-197.70000000000002
 10
869.8966877684829
 20
-197.70000000000002
 10
870.1466538548495
 20
-197.70000000000002
 10
870.3966199412164
 20
-197.70000000000002
 10
870.646586027583
 20
-197.70000000000002
 10
870.8965521139498
 20
-197.70000000000002
 10
871.1465182003165
 20
-197.70000000000002
 10
871.3964842866832
 20
-197.70000000000002
 10
871.6464503730499
 20
-197.70000000000002
 10
871.8964164594166
 20
-197.70000000000002
 10
872.1463825457834
 20
-197.70000000000002
 10
872.3963486321501
 20
-197.70000000000002
 10
872.6463147185168
 20
-197.70000000000002
 10
872.8962808048834
 20
-197.70000000000002
 10
873.1462468912503
 20
-197.70000000000002
 10
873.396212977617
 20
-197.70000000000002
 10
873.6461790639837
 20
-197.70000000000002
 10
873.8961451503504
 20
-197.70000000000002
 10
874.1461112367172
 20
-197.70000000000002
 10
874.3960773230838
 20
-197.70000000000002
 10
874.6460434094506
 20
-197.70000000000002
 10
874.8960094958172
 20
-197.70000000000002
 10
875.1459755821841
 20
-197.70000000000002
 10
875.3959416685507
 20
-197.70000000000002
 10
875.6459077549175
 20
-197.70000000000002
 10
875.8958738412841
 20
-197.70000000000002
 10
876.1458399276509
 20
-197.70000000000002
 10
876.3958060140176
 20
-197.70000000000002
 10
876.6457721003843
 20
-197.70000000000002
 10
876.895738186751
 20
-197.70000000000002
 10
877.1457042731178
 20
-197.70000000000002
 10
877.3956703594845
 20
-197.70000000000002
 10
877.6456364458511
 20
-197.70000000000002
 10
877.8956025322179
 20
-197.70000000000002
 10
878.1455686185845
 20
-197.70000000000002
 10
878.3955347049514
 20
-197.70000000000002
 10
878.645500791318
 20
-197.70000000000002
 10
878.8954668776848
 20
-197.70000000000002
 10
879.1454329640515
 20
-197.70000000000002
 10
879.3953990504182
 20
-197.70000000000002
 10
879.6453651367849
 20
-197.70000000000002
 10
879.8953312231516
 20
-197.70000000000002
 10
880.1452973095184
 20
-197.70000000000002
 10
880.3952633958852
 20
-197.70000000000002
 10
880.6452294822518
 20
-197.70000000000002
 10
880.8951955686185
 20
-197.70000000000002
 10
881.1451616549853
 20
-197.70000000000002
 10
881.395127741352
 20
-197.70000000000002
 10
881.6450938277187
 20
-197.70000000000002
 10
881.8950599140854
 20
-197.70000000000002
 10
882.1450260004522
 20
-197.70000000000002
 10
882.3949920868189
 20
-197.70000000000002
 10
882.6449581731856
 20
-197.70000000000002
 10
882.8949242595522
 20
-197.70000000000002
 10
883.1448903459191
 20
-197.70000000000002
 10
883.3948564322857
 20
-197.70000000000002
 10
883.6448225186525
 20
-197.70000000000002
 10
883.8947886050191
 20
-197.70000000000002
 10
884.144754691386
 20
-197.70000000000002
 10
884.3947207777526
 20
-197.70000000000002
 10
884.6446868641193
 20
-197.70000000000002
 10
884.894652950486
 20
-197.70000000000002
 10
885.1446190368528
 20
-197.70000000000002
 10
885.3945851232195
 20
-197.70000000000002
 10
885.6445512095862
 20
-197.70000000000002
 10
885.8945172959529
 20
-197.70000000000002
 10
886.1444833823195
 20
-197.70000000000002
 10
886.3944494686864
 20
-197.70000000000002
 10
886.6444155550531
 20
-197.70000000000002
 10
886.8943816414198
 20
-197.70000000000002
 10
887.1443477277866
 20
-197.70000000000002
 10
887.3943138141533
 20
-197.70000000000002
 10
887.6442799005199
 20
-197.70000000000002
 10
887.8942459868867
 20
-197.70000000000002
 10
888.1442120732534
 20
-197.70000000000002
 10
888.3941781596202
 20
-197.70000000000002
 10
888.6441442459868
 20
-197.70000000000002
 10
888.8941103323536
 20
-197.70000000000002
 10
889.1440764187203
 20
-197.70000000000002
 10
889.394042505087
 20
-197.70000000000002
 10
889.6440085914537
 20
-197.70000000000002
 10
889.8939746778204
 20
-197.70000000000002
 10
890.1439407641872
 20
-197.70000000000002
 10
890.3939068505539
 20
-197.70000000000002
 10
890.6438729369206
 20
-197.70000000000002
 10
890.8938390232872
 20
-197.70000000000002
 10
891.1438051096541
 20
-197.70000000000002
 10
891.3937711960207
 20
-197.70000000000002
 10
891.6437372823875
 20
-197.70000000000002
 10
891.8937033687541
 20
-197.70000000000002
 10
892.143669455121
 20
-197.70000000000002
 10
892.3936355414876
 20
-197.70000000000002
 10
892.6436016278543
 20
-197.70000000000002
 10
892.893567714221
 20
-197.70000000000002
 10
893.1435338005878
 20
-197.70000000000002
 10
893.3934998869545
 20
-197.70000000000002
 10
893.6434659733213
 20
-197.70000000000002
 10
893.8934320596879
 20
-197.70000000000002
 10
894.1433981460547
 20
-197.70000000000002
 10
894.3933642324214
 20
-197.70000000000002
 10
894.6433303187881
 20
-197.70000000000002
 10
894.8932964051548
 20
-197.70000000000002
 10
895.1432624915216
 20
-197.70000000000002
 10
895.3932285778883
 20
-197.70000000000002
 10
895.643194664255
 20
-197.70000000000002
 10
895.8931607506217
 20
-197.70000000000002
 10
896.1431268369884
 20
-197.70000000000002
 10
896.3930929233552
 20
-197.70000000000002
 10
896.6430590097218
 20
-197.70000000000002
 10
896.8930250960886
 20
-197.70000000000002
 10
897.1429911824553
 20
-197.70000000000002
 10
897.392957268822
 20
-197.70000000000002
 10
897.6429233551887
 20
-197.70000000000002
 10
897.8928894415554
 20
-197.70000000000002
 10
898.1428555279222
 20
-197.70000000000002
 10
898.3928216142889
 20
-197.70000000000002
 10
898.6427877006556
 20
-197.70000000000002
 10
898.8927537870223
 20
-197.70000000000002
 10
899.1427198733891
 20
-197.70000000000002
 10
899.3926859597557
 20
-197.70000000000002
 10
899.6426520461225
 20
-197.70000000000002
 10
899.8926181324892
 20
-197.70000000000002
 10
900.142584218856
 20
-197.70000000000002
 10
900.3925503052227
 20
-197.70000000000002
 10
900.6425163915894
 20
-197.70000000000002
 10
900.892482477956
 20
-197.70000000000002
 10
901.1424485643229
 20
-197.70000000000002
 10
901.3924146506895
 20
-197.70000000000002
 10
901.6423807370563
 20
-197.70000000000002
 10
901.8923468234229
 20
-197.70000000000002
 10
902.1423129097898
 20
-197.70000000000002
 10
902.3922789961564
 20
-197.70000000000002
 10
902.6422450825231
 20
-197.70000000000002
 10
902.8922111688898
 20
-197.70000000000002
 10
903.1421772552566
 20
-197.70000000000002
 10
903.3921433416233
 20
-197.70000000000002
 10
903.64210942799
 20
-197.70000000000002
 10
903.8920755143567
 20
-197.70000000000002
 10
904.1420416007234
 20
-197.70000000000002
 10
904.3920076870902
 20
-197.70000000000002
 10
904.6419737734568
 20
-197.70000000000002
 10
904.8919398598237
 20
-197.70000000000002
 10
905.1419059461903
 20
-197.70000000000002
 10
905.3918720325571
 20
-197.70000000000002
 10
905.6418381189237
 20
-197.70000000000002
 10
905.8918042052904
 20
-197.70000000000002
 10
906.1417702916572
 20
-197.70000000000002
 10
906.3917363780239
 20
-197.70000000000002
 10
906.6417024643906
 20
-197.70000000000002
 10
906.8916685507575
 20
-197.70000000000002
 10
907.1416346371241
 20
-197.70000000000002
 10
907.3916007234908
 20
-197.70000000000002
 10
907.6415668098575
 20
-197.70000000000002
 10
907.8915328962242
 20
-197.70000000000002
 10
908.141498982591
 20
-197.70000000000002
 10
908.3914650689577
 20
-197.70000000000002
 10
908.6414311553244
 20
-197.70000000000002
 10
908.891397241691
 20
-197.70000000000002
 10
909.1413633280579
 20
-197.70000000000002
 10
909.3913294144245
 20
-197.70000000000002
 10
909.6412955007913
 20
-197.70000000000002
 10
909.8912615871579
 20
-197.70000000000002
 10
910.1412276735248
 20
-197.70000000000002
 10
910.3911937598914
 20
-197.70000000000002
 10
910.6411598462581
 20
-197.70000000000002
 10
910.8911259326248
 20
-197.70000000000002
 10
911.1410920189916
 20
-197.70000000000002
 10
911.3910581053583
 20
-197.70000000000002
 10
911.641024191725
 20
-197.70000000000002
 10
911.8909902780917
 20
-197.70000000000002
 10
912.1409563644584
 20
-197.70000000000002
 10
912.3909224508252
 20
-197.70000000000002
 10
912.6408885371918
 20
-197.70000000000002
 10
912.8908546235587
 20
-197.70000000000002
 10
913.1408207099254
 20
-197.70000000000002
 10
913.3907867962921
 20
-197.70000000000002
 10
913.6407528826588
 20
-197.70000000000002
 10
913.8907189690256
 20
-197.70000000000002
 10
914.1406850553922
 20
-197.70000000000002
 10
914.390651141759
 20
-197.70000000000002
 10
914.6406172281256
 20
-197.70000000000002
 10
914.8905833144925
 20
-197.70000000000002
 10
915.1405494008591
 20
-197.70000000000002
 10
915.3905154872259
 20
-197.70000000000002
 10
915.6404815735925
 20
-197.70000000000002
 10
915.8904476599592
 20
-197.70000000000002
 10
916.140413746326
 20
-197.70000000000002
 10
916.3903798326927
 20
-197.70000000000002
 10
916.6403459190594
 20
-197.70000000000002
 10
916.8903120054262
 20
-197.70000000000002
 10
917.1402780917929
 20
-197.70000000000002
 10
917.3902441781595
 20
-197.70000000000002
 10
917.6402102645263
 20
-197.70000000000002
 10
917.890176350893
 20
-197.70000000000002
 10
918.1401424372598
 20
-197.70000000000002
 10
918.3901085236264
 20
-197.70000000000002
 10
918.6400746099932
 20
-197.70000000000002
 10
918.8900406963598
 20
-197.70000000000002
 10
919.1400067827266
 20
-197.70000000000002
 10
919.3899728690933
 20
-197.70000000000002
 10
919.63993895546
 20
-197.70000000000002
 10
919.8899050418268
 20
-197.70000000000002
 10
920.1398711281936
 20
-197.70000000000002
 10
920.3898372145602
 20
-197.70000000000002
 10
920.6398033009269
 20
-197.70000000000002
 10
920.8897693872937
 20
-197.70000000000002
 10
921.1397354736604
 20
-197.70000000000002
 10
921.3897015600271
 20
-197.70000000000002
 10
921.6396676463938
 20
-197.70000000000002
 10
921.8896337327606
 20
-197.70000000000002
 10
922.1395998191272
 20
-197.70000000000002
 10
922.389565905494
 20
-197.70000000000002
 10
922.6395319918606
 20
-197.70000000000002
 10
922.8894980782275
 20
-197.70000000000002
 10
923.1394641645941
 20
-197.70000000000002
 10
923.3894302509609
 20
-197.70000000000002
 10
923.6393963373275
 20
-197.70000000000002
 10
923.8893624236943
 20
-197.70000000000002
 10
924.139328510061
 20
-197.70000000000002
 10
924.3892945964277
 20
-197.70000000000002
 10
924.6392606827944
 20
-197.70000000000002
 10
924.8892267691612
 20
-197.70000000000002
 10
925.1391928555279
 20
-197.70000000000002
 10
925.3891589418945
 20
-197.70000000000002
 10
925.6391250282613
 20
-197.70000000000002
 10
925.889091114628
 20
-197.70000000000002
 10
926.1390572009948
 20
-197.70000000000002
 10
926.3890232873614
 20
-197.70000000000002
 10
926.6389893737282
 20
-197.70000000000002
 10
926.888955460095
 20
-197.70000000000002
 10
927.1389215464617
 20
-197.70000000000002
 10
927.3888876328283
 20
-197.70000000000002
 10
927.6388537191951
 20
-197.70000000000002
 10
927.8888198055618
 20
-197.70000000000002
 10
928.1387858919286
 20
-197.70000000000002
 10
928.3887519782952
 20
-197.70000000000002
 10
928.6387180646619
 20
-197.70000000000002
 10
928.8886841510287
 20
-197.70000000000002
 10
929.1386502373954
 20
-197.70000000000002
 10
929.3886163237621
 20
-197.70000000000002
 10
929.6385824101288
 20
-197.70000000000002
 10
929.8885484964956
 20
-197.70000000000002
 10
930.1385145828623
 20
-197.70000000000002
 10
930.388480669229
 20
-197.70000000000002
 10
930.6384467555956
 20
-197.70000000000002
 10
930.8884128419625
 20
-197.70000000000002
 10
931.1383789283291
 20
-197.70000000000002
 10
931.3883450146959
 20
-197.70000000000002
 10
931.6383111010625
 20
-197.70000000000002
 10
931.8882771874293
 20
-197.70000000000002
 10
932.138243273796
 20
-197.70000000000002
 10
932.3882093601627
 20
-197.70000000000002
 10
932.6381754465294
 20
-197.70000000000002
 10
932.8881415328962
 20
-197.70000000000002
 10
933.1381076192629
 20
-197.70000000000002
 10
933.3880737056297
 20
-197.70000000000002
 10
933.6380397919963
 20
-197.70000000000002
 10
933.8880058783631
 20
-197.70000000000002
 10
934.1379719647298
 20
-197.70000000000002
 10
934.3879380510965
 20
-197.70000000000002
 10
934.6379041374632
 20
-197.70000000000002
 10
934.88787022383
 20
-197.70000000000002
 10
935.1378363101967
 20
-197.70000000000002
 10
935.3878023965633
 20
-197.70000000000002
 10
935.6377684829301
 20
-197.70000000000002
 10
935.8877345692968
 20
-197.70000000000002
 10
936.1377006556636
 20
-197.70000000000002
 10
936.3876667420302
 20
-197.70000000000002
 10
936.637632828397
 20
-197.70000000000002
 10
936.8875989147637
 20
-197.70000000000002
 10
937.1375650011304
 20
-197.70000000000002
 10
937.3875310874971
 20
-197.70000000000002
 10
937.6374971738638
 20
-197.70000000000002
 10
937.8874632602306
 20
-197.70000000000002
 10
938.1374293465973
 20
-197.70000000000002
 10
938.387395432964
 20
-197.70000000000002
 10
938.6373615193306
 20
-197.70000000000002
 10
938.8873276056975
 20
-197.70000000000002
 10
939.1372936920641
 20
-197.70000000000002
 10
939.3872597784309
 20
-197.70000000000002
 10
939.6372258647975
 20
-197.70000000000002
 10
939.8871919511644
 20
-197.70000000000002
 10
940.137158037531
 20
-197.70000000000002
 10
940.3871241238978
 20
-197.70000000000002
 10
940.6370902102644
 20
-197.70000000000002
 10
940.8870562966313
 20
-197.70000000000002
 10
941.1370223829979
 20
-197.70000000000002
 10
941.3869884693647
 20
-197.70000000000002
 10
941.6369545557313
 20
-197.70000000000002
 10
941.8869206420981
 20
-197.70000000000002
 10
942.1368867284648
 20
-197.70000000000002
 10
942.3868528148315
 20
-197.70000000000002
 10
942.6368189011982
 20
-197.70000000000002
 10
942.886784987565
 20
-197.70000000000002
 10
943.1367510739317
 20
-197.70000000000002
 10
943.3867171602983
 20
-197.70000000000002
 10
943.6366832466651
 20
-197.70000000000002
 10
943.8866493330318
 20
-197.70000000000002
 10
944.1366154193986
 20
-197.70000000000002
 10
944.3865815057652
 20
-197.70000000000002
 10
944.636547592132
 20
-197.70000000000002
 10
944.8865136784987
 20
-197.70000000000002
 10
945.1364797648654
 20
-197.70000000000002
 10
945.3864458512321
 20
-197.70000000000002
 10
945.6364119375988
 20
-197.70000000000002
 10
945.8863780239656
 20
-197.70000000000002
 10
946.1363441103323
 20
-197.70000000000002
 10
946.3863101966991
 20
-197.70000000000002
 10
946.6362762830659
 20
-197.70000000000002
 10
946.8862423694325
 20
-197.70000000000002
 10
947.1362084557992
 20
-197.70000000000002
 10
947.3861745421659
 20
-197.70000000000002
 10
947.6361406285326
 20
-197.70000000000002
 10
947.8861067148994
 20
-197.70000000000002
 10
948.1360728012661
 20
-197.70000000000002
 10
948.3860388876328
 20
-197.70000000000002
 10
948.6360049739994
 20
-197.70000000000002
 10
948.8859710603663
 20
-197.70000000000002
 10
949.1359371467329
 20
-197.70000000000002
 10
949.3859032330997
 20
-197.70000000000002
 10
949.6358693194663
 20
-197.70000000000002
 10
949.8858354058332
 20
-197.70000000000002
 10
950.1358014921998
 20
-197.70000000000002
 10
950.3857675785665
 20
-197.70000000000002
 10
950.6357336649332
 20
-197.70000000000002
 10
950.8856997513
 20
-197.70000000000002
 10
951.1356658376667
 20
-197.70000000000002
 10
951.3856319240334
 20
-197.70000000000002
 10
951.6355980104001
 20
-197.70000000000002
 10
951.8855640967668
 20
-197.70000000000002
 10
952.1355301831336
 20
-197.70000000000002
 10
952.3854962695003
 20
-197.70000000000002
 10
952.635462355867
 20
-197.70000000000002
 10
952.8854284422337
 20
-197.70000000000002
 10
953.1353945286005
 20
-197.70000000000002
 10
953.3853606149671
 20
-197.70000000000002
 10
953.635326701334
 20
-197.70000000000002
 10
953.8852927877007
 20
-197.70000000000002
 10
954.1352588740674
 20
-197.70000000000002
 10
954.385224960434
 20
-197.70000000000002
 10
954.6351910468009
 20
-197.70000000000002
 10
954.8851571331675
 20
-197.70000000000002
 10
955.1351232195342
 20
-197.70000000000002
 10
955.3850893059009
 20
-197.70000000000002
 10
955.6350553922676
 20
-197.70000000000002
 10
955.8850214786344
 20
-197.70000000000002
 10
956.1349875650011
 20
-197.70000000000002
 10
956.3849536513678
 20
-197.70000000000002
 10
956.6349197377344
 20
-197.70000000000002
 10
956.8848858241013
 20
-197.70000000000002
 10
957.1348519104679
 20
-197.70000000000002
 10
957.3848179968347
 20
-197.70000000000002
 10
957.6347840832013
 20
-197.70000000000002
 10
957.8847501695682
 20
-197.70000000000002
 10
958.1347162559348
 20
-197.70000000000002
 10
958.3846823423015
 20
-197.70000000000002
 10
958.6346484286682
 20
-197.70000000000002
 10
958.884614515035
 20
-197.70000000000002
 10
959.1345806014017
 20
-197.70000000000002
 10
959.3845466877684
 20
-197.70000000000002
 10
959.6345127741351
 20
-197.70000000000002
 10
959.8844788605019
 20
-197.70000000000002
 10
960.1344449468686
 20
-197.70000000000002
 10
960.3844110332353
 20
-197.70000000000002
 10
960.634377119602
 20
-197.70000000000002
 10
960.8843432059688
 20
-197.70000000000002
 10
961.1343092923355
 20
-197.70000000000002
 10
961.3842753787022
 20
-197.70000000000002
 10
961.634241465069
 20
-197.70000000000002
 10
961.8842075514356
 20
-197.70000000000002
 10
962.1341736378024
 20
-197.70000000000002
 10
962.384139724169
 20
-197.70000000000002
 10
962.6341058105359
 20
-197.70000000000002
 10
962.8840718969025
 20
-197.70000000000002
 10
963.1340379832692
 20
-197.70000000000002
 10
963.3840040696359
 20
-197.70000000000002
 10
963.6339701560026
 20
-197.70000000000002
 10
963.8839362423694
 20
-197.70000000000002
 10
964.1339023287361
 20
-197.70000000000002
 10
964.3838684151028
 20
-197.70000000000002
 10
964.6338345014696
 20
-197.70000000000002
 10
964.8838005878363
 20
-197.70000000000002
 10
965.1337666742029
 20
-197.70000000000002
 10
965.3837327605697
 20
-197.70000000000002
 10
965.6336988469363
 20
-197.70000000000002
 10
965.8836649333031
 20
-197.70000000000002
 10
966.1336310196698
 20
-197.70000000000002
 10
966.3835971060366
 20
-197.70000000000002
 10
966.6335631924032
 20
-197.70000000000002
 10
966.8835292787701
 20
-197.70000000000002
 10
967.1334953651367
 20
-197.70000000000002
 10
967.3834614515034
 20
-197.70000000000002
 10
967.6334275378703
 20
-197.70000000000002
 10
967.883393624237
 20
-197.70000000000002
 10
968.1333597106036
 20
-197.70000000000002
 10
968.3833257969703
 20
-197.70000000000002
 10
968.633291883337
 20
-197.70000000000002
 10
968.8832579697038
 20
-197.70000000000002
 10
969.1332240560705
 20
-197.70000000000002
 10
969.3831901424372
 20
-197.70000000000002
 10
969.633156228804
 20
-197.70000000000002
 10
969.8831223151706
 20
-197.70000000000002
 10
970.1330884015374
 20
-197.70000000000002
 10
970.383054487904
 20
-197.70000000000002
 10
970.6330205742709
 20
-197.70000000000002
 10
970.8829866606375
 20
-197.70000000000002
 10
971.1329527470043
 20
-197.70000000000002
 10
971.3829188333709
 20
-197.70000000000002
 10
971.6328849197376
 20
-197.70000000000002
 10
971.8828510061044
 20
-197.70000000000002
 10
972.1328170924711
 20
-197.70000000000002
 10
972.3827831788378
 20
-197.70000000000002
 10
972.6327492652046
 20
-197.70000000000002
 10
972.8827153515713
 20
-197.70000000000002
 10
973.1326814379379
 20
-197.70000000000002
 10
973.3826475243047
 20
-197.70000000000002
 10
973.6326136106715
 20
-197.70000000000002
 10
973.8825796970382
 20
-197.70000000000002
 10
974.1325457834049
 20
-197.70000000000002
 10
974.3825118697716
 20
-197.70000000000002
 10
974.6324779561384
 20
-197.70000000000002
 10
974.882444042505
 20
-197.70000000000002
 10
975.1324101288718
 20
-197.70000000000002
 10
975.3823762152385
 20
-197.70000000000002
 10
975.6323423016051
 20
-197.70000000000002
 10
975.882308387972
 20
-197.70000000000002
 10
976.1322744743386
 20
-197.70000000000002
 10
976.3822405607053
 20
-197.70000000000002
 10
976.632206647072
 20
-197.70000000000002
 10
976.8821727334388
 20
-197.70000000000002
 10
977.1321388198055
 20
-197.70000000000002
 10
977.3821049061722
 20
-197.70000000000002
 10
977.632070992539
 20
-197.70000000000002
 10
977.8820370789057
 20
-197.70000000000002
 10
978.1320031652724
 20
-197.70000000000002
 10
978.381969251639
 20
-197.70000000000002
 10
978.6319353380059
 20
-197.70000000000002
 10
978.8819014243725
 20
-197.70000000000002
 10
979.1318675107393
 20
-197.70000000000002
 10
979.3818335971059
 20
-197.70000000000002
 10
979.6317996834727
 20
-197.70000000000002
 10
979.8817657698394
 20
-197.70000000000002
 10
980.1317318562062
 20
-197.70000000000002
 10
980.3816979425728
 20
-197.70000000000002
 10
980.6316640289397
 20
-197.70000000000002
 10
980.8816301153063
 20
-197.70000000000002
 10
981.1315962016731
 20
-197.70000000000002
 10
981.3815622880397
 20
-197.70000000000002
 10
981.6315283744065
 20
-197.70000000000002
 10
981.8814944607732
 20
-197.70000000000002
 10
982.1314605471399
 20
-197.70000000000002
 10
982.3814266335066
 20
-197.70000000000002
 10
982.6313927198734
 20
-197.70000000000002
 10
982.8813588062401
 20
-197.70000000000002
 10
983.1313248926067
 20
-197.70000000000002
 10
983.3812909789735
 20
-197.70000000000002
 10
983.6312570653402
 20
-197.70000000000002
 10
983.881223151707
 20
-197.70000000000002
 10
984.1311892380737
 20
-197.70000000000002
 10
984.3811553244404
 20
-197.70000000000002
 10
984.631121410807
 20
-197.70000000000002
 10
984.8810874971738
 20
-197.70000000000002
 10
985.1310535835405
 20
-197.70000000000002
 10
985.3810196699072
 20
-197.70000000000002
 10
985.630985756274
 20
-197.70000000000002
 10
985.8809518426407
 20
-197.70000000000002
 10
986.1309179290074
 20
-197.70000000000002
 10
986.380884015374
 20
-197.70000000000002
 10
986.6308501017409
 20
-197.70000000000002
 10
986.8808161881076
 20
-197.70000000000002
 10
987.1307822744743
 20
-197.70000000000002
 10
987.380748360841
 20
-197.70000000000002
 10
987.6307144472078
 20
-197.70000000000002
 10
987.8806805335744
 20
-197.70000000000002
 10
988.1306466199412
 20
-197.70000000000002
 10
988.3806127063078
 20
-197.70000000000002
 10
988.6305787926747
 20
-197.70000000000002
 10
988.8805448790413
 20
-197.70000000000002
 10
989.1305109654081
 20
-197.70000000000002
 10
989.3804770517747
 20
-197.70000000000002
 10
989.6304431381413
 20
-197.70000000000002
 10
989.8804092245082
 20
-197.70000000000002
 10
990.130375310875
 20
-197.70000000000002
 10
990.3803413972416
 20
-197.70000000000002
 10
990.6303074836085
 20
-197.70000000000002
 10
990.8802735699751
 20
-197.70000000000002
 10
991.1302396563417
 20
-197.70000000000002
 10
991.3802057427085
 20
-197.70000000000002
 10
991.6301718290752
 20
-197.70000000000002
 10
991.880137915442
 20
-197.70000000000002
 10
992.1301040018086
 20
-197.70000000000002
 10
992.3800700881754
 20
-197.70000000000002
 10
992.630036174542
 20
-197.70000000000002
 10
992.8800022609089
 20
-197.70000000000002
 10
993.1299683472755
 20
-197.70000000000002
 10
993.3799344336423
 20
-197.70000000000002
 10
993.629900520009
 20
-197.70000000000002
 10
993.8798666063758
 20
-197.70000000000002
 10
994.1298326927424
 20
-197.70000000000002
 10
994.379798779109
 20
-197.70000000000002
 10
994.6297648654759
 20
-197.70000000000002
 10
994.8797309518425
 20
-197.70000000000002
 10
995.1296970382093
 20
-197.70000000000002
 10
995.3796631245759
 20
-197.70000000000002
 10
995.6296292109428
 20
-197.70000000000002
 10
995.8795952973094
 20
-197.70000000000002
 10
996.1295613836762
 20
-197.70000000000002
 10
996.3795274700428
 20
-197.70000000000002
 10
996.6294935564097
 20
-197.70000000000002
 10
996.8794596427763
 20
-197.70000000000002
 10
997.1294257291431
 20
-197.70000000000002
 10
997.3793918155097
 20
-197.70000000000002
 10
997.6293579018766
 20
-197.70000000000002
 10
997.8793239882432
 20
-197.70000000000002
 10
998.12929007461
 20
-197.70000000000002
 10
998.3792561609766
 20
-197.70000000000002
 10
998.6292222473435
 20
-197.70000000000002
 10
998.8791883337101
 20
-197.70000000000002
 10
999.1291544200769
 20
-197.70000000000002
 10
999.3791205064435
 20
-197.70000000000002
 10
999.6290865928102
 20
-197.70000000000002
 10
999.879052679177
 20
-197.70000000000002
 10
1000.1290187655436
 20
-197.70000000000002
 10
1000.3789848519104
 20
-197.70000000000002
 10
1000.6289509382771
 20
-197.70000000000002
 10
1000.8789170246439
 20
-197.70000000000002
 10
1001.1288831110105
 20
-197.70000000000002
 10
1001.3788491973773
 20
-197.70000000000002
 10
1001.628815283744
 20
-197.70000000000002
 10
1001.8787813701108
 20
-197.70000000000002
 10
1002.1287474564774
 20
-197.70000000000002
 10
1002.3787135428443
 20
-197.70000000000002
 10
1002.6286796292109
 20
-197.70000000000002
 10
1002.8786457155775
 20
-197.70000000000002
 10
1003.1286118019443
 20
-197.70000000000002
 10
1003.3785778883112
 20
-197.70000000000002
 10
1003.6285439746778
 20
-197.70000000000002
 10
1003.8785100610446
 20
-197.70000000000002
 10
1004.1284761474112
 20
-197.70000000000002
 10
1004.3784422337778
 20
-197.70000000000002
 10
1004.6284083201447
 20
-197.70000000000002
 10
1004.8783744065113
 20
-197.70000000000002
 10
1005.1283404928781
 20
-197.70000000000002
 10
1005.3783065792447
 20
-197.70000000000002
 10
1005.6282726656116
 20
-197.70000000000002
 10
1005.8782387519782
 20
-197.70000000000002
 10
1006.128204838345
 20
-197.70000000000002
 10
1006.3781709247116
 20
-197.70000000000002
 10
1006.6281370110785
 20
-197.70000000000002
 10
1006.8781030974451
 20
-197.70000000000002
 10
1007.1280691838119
 20
-197.70000000000002
 10
1007.3780352701785
 20
-197.70000000000002
 10
1007.6280013565452
 20
-197.70000000000002
 10
1007.877967442912
 20
-197.70000000000002
 10
1008.1279335292786
 20
-197.70000000000002
 10
1008.3778996156454
 20
-197.70000000000002
 10
1008.6278657020121
 20
-197.70000000000002
 10
1008.8778317883789
 20
-197.70000000000002
 10
1009.1277978747455
 20
-197.70000000000002
 10
1009.3777639611124
 20
-197.70000000000002
 10
1009.627730047479
 20
-197.70000000000002
 10
1009.8776961338458
 20
-197.70000000000002
 10
1010.1276622202124
 20
-197.70000000000002
 10
1010.3776283065793
 20
-197.70000000000002
 10
1010.6275943929459
 20
-197.70000000000002
 10
1010.8775604793127
 20
-197.70000000000002
 10
1011.1275265656793
 20
-197.70000000000002
 10
1011.3774926520462
 20
-197.70000000000002
 10
1011.6274587384128
 20
-197.70000000000002
 10
1011.8774248247796
 20
-197.70000000000002
 10
1012.1273909111462
 20
-197.70000000000002
 10
1012.3773569975131
 20
-197.70000000000002
 10
1012.6273230838797
 20
-197.70000000000002
 10
1012.8772891702463
 20
-197.70000000000002
 10
1013.1272552566131
 20
-197.70000000000002
 10
1013.3772213429797
 20
-197.70000000000002
 10
1013.6271874293466
 20
-197.70000000000002
 10
1013.8771535157132
 20
-197.70000000000002
 10
1014.12711960208
 20
-197.70000000000002
 10
1014.3770856884466
 20
-197.70000000000002
 10
1014.6270517748135
 20
-197.70000000000002
 10
1014.8770178611801
 20
-197.70000000000002
 10
1015.1269839475469
 20
-197.70000000000002
 10
1015.3769500339135
 20
-197.70000000000002
 10
1015.6269161202804
 20
-197.70000000000002
 10
1015.876882206647
 20
-197.70000000000002
 10
1016.1268482930136
 20
-197.70000000000002
 10
1016.3768143793804
 20
-197.70000000000002
 10
1016.6267804657473
 20
-197.70000000000002
 10
1016.8767465521139
 20
-197.70000000000002
 10
1017.1267126384807
 20
-197.70000000000002
 10
1017.3766787248474
 20
-197.70000000000002
 10
1017.626644811214
 20
-197.70000000000002
 10
1017.8766108975808
 20
-197.70000000000002
 10
1018.1265769839474
 20
-197.70000000000002
 10
1018.3765430703143
 20
-197.70000000000002
 10
1018.6265091566809
 20
-197.70000000000002
 10
1018.8764752430477
 20
-197.70000000000002
 10
1019.1264413294143
 20
-197.70000000000002
 10
1019.3764074157812
 20
-197.70000000000002
 10
1019.6263735021478
 20
-197.70000000000002
 10
1019.8763395885146
 20
-197.70000000000002
 10
1020.1263056748812
 20
-197.70000000000002
 10
1020.3762717612481
 20
-197.70000000000002
 10
1020.6262378476147
 20
-197.70000000000002
 10
1020.8762039339813
 20
-197.70000000000002
 10
1021.1261700203481
 20
-197.70000000000002
 10
1021.3761361067147
 20
-197.70000000000002
 10
1021.6261021930816
 20
-197.70000000000002
 10
1021.8760682794482
 20
-197.70000000000002
 10
1022.126034365815
 20
-197.70000000000002
 10
1022.3760004521816
 20
-197.70000000000002
 10
1022.6259665385485
 20
-197.70000000000002
 10
1022.8759326249151
 20
-197.70000000000002
 10
1023.1258987112819
 20
-197.70000000000002
 10
1023.3758647976485
 20
-197.70000000000002
 10
1023.6258308840154
 20
-197.70000000000002
 10
1023.875796970382
 20
-197.70000000000002
 10
1024.1257630567488
 20
-197.70000000000002
 10
1024.3757291431154
 20
-197.70000000000002
 10
1024.6256952294823
 20
-197.70000000000002
 10
1024.875661315849
 20
-197.70000000000002
 10
1025.1256274022157
 20
-197.70000000000002
 10
1025.3755934885824
 20
-197.70000000000002
 10
1025.6255595749492
 20
-197.70000000000002
 10
1025.8755256613158
 20
-197.70000000000002
 10
1026.1254917476824
 20
-197.70000000000002
 10
1026.3754578340493
 20
-197.70000000000002
 10
1026.6254239204159
 20
-197.70000000000002
 10
1026.8753900067827
 20
-197.70000000000002
 10
1027.1253560931493
 20
-197.70000000000002
 10
1027.3753221795162
 20
-197.70000000000002
 10
1027.6252882658828
 20
-197.70000000000002
 10
1027.8752543522496
 20
-197.70000000000002
 10
1028.1252204386162
 20
-197.70000000000002
 10
1028.375186524983
 20
-197.70000000000002
 10
1028.6251526113497
 20
-197.70000000000002
 10
1028.8751186977165
 20
-197.70000000000002
 10
1029.1250847840831
 20
-197.70000000000002
 10
1029.3750508704497
 20
-197.70000000000002
 10
1029.6250169568166
 20
-197.70000000000002
 10
1029.8749830431834
 20
-197.70000000000002
 10
1030.12494912955
 20
-197.70000000000002
 10
1030.3749152159169
 20
-197.70000000000002
 10
1030.6248813022835
 20
-197.70000000000002
 10
1030.8748473886503
 20
-197.70000000000002
 10
1031.124813475017
 20
-197.70000000000002
 10
1031.3747795613838
 20
-197.70000000000002
 10
1031.6247456477504
 20
-197.70000000000002
 10
1031.874711734117
 20
-197.70000000000002
 10
1032.1246778204838
 20
-197.70000000000002
 10
1032.3746439068505
 20
-197.70000000000002
 10
1032.6246099932173
 20
-197.70000000000002
 10
1032.874576079584
 20
-197.70000000000002
 10
1033.1245421659507
 20
-197.70000000000002
 10
1033.3745082523174
 20
-197.70000000000002
 10
1033.6244743386842
 20
-197.70000000000002
 10
1033.8744404250508
 20
-197.70000000000002
 10
1034.1244065114176
 20
-197.70000000000002
 10
1034.3743725977843
 20
-197.70000000000002
 10
1034.624338684151
 20
-197.70000000000002
 10
1034.8743047705177
 20
-197.70000000000002
 10
1035.1242708568843
 20
-197.70000000000002
 10
1035.3742369432512
 20
-197.70000000000002
 10
1035.6242030296178
 20
-197.70000000000002
 10
1035.8741691159846
 20
-197.70000000000002
 10
1036.1241352023512
 20
-197.70000000000002
 10
1036.374101288718
 20
-197.70000000000002
 10
1036.6240673750847
 20
-197.70000000000002
 10
1036.8740334614515
 20
-197.70000000000002
 10
1037.1239995478181
 20
-197.70000000000002
 10
1037.373965634185
 20
-197.70000000000002
 10
1037.6239317205516
 20
-197.70000000000002
 10
1037.8738978069184
 20
-197.70000000000002
 10
1038.123863893285
 20
-197.70000000000002
 10
1038.3738299796516
 20
-197.70000000000002
 10
1038.6237960660185
 20
-197.70000000000002
 10
1038.873762152385
 20
-197.70000000000002
 10
1039.123728238752
 20
-197.70000000000002
 10
1039.3736943251185
 20
-197.70000000000002
 10
1039.6236604114854
 20
-197.70000000000002
 10
1039.873626497852
 20
-197.70000000000002
 10
1040.1235925842188
 20
-197.70000000000002
 10
1040.3735586705855
 20
-197.70000000000002
 10
1040.6235247569523
 20
-197.70000000000002
 10
1040.873490843319
 20
-197.70000000000002
 10
1041.1234569296857
 20
-197.70000000000002
 10
1041.3734230160524
 20
-197.70000000000002
 10
1041.623389102419
 20
-197.70000000000002
 10
1041.8733551887858
 20
-197.70000000000002
 10
1042.1233212751524
 20
-197.70000000000002
 10
1042.3732873615193
 20
-197.70000000000002
 10
1042.6232534478859
 20
-197.70000000000002
 10
1042.8732195342527
 20
-197.70000000000002
 10
1043.1231856206196
 20
-197.70000000000002
 10
1043.3731517069862
 20
-197.70000000000002
 10
1043.623117793353
 20
-197.70000000000002
 10
1043.8730838797196
 20
-197.70000000000002
 10
1044.1230499660865
 20
-197.70000000000002
 10
1044.373016052453
 20
-197.70000000000002
 10
1044.6229821388197
 20
-197.70000000000002
 10
1044.8729482251865
 20
-197.70000000000002
 10
1045.1229143115531
 20
-197.70000000000002
 10
1045.37288039792
 20
-197.70000000000002
 10
1045.6228464842866
 20
-197.70000000000002
 10
1045.8728125706534
 20
-197.70000000000002
 10
1046.12277865702
 20
-197.70000000000002
 10
1046.3727447433869
 20
-197.70000000000002
 10
1046.6227108297535
 20
-197.70000000000002
 10
1046.8726769161203
 20
-197.70000000000002
 10
1047.122643002487
 20
-197.70000000000002
 10
1047.3726090888538
 20
-197.70000000000002
 10
1047.6225751752204
 20
-197.70000000000002
 10
1047.872541261587
 20
-197.70000000000002
 10
1048.1225073479538
 20
-197.70000000000002
 10
1048.3724734343205
 20
-197.70000000000002
 10
1048.6224395206873
 20
-197.70000000000002
 10
1048.872405607054
 20
-197.70000000000002
 10
1049.1223716934207
 20
-197.70000000000002
 10
1049.3723377797874
 20
-197.70000000000002
 10
1049.6223038661542
 20
-197.70000000000002
 10
1049.8722699525208
 20
-197.70000000000002
 10
1050.1222360388876
 20
-197.70000000000002
 10
1050.3722021252543
 20
-197.70000000000002
 10
1050.622168211621
 20
-197.70000000000002
 10
1050.8721342979877
 20
-197.70000000000002
 10
1051.1221003843546
 20
-197.70000000000002
 10
1051.3720664707212
 20
-197.70000000000002
 10
1051.6220325570878
 20
-197.70000000000002
 10
1051.8719986434546
 20
-197.70000000000002
 10
1052.1219647298212
 20
-197.70000000000002
 10
1052.371930816188
 20
-197.70000000000002
 10
1052.6218969025547
 20
-197.70000000000002
 10
1052.8718629889215
 20
-197.70000000000002
 10
1053.1218290752881
 20
-197.70000000000002
 10
1053.371795161655
 20
-197.70000000000002
 10
1053.6217612480216
 20
-197.70000000000002
 10
1053.8717273343884
 20
-197.70000000000002
 10
1054.121693420755
 20
-197.70000000000002
 10
1054.3716595071219
 20
-197.70000000000002
 10
1054.6216255934885
 20
-197.70000000000002
 10
1054.871591679855
 20
-197.70000000000002
 10
1055.121557766222
 20
-197.70000000000002
 10
1055.3715238525886
 20
-197.70000000000002
 10
1055.6214899389554
 20
-197.70000000000002
 10
1055.871456025322
 20
-197.70000000000002
 10
1056.1214221116888
 20
-197.70000000000002
 10
1056.3713881980557
 20
-197.70000000000002
 10
1056.6213542844223
 20
-197.70000000000002
 10
1056.8713203707891
 20
-197.70000000000002
 10
1057.1212864571557
 20
-197.70000000000002
 10
1057.3712525435226
 20
-197.70000000000002
 10
1057.6212186298892
 20
-197.70000000000002
 10
1057.8711847162558
 20
-197.70000000000002
 10
1058.1211508026227
 20
-197.70000000000002
 10
1058.3711168889893
 20
-197.70000000000002
 10
1058.621082975356
 20
-197.70000000000002
 10
1058.8710490617227
 20
-197.70000000000002
 10
1059.1210151480896
 20
-197.70000000000002
 10
1059.3709812344562
 20
-197.70000000000002
 10
1059.620947320823
 20
-197.70000000000002
 10
1059.8709134071896
 20
-197.70000000000002
 10
1060.1208794935565
 20
-197.70000000000002
 10
1060.370845579923
 20
-197.70000000000002
 10
1060.62081166629
 20
-197.70000000000002
 10
1060.8707777526565
 20
-197.70000000000002
 10
1061.1207438390231
 20
-197.70000000000002
 10
1061.37070992539
 20
-197.70000000000002
 10
1061.6206760117566
 20
-197.70000000000002
 10
1061.8706420981234
 20
-197.70000000000002
 10
1062.12060818449
 20
-197.70000000000002
 10
1062.3705742708569
 20
-197.70000000000002
 10
1062.6205403572235
 20
-197.70000000000002
 10
1062.8705064435903
 20
-197.70000000000002
 10
1063.120472529957
 20
-197.70000000000002
 10
1063.3704386163238
 20
-197.70000000000002
 10
1063.6204047026904
 20
-197.70000000000002
 10
1063.8703707890572
 20
-197.70000000000002
 10
1064.1203368754238
 20
-197.70000000000002
 10
1064.3703029617905
 20
-197.70000000000002
 10
1064.6202690481573
 20
-197.70000000000002
 10
1064.870235134524
 20
-197.70000000000002
 10
1065.1202012208907
 20
-197.70000000000002
 10
1065.3701673072574
 20
-197.70000000000002
 10
1065.6201333936242
 20
-197.70000000000002
 10
1065.8700994799908
 20
-197.70000000000002
 10
1066.1200655663577
 20
-197.70000000000002
 10
1066.3700316527243
 20
-197.70000000000002
 10
1066.619997739091
 20
-197.70000000000002
 10
1066.8699638254577
 20
-197.70000000000002
 10
1067.1199299118246
 20
-197.70000000000002
 10
1067.3698959981912
 20
-197.70000000000002
 10
1067.6198620845578
 20
-197.70000000000002
 10
1067.8698281709246
 20
-197.70000000000002
 10
1068.1197942572912
 20
-197.70000000000002
 10
1068.369760343658
 20
-197.70000000000002
 10
1068.6197264300247
 20
-197.70000000000002
 10
1068.8696925163915
 20
-197.70000000000002
 10
1069.1196586027581
 20
-197.70000000000002
 10
1069.369624689125
 20
-197.70000000000002
 10
1069.6195907754918
 20
-197.70000000000002
 10
1069.8695568618584
 20
-197.70000000000002
 10
1070.1195229482253
 20
-197.70000000000002
 10
1070.3694890345919
 20
-197.70000000000002
 10
1070.6194551209587
 20
-197.70000000000002
 10
1070.8694212073253
 20
-197.70000000000002
 10
1071.119387293692
 20
-197.70000000000002
 10
1071.3693533800588
 20
-197.70000000000002
 10
1071.6193194664254
 20
-197.70000000000002
 10
1071.8692855527922
 20
-197.70000000000002
 10
1072.1192516391588
 20
-197.70000000000002
 10
1072.3692177255257
 20
-197.70000000000002
 10
1072.6191838118923
 20
-197.70000000000002
 10
1072.8691498982591
 20
-197.70000000000002
 10
1073.1191159846258
 20
-197.70000000000002
 10
1073.3690820709926
 20
-197.70000000000002
 10
1073.6190481573592
 20
-197.70000000000002
 10
1073.869014243726
 20
-197.70000000000002
 10
1074.1189803300927
 20
-197.70000000000002
 10
1074.3689464164593
 20
-197.70000000000002
 10
1074.618912502826
 20
-197.70000000000002
 10
1074.8688785891927
 20
-197.70000000000002
 10
1075.1188446755596
 20
-197.70000000000002
 10
1075.3688107619262
 20
-197.70000000000002
 10
1075.618776848293
 20
-197.70000000000002
 10
1075.8687429346596
 20
-197.70000000000002
 10
1076.1187090210265
 20
-197.70000000000002
 10
1076.368675107393
 20
-197.70000000000002
 10
1076.61864119376
 20
-197.70000000000002
 10
1076.8686072801265
 20
-197.70000000000002
 10
1077.1185733664934
 20
-197.70000000000002
 10
1077.36853945286
 20
-197.70000000000002
 10
1077.6185055392266
 20
-197.70000000000002
 10
1077.8684716255934
 20
-197.70000000000002
 10
1078.11843771196
 20
-197.70000000000002
 10
1078.3684037983269
 20
-197.70000000000002
 10
1078.6183698846935
 20
-197.70000000000002
 10
1078.8683359710603
 20
-197.70000000000002
 10
1079.118302057427
 20
-197.70000000000002
 10
1079.3682681437938
 20
-197.70000000000002
 10
1079.6182342301604
 20
-197.70000000000002
 10
1079.8682003165272
 20
-197.70000000000002
 10
1080.1181664028938
 20
-197.70000000000002
 10
1080.3681324892607
 20
-197.70000000000002
 10
1080.6180985756273
 20
-197.70000000000002
 10
1080.868064661994
 20
-197.70000000000002
 10
1081.1180307483608
 20
-197.70000000000002
 10
1081.3679968347274
 20
-197.70000000000002
 10
1081.6179629210942
 20
-197.70000000000002
 10
1081.8679290074608
 20
-197.70000000000002
 10
1082.1178950938277
 20
-197.70000000000002
 10
1082.3678611801943
 20
-197.70000000000002
 10
1082.617827266561
 20
-197.70000000000002
 10
1082.8677933529277
 20
-197.70000000000002
 10
1083.1177594392946
 20
-197.70000000000002
 10
1083.3677255256614
 20
-197.70000000000002
 10
1083.617691612028
 20
-197.70000000000002
 10
1083.8676576983949
 20
-197.70000000000002
 10
1084.1176237847615
 20
-197.70000000000002
 10
1084.367589871128
 20
-197.70000000000002
 10
1084.617555957495
 20
-197.70000000000002
 10
1084.8675220438615
 20
-197.70000000000002
 10
1085.1174881302284
 20
-197.70000000000002
 10
1085.367454216595
 20
-197.70000000000002
 10
1085.6174203029618
 20
-197.70000000000002
 10
1085.8673863893284
 20
-197.70000000000002
 10
1086.1173524756953
 20
-197.70000000000002
 10
1086.3673185620619
 20
-197.70000000000002
 10
1086.6172846484287
 20
-197.70000000000002
 10
1086.8672507347953
 20
-197.70000000000002
 10
1087.1172168211622
 20
-197.70000000000002
 10
1087.3671829075288
 20
-197.70000000000002
 10
1087.6171489938954
 20
-197.70000000000002
 10
1087.8671150802622
 20
-197.70000000000002
 10
1088.1170811666289
 20
-197.70000000000002
 10
1088.3670472529957
 20
-197.70000000000002
 10
1088.6170133393623
 20
-197.70000000000002
 10
1088.8669794257291
 20
-197.70000000000002
 10
1089.1169455120958
 20
-197.70000000000002
 10
1089.3669115984626
 20
-197.70000000000002
 10
1089.6168776848292
 20
-197.70000000000002
 10
1089.866843771196
 20
-197.70000000000002
 10
1090.1168098575627
 20
-197.70000000000002
 10
1090.3667759439295
 20
-197.70000000000002
 10
1090.616742030296
 20
-197.70000000000002
 10
1090.8667081166627
 20
-197.70000000000002
 10
1091.1166742030296
 20
-197.70000000000002
 10
1091.3666402893962
 20
-197.70000000000002
 10
1091.616606375763
 20
-197.70000000000002
 10
1091.8665724621296
 20
-197.70000000000002
 10
1092.1165385484965
 20
-197.70000000000002
 10
1092.366504634863
 20
-197.70000000000002
 10
1092.61647072123
 20
-197.70000000000002
 10
1092.8664368075965
 20
-197.70000000000002
 10
1093.1164028939634
 20
-197.70000000000002
 10
1093.36636898033
 20
-197.70000000000002
 10
1093.6163350666968
 20
-197.70000000000002
 10
1093.8663011530634
 20
-197.70000000000002
 10
1094.11626723943
 20
-197.70000000000002
 10
1094.3662333257969
 20
-197.70000000000002
 10
1094.6161994121635
 20
-197.70000000000002
 10
1094.8661654985303
 20
-197.70000000000002
 10
1095.116131584897
 20
-197.70000000000002
 10
1095.3660976712638
 20
-197.70000000000002
 10
1095.6160637576304
 20
-197.70000000000002
 10
1095.8660298439972
 20
-197.70000000000002
 10
1096.1159959303639
 20
-197.70000000000002
 10
1096.3659620167307
 20
-197.70000000000002
 10
1096.6159281030975
 20
-197.70000000000002
 10
1096.8658941894641
 20
-197.70000000000002
 10
1097.115860275831
 20
-197.70000000000002
 10
1097.3658263621976
 20
-197.70000000000002
 10
1097.6157924485642
 20
-197.70000000000002
 10
1097.865758534931
 20
-197.70000000000002
 10
1098.1157246212977
 20
-197.70000000000002
 10
1098.3656907076645
 20
-197.70000000000002
 10
1098.615656794031
 20
-197.70000000000002
 10
1098.865622880398
 20
-197.70000000000002
 10
1099.1155889667646
 20
-197.70000000000002
 10
1099.3655550531314
 20
-197.70000000000002
 10
1099.615521139498
 20
-197.70000000000002
 10
1099.8654872258649
 20
-197.70000000000002
 10
1100.1154533122315
 20
-197.70000000000002
 10
1100.3654193985983
 20
-197.70000000000002
 10
1100.615385484965
 20
-197.70000000000002
 10
1100.8653515713315
 20
-197.70000000000002
 10
1101.1153176576984
 20
-197.70000000000002
 10
1101.365283744065
 20
-197.70000000000002
 10
1101.6152498304318
 20
-197.70000000000002
 10
1101.8652159167984
 20
-197.70000000000002
 10
1102.1151820031653
 20
-197.70000000000002
 10
1102.3651480895319
 20
-197.70000000000002
 10
1102.6151141758987
 20
-197.70000000000002
 10
1102.8650802622653
 20
-197.70000000000002
 10
1103.1150463486322
 20
-197.70000000000002
 10
1103.3650124349988
 20
-197.70000000000002
 10
1103.6149785213656
 20
-197.70000000000002
 10
1103.8649446077322
 20
-197.70000000000002
 10
1104.1149106940989
 20
-197.70000000000002
 10
1104.3648767804657
 20
-197.70000000000002
 10
1104.6148428668323
 20
-197.70000000000002
 10
1104.8648089531991
 20
-197.70000000000002
 10
1105.1147750395658
 20
-197.70000000000002
 10
1105.3647411259326
 20
-197.70000000000002
 10
1105.6147072122992
 20
-197.70000000000002
 10
1105.864673298666
 20
-197.70000000000002
 10
1106.1146393850327
 20
-197.70000000000002
 10
1106.3646054713995
 20
-197.70000000000002
 10
1106.614571557766
 20
-197.70000000000002
 10
1106.864537644133
 20
-197.70000000000002
 10
1107.1145037304996
 20
-197.70000000000002
 10
1107.3644698168662
 20
-197.70000000000002
 10
1107.614435903233
 20
-197.70000000000002
 10
1107.8644019895996
 20
-197.70000000000002
 10
1108.1143680759665
 20
-197.70000000000002
 10
1108.364334162333
 20
-197.70000000000002
 10
1108.6143002487
 20
-197.70000000000002
 10
1108.8642663350665
 20
-197.70000000000002
 10
1109.1142324214334
 20
-197.70000000000002
 10
1109.3641985078
 20
-197.70000000000002
 10
1109.6141645941668
 20
-197.70000000000002
 10
1109.8641306805337
 20
-197.70000000000002
 10
1110.1140967669003
 20
-197.70000000000002
 10
1110.3640628532671
 20
-197.70000000000002
 10
1110.6140289396337
 20
-197.70000000000002
 10
1110.8639950260003
 20
-197.70000000000002
 10
1111.1139611123672
 20
-197.70000000000002
 10
1111.3639271987338
 20
-197.70000000000002
 10
1111.6138932851006
 20
-197.70000000000002
 10
1111.8638593714672
 20
-197.70000000000002
 10
1112.113825457834
 20
-197.70000000000002
 10
1112.3637915442007
 20
-197.70000000000002
 10
1112.6137576305675
 20
-197.70000000000002
 10
1112.8637237169341
 20
-197.70000000000002
 10
1113.113689803301
 20
-197.70000000000002
 10
1113.3636558896676
 20
-197.70000000000002
 10
1113.6136219760344
 20
-197.70000000000002
 10
1113.863588062401
 20
-197.70000000000002
 10
1114.1135541487677
 20
-197.70000000000002
 10
1114.3635202351345
 20
-197.70000000000002
 10
1114.6134863215011
 20
-197.70000000000002
 10
1114.863452407868
 20
-197.70000000000002
 10
1115.1134184942346
 20
-197.70000000000002
 10
1115.3633845806014
 20
-197.70000000000002
 10
1115.613350666968
 20
-197.70000000000002
 10
1115.8633167533349
 20
-197.70000000000002
 10
1116.1132828397015
 20
-197.70000000000002
 10
1116.3632489260683
 20
-197.70000000000002
 10
1116.613215012435
 20
-197.70000000000002
 10
1116.8631810988018
 20
-197.70000000000002
 10
1117.1131471851684
 20
-197.70000000000002
 10
1117.363113271535
 20
-197.70000000000002
 10
1117.6130793579018
 20
-197.70000000000002
 10
1117.8630454442684
 20
-197.70000000000002
 10
1118.1130115306353
 20
-197.70000000000002
 10
1118.362977617002
 20
-197.70000000000002
 10
1118.6129437033687
 20
-197.70000000000002
 10
1118.8629097897353
 20
-197.70000000000002
 10
1119.1128758761022
 20
-197.70000000000002
 10
1119.3628419624688
 20
-197.70000000000002
 10
1119.6128080488356
 20
-197.70000000000002
 10
1119.8627741352022
 20
-197.70000000000002
 10
1120.112740221569
 20
-197.70000000000002
 10
1120.3627063079357
 20
-197.70000000000002
 10
1120.6126723943023
 20
-197.70000000000002
 10
1120.8626384806691
 20
-197.70000000000002
 10
1121.1126045670358
 20
-197.70000000000002
 10
1121.3625706534026
 20
-197.70000000000002
 10
1121.6125367397692
 20
-197.70000000000002
 10
1121.862502826136
 20
-197.70000000000002
 10
1122.1124689125027
 20
-197.70000000000002
 10
1122.3624349988695
 20
-197.70000000000002
 10
1122.6124010852361
 20
-197.70000000000002
 10
1122.862367171603
 20
-197.70000000000002
 10
1123.1123332579698
 20
-197.70000000000002
 10
1123.3622993443364
 20
-197.70000000000002
 10
1123.612265430703
 20
-197.70000000000002
 10
1123.8622315170699
 20
-197.70000000000002
 10
1124.1121976034365
 20
-197.70000000000002
 10
1124.3621636898033
 20
-197.70000000000002
 10
1124.61212977617
 20
-197.70000000000002
 10
1124.8620958625368
 20
-197.70000000000002
 10
1125.1120619489034
 20
-197.70000000000002
 10
1125.3620280352702
 20
-197.70000000000002
 10
1125.6119941216368
 20
-197.70000000000002
 10
1125.8619602080037
 20
-197.70000000000002
 10
1126.1119262943703
 20
-197.70000000000002
 10
1126.3618923807371
 20
-197.70000000000002
 10
1126.6118584671037
 20
-197.70000000000002
 10
1126.8618245534703
 20
-197.70000000000002
 10
1127.1117906398372
 20
-197.70000000000002
 10
1127.3617567262038
 20
-197.70000000000002
 10
1127.6117228125706
 20
-197.70000000000002
 10
1127.8616888989372
 20
-197.70000000000002
 10
1128.111654985304
 20
-197.70000000000002
 10
1128.3616210716707
 20
-197.70000000000002
 10
1128.6115871580375
 20
-197.70000000000002
 10
1128.8615532444041
 20
-197.70000000000002
 10
1129.111519330771
 20
-197.70000000000002
 10
1129.3614854171376
 20
-197.70000000000002
 10
1129.6114515035044
 20
-197.70000000000002
 10
1129.861417589871
 20
-197.70000000000002
 10
1130.1113836762377
 20
-197.70000000000002
 10
1130.3613497626045
 20
-197.70000000000002
 10
1130.6113158489711
 20
-197.70000000000002
 10
1130.861281935338
 20
-197.70000000000002
 10
1131.1112480217046
 20
-197.70000000000002
 10
1131.3612141080714
 20
-197.70000000000002
 10
1131.611180194438
 20
-197.70000000000002
 10
1131.8611462808049
 20
-197.70000000000002
 10
1132.1111123671715
 20
-197.70000000000002
 10
1132.3610784535383
 20
-197.70000000000002
 10
1132.611044539905
 20
-197.70000000000002
 10
1132.8610106262718
 20
-197.70000000000002
 10
1133.1109767126384
 20
-197.70000000000002
 10
1133.3609427990052
 20
-197.70000000000002
 10
1133.6109088853718
 20
-197.70000000000002
 10
1133.8608749717384
 20
-197.70000000000002
 10
1134.1108410581053
 20
-197.70000000000002
 10
1134.360807144472
 20
-197.70000000000002
 10
1134.6107732308387
 20
-197.70000000000002
 10
1134.8607393172053
 20
-197.70000000000002
 10
1135.1107054035722
 20
-197.70000000000002
 10
1135.3606714899388
 20
-197.70000000000002
 10
1135.6106375763056
 20
-197.70000000000002
 10
1135.8606036626722
 20
-197.70000000000002
 10
1136.110569749039
 20
-197.70000000000002
 10
1136.360535835406
 20
-197.70000000000002
 10
1136.6105019217725
 20
-197.70000000000002
 10
1136.8604680081392
 20
-197.70000000000002
 10
1137.110434094506
 20
-197.70000000000002
 10
1137.3604001808726
 20
-197.70000000000002
 10
1137.6103662672394
 20
-197.70000000000002
 10
1137.860332353606
 20
-197.70000000000002
 10
1138.110298439973
 20
-197.70000000000002
 10
1138.3602645263395
 20
-197.70000000000002
 10
1138.6102306127063
 20
-197.70000000000002
 10
1138.860196699073
 20
-197.70000000000002
 10
1139.1101627854398
 20
-197.70000000000002
 10
1139.3601288718064
 20
-197.70000000000002
 10
1139.6100949581732
 20
-197.70000000000002
 10
1139.8600610445399
 20
-197.70000000000002
 10
1140.1100271309065
 20
-197.70000000000002
 10
1140.3599932172733
 20
-197.70000000000002
 10
1140.60995930364
 20
-197.70000000000002
 10
1140.8599253900068
 20
-197.70000000000002
 10
1141.1098914763734
 20
-197.70000000000002
 10
1141.3598575627402
 20
-197.70000000000002
 10
1141.6098236491068
 20
-197.70000000000002
 10
1141.8597897354737
 20
-197.70000000000002
 10
1142.1097558218403
 20
-197.70000000000002
 10
1142.3597219082071
 20
-197.70000000000002
 10
1142.6096879945737
 20
-197.70000000000002
 10
1142.8596540809406
 20
-197.70000000000002
 10
1143.1096201673072
 20
-197.70000000000002
 10
1143.3595862536738
 20
-197.70000000000002
 10
1143.6095523400406
 20
-197.70000000000002
 10
1143.8595184264072
 20
-197.70000000000002
 10
1144.109484512774
 20
-197.70000000000002
 10
1144.3594505991407
 20
-197.70000000000002
 10
1144.6094166855075
 20
-197.70000000000002
 10
1144.8593827718742
 20
-197.70000000000002
 10
1145.109348858241
 20
-197.70000000000002
 10
1145.3593149446076
 20
-197.70000000000002
 10
1145.6092810309744
 20
-197.70000000000002
 10
1145.859247117341
 20
-197.70000000000002
 10
1146.109213203708
 20
-197.70000000000002
 10
1146.3591792900745
 20
-197.70000000000002
 10
1146.6091453764411
 20
-197.70000000000002
 10
1146.859111462808
 20
-197.70000000000002
 10
1147.1090775491746
 20
-197.70000000000002
 10
1147.3590436355414
 20
-197.70000000000002
 10
1147.609009721908
 20
-197.70000000000002
 10
1147.8589758082749
 20
-197.70000000000002
 10
1148.1089418946415
 20
-197.70000000000002
 10
1148.3589079810083
 20
-197.70000000000002
 10
1148.608874067375
 20
-197.70000000000002
 10
1148.8588401537418
 20
-197.70000000000002
 10
1149.1088062401084
 20
-197.70000000000002
 10
1149.3587723264752
 20
-197.70000000000002
 10
1149.608738412842
 20
-197.70000000000002
 10
1149.8587044992084
 20
-197.70000000000002
 10
1150.1086705855753
 20
-197.70000000000002
 10
1150.3586366719421
 20
-197.70000000000002
 10
1150.6086027583087
 20
-197.70000000000002
 10
1150.8585688446756
 20
-197.70000000000002
 10
1151.1085349310422
 20
-197.70000000000002
 10
1151.358501017409
 20
-197.70000000000002
 10
1151.6084671037756
 20
-197.70000000000002
 10
1151.8584331901425
 20
-197.70000000000002
 10
1152.108399276509
 20
-197.70000000000002
 10
1152.358365362876
 20
-197.70000000000002
 10
1152.6083314492425
 20
-197.70000000000002
 10
1152.8582975356094
 20
-197.70000000000002
 10
1153.108263621976
 20
-197.70000000000002
 10
1153.3582297083426
 20
-197.70000000000002
 10
1153.6081957947094
 20
-197.70000000000002
 10
1153.858161881076
 20
-197.70000000000002
 10
1154.108127967443
 20
-197.70000000000002
 10
1154.3580940538095
 20
-197.70000000000002
 10
1154.6080601401763
 20
-197.70000000000002
 10
1154.858026226543
 20
-197.70000000000002
 10
1155.1079923129098
 20
-197.70000000000002
 10
1155.3579583992764
 20
-197.70000000000002
 10
1155.6079244856433
 20
-197.70000000000002
 10
1155.8578905720099
 20
-197.70000000000002
 10
1156.1078566583767
 20
-197.70000000000002
 10
1156.3578227447433
 20
-197.70000000000002
 10
1156.60778883111
 20
-197.70000000000002
 10
1156.8577549174768
 20
-197.70000000000002
 10
1157.1077210038434
 20
-197.70000000000002
 10
1157.3576870902102
 20
-197.70000000000002
 10
1157.6076531765768
 20
-197.70000000000002
 10
1157.8576192629437
 20
-197.70000000000002
 10
1158.1075853493103
 20
-197.70000000000002
 10
1158.3575514356771
 20
-197.70000000000002
 10
1158.6075175220437
 20
-197.70000000000002
 10
1158.8574836084106
 20
-197.70000000000002
 10
1159.1074496947772
 20
-197.70000000000002
 10
1159.357415781144
 20
-197.70000000000002
 10
1159.6073818675106
 20
-197.70000000000002
 10
1159.8573479538773
 20
-197.70000000000002
 10
1160.107314040244
 20
-197.70000000000002
 10
1160.3572801266107
 20
-197.70000000000002
 10
1160.6072462129775
 20
-197.70000000000002
 10
1160.8572122993442
 20
-197.70000000000002
 10
1161.107178385711
 20
-197.70000000000002
 10
1161.3571444720776
 20
-197.70000000000002
 10
1161.6071105584444
 20
-197.70000000000002
 10
1161.857076644811
 20
-197.70000000000002
 10
1162.107042731178
 20
-197.70000000000002
 10
1162.3570088175445
 20
-197.70000000000002
 10
1162.6069749039114
 20
-197.70000000000002
 10
1162.8569409902782
 20
-197.70000000000002
 10
1163.1069070766446
 20
-197.70000000000002
 10
1163.3568731630114
 20
-197.70000000000002
 10
1163.6068392493783
 20
-197.70000000000002
 10
1163.8568053357449
 20
-197.70000000000002
 10
1164.1067714221117
 20
-197.70000000000002
 10
1164.3567375084783
 20
-197.70000000000002
 10
1164.6067035948452
 20
-197.70000000000002
 10
1164.8566696812118
 20
-197.70000000000002
 10
1165.1066357675786
 20
-197.70000000000002
 10
1165.3566018539452
 20
-197.70000000000002
 10
1165.606567940312
 20
-197.70000000000002
 10
1165.8565340266787
 20
-197.70000000000002
 10
1166.1065001130455
 20
-197.70000000000002
 10
1166.3564661994121
 20
-197.70000000000002
 10
1166.6064322857787
 20
-197.70000000000002
 10
1166.8563983721456
 20
-197.70000000000002
 10
1167.1063644585122
 20
-197.70000000000002
 10
1167.356330544879
 20
-197.70000000000002
 10
1167.6062966312456
 20
-197.70000000000002
 10
1167.8562627176125
 20
-197.70000000000002
 10
1168.106228803979
 20
-197.70000000000002
 10
1168.356194890346
 20
-197.70000000000002
 10
1168.6061609767125
 20
-197.70000000000002
 10
1168.8561270630794
 20
-197.70000000000002
 10
1169.106093149446
 20
-197.70000000000002
 10
1169.3560592358128
 20
-197.70000000000002
 10
1169.6060253221794
 20
-197.70000000000002
 10
1169.855991408546
 20
-197.70000000000002
 10
1170.105957494913
 20
-197.70000000000002
 10
1170.3559235812795
 20
-197.70000000000002
 10
1170.6058896676464
 20
-197.70000000000002
 10
1170.855855754013
 20
-197.70000000000002
 10
1171.1058218403798
 20
-197.70000000000002
 10
1171.3557879267464
 20
-197.70000000000002
 10
1171.6057540131133
 20
-197.70000000000002
 10
1171.8557200994799
 20
-197.70000000000002
 10
1172.1056861858467
 20
-197.70000000000002
 10
1172.3556522722133
 20
-197.70000000000002
 10
1172.6056183585802
 20
-197.70000000000002
 10
1172.8555844449468
 20
-197.70000000000002
 10
1173.1055505313134
 20
-197.70000000000002
 10
1173.3555166176802
 20
-197.70000000000002
 10
1173.6054827040468
 20
-197.70000000000002
 10
1173.8554487904137
 20
-197.70000000000002
 10
1174.1054148767803
 20
-197.70000000000002
 10
1174.3553809631471
 20
-197.70000000000002
 10
1174.6053470495137
 20
-197.70000000000002
 10
1174.8553131358806
 20
-197.70000000000002
 10
1175.1052792222472
 20
-197.70000000000002
 10
1175.355245308614
 20
-197.70000000000002
 10
1175.6052113949806
 20
-197.70000000000002
 10
1175.8551774813475
 20
-197.70000000000002
 10
1176.1051435677143
 20
-197.70000000000002
 10
1176.3551096540807
 20
-197.70000000000002
 10
1176.6050757404475
 20
-197.70000000000002
 10
1176.8550418268144
 20
-197.70000000000002
 10
1177.105007913181
 20
-197.70000000000002
 10
1177.3549739995478
 20
-197.70000000000002
 10
1177.6049400859144
 20
-197.70000000000002
 10
1177.8549061722813
 20
-197.70000000000002
 10
1178.104872258648
 20
-197.70000000000002
 10
1178.3548383450147
 20
-197.70000000000002
 10
1178.6048044313814
 20
-197.70000000000002
 10
1178.8547705177482
 20
-197.70000000000002
 10
1179.1047366041148
 20
-197.70000000000002
 10
1179.3547026904816
 20
-197.70000000000002
 10
1179.6046687768483
 20
-197.70000000000002
 10
1179.8546348632149
 20
-197.70000000000002
 10
1180.1046009495817
 20
-197.70000000000002
 10
1180.3545670359483
 20
-197.70000000000002
 10
1180.6045331223152
 20
-197.70000000000002
 10
1180.8544992086818
 20
-197.70000000000002
 10
1181.1044652950486
 20
-197.70000000000002
 10
1181.3544313814152
 20
-197.70000000000002
 10
1181.604397467782
 20
-197.70000000000002
 10
1181.8543635541487
 20
-197.70000000000002
 10
1182.1043296405155
 20
-197.70000000000002
 10
1182.3542957268821
 20
-197.70000000000002
 10
1182.604261813249
 20
-197.70000000000002
 10
1182.8542278996156
 20
-197.70000000000002
 10
1183.1041939859822
 20
-197.70000000000002
 10
1183.354160072349
 20
-197.70000000000002
 10
1183.6041261587156
 20
-197.70000000000002
 10
1183.8540922450825
 20
-197.70000000000002
 10
1184.104058331449
 20
-197.70000000000002
 10
1184.354024417816
 20
-197.70000000000002
 10
1184.6039905041825
 20
-197.70000000000002
 10
1184.8539565905494
 20
-197.70000000000002
 10
1185.103922676916
 20
-197.70000000000002
 10
1185.3538887632828
 20
-197.70000000000002
 10
1185.6038548496495
 20
-197.70000000000002
 10
1185.8538209360163
 20
-197.70000000000002
 10
1186.103787022383
 20
-197.70000000000002
 10
1186.3537531087495
 20
-197.70000000000002
 10
1186.6037191951164
 20
-197.70000000000002
 10
1186.853685281483
 20
-197.70000000000002
 10
1187.1036513678498
 20
-197.70000000000002
 10
1187.3536174542164
 20
-197.70000000000002
 10
1187.6035835405833
 20
-197.70000000000002
 10
1187.8535496269499
 20
-197.70000000000002
 10
1188.1035157133167
 20
-197.70000000000002
 10
1188.3534817996833
 20
-197.70000000000002
 10
1188.6034478860502
 20
-197.70000000000002
 10
1188.8534139724168
 20
-197.70000000000002
 10
1189.1033800587836
 20
-197.70000000000002
 10
1189.3533461451502
 20
-197.70000000000002
 10
1189.6033122315168
 20
-197.70000000000002
 10
1189.8532783178837
 20
-197.70000000000002
 10
1190.1032444042505
 20
-197.70000000000002
 10
1190.3532104906171
 20
-197.70000000000002
 10
1190.603176576984
 20
-197.70000000000002
 10
1190.8531426633506
 20
-197.70000000000002
 10
1191.1031087497174
 20
-197.70000000000002
 10
1191.353074836084
 20
-197.70000000000002
 10
1191.6030409224509
 20
-197.70000000000002
 10
1191.8530070088175
 20
-197.70000000000002
 10
1192.1029730951843
 20
-197.70000000000002
 10
1192.352939181551
 20
-197.70000000000002
 10
1192.6029052679178
 20
-197.70000000000002
 10
1192.8528713542844
 20
-197.70000000000002
 10
1193.102837440651
 20
-197.70000000000002
 10
1193.3528035270178
 20
-197.70000000000002
 10
1193.6027696133845
 20
-197.70000000000002
 10
1193.8527356997513
 20
-197.70000000000002
 10
1194.102701786118
 20
-197.70000000000002
 10
1194.3526678724847
 20
-197.70000000000002
 10
1194.6026339588514
 20
-197.70000000000002
 10
1194.8526000452182
 20
-197.70000000000002
 10
1195.1025661315848
 20
-197.70000000000002
 10
1195.3525322179516
 20
-197.70000000000002
 10
1195.6024983043183
 20
-197.70000000000002
 10
1195.852464390685
 20
-197.70000000000002
 10
1196.1024304770517
 20
-197.70000000000002
 10
1196.3523965634183
 20
-197.70000000000002
 10
1196.6023626497852
 20
-197.70000000000002
 10
1196.8523287361518
 20
-197.70000000000002
 10
1197.1022948225186
 20
-197.70000000000002
 10
1197.3522609088852
 20
-197.70000000000002
 10
1197.602226995252
 20
-197.70000000000002
 10
1197.8521930816187
 20
-197.70000000000002
 10
1198.1021591679855
 20
-197.70000000000002
 10
1198.3521252543521
 20
-197.70000000000002
 10
1198.602091340719
 20
-197.70000000000002
 10
1198.8520574270856
 20
-197.70000000000002
 10
1199.1020235134524
 20
-197.70000000000002
 10
1199.351989599819
 20
-197.70000000000002
 10
1199.6019556861856
 20
-197.70000000000002
 10
1199.8519217725525
 20
-197.70000000000002
 10
1200.101887858919
 20
-197.70000000000002
 10
1200.351853945286
 20
-197.70000000000002
 10
1200.6018200316526
 20
-197.70000000000002
 10
1200.8517861180194
 20
-197.70000000000002
 10
1201.101752204386
 20
-197.70000000000002
 10
1201.3517182907528
 20
-197.70000000000002
 10
1201.6016843771195
 20
-197.70000000000002
 10
1201.8516504634863
 20
-197.70000000000002
 10
1202.101616549853
 20
-197.70000000000002
 10
1202.3515826362197
 20
-197.70000000000002
 10
1202.6015487225864
 20
-197.70000000000002
 10
1202.851514808953
 20
-197.70000000000002
 10
1203.1014808953198
 20
-197.70000000000002
 10
1203.3514469816866
 20
-197.70000000000002
 10
1203.6014130680533
 20
-197.70000000000002
 10
1203.85137915442
 20
-197.70000000000002
 10
1204.0
 20
-197.80134524078684
 10
1204.0
 20
-198.05131132715357
 10
1204.0
 20
-198.3012774135203
 10
1204.0
 20
-198.55124349988702
 10
1204.0
 20
-198.80120958625375
 10
1204.0
 20
-199.05117567262047
 10
1204.0
 20
-199.3011417589872
 10
1204.0
 20
-199.5511078453538
 10
1204.0
 20
-199.80107393172054
 10
1204.0
 20
-200.05104001808726
 10
1204.0
 20
-200.301006104454
 10
1204.0
 20
-200.55097219082072
 10
1204.0
 20
-200.80093827718744
 10
1204.0
 20
-201.05090436355417
 10
1204.0
 20
-201.3008704499209
 10
1204.0
 20
-201.55083653628762
 10
1204.0
 20
-201.80080262265434
 10
1204.0
 20
-202.05076870902107
 10
1204.0
 20
-202.3007347953878
 10
1204.0
 20
-202.55070088175452
 10
1204.0
 20
-202.80066696812113
 10
1204.0
 20
-203.05063305448786
 10
1204.0
 20
-203.3005991408546
 10
1204.0
 20
-203.5505652272213
 10
1204.0
 20
-203.80053131358804
 10
1204.0
 20
-204.05049739995476
 10
1204.0
 20
-204.3004634863215
 10
1204.0
 20
-204.55042957268822
 10
1204.0
 20
-204.80039565905494
 10
1204.0
 20
-205.05036174542167
 10
1204.0
 20
-205.3003278317884
 10
1204.0
 20
-205.55029391815512
 10
1204.0
 20
-205.80026000452185
 10
1204.0
 20
-206.05022609088857
 10
1204.0
 20
-206.30019217725518
 10
1204.0
 20
-206.5501582636219
 10
1204.0
 20
-206.80012434998864
 10
1204.0
 20
-207.05009043635536
 10
1204.0
 20
-207.3000565227221
 10
1204.0
 20
-207.5500226090888
 10
1204.0
 20
-207.79998869545554
 10
1204.0
 20
-208.04995478182227
 10
1204.0
 20
-208.299920868189
 10
1204.0
 20
-208.54988695455572
 10
1204.0
 20
-208.79985304092244
 10
1204.0
 20
-209.04981912728917
 10
1204.0
 20
-209.2997852136559
 10
1204.0
 20
-209.5497513000225
 10
1204.0
 20
-209.79971738638923
 10
1204.0
 20
-210.04968347275596
 10
1204.0
 20
-210.2996495591228
 10
1204.0
 20
-210.54961564548952
 10
1204.0
 20
-210.79958173185625
 10
1204.0
 20
-211.04954781822298
 10
1204.0
 20
-211.2995139045897
 10
1204.0
 20
-211.54947999095643
 10
1204.0
 20
-211.79944607732315
 10
1204.0
 20
-212.04941216368988
 10
1204.0
 20
-212.2993782500566
 10
1204.0
 20
-212.54934433642333
 10
1204.0
 20
-212.79931042278994
 10
1204.0
 20
-213.04927650915667
 10
1204.0
 20
-213.2992425955234
 10
1204.0
 20
-213.54920868189012
 10
1204.0
 20
-213.79917476825685
 10
1204.0
 20
-214.04914085462357
 10
1204.0
 20
-214.2991069409903
 10
1204.0
 20
-214.54907302735703
 10
1204.0
 20
-214.79903911372375
 10
1204.0
 20
-215.04900520009048
 10
1204.0
 20
-215.2989712864572
 10
1204.0
 20
-215.54893737282393
 10
1204.0
 20
-215.79890345919065
 10
1204.0
 20
-216.04886954555727
 10
1204.0
 20
-216.298835631924
 10
1204.0
 20
-216.54880171829072
 10
1204.0
 20
-216.79876780465744
 10
1204.0
 20
-217.04873389102417
 10
1204.0
 20
-217.2986999773909
 10
1204.0
 20
-217.54866606375762
 10
1204.0
 20
-217.79863215012435
 10
1204.0
 20
-218.04859823649107
 10
1204.0
 20
-218.2985643228578
 10
1204.0
 20
-218.54853040922453
 10
1204.0
 20
-218.79849649559125
 10
1204.0
 20
-219.04846258195798
 10
1204.0
 20
-219.2984286683246
 10
1204.0
 20
-219.54839475469132
 10
1204.0
 20
-219.79836084105804
 10
1204.0
 20
-220.04832692742477
 10
1204.0
 20
-220.2982930137915
 10
1204.0
 20
-220.54825910015822
 10
1204.0
 20
-220.79822518652495
 10
1204.0
 20
-221.04819127289167
 10
1204.0
 20
-221.2981573592584
 10
1204.0
 20
-221.54812344562512
 10
1204.0
 20
-221.79808953199185
 10
1204.0
 20
-222.04805561835857
 10
1204.0
 20
-222.2980217047253
 10
1204.0
 20
-222.5479877910919
 10
1204.0
 20
-222.79795387745864
 10
1204.0
 20
-223.04791996382536
 10
1204.0
 20
-223.2978860501921
 10
1204.0
 20
-223.54785213655893
 10
1204.0
 20
-223.79781822292566
 10
1204.0
 20
-224.04778430929238
 10
1204.0
 20
-224.2977503956591
 10
1204.0
 20
-224.54771648202583
 10
1204.0
 20
-224.79768256839256
 10
1204.0
 20
-225.04764865475929
 10
1204.0
 20
-225.297614741126
 10
1204.0
 20
-225.54758082749274
 10
1204.0
 20
-225.79754691385946
 10
1204.0
 20
-226.04751300022608
 10
1204.0
 20
-226.2974790865928
 10
1204.0
 20
-226.54744517295953
 10
1204.0
 20
-226.79741125932625
 10
1204.0
 20
-227.04737734569298
 10
1204.0
 20
-227.2973434320597
 10
1204.0
 20
-227.54730951842643
 10
1204.0
 20
-227.79727560479316
 10
1204.0
 20
-228.04724169115988
 10
1204.0
 20
-228.2972077775266
 10
1204.0
 20
-228.54717386389333
 10
1204.0
 20
-228.79713995026006
 10
1204.0
 20
-229.0471060366268
 10
1204.0
 20
-229.2970721229934
 10
1204.0
 20
-229.54703820936012
 10
1204.0
 20
-229.79700429572685
 10
1204.0
 20
-230.04697038209358
 10
1204.0
 20
-230.2969364684603
 10
1204.0
 20
-230.54690255482703
 10
1204.0
 20
-230.79686864119375
 10
1204.0
 20
-231.04683472756048
 10
1204.0
 20
-231.2968008139272
 10
1204.0
 20
-231.54676690029393
 10
1204.0
 20
-231.79673298666066
 10
1204.0
 20
-232.04669907302738
 10
1204.0
 20
-232.2966651593941
 10
1204.0
 20
-232.54663124576072
 10
1204.0
 20
-232.79659733212745
 10
1204.0
 20
-233.04656341849417
 10
1204.0
 20
-233.2965295048609
 10
1204.0
 20
-233.54649559122763
 10
1204.0
 20
-233.79646167759435
 10
1204.0
 20
-234.04642776396108
 10
1204.0
 20
-234.2963938503278
 10
1204.0
 20
-234.54635993669453
 10
1204.0
 20
-234.79632602306125
 10
1204.0
 20
-235.04629210942798
 10
1204.0
 20
-235.2962581957947
 10
1204.0
 20
-235.54622428216143
 10
1204.0
 20
-235.79619036852804
 10
1204.0
 20
-236.04615645489477
 10
1204.0
 20
-236.2961225412615
 10
1204.0
 20
-236.54608862762822
 10
1204.0
 20
-236.79605471399506
 10
1204.0
 20
-237.0460208003618
 10
1204.0
 20
-237.2959868867285
 10
1204.0
 20
-237.54595297309524
 10
1204.0
 20
-237.79591905946197
 10
1204.0
 20
-238.0458851458287
 10
1204.0
 20
-238.29585123219542
 10
1204.0
 20
-238.54581731856214
 10
1204.0
 20
-238.79578340492887
 10
1204.0
 20
-239.04574949129548
 10
1204.0
 20
-239.2957155776622
 10
1204.0
 20
-239.54568166402893
 10
1204.0
 20
-239.79564775039566
 10
1204.0
 20
-240.04561383676239
 10
1204.0
 20
-240.2955799231291
 10
1204.0
 20
-240.54554600949584
 10
1204.0
 20
-240.79551209586256
 10
1204.0
 20
-241.0454781822293
 10
1204.0
 20
-241.29544426859601
 10
1204.0
 20
-241.54541035496274
 10
1204.0
 20
-241.79537644132947
 10
1204.0
 20
-242.0453425276962
 10
1204.0
 20
-242.2953086140628
 10
1204.0
 20
-242.54527470042953
 10
1204.0
 20
-242.79524078679626
 10
1204.0
 20
-243.04520687316298
 10
1204.0
 20
-243.2951729595297
 10
1204.0
 20
-243.54513904589643
 10
1204.0
 20
-243.79510513226316
 10
1204.0
 20
-244.0450712186299
 10
1204.0
 20
-244.2950373049966
 10
1204.0
 20
-244.54500339136334
 10
1204.0
 20
-244.79496947773006
 10
1204.0
 20
-245.0449355640968
 10
1204.0
 20
-245.29490165046352
 10
1204.0
 20
-245.54486773683024
 10
1204.0
 20
-245.79483382319685
 10
1204.0
 20
-246.04479990956358
 10
1204.0
 20
-246.2947659959303
 10
1204.0
 20
-246.54473208229703
 10
1204.0
 20
-246.79469816866376
 10
1204.0
 20
-247.04466425503048
 10
1204.0
 20
-247.2946303413972
 10
1204.0
 20
-247.54459642776393
 10
1204.0
 20
-247.79456251413066
 10
1204.0
 20
-248.0445286004974
 10
1204.0
 20
-248.2944946868641
 10
1204.0
 20
-248.54446077323084
 10
1204.0
 20
-248.79442685959756
 10
1204.0
 20
-249.04439294596418
 10
1204.0
 20
-249.29435903233093
 10
1204.0
 20
-249.54432511869763
 10
1204.0
 20
-249.79429120506435
 10
1204.0
 20
-250.0442572914312
 10
1204.0
 20
-250.29422337779792
 10
1204.0
 20
-250.54418946416462
 10
1204.0
 20
-250.79415555053137
 10
1204.0
 20
-251.0441216368981
 10
1204.0
 20
-251.29408772326482
 10
1204.0
 20
-251.54405380963155
 10
1204.0
 20
-251.79401989599828
 10
1204.0
 20
-252.043985982365
 10
1204.0
 20
-252.2939520687316
 10
1204.0
 20
-252.54391815509837
 10
1204.0
 20
-252.79388424146507
 10
1204.0
 20
-253.0438503278318
 10
1204.0
 20
-253.29381641419852
 10
1204.0
 20
-253.54378250056524
 10
1204.0
 20
-253.79374858693197
 10
1204.0
 20
-254.0437146732987
 10
1204.0
 20
-254.29368075966542
 10
1204.0
 20
-254.54364684603215
 10
1204.0
 20
-254.7936129323989
 10
1204.0
 20
-255.0435790187656
 10
1204.0
 20
-255.29354510513232
 10
1204.0
 20
-255.54351119149894
 10
1204.0
 20
-255.79347727786566
 10
1204.0
 20
-256.0434433642324
 10
1204.0
 20
-256.29340945059914
 10
1204.0
 20
-256.54337553696587
 10
1204.0
 20
-256.7933416233326
 10
1204.0
 20
-257.0433077096993
 10
1204.0
 20
-257.29327379606605
 10
1204.0
 20
-257.5432398824328
 10
1204.0
 20
-257.7932059687995
 10
1204.0
 20
-258.0431720551662
 10
1204.0
 20
-258.2931381415329
 10
1204.0
 20
-258.5431042278997
 10
1204.0
 20
-258.7930703142663
 10
1204.0
 20
-259.043036400633
 10
1204.0
 20
-259.29300248699974
 10
1204.0
 20
-259.54296857336647
 10
1204.0
 20
-259.7929346597332
 10
1204.0
 20
-260.0429007460999
 10
1204.0
 20
-260.29286683246664
 10
1204.0
 20
-260.54283291883337
 10
1204.0
 20
-260.7927990052001
 10
1204.0
 20
-261.0427650915668
 10
1204.0
 20
-261.29273117793355
 10
1204.0
 20
-261.5426972643003
 10
1204.0
 20
-261.792663350667
 10
1204.0
 20
-262.0426294370336
 10
1204.0
 20
-262.29259552340034
 10
1204.0
 20
-262.54256160976706
 10
1204.0
 20
-262.79252769613373
 10
1204.0
 20
-263.0424937825005
 10
1204.0
 20
-263.29245986886724
 10
1204.0
 20
-263.5424259552341
 10
1204.0
 20
-263.7923920416008
 10
1204.0
 20
-264.04235812796753
 10
1204.0
 20
-264.29232421433426
 10
1204.0
 20
-264.542290300701
 10
1204.0
 20
-264.7922563870677
 10
1204.0
 20
-265.04222247343444
 10
1204.0
 20
-265.29218855980116
 10
1204.0
 20
-265.5421546461678
 10
1204.0
 20
-265.7921207325345
 10
1204.0
 20
-266.04208681890117
 10
1204.0
 20
-266.29205290526795
 10
1204.0
 20
-266.5420189916347
 10
1204.0
 20
-266.7919850780014
 10
1204.0
 20
-267.04195116436813
 10
1204.0
 20
-267.29191725073485
 10
1204.0
 20
-267.5418833371016
 10
1204.0
 20
-267.7918494234683
 10
1204.0
 20
-268.04181550983503
 10
1204.0
 20
-268.2917815962017
 10
1204.0
 20
-268.5417476825685
 10
1204.0
 20
-268.7917137689351
 10
1204.0
 20
-269.0416798553018
 10
1204.0
 20
-269.29164594166855
 10
1204.0
 20
-269.5416120280353
 10
1204.0
 20
-269.791578114402
 10
1204.0
 20
-270.0415442007687
 10
1204.0
 20
-270.29151028713545
 10
1204.0
 20
-270.5414763735022
 10
1204.0
 20
-270.7914424598689
 10
1204.0
 20
-271.0414085462356
 10
1204.0
 20
-271.29137463260236
 10
1204.0
 20
-271.5413407189691
 10
1204.0
 20
-271.7913068053358
 10
1204.0
 20
-272.0412728917024
 10
1204.0
 20
-272.29123897806915
 10
1204.0
 20
-272.5412050644358
 10
1204.0
 20
-272.7911711508026
 10
1204.0
 20
-273.0411372371693
 10
1204.0
 20
-273.29110332353605
 10
1204.0
 20
-273.5410694099028
 10
1204.0
 20
-273.79103549626944
 10
1204.0
 20
-274.0410015826362
 10
1204.0
 20
-274.29096766900295
 10
1204.0
 20
-274.5409337553697
 10
1204.0
 20
-274.79089984173635
 10
1204.0
 20
-275.04086592810313
 10
1204.0
 20
-275.29083201446974
 10
1204.0
 20
-275.54079810083647
 10
1204.0
 20
-275.7907641872032
 10
1204.0
 20
-276.0407302735699
 10
1204.0
 20
-276.29069635993665
 10
1204.0
 20
-276.5406624463033
 10
1204.0
 20
-276.7906285326702
 10
1204.0
 20
-277.0405946190369
 10
1204.0
 20
-277.29056070540366
 10
1204.0
 20
-277.5405267917704
 10
1204.0
 20
-277.7904928781371
 10
1204.0
 20
-278.0404589645038
 10
1204.0
 20
-278.29042505087057
 10
1204.0
 20
-278.5403911372372
 10
1204.0
 20
-278.79035722360385
 10
1204.0
 20
-279.04032330997063
 10
1204.0
 20
-279.29028939633736
 10
1204.0
 20
-279.5402554827041
 10
1204.0
 20
-279.79022156907075
 10
1204.0
 20
-280.04018765543753
 10
1204.0
 20
-280.29015374180426
 10
1204.0
 20
-280.540119828171
 10
1204.0
 20
-280.79008591453766
 10
1204.0
 20
-281.04005200090444
 10
1204.0
 20
-281.29001808727116
 10
1204.0
 20
-281.5399841736379
 10
1204.0
 20
-281.7899502600045
 10
1204.0
 20
-282.03991634637123
 10
1204.0
 20
-282.28988243273795
 10
1204.0
 20
-282.5398485191046
 10
1204.0
 20
-282.7898146054714
 10
1204.0
 20
-283.03978069183813
 10
1204.0
 20
-283.28974677820486
 10
1204.0
 20
-283.5397128645716
 10
1204.0
 20
-283.78967895093825
 10
1204.0
 20
-284.03964503730504
 10
1204.0
 20
-284.28961112367176
 10
1204.0
 20
-284.5395772100385
 10
1204.0
 20
-284.78954329640516
 10
1204.0
 20
-285.03950938277194
 10
1204.0
 20
-285.2894754691385
 10
1204.0
 20
-285.5394415555053
 10
1204.0
 20
-285.789407641872
 10
1204.0
 20
-286.03937372823873
 10
1204.0
 20
-286.28933981460546
 10
1204.0
 20
-286.5393059009721
 10
1204.0
 20
-286.7892719873389
 10
1204.0
 20
-287.03923807370563
 10
1204.0
 20
-287.28920416007236
 10
1204.0
 20
-287.539170246439
 10
1204.0
 20
-287.7891363328058
 10
1204.0
 20
-288.03910241917254
 10
1204.0
 20
-288.28906850553926
 10
1204.0
 20
-288.5390345919059
 10
1204.0
 20
-288.7890006782726
 10
1204.0
 20
-289.0389667646393
 10
1204.0
 20
-289.288932851006
 10
1204.0
 20
-289.5388989373728
 10
1204.0
 20
-289.7888650237395
 10
1204.0
 20
-290.03883111010634
 10
1204.0
 20
-290.28879719647307
 10
1204.0
 20
-290.5387632828398
 10
1204.0
 20
-290.78872936920646
 10
1204.0
 20
-291.03869545557325
 10
1204.0
 20
-291.28866154194
 10
1204.0
 20
-291.5386276283067
 10
1204.0
 20
-291.7885937146733
 10
1204.0
 20
-292.03855980104004
 10
1204.0
 20
-292.28852588740676
 10
1204.0
 20
-292.53849197377343
 10
1204.0
 20
-292.7884580601402
 10
1204.0
 20
-293.03842414650694
 10
1204.0
 20
-293.28839023287367
 10
1204.0
 20
-293.53835631924034
 10
1204.0
 20
-293.7883224056071
 10
1204.0
 20
-294.03828849197384
 10
1204.0
 20
-294.28825457834057
 10
1204.0
 20
-294.5382206647073
 10
1204.0
 20
-294.78818675107397
 10
1204.0
 20
-295.03815283744063
 10
1204.0
 20
-295.2881189238073
 10
1204.0
 20
-295.5380850101741
 10
1204.0
 20
-295.7880510965408
 10
1204.0
 20
-296.03801718290754
 10
1204.0
 20
-296.28798326927426
 10
1204.0
 20
-296.53794935564093
 10
1204.0
 20
-296.7879154420077
 10
1204.0
 20
-297.03788152837444
 10
1204.0
 20
-297.28784761474117
 10
1204.0
 20
-297.53781370110784
 10
1204.0
 20
-297.7877797874746
 10
1204.0
 20
-298.03774587384135
 10
1204.0
 20
-298.28771196020796
 10
1204.0
 20
-298.5376780465747
 10
1204.0
 20
-298.7876441329414
 10
1204.0
 20
-299.03761021930814
 10
1204.0
 20
-299.28757630567486
 10
1204.0
 20
-299.5375423920416
 10
1204.0
 20
-299.7875084784083
 10
1204.0
 20
-300.03747456477504
 10
1204.0
 20
-300.28744065114176
 10
1204.0
 20
-300.5374067375085
 10
1204.0
 20
-300.78737282387516
 10
1204.0
 20
-301.03733891024194
 10
1204.0
 20
-301.2873049966086
 10
1204.0
 20
-301.5372710829753
 10
1204.0
 20
-301.787237169342
 10
1204.0
 20
-302.03720325570873
 10
1204.0
 20
-302.28716934207546
 10
1204.0
 20
-302.5371354284422
 10
1204.0
 20
-302.7871015148089
 10
1204.0
 20
-303.0370676011756
 10
1204.0
 20
-303.2870336875425
 10
1204.0
 20
-303.53699977390914
 10
1204.0
 20
-303.7869658602759
 10
1204.0
 20
-304.0369319466426
 10
1204.0
 20
-304.2868980330094
 10
1204.0
 20
-304.5368641193761
 10
1204.0
 20
-304.7868302057427
 10
1204.0
 20
-305.03679629210944
 10
1204.0
 20
-305.28676237847617
 10
1204.0
 20
-305.5367284648429
 10
1204.0
 20
-305.78669455120956
 10
1204.0
 20
-306.03666063757635
 10
1204.0
 20
-306.286626723943
 10
1204.0
 20
-306.5365928103098
 10
1204.0
 20
-306.7865588966765
 10
1204.0
 20
-307.03652498304325
 10
1204.0
 20
-307.28649106941
 10
1204.0
 20
-307.5364571557767
 10
1204.0
 20
-307.7864232421434
 10
1204.0
 20
-308.03638932851015
 10
1204.0
 20
-308.28635541487677
 10
1204.0
 20
-308.53632150124344
 10
1204.0
 20
-308.7862875876102
 10
1204.0
 20
-309.03625367397694
 10
1204.0
 20
-309.28621976034367
 10
1204.0
 20
-309.5361858467104
 10
1204.0
 20
-309.7861519330771
 10
1204.0
 20
-310.03611801944385
 10
1204.0
 20
-310.2860841058106
 10
1204.0
 20
-310.5360501921773
 10
1204.0
 20
-310.786016278544
 10
1204.0
 20
-311.03598236491075
 10
1204.0
 20
-311.2859484512774
 10
1204.0
 20
-311.5359145376441
 10
1204.0
 20
-311.7858806240108
 10
1204.0
 20
-312.03584671037754
 10
1204.0
 20
-312.28581279674427
 10
1204.0
 20
-312.535778883111
 10
1204.0
 20
-312.7857449694777
 10
1204.0
 20
-313.03571105584444
 10
1204.0
 20
-313.28567714221117
 10
1204.0
 20
-313.53564322857784
 10
1204.0
 20
-313.7856093149446
 10
1204.0
 20
-314.0355754013113
 10
1204.0
 20
-314.2855414876781
 10
1204.0
 20
-314.5355075740448
 10
1204.0
 20
-314.7854736604114
 10
1204.0
 20
-315.03543974677814
 10
1204.0
 20
-315.28540583314486
 10
1204.0
 20
-315.5353719195116
 10
1204.0
 20
-315.78533800587826
 10
1204.0
 20
-316.03530409224504
 10
1204.0
 20
-316.2852701786117
 10
1204.0
 20
-316.5352362649786
 10
1204.0
 20
-316.7852023513453
 10
1204.0
 20
-317.03516843771206
 10
1204.0
 20
-317.2851345240788
 10
1204.0
 20
-317.5351006104455
 10
1204.0
 20
-317.78506669681224
 10
1204.0
 20
-318.03503278317885
 10
1204.0
 20
-318.2849988695456
 10
1204.0
 20
-318.53496495591224
 10
1204.0
 20
-318.784931042279
 10
1204.0
 20
-319.0348971286457
 10
1204.0
 20
-319.2848632150125
 10
1204.0
 20
-319.5348293013792
 10
1204.0
 20
-319.78479538774593
 10
1204.0
 20
-320.03476147411266
 10
1204.0
 20
-320.2847275604794
 10
1204.0
 20
-320.5346936468461
 10
1204.0
 20
-320.78465973321283
 10
1204.0
 20
-321.03462581957956
 10
1204.0
 20
-321.2845919059461
 10
1204.0
 20
-321.5345579923129
 10
1204.0
 20
-321.78452407867957
 10
1204.0
 20
-322.03449016504635
 10
1204.0
 20
-322.2844562514131
 10
1204.0
 20
-322.5344223377798
 10
1204.0
 20
-322.7843884241465
 10
1204.0
 20
-323.03435451051325
 10
1204.0
 20
-323.28432059688
 10
1204.0
 20
-323.5342866832467
 10
1204.0
 20
-323.78425276961343
 10
1204.0
 20
-324.0342188559801
 10
1204.0
 20
-324.2841849423469
 10
1204.0
 20
-324.5341510287135
 10
1204.0
 20
-324.7841171150802
 10
1204.0
 20
-325.03408320144695
 10
1204.0
 20
-325.2840492878137
 10
1204.0
 20
-325.5340153741804
 10
1204.0
 20
-325.7839814605471
 10
1204.0
 20
-326.03394754691385
 10
1204.0
 20
-326.2839136332805
 10
1204.0
 20
-326.5338797196473
 10
1204.0
 20
-326.78384580601397
 10
1204.0
 20
-327.03381189238075
 10
1204.0
 20
-327.2837779787475
 10
1204.0
 20
-327.5337440651142
 10
1204.0
 20
-327.78371015148093
 10
1204.0
 20
-328.03367623784754
 10
1204.0
 20
-328.28364232421427
 10
1204.0
 20
-328.533608410581
 10
1204.0
 20
-328.7835744969477
 10
1204.0
 20
-329.0335405833144
 10
1204.0
 20
-329.2835066696812
 10
1204.0
 20
-329.53347275604784
 10
1204.0
 20
-329.78343884241474
 10
1204.0
 20
-330.03340492878147
 10
1204.0
 20
-330.2833710151482
 10
1204.0
 20
-330.5333371015149
 10
1204.0
 20
-330.78330318788164
 10
1204.0
 20
-331.03326927424837
 10
1204.0
 20
-331.283235360615
 10
1204.0
 20
-331.5332014469817
 10
1204.0
 20
-331.7831675333484
 10
1204.0
 20
-332.03313361971516
 10
1204.0
 20
-332.2830997060818
 10
1204.0
 20
-332.5330657924486
 10
1204.0
 20
-332.78303187881534
 10
1204.0
 20
-333.03299796518206
 10
1204.0
 20
-333.2829640515488
 10
1204.0
 20
-333.5329301379155
 10
1204.0
 20
-333.78289622428224
 10
1204.0
 20
-334.03286231064897
 10
1204.0
 20
-334.2828283970157
 10
1204.0
 20
-334.53279448338225
 10
1204.0
 20
-334.78276056974903
 10
1204.0
 20
-335.03272665611576
 10
1204.0
 20
-335.2826927424825
 10
1204.0
 20
-335.5326588288492
 10
1204.0
 20
-335.78262491521593
 10
1204.0
 20
-336.03259100158266
 10
1204.0
 20
-336.2825570879494
 10
1204.0
 20
-336.5325231743161
 10
1204.0
 20
-336.7824892606828
 10
1204.0
 20
-337.03245534704956
 10
1204.0
 20
-337.28242143341623
 10
1204.0
 20
-337.532387519783
 10
1204.0
 20
-337.78235360614957
 10
1204.0
 20
-338.03231969251635
 10
1204.0
 20
-338.2822857788831
 10
1204.0
 20
-338.5322518652498
 10
1204.0
 20
-338.78221795161653
 10
1204.0
 20
-339.0321840379832
 10
1204.0
 20
-339.28215012435
 10
1204.0
 20
-339.53211621071665
 10
1204.0
 20
-339.78208229708343
 10
1204.0
 20
-340.0320483834501
 10
1204.0
 20
-340.2820144698169
 10
1204.0
 20
-340.53198055618356
 10
1204.0
 20
-340.78194664255034
 10
1204.0
 20
-341.03191272891695
 10
1204.0
 20
-341.2818788152837
 10
1204.0
 20
-341.5318449016504
 10
1204.0
 20
-341.78181098801707
 10
1204.0
 20
-342.03177707438385
 10
1204.0
 20
-342.2817431607505
 10
1204.0
 20
-342.5317092471173
 10
1204.0
 20
-342.781675333484
 10
1204.0
 20
-343.03164141985087
 10
1204.0
 20
-343.28160750621754
 10
1204.0
 20
-343.5315735925843
 10
1204.0
 20
-343.78153967895105
 10
1204.0
 20
-344.0315057653178
 10
1204.0
 20
-344.2814718516844
 10
1204.0
 20
-344.53143793805106
 10
1204.0
 20
-344.78140402441784
 10
1204.0
 20
-345.0313701107845
 10
1204.0
 20
-345.2813361971513
 10
1204.0
 20
-345.53130228351796
 10
1204.0
 20
-345.78126836988474
 10
1204.0
 20
-346.0312344562514
 10
1204.0
 20
-346.2812005426182
 10
1204.0
 20
-346.5311666289849
 10
1204.0
 20
-346.78113271535165
 10
1204.0
 20
-347.0310988017184
 10
1204.0
 20
-347.28106488808504
 10
1204.0
 20
-347.5310309744518
 10
1204.0
 20
-347.7809970608184
 10
1204.0
 20
-348.03096314718516
 10
1204.0
 20
-348.28092923355183
 10
1204.0
 20
-348.5308953199186
 10
1204.0
 20
-348.78086140628534
 10
1204.0
 20
-349.03082749265207
 10
1204.0
 20
-349.2807935790188
 10
1204.0
 20
-349.53075966538546
 10
1204.0
 20
-349.78072575175224
 10
1204.0
 20
-350.0306918381189
 10
1204.0
 20
-350.2806579244857
 10
1204.0
 20
-350.53062401085236
 10
1204.0
 20
-350.78059009721915
 10
1204.0
 20
-351.0305561835857
 10
1204.0
 20
-351.2805222699525
 10
1204.0
 20
-351.5304883563192
 10
1204.0
 20
-351.78045444268594
 10
1204.0
 20
-352.03042052905266
 10
1204.0
 20
-352.28038661541933
 10
1204.0
 20
-352.5303527017861
 10
1204.0
 20
-352.7803187881528
 10
1204.0
 20
-353.03028487451957
 10
1204.0
 20
-353.28025096088624
 10
1204.0
 20
-353.530217047253
 10
1204.0
 20
-353.7801831336197
 10
1204.0
 20
-354.03014921998647
 10
1204.0
 20
-354.2801153063531
 10
1204.0
 20
-354.53008139271975
 10
1204.0
 20
-354.78004747908653
 10
1204.0
 20
-355.0300135654532
 10
1204.0
 20
-355.27997965182
 10
1204.0
 20
-355.52994573818665
 10
1204.0
 20
-355.77991182455344
 10
1204.0
 20
-356.0298779109201
 10
1204.0
 20
-356.2798439972869
 10
1204.0
 20
-356.5298100836537
 10
1204.0
 20
-356.77977617002045
 10
1204.0
 20
-357.0297422563872
 10
1204.0
 20
-357.2797083427539
 10
1204.0
 20
-357.5296744291205
 10
1204.0
 20
-357.7796405154872
 10
1204.0
 20
-358.02960660185397
 10
1204.0
 20
-358.27957268822064
 10
1204.0
 20
-358.5295387745874
 10
1204.0
 20
-358.7795048609541
 10
1204.0
 20
-359.0294709473209
 10
1204.0
 20
-359.2794370336876
 10
1204.0
 20
-359.5294031200543
 10
1204.0
 20
-359.77936920642105
 10
1204.0
 20
-360.0293352927877
 10
1204.0
 20
-360.2793013791545
 10
1204.0
 20
-360.5292674655212
 10
1204.0
 20
-360.77923355188784
 10
1204.0
 20
-361.0291996382545
 10
1204.0
 20
-361.2791657246213
 10
1204.0
 20
-361.529131810988
 10
1204.0
 20
-361.77909789735475
 10
1204.0
 20
-362.02906398372147
 10
1204.0
 20
-362.2790300700882
 10
1204.0
 20
-362.5289961564549
 10
1204.0
 20
-362.7789622428216
 10
1204.0
 20
-363.0289283291884
 10
1204.0
 20
-363.2788944155551
 10
1204.0
 20
-363.5288605019218
 10
1204.0
 20
-363.77882658828855
 10
1204.0
 20
-364.02879267465516
 10
1204.0
 20
-364.2787587610219
 10
1204.0
 20
-364.5287248473886
 10
1204.0
 20
-364.77869093375534
 10
1204.0
 20
-365.02865702012207
 10
1204.0
 20
-365.2786231064888
 10
1204.0
 20
-365.5285891928555
 10
1204.0
 20
-365.77855527922225
 10
1204.0
 20
-366.028521365589
 10
1204.0
 20
-366.2784874519557
 10
1204.0
 20
-366.5284535383224
 10
1204.0
 20
-366.77841962468915
 10
1204.0
 20
-367.0283857110559
 10
1204.0
 20
-367.2783517974226
 10
1204.0
 20
-367.5283178837892
 10
1204.0
 20
-367.77828397015594
 10
1204.0
 20
-368.02825005652267
 10
1204.0
 20
-368.2782161428894
 10
1204.0
 20
-368.5281822292561
 10
1204.0
 20
-368.77814831562284
 10
1204.0
 20
-369.02811440198957
 10
1204.0
 20
-369.2780804883563
 10
1204.0
 20
-369.528046574723
 10
1204.0
 20
-369.77801266108986
 10
1204.0
 20
-370.0279787474566
 10
1204.0
 20
-370.2779448338233
 10
1204.0
 20
-370.52791092019
 10
1204.0
 20
-370.77787700655665
 10
1204.0
 20
-371.0278430929234
 10
1204.0
 20
-371.2778091792901
 10
1204.0
 20
-371.5277752656568
 10
1204.0
 20
-371.77774135202355
 10
1204.0
 20
-372.0277074383903
 10
1204.0
 20
-372.277673524757
 10
1204.0
 20
-372.52763961112373
 10
1204.0
 20
-372.77760569749046
 10
1204.0
 20
-373.0275717838572
 10
1204.0
 20
-373.27753787022385
 10
1204.0
 20
-373.52750395659064
 10
1204.0
 20
-373.77747004295736
 10
1204.0
 20
-374.027436129324
 10
1204.0
 20
-374.2774022156907
 10
1204.0
 20
-374.5273683020574
 10
1204.0
 20
-374.77733438842415
 10
1204.0
 20
-375.0273004747909
 10
1204.0
 20
-375.2772665611576
 10
1204.0
 20
-375.5272326475243
 10
1204.0
 20
-375.77719873389105
 10
1204.0
 20
-376.0271648202578
 10
1204.0
 20
-376.2771309066245
 10
1204.0
 20
-376.52709699299123
 10
1204.0
 20
-376.77706307935796
 10
1204.0
 20
-377.0270291657247
 10
1204.0
 20
-377.2769952520913
 10
1204.0
 20
-377.526961338458
 10
1204.0
 20
-377.7769274248247
 10
1204.0
 20
-378.0268935111915
 10
1204.0
 20
-378.27685959755814
 10
1204.0
 20
-378.5268256839249
 10
1204.0
 20
-378.77679177029165
 10
1204.0
 20
-379.0267578566584
 10
1204.0
 20
-379.2767239430251
 10
1204.0
 20
-379.52669002939183
 10
1204.0
 20
-379.77665611575856
 10
1204.0
 20
-380.0266222021253
 10
1204.0
 20
-380.276588288492
 10
1204.0
 20
-380.52655437485856
 10
1204.0
 20
-380.77652046122535
 10
1204.0
 20
-381.02648654759207
 10
1204.0
 20
-381.2764526339588
 10
1204.0
 20
-381.5264187203255
 10
1204.0
 20
-381.77638480669225
 10
1204.0
 20
-382.026350893059
 10
1204.0
 20
-382.2763169794257
 10
1204.0
 20
-382.5262830657924
 10
1204.0
 20
-382.77624915215915
 10
1204.0
 20
-383.026215238526
 10
1204.0
 20
-383.2761813248927
 10
1204.0
 20
-383.52614741125944
 10
1204.0
 20
-383.77611349762606
 10
1204.0
 20
-384.0260795839928
 10
1204.0
 20
-384.2760456703595
 10
1204.0
 20
-384.52601175672623
 10
1204.0
 20
-384.77597784309296
 10
1204.0
 20
-385.0259439294597
 10
1204.0
 20
-385.2759100158264
 10
1204.0
 20
-385.52587610219314
 10
1204.0
 20
-385.77584218855986
 10
1204.0
 20
-386.02580827492653
 10
1204.0
 20
-386.2757743612933
 10
1204.0
 20
-386.52574044766
 10
1204.0
 20
-386.77570653402677
 10
1204.0
 20
-387.0256726203935
 10
1204.0
 20
-387.2756387067601
 10
1204.0
 20
-387.52560479312683
 10
1204.0
 20
-387.77557087949356
 10
1204.0
 20
-388.0255369658603
 10
1204.0
 20
-388.27550305222695
 10
1204.0
 20
-388.52546913859373
 10
1204.0
 20
-388.7754352249604
 10
1204.0
 20
-389.0254013113272
 10
1204.0
 20
-389.2753673976939
 10
1204.0
 20
-389.52533348406064
 10
1204.0
 20
-389.77529957042736
 10
1204.0
 20
-390.0252656567941
 10
1204.0
 20
-390.2752317431608
 10
1204.0
 20
-390.52519782952743
 10
1204.0
 20
-390.77516391589415
 10
1204.0
 20
-391.0251300022608
 10
1204.0
 20
-391.2750960886276
 10
1204.0
 20
-391.52506217499433
 10
1204.0
 20
-391.77502826136106
 10
1204.0
 20
-392.0249943477278
 10
1204.0
 20
-392.2749604340945
 10
1204.0
 20
-392.52492652046124
 10
1204.0
 20
-392.77489260682796
 10
1204.0
 20
-393.0248586931947
 10
1204.0
 20
-393.2748247795614
 10
1204.0
 20
-393.52479086592814
 10
1204.0
 20
-393.7747569522947
 10
1204.0
 20
-394.0247230386615
 10
1204.0
 20
-394.2746891250282
 10
1204.0
 20
-394.52465521139493
 10
1204.0
 20
-394.77462129776166
 10
1204.0
 20
-395.0245873841284
 10
1204.0
 20
-395.2745534704951
 10
1204.0
 20
-395.52451955686183
 10
1204.0
 20
-395.77448564322856
 10
1204.0
 20
-396.0244517295952
 10
1204.0
 20
-396.2744178159621
 10
1204.0
 20
-396.5243839023288
 10
1204.0
 20
-396.7743499886956
 10
1204.0
 20
-397.0243160750622
 10
1204.0
 20
-397.2742821614289
 10
1204.0
 20
-397.52424824779564
 10
1204.0
 20
-397.77421433416237
 10
1204.0
 20
-398.0241804205291
 10
1204.0
 20
-398.2741465068958
 10
1204.0
 20
-398.52411259326254
 10
1204.0
 20
-398.7740786796292
 10
1204.0
 20
-399.024044765996
 10
1204.0
 20
-399.27401085236266
 10
1204.0
 20
-399.52397693872945
 10
1204.0
 20
-399.7739430250962
 10
1203.976090888537
 20
-400.0
 10
1203.7261248021705
 20
-400.0
 10
1203.4761587158036
 20
-400.0
 10
1203.25
 20
-399.97619262943704
 10
1203.25
 20
-399.7262265430703
 10
1203.25
 20
-399.4762604567036
 10
1203.25
 20
-399.22629437033686
 10
1203.25
 20
-398.97632828397013
 10
1203.25
 20
-398.7263621976034
 10
1203.25
 20
-398.4763961112367
 10
1203.25
 20
-398.22643002486996
 10
1203.25
 20
-397.97646393850323
 10
1203.25
 20
-397.7264978521365
 10
1203.25
 20
-397.4765317657698
 10
1203.25
 20
-397.22656567940317
 10
1203.25
 20
-396.97659959303644
 10
1203.2266335066697
 20
-396.75
 10
1202.9766674203029
 20
-396.75
 10
1202.7267013339363
 20
-396.75
 10
1202.4767352475696
 20
-396.75
 10
1202.2267691612028
 20
-396.75
 10
1201.976803074836
 20
-396.75
 10
1201.7268369884694
 20
-396.75
 10
1201.4768709021027
 20
-396.75
 10
1201.226904815736
 20
-396.75
 10
1200.976938729369
 20
-396.75
 10
1200.7269726430025
 20
-396.75
 10
1200.4770065566358
 20
-396.75
 10
1200.227040470269
 20
-396.75
 10
1199.9770743839024
 20
-396.75
 10
1199.7271082975358
 20
-396.75
 10
1199.477142211169
 20
-396.75
 10
1199.227176124802
 20
-396.75
 10
1198.9772100384355
 20
-396.75
 10
1198.7272439520689
 20
-396.75
 10
1198.477277865702
 20
-396.75
 10
1198.2273117793352
 20
-396.75
 10
1197.9773456929686
 20
-396.75
 10
1197.7273796066017
 20
-396.75
 10
1197.4774135202351
 20
-396.75
 10
1197.2274474338683
 20
-396.75
 10
1196.9774813475017
 20
-396.75
 10
1196.727515261135
 20
-396.75
 10
1196.4775491747682
 20
-396.75
 10
1196.2275830884014
 20
-396.75
 10
1195.9776170020348
 20
-396.75
 10
1195.7276509156682
 20
-396.75
 10
1195.4776848293013
 20
-396.75
 10
1195.2277187429345
 20
-396.75
 10
1194.9777526565679
 20
-396.75
 10
1194.7277865702013
 20
-396.75
 10
1194.4778204838344
 20
-396.75
 10
1194.2278543974676
 20
-396.75
 10
1193.977888311101
 20
-396.75
 10
1193.7279222247344
 20
-396.75
 10
1193.4779561383675
 20
-396.75
 10
1193.227990052001
 20
-396.75
 10
1192.9780239656343
 20
-396.75
 10
1192.7280578792675
 20
-396.75
 10
1192.4780917929006
 20
-396.75
 10
1192.228125706534
 20
-396.75
 10
1191.9781596201674
 20
-396.75
 10
1191.7281935338005
 20
-396.75
 10
1191.4782274474337
 20
-396.75
 10
1191.228261361067
 20
-396.75
 10
1190.9782952747005
 20
-396.75
 10
1190.75
 20
-396.77167081166635
 10
1190.75
 20
-397.02163689803297
 10
1190.75
 20
-397.2716029843997
 10
1190.75
 20
-397.5215690707664
 10
1190.75
 20
-397.77153515713314
 10
1190.75
 20
-398.02150124349987
 10
1190.75
 20
-398.2714673298666
 10
1190.75
 20
-398.5214334162333
 10
1190.75
 20
-398.77139950260005
 10
1190.75
 20
-399.0213655889668
 10
1190.75
 20
-399.2713316753335
 10
1190.75
 20
-399.5212977617002
 10
1190.75
 20
-399.77126384806695
 10
1190.7287700655663
 20
-400.0
 10
1190.4788039791997
 20
-400.0
 10
1190.2288378928329
 20
-400.0
 10
1189.9788718064663
 20
-400.0
 10
1189.7289057200996
 20
-400.0
 10
1189.4789396337328
 20
-400.0
 10
1189.228973547366
 20
-400.0
 10
1188.9790074609994
 20
-400.0
 10
1188.7290413746327
 20
-400.0
 10
1188.479075288266
 20
-400.0
 10
1188.229109201899
 20
-400.0
 10
1187.9791431155325
 20
-400.0
 10
1187.7291770291656
 20
-400.0
 10
1187.479210942799
 20
-400.0
 10
1187.2292448564324
 20
-400.0
 10
1186.9792787700655
 20
-400.0
 10
1186.729312683699
 20
-400.0
 10
1186.479346597332
 20
-400.0
 10
1186.2293805109653
 20
-400.0
 10
1185.9794144245986
 20
-400.0
 10
1185.729448338232
 20
-400.0
 10
1185.4794822518652
 20
-400.0
 10
1185.2295161654984
 20
-400.0
 10
1184.9795500791317
 20
-400.0
 10
1184.7295839927651
 20
-400.0
 10
1184.4796179063983
 20
-400.0
 10
1184.2296518200314
 20
-400.0
 10
1183.9796857336648
 20
-400.0
 10
1183.7297196472982
 20
-400.0
 10
1183.4797535609314
 20
-400.0
 10
1183.2297874745648
 20
-400.0
 10
1182.9798213881982
 20
-400.0
 10
1182.7298553018313
 20
-400.0
 10
1182.4798892154645
 20
-400.0
 10
1182.2299231290979
 20
-400.0
 10
1181.9799570427313
 20
-400.0
 10
1181.7299909563644
 20
-400.0
 10
1181.4800248699976
 20
-400.0
 10
1181.230058783631
 20
-400.0
 10
1180.9800926972644
 20
-400.0
 10
1180.7301266108975
 20
-400.0
 10
1180.480160524531
 20
-400.0
 10
1180.2301944381643
 20
-400.0
 10
1179.9802283517975
 20
-400.0
 10
1179.7302622654306
 20
-400.0
 10
1179.480296179064
 20
-400.0
 10
1179.2303300926974
 20
-400.0
 10
1178.9803640063305
 20
-400.0
 10
1178.7303979199637
 20
-400.0
 10
1178.480431833597
 20
-400.0
 10
1178.2304657472305
 20
-400.0
 10
1177.9804996608636
 20
-400.0
 10
1177.7305335744968
 20
-400.0
 10
1177.4805674881302
 20
-400.0
 10
1177.2306014017636
 20
-400.0
 10
1176.9806353153967
 20
-400.0
 10
1176.7306692290301
 20
-400.0
 10
1176.4807031426635
 20
-400.0
 10
1176.2307370562967
 20
-400.0
 10
1175.9807709699298
 20
-400.0
 10
1175.7308048835632
 20
-400.0
 10
1175.4808387971966
 20
-400.0
 10
1175.2308727108298
 20
-400.0
 10
1174.980906624463
 20
-400.0
 10
1174.7309405380963
 20
-400.0
 10
1174.4809744517295
 20
-400.0
 10
1174.2310083653629
 20
-400.0
 10
1173.9810422789963
 20
-400.0
 10
1173.7310761926296
 20
-400.0
 10
1173.4811101062628
 20
-400.0
 10
1173.231144019896
 20
-400.0
 10
1172.9811779335291
 20
-400.0
 10
1172.7312118471625
 20
-400.0
 10
1172.481245760796
 20
-400.0
 10
1172.231279674429
 20
-400.0
 10
1171.9813135880622
 20
-400.0
 10
1171.7313475016956
 20
-400.0
 10
1171.481381415329
 20
-400.0
 10
1171.2314153289622
 20
-400.0
 10
1170.9814492425953
 20
-400.0
 10
1170.731483156229
 20
-400.0
 10
1170.481517069862
 20
-400.0
 10
1170.2315509834953
 20
-400.0
 10
1169.9815848971286
 20
-400.0
 10
1169.731618810762
 20
-400.0
 10
1169.4816527243952
 20
-400.0
 10
1169.2316866380283
 20
-400.0
 10
1168.9817205516617
 20
-400.0
 10
1168.7317544652951
 20
-400.0
 10
1168.4817883789283
 20
-400.0
 10
1168.2318222925614
 20
-400.0
 10
1167.9818562061948
 20
-400.0
 10
1167.7318901198282
 20
-400.0
 10
1167.4819240334614
 20
-400.0
 10
1167.2319579470948
 20
-400.0
 10
1166.9819918607282
 20
-400.0
 10
1166.7320257743613
 20
-400.0
 10
1166.4820596879945
 20
-400.0
 10
1166.2320936016279
 20
-400.0
 10
1165.9821275152613
 20
-400.0
 10
1165.7321614288944
 20
-400.0
 10
1165.4821953425276
 20
-400.0
 10
1165.232229256161
 20
-400.0
 10
1164.9822631697944
 20
-400.0
 10
1164.7322970834275
 20
-400.0
 10
1164.4823309970607
 20
-400.0
 10
1164.232364910694
 20
-400.0
 10
1163.9823988243274
 20
-400.0
 10
1163.7324327379606
 20
-400.0
 10
1163.482466651594
 20
-400.0
 10
1163.2325005652274
 20
-400.0
 10
1162.9825344788605
 20
-400.0
 10
1162.7325683924937
 20
-400.0
 10
1162.482602306127
 20
-400.0
 10
1162.2326362197605
 20
-400.0
 10
1161.9826701333936
 20
-400.0
 10
1161.7327040470268
 20
-400.0
 10
1161.4827379606602
 20
-400.0
 10
1161.2327718742936
 20
-400.0
 10
1160.9828057879267
 20
-400.0
 10
1160.7328397015601
 20
-400.0
 10
1160.4828736151935
 20
-400.0
 10
1160.2329075288267
 20
-400.0
 10
1159.9829414424598
 20
-400.0
 10
1159.732975356093
 20
-400.0
 10
1159.4830092697264
 20
-400.0
 10
1159.2330431833598
 20
-400.0
 10
1158.983077096993
 20
-400.0
 10
1158.733111010626
 20
-400.0
 10
1158.4831449242595
 20
-400.0
 10
1158.2331788378929
 20
-400.0
 10
1157.983212751526
 20
-400.0
 10
1157.7332466651592
 20
-400.0
 10
1157.4832805787928
 20
-400.0
 10
1157.233314492426
 20
-400.0
 10
1156.9833484060591
 20
-400.0
 10
1156.7333823196925
 20
-400.0
 10
1156.483416233326
 20
-400.0
 10
1156.233450146959
 20
-400.0
 10
1155.9834840605922
 20
-400.0
 10
1155.7335179742256
 20
-400.0
 10
1155.483551887859
 20
-400.0
 10
1155.2335858014922
 20
-400.0
 10
1154.9836197151253
 20
-400.0
 10
1154.7336536287587
 20
-400.0
 10
1154.483687542392
 20
-400.0
 10
1154.2337214560253
 20
-400.0
 10
1153.9837553696586
 20
-400.0
 10
1153.733789283292
 20
-400.0
 10
1153.4838231969252
 20
-400.0
 10
1153.2338571105583
 20
-400.0
 10
1152.9838910241917
 20
-400.0
 10
1152.7339249378251
 20
-400.0
 10
1152.4839588514583
 20
-400.0
 10
1152.2339927650914
 20
-400.0
 10
1151.9840266787248
 20
-400.0
 10
1151.7340605923582
 20
-400.0
 10
1151.4840945059914
 20
-400.0
 10
1151.2341284196245
 20
-400.0
 10
1150.9841623332582
 20
-400.0
 10
1150.7341962468913
 20
-400.0
 10
1150.4842301605245
 20
-400.0
 10
1150.2342640741579
 20
-400.0
 10
1149.9842979877913
 20
-400.0
 10
1149.7343319014244
 20
-400.0
 10
1149.4843658150576
 20
-400.0
 10
1149.234399728691
 20
-400.0
 10
1148.9844336423243
 20
-400.0
 10
1148.7344675559575
 20
-400.0
 10
1148.4845014695907
 20
-400.0
 10
1148.234535383224
 20
-400.0
 10
1147.9845692968574
 20
-400.0
 10
1147.7346032104906
 20
-400.0
 10
1147.484637124124
 20
-400.0
 10
1147.2346710377574
 20
-400.0
 10
1146.9847049513905
 20
-400.0
 10
1146.7347388650237
 20
-400.0
 10
1146.4847727786569
 20
-400.0
 10
1146.2348066922902
 20
-400.0
 10
1145.9848406059236
 20
-400.0
 10
1145.7348745195568
 20
-400.0
 10
1145.48490843319
 20
-400.0
 10
1145.2349423468233
 20
-400.0
 10
1144.9849762604567
 20
-400.0
 10
1144.73501017409
 20
-400.0
 10
1144.485044087723
 20
-400.0
 10
1144.2350780013567
 20
-400.0
 10
1143.9851119149898
 20
-400.0
 10
1143.735145828623
 20
-400.0
 10
1143.4851797422564
 20
-400.0
 10
1143.2352136558898
 20
-400.0
 10
1142.985247569523
 20
-400.0
 10
1142.735281483156
 20
-400.0
 10
1142.4853153967895
 20
-400.0
 10
1142.2353493104229
 20
-400.0
 10
1141.985383224056
 20
-400.0
 10
1141.7354171376892
 20
-400.0
 10
1141.4854510513226
 20
-400.0
 10
1141.235484964956
 20
-400.0
 10
1140.9855188785891
 20
-400.0
 10
1140.7355527922225
 20
-400.0
 10
1140.485586705856
 20
-400.0
 10
1140.235620619489
 20
-400.0
 10
1139.9856545331222
 20
-400.0
 10
1139.7356884467556
 20
-400.0
 10
1139.485722360389
 20
-400.0
 10
1139.2357562740222
 20
-400.0
 10
1138.9857901876553
 20
-400.0
 10
1138.7358241012887
 20
-400.0
 10
1138.485858014922
 20
-400.0
 10
1138.2358919285552
 20
-400.0
 10
1137.9859258421884
 20
-400.0
 10
1137.735959755822
 20
-400.0
 10
1137.4859936694552
 20
-400.0
 10
1137.2360275830883
 20
-400.0
 10
1136.9860614967217
 20
-400.0
 10
1136.7360954103551
 20
-400.0
 10
1136.4861293239883
 20
-400.0
 10
1136.2361632376214
 20
-400.0
 10
1135.9861971512548
 20
-400.0
 10
1135.7362310648882
 20
-400.0
 10
1135.4862649785214
 20
-400.0
 10
1135.2362988921545
 20
-400.0
 10
1134.986332805788
 20
-400.0
 10
1134.7363667194213
 20
-400.0
 10
1134.4864006330545
 20
-400.0
 10
1134.2364345466879
 20
-400.0
 10
1133.9864684603212
 20
-400.0
 10
1133.7365023739544
 20
-400.0
 10
1133.4865362875876
 20
-400.0
 10
1133.2365702012207
 20
-400.0
 10
1132.9866041148541
 20
-400.0
 10
1132.7366380284875
 20
-400.0
 10
1132.4866719421207
 20
-400.0
 10
1132.2367058557538
 20
-400.0
 10
1131.9867397693872
 20
-400.0
 10
1131.7367736830206
 20
-400.0
 10
1131.4868075966538
 20
-400.0
 10
1131.2368415102871
 20
-400.0
 10
1130.9868754239205
 20
-400.0
 10
1130.7369093375537
 20
-400.0
 10
1130.4869432511869
 20
-400.0
 10
1130.2369771648202
 20
-400.0
 10
1129.9870110784536
 20
-400.0
 10
1129.7370449920868
 20
-400.0
 10
1129.48707890572
 20
-400.0
 10
1129.2371128193533
 20
-400.0
 10
1128.9871467329867
 20
-400.0
 10
1128.73718064662
 20
-400.0
 10
1128.487214560253
 20
-400.0
 10
1128.2372484738864
 20
-400.0
 10
1127.9872823875198
 20
-400.0
 10
1127.737316301153
 20
-400.0
 10
1127.4873502147864
 20
-400.0
 10
1127.2373841284198
 20
-400.0
 10
1126.987418042053
 20
-400.0
 10
1126.737451955686
 20
-400.0
 10
1126.4874858693195
 20
-400.0
 10
1126.2375197829529
 20
-400.0
 10
1125.987553696586
 20
-400.0
 10
1125.7375876102192
 20
-400.0
 10
1125.4876215238526
 20
-400.0
 10
1125.237655437486
 20
-400.0
 10
1124.9876893511191
 20
-400.0
 10
1124.7377232647525
 20
-400.0
 10
1124.487757178386
 20
-400.0
 10
1124.237791092019
 20
-400.0
 10
1123.9878250056522
 20
-400.0
 10
1123.7378589192856
 20
-400.0
 10
1123.487892832919
 20
-400.0
 10
1123.2379267465521
 20
-400.0
 10
1122.9879606601853
 20
-400.0
 10
1122.7379945738187
 20
-400.0
 10
1122.488028487452
 20
-400.0
 10
1122.2380624010852
 20
-400.0
 10
1121.9880963147184
 20
-400.0
 10
1121.7381302283518
 20
-400.0
 10
1121.4881641419852
 20
-400.0
 10
1121.2381980556183
 20
-400.0
 10
1120.9882319692517
 20
-400.0
 10
1120.7382658828851
 20
-400.0
 10
1120.4882997965183
 20
-400.0
 10
1120.2383337101514
 20
-400.0
 10
1119.9883676237846
 20
-400.0
 10
1119.738401537418
 20
-400.0
 10
1119.4884354510514
 20
-400.0
 10
1119.2384693646845
 20
-400.0
 10
1118.9885032783177
 20
-400.0
 10
1118.738537191951
 20
-400.0
 10
1118.4885711055845
 20
-400.0
 10
1118.2386050192176
 20
-400.0
 10
1117.988638932851
 20
-400.0
 10
1117.7386728464844
 20
-400.0
 10
1117.4887067601176
 20
-400.0
 10
1117.2387406737507
 20
-400.0
 10
1116.9887745873841
 20
-400.0
 10
1116.7388085010175
 20
-400.0
 10
1116.4888424146507
 20
-400.0
 10
1116.2388763282838
 20
-400.0
 10
1115.9889102419172
 20
-400.0
 10
1115.7389441555506
 20
-400.0
 10
1115.4889780691838
 20
-400.0
 10
1115.2390119828171
 20
-400.0
 10
1114.9890458964503
 20
-400.0
 10
1114.7390798100837
 20
-400.0
 10
1114.489113723717
 20
-400.0
 10
1114.2391476373502
 20
-400.0
 10
1113.9891815509836
 20
-400.0
 10
1113.7392154646168
 20
-400.0
 10
1113.48924937825
 20
-400.0
 10
1113.2392832918833
 20
-400.0
 10
1112.9893172055165
 20
-400.0
 10
1112.73935111915
 20
-400.0
 10
1112.489385032783
 20
-400.0
 10
1112.2394189464164
 20
-400.0
 10
1111.9894528600496
 20
-400.0
 10
1111.739486773683
 20
-400.0
 10
1111.4895206873164
 20
-400.0
 10
1111.2395546009495
 20
-400.0
 10
1110.989588514583
 20
-400.0
 10
1110.739622428216
 20
-400.0
 10
1110.4896563418495
 20
-400.0
 10
1110.2396902554826
 20
-400.0
 10
1109.989724169116
 20
-400.0
 10
1109.7397580827492
 20
-400.0
 10
1109.4897919963826
 20
-400.0
 10
1109.2398259100157
 20
-400.0
 10
1108.989859823649
 20
-400.0
 10
1108.7398937372823
 20
-400.0
 10
1108.4899276509157
 20
-400.0
 10
1108.239961564549
 20
-400.0
 10
1107.9899954781822
 20
-400.0
 10
1107.7400293918156
 20
-400.0
 10
1107.4900633054488
 20
-400.0
 10
1107.2400972190821
 20
-400.0
 10
1106.9901311327153
 20
-400.0
 10
1106.7401650463487
 20
-400.0
 10
1106.4901989599819
 20
-400.0
 10
1106.2402328736152
 20
-400.0
 10
1105.9902667872484
 20
-400.0
 10
1105.7403007008818
 20
-400.0
 10
1105.490334614515
 20
-400.0
 10
1105.2403685281483
 20
-400.0
 10
1104.9904024417817
 20
-400.0
 10
1104.7404363554149
 20
-400.0
 10
1104.4904702690483
 20
-400.0
 10
1104.2405041826814
 20
-400.0
 10
1103.9905380963148
 20
-400.0
 10
1103.740572009948
 20
-400.0
 10
1103.4906059235814
 20
-400.0
 10
1103.2406398372145
 20
-400.0
 10
1102.990673750848
 20
-400.0
 10
1102.740707664481
 20
-400.0
 10
1102.4907415781145
 20
-400.0
 10
1102.2407754917476
 20
-400.0
 10
1101.990809405381
 20
-400.0
 10
1101.7408433190142
 20
-400.0
 10
1101.4908772326476
 20
-400.0
 10
1101.240911146281
 20
-400.0
 10
1100.990945059914
 20
-400.0
 10
1100.7409789735475
 20
-400.0
 10
1100.4910128871807
 20
-400.0
 10
1100.2410468008138
 20
-400.0
 10
1099.9910807144472
 20
-400.0
 10
1099.7411146280804
 20
-400.0
 10
1099.4911485417138
 20
-400.0
 10
1099.241182455347
 20
-400.0
 10
1098.9912163689803
 20
-400.0
 10
1098.7412502826135
 20
-400.0
 10
1098.4912841962469
 20
-400.0
 10
1098.2413181098802
 20
-400.0
 10
1097.9913520235134
 20
-400.0
 10
1097.7413859371468
 20
-400.0
 10
1097.49141985078
 20
-400.0
 10
1097.2414537644133
 20
-400.0
 10
1096.9914876780465
 20
-400.0
 10
1096.7415215916799
 20
-400.0
 10
1096.491555505313
 20
-400.0
 10
1096.2415894189464
 20
-400.0
 10
1095.9916233325796
 20
-400.0
 10
1095.741657246213
 20
-400.0
 10
1095.4916911598461
 20
-400.0
 10
1095.2417250734795
 20
-400.0
 10
1094.991758987113
 20
-400.0
 10
1094.741792900746
 20
-400.0
 10
1094.4918268143795
 20
-400.0
 10
1094.2418607280126
 20
-400.0
 10
1093.991894641646
 20
-400.0
 10
1093.7419285552792
 20
-400.0
 10
1093.4919624689126
 20
-400.0
 10
1093.2419963825457
 20
-400.0
 10
1092.992030296179
 20
-400.0
 10
1092.7420642098123
 20
-400.0
 10
1092.4920981234457
 20
-400.0
 10
1092.2421320370788
 20
-400.0
 10
1091.9921659507122
 20
-400.0
 10
1091.7421998643456
 20
-400.0
 10
1091.4922337779788
 20
-400.0
 10
1091.2422676916121
 20
-400.0
 10
1090.9923016052453
 20
-400.0
 10
1090.7423355188787
 20
-400.0
 10
1090.4923694325119
 20
-400.0
 10
1090.2424033461452
 20
-400.0
 10
1089.9924372597784
 20
-400.0
 10
1089.7424711734118
 20
-400.0
 10
1089.492505087045
 20
-400.0
 10
1089.2425390006783
 20
-400.0
 10
1088.9925729143115
 20
-400.0
 10
1088.7426068279449
 20
-400.0
 10
1088.4926407415783
 20
-400.0
 10
1088.2426746552114
 20
-400.0
 10
1087.9927085688448
 20
-400.0
 10
1087.742742482478
 20
-400.0
 10
1087.4927763961114
 20
-400.0
 10
1087.2428103097445
 20
-400.0
 10
1086.9928442233777
 20
-400.0
 10
1086.742878137011
 20
-400.0
 10
1086.4929120506442
 20
-400.0
 10
1086.2429459642776
 20
-400.0
 10
1085.9929798779108
 20
-400.0
 10
1085.7430137915442
 20
-400.0
 10
1085.4930477051773
 20
-400.0
 10
1085.2430816188107
 20
-400.0
 10
1084.993115532444
 20
-400.0
 10
1084.7431494460773
 20
-400.0
 10
1084.4931833597107
 20
-400.0
 10
1084.2432172733438
 20
-400.0
 10
1083.9932511869772
 20
-400.0
 10
1083.7432851006104
 20
-400.0
 10
1083.4933190142438
 20
-400.0
 10
1083.243352927877
 20
-400.0
 10
1082.9933868415103
 20
-400.0
 10
1082.7434207551435
 20
-400.0
 10
1082.4934546687768
 20
-400.0
 10
1082.24348858241
 20
-400.0
 10
1081.9935224960434
 20
-400.0
 10
1081.7435564096768
 20
-400.0
 10
1081.49359032331
 20
-400.0
 10
1081.2436242369433
 20
-400.0
 10
1080.9936581505765
 20
-400.0
 10
1080.7436920642099
 20
-400.0
 10
1080.493725977843
 20
-400.0
 10
1080.2437598914764
 20
-400.0
 10
1079.9937938051096
 20
-400.0
 10
1079.743827718743
 20
-400.0
 10
1079.4938616323761
 20
-400.0
 10
1079.2438955460095
 20
-400.0
 10
1078.9939294596427
 20
-400.0
 10
1078.743963373276
 20
-400.0
 10
1078.4939972869095
 20
-400.0
 10
1078.2440312005426
 20
-400.0
 10
1077.994065114176
 20
-400.0
 10
1077.7440990278092
 20
-400.0
 10
1077.4941329414426
 20
-400.0
 10
1077.2441668550757
 20
-400.0
 10
1076.994200768709
 20
-400.0
 10
1076.7442346823423
 20
-400.0
 10
1076.4942685959757
 20
-400.0
 10
1076.2443025096088
 20
-400.0
 10
1075.9943364232422
 20
-400.0
 10
1075.7443703368754
 20
-400.0
 10
1075.4944042505088
 20
-400.0
 10
1075.2444381641421
 20
-400.0
 10
1074.9944720777753
 20
-400.0
 10
1074.7445059914087
 20
-400.0
 10
1074.4945399050418
 20
-400.0
 10
1074.2445738186752
 20
-400.0
 10
1073.9946077323084
 20
-400.0
 10
1073.7446416459416
 20
-400.0
 10
1073.494675559575
 20
-400.0
 10
1073.244709473208
 20
-400.0
 10
1072.9947433868415
 20
-400.0
 10
1072.7447773004747
 20
-400.0
 10
1072.494811214108
 20
-400.0
 10
1072.2448451277412
 20
-400.0
 10
1071.9948790413746
 20
-400.0
 10
1071.744912955008
 20
-400.0
 10
1071.4949468686411
 20
-400.0
 10
1071.2449807822745
 20
-400.0
 10
1070.9950146959077
 20
-400.0
 10
1070.745048609541
 20
-400.0
 10
1070.4950825231742
 20
-400.0
 10
1070.2451164368076
 20
-400.0
 10
1069.9951503504408
 20
-400.0
 10
1069.7451842640742
 20
-400.0
 10
1069.4952181777073
 20
-400.0
 10
1069.2452520913407
 20
-400.0
 10
1068.9952860049739
 20
-400.0
 10
1068.7453199186073
 20
-400.0
 10
1068.4953538322407
 20
-400.0
 10
1068.2453877458738
 20
-400.0
 10
1067.9954216595072
 20
-400.0
 10
1067.7454555731404
 20
-400.0
 10
1067.4954894867737
 20
-400.0
 10
1067.245523400407
 20
-400.0
 10
1066.9955573140403
 20
-400.0
 10
1066.7455912276735
 20
-400.0
 10
1066.4956251413068
 20
-400.0
 10
1066.24565905494
 20
-400.0
 10
1065.9956929685734
 20
-400.0
 10
1065.7457268822066
 20
-400.0
 10
1065.49576079584
 20
-400.0
 10
1065.2457947094733
 20
-400.0
 10
1064.9958286231065
 20
-400.0
 10
1064.7458625367399
 20
-400.0
 10
1064.495896450373
 20
-400.0
 10
1064.2459303640064
 20
-400.0
 10
1063.9959642776396
 20
-400.0
 10
1063.745998191273
 20
-400.0
 10
1063.4960321049061
 20
-400.0
 10
1063.2460660185395
 20
-400.0
 10
1062.9960999321727
 20
-400.0
 10
1062.746133845806
 20
-400.0
 10
1062.4961677594392
 20
-400.0
 10
1062.2462016730726
 20
-400.0
 10
1061.996235586706
 20
-400.0
 10
1061.7462695003392
 20
-400.0
 10
1061.4963034139726
 20
-400.0
 10
1061.2463373276057
 20
-400.0
 10
1060.996371241239
 20
-400.0
 10
1060.7464051548723
 20
-400.0
 10
1060.4964390685054
 20
-400.0
 10
1060.2464729821388
 20
-400.0
 10
1059.996506895772
 20
-400.0
 10
1059.7465408094054
 20
-400.0
 10
1059.4965747230385
 20
-400.0
 10
1059.246608636672
 20
-400.0
 10
1058.996642550305
 20
-400.0
 10
1058.7466764639385
 20
-400.0
 10
1058.4967103775718
 20
-400.0
 10
1058.246744291205
 20
-400.0
 10
1057.9967782048384
 20
-400.0
 10
1057.7468121184716
 20
-400.0
 10
1057.496846032105
 20
-400.0
 10
1057.246879945738
 20
-400.0
 10
1056.9969138593715
 20
-400.0
 10
1056.7469477730046
 20
-400.0
 10
1056.496981686638
 20
-400.0
 10
1056.2470156002712
 20
-400.0
 10
1055.9970495139046
 20
-400.0
 10
1055.7470834275377
 20
-400.0
 10
1055.4971173411711
 20
-400.0
 10
1055.2471512548045
 20
-400.0
 10
1054.9971851684377
 20
-400.0
 10
1054.747219082071
 20
-400.0
 10
1054.4972529957042
 20
-400.0
 10
1054.2472869093376
 20
-400.0
 10
1053.9973208229708
 20
-400.0
 10
1053.7473547366042
 20
-400.0
 10
1053.4973886502373
 20
-400.0
 10
1053.25
 20
-399.9974225638707
 10
1053.25
 20
-399.7474564775039
 10
1053.25
 20
-399.49749039113726
 10
1053.25
 20
-399.2475243047704
 10
1053.25
 20
-398.9975582184038
 10
1053.25
 20
-398.7475921320372
 10
1053.25
 20
-398.49762604567036
 10
1053.25
 20
-398.24765995930375
 10
1053.25
 20
-397.9976938729369
 10
1053.25
 20
-397.7477277865703
 10
1053.25
 20
-397.49776170020345
 10
1053.25
 20
-397.24779561383684
 10
1053.25
 20
-396.99782952747
 10
1053.2478634411034
 20
-396.75
 10
1052.9978973547366
 20
-396.75
 10
1052.74793126837
 20
-396.75
 10
1052.497965182003
 20
-396.75
 10
1052.2479990956365
 20
-396.75
 10
1051.9980330092699
 20
-396.75
 10
1051.748066922903
 20
-396.75
 10
1051.4981008365364
 20
-396.75
 10
1051.2481347501696
 20
-396.75
 10
1050.998168663803
 20
-396.75
 10
1050.7482025774361
 20
-396.75
 10
1050.4982364910693
 20
-396.75
 10
1050.2482704047027
 20
-396.75
 10
1049.9983043183358
 20
-396.75
 10
1049.7483382319692
 20
-396.75
 10
1049.4983721456024
 20
-396.75
 10
1049.2484060592358
 20
-396.75
 10
1048.9984399728692
 20
-396.75
 10
1048.7484738865023
 20
-396.75
 10
1048.4985078001357
 20
-396.75
 10
1048.2485417137689
 20
-396.75
 10
1047.9985756274023
 20
-396.75
 10
1047.7486095410354
 20
-396.75
 10
1047.4986434546688
 20
-396.75
 10
1047.248677368302
 20
-396.75
 10
1046.9987112819354
 20
-396.75
 10
1046.7487451955685
 20
-396.75
 10
1046.498779109202
 20
-396.75
 10
1046.248813022835
 20
-396.75
 10
1045.9988469364685
 20
-396.75
 10
1045.7488808501016
 20
-396.75
 10
1045.498914763735
 20
-396.75
 10
1045.2489486773684
 20
-396.75
 10
1044.9989825910015
 20
-396.75
 10
1044.749016504635
 20
-396.75
 10
1044.499050418268
 20
-396.75
 10
1044.2490843319015
 20
-396.75
 10
1043.9991182455346
 20
-396.75
 10
1043.749152159168
 20
-396.75
 10
1043.4991860728012
 20
-396.75
 10
1043.2492199864346
 20
-396.75
 10
1042.9992539000677
 20
-396.75
 10
1042.7492878137011
 20
-396.75
 10
1042.4993217273343
 20
-396.75
 10
1042.2493556409677
 20
-396.75
 10
1041.999389554601
 20
-396.75
 10
1041.7494234682342
 20
-396.75
 10
1041.4994573818676
 20
-396.75
 10
1041.2494912955008
 20
-396.75
 10
1040.9995252091342
 20
-396.75
 10
1040.75
 20
-396.7504408772327
 10
1040.75
 20
-397.0004069635993
 10
1040.75
 20
-397.25037304996613
 10
1040.75
 20
-397.50033913633274
 10
1040.75
 20
-397.7503052226996
 10
1040.75
 20
-398.0002713090662
 10
1040.75
 20
-398.25023739543303
 10
1040.75
 20
-398.50020348179964
 10
1040.75
 20
-398.75016956816626
 10
1040.75
 20
-399.0001356545331
 10
1040.75
 20
-399.2501017408997
 10
1040.75
 20
-399.50006782726655
 10
1040.75
 20
-399.75003391363316
  0
LWPOLYLINE
  5
107
330
17
100
AcDbEntity
  8
GEOMETRY
100
AcDbPolyline
 90
72
 70
1
 10
1187.6999999084844
 20
-392.8500001861511
 10
1187.69353089524
 20
-392.70183542347075
 10
1187.6741730886035
 20
-392.55479828409875
 10
1187.6420738131721
 20
-392.41000780944916
 10
1187.5974773638138
 20
-392.2685659424609
 10
1187.5407231464367
 20
-392.13154914114676
 10
1187.4722430949037
 20
-392.0000001860977
 10
1187.3925583837563
 20
-391.87492024429304
 10
1187.3022754617616
 20
-391.7572612496153
 10
1187.2020814364703
 20
-391.6479186580584
 10
1187.0927388449134
 20
-391.547724632767
 10
1186.9750798502355
 20
-391.4574417107723
 10
1186.8499999084308
 20
-391.37775699962503
 10
1186.7184509533818
 20
-391.30927694809196
 10
1186.5814341520677
 20
-391.25252273071465
 10
1186.4399922850794
 20
-391.2079262813565
 10
1186.29520181043
 20
-391.1758270059251
 10
1186.1481646710579
 20
-391.15646919928867
 10
1185.9999999083775
 20
-391.1500001860442
 10
1185.8518351456971
 20
-391.15646919928867
 10
1185.704798006325
 20
-391.1758270059251
 10
1185.5600075316756
 20
-391.2079262813565
 10
1185.4185656646873
 20
-391.25252273071465
 10
1185.2815488633732
 20
-391.30927694809196
 10
1185.1499999083242
 20
-391.37775699962503
 10
1185.0249199665195
 20
-391.4574417107723
 10
1184.9072609718417
 20
-391.547724632767
 10
1184.7979183802847
 20
-391.6479186580584
 10
1184.6977243549934
 20
-391.7572612496153
 10
1184.6074414329987
 20
-391.87492024429304
 10
1184.5277567218513
 20
-392.0000001860977
 10
1184.4592766703183
 20
-392.13154914114676
 10
1184.4025224529412
 20
-392.2685659424609
 10
1184.3579260035829
 20
-392.41000780944916
 10
1184.3258267281515
 20
-392.55479828409875
 10
1184.306468921515
 20
-392.70183542347075
 10
1184.2999999082706
 20
-392.8500001861511
 10
1184.306468921515
 20
-392.9981649488314
 10
1184.3258267281515
 20
-393.1452020882034
 10
1184.3579260035829
 20
-393.289992562853
 10
1184.4025224529412
 20
-393.43143442984126
 10
1184.4592766703183
 20
-393.5684512311554
 10
1184.5277567218513
 20
-393.7000001862045
 10
1184.6074414329987
 20
-393.8250801280091
 10
1184.6977243549934
 20
-393.9427391226869
 10
1184.7979183802847
 20
-394.05208171424374
 10
1184.9072609718417
 20
-394.1522757395352
 10
1185.0249199665195
 20
-394.24255866152987
 10
1185.1499999083242
 20
-394.3222433726771
 10
1185.2815488633732
 20
-394.3907234242102
 10
1185.4185656646873
 20
-394.4474776415875
 10
1185.5600075316756
 20
-394.49207409094566
 10
1185.704798006325
 20
-394.52417336637706
 10
1185.8518351456971
 20
-394.5435311730135
 10
1185.9999999083775
 20
-394.55000018625793
 10
1186.1481646710579
 20
-394.5435311730135
 10
1186.29520181043
 20
-394.52417336637706
 10
1186.4399922850794
 20
-394.49207409094566
 10
1186.5814341520677
 20
-394.4474776415875
 10
1186.7184509533818
 20
-394.3907234242102
 10
1186.8499999084308
 20
-394.3222433726771
 10
1186.9750798502355
 20
-394.24255866152987
 10
1187.0927388449134
 20
-394.1522757395352
 10
1187.2020814364703
 20
-394.05208171424374
 10
1187.3022754617616
 20
-393.9427391226869
 10
1187.3925583837563
 20
-393.8250801280091
 10
1187.4722430949037
 20
-393.7000001862045
 10
1187.5407231464367
 20
-393.5684512311554
 10
1187.5974773638138
 20
-393.43143442984126
 10
1187.6420738131721
 20
-393.289992562853
 10
1187.6741730886035
 20
-393.1452020882034
 10
1187.69353089524
 20
-392.9981649488314
  0
LWPOLYLINE
  5
108
330
17
100
AcDbEntity
  8
GEOMETRY
100
AcDbPolyline
 90
72
 70
1
 10
1187.7000000918315
 20
-204.84999997070616
 10
1187.6935310785877
 20
-204.70183520803778
 10
1187.6741732719527
 20
-204.55479806867763
 10
1187.642073996524
 20
-204.41000759403968
 10
1187.5974775471693
 20
-204.26856572706282
 10
1187.5407233297967
 20
-204.13154892575972
 10
1187.4722432782692
 20
-203.99999997072123
 10
1187.3925585671284
 20
-203.87492002892668
 10
1187.302275645141
 20
-203.75726103425842
 10
1187.2020816198576
 20
-203.64791844271033
 10
1187.0927390283096
 20
-203.547724417427
 10
1186.9750800336412
 20
-203.45744149543955
 10
1186.8500000918466
 20
-203.37775678429873
 10
1186.7184511368082
 20
-203.30927673277117
 10
1186.581434335505
 20
-203.25252251539843
 10
1186.439992468528
 20
-203.20792606604385
 10
1186.2952019938903
 20
-203.17582679061508
 10
1186.14816485453
 20
-203.1564689839802
 10
1186.0000000918617
 20
-203.1499999707363
 10
1185.8518353291934
 20
-203.1564689839802
 10
1185.7047981898331
 20
-203.17582679061508
 10
1185.5600077151953
 20
-203.20792606604385
 10
1185.4185658482183
 20
-203.25252251539843
 10
1185.2815490469152
 20
-203.30927673277117
 10
1185.1500000918768
 20
-203.37775678429873
 10
1185.0249201500822
 20
-203.45744149543955
 10
1184.9072611554138
 20
-203.547724417427
 10
1184.7979185638658
 20
-203.64791844271033
 10
1184.6977245385824
 20
-203.75726103425842
 10
1184.607441616595
 20
-203.87492002892668
 10
1184.5277569054542
 20
-203.99999997072123
 10
1184.4592768539267
 20
-204.13154892575972
 10
1184.402522636554
 20
-204.26856572706282
 10
1184.3579261871994
 20
-204.41000759403968
 10
1184.3258269117707
 20
-204.55479806867763
 10
1184.3064691051356
 20
-204.70183520803778
 10
1184.300000091892
 20
-204.84999997070616
 10
1184.3064691051356
 20
-204.99816473337455
 10
1184.3258269117707
 20
-205.1452018727347
 10
1184.3579261871994
 20
-205.28999234737265
 10
1184.402522636554
 20
-205.4314342143495
 10
1184.4592768539267
 20
-205.5684510156526
 10
1184.5277569054542
 20
-205.6999999706911
 10
1184.607441616595
 20
-205.82507991248565
 10
1184.6977245385824
 20
-205.9427389071539
 10
1184.7979185638658
 20
-206.052081498702
 10
1184.9072611554138
 20
-206.15227552398534
 10
1185.0249201500822
 20
-206.24255844597278
 10
1185.1500000918768
 20
-206.3222431571136
 10
1185.2815490469152
 20
-206.39072320864116
 10
1185.4185658482183
 20
-206.4474774260139
 10
1185.5600077151953
 20
-206.49207387536848
 10
1185.7047981898331
 20
-206.52417315079725
 10
1185.8518353291934
 20
-206.54353095743213
 10
1186.0000000918617
 20
-206.54999997067603
 10
1186.14816485453
 20
-206.54353095743213
 10
1186.2952019938903
 20
-206.52417315079725
 10
1186.439992468528
 20
-206.49207387536848
 10
1186.581434335505
 20
-206.4474774260139
 10
1186.7184511368082
 20
-206.39072320864116
 10
1186.8500000918466
 20
-206.3222431571136
 10
1186.9750800336412
 20
-206.24255844597278
 10
1187.0927390283096
 20
-206.15227552398534
 10
1187.2020816198576
 20
-206.052081498702
 10
1187.302275645141
 20
-205.9427389071539
 10
1187.3925585671284
 20
-205.82507991248565
 10
1187.4722432782692
 20
-205.6999999706911
 10
1187.5407233297967
 20
-205.5684510156526
 10
1187.5974775471693
 20
-205.4314342143495
 10
1187.642073996524
 20
-205.28999234737265
 10
1187.6741732719527
 20
-205.1452018727347
 10
1187.6935310785877
 20
-204.99816473337455
  0
LWPOLYLINE
  5
109
330
17
100
AcDbEntity
  8
GEOMETRY
100
AcDbPolyline
 90
72
 70
1
 10
1163.6999995147398
 20
-393.0000001458633
 10
1163.6935305014952
 20
-392.851835383177
 10
1163.6741726948578
 20
-392.7047982437991
 10
1163.6420734194253
 20
-392.5600077691436
 10
1163.5974769700651
 20
-392.4185659021497
 10
1163.5407227526857
 20
-392.28154910083
 10
1163.4722427011498
 20
-392.1500001457756
 10
1163.3925579899994
 20
-392.02492020396596
 10
1163.302275068001
 20
-391.9072612092835
 10
1163.2020810427055
 20
-391.7979186177222
 10
1163.0927384511442
 20
-391.6977245924267
 10
1162.9750794564618
 20
-391.6074416704284
 10
1162.8499995146522
 20
-391.5277569592779
 10
1162.7184505595978
 20
-391.4592769077421
 10
1162.581433758278
 20
-391.4025226903625
 10
1162.439991891284
 20
-391.35792624100253
 10
1162.2952014166287
 20
-391.3258269655699
 10
1162.1481642772508
 20
-391.30646915893266
 10
1161.9999995145645
 20
-391.300000145688
 10
1161.8518347518782
 20
-391.30646915893266
 10
1161.7047976125002
 20
-391.3258269655699
 10
1161.5600071378449
 20
-391.35792624100253
 10
1161.4185652708509
 20
-391.4025226903625
 10
1161.2815484695311
 20
-391.4592769077421
 10
1161.1499995144768
 20
-391.5277569592779
 10
1161.0249195726672
 20
-391.6074416704284
 10
1160.9072605779847
 20
-391.6977245924267
 10
1160.7979179864235
 20
-391.7979186177222
 10
1160.6977239611278
 20
-391.9072612092835
 10
1160.6074410391295
 20
-392.02492020396596
 10
1160.5277563279792
 20
-392.1500001457756
 10
1160.4592762764432
 20
-392.28154910083
 10
1160.4025220590638
 20
-392.4185659021497
 10
1160.3579256097037
 20
-392.5600077691436
 10
1160.3258263342711
 20
-392.7047982437991
 10
1160.3064685276338
 20
-392.851835383177
 10
1160.2999995143891
 20
-393.0000001458633
 10
1160.3064685276338
 20
-393.1481649085496
 10
1160.3258263342711
 20
-393.2952020479275
 10
1160.3579256097037
 20
-393.43999252258294
 10
1160.4025220590638
 20
-393.5814343895769
 10
1160.4592762764432
 20
-393.71845119089653
 10
1160.5277563279792
 20
-393.85000014595096
 10
1160.6074410391295
 20
-393.9750800877606
 10
1160.6977239611278
 20
-394.0927390824431
 10
1160.7979179864235
 20
-394.2020816740044
 10
1160.9072605779847
 20
-394.30227569929986
 10
1161.0249195726672
 20
-394.3925586212982
 10
1161.1499995144768
 20
-394.47224333244867
 10
1161.2815484695311
 20
-394.54072338398447
 10
1161.4185652708509
 20
-394.59747760136406
 10
1161.5600071378449
 20
-394.64207405072403
 10
1161.7047976125002
 20
-394.6741733261567
 10
1161.8518347518782
 20
-394.6935311327939
 10
1161.9999995145645
 20
-394.7000001460386
 10
1162.1481642772508
 20
-394.6935311327939
 10
1162.2952014166287
 20
-394.6741733261567
 10
1162.439991891284
 20
-394.64207405072403
 10
1162.581433758278
 20
-394.59747760136406
 10
1162.7184505595978
 20
-394.54072338398447
 10
1162.8499995146522
 20
-394.47224333244867
 10
1162.9750794564618
 20
-394.3925586212982
 10
1163.0927384511442
 20
-394.30227569929986
 10
1163.2020810427055
 20
-394.2020816740044
 10
1163.302275068001
 20
-394.0927390824431
 10
1163.3925579899994
 20
-393.9750800877606
 10
1163.4722427011498
 20
-393.85000014595096
 10
1163.5407227526857
 20
-393.7184511908966
 10
1163.5974769700651
 20
-393.5814343895769
 10
1163.6420734194253
 20
-393.43999252258294
 10
1163.6741726948578
 20
-393.2952020479275
 10
1163.6935305014952
 20
-393.1481649085496
  0
LWPOLYLINE
  5
10A
330
17
100
AcDbEntity
  8
GEOMETRY
100
AcDbPolyline
 90
72
 70
1
 10
1163.699999525683
 20
-317.3500000307986
 10
1163.693530512439
 20
-317.2018352681242
 10
1163.6741727058034
 20
-317.05479812875814
 10
1163.6420734303733
 20
-316.9100076541144
 10
1163.5974769810168
 20
-316.7685657871318
 10
1163.540722763642
 20
-316.6315489858232
 10
1163.4722427121117
 20
-316.5000000307794
 10
1163.3925580009675
 20
-316.3749200889798
 10
1163.3022750789764
 20
-316.25726109430684
 10
1163.2020810536892
 20
-316.14791850275435
 10
1163.0927384621366
 20
-316.04772447746694
 10
1162.9750794674637
 20
-315.9574415554759
 10
1162.849999525664
 20
-315.8777568443318
 10
1162.7184505706202
 20
-315.80927679280154
 10
1162.5814337693116
 20
-315.7525225754265
 10
1162.439991902329
 20
-315.7079261260701
 10
1162.2952014276852
 20
-315.6758268506401
 10
1162.1481642883193
 20
-315.65646904400444
 10
1161.9999995256449
 20
-315.6500000307602
 10
1161.8518347629704
 20
-315.65646904400444
 10
1161.7047976236045
 20
-315.6758268506401
 10
1161.5600071489607
 20
-315.7079261260701
 10
1161.418565281978
 20
-315.7525225754265
 10
1161.2815484806695
 20
-315.80927679280154
 10
1161.1499995256256
 20
-315.8777568443318
 10
1161.024919583826
 20
-315.9574415554759
 10
1160.907260589153
 20
-316.04772447746694
 10
1160.7979179976005
 20
-316.14791850275435
 10
1160.6977239723133
 20
-316.25726109430684
 10
1160.6074410503222
 20
-316.3749200889798
 10
1160.527756339178
 20
-316.5000000307794
 10
1160.4592762876478
 20
-316.6315489858232
 10
1160.4025220702729
 20
-316.7685657871318
 10
1160.3579256209164
 20
-316.9100076541144
 10
1160.3258263454863
 20
-317.05479812875814
 10
1160.3064685388506
 20
-317.2018352681242
 10
1160.2999995256066
 20
-317.3500000307986
 10
1160.3064685388506
 20
-317.49816479347294
 10
1160.3258263454863
 20
-317.64520193283903
 10
1160.3579256209164
 20
-317.78999240748277
 10
1160.4025220702729
 20
-317.93143427446535
 10
1160.4592762876478
 20
-318.06845107577396
 10
1160.527756339178
 20
-318.20000003081776
 10
1160.6074410503222
 20
-318.32507997261735
 10
1160.6977239723133
 20
-318.4427389672903
 10
1160.7979179976005
 20
-318.5520815588428
 10
1160.907260589153
 20
-318.6522755841302
 10
1161.024919583826
 20
-318.74255850612127
 10
1161.1499995256256
 20
-318.82224321726534
 10
1161.2815484806695
 20
-318.8907232687956
 10
1161.418565281978
 20
-318.94747748617067
 10
1161.5600071489607
 20
-318.99207393552706
 10
1161.7047976236045
 20
-319.0241732109571
 10
1161.8518347629704
 20
-319.0435310175927
 10
1161.9999995256449
 20
-319.05000003083694
 10
1162.1481642883193
 20
-319.0435310175927
 10
1162.2952014276852
 20
-319.0241732109571
 10
1162.439991902329
 20
-318.99207393552706
 10
1162.5814337693116
 20
-318.94747748617067
 10
1162.7184505706202
 20
-318.8907232687956
 10
1162.849999525664
 20
-318.82224321726534
 10
1162.9750794674637
 20
-318.74255850612127
 10
1163.0927384621366
 20
-318.6522755841302
 10
1163.2020810536892
 20
-318.5520815588428
 10
1163.3022750789764
 20
-318.4427389672903
 10
1163.3925580009675
 20
-318.32507997261735
 10
1163.4722427121117
 20
-318.20000003081776
 10
1163.540722763642
 20
-318.06845107577396
 10
1163.5974769810168
 20
-317.93143427446535
 10
1163.6420734303733
 20
-317.78999240748277
 10
1163.6741727058034
 20
-317.64520193283903
 10
1163.693530512439
 20
-317.49816479347294
  0
LWPOLYLINE
  5
10B
330
17
100
AcDbEntity
  8
GEOMETRY
100
AcDbPolyline
 90
72
 70
1
 10
1127.699999836512
 20
-392.8500000138739
 10
1127.693530823268
 20
-392.70183525119955
 10
1127.6741730166323
 20
-392.55479811183346
 10
1127.6420737412022
 20
-392.4100076371897
 10
1127.5974772918457
 20
-392.26856577020715
 10
1127.5407230744709
 20
-392.1315489688985
 10
1127.4722430229406
 20
-392.00000001385473
 10
1127.3925583117964
 20
-391.87492007205515
 10
1127.3022753898053
 20
-391.75726107738217
 10
1127.202081364518
 20
-391.6479184858297
 10
1127.0927387729655
 20
-391.54772446054227
 10
1126.9750797782926
 20
-391.4574415385512
 10
1126.849999836493
 20
-391.37775682740715
 10
1126.7184508814491
 20
-391.30927677587687
 10
1126.5814340801405
 20
-391.2525225585018
 10
1126.439992213158
 20
-391.20792610914543
 10
1126.2952017385142
 20
-391.1758268337154
 10
1126.1481645991482
 20
-391.15646902707977
 10
1125.9999998364738
 20
-391.15000001383555
 10
1125.8518350737993
 20
-391.15646902707977
 10
1125.7047979344334
 20
-391.1758268337154
 10
1125.5600074597896
 20
-391.20792610914543
 10
1125.418565592807
 20
-391.2525225585018
 10
1125.2815487914984
 20
-391.30927677587687
 10
1125.1499998364545
 20
-391.37775682740715
 10
1125.0249198946549
 20
-391.4574415385512
 10
1124.907260899982
 20
-391.54772446054227
 10
1124.7979183084294
 20
-391.6479184858297
 10
1124.6977242831422
 20
-391.75726107738217
 10
1124.6074413611511
 20
-391.87492007205515
 10
1124.527756650007
 20
-392.00000001385473
 10
1124.4592765984767
 20
-392.1315489688985
 10
1124.4025223811018
 20
-392.26856577020715
 10
1124.3579259317453
 20
-392.4100076371897
 10
1124.3258266563153
 20
-392.55479811183346
 10
1124.3064688496795
 20
-392.70183525119955
 10
1124.2999998364355
 20
-392.8500000138739
 10
1124.3064688496795
 20
-392.99816477654826
 10
1124.3258266563153
 20
-393.14520191591436
 10
1124.3579259317453
 20
-393.2899923905581
 10
1124.4025223811018
 20
-393.4314342575407
 10
1124.4592765984767
 20
-393.5684510588493
 10
1124.527756650007
 20
-393.7000000138931
 10
1124.6074413611511
 20
-393.8250799556927
 10
1124.6977242831422
 20
-393.94273895036565
 10
1124.7979183084294
 20
-394.05208154191814
 10
1124.907260899982
 20
-394.15227556720555
 10
1125.0249198946549
 20
-394.2425584891966
 10
1125.1499998364545
 20
-394.32224320034067
 10
1125.2815487914984
 20
-394.39072325187095
 10
1125.418565592807
 20
-394.447477469246
 10
1125.5600074597896
 20
-394.4920739186024
 10
1125.7047979344334
 20
-394.5241731940324
 10
1125.8518350737993
 20
-394.54353100066805
 10
1125.9999998364738
 20
-394.55000001391227
 10
1126.1481645991482
 20
-394.54353100066805
 10
1126.2952017385142
 20
-394.5241731940324
 10
1126.439992213158
 20
-394.4920739186024
 10
1126.5814340801405
 20
-394.447477469246
 10
1126.7184508814491
 20
-394.39072325187095
 10
1126.849999836493
 20
-394.32224320034067
 10
1126.9750797782926
 20
-394.2425584891966
 10
1127.0927387729655
 20
-394.15227556720555
 10
1127.202081364518
 20
-394.05208154191814
 10
1127.3022753898053
 20
-393.94273895036565
 10
1127.3925583117964
 20
-393.8250799556927
 10
1127.4722430229406
 20
-393.7000000138931
 10
1127.5407230744709
 20
-393.5684510588493
 10
1127.5974772918457
 20
-393.4314342575407
 10
1127.6420737412022
 20
-393.2899923905581
 10
1127.6741730166323
 20
-393.14520191591436
 10
1127.693530823268
 20
-392.99816477654826
  0
LWPOLYLINE
  5
10C
330
17
100
AcDbEntity
  8
GEOMETRY
100
AcDbPolyline
 90
72
 70
1
 10
1127.69999963937
 20
-204.8500000440223
 10
1127.693530626126
 20
-204.70183528134794
 10
1127.6741728194902
 20
-204.55479814198185
 10
1127.6420735440602
 20
-204.41000766733808
 10
1127.5974770947037
 20
-204.26856580035553
 10
1127.5407228773288
 20
-204.13154899904688
 10
1127.4722428257985
 20
-204.00000004400312
 10
1127.3925581146543
 20
-203.87492010220353
 10
1127.3022751926633
 20
-203.75726110753052
 10
1127.202081167376
 20
-203.64791851597803
 10
1127.0927385758234
 20
-203.54772449069065
 10
1126.9750795811506
 20
-203.4574415686996
 10
1126.849999639351
 20
-203.37775685755554
 10
1126.718450684307
 20
-203.30927680602522
 10
1126.5814338829985
 20
-203.2525225886502
 10
1126.4399920160158
 20
-203.20792613929385
 10
1126.295201541372
 20
-203.17582686386376
 10
1126.1481644020062
 20
-203.15646905722812
 10
1125.9999996393317
 20
-203.15000004398394
 10
1125.8518348766572
 20
-203.15646905722812
 10
1125.7047977372913
 20
-203.17582686386376
 10
1125.5600072626476
 20
-203.20792613929385
 10
1125.418565395665
 20
-203.2525225886502
 10
1125.2815485943563
 20
-203.30927680602522
 10
1125.1499996393125
 20
-203.37775685755554
 10
1125.0249196975128
 20
-203.4574415686996
 10
1124.90726070284
 20
-203.54772449069065
 10
1124.7979181112873
 20
-203.64791851597803
 10
1124.697724086
 20
-203.75726110753052
 10
1124.607441164009
 20
-203.87492010220353
 10
1124.5277564528649
 20
-204.00000004400312
 10
1124.4592764013346
 20
-204.13154899904688
 10
1124.4025221839597
 20
-204.26856580035553
 10
1124.3579257346032
 20
-204.41000766733808
 10
1124.3258264591732
 20
-204.55479814198185
 10
1124.3064686525374
 20
-204.70183528134794
 10
1124.2999996392934
 20
-204.8500000440223
 10
1124.3064686525374
 20
-204.99816480669665
 10
1124.3258264591732
 20
-205.14520194606274
 10
1124.3579257346032
 20
-205.2899924207065
 10
1124.4025221839597
 20
-205.43143428768906
 10
1124.4592764013346
 20
-205.56845108899768
 10
1124.5277564528649
 20
-205.70000004404147
 10
1124.607441164009
 20
-205.82507998584106
 10
1124.697724086
 20
-205.94273898051406
 10
1124.7979181112873
 20
-206.05208157206656
 10
1124.90726070284
 20
-206.15227559735393
 10
1125.0249196975128
 20
-206.24255851934498
 10
1125.1499996393125
 20
-206.32224323048905
 10
1125.2815485943563
 20
-206.39072328201937
 10
1125.418565395665
 20
-206.44747749939438
 10
1125.5600072626476
 20
-206.49207394875074
 10
1125.7047977372913
 20
-206.52417322418083
 10
1125.8518348766572
 20
-206.54353103081647
 10
1125.9999996393317
 20
-206.55000004406065
 10
1126.1481644020062
 20
-206.54353103081647
 10
1126.295201541372
 20
-206.52417322418083
 10
1126.4399920160158
 20
-206.49207394875074
 10
1126.5814338829985
 20
-206.44747749939438
 10
1126.718450684307
 20
-206.39072328201937
 10
1126.849999639351
 20
-206.32224323048905
 10
1126.9750795811506
 20
-206.24255851934498
 10
1127.0927385758234
 20
-206.15227559735393
 10
1127.202081167376
 20
-206.05208157206656
 10
1127.3022751926633
 20
-205.94273898051406
 10
1127.3925581146543
 20
-205.82507998584106
 10
1127.4722428257985
 20
-205.70000004404147
 10
1127.5407228773288
 20
-205.5684510889977
 10
1127.5974770947037
 20
-205.43143428768906
 10
1127.6420735440602
 20
-205.2899924207065
 10
1127.6741728194902
 20
-205.14520194606274
 10
1127.693530626126
 20
-204.99816480669665
  0
LWPOLYLINE
  5
10D
330
17
100
AcDbEntity
  8
GEOMETRY
100
AcDbPolyline
 90
72
 70
1
 10
1093.6999997001933
 20
-393.0000000360718
 10
1093.6935306869493
 20
-392.85183527339746
 10
1093.6741728803136
 20
-392.70479813403136
 10
1093.6420736048835
 20
-392.5600076593876
 10
1093.597477155527
 20
-392.41856579240505
 10
1093.5407229381522
 20
-392.28154899109643
 10
1093.4722428866219
 20
-392.15000003605263
 10
1093.3925581754777
 20
-392.02492009425305
 10
1093.3022752534866
 20
-391.90726109958007
 10
1093.2020812281994
 20
-391.7979185080276
 10
1093.0927386366468
 20
-391.69772448274017
 10
1092.975079641974
 20
-391.6074415607491
 10
1092.8499997001743
 20
-391.52775684960505
 10
1092.7184507451304
 20
-391.45927679807477
 10
1092.5814339438218
 20
-391.4025225806997
 10
1092.4399920768392
 20
-391.35792613134333
 10
1092.2952016021954
 20
-391.3258268559133
 10
1092.1481644628295
 20
-391.30646904927767
 10
1091.999999700155
 20
-391.30000003603345
 10
1091.8518349374806
 20
-391.30646904927767
 10
1091.7047977981147
 20
-391.3258268559133
 10
1091.560007323471
 20
-391.35792613134333
 10
1091.4185654564883
 20
-391.4025225806997
 10
1091.2815486551797
 20
-391.45927679807477
 10
1091.1499997001358
 20
-391.52775684960505
 10
1091.0249197583362
 20
-391.6074415607491
 10
1090.9072607636633
 20
-391.69772448274017
 10
1090.7979181721107
 20
-391.7979185080276
 10
1090.6977241468235
 20
-391.90726109958007
 10
1090.6074412248324
 20
-392.02492009425305
 10
1090.5277565136882
 20
-392.15000003605263
 10
1090.459276462158
 20
-392.28154899109643
 10
1090.402522244783
 20
-392.41856579240505
 10
1090.3579257954266
 20
-392.5600076593876
 10
1090.3258265199966
 20
-392.70479813403136
 10
1090.3064687133608
 20
-392.85183527339746
 10
1090.2999997001168
 20
-393.0000000360718
 10
1090.3064687133608
 20
-393.14816479874617
 10
1090.3258265199966
 20
-393.29520193811226
 10
1090.3579257954266
 20
-393.439992412756
 10
1090.402522244783
 20
-393.5814342797386
 10
1090.459276462158
 20
-393.7184510810472
 10
1090.5277565136882
 20
-393.850000036091
 10
1090.6074412248324
 20
-393.9750799778906
 10
1090.6977241468235
 20
-394.09273897256355
 10
1090.7979181721107
 20
-394.20208156411604
 10
1090.9072607636633
 20
-394.30227558940345
 10
1091.0249197583362
 20
-394.3925585113945
 10
1091.1499997001358
 20
-394.47224322253857
 10
1091.2815486551797
 20
-394.54072327406885
 10
1091.4185654564883
 20
-394.5974774914439
 10
1091.560007323471
 20
-394.6420739408003
 10
1091.7047977981147
 20
-394.6741732162303
 10
1091.8518349374806
 20
-394.69353102286595
 10
1091.999999700155
 20
-394.70000003611017
 10
1092.1481644628295
 20
-394.69353102286595
 10
1092.2952016021954
 20
-394.6741732162303
 10
1092.4399920768392
 20
-394.6420739408003
 10
1092.5814339438218
 20
-394.5974774914439
 10
1092.7184507451304
 20
-394.54072327406885
 10
1092.8499997001743
 20
-394.47224322253857
 10
1092.975079641974
 20
-394.3925585113945
 10
1093.0927386366468
 20
-394.30227558940345
 10
1093.2020812281994
 20
-394.20208156411604
 10
1093.3022752534866
 20
-394.09273897256355
 10
1093.3925581754777
 20
-393.9750799778906
 10
1093.4722428866219
 20
-393.850000036091
 10
1093.5407229381522
 20
-393.7184510810472
 10
1093.597477155527
 20
-393.5814342797386
 10
1093.6420736048835
 20
-393.439992412756
 10
1093.6741728803136
 20
-393.29520193811226
 10
1093.6935306869493
 20
-393.14816479874617
  0
LWPOLYLINE
  5
10E
330
17
100
AcDbEntity
  8
GEOMETRY
100
AcDbPolyline
 90
72
 70
1
 10
1093.6999997981773
 20
-317.34999992416124
 10
1093.6935307849337
 20
-317.2018351614988
 10
1093.6741729782996
 20
-317.05479802214455
 10
1093.642073702872
 20
-316.91000754751246
 10
1093.5974772535192
 20
-316.7685656805413
 10
1093.5407230361488
 20
-316.6315488792437
 10
1093.472242984624
 20
-316.49999992421056
 10
1093.3925582734864
 20
-316.37491998242103
 10
1093.3022753515027
 20
-316.2572609877575
 10
1093.2020813262234
 20
-316.1479183962138
 10
1093.0927387346796
 20
-316.04772437093453
 10
1092.975079740016
 20
-315.9574414489507
 10
1092.8499997982267
 20
-315.8777567378131
 10
1092.7184508431933
 20
-315.8092766862883
 10
1092.5814340418958
 20
-315.75252246891785
 10
1092.4399921749246
 20
-315.7079260195651
 10
1092.2952017002926
 20
-315.6758267441376
 10
1092.1481645609383
 20
-315.6564689375035
 10
1091.999999798276
 20
-315.6499999242599
 10
1091.8518350356135
 20
-315.6564689375035
 10
1091.7047978962592
 20
-315.6758267441376
 10
1091.5600074216272
 20
-315.7079260195651
 10
1091.418565554656
 20
-315.75252246891785
 10
1091.2815487533585
 20
-315.8092766862883
 10
1091.149999798325
 20
-315.8777567378131
 10
1091.0249198565357
 20
-315.9574414489507
 10
1090.9072608618721
 20
-316.04772437093453
 10
1090.7979182703284
 20
-316.1479183962138
 10
1090.6977242450491
 20
-316.2572609877575
 10
1090.6074413230654
 20
-316.37491998242103
 10
1090.5277566119278
 20
-316.49999992421056
 10
1090.459276560403
 20
-316.6315488792437
 10
1090.4025223430326
 20
-316.7685656805413
 10
1090.3579258936797
 20
-316.91000754751246
 10
1090.3258266182522
 20
-317.05479802214455
 10
1090.306468811618
 20
-317.2018351614988
 10
1090.2999997983745
 20
-317.34999992416124
 10
1090.306468811618
 20
-317.49816468682366
 10
1090.3258266182522
 20
-317.6452018261779
 10
1090.3579258936797
 20
-317.78999230081
 10
1090.4025223430326
 20
-317.93143416778116
 10
1090.459276560403
 20
-318.06845096907875
 10
1090.5277566119278
 20
-318.1999999241119
 10
1090.6074413230654
 20
-318.32507986590144
 10
1090.6977242450491
 20
-318.442738860565
 10
1090.7979182703284
 20
-318.55208145210867
 10
1090.9072608618721
 20
-318.65227547738795
 10
1091.0249198565357
 20
-318.7425583993718
 10
1091.149999798325
 20
-318.82224311050936
 10
1091.2815487533583
 20
-318.8907231620342
 10
1091.418565554656
 20
-318.94747737940463
 10
1091.5600074216272
 20
-318.9920738287574
 10
1091.7047978962592
 20
-319.02417310418485
 10
1091.8518350356135
 20
-319.04353091081896
 10
1091.999999798276
 20
-319.0499999240626
 10
1092.1481645609383
 20
-319.04353091081896
 10
1092.2952017002926
 20
-319.02417310418485
 10
1092.4399921749246
 20
-318.9920738287574
 10
1092.5814340418958
 20
-318.94747737940463
 10
1092.7184508431933
 20
-318.8907231620342
 10
1092.8499997982267
 20
-318.82224311050936
 10
1092.975079740016
 20
-318.7425583993718
 10
1093.0927387346796
 20
-318.65227547738795
 10
1093.2020813262234
 20
-318.55208145210867
 10
1093.3022753515027
 20
-318.442738860565
 10
1093.3925582734864
 20
-318.32507986590144
 10
1093.472242984624
 20
-318.1999999241119
 10
1093.5407230361488
 20
-318.06845096907875
 10
1093.5974772535192
 20
-317.93143416778116
 10
1093.642073702872
 20
-317.78999230081
 10
1093.6741729782996
 20
-317.6452018261779
 10
1093.6935307849337
 20
-317.49816468682366
  0
LWPOLYLINE
  5
10F
330
17
100
AcDbEntity
  8
GEOMETRY
100
AcDbPolyline
 90
72
 70
1
 10
1067.7000000299179
 20
-392.8500000413497
 10
1067.693531016674
 20
-392.70183527867533
 10
1067.6741732100381
 20
-392.55479813930924
 10
1067.642073934608
 20
-392.4100076646655
 10
1067.5974774852516
 20
-392.2685657976829
 10
1067.5407232678767
 20
-392.1315489963743
 10
1067.4722432163464
 20
-392.0000000413305
 10
1067.3925585052023
 20
-391.8749200995309
 10
1067.3022755832112
 20
-391.75726110485795
 10
1067.202081557924
 20
-391.64791851330546
 10
1067.0927389663714
 20
-391.54772448801805
 10
1066.9750799716985
 20
-391.457441566027
 10
1066.8500000298989
 20
-391.37775685488293
 10
1066.718451074855
 20
-391.30927680335265
 10
1066.5814342735464
 20
-391.2525225859776
 10
1066.4399924065638
 20
-391.2079261366212
 10
1066.29520193192
 20
-391.1758268611912
 10
1066.148164792554
 20
-391.15646905455554
 10
1066.0000000298796
 20
-391.15000004131133
 10
1065.8518352672052
 20
-391.15646905455554
 10
1065.7047981278392
 20
-391.1758268611912
 10
1065.5600076531955
 20
-391.2079261366212
 10
1065.4185657862129
 20
-391.2525225859776
 10
1065.2815489849042
 20
-391.30927680335265
 10
1065.1500000298604
 20
-391.37775685488293
 10
1065.0249200880608
 20
-391.457441566027
 10
1064.907261093388
 20
-391.54772448801805
 10
1064.7979185018353
 20
-391.64791851330546
 10
1064.697724476548
 20
-391.75726110485795
 10
1064.607441554557
 20
-391.8749200995309
 10
1064.5277568434128
 20
-392.0000000413305
 10
1064.4592767918825
 20
-392.1315489963743
 10
1064.4025225745077
 20
-392.2685657976829
 10
1064.3579261251512
 20
-392.4100076646655
 10
1064.3258268497211
 20
-392.55479813930924
 10
1064.3064690430854
 20
-392.70183527867533
 10
1064.3000000298414
 20
-392.8500000413497
 10
1064.3064690430854
 20
-392.99816480402404
 10
1064.3258268497211
 20
-393.14520194339013
 10
1064.3579261251512
 20
-393.2899924180339
 10
1064.4025225745077
 20
-393.43143428501645
 10
1064.4592767918825
 20
-393.56845108632507
 10
1064.5277568434128
 20
-393.70000004136887
 10
1064.607441554557
 20
-393.82507998316845
 10
1064.697724476548
 20
-393.94273897784143
 10
1064.7979185018353
 20
-394.0520815693939
 10
1064.907261093388
 20
-394.1522755946813
 10
1065.0249200880608
 20
-394.2425585166724
 10
1065.1500000298604
 20
-394.32224322781644
 10
1065.2815489849042
 20
-394.39072327934673
 10
1065.4185657862129
 20
-394.4474774967218
 10
1065.5600076531955
 20
-394.49207394607816
 10
1065.7047981278392
 20
-394.5241732215082
 10
1065.8518352672052
 20
-394.54353102814383
 10
1066.0000000298796
 20
-394.55000004138805
 10
1066.148164792554
 20
-394.54353102814383
 10
1066.29520193192
 20
-394.5241732215082
 10
1066.4399924065638
 20
-394.49207394607816
 10
1066.5814342735464
 20
-394.4474774967218
 10
1066.718451074855
 20
-394.39072327934673
 10
1066.8500000298989
 20
-394.32224322781644
 10
1066.9750799716985
 20
-394.2425585166724
 10
1067.0927389663714
 20
-394.1522755946813
 10
1067.202081557924
 20
-394.0520815693939
 10
1067.3022755832112
 20
-393.94273897784143
 10
1067.3925585052023
 20
-393.82507998316845
 10
1067.4722432163464
 20
-393.70000004136887
 10
1067.5407232678767
 20
-393.56845108632507
 10
1067.5974774852516
 20
-393.43143428501645
 10
1067.642073934608
 20
-393.2899924180339
 10
1067.6741732100381
 20
-393.14520194339013
 10
1067.693531016674
 20
-392.99816480402404
  0
LWPOLYLINE
  5
110
330
17
100
AcDbEntity
  8
GEOMETRY
100
AcDbPolyline
 90
72
 70
1
 10
1067.6999998748104
 20
-204.84999996330043
 10
1067.693530861566
 20
-204.7018352006201
 10
1067.6741730549295
 20
-204.5547980612481
 10
1067.642073779498
 20
-204.4100075865985
 10
1067.5974773301398
 20
-204.26856571961025
 10
1067.5407231127626
 20
-204.1315489182961
 10
1067.4722430612296
 20
-203.999999963247
 10
1067.3925583500823
 20
-203.8749200214424
 10
1067.3022754280876
 20
-203.75726102676464
 10
1067.2020814027962
 20
-203.64791843520777
 10
1067.0927388112393
 20
-203.54772440991633
 10
1066.9750798165614
 20
-203.45744148792164
 10
1066.8499998747568
 20
-203.37775677677436
 10
1066.7184509197077
 20
-203.30927672524132
 10
1066.5814341183936
 20
-203.252522507864
 10
1066.4399922514053
 20
-203.20792605850582
 10
1066.295201776756
 20
-203.17582678307448
 10
1066.1481646373838
 20
-203.15646897643805
 10
1065.9999998747035
 20
-203.1499999631936
 10
1065.851835112023
 20
-203.15646897643805
 10
1065.704797972651
 20
-203.17582678307448
 10
1065.5600074980016
 20
-203.20792605850582
 10
1065.4185656310133
 20
-203.252522507864
 10
1065.2815488296992
 20
-203.30927672524132
 10
1065.1499998746501
 20
-203.37775677677436
 10
1065.0249199328455
 20
-203.45744148792164
 10
1064.9072609381676
 20
-203.54772440991633
 10
1064.7979183466107
 20
-203.64791843520777
 10
1064.6977243213194
 20
-203.75726102676464
 10
1064.6074413993247
 20
-203.8749200214424
 10
1064.5277566881773
 20
-203.999999963247
 10
1064.4592766366443
 20
-204.1315489182961
 10
1064.4025224192671
 20
-204.26856571961025
 10
1064.3579259699088
 20
-204.4100075865985
 10
1064.3258266944774
 20
-204.5547980612481
 10
1064.306468887841
 20
-204.7018352006201
 10
1064.2999998745966
 20
-204.84999996330043
 10
1064.306468887841
 20
-204.99816472598076
 10
1064.3258266944774
 20
-205.14520186535276
 10
1064.3579259699088
 20
-205.28999234000236
 10
1064.4025224192671
 20
-205.43143420699062
 10
1064.4592766366443
 20
-205.56845100830478
 10
1064.5277566881773
 20
-205.69999996335386
 10
1064.6074413993247
 20
-205.82507990515847
 10
1064.6977243213194
 20
-205.94273889983623
 10
1064.7979183466107
 20
-206.0520814913931
 10
1064.9072609381676
 20
-206.15227551668454
 10
1065.0249199328455
 20
-206.24255843867923
 10
1065.1499998746501
 20
-206.3222431498265
 10
1065.2815488296992
 20
-206.39072320135955
 10
1065.4185656310133
 20
-206.44747741873687
 10
1065.5600074980016
 20
-206.49207386809505
 10
1065.704797972651
 20
-206.52417314352638
 10
1065.851835112023
 20
-206.54353095016282
 10
1065.9999998747035
 20
-206.54999996340726
 10
1066.1481646373838
 20
-206.54353095016282
 10
1066.295201776756
 20
-206.52417314352638
 10
1066.4399922514053
 20
-206.49207386809505
 10
1066.5814341183936
 20
-206.44747741873687
 10
1066.7184509197077
 20
-206.39072320135955
 10
1066.8499998747568
 20
-206.3222431498265
 10
1066.9750798165614
 20
-206.24255843867923
 10
1067.0927388112393
 20
-206.15227551668454
 10
1067.2020814027962
 20
-206.0520814913931
 10
1067.3022754280876
 20
-205.94273889983623
 10
1067.3925583500823
 20
-205.82507990515847
 10
1067.4722430612296
 20
-205.69999996335386
 10
1067.5407231127626
 20
-205.56845100830478
 10
1067.5974773301398
 20
-205.43143420699062
 10
1067.642073779498
 20
-205.28999234000236
 10
1067.6741730549295
 20
-205.14520186535276
 10
1067.693530861566
 20
-204.99816472598076
  0
LWPOLYLINE
  5
111
330
17
100
AcDbEntity
  8
GEOMETRY
100
AcDbPolyline
 90
72
 70
1
 10
1007.6999999710234
 20
-392.84999998051154
 10
1007.6935309577792
 20
-392.7018352178372
 10
1007.6741731511436
 20
-392.5547980784711
 10
1007.6420738757135
 20
-392.41000760382735
 10
1007.5974774263572
 20
-392.2685657368448
 10
1007.5407232089822
 20
-392.13154893553616
 10
1007.4722431574519
 20
-391.99999998049236
 10
1007.3925584463078
 20
-391.8749200386928
 10
1007.3022755243167
 20
-391.7572610440198
 10
1007.2020814990293
 20
-391.6479184524673
 10
1007.0927389074768
 20
-391.5477244271799
 10
1006.9750799128038
 20
-391.45744150518885
 10
1006.8499999710042
 20
-391.3777567940448
 10
1006.7184510159605
 20
-391.3092767425145
 10
1006.5814342146518
 20
-391.25252252513945
 10
1006.4399923476693
 20
-391.20792607578306
 10
1006.2952018730255
 20
-391.17582680035304
 10
1006.1481647336594
 20
-391.1564689937174
 10
1005.9999999709851
 20
-391.1499999804732
 10
1005.8518352083107
 20
-391.1564689937174
 10
1005.7047980689447
 20
-391.17582680035304
 10
1005.5600075943008
 20
-391.20792607578306
 10
1005.4185657273183
 20
-391.25252252513945
 10
1005.2815489260097
 20
-391.3092767425145
 10
1005.149999970966
 20
-391.3777567940448
 10
1005.0249200291663
 20
-391.45744150518885
 10
1004.9072610344933
 20
-391.5477244271799
 10
1004.7979184429408
 20
-391.6479184524673
 10
1004.6977244176535
 20
-391.7572610440198
 10
1004.6074414956623
 20
-391.8749200386928
 10
1004.5277567845183
 20
-391.99999998049236
 10
1004.459276732988
 20
-392.13154893553616
 10
1004.402522515613
 20
-392.2685657368448
 10
1004.3579260662566
 20
-392.41000760382735
 10
1004.3258267908266
 20
-392.5547980784711
 10
1004.3064689841909
 20
-392.7018352178372
 10
1004.2999999709467
 20
-392.84999998051154
 10
1004.3064689841909
 20
-392.9981647431859
 10
1004.3258267908266
 20
-393.145201882552
 10
1004.3579260662566
 20
-393.28999235719573
 10
1004.402522515613
 20
-393.4314342241783
 10
1004.459276732988
 20
-393.5684510254869
 10
1004.5277567845183
 20
-393.6999999805307
 10
1004.6074414956623
 20
-393.8250799223303
 10
1004.6977244176535
 20
-393.9427389170033
 10
1004.7979184429408
 20
-394.0520815085558
 10
1004.9072610344933
 20
-394.1522755338432
 10
1005.0249200291663
 20
-394.2425584558342
 10
1005.149999970966
 20
-394.3222431669783
 10
1005.2815489260097
 20
-394.3907232185086
 10
1005.4185657273183
 20
-394.4474774358836
 10
1005.5600075943008
 20
-394.49207388524
 10
1005.7047980689447
 20
-394.52417316067005
 10
1005.8518352083107
 20
-394.5435309673057
 10
1005.9999999709851
 20
-394.5499999805499
 10
1006.1481647336594
 20
-394.5435309673057
 10
1006.2952018730255
 20
-394.52417316067005
 10
1006.4399923476693
 20
-394.49207388524
 10
1006.5814342146518
 20
-394.4474774358836
 10
1006.7184510159605
 20
-394.3907232185086
 10
1006.8499999710042
 20
-394.3222431669783
 10
1006.9750799128038
 20
-394.2425584558342
 10
1007.0927389074768
 20
-394.1522755338432
 10
1007.2020814990293
 20
-394.0520815085558
 10
1007.3022755243167
 20
-393.9427389170033
 10
1007.3925584463078
 20
-393.8250799223303
 10
1007.4722431574519
 20
-393.6999999805307
 10
1007.5407232089822
 20
-393.5684510254869
 10
1007.5974774263572
 20
-393.4314342241783
 10
1007.6420738757135
 20
-393.28999235719573
 10
1007.6741731511436
 20
-393.145201882552
 10
1007.6935309577792
 20
-392.9981647431859
  0
LWPOLYLINE
  5
112
330
17
100
AcDbEntity
  8
GEOMETRY
100
AcDbPolyline
 90
72
 70
1
 10
1007.6999997438973
 20
-204.8499999473163
 10
1007.6935307306528
 20
-204.70183518463597
 10
1007.6741729240164
 20
-204.55479804526396
 10
1007.6420736485851
 20
-204.41000757061437
 10
1007.5974771992269
 20
-204.2685657036261
 10
1007.5407229818496
 20
-204.13154890231195
 10
1007.4722429303165
 20
-203.99999994726286
 10
1007.3925582191692
 20
-203.87492000545825
 10
1007.3022752971746
 20
-203.7572610107805
 10
1007.2020812718831
 20
-203.64791841922363
 10
1007.0927386803262
 20
-203.54772439393219
 10
1006.9750796856486
 20
-203.4574414719375
 10
1006.8499997438439
 20
-203.37775676079022
 10
1006.7184507887948
 20
-203.30927670925718
 10
1006.5814339874806
 20
-203.25252249187986
 10
1006.4399921204924
 20
-203.20792604252168
 10
1006.2952016458428
 20
-203.17582676709034
 10
1006.1481645064708
 20
-203.1564689604539
 10
1005.9999997437905
 20
-203.14999994720947
 10
1005.8518349811101
 20
-203.1564689604539
 10
1005.7047978417381
 20
-203.17582676709034
 10
1005.5600073670885
 20
-203.20792604252168
 10
1005.4185655001003
 20
-203.25252249187986
 10
1005.2815486987861
 20
-203.30927670925718
 10
1005.149999743737
 20
-203.37775676079022
 10
1005.0249198019324
 20
-203.4574414719375
 10
1004.9072608072547
 20
-203.54772439393219
 10
1004.7979182156978
 20
-203.64791841922363
 10
1004.6977241904063
 20
-203.7572610107805
 10
1004.6074412684117
 20
-203.87492000545825
 10
1004.5277565572644
 20
-203.99999994726286
 10
1004.4592765057313
 20
-204.13154890231195
 10
1004.402522288354
 20
-204.2685657036261
 10
1004.3579258389958
 20
-204.41000757061437
 10
1004.3258265635645
 20
-204.55479804526396
 10
1004.3064687569281
 20
-204.70183518463597
 10
1004.2999997436837
 20
-204.8499999473163
 10
1004.3064687569281
 20
-204.99816470999662
 10
1004.3258265635645
 20
-205.14520184936862
 10
1004.3579258389958
 20
-205.28999232401821
 10
1004.402522288354
 20
-205.43143419100647
 10
1004.4592765057313
 20
-205.56845099232063
 10
1004.5277565572644
 20
-205.69999994736972
 10
1004.6074412684117
 20
-205.82507988917433
 10
1004.6977241904063
 20
-205.9427388838521
 10
1004.7979182156978
 20
-206.05208147540895
 10
1004.9072608072547
 20
-206.1522755007004
 10
1005.0249198019324
 20
-206.24255842269508
 10
1005.149999743737
 20
-206.32224313384236
 10
1005.2815486987861
 20
-206.3907231853754
 10
1005.4185655001003
 20
-206.44747740275272
 10
1005.5600073670885
 20
-206.4920738521109
 10
1005.7047978417381
 20
-206.52417312754224
 10
1005.8518349811101
 20
-206.54353093417868
 10
1005.9999997437905
 20
-206.54999994742312
 10
1006.1481645064708
 20
-206.54353093417868
 10
1006.2952016458428
 20
-206.52417312754224
 10
1006.4399921204924
 20
-206.4920738521109
 10
1006.5814339874806
 20
-206.44747740275272
 10
1006.7184507887948
 20
-206.3907231853754
 10
1006.8499997438439
 20
-206.32224313384236
 10
1006.9750796856486
 20
-206.24255842269508
 10
1007.0927386803262
 20
-206.1522755007004
 10
1007.2020812718831
 20
-206.05208147540895
 10
1007.3022752971746
 20
-205.9427388838521
 10
1007.3925582191692
 20
-205.82507988917433
 10
1007.4722429303165
 20
-205.69999994736972
 10
1007.5407229818496
 20
-205.56845099232063
 10
1007.5974771992269
 20
-205.43143419100647
 10
1007.6420736485851
 20
-205.28999232401821
 10
1007.6741729240164
 20
-205.14520184936862
 10
1007.6935307306528
 20
-204.99816470999662
  0
LWPOLYLINE
  5
113
330
17
100
AcDbEntity
  8
GEOMETRY
100
AcDbPolyline
 90
72
 70
1
 10
963.7000000024459
 20
-393.00000011446593
 10
963.6935309892023
 20
-392.8518353518035
 10
963.6741731825682
 20
-392.70479821244925
 10
963.6420739071407
 20
-392.56000773781716
 10
963.5974774577879
 20
-392.418565870846
 10
963.5407232404175
 20
-392.2815490695484
 10
963.4722431888927
 20
-392.15000011451525
 10
963.3925584777551
 20
-392.02492017272573
 10
963.3022755557713
 20
-391.9072611780622
 10
963.2020815304919
 20
-391.7979185865185
 10
963.0927389389483
 20
-391.6977245612392
 10
962.9750799442847
 20
-391.6074416392554
 10
962.8500000024952
 20
-391.5277569281178
 10
962.718451047462
 20
-391.459276876593
 10
962.5814342461645
 20
-391.40252265922254
 10
962.4399923791933
 20
-391.3579262098698
 10
962.2952019045612
 20
-391.3258269344423
 10
962.148164765207
 20
-391.3064691278082
 10
962.0000000025445
 20
-391.30000011456457
 10
961.8518352398821
 20
-391.3064691278082
 10
961.7047981005279
 20
-391.3258269344423
 10
961.5600076258958
 20
-391.3579262098698
 10
961.4185657589246
 20
-391.40252265922254
 10
961.281548957627
 20
-391.459276876593
 10
961.1500000025939
 20
-391.5277569281178
 10
961.0249200608043
 20
-391.6074416392554
 10
960.9072610661408
 20
-391.6977245612392
 10
960.7979184745972
 20
-391.7979185865185
 10
960.6977244493178
 20
-391.9072611780622
 10
960.607441527334
 20
-392.02492017272573
 10
960.5277568161964
 20
-392.15000011451525
 10
960.4592767646716
 20
-392.2815490695484
 10
960.4025225473011
 20
-392.418565870846
 10
960.3579260979484
 20
-392.56000773781716
 10
960.3258268225209
 20
-392.70479821244925
 10
960.3064690158868
 20
-392.8518353518035
 10
960.3000000026432
 20
-393.00000011446593
 10
960.3064690158868
 20
-393.14816487712835
 10
960.3258268225209
 20
-393.2952020164826
 10
960.3579260979484
 20
-393.4399924911147
 10
960.4025225473011
 20
-393.58143435808586
 10
960.4592767646716
 20
-393.71845115938345
 10
960.5277568161964
 20
-393.8500001144166
 10
960.607441527334
 20
-393.97508005620614
 10
960.6977244493178
 20
-394.0927390508697
 10
960.7979184745972
 20
-394.20208164241336
 10
960.9072610661408
 20
-394.30227566769264
 10
961.0249200608043
 20
-394.39255858967647
 10
961.1500000025939
 20
-394.47224330081406
 10
961.281548957627
 20
-394.5407233523389
 10
961.4185657589246
 20
-394.5974775697093
 10
961.5600076258958
 20
-394.6420740190621
 10
961.7047981005279
 20
-394.67417329448955
 10
961.8518352398821
 20
-394.69353110112365
 10
962.0000000025445
 20
-394.7000001143673
 10
962.148164765207
 20
-394.69353110112365
 10
962.2952019045612
 20
-394.67417329448955
 10
962.4399923791933
 20
-394.6420740190621
 10
962.5814342461645
 20
-394.5974775697093
 10
962.718451047462
 20
-394.5407233523389
 10
962.8500000024952
 20
-394.47224330081406
 10
962.9750799442847
 20
-394.39255858967647
 10
963.0927389389483
 20
-394.30227566769264
 10
963.2020815304919
 20
-394.20208164241336
 10
963.3022755557713
 20
-394.0927390508697
 10
963.3925584777551
 20
-393.97508005620614
 10
963.4722431888927
 20
-393.8500001144166
 10
963.5407232404175
 20
-393.71845115938345
 10
963.5974774577879
 20
-393.58143435808586
 10
963.6420739071407
 20
-393.4399924911147
 10
963.6741731825682
 20
-393.2952020164826
 10
963.6935309892023
 20
-393.14816487712835
  0
LWPOLYLINE
  5
114
330
17
100
AcDbEntity
  8
GEOMETRY
100
AcDbPolyline
 90
72
 70
1
 10
963.6999998684756
 20
-317.34999997151317
 10
963.6935308552313
 20
-317.2018352088358
 10
963.6741730485953
 20
-317.0547980694668
 10
963.6420737731646
 20
-316.9100075948201
 10
963.5974773238073
 20
-316.7685657278347
 10
963.5407231064312
 20
-316.6315489265233
 10
963.4722430548994
 20
-316.4999999714769
 10
963.3925583437538
 20
-316.37492002967474
 10
963.3022754217609
 20
-316.2572610349994
 10
963.2020813964715
 20
-316.1479184434447
 10
963.0927388049168
 20
-316.0477244181553
 10
962.9750798102415
 20
-315.9574414961624
 10
962.8499998684393
 20
-315.87775678501674
 10
962.7184509133929
 20
-315.8092767334851
 10
962.5814341120815
 20
-315.7525225161089
 10
962.4399922450962
 20
-315.70792606675167
 10
962.2952017704495
 20
-315.67582679132096
 10
962.1481646310804
 20
-315.65646898468486
 10
961.999999868403
 20
-315.6499999714406
 10
961.8518351057257
 20
-315.65646898468486
 10
961.7047979663566
 20
-315.67582679132096
 10
961.5600074917099
 20
-315.70792606675167
 10
961.4185656247246
 20
-315.7525225161089
 10
961.2815488234132
 20
-315.8092767334851
 10
961.1499998683668
 20
-315.87775678501674
 10
961.0249199265646
 20
-315.9574414961624
 10
960.9072609318893
 20
-316.0477244181553
 10
960.7979183403346
 20
-316.1479184434447
 10
960.6977243150452
 20
-316.2572610349994
 10
960.6074413930523
 20
-316.37492002967474
 10
960.5277566819067
 20
-316.4999999714769
 10
960.4592766303749
 20
-316.6315489265233
 10
960.4025224129988
 20
-316.7685657278347
 10
960.3579259636415
 20
-316.9100075948201
 10
960.3258266882108
 20
-317.0547980694668
 10
960.3064688815748
 20
-317.2018352088358
 10
960.2999998683305
 20
-317.34999997151317
 10
960.3064688815748
 20
-317.49816473419054
 10
960.3258266882108
 20
-317.64520187355953
 10
960.3579259636415
 20
-317.7899923482062
 10
960.4025224129988
 20
-317.93143421519164
 10
960.4592766303749
 20
-318.06845101650305
 10
960.5277566819067
 20
-318.19999997154946
 10
960.6074413930523
 20
-318.3250799133516
 10
960.6977243150452
 20
-318.44273890802697
 10
960.7979183403346
 20
-318.5520814995816
 10
960.9072609318893
 20
-318.652275524871
 10
961.0249199265646
 20
-318.74255844686394
 10
961.1499998683668
 20
-318.8222431580096
 10
961.2815488234132
 20
-318.89072320954125
 10
961.4185656247246
 20
-318.94747742691743
 10
961.5600074917099
 20
-318.9920738762747
 10
961.7047979663566
 20
-319.0241731517054
 10
961.8518351057257
 20
-319.0435309583415
 10
961.999999868403
 20
-319.04999997158575
 10
962.1481646310804
 20
-319.0435309583415
 10
962.2952017704495
 20
-319.0241731517054
 10
962.4399922450962
 20
-318.99207387627473
 10
962.5814341120815
 20
-318.94747742691743
 10
962.7184509133929
 20
-318.89072320954125
 10
962.8499998684393
 20
-318.8222431580096
 10
962.9750798102415
 20
-318.74255844686394
 10
963.0927388049168
 20
-318.652275524871
 10
963.2020813964715
 20
-318.5520814995816
 10
963.3022754217609
 20
-318.44273890802697
 10
963.3925583437538
 20
-318.3250799133516
 10
963.4722430548994
 20
-318.19999997154946
 10
963.5407231064312
 20
-318.06845101650305
 10
963.5974773238073
 20
-317.93143421519164
 10
963.6420737731646
 20
-317.7899923482062
 10
963.6741730485953
 20
-317.64520187355953
 10
963.6935308552313
 20
-317.49816473419054
  0
LWPOLYLINE
  5
115
330
17
100
AcDbEntity
  8
GEOMETRY
100
AcDbPolyline
 90
72
 70
1
 10
947.700000061991
 20
-392.8500001058011
 10
947.6935310487476
 20
-392.70183534314464
 10
947.6741732421143
 20
-392.55479820379634
 10
947.642073966688
 20
-392.41000772917005
 10
947.5974775173371
 20
-392.2685658622046
 10
947.5407232999689
 20
-392.1315490609125
 10
947.472243248447
 20
-392.0000001058846
 10
947.3925585373124
 20
-391.87492016410016
 10
947.3022756153323
 20
-391.7572611694414
 10
947.202081590057
 20
-391.6479185779021
 10
947.0927389985178
 20
-391.54772455262685
 10
946.975080003859
 20
-391.45744163064666
 10
946.8500000620745
 20
-391.37775691951225
 10
946.7184511070466
 20
-391.3092768679902
 10
946.5814343057546
 20
-391.25252265062204
 10
946.4399924387891
 20
-391.20792620127105
 10
946.2952019641629
 20
-391.1758269258449
 10
946.1481648248146
 20
-391.1564691192116
 10
946.000000062158
 20
-391.15000010596816
 10
945.8518352995015
 20
-391.1564691192116
 10
945.7047981601532
 20
-391.1758269258449
 10
945.560007685527
 20
-391.20792620127105
 10
945.4185658185615
 20
-391.25252265062204
 10
945.2815490172695
 20
-391.3092768679902
 10
945.1500000622416
 20
-391.37775691951225
 10
945.0249201204571
 20
-391.45744163064666
 10
944.9072611257983
 20
-391.54772455262685
 10
944.7979185342591
 20
-391.6479185779021
 10
944.6977245089838
 20
-391.7572611694414
 10
944.6074415870037
 20
-391.87492016410016
 10
944.5277568758692
 20
-392.0000001058846
 10
944.4592768243472
 20
-392.1315490609125
 10
944.402522606979
 20
-392.2685658622046
 10
944.3579261576281
 20
-392.41000772917005
 10
944.3258268822018
 20
-392.55479820379634
 10
944.3064690755685
 20
-392.70183534314464
 10
944.3000000623251
 20
-392.8500001058011
 10
944.3064690755685
 20
-392.99816486845754
 10
944.3258268822018
 20
-393.14520200780584
 10
944.3579261576281
 20
-393.2899924824321
 10
944.402522606979
 20
-393.4314343493976
 10
944.4592768243472
 20
-393.56845115068967
 10
944.5277568758692
 20
-393.70000010571755
 10
944.6074415870037
 20
-393.825080047502
 10
944.6977245089838
 20
-393.9427390421608
 10
944.7979185342591
 20
-394.0520816337001
 10
944.9072611257983
 20
-394.1522756589753
 10
945.0249201204571
 20
-394.2425585809555
 10
945.1500000622416
 20
-394.3222432920899
 10
945.2815490172695
 20
-394.39072334361197
 10
945.4185658185615
 20
-394.44747756098013
 10
945.560007685527
 20
-394.4920740103311
 10
945.7047981601532
 20
-394.5241732857573
 10
945.8518352995015
 20
-394.5435310923906
 10
946.000000062158
 20
-394.550000105634
 10
946.1481648248146
 20
-394.5435310923906
 10
946.2952019641629
 20
-394.5241732857573
 10
946.4399924387891
 20
-394.4920740103311
 10
946.5814343057546
 20
-394.44747756098013
 10
946.7184511070466
 20
-394.39072334361197
 10
946.8500000620745
 20
-394.3222432920899
 10
946.975080003859
 20
-394.2425585809555
 10
947.0927389985178
 20
-394.1522756589753
 10
947.202081590057
 20
-394.0520816337001
 10
947.3022756153323
 20
-393.9427390421608
 10
947.3925585373124
 20
-393.825080047502
 10
947.472243248447
 20
-393.70000010571755
 10
947.5407232999689
 20
-393.56845115068967
 10
947.5974775173371
 20
-393.4314343493976
 10
947.642073966688
 20
-393.2899924824321
 10
947.6741732421143
 20
-393.14520200780584
 10
947.6935310487476
 20
-392.99816486845754
  0
LWPOLYLINE
  5
116
330
17
100
AcDbEntity
  8
GEOMETRY
100
AcDbPolyline
 90
72
 70
1
 10
947.7000002499869
 20
-204.8500000231856
 10
947.6935312367432
 20
-204.7018352605202
 10
947.6741734301087
 20
-204.554798121163
 10
947.6420741546806
 20
-204.410007646528
 10
947.5974777053269
 20
-204.26856577955397
 10
947.5407234879553
 20
-204.13154897825362
 10
947.4722434364292
 20
-204.00000002321778
 10
947.3925587252899
 20
-203.87492008142576
 10
947.3022758033043
 20
-203.75726108675985
 10
947.202081778023
 20
-203.647918495214
 10
947.092739186477
 20
-203.54772446993266
 10
946.9750801918112
 20
-203.45744154794704
 10
946.8500002500192
 20
-203.3777568368078
 10
946.7184512949833
 20
-203.30927678528164
 10
946.581434493683
 20
-203.25252256791003
 10
946.439992626709
 20
-203.20792611855637
 10
946.295202152074
 20
-203.17582684312825
 10
946.1481650127167
 20
-203.15646903649375
 10
946.0000002500514
 20
-203.15000002324996
 10
945.851835487386
 20
-203.15646903649375
 10
945.7047983480287
 20
-203.17582684312825
 10
945.5600078733937
 20
-203.20792611855637
 10
945.4185660064197
 20
-203.25252256791003
 10
945.2815492051194
 20
-203.30927678528164
 10
945.1500002500835
 20
-203.3777568368078
 10
945.0249203082915
 20
-203.45744154794704
 10
944.9072613136257
 20
-203.54772446993266
 10
944.7979187220798
 20
-203.647918495214
 10
944.6977246967984
 20
-203.75726108675985
 10
944.6074417748129
 20
-203.87492008142576
 10
944.5277570636736
 20
-204.00000002321778
 10
944.4592770121474
 20
-204.13154897825362
 10
944.4025227947758
 20
-204.26856577955397
 10
944.3579263454221
 20
-204.410007646528
 10
944.325827069994
 20
-204.554798121163
 10
944.3064692633595
 20
-204.7018352605202
 10
944.3000002501158
 20
-204.8500000231856
 10
944.3064692633595
 20
-204.998164785851
 10
944.325827069994
 20
-205.1452019252082
 10
944.3579263454221
 20
-205.28999239984321
 10
944.4025227947758
 20
-205.43143426681723
 10
944.4592770121474
 20
-205.56845106811758
 10
944.5277570636736
 20
-205.70000002315342
 10
944.6074417748129
 20
-205.82507996494544
 10
944.6977246967984
 20
-205.94273895961135
 10
944.7979187220798
 20
-206.05208155115722
 10
944.9072613136257
 20
-206.15227557643854
 10
945.0249203082915
 20
-206.24255849842416
 10
945.1500002500835
 20
-206.3222432095634
 10
945.2815492051194
 20
-206.39072326108956
 10
945.4185660064197
 20
-206.44747747846117
 10
945.5600078733937
 20
-206.49207392781483
 10
945.7047983480287
 20
-206.52417320324295
 10
945.851835487386
 20
-206.54353100987746
 10
946.0000002500514
 20
-206.55000002312124
 10
946.1481650127167
 20
-206.54353100987746
 10
946.295202152074
 20
-206.52417320324295
 10
946.439992626709
 20
-206.49207392781483
 10
946.581434493683
 20
-206.44747747846117
 10
946.7184512949833
 20
-206.39072326108956
 10
946.8500002500192
 20
-206.3222432095634
 10
946.9750801918112
 20
-206.24255849842416
 10
947.092739186477
 20
-206.15227557643854
 10
947.202081778023
 20
-206.05208155115722
 10
947.3022758033043
 20
-205.94273895961135
 10
947.3925587252899
 20
-205.82507996494544
 10
947.4722434364292
 20
-205.70000002315342
 10
947.5407234879553
 20
-205.56845106811758
 10
947.5974777053269
 20
-205.43143426681723
 10
947.6420741546806
 20
-205.28999239984321
 10
947.6741734301087
 20
-205.1452019252082
 10
947.6935312367432
 20
-204.998164785851
  0
LWPOLYLINE
  5
117
330
17
100
AcDbEntity
  8
GEOMETRY
100
AcDbPolyline
 90
72
 70
1
 10
903.7000000973946
 20
-393.000000119378
 10
903.6935310841512
 20
-392.85183535672155
 10
903.674173277518
 20
-392.70479821737325
 10
903.6420740020917
 20
-392.56000774274696
 10
903.5974775527408
 20
-392.4185658757815
 10
903.5407233353726
 20
-392.2815490744894
 10
903.4722432838506
 20
-392.15000011946154
 10
903.3925585727161
 20
-392.0249201776771
 10
903.302275650736
 20
-391.9072611830183
 10
903.2020816254607
 20
-391.797918591479
 10
903.0927390339215
 20
-391.69772456620376
 10
902.9750800392627
 20
-391.60744164422357
 10
902.8500000974782
 20
-391.52775693308917
 10
902.7184511424502
 20
-391.4592768815671
 10
902.5814343411582
 20
-391.40252266419895
 10
902.4399924741928
 20
-391.35792621484796
 10
902.2952019995665
 20
-391.3258269394218
 10
902.1481648602182
 20
-391.3064691327885
 10
902.0000000975617
 20
-391.3000001195451
 10
901.8518353349052
 20
-391.3064691327885
 10
901.7047981955569
 20
-391.3258269394218
 10
901.5600077209307
 20
-391.35792621484796
 10
901.4185658539652
 20
-391.40252266419895
 10
901.2815490526732
 20
-391.4592768815671
 10
901.1500000976453
 20
-391.52775693308917
 10
901.0249201558607
 20
-391.60744164422357
 10
900.907261161202
 20
-391.69772456620376
 10
900.7979185696628
 20
-391.797918591479
 10
900.6977245443875
 20
-391.9072611830183
 10
900.6074416224074
 20
-392.0249201776771
 10
900.5277569112728
 20
-392.15000011946154
 10
900.4592768597508
 20
-392.2815490744894
 10
900.4025226423827
 20
-392.4185658757815
 10
900.3579261930317
 20
-392.56000774274696
 10
900.3258269176055
 20
-392.70479821737325
 10
900.3064691109722
 20
-392.85183535672155
 10
900.3000000977288
 20
-393.000000119378
 10
900.3064691109722
 20
-393.14816488203445
 10
900.3258269176055
 20
-393.29520202138275
 10
900.3579261930317
 20
-393.43999249600904
 10
900.4025226423827
 20
-393.5814343629745
 10
900.4592768597508
 20
-393.7184511642666
 10
900.5277569112728
 20
-393.85000011929446
 10
900.6074416224074
 20
-393.9750800610789
 10
900.6977245443875
 20
-394.0927390557377
 10
900.7979185696628
 20
-394.202081647277
 10
900.907261161202
 20
-394.30227567255224
 10
901.0249201558607
 20
-394.39255859453243
 10
901.1500000976453
 20
-394.47224330566684
 10
901.2815490526732
 20
-394.5407233571889
 10
901.4185658539652
 20
-394.59747757455705
 10
901.5600077209307
 20
-394.64207402390804
 10
901.7047981955569
 20
-394.6741732993342
 10
901.8518353349052
 20
-394.6935311059675
 10
902.0000000975617
 20
-394.7000001192109
 10
902.1481648602182
 20
-394.6935311059675
 10
902.2952019995665
 20
-394.6741732993342
 10
902.4399924741928
 20
-394.64207402390804
 10
902.5814343411582
 20
-394.59747757455705
 10
902.7184511424502
 20
-394.5407233571889
 10
902.8500000974782
 20
-394.47224330566684
 10
902.9750800392627
 20
-394.39255859453243
 10
903.0927390339215
 20
-394.30227567255224
 10
903.2020816254607
 20
-394.202081647277
 10
903.302275650736
 20
-394.0927390557377
 10
903.3925585727161
 20
-393.9750800610789
 10
903.4722432838506
 20
-393.85000011929446
 10
903.5407233353726
 20
-393.7184511642666
 10
903.5974775527408
 20
-393.5814343629745
 10
903.6420740020917
 20
-393.43999249600904
 10
903.674173277518
 20
-393.29520202138275
 10
903.6935310841512
 20
-393.14816488203445
  0
LWPOLYLINE
  5
118
330
17
100
AcDbEntity
  8
GEOMETRY
100
AcDbPolyline
 90
72
 70
1
 10
903.6999999665917
 20
-317.34999997702215
 10
903.6935309533479
 20
-317.2018352143567
 10
903.6741731467134
 20
-317.05479807499955
 10
903.6420738712853
 20
-316.9100076003645
 10
903.5974774219317
 20
-316.7685657333905
 10
903.5407232045601
 20
-316.63154893209014
 10
903.4722431530339
 20
-316.49999997705436
 10
903.3925584418946
 20
-316.3749200352623
 10
903.302275519909
 20
-316.2572610405964
 10
903.2020814946277
 20
-316.14791844905056
 10
903.0927389030818
 20
-316.0477244237692
 10
902.975079908416
 20
-315.9574415017836
 10
902.849999966624
 20
-315.87775679064436
 10
902.7184510115881
 20
-315.80927673911816
 10
902.5814342102877
 20
-315.7525225217466
 10
902.4399923433137
 20
-315.7079260723929
 10
902.2952018686788
 20
-315.67582679696477
 10
902.1481647293215
 20
-315.6564689903303
 10
901.9999999666561
 20
-315.6499999770865
 10
901.8518352039907
 20
-315.6564689903303
 10
901.7047980646335
 20
-315.67582679696477
 10
901.5600075899985
 20
-315.7079260723929
 10
901.4185657230245
 20
-315.7525225217466
 10
901.2815489217242
 20
-315.80927673911816
 10
901.1499999666883
 20
-315.87775679064436
 10
901.0249200248962
 20
-315.9574415017836
 10
900.9072610302304
 20
-316.0477244237692
 10
900.7979184386845
 20
-316.14791844905056
 10
900.6977244134032
 20
-316.2572610405964
 10
900.6074414914176
 20
-316.3749200352623
 10
900.5277567802783
 20
-316.49999997705436
 10
900.4592767287521
 20
-316.63154893209014
 10
900.4025225113805
 20
-316.7685657333905
 10
900.3579260620269
 20
-316.9100076003645
 10
900.3258267865988
 20
-317.05479807499955
 10
900.3064689799643
 20
-317.2018352143567
 10
900.2999999667205
 20
-317.34999997702215
 10
900.3064689799643
 20
-317.4981647396876
 10
900.3258267865988
 20
-317.64520187904475
 10
900.3579260620269
 20
-317.7899923536798
 10
900.4025225113805
 20
-317.9314342206538
 10
900.4592767287521
 20
-318.06845102195416
 10
900.5277567802783
 20
-318.19999997698994
 10
900.6074414914176
 20
-318.325079918782
 10
900.6977244134032
 20
-318.4427389134479
 10
900.7979184386845
 20
-318.55208150499374
 10
900.9072610302304
 20
-318.6522755302751
 10
901.0249200248962
 20
-318.7425584522607
 10
901.1499999666883
 20
-318.82224316339995
 10
901.2815489217242
 20
-318.89072321492614
 10
901.4185657230245
 20
-318.9474774322977
 10
901.5600075899985
 20
-318.9920738816514
 10
901.7047980646335
 20
-319.02417315707953
 10
901.8518352039907
 20
-319.043530963714
 10
901.9999999666561
 20
-319.0499999769578
 10
902.1481647293215
 20
-319.043530963714
 10
902.2952018686788
 20
-319.02417315707953
 10
902.4399923433137
 20
-318.9920738816514
 10
902.5814342102877
 20
-318.9474774322977
 10
902.7184510115881
 20
-318.89072321492614
 10
902.849999966624
 20
-318.82224316339995
 10
902.975079908416
 20
-318.7425584522607
 10
903.0927389030818
 20
-318.6522755302751
 10
903.2020814946277
 20
-318.55208150499374
 10
903.302275519909
 20
-318.4427389134479
 10
903.3925584418946
 20
-318.325079918782
 10
903.4722431530339
 20
-318.19999997698994
 10
903.5407232045601
 20
-318.06845102195416
 10
903.5974774219317
 20
-317.9314342206538
 10
903.6420738712853
 20
-317.7899923536798
 10
903.6741731467134
 20
-317.64520187904475
 10
903.6935309533479
 20
-317.4981647396876
  0
LWPOLYLINE
  5
119
330
17
100
AcDbEntity
  8
GEOMETRY
100
AcDbPolyline
 90
72
 70
1
 10
887.7000001367452
 20
-392.8500001508893
 10
887.6935311235017
 20
-392.7018353882298
 10
887.674173316868
 20
-392.55479824887857
 10
887.6420740414411
 20
-392.4100077742494
 10
887.5974775920893
 20
-392.2685659072811
 10
887.54072337472
 20
-392.13154910598627
 10
887.4722433231965
 20
-392.0000001509557
 10
887.3925586120605
 20
-391.8749202091687
 10
887.3022756900785
 20
-391.75726121450754
 10
887.2020816648012
 20
-391.6479186229661
 10
887.0927390732597
 20
-391.5477245976888
 10
886.9750800785986
 20
-391.45744167570683
 10
886.8500001368117
 20
-391.3777569645708
 10
886.7184511817811
 20
-391.30927691304737
 10
886.5814343804863
 20
-391.25252269567807
 10
886.439992513518
 20
-391.20792624632617
 10
886.2952020388888
 20
-391.1758269708994
 10
886.1481648995375
 20
-391.1564691642657
 10
886.000000136878
 20
-391.15000015102214
 10
885.8518353742186
 20
-391.1564691642657
 10
885.7047982348673
 20
-391.1758269708994
 10
885.5600077602381
 20
-391.20792624632617
 10
885.4185658932698
 20
-391.25252269567807
 10
885.281549091975
 20
-391.30927691304737
 10
885.1500001369444
 20
-391.3777569645708
 10
885.0249201951575
 20
-391.45744167570683
 10
884.9072612004964
 20
-391.5477245976888
 10
884.7979186089549
 20
-391.6479186229661
 10
884.6977245836775
 20
-391.75726121450754
 10
884.6074416616956
 20
-391.8749202091687
 10
884.5277569505596
 20
-392.0000001509557
 10
884.4592768990361
 20
-392.13154910598627
 10
884.4025226816668
 20
-392.2685659072811
 10
884.357926232315
 20
-392.4100077742494
 10
884.3258269568881
 20
-392.55479824887857
 10
884.3064691502544
 20
-392.7018353882298
 10
884.3000001370109
 20
-392.8500001508893
 10
884.3064691502544
 20
-392.99816491354875
 10
884.3258269568881
 20
-393.1452020529
 10
884.357926232315
 20
-393.2899925275292
 10
884.4025226816668
 20
-393.4314343944975
 10
884.4592768990361
 20
-393.5684511957923
 10
884.5277569505596
 20
-393.70000015082286
 10
884.6074416616956
 20
-393.8250800926099
 10
884.6977245836775
 20
-393.94273908727104
 10
884.7979186089549
 20
-394.0520816788125
 10
884.9072612004964
 20
-394.1522757040898
 10
885.0249201951575
 20
-394.24255862607174
 10
885.1500001369444
 20
-394.3222433372078
 10
885.281549091975
 20
-394.3907233887312
 10
885.4185658932698
 20
-394.4474776061005
 10
885.5600077602381
 20
-394.4920740554524
 10
885.7047982348673
 20
-394.5241733308792
 10
885.8518353742186
 20
-394.5435311375129
 10
886.000000136878
 20
-394.55000015075643
 10
886.1481648995375
 20
-394.5435311375129
 10
886.2952020388888
 20
-394.5241733308792
 10
886.439992513518
 20
-394.4920740554524
 10
886.5814343804863
 20
-394.4474776061005
 10
886.7184511817811
 20
-394.3907233887312
 10
886.8500001368117
 20
-394.3222433372078
 10
886.9750800785986
 20
-394.24255862607174
 10
887.0927390732597
 20
-394.1522757040898
 10
887.2020816648012
 20
-394.0520816788125
 10
887.3022756900785
 20
-393.94273908727104
 10
887.3925586120605
 20
-393.8250800926099
 10
887.4722433231965
 20
-393.70000015082286
 10
887.54072337472
 20
-393.5684511957923
 10
887.5974775920893
 20
-393.4314343944975
 10
887.6420740414411
 20
-393.2899925275292
 10
887.674173316868
 20
-393.1452020529
 10
887.6935311235017
 20
-392.99816491354875
  0
LWPOLYLINE
  5
11A
330
17
100
AcDbEntity
  8
GEOMETRY
100
AcDbPolyline
 90
72
 70
1
 10
887.7000002483319
 20
-204.8500000654798
 10
887.6935312350885
 20
-204.70183530282335
 10
887.6741734284552
 20
-204.55479816347503
 10
887.642074153029
 20
-204.41000768884876
 10
887.597477703678
 20
-204.26856582188333
 10
887.5407234863098
 20
-204.13154902059122
 10
887.4722434347879
 20
-204.00000006556334
 10
887.3925587236533
 20
-203.87492012377888
 10
887.3022758016732
 20
-203.75726112912008
 10
887.2020817763979
 20
-203.64791853758084
 10
887.0927391848587
 20
-203.54772451230554
 10
886.9750801902
 20
-203.4574415903254
 10
886.8500002484154
 20
-203.37775687919097
 10
886.7184512933875
 20
-203.30927682766892
 10
886.5814344920955
 20
-203.2525226103008
 10
886.43999262513
 20
-203.2079261609498
 10
886.2952021505038
 20
-203.1758268855236
 10
886.1481650111555
 20
-203.1564690788903
 10
886.000000248499
 20
-203.1500000656469
 10
885.8518354858425
 20
-203.1564690788903
 10
885.7047983464942
 20
-203.1758268855236
 10
885.5600078718679
 20
-203.2079261609498
 10
885.4185660049025
 20
-203.2525226103008
 10
885.2815492036104
 20
-203.30927682766892
 10
885.1500002485825
 20
-203.37775687919097
 10
885.024920306798
 20
-203.4574415903254
 10
884.9072613121392
 20
-203.54772451230554
 10
884.7979187206
 20
-203.64791853758084
 10
884.6977246953247
 20
-203.75726112912008
 10
884.6074417733446
 20
-203.87492012377888
 10
884.5277570622101
 20
-204.00000006556334
 10
884.4592770106881
 20
-204.13154902059122
 10
884.4025227933199
 20
-204.26856582188333
 10
884.357926343969
 20
-204.41000768884876
 10
884.3258270685427
 20
-204.55479816347503
 10
884.3064692619095
 20
-204.70183530282335
 10
884.300000248666
 20
-204.8500000654798
 10
884.3064692619095
 20
-204.99816482813625
 10
884.3258270685427
 20
-205.14520196748458
 10
884.357926343969
 20
-205.28999244211084
 10
884.4025227933199
 20
-205.43143430907628
 10
884.4592770106881
 20
-205.5684511103684
 10
884.5277570622101
 20
-205.70000006539627
 10
884.6074417733446
 20
-205.82508000718073
 10
884.6977246953247
 20
-205.94273900183953
 10
884.7979187206
 20
-206.05208159337877
 10
884.9072613121392
 20
-206.15227561865407
 10
885.024920306798
 20
-206.2425585406342
 10
885.1500002485825
 20
-206.32224325176864
 10
885.2815492036104
 20
-206.39072330329068
 10
885.4185660049025
 20
-206.44747752065882
 10
885.5600078718679
 20
-206.4920739700098
 10
885.7047983464942
 20
-206.524173245436
 10
885.8518354858425
 20
-206.5435310520693
 10
886.000000248499
 20
-206.5500000653127
 10
886.1481650111555
 20
-206.5435310520693
 10
886.2952021505038
 20
-206.524173245436
 10
886.43999262513
 20
-206.4920739700098
 10
886.5814344920955
 20
-206.44747752065882
 10
886.7184512933875
 20
-206.39072330329068
 10
886.8500002484154
 20
-206.32224325176864
 10
886.9750801902
 20
-206.2425585406342
 10
887.0927391848587
 20
-206.15227561865407
 10
887.2020817763979
 20
-206.05208159337877
 10
887.3022758016732
 20
-205.94273900183953
 10
887.3925587236533
 20
-205.82508000718073
 10
887.4722434347879
 20
-205.70000006539627
 10
887.5407234863098
 20
-205.5684511103684
 10
887.597477703678
 20
-205.43143430907628
 10
887.642074153029
 20
-205.28999244211084
 10
887.6741734284552
 20
-205.14520196748458
 10
887.6935312350885
 20
-204.99816482813625
  0
DIMENSION
  5
11B
330
17
100
AcDbEntity
  8
DIMENSIONS
100
AcDbDimension
280
0
  2
*D11
  3
Standard
 10
860.0
 20
-412.0
 30
0.0
 11
1032.0
 21
-412.0
 31
0.0
 70
32
 71
5
  1
<>
100
AcDbAlignedDimension
 13
860.0
 23
-400.0
 33
0.0
 14
1204.0
 24
-400.0
 34
0.0
 50
0.0
100
AcDbRotatedDimension
1001
ACAD
1000
DSTYLE
1002
{
1070
140
1040
2.5
1070
41
1040
1.5
1070
271
1070
3
1002
}
  0
DIMENSION
  5
12B
330
17
100
AcDbEntity
  8
DIMENSIONS
100
AcDbDimension
280
0
  2
*D12
  3
Standard
 10
1216.0
 20
-400.0
 30
0.0
 11
1216.0
 21
-298.85
 31
0.0
 70
32
 71
5
  1
<>
100
AcDbAlignedDimension
 13
1204.0
 23
-400.0
 33
0.0
 14
1204.0
 24
-197.70000000000002
 34
0.0
 50
90.0
100
AcDbRotatedDimension
1001
ACAD
1000
DSTYLE
1002
{
1070
140
1040
2.5
1070
41
1040
1.5
1070
271
1070
3
1002
}
  0
TEXT
  5
13B
330
17
100
AcDbEntity
  8
NOTES
100
AcDbText
 10
860.0
 20
-427.0
 30
0.0
 40
2.5
  1
shear_web_1
100
AcDbText
  0
TEXT
  5
13C
330
17
100
AcDbEntity
  8
NOTES
100
AcDbText
 10
860.0
 20
-433.0
 30
0.0
 40
2.5
  1
WP04 R07 | mm 1:1 | REFERENCE ONLY
100
AcDbText
  0
TEXT
  5
13D
330
17
100
AcDbEntity
  8
NOTES
100
AcDbText
 10
860.0
 20
-439.0
 30
0.0
 40
2.5
  1
Shear web with lower edge assembly reliefs
100
AcDbText
  0
TEXT
  5
13E
330
17
100
AcDbEntity
  8
NOTES
100
AcDbText
 10
860.0
 20
-445.0
 30
0.0
 40
2.5
  1
Relief centers X15,165; width12.5; top Z-97.9
100
AcDbText
  0
TEXT
  5
13F
330
17
100
AcDbEntity
  8
NOTES
100
AcDbText
 10
860.0
 20
-451.0
 30
0.0
 40
2.5
  1
R01 closed hole patterns retained
100
AcDbText
  0
TEXT
  5
140
330
17
100
AcDbEntity
  8
NOTES
100
AcDbText
 10
860.0
 20
-457.0
 30
0.0
 40
2.5
  1
Material, threads, tolerances, preload: unqualified
100
AcDbText
  0
ENDSEC
  0
SECTION
  2
OBJECTS
  0
DICTIONARY
  5
A
330
0
100
AcDbDictionary
281
1
  3
ACAD_COLOR
350
B
  3
ACAD_GROUP
350
C
  3
ACAD_LAYOUT
350
D
  3
ACAD_MATERIAL
350
E
  3
ACAD_MLEADERSTYLE
350
F
  3
ACAD_MLINESTYLE
350
10
  3
ACAD_PLOTSETTINGS
350
11
  3
ACAD_PLOTSTYLENAME
350
12
  3
ACAD_SCALELIST
350
14
  3
ACAD_TABLESTYLE
350
15
  3
ACAD_VISUALSTYLE
350
16
  3
EZDXF_META
350
2D
  0
DICTIONARY
  5
B
330
A
100
AcDbDictionary
281
1
  0
DICTIONARY
  5
C
330
A
100
AcDbDictionary
281
1
  0
DICTIONARY
  5
D
330
A
100
AcDbDictionary
281
1
  3
Model
350
1A
  3
Layout1
350
1E
  0
DICTIONARY
  5
E
330
A
100
AcDbDictionary
281
1
  3
ByBlock
350
1F
  3
ByLayer
350
20
  3
Global
350
21
  0
DICTIONARY
  5
F
330
A
100
AcDbDictionary
281
1
  3
Standard
350
2C
  0
DICTIONARY
  5
10
330
A
100
AcDbDictionary
281
1
  3
Standard
350
22
  0
DICTIONARY
  5
11
330
A
100
AcDbDictionary
281
1
  0
ACDBDICTIONARYWDFLT
  5
12
330
A
100
AcDbDictionary
281
1
  3
Normal
350
13
100
AcDbDictionaryWithDefault
340
13
  0
ACDBPLACEHOLDER
  5
13
330
12
  0
DICTIONARY
  5
14
330
A
100
AcDbDictionary
281
1
  0
DICTIONARY
  5
15
330
A
100
AcDbDictionary
281
1
  0
DICTIONARY
  5
16
330
A
100
AcDbDictionary
281
1
  0
LAYOUT
  5
1A
330
D
100
AcDbPlotSettings
  1

  4
A3
  6

 40
7.5
 41
20.0
 42
7.5
 43
20.0
 44
420.0
 45
297.0
 46
0.0
 47
0.0
 48
0.0
 49
0.0
140
0.0
141
0.0
142
1.0
143
1.0
 70
1024
 72
1
 73
0
 74
5
  7

 75
16
 76
0
 77
2
 78
300
147
1.0
148
0.0
149
0.0
100
AcDbLayout
  1
Model
 70
1
 71
0
 10
0.0
 20
0.0
 11
420.0
 21
297.0
 12
0.0
 22
0.0
 32
0.0
 14
1e+20
 24
1e+20
 34
1e+20
 15
-1e+20
 25
-1e+20
 35
-1e+20
146
0.0
 13
0.0
 23
0.0
 33
0.0
 16
1.0
 26
0.0
 36
0.0
 17
0.0
 27
1.0
 37
0.0
 76
1
330
17
  0
LAYOUT
  5
1E
330
D
100
AcDbPlotSettings
  1

  4
A3
  6

 40
7.5
 41
20.0
 42
7.5
 43
20.0
 44
420.0
 45
297.0
 46
0.0
 47
0.0
 48
0.0
 49
0.0
140
0.0
141
0.0
142
1.0
143
1.0
 70
0
 72
1
 73
0
 74
5
  7

 75
16
 76
0
 77
2
 78
300
147
1.0
148
0.0
149
0.0
100
AcDbLayout
  1
Layout1
 70
1
 71
1
 10
0.0
 20
0.0
 11
420.0
 21
297.0
 12
0.0
 22
0.0
 32
0.0
 14
1e+20
 24
1e+20
 34
1e+20
 15
-1e+20
 25
-1e+20
 35
-1e+20
146
0.0
 13
0.0
 23
0.0
 33
0.0
 16
1.0
 26
0.0
 36
0.0
 17
0.0
 27
1.0
 37
0.0
 76
1
330
1B
  0
MATERIAL
  5
1F
102
{ACAD_REACTORS
330
E
102
}
330
E
100
AcDbMaterial
  1
ByBlock
  2

 70
0
 40
1.0
 71
1
 41
1.0
 91
-1023410177
 42
1.0
 72
1
  3

 73
1
 74
1
 75
1
 44
0.5
 73
0
 45
1.0
 46
1.0
 77
1
  4

 78
1
 79
1
170
1
 48
1.0
171
1
  6

172
1
173
1
174
1
140
1.0
141
1.0
175
1
  7

176
1
177
1
178
1
143
1.0
179
1
  8

270
1
271
1
272
1
145
1.0
146
1.0
273
1
  9

274
1
275
1
276
1
 42
1.0
 72
1
  3

 73
1
 74
1
 75
1
 94
63
  0
MATERIAL
  5
20
102
{ACAD_REACTORS
330
E
102
}
330
E
100
AcDbMaterial
  1
ByLayer
  2

 70
0
 40
1.0
 71
1
 41
1.0
 91
-1023410177
 42
1.0
 72
1
  3

 73
1
 74
1
 75
1
 44
0.5
 73
0
 45
1.0
 46
1.0
 77
1
  4

 78
1
 79
1
170
1
 48
1.0
171
1
  6

172
1
173
1
174
1
140
1.0
141
1.0
175
1
  7

176
1
177
1
178
1
143
1.0
179
1
  8

270
1
271
1
272
1
145
1.0
146
1.0
273
1
  9

274
1
275
1
276
1
 42
1.0
 72
1
  3

 73
1
 74
1
 75
1
 94
63
  0
MATERIAL
  5
21
102
{ACAD_REACTORS
330
E
102
}
330
E
100
AcDbMaterial
  1
Global
  2

 70
0
 40
1.0
 71
1
 41
1.0
 91
-1023410177
 42
1.0
 72
1
  3

 73
1
 74
1
 75
1
 44
0.5
 73
0
 45
1.0
 46
1.0
 77
1
  4

 78
1
 79
1
170
1
 48
1.0
171
1
  6

172
1
173
1
174
1
140
1.0
141
1.0
175
1
  7

176
1
177
1
178
1
143
1.0
179
1
  8

270
1
271
1
272
1
145
1.0
146
1.0
273
1
  9

274
1
275
1
276
1
 42
1.0
 72
1
  3

 73
1
 74
1
 75
1
 94
63
  0
MLINESTYLE
  5
22
102
{ACAD_REACTORS
330
10
102
}
330
10
100
AcDbMlineStyle
  2
Standard
 70
0
  3

 62
256
 51
90.0
 52
90.0
 71
2
 49
0.5
 62
256
  6
BYLAYER
 49
-0.5
 62
256
  6
BYLAYER
  0
MLEADERSTYLE
  5
2C
102
{ACAD_REACTORS
330
F
102
}
330
F
100
AcDbMLeaderStyle
179
2
170
2
171
1
172
0
 90
2
 40
0.0
 41
0.0
173
1
 91
-1056964608
 92
-2
290
1
 42
2.0
291
1
 43
8.0
  3
Standard
 44
4.0
300

342
29
174
1
175
1
176
0
178
1
 93
-1056964608
 45
4.0
292
0
297
0
 46
4.0
 94
-1056964608
 47
1.0
 49
1.0
140
1.0
294
1
141
0.0
177
0
142
1.0
295
0
296
0
143
3.75
271
0
272
9
273
9
  0
DICTIONARY
  5
2D
330
A
100
AcDbDictionary
280
1
281
1
  3
CREATED_BY_EZDXF
350
2E
  3
WRITTEN_BY_EZDXF
350
143
  0
DICTIONARYVAR
  5
2E
330
2D
100
DictionaryVariables
280
0
  1
1.4.4 @ 2026-09-06T09:19:58.861329+00:00
  0
DICTIONARYVAR
  5
143
330
2D
100
DictionaryVariables
280
0
  1
1.4.4 @ 2026-09-06T09:20:01.589824+00:00
  0
ENDSEC
  0
EOF
