999
cadgen:sourcePath=key_interfaces.dxf.py
999
cadgen:sourceHash=e3e75c546380beaf62f7f07d2020f2e428c034be5ee9061817a6357b83a7c2ec
  0
SECTION
  2
HEADER
  9
$ACADVER
  1
AC1024
  9
$ACADMAINTVER
 70
6
  9
$DWGCODEPAGE
  3
ANSI_1252
  9
$LASTSAVEDBY
  1
ezdxf
  9
$INSBASE
 10
0.0
 20
0.0
 30
0.0
  9
$EXTMIN
 10
1e+20
 20
1e+20
 30
1e+20
  9
$EXTMAX
 10
-1e+20
 20
-1e+20
 30
-1e+20
  9
$LIMMIN
 10
0.0
 20
0.0
  9
$LIMMAX
 10
420.0
 20
297.0
  9
$ORTHOMODE
 70
0
  9
$REGENMODE
 70
1
  9
$FILLMODE
 70
1
  9
$QTEXTMODE
 70
0
  9
$MIRRTEXT
 70
1
  9
$LTSCALE
 40
1.0
  9
$ATTMODE
 70
1
  9
$TEXTSIZE
 40
2.5
  9
$TRACEWID
 40
1.0
  9
$TEXTSTYLE
  7
Standard
  9
$CLAYER
  8
0
  9
$CELTYPE
  6
ByLayer
  9
$CECOLOR
 62
256
  9
$CELTSCALE
 40
1.0
  9
$DISPSILH
 70
0
  9
$DIMSCALE
 40
1.0
  9
$DIMASZ
 40
2.5
  9
$DIMEXO
 40
0.625
  9
$DIMDLI
 40
3.75
  9
$DIMRND
 40
0.0
  9
$DIMDLE
 40
0.0
  9
$DIMEXE
 40
1.25
  9
$DIMTP
 40
0.0
  9
$DIMTM
 40
0.0
  9
$DIMTXT
 40
2.5
  9
$DIMCEN
 40
2.5
  9
$DIMTSZ
 40
0.0
  9
$DIMTOL
 70
0
  9
$DIMLIM
 70
0
  9
$DIMTIH
 70
0
  9
$DIMTOH
 70
0
  9
$DIMSE1
 70
0
  9
$DIMSE2
 70
0
  9
$DIMTAD
 70
1
  9
$DIMZIN
 70
8
  9
$DIMBLK
  1

  9
$DIMASO
 70
1
  9
$DIMSHO
 70
1
  9
$DIMPOST
  1

  9
$DIMAPOST
  1

  9
$DIMALT
 70
0
  9
$DIMALTD
 70
3
  9
$DIMALTF
 40
0.03937007874
  9
$DIMLFAC
 40
1.0
  9
$DIMTOFL
 70
1
  9
$DIMTVP
 40
0.0
  9
$DIMTIX
 70
0
  9
$DIMSOXD
 70
0
  9
$DIMSAH
 70
0
  9
$DIMBLK1
  1

  9
$DIMBLK2
  1

  9
$DIMSTYLE
  2
ISO-25
  9
$DIMCLRD
 70
0
  9
$DIMCLRE
 70
0
  9
$DIMCLRT
 70
0
  9
$DIMTFAC
 40
1.0
  9
$DIMGAP
 40
0.625
  9
$DIMJUST
 70
0
  9
$DIMSD1
 70
0
  9
$DIMSD2
 70
0
  9
$DIMTOLJ
 70
0
  9
$DIMTZIN
 70
8
  9
$DIMALTZ
 70
0
  9
$DIMALTTZ
 70
0
  9
$DIMUPT
 70
0
  9
$DIMDEC
 70
2
  9
$DIMTDEC
 70
2
  9
$DIMALTU
 70
2
  9
$DIMALTTD
 70
3
  9
$DIMTXSTY
  7
Standard
  9
$DIMAUNIT
 70
0
  9
$DIMADEC
 70
0
  9
$DIMALTRND
 40
0.0
  9
$DIMAZIN
 70
0
  9
$DIMDSEP
 70
44
  9
$DIMATFIT
 70
3
  9
$DIMFRAC
 70
0
  9
$DIMLDRBLK
  1

  9
$DIMLUNIT
 70
2
  9
$DIMLWD
 70
-2
  9
$DIMLWE
 70
-2
  9
$DIMTMOVE
 70
0
  9
$DIMFXL
 40
1.0
  9
$DIMFXLON
 70
0
  9
$DIMJOGANG
 40
0.785398163397
  9
$DIMTFILL
 70
0
  9
$DIMTFILLCLR
 70
0
  9
$DIMARCSYM
 70
0
  9
$DIMLTYPE
  6

  9
$DIMLTEX1
  6

  9
$DIMLTEX2
  6

  9
$DIMTXTDIRECTION
 70
0
  9
$LUNITS
 70
2
  9
$LUPREC
 70
4
  9
$SKETCHINC
 40
1.0
  9
$FILLETRAD
 40
10.0
  9
$AUNITS
 70
0
  9
$AUPREC
 70
2
  9
$MENU
  1
.
  9
$ELEVATION
 40
0.0
  9
$PELEVATION
 40
0.0
  9
$THICKNESS
 40
0.0
  9
$LIMCHECK
 70
0
  9
$CHAMFERA
 40
0.0
  9
$CHAMFERB
 40
0.0
  9
$CHAMFERC
 40
0.0
  9
$CHAMFERD
 40
0.0
  9
$SKPOLY
 70
0
  9
$TDCREATE
 40
2451545.0
  9
$TDUCREATE
 40
2451545.0
  9
$TDUPDATE
 40
2461289.848148148
  9
$TDUUPDATE
 40
2451545.0
  9
$TDINDWG
 40
0.0
  9
$TDUSRTIMER
 40
0.0
  9
$USRTIMER
 70
1
  9
$ANGBASE
 50
0.0
  9
$ANGDIR
 70
0
  9
$PDMODE
 70
0
  9
$PDSIZE
 40
0.0
  9
$PLINEWID
 40
0.0
  9
$SPLFRAME
 70
0
  9
$SPLINETYPE
 70
6
  9
$SPLINESEGS
 70
8
  9
$HANDSEED
  5
12D
  9
$SURFTAB1
 70
6
  9
$SURFTAB2
 70
6
  9
$SURFTYPE
 70
6
  9
$SURFU
 70
6
  9
$SURFV
 70
6
  9
$UCSBASE
  2

  9
$UCSNAME
  2

  9
$UCSORG
 10
0.0
 20
0.0
 30
0.0
  9
$UCSXDIR
 10
1.0
 20
0.0
 30
0.0
  9
$UCSYDIR
 10
0.0
 20
1.0
 30
0.0
  9
$UCSORTHOREF
  2

  9
$UCSORTHOVIEW
 70
0
  9
$UCSORGTOP
 10
0.0
 20
0.0
 30
0.0
  9
$UCSORGBOTTOM
 10
0.0
 20
0.0
 30
0.0
  9
$UCSORGLEFT
 10
0.0
 20
0.0
 30
0.0
  9
$UCSORGRIGHT
 10
0.0
 20
0.0
 30
0.0
  9
$UCSORGFRONT
 10
0.0
 20
0.0
 30
0.0
  9
$UCSORGBACK
 10
0.0
 20
0.0
 30
0.0
  9
$PUCSBASE
  2

  9
$PUCSNAME
  2

  9
$PUCSORG
 10
0.0
 20
0.0
 30
0.0
  9
$PUCSXDIR
 10
1.0
 20
0.0
 30
0.0
  9
$PUCSYDIR
 10
0.0
 20
1.0
 30
0.0
  9
$PUCSORTHOREF
  2

  9
$PUCSORTHOVIEW
 70
0
  9
$PUCSORGTOP
 10
0.0
 20
0.0
 30
0.0
  9
$PUCSORGBOTTOM
 10
0.0
 20
0.0
 30
0.0
  9
$PUCSORGLEFT
 10
0.0
 20
0.0
 30
0.0
  9
$PUCSORGRIGHT
 10
0.0
 20
0.0
 30
0.0
  9
$PUCSORGFRONT
 10
0.0
 20
0.0
 30
0.0
  9
$PUCSORGBACK
 10
0.0
 20
0.0
 30
0.0
  9
$USERI1
 70
0
  9
$USERI2
 70
0
  9
$USERI3
 70
0
  9
$USERI4
 70
0
  9
$USERI5
 70
0
  9
$USERR1
 40
0.0
  9
$USERR2
 40
0.0
  9
$USERR3
 40
0.0
  9
$USERR4
 40
0.0
  9
$USERR5
 40
0.0
  9
$WORLDVIEW
 70
1
  9
$SHADEDGE
 70
3
  9
$SHADEDIF
 70
70
  9
$TILEMODE
 70
1
  9
$MAXACTVP
 70
64
  9
$PINSBASE
 10
0.0
 20
0.0
 30
0.0
  9
$PLIMCHECK
 70
0
  9
$PEXTMIN
 10
1e+20
 20
1e+20
 30
1e+20
  9
$PEXTMAX
 10
-1e+20
 20
-1e+20
 30
-1e+20
  9
$PLIMMIN
 10
0.0
 20
0.0
  9
$PLIMMAX
 10
420.0
 20
297.0
  9
$UNITMODE
 70
0
  9
$VISRETAIN
 70
1
  9
$PLINEGEN
 70
0
  9
$PSLTSCALE
 70
1
  9
$TREEDEPTH
 70
3020
  9
$CMLSTYLE
  2
Standard
  9
$CMLJUST
 70
0
  9
$CMLSCALE
 40
20.0
  9
$PROXYGRAPHICS
 70
1
  9
$MEASUREMENT
 70
1
  9
$CELWEIGHT
370
-1
  9
$ENDCAPS
280
0
  9
$JOINSTYLE
280
0
  9
$LWDISPLAY
290
0
  9
$INSUNITS
 70
4
  9
$HYPERLINKBASE
  1

  9
$STYLESHEET
  1

  9
$XEDIT
290
1
  9
$CEPSNTYPE
380
0
  9
$PSTYLEMODE
290
1
  9
$FINGERPRINTGUID
  2
{00000000-0000-0000-0000-000000000000}
  9
$VERSIONGUID
  2
{CE5E273F-B39E-4C49-B9D5-5B9E142680DF}
  9
$EXTNAMES
290
1
  9
$PSVPSCALE
 40
0.0
  9
$OLESTARTUP
290
0
  9
$SORTENTS
280
127
  9
$INDEXCTL
280
0
  9
$HIDETEXT
280
1
  9
$XCLIPFRAME
280
1
  9
$HALOGAP
280
0
  9
$OBSCOLOR
 70
257
  9
$OBSLTYPE
280
0
  9
$INTERSECTIONDISPLAY
280
0
  9
$INTERSECTIONCOLOR
 70
257
  9
$DIMASSOC
280
2
  9
$PROJECTNAME
  1

  9
$CAMERADISPLAY
290
0
  9
$LENSLENGTH
 40
50.0
  9
$CAMERAHEIGHT
 40
0.0
  9
$STEPSPERSEC
 40
24.0
  9
$STEPSIZE
 40
100.0
  9
$3DDWFPREC
 40
2.0
  9
$PSOLWIDTH
 40
0.005
  9
$PSOLHEIGHT
 40
0.08
  9
$LOFTANG1
 40
1.570796326795
  9
$LOFTANG2
 40
1.570796326795
  9
$LOFTMAG1
 40
0.0
  9
$LOFTMAG2
 40
0.0
  9
$LOFTPARAM
 70
7
  9
$LOFTNORMALS
280
1
  9
$LATITUDE
 40
37.795
  9
$LONGITUDE
 40
-122.394
  9
$NORTHDIRECTION
 40
0.0
  9
$TIMEZONE
 70
-8000
  9
$LIGHTGLYPHDISPLAY
280
1
  9
$TILEMODELIGHTSYNCH
280
1
  9
$CMATERIAL
347
20
  9
$SOLIDHIST
280
0
  9
$SHOWHIST
280
1
  9
$DWFFRAME
280
2
  9
$DGNFRAME
280
2
  9
$REALWORLDSCALE
290
1
  9
$INTERFERECOLOR
 62
256
  9
$CSHADOW
280
0
  9
$SHADOWPLANELOCATION
 40
0.0
  0
ENDSEC
  0
SECTION
  2
CLASSES
  0
CLASS
  1
ACDBDICTIONARYWDFLT
  2
AcDbDictionaryWithDefault
  3
ObjectDBX Classes
 90
0
 91
0
280
0
281
0
  0
CLASS
  1
SUN
  2
AcDbSun
  3
SCENEOE
 90
1153
 91
0
280
0
281
0
  0
CLASS
  1
VISUALSTYLE
  2
AcDbVisualStyle
  3
ObjectDBX Classes
 90
4095
 91
0
280
0
281
0
  0
CLASS
  1
MATERIAL
  2
AcDbMaterial
  3
ObjectDBX Classes
 90
1153
 91
0
280
0
281
0
  0
CLASS
  1
SCALE
  2
AcDbScale
  3
ObjectDBX Classes
 90
1153
 91
0
280
0
281
0
  0
CLASS
  1
TABLESTYLE
  2
AcDbTableStyle
  3
ObjectDBX Classes
 90
4095
 91
0
280
0
281
0
  0
CLASS
  1
MLEADERSTYLE
  2
AcDbMLeaderStyle
  3
ACDB_MLEADERSTYLE_CLASS
 90
4095
 91
0
280
0
281
0
  0
CLASS
  1
DICTIONARYVAR
  2
AcDbDictionaryVar
  3
ObjectDBX Classes
 90
0
 91
0
280
0
281
0
  0
CLASS
  1
CELLSTYLEMAP
  2
AcDbCellStyleMap
  3
ObjectDBX Classes
 90
1152
 91
0
280
0
281
0
  0
CLASS
  1
MENTALRAYRENDERSETTINGS
  2
AcDbMentalRayRenderSettings
  3
SCENEOE
 90
1024
 91
0
280
0
281
0
  0
CLASS
  1
ACDBDETAILVIEWSTYLE
  2
AcDbDetailViewStyle
  3
ObjectDBX Classes
 90
1025
 91
0
280
0
281
0
  0
CLASS
  1
ACDBSECTIONVIEWSTYLE
  2
AcDbSectionViewStyle
  3
ObjectDBX Classes
 90
1025
 91
0
280
0
281
0
  0
CLASS
  1
RASTERVARIABLES
  2
AcDbRasterVariables
  3
ISM
 90
0
 91
0
280
0
281
0
  0
CLASS
  1
ACDBPLACEHOLDER
  2
AcDbPlaceHolder
  3
ObjectDBX Classes
 90
0
 91
0
280
0
281
0
  0
CLASS
  1
LAYOUT
  2
AcDbLayout
  3
ObjectDBX Classes
 90
0
 91
0
280
0
281
0
  0
ENDSEC
  0
SECTION
  2
TABLES
  0
TABLE
  2
VPORT
  5
8
330
0
100
AcDbSymbolTable
 70
1
  0
VPORT
  5
23
330
8
100
AcDbSymbolTableRecord
100
AcDbViewportTableRecord
  2
*Active
 70
0
 10
0.0
 20
0.0
 11
1.0
 21
1.0
 12
0.0
 22
0.0
 13
0.0
 23
0.0
 14
0.5
 24
0.5
 15
0.5
 25
0.5
 16
0.0
 26
0.0
 36
1.0
 17
0.0
 27
0.0
 37
0.0
 40
1000.0
 41
1.34
 42
50.0
 43
0.0
 44
0.0
 50
0.0
 51
0.0
 71
0
 72
1000
 73
1
 74
3
 75
0
 76
0
 77
0
 78
0
281
0
 65
0
146
0.0
  0
ENDTAB
  0
TABLE
  2
LTYPE
  5
2
330
0
100
AcDbSymbolTable
 70
3
  0
LTYPE
  5
24
330
2
100
AcDbSymbolTableRecord
100
AcDbLinetypeTableRecord
  2
ByBlock
 70
0
  3

 72
65
 73
0
 40
0.0
  0
LTYPE
  5
25
330
2
100
AcDbSymbolTableRecord
100
AcDbLinetypeTableRecord
  2
ByLayer
 70
0
  3

 72
65
 73
0
 40
0.0
  0
LTYPE
  5
26
330
2
100
AcDbSymbolTableRecord
100
AcDbLinetypeTableRecord
  2
Continuous
 70
0
  3

 72
65
 73
0
 40
0.0
  0
ENDTAB
  0
TABLE
  2
LAYER
  5
1
330
0
100
AcDbSymbolTable
 70
6
  0
LAYER
  5
27
330
1
100
AcDbSymbolTableRecord
100
AcDbLayerTableRecord
  2
0
 70
0
 62
7
  6
Continuous
370
-3
390
13
347
21
  0
LAYER
  5
28
330
1
100
AcDbSymbolTableRecord
100
AcDbLayerTableRecord
  2
Defpoints
 70
0
 62
7
  6
Continuous
290
0
370
-3
390
13
347
21
  0
LAYER
  5
2F
330
1
100
AcDbSymbolTableRecord
100
AcDbLayerTableRecord
  2
REFERENCE_GEOMETRY
 70
0
 62
7
  6
Continuous
370
-3
390
13
347
21
  0
LAYER
  5
30
330
1
100
AcDbSymbolTableRecord
100
AcDbLayerTableRecord
  2
REFERENCE_DIMENSIONS
 70
0
 62
2
  6
Continuous
370
-3
390
13
347
21
  0
LAYER
  5
31
330
1
100
AcDbSymbolTableRecord
100
AcDbLayerTableRecord
  2
REFERENCE_NOTES
 70
0
 62
3
  6
Continuous
370
-3
390
13
347
21
  0
LAYER
  5
32
330
1
100
AcDbSymbolTableRecord
100
AcDbLayerTableRecord
  2
REFERENCE_DATUMS
 70
0
 62
4
  6
Continuous
370
-3
390
13
347
21
  0
ENDTAB
  0
TABLE
  2
STYLE
  5
5
330
0
100
AcDbSymbolTable
 70
1
  0
STYLE
  5
29
330
5
100
AcDbSymbolTableRecord
100
AcDbTextStyleTableRecord
  2
Standard
 70
0
 40
0.0
 41
1.0
 50
0.0
 71
0
 42
2.5
  3
txt
  4

  0
ENDTAB
  0
TABLE
  2
VIEW
  5
7
330
0
100
AcDbSymbolTable
 70
0
  0
ENDTAB
  0
TABLE
  2
UCS
  5
6
330
0
100
AcDbSymbolTable
 70
0
  0
ENDTAB
  0
TABLE
  2
APPID
  5
3
330
0
100
AcDbSymbolTable
 70
3
  0
APPID
  5
2A
330
3
100
AcDbSymbolTableRecord
100
AcDbRegAppTableRecord
  2
ACAD
 70
0
  0
APPID
  5
12A
330
3
100
AcDbSymbolTableRecord
100
AcDbRegAppTableRecord
  2
HATCHBACKGROUNDCOLOR
 70
0
  0
APPID
  5
12B
330
3
100
AcDbSymbolTableRecord
100
AcDbRegAppTableRecord
  2
EZDXF
 70
0
  0
ENDTAB
  0
TABLE
  2
DIMSTYLE
  5
4
330
0
100
AcDbSymbolTable
 70
1
100
AcDbDimStyleTable
  0
DIMSTYLE
105
2B
330
4
100
AcDbSymbolTableRecord
100
AcDbDimStyleTableRecord
  2
Standard
 70
0
 40
1.0
 41
2.5
 42
0.625
 43
3.75
 44
1.25
 45
0.0
 46
0.0
 47
0.0
 48
0.0
 49
2.5
140
2.5
141
2.5
142
0.0
143
0.03937007874
144
1.0
145
0.0
146
1.0
147
0.625
148
0.0
 69
0
 70
0
 71
0
 72
0
 73
0
 74
0
 75
0
 76
0
 77
1
 78
8
 79
3
170
0
171
3
172
1
173
0
174
0
175
0
176
0
177
0
178
0
179
2
271
2
272
2
273
2
274
3
275
0
276
0
277
2
278
44
279
0
280
0
281
0
282
0
283
0
284
8
285
0
286
0
288
0
289
3
290
0
371
-2
372
-2
  0
ENDTAB
  0
TABLE
  2
BLOCK_RECORD
  5
9
330
0
100
AcDbSymbolTable
 70
13
  0
BLOCK_RECORD
  5
17
330
9
100
AcDbSymbolTableRecord
100
AcDbBlockTableRecord
  2
*Model_Space
340
1A
 70
0
280
1
281
0
  0
BLOCK_RECORD
  5
1B
330
9
100
AcDbSymbolTableRecord
100
AcDbBlockTableRecord
  2
*Paper_Space
340
1E
 70
0
280
1
281
0
  0
BLOCK_RECORD
  5
46
330
9
100
AcDbSymbolTableRecord
100
AcDbBlockTableRecord
  2
*D1
340
0
 70
0
280
1
281
0
  0
BLOCK_RECORD
  5
4B
330
9
100
AcDbSymbolTableRecord
100
AcDbBlockTableRecord
  2
_CLOSEDFILLED
340
0
 70
0
280
1
281
0
  0
BLOCK_RECORD
  5
5A
330
9
100
AcDbSymbolTableRecord
100
AcDbBlockTableRecord
  2
*D2
340
0
 70
0
280
1
281
0
  0
BLOCK_RECORD
  5
78
330
9
100
AcDbSymbolTableRecord
100
AcDbBlockTableRecord
  2
*D3
340
0
 70
0
280
1
281
0
  0
BLOCK_RECORD
  5
88
330
9
100
AcDbSymbolTableRecord
100
AcDbBlockTableRecord
  2
*D4
340
0
 70
0
280
1
281
0
  0
BLOCK_RECORD
  5
A5
330
9
100
AcDbSymbolTableRecord
100
AcDbBlockTableRecord
  2
*D5
340
0
 70
0
280
1
281
0
  0
BLOCK_RECORD
  5
B5
330
9
100
AcDbSymbolTableRecord
100
AcDbBlockTableRecord
  2
*D6
340
0
 70
0
280
1
281
0
  0
BLOCK_RECORD
  5
D3
330
9
100
AcDbSymbolTableRecord
100
AcDbBlockTableRecord
  2
*D7
340
0
 70
0
280
1
281
0
  0
BLOCK_RECORD
  5
E3
330
9
100
AcDbSymbolTableRecord
100
AcDbBlockTableRecord
  2
*D8
340
0
 70
0
280
1
281
0
  0
BLOCK_RECORD
  5
101
330
9
100
AcDbSymbolTableRecord
100
AcDbBlockTableRecord
  2
*D9
340
0
 70
0
280
1
281
0
  0
BLOCK_RECORD
  5
111
330
9
100
AcDbSymbolTableRecord
100
AcDbBlockTableRecord
  2
*D10
340
0
 70
0
280
1
281
0
  0
ENDTAB
  0
ENDSEC
  0
SECTION
  2
BLOCKS
  0
BLOCK
  5
18
330
17
100
AcDbEntity
  8
0
100
AcDbBlockBegin
  2
*Model_Space
 70
0
 10
0.0
 20
0.0
 30
0.0
  3
*Model_Space
  1

  0
ENDBLK
  5
19
330
17
100
AcDbEntity
  8
0
100
AcDbBlockEnd
  0
BLOCK
  5
1C
330
1B
100
AcDbEntity
  8
0
100
AcDbBlockBegin
  2
*Paper_Space
 70
0
 10
0.0
 20
0.0
 30
0.0
  3
*Paper_Space
  1

  0
ENDBLK
  5
1D
330
1B
100
AcDbEntity
  8
0
100
AcDbBlockEnd
  0
BLOCK
  5
47
330
46
100
AcDbEntity
  8
0
100
AcDbBlockBegin
  2
*D1
 70
1
 10
0.0
 20
0.0
 30
0.0
  3
*D1
  1

  0
LINE
  5
49
330
46
100
AcDbEntity
  8
0
100
AcDbLine
 10
-85.0
 20
-101.15
 30
0.0
 11
-85.0
 21
-119.15
 31
0.0
  0
LINE
  5
4A
330
46
100
AcDbEntity
  8
0
100
AcDbLine
 10
85.0
 20
-101.15
 30
0.0
 11
85.0
 21
-119.15
 31
0.0
  0
INSERT
  5
4F
330
46
100
AcDbEntity
  8
REFERENCE_DIMENSIONS
100
AcDbBlockReference
  2
_CLOSEDFILLED
 10
-85.0
 20
-119.15
 30
0.0
 41
2.0
 42
2.0
 50
180.0
  0
INSERT
  5
51
330
46
100
AcDbEntity
  8
REFERENCE_DIMENSIONS
100
AcDbBlockReference
  2
_CLOSEDFILLED
 10
85.0
 20
-119.15
 30
0.0
 41
2.0
 42
2.0
  0
LINE
  5
53
330
46
100
AcDbEntity
  8
0
100
AcDbLine
 10
-83.0
 20
-119.15
 30
0.0
 11
-4.5
 21
-119.15
 31
0.0
  0
LINE
  5
54
330
46
100
AcDbEntity
  8
0
100
AcDbLine
 10
4.5
 20
-119.15
 30
0.0
 11
83.0
 21
-119.15
 31
0.0
  0
MTEXT
  5
55
330
46
100
AcDbEntity
  8
REFERENCE_DIMENSIONS
100
AcDbMText
 10
0.0
 20
-119.15
 30
0.0
 40
3.0
 71
5
  1
170
  0
POINT
  5
56
330
46
100
AcDbEntity
  8
Defpoints
100
AcDbPoint
 10
-85.0
 20
-119.15
 30
0.0
  0
POINT
  5
57
330
46
100
AcDbEntity
  8
Defpoints
100
AcDbPoint
 10
-85.0
 20
-101.15
 30
0.0
  0
POINT
  5
58
330
46
100
AcDbEntity
  8
Defpoints
100
AcDbPoint
 10
85.0
 20
-101.15
 30
0.0
  0
ENDBLK
  5
48
330
46
100
AcDbEntity
  8
0
100
AcDbBlockEnd
  0
BLOCK
  5
4C
330
4B
100
AcDbEntity
  8
0
100
AcDbBlockBegin
  2
_CLOSEDFILLED
 70
0
 10
0.0
 20
0.0
 30
0.0
  3
_CLOSEDFILLED
  1

  0
SOLID
  5
4E
330
4B
100
AcDbEntity
  8
0
  6
BYBLOCK
 62
0
100
AcDbTrace
 10
-1.0
 20
0.16439898372402537
 30
0.0
 11
0.0
 21
0.0
 31
0.0
 12
-1.0
 22
-0.16439898372402537
 32
0.0
 13
-1.0
 23
-0.16439898372402537
 33
0.0
  0
ENDBLK
  5
4D
330
4B
100
AcDbEntity
  8
0
100
AcDbBlockEnd
  0
BLOCK
  5
5B
330
5A
100
AcDbEntity
  8
0
100
AcDbBlockBegin
  2
*D2
 70
1
 10
0.0
 20
0.0
 30
0.0
  3
*D2
  1

  0
LINE
  5
5D
330
5A
100
AcDbEntity
  8
0
100
AcDbLine
 10
85.0
 20
-101.15
 30
0.0
 11
103.0
 21
-101.15
 31
0.0
  0
LINE
  5
5E
330
5A
100
AcDbEntity
  8
0
100
AcDbLine
 10
85.0
 20
101.15
 30
0.0
 11
103.0
 21
101.15
 31
0.0
  0
INSERT
  5
5F
330
5A
100
AcDbEntity
  8
REFERENCE_DIMENSIONS
100
AcDbBlockReference
  2
_CLOSEDFILLED
 10
103.0
 20
-101.15
 30
0.0
 41
2.0
 42
2.0
 50
270.0
  0
INSERT
  5
61
330
5A
100
AcDbEntity
  8
REFERENCE_DIMENSIONS
100
AcDbBlockReference
  2
_CLOSEDFILLED
 10
103.0
 20
101.15
 30
0.0
 41
2.0
 42
2.0
 50
90.0
  0
LINE
  5
63
330
5A
100
AcDbEntity
  8
0
100
AcDbLine
 10
103.0
 20
-99.15
 30
0.0
 11
103.0
 21
-7.5
 31
0.0
  0
LINE
  5
64
330
5A
100
AcDbEntity
  8
0
100
AcDbLine
 10
103.0
 20
7.500000000000014
 30
0.0
 11
103.0
 21
99.15
 31
0.0
  0
MTEXT
  5
65
330
5A
100
AcDbEntity
  8
REFERENCE_DIMENSIONS
100
AcDbMText
 10
103.0
 20
0.0
 30
0.0
 40
3.0
 71
5
  1
202,3
 50
90.0
  0
POINT
  5
66
330
5A
100
AcDbEntity
  8
Defpoints
100
AcDbPoint
 10
103.0
 20
-101.15
 30
0.0
  0
POINT
  5
67
330
5A
100
AcDbEntity
  8
Defpoints
100
AcDbPoint
 10
85.0
 20
-101.15
 30
0.0
  0
POINT
  5
68
330
5A
100
AcDbEntity
  8
Defpoints
100
AcDbPoint
 10
85.0
 20
101.15
 30
0.0
  0
ENDBLK
  5
5C
330
5A
100
AcDbEntity
  8
0
100
AcDbBlockEnd
  0
BLOCK
  5
79
330
78
100
AcDbEntity
  8
0
100
AcDbBlockBegin
  2
*D3
 70
1
 10
0.0
 20
0.0
 30
0.0
  3
*D3
  1

  0
LINE
  5
7B
330
78
100
AcDbEntity
  8
0
100
AcDbLine
 10
338.0
 20
-45.0
 30
0.0
 11
338.0
 21
-63.0
 31
0.0
  0
LINE
  5
7C
330
78
100
AcDbEntity
  8
0
100
AcDbLine
 10
362.0
 20
-45.0
 30
0.0
 11
362.0
 21
-63.0
 31
0.0
  0
INSERT
  5
7D
330
78
100
AcDbEntity
  8
REFERENCE_DIMENSIONS
100
AcDbBlockReference
  2
_CLOSEDFILLED
 10
338.0
 20
-63.0
 30
0.0
 41
2.0
 42
2.0
 50
180.0
  0
INSERT
  5
7F
330
78
100
AcDbEntity
  8
REFERENCE_DIMENSIONS
100
AcDbBlockReference
  2
_CLOSEDFILLED
 10
362.0
 20
-63.0
 30
0.0
 41
2.0
 42
2.0
  0
LINE
  5
81
330
78
100
AcDbEntity
  8
0
100
AcDbLine
 10
340.0
 20
-63.0
 30
0.0
 11
347.0
 21
-63.0
 31
0.0
  0
LINE
  5
82
330
78
100
AcDbEntity
  8
0
100
AcDbLine
 10
353.0
 20
-63.0
 30
0.0
 11
360.0
 21
-63.0
 31
0.0
  0
MTEXT
  5
83
330
78
100
AcDbEntity
  8
REFERENCE_DIMENSIONS
100
AcDbMText
 10
350.0
 20
-63.0
 30
0.0
 40
3.0
 71
5
  1
24
  0
POINT
  5
84
330
78
100
AcDbEntity
  8
Defpoints
100
AcDbPoint
 10
338.0
 20
-63.0
 30
0.0
  0
POINT
  5
85
330
78
100
AcDbEntity
  8
Defpoints
100
AcDbPoint
 10
338.0
 20
-45.0
 30
0.0
  0
POINT
  5
86
330
78
100
AcDbEntity
  8
Defpoints
100
AcDbPoint
 10
362.0
 20
-45.0
 30
0.0
  0
ENDBLK
  5
7A
330
78
100
AcDbEntity
  8
0
100
AcDbBlockEnd
  0
BLOCK
  5
89
330
88
100
AcDbEntity
  8
0
100
AcDbBlockBegin
  2
*D4
 70
1
 10
0.0
 20
0.0
 30
0.0
  3
*D4
  1

  0
LINE
  5
8B
330
88
100
AcDbEntity
  8
0
100
AcDbLine
 10
362.0
 20
-45.0
 30
0.0
 11
380.0
 21
-45.0
 31
0.0
  0
LINE
  5
8C
330
88
100
AcDbEntity
  8
0
100
AcDbLine
 10
362.0
 20
45.0
 30
0.0
 11
380.0
 21
45.0
 31
0.0
  0
INSERT
  5
8D
330
88
100
AcDbEntity
  8
REFERENCE_DIMENSIONS
100
AcDbBlockReference
  2
_CLOSEDFILLED
 10
380.0
 20
-45.0
 30
0.0
 41
2.0
 42
2.0
 50
270.0
  0
INSERT
  5
8F
330
88
100
AcDbEntity
  8
REFERENCE_DIMENSIONS
100
AcDbBlockReference
  2
_CLOSEDFILLED
 10
380.0
 20
45.0
 30
0.0
 41
2.0
 42
2.0
 50
90.0
  0
LINE
  5
91
330
88
100
AcDbEntity
  8
0
100
AcDbLine
 10
380.0
 20
-43.0
 30
0.0
 11
380.0
 21
-3.0
 31
0.0
  0
LINE
  5
92
330
88
100
AcDbEntity
  8
0
100
AcDbLine
 10
380.0
 20
2.999999999999993
 30
0.0
 11
380.0
 21
43.0
 31
0.0
  0
MTEXT
  5
93
330
88
100
AcDbEntity
  8
REFERENCE_DIMENSIONS
100
AcDbMText
 10
380.0
 20
0.0
 30
0.0
 40
3.0
 71
5
  1
90
 50
90.0
  0
POINT
  5
94
330
88
100
AcDbEntity
  8
Defpoints
100
AcDbPoint
 10
380.0
 20
-45.0
 30
0.0
  0
POINT
  5
95
330
88
100
AcDbEntity
  8
Defpoints
100
AcDbPoint
 10
362.0
 20
-45.0
 30
0.0
  0
POINT
  5
96
330
88
100
AcDbEntity
  8
Defpoints
100
AcDbPoint
 10
362.0
 20
45.0
 30
0.0
  0
ENDBLK
  5
8A
330
88
100
AcDbEntity
  8
0
100
AcDbBlockEnd
  0
BLOCK
  5
A6
330
A5
100
AcDbEntity
  8
0
100
AcDbBlockBegin
  2
*D5
 70
1
 10
0.0
 20
0.0
 30
0.0
  3
*D5
  1

  0
LINE
  5
A8
330
A5
100
AcDbEntity
  8
0
100
AcDbLine
 10
688.0
 20
-45.0
 30
0.0
 11
688.0
 21
-63.0
 31
0.0
  0
LINE
  5
A9
330
A5
100
AcDbEntity
  8
0
100
AcDbLine
 10
712.0
 20
-45.0
 30
0.0
 11
712.0
 21
-63.0
 31
0.0
  0
INSERT
  5
AA
330
A5
100
AcDbEntity
  8
REFERENCE_DIMENSIONS
100
AcDbBlockReference
  2
_CLOSEDFILLED
 10
688.0
 20
-63.0
 30
0.0
 41
2.0
 42
2.0
 50
180.0
  0
INSERT
  5
AC
330
A5
100
AcDbEntity
  8
REFERENCE_DIMENSIONS
100
AcDbBlockReference
  2
_CLOSEDFILLED
 10
712.0
 20
-63.0
 30
0.0
 41
2.0
 42
2.0
  0
LINE
  5
AE
330
A5
100
AcDbEntity
  8
0
100
AcDbLine
 10
690.0
 20
-63.0
 30
0.0
 11
697.0
 21
-63.0
 31
0.0
  0
LINE
  5
AF
330
A5
100
AcDbEntity
  8
0
100
AcDbLine
 10
703.0
 20
-63.0
 30
0.0
 11
710.0
 21
-63.0
 31
0.0
  0
MTEXT
  5
B0
330
A5
100
AcDbEntity
  8
REFERENCE_DIMENSIONS
100
AcDbMText
 10
700.0
 20
-63.0
 30
0.0
 40
3.0
 71
5
  1
24
  0
POINT
  5
B1
330
A5
100
AcDbEntity
  8
Defpoints
100
AcDbPoint
 10
688.0
 20
-63.0
 30
0.0
  0
POINT
  5
B2
330
A5
100
AcDbEntity
  8
Defpoints
100
AcDbPoint
 10
688.0
 20
-45.0
 30
0.0
  0
POINT
  5
B3
330
A5
100
AcDbEntity
  8
Defpoints
100
AcDbPoint
 10
712.0
 20
-45.0
 30
0.0
  0
ENDBLK
  5
A7
330
A5
100
AcDbEntity
  8
0
100
AcDbBlockEnd
  0
BLOCK
  5
B6
330
B5
100
AcDbEntity
  8
0
100
AcDbBlockBegin
  2
*D6
 70
1
 10
0.0
 20
0.0
 30
0.0
  3
*D6
  1

  0
LINE
  5
B8
330
B5
100
AcDbEntity
  8
0
100
AcDbLine
 10
712.0
 20
-45.0
 30
0.0
 11
730.0
 21
-45.0
 31
0.0
  0
LINE
  5
B9
330
B5
100
AcDbEntity
  8
0
100
AcDbLine
 10
712.0
 20
45.0
 30
0.0
 11
730.0
 21
45.0
 31
0.0
  0
INSERT
  5
BA
330
B5
100
AcDbEntity
  8
REFERENCE_DIMENSIONS
100
AcDbBlockReference
  2
_CLOSEDFILLED
 10
730.0
 20
-45.0
 30
0.0
 41
2.0
 42
2.0
 50
270.0
  0
INSERT
  5
BC
330
B5
100
AcDbEntity
  8
REFERENCE_DIMENSIONS
100
AcDbBlockReference
  2
_CLOSEDFILLED
 10
730.0
 20
45.0
 30
0.0
 41
2.0
 42
2.0
 50
90.0
  0
LINE
  5
BE
330
B5
100
AcDbEntity
  8
0
100
AcDbLine
 10
730.0
 20
-43.0
 30
0.0
 11
730.0
 21
-3.0
 31
0.0
  0
LINE
  5
BF
330
B5
100
AcDbEntity
  8
0
100
AcDbLine
 10
730.0
 20
2.999999999999993
 30
0.0
 11
730.0
 21
43.0
 31
0.0
  0
MTEXT
  5
C0
330
B5
100
AcDbEntity
  8
REFERENCE_DIMENSIONS
100
AcDbMText
 10
730.0
 20
0.0
 30
0.0
 40
3.0
 71
5
  1
90
 50
90.0
  0
POINT
  5
C1
330
B5
100
AcDbEntity
  8
Defpoints
100
AcDbPoint
 10
730.0
 20
-45.0
 30
0.0
  0
POINT
  5
C2
330
B5
100
AcDbEntity
  8
Defpoints
100
AcDbPoint
 10
712.0
 20
-45.0
 30
0.0
  0
POINT
  5
C3
330
B5
100
AcDbEntity
  8
Defpoints
100
AcDbPoint
 10
712.0
 20
45.0
 30
0.0
  0
ENDBLK
  5
B7
330
B5
100
AcDbEntity
  8
0
100
AcDbBlockEnd
  0
BLOCK
  5
D4
330
D3
100
AcDbEntity
  8
0
100
AcDbBlockBegin
  2
*D7
 70
1
 10
0.0
 20
0.0
 30
0.0
  3
*D7
  1

  0
LINE
  5
D6
330
D3
100
AcDbEntity
  8
0
100
AcDbLine
 10
-9.0
 20
-479.0
 30
0.0
 11
-9.0
 21
-497.0
 31
0.0
  0
LINE
  5
D7
330
D3
100
AcDbEntity
  8
0
100
AcDbLine
 10
9.0
 20
-479.0
 30
0.0
 11
9.0
 21
-497.0
 31
0.0
  0
INSERT
  5
D8
330
D3
100
AcDbEntity
  8
REFERENCE_DIMENSIONS
100
AcDbBlockReference
  2
_CLOSEDFILLED
 10
-9.0
 20
-497.0
 30
0.0
 41
2.0
 42
2.0
 50
180.0
  0
INSERT
  5
DA
330
D3
100
AcDbEntity
  8
REFERENCE_DIMENSIONS
100
AcDbBlockReference
  2
_CLOSEDFILLED
 10
9.0
 20
-497.0
 30
0.0
 41
2.0
 42
2.0
  0
LINE
  5
DC
330
D3
100
AcDbEntity
  8
0
100
AcDbLine
 10
-7.0
 20
-497.0
 30
0.0
 11
-3.0
 21
-497.0
 31
0.0
  0
LINE
  5
DD
330
D3
100
AcDbEntity
  8
0
100
AcDbLine
 10
3.0
 20
-497.0
 30
0.0
 11
7.0
 21
-497.0
 31
0.0
  0
MTEXT
  5
DE
330
D3
100
AcDbEntity
  8
REFERENCE_DIMENSIONS
100
AcDbMText
 10
0.0
 20
-497.0
 30
0.0
 40
3.0
 71
5
  1
18
  0
POINT
  5
DF
330
D3
100
AcDbEntity
  8
Defpoints
100
AcDbPoint
 10
-9.0
 20
-497.0
 30
0.0
  0
POINT
  5
E0
330
D3
100
AcDbEntity
  8
Defpoints
100
AcDbPoint
 10
-9.0
 20
-479.0
 30
0.0
  0
POINT
  5
E1
330
D3
100
AcDbEntity
  8
Defpoints
100
AcDbPoint
 10
9.0
 20
-479.0
 30
0.0
  0
ENDBLK
  5
D5
330
D3
100
AcDbEntity
  8
0
100
AcDbBlockEnd
  0
BLOCK
  5
E4
330
E3
100
AcDbEntity
  8
0
100
AcDbBlockBegin
  2
*D8
 70
1
 10
0.0
 20
0.0
 30
0.0
  3
*D8
  1

  0
LINE
  5
E6
330
E3
100
AcDbEntity
  8
0
100
AcDbLine
 10
9.0
 20
-479.0
 30
0.0
 11
27.0
 21
-479.0
 31
0.0
  0
LINE
  5
E7
330
E3
100
AcDbEntity
  8
0
100
AcDbLine
 10
9.0
 20
-361.0
 30
0.0
 11
27.0
 21
-361.0
 31
0.0
  0
INSERT
  5
E8
330
E3
100
AcDbEntity
  8
REFERENCE_DIMENSIONS
100
AcDbBlockReference
  2
_CLOSEDFILLED
 10
27.0
 20
-479.0
 30
0.0
 41
2.0
 42
2.0
 50
270.0
  0
INSERT
  5
EA
330
E3
100
AcDbEntity
  8
REFERENCE_DIMENSIONS
100
AcDbBlockReference
  2
_CLOSEDFILLED
 10
27.0
 20
-361.0
 30
0.0
 41
2.0
 42
2.0
 50
90.0
  0
LINE
  5
EC
330
E3
100
AcDbEntity
  8
0
100
AcDbLine
 10
27.0
 20
-477.0
 30
0.0
 11
27.0
 21
-424.5
 31
0.0
  0
LINE
  5
ED
330
E3
100
AcDbEntity
  8
0
100
AcDbLine
 10
27.0
 20
-415.5
 30
0.0
 11
27.0
 21
-363.0
 31
0.0
  0
MTEXT
  5
EE
330
E3
100
AcDbEntity
  8
REFERENCE_DIMENSIONS
100
AcDbMText
 10
27.0
 20
-420.0
 30
0.0
 40
3.0
 71
5
  1
118
 50
90.0
  0
POINT
  5
EF
330
E3
100
AcDbEntity
  8
Defpoints
100
AcDbPoint
 10
27.0
 20
-479.0
 30
0.0
  0
POINT
  5
F0
330
E3
100
AcDbEntity
  8
Defpoints
100
AcDbPoint
 10
9.0
 20
-479.0
 30
0.0
  0
POINT
  5
F1
330
E3
100
AcDbEntity
  8
Defpoints
100
AcDbPoint
 10
9.0
 20
-361.0
 30
0.0
  0
ENDBLK
  5
E5
330
E3
100
AcDbEntity
  8
0
100
AcDbBlockEnd
  0
BLOCK
  5
102
330
101
100
AcDbEntity
  8
0
100
AcDbBlockBegin
  2
*D9
 70
1
 10
0.0
 20
0.0
 30
0.0
  3
*D9
  1

  0
LINE
  5
104
330
101
100
AcDbEntity
  8
0
100
AcDbLine
 10
337.0
 20
-427.0
 30
0.0
 11
337.0
 21
-445.0
 31
0.0
  0
LINE
  5
105
330
101
100
AcDbEntity
  8
0
100
AcDbLine
 10
363.0
 20
-427.0
 30
0.0
 11
363.0
 21
-445.0
 31
0.0
  0
INSERT
  5
106
330
101
100
AcDbEntity
  8
REFERENCE_DIMENSIONS
100
AcDbBlockReference
  2
_CLOSEDFILLED
 10
337.0
 20
-445.0
 30
0.0
 41
2.0
 42
2.0
 50
180.0
  0
INSERT
  5
108
330
101
100
AcDbEntity
  8
REFERENCE_DIMENSIONS
100
AcDbBlockReference
  2
_CLOSEDFILLED
 10
363.0
 20
-445.0
 30
0.0
 41
2.0
 42
2.0
  0
LINE
  5
10A
330
101
100
AcDbEntity
  8
0
100
AcDbLine
 10
339.0
 20
-445.0
 30
0.0
 11
347.0
 21
-445.0
 31
0.0
  0
LINE
  5
10B
330
101
100
AcDbEntity
  8
0
100
AcDbLine
 10
353.0
 20
-445.0
 30
0.0
 11
361.0
 21
-445.0
 31
0.0
  0
MTEXT
  5
10C
330
101
100
AcDbEntity
  8
REFERENCE_DIMENSIONS
100
AcDbMText
 10
350.0
 20
-445.0
 30
0.0
 40
3.0
 71
5
  1
26
  0
POINT
  5
10D
330
101
100
AcDbEntity
  8
Defpoints
100
AcDbPoint
 10
337.0
 20
-445.0
 30
0.0
  0
POINT
  5
10E
330
101
100
AcDbEntity
  8
Defpoints
100
AcDbPoint
 10
337.0
 20
-427.0
 30
0.0
  0
POINT
  5
10F
330
101
100
AcDbEntity
  8
Defpoints
100
AcDbPoint
 10
363.0
 20
-427.0
 30
0.0
  0
ENDBLK
  5
103
330
101
100
AcDbEntity
  8
0
100
AcDbBlockEnd
  0
BLOCK
  5
112
330
111
100
AcDbEntity
  8
0
100
AcDbBlockBegin
  2
*D10
 70
1
 10
0.0
 20
0.0
 30
0.0
  3
*D10
  1

  0
LINE
  5
114
330
111
100
AcDbEntity
  8
0
100
AcDbLine
 10
363.0
 20
-427.0
 30
0.0
 11
381.0
 21
-427.0
 31
0.0
  0
LINE
  5
115
330
111
100
AcDbEntity
  8
0
100
AcDbLine
 10
363.0
 20
-413.0
 30
0.0
 11
381.0
 21
-413.0
 31
0.0
  0
INSERT
  5
116
330
111
100
AcDbEntity
  8
REFERENCE_DIMENSIONS
100
AcDbBlockReference
  2
_CLOSEDFILLED
 10
381.0
 20
-427.0
 30
0.0
 41
2.0
 42
2.0
 50
270.0
  0
INSERT
  5
118
330
111
100
AcDbEntity
  8
REFERENCE_DIMENSIONS
100
AcDbBlockReference
  2
_CLOSEDFILLED
 10
381.0
 20
-413.0
 30
0.0
 41
2.0
 42
2.0
 50
90.0
  0
LINE
  5
11A
330
111
100
AcDbEntity
  8
0
100
AcDbLine
 10
381.0
 20
-425.0
 30
0.0
 11
381.0
 21
-423.0
 31
0.0
  0
LINE
  5
11B
330
111
100
AcDbEntity
  8
0
100
AcDbLine
 10
381.0
 20
-417.0
 30
0.0
 11
381.0
 21
-415.0
 31
0.0
  0
MTEXT
  5
11C
330
111
100
AcDbEntity
  8
REFERENCE_DIMENSIONS
100
AcDbMText
 10
381.0
 20
-420.0
 30
0.0
 40
3.0
 71
5
  1
14
 50
90.0
  0
POINT
  5
11D
330
111
100
AcDbEntity
  8
Defpoints
100
AcDbPoint
 10
381.0
 20
-427.0
 30
0.0
  0
POINT
  5
11E
330
111
100
AcDbEntity
  8
Defpoints
100
AcDbPoint
 10
363.0
 20
-427.0
 30
0.0
  0
POINT
  5
11F
330
111
100
AcDbEntity
  8
Defpoints
100
AcDbPoint
 10
363.0
 20
-413.0
 30
0.0
  0
ENDBLK
  5
113
330
111
100
AcDbEntity
  8
0
100
AcDbBlockEnd
  0
ENDSEC
  0
SECTION
  2
ENTITIES
  0
LWPOLYLINE
  5
33
330
17
100
AcDbEntity
  8
REFERENCE_GEOMETRY
100
AcDbPolyline
 90
2979
 70
1
 10
-85.0
 20
101.15
 10
-84.75005035246716
 20
101.15
 10
-84.50010070493441
 20
101.15
 10
-84.2501510574017
 20
101.15
 10
-84.00020140986896
 20
101.15
 10
-83.75025176233623
 20
101.15
 10
-83.50030211480349
 20
101.15
 10
-83.25035246727077
 20
101.15
 10
-83.00040281973804
 20
101.15
 10
-82.75045317220531
 20
101.15
 10
-82.50050352467258
 20
101.15
 10
-82.25055387713985
 20
101.15
 10
-82.00060422960712
 20
101.15
 10
-81.75065458207439
 20
101.15
 10
-81.50070493454166
 20
101.15
 10
-81.25075528700893
 20
101.15
 10
-81.0008056394762
 20
101.15
 10
-80.75085599194348
 20
101.15
 10
-80.50090634441085
 20
101.15
 10
-80.25095669687812
 20
101.15
 10
-80.00100704934528
 20
101.15
 10
-79.75105740181256
 20
101.15
 10
-79.50110775427981
 20
101.15
 10
-79.25115810674708
 20
101.15
 10
-79.00120845921435
 20
101.15
 10
-78.75125881168164
 20
101.15
 10
-78.50130916414889
 20
101.15
 10
-78.25135951661616
 20
101.15
 10
-78.00140986908343
 20
101.15
 10
-77.75146022155069
 20
101.15
 10
-77.50151057401808
 20
101.15
 10
-77.25156092648535
 20
101.15
 10
-77.00161127895262
 20
101.15
 10
-76.75166163141988
 20
101.15
 10
-76.50171198388705
 20
101.15
 10
-76.25176233635432
 20
101.15
 10
-76.00181268882159
 20
101.15
 10
-75.75186304128886
 20
101.15
 10
-75.50191339375613
 20
101.15
 10
-75.2519637462234
 20
101.15
 10
-75.00201409869067
 20
101.15
 10
-74.75206445115805
 20
101.15
 10
-74.50211480362532
 20
101.15
 10
-74.25216515609259
 20
101.15
 10
-74.00221550855986
 20
101.15
 10
-73.75226586102713
 20
101.15
 10
-73.5023162134944
 20
101.15
 10
-73.25236656596167
 20
101.15
 10
-73.00241691842893
 20
101.15
 10
-72.75246727089609
 20
101.15
 10
-72.50251762336336
 20
101.15
 10
-72.25256797583063
 20
101.15
 10
-72.00261832829791
 20
101.15
 10
-71.75266868076528
 20
101.15
 10
-71.50271903323255
 20
101.15
 10
-71.25276938569982
 20
101.15
 10
-71.0028197381671
 20
101.15
 10
-70.75287009063436
 20
101.15
 10
-70.50292044310163
 20
101.15
 10
-70.2529707955689
 20
101.15
 10
-70.00302114803615
 20
101.15
 10
-69.75307150050344
 20
101.15
 10
-69.50312185297071
 20
101.15
 10
-69.25317220543798
 20
101.15
 10
-69.00322255790513
 20
101.15
 10
-68.75327291037252
 20
101.15
 10
-68.50332326283979
 20
101.15
 10
-68.25337361530705
 20
101.15
 10
-68.00342396777432
 20
101.15
 10
-67.7534743202416
 20
101.15
 10
-67.50352467270886
 20
101.15
 10
-67.25357502517613
 20
101.15
 10
-67.0036253776434
 20
101.15
 10
-66.75367573011067
 20
101.15
 10
-66.50372608257794
 20
101.15
 10
-66.25377643504521
 20
101.15
 10
-66.00382678751248
 20
101.15
 10
-65.75387713997975
 20
101.15
 10
-65.50392749244702
 20
101.15
 10
-65.25397784491429
 20
101.15
 10
-65.00402819738156
 20
101.15
 10
-64.75407854984883
 20
101.15
 10
-64.5041289023161
 20
101.15
 10
-64.25417925478338
 20
101.15
 10
-64.00422960725064
 20
101.15
 10
-63.754279959717906
 20
101.15
 10
-63.504330312185175
 20
101.15
 10
-63.25438066465243
 20
101.15
 10
-63.004431017119714
 20
101.15
 10
-62.75448136958698
 20
101.15
 10
-62.50453172205426
 20
101.15
 10
-62.254582074521515
 20
101.15
 10
-62.00463242698879
 20
101.15
 10
-61.75468277945606
 20
101.15
 10
-61.50473313192334
 20
101.15
 10
-61.25478348439059
 20
101.15
 10
-61.00483383685787
 20
101.15
 10
-60.75488418932514
 20
101.15
 10
-60.504934541792416
 20
101.15
 10
-60.254984894259785
 20
101.15
 10
-60.00503524672706
 20
101.15
 10
-59.75508559919433
 20
101.15
 10
-59.505135951661494
 20
101.15
 10
-59.25518630412875
 20
101.15
 10
-59.005236656596026
 20
101.15
 10
-58.755287009063295
 20
101.15
 10
-58.50533736153057
 20
101.15
 10
-58.25538771399783
 20
101.15
 10
-58.0054380664651
 20
101.15
 10
-57.75548841893237
 20
101.15
 10
-57.50553877139965
 20
101.15
 10
-57.25558912386702
 20
101.15
 10
-57.005639476334295
 20
101.15
 10
-56.755689828801565
 20
101.15
 10
-56.50574018126885
 20
101.15
 10
-56.2557905337361
 20
101.15
 10
-56.00584088620337
 20
101.15
 10
-55.755891238670536
 20
101.15
 10
-55.50594159113779
 20
101.15
 10
-55.25599194360507
 20
101.15
 10
-55.00604229607234
 20
101.15
 10
-54.756092648539614
 20
101.15
 10
-54.50614300100687
 20
101.15
 10
-54.25619335347426
 20
101.15
 10
-54.00624370594153
 20
101.15
 10
-53.756294058408805
 20
101.15
 10
-53.50634441087606
 20
101.15
 10
-53.25639476334334
 20
101.15
 10
-53.00644511581061
 20
101.15
 10
-52.75649546827788
 20
101.15
 10
-52.50654582074514
 20
101.15
 10
-52.2565961732123
 20
101.15
 10
-52.00664652567957
 20
101.15
 10
-51.75669687814685
 20
101.15
 10
-51.50674723061422
 20
101.15
 10
-51.25679758308149
 20
101.15
 10
-51.00684793554876
 20
101.15
 10
-50.75689828801604
 20
101.15
 10
-50.506948640483294
 20
101.15
 10
-50.25699899295057
 20
101.15
 10
-50.00704934541785
 20
101.15
 10
-49.75709969788512
 20
101.15
 10
-49.50715005035237
 20
101.15
 10
-49.25720040281965
 20
101.15
 10
-49.007250755286925
 20
101.15
 10
-48.75730110775418
 20
101.15
 10
-48.50735146022145
 20
101.15
 10
-48.25740181268873
 20
101.15
 10
-48.007452165156
 20
101.15
 10
-47.75750251762326
 20
101.15
 10
-47.50755287009053
 20
101.15
 10
-47.257603222557805
 20
101.15
 10
-47.00765357502508
 20
101.15
 10
-46.75770392749234
 20
101.15
 10
-46.50775427995961
 20
101.15
 10
-46.25780463242688
 20
101.15
 10
-46.00785498489416
 20
101.15
 10
-45.757905337361414
 20
101.15
 10
-45.50795568982869
 20
101.15
 10
-45.25800604229596
 20
101.15
 10
-45.00805639476324
 20
101.15
 10
-44.75810674723049
 20
101.15
 10
-44.50815709969777
 20
101.15
 10
-44.25820745216504
 20
101.15
 10
-44.008257804632315
 20
101.15
 10
-43.75830815709957
 20
101.15
 10
-43.50835850956685
 20
101.15
 10
-43.25840886203412
 20
101.15
 10
-43.00845921450139
 20
101.15
 10
-42.75850956696876
 20
101.15
 10
-42.508559919435925
 20
101.15
 10
-42.2586102719032
 20
101.15
 10
-42.00866062437047
 20
101.15
 10
-41.758710976837726
 20
101.15
 10
-41.508761329305
 20
101.15
 10
-41.25881168177228
 20
101.15
 10
-41.008862034239534
 20
101.15
 10
-40.758912386706804
 20
101.15
 10
-40.50896273917408
 20
101.15
 10
-40.25901309164136
 20
101.15
 10
-40.00906344410861
 20
101.15
 10
-39.759113796575996
 20
101.15
 10
-39.50916414904327
 20
101.15
 10
-39.25921450151055
 20
101.15
 10
-39.00926485397769
 20
101.15
 10
-38.75931520644497
 20
101.15
 10
-38.509365558912236
 20
101.15
 10
-38.25941591137951
 20
101.15
 10
-38.00946626384677
 20
101.15
 10
-37.759516616314045
 20
101.15
 10
-37.509566968781314
 20
101.15
 10
-37.25961732124859
 20
101.15
 10
-37.009667673715846
 20
101.15
 10
-36.759718026183236
 20
101.15
 10
-36.509768378650506
 20
101.15
 10
-36.25981873111778
 20
101.15
 10
-36.00986908358504
 20
101.15
 10
-35.759919436052314
 20
101.15
 10
-35.50996978851959
 20
101.15
 10
-35.26002014098675
 20
101.15
 10
-35.010070493454
 20
101.15
 10
-34.76012084592128
 20
101.15
 10
-34.510171198388555
 20
101.15
 10
-34.26022155085581
 20
101.15
 10
-34.01027190332319
 20
101.15
 10
-33.76032225579047
 20
101.15
 10
-33.51037260825775
 20
101.15
 10
-33.260422960725
 20
101.15
 10
-33.01047331319227
 20
101.15
 10
-32.76052366565955
 20
101.15
 10
-32.510574018126825
 20
101.15
 10
-32.26062437059408
 20
101.15
 10
-32.010674723061356
 20
101.15
 10
-31.760725075528512
 20
101.15
 10
-31.51077542799579
 20
101.15
 10
-31.260825780463044
 20
101.15
 10
-31.010876132930434
 20
101.15
 10
-30.760926485397704
 20
101.15
 10
-30.51097683786498
 20
101.15
 10
-30.261027190332236
 20
101.15
 10
-30.011077542799512
 20
101.15
 10
-29.76112789526678
 20
101.15
 10
-29.51117824773406
 20
101.15
 10
-29.261228600201314
 20
101.15
 10
-29.01127895266859
 20
101.15
 10
-28.76132930513586
 20
101.15
 10
-28.511379657603136
 20
101.15
 10
-28.26143001007039
 20
101.15
 10
-28.011480362537668
 20
101.15
 10
-27.761530715004945
 20
101.15
 10
-27.511581067472214
 20
101.15
 10
-27.26163141993947
 20
101.15
 10
-27.011681772406746
 20
101.15
 10
-26.761732124874023
 20
101.15
 10
-26.511782477341278
 20
101.15
 10
-26.261832829808547
 20
101.15
 10
-26.011883182275824
 20
101.15
 10
-25.7619335347431
 20
101.15
 10
-25.511983887210356
 20
101.15
 10
-25.262034239677632
 20
101.15
 10
-25.0120845921449
 20
101.15
 10
-24.76213494461218
 20
101.15
 10
-24.512185297079434
 20
101.15
 10
-24.26223564954671
 20
101.15
 10
-24.01228600201398
 20
101.15
 10
-23.762336354481256
 20
101.15
 10
-23.51238670694851
 20
101.15
 10
-23.262437059415788
 20
101.15
 10
-23.012487411883058
 20
101.15
 10
-22.762537764350334
 20
101.15
 10
-22.51258811681759
 20
101.15
 10
-22.26263846928498
 20
101.15
 10
-22.012688821752135
 20
101.15
 10
-21.762739174219412
 20
101.15
 10
-21.512789526686667
 20
101.15
 10
-21.262839879153944
 20
101.15
 10
-21.01289023162122
 20
101.15
 10
-20.762940584088497
 20
101.15
 10
-20.512990936555752
 20
101.15
 10
-20.263041289023022
 20
101.15
 10
-20.01309164149029
 20
101.15
 10
-19.763141993957547
 20
101.15
 10
-19.513192346424944
 20
101.15
 10
-19.263242698892213
 20
101.15
 10
-19.013293051359483
 20
101.15
 10
-18.763343403826738
 20
101.15
 10
-18.513393756293908
 20
101.15
 10
-18.263444108761178
 20
101.15
 10
-18.013494461228447
 20
101.15
 10
-17.763544813695702
 20
101.15
 10
-17.513595166162986
 20
101.15
 10
-17.263645518630256
 20
101.15
 10
-17.013695871097525
 20
101.15
 10
-16.76374622356478
 20
101.15
 10
-16.513796576032178
 20
101.15
 10
-16.263846928499447
 20
101.15
 10
-16.013897280966717
 20
101.15
 10
-15.763947633433986
 20
101.15
 10
-15.513997985901256
 20
101.15
 10
-15.264048338368525
 20
101.15
 10
-15.014098690835809
 20
101.15
 10
-14.76414904330295
 20
101.15
 10
-14.51419939577022
 20
101.15
 10
-14.26424974823749
 20
101.15
 10
-14.014300100704773
 20
101.15
 10
-13.764350453172028
 20
101.15
 10
-13.514400805639411
 20
101.15
 10
-13.26445115810668
 20
101.15
 10
-13.014501510573965
 20
101.15
 10
-12.76455186304122
 20
101.15
 10
-12.51460221550849
 20
101.15
 10
-12.264652567975759
 20
101.15
 10
-12.014702920443014
 20
101.15
 10
-11.764753272910298
 20
101.15
 10
-11.514803625377567
 20
101.15
 10
-11.264853977844837
 20
101.15
 10
-11.014904330311978
 20
101.15
 10
-10.764954682779376
 20
101.15
 10
-10.515005035246645
 20
101.15
 10
-10.265055387713915
 20
101.15
 10
-10.01510574018117
 20
101.15
 10
-9.765156092648454
 20
101.15
 10
-9.515206445115723
 20
101.15
 10
-9.265256797582992
 20
101.15
 10
-9.015307150050248
 20
101.15
 10
-8.765357502517531
 20
101.15
 10
-8.515407854984801
 20
101.15
 10
-8.265458207452085
 20
101.15
 10
-8.01550855991934
 20
101.15
 10
-7.765558912386609
 20
101.15
 10
-7.515609264853879
 20
101.15
 10
-7.2656596173211625
 20
101.15
 10
-7.015709969788418
 20
101.15
 10
-6.765760322255687
 20
101.15
 10
-6.515810674722957
 20
101.15
 10
-6.26586102719024
 20
101.15
 10
-6.015911379657496
 20
101.15
 10
-5.765961732124765
 20
101.15
 10
-5.516012084592035
 20
101.15
 10
-5.266062437059318
 20
101.15
 10
-5.016112789526574
 20
101.15
 10
-4.766163141993843
 20
101.15
 10
-4.5162134944611125
 20
101.15
 10
-4.266263846928368
 20
101.15
 10
-4.0163141993956515
 20
101.15
 10
-3.766364551862921
 20
101.15
 10
-3.5164149043301904
 20
101.15
 10
-3.2664652567974457
 20
101.15
 10
-3.0165156092647294
 20
101.15
 10
-2.766565961731999
 20
101.15
 10
-2.5166163141992683
 20
101.15
 10
-2.2666666666665236
 20
101.15
 10
-2.016717019133921
 20
101.15
 10
-1.7667673716011905
 20
101.15
 10
-1.5168177240683463
 20
101.15
 10
-1.2668680765356157
 20
101.15
 10
-1.0169184290028852
 20
101.15
 10
-0.7669687814701547
 20
101.15
 10
-0.5170191339374384
 20
101.15
 10
-0.26706948640469363
 20
101.15
 10
-0.01711983887196311
 20
101.15
 10
0.2328298086607674
 20
101.15
 10
0.4827794561934837
 20
101.15
 10
0.7327291037262142
 20
101.15
 10
0.9826787512588453
 20
101.15
 10
1.2326283987915758
 20
101.15
 10
1.4825780463243206
 20
101.15
 10
1.7325276938570369
 20
101.15
 10
1.9824773413897674
 20
101.15
 10
2.2324269889226116
 20
101.15
 10
2.482376636455328
 20
101.15
 10
2.7323262839880726
 20
101.15
 10
2.982275931520803
 20
101.15
 10
3.232225579053548
 20
101.15
 10
3.4821752265862784
 20
101.15
 10
3.732124874118881
 20
101.15
 10
3.9820745216516116
 20
101.15
 10
4.232024169184342
 20
101.15
 10
4.481973816717058
 20
101.15
 10
4.731923464249803
 20
101.15
 10
4.981873111782534
 20
101.15
 10
5.231822759315278
 20
101.15
 10
5.481772406848009
 20
101.15
 10
5.731722054380839
 20
101.15
 10
5.9816717019135694
 20
101.15
 10
6.231621349446286
 20
101.15
 10
6.481570996979016
 20
101.15
 10
6.731520644511647
 20
101.15
 10
6.981470292044378
 20
101.15
 10
7.231419939577123
 20
101.15
 10
7.481369587109839
 20
101.15
 10
7.731319234642569
 20
101.15
 10
7.9812688821753
 20
101.15
 10
8.231218529708016
 20
101.15
 10
8.481168177240747
 20
101.15
 10
8.731117824773492
 20
101.15
 10
8.981067472306222
 20
101.15
 10
9.231017119838967
 20
101.15
 10
9.480966767371797
 20
101.15
 10
9.730916414904414
 20
101.15
 10
9.980866062437144
 20
101.15
 10
10.23081570996986
 20
101.15
 10
10.480765357502605
 20
101.15
 10
10.730715005035336
 20
101.15
 10
10.98066465256808
 20
101.15
 10
11.230614300100811
 20
101.15
 10
11.480563947633527
 20
101.15
 10
11.730513595166258
 20
101.15
 10
11.980463242698988
 20
101.15
 10
12.230412890231705
 20
101.15
 10
12.48036253776445
 20
101.15
 10
12.73031218529718
 20
101.15
 10
12.980261832829925
 20
101.15
 10
13.230211480362641
 20
101.15
 10
13.480161127895371
 20
101.15
 10
13.730110775428102
 20
101.15
 10
13.980060422960818
 20
101.15
 10
14.230010070493549
 20
101.15
 10
14.479959718026294
 20
101.15
 10
14.729909365559024
 20
101.15
 10
14.979859013091769
 20
101.15
 10
15.229808660624485
 20
101.15
 10
15.479758308157216
 20
101.15
 10
15.729707955689946
 20
101.15
 10
15.979657603222662
 20
101.15
 10
16.229607250755393
 20
101.15
 10
16.479556898288138
 20
101.15
 10
16.72950654582087
 20
101.15
 10
16.979456193353613
 20
101.15
 10
17.22940584088633
 20
101.15
 10
17.47935548841906
 20
101.15
 10
17.72930513595179
 20
101.15
 10
17.979254783484507
 20
101.15
 10
18.22920443101725
 20
101.15
 10
18.47915407854987
 20
101.15
 10
18.729103726082613
 20
101.15
 10
18.979053373615457
 20
101.15
 10
19.229003021148174
 20
101.15
 10
19.478952668680904
 20
101.15
 10
19.728902316213635
 20
101.15
 10
19.97885196374635
 20
101.15
 10
20.228801611279096
 20
101.15
 10
20.478751258811826
 20
101.15
 10
20.72870090634457
 20
101.15
 10
20.978650553877287
 20
101.15
 10
21.228600201409904
 20
101.15
 10
21.478549848942635
 20
101.15
 10
21.72849949647535
 20
101.15
 10
21.97844914400808
 20
101.15
 10
22.228398791540826
 20
101.15
 10
22.478348439073557
 20
101.15
 10
22.728298086606415
 20
101.15
 10
22.97824773413913
 20
101.15
 10
23.228197381671862
 20
101.15
 10
23.478147029204592
 20
101.15
 10
23.72809667673731
 20
101.15
 10
23.978046324270053
 20
101.15
 10
24.22799597180267
 20
101.15
 10
24.4779456193354
 20
101.15
 10
24.727895266868146
 20
101.15
 10
24.977844914400862
 20
101.15
 10
25.227794561933592
 20
101.15
 10
25.477744209466323
 20
101.15
 10
25.72769385699904
 20
101.15
 10
25.977643504531784
 20
101.15
 10
26.227593152064514
 20
101.15
 10
26.477542799597373
 20
101.15
 10
26.727492447130103
 20
101.15
 10
26.97744209466282
 20
101.15
 10
27.227391742195437
 20
101.15
 10
27.477341389728167
 20
101.15
 10
27.727291037260883
 20
101.15
 10
27.977240684793628
 20
101.15
 10
28.22719033232636
 20
101.15
 10
28.477139979859103
 20
101.15
 10
28.72708962739182
 20
101.15
 10
28.97703927492455
 20
101.15
 10
29.22698892245728
 20
101.15
 10
29.476938569989997
 20
101.15
 10
29.726888217522728
 20
101.15
 10
29.976837865055472
 20
101.15
 10
30.226787512588203
 20
101.15
 10
30.476737160120948
 20
101.15
 10
30.726686807653664
 20
101.15
 10
30.976636455186394
 20
101.15
 10
31.226586102719125
 20
101.15
 10
31.47653575025184
 20
101.15
 10
31.726485397784586
 20
101.15
 10
31.976435045317317
 20
101.15
 10
32.22638469285006
 20
101.15
 10
32.47633434038279
 20
101.15
 10
32.72628398791551
 20
101.15
 10
32.97623363544824
 20
101.15
 10
33.22618328298097
 20
101.15
 10
33.476132930513685
 20
101.15
 10
33.72608257804643
 20
101.15
 10
33.97603222557916
 20
101.15
 10
34.225981873111905
 20
101.15
 10
34.475931520644636
 20
101.15
 10
34.72588116817735
 20
101.15
 10
34.97583081571008
 20
101.15
 10
35.22578046324281
 20
101.15
 10
35.47573011077553
 20
101.15
 10
35.72567975830816
 20
101.15
 10
35.975629405841005
 20
101.15
 10
36.22557905337375
 20
101.15
 10
36.475528700906466
 20
101.15
 10
36.7254783484392
 20
101.15
 10
36.97542799597193
 20
101.15
 10
37.22537764350464
 20
101.15
 10
37.475327291037374
 20
101.15
 10
37.72527693857012
 20
101.15
 10
37.97522658610285
 20
101.15
 10
38.225176233635594
 20
101.15
 10
38.47512588116831
 20
101.15
 10
38.72507552870093
 20
101.15
 10
38.97502517623366
 20
101.15
 10
39.224974823766374
 20
101.15
 10
39.47492447129912
 20
101.15
 10
39.72487411883196
 20
101.15
 10
39.97482376636471
 20
101.15
 10
40.22477341389744
 20
101.15
 10
40.474723061430154
 20
101.15
 10
40.724672708962885
 20
101.15
 10
40.974622356495615
 20
101.15
 10
41.22457200402833
 20
101.15
 10
41.474521651561076
 20
101.15
 10
41.72447129909369
 20
101.15
 10
41.97442094662644
 20
101.15
 10
42.22437059415917
 20
101.15
 10
42.474320241691885
 20
101.15
 10
42.724269889224615
 20
101.15
 10
42.974219536757346
 20
101.15
 10
43.22416918429019
 20
101.15
 10
43.47411883182292
 20
101.15
 10
43.72406847935565
 20
101.15
 10
43.97401812688838
 20
101.15
 10
44.22396777442111
 20
101.15
 10
44.47391742195373
 20
101.15
 10
44.72386706948646
 20
101.15
 10
44.97381671701919
 20
101.15
 10
45.22376636455192
 20
101.15
 10
45.47371601208465
 20
101.15
 10
45.72366565961738
 20
101.15
 10
45.97361530715011
 20
101.15
 10
46.22356495468284
 20
101.15
 10
46.47351460221557
 20
101.15
 10
46.723464249748304
 20
101.15
 10
46.97341389728115
 20
101.15
 10
47.22336354481388
 20
101.15
 10
47.473313192346495
 20
101.15
 10
47.723262839879226
 20
101.15
 10
47.973212487411956
 20
101.15
 10
48.22316213494469
 20
101.15
 10
48.47311178247742
 20
101.15
 10
48.72306143001015
 20
101.15
 10
48.97301107754288
 20
101.15
 10
49.22296072507561
 20
101.15
 10
49.47291037260834
 20
101.15
 10
49.72286002014107
 20
101.15
 10
49.9728096676738
 20
101.15
 10
50.22275931520653
 20
101.15
 10
50.47270896273926
 20
101.15
 10
50.72265861027199
 20
101.15
 10
50.97260825780472
 20
101.15
 10
51.22255790533745
 20
101.15
 10
51.472507552870184
 20
101.15
 10
51.722457200402914
 20
101.15
 10
51.972406847935645
 20
101.15
 10
52.222356495468375
 20
101.15
 10
52.472306143001106
 20
101.15
 10
52.722255790533836
 20
101.15
 10
52.97220543806657
 20
101.15
 10
53.2221550855993
 20
101.15
 10
53.47210473313203
 20
101.15
 10
53.72205438066476
 20
101.15
 10
53.97200402819749
 20
101.15
 10
54.22195367573022
 20
101.15
 10
54.47190332326295
 20
101.15
 10
54.72185297079568
 20
101.15
 10
54.97180261832841
 20
101.15
 10
55.22175226586114
 20
101.15
 10
55.47170191339387
 20
101.15
 10
55.7216515609266
 20
101.15
 10
55.97160120845933
 20
101.15
 10
56.22155085599195
 20
101.15
 10
56.471500503524794
 20
101.15
 10
56.721450151057525
 20
101.15
 10
56.971399798590255
 20
101.15
 10
57.221349446122986
 20
101.15
 10
57.471299093655716
 20
101.15
 10
57.72124874118845
 20
101.15
 10
57.97119838872118
 20
101.15
 10
58.22114803625391
 20
101.15
 10
58.47109768378664
 20
101.15
 10
58.72104733131937
 20
101.15
 10
58.9709969788521
 20
101.15
 10
59.220946626384716
 20
101.15
 10
59.47089627391745
 20
101.15
 10
59.72084592145018
 20
101.15
 10
59.97079556898291
 20
101.15
 10
60.22074521651575
 20
101.15
 10
60.47069486404848
 20
101.15
 10
60.72064451158121
 20
101.15
 10
60.97059415911394
 20
101.15
 10
61.220543806646674
 20
101.15
 10
61.470493454179405
 20
101.15
 10
61.720443101712135
 20
101.15
 10
61.97039274924475
 20
101.15
 10
62.22034239677748
 20
101.15
 10
62.47029204431021
 20
101.15
 10
62.72024169184294
 20
101.15
 10
62.970191339375674
 20
101.15
 10
63.220140986908405
 20
101.15
 10
63.470090634441135
 20
101.15
 10
63.72004028197398
 20
101.15
 10
63.96998992950671
 20
101.15
 10
64.21993957703944
 20
101.15
 10
64.46988922457217
 20
101.15
 10
64.7198388721049
 20
101.15
 10
64.96978851963752
 20
101.15
 10
65.21973816717025
 20
101.15
 10
65.46968781470298
 20
101.15
 10
65.71963746223571
 20
101.15
 10
65.96958710976844
 20
101.15
 10
66.21953675730117
 20
101.15
 10
66.4694864048339
 20
101.15
 10
66.71943605236663
 20
101.15
 10
66.96938569989936
 20
101.15
 10
67.2193353474321
 20
101.15
 10
67.46928499496494
 20
101.15
 10
67.71923464249755
 20
101.15
 10
67.96918429003028
 20
101.15
 10
68.21913393756302
 20
101.15
 10
68.46908358509575
 20
101.15
 10
68.71903323262848
 20
101.15
 10
68.9689828801612
 20
101.15
 10
69.21893252769394
 20
101.15
 10
69.46888217522667
 20
101.15
 10
69.7188318227594
 20
101.15
 10
69.96878147029213
 20
101.15
 10
70.21873111782486
 20
101.15
 10
70.46868076535759
 20
101.15
 10
70.71863041289032
 20
101.15
 10
70.96858006042305
 20
101.15
 10
71.21852970795578
 20
101.15
 10
71.46847935548851
 20
101.15
 10
71.71842900302124
 20
101.15
 10
71.96837865055397
 20
101.15
 10
72.2183282980867
 20
101.15
 10
72.46827794561943
 20
101.15
 10
72.71822759315216
 20
101.15
 10
72.9681772406849
 20
101.15
 10
73.21812688821763
 20
101.15
 10
73.46807653575036
 20
101.15
 10
73.71802618328309
 20
101.15
 10
73.96797583081582
 20
101.15
 10
74.21792547834855
 20
101.15
 10
74.46787512588128
 20
101.15
 10
74.71782477341401
 20
101.15
 10
74.96777442094674
 20
101.15
 10
75.21772406847947
 20
101.15
 10
75.4676737160122
 20
101.15
 10
75.71762336354493
 20
101.15
 10
75.96757301107766
 20
101.15
 10
76.21752265861039
 20
101.15
 10
76.46747230614301
 20
101.15
 10
76.71742195367574
 20
101.15
 10
76.96737160120858
 20
101.15
 10
77.21732124874131
 20
101.15
 10
77.46727089627404
 20
101.15
 10
77.71722054380677
 20
101.15
 10
77.9671701913395
 20
101.15
 10
78.21711983887224
 20
101.15
 10
78.46706948640497
 20
101.15
 10
78.7170191339377
 20
101.15
 10
78.96696878147043
 20
101.15
 10
79.21691842900316
 20
101.15
 10
79.46686807653577
 20
101.15
 10
79.7168177240685
 20
101.15
 10
79.96676737160124
 20
101.15
 10
80.21671701913397
 20
101.15
 10
80.4666666666667
 20
101.15
 10
80.71661631419954
 20
101.15
 10
80.96656596173227
 20
101.15
 10
81.216515609265
 20
101.15
 10
81.46646525679773
 20
101.15
 10
81.71641490433046
 20
101.15
 10
81.9663645518632
 20
101.15
 10
82.21631419939592
 20
101.15
 10
82.46626384692854
 20
101.15
 10
82.71621349446127
 20
101.15
 10
82.966163141994
 20
101.15
 10
83.21611278952673
 20
101.15
 10
83.46606243705946
 20
101.15
 10
83.7160120845922
 20
101.15
 10
83.96596173212492
 20
101.15
 10
84.21591137965765
 20
101.15
 10
84.4658610271905
 20
101.15
 10
84.71581067472323
 20
101.15
 10
84.96576032225596
 20
101.15
 10
85.0
 20
100.93429003021143
 10
85.0
 20
100.6843403826787
 10
85.0
 20
100.43439073514597
 10
85.0
 20
100.18444108761324
 10
85.0
 20
99.9344914400805
 10
85.0
 20
99.68454179254778
 10
85.0
 20
99.43459214501505
 10
85.0
 20
99.18464249748232
 10
85.0
 20
98.93469284994958
 10
85.0
 20
98.68474320241685
 10
85.0
 20
98.43479355488412
 10
85.0
 20
98.18484390735128
 10
85.0
 20
97.93489425981866
 10
85.0
 20
97.68494461228593
 10
85.0
 20
97.4349949647532
 10
85.0
 20
97.18504531722047
 10
85.0
 20
96.93509566968774
 10
85.0
 20
96.68514602215501
 10
85.0
 20
96.43519637462228
 10
85.0
 20
96.18524672708955
 10
85.0
 20
95.93529707955682
 10
85.0
 20
95.68534743202409
 10
85.0
 20
95.43539778449136
 10
85.0
 20
95.18544813695863
 10
85.0
 20
94.9354984894259
 10
85.0
 20
94.68554884189317
 10
85.0
 20
94.43559919436044
 10
85.0
 20
94.1856495468277
 10
85.0
 20
93.93569989929497
 10
85.0
 20
93.68575025176224
 10
85.0
 20
93.43580060422951
 10
85.0
 20
93.18585095669678
 10
85.0
 20
92.93590130916405
 10
85.0
 20
92.68595166163132
 10
85.0
 20
92.43600201409859
 10
85.0
 20
92.18605236656586
 10
85.0
 20
91.93610271903313
 10
85.0
 20
91.6861530715004
 10
85.0
 20
91.43620342396767
 10
85.0
 20
91.18625377643494
 10
85.0
 20
90.93630412890221
 10
85.0
 20
90.68635448136948
 10
85.0
 20
90.43640483383675
 10
85.0
 20
90.18645518630402
 10
85.0
 20
89.93650553877129
 10
85.0
 20
89.68655589123856
 10
85.0
 20
89.43660624370582
 10
85.0
 20
89.18665659617321
 10
85.0
 20
88.93670694864048
 10
85.0
 20
88.68675730110775
 10
85.0
 20
88.4368076535749
 10
85.0
 20
88.18685800604217
 10
85.0
 20
87.93690835850944
 10
85.0
 20
87.68695871097671
 10
85.0
 20
87.43700906344398
 10
85.0
 20
87.18705941591125
 10
85.0
 20
86.93710976837852
 10
85.0
 20
86.68716012084579
 10
85.0
 20
86.43721047331317
 10
85.0
 20
86.18726082578044
 10
85.0
 20
85.93731117824771
 10
85.0
 20
85.68736153071498
 10
85.0
 20
85.43741188318225
 10
85.0
 20
85.18746223564952
 10
85.0
 20
84.93751258811668
 10
85.0
 20
84.68756294058394
 10
85.0
 20
84.43761329305121
 10
85.0
 20
84.18766364551848
 10
85.0
 20
83.93771399798575
 10
85.0
 20
83.68776435045302
 10
85.0
 20
83.4378147029204
 10
85.0
 20
83.18786505538768
 10
85.0
 20
82.93791540785494
 10
85.0
 20
82.68796576032221
 10
85.0
 20
82.43801611278948
 10
85.0
 20
82.18806646525675
 10
85.0
 20
81.93811681772402
 10
85.0
 20
81.68816717019129
 10
85.0
 20
81.43821752265856
 10
85.0
 20
81.18826787512572
 10
85.0
 20
80.93831822759299
 10
85.0
 20
80.68836858006026
 10
85.0
 20
80.43841893252764
 10
85.0
 20
80.18846928499491
 10
85.0
 20
79.93851963746218
 10
85.0
 20
79.68856998992945
 10
85.0
 20
79.43862034239672
 10
85.0
 20
79.18867069486399
 10
85.0
 20
78.93872104733126
 10
85.0
 20
78.68877139979853
 10
85.0
 20
78.4388217522658
 10
85.0
 20
78.18887210473306
 10
85.0
 20
77.93892245720033
 10
85.0
 20
77.6889728096676
 10
85.0
 20
77.43902316213487
 10
85.0
 20
77.18907351460214
 10
85.0
 20
76.93912386706941
 10
85.0
 20
76.68917421953668
 10
85.0
 20
76.43922457200395
 10
85.0
 20
76.18927492447122
 10
85.0
 20
75.93932527693849
 10
85.0
 20
75.68937562940576
 10
85.0
 20
75.43942598187303
 10
85.0
 20
75.1894763343403
 10
85.0
 20
74.93952668680757
 10
85.0
 20
74.68957703927484
 10
85.0
 20
74.4396273917421
 10
85.0
 20
74.18967774420938
 10
85.0
 20
73.93972809667665
 10
85.0
 20
73.68977844914392
 10
85.0
 20
73.43982880161118
 10
85.0
 20
73.18987915407845
 10
85.0
 20
72.93992950654572
 10
85.0
 20
72.689979859013
 10
85.0
 20
72.44003021148026
 10
85.0
 20
72.19008056394753
 10
85.0
 20
71.9401309164148
 10
85.0
 20
71.69018126888207
 10
85.0
 20
71.44023162134934
 10
85.0
 20
71.19028197381661
 10
85.0
 20
70.94033232628388
 10
85.0
 20
70.69038267875115
 10
85.0
 20
70.44043303121842
 10
85.0
 20
70.19048338368569
 10
85.0
 20
69.94053373615296
 10
85.0
 20
69.69058408862023
 10
85.0
 20
69.4406344410875
 10
85.0
 20
69.19068479355477
 10
85.0
 20
68.94073514602215
 10
85.0
 20
68.69078549848942
 10
85.0
 20
68.44083585095669
 10
85.0
 20
68.19088620342396
 10
85.0
 20
67.94093655589111
 10
85.0
 20
67.69098690835838
 10
85.0
 20
67.44103726082565
 10
85.0
 20
67.19108761329292
 10
85.0
 20
66.94113796576019
 10
85.0
 20
66.69118831822746
 10
85.0
 20
66.44123867069473
 10
85.0
 20
66.191289023162
 10
85.0
 20
65.94133937562938
 10
85.0
 20
65.69138972809665
 10
85.0
 20
65.44144008056392
 10
85.0
 20
65.19149043303119
 10
85.0
 20
64.94154078549846
 10
85.0
 20
64.69159113796573
 10
85.0
 20
64.44164149043289
 10
85.0
 20
64.19169184290016
 10
85.0
 20
63.941742195367425
 10
85.0
 20
63.691792547834694
 10
85.0
 20
63.441842900301964
 10
85.0
 20
63.19189325276923
 10
85.0
 20
62.94194360523662
 10
85.0
 20
62.691993957703886
 10
85.0
 20
62.442044310171156
 10
85.0
 20
62.192094662638425
 10
85.0
 20
61.942145015105694
 10
85.0
 20
61.692195367572964
 10
85.0
 20
61.44224572004023
 10
85.0
 20
61.1922960725075
 10
85.0
 20
60.94234642497477
 10
85.0
 20
60.69239677744193
 10
85.0
 20
60.4424471299092
 10
85.0
 20
60.19249748237658
 10
85.0
 20
59.94254783484385
 10
85.0
 20
59.69259818731112
 10
85.0
 20
59.44264853977839
 10
85.0
 20
59.19269889224566
 10
85.0
 20
58.94274924471293
 10
85.0
 20
58.6927995971802
 10
85.0
 20
58.44284994964747
 10
85.0
 20
58.19290030211474
 10
85.0
 20
57.942950654582006
 10
85.0
 20
57.693001007049276
 10
85.0
 20
57.443051359516545
 10
85.0
 20
57.193101711983815
 10
85.0
 20
56.943152064451084
 10
85.0
 20
56.69320241691835
 10
85.0
 20
56.44325276938562
 10
85.0
 20
56.19330312185289
 10
85.0
 20
55.94335347432016
 10
85.0
 20
55.69340382678743
 10
85.0
 20
55.4434541792547
 10
85.0
 20
55.19350453172197
 10
85.0
 20
54.94355488418924
 10
85.0
 20
54.69360523665651
 10
85.0
 20
54.44365558912378
 10
85.0
 20
54.19370594159105
 10
85.0
 20
53.94375629405832
 10
85.0
 20
53.69380664652559
 10
85.0
 20
53.44385699899286
 10
85.0
 20
53.193907351460126
 10
85.0
 20
52.943957703927396
 10
85.0
 20
52.694008056394665
 10
85.0
 20
52.444058408861935
 10
85.0
 20
52.194108761329204
 10
85.0
 20
51.94415911379647
 10
85.0
 20
51.69420946626374
 10
85.0
 20
51.444259818731126
 10
85.0
 20
51.19431017119828
 10
85.0
 20
50.94436052366555
 10
85.0
 20
50.69441087613282
 10
85.0
 20
50.44446122860009
 10
85.0
 20
50.19451158106736
 10
85.0
 20
49.94456193353463
 10
85.0
 20
49.6946122860019
 10
85.0
 20
49.44466263846917
 10
85.0
 20
49.19471299093644
 10
85.0
 20
48.94476334340371
 10
85.0
 20
48.69481369587098
 10
85.0
 20
48.44486404833836
 10
85.0
 20
48.19491440080563
 10
85.0
 20
47.9449647532729
 10
85.0
 20
47.69501510574017
 10
85.0
 20
47.445065458207324
 10
85.0
 20
47.195115810674594
 10
85.0
 20
46.94516616314186
 10
85.0
 20
46.69521651560913
 10
85.0
 20
46.4452668680764
 10
85.0
 20
46.19531722054367
 10
85.0
 20
45.94536757301094
 10
85.0
 20
45.695417925478324
 10
85.0
 20
45.445468277945594
 10
85.0
 20
45.19551863041286
 10
85.0
 20
44.94556898288013
 10
85.0
 20
44.6956193353474
 10
85.0
 20
44.44566968781467
 10
85.0
 20
44.19572004028194
 10
85.0
 20
43.94577039274921
 10
85.0
 20
43.695820745216366
 10
85.0
 20
43.445871097683636
 10
85.0
 20
43.195921450150905
 10
85.0
 20
42.945971802618175
 10
85.0
 20
42.69602215508556
 10
85.0
 20
42.44607250755283
 10
85.0
 20
42.1961228600201
 10
85.0
 20
41.946173212487366
 10
85.0
 20
41.696223564954636
 10
85.0
 20
41.446273917421905
 10
85.0
 20
41.196324269889175
 10
85.0
 20
40.946374622356444
 10
85.0
 20
40.696424974823714
 10
85.0
 20
40.44647532729098
 10
85.0
 20
40.19652567975814
 10
85.0
 20
39.94657603222541
 10
85.0
 20
39.69662638469279
 10
85.0
 20
39.44667673716006
 10
85.0
 20
39.19672708962733
 10
85.0
 20
38.9467774420946
 10
85.0
 20
38.69682779456187
 10
85.0
 20
38.44687814702914
 10
85.0
 20
38.19692849949641
 10
85.0
 20
37.94697885196368
 10
85.0
 20
37.69702920443089
 10
85.0
 20
37.44707955689816
 10
85.0
 20
37.19712990936543
 10
85.0
 20
36.94718026183281
 10
85.0
 20
36.69723061430008
 10
85.0
 20
36.447280966767295
 10
85.0
 20
36.197331319234564
 10
85.0
 20
35.947381671701834
 10
85.0
 20
35.6974320241691
 10
85.0
 20
35.44748237663637
 10
85.0
 20
35.19753272910364
 10
85.0
 20
34.94758308157091
 10
85.0
 20
34.69763343403818
 10
85.0
 20
34.44768378650545
 10
85.0
 20
34.19773413897272
 10
85.0
 20
33.947784491440046
 10
85.0
 20
33.697834843907316
 10
85.0
 20
33.447885196374585
 10
85.0
 20
33.197935548841855
 10
85.0
 20
32.94798590130907
 10
85.0
 20
32.69803625377634
 10
85.0
 20
32.448086606243606
 10
85.0
 20
32.198136958710876
 10
85.0
 20
31.948187311178145
 10
85.0
 20
31.698237663645415
 10
85.0
 20
31.448288016112684
 10
85.0
 20
31.198338368579954
 10
85.0
 20
30.94838872104728
 10
85.0
 20
30.69843907351455
 10
85.0
 20
30.44848942598182
 10
85.0
 20
30.19853977844909
 10
85.0
 20
29.948590130916358
 10
85.0
 20
29.698640483383627
 10
85.0
 20
29.448690835850897
 10
85.0
 20
29.19874118831811
 10
85.0
 20
28.94879154078538
 10
85.0
 20
28.69884189325265
 10
85.0
 20
28.448892245719918
 10
85.0
 20
28.198942598187244
 10
85.0
 20
27.948992950654514
 10
85.0
 20
27.699043303121783
 10
85.0
 20
27.449093655589053
 10
85.0
 20
27.199144008056322
 10
85.0
 20
26.94919436052359
 10
85.0
 20
26.699244712990875
 10
85.0
 20
26.44929506545813
 10
85.0
 20
26.1993454179254
 10
85.0
 20
25.949395770392655
 10
85.0
 20
25.699446122859882
 10
85.0
 20
25.44949647532715
 10
85.0
 20
25.19954682779455
 10
85.0
 20
24.949597180261804
 10
85.0
 20
24.699647532729074
 10
85.0
 20
24.449697885196287
 10
85.0
 20
24.199748237663556
 10
85.0
 20
23.949798590130825
 10
85.0
 20
23.69984894259811
 10
85.0
 20
23.449899295065364
 10
85.0
 20
23.199949647532634
 10
85.0
 20
22.949999999999903
 10
85.0
 20
22.700050352467187
 10
85.0
 20
22.4501007049345
 10
85.0
 20
22.200151057401783
 10
85.0
 20
21.950201409869038
 10
85.0
 20
21.700251762336308
 10
85.0
 20
21.450302114803577
 10
85.0
 20
21.20035246727086
 10
85.0
 20
20.950402819738116
 10
85.0
 20
20.700453172205314
 10
85.0
 20
20.450503524672598
 10
85.0
 20
20.200553877139868
 10
85.0
 20
19.950604229607137
 10
85.0
 20
19.700654582074392
 10
85.0
 20
19.450704934541733
 10
85.0
 20
19.200755287008988
 10
85.0
 20
18.950805639476272
 10
85.0
 20
18.70085599194354
 10
85.0
 20
18.45090634441081
 10
85.0
 20
18.200956696878066
 10
85.0
 20
17.95100704934535
 10
85.0
 20
17.70105740181262
 10
85.0
 20
17.45110775427989
 10
85.0
 20
17.2011581067471
 10
85.0
 20
16.95120845921437
 10
85.0
 20
16.701258811681626
 10
85.0
 20
16.451309164149023
 10
85.0
 20
16.201359516616293
 10
85.0
 20
15.95140986908352
 10
85.0
 20
15.701460221550775
 10
85.0
 20
15.451510574018045
 10
85.0
 20
15.2015609264853
 10
85.0
 20
14.951611278952598
 10
85.0
 20
14.701661631419853
 10
85.0
 20
14.451711983887122
 10
85.0
 20
14.201762336354378
 10
85.0
 20
13.951812688821676
 10
85.0
 20
13.701863041288973
 10
85.0
 20
13.451913393756271
 10
85.0
 20
13.201963746223527
 10
85.0
 20
12.952014098690796
 10
85.0
 20
12.702064451158051
 10
85.0
 20
12.452114803625278
 10
85.0
 20
12.202165156092533
 10
85.0
 20
11.952215508559831
 10
85.0
 20
11.702265861027087
 10
85.0
 20
11.452316213494356
 10
85.0
 20
11.202366565961611
 10
85.0
 20
10.95241691842891
 10
85.0
 20
10.702467270896207
 10
85.0
 20
10.452517623363505
 10
85.0
 20
10.20256797583076
 10
85.0
 20
9.95261832829803
 10
85.0
 20
9.702668680765285
 10
85.0
 20
9.452719033232583
 10
85.0
 20
9.202769385699838
 10
85.0
 20
8.952819738167108
 10
85.0
 20
8.70287009063432
 10
85.0
 20
8.45292044310159
 10
85.0
 20
8.20297079556886
 10
85.0
 20
7.953021148036143
 10
85.0
 20
7.703071500503512
 10
85.0
 20
7.453121852970739
 10
85.0
 20
7.203172205437994
 10
85.0
 20
6.953222557905264
 10
85.0
 20
6.703272910372533
 10
85.0
 20
6.453323262839817
 10
85.0
 20
6.203373615307072
 10
85.0
 20
5.9534239677743415
 10
85.0
 20
5.703474320241611
 10
85.0
 20
5.453524672708895
 10
85.0
 20
5.20357502517615
 10
85.0
 20
4.95362537764349
 10
85.0
 20
4.703675730110746
 10
85.0
 20
4.453726082578015
 10
85.0
 20
4.203776435045285
 10
85.0
 20
3.9538267875124973
 10
85.0
 20
3.7038771399797668
 10
85.0
 20
3.453927492447022
 10
85.0
 20
3.2039778449143057
 10
85.0
 20
2.954028197381575
 10
85.0
 20
2.7040785498488447
 10
85.0
 20
2.4541289023161
 10
85.0
 20
2.2041792547833836
 10
85.0
 20
1.9542296072506957
 10
85.0
 20
1.7042799597179794
 10
85.0
 20
1.4543303121852489
 10
85.0
 20
1.2043806646525184
 10
85.0
 20
0.9544310171197736
 10
85.0
 20
0.7044813695870573
 10
85.0
 20
0.4545317220543268
 10
85.0
 20
0.20458207452155364
 10
85.0
 20
-0.0453675730111911
 10
85.0
 20
-0.2953172205439216
 10
85.0
 20
-0.5452668680766521
 10
85.0
 20
-0.7952165156093827
 10
85.0
 20
-1.0451661631420563
 10
85.0
 20
-1.2951158106747869
 10
85.0
 20
-1.5450654582075174
 10
85.0
 20
-1.795015105740248
 10
85.0
 20
-2.0449647532729784
 10
85.0
 20
-2.294914400805709
 10
85.0
 20
-2.5448640483384395
 10
85.0
 20
-2.79481369587117
 10
85.0
 20
-3.0447633434039005
 10
85.0
 20
-3.294712990936688
 10
85.0
 20
-3.5446626384694184
 10
85.0
 20
-3.7946122860020353
 10
85.0
 20
-4.044561933534766
 10
85.0
 20
-4.294511581067496
 10
85.0
 20
-4.544461228600284
 10
85.0
 20
-4.794410876133014
 10
85.0
 20
-5.044360523665745
 10
85.0
 20
-5.294310171198475
 10
85.0
 20
-5.544259818731206
 10
85.0
 20
-5.794209466263936
 10
85.0
 20
-6.044159113796667
 10
85.0
 20
-6.294108761329397
 10
85.0
 20
-6.544058408862128
 10
85.0
 20
-6.7940080563948015
 10
85.0
 20
-7.043957703927532
 10
85.0
 20
-7.293907351460263
 10
85.0
 20
-7.543856998992993
 10
85.0
 20
-7.793806646525724
 10
85.0
 20
-8.043756294058454
 10
85.0
 20
-8.293705941591242
 10
85.0
 20
-8.543655589123972
 10
85.0
 20
-8.793605236656703
 10
85.0
 20
-9.043554884189433
 10
85.0
 20
-9.293504531722164
 10
85.0
 20
-9.543454179254837
 10
85.0
 20
-9.793403826787568
 10
85.0
 20
-10.043353474320298
 10
85.0
 20
-10.293303121853029
 10
85.0
 20
-10.54325276938576
 10
85.0
 20
-10.79320241691849
 10
85.0
 20
-11.04315206445122
 10
85.0
 20
-11.293101711983951
 10
85.0
 20
-11.543051359516681
 10
85.0
 20
-11.793001007049469
 10
85.0
 20
-12.0429506545822
 10
85.0
 20
-12.29290030211493
 10
85.0
 20
-12.542849949647547
 10
85.0
 20
-12.792799597180277
 10
85.0
 20
-13.042749244713065
 10
85.0
 20
-13.292698892245795
 10
85.0
 20
-13.542648539778526
 10
85.0
 20
-13.792598187311256
 10
85.0
 20
-14.042547834843987
 10
85.0
 20
-14.292497482376717
 10
85.0
 20
-14.542447129909448
 10
85.0
 20
-14.792396777442178
 10
85.0
 20
-15.042346424974909
 10
85.0
 20
-15.29229607250764
 10
85.0
 20
-15.542245720040313
 10
85.0
 20
-15.792195367573044
 10
85.0
 20
-16.042145015105774
 10
85.0
 20
-16.292094662638505
 10
85.0
 20
-16.542044310171292
 10
85.0
 20
-16.791993957704022
 10
85.0
 20
-17.041943605236753
 10
85.0
 20
-17.291893252769484
 10
85.0
 20
-17.541842900302214
 10
85.0
 20
-17.791792547834945
 10
85.0
 20
-18.041742195367675
 10
85.0
 20
-18.29169184290035
 10
85.0
 20
-18.54164149043308
 10
85.0
 20
-18.79159113796581
 10
85.0
 20
-19.04154078549854
 10
85.0
 20
-19.29149043303127
 10
85.0
 20
-19.541440080564
 10
85.0
 20
-19.791389728096732
 10
85.0
 20
-20.041339375629462
 10
85.0
 20
-20.29128902316225
 10
85.0
 20
-20.54123867069498
 10
85.0
 20
-20.79118831822771
 10
85.0
 20
-21.04113796576044
 10
85.0
 20
-21.291087613293058
 10
85.0
 20
-21.541037260825846
 10
85.0
 20
-21.790986908358576
 10
85.0
 20
-22.040936555891307
 10
85.0
 20
-22.290886203424037
 10
85.0
 20
-22.540835850956768
 10
85.0
 20
-22.790785498489498
 10
85.0
 20
-23.04073514602223
 10
85.0
 20
-23.29068479355496
 10
85.0
 20
-23.54063444108769
 10
85.0
 20
-23.79058408862042
 10
85.0
 20
-24.040533736153208
 10
85.0
 20
-24.290483383685824
 10
85.0
 20
-24.540433031218555
 10
85.0
 20
-24.790382678751286
 10
85.0
 20
-25.040332326284073
 10
85.0
 20
-25.290281973816803
 10
85.0
 20
-25.540231621349534
 10
85.0
 20
-25.790181268882264
 10
85.0
 20
-26.040130916414995
 10
85.0
 20
-26.290080563947726
 10
85.0
 20
-26.540030211480456
 10
85.0
 20
-26.789979859013187
 10
85.0
 20
-27.03992950654586
 10
85.0
 20
-27.28987915407859
 10
85.0
 20
-27.53982880161132
 10
85.0
 20
-27.789778449144052
 10
85.0
 20
-28.039728096676782
 10
85.0
 20
-28.289677744209513
 10
85.0
 20
-28.539627391742243
 10
85.0
 20
-28.78957703927503
 10
85.0
 20
-29.03952668680776
 10
85.0
 20
-29.289476334340492
 10
85.0
 20
-29.539425981873222
 10
85.0
 20
-29.789375629405953
 10
85.0
 20
-30.039325276938627
 10
85.0
 20
-30.289274924471357
 10
85.0
 20
-30.539224572004088
 10
85.0
 20
-30.789174219536818
 10
85.0
 20
-31.03912386706955
 10
85.0
 20
-31.28907351460228
 10
85.0
 20
-31.53902316213501
 10
85.0
 20
-31.78897280966774
 10
85.0
 20
-32.03892245720047
 10
85.0
 20
-32.28887210473326
 10
85.0
 20
-32.53882175226599
 10
85.0
 20
-32.78877139979872
 10
85.0
 20
-33.038721047331336
 10
85.0
 20
-33.28867069486407
 10
85.0
 20
-33.538620342396854
 10
85.0
 20
-33.788569989929584
 10
85.0
 20
-34.038519637462315
 10
85.0
 20
-34.288469284995045
 10
85.0
 20
-34.538418932527776
 10
85.0
 20
-34.78836858006051
 10
85.0
 20
-35.03831822759324
 10
85.0
 20
-35.28826787512597
 10
85.0
 20
-35.5382175226587
 10
85.0
 20
-35.78816717019137
 10
85.0
 20
-36.0381168177241
 10
85.0
 20
-36.28806646525683
 10
85.0
 20
-36.53801611278956
 10
85.0
 20
-36.787965760322294
 10
85.0
 20
-37.037915407855024
 10
85.0
 20
-37.28786505538781
 10
85.0
 20
-37.537814702920535
 10
85.0
 20
-37.78776435045327
 10
85.0
 20
-38.037713997985996
 10
85.0
 20
-38.287663645518734
 10
85.0
 20
-38.53761329305146
 10
85.0
 20
-38.78756294058414
 10
85.0
 20
-39.03751258811686
 10
85.0
 20
-39.2874622356496
 10
85.0
 20
-39.53741188318232
 10
85.0
 20
-39.78736153071506
 10
85.0
 20
-40.03731117824778
 10
85.0
 20
-40.28726082578052
 10
85.0
 20
-40.537210473313245
 10
85.0
 20
-40.78716012084604
 10
85.0
 20
-41.03710976837876
 10
85.0
 20
-41.2870594159115
 10
85.0
 20
-41.53700906344411
 10
85.0
 20
-41.78695871097685
 10
85.0
 20
-42.03690835850963
 10
85.0
 20
-42.286858006042365
 10
85.0
 20
-42.53680765357509
 10
85.0
 20
-42.786757301107826
 10
85.0
 20
-43.036706948640564
 10
85.0
 20
-43.28665659617329
 10
85.0
 20
-43.536606243706025
 10
85.0
 20
-43.78655589123875
 10
85.0
 20
-44.036505538771486
 10
85.0
 20
-44.28645518630421
 10
85.0
 20
-44.536404833836876
 10
85.0
 20
-44.786354481369614
 10
85.0
 20
-45.03630412890235
 10
85.0
 20
-45.286253776435075
 10
85.0
 20
-45.53620342396787
 10
85.0
 20
-45.78615307150059
 10
85.0
 20
-46.03610271903333
 10
85.0
 20
-46.286052366566054
 10
85.0
 20
-46.53600201409879
 10
85.0
 20
-46.785951661631515
 10
85.0
 20
-47.03590130916425
 10
85.0
 20
-47.285850956696976
 10
85.0
 20
-47.53580060422966
 10
85.0
 20
-47.78575025176238
 10
85.0
 20
-48.03569989929512
 10
85.0
 20
-48.28564954682784
 10
85.0
 20
-48.53559919436058
 10
85.0
 20
-48.7855488418933
 10
85.0
 20
-49.03549848942604
 10
85.0
 20
-49.28544813695882
 10
85.0
 20
-49.53539778449155
 10
85.0
 20
-49.78534743202428
 10
85.0
 20
-50.03529707955701
 10
85.0
 20
-50.28524672708963
 10
85.0
 20
-50.535196374622416
 10
85.0
 20
-50.785146022155146
 10
85.0
 20
-51.03509566968788
 10
85.0
 20
-51.28504531722061
 10
85.0
 20
-51.53499496475334
 10
85.0
 20
-51.78494461228607
 10
85.0
 20
-52.0348942598188
 10
85.0
 20
-52.28484390735153
 10
85.0
 20
-52.53479355488426
 10
85.0
 20
-52.78474320241699
 10
85.0
 20
-53.03469284994978
 10
85.0
 20
-53.284642497482395
 10
85.0
 20
-53.534592145015125
 10
85.0
 20
-53.784541792547856
 10
85.0
 20
-54.03449144008064
 10
85.0
 20
-54.284441087613374
 10
85.0
 20
-54.534390735146104
 10
85.0
 20
-54.784340382678835
 10
85.0
 20
-55.034290030211565
 10
85.0
 20
-55.284239677744296
 10
85.0
 20
-55.534189325277026
 10
85.0
 20
-55.78413897280976
 10
85.0
 20
-56.03408862034249
 10
85.0
 20
-56.28403826787516
 10
85.0
 20
-56.53398791540789
 10
85.0
 20
-56.78393756294062
 10
85.0
 20
-57.03388721047335
 10
85.0
 20
-57.28383685800608
 10
85.0
 20
-57.533786505538814
 10
85.0
 20
-57.7837361530716
 10
85.0
 20
-58.03368580060433
 10
85.0
 20
-58.28363544813706
 10
85.0
 20
-58.53358509566979
 10
85.0
 20
-58.78353474320252
 10
85.0
 20
-59.0334843907352
 10
85.0
 20
-59.28343403826793
 10
85.0
 20
-59.53338368580066
 10
85.0
 20
-59.78333333333339
 10
85.0
 20
-60.03328298086612
 10
85.0
 20
-60.28323262839885
 10
85.0
 20
-60.53318227593158
 10
85.0
 20
-60.78313192346431
 10
85.0
 20
-61.03308157099704
 10
85.0
 20
-61.28303121852977
 10
85.0
 20
-61.53298086606256
 10
85.0
 20
-61.78293051359529
 10
85.0
 20
-62.032880161127906
 10
85.0
 20
-62.28282980866064
 10
85.0
 20
-62.532779456193424
 10
85.0
 20
-62.782729103726155
 10
85.0
 20
-63.032678751258885
 10
85.0
 20
-63.282628398791616
 10
85.0
 20
-63.532578046324346
 10
85.0
 20
-63.78252769385708
 10
85.0
 20
-64.03247734138981
 10
85.0
 20
-64.28242698892254
 10
85.0
 20
-64.53237663645527
 10
85.0
 20
-64.782326283988
 10
85.0
 20
-65.03227593152067
 10
85.0
 20
-65.2822255790534
 10
85.0
 20
-65.53217522658613
 10
85.0
 20
-65.78212487411886
 10
85.0
 20
-66.0320745216516
 10
85.0
 20
-66.28202416918438
 10
85.0
 20
-66.53197381671711
 10
85.0
 20
-66.78192346424984
 10
85.0
 20
-67.03187311178257
 10
85.0
 20
-67.2818227593153
 10
85.0
 20
-67.53177240684803
 10
85.0
 20
-67.78172205438071
 10
85.0
 20
-68.03167170191344
 10
85.0
 20
-68.28162134944617
 10
85.0
 20
-68.5315709969789
 10
85.0
 20
-68.78152064451163
 10
85.0
 20
-69.03147029204436
 10
85.0
 20
-69.28141993957709
 10
85.0
 20
-69.53136958710982
 10
85.0
 20
-69.78131923464261
 10
85.0
 20
-70.03126888217534
 10
85.0
 20
-70.28121852970807
 10
85.0
 20
-70.5311681772408
 10
85.0
 20
-70.78111782477342
 10
85.0
 20
-71.0310674723062
 10
85.0
 20
-71.28101711983894
 10
85.0
 20
-71.53096676737167
 10
85.0
 20
-71.7809164149044
 10
85.0
 20
-72.03086606243713
 10
85.0
 20
-72.28081570996986
 10
85.0
 20
-72.53076535750259
 10
85.0
 20
-72.78071500503532
 10
85.0
 20
-73.03066465256805
 10
85.0
 20
-73.28061430010078
 10
85.0
 20
-73.53056394763345
 10
85.0
 20
-73.78051359516618
 10
85.0
 20
-74.03046324269891
 10
85.0
 20
-74.28041289023164
 10
85.0
 20
-74.53036253776438
 10
85.0
 20
-74.78031218529716
 10
85.0
 20
-75.0302618328299
 10
85.0
 20
-75.28021148036262
 10
85.0
 20
-75.53016112789535
 10
85.0
 20
-75.78011077542808
 10
85.0
 20
-76.03006042296082
 10
85.0
 20
-76.28001007049355
 10
85.0
 20
-76.52995971802622
 10
85.0
 20
-76.77990936555895
 10
85.0
 20
-77.02985901309168
 10
85.0
 20
-77.27980866062441
 10
85.0
 20
-77.52975830815714
 10
85.0
 20
-77.77970795568987
 10
85.0
 20
-78.0296576032226
 10
85.0
 20
-78.27960725075539
 10
85.0
 20
-78.52955689828812
 10
85.0
 20
-78.77950654582085
 10
85.0
 20
-79.02945619335358
 10
85.0
 20
-79.27940584088631
 10
85.0
 20
-79.52935548841899
 10
85.0
 20
-79.77930513595172
 10
85.0
 20
-80.02925478348445
 10
85.0
 20
-80.27920443101718
 10
85.0
 20
-80.52915407854991
 10
85.0
 20
-80.77910372608264
 10
85.0
 20
-81.02905337361537
 10
85.0
 20
-81.2790030211481
 10
85.0
 20
-81.52895266868083
 10
85.0
 20
-81.77890231621356
 10
85.0
 20
-82.02885196374635
 10
85.0
 20
-82.27880161127896
 10
85.0
 20
-82.5287512588117
 10
85.0
 20
-82.77870090634443
 10
85.0
 20
-83.02865055387721
 10
85.0
 20
-83.27860020140994
 10
85.0
 20
-83.52854984894267
 10
85.0
 20
-83.7784994964754
 10
85.0
 20
-84.02844914400814
 10
85.0
 20
-84.27839879154087
 10
85.0
 20
-84.5283484390736
 10
85.0
 20
-84.77829808660633
 10
85.0
 20
-85.02824773413906
 10
85.0
 20
-85.27819738167173
 10
85.0
 20
-85.52814702920446
 10
85.0
 20
-85.77809667673719
 10
85.0
 20
-86.02804632426992
 10
85.0
 20
-86.27799597180265
 10
85.0
 20
-86.52794561933538
 10
85.0
 20
-86.77789526686817
 10
85.0
 20
-87.0278449144009
 10
85.0
 20
-87.27779456193363
 10
85.0
 20
-87.52774420946636
 10
85.0
 20
-87.7776938569991
 10
85.0
 20
-88.02764350453182
 10
85.0
 20
-88.2775931520645
 10
85.0
 20
-88.52754279959723
 10
85.0
 20
-88.77749244712996
 10
85.0
 20
-89.02744209466269
 10
85.0
 20
-89.27739174219542
 10
85.0
 20
-89.52734138972815
 10
85.0
 20
-89.77729103726088
 10
85.0
 20
-90.02724068479361
 10
85.0
 20
-90.27719033232634
 10
85.0
 20
-90.52713997985913
 10
85.0
 20
-90.77708962739186
 10
85.0
 20
-91.02703927492448
 10
85.0
 20
-91.2769889224572
 10
85.0
 20
-91.52693856999
 10
85.0
 20
-91.77688821752272
 10
85.0
 20
-92.02683786505546
 10
85.0
 20
-92.27678751258819
 10
85.0
 20
-92.52673716012092
 10
85.0
 20
-92.77668680765365
 10
85.0
 20
-93.02663645518638
 10
85.0
 20
-93.27658610271911
 10
85.0
 20
-93.52653575025184
 10
85.0
 20
-93.77648539778457
 10
85.0
 20
-94.02643504531724
 10
85.0
 20
-94.27638469284997
 10
85.0
 20
-94.5263343403827
 10
85.0
 20
-94.77628398791543
 10
85.0
 20
-95.02623363544816
 10
85.0
 20
-95.27618328298095
 10
85.0
 20
-95.52613293051368
 10
85.0
 20
-95.77608257804641
 10
85.0
 20
-96.02603222557914
 10
85.0
 20
-96.27598187311187
 10
85.0
 20
-96.5259315206446
 10
85.0
 20
-96.77588116817734
 10
85.0
 20
-97.02583081571001
 10
85.0
 20
-97.27578046324274
 10
85.0
 20
-97.52573011077547
 10
85.0
 20
-97.7756797583082
 10
85.0
 20
-98.02562940584093
 10
85.0
 20
-98.27557905337366
 10
85.0
 20
-98.52552870090639
 10
85.0
 20
-98.77547834843918
 10
85.0
 20
-99.02542799597191
 10
85.0
 20
-99.27537764350464
 10
85.0
 20
-99.52532729103737
 10
85.0
 20
-99.77527693856999
 10
85.0
 20
-100.02522658610278
 10
85.0
 20
-100.2751762336355
 10
85.0
 20
-100.52512588116824
 10
85.0
 20
-100.77507552870097
 10
85.0
 20
-101.0250251762337
 10
84.87502517623358
 20
-101.15
 10
84.62507552870085
 20
-101.15
 10
84.37512588116812
 20
-101.15
 10
84.12517623363539
 20
-101.15
 10
83.87522658610266
 20
-101.15
 10
83.62527693856993
 20
-101.15
 10
83.3753272910372
 20
-101.15
 10
83.12537764350446
 20
-101.15
 10
82.87542799597173
 20
-101.15
 10
82.62547834843906
 20
-101.15
 10
82.37552870090627
 20
-101.15
 10
82.12557905337354
 20
-101.15
 10
81.87562940584081
 20
-101.15
 10
81.62567975830808
 20
-101.15
 10
81.37573011077535
 20
-101.15
 10
81.12578046324268
 20
-101.15
 10
80.87583081570995
 20
-101.15
 10
80.62588116817716
 20
-101.15
 10
80.37593152064443
 20
-101.15
 10
80.1259818731117
 20
-101.15
 10
79.87603222557902
 20
-101.15
 10
79.6260825780463
 20
-101.15
 10
79.37613293051356
 20
-101.15
 10
79.12618328298083
 20
-101.15
 10
78.87623363544805
 20
-101.15
 10
78.62628398791531
 20
-101.15
 10
78.37633434038264
 20
-101.15
 10
78.12638469284991
 20
-101.15
 10
77.87643504531718
 20
-101.15
 10
77.62648539778445
 20
-101.15
 10
77.37653575025172
 20
-101.15
 10
77.12658610271899
 20
-101.15
 10
76.87663645518626
 20
-101.15
 10
76.62668680765353
 20
-101.15
 10
76.3767371601208
 20
-101.15
 10
76.12678751258807
 20
-101.15
 10
75.87683786505534
 20
-101.15
 10
75.6268882175226
 20
-101.15
 10
75.37693856998987
 20
-101.15
 10
75.12698892245714
 20
-101.15
 10
74.87703927492441
 20
-101.15
 10
74.62708962739168
 20
-101.15
 10
74.37713997985895
 20
-101.15
 10
74.12719033232622
 20
-101.15
 10
73.87724068479349
 20
-101.15
 10
73.62729103726076
 20
-101.15
 10
73.37734138972803
 20
-101.15
 10
73.1273917421953
 20
-101.15
 10
72.87744209466257
 20
-101.15
 10
72.6274924471299
 20
-101.15
 10
72.37754279959717
 20
-101.15
 10
72.12759315206438
 20
-101.15
 10
71.87764350453165
 20
-101.15
 10
71.62769385699892
 20
-101.15
 10
71.37774420946619
 20
-101.15
 10
71.12779456193351
 20
-101.15
 10
70.87784491440078
 20
-101.15
 10
70.62789526686805
 20
-101.15
 10
70.37794561933526
 20
-101.15
 10
70.12799597180253
 20
-101.15
 10
69.8780463242698
 20
-101.15
 10
69.62809667673713
 20
-101.15
 10
69.3781470292044
 20
-101.15
 10
69.12819738167167
 20
-101.15
 10
68.87824773413894
 20
-101.15
 10
68.62829808660615
 20
-101.15
 10
68.37834843907342
 20
-101.15
 10
68.12839879154075
 20
-101.15
 10
67.87844914400802
 20
-101.15
 10
67.62849949647529
 20
-101.15
 10
67.37854984894255
 20
-101.15
 10
67.12860020140982
 20
-101.15
 10
66.8786505538771
 20
-101.15
 10
66.62870090634436
 20
-101.15
 10
66.37875125881163
 20
-101.15
 10
66.1288016112789
 20
-101.15
 10
65.87885196374617
 20
-101.15
 10
65.62890231621344
 20
-101.15
 10
65.37895266868071
 20
-101.15
 10
65.12900302114798
 20
-101.15
 10
64.87905337361525
 20
-101.15
 10
64.62910372608252
 20
-101.15
 10
64.37915407854979
 20
-101.15
 10
64.12920443101706
 20
-101.15
 10
63.879254783484384
 20
-101.15
 10
63.6293051359516
 20
-101.15
 10
63.37935548841887
 20
-101.15
 10
63.129405840886136
 20
-101.15
 10
62.879456193353406
 20
-101.15
 10
62.629506545820675
 20
-101.15
 10
62.379556898288
 20
-101.15
 10
62.12960725075527
 20
-101.15
 10
61.87965760322248
 20
-101.15
 10
61.62970795568975
 20
-101.15
 10
61.37975830815702
 20
-101.15
 10
61.12980866062429
 20
-101.15
 10
60.87985901309162
 20
-101.15
 10
60.62990936555889
 20
-101.15
 10
60.37995971802616
 20
-101.15
 10
60.13001007049337
 20
-101.15
 10
59.88006042296064
 20
-101.15
 10
59.63011077542791
 20
-101.15
 10
59.380161127895235
 20
-101.15
 10
59.130211480362505
 20
-101.15
 10
58.880261832829774
 20
-101.15
 10
58.63031218529704
 20
-101.15
 10
58.380362537764256
 20
-101.15
 10
58.130412890231526
 20
-101.15
 10
57.88046324269885
 20
-101.15
 10
57.63051359516612
 20
-101.15
 10
57.38056394763339
 20
-101.15
 10
57.13061430010066
 20
-101.15
 10
56.88066465256793
 20
-101.15
 10
56.6307150050352
 20
-101.15
 10
56.38076535750247
 20
-101.15
 10
56.13081570996974
 20
-101.15
 10
55.88086606243701
 20
-101.15
 10
55.63091641490428
 20
-101.15
 10
55.38096676737155
 20
-101.15
 10
55.131017119838816
 20
-101.15
 10
54.881067472306086
 20
-101.15
 10
54.631117824773355
 20
-101.15
 10
54.381168177240625
 20
-101.15
 10
54.131218529707894
 20
-101.15
 10
53.88126888217516
 20
-101.15
 10
53.63131923464249
 20
-101.15
 10
53.3813695871097
 20
-101.15
 10
53.13141993957697
 20
-101.15
 10
52.88147029204424
 20
-101.15
 10
52.63152064451151
 20
-101.15
 10
52.38157099697878
 20
-101.15
 10
52.13162134944611
 20
-101.15
 10
51.881671701913376
 20
-101.15
 10
51.63172205438059
 20
-101.15
 10
51.38177240684786
 20
-101.15
 10
51.13182275931513
 20
-101.15
 10
50.8818731117824
 20
-101.15
 10
50.631923464249724
 20
-101.15
 10
50.38197381671699
 20
-101.15
 10
50.13202416918426
 20
-101.15
 10
49.882074521651475
 20
-101.15
 10
49.632124874118745
 20
-101.15
 10
49.382175226586014
 20
-101.15
 10
49.13222557905334
 20
-101.15
 10
48.88227593152061
 20
-101.15
 10
48.63232628398788
 20
-101.15
 10
48.38237663645515
 20
-101.15
 10
48.13242698892242
 20
-101.15
 10
47.88247734138969
 20
-101.15
 10
47.63252769385696
 20
-101.15
 10
47.38257804632423
 20
-101.15
 10
47.132628398791496
 20
-101.15
 10
46.882678751258766
 20
-101.15
 10
46.632729103726035
 20
-101.15
 10
46.382779456193305
 20
-101.15
 10
46.132829808660574
 20
-101.15
 10
45.882880161127844
 20
-101.15
 10
45.63293051359511
 20
-101.15
 10
45.38298086606238
 20
-101.15
 10
45.13303121852965
 20
-101.15
 10
44.88308157099692
 20
-101.15
 10
44.63313192346419
 20
-101.15
 10
44.38318227593146
 20
-101.15
 10
44.13323262839873
 20
-101.15
 10
43.883282980866
 20
-101.15
 10
43.63333333333327
 20
-101.15
 10
43.383383685800595
 20
-101.15
 10
43.13343403826781
 20
-101.15
 10
42.88348439073506
 20
-101.15
 10
42.63353474320235
 20
-101.15
 10
42.383585095669616
 20
-101.15
 10
42.133635448136886
 20
-101.15
 10
41.8836858006042
 20
-101.15
 10
41.63373615307148
 20
-101.15
 10
41.383786505538694
 20
-101.15
 10
41.13383685800598
 20
-101.15
 10
40.88388721047323
 20
-101.15
 10
40.63393756294056
 20
-101.15
 10
40.38398791540783
 20
-101.15
 10
40.13403826787511
 20
-101.15
 10
39.88408862034237
 20
-101.15
 10
39.63413897280958
 20
-101.15
 10
39.38418932527685
 20
-101.15
 10
39.13423967774419
 20
-101.15
 10
38.884290030211446
 20
-101.15
 10
38.634340382678715
 20
-101.15
 10
38.384390735145985
 20
-101.15
 10
38.13444108761327
 20
-101.15
 10
37.884491440080524
 20
-101.15
 10
37.63454179254779
 20
-101.15
 10
37.38459214501506
 20
-101.15
 10
37.13464249748232
 20
-101.15
 10
36.8846928499496
 20
-101.15
 10
36.63474320241687
 20
-101.15
 10
36.38479355488414
 20
-101.15
 10
36.134843907351396
 20
-101.15
 10
35.88489425981868
 20
-101.15
 10
35.63494461228595
 20
-101.15
 10
35.38499496475322
 20
-101.15
 10
35.135045317220474
 20
-101.15
 10
34.88509566968776
 20
-101.15
 10
34.63514602215503
 20
-101.15
 10
34.385196374622296
 20
-101.15
 10
34.135246727089566
 20
-101.15
 10
33.885297079556835
 20
-101.15
 10
33.635347432024105
 20
-101.15
 10
33.38539778449139
 20
-101.15
 10
33.1354481369587
 20
-101.15
 10
32.88549848942591
 20
-101.15
 10
32.63554884189318
 20
-101.15
 10
32.385599194360466
 20
-101.15
 10
32.13564954682772
 20
-101.15
 10
31.885699899295048
 20
-101.15
 10
31.635750251762317
 20
-101.15
 10
31.3858006042296
 20
-101.15
 10
31.1358509566968
 20
-101.15
 10
30.88590130916407
 20
-101.15
 10
30.63595166163134
 20
-101.15
 10
30.38600201409868
 20
-101.15
 10
30.136052366565934
 20
-101.15
 10
29.886102719033204
 20
-101.15
 10
29.636153071500473
 20
-101.15
 10
29.38620342396773
 20
-101.15
 10
29.136253776434955
 20
-101.15
 10
28.88630412890228
 20
-101.15
 10
28.63635448136955
 20
-101.15
 10
28.386404833836806
 20
-101.15
 10
28.13645518630409
 20
-101.15
 10
27.88650553877136
 20
-101.15
 10
27.63655589123863
 20
-101.15
 10
27.386606243705884
 20
-101.15
 10
27.136656596173168
 20
-101.15
 10
26.886706948640438
 20
-101.15
 10
26.636757301107707
 20
-101.15
 10
26.386807653574976
 20
-101.15
 10
26.136858006042246
 20
-101.15
 10
25.886908358509515
 20
-101.15
 10
25.6369587109768
 20
-101.15
 10
25.387009063444054
 20
-101.15
 10
25.137059415911324
 20
-101.15
 10
24.887109768378593
 20
-101.15
 10
24.637160120845934
 20
-101.15
 10
24.387210473313132
 20
-101.15
 10
24.1372608257804
 20
-101.15
 10
23.88731117824767
 20
-101.15
 10
23.637361530714955
 20
-101.15
 10
23.38741188318221
 20
-101.15
 10
23.137462235649537
 20
-101.15
 10
22.887512588116806
 20
-101.15
 10
22.637562940584004
 20
-101.15
 10
22.387613293051288
 20
-101.15
 10
22.137663645518558
 20
-101.15
 10
21.887713997985827
 20
-101.15
 10
21.63776435045314
 20
-101.15
 10
21.387814702920423
 20
-101.15
 10
21.137865055387692
 20
-101.15
 10
20.887915407854905
 20
-101.15
 10
20.63796576032216
 20
-101.15
 10
20.388016112789444
 20
-101.15
 10
20.13806646525677
 20
-101.15
 10
19.88811681772404
 20
-101.15
 10
19.638167170191295
 20
-101.15
 10
19.38821752265858
 20
-101.15
 10
19.138267875125848
 20
-101.15
 10
18.888318227593075
 20
-101.15
 10
18.638368580060387
 20
-101.15
 10
18.388418932527657
 20
-101.15
 10
18.138469284994926
 20
-101.15
 10
17.88851963746221
 20
-101.15
 10
17.638569989929465
 20
-101.15
 10
17.388620342396734
 20
-101.15
 10
17.138670694864004
 20
-101.15
 10
16.888721047331288
 20
-101.15
 10
16.638771399798543
 20
-101.15
 10
16.388821752265812
 20
-101.15
 10
16.138872104733082
 20
-101.15
 10
15.888922457200366
 20
-101.15
 10
15.63897280966762
 20
-101.15
 10
15.38902316213489
 20
-101.15
 10
15.13907351460216
 20
-101.15
 10
14.889123867069415
 20
-101.15
 10
14.639174219536699
 20
-101.15
 10
14.389224572004025
 20
-101.15
 10
14.139274924471238
 20
-101.15
 10
13.889325276938493
 20
-101.15
 10
13.639375629405777
 20
-101.15
 10
13.389425981873046
 20
-101.15
 10
13.139476334340316
 20
-101.15
 10
12.889526686807628
 20
-101.15
 10
12.639577039274911
 20
-101.15
 10
12.389627391742124
 20
-101.15
 10
12.139677744209393
 20
-101.15
 10
11.889728096676663
 20
-101.15
 10
11.639778449143932
 20
-101.15
 10
11.389828801611259
 20
-101.15
 10
11.139879154078542
 20
-101.15
 10
10.889929506545798
 20
-101.15
 10
10.63997985901301
 20
-101.15
 10
10.39003021148028
 20
-101.15
 10
10.140080563947564
 20
-101.15
 10
9.890130916414876
 20
-101.15
 10
9.640181268882145
 20
-101.15
 10
9.390231621349415
 20
-101.15
 10
9.140281973816698
 20
-101.15
 10
8.890332326283954
 20
-101.15
 10
8.640382678751223
 20
-101.15
 10
8.390433031218492
 20
-101.15
 10
8.140483383685748
 20
-101.15
 10
7.890533736153031
 20
-101.15
 10
7.640584088620301
 20
-101.15
 10
7.39063444108757
 20
-101.15
 10
7.140684793554826
 20
-101.15
 10
6.890735146022109
 20
-101.15
 10
6.640785498489379
 20
-101.15
 10
6.390835850956648
 20
-101.15
 10
6.140886203423904
 20
-101.15
 10
5.890936555891187
 20
-101.15
 10
5.640986908358457
 20
-101.15
 10
5.391037260825726
 20
-101.15
 10
5.1410876132929815
 20
-101.15
 10
4.891137965760265
 20
-101.15
 10
4.641188318227535
 20
-101.15
 10
4.391238670694818
 20
-101.15
 10
4.14128902316213
 20
-101.15
 10
3.891339375629343
 20
-101.15
 10
3.6413897280966125
 20
-101.15
 10
3.3914400805638962
 20
-101.15
 10
3.1414904330311515
 20
-101.15
 10
2.891540785498421
 20
-101.15
 10
2.6415911379657473
 20
-101.15
 10
2.391641490433031
 20
-101.15
 10
2.1416918429002294
 20
-101.15
 10
1.8917421953674989
 20
-101.15
 10
1.6417925478347684
 20
-101.15
 10
1.391842900302052
 20
-101.15
 10
1.1418932527693642
 20
-101.15
 10
0.8919436052366336
 20
-101.15
 10
0.6419939577039031
 20
-101.15
 10
0.39204431017115837
 20
-101.15
 10
0.14209466263838522
 20
-101.15
 10
-0.10785498489428846
 20
-101.15
 10
-0.357804632427019
 20
-101.15
 10
-0.6077542799597495
 20
-101.15
 10
-0.85770392749248
 20
-101.15
 10
-1.1076535750252106
 20
-101.15
 10
-1.357603222557941
 20
-101.15
 10
-1.6075528700906716
 20
-101.15
 10
-1.8575025176234021
 20
-101.15
 10
-2.1074521651561327
 20
-101.15
 10
-2.357401812688863
 20
-101.15
 10
-2.6073514602215937
 20
-101.15
 10
-2.857301107754324
 20
-101.15
 10
-3.1072507552870547
 20
-101.15
 10
-3.3572004028197853
 20
-101.15
 10
-3.607150050352516
 20
-101.15
 10
-3.8570996978852463
 20
-101.15
 10
-4.107049345417977
 20
-101.15
 10
-4.356998992950707
 20
-101.15
 10
-4.606948640483438
 20
-101.15
 10
-4.856898288016168
 20
-101.15
 10
-5.106847935548899
 20
-101.15
 10
-5.3567975830816295
 20
-101.15
 10
-5.60674723061436
 20
-101.15
 10
-5.8566968781470905
 20
-101.15
 10
-6.106646525679764
 20
-101.15
 10
-6.3565961732125515
 20
-101.15
 10
-6.606545820745282
 20
-101.15
 10
-6.856495468278013
 20
-101.15
 10
-7.106445115810743
 20
-101.15
 10
-7.356394763343417
 20
-101.15
 10
-7.606344410876147
 20
-101.15
 10
-7.856294058408878
 20
-101.15
 10
-8.106243705941665
 20
-101.15
 10
-8.356193353474396
 20
-101.15
 10
-8.606143001007126
 20
-101.15
 10
-8.8560926485398
 20
-101.15
 10
-9.10604229607253
 20
-101.15
 10
-9.355991943605261
 20
-101.15
 10
-9.605941591137992
 20
-101.15
 10
-9.855891238670722
 20
-101.15
 10
-10.10584088620351
 20
-101.15
 10
-10.355790533736183
 20
-101.15
 10
-10.605740181268914
 20
-101.15
 10
-10.855689828801644
 20
-101.15
 10
-11.105639476334375
 20
-101.15
 10
-11.355589123867105
 20
-101.15
 10
-11.605538771399836
 20
-101.15
 10
-11.855488418932566
 20
-101.15
 10
-12.105438066465297
 20
-101.15
 10
-12.355387713998027
 20
-101.15
 10
-12.605337361530758
 20
-101.15
 10
-12.855287009063488
 20
-101.15
 10
-13.105236656596219
 20
-101.15
 10
-13.35518630412895
 20
-101.15
 10
-13.60513595166168
 20
-101.15
 10
-13.85508559919441
 20
-101.15
 10
-14.105035246727141
 20
-101.15
 10
-14.354984894259871
 20
-101.15
 10
-14.604934541792602
 20
-101.15
 10
-14.854884189325332
 20
-101.15
 10
-15.104833836858063
 20
-101.15
 10
-15.354783484390794
 20
-101.15
 10
-15.604733131923524
 20
-101.15
 10
-15.854682779456255
 20
-101.15
 10
-16.10463242698893
 20
-101.15
 10
-16.35458207452166
 20
-101.15
 10
-16.604531722054446
 20
-101.15
 10
-16.854481369587177
 20
-101.15
 10
-17.104431017119907
 20
-101.15
 10
-17.354380664652638
 20
-101.15
 10
-17.60433031218531
 20
-101.15
 10
-17.854279959718042
 20
-101.15
 10
-18.104229607250772
 20
-101.15
 10
-18.35417925478356
 20
-101.15
 10
-18.60412890231629
 20
-101.15
 10
-18.85407854984902
 20
-101.15
 10
-19.104028197381695
 20
-101.15
 10
-19.353977844914425
 20
-101.15
 10
-19.603927492447156
 20
-101.15
 10
-19.853877139979886
 20
-101.15
 10
-20.103826787512617
 20
-101.15
 10
-20.353776435045404
 20
-101.15
 10
-20.603726082578078
 20
-101.15
 10
-20.853675730110808
 20
-101.15
 10
-21.103625377643546
 20
-101.15
 10
-21.35357502517627
 20
-101.15
 10
-21.603524672709007
 20
-101.15
 10
-21.85347432024173
 20
-101.15
 10
-22.103423967774468
 20
-101.15
 10
-22.35337361530719
 20
-101.15
 10
-22.60332326283993
 20
-101.15
 10
-22.853272910372652
 20
-101.15
 10
-23.103222557905383
 20
-101.15
 10
-23.353172205438113
 20
-101.15
 10
-23.603121852970844
 20
-101.15
 10
-23.853071500503574
 20
-101.15
 10
-24.103021148036305
 20
-101.15
 10
-24.352970795569036
 20
-101.15
 10
-24.602920443101766
 20
-101.15
 10
-24.85287009063444
 20
-101.15
 10
-25.102819738167227
 20
-101.15
 10
-25.352769385699958
 20
-101.15
 10
-25.602719033232688
 20
-101.15
 10
-25.85266868076542
 20
-101.15
 10
-26.10261832829815
 20
-101.15
 10
-26.352567975830823
 20
-101.15
 10
-26.602517623363553
 20
-101.15
 10
-26.852467270896334
 20
-101.15
 10
-27.10241691842907
 20
-101.15
 10
-27.352366565961795
 20
-101.15
 10
-27.602316213494532
 20
-101.15
 10
-27.8522658610272
 20
-101.15
 10
-28.102215508559937
 20
-101.15
 10
-28.35216515609266
 20
-101.15
 10
-28.602114803625398
 20
-101.15
 10
-28.852064451158192
 20
-101.15
 10
-29.102014098690915
 20
-101.15
 10
-29.351963746223596
 20
-101.15
 10
-29.60191339375632
 20
-101.15
 10
-29.851863041289057
 20
-101.15
 10
-30.10181268882178
 20
-101.15
 10
-30.35176233635451
 20
-101.15
 10
-30.6017119838873
 20
-101.15
 10
-30.851661631419972
 20
-101.15
 10
-31.101611278952703
 20
-101.15
 10
-31.351560926485433
 20
-101.15
 10
-31.601510574018164
 20
-101.15
 10
-31.851460221550923
 20
-101.15
 10
-32.1014098690836
 20
-101.15
 10
-32.351359516616355
 20
-101.15
 10
-32.601309164149086
 20
-101.15
 10
-32.85125881168182
 20
-101.15
 10
-33.10120845921455
 20
-101.15
 10
-33.35115810674728
 20
-101.15
 10
-33.60110775427998
 20
-101.15
 10
-33.85105740181271
 20
-101.15
 10
-34.10100704934546
 20
-101.15
 10
-34.3509566968782
 20
-101.15
 10
-34.60090634441092
 20
-101.15
 10
-34.85085599194366
 20
-101.15
 10
-35.100805639476356
 20
-101.15
 10
-35.35075528700909
 20
-101.15
 10
-35.60070493454182
 20
-101.15
 10
-35.850654582074554
 20
-101.15
 10
-36.10060422960732
 20
-101.15
 10
-36.350553877140044
 20
-101.15
 10
-36.60050352467275
 20
-101.15
 10
-36.85045317220548
 20
-101.15
 10
-37.100402819738214
 20
-101.15
 10
-37.35035246727094
 20
-101.15
 10
-37.60030211480367
 20
-101.15
 10
-37.85025176233643
 20
-101.15
 10
-38.1002014098691
 20
-101.15
 10
-38.35015105740186
 20
-101.15
 10
-38.60010070493459
 20
-101.15
 10
-38.85005035246732
 20
-101.15
 10
-39.10000000000005
 20
-101.15
 10
-39.34994964753275
 20
-101.15
 10
-39.599899295065484
 20
-101.15
 10
-39.849848942598214
 20
-101.15
 10
-40.099798590130945
 20
-101.15
 10
-40.349748237663704
 20
-101.15
 10
-40.599697885196434
 20
-101.15
 10
-40.849647532729136
 20
-101.15
 10
-41.09959718026187
 20
-101.15
 10
-41.34954682779459
 20
-101.15
 10
-41.59949647532733
 20
-101.15
 10
-41.84944612286005
 20
-101.15
 10
-42.09939577039282
 20
-101.15
 10
-42.349345417925484
 20
-101.15
 10
-42.59929506545825
 20
-101.15
 10
-42.84924471299098
 20
-101.15
 10
-43.09919436052371
 20
-101.15
 10
-43.34914400805644
 20
-101.15
 10
-43.59909365558917
 20
-101.15
 10
-43.849043303121874
 20
-101.15
 10
-44.098992950654605
 20
-101.15
 10
-44.348942598187364
 20
-101.15
 10
-44.598892245720094
 20
-101.15
 10
-44.848841893252825
 20
-101.15
 10
-45.098791540785555
 20
-101.15
 10
-45.34874118831826
 20
-101.15
 10
-45.59869083585099
 20
-101.15
 10
-45.84864048338372
 20
-101.15
 10
-46.09859013091645
 20
-101.15
 10
-46.34853977844921
 20
-101.15
 10
-46.59848942598194
 20
-101.15
 10
-46.84843907351464
 20
-101.15
 10
-47.09838872104737
 20
-101.15
 10
-47.3483383685801
 20
-101.15
 10
-47.59828801611283
 20
-101.15
 10
-47.84823766364556
 20
-101.15
 10
-48.098187311178265
 20
-101.15
 10
-48.348136958710995
 20
-101.15
 10
-48.598086606243754
 20
-101.15
 10
-48.848036253776485
 20
-101.15
 10
-49.097985901309215
 20
-101.15
 10
-49.347935548841946
 20
-101.15
 10
-49.59788519637465
 20
-101.15
 10
-49.84783484390738
 20
-101.15
 10
-50.09778449144011
 20
-101.15
 10
-50.34773413897284
 20
-101.15
 10
-50.5976837865056
 20
-101.15
 10
-50.84763343403833
 20
-101.15
 10
-51.09758308157103
 20
-101.15
 10
-51.34753272910376
 20
-101.15
 10
-51.59748237663649
 20
-101.15
 10
-51.84743202416922
 20
-101.15
 10
-52.09738167170195
 20
-101.15
 10
-52.34733131923471
 20
-101.15
 10
-52.597280966767386
 20
-101.15
 10
-52.847230614300145
 20
-101.15
 10
-53.097180261832875
 20
-101.15
 10
-53.347129909365606
 20
-101.15
 10
-53.597079556898336
 20
-101.15
 10
-53.84702920443107
 20
-101.15
 10
-54.09697885196377
 20
-101.15
 10
-54.3469284994965
 20
-101.15
 10
-54.59687814702923
 20
-101.15
 10
-54.84682779456199
 20
-101.15
 10
-55.09677744209472
 20
-101.15
 10
-55.34672708962742
 20
-101.15
 10
-55.59667673716015
 20
-101.15
 10
-55.84662638469288
 20
-101.15
 10
-56.09657603222561
 20
-101.15
 10
-56.346525679758344
 20
-101.15
 10
-56.5964753272911
 20
-101.15
 10
-56.846424974823776
 20
-101.15
 10
-57.096374622356535
 20
-101.15
 10
-57.346324269889266
 20
-101.15
 10
-57.596273917421996
 20
-101.15
 10
-57.84622356495473
 20
-101.15
 10
-58.09617321248746
 20
-101.15
 10
-58.34612286002016
 20
-101.15
 10
-58.59607250755289
 20
-101.15
 10
-58.84602215508565
 20
-101.15
 10
-59.09597180261838
 20
-101.15
 10
-59.34592145015111
 20
-101.15
 10
-59.59587109768384
 20
-101.15
 10
-59.84582074521654
 20
-101.15
 10
-60.09577039274927
 20
-101.15
 10
-60.345720040282
 20
-101.15
 10
-60.595669687814734
 20
-101.15
 10
-60.84561933534749
 20
-101.15
 10
-61.09556898288022
 20
-101.15
 10
-61.345518630412926
 20
-101.15
 10
-61.595468277945656
 20
-101.15
 10
-61.84541792547839
 20
-101.15
 10
-62.09536757301112
 20
-101.15
 10
-62.34531722054385
 20
-101.15
 10
-62.59526686807661
 20
-101.15
 10
-62.84521651560928
 20
-101.15
 10
-63.09516616314204
 20
-101.15
 10
-63.34511581067477
 20
-101.15
 10
-63.5950654582075
 20
-101.15
 10
-63.84501510574023
 20
-101.15
 10
-64.09496475327293
 20
-101.15
 10
-64.34491440080566
 20
-101.15
 10
-64.5948640483384
 20
-101.15
 10
-64.84481369587112
 20
-101.15
 10
-65.09476334340388
 20
-101.15
 10
-65.34471299093661
 20
-101.15
 10
-65.59466263846932
 20
-101.15
 10
-65.84461228600205
 20
-101.15
 10
-66.09456193353478
 20
-101.15
 10
-66.34451158106751
 20
-101.15
 10
-66.59446122860024
 20
-101.15
 10
-66.844410876133
 20
-101.15
 10
-67.09436052366567
 20
-101.15
 10
-67.34431017119843
 20
-101.15
 10
-67.59425981873116
 20
-101.15
 10
-67.84420946626389
 20
-101.15
 10
-68.09415911379662
 20
-101.15
 10
-68.34410876132935
 20
-101.15
 10
-68.59405840886205
 20
-101.15
 10
-68.84400805639478
 20
-101.15
 10
-69.09395770392752
 20
-101.15
 10
-69.34390735146027
 20
-101.15
 10
-69.593856998993
 20
-101.15
 10
-69.84380664652574
 20
-101.15
 10
-70.09375629405844
 20
-101.15
 10
-70.34370594159117
 20
-101.15
 10
-70.5936555891239
 20
-101.15
 10
-70.84360523665663
 20
-101.15
 10
-71.09355488418939
 20
-101.15
 10
-71.34350453172206
 20
-101.15
 10
-71.59345417925482
 20
-101.15
 10
-71.84340382678755
 20
-101.15
 10
-72.09335347432028
 20
-101.15
 10
-72.34330312185301
 20
-101.15
 10
-72.59325276938574
 20
-101.15
 10
-72.84320241691844
 20
-101.15
 10
-73.09315206445117
 20
-101.15
 10
-73.34310171198393
 20
-101.15
 10
-73.59305135951666
 20
-101.15
 10
-73.8430010070494
 20
-101.15
 10
-74.09295065458213
 20
-101.15
 10
-74.34290030211483
 20
-101.15
 10
-74.59284994964756
 20
-101.15
 10
-74.84279959718029
 20
-101.15
 10
-75.09274924471302
 20
-101.15
 10
-75.34269889224578
 20
-101.15
 10
-75.59264853977851
 20
-101.15
 10
-75.84259818731121
 20
-101.15
 10
-76.09254783484394
 20
-101.15
 10
-76.34249748237667
 20
-101.15
 10
-76.5924471299094
 20
-101.15
 10
-76.84239677744213
 20
-101.15
 10
-77.09234642497489
 20
-101.15
 10
-77.34229607250757
 20
-101.15
 10
-77.59224572004032
 20
-101.15
 10
-77.84219536757305
 20
-101.15
 10
-78.09214501510579
 20
-101.15
 10
-78.34209466263852
 20
-101.15
 10
-78.59204431017125
 20
-101.15
 10
-78.84199395770395
 20
-101.15
 10
-79.09194360523668
 20
-101.15
 10
-79.34189325276941
 20
-101.15
 10
-79.59184290030217
 20
-101.15
 10
-79.8417925478349
 20
-101.15
 10
-80.0917421953676
 20
-101.15
 10
-80.34169184290033
 20
-101.15
 10
-80.59164149043306
 20
-101.15
 10
-80.84159113796579
 20
-101.15
 10
-81.09154078549852
 20
-101.15
 10
-81.34149043303128
 20
-101.15
 10
-81.59144008056396
 20
-101.15
 10
-81.84138972809671
 20
-101.15
 10
-82.09133937562945
 20
-101.15
 10
-82.34128902316218
 20
-101.15
 10
-82.5912386706949
 20
-101.15
 10
-82.84118831822764
 20
-101.15
 10
-83.09113796576034
 20
-101.15
 10
-83.34108761329307
 20
-101.15
 10
-83.5910372608258
 20
-101.15
 10
-83.84098690835856
 20
-101.15
 10
-84.09093655589129
 20
-101.15
 10
-84.34088620342402
 20
-101.15
 10
-84.59083585095672
 20
-101.15
 10
-84.84078549848945
 20
-101.15
 10
-85.0
 20
-101.05926485397784
 10
-85.0
 20
-100.80931520644509
 10
-85.0
 20
-100.55936555891233
 10
-85.0
 20
-100.3094159113796
 10
-85.0
 20
-100.05946626384691
 10
-85.0
 20
-99.80951661631417
 10
-85.0
 20
-99.55956696878144
 10
-85.0
 20
-99.3096173212487
 10
-85.0
 20
-99.05966767371599
 10
-85.0
 20
-98.80971802618328
 10
-85.0
 20
-98.55976837865053
 10
-85.0
 20
-98.30981873111783
 10
-85.0
 20
-98.05986908358507
 10
-85.0
 20
-97.80991943605233
 10
-85.0
 20
-97.5599697885196
 10
-85.0
 20
-97.31002014098691
 10
-85.0
 20
-97.06007049345416
 10
-85.0
 20
-96.81012084592143
 10
-85.0
 20
-96.56017119838869
 10
-85.0
 20
-96.31022155085594
 10
-85.0
 20
-96.06027190332323
 10
-85.0
 20
-95.81032225579051
 10
-85.0
 20
-95.56037260825778
 10
-85.0
 20
-95.31042296072506
 10
-85.0
 20
-95.06047331319232
 10
-85.0
 20
-94.81052366565959
 10
-85.0
 20
-94.56057401812683
 10
-85.0
 20
-94.31062437059416
 10
-85.0
 20
-94.0606747230614
 10
-85.0
 20
-93.81072507552867
 10
-85.0
 20
-93.56077542799594
 10
-85.0
 20
-93.31082578046322
 10
-85.0
 20
-93.06087613293047
 10
-85.0
 20
-92.81092648539777
 10
-85.0
 20
-92.56097683786506
 10
-85.0
 20
-92.31102719033231
 10
-85.0
 20
-92.06107754279955
 10
-85.0
 20
-91.81112789526682
 10
-85.0
 20
-91.56117824773409
 10
-85.0
 20
-91.31122860020139
 10
-85.0
 20
-91.06127895266866
 10
-85.0
 20
-90.81132930513593
 10
-85.0
 20
-90.56137965760318
 10
-85.0
 20
-90.31143001007042
 10
-85.0
 20
-90.06148036253776
 10
-85.0
 20
-89.811530715005
 10
-85.0
 20
-89.56158106747226
 10
-85.0
 20
-89.31163141993954
 10
-85.0
 20
-89.06168177240681
 10
-85.0
 20
-88.81173212487408
 10
-85.0
 20
-88.56178247734138
 10
-85.0
 20
-88.31183282980865
 10
-85.0
 20
-88.06188318227592
 10
-85.0
 20
-87.81193353474316
 10
-85.0
 20
-87.56198388721042
 10
-85.0
 20
-87.3120342396777
 10
-85.0
 20
-87.062084592145
 10
-85.0
 20
-86.81213494461225
 10
-85.0
 20
-86.56218529707954
 10
-85.0
 20
-86.3122356495468
 10
-85.0
 20
-86.06228600201405
 10
-85.0
 20
-85.81233635448132
 10
-85.0
 20
-85.56238670694862
 10
-85.0
 20
-85.31243705941588
 10
-85.0
 20
-85.06248741188315
 10
-85.0
 20
-84.81253776435041
 10
-85.0
 20
-84.5625881168177
 10
-85.0
 20
-84.31263846928496
 10
-85.0
 20
-84.06268882175223
 10
-85.0
 20
-83.81273917421953
 10
-85.0
 20
-83.56278952668677
 10
-85.0
 20
-83.31283987915404
 10
-85.0
 20
-83.06289023162134
 10
-85.0
 20
-82.81294058408858
 10
-85.0
 20
-82.56299093655585
 10
-85.0
 20
-82.31304128902315
 10
-85.0
 20
-82.06309164149042
 10
-85.0
 20
-81.81314199395766
 10
-85.0
 20
-81.56319234642496
 10
-85.0
 20
-81.31324269889222
 10
-85.0
 20
-81.0632930513595
 10
-85.0
 20
-80.81334340382678
 10
-85.0
 20
-80.56339375629403
 10
-85.0
 20
-80.3134441087613
 10
-85.0
 20
-80.06349446122857
 10
-85.0
 20
-79.81354481369586
 10
-85.0
 20
-79.56359516616311
 10
-85.0
 20
-79.31364551863038
 10
-85.0
 20
-79.06369587109765
 10
-85.0
 20
-78.81374622356495
 10
-85.0
 20
-78.56379657603219
 10
-85.0
 20
-78.31384692849946
 10
-85.0
 20
-78.06389728096677
 10
-85.0
 20
-77.81394763343403
 10
-85.0
 20
-77.56399798590127
 10
-85.0
 20
-77.31404833836856
 10
-85.0
 20
-77.06409869083585
 10
-85.0
 20
-76.81414904330309
 10
-85.0
 20
-76.56419939577037
 10
-85.0
 20
-76.31424974823764
 10
-85.0
 20
-76.06430010070493
 10
-85.0
 20
-75.81435045317218
 10
-85.0
 20
-75.56440080563945
 10
-85.0
 20
-75.31445115810672
 10
-85.0
 20
-75.06450151057398
 10
-85.0
 20
-74.81455186304126
 10
-85.0
 20
-74.56460221550853
 10
-85.0
 20
-74.3146525679758
 10
-85.0
 20
-74.06470292044305
 10
-85.0
 20
-73.81475327291034
 10
-85.0
 20
-73.56480362537764
 10
-85.0
 20
-73.31485397784488
 10
-85.0
 20
-73.06490433031213
 10
-85.0
 20
-72.81495468277944
 10
-85.0
 20
-72.56500503524668
 10
-85.0
 20
-72.31505538771395
 10
-85.0
 20
-72.06510574018125
 10
-85.0
 20
-71.81515609264852
 10
-85.0
 20
-71.56520644511576
 10
-85.0
 20
-71.31525679758305
 10
-85.0
 20
-71.06530715005033
 10
-85.0
 20
-70.8153575025176
 10
-85.0
 20
-70.56540785498487
 10
-85.0
 20
-70.31545820745212
 10
-85.0
 20
-70.06550855991941
 10
-85.0
 20
-69.81555891238668
 10
-85.0
 20
-69.56560926485395
 10
-85.0
 20
-69.31565961732124
 10
-85.0
 20
-69.06570996978849
 10
-85.0
 20
-68.81576032225576
 10
-85.0
 20
-68.56581067472305
 10
-85.0
 20
-68.3158610271903
 10
-85.0
 20
-68.06591137965756
 10
-85.0
 20
-67.81596173212486
 10
-85.0
 20
-67.56601208459213
 10
-85.0
 20
-67.31606243705937
 10
-85.0
 20
-67.06611278952667
 10
-85.0
 20
-66.81616314199394
 10
-85.0
 20
-66.56621349446121
 10
-85.0
 20
-66.31626384692848
 10
-85.0
 20
-66.06631419939575
 10
-85.0
 20
-65.81636455186302
 10
-85.0
 20
-65.56641490433029
 10
-85.0
 20
-65.31646525679756
 10
-85.0
 20
-65.06651560926483
 10
-85.0
 20
-64.8165659617321
 10
-85.0
 20
-64.56661631419936
 10
-85.0
 20
-64.31666666666663
 10
-85.0
 20
-64.0667170191339
 10
-85.0
 20
-63.81676737160117
 10
-85.0
 20
-63.566817724068436
 10
-85.0
 20
-63.31686807653575
 10
-85.0
 20
-63.06691842900299
 10
-85.0
 20
-62.81696878147027
 10
-85.0
 20
-62.567019133937556
 10
-85.0
 20
-62.3170694864048
 10
-85.0
 20
-62.06711983887209
 10
-85.0
 20
-61.81717019133935
 10
-85.0
 20
-61.567220543806634
 10
-85.0
 20
-61.317270896273904
 10
-85.0
 20
-61.067321248741166
 10
-85.0
 20
-60.81737160120843
 10
-85.0
 20
-60.56742195367572
 10
-85.0
 20
-60.31747230614298
 10
-85.0
 20
-60.067522658610244
 10
-85.0
 20
-59.817573011077506
 10
-85.0
 20
-59.5676233635448
 10
-85.0
 20
-59.31767371601206
 10
-85.0
 20
-59.06772406847934
 10
-85.0
 20
-58.817774420946584
 10
-85.0
 20
-58.56782477341385
 10
-85.0
 20
-58.31787512588116
 10
-85.0
 20
-58.0679254783484
 10
-85.0
 20
-57.81797583081566
 10
-85.0
 20
-57.568026183282974
 10
-85.0
 20
-57.31807653575024
 10
-85.0
 20
-57.06812688821748
 10
-85.0
 20
-56.81817724068477
 10
-85.0
 20
-56.56822759315205
 10
-85.0
 20
-56.318277945619315
 10
-85.0
 20
-56.06832829808658
 10
-85.0
 20
-55.818378650553846
 10
-85.0
 20
-55.56842900302113
 10
-85.0
 20
-55.31847935548839
 10
-85.0
 20
-55.068529707955655
 10
-85.0
 20
-54.81858006042297
 10
-85.0
 20
-54.56863041289021
 10
-85.0
 20
-54.31868076535747
 10
-85.0
 20
-54.06873111782476
 10
-85.0
 20
-53.818781470292
 10
-85.0
 20
-53.568831822759286
 10
-85.0
 20
-53.31888217522657
 10
-85.0
 20
-53.06893252769384
 10
-85.0
 20
-52.81898288016108
 10
-85.0
 20
-52.569033232628385
 10
-85.0
 20
-52.319083585095655
 10
-85.0
 20
-52.06913393756292
 10
-85.0
 20
-51.8191842900302
 10
-85.0
 20
-51.56923464249746
 10
-85.0
 20
-51.31928499496473
 10
-85.0
 20
-51.069335347431995
 10
-85.0
 20
-50.81938569989928
 10
-85.0
 20
-50.56943605236654
 10
-85.0
 20
-50.31948640483381
 10
-85.0
 20
-50.06953675730107
 10
-85.0
 20
-49.81958710976836
 10
-85.0
 20
-49.56963746223562
 10
-85.0
 20
-49.31968781470289
 10
-85.0
 20
-49.06973816717015
 10
-85.0
 20
-48.819788519637456
 10
-85.0
 20
-48.569838872104704
 10
-85.0
 20
-48.319889224571966
 10
-85.0
 20
-48.06993957703927
 10
-85.0
 20
-47.81998992950651
 10
-85.0
 20
-47.57004028197378
 10
-85.0
 20
-47.320090634441065
 10
-85.0
 20
-47.07014098690835
 10
-85.0
 20
-46.82019133937562
 10
-85.0
 20
-46.57024169184288
 10
-85.0
 20
-46.32029204431014
 10
-85.0
 20
-46.07034239677743
 10
-85.0
 20
-45.8203927492447
 10
-85.0
 20
-45.57044310171196
 10
-85.0
 20
-45.32049345417922
 10
-85.0
 20
-45.070543806646505
 10
-85.0
 20
-44.820594159113774
 10
-85.0
 20
-44.57064451158106
 10
-85.0
 20
-44.3206948640483
 10
-85.0
 20
-44.07074521651559
 10
-85.0
 20
-43.820795568982874
 10
-85.0
 20
-43.570845921450115
 10
-85.0
 20
-43.32089627391738
 10
-85.0
 20
-43.07094662638469
 10
-85.0
 20
-42.82099697885195
 10
-85.0
 20
-42.57104733131919
 10
-85.0
 20
-42.321097683786476
 10
-85.0
 20
-42.07114803625377
 10
-85.0
 20
-41.82119838872103
 10
-85.0
 20
-41.57124874118829
 10
-85.0
 20
-41.32129909365556
 10
-85.0
 20
-41.071349446122845
 10
-85.0
 20
-40.82139979859011
 10
-85.0
 20
-40.57145015105737
 10
-85.0
 20
-40.32150050352464
 10
-85.0
 20
-40.07155085599192
 10
-85.0
 20
-39.821601208459185
 10
-85.0
 20
-39.57165156092645
 10
-85.0
 20
-39.32170191339372
 10
-85.0
 20
-39.071752265861
 10
-85.0
 20
-38.821802618328284
 10
-85.0
 20
-38.571852970795554
 10
-85.0
 20
-38.321903323262795
 10
-85.0
 20
-38.0719536757301
 10
-85.0
 20
-37.82200402819736
 10
-85.0
 20
-37.57205438066463
 10
-85.0
 20
-37.322104733131916
 10
-85.0
 20
-37.07215508559918
 10
-85.0
 20
-36.82220543806645
 10
-85.0
 20
-36.5722557905337
 10
-85.0
 20
-36.322306143001
 10
-85.0
 20
-36.072356495468256
 10
-85.0
 20
-35.822406847935525
 10
-85.0
 20
-35.57245720040278
 10
-85.0
 20
-35.32250755287008
 10
-85.0
 20
-35.072557905337334
 10
-85.0
 20
-34.8226082578046
 10
-85.0
 20
-34.57265861027186
 10
-85.0
 20
-34.32270896273917
 10
-85.0
 20
-34.07275931520641
 10
-85.0
 20
-33.82280966767368
 10
-85.0
 20
-33.57286002014099
 10
-85.0
 20
-33.322910372608234
 10
-85.0
 20
-33.07296072507549
 10
-85.0
 20
-32.82301107754277
 10
-85.0
 20
-32.57306143001007
 10
-85.0
 20
-32.32311178247731
 10
-85.0
 20
-32.073162134944596
 10
-85.0
 20
-31.82321248741185
 10
-85.0
 20
-31.57326283987915
 10
-85.0
 20
-31.323313192346404
 10
-85.0
 20
-31.073363544813674
 10
-85.0
 20
-30.823413897280943
 10
-85.0
 20
-30.573464249748227
 10
-85.0
 20
-30.323514602215482
 10
-85.0
 20
-30.07356495468278
 10
-85.0
 20
-29.82361530715002
 10
-85.0
 20
-29.573665659617305
 10
-85.0
 20
-29.32371601208459
 10
-85.0
 20
-29.07376636455183
 10
-85.0
 20
-28.8238167170191
 10
-85.0
 20
-28.573867069486397
 10
-85.0
 20
-28.323917421953666
 10
-85.0
 20
-28.073967774420908
 10
-85.0
 20
-27.82401812688822
 10
-85.0
 20
-27.574068479355475
 10
-85.0
 20
-27.324118831822744
 10
-85.0
 20
-27.074169184290014
 10
-85.0
 20
-26.82421953675727
 10
-85.0
 20
-26.57426988922454
 10
-85.0
 20
-26.324320241691822
 10
-85.0
 20
-26.07437059415909
 10
-85.0
 20
-25.824420946626347
 10
-85.0
 20
-25.57447129909363
 10
-85.0
 20
-25.3245216515609
 10
-85.0
 20
-25.07457200402817
 10
-85.0
 20
-24.824622356495453
 10
-85.0
 20
-24.57467270896271
 10
-85.0
 20
-24.324723061429978
 10
-85.0
 20
-24.07477341389726
 10
-85.0
 20
-23.82482376636453
 10
-85.0
 20
-23.574874118831787
 10
-85.0
 20
-23.324924471299084
 10
-85.0
 20
-23.07497482376634
 10
-85.0
 20
-22.825025176233623
 10
-85.0
 20
-22.575075528700893
 10
-85.0
 20
-22.325125881168162
 10
-85.0
 20
-22.075176233635418
 10
-85.0
 20
-21.825226586102715
 10
-85.0
 20
-21.57527693856997
 10
-85.0
 20
-21.325327291037254
 10
-85.0
 20
-21.075377643504495
 10
-85.0
 20
-20.825427995971793
 10
-85.0
 20
-20.575478348439077
 10
-85.0
 20
-20.325528700906318
 10
-85.0
 20
-20.075579053373573
 10
-85.0
 20
-19.82562940584087
 10
-85.0
 20
-19.575679758308155
 10
-85.0
 20
-19.325730110775396
 10
-85.0
 20
-19.07578046324268
 10
-85.0
 20
-18.82583081570995
 10
-85.0
 20
-18.575881168177204
 10
-85.0
 20
-18.325931520644488
 10
-85.0
 20
-18.075981873111758
 10
-85.0
 20
-17.826032225579027
 10
-85.0
 20
-17.57608257804631
 10
-85.0
 20
-17.326132930513566
 10
-85.0
 20
-17.076183282980836
 10
-85.0
 20
-16.82623363544812
 10
-85.0
 20
-16.57628398791539
 10
-85.0
 20
-16.326334340382644
 10
-85.0
 20
-16.076384692849942
 10
-85.0
 20
-15.826435045317197
 10
-85.0
 20
-15.576485397784467
 10
-85.0
 20
-15.32653575025175
 10
-85.0
 20
-15.07658610271902
 10
-85.0
 20
-14.826636455186275
 10
-85.0
 20
-14.576686807653573
 10
-85.0
 20
-14.326737160120828
 10
-85.0
 20
-14.076787512588112
 10
-85.0
 20
-13.826837865055353
 10
-85.0
 20
-13.57688821752265
 10
-85.0
 20
-13.326938569989935
 10
-85.0
 20
-13.076988922457176
 10
-85.0
 20
-12.82703927492443
 10
-85.0
 20
-12.577089627391729
 10
-85.0
 20
-12.327139979859012
 10
-85.0
 20
-12.077190332326253
 10
-85.0
 20
-11.827240684793537
 10
-85.0
 20
-11.577291037260807
 10
-85.0
 20
-11.32734138972809
 10
-85.0
 20
-11.077391742195346
 10
-85.0
 20
-10.827442094662615
 10
-85.0
 20
-10.577492447129885
 10
-85.0
 20
-10.327542799597168
 10
-85.0
 20
-10.077593152064424
 10
-85.0
 20
-9.827643504531693
 10
-85.0
 20
-9.577693856998977
 10
-85.0
 20
-9.327744209466246
 10
-85.0
 20
-9.077794561933501
 10
-85.0
 20
-8.8278449144008
 10
-85.0
 20
-8.577895266868055
 10
-85.0
 20
-8.327945619335324
 10
-85.0
 20
-8.077995971802608
 10
-85.0
 20
-7.828046324269877
 10
-85.0
 20
-7.5780966767371325
 10
-85.0
 20
-7.328147029204416
 10
-85.0
 20
-7.078197381671686
 10
-85.0
 20
-6.828247734138969
 10
-85.0
 20
-6.57829808660621
 10
-85.0
 20
-6.328348439073508
 10
-85.0
 20
-6.078398791540792
 10
-85.0
 20
-5.828449144008033
 10
-85.0
 20
-5.578499496475288
 10
-85.0
 20
-5.328549848942586
 10
-85.0
 20
-5.07860020140987
 10
-85.0
 20
-4.828650553877111
 10
-85.0
 20
-4.578700906344395
 10
-85.0
 20
-4.328751258811664
 10
-85.0
 20
-4.078801611278948
 10
-85.0
 20
-3.828851963746203
 10
-85.0
 20
-3.5789023162134725
 10
-85.0
 20
-3.328952668680742
 10
-85.0
 20
-3.0790030211480257
 10
-85.0
 20
-2.829053373615281
 10
-85.0
 20
-2.5791037260825505
 10
-85.0
 20
-2.329154078549834
 10
-85.0
 20
-2.0792044310171036
 10
-85.0
 20
-1.8292547834843589
 10
-85.0
 20
-1.5793051359516568
 10
-85.0
 20
-1.329355488418912
 10
-85.0
 20
-1.0794058408861815
 10
-85.0
 20
-0.8294561933534652
 10
-85.0
 20
-0.5795065458207347
 10
-85.0
 20
-0.32955689828798995
 10
-85.0
 20
-0.07960725075527364
 10
-85.0
 20
0.17034239677745688
 10
-85.0
 20
0.4202920443101874
 10
-85.0
 20
0.6702416918429037
 10
-85.0
 20
0.9201913393756627
 10
-85.0
 20
1.170140986908379
 10
-85.0
 20
1.4200906344410953
 10
-85.0
 20
1.6700402819738542
 10
-85.0
 20
1.9199899295065563
 10
-85.0
 20
2.1699395770392726
 10
-85.0
 20
2.4198892245720316
 10
-85.0
 20
2.669838872104748
 10
-85.0
 20
2.919788519637464
 10
-85.0
 20
3.169738167170223
 10
-85.0
 20
3.4196878147029395
 10
-85.0
 20
3.66963746223567
 10
-85.0
 20
3.9195871097684005
 10
-85.0
 20
4.169536757301117
 10
-85.0
 20
4.419486404833833
 10
-85.0
 20
4.669436052366592
 10
-85.0
 20
4.919385699899308
 10
-85.0
 20
5.169335347432039
 10
-85.0
 20
5.419284994964784
 10
-85.0
 20
5.669234642497486
 10
-85.0
 20
5.9191842900302305
 10
-85.0
 20
6.169133937562961
 10
-85.0
 20
6.419083585095677
 10
-85.0
 20
6.669033232628436
 10
-85.0
 20
6.918982880161153
 10
-85.0
 20
7.168932527693869
 10
-85.0
 20
7.418882175226599
 10
-85.0
 20
7.66883182275933
 10
-85.0
 20
7.918781470292046
 10
-85.0
 20
8.168731117824805
 10
-85.0
 20
8.418680765357522
 10
-85.0
 20
8.668630412890238
 10
-85.0
 20
8.918580060422997
 10
-85.0
 20
9.168529707955699
 10
-85.0
 20
9.418479355488415
 10
-85.0
 20
9.668429003021174
 10
-85.0
 20
9.91837865055389
 10
-85.0
 20
10.168328298086607
 10
-85.0
 20
10.418277945619366
 10
-85.0
 20
10.668227593152082
 10
-85.0
 20
10.918177240684813
 10
-85.0
 20
11.168126888217529
 10
-85.0
 20
11.41807653575026
 10
-85.0
 20
11.668026183282976
 10
-85.0
 20
11.917975830815735
 10
-85.0
 20
12.167925478348451
 10
-85.0
 20
12.417875125881181
 10
-85.0
 20
12.667824773413926
 10
-85.0
 20
12.917774420946628
 10
-85.0
 20
13.167724068479373
 10
-85.0
 20
13.417673716012104
 10
-85.0
 20
13.66762336354482
 10
-85.0
 20
13.917573011077579
 10
-85.0
 20
14.167522658610295
 10
-85.0
 20
14.417472306143026
 10
-85.0
 20
14.667421953675742
 10
-85.0
 20
14.917371601208472
 10
-85.0
 20
15.167321248741189
 10
-85.0
 20
15.417270896273948
 10
-85.0
 20
15.667220543806664
 10
-85.0
 20
15.91717019133938
 10
-85.0
 20
16.16711983887214
 10
-85.0
 20
16.417069486404856
 10
-85.0
 20
16.667019133937558
 10
-85.0
 20
16.916968781470317
 10
-85.0
 20
17.166918429003033
 10
-85.0
 20
17.41686807653575
 10
-85.0
 20
17.66681772406851
 10
-85.0
 20
17.916767371601225
 10
-85.0
 20
18.166717019133955
 10
-85.0
 20
18.416666666666686
 10
-85.0
 20
18.666616314199402
 10
-85.0
 20
18.91656596173212
 10
-85.0
 20
19.166515609264877
 10
-85.0
 20
19.416465256797593
 10
-85.0
 20
19.666414904330324
 10
-85.0
 20
19.91636455186307
 10
-85.0
 20
20.16631419939577
 10
-85.0
 20
20.416263846928516
 10
-85.0
 20
20.666213494461246
 10
-85.0
 20
20.916163141993962
 10
-85.0
 20
21.16611278952672
 10
-85.0
 20
21.416062437059438
 10
-85.0
 20
21.666012084592168
 10
-85.0
 20
21.915961732124885
 10
-85.0
 20
22.165911379657615
 10
-85.0
 20
22.41586102719033
 10
-85.0
 20
22.66581067472309
 10
-85.0
 20
22.915760322255807
 10
-85.0
 20
23.165709969788523
 10
-85.0
 20
23.415659617321282
 10
-85.0
 20
23.665609264853998
 10
-85.0
 20
23.9155589123867
 10
-85.0
 20
24.16550855991946
 10
-85.0
 20
24.415458207452176
 10
-85.0
 20
24.665407854984892
 10
-85.0
 20
24.91535750251765
 10
-85.0
 20
25.165307150050367
 10
-85.0
 20
25.415256797583098
 10
-85.0
 20
25.665206445115828
 10
-85.0
 20
25.915156092648544
 10
-85.0
 20
26.16510574018126
 10
-85.0
 20
26.41505538771402
 10
-85.0
 20
26.665005035246736
 10
-85.0
 20
26.914954682779467
 10
-85.0
 20
27.164904330312197
 10
-85.0
 20
27.414853977844928
 10
-85.0
 20
27.664803625377658
 10
-85.0
 20
27.91475327291039
 10
-85.0
 20
28.16470292044312
 10
-85.0
 20
28.41465256797585
 10
-85.0
 20
28.66460221550858
 10
-85.0
 20
28.91455186304131
 10
-85.0
 20
29.16450151057404
 10
-85.0
 20
29.414451158106772
 10
-85.0
 20
29.664400805639474
 10
-85.0
 20
29.914350453172233
 10
-85.0
 20
30.164300100704935
 10
-85.0
 20
30.414249748237694
 10
-85.0
 20
30.664199395770424
 10
-85.0
 20
30.914149043303127
 10
-85.0
 20
31.164098690835857
 10
-85.0
 20
31.414048338368616
 10
-85.0
 20
31.663997985901318
 10
-85.0
 20
31.91394763343402
 10
-85.0
 20
32.16389728096678
 10
-85.0
 20
32.41384692849951
 10
-85.0
 20
32.66379657603224
 10
-85.0
 20
32.91374622356497
 10
-85.0
 20
33.1636958710977
 10
-85.0
 20
33.4136455186304
 10
-85.0
 20
33.66359516616316
 10
-85.0
 20
33.913544813695864
 10
-85.0
 20
34.16349446122862
 10
-85.0
 20
34.413444108761354
 10
-85.0
 20
34.663393756294056
 10
-85.0
 20
34.91334340382679
 10
-85.0
 20
35.163293051359545
 10
-85.0
 20
35.41324269889225
 10
-85.0
 20
35.66319234642501
 10
-85.0
 20
35.91314199395771
 10
-85.0
 20
36.16309164149047
 10
-85.0
 20
36.41304128902317
 10
-85.0
 20
36.6629909365559
 10
-85.0
 20
36.91294058408863
 10
-85.0
 20
37.16289023162139
 10
-85.0
 20
37.41283987915409
 10
-85.0
 20
37.66278952668682
 10
-85.0
 20
37.91273917421955
 10
-85.0
 20
38.16268882175228
 10
-85.0
 20
38.412638469285014
 10
-85.0
 20
38.662588116817744
 10
-85.0
 20
38.912537764350475
 10
-85.0
 20
39.16248741188318
 10
-85.0
 20
39.412437059415936
 10
-85.0
 20
39.66238670694864
 10
-85.0
 20
39.91233635448137
 10
-85.0
 20
40.16228600201413
 10
-85.0
 20
40.41223564954683
 10
-85.0
 20
40.66218529707956
 10
-85.0
 20
40.91213494461232
 10
-85.0
 20
41.16208459214502
 10
-85.0
 20
41.41203423967775
 10
-85.0
 20
41.66198388721048
 10
-85.0
 20
41.91193353474321
 10
-85.0
 20
42.16188318227594
 10
-85.0
 20
42.411832829808674
 10
-85.0
 20
42.661782477341404
 10
-85.0
 20
42.911732124874135
 10
-85.0
 20
43.161681772406865
 10
-85.0
 20
43.41163141993957
 10
-85.0
 20
43.661581067472326
 10
-85.0
 20
43.91153071500506
 10
-85.0
 20
44.16148036253779
 10
-85.0
 20
44.41143001007049
 10
-85.0
 20
44.66137965760325
 10
-85.0
 20
44.91132930513595
 10
-85.0
 20
45.16127895266871
 10
-85.0
 20
45.41122860020141
 10
-85.0
 20
45.66117824773414
 10
-85.0
 20
45.9111278952669
 10
-85.0
 20
46.1610775427996
 10
-85.0
 20
46.411027190332334
 10
-85.0
 20
46.660976837865064
 10
-85.0
 20
46.910926485397795
 10
-85.0
 20
47.1608761329305
 10
-85.0
 20
47.410825780463256
 10
-85.0
 20
47.660775427995986
 10
-85.0
 20
47.91072507552872
 10
-85.0
 20
48.16067472306145
 10
-85.0
 20
48.41062437059415
 10
-85.0
 20
48.66057401812691
 10
-85.0
 20
48.91052366565964
 10
-85.0
 20
49.16047331319234
 10
-85.0
 20
49.41042296072507
 10
-85.0
 20
49.66037260825783
 10
-85.0
 20
49.91032225579053
 10
-85.0
 20
50.16027190332326
 10
-85.0
 20
50.410221550855994
 10
-85.0
 20
50.660171198388724
 10
-85.0
 20
50.910120845921455
 10
-85.0
 20
51.160070493454185
 10
-85.0
 20
51.410020140986916
 10
-85.0
 20
51.659969788519646
 10
-85.0
 20
51.90991943605238
 10
-85.0
 20
52.15986908358511
 10
-85.0
 20
52.40981873111784
 10
-85.0
 20
52.65976837865057
 10
-85.0
 20
52.9097180261833
 10
-85.0
 20
53.15966767371603
 10
-85.0
 20
53.40961732124876
 10
-85.0
 20
53.65956696878149
 10
-85.0
 20
53.90951661631422
 10
-85.0
 20
54.15946626384692
 10
-85.0
 20
54.40941591137968
 10
-85.0
 20
54.65936555891241
 10
-85.0
 20
54.909315206445115
 10
-85.0
 20
55.159264853977845
 10
-85.0
 20
55.409214501510604
 10
-85.0
 20
55.659164149043306
 10
-85.0
 20
55.90911379657604
 10
-85.0
 20
56.15906344410877
 10
-85.0
 20
56.4090130916415
 10
-85.0
 20
56.65896273917423
 10
-85.0
 20
56.90891238670696
 10
-85.0
 20
57.15886203423969
 10
-85.0
 20
57.40881168177242
 10
-85.0
 20
57.65876132930515
 10
-85.0
 20
57.90871097683785
 10
-85.0
 20
58.15866062437061
 10
-85.0
 20
58.40861027190334
 10
-85.0
 20
58.65855991943607
 10
-85.0
 20
58.908509566968775
 10
-85.0
 20
59.15845921450153
 10
-85.0
 20
59.408408862034264
 10
-85.0
 20
59.658358509566995
 10
-85.0
 20
59.9083081570997
 10
-85.0
 20
60.158257804632456
 10
-85.0
 20
60.408207452165186
 10
-85.0
 20
60.65815709969789
 10
-85.0
 20
60.90810674723062
 10
-85.0
 20
61.15805639476335
 10
-85.0
 20
61.40800604229608
 10
-85.0
 20
61.65795568982881
 10
-85.0
 20
61.90790533736154
 10
-85.0
 20
62.15785498489427
 10
-85.0
 20
62.407804632427
 10
-85.0
 20
62.65775427995973
 10
-85.0
 20
62.907703927492435
 10
-85.0
 20
63.15765357502519
 10
-85.0
 20
63.407603222557924
 10
-85.0
 20
63.657552870090626
 10
-85.0
 20
63.90750251762336
 10
-85.0
 20
64.15745216515612
 10
-85.0
 20
64.40740181268882
 10
-85.0
 20
64.65735146022155
 10
-85.0
 20
64.90730110775428
 10
-85.0
 20
65.15725075528701
 10
-85.0
 20
65.40720040281974
 10
-85.0
 20
65.65715005035247
 10
-85.0
 20
65.9070996978852
 10
-85.0
 20
66.15704934541793
 10
-85.0
 20
66.40699899295066
 10
-85.0
 20
66.65694864048339
 10
-85.0
 20
66.90689828801612
 10
-85.0
 20
67.15684793554885
 10
-85.0
 20
67.40679758308158
 10
-85.0
 20
67.65674723061431
 10
-85.0
 20
67.90669687814705
 10
-85.0
 20
68.15664652567978
 10
-85.0
 20
68.4065961732125
 10
-85.0
 20
68.65654582074521
 10
-85.0
 20
68.90649546827797
 10
-85.0
 20
69.1564451158107
 10
-85.0
 20
69.4063947633434
 10
-85.0
 20
69.65634441087613
 10
-85.0
 20
69.90629405840889
 10
-85.0
 20
70.15624370594159
 10
-85.0
 20
70.40619335347432
 10
-85.0
 20
70.65614300100705
 10
-85.0
 20
70.90609264853978
 10
-85.0
 20
71.15604229607251
 10
-85.0
 20
71.40599194360524
 10
-85.0
 20
71.65594159113797
 10
-85.0
 20
71.9058912386707
 10
-85.0
 20
72.15584088620344
 10
-85.0
 20
72.40579053373617
 10
-85.0
 20
72.6557401812689
 10
-85.0
 20
72.90568982880163
 10
-85.0
 20
73.15563947633436
 10
-85.0
 20
73.40558912386709
 10
-85.0
 20
73.65553877139982
 10
-85.0
 20
73.90548841893255
 10
-85.0
 20
74.15543806646525
 10
-85.0
 20
74.40538771399798
 10
-85.0
 20
74.65533736153074
 10
-85.0
 20
74.90528700906347
 10
-85.0
 20
75.15523665659617
 10
-85.0
 20
75.4051863041289
 10
-85.0
 20
75.65513595166166
 10
-85.0
 20
75.90508559919436
 10
-85.0
 20
76.1550352467271
 10
-85.0
 20
76.40498489425983
 10
-85.0
 20
76.65493454179256
 10
-85.0
 20
76.90488418932529
 10
-85.0
 20
77.15483383685802
 10
-85.0
 20
77.40478348439075
 10
-85.0
 20
77.65473313192348
 10
-85.0
 20
77.90468277945621
 10
-85.0
 20
78.15463242698894
 10
-85.0
 20
78.40458207452164
 10
-85.0
 20
78.6545317220544
 10
-85.0
 20
78.90448136958713
 10
-85.0
 20
79.15443101711983
 10
-85.0
 20
79.40438066465256
 10
-85.0
 20
79.65433031218532
 10
-85.0
 20
79.90427995971802
 10
-85.0
 20
80.15422960725076
 10
-85.0
 20
80.40417925478349
 10
-85.0
 20
80.65412890231622
 10
-85.0
 20
80.90407854984895
 10
-85.0
 20
81.15402819738168
 10
-85.0
 20
81.40397784491441
 10
-85.0
 20
81.65392749244714
 10
-85.0
 20
81.90387713997987
 10
-85.0
 20
82.1538267875126
 10
-85.0
 20
82.40377643504533
 10
-85.0
 20
82.65372608257806
 10
-85.0
 20
82.90367573011079
 10
-85.0
 20
83.1536253776435
 10
-85.0
 20
83.40357502517625
 10
-85.0
 20
83.65352467270898
 10
-85.0
 20
83.90347432024168
 10
-85.0
 20
84.15342396777442
 10
-85.0
 20
84.40337361530717
 10
-85.0
 20
84.65332326283988
 10
-85.0
 20
84.9032729103726
 10
-85.0
 20
85.15322255790534
 10
-85.0
 20
85.40317220543807
 10
-85.0
 20
85.6531218529708
 10
-85.0
 20
85.90307150050353
 10
-85.0
 20
86.15302114803626
 10
-85.0
 20
86.40297079556899
 10
-85.0
 20
86.65292044310172
 10
-85.0
 20
86.90287009063445
 10
-85.0
 20
87.15281973816718
 10
-85.0
 20
87.40276938569991
 10
-85.0
 20
87.65271903323264
 10
-85.0
 20
87.90266868076537
 10
-85.0
 20
88.1526183282981
 10
-85.0
 20
88.40256797583083
 10
-85.0
 20
88.65251762336354
 10
-85.0
 20
88.90246727089627
 10
-85.0
 20
89.15241691842903
 10
-85.0
 20
89.40236656596176
 10
-85.0
 20
89.65231621349446
 10
-85.0
 20
89.90226586102719
 10
-85.0
 20
90.15221550855995
 10
-85.0
 20
90.40216515609265
 10
-85.0
 20
90.65211480362538
 10
-85.0
 20
90.90206445115811
 10
-85.0
 20
91.15201409869084
 10
-85.0
 20
91.40196374622357
 10
-85.0
 20
91.6519133937563
 10
-85.0
 20
91.90186304128903
 10
-85.0
 20
92.15181268882176
 10
-85.0
 20
92.4017623363545
 10
-85.0
 20
92.65171198388722
 10
-85.0
 20
92.90166163141996
 10
-85.0
 20
93.15161127895269
 10
-85.0
 20
93.40156092648542
 10
-85.0
 20
93.65151057401812
 10
-85.0
 20
93.90146022155085
 10
-85.0
 20
94.15140986908361
 10
-85.0
 20
94.40135951661631
 10
-85.0
 20
94.65130916414904
 10
-85.0
 20
94.90125881168177
 10
-85.0
 20
95.1512084592145
 10
-85.0
 20
95.40115810674723
 10
-85.0
 20
95.65110775427996
 10
-85.0
 20
95.9010574018127
 10
-85.0
 20
96.15100704934542
 10
-85.0
 20
96.40095669687815
 10
-85.0
 20
96.65090634441088
 10
-85.0
 20
96.90085599194362
 10
-85.0
 20
97.15080563947635
 10
-85.0
 20
97.40075528700908
 10
-85.0
 20
97.65070493454178
 10
-85.0
 20
97.90065458207454
 10
-85.0
 20
98.15060422960727
 10
-85.0
 20
98.40055387713997
 10
-85.0
 20
98.6505035246727
 10
-85.0
 20
98.90045317220546
 10
-85.0
 20
99.15040281973816
 10
-85.0
 20
99.40035246727089
 10
-85.0
 20
99.65030211480362
 10
-85.0
 20
99.90025176233638
 10
-85.0
 20
100.15020140986908
 10
-85.0
 20
100.40015105740181
 10
-85.0
 20
100.65010070493454
 10
-85.0
 20
100.90005035246728
  0
LWPOLYLINE
  5
34
330
17
100
AcDbEntity
  8
REFERENCE_GEOMETRY
100
AcDbPolyline
 90
72
 70
1
 10
73.30000000001918
 20
-69.99999999996749
 10
73.28744250372195
 20
-69.71238604890023
 10
73.24986558495947
 20
-69.42696101366663
 10
73.18755522677311
 20
-69.14589715112919
 10
73.10098564861269
 20
-68.87133352699281
 10
72.99081569724014
 20
-68.60535973622322
 10
72.85788383250784
 20
-68.34999999996754
 10
72.70320174617287
 20
-68.10719776000909
 10
72.52794666231183
 20
-67.87880088800196
 10
72.33345237793482
 20
-67.66654762205194
 10
72.1211991119848
 20
-67.47205333767492
 10
71.89280223997767
 20
-67.29679825381389
 10
71.65000000001923
 20
-67.14211616747892
 10
71.39464026376353
 20
-67.00918430274662
 10
71.12866647299394
 20
-66.89901435137408
 10
70.85410284885756
 20
-66.81244477321364
 10
70.57303898632013
 20
-66.75013441502729
 10
70.28761395108653
 20
-66.71255749626481
 10
70.00000000001927
 20
-66.69999999996757
 10
69.71238604895201
 20
-66.71255749626481
 10
69.42696101371841
 20
-66.75013441502729
 10
69.14589715118098
 20
-66.81244477321364
 10
68.8713335270446
 20
-66.89901435137406
 10
68.605359736275
 20
-67.00918430274662
 10
68.35000000001932
 20
-67.14211616747892
 10
68.10719776006087
 20
-67.29679825381389
 10
67.87880088805375
 20
-67.47205333767492
 10
67.66654762210372
 20
-67.66654762205194
 10
67.4720533377267
 20
-67.87880088800196
 10
67.29679825386567
 20
-68.10719776000909
 10
67.1421161675307
 20
-68.34999999996752
 10
67.0091843027984
 20
-68.60535973622322
 10
66.89901435142586
 20
-68.87133352699281
 10
66.81244477326543
 20
-69.14589715112919
 10
66.75013441507907
 20
-69.42696101366663
 10
66.71255749631659
 20
-69.71238604890023
 10
66.70000000001936
 20
-69.99999999996749
 10
66.71255749631659
 20
-70.28761395103474
 10
66.75013441507907
 20
-70.57303898626834
 10
66.81244477326543
 20
-70.85410284880578
 10
66.89901435142585
 20
-71.12866647294216
 10
67.0091843027984
 20
-71.39464026371175
 10
67.1421161675307
 20
-71.64999999996745
 10
67.29679825386567
 20
-71.89280223992589
 10
67.4720533377267
 20
-72.12119911193301
 10
67.66654762210372
 20
-72.33345237788303
 10
67.87880088805375
 20
-72.52794666226005
 10
68.10719776006087
 20
-72.70320174612108
 10
68.3500000000193
 20
-72.85788383245605
 10
68.60535973627499
 20
-72.99081569718835
 10
68.8713335270446
 20
-73.10098564856091
 10
69.14589715118098
 20
-73.18755522672133
 10
69.42696101371841
 20
-73.24986558490768
 10
69.712386048952
 20
-73.28744250367016
 10
70.00000000001927
 20
-73.2999999999674
 10
70.28761395108653
 20
-73.28744250367016
 10
70.57303898632013
 20
-73.24986558490768
 10
70.85410284885756
 20
-73.18755522672133
 10
71.12866647299394
 20
-73.1009856485609
 10
71.39464026376353
 20
-72.99081569718835
 10
71.65000000001922
 20
-72.85788383245605
 10
71.89280223997767
 20
-72.70320174612108
 10
72.1211991119848
 20
-72.52794666226005
 10
72.33345237793482
 20
-72.33345237788303
 10
72.52794666231183
 20
-72.12119911193301
 10
72.70320174617287
 20
-71.89280223992589
 10
72.85788383250784
 20
-71.64999999996743
 10
72.99081569724014
 20
-71.39464026371176
 10
73.10098564861269
 20
-71.12866647294216
 10
73.18755522677311
 20
-70.85410284880578
 10
73.24986558495947
 20
-70.57303898626834
 10
73.28744250372195
 20
-70.28761395103476
  0
LWPOLYLINE
  5
35
330
17
100
AcDbEntity
  8
REFERENCE_GEOMETRY
100
AcDbPolyline
 90
72
 70
1
 10
73.30000000003582
 20
69.99999999994763
 10
73.28744250373859
 20
70.28761395101492
 10
73.2498655849761
 20
70.57303898624853
 10
73.18755522678974
 20
70.854102848786
 10
73.10098564862932
 20
71.1286664729224
 10
72.99081569725675
 20
71.39464026369203
 10
72.85788383252445
 20
71.64999999994772
 10
72.70320174618946
 20
71.89280223990619
 10
72.52794666232842
 20
72.12119911191333
 10
72.33345237795137
 20
72.33345237786337
 10
72.12119911200134
 20
72.52794666224041
 10
71.8928022399942
 20
72.70320174610146
 10
71.65000000003573
 20
72.85788383243644
 10
71.39464026378003
 20
72.99081569716874
 10
71.12866647301041
 20
73.10098564854131
 10
70.854102848874
 20
73.18755522670173
 10
70.57303898633654
 20
73.2498655848881
 10
70.28761395110293
 20
73.28744250365058
 10
70.00000000003564
 20
73.29999999994781
 10
69.71238604896836
 20
73.28744250365058
 10
69.42696101373474
 20
73.2498655848881
 10
69.14589715119727
 20
73.18755522670173
 10
68.87133352706087
 20
73.10098564854131
 10
68.60535973629125
 20
72.99081569716874
 10
68.35000000003555
 20
72.85788383243644
 10
68.10719776007709
 20
72.70320174610146
 10
67.87880088806995
 20
72.52794666224041
 10
67.66654762211991
 20
72.33345237786337
 10
67.47205333774286
 20
72.12119911191333
 10
67.29679825388182
 20
71.89280223990619
 10
67.14211616754683
 20
71.64999999994772
 10
67.00918430281453
 20
71.39464026369203
 10
66.89901435144196
 20
71.1286664729224
 10
66.81244477328154
 20
70.854102848786
 10
66.75013441509518
 20
70.57303898624853
 10
66.71255749633269
 20
70.28761395101492
 10
66.70000000003546
 20
69.99999999994763
 10
66.71255749633269
 20
69.71238604888035
 10
66.75013441509518
 20
69.42696101364673
 10
66.81244477328153
 20
69.14589715110927
 10
66.89901435144196
 20
68.87133352697286
 10
67.00918430281453
 20
68.60535973620324
 10
67.14211616754683
 20
68.34999999994754
 10
67.29679825388182
 20
68.10719775998908
 10
67.47205333774286
 20
67.87880088798194
 10
67.66654762211991
 20
67.6665476220319
 10
67.87880088806995
 20
67.47205333765486
 10
68.10719776007709
 20
67.29679825379381
 10
68.35000000003555
 20
67.14211616745882
 10
68.60535973629125
 20
67.00918430272652
 10
68.87133352706087
 20
66.89901435135396
 10
69.14589715119727
 20
66.81244477319353
 10
69.42696101373474
 20
66.75013441500717
 10
69.71238604896836
 20
66.71255749624468
 10
70.00000000003564
 20
66.69999999994745
 10
70.28761395110293
 20
66.71255749624468
 10
70.57303898633654
 20
66.75013441500717
 10
70.854102848874
 20
66.81244477319353
 10
71.12866647301041
 20
66.89901435135396
 10
71.39464026378002
 20
67.00918430272652
 10
71.65000000003573
 20
67.14211616745882
 10
71.8928022399942
 20
67.29679825379381
 10
72.12119911200134
 20
67.47205333765486
 10
72.33345237795137
 20
67.6665476220319
 10
72.52794666232842
 20
67.87880088798194
 10
72.70320174618946
 20
68.10719775998908
 10
72.85788383252445
 20
68.34999999994754
 10
72.99081569725675
 20
68.60535973620324
 10
73.10098564862932
 20
68.87133352697286
 10
73.18755522678974
 20
69.14589715110927
 10
73.2498655849761
 20
69.42696101364673
 10
73.28744250373859
 20
69.71238604888035
  0
LWPOLYLINE
  5
36
330
17
100
AcDbEntity
  8
REFERENCE_GEOMETRY
100
AcDbPolyline
 90
72
 70
1
 10
72.25000000013092
 20
-94.15000000014003
 10
72.24143807083735
 20
-93.9538995789579
 10
72.2158174444084
 20
-93.75929160038964
 10
72.17333310928136
 20
-93.56765714865966
 10
72.11430839689929
 20
-93.38045467765768
 10
72.0391925209635
 20
-93.19910891122396
 10
71.94855715864607
 20
-93.02500000014064
 10
71.84309209978137
 20
-92.85945301835086
 10
71.72359999714891
 20
-92.70372787834609
 10
71.59099025780101
 20
-92.55900974247115
 10
71.44627212192607
 20
-92.42640000312325
 10
71.2905469819213
 20
-92.30690790049078
 10
71.12500000013152
 20
-92.20144284162609
 10
70.9508910890482
 20
-92.11080747930866
 10
70.76954532261448
 20
-92.03569160337287
 10
70.5823428516125
 20
-91.9766668909908
 10
70.39070839988251
 20
-91.93418255586376
 10
70.19610042131426
 20
-91.90856192943481
 10
70.00000000013213
 20
-91.90000000014123
 10
69.80389957895001
 20
-91.90856192943481
 10
69.60929160038175
 20
-91.93418255586376
 10
69.41765714865177
 20
-91.9766668909908
 10
69.23045467764979
 20
-92.03569160337287
 10
69.04910891121607
 20
-92.11080747930866
 10
68.87500000013274
 20
-92.20144284162609
 10
68.70945301834297
 20
-92.30690790049078
 10
68.5537278783382
 20
-92.42640000312325
 10
68.40900974246325
 20
-92.55900974247115
 10
68.27640000311536
 20
-92.70372787834609
 10
68.15690790048289
 20
-92.85945301835086
 10
68.0514428416182
 20
-93.02500000014064
 10
67.96080747930077
 20
-93.19910891122396
 10
67.88569160336498
 20
-93.38045467765768
 10
67.8266668909829
 20
-93.56765714865966
 10
67.78418255585586
 20
-93.75929160038964
 10
67.75856192942692
 20
-93.9538995789579
 10
67.75000000013334
 20
-94.15000000014003
 10
67.75856192942692
 20
-94.34610042132215
 10
67.78418255585586
 20
-94.5407083998904
 10
67.8266668909829
 20
-94.73234285162039
 10
67.88569160336498
 20
-94.91954532262237
 10
67.96080747930077
 20
-95.10089108905609
 10
68.0514428416182
 20
-95.27500000013941
 10
68.15690790048289
 20
-95.44054698192919
 10
68.27640000311536
 20
-95.59627212193396
 10
68.40900974246325
 20
-95.7409902578089
 10
68.5537278783382
 20
-95.8735999971568
 10
68.70945301834297
 20
-95.99309209978927
 10
68.87500000013274
 20
-96.09855715865396
 10
69.04910891121607
 20
-96.18919252097139
 10
69.23045467764979
 20
-96.26430839690718
 10
69.41765714865177
 20
-96.32333310928925
 10
69.60929160038175
 20
-96.3658174444163
 10
69.80389957895001
 20
-96.39143807084524
 10
70.00000000013213
 20
-96.40000000013882
 10
70.19610042131426
 20
-96.39143807084524
 10
70.39070839988251
 20
-96.3658174444163
 10
70.5823428516125
 20
-96.32333310928925
 10
70.76954532261448
 20
-96.26430839690718
 10
70.9508910890482
 20
-96.18919252097139
 10
71.12500000013152
 20
-96.09855715865396
 10
71.2905469819213
 20
-95.99309209978927
 10
71.44627212192607
 20
-95.8735999971568
 10
71.59099025780101
 20
-95.7409902578089
 10
71.72359999714891
 20
-95.59627212193396
 10
71.84309209978137
 20
-95.44054698192919
 10
71.94855715864607
 20
-95.27500000013941
 10
72.0391925209635
 20
-95.10089108905609
 10
72.11430839689929
 20
-94.91954532262237
 10
72.17333310928136
 20
-94.73234285162039
 10
72.2158174444084
 20
-94.5407083998904
 10
72.24143807083735
 20
-94.34610042132215
  0
LWPOLYLINE
  5
37
330
17
100
AcDbEntity
  8
REFERENCE_GEOMETRY
100
AcDbPolyline
 90
72
 70
1
 10
72.2500000000044
 20
94.14999999991858
 10
72.24143807071084
 20
94.34610042110084
 10
72.21581744428187
 20
94.54070839966924
 10
72.1733331091548
 20
94.73234285139935
 10
72.11430839677269
 20
94.91954532240148
 10
72.03919252083683
 20
95.10089108883533
 10
71.94855715851935
 20
95.27499999991878
 10
71.84309209965457
 20
95.44054698170866
 10
71.72359999702202
 20
95.59627212171355
 10
71.59099025767402
 20
95.74099025758859
 10
71.44627212179898
 20
95.87359999693659
 10
71.2905469817941
 20
95.99309209956914
 10
71.1250000000042
 20
96.09855715843392
 10
70.95089108892076
 20
96.1891925207514
 10
70.7695453224869
 20
96.26430839668726
 10
70.58234285148478
 20
96.32333310906937
 10
70.39070839975467
 20
96.36581744419644
 10
70.19610042118627
 20
96.39143807062541
 10
70.00000000000401
 20
96.39999999991898
 10
69.80389957882174
 20
96.39143807062541
 10
69.60929160025334
 20
96.36581744419644
 10
69.41765714852323
 20
96.32333310906937
 10
69.23045467752111
 20
96.26430839668726
 10
69.04910891108726
 20
96.1891925207514
 10
68.87500000000381
 20
96.09855715843392
 10
68.70945301821392
 20
95.99309209956914
 10
68.55372787820903
 20
95.87359999693659
 10
68.40900974233399
 20
95.74099025758859
 10
68.276400002986
 20
95.59627212171355
 10
68.15690790035345
 20
95.44054698170866
 10
68.05144284148867
 20
95.27499999991878
 10
67.96080747917118
 20
95.10089108883533
 10
67.88569160323533
 20
94.91954532240148
 10
67.82666689085322
 20
94.73234285139935
 10
67.78418255572615
 20
94.54070839966924
 10
67.75856192929717
 20
94.34610042110084
 10
67.75000000000361
 20
94.14999999991858
 10
67.75856192929717
 20
93.95389957873631
 10
67.78418255572615
 20
93.75929160016791
 10
67.82666689085322
 20
93.5676571484378
 10
67.88569160323533
 20
93.38045467743568
 10
67.96080747917118
 20
93.19910891100183
 10
68.05144284148867
 20
93.02499999991838
 10
68.15690790035345
 20
92.85945301812849
 10
68.276400002986
 20
92.7037278781236
 10
68.40900974233399
 20
92.55900974224856
 10
68.55372787820903
 20
92.42640000290056
 10
68.70945301821392
 20
92.30690790026802
 10
68.87500000000381
 20
92.20144284140324
 10
69.04910891108726
 20
92.11080747908575
 10
69.23045467752111
 20
92.0356916031499
 10
69.41765714852323
 20
91.97666689076779
 10
69.60929160025334
 20
91.93418255564072
 10
69.80389957882174
 20
91.90856192921174
 10
70.00000000000401
 20
91.89999999991818
 10
70.19610042118627
 20
91.90856192921174
 10
70.39070839975467
 20
91.93418255564072
 10
70.58234285148478
 20
91.97666689076779
 10
70.7695453224869
 20
92.0356916031499
 10
70.95089108892076
 20
92.11080747908575
 10
71.1250000000042
 20
92.20144284140324
 10
71.2905469817941
 20
92.30690790026802
 10
71.44627212179898
 20
92.42640000290056
 10
71.59099025767402
 20
92.55900974224856
 10
71.72359999702202
 20
92.7037278781236
 10
71.84309209965457
 20
92.85945301812849
 10
71.94855715851935
 20
93.02499999991838
 10
72.03919252083683
 20
93.19910891100183
 10
72.11430839677269
 20
93.38045467743568
 10
72.1733331091548
 20
93.5676571484378
 10
72.21581744428187
 20
93.75929160016791
 10
72.24143807071084
 20
93.95389957873631
  0
LWPOLYLINE
  5
38
330
17
100
AcDbEntity
  8
REFERENCE_GEOMETRY
100
AcDbPolyline
 90
72
 70
1
 10
63.7424707819603
 20
-23.917714522817846
 10
63.71963897051077
 20
-23.394780066331908
 10
63.65131730003355
 20
-22.875825456816283
 10
63.53802573969472
 20
-22.364800252202752
 10
63.38062650667576
 20
-21.865593662863873
 10
63.18031750418021
 20
-21.3820049523737
 10
62.938623204666946
 20
-20.917714522817903
 10
62.65738304769427
 20
-20.476255904711635
 10
62.338737440674194
 20
-20.060988864698682
 10
61.98511146907962
 20
-19.67507383569864
 10
61.599196440079574
 20
-19.321447864104066
 10
61.183929400066624
 20
-19.00280225708399
 10
60.74247078196036
 20
-18.721562100111313
 10
60.27818035240456
 20
-18.47986780059805
 10
59.79459164191439
 20
-18.279558798102503
 10
59.29538505257551
 20
-18.122159565083546
 10
58.78435984796198
 20
-18.00886800474471
 10
58.265405238446355
 20
-17.940546334267488
 10
57.742470781960414
 20
-17.91771452281796
 10
57.21953632547448
 20
-17.940546334267488
 10
56.700581715958855
 20
-18.00886800474471
 10
56.189556511345316
 20
-18.122159565083546
 10
55.69034992200644
 20
-18.279558798102503
 10
55.206761211516266
 20
-18.47986780059805
 10
54.74247078196047
 20
-18.721562100111313
 10
54.3010121638542
 20
-19.00280225708399
 10
53.885745123841254
 20
-19.321447864104066
 10
53.49983009484121
 20
-19.67507383569864
 10
53.14620412324663
 20
-20.060988864698682
 10
52.82755851622655
 20
-20.476255904711635
 10
52.54631835925388
 20
-20.917714522817903
 10
52.30462405974062
 20
-21.3820049523737
 10
52.104315057245074
 20
-21.865593662863873
 10
51.94691582422611
 20
-22.364800252202752
 10
51.83362426388728
 20
-22.875825456816283
 10
51.765302593410055
 20
-23.394780066331908
 10
51.74247078196053
 20
-23.917714522817846
 10
51.765302593410055
 20
-24.440648979303784
 10
51.83362426388727
 20
-24.959603588819405
 10
51.94691582422611
 20
-25.47062879343294
 10
52.10431505724507
 20
-25.96983538277182
 10
52.30462405974062
 20
-26.45342409326199
 10
52.54631835925388
 20
-26.91771452281779
 10
52.82755851622655
 20
-27.359173140924057
 10
53.14620412324663
 20
-27.774440180937006
 10
53.49983009484121
 20
-28.16035520993705
 10
53.88574512384125
 20
-28.513981181531626
 10
54.3010121638542
 20
-28.832626788551707
 10
54.74247078196047
 20
-29.11386694552438
 10
55.20676121151626
 20
-29.35556124503764
 10
55.69034992200644
 20
-29.55587024753319
 10
56.189556511345316
 20
-29.713269480552146
 10
56.700581715958855
 20
-29.826561040890983
 10
57.21953632547447
 20
-29.894882711368204
 10
57.742470781960414
 20
-29.917714522817732
 10
58.26540523844635
 20
-29.894882711368204
 10
58.78435984796197
 20
-29.826561040890983
 10
59.295385052575504
 20
-29.713269480552146
 10
59.79459164191439
 20
-29.55587024753319
 10
60.27818035240456
 20
-29.355561245037645
 10
60.74247078196035
 20
-29.113866945524382
 10
61.183929400066624
 20
-28.832626788551703
 10
61.599196440079574
 20
-28.513981181531626
 10
61.98511146907962
 20
-28.16035520993705
 10
62.338737440674194
 20
-27.77444018093701
 10
62.65738304769427
 20
-27.35917314092406
 10
62.938623204666946
 20
-26.91771452281779
 10
63.18031750418021
 20
-26.453424093261997
 10
63.38062650667576
 20
-25.96983538277182
 10
63.53802573969472
 20
-25.47062879343294
 10
63.65131730003355
 20
-24.95960358881941
 10
63.71963897051077
 20
-24.440648979303788
  0
LWPOLYLINE
  5
39
330
17
100
AcDbEntity
  8
REFERENCE_GEOMETRY
100
AcDbPolyline
 90
72
 70
1
 10
63.742470781958396
 20
23.91771452281612
 10
63.719638970508875
 20
24.44064897930206
 10
63.65131730003165
 20
24.95960358881769
 10
63.53802573969281
 20
25.470628793431224
 10
63.380626506673856
 20
25.969835382770107
 10
63.180317504178305
 20
26.453424093260285
 10
62.93862320466504
 20
26.91771452281608
 10
62.65738304769236
 20
27.35917314092235
 10
62.33873744067228
 20
27.774440180935308
 10
61.98511146907771
 20
28.160355209935354
 10
61.59919644007766
 20
28.513981181529928
 10
61.183929400064706
 20
28.83262678855001
 10
60.74247078195844
 20
29.113866945522688
 10
60.278180352402636
 20
29.35556124503595
 10
59.79459164191246
 20
29.555870247531498
 10
59.29538505257358
 20
29.713269480550455
 10
58.78435984796004
 20
29.826561040889295
 10
58.265405238444416
 20
29.894882711366517
 10
57.742470781958474
 20
29.917714522816045
 10
57.21953632547253
 20
29.894882711366517
 10
56.70058171595691
 20
29.826561040889295
 10
56.18955651134337
 20
29.71326948055046
 10
55.690349922004486
 20
29.555870247531498
 10
55.20676121151431
 20
29.35556124503595
 10
54.74247078195852
 20
29.113866945522688
 10
54.30101216385224
 20
28.83262678855001
 10
53.885745123839285
 20
28.513981181529928
 10
53.49983009483924
 20
28.160355209935354
 10
53.146204123244665
 20
27.774440180935308
 10
52.827558516224585
 20
27.35917314092235
 10
52.546318359251906
 20
26.917714522816084
 10
52.30462405973864
 20
26.453424093260285
 10
52.1043150572431
 20
25.969835382770107
 10
51.946915824224135
 20
25.470628793431224
 10
51.8336242638853
 20
24.95960358881769
 10
51.76530259340807
 20
24.44064897930206
 10
51.74247078195855
 20
23.91771452281612
 10
51.76530259340807
 20
23.394780066330178
 10
51.8336242638853
 20
22.875825456814553
 10
51.946915824224135
 20
22.364800252201018
 10
52.10431505724309
 20
21.865593662862132
 10
52.30462405973864
 20
21.382004952371958
 10
52.546318359251906
 20
20.917714522816155
 10
52.827558516224585
 20
20.476255904709888
 10
53.14620412324466
 20
20.060988864696935
 10
53.49983009483924
 20
19.67507383569689
 10
53.885745123839285
 20
19.32144786410231
 10
54.30101216385224
 20
19.00280225708223
 10
54.74247078195851
 20
18.721562100109555
 10
55.206761211514305
 20
18.47986780059629
 10
55.690349922004486
 20
18.27955879810074
 10
56.18955651134337
 20
18.12215956508178
 10
56.70058171595691
 20
18.008868004742943
 10
57.21953632547253
 20
17.940546334265722
 10
57.742470781958474
 20
17.917714522816194
 10
58.265405238444416
 20
17.940546334265722
 10
58.78435984796004
 20
18.008868004742943
 10
59.29538505257358
 20
18.12215956508178
 10
59.79459164191246
 20
18.27955879810074
 10
60.278180352402636
 20
18.47986780059629
 10
60.74247078195843
 20
18.72156210010955
 10
61.183929400064706
 20
19.00280225708223
 10
61.59919644007766
 20
19.32144786410231
 10
61.98511146907771
 20
19.675073835696885
 10
62.33873744067228
 20
20.06098886469693
 10
62.65738304769236
 20
20.476255904709884
 10
62.93862320466504
 20
20.91771452281616
 10
63.180317504178305
 20
21.38200495237195
 10
63.380626506673856
 20
21.865593662862132
 10
63.53802573969281
 20
22.364800252201015
 10
63.65131730003165
 20
22.87582545681455
 10
63.719638970508875
 20
23.394780066330178
  0
LWPOLYLINE
  5
3A
330
17
100
AcDbEntity
  8
REFERENCE_GEOMETRY
100
AcDbPolyline
 90
72
 70
1
 10
29.917714522822834
 20
-57.742470781964485
 10
29.894882711373306
 20
-57.21953632547855
 10
29.826561040896085
 20
-56.70058171596293
 10
29.71326948055725
 20
-56.18955651134941
 10
29.555870247538294
 20
-55.69034992201054
 10
29.35556124504275
 20
-55.206761211520366
 10
29.11386694552949
 20
-54.74247078196458
 10
28.83262678855682
 20
-54.30101216385832
 10
28.513981181536746
 20
-53.88574512384537
 10
28.160355209942175
 20
-53.499830094845336
 10
27.774440180942136
 20
-53.14620412325076
 10
27.35917314092919
 20
-52.82755851623069
 10
26.917714522822926
 20
-52.54631835925802
 10
26.453424093267138
 20
-52.304624059744754
 10
25.96983538277697
 20
-52.10431505724921
 10
25.4706287934381
 20
-51.94691582423026
 10
24.95960358882457
 20
-51.83362426389142
 10
24.440648979308953
 20
-51.7653025934142
 10
23.917714522823022
 20
-51.74247078196468
 10
23.39478006633709
 20
-51.7653025934142
 10
22.875825456821474
 20
-51.83362426389142
 10
22.364800252207946
 20
-51.94691582423026
 10
21.865593662869077
 20
-52.10431505724921
 10
21.382004952378907
 20
-52.304624059744754
 10
20.91771452282312
 20
-52.54631835925802
 10
20.476255904716854
 20
-52.82755851623069
 10
20.06098886470391
 20
-53.14620412325076
 10
19.67507383570387
 20
-53.499830094845336
 10
19.3214478641093
 20
-53.88574512384537
 10
19.002802257089225
 20
-54.30101216385832
 10
18.721562100116557
 20
-54.74247078196458
 10
18.479867800603294
 20
-55.206761211520366
 10
18.27955879810775
 20
-55.69034992201054
 10
18.122159565088793
 20
-56.18955651134941
 10
18.00886800474996
 20
-56.70058171596293
 10
17.94054633427274
 20
-57.21953632547855
 10
17.91771452282321
 20
-57.742470781964485
 10
17.94054633427274
 20
-58.26540523845042
 10
18.00886800474996
 20
-58.78435984796603
 10
18.122159565088793
 20
-59.29538505257956
 10
18.27955879810775
 20
-59.79459164191843
 10
18.479867800603294
 20
-60.2781803524086
 10
18.721562100116554
 20
-60.74247078196439
 10
19.002802257089225
 20
-61.18392940007065
 10
19.321447864109295
 20
-61.599196440083595
 10
19.67507383570387
 20
-61.985111469083634
 10
20.06098886470391
 20
-62.33873744067821
 10
20.476255904716858
 20
-62.65738304769828
 10
20.917714522823115
 20
-62.938623204670954
 10
21.382004952378903
 20
-63.18031750418421
 10
21.865593662869074
 20
-63.38062650667976
 10
22.36480025220795
 20
-63.53802573969871
 10
22.875825456821474
 20
-63.65131730003755
 10
23.394780066337088
 20
-63.71963897051477
 10
23.917714522823022
 20
-63.74247078196429
 10
24.440648979308953
 20
-63.71963897051477
 10
24.95960358882457
 20
-63.65131730003755
 10
25.470628793438095
 20
-63.53802573969871
 10
25.96983538277697
 20
-63.38062650667976
 10
26.453424093267135
 20
-63.18031750418422
 10
26.917714522822923
 20
-62.938623204670954
 10
27.35917314092919
 20
-62.65738304769828
 10
27.774440180942136
 20
-62.33873744067821
 10
28.160355209942175
 20
-61.985111469083634
 10
28.513981181536742
 20
-61.5991964400836
 10
28.832626788556816
 20
-61.18392940007065
 10
29.11386694552949
 20
-60.742470781964386
 10
29.35556124504275
 20
-60.278180352408604
 10
29.555870247538294
 20
-59.79459164191843
 10
29.71326948055725
 20
-59.29538505257956
 10
29.826561040896085
 20
-58.78435984796604
 10
29.894882711373306
 20
-58.26540523845042
  0
LWPOLYLINE
  5
3B
330
17
100
AcDbEntity
  8
REFERENCE_GEOMETRY
100
AcDbPolyline
 90
72
 70
1
 10
29.917714522819747
 20
57.74247078194724
 10
29.89488271137022
 20
58.26540523843319
 10
29.826561040892994
 20
58.78435984794883
 10
29.713269480554153
 20
59.295385052562374
 10
29.555870247535193
 20
59.79459164190126
 10
29.35556124503964
 20
60.27818035239145
 10
29.11386694552637
 20
60.74247078194726
 10
28.83262678855369
 20
61.183929400053536
 10
28.513981181533605
 20
61.5991964400665
 10
28.16035520993902
 20
61.98511146906655
 10
27.774440180938967
 20
62.338737440661134
 10
27.359173140926007
 20
62.65738304768122
 10
26.91771452281973
 20
62.93862320465391
 10
26.45342409326392
 20
63.18031750416718
 10
25.969835382773734
 20
63.38062650666273
 10
25.470628793434845
 20
63.538025739681686
 10
24.959603588821295
 20
63.65131730002052
 10
24.44064897930566
 20
63.719638970497755
 10
23.917714522819708
 20
63.742470781947276
 10
23.394780066333755
 20
63.719638970497755
 10
22.87582545681812
 20
63.65131730002052
 10
22.364800252204574
 20
63.538025739681686
 10
21.865593662865685
 20
63.38062650666273
 10
21.382004952375496
 20
63.18031750416718
 10
20.91771452281969
 20
62.93862320465391
 10
20.47625590471341
 20
62.65738304768122
 10
20.060988864700448
 20
62.338737440661134
 10
19.675073835700395
 20
61.98511146906655
 10
19.32144786410581
 20
61.5991964400665
 10
19.002802257085726
 20
61.183929400053536
 10
18.721562100113044
 20
60.74247078194726
 10
18.479867800599774
 20
60.27818035239145
 10
18.279558798104222
 20
59.79459164190126
 10
18.122159565085262
 20
59.295385052562374
 10
18.00886800474642
 20
58.78435984794883
 10
17.940546334269197
 20
58.265405238433196
 10
17.91771452281967
 20
57.74247078194724
 10
17.940546334269197
 20
57.21953632546129
 10
18.00886800474642
 20
56.70058171594565
 10
18.122159565085262
 20
56.18955651133211
 10
18.279558798104222
 20
55.69034992199322
 10
18.47986780059977
 20
55.20676121150303
 10
18.721562100113044
 20
54.74247078194722
 10
19.002802257085726
 20
54.301012163840944
 10
19.321447864105807
 20
53.88574512382798
 10
19.675073835700395
 20
53.49983009482793
 10
20.060988864700448
 20
53.146204123233346
 10
20.476255904713412
 20
52.82755851621326
 10
20.917714522819686
 20
52.54631835924057
 10
21.382004952375492
 20
52.30462405972731
 10
21.865593662865685
 20
52.10431505723175
 10
22.364800252204574
 20
51.946915824212795
 10
22.87582545681812
 20
51.83362426387396
 10
23.394780066333755
 20
51.765302593396726
 10
23.917714522819708
 20
51.742470781947205
 10
24.440648979305656
 20
51.765302593396726
 10
24.959603588821295
 20
51.83362426387396
 10
25.47062879343484
 20
51.946915824212795
 10
25.969835382773734
 20
52.10431505723175
 10
26.453424093263916
 20
52.3046240597273
 10
26.917714522819722
 20
52.54631835924057
 10
27.359173140926007
 20
52.82755851621326
 10
27.774440180938967
 20
53.146204123233346
 10
28.16035520993902
 20
53.49983009482793
 10
28.5139811815336
 20
53.88574512382798
 10
28.83262678855369
 20
54.30101216384094
 10
29.113866945526375
 20
54.742470781947226
 10
29.35556124503964
 20
55.20676121150302
 10
29.555870247535193
 20
55.69034992199322
 10
29.713269480554153
 20
56.18955651133211
 10
29.826561040892994
 20
56.70058171594565
 10
29.89488271137022
 20
57.219536325461284
  0
LWPOLYLINE
  5
3C
330
17
100
AcDbEntity
  8
REFERENCE_GEOMETRY
100
AcDbPolyline
 90
72
 70
1
 10
22.000000000000004
 20
2.6500508249108713e-15
 10
21.916283358018404
 20
1.9174263404484824
 10
21.66577056626858
 20
3.82025990867247
 10
21.250368178359505
 20
5.694018992255459
 10
20.673237657289988
 20
7.5244431531647145
 10
19.938771314806303
 20
9.29760175829539
 10
19.052558883257657
 20
11.0
 10
18.021344974357824
 20
12.618681599723015
 10
16.85297774861752
 20
14.141327413103864
 10
15.55634918610405
 20
15.556349186104049
 10
14.14132741310387
 20
16.85297774861752
 10
12.618681599723018
 20
18.02134497435782
 10
11.000000000000005
 20
19.052558883257653
 10
9.297601758295391
 20
19.938771314806303
 10
7.524443153164718
 20
20.673237657289988
 10
5.694018992255465
 20
21.250368178359505
 10
3.8202599086724724
 20
21.66577056626858
 10
1.9174263404484826
 20
21.916283358018404
 10
4.915328757973329e-15
 20
22.000000000000004
 10
-1.9174263404484728
 20
21.916283358018404
 10
-3.820259908672463
 20
21.66577056626858
 10
-5.694018992255455
 20
21.250368178359505
 10
-7.524443153164703
 20
20.673237657289988
 10
-9.297601758295382
 20
19.938771314806306
 10
-10.999999999999991
 20
19.052558883257657
 10
-12.618681599723011
 20
18.02134497435782
 10
-14.141327413103863
 20
16.85297774861752
 10
-15.55634918610404
 20
15.556349186104049
 10
-16.85297774861751
 20
14.14132741310387
 10
-18.02134497435782
 20
12.618681599723013
 10
-19.052558883257642
 20
11.000000000000009
 10
-19.938771314806296
 20
9.297601758295391
 10
-20.67323765728998
 20
7.524443153164718
 10
-21.250368178359498
 20
5.694018992255455
 10
-21.665770566268574
 20
3.820259908672469
 10
-21.916283358018397
 20
1.917426340448483
 10
-21.999999999999996
 20
5.344273783035049e-15
 10
-21.916283358018397
 20
-1.9174263404484722
 10
-21.665770566268574
 20
-3.820259908672458
 10
-21.2503681783595
 20
-5.694018992255445
 10
-20.67323765728998
 20
-7.524443153164708
 10
-19.938771314806303
 20
-9.297601758295373
 10
-19.052558883257646
 20
-11.0
 10
-18.02134497435782
 20
-12.618681599723006
 10
-16.85297774861752
 20
-14.141327413103854
 10
-15.556349186104045
 20
-15.556349186104041
 10
-14.141327413103864
 20
-16.85297774861751
 10
-12.618681599723
 20
-18.021344974357824
 10
-11.000000000000007
 20
-19.052558883257642
 10
-9.297601758295395
 20
-19.93877131480629
 10
-7.524443153164705
 20
-20.67323765728998
 10
-5.69401899225545
 20
-21.250368178359498
 10
-3.8202599086724636
 20
-21.665770566268574
 10
-1.917426340448478
 20
-21.916283358018397
 10
-4.731171582750253e-16
 20
-21.999999999999996
 10
1.917426340448477
 20
-21.916283358018397
 10
3.8202599086724627
 20
-21.665770566268574
 10
5.69401899225545
 20
-21.2503681783595
 10
7.524443153164722
 20
-20.67323765728998
 10
9.297601758295379
 20
-19.938771314806303
 10
10.99999999999999
 20
-19.052558883257657
 10
12.618681599723017
 20
-18.021344974357817
 10
14.141327413103866
 20
-16.852977748617516
 10
15.556349186104045
 20
-15.556349186104047
 10
16.852977748617516
 20
-14.14132741310387
 10
18.021344974357817
 20
-12.61868159972302
 10
19.052558883257657
 20
-10.999999999999991
 10
19.938771314806296
 20
-9.297601758295398
 10
20.673237657289988
 20
-7.5244431531647065
 10
21.250368178359505
 20
-5.694018992255453
 10
21.66577056626858
 20
-3.820259908672466
 10
21.916283358018404
 20
-1.9174263404484804
  0
LWPOLYLINE
  5
3D
330
17
100
AcDbEntity
  8
REFERENCE_GEOMETRY
100
AcDbPolyline
 90
72
 70
1
 10
-17.91771452281911
 20
-57.74247078196262
 10
-17.94054633426864
 20
-57.21953632547668
 10
-18.00886800474586
 20
-56.700581715961064
 10
-18.122159565084697
 20
-56.189556511347526
 10
-18.279558798103654
 20
-55.69034992200865
 10
-18.4798678005992
 20
-55.206761211518476
 10
-18.721562100112465
 20
-54.74247078196268
 10
-19.00280225708514
 20
-54.30101216385641
 10
-19.321447864105217
 20
-53.88574512384346
 10
-19.67507383569979
 20
-53.49983009484342
 10
-20.060988864699834
 20
-53.14620412324884
 10
-20.476255904712787
 20
-52.82755851622876
 10
-20.917714522819054
 20
-52.54631835925609
 10
-21.38200495237485
 20
-52.30462405974283
 10
-21.865593662865024
 20
-52.10431505724728
 10
-22.3648002522039
 20
-51.94691582422833
 10
-22.875825456817434
 20
-51.83362426388949
 10
-23.39478006633306
 20
-51.765302593412265
 10
-23.917714522818997
 20
-51.74247078196274
 10
-24.440648979304935
 20
-51.765302593412265
 10
-24.95960358882056
 20
-51.83362426388949
 10
-25.47062879343409
 20
-51.94691582422833
 10
-25.96983538277297
 20
-52.10431505724728
 10
-26.453424093263145
 20
-52.30462405974283
 10
-26.91771452281894
 20
-52.54631835925609
 10
-27.359173140925208
 20
-52.82755851622876
 10
-27.77444018093816
 20
-53.14620412324884
 10
-28.160355209938203
 20
-53.49983009484342
 10
-28.513981181532777
 20
-53.88574512384346
 10
-28.832626788552854
 20
-54.30101216385641
 10
-29.11386694552553
 20
-54.74247078196268
 10
-29.355561245038793
 20
-55.206761211518476
 10
-29.55587024753434
 20
-55.69034992200865
 10
-29.713269480553297
 20
-56.18955651134753
 10
-29.826561040892134
 20
-56.700581715961064
 10
-29.894882711369355
 20
-57.21953632547668
 10
-29.917714522818883
 20
-57.74247078196262
 10
-29.894882711369355
 20
-58.26540523844856
 10
-29.826561040892134
 20
-58.78435984796418
 10
-29.713269480553297
 20
-59.295385052577714
 10
-29.55587024753434
 20
-59.7945916419166
 10
-29.355561245038796
 20
-60.27818035240677
 10
-29.11386694552553
 20
-60.74247078196257
 10
-28.832626788552858
 20
-61.183929400068834
 10
-28.51398118153278
 20
-61.59919644008178
 10
-28.160355209938203
 20
-61.98511146908183
 10
-27.77444018093816
 20
-62.338737440676404
 10
-27.359173140925204
 20
-62.657383047696484
 10
-26.917714522818944
 20
-62.938623204669156
 10
-26.45342409326315
 20
-63.18031750418242
 10
-25.96983538277297
 20
-63.38062650667797
 10
-25.47062879343409
 20
-63.53802573969692
 10
-24.95960358882056
 20
-63.65131730003576
 10
-24.440648979304935
 20
-63.71963897051298
 10
-23.917714522818997
 20
-63.74247078196251
 10
-23.39478006633306
 20
-63.71963897051298
 10
-22.875825456817438
 20
-63.65131730003576
 10
-22.364800252203906
 20
-63.53802573969693
 10
-21.865593662865024
 20
-63.38062650667797
 10
-21.382004952374853
 20
-63.18031750418242
 10
-20.917714522819058
 20
-62.938623204669156
 10
-20.476255904712787
 20
-62.657383047696484
 10
-20.060988864699834
 20
-62.338737440676404
 10
-19.67507383569979
 20
-61.98511146908183
 10
-19.321447864105217
 20
-61.59919644008179
 10
-19.00280225708514
 20
-61.183929400068834
 10
-18.721562100112465
 20
-60.74247078196257
 10
-18.4798678005992
 20
-60.27818035240678
 10
-18.279558798103654
 20
-59.7945916419166
 10
-18.122159565084697
 20
-59.29538505257772
 10
-18.00886800474586
 20
-58.78435984796418
 10
-17.94054633426864
 20
-58.265405238448565
  0
LWPOLYLINE
  5
3E
330
17
100
AcDbEntity
  8
REFERENCE_GEOMETRY
100
AcDbPolyline
 90
72
 70
1
 10
-17.917714522818994
 20
57.74247078194689
 10
-17.940546334268518
 20
58.26540523843285
 10
-18.008868004745747
 20
58.78435984794849
 10
-18.122159565084587
 20
59.29538505256204
 10
-18.279558798103547
 20
59.79459164190093
 10
-18.479867800599102
 20
60.27818035239112
 10
-18.721562100112372
 20
60.74247078194693
 10
-19.002802257085055
 20
61.18392940005321
 10
-19.321447864105142
 20
61.59919644006617
 10
-19.675073835699727
 20
61.98511146906623
 10
-20.060988864699784
 20
62.33873744066082
 10
-20.476255904712747
 20
62.6573830476809
 10
-20.91771452281903
 20
62.93862320465359
 10
-21.38200495237484
 20
63.18031750416686
 10
-21.86559366286503
 20
63.38062650666241
 10
-22.364800252203924
 20
63.53802573968137
 10
-22.875825456817473
 20
63.65131730002022
 10
-23.394780066333112
 20
63.71963897049744
 10
-23.917714522819068
 20
63.74247078194697
 10
-24.440648979305024
 20
63.71963897049744
 10
-24.959603588820663
 20
63.65131730002022
 10
-25.470628793434212
 20
63.53802573968137
 10
-25.969835382773105
 20
63.380626506662416
 10
-26.453424093263298
 20
63.18031750416686
 10
-26.917714522819104
 20
62.93862320465359
 10
-27.35917314092539
 20
62.6573830476809
 10
-27.774440180938353
 20
62.33873744066082
 10
-28.160355209938405
 20
61.98511146906623
 10
-28.513981181532994
 20
61.59919644006618
 10
-28.832626788553082
 20
61.18392940005321
 10
-29.113866945525764
 20
60.742470781946935
 10
-29.355561245039034
 20
60.27818035239112
 10
-29.55587024753459
 20
59.79459164190093
 10
-29.71326948055355
 20
59.29538505256203
 10
-29.82656104089239
 20
58.78435984794849
 10
-29.89488271136962
 20
58.26540523843285
 10
-29.917714522819143
 20
57.74247078194689
 10
-29.89488271136962
 20
57.219536325460936
 10
-29.826561040892393
 20
56.7005817159453
 10
-29.713269480553553
 20
56.18955651133175
 10
-29.55587024753459
 20
55.690349921992855
 10
-29.355561245039038
 20
55.206761211502666
 10
-29.113866945525764
 20
54.74247078194686
 10
-28.832626788553082
 20
54.301012163840575
 10
-28.513981181532998
 20
53.88574512382761
 10
-28.16035520993841
 20
53.49983009482755
 10
-27.774440180938353
 20
53.14620412323297
 10
-27.359173140925385
 20
52.827558516212875
 10
-26.917714522819107
 20
52.546318359240196
 10
-26.4534240932633
 20
52.304624059726926
 10
-25.969835382773105
 20
52.10431505723137
 10
-25.470628793434212
 20
51.94691582421241
 10
-24.959603588820663
 20
51.83362426387357
 10
-24.440648979305024
 20
51.76530259339634
 10
-23.917714522819068
 20
51.742470781946814
 10
-23.394780066333116
 20
51.76530259339634
 10
-22.875825456817473
 20
51.83362426387357
 10
-22.364800252203928
 20
51.94691582421241
 10
-21.865593662865027
 20
52.104315057231375
 10
-21.382004952374842
 20
52.30462405972692
 10
-20.917714522819033
 20
52.54631835924019
 10
-20.476255904712747
 20
52.82755851621288
 10
-20.060988864699784
 20
53.14620412323296
 10
-19.67507383569973
 20
53.49983009482755
 10
-19.321447864105146
 20
53.885745123827604
 10
-19.002802257085058
 20
54.30101216384057
 10
-18.72156210011237
 20
54.74247078194686
 10
-18.479867800599102
 20
55.20676121150266
 10
-18.279558798103547
 20
55.690349921992855
 10
-18.122159565084587
 20
56.18955651133175
 10
-18.008868004745747
 20
56.7005817159453
 10
-17.940546334268518
 20
57.219536325460936
  0
LWPOLYLINE
  5
3F
330
17
100
AcDbEntity
  8
REFERENCE_GEOMETRY
100
AcDbPolyline
 90
72
 70
1
 10
-51.74247078195155
 20
23.917714522814155
 10
-51.76530259340108
 20
24.44064897930012
 10
-51.83362426387831
 20
24.95960358881577
 10
-51.94691582421715
 20
25.470628793429327
 10
-52.104315057236114
 20
25.96983538276823
 10
-52.30462405973167
 20
26.45342409325843
 10
-52.54631835924495
 20
26.91771452281425
 10
-52.827558516217636
 20
27.35917314092054
 10
-53.14620412323773
 20
27.77444018093351
 10
-53.499830094832326
 20
28.160355209933574
 10
-53.885745123832386
 20
28.513981181528166
 10
-54.30101216384536
 20
28.83262678854826
 10
-54.74247078195165
 20
29.11386694552095
 10
-55.20676121150747
 20
29.355561245034224
 10
-55.690349921997665
 20
29.555870247529782
 10
-56.18955651133657
 20
29.713269480548746
 10
-56.70058171595013
 20
29.82656104088759
 10
-57.21953632546578
 20
29.894882711364815
 10
-57.742470781951745
 20
29.917714522814343
 10
-58.26540523843771
 20
29.894882711364815
 10
-58.78435984795336
 20
29.82656104088759
 10
-59.29538505256692
 20
29.713269480548746
 10
-59.79459164190582
 20
29.555870247529782
 10
-60.27818035239602
 20
29.355561245034227
 10
-60.74247078195184
 20
29.11386694552095
 10
-61.18392940005813
 20
28.83262678854826
 10
-61.599196440071104
 20
28.513981181528166
 10
-61.985111469071164
 20
28.160355209933574
 10
-62.33873744066576
 20
27.774440180933514
 10
-62.657383047685855
 20
27.35917314092054
 10
-62.93862320465854
 20
26.91771452281425
 10
-63.18031750417182
 20
26.45342409325843
 10
-63.38062650666737
 20
25.96983538276823
 10
-63.53802573968634
 20
25.470628793429327
 10
-63.65131730002518
 20
24.95960358881577
 10
-63.71963897050241
 20
24.44064897930012
 10
-63.74247078195194
 20
23.917714522814155
 10
-63.71963897050241
 20
23.39478006632819
 10
-63.651317300025184
 20
22.875825456812542
 10
-63.53802573968634
 20
22.364800252198982
 10
-63.380626506667376
 20
21.86559366286008
 10
-63.18031750417182
 20
21.382004952369883
 10
-62.93862320465854
 20
20.91771452281406
 10
-62.657383047685855
 20
20.47625590470777
 10
-62.33873744066576
 20
20.0609888646948
 10
-61.985111469071164
 20
19.675073835694736
 10
-61.599196440071104
 20
19.321447864100143
 10
-61.183929400058126
 20
19.00280225708005
 10
-60.742470781951845
 20
18.72156210010736
 10
-60.27818035239603
 20
18.479867800594086
 10
-59.79459164190582
 20
18.279558798098527
 10
-59.29538505256692
 20
18.122159565079563
 10
-58.78435984795336
 20
18.00886800474072
 10
-58.26540523843771
 20
17.940546334263495
 10
-57.742470781951745
 20
17.917714522813966
 10
-57.21953632546578
 20
17.940546334263495
 10
-56.70058171595013
 20
18.00886800474072
 10
-56.189556511336576
 20
18.122159565079563
 10
-55.690349921997665
 20
18.279558798098527
 10
-55.20676121150747
 20
18.479867800594082
 10
-54.74247078195165
 20
18.721562100107356
 10
-54.30101216384536
 20
19.00280225708005
 10
-53.885745123832386
 20
19.32144786410014
 10
-53.499830094832326
 20
19.675073835694736
 10
-53.14620412323774
 20
20.060988864694796
 10
-52.82755851621764
 20
20.476255904707767
 10
-52.54631835924495
 20
20.917714522814062
 10
-52.30462405973167
 20
21.382004952369876
 10
-52.104315057236114
 20
21.86559366286008
 10
-51.94691582421715
 20
22.364800252198982
 10
-51.83362426387831
 20
22.87582545681254
 10
-51.76530259340108
 20
23.394780066328188
  0
LWPOLYLINE
  5
40
330
17
100
AcDbEntity
  8
REFERENCE_GEOMETRY
100
AcDbPolyline
 90
72
 70
1
 10
-51.74247078195155
 20
-23.917714522814478
 10
-51.76530259340108
 20
-23.39478006632851
 10
-51.83362426387831
 20
-22.875825456812862
 10
-51.94691582421715
 20
-22.364800252199306
 10
-52.104315057236114
 20
-21.8655936628604
 10
-52.30462405973167
 20
-21.382004952370202
 10
-52.54631835924495
 20
-20.917714522814386
 10
-52.827558516217636
 20
-20.476255904708093
 10
-53.14620412323773
 20
-20.06098886469512
 10
-53.499830094832326
 20
-19.67507383569506
 10
-53.885745123832386
 20
-19.321447864100463
 10
-54.30101216384536
 20
-19.002802257080372
 10
-54.74247078195165
 20
-18.721562100107683
 10
-55.20676121150747
 20
-18.479867800594405
 10
-55.690349921997665
 20
-18.27955879809885
 10
-56.18955651133657
 20
-18.122159565079887
 10
-56.70058171595013
 20
-18.008868004741043
 10
-57.21953632546578
 20
-17.940546334263814
 10
-57.742470781951745
 20
-17.91771452281429
 10
-58.26540523843771
 20
-17.940546334263814
 10
-58.78435984795336
 20
-18.008868004741043
 10
-59.29538505256692
 20
-18.122159565079887
 10
-59.79459164190582
 20
-18.27955879809885
 10
-60.27818035239602
 20
-18.479867800594405
 10
-60.74247078195184
 20
-18.721562100107683
 10
-61.18392940005813
 20
-19.002802257080372
 10
-61.599196440071104
 20
-19.321447864100463
 10
-61.985111469071164
 20
-19.67507383569506
 10
-62.33873744066576
 20
-20.06098886469512
 10
-62.657383047685855
 20
-20.476255904708093
 10
-62.93862320465854
 20
-20.917714522814382
 10
-63.18031750417182
 20
-21.382004952370202
 10
-63.38062650666737
 20
-21.865593662860398
 10
-63.53802573968634
 20
-22.364800252199306
 10
-63.65131730002518
 20
-22.875825456812862
 10
-63.71963897050241
 20
-23.39478006632851
 10
-63.74247078195194
 20
-23.917714522814478
 10
-63.71963897050241
 20
-24.44064897930044
 10
-63.651317300025184
 20
-24.95960358881609
 10
-63.53802573968634
 20
-25.47062879342965
 10
-63.380626506667376
 20
-25.969835382768554
 10
-63.18031750417182
 20
-26.45342409325875
 10
-62.93862320465854
 20
-26.917714522814574
 10
-62.657383047685855
 20
-27.359173140920863
 10
-62.33873744066576
 20
-27.774440180933833
 10
-61.985111469071164
 20
-28.160355209933897
 10
-61.599196440071104
 20
-28.51398118152849
 10
-61.183929400058126
 20
-28.832626788548588
 10
-60.742470781951845
 20
-29.113866945521274
 10
-60.27818035239603
 20
-29.355561245034547
 10
-59.79459164190582
 20
-29.555870247530105
 10
-59.29538505256692
 20
-29.71326948054907
 10
-58.78435984795336
 20
-29.826561040887913
 10
-58.26540523843771
 20
-29.894882711365142
 10
-57.742470781951745
 20
-29.917714522814666
 10
-57.21953632546578
 20
-29.894882711365142
 10
-56.70058171595013
 20
-29.826561040887913
 10
-56.189556511336576
 20
-29.713269480549073
 10
-55.690349921997665
 20
-29.555870247530105
 10
-55.20676121150747
 20
-29.35556124503455
 10
-54.74247078195165
 20
-29.113866945521277
 10
-54.30101216384536
 20
-28.832626788548584
 10
-53.885745123832386
 20
-28.513981181528493
 10
-53.499830094832326
 20
-28.160355209933897
 10
-53.14620412323774
 20
-27.774440180933837
 10
-52.82755851621764
 20
-27.359173140920866
 10
-52.54631835924495
 20
-26.91771452281457
 10
-52.30462405973167
 20
-26.453424093258757
 10
-52.104315057236114
 20
-25.969835382768554
 10
-51.94691582421715
 20
-25.47062879342965
 10
-51.83362426387831
 20
-24.959603588816094
 10
-51.76530259340108
 20
-24.440648979300445
  0
LWPOLYLINE
  5
41
330
17
100
AcDbEntity
  8
REFERENCE_GEOMETRY
100
AcDbPolyline
 90
72
 70
1
 10
-66.69999999993684
 20
-69.99999999995711
 10
-66.71255749623408
 20
-69.7123860488898
 10
-66.75013441499657
 20
-69.42696101365617
 10
-66.81244477318293
 20
-69.14589715111867
 10
-66.89901435134337
 20
-68.87133352698224
 10
-67.00918430271594
 20
-68.6053597362126
 10
-67.14211616744825
 20
-68.34999999995688
 10
-67.29679825378325
 20
-68.1071977599984
 10
-67.47205333764433
 20
-67.87880088799123
 10
-67.66654762202137
 20
-67.66654762204118
 10
-67.87880088797142
 20
-67.47205333766414
 10
-68.10719775997859
 20
-67.29679825380306
 10
-68.34999999993707
 20
-67.14211616746806
 10
-68.6053597361928
 20
-67.00918430273575
 10
-68.87133352696243
 20
-66.89901435136318
 10
-69.14589715109886
 20
-66.81244477320274
 10
-69.42696101363634
 20
-66.75013441501638
 10
-69.71238604886999
 20
-66.7125574962539
 10
-69.9999999999373
 20
-66.69999999995665
 10
-70.28761395100462
 20
-66.7125574962539
 10
-70.57303898623825
 20
-66.75013441501638
 10
-70.85410284877574
 20
-66.81244477320274
 10
-71.12866647291217
 20
-66.89901435136318
 10
-71.39464026368181
 20
-67.00918430273575
 10
-71.64999999993753
 20
-67.14211616746806
 10
-71.89280223989601
 20
-67.29679825380306
 10
-72.12119911190318
 20
-67.47205333766414
 10
-72.33345237785323
 20
-67.66654762204118
 10
-72.52794666223028
 20
-67.87880088799123
 10
-72.70320174609135
 20
-68.1071977599984
 10
-72.85788383242635
 20
-68.34999999995688
 10
-72.99081569715867
 20
-68.6053597362126
 10
-73.10098564853124
 20
-68.87133352698224
 10
-73.18755522669167
 20
-69.14589715111867
 10
-73.24986558487804
 20
-69.42696101365617
 10
-73.28744250364052
 20
-69.7123860488898
 10
-73.29999999993777
 20
-69.99999999995711
 10
-73.28744250364052
 20
-70.28761395102443
 10
-73.24986558487805
 20
-70.57303898625806
 10
-73.18755522669167
 20
-70.85410284879555
 10
-73.10098564853124
 20
-71.12866647293198
 10
-72.99081569715867
 20
-71.39464026370162
 10
-72.85788383242635
 20
-71.64999999995734
 10
-72.70320174609135
 20
-71.89280223991582
 10
-72.52794666223028
 20
-72.12119911192299
 10
-72.33345237785323
 20
-72.33345237787304
 10
-72.12119911190318
 20
-72.52794666225009
 10
-71.89280223989601
 20
-72.70320174611116
 10
-71.64999999993753
 20
-72.85788383244616
 10
-71.39464026368181
 20
-72.99081569717848
 10
-71.12866647291217
 20
-73.10098564855105
 10
-70.85410284877574
 20
-73.18755522671148
 10
-70.57303898623825
 20
-73.24986558489785
 10
-70.28761395100462
 20
-73.28744250366033
 10
-69.9999999999373
 20
-73.29999999995758
 10
-69.71238604886999
 20
-73.28744250366033
 10
-69.42696101363636
 20
-73.24986558489786
 10
-69.14589715109886
 20
-73.18755522671148
 10
-68.87133352696243
 20
-73.10098564855105
 10
-68.6053597361928
 20
-72.99081569717848
 10
-68.34999999993707
 20
-72.85788383244616
 10
-68.10719775997859
 20
-72.70320174611116
 10
-67.87880088797142
 20
-72.52794666225009
 10
-67.66654762202137
 20
-72.33345237787304
 10
-67.47205333764433
 20
-72.12119911192299
 10
-67.29679825378325
 20
-71.89280223991582
 10
-67.14211616744825
 20
-71.64999999995734
 10
-67.00918430271594
 20
-71.39464026370162
 10
-66.89901435134337
 20
-71.12866647293198
 10
-66.81244477318293
 20
-70.85410284879555
 10
-66.75013441499657
 20
-70.57303898625807
 10
-66.71255749623408
 20
-70.28761395102443
  0
LWPOLYLINE
  5
42
330
17
100
AcDbEntity
  8
REFERENCE_GEOMETRY
100
AcDbPolyline
 90
72
 70
1
 10
-66.6999999999608
 20
69.99999999992792
 10
-66.71255749625803
 20
70.28761395099521
 10
-66.75013441502051
 20
70.57303898622882
 10
-66.81244477320688
 20
70.85410284876629
 10
-66.8990143513673
 20
71.1286664729027
 10
-67.00918430273987
 20
71.39464026367231
 10
-67.14211616747217
 20
71.64999999992801
 10
-67.29679825380715
 20
71.89280223988648
 10
-67.4720533376682
 20
72.12119911189362
 10
-67.66654762204524
 20
72.33345237784366
 10
-67.87880088799528
 20
72.5279466622207
 10
-68.10719776000242
 20
72.70320174608175
 10
-68.34999999996089
 20
72.85788383241673
 10
-68.60535973621658
 20
72.99081569714903
 10
-68.8713335269862
 20
73.1009856485216
 10
-69.14589715112261
 20
73.18755522668202
 10
-69.42696101366008
 20
73.24986558486839
 10
-69.71238604889369
 20
73.28744250363087
 10
-69.99999999996098
 20
73.2999999999281
 10
-70.28761395102826
 20
73.28744250363087
 10
-70.57303898626188
 20
73.24986558486839
 10
-70.85410284879934
 20
73.18755522668202
 10
-71.12866647293575
 20
73.1009856485216
 10
-71.39464026370537
 20
72.99081569714903
 10
-71.64999999996107
 20
72.85788383241673
 10
-71.89280223991953
 20
72.70320174608175
 10
-72.12119911192667
 20
72.5279466622207
 10
-72.33345237787671
 20
72.33345237784366
 10
-72.52794666225375
 20
72.12119911189362
 10
-72.7032017461148
 20
71.89280223988648
 10
-72.85788383244979
 20
71.64999999992801
 10
-72.99081569718209
 20
71.39464026367231
 10
-73.10098564855465
 20
71.1286664729027
 10
-73.18755522671508
 20
70.85410284876629
 10
-73.24986558490144
 20
70.57303898622882
 10
-73.28744250366393
 20
70.28761395099521
 10
-73.29999999996116
 20
69.99999999992792
 10
-73.28744250366393
 20
69.71238604886064
 10
-73.24986558490144
 20
69.42696101362702
 10
-73.18755522671509
 20
69.14589715108956
 10
-73.10098564855465
 20
68.87133352695315
 10
-72.99081569718209
 20
68.60535973618353
 10
-72.85788383244979
 20
68.34999999992783
 10
-72.7032017461148
 20
68.10719775996937
 10
-72.52794666225375
 20
67.87880088796223
 10
-72.33345237787671
 20
67.66654762201219
 10
-72.12119911192667
 20
67.47205333763515
 10
-71.89280223991953
 20
67.2967982537741
 10
-71.64999999996107
 20
67.14211616743911
 10
-71.39464026370537
 20
67.00918430270681
 10
-71.12866647293575
 20
66.89901435133424
 10
-70.85410284879934
 20
66.81244477317382
 10
-70.57303898626188
 20
66.75013441498746
 10
-70.28761395102826
 20
66.71255749622497
 10
-69.99999999996098
 20
66.69999999992774
 10
-69.71238604889369
 20
66.71255749622497
 10
-69.42696101366008
 20
66.75013441498746
 10
-69.14589715112261
 20
66.81244477317381
 10
-68.8713335269862
 20
66.89901435133424
 10
-68.6053597362166
 20
67.00918430270681
 10
-68.34999999996089
 20
67.14211616743911
 10
-68.10719776000242
 20
67.2967982537741
 10
-67.87880088799528
 20
67.47205333763515
 10
-67.66654762204524
 20
67.66654762201219
 10
-67.4720533376682
 20
67.87880088796223
 10
-67.29679825380715
 20
68.10719775996937
 10
-67.14211616747217
 20
68.34999999992783
 10
-67.00918430273987
 20
68.60535973618353
 10
-66.8990143513673
 20
68.87133352695315
 10
-66.81244477320688
 20
69.14589715108956
 10
-66.75013441502051
 20
69.42696101362702
 10
-66.71255749625803
 20
69.71238604886064
  0
LWPOLYLINE
  5
43
330
17
100
AcDbEntity
  8
REFERENCE_GEOMETRY
100
AcDbPolyline
 90
72
 70
1
 10
-67.74999999999913
 20
-94.14999999991417
 10
-67.7585619292927
 20
-93.953899578732
 10
-67.78418255572166
 20
-93.75929160016372
 10
-67.8266668908487
 20
-93.56765714843371
 10
-67.88569160323078
 20
-93.3804546774317
 10
-67.96080747916659
 20
-93.19910891099794
 10
-68.05144284148403
 20
-93.02499999991457
 10
-68.15690790034876
 20
-92.85945301812478
 10
-68.27640000298125
 20
-92.70372787811998
 10
-68.40900974232916
 20
-92.55900974224501
 10
-68.55372787820413
 20
-92.4264000028971
 10
-68.70945301820893
 20
-92.3069079002646
 10
-68.87499999999872
 20
-92.20144284139988
 10
-69.04910891108209
 20
-92.11080747908244
 10
-69.23045467751585
 20
-92.03569160314663
 10
-69.41765714851786
 20
-91.97666689076455
 10
-69.60929160024787
 20
-91.9341825556375
 10
-69.80389957881616
 20
-91.90856192920855
 10
-69.99999999999832
 20
-91.89999999991498
 10
-70.19610042118049
 20
-91.90856192920855
 10
-70.39070839974877
 20
-91.9341825556375
 10
-70.58234285147878
 20
-91.97666689076455
 10
-70.7695453224808
 20
-92.03569160314663
 10
-70.95089108891456
 20
-92.11080747908244
 10
-71.12499999999793
 20
-92.20144284139988
 10
-71.29054698178771
 20
-92.3069079002646
 10
-71.44627212179252
 20
-92.4264000028971
 10
-71.59099025766749
 20
-92.55900974224501
 10
-71.7235999970154
 20
-92.70372787811998
 10
-71.84309209964789
 20
-92.85945301812478
 10
-71.94855715851261
 20
-93.02499999991457
 10
-72.03919252083006
 20
-93.19910891099794
 10
-72.11430839676586
 20
-93.3804546774317
 10
-72.17333310914795
 20
-93.56765714843371
 10
-72.21581744427499
 20
-93.75929160016372
 10
-72.24143807070395
 20
-93.953899578732
 10
-72.24999999999751
 20
-94.14999999991417
 10
-72.24143807070395
 20
-94.34610042109634
 10
-72.21581744427499
 20
-94.54070839966462
 10
-72.17333310914795
 20
-94.73234285139463
 10
-72.11430839676586
 20
-94.91954532239664
 10
-72.03919252083006
 20
-95.10089108883041
 10
-71.94855715851261
 20
-95.27499999991377
 10
-71.84309209964789
 20
-95.44054698170356
 10
-71.7235999970154
 20
-95.59627212170837
 10
-71.59099025766749
 20
-95.74099025758333
 10
-71.44627212179252
 20
-95.87359999693125
 10
-71.29054698178771
 20
-95.99309209956374
 10
-71.12499999999793
 20
-96.09855715842846
 10
-70.95089108891456
 20
-96.1891925207459
 10
-70.7695453224808
 20
-96.26430839668171
 10
-70.58234285147878
 20
-96.3233331090638
 10
-70.39070839974877
 20
-96.36581744419084
 10
-70.19610042118049
 20
-96.3914380706198
 10
-69.99999999999832
 20
-96.39999999991336
 10
-69.80389957881616
 20
-96.3914380706198
 10
-69.60929160024787
 20
-96.36581744419084
 10
-69.41765714851786
 20
-96.3233331090638
 10
-69.23045467751585
 20
-96.26430839668171
 10
-69.04910891108209
 20
-96.1891925207459
 10
-68.87499999999874
 20
-96.09855715842846
 10
-68.70945301820893
 20
-95.99309209956374
 10
-68.55372787820413
 20
-95.87359999693125
 10
-68.40900974232916
 20
-95.74099025758333
 10
-68.27640000298125
 20
-95.59627212170837
 10
-68.15690790034876
 20
-95.44054698170356
 10
-68.05144284148403
 20
-95.27499999991377
 10
-67.96080747916659
 20
-95.10089108883041
 10
-67.88569160323078
 20
-94.91954532239664
 10
-67.8266668908487
 20
-94.73234285139463
 10
-67.78418255572166
 20
-94.54070839966462
 10
-67.7585619292927
 20
-94.34610042109634
  0
LWPOLYLINE
  5
44
330
17
100
AcDbEntity
  8
REFERENCE_GEOMETRY
100
AcDbPolyline
 90
72
 70
1
 10
-67.75000000002835
 20
94.15000000004449
 10
-67.75856192932193
 20
94.34610042122682
 10
-67.7841825557509
 20
94.54070839979529
 10
-67.82666689087799
 20
94.73234285152547
 10
-67.88569160326013
 20
94.91954532252765
 10
-67.96080747919599
 20
95.10089108896157
 10
-68.05144284151352
 20
95.2750000000451
 10
-68.15690790037833
 20
95.44054698183504
 10
-68.27640000301093
 20
95.59627212183997
 10
-68.40900974235898
 20
95.74099025771507
 10
-68.55372787823407
 20
95.87359999706311
 10
-68.709453018239
 20
95.99309209969572
 10
-68.87500000002895
 20
96.09855715856052
 10
-69.04910891111247
 20
96.18919252087805
 10
-69.23045467754639
 20
96.26430839681392
 10
-69.41765714854857
 20
96.32333310919606
 10
-69.60929160027875
 20
96.36581744432314
 10
-69.80389957884722
 20
96.39143807075212
 10
-70.00000000002956
 20
96.4000000000457
 10
-70.1961004212119
 20
96.39143807075212
 10
-70.39070839978037
 20
96.36581744432314
 10
-70.58234285151055
 20
96.32333310919606
 10
-70.76954532251273
 20
96.26430839681392
 10
-70.95089108894665
 20
96.18919252087805
 10
-71.12500000003017
 20
96.09855715856052
 10
-71.29054698182011
 20
95.99309209969572
 10
-71.44627212182505
 20
95.87359999706311
 10
-71.59099025770014
 20
95.74099025771507
 10
-71.72359999704818
 20
95.59627212183997
 10
-71.84309209968079
 20
95.44054698183504
 10
-71.9485571585456
 20
95.2750000000451
 10
-72.03919252086312
 20
95.10089108896157
 10
-72.11430839679899
 20
94.91954532252765
 10
-72.17333310918113
 20
94.73234285152547
 10
-72.21581744430821
 20
94.54070839979529
 10
-72.24143807073719
 20
94.34610042122682
 10
-72.25000000003077
 20
94.15000000004449
 10
-72.24143807073719
 20
93.95389957886215
 10
-72.21581744430821
 20
93.75929160029368
 10
-72.17333310918113
 20
93.5676571485635
 10
-72.11430839679899
 20
93.38045467756132
 10
-72.03919252086312
 20
93.1991089111274
 10
-71.9485571585456
 20
93.02500000004387
 10
-71.84309209968079
 20
92.85945301825393
 10
-71.72359999704818
 20
92.703727878249
 10
-71.59099025770014
 20
92.5590097423739
 10
-71.44627212182505
 20
92.42640000302586
 10
-71.2905469818201
 20
92.30690790039326
 10
-71.12500000003017
 20
92.20144284152845
 10
-70.95089108894665
 20
92.11080747921092
 10
-70.76954532251273
 20
92.03569160327505
 10
-70.58234285151055
 20
91.97666689089291
 10
-70.39070839978037
 20
91.93418255576583
 10
-70.1961004212119
 20
91.90856192933686
 10
-70.00000000002956
 20
91.90000000004328
 10
-69.80389957884722
 20
91.90856192933686
 10
-69.60929160027875
 20
91.93418255576583
 10
-69.41765714854857
 20
91.97666689089291
 10
-69.23045467754639
 20
92.03569160327505
 10
-69.04910891111247
 20
92.11080747921092
 10
-68.87500000002895
 20
92.20144284152845
 10
-68.709453018239
 20
92.30690790039326
 10
-68.55372787823407
 20
92.42640000302586
 10
-68.40900974235898
 20
92.5590097423739
 10
-68.27640000301093
 20
92.703727878249
 10
-68.15690790037833
 20
92.85945301825393
 10
-68.05144284151352
 20
93.02500000004387
 10
-67.96080747919599
 20
93.1991089111274
 10
-67.88569160326013
 20
93.38045467756132
 10
-67.82666689087799
 20
93.5676571485635
 10
-67.7841825557509
 20
93.75929160029368
 10
-67.75856192932193
 20
93.95389957886215
  0
DIMENSION
  5
45
330
17
100
AcDbEntity
  8
REFERENCE_DIMENSIONS
100
AcDbDimension
280
0
  2
*D1
  3
Standard
 10
-85.0
 20
-119.15
 30
0.0
 11
0.0
 21
-119.15
 31
0.0
 70
32
 71
5
  1
<>
100
AcDbAlignedDimension
 13
-85.0
 23
-101.15
 33
0.0
 14
85.0
 24
-101.15
 34
0.0
 50
0.0
100
AcDbRotatedDimension
1001
ACAD
1000
DSTYLE
1002
{
1070
140
1040
3.0
1070
41
1040
2.0
1070
271
1070
3
1002
}
  0
DIMENSION
  5
59
330
17
100
AcDbEntity
  8
REFERENCE_DIMENSIONS
100
AcDbDimension
280
0
  2
*D2
  3
Standard
 10
103.0
 20
-101.15
 30
0.0
 11
103.0
 21
0.0
 31
0.0
 70
32
 71
5
  1
<>
100
AcDbAlignedDimension
 13
85.0
 23
-101.15
 33
0.0
 14
85.0
 24
101.15
 34
0.0
 50
90.0
100
AcDbRotatedDimension
1001
ACAD
1000
DSTYLE
1002
{
1070
140
1040
3.0
1070
41
1040
2.0
1070
271
1070
3
1002
}
  0
LINE
  5
69
330
17
100
AcDbEntity
  8
REFERENCE_DATUMS
100
AcDbLine
 10
-10.0
 20
0.0
 30
0.0
 11
10.0
 21
0.0
 31
0.0
  0
LINE
  5
6A
330
17
100
AcDbEntity
  8
REFERENCE_DATUMS
100
AcDbLine
 10
0.0
 20
-10.0
 30
0.0
 11
0.0
 21
10.0
 31
0.0
  0
TEXT
  5
6B
330
17
100
AcDbEntity
  8
REFERENCE_NOTES
100
AcDbText
 10
-85.0
 20
121.15
 30
0.0
 40
5.0
  1
WP01-RB-BRIDGE-R2
100
AcDbText
  0
TEXT
  5
6C
330
17
100
AcDbEntity
  8
REFERENCE_NOTES
100
AcDbText
 10
-110.0
 20
-139.15
 30
0.0
 40
3.0
  1
NOT_FOR_MANUFACTURE | mm | WP02 R1
100
AcDbText
  0
TEXT
  5
6D
330
17
100
AcDbEntity
  8
REFERENCE_NOTES
100
AcDbText
 10
-110.0
 20
-146.15
 30
0.0
 40
3.0
  1
170 x 202.3 x 6 mm
100
AcDbText
  0
TEXT
  5
6E
330
17
100
AcDbEntity
  8
REFERENCE_NOTES
100
AcDbText
 10
-110.0
 20
-153.15
 30
0.0
 40
3.0
  1
Datum A: bottom; B: X centerline; C: Y centerline
100
AcDbText
  0
TEXT
  5
6F
330
17
100
AcDbEntity
  8
REFERENCE_NOTES
100
AcDbText
 10
-110.0
 20
-160.15
 30
0.0
 40
3.0
  1
4 x D6.6 @ local (+/-70,+/-70)
100
AcDbText
  0
TEXT
  5
70
330
17
100
AcDbEntity
  8
REFERENCE_NOTES
100
AcDbText
 10
-110.0
 20
-167.15
 30
0.0
 40
3.0
  1
4 x D4.5 @ local (+/-70,+/-94.15): pillar tie rods
100
AcDbText
  0
TEXT
  5
71
330
17
100
AcDbEntity
  8
REFERENCE_NOTES
100
AcDbText
 10
-110.0
 20
-174.15
 30
0.0
 40
3.0
  1
8 x D12 access @ R62.5, 22.5 + k45 deg
100
AcDbText
  0
TEXT
  5
72
330
17
100
AcDbEntity
  8
REFERENCE_NOTES
100
AcDbText
 10
-110.0
 20
-181.15
 30
0.0
 40
3.0
  1
Center D44; M5 nuts fit inside access pockets
100
AcDbText
  0
TEXT
  5
73
330
17
100
AcDbEntity
  8
REFERENCE_NOTES
100
AcDbText
 10
-110.0
 20
-188.15
 30
0.0
 40
3.0
  1
Frame A0 z=125.150; bearing z=127.555 mm
100
AcDbText
  0
LWPOLYLINE
  5
74
330
17
100
AcDbEntity
  8
REFERENCE_GEOMETRY
100
AcDbPolyline
 90
912
 70
1
 10
338.0
 20
45.0
 10
338.25
 20
45.0
 10
338.5
 20
45.0
 10
338.75
 20
45.0
 10
339.0
 20
45.0
 10
339.25
 20
45.0
 10
339.5
 20
45.0
 10
339.75
 20
45.0
 10
340.0
 20
45.0
 10
340.25
 20
45.0
 10
340.5
 20
45.0
 10
340.75
 20
45.0
 10
341.0
 20
45.0
 10
341.25
 20
45.0
 10
341.5
 20
45.0
 10
341.75
 20
45.0
 10
342.0
 20
45.0
 10
342.25
 20
45.0
 10
342.5
 20
45.0
 10
342.75
 20
45.0
 10
343.0
 20
45.0
 10
343.25
 20
45.0
 10
343.5
 20
45.0
 10
343.75
 20
45.0
 10
344.0
 20
45.0
 10
344.25
 20
45.0
 10
344.5
 20
45.0
 10
344.75
 20
45.0
 10
345.0
 20
45.0
 10
345.25
 20
45.0
 10
345.5
 20
45.0
 10
345.75
 20
45.0
 10
346.0
 20
45.0
 10
346.25
 20
45.0
 10
346.5
 20
45.0
 10
346.75
 20
45.0
 10
347.0
 20
45.0
 10
347.25
 20
45.0
 10
347.5
 20
45.0
 10
347.75
 20
45.0
 10
348.0
 20
45.0
 10
348.25
 20
45.0
 10
348.5
 20
45.0
 10
348.75
 20
45.0
 10
349.0
 20
45.0
 10
349.25
 20
45.0
 10
349.5
 20
45.0
 10
349.75
 20
45.0
 10
350.0
 20
45.0
 10
350.25
 20
45.0
 10
350.5
 20
45.0
 10
350.75
 20
45.0
 10
351.0
 20
45.0
 10
351.25
 20
45.0
 10
351.5
 20
45.0
 10
351.75
 20
45.0
 10
352.0
 20
45.0
 10
352.25
 20
45.0
 10
352.5
 20
45.0
 10
352.75
 20
45.0
 10
353.0
 20
45.0
 10
353.25
 20
45.0
 10
353.5
 20
45.0
 10
353.75
 20
45.0
 10
354.0
 20
45.0
 10
354.25
 20
45.0
 10
354.5
 20
45.0
 10
354.75
 20
45.0
 10
355.0
 20
45.0
 10
355.25
 20
45.0
 10
355.5
 20
45.0
 10
355.75
 20
45.0
 10
356.0
 20
45.0
 10
356.25
 20
45.0
 10
356.5
 20
45.0
 10
356.75
 20
45.0
 10
357.0
 20
45.0
 10
357.25
 20
45.0
 10
357.5
 20
45.0
 10
357.75
 20
45.0
 10
358.0
 20
45.0
 10
358.25
 20
45.0
 10
358.5
 20
45.0
 10
358.75
 20
45.0
 10
359.0
 20
45.0
 10
359.25
 20
45.0
 10
359.5
 20
45.0
 10
359.75
 20
45.0
 10
360.0
 20
45.0
 10
360.25
 20
45.0
 10
360.5
 20
45.0
 10
360.75
 20
45.0
 10
361.0
 20
45.0
 10
361.25
 20
45.0
 10
361.5
 20
45.0
 10
361.75
 20
45.0
 10
362.0
 20
45.0
 10
362.0
 20
44.75
 10
362.0
 20
44.5
 10
362.0
 20
44.25
 10
362.0
 20
44.0
 10
362.0
 20
43.75
 10
362.0
 20
43.5
 10
362.0
 20
43.25
 10
362.0
 20
43.0
 10
362.0
 20
42.75
 10
362.0
 20
42.5
 10
362.0
 20
42.25
 10
362.0
 20
42.0
 10
362.0
 20
41.75
 10
362.0
 20
41.5
 10
362.0
 20
41.25
 10
362.0
 20
41.0
 10
362.0
 20
40.75
 10
362.0
 20
40.5
 10
362.0
 20
40.25
 10
362.0
 20
40.0
 10
362.0
 20
39.75
 10
362.0
 20
39.5
 10
362.0
 20
39.25
 10
362.0
 20
39.0
 10
362.0
 20
38.75
 10
362.0
 20
38.5
 10
362.0
 20
38.25
 10
362.0
 20
38.0
 10
362.0
 20
37.75
 10
362.0
 20
37.5
 10
362.0
 20
37.25
 10
362.0
 20
37.0
 10
362.0
 20
36.75
 10
362.0
 20
36.5
 10
362.0
 20
36.25
 10
362.0
 20
36.0
 10
362.0
 20
35.75
 10
362.0
 20
35.5
 10
362.0
 20
35.25
 10
362.0
 20
35.0
 10
362.0
 20
34.75
 10
362.0
 20
34.5
 10
362.0
 20
34.25
 10
362.0
 20
34.0
 10
362.0
 20
33.75
 10
362.0
 20
33.5
 10
362.0
 20
33.25
 10
362.0
 20
33.0
 10
362.0
 20
32.75
 10
362.0
 20
32.5
 10
362.0
 20
32.25
 10
362.0
 20
32.0
 10
362.0
 20
31.75
 10
362.0
 20
31.5
 10
362.0
 20
31.25
 10
362.0
 20
31.0
 10
362.0
 20
30.75
 10
362.0
 20
30.5
 10
362.0
 20
30.25
 10
362.0
 20
30.0
 10
362.0
 20
29.75
 10
362.0
 20
29.5
 10
362.0
 20
29.25
 10
362.0
 20
29.0
 10
362.0
 20
28.75
 10
362.0
 20
28.5
 10
362.0
 20
28.25
 10
362.0
 20
28.0
 10
362.0
 20
27.75
 10
362.0
 20
27.5
 10
362.0
 20
27.25
 10
362.0
 20
27.0
 10
362.0
 20
26.75
 10
362.0
 20
26.5
 10
362.0
 20
26.25
 10
362.0
 20
26.0
 10
362.0
 20
25.75
 10
362.0
 20
25.5
 10
362.0
 20
25.25
 10
362.0
 20
25.0
 10
362.0
 20
24.75
 10
362.0
 20
24.5
 10
362.0
 20
24.25
 10
362.0
 20
24.0
 10
362.0
 20
23.75
 10
362.0
 20
23.5
 10
362.0
 20
23.25
 10
362.0
 20
23.0
 10
362.0
 20
22.75
 10
362.0
 20
22.5
 10
362.0
 20
22.25
 10
362.0
 20
22.0
 10
362.0
 20
21.75
 10
362.0
 20
21.5
 10
362.0
 20
21.25
 10
362.0
 20
21.0
 10
362.0
 20
20.75
 10
362.0
 20
20.5
 10
362.0
 20
20.25
 10
362.0
 20
20.0
 10
362.0
 20
19.75
 10
362.0
 20
19.5
 10
362.0
 20
19.25
 10
362.0
 20
19.0
 10
362.0
 20
18.75
 10
362.0
 20
18.500000000000007
 10
362.0
 20
18.249999999999993
 10
362.0
 20
17.999999999999993
 10
362.0
 20
17.75
 10
362.0
 20
17.5
 10
362.0
 20
17.25
 10
362.0
 20
17.0
 10
362.0
 20
16.75
 10
362.0
 20
16.5
 10
362.0
 20
16.25
 10
362.0
 20
16.0
 10
362.0
 20
15.750000000000007
 10
362.0
 20
15.500000000000007
 10
362.0
 20
15.249999999999993
 10
362.0
 20
15.0
 10
362.0
 20
14.75
 10
362.0
 20
14.5
 10
362.0
 20
14.25
 10
362.0
 20
14.0
 10
362.0
 20
13.75
 10
362.0
 20
13.5
 10
362.0
 20
13.25
 10
362.0
 20
13.000000000000007
 10
362.0
 20
12.750000000000007
 10
362.0
 20
12.499999999999993
 10
362.0
 20
12.25
 10
362.0
 20
12.0
 10
362.0
 20
11.75
 10
362.0
 20
11.5
 10
362.0
 20
11.25
 10
362.0
 20
11.0
 10
362.0
 20
10.75
 10
362.0
 20
10.5
 10
362.0
 20
10.25
 10
362.0
 20
10.000000000000007
 10
362.0
 20
9.749999999999993
 10
362.0
 20
9.499999999999993
 10
362.0
 20
9.25
 10
362.0
 20
9.0
 10
362.0
 20
8.75
 10
362.0
 20
8.5
 10
362.0
 20
8.25
 10
362.0
 20
8.0
 10
362.0
 20
7.75
 10
362.0
 20
7.5
 10
362.0
 20
7.250000000000007
 10
362.0
 20
6.999999999999993
 10
362.0
 20
6.749999999999993
 10
362.0
 20
6.5
 10
362.0
 20
6.25
 10
362.0
 20
6.0
 10
362.0
 20
5.75
 10
362.0
 20
5.5
 10
362.0
 20
5.25
 10
362.0
 20
5.0
 10
362.0
 20
4.75
 10
362.0
 20
4.500000000000007
 10
362.0
 20
4.250000000000007
 10
362.0
 20
3.999999999999993
 10
362.0
 20
3.75
 10
362.0
 20
3.5
 10
362.0
 20
3.25
 10
362.0
 20
3.0
 10
362.0
 20
2.75
 10
362.0
 20
2.5
 10
362.0
 20
2.25
 10
362.0
 20
2.0
 10
362.0
 20
1.750000000000007
 10
362.0
 20
1.500000000000007
 10
362.0
 20
1.249999999999993
 10
362.0
 20
1.0
 10
362.0
 20
0.75
 10
362.0
 20
0.5
 10
362.0
 20
0.25
 10
362.0
 20
0.0
 10
362.0
 20
-0.25
 10
362.0
 20
-0.5
 10
362.0
 20
-0.75
 10
362.0
 20
-1.0
 10
362.0
 20
-1.25
 10
362.0
 20
-1.5
 10
362.0
 20
-1.75
 10
362.0
 20
-2.0
 10
362.0
 20
-2.25
 10
362.0
 20
-2.5
 10
362.0
 20
-2.75
 10
362.0
 20
-3.0
 10
362.0
 20
-3.25
 10
362.0
 20
-3.5
 10
362.0
 20
-3.75
 10
362.0
 20
-4.0
 10
362.0
 20
-4.25
 10
362.0
 20
-4.5
 10
362.0
 20
-4.75
 10
362.0
 20
-5.0
 10
362.0
 20
-5.25
 10
362.0
 20
-5.5
 10
362.0
 20
-5.75
 10
362.0
 20
-6.0
 10
362.0
 20
-6.25
 10
362.0
 20
-6.5
 10
362.0
 20
-6.75
 10
362.0
 20
-7.0
 10
362.0
 20
-7.25
 10
362.0
 20
-7.5
 10
362.0
 20
-7.75
 10
362.0
 20
-8.0
 10
362.0
 20
-8.25
 10
362.0
 20
-8.5
 10
362.0
 20
-8.75
 10
362.0
 20
-9.0
 10
362.0
 20
-9.25
 10
362.0
 20
-9.5
 10
362.0
 20
-9.75
 10
362.0
 20
-10.0
 10
362.0
 20
-10.25
 10
362.0
 20
-10.5
 10
362.0
 20
-10.75
 10
362.0
 20
-11.0
 10
362.0
 20
-11.25
 10
362.0
 20
-11.5
 10
362.0
 20
-11.75
 10
362.0
 20
-12.0
 10
362.0
 20
-12.25
 10
362.0
 20
-12.5
 10
362.0
 20
-12.75
 10
362.0
 20
-13.0
 10
362.0
 20
-13.249999999999996
 10
362.0
 20
-13.500000000000004
 10
362.0
 20
-13.75
 10
362.0
 20
-14.0
 10
362.0
 20
-14.25
 10
362.0
 20
-14.5
 10
362.0
 20
-14.749999999999996
 10
362.0
 20
-15.0
 10
362.0
 20
-15.25
 10
362.0
 20
-15.5
 10
362.0
 20
-15.75
 10
362.0
 20
-15.999999999999996
 10
362.0
 20
-16.250000000000004
 10
362.0
 20
-16.5
 10
362.0
 20
-16.75
 10
362.0
 20
-17.0
 10
362.0
 20
-17.25
 10
362.0
 20
-17.499999999999996
 10
362.0
 20
-17.750000000000004
 10
362.0
 20
-18.0
 10
362.0
 20
-18.25
 10
362.0
 20
-18.5
 10
362.0
 20
-18.75
 10
362.0
 20
-19.000000000000004
 10
362.0
 20
-19.25
 10
362.0
 20
-19.5
 10
362.0
 20
-19.75
 10
362.0
 20
-20.0
 10
362.0
 20
-20.249999999999996
 10
362.0
 20
-20.500000000000004
 10
362.0
 20
-20.75
 10
362.0
 20
-21.0
 10
362.0
 20
-21.25
 10
362.0
 20
-21.5
 10
362.0
 20
-21.749999999999996
 10
362.0
 20
-22.0
 10
362.0
 20
-22.25
 10
362.0
 20
-22.5
 10
362.0
 20
-22.75
 10
362.0
 20
-23.0
 10
362.0
 20
-23.25
 10
362.0
 20
-23.5
 10
362.0
 20
-23.75
 10
362.0
 20
-24.0
 10
362.0
 20
-24.25
 10
362.0
 20
-24.5
 10
362.0
 20
-24.75
 10
362.0
 20
-25.0
 10
362.0
 20
-25.25
 10
362.0
 20
-25.5
 10
362.0
 20
-25.75
 10
362.0
 20
-26.0
 10
362.0
 20
-26.25
 10
362.0
 20
-26.5
 10
362.0
 20
-26.75
 10
362.0
 20
-27.0
 10
362.0
 20
-27.25
 10
362.0
 20
-27.5
 10
362.0
 20
-27.75
 10
362.0
 20
-28.0
 10
362.0
 20
-28.25
 10
362.0
 20
-28.5
 10
362.0
 20
-28.75
 10
362.0
 20
-29.0
 10
362.0
 20
-29.25
 10
362.0
 20
-29.5
 10
362.0
 20
-29.75
 10
362.0
 20
-30.0
 10
362.0
 20
-30.25
 10
362.0
 20
-30.5
 10
362.0
 20
-30.75
 10
362.0
 20
-31.0
 10
362.0
 20
-31.249999999999986
 10
362.0
 20
-31.5
 10
362.0
 20
-31.75
 10
362.0
 20
-32.000000000000014
 10
362.0
 20
-32.249999999999986
 10
362.0
 20
-32.5
 10
362.0
 20
-32.75
 10
362.0
 20
-32.999999999999986
 10
362.0
 20
-33.25
 10
362.0
 20
-33.5
 10
362.0
 20
-33.750000000000014
 10
362.0
 20
-33.999999999999986
 10
362.0
 20
-34.25
 10
362.0
 20
-34.5
 10
362.0
 20
-34.750000000000014
 10
362.0
 20
-35.0
 10
362.0
 20
-35.25
 10
362.0
 20
-35.500000000000014
 10
362.0
 20
-35.749999999999986
 10
362.0
 20
-36.0
 10
362.0
 20
-36.25
 10
362.0
 20
-36.500000000000014
 10
362.0
 20
-36.75
 10
362.0
 20
-37.0
 10
362.0
 20
-37.250000000000014
 10
362.0
 20
-37.499999999999986
 10
362.0
 20
-37.75
 10
362.0
 20
-38.0
 10
362.0
 20
-38.250000000000014
 10
362.0
 20
-38.499999999999986
 10
362.0
 20
-38.75
 10
362.0
 20
-39.0
 10
362.0
 20
-39.249999999999986
 10
362.0
 20
-39.5
 10
362.0
 20
-39.75
 10
362.0
 20
-40.000000000000014
 10
362.0
 20
-40.249999999999986
 10
362.0
 20
-40.5
 10
362.0
 20
-40.75
 10
362.0
 20
-40.999999999999986
 10
362.0
 20
-41.25
 10
362.0
 20
-41.5
 10
362.0
 20
-41.750000000000014
 10
362.0
 20
-41.999999999999986
 10
362.0
 20
-42.25
 10
362.0
 20
-42.5
 10
362.0
 20
-42.750000000000014
 10
362.0
 20
-43.0
 10
362.0
 20
-43.25
 10
362.0
 20
-43.500000000000014
 10
362.0
 20
-43.749999999999986
 10
362.0
 20
-44.0
 10
362.0
 20
-44.25
 10
362.0
 20
-44.500000000000014
 10
362.0
 20
-44.75
 10
362.0
 20
-45.0
 10
361.75
 20
-45.0
 10
361.5
 20
-45.0
 10
361.25
 20
-45.0
 10
361.0
 20
-45.0
 10
360.75
 20
-45.0
 10
360.5
 20
-45.0
 10
360.25
 20
-45.0
 10
360.0
 20
-45.0
 10
359.75
 20
-45.0
 10
359.5
 20
-45.0
 10
359.25
 20
-45.0
 10
359.0
 20
-45.0
 10
358.75
 20
-45.0
 10
358.5
 20
-45.0
 10
358.25
 20
-45.0
 10
358.0
 20
-45.0
 10
357.75
 20
-45.0
 10
357.5
 20
-45.0
 10
357.25
 20
-45.0
 10
357.0
 20
-45.0
 10
356.75
 20
-45.0
 10
356.5
 20
-45.0
 10
356.25
 20
-45.0
 10
356.0
 20
-45.0
 10
355.75
 20
-45.0
 10
355.5
 20
-45.0
 10
355.25
 20
-45.0
 10
355.0
 20
-45.0
 10
354.75
 20
-45.0
 10
354.5
 20
-45.0
 10
354.25
 20
-45.0
 10
354.0
 20
-45.0
 10
353.75
 20
-45.0
 10
353.5
 20
-45.0
 10
353.25
 20
-45.0
 10
353.0
 20
-45.0
 10
352.75
 20
-45.0
 10
352.5
 20
-45.0
 10
352.25
 20
-45.0
 10
352.0
 20
-45.0
 10
351.75
 20
-45.0
 10
351.5
 20
-45.0
 10
351.25
 20
-45.0
 10
351.0
 20
-45.0
 10
350.75
 20
-45.0
 10
350.5
 20
-45.0
 10
350.25
 20
-45.0
 10
350.0
 20
-45.0
 10
349.75
 20
-45.0
 10
349.5
 20
-45.0
 10
349.25
 20
-45.0
 10
349.0
 20
-45.0
 10
348.75
 20
-45.0
 10
348.5
 20
-45.0
 10
348.25
 20
-45.0
 10
348.0
 20
-45.0
 10
347.75
 20
-45.0
 10
347.5
 20
-45.0
 10
347.25
 20
-45.0
 10
347.0
 20
-45.0
 10
346.75
 20
-45.0
 10
346.5
 20
-45.0
 10
346.25
 20
-45.0
 10
346.0
 20
-45.0
 10
345.75
 20
-45.0
 10
345.5
 20
-45.0
 10
345.25
 20
-45.0
 10
345.0
 20
-45.0
 10
344.75
 20
-45.0
 10
344.5
 20
-45.0
 10
344.25
 20
-45.0
 10
344.0
 20
-45.0
 10
343.75
 20
-45.0
 10
343.5
 20
-45.0
 10
343.25
 20
-45.0
 10
343.0
 20
-45.0
 10
342.75
 20
-45.0
 10
342.5
 20
-45.0
 10
342.25
 20
-45.0
 10
342.0
 20
-45.0
 10
341.75
 20
-45.0
 10
341.5
 20
-45.0
 10
341.25
 20
-45.0
 10
341.0
 20
-45.0
 10
340.75
 20
-45.0
 10
340.5
 20
-45.0
 10
340.25
 20
-45.0
 10
340.0
 20
-45.0
 10
339.75
 20
-45.0
 10
339.5
 20
-45.0
 10
339.25
 20
-45.0
 10
339.0
 20
-45.0
 10
338.75
 20
-45.0
 10
338.5
 20
-45.0
 10
338.25
 20
-45.0
 10
338.0
 20
-45.0
 10
338.0
 20
-44.75
 10
338.0
 20
-44.5
 10
338.0
 20
-44.25
 10
338.0
 20
-44.0
 10
338.0
 20
-43.75000000000001
 10
338.0
 20
-43.49999999999999
 10
338.0
 20
-43.24999999999999
 10
338.0
 20
-43.0
 10
338.0
 20
-42.75
 10
338.0
 20
-42.5
 10
338.0
 20
-42.25
 10
338.0
 20
-42.0
 10
338.0
 20
-41.75
 10
338.0
 20
-41.5
 10
338.0
 20
-41.25
 10
338.0
 20
-41.00000000000001
 10
338.0
 20
-40.74999999999999
 10
338.0
 20
-40.5
 10
338.0
 20
-40.25
 10
338.0
 20
-40.0
 10
338.0
 20
-39.75
 10
338.0
 20
-39.5
 10
338.0
 20
-39.25
 10
338.0
 20
-39.0
 10
338.0
 20
-38.75
 10
338.0
 20
-38.5
 10
338.0
 20
-38.25
 10
338.0
 20
-38.00000000000001
 10
338.0
 20
-37.74999999999999
 10
338.0
 20
-37.5
 10
338.0
 20
-37.25
 10
338.0
 20
-37.0
 10
338.0
 20
-36.75
 10
338.0
 20
-36.5
 10
338.0
 20
-36.25
 10
338.0
 20
-36.0
 10
338.0
 20
-35.75
 10
338.0
 20
-35.5
 10
338.0
 20
-35.25000000000001
 10
338.0
 20
-35.0
 10
338.0
 20
-34.75
 10
338.0
 20
-34.5
 10
338.0
 20
-34.25
 10
338.0
 20
-34.0
 10
338.0
 20
-33.75
 10
338.0
 20
-33.5
 10
338.0
 20
-33.25
 10
338.0
 20
-33.0
 10
338.0
 20
-32.75
 10
338.0
 20
-32.5
 10
338.0
 20
-32.24999999999999
 10
338.0
 20
-31.999999999999996
 10
338.0
 20
-31.749999999999996
 10
338.0
 20
-31.5
 10
338.0
 20
-31.25
 10
338.0
 20
-31.0
 10
338.0
 20
-30.75
 10
338.0
 20
-30.5
 10
338.0
 20
-30.25
 10
338.0
 20
-30.000000000000004
 10
338.0
 20
-29.750000000000004
 10
338.0
 20
-29.499999999999993
 10
338.0
 20
-29.249999999999996
 10
338.0
 20
-28.999999999999996
 10
338.0
 20
-28.749999999999996
 10
338.0
 20
-28.5
 10
338.0
 20
-28.25
 10
338.0
 20
-28.0
 10
338.0
 20
-27.75
 10
338.0
 20
-27.500000000000004
 10
338.0
 20
-27.250000000000004
 10
338.0
 20
-27.000000000000004
 10
338.0
 20
-26.750000000000004
 10
338.0
 20
-26.499999999999996
 10
338.0
 20
-26.249999999999996
 10
338.0
 20
-25.999999999999996
 10
338.0
 20
-25.75
 10
338.0
 20
-25.5
 10
338.0
 20
-25.25
 10
338.0
 20
-25.0
 10
338.0
 20
-24.750000000000004
 10
338.0
 20
-24.500000000000004
 10
338.0
 20
-24.250000000000004
 10
338.0
 20
-24.000000000000004
 10
338.0
 20
-23.749999999999996
 10
338.0
 20
-23.499999999999996
 10
338.0
 20
-23.249999999999996
 10
338.0
 20
-23.0
 10
338.0
 20
-22.75
 10
338.0
 20
-22.5
 10
338.0
 20
-22.25
 10
338.0
 20
-22.0
 10
338.0
 20
-21.750000000000004
 10
338.0
 20
-21.500000000000004
 10
338.0
 20
-21.250000000000004
 10
338.0
 20
-20.999999999999996
 10
338.0
 20
-20.749999999999996
 10
338.0
 20
-20.499999999999996
 10
338.0
 20
-20.249999999999996
 10
338.0
 20
-20.0
 10
338.0
 20
-19.75
 10
338.0
 20
-19.5
 10
338.0
 20
-19.25
 10
338.0
 20
-19.000000000000004
 10
338.0
 20
-18.750000000000004
 10
338.0
 20
-18.499999999999993
 10
338.0
 20
-18.249999999999996
 10
338.0
 20
-18.000000000000007
 10
338.0
 20
-17.749999999999996
 10
338.0
 20
-17.500000000000007
 10
338.0
 20
-17.25
 10
338.0
 20
-17.0
 10
338.0
 20
-16.74999999999999
 10
338.0
 20
-16.5
 10
338.0
 20
-16.249999999999993
 10
338.0
 20
-16.000000000000004
 10
338.0
 20
-15.750000000000004
 10
338.0
 20
-15.500000000000004
 10
338.0
 20
-15.250000000000007
 10
338.0
 20
-14.999999999999996
 10
338.0
 20
-14.749999999999996
 10
338.0
 20
-14.49999999999999
 10
338.0
 20
-14.25
 10
338.0
 20
-14.00000000000001
 10
338.0
 20
-13.75
 10
338.0
 20
-13.50000000000001
 10
338.0
 20
-13.250000000000004
 10
338.0
 20
-13.000000000000004
 10
338.0
 20
-12.749999999999993
 10
338.0
 20
-12.499999999999993
 10
338.0
 20
-12.25
 10
338.0
 20
-12.0
 10
338.0
 20
-11.75
 10
338.0
 20
-11.5
 10
338.0
 20
-11.25
 10
338.0
 20
-11.0
 10
338.0
 20
-10.75
 10
338.0
 20
-10.5
 10
338.0
 20
-10.25
 10
338.0
 20
-10.000000000000007
 10
338.0
 20
-9.749999999999993
 10
338.0
 20
-9.499999999999993
 10
338.0
 20
-9.25
 10
338.0
 20
-9.0
 10
338.0
 20
-8.75
 10
338.0
 20
-8.5
 10
338.0
 20
-8.25
 10
338.0
 20
-8.0
 10
338.0
 20
-7.75
 10
338.0
 20
-7.5
 10
338.0
 20
-7.250000000000007
 10
338.0
 20
-6.999999999999993
 10
338.0
 20
-6.749999999999993
 10
338.0
 20
-6.5
 10
338.0
 20
-6.25
 10
338.0
 20
-6.0
 10
338.0
 20
-5.75
 10
338.0
 20
-5.5
 10
338.0
 20
-5.25
 10
338.0
 20
-5.0
 10
338.0
 20
-4.75
 10
338.0
 20
-4.500000000000007
 10
338.0
 20
-4.250000000000007
 10
338.0
 20
-3.999999999999993
 10
338.0
 20
-3.75
 10
338.0
 20
-3.5
 10
338.0
 20
-3.25
 10
338.0
 20
-3.0
 10
338.0
 20
-2.75
 10
338.0
 20
-2.5
 10
338.0
 20
-2.25
 10
338.0
 20
-2.0
 10
338.0
 20
-1.750000000000007
 10
338.0
 20
-1.500000000000007
 10
338.0
 20
-1.249999999999993
 10
338.0
 20
-1.0
 10
338.0
 20
-0.75
 10
338.0
 20
-0.5
 10
338.0
 20
-0.25
 10
338.0
 20
0.0
 10
338.0
 20
0.25
 10
338.0
 20
0.5
 10
338.0
 20
0.75
 10
338.0
 20
1.0
 10
338.0
 20
1.249999999999993
 10
338.0
 20
1.499999999999993
 10
338.0
 20
1.749999999999993
 10
338.0
 20
1.999999999999993
 10
338.0
 20
2.25
 10
338.0
 20
2.5
 10
338.0
 20
2.75
 10
338.0
 20
3.0
 10
338.0
 20
3.25
 10
338.0
 20
3.5
 10
338.0
 20
3.750000000000007
 10
338.0
 20
4.000000000000007
 10
338.0
 20
4.250000000000007
 10
338.0
 20
4.500000000000007
 10
338.0
 20
4.75
 10
338.0
 20
5.0
 10
338.0
 20
5.25
 10
338.0
 20
5.5
 10
338.0
 20
5.75
 10
338.0
 20
6.0
 10
338.0
 20
6.25
 10
338.0
 20
6.5
 10
338.0
 20
6.749999999999993
 10
338.0
 20
6.999999999999993
 10
338.0
 20
7.249999999999993
 10
338.0
 20
7.499999999999993
 10
338.0
 20
7.75
 10
338.0
 20
8.0
 10
338.0
 20
8.25
 10
338.0
 20
8.5
 10
338.0
 20
8.75
 10
338.0
 20
9.0
 10
338.0
 20
9.250000000000007
 10
338.0
 20
9.500000000000007
 10
338.0
 20
9.750000000000007
 10
338.0
 20
10.000000000000007
 10
338.0
 20
10.25
 10
338.0
 20
10.5
 10
338.0
 20
10.75
 10
338.0
 20
11.0
 10
338.0
 20
11.25
 10
338.0
 20
11.5
 10
338.0
 20
11.75
 10
338.0
 20
12.0
 10
338.0
 20
12.25
 10
338.0
 20
12.499999999999993
 10
338.0
 20
12.749999999999993
 10
338.0
 20
12.999999999999993
 10
338.0
 20
13.25
 10
338.0
 20
13.499999999999993
 10
338.0
 20
13.749999999999993
 10
338.0
 20
14.0
 10
338.0
 20
14.25
 10
338.0
 20
14.5
 10
338.0
 20
14.75
 10
338.0
 20
15.000000000000007
 10
338.0
 20
15.250000000000007
 10
338.0
 20
15.499999999999993
 10
338.0
 20
15.749999999999993
 10
338.0
 20
16.0
 10
338.0
 20
16.25
 10
338.0
 20
16.5
 10
338.0
 20
16.75
 10
338.0
 20
17.0
 10
338.0
 20
17.25
 10
338.0
 20
17.5
 10
338.0
 20
17.75
 10
338.0
 20
17.999999999999993
 10
338.0
 20
18.249999999999993
 10
338.0
 20
18.499999999999993
 10
338.0
 20
18.749999999999993
 10
338.0
 20
19.0
 10
338.0
 20
19.25
 10
338.0
 20
19.5
 10
338.0
 20
19.75
 10
338.0
 20
20.0
 10
338.0
 20
20.25
 10
338.0
 20
20.5
 10
338.0
 20
20.75
 10
338.0
 20
21.0
 10
338.0
 20
21.25
 10
338.0
 20
21.5
 10
338.0
 20
21.75
 10
338.0
 20
22.0
 10
338.0
 20
22.25
 10
338.0
 20
22.5
 10
338.0
 20
22.75
 10
338.0
 20
23.0
 10
338.0
 20
23.25
 10
338.0
 20
23.5
 10
338.0
 20
23.75
 10
338.0
 20
24.0
 10
338.0
 20
24.25
 10
338.0
 20
24.5
 10
338.0
 20
24.75
 10
338.0
 20
25.0
 10
338.0
 20
25.25
 10
338.0
 20
25.5
 10
338.0
 20
25.75
 10
338.0
 20
26.0
 10
338.0
 20
26.25
 10
338.0
 20
26.5
 10
338.0
 20
26.75
 10
338.0
 20
27.0
 10
338.0
 20
27.25
 10
338.0
 20
27.5
 10
338.0
 20
27.75
 10
338.0
 20
28.0
 10
338.0
 20
28.25
 10
338.0
 20
28.5
 10
338.0
 20
28.75
 10
338.0
 20
29.0
 10
338.0
 20
29.25
 10
338.0
 20
29.5
 10
338.0
 20
29.75
 10
338.0
 20
30.0
 10
338.0
 20
30.249999999999986
 10
338.0
 20
30.5
 10
338.0
 20
30.75
 10
338.0
 20
31.0
 10
338.0
 20
31.25
 10
338.0
 20
31.5
 10
338.0
 20
31.75
 10
338.0
 20
32.0
 10
338.0
 20
32.25
 10
338.0
 20
32.5
 10
338.0
 20
32.75
 10
338.0
 20
33.0
 10
338.0
 20
33.25
 10
338.0
 20
33.5
 10
338.0
 20
33.75
 10
338.0
 20
34.0
 10
338.0
 20
34.25
 10
338.0
 20
34.5
 10
338.0
 20
34.75
 10
338.0
 20
35.0
 10
338.0
 20
35.25
 10
338.0
 20
35.5
 10
338.0
 20
35.75
 10
338.0
 20
36.0
 10
338.0
 20
36.25
 10
338.0
 20
36.5
 10
338.0
 20
36.75
 10
338.0
 20
37.0
 10
338.0
 20
37.25
 10
338.0
 20
37.5
 10
338.0
 20
37.75
 10
338.0
 20
38.0
 10
338.0
 20
38.25
 10
338.0
 20
38.5
 10
338.0
 20
38.75
 10
338.0
 20
39.0
 10
338.0
 20
39.25
 10
338.0
 20
39.5
 10
338.0
 20
39.75
 10
338.0
 20
40.0
 10
338.0
 20
40.25
 10
338.0
 20
40.5
 10
338.0
 20
40.75
 10
338.0
 20
41.0
 10
338.0
 20
41.25
 10
338.0
 20
41.5
 10
338.0
 20
41.75
 10
338.0
 20
42.0
 10
338.0
 20
42.25
 10
338.0
 20
42.5
 10
338.0
 20
42.75
 10
338.0
 20
43.0
 10
338.0
 20
43.25
 10
338.0
 20
43.5
 10
338.0
 20
43.75
 10
338.0
 20
44.0
 10
338.0
 20
44.25
 10
338.0
 20
44.5
 10
338.0
 20
44.75
  0
LWPOLYLINE
  5
75
330
17
100
AcDbEntity
  8
REFERENCE_GEOMETRY
100
AcDbPolyline
 90
72
 70
1
 10
353.29999999841027
 20
-29.999999999893905
 10
353.28744250211304
 20
-29.71238604882645
 10
353.2498655833505
 20
-29.426961013592667
 10
353.18755522516415
 20
-29.14589715105504
 10
353.10098564700365
 20
-28.871333526918473
 10
352.990815695631
 20
-28.605359736148703
 10
352.85788383089863
 20
-28.349999999892848
 10
352.70320174456356
 20
-28.107197759934238
 10
352.5279466607024
 20
-27.878800887926964
 10
352.3334523763253
 20
-27.6665476219768
 10
352.1211991103751
 20
-27.472053337599657
 10
351.89280223836784
 20
-27.296798253738498
 10
351.6499999984092
 20
-27.142116167403426
 10
351.39464026215336
 20
-27.00918430267104
 10
351.1286664713836
 20
-26.89901435129842
 10
350.854102847247
 20
-26.812444773137937
 10
350.5730389847094
 20
-26.750134414951535
 10
350.2876139494756
 20
-26.712557496189035
 10
349.99999999840816
 20
-26.699999999891787
 10
349.7123860473407
 20
-26.712557496189035
 10
349.4269610121069
 20
-26.750134414951535
 10
349.1458971495693
 20
-26.812444773137933
 10
348.8713335254327
 20
-26.89901435129842
 10
348.60535973466295
 20
-27.00918430267104
 10
348.3499999984071
 20
-27.142116167403426
 10
348.1071977584485
 20
-27.296798253738498
 10
347.87880088644124
 20
-27.472053337599657
 10
347.66654762049103
 20
-27.6665476219768
 10
347.4720533361139
 20
-27.878800887926964
 10
347.29679825225276
 20
-28.10719775993424
 10
347.1421161659177
 20
-28.349999999892844
 10
347.0091843011853
 20
-28.605359736148703
 10
346.89901434981266
 20
-28.871333526918473
 10
346.81244477165217
 20
-29.14589715105504
 10
346.7501344134658
 20
-29.426961013592667
 10
346.7125574947033
 20
-29.71238604882645
 10
346.69999999840604
 20
-29.999999999893905
 10
346.7125574947033
 20
-30.28761395096136
 10
346.7501344134658
 20
-30.573038986195144
 10
346.81244477165217
 20
-30.85410284873277
 10
346.89901434981266
 20
-31.128666472869337
 10
347.0091843011853
 20
-31.394640263639108
 10
347.1421161659177
 20
-31.649999999894963
 10
347.29679825225276
 20
-31.89280223985357
 10
347.4720533361139
 20
-32.12119911186085
 10
347.66654762049103
 20
-32.33345237781101
 10
347.87880088644124
 20
-32.52794666218816
 10
348.1071977584485
 20
-32.70320174604932
 10
348.3499999984071
 20
-32.85788383238439
 10
348.60535973466295
 20
-32.990815697116766
 10
348.8713335254327
 20
-33.10098564848939
 10
349.1458971495693
 20
-33.18755522664988
 10
349.4269610121069
 20
-33.24986558483628
 10
349.7123860473407
 20
-33.287442503598776
 10
349.99999999840816
 20
-33.29999999989602
 10
350.2876139494756
 20
-33.287442503598776
 10
350.5730389847094
 20
-33.24986558483628
 10
350.854102847247
 20
-33.18755522664988
 10
351.1286664713836
 20
-33.10098564848939
 10
351.39464026215336
 20
-32.99081569711677
 10
351.6499999984092
 20
-32.85788383238439
 10
351.89280223836784
 20
-32.70320174604931
 10
352.1211991103751
 20
-32.52794666218816
 10
352.3334523763253
 20
-32.33345237781101
 10
352.5279466607024
 20
-32.12119911186085
 10
352.70320174456356
 20
-31.892802239853573
 10
352.85788383089863
 20
-31.649999999894963
 10
352.990815695631
 20
-31.39464026363911
 10
353.10098564700365
 20
-31.128666472869334
 10
353.18755522516415
 20
-30.854102848732772
 10
353.2498655833505
 20
-30.573038986195144
 10
353.28744250211304
 20
-30.28761395096136
  0
LWPOLYLINE
  5
76
330
17
100
AcDbEntity
  8
REFERENCE_GEOMETRY
100
AcDbPolyline
 90
72
 70
1
 10
353.29999999694434
 20
29.999999999780044
 10
353.2874425006471
 20
30.28761395084731
 10
353.24986558188465
 20
30.5730389860809
 10
353.18755522369827
 20
30.85410284861834
 10
353.10098564553783
 20
31.12866647275472
 10
352.9908156941653
 20
31.394640263524316
 10
352.85788382943304
 20
31.64999999978
 10
352.703201743098
 20
31.892802239738447
 10
352.527946659237
 20
32.12119911174557
 10
352.33345237486
 20
32.333452377695586
 10
352.12119910890993
 20
32.5279466620726
 10
351.89280223690287
 20
32.70320174593365
 10
351.6499999969444
 20
32.85788383226861
 10
351.39464026068873
 20
32.99081569700091
 10
351.1286664699191
 20
33.10098564837346
 10
350.85410284578273
 20
33.18755522653388
 10
350.5730389832453
 20
33.24986558472025
 10
350.2876139480117
 20
33.287442503482715
 10
349.99999999694444
 20
33.299999999779956
 10
349.71238604587717
 20
33.287442503482715
 10
349.4269610106436
 20
33.24986558472025
 10
349.14589714810614
 20
33.18755522653389
 10
348.8713335239698
 20
33.10098564837346
 10
348.60535973320015
 20
32.99081569700091
 10
348.34999999694446
 20
32.85788383226861
 10
348.107197756986
 20
32.70320174593365
 10
347.87880088497894
 20
32.5279466620726
 10
347.6665476190289
 20
32.333452377695586
 10
347.4720533346519
 20
32.12119911174557
 10
347.29679825079086
 20
31.892802239738444
 10
347.14211616445584
 20
31.64999999978
 10
347.0091842997236
 20
31.394640263524316
 10
346.89901434835105
 20
31.128666472754723
 10
346.8124447701906
 20
30.85410284861834
 10
346.75013441200423
 20
30.5730389860809
 10
346.7125574932418
 20
30.28761395084731
 10
346.69999999694454
 20
29.999999999780044
 10
346.7125574932418
 20
29.71238604871278
 10
346.75013441200423
 20
29.42696101347919
 10
346.8124447701906
 20
29.14589715094175
 10
346.89901434835105
 20
28.87133352680537
 10
347.0091842997236
 20
28.605359736035776
 10
347.14211616445584
 20
28.34999999978009
 10
347.29679825079086
 20
28.107197759821645
 10
347.4720533346519
 20
27.878800887814524
 10
347.6665476190289
 20
27.6665476218645
 10
347.8788008849789
 20
27.472053337487484
 10
348.107197756986
 20
27.29679825362644
 10
348.34999999694446
 20
27.142116167291473
 10
348.60535973320015
 20
27.00918430255918
 10
348.8713335239698
 20
26.89901435118663
 10
349.14589714810614
 20
26.812444773026204
 10
349.4269610106436
 20
26.750134414839845
 10
349.71238604587717
 20
26.712557496077373
 10
349.99999999694444
 20
26.699999999780132
 10
350.2876139480117
 20
26.712557496077373
 10
350.5730389832453
 20
26.750134414839845
 10
350.85410284578273
 20
26.812444773026204
 10
351.1286664699191
 20
26.89901435118663
 10
351.39464026068873
 20
27.009184302559177
 10
351.6499999969444
 20
27.142116167291473
 10
351.89280223690287
 20
27.296798253626445
 10
352.12119910890993
 20
27.472053337487484
 10
352.33345237486
 20
27.6665476218645
 10
352.527946659237
 20
27.87880088781452
 10
352.703201743098
 20
28.10719775982164
 10
352.85788382943304
 20
28.34999999978009
 10
352.9908156941653
 20
28.605359736035773
 10
353.10098564553783
 20
28.87133352680537
 10
353.18755522369827
 20
29.14589715094175
 10
353.24986558188465
 20
29.42696101347919
 10
353.2874425006471
 20
29.71238604871278
  0
DIMENSION
  5
77
330
17
100
AcDbEntity
  8
REFERENCE_DIMENSIONS
100
AcDbDimension
280
0
  2
*D3
  3
Standard
 10
338.0
 20
-63.0
 30
0.0
 11
350.0
 21
-63.0
 31
0.0
 70
32
 71
5
  1
<>
100
AcDbAlignedDimension
 13
338.0
 23
-45.0
 33
0.0
 14
362.0
 24
-45.0
 34
0.0
 50
0.0
100
AcDbRotatedDimension
1001
ACAD
1000
DSTYLE
1002
{
1070
140
1040
3.0
1070
41
1040
2.0
1070
271
1070
3
1002
}
  0
DIMENSION
  5
87
330
17
100
AcDbEntity
  8
REFERENCE_DIMENSIONS
100
AcDbDimension
280
0
  2
*D4
  3
Standard
 10
380.0
 20
-45.0
 30
0.0
 11
380.0
 21
0.0
 31
0.0
 70
32
 71
5
  1
<>
100
AcDbAlignedDimension
 13
362.0
 23
-45.0
 33
0.0
 14
362.0
 24
45.0
 34
0.0
 50
90.0
100
AcDbRotatedDimension
1001
ACAD
1000
DSTYLE
1002
{
1070
140
1040
3.0
1070
41
1040
2.0
1070
271
1070
3
1002
}
  0
LINE
  5
97
330
17
100
AcDbEntity
  8
REFERENCE_DATUMS
100
AcDbLine
 10
340.0
 20
0.0
 30
0.0
 11
360.0
 21
0.0
 31
0.0
  0
LINE
  5
98
330
17
100
AcDbEntity
  8
REFERENCE_DATUMS
100
AcDbLine
 10
350.0
 20
-10.0
 30
0.0
 11
350.0
 21
10.0
 31
0.0
  0
TEXT
  5
99
330
17
100
AcDbEntity
  8
REFERENCE_NOTES
100
AcDbText
 10
338.0
 20
65.0
 30
0.0
 40
5.0
  1
WP01-SA-ADJUSTABLE-SHOE-R2
100
AcDbText
  0
TEXT
  5
9A
330
17
100
AcDbEntity
  8
REFERENCE_NOTES
100
AcDbText
 10
240.0
 20
-83.0
 30
0.0
 40
3.0
  1
NOT_FOR_MANUFACTURE | mm | WP02 R1
100
AcDbText
  0
TEXT
  5
9B
330
17
100
AcDbEntity
  8
REFERENCE_NOTES
100
AcDbText
 10
240.0
 20
-90.0
 30
0.0
 40
3.0
  1
24 x 90 x 8 mm; 2 x D6.6 @ (0,+/-30)
100
AcDbText
  0
TEXT
  5
9C
330
17
100
AcDbEntity
  8
REFERENCE_NOTES
100
AcDbText
 10
240.0
 20
-97.0
 30
0.0
 40
3.0
  1
Adjustment Z +/-8; independent release drop 30 mm
100
AcDbText
  0
TEXT
  5
9D
330
17
100
AcDbEntity
  8
REFERENCE_NOTES
100
AcDbText
 10
240.0
 20
-104.0
 30
0.0
 40
3.0
  1
Local pad x=0; centers y=+/-12 mm
100
AcDbText
  0
TEXT
  5
9E
330
17
100
AcDbEntity
  8
REFERENCE_NOTES
100
AcDbText
 10
240.0
 20
-111.0
 30
0.0
 40
3.0
  1
Pad footprint 4 x 8 each; min thickness 3 mm
100
AcDbText
  0
TEXT
  5
9F
330
17
100
AcDbEntity
  8
REFERENCE_NOTES
100
AcDbText
 10
240.0
 20
-118.0
 30
0.0
 40
3.0
  1
STL tangent: max sampled gap 0.125863 mm
100
AcDbText
  0
TEXT
  5
A0
330
17
100
AcDbEntity
  8
REFERENCE_NOTES
100
AcDbText
 10
240.0
 20
-125.0
 30
0.0
 40
3.0
  1
No preload/allowable pressure has been specified
100
AcDbText
  0
LWPOLYLINE
  5
A1
330
17
100
AcDbEntity
  8
REFERENCE_GEOMETRY
100
AcDbPolyline
 90
912
 70
1
 10
688.0
 20
45.0
 10
688.25
 20
45.0
 10
688.5
 20
45.0
 10
688.75
 20
45.0
 10
689.0
 20
45.0
 10
689.25
 20
45.0
 10
689.5
 20
45.0
 10
689.75
 20
45.0
 10
690.0
 20
45.0
 10
690.25
 20
45.0
 10
690.5
 20
45.0
 10
690.75
 20
45.0
 10
691.0
 20
45.0
 10
691.25
 20
45.0
 10
691.5
 20
45.0
 10
691.75
 20
45.0
 10
692.0
 20
45.0
 10
692.25
 20
45.0
 10
692.5
 20
45.0
 10
692.75
 20
45.0
 10
693.0
 20
45.0
 10
693.25
 20
45.0
 10
693.5
 20
45.0
 10
693.75
 20
45.0
 10
694.0
 20
45.0
 10
694.25
 20
45.0
 10
694.5
 20
45.0
 10
694.75
 20
45.0
 10
695.0
 20
45.0
 10
695.25
 20
45.0
 10
695.5
 20
45.0
 10
695.75
 20
45.0
 10
696.0
 20
45.0
 10
696.25
 20
45.0
 10
696.5
 20
45.0
 10
696.75
 20
45.0
 10
697.0
 20
45.0
 10
697.25
 20
45.0
 10
697.5
 20
45.0
 10
697.75
 20
45.0
 10
698.0
 20
45.0
 10
698.25
 20
45.0
 10
698.5
 20
45.0
 10
698.75
 20
45.0
 10
699.0
 20
45.0
 10
699.25
 20
45.0
 10
699.5
 20
45.0
 10
699.75
 20
45.0
 10
700.0
 20
45.0
 10
700.25
 20
45.0
 10
700.5
 20
45.0
 10
700.75
 20
45.0
 10
701.0
 20
45.0
 10
701.25
 20
45.0
 10
701.5
 20
45.0
 10
701.75
 20
45.0
 10
702.0
 20
45.0
 10
702.25
 20
45.0
 10
702.5
 20
45.0
 10
702.75
 20
45.0
 10
703.0
 20
45.0
 10
703.25
 20
45.0
 10
703.5
 20
45.0
 10
703.75
 20
45.0
 10
704.0
 20
45.0
 10
704.25
 20
45.0
 10
704.5
 20
45.0
 10
704.75
 20
45.0
 10
705.0
 20
45.0
 10
705.25
 20
45.0
 10
705.5
 20
45.0
 10
705.75
 20
45.0
 10
706.0
 20
45.0
 10
706.25
 20
45.0
 10
706.5
 20
45.0
 10
706.75
 20
45.0
 10
707.0
 20
45.0
 10
707.25
 20
45.0
 10
707.5
 20
45.0
 10
707.75
 20
45.0
 10
708.0
 20
45.0
 10
708.25
 20
45.0
 10
708.5
 20
45.0
 10
708.75
 20
45.0
 10
709.0
 20
45.0
 10
709.25
 20
45.0
 10
709.5
 20
45.0
 10
709.75
 20
45.0
 10
710.0
 20
45.0
 10
710.25
 20
45.0
 10
710.5
 20
45.0
 10
710.75
 20
45.0
 10
711.0
 20
45.0
 10
711.25
 20
45.0
 10
711.5
 20
45.0
 10
711.75
 20
45.0
 10
712.0
 20
45.0
 10
712.0
 20
44.75
 10
712.0
 20
44.5
 10
712.0
 20
44.25
 10
712.0
 20
44.0
 10
712.0
 20
43.75
 10
712.0
 20
43.5
 10
712.0
 20
43.25
 10
712.0
 20
43.0
 10
712.0
 20
42.75
 10
712.0
 20
42.5
 10
712.0
 20
42.25
 10
712.0
 20
42.0
 10
712.0
 20
41.75
 10
712.0
 20
41.5
 10
712.0
 20
41.25
 10
712.0
 20
41.0
 10
712.0
 20
40.75
 10
712.0
 20
40.5
 10
712.0
 20
40.25
 10
712.0
 20
40.0
 10
712.0
 20
39.75
 10
712.0
 20
39.5
 10
712.0
 20
39.25
 10
712.0
 20
39.0
 10
712.0
 20
38.75
 10
712.0
 20
38.5
 10
712.0
 20
38.25
 10
712.0
 20
38.0
 10
712.0
 20
37.75
 10
712.0
 20
37.5
 10
712.0
 20
37.25
 10
712.0
 20
37.0
 10
712.0
 20
36.75
 10
712.0
 20
36.5
 10
712.0
 20
36.25
 10
712.0
 20
36.0
 10
712.0
 20
35.75
 10
712.0
 20
35.5
 10
712.0
 20
35.25
 10
712.0
 20
35.0
 10
712.0
 20
34.75
 10
712.0
 20
34.5
 10
712.0
 20
34.25
 10
712.0
 20
34.0
 10
712.0
 20
33.75
 10
712.0
 20
33.5
 10
712.0
 20
33.25
 10
712.0
 20
33.0
 10
712.0
 20
32.75
 10
712.0
 20
32.5
 10
712.0
 20
32.25
 10
712.0
 20
32.0
 10
712.0
 20
31.75
 10
712.0
 20
31.5
 10
712.0
 20
31.25
 10
712.0
 20
31.0
 10
712.0
 20
30.75
 10
712.0
 20
30.5
 10
712.0
 20
30.25
 10
712.0
 20
30.0
 10
712.0
 20
29.75
 10
712.0
 20
29.5
 10
712.0
 20
29.25
 10
712.0
 20
29.0
 10
712.0
 20
28.75
 10
712.0
 20
28.5
 10
712.0
 20
28.25
 10
712.0
 20
28.0
 10
712.0
 20
27.75
 10
712.0
 20
27.5
 10
712.0
 20
27.25
 10
712.0
 20
27.0
 10
712.0
 20
26.75
 10
712.0
 20
26.5
 10
712.0
 20
26.25
 10
712.0
 20
26.0
 10
712.0
 20
25.75
 10
712.0
 20
25.5
 10
712.0
 20
25.25
 10
712.0
 20
25.0
 10
712.0
 20
24.75
 10
712.0
 20
24.5
 10
712.0
 20
24.25
 10
712.0
 20
24.0
 10
712.0
 20
23.75
 10
712.0
 20
23.5
 10
712.0
 20
23.25
 10
712.0
 20
23.0
 10
712.0
 20
22.75
 10
712.0
 20
22.5
 10
712.0
 20
22.25
 10
712.0
 20
22.0
 10
712.0
 20
21.75
 10
712.0
 20
21.5
 10
712.0
 20
21.25
 10
712.0
 20
21.0
 10
712.0
 20
20.75
 10
712.0
 20
20.5
 10
712.0
 20
20.25
 10
712.0
 20
20.0
 10
712.0
 20
19.75
 10
712.0
 20
19.5
 10
712.0
 20
19.25
 10
712.0
 20
19.0
 10
712.0
 20
18.75
 10
712.0
 20
18.500000000000007
 10
712.0
 20
18.249999999999993
 10
712.0
 20
17.999999999999993
 10
712.0
 20
17.75
 10
712.0
 20
17.5
 10
712.0
 20
17.25
 10
712.0
 20
17.0
 10
712.0
 20
16.75
 10
712.0
 20
16.5
 10
712.0
 20
16.25
 10
712.0
 20
16.0
 10
712.0
 20
15.750000000000007
 10
712.0
 20
15.500000000000007
 10
712.0
 20
15.249999999999993
 10
712.0
 20
15.0
 10
712.0
 20
14.75
 10
712.0
 20
14.5
 10
712.0
 20
14.25
 10
712.0
 20
14.0
 10
712.0
 20
13.75
 10
712.0
 20
13.5
 10
712.0
 20
13.25
 10
712.0
 20
13.000000000000007
 10
712.0
 20
12.750000000000007
 10
712.0
 20
12.499999999999993
 10
712.0
 20
12.25
 10
712.0
 20
12.0
 10
712.0
 20
11.75
 10
712.0
 20
11.5
 10
712.0
 20
11.25
 10
712.0
 20
11.0
 10
712.0
 20
10.75
 10
712.0
 20
10.5
 10
712.0
 20
10.25
 10
712.0
 20
10.000000000000007
 10
712.0
 20
9.749999999999993
 10
712.0
 20
9.499999999999993
 10
712.0
 20
9.25
 10
712.0
 20
9.0
 10
712.0
 20
8.75
 10
712.0
 20
8.5
 10
712.0
 20
8.25
 10
712.0
 20
8.0
 10
712.0
 20
7.75
 10
712.0
 20
7.5
 10
712.0
 20
7.250000000000007
 10
712.0
 20
6.999999999999993
 10
712.0
 20
6.749999999999993
 10
712.0
 20
6.5
 10
712.0
 20
6.25
 10
712.0
 20
6.0
 10
712.0
 20
5.75
 10
712.0
 20
5.5
 10
712.0
 20
5.25
 10
712.0
 20
5.0
 10
712.0
 20
4.75
 10
712.0
 20
4.500000000000007
 10
712.0
 20
4.250000000000007
 10
712.0
 20
3.999999999999993
 10
712.0
 20
3.75
 10
712.0
 20
3.5
 10
712.0
 20
3.25
 10
712.0
 20
3.0
 10
712.0
 20
2.75
 10
712.0
 20
2.5
 10
712.0
 20
2.25
 10
712.0
 20
2.0
 10
712.0
 20
1.750000000000007
 10
712.0
 20
1.500000000000007
 10
712.0
 20
1.249999999999993
 10
712.0
 20
1.0
 10
712.0
 20
0.75
 10
712.0
 20
0.5
 10
712.0
 20
0.25
 10
712.0
 20
0.0
 10
712.0
 20
-0.25
 10
712.0
 20
-0.5
 10
712.0
 20
-0.75
 10
712.0
 20
-1.0
 10
712.0
 20
-1.25
 10
712.0
 20
-1.5
 10
712.0
 20
-1.75
 10
712.0
 20
-2.0
 10
712.0
 20
-2.25
 10
712.0
 20
-2.5
 10
712.0
 20
-2.75
 10
712.0
 20
-3.0
 10
712.0
 20
-3.25
 10
712.0
 20
-3.5
 10
712.0
 20
-3.75
 10
712.0
 20
-4.0
 10
712.0
 20
-4.25
 10
712.0
 20
-4.5
 10
712.0
 20
-4.75
 10
712.0
 20
-5.0
 10
712.0
 20
-5.25
 10
712.0
 20
-5.5
 10
712.0
 20
-5.75
 10
712.0
 20
-6.0
 10
712.0
 20
-6.25
 10
712.0
 20
-6.5
 10
712.0
 20
-6.75
 10
712.0
 20
-7.0
 10
712.0
 20
-7.25
 10
712.0
 20
-7.5
 10
712.0
 20
-7.75
 10
712.0
 20
-8.0
 10
712.0
 20
-8.25
 10
712.0
 20
-8.5
 10
712.0
 20
-8.75
 10
712.0
 20
-9.0
 10
712.0
 20
-9.25
 10
712.0
 20
-9.5
 10
712.0
 20
-9.75
 10
712.0
 20
-10.0
 10
712.0
 20
-10.25
 10
712.0
 20
-10.5
 10
712.0
 20
-10.75
 10
712.0
 20
-11.0
 10
712.0
 20
-11.25
 10
712.0
 20
-11.5
 10
712.0
 20
-11.75
 10
712.0
 20
-12.0
 10
712.0
 20
-12.25
 10
712.0
 20
-12.5
 10
712.0
 20
-12.75
 10
712.0
 20
-13.0
 10
712.0
 20
-13.249999999999996
 10
712.0
 20
-13.500000000000004
 10
712.0
 20
-13.75
 10
712.0
 20
-14.0
 10
712.0
 20
-14.25
 10
712.0
 20
-14.5
 10
712.0
 20
-14.749999999999996
 10
712.0
 20
-15.0
 10
712.0
 20
-15.25
 10
712.0
 20
-15.5
 10
712.0
 20
-15.75
 10
712.0
 20
-15.999999999999996
 10
712.0
 20
-16.250000000000004
 10
712.0
 20
-16.5
 10
712.0
 20
-16.75
 10
712.0
 20
-17.0
 10
712.0
 20
-17.25
 10
712.0
 20
-17.499999999999996
 10
712.0
 20
-17.750000000000004
 10
712.0
 20
-18.0
 10
712.0
 20
-18.25
 10
712.0
 20
-18.5
 10
712.0
 20
-18.75
 10
712.0
 20
-19.000000000000004
 10
712.0
 20
-19.25
 10
712.0
 20
-19.5
 10
712.0
 20
-19.75
 10
712.0
 20
-20.0
 10
712.0
 20
-20.249999999999996
 10
712.0
 20
-20.500000000000004
 10
712.0
 20
-20.75
 10
712.0
 20
-21.0
 10
712.0
 20
-21.25
 10
712.0
 20
-21.5
 10
712.0
 20
-21.749999999999996
 10
712.0
 20
-22.0
 10
712.0
 20
-22.25
 10
712.0
 20
-22.5
 10
712.0
 20
-22.75
 10
712.0
 20
-23.0
 10
712.0
 20
-23.25
 10
712.0
 20
-23.5
 10
712.0
 20
-23.75
 10
712.0
 20
-24.0
 10
712.0
 20
-24.25
 10
712.0
 20
-24.5
 10
712.0
 20
-24.75
 10
712.0
 20
-25.0
 10
712.0
 20
-25.25
 10
712.0
 20
-25.5
 10
712.0
 20
-25.75
 10
712.0
 20
-26.0
 10
712.0
 20
-26.25
 10
712.0
 20
-26.5
 10
712.0
 20
-26.75
 10
712.0
 20
-27.0
 10
712.0
 20
-27.25
 10
712.0
 20
-27.5
 10
712.0
 20
-27.75
 10
712.0
 20
-28.0
 10
712.0
 20
-28.25
 10
712.0
 20
-28.5
 10
712.0
 20
-28.75
 10
712.0
 20
-29.0
 10
712.0
 20
-29.25
 10
712.0
 20
-29.5
 10
712.0
 20
-29.75
 10
712.0
 20
-30.0
 10
712.0
 20
-30.25
 10
712.0
 20
-30.5
 10
712.0
 20
-30.75
 10
712.0
 20
-31.0
 10
712.0
 20
-31.249999999999986
 10
712.0
 20
-31.5
 10
712.0
 20
-31.75
 10
712.0
 20
-32.000000000000014
 10
712.0
 20
-32.249999999999986
 10
712.0
 20
-32.5
 10
712.0
 20
-32.75
 10
712.0
 20
-32.999999999999986
 10
712.0
 20
-33.25
 10
712.0
 20
-33.5
 10
712.0
 20
-33.750000000000014
 10
712.0
 20
-33.999999999999986
 10
712.0
 20
-34.25
 10
712.0
 20
-34.5
 10
712.0
 20
-34.750000000000014
 10
712.0
 20
-35.0
 10
712.0
 20
-35.25
 10
712.0
 20
-35.500000000000014
 10
712.0
 20
-35.749999999999986
 10
712.0
 20
-36.0
 10
712.0
 20
-36.25
 10
712.0
 20
-36.500000000000014
 10
712.0
 20
-36.75
 10
712.0
 20
-37.0
 10
712.0
 20
-37.250000000000014
 10
712.0
 20
-37.499999999999986
 10
712.0
 20
-37.75
 10
712.0
 20
-38.0
 10
712.0
 20
-38.250000000000014
 10
712.0
 20
-38.499999999999986
 10
712.0
 20
-38.75
 10
712.0
 20
-39.0
 10
712.0
 20
-39.249999999999986
 10
712.0
 20
-39.5
 10
712.0
 20
-39.75
 10
712.0
 20
-40.000000000000014
 10
712.0
 20
-40.249999999999986
 10
712.0
 20
-40.5
 10
712.0
 20
-40.75
 10
712.0
 20
-40.999999999999986
 10
712.0
 20
-41.25
 10
712.0
 20
-41.5
 10
712.0
 20
-41.750000000000014
 10
712.0
 20
-41.999999999999986
 10
712.0
 20
-42.25
 10
712.0
 20
-42.5
 10
712.0
 20
-42.750000000000014
 10
712.0
 20
-43.0
 10
712.0
 20
-43.25
 10
712.0
 20
-43.500000000000014
 10
712.0
 20
-43.749999999999986
 10
712.0
 20
-44.0
 10
712.0
 20
-44.25
 10
712.0
 20
-44.500000000000014
 10
712.0
 20
-44.75
 10
712.0
 20
-45.0
 10
711.75
 20
-45.0
 10
711.5
 20
-45.0
 10
711.25
 20
-45.0
 10
711.0
 20
-45.0
 10
710.75
 20
-45.0
 10
710.5
 20
-45.0
 10
710.25
 20
-45.0
 10
710.0
 20
-45.0
 10
709.75
 20
-45.0
 10
709.5
 20
-45.0
 10
709.25
 20
-45.0
 10
709.0
 20
-45.0
 10
708.75
 20
-45.0
 10
708.5
 20
-45.0
 10
708.25
 20
-45.0
 10
708.0
 20
-45.0
 10
707.75
 20
-45.0
 10
707.5
 20
-45.0
 10
707.25
 20
-45.0
 10
707.0
 20
-45.0
 10
706.75
 20
-45.0
 10
706.5
 20
-45.0
 10
706.25
 20
-45.0
 10
706.0
 20
-45.0
 10
705.75
 20
-45.0
 10
705.5
 20
-45.0
 10
705.25
 20
-45.0
 10
705.0
 20
-45.0
 10
704.75
 20
-45.0
 10
704.5
 20
-45.0
 10
704.25
 20
-45.0
 10
704.0
 20
-45.0
 10
703.75
 20
-45.0
 10
703.5
 20
-45.0
 10
703.25
 20
-45.0
 10
703.0
 20
-45.0
 10
702.75
 20
-45.0
 10
702.5
 20
-45.0
 10
702.25
 20
-45.0
 10
702.0
 20
-45.0
 10
701.75
 20
-45.0
 10
701.5
 20
-45.0
 10
701.25
 20
-45.0
 10
701.0
 20
-45.0
 10
700.75
 20
-45.0
 10
700.5
 20
-45.0
 10
700.25
 20
-45.0
 10
700.0
 20
-45.0
 10
699.75
 20
-45.0
 10
699.5
 20
-45.0
 10
699.25
 20
-45.0
 10
699.0
 20
-45.0
 10
698.75
 20
-45.0
 10
698.5
 20
-45.0
 10
698.25
 20
-45.0
 10
698.0
 20
-45.0
 10
697.75
 20
-45.0
 10
697.5
 20
-45.0
 10
697.25
 20
-45.0
 10
697.0
 20
-45.0
 10
696.75
 20
-45.0
 10
696.5
 20
-45.0
 10
696.25
 20
-45.0
 10
696.0
 20
-45.0
 10
695.75
 20
-45.0
 10
695.5
 20
-45.0
 10
695.25
 20
-45.0
 10
695.0
 20
-45.0
 10
694.75
 20
-45.0
 10
694.5
 20
-45.0
 10
694.25
 20
-45.0
 10
694.0
 20
-45.0
 10
693.75
 20
-45.0
 10
693.5
 20
-45.0
 10
693.25
 20
-45.0
 10
693.0
 20
-45.0
 10
692.75
 20
-45.0
 10
692.5
 20
-45.0
 10
692.25
 20
-45.0
 10
692.0
 20
-45.0
 10
691.75
 20
-45.0
 10
691.5
 20
-45.0
 10
691.25
 20
-45.0
 10
691.0
 20
-45.0
 10
690.75
 20
-45.0
 10
690.5
 20
-45.0
 10
690.25
 20
-45.0
 10
690.0
 20
-45.0
 10
689.75
 20
-45.0
 10
689.5
 20
-45.0
 10
689.25
 20
-45.0
 10
689.0
 20
-45.0
 10
688.75
 20
-45.0
 10
688.5
 20
-45.0
 10
688.25
 20
-45.0
 10
688.0
 20
-45.0
 10
688.0
 20
-44.75
 10
688.0
 20
-44.5
 10
688.0
 20
-44.25
 10
688.0
 20
-44.0
 10
688.0
 20
-43.75000000000001
 10
688.0
 20
-43.49999999999999
 10
688.0
 20
-43.24999999999999
 10
688.0
 20
-43.0
 10
688.0
 20
-42.75
 10
688.0
 20
-42.5
 10
688.0
 20
-42.25
 10
688.0
 20
-42.0
 10
688.0
 20
-41.75
 10
688.0
 20
-41.5
 10
688.0
 20
-41.25
 10
688.0
 20
-41.00000000000001
 10
688.0
 20
-40.74999999999999
 10
688.0
 20
-40.5
 10
688.0
 20
-40.25
 10
688.0
 20
-40.0
 10
688.0
 20
-39.75
 10
688.0
 20
-39.5
 10
688.0
 20
-39.25
 10
688.0
 20
-39.0
 10
688.0
 20
-38.75
 10
688.0
 20
-38.5
 10
688.0
 20
-38.25
 10
688.0
 20
-38.00000000000001
 10
688.0
 20
-37.74999999999999
 10
688.0
 20
-37.5
 10
688.0
 20
-37.25
 10
688.0
 20
-37.0
 10
688.0
 20
-36.75
 10
688.0
 20
-36.5
 10
688.0
 20
-36.25
 10
688.0
 20
-36.0
 10
688.0
 20
-35.75
 10
688.0
 20
-35.5
 10
688.0
 20
-35.25000000000001
 10
688.0
 20
-35.0
 10
688.0
 20
-34.75
 10
688.0
 20
-34.5
 10
688.0
 20
-34.25
 10
688.0
 20
-34.0
 10
688.0
 20
-33.75
 10
688.0
 20
-33.5
 10
688.0
 20
-33.25
 10
688.0
 20
-33.0
 10
688.0
 20
-32.75
 10
688.0
 20
-32.5
 10
688.0
 20
-32.24999999999999
 10
688.0
 20
-31.999999999999996
 10
688.0
 20
-31.749999999999996
 10
688.0
 20
-31.5
 10
688.0
 20
-31.25
 10
688.0
 20
-31.0
 10
688.0
 20
-30.75
 10
688.0
 20
-30.5
 10
688.0
 20
-30.25
 10
688.0
 20
-30.000000000000004
 10
688.0
 20
-29.750000000000004
 10
688.0
 20
-29.499999999999993
 10
688.0
 20
-29.249999999999996
 10
688.0
 20
-28.999999999999996
 10
688.0
 20
-28.749999999999996
 10
688.0
 20
-28.5
 10
688.0
 20
-28.25
 10
688.0
 20
-28.0
 10
688.0
 20
-27.75
 10
688.0
 20
-27.500000000000004
 10
688.0
 20
-27.250000000000004
 10
688.0
 20
-27.000000000000004
 10
688.0
 20
-26.750000000000004
 10
688.0
 20
-26.499999999999996
 10
688.0
 20
-26.249999999999996
 10
688.0
 20
-25.999999999999996
 10
688.0
 20
-25.75
 10
688.0
 20
-25.5
 10
688.0
 20
-25.25
 10
688.0
 20
-25.0
 10
688.0
 20
-24.750000000000004
 10
688.0
 20
-24.500000000000004
 10
688.0
 20
-24.250000000000004
 10
688.0
 20
-24.000000000000004
 10
688.0
 20
-23.749999999999996
 10
688.0
 20
-23.499999999999996
 10
688.0
 20
-23.249999999999996
 10
688.0
 20
-23.0
 10
688.0
 20
-22.75
 10
688.0
 20
-22.5
 10
688.0
 20
-22.25
 10
688.0
 20
-22.0
 10
688.0
 20
-21.750000000000004
 10
688.0
 20
-21.500000000000004
 10
688.0
 20
-21.250000000000004
 10
688.0
 20
-20.999999999999996
 10
688.0
 20
-20.749999999999996
 10
688.0
 20
-20.499999999999996
 10
688.0
 20
-20.249999999999996
 10
688.0
 20
-20.0
 10
688.0
 20
-19.75
 10
688.0
 20
-19.5
 10
688.0
 20
-19.25
 10
688.0
 20
-19.000000000000004
 10
688.0
 20
-18.750000000000004
 10
688.0
 20
-18.499999999999993
 10
688.0
 20
-18.249999999999996
 10
688.0
 20
-18.000000000000007
 10
688.0
 20
-17.749999999999996
 10
688.0
 20
-17.500000000000007
 10
688.0
 20
-17.25
 10
688.0
 20
-17.0
 10
688.0
 20
-16.74999999999999
 10
688.0
 20
-16.5
 10
688.0
 20
-16.249999999999993
 10
688.0
 20
-16.000000000000004
 10
688.0
 20
-15.750000000000004
 10
688.0
 20
-15.500000000000004
 10
688.0
 20
-15.250000000000007
 10
688.0
 20
-14.999999999999996
 10
688.0
 20
-14.749999999999996
 10
688.0
 20
-14.49999999999999
 10
688.0
 20
-14.25
 10
688.0
 20
-14.00000000000001
 10
688.0
 20
-13.75
 10
688.0
 20
-13.50000000000001
 10
688.0
 20
-13.250000000000004
 10
688.0
 20
-13.000000000000004
 10
688.0
 20
-12.749999999999993
 10
688.0
 20
-12.499999999999993
 10
688.0
 20
-12.25
 10
688.0
 20
-12.0
 10
688.0
 20
-11.75
 10
688.0
 20
-11.5
 10
688.0
 20
-11.25
 10
688.0
 20
-11.0
 10
688.0
 20
-10.75
 10
688.0
 20
-10.5
 10
688.0
 20
-10.25
 10
688.0
 20
-10.000000000000007
 10
688.0
 20
-9.749999999999993
 10
688.0
 20
-9.499999999999993
 10
688.0
 20
-9.25
 10
688.0
 20
-9.0
 10
688.0
 20
-8.75
 10
688.0
 20
-8.5
 10
688.0
 20
-8.25
 10
688.0
 20
-8.0
 10
688.0
 20
-7.75
 10
688.0
 20
-7.5
 10
688.0
 20
-7.250000000000007
 10
688.0
 20
-6.999999999999993
 10
688.0
 20
-6.749999999999993
 10
688.0
 20
-6.5
 10
688.0
 20
-6.25
 10
688.0
 20
-6.0
 10
688.0
 20
-5.75
 10
688.0
 20
-5.5
 10
688.0
 20
-5.25
 10
688.0
 20
-5.0
 10
688.0
 20
-4.75
 10
688.0
 20
-4.500000000000007
 10
688.0
 20
-4.250000000000007
 10
688.0
 20
-3.999999999999993
 10
688.0
 20
-3.75
 10
688.0
 20
-3.5
 10
688.0
 20
-3.25
 10
688.0
 20
-3.0
 10
688.0
 20
-2.75
 10
688.0
 20
-2.5
 10
688.0
 20
-2.25
 10
688.0
 20
-2.0
 10
688.0
 20
-1.750000000000007
 10
688.0
 20
-1.500000000000007
 10
688.0
 20
-1.249999999999993
 10
688.0
 20
-1.0
 10
688.0
 20
-0.75
 10
688.0
 20
-0.5
 10
688.0
 20
-0.25
 10
688.0
 20
0.0
 10
688.0
 20
0.25
 10
688.0
 20
0.5
 10
688.0
 20
0.75
 10
688.0
 20
1.0
 10
688.0
 20
1.249999999999993
 10
688.0
 20
1.499999999999993
 10
688.0
 20
1.749999999999993
 10
688.0
 20
1.999999999999993
 10
688.0
 20
2.25
 10
688.0
 20
2.5
 10
688.0
 20
2.75
 10
688.0
 20
3.0
 10
688.0
 20
3.25
 10
688.0
 20
3.5
 10
688.0
 20
3.750000000000007
 10
688.0
 20
4.000000000000007
 10
688.0
 20
4.250000000000007
 10
688.0
 20
4.500000000000007
 10
688.0
 20
4.75
 10
688.0
 20
5.0
 10
688.0
 20
5.25
 10
688.0
 20
5.5
 10
688.0
 20
5.75
 10
688.0
 20
6.0
 10
688.0
 20
6.25
 10
688.0
 20
6.5
 10
688.0
 20
6.749999999999993
 10
688.0
 20
6.999999999999993
 10
688.0
 20
7.249999999999993
 10
688.0
 20
7.499999999999993
 10
688.0
 20
7.75
 10
688.0
 20
8.0
 10
688.0
 20
8.25
 10
688.0
 20
8.5
 10
688.0
 20
8.75
 10
688.0
 20
9.0
 10
688.0
 20
9.250000000000007
 10
688.0
 20
9.500000000000007
 10
688.0
 20
9.750000000000007
 10
688.0
 20
10.000000000000007
 10
688.0
 20
10.25
 10
688.0
 20
10.5
 10
688.0
 20
10.75
 10
688.0
 20
11.0
 10
688.0
 20
11.25
 10
688.0
 20
11.5
 10
688.0
 20
11.75
 10
688.0
 20
12.0
 10
688.0
 20
12.25
 10
688.0
 20
12.499999999999993
 10
688.0
 20
12.749999999999993
 10
688.0
 20
12.999999999999993
 10
688.0
 20
13.25
 10
688.0
 20
13.499999999999993
 10
688.0
 20
13.749999999999993
 10
688.0
 20
14.0
 10
688.0
 20
14.25
 10
688.0
 20
14.5
 10
688.0
 20
14.75
 10
688.0
 20
15.000000000000007
 10
688.0
 20
15.250000000000007
 10
688.0
 20
15.499999999999993
 10
688.0
 20
15.749999999999993
 10
688.0
 20
16.0
 10
688.0
 20
16.25
 10
688.0
 20
16.5
 10
688.0
 20
16.75
 10
688.0
 20
17.0
 10
688.0
 20
17.25
 10
688.0
 20
17.5
 10
688.0
 20
17.75
 10
688.0
 20
17.999999999999993
 10
688.0
 20
18.249999999999993
 10
688.0
 20
18.499999999999993
 10
688.0
 20
18.749999999999993
 10
688.0
 20
19.0
 10
688.0
 20
19.25
 10
688.0
 20
19.5
 10
688.0
 20
19.75
 10
688.0
 20
20.0
 10
688.0
 20
20.25
 10
688.0
 20
20.5
 10
688.0
 20
20.75
 10
688.0
 20
21.0
 10
688.0
 20
21.25
 10
688.0
 20
21.5
 10
688.0
 20
21.75
 10
688.0
 20
22.0
 10
688.0
 20
22.25
 10
688.0
 20
22.5
 10
688.0
 20
22.75
 10
688.0
 20
23.0
 10
688.0
 20
23.25
 10
688.0
 20
23.5
 10
688.0
 20
23.75
 10
688.0
 20
24.0
 10
688.0
 20
24.25
 10
688.0
 20
24.5
 10
688.0
 20
24.75
 10
688.0
 20
25.0
 10
688.0
 20
25.25
 10
688.0
 20
25.5
 10
688.0
 20
25.75
 10
688.0
 20
26.0
 10
688.0
 20
26.25
 10
688.0
 20
26.5
 10
688.0
 20
26.75
 10
688.0
 20
27.0
 10
688.0
 20
27.25
 10
688.0
 20
27.5
 10
688.0
 20
27.75
 10
688.0
 20
28.0
 10
688.0
 20
28.25
 10
688.0
 20
28.5
 10
688.0
 20
28.75
 10
688.0
 20
29.0
 10
688.0
 20
29.25
 10
688.0
 20
29.5
 10
688.0
 20
29.75
 10
688.0
 20
30.0
 10
688.0
 20
30.249999999999986
 10
688.0
 20
30.5
 10
688.0
 20
30.75
 10
688.0
 20
31.0
 10
688.0
 20
31.25
 10
688.0
 20
31.5
 10
688.0
 20
31.75
 10
688.0
 20
32.0
 10
688.0
 20
32.25
 10
688.0
 20
32.5
 10
688.0
 20
32.75
 10
688.0
 20
33.0
 10
688.0
 20
33.25
 10
688.0
 20
33.5
 10
688.0
 20
33.75
 10
688.0
 20
34.0
 10
688.0
 20
34.25
 10
688.0
 20
34.5
 10
688.0
 20
34.75
 10
688.0
 20
35.0
 10
688.0
 20
35.25
 10
688.0
 20
35.5
 10
688.0
 20
35.75
 10
688.0
 20
36.0
 10
688.0
 20
36.25
 10
688.0
 20
36.5
 10
688.0
 20
36.75
 10
688.0
 20
37.0
 10
688.0
 20
37.25
 10
688.0
 20
37.5
 10
688.0
 20
37.75
 10
688.0
 20
38.0
 10
688.0
 20
38.25
 10
688.0
 20
38.5
 10
688.0
 20
38.75
 10
688.0
 20
39.0
 10
688.0
 20
39.25
 10
688.0
 20
39.5
 10
688.0
 20
39.75
 10
688.0
 20
40.0
 10
688.0
 20
40.25
 10
688.0
 20
40.5
 10
688.0
 20
40.75
 10
688.0
 20
41.0
 10
688.0
 20
41.25
 10
688.0
 20
41.5
 10
688.0
 20
41.75
 10
688.0
 20
42.0
 10
688.0
 20
42.25
 10
688.0
 20
42.5
 10
688.0
 20
42.75
 10
688.0
 20
43.0
 10
688.0
 20
43.25
 10
688.0
 20
43.5
 10
688.0
 20
43.75
 10
688.0
 20
44.0
 10
688.0
 20
44.25
 10
688.0
 20
44.5
 10
688.0
 20
44.75
  0
LWPOLYLINE
  5
A2
330
17
100
AcDbEntity
  8
REFERENCE_GEOMETRY
100
AcDbPolyline
 90
147
 70
1
 10
696.0
 20
-26.699999999999996
 10
695.7503441269209
 20
-26.7094571959877
 10
695.5021191899153
 20
-26.737774578765375
 10
695.2567479234549
 20
-26.784789843461034
 10
695.0156367058163
 20
-26.850233515788233
 10
694.780167498236
 20
-26.933730496574018
 10
694.5516899240141
 20
-27.034802211690113
 10
694.3315135329677
 20
-27.1528693550646
 10
694.1209002955708
 20
-27.287255209052258
 10
693.9210573698012
 20
-27.437189523132407
 10
693.7331301821534
 20
-27.6018129287029
 10
693.558195862473
 20
-27.780181864666375
 10
693.3972570702423
 20
-27.971273985577067
 10
693.2512362477039
 20
-28.17399402135063
 10
693.120970332759
 20
-28.387180054951347
 10
693.007205961946
 20
-28.609610182075212
 10
692.9105951909929
 20
-28.84000951465812
 10
692.8316917574725
 20
-29.077057488067535
 10
692.7709479069817
 20
-29.319395430095582
 10
692.7287118010355
 20
-29.565634348370715
 10
692.7052255215315
 20
-29.8143628915536
 10
692.7006236832264
 20
-30.06415543868628
 10
692.7149326621727
 20
-30.313580270329673
 10
692.7480704445412
 20
-30.561207774655255
 10
692.7998470966941
 20
-30.805618641456753
 10
692.869965853815
 20
-31.045411997116677
 10
692.9580248208562
 20
-31.27921343390107
 10
693.0635192760543
 20
-31.505682887561523
 10
693.1858445638104
 20
-31.723522318092886
 10
693.3242995603542
 20
-31.931483149623414
 10
693.4780906923296
 20
-32.128373426794596
 10
693.6463364852661
 20
-32.313064646612915
 10
693.8280726158681
 20
-32.48449822661595
 10
694.0222574391626
 20
-32.641691572279456
 10
694.2277779588275
 20
-32.783743708889574
 10
694.4434562064785
 20
-32.9098404456
 10
694.6680559933529
 20
-33.01925904207589
 10
694.9002899956914
 20
-33.11137235097691
 10
695.1388271332058
 20
-33.18565241253616
 10
695.3823001983448
 20
-33.241673480632365
 10
695.6293136926267
 20
-33.2791144630107
 10
695.8784518251261
 20
-33.29776076166614
 10
696.1283189613516
 20
-33.3
 10
696.3782135974991
 20
-33.3
 10
696.6281082336467
 20
-33.3
 10
696.8780028697943
 20
-33.3
 10
697.1278975059419
 20
-33.3
 10
697.3777921420894
 20
-33.3
 10
697.627686778237
 20
-33.3
 10
697.8775814143845
 20
-33.3
 10
698.1274760505321
 20
-33.3
 10
698.3773706866797
 20
-33.3
 10
698.6272653228273
 20
-33.3
 10
698.8771599589749
 20
-33.3
 10
699.1270545951224
 20
-33.3
 10
699.3769492312699
 20
-33.3
 10
699.6268438674175
 20
-33.3
 10
699.8767385035651
 20
-33.3
 10
700.1266331397127
 20
-33.3
 10
700.3765277758603
 20
-33.3
 10
700.6264224120079
 20
-33.3
 10
700.8763170481554
 20
-33.3
 10
701.1262116843029
 20
-33.3
 10
701.3761063204505
 20
-33.3
 10
701.6260009565981
 20
-33.3
 10
701.8758955927457
 20
-33.3
 10
702.1257902288933
 20
-33.3
 10
702.3756848650409
 20
-33.3
 10
702.6255795011883
 20
-33.3
 10
702.8754741373359
 20
-33.3
 10
703.1253687734835
 20
-33.3
 10
703.3752634096311
 20
-33.3
 10
703.6251580457787
 20
-33.3
 10
703.8750526819263
 20
-33.3
 10
704.1249174662715
 20
-33.2976348534397
 10
704.3740364176263
 20
-33.27873401761858
 10
704.621011529158
 20
-33.241040678648275
 10
704.8644272299371
 20
-33.18477088094943
 10
705.1028883502732
 20
-33.110247142403885
 10
705.335028118318
 20
-33.01789660580022
 10
705.5595159938996
 20
-32.90824859060766
 10
705.7750652946931
 20
-32.78193155911067
 10
705.9804405710123
 20
-32.63966951429314
 10
706.1744646869544
 20
-32.48227785011838
 10
706.3560255673129
 20
-32.31065867798938
 10
706.5240825715854
 20
-32.12579565617649
 10
706.6776724585435
 20
-31.928748351848288
 10
706.8159149071796
 20
-31.720646168020462
 10
706.9380175623843
 20
-31.502681870231143
 10
707.0432805764358
 20
-31.2761047500455
 10
707.1311006202709
 20
-31.042213464573788
 10
707.2009743415466
 20
-30.8023485930442
 10
707.2525012496711
 20
-30.557884953093474
 10
707.2853860112692
 20
-30.310223720815486
 10
707.2994401429256
 20
-30.06078439973277
 10
707.2945830915024
 20
-29.810996684722017
 10
707.2708426958404
 20
-29.562292267526363
 10
707.2283550271969
 20
-29.316096630822425
 10
707.1673636093351
 20
-29.07382087787543
 10
707.0882180227353
 20
-28.836853644611864
 10
706.9913719009272
 20
-28.606553140466648
 10
706.8773803304287
 20
-28.38423936362389
 10
706.7468966691931
 20
-28.17118653527048
 10
706.6006688018009
 20
-27.968615796226693
 10
706.4395348528585
 20
-27.777688207814066
 10
706.2644183831753
 20
-27.599498097076875
 10
706.0763230962511
 20
-27.43506678450017
 10
705.8763270854147
 20
-27.285336730174578
 10
705.6655766545881
 20
-27.15116613196011
 10
705.4452797480918
 20
-27.033324006610155
 10
705.2166990271503
 20
-26.932485782048982
 10
704.9811446327797
 20
-26.849229426066128
 10
704.7399666765398
 20
-26.784032133616584
 10
704.4945475021881
 20
-26.737267591714037
 10
704.2462937625919
 20
-26.709203837593655
 10
703.9966283567222
 20
-26.699999999999996
 10
703.7467337205746
 20
-26.699999999999996
 10
703.496839084427
 20
-26.699999999999996
 10
703.2469444482795
 20
-26.699999999999996
 10
702.9970498121319
 20
-26.699999999999996
 10
702.7471551759844
 20
-26.699999999999996
 10
702.4972605398368
 20
-26.699999999999996
 10
702.2473659036892
 20
-26.699999999999996
 10
701.9974712675416
 20
-26.699999999999996
 10
701.747576631394
 20
-26.699999999999996
 10
701.4976819952465
 20
-26.699999999999996
 10
701.247787359099
 20
-26.699999999999996
 10
700.9978927229514
 20
-26.699999999999996
 10
700.7479980868038
 20
-26.699999999999996
 10
700.4981034506562
 20
-26.699999999999996
 10
700.2482088145086
 20
-26.699999999999996
 10
699.998314178361
 20
-26.699999999999996
 10
699.7484195422136
 20
-26.699999999999996
 10
699.498524906066
 20
-26.699999999999996
 10
699.2486302699184
 20
-26.699999999999996
 10
698.9987356337708
 20
-26.699999999999996
 10
698.7488409976232
 20
-26.699999999999996
 10
698.4989463614756
 20
-26.699999999999996
 10
698.2490517253282
 20
-26.699999999999996
 10
697.9991570891806
 20
-26.699999999999996
 10
697.749262453033
 20
-26.699999999999996
 10
697.4993678168854
 20
-26.699999999999996
 10
697.2494731807378
 20
-26.699999999999996
 10
696.9995785445902
 20
-26.699999999999996
 10
696.7496839084428
 20
-26.699999999999996
 10
696.4997892722952
 20
-26.699999999999996
 10
696.2498946361476
 20
-26.699999999999996
  0
LWPOLYLINE
  5
A3
330
17
100
AcDbEntity
  8
REFERENCE_GEOMETRY
100
AcDbPolyline
 90
147
 70
1
 10
696.0
 20
33.3
 10
695.7503441269209
 20
33.2905428040123
 10
695.5021191899153
 20
33.262225421234625
 10
695.2567479234549
 20
33.215210156538966
 10
695.0156367058163
 20
33.14976648421177
 10
694.780167498236
 20
33.066269503425985
 10
694.5516899240141
 20
32.96519778830989
 10
694.3315135329677
 20
32.847130644935405
 10
694.1209002955708
 20
32.712744790947745
 10
693.9210573698012
 20
32.56281047686759
 10
693.7331301821534
 20
32.3981870712971
 10
693.558195862473
 20
32.219818135333625
 10
693.3972570702423
 20
32.028726014422936
 10
693.2512362477039
 20
31.82600597864937
 10
693.120970332759
 20
31.612819945048653
 10
693.007205961946
 20
31.390389817924788
 10
692.9105951909929
 20
31.15999048534188
 10
692.8316917574725
 20
30.922942511932465
 10
692.7709479069817
 20
30.680604569904418
 10
692.7287118010355
 20
30.434365651629285
 10
692.7052255215315
 20
30.1856371084464
 10
692.7006236832264
 20
29.93584456131372
 10
692.7149326621727
 20
29.686419729670327
 10
692.7480704445412
 20
29.438792225344745
 10
692.7998470966941
 20
29.194381358543247
 10
692.869965853815
 20
28.954588002883323
 10
692.9580248208562
 20
28.72078656609893
 10
693.0635192760543
 20
28.494317112438477
 10
693.1858445638104
 20
28.276477681907114
 10
693.3242995603542
 20
28.068516850376586
 10
693.4780906923296
 20
27.871626573205408
 10
693.6463364852661
 20
27.68693535338708
 10
693.8280726158681
 20
27.515501773384052
 10
694.0222574391626
 20
27.35830842772054
 10
694.2277779588275
 20
27.216256291110426
 10
694.4434562064785
 20
27.090159554400003
 10
694.6680559933529
 20
26.98074095792411
 10
694.9002899956914
 20
26.888627649023096
 10
695.1388271332058
 20
26.81434758746384
 10
695.3823001983448
 20
26.75832651936764
 10
695.6293136926267
 20
26.720885536989297
 10
695.8784518251261
 20
26.702239238333863
 10
696.1283189613516
 20
26.7
 10
696.3782135974991
 20
26.7
 10
696.6281082336467
 20
26.7
 10
696.8780028697943
 20
26.7
 10
697.1278975059419
 20
26.7
 10
697.3777921420894
 20
26.7
 10
697.627686778237
 20
26.7
 10
697.8775814143845
 20
26.7
 10
698.1274760505321
 20
26.7
 10
698.3773706866797
 20
26.7
 10
698.6272653228273
 20
26.7
 10
698.8771599589749
 20
26.7
 10
699.1270545951224
 20
26.7
 10
699.3769492312699
 20
26.7
 10
699.6268438674175
 20
26.7
 10
699.8767385035651
 20
26.7
 10
700.1266331397127
 20
26.7
 10
700.3765277758603
 20
26.7
 10
700.6264224120079
 20
26.7
 10
700.8763170481554
 20
26.7
 10
701.1262116843029
 20
26.7
 10
701.3761063204505
 20
26.7
 10
701.6260009565981
 20
26.7
 10
701.8758955927457
 20
26.7
 10
702.1257902288933
 20
26.7
 10
702.3756848650409
 20
26.7
 10
702.6255795011883
 20
26.7
 10
702.8754741373359
 20
26.7
 10
703.1253687734835
 20
26.7
 10
703.3752634096311
 20
26.7
 10
703.6251580457787
 20
26.7
 10
703.8750526819263
 20
26.7
 10
704.1249174662715
 20
26.702365146560297
 10
704.3740364176263
 20
26.721265982381418
 10
704.621011529158
 20
26.758959321351725
 10
704.8644272299371
 20
26.81522911905057
 10
705.1028883502732
 20
26.889752857596115
 10
705.335028118318
 20
26.982103394199783
 10
705.5595159938996
 20
27.091751409392337
 10
705.7750652946931
 20
27.218068440889333
 10
705.9804405710123
 20
27.360330485706864
 10
706.1744646869544
 20
27.51772214988162
 10
706.3560255673129
 20
27.68934132201062
 10
706.5240825715854
 20
27.87420434382351
 10
706.6776724585435
 20
28.071251648151712
 10
706.8159149071796
 20
28.279353831979538
 10
706.9380175623843
 20
28.497318129768857
 10
707.0432805764358
 20
28.7238952499545
 10
707.1311006202709
 20
28.957786535426212
 10
707.2009743415466
 20
29.1976514069558
 10
707.2525012496711
 20
29.442115046906526
 10
707.2853860112692
 20
29.689776279184514
 10
707.2994401429256
 20
29.93921560026723
 10
707.2945830915024
 20
30.189003315277983
 10
707.2708426958404
 20
30.437707732473637
 10
707.2283550271969
 20
30.683903369177575
 10
707.1673636093351
 20
30.92617912212457
 10
707.0882180227353
 20
31.163146355388136
 10
706.9913719009272
 20
31.393446859533352
 10
706.8773803304287
 20
31.61576063637611
 10
706.7468966691931
 20
31.82881346472952
 10
706.6006688018009
 20
32.03138420377331
 10
706.4395348528585
 20
32.222311792185934
 10
706.2644183831753
 20
32.400501902923125
 10
706.0763230962511
 20
32.56493321549983
 10
705.8763270854147
 20
32.71466326982542
 10
705.6655766545881
 20
32.84883386803989
 10
705.4452797480918
 20
32.96667599338984
 10
705.2166990271503
 20
33.067514217951015
 10
704.9811446327797
 20
33.15077057393387
 10
704.7399666765398
 20
33.215967866383416
 10
704.4945475021881
 20
33.26273240828596
 10
704.2462937625919
 20
33.290796162406345
 10
703.9966283567222
 20
33.3
 10
703.7467337205746
 20
33.3
 10
703.496839084427
 20
33.3
 10
703.2469444482795
 20
33.3
 10
702.9970498121319
 20
33.3
 10
702.7471551759844
 20
33.3
 10
702.4972605398368
 20
33.3
 10
702.2473659036892
 20
33.3
 10
701.9974712675416
 20
33.3
 10
701.747576631394
 20
33.3
 10
701.4976819952465
 20
33.3
 10
701.247787359099
 20
33.3
 10
700.9978927229514
 20
33.3
 10
700.7479980868038
 20
33.3
 10
700.4981034506562
 20
33.3
 10
700.2482088145086
 20
33.3
 10
699.998314178361
 20
33.3
 10
699.7484195422136
 20
33.3
 10
699.498524906066
 20
33.3
 10
699.2486302699184
 20
33.3
 10
698.9987356337708
 20
33.3
 10
698.7488409976232
 20
33.3
 10
698.4989463614756
 20
33.3
 10
698.2490517253282
 20
33.3
 10
697.9991570891806
 20
33.3
 10
697.749262453033
 20
33.3
 10
697.4993678168854
 20
33.3
 10
697.2494731807378
 20
33.3
 10
696.9995785445902
 20
33.3
 10
696.7496839084428
 20
33.3
 10
696.4997892722952
 20
33.3
 10
696.2498946361476
 20
33.3
  0
DIMENSION
  5
A4
330
17
100
AcDbEntity
  8
REFERENCE_DIMENSIONS
100
AcDbDimension
280
0
  2
*D5
  3
Standard
 10
688.0
 20
-63.0
 30
0.0
 11
700.0
 21
-63.0
 31
0.0
 70
32
 71
5
  1
<>
100
AcDbAlignedDimension
 13
688.0
 23
-45.0
 33
0.0
 14
712.0
 24
-45.0
 34
0.0
 50
0.0
100
AcDbRotatedDimension
1001
ACAD
1000
DSTYLE
1002
{
1070
140
1040
3.0
1070
41
1040
2.0
1070
271
1070
3
1002
}
  0
DIMENSION
  5
B4
330
17
100
AcDbEntity
  8
REFERENCE_DIMENSIONS
100
AcDbDimension
280
0
  2
*D6
  3
Standard
 10
730.0
 20
-45.0
 30
0.0
 11
730.0
 21
0.0
 31
0.0
 70
32
 71
5
  1
<>
100
AcDbAlignedDimension
 13
712.0
 23
-45.0
 33
0.0
 14
712.0
 24
45.0
 34
0.0
 50
90.0
100
AcDbRotatedDimension
1001
ACAD
1000
DSTYLE
1002
{
1070
140
1040
3.0
1070
41
1040
2.0
1070
271
1070
3
1002
}
  0
LINE
  5
C4
330
17
100
AcDbEntity
  8
REFERENCE_DATUMS
100
AcDbLine
 10
690.0
 20
0.0
 30
0.0
 11
710.0
 21
0.0
 31
0.0
  0
LINE
  5
C5
330
17
100
AcDbEntity
  8
REFERENCE_DATUMS
100
AcDbLine
 10
700.0
 20
-10.0
 30
0.0
 11
700.0
 21
10.0
 31
0.0
  0
TEXT
  5
C6
330
17
100
AcDbEntity
  8
REFERENCE_NOTES
100
AcDbText
 10
688.0
 20
65.0
 30
0.0
 40
5.0
  1
WP01-SB-ADJUSTABLE-SHOE-R2
100
AcDbText
  0
TEXT
  5
C7
330
17
100
AcDbEntity
  8
REFERENCE_NOTES
100
AcDbText
 10
590.0
 20
-83.0
 30
0.0
 40
3.0
  1
NOT_FOR_MANUFACTURE | mm | WP02 R1
100
AcDbText
  0
TEXT
  5
C8
330
17
100
AcDbEntity
  8
REFERENCE_NOTES
100
AcDbText
 10
590.0
 20
-90.0
 30
0.0
 40
3.0
  1
24 x 90 x 8 mm; 2 x slots 14.6 x 6.6
100
AcDbText
  0
TEXT
  5
C9
330
17
100
AcDbEntity
  8
REFERENCE_NOTES
100
AcDbText
 10
590.0
 20
-97.0
 30
0.0
 40
3.0
  1
Slot centers (0,+/-30); X float +/-4 mm
100
AcDbText
  0
TEXT
  5
CA
330
17
100
AcDbEntity
  8
REFERENCE_NOTES
100
AcDbText
 10
590.0
 20
-104.0
 30
0.0
 40
3.0
  1
Pad center x=+5 mm from station x=-40
100
AcDbText
  0
TEXT
  5
CB
330
17
100
AcDbEntity
  8
REFERENCE_NOTES
100
AcDbText
 10
590.0
 20
-111.0
 30
0.0
 40
3.0
  1
Adjustment Z +/-8; independent release drop 30 mm
100
AcDbText
  0
TEXT
  5
CC
330
17
100
AcDbEntity
  8
REFERENCE_NOTES
100
AcDbText
 10
590.0
 20
-118.0
 30
0.0
 40
3.0
  1
Pads contact a sampled planar patch on link2
100
AcDbText
  0
TEXT
  5
CD
330
17
100
AcDbEntity
  8
REFERENCE_NOTES
100
AcDbText
 10
590.0
 20
-125.0
 30
0.0
 40
3.0
  1
Friction and shell stiffness needed for load sharing
100
AcDbText
  0
LWPOLYLINE
  5
CE
330
17
100
AcDbEntity
  8
REFERENCE_GEOMETRY
100
AcDbPolyline
 90
1088
 70
1
 10
-9.0
 20
-361.0
 10
-8.75
 20
-361.0
 10
-8.5
 20
-361.0
 10
-8.25
 20
-361.0
 10
-8.0
 20
-361.0
 10
-7.75
 20
-361.0
 10
-7.499999999999999
 20
-361.0
 10
-7.25
 20
-361.0
 10
-6.999999999999999
 20
-361.0
 10
-6.75
 20
-361.0
 10
-6.500000000000001
 20
-361.0
 10
-6.25
 20
-361.0
 10
-6.000000000000001
 20
-361.0
 10
-5.75
 20
-361.0
 10
-5.5
 20
-361.0
 10
-5.249999999999999
 20
-361.0
 10
-5.0
 20
-361.0
 10
-4.749999999999999
 20
-361.0
 10
-4.5
 20
-361.0
 10
-4.250000000000001
 20
-361.0
 10
-4.0
 20
-361.0
 10
-3.750000000000001
 20
-361.0
 10
-3.5
 20
-361.0
 10
-3.25
 20
-361.0
 10
-2.999999999999999
 20
-361.0
 10
-2.75
 20
-361.0
 10
-2.499999999999999
 20
-361.0
 10
-2.25
 20
-361.0
 10
-2.000000000000001
 20
-361.0
 10
-1.75
 20
-361.0
 10
-1.5000000000000009
 20
-361.0
 10
-1.25
 20
-361.0
 10
-1.0
 20
-361.0
 10
-0.75
 20
-361.0
 10
-0.5
 20
-361.0
 10
-0.25
 20
-361.0
 10
0.0
 20
-361.0
 10
0.25
 20
-361.0
 10
0.5
 20
-361.0
 10
0.7500000000000018
 20
-361.0
 10
1.0
 20
-361.0
 10
1.25
 20
-361.0
 10
1.4999999999999982
 20
-361.0
 10
1.75
 20
-361.0
 10
2.0
 20
-361.0
 10
2.25
 20
-361.0
 10
2.5
 20
-361.0
 10
2.75
 20
-361.0
 10
3.0000000000000018
 20
-361.0
 10
3.25
 20
-361.0
 10
3.5
 20
-361.0
 10
3.7499999999999982
 20
-361.0
 10
4.0
 20
-361.0
 10
4.25
 20
-361.0
 10
4.5
 20
-361.0
 10
4.75
 20
-361.0
 10
5.0
 20
-361.0
 10
5.25
 20
-361.0
 10
5.5
 20
-361.0
 10
5.75
 20
-361.0
 10
6.0
 20
-361.0
 10
6.25
 20
-361.0
 10
6.5
 20
-361.0
 10
6.75
 20
-361.0
 10
7.0
 20
-361.0
 10
7.25
 20
-361.0
 10
7.5
 20
-361.0
 10
7.75
 20
-361.0
 10
8.0
 20
-361.0
 10
8.25
 20
-361.0
 10
8.5
 20
-361.0
 10
8.75
 20
-361.0
 10
9.0
 20
-361.0
 10
9.0
 20
-361.25
 10
9.0
 20
-361.5
 10
9.0
 20
-361.75
 10
9.0
 20
-362.0
 10
9.0
 20
-362.25
 10
9.0
 20
-362.5
 10
9.0
 20
-362.75
 10
9.0
 20
-363.0
 10
9.0
 20
-363.25
 10
9.0
 20
-363.5
 10
9.0
 20
-363.75
 10
9.0
 20
-364.0
 10
9.0
 20
-364.25
 10
9.0
 20
-364.5
 10
9.0
 20
-364.75
 10
9.0
 20
-365.0
 10
9.0
 20
-365.25
 10
9.0
 20
-365.5
 10
9.0
 20
-365.75
 10
9.0
 20
-366.0
 10
9.0
 20
-366.25
 10
9.0
 20
-366.5
 10
9.0
 20
-366.75
 10
9.0
 20
-367.0
 10
9.0
 20
-367.25
 10
9.0
 20
-367.5
 10
9.0
 20
-367.75
 10
9.0
 20
-368.0
 10
9.0
 20
-368.25
 10
9.0
 20
-368.5
 10
9.0
 20
-368.75
 10
9.0
 20
-369.0
 10
9.0
 20
-369.25
 10
9.0
 20
-369.5
 10
9.0
 20
-369.75
 10
9.0
 20
-370.0
 10
9.0
 20
-370.25
 10
9.0
 20
-370.5
 10
9.0
 20
-370.75
 10
9.0
 20
-371.0
 10
9.0
 20
-371.25
 10
9.0
 20
-371.5
 10
9.0
 20
-371.75
 10
9.0
 20
-372.0
 10
9.0
 20
-372.25
 10
9.0
 20
-372.5
 10
9.0
 20
-372.75
 10
9.0
 20
-373.0
 10
9.0
 20
-373.25
 10
9.0
 20
-373.5
 10
9.0
 20
-373.75
 10
9.0
 20
-374.0
 10
9.0
 20
-374.25
 10
9.0
 20
-374.5
 10
9.0
 20
-374.75
 10
9.0
 20
-375.0
 10
9.0
 20
-375.25
 10
9.0
 20
-375.5
 10
9.0
 20
-375.75
 10
9.0
 20
-376.0
 10
9.0
 20
-376.25
 10
9.0
 20
-376.5
 10
9.0
 20
-376.75
 10
9.0
 20
-377.0
 10
9.0
 20
-377.25
 10
9.0
 20
-377.5
 10
9.0
 20
-377.75
 10
9.0
 20
-378.0
 10
9.0
 20
-378.25
 10
9.0
 20
-378.5
 10
9.0
 20
-378.75
 10
9.0
 20
-379.0
 10
9.0
 20
-379.25
 10
9.0
 20
-379.5
 10
9.0
 20
-379.75
 10
9.0
 20
-380.0
 10
9.0
 20
-380.25
 10
9.0
 20
-380.5
 10
9.0
 20
-380.75
 10
9.0
 20
-381.0
 10
9.0
 20
-381.25
 10
9.0
 20
-381.5
 10
9.0
 20
-381.75
 10
9.0
 20
-382.0
 10
9.0
 20
-382.25
 10
9.0
 20
-382.5
 10
9.0
 20
-382.75
 10
9.0
 20
-383.0
 10
9.0
 20
-383.25
 10
9.0
 20
-383.5
 10
9.0
 20
-383.75
 10
9.0
 20
-384.0
 10
9.0
 20
-384.25
 10
9.0
 20
-384.5
 10
9.0
 20
-384.75
 10
9.0
 20
-385.0
 10
9.0
 20
-385.25
 10
9.0
 20
-385.5
 10
9.0
 20
-385.75
 10
9.0
 20
-386.0
 10
9.0
 20
-386.25
 10
9.0
 20
-386.5
 10
9.0
 20
-386.75
 10
9.0
 20
-387.0
 10
9.0
 20
-387.25
 10
9.0
 20
-387.5
 10
9.0
 20
-387.75
 10
9.0
 20
-388.0
 10
9.0
 20
-388.25
 10
9.0
 20
-388.5
 10
9.0
 20
-388.75
 10
9.0
 20
-389.0
 10
9.0
 20
-389.25
 10
9.0
 20
-389.5
 10
9.0
 20
-389.75
 10
9.0
 20
-390.0
 10
9.0
 20
-390.25
 10
9.0
 20
-390.5
 10
9.0
 20
-390.75
 10
9.0
 20
-391.0
 10
9.0
 20
-391.25
 10
9.0
 20
-391.5
 10
9.0
 20
-391.75
 10
9.0
 20
-392.0
 10
9.0
 20
-392.25
 10
9.0
 20
-392.5
 10
9.0
 20
-392.75
 10
9.0
 20
-393.0
 10
9.0
 20
-393.25
 10
9.0
 20
-393.5
 10
9.0
 20
-393.75
 10
9.0
 20
-394.0
 10
9.0
 20
-394.25
 10
9.0
 20
-394.5
 10
9.0
 20
-394.75
 10
9.0
 20
-395.0
 10
9.0
 20
-395.25
 10
9.0
 20
-395.5
 10
9.0
 20
-395.75
 10
9.0
 20
-396.0
 10
9.0
 20
-396.25
 10
9.0
 20
-396.5
 10
9.0
 20
-396.75
 10
9.0
 20
-397.0
 10
9.0
 20
-397.25
 10
9.0
 20
-397.5
 10
9.0
 20
-397.75
 10
9.0
 20
-398.0
 10
9.0
 20
-398.25
 10
9.0
 20
-398.5
 10
9.0
 20
-398.75
 10
9.0
 20
-399.0
 10
9.0
 20
-399.25
 10
9.0
 20
-399.5
 10
9.0
 20
-399.75
 10
9.0
 20
-400.0
 10
9.0
 20
-400.25
 10
9.0
 20
-400.5
 10
9.0
 20
-400.75
 10
9.0
 20
-401.0
 10
9.0
 20
-401.25
 10
9.0
 20
-401.5
 10
9.0
 20
-401.75
 10
9.0
 20
-402.0
 10
9.0
 20
-402.25
 10
9.0
 20
-402.5
 10
9.0
 20
-402.75
 10
9.0
 20
-403.0
 10
9.0
 20
-403.25
 10
9.0
 20
-403.5
 10
9.0
 20
-403.75
 10
9.0
 20
-404.0
 10
9.0
 20
-404.25
 10
9.0
 20
-404.5
 10
9.0
 20
-404.75
 10
9.0
 20
-405.0
 10
9.0
 20
-405.25
 10
9.0
 20
-405.5
 10
9.0
 20
-405.75
 10
9.0
 20
-406.0
 10
9.0
 20
-406.25
 10
9.0
 20
-406.5
 10
9.0
 20
-406.75
 10
9.0
 20
-407.0
 10
9.0
 20
-407.25
 10
9.0
 20
-407.5
 10
9.0
 20
-407.75
 10
9.0
 20
-408.0
 10
9.0
 20
-408.25
 10
9.0
 20
-408.5
 10
9.0
 20
-408.75
 10
9.0
 20
-409.0
 10
9.0
 20
-409.25
 10
9.0
 20
-409.5
 10
9.0
 20
-409.75
 10
9.0
 20
-410.0
 10
9.0
 20
-410.25
 10
9.0
 20
-410.5
 10
9.0
 20
-410.75
 10
9.0
 20
-411.0
 10
9.0
 20
-411.25
 10
9.0
 20
-411.5
 10
9.0
 20
-411.75
 10
9.0
 20
-412.0
 10
9.0
 20
-412.25
 10
9.0
 20
-412.5
 10
9.0
 20
-412.75
 10
9.0
 20
-413.0
 10
9.0
 20
-413.25
 10
9.0
 20
-413.5
 10
9.0
 20
-413.75
 10
9.0
 20
-414.0
 10
9.0
 20
-414.25
 10
9.0
 20
-414.5
 10
9.0
 20
-414.75
 10
9.0
 20
-415.0
 10
9.0
 20
-415.25
 10
9.0
 20
-415.5
 10
9.0
 20
-415.75
 10
9.0
 20
-416.0
 10
9.0
 20
-416.25
 10
9.0
 20
-416.5
 10
9.0
 20
-416.75
 10
9.0
 20
-417.0
 10
9.0
 20
-417.25
 10
9.0
 20
-417.5
 10
9.0
 20
-417.75
 10
9.0
 20
-418.0
 10
9.0
 20
-418.25
 10
9.0
 20
-418.5
 10
9.0
 20
-418.75
 10
9.0
 20
-419.0
 10
9.0
 20
-419.25
 10
9.0
 20
-419.5
 10
9.0
 20
-419.75
 10
9.0
 20
-420.0
 10
9.0
 20
-420.25
 10
9.0
 20
-420.5
 10
9.0
 20
-420.75
 10
9.0
 20
-421.0
 10
9.0
 20
-421.25
 10
9.0
 20
-421.5
 10
9.0
 20
-421.75
 10
9.0
 20
-422.0
 10
9.0
 20
-422.25
 10
9.0
 20
-422.5
 10
9.0
 20
-422.75
 10
9.0
 20
-423.0
 10
9.0
 20
-423.25
 10
9.0
 20
-423.5
 10
9.0
 20
-423.75
 10
9.0
 20
-424.0
 10
9.0
 20
-424.25
 10
9.0
 20
-424.5
 10
9.0
 20
-424.75
 10
9.0
 20
-425.0
 10
9.0
 20
-425.25
 10
9.0
 20
-425.5
 10
9.0
 20
-425.75
 10
9.0
 20
-426.0
 10
9.0
 20
-426.25
 10
9.0
 20
-426.5
 10
9.0
 20
-426.75
 10
9.0
 20
-427.0
 10
9.0
 20
-427.25
 10
9.0
 20
-427.5
 10
9.0
 20
-427.75
 10
9.0
 20
-428.0
 10
9.0
 20
-428.25
 10
9.0
 20
-428.5
 10
9.0
 20
-428.75
 10
9.0
 20
-429.0
 10
9.0
 20
-429.25
 10
9.0
 20
-429.5
 10
9.0
 20
-429.75
 10
9.0
 20
-430.0
 10
9.0
 20
-430.25
 10
9.0
 20
-430.5
 10
9.0
 20
-430.75
 10
9.0
 20
-431.0
 10
9.0
 20
-431.25
 10
9.0
 20
-431.5
 10
9.0
 20
-431.75
 10
9.0
 20
-432.0
 10
9.0
 20
-432.25
 10
9.0
 20
-432.5
 10
9.0
 20
-432.75
 10
9.0
 20
-433.0
 10
9.0
 20
-433.25
 10
9.0
 20
-433.5
 10
9.0
 20
-433.75
 10
9.0
 20
-434.0
 10
9.0
 20
-434.25
 10
9.0
 20
-434.5
 10
9.0
 20
-434.75
 10
9.0
 20
-435.0
 10
9.0
 20
-435.25
 10
9.0
 20
-435.5
 10
9.0
 20
-435.75
 10
9.0
 20
-436.0
 10
9.0
 20
-436.25
 10
9.0
 20
-436.5
 10
9.0
 20
-436.75
 10
9.0
 20
-437.0
 10
9.0
 20
-437.25
 10
9.0
 20
-437.5
 10
9.0
 20
-437.75
 10
9.0
 20
-438.0
 10
9.0
 20
-438.25
 10
9.0
 20
-438.5
 10
9.0
 20
-438.75
 10
9.0
 20
-439.0
 10
9.0
 20
-439.25
 10
9.0
 20
-439.5
 10
9.0
 20
-439.75
 10
9.0
 20
-440.0
 10
9.0
 20
-440.25
 10
9.0
 20
-440.5
 10
9.0
 20
-440.75
 10
9.0
 20
-441.0
 10
9.0
 20
-441.25
 10
9.0
 20
-441.5
 10
9.0
 20
-441.75
 10
9.0
 20
-442.0
 10
9.0
 20
-442.25
 10
9.0
 20
-442.5
 10
9.0
 20
-442.75
 10
9.0
 20
-443.0
 10
9.0
 20
-443.25
 10
9.0
 20
-443.5
 10
9.0
 20
-443.75
 10
9.0
 20
-444.0
 10
9.0
 20
-444.25
 10
9.0
 20
-444.5
 10
9.0
 20
-444.75
 10
9.0
 20
-445.0
 10
9.0
 20
-445.25
 10
9.0
 20
-445.5
 10
9.0
 20
-445.75
 10
9.0
 20
-446.0
 10
9.0
 20
-446.25
 10
9.0
 20
-446.5
 10
9.0
 20
-446.75
 10
9.0
 20
-447.0
 10
9.0
 20
-447.25
 10
9.0
 20
-447.5
 10
9.0
 20
-447.75
 10
9.0
 20
-448.0
 10
9.0
 20
-448.25
 10
9.0
 20
-448.5
 10
9.0
 20
-448.75
 10
9.0
 20
-449.0
 10
9.0
 20
-449.25
 10
9.0
 20
-449.5
 10
9.0
 20
-449.75
 10
9.0
 20
-450.0
 10
9.0
 20
-450.25
 10
9.0
 20
-450.5
 10
9.0
 20
-450.75
 10
9.0
 20
-451.0
 10
9.0
 20
-451.25
 10
9.0
 20
-451.5
 10
9.0
 20
-451.75
 10
9.0
 20
-452.0
 10
9.0
 20
-452.25
 10
9.0
 20
-452.5
 10
9.0
 20
-452.75
 10
9.0
 20
-453.0
 10
9.0
 20
-453.25
 10
9.0
 20
-453.5
 10
9.0
 20
-453.75
 10
9.0
 20
-454.0
 10
9.0
 20
-454.25
 10
9.0
 20
-454.5
 10
9.0
 20
-454.75
 10
9.0
 20
-455.0
 10
9.0
 20
-455.25
 10
9.0
 20
-455.5
 10
9.0
 20
-455.75
 10
9.0
 20
-456.0
 10
9.0
 20
-456.25
 10
9.0
 20
-456.5
 10
9.0
 20
-456.75
 10
9.0
 20
-457.0
 10
9.0
 20
-457.25
 10
9.0
 20
-457.5
 10
9.0
 20
-457.75
 10
9.0
 20
-458.0
 10
9.0
 20
-458.25
 10
9.0
 20
-458.5
 10
9.0
 20
-458.75
 10
9.0
 20
-459.0
 10
9.0
 20
-459.25
 10
9.0
 20
-459.5
 10
9.0
 20
-459.75
 10
9.0
 20
-460.0
 10
9.0
 20
-460.25
 10
9.0
 20
-460.5
 10
9.0
 20
-460.75
 10
9.0
 20
-461.0
 10
9.0
 20
-461.25
 10
9.0
 20
-461.5
 10
9.0
 20
-461.75
 10
9.0
 20
-462.0
 10
9.0
 20
-462.25
 10
9.0
 20
-462.5
 10
9.0
 20
-462.75
 10
9.0
 20
-463.0
 10
9.0
 20
-463.25
 10
9.0
 20
-463.5
 10
9.0
 20
-463.75
 10
9.0
 20
-464.0
 10
9.0
 20
-464.25
 10
9.0
 20
-464.5
 10
9.0
 20
-464.75
 10
9.0
 20
-465.0
 10
9.0
 20
-465.25
 10
9.0
 20
-465.5
 10
9.0
 20
-465.75
 10
9.0
 20
-466.0
 10
9.0
 20
-466.25
 10
9.0
 20
-466.5
 10
9.0
 20
-466.75
 10
9.0
 20
-467.0
 10
9.0
 20
-467.25
 10
9.0
 20
-467.5
 10
9.0
 20
-467.75
 10
9.0
 20
-468.0
 10
9.0
 20
-468.25
 10
9.0
 20
-468.5
 10
9.0
 20
-468.75
 10
9.0
 20
-469.0
 10
9.0
 20
-469.25
 10
9.0
 20
-469.5
 10
9.0
 20
-469.75
 10
9.0
 20
-470.0
 10
9.0
 20
-470.25
 10
9.0
 20
-470.5
 10
9.0
 20
-470.75
 10
9.0
 20
-471.0
 10
9.0
 20
-471.25
 10
9.0
 20
-471.5
 10
9.0
 20
-471.75
 10
9.0
 20
-472.0
 10
9.0
 20
-472.25
 10
9.0
 20
-472.5
 10
9.0
 20
-472.75
 10
9.0
 20
-473.0
 10
9.0
 20
-473.25
 10
9.0
 20
-473.5
 10
9.0
 20
-473.75
 10
9.0
 20
-474.0
 10
9.0
 20
-474.25
 10
9.0
 20
-474.5
 10
9.0
 20
-474.75
 10
9.0
 20
-475.0
 10
9.0
 20
-475.25
 10
9.0
 20
-475.5
 10
9.0
 20
-475.75
 10
9.0
 20
-476.0
 10
9.0
 20
-476.25
 10
9.0
 20
-476.5
 10
9.0
 20
-476.75
 10
9.0
 20
-477.0
 10
9.0
 20
-477.25
 10
9.0
 20
-477.5
 10
9.0
 20
-477.75
 10
9.0
 20
-478.0
 10
9.0
 20
-478.25
 10
9.0
 20
-478.5
 10
9.0
 20
-478.75
 10
9.0
 20
-479.0
 10
8.75
 20
-479.0
 10
8.5
 20
-479.0
 10
8.25
 20
-479.0
 10
8.0
 20
-479.0
 10
7.75
 20
-479.0
 10
7.5
 20
-479.0
 10
7.25
 20
-479.0
 10
7.0
 20
-479.0
 10
6.75
 20
-479.0
 10
6.5
 20
-479.0
 10
6.25
 20
-479.0
 10
6.0
 20
-479.0
 10
5.75
 20
-479.0
 10
5.5
 20
-479.0
 10
5.25
 20
-479.0
 10
5.0
 20
-479.0
 10
4.75
 20
-479.0
 10
4.5
 20
-479.0
 10
4.25
 20
-479.0
 10
4.0
 20
-479.0
 10
3.75
 20
-479.0
 10
3.5
 20
-479.0
 10
3.25
 20
-479.0
 10
3.0
 20
-479.0
 10
2.75
 20
-479.0
 10
2.5
 20
-479.0
 10
2.25
 20
-479.0
 10
2.0
 20
-479.0
 10
1.75
 20
-479.0
 10
1.5
 20
-479.0
 10
1.25
 20
-479.0
 10
1.0
 20
-479.0
 10
0.75
 20
-479.0
 10
0.5
 20
-479.0
 10
0.25
 20
-479.0
 10
0.0
 20
-479.0
 10
-0.25
 20
-479.0
 10
-0.5
 20
-479.0
 10
-0.75
 20
-479.0
 10
-1.0
 20
-479.0
 10
-1.25
 20
-479.0
 10
-1.5
 20
-479.0
 10
-1.75
 20
-479.0
 10
-2.0
 20
-479.0
 10
-2.25
 20
-479.0
 10
-2.5
 20
-479.0
 10
-2.75
 20
-479.0
 10
-3.0
 20
-479.0
 10
-3.25
 20
-479.0
 10
-3.5
 20
-479.0
 10
-3.75
 20
-479.0
 10
-4.0
 20
-479.0
 10
-4.25
 20
-479.0
 10
-4.5
 20
-479.0
 10
-4.75
 20
-479.0
 10
-5.0
 20
-479.0
 10
-5.25
 20
-479.0
 10
-5.5
 20
-479.0
 10
-5.75
 20
-479.0
 10
-6.0
 20
-479.0
 10
-6.25
 20
-479.0
 10
-6.5
 20
-479.0
 10
-6.75
 20
-479.0
 10
-7.0
 20
-479.0
 10
-7.25
 20
-479.0
 10
-7.5
 20
-479.0
 10
-7.75
 20
-479.0
 10
-8.0
 20
-479.0
 10
-8.25
 20
-479.0
 10
-8.5
 20
-479.0
 10
-8.75
 20
-479.0
 10
-9.0
 20
-479.0
 10
-9.0
 20
-478.75
 10
-9.0
 20
-478.5
 10
-9.0
 20
-478.25
 10
-9.0
 20
-478.0
 10
-9.0
 20
-477.75
 10
-9.0
 20
-477.5
 10
-9.0
 20
-477.25
 10
-9.0
 20
-477.0
 10
-9.0
 20
-476.75
 10
-9.0
 20
-476.5
 10
-9.0
 20
-476.25
 10
-9.0
 20
-476.0
 10
-9.0
 20
-475.75
 10
-9.0
 20
-475.5
 10
-9.0
 20
-475.25
 10
-9.0
 20
-475.0
 10
-9.0
 20
-474.75
 10
-9.0
 20
-474.5
 10
-9.0
 20
-474.25
 10
-9.0
 20
-474.0
 10
-9.0
 20
-473.75
 10
-9.0
 20
-473.5
 10
-9.0
 20
-473.25
 10
-9.0
 20
-473.0
 10
-9.0
 20
-472.75
 10
-9.0
 20
-472.5
 10
-9.0
 20
-472.25
 10
-9.0
 20
-472.0
 10
-9.0
 20
-471.75
 10
-9.0
 20
-471.5
 10
-9.0
 20
-471.25
 10
-9.0
 20
-471.0
 10
-9.0
 20
-470.75
 10
-9.0
 20
-470.5
 10
-9.0
 20
-470.25
 10
-9.0
 20
-470.0
 10
-9.0
 20
-469.75
 10
-9.0
 20
-469.5
 10
-9.0
 20
-469.25
 10
-9.0
 20
-469.0
 10
-9.0
 20
-468.75
 10
-9.0
 20
-468.5
 10
-9.0
 20
-468.25
 10
-9.0
 20
-468.0
 10
-9.0
 20
-467.75
 10
-9.0
 20
-467.5
 10
-9.0
 20
-467.25
 10
-9.0
 20
-467.0
 10
-9.0
 20
-466.75
 10
-9.0
 20
-466.5
 10
-9.0
 20
-466.25
 10
-9.0
 20
-466.0
 10
-9.0
 20
-465.75
 10
-9.0
 20
-465.5
 10
-9.0
 20
-465.25
 10
-9.0
 20
-465.0
 10
-9.0
 20
-464.75
 10
-9.0
 20
-464.5
 10
-9.0
 20
-464.25
 10
-9.0
 20
-464.0
 10
-9.0
 20
-463.75
 10
-9.0
 20
-463.5
 10
-9.0
 20
-463.25
 10
-9.0
 20
-463.0
 10
-9.0
 20
-462.75
 10
-9.0
 20
-462.5
 10
-9.0
 20
-462.25
 10
-9.0
 20
-462.0
 10
-9.0
 20
-461.75
 10
-9.0
 20
-461.5
 10
-9.0
 20
-461.25
 10
-9.0
 20
-461.0
 10
-9.0
 20
-460.75
 10
-9.0
 20
-460.5
 10
-9.0
 20
-460.25
 10
-9.0
 20
-460.0
 10
-9.0
 20
-459.75
 10
-9.0
 20
-459.5
 10
-9.0
 20
-459.25
 10
-9.0
 20
-459.0
 10
-9.0
 20
-458.75
 10
-9.0
 20
-458.5
 10
-9.0
 20
-458.25
 10
-9.0
 20
-458.0
 10
-9.0
 20
-457.75
 10
-9.0
 20
-457.5
 10
-9.0
 20
-457.25
 10
-9.0
 20
-457.0
 10
-9.0
 20
-456.75
 10
-9.0
 20
-456.5
 10
-9.0
 20
-456.25
 10
-9.0
 20
-456.0
 10
-9.0
 20
-455.75
 10
-9.0
 20
-455.5
 10
-9.0
 20
-455.25
 10
-9.0
 20
-455.0
 10
-9.0
 20
-454.75
 10
-9.0
 20
-454.5
 10
-9.0
 20
-454.25
 10
-9.0
 20
-454.0
 10
-9.0
 20
-453.75
 10
-9.0
 20
-453.5
 10
-9.0
 20
-453.25
 10
-9.0
 20
-453.0
 10
-9.0
 20
-452.75
 10
-9.0
 20
-452.5
 10
-9.0
 20
-452.25
 10
-9.0
 20
-452.0
 10
-9.0
 20
-451.75
 10
-9.0
 20
-451.5
 10
-9.0
 20
-451.25
 10
-9.0
 20
-451.0
 10
-9.0
 20
-450.75
 10
-9.0
 20
-450.5
 10
-9.0
 20
-450.25
 10
-9.0
 20
-450.0
 10
-9.0
 20
-449.75
 10
-9.0
 20
-449.5
 10
-9.0
 20
-449.25
 10
-9.0
 20
-449.0
 10
-9.0
 20
-448.75
 10
-9.0
 20
-448.5
 10
-9.0
 20
-448.25
 10
-9.0
 20
-448.0
 10
-9.0
 20
-447.75
 10
-9.0
 20
-447.5
 10
-9.0
 20
-447.25
 10
-9.0
 20
-447.0
 10
-9.0
 20
-446.75
 10
-9.0
 20
-446.5
 10
-9.0
 20
-446.25
 10
-9.0
 20
-446.0
 10
-9.0
 20
-445.75
 10
-9.0
 20
-445.5
 10
-9.0
 20
-445.25
 10
-9.0
 20
-445.0
 10
-9.0
 20
-444.75
 10
-9.0
 20
-444.5
 10
-9.0
 20
-444.25
 10
-9.0
 20
-444.0
 10
-9.0
 20
-443.75
 10
-9.0
 20
-443.5
 10
-9.0
 20
-443.25
 10
-9.0
 20
-443.0
 10
-9.0
 20
-442.75
 10
-9.0
 20
-442.5
 10
-9.0
 20
-442.25
 10
-9.0
 20
-442.0
 10
-9.0
 20
-441.75
 10
-9.0
 20
-441.5
 10
-9.0
 20
-441.25
 10
-9.0
 20
-441.0
 10
-9.0
 20
-440.75
 10
-9.0
 20
-440.5
 10
-9.0
 20
-440.25
 10
-9.0
 20
-440.0
 10
-9.0
 20
-439.75
 10
-9.0
 20
-439.5
 10
-9.0
 20
-439.25
 10
-9.0
 20
-439.0
 10
-9.0
 20
-438.75
 10
-9.0
 20
-438.5
 10
-9.0
 20
-438.25
 10
-9.0
 20
-438.0
 10
-9.0
 20
-437.75
 10
-9.0
 20
-437.5
 10
-9.0
 20
-437.25
 10
-9.0
 20
-437.0
 10
-9.0
 20
-436.75
 10
-9.0
 20
-436.5
 10
-9.0
 20
-436.25
 10
-9.0
 20
-436.0
 10
-9.0
 20
-435.75
 10
-9.0
 20
-435.5
 10
-9.0
 20
-435.25
 10
-9.0
 20
-435.0
 10
-9.0
 20
-434.75
 10
-9.0
 20
-434.5
 10
-9.0
 20
-434.25
 10
-9.0
 20
-434.0
 10
-9.0
 20
-433.75
 10
-9.0
 20
-433.5
 10
-9.0
 20
-433.25
 10
-9.0
 20
-433.0
 10
-9.0
 20
-432.75
 10
-9.0
 20
-432.5
 10
-9.0
 20
-432.25
 10
-9.0
 20
-432.0
 10
-9.0
 20
-431.75
 10
-9.0
 20
-431.5
 10
-9.0
 20
-431.25
 10
-9.0
 20
-431.0
 10
-9.0
 20
-430.75
 10
-9.0
 20
-430.5
 10
-9.0
 20
-430.25
 10
-9.0
 20
-430.0
 10
-9.0
 20
-429.75
 10
-9.0
 20
-429.5
 10
-9.0
 20
-429.25
 10
-9.0
 20
-429.0
 10
-9.0
 20
-428.75
 10
-9.0
 20
-428.5
 10
-9.0
 20
-428.25
 10
-9.0
 20
-428.0
 10
-9.0
 20
-427.75
 10
-9.0
 20
-427.5
 10
-9.0
 20
-427.25
 10
-9.0
 20
-427.0
 10
-9.0
 20
-426.75
 10
-9.0
 20
-426.5
 10
-9.0
 20
-426.25
 10
-9.0
 20
-426.0
 10
-9.0
 20
-425.75
 10
-9.0
 20
-425.5
 10
-9.0
 20
-425.25
 10
-9.0
 20
-425.0
 10
-9.0
 20
-424.75
 10
-9.0
 20
-424.5
 10
-9.0
 20
-424.25
 10
-9.0
 20
-424.0
 10
-9.0
 20
-423.75
 10
-9.0
 20
-423.5
 10
-9.0
 20
-423.25
 10
-9.0
 20
-423.0
 10
-9.0
 20
-422.75
 10
-9.0
 20
-422.5
 10
-9.0
 20
-422.25
 10
-9.0
 20
-422.0
 10
-9.0
 20
-421.75
 10
-9.0
 20
-421.5
 10
-9.0
 20
-421.25
 10
-9.0
 20
-421.0
 10
-9.0
 20
-420.75
 10
-9.0
 20
-420.5
 10
-9.0
 20
-420.25
 10
-9.0
 20
-420.0
 10
-9.0
 20
-419.75
 10
-9.0
 20
-419.5
 10
-9.0
 20
-419.25
 10
-9.0
 20
-419.0
 10
-9.0
 20
-418.75
 10
-9.0
 20
-418.5
 10
-9.0
 20
-418.25
 10
-9.0
 20
-418.0
 10
-9.0
 20
-417.75
 10
-9.0
 20
-417.5
 10
-9.0
 20
-417.25
 10
-9.0
 20
-417.0
 10
-9.0
 20
-416.75
 10
-9.0
 20
-416.5
 10
-9.0
 20
-416.25
 10
-9.0
 20
-416.0
 10
-9.0
 20
-415.75
 10
-9.0
 20
-415.5
 10
-9.0
 20
-415.25
 10
-9.0
 20
-415.0
 10
-9.0
 20
-414.75
 10
-9.0
 20
-414.5
 10
-9.0
 20
-414.25
 10
-9.0
 20
-414.0
 10
-9.0
 20
-413.75
 10
-9.0
 20
-413.5
 10
-9.0
 20
-413.25
 10
-9.0
 20
-413.0
 10
-9.0
 20
-412.75
 10
-9.0
 20
-412.5
 10
-9.0
 20
-412.25
 10
-9.0
 20
-412.0
 10
-9.0
 20
-411.75
 10
-9.0
 20
-411.5
 10
-9.0
 20
-411.25
 10
-9.0
 20
-411.0
 10
-9.0
 20
-410.75
 10
-9.0
 20
-410.5
 10
-9.0
 20
-410.25
 10
-9.0
 20
-410.0
 10
-9.0
 20
-409.75
 10
-9.0
 20
-409.5
 10
-9.0
 20
-409.25
 10
-9.0
 20
-409.0
 10
-9.0
 20
-408.75
 10
-9.0
 20
-408.5
 10
-9.0
 20
-408.25
 10
-9.0
 20
-408.0
 10
-9.0
 20
-407.75
 10
-9.0
 20
-407.5
 10
-9.0
 20
-407.25
 10
-9.0
 20
-407.0
 10
-9.0
 20
-406.75
 10
-9.0
 20
-406.5
 10
-9.0
 20
-406.25
 10
-9.0
 20
-406.0
 10
-9.0
 20
-405.75
 10
-9.0
 20
-405.5
 10
-9.0
 20
-405.25
 10
-9.0
 20
-405.0
 10
-9.0
 20
-404.75
 10
-9.0
 20
-404.5
 10
-9.0
 20
-404.25
 10
-9.0
 20
-404.0
 10
-9.0
 20
-403.75
 10
-9.0
 20
-403.5
 10
-9.0
 20
-403.25
 10
-9.0
 20
-403.0
 10
-9.0
 20
-402.75
 10
-9.0
 20
-402.5
 10
-9.0
 20
-402.25
 10
-9.0
 20
-402.0
 10
-9.0
 20
-401.75
 10
-9.0
 20
-401.5
 10
-9.0
 20
-401.25
 10
-9.0
 20
-401.0
 10
-9.0
 20
-400.75
 10
-9.0
 20
-400.5
 10
-9.0
 20
-400.25
 10
-9.0
 20
-400.0
 10
-9.0
 20
-399.75
 10
-9.0
 20
-399.5
 10
-9.0
 20
-399.25
 10
-9.0
 20
-399.0
 10
-9.0
 20
-398.75
 10
-9.0
 20
-398.5
 10
-9.0
 20
-398.25
 10
-9.0
 20
-398.0
 10
-9.0
 20
-397.75
 10
-9.0
 20
-397.5
 10
-9.0
 20
-397.25
 10
-9.0
 20
-397.0
 10
-9.0
 20
-396.75
 10
-9.0
 20
-396.5
 10
-9.0
 20
-396.25
 10
-9.0
 20
-396.0
 10
-9.0
 20
-395.75
 10
-9.0
 20
-395.5
 10
-9.0
 20
-395.25
 10
-9.0
 20
-395.0
 10
-9.0
 20
-394.75
 10
-9.0
 20
-394.5
 10
-9.0
 20
-394.25
 10
-9.0
 20
-394.0
 10
-9.0
 20
-393.75
 10
-9.0
 20
-393.5
 10
-9.0
 20
-393.25
 10
-9.0
 20
-393.0
 10
-9.0
 20
-392.75
 10
-9.0
 20
-392.5
 10
-9.0
 20
-392.25
 10
-9.0
 20
-392.0
 10
-9.0
 20
-391.75
 10
-9.0
 20
-391.5
 10
-9.0
 20
-391.25
 10
-9.0
 20
-391.0
 10
-9.0
 20
-390.75
 10
-9.0
 20
-390.5
 10
-9.0
 20
-390.25
 10
-9.0
 20
-390.0
 10
-9.0
 20
-389.75
 10
-9.0
 20
-389.5
 10
-9.0
 20
-389.25
 10
-9.0
 20
-389.0
 10
-9.0
 20
-388.75
 10
-9.0
 20
-388.5
 10
-9.0
 20
-388.25
 10
-9.0
 20
-388.0
 10
-9.0
 20
-387.75
 10
-9.0
 20
-387.5
 10
-9.0
 20
-387.25
 10
-9.0
 20
-387.0
 10
-9.0
 20
-386.75
 10
-9.0
 20
-386.5
 10
-9.0
 20
-386.25
 10
-9.0
 20
-386.0
 10
-9.0
 20
-385.75
 10
-9.0
 20
-385.5
 10
-9.0
 20
-385.25
 10
-9.0
 20
-385.0
 10
-9.0
 20
-384.75
 10
-9.0
 20
-384.5
 10
-9.0
 20
-384.25
 10
-9.0
 20
-384.0
 10
-9.0
 20
-383.75
 10
-9.0
 20
-383.5
 10
-9.0
 20
-383.25
 10
-9.0
 20
-383.0
 10
-9.0
 20
-382.75
 10
-9.0
 20
-382.5
 10
-9.0
 20
-382.25
 10
-9.0
 20
-382.0
 10
-9.0
 20
-381.75
 10
-9.0
 20
-381.5
 10
-9.0
 20
-381.25
 10
-9.0
 20
-381.0
 10
-9.0
 20
-380.75
 10
-9.0
 20
-380.5
 10
-9.0
 20
-380.25
 10
-9.0
 20
-380.0
 10
-9.0
 20
-379.75
 10
-9.0
 20
-379.5
 10
-9.0
 20
-379.25
 10
-9.0
 20
-379.0
 10
-9.0
 20
-378.75
 10
-9.0
 20
-378.5
 10
-9.0
 20
-378.25
 10
-9.0
 20
-378.0
 10
-9.0
 20
-377.75
 10
-9.0
 20
-377.5
 10
-9.0
 20
-377.25
 10
-9.0
 20
-377.0
 10
-9.0
 20
-376.75
 10
-9.0
 20
-376.5
 10
-9.0
 20
-376.25
 10
-9.0
 20
-376.0
 10
-9.0
 20
-375.75
 10
-9.0
 20
-375.5
 10
-9.0
 20
-375.25
 10
-9.0
 20
-375.0
 10
-9.0
 20
-374.75
 10
-9.0
 20
-374.5
 10
-9.0
 20
-374.25
 10
-9.0
 20
-374.0
 10
-9.0
 20
-373.75
 10
-9.0
 20
-373.5
 10
-9.0
 20
-373.25
 10
-9.0
 20
-373.0
 10
-9.0
 20
-372.75
 10
-9.0
 20
-372.5
 10
-9.0
 20
-372.25
 10
-9.0
 20
-372.0
 10
-9.0
 20
-371.75
 10
-9.0
 20
-371.5
 10
-9.0
 20
-371.25
 10
-9.0
 20
-371.0
 10
-9.0
 20
-370.75
 10
-9.0
 20
-370.5
 10
-9.0
 20
-370.25
 10
-9.0
 20
-370.0
 10
-9.0
 20
-369.75
 10
-9.0
 20
-369.5
 10
-9.0
 20
-369.25
 10
-9.0
 20
-369.0
 10
-9.0
 20
-368.75
 10
-9.0
 20
-368.5
 10
-9.0
 20
-368.25
 10
-9.0
 20
-368.0
 10
-9.0
 20
-367.75
 10
-9.0
 20
-367.5
 10
-9.0
 20
-367.25
 10
-9.0
 20
-367.0
 10
-9.0
 20
-366.75
 10
-9.0
 20
-366.5
 10
-9.0
 20
-366.25
 10
-9.0
 20
-366.0
 10
-9.0
 20
-365.75
 10
-9.0
 20
-365.5
 10
-9.0
 20
-365.25
 10
-9.0
 20
-365.0
 10
-9.0
 20
-364.75
 10
-9.0
 20
-364.5
 10
-9.0
 20
-364.25
 10
-9.0
 20
-364.0
 10
-9.0
 20
-363.75
 10
-9.0
 20
-363.5
 10
-9.0
 20
-363.25
 10
-9.0
 20
-363.0
 10
-9.0
 20
-362.75
 10
-9.0
 20
-362.5
 10
-9.0
 20
-362.25
 10
-9.0
 20
-362.0
 10
-9.0
 20
-361.75
 10
-9.0
 20
-361.5
 10
-9.0
 20
-361.25
  0
LWPOLYLINE
  5
CF
330
17
100
AcDbEntity
  8
REFERENCE_GEOMETRY
100
AcDbPolyline
 90
72
 70
1
 10
5.299999999981283
 20
-420.0000000023202
 10
5.2798318998675775
 20
-419.53807456575856
 10
5.219481090946157
 20
-419.0796646606874
 10
5.119406879313731
 20
-418.62825906327976
 10
4.98037089014728
 20
-418.187293242698
 10
4.803431271276588
 20
-417.76012321509927
 10
4.589934640040324
 20
-417.3500000023258
 10
4.341505834714986
 20
-416.9600448896661
 10
4.060035548514513
 20
-416.5932256709888
 10
3.747665940273299
 20
-416.2523340620395
 10
3.4067743313239824
 20
-415.93996445379827
 10
3.0399551126466515
 20
-415.6584941675978
 10
2.6499999999869397
 20
-415.41006536227246
 10
2.2398767872135217
 20
-415.19656873103617
 10
1.8127067596147708
 20
-415.0196291121655
 10
1.3717409390330284
 20
-414.880593122999
 10
0.9203353416253619
 20
-414.78051891136664
 10
0.4619254365541973
 20
-414.7201681024452
 10
-7.404592018260136e-12
 20
-414.7000000023315
 10
-0.4619254365690065
 20
-414.7201681024452
 10
-0.9203353416401713
 20
-414.78051891136664
 10
-1.3717409390478377
 20
-414.880593122999
 10
-1.812706759629579
 20
-415.0196291121655
 10
-2.2398767872283307
 20
-415.19656873103617
 10
-2.6500000000017474
 20
-415.41006536227246
 10
-3.039955112661461
 20
-415.6584941675978
 10
-3.406774331338792
 20
-415.93996445379827
 10
-3.7476659402881074
 20
-416.2523340620395
 10
-4.0600355485293225
 20
-416.5932256709888
 10
-4.341505834729795
 20
-416.9600448896661
 10
-4.589934640055132
 20
-417.3500000023258
 10
-4.803431271291397
 20
-417.76012321509927
 10
-4.980370890162089
 20
-418.187293242698
 10
-5.11940687932854
 20
-418.62825906327976
 10
-5.219481090960967
 20
-419.0796646606874
 10
-5.279831899882387
 20
-419.53807456575856
 10
-5.299999999996093
 20
-420.0000000023202
 10
-5.279831899882387
 20
-420.4619254388818
 10
-5.219481090960968
 20
-420.92033534395296
 10
-5.119406879328541
 20
-421.3717409413606
 10
-4.98037089016209
 20
-421.81270676194237
 10
-4.803431271291399
 20
-422.2398767895411
 10
-4.589934640055133
 20
-422.6500000023145
 10
-4.341505834729796
 20
-423.03995511497425
 10
-4.060035548529324
 20
-423.4067743336516
 10
-3.7476659402881087
 20
-423.74766594260086
 10
-3.406774331338793
 20
-424.0600355508421
 10
-3.0399551126614583
 20
-424.3415058370426
 10
-2.650000000001751
 20
-424.5899346423679
 10
-2.239876787228334
 20
-424.8034312736042
 10
-1.8127067596295794
 20
-424.98037089247487
 10
-1.3717409390478366
 20
-425.11940688164134
 10
-0.9203353416401714
 20
-425.2194810932737
 10
-0.4619254365690077
 20
-425.27983190219516
 10
-7.405890143867229e-12
 20
-425.3000000023089
 10
0.461925436554196
 20
-425.27983190219516
 10
0.9203353416253596
 20
-425.2194810932737
 10
1.3717409390330249
 20
-425.11940688164134
 10
1.8127067596147717
 20
-424.98037089247487
 10
2.2398767872135186
 20
-424.8034312736042
 10
2.6499999999869357
 20
-424.5899346423679
 10
3.039955112646651
 20
-424.3415058370426
 10
3.406774331323982
 20
-424.0600355508421
 10
3.7476659402732975
 20
-423.74766594260086
 10
4.060035548514512
 20
-423.4067743336516
 10
4.341505834714984
 20
-423.03995511497425
 10
4.589934640040324
 20
-422.6500000023145
 10
4.803431271276587
 20
-422.2398767895411
 10
4.98037089014728
 20
-421.81270676194237
 10
5.119406879313731
 20
-421.3717409413606
 10
5.219481090946157
 20
-420.92033534395296
 10
5.2798318998675775
 20
-420.4619254388818
  0
LWPOLYLINE
  5
D0
330
17
100
AcDbEntity
  8
REFERENCE_GEOMETRY
100
AcDbPolyline
 90
72
 70
1
 10
2.249999999998306
 20
-465.00000000527996
 10
2.2414380707047825
 20
-464.8038995840989
 10
2.21581744427597
 20
-464.6092916055316
 10
2.17333310914915
 20
-464.4176571538026
 10
2.1143083967673797
 20
-464.2304546828016
 10
2.03919252083198
 20
-464.0491089163688
 10
1.948557158515026
 20
-463.87500000528644
 10
1.8430920996508768
 20
-463.70945302349753
 10
1.7235999970190328
 20
-463.55372788349354
 10
1.5909902576718267
 20
-463.4090097476194
 10
1.4462721217976402
 20
-463.27640000827216
 10
1.2905469817936757
 20
-463.1569079056403
 10
1.1250000000047737
 20
-463.0514428467762
 10
0.9508910889223482
 20
-462.9608074844592
 10
0.7695453224895719
 20
-462.8856916085238
 10
0.5823428514885653
 20
-462.82666689614206
 10
0.3907083997595883
 20
-462.7841825610152
 10
0.19610042119234447
 20
-462.7585619345864
 10
1.1241138731324127e-11
 20
-462.7500000052929
 10
-0.19610042116986218
 20
-462.7585619345864
 10
-0.390708399737106
 20
-462.7841825610152
 10
-0.5823428514660831
 20
-462.82666689614206
 10
-0.7695453224670891
 20
-462.8856916085238
 10
-0.950891088899866
 20
-462.9608074844592
 10
-1.124999999982291
 20
-463.0514428467762
 10
-1.2905469817711936
 20
-463.1569079056403
 10
-1.4462721217751582
 20
-463.27640000827216
 10
-1.5909902576493444
 20
-463.4090097476194
 10
-1.7235999969965505
 20
-463.55372788349354
 10
-1.843092099628395
 20
-463.70945302349753
 10
-1.9485571584925436
 20
-463.87500000528644
 10
-2.0391925208094985
 20
-464.0491089163688
 10
-2.114308396744898
 20
-464.2304546828016
 10
-2.1733331091266685
 20
-464.4176571538026
 10
-2.2158174442534886
 20
-464.6092916055316
 10
-2.241438070682301
 20
-464.8038995840989
 10
-2.2499999999758242
 20
-465.00000000527996
 10
-2.241438070682301
 20
-465.19610042646104
 10
-2.215817444253489
 20
-465.3907084050283
 10
-2.173333109126669
 20
-465.5823428567573
 10
-2.114308396744898
 20
-465.7695453277583
 10
-2.0391925208094994
 20
-465.95089109419104
 10
-1.9485571584925439
 20
-466.1250000052735
 10
-1.8430920996283953
 20
-466.2905469870624
 10
-1.7235999969965514
 20
-466.4462721270664
 10
-1.5909902576493449
 20
-466.5909902629405
 10
-1.4462721217751584
 20
-466.72360000228775
 10
-1.2905469817711923
 20
-466.8430921049196
 10
-1.1249999999822924
 20
-466.94855716378373
 10
-0.9508910888998673
 20
-467.0391925261007
 10
-0.7695453224670892
 20
-467.1143084020361
 10
-0.5823428514660826
 20
-467.17333311441786
 10
-0.3907083997371061
 20
-467.2158174495447
 10
-0.1961004211698627
 20
-467.2414380759735
 10
1.1240587640264515e-11
 20
-467.250000005267
 10
0.1961004211923439
 20
-467.2414380759735
 10
0.3907083997595873
 20
-467.2158174495447
 10
0.5823428514885639
 20
-467.17333311441786
 10
0.7695453224895722
 20
-467.1143084020361
 10
0.9508910889223469
 20
-467.0391925261007
 10
1.125000000004772
 20
-466.94855716378373
 10
1.2905469817936754
 20
-466.8430921049196
 10
1.44627212179764
 20
-466.72360000228775
 10
1.5909902576718262
 20
-466.5909902629405
 10
1.7235999970190323
 20
-466.4462721270664
 10
1.8430920996508764
 20
-466.2905469870624
 10
1.9485571585150263
 20
-466.1250000052735
 10
2.0391925208319797
 20
-465.9508910941911
 10
2.1143083967673797
 20
-465.7695453277583
 10
2.17333310914915
 20
-465.5823428567573
 10
2.21581744427597
 20
-465.3907084050283
 10
2.2414380707047825
 20
-465.19610042646104
  0
LWPOLYLINE
  5
D1
330
17
100
AcDbEntity
  8
REFERENCE_GEOMETRY
100
AcDbPolyline
 90
72
 70
1
 10
2.2499999999978013
 20
-374.9999999934605
 10
2.2414380707042043
 20
-374.8038995722777
 10
2.2158174442751712
 20
-374.6092915937088
 10
2.173333109147985
 20
-374.41765714197817
 10
2.114308396765705
 20
-374.2304546709755
 10
2.0391925208296575
 20
-374.0491089045412
 10
1.9485571585119217
 20
-373.87499999345727
 10
1.843092099646863
 20
-373.70945301166694
 10
1.7235999970139884
 20
-373.55372787166164
 10
1.5909902576656387
 20
-373.4090097357862
 10
1.4462721217902044
 20
-373.2763999964379
 10
1.290546981784897
 20
-373.156907893805
 10
1.1249999999945675
 20
-373.0514428349399
 10
0.9508910889106404
 20
-372.9608074726222
 10
0.7695453224763004
 20
-372.8856915966861
 10
0.5823428514736795
 20
-372.82666688430385
 10
0.39070839974305
 20
-372.78418254917665
 10
0.19610042117412793
 20
-372.7585619227476
 10
-8.666443505392789e-12
 20
-372.749999993454
 10
-0.1961004211914608
 20
-372.7585619227476
 10
-0.39070839976038285
 20
-372.78418254917665
 10
-0.5823428514910125
 20
-372.82666688430385
 10
-0.7695453224936328
 20
-372.8856915966861
 10
-0.9508910889279735
 20
-372.9608074726222
 10
-1.1250000000119
 20
-373.0514428349399
 10
-1.2905469818022302
 20
-373.156907893805
 10
-1.4462721218075376
 20
-373.2763999964379
 10
-1.5909902576829718
 20
-373.4090097357862
 10
-1.7235999970313214
 20
-373.55372787166164
 10
-1.8430920996641964
 20
-373.70945301166694
 10
-1.9485571585292545
 20
-373.87499999345727
 10
-2.0391925208469903
 20
-374.0491089045412
 10
-2.114308396783038
 20
-374.2304546709755
 10
-2.1733331091653176
 20
-374.41765714197817
 10
-2.215817444292504
 20
-374.6092915937088
 10
-2.241438070721537
 20
-374.8038995722777
 10
-2.250000000015134
 20
-374.9999999934605
 10
-2.241438070721537
 20
-375.1961004146433
 10
-2.215817444292504
 20
-375.3907083932122
 10
-2.1733331091653176
 20
-375.58234284494284
 10
-2.114308396783038
 20
-375.7695453159455
 10
-2.039192520846991
 20
-375.9508910823798
 10
-1.9485571585292547
 20
-376.12499999346375
 10
-1.8430920996641966
 20
-376.2905469752541
 10
-1.7235999970313225
 20
-376.4462721152594
 10
-1.5909902576829722
 20
-376.5909902511348
 10
-1.4462721218075378
 20
-376.72359999048314
 10
-1.290546981802229
 20
-376.843092093116
 10
-1.1250000000119016
 20
-376.9485571519811
 10
-0.9508910889279749
 20
-377.0391925142988
 10
-0.7695453224936329
 20
-377.1143083902349
 10
-0.5823428514910121
 20
-377.17333310261716
 10
-0.3907083997603829
 20
-377.21581743774436
 10
-0.19610042119146132
 20
-377.2414380641734
 10
-8.666994596452406e-12
 20
-377.249999993467
 10
0.19610042117412738
 20
-377.2414380641734
 10
0.390708399743049
 20
-377.21581743774436
 10
0.582342851473678
 20
-377.17333310261716
 10
0.7695453224763007
 20
-377.1143083902349
 10
0.9508910889106391
 20
-377.0391925142988
 10
1.1249999999945657
 20
-376.9485571519811
 10
1.2905469817848967
 20
-376.843092093116
 10
1.4462721217902041
 20
-376.72359999048314
 10
1.5909902576656383
 20
-376.5909902511348
 10
1.723599997013988
 20
-376.4462721152594
 10
1.8430920996468625
 20
-376.2905469752541
 10
1.948557158511922
 20
-376.12499999346375
 10
2.039192520829657
 20
-375.9508910823798
 10
2.114308396765705
 20
-375.7695453159455
 10
2.173333109147985
 20
-375.58234284494284
 10
2.2158174442751712
 20
-375.3907083932122
 10
2.2414380707042043
 20
-375.1961004146433
  0
DIMENSION
  5
D2
330
17
100
AcDbEntity
  8
REFERENCE_DIMENSIONS
100
AcDbDimension
280
0
  2
*D7
  3
Standard
 10
-9.0
 20
-497.0
 30
0.0
 11
0.0
 21
-497.0
 31
0.0
 70
32
 71
5
  1
<>
100
AcDbAlignedDimension
 13
-9.0
 23
-479.0
 33
0.0
 14
9.0
 24
-479.0
 34
0.0
 50
0.0
100
AcDbRotatedDimension
1001
ACAD
1000
DSTYLE
1002
{
1070
140
1040
3.0
1070
41
1040
2.0
1070
271
1070
3
1002
}
  0
DIMENSION
  5
E2
330
17
100
AcDbEntity
  8
REFERENCE_DIMENSIONS
100
AcDbDimension
280
0
  2
*D8
  3
Standard
 10
27.0
 20
-479.0
 30
0.0
 11
27.0
 21
-420.0
 31
0.0
 70
32
 71
5
  1
<>
100
AcDbAlignedDimension
 13
9.0
 23
-479.0
 33
0.0
 14
9.0
 24
-361.0
 34
0.0
 50
90.0
100
AcDbRotatedDimension
1001
ACAD
1000
DSTYLE
1002
{
1070
140
1040
3.0
1070
41
1040
2.0
1070
271
1070
3
1002
}
  0
LINE
  5
F2
330
17
100
AcDbEntity
  8
REFERENCE_DATUMS
100
AcDbLine
 10
-10.0
 20
-420.0
 30
0.0
 11
10.0
 21
-420.0
 31
0.0
  0
LINE
  5
F3
330
17
100
AcDbEntity
  8
REFERENCE_DATUMS
100
AcDbLine
 10
0.0
 20
-430.0
 30
0.0
 11
0.0
 21
-410.0
 31
0.0
  0
TEXT
  5
F4
330
17
100
AcDbEntity
  8
REFERENCE_NOTES
100
AcDbText
 10
-9.0
 20
-341.0
 30
0.0
 40
5.0
  1
WP01-HR-KEEPER-CROSSBAR-R2
100
AcDbText
  0
TEXT
  5
F5
330
17
100
AcDbEntity
  8
REFERENCE_NOTES
100
AcDbText
 10
-110.0
 20
-517.0
 30
0.0
 40
3.0
  1
NOT_FOR_MANUFACTURE | mm | WP02 R1
100
AcDbText
  0
TEXT
  5
F6
330
17
100
AcDbEntity
  8
REFERENCE_NOTES
100
AcDbText
 10
-110.0
 20
-524.0
 30
0.0
 40
3.0
  1
18 x 118 x 8 mm; 2 x D4.5 @ (0,+/-45)
100
AcDbText
  0
TEXT
  5
F7
330
17
100
AcDbEntity
  8
REFERENCE_NOTES
100
AcDbText
 10
-110.0
 20
-531.0
 30
0.0
 40
3.0
  1
Center D10.6; upper contact pad retracts +Z12
100
AcDbText
  0
TEXT
  5
F8
330
17
100
AcDbEntity
  8
REFERENCE_NOTES
100
AcDbText
 10
-110.0
 20
-538.0
 30
0.0
 40
3.0
  1
Keeper held bottom: A509.513134 / B552.814321
100
AcDbText
  0
TEXT
  5
F9
330
17
100
AcDbEntity
  8
REFERENCE_NOTES
100
AcDbText
 10
-110.0
 20
-545.0
 30
0.0
 40
3.0
  1
Upper contact is on folded link3, not link2
100
AcDbText
  0
TEXT
  5
FA
330
17
100
AcDbEntity
  8
REFERENCE_NOTES
100
AcDbText
 10
-110.0
 20
-552.0
 30
0.0
 40
3.0
  1
Y travel 180; lock pin withdrawal 48 mm
100
AcDbText
  0
TEXT
  5
FB
330
17
100
AcDbEntity
  8
REFERENCE_NOTES
100
AcDbText
 10
-110.0
 20
-559.0
 30
0.0
 40
3.0
  1
Independent holding support required during release
100
AcDbText
  0
LWPOLYLINE
  5
FC
330
17
100
AcDbEntity
  8
REFERENCE_GEOMETRY
100
AcDbPolyline
 90
192
 70
1
 10
363.0
 20
-413.25
 10
363.0
 20
-413.5
 10
363.0
 20
-413.75
 10
363.0
 20
-414.0
 10
363.0
 20
-414.25
 10
363.0
 20
-414.5
 10
363.0
 20
-414.75
 10
363.0
 20
-415.0
 10
363.0
 20
-415.25
 10
363.0
 20
-415.5
 10
363.0
 20
-415.75
 10
363.0
 20
-416.0
 10
363.0
 20
-416.25
 10
363.0
 20
-416.5
 10
363.0
 20
-416.75
 10
363.0
 20
-417.0
 10
363.0
 20
-417.25
 10
363.0
 20
-417.5
 10
363.0
 20
-417.75
 10
363.0
 20
-418.0
 10
363.0
 20
-418.25
 10
363.0
 20
-418.5
 10
363.0
 20
-418.75
 10
363.0
 20
-419.0
 10
363.0
 20
-419.25
 10
363.0
 20
-419.5
 10
363.0
 20
-419.75
 10
363.0
 20
-420.0
 10
363.0
 20
-420.25
 10
363.0
 20
-420.5
 10
363.0
 20
-420.75
 10
363.0
 20
-421.0
 10
363.0
 20
-421.25
 10
363.0
 20
-421.5
 10
363.0
 20
-421.75
 10
363.0
 20
-422.0
 10
363.0
 20
-422.25
 10
363.0
 20
-422.5
 10
363.0
 20
-422.75
 10
363.0
 20
-423.0
 10
363.0
 20
-423.25
 10
363.0
 20
-423.5
 10
363.0
 20
-423.75
 10
363.0
 20
-424.0
 10
363.0
 20
-424.25
 10
363.0
 20
-424.5
 10
363.0
 20
-424.75
 10
363.0
 20
-425.0
 10
363.0
 20
-425.25
 10
363.0
 20
-425.5
 10
363.0
 20
-425.75
 10
363.0
 20
-426.0
 10
363.0
 20
-426.25
 10
363.0
 20
-426.5
 10
363.0
 20
-426.75
 10
363.0
 20
-427.0
 10
362.75
 20
-427.0
 10
362.5
 20
-427.0
 10
362.25
 20
-427.0
 10
362.0
 20
-427.0
 10
361.75
 20
-427.0
 10
361.5
 20
-427.0
 10
361.25
 20
-427.0
 10
361.0
 20
-427.0
 10
360.75
 20
-427.0
 10
360.5
 20
-427.0
 10
360.25
 20
-427.0
 10
360.0
 20
-427.0
 10
359.75
 20
-427.0
 10
359.5
 20
-427.0
 10
359.25
 20
-427.0
 10
359.0
 20
-427.0
 10
358.75
 20
-427.0
 10
358.5
 20
-427.0
 10
358.25
 20
-427.0
 10
358.0
 20
-427.0
 10
357.75
 20
-427.0
 10
357.5
 20
-427.0
 10
357.25
 20
-427.0
 10
357.0
 20
-427.0
 10
356.75
 20
-427.0
 10
356.5
 20
-427.0
 10
356.25
 20
-427.0
 10
356.0
 20
-427.0
 10
355.75
 20
-427.0
 10
355.5
 20
-427.0
 10
355.25
 20
-427.0
 10
355.0
 20
-427.0
 10
354.75
 20
-427.0
 10
354.5
 20
-427.0
 10
354.25
 20
-427.0
 10
354.0
 20
-427.0
 10
353.75
 20
-427.0
 10
353.5
 20
-427.0
 10
353.25
 20
-427.0
 10
353.0
 20
-427.0
 10
353.0
 20
-426.75
 10
353.0
 20
-426.5
 10
353.0
 20
-426.25
 10
353.0
 20
-426.0
 10
353.0
 20
-425.75
 10
353.0
 20
-425.5
 10
353.0
 20
-425.25
 10
353.0
 20
-425.0
 10
353.0
 20
-424.75
 10
353.0
 20
-424.5
 10
353.0
 20
-424.25
 10
353.0
 20
-424.0
 10
353.0
 20
-423.75
 10
353.0
 20
-423.5
 10
353.0
 20
-423.25
 10
353.0
 20
-423.0
 10
353.0
 20
-422.75
 10
353.0
 20
-422.5
 10
353.0
 20
-422.25
 10
353.0
 20
-422.0
 10
353.0
 20
-421.75
 10
353.0
 20
-421.5
 10
353.0
 20
-421.25
 10
353.0
 20
-421.0
 10
353.0
 20
-420.75
 10
353.0
 20
-420.5
 10
353.0
 20
-420.25
 10
353.0
 20
-420.0
 10
353.0
 20
-419.75
 10
353.0
 20
-419.5
 10
353.0
 20
-419.25
 10
353.0
 20
-419.0
 10
353.0
 20
-418.75
 10
353.0
 20
-418.5
 10
353.0
 20
-418.25
 10
353.0
 20
-418.0
 10
353.0
 20
-417.75
 10
353.0
 20
-417.5
 10
353.0
 20
-417.25
 10
353.0
 20
-417.0
 10
353.0
 20
-416.75
 10
353.0
 20
-416.5
 10
353.0
 20
-416.25
 10
353.0
 20
-416.0
 10
353.0
 20
-415.75
 10
353.0
 20
-415.5
 10
353.0
 20
-415.25
 10
353.0
 20
-415.0
 10
353.0
 20
-414.75
 10
353.0
 20
-414.5
 10
353.0
 20
-414.25
 10
353.0
 20
-414.0
 10
353.0
 20
-413.75
 10
353.0
 20
-413.5
 10
353.0
 20
-413.25
 10
353.0
 20
-413.0
 10
353.25
 20
-413.0
 10
353.5
 20
-413.0
 10
353.75
 20
-413.0
 10
354.0
 20
-413.0
 10
354.25
 20
-413.0
 10
354.5
 20
-413.0
 10
354.75
 20
-413.0
 10
355.0
 20
-413.0
 10
355.25
 20
-413.0
 10
355.5
 20
-413.0
 10
355.75
 20
-413.0
 10
356.0
 20
-413.0
 10
356.25
 20
-413.0
 10
356.5
 20
-413.0
 10
356.75
 20
-413.0
 10
357.0
 20
-413.0
 10
357.25
 20
-413.0
 10
357.5
 20
-413.0
 10
357.75
 20
-413.0
 10
358.0
 20
-413.0
 10
358.25
 20
-413.0
 10
358.5
 20
-413.0
 10
358.75
 20
-413.0
 10
359.0
 20
-413.0
 10
359.25
 20
-413.0
 10
359.5
 20
-413.0
 10
359.75
 20
-413.0
 10
360.0
 20
-413.0
 10
360.25
 20
-413.0
 10
360.5
 20
-413.0
 10
360.75
 20
-413.0
 10
361.0
 20
-413.0
 10
361.25
 20
-413.0
 10
361.5
 20
-413.0
 10
361.75
 20
-413.0
 10
362.0
 20
-413.0
 10
362.25
 20
-413.0
 10
362.5
 20
-413.0
 10
362.75
 20
-413.0
 10
363.0
 20
-413.0
  0
LWPOLYLINE
  5
FD
330
17
100
AcDbEntity
  8
REFERENCE_GEOMETRY
100
AcDbPolyline
 90
72
 70
1
 10
360.6999999840844
 20
-420.00000000702994
 10
360.69353097084024
 20
-419.85183524435706
 10
360.67417316420483
 20
-419.70479810499245
 10
360.6420738887751
 20
-419.5600076303502
 10
360.59747743941915
 20
-419.41856576336903
 10
360.5407232220447
 20
-419.2815489620618
 10
360.47224317051507
 20
-419.15000000701934
 10
360.39255845937186
 20
-419.024920065221
 10
360.30227553738166
 20
-418.90726107054917
 10
360.2020815120953
 20
-418.7979184789978
 10
360.0927389205439
 20
-418.69772445371143
 10
359.9750799258721
 20
-418.60744153172124
 10
359.84999998407375
 20
-418.527756820578
 10
359.7184510290313
 20
-418.4592767690484
 10
359.58143422772406
 20
-418.40252255167394
 10
359.4399923607429
 20
-418.357926102318
 10
359.29520188610064
 20
-418.32582682688826
 10
359.14816474673603
 20
-418.30646902025285
 10
358.99999998406315
 20
-418.3000000070087
 10
358.8518352213903
 20
-418.30646902025285
 10
358.70479808202566
 20
-418.32582682688826
 10
358.5600076073834
 20
-418.357926102318
 10
358.41856574040224
 20
-418.40252255167394
 10
358.281548939095
 20
-418.4592767690484
 10
358.14999998405256
 20
-418.527756820578
 10
358.0249200422542
 20
-418.60744153172124
 10
357.9072610475824
 20
-418.69772445371143
 10
357.797918456031
 20
-418.7979184789978
 10
357.69772443074464
 20
-418.90726107054917
 10
357.60744150875445
 20
-419.024920065221
 10
357.52775679761123
 20
-419.15000000701934
 10
357.4592767460816
 20
-419.2815489620618
 10
357.40252252870715
 20
-419.41856576336903
 10
357.3579260793512
 20
-419.5600076303502
 10
357.3258268039215
 20
-419.70479810499245
 10
357.30646899728606
 20
-419.85183524435706
 10
357.2999999840419
 20
-420.00000000702994
 10
357.30646899728606
 20
-420.1481647697028
 10
357.3258268039215
 20
-420.29520190906743
 10
357.3579260793512
 20
-420.4399923837097
 10
357.40252252870715
 20
-420.58143425069085
 10
357.4592767460816
 20
-420.7184510519981
 10
357.52775679761123
 20
-420.85000000704053
 10
357.60744150875445
 20
-420.97507994883887
 10
357.69772443074464
 20
-421.0927389435107
 10
357.797918456031
 20
-421.20208153506206
 10
357.9072610475824
 20
-421.30227556034845
 10
358.0249200422542
 20
-421.39255848233864
 10
358.14999998405256
 20
-421.47224319348186
 10
358.281548939095
 20
-421.54072324501146
 10
358.41856574040224
 20
-421.59747746238594
 10
358.5600076073834
 20
-421.6420739117419
 10
358.70479808202566
 20
-421.6741731871716
 10
358.8518352213903
 20
-421.69353099380703
 10
358.99999998406315
 20
-421.7000000070512
 10
359.14816474673603
 20
-421.69353099380703
 10
359.29520188610064
 20
-421.6741731871716
 10
359.4399923607429
 20
-421.6420739117419
 10
359.58143422772406
 20
-421.59747746238594
 10
359.7184510290313
 20
-421.54072324501146
 10
359.84999998407375
 20
-421.47224319348186
 10
359.9750799258721
 20
-421.39255848233864
 10
360.0927389205439
 20
-421.30227556034845
 10
360.2020815120953
 20
-421.20208153506206
 10
360.30227553738166
 20
-421.0927389435107
 10
360.3925584593718
 20
-420.97507994883887
 10
360.47224317051507
 20
-420.85000000704053
 10
360.5407232220447
 20
-420.7184510519981
 10
360.59747743941915
 20
-420.58143425069085
 10
360.6420738887751
 20
-420.4399923837097
 10
360.67417316420483
 20
-420.29520190906743
 10
360.69353097084024
 20
-420.1481647697028
  0
LWPOLYLINE
  5
FE
330
17
100
AcDbEntity
  8
REFERENCE_GEOMETRY
100
AcDbPolyline
 90
192
 70
1
 10
347.0
 20
-413.25
 10
347.0
 20
-413.5
 10
347.0
 20
-413.75
 10
347.0
 20
-414.0
 10
347.0
 20
-414.25
 10
347.0
 20
-414.5
 10
347.0
 20
-414.75
 10
347.0
 20
-415.0
 10
347.0
 20
-415.25
 10
347.0
 20
-415.5
 10
347.0
 20
-415.75
 10
347.0
 20
-416.0
 10
347.0
 20
-416.25
 10
347.0
 20
-416.5
 10
347.0
 20
-416.75
 10
347.0
 20
-417.0
 10
347.0
 20
-417.25
 10
347.0
 20
-417.5
 10
347.0
 20
-417.75
 10
347.0
 20
-418.0
 10
347.0
 20
-418.25
 10
347.0
 20
-418.5
 10
347.0
 20
-418.75
 10
347.0
 20
-419.0
 10
347.0
 20
-419.25
 10
347.0
 20
-419.5
 10
347.0
 20
-419.75
 10
347.0
 20
-420.0
 10
347.0
 20
-420.25
 10
347.0
 20
-420.5
 10
347.0
 20
-420.75
 10
347.0
 20
-421.0
 10
347.0
 20
-421.25
 10
347.0
 20
-421.5
 10
347.0
 20
-421.75
 10
347.0
 20
-422.0
 10
347.0
 20
-422.25
 10
347.0
 20
-422.5
 10
347.0
 20
-422.75
 10
347.0
 20
-423.0
 10
347.0
 20
-423.25
 10
347.0
 20
-423.5
 10
347.0
 20
-423.75
 10
347.0
 20
-424.0
 10
347.0
 20
-424.25
 10
347.0
 20
-424.5
 10
347.0
 20
-424.75
 10
347.0
 20
-425.0
 10
347.0
 20
-425.25
 10
347.0
 20
-425.5
 10
347.0
 20
-425.75
 10
347.0
 20
-426.0
 10
347.0
 20
-426.25
 10
347.0
 20
-426.5
 10
347.0
 20
-426.75
 10
347.0
 20
-427.0
 10
346.75
 20
-427.0
 10
346.5
 20
-427.0
 10
346.25
 20
-427.0
 10
346.0
 20
-427.0
 10
345.75
 20
-427.0
 10
345.5
 20
-427.0
 10
345.25
 20
-427.0
 10
345.0
 20
-427.0
 10
344.75
 20
-427.0
 10
344.5
 20
-427.0
 10
344.25
 20
-427.0
 10
344.0
 20
-427.0
 10
343.75
 20
-427.0
 10
343.5
 20
-427.0
 10
343.25
 20
-427.0
 10
343.0
 20
-427.0
 10
342.75
 20
-427.0
 10
342.5
 20
-427.0
 10
342.25
 20
-427.0
 10
342.0
 20
-427.0
 10
341.75
 20
-427.0
 10
341.5
 20
-427.0
 10
341.25
 20
-427.0
 10
341.0
 20
-427.0
 10
340.75
 20
-427.0
 10
340.5
 20
-427.0
 10
340.25
 20
-427.0
 10
340.0
 20
-427.0
 10
339.75
 20
-427.0
 10
339.5
 20
-427.0
 10
339.25
 20
-427.0
 10
339.0
 20
-427.0
 10
338.75
 20
-427.0
 10
338.5
 20
-427.0
 10
338.25
 20
-427.0
 10
338.0
 20
-427.0
 10
337.75
 20
-427.0
 10
337.5
 20
-427.0
 10
337.25
 20
-427.0
 10
337.0
 20
-427.0
 10
337.0
 20
-426.75
 10
337.0
 20
-426.5
 10
337.0
 20
-426.25
 10
337.0
 20
-426.0
 10
337.0
 20
-425.75
 10
337.0
 20
-425.5
 10
337.0
 20
-425.25
 10
337.0
 20
-425.0
 10
337.0
 20
-424.75
 10
337.0
 20
-424.5
 10
337.0
 20
-424.25
 10
337.0
 20
-424.0
 10
337.0
 20
-423.75
 10
337.0
 20
-423.5
 10
337.0
 20
-423.25
 10
337.0
 20
-423.0
 10
337.0
 20
-422.75
 10
337.0
 20
-422.5
 10
337.0
 20
-422.25
 10
337.0
 20
-422.0
 10
337.0
 20
-421.75
 10
337.0
 20
-421.5
 10
337.0
 20
-421.25
 10
337.0
 20
-421.0
 10
337.0
 20
-420.75
 10
337.0
 20
-420.5
 10
337.0
 20
-420.25
 10
337.0
 20
-420.0
 10
337.0
 20
-419.75
 10
337.0
 20
-419.5
 10
337.0
 20
-419.25
 10
337.0
 20
-419.0
 10
337.0
 20
-418.75
 10
337.0
 20
-418.5
 10
337.0
 20
-418.25
 10
337.0
 20
-418.0
 10
337.0
 20
-417.75
 10
337.0
 20
-417.5
 10
337.0
 20
-417.25
 10
337.0
 20
-417.0
 10
337.0
 20
-416.75
 10
337.0
 20
-416.5
 10
337.0
 20
-416.25
 10
337.0
 20
-416.0
 10
337.0
 20
-415.75
 10
337.0
 20
-415.5
 10
337.0
 20
-415.25
 10
337.0
 20
-415.0
 10
337.0
 20
-414.75
 10
337.0
 20
-414.5
 10
337.0
 20
-414.25
 10
337.0
 20
-414.0
 10
337.0
 20
-413.75
 10
337.0
 20
-413.5
 10
337.0
 20
-413.25
 10
337.0
 20
-413.0
 10
337.25
 20
-413.0
 10
337.5
 20
-413.0
 10
337.75
 20
-413.0
 10
338.0
 20
-413.0
 10
338.25
 20
-413.0
 10
338.5
 20
-413.0
 10
338.75
 20
-413.0
 10
339.0
 20
-413.0
 10
339.25
 20
-413.0
 10
339.5
 20
-413.0
 10
339.75
 20
-413.0
 10
340.0
 20
-413.0
 10
340.25
 20
-413.0
 10
340.5
 20
-413.0
 10
340.75
 20
-413.0
 10
341.0
 20
-413.0
 10
341.25
 20
-413.0
 10
341.5
 20
-413.0
 10
341.75
 20
-413.0
 10
342.0
 20
-413.0
 10
342.25
 20
-413.0
 10
342.5
 20
-413.0
 10
342.75
 20
-413.0
 10
343.0
 20
-413.0
 10
343.25
 20
-413.0
 10
343.5
 20
-413.0
 10
343.75
 20
-413.0
 10
344.0
 20
-413.0
 10
344.25
 20
-413.0
 10
344.5
 20
-413.0
 10
344.75
 20
-413.0
 10
345.0
 20
-413.0
 10
345.25
 20
-413.0
 10
345.5
 20
-413.0
 10
345.75
 20
-413.0
 10
346.0
 20
-413.0
 10
346.25
 20
-413.0
 10
346.5
 20
-413.0
 10
346.75
 20
-413.0
 10
347.0
 20
-413.0
  0
LWPOLYLINE
  5
FF
330
17
100
AcDbEntity
  8
REFERENCE_GEOMETRY
100
AcDbPolyline
 90
72
 70
1
 10
342.69999999513055
 20
-420.000000000304
 10
342.6935309818865
 20
-419.8518352376326
 10
342.67417317525127
 20
-419.7047980982695
 10
342.64207389982187
 20
-419.5600076236287
 10
342.5974774504664
 20
-419.41856575664895
 10
342.5407232330925
 20
-419.28154895534306
 10
342.47224318156356
 20
-419.15000000030193
 10
342.39255847042114
 20
-419.02492005850485
 10
342.3022755484319
 20
-418.90726106383426
 10
342.2020815231465
 20
-418.797918472284
 10
342.0927389315962
 20
-418.69772444699856
 10
341.9750799369256
 20
-418.60744152500934
 10
341.84999999512854
 20
-418.5277568138669
 10
341.7184510400874
 20
-418.459276762338
 10
341.5814342387815
 20
-418.4025225449641
 10
341.43999237180185
 20
-418.3579260956086
 10
341.29520189716095
 20
-418.3258268201792
 10
341.1481647577979
 20
-418.30646901354396
 10
340.9999999951265
 20
-418.3000000002999
 10
340.8518352324551
 20
-418.30646901354396
 10
340.704798093092
 20
-418.3258268201792
 10
340.5600076184511
 20
-418.3579260956086
 10
340.4185657514714
 20
-418.4025225449641
 10
340.28154895016553
 20
-418.459276762338
 10
340.1499999951244
 20
-418.5277568138669
 10
340.0249200533273
 20
-418.60744152500934
 10
339.90726105865673
 20
-418.69772444699856
 10
339.79791846710646
 20
-418.797918472284
 10
339.69772444182104
 20
-418.90726106383426
 10
339.6074415198318
 20
-419.02492005850485
 10
339.5277568086894
 20
-419.15000000030193
 10
339.45927675716047
 20
-419.28154895534306
 10
339.40252253978656
 20
-419.41856575664895
 10
339.3579260904311
 20
-419.5600076236287
 10
339.3258268150017
 20
-419.7047980982695
 10
339.30646900836643
 20
-419.8518352376326
 10
339.2999999951224
 20
-420.000000000304
 10
339.30646900836643
 20
-420.1481647629754
 10
339.3258268150017
 20
-420.2952019023385
 10
339.3579260904311
 20
-420.4399923769793
 10
339.40252253978656
 20
-420.58143424395905
 10
339.45927675716047
 20
-420.71845104526494
 10
339.5277568086894
 20
-420.85000000030607
 10
339.6074415198318
 20
-420.97507994210315
 10
339.69772444182104
 20
-421.09273893677374
 10
339.79791846710646
 20
-421.202081528324
 10
339.90726105865673
 20
-421.30227555360943
 10
340.0249200533273
 20
-421.39255847559866
 10
340.1499999951244
 20
-421.4722431867411
 10
340.28154895016553
 20
-421.54072323827
 10
340.4185657514714
 20
-421.5974774556439
 10
340.56000761845115
 20
-421.6420739049994
 10
340.704798093092
 20
-421.6741731804288
 10
340.8518352324551
 20
-421.69353098706404
 10
340.9999999951265
 20
-421.7000000003081
 10
341.1481647577979
 20
-421.69353098706404
 10
341.29520189716095
 20
-421.6741731804288
 10
341.4399923718018
 20
-421.6420739049994
 10
341.5814342387815
 20
-421.5974774556439
 10
341.7184510400874
 20
-421.54072323827
 10
341.84999999512854
 20
-421.4722431867411
 10
341.9750799369256
 20
-421.39255847559866
 10
342.0927389315962
 20
-421.30227555360943
 10
342.2020815231465
 20
-421.202081528324
 10
342.3022755484319
 20
-421.09273893677374
 10
342.39255847042114
 20
-420.97507994210315
 10
342.47224318156356
 20
-420.85000000030607
 10
342.5407232330925
 20
-420.71845104526494
 10
342.5974774504664
 20
-420.58143424395905
 10
342.64207389982187
 20
-420.4399923769793
 10
342.67417317525127
 20
-420.2952019023385
 10
342.6935309818865
 20
-420.1481647629754
  0
DIMENSION
  5
100
330
17
100
AcDbEntity
  8
REFERENCE_DIMENSIONS
100
AcDbDimension
280
0
  2
*D9
  3
Standard
 10
337.0
 20
-445.0
 30
0.0
 11
350.0
 21
-445.0
 31
0.0
 70
32
 71
5
  1
<>
100
AcDbAlignedDimension
 13
337.0
 23
-427.0
 33
0.0
 14
363.0
 24
-427.0
 34
0.0
 50
0.0
100
AcDbRotatedDimension
1001
ACAD
1000
DSTYLE
1002
{
1070
140
1040
3.0
1070
41
1040
2.0
1070
271
1070
3
1002
}
  0
DIMENSION
  5
110
330
17
100
AcDbEntity
  8
REFERENCE_DIMENSIONS
100
AcDbDimension
280
0
  2
*D10
  3
Standard
 10
381.0
 20
-427.0
 30
0.0
 11
381.0
 21
-420.0
 31
0.0
 70
32
 71
5
  1
<>
100
AcDbAlignedDimension
 13
363.0
 23
-427.0
 33
0.0
 14
363.0
 24
-413.0
 34
0.0
 50
90.0
100
AcDbRotatedDimension
1001
ACAD
1000
DSTYLE
1002
{
1070
140
1040
3.0
1070
41
1040
2.0
1070
271
1070
3
1002
}
  0
LINE
  5
120
330
17
100
AcDbEntity
  8
REFERENCE_DATUMS
100
AcDbLine
 10
340.0
 20
-420.0
 30
0.0
 11
360.0
 21
-420.0
 31
0.0
  0
LINE
  5
121
330
17
100
AcDbEntity
  8
REFERENCE_DATUMS
100
AcDbLine
 10
350.0
 20
-430.0
 30
0.0
 11
350.0
 21
-410.0
 31
0.0
  0
TEXT
  5
122
330
17
100
AcDbEntity
  8
REFERENCE_NOTES
100
AcDbText
 10
337.0
 20
-393.0
 30
0.0
 40
5.0
  1
WP01-HB-SPLIT-CLAMP-LOWER-R2
100
AcDbText
  0
TEXT
  5
123
330
17
100
AcDbEntity
  8
REFERENCE_NOTES
100
AcDbText
 10
240.0
 20
-465.0
 30
0.0
 40
3.0
  1
NOT_FOR_MANUFACTURE | mm | WP02 R1
100
AcDbText
  0
TEXT
  5
124
330
17
100
AcDbEntity
  8
REFERENCE_NOTES
100
AcDbText
 10
240.0
 20
-472.0
 30
0.0
 40
3.0
  1
26 x 14 x 6 mm; 2 x D3.4 @ (+/-9,0)
100
AcDbText
  0
TEXT
  5
125
330
17
100
AcDbEntity
  8
REFERENCE_NOTES
100
AcDbText
 10
240.0
 20
-479.0
 30
0.0
 40
3.0
  1
Proxy cable groove D6 along Y; interchangeable halves
100
AcDbText
  0
TEXT
  5
126
330
17
100
AcDbEntity
  8
REFERENCE_NOTES
100
AcDbText
 10
240.0
 20
-486.0
 30
0.0
 40
3.0
  1
Actual OD / squeeze / bend radius: TBD
100
AcDbText
  0
TEXT
  5
127
330
17
100
AcDbEntity
  8
REFERENCE_NOTES
100
AcDbText
 10
240.0
 20
-493.0
 30
0.0
 40
3.0
  1
OEM XT30 2+2 length does not define free span
100
AcDbText
  0
TEXT
  5
128
330
17
100
AcDbEntity
  8
REFERENCE_NOTES
100
AcDbText
 10
240.0
 20
-500.0
 30
0.0
 40
3.0
  1
Root clamp anchor S=[90,-140,110] mm
100
AcDbText
  0
TEXT
  5
129
330
17
100
AcDbEntity
  8
REFERENCE_NOTES
100
AcDbText
 10
240.0
 20
-507.0
 30
0.0
 40
3.0
  1
No connector load rating or clamp torque selected
100
AcDbText
  0
ENDSEC
  0
SECTION
  2
OBJECTS
  0
DICTIONARY
  5
A
330
0
100
AcDbDictionary
281
1
  3
ACAD_COLOR
350
B
  3
ACAD_GROUP
350
C
  3
ACAD_LAYOUT
350
D
  3
ACAD_MATERIAL
350
E
  3
ACAD_MLEADERSTYLE
350
F
  3
ACAD_MLINESTYLE
350
10
  3
ACAD_PLOTSETTINGS
350
11
  3
ACAD_PLOTSTYLENAME
350
12
  3
ACAD_SCALELIST
350
14
  3
ACAD_TABLESTYLE
350
15
  3
ACAD_VISUALSTYLE
350
16
  3
EZDXF_META
350
2D
  0
DICTIONARY
  5
B
330
A
100
AcDbDictionary
281
1
  0
DICTIONARY
  5
C
330
A
100
AcDbDictionary
281
1
  0
DICTIONARY
  5
D
330
A
100
AcDbDictionary
281
1
  3
Model
350
1A
  3
Layout1
350
1E
  0
DICTIONARY
  5
E
330
A
100
AcDbDictionary
281
1
  3
ByBlock
350
1F
  3
ByLayer
350
20
  3
Global
350
21
  0
DICTIONARY
  5
F
330
A
100
AcDbDictionary
281
1
  3
Standard
350
2C
  0
DICTIONARY
  5
10
330
A
100
AcDbDictionary
281
1
  3
Standard
350
22
  0
DICTIONARY
  5
11
330
A
100
AcDbDictionary
281
1
  0
ACDBDICTIONARYWDFLT
  5
12
330
A
100
AcDbDictionary
281
1
  3
Normal
350
13
100
AcDbDictionaryWithDefault
340
13
  0
ACDBPLACEHOLDER
  5
13
330
12
  0
DICTIONARY
  5
14
330
A
100
AcDbDictionary
281
1
  0
DICTIONARY
  5
15
330
A
100
AcDbDictionary
281
1
  0
DICTIONARY
  5
16
330
A
100
AcDbDictionary
281
1
  0
LAYOUT
  5
1A
330
D
100
AcDbPlotSettings
  1

  4
A3
  6

 40
7.5
 41
20.0
 42
7.5
 43
20.0
 44
420.0
 45
297.0
 46
0.0
 47
0.0
 48
0.0
 49
0.0
140
0.0
141
0.0
142
1.0
143
1.0
 70
1024
 72
1
 73
0
 74
5
  7

 75
16
 76
0
 77
2
 78
300
147
1.0
148
0.0
149
0.0
100
AcDbLayout
  1
Model
 70
1
 71
0
 10
0.0
 20
0.0
 11
420.0
 21
297.0
 12
0.0
 22
0.0
 32
0.0
 14
1e+20
 24
1e+20
 34
1e+20
 15
-1e+20
 25
-1e+20
 35
-1e+20
146
0.0
 13
0.0
 23
0.0
 33
0.0
 16
1.0
 26
0.0
 36
0.0
 17
0.0
 27
1.0
 37
0.0
 76
1
330
17
  0
LAYOUT
  5
1E
330
D
100
AcDbPlotSettings
  1

  4
A3
  6

 40
7.5
 41
20.0
 42
7.5
 43
20.0
 44
420.0
 45
297.0
 46
0.0
 47
0.0
 48
0.0
 49
0.0
140
0.0
141
0.0
142
1.0
143
1.0
 70
0
 72
1
 73
0
 74
5
  7

 75
16
 76
0
 77
2
 78
300
147
1.0
148
0.0
149
0.0
100
AcDbLayout
  1
Layout1
 70
1
 71
1
 10
0.0
 20
0.0
 11
420.0
 21
297.0
 12
0.0
 22
0.0
 32
0.0
 14
1e+20
 24
1e+20
 34
1e+20
 15
-1e+20
 25
-1e+20
 35
-1e+20
146
0.0
 13
0.0
 23
0.0
 33
0.0
 16
1.0
 26
0.0
 36
0.0
 17
0.0
 27
1.0
 37
0.0
 76
1
330
1B
  0
MATERIAL
  5
1F
102
{ACAD_REACTORS
330
E
102
}
330
E
100
AcDbMaterial
  1
ByBlock
  2

 70
0
 40
1.0
 71
1
 41
1.0
 91
-1023410177
 42
1.0
 72
1
  3

 73
1
 74
1
 75
1
 44
0.5
 73
0
 45
1.0
 46
1.0
 77
1
  4

 78
1
 79
1
170
1
 48
1.0
171
1
  6

172
1
173
1
174
1
140
1.0
141
1.0
175
1
  7

176
1
177
1
178
1
143
1.0
179
1
  8

270
1
271
1
272
1
145
1.0
146
1.0
273
1
  9

274
1
275
1
276
1
 42
1.0
 72
1
  3

 73
1
 74
1
 75
1
 94
63
  0
MATERIAL
  5
20
102
{ACAD_REACTORS
330
E
102
}
330
E
100
AcDbMaterial
  1
ByLayer
  2

 70
0
 40
1.0
 71
1
 41
1.0
 91
-1023410177
 42
1.0
 72
1
  3

 73
1
 74
1
 75
1
 44
0.5
 73
0
 45
1.0
 46
1.0
 77
1
  4

 78
1
 79
1
170
1
 48
1.0
171
1
  6

172
1
173
1
174
1
140
1.0
141
1.0
175
1
  7

176
1
177
1
178
1
143
1.0
179
1
  8

270
1
271
1
272
1
145
1.0
146
1.0
273
1
  9

274
1
275
1
276
1
 42
1.0
 72
1
  3

 73
1
 74
1
 75
1
 94
63
  0
MATERIAL
  5
21
102
{ACAD_REACTORS
330
E
102
}
330
E
100
AcDbMaterial
  1
Global
  2

 70
0
 40
1.0
 71
1
 41
1.0
 91
-1023410177
 42
1.0
 72
1
  3

 73
1
 74
1
 75
1
 44
0.5
 73
0
 45
1.0
 46
1.0
 77
1
  4

 78
1
 79
1
170
1
 48
1.0
171
1
  6

172
1
173
1
174
1
140
1.0
141
1.0
175
1
  7

176
1
177
1
178
1
143
1.0
179
1
  8

270
1
271
1
272
1
145
1.0
146
1.0
273
1
  9

274
1
275
1
276
1
 42
1.0
 72
1
  3

 73
1
 74
1
 75
1
 94
63
  0
MLINESTYLE
  5
22
102
{ACAD_REACTORS
330
10
102
}
330
10
100
AcDbMlineStyle
  2
Standard
 70
0
  3

 62
256
 51
90.0
 52
90.0
 71
2
 49
0.5
 62
256
  6
BYLAYER
 49
-0.5
 62
256
  6
BYLAYER
  0
MLEADERSTYLE
  5
2C
102
{ACAD_REACTORS
330
F
102
}
330
F
100
AcDbMLeaderStyle
179
2
170
2
171
1
172
0
 90
2
 40
0.0
 41
0.0
173
1
 91
-1056964608
 92
-2
290
1
 42
2.0
291
1
 43
8.0
  3
Standard
 44
4.0
300

342
29
174
1
175
1
176
0
178
1
 93
-1056964608
 45
4.0
292
0
297
0
 46
4.0
 94
-1056964608
 47
1.0
 49
1.0
140
1.0
294
1
141
0.0
177
0
142
1.0
295
0
296
0
143
3.75
271
0
272
9
273
9
  0
DICTIONARY
  5
2D
330
A
100
AcDbDictionary
280
1
281
1
  3
CREATED_BY_EZDXF
350
2E
  3
WRITTEN_BY_EZDXF
350
12C
  0
DICTIONARYVAR
  5
2E
330
2D
100
DictionaryVariables
280
0
  1
1.4.4 @ 2026-09-05T11:21:14.640265+00:00
  0
DICTIONARYVAR
  5
12C
330
2D
100
DictionaryVariables
280
0
  1
1.4.4 @ 2026-09-05T11:21:20.327744+00:00
  0
ENDSEC
  0
EOF
