                                                                        S0000001
,,31HOpen CASCADE IGES processor 7.9,13HFilename.iges,                  G0000001
16HOpen CASCADE 7.9,31HOpen CASCADE IGES processor 7.9,32,308,15,308,15,G0000002
,1.,2,2HMM,1,0.01,15H20260907.145944,1E-07,106.15,5Hstude,,11,0,        G0000003
15H20260907.145944,;                                                    G0000004
     402       1       0       0       0       0       0       000000000D0000001
     402       0       0       1       1                               0D0000002
     186       2       0       0       0       0       0       000020000D0000003
     186       0       0       1       0                               0D0000004
     514       3       0       0       0       0       0       000010000D0000005
     514       0       0       3       1                               0D0000006
     510       6       0       0       0       0       0       000010000D0000007
     510       0       0       1       1                               0D0000008
     192       7       0       0       0       0       0       000010000D0000009
     192       0       0       1       1                               0D0000010
     116       8       0       0       0       0       0       000010400D0000011
     116       0       0       1       0                               0D0000012
     123       9       0       0       0       0       0       000010200D0000013
     123       0       0       1       0                               0D0000014
     123      10       0       0       0       0       0       000010200D0000015
     123       0       0       1       0                               0D0000016
     508      11       0       0       0       0       0       000010000D0000017
     508       0       0       2       1                               0D0000018
     504      13       0       0       0       0       0       000010001D0000019
     504       0       0      13       1                               0D0000020
     110      26       0       0       0       0       0       000010000D0000021
     110       0       0       1       0                               0D0000022
     502      27       0       0       0       0       0       000010000D0000023
     502       0       0      17       1                               0D0000024
     100      44       0       0       0       0      27       000010000D0000025
     100       0       0       1       0                               0D0000026
     124      45       0       0       0       0       0       000000000D0000027
     124       0       0       3       0                               0D0000028
     100      48       0       0       0       0      31       000010000D0000029
     100       0       0       1       0                               0D0000030
     124      49       0       0       0       0       0       000000000D0000031
     124       0       0       3       0                               0D0000032
     110      52       0       0       0       0       0       000010000D0000033
     110       0       0       1       0                               0D0000034
     100      53       0       0       0       0      37       000010000D0000035
     100       0       0       1       0                               0D0000036
     124      54       0       0       0       0       0       000000000D0000037
     124       0       0       3       0                               0D0000038
     110      57       0       0       0       0       0       000010000D0000039
     110       0       0       1       0                               0D0000040
     100      58       0       0       0       0      43       000010000D0000041
     100       0       0       1       0                               0D0000042
     124      59       0       0       0       0       0       000000000D0000043
     124       0       0       2       0                               0D0000044
     110      61       0       0       0       0       0       000010000D0000045
     110       0       0       1       0                               0D0000046
     100      62       0       0       0       0      49       000010000D0000047
     100       0       0       1       0                               0D0000048
     124      63       0       0       0       0       0       000000000D0000049
     124       0       0       2       0                               0D0000050
     100      65       0       0       0       0      53       000010000D0000051
     100       0       0       1       0                               0D0000052
     124      66       0       0       0       0       0       000000000D0000053
     124       0       0       2       0                               0D0000054
     100      68       0       0       0       0      57       000010000D0000055
     100       0       0       1       0                               0D0000056
     124      69       0       0       0       0       0       000000000D0000057
     124       0       0       2       0                               0D0000058
     100      71       0       0       0       0      61       000010000D0000059
     100       0       0       2       0                               0D0000060
     124      73       0       0       0       0       0       000000000D0000061
     124       0       0       2       0                               0D0000062
     100      75       0       0       0       0      65       000010000D0000063
     100       0       0       1       0                               0D0000064
     124      76       0       0       0       0       0       000000000D0000065
     124       0       0       2       0                               0D0000066
     100      78       0       0       0       0      69       000010000D0000067
     100       0       0       1       0                               0D0000068
     124      79       0       0       0       0       0       000000000D0000069
     124       0       0       2       0                               0D0000070
     100      81       0       0       0       0      73       000010000D0000071
     100       0       0       1       0                               0D0000072
     124      82       0       0       0       0       0       000000000D0000073
     124       0       0       2       0                               0D0000074
     100      84       0       0       0       0      77       000010000D0000075
     100       0       0       2       0                               0D0000076
     124      86       0       0       0       0       0       000000000D0000077
     124       0       0       2       0                               0D0000078
     100      88       0       0       0       0      81       000010000D0000079
     100       0       0       2       0                               0D0000080
     124      90       0       0       0       0       0       000000000D0000081
     124       0       0       2       0                               0D0000082
     100      92       0       0       0       0      85       000010000D0000083
     100       0       0       2       0                               0D0000084
     124      94       0       0       0       0       0       000000000D0000085
     124       0       0       2       0                               0D0000086
     100      96       0       0       0       0      89       000010000D0000087
     100       0       0       1       0                               0D0000088
     124      97       0       0       0       0       0       000000000D0000089
     124       0       0       2       0                               0D0000090
     100      99       0       0       0       0      93       000010000D0000091
     100       0       0       1       0                               0D0000092
     124     100       0       0       0       0       0       000000000D0000093
     124       0       0       2       0                               0D0000094
     100     102       0       0       0       0      97       000010000D0000095
     100       0       0       1       0                               0D0000096
     124     103       0       0       0       0       0       000000000D0000097
     124       0       0       2       0                               0D0000098
     100     105       0       0       0       0     101       000010000D0000099
     100       0       0       2       0                               0D0000100
     124     107       0       0       0       0       0       000000000D0000101
     124       0       0       2       0                               0D0000102
     110     109       0       0       0       0       0       000010000D0000103
     110       0       0       2       0                               0D0000104
     110     111       0       0       0       0       0       000010000D0000105
     110       0       0       2       0                               0D0000106
     100     113       0       0       0       0     109       000010000D0000107
     100       0       0       1       0                               0D0000108
     124     114       0       0       0       0       0       000000000D0000109
     124       0       0       3       0                               0D0000110
     100     117       0       0       0       0     113       000010000D0000111
     100       0       0       1       0                               0D0000112
     124     118       0       0       0       0       0       000000000D0000113
     124       0       0       3       0                               0D0000114
     104     121       0       0       0       0     117       000010000D0000115
     104       0       0       2       2                               0D0000116
     124     123       0       0       0       0       0       000000000D0000117
     124       0       0       3       0                               0D0000118
     104     126       0       0       0       0     121       000010000D0000119
     104       0       0       2       2                               0D0000120
     124     128       0       0       0       0       0       000000000D0000121
     124       0       0       3       0                               0D0000122
     110     131       0       0       0       0       0       000010000D0000123
     110       0       0       1       0                               0D0000124
     100     132       0       0       0       0     127       000010000D0000125
     100       0       0       1       0                               0D0000126
     124     133       0       0       0       0       0       000000000D0000127
     124       0       0       3       0                               0D0000128
     110     136       0       0       0       0       0       000010000D0000129
     110       0       0       2       0                               0D0000130
     110     138       0       0       0       0       0       000010000D0000131
     110       0       0       2       0                               0D0000132
     100     140       0       0       0       0     135       000010000D0000133
     100       0       0       1       0                               0D0000134
     124     141       0       0       0       0       0       000000000D0000135
     124       0       0       3       0                               0D0000136
     110     144       0       0       0       0       0       000010000D0000137
     110       0       0       1       0                               0D0000138
     104     145       0       0       0       0     141       000010000D0000139
     104       0       0       2       2                               0D0000140
     124     147       0       0       0       0       0       000000000D0000141
     124       0       0       2       0                               0D0000142
     104     149       0       0       0       0     145       000010000D0000143
     104       0       0       2       2                               0D0000144
     124     151       0       0       0       0       0       000000000D0000145
     124       0       0       2       0                               0D0000146
     110     153       0       0       0       0       0       000010000D0000147
     110       0       0       2       0                               0D0000148
     100     155       0       0       0       0     151       000010000D0000149
     100       0       0       1       0                               0D0000150
     124     156       0       0       0       0       0       000000000D0000151
     124       0       0       3       0                               0D0000152
     110     159       0       0       0       0       0       000010000D0000153
     110       0       0       1       0                               0D0000154
     110     160       0       0       0       0       0       000010000D0000155
     110       0       0       1       0                               0D0000156
     100     161       0       0       0       0     159       000010000D0000157
     100       0       0       1       0                               0D0000158
     124     162       0       0       0       0       0       000000000D0000159
     124       0       0       3       0                               0D0000160
     110     165       0       0       0       0       0       000010000D0000161
     110       0       0       2       0                               0D0000162
     104     167       0       0       0       0     165       000010000D0000163
     104       0       0       2       2                               0D0000164
     124     169       0       0       0       0       0       000000000D0000165
     124       0       0       3       0                               0D0000166
     104     172       0       0       0       0     169       000010000D0000167
     104       0       0       2       2                               0D0000168
     124     174       0       0       0       0       0       000000000D0000169
     124       0       0       3       0                               0D0000170
     110     177       0       0       0       0       0       000010000D0000171
     110       0       0       2       0                               0D0000172
     100     179       0       0       0       0     175       000010000D0000173
     100       0       0       2       0                               0D0000174
     124     181       0       0       0       0       0       000000000D0000175
     124       0       0       3       0                               0D0000176
     110     184       0       0       0       0       0       000010000D0000177
     110       0       0       2       0                               0D0000178
     104     186       0       0       0       0     181       000010000D0000179
     104       0       0       2       2                               0D0000180
     124     188       0       0       0       0       0       000000000D0000181
     124       0       0       3       0                               0D0000182
     104     191       0       0       0       0     185       000010000D0000183
     104       0       0       2       2                               0D0000184
     124     193       0       0       0       0       0       000000000D0000185
     124       0       0       2       0                               0D0000186
     104     195       0       0       0       0     189       000010000D0000187
     104       0       0       2       2                               0D0000188
     124     197       0       0       0       0       0       000000000D0000189
     124       0       0       3       0                               0D0000190
     104     200       0       0       0       0     193       000010000D0000191
     104       0       0       2       2                               0D0000192
     124     202       0       0       0       0       0       000000000D0000193
     124       0       0       3       0                               0D0000194
     104     205       0       0       0       0     197       000010000D0000195
     104       0       0       2       2                               0D0000196
     124     207       0       0       0       0       0       000000000D0000197
     124       0       0       2       0                               0D0000198
     104     209       0       0       0       0     201       000010000D0000199
     104       0       0       2       2                               0D0000200
     124     211       0       0       0       0       0       000000000D0000201
     124       0       0       3       0                               0D0000202
     110     214       0       0       0       0       0       000010000D0000203
     110       0       0       1       0                               0D0000204
     110     215       0       0       0       0       0       000010000D0000205
     110       0       0       1       0                               0D0000206
     110     216       0       0       0       0       0       000010000D0000207
     110       0       0       1       0                               0D0000208
     110     217       0       0       0       0       0       000010000D0000209
     110       0       0       1       0                               0D0000210
     110     218       0       0       0       0       0       000010000D0000211
     110       0       0       1       0                               0D0000212
     510     219       0       0       0       0       0       000010000D0000213
     510       0       0       1       1                               0D0000214
     194     220       0       0       0       0       0       000010000D0000215
     194       0       0       1       1                               0D0000216
     116     221       0       0       0       0       0       000010400D0000217
     116       0       0       1       0                               0D0000218
     123     222       0       0       0       0       0       000010200D0000219
     123       0       0       1       0                               0D0000220
     123     223       0       0       0       0       0       000010200D0000221
     123       0       0       1       0                               0D0000222
     508     224       0       0       0       0       0       000010000D0000223
     508       0       0       2       1                               0D0000224
     126     226       0       0       0       0       0       000010000D0000225
     126       0       0       2       0                               0D0000226
     110     228       0       0       0       0       0       000010000D0000227
     110       0       0       1       0                               0D0000228
     126     229       0       0       0       0       0       000010000D0000229
     126       0       0       3       0                               0D0000230
     110     232       0       0       0       0       0       000010000D0000231
     110       0       0       1       0                               0D0000232
     510     233       0       0       0       0       0       000010000D0000233
     510       0       0       1       1                               0D0000234
     194     234       0       0       0       0       0       000010000D0000235
     194       0       0       1       1                               0D0000236
     116     235       0       0       0       0       0       000010400D0000237
     116       0       0       1       0                               0D0000238
     123     236       0       0       0       0       0       000010200D0000239
     123       0       0       1       0                               0D0000240
     123     237       0       0       0       0       0       000010200D0000241
     123       0       0       1       0                               0D0000242
     508     238       0       0       0       0       0       000010000D0000243
     508       0       0       2       1                               0D0000244
     110     240       0       0       0       0       0       000010000D0000245
     110       0       0       1       0                               0D0000246
     110     241       0       0       0       0       0       000010000D0000247
     110       0       0       1       0                               0D0000248
     110     242       0       0       0       0       0       000010000D0000249
     110       0       0       1       0                               0D0000250
     110     243       0       0       0       0       0       000010000D0000251
     110       0       0       1       0                               0D0000252
     510     244       0       0       0       0       0       000010000D0000253
     510       0       0       1       1                               0D0000254
     190     245       0       0       0       0       0       000010000D0000255
     190       0       0       1       1                               0D0000256
     116     246       0       0       0       0       0       000010400D0000257
     116       0       0       1       0                               0D0000258
     123     247       0       0       0       0       0       000010200D0000259
     123       0       0       1       0                               0D0000260
     123     248       0       0       0       0       0       000010200D0000261
     123       0       0       1       0                               0D0000262
     508     249       0       0       0       0       0       000010000D0000263
     508       0       0       1       1                               0D0000264
     510     250       0       0       0       0       0       000010000D0000265
     510       0       0       1       1                               0D0000266
     194     251       0       0       0       0       0       000010000D0000267
     194       0       0       1       1                               0D0000268
     116     252       0       0       0       0       0       000010400D0000269
     116       0       0       1       0                               0D0000270
     123     253       0       0       0       0       0       000010200D0000271
     123       0       0       1       0                               0D0000272
     123     254       0       0       0       0       0       000010200D0000273
     123       0       0       1       0                               0D0000274
     508     255       0       0       0       0       0       000010000D0000275
     508       0       0       2       1                               0D0000276
     126     257       0       0       0       0       0       000010000D0000277
     126       0       0       2       0                               0D0000278
     110     259       0       0       0       0       0       000010000D0000279
     110       0       0       1       0                               0D0000280
     126     260       0       0       0       0       0       000010000D0000281
     126       0       0       2       0                               0D0000282
     110     262       0       0       0       0       0       000010000D0000283
     110       0       0       1       0                               0D0000284
     510     263       0       0       0       0       0       000010000D0000285
     510       0       0       1       1                               0D0000286
     190     264       0       0       0       0       0       000010000D0000287
     190       0       0       1       1                               0D0000288
     116     265       0       0       0       0       0       000010400D0000289
     116       0       0       1       0                               0D0000290
     123     266       0       0       0       0       0       000010200D0000291
     123       0       0       1       0                               0D0000292
     123     267       0       0       0       0       0       000010200D0000293
     123       0       0       1       0                               0D0000294
     508     268       0       0       0       0       0       000010000D0000295
     508       0       0       1       1                               0D0000296
     508     269       0       0       0       0       0       000010000D0000297
     508       0       0       3       1                               0D0000298
     510     272       0       0       0       0       0       000010000D0000299
     510       0       0       1       1                               0D0000300
     192     273       0       0       0       0       0       000010000D0000301
     192       0       0       1       1                               0D0000302
     116     274       0       0       0       0       0       000010400D0000303
     116       0       0       1       0                               0D0000304
     123     275       0       0       0       0       0       000010200D0000305
     123       0       0       1       0                               0D0000306
     123     276       0       0       0       0       0       000010200D0000307
     123       0       0       1       0                               0D0000308
     508     277       0       0       0       0       0       000010000D0000309
     508       0       0       2       1                               0D0000310
     126     279       0       0       0       0       0       000010000D0000311
     126       0       0      20       0                               0D0000312
     126     299       0       0       0       0       0       000010000D0000313
     126       0       0      17       0                               0D0000314
     126     316       0       0       0       0       0       000010000D0000315
     126       0       0      18       0                               0D0000316
     126     334       0       0       0       0       0       000010000D0000317
     126       0       0      20       0                               0D0000318
     126     354       0       0       0       0       0       000010000D0000319
     126       0       0      23       0                               0D0000320
     126     377       0       0       0       0       0       000010000D0000321
     126       0       0      22       0                               0D0000322
     510     399       0       0       0       0       0       000010000D0000323
     510       0       0       1       1                               0D0000324
     194     400       0       0       0       0       0       000010000D0000325
     194       0       0       1       1                               0D0000326
     116     401       0       0       0       0       0       000010400D0000327
     116       0       0       1       0                               0D0000328
     123     402       0       0       0       0       0       000010200D0000329
     123       0       0       1       0                               0D0000330
     123     403       0       0       0       0       0       000010200D0000331
     123       0       0       1       0                               0D0000332
     508     404       0       0       0       0       0       000010000D0000333
     508       0       0       1       1                               0D0000334
     126     405       0       0       0       0       0       000010000D0000335
     126       0       0      11       0                               0D0000336
     110     416       0       0       0       0       0       000010000D0000337
     110       0       0       1       0                               0D0000338
     510     417       0       0       0       0       0       000010000D0000339
     510       0       0       1       1                               0D0000340
     194     418       0       0       0       0       0       000010000D0000341
     194       0       0       1       1                               0D0000342
     116     419       0       0       0       0       0       000010400D0000343
     116       0       0       1       0                               0D0000344
     123     420       0       0       0       0       0       000010200D0000345
     123       0       0       1       0                               0D0000346
     123     421       0       0       0       0       0       000010200D0000347
     123       0       0       1       0                               0D0000348
     508     422       0       0       0       0       0       000010000D0000349
     508       0       0       1       1                               0D0000350
     110     423       0       0       0       0       0       000010000D0000351
     110       0       0       1       0                               0D0000352
     126     424       0       0       0       0       0       000010000D0000353
     126       0       0      11       0                               0D0000354
     510     435       0       0       0       0       0       000010000D0000355
     510       0       0       1       1                               0D0000356
     192     436       0       0       0       0       0       000010000D0000357
     192       0       0       1       1                               0D0000358
     116     437       0       0       0       0       0       000010400D0000359
     116       0       0       1       0                               0D0000360
     123     438       0       0       0       0       0       000010200D0000361
     123       0       0       1       0                               0D0000362
     123     439       0       0       0       0       0       000010200D0000363
     123       0       0       1       0                               0D0000364
     508     440       0       0       0       0       0       000010000D0000365
     508       0       0       2       1                               0D0000366
     110     442       0       0       0       0       0       000010000D0000367
     110       0       0       1       0                               0D0000368
     126     443       0       0       0       0       0       000010000D0000369
     126       0       0       2       0                               0D0000370
     110     445       0       0       0       0       0       000010000D0000371
     110       0       0       1       0                               0D0000372
     126     446       0       0       0       0       0       000010000D0000373
     126       0       0       3       0                               0D0000374
     510     449       0       0       0       0       0       000010000D0000375
     510       0       0       1       1                               0D0000376
     192     450       0       0       0       0       0       000010000D0000377
     192       0       0       1       1                               0D0000378
     116     451       0       0       0       0       0       000010400D0000379
     116       0       0       1       0                               0D0000380
     123     452       0       0       0       0       0       000010200D0000381
     123       0       0       1       0                               0D0000382
     123     453       0       0       0       0       0       000010200D0000383
     123       0       0       1       0                               0D0000384
     508     454       0       0       0       0       0       000010000D0000385
     508       0       0       2       1                               0D0000386
     110     456       0       0       0       0       0       000010000D0000387
     110       0       0       1       0                               0D0000388
     126     457       0       0       0       0       0       000010000D0000389
     126       0       0       2       0                               0D0000390
     110     459       0       0       0       0       0       000010000D0000391
     110       0       0       1       0                               0D0000392
     126     460       0       0       0       0       0       000010000D0000393
     126       0       0       2       0                               0D0000394
     510     462       0       0       0       0       0       000010000D0000395
     510       0       0       1       1                               0D0000396
     194     463       0       0       0       0       0       000010000D0000397
     194       0       0       1       1                               0D0000398
     116     464       0       0       0       0       0       000010400D0000399
     116       0       0       1       0                               0D0000400
     123     465       0       0       0       0       0       000010200D0000401
     123       0       0       1       0                               0D0000402
     123     466       0       0       0       0       0       000010200D0000403
     123       0       0       1       0                               0D0000404
     508     467       0       0       0       0       0       000010000D0000405
     508       0       0       1       1                               0D0000406
     126     468       0       0       0       0       0       000010000D0000407
     126       0       0      11       0                               0D0000408
     110     479       0       0       0       0       0       000010000D0000409
     110       0       0       1       0                               0D0000410
     510     480       0       0       0       0       0       000010000D0000411
     510       0       0       1       1                               0D0000412
     194     481       0       0       0       0       0       000010000D0000413
     194       0       0       1       1                               0D0000414
     116     482       0       0       0       0       0       000010400D0000415
     116       0       0       1       0                               0D0000416
     123     483       0       0       0       0       0       000010200D0000417
     123       0       0       1       0                               0D0000418
     123     484       0       0       0       0       0       000010200D0000419
     123       0       0       1       0                               0D0000420
     508     485       0       0       0       0       0       000010000D0000421
     508       0       0       1       1                               0D0000422
     110     486       0       0       0       0       0       000010000D0000423
     110       0       0       1       0                               0D0000424
     126     487       0       0       0       0       0       000010000D0000425
     126       0       0      11       0                               0D0000426
     510     498       0       0       0       0       0       000010000D0000427
     510       0       0       1       1                               0D0000428
     192     499       0       0       0       0       0       000010000D0000429
     192       0       0       1       1                               0D0000430
     116     500       0       0       0       0       0       000010400D0000431
     116       0       0       1       0                               0D0000432
     123     501       0       0       0       0       0       000010200D0000433
     123       0       0       1       0                               0D0000434
     123     502       0       0       0       0       0       000010200D0000435
     123       0       0       1       0                               0D0000436
     508     503       0       0       0       0       0       000010000D0000437
     508       0       0       2       1                               0D0000438
     110     505       0       0       0       0       0       000010000D0000439
     110       0       0       1       0                               0D0000440
     126     506       0       0       0       0       0       000010000D0000441
     126       0       0       2       0                               0D0000442
     110     508       0       0       0       0       0       000010000D0000443
     110       0       0       1       0                               0D0000444
     126     509       0       0       0       0       0       000010000D0000445
     126       0       0       3       0                               0D0000446
     510     512       0       0       0       0       0       000010000D0000447
     510       0       0       1       1                               0D0000448
     192     513       0       0       0       0       0       000010000D0000449
     192       0       0       1       1                               0D0000450
     116     514       0       0       0       0       0       000010400D0000451
     116       0       0       1       0                               0D0000452
     123     515       0       0       0       0       0       000010200D0000453
     123       0       0       1       0                               0D0000454
     123     516       0       0       0       0       0       000010200D0000455
     123       0       0       1       0                               0D0000456
     508     517       0       0       0       0       0       000010000D0000457
     508       0       0       2       1                               0D0000458
     110     519       0       0       0       0       0       000010000D0000459
     110       0       0       1       0                               0D0000460
     126     520       0       0       0       0       0       000010000D0000461
     126       0       0       2       0                               0D0000462
     110     522       0       0       0       0       0       000010000D0000463
     110       0       0       1       0                               0D0000464
     126     523       0       0       0       0       0       000010000D0000465
     126       0       0       3       0                               0D0000466
     510     526       0       0       0       0       0       000010000D0000467
     510       0       0       1       1                               0D0000468
     194     527       0       0       0       0       0       000010000D0000469
     194       0       0       1       1                               0D0000470
     116     528       0       0       0       0       0       000010400D0000471
     116       0       0       1       0                               0D0000472
     123     529       0       0       0       0       0       000010200D0000473
     123       0       0       1       0                               0D0000474
     123     530       0       0       0       0       0       000010200D0000475
     123       0       0       1       0                               0D0000476
     508     531       0       0       0       0       0       000010000D0000477
     508       0       0       1       1                               0D0000478
     126     532       0       0       0       0       0       000010000D0000479
     126       0       0      11       0                               0D0000480
     110     543       0       0       0       0       0       000010000D0000481
     110       0       0       1       0                               0D0000482
     510     544       0       0       0       0       0       000010000D0000483
     510       0       0       1       1                               0D0000484
     194     545       0       0       0       0       0       000010000D0000485
     194       0       0       1       1                               0D0000486
     116     546       0       0       0       0       0       000010400D0000487
     116       0       0       1       0                               0D0000488
     123     547       0       0       0       0       0       000010200D0000489
     123       0       0       1       0                               0D0000490
     123     548       0       0       0       0       0       000010200D0000491
     123       0       0       1       0                               0D0000492
     508     549       0       0       0       0       0       000010000D0000493
     508       0       0       1       1                               0D0000494
     110     550       0       0       0       0       0       000010000D0000495
     110       0       0       1       0                               0D0000496
     126     551       0       0       0       0       0       000010000D0000497
     126       0       0      11       0                               0D0000498
     510     562       0       0       0       0       0       000010000D0000499
     510       0       0       1       1                               0D0000500
     192     563       0       0       0       0       0       000010000D0000501
     192       0       0       1       1                               0D0000502
     116     564       0       0       0       0       0       000010400D0000503
     116       0       0       1       0                               0D0000504
     123     565       0       0       0       0       0       000010200D0000505
     123       0       0       1       0                               0D0000506
     123     566       0       0       0       0       0       000010200D0000507
     123       0       0       1       0                               0D0000508
     508     567       0       0       0       0       0       000010000D0000509
     508       0       0       2       1                               0D0000510
     110     569       0       0       0       0       0       000010000D0000511
     110       0       0       1       0                               0D0000512
     126     570       0       0       0       0       0       000010000D0000513
     126       0       0       2       0                               0D0000514
     110     572       0       0       0       0       0       000010000D0000515
     110       0       0       1       0                               0D0000516
     126     573       0       0       0       0       0       000010000D0000517
     126       0       0       3       0                               0D0000518
     510     576       0       0       0       0       0       000010000D0000519
     510       0       0       1       1                               0D0000520
     194     577       0       0       0       0       0       000010000D0000521
     194       0       0       1       1                               0D0000522
     116     578       0       0       0       0       0       000010400D0000523
     116       0       0       1       0                               0D0000524
     123     579       0       0       0       0       0       000010200D0000525
     123       0       0       1       0                               0D0000526
     123     580       0       0       0       0       0       000010200D0000527
     123       0       0       1       0                               0D0000528
     508     581       0       0       0       0       0       000010000D0000529
     508       0       0       5       1                               0D0000530
     110     586       0       0       0       0       0       000010000D0000531
     110       0       0       1       0                               0D0000532
     126     587       0       0       0       0       0       000010000D0000533
     126       0       0      11       0                               0D0000534
     110     598       0       0       0       0       0       000010000D0000535
     110       0       0       1       0                               0D0000536
     126     599       0       0       0       0       0       000010000D0000537
     126       0       0      11       0                               0D0000538
     110     610       0       0       0       0       0       000010000D0000539
     110       0       0       1       0                               0D0000540
     126     611       0       0       0       0       0       000010000D0000541
     126       0       0      11       0                               0D0000542
     110     622       0       0       0       0       0       000010000D0000543
     110       0       0       1       0                               0D0000544
     126     623       0       0       0       0       0       000010000D0000545
     126       0       0      11       0                               0D0000546
     110     634       0       0       0       0       0       000010000D0000547
     110       0       0       1       0                               0D0000548
     126     635       0       0       0       0       0       000010000D0000549
     126       0       0      11       0                               0D0000550
     110     646       0       0       0       0       0       000010000D0000551
     110       0       0       1       0                               0D0000552
     126     647       0       0       0       0       0       000010000D0000553
     126       0       0      11       0                               0D0000554
     110     658       0       0       0       0       0       000010000D0000555
     110       0       0       1       0                               0D0000556
     110     659       0       0       0       0       0       000010000D0000557
     110       0       0       1       0                               0D0000558
     110     660       0       0       0       0       0       000010000D0000559
     110       0       0       1       0                               0D0000560
     110     661       0       0       0       0       0       000010000D0000561
     110       0       0       1       0                               0D0000562
     510     662       0       0       0       0       0       000010000D0000563
     510       0       0       1       1                               0D0000564
     190     663       0       0       0       0       0       000010000D0000565
     190       0       0       1       1                               0D0000566
     116     664       0       0       0       0       0       000010400D0000567
     116       0       0       1       0                               0D0000568
     123     665       0       0       0       0       0       000010200D0000569
     123       0       0       1       0                               0D0000570
     123     666       0       0       0       0       0       000010200D0000571
     123       0       0       1       0                               0D0000572
     508     667       0       0       0       0       0       000010000D0000573
     508       0       0       1       1                               0D0000574
     510     668       0       0       0       0       0       000010000D0000575
     510       0       0       1       1                               0D0000576
     190     669       0       0       0       0       0       000010000D0000577
     190       0       0       1       1                               0D0000578
     116     670       0       0       0       0       0       000010400D0000579
     116       0       0       1       0                               0D0000580
     123     671       0       0       0       0       0       000010200D0000581
     123       0       0       1       0                               0D0000582
     123     672       0       0       0       0       0       000010200D0000583
     123       0       0       1       0                               0D0000584
     508     673       0       0       0       0       0       000010000D0000585
     508       0       0       1       1                               0D0000586
     510     674       0       0       0       0       0       000010000D0000587
     510       0       0       1       1                               0D0000588
     190     675       0       0       0       0       0       000010000D0000589
     190       0       0       1       1                               0D0000590
     116     676       0       0       0       0       0       000010400D0000591
     116       0       0       1       0                               0D0000592
     123     677       0       0       0       0       0       000010200D0000593
     123       0       0       1       0                               0D0000594
     123     678       0       0       0       0       0       000010200D0000595
     123       0       0       1       0                               0D0000596
     508     679       0       0       0       0       0       000010000D0000597
     508       0       0       1       1                               0D0000598
     510     680       0       0       0       0       0       000010000D0000599
     510       0       0       1       1                               0D0000600
     190     681       0       0       0       0       0       000010000D0000601
     190       0       0       1       1                               0D0000602
     116     682       0       0       0       0       0       000010400D0000603
     116       0       0       1       0                               0D0000604
     123     683       0       0       0       0       0       000010200D0000605
     123       0       0       1       0                               0D0000606
     123     684       0       0       0       0       0       000010200D0000607
     123       0       0       1       0                               0D0000608
     508     685       0       0       0       0       0       000010000D0000609
     508       0       0       1       1                               0D0000610
     510     686       0       0       0       0       0       000010000D0000611
     510       0       0       1       1                               0D0000612
     190     687       0       0       0       0       0       000010000D0000613
     190       0       0       1       1                               0D0000614
     116     688       0       0       0       0       0       000010400D0000615
     116       0       0       1       0                               0D0000616
     123     689       0       0       0       0       0       000010200D0000617
     123       0       0       1       0                               0D0000618
     123     690       0       0       0       0       0       000010200D0000619
     123       0       0       1       0                               0D0000620
     508     691       0       0       0       0       0       000010000D0000621
     508       0       0       1       1                               0D0000622
     510     692       0       0       0       0       0       000010000D0000623
     510       0       0       1       1                               0D0000624
     190     693       0       0       0       0       0       000010000D0000625
     190       0       0       1       1                               0D0000626
     116     694       0       0       0       0       0       000010400D0000627
     116       0       0       1       0                               0D0000628
     123     695       0       0       0       0       0       000010200D0000629
     123       0       0       1       0                               0D0000630
     123     696       0       0       0       0       0       000010200D0000631
     123       0       0       1       0                               0D0000632
     508     697       0       0       0       0       0       000010000D0000633
     508       0       0       1       1                               0D0000634
402,1,3;                                                         0000001P0000001
186,5,1,0;                                                       0000003P0000002
514,25,7,1,213,1,233,1,253,1,265,1,285,0,299,0,323,0,339,0,355,  0000005P0000003
0,375,0,395,0,411,0,427,0,447,0,467,0,483,0,499,0,519,0,563,1,   0000005P0000004
575,1,587,1,599,1,611,1,623,1;                                   0000005P0000005
510,9,1,1,17;                                                    0000007P0000006
192,11,13,1.5,15;                                                0000009P0000007
116,-76.,-78.,-97.85,0;                                          0000011P0000008
123,0.,-4.440892099E-16,-1.;                                     0000013P0000009
123,1.,-2.516505522E-16,1.117552949E-31;                         0000015P0000010
508,4,0,19,1,0,1,0,205,0,19,2,1,1,0,207,0,19,1,1,1,0,209,0,19,3, 0000017P0000011
0,1,0,211;                                                       0000017P0000012
504,54,21,23,1,23,2,25,23,1,23,1,29,23,2,23,2,33,23,2,23,3,35,   0000019P0000013
23,3,23,3,39,23,4,23,1,41,23,4,23,4,45,23,5,23,4,47,23,5,23,5,   0000019P0000014
51,23,6,23,7,55,23,8,23,6,59,23,9,23,8,63,23,10,23,9,67,23,11,   0000019P0000015
23,10,71,23,12,23,11,75,23,13,23,12,79,23,14,23,13,83,23,15,23,  0000019P0000016
14,87,23,16,23,15,91,23,17,23,16,95,23,18,23,17,99,23,7,23,18,   0000019P0000017
103,23,19,23,8,105,23,20,23,7,107,23,21,23,20,111,23,19,23,21,   0000019P0000018
115,23,18,23,7,119,23,8,23,9,123,23,22,23,17,125,23,23,23,22,    0000019P0000019
129,23,23,23,18,131,23,24,23,9,133,23,25,23,24,137,23,25,23,10,  0000019P0000020
139,23,16,23,17,143,23,10,23,11,147,23,26,23,15,149,23,27,23,26, 0000019P0000021
153,23,27,23,16,155,23,28,23,11,157,23,29,23,28,161,23,29,23,12, 0000019P0000022
163,23,14,23,15,167,23,12,23,13,171,23,30,23,13,173,23,31,23,30, 0000019P0000023
177,23,31,23,14,179,23,23,23,20,183,23,27,23,22,187,23,31,23,26, 0000019P0000024
191,23,29,23,30,195,23,25,23,28,199,23,19,23,24,203,23,32,23,21; 0000019P0000025
110,-74.5,-78.,-97.85,-74.5,-78.,-105.95;                        0000021P0000026
502,32,-74.5,-78.,-97.85,-74.5,-78.,-105.95,-74.7,-78.,-106.15,  0000023P0000027
-72.976777222,-78.,-96.326776724,-73.050000556,-78.,-96.15,      0000023P0000028
-74.85,-78.,-96.15,-74.850029179,-78.008192111,-96.15,           0000023P0000029
-74.850029179,-77.991807889,-96.15,-75.417920014,-77.008192111,  0000023P0000030
-96.15,-75.432109165,-77.,-96.15,-76.567890835,-77.,-96.15,      0000023P0000031
-76.582079986,-77.008192111,-96.15,-77.149970821,-77.991807889,  0000023P0000032
-96.15,-77.149970821,-78.008192111,-96.15,-76.582079986,         0000023P0000033
-78.991807889,-96.15,-76.567890835,-79.,-96.15,-75.432109165,    0000023P0000034
-79.,-96.15,-75.417920014,-78.991807889,-96.15,-74.850029179,    0000023P0000035
-77.991807889,-97.85,-74.850029179,-78.008192111,-97.85,-74.85,  0000023P0000036
-78.,-97.85,-75.432109165,-79.,-97.85,-75.417920014,             0000023P0000037
-78.991807889,-97.85,-75.417920014,-77.008192111,-97.85,         0000023P0000038
-75.432109165,-77.,-97.85,-76.582079986,-78.991807889,-97.85,    0000023P0000039
-76.567890835,-79.,-97.85,-76.567890835,-77.,-97.85,             0000023P0000040
-76.582079986,-77.008192111,-97.85,-77.149970821,-77.991807889,  0000023P0000041
-97.85,-77.149970821,-78.008192111,-97.85,-76.,-78.,             0000023P0000042
-98.26856639;                                                    0000023P0000043
100,0.,0.,0.,1.5,0.,1.5,0.;                                      0000025P0000044
124,1.,-2.516505522E-16,2.189528851E-47,-76.,-2.516505522E-16,   0000027P0000045
-1.,-4.440892099E-16,-78.,1.117552949E-31,4.440892099E-16,-1.,   0000027P0000046
-97.85;                                                          0000027P0000047
100,0.,0.,0.,1.5,0.,1.5,0.;                                      0000029P0000048
124,1.,-1.480297366E-15,8.758115402E-47,-76.,-1.480297366E-15,   0000031P0000049
-1.,-4.440892099E-16,-78.,6.573840877E-31,4.440892099E-16,-1.,   0000031P0000050
-105.95;                                                         0000031P0000051
110,-74.5,-78.,-105.95,-74.7,-78.,-106.15;                       0000033P0000052
100,0.,0.,0.,1.3,0.,1.3,0.;                                      0000035P0000053
124,1.,-1.480297366E-15,8.758115402E-47,-76.,-1.480297366E-15,   0000037P0000054
-1.,-4.440892099E-16,-78.,6.573840877E-31,4.440892099E-16,-1.,   0000037P0000055
-106.15;                                                         0000037P0000056
110,-72.976777222,-78.,-96.326776724,-74.5,-78.,-97.85;          0000039P0000057
100,0.,0.,0.,3.023222778,0.,3.023222778,0.;                      0000041P0000058
124,1.,0.,0.,-76.,0.,-1.,-4.440892099E-16,-78.,0.,               0000043P0000059
4.440892099E-16,-1.,-96.326776724;                               0000043P0000060
110,-73.050000556,-78.,-96.15,-72.976777222,-78.,-96.326776724;  0000045P0000061
100,0.,0.,0.,2.949999444,0.,2.949999444,0.;                      0000047P0000062
124,1.,0.,0.,-76.,0.,-1.,-4.440892099E-16,-78.,0.,               0000049P0000063
4.440892099E-16,-1.,-96.15;                                      0000049P0000064
100,0.,0.,0.,1.15,0.,1.149970821,8.192110677E-03;                0000051P0000065
124,1.,0.,0.,-76.,0.,-1.,-4.440892099E-16,-78.,0.,               0000053P0000066
4.440892099E-16,-1.,-96.15;                                      0000053P0000067
100,0.,0.,0.,1.149970821,-8.192110677E-03,1.15,0.;               0000055P0000068
124,1.,0.,0.,-76.,0.,-1.,-4.440892099E-16,-78.,0.,               0000057P0000069
4.440892099E-16,-1.,-96.15;                                      0000057P0000070
100,0.,0.,0.,0.582079986,-0.991807889,1.149970821,               0000059P0000071
-8.192110677E-03;                                                0000059P0000072
124,1.,0.,0.,-76.,0.,-1.,-4.440892099E-16,-78.,0.,               0000061P0000073
4.440892099E-16,-1.,-96.15;                                      0000061P0000074
100,0.,0.,0.,0.567890835,-1.,0.582079986,-0.991807889;           0000063P0000075
124,1.,0.,0.,-76.,0.,-1.,-4.440892099E-16,-78.,0.,               0000065P0000076
4.440892099E-16,-1.,-96.15;                                      0000065P0000077
100,0.,0.,0.,-0.567890835,-1.,0.567890835,-1.;                   0000067P0000078
124,1.,0.,0.,-76.,0.,-1.,-4.440892099E-16,-78.,0.,               0000069P0000079
4.440892099E-16,-1.,-96.15;                                      0000069P0000080
100,0.,0.,0.,-0.582079986,-0.991807889,-0.567890835,-1.;         0000071P0000081
124,1.,0.,0.,-76.,0.,-1.,-4.440892099E-16,-78.,0.,               0000073P0000082
4.440892099E-16,-1.,-96.15;                                      0000073P0000083
100,0.,0.,0.,-1.149970821,-8.192110677E-03,-0.582079986,         0000075P0000084
-0.991807889;                                                    0000075P0000085
124,1.,0.,0.,-76.,0.,-1.,-4.440892099E-16,-78.,0.,               0000077P0000086
4.440892099E-16,-1.,-96.15;                                      0000077P0000087
100,0.,0.,0.,-1.149970821,8.192110677E-03,-1.149970821,          0000079P0000088
-8.192110677E-03;                                                0000079P0000089
124,1.,0.,0.,-76.,0.,-1.,-4.440892099E-16,-78.,0.,               0000081P0000090
4.440892099E-16,-1.,-96.15;                                      0000081P0000091
100,0.,0.,0.,-0.582079986,0.991807889,-1.149970821,              0000083P0000092
8.192110677E-03;                                                 0000083P0000093
124,1.,0.,0.,-76.,0.,-1.,-4.440892099E-16,-78.,0.,               0000085P0000094
4.440892099E-16,-1.,-96.15;                                      0000085P0000095
100,0.,0.,0.,-0.567890835,1.,-0.582079986,0.991807889;           0000087P0000096
124,1.,0.,0.,-76.,0.,-1.,-4.440892099E-16,-78.,0.,               0000089P0000097
4.440892099E-16,-1.,-96.15;                                      0000089P0000098
100,0.,0.,0.,0.567890835,1.,-0.567890835,1.;                     0000091P0000099
124,1.,0.,0.,-76.,0.,-1.,-4.440892099E-16,-78.,0.,               0000093P0000100
4.440892099E-16,-1.,-96.15;                                      0000093P0000101
100,0.,0.,0.,0.582079986,0.991807889,0.567890835,1.;             0000095P0000102
124,1.,0.,0.,-76.,0.,-1.,-4.440892099E-16,-78.,0.,               0000097P0000103
4.440892099E-16,-1.,-96.15;                                      0000097P0000104
100,0.,0.,0.,1.149970821,8.192110677E-03,0.582079986,            0000099P0000105
0.991807889;                                                     0000099P0000106
124,1.,0.,0.,-76.,0.,-1.,-4.440892099E-16,-78.,0.,               0000101P0000107
4.440892099E-16,-1.,-96.15;                                      0000101P0000108
110,-74.850029179,-77.991807889,-97.85,-74.850029179,            0000103P0000109
-77.991807889,-96.15;                                            0000103P0000110
110,-74.850029179,-78.008192111,-97.85,-74.850029179,            0000105P0000111
-78.008192111,-96.15;                                            0000105P0000112
100,0.,0.,0.,1.15,0.,1.149970821,8.192110677E-03;                0000107P0000113
124,1.,-3.282398508E-16,0.,-76.,-3.282398508E-16,-1.,            0000109P0000114
-8.881784197E-16,-78.,2.915355519E-31,8.881784197E-16,-1.,       0000109P0000115
-97.85;                                                          0000109P0000116
100,0.,0.,0.,1.149970821,-8.192110677E-03,1.15,0.;               0000111P0000117
124,1.,-3.282398508E-16,0.,-76.,-3.282398508E-16,-1.,            0000113P0000118
-8.881784197E-16,-78.,2.915355519E-31,8.881784197E-16,-1.,       0000113P0000119
-97.85;                                                          0000113P0000120
104,0.999998039,0.,-1.,-0.,0.,-1.,0.,1.150001127,-0.567890835,   0000115P0000121
1.150001127,0.567890835;                                         0000115P0000122
124,-1.922962686E-16,0.5,-0.866025404,-75.133974596,             0000117P0000123
5.551115123E-16,0.866025404,0.5,-78.5,1.,-3.845925373E-16,       0000117P0000124
-4.440892099E-16,-97.300001127;                                  0000117P0000125
104,0.999998039,0.,-1.,-0.,0.,-1.,0.,1.150001127,-0.567890835,   0000119P0000126
1.150001127,0.567890835;                                         0000119P0000127
124,1.922962686E-16,-0.5,-0.866025404,-75.133974596,             0000121P0000128
5.551115123E-16,0.866025404,-0.5,-77.5,1.,-3.845925373E-16,      0000121P0000129
4.440892099E-16,-97.300001127;                                   0000121P0000130
110,-75.432109165,-79.,-97.85,-75.432109165,-79.,-96.15;         0000123P0000131
100,0.,0.,0.,0.582079986,0.991807889,0.567890835,1.;             0000125P0000132
124,1.,-3.282398508E-16,0.,-76.,-3.282398508E-16,-1.,            0000127P0000133
-8.881784197E-16,-78.,2.915355519E-31,8.881784197E-16,-1.,       0000127P0000134
-97.85;                                                          0000127P0000135
110,-75.417920014,-78.991807889,-97.85,-75.417920014,            0000129P0000136
-78.991807889,-96.15;                                            0000129P0000137
110,-75.417920014,-77.008192111,-97.85,-75.417920014,            0000131P0000138
-77.008192111,-96.15;                                            0000131P0000139
100,0.,0.,0.,0.567890835,-1.,0.582079986,-0.991807889;           0000133P0000140
124,1.,-3.282398508E-16,0.,-76.,-3.282398508E-16,-1.,            0000135P0000141
-8.881784197E-16,-78.,2.915355519E-31,8.881784197E-16,-1.,       0000135P0000142
-97.85;                                                          0000135P0000143
110,-75.432109165,-77.,-97.85,-75.432109165,-77.,-96.15;         0000137P0000144
104,0.999998039,0.,-1.,-0.,0.,-1.,0.,1.150001127,-0.567890835,   0000139P0000145
1.150001127,0.567890835;                                         0000139P0000146
124,0.,1.,0.,-76.,8.881784197E-16,0.,1.,-79.,1.,0.,              0000141P0000147
-8.881784197E-16,-97.300001127;                                  0000141P0000148
104,0.999998039,0.,-1.,-0.,0.,-1.,0.,1.150001127,-0.567890835,   0000143P0000149
1.150001127,0.567890835;                                         0000143P0000150
124,0.,-1.,0.,-76.,8.881784197E-16,0.,-1.,-77.,1.,0.,            0000145P0000151
8.881784197E-16,-97.300001127;                                   0000145P0000152
110,-76.582079986,-78.991807889,-97.85,-76.582079986,            0000147P0000153
-78.991807889,-96.15;                                            0000147P0000154
100,0.,0.,0.,-0.567890835,1.,-0.582079986,0.991807889;           0000149P0000155
124,1.,-3.282398508E-16,0.,-76.,-3.282398508E-16,-1.,            0000151P0000156
-8.881784197E-16,-78.,2.915355519E-31,8.881784197E-16,-1.,       0000151P0000157
-97.85;                                                          0000151P0000158
110,-76.567890835,-79.,-97.85,-76.567890835,-79.,-96.15;         0000153P0000159
110,-76.567890835,-77.,-97.85,-76.567890835,-77.,-96.15;         0000155P0000160
100,0.,0.,0.,-0.582079986,-0.991807889,-0.567890835,-1.;         0000157P0000161
124,1.,-3.282398508E-16,0.,-76.,-3.282398508E-16,-1.,            0000159P0000162
-8.881784197E-16,-78.,2.915355519E-31,8.881784197E-16,-1.,       0000159P0000163
-97.85;                                                          0000159P0000164
110,-76.582079986,-77.008192111,-97.85,-76.582079986,            0000161P0000165
-77.008192111,-96.15;                                            0000161P0000166
104,0.999998039,0.,-1.,-0.,0.,-1.,0.,1.150001127,-0.567890835,   0000163P0000167
1.150001127,0.567890835;                                         0000163P0000168
124,1.922962686E-16,0.5,0.866025404,-76.866025404,               0000165P0000169
5.551115123E-16,-0.866025404,0.5,-78.5,1.,3.845925373E-16,       0000165P0000170
-4.440892099E-16,-97.300001127;                                  0000165P0000171
104,0.999998039,0.,-1.,-0.,0.,-1.,0.,1.150001127,-0.567890835,   0000167P0000172
1.150001127,0.567890835;                                         0000167P0000173
124,-1.922962686E-16,-0.5,0.866025404,-76.866025404,             0000169P0000174
5.551115123E-16,-0.866025404,-0.5,-77.5,1.,3.845925373E-16,      0000169P0000175
4.440892099E-16,-97.300001127;                                   0000169P0000176
110,-77.149970821,-77.991807889,-97.85,-77.149970821,            0000171P0000177
-77.991807889,-96.15;                                            0000171P0000178
100,0.,0.,0.,-1.149970821,8.192110677E-03,-1.149970821,          0000173P0000179
-8.192110677E-03;                                                0000173P0000180
124,1.,-3.282398508E-16,0.,-76.,-3.282398508E-16,-1.,            0000175P0000181
-8.881784197E-16,-78.,2.915355519E-31,8.881784197E-16,-1.,       0000175P0000182
-97.85;                                                          0000175P0000183
110,-77.149970821,-78.008192111,-97.85,-77.149970821,            0000177P0000184
-78.008192111,-96.15;                                            0000177P0000185
104,7.548609792,0.,-1.,-0.,0.,-1.,0.,0.41856639,-0.567890835,    0000179P0000186
0.41856639,0.567890835;                                          0000179P0000187
124,-2.272905483E-28,0.5,-0.866025404,-75.133974596,             0000181P0000188
8.881784197E-16,0.866025404,0.5,-78.5,1.,-7.691850746E-16,       0000181P0000189
-4.440892099E-16,-98.26856639;                                   0000181P0000190
104,7.548609792,0.,-1.,-0.,0.,-1.,0.,0.41856639,-0.567890835,    0000183P0000191
0.41856639,0.567890835;                                          0000183P0000192
124,0.,1.,0.,-76.,8.881784197E-16,0.,1.,-79.,1.,0.,              0000185P0000193
-8.881784197E-16,-98.26856639;                                   0000185P0000194
104,7.548609792,0.,-1.,-0.,0.,-1.,0.,0.41856639,-0.567890835,    0000187P0000195
0.41856639,0.567890835;                                          0000187P0000196
124,2.272905483E-28,0.5,0.866025404,-76.866025404,               0000189P0000197
8.881784197E-16,-0.866025404,0.5,-78.5,1.,7.691850746E-16,       0000189P0000198
-4.440892099E-16,-98.26856639;                                   0000189P0000199
104,7.548609792,0.,-1.,-0.,0.,-1.,0.,0.41856639,-0.567890835,    0000191P0000200
0.41856639,0.567890835;                                          0000191P0000201
124,-2.272905483E-28,-0.5,0.866025404,-76.866025404,             0000193P0000202
8.881784197E-16,-0.866025404,-0.5,-77.5,1.,7.691850746E-16,      0000193P0000203
4.440892099E-16,-98.26856639;                                    0000193P0000204
104,7.548609792,0.,-1.,-0.,0.,-1.,0.,0.41856639,-0.567890835,    0000195P0000205
0.41856639,0.567890835;                                          0000195P0000206
124,0.,-1.,0.,-76.,8.881784197E-16,0.,-1.,-77.,1.,0.,            0000197P0000207
8.881784197E-16,-98.26856639;                                    0000197P0000208
104,7.548609792,0.,-1.,-0.,0.,-1.,0.,0.41856639,-0.567890835,    0000199P0000209
0.41856639,0.567890835;                                          0000199P0000210
124,2.272905483E-28,-0.5,-0.866025404,-75.133974596,             0000201P0000211
8.881784197E-16,0.866025404,-0.5,-77.5,1.,-7.691850746E-16,      0000201P0000212
4.440892099E-16,-98.26856639;                                    0000201P0000213
110,-76.,-78.,-98.26856639,-74.85,-78.,-97.85;                   0000203P0000214
110,0.,8.1,0.,0.,0.,0.;                                          0000205P0000215
110,0.,0.,0.,360.,0.,0.;                                         0000207P0000216
110,360.,0.,0.,360.,8.1,0.;                                      0000209P0000217
110,360.,8.1,0.,7.039627695E-14,8.1,0.;                          0000211P0000218
510,215,1,1,223;                                                 0000213P0000219
194,217,219,1.5,45.,221;                                         0000215P0000220
116,-76.,-78.,-105.95,0;                                         0000217P0000221
123,-8.758115402E-47,4.440892099E-16,1.;                         0000219P0000222
123,1.,-1.480297366E-15,6.573840877E-31;                         0000221P0000223
508,4,0,19,4,0,1,0,225,0,19,3,1,1,0,227,0,19,4,1,1,0,229,0,19,5, 0000223P0000224
0,1,0,231;                                                       0000223P0000225
126,1,1,1,0,1,0,0.,0.,0.282842712,0.282842712,1.,1.,360.,        0000225P0000226
-0.282842712,-0.,360.,0.,0.,0.,0.282842712,0.,0.,1.;             0000225P0000227
110,360.,0.,0.,2.370370566E-11,0.,0.;                            0000227P0000228
126,1,1,1,0,1,0,0.,0.,0.282842712,0.282842712,1.,1.,             0000229P0000229
-2.37142157E-11,0.,0.,-2.37142157E-11,-0.282842712,0.,0.,        0000229P0000230
0.282842712,0.,0.,1.;                                            0000229P0000231
110,2.370370566E-11,-0.282842712,0.,360.,-0.282842712,0.;        0000231P0000232
510,235,1,1,243;                                                 0000233P0000233
194,237,239,3.199999444,44.999990638,241;                        0000235P0000234
116,-76.,-78.,-96.15,0;                                          0000237P0000235
123,0.,4.440892099E-16,1.;                                       0000239P0000236
123,1.,0.,0.;                                                    0000241P0000237
508,4,0,19,6,0,1,0,245,0,19,7,1,1,0,247,0,19,6,1,1,0,249,0,19,2, 0000243P0000238
0,1,0,251;                                                       0000243P0000239
110,360.,-2.404162663,-0.,360.,-0.25,-0.;                        0000245P0000240
110,360.,-0.25,0.,2.370370566E-11,-0.25,0.;                      0000247P0000241
110,-2.37142157E-11,-0.25,0.,-2.37142157E-11,-2.404162663,0.;    0000249P0000242
110,2.370370566E-11,-2.404162663,0.,360.,-2.404162663,0.;        0000251P0000243
510,255,1,1,263;                                                 0000253P0000244
190,257,259,261;                                                 0000255P0000245
116,-76.,-78.,-106.15,0;                                         0000257P0000246
123,0.,-4.440892099E-16,-1.;                                     0000259P0000247
123,1.,-1.480297366E-15,6.573840877E-31;                         0000261P0000248
508,1,0,19,5,1,0;                                                0000263P0000249
510,267,1,1,275;                                                 0000265P0000250
194,269,271,2.949999444,22.500004681,273;                        0000267P0000251
116,-76.,-78.,-96.15,0;                                          0000269P0000252
123,-0.,-4.440892099E-16,-1.;                                    0000271P0000253
123,1.,0.,0.;                                                    0000273P0000254
508,4,0,19,8,0,1,0,277,0,19,9,1,1,0,279,0,19,8,1,1,0,281,0,19,7, 0000275P0000255
0,1,0,283;                                                       0000275P0000256
126,1,1,1,0,1,0,0.,0.,0.191341754,0.191341754,1.,1.,0.,          0000277P0000257
0.191341754,0.,0.,0.,0.,0.,0.191341754,0.,0.,1.;                 0000277P0000258
110,0.,0.,0.,360.,0.,0.;                                         0000279P0000259
126,1,1,1,0,1,0,0.,0.,0.191341754,0.191341754,1.,1.,360.,0.,0.,  0000281P0000260
360.,0.191341754,0.,0.,0.191341754,0.,0.,1.;                     0000281P0000261
110,360.,0.191341754,0.,0.,0.191341754,0.;                       0000283P0000262
510,287,2,1,295,297;                                             0000285P0000263
190,289,291,293;                                                 0000287P0000264
116,-76.,-78.,-96.15,0;                                          0000289P0000265
123,0.,-4.440892099E-16,-1.;                                     0000291P0000266
123,1.,0.,0.;                                                    0000293P0000267
508,1,0,19,9,1,0;                                                0000295P0000268
508,13,0,19,10,0,0,0,19,11,0,0,0,19,12,0,0,0,19,13,0,0,0,19,14,  0000297P0000269
0,0,0,19,15,0,0,0,19,16,0,0,0,19,17,0,0,0,19,18,0,0,0,19,19,0,0, 0000297P0000270
0,19,20,0,0,0,19,21,0,0,0,19,22,0,0;                             0000297P0000271
510,301,1,1,309;                                                 0000299P0000272
192,303,305,1.15,307;                                            0000301P0000273
116,-76.,-78.,-97.85,0;                                          0000303P0000274
123,0.,8.881784197E-16,1.;                                       0000305P0000275
123,1.,-3.282398508E-16,2.915355519E-31;                         0000307P0000276
508,6,0,19,23,1,1,0,311,0,19,11,1,1,0,313,0,19,10,1,1,0,315,0,   0000309P0000277
19,24,0,1,0,317,0,19,25,0,1,0,319,0,19,26,0,1,0,321;             0000309P0000278
126,24,3,0,0,1,0,2.220446049E-16,2.220446049E-16,                0000311P0000279
2.220446049E-16,2.220446049E-16,7.727272727E-02,0.154545455,     0000311P0000280
0.231818182,0.309090909,0.386363636,0.463636364,0.540909091,     0000311P0000281
0.618181818,0.695454545,0.772727273,0.85,0.927272727,            0000311P0000282
1.004545455,1.081818182,1.159090909,1.236363636,1.313636364,     0000311P0000283
1.390909091,1.468181818,1.545454545,1.622727273,1.7,1.7,1.7,1.7, 0000311P0000284
1.,1.,1.,1.,1.,1.,1.,1.,1.,1.,1.,1.,1.,1.,1.,1.,1.,1.,1.,1.,1.,  0000311P0000285
1.,1.,1.,1.,0.408154206,2.220446049E-16,0.,0.408154206,          0000311P0000286
2.575757576E-02,0.,0.408154206,7.727272727E-02,0.,0.408154206,   0000311P0000287
0.154545455,0.,0.408154206,0.231818182,0.,0.408154206,           0000311P0000288
0.309090909,0.,0.408154206,0.386363636,0.,0.408154206,           0000311P0000289
0.463636364,0.,0.408154206,0.540909091,0.,0.408154206,           0000311P0000290
0.618181818,0.,0.408154206,0.695454545,0.,0.408154206,           0000311P0000291
0.772727273,0.,0.408154206,0.85,0.,0.408154206,0.927272727,0.,   0000311P0000292
0.408154206,1.004545455,0.,0.408154206,1.081818182,0.,           0000311P0000293
0.408154206,1.159090909,0.,0.408154206,1.236363636,0.,           0000311P0000294
0.408154206,1.313636364,0.,0.408154206,1.390909091,0.,           0000311P0000295
0.408154206,1.468181818,0.,0.408154206,1.545454545,0.,           0000311P0000296
0.408154206,1.622727273,0.,0.408154206,1.674242424,0.,           0000311P0000297
0.408154206,1.7,0.,2.220446049E-16,1.7,0.,0.,1.;                 0000311P0000298
126,24,3,0,0,1,0,6.276061672,6.276061672,6.276061672,            0000313P0000299
6.276061672,6.276385474,6.276709276,6.277033077,6.277356879,     0000313P0000300
6.27768068,6.278004482,6.278328283,6.278652085,6.278975887,      0000313P0000301
6.279299688,6.27962349,6.279947291,6.280271093,6.280594895,      0000313P0000302
6.280918696,6.281242498,6.281566299,6.281890101,6.282213902,     0000313P0000303
6.282537704,6.282861506,6.283185307,6.283185307,6.283185307,     0000313P0000304
6.283185307,1.,1.,1.,1.,1.,1.,1.,1.,1.,1.,1.,1.,1.,1.,1.,1.,1.,  0000313P0000305
1.,1.,1.,1.,1.,1.,1.,1.,0.408154206,1.7,0.,0.401970051,1.7,0.,   0000313P0000306
0.389601742,1.7,0.,0.371049278,1.7,0.,0.352496814,1.7,0.,        0000313P0000307
0.33394435,1.7,0.,0.315391887,1.7,0.,0.296839423,1.7,0.,         0000313P0000308
0.278286959,1.7,0.,0.259734495,1.7,0.,0.241182031,1.7,0.,        0000313P0000309
0.222629567,1.7,0.,0.204077103,1.7,0.,0.185524639,1.7,0.,        0000313P0000310
0.166972175,1.7,0.,0.148419711,1.7,0.,0.129867247,1.7,0.,        0000313P0000311
0.111314783,1.7,0.,9.276231953E-02,1.7,0.,7.420985565E-02,1.7,   0000313P0000312
0.,5.565739172E-02,1.7,0.,3.710492784E-02,1.7,0.,                0000313P0000313
1.855246391E-02,1.7,0.,6.184154621E-03,1.7,0.,-2.37142157E-11,   0000313P0000314
1.7,0.,6.276061672,6.283185307,0.,0.,1.;                         0000313P0000315
126,24,3,0,0,1,0,0.,0.,0.,0.,3.238015796E-04,6.476031592E-04,    0000315P0000316
9.714047388E-04,1.295206318E-03,1.619007898E-03,1.942809478E-03, 0000315P0000317
2.266611057E-03,2.590412637E-03,2.914214216E-03,3.238015796E-03, 0000315P0000318
3.561817376E-03,3.885618955E-03,4.209420535E-03,4.533222115E-03, 0000315P0000319
4.857023694E-03,5.180825274E-03,5.504626853E-03,5.828428433E-03, 0000315P0000320
6.152230013E-03,6.476031592E-03,6.799833172E-03,7.123634751E-03, 0000315P0000321
7.123634751E-03,7.123634751E-03,7.123634751E-03,1.,1.,1.,1.,1.,  0000315P0000322
1.,1.,1.,1.,1.,1.,1.,1.,1.,1.,1.,1.,1.,1.,1.,1.,1.,1.,1.,1.,     0000315P0000323
-2.37142157E-11,1.7,0.,-6.184154611E-03,1.7,0.,-1.85524639E-02,  0000315P0000324
1.7,0.,-3.710492783E-02,1.7,0.,-5.565739171E-02,1.7,0.,          0000315P0000325
-7.420985564E-02,1.7,0.,-9.276231958E-02,1.7,0.,-0.111314783,    0000315P0000326
1.7,0.,-0.129867247,1.7,0.,-0.148419711,1.7,0.,-0.166972175,1.7, 0000315P0000327
0.,-0.185524639,1.7,0.,-0.204077103,1.7,0.,-0.222629567,1.7,0.,  0000315P0000328
-0.241182031,1.7,0.,-0.259734495,1.7,0.,-0.278286959,1.7,0.,     0000315P0000329
-0.296839423,1.7,0.,-0.315391886,1.7,0.,-0.33394435,1.7,0.,      0000315P0000330
-0.352496814,1.7,0.,-0.371049278,1.7,0.,-0.389601742,1.7,0.,     0000315P0000331
-0.401970051,1.7,0.,-0.408154206,1.7,0.,0.,7.123634751E-03,0.,   0000315P0000332
0.,1.;                                                           0000315P0000333
126,24,3,0,0,1,0,-2.220446049E-16,-2.220446049E-16,              0000317P0000334
-2.220446049E-16,-2.220446049E-16,7.727272727E-02,0.154545455,   0000317P0000335
0.231818182,0.309090909,0.386363636,0.463636364,0.540909091,     0000317P0000336
0.618181818,0.695454545,0.772727273,0.85,0.927272727,            0000317P0000337
1.004545455,1.081818182,1.159090909,1.236363636,1.313636364,     0000317P0000338
1.390909091,1.468181818,1.545454545,1.622727273,1.7,1.7,1.7,1.7, 0000317P0000339
1.,1.,1.,1.,1.,1.,1.,1.,1.,1.,1.,1.,1.,1.,1.,1.,1.,1.,1.,1.,1.,  0000317P0000340
1.,1.,1.,1.,-0.408154206,1.7,0.,-0.408154206,1.674242424,0.,     0000317P0000341
-0.408154206,1.622727273,0.,-0.408154206,1.545454545,0.,         0000317P0000342
-0.408154206,1.468181818,0.,-0.408154206,1.390909091,0.,         0000317P0000343
-0.408154206,1.313636364,0.,-0.408154206,1.236363636,0.,         0000317P0000344
-0.408154206,1.159090909,0.,-0.408154206,1.081818182,0.,         0000317P0000345
-0.408154206,1.004545455,0.,-0.408154206,0.927272727,0.,         0000317P0000346
-0.408154206,0.85,0.,-0.408154206,0.772727273,0.,-0.408154206,   0000317P0000347
0.695454545,0.,-0.408154206,0.618181818,0.,-0.408154206,         0000317P0000348
0.540909091,0.,-0.408154206,0.463636364,0.,-0.408154206,         0000317P0000349
0.386363636,0.,-0.408154206,0.309090909,0.,-0.408154206,         0000317P0000350
0.231818182,0.,-0.408154206,0.154545455,0.,-0.408154206,         0000317P0000351
7.727272727E-02,0.,-0.408154206,2.575757576E-02,0.,-0.408154206, 0000317P0000352
2.220446049E-16,0.,-2.220446049E-16,1.7,0.,0.,1.;                0000317P0000353
126,24,3,0,0,1,0,0.,0.,0.,0.,3.238015796E-04,6.476031592E-04,    0000319P0000354
9.714047388E-04,1.295206318E-03,1.619007898E-03,1.942809478E-03, 0000319P0000355
2.266611057E-03,2.590412637E-03,2.914214216E-03,3.238015796E-03, 0000319P0000356
3.561817376E-03,3.885618955E-03,4.209420535E-03,4.533222115E-03, 0000319P0000357
4.857023694E-03,5.180825274E-03,5.504626853E-03,5.828428433E-03, 0000319P0000358
6.152230013E-03,6.476031592E-03,6.799833172E-03,7.123634751E-03, 0000319P0000359
7.123634751E-03,7.123634751E-03,7.123634751E-03,1.,1.,1.,1.,1.,  0000319P0000360
1.,1.,1.,1.,1.,1.,1.,1.,1.,1.,1.,1.,1.,1.,1.,1.,1.,1.,1.,1.,     0000319P0000361
-0.408154206,0.,0.,-0.401970051,0.,0.,-0.389601742,              0000319P0000362
2.466441179E-58,0.,-0.371049278,-8.632544126E-58,0.,             0000319P0000363
-0.352496814,3.206373532E-57,0.,-0.33394435,-1.196223972E-56,0., 0000319P0000364
-0.315391886,4.464258534E-56,0.,-0.296839423,-1.666081016E-55,   0000319P0000365
0.,-0.278286959,6.217898212E-55,0.,-0.259734495,                 0000319P0000366
-2.320551183E-54,0.,-0.241182031,8.660414911E-54,0.,             0000319P0000367
-0.222629567,-3.232110846E-53,0.,-0.204077103,1.206240189E-52,   0000319P0000368
0.,-0.185524639,-4.501749673E-52,0.,-0.166972175,1.68007585E-51, 0000319P0000369
0.,-0.148419711,-6.270128433E-51,0.,-0.129867247,                0000319P0000370
2.340043788E-50,0.,-0.111314783,-8.73316231E-50,0.,              0000319P0000371
-9.276231958E-02,3.259260545E-49,0.,-7.420985564E-02,            0000319P0000372
-1.216372595E-48,0.,-5.565739171E-02,4.539564325E-48,0.,         0000319P0000373
-3.710492783E-02,-1.694188471E-47,0.,-1.85524639E-02,            0000319P0000374
6.32279745E-47,0.,-6.184154611E-03,-1.362373507E-46,0.,          0000319P0000375
-2.37142157E-11,-3.503246161E-46,0.,0.,7.123634751E-03,0.,0.,1.; 0000319P0000376
126,24,3,0,0,1,0,6.276061672,6.276061672,6.276061672,            0000321P0000377
6.276061672,6.276385474,6.276709276,6.277033077,6.277356879,     0000321P0000378
6.27768068,6.278004482,6.278328283,6.278652085,6.278975887,      0000321P0000379
6.279299688,6.27962349,6.279947291,6.280271093,6.280594895,      0000321P0000380
6.280918696,6.281242498,6.281566299,6.281890101,6.282213902,     0000321P0000381
6.282537704,6.282861506,6.283185307,6.283185307,6.283185307,     0000321P0000382
6.283185307,1.,1.,1.,1.,1.,1.,1.,1.,1.,1.,1.,1.,1.,1.,1.,1.,1.,  0000321P0000383
1.,1.,1.,1.,1.,1.,1.,1.,-2.37142157E-11,-3.378588047E-30,0.,     0000321P0000384
6.184154621E-03,-1.313895351E-30,-0.,1.855246391E-02,            0000321P0000385
6.097809547E-31,0.,3.710492784E-02,-1.633903144E-31,-0.,         0000321P0000386
5.565739172E-02,4.378030279E-32,0.,7.420985565E-02,              0000321P0000387
-1.173089678E-32,-0.,9.276231953E-02,3.143284318E-33,0.,         0000321P0000388
0.111314783,-8.422404945E-34,-0.,0.129867247,2.256776603E-34,0., 0000321P0000389
0.148419711,-6.047014684E-35,-0.,0.166972175,1.620292701E-35,0., 0000321P0000390
0.185524639,-4.341561208E-36,-0.,0.204077103,1.163317819E-36,0., 0000321P0000391
0.222629567,-3.117100703E-37,-0.,0.241182031,8.352246161E-38,0., 0000321P0000392
0.259734495,-2.237977615E-38,-0.,0.278286959,5.996643001E-39,0., 0000321P0000393
0.296839423,-1.606795854E-39,-0.,0.315391887,4.305404138E-40,0., 0000321P0000394
0.33394435,-1.153658015E-40,-0.,0.352496814,3.092279215E-41,0.,  0000321P0000395
0.371049278,-8.325367118E-42,-0.,0.389601742,2.37867632E-42,0.,  0000321P0000396
0.401970051,0.,0.,0.408154206,0.,0.,6.276061672,6.283185307,0.,  0000321P0000397
0.,1.;                                                           0000321P0000398
510,325,1,1,333;                                                 0000323P0000399
194,327,329,2.55351546E-16,44.999971914,331;                     0000325P0000400
116,-76.,-78.,-97.300001127,0;                                   0000327P0000401
123,0.,4.440892099E-16,1.;                                       0000329P0000402
123,1.,-1.390769739E-16,6.176258346E-32;                         0000331P0000403
508,2,0,19,27,1,1,0,335,0,19,22,1,1,0,337;                       0000333P0000404
126,9,9,1,0,1,0,-0.541097279,-0.541097279,-0.541097279,          0000335P0000405
-0.541097279,-0.541097279,-0.541097279,-0.541097279,             0000335P0000406
-0.541097279,-0.541097279,-0.541097279,0.541097279,0.541097279,  0000335P0000407
0.541097279,0.541097279,0.541097279,0.541097279,0.541097279,     0000335P0000408
0.541097279,0.541097279,0.541097279,1.,1.,1.,1.,1.,1.,1.,1.,1.,  0000335P0000409
1.,300.408154206,1.626346394,0.,306.398992975,1.529776243,0.,    0000335P0000410
312.790021346,1.459660087,0.,319.517103389,1.413978324,0.,       0000335P0000411
326.476297583,1.391449004,0.,333.523702418,1.391449004,0.,       0000335P0000412
340.482896611,1.413978324,0.,347.209978654,1.459660087,0.,       0000335P0000413
353.601007025,1.529776243,0.,359.591845794,1.626346394,0.,       0000335P0000414
-0.541097279,0.541097279,0.,0.,1.;                               0000335P0000415
110,359.591845794,1.626346394,0.,300.408154206,1.626346394,0.;   0000337P0000416
510,341,1,1,349;                                                 0000339P0000417
194,343,345,2.55351546E-16,44.999971914,347;                     0000341P0000418
116,-76.,-78.,-97.300001127,0;                                   0000343P0000419
123,0.,4.440892099E-16,1.;                                       0000345P0000420
123,1.,-1.390769739E-16,6.176258346E-32;                         0000347P0000421
508,2,0,19,12,1,1,0,351,0,19,28,1,1,0,353;                       0000349P0000422
110,59.591845794,1.626346394,0.,0.408154206,1.626346394,0.;      0000351P0000423
126,9,9,1,0,1,0,-0.541097279,-0.541097279,-0.541097279,          0000353P0000424
-0.541097279,-0.541097279,-0.541097279,-0.541097279,             0000353P0000425
-0.541097279,-0.541097279,-0.541097279,0.541097279,0.541097279,  0000353P0000426
0.541097279,0.541097279,0.541097279,0.541097279,0.541097279,     0000353P0000427
0.541097279,0.541097279,0.541097279,1.,1.,1.,1.,1.,1.,1.,1.,1.,  0000353P0000428
1.,0.408154206,1.626346394,0.,6.398992975,1.529776243,0.,        0000353P0000429
12.790021345,1.459660087,0.,19.517103397,1.413978324,0.,         0000353P0000430
26.476297568,1.391449004,0.,33.523702445,1.391449004,0.,         0000353P0000431
40.482896596,1.413978324,0.,47.209978657,1.459660087,0.,         0000353P0000432
53.601007025,1.529776243,0.,59.591845794,1.626346394,0.,         0000353P0000433
-0.541097279,0.541097279,0.,0.,1.;                               0000353P0000434
510,357,1,1,365;                                                 0000355P0000435
192,359,361,1.15,363;                                            0000357P0000436
116,-76.,-78.,-97.85,0;                                          0000359P0000437
123,0.,8.881784197E-16,1.;                                       0000361P0000438
123,1.,-3.282398508E-16,2.915355519E-31;                         0000363P0000439
508,4,0,19,21,1,1,0,367,0,19,29,0,1,0,369,0,19,30,0,1,0,371,0,   0000365P0000440
19,31,1,1,0,373;                                                 0000365P0000441
110,300.408154206,1.7,0.,299.591845794,1.7,0.;                   0000367P0000442
126,1,1,1,0,1,0,1.,1.,2.7,2.7,1.,1.,299.591845794,1.7,0.,        0000369P0000443
299.591845794,0.,0.,1.,2.7,0.,0.,1.;                             0000369P0000444
110,299.591845794,0.,0.,300.408154206,0.,0.;                     0000371P0000445
126,1,1,1,0,1,0,7.395570986E-32,7.395570986E-32,1.7,1.7,1.,1.,   0000373P0000446
300.408154206,5.457041937E-18,0.,300.408154206,1.7,0.,           0000373P0000447
7.395570986E-32,1.7,0.,0.,1.;                                    0000373P0000448
510,377,1,1,385;                                                 0000375P0000449
192,379,381,1.15,383;                                            0000377P0000450
116,-76.,-78.,-97.85,0;                                          0000379P0000451
123,0.,8.881784197E-16,1.;                                       0000381P0000452
123,1.,-3.282398508E-16,2.915355519E-31;                         0000383P0000453
508,4,0,19,13,1,1,0,387,0,19,32,0,1,0,389,0,19,33,0,1,0,391,0,   0000385P0000454
19,34,1,1,0,393;                                                 0000385P0000455
110,60.408154206,1.7,0.,59.591845794,1.7,0.;                     0000387P0000456
126,1,1,1,0,1,0,1.,1.,2.7,2.7,1.,1.,59.591845794,1.7,0.,         0000389P0000457
59.591845794,-5.457041937E-18,-0.,1.,2.7,0.,0.,1.;               0000389P0000458
110,59.591845794,0.,0.,60.408154206,0.,0.;                       0000391P0000459
126,1,1,1,0,1,0,0.,0.,1.7,1.7,1.,1.,60.408154206,                0000393P0000460
-1.972152263E-31,-0.,60.408154206,1.7,0.,0.,1.7,0.,0.,1.;        0000393P0000461
510,397,1,1,405;                                                 0000395P0000462
194,399,401,2.55351546E-16,44.999971914,403;                     0000397P0000463
116,-76.,-78.,-97.300001127,0;                                   0000399P0000464
123,0.,4.440892099E-16,1.;                                       0000401P0000465
123,1.,-1.390769739E-16,6.176258346E-32;                         0000403P0000466
508,2,0,19,35,1,1,0,407,0,19,20,1,1,0,409;                       0000405P0000467
126,9,9,1,0,1,0,-0.541097279,-0.541097279,-0.541097279,          0000407P0000468
-0.541097279,-0.541097279,-0.541097279,-0.541097279,             0000407P0000469
-0.541097279,-0.541097279,-0.541097279,0.541097279,0.541097279,  0000407P0000470
0.541097279,0.541097279,0.541097279,0.541097279,0.541097279,     0000407P0000471
0.541097279,0.541097279,0.541097279,1.,1.,1.,1.,1.,1.,1.,1.,1.,  0000407P0000472
1.,240.408154206,1.626346394,0.,246.398992975,1.529776243,0.,    0000407P0000473
252.790021346,1.459660087,0.,259.517103388,1.413978324,0.,       0000407P0000474
266.476297586,1.391449004,0.,273.523702414,1.391449004,0.,       0000407P0000475
280.482896612,1.413978324,0.,287.209978654,1.459660087,0.,       0000407P0000476
293.601007025,1.529776243,0.,299.591845794,1.626346394,0.,       0000407P0000477
-0.541097279,0.541097279,0.,0.,1.;                               0000407P0000478
110,299.591845794,1.626346394,0.,240.408154206,1.626346394,0.;   0000409P0000479
510,413,1,1,421;                                                 0000411P0000480
194,415,417,2.55351546E-16,44.999971914,419;                     0000413P0000481
116,-76.,-78.,-97.300001127,0;                                   0000415P0000482
123,0.,4.440892099E-16,1.;                                       0000417P0000483
123,1.,-1.390769739E-16,6.176258346E-32;                         0000419P0000484
508,2,0,19,14,1,1,0,423,0,19,36,1,1,0,425;                       0000421P0000485
110,119.591845794,1.626346394,0.,60.408154206,1.626346394,0.;    0000423P0000486
126,9,9,1,0,1,0,-0.541097279,-0.541097279,-0.541097279,          0000425P0000487
-0.541097279,-0.541097279,-0.541097279,-0.541097279,             0000425P0000488
-0.541097279,-0.541097279,-0.541097279,0.541097279,0.541097279,  0000425P0000489
0.541097279,0.541097279,0.541097279,0.541097279,0.541097279,     0000425P0000490
0.541097279,0.541097279,0.541097279,1.,1.,1.,1.,1.,1.,1.,1.,1.,  0000425P0000491
1.,60.408154206,1.626346394,0.,66.398992975,1.529776243,0.,      0000425P0000492
72.790021345,1.459660087,0.,79.517103395,1.413978324,0.,         0000425P0000493
86.476297572,1.391449004,0.,93.523702428,1.391449004,0.,         0000425P0000494
100.482896601,1.413978324,0.,107.209978655,1.459660087,0.,       0000425P0000495
113.601007025,1.529776243,0.,119.591845794,1.626346394,0.,       0000425P0000496
-0.541097279,0.541097279,0.,0.,1.;                               0000425P0000497
510,429,1,1,437;                                                 0000427P0000498
192,431,433,1.15,435;                                            0000429P0000499
116,-76.,-78.,-97.85,0;                                          0000431P0000500
123,0.,8.881784197E-16,1.;                                       0000433P0000501
123,1.,-3.282398508E-16,2.915355519E-31;                         0000435P0000502
508,4,0,19,19,1,1,0,439,0,19,37,0,1,0,441,0,19,38,0,1,0,443,0,   0000437P0000503
19,39,1,1,0,445;                                                 0000437P0000504
110,240.408154206,1.7,0.,239.591845794,1.7,0.;                   0000439P0000505
126,1,1,1,0,1,0,1.,1.,2.7,2.7,1.,1.,239.591845794,1.7,0.,        0000441P0000506
239.591845794,5.457041937E-18,0.,1.,2.7,0.,0.,1.;                0000441P0000507
110,239.591845794,0.,0.,240.408154206,0.,0.;                     0000443P0000508
126,1,1,1,0,1,0,-1.479114197E-31,-1.479114197E-31,1.7,1.7,1.,1., 0000445P0000509
240.408154206,-1.479114197E-31,-0.,240.408154206,1.7,0.,         0000445P0000510
-1.479114197E-31,1.7,0.,0.,1.;                                   0000445P0000511
510,449,1,1,457;                                                 0000447P0000512
192,451,453,1.15,455;                                            0000449P0000513
116,-76.,-78.,-97.85,0;                                          0000451P0000514
123,0.,8.881784197E-16,1.;                                       0000453P0000515
123,1.,-3.282398508E-16,2.915355519E-31;                         0000455P0000516
508,4,0,19,15,1,1,0,459,0,19,40,0,1,0,461,0,19,41,0,1,0,463,0,   0000457P0000517
19,42,1,1,0,465;                                                 0000457P0000518
110,120.408154206,1.7,0.,119.591845794,1.7,0.;                   0000459P0000519
126,1,1,1,0,1,0,1.,1.,2.7,2.7,1.,1.,119.591845794,1.7,0.,        0000461P0000520
119.591845794,-2.711709362E-31,-0.,1.,2.7,0.,0.,1.;              0000461P0000521
110,119.591845794,0.,0.,120.408154206,0.,0.;                     0000463P0000522
126,1,1,1,0,1,0,-2.220446049E-16,-2.220446049E-16,1.7,1.7,1.,1., 0000465P0000523
120.408154206,-5.457041937E-18,-0.,120.408154206,1.7,0.,         0000465P0000524
-2.220446049E-16,1.7,0.,0.,1.;                                   0000465P0000525
510,469,1,1,477;                                                 0000467P0000526
194,471,473,2.55351546E-16,44.999971914,475;                     0000469P0000527
116,-76.,-78.,-97.300001127,0;                                   0000471P0000528
123,0.,4.440892099E-16,1.;                                       0000473P0000529
123,1.,-1.390769739E-16,6.176258346E-32;                         0000475P0000530
508,2,0,19,43,1,1,0,479,0,19,18,1,1,0,481;                       0000477P0000531
126,9,9,1,0,1,0,-0.541097279,-0.541097279,-0.541097279,          0000479P0000532
-0.541097279,-0.541097279,-0.541097279,-0.541097279,             0000479P0000533
-0.541097279,-0.541097279,-0.541097279,0.541097279,0.541097279,  0000479P0000534
0.541097279,0.541097279,0.541097279,0.541097279,0.541097279,     0000479P0000535
0.541097279,0.541097279,0.541097279,1.,1.,1.,1.,1.,1.,1.,1.,1.,  0000479P0000536
1.,180.408154206,1.626346394,0.,186.398992975,1.529776243,0.,    0000479P0000537
192.790021346,1.459660087,0.,199.517103392,1.413978324,0.,       0000479P0000538
206.476297591,1.391449004,0.,213.523702419,1.391449004,0.,       0000479P0000539
220.48289661,1.413978324,0.,227.209978653,1.459660087,0.,        0000479P0000540
233.601007025,1.529776243,0.,239.591845794,1.626346394,0.,       0000479P0000541
-0.541097279,0.541097279,0.,0.,1.;                               0000479P0000542
110,239.591845794,1.626346394,0.,180.408154206,1.626346394,0.;   0000481P0000543
510,485,1,1,493;                                                 0000483P0000544
194,487,489,2.55351546E-16,44.999971914,491;                     0000485P0000545
116,-76.,-78.,-97.300001127,0;                                   0000487P0000546
123,0.,4.440892099E-16,1.;                                       0000489P0000547
123,1.,-1.390769739E-16,6.176258346E-32;                         0000491P0000548
508,2,0,19,16,1,1,0,495,0,19,44,1,1,0,497;                       0000493P0000549
110,179.591845794,1.626346394,0.,120.408154206,1.626346394,0.;   0000495P0000550
126,9,9,1,0,1,0,-0.541097279,-0.541097279,-0.541097279,          0000497P0000551
-0.541097279,-0.541097279,-0.541097279,-0.541097279,             0000497P0000552
-0.541097279,-0.541097279,-0.541097279,0.541097279,0.541097279,  0000497P0000553
0.541097279,0.541097279,0.541097279,0.541097279,0.541097279,     0000497P0000554
0.541097279,0.541097279,0.541097279,1.,1.,1.,1.,1.,1.,1.,1.,1.,  0000497P0000555
1.,120.408154206,1.626346394,0.,126.398992975,1.529776243,0.,    0000497P0000556
132.790021348,1.459660087,0.,139.517103382,1.413978324,0.,       0000497P0000557
146.476297591,1.391449004,0.,153.523702413,1.391449004,0.,       0000497P0000558
160.482896614,1.413978324,0.,167.209978653,1.459660087,0.,       0000497P0000559
173.601007025,1.529776243,0.,179.591845794,1.626346394,0.,       0000497P0000560
-0.541097279,0.541097279,0.,0.,1.;                               0000497P0000561
510,501,1,1,509;                                                 0000499P0000562
192,503,505,1.15,507;                                            0000501P0000563
116,-76.,-78.,-97.85,0;                                          0000503P0000564
123,0.,8.881784197E-16,1.;                                       0000505P0000565
123,1.,-3.282398508E-16,2.915355519E-31;                         0000507P0000566
508,4,0,19,17,1,1,0,511,0,19,45,0,1,0,513,0,19,46,0,1,0,515,0,   0000509P0000567
19,47,1,1,0,517;                                                 0000509P0000568
110,180.408154206,1.7,0.,179.591845794,1.7,0.;                   0000511P0000569
126,1,1,1,0,1,0,1.,1.,2.7,2.7,1.,1.,179.591845794,1.7,0.,        0000513P0000570
179.591845794,5.457041937E-18,0.,1.,2.7,0.,0.,1.;                0000513P0000571
110,179.591845794,0.,0.,180.408154206,0.,0.;                     0000515P0000572
126,1,1,1,0,1,0,1.791114848E-31,1.791114848E-31,1.7,1.7,1.,1.,   0000517P0000573
180.408154206,-5.457041937E-18,-0.,180.408154206,1.7,0.,         0000517P0000574
1.791114848E-31,1.7,0.,0.,1.;                                    0000517P0000575
510,521,1,1,529;                                                 0000519P0000576
194,523,525,4.70416237E-16,69.999972705,527;                     0000521P0000577
116,-76.,-78.,-98.26856639,0;                                    0000523P0000578
123,0.,8.881784197E-16,1.;                                       0000525P0000579
123,1.,-4.197888434E-16,3.728473915E-31;                         0000527P0000580
508,16,0,19,25,1,1,0,531,0,19,48,0,1,0,533,0,19,30,1,1,0,535,0,  0000529P0000581
19,49,0,1,0,537,0,19,38,1,1,0,539,0,19,50,0,1,0,541,0,19,46,1,1, 0000529P0000582
0,543,0,19,51,0,1,0,545,0,19,41,1,1,0,547,0,19,52,0,1,0,549,0,   0000529P0000583
19,33,1,1,0,551,0,19,53,0,1,0,553,0,19,26,1,1,0,555,0,19,54,0,1, 0000529P0000584
0,557,1,23,32,1,1,0,559,0,19,54,1,1,0,561;                       0000529P0000585
110,360.,1.223804651,0.,359.591845794,1.223804651,0.;            0000531P0000586
126,9,9,1,0,1,0,-0.541097279,-0.541097279,-0.541097279,          0000533P0000587
-0.541097279,-0.541097279,-0.541097279,-0.541097279,             0000533P0000588
-0.541097279,-0.541097279,-0.541097279,0.541097279,0.541097279,  0000533P0000589
0.541097279,0.541097279,0.541097279,0.541097279,0.541097279,     0000533P0000590
0.541097279,0.541097279,0.541097279,1.,1.,1.,1.,1.,1.,1.,1.,1.,  0000533P0000591
1.,359.591845794,1.223804651,0.,353.601007025,1.15113686,0.,     0000533P0000592
347.209978654,1.098375358,0.,340.482896611,1.064000422,0.,       0000533P0000593
333.523702419,1.047047399,0.,326.476297583,1.047047399,0.,       0000533P0000594
319.517103389,1.064000422,0.,312.790021346,1.098375358,0.,       0000533P0000595
306.398992975,1.15113686,0.,300.408154206,1.223804651,0.,        0000533P0000596
-0.541097279,0.541097279,-0.,-0.,1.;                             0000533P0000597
110,300.408154206,1.223804651,0.,299.591845794,1.223804651,0.;   0000535P0000598
126,9,9,1,0,1,0,-0.541097279,-0.541097279,-0.541097279,          0000537P0000599
-0.541097279,-0.541097279,-0.541097279,-0.541097279,             0000537P0000600
-0.541097279,-0.541097279,-0.541097279,0.541097279,0.541097279,  0000537P0000601
0.541097279,0.541097279,0.541097279,0.541097279,0.541097279,     0000537P0000602
0.541097279,0.541097279,0.541097279,1.,1.,1.,1.,1.,1.,1.,1.,1.,  0000537P0000603
1.,299.591845794,1.223804651,0.,293.601007025,1.15113686,0.,     0000537P0000604
287.209978653,1.098375358,0.,280.482896613,1.064000422,0.,       0000537P0000605
273.523702411,1.047047399,0.,266.47629759,1.047047399,0.,        0000537P0000606
259.517103387,1.064000422,0.,252.790021347,1.098375358,0.,       0000537P0000607
246.398992975,1.15113686,0.,240.408154206,1.223804651,0.,        0000537P0000608
-0.541097279,0.541097279,-0.,-0.,1.;                             0000537P0000609
110,240.408154206,1.223804651,0.,239.591845794,1.223804651,0.;   0000539P0000610
126,9,9,1,0,1,0,-0.541097279,-0.541097279,-0.541097279,          0000541P0000611
-0.541097279,-0.541097279,-0.541097279,-0.541097279,             0000541P0000612
-0.541097279,-0.541097279,-0.541097279,0.541097279,0.541097279,  0000541P0000613
0.541097279,0.541097279,0.541097279,0.541097279,0.541097279,     0000541P0000614
0.541097279,0.541097279,0.541097279,1.,1.,1.,1.,1.,1.,1.,1.,1.,  0000541P0000615
1.,239.591845794,1.223804651,0.,233.601007025,1.15113686,0.,     0000541P0000616
227.209978654,1.098375358,0.,220.482896605,1.064000422,0.,       0000541P0000617
213.52370243,1.047047399,0.,206.476297577,1.047047399,0.,        0000541P0000618
199.517103397,1.064000422,0.,192.790021345,1.098375358,0.,       0000541P0000619
186.398992975,1.15113686,0.,180.408154206,1.223804651,0.,        0000541P0000620
-0.541097279,0.541097279,-0.,-0.,1.;                             0000541P0000621
110,180.408154206,1.223804651,0.,179.591845794,1.223804651,0.;   0000543P0000622
126,9,9,1,0,1,0,-0.541097279,-0.541097279,-0.541097279,          0000545P0000623
-0.541097279,-0.541097279,-0.541097279,-0.541097279,             0000545P0000624
-0.541097279,-0.541097279,-0.541097279,0.541097279,0.541097279,  0000545P0000625
0.541097279,0.541097279,0.541097279,0.541097279,0.541097279,     0000545P0000626
0.541097279,0.541097279,0.541097279,1.,1.,1.,1.,1.,1.,1.,1.,1.,  0000545P0000627
1.,179.591845794,1.223804651,0.,173.601007025,1.15113686,0.,     0000545P0000628
167.209978653,1.098375358,0.,160.482896612,1.064000422,0.,       0000545P0000629
153.523702424,1.047047399,0.,146.476297587,1.047047399,0.,       0000545P0000630
139.517103384,1.064000422,0.,132.790021347,1.098375358,0.,       0000545P0000631
126.398992975,1.15113686,0.,120.408154206,1.223804651,0.,        0000545P0000632
-0.541097279,0.541097279,-0.,-0.,1.;                             0000545P0000633
110,120.408154206,1.223804651,0.,119.591845794,1.223804651,0.;   0000547P0000634
126,9,9,1,0,1,0,-0.541097279,-0.541097279,-0.541097279,          0000549P0000635
-0.541097279,-0.541097279,-0.541097279,-0.541097279,             0000549P0000636
-0.541097279,-0.541097279,-0.541097279,0.541097279,0.541097279,  0000549P0000637
0.541097279,0.541097279,0.541097279,0.541097279,0.541097279,     0000549P0000638
0.541097279,0.541097279,0.541097279,1.,1.,1.,1.,1.,1.,1.,1.,1.,  0000549P0000639
1.,119.591845794,1.223804651,0.,113.601007025,1.15113686,0.,     0000549P0000640
107.209978654,1.098375358,0.,100.482896617,1.064000422,0.,       0000549P0000641
93.523702422,1.047047399,0.,86.476297591,1.047047399,0.,         0000549P0000642
79.517103382,1.064000422,0.,72.790021348,1.098375358,0.,         0000549P0000643
66.398992975,1.15113686,0.,60.408154206,1.223804651,0.,          0000549P0000644
-0.541097279,0.541097279,-0.,-0.,1.;                             0000549P0000645
110,60.408154206,1.223804651,0.,59.591845794,1.223804651,0.;     0000551P0000646
126,9,9,1,0,1,0,-0.541097279,-0.541097279,-0.541097279,          0000553P0000647
-0.541097279,-0.541097279,-0.541097279,-0.541097279,             0000553P0000648
-0.541097279,-0.541097279,-0.541097279,0.541097279,0.541097279,  0000553P0000649
0.541097279,0.541097279,0.541097279,0.541097279,0.541097279,     0000553P0000650
0.541097279,0.541097279,0.541097279,1.,1.,1.,1.,1.,1.,1.,1.,1.,  0000553P0000651
1.,59.591845794,1.223804651,0.,53.601007025,1.15113686,0.,       0000553P0000652
47.209978655,1.098375358,0.,40.48289661,1.064000422,0.,          0000553P0000653
33.523702419,1.047047399,0.,26.476297588,1.047047399,0.,         0000553P0000654
19.517103384,1.064000422,0.,12.790021348,1.098375358,0.,         0000553P0000655
6.398992975,1.15113686,0.,0.408154206,1.223804651,0.,            0000553P0000656
-0.541097279,0.541097279,-0.,-0.,1.;                             0000553P0000657
110,0.408154206,1.223804651,0.,2.371419727E-11,1.223804651,0.;   0000555P0000658
110,0.,1.223804651,0.,0.,0.,0.;                                  0000557P0000659
110,0.,0.,0.,360.,0.,0.;                                         0000559P0000660
110,360.,0.,0.,360.,1.223804651,0.;                              0000561P0000661
510,565,1,1,573;                                                 0000563P0000662
190,567,569,571;                                                 0000565P0000663
116,-74.845299462,-78.,-95.15,0;                                 0000567P0000664
123,-0.866025404,0.5,-4.440892099E-16;                           0000569P0000665
123,-0.5,-0.866025404,7.691850746E-16;                           0000571P0000666
508,4,0,19,27,1,0,0,19,24,0,0,0,19,48,0,0,0,19,31,1,0;           0000573P0000667
510,577,1,1,585;                                                 0000575P0000668
190,579,581,583;                                                 0000577P0000669
116,-75.422649731,-77.,-95.15,0;                                 0000579P0000670
123,-0.866025404,-0.5,4.440892099E-16;                           0000581P0000671
123,0.5,-0.866025404,7.691850746E-16;                            0000583P0000672
508,4,0,19,28,1,0,0,19,32,0,0,0,19,53,0,0,0,19,23,1,0;           0000585P0000673
510,589,1,1,597;                                                 0000587P0000674
190,591,593,595;                                                 0000589P0000675
116,-75.422649731,-79.,-95.15,0;                                 0000591P0000676
123,0.,1.,-8.881784197E-16;                                      0000593P0000677
123,-1.,0.,0.;                                                   0000595P0000678
508,4,0,19,35,1,0,0,19,29,0,0,0,19,49,0,0,0,19,39,1,0;           0000597P0000679
510,601,1,1,609;                                                 0000599P0000680
190,603,605,607;                                                 0000601P0000681
116,-76.577350269,-77.,-95.15,0;                                 0000603P0000682
123,0.,-1.,8.881784197E-16;                                      0000605P0000683
123,1.,0.,0.;                                                    0000607P0000684
508,4,0,19,36,1,0,0,19,40,0,0,0,19,52,0,0,0,19,34,1,0;           0000609P0000685
510,613,1,1,621;                                                 0000611P0000686
190,615,617,619;                                                 0000613P0000687
116,-76.577350269,-79.,-95.15,0;                                 0000615P0000688
123,0.866025404,0.5,-4.440892099E-16;                            0000617P0000689
123,-0.5,0.866025404,-7.691850746E-16;                           0000619P0000690
508,4,0,19,43,1,0,0,19,37,0,0,0,19,50,0,0,0,19,47,1,0;           0000621P0000691
510,625,1,1,633;                                                 0000623P0000692
190,627,629,631;                                                 0000625P0000693
116,-77.154700538,-78.,-95.15,0;                                 0000627P0000694
123,0.866025404,-0.5,4.440892099E-16;                            0000629P0000695
123,0.5,0.866025404,-7.691850746E-16;                            0000631P0000696
508,4,0,19,44,1,0,0,19,45,0,0,0,19,51,0,0,0,19,42,1,0;           0000633P0000697
S      1G      4D    634P    697                                        T0000001
