999
cadgen:sourcePath=wp03_interfaces.dxf.py
999
cadgen:sourceHash=767b3bcf4f4035f9e4d4aca888b9ab810396fc3d14df0882a21fdd98aff2f7b2
  0
SECTION
  2
HEADER
  9
$ACADVER
  1
AC1024
  9
$ACADMAINTVER
 70
6
  9
$DWGCODEPAGE
  3
ANSI_1252
  9
$LASTSAVEDBY
  1
ezdxf
  9
$INSBASE
 10
0.0
 20
0.0
 30
0.0
  9
$EXTMIN
 10
1e+20
 20
1e+20
 30
1e+20
  9
$EXTMAX
 10
-1e+20
 20
-1e+20
 30
-1e+20
  9
$LIMMIN
 10
0.0
 20
0.0
  9
$LIMMAX
 10
420.0
 20
297.0
  9
$ORTHOMODE
 70
0
  9
$REGENMODE
 70
1
  9
$FILLMODE
 70
1
  9
$QTEXTMODE
 70
0
  9
$MIRRTEXT
 70
1
  9
$LTSCALE
 40
1.0
  9
$ATTMODE
 70
1
  9
$TEXTSIZE
 40
2.5
  9
$TRACEWID
 40
1.0
  9
$TEXTSTYLE
  7
Standard
  9
$CLAYER
  8
0
  9
$CELTYPE
  6
ByLayer
  9
$CECOLOR
 62
256
  9
$CELTSCALE
 40
1.0
  9
$DISPSILH
 70
0
  9
$DIMSCALE
 40
1.0
  9
$DIMASZ
 40
2.5
  9
$DIMEXO
 40
0.625
  9
$DIMDLI
 40
3.75
  9
$DIMRND
 40
0.0
  9
$DIMDLE
 40
0.0
  9
$DIMEXE
 40
1.25
  9
$DIMTP
 40
0.0
  9
$DIMTM
 40
0.0
  9
$DIMTXT
 40
2.5
  9
$DIMCEN
 40
2.5
  9
$DIMTSZ
 40
0.0
  9
$DIMTOL
 70
0
  9
$DIMLIM
 70
0
  9
$DIMTIH
 70
0
  9
$DIMTOH
 70
0
  9
$DIMSE1
 70
0
  9
$DIMSE2
 70
0
  9
$DIMTAD
 70
1
  9
$DIMZIN
 70
8
  9
$DIMBLK
  1

  9
$DIMASO
 70
1
  9
$DIMSHO
 70
1
  9
$DIMPOST
  1

  9
$DIMAPOST
  1

  9
$DIMALT
 70
0
  9
$DIMALTD
 70
3
  9
$DIMALTF
 40
0.03937007874
  9
$DIMLFAC
 40
1.0
  9
$DIMTOFL
 70
1
  9
$DIMTVP
 40
0.0
  9
$DIMTIX
 70
0
  9
$DIMSOXD
 70
0
  9
$DIMSAH
 70
0
  9
$DIMBLK1
  1

  9
$DIMBLK2
  1

  9
$DIMSTYLE
  2
ISO-25
  9
$DIMCLRD
 70
0
  9
$DIMCLRE
 70
0
  9
$DIMCLRT
 70
0
  9
$DIMTFAC
 40
1.0
  9
$DIMGAP
 40
0.625
  9
$DIMJUST
 70
0
  9
$DIMSD1
 70
0
  9
$DIMSD2
 70
0
  9
$DIMTOLJ
 70
0
  9
$DIMTZIN
 70
8
  9
$DIMALTZ
 70
0
  9
$DIMALTTZ
 70
0
  9
$DIMUPT
 70
0
  9
$DIMDEC
 70
2
  9
$DIMTDEC
 70
2
  9
$DIMALTU
 70
2
  9
$DIMALTTD
 70
3
  9
$DIMTXSTY
  7
Standard
  9
$DIMAUNIT
 70
0
  9
$DIMADEC
 70
0
  9
$DIMALTRND
 40
0.0
  9
$DIMAZIN
 70
0
  9
$DIMDSEP
 70
44
  9
$DIMATFIT
 70
3
  9
$DIMFRAC
 70
0
  9
$DIMLDRBLK
  1

  9
$DIMLUNIT
 70
2
  9
$DIMLWD
 70
-2
  9
$DIMLWE
 70
-2
  9
$DIMTMOVE
 70
0
  9
$DIMFXL
 40
1.0
  9
$DIMFXLON
 70
0
  9
$DIMJOGANG
 40
0.785398163397
  9
$DIMTFILL
 70
0
  9
$DIMTFILLCLR
 70
0
  9
$DIMARCSYM
 70
0
  9
$DIMLTYPE
  6

  9
$DIMLTEX1
  6

  9
$DIMLTEX2
  6

  9
$DIMTXTDIRECTION
 70
0
  9
$LUNITS
 70
2
  9
$LUPREC
 70
4
  9
$SKETCHINC
 40
1.0
  9
$FILLETRAD
 40
10.0
  9
$AUNITS
 70
0
  9
$AUPREC
 70
2
  9
$MENU
  1
.
  9
$ELEVATION
 40
0.0
  9
$PELEVATION
 40
0.0
  9
$THICKNESS
 40
0.0
  9
$LIMCHECK
 70
0
  9
$CHAMFERA
 40
0.0
  9
$CHAMFERB
 40
0.0
  9
$CHAMFERC
 40
0.0
  9
$CHAMFERD
 40
0.0
  9
$SKPOLY
 70
0
  9
$TDCREATE
 40
2451545.0
  9
$TDUCREATE
 40
2451545.0
  9
$TDUPDATE
 40
2461289.9334375
  9
$TDUUPDATE
 40
2451545.0
  9
$TDINDWG
 40
0.0
  9
$TDUSRTIMER
 40
0.0
  9
$USRTIMER
 70
1
  9
$ANGBASE
 50
0.0
  9
$ANGDIR
 70
0
  9
$PDMODE
 70
0
  9
$PDSIZE
 40
0.0
  9
$PLINEWID
 40
0.0
  9
$SPLFRAME
 70
0
  9
$SPLINETYPE
 70
6
  9
$SPLINESEGS
 70
8
  9
$HANDSEED
  5
14C
  9
$SURFTAB1
 70
6
  9
$SURFTAB2
 70
6
  9
$SURFTYPE
 70
6
  9
$SURFU
 70
6
  9
$SURFV
 70
6
  9
$UCSBASE
  2

  9
$UCSNAME
  2

  9
$UCSORG
 10
0.0
 20
0.0
 30
0.0
  9
$UCSXDIR
 10
1.0
 20
0.0
 30
0.0
  9
$UCSYDIR
 10
0.0
 20
1.0
 30
0.0
  9
$UCSORTHOREF
  2

  9
$UCSORTHOVIEW
 70
0
  9
$UCSORGTOP
 10
0.0
 20
0.0
 30
0.0
  9
$UCSORGBOTTOM
 10
0.0
 20
0.0
 30
0.0
  9
$UCSORGLEFT
 10
0.0
 20
0.0
 30
0.0
  9
$UCSORGRIGHT
 10
0.0
 20
0.0
 30
0.0
  9
$UCSORGFRONT
 10
0.0
 20
0.0
 30
0.0
  9
$UCSORGBACK
 10
0.0
 20
0.0
 30
0.0
  9
$PUCSBASE
  2

  9
$PUCSNAME
  2

  9
$PUCSORG
 10
0.0
 20
0.0
 30
0.0
  9
$PUCSXDIR
 10
1.0
 20
0.0
 30
0.0
  9
$PUCSYDIR
 10
0.0
 20
1.0
 30
0.0
  9
$PUCSORTHOREF
  2

  9
$PUCSORTHOVIEW
 70
0
  9
$PUCSORGTOP
 10
0.0
 20
0.0
 30
0.0
  9
$PUCSORGBOTTOM
 10
0.0
 20
0.0
 30
0.0
  9
$PUCSORGLEFT
 10
0.0
 20
0.0
 30
0.0
  9
$PUCSORGRIGHT
 10
0.0
 20
0.0
 30
0.0
  9
$PUCSORGFRONT
 10
0.0
 20
0.0
 30
0.0
  9
$PUCSORGBACK
 10
0.0
 20
0.0
 30
0.0
  9
$USERI1
 70
0
  9
$USERI2
 70
0
  9
$USERI3
 70
0
  9
$USERI4
 70
0
  9
$USERI5
 70
0
  9
$USERR1
 40
0.0
  9
$USERR2
 40
0.0
  9
$USERR3
 40
0.0
  9
$USERR4
 40
0.0
  9
$USERR5
 40
0.0
  9
$WORLDVIEW
 70
1
  9
$SHADEDGE
 70
3
  9
$SHADEDIF
 70
70
  9
$TILEMODE
 70
1
  9
$MAXACTVP
 70
64
  9
$PINSBASE
 10
0.0
 20
0.0
 30
0.0
  9
$PLIMCHECK
 70
0
  9
$PEXTMIN
 10
1e+20
 20
1e+20
 30
1e+20
  9
$PEXTMAX
 10
-1e+20
 20
-1e+20
 30
-1e+20
  9
$PLIMMIN
 10
0.0
 20
0.0
  9
$PLIMMAX
 10
420.0
 20
297.0
  9
$UNITMODE
 70
0
  9
$VISRETAIN
 70
1
  9
$PLINEGEN
 70
0
  9
$PSLTSCALE
 70
1
  9
$TREEDEPTH
 70
3020
  9
$CMLSTYLE
  2
Standard
  9
$CMLJUST
 70
0
  9
$CMLSCALE
 40
20.0
  9
$PROXYGRAPHICS
 70
1
  9
$MEASUREMENT
 70
1
  9
$CELWEIGHT
370
-1
  9
$ENDCAPS
280
0
  9
$JOINSTYLE
280
0
  9
$LWDISPLAY
290
0
  9
$INSUNITS
 70
4
  9
$HYPERLINKBASE
  1

  9
$STYLESHEET
  1

  9
$XEDIT
290
1
  9
$CEPSNTYPE
380
0
  9
$PSTYLEMODE
290
1
  9
$FINGERPRINTGUID
  2
{00000000-0000-0000-0000-000000000000}
  9
$VERSIONGUID
  2
{E98E0DD6-12CA-4F63-868E-D19AFC0177E1}
  9
$EXTNAMES
290
1
  9
$PSVPSCALE
 40
0.0
  9
$OLESTARTUP
290
0
  9
$SORTENTS
280
127
  9
$INDEXCTL
280
0
  9
$HIDETEXT
280
1
  9
$XCLIPFRAME
280
1
  9
$HALOGAP
280
0
  9
$OBSCOLOR
 70
257
  9
$OBSLTYPE
280
0
  9
$INTERSECTIONDISPLAY
280
0
  9
$INTERSECTIONCOLOR
 70
257
  9
$DIMASSOC
280
2
  9
$PROJECTNAME
  1

  9
$CAMERADISPLAY
290
0
  9
$LENSLENGTH
 40
50.0
  9
$CAMERAHEIGHT
 40
0.0
  9
$STEPSPERSEC
 40
24.0
  9
$STEPSIZE
 40
100.0
  9
$3DDWFPREC
 40
2.0
  9
$PSOLWIDTH
 40
0.005
  9
$PSOLHEIGHT
 40
0.08
  9
$LOFTANG1
 40
1.570796326795
  9
$LOFTANG2
 40
1.570796326795
  9
$LOFTMAG1
 40
0.0
  9
$LOFTMAG2
 40
0.0
  9
$LOFTPARAM
 70
7
  9
$LOFTNORMALS
280
1
  9
$LATITUDE
 40
37.795
  9
$LONGITUDE
 40
-122.394
  9
$NORTHDIRECTION
 40
0.0
  9
$TIMEZONE
 70
-8000
  9
$LIGHTGLYPHDISPLAY
280
1
  9
$TILEMODELIGHTSYNCH
280
1
  9
$CMATERIAL
347
20
  9
$SOLIDHIST
280
0
  9
$SHOWHIST
280
1
  9
$DWFFRAME
280
2
  9
$DGNFRAME
280
2
  9
$REALWORLDSCALE
290
1
  9
$INTERFERECOLOR
 62
256
  9
$CSHADOW
280
0
  9
$SHADOWPLANELOCATION
 40
0.0
  0
ENDSEC
  0
SECTION
  2
CLASSES
  0
CLASS
  1
ACDBDICTIONARYWDFLT
  2
AcDbDictionaryWithDefault
  3
ObjectDBX Classes
 90
0
 91
0
280
0
281
0
  0
CLASS
  1
SUN
  2
AcDbSun
  3
SCENEOE
 90
1153
 91
0
280
0
281
0
  0
CLASS
  1
VISUALSTYLE
  2
AcDbVisualStyle
  3
ObjectDBX Classes
 90
4095
 91
0
280
0
281
0
  0
CLASS
  1
MATERIAL
  2
AcDbMaterial
  3
ObjectDBX Classes
 90
1153
 91
0
280
0
281
0
  0
CLASS
  1
SCALE
  2
AcDbScale
  3
ObjectDBX Classes
 90
1153
 91
0
280
0
281
0
  0
CLASS
  1
TABLESTYLE
  2
AcDbTableStyle
  3
ObjectDBX Classes
 90
4095
 91
0
280
0
281
0
  0
CLASS
  1
MLEADERSTYLE
  2
AcDbMLeaderStyle
  3
ACDB_MLEADERSTYLE_CLASS
 90
4095
 91
0
280
0
281
0
  0
CLASS
  1
DICTIONARYVAR
  2
AcDbDictionaryVar
  3
ObjectDBX Classes
 90
0
 91
0
280
0
281
0
  0
CLASS
  1
CELLSTYLEMAP
  2
AcDbCellStyleMap
  3
ObjectDBX Classes
 90
1152
 91
0
280
0
281
0
  0
CLASS
  1
MENTALRAYRENDERSETTINGS
  2
AcDbMentalRayRenderSettings
  3
SCENEOE
 90
1024
 91
0
280
0
281
0
  0
CLASS
  1
ACDBDETAILVIEWSTYLE
  2
AcDbDetailViewStyle
  3
ObjectDBX Classes
 90
1025
 91
0
280
0
281
0
  0
CLASS
  1
ACDBSECTIONVIEWSTYLE
  2
AcDbSectionViewStyle
  3
ObjectDBX Classes
 90
1025
 91
0
280
0
281
0
  0
CLASS
  1
RASTERVARIABLES
  2
AcDbRasterVariables
  3
ISM
 90
0
 91
0
280
0
281
0
  0
CLASS
  1
ACDBPLACEHOLDER
  2
AcDbPlaceHolder
  3
ObjectDBX Classes
 90
0
 91
0
280
0
281
0
  0
CLASS
  1
LAYOUT
  2
AcDbLayout
  3
ObjectDBX Classes
 90
0
 91
0
280
0
281
0
  0
ENDSEC
  0
SECTION
  2
TABLES
  0
TABLE
  2
VPORT
  5
8
330
0
100
AcDbSymbolTable
 70
1
  0
VPORT
  5
23
330
8
100
AcDbSymbolTableRecord
100
AcDbViewportTableRecord
  2
*Active
 70
0
 10
0.0
 20
0.0
 11
1.0
 21
1.0
 12
0.0
 22
0.0
 13
0.0
 23
0.0
 14
0.5
 24
0.5
 15
0.5
 25
0.5
 16
0.0
 26
0.0
 36
1.0
 17
0.0
 27
0.0
 37
0.0
 40
1000.0
 41
1.34
 42
50.0
 43
0.0
 44
0.0
 50
0.0
 51
0.0
 71
0
 72
1000
 73
1
 74
3
 75
0
 76
0
 77
0
 78
0
281
0
 65
0
146
0.0
  0
ENDTAB
  0
TABLE
  2
LTYPE
  5
2
330
0
100
AcDbSymbolTable
 70
3
  0
LTYPE
  5
24
330
2
100
AcDbSymbolTableRecord
100
AcDbLinetypeTableRecord
  2
ByBlock
 70
0
  3

 72
65
 73
0
 40
0.0
  0
LTYPE
  5
25
330
2
100
AcDbSymbolTableRecord
100
AcDbLinetypeTableRecord
  2
ByLayer
 70
0
  3

 72
65
 73
0
 40
0.0
  0
LTYPE
  5
26
330
2
100
AcDbSymbolTableRecord
100
AcDbLinetypeTableRecord
  2
Continuous
 70
0
  3

 72
65
 73
0
 40
0.0
  0
ENDTAB
  0
TABLE
  2
LAYER
  5
1
330
0
100
AcDbSymbolTable
 70
5
  0
LAYER
  5
27
330
1
100
AcDbSymbolTableRecord
100
AcDbLayerTableRecord
  2
0
 70
0
 62
7
  6
Continuous
370
-3
390
13
347
21
  0
LAYER
  5
28
330
1
100
AcDbSymbolTableRecord
100
AcDbLayerTableRecord
  2
Defpoints
 70
0
 62
7
  6
Continuous
290
0
370
-3
390
13
347
21
  0
LAYER
  5
2F
330
1
100
AcDbSymbolTableRecord
100
AcDbLayerTableRecord
  2
REFERENCE_GEOMETRY
 70
0
 62
7
  6
Continuous
370
-3
390
13
347
21
  0
LAYER
  5
30
330
1
100
AcDbSymbolTableRecord
100
AcDbLayerTableRecord
  2
REFERENCE_DIMENSIONS
 70
0
 62
2
  6
Continuous
370
-3
390
13
347
21
  0
LAYER
  5
31
330
1
100
AcDbSymbolTableRecord
100
AcDbLayerTableRecord
  2
REFERENCE_NOTES
 70
0
 62
3
  6
Continuous
370
-3
390
13
347
21
  0
ENDTAB
  0
TABLE
  2
STYLE
  5
5
330
0
100
AcDbSymbolTable
 70
1
  0
STYLE
  5
29
330
5
100
AcDbSymbolTableRecord
100
AcDbTextStyleTableRecord
  2
Standard
 70
0
 40
0.0
 41
1.0
 50
0.0
 71
0
 42
2.5
  3
txt
  4

  0
ENDTAB
  0
TABLE
  2
VIEW
  5
7
330
0
100
AcDbSymbolTable
 70
0
  0
ENDTAB
  0
TABLE
  2
UCS
  5
6
330
0
100
AcDbSymbolTable
 70
0
  0
ENDTAB
  0
TABLE
  2
APPID
  5
3
330
0
100
AcDbSymbolTable
 70
3
  0
APPID
  5
2A
330
3
100
AcDbSymbolTableRecord
100
AcDbRegAppTableRecord
  2
ACAD
 70
0
  0
APPID
  5
149
330
3
100
AcDbSymbolTableRecord
100
AcDbRegAppTableRecord
  2
HATCHBACKGROUNDCOLOR
 70
0
  0
APPID
  5
14A
330
3
100
AcDbSymbolTableRecord
100
AcDbRegAppTableRecord
  2
EZDXF
 70
0
  0
ENDTAB
  0
TABLE
  2
DIMSTYLE
  5
4
330
0
100
AcDbSymbolTable
 70
1
100
AcDbDimStyleTable
  0
DIMSTYLE
105
2B
330
4
100
AcDbSymbolTableRecord
100
AcDbDimStyleTableRecord
  2
Standard
 70
0
 40
1.0
 41
2.5
 42
0.625
 43
3.75
 44
1.25
 45
0.0
 46
0.0
 47
0.0
 48
0.0
 49
2.5
140
2.5
141
2.5
142
0.0
143
0.03937007874
144
1.0
145
0.0
146
1.0
147
0.625
148
0.0
 69
0
 70
0
 71
0
 72
0
 73
0
 74
0
 75
0
 76
0
 77
1
 78
8
 79
3
170
0
171
3
172
1
173
0
174
0
175
0
176
0
177
0
178
0
179
2
271
2
272
2
273
2
274
3
275
0
276
0
277
2
278
44
279
0
280
0
281
0
282
0
283
0
284
8
285
0
286
0
288
0
289
3
290
0
371
-2
372
-2
  0
ENDTAB
  0
TABLE
  2
BLOCK_RECORD
  5
9
330
0
100
AcDbSymbolTable
 70
15
  0
BLOCK_RECORD
  5
17
330
9
100
AcDbSymbolTableRecord
100
AcDbBlockTableRecord
  2
*Model_Space
340
1A
 70
0
280
1
281
0
  0
BLOCK_RECORD
  5
1B
330
9
100
AcDbSymbolTableRecord
100
AcDbBlockTableRecord
  2
*Paper_Space
340
1E
 70
0
280
1
281
0
  0
BLOCK_RECORD
  5
3A
330
9
100
AcDbSymbolTableRecord
100
AcDbBlockTableRecord
  2
*D1
340
0
 70
0
280
1
281
0
  0
BLOCK_RECORD
  5
3F
330
9
100
AcDbSymbolTableRecord
100
AcDbBlockTableRecord
  2
_CLOSEDFILLED
340
0
 70
0
280
1
281
0
  0
BLOCK_RECORD
  5
4E
330
9
100
AcDbSymbolTableRecord
100
AcDbBlockTableRecord
  2
*D2
340
0
 70
0
280
1
281
0
  0
BLOCK_RECORD
  5
74
330
9
100
AcDbSymbolTableRecord
100
AcDbBlockTableRecord
  2
*D3
340
0
 70
0
280
1
281
0
  0
BLOCK_RECORD
  5
84
330
9
100
AcDbSymbolTableRecord
100
AcDbBlockTableRecord
  2
*D4
340
0
 70
0
280
1
281
0
  0
BLOCK_RECORD
  5
A1
330
9
100
AcDbSymbolTableRecord
100
AcDbBlockTableRecord
  2
*D5
340
0
 70
0
280
1
281
0
  0
BLOCK_RECORD
  5
B1
330
9
100
AcDbSymbolTableRecord
100
AcDbBlockTableRecord
  2
*D6
340
0
 70
0
280
1
281
0
  0
BLOCK_RECORD
  5
CC
330
9
100
AcDbSymbolTableRecord
100
AcDbBlockTableRecord
  2
*D7
340
0
 70
0
280
1
281
0
  0
BLOCK_RECORD
  5
DC
330
9
100
AcDbSymbolTableRecord
100
AcDbBlockTableRecord
  2
*D8
340
0
 70
0
280
1
281
0
  0
BLOCK_RECORD
  5
F6
330
9
100
AcDbSymbolTableRecord
100
AcDbBlockTableRecord
  2
*D9
340
0
 70
0
280
1
281
0
  0
BLOCK_RECORD
  5
106
330
9
100
AcDbSymbolTableRecord
100
AcDbBlockTableRecord
  2
*D10
340
0
 70
0
280
1
281
0
  0
BLOCK_RECORD
  5
123
330
9
100
AcDbSymbolTableRecord
100
AcDbBlockTableRecord
  2
*D11
340
0
 70
0
280
1
281
0
  0
BLOCK_RECORD
  5
133
330
9
100
AcDbSymbolTableRecord
100
AcDbBlockTableRecord
  2
*D12
340
0
 70
0
280
1
281
0
  0
ENDTAB
  0
ENDSEC
  0
SECTION
  2
BLOCKS
  0
BLOCK
  5
18
330
17
100
AcDbEntity
  8
0
100
AcDbBlockBegin
  2
*Model_Space
 70
0
 10
0.0
 20
0.0
 30
0.0
  3
*Model_Space
  1

  0
ENDBLK
  5
19
330
17
100
AcDbEntity
  8
0
100
AcDbBlockEnd
  0
BLOCK
  5
1C
330
1B
100
AcDbEntity
  8
0
100
AcDbBlockBegin
  2
*Paper_Space
 70
0
 10
0.0
 20
0.0
 30
0.0
  3
*Paper_Space
  1

  0
ENDBLK
  5
1D
330
1B
100
AcDbEntity
  8
0
100
AcDbBlockEnd
  0
BLOCK
  5
3B
330
3A
100
AcDbEntity
  8
0
100
AcDbBlockBegin
  2
*D1
 70
1
 10
0.0
 20
0.0
 30
0.0
  3
*D1
  1

  0
LINE
  5
3D
330
3A
100
AcDbEntity
  8
0
100
AcDbLine
 10
0.0
 20
0.0
 30
0.0
 11
0.0
 21
-20.0
 31
0.0
  0
LINE
  5
3E
330
3A
100
AcDbEntity
  8
0
100
AcDbLine
 10
344.0
 20
0.0
 30
0.0
 11
344.0
 21
-20.0
 31
0.0
  0
INSERT
  5
43
330
3A
100
AcDbEntity
  8
REFERENCE_DIMENSIONS
100
AcDbBlockReference
  2
_CLOSEDFILLED
 10
0.0
 20
-20.0
 30
0.0
 41
2.0
 42
2.0
 50
180.0
  0
INSERT
  5
45
330
3A
100
AcDbEntity
  8
REFERENCE_DIMENSIONS
100
AcDbBlockReference
  2
_CLOSEDFILLED
 10
344.0
 20
-20.0
 30
0.0
 41
2.0
 42
2.0
  0
LINE
  5
47
330
3A
100
AcDbEntity
  8
0
100
AcDbLine
 10
2.0
 20
-20.0
 30
0.0
 11
167.5
 21
-20.0
 31
0.0
  0
LINE
  5
48
330
3A
100
AcDbEntity
  8
0
100
AcDbLine
 10
176.49999999999997
 20
-20.0
 30
0.0
 11
342.0
 21
-20.0
 31
0.0
  0
MTEXT
  5
49
330
3A
100
AcDbEntity
  8
REFERENCE_DIMENSIONS
100
AcDbMText
 10
172.0
 20
-20.0
 30
0.0
 40
3.0
 71
5
  1
344
  0
POINT
  5
4A
330
3A
100
AcDbEntity
  8
Defpoints
100
AcDbPoint
 10
0.0
 20
-20.0
 30
0.0
  0
POINT
  5
4B
330
3A
100
AcDbEntity
  8
Defpoints
100
AcDbPoint
 10
0.0
 20
0.0
 30
0.0
  0
POINT
  5
4C
330
3A
100
AcDbEntity
  8
Defpoints
100
AcDbPoint
 10
344.0
 20
0.0
 30
0.0
  0
ENDBLK
  5
3C
330
3A
100
AcDbEntity
  8
0
100
AcDbBlockEnd
  0
BLOCK
  5
40
330
3F
100
AcDbEntity
  8
0
100
AcDbBlockBegin
  2
_CLOSEDFILLED
 70
0
 10
0.0
 20
0.0
 30
0.0
  3
_CLOSEDFILLED
  1

  0
SOLID
  5
42
330
3F
100
AcDbEntity
  8
0
  6
BYBLOCK
 62
0
100
AcDbTrace
 10
-1.0
 20
0.16439898372402537
 30
0.0
 11
0.0
 21
0.0
 31
0.0
 12
-1.0
 22
-0.16439898372402537
 32
0.0
 13
-1.0
 23
-0.16439898372402537
 33
0.0
  0
ENDBLK
  5
41
330
3F
100
AcDbEntity
  8
0
100
AcDbBlockEnd
  0
BLOCK
  5
4F
330
4E
100
AcDbEntity
  8
0
100
AcDbBlockBegin
  2
*D2
 70
1
 10
0.0
 20
0.0
 30
0.0
  3
*D2
  1

  0
LINE
  5
51
330
4E
100
AcDbEntity
  8
0
100
AcDbLine
 10
344.0
 20
0.0
 30
0.0
 11
364.0
 21
0.0
 31
0.0
  0
LINE
  5
52
330
4E
100
AcDbEntity
  8
0
100
AcDbLine
 10
344.0
 20
196.3
 30
0.0
 11
364.0
 21
196.3
 31
0.0
  0
INSERT
  5
53
330
4E
100
AcDbEntity
  8
REFERENCE_DIMENSIONS
100
AcDbBlockReference
  2
_CLOSEDFILLED
 10
364.0
 20
0.0
 30
0.0
 41
2.0
 42
2.0
 50
270.0
  0
INSERT
  5
55
330
4E
100
AcDbEntity
  8
REFERENCE_DIMENSIONS
100
AcDbBlockReference
  2
_CLOSEDFILLED
 10
364.0
 20
196.3
 30
0.0
 41
2.0
 42
2.0
 50
90.0
  0
LINE
  5
57
330
4E
100
AcDbEntity
  8
0
100
AcDbLine
 10
364.0
 20
2.0
 30
0.0
 11
364.0
 21
90.65
 31
0.0
  0
LINE
  5
58
330
4E
100
AcDbEntity
  8
0
100
AcDbLine
 10
364.0
 20
105.65
 30
0.0
 11
364.0
 21
194.3
 31
0.0
  0
MTEXT
  5
59
330
4E
100
AcDbEntity
  8
REFERENCE_DIMENSIONS
100
AcDbMText
 10
364.0
 20
98.15
 30
0.0
 40
3.0
 71
5
  1
196,3
 50
90.0
  0
POINT
  5
5A
330
4E
100
AcDbEntity
  8
Defpoints
100
AcDbPoint
 10
364.0
 20
0.0
 30
0.0
  0
POINT
  5
5B
330
4E
100
AcDbEntity
  8
Defpoints
100
AcDbPoint
 10
344.0
 20
0.0
 30
0.0
  0
POINT
  5
5C
330
4E
100
AcDbEntity
  8
Defpoints
100
AcDbPoint
 10
344.0
 20
196.3
 30
0.0
  0
ENDBLK
  5
50
330
4E
100
AcDbEntity
  8
0
100
AcDbBlockEnd
  0
BLOCK
  5
75
330
74
100
AcDbEntity
  8
0
100
AcDbBlockBegin
  2
*D3
 70
1
 10
0.0
 20
0.0
 30
0.0
  3
*D3
  1

  0
LINE
  5
77
330
74
100
AcDbEntity
  8
0
100
AcDbLine
 10
480.0
 20
0.0
 30
0.0
 11
480.0
 21
-20.0
 31
0.0
  0
LINE
  5
78
330
74
100
AcDbEntity
  8
0
100
AcDbLine
 10
824.0
 20
0.0
 30
0.0
 11
824.0
 21
-20.0
 31
0.0
  0
INSERT
  5
79
330
74
100
AcDbEntity
  8
REFERENCE_DIMENSIONS
100
AcDbBlockReference
  2
_CLOSEDFILLED
 10
480.0
 20
-20.0
 30
0.0
 41
2.0
 42
2.0
 50
180.0
  0
INSERT
  5
7B
330
74
100
AcDbEntity
  8
REFERENCE_DIMENSIONS
100
AcDbBlockReference
  2
_CLOSEDFILLED
 10
824.0
 20
-20.0
 30
0.0
 41
2.0
 42
2.0
  0
LINE
  5
7D
330
74
100
AcDbEntity
  8
0
100
AcDbLine
 10
482.0
 20
-20.0
 30
0.0
 11
647.5
 21
-20.0
 31
0.0
  0
LINE
  5
7E
330
74
100
AcDbEntity
  8
0
100
AcDbLine
 10
656.5
 20
-20.0
 30
0.0
 11
822.0
 21
-20.0
 31
0.0
  0
MTEXT
  5
7F
330
74
100
AcDbEntity
  8
REFERENCE_DIMENSIONS
100
AcDbMText
 10
652.0
 20
-20.0
 30
0.0
 40
3.0
 71
5
  1
344
  0
POINT
  5
80
330
74
100
AcDbEntity
  8
Defpoints
100
AcDbPoint
 10
480.0
 20
-20.0
 30
0.0
  0
POINT
  5
81
330
74
100
AcDbEntity
  8
Defpoints
100
AcDbPoint
 10
480.0
 20
0.0
 30
0.0
  0
POINT
  5
82
330
74
100
AcDbEntity
  8
Defpoints
100
AcDbPoint
 10
824.0
 20
0.0
 30
0.0
  0
ENDBLK
  5
76
330
74
100
AcDbEntity
  8
0
100
AcDbBlockEnd
  0
BLOCK
  5
85
330
84
100
AcDbEntity
  8
0
100
AcDbBlockBegin
  2
*D4
 70
1
 10
0.0
 20
0.0
 30
0.0
  3
*D4
  1

  0
LINE
  5
87
330
84
100
AcDbEntity
  8
0
100
AcDbLine
 10
824.0
 20
0.0
 30
0.0
 11
844.0
 21
0.0
 31
0.0
  0
LINE
  5
88
330
84
100
AcDbEntity
  8
0
100
AcDbLine
 10
824.0
 20
202.3
 30
0.0
 11
844.0
 21
202.3
 31
0.0
  0
INSERT
  5
89
330
84
100
AcDbEntity
  8
REFERENCE_DIMENSIONS
100
AcDbBlockReference
  2
_CLOSEDFILLED
 10
844.0
 20
0.0
 30
0.0
 41
2.0
 42
2.0
 50
270.0
  0
INSERT
  5
8B
330
84
100
AcDbEntity
  8
REFERENCE_DIMENSIONS
100
AcDbBlockReference
  2
_CLOSEDFILLED
 10
844.0
 20
202.3
 30
0.0
 41
2.0
 42
2.0
 50
90.0
  0
LINE
  5
8D
330
84
100
AcDbEntity
  8
0
100
AcDbLine
 10
844.0
 20
2.0
 30
0.0
 11
844.0
 21
93.65
 31
0.0
  0
LINE
  5
8E
330
84
100
AcDbEntity
  8
0
100
AcDbLine
 10
844.0
 20
108.65000000000002
 30
0.0
 11
844.0
 21
200.3
 31
0.0
  0
MTEXT
  5
8F
330
84
100
AcDbEntity
  8
REFERENCE_DIMENSIONS
100
AcDbMText
 10
844.0
 20
101.15
 30
0.0
 40
3.0
 71
5
  1
202,3
 50
90.0
  0
POINT
  5
90
330
84
100
AcDbEntity
  8
Defpoints
100
AcDbPoint
 10
844.0
 20
0.0
 30
0.0
  0
POINT
  5
91
330
84
100
AcDbEntity
  8
Defpoints
100
AcDbPoint
 10
824.0
 20
0.0
 30
0.0
  0
POINT
  5
92
330
84
100
AcDbEntity
  8
Defpoints
100
AcDbPoint
 10
824.0
 20
202.3
 30
0.0
  0
ENDBLK
  5
86
330
84
100
AcDbEntity
  8
0
100
AcDbBlockEnd
  0
BLOCK
  5
A2
330
A1
100
AcDbEntity
  8
0
100
AcDbBlockBegin
  2
*D5
 70
1
 10
0.0
 20
0.0
 30
0.0
  3
*D5
  1

  0
LINE
  5
A4
330
A1
100
AcDbEntity
  8
0
100
AcDbLine
 10
960.0000000000001
 20
0.0
 30
0.0
 11
960.0000000000001
 21
-20.0
 31
0.0
  0
LINE
  5
A5
330
A1
100
AcDbEntity
  8
0
100
AcDbLine
 10
1186.3000000000002
 20
0.0
 30
0.0
 11
1186.3000000000002
 21
-20.0
 31
0.0
  0
INSERT
  5
A6
330
A1
100
AcDbEntity
  8
REFERENCE_DIMENSIONS
100
AcDbBlockReference
  2
_CLOSEDFILLED
 10
960.0000000000001
 20
-20.0
 30
0.0
 41
2.0
 42
2.0
 50
180.0
  0
INSERT
  5
A8
330
A1
100
AcDbEntity
  8
REFERENCE_DIMENSIONS
100
AcDbBlockReference
  2
_CLOSEDFILLED
 10
1186.3000000000002
 20
-20.0
 30
0.0
 41
2.0
 42
2.0
  0
LINE
  5
AA
330
A1
100
AcDbEntity
  8
0
100
AcDbLine
 10
962.0000000000001
 20
-20.0
 30
0.0
 11
1065.65
 21
-20.0
 31
0.0
  0
LINE
  5
AB
330
A1
100
AcDbEntity
  8
0
100
AcDbLine
 10
1080.65
 20
-20.0
 30
0.0
 11
1184.3000000000002
 21
-20.0
 31
0.0
  0
MTEXT
  5
AC
330
A1
100
AcDbEntity
  8
REFERENCE_DIMENSIONS
100
AcDbMText
 10
1073.15
 20
-20.0
 30
0.0
 40
3.0
 71
5
  1
226,3
  0
POINT
  5
AD
330
A1
100
AcDbEntity
  8
Defpoints
100
AcDbPoint
 10
960.0000000000001
 20
-20.0
 30
0.0
  0
POINT
  5
AE
330
A1
100
AcDbEntity
  8
Defpoints
100
AcDbPoint
 10
960.0000000000001
 20
0.0
 30
0.0
  0
POINT
  5
AF
330
A1
100
AcDbEntity
  8
Defpoints
100
AcDbPoint
 10
1186.3000000000002
 20
0.0
 30
0.0
  0
ENDBLK
  5
A3
330
A1
100
AcDbEntity
  8
0
100
AcDbBlockEnd
  0
BLOCK
  5
B2
330
B1
100
AcDbEntity
  8
0
100
AcDbBlockBegin
  2
*D6
 70
1
 10
0.0
 20
0.0
 30
0.0
  3
*D6
  1

  0
LINE
  5
B4
330
B1
100
AcDbEntity
  8
0
100
AcDbLine
 10
1186.3000000000002
 20
0.0
 30
0.0
 11
1206.3000000000002
 21
0.0
 31
0.0
  0
LINE
  5
B5
330
B1
100
AcDbEntity
  8
0
100
AcDbLine
 10
1186.3000000000002
 20
226.3
 30
0.0
 11
1206.3000000000002
 21
226.3
 31
0.0
  0
INSERT
  5
B6
330
B1
100
AcDbEntity
  8
REFERENCE_DIMENSIONS
100
AcDbBlockReference
  2
_CLOSEDFILLED
 10
1206.3000000000002
 20
0.0
 30
0.0
 41
2.0
 42
2.0
 50
270.0
  0
INSERT
  5
B8
330
B1
100
AcDbEntity
  8
REFERENCE_DIMENSIONS
100
AcDbBlockReference
  2
_CLOSEDFILLED
 10
1206.3000000000002
 20
226.3
 30
0.0
 41
2.0
 42
2.0
 50
90.0
  0
LINE
  5
BA
330
B1
100
AcDbEntity
  8
0
100
AcDbLine
 10
1206.3000000000002
 20
2.0
 30
0.0
 11
1206.3000000000002
 21
105.65
 31
0.0
  0
LINE
  5
BB
330
B1
100
AcDbEntity
  8
0
100
AcDbLine
 10
1206.3000000000002
 20
120.65
 30
0.0
 11
1206.3000000000002
 21
224.3
 31
0.0
  0
MTEXT
  5
BC
330
B1
100
AcDbEntity
  8
REFERENCE_DIMENSIONS
100
AcDbMText
 10
1206.3000000000002
 20
113.15
 30
0.0
 40
3.0
 71
5
  1
226,3
 50
90.0
  0
POINT
  5
BD
330
B1
100
AcDbEntity
  8
Defpoints
100
AcDbPoint
 10
1206.3000000000002
 20
0.0
 30
0.0
  0
POINT
  5
BE
330
B1
100
AcDbEntity
  8
Defpoints
100
AcDbPoint
 10
1186.3000000000002
 20
0.0
 30
0.0
  0
POINT
  5
BF
330
B1
100
AcDbEntity
  8
Defpoints
100
AcDbPoint
 10
1186.3000000000002
 20
226.3
 30
0.0
  0
ENDBLK
  5
B3
330
B1
100
AcDbEntity
  8
0
100
AcDbBlockEnd
  0
BLOCK
  5
CD
330
CC
100
AcDbEntity
  8
0
100
AcDbBlockBegin
  2
*D7
 70
1
 10
0.0
 20
0.0
 30
0.0
  3
*D7
  1

  0
LINE
  5
CF
330
CC
100
AcDbEntity
  8
0
100
AcDbLine
 10
0.0
 20
-530.0
 30
0.0
 11
0.0
 21
-550.0
 31
0.0
  0
LINE
  5
D0
330
CC
100
AcDbEntity
  8
0
100
AcDbLine
 10
22.0
 20
-530.0
 30
0.0
 11
22.0
 21
-550.0
 31
0.0
  0
INSERT
  5
D1
330
CC
100
AcDbEntity
  8
REFERENCE_DIMENSIONS
100
AcDbBlockReference
  2
_CLOSEDFILLED
 10
0.0
 20
-550.0
 30
0.0
 41
2.0
 42
2.0
 50
180.0
  0
INSERT
  5
D3
330
CC
100
AcDbEntity
  8
REFERENCE_DIMENSIONS
100
AcDbBlockReference
  2
_CLOSEDFILLED
 10
22.0
 20
-550.0
 30
0.0
 41
2.0
 42
2.0
  0
LINE
  5
D5
330
CC
100
AcDbEntity
  8
0
100
AcDbLine
 10
2.0
 20
-550.0
 30
0.0
 11
8.0
 21
-550.0
 31
0.0
  0
LINE
  5
D6
330
CC
100
AcDbEntity
  8
0
100
AcDbLine
 10
14.0
 20
-550.0
 30
0.0
 11
20.0
 21
-550.0
 31
0.0
  0
MTEXT
  5
D7
330
CC
100
AcDbEntity
  8
REFERENCE_DIMENSIONS
100
AcDbMText
 10
11.0
 20
-550.0
 30
0.0
 40
3.0
 71
5
  1
22
  0
POINT
  5
D8
330
CC
100
AcDbEntity
  8
Defpoints
100
AcDbPoint
 10
0.0
 20
-550.0
 30
0.0
  0
POINT
  5
D9
330
CC
100
AcDbEntity
  8
Defpoints
100
AcDbPoint
 10
0.0
 20
-530.0
 30
0.0
  0
POINT
  5
DA
330
CC
100
AcDbEntity
  8
Defpoints
100
AcDbPoint
 10
22.0
 20
-530.0
 30
0.0
  0
ENDBLK
  5
CE
330
CC
100
AcDbEntity
  8
0
100
AcDbBlockEnd
  0
BLOCK
  5
DD
330
DC
100
AcDbEntity
  8
0
100
AcDbBlockBegin
  2
*D8
 70
1
 10
0.0
 20
0.0
 30
0.0
  3
*D8
  1

  0
LINE
  5
DF
330
DC
100
AcDbEntity
  8
0
100
AcDbLine
 10
22.0
 20
-530.0
 30
0.0
 11
42.0
 21
-530.0
 31
0.0
  0
LINE
  5
E0
330
DC
100
AcDbEntity
  8
0
100
AcDbLine
 10
22.0
 20
-327.70000000000005
 30
0.0
 11
42.0
 21
-327.70000000000005
 31
0.0
  0
INSERT
  5
E1
330
DC
100
AcDbEntity
  8
REFERENCE_DIMENSIONS
100
AcDbBlockReference
  2
_CLOSEDFILLED
 10
42.0
 20
-530.0
 30
0.0
 41
2.0
 42
2.0
 50
270.0
  0
INSERT
  5
E3
330
DC
100
AcDbEntity
  8
REFERENCE_DIMENSIONS
100
AcDbBlockReference
  2
_CLOSEDFILLED
 10
42.0
 20
-327.70000000000005
 30
0.0
 41
2.0
 42
2.0
 50
90.0
  0
LINE
  5
E5
330
DC
100
AcDbEntity
  8
0
100
AcDbLine
 10
42.0
 20
-528.0
 30
0.0
 11
42.0
 21
-436.35
 31
0.0
  0
LINE
  5
E6
330
DC
100
AcDbEntity
  8
0
100
AcDbLine
 10
42.0
 20
-421.35
 30
0.0
 11
42.0
 21
-329.70000000000005
 31
0.0
  0
MTEXT
  5
E7
330
DC
100
AcDbEntity
  8
REFERENCE_DIMENSIONS
100
AcDbMText
 10
42.0
 20
-428.85
 30
0.0
 40
3.0
 71
5
  1
202,3
 50
90.0
  0
POINT
  5
E8
330
DC
100
AcDbEntity
  8
Defpoints
100
AcDbPoint
 10
42.0
 20
-530.0
 30
0.0
  0
POINT
  5
E9
330
DC
100
AcDbEntity
  8
Defpoints
100
AcDbPoint
 10
22.0
 20
-530.0
 30
0.0
  0
POINT
  5
EA
330
DC
100
AcDbEntity
  8
Defpoints
100
AcDbPoint
 10
22.0
 20
-327.70000000000005
 30
0.0
  0
ENDBLK
  5
DE
330
DC
100
AcDbEntity
  8
0
100
AcDbBlockEnd
  0
BLOCK
  5
F7
330
F6
100
AcDbEntity
  8
0
100
AcDbBlockBegin
  2
*D9
 70
1
 10
0.0
 20
0.0
 30
0.0
  3
*D9
  1

  0
LINE
  5
F9
330
F6
100
AcDbEntity
  8
0
100
AcDbLine
 10
480.0
 20
-530.0
 30
0.0
 11
480.0
 21
-550.0
 31
0.0
  0
LINE
  5
FA
330
F6
100
AcDbEntity
  8
0
100
AcDbLine
 10
506.0
 20
-530.0
 30
0.0
 11
506.0
 21
-550.0
 31
0.0
  0
INSERT
  5
FB
330
F6
100
AcDbEntity
  8
REFERENCE_DIMENSIONS
100
AcDbBlockReference
  2
_CLOSEDFILLED
 10
480.0
 20
-550.0
 30
0.0
 41
2.0
 42
2.0
 50
180.0
  0
INSERT
  5
FD
330
F6
100
AcDbEntity
  8
REFERENCE_DIMENSIONS
100
AcDbBlockReference
  2
_CLOSEDFILLED
 10
506.0
 20
-550.0
 30
0.0
 41
2.0
 42
2.0
  0
LINE
  5
FF
330
F6
100
AcDbEntity
  8
0
100
AcDbLine
 10
482.0
 20
-550.0
 30
0.0
 11
490.0
 21
-550.0
 31
0.0
  0
LINE
  5
100
330
F6
100
AcDbEntity
  8
0
100
AcDbLine
 10
496.0
 20
-550.0
 30
0.0
 11
504.0
 21
-550.0
 31
0.0
  0
MTEXT
  5
101
330
F6
100
AcDbEntity
  8
REFERENCE_DIMENSIONS
100
AcDbMText
 10
493.0
 20
-550.0
 30
0.0
 40
3.0
 71
5
  1
26
  0
POINT
  5
102
330
F6
100
AcDbEntity
  8
Defpoints
100
AcDbPoint
 10
480.0
 20
-550.0
 30
0.0
  0
POINT
  5
103
330
F6
100
AcDbEntity
  8
Defpoints
100
AcDbPoint
 10
480.0
 20
-530.0
 30
0.0
  0
POINT
  5
104
330
F6
100
AcDbEntity
  8
Defpoints
100
AcDbPoint
 10
506.0
 20
-530.0
 30
0.0
  0
ENDBLK
  5
F8
330
F6
100
AcDbEntity
  8
0
100
AcDbBlockEnd
  0
BLOCK
  5
107
330
106
100
AcDbEntity
  8
0
100
AcDbBlockBegin
  2
*D10
 70
1
 10
0.0
 20
0.0
 30
0.0
  3
*D10
  1

  0
LINE
  5
109
330
106
100
AcDbEntity
  8
0
100
AcDbLine
 10
506.0
 20
-530.0
 30
0.0
 11
526.0
 21
-530.0
 31
0.0
  0
LINE
  5
10A
330
106
100
AcDbEntity
  8
0
100
AcDbLine
 10
506.0
 20
-500.0
 30
0.0
 11
526.0
 21
-500.0
 31
0.0
  0
INSERT
  5
10B
330
106
100
AcDbEntity
  8
REFERENCE_DIMENSIONS
100
AcDbBlockReference
  2
_CLOSEDFILLED
 10
526.0
 20
-530.0
 30
0.0
 41
2.0
 42
2.0
 50
270.0
  0
INSERT
  5
10D
330
106
100
AcDbEntity
  8
REFERENCE_DIMENSIONS
100
AcDbBlockReference
  2
_CLOSEDFILLED
 10
526.0
 20
-500.0
 30
0.0
 41
2.0
 42
2.0
 50
90.0
  0
LINE
  5
10F
330
106
100
AcDbEntity
  8
0
100
AcDbLine
 10
526.0
 20
-528.0
 30
0.0
 11
526.0
 21
-518.0
 31
0.0
  0
LINE
  5
110
330
106
100
AcDbEntity
  8
0
100
AcDbLine
 10
526.0
 20
-512.0
 30
0.0
 11
526.0
 21
-502.0
 31
0.0
  0
MTEXT
  5
111
330
106
100
AcDbEntity
  8
REFERENCE_DIMENSIONS
100
AcDbMText
 10
526.0
 20
-515.0
 30
0.0
 40
3.0
 71
5
  1
30
 50
90.0
  0
POINT
  5
112
330
106
100
AcDbEntity
  8
Defpoints
100
AcDbPoint
 10
526.0
 20
-530.0
 30
0.0
  0
POINT
  5
113
330
106
100
AcDbEntity
  8
Defpoints
100
AcDbPoint
 10
506.0
 20
-530.0
 30
0.0
  0
POINT
  5
114
330
106
100
AcDbEntity
  8
Defpoints
100
AcDbPoint
 10
506.0
 20
-500.0
 30
0.0
  0
ENDBLK
  5
108
330
106
100
AcDbEntity
  8
0
100
AcDbBlockEnd
  0
BLOCK
  5
124
330
123
100
AcDbEntity
  8
0
100
AcDbBlockBegin
  2
*D11
 70
1
 10
0.0
 20
0.0
 30
0.0
  3
*D11
  1

  0
LINE
  5
126
330
123
100
AcDbEntity
  8
0
100
AcDbLine
 10
960.0
 20
-530.0
 30
0.0
 11
960.0
 21
-550.0
 31
0.0
  0
LINE
  5
127
330
123
100
AcDbEntity
  8
0
100
AcDbLine
 10
1070.0
 20
-530.0
 30
0.0
 11
1070.0
 21
-550.0
 31
0.0
  0
INSERT
  5
128
330
123
100
AcDbEntity
  8
REFERENCE_DIMENSIONS
100
AcDbBlockReference
  2
_CLOSEDFILLED
 10
960.0
 20
-550.0
 30
0.0
 41
2.0
 42
2.0
 50
180.0
  0
INSERT
  5
12A
330
123
100
AcDbEntity
  8
REFERENCE_DIMENSIONS
100
AcDbBlockReference
  2
_CLOSEDFILLED
 10
1070.0
 20
-550.0
 30
0.0
 41
2.0
 42
2.0
  0
LINE
  5
12C
330
123
100
AcDbEntity
  8
0
100
AcDbLine
 10
962.0
 20
-550.0
 30
0.0
 11
1010.5
 21
-550.0
 31
0.0
  0
LINE
  5
12D
330
123
100
AcDbEntity
  8
0
100
AcDbLine
 10
1019.5
 20
-550.0
 30
0.0
 11
1068.0
 21
-550.0
 31
0.0
  0
MTEXT
  5
12E
330
123
100
AcDbEntity
  8
REFERENCE_DIMENSIONS
100
AcDbMText
 10
1015.0
 20
-550.0
 30
0.0
 40
3.0
 71
5
  1
110
  0
POINT
  5
12F
330
123
100
AcDbEntity
  8
Defpoints
100
AcDbPoint
 10
960.0
 20
-550.0
 30
0.0
  0
POINT
  5
130
330
123
100
AcDbEntity
  8
Defpoints
100
AcDbPoint
 10
960.0
 20
-530.0
 30
0.0
  0
POINT
  5
131
330
123
100
AcDbEntity
  8
Defpoints
100
AcDbPoint
 10
1070.0
 20
-530.0
 30
0.0
  0
ENDBLK
  5
125
330
123
100
AcDbEntity
  8
0
100
AcDbBlockEnd
  0
BLOCK
  5
134
330
133
100
AcDbEntity
  8
0
100
AcDbBlockBegin
  2
*D12
 70
1
 10
0.0
 20
0.0
 30
0.0
  3
*D12
  1

  0
LINE
  5
136
330
133
100
AcDbEntity
  8
0
100
AcDbLine
 10
1070.0
 20
-530.0
 30
0.0
 11
1090.0
 21
-530.0
 31
0.0
  0
LINE
  5
137
330
133
100
AcDbEntity
  8
0
100
AcDbLine
 10
1070.0
 20
-450.0
 30
0.0
 11
1090.0
 21
-450.0
 31
0.0
  0
INSERT
  5
138
330
133
100
AcDbEntity
  8
REFERENCE_DIMENSIONS
100
AcDbBlockReference
  2
_CLOSEDFILLED
 10
1090.0
 20
-530.0
 30
0.0
 41
2.0
 42
2.0
 50
270.0
  0
INSERT
  5
13A
330
133
100
AcDbEntity
  8
REFERENCE_DIMENSIONS
100
AcDbBlockReference
  2
_CLOSEDFILLED
 10
1090.0
 20
-450.0
 30
0.0
 41
2.0
 42
2.0
 50
90.0
  0
LINE
  5
13C
330
133
100
AcDbEntity
  8
0
100
AcDbLine
 10
1090.0
 20
-528.0
 30
0.0
 11
1090.0
 21
-493.0
 31
0.0
  0
LINE
  5
13D
330
133
100
AcDbEntity
  8
0
100
AcDbLine
 10
1090.0
 20
-487.0
 30
0.0
 11
1090.0
 21
-452.0
 31
0.0
  0
MTEXT
  5
13E
330
133
100
AcDbEntity
  8
REFERENCE_DIMENSIONS
100
AcDbMText
 10
1090.0
 20
-490.0
 30
0.0
 40
3.0
 71
5
  1
80
 50
90.0
  0
POINT
  5
13F
330
133
100
AcDbEntity
  8
Defpoints
100
AcDbPoint
 10
1090.0
 20
-530.0
 30
0.0
  0
POINT
  5
140
330
133
100
AcDbEntity
  8
Defpoints
100
AcDbPoint
 10
1070.0
 20
-530.0
 30
0.0
  0
POINT
  5
141
330
133
100
AcDbEntity
  8
Defpoints
100
AcDbPoint
 10
1070.0
 20
-450.0
 30
0.0
  0
ENDBLK
  5
135
330
133
100
AcDbEntity
  8
0
100
AcDbBlockEnd
  0
ENDSEC
  0
SECTION
  2
ENTITIES
  0
LWPOLYLINE
  5
32
330
17
100
AcDbEntity
  8
REFERENCE_GEOMETRY
100
AcDbPolyline
 90
4782
 70
1
 10
183.5
 20
196.3
 10
183.5
 20
196.05001440396774
 10
183.5
 20
195.8000288079357
 10
183.5
 20
195.55004321190341
 10
183.5
 20
195.30005761587137
 10
183.5
 20
195.0500720198391
 10
183.5
 20
194.80008642380704
 10
183.5
 20
194.55010082777477
 10
183.5
 20
194.3001152317425
 10
183.5
 20
194.05012963571022
 10
183.5
 20
193.80014403967817
 10
183.5
 20
193.5501584436459
 10
183.5
 20
193.30017284761385
 10
183.5
 20
193.05018725158158
 10
183.5
 20
192.80020165554953
 10
183.5
 20
192.55021605951725
 10
183.5
 20
192.30023046348498
 10
183.5
 20
192.05024486745293
 10
183.5
 20
191.80025927142066
 10
183.5
 20
191.5502736753886
 10
183.5
 20
191.30028807935633
 10
183.5
 20
191.0503024833243
 10
183.5
 20
190.800316887292
 10
183.5
 20
190.55033129125974
 10
183.5
 20
190.30034569522746
 10
183.5
 20
190.05036009919542
 10
183.5
 20
189.80037450316314
 10
183.5
 20
189.5503889071311
 10
183.5
 20
189.30040331109882
 10
183.5
 20
189.05041771506677
 10
183.5
 20
188.8004321190345
 10
183.5
 20
188.55044652300222
 10
183.5
 20
188.30046092697017
 10
183.5
 20
188.0504753309379
 10
183.5
 20
187.80048973490585
 10
183.5
 20
187.55050413887358
 10
183.5
 20
187.30051854284153
 10
183.5
 20
187.05053294680926
 10
183.5
 20
186.80054735077698
 10
183.5
 20
186.5505617547447
 10
183.5
 20
186.30057615871266
 10
183.5
 20
186.05059056268038
 10
183.5
 20
185.80060496664834
 10
183.5
 20
185.55061937061606
 10
183.5
 20
185.300633774584
 10
183.5
 20
185.05064817855174
 10
183.5
 20
184.80066258251946
 10
183.5
 20
184.55067698648742
 10
183.5
 20
184.30069139045514
 10
183.5
 20
184.0507057944231
 10
183.5
 20
183.80072019839082
 10
183.74926539764124
 20
183.8
 10
183.9992509936735
 20
183.8
 10
184.2492365897058
 20
183.8
 10
184.49922218573806
 20
183.8
 10
184.7492077817701
 20
183.8
 10
184.99919337780238
 20
183.8
 10
185.24917897383443
 20
183.8
 10
185.4991645698667
 20
183.8
 10
185.74915016589875
 20
183.8
 10
185.99913576193103
 20
183.8
 10
186.24912135796308
 20
183.8
 10
186.49910695399535
 20
183.8
 10
186.74909255002763
 20
183.8
 10
186.99907814605967
 20
183.8
 10
187.24906374209195
 20
183.8
 10
187.499049338124
 20
183.8
 10
187.74903493415627
 20
183.8
 10
187.99902053018855
 20
183.8
 10
188.24900612622082
 20
183.8
 10
188.49899172225287
 20
183.8
 10
188.74897731828514
 20
183.8
 10
188.9989629143172
 20
183.8
 10
189.24894851034946
 20
183.8
 10
189.4989341063815
 20
183.8
 10
189.7489197024138
 20
183.8
 10
189.99890529844583
 20
183.8
 10
190.2488908944781
 20
183.8
 10
190.49887649051038
 20
183.8
 10
190.74886208654243
 20
183.8
 10
190.9988476825747
 20
183.8
 10
191.24883327860698
 20
183.8
 10
191.49881887463903
 20
183.8
 10
191.7488044706713
 20
183.8
 10
191.99879006670358
 20
183.8
 10
192.24877566273562
 20
183.8
 10
192.4987612587679
 20
183.8
 10
192.74874685479995
 20
183.8
 10
192.99873245083222
 20
183.8
 10
193.24871804686427
 20
183.8
 10
193.49870364289654
 20
183.8
 10
193.7486892389286
 20
183.8
 10
193.99867483496087
 20
183.8
 10
194.24866043099314
 20
183.8
 10
194.4986460270252
 20
183.8
 10
194.74863162305746
 20
183.8
 10
194.99861721908974
 20
183.8
 10
195.24860281512179
 20
183.8
 10
195.49858841115406
 20
183.8
 10
195.74857400718633
 20
183.8
 10
195.99855960321838
 20
183.8
 10
196.24854519925066
 20
183.8
 10
196.4985307952827
 20
183.8
 10
196.74851639131498
 20
183.8
 10
196.99850198734703
 20
183.8
 10
197.2484875833793
 20
183.8
 10
197.49847317941135
 20
183.8
 10
197.74845877544362
 20
183.8
 10
197.9984443714759
 20
183.8
 10
198.24842996750795
 20
183.8
 10
198.49841556354022
 20
183.8
 10
198.7484011595725
 20
183.8
 10
198.99838675560454
 20
183.8
 10
199.24837235163682
 20
183.8
 10
199.4983579476691
 20
183.8
 10
199.74834354370114
 20
183.8
 10
199.9983291397334
 20
183.8
 10
200.24831473576546
 20
183.8
 10
200.49830033179774
 20
183.8
 10
200.5
 20
184.0482859278298
 10
200.5
 20
184.29827152386207
 10
200.5
 20
184.54825711989412
 10
200.5
 20
184.7982427159264
 10
200.5
 20
185.04822831195867
 10
200.5
 20
185.29821390799071
 10
200.5
 20
185.548199504023
 10
200.5
 20
185.79818510005526
 10
200.5
 20
186.0481706960873
 10
200.5
 20
186.2981562921196
 10
200.5
 20
186.54814188815163
 10
200.5
 20
186.7981274841839
 10
200.5
 20
187.04811308021618
 10
200.5
 20
187.29809867624823
 10
200.5
 20
187.5480842722805
 10
200.5
 20
187.79806986831255
 10
200.5
 20
188.04805546434483
 10
200.5
 20
188.29804106037687
 10
200.5
 20
188.54802665640915
 10
200.5
 20
188.79801225244142
 10
200.5
 20
189.04799784847347
 10
200.5
 20
189.29798344450575
 10
200.5
 20
189.54796904053802
 10
200.5
 20
189.79795463657007
 10
200.5
 20
190.04794023260234
 10
200.5
 20
190.2979258286344
 10
200.5
 20
190.54791142466667
 10
200.5
 20
190.79789702069894
 10
200.5
 20
191.047882616731
 10
200.5
 20
191.29786821276326
 10
200.5
 20
191.5478538087953
 10
200.5
 20
191.79783940482758
 10
200.5
 20
192.04782500085963
 10
200.5
 20
192.2978105968919
 10
200.5
 20
192.54779619292418
 10
200.5
 20
192.79778178895623
 10
200.5
 20
193.0477673849885
 10
200.5
 20
193.29775298102078
 10
200.5
 20
193.54773857705283
 10
200.5
 20
193.7977241730851
 10
200.5
 20
194.04770976911715
 10
200.5
 20
194.29769536514942
 10
200.5
 20
194.5476809611817
 10
200.5
 20
194.79766655721374
 10
200.5
 20
195.04765215324602
 10
200.5
 20
195.29763774927807
 10
200.5
 20
195.54762334531034
 10
200.5
 20
195.7976089413424
 10
200.5
 20
196.04759453737466
 10
200.5
 20
196.2975801334067
 10
200.7475657294392
 20
196.3
 10
200.99755132547125
 20
196.3
 10
201.24753692150352
 20
196.3
 10
201.49752251753557
 20
196.3
 10
201.74750811356785
 20
196.3
 10
201.9974937095999
 20
196.3
 10
202.24747930563217
 20
196.3
 10
202.49746490166444
 20
196.3
 10
202.7474504976965
 20
196.3
 10
202.99743609372877
 20
196.3
 10
203.2474216897608
 20
196.3
 10
203.4974072857931
 20
196.3
 10
203.74739288182514
 20
196.3
 10
203.9973784778574
 20
196.3
 10
204.24736407388946
 20
196.3
 10
204.49734966992196
 20
196.3
 10
204.747335265954
 20
196.3
 10
204.99732086198628
 20
196.3
 10
205.24730645801833
 20
196.3
 10
205.4972920540506
 20
196.3
 10
205.74727765008265
 20
196.3
 10
205.99726324611493
 20
196.3
 10
206.2472488421472
 20
196.3
 10
206.49723443817925
 20
196.3
 10
206.74722003421152
 20
196.3
 10
206.99720563024357
 20
196.3
 10
207.24719122627585
 20
196.3
 10
207.4971768223079
 20
196.3
 10
207.74716241834017
 20
196.3
 10
207.99714801437221
 20
196.3
 10
208.24713361040472
 20
196.3
 10
208.49711920643676
 20
196.3
 10
208.74710480246904
 20
196.3
 10
208.9970903985011
 20
196.3
 10
209.24707599453336
 20
196.3
 10
209.4970615905654
 20
196.3
 10
209.74704718659768
 20
196.3
 10
209.99703278262996
 20
196.3
 10
210.247018378662
 20
196.3
 10
210.49700397469428
 20
196.3
 10
210.74698957072633
 20
196.3
 10
210.9969751667586
 20
196.3
 10
211.24696076279065
 20
196.3
 10
211.49694635882292
 20
196.3
 10
211.7469319548552
 20
196.3
 10
211.99691755088747
 20
196.3
 10
212.24690314691952
 20
196.3
 10
212.4968887429518
 20
196.3
 10
212.74687433898384
 20
196.3
 10
212.99685993501612
 20
196.3
 10
213.24684553104817
 20
196.3
 10
213.49683112708044
 20
196.3
 10
213.74681672311272
 20
196.3
 10
213.99680231914476
 20
196.3
 10
214.24678791517704
 20
196.3
 10
214.49677351120908
 20
196.3
 10
214.74675910724136
 20
196.3
 10
214.9967447032734
 20
196.3
 10
215.24673029930568
 20
196.3
 10
215.49671589533796
 20
196.3
 10
215.74670149137023
 20
196.3
 10
215.99668708740228
 20
196.3
 10
216.24667268343455
 20
196.3
 10
216.4966582794666
 20
196.3
 10
216.74664387549888
 20
196.3
 10
216.99662947153092
 20
196.3
 10
217.2466150675632
 20
196.3
 10
217.49660066359525
 20
196.3
 10
217.74658625962752
 20
196.3
 10
217.9965718556598
 20
196.3
 10
218.24655745169184
 20
196.3
 10
218.49654304772412
 20
196.3
 10
218.74652864375616
 20
196.3
 10
218.99651423978844
 20
196.3
 10
219.2464998358207
 20
196.3
 10
219.496485431853
 20
196.3
 10
219.74647102788504
 20
196.3
 10
219.9964566239173
 20
196.3
 10
220.24644221994936
 20
196.3
 10
220.49642781598163
 20
196.3
 10
220.74641341201368
 20
196.3
 10
220.99639900804596
 20
196.3
 10
221.246384604078
 20
196.3
 10
221.49637020011028
 20
196.3
 10
221.74635579614255
 20
196.3
 10
221.9963413921746
 20
196.3
 10
222.24632698820687
 20
196.3
 10
222.49631258423892
 20
196.3
 10
222.7462981802712
 20
196.3
 10
222.99628377630347
 20
196.3
 10
223.24626937233575
 20
196.3
 10
223.4962549683678
 20
196.3
 10
223.74624056440007
 20
196.3
 10
223.99622616043212
 20
196.3
 10
224.2462117564644
 20
196.3
 10
224.49619735249644
 20
196.3
 10
224.7461829485287
 20
196.3
 10
224.99616854456076
 20
196.3
 10
225.24615414059303
 20
196.3
 10
225.4961397366253
 20
196.3
 10
225.74612533265736
 20
196.3
 10
225.99611092868963
 20
196.3
 10
226.24609652472168
 20
196.3
 10
226.49608212075395
 20
196.3
 10
226.74606771678623
 20
196.3
 10
226.9960533128185
 20
196.3
 10
227.24603890885055
 20
196.3
 10
227.49602450488283
 20
196.3
 10
227.74601010091487
 20
196.3
 10
227.99599569694715
 20
196.3
 10
228.2459812929792
 20
196.3
 10
228.49596688901147
 20
196.3
 10
228.74595248504352
 20
196.3
 10
228.9959380810758
 20
196.3
 10
229.24592367710807
 20
196.3
 10
229.49590927314011
 20
196.3
 10
229.7458948691724
 20
196.3
 10
229.99588046520444
 20
196.3
 10
230.2458660612367
 20
196.3
 10
230.495851657269
 20
196.3
 10
230.74583725330126
 20
196.3
 10
230.9958228493333
 20
196.3
 10
231.24580844536558
 20
196.3
 10
231.49579404139763
 20
196.3
 10
231.7457796374299
 20
196.3
 10
231.99576523346195
 20
196.3
 10
232.24575082949423
 20
196.3
 10
232.49573642552627
 20
196.3
 10
232.74572202155855
 20
196.3
 10
232.99570761759082
 20
196.3
 10
233.24569321362287
 20
196.3
 10
233.49567880965515
 20
196.3
 10
233.74566440568742
 20
196.3
 10
233.99565000171947
 20
196.3
 10
234.24563559775174
 20
196.3
 10
234.4956211937838
 20
196.3
 10
234.74560678981607
 20
196.3
 10
234.99559238584834
 20
196.3
 10
235.2455779818804
 20
196.3
 10
235.49556357791266
 20
196.3
 10
235.7455491739447
 20
196.3
 10
235.99553476997698
 20
196.3
 10
236.24552036600903
 20
196.3
 10
236.4955059620413
 20
196.3
 10
236.74549155807358
 20
196.3
 10
236.99547715410563
 20
196.3
 10
237.2454627501379
 20
196.3
 10
237.49544834617018
 20
196.3
 10
237.74543394220223
 20
196.3
 10
237.9954195382345
 20
196.3
 10
238.24540513426655
 20
196.3
 10
238.49539073029882
 20
196.3
 10
238.7453763263311
 20
196.3
 10
238.99536192236314
 20
196.3
 10
239.24534751839542
 20
196.3
 10
239.49533311442747
 20
196.3
 10
239.74531871045974
 20
196.3
 10
239.9953043064918
 20
196.3
 10
240.24528990252406
 20
196.3
 10
240.49527549855634
 20
196.3
 10
240.7452610945884
 20
196.3
 10
240.99524669062066
 20
196.3
 10
241.24523228665294
 20
196.3
 10
241.49521788268498
 20
196.3
 10
241.74520347871726
 20
196.3
 10
241.9951890747493
 20
196.3
 10
242.24517467078158
 20
196.3
 10
242.49516026681385
 20
196.3
 10
242.7451458628459
 20
196.3
 10
242.99513145887818
 20
196.3
 10
243.24511705491022
 20
196.3
 10
243.4951026509425
 20
196.3
 10
243.74508824697455
 20
196.3
 10
243.99507384300682
 20
196.3
 10
244.24505943903887
 20
196.3
 10
244.49504503507114
 20
196.3
 10
244.74503063110342
 20
196.3
 10
244.9950162271357
 20
196.3
 10
245.24500182316774
 20
196.3
 10
245.49498741920002
 20
196.3
 10
245.74497301523206
 20
196.3
 10
245.99495861126434
 20
196.3
 10
246.2449442072966
 20
196.3
 10
246.49492980332866
 20
196.3
 10
246.74491539936093
 20
196.3
 10
246.99490099539298
 20
196.3
 10
247.24488659142526
 20
196.3
 10
247.4948721874573
 20
196.3
 10
247.74485778348958
 20
196.3
 10
247.99484337952163
 20
196.3
 10
248.2448289755539
 20
196.3
 10
248.49481457158618
 20
196.3
 10
248.74480016761845
 20
196.3
 10
248.9947857636505
 20
196.3
 10
249.24477135968277
 20
196.3
 10
249.49475695571482
 20
196.3
 10
249.7447425517471
 20
196.3
 10
249.99472814777937
 20
196.3
 10
250.24471374381142
 20
196.3
 10
250.4946993398437
 20
196.3
 10
250.74468493587574
 20
196.3
 10
250.994670531908
 20
196.3
 10
251.24465612794006
 20
196.3
 10
251.49464172397234
 20
196.3
 10
251.74462732000438
 20
196.3
 10
251.99461291603666
 20
196.3
 10
252.24459851206893
 20
196.3
 10
252.4945841081012
 20
196.3
 10
252.74456970413326
 20
196.3
 10
252.99455530016553
 20
196.3
 10
253.24454089619758
 20
196.3
 10
253.49452649222985
 20
196.3
 10
253.74451208826213
 20
196.3
 10
253.99449768429417
 20
196.3
 10
254.24448328032645
 20
196.3
 10
254.4944688763585
 20
196.3
 10
254.74445447239077
 20
196.3
 10
254.99444006842282
 20
196.3
 10
255.2444256644551
 20
196.3
 10
255.49441126048714
 20
196.3
 10
255.74439685651964
 20
196.3
 10
255.9943824525517
 20
196.3
 10
256.24436804858396
 20
196.3
 10
256.494353644616
 20
196.3
 10
256.7443392406483
 20
196.3
 10
256.99432483668033
 20
196.3
 10
257.2443104327126
 20
196.3
 10
257.4942960287449
 20
196.3
 10
257.74428162477693
 20
196.3
 10
257.9942672208092
 20
196.3
 10
258.24425281684125
 20
196.3
 10
258.49423841287353
 20
196.3
 10
258.7442240089056
 20
196.3
 10
258.99420960493785
 20
196.3
 10
259.2441952009699
 20
196.3
 10
259.4941807970024
 20
196.3
 10
259.74416639303445
 20
196.3
 10
259.9941519890667
 20
196.3
 10
260.24413758509877
 20
196.3
 10
260.49412318113104
 20
196.3
 10
260.7441087771631
 20
196.3
 10
260.99409437319537
 20
196.3
 10
261.2440799692274
 20
196.3
 10
261.4940655652597
 20
196.3
 10
261.74405116129196
 20
196.3
 10
261.994036757324
 20
196.3
 10
262.2440223533563
 20
196.3
 10
262.49400794938833
 20
196.3
 10
262.7439935454206
 20
196.3
 10
262.99397914145266
 20
196.3
 10
263.24396473748516
 20
196.3
 10
263.4939503335172
 20
196.3
 10
263.7439359295495
 20
196.3
 10
263.9939215255815
 20
196.3
 10
264.2439071216138
 20
196.3
 10
264.49389271764585
 20
196.3
 10
264.7438783136781
 20
196.3
 10
264.99386390971017
 20
196.3
 10
265.24384950574245
 20
196.3
 10
265.4938351017747
 20
196.3
 10
265.74382069780677
 20
196.3
 10
265.99380629383904
 20
196.3
 10
266.2437918898711
 20
196.3
 10
266.49377748590337
 20
196.3
 10
266.74376308193564
 20
196.3
 10
266.9937486779679
 20
196.3
 10
267.24373427399996
 20
196.3
 10
267.49371987003224
 20
196.3
 10
267.7437054660643
 20
196.3
 10
267.99369106209656
 20
196.3
 10
268.2436766581286
 20
196.3
 10
268.4936622541609
 20
196.3
 10
268.74364785019293
 20
196.3
 10
268.9936334462252
 20
196.3
 10
269.2436190422575
 20
196.3
 10
269.4936046382895
 20
196.3
 10
269.7435902343218
 20
196.3
 10
269.99357583035385
 20
196.3
 10
270.2435614263861
 20
196.3
 10
270.4935470224184
 20
196.3
 10
270.7435326184507
 20
196.3
 10
270.9935182144827
 20
196.3
 10
271.243503810515
 20
196.3
 10
271.49348940654704
 20
196.3
 10
271.7434750025793
 20
196.3
 10
271.99346059861136
 20
196.3
 10
272.24344619464364
 20
196.3
 10
272.4934317906757
 20
196.3
 10
272.74341738670796
 20
196.3
 10
272.99340298274024
 20
196.3
 10
273.2433885787723
 20
196.3
 10
273.49337417480456
 20
196.3
 10
273.7433597708366
 20
196.3
 10
273.9933453668689
 20
196.3
 10
274.24333096290115
 20
196.3
 10
274.4933165589332
 20
196.3
 10
274.7433021549655
 20
196.3
 10
274.99328775099775
 20
196.3
 10
275.2432733470298
 20
196.3
 10
275.4932589430621
 20
196.3
 10
275.7432445390941
 20
196.3
 10
275.9932301351264
 20
196.3
 10
276.24321573115844
 20
196.3
 10
276.4932013271907
 20
196.3
 10
276.743186923223
 20
196.3
 10
276.99317251925504
 20
196.3
 10
277.2431581152873
 20
196.3
 10
277.49314371131936
 20
196.3
 10
277.74312930735164
 20
196.3
 10
277.9931149033839
 20
196.3
 10
278.24310049941596
 20
196.3
 10
278.49308609544823
 20
196.3
 10
278.7430716914805
 20
196.3
 10
278.99305728751256
 20
196.3
 10
279.24304288354483
 20
196.3
 10
279.4930284795769
 20
196.3
 10
279.74301407560915
 20
196.3
 10
279.9929996716412
 20
196.3
 10
280.2429852676735
 20
196.3
 10
280.49297086370575
 20
196.3
 10
280.7429564597378
 20
196.3
 10
280.9929420557701
 20
196.3
 10
281.2429276518021
 20
196.3
 10
281.4929132478344
 20
196.3
 10
281.74289884386667
 20
196.3
 10
281.9928844398987
 20
196.3
 10
282.242870035931
 20
196.3
 10
282.49285563196327
 20
196.3
 10
282.7428412279953
 20
196.3
 10
282.9928268240276
 20
196.3
 10
283.24281242005964
 20
196.3
 10
283.4927980160919
 20
196.3
 10
283.74278361212396
 20
196.3
 10
283.99276920815623
 20
196.3
 10
284.2427548041885
 20
196.3
 10
284.49274040022055
 20
196.3
 10
284.74272599625283
 20
196.3
 10
284.9927115922849
 20
196.3
 10
285.24269718831715
 20
196.3
 10
285.4926827843494
 20
196.3
 10
285.7426683803815
 20
196.3
 10
285.99265397641375
 20
196.3
 10
286.242639572446
 20
196.3
 10
286.49262516847807
 20
196.3
 10
286.74261076451035
 20
196.3
 10
286.9925963605424
 20
196.3
 10
287.24258195657467
 20
196.3
 10
287.4925675526067
 20
196.3
 10
287.742553148639
 20
196.3
 10
287.99253874467104
 20
196.3
 10
288.2425243407033
 20
196.3
 10
288.4925099367356
 20
196.3
 10
288.74249553276786
 20
196.3
 10
288.9924811287999
 20
196.3
 10
289.2424667248322
 20
196.3
 10
289.49245232086423
 20
196.3
 10
289.7424379168965
 20
196.3
 10
289.9924235129288
 20
196.3
 10
290.2424091089608
 20
196.3
 10
290.4923947049931
 20
196.3
 10
290.74238030102515
 20
196.3
 10
290.9923658970574
 20
196.3
 10
291.2423514930895
 20
196.3
 10
291.49233708912175
 20
196.3
 10
291.7423226851538
 20
196.3
 10
291.99230828118607
 20
196.3
 10
292.24229387721834
 20
196.3
 10
292.4922794732506
 20
196.3
 10
292.74226506928267
 20
196.3
 10
292.99225066531494
 20
196.3
 10
293.242236261347
 20
196.3
 10
293.49222185737926
 20
196.3
 10
293.74220745341154
 20
196.3
 10
293.9921930494436
 20
196.3
 10
294.24217864547586
 20
196.3
 10
294.4921642415079
 20
196.3
 10
294.7421498375402
 20
196.3
 10
294.99213543357223
 20
196.3
 10
295.2421210296045
 20
196.3
 10
295.49210662563655
 20
196.3
 10
295.7420922216688
 20
196.3
 10
295.9920778177011
 20
196.3
 10
296.2420634137334
 20
196.3
 10
296.4920490097654
 20
196.3
 10
296.7420346057977
 20
196.3
 10
296.99202020182975
 20
196.3
 10
297.242005797862
 20
196.3
 10
297.4919913938943
 20
196.3
 10
297.74197698992634
 20
196.3
 10
297.9919625859586
 20
196.3
 10
298.24194818199067
 20
196.3
 10
298.49193377802294
 20
196.3
 10
298.741919374055
 20
196.3
 10
298.99190497008726
 20
196.3
 10
299.2418905661193
 20
196.3
 10
299.4918761621516
 20
196.3
 10
299.74186175818386
 20
196.3
 10
299.99184735421613
 20
196.3
 10
300.2418329502482
 20
196.3
 10
300.49181854628046
 20
196.3
 10
300.7418041423125
 20
196.3
 10
300.9917897383448
 20
196.3
 10
301.2417753343768
 20
196.3
 10
301.4917609304091
 20
196.3
 10
301.7417465264414
 20
196.3
 10
301.9917321224734
 20
196.3
 10
302.2417177185057
 20
196.3
 10
302.49170331453774
 20
196.3
 10
302.74168891057
 20
196.3
 10
302.99167450660207
 20
196.3
 10
303.24166010263434
 20
196.3
 10
303.4916456986666
 20
196.3
 10
303.7416312946989
 20
196.3
 10
303.99161689073094
 20
196.3
 10
304.2416024867632
 20
196.3
 10
304.49158808279526
 20
196.3
 10
304.74157367882754
 20
196.3
 10
304.9915592748596
 20
196.3
 10
305.24154487089186
 20
196.3
 10
305.49153046692413
 20
196.3
 10
305.7415160629562
 20
196.3
 10
305.99150165898845
 20
196.3
 10
306.2414872550205
 20
196.3
 10
306.4914728510528
 20
196.3
 10
306.7414584470848
 20
196.3
 10
306.9914440431171
 20
196.3
 10
307.2414296391494
 20
196.3
 10
307.49141523518165
 20
196.3
 10
307.7414008312137
 20
196.3
 10
307.99138642724597
 20
196.3
 10
308.241372023278
 20
196.3
 10
308.4913576193103
 20
196.3
 10
308.74134321534234
 20
196.3
 10
308.9913288113746
 20
196.3
 10
309.2413144074069
 20
196.3
 10
309.49130000343894
 20
196.3
 10
309.7412855994712
 20
196.3
 10
309.99127119550326
 20
196.3
 10
310.24125679153553
 20
196.3
 10
310.4912423875676
 20
196.3
 10
310.7412279836001
 20
196.3
 10
310.99121357963213
 20
196.3
 10
311.2411991756644
 20
196.3
 10
311.49118477169645
 20
196.3
 10
311.7411703677287
 20
196.3
 10
311.9911559637608
 20
196.3
 10
312.24114155979305
 20
196.3
 10
312.4911271558251
 20
196.3
 10
312.7411127518574
 20
196.3
 10
312.99109834788965
 20
196.3
 10
313.2410839439217
 20
196.3
 10
313.49106953995397
 20
196.3
 10
313.741055135986
 20
196.3
 10
313.9910407320183
 20
196.3
 10
314.24102632805034
 20
196.3
 10
314.49101192408284
 20
196.3
 10
314.7409975201149
 20
196.3
 10
314.99098311614716
 20
196.3
 10
315.2409687121792
 20
196.3
 10
315.4909543082115
 20
196.3
 10
315.74093990424353
 20
196.3
 10
315.9909255002758
 20
196.3
 10
316.24091109630785
 20
196.3
 10
316.49089669234013
 20
196.3
 10
316.7408822883724
 20
196.3
 10
316.99086788440445
 20
196.3
 10
317.2408534804367
 20
196.3
 10
317.4908390764688
 20
196.3
 10
317.74082467250105
 20
196.3
 10
317.9908102685331
 20
196.3
 10
318.24079586456537
 20
196.3
 10
318.49078146059765
 20
196.3
 10
318.7407670566299
 20
196.3
 10
318.99075265266197
 20
196.3
 10
319.24073824869424
 20
196.3
 10
319.4907238447263
 20
196.3
 10
319.74070944075856
 20
196.3
 10
319.9906950367906
 20
196.3
 10
320.2406806328229
 20
196.3
 10
320.49066622885516
 20
196.3
 10
320.7406518248872
 20
196.3
 10
320.9906374209195
 20
196.3
 10
321.24062301695153
 20
196.3
 10
321.4906086129838
 20
196.3
 10
321.7405942090161
 20
196.3
 10
321.9905798050481
 20
196.3
 10
322.2405654010804
 20
196.3
 10
322.4905509971127
 20
196.3
 10
322.7405365931447
 20
196.3
 10
322.990522189177
 20
196.3
 10
323.24050778520905
 20
196.3
 10
323.4904933812413
 20
196.3
 10
323.5
 20
196.05952102272653
 10
323.5
 20
195.80953542669425
 10
323.5
 20
195.55954983066198
 10
323.5
 20
195.30956423462993
 10
323.5
 20
195.05957863859766
 10
323.5
 20
194.8095930425656
 10
323.5
 20
194.55960744653333
 10
323.5
 20
194.30962185050106
 10
323.5
 20
194.059636254469
 10
323.5
 20
193.80965065843674
 10
323.5
 20
193.55966506240446
 10
323.5
 20
193.30967946637242
 10
323.5
 20
193.05969387034014
 10
323.5
 20
192.8097082743081
 10
323.5
 20
192.55972267827582
 10
323.5
 20
192.30973708224377
 10
323.5
 20
192.0597514862115
 10
323.5
 20
191.80976589017922
 10
323.5
 20
191.55978029414717
 10
323.5
 20
191.3097946981149
 10
323.5
 20
191.05980910208285
 10
323.5
 20
190.80982350605058
 10
323.5
 20
190.5598379100183
 10
323.5
 20
190.30985231398626
 10
323.5
 20
190.05986671795398
 10
323.5
 20
189.80988112192182
 10
323.5
 20
189.55989552588966
 10
323.5
 20
189.3099099298575
 10
323.5
 20
189.05992433382534
 10
323.5
 20
188.80993873779306
 10
323.5
 20
188.5599531417609
 10
323.5
 20
188.30996754572874
 10
323.5
 20
188.05998194969658
 10
323.42910648502266
 20
188.07068162492052
 10
323.278783793392
 20
188.27013928141014
 10
323.100858722455
 20
188.44541887943427
 10
322.89917176137124
 20
188.59273703201677
 10
322.6780762965616
 20
188.7089138962885
 10
322.4423446444362
 20
188.7914418099764
 10
322.197065041576
 20
188.83853941896206
 10
321.94753181581746
 20
188.84919012757507
 10
321.6991311088857
 20
188.82316404167662
 10
321.4572246172363
 20
188.76102293089383
 10
321.22703386054593
 20
188.6641081028967
 10
321.01352747589885
 20
188.53451145144908
 10
320.8213139704128
 20
188.3750303031582
 10
320.65454224722
 20
188.18910703754918
 10
320.5168120519421
 20
187.9807547837574
 10
320.41109627265564
 20
187.75447079766627
 10
320.339676770496
 20
187.51513938923293
 10
320.30409512598567
 20
187.26792649530267
 10
320.30511936422255
 20
187.01816817354432
 10
320.34272737715963
 20
186.7712554243507
 10
320.41610740080404
 20
186.5325178268061
 10
320.5236755370359
 20
186.30710850042624
 10
320.6631099418399
 20
186.09989287575382
 10
320.8314009420018
 20
185.91534367468284
 10
321.0249159985073
 20
185.7574443673472
 10
321.2394781144171
 20
185.6296031894438
 10
321.47045599479407
 20
185.53457957591516
 10
321.7128640125926
 20
185.4744245989107
 10
321.9614698227606
 20
185.45043669566508
 10
322.21090730171613
 20
185.463133641902
 10
322.45579237441615
 20
185.51224137571373
 10
322.6908392289056
 20
185.59669991315099
 10
322.91097440987016
 20
185.7146862278367
 10
323.1114463284996
 20
185.8636536007495
 10
323.287927824904
 20
186.0403865908173
 10
323.43660956928943
 20
186.2410704397886
 10
323.5
 20
186.22607500944974
 10
323.5
 20
185.97608941341758
 10
323.5
 20
185.72610381738542
 10
323.5
 20
185.47611822135326
 10
323.5
 20
185.2261326253211
 10
323.5
 20
184.97614702928882
 10
323.5
 20
184.72616143325666
 10
323.5
 20
184.4761758372245
 10
323.5
 20
184.22619024119234
 10
323.5
 20
183.97620464516018
 10
323.573780950872
 20
183.8
 10
323.82376654690427
 20
183.8
 10
324.07375214293654
 20
183.8
 10
324.3237377389687
 20
183.8
 10
324.57372333500086
 20
183.8
 10
324.823708931033
 20
183.8
 10
325.0736945270652
 20
183.8
 10
325.32368012309735
 20
183.8
 10
325.5736657191295
 20
183.8
 10
325.82365131516167
 20
183.8
 10
326.07363691119383
 20
183.8
 10
326.3236225072261
 20
183.8
 10
326.57360810325827
 20
183.8
 10
326.8235936992904
 20
183.8
 10
327.0735792953226
 20
183.8
 10
327.32356489135475
 20
183.8
 10
327.573550487387
 20
183.8
 10
327.8235360834192
 20
183.8
 10
328.07352167945146
 20
183.8
 10
328.3235072754836
 20
183.8
 10
328.5734928715158
 20
183.8
 10
328.82347846754794
 20
183.8
 10
329.0734640635801
 20
183.8
 10
329.32344965961227
 20
183.8
 10
329.5734352556444
 20
183.8
 10
329.8234208516766
 20
183.8
 10
330.07340644770886
 20
183.8
 10
330.323392043741
 20
183.8
 10
330.5733776397732
 20
183.8
 10
330.82336323580535
 20
183.8
 10
331.0733488318375
 20
183.8
 10
331.3233344278698
 20
183.8
 10
331.57332002390194
 20
183.8
 10
331.8233056199342
 20
183.8
 10
332.0732912159664
 20
183.8
 10
332.32327681199854
 20
183.8
 10
332.5732624080307
 20
183.8
 10
332.82324800406286
 20
183.8
 10
333.073233600095
 20
183.8
 10
333.3232191961272
 20
183.8
 10
333.57320479215934
 20
183.8
 10
333.8231903881916
 20
183.8
 10
334.0731759842238
 20
183.8
 10
334.32316158025594
 20
183.8
 10
334.5731471762881
 20
183.8
 10
334.8231327723204
 20
183.8
 10
335.07311836835254
 20
183.8
 10
335.3231039643847
 20
183.8
 10
335.573089560417
 20
183.8
 10
335.82307515644914
 20
183.8
 10
336.0730607524813
 20
183.8
 10
336.32304634851346
 20
183.8
 10
336.5730319445456
 20
183.8
 10
336.8230175405778
 20
183.8
 10
337.07300313660994
 20
183.8
 10
337.3229887326421
 20
183.8
 10
337.57297432867426
 20
183.8
 10
337.82295992470654
 20
183.8
 10
338.0729455207387
 20
183.8
 10
338.32293111677086
 20
183.8
 10
338.57291671280313
 20
183.8
 10
338.8229023088353
 20
183.8
 10
339.07288790486746
 20
183.8
 10
339.3228735008996
 20
183.8
 10
339.5728590969319
 20
183.8
 10
339.82284469296405
 20
183.8
 10
340.0728302889962
 20
183.8
 10
340.3228158850284
 20
183.8
 10
340.5
 20
183.87280148106055
 10
340.5
 20
184.1227870770927
 10
340.5
 20
184.37277267312487
 10
340.5
 20
184.62275826915703
 10
340.5
 20
184.8727438651893
 10
340.5
 20
185.12272946122147
 10
340.5
 20
185.37271505725363
 10
340.5
 20
185.6227006532859
 10
340.5
 20
185.87268624931806
 10
340.5
 20
186.12267184535023
 10
340.5
 20
186.3726574413824
 10
340.5
 20
186.62264303741466
 10
340.5
 20
186.87262863344682
 10
340.5
 20
187.12261422947898
 10
340.5
 20
187.37259982551114
 10
340.5
 20
187.6225854215433
 10
340.5
 20
187.87257101757547
 10
340.5
 20
188.12255661360763
 10
340.5
 20
188.3725422096398
 10
340.5
 20
188.62252780567206
 10
340.5
 20
188.87251340170423
 10
340.5
 20
189.1224989977365
 10
340.5
 20
189.37248459376866
 10
340.5
 20
189.62247018980082
 10
340.5
 20
189.87245578583298
 10
340.5
 20
190.12244138186514
 10
340.5
 20
190.37242697789742
 10
340.5
 20
190.62241257392958
 10
340.5
 20
190.87239816996174
 10
340.5
 20
191.1223837659939
 10
340.5
 20
191.37236936202606
 10
340.5
 20
191.62235495805822
 10
340.5
 20
191.87234055409039
 10
340.5
 20
192.12232615012255
 10
340.5
 20
192.37231174615482
 10
340.5
 20
192.62229734218698
 10
340.5
 20
192.87228293821926
 10
340.5
 20
193.12226853425142
 10
340.5
 20
193.37225413028358
 10
340.5
 20
193.62223972631574
 10
340.5
 20
193.8722253223479
 10
340.5
 20
194.12221091838018
 10
340.5
 20
194.37219651441234
 10
340.5
 20
194.6221821104445
 10
340.5
 20
194.87216770647666
 10
340.5
 20
195.12215330250882
 10
340.5
 20
195.37213889854098
 10
340.5
 20
195.62212449457314
 10
340.5
 20
195.8721100906053
 10
340.5
 20
196.12209568663746
 10
340.5720812826697
 20
196.3
 10
340.822066878702
 20
196.3
 10
341.07205247473416
 20
196.3
 10
341.3220380707663
 20
196.3
 10
341.5720236667985
 20
196.3
 10
341.82200926283065
 20
196.3
 10
342.0719948588628
 20
196.3
 10
342.3219804548951
 20
196.3
 10
342.57196605092724
 20
196.3
 10
342.8219516469594
 20
196.3
 10
343.07193724299157
 20
196.3
 10
343.3219228390237
 20
196.3
 10
343.5719084350559
 20
196.3
 10
343.82189403108805
 20
196.3
 10
344.0
 20
196.22812037287986
 10
344.0
 20
195.97813477684747
 10
344.0
 20
195.7281491808153
 10
344.0
 20
195.47816358478315
 10
344.0
 20
195.22817798875099
 10
344.0
 20
194.97819239271882
 10
344.0
 20
194.72820679668666
 10
344.0
 20
194.4782212006545
 10
344.0
 20
194.22823560462223
 10
344.0
 20
193.97825000859007
 10
344.0
 20
193.7282644125579
 10
344.0
 20
193.47827881652574
 10
344.0
 20
193.22829322049358
 10
344.0
 20
192.97830762446142
 10
344.0
 20
192.72832202842926
 10
344.0
 20
192.4783364323971
 10
344.0
 20
192.2283508363647
 10
344.0
 20
191.97836524033255
 10
344.0
 20
191.7283796443004
 10
344.0
 20
191.47839404826823
 10
344.0
 20
191.22840845223607
 10
344.0
 20
190.9784228562039
 10
344.0
 20
190.72843726017175
 10
344.0
 20
190.47845166413947
 10
344.0
 20
190.2284660681073
 10
344.0
 20
189.97848047207515
 10
344.0
 20
189.728494876043
 10
344.0
 20
189.47850928001083
 10
344.0
 20
189.22852368397866
 10
344.0
 20
188.9785380879465
 10
344.0
 20
188.72855249191434
 10
344.0
 20
188.47856689588195
 10
344.0
 20
188.2285812998498
 10
344.0
 20
187.97859570381763
 10
344.0
 20
187.72861010778547
 10
344.0
 20
187.4786245117533
 10
344.0
 20
187.22863891572115
 10
344.0
 20
186.978653319689
 10
344.0
 20
186.7286677236567
 10
344.0
 20
186.47868212762455
 10
344.0
 20
186.2286965315924
 10
344.0
 20
185.97871093556023
 10
344.0
 20
185.72872533952807
 10
344.0
 20
185.4787397434959
 10
344.0
 20
185.22875414746375
 10
344.0
 20
184.97876855143136
 10
344.0
 20
184.7287829553992
 10
344.0
 20
184.47879735936704
 10
344.0
 20
184.22881176333487
 10
344.0
 20
183.9788261673027
 10
344.0
 20
183.72884057127055
 10
344.0
 20
183.4788549752384
 10
344.0
 20
183.22886937920623
 10
344.0
 20
182.97888378317407
 10
344.0
 20
182.7288981871418
 10
344.0
 20
182.47891259110963
 10
344.0
 20
182.22892699507747
 10
344.0
 20
181.9789413990453
 10
344.0
 20
181.72895580301315
 10
344.0
 20
181.478970206981
 10
344.0
 20
181.22898461094871
 10
344.0
 20
180.97899901491644
 10
344.0
 20
180.72901341888428
 10
344.0
 20
180.47902782285212
 10
344.0
 20
180.22904222681996
 10
344.0
 20
179.9790566307878
 10
344.0
 20
179.72907103475563
 10
344.0
 20
179.47908543872347
 10
344.0
 20
179.2290998426913
 10
344.0
 20
178.97911424665904
 10
344.0
 20
178.72912865062688
 10
344.0
 20
178.47914305459472
 10
344.0
 20
178.22915745856255
 10
344.0
 20
177.9791718625304
 10
344.0
 20
177.72918626649823
 10
344.0
 20
177.47920067046596
 10
344.0
 20
177.22921507443368
 10
344.0
 20
176.97922947840152
 10
344.0
 20
176.72924388236936
 10
344.0
 20
176.4792582863372
 10
344.0
 20
176.22927269030504
 10
344.0
 20
175.97928709427288
 10
344.0
 20
175.72930149824072
 10
344.0
 20
175.47931590220855
 10
344.0
 20
175.22933030617628
 10
344.0
 20
174.97934471014412
 10
344.0
 20
174.72935911411196
 10
344.0
 20
174.4793735180798
 10
344.0
 20
174.22938792204764
 10
344.0
 20
173.97940232601536
 10
344.0
 20
173.7294167299832
 10
344.0
 20
173.47943113395092
 10
344.0
 20
173.22944553791876
 10
344.0
 20
172.9794599418866
 10
344.0
 20
172.72947434585444
 10
344.0
 20
172.47948874982228
 10
344.0
 20
172.22950315379012
 10
344.0
 20
171.97951755775796
 10
344.0
 20
171.7295319617258
 10
344.0
 20
171.47954636569364
 10
344.0
 20
171.22956076966136
 10
344.0
 20
170.9795751736292
 10
344.0
 20
170.72958957759704
 10
344.0
 20
170.47960398156488
 10
344.0
 20
170.2296183855326
 10
344.0
 20
169.97963278950044
 10
344.0
 20
169.72964719346828
 10
344.0
 20
169.479661597436
 10
344.0
 20
169.22967600140385
 10
344.0
 20
168.97969040537168
 10
344.0
 20
168.72970480933952
 10
344.0
 20
168.47971921330736
 10
344.0
 20
168.2297336172752
 10
344.0
 20
167.97974802124304
 10
344.0
 20
167.72976242521088
 10
344.0
 20
167.4797768291786
 10
344.0
 20
167.22979123314644
 10
344.0
 20
166.97980563711428
 10
344.0
 20
166.72982004108212
 10
344.0
 20
166.47983444504985
 10
344.0
 20
166.22984884901769
 10
344.0
 20
165.97986325298552
 10
344.0
 20
165.72987765695325
 10
344.0
 20
165.4798920609211
 10
344.0
 20
165.22990646488893
 10
344.0
 20
164.97992086885677
 10
344.0
 20
164.7299352728246
 10
344.0
 20
164.47994967679244
 10
344.0
 20
164.22996408076028
 10
344.0
 20
163.97997848472812
 10
344.0
 20
163.72999288869585
 10
344.0
 20
163.4800072926637
 10
344.0
 20
163.23002169663152
 10
344.0
 20
162.98003610059925
 10
344.0
 20
162.7300505045671
 10
344.0
 20
162.48006490853493
 10
344.0
 20
162.23007931250277
 10
344.0
 20
161.9800937164705
 10
344.0
 20
161.73010812043833
 10
344.0
 20
161.48012252440617
 10
344.0
 20
161.230136928374
 10
344.0
 20
160.98015133234185
 10
344.0
 20
160.7301657363097
 10
344.0
 20
160.48018014027753
 10
344.0
 20
160.23019454424536
 10
344.0
 20
159.9802089482131
 10
344.0
 20
159.73022335218093
 10
344.0
 20
159.48023775614877
 10
344.0
 20
159.2302521601165
 10
344.0
 20
158.98026656408433
 10
344.0
 20
158.73028096805217
 10
344.0
 20
158.48029537202
 10
344.0
 20
158.23030977598773
 10
344.0
 20
157.98032417995557
 10
344.0
 20
157.7303385839234
 10
344.0
 20
157.48035298789125
 10
344.0
 20
157.2303673918591
 10
344.0
 20
156.98038179582693
 10
344.0
 20
156.73039619979477
 10
344.0
 20
156.4804106037626
 10
344.0
 20
156.23042500773045
 10
344.0
 20
155.98043941169817
 10
344.0
 20
155.730453815666
 10
344.0
 20
155.48046821963374
 10
344.0
 20
155.23048262360157
 10
344.0
 20
154.9804970275694
 10
344.0
 20
154.73051143153725
 10
344.0
 20
154.4805258355051
 10
344.0
 20
154.23054023947282
 10
344.0
 20
153.98055464344066
 10
344.0
 20
153.7305690474085
 10
344.0
 20
153.48058345137633
 10
344.0
 20
153.23059785534417
 10
344.0
 20
152.980612259312
 10
344.0
 20
152.73062666327985
 10
344.0
 20
152.4806410672477
 10
344.0
 20
152.2306554712154
 10
344.0
 20
151.98066987518314
 10
344.0
 20
151.73068427915098
 10
344.0
 20
151.48069868311882
 10
344.0
 20
151.23071308708666
 10
344.0
 20
150.9807274910545
 10
344.0
 20
150.73074189502233
 10
344.0
 20
150.48075629899006
 10
344.0
 20
150.2307707029579
 10
344.0
 20
149.98078510692574
 10
344.0
 20
149.73079951089358
 10
344.0
 20
149.48081391486141
 10
344.0
 20
149.23082831882925
 10
344.0
 20
148.9808427227971
 10
344.0
 20
148.73085712676493
 10
344.0
 20
148.48087153073266
 10
344.0
 20
148.23088593470038
 10
344.0
 20
147.98090033866822
 10
344.0
 20
147.73091474263606
 10
344.0
 20
147.4809291466039
 10
344.0
 20
147.23094355057174
 10
344.0
 20
146.98095795453958
 10
344.0
 20
146.7309723585073
 10
344.0
 20
146.48098676247514
 10
344.0
 20
146.23100116644298
 10
344.0
 20
145.98101557041082
 10
344.0
 20
145.73102997437866
 10
344.0
 20
145.4810443783465
 10
344.0
 20
145.23105878231434
 10
344.0
 20
144.98107318628217
 10
344.0
 20
144.73108759025
 10
344.0
 20
144.48110199421762
 10
344.0
 20
144.23111639818546
 10
344.0
 20
143.9811308021533
 10
344.0
 20
143.73114520612114
 10
344.0
 20
143.48115961008898
 10
344.0
 20
143.23117401405682
 10
344.0
 20
142.98118841802466
 10
344.0
 20
142.73120282199238
 10
344.0
 20
142.48121722596022
 10
344.0
 20
142.23123162992806
 10
344.0
 20
141.9812460338959
 10
344.0
 20
141.73126043786374
 10
344.0
 20
141.48127484183158
 10
344.0
 20
141.23128924579942
 10
344.0
 20
140.98130364976703
 10
344.0
 20
140.73131805373487
 10
344.0
 20
140.4813324577027
 10
344.0
 20
140.23134686167054
 10
344.0
 20
139.98136126563838
 10
344.0
 20
139.73137566960622
 10
344.0
 20
139.48139007357406
 10
344.0
 20
139.2314044775419
 10
344.0
 20
138.98141888150963
 10
344.0
 20
138.73143328547746
 10
344.0
 20
138.4814476894453
 10
344.0
 20
138.23146209341314
 10
344.0
 20
137.98147649738098
 10
344.0
 20
137.73149090134882
 10
344.0
 20
137.48150530531666
 10
344.0
 20
137.23151970928427
 10
344.0
 20
136.9815341132521
 10
344.0
 20
136.73154851721995
 10
344.0
 20
136.4815629211878
 10
344.0
 20
136.23157732515563
 10
344.0
 20
135.98159172912347
 10
344.0
 20
135.7316061330913
 10
344.0
 20
135.48162053705914
 10
344.0
 20
135.23163494102687
 10
344.0
 20
134.9816493449947
 10
344.0
 20
134.73166374896255
 10
344.0
 20
134.48167815293039
 10
344.0
 20
134.23169255689822
 10
344.0
 20
133.98170696086606
 10
344.0
 20
133.7317213648339
 10
344.0
 20
133.4817357688015
 10
344.0
 20
133.23175017276935
 10
344.0
 20
132.9817645767372
 10
344.0
 20
132.73177898070503
 10
344.0
 20
132.48179338467287
 10
344.0
 20
132.2318077886407
 10
344.0
 20
131.98182219260855
 10
344.0
 20
131.7318365965764
 10
344.0
 20
131.4818510005441
 10
344.0
 20
131.23186540451195
 10
344.0
 20
130.9818798084798
 10
344.0
 20
130.73189421244763
 10
344.0
 20
130.48190861641547
 10
344.0
 20
130.2319230203833
 10
344.0
 20
129.98193742435103
 10
344.0
 20
129.73195182831876
 10
344.0
 20
129.4819662322866
 10
344.0
 20
129.23198063625443
 10
344.0
 20
128.98199504022227
 10
344.0
 20
128.7320094441901
 10
344.0
 20
128.48202384815795
 10
344.0
 20
128.2320382521258
 10
344.0
 20
127.98205265609363
 10
344.0
 20
127.73206706006148
 10
344.0
 20
127.48208146402919
 10
344.0
 20
127.23209586799702
 10
344.0
 20
126.98211027196487
 10
344.0
 20
126.73212467593272
 10
344.0
 20
126.48213907990055
 10
344.0
 20
126.23215348386826
 10
344.0
 20
125.98216788783611
 10
344.0
 20
125.73218229180384
 10
344.0
 20
125.48219669577168
 10
344.0
 20
125.2322110997395
 10
344.0
 20
124.98222550370735
 10
344.0
 20
124.73223990767518
 10
344.0
 20
124.48225431164303
 10
344.0
 20
124.23226871561089
 10
344.0
 20
123.98228311957871
 10
344.0
 20
123.73229752354642
 10
344.0
 20
123.48231192751427
 10
344.0
 20
123.2323263314821
 10
344.0
 20
122.98234073544995
 10
344.0
 20
122.7323551394178
 10
344.0
 20
122.48236954338552
 10
344.0
 20
122.23238394735334
 10
344.0
 20
121.98239835132108
 10
344.0
 20
121.73241275528892
 10
344.0
 20
121.48242715925676
 10
344.0
 20
121.23244156322458
 10
344.0
 20
120.98245596719244
 10
344.0
 20
120.73247037116026
 10
344.0
 20
120.48248477512811
 10
344.0
 20
120.23249917909597
 10
344.0
 20
119.98251358306368
 10
344.0
 20
119.7325279870315
 10
344.0
 20
119.48254239099936
 10
344.0
 20
119.23255679496718
 10
344.0
 20
118.98257119893492
 10
344.0
 20
118.73258560290274
 10
344.0
 20
118.4826000068706
 10
344.0
 20
118.23261441083832
 10
344.0
 20
117.98262881480616
 10
344.0
 20
117.732643218774
 10
344.0
 20
117.48265762274184
 10
344.0
 20
117.23267202670966
 10
344.0
 20
116.98268643067752
 10
344.0
 20
116.73270083464534
 10
344.0
 20
116.4827152386132
 10
344.0
 20
116.23272964258105
 10
344.0
 20
115.98274404654876
 10
344.0
 20
115.73275845051658
 10
344.0
 20
115.48277285448444
 10
344.0
 20
115.23278725845216
 10
344.0
 20
114.98280166242
 10
344.0
 20
114.73281606638783
 10
344.0
 20
114.48283047035558
 10
344.0
 20
114.2328448743234
 10
344.0
 20
113.98285927829124
 10
344.0
 20
113.73287368225908
 10
344.0
 20
113.48288808622692
 10
344.0
 20
113.23290249019475
 10
344.0
 20
112.9829168941626
 10
344.0
 20
112.73293129813042
 10
344.0
 20
112.48294570209828
 10
344.0
 20
112.232960106066
 10
344.0
 20
111.98297451003384
 10
344.0
 20
111.73298891400167
 10
344.0
 20
111.4830033179694
 10
344.0
 20
111.23301772193724
 10
344.0
 20
110.98303212590508
 10
344.0
 20
110.73304652987291
 10
344.0
 20
110.48306093384066
 10
344.0
 20
110.23307533780849
 10
344.0
 20
109.98308974177633
 10
344.0
 20
109.73310414574416
 10
344.0
 20
109.483118549712
 10
344.0
 20
109.23313295367983
 10
344.0
 20
108.98314735764768
 10
344.0
 20
108.7331617616155
 10
344.0
 20
108.48317616558325
 10
344.0
 20
108.23319056955108
 10
344.0
 20
107.98320497351882
 10
344.0
 20
107.73321937748665
 10
344.0
 20
107.48323378145449
 10
344.0
 20
107.23324818542233
 10
344.0
 20
106.98326258939016
 10
344.0
 20
106.73327699335789
 10
344.0
 20
106.48329139732573
 10
344.0
 20
106.23330580129357
 10
344.0
 20
105.9833202052614
 10
344.0
 20
105.73333460922925
 10
344.0
 20
105.48334901319708
 10
344.0
 20
105.23336341716491
 10
344.0
 20
104.98337782113276
 10
344.0
 20
104.73339222510049
 10
344.0
 20
104.48340662906833
 10
344.0
 20
104.23342103303605
 10
344.0
 20
103.9834354370039
 10
344.0
 20
103.73344984097173
 10
344.0
 20
103.48346424493957
 10
344.0
 20
103.23347864890741
 10
344.0
 20
102.98349305287515
 10
344.0
 20
102.73350745684297
 10
344.0
 20
102.48352186081081
 10
344.0
 20
102.23353626477865
 10
344.0
 20
101.98355066874649
 10
344.0
 20
101.73356507271433
 10
344.0
 20
101.48357947668217
 10
344.0
 20
101.23359388064999
 10
344.0
 20
100.98360828461784
 10
344.0
 20
100.73362268858557
 10
344.0
 20
100.48363709255331
 10
344.0
 20
100.23365149652113
 10
344.0
 20
99.98366590048899
 10
344.0
 20
99.73368030445681
 10
344.0
 20
99.48369470842465
 10
344.0
 20
99.23370911239249
 10
344.0
 20
98.98372351636023
 10
344.0
 20
98.73373792032805
 10
344.0
 20
98.48375232429589
 10
344.0
 20
98.23376672826373
 10
344.0
 20
97.98378113223157
 10
344.0
 20
97.73379553619941
 10
344.0
 20
97.48380994016725
 10
344.0
 20
97.23382434413509
 10
344.0
 20
96.9838387481027
 10
344.0
 20
96.73385315207054
 10
344.0
 20
96.48386755603838
 10
344.0
 20
96.23388196000622
 10
344.0
 20
95.98389636397405
 10
344.0
 20
95.7339107679419
 10
344.0
 20
95.48392517190973
 10
344.0
 20
95.23393957587746
 10
344.0
 20
94.9839539798453
 10
344.0
 20
94.73396838381314
 10
344.0
 20
94.48398278778097
 10
344.0
 20
94.23399719174881
 10
344.0
 20
93.98401159571665
 10
344.0
 20
93.73402599968449
 10
344.0
 20
93.48404040365233
 10
344.0
 20
93.23405480761994
 10
344.0
 20
92.98406921158778
 10
344.0
 20
92.73408361555562
 10
344.0
 20
92.48409801952346
 10
344.0
 20
92.2341124234913
 10
344.0
 20
91.98412682745914
 10
344.0
 20
91.73414123142697
 10
344.0
 20
91.4841556353947
 10
344.0
 20
91.23417003936254
 10
344.0
 20
90.98418444333038
 10
344.0
 20
90.73419884729822
 10
344.0
 20
90.48421325126606
 10
344.0
 20
90.2342276552339
 10
344.0
 20
89.98424205920173
 10
344.0
 20
89.73425646316957
 10
344.0
 20
89.48427086713718
 10
344.0
 20
89.23428527110502
 10
344.0
 20
88.98429967507286
 10
344.0
 20
88.7343140790407
 10
344.0
 20
88.48432848300854
 10
344.0
 20
88.23434288697638
 10
344.0
 20
87.98435729094422
 10
344.0
 20
87.73437169491194
 10
344.0
 20
87.48438609887978
 10
344.0
 20
87.23440050284762
 10
344.0
 20
86.98441490681546
 10
344.0
 20
86.7344293107833
 10
344.0
 20
86.48444371475114
 10
344.0
 20
86.23445811871898
 10
344.0
 20
85.98447252268659
 10
344.0
 20
85.73448692665443
 10
344.0
 20
85.48450133062227
 10
344.0
 20
85.2345157345901
 10
344.0
 20
84.98453013855794
 10
344.0
 20
84.73454454252578
 10
344.0
 20
84.48455894649362
 10
344.0
 20
84.23457335046146
 10
344.0
 20
83.9845877544293
 10
344.0
 20
83.73460215839702
 10
344.0
 20
83.48461656236486
 10
344.0
 20
83.2346309663327
 10
344.0
 20
82.98464537030054
 10
344.0
 20
82.73465977426838
 10
344.0
 20
82.48467417823622
 10
344.0
 20
82.23468858220394
 10
344.0
 20
81.98470298617167
 10
344.0
 20
81.73471739013951
 10
344.0
 20
81.48473179410735
 10
344.0
 20
81.23474619807519
 10
344.0
 20
80.98476060204302
 10
344.0
 20
80.73477500601086
 10
344.0
 20
80.4847894099787
 10
344.0
 20
80.23480381394654
 10
344.0
 20
79.98481821791427
 10
344.0
 20
79.7348326218821
 10
344.0
 20
79.48484702584994
 10
344.0
 20
79.23486142981778
 10
344.0
 20
78.98487583378562
 10
344.0
 20
78.73489023775346
 10
344.0
 20
78.48490464172119
 10
344.0
 20
78.23491904568891
 10
344.0
 20
77.98493344965675
 10
344.0
 20
77.73494785362459
 10
344.0
 20
77.48496225759243
 10
344.0
 20
77.23497666156027
 10
344.0
 20
76.9849910655281
 10
344.0
 20
76.73500546949595
 10
344.0
 20
76.48501987346378
 10
344.0
 20
76.23503427743151
 10
344.0
 20
75.98504868139935
 10
344.0
 20
75.73506308536719
 10
344.0
 20
75.48507748933503
 10
344.0
 20
75.23509189330287
 10
344.0
 20
74.98510629727059
 10
344.0
 20
74.73512070123843
 10
344.0
 20
74.48513510520615
 10
344.0
 20
74.235149509174
 10
344.0
 20
73.98516391314183
 10
344.0
 20
73.73517831710967
 10
344.0
 20
73.48519272107751
 10
344.0
 20
73.23520712504535
 10
344.0
 20
72.98522152901319
 10
344.0
 20
72.73523593298103
 10
344.0
 20
72.48525033694887
 10
344.0
 20
72.23526474091659
 10
344.0
 20
71.98527914488443
 10
344.0
 20
71.73529354885227
 10
344.0
 20
71.48530795282011
 10
344.0
 20
71.23532235678783
 10
344.0
 20
70.98533676075567
 10
344.0
 20
70.73535116472351
 10
344.0
 20
70.48536556869124
 10
344.0
 20
70.23537997265908
 10
344.0
 20
69.98539437662691
 10
344.0
 20
69.73540878059475
 10
344.0
 20
69.48542318456259
 10
344.0
 20
69.23543758853043
 10
344.0
 20
68.98545199249827
 10
344.0
 20
68.73546639646611
 10
344.0
 20
68.48548080043383
 10
344.0
 20
68.23549520440167
 10
344.0
 20
67.98550960836951
 10
344.0
 20
67.73552401233735
 10
344.0
 20
67.48553841630508
 10
344.0
 20
67.23555282027291
 10
344.0
 20
66.98556722424075
 10
344.0
 20
66.73558162820848
 10
344.0
 20
66.48559603217632
 10
344.0
 20
66.23561043614416
 10
344.0
 20
65.985624840112
 10
344.0
 20
65.73563924407983
 10
344.0
 20
65.48565364804767
 10
344.0
 20
65.23566805201551
 10
344.0
 20
64.98568245598335
 10
344.0
 20
64.73569685995108
 10
344.0
 20
64.48571126391892
 10
344.0
 20
64.23572566788675
 10
344.0
 20
63.98574007185449
 10
344.0
 20
63.73575447582232
 10
344.0
 20
63.48576887979016
 10
344.0
 20
63.235783283757996
 10
344.0
 20
62.98579768772573
 10
344.0
 20
62.73581209169357
 10
344.0
 20
62.4858264956614
 10
344.0
 20
62.23584089962924
 10
344.0
 20
61.98585530359708
 10
344.0
 20
61.735869707564916
 10
344.0
 20
61.485884111532755
 10
344.0
 20
61.235898515500594
 10
344.0
 20
60.98591291946832
 10
344.0
 20
60.73592732343616
 10
344.0
 20
60.485941727404
 10
344.0
 20
60.23595613137173
 10
344.0
 20
59.98597053533957
 10
344.0
 20
59.7359849393074
 10
344.0
 20
59.48599934327524
 10
344.0
 20
59.23601374724296
 10
344.0
 20
58.98602815121081
 10
344.0
 20
58.73604255517865
 10
344.0
 20
58.48605695914648
 10
344.0
 20
58.23607136311432
 10
344.0
 20
57.98608576708216
 10
344.0
 20
57.73610017105
 10
344.0
 20
57.48611457501784
 10
344.0
 20
57.236128978985676
 10
344.0
 20
56.9861433829534
 10
344.0
 20
56.73615778692124
 10
344.0
 20
56.48617219088897
 10
344.0
 20
56.23618659485681
 10
344.0
 20
55.98620099882465
 10
344.0
 20
55.73621540279248
 10
344.0
 20
55.48622980676032
 10
344.0
 20
55.23624421072804
 10
344.0
 20
54.98625861469589
 10
344.0
 20
54.73627301866373
 10
344.0
 20
54.48628742263156
 10
344.0
 20
54.2363018265994
 10
344.0
 20
53.98631623056724
 10
344.0
 20
53.73633063453508
 10
344.0
 20
53.48634503850292
 10
344.0
 20
53.23635944247064
 10
344.0
 20
52.98637384643836
 10
344.0
 20
52.7363882504062
 10
344.0
 20
52.486402654374054
 10
344.0
 20
52.23641705834189
 10
344.0
 20
51.986431462309724
 10
344.0
 20
51.73644586627756
 10
344.0
 20
51.48646027024528
 10
344.0
 20
51.23647467421312
 10
344.0
 20
50.98648907818097
 10
344.0
 20
50.73650348214881
 10
344.0
 20
50.486517886116644
 10
344.0
 20
50.23653229008448
 10
344.0
 20
49.98654669405232
 10
344.0
 20
49.73656109802016
 10
344.0
 20
49.48657550198789
 10
344.0
 20
49.23658990595561
 10
344.0
 20
48.98660430992345
 10
344.0
 20
48.73661871389129
 10
344.0
 20
48.48663311785913
 10
344.0
 20
48.23664752182697
 10
344.0
 20
47.986661925794806
 10
344.0
 20
47.73667632976253
 10
344.0
 20
47.48669073373037
 10
344.0
 20
47.23670513769821
 10
344.0
 20
46.98671954166605
 10
344.0
 20
46.73673394563389
 10
344.0
 20
46.486748349601726
 10
344.0
 20
46.236762753569565
 10
344.0
 20
45.986777157537404
 10
344.0
 20
45.73679156150524
 10
344.0
 20
45.486805965472854
 10
344.0
 20
45.23682036944069
 10
344.0
 20
44.98683477340853
 10
344.0
 20
44.73684917737637
 10
344.0
 20
44.48686358134421
 10
344.0
 20
44.23687798531205
 10
344.0
 20
43.98689238927989
 10
344.0
 20
43.73690679324761
 10
344.0
 20
43.48692119721545
 10
344.0
 20
43.23693560118329
 10
344.0
 20
42.98695000515113
 10
344.0
 20
42.73696440911897
 10
344.0
 20
42.48697881308681
 10
344.0
 20
42.236993217054646
 10
344.0
 20
41.98700762102226
 10
344.0
 20
41.7370220249901
 10
344.0
 20
41.487036428957936
 10
344.0
 20
41.237050832925775
 10
344.0
 20
40.98706523689361
 10
344.0
 20
40.73707964086145
 10
344.0
 20
40.48709404482929
 10
344.0
 20
40.23710844879713
 10
344.0
 20
39.987122852764855
 10
344.0
 20
39.737137256732694
 10
344.0
 20
39.48715166070053
 10
344.0
 20
39.23716606466837
 10
344.0
 20
38.98718046863621
 10
344.0
 20
38.73719487260405
 10
344.0
 20
38.48720927657189
 10
344.0
 20
38.2372236805395
 10
344.0
 20
37.98723808450734
 10
344.0
 20
37.73725248847518
 10
344.0
 20
37.48726689244302
 10
344.0
 20
37.237281296410856
 10
344.0
 20
36.987295700378695
 10
344.0
 20
36.737310104346534
 10
344.0
 20
36.48732450831437
 10
344.0
 20
36.2373389122821
 10
344.0
 20
35.98735331624994
 10
344.0
 20
35.737367720217776
 10
344.0
 20
35.487382124185615
 10
344.0
 20
35.237396528153454
 10
344.0
 20
34.98741093212129
 10
344.0
 20
34.73742533608913
 10
344.0
 20
34.48743974005674
 10
344.0
 20
34.23745414402458
 10
344.0
 20
33.98746854799242
 10
344.0
 20
33.73748295196026
 10
344.0
 20
33.4874973559281
 10
344.0
 20
33.23751175989594
 10
344.0
 20
32.98752616386378
 10
344.0
 20
32.737540567831616
 10
344.0
 20
32.48755497179934
 10
344.0
 20
32.23756937576718
 10
344.0
 20
31.98758377973502
 10
344.0
 20
31.737598183702858
 10
344.0
 20
31.487612587670696
 10
344.0
 20
31.237626991638535
 10
344.0
 20
30.98764139560626
 10
344.0
 20
30.737655799573986
 10
344.0
 20
30.487670203541825
 10
344.0
 20
30.237684607509664
 10
344.0
 20
29.987699011477503
 10
344.0
 20
29.73771341544534
 10
344.0
 20
29.48772781941318
 10
344.0
 20
29.23774222338102
 10
344.0
 20
28.98775662734886
 10
344.0
 20
28.737771031316697
 10
344.0
 20
28.487785435284422
 10
344.0
 20
28.23779983925226
 10
344.0
 20
27.9878142432201
 10
344.0
 20
27.73782864718794
 10
344.0
 20
27.487843051155778
 10
344.0
 20
27.237857455123503
 10
344.0
 20
26.987871859091342
 10
344.0
 20
26.737886263059067
 10
344.0
 20
26.487900667026906
 10
344.0
 20
26.237915070994745
 10
344.0
 20
25.987929474962584
 10
344.0
 20
25.737943878930423
 10
344.0
 20
25.487958282898262
 10
344.0
 20
25.2379726868661
 10
344.0
 20
24.98798709083394
 10
344.0
 20
24.738001494801665
 10
344.0
 20
24.488015898769504
 10
344.0
 20
24.238030302737343
 10
344.0
 20
23.988044706705182
 10
344.0
 20
23.73805911067302
 10
344.0
 20
23.488073514640746
 10
344.0
 20
23.238087918608585
 10
344.0
 20
22.98810232257631
 10
344.0
 20
22.73811672654415
 10
344.0
 20
22.488131130511988
 10
344.0
 20
22.238145534479827
 10
344.0
 20
21.988159938447666
 10
344.0
 20
21.738174342415505
 10
344.0
 20
21.488188746383344
 10
344.0
 20
21.238203150351183
 10
344.0
 20
20.988217554318908
 10
344.0
 20
20.738231958286747
 10
344.0
 20
20.488246362254586
 10
344.0
 20
20.238260766222425
 10
344.0
 20
19.98827517019015
 10
344.0
 20
19.73828957415799
 10
344.0
 20
19.488303978125828
 10
344.0
 20
19.238318382093553
 10
344.0
 20
18.98833278606139
 10
344.0
 20
18.73834719002923
 10
344.0
 20
18.48836159399707
 10
344.0
 20
18.23837599796491
 10
344.0
 20
17.988390401932747
 10
344.0
 20
17.738404805900586
 10
344.0
 20
17.488419209868425
 10
344.0
 20
17.23843361383615
 10
344.0
 20
16.98844801780399
 10
344.0
 20
16.73846242177183
 10
344.0
 20
16.488476825739667
 10
344.0
 20
16.238491229707392
 10
344.0
 20
15.988505633675231
 10
344.0
 20
15.73852003764307
 10
344.0
 20
15.488534441610796
 10
344.0
 20
15.238548845578634
 10
344.0
 20
14.988563249546473
 10
344.0
 20
14.738577653514312
 10
344.0
 20
14.488592057482151
 10
344.0
 20
14.23860646144999
 10
344.0
 20
13.988620865417829
 10
344.0
 20
13.738635269385668
 10
344.0
 20
13.488649673353507
 10
344.0
 20
13.238664077321232
 10
344.0
 20
12.988678481289071
 10
344.0
 20
12.73869288525691
 10
344.0
 20
12.488707289224635
 10
344.0
 20
12.238721693192474
 10
344.0
 20
11.988736097160313
 10
344.0
 20
11.738750501128152
 10
344.0
 20
11.488764905095877
 10
344.0
 20
11.238779309063716
 10
344.0
 20
10.988793713031555
 10
344.0
 20
10.738808116999394
 10
344.0
 20
10.488822520967233
 10
344.0
 20
10.238836924935072
 10
344.0
 20
9.98885132890291
 10
344.0
 20
9.73886573287075
 10
344.0
 20
9.488880136838475
 10
344.0
 20
9.238894540806314
 10
344.0
 20
8.988908944774039
 10
344.0
 20
8.738923348741878
 10
344.0
 20
8.488937752709717
 10
344.0
 20
8.238952156677556
 10
344.0
 20
7.988966560645395
 10
344.0
 20
7.73898096461312
 10
344.0
 20
7.488995368580959
 10
344.0
 20
7.239009772548798
 10
344.0
 20
6.9890241765166365
 10
344.0
 20
6.7390385804844755
 10
344.0
 20
6.489052984452314
 10
344.0
 20
6.239067388420153
 10
344.0
 20
5.989081792387992
 10
344.0
 20
5.739096196355717
 10
344.0
 20
5.489110600323556
 10
344.0
 20
5.239125004291282
 10
344.0
 20
4.9891394082591205
 10
344.0
 20
4.739153812226959
 10
344.0
 20
4.489168216194798
 10
344.0
 20
4.239182620162637
 10
344.0
 20
3.9891970241303625
 10
344.0
 20
3.7392114280982014
 10
344.0
 20
3.4892258320660403
 10
344.0
 20
3.2392402360338792
 10
344.0
 20
2.989254640001718
 10
344.0
 20
2.739269043969557
 10
344.0
 20
2.489283447937396
 10
344.0
 20
2.239297851905235
 10
344.0
 20
1.9893122558730738
 10
344.0
 20
1.739326659840799
 10
344.0
 20
1.4893410638085243
 10
344.0
 20
1.2393554677763632
 10
344.0
 20
0.9893698717442021
 10
344.0
 20
0.739384275712041
 10
344.0
 20
0.48939867967987993
 10
344.0
 20
0.23941308364771885
 10
343.98942748761544
 20
0.0
 10
343.7394418915833
 20
0.0
 10
343.4894562955511
 20
0.0
 10
343.23947069951896
 20
0.0
 10
342.9894851034868
 20
0.0
 10
342.73949950745464
 20
0.0
 10
342.4895139114225
 20
0.0
 10
342.2395283153903
 20
0.0
 10
341.9895427193579
 20
0.0
 10
341.73955712332577
 20
0.0
 10
341.4895715272936
 20
0.0
 10
341.23958593126144
 20
0.0
 10
340.9896003352293
 20
0.0
 10
340.7396147391971
 20
0.0
 10
340.5
 20
0.010370856835038467
 10
340.5
 20
0.26035645286731324
 10
340.5
 20
0.5103420488994743
 10
340.5
 20
0.7603276449316354
 10
340.5
 20
1.0103132409637965
 10
340.5
 20
1.2602988369959576
 10
340.5
 20
1.5102844330281187
 10
340.5
 20
1.7602700290602797
 10
340.5
 20
2.010255625092441
 10
340.5
 20
2.2602412211248293
 10
340.5
 20
2.5102268171569904
 10
340.5
 20
2.7602124131891514
 10
340.5
 20
3.0101980092213125
 10
340.5
 20
3.2601836052534736
 10
340.5
 20
3.5101692012856347
 10
340.5
 20
3.760154797317796
 10
340.5
 20
4.0101403933500706
 10
340.5
 20
4.260125989382232
 10
340.5
 20
4.510111585414393
 10
340.5
 20
4.760097181446554
 10
340.5
 20
5.010082777478715
 10
340.5
 20
5.260068373510876
 10
340.5
 20
5.510053969543037
 10
340.5
 20
5.760039565575198
 10
340.5
 20
6.010025161607587
 10
340.5
 20
6.260010757639748
 10
340.5
 20
6.509996353671909
 10
340.5
 20
6.75998194970407
 10
340.5
 20
7.009967545736231
 10
340.5
 20
7.259953141768392
 10
340.5
 20
7.509938737800553
 10
340.5
 20
7.759924333832828
 10
340.5
 20
8.009909929864989
 10
340.5
 20
8.25989552589715
 10
340.5
 20
8.509881121929311
 10
340.5
 20
8.759866717961472
 10
340.5
 20
9.009852313993633
 10
340.5
 20
9.259837910025794
 10
340.5
 20
9.509823506058183
 10
340.5
 20
9.759809102090344
 10
340.5
 20
10.009794698122505
 10
340.5
 20
10.259780294154666
 10
340.5
 20
10.509765890186827
 10
340.5
 20
10.759751486218988
 10
340.5
 20
11.00973708225115
 10
340.5
 20
11.25972267828331
 10
340.5
 20
11.509708274315471
 10
340.5
 20
11.759693870347746
 10
340.5
 20
12.009679466379907
 10
340.5
 20
12.259665062412068
 10
340.49034934155577
 20
12.5
 10
340.2403637455236
 20
12.5
 10
339.99037814949145
 20
12.5
 10
339.7403925534592
 20
12.5
 10
339.4904069574269
 20
12.5
 10
339.24042136139474
 20
12.5
 10
338.9904357653626
 20
12.5
 10
338.7404501693304
 20
12.5
 10
338.49046457329825
 20
12.5
 10
338.2404789772661
 20
12.5
 10
337.99049338123393
 20
12.5
 10
337.74050778520177
 20
12.5
 10
337.4905221891695
 20
12.5
 10
337.24053659313734
 20
12.5
 10
336.9905509971052
 20
12.5
 10
336.740565401073
 20
12.5
 10
336.49057980504085
 20
12.5
 10
336.2405942090087
 20
12.5
 10
335.9906086129764
 20
12.5
 10
335.74062301694414
 20
12.5
 10
335.490637420912
 20
12.5
 10
335.2406518248798
 20
12.5
 10
334.99066622884766
 20
12.5
 10
334.7406806328155
 20
12.5
 10
334.49069503678334
 20
12.5
 10
334.2407094407512
 20
12.5
 10
333.990723844719
 20
12.5
 10
333.74073824868674
 20
12.5
 10
333.4907526526546
 20
12.5
 10
333.2407670566224
 20
12.5
 10
332.99078146059026
 20
12.5
 10
332.7407958645581
 20
12.5
 10
332.4908102685258
 20
12.5
 10
332.24082467249366
 20
12.5
 10
331.9908390764614
 20
12.5
 10
331.7408534804292
 20
12.5
 10
331.49086788439706
 20
12.5
 10
331.2408822883649
 20
12.5
 10
330.99089669233274
 20
12.5
 10
330.7409110963006
 20
12.5
 10
330.4909255002684
 20
12.5
 10
330.24093990423626
 20
12.5
 10
329.9909543082041
 20
12.5
 10
329.7409687121718
 20
12.5
 10
329.49098311613966
 20
12.5
 10
329.2409975201075
 20
12.5
 10
328.99101192407534
 20
12.5
 10
328.74102632804306
 20
12.5
 10
328.4910407320109
 20
12.5
 10
328.2410551359786
 20
12.5
 10
327.99106953994647
 20
12.5
 10
327.7410839439143
 20
12.5
 10
327.49109834788214
 20
12.5
 10
327.24111275185
 20
12.5
 10
326.9911271558178
 20
12.5
 10
326.74114155978566
 20
12.5
 10
326.4911559637535
 20
12.5
 10
326.24117036772134
 20
12.5
 10
325.99118477168906
 20
12.5
 10
325.7411991756569
 20
12.5
 10
325.49121357962474
 20
12.5
 10
325.2412279835926
 20
12.5
 10
324.9912423875603
 20
12.5
 10
324.74125679152814
 20
12.5
 10
324.491271195496
 20
12.5
 10
324.2412855994637
 20
12.5
 10
323.99130000343155
 20
12.5
 10
323.7413144073994
 20
12.5
 10
323.5
 20
12.491328811367211
 10
323.5
 20
12.24134321533505
 10
323.5
 20
11.991357619302889
 10
323.5
 20
11.741372023270728
 10
323.5
 20
11.491386427238567
 10
323.5
 20
11.241400831206292
 10
323.5
 20
10.99141523517413
 10
323.5
 20
10.74142963914197
 10
323.5
 20
10.491444043109695
 10
323.5
 20
10.241458447077534
 10
323.5
 20
9.991472851045373
 10
323.3908532345162
 20
10.127510756992379
 10
323.2326167296578
 20
10.32075018589262
 10
323.0477743554672
 20
10.488719126637577
 10
322.8403159101812
 20
10.627791991823088
 10
322.61471935694453
 20
10.734966912019843
 10
322.3758541675671
 20
10.80793053072874
 10
322.12887621561737
 20
10.845107937875397
 10
321.8791164875728
 20
10.84569666403614
 10
321.6319660141802
 20
10.809684001634523
 10
321.3927595057695
 20
10.73784727923271
 10
321.16666020323566
 20
10.631737082997134
 10
320.9585484301656
 20
10.493643787500787
 10
320.77291625169795
 20
10.326548118290532
 10
320.6137705138908
 20
10.134056813320015
 10
320.48454635647823
 20
9.920324771986884
 10
320.3880330658328
 20
9.689965372178222
 10
320.32631386858765
 20
9.447950891117912
 10
320.30072096546485
 20
9.19950517941983
 10
320.3118067758986
 20
8.949990904961538
 10
320.35933201413457
 20
8.70479380040679
 10
320.4422708541815
 20
8.469206412877071
 10
320.5588330721299
 20
8.248313865020933
 10
320.70650268789825
 20
8.046884093313139
 10
320.8820922723312
 20
7.86926493277555
 10
321.08181174743686
 20
7.719290269532266
 10
321.3013501947198
 20
7.600197286883926
 10
321.53596890578706
 20
7.5145565911339105
 10
321.7806036667439
 20
7.464216725390315
 10
322.0299740685808
 20
7.4502642690074765
 10
322.27869748410575
 20
7.473000383913842
 10
322.5214052512406
 20
7.531934314071663
 10
322.75285855488323
 20
7.625793978381182
 10
322.96806150604016
 20
7.752553428383308
 10
323.16236897742965
 20
7.909476578089269
 10
323.33158686794184
 20
8.093176262035712
 10
323.47206263175667
 20
8.299687346803736
 10
323.5
 20
8.157565910813446
 10
323.5
 20
7.907580314781285
 10
323.5
 20
7.657594718749124
 10
323.5
 20
7.407609122716963
 10
323.5
 20
7.157623526684688
 10
323.5
 20
6.907637930652413
 10
323.5
 20
6.657652334620252
 10
323.5
 20
6.407666738588091
 10
323.5
 20
6.15768114255593
 10
323.5
 20
5.907695546523769
 10
323.5
 20
5.657709950491608
 10
323.5
 20
5.407724354459333
 10
323.5
 20
5.157738758427172
 10
323.5
 20
4.907753162395011
 10
323.5
 20
4.65776756636285
 10
323.5
 20
4.407781970330689
 10
323.5
 20
4.1577963742985276
 10
323.5
 20
3.9078107782663665
 10
323.5
 20
3.6578251822342054
 10
323.5
 20
3.4078395862019306
 10
323.5
 20
3.157853990169656
 10
323.5
 20
2.9078683941374948
 10
323.5
 20
2.6578827981053337
 10
323.5
 20
2.4078972020731726
 10
323.5
 20
2.1579116060410115
 10
323.5
 20
1.9079260100088504
 10
323.5
 20
1.6579404139765757
 10
323.5
 20
1.4079548179444146
 10
323.5
 20
1.1579692219122535
 10
323.5
 20
0.9079836258800924
 10
323.5
 20
0.6579980298479313
 10
323.5
 20
0.40801243381577024
 10
323.5
 20
0.15802683778360915
 10
323.40804124175145
 20
0.0
 10
323.1580556457193
 20
0.0
 10
322.9080700496869
 20
0.0
 10
322.65808445365474
 20
0.0
 10
322.4080988576226
 20
0.0
 10
322.1581132615904
 20
0.0
 10
321.90812766555825
 20
0.0
 10
321.6581420695261
 20
0.0
 10
321.4081564734938
 20
0.0
 10
321.15817087746166
 20
0.0
 10
320.9081852814295
 20
0.0
 10
320.65819968539734
 20
0.0
 10
320.4082140893652
 20
0.0
 10
320.158228493333
 20
0.0
 10
319.90824289730085
 20
0.0
 10
319.6582573012687
 20
0.0
 10
319.4082717052363
 20
0.0
 10
319.15828610920414
 20
0.0
 10
318.908300513172
 20
0.0
 10
318.6583149171398
 20
0.0
 10
318.40832932110766
 20
0.0
 10
318.1583437250755
 20
0.0
 10
317.90835812904334
 20
0.0
 10
317.6583725330112
 20
0.0
 10
317.4083869369789
 20
0.0
 10
317.15840134094674
 20
0.0
 10
316.9084157449146
 20
0.0
 10
316.6584301488824
 20
0.0
 10
316.40844455285026
 20
0.0
 10
316.1584589568181
 20
0.0
 10
315.90847336078593
 20
0.0
 10
315.65848776475354
 20
0.0
 10
315.4085021687214
 20
0.0
 10
315.1585165726892
 20
0.0
 10
314.90853097665706
 20
0.0
 10
314.6585453806249
 20
0.0
 10
314.40855978459274
 20
0.0
 10
314.1585741885606
 20
0.0
 10
313.9085885925284
 20
0.0
 10
313.65860299649614
 20
0.0
 10
313.408617400464
 20
0.0
 10
313.1586318044318
 20
0.0
 10
312.90864620839966
 20
0.0
 10
312.6586606123675
 20
0.0
 10
312.40867501633534
 20
0.0
 10
312.1586894203032
 20
0.0
 10
311.9087038242708
 20
0.0
 10
311.6587182282386
 20
0.0
 10
311.40873263220647
 20
0.0
 10
311.1587470361743
 20
0.0
 10
310.90876144014214
 20
0.0
 10
310.65877584411
 20
0.0
 10
310.4087902480778
 20
0.0
 10
310.15880465204566
 20
0.0
 10
309.9088190560134
 20
0.0
 10
309.6588334599812
 20
0.0
 10
309.40884786394906
 20
0.0
 10
309.1588622679169
 20
0.0
 10
308.90887667188474
 20
0.0
 10
308.6588910758526
 20
0.0
 10
308.4089054798203
 20
0.0
 10
308.15891988378803
 20
0.0
 10
307.90893428775587
 20
0.0
 10
307.6589486917237
 20
0.0
 10
307.40896309569155
 20
0.0
 10
307.1589774996594
 20
0.0
 10
306.9089919036272
 20
0.0
 10
306.65900630759506
 20
0.0
 10
306.4090207115629
 20
0.0
 10
306.15903511553074
 20
0.0
 10
305.90904951949847
 20
0.0
 10
305.6590639234663
 20
0.0
 10
305.40907832743414
 20
0.0
 10
305.159092731402
 20
0.0
 10
304.9091071353698
 20
0.0
 10
304.65912153933755
 20
0.0
 10
304.4091359433054
 20
0.0
 10
304.1591503472731
 20
0.0
 10
303.90916475124095
 20
0.0
 10
303.6591791552088
 20
0.0
 10
303.40919355917663
 20
0.0
 10
303.15920796314447
 20
0.0
 10
302.9092223671123
 20
0.0
 10
302.65923677108015
 20
0.0
 10
302.409251175048
 20
0.0
 10
302.1592655790157
 20
0.0
 10
301.90927998298355
 20
0.0
 10
301.6592943869514
 20
0.0
 10
301.4093087909192
 20
0.0
 10
301.15932319488707
 20
0.0
 10
300.9093375988548
 20
0.0
 10
300.65935200282263
 20
0.0
 10
300.40936640679035
 20
0.0
 10
300.1593808107582
 20
0.0
 10
299.90939521472603
 20
0.0
 10
299.65940961869387
 20
0.0
 10
299.4094240226617
 20
0.0
 10
299.15943842662955
 20
0.0
 10
298.9094528305974
 20
0.0
 10
298.6594672345652
 20
0.0
 10
298.40948163853295
 20
0.0
 10
298.1594960425008
 20
0.0
 10
297.90951044646863
 20
0.0
 10
297.65952485043647
 20
0.0
 10
297.4095392544042
 20
0.0
 10
297.15955365837203
 20
0.0
 10
296.9095680623399
 20
0.0
 10
296.6595824663076
 20
0.0
 10
296.40959687027544
 20
0.0
 10
296.1596112742433
 20
0.0
 10
295.9096256782111
 20
0.0
 10
295.65964008217895
 20
0.0
 10
295.4096544861468
 20
0.0
 10
295.15966889011463
 20
0.0
 10
294.90968329408247
 20
0.0
 10
294.6596976980502
 20
0.0
 10
294.40971210201803
 20
0.0
 10
294.1597265059859
 20
0.0
 10
293.9097409099537
 20
0.0
 10
293.65975531392144
 20
0.0
 10
293.4097697178893
 20
0.0
 10
293.1597841218571
 20
0.0
 10
292.90979852582484
 20
0.0
 10
292.6598129297927
 20
0.0
 10
292.4098273337605
 20
0.0
 10
292.15984173772836
 20
0.0
 10
291.9098561416962
 20
0.0
 10
291.65987054566403
 20
0.0
 10
291.4098849496319
 20
0.0
 10
291.1598993535997
 20
0.0
 10
290.90991375756755
 20
0.0
 10
290.6599281615353
 20
0.0
 10
290.4099425655031
 20
0.0
 10
290.15995696947095
 20
0.0
 10
289.9099713734387
 20
0.0
 10
289.6599857774065
 20
0.0
 10
289.41000018137436
 20
0.0
 10
289.1600145853422
 20
0.0
 10
288.9100289893099
 20
0.0
 10
288.66004339327776
 20
0.0
 10
288.4100577972456
 20
0.0
 10
288.16007220121344
 20
0.0
 10
287.9100866051813
 20
0.0
 10
287.6601010091491
 20
0.0
 10
287.41011541311696
 20
0.0
 10
287.1601298170848
 20
0.0
 10
286.9101442210525
 20
0.0
 10
286.66015862502036
 20
0.0
 10
286.4101730289881
 20
0.0
 10
286.1601874329559
 20
0.0
 10
285.91020183692376
 20
0.0
 10
285.6602162408916
 20
0.0
 10
285.41023064485944
 20
0.0
 10
285.16024504882716
 20
0.0
 10
284.910259452795
 20
0.0
 10
284.66027385676284
 20
0.0
 10
284.4102882607307
 20
0.0
 10
284.1603026646985
 20
0.0
 10
283.91031706866636
 20
0.0
 10
283.6603314726342
 20
0.0
 10
283.41034587660204
 20
0.0
 10
283.16036028056976
 20
0.0
 10
282.9103746845376
 20
0.0
 10
282.6603890885053
 20
0.0
 10
282.41040349247316
 20
0.0
 10
282.160417896441
 20
0.0
 10
281.91043230040884
 20
0.0
 10
281.6604467043767
 20
0.0
 10
281.4104611083444
 20
0.0
 10
281.16047551231225
 20
0.0
 10
280.9104899162801
 20
0.0
 10
280.6605043202479
 20
0.0
 10
280.41051872421576
 20
0.0
 10
280.1605331281836
 20
0.0
 10
279.91054753215144
 20
0.0
 10
279.6605619361193
 20
0.0
 10
279.4105763400871
 20
0.0
 10
279.16059074405484
 20
0.0
 10
278.91060514802257
 20
0.0
 10
278.6606195519904
 20
0.0
 10
278.41063395595825
 20
0.0
 10
278.1606483599261
 20
0.0
 10
277.9106627638939
 20
0.0
 10
277.66067716786176
 20
0.0
 10
277.4106915718295
 20
0.0
 10
277.1607059757973
 20
0.0
 10
276.91072037976517
 20
0.0
 10
276.660734783733
 20
0.0
 10
276.41074918770084
 20
0.0
 10
276.1607635916687
 20
0.0
 10
275.9107779956365
 20
0.0
 10
275.66079239960436
 20
0.0
 10
275.410806803572
 20
0.0
 10
275.1608212075398
 20
0.0
 10
274.91083561150765
 20
0.0
 10
274.6608500154755
 20
0.0
 10
274.4108644194433
 20
0.0
 10
274.16087882341117
 20
0.0
 10
273.910893227379
 20
0.0
 10
273.66090763134673
 20
0.0
 10
273.41092203531457
 20
0.0
 10
273.1609364392824
 20
0.0
 10
272.91095084325025
 20
0.0
 10
272.6609652472181
 20
0.0
 10
272.4109796511859
 20
0.0
 10
272.16099405515376
 20
0.0
 10
271.9110084591216
 20
0.0
 10
271.6610228630892
 20
0.0
 10
271.41103726705705
 20
0.0
 10
271.1610516710249
 20
0.0
 10
270.91106607499273
 20
0.0
 10
270.66108047896057
 20
0.0
 10
270.4110948829284
 20
0.0
 10
270.16110928689625
 20
0.0
 10
269.911123690864
 20
0.0
 10
269.6611380948318
 20
0.0
 10
269.41115249879965
 20
0.0
 10
269.1611669027675
 20
0.0
 10
268.91118130673533
 20
0.0
 10
268.66119571070317
 20
0.0
 10
268.411210114671
 20
0.0
 10
268.16122451863885
 20
0.0
 10
267.91123892260646
 20
0.0
 10
267.6612533265743
 20
0.0
 10
267.41126773054214
 20
0.0
 10
267.16128213451
 20
0.0
 10
266.9112965384778
 20
0.0
 10
266.66131094244565
 20
0.0
 10
266.4113253464135
 20
0.0
 10
266.1613397503812
 20
0.0
 10
265.91135415434906
 20
0.0
 10
265.6613685583169
 20
0.0
 10
265.41138296228473
 20
0.0
 10
265.1613973662526
 20
0.0
 10
264.9114117702204
 20
0.0
 10
264.66142617418825
 20
0.0
 10
264.41144057815586
 20
0.0
 10
264.1614549821237
 20
0.0
 10
263.91146938609154
 20
0.0
 10
263.6614837900594
 20
0.0
 10
263.4114981940272
 20
0.0
 10
263.16151259799506
 20
0.0
 10
262.9115270019629
 20
0.0
 10
262.66154140593073
 20
0.0
 10
262.4115558098986
 20
0.0
 10
262.1615702138663
 20
0.0
 10
261.91158461783414
 20
0.0
 10
261.661599021802
 20
0.0
 10
261.4116134257698
 20
0.0
 10
261.16162782973765
 20
0.0
 10
260.9116422337055
 20
0.0
 10
260.6616566376732
 20
0.0
 10
260.41167104164094
 20
0.0
 10
260.1616854456088
 20
0.0
 10
259.9116998495766
 20
0.0
 10
259.66171425354446
 20
0.0
 10
259.4117286575123
 20
0.0
 10
259.16174306148014
 20
0.0
 10
258.911757465448
 20
0.0
 10
258.6617718694158
 20
0.0
 10
258.41178627338354
 20
0.0
 10
258.1618006773514
 20
0.0
 10
257.9118150813192
 20
0.0
 10
257.66182948528706
 20
0.0
 10
257.4118438892549
 20
0.0
 10
257.16185829322274
 20
0.0
 10
256.91187269719046
 20
0.0
 10
256.6618871011582
 20
0.0
 10
256.411901505126
 20
0.0
 10
256.16191590909386
 20
0.0
 10
255.9119303130617
 20
0.0
 10
255.66194471702954
 20
0.0
 10
255.41195912099738
 20
0.0
 10
255.16197352496522
 20
0.0
 10
254.91198792893306
 20
0.0
 10
254.66200233290078
 20
0.0
 10
254.41201673686862
 20
0.0
 10
254.16203114083646
 20
0.0
 10
253.9120455448043
 20
0.0
 10
253.66205994877214
 20
0.0
 10
253.41207435273986
 20
0.0
 10
253.1620887567077
 20
0.0
 10
252.91210316067543
 20
0.0
 10
252.66211756464327
 20
0.0
 10
252.4121319686111
 20
0.0
 10
252.16214637257895
 20
0.0
 10
251.91216077654678
 20
0.0
 10
251.66217518051462
 20
0.0
 10
251.41218958448246
 20
0.0
 10
251.1622039884503
 20
0.0
 10
250.91221839241803
 20
0.0
 10
250.66223279638587
 20
0.0
 10
250.4122472003537
 20
0.0
 10
250.16226160432154
 20
0.0
 10
249.91227600828938
 20
0.0
 10
249.6622904122571
 20
0.0
 10
249.41230481622495
 20
0.0
 10
249.16231922019267
 20
0.0
 10
248.9123336241605
 20
0.0
 10
248.66234802812835
 20
0.0
 10
248.4123624320962
 20
0.0
 10
248.16237683606403
 20
0.0
 10
247.91239124003187
 20
0.0
 10
247.6624056439997
 20
0.0
 10
247.41242004796754
 20
0.0
 10
247.16243445193538
 20
0.0
 10
246.9124488559031
 20
0.0
 10
246.66246325987095
 20
0.0
 10
246.41247766383879
 20
0.0
 10
246.16249206780662
 20
0.0
 10
245.91250647177435
 20
0.0
 10
245.6625208757422
 20
0.0
 10
245.41253527971003
 20
0.0
 10
245.16254968367775
 20
0.0
 10
244.9125640876456
 20
0.0
 10
244.66257849161343
 20
0.0
 10
244.41259289558127
 20
0.0
 10
244.1626072995491
 20
0.0
 10
243.91262170351695
 20
0.0
 10
243.6626361074848
 20
0.0
 10
243.41265051145263
 20
0.0
 10
243.16266491542035
 20
0.0
 10
242.9126793193882
 20
0.0
 10
242.66269372335603
 20
0.0
 10
242.41270812732375
 20
0.0
 10
242.1627225312916
 20
0.0
 10
241.91273693525943
 20
0.0
 10
241.66275133922727
 20
0.0
 10
241.412765743195
 20
0.0
 10
241.16278014716283
 20
0.0
 10
240.91279455113067
 20
0.0
 10
240.6628089550985
 20
0.0
 10
240.41282335906635
 20
0.0
 10
240.1628377630342
 20
0.0
 10
239.91285216700203
 20
0.0
 10
239.66286657096987
 20
0.0
 10
239.4128809749376
 20
0.0
 10
239.16289537890543
 20
0.0
 10
238.91290978287327
 20
0.0
 10
238.662924186841
 20
0.0
 10
238.41293859080884
 20
0.0
 10
238.16295299477667
 20
0.0
 10
237.9129673987445
 20
0.0
 10
237.66298180271224
 20
0.0
 10
237.41299620668008
 20
0.0
 10
237.16301061064792
 20
0.0
 10
236.91302501461576
 20
0.0
 10
236.6630394185836
 20
0.0
 10
236.41305382255143
 20
0.0
 10
236.16306822651927
 20
0.0
 10
235.9130826304871
 20
0.0
 10
235.66309703445495
 20
0.0
 10
235.41311143842267
 20
0.0
 10
235.1631258423905
 20
0.0
 10
234.91314024635824
 20
0.0
 10
234.66315465032608
 20
0.0
 10
234.41316905429392
 20
0.0
 10
234.16318345826176
 20
0.0
 10
233.9131978622296
 20
0.0
 10
233.66321226619732
 20
0.0
 10
233.41322667016516
 20
0.0
 10
233.163241074133
 20
0.0
 10
232.91325547810084
 20
0.0
 10
232.66326988206868
 20
0.0
 10
232.41328428603651
 20
0.0
 10
232.16329869000435
 20
0.0
 10
231.9133130939722
 20
0.0
 10
231.66332749793992
 20
0.0
 10
231.41334190190764
 20
0.0
 10
231.16335630587548
 20
0.0
 10
230.91337070984332
 20
0.0
 10
230.66338511381116
 20
0.0
 10
230.413399517779
 20
0.0
 10
230.16341392174684
 20
0.0
 10
229.91342832571456
 20
0.0
 10
229.6634427296824
 20
0.0
 10
229.41345713365024
 20
0.0
 10
229.16347153761808
 20
0.0
 10
228.91348594158592
 20
0.0
 10
228.66350034555376
 20
0.0
 10
228.4135147495216
 20
0.0
 10
228.16352915348943
 20
0.0
 10
227.91354355745716
 20
0.0
 10
227.66355796142489
 20
0.0
 10
227.41357236539272
 20
0.0
 10
227.16358676936056
 20
0.0
 10
226.9136011733284
 20
0.0
 10
226.66361557729624
 20
0.0
 10
226.41362998126408
 20
0.0
 10
226.1636443852318
 20
0.0
 10
225.91365878919964
 20
0.0
 10
225.66367319316748
 20
0.0
 10
225.41368759713532
 20
0.0
 10
225.16370200110316
 20
0.0
 10
224.913716405071
 20
0.0
 10
224.66373080903884
 20
0.0
 10
224.41374521300668
 20
0.0
 10
224.1637596169744
 20
0.0
 10
223.91377402094213
 20
0.0
 10
223.66378842490997
 20
0.0
 10
223.4138028288778
 20
0.0
 10
223.16381723284564
 20
0.0
 10
222.91383163681348
 20
0.0
 10
222.66384604078132
 20
0.0
 10
222.41386044474905
 20
0.0
 10
222.1638748487169
 20
0.0
 10
221.91388925268473
 20
0.0
 10
221.66390365665256
 20
0.0
 10
221.4139180606204
 20
0.0
 10
221.16393246458824
 20
0.0
 10
220.91394686855608
 20
0.0
 10
220.66396127252392
 20
0.0
 10
220.41397567649153
 20
0.0
 10
220.16399008045937
 20
0.0
 10
219.9140044844272
 20
0.0
 10
219.66401888839505
 20
0.0
 10
219.4140332923629
 20
0.0
 10
219.16404769633073
 20
0.0
 10
218.91406210029857
 20
0.0
 10
218.6640765042664
 20
0.0
 10
218.41409090823413
 20
0.0
 10
218.16410531220197
 20
0.0
 10
217.9141197161698
 20
0.0
 10
217.66413412013765
 20
0.0
 10
217.41414852410549
 20
0.0
 10
217.16416292807332
 20
0.0
 10
216.91417733204116
 20
0.0
 10
216.66419173600877
 20
0.0
 10
216.4142061399766
 20
0.0
 10
216.16422054394445
 20
0.0
 10
215.9142349479123
 20
0.0
 10
215.66424935188013
 20
0.0
 10
215.41426375584797
 20
0.0
 10
215.1642781598158
 20
0.0
 10
214.91429256378365
 20
0.0
 10
214.66430696775137
 20
0.0
 10
214.4143213717192
 20
0.0
 10
214.16433577568705
 20
0.0
 10
213.9143501796549
 20
0.0
 10
213.66436458362273
 20
0.0
 10
213.41437898759057
 20
0.0
 10
213.1643933915584
 20
0.0
 10
212.91440779552602
 20
0.0
 10
212.66442219949386
 20
0.0
 10
212.4144366034617
 20
0.0
 10
212.16445100742953
 20
0.0
 10
211.91446541139737
 20
0.0
 10
211.6644798153652
 20
0.0
 10
211.41449421933305
 20
0.0
 10
211.1645086233009
 20
0.0
 10
210.91452302726861
 20
0.0
 10
210.66453743123645
 20
0.0
 10
210.4145518352043
 20
0.0
 10
210.16456623917213
 20
0.0
 10
209.91458064313997
 20
0.0
 10
209.6645950471078
 20
0.0
 10
209.41460945107553
 20
0.0
 10
209.16462385504326
 20
0.0
 10
208.9146382590111
 20
0.0
 10
208.66465266297894
 20
0.0
 10
208.41466706694678
 20
0.0
 10
208.16468147091462
 20
0.0
 10
207.91469587488245
 20
0.0
 10
207.6647102788503
 20
0.0
 10
207.41472468281813
 20
0.0
 10
207.16473908678597
 20
0.0
 10
206.9147534907537
 20
0.0
 10
206.66476789472154
 20
0.0
 10
206.41478229868937
 20
0.0
 10
206.1647967026572
 20
0.0
 10
205.91481110662505
 20
0.0
 10
205.66482551059278
 20
0.0
 10
205.4148399145605
 20
0.0
 10
205.16485431852834
 20
0.0
 10
204.91486872249618
 20
0.0
 10
204.66488312646402
 20
0.0
 10
204.41489753043186
 20
0.0
 10
204.1649119343997
 20
0.0
 10
203.91492633836754
 20
0.0
 10
203.66494074233538
 20
0.0
 10
203.4149551463032
 20
0.0
 10
203.16496955027094
 20
0.0
 10
202.91498395423878
 20
0.0
 10
202.66499835820662
 20
0.0
 10
202.41501276217446
 20
0.0
 10
202.1650271661423
 20
0.0
 10
201.91504157011002
 20
0.0
 10
201.66505597407786
 20
0.0
 10
201.41507037804558
 20
0.0
 10
201.16508478201342
 20
0.0
 10
200.91509918598126
 20
0.0
 10
200.6651135899491
 20
0.0
 10
200.5
 20
0.08487200608306011
 10
200.5
 20
0.3348576021152212
 10
200.5
 20
0.5848431981473823
 10
200.5
 20
0.8348287941795434
 10
200.5
 20
1.0848143902118181
 10
200.5
 20
1.3347999862439792
 10
200.5
 20
1.5847855822761403
 10
200.5
 20
1.8347711783083014
 10
200.5
 20
2.084756774340576
 10
200.5
 20
2.3347423703727372
 10
200.5
 20
2.5847279664048983
 10
200.5
 20
2.834713562437173
 10
200.5
 20
3.084699158469334
 10
200.5
 20
3.3346847545014953
 10
200.5
 20
3.5846703505336563
 10
200.5
 20
3.8346559465658174
 10
200.5
 20
4.0846415425979785
 10
200.5
 20
4.33462713863014
 10
200.5
 20
4.584612734662301
 10
200.5
 20
4.8345983306945755
 10
200.5
 20
5.0845839267267365
 10
200.5
 20
5.334569522758898
 10
200.5
 20
5.584555118791059
 10
200.5
 20
5.8345407148233335
 10
200.5
 20
6.084526310855495
 10
200.5
 20
6.334511906887656
 10
200.5
 20
6.58449750291993
 10
200.5
 20
6.8344830989520915
 10
200.5
 20
7.084468694984253
 10
200.5
 20
7.334454291016414
 10
200.5
 20
7.584439887048575
 10
200.5
 20
7.834425483080736
 10
200.5
 20
8.084411079112897
 10
200.5
 20
8.334396675145058
 10
200.5
 20
8.584382271177333
 10
200.5
 20
8.834367867209494
 10
200.5
 20
9.084353463241655
 10
200.5
 20
9.334339059273816
 10
200.5
 20
9.58432465530609
 10
200.5
 20
9.834310251338252
 10
200.5
 20
10.084295847370413
 10
200.5
 20
10.334281443402574
 10
200.5
 20
10.584267039434849
 10
200.5
 20
10.83425263546701
 10
200.5
 20
11.084238231499171
 10
200.5
 20
11.334223827531332
 10
200.5
 20
11.584209423563493
 10
200.5
 20
11.834195019595654
 10
200.5
 20
12.084180615627815
 10
200.5
 20
12.33416621166009
 10
200.41584819230775
 20
12.5
 10
200.1658625962756
 20
12.5
 10
199.91587700024343
 20
12.5
 10
199.66589140421115
 20
12.5
 10
199.415905808179
 20
12.5
 10
199.16592021214683
 20
12.5
 10
198.91593461611467
 20
12.5
 10
198.6659490200824
 20
12.5
 10
198.41596342405023
 20
12.5
 10
198.16597782801807
 20
12.5
 10
197.9159922319859
 20
12.5
 10
197.66600663595375
 20
12.5
 10
197.4160210399216
 20
12.5
 10
197.16603544388943
 20
12.5
 10
196.91604984785715
 20
12.5
 10
196.666064251825
 20
12.5
 10
196.41607865579283
 20
12.5
 10
196.16609305976067
 20
12.5
 10
195.9161074637285
 20
12.5
 10
195.66612186769623
 20
12.5
 10
195.41613627166407
 20
12.5
 10
195.1661506756319
 20
12.5
 10
194.91616507959964
 20
12.5
 10
194.66617948356748
 20
12.5
 10
194.41619388753531
 20
12.5
 10
194.16620829150315
 20
12.5
 10
193.916222695471
 20
12.5
 10
193.66623709943883
 20
12.5
 10
193.41625150340656
 20
12.5
 10
193.1662659073744
 20
12.5
 10
192.91628031134223
 20
12.5
 10
192.66629471531007
 20
12.5
 10
192.4163091192779
 20
12.5
 10
192.16632352324575
 20
12.5
 10
191.91633792721348
 20
12.5
 10
191.66635233118132
 20
12.5
 10
191.41636673514915
 20
12.5
 10
191.16638113911688
 20
12.5
 10
190.91639554308472
 20
12.5
 10
190.66640994705256
 20
12.5
 10
190.4164243510204
 20
12.5
 10
190.16643875498823
 20
12.5
 10
189.91645315895607
 20
12.5
 10
189.6664675629238
 20
12.5
 10
189.41648196689164
 20
12.5
 10
189.16649637085948
 20
12.5
 10
188.91651077482732
 20
12.5
 10
188.66652517879515
 20
12.5
 10
188.416539582763
 20
12.5
 10
188.16655398673072
 20
12.5
 10
187.91656839069856
 20
12.5
 10
187.6665827946664
 20
12.5
 10
187.41659719863424
 20
12.5
 10
187.16661160260196
 20
12.5
 10
186.9166260065698
 20
12.5
 10
186.66664041053764
 20
12.5
 10
186.41665481450548
 20
12.5
 10
186.16666921847332
 20
12.5
 10
185.91668362244104
 20
12.5
 10
185.66669802640888
 20
12.5
 10
185.41671243037672
 20
12.5
 10
185.16672683434456
 20
12.5
 10
184.9167412383124
 20
12.5
 10
184.66675564228024
 20
12.5
 10
184.41677004624808
 20
12.5
 10
184.1667844502158
 20
12.5
 10
183.91679885418364
 20
12.5
 10
183.66681325815148
 20
12.5
 10
183.5
 20
12.416827662119204
 10
183.5
 20
12.166842066087042
 10
183.5
 20
11.916856470054881
 10
183.5
 20
11.66687087402272
 10
183.5
 20
11.416885277990446
 10
183.5
 20
11.166899681958284
 10
183.5
 20
10.916914085926123
 10
183.5
 20
10.666928489893962
 10
183.5
 20
10.416942893861801
 10
183.5
 20
10.16695729782964
 10
183.5
 20
9.916971701797479
 10
183.5
 20
9.666986105765318
 10
183.5
 20
9.417000509733043
 10
183.5
 20
9.167014913700882
 10
183.5
 20
8.917029317668721
 10
183.5
 20
8.667043721636446
 10
183.5
 20
8.417058125604285
 10
183.5
 20
8.167072529572124
 10
183.5
 20
7.917086933539963
 10
183.5
 20
7.667101337507688
 10
183.5
 20
7.417115741475527
 10
183.5
 20
7.167130145443366
 10
183.5
 20
6.917144549411205
 10
183.5
 20
6.667158953379044
 10
183.5
 20
6.417173357346883
 10
183.5
 20
6.167187761314722
 10
183.5
 20
5.917202165282447
 10
183.5
 20
5.667216569250286
 10
183.5
 20
5.417230973218125
 10
183.5
 20
5.167245377185964
 10
183.5
 20
4.917259781153803
 10
183.5
 20
4.667274185121528
 10
183.5
 20
4.417288589089367
 10
183.5
 20
4.167302993057206
 10
183.5
 20
3.917317397024931
 10
183.5
 20
3.66733180099277
 10
183.5
 20
3.4173462049606087
 10
183.5
 20
3.1673606089284476
 10
183.5
 20
2.9173750128962865
 10
183.5
 20
2.6673894168641255
 10
183.5
 20
2.4174038208319644
 10
183.5
 20
2.1674182247996896
 10
183.5
 20
1.9174326287675285
 10
183.5
 20
1.6674470327353674
 10
183.5
 20
1.4174614367032063
 10
183.5
 20
1.1674758406710453
 10
183.5
 20
0.9174902446387705
 10
183.5
 20
0.6675046486066094
 10
183.5
 20
0.4175190525744483
 10
183.5
 20
0.16753345654217355
 10
183.41754786050996
 20
0.0
 10
183.1675622644778
 20
0.0
 10
182.91757666844563
 20
0.0
 10
182.66759107241347
 20
0.0
 10
182.4176054763813
 20
0.0
 10
182.16761988034915
 20
0.0
 10
181.91763428431688
 20
0.0
 10
181.66764868828471
 20
0.0
 10
181.41766309225255
 20
0.0
 10
181.1676774962204
 20
0.0
 10
180.91769190018823
 20
0.0
 10
180.66770630415596
 20
0.0
 10
180.4177207081238
 20
0.0
 10
180.16773511209163
 20
0.0
 10
179.91774951605947
 20
0.0
 10
179.6677639200272
 20
0.0
 10
179.41777832399504
 20
0.0
 10
179.16779272796288
 20
0.0
 10
178.91780713193072
 20
0.0
 10
178.66782153589855
 20
0.0
 10
178.41783593986628
 20
0.0
 10
178.16785034383412
 20
0.0
 10
177.91786474780196
 20
0.0
 10
177.6678791517698
 20
0.0
 10
177.41789355573763
 20
0.0
 10
177.16790795970547
 20
0.0
 10
176.9179223636732
 20
0.0
 10
176.66793676764104
 20
0.0
 10
176.41795117160888
 20
0.0
 10
176.16796557557672
 20
0.0
 10
175.91797997954444
 20
0.0
 10
175.66799438351228
 20
0.0
 10
175.41800878748012
 20
0.0
 10
175.16802319144796
 20
0.0
 10
174.9180375954158
 20
0.0
 10
174.66805199938352
 20
0.0
 10
174.41806640335136
 20
0.0
 10
174.1680808073192
 20
0.0
 10
173.91809521128704
 20
0.0
 10
173.66810961525488
 20
0.0
 10
173.41812401922272
 20
0.0
 10
173.16813842319056
 20
0.0
 10
172.91815282715828
 20
0.0
 10
172.66816723112612
 20
0.0
 10
172.41818163509396
 20
0.0
 10
172.16819603906168
 20
0.0
 10
171.91821044302952
 20
0.0
 10
171.66822484699736
 20
0.0
 10
171.4182392509652
 20
0.0
 10
171.16825365493304
 20
0.0
 10
170.91826805890076
 20
0.0
 10
170.6682824628686
 20
0.0
 10
170.41829686683644
 20
0.0
 10
170.16831127080428
 20
0.0
 10
169.91832567477212
 20
0.0
 10
169.66834007873996
 20
0.0
 10
169.4183544827078
 20
0.0
 10
169.16836888667552
 20
0.0
 10
168.91838329064336
 20
0.0
 10
168.6683976946112
 20
0.0
 10
168.41841209857893
 20
0.0
 10
168.16842650254677
 20
0.0
 10
167.9184409065146
 20
0.0
 10
167.66845531048244
 20
0.0
 10
167.41846971445017
 20
0.0
 10
167.168484118418
 20
0.0
 10
166.91849852238585
 20
0.0
 10
166.66851292635369
 20
0.0
 10
166.41852733032152
 20
0.0
 10
166.16854173428936
 20
0.0
 10
165.9185561382572
 20
0.0
 10
165.66857054222504
 20
0.0
 10
165.41858494619277
 20
0.0
 10
165.1685993501606
 20
0.0
 10
164.91861375412844
 20
0.0
 10
164.66862815809628
 20
0.0
 10
164.418642562064
 20
0.0
 10
164.16865696603185
 20
0.0
 10
163.9186713699997
 20
0.0
 10
163.6686857739674
 20
0.0
 10
163.41870017793525
 20
0.0
 10
163.1687145819031
 20
0.0
 10
162.91872898587093
 20
0.0
 10
162.66874338983877
 20
0.0
 10
162.4187577938066
 20
0.0
 10
162.16877219777444
 20
0.0
 10
161.91878660174217
 20
0.0
 10
161.66880100571
 20
0.0
 10
161.41881540967785
 20
0.0
 10
161.1688298136457
 20
0.0
 10
160.91884421761353
 20
0.0
 10
160.66885862158125
 20
0.0
 10
160.4188730255491
 20
0.0
 10
160.16888742951693
 20
0.0
 10
159.91890183348477
 20
0.0
 10
159.6689162374525
 20
0.0
 10
159.41893064142033
 20
0.0
 10
159.16894504538817
 20
0.0
 10
158.918959449356
 20
0.0
 10
158.66897385332385
 20
0.0
 10
158.4189882572917
 20
0.0
 10
158.1690026612594
 20
0.0
 10
157.91901706522725
 20
0.0
 10
157.6690314691951
 20
0.0
 10
157.41904587316293
 20
0.0
 10
157.16906027713077
 20
0.0
 10
156.9190746810985
 20
0.0
 10
156.66908908506633
 20
0.0
 10
156.41910348903417
 20
0.0
 10
156.169117893002
 20
0.0
 10
155.91913229696974
 20
0.0
 10
155.66914670093757
 20
0.0
 10
155.4191611049054
 20
0.0
 10
155.16917550887325
 20
0.0
 10
154.9191899128411
 20
0.0
 10
154.66920431680893
 20
0.0
 10
154.41921872077666
 20
0.0
 10
154.1692331247445
 20
0.0
 10
153.91924752871233
 20
0.0
 10
153.66926193268017
 20
0.0
 10
153.419276336648
 20
0.0
 10
153.16929074061585
 20
0.0
 10
152.91930514458357
 20
0.0
 10
152.6693195485514
 20
0.0
 10
152.41933395251925
 20
0.0
 10
152.16934835648698
 20
0.0
 10
151.91936276045482
 20
0.0
 10
151.66937716442266
 20
0.0
 10
151.4193915683905
 20
0.0
 10
151.16940597235833
 20
0.0
 10
150.91942037632606
 20
0.0
 10
150.6694347802939
 20
0.0
 10
150.41944918426174
 20
0.0
 10
150.16946358822958
 20
0.0
 10
149.91947799219741
 20
0.0
 10
149.66949239616525
 20
0.0
 10
149.4195068001331
 20
0.0
 10
149.16952120410082
 20
0.0
 10
148.91953560806866
 20
0.0
 10
148.6695500120365
 20
0.0
 10
148.41956441600422
 20
0.0
 10
148.16957881997206
 20
0.0
 10
147.9195932239399
 20
0.0
 10
147.66960762790774
 20
0.0
 10
147.41962203187558
 20
0.0
 10
147.1696364358433
 20
0.0
 10
146.91965083981114
 20
0.0
 10
146.66966524377898
 20
0.0
 10
146.41967964774682
 20
0.0
 10
146.16969405171466
 20
0.0
 10
145.9197084556825
 20
0.0
 10
145.66972285965034
 20
0.0
 10
145.41973726361806
 20
0.0
 10
145.1697516675859
 20
0.0
 10
144.91976607155374
 20
0.0
 10
144.66978047552158
 20
0.0
 10
144.4197948794893
 20
0.0
 10
144.16980928345714
 20
0.0
 10
143.91982368742498
 20
0.0
 10
143.66983809139282
 20
0.0
 10
143.41985249536054
 20
0.0
 10
143.16986689932838
 20
0.0
 10
142.91988130329622
 20
0.0
 10
142.66989570726406
 20
0.0
 10
142.4199101112319
 20
0.0
 10
142.16992451519974
 20
0.0
 10
141.91993891916758
 20
0.0
 10
141.6699533231353
 20
0.0
 10
141.41996772710314
 20
0.0
 10
141.16998213107098
 20
0.0
 10
140.91999653503882
 20
0.0
 10
140.67001093900654
 20
0.0
 10
140.42002534297438
 20
0.0
 10
140.17003974694222
 20
0.0
 10
139.92005415090995
 20
0.0
 10
139.6700685548778
 20
0.0
 10
139.42008295884563
 20
0.0
 10
139.17009736281346
 20
0.0
 10
138.9201117667813
 20
0.0
 10
138.67012617074914
 20
0.0
 10
138.42014057471698
 20
0.0
 10
138.17015497868482
 20
0.0
 10
137.92016938265255
 20
0.0
 10
137.67018378662038
 20
0.0
 10
137.42019819058822
 20
0.0
 10
137.17021259455606
 20
0.0
 10
136.9202269985238
 20
0.0
 10
136.67024140249163
 20
0.0
 10
136.42025580645947
 20
0.0
 10
136.1702702104273
 20
0.0
 10
135.92028461439503
 20
0.0
 10
135.67029901836287
 20
0.0
 10
135.4203134223307
 20
0.0
 10
135.17032782629855
 20
0.0
 10
134.92034223026639
 20
0.0
 10
134.67035663423422
 20
0.0
 10
134.42037103820195
 20
0.0
 10
134.1703854421698
 20
0.0
 10
133.92039984613763
 20
0.0
 10
133.67041425010547
 20
0.0
 10
133.4204286540733
 20
0.0
 10
133.17044305804103
 20
0.0
 10
132.92045746200887
 20
0.0
 10
132.6704718659767
 20
0.0
 10
132.42048626994455
 20
0.0
 10
132.17050067391233
 20
0.0
 10
131.92051507788017
 20
0.0
 10
131.67052948184795
 20
0.0
 10
131.4205438858158
 20
0.0
 10
131.17055828978363
 20
0.0
 10
130.92057269375147
 20
0.0
 10
130.6705870977192
 20
0.0
 10
130.42060150168703
 20
0.0
 10
130.17061590565487
 20
0.0
 10
129.9206303096227
 20
0.0
 10
129.6706447135905
 20
0.0
 10
129.42065911755833
 20
0.0
 10
129.17067352152617
 20
0.0
 10
128.9206879254939
 20
0.0
 10
128.67070232946173
 20
0.0
 10
128.42071673342957
 20
0.0
 10
128.1707311373974
 20
0.0
 10
127.92074554136519
 20
0.0
 10
127.67075994533303
 20
0.0
 10
127.42077434930086
 20
0.0
 10
127.17078875326871
 20
0.0
 10
126.92080315723645
 20
0.0
 10
126.67081756120427
 20
0.0
 10
126.42083196517211
 20
0.0
 10
126.17084636913995
 20
0.0
 10
125.92086077310773
 20
0.0
 10
125.67087517707559
 20
0.0
 10
125.42088958104341
 20
0.0
 10
125.17090398501114
 20
0.0
 10
124.92091838897898
 20
0.0
 10
124.67093279294683
 20
0.0
 10
124.42094719691465
 20
0.0
 10
124.17096160088249
 20
0.0
 10
123.92097600485027
 20
0.0
 10
123.67099040881811
 20
0.0
 10
123.4210048127859
 20
0.0
 10
123.17101921675368
 20
0.0
 10
122.92103362072152
 20
0.0
 10
122.67104802468936
 20
0.0
 10
122.42106242865718
 20
0.0
 10
122.17107683262498
 20
0.0
 10
121.9210912365928
 20
0.0
 10
121.67110564056065
 20
0.0
 10
121.42112004452844
 20
0.0
 10
121.17113444849622
 20
0.0
 10
120.92114885246406
 20
0.0
 10
120.6711632564319
 20
0.0
 10
120.42117766039974
 20
0.0
 10
120.17119206436753
 20
0.0
 10
119.92120646833536
 20
0.0
 10
119.67122087230315
 20
0.0
 10
119.42123527627092
 20
0.0
 10
119.17124968023874
 20
0.0
 10
118.9212640842066
 20
0.0
 10
118.67127848817444
 20
0.0
 10
118.42129289214229
 20
0.0
 10
118.17130729611006
 20
0.0
 10
117.92132170007784
 20
0.0
 10
117.67133610404568
 20
0.0
 10
117.42135050801346
 20
0.0
 10
117.1713649119813
 20
0.0
 10
116.92137931594912
 20
0.0
 10
116.67139371991698
 20
0.0
 10
116.42140812388475
 20
0.0
 10
116.1714225278526
 20
0.0
 10
115.92143693182038
 20
0.0
 10
115.67145133578822
 20
0.0
 10
115.421465739756
 20
0.0
 10
115.17148014372385
 20
0.0
 10
114.92149454769168
 20
0.0
 10
114.6715089516595
 20
0.0
 10
114.4215233556273
 20
0.0
 10
114.1715377595951
 20
0.0
 10
113.92155216356292
 20
0.0
 10
113.67156656753069
 20
0.0
 10
113.42158097149854
 20
0.0
 10
113.17159537546638
 20
0.0
 10
112.92160977943423
 20
0.0
 10
112.671624183402
 20
0.0
 10
112.42163858736978
 20
0.0
 10
112.17165299133762
 20
0.0
 10
111.92166739530545
 20
0.0
 10
111.67168179927324
 20
0.0
 10
111.42169620324107
 20
0.0
 10
111.17171060720892
 20
0.0
 10
110.92172501117676
 20
0.0
 10
110.67173941514454
 20
0.0
 10
110.42175381911233
 20
0.0
 10
110.17176822308016
 20
0.0
 10
109.921782627048
 20
0.0
 10
109.6717970310158
 20
0.0
 10
109.42181143498362
 20
0.0
 10
109.17182583895146
 20
0.0
 10
108.9218402429193
 20
0.0
 10
108.67185464688704
 20
0.0
 10
108.42186905085487
 20
0.0
 10
108.1718834548227
 20
0.0
 10
107.92189785879049
 20
0.0
 10
107.67191226275833
 20
0.0
 10
107.42192666672618
 20
0.0
 10
107.171941070694
 20
0.0
 10
106.92195547466173
 20
0.0
 10
106.67196987862957
 20
0.0
 10
106.42198428259739
 20
0.0
 10
106.17199868656525
 20
0.0
 10
105.92201309053301
 20
0.0
 10
105.67202749450087
 20
0.0
 10
105.4220418984687
 20
0.0
 10
105.17205630243653
 20
0.0
 10
104.92207070640427
 20
0.0
 10
104.67208511037212
 20
0.0
 10
104.42209951433995
 20
0.0
 10
104.17211391830774
 20
0.0
 10
103.92212832227557
 20
0.0
 10
103.67214272624341
 20
0.0
 10
103.42215713021125
 20
0.0
 10
103.17217153417896
 20
0.0
 10
102.92218593814681
 20
0.0
 10
102.67220034211465
 20
0.0
 10
102.4222147460825
 20
0.0
 10
102.17222915005027
 20
0.0
 10
101.92224355401812
 20
0.0
 10
101.67225795798595
 20
0.0
 10
101.42227236195372
 20
0.0
 10
101.17228676592151
 20
0.0
 10
100.92230116988934
 20
0.0
 10
100.67231557385719
 20
0.0
 10
100.42232997782503
 20
0.0
 10
100.17234438179281
 20
0.0
 10
99.92235878576065
 20
0.0
 10
99.67237318972848
 20
0.0
 10
99.42238759369621
 20
0.0
 10
99.17240199766407
 20
0.0
 10
98.92241640163189
 20
0.0
 10
98.67243080559972
 20
0.0
 10
98.42244520956751
 20
0.0
 10
98.17245961353535
 20
0.0
 10
97.92247401750319
 20
0.0
 10
97.67248842147097
 20
0.0
 10
97.42250282543876
 20
0.0
 10
97.1725172294066
 20
0.0
 10
96.92253163337445
 20
0.0
 10
96.67254603734227
 20
0.0
 10
96.42256044131007
 20
0.0
 10
96.1725748452779
 20
0.0
 10
95.92258924924566
 20
0.0
 10
95.67260365321351
 20
0.0
 10
95.42261805718128
 20
0.0
 10
95.17263246114913
 20
0.0
 10
94.92264686511697
 20
0.0
 10
94.67266126908483
 20
0.0
 10
94.4226756730526
 20
0.0
 10
94.17269007702042
 20
0.0
 10
93.92270448098822
 20
0.0
 10
93.67271888495601
 20
0.0
 10
93.42273328892384
 20
0.0
 10
93.17274769289168
 20
0.0
 10
92.92276209685951
 20
0.0
 10
92.6727765008273
 20
0.0
 10
92.42279090479514
 20
0.0
 10
92.17280530876292
 20
0.0
 10
91.92281971273077
 20
0.0
 10
91.67283411669854
 20
0.0
 10
91.42284852066638
 20
0.0
 10
91.17286292463422
 20
0.0
 10
90.92287732860206
 20
0.0
 10
90.67289173256984
 20
0.0
 10
90.42290613653762
 20
0.0
 10
90.17292054050546
 20
0.0
 10
89.92293494447324
 20
0.0
 10
89.67294934844108
 20
0.0
 10
89.42296375240892
 20
0.0
 10
89.17297815637676
 20
0.0
 10
88.9229925603446
 20
0.0
 10
88.67300696431238
 20
0.0
 10
88.42302136828016
 20
0.0
 10
88.173035772248
 20
0.0
 10
87.92305017621578
 20
0.0
 10
87.67306458018362
 20
0.0
 10
87.42307898415146
 20
0.0
 10
87.1730933881193
 20
0.0
 10
86.92310779208708
 20
0.0
 10
86.67312219605486
 20
0.0
 10
86.4231366000227
 20
0.0
 10
86.17315100399054
 20
0.0
 10
85.92316540795832
 20
0.0
 10
85.67317981192616
 20
0.0
 10
85.423194215894
 20
0.0
 10
85.17320861986184
 20
0.0
 10
84.92322302382956
 20
0.0
 10
84.6732374277974
 20
0.0
 10
84.42325183176524
 20
0.0
 10
84.17326623573302
 20
0.0
 10
83.92328063970086
 20
0.0
 10
83.6732950436687
 20
0.0
 10
83.42330944763654
 20
0.0
 10
83.17332385160438
 20
0.0
 10
82.9233382555721
 20
0.0
 10
82.67335265953994
 20
0.0
 10
82.42336706350778
 20
0.0
 10
82.17338146747556
 20
0.0
 10
81.9233958714434
 20
0.0
 10
81.67341027541124
 20
0.0
 10
81.42342467937908
 20
0.0
 10
81.1734390833468
 20
0.0
 10
80.92345348731465
 20
0.0
 10
80.67346789128248
 20
0.0
 10
80.42348229525032
 20
0.0
 10
80.1734966992181
 20
0.0
 10
79.92351110318594
 20
0.0
 10
79.67352550715378
 20
0.0
 10
79.42353991112151
 20
0.0
 10
79.17355431508935
 20
0.0
 10
78.92356871905719
 20
0.0
 10
78.67358312302503
 20
0.0
 10
78.42359752699281
 20
0.0
 10
78.17361193096065
 20
0.0
 10
77.92362633492849
 20
0.0
 10
77.67364073889632
 20
0.0
 10
77.42365514286405
 20
0.0
 10
77.17366954683189
 20
0.0
 10
76.92368395079973
 20
0.0
 10
76.67369835476757
 20
0.0
 10
76.42371275873535
 20
0.0
 10
76.17372716270319
 20
0.0
 10
75.92374156667103
 20
0.0
 10
75.67375597063875
 20
0.0
 10
75.42377037460659
 20
0.0
 10
75.17378477857443
 20
0.0
 10
74.92379918254227
 20
0.0
 10
74.67381358651011
 20
0.0
 10
74.42382799047789
 20
0.0
 10
74.17384239444573
 20
0.0
 10
73.92385679841351
 20
0.0
 10
73.67387120238129
 20
0.0
 10
73.42388560634913
 20
0.0
 10
73.17390001031697
 20
0.0
 10
72.92391441428481
 20
0.0
 10
72.67392881825259
 20
0.0
 10
72.42394322222043
 20
0.0
 10
72.17395762618827
 20
0.0
 10
71.92397203015605
 20
0.0
 10
71.67398643412383
 20
0.0
 10
71.42400083809167
 20
0.0
 10
71.17401524205951
 20
0.0
 10
70.92402964602735
 20
0.0
 10
70.67404404999513
 20
0.0
 10
70.42405845396297
 20
0.0
 10
70.17407285793075
 20
0.0
 10
69.92408726189853
 20
0.0
 10
69.67410166586637
 20
0.0
 10
69.42411606983421
 20
0.0
 10
69.17413047380205
 20
0.0
 10
68.92414487776989
 20
0.0
 10
68.67415928173767
 20
0.0
 10
68.42417368570545
 20
0.0
 10
68.1741880896733
 20
0.0
 10
67.92420249364108
 20
0.0
 10
67.67421689760891
 20
0.0
 10
67.42423130157675
 20
0.0
 10
67.17424570554459
 20
0.0
 10
66.92426010951237
 20
0.0
 10
66.67427451348021
 20
0.0
 10
66.424288917448
 20
0.0
 10
66.17430332141583
 20
0.0
 10
65.92431772538362
 20
0.0
 10
65.67433212935146
 20
0.0
 10
65.4243465333193
 20
0.0
 10
65.17436093728713
 20
0.0
 10
64.92437534125492
 20
0.0
 10
64.6743897452227
 20
0.0
 10
64.42440414919054
 20
0.0
 10
64.17441855315832
 20
0.0
 10
63.92443295712616
 20
0.0
 10
63.674447361093996
 20
0.0
 10
63.424461765061835
 20
0.0
 10
63.17447616902962
 20
0.0
 10
62.9244905729974
 20
0.0
 10
62.67450497696524
 20
0.0
 10
62.42451938093308
 20
0.0
 10
62.17453378490086
 20
0.0
 10
61.9245481888687
 20
0.0
 10
61.67456259283654
 20
0.0
 10
61.424576996804376
 20
0.0
 10
61.17459140077216
 20
0.0
 10
60.92460580473994
 20
0.0
 10
60.67462020870778
 20
0.0
 10
60.42463461267562
 20
0.0
 10
60.1746490166434
 20
0.0
 10
59.92466342061124
 20
0.0
 10
59.67467782457908
 20
0.0
 10
59.42469222854692
 20
0.0
 10
59.17470663251464
 20
0.0
 10
58.92472103648248
 20
0.0
 10
58.67473544045032
 20
0.0
 10
58.4247498444181
 20
0.0
 10
58.17476424838594
 20
0.0
 10
57.92477865235378
 20
0.0
 10
57.67479305632162
 20
0.0
 10
57.424807460289344
 20
0.0
 10
57.17482186425718
 20
0.0
 10
56.92483626822502
 20
0.0
 10
56.67485067219286
 20
0.0
 10
56.42486507616064
 20
0.0
 10
56.17487948012848
 20
0.0
 10
55.92489388409632
 20
0.0
 10
55.67490828806416
 20
0.0
 10
55.424922692031885
 20
0.0
 10
55.174937095999724
 20
0.0
 10
54.92495149996756
 20
0.0
 10
54.674965903935345
 20
0.0
 10
54.42498030790318
 20
0.0
 10
54.17499471187102
 20
0.0
 10
53.92500911583886
 20
0.0
 10
53.67502351980659
 20
0.0
 10
53.425037923774426
 20
0.0
 10
53.175052327742264
 20
0.0
 10
52.9250667317101
 20
0.0
 10
52.675081135677885
 20
0.0
 10
52.425095539645724
 20
0.0
 10
52.17510994361356
 20
0.0
 10
51.925124347581345
 20
0.0
 10
51.67513875154913
 20
0.0
 10
51.425153155516966
 20
0.0
 10
51.175167559484805
 20
0.0
 10
50.925181963452644
 20
0.0
 10
50.675196367420426
 20
0.0
 10
50.425210771388265
 20
0.0
 10
50.175225175356104
 20
0.0
 10
49.92523957932383
 20
0.0
 10
49.67525398329167
 20
0.0
 10
49.42526838725951
 20
0.0
 10
49.175282791227346
 20
0.0
 10
48.92529719519513
 20
0.0
 10
48.67531159916297
 20
0.0
 10
48.425326003130806
 20
0.0
 10
48.17534040709859
 20
0.0
 10
47.92535481106637
 20
0.0
 10
47.67536921503421
 20
0.0
 10
47.42538361900205
 20
0.0
 10
47.17539802296989
 20
0.0
 10
46.92541242693767
 20
0.0
 10
46.67542683090551
 20
0.0
 10
46.42544123487329
 20
0.0
 10
46.17545563884113
 20
0.0
 10
45.92547004280891
 20
0.0
 10
45.67548444677675
 20
0.0
 10
45.42549885074459
 20
0.0
 10
45.17551325471243
 20
0.0
 10
44.92552765868021
 20
0.0
 10
44.67554206264805
 20
0.0
 10
44.42555646661583
 20
0.0
 10
44.17557087058361
 20
0.0
 10
43.92558527455145
 20
0.0
 10
43.67559967851929
 20
0.0
 10
43.42561408248713
 20
0.0
 10
43.17562848645491
 20
0.0
 10
42.92564289042275
 20
0.0
 10
42.67565729439053
 20
0.0
 10
42.42567169835837
 20
0.0
 10
42.175686102326154
 20
0.0
 10
41.92570050629399
 20
0.0
 10
41.67571491026183
 20
0.0
 10
41.42572931422967
 20
0.0
 10
41.17574371819745
 20
0.0
 10
40.925758122165234
 20
0.0
 10
40.67577252613307
 20
0.0
 10
40.425786930100855
 20
0.0
 10
40.175801334068694
 20
0.0
 10
39.92581573803653
 20
0.0
 10
39.67583014200437
 20
0.0
 10
39.42584454597221
 20
0.0
 10
39.17585894993999
 20
0.0
 10
38.925873353907775
 20
0.0
 10
38.675887757875614
 20
0.0
 10
38.425902161843396
 20
0.0
 10
38.175916565811235
 20
0.0
 10
37.925930969779074
 20
0.0
 10
37.67594537374691
 20
0.0
 10
37.425959777714695
 20
0.0
 10
37.17597418168248
 20
0.0
 10
36.925988585650316
 20
0.0
 10
36.676002989618155
 20
0.0
 10
36.42601739358594
 20
0.0
 10
36.176031797553776
 20
0.0
 10
35.926046201521615
 20
0.0
 10
35.676060605489454
 20
0.0
 10
35.42607500945718
 20
0.0
 10
35.17608941342502
 20
0.0
 10
34.92610381739286
 20
0.0
 10
34.67611822136064
 20
0.0
 10
34.42613262532848
 20
0.0
 10
34.17614702929632
 20
0.0
 10
33.926161433264156
 20
0.0
 10
33.676175837231995
 20
0.0
 10
33.42619024119972
 20
0.0
 10
33.17620464516756
 20
0.0
 10
32.9262190491354
 20
0.0
 10
32.67623345310318
 20
0.0
 10
32.42624785707102
 20
0.0
 10
32.17626226103886
 20
0.0
 10
31.926276665006696
 20
0.0
 10
31.67629106897442
 20
0.0
 10
31.42630547294226
 20
0.0
 10
31.1763198769101
 20
0.0
 10
30.92633428087794
 20
0.0
 10
30.67634868484572
 20
0.0
 10
30.42636308881356
 20
0.0
 10
30.1763774927814
 20
0.0
 10
29.926391896749124
 20
0.0
 10
29.676406300716963
 20
0.0
 10
29.4264207046848
 20
0.0
 10
29.17643510865264
 20
0.0
 10
28.926449512620422
 20
0.0
 10
28.67646391658826
 20
0.0
 10
28.4264783205561
 20
0.0
 10
28.17649272452394
 20
0.0
 10
27.926507128491664
 20
0.0
 10
27.676521532459503
 20
0.0
 10
27.426535936427342
 20
0.0
 10
27.17655034039518
 20
0.0
 10
26.926564744362963
 20
0.0
 10
26.676579148330802
 20
0.0
 10
26.42659355229864
 20
0.0
 10
26.176607956266366
 20
0.0
 10
25.926622360234205
 20
0.0
 10
25.676636764202044
 20
0.0
 10
25.426651168169883
 20
0.0
 10
25.176665572137722
 20
0.0
 10
24.926679976105504
 20
0.0
 10
24.676694380073343
 20
0.0
 10
24.426708784041125
 20
0.0
 10
24.176723188008907
 20
0.0
 10
23.926737591976746
 20
0.0
 10
23.676751995944585
 20
0.0
 10
23.426766399912424
 20
0.0
 10
23.176780803880206
 20
0.0
 10
22.926795207848045
 20
0.0
 10
22.676809611815884
 20
0.0
 10
22.426824015783666
 20
0.0
 10
22.176838419751448
 20
0.0
 10
21.926852823719287
 20
0.0
 10
21.676867227687126
 20
0.0
 10
21.426881631654965
 20
0.0
 10
21.176896035622747
 20
0.0
 10
20.926910439590586
 20
0.0
 10
20.676924843558368
 20
0.0
 10
20.42693924752615
 20
0.0
 10
20.17695365149399
 20
0.0
 10
19.926968055461828
 20
0.0
 10
19.676982459429667
 20
0.0
 10
19.42699686339745
 20
0.0
 10
19.177011267365287
 20
0.0
 10
18.92702567133307
 20
0.0
 10
18.67704007530091
 20
0.0
 10
18.42705447926869
 20
0.0
 10
18.17706888323653
 20
0.0
 10
17.92708328720437
 20
0.0
 10
17.677097691172207
 20
0.0
 10
17.42711209513999
 20
0.0
 10
17.17712649910783
 20
0.0
 10
16.92714090307561
 20
0.0
 10
16.67715530704345
 20
0.0
 10
16.42716971101123
 20
0.0
 10
16.17718411497907
 20
0.0
 10
15.92719851894691
 20
0.0
 10
15.677212922914748
 20
0.0
 10
15.42722732688253
 20
0.0
 10
15.177241730850312
 20
0.0
 10
14.927256134818151
 20
0.0
 10
14.677270538785933
 20
0.0
 10
14.427284942753772
 20
0.0
 10
14.177299346721611
 20
0.0
 10
13.92731375068945
 20
0.0
 10
13.677328154657232
 20
0.0
 10
13.427342558625014
 20
0.0
 10
13.177356962592853
 20
0.0
 10
12.927371366560692
 20
0.0
 10
12.677385770528474
 20
0.0
 10
12.427400174496313
 20
0.0
 10
12.177414578464152
 20
0.0
 10
11.92742898243199
 20
0.0
 10
11.677443386399773
 20
0.0
 10
11.427457790367555
 20
0.0
 10
11.177472194335394
 20
0.0
 10
10.927486598303233
 20
0.0
 10
10.677501002271015
 20
0.0
 10
10.427515406238854
 20
0.0
 10
10.177529810206693
 20
0.0
 10
9.927544214174532
 20
0.0
 10
9.677558618142257
 20
0.0
 10
9.427573022110096
 20
0.0
 10
9.177587426077935
 20
0.0
 10
8.927601830045717
 20
0.0
 10
8.677616234013556
 20
0.0
 10
8.427630637981395
 20
0.0
 10
8.177645041949233
 20
0.0
 10
7.927659445916959
 20
0.0
 10
7.677673849884798
 20
0.0
 10
7.4276882538526365
 20
0.0
 10
7.1777026578204755
 20
0.0
 10
6.9277170617882575
 20
0.0
 10
6.677731465756096
 20
0.0
 10
6.427745869723935
 20
0.0
 10
6.177760273691774
 20
0.0
 10
5.9277746776594995
 20
0.0
 10
5.677789081627338
 20
0.0
 10
5.427803485595177
 20
0.0
 10
5.177817889562959
 20
0.0
 10
4.927832293530798
 20
0.0
 10
4.677846697498637
 20
0.0
 10
4.427861101466476
 20
0.0
 10
4.177875505434201
 20
0.0
 10
3.9278899094020403
 20
0.0
 10
3.677904313369879
 20
0.0
 10
3.427918717337718
 20
0.0
 10
3.1779331213055
 20
0.0
 10
2.927947525273339
 20
0.0
 10
2.677961929241178
 20
0.0
 10
2.42797633320896
 20
0.0
 10
2.177990737176742
 20
0.0
 10
1.928005141144581
 20
0.0
 10
1.67801954511242
 20
0.0
 10
1.428033949080259
 20
0.0
 10
1.178048353048041
 20
0.0
 10
0.9280627570158799
 20
0.0
 10
0.6780771609837188
 20
0.0
 10
0.42809156495144407
 20
0.0
 10
0.178105968919283
 20
0.0
 10
0.0
 20
0.0718796271128781
 10
0.0
 20
0.32186522314502497
 10
0.0
 20
0.5718508191772429
 10
0.0
 20
0.8218364152094182
 10
0.0
 20
1.071822011241565
 10
0.0
 20
1.321807607273783
 10
0.0
 20
1.5717932033060293
 10
0.0
 20
1.8217787993381762
 10
0.0
 20
2.071764395370323
 10
0.0
 20
2.3217499914024984
 10
0.0
 20
2.5717355874347163
 10
0.0
 20
2.821721183466863
 10
0.0
 20
3.071706779499081
 10
0.0
 20
3.3216923755313275
 10
0.0
 20
3.5716779715634743
 10
0.0
 20
3.821663567595621
 10
0.0
 20
4.0716491636277965
 10
0.0
 20
4.321634759659943
 10
0.0
 20
4.571620355692161
 10
0.0
 20
4.821605951724337
 10
0.0
 20
5.0715915477565545
 10
0.0
 20
5.3215771437887724
 10
0.0
 20
5.571562739820948
 10
0.0
 20
5.821548335853095
 10
0.0
 20
6.0715339318852415
 10
0.0
 20
6.321519527917459
 10
0.0
 20
6.571505123949635
 10
0.0
 20
6.821490719981853
 10
0.0
 20
7.0714763160139995
 10
0.0
 20
7.321461912046246
 10
0.0
 20
7.571447508078393
 10
0.0
 20
7.82143310411054
 10
0.0
 20
8.071418700142715
 10
0.0
 20
8.321404296174933
 10
0.0
 20
8.57138989220715
 10
0.0
 20
8.821375488239326
 10
0.0
 20
9.071361084271544
 10
0.0
 20
9.32134668030369
 10
0.0
 20
9.571332276335838
 10
0.0
 20
9.821317872368013
 10
0.0
 20
10.07130346840016
 10
0.0
 20
10.321289064432378
 10
0.0
 20
10.571274660464624
 10
0.0
 20
10.821260256496771
 10
0.0
 20
11.071245852528989
 10
0.0
 20
11.321231448561164
 10
0.0
 20
11.571217044593311
 10
0.0
 20
11.821202640625458
 10
0.0
 20
12.071188236657704
 10
0.0
 20
12.321173832689922
 10
0.0
 20
12.57115942872207
 10
0.0
 20
12.821145024754244
 10
0.0
 20
13.071130620786462
 10
0.0
 20
13.32111621681861
 10
0.0
 20
13.571101812850756
 10
0.0
 20
13.821087408882931
 10
0.0
 20
14.07107300491522
 10
0.0
 20
14.321058600947367
 10
0.0
 20
14.571044196979543
 10
0.0
 20
14.82102979301176
 10
0.0
 20
15.071015389043907
 10
0.0
 20
15.321000985076083
 10
0.0
 20
15.57098658110823
 10
0.0
 20
15.820972177140376
 10
0.0
 20
16.070957773172665
 10
0.0
 20
16.32094336920484
 10
0.0
 20
16.570928965236988
 10
0.0
 20
16.820914561269205
 10
0.0
 20
17.07090015730138
 10
0.0
 20
17.320885753333528
 10
0.0
 20
17.570871349365675
 10
0.0
 20
17.820856945397963
 10
0.0
 20
18.070842541430125
 10
0.0
 20
18.320828137462286
 10
0.0
 20
18.57081373349446
 10
0.0
 20
18.820799329526665
 10
0.0
 20
19.070784925558826
 10
0.0
 20
19.320770521591
 10
0.0
 20
19.57075611762326
 10
0.0
 20
19.820741713655423
 10
0.0
 20
20.070727309687584
 10
0.0
 20
20.32071290571976
 10
0.0
 20
20.570698501751963
 10
0.0
 20
20.820684097784124
 10
0.0
 20
21.0706696938163
 10
0.0
 20
21.320655289848446
 10
0.0
 20
21.57064088588072
 10
0.0
 20
21.820626481912882
 10
0.0
 20
22.070612077945043
 10
0.0
 20
22.320597673977204
 10
0.0
 20
22.570583270009422
 10
0.0
 20
22.820568866041597
 10
0.0
 20
23.070554462073744
 10
0.0
 20
23.32054005810602
 10
0.0
 20
23.57052565413818
 10
0.0
 20
23.82051125017034
 10
0.0
 20
24.070496846202502
 10
0.0
 20
24.320482442234677
 10
0.0
 20
24.57046803826688
 10
0.0
 20
24.820453634299042
 10
0.0
 20
25.07043923033126
 10
0.0
 20
25.320424826363478
 10
0.0
 20
25.57041042239564
 10
0.0
 20
25.8203960184278
 10
0.0
 20
26.07038161445996
 10
0.0
 20
26.32036721049218
 10
0.0
 20
26.57035280652434
 10
0.0
 20
26.820338402556516
 10
0.0
 20
27.07032399858872
 10
0.0
 20
27.320309594620937
 10
0.0
 20
27.5702951906531
 10
0.0
 20
27.82028078668526
 10
0.0
 20
28.07026638271742
 10
0.0
 20
28.32025197874964
 10
0.0
 20
28.5702375747818
 10
0.0
 20
28.820223170814018
 10
0.0
 20
29.070208766846235
 10
0.0
 20
29.320194362878397
 10
0.0
 20
29.570179958910558
 10
0.0
 20
29.82016555494272
 10
0.0
 20
30.070151150974937
 10
0.0
 20
30.320136747007098
 10
0.0
 20
30.570122343039316
 10
0.0
 20
30.820107939071477
 10
0.0
 20
31.070093535103695
 10
0.0
 20
31.320079131135856
 10
0.0
 20
31.570064727168017
 10
0.0
 20
31.820050323200178
 10
0.0
 20
32.070035919232396
 10
0.0
 20
32.32002151526456
 10
0.0
 20
32.570007111296775
 10
0.0
 20
32.819992707328936
 10
0.0
 20
33.069978303361154
 10
0.0
 20
33.319963899393315
 10
0.0
 20
33.569949495425476
 10
0.0
 20
33.81993509145764
 10
0.0
 20
34.069920687489855
 10
0.0
 20
34.319906283522066
 10
0.0
 20
34.56989187955424
 10
0.0
 20
34.81987747558646
 10
0.0
 20
35.069863071618606
 10
0.0
 20
35.31984866765078
 10
0.0
 20
35.569834263682935
 10
0.0
 20
35.819819859715146
 10
0.0
 20
36.069805455747364
 10
0.0
 20
36.31979105177954
 10
0.0
 20
36.569776647811686
 10
0.0
 20
36.819762243843904
 10
0.0
 20
37.06974783987608
 10
0.0
 20
37.319733435908226
 10
0.0
 20
37.5697190319404
 10
0.0
 20
37.81970462797262
 10
0.0
 20
38.06969022400484
 10
0.0
 20
38.319675820036984
 10
0.0
 20
38.56966141606916
 10
0.0
 20
38.81964701210138
 10
0.0
 20
39.069632608133524
 10
0.0
 20
39.3196182041657
 10
0.0
 20
39.569603800197854
 10
0.0
 20
39.819589396230135
 10
0.0
 20
40.06957499226228
 10
0.0
 20
40.31956058829446
 10
0.0
 20
40.569546184326676
 10
0.0
 20
40.81953178035882
 10
0.0
 20
41.069517376391
 10
0.0
 20
41.319502972423145
 10
0.0
 20
41.56948856845543
 10
0.0
 20
41.81947416448758
 10
0.0
 20
42.069459760519756
 10
0.0
 20
42.3194453565519
 10
0.0
 20
42.56943095258412
 10
0.0
 20
42.819416548616296
 10
0.0
 20
43.06940214464844
 10
0.0
 20
43.31938774068062
 10
0.0
 20
43.56937333671288
 10
0.0
 20
43.819358932745054
 10
0.0
 20
44.0693445287772
 10
0.0
 20
44.31933012480942
 10
0.0
 20
44.569315720841594
 10
0.0
 20
44.81930131687374
 10
0.0
 20
45.069286912905916
 10
0.0
 20
45.31927250893818
 10
0.0
 20
45.569258104970345
 10
0.0
 20
45.8192437010025
 10
0.0
 20
46.069229297034674
 10
0.0
 20
46.31921489306689
 10
0.0
 20
46.56920048909904
 10
0.0
 20
46.819186085131214
 10
0.0
 20
47.06917168116343
 10
0.0
 20
47.31915727719564
 10
0.0
 20
47.5691428732278
 10
0.0
 20
47.81912846925997
 10
0.0
 20
48.06911406529212
 10
0.0
 20
48.31909966132434
 10
0.0
 20
48.56908525735651
 10
0.0
 20
48.81907085338866
 10
0.0
 20
49.06905644942094
 10
0.0
 20
49.319042045453095
 10
0.0
 20
49.56902764148526
 10
0.0
 20
49.81901323751742
 10
0.0
 20
50.068998833549635
 10
0.0
 20
50.31898442958181
 10
0.0
 20
50.56897002561396
 10
0.0
 20
50.818955621646175
 10
0.0
 20
51.06894121767839
 10
0.0
 20
51.31892681371056
 10
0.0
 20
51.568912409742715
 10
0.0
 20
51.81889800577489
 10
0.0
 20
52.0688836018071
 10
0.0
 20
52.318869197839255
 10
0.0
 20
52.56885479387147
 10
0.0
 20
52.81884038990369
 10
0.0
 20
53.06882598593586
 10
0.0
 20
53.31881158196801
 10
0.0
 20
53.56879717800019
 10
0.0
 20
53.818782774032336
 10
0.0
 20
54.068768370064554
 10
0.0
 20
54.31875396609673
 10
0.0
 20
54.56873956212894
 10
0.0
 20
54.81872515816116
 10
0.0
 20
55.06871075419331
 10
0.0
 20
55.31869635022548
 10
0.0
 20
55.568681946257634
 10
0.0
 20
55.81866754228985
 10
0.0
 20
56.06865313832202
 10
0.0
 20
56.31863873435424
 10
0.0
 20
56.56862433038639
 10
0.0
 20
56.81860992641861
 10
0.0
 20
57.06859552245078
 10
0.0
 20
57.31858111848293
 10
0.0
 20
57.56856671451511
 10
0.0
 20
57.81855231054732
 10
0.0
 20
58.068537906579536
 10
0.0
 20
58.31852350261169
 10
0.0
 20
58.56850909864391
 10
0.0
 20
58.818494694676076
 10
0.0
 20
59.06848029070823
 10
0.0
 20
59.3184658867404
 10
0.0
 20
59.56845148277255
 10
0.0
 20
59.81843707880477
 10
0.0
 20
60.06842267483699
 10
0.0
 20
60.318408270869156
 10
0.0
 20
60.568393866901374
 10
0.0
 20
60.81837946293353
 10
0.0
 20
61.068365058965696
 10
0.0
 20
61.31835065499785
 10
0.0
 20
61.56833625103007
 10
0.0
 20
61.818321847062286
 10
0.0
 20
62.068307443094454
 10
0.0
 20
62.31829303912661
 10
0.0
 20
62.568278635158826
 10
0.0
 20
62.818264231190994
 10
0.0
 20
63.06824982722315
 10
0.0
 20
63.31823542325532
 10
0.0
 20
63.5682210192876
 10
0.0
 20
63.81820661531975
 10
0.0
 20
64.0681922113519
 10
0.0
 20
64.31817780738415
 10
0.0
 20
64.56816340341629
 10
0.0
 20
64.81814899944844
 10
0.0
 20
65.06813459548061
 10
0.0
 20
65.31812019151283
 10
0.0
 20
65.56810578754505
 10
0.0
 20
65.8180913835772
 10
0.0
 20
66.06807697960937
 10
0.0
 20
66.31806257564159
 10
0.0
 20
66.56804817167374
 10
0.0
 20
66.81803376770591
 10
0.0
 20
67.06801936373806
 10
0.0
 20
67.31800495977035
 10
0.0
 20
67.56799055580252
 10
0.0
 20
67.81797615183467
 10
0.0
 20
68.06796174786682
 10
0.0
 20
68.31794734389906
 10
0.0
 20
68.56793293993121
 10
0.0
 20
68.81791853596336
 10
0.0
 20
69.06790413199565
 10
0.0
 20
69.31788972802782
 10
0.0
 20
69.56787532405997
 10
0.0
 20
69.81786092009212
 10
0.0
 20
70.06784651612436
 10
0.0
 20
70.31783211215651
 10
0.0
 20
70.56781770818866
 10
0.0
 20
70.81780330422083
 10
0.0
 20
71.06778890025312
 10
0.0
 20
71.31777449628527
 10
0.0
 20
71.56776009231744
 10
0.0
 20
71.81774568834959
 10
0.0
 20
72.06773128438181
 10
0.0
 20
72.31771688041395
 10
0.0
 20
72.56770247644613
 10
0.0
 20
72.81768807247842
 10
0.0
 20
73.06767366851057
 10
0.0
 20
73.31765926454274
 10
0.0
 20
73.56764486057489
 10
0.0
 20
73.81763045660703
 10
0.0
 20
74.06761605263928
 10
0.0
 20
74.31760164867143
 10
0.0
 20
74.56758724470365
 10
0.0
 20
74.81757284073586
 10
0.0
 20
75.06755843676804
 10
0.0
 20
75.31754403280019
 10
0.0
 20
75.56752962883233
 10
0.0
 20
75.81751522486458
 10
0.0
 20
76.06750082089673
 10
0.0
 20
76.31748641692887
 10
0.0
 20
76.56747201296112
 10
0.0
 20
76.81745760899334
 10
0.0
 20
77.06744320502548
 10
0.0
 20
77.31742880105766
 10
0.0
 20
77.5674143970898
 10
0.0
 20
77.81739999312202
 10
0.0
 20
78.0673855891542
 10
0.0
 20
78.31737118518642
 10
0.0
 20
78.56735678121863
 10
0.0
 20
78.81734237725078
 10
0.0
 20
79.06732797328296
 10
0.0
 20
79.3173135693151
 10
0.0
 20
79.56729916534732
 10
0.0
 20
79.8172847613795
 10
0.0
 20
80.06727035741172
 10
0.0
 20
80.31725595344386
 10
0.0
 20
80.56724154947608
 10
0.0
 20
80.81722714550826
 10
0.0
 20
81.0672127415404
 10
0.0
 20
81.31719833757258
 10
0.0
 20
81.5671839336048
 10
0.0
 20
81.81716952963694
 10
0.0
 20
82.06715512566916
 10
0.0
 20
82.31714072170134
 10
0.0
 20
82.56712631773355
 10
0.0
 20
82.8171119137657
 10
0.0
 20
83.06709750979788
 10
0.0
 20
83.3170831058301
 10
0.0
 20
83.56706870186224
 10
0.0
 20
83.81705429789446
 10
0.0
 20
84.06703989392663
 10
0.0
 20
84.31702548995884
 10
0.0
 20
84.567011085991
 10
0.0
 20
84.81699668202317
 10
0.0
 20
85.06698227805532
 10
0.0
 20
85.31696787408754
 10
0.0
 20
85.56695347011971
 10
0.0
 20
85.81693906615193
 10
0.0
 20
86.06692466218408
 10
0.0
 20
86.3169102582163
 10
0.0
 20
86.56689585424847
 10
0.0
 20
86.81688145028062
 10
0.0
 20
87.06686704631284
 10
0.0
 20
87.31685264234501
 10
0.0
 20
87.56683823837716
 10
0.0
 20
87.81682383440938
 10
0.0
 20
88.0668094304416
 10
0.0
 20
88.31679502647377
 10
0.0
 20
88.56678062250592
 10
0.0
 20
88.81676621853813
 10
0.0
 20
89.06675181457031
 10
0.0
 20
89.31673741060246
 10
0.0
 20
89.56672300663467
 10
0.0
 20
89.81670860266685
 10
0.0
 20
90.06669419869905
 10
0.0
 20
90.31667979473121
 10
0.0
 20
90.56666539076339
 10
0.0
 20
90.8166509867956
 10
0.0
 20
91.06663658282775
 10
0.0
 20
91.31662217885993
 10
0.0
 20
91.56660777489213
 10
0.0
 20
91.8165933709243
 10
0.0
 20
92.06657896695651
 10
0.0
 20
92.31656456298869
 10
0.0
 20
92.56655015902089
 10
0.0
 20
92.81653575505305
 10
0.0
 20
93.06652135108523
 10
0.0
 20
93.31650694711738
 10
0.0
 20
93.5664925431496
 10
0.0
 20
93.81647813918181
 10
0.0
 20
94.06646373521397
 10
0.0
 20
94.31644933124619
 10
0.0
 20
94.56643492727835
 10
0.0
 20
94.81642052331051
 10
0.0
 20
95.06640611934267
 10
0.0
 20
95.31639171537489
 10
0.0
 20
95.56637731140707
 10
0.0
 20
95.81636290743927
 10
0.0
 20
96.06634850347143
 10
0.0
 20
96.31633409950365
 10
0.0
 20
96.56631969553581
 10
0.0
 20
96.81630529156797
 10
0.0
 20
97.06629088760019
 10
0.0
 20
97.31627648363235
 10
0.0
 20
97.56626207966451
 10
0.0
 20
97.81624767569673
 10
0.0
 20
98.06623327172895
 10
0.0
 20
98.31621886776111
 10
0.0
 20
98.56620446379327
 10
0.0
 20
98.81619005982543
 10
0.0
 20
99.06617565585763
 10
0.0
 20
99.31616125188981
 10
0.0
 20
99.56614684792203
 10
0.0
 20
99.81613244395417
 10
0.0
 20
100.0661180399864
 10
0.0
 20
100.31610363601857
 10
0.0
 20
100.56608923205071
 10
0.0
 20
100.81607482808295
 10
0.0
 20
101.06606042411511
 10
0.0
 20
101.31604602014725
 10
0.0
 20
101.56603161617949
 10
0.0
 20
101.81601721221165
 10
0.0
 20
102.06600280824388
 10
0.0
 20
102.31598840427603
 10
0.0
 20
102.56597400030824
 10
0.0
 20
102.81595959634042
 10
0.0
 20
103.06594519237257
 10
0.0
 20
103.31593078840473
 10
0.0
 20
103.56591638443696
 10
0.0
 20
103.81590198046916
 10
0.0
 20
104.06588757650132
 10
0.0
 20
104.31587317253349
 10
0.0
 20
104.5658587685657
 10
0.0
 20
104.81584436459787
 10
0.0
 20
105.06582996063003
 10
0.0
 20
105.31581555666224
 10
0.0
 20
105.5658011526944
 10
0.0
 20
105.81578674872662
 10
0.0
 20
106.06577234475878
 10
0.0
 20
106.31575794079102
 10
0.0
 20
106.56574353682316
 10
0.0
 20
106.81572913285532
 10
0.0
 20
107.06571472888747
 10
0.0
 20
107.3157003249197
 10
0.0
 20
107.56568592095186
 10
0.0
 20
107.8156715169841
 10
0.0
 20
108.06565711301629
 10
0.0
 20
108.31564270904846
 10
0.0
 20
108.56562830508064
 10
0.0
 20
108.81561390111278
 10
0.0
 20
109.065599497145
 10
0.0
 20
109.31558509317718
 10
0.0
 20
109.56557068920937
 10
0.0
 20
109.81555628524154
 10
0.0
 20
110.06554188127376
 10
0.0
 20
110.3155274773059
 10
0.0
 20
110.56551307333808
 10
0.0
 20
110.8154986693703
 10
0.0
 20
111.06548426540246
 10
0.0
 20
111.31546986143462
 10
0.0
 20
111.56545545746684
 10
0.0
 20
111.815441053499
 10
0.0
 20
112.06542664953123
 10
0.0
 20
112.31541224556338
 10
0.0
 20
112.56539784159554
 10
0.0
 20
112.81538343762777
 10
0.0
 20
113.06536903365992
 10
0.0
 20
113.31535462969208
 10
0.0
 20
113.56534022572431
 10
0.0
 20
113.8153258217565
 10
0.0
 20
114.06531141778868
 10
0.0
 20
114.31529701382085
 10
0.0
 20
114.56528260985304
 10
0.0
 20
114.81526820588522
 10
0.0
 20
115.0652538019174
 10
0.0
 20
115.31523939794958
 10
0.0
 20
115.56522499398176
 10
0.0
 20
115.81521059001398
 10
0.0
 20
116.06519618604612
 10
0.0
 20
116.31518178207837
 10
0.0
 20
116.56516737811052
 10
0.0
 20
116.81515297414266
 10
0.0
 20
117.06513857017484
 10
0.0
 20
117.31512416620706
 10
0.0
 20
117.5651097622392
 10
0.0
 20
117.81509535827145
 10
0.0
 20
118.0650809543036
 10
0.0
 20
118.31506655033581
 10
0.0
 20
118.56505214636799
 10
0.0
 20
118.81503774240014
 10
0.0
 20
119.06502333843235
 10
0.0
 20
119.31500893446453
 10
0.0
 20
119.56499453049672
 10
0.0
 20
119.8149801265289
 10
0.0
 20
120.06496572256111
 10
0.0
 20
120.31495131859326
 10
0.0
 20
120.56493691462543
 10
0.0
 20
120.81492251065761
 10
0.0
 20
121.0649081066898
 10
0.0
 20
121.31489370272197
 10
0.0
 20
121.56487929875419
 10
0.0
 20
121.81486489478634
 10
0.0
 20
122.06485049081859
 10
0.0
 20
122.31483608685073
 10
0.0
 20
122.56482168288288
 10
0.0
 20
122.81480727891513
 10
0.0
 20
123.06479287494727
 10
0.0
 20
123.31477847097949
 10
0.0
 20
123.56476406701167
 10
0.0
 20
123.81474966304384
 10
0.0
 20
124.06473525907603
 10
0.0
 20
124.3147208551082
 10
0.0
 20
124.5647064511404
 10
0.0
 20
124.81469204717257
 10
0.0
 20
125.06467764320475
 10
0.0
 20
125.31466323923692
 10
0.0
 20
125.56464883526914
 10
0.0
 20
125.81463443130129
 10
0.0
 20
126.06462002733348
 10
0.0
 20
126.31460562336565
 10
0.0
 20
126.56459121939787
 10
0.0
 20
126.81457681543002
 10
0.0
 20
127.06456241146222
 10
0.0
 20
127.31454800749445
 10
0.0
 20
127.5645336035266
 10
0.0
 20
127.81451919955876
 10
0.0
 20
128.06450479559095
 10
0.0
 20
128.31449039162317
 10
0.0
 20
128.56447598765533
 10
0.0
 20
128.81446158368752
 10
0.0
 20
129.06444717971968
 10
0.0
 20
129.3144327757519
 10
0.0
 20
129.56441837178406
 10
0.0
 20
129.81440396781625
 10
0.0
 20
130.0643895638484
 10
0.0
 20
130.31437515988063
 10
0.0
 20
130.5643607559128
 10
0.0
 20
130.81434635194495
 10
0.0
 20
131.06433194797717
 10
0.0
 20
131.31431754400936
 10
0.0
 20
131.5643031400415
 10
0.0
 20
131.8142887360737
 10
0.0
 20
132.0642743321059
 10
0.0
 20
132.31425992813809
 10
0.0
 20
132.56424552417025
 10
0.0
 20
132.81423112020246
 10
0.0
 20
133.06421671623468
 10
0.0
 20
133.31420231226681
 10
0.0
 20
133.564187908299
 10
0.0
 20
133.81417350433122
 10
0.0
 20
134.06415910036338
 10
0.0
 20
134.31414469639554
 10
0.0
 20
134.56413029242776
 10
0.0
 20
134.81411588845992
 10
0.0
 20
135.0641014844921
 10
0.0
 20
135.31408708052427
 10
0.0
 20
135.5640726765565
 10
0.0
 20
135.81405827258865
 10
0.0
 20
136.06404386862084
 10
0.0
 20
136.314029464653
 10
0.0
 20
136.56401506068522
 10
0.0
 20
136.81400065671738
 10
0.0
 20
137.06398625274957
 10
0.0
 20
137.3139718487817
 10
0.0
 20
137.56395744481395
 10
0.0
 20
137.81394304084614
 10
0.0
 20
138.0639286368783
 10
0.0
 20
138.31391423291052
 10
0.0
 20
138.56389982894268
 10
0.0
 20
138.8138854249749
 10
0.0
 20
139.06387102100703
 10
0.0
 20
139.31385661703925
 10
0.0
 20
139.56384221307144
 10
0.0
 20
139.8138278091036
 10
0.0
 20
140.06381340513576
 10
0.0
 20
140.31379900116798
 10
0.0
 20
140.56378459720014
 10
0.0
 20
140.81377019323233
 10
0.0
 20
141.06375578926452
 10
0.0
 20
141.3137413852967
 10
0.0
 20
141.56372698132887
 10
0.0
 20
141.81371257736106
 10
0.0
 20
142.06369817339325
 10
0.0
 20
142.31368376942544
 10
0.0
 20
142.5636693654576
 10
0.0
 20
142.8136549614898
 10
0.0
 20
143.063640557522
 10
0.0
 20
143.31362615355417
 10
0.0
 20
143.56361174958636
 10
0.0
 20
143.81359734561855
 10
0.0
 20
144.06358294165074
 10
0.0
 20
144.3135685376829
 10
0.0
 20
144.56355413371512
 10
0.0
 20
144.81353972974728
 10
0.0
 20
145.06352532577947
 10
0.0
 20
145.31351092181166
 10
0.0
 20
145.56349651784382
 10
0.0
 20
145.813482113876
 10
0.0
 20
146.0634677099082
 10
0.0
 20
146.31345330594036
 10
0.0
 20
146.56343890197257
 10
0.0
 20
146.81342449800474
 10
0.0
 20
147.06341009403693
 10
0.0
 20
147.3133956900691
 10
0.0
 20
147.5633812861013
 10
0.0
 20
147.8133668821335
 10
0.0
 20
148.06335247816565
 10
0.0
 20
148.31333807419782
 10
0.0
 20
148.56332367023003
 10
0.0
 20
148.81330926626222
 10
0.0
 20
149.06329486229438
 10
0.0
 20
149.3132804583266
 10
0.0
 20
149.56326605435876
 10
0.0
 20
149.81325165039095
 10
0.0
 20
150.0632372464231
 10
0.0
 20
150.31322284245533
 10
0.0
 20
150.5632084384875
 10
0.0
 20
150.81319403451968
 10
0.0
 20
151.06317963055184
 10
0.0
 20
151.31316522658406
 10
0.0
 20
151.56315082261622
 10
0.0
 20
151.8131364186484
 10
0.0
 20
152.06312201468063
 10
0.0
 20
152.3131076107128
 10
0.0
 20
152.56309320674495
 10
0.0
 20
152.81307880277714
 10
0.0
 20
153.06306439880936
 10
0.0
 20
153.31304999484152
 10
0.0
 20
153.5630355908737
 10
0.0
 20
153.81302118690587
 10
0.0
 20
154.0630067829381
 10
0.0
 20
154.31299237897025
 10
0.0
 20
154.56297797500244
 10
0.0
 20
154.81296357103463
 10
0.0
 20
155.06294916706682
 10
0.0
 20
155.31293476309898
 10
0.0
 20
155.56292035913117
 10
0.0
 20
155.81290595516336
 10
0.0
 20
156.06289155119555
 10
0.0
 20
156.3128771472277
 10
0.0
 20
156.5628627432599
 10
0.0
 20
156.8128483392921
 10
0.0
 20
157.06283393532428
 10
0.0
 20
157.31281953135644
 10
0.0
 20
157.56280512738866
 10
0.0
 20
157.81279072342085
 10
0.0
 20
158.062776319453
 10
0.0
 20
158.3127619154852
 10
0.0
 20
158.5627475115174
 10
0.0
 20
158.81273310754958
 10
0.0
 20
159.06271870358174
 10
0.0
 20
159.31270429961393
 10
0.0
 20
159.56268989564612
 10
0.0
 20
159.8126754916783
 10
0.0
 20
160.06266108771047
 10
0.0
 20
160.31264668374268
 10
0.0
 20
160.56263227977485
 10
0.0
 20
160.81261787580704
 10
0.0
 20
161.0626034718392
 10
0.0
 20
161.31258906787141
 10
0.0
 20
161.56257466390358
 10
0.0
 20
161.81256025993576
 10
0.0
 20
162.06254585596793
 10
0.0
 20
162.31253145200014
 10
0.0
 20
162.56251704803233
 10
0.0
 20
162.8125026440645
 10
0.0
 20
163.0624882400967
 10
0.0
 20
163.31247383612887
 10
0.0
 20
163.56245943216106
 10
0.0
 20
163.81244502819322
 10
0.0
 20
164.06243062422544
 10
0.0
 20
164.3124162202576
 10
0.0
 20
164.5624018162898
 10
0.0
 20
164.81238741232195
 10
0.0
 20
165.06237300835417
 10
0.0
 20
165.31235860438633
 10
0.0
 20
165.56234420041852
 10
0.0
 20
165.8123297964507
 10
0.0
 20
166.0623153924829
 10
0.0
 20
166.31230098851506
 10
0.0
 20
166.56228658454725
 10
0.0
 20
166.81227218057944
 10
0.0
 20
167.06225777661163
 10
0.0
 20
167.3122433726438
 10
0.0
 20
167.56222896867598
 10
0.0
 20
167.8122145647082
 10
0.0
 20
168.06220016074036
 10
0.0
 20
168.31218575677255
 10
0.0
 20
168.56217135280474
 10
0.0
 20
168.81215694883693
 10
0.0
 20
169.0621425448691
 10
0.0
 20
169.31212814090128
 10
0.0
 20
169.56211373693347
 10
0.0
 20
169.81209933296566
 10
0.0
 20
170.06208492899782
 10
0.0
 20
170.31207052503
 10
0.0
 20
170.5620561210622
 10
0.0
 20
170.8120417170944
 10
0.0
 20
171.06202731312655
 10
0.0
 20
171.31201290915877
 10
0.0
 20
171.56199850519093
 10
0.0
 20
171.81198410122312
 10
0.0
 20
172.06196969725528
 10
0.0
 20
172.3119552932875
 10
0.0
 20
172.5619408893197
 10
0.0
 20
172.81192648535185
 10
0.0
 20
173.061912081384
 10
0.0
 20
173.31189767741623
 10
0.0
 20
173.56188327344842
 10
0.0
 20
173.81186886948058
 10
0.0
 20
174.0618544655128
 10
0.0
 20
174.31184006154496
 10
0.0
 20
174.56182565757715
 10
0.0
 20
174.8118112536093
 10
0.0
 20
175.06179684964152
 10
0.0
 20
175.31178244567369
 10
0.0
 20
175.56176804170588
 10
0.0
 20
175.81175363773804
 10
0.0
 20
176.06173923377025
 10
0.0
 20
176.31172482980242
 10
0.0
 20
176.5617104258346
 10
0.0
 20
176.81169602186682
 10
0.0
 20
177.06168161789898
 10
0.0
 20
177.31166721393114
 10
0.0
 20
177.56165280996333
 10
0.0
 20
177.81163840599555
 10
0.0
 20
178.0616240020277
 10
0.0
 20
178.3116095980599
 10
0.0
 20
178.56159519409206
 10
0.0
 20
178.81158079012428
 10
0.0
 20
179.06156638615644
 10
0.0
 20
179.31155198218863
 10
0.0
 20
179.56153757822082
 10
0.0
 20
179.811523174253
 10
0.0
 20
180.06150877028517
 10
0.0
 20
180.31149436631736
 10
0.0
 20
180.56147996234955
 10
0.0
 20
180.81146555838174
 10
0.0
 20
181.0614511544139
 10
0.0
 20
181.3114367504461
 10
0.0
 20
181.56142234647828
 10
0.0
 20
181.81140794251047
 10
0.0
 20
182.06139353854263
 10
0.0
 20
182.31137913457485
 10
0.0
 20
182.56136473060704
 10
0.0
 20
182.8113503266392
 10
0.0
 20
183.0613359226714
 10
0.0
 20
183.31132151870358
 10
0.0
 20
183.56130711473577
 10
0.0
 20
183.81129271076793
 10
0.0
 20
184.06127830680012
 10
0.0
 20
184.3112639028323
 10
0.0
 20
184.5612494988645
 10
0.0
 20
184.81123509489666
 10
0.0
 20
185.06122069092888
 10
0.0
 20
185.31120628696104
 10
0.0
 20
185.56119188299323
 10
0.0
 20
185.8111774790254
 10
0.0
 20
186.0611630750576
 10
0.0
 20
186.31114867108977
 10
0.0
 20
186.56113426712196
 10
0.0
 20
186.81111986315412
 10
0.0
 20
187.06110545918634
 10
0.0
 20
187.31109105521853
 10
0.0
 20
187.5610766512507
 10
0.0
 20
187.8110622472829
 10
0.0
 20
188.06104784331507
 10
0.0
 20
188.31103343934726
 10
0.0
 20
188.56101903537942
 10
0.0
 20
188.81100463141163
 10
0.0
 20
189.0609902274438
 10
0.0
 20
189.31097582347599
 10
0.0
 20
189.56096141950815
 10
0.0
 20
189.81094701554036
 10
0.0
 20
190.06093261157253
 10
0.0
 20
190.31091820760471
 10
0.0
 20
190.5609038036369
 10
0.0
 20
190.8108893996691
 10
0.0
 20
191.06087499570125
 10
0.0
 20
191.31086059173344
 10
0.0
 20
191.56084618776566
 10
0.0
 20
191.81083178379782
 10
0.0
 20
192.06081737982998
 10
0.0
 20
192.31080297586217
 10
0.0
 20
192.5607885718944
 10
0.0
 20
192.81077416792655
 10
0.0
 20
193.06075976395874
 10
0.0
 20
193.31074535999093
 10
0.0
 20
193.56073095602312
 10
0.0
 20
193.81071655205528
 10
0.0
 20
194.06070214808747
 10
0.0
 20
194.31068774411966
 10
0.0
 20
194.56067334015185
 10
0.0
 20
194.810658936184
 10
0.0
 20
195.0606445322162
 10
0.0
 20
195.3106301282484
 10
0.0
 20
195.56061572428058
 10
0.0
 20
195.81060132031274
 10
0.0
 20
196.06058691634496
 10
0.010572512377109433
 20
196.3
 10
0.26055810840929894
 20
196.3
 10
0.51054370444146
 20
196.3
 10
0.760529300473678
 20
196.3
 10
1.0105148965058675
 20
196.3
 10
1.2605004925380285
 20
196.3
 10
1.5104860885701896
 20
196.3
 10
1.7604716846024075
 20
196.3
 10
2.010457280634597
 20
196.3
 10
2.260442876666758
 20
196.3
 10
2.510428472698976
 20
196.3
 10
2.760414068731137
 20
196.3
 10
3.0103996647633267
 20
196.3
 10
3.2603852607954877
 20
196.3
 10
3.5103708568277057
 20
196.3
 10
3.7603564528598667
 20
196.3
 10
4.010342048892056
 20
196.3
 10
4.260327644924217
 20
196.3
 10
4.510313240956435
 20
196.3
 10
4.760298836988596
 20
196.3
 10
5.010284433020786
 20
196.3
 10
5.260270029053004
 20
196.3
 10
5.510255625085165
 20
196.3
 10
5.760241221117326
 20
196.3
 10
6.0102268171495155
 20
196.3
 10
6.260212413181733
 20
196.3
 10
6.5101980092138945
 20
196.3
 10
6.760183605246084
 20
196.3
 10
7.010169201278245
 20
196.3
 10
7.260154797310463
 20
196.3
 10
7.510140393342624
 20
196.3
 10
7.760125989374814
 20
196.3
 10
8.010111585407003
 20
196.3
 10
8.260097181439193
 20
196.3
 10
8.510082777471354
 20
196.3
 10
8.760068373503543
 20
196.3
 10
9.010053969535733
 20
196.3
 10
9.260039565567922
 20
196.3
 10
9.510025161600083
 20
196.3
 10
9.760010757632273
 20
196.3
 10
10.009996353664462
 20
196.3
 10
10.259981949696652
 20
196.3
 10
10.509967545728813
 20
196.3
 10
10.75995314176103
 20
196.3
 10
11.00993873779322
 20
196.3
 10
11.259924333825381
 20
196.3
 10
11.50990992985757
 20
196.3
 10
11.75989552588976
 20
196.3
 10
12.00988112192195
 20
196.3
 10
12.259866717954111
 20
196.3
 10
12.5098523139863
 20
196.3
 10
12.75983791001849
 20
196.3
 10
13.00982350605068
 20
196.3
 10
13.25980910208284
 20
196.3
 10
13.509794698115059
 20
196.3
 10
13.75978029414722
 20
196.3
 10
14.009765890179409
 20
196.3
 10
14.25975148621157
 20
196.3
 10
14.509737082243788
 20
196.3
 10
14.75972267827595
 20
196.3
 10
15.009708274308139
 20
196.3
 10
15.2596938703403
 20
196.3
 10
15.509679466372518
 20
196.3
 10
15.759665062404707
 20
196.3
 10
16.00965065843687
 20
196.3
 10
16.259636254469086
 20
196.3
 10
16.509621850501247
 20
196.3
 10
16.759607446533437
 20
196.3
 10
17.009593042565598
 20
196.3
 10
17.259578638597816
 20
196.3
 10
17.509564234629977
 20
196.3
 10
17.759549830662166
 20
196.3
 10
18.009535426694327
 20
196.3
 10
18.259521022726545
 20
196.3
 10
18.509506618758707
 20
196.3
 10
18.759492214790896
 20
196.3
 10
19.009477810823086
 20
196.3
 10
19.259463406855275
 20
196.3
 10
19.509449002887436
 20
196.3
 10
19.759434598919626
 20
196.3
 10
20.009420194951844
 20
196.3
 10
20.259405790984005
 20
196.3
 10
20.509391387016166
 20
196.3
 10
20.759376983048355
 20
196.3
 10
21.009362579080573
 20
196.3
 10
21.259348175112734
 20
196.3
 10
21.509333771144924
 20
196.3
 10
21.759319367177113
 20
196.3
 10
22.009304963209303
 20
196.3
 10
22.259290559241464
 20
196.3
 10
22.509276155273653
 20
196.3
 10
22.759261751305843
 20
196.3
 10
23.009247347338032
 20
196.3
 10
23.259232943370193
 20
196.3
 10
23.509218539402383
 20
196.3
 10
23.759204135434572
 20
196.3
 10
24.009189731466762
 20
196.3
 10
24.259175327498923
 20
196.3
 10
24.50916092353114
 20
196.3
 10
24.759146519563302
 20
196.3
 10
25.00913211559549
 20
196.3
 10
25.259117711627653
 20
196.3
 10
25.50910330765987
 20
196.3
 10
25.75908890369206
 20
196.3
 10
26.00907449972422
 20
196.3
 10
26.25906009575641
 20
196.3
 10
26.5090456917886
 20
196.3
 10
26.75903128782079
 20
196.3
 10
27.00901688385295
 20
196.3
 10
27.25900247988517
 20
196.3
 10
27.50898807591733
 20
196.3
 10
27.75897367194952
 20
196.3
 10
28.00895926798168
 20
196.3
 10
28.2589448640139
 20
196.3
 10
28.50893046004606
 20
196.3
 10
28.75891605607825
 20
196.3
 10
29.00890165211041
 20
196.3
 10
29.258887248142628
 20
196.3
 10
29.50887284417479
 20
196.3
 10
29.75885844020698
 20
196.3
 10
30.008844036239196
 20
196.3
 10
30.258829632271357
 20
196.3
 10
30.50881522830352
 20
196.3
 10
30.758800824335708
 20
196.3
 10
31.008786420367926
 20
196.3
 10
31.258772016400087
 20
196.3
 10
31.508757612432277
 20
196.3
 10
31.758743208464438
 20
196.3
 10
32.008728804496656
 20
196.3
 10
32.25871440052882
 20
196.3
 10
32.508699996561006
 20
196.3
 10
32.758685592593196
 20
196.3
 10
33.008671188625385
 20
196.3
 10
33.258656784657546
 20
196.3
 10
33.508642380689736
 20
196.3
 10
33.758627976721925
 20
196.3
 10
34.008613572754115
 20
196.3
 10
34.258599168786276
 20
196.3
 10
34.508584764818465
 20
196.3
 10
34.758570360850655
 20
196.3
 10
35.008555956882844
 20
196.3
 10
35.258541552915034
 20
196.3
 10
35.50852714894722
 20
196.3
 10
35.75851274497941
 20
196.3
 10
36.008498341011574
 20
196.3
 10
36.25848393704376
 20
196.3
 10
36.50846953307595
 20
196.3
 10
36.75845512910814
 20
196.3
 10
37.008440725140304
 20
196.3
 10
37.25842632117249
 20
196.3
 10
37.50841191720468
 20
196.3
 10
37.75839751323687
 20
196.3
 10
38.00838310926906
 20
196.3
 10
38.25836870530122
 20
196.3
 10
38.50835430133341
 20
196.3
 10
38.7583398973656
 20
196.3
 10
39.00832549339779
 20
196.3
 10
39.25831108942995
 20
196.3
 10
39.50829668546214
 20
196.3
 10
39.75828228149433
 20
196.3
 10
40.00826787752652
 20
196.3
 10
40.25825347355868
 20
196.3
 10
40.5082390695909
 20
196.3
 10
40.75822466562309
 20
196.3
 10
41.00821026165525
 20
196.3
 10
41.25819585768744
 20
196.3
 10
41.50818145371963
 20
196.3
 10
41.75816704975182
 20
196.3
 10
42.00815264578398
 20
196.3
 10
42.25813824181617
 20
196.3
 10
42.50812383784836
 20
196.3
 10
42.75810943388055
 20
196.3
 10
43.00809502991271
 20
196.3
 10
43.2580806259449
 20
196.3
 10
43.50806622197709
 20
196.3
 10
43.75805181800928
 20
196.3
 10
44.00803741404147
 20
196.3
 10
44.25802301007363
 20
196.3
 10
44.50800860610582
 20
196.3
 10
44.75799420213801
 20
196.3
 10
45.0079797981702
 20
196.3
 10
45.25796539420236
 20
196.3
 10
45.507950990234576
 20
196.3
 10
45.75793658626674
 20
196.3
 10
46.00792218229893
 20
196.3
 10
46.257907778331116
 20
196.3
 10
46.507893374363306
 20
196.3
 10
46.757878970395495
 20
196.3
 10
47.007864566427656
 20
196.3
 10
47.257850162459846
 20
196.3
 10
47.507835758492035
 20
196.3
 10
47.757821354524225
 20
196.3
 10
48.007806950556386
 20
196.3
 10
48.257792546588576
 20
196.3
 10
48.507778142620765
 20
196.3
 10
48.757763738652955
 20
196.3
 10
49.007749334685144
 20
196.3
 10
49.257734930717305
 20
196.3
 10
49.507720526749495
 20
196.3
 10
49.757706122781684
 20
196.3
 10
50.007691718813874
 20
196.3
 10
50.257677314846035
 20
196.3
 10
50.50766291087825
 20
196.3
 10
50.757648506910414
 20
196.3
 10
51.0076341029426
 20
196.3
 10
51.25761969897479
 20
196.3
 10
51.50760529500698
 20
196.3
 10
51.75759089103917
 20
196.3
 10
52.00757648707133
 20
196.3
 10
52.25756208310352
 20
196.3
 10
52.50754767913571
 20
196.3
 10
52.7575332751679
 20
196.3
 10
53.00751887120006
 20
196.3
 10
53.25750446723225
 20
196.3
 10
53.50749006326444
 20
196.3
 10
53.75747565929663
 20
196.3
 10
54.00746125532879
 20
196.3
 10
54.25744685136098
 20
196.3
 10
54.50743244739317
 20
196.3
 10
54.75741804342536
 20
196.3
 10
55.00740363945755
 20
196.3
 10
55.25738923548974
 20
196.3
 10
55.5073748315219
 20
196.3
 10
55.75736042755409
 20
196.3
 10
56.00734602358628
 20
196.3
 10
56.257331619618455
 20
196.3
 10
56.507317215650644
 20
196.3
 10
56.75730281168282
 20
196.3
 10
57.00728840771501
 20
196.3
 10
57.2572740037472
 20
196.3
 10
57.507259599779374
 20
196.3
 10
57.75724519581158
 20
196.3
 10
58.00723079184375
 20
196.3
 10
58.25721638787594
 20
196.3
 10
58.50720198390812
 20
196.3
 10
58.75718757994031
 20
196.3
 10
59.0071731759725
 20
196.3
 10
59.257158772004686
 20
196.3
 10
59.50714436803685
 20
196.3
 10
59.75712996406904
 20
196.3
 10
60.00711556010123
 20
196.3
 10
60.25710115613339
 20
196.3
 10
60.50708675216558
 20
196.3
 10
60.75707234819777
 20
196.3
 10
61.007057944229956
 20
196.3
 10
61.25704354026213
 20
196.3
 10
61.50702913629432
 20
196.3
 10
61.757014732326496
 20
196.3
 10
62.007000328358686
 20
196.3
 10
62.256985924390875
 20
196.3
 10
62.506971520423065
 20
196.3
 10
62.756957116455254
 20
196.3
 10
63.00694271248743
 20
196.3
 10
63.25692830851962
 20
196.3
 10
63.506913904551794
 20
196.3
 10
63.756899500583984
 20
196.3
 10
64.00688509661617
 20
196.3
 10
64.25687069264836
 20
196.3
 10
64.50685628868052
 20
196.3
 10
64.75684188471271
 20
196.3
 10
65.00682748074489
 20
196.3
 10
65.25681307677708
 20
196.3
 10
65.50679867280925
 20
196.3
 10
65.75678426884144
 20
196.3
 10
66.00676986487363
 20
196.3
 10
66.25675546090581
 20
196.3
 10
66.506741056938
 20
196.3
 10
66.75672665297016
 20
196.3
 10
67.00671224900235
 20
196.3
 10
67.25669784503454
 20
196.3
 10
67.50668344106673
 20
196.3
 10
67.7566690370989
 20
196.3
 10
68.0066546331311
 20
196.3
 10
68.2566402291633
 20
196.3
 10
68.50662582519547
 20
196.3
 10
68.75661142122766
 20
196.3
 10
69.00659701725985
 20
196.3
 10
69.25658261329204
 20
196.3
 10
69.5065682093242
 20
196.3
 10
69.75655380535639
 20
196.3
 10
70.00653940138857
 20
196.3
 10
70.25652499742075
 20
196.3
 10
70.50651059345294
 20
196.3
 10
70.75649618948512
 20
196.3
 10
71.00648178551731
 20
196.3
 10
71.25646738154948
 20
196.3
 10
71.50645297758167
 20
196.3
 10
71.75643857361383
 20
196.3
 10
72.00642416964602
 20
196.3
 10
72.25640976567821
 20
196.3
 10
72.5063953617104
 20
196.3
 10
72.75638095774259
 20
196.3
 10
73.00636655377478
 20
196.3
 10
73.25635214980696
 20
196.3
 10
73.50633774583915
 20
196.3
 10
73.75632334187134
 20
196.3
 10
74.00630893790353
 20
196.3
 10
74.25629453393572
 20
196.3
 10
74.50628012996788
 20
196.3
 10
74.75626572600007
 20
196.3
 10
75.00625132203224
 20
196.3
 10
75.25623691806443
 20
196.3
 10
75.50622251409662
 20
196.3
 10
75.75620811012881
 20
196.3
 10
76.00619370616097
 20
196.3
 10
76.25617930219316
 20
196.3
 10
76.50616489822535
 20
196.3
 10
76.75615049425753
 20
196.3
 10
77.0061360902897
 20
196.3
 10
77.25612168632189
 20
196.3
 10
77.50610728235408
 20
196.3
 10
77.75609287838627
 20
196.3
 10
78.00607847441846
 20
196.3
 10
78.25606407045063
 20
196.3
 10
78.50604966648282
 20
196.3
 10
78.75603526251498
 20
196.3
 10
79.00602085854717
 20
196.3
 10
79.25600645457939
 20
196.3
 10
79.50599205061155
 20
196.3
 10
79.75597764664374
 20
196.3
 10
80.00596324267592
 20
196.3
 10
80.25594883870811
 20
196.3
 10
80.5059344347403
 20
196.3
 10
80.75592003077249
 20
196.3
 10
81.00590562680465
 20
196.3
 10
81.25589122283684
 20
196.3
 10
81.50587681886901
 20
196.3
 10
81.7558624149012
 20
196.3
 10
82.0058480109334
 20
196.3
 10
82.25583360696557
 20
196.3
 10
82.50581920299776
 20
196.3
 10
82.75580479902995
 20
196.3
 10
83.00579039506214
 20
196.3
 10
83.25577599109431
 20
196.3
 10
83.5057615871265
 20
196.3
 10
83.75574718315866
 20
196.3
 10
84.00573277919085
 20
196.3
 10
84.25571837522304
 20
196.3
 10
84.50570397125523
 20
196.3
 10
84.75568956728742
 20
196.3
 10
85.0056751633196
 20
196.3
 10
85.25566075935178
 20
196.3
 10
85.50564635538397
 20
196.3
 10
85.75563195141616
 20
196.3
 10
86.00561754744832
 20
196.3
 10
86.25560314348051
 20
196.3
 10
86.50558873951269
 20
196.3
 10
86.75557433554488
 20
196.3
 10
87.00555993157707
 20
196.3
 10
87.25554552760926
 20
196.3
 10
87.50553112364143
 20
196.3
 10
87.75551671967362
 20
196.3
 10
88.00550231570581
 20
196.3
 10
88.25548791173799
 20
196.3
 10
88.50547350777018
 20
196.3
 10
88.75545910380234
 20
196.3
 10
89.00544469983453
 20
196.3
 10
89.25543029586672
 20
196.3
 10
89.5054158918989
 20
196.3
 10
89.75540148793108
 20
196.3
 10
90.00538708396327
 20
196.3
 10
90.25537267999546
 20
196.3
 10
90.50535827602762
 20
196.3
 10
90.75534387205984
 20
196.3
 10
91.005329468092
 20
196.3
 10
91.25531506412419
 20
196.3
 10
91.50530066015637
 20
196.3
 10
91.75528625618855
 20
196.3
 10
92.00527185222072
 20
196.3
 10
92.25525744825295
 20
196.3
 10
92.5052430442851
 20
196.3
 10
92.75522864031728
 20
196.3
 10
93.00521423634947
 20
196.3
 10
93.25519983238166
 20
196.3
 10
93.50518542841385
 20
196.3
 10
93.75517102444604
 20
196.3
 10
94.00515662047823
 20
196.3
 10
94.25514221651038
 20
196.3
 10
94.50512781254257
 20
196.3
 10
94.75511340857476
 20
196.3
 10
95.00509900460695
 20
196.3
 10
95.25508460063914
 20
196.3
 10
95.50507019667133
 20
196.3
 10
95.75505579270352
 20
196.3
 10
96.00504138873568
 20
196.3
 10
96.25502698476787
 20
196.3
 10
96.50501258080004
 20
196.3
 10
96.75499817683223
 20
196.3
 10
97.00498377286442
 20
196.3
 10
97.25496936889661
 20
196.3
 10
97.5049549649288
 20
196.3
 10
97.75494056096099
 20
196.3
 10
98.00492615699315
 20
196.3
 10
98.25491175302534
 20
196.3
 10
98.50489734905753
 20
196.3
 10
98.7548829450897
 20
196.3
 10
99.00486854112188
 20
196.3
 10
99.25485413715407
 20
196.3
 10
99.50483973318626
 20
196.3
 10
99.75482532921843
 20
196.3
 10
100.00481092525062
 20
196.3
 10
100.25479652128278
 20
196.3
 10
100.50478211731497
 20
196.3
 10
100.75476771334716
 20
196.3
 10
101.00475330937935
 20
196.3
 10
101.25473890541154
 20
196.3
 10
101.50472450144372
 20
196.3
 10
101.75471009747592
 20
196.3
 10
102.00469569350807
 20
196.3
 10
102.25468128954029
 20
196.3
 10
102.50466688557245
 20
196.3
 10
102.75465248160464
 20
196.3
 10
103.00463807763683
 20
196.3
 10
103.25462367366902
 20
196.3
 10
103.5046092697012
 20
196.3
 10
103.7545948657334
 20
196.3
 10
104.00458046176558
 20
196.3
 10
104.25456605779773
 20
196.3
 10
104.50455165382992
 20
196.3
 10
104.75453724986211
 20
196.3
 10
105.0045228458943
 20
196.3
 10
105.25450844192649
 20
196.3
 10
105.50449403795868
 20
196.3
 10
105.75447963399083
 20
196.3
 10
106.00446523002302
 20
196.3
 10
106.2544508260552
 20
196.3
 10
106.5044364220874
 20
196.3
 10
106.7544220181196
 20
196.3
 10
107.00440761415177
 20
196.3
 10
107.25439321018396
 20
196.3
 10
107.50437880621615
 20
196.3
 10
107.75436440224834
 20
196.3
 10
108.0043499982805
 20
196.3
 10
108.25433559431269
 20
196.3
 10
108.50432119034487
 20
196.3
 10
108.75430678637706
 20
196.3
 10
109.00429238240925
 20
196.3
 10
109.25427797844144
 20
196.3
 10
109.50426357447363
 20
196.3
 10
109.75424917050579
 20
196.3
 10
110.00423476653798
 20
196.3
 10
110.25422036257015
 20
196.3
 10
110.50420595860233
 20
196.3
 10
110.75419155463452
 20
196.3
 10
111.0041771506667
 20
196.3
 10
111.2541627466989
 20
196.3
 10
111.50414834273107
 20
196.3
 10
111.75413393876326
 20
196.3
 10
112.00411953479545
 20
196.3
 10
112.25410513082761
 20
196.3
 10
112.5040907268598
 20
196.3
 10
112.75407632289199
 20
196.3
 10
113.00406191892418
 20
196.3
 10
113.25404751495635
 20
196.3
 10
113.50403311098854
 20
196.3
 10
113.75401870702073
 20
196.3
 10
114.0040043030529
 20
196.3
 10
114.25398989908508
 20
196.3
 10
114.50397549511727
 20
196.3
 10
114.75396109114946
 20
196.3
 10
115.00394668718165
 20
196.3
 10
115.25393228321384
 20
196.3
 10
115.50391787924603
 20
196.3
 10
115.75390347527818
 20
196.3
 10
116.00388907131037
 20
196.3
 10
116.25387466734256
 20
196.3
 10
116.50386026337475
 20
196.3
 10
116.75384585940694
 20
196.3
 10
117.00383145543913
 20
196.3
 10
117.25381705147132
 20
196.3
 10
117.5038026475035
 20
196.3
 10
117.75378824353567
 20
196.3
 10
118.00377383956786
 20
196.3
 10
118.25375943560003
 20
196.3
 10
118.50374503163222
 20
196.3
 10
118.75373062766441
 20
196.3
 10
119.0037162236966
 20
196.3
 10
119.25370181972879
 20
196.3
 10
119.50368741576095
 20
196.3
 10
119.75367301179314
 20
196.3
 10
120.00365860782532
 20
196.3
 10
120.2536442038575
 20
196.3
 10
120.5036297998897
 20
196.3
 10
120.75361539592188
 20
196.3
 10
121.00360099195407
 20
196.3
 10
121.25358658798625
 20
196.3
 10
121.50357218401842
 20
196.3
 10
121.75355778005061
 20
196.3
 10
122.00354337608277
 20
196.3
 10
122.25352897211496
 20
196.3
 10
122.50351456814715
 20
196.3
 10
122.75350016417934
 20
196.3
 10
123.00348576021153
 20
196.3
 10
123.25347135624372
 20
196.3
 10
123.5034569522759
 20
196.3
 10
123.75344254830809
 20
196.3
 10
124.00342814434025
 20
196.3
 10
124.25341374037244
 20
196.3
 10
124.50339933640463
 20
196.3
 10
124.75338493243682
 20
196.3
 10
125.003370528469
 20
196.3
 10
125.25335612450118
 20
196.3
 10
125.50334172053337
 20
196.3
 10
125.75332731656556
 20
196.3
 10
126.00331291259772
 20
196.3
 10
126.25329850862991
 20
196.3
 10
126.5032841046621
 20
196.3
 10
126.75326970069429
 20
196.3
 10
127.00325529672648
 20
196.3
 10
127.25324089275867
 20
196.3
 10
127.50322648879083
 20
196.3
 10
127.753212084823
 20
196.3
 10
128.00319768085518
 20
196.3
 10
128.25318327688737
 20
196.3
 10
128.50316887291956
 20
196.3
 10
128.75315446895175
 20
196.3
 10
129.00314006498394
 20
196.3
 10
129.25312566101613
 20
196.3
 10
129.50311125704832
 20
196.3
 10
129.75309685308048
 20
196.3
 10
130.00308244911267
 20
196.3
 10
130.25306804514486
 20
196.3
 10
130.50305364117705
 20
196.3
 10
130.75303923720924
 20
196.3
 10
131.00302483324143
 20
196.3
 10
131.2530104292736
 20
196.3
 10
131.50299602530578
 20
196.3
 10
131.75298162133794
 20
196.3
 10
132.00296721737013
 20
196.3
 10
132.25295281340232
 20
196.3
 10
132.5029384094345
 20
196.3
 10
132.7529240054667
 20
196.3
 10
133.00290960149889
 20
196.3
 10
133.25289519753107
 20
196.3
 10
133.50288079356324
 20
196.3
 10
133.75286638959543
 20
196.3
 10
134.00285198562761
 20
196.3
 10
134.2528375816598
 20
196.3
 10
134.502823177692
 20
196.3
 10
134.75280877372418
 20
196.3
 10
135.00279436975634
 20
196.3
 10
135.25277996578853
 20
196.3
 10
135.50276556182072
 20
196.3
 10
135.7527511578529
 20
196.3
 10
136.00273675388507
 20
196.3
 10
136.25272234991726
 20
196.3
 10
136.50270794594945
 20
196.3
 10
136.75269354198164
 20
196.3
 10
137.0026791380138
 20
196.3
 10
137.252664734046
 20
196.3
 10
137.50265033007818
 20
196.3
 10
137.75263592611037
 20
196.3
 10
138.00262152214256
 20
196.3
 10
138.25260711817475
 20
196.3
 10
138.5025927142069
 20
196.3
 10
138.7525783102391
 20
196.3
 10
139.0025639062713
 20
196.3
 10
139.25254950230348
 20
196.3
 10
139.50253509833567
 20
196.3
 10
139.75252069436783
 20
196.3
 10
140.00250629040002
 20
196.3
 10
140.2524918864322
 20
196.3
 10
140.5024774824644
 20
196.3
 10
140.7524630784966
 20
196.3
 10
141.00244867452878
 20
196.3
 10
141.25243427056094
 20
196.3
 10
141.50241986659313
 20
196.3
 10
141.7524054626253
 20
196.3
 10
142.00239105865748
 20
196.3
 10
142.25237665468967
 20
196.3
 10
142.50236225072186
 20
196.3
 10
142.75234784675405
 20
196.3
 10
143.00233344278624
 20
196.3
 10
143.25231903881843
 20
196.3
 10
143.50230463485062
 20
196.3
 10
143.75229023088278
 20
196.3
 10
144.00227582691497
 20
196.3
 10
144.25226142294716
 20
196.3
 10
144.50224701897935
 20
196.3
 10
144.7522326150115
 20
196.3
 10
145.0022182110437
 20
196.3
 10
145.2522038070759
 20
196.3
 10
145.50218940310808
 20
196.3
 10
145.75217499914024
 20
196.3
 10
146.00216059517243
 20
196.3
 10
146.25214619120462
 20
196.3
 10
146.5021317872368
 20
196.3
 10
146.752117383269
 20
196.3
 10
147.00210297930116
 20
196.3
 10
147.25208857533335
 20
196.3
 10
147.50207417136554
 20
196.3
 10
147.75205976739772
 20
196.3
 10
148.00204536342991
 20
196.3
 10
148.2520309594621
 20
196.3
 10
148.5020165554943
 20
196.3
 10
148.75200215152645
 20
196.3
 10
149.00198774755864
 20
196.3
 10
149.25197334359083
 20
196.3
 10
149.50195893962302
 20
196.3
 10
149.75194453565518
 20
196.3
 10
150.00193013168737
 20
196.3
 10
150.25191572771956
 20
196.3
 10
150.50190132375175
 20
196.3
 10
150.75188691978394
 20
196.3
 10
151.0018725158161
 20
196.3
 10
151.2518581118483
 20
196.3
 10
151.50184370788045
 20
196.3
 10
151.75182930391264
 20
196.3
 10
152.00181489994483
 20
196.3
 10
152.25180049597702
 20
196.3
 10
152.5017860920092
 20
196.3
 10
152.7517716880414
 20
196.3
 10
153.0017572840736
 20
196.3
 10
153.25174288010578
 20
196.3
 10
153.50172847613794
 20
196.3
 10
153.75171407217013
 20
196.3
 10
154.00169966820232
 20
196.3
 10
154.2516852642345
 20
196.3
 10
154.5016708602667
 20
196.3
 10
154.75165645629886
 20
196.3
 10
155.00164205233105
 20
196.3
 10
155.25162764836324
 20
196.3
 10
155.5016132443954
 20
196.3
 10
155.7515988404276
 20
196.3
 10
156.00158443645978
 20
196.3
 10
156.25157003249197
 20
196.3
 10
156.50155562852416
 20
196.3
 10
156.75154122455632
 20
196.3
 10
157.0015268205885
 20
196.3
 10
157.2515124166207
 20
196.3
 10
157.5014980126529
 20
196.3
 10
157.75148360868508
 20
196.3
 10
158.00146920471727
 20
196.3
 10
158.25145480074946
 20
196.3
 10
158.50144039678165
 20
196.3
 10
158.7514259928138
 20
196.3
 10
159.001411588846
 20
196.3
 10
159.25139718487816
 20
196.3
 10
159.50138278091035
 20
196.3
 10
159.75136837694254
 20
196.3
 10
160.00135397297473
 20
196.3
 10
160.25133956900692
 20
196.3
 10
160.50132516503908
 20
196.3
 10
160.75131076107127
 20
196.3
 10
161.00129635710346
 20
196.3
 10
161.25128195313565
 20
196.3
 10
161.5012675491678
 20
196.3
 10
161.7512531452
 20
196.3
 10
162.00123874123219
 20
196.3
 10
162.25122433726438
 20
196.3
 10
162.50120993329656
 20
196.3
 10
162.75119552932875
 20
196.3
 10
163.00118112536094
 20
196.3
 10
163.25116672139313
 20
196.3
 10
163.5011523174253
 20
196.3
 10
163.75113791345748
 20
196.3
 10
164.00112350948967
 20
196.3
 10
164.25110910552186
 20
196.3
 10
164.50109470155402
 20
196.3
 10
164.7510802975862
 20
196.3
 10
165.0010658936184
 20
196.3
 10
165.2510514896506
 20
196.3
 10
165.50103708568275
 20
196.3
 10
165.75102268171494
 20
196.3
 10
166.00100827774713
 20
196.3
 10
166.25099387377932
 20
196.3
 10
166.5009794698115
 20
196.3
 10
166.75096506584367
 20
196.3
 10
167.00095066187586
 20
196.3
 10
167.25093625790805
 20
196.3
 10
167.50092185394024
 20
196.3
 10
167.75090744997243
 20
196.3
 10
168.00089304600462
 20
196.3
 10
168.2508786420368
 20
196.3
 10
168.50086423806897
 20
196.3
 10
168.75084983410116
 20
196.3
 10
169.00083543013335
 20
196.3
 10
169.2508210261655
 20
196.3
 10
169.5008066221977
 20
196.3
 10
169.7507922182299
 20
196.3
 10
170.00077781426208
 20
196.3
 10
170.25076341029427
 20
196.3
 10
170.50074900632643
 20
196.3
 10
170.75073460235862
 20
196.3
 10
171.0007201983908
 20
196.3
 10
171.250705794423
 20
196.3
 10
171.5006913904552
 20
196.3
 10
171.75067698648738
 20
196.3
 10
172.00066258251957
 20
196.3
 10
172.25064817855173
 20
196.3
 10
172.50063377458392
 20
196.3
 10
172.7506193706161
 20
196.3
 10
173.0006049666483
 20
196.3
 10
173.25059056268046
 20
196.3
 10
173.50057615871265
 20
196.3
 10
173.75056175474484
 20
196.3
 10
174.00054735077703
 20
196.3
 10
174.2505329468092
 20
196.3
 10
174.50051854284138
 20
196.3
 10
174.75050413887357
 20
196.3
 10
175.00048973490576
 20
196.3
 10
175.25047533093792
 20
196.3
 10
175.5004609269701
 20
196.3
 10
175.7504465230023
 20
196.3
 10
176.00043211903449
 20
196.3
 10
176.25041771506667
 20
196.3
 10
176.50040331109886
 20
196.3
 10
176.75038890713105
 20
196.3
 10
177.00037450316324
 20
196.3
 10
177.2503600991954
 20
196.3
 10
177.5003456952276
 20
196.3
 10
177.75033129125978
 20
196.3
 10
178.00031688729197
 20
196.3
 10
178.25030248332413
 20
196.3
 10
178.50028807935632
 20
196.3
 10
178.7502736753885
 20
196.3
 10
179.0002592714207
 20
196.3
 10
179.25024486745286
 20
196.3
 10
179.50023046348505
 20
196.3
 10
179.75021605951724
 20
196.3
 10
180.00020165554943
 20
196.3
 10
180.2501872515816
 20
196.3
 10
180.50017284761378
 20
196.3
 10
180.75015844364597
 20
196.3
 10
181.00014403967816
 20
196.3
 10
181.25012963571035
 20
196.3
 10
181.50011523174254
 20
196.3
 10
181.75010082777473
 20
196.3
 10
182.00008642380692
 20
196.3
 10
182.25007201983908
 20
196.3
 10
182.50005761587127
 20
196.3
 10
182.75004321190346
 20
196.3
 10
183.00002880793565
 20
196.3
 10
183.2500144039678
 20
196.3
  0
LWPOLYLINE
  5
33
330
17
100
AcDbEntity
  8
REFERENCE_GEOMETRY
100
AcDbPolyline
 90
72
 70
1
 10
223.69999999777133
 20
9.149999999789618
 10
223.69353098452726
 20
9.298164762461553
 10
223.67417317789193
 20
9.445201901825227
 10
223.64207390246239
 20
9.589992376466627
 10
223.59747745310673
 20
9.731434243446856
 10
223.54072323573266
 20
9.868451044753256
 10
223.47224318420345
 20
9.999999999794882
 10
223.39255847306072
 20
10.125079941592436
 10
223.30227555107112
 20
10.242738936263502
 10
223.20208152578536
 20
10.352081527814192
 10
223.0927389342347
 20
10.452275553099945
 10
222.9750799395636
 20
10.542558475089528
 10
222.84999999776605
 20
10.622243186232282
 10
222.71845104272444
 20
10.690723237761464
 10
222.58143424141804
 20
10.747477455135556
 10
222.4399923744378
 20
10.792073904491204
 10
222.2952018997964
 20
10.82417317992074
 10
222.14816476043273
 20
10.843530986556074
 10
221.9999999977608
 20
10.849999999800147
 10
221.85183523508886
 20
10.843530986556074
 10
221.70479809572518
 20
10.82417317992074
 10
221.5600076210838
 20
10.792073904491204
 10
221.41856575410355
 20
10.747477455135556
 10
221.28154895279715
 20
10.690723237761464
 10
221.14999999775554
 20
10.622243186232282
 10
221.02492005595798
 20
10.542558475089528
 10
220.9072610612869
 20
10.452275553099945
 10
220.79791846973623
 20
10.352081527814192
 10
220.69772444445047
 20
10.242738936263503
 10
220.60744152246087
 20
10.125079941592436
 10
220.52775681131814
 20
9.999999999794882
 10
220.45927675978893
 20
9.868451044753256
 10
220.40252254241486
 20
9.731434243446856
 10
220.3579260930592
 20
9.589992376466627
 10
220.32582681762966
 20
9.445201901825227
 10
220.30646901099433
 20
9.298164762461553
 10
220.29999999775026
 20
9.149999999789618
 10
220.30646901099433
 20
9.001835237117682
 10
220.32582681762966
 20
8.854798097754008
 10
220.3579260930592
 20
8.710007623112608
 10
220.40252254241486
 20
8.56856575613238
 10
220.45927675978893
 20
8.43154895482598
 10
220.52775681131814
 20
8.299999999784353
 10
220.60744152246087
 20
8.174920057986801
 10
220.69772444445047
 20
8.057261063315734
 10
220.79791846973623
 20
7.947918471765042
 10
220.9072610612869
 20
7.8477244464792895
 10
221.02492005595798
 20
7.757441524489707
 10
221.14999999775554
 20
7.677756813346954
 10
221.28154895279715
 20
7.609276761817771
 10
221.41856575410355
 20
7.552522544443679
 10
221.5600076210838
 20
7.507926095088031
 10
221.70479809572518
 20
7.475826819658495
 10
221.85183523508886
 20
7.4564690130231615
 10
221.9999999977608
 20
7.449999999779089
 10
222.14816476043273
 20
7.4564690130231615
 10
222.2952018997964
 20
7.475826819658495
 10
222.4399923744378
 20
7.507926095088031
 10
222.58143424141804
 20
7.552522544443679
 10
222.71845104272444
 20
7.60927676181777
 10
222.84999999776605
 20
7.677756813346953
 10
222.9750799395636
 20
7.757441524489707
 10
223.0927389342347
 20
7.8477244464792895
 10
223.20208152578536
 20
7.947918471765042
 10
223.30227555107112
 20
8.057261063315732
 10
223.39255847306072
 20
8.1749200579868
 10
223.47224318420345
 20
8.299999999784355
 10
223.54072323573266
 20
8.431548954825978
 10
223.59747745310673
 20
8.56856575613238
 10
223.64207390246239
 20
8.710007623112608
 10
223.67417317789193
 20
8.854798097754008
 10
223.69353098452726
 20
9.00183523711768
  0
LWPOLYLINE
  5
34
330
17
100
AcDbEntity
  8
REFERENCE_GEOMETRY
100
AcDbPolyline
 90
72
 70
1
 10
223.69999999509457
 20
187.14999999600275
 10
223.6935309818505
 20
187.29816475867486
 10
223.67417317521515
 20
187.44520189803873
 10
223.64207389978557
 20
187.5899923726803
 10
223.59747745042986
 20
187.73143423966073
 10
223.5407232330557
 20
187.8684510409673
 10
223.47224318152644
 20
187.99999999600908
 10
223.39255847038356
 20
188.1250799378068
 10
223.30227554839388
 20
188.242738932478
 10
223.202081523108
 20
188.35208152402885
 10
223.09273893155716
 20
188.45227554931472
 10
222.97507993688595
 20
188.5425584713044
 10
222.84999999508824
 20
188.62224318244728
 10
222.71845104004646
 20
188.69072323397654
 10
222.5814342387399
 20
188.7474774513507
 10
222.43999237175947
 20
188.7920739007064
 10
222.2952018971179
 20
188.824173176136
 10
222.14816475775402
 20
188.84353098277134
 10
221.9999999950819
 20
188.8499999960154
 10
221.8518352324098
 20
188.84353098277134
 10
221.70479809304592
 20
188.824173176136
 10
221.56000761840434
 20
188.7920739007064
 10
221.41856575142393
 20
188.7474774513507
 10
221.28154895011735
 20
188.69072323397654
 10
221.14999999507558
 20
188.62224318244728
 10
221.02492005327787
 20
188.5425584713044
 10
220.90726105860665
 20
188.45227554931472
 10
220.7979184670558
 20
188.35208152402885
 10
220.69772444176994
 20
188.242738932478
 10
220.60744151978025
 20
188.1250799378068
 10
220.52775680863738
 20
187.99999999600908
 10
220.4592767571081
 20
187.8684510409673
 10
220.40252253973395
 20
187.73143423966073
 10
220.35792609037824
 20
187.5899923726803
 10
220.32582681494867
 20
187.44520189803873
 10
220.30646900831331
 20
187.29816475867486
 10
220.29999999506924
 20
187.14999999600275
 10
220.30646900831331
 20
187.00183523333064
 10
220.32582681494867
 20
186.85479809396676
 10
220.35792609037824
 20
186.71000761932518
 10
220.40252253973395
 20
186.56856575234477
 10
220.4592767571081
 20
186.4315489510382
 10
220.52775680863738
 20
186.29999999599642
 10
220.60744151978025
 20
186.1749200541987
 10
220.69772444176994
 20
186.0572610595275
 10
220.7979184670558
 20
185.94791846797665
 10
220.90726105860665
 20
185.84772444269078
 10
221.02492005327787
 20
185.7574415207011
 10
221.14999999507558
 20
185.67775680955822
 10
221.28154895011735
 20
185.60927675802895
 10
221.41856575142393
 20
185.5525225406548
 10
221.56000761840434
 20
185.50792609129908
 10
221.70479809304592
 20
185.4758268158695
 10
221.8518352324098
 20
185.45646900923416
 10
221.9999999950819
 20
185.44999999599008
 10
222.14816475775402
 20
185.45646900923416
 10
222.2952018971179
 20
185.4758268158695
 10
222.43999237175947
 20
185.50792609129908
 10
222.5814342387399
 20
185.5525225406548
 10
222.71845104004646
 20
185.60927675802895
 10
222.84999999508824
 20
185.67775680955822
 10
222.97507993688595
 20
185.7574415207011
 10
223.09273893155716
 20
185.84772444269078
 10
223.202081523108
 20
185.94791846797665
 10
223.30227554839388
 20
186.0572610595275
 10
223.39255847038356
 20
186.1749200541987
 10
223.47224318152644
 20
186.29999999599642
 10
223.5407232330557
 20
186.4315489510382
 10
223.59747745042986
 20
186.56856575234477
 10
223.64207389978557
 20
186.71000761932518
 10
223.67417317521515
 20
186.85479809396676
 10
223.6935309818505
 20
187.00183523333064
  0
LWPOLYLINE
  5
35
330
17
100
AcDbEntity
  8
REFERENCE_GEOMETRY
100
AcDbPolyline
 90
72
 70
1
 10
123.70000000073428
 20
9.150000000032954
 10
123.69353098749025
 20
9.298164762703724
 10
123.67417318085506
 20
9.445201902066241
 10
123.64207390542579
 20
9.589992376706503
 10
123.5974774560705
 20
9.731434243685618
 10
123.54072323869684
 20
9.86845104499094
 10
123.4722431871682
 20
10.00000000003153
 10
123.39255847602607
 20
10.1250799418281
 10
123.3022755540372
 20
10.242738936498242
 10
123.20208152875223
 20
10.352081528048071
 10
123.0927389372024
 20
10.452275553333036
 10
122.97507994253226
 20
10.542558475321908
 10
122.85000000073569
 20
10.622243186464035
 10
122.7184510456951
 20
10.690723237992678
 10
122.58143424438978
 20
10.747477455366322
 10
122.43999237741066
 20
10.79207390472162
 10
122.2952019027704
 20
10.824173180150904
 10
122.14816476340789
 20
10.843530986786085
 10
122.00000000073712
 20
10.850000000030107
 10
121.85183523806634
 20
10.843530986786085
 10
121.70479809870383
 20
10.824173180150904
 10
121.56000762406357
 20
10.79207390472162
 10
121.41856575708445
 20
10.747477455366322
 10
121.28154895577913
 20
10.690723237992678
 10
121.15000000073854
 20
10.622243186464035
 10
121.02492005894197
 20
10.542558475321908
 10
120.90726106427184
 20
10.452275553333036
 10
120.797918472722
 20
10.352081528048071
 10
120.69772444743704
 20
10.242738936498242
 10
120.60744152544817
 20
10.1250799418281
 10
120.52775681430603
 20
10.00000000003153
 10
120.45927676277739
 20
9.86845104499094
 10
120.40252254540374
 20
9.731434243685618
 10
120.35792609604844
 20
9.589992376706501
 10
120.32582682061917
 20
9.445201902066241
 10
120.30646901398399
 20
9.298164762703724
 10
120.30000000073996
 20
9.150000000032954
 10
120.30646901398399
 20
9.001835237362183
 10
120.32582682061917
 20
8.854798097999666
 10
120.35792609604844
 20
8.710007623359406
 10
120.40252254540374
 20
8.56856575638029
 10
120.45927676277739
 20
8.431548955074968
 10
120.52775681430603
 20
8.300000000034377
 10
120.60744152544817
 20
8.174920058237808
 10
120.69772444743704
 20
8.057261063567667
 10
120.797918472722
 20
7.947918472017836
 10
120.90726106427184
 20
7.8477244467328715
 10
121.02492005894197
 20
7.7574415247439985
 10
121.15000000073854
 20
7.677756813601873
 10
121.28154895577913
 20
7.609276762073229
 10
121.41856575708445
 20
7.552522544699584
 10
121.56000762406357
 20
7.507926095344287
 10
121.70479809870383
 20
7.475826819915003
 10
121.85183523806634
 20
7.456469013279822
 10
122.00000000073712
 20
7.4500000000358
 10
122.14816476340789
 20
7.456469013279822
 10
122.2952019027704
 20
7.475826819915003
 10
122.43999237741066
 20
7.507926095344287
 10
122.58143424438978
 20
7.552522544699584
 10
122.7184510456951
 20
7.609276762073227
 10
122.85000000073569
 20
7.677756813601873
 10
122.97507994253226
 20
7.757441524743999
 10
123.0927389372024
 20
7.847724446732871
 10
123.20208152875223
 20
7.947918472017835
 10
123.3022755540372
 20
8.057261063567665
 10
123.39255847602607
 20
8.174920058237808
 10
123.4722431871682
 20
8.300000000034377
 10
123.54072323869684
 20
8.431548955074966
 10
123.5974774560705
 20
8.568565756380291
 10
123.64207390542579
 20
8.710007623359406
 10
123.67417318085506
 20
8.854798097999666
 10
123.69353098749025
 20
9.001835237362183
  0
LWPOLYLINE
  5
36
330
17
100
AcDbEntity
  8
REFERENCE_GEOMETRY
100
AcDbPolyline
 90
72
 70
1
 10
123.69999999990341
 20
187.14999999672915
 10
123.69353098665935
 20
187.29816475940072
 10
123.67417318002407
 20
187.44520189876403
 10
123.64207390459461
 20
187.58999237340504
 10
123.59747745523907
 20
187.7314342403849
 10
123.54072323786512
 20
187.86845104169097
 10
123.47224318633612
 20
187.99999999673227
 10
123.39255847519357
 20
188.12507993852952
 10
123.30227555320421
 20
188.2427389332003
 10
123.20208152791871
 20
188.3520815247507
 10
123.09273893636829
 20
188.4522755500362
 10
122.97507994169752
 20
188.54255847202555
 10
122.84999999990028
 20
188.6222431831681
 10
122.71845104485898
 20
188.69072323469712
 10
122.58143424355293
 20
188.74747745207105
 10
122.43999237657306
 20
188.7920739014266
 10
122.29520190193202
 20
188.82417317685605
 10
122.14816476256873
 20
188.84353098349135
 10
121.99999999989716
 20
188.8499999967354
 10
121.85183523722559
 20
188.84353098349135
 10
121.7047980978623
 20
188.82417317685605
 10
121.56000762322125
 20
188.7920739014266
 10
121.41856575624138
 20
188.74747745207105
 10
121.28154895493533
 20
188.69072323469712
 10
121.14999999989404
 20
188.6222431831681
 10
121.0249200580968
 20
188.54255847202555
 10
120.90726106342602
 20
188.4522755500362
 10
120.7979184718756
 20
188.3520815247507
 10
120.6977244465901
 20
188.2427389332003
 10
120.60744152460074
 20
188.12507993852952
 10
120.5277568134582
 20
187.99999999673227
 10
120.45927676192919
 20
187.86845104169097
 10
120.40252254455524
 20
187.7314342403849
 10
120.3579260951997
 20
187.58999237340504
 10
120.32582681977024
 20
187.44520189876403
 10
120.30646901313496
 20
187.29816475940072
 10
120.2999999998909
 20
187.14999999672915
 10
120.30646901313496
 20
187.00183523405758
 10
120.32582681977024
 20
186.85479809469427
 10
120.3579260951997
 20
186.71000762005326
 10
120.40252254455524
 20
186.5685657530734
 10
120.45927676192919
 20
186.43154895176733
 10
120.5277568134582
 20
186.29999999672603
 10
120.60744152460074
 20
186.17492005492878
 10
120.6977244465901
 20
186.057261060258
 10
120.7979184718756
 20
185.9479184687076
 10
120.90726106342602
 20
185.8477244434221
 10
121.0249200580968
 20
185.75744152143275
 10
121.14999999989404
 20
185.6777568102902
 10
121.28154895493533
 20
185.60927675876118
 10
121.41856575624138
 20
185.55252254138725
 10
121.56000762322125
 20
185.5079260920317
 10
121.7047980978623
 20
185.47582681660225
 10
121.85183523722559
 20
185.45646900996695
 10
121.99999999989716
 20
185.4499999967229
 10
122.14816476256873
 20
185.45646900996695
 10
122.29520190193202
 20
185.47582681660225
 10
122.43999237657306
 20
185.5079260920317
 10
122.58143424355293
 20
185.55252254138725
 10
122.71845104485898
 20
185.60927675876118
 10
122.84999999990028
 20
185.6777568102902
 10
122.97507994169752
 20
185.75744152143275
 10
123.09273893636829
 20
185.8477244434221
 10
123.20208152791871
 20
185.9479184687076
 10
123.30227555320421
 20
186.057261060258
 10
123.39255847519357
 20
186.17492005492878
 10
123.47224318633612
 20
186.29999999672603
 10
123.54072323786512
 20
186.43154895176733
 10
123.59747745523907
 20
186.5685657530734
 10
123.64207390459461
 20
186.71000762005326
 10
123.67417318002407
 20
186.85479809469427
 10
123.69353098665935
 20
187.00183523405758
  0
LWPOLYLINE
  5
37
330
17
100
AcDbEntity
  8
REFERENCE_GEOMETRY
100
AcDbPolyline
 90
72
 70
1
 10
23.69999999999724
 20
9.14999999999702
 10
23.693530986753206
 20
9.298164762668048
 10
23.674173180117993
 20
9.445201902030817
 10
23.64207390468865
 20
9.58999237667133
 10
23.59747745533328
 20
9.731434243650689
 10
23.540723237959536
 20
9.868451044956249
 10
23.472243186430774
 20
9.999999999997067
 10
23.39255847528851
 20
10.125079941793853
 10
23.30227555329948
 20
10.242738936464198
 10
23.202081528014343
 20
10.352081528014219
 10
23.092738936464322
 20
10.452275553299357
 10
22.97507994179398
 20
10.542558475288384
 10
22.84999999999719
 20
10.622243186430648
 10
22.718451044956375
 20
10.690723237959412
 10
22.581434243650815
 20
10.747477455333154
 10
22.439992376671455
 20
10.792073904688529
 10
22.295201902030943
 20
10.824173180117867
 10
22.14816476266817
 20
10.843530986753082
 10
21.999999999997144
 20
10.849999999997117
 10
21.851835237326117
 20
10.843530986753082
 10
21.704798097963344
 20
10.824173180117867
 10
21.560007623322832
 20
10.792073904688529
 10
21.418565756343476
 20
10.747477455333154
 10
21.281548955037913
 20
10.690723237959412
 10
21.149999999997096
 20
10.622243186430648
 10
21.02492005820031
 20
10.542558475288384
 10
20.907261063529965
 20
10.452275553299357
 10
20.797918471979944
 20
10.352081528014219
 10
20.697724446694806
 20
10.2427389364642
 10
20.607441524705777
 20
10.125079941793853
 10
20.527756813563514
 20
9.999999999997069
 10
20.45927676203475
 20
9.868451044956249
 10
20.40252254466101
 20
9.731434243650689
 10
20.357926095305636
 20
9.58999237667133
 10
20.325826819876294
 20
9.445201902030817
 10
20.30646901324108
 20
9.298164762668048
 10
20.29999999999705
 20
9.14999999999702
 10
20.30646901324108
 20
9.001835237325993
 10
20.325826819876294
 20
8.854798097963222
 10
20.357926095305633
 20
8.71000762332271
 10
20.402522544661007
 20
8.56856575634335
 10
20.45927676203475
 20
8.43154895503779
 10
20.527756813563514
 20
8.299999999996972
 10
20.607441524705777
 20
8.174920058200186
 10
20.697724446694806
 20
8.057261063529841
 10
20.797918471979944
 20
7.947918471979821
 10
20.907261063529965
 20
7.847724446694683
 10
21.024920058200312
 20
7.757441524705654
 10
21.149999999997096
 20
7.6777568135633905
 10
21.281548955037913
 20
7.609276762034628
 10
21.418565756343476
 20
7.552522544660885
 10
21.560007623322832
 20
7.5079260953055105
 10
21.704798097963344
 20
7.475826819876171
 10
21.851835237326117
 20
7.456469013240956
 10
21.999999999997144
 20
7.4499999999969235
 10
22.14816476266817
 20
7.456469013240956
 10
22.295201902030943
 20
7.475826819876171
 10
22.43999237667145
 20
7.5079260953055105
 10
22.581434243650815
 20
7.552522544660885
 10
22.71845104495637
 20
7.609276762034627
 10
22.84999999999719
 20
7.67775681356339
 10
22.97507994179398
 20
7.757441524705655
 10
23.092738936464322
 20
7.8477244466946825
 10
23.202081528014343
 20
7.94791847197982
 10
23.30227555329948
 20
8.05726106352984
 10
23.39255847528851
 20
8.174920058200186
 10
23.472243186430774
 20
8.299999999996972
 10
23.540723237959536
 20
8.431548955037789
 10
23.59747745533328
 20
8.56856575634335
 10
23.64207390468865
 20
8.71000762332271
 10
23.674173180117993
 20
8.854798097963222
 10
23.693530986753206
 20
9.001835237325992
  0
LWPOLYLINE
  5
38
330
17
100
AcDbEntity
  8
REFERENCE_GEOMETRY
100
AcDbPolyline
 90
72
 70
1
 10
23.699999999805424
 20
187.1499999967633
 10
23.693530986561367
 20
187.29816475943488
 10
23.674173179926083
 20
187.4452018987982
 10
23.642073904496627
 20
187.5899923734392
 10
23.597477455141092
 20
187.73143424041908
 10
23.540723237767143
 20
187.86845104172514
 10
23.47224318623813
 20
187.99999999676643
 10
23.39255847509558
 20
188.1250799385637
 10
23.302275553106224
 20
188.24273893323445
 10
23.202081527820724
 20
188.35208152478486
 10
23.092738936270308
 20
188.45227555007037
 10
22.97507994159954
 20
188.5425584720597
 10
22.8499999998023
 20
188.62224318320227
 10
22.718451044761007
 20
188.69072323473128
 10
22.58143424345495
 20
188.74747745210522
 10
22.43999237647508
 20
188.79207390146075
 10
22.29520190183404
 20
188.8241731768902
 10
22.14816476247074
 20
188.8435309835255
 10
21.999999999799176
 20
188.84999999676955
 10
21.851835237127613
 20
188.8435309835255
 10
21.70479809776431
 20
188.8241731768902
 10
21.560007623123273
 20
188.79207390146075
 10
21.4185657561434
 20
188.74747745210522
 10
21.281548954837348
 20
188.69072323473128
 10
21.14999999979605
 20
188.62224318320227
 10
21.024920057998813
 20
188.5425584720597
 10
20.907261063328043
 20
188.45227555007037
 10
20.797918471777628
 20
188.35208152478486
 10
20.697724446492128
 20
188.24273893323445
 10
20.60744152450277
 20
188.1250799385637
 10
20.52775681336022
 20
187.99999999676643
 10
20.45927676183121
 20
187.86845104172514
 10
20.40252254445726
 20
187.73143424041908
 10
20.357926095101725
 20
187.5899923734392
 10
20.32582681967227
 20
187.4452018987982
 10
20.306469013036985
 20
187.29816475943488
 10
20.299999999792927
 20
187.1499999967633
 10
20.306469013036985
 20
187.00183523409174
 10
20.32582681967227
 20
186.85479809472844
 10
20.357926095101725
 20
186.71000762008742
 10
20.40252254445726
 20
186.56856575310755
 10
20.459276761831205
 20
186.4315489518015
 10
20.52775681336022
 20
186.2999999967602
 10
20.60744152450277
 20
186.17492005496294
 10
20.697724446492124
 20
186.05726106029218
 10
20.797918471777628
 20
185.94791846874176
 10
20.907261063328043
 20
185.84772444345626
 10
21.024920057998813
 20
185.75744152146692
 10
21.14999999979605
 20
185.67775681032435
 10
21.281548954837344
 20
185.60927675879535
 10
21.4185657561434
 20
185.5525225414214
 10
21.560007623123273
 20
185.50792609206587
 10
21.70479809776431
 20
185.4758268166364
 10
21.851835237127613
 20
185.45646901000111
 10
21.999999999799176
 20
185.44999999675707
 10
22.14816476247074
 20
185.45646901000111
 10
22.29520190183404
 20
185.4758268166364
 10
22.43999237647508
 20
185.50792609206587
 10
22.58143424345495
 20
185.5525225414214
 10
22.718451044761004
 20
185.60927675879535
 10
22.8499999998023
 20
185.67775681032435
 10
22.97507994159954
 20
185.75744152146692
 10
23.092738936270308
 20
185.84772444345626
 10
23.202081527820724
 20
185.94791846874176
 10
23.302275553106224
 20
186.05726106029218
 10
23.39255847509558
 20
186.17492005496294
 10
23.472243186238135
 20
186.2999999967602
 10
23.540723237767143
 20
186.4315489518015
 10
23.597477455141092
 20
186.56856575310755
 10
23.642073904496627
 20
186.71000762008742
 10
23.674173179926083
 20
186.85479809472844
 10
23.693530986561367
 20
187.00183523409174
  0
DIMENSION
  5
39
330
17
100
AcDbEntity
  8
REFERENCE_DIMENSIONS
100
AcDbDimension
280
0
  2
*D1
  3
Standard
 10
0.0
 20
-20.0
 30
0.0
 11
172.0
 21
-20.0
 31
0.0
 70
32
 71
5
  1
<>
100
AcDbAlignedDimension
 13
0.0
 23
0.0
 33
0.0
 14
344.0
 24
0.0
 34
0.0
 50
0.0
100
AcDbRotatedDimension
1001
ACAD
1000
DSTYLE
1002
{
1070
140
1040
3.0
1070
41
1040
2.0
1070
271
1070
3
1002
}
  0
DIMENSION
  5
4D
330
17
100
AcDbEntity
  8
REFERENCE_DIMENSIONS
100
AcDbDimension
280
0
  2
*D2
  3
Standard
 10
364.0
 20
0.0
 30
0.0
 11
364.0
 21
98.15
 31
0.0
 70
32
 71
5
  1
<>
100
AcDbAlignedDimension
 13
344.0
 23
0.0
 33
0.0
 14
344.0
 24
196.3
 34
0.0
 50
90.0
100
AcDbRotatedDimension
1001
ACAD
1000
DSTYLE
1002
{
1070
140
1040
3.0
1070
41
1040
2.0
1070
271
1070
3
1002
}
  0
TEXT
  5
5D
330
17
100
AcDbEntity
  8
REFERENCE_NOTES
100
AcDbText
 10
0.0
 20
-42.0
 30
0.0
 40
3.0
  1
upper_equipment_deck
100
AcDbText
  0
TEXT
  5
5E
330
17
100
AcDbEntity
  8
REFERENCE_NOTES
100
AcDbText
 10
0.0
 20
-50.0
 30
0.0
 40
3.0
  1
WP03 R1 | mm | NOT_FOR_MANUFACTURE
100
AcDbText
  0
TEXT
  5
5F
330
17
100
AcDbEntity
  8
REFERENCE_NOTES
100
AcDbText
 10
0.0
 20
-58.0
 30
0.0
 40
3.0
  1
344 x 196.3 x 3 mm; global S coordinates shown.
100
AcDbText
  0
TEXT
  5
60
330
17
100
AcDbEntity
  8
REFERENCE_NOTES
100
AcDbText
 10
0.0
 20
-66.0
 30
0.0
 40
3.0
  1
4 edge reliefs: 17 wide x12.5 deep (17-square cutter).
100
AcDbText
  0
TEXT
  5
61
330
17
100
AcDbEntity
  8
REFERENCE_NOTES
100
AcDbText
 10
0.0
 20
-74.0
 30
0.0
 40
3.0
  1
D3.4 drill centers: X-150/-50/50/150, Y+/-89.
100
AcDbText
  0
TEXT
  5
62
330
17
100
AcDbEntity
  8
REFERENCE_NOTES
100
AcDbText
 10
0.0
 20
-82.0
 30
0.0
 40
3.0
  1
6 closed holes; X150 pair breaks into pillar reliefs.
100
AcDbText
  0
TEXT
  5
63
330
17
100
AcDbEntity
  8
REFERENCE_NOTES
100
AcDbText
 10
0.0
 20
-90.0
 30
0.0
 40
3.0
  1
X150 bearing land / matching fastener support: TBD.
100
AcDbText
  0
TEXT
  5
64
330
17
100
AcDbEntity
  8
REFERENCE_NOTES
100
AcDbText
 10
0.0
 20
-98.0
 30
0.0
 40
3.0
  1
Datum A: underside Z-11.5; top Z-8.5.
100
AcDbText
  0
TEXT
  5
65
330
17
100
AcDbEntity
  8
REFERENCE_NOTES
100
AcDbText
 10
0.0
 20
-106.0
 30
0.0
 40
3.0
  1
Edge angles / adapters: final joint details TBD.
100
AcDbText
  0
LWPOLYLINE
  5
66
330
17
100
AcDbEntity
  8
REFERENCE_GEOMETRY
100
AcDbPolyline
 90
4371
 70
1
 10
824.0
 20
0.0
 10
823.75003431709
 20
0.0
 10
823.5000686341798
 20
0.0
 10
823.2501029512698
 20
0.0
 10
823.0001372683596
 20
0.0
 10
822.7501715854496
 20
0.0
 10
822.5002059025394
 20
0.0
 10
822.2502402196294
 20
0.0
 10
822.0002745367193
 20
0.0
 10
821.7503088538092
 20
0.0
 10
821.5003431708991
 20
0.0
 10
821.250377487989
 20
0.0
 10
821.0004118050789
 20
0.0
 10
820.7504461221688
 20
0.0
 10
820.5004804392588
 20
0.0
 10
820.2505147563486
 20
0.0
 10
820.0005490734386
 20
0.0
 10
819.7505833905285
 20
0.0
 10
819.5006177076184
 20
0.0
 10
819.2506520247083
 20
0.0
 10
819.0006863417982
 20
0.0
 10
818.7507206588881
 20
0.0
 10
818.500754975978
 20
0.0
 10
818.250789293068
 20
0.0
 10
818.0008236101578
 20
0.0
 10
817.7508579272478
 20
0.0
 10
817.5008922443377
 20
0.0
 10
817.2509265614276
 20
0.0
 10
817.0009608785175
 20
0.0
 10
816.7509951956074
 20
0.0
 10
816.5010295126974
 20
0.0
 10
816.2510638297872
 20
0.0
 10
816.0010981468772
 20
0.0
 10
815.751132463967
 20
0.0
 10
815.501166781057
 20
0.0
 10
815.2512010981468
 20
0.0
 10
815.0012354152368
 20
0.0
 10
814.7512697323267
 20
0.0
 10
814.5013040494166
 20
0.0
 10
814.2513383665066
 20
0.0
 10
814.0013726835964
 20
0.0
 10
813.7514070006864
 20
0.0
 10
813.5014413177762
 20
0.0
 10
813.2514756348662
 20
0.0
 10
813.001509951956
 20
0.0
 10
812.751544269046
 20
0.0
 10
812.5015785861359
 20
0.0
 10
812.2516129032258
 20
0.0
 10
812.0016472203157
 20
0.0
 10
811.7516815374056
 20
0.0
 10
811.5017158544955
 20
0.0
 10
811.2517501715854
 20
0.0
 10
811.0017844886754
 20
0.0
 10
810.7518188057652
 20
0.0
 10
810.5018531228552
 20
0.0
 10
810.2518874399451
 20
0.0
 10
810.001921757035
 20
0.0
 10
809.7519560741249
 20
0.0
 10
809.5019903912148
 20
0.0
 10
809.2520247083048
 20
0.0
 10
809.0020590253946
 20
0.0
 10
808.7520933424846
 20
0.0
 10
808.5021276595744
 20
0.0
 10
808.2521619766644
 20
0.0
 10
808.0021962937543
 20
0.0
 10
807.7522306108442
 20
0.0
 10
807.5022649279341
 20
0.0
 10
807.252299245024
 20
0.0
 10
807.002333562114
 20
0.0
 10
806.7523678792038
 20
0.0
 10
806.5024021962938
 20
0.0
 10
806.2524365133836
 20
0.0
 10
806.0024708304736
 20
0.0
 10
805.7525051475635
 20
0.0
 10
805.5025394646534
 20
0.0
 10
805.2525737817433
 20
0.0
 10
805.0026080988332
 20
0.0
 10
804.7526424159232
 20
0.0
 10
804.502676733013
 20
0.0
 10
804.252711050103
 20
0.0
 10
804.0027453671928
 20
0.0
 10
803.7527796842828
 20
0.0
 10
803.5028140013726
 20
0.0
 10
803.2528483184626
 20
0.0
 10
803.0028826355525
 20
0.0
 10
802.7529169526424
 20
0.0
 10
802.5029512697323
 20
0.0
 10
802.2529855868222
 20
0.0
 10
802.0030199039122
 20
0.0
 10
801.753054221002
 20
0.0
 10
801.503088538092
 20
0.0
 10
801.2531228551818
 20
0.0
 10
801.0031571722718
 20
0.0
 10
800.7531914893617
 20
0.0
 10
800.5032258064516
 20
0.0
 10
800.2532601235415
 20
0.0
 10
800.0032944406314
 20
0.0
 10
799.7533287577214
 20
0.0
 10
799.5033630748112
 20
0.0
 10
799.2533973919012
 20
0.0
 10
799.0034317089911
 20
0.0
 10
798.753466026081
 20
0.0
 10
798.5035003431709
 20
0.0
 10
798.2535346602608
 20
0.0
 10
798.0035689773507
 20
0.0
 10
797.7536032944406
 20
0.0
 10
797.5036376115306
 20
0.0
 10
797.2536719286204
 20
0.0
 10
797.0037062457104
 20
0.0
 10
796.7537405628002
 20
0.0
 10
796.5037748798902
 20
0.0
 10
796.2538091969801
 20
0.0
 10
796.00384351407
 20
0.0
 10
795.7538778311599
 20
0.0
 10
795.5039121482498
 20
0.0
 10
795.2539464653398
 20
0.0
 10
795.0039807824296
 20
0.0
 10
794.7540150995196
 20
0.0
 10
794.5040494166094
 20
0.0
 10
794.2540837336994
 20
0.0
 10
794.0041180507892
 20
0.0
 10
793.7541523678792
 20
0.0
 10
793.5041866849691
 20
0.0
 10
793.254221002059
 20
0.0
 10
793.0042553191489
 20
0.0
 10
792.7542896362388
 20
0.0
 10
792.5043239533288
 20
0.0
 10
792.2543582704186
 20
0.0
 10
792.0043925875086
 20
0.0
 10
791.7544269045985
 20
0.0
 10
791.5044612216884
 20
0.0
 10
791.2544955387783
 20
0.0
 10
791.0045298558682
 20
0.0
 10
790.7545641729581
 20
0.0
 10
790.504598490048
 20
0.0
 10
790.254632807138
 20
0.0
 10
790.0046671242278
 20
0.0
 10
789.7547014413178
 20
0.0
 10
789.5047357584077
 20
0.0
 10
789.2547700754976
 20
0.0
 10
789.0048043925875
 20
0.0
 10
788.7548387096774
 20
0.0
 10
788.5048730267673
 20
0.0
 10
788.2549073438572
 20
0.0
 10
788.0049416609472
 20
0.0
 10
787.754975978037
 20
0.0
 10
787.505010295127
 20
0.0
 10
787.2550446122169
 20
0.0
 10
787.0050789293068
 20
0.0
 10
786.7551132463967
 20
0.0
 10
786.5051475634866
 20
0.0
 10
786.2551818805766
 20
0.0
 10
786.0052161976664
 20
0.0
 10
785.7552505147564
 20
0.0
 10
785.5052848318462
 20
0.0
 10
785.2553191489362
 20
0.0
 10
785.005353466026
 20
0.0
 10
784.755387783116
 20
0.0
 10
784.5054221002059
 20
0.0
 10
784.2554564172958
 20
0.0
 10
784.0054907343857
 20
0.0
 10
783.7555250514756
 20
0.0
 10
783.5055593685656
 20
0.0
 10
783.2555936856554
 20
0.0
 10
783.0056280027454
 20
0.0
 10
782.7556623198352
 20
0.0
 10
782.5056966369252
 20
0.0
 10
782.2557309540151
 20
0.0
 10
782.005765271105
 20
0.0
 10
781.7557995881949
 20
0.0
 10
781.5058339052848
 20
0.0
 10
781.2558682223747
 20
0.0
 10
781.0059025394646
 20
0.0
 10
780.7559368565546
 20
0.0
 10
780.5059711736444
 20
0.0
 10
780.2560054907344
 20
0.0
 10
780.0060398078243
 20
0.0
 10
779.7560741249142
 20
0.0
 10
779.5061084420041
 20
0.0
 10
779.256142759094
 20
0.0
 10
779.006177076184
 20
0.0
 10
778.7562113932738
 20
0.0
 10
778.5062457103638
 20
0.0
 10
778.2562800274536
 20
0.0
 10
778.0063143445436
 20
0.0
 10
777.7563486616334
 20
0.0
 10
777.5063829787234
 20
0.0
 10
777.2564172958133
 20
0.0
 10
777.0064516129032
 20
0.0
 10
776.7564859299932
 20
0.0
 10
776.506520247083
 20
0.0
 10
776.256554564173
 20
0.0
 10
776.0065888812628
 20
0.0
 10
775.7566231983528
 20
0.0
 10
775.5066575154426
 20
0.0
 10
775.2566918325326
 20
0.0
 10
775.0067261496225
 20
0.0
 10
774.7567604667124
 20
0.0
 10
774.5067947838023
 20
0.0
 10
774.2568291008922
 20
0.0
 10
774.0068634179822
 20
0.0
 10
773.756897735072
 20
0.0
 10
773.506932052162
 20
0.0
 10
773.2569663692518
 20
0.0
 10
773.0070006863418
 20
0.0
 10
772.7570350034317
 20
0.0
 10
772.5070693205216
 20
0.0
 10
772.2571036376115
 20
0.0
 10
772.0071379547014
 20
0.0
 10
771.7571722717914
 20
0.0
 10
771.5072065888812
 20
0.0
 10
771.2572409059712
 20
0.0
 10
771.007275223061
 20
0.0
 10
770.757309540151
 20
0.0
 10
770.5073438572409
 20
0.0
 10
770.2573781743308
 20
0.0
 10
770.0074124914207
 20
0.0
 10
769.7574468085106
 20
0.0
 10
769.5074811256006
 20
0.0
 10
769.2575154426904
 20
0.0
 10
769.0075497597804
 20
0.0
 10
768.7575840768703
 20
0.0
 10
768.5076183939602
 20
0.0
 10
768.25765271105
 20
0.0
 10
768.00768702814
 20
0.0
 10
767.7577213452299
 20
0.0
 10
767.5077556623198
 20
0.0
 10
767.2577899794098
 20
0.0
 10
767.0078242964996
 20
0.0
 10
766.7578586135896
 20
0.0
 10
766.5078929306794
 20
0.0
 10
766.2579272477694
 20
0.0
 10
766.0079615648592
 20
0.0
 10
765.7579958819492
 20
0.0
 10
765.5080301990391
 20
0.0
 10
765.258064516129
 20
0.0
 10
765.0080988332189
 20
0.0
 10
764.7581331503088
 20
0.0
 10
764.5081674673988
 20
0.0
 10
764.2582017844886
 20
0.0
 10
764.0082361015786
 20
0.0
 10
763.7582704186684
 20
0.0
 10
763.5083047357584
 20
0.0
 10
763.2583390528483
 20
0.0
 10
763.0083733699382
 20
0.0
 10
762.7584076870281
 20
0.0
 10
762.508442004118
 20
0.0
 10
762.258476321208
 20
0.0
 10
762.0085106382978
 20
0.0
 10
761.7585449553878
 20
0.0
 10
761.5085792724777
 20
0.0
 10
761.2586135895676
 20
0.0
 10
761.0086479066575
 20
0.0
 10
760.7586822237474
 20
0.0
 10
760.5087165408373
 20
0.0
 10
760.2587508579272
 20
0.0
 10
760.0087851750172
 20
0.0
 10
759.758819492107
 20
0.0
 10
759.508853809197
 20
0.0
 10
759.2588881262869
 20
0.0
 10
759.0089224433768
 20
0.0
 10
758.7589567604666
 20
0.0
 10
758.5089910775566
 20
0.0
 10
758.2590253946465
 20
0.0
 10
758.0090597117364
 20
0.0
 10
757.7590940288264
 20
0.0
 10
757.5091283459162
 20
0.0
 10
757.2591626630062
 20
0.0
 10
757.009196980096
 20
0.0
 10
756.759231297186
 20
0.0
 10
756.5092656142758
 20
0.0
 10
756.2592999313658
 20
0.0
 10
756.0093342484557
 20
0.0
 10
755.7593685655456
 20
0.0
 10
755.5094028826356
 20
0.0
 10
755.2594371997254
 20
0.0
 10
755.0094715168154
 20
0.0
 10
754.7595058339052
 20
0.0
 10
754.5095401509952
 20
0.0
 10
754.2595744680851
 20
0.0
 10
754.009608785175
 20
0.0
 10
753.7596431022649
 20
0.0
 10
753.5096774193548
 20
0.0
 10
753.2597117364447
 20
0.0
 10
753.0097460535346
 20
0.0
 10
752.7597803706246
 20
0.0
 10
752.5098146877144
 20
0.0
 10
752.2598490048044
 20
0.0
 10
752.0098833218943
 20
0.0
 10
751.7599176389842
 20
0.0
 10
751.5099519560741
 20
0.0
 10
751.259986273164
 20
0.0
 10
751.0100205902539
 20
0.0
 10
750.7600549073438
 20
0.0
 10
750.5100892244338
 20
0.0
 10
750.2601235415236
 20
0.0
 10
750.0101578586136
 20
0.0
 10
749.7601921757035
 20
0.0
 10
749.5102264927934
 20
0.0
 10
749.2602608098833
 20
0.0
 10
749.0102951269732
 20
0.0
 10
748.7603294440631
 20
0.0
 10
748.510363761153
 20
0.0
 10
748.2603980782429
 20
0.0
 10
748.0104323953328
 20
0.0
 10
747.7604667124228
 20
0.0
 10
747.5105010295127
 20
0.0
 10
747.2605353466026
 20
0.0
 10
747.0105696636925
 20
0.0
 10
746.7606039807824
 20
0.0
 10
746.5106382978724
 20
0.0
 10
746.2606726149622
 20
0.0
 10
746.0107069320521
 20
0.0
 10
745.760741249142
 20
0.0
 10
745.510775566232
 20
0.0
 10
745.2608098833218
 20
0.0
 10
745.0108442004118
 20
0.0
 10
744.7608785175017
 20
0.0
 10
744.5109128345916
 20
0.0
 10
744.2609471516815
 20
0.0
 10
744.0109814687714
 20
0.0
 10
743.7610157858613
 20
0.0
 10
743.5110501029512
 20
0.0
 10
743.2610844200412
 20
0.0
 10
743.011118737131
 20
0.0
 10
742.761153054221
 20
0.0
 10
742.5111873713109
 20
0.0
 10
742.2612216884008
 20
0.0
 10
742.0112560054907
 20
0.0
 10
741.7612903225806
 20
0.0
 10
741.5113246396705
 20
0.0
 10
741.2613589567604
 20
0.0
 10
741.0113932738504
 20
0.0
 10
740.7614275909402
 20
0.0
 10
740.5114619080302
 20
0.0
 10
740.2614962251201
 20
0.0
 10
740.01153054221
 20
0.0
 10
739.7615648592999
 20
0.0
 10
739.5115991763898
 20
0.0
 10
739.2616334934798
 20
0.0
 10
739.0116678105696
 20
0.0
 10
738.7617021276596
 20
0.0
 10
738.5117364447494
 20
0.0
 10
738.2617707618394
 20
0.0
 10
738.0118050789293
 20
0.0
 10
737.7618393960192
 20
0.0
 10
737.5118737131091
 20
0.0
 10
737.261908030199
 20
0.0
 10
737.011942347289
 20
0.0
 10
736.7619766643788
 20
0.0
 10
736.5120109814687
 20
0.0
 10
736.2620452985586
 20
0.0
 10
736.0120796156486
 20
0.0
 10
735.7621139327385
 20
0.0
 10
735.5121482498284
 20
0.0
 10
735.2621825669183
 20
0.0
 10
735.0122168840082
 20
0.0
 10
734.7622512010981
 20
0.0
 10
734.512285518188
 20
0.0
 10
734.2623198352779
 20
0.0
 10
734.0123541523678
 20
0.0
 10
733.7623884694578
 20
0.0
 10
733.5124227865477
 20
0.0
 10
733.2624571036376
 20
0.0
 10
733.0124914207275
 20
0.0
 10
732.7625257378174
 20
0.0
 10
732.5125600549073
 20
0.0
 10
732.2625943719972
 20
0.0
 10
732.0126286890871
 20
0.0
 10
731.762663006177
 20
0.0
 10
731.512697323267
 20
0.0
 10
731.2627316403568
 20
0.0
 10
731.0127659574468
 20
0.0
 10
730.7628002745367
 20
0.0
 10
730.5128345916266
 20
0.0
 10
730.2628689087165
 20
0.0
 10
730.0129032258064
 20
0.0
 10
729.7629375428963
 20
0.0
 10
729.5129718599862
 20
0.0
 10
729.2630061770762
 20
0.0
 10
729.013040494166
 20
0.0
 10
728.763074811256
 20
0.0
 10
728.513109128346
 20
0.0
 10
728.2631434454358
 20
0.0
 10
728.0131777625257
 20
0.0
 10
727.7632120796156
 20
0.0
 10
727.5132463967057
 20
0.0
 10
727.2632807137954
 20
0.0
 10
727.0133150308853
 20
0.0
 10
726.7633493479752
 20
0.0
 10
726.5133836650652
 20
0.0
 10
726.2634179821551
 20
0.0
 10
726.013452299245
 20
0.0
 10
725.763486616335
 20
0.0
 10
725.5135209334248
 20
0.0
 10
725.2635552505147
 20
0.0
 10
725.0135895676046
 20
0.0
 10
724.7636238846945
 20
0.0
 10
724.5136582017844
 20
0.0
 10
724.2636925188744
 20
0.0
 10
724.0137268359643
 20
0.0
 10
723.7637611530542
 20
0.0
 10
723.5137954701441
 20
0.0
 10
723.263829787234
 20
0.0
 10
723.0138641043239
 20
0.0
 10
722.7638984214138
 20
0.0
 10
722.5139327385037
 20
0.0
 10
722.2639670555936
 20
0.0
 10
722.0140013726837
 20
0.0
 10
721.7640356897736
 20
0.0
 10
721.5140700068634
 20
0.0
 10
721.2641043239533
 20
0.0
 10
721.0141386410432
 20
0.0
 10
720.7641729581331
 20
0.0
 10
720.514207275223
 20
0.0
 10
720.264241592313
 20
0.0
 10
720.014275909403
 20
0.0
 10
719.7643102264927
 20
0.0
 10
719.5143445435826
 20
0.0
 10
719.2643788606727
 20
0.0
 10
719.0144131777625
 20
0.0
 10
718.7644474948524
 20
0.0
 10
718.5144818119423
 20
0.0
 10
718.2645161290322
 20
0.0
 10
718.0145504461223
 20
0.0
 10
717.7645847632122
 20
0.0
 10
717.5146190803019
 20
0.0
 10
717.2646533973918
 20
0.0
 10
717.0146877144819
 20
0.0
 10
716.7647220315718
 20
0.0
 10
716.5147563486616
 20
0.0
 10
716.2647906657515
 20
0.0
 10
716.0148249828414
 20
0.0
 10
715.7648592999315
 20
0.0
 10
715.5148936170212
 20
0.0
 10
715.2649279341111
 20
0.0
 10
715.014962251201
 20
0.0
 10
714.764996568291
 20
0.0
 10
714.515030885381
 20
0.0
 10
714.2650652024709
 20
0.0
 10
714.0150995195607
 20
0.0
 10
713.7651338366506
 20
0.0
 10
713.5151681537405
 20
0.0
 10
713.2652024708304
 20
0.0
 10
713.0152367879205
 20
0.0
 10
712.7652711050104
 20
0.0
 10
712.5153054221003
 20
0.0
 10
712.26533973919
 20
0.0
 10
712.01537405628
 20
0.0
 10
711.76540837337
 20
0.0
 10
711.5154426904598
 20
0.0
 10
711.2654770075497
 20
0.0
 10
711.0155113246396
 20
0.0
 10
710.7655456417297
 20
0.0
 10
710.5155799588196
 20
0.0
 10
710.2656142759095
 20
0.0
 10
710.0156485929992
 20
0.0
 10
709.7656829100893
 20
0.0
 10
709.5157172271792
 20
0.0
 10
709.265751544269
 20
0.0
 10
709.015785861359
 20
0.0
 10
708.7658201784488
 20
0.0
 10
708.5158544955389
 20
0.0
 10
708.2658888126286
 20
0.0
 10
708.0159231297187
 20
0.0
 10
707.7659574468084
 20
0.0
 10
707.5159917638985
 20
0.0
 10
707.2660260809884
 20
0.0
 10
707.0160603980783
 20
0.0
 10
706.7660947151682
 20
0.0
 10
706.516129032258
 20
0.0
 10
706.2661633493481
 20
0.0
 10
706.0161976664378
 20
0.0
 10
705.7662319835279
 20
0.0
 10
705.5162663006178
 20
0.0
 10
705.2663006177077
 20
0.0
 10
705.0163349347976
 20
0.0
 10
704.7663692518875
 20
0.0
 10
704.5164035689774
 20
0.0
 10
704.2664378860673
 20
0.0
 10
704.0164722031572
 20
0.0
 10
703.766506520247
 20
0.0
 10
703.5165408373371
 20
0.0
 10
703.266575154427
 20
0.0
 10
703.0166094715169
 20
0.0
 10
702.7666437886066
 20
0.0
 10
702.5166781056967
 20
0.0
 10
702.2667124227866
 20
0.0
 10
702.0167467398765
 20
0.0
 10
701.7667810569664
 20
0.0
 10
701.5168153740563
 20
0.0
 10
701.2668496911463
 20
0.0
 10
701.0168840082362
 20
0.0
 10
700.7669183253261
 20
0.0
 10
700.5169526424158
 20
0.0
 10
700.2669869595059
 20
0.0
 10
700.0170212765958
 20
0.0
 10
699.7670555936857
 20
0.0
 10
699.5170899107756
 20
0.0
 10
699.2671242278655
 20
0.0
 10
699.0171585449555
 20
0.0
 10
698.7671928620452
 20
0.0
 10
698.5172271791353
 20
0.0
 10
698.2672614962252
 20
0.0
 10
698.0172958133151
 20
0.0
 10
697.767330130405
 20
0.0
 10
697.5173644474949
 20
0.0
 10
697.2673987645848
 20
0.0
 10
697.0174330816747
 20
0.0
 10
696.7674673987647
 20
0.0
 10
696.5175017158545
 20
0.0
 10
696.2675360329445
 20
0.0
 10
696.0175703500344
 20
0.0
 10
695.7676046671243
 20
0.0
 10
695.5176389842142
 20
0.0
 10
695.2676733013041
 20
0.0
 10
695.017707618394
 20
0.0
 10
694.7677419354839
 20
0.0
 10
694.5177762525738
 20
0.0
 10
694.2678105696637
 20
0.0
 10
694.0178448867537
 20
0.0
 10
693.7678792038436
 20
0.0
 10
693.5179135209335
 20
0.0
 10
693.2679478380234
 20
0.0
 10
693.0179821551133
 20
0.0
 10
692.7680164722032
 20
0.0
 10
692.518050789293
 20
0.0
 10
692.268085106383
 20
0.0
 10
692.0181194234729
 20
0.0
 10
691.7681537405629
 20
0.0
 10
691.5181880576528
 20
0.0
 10
691.2682223747427
 20
0.0
 10
691.0182566918326
 20
0.0
 10
690.7682910089225
 20
0.0
 10
690.5183253260124
 20
0.0
 10
690.2683596431023
 20
0.0
 10
690.0183939601922
 20
0.0
 10
689.768428277282
 20
0.0
 10
689.5184625943721
 20
0.0
 10
689.2684969114619
 20
0.0
 10
689.0185312285519
 20
0.0
 10
688.7685655456418
 20
0.0
 10
688.5185998627317
 20
0.0
 10
688.2686341798216
 20
0.0
 10
688.0186684969115
 20
0.0
 10
687.7687028140014
 20
0.0
 10
687.5187371310913
 20
0.0
 10
687.2687714481812
 20
0.0
 10
687.0188057652712
 20
0.0
 10
686.7688400823611
 20
0.0
 10
686.518874399451
 20
0.0
 10
686.2689087165409
 20
0.0
 10
686.0189430336306
 20
0.0
 10
685.7689773507207
 20
0.0
 10
685.5190116678106
 20
0.0
 10
685.2690459849005
 20
0.0
 10
685.0190803019904
 20
0.0
 10
684.7691146190803
 20
0.0
 10
684.5191489361703
 20
0.0
 10
684.2691832532602
 20
0.0
 10
684.0192175703501
 20
0.0
 10
683.76925188744
 20
0.0
 10
683.5192862045299
 20
0.0
 10
683.2693205216198
 20
0.0
 10
683.0193548387097
 20
0.0
 10
682.7693891557996
 20
0.0
 10
682.5194234728895
 20
0.0
 10
682.2694577899795
 20
0.0
 10
682.0194921070694
 20
0.0
 10
681.7695264241593
 20
0.0
 10
681.5195607412492
 20
0.0
 10
681.2695950583391
 20
0.0
 10
681.019629375429
 20
0.0
 10
680.7696636925189
 20
0.0
 10
680.5196980096088
 20
0.0
 10
680.2697323266987
 20
0.0
 10
680.0197666437887
 20
0.0
 10
679.7698009608786
 20
0.0
 10
679.5198352779685
 20
0.0
 10
679.2698695950584
 20
0.0
 10
679.0199039121483
 20
0.0
 10
678.7699382292382
 20
0.0
 10
678.5199725463281
 20
0.0
 10
678.270006863418
 20
0.0
 10
678.0200411805079
 20
0.0
 10
677.7700754975979
 20
0.0
 10
677.5201098146877
 20
0.0
 10
677.2701441317777
 20
0.0
 10
677.0201784488676
 20
0.0
 10
676.7702127659575
 20
0.0
 10
676.5202470830474
 20
0.0
 10
676.2702814001373
 20
0.0
 10
676.0203157172272
 20
0.0
 10
675.7703500343171
 20
0.0
 10
675.5203843514071
 20
0.0
 10
675.2704186684969
 20
0.0
 10
675.0204529855869
 20
0.0
 10
674.7704873026768
 20
0.0
 10
674.5205216197667
 20
0.0
 10
674.2705559368566
 20
0.0
 10
674.0205902539465
 20
0.0
 10
673.7706245710364
 20
0.0
 10
673.5206588881263
 20
0.0
 10
673.2706932052163
 20
0.0
 10
673.0207275223061
 20
0.0
 10
672.7707618393961
 20
0.0
 10
672.5207961564859
 20
0.0
 10
672.2708304735759
 20
0.0
 10
672.0208647906658
 20
0.0
 10
671.7708991077557
 20
0.0
 10
671.5209334248456
 20
0.0
 10
671.2709677419355
 20
0.0
 10
671.0210020590255
 20
0.0
 10
670.7710363761153
 20
0.0
 10
670.5210706932053
 20
0.0
 10
670.2711050102951
 20
0.0
 10
670.0211393273851
 20
0.0
 10
669.771173644475
 20
0.0
 10
669.5212079615649
 20
0.0
 10
669.2712422786548
 20
0.0
 10
669.0212765957447
 20
0.0
 10
668.7713109128347
 20
0.0
 10
668.5213452299245
 20
0.0
 10
668.2713795470145
 20
0.0
 10
668.0214138641043
 20
0.0
 10
667.7714481811943
 20
0.0
 10
667.5214824982842
 20
0.0
 10
667.2715168153741
 20
0.0
 10
667.021551132464
 20
0.0
 10
666.7715854495539
 20
0.0
 10
666.5216197666438
 20
0.0
 10
666.2716540837337
 20
0.0
 10
666.0216884008237
 20
0.0
 10
665.7717227179135
 20
0.0
 10
665.5217570350035
 20
0.0
 10
665.2717913520934
 20
0.0
 10
665.0218256691833
 20
0.0
 10
664.7718599862732
 20
0.0
 10
664.5218943033631
 20
0.0
 10
664.271928620453
 20
0.0
 10
664.0219629375429
 20
0.0
 10
663.7719972546329
 20
0.0
 10
663.5220315717227
 20
0.0
 10
663.2720658888127
 20
0.0
 10
663.0221002059026
 20
0.0
 10
662.7721345229925
 20
0.0
 10
662.5221688400824
 20
0.0
 10
662.2722031571723
 20
0.0
 10
662.0222374742622
 20
0.0
 10
661.7722717913521
 20
0.0
 10
661.5223061084421
 20
0.0
 10
661.2723404255319
 20
0.0
 10
661.0223747426219
 20
0.0
 10
660.7724090597118
 20
0.0
 10
660.5224433768017
 20
0.0
 10
660.2724776938916
 20
0.0
 10
660.0225120109815
 20
0.0
 10
659.7725463280715
 20
0.0
 10
659.5225806451613
 20
0.0
 10
659.2726149622512
 20
0.0
 10
659.0226492793411
 20
0.0
 10
658.7726835964311
 20
0.0
 10
658.522717913521
 20
0.0
 10
658.2727522306109
 20
0.0
 10
658.0227865477008
 20
0.0
 10
657.7728208647907
 20
0.0
 10
657.5228551818807
 20
0.0
 10
657.2728894989705
 20
0.0
 10
657.0229238160604
 20
0.0
 10
656.7729581331503
 20
0.0
 10
656.5229924502403
 20
0.0
 10
656.2730267673302
 20
0.0
 10
656.0230610844201
 20
0.0
 10
655.77309540151
 20
0.0
 10
655.5231297185999
 20
0.0
 10
655.2731640356899
 20
0.0
 10
655.0231983527797
 20
0.0
 10
654.7732326698696
 20
0.0
 10
654.5232669869595
 20
0.0
 10
654.2733013040495
 20
0.0
 10
654.0233356211394
 20
0.0
 10
653.7733699382293
 20
0.0
 10
653.5234042553192
 20
0.0
 10
653.2734385724091
 20
0.0
 10
653.023472889499
 20
0.0
 10
652.7735072065889
 20
0.0
 10
652.5235415236789
 20
0.0
 10
652.2735758407687
 20
0.0
 10
652.0236101578587
 20
0.0
 10
651.7736444749486
 20
0.0
 10
651.5236787920385
 20
0.0
 10
651.2737131091284
 20
0.0
 10
651.0237474262183
 20
0.0
 10
650.7737817433082
 20
0.0
 10
650.5238160603981
 20
0.0
 10
650.273850377488
 20
0.0
 10
650.0238846945779
 20
0.0
 10
649.7739190116679
 20
0.0
 10
649.5239533287577
 20
0.0
 10
649.2739876458477
 20
0.0
 10
649.0240219629376
 20
0.0
 10
648.7740562800275
 20
0.0
 10
648.5240905971174
 20
0.0
 10
648.2741249142073
 20
0.0
 10
648.0241592312972
 20
0.0
 10
647.7741935483871
 20
0.0
 10
647.5242278654771
 20
0.0
 10
647.2742621825669
 20
0.0
 10
647.0242964996569
 20
0.0
 10
646.7743308167468
 20
0.0
 10
646.5243651338367
 20
0.0
 10
646.2743994509266
 20
0.0
 10
646.0244337680165
 20
0.0
 10
645.7744680851064
 20
0.0
 10
645.5245024021963
 20
0.0
 10
645.2745367192863
 20
0.0
 10
645.0245710363762
 20
0.0
 10
644.7746053534661
 20
0.0
 10
644.524639670556
 20
0.0
 10
644.2746739876459
 20
0.0
 10
644.0247083047358
 20
0.0
 10
643.7747426218257
 20
0.0
 10
643.5247769389156
 20
0.0
 10
643.2748112560055
 20
0.0
 10
643.0248455730955
 20
0.0
 10
642.7748798901853
 20
0.0
 10
642.5249142072753
 20
0.0
 10
642.2749485243651
 20
0.0
 10
642.0249828414551
 20
0.0
 10
641.775017158545
 20
0.0
 10
641.5250514756349
 20
0.0
 10
641.2750857927248
 20
0.0
 10
641.0251201098147
 20
0.0
 10
640.7751544269047
 20
0.0
 10
640.5251887439945
 20
0.0
 10
640.2752230610845
 20
0.0
 10
640.0252573781743
 20
0.0
 10
639.7752916952643
 20
0.0
 10
639.5253260123542
 20
0.0
 10
639.2753603294441
 20
0.0
 10
639.025394646534
 20
0.0
 10
638.7754289636239
 20
0.0
 10
638.5254632807138
 20
0.0
 10
638.2754975978037
 20
0.0
 10
638.0255319148937
 20
0.0
 10
637.7755662319836
 20
0.0
 10
637.5256005490735
 20
0.0
 10
637.2756348661634
 20
0.0
 10
637.0256691832533
 20
0.0
 10
636.7757035003432
 20
0.0
 10
636.5257378174331
 20
0.0
 10
636.275772134523
 20
0.0
 10
636.0258064516129
 20
0.0
 10
635.7758407687029
 20
0.0
 10
635.5258750857927
 20
0.0
 10
635.2759094028827
 20
0.0
 10
635.0259437199726
 20
0.0
 10
634.7759780370625
 20
0.0
 10
634.5260123541524
 20
0.0
 10
634.2760466712423
 20
0.0
 10
634.0260809883322
 20
0.0
 10
633.7761153054221
 20
0.0
 10
633.5261496225121
 20
0.0
 10
633.2761839396019
 20
0.0
 10
633.0262182566919
 20
0.0
 10
632.7762525737817
 20
0.0
 10
632.5262868908717
 20
0.0
 10
632.2763212079616
 20
0.0
 10
632.0263555250515
 20
0.0
 10
631.7763898421414
 20
0.0
 10
631.5264241592313
 20
0.0
 10
631.2764584763212
 20
0.0
 10
631.0264927934111
 20
0.0
 10
630.7765271105011
 20
0.0
 10
630.526561427591
 20
0.0
 10
630.2765957446809
 20
0.0
 10
630.0266300617708
 20
0.0
 10
629.7766643788607
 20
0.0
 10
629.5266986959506
 20
0.0
 10
629.2767330130405
 20
0.0
 10
629.0267673301304
 20
0.0
 10
628.7768016472203
 20
0.0
 10
628.5268359643103
 20
0.0
 10
628.2768702814002
 20
0.0
 10
628.0269045984901
 20
0.0
 10
627.77693891558
 20
0.0
 10
627.5269732326699
 20
0.0
 10
627.2770075497599
 20
0.0
 10
627.0270418668497
 20
0.0
 10
626.7770761839396
 20
0.0
 10
626.5271105010295
 20
0.0
 10
626.2771448181195
 20
0.0
 10
626.0271791352094
 20
0.0
 10
625.7772134522993
 20
0.0
 10
625.5272477693891
 20
0.0
 10
625.2772820864791
 20
0.0
 10
625.027316403569
 20
0.0
 10
624.7773507206589
 20
0.0
 10
624.5273850377488
 20
0.0
 10
624.2774193548387
 20
0.0
 10
624.0274536719287
 20
0.0
 10
623.7774879890186
 20
0.0
 10
623.5275223061085
 20
0.0
 10
623.2775566231984
 20
0.0
 10
623.0275909402883
 20
0.0
 10
622.7776252573782
 20
0.0
 10
622.5276595744681
 20
0.0
 10
622.277693891558
 20
0.0
 10
622.0277282086479
 20
0.0
 10
621.7777625257379
 20
0.0
 10
621.5277968428277
 20
0.0
 10
621.2778311599177
 20
0.0
 10
621.0278654770076
 20
0.0
 10
620.7778997940975
 20
0.0
 10
620.5279341111874
 20
0.0
 10
620.2779684282773
 20
0.0
 10
620.0280027453673
 20
0.0
 10
619.7780370624571
 20
0.0
 10
619.5280713795471
 20
0.0
 10
619.2781056966369
 20
0.0
 10
619.0281400137269
 20
0.0
 10
618.7781743308168
 20
0.0
 10
618.5282086479067
 20
0.0
 10
618.2782429649966
 20
0.0
 10
618.0282772820865
 20
0.0
 10
617.7783115991764
 20
0.0
 10
617.5283459162663
 20
0.0
 10
617.2783802333563
 20
0.0
 10
617.0284145504461
 20
0.0
 10
616.7784488675361
 20
0.0
 10
616.528483184626
 20
0.0
 10
616.2785175017159
 20
0.0
 10
616.0285518188058
 20
0.0
 10
615.7785861358957
 20
0.0
 10
615.5286204529856
 20
0.0
 10
615.2786547700755
 20
0.0
 10
615.0286890871654
 20
0.0
 10
614.7787234042554
 20
0.0
 10
614.5287577213453
 20
0.0
 10
614.2787920384351
 20
0.0
 10
614.0288263555251
 20
0.0
 10
613.778860672615
 20
0.0
 10
613.5288949897049
 20
0.0
 10
613.2789293067948
 20
0.0
 10
613.0289636238847
 20
0.0
 10
612.7789979409747
 20
0.0
 10
612.5290322580645
 20
0.0
 10
612.2790665751545
 20
0.0
 10
612.0291008922443
 20
0.0
 10
611.7791352093343
 20
0.0
 10
611.5291695264242
 20
0.0
 10
611.2792038435141
 20
0.0
 10
611.029238160604
 20
0.0
 10
610.7792724776939
 20
0.0
 10
610.5293067947838
 20
0.0
 10
610.2793411118737
 20
0.0
 10
610.0293754289637
 20
0.0
 10
609.7794097460535
 20
0.0
 10
609.5294440631435
 20
0.0
 10
609.2794783802334
 20
0.0
 10
609.0295126973233
 20
0.0
 10
608.7795470144132
 20
0.0
 10
608.5295813315031
 20
0.0
 10
608.279615648593
 20
0.0
 10
608.0296499656829
 20
0.0
 10
607.7796842827728
 20
0.0
 10
607.5297185998628
 20
0.0
 10
607.2797529169527
 20
0.0
 10
607.0297872340426
 20
0.0
 10
606.7798215511325
 20
0.0
 10
606.5298558682224
 20
0.0
 10
606.2798901853123
 20
0.0
 10
606.0299245024022
 20
0.0
 10
605.7799588194921
 20
0.0
 10
605.529993136582
 20
0.0
 10
605.2800274536719
 20
0.0
 10
605.0300617707619
 20
0.0
 10
604.7800960878518
 20
0.0
 10
604.5301304049417
 20
0.0
 10
604.2801647220316
 20
0.0
 10
604.0301990391215
 20
0.0
 10
603.7802333562114
 20
0.0
 10
603.5302676733013
 20
0.0
 10
603.2803019903912
 20
0.0
 10
603.0303363074811
 20
0.0
 10
602.7803706245711
 20
0.0
 10
602.530404941661
 20
0.0
 10
602.2804392587509
 20
0.0
 10
602.0304735758408
 20
0.0
 10
601.7805078929307
 20
0.0
 10
601.5305422100206
 20
0.0
 10
601.2805765271105
 20
0.0
 10
601.0306108442004
 20
0.0
 10
600.7806451612903
 20
0.0
 10
600.5306794783802
 20
0.0
 10
600.2807137954702
 20
0.0
 10
600.0307481125601
 20
0.0
 10
599.78078242965
 20
0.0
 10
599.5308167467399
 20
0.0
 10
599.2808510638298
 20
0.0
 10
599.0308853809197
 20
0.0
 10
598.7809196980096
 20
0.0
 10
598.5309540150995
 20
0.0
 10
598.2809883321894
 20
0.0
 10
598.0310226492794
 20
0.0
 10
597.7810569663693
 20
0.0
 10
597.5310912834592
 20
0.0
 10
597.2811256005491
 20
0.0
 10
597.031159917639
 20
0.0
 10
596.7811942347289
 20
0.0
 10
596.5312285518188
 20
0.0
 10
596.2812628689087
 20
0.0
 10
596.0312971859986
 20
0.0
 10
595.7813315030886
 20
0.0
 10
595.5313658201785
 20
0.0
 10
595.2814001372684
 20
0.0
 10
595.0314344543583
 20
0.0
 10
594.7814687714482
 20
0.0
 10
594.5315030885381
 20
0.0
 10
594.281537405628
 20
0.0
 10
594.0315717227179
 20
0.0
 10
593.7816060398078
 20
0.0
 10
593.5316403568977
 20
0.0
 10
593.2816746739877
 20
0.0
 10
593.0317089910776
 20
0.0
 10
592.7817433081675
 20
0.0
 10
592.5317776252574
 20
0.0
 10
592.2818119423473
 20
0.0
 10
592.0318462594372
 20
0.0
 10
591.7818805765271
 20
0.0
 10
591.531914893617
 20
0.0
 10
591.2819492107069
 20
0.0
 10
591.0319835277968
 20
0.0
 10
590.7820178448868
 20
0.0
 10
590.5320521619767
 20
0.0
 10
590.2820864790666
 20
0.0
 10
590.0321207961565
 20
0.0
 10
589.7821551132464
 20
0.0
 10
589.5321894303363
 20
0.0
 10
589.2822237474262
 20
0.0
 10
589.0322580645161
 20
0.0
 10
588.7822923816061
 20
0.0
 10
588.532326698696
 20
0.0
 10
588.2823610157859
 20
0.0
 10
588.0323953328758
 20
0.0
 10
587.7824296499657
 20
0.0
 10
587.5324639670556
 20
0.0
 10
587.2824982841455
 20
0.0
 10
587.0325326012354
 20
0.0
 10
586.7825669183254
 20
0.0
 10
586.5326012354153
 20
0.0
 10
586.2826355525051
 20
0.0
 10
586.0326698695951
 20
0.0
 10
585.782704186685
 20
0.0
 10
585.5327385037749
 20
0.0
 10
585.2827728208648
 20
0.0
 10
585.0328071379547
 20
0.0
 10
584.7828414550446
 20
0.0
 10
584.5328757721346
 20
0.0
 10
584.2829100892245
 20
0.0
 10
584.0329444063143
 20
0.0
 10
583.7829787234042
 20
0.0
 10
583.5330130404942
 20
0.0
 10
583.2830473575841
 20
0.0
 10
583.033081674674
 20
0.0
 10
582.7831159917639
 20
0.0
 10
582.5331503088538
 20
0.0
 10
582.2831846259437
 20
0.0
 10
582.0332189430337
 20
0.0
 10
581.7832532601235
 20
0.0
 10
581.5332875772135
 20
0.0
 10
581.2833218943033
 20
0.0
 10
581.0333562113933
 20
0.0
 10
580.7833905284832
 20
0.0
 10
580.5334248455731
 20
0.0
 10
580.283459162663
 20
0.0
 10
580.0334934797529
 20
0.0
 10
579.7835277968429
 20
0.0
 10
579.5335621139328
 20
0.0
 10
579.2835964310227
 20
0.0
 10
579.0336307481125
 20
0.0
 10
578.7836650652025
 20
0.0
 10
578.5336993822924
 20
0.0
 10
578.2837336993823
 20
0.0
 10
578.0337680164722
 20
0.0
 10
577.7838023335621
 20
0.0
 10
577.533836650652
 20
0.0
 10
577.283870967742
 20
0.0
 10
577.0339052848319
 20
0.0
 10
576.7839396019217
 20
0.0
 10
576.5339739190117
 20
0.0
 10
576.2840082361016
 20
0.0
 10
576.0340425531915
 20
0.0
 10
575.7840768702814
 20
0.0
 10
575.5341111873713
 20
0.0
 10
575.2841455044612
 20
0.0
 10
575.0341798215511
 20
0.0
 10
574.7842141386411
 20
0.0
 10
574.5342484557309
 20
0.0
 10
574.2842827728209
 20
0.0
 10
574.0343170899108
 20
0.0
 10
573.7843514070007
 20
0.0
 10
573.5343857240906
 20
0.0
 10
573.2844200411805
 20
0.0
 10
573.0344543582704
 20
0.0
 10
572.7844886753603
 20
0.0
 10
572.5345229924503
 20
0.0
 10
572.2845573095402
 20
0.0
 10
572.0345916266301
 20
0.0
 10
571.78462594372
 20
0.0
 10
571.5346602608099
 20
0.0
 10
571.2846945778998
 20
0.0
 10
571.0347288949897
 20
0.0
 10
570.7847632120796
 20
0.0
 10
570.5347975291695
 20
0.0
 10
570.2848318462594
 20
0.0
 10
570.0348661633494
 20
0.0
 10
569.7849004804393
 20
0.0
 10
569.5349347975292
 20
0.0
 10
569.2849691146191
 20
0.0
 10
569.035003431709
 20
0.0
 10
568.7850377487989
 20
0.0
 10
568.5350720658888
 20
0.0
 10
568.2851063829787
 20
0.0
 10
568.0351407000686
 20
0.0
 10
567.7851750171585
 20
0.0
 10
567.5352093342485
 20
0.0
 10
567.2852436513383
 20
0.0
 10
567.0352779684283
 20
0.0
 10
566.7853122855182
 20
0.0
 10
566.5353466026081
 20
0.0
 10
566.285380919698
 20
0.0
 10
566.0354152367879
 20
0.0
 10
565.7854495538779
 20
0.0
 10
565.5354838709677
 20
0.0
 10
565.2855181880577
 20
0.0
 10
565.0355525051476
 20
0.0
 10
564.7855868222375
 20
0.0
 10
564.5356211393274
 20
0.0
 10
564.2856554564173
 20
0.0
 10
564.0356897735072
 20
0.0
 10
563.7857240905972
 20
0.0
 10
563.5357584076871
 20
0.0
 10
563.2857927247769
 20
0.0
 10
563.0358270418668
 20
0.0
 10
562.7858613589568
 20
0.0
 10
562.5358956760467
 20
0.0
 10
562.2859299931366
 20
0.0
 10
562.0359643102265
 20
0.0
 10
561.7859986273164
 20
0.0
 10
561.5360329444064
 20
0.0
 10
561.2860672614963
 20
0.0
 10
561.0361015785861
 20
0.0
 10
560.786135895676
 20
0.0
 10
560.5361702127659
 20
0.0
 10
560.2862045298559
 20
0.0
 10
560.0362388469458
 20
0.0
 10
559.7862731640357
 20
0.0
 10
559.5363074811256
 20
0.0
 10
559.2863417982156
 20
0.0
 10
559.0363761153055
 20
0.0
 10
558.7864104323953
 20
0.0
 10
558.5364447494853
 20
0.0
 10
558.2864790665751
 20
0.0
 10
558.0365133836651
 20
0.0
 10
557.786547700755
 20
0.0
 10
557.5365820178449
 20
0.0
 10
557.2866163349348
 20
0.0
 10
557.0366506520247
 20
0.0
 10
556.7866849691147
 20
0.0
 10
556.5367192862046
 20
0.0
 10
556.2867536032945
 20
0.0
 10
556.0367879203843
 20
0.0
 10
555.7868222374742
 20
0.0
 10
555.5368565545642
 20
0.0
 10
555.2868908716541
 20
0.0
 10
555.036925188744
 20
0.0
 10
554.7869595058339
 20
0.0
 10
554.5369938229238
 20
0.0
 10
554.2870281400138
 20
0.0
 10
554.0370624571037
 20
0.0
 10
553.7870967741935
 20
0.0
 10
553.5371310912834
 20
0.0
 10
553.2871654083733
 20
0.0
 10
553.0371997254633
 20
0.0
 10
552.7872340425532
 20
0.0
 10
552.5372683596431
 20
0.0
 10
552.287302676733
 20
0.0
 10
552.037336993823
 20
0.0
 10
551.7873713109129
 20
0.0
 10
551.5374056280027
 20
0.0
 10
551.2874399450927
 20
0.0
 10
551.0374742621825
 20
0.0
 10
550.7875085792725
 20
0.0
 10
550.5375428963624
 20
0.0
 10
550.2875772134523
 20
0.0
 10
550.0376115305423
 20
0.0
 10
549.7876458476321
 20
0.0
 10
549.5376801647221
 20
0.0
 10
549.287714481812
 20
0.0
 10
549.0377487989019
 20
0.0
 10
548.7877831159917
 20
0.0
 10
548.5378174330816
 20
0.0
 10
548.2878517501716
 20
0.0
 10
548.0378860672615
 20
0.0
 10
547.7879203843515
 20
0.0
 10
547.5379547014413
 20
0.0
 10
547.2879890185312
 20
0.0
 10
547.0380233356212
 20
0.0
 10
546.7880576527111
 20
0.0
 10
546.5380919698009
 20
0.0
 10
546.2881262868908
 20
0.0
 10
546.0381606039807
 20
0.0
 10
545.7881949210707
 20
0.0
 10
545.5382292381606
 20
0.0
 10
545.2882635552505
 20
0.0
 10
545.0382978723404
 20
0.0
 10
544.7883321894304
 20
0.0
 10
544.5383665065203
 20
0.0
 10
544.2884008236101
 20
0.0
 10
544.0384351407001
 20
0.0
 10
543.7884694577899
 20
0.0
 10
543.5385037748799
 20
0.0
 10
543.2885380919698
 20
0.0
 10
543.0385724090597
 20
0.0
 10
542.7886067261497
 20
0.0
 10
542.5386410432395
 20
0.0
 10
542.2886753603295
 20
0.0
 10
542.0387096774193
 20
0.0
 10
541.7887439945093
 20
0.0
 10
541.5387783115991
 20
0.0
 10
541.288812628689
 20
0.0
 10
541.038846945779
 20
0.0
 10
540.7888812628689
 20
0.0
 10
540.5389155799588
 20
0.0
 10
540.2889498970487
 20
0.0
 10
540.0389842141386
 20
0.0
 10
539.7890185312286
 20
0.0
 10
539.5390528483185
 20
0.0
 10
539.2890871654083
 20
0.0
 10
539.0391214824982
 20
0.0
 10
538.7891557995882
 20
0.0
 10
538.5391901166781
 20
0.0
 10
538.289224433768
 20
0.0
 10
538.0392587508579
 20
0.0
 10
537.7892930679478
 20
0.0
 10
537.5393273850378
 20
0.0
 10
537.2893617021277
 20
0.0
 10
537.0393960192175
 20
0.0
 10
536.7894303363075
 20
0.0
 10
536.5394646533974
 20
0.0
 10
536.2894989704873
 20
0.0
 10
536.0395332875772
 20
0.0
 10
535.7895676046671
 20
0.0
 10
535.5396019217571
 20
0.0
 10
535.2896362388469
 20
0.0
 10
535.0396705559369
 20
0.0
 10
534.7897048730267
 20
0.0
 10
534.5397391901167
 20
0.0
 10
534.2897735072066
 20
0.0
 10
534.0398078242965
 20
0.0
 10
533.7898421413864
 20
0.0
 10
533.5398764584763
 20
0.0
 10
533.2899107755662
 20
0.0
 10
533.0399450926561
 20
0.0
 10
532.789979409746
 20
0.0
 10
532.540013726836
 20
0.0
 10
532.2900480439259
 20
0.0
 10
532.0400823610158
 20
0.0
 10
531.7901166781057
 20
0.0
 10
531.5401509951956
 20
0.0
 10
531.2901853122855
 20
0.0
 10
531.0402196293754
 20
0.0
 10
530.7902539464653
 20
0.0
 10
530.5402882635552
 20
0.0
 10
530.2903225806452
 20
0.0
 10
530.0403568977351
 20
0.0
 10
529.790391214825
 20
0.0
 10
529.5404255319149
 20
0.0
 10
529.2904598490048
 20
0.0
 10
529.0404941660947
 20
0.0
 10
528.7905284831846
 20
0.0
 10
528.5405628002745
 20
0.0
 10
528.2905971173645
 20
0.0
 10
528.0406314344543
 20
0.0
 10
527.7906657515443
 20
0.0
 10
527.5407000686342
 20
0.0
 10
527.2907343857241
 20
0.0
 10
527.040768702814
 20
0.0
 10
526.7908030199039
 20
0.0
 10
526.5408373369938
 20
0.0
 10
526.2908716540837
 20
0.0
 10
526.0409059711736
 20
0.0
 10
525.7909402882635
 20
0.0
 10
525.5409746053535
 20
0.0
 10
525.2910089224434
 20
0.0
 10
525.0410432395333
 20
0.0
 10
524.7910775566232
 20
0.0
 10
524.5411118737131
 20
0.0
 10
524.291146190803
 20
0.0
 10
524.0411805078929
 20
0.0
 10
523.7912148249828
 20
0.0
 10
523.5412491420727
 20
0.0
 10
523.2912834591627
 20
0.0
 10
523.0413177762526
 20
0.0
 10
522.7913520933425
 20
0.0
 10
522.5413864104324
 20
0.0
 10
522.2914207275223
 20
0.0
 10
522.0414550446122
 20
0.0
 10
521.7914893617021
 20
0.0
 10
521.541523678792
 20
0.0
 10
521.2915579958819
 20
0.0
 10
521.0415923129718
 20
0.0
 10
520.7916266300618
 20
0.0
 10
520.5416609471517
 20
0.0
 10
520.2916952642416
 20
0.0
 10
520.0417295813315
 20
0.0
 10
519.7917638984214
 20
0.0
 10
519.5417982155113
 20
0.0
 10
519.2918325326012
 20
0.0
 10
519.0418668496911
 20
0.0
 10
518.791901166781
 20
0.0
 10
518.541935483871
 20
0.0
 10
518.2919698009609
 20
0.0
 10
518.0420041180508
 20
0.0
 10
517.7920384351407
 20
0.0
 10
517.5420727522306
 20
0.0
 10
517.2921070693205
 20
0.0
 10
517.0421413864104
 20
0.0
 10
516.7921757035003
 20
0.0
 10
516.5422100205902
 20
0.0
 10
516.2922443376801
 20
0.0
 10
516.0422786547701
 20
0.0
 10
515.79231297186
 20
0.0
 10
515.5423472889499
 20
0.0
 10
515.2923816060398
 20
0.0
 10
515.0424159231297
 20
0.0
 10
514.7924502402196
 20
0.0
 10
514.5424845573095
 20
0.0
 10
514.2925188743994
 20
0.0
 10
514.0425531914893
 20
0.0
 10
513.7925875085793
 20
0.0
 10
513.5426218256692
 20
0.0
 10
513.2926561427591
 20
0.0
 10
513.042690459849
 20
0.0
 10
512.7927247769389
 20
0.0
 10
512.5427590940288
 20
0.0
 10
512.2927934111187
 20
0.0
 10
512.0428277282086
 20
0.0
 10
511.7928620452986
 20
0.0
 10
511.5428963623885
 20
0.0
 10
511.29293067947845
 20
0.0
 10
511.04296499656834
 20
0.0
 10
510.79299931365824
 20
0.0
 10
510.54303363074814
 20
0.0
 10
510.29306794783804
 20
0.0
 10
510.04310226492794
 20
0.0
 10
509.79313658201784
 20
0.0
 10
509.5431708991078
 20
0.0
 10
509.2932052161977
 20
0.0
 10
509.0432395332876
 20
0.0
 10
508.79327385037755
 20
0.0
 10
508.54330816746744
 20
0.0
 10
508.29334248455734
 20
0.0
 10
508.04337680164724
 20
0.0
 10
507.79341111873714
 20
0.0
 10
507.54344543582704
 20
0.0
 10
507.29347975291705
 20
0.0
 10
507.0435140700069
 20
0.0
 10
506.7935483870968
 20
0.0
 10
506.5435827041867
 20
0.0
 10
506.29361702127665
 20
0.0
 10
506.04365133836654
 20
0.0
 10
505.79368565545644
 20
0.0
 10
505.54371997254634
 20
0.0
 10
505.29375428963624
 20
0.0
 10
505.0437886067262
 20
0.0
 10
504.7938229238161
 20
0.0
 10
504.543857240906
 20
0.0
 10
504.2938915579959
 20
0.0
 10
504.0439258750858
 20
0.0
 10
503.79396019217575
 20
0.0
 10
503.54399450926564
 20
0.0
 10
503.29402882635554
 20
0.0
 10
503.04406314344544
 20
0.0
 10
502.7940974605354
 20
0.0
 10
502.54413177762524
 20
0.0
 10
502.2941660947152
 20
0.0
 10
502.0442004118051
 20
0.0
 10
501.794234728895
 20
0.0
 10
501.54426904598495
 20
0.0
 10
501.29430336307485
 20
0.0
 10
501.04433768016474
 20
0.0
 10
500.79437199725464
 20
0.0
 10
500.5444063143446
 20
0.0
 10
500.2944406314345
 20
0.0
 10
500.04447494852445
 20
0.0
 10
499.7945092656143
 20
0.0
 10
499.5445435827042
 20
0.0
 10
499.2945778997941
 20
0.0
 10
499.04461221688405
 20
0.0
 10
498.79464653397395
 20
0.0
 10
498.54468085106384
 20
0.0
 10
498.2947151681538
 20
0.0
 10
498.0447494852437
 20
0.0
 10
497.7947838023336
 20
0.0
 10
497.5448181194235
 20
0.0
 10
497.2948524365134
 20
0.0
 10
497.0448867536033
 20
0.0
 10
496.7949210706932
 20
0.0
 10
496.54495538778315
 20
0.0
 10
496.29498970487305
 20
0.0
 10
496.045024021963
 20
0.0
 10
495.7950583390529
 20
0.0
 10
495.5450926561428
 20
0.0
 10
495.29512697323264
 20
0.0
 10
495.0451612903226
 20
0.0
 10
494.7951956074125
 20
0.0
 10
494.5452299245024
 20
0.0
 10
494.2952642415923
 20
0.0
 10
494.04529855868225
 20
0.0
 10
493.7953328757722
 20
0.0
 10
493.5453671928621
 20
0.0
 10
493.295401509952
 20
0.0
 10
493.0454358270419
 20
0.0
 10
492.79547014413185
 20
0.0
 10
492.5455044612217
 20
0.0
 10
492.2955387783116
 20
0.0
 10
492.0455730954015
 20
0.0
 10
491.79560741249145
 20
0.0
 10
491.54564172958146
 20
0.0
 10
491.2956760466713
 20
0.0
 10
491.0457103637612
 20
0.0
 10
490.7957446808511
 20
0.0
 10
490.545778997941
 20
0.0
 10
490.2958133150309
 20
0.0
 10
490.0458476321208
 20
0.0
 10
489.7958819492107
 20
0.0
 10
489.5459162663006
 20
0.0
 10
489.29595058339055
 20
0.0
 10
489.0459849004805
 20
0.0
 10
488.7960192175704
 20
0.0
 10
488.5460535346603
 20
0.0
 10
488.2960878517502
 20
0.0
 10
488.04612216884004
 20
0.0
 10
487.79615648593
 20
0.0
 10
487.5461908030199
 20
0.0
 10
487.2962251201098
 20
0.0
 10
487.04625943719975
 20
0.0
 10
486.79629375428965
 20
0.0
 10
486.5463280713796
 20
0.0
 10
486.2963623884695
 20
0.0
 10
486.0463967055594
 20
0.0
 10
485.7964310226493
 20
0.0
 10
485.54646533973926
 20
0.0
 10
485.2964996568291
 20
0.0
 10
485.046533973919
 20
0.0
 10
484.79656829100895
 20
0.0
 10
484.54660260809885
 20
0.0
 10
484.29663692518886
 20
0.0
 10
484.0466712422787
 20
0.0
 10
483.7967055593686
 20
0.0
 10
483.5467398764585
 20
0.0
 10
483.29677419354834
 20
0.0
 10
483.04680851063836
 20
0.0
 10
482.7968428277282
 20
0.0
 10
482.54687714481815
 20
0.0
 10
482.29691146190805
 20
0.0
 10
482.04694577899795
 20
0.0
 10
481.7969800960879
 20
0.0
 10
481.5470144131778
 20
0.0
 10
481.2970487302677
 20
0.0
 10
481.0470830473576
 20
0.0
 10
480.79711736444744
 20
0.0
 10
480.5471516815374
 20
0.0
 10
480.29718599862736
 20
0.0
 10
480.04722031571725
 20
0.0
 10
480.0
 20
0.20274536719284697
 10
480.0
 20
0.4527110501028915
 10
480.0
 20
0.7026767330129928
 10
480.0
 20
0.9526424159230942
 10
480.0
 20
1.2026080988331955
 10
480.0
 20
1.4525737817432969
 10
480.0
 20
1.7025394646533982
 10
480.0
 20
1.9525051475634427
 10
480.0
 20
2.202470830473544
 10
480.0
 20
2.4524365133836454
 10
480.0
 20
2.702402196293747
 10
480.0
 20
2.9523678792037913
 10
480.0
 20
3.2023335621138926
 10
480.0
 20
3.452299245023994
 10
480.0
 20
3.7022649279340953
 10
480.0
 20
3.9522306108441967
 10
480.0
 20
4.202196293754241
 10
480.0
 20
4.4521619766643425
 10
480.0
 20
4.702127659574444
 10
480.0
 20
4.952093342484545
 10
480.0
 20
5.20205902539459
 10
480.0
 20
5.452024708304691
 10
480.0
 20
5.7019903912147925
 10
480.0
 20
5.951956074124894
 10
480.0
 20
6.201921757034995
 10
480.0
 20
6.45188743994504
 10
480.0
 20
6.701853122855141
 10
480.0
 20
6.951818805765242
 10
480.0
 20
7.201784488675344
 10
480.0
 20
7.451750171585445
 10
480.0
 20
7.70171585449549
 10
480.0
 20
7.951681537405591
 10
480.0
 20
8.201647220315692
 10
480.0
 20
8.451612903225794
 10
480.0
 20
8.701578586135838
 10
480.0
 20
8.95154426904594
 10
480.0
 20
9.20150995195604
 10
480.0
 20
9.451475634866142
 10
480.0
 20
9.701441317776244
 10
480.0
 20
9.951407000686345
 10
480.0
 20
10.20137268359639
 10
480.0
 20
10.45133836650649
 10
480.0
 20
10.701304049416592
 10
480.0
 20
10.951269732326637
 10
480.0
 20
11.201235415236738
 10
480.0
 20
11.45120109814684
 10
480.0
 20
11.70116678105694
 10
480.0
 20
11.951132463967042
 10
480.0
 20
12.201098146877143
 10
480.0
 20
12.451063829787245
 10
480.0
 20
12.70102951269729
 10
480.0
 20
12.95099519560739
 10
480.0
 20
13.200960878517435
 10
480.0
 20
13.450926561427536
 10
480.0
 20
13.700892244337638
 10
480.0
 20
13.950857927247739
 10
480.0
 20
14.20082361015784
 10
480.0
 20
14.450789293067942
 10
480.0
 20
14.700754975978043
 10
480.0
 20
14.950720658888088
 10
480.0
 20
15.200686341798189
 10
480.0
 20
15.450652024708234
 10
480.0
 20
15.700617707618335
 10
480.0
 20
15.950583390528436
 10
480.0
 20
16.200549073438538
 10
480.0
 20
16.45051475634864
 10
480.0
 20
16.70048043925874
 10
480.0
 20
16.95044612216884
 10
480.0
 20
17.200411805078943
 10
480.0
 20
17.450377487988987
 10
480.0
 20
17.700343170899032
 10
480.0
 20
17.950308853809133
 10
480.0
 20
18.200274536719235
 10
480.0
 20
18.450240219629336
 10
480.0
 20
18.700205902539437
 10
480.0
 20
18.95017158544954
 10
480.0
 20
19.20013726835964
 10
480.0
 20
19.45010295126974
 10
480.0
 20
19.700068634179843
 10
480.0
 20
19.95003431708983
 10
480.0
 20
20.199999999999932
 10
480.0
 20
20.449965682910033
 10
480.0
 20
20.699931365820134
 10
480.0
 20
20.949897048730236
 10
480.0
 20
21.199862731640337
 10
480.0
 20
21.44982841455044
 10
480.0
 20
21.69979409746054
 10
480.0
 20
21.94975978037064
 10
480.0
 20
22.199725463280686
 10
480.0
 20
22.44969114619073
 10
480.0
 20
22.69965682910083
 10
480.0
 20
22.949622512010933
 10
480.0
 20
23.199588194921034
 10
480.0
 20
23.449553877831136
 10
480.0
 20
23.699519560741237
 10
480.0
 20
23.94948524365134
 10
480.0
 20
24.19945092656144
 10
480.0
 20
24.449416609471484
 10
480.0
 20
24.69938229238153
 10
480.0
 20
24.94934797529163
 10
480.0
 20
25.19931365820173
 10
480.0
 20
25.449279341111833
 10
480.0
 20
25.699245024021934
 10
480.0
 20
25.949210706932035
 10
480.0
 20
26.199176389842137
 10
480.0
 20
26.449142072752238
 10
480.0
 20
26.699107755662283
 10
480.0
 20
26.949073438572384
 10
480.0
 20
27.19903912148243
 10
480.0
 20
27.44900480439253
 10
480.0
 20
27.69897048730263
 10
480.0
 20
27.948936170212733
 10
480.0
 20
28.198901853122834
 10
480.0
 20
28.448867536032935
 10
480.0
 20
28.698833218943037
 10
480.0
 20
28.94879890185308
 10
480.0
 20
29.198764584763182
 10
480.0
 20
29.448730267673284
 10
480.0
 20
29.69869595058333
 10
480.0
 20
29.94866163349343
 10
480.0
 20
30.19862731640353
 10
480.0
 20
30.448592999313632
 10
480.0
 20
30.698558682223734
 10
480.0
 20
30.948524365133835
 10
480.0
 20
31.19849004804388
 10
480.0
 20
31.44845573095398
 10
480.0
 20
31.698421413864082
 10
480.0
 20
31.948387096774184
 10
480.0
 20
32.19835277968423
 10
480.0
 20
32.44831846259433
 10
480.0
 20
32.69828414550443
 10
480.0
 20
32.94824982841453
 10
480.0
 20
33.198215511324634
 10
480.0
 20
33.44818119423468
 10
480.0
 20
33.69814687714478
 10
480.0
 20
33.94811256005488
 10
480.0
 20
34.19807824296498
 10
480.0
 20
34.44804392587503
 10
480.0
 20
34.69800960878513
 10
480.0
 20
34.94797529169523
 10
480.0
 20
35.19794097460533
 10
480.0
 20
35.44790665751543
 10
480.0
 20
35.69787234042548
 10
480.0
 20
35.94783802333558
 10
480.0
 20
36.19780370624568
 10
480.0
 20
36.44776938915578
 10
480.0
 20
36.69773507206588
 10
480.0
 20
36.947700754975926
 10
480.0
 20
37.19766643788603
 10
480.0
 20
37.44763212079613
 10
480.0
 20
37.69759780370623
 10
480.0
 20
37.947563486616275
 10
480.0
 20
38.197529169526376
 10
480.0
 20
38.44749485243648
 10
480.0
 20
38.69746053534658
 10
480.0
 20
38.94742621825668
 10
480.0
 20
39.19739190116678
 10
480.0
 20
39.447357584076826
 10
480.0
 20
39.69732326698693
 10
480.0
 20
39.94728894989703
 10
480.0
 20
40.19725463280707
 10
480.0
 20
40.447220315717175
 10
480.0
 20
40.697185998627276
 10
480.0
 20
40.94715168153738
 10
480.0
 20
41.19711736444748
 10
480.0
 20
41.44708304735758
 10
480.0
 20
41.697048730267625
 10
480.0
 20
41.947014413177726
 10
480.0
 20
42.19698009608783
 10
480.0
 20
42.44694577899787
 10
480.0
 20
42.69691146190797
 10
480.0
 20
42.946877144818075
 10
480.0
 20
43.196842827728176
 10
480.0
 20
43.44680851063828
 10
480.0
 20
43.69677419354838
 10
480.0
 20
43.94673987645848
 10
480.0
 20
44.196705559368525
 10
480.0
 20
44.446671242278626
 10
480.0
 20
44.69663692518867
 10
480.0
 20
44.94660260809877
 10
480.0
 20
45.19656829100887
 10
480.0
 20
45.446533973918974
 10
480.0
 20
45.696499656829076
 10
480.0
 20
45.94646533973918
 10
480.0
 20
46.19643102264928
 10
480.0
 20
46.44639670555938
 10
480.0
 20
46.696362388469424
 10
480.0
 20
46.94632807137947
 10
480.0
 20
47.19629375428957
 10
480.0
 20
47.44625943719967
 10
480.0
 20
47.69622512010977
 10
480.0
 20
47.946190803019874
 10
480.0
 20
48.196156485929976
 10
480.0
 20
48.44612216884008
 10
480.0
 20
48.69608785175018
 10
480.0
 20
48.94605353466028
 10
480.0
 20
49.19601921757027
 10
480.0
 20
49.44598490048037
 10
480.0
 20
49.69595058339047
 10
480.0
 20
49.94591626630057
 10
480.0
 20
50.19588194921067
 10
480.0
 20
50.445847632120774
 10
480.0
 20
50.695813315030875
 10
480.0
 20
50.94577899794098
 10
480.0
 20
51.19574468085107
 10
480.0
 20
51.44571036376106
 10
480.0
 20
51.695676046671174
 10
480.0
 20
51.945641729581276
 10
480.0
 20
52.19560741249137
 10
480.0
 20
52.44557309540147
 10
480.0
 20
52.69553877831157
 10
480.0
 20
52.945504461221674
 10
480.0
 20
53.195470144131775
 10
480.0
 20
53.44543582704187
 10
480.0
 20
53.695401509951914
 10
480.0
 20
53.94536719286197
 10
480.0
 20
54.195332875772074
 10
480.0
 20
54.44529855868217
 10
480.0
 20
54.69526424159227
 10
480.0
 20
54.94522992450237
 10
480.0
 20
55.19519560741247
 10
480.0
 20
55.445161290322574
 10
480.0
 20
55.69512697323267
 10
480.0
 20
55.94509265614271
 10
480.0
 20
56.19505833905283
 10
480.0
 20
56.44502402196287
 10
480.0
 20
56.69498970487297
 10
480.0
 20
56.94495538778307
 10
480.0
 20
57.19492107069317
 10
480.0
 20
57.44488675360327
 10
480.0
 20
57.69485243651337
 10
480.0
 20
57.94481811942347
 10
480.0
 20
58.19478380233351
 10
480.0
 20
58.44474948524361
 10
480.0
 20
58.69471516815373
 10
480.0
 20
58.94468085106377
 10
480.0
 20
59.19464653397387
 10
480.0
 20
59.44461221688397
 10
480.0
 20
59.69457789979407
 10
480.0
 20
59.94454358270417
 10
480.0
 20
60.19450926561427
 10
480.0
 20
60.44447494852431
 10
480.0
 20
60.69444063143441
 10
480.0
 20
60.944406314344526
 10
480.0
 20
61.19437199725457
 10
480.0
 20
61.444337680164665
 10
480.0
 20
61.694303363074766
 10
480.0
 20
61.94426904598487
 10
480.0
 20
62.19423472889497
 10
480.0
 20
62.44420041180507
 10
480.0
 20
62.694166094715115
 10
480.0
 20
62.94413177762521
 10
480.0
 20
63.194097460535325
 10
480.0
 20
63.444063143445426
 10
480.0
 20
63.69402882635546
 10
480.0
 20
63.943994509265565
 10
480.0
 20
64.19396019217567
 10
480.0
 20
64.44392587508577
 10
480.0
 20
64.69389155799587
 10
480.0
 20
64.94385724090591
 10
480.0
 20
65.19382292381601
 10
480.0
 20
65.44378860672612
 10
480.0
 20
65.69375428963622
 10
480.0
 20
65.94371997254632
 10
480.0
 20
66.19368565545636
 10
480.0
 20
66.44365133836646
 10
480.0
 20
66.69361702127657
 10
480.0
 20
66.94358270418667
 10
480.0
 20
67.19354838709671
 10
480.0
 20
67.44351407000681
 10
480.0
 20
67.69347975291691
 10
480.0
 20
67.94344543582702
 10
480.0
 20
68.19341111873712
 10
480.0
 20
68.44337680164722
 10
480.0
 20
68.69334248455726
 10
480.0
 20
68.94330816746736
 10
480.0
 20
69.19327385037747
 10
480.0
 20
69.44323953328751
 10
480.0
 20
69.69320521619761
 10
480.0
 20
69.94317089910771
 10
480.0
 20
70.19313658201781
 10
480.0
 20
70.44310226492792
 10
480.0
 20
70.69306794783802
 10
480.0
 20
70.94303363074806
 10
480.0
 20
71.19299931365816
 10
480.0
 20
71.44296499656826
 10
480.0
 20
71.69293067947831
 10
480.0
 20
71.94289636238841
 10
480.0
 20
72.19286204529851
 10
480.0
 20
72.44282772820861
 10
480.0
 20
72.69279341111871
 10
480.0
 20
72.94275909402882
 10
480.0
 20
73.19272477693892
 10
480.0
 20
73.44269045984896
 10
480.0
 20
73.69265614275906
 10
480.0
 20
73.94262182566911
 10
480.0
 20
74.19258750857921
 10
480.0
 20
74.44255319148931
 10
480.0
 20
74.69251887439941
 10
480.0
 20
74.94248455730951
 10
480.0
 20
75.19245024021961
 10
480.0
 20
75.44241592312972
 10
480.0
 20
75.69238160603982
 10
480.0
 20
75.94234728894986
 10
480.0
 20
76.1923129718599
 10
480.0
 20
76.44227865477
 10
480.0
 20
76.69224433768011
 10
480.0
 20
76.94221002059021
 10
480.0
 20
77.19217570350031
 10
480.0
 20
77.44214138641041
 10
480.0
 20
77.69210706932051
 10
480.0
 20
77.94207275223062
 10
480.0
 20
78.19203843514072
 10
480.0
 20
78.4420041180507
 10
480.0
 20
78.6919698009608
 10
480.0
 20
78.9419354838709
 10
480.0
 20
79.19190116678101
 10
480.0
 20
79.44186684969111
 10
480.0
 20
79.69183253260121
 10
480.0
 20
79.94179821551131
 10
480.0
 20
80.19176389842141
 10
480.0
 20
80.44172958133151
 10
480.0
 20
80.6916952642415
 10
480.0
 20
80.9416609471516
 10
480.0
 20
81.1916266300617
 10
480.0
 20
81.4415923129718
 10
480.0
 20
81.69155799588191
 10
480.0
 20
81.94152367879201
 10
480.0
 20
82.19148936170211
 10
480.0
 20
82.44145504461221
 10
480.0
 20
82.69142072752231
 10
480.0
 20
82.94138641043241
 10
480.0
 20
83.1913520933424
 10
480.0
 20
83.4413177762525
 10
480.0
 20
83.6912834591626
 10
480.0
 20
83.9412491420727
 10
480.0
 20
84.19121482498281
 10
480.0
 20
84.44118050789291
 10
480.0
 20
84.69114619080301
 10
480.0
 20
84.94111187371311
 10
480.0
 20
85.19107755662321
 10
480.0
 20
85.44104323953326
 10
480.0
 20
85.6910089224433
 10
480.0
 20
85.9409746053534
 10
480.0
 20
86.1909402882635
 10
480.0
 20
86.4409059711736
 10
480.0
 20
86.69087165408371
 10
480.0
 20
86.94083733699381
 10
480.0
 20
87.19080301990391
 10
480.0
 20
87.44076870281401
 10
480.0
 20
87.69073438572406
 10
480.0
 20
87.9407000686341
 10
480.0
 20
88.1906657515442
 10
480.0
 20
88.4406314344543
 10
480.0
 20
88.6905971173644
 10
480.0
 20
88.9405628002745
 10
480.0
 20
89.19052848318461
 10
480.0
 20
89.44049416609471
 10
480.0
 20
89.69045984900481
 10
480.0
 20
89.94042553191485
 10
480.0
 20
90.19039121482496
 10
480.0
 20
90.440356897735
 10
480.0
 20
90.6903225806451
 10
480.0
 20
90.9402882635552
 10
480.0
 20
91.1902539464653
 10
480.0
 20
91.4402196293754
 10
480.0
 20
91.69018531228551
 10
480.0
 20
91.94015099519555
 10
480.0
 20
92.19011667810565
 10
480.0
 20
92.44008236101575
 10
480.0
 20
92.69004804392586
 10
480.0
 20
92.9400137268359
 10
480.0
 20
93.189979409746
 10
480.0
 20
93.4399450926561
 10
480.0
 20
93.6899107755662
 10
480.0
 20
93.9398764584763
 10
480.0
 20
94.18984214138635
 10
480.0
 20
94.43980782429645
 10
480.0
 20
94.68977350720655
 10
480.0
 20
94.93973919011665
 10
480.0
 20
95.18970487302676
 10
480.0
 20
95.4396705559368
 10
480.0
 20
95.6896362388469
 10
480.0
 20
95.939601921757
 10
480.0
 20
96.1895676046671
 10
480.0
 20
96.43953328757715
 10
480.0
 20
96.68949897048725
 10
480.0
 20
96.93946465339735
 10
480.0
 20
97.18943033630745
 10
480.0
 20
97.43939601921755
 10
480.0
 20
97.6893617021276
 10
480.0
 20
97.9393273850377
 10
480.0
 20
98.1892930679478
 10
480.0
 20
98.4392587508579
 10
480.0
 20
98.68922443376795
 10
480.0
 20
98.93919011667805
 10
480.0
 20
99.18915579958815
 10
480.0
 20
99.43912148249825
 10
480.0
 20
99.68908716540835
 10
480.0
 20
99.93905284831845
 10
480.0
 20
100.1890185312285
 10
480.0
 20
100.4389842141386
 10
480.0
 20
100.6889498970487
 10
480.0
 20
100.93891557995875
 10
480.0
 20
101.18888126286885
 10
480.0
 20
101.43884694577893
 10
480.0
 20
101.68881262868905
 10
480.0
 20
101.93877831159917
 10
480.0
 20
102.18874399450925
 10
480.0
 20
102.43870967741935
 10
480.0
 20
102.6886753603294
 10
480.0
 20
102.93864104323949
 10
480.0
 20
103.18860672614953
 10
480.0
 20
103.43857240905965
 10
480.0
 20
103.68853809196973
 10
480.0
 20
103.93850377487985
 10
480.0
 20
104.18846945778996
 10
480.0
 20
104.43843514070005
 10
480.0
 20
104.68840082361015
 10
480.0
 20
104.93836650652025
 10
480.0
 20
105.1883321894303
 10
480.0
 20
105.43829787234033
 10
480.0
 20
105.68826355525044
 10
480.0
 20
105.93822923816053
 10
480.0
 20
106.18819492107065
 10
480.0
 20
106.43816060398076
 10
480.0
 20
106.68812628689085
 10
480.0
 20
106.93809196980095
 10
480.0
 20
107.18805765271105
 10
480.0
 20
107.4380233356211
 10
480.0
 20
107.68798901853113
 10
480.0
 20
107.93795470144124
 10
480.0
 20
108.18792038435133
 10
480.0
 20
108.43788606726145
 10
480.0
 20
108.68785175017156
 10
480.0
 20
108.93781743308165
 10
480.0
 20
109.18778311599176
 10
480.0
 20
109.43774879890185
 10
480.0
 20
109.68771448181195
 10
480.0
 20
109.93768016472194
 10
480.0
 20
110.18764584763204
 10
480.0
 20
110.43761153054213
 10
480.0
 20
110.68757721345224
 10
480.0
 20
110.93754289636236
 10
480.0
 20
111.18750857927245
 10
480.0
 20
111.43747426218256
 10
480.0
 20
111.68743994509265
 10
480.0
 20
111.93740562800275
 10
480.0
 20
112.18737131091284
 10
480.0
 20
112.43733699382284
 10
480.0
 20
112.68730267673293
 10
480.0
 20
112.93726835964304
 10
480.0
 20
113.18723404255316
 10
480.0
 20
113.43719972546324
 10
480.0
 20
113.68716540837336
 10
480.0
 20
113.93713109128345
 10
480.0
 20
114.18709677419355
 10
480.0
 20
114.43706245710364
 10
480.0
 20
114.68702814001368
 10
480.0
 20
114.93699382292372
 10
480.0
 20
115.18695950583384
 10
480.0
 20
115.43692518874396
 10
480.0
 20
115.68689087165404
 10
480.0
 20
115.93685655456416
 10
480.0
 20
116.18682223747425
 10
480.0
 20
116.43678792038435
 10
480.0
 20
116.68675360329445
 10
480.0
 20
116.93671928620448
 10
480.0
 20
117.18668496911452
 10
480.0
 20
117.43665065202464
 10
480.0
 20
117.68661633493473
 10
480.0
 20
117.93658201784484
 10
480.0
 20
118.18654770075496
 10
480.0
 20
118.43651338366504
 10
480.0
 20
118.68647906657515
 10
480.0
 20
118.93644474948525
 10
480.0
 20
119.18641043239528
 10
480.0
 20
119.43637611530539
 10
480.0
 20
119.68634179821544
 10
480.0
 20
119.93630748112552
 10
480.0
 20
120.18627316403564
 10
480.0
 20
120.43623884694576
 10
480.0
 20
120.68620452985584
 10
480.0
 20
120.93617021276594
 10
480.0
 20
121.18613589567605
 10
480.0
 20
121.43610157858609
 10
480.0
 20
121.68606726149619
 10
480.0
 20
121.93603294440628
 10
480.0
 20
122.18599862731632
 10
480.0
 20
122.43596431022644
 10
480.0
 20
122.68592999313655
 10
480.0
 20
122.93589567604664
 10
480.0
 20
123.18586135895674
 10
480.0
 20
123.43582704186684
 10
480.0
 20
123.68579272477689
 10
480.0
 20
123.93575840768699
 10
480.0
 20
124.18572409059708
 10
480.0
 20
124.43568977350712
 10
480.0
 20
124.68565545641724
 10
480.0
 20
124.93562113932735
 10
480.0
 20
125.18558682223744
 10
480.0
 20
125.43555250514756
 10
480.0
 20
125.68551818805764
 10
480.0
 20
125.93548387096769
 10
480.0
 20
126.18544955387779
 10
480.0
 20
126.43541523678788
 10
480.0
 20
126.68538091969799
 10
480.0
 20
126.93534660260804
 10
480.0
 20
127.18531228551815
 10
480.0
 20
127.43527796842824
 10
480.0
 20
127.68524365133835
 10
480.0
 20
127.93520933424844
 10
480.0
 20
128.18517501715849
 10
480.0
 20
128.4351407000686
 10
480.0
 20
128.6851063829787
 10
480.0
 20
128.9350720658888
 10
480.0
 20
129.1850377487989
 10
480.0
 20
129.43500343170894
 10
480.0
 20
129.68496911461904
 10
480.0
 20
129.93493479752914
 10
480.0
 20
130.18490048043924
 10
480.0
 20
130.43486616334928
 10
480.0
 20
130.68483184625939
 10
480.0
 20
130.9347975291695
 10
480.0
 20
131.1847632120796
 10
480.0
 20
131.4347288949897
 10
480.0
 20
131.6846945778998
 10
480.0
 20
131.93466026080984
 10
480.0
 20
132.18462594371994
 10
480.0
 20
132.43459162662998
 10
480.0
 20
132.68455730954008
 10
480.0
 20
132.93452299245018
 10
480.0
 20
133.18448867536029
 10
480.0
 20
133.4344543582704
 10
480.0
 20
133.6844200411805
 10
480.0
 20
133.9343857240906
 10
480.0
 20
134.18435140700063
 10
480.0
 20
134.43431708991073
 10
480.0
 20
134.68428277282078
 10
480.0
 20
134.93424845573088
 10
480.0
 20
135.18421413864098
 10
480.0
 20
135.43417982155108
 10
480.0
 20
135.68414550446118
 10
480.0
 20
135.9341111873713
 10
480.0
 20
136.1840768702814
 10
480.0
 20
136.4340425531915
 10
480.0
 20
136.68400823610153
 10
480.0
 20
136.93397391901158
 10
480.0
 20
137.18393960192168
 10
480.0
 20
137.43390528483178
 10
480.0
 20
137.68387096774188
 10
480.0
 20
137.93383665065198
 10
480.0
 20
138.18380233356208
 10
480.0
 20
138.4337680164722
 10
480.0
 20
138.6837336993823
 10
480.0
 20
138.9336993822924
 10
480.0
 20
139.18366506520238
 10
480.0
 20
139.43363074811248
 10
480.0
 20
139.68359643102258
 10
480.0
 20
139.93356211393268
 10
480.0
 20
140.18352779684278
 10
480.0
 20
140.43349347975288
 10
480.0
 20
140.68345916266298
 10
480.0
 20
140.9334248455731
 10
480.0
 20
141.1833905284832
 10
480.0
 20
141.4333562113933
 10
480.0
 20
141.68332189430328
 10
480.0
 20
141.93328757721338
 10
480.0
 20
142.18325326012348
 10
480.0
 20
142.43321894303358
 10
480.0
 20
142.68318462594368
 10
480.0
 20
142.93315030885378
 10
480.0
 20
143.18311599176388
 10
480.0
 20
143.43308167467399
 10
480.0
 20
143.6830473575841
 10
480.0
 20
143.93301304049407
 10
480.0
 20
144.18297872340418
 10
480.0
 20
144.43294440631428
 10
480.0
 20
144.68291008922438
 10
480.0
 20
144.93287577213448
 10
480.0
 20
145.18284145504458
 10
480.0
 20
145.43280713795468
 10
480.0
 20
145.68277282086478
 10
480.0
 20
145.93273850377489
 10
480.0
 20
146.18270418668493
 10
480.0
 20
146.43266986959497
 10
480.0
 20
146.68263555250508
 10
480.0
 20
146.93260123541518
 10
480.0
 20
147.18256691832528
 10
480.0
 20
147.43253260123538
 10
480.0
 20
147.68249828414548
 10
480.0
 20
147.93246396705558
 10
480.0
 20
148.18242964996568
 10
480.0
 20
148.43239533287573
 10
480.0
 20
148.68236101578583
 10
480.0
 20
148.93232669869587
 10
480.0
 20
149.18229238160598
 10
480.0
 20
149.43225806451608
 10
480.0
 20
149.68222374742618
 10
480.0
 20
149.93218943033628
 10
480.0
 20
150.18215511324638
 10
480.0
 20
150.43212079615648
 10
480.0
 20
150.68208647906653
 10
480.0
 20
150.93205216197663
 10
480.0
 20
151.18201784488673
 10
480.0
 20
151.43198352779677
 10
480.0
 20
151.68194921070688
 10
480.0
 20
151.93191489361698
 10
480.0
 20
152.18188057652708
 10
480.0
 20
152.43184625943718
 10
480.0
 20
152.68181194234728
 10
480.0
 20
152.93177762525733
 10
480.0
 20
153.18174330816743
 10
480.0
 20
153.43170899107753
 10
480.0
 20
153.68167467398757
 10
480.0
 20
153.93164035689767
 10
480.0
 20
154.18160603980778
 10
480.0
 20
154.43157172271788
 10
480.0
 20
154.68153740562798
 10
480.0
 20
154.93150308853808
 10
480.0
 20
155.18146877144812
 10
480.0
 20
155.43143445435823
 10
480.0
 20
155.68140013726833
 10
480.0
 20
155.93136582017843
 10
480.0
 20
156.18133150308847
 10
480.0
 20
156.43129718599857
 10
480.0
 20
156.68126286890868
 10
480.0
 20
156.93122855181878
 10
480.0
 20
157.18119423472888
 10
480.0
 20
157.43115991763892
 10
480.0
 20
157.68112560054902
 10
480.0
 20
157.93109128345912
 10
480.0
 20
158.18105696636923
 10
480.0
 20
158.43102264927933
 10
480.0
 20
158.68098833218937
 10
480.0
 20
158.93095401509947
 10
480.0
 20
159.18091969800957
 10
480.0
 20
159.43088538091968
 10
480.0
 20
159.68085106382972
 10
480.0
 20
159.93081674673982
 10
480.0
 20
160.18078242964992
 10
480.0
 20
160.43074811256002
 10
480.0
 20
160.68071379547013
 10
480.0
 20
160.93067947838023
 10
480.0
 20
161.18064516129027
 10
480.0
 20
161.43061084420037
 10
480.0
 20
161.68057652711047
 10
480.0
 20
161.93054221002052
 10
480.0
 20
162.18050789293062
 10
480.0
 20
162.43047357584072
 10
480.0
 20
162.68043925875082
 10
480.0
 20
162.93040494166092
 10
480.0
 20
163.18037062457103
 10
480.0
 20
163.43033630748107
 10
480.0
 20
163.68030199039117
 10
480.0
 20
163.93026767330127
 10
480.0
 20
164.18023335621132
 10
480.0
 20
164.43019903912142
 10
480.0
 20
164.68016472203152
 10
480.0
 20
164.93013040494162
 10
480.0
 20
165.18009608785172
 10
480.0
 20
165.43006177076182
 10
480.0
 20
165.68002745367193
 10
480.0
 20
165.92999313658197
 10
480.0
 20
166.17995881949207
 10
480.0
 20
166.42992450240212
 10
480.0
 20
166.67989018531222
 10
480.0
 20
166.92985586822232
 10
480.0
 20
167.17982155113242
 10
480.0
 20
167.42978723404252
 10
480.0
 20
167.67975291695262
 10
480.0
 20
167.92971859986272
 10
480.0
 20
168.17968428277277
 10
480.0
 20
168.42964996568287
 10
480.0
 20
168.67961564859297
 10
480.0
 20
168.92958133150307
 10
480.0
 20
169.17954701441317
 10
480.0
 20
169.42951269732328
 10
480.0
 20
169.67947838023326
 10
480.0
 20
169.92944406314336
 10
480.0
 20
170.17940974605347
 10
480.0
 20
170.42937542896357
 10
480.0
 20
170.67934111187367
 10
480.0
 20
170.92930679478377
 10
480.0
 20
171.17927247769387
 10
480.0
 20
171.42923816060397
 10
480.0
 20
171.67920384351407
 10
480.0
 20
171.92916952642406
 10
480.0
 20
172.17913520933416
 10
480.0
 20
172.42910089224426
 10
480.0
 20
172.67906657515437
 10
480.0
 20
172.92903225806447
 10
480.0
 20
173.17899794097457
 10
480.0
 20
173.42896362388467
 10
480.0
 20
173.67892930679477
 10
480.0
 20
173.92889498970487
 10
480.0
 20
174.17886067261486
 10
480.0
 20
174.42882635552496
 10
480.0
 20
174.67879203843506
 10
480.0
 20
174.92875772134516
 10
480.0
 20
175.17872340425527
 10
480.0
 20
175.42868908716537
 10
480.0
 20
175.67865477007547
 10
480.0
 20
175.92862045298557
 10
480.0
 20
176.17858613589567
 10
480.0
 20
176.42855181880566
 10
480.0
 20
176.67851750171576
 10
480.0
 20
176.92848318462586
 10
480.0
 20
177.17844886753596
 10
480.0
 20
177.42841455044606
 10
480.0
 20
177.67838023335617
 10
480.0
 20
177.92834591626627
 10
480.0
 20
178.17831159917637
 10
480.0
 20
178.42827728208647
 10
480.0
 20
178.67824296499646
 10
480.0
 20
178.92820864790656
 10
480.0
 20
179.17817433081666
 10
480.0
 20
179.42814001372676
 10
480.0
 20
179.67810569663686
 10
480.0
 20
179.92807137954696
 10
480.0
 20
180.17803706245707
 10
480.0
 20
180.42800274536717
 10
480.0
 20
180.67796842827727
 10
480.0
 20
180.92793411118726
 10
480.0
 20
181.17789979409736
 10
480.0
 20
181.42786547700746
 10
480.0
 20
181.67783115991756
 10
480.0
 20
181.92779684282766
 10
480.0
 20
182.17776252573776
 10
480.0
 20
182.42772820864786
 10
480.0
 20
182.67769389155796
 10
480.0
 20
182.92765957446807
 10
480.0
 20
183.17762525737805
 10
480.0
 20
183.42759094028816
 10
480.0
 20
183.67755662319826
 10
480.0
 20
183.92752230610836
 10
480.0
 20
184.17748798901846
 10
480.0
 20
184.42745367192856
 10
480.0
 20
184.67741935483866
 10
480.0
 20
184.92738503774876
 10
480.0
 20
185.17735072065886
 10
480.0
 20
185.42731640356885
 10
480.0
 20
185.67728208647895
 10
480.0
 20
185.92724776938906
 10
480.0
 20
186.17721345229916
 10
480.0
 20
186.42717913520926
 10
480.0
 20
186.67714481811936
 10
480.0
 20
186.92711050102946
 10
480.0
 20
187.17707618393956
 10
480.0
 20
187.42704186684966
 10
480.0
 20
187.67700754975976
 10
480.0
 20
187.92697323266975
 10
480.0
 20
188.17693891557985
 10
480.0
 20
188.42690459848995
 10
480.0
 20
188.67687028140006
 10
480.0
 20
188.92683596431016
 10
480.0
 20
189.17680164722026
 10
480.0
 20
189.42676733013036
 10
480.0
 20
189.67673301304046
 10
480.0
 20
189.92669869595056
 10
480.0
 20
190.17666437886055
 10
480.0
 20
190.42663006177065
 10
480.0
 20
190.67659574468075
 10
480.0
 20
190.92656142759085
 10
480.0
 20
191.17652711050096
 10
480.0
 20
191.42649279341106
 10
480.0
 20
191.67645847632116
 10
480.0
 20
191.92642415923126
 10
480.0
 20
192.17638984214136
 10
480.0
 20
192.42635552505146
 10
480.0
 20
192.67632120796145
 10
480.0
 20
192.92628689087155
 10
480.0
 20
193.17625257378165
 10
480.0
 20
193.42621825669175
 10
480.0
 20
193.67618393960186
 10
480.0
 20
193.92614962251196
 10
480.0
 20
194.17611530542206
 10
480.0
 20
194.42608098833216
 10
480.0
 20
194.67604667124226
 10
480.0
 20
194.92601235415236
 10
480.0
 20
195.17597803706235
 10
480.0
 20
195.42594371997245
 10
480.0
 20
195.67590940288255
 10
480.0
 20
195.92587508579265
 10
480.0
 20
196.17584076870276
 10
480.0
 20
196.42580645161286
 10
480.0
 20
196.67577213452296
 10
480.0
 20
196.92573781743306
 10
480.0
 20
197.17570350034316
 10
480.0
 20
197.42566918325326
 10
480.0
 20
197.67563486616325
 10
480.0
 20
197.92560054907335
 10
480.0
 20
198.17556623198345
 10
480.0
 20
198.42553191489355
 10
480.0
 20
198.67549759780366
 10
480.0
 20
198.92546328071376
 10
480.0
 20
199.17542896362386
 10
480.0
 20
199.42539464653396
 10
480.0
 20
199.67536032944406
 10
480.0
 20
199.92532601235405
 10
480.0
 20
200.17529169526415
 10
480.0
 20
200.42525737817425
 10
480.0
 20
200.67522306108435
 10
480.0
 20
200.92518874399445
 10
480.0
 20
201.17515442690456
 10
480.0
 20
201.42512010981466
 10
480.0
 20
201.67508579272476
 10
480.0
 20
201.92505147563486
 10
480.0
 20
202.17501715854496
 10
480.1249828414551
 20
202.3
 10
480.3749485243651
 20
202.3
 10
480.6249142072753
 20
202.3
 10
480.8748798901853
 20
202.3
 10
481.1248455730955
 20
202.3
 10
481.3748112560055
 20
202.3
 10
481.6247769389155
 20
202.3
 10
481.8747426218257
 20
202.3
 10
482.1247083047357
 20
202.3
 10
482.3746739876459
 20
202.3
 10
482.6246396705559
 20
202.3
 10
482.8746053534661
 20
202.3
 10
483.1245710363761
 20
202.3
 10
483.3745367192863
 20
202.3
 10
483.6245024021963
 20
202.3
 10
483.8744680851063
 20
202.3
 10
484.1244337680165
 20
202.3
 10
484.3743994509265
 20
202.3
 10
484.6243651338367
 20
202.3
 10
484.8743308167467
 20
202.3
 10
485.1242964996569
 20
202.3
 10
485.3742621825669
 20
202.3
 10
485.6242278654771
 20
202.3
 10
485.8741935483871
 20
202.3
 10
486.1241592312971
 20
202.3
 10
486.3741249142073
 20
202.3
 10
486.6240905971173
 20
202.3
 10
486.8740562800275
 20
202.3
 10
487.1240219629375
 20
202.3
 10
487.3739876458477
 20
202.3
 10
487.6239533287577
 20
202.3
 10
487.8739190116679
 20
202.3
 10
488.1238846945779
 20
202.3
 10
488.373850377488
 20
202.3
 10
488.6238160603981
 20
202.3
 10
488.8737817433081
 20
202.3
 10
489.1237474262183
 20
202.3
 10
489.3737131091283
 20
202.3
 10
489.6236787920385
 20
202.3
 10
489.8736444749485
 20
202.3
 10
490.1236101578587
 20
202.3
 10
490.3735758407687
 20
202.3
 10
490.6235415236788
 20
202.3
 10
490.8735072065889
 20
202.3
 10
491.1234728894989
 20
202.3
 10
491.3734385724091
 20
202.3
 10
491.6234042553191
 20
202.3
 10
491.8733699382293
 20
202.3
 10
492.1233356211393
 20
202.3
 10
492.3733013040495
 20
202.3
 10
492.6232669869595
 20
202.3
 10
492.8732326698696
 20
202.3
 10
493.1231983527797
 20
202.3
 10
493.3731640356898
 20
202.3
 10
493.6231297185999
 20
202.3
 10
493.8730954015099
 20
202.3
 10
494.1230610844201
 20
202.3
 10
494.3730267673301
 20
202.3
 10
494.6229924502403
 20
202.3
 10
494.8729581331503
 20
202.3
 10
495.1229238160604
 20
202.3
 10
495.3728894989705
 20
202.3
 10
495.6228551818806
 20
202.3
 10
495.8728208647907
 20
202.3
 10
496.1227865477007
 20
202.3
 10
496.3727522306109
 20
202.3
 10
496.6227179135209
 20
202.3
 10
496.8726835964311
 20
202.3
 10
497.1226492793411
 20
202.3
 10
497.3726149622512
 20
202.3
 10
497.6225806451613
 20
202.3
 10
497.8725463280714
 20
202.3
 10
498.1225120109815
 20
202.3
 10
498.3724776938915
 20
202.3
 10
498.6224433768017
 20
202.3
 10
498.8724090597117
 20
202.3
 10
499.1223747426219
 20
202.3
 10
499.3723404255319
 20
202.3
 10
499.622306108442
 20
202.3
 10
499.8722717913521
 20
202.3
 10
500.1222374742622
 20
202.3
 10
500.3722031571723
 20
202.3
 10
500.6221688400824
 20
202.3
 10
500.8721345229925
 20
202.3
 10
501.1221002059025
 20
202.3
 10
501.3720658888127
 20
202.3
 10
501.6220315717227
 20
202.3
 10
501.8719972546328
 20
202.3
 10
502.1219629375429
 20
202.3
 10
502.371928620453
 20
202.3
 10
502.6218943033631
 20
202.3
 10
502.8718599862732
 20
202.3
 10
503.1218256691833
 20
202.3
 10
503.3717913520933
 20
202.3
 10
503.6217570350035
 20
202.3
 10
503.8717227179135
 20
202.3
 10
504.1216884008236
 20
202.3
 10
504.3716540837337
 20
202.3
 10
504.6216197666438
 20
202.3
 10
504.8715854495539
 20
202.3
 10
505.121551132464
 20
202.3
 10
505.3715168153741
 20
202.3
 10
505.6214824982841
 20
202.3
 10
505.8714481811943
 20
202.3
 10
506.1214138641043
 20
202.3
 10
506.3713795470144
 20
202.3
 10
506.6213452299245
 20
202.3
 10
506.8713109128346
 20
202.3
 10
507.1212765957447
 20
202.3
 10
507.3712422786548
 20
202.3
 10
507.6212079615649
 20
202.3
 10
507.871173644475
 20
202.3
 10
508.1211393273851
 20
202.3
 10
508.3711050102951
 20
202.3
 10
508.6210706932052
 20
202.3
 10
508.8710363761153
 20
202.3
 10
509.1210020590254
 20
202.3
 10
509.3709677419355
 20
202.3
 10
509.6209334248456
 20
202.3
 10
509.8708991077557
 20
202.3
 10
510.1208647906658
 20
202.3
 10
510.3708304735759
 20
202.3
 10
510.6207961564859
 20
202.3
 10
510.870761839396
 20
202.3
 10
511.1207275223061
 20
202.3
 10
511.3706932052162
 20
202.3
 10
511.6206588881263
 20
202.3
 10
511.8706245710364
 20
202.3
 10
512.1205902539465
 20
202.3
 10
512.3705559368566
 20
202.3
 10
512.6205216197667
 20
202.3
 10
512.8704873026767
 20
202.3
 10
513.1204529855868
 20
202.3
 10
513.3704186684969
 20
202.3
 10
513.620384351407
 20
202.3
 10
513.8703500343171
 20
202.3
 10
514.1203157172272
 20
202.3
 10
514.3702814001373
 20
202.3
 10
514.6202470830474
 20
202.3
 10
514.8702127659575
 20
202.3
 10
515.1201784488676
 20
202.3
 10
515.3701441317776
 20
202.3
 10
515.6201098146877
 20
202.3
 10
515.8700754975978
 20
202.3
 10
516.1200411805079
 20
202.3
 10
516.370006863418
 20
202.3
 10
516.6199725463281
 20
202.3
 10
516.8699382292382
 20
202.3
 10
517.1199039121483
 20
202.3
 10
517.3698695950584
 20
202.3
 10
517.6198352779684
 20
202.3
 10
517.8698009608785
 20
202.3
 10
518.1197666437886
 20
202.3
 10
518.3697323266987
 20
202.3
 10
518.6196980096088
 20
202.3
 10
518.8696636925189
 20
202.3
 10
519.119629375429
 20
202.3
 10
519.3695950583391
 20
202.3
 10
519.6195607412492
 20
202.3
 10
519.8695264241592
 20
202.3
 10
520.1194921070694
 20
202.3
 10
520.3694577899794
 20
202.3
 10
520.6194234728895
 20
202.3
 10
520.8693891557996
 20
202.3
 10
521.1193548387097
 20
202.3
 10
521.3693205216198
 20
202.3
 10
521.6192862045298
 20
202.3
 10
521.86925188744
 20
202.3
 10
522.11921757035
 20
202.3
 10
522.3691832532602
 20
202.3
 10
522.6191489361702
 20
202.3
 10
522.8691146190803
 20
202.3
 10
523.1190803019904
 20
202.3
 10
523.3690459849005
 20
202.3
 10
523.6190116678106
 20
202.3
 10
523.8689773507206
 20
202.3
 10
524.1189430336308
 20
202.3
 10
524.3689087165408
 20
202.3
 10
524.618874399451
 20
202.3
 10
524.868840082361
 20
202.3
 10
525.1188057652711
 20
202.3
 10
525.3687714481812
 20
202.3
 10
525.6187371310913
 20
202.3
 10
525.8687028140014
 20
202.3
 10
526.1186684969114
 20
202.3
 10
526.3686341798216
 20
202.3
 10
526.6185998627316
 20
202.3
 10
526.8685655456418
 20
202.3
 10
527.1185312285518
 20
202.3
 10
527.368496911462
 20
202.3
 10
527.618462594372
 20
202.3
 10
527.8684282772821
 20
202.3
 10
528.1183939601922
 20
202.3
 10
528.3683596431022
 20
202.3
 10
528.6183253260124
 20
202.3
 10
528.8682910089224
 20
202.3
 10
529.1182566918326
 20
202.3
 10
529.3682223747426
 20
202.3
 10
529.6181880576528
 20
202.3
 10
529.8681537405628
 20
202.3
 10
530.1181194234729
 20
202.3
 10
530.368085106383
 20
202.3
 10
530.618050789293
 20
202.3
 10
530.8680164722032
 20
202.3
 10
531.1179821551132
 20
202.3
 10
531.3679478380234
 20
202.3
 10
531.6179135209334
 20
202.3
 10
531.8678792038436
 20
202.3
 10
532.1178448867536
 20
202.3
 10
532.3678105696637
 20
202.3
 10
532.6177762525738
 20
202.3
 10
532.8677419354838
 20
202.3
 10
533.117707618394
 20
202.3
 10
533.367673301304
 20
202.3
 10
533.6176389842142
 20
202.3
 10
533.8676046671242
 20
202.3
 10
534.1175703500344
 20
202.3
 10
534.3675360329444
 20
202.3
 10
534.6175017158546
 20
202.3
 10
534.8674673987646
 20
202.3
 10
535.1174330816746
 20
202.3
 10
535.3673987645848
 20
202.3
 10
535.6173644474948
 20
202.3
 10
535.867330130405
 20
202.3
 10
536.117295813315
 20
202.3
 10
536.3672614962252
 20
202.3
 10
536.6172271791352
 20
202.3
 10
536.8671928620454
 20
202.3
 10
537.1171585449554
 20
202.3
 10
537.3671242278654
 20
202.3
 10
537.6170899107756
 20
202.3
 10
537.8670555936856
 20
202.3
 10
538.1170212765958
 20
202.3
 10
538.3669869595058
 20
202.3
 10
538.616952642416
 20
202.3
 10
538.866918325326
 20
202.3
 10
539.1168840082362
 20
202.3
 10
539.3668496911462
 20
202.3
 10
539.6168153740564
 20
202.3
 10
539.8667810569664
 20
202.3
 10
540.1167467398764
 20
202.3
 10
540.3667124227866
 20
202.3
 10
540.6166781056966
 20
202.3
 10
540.8666437886068
 20
202.3
 10
541.1166094715168
 20
202.3
 10
541.366575154427
 20
202.3
 10
541.616540837337
 20
202.3
 10
541.8665065202472
 20
202.3
 10
542.1164722031572
 20
202.3
 10
542.3664378860672
 20
202.3
 10
542.6164035689774
 20
202.3
 10
542.8663692518874
 20
202.3
 10
543.1163349347976
 20
202.3
 10
543.3663006177076
 20
202.3
 10
543.6162663006178
 20
202.3
 10
543.8662319835278
 20
202.3
 10
544.116197666438
 20
202.3
 10
544.366163349348
 20
202.3
 10
544.616129032258
 20
202.3
 10
544.8660947151682
 20
202.3
 10
545.1160603980782
 20
202.3
 10
545.3660260809884
 20
202.3
 10
545.6159917638984
 20
202.3
 10
545.8659574468086
 20
202.3
 10
546.1159231297186
 20
202.3
 10
546.3658888126288
 20
202.3
 10
546.6158544955388
 20
202.3
 10
546.8658201784489
 20
202.3
 10
547.115785861359
 20
202.3
 10
547.365751544269
 20
202.3
 10
547.6157172271792
 20
202.3
 10
547.8656829100892
 20
202.3
 10
548.1156485929994
 20
202.3
 10
548.3656142759094
 20
202.3
 10
548.6155799588196
 20
202.3
 10
548.8655456417296
 20
202.3
 10
549.1155113246397
 20
202.3
 10
549.3654770075498
 20
202.3
 10
549.6154426904598
 20
202.3
 10
549.86540837337
 20
202.3
 10
550.11537405628
 20
202.3
 10
550.3653397391902
 20
202.3
 10
550.6153054221002
 20
202.3
 10
550.8652711050104
 20
202.3
 10
551.1152367879204
 20
202.3
 10
551.3652024708305
 20
202.3
 10
551.6151681537406
 20
202.3
 10
551.8651338366506
 20
202.3
 10
552.1150995195608
 20
202.3
 10
552.3650652024708
 20
202.3
 10
552.615030885381
 20
202.3
 10
552.864996568291
 20
202.3
 10
553.1149622512012
 20
202.3
 10
553.3649279341112
 20
202.3
 10
553.6148936170213
 20
202.3
 10
553.8648592999314
 20
202.3
 10
554.1148249828415
 20
202.3
 10
554.3647906657516
 20
202.3
 10
554.6147563486616
 20
202.3
 10
554.8647220315718
 20
202.3
 10
555.1146877144818
 20
202.3
 10
555.364653397392
 20
202.3
 10
555.614619080302
 20
202.3
 10
555.8645847632121
 20
202.3
 10
556.1145504461222
 20
202.3
 10
556.3645161290323
 20
202.3
 10
556.6144818119424
 20
202.3
 10
556.8644474948524
 20
202.3
 10
557.1144131777626
 20
202.3
 10
557.3643788606726
 20
202.3
 10
557.6143445435828
 20
202.3
 10
557.8643102264928
 20
202.3
 10
558.1142759094029
 20
202.3
 10
558.364241592313
 20
202.3
 10
558.6142072752231
 20
202.3
 10
558.8641729581332
 20
202.3
 10
559.1141386410432
 20
202.3
 10
559.3641043239534
 20
202.3
 10
559.6140700068634
 20
202.3
 10
559.8640356897736
 20
202.3
 10
560.1140013726836
 20
202.3
 10
560.3639670555937
 20
202.3
 10
560.6139327385038
 20
202.3
 10
560.8638984214139
 20
202.3
 10
561.113864104324
 20
202.3
 10
561.3638297872341
 20
202.3
 10
561.6137954701442
 20
202.3
 10
561.8637611530542
 20
202.3
 10
562.1137268359644
 20
202.3
 10
562.3636925188744
 20
202.3
 10
562.6136582017845
 20
202.3
 10
562.8636238846946
 20
202.3
 10
563.1135895676047
 20
202.3
 10
563.3635552505148
 20
202.3
 10
563.6135209334249
 20
202.3
 10
563.863486616335
 20
202.3
 10
564.113452299245
 20
202.3
 10
564.3634179821552
 20
202.3
 10
564.6133836650652
 20
202.3
 10
564.8633493479753
 20
202.3
 10
565.1133150308854
 20
202.3
 10
565.3632807137955
 20
202.3
 10
565.6132463967056
 20
202.3
 10
565.8632120796157
 20
202.3
 10
566.1131777625258
 20
202.3
 10
566.3631434454359
 20
202.3
 10
566.613109128346
 20
202.3
 10
566.863074811256
 20
202.3
 10
567.1130404941661
 20
202.3
 10
567.3630061770762
 20
202.3
 10
567.6129718599863
 20
202.3
 10
567.8629375428964
 20
202.3
 10
568.1129032258065
 20
202.3
 10
568.3628689087166
 20
202.3
 10
568.6128345916267
 20
202.3
 10
568.8628002745368
 20
202.3
 10
569.1127659574468
 20
202.3
 10
569.3627316403569
 20
202.3
 10
569.612697323267
 20
202.3
 10
569.8626630061771
 20
202.3
 10
570.1126286890872
 20
202.3
 10
570.3625943719973
 20
202.3
 10
570.6125600549074
 20
202.3
 10
570.8625257378175
 20
202.3
 10
571.1124914207276
 20
202.3
 10
571.3624571036376
 20
202.3
 10
571.6124227865477
 20
202.3
 10
571.8623884694578
 20
202.3
 10
572.1123541523679
 20
202.3
 10
572.362319835278
 20
202.3
 10
572.6122855181881
 20
202.3
 10
572.8622512010982
 20
202.3
 10
573.1122168840083
 20
202.3
 10
573.3621825669184
 20
202.3
 10
573.6121482498285
 20
202.3
 10
573.8621139327385
 20
202.3
 10
574.1120796156486
 20
202.3
 10
574.3620452985587
 20
202.3
 10
574.6120109814688
 20
202.3
 10
574.8619766643789
 20
202.3
 10
575.111942347289
 20
202.3
 10
575.3619080301991
 20
202.3
 10
575.6118737131092
 20
202.3
 10
575.8618393960193
 20
202.3
 10
576.1118050789293
 20
202.3
 10
576.3617707618394
 20
202.3
 10
576.6117364447495
 20
202.3
 10
576.8617021276596
 20
202.3
 10
577.1116678105697
 20
202.3
 10
577.3616334934798
 20
202.3
 10
577.6115991763899
 20
202.3
 10
577.8615648593
 20
202.3
 10
578.1115305422101
 20
202.3
 10
578.36149622512
 20
202.3
 10
578.6114619080302
 20
202.3
 10
578.8614275909403
 20
202.3
 10
579.1113932738504
 20
202.3
 10
579.3613589567605
 20
202.3
 10
579.6113246396706
 20
202.3
 10
579.8612903225807
 20
202.3
 10
580.1112560054908
 20
202.3
 10
580.3612216884009
 20
202.3
 10
580.6111873713108
 20
202.3
 10
580.8611530542211
 20
202.3
 10
581.111118737131
 20
202.3
 10
581.3610844200412
 20
202.3
 10
581.6110501029513
 20
202.3
 10
581.8610157858614
 20
202.3
 10
582.1109814687715
 20
202.3
 10
582.3609471516816
 20
202.3
 10
582.6109128345917
 20
202.3
 10
582.8608785175016
 20
202.3
 10
583.1108442004119
 20
202.3
 10
583.3608098833218
 20
202.3
 10
583.610775566232
 20
202.3
 10
583.860741249142
 20
202.3
 10
584.1107069320522
 20
202.3
 10
584.3606726149623
 20
202.3
 10
584.6106382978724
 20
202.3
 10
584.8606039807825
 20
202.3
 10
585.1105696636924
 20
202.3
 10
585.3605353466027
 20
202.3
 10
585.6105010295126
 20
202.3
 10
585.8604667124227
 20
202.3
 10
586.1104323953329
 20
202.3
 10
586.360398078243
 20
202.3
 10
586.610363761153
 20
202.3
 10
586.8603294440632
 20
202.3
 10
587.1102951269733
 20
202.3
 10
587.3602608098832
 20
202.3
 10
587.6102264927935
 20
202.3
 10
587.8601921757034
 20
202.3
 10
588.1101578586137
 20
202.3
 10
588.3601235415236
 20
202.3
 10
588.6100892244338
 20
202.3
 10
588.8600549073439
 20
202.3
 10
589.110020590254
 20
202.3
 10
589.359986273164
 20
202.3
 10
589.609951956074
 20
202.3
 10
589.8599176389843
 20
202.3
 10
590.1098833218942
 20
202.3
 10
590.3598490048045
 20
202.3
 10
590.6098146877144
 20
202.3
 10
590.8597803706245
 20
202.3
 10
591.1097460535346
 20
202.3
 10
591.3597117364448
 20
202.3
 10
591.6096774193549
 20
202.3
 10
591.8596431022648
 20
202.3
 10
592.109608785175
 20
202.3
 10
592.359574468085
 20
202.3
 10
592.6095401509953
 20
202.3
 10
592.8595058339052
 20
202.3
 10
593.1094715168155
 20
202.3
 10
593.3594371997254
 20
202.3
 10
593.6094028826355
 20
202.3
 10
593.8593685655457
 20
202.3
 10
594.1093342484556
 20
202.3
 10
594.3592999313659
 20
202.3
 10
594.6092656142758
 20
202.3
 10
594.859231297186
 20
202.3
 10
595.109196980096
 20
202.3
 10
595.3591626630063
 20
202.3
 10
595.6091283459162
 20
202.3
 10
595.8590940288263
 20
202.3
 10
596.1090597117364
 20
202.3
 10
596.3590253946464
 20
202.3
 10
596.6089910775567
 20
202.3
 10
596.8589567604666
 20
202.3
 10
597.1089224433769
 20
202.3
 10
597.3588881262868
 20
202.3
 10
597.6088538091971
 20
202.3
 10
597.858819492107
 20
202.3
 10
598.1087851750171
 20
202.3
 10
598.3587508579272
 20
202.3
 10
598.6087165408372
 20
202.3
 10
598.8586822237475
 20
202.3
 10
599.1086479066574
 20
202.3
 10
599.3586135895677
 20
202.3
 10
599.6085792724776
 20
202.3
 10
599.8585449553879
 20
202.3
 10
600.1085106382978
 20
202.3
 10
600.3584763212081
 20
202.3
 10
600.608442004118
 20
202.3
 10
600.858407687028
 20
202.3
 10
601.1083733699382
 20
202.3
 10
601.3583390528482
 20
202.3
 10
601.6083047357585
 20
202.3
 10
601.8582704186684
 20
202.3
 10
602.1082361015787
 20
202.3
 10
602.3582017844886
 20
202.3
 10
602.6081674673989
 20
202.3
 10
602.8581331503088
 20
202.3
 10
603.1080988332188
 20
202.3
 10
603.358064516129
 20
202.3
 10
603.608030199039
 20
202.3
 10
603.8579958819493
 20
202.3
 10
604.1079615648592
 20
202.3
 10
604.3579272477695
 20
202.3
 10
604.6078929306794
 20
202.3
 10
604.8578586135897
 20
202.3
 10
605.1078242964996
 20
202.3
 10
605.3577899794096
 20
202.3
 10
605.6077556623198
 20
202.3
 10
605.8577213452298
 20
202.3
 10
606.10768702814
 20
202.3
 10
606.35765271105
 20
202.3
 10
606.6076183939603
 20
202.3
 10
606.8575840768702
 20
202.3
 10
607.1075497597805
 20
202.3
 10
607.3575154426904
 20
202.3
 10
607.6074811256005
 20
202.3
 10
607.8574468085106
 20
202.3
 10
608.1074124914206
 20
202.3
 10
608.3573781743308
 20
202.3
 10
608.6073438572408
 20
202.3
 10
608.857309540151
 20
202.3
 10
609.107275223061
 20
202.3
 10
609.3572409059713
 20
202.3
 10
609.6072065888812
 20
202.3
 10
609.8571722717913
 20
202.3
 10
610.1071379547014
 20
202.3
 10
610.3571036376114
 20
202.3
 10
610.6070693205216
 20
202.3
 10
610.8570350034316
 20
202.3
 10
611.1070006863418
 20
202.3
 10
611.3569663692518
 20
202.3
 10
611.606932052162
 20
202.3
 10
611.856897735072
 20
202.3
 10
612.1068634179821
 20
202.3
 10
612.3568291008922
 20
202.3
 10
612.6067947838023
 20
202.3
 10
612.8567604667124
 20
202.3
 10
613.1067261496224
 20
202.3
 10
613.3566918325326
 20
202.3
 10
613.6066575154426
 20
202.3
 10
613.8566231983528
 20
202.3
 10
614.1065888812628
 20
202.3
 10
614.3565545641729
 20
202.3
 10
614.606520247083
 20
202.3
 10
614.8564859299931
 20
202.3
 10
615.1064516129032
 20
202.3
 10
615.3564172958132
 20
202.3
 10
615.6063829787234
 20
202.3
 10
615.8563486616334
 20
202.3
 10
616.1063143445436
 20
202.3
 10
616.3562800274536
 20
202.3
 10
616.6062457103637
 20
202.3
 10
616.8562113932738
 20
202.3
 10
617.1061770761839
 20
202.3
 10
617.356142759094
 20
202.3
 10
617.606108442004
 20
202.3
 10
617.8560741249142
 20
202.3
 10
618.1060398078242
 20
202.3
 10
618.3560054907344
 20
202.3
 10
618.6059711736444
 20
202.3
 10
618.8559368565545
 20
202.3
 10
619.1059025394646
 20
202.3
 10
619.3558682223747
 20
202.3
 10
619.6058339052848
 20
202.3
 10
619.8557995881949
 20
202.3
 10
620.105765271105
 20
202.3
 10
620.355730954015
 20
202.3
 10
620.6056966369252
 20
202.3
 10
620.8556623198352
 20
202.3
 10
621.1056280027453
 20
202.3
 10
621.3555936856554
 20
202.3
 10
621.6055593685655
 20
202.3
 10
621.8555250514756
 20
202.3
 10
622.1054907343857
 20
202.3
 10
622.3554564172958
 20
202.3
 10
622.6054221002058
 20
202.3
 10
622.855387783116
 20
202.3
 10
623.105353466026
 20
202.3
 10
623.3553191489361
 20
202.3
 10
623.6052848318462
 20
202.3
 10
623.8552505147563
 20
202.3
 10
624.1052161976664
 20
202.3
 10
624.3551818805765
 20
202.3
 10
624.6051475634866
 20
202.3
 10
624.8551132463966
 20
202.3
 10
625.1050789293068
 20
202.3
 10
625.3550446122168
 20
202.3
 10
625.6050102951269
 20
202.3
 10
625.854975978037
 20
202.3
 10
626.1049416609471
 20
202.3
 10
626.3549073438572
 20
202.3
 10
626.6048730267673
 20
202.3
 10
626.8548387096774
 20
202.3
 10
627.1048043925875
 20
202.3
 10
627.3547700754976
 20
202.3
 10
627.6047357584076
 20
202.3
 10
627.8547014413177
 20
202.3
 10
628.1046671242278
 20
202.3
 10
628.3546328071379
 20
202.3
 10
628.604598490048
 20
202.3
 10
628.8545641729581
 20
202.3
 10
629.1045298558682
 20
202.3
 10
629.3544955387783
 20
202.3
 10
629.6044612216884
 20
202.3
 10
629.8544269045984
 20
202.3
 10
630.1043925875085
 20
202.3
 10
630.3543582704186
 20
202.3
 10
630.6043239533287
 20
202.3
 10
630.8542896362388
 20
202.3
 10
631.1042553191489
 20
202.3
 10
631.354221002059
 20
202.3
 10
631.6041866849691
 20
202.3
 10
631.8541523678792
 20
202.3
 10
632.1041180507892
 20
202.3
 10
632.3540837336993
 20
202.3
 10
632.6040494166094
 20
202.3
 10
632.8540150995195
 20
202.3
 10
633.1039807824296
 20
202.3
 10
633.3539464653397
 20
202.3
 10
633.6039121482498
 20
202.3
 10
633.8538778311599
 20
202.3
 10
634.10384351407
 20
202.3
 10
634.3538091969801
 20
202.3
 10
634.6037748798901
 20
202.3
 10
634.8537405628002
 20
202.3
 10
635.1037062457103
 20
202.3
 10
635.3536719286204
 20
202.3
 10
635.6036376115305
 20
202.3
 10
635.8536032944406
 20
202.3
 10
636.1035689773507
 20
202.3
 10
636.3535346602608
 20
202.3
 10
636.6035003431709
 20
202.3
 10
636.8534660260809
 20
202.3
 10
637.103431708991
 20
202.3
 10
637.3533973919011
 20
202.3
 10
637.6033630748112
 20
202.3
 10
637.8533287577213
 20
202.3
 10
638.1032944406314
 20
202.3
 10
638.3532601235415
 20
202.3
 10
638.6032258064516
 20
202.3
 10
638.8531914893617
 20
202.3
 10
639.1031571722717
 20
202.3
 10
639.3531228551819
 20
202.3
 10
639.6030885380919
 20
202.3
 10
639.853054221002
 20
202.3
 10
640.1030199039121
 20
202.3
 10
640.3529855868222
 20
202.3
 10
640.6029512697323
 20
202.3
 10
640.8529169526424
 20
202.3
 10
641.1028826355525
 20
202.3
 10
641.3528483184625
 20
202.3
 10
641.6028140013727
 20
202.3
 10
641.8527796842827
 20
202.3
 10
642.1027453671928
 20
202.3
 10
642.3527110501029
 20
202.3
 10
642.602676733013
 20
202.3
 10
642.8526424159231
 20
202.3
 10
643.1026080988332
 20
202.3
 10
643.3525737817433
 20
202.3
 10
643.6025394646533
 20
202.3
 10
643.8525051475635
 20
202.3
 10
644.1024708304735
 20
202.3
 10
644.3524365133836
 20
202.3
 10
644.6024021962937
 20
202.3
 10
644.8523678792038
 20
202.3
 10
645.1023335621139
 20
202.3
 10
645.352299245024
 20
202.3
 10
645.6022649279341
 20
202.3
 10
645.8522306108441
 20
202.3
 10
646.1021962937543
 20
202.3
 10
646.3521619766643
 20
202.3
 10
646.6021276595745
 20
202.3
 10
646.8520933424845
 20
202.3
 10
647.1020590253946
 20
202.3
 10
647.3520247083047
 20
202.3
 10
647.6019903912148
 20
202.3
 10
647.8519560741249
 20
202.3
 10
648.1019217570349
 20
202.3
 10
648.3518874399451
 20
202.3
 10
648.6018531228551
 20
202.3
 10
648.8518188057653
 20
202.3
 10
649.1017844886753
 20
202.3
 10
649.3517501715854
 20
202.3
 10
649.6017158544955
 20
202.3
 10
649.8516815374056
 20
202.3
 10
650.1016472203157
 20
202.3
 10
650.3516129032257
 20
202.3
 10
650.6015785861359
 20
202.3
 10
650.8515442690459
 20
202.3
 10
651.1015099519561
 20
202.3
 10
651.3514756348661
 20
202.3
 10
651.6014413177762
 20
202.3
 10
651.8514070006863
 20
202.3
 10
652.1013726835964
 20
202.3
 10
652.3513383665065
 20
202.3
 10
652.6013040494165
 20
202.3
 10
652.8512697323267
 20
202.3
 10
653.1012354152367
 20
202.3
 10
653.3512010981469
 20
202.3
 10
653.6011667810569
 20
202.3
 10
653.8511324639671
 20
202.3
 10
654.1010981468771
 20
202.3
 10
654.3510638297872
 20
202.3
 10
654.6010295126973
 20
202.3
 10
654.8509951956073
 20
202.3
 10
655.1009608785175
 20
202.3
 10
655.3509265614275
 20
202.3
 10
655.6008922443377
 20
202.3
 10
655.8508579272477
 20
202.3
 10
656.1008236101579
 20
202.3
 10
656.3507892930679
 20
202.3
 10
656.600754975978
 20
202.3
 10
656.8507206588881
 20
202.3
 10
657.1006863417981
 20
202.3
 10
657.3506520247083
 20
202.3
 10
657.6006177076183
 20
202.3
 10
657.8505833905285
 20
202.3
 10
658.1005490734385
 20
202.3
 10
658.3505147563487
 20
202.3
 10
658.6004804392587
 20
202.3
 10
658.8504461221689
 20
202.3
 10
659.1004118050789
 20
202.3
 10
659.3503774879889
 20
202.3
 10
659.6003431708991
 20
202.3
 10
659.8503088538091
 20
202.3
 10
660.1002745367193
 20
202.3
 10
660.3502402196293
 20
202.3
 10
660.6002059025395
 20
202.3
 10
660.8501715854495
 20
202.3
 10
661.1001372683597
 20
202.3
 10
661.3501029512697
 20
202.3
 10
661.6000686341797
 20
202.3
 10
661.8500343170899
 20
202.3
 10
662.0999999999999
 20
202.3
 10
662.3499656829101
 20
202.3
 10
662.5999313658201
 20
202.3
 10
662.8498970487303
 20
202.3
 10
663.0998627316403
 20
202.3
 10
663.3498284145505
 20
202.3
 10
663.5997940974605
 20
202.3
 10
663.8497597803705
 20
202.3
 10
664.0997254632807
 20
202.3
 10
664.3496911461907
 20
202.3
 10
664.5996568291009
 20
202.3
 10
664.8496225120109
 20
202.3
 10
665.0995881949211
 20
202.3
 10
665.3495538778311
 20
202.3
 10
665.5995195607413
 20
202.3
 10
665.8494852436513
 20
202.3
 10
666.0994509265614
 20
202.3
 10
666.3494166094715
 20
202.3
 10
666.5993822923815
 20
202.3
 10
666.8493479752917
 20
202.3
 10
667.0993136582017
 20
202.3
 10
667.3492793411119
 20
202.3
 10
667.5992450240219
 20
202.3
 10
667.8492107069321
 20
202.3
 10
668.0991763898421
 20
202.3
 10
668.3491420727522
 20
202.3
 10
668.5991077556623
 20
202.3
 10
668.8490734385723
 20
202.3
 10
669.0990391214825
 20
202.3
 10
669.3490048043925
 20
202.3
 10
669.5989704873027
 20
202.3
 10
669.8489361702127
 20
202.3
 10
670.0989018531229
 20
202.3
 10
670.3488675360329
 20
202.3
 10
670.598833218943
 20
202.3
 10
670.8487989018531
 20
202.3
 10
671.0987645847631
 20
202.3
 10
671.3487302676733
 20
202.3
 10
671.5986959505833
 20
202.3
 10
671.8486616334935
 20
202.3
 10
672.0986273164035
 20
202.3
 10
672.3485929993137
 20
202.3
 10
672.5985586822237
 20
202.3
 10
672.8485243651338
 20
202.3
 10
673.0984900480439
 20
202.3
 10
673.348455730954
 20
202.3
 10
673.5984214138641
 20
202.3
 10
673.8483870967741
 20
202.3
 10
674.0983527796843
 20
202.3
 10
674.3483184625943
 20
202.3
 10
674.5982841455045
 20
202.3
 10
674.8482498284145
 20
202.3
 10
675.0982155113246
 20
202.3
 10
675.3481811942347
 20
202.3
 10
675.5981468771448
 20
202.3
 10
675.8481125600549
 20
202.3
 10
676.0980782429649
 20
202.3
 10
676.3480439258751
 20
202.3
 10
676.5980096087851
 20
202.3
 10
676.8479752916953
 20
202.3
 10
677.0979409746053
 20
202.3
 10
677.3479066575154
 20
202.3
 10
677.5978723404255
 20
202.3
 10
677.8478380233356
 20
202.3
 10
678.0978037062457
 20
202.3
 10
678.3477693891557
 20
202.3
 10
678.5977350720659
 20
202.3
 10
678.8477007549759
 20
202.3
 10
679.0976664378861
 20
202.3
 10
679.3476321207961
 20
202.3
 10
679.5975978037062
 20
202.3
 10
679.8475634866163
 20
202.3
 10
680.0975291695264
 20
202.3
 10
680.3474948524365
 20
202.3
 10
680.5974605353466
 20
202.3
 10
680.8474262182567
 20
202.3
 10
681.0973919011667
 20
202.3
 10
681.3473575840769
 20
202.3
 10
681.5973232669869
 20
202.3
 10
681.847288949897
 20
202.3
 10
682.0972546328071
 20
202.3
 10
682.3472203157172
 20
202.3
 10
682.5971859986273
 20
202.3
 10
682.8471516815374
 20
202.3
 10
683.0971173644475
 20
202.3
 10
683.3470830473575
 20
202.3
 10
683.5970487302677
 20
202.3
 10
683.8470144131777
 20
202.3
 10
684.0969800960878
 20
202.3
 10
684.3469457789979
 20
202.3
 10
684.596911461908
 20
202.3
 10
684.8468771448181
 20
202.3
 10
685.0968428277282
 20
202.3
 10
685.3468085106383
 20
202.3
 10
685.5967741935484
 20
202.3
 10
685.8467398764585
 20
202.3
 10
686.0967055593685
 20
202.3
 10
686.3466712422786
 20
202.3
 10
686.5966369251887
 20
202.3
 10
686.8466026080988
 20
202.3
 10
687.0965682910089
 20
202.3
 10
687.346533973919
 20
202.3
 10
687.5964996568291
 20
202.3
 10
687.8464653397392
 20
202.3
 10
688.0964310226493
 20
202.3
 10
688.3463967055593
 20
202.3
 10
688.5963623884694
 20
202.3
 10
688.8463280713795
 20
202.3
 10
689.0962937542896
 20
202.3
 10
689.3462594371997
 20
202.3
 10
689.5962251201098
 20
202.3
 10
689.8461908030199
 20
202.3
 10
690.09615648593
 20
202.3
 10
690.3461221688401
 20
202.3
 10
690.5960878517501
 20
202.3
 10
690.8460535346602
 20
202.3
 10
691.0960192175703
 20
202.3
 10
691.3459849004804
 20
202.3
 10
691.5959505833905
 20
202.3
 10
691.8459162663006
 20
202.3
 10
692.0958819492107
 20
202.3
 10
692.3458476321208
 20
202.3
 10
692.5958133150309
 20
202.3
 10
692.845778997941
 20
202.3
 10
693.095744680851
 20
202.3
 10
693.3457103637611
 20
202.3
 10
693.5956760466712
 20
202.3
 10
693.8456417295813
 20
202.3
 10
694.0956074124914
 20
202.3
 10
694.3455730954015
 20
202.3
 10
694.5955387783116
 20
202.3
 10
694.8455044612217
 20
202.3
 10
695.0954701441318
 20
202.3
 10
695.3454358270418
 20
202.3
 10
695.5954015099519
 20
202.3
 10
695.845367192862
 20
202.3
 10
696.0953328757721
 20
202.3
 10
696.3452985586822
 20
202.3
 10
696.5952642415923
 20
202.3
 10
696.8452299245024
 20
202.3
 10
697.0951956074125
 20
202.3
 10
697.3451612903226
 20
202.3
 10
697.5951269732326
 20
202.3
 10
697.8450926561427
 20
202.3
 10
698.0950583390528
 20
202.3
 10
698.3450240219629
 20
202.3
 10
698.594989704873
 20
202.3
 10
698.8449553877831
 20
202.3
 10
699.0949210706932
 20
202.3
 10
699.3448867536033
 20
202.3
 10
699.5948524365134
 20
202.3
 10
699.8448181194234
 20
202.3
 10
700.0947838023336
 20
202.3
 10
700.3447494852436
 20
202.3
 10
700.5947151681537
 20
202.3
 10
700.8446808510638
 20
202.3
 10
701.0946465339739
 20
202.3
 10
701.344612216884
 20
202.3
 10
701.5945778997941
 20
202.3
 10
701.8445435827042
 20
202.3
 10
702.0945092656142
 20
202.3
 10
702.3444749485244
 20
202.3
 10
702.5944406314344
 20
202.3
 10
702.8444063143445
 20
202.3
 10
703.0943719972546
 20
202.3
 10
703.3443376801647
 20
202.3
 10
703.5943033630748
 20
202.3
 10
703.8442690459849
 20
202.3
 10
704.094234728895
 20
202.3
 10
704.344200411805
 20
202.3
 10
704.5941660947152
 20
202.3
 10
704.8441317776252
 20
202.3
 10
705.0940974605353
 20
202.3
 10
705.3440631434454
 20
202.3
 10
705.5940288263555
 20
202.3
 10
705.8439945092656
 20
202.3
 10
706.0939601921757
 20
202.3
 10
706.3439258750858
 20
202.3
 10
706.5938915579958
 20
202.3
 10
706.843857240906
 20
202.3
 10
707.093822923816
 20
202.3
 10
707.3437886067262
 20
202.3
 10
707.5937542896362
 20
202.3
 10
707.8437199725463
 20
202.3
 10
708.0936856554564
 20
202.3
 10
708.3436513383665
 20
202.3
 10
708.5936170212766
 20
202.3
 10
708.8435827041866
 20
202.3
 10
709.0935483870968
 20
202.3
 10
709.3435140700068
 20
202.3
 10
709.593479752917
 20
202.3
 10
709.843445435827
 20
202.3
 10
710.0934111187371
 20
202.3
 10
710.3433768016472
 20
202.3
 10
710.5933424845573
 20
202.3
 10
710.8433081674674
 20
202.3
 10
711.0932738503774
 20
202.3
 10
711.3432395332876
 20
202.3
 10
711.5932052161976
 20
202.3
 10
711.8431708991078
 20
202.3
 10
712.0931365820178
 20
202.3
 10
712.343102264928
 20
202.3
 10
712.593067947838
 20
202.3
 10
712.8430336307481
 20
202.3
 10
713.0929993136582
 20
202.3
 10
713.3429649965682
 20
202.3
 10
713.5929306794784
 20
202.3
 10
713.8428963623884
 20
202.3
 10
714.0928620452986
 20
202.3
 10
714.3428277282086
 20
202.3
 10
714.5927934111188
 20
202.3
 10
714.8427590940288
 20
202.3
 10
715.0927247769389
 20
202.3
 10
715.342690459849
 20
202.3
 10
715.592656142759
 20
202.3
 10
715.8426218256692
 20
202.3
 10
716.0925875085792
 20
202.3
 10
716.3425531914894
 20
202.3
 10
716.5925188743994
 20
202.3
 10
716.8424845573096
 20
202.3
 10
717.0924502402196
 20
202.3
 10
717.3424159231297
 20
202.3
 10
717.5923816060398
 20
202.3
 10
717.8423472889498
 20
202.3
 10
718.09231297186
 20
202.3
 10
718.34227865477
 20
202.3
 10
718.5922443376802
 20
202.3
 10
718.8422100205902
 20
202.3
 10
719.0921757035004
 20
202.3
 10
719.3421413864104
 20
202.3
 10
719.5921070693206
 20
202.3
 10
719.8420727522306
 20
202.3
 10
720.0920384351406
 20
202.3
 10
720.3420041180508
 20
202.3
 10
720.5919698009608
 20
202.3
 10
720.841935483871
 20
202.3
 10
721.091901166781
 20
202.3
 10
721.3418668496912
 20
202.3
 10
721.5918325326012
 20
202.3
 10
721.8417982155114
 20
202.3
 10
722.0917638984214
 20
202.3
 10
722.3417295813314
 20
202.3
 10
722.5916952642416
 20
202.3
 10
722.8416609471516
 20
202.3
 10
723.0916266300618
 20
202.3
 10
723.3415923129718
 20
202.3
 10
723.591557995882
 20
202.3
 10
723.841523678792
 20
202.3
 10
724.0914893617022
 20
202.3
 10
724.3414550446122
 20
202.3
 10
724.5914207275222
 20
202.3
 10
724.8413864104324
 20
202.3
 10
725.0913520933424
 20
202.3
 10
725.3413177762526
 20
202.3
 10
725.5912834591626
 20
202.3
 10
725.8412491420728
 20
202.3
 10
726.0912148249828
 20
202.3
 10
726.341180507893
 20
202.3
 10
726.591146190803
 20
202.3
 10
726.8411118737131
 20
202.3
 10
727.0910775566232
 20
202.3
 10
727.3410432395332
 20
202.3
 10
727.5910089224434
 20
202.3
 10
727.8409746053534
 20
202.3
 10
728.0909402882636
 20
202.3
 10
728.3409059711736
 20
202.3
 10
728.5908716540838
 20
202.3
 10
728.8408373369938
 20
202.3
 10
729.0908030199039
 20
202.3
 10
729.340768702814
 20
202.3
 10
729.590734385724
 20
202.3
 10
729.8407000686342
 20
202.3
 10
730.0906657515442
 20
202.3
 10
730.3406314344544
 20
202.3
 10
730.5905971173644
 20
202.3
 10
730.8405628002746
 20
202.3
 10
731.0905284831846
 20
202.3
 10
731.3404941660947
 20
202.3
 10
731.5904598490048
 20
202.3
 10
731.8404255319149
 20
202.3
 10
732.090391214825
 20
202.3
 10
732.340356897735
 20
202.3
 10
732.5903225806452
 20
202.3
 10
732.8402882635552
 20
202.3
 10
733.0902539464654
 20
202.3
 10
733.3402196293754
 20
202.3
 10
733.5901853122855
 20
202.3
 10
733.8401509951956
 20
202.3
 10
734.0901166781057
 20
202.3
 10
734.3400823610158
 20
202.3
 10
734.5900480439258
 20
202.3
 10
734.840013726836
 20
202.3
 10
735.089979409746
 20
202.3
 10
735.3399450926562
 20
202.3
 10
735.5899107755662
 20
202.3
 10
735.8398764584763
 20
202.3
 10
736.0898421413864
 20
202.3
 10
736.3398078242965
 20
202.3
 10
736.5897735072066
 20
202.3
 10
736.8397391901166
 20
202.3
 10
737.0897048730268
 20
202.3
 10
737.3396705559368
 20
202.3
 10
737.589636238847
 20
202.3
 10
737.839601921757
 20
202.3
 10
738.0895676046671
 20
202.3
 10
738.3395332875772
 20
202.3
 10
738.5894989704873
 20
202.3
 10
738.8394646533974
 20
202.3
 10
739.0894303363075
 20
202.3
 10
739.3393960192176
 20
202.3
 10
739.5893617021276
 20
202.3
 10
739.8393273850378
 20
202.3
 10
740.0892930679478
 20
202.3
 10
740.3392587508579
 20
202.3
 10
740.589224433768
 20
202.3
 10
740.8391901166781
 20
202.3
 10
741.0891557995882
 20
202.3
 10
741.3391214824983
 20
202.3
 10
741.5890871654084
 20
202.3
 10
741.8390528483184
 20
202.3
 10
742.0890185312286
 20
202.3
 10
742.3389842141386
 20
202.3
 10
742.5889498970487
 20
202.3
 10
742.8389155799588
 20
202.3
 10
743.0888812628689
 20
202.3
 10
743.338846945779
 20
202.3
 10
743.5888126286891
 20
202.3
 10
743.8387783115992
 20
202.3
 10
744.0887439945092
 20
202.3
 10
744.3387096774194
 20
202.3
 10
744.5886753603294
 20
202.3
 10
744.8386410432395
 20
202.3
 10
745.0886067261496
 20
202.3
 10
745.3385724090597
 20
202.3
 10
745.5885380919698
 20
202.3
 10
745.8385037748799
 20
202.3
 10
746.08846945779
 20
202.3
 10
746.3384351407001
 20
202.3
 10
746.5884008236102
 20
202.3
 10
746.8383665065202
 20
202.3
 10
747.0883321894303
 20
202.3
 10
747.3382978723404
 20
202.3
 10
747.5882635552505
 20
202.3
 10
747.8382292381606
 20
202.3
 10
748.0881949210707
 20
202.3
 10
748.3381606039808
 20
202.3
 10
748.5881262868909
 20
202.3
 10
748.838091969801
 20
202.3
 10
749.088057652711
 20
202.3
 10
749.3380233356211
 20
202.3
 10
749.5879890185312
 20
202.3
 10
749.8379547014413
 20
202.3
 10
750.0879203843514
 20
202.3
 10
750.3378860672615
 20
202.3
 10
750.5878517501716
 20
202.3
 10
750.8378174330817
 20
202.3
 10
751.0877831159918
 20
202.3
 10
751.3377487989018
 20
202.3
 10
751.5877144818119
 20
202.3
 10
751.837680164722
 20
202.3
 10
752.0876458476321
 20
202.3
 10
752.3376115305422
 20
202.3
 10
752.5875772134523
 20
202.3
 10
752.8375428963624
 20
202.3
 10
753.0875085792725
 20
202.3
 10
753.3374742621826
 20
202.3
 10
753.5874399450927
 20
202.3
 10
753.8374056280027
 20
202.3
 10
754.0873713109128
 20
202.3
 10
754.3373369938229
 20
202.3
 10
754.587302676733
 20
202.3
 10
754.8372683596431
 20
202.3
 10
755.0872340425532
 20
202.3
 10
755.3371997254633
 20
202.3
 10
755.5871654083734
 20
202.3
 10
755.8371310912835
 20
202.3
 10
756.0870967741935
 20
202.3
 10
756.3370624571036
 20
202.3
 10
756.5870281400137
 20
202.3
 10
756.8369938229238
 20
202.3
 10
757.0869595058339
 20
202.3
 10
757.336925188744
 20
202.3
 10
757.5868908716541
 20
202.3
 10
757.8368565545642
 20
202.3
 10
758.0868222374743
 20
202.3
 10
758.3367879203843
 20
202.3
 10
758.5867536032945
 20
202.3
 10
758.8367192862045
 20
202.3
 10
759.0866849691146
 20
202.3
 10
759.3366506520247
 20
202.3
 10
759.5866163349348
 20
202.3
 10
759.8365820178449
 20
202.3
 10
760.086547700755
 20
202.3
 10
760.3365133836651
 20
202.3
 10
760.5864790665751
 20
202.3
 10
760.8364447494853
 20
202.3
 10
761.0864104323953
 20
202.3
 10
761.3363761153054
 20
202.3
 10
761.5863417982155
 20
202.3
 10
761.8363074811256
 20
202.3
 10
762.0862731640357
 20
202.3
 10
762.3362388469458
 20
202.3
 10
762.5862045298559
 20
202.3
 10
762.8361702127659
 20
202.3
 10
763.0861358956761
 20
202.3
 10
763.3361015785861
 20
202.3
 10
763.5860672614962
 20
202.3
 10
763.8360329444063
 20
202.3
 10
764.0859986273164
 20
202.3
 10
764.3359643102265
 20
202.3
 10
764.5859299931366
 20
202.3
 10
764.8358956760467
 20
202.3
 10
765.0858613589567
 20
202.3
 10
765.3358270418669
 20
202.3
 10
765.5857927247769
 20
202.3
 10
765.8357584076871
 20
202.3
 10
766.0857240905971
 20
202.3
 10
766.3356897735072
 20
202.3
 10
766.5856554564173
 20
202.3
 10
766.8356211393274
 20
202.3
 10
767.0855868222375
 20
202.3
 10
767.3355525051475
 20
202.3
 10
767.5855181880577
 20
202.3
 10
767.8354838709677
 20
202.3
 10
768.0854495538779
 20
202.3
 10
768.3354152367879
 20
202.3
 10
768.585380919698
 20
202.3
 10
768.8353466026081
 20
202.3
 10
769.0853122855182
 20
202.3
 10
769.3352779684283
 20
202.3
 10
769.5852436513383
 20
202.3
 10
769.8352093342485
 20
202.3
 10
770.0851750171585
 20
202.3
 10
770.3351407000687
 20
202.3
 10
770.5851063829787
 20
202.3
 10
770.8350720658888
 20
202.3
 10
771.0850377487989
 20
202.3
 10
771.335003431709
 20
202.3
 10
771.5849691146191
 20
202.3
 10
771.8349347975291
 20
202.3
 10
772.0849004804393
 20
202.3
 10
772.3348661633493
 20
202.3
 10
772.5848318462595
 20
202.3
 10
772.8347975291695
 20
202.3
 10
773.0847632120797
 20
202.3
 10
773.3347288949897
 20
202.3
 10
773.5846945778998
 20
202.3
 10
773.8346602608099
 20
202.3
 10
774.0846259437199
 20
202.3
 10
774.3345916266301
 20
202.3
 10
774.5845573095401
 20
202.3
 10
774.8345229924503
 20
202.3
 10
775.0844886753603
 20
202.3
 10
775.3344543582705
 20
202.3
 10
775.5844200411805
 20
202.3
 10
775.8343857240906
 20
202.3
 10
776.0843514070007
 20
202.3
 10
776.3343170899107
 20
202.3
 10
776.5842827728209
 20
202.3
 10
776.8342484557309
 20
202.3
 10
777.0842141386411
 20
202.3
 10
777.3341798215511
 20
202.3
 10
777.5841455044613
 20
202.3
 10
777.8341111873713
 20
202.3
 10
778.0840768702815
 20
202.3
 10
778.3340425531915
 20
202.3
 10
778.5840082361015
 20
202.3
 10
778.8339739190117
 20
202.3
 10
779.0839396019217
 20
202.3
 10
779.3339052848319
 20
202.3
 10
779.5838709677419
 20
202.3
 10
779.8338366506521
 20
202.3
 10
780.0838023335621
 20
202.3
 10
780.3337680164723
 20
202.3
 10
780.5837336993823
 20
202.3
 10
780.8336993822923
 20
202.3
 10
781.0836650652025
 20
202.3
 10
781.3336307481125
 20
202.3
 10
781.5835964310227
 20
202.3
 10
781.8335621139327
 20
202.3
 10
782.0835277968429
 20
202.3
 10
782.3334934797529
 20
202.3
 10
782.5834591626631
 20
202.3
 10
782.8334248455731
 20
202.3
 10
783.083390528483
 20
202.3
 10
783.3333562113933
 20
202.3
 10
783.5833218943033
 20
202.3
 10
783.8332875772135
 20
202.3
 10
784.0832532601235
 20
202.3
 10
784.3332189430337
 20
202.3
 10
784.5831846259437
 20
202.3
 10
784.8331503088539
 20
202.3
 10
785.0831159917639
 20
202.3
 10
785.3330816746741
 20
202.3
 10
785.5830473575841
 20
202.3
 10
785.833013040494
 20
202.3
 10
786.0829787234043
 20
202.3
 10
786.3329444063143
 20
202.3
 10
786.5829100892245
 20
202.3
 10
786.8328757721345
 20
202.3
 10
787.0828414550447
 20
202.3
 10
787.3328071379547
 20
202.3
 10
787.5827728208649
 20
202.3
 10
787.8327385037749
 20
202.3
 10
788.0827041866849
 20
202.3
 10
788.3326698695951
 20
202.3
 10
788.582635552505
 20
202.3
 10
788.8326012354153
 20
202.3
 10
789.0825669183253
 20
202.3
 10
789.3325326012355
 20
202.3
 10
789.5824982841455
 20
202.3
 10
789.8324639670557
 20
202.3
 10
790.0824296499657
 20
202.3
 10
790.3323953328756
 20
202.3
 10
790.5823610157859
 20
202.3
 10
790.8323266986959
 20
202.3
 10
791.0822923816061
 20
202.3
 10
791.332258064516
 20
202.3
 10
791.5822237474263
 20
202.3
 10
791.8321894303363
 20
202.3
 10
792.0821551132465
 20
202.3
 10
792.3321207961565
 20
202.3
 10
792.5820864790666
 20
202.3
 10
792.8320521619767
 20
202.3
 10
793.0820178448866
 20
202.3
 10
793.3319835277969
 20
202.3
 10
793.5819492107069
 20
202.3
 10
793.8319148936171
 20
202.3
 10
794.081880576527
 20
202.3
 10
794.3318462594373
 20
202.3
 10
794.5818119423473
 20
202.3
 10
794.8317776252574
 20
202.3
 10
795.0817433081675
 20
202.3
 10
795.3317089910774
 20
202.3
 10
795.5816746739877
 20
202.3
 10
795.8316403568977
 20
202.3
 10
796.0816060398079
 20
202.3
 10
796.3315717227179
 20
202.3
 10
796.5815374056281
 20
202.3
 10
796.831503088538
 20
202.3
 10
797.0814687714482
 20
202.3
 10
797.3314344543583
 20
202.3
 10
797.5814001372682
 20
202.3
 10
797.8313658201785
 20
202.3
 10
798.0813315030884
 20
202.3
 10
798.3312971859987
 20
202.3
 10
798.5812628689087
 20
202.3
 10
798.8312285518189
 20
202.3
 10
799.0811942347289
 20
202.3
 10
799.331159917639
 20
202.3
 10
799.5811256005491
 20
202.3
 10
799.8310912834592
 20
202.3
 10
800.0810569663693
 20
202.3
 10
800.3310226492792
 20
202.3
 10
800.5809883321895
 20
202.3
 10
800.8309540150995
 20
202.3
 10
801.0809196980097
 20
202.3
 10
801.3308853809197
 20
202.3
 10
801.5808510638298
 20
202.3
 10
801.8308167467399
 20
202.3
 10
802.08078242965
 20
202.3
 10
802.3307481125601
 20
202.3
 10
802.58071379547
 20
202.3
 10
802.8306794783803
 20
202.3
 10
803.0806451612902
 20
202.3
 10
803.3306108442004
 20
202.3
 10
803.5805765271105
 20
202.3
 10
803.8305422100206
 20
202.3
 10
804.0805078929307
 20
202.3
 10
804.3304735758408
 20
202.3
 10
804.5804392587509
 20
202.3
 10
804.830404941661
 20
202.3
 10
805.0803706245711
 20
202.3
 10
805.330336307481
 20
202.3
 10
805.5803019903911
 20
202.3
 10
805.8302676733013
 20
202.3
 10
806.0802333562114
 20
202.3
 10
806.3301990391215
 20
202.3
 10
806.5801647220316
 20
202.3
 10
806.8301304049417
 20
202.3
 10
807.0800960878518
 20
202.3
 10
807.3300617707619
 20
202.3
 10
807.5800274536718
 20
202.3
 10
807.829993136582
 20
202.3
 10
808.079958819492
 20
202.3
 10
808.3299245024022
 20
202.3
 10
808.5798901853123
 20
202.3
 10
808.8298558682224
 20
202.3
 10
809.0798215511325
 20
202.3
 10
809.3297872340426
 20
202.3
 10
809.5797529169527
 20
202.3
 10
809.8297185998626
 20
202.3
 10
810.0796842827727
 20
202.3
 10
810.3296499656828
 20
202.3
 10
810.579615648593
 20
202.3
 10
810.829581331503
 20
202.3
 10
811.0795470144132
 20
202.3
 10
811.3295126973233
 20
202.3
 10
811.5794783802334
 20
202.3
 10
811.8294440631435
 20
202.3
 10
812.0794097460536
 20
202.3
 10
812.3293754289635
 20
202.3
 10
812.5793411118736
 20
202.3
 10
812.8293067947837
 20
202.3
 10
813.0792724776938
 20
202.3
 10
813.329238160604
 20
202.3
 10
813.579203843514
 20
202.3
 10
813.8291695264242
 20
202.3
 10
814.0791352093343
 20
202.3
 10
814.3291008922444
 20
202.3
 10
814.5790665751543
 20
202.3
 10
814.8290322580644
 20
202.3
 10
815.0789979409745
 20
202.3
 10
815.3289636238846
 20
202.3
 10
815.5789293067947
 20
202.3
 10
815.8288949897048
 20
202.3
 10
816.078860672615
 20
202.3
 10
816.328826355525
 20
202.3
 10
816.5787920384352
 20
202.3
 10
816.8287577213451
 20
202.3
 10
817.0787234042552
 20
202.3
 10
817.3286890871653
 20
202.3
 10
817.5786547700754
 20
202.3
 10
817.8286204529855
 20
202.3
 10
818.0785861358956
 20
202.3
 10
818.3285518188057
 20
202.3
 10
818.5785175017159
 20
202.3
 10
818.828483184626
 20
202.3
 10
819.0784488675359
 20
202.3
 10
819.3284145504462
 20
202.3
 10
819.5783802333561
 20
202.3
 10
819.8283459162662
 20
202.3
 10
820.0783115991763
 20
202.3
 10
820.3282772820864
 20
202.3
 10
820.5782429649965
 20
202.3
 10
820.8282086479066
 20
202.3
 10
821.0781743308168
 20
202.3
 10
821.3281400137267
 20
202.3
 10
821.578105696637
 20
202.3
 10
821.8280713795469
 20
202.3
 10
822.078037062457
 20
202.3
 10
822.3280027453671
 20
202.3
 10
822.5779684282772
 20
202.3
 10
822.8279341111873
 20
202.3
 10
823.0778997940974
 20
202.3
 10
823.3278654770075
 20
202.3
 10
823.5778311599175
 20
202.3
 10
823.8277968428278
 20
202.3
 10
824.0
 20
202.22223747426227
 10
824.0
 20
201.97227179135217
 10
824.0
 20
201.72230610844207
 10
824.0
 20
201.47234042553197
 10
824.0
 20
201.22237474262187
 10
824.0
 20
200.97240905971177
 10
824.0
 20
200.72244337680166
 10
824.0
 20
200.47247769389168
 10
824.0
 20
200.22251201098146
 10
824.0
 20
199.97254632807147
 10
824.0
 20
199.72258064516126
 10
824.0
 20
199.47261496225127
 10
824.0
 20
199.22264927934117
 10
824.0
 20
198.97268359643107
 10
824.0
 20
198.72271791352097
 10
824.0
 20
198.47275223061087
 10
824.0
 20
198.22278654770088
 10
824.0
 20
197.97282086479066
 10
824.0
 20
197.72285518188067
 10
824.0
 20
197.47288949897046
 10
824.0
 20
197.22292381606047
 10
824.0
 20
196.97295813315037
 10
824.0
 20
196.72299245024027
 10
824.0
 20
196.47302676733017
 10
824.0
 20
196.22306108442007
 10
824.0
 20
195.97309540151008
 10
824.0
 20
195.72312971859986
 10
824.0
 20
195.47316403568988
 10
824.0
 20
195.22319835277966
 10
824.0
 20
194.97323266986967
 10
824.0
 20
194.72326698695946
 10
824.0
 20
194.47330130404947
 10
824.0
 20
194.22333562113937
 10
824.0
 20
193.97336993822927
 10
824.0
 20
193.72340425531928
 10
824.0
 20
193.47343857240907
 10
824.0
 20
193.22347288949908
 10
824.0
 20
192.97350720658886
 10
824.0
 20
192.72354152367888
 10
824.0
 20
192.47357584076866
 10
824.0
 20
192.22361015785867
 10
824.0
 20
191.97364447494857
 10
824.0
 20
191.72367879203847
 10
824.0
 20
191.47371310912848
 10
824.0
 20
191.22374742621827
 10
824.0
 20
190.97378174330828
 10
824.0
 20
190.72381606039806
 10
824.0
 20
190.47385037748808
 10
824.0
 20
190.22388469457786
 10
824.0
 20
189.97391901166787
 10
824.0
 20
189.72395332875777
 10
824.0
 20
189.47398764584767
 10
824.0
 20
189.22402196293768
 10
824.0
 20
188.97405628002747
 10
824.0
 20
188.72409059711748
 10
824.0
 20
188.47412491420727
 10
824.0
 20
188.22415923129728
 10
824.0
 20
187.97419354838706
 10
824.0
 20
187.72422786547708
 10
824.0
 20
187.47426218256686
 10
824.0
 20
187.22429649965687
 10
824.0
 20
186.97433081674689
 10
824.0
 20
186.72436513383667
 10
824.0
 20
186.47439945092668
 10
824.0
 20
186.22443376801647
 10
824.0
 20
185.97446808510648
 10
824.0
 20
185.72450240219626
 10
824.0
 20
185.47453671928628
 10
824.0
 20
185.22457103637606
 10
824.0
 20
184.97460535346607
 10
824.0
 20
184.7246396705561
 10
824.0
 20
184.47467398764587
 10
824.0
 20
184.22470830473588
 10
824.0
 20
183.97474262182567
 10
824.0
 20
183.72477693891568
 10
824.0
 20
183.47481125600547
 10
824.0
 20
183.22484557309548
 10
824.0
 20
182.97487989018526
 10
824.0
 20
182.72491420727528
 10
824.0
 20
182.4749485243653
 10
824.0
 20
182.22498284145507
 10
824.0
 20
181.97501715854509
 10
824.0
 20
181.72505147563487
 10
824.0
 20
181.47508579272488
 10
824.0
 20
181.22512010981467
 10
824.0
 20
180.97515442690468
 10
824.0
 20
180.72518874399447
 10
824.0
 20
180.47522306108448
 10
824.0
 20
180.22525737817426
 10
824.0
 20
179.97529169526427
 10
824.0
 20
179.7253260123543
 10
824.0
 20
179.47536032944407
 10
824.0
 20
179.22539464653408
 10
824.0
 20
178.97542896362387
 10
824.0
 20
178.72546328071388
 10
824.0
 20
178.47549759780367
 10
824.0
 20
178.22553191489368
 10
824.0
 20
177.97556623198346
 10
824.0
 20
177.72560054907348
 10
824.0
 20
177.4756348661635
 10
824.0
 20
177.22566918325327
 10
824.0
 20
176.9757035003433
 10
824.0
 20
176.72573781743307
 10
824.0
 20
176.47577213452308
 10
824.0
 20
176.22580645161287
 10
824.0
 20
175.97584076870288
 10
824.0
 20
175.72587508579267
 10
824.0
 20
175.47590940288268
 10
824.0
 20
175.22594371997258
 10
824.0
 20
174.97597803706248
 10
824.0
 20
174.7260123541525
 10
824.0
 20
174.47604667124227
 10
824.0
 20
174.22608098833228
 10
824.0
 20
173.97611530542207
 10
824.0
 20
173.72614962251208
 10
824.0
 20
173.47618393960187
 10
824.0
 20
173.22621825669188
 10
824.0
 20
172.97625257378178
 10
824.0
 20
172.72628689087168
 10
824.0
 20
172.4763212079617
 10
824.0
 20
172.22635552505147
 10
824.0
 20
171.9763898421415
 10
824.0
 20
171.72642415923127
 10
824.0
 20
171.47645847632128
 10
824.0
 20
171.22649279341107
 10
824.0
 20
170.97652711050108
 10
824.0
 20
170.72656142759098
 10
824.0
 20
170.47659574468088
 10
824.0
 20
170.2266300617709
 10
824.0
 20
169.97666437886068
 10
824.0
 20
169.7266986959507
 10
824.0
 20
169.47673301304047
 10
824.0
 20
169.22676733013049
 10
824.0
 20
168.97680164722027
 10
824.0
 20
168.72683596431028
 10
824.0
 20
168.47687028140018
 10
824.0
 20
168.22690459849008
 10
824.0
 20
167.97693891557998
 10
824.0
 20
167.72697323266988
 10
824.0
 20
167.4770075497599
 10
824.0
 20
167.22704186684967
 10
824.0
 20
166.9770761839397
 10
824.0
 20
166.72711050102947
 10
824.0
 20
166.47714481811948
 10
824.0
 20
166.22717913520938
 10
824.0
 20
165.97721345229928
 10
824.0
 20
165.72724776938918
 10
824.0
 20
165.47728208647908
 10
824.0
 20
165.2273164035691
 10
824.0
 20
164.97735072065888
 10
824.0
 20
164.7273850377489
 10
824.0
 20
164.47741935483867
 10
824.0
 20
164.22745367192869
 10
824.0
 20
163.97748798901858
 10
824.0
 20
163.72752230610848
 10
824.0
 20
163.47755662319838
 10
824.0
 20
163.22759094028828
 10
824.0
 20
162.9776252573783
 10
824.0
 20
162.72765957446808
 10
824.0
 20
162.4776938915581
 10
824.0
 20
162.22772820864787
 10
824.0
 20
161.9777625257379
 10
824.0
 20
161.7277968428278
 10
824.0
 20
161.47783115991768
 10
824.0
 20
161.22786547700758
 10
824.0
 20
160.97789979409748
 10
824.0
 20
160.72793411118738
 10
824.0
 20
160.47796842827728
 10
824.0
 20
160.2280027453673
 10
824.0
 20
159.97803706245708
 10
824.0
 20
159.7280713795471
 10
824.0
 20
159.478105696637
 10
824.0
 20
159.2281400137269
 10
824.0
 20
158.97817433081678
 10
824.0
 20
158.72820864790668
 10
824.0
 20
158.47824296499658
 10
824.0
 20
158.22827728208648
 10
824.0
 20
157.9783115991765
 10
824.0
 20
157.72834591626628
 10
824.0
 20
157.4783802333563
 10
824.0
 20
157.2284145504462
 10
824.0
 20
156.9784488675361
 10
824.0
 20
156.728483184626
 10
824.0
 20
156.47851750171588
 10
824.0
 20
156.22855181880578
 10
824.0
 20
155.97858613589568
 10
824.0
 20
155.7286204529857
 10
824.0
 20
155.47865477007548
 10
824.0
 20
155.2286890871655
 10
824.0
 20
154.9787234042554
 10
824.0
 20
154.7287577213453
 10
824.0
 20
154.4787920384352
 10
824.0
 20
154.2288263555251
 10
824.0
 20
153.97886067261499
 10
824.0
 20
153.72889498970488
 10
824.0
 20
153.47892930679478
 10
824.0
 20
153.22896362388468
 10
824.0
 20
152.9789979409747
 10
824.0
 20
152.7290322580646
 10
824.0
 20
152.4790665751545
 10
824.0
 20
152.2291008922444
 10
824.0
 20
151.9791352093343
 10
824.0
 20
151.7291695264242
 10
824.0
 20
151.47920384351409
 10
824.0
 20
151.22923816060398
 10
824.0
 20
150.97927247769388
 10
824.0
 20
150.7293067947839
 10
824.0
 20
150.4793411118738
 10
824.0
 20
150.2293754289637
 10
824.0
 20
149.9794097460536
 10
824.0
 20
149.72944406314352
 10
824.0
 20
149.4794783802334
 10
824.0
 20
149.2295126973233
 10
824.0
 20
148.97954701441319
 10
824.0
 20
148.72958133150308
 10
824.0
 20
148.47961564859298
 10
824.0
 20
148.229649965683
 10
824.0
 20
147.9796842827729
 10
824.0
 20
147.7297185998628
 10
824.0
 20
147.4797529169527
 10
824.0
 20
147.22978723404256
 10
824.0
 20
146.9798215511325
 10
824.0
 20
146.7298558682224
 10
824.0
 20
146.47989018531229
 10
824.0
 20
146.22992450240218
 10
824.0
 20
145.9799588194922
 10
824.0
 20
145.7299931365821
 10
824.0
 20
145.480027453672
 10
824.0
 20
145.23006177076192
 10
824.0
 20
144.9800960878518
 10
824.0
 20
144.7301304049417
 10
824.0
 20
144.4801647220316
 10
824.0
 20
144.2301990391215
 10
824.0
 20
143.9802333562114
 10
824.0
 20
143.7302676733014
 10
824.0
 20
143.4803019903913
 10
824.0
 20
143.2303363074812
 10
824.0
 20
142.9803706245711
 10
824.0
 20
142.730404941661
 10
824.0
 20
142.4804392587509
 10
824.0
 20
142.2304735758408
 10
824.0
 20
141.9805078929307
 10
824.0
 20
141.7305422100206
 10
824.0
 20
141.4805765271106
 10
824.0
 20
141.23061084420038
 10
824.0
 20
140.9806451612904
 10
824.0
 20
140.73067947838032
 10
824.0
 20
140.4807137954702
 10
824.0
 20
140.2307481125601
 10
824.0
 20
139.98078242964996
 10
824.0
 20
139.73081674674
 10
824.0
 20
139.4808510638298
 10
824.0
 20
139.2308853809198
 10
824.0
 20
138.9809196980096
 10
824.0
 20
138.7309540150996
 10
824.0
 20
138.4809883321895
 10
824.0
 20
138.2310226492794
 10
824.0
 20
137.9810569663693
 10
824.0
 20
137.7310912834592
 10
824.0
 20
137.4811256005492
 10
824.0
 20
137.231159917639
 10
824.0
 20
136.981194234729
 10
824.0
 20
136.7312285518188
 10
824.0
 20
136.4812628689088
 10
824.0
 20
136.2312971859987
 10
824.0
 20
135.9813315030886
 10
824.0
 20
135.7313658201785
 10
824.0
 20
135.48140013726837
 10
824.0
 20
135.2314344543584
 10
824.0
 20
134.9814687714482
 10
824.0
 20
134.7315030885382
 10
824.0
 20
134.481537405628
 10
824.0
 20
134.231571722718
 10
824.0
 20
133.98160603980782
 10
824.0
 20
133.7316403568978
 10
824.0
 20
133.48167467398773
 10
824.0
 20
133.2317089910776
 10
824.0
 20
132.9817433081676
 10
824.0
 20
132.7317776252574
 10
824.0
 20
132.4818119423474
 10
824.0
 20
132.2318462594372
 10
824.0
 20
131.9818805765272
 10
824.0
 20
131.731914893617
 10
824.0
 20
131.481949210707
 10
824.0
 20
131.2319835277969
 10
824.0
 20
130.98201784488677
 10
824.0
 20
130.7320521619768
 10
824.0
 20
130.4820864790666
 10
824.0
 20
130.2321207961566
 10
824.0
 20
129.9821551132464
 10
824.0
 20
129.7321894303364
 10
824.0
 20
129.4822237474262
 10
824.0
 20
129.2322580645162
 10
824.0
 20
128.982292381606
 10
824.0
 20
128.732326698696
 10
824.0
 20
128.48236101578604
 10
824.0
 20
128.2323953328758
 10
824.0
 20
127.98242964996581
 10
824.0
 20
127.73246396705561
 10
824.0
 20
127.4824982841456
 10
824.0
 20
127.23253260123538
 10
824.0
 20
126.9825669183254
 10
824.0
 20
126.7326012354152
 10
824.0
 20
126.4826355525052
 10
824.0
 20
126.23266986959521
 10
824.0
 20
125.98270418668501
 10
824.0
 20
125.73273850377501
 10
824.0
 20
125.48277282086478
 10
824.0
 20
125.23280713795481
 10
824.0
 20
124.9828414550446
 10
824.0
 20
124.7328757721346
 10
824.0
 20
124.48291008922439
 10
824.0
 20
124.2329444063144
 10
824.0
 20
123.98297872340443
 10
824.0
 20
123.73301304049419
 10
824.0
 20
123.48304735758421
 10
824.0
 20
123.23308167467401
 10
824.0
 20
122.98311599176401
 10
824.0
 20
122.73315030885378
 10
824.0
 20
122.4831846259438
 10
824.0
 20
122.2332189430336
 10
824.0
 20
121.9832532601236
 10
824.0
 20
121.73328757721339
 10
824.0
 20
121.48332189430342
 10
824.0
 20
121.23335621139341
 10
824.0
 20
120.98339052848318
 10
824.0
 20
120.73342484557321
 10
824.0
 20
120.48345916266301
 10
824.0
 20
120.23349347975301
 10
824.0
 20
119.98352779684278
 10
824.0
 20
119.7335621139328
 10
824.0
 20
119.48359643102259
 10
824.0
 20
119.23363074811259
 10
824.0
 20
118.98366506520262
 10
824.0
 20
118.73369938229241
 10
824.0
 20
118.48373369938241
 10
824.0
 20
118.23376801647218
 10
824.0
 20
117.98380233356221
 10
824.0
 20
117.73383665065201
 10
824.0
 20
117.483870967742
 10
824.0
 20
117.23390528483179
 10
824.0
 20
116.9839396019218
 10
824.0
 20
116.73397391901182
 10
824.0
 20
116.48400823610159
 10
824.0
 20
116.23404255319161
 10
824.0
 20
115.98407687028141
 10
824.0
 20
115.73411118737141
 10
824.0
 20
115.48414550446118
 10
824.0
 20
115.23417982155121
 10
824.0
 20
114.984214138641
 10
824.0
 20
114.73424845573099
 10
824.0
 20
114.4842827728209
 10
824.0
 20
114.23431708991082
 10
824.0
 20
113.98435140700082
 10
824.0
 20
113.73438572409059
 10
824.0
 20
113.48442004118061
 10
824.0
 20
113.23445435827041
 10
824.0
 20
112.98448867536041
 10
824.0
 20
112.7345229924502
 10
824.0
 20
112.48455730954021
 10
824.0
 20
112.2345916266301
 10
824.0
 20
111.98462594371999
 10
824.0
 20
111.73466026081002
 10
824.0
 20
111.48469457789982
 10
824.0
 20
111.23472889498981
 10
824.0
 20
110.98476321207959
 10
824.0
 20
110.73479752916961
 10
824.0
 20
110.48483184625941
 10
824.0
 20
110.23486616334941
 10
824.0
 20
109.98490048043931
 10
824.0
 20
109.73493479752922
 10
824.0
 20
109.48496911461922
 10
824.0
 20
109.23500343170899
 10
824.0
 20
108.98503774879902
 10
824.0
 20
108.73507206588882
 10
824.0
 20
108.48510638297881
 10
824.0
 20
108.2351407000686
 10
824.0
 20
107.98517501715861
 10
824.0
 20
107.73520933424851
 10
824.0
 20
107.4852436513384
 10
824.0
 20
107.2352779684283
 10
824.0
 20
106.98531228551822
 10
824.0
 20
106.73534660260822
 10
824.0
 20
106.48538091969799
 10
824.0
 20
106.23541523678801
 10
824.0
 20
105.98544955387781
 10
824.0
 20
105.73548387096781
 10
824.0
 20
105.48551818805771
 10
824.0
 20
105.23555250514761
 10
824.0
 20
104.98558682223751
 10
824.0
 20
104.73562113932739
 10
824.0
 20
104.48565545641742
 10
824.0
 20
104.23568977350722
 10
824.0
 20
103.98572409059722
 10
824.0
 20
103.73575840768699
 10
824.0
 20
103.48579272477701
 10
824.0
 20
103.23582704186691
 10
824.0
 20
102.9858613589568
 10
824.0
 20
102.73589567604671
 10
824.0
 20
102.48592999313662
 10
824.0
 20
102.2359643102265
 10
824.0
 20
101.98599862731639
 10
824.0
 20
101.73603294440642
 10
824.0
 20
101.48606726149622
 10
824.0
 20
101.23610157858622
 10
824.0
 20
100.98613589567611
 10
824.0
 20
100.73617021276601
 10
824.0
 20
100.48620452985591
 10
824.0
 20
100.23623884694582
 10
824.0
 20
99.98627316403571
 10
824.0
 20
99.73630748112559
 10
824.0
 20
99.48634179821562
 10
824.0
 20
99.23637611530539
 10
824.0
 20
98.98641043239542
 10
824.0
 20
98.73644474948532
 10
824.0
 20
98.48647906657521
 10
824.0
 20
98.23651338366511
 10
824.0
 20
97.98654770075503
 10
824.0
 20
97.73658201784491
 10
824.0
 20
97.48661633493482
 10
824.0
 20
97.23665065202482
 10
824.0
 20
96.98668496911459
 10
824.0
 20
96.73671928620462
 10
824.0
 20
96.4867536032945
 10
824.0
 20
96.23678792038442
 10
824.0
 20
95.98682223747431
 10
824.0
 20
95.73685655456423
 10
824.0
 20
95.48689087165411
 10
824.0
 20
95.23692518874402
 10
824.0
 20
94.98695950583391
 10
824.0
 20
94.7369938229238
 10
824.0
 20
94.48702814001382
 10
824.0
 20
94.2370624571037
 10
824.0
 20
93.98709677419362
 10
824.0
 20
93.73713109128352
 10
824.0
 20
93.48716540837343
 10
824.0
 20
93.23719972546331
 10
824.0
 20
92.98723404255323
 10
824.0
 20
92.73726835964311
 10
824.0
 20
92.487302676733
 10
824.0
 20
92.23733699382302
 10
824.0
 20
91.9873713109129
 10
824.0
 20
91.73740562800282
 10
824.0
 20
91.48743994509272
 10
824.0
 20
91.23747426218263
 10
824.0
 20
90.98750857927251
 10
824.0
 20
90.73754289636243
 10
824.0
 20
90.48757721345231
 10
824.0
 20
90.2376115305422
 10
824.0
 20
89.98764584763222
 10
824.0
 20
89.73768016472211
 10
824.0
 20
89.48771448181202
 10
824.0
 20
89.23774879890192
 10
824.0
 20
88.98778311599182
 10
824.0
 20
88.73781743308172
 10
824.0
 20
88.48785175017163
 10
824.0
 20
88.23788606726151
 10
824.0
 20
87.9879203843514
 10
824.0
 20
87.73795470144131
 10
824.0
 20
87.48798901853131
 10
824.0
 20
87.23802333562122
 10
824.0
 20
86.98805765271112
 10
824.0
 20
86.73809196980102
 10
824.0
 20
86.48812628689092
 10
824.0
 20
86.23816060398083
 10
824.0
 20
85.98819492107071
 10
824.0
 20
85.7382292381606
 10
824.0
 20
85.48826355525051
 10
824.0
 20
85.23829787234051
 10
824.0
 20
84.98833218943042
 10
824.0
 20
84.73836650652032
 10
824.0
 20
84.48840082361022
 10
824.0
 20
84.23843514070012
 10
824.0
 20
83.98846945779003
 10
824.0
 20
83.73850377487992
 10
824.0
 20
83.4885380919698
 10
824.0
 20
83.23857240905971
 10
824.0
 20
82.98860672614971
 10
824.0
 20
82.73864104323951
 10
824.0
 20
82.48867536032952
 10
824.0
 20
82.23870967741942
 10
824.0
 20
81.98874399450932
 10
824.0
 20
81.73877831159923
 10
824.0
 20
81.48881262868912
 10
824.0
 20
81.23884694577903
 10
824.0
 20
80.98888126286892
 10
824.0
 20
80.73891557995891
 10
824.0
 20
80.48894989704871
 10
824.0
 20
80.23898421413871
 10
824.0
 20
79.98901853122862
 10
824.0
 20
79.73905284831852
 10
824.0
 20
79.48908716540843
 10
824.0
 20
79.23912148249832
 10
824.0
 20
78.98915579958823
 10
824.0
 20
78.73919011667812
 10
824.0
 20
78.48922443376811
 10
824.0
 20
78.23925875085791
 10
824.0
 20
77.98929306794791
 10
824.0
 20
77.73932738503783
 10
824.0
 20
77.48936170212772
 10
824.0
 20
77.23939601921764
 10
824.0
 20
76.98943033630752
 10
824.0
 20
76.73946465339743
 10
824.0
 20
76.48949897048732
 10
824.0
 20
76.23953328757732
 10
824.0
 20
75.98956760466712
 10
824.0
 20
75.73960192175711
 10
824.0
 20
75.48963623884691
 10
824.0
 20
75.23967055593693
 10
824.0
 20
74.98970487302684
 10
824.0
 20
74.73973919011672
 10
824.0
 20
74.48977350720664
 10
824.0
 20
74.23980782429652
 10
824.0
 20
73.98984214138655
 10
824.0
 20
73.73987645847632
 10
824.0
 20
73.48991077556632
 10
824.0
 20
73.23994509265611
 10
824.0
 20
72.98997940974613
 10
824.0
 20
72.74001372683603
 10
824.0
 20
72.49004804392592
 10
824.0
 20
72.24008236101584
 10
824.0
 20
71.99011667810572
 10
824.0
 20
71.74015099519575
 10
824.0
 20
71.49018531228552
 10
824.0
 20
71.24021962937552
 10
824.0
 20
70.99025394646532
 10
824.0
 20
70.74028826355533
 10
824.0
 20
70.49032258064523
 10
824.0
 20
70.24035689773513
 10
824.0
 20
69.99039121482504
 10
824.0
 20
69.74042553191492
 10
824.0
 20
69.49045984900495
 10
824.0
 20
69.24049416609472
 10
824.0
 20
68.99052848318472
 10
824.0
 20
68.74056280027452
 10
824.0
 20
68.49059711736442
 10
824.0
 20
68.24063143445443
 10
824.0
 20
67.99066575154421
 10
824.0
 20
67.74070006863424
 10
824.0
 20
67.49073438572424
 10
824.0
 20
67.24076870281401
 10
824.0
 20
66.99080301990404
 10
824.0
 20
66.7408373369938
 10
824.0
 20
66.49087165408383
 10
824.0
 20
66.24090597117362
 10
824.0
 20
65.99094028826363
 10
824.0
 20
65.74097460535341
 10
824.0
 20
65.49100892244344
 10
824.0
 20
65.24104323953344
 10
824.0
 20
64.99107755662324
 10
824.0
 20
64.74111187371324
 10
824.0
 20
64.49114619080301
 10
824.0
 20
64.24118050789303
 10
824.0
 20
63.99121482498281
 10
824.0
 20
63.74124914207284
 10
824.0
 20
63.49128345916262
 10
824.0
 20
63.241317776252636
 10
824.0
 20
62.99135209334264
 10
824.0
 20
62.74138641043243
 10
824.0
 20
62.49142072752244
 10
824.0
 20
62.241455044612216
 10
824.0
 20
61.991489361702236
 10
824.0
 20
61.741523678792014
 10
824.0
 20
61.49155799588204
 10
824.0
 20
61.24159231297181
 10
824.0
 20
60.99162663006184
 10
824.0
 20
60.741660947151836
 10
824.0
 20
60.491695264241635
 10
824.0
 20
60.24172958133164
 10
824.0
 20
59.99176389842142
 10
824.0
 20
59.74179821551144
 10
824.0
 20
59.491832532601215
 10
824.0
 20
59.24186684969124
 10
824.0
 20
58.99190116678101
 10
824.0
 20
58.74193548387104
 10
824.0
 20
58.49196980096104
 10
824.0
 20
58.242004118050836
 10
824.0
 20
57.99203843514084
 10
824.0
 20
57.74207275223062
 10
824.0
 20
57.49210706932064
 10
824.0
 20
57.24214138641042
 10
824.0
 20
56.99217570350044
 10
824.0
 20
56.742210020590214
 10
824.0
 20
56.49224433768024
 10
824.0
 20
56.24227865477024
 10
824.0
 20
55.99231297186004
 10
824.0
 20
55.74234728895004
 10
824.0
 20
55.49238160603982
 10
824.0
 20
55.24241592312984
 10
824.0
 20
54.99245024021962
 10
824.0
 20
54.74248455730964
 10
824.0
 20
54.492518874399416
 10
824.0
 20
54.24255319148944
 10
824.0
 20
53.99258750857944
 10
824.0
 20
53.74262182566924
 10
824.0
 20
53.492656142759245
 10
824.0
 20
53.242690459849015
 10
824.0
 20
52.99272477693904
 10
824.0
 20
52.74275909402882
 10
824.0
 20
52.49279341111884
 10
824.0
 20
52.24282772820862
 10
824.0
 20
51.992862045298644
 10
824.0
 20
51.74289636238864
 10
824.0
 20
51.49293067947844
 10
824.0
 20
51.242964996568446
 10
824.0
 20
50.99299931365822
 10
824.0
 20
50.74303363074824
 10
824.0
 20
50.49306794783802
 10
824.0
 20
50.24310226492804
 10
824.0
 20
49.99313658201782
 10
824.0
 20
49.743170899107845
 10
824.0
 20
49.49320521619784
 10
824.0
 20
49.24323953328764
 10
824.0
 20
48.99327385037765
 10
824.0
 20
48.74330816746745
 10
824.0
 20
48.493342484557445
 10
824.0
 20
48.24337680164722
 10
824.0
 20
47.99341111873724
 10
824.0
 20
47.74344543582702
 10
824.0
 20
47.49347975291705
 10
824.0
 20
47.243514070007045
 10
824.0
 20
46.993548387096844
 10
824.0
 20
46.74358270418685
 10
824.0
 20
46.49361702127664
 10
824.0
 20
46.24365133836665
 10
824.0
 20
45.993685655456424
 10
824.0
 20
45.743719972546444
 10
824.0
 20
45.49375428963622
 10
824.0
 20
45.24378860672625
 10
824.0
 20
44.993822923816246
 10
824.0
 20
44.743857240906046
 10
824.0
 20
44.493891557996044
 10
824.0
 20
44.24392587508584
 10
824.0
 20
43.99396019217585
 10
824.0
 20
43.743994509265626
 10
824.0
 20
43.494028826355645
 10
824.0
 20
43.24406314344542
 10
824.0
 20
42.99409746053545
 10
824.0
 20
42.74413177762545
 10
824.0
 20
42.49416609471525
 10
824.0
 20
42.244200411805245
 10
824.0
 20
41.994234728895044
 10
824.0
 20
41.74426904598505
 10
824.0
 20
41.49430336307483
 10
824.0
 20
41.24433768016485
 10
824.0
 20
40.994371997254625
 10
824.0
 20
40.74440631434465
 10
824.0
 20
40.49444063143465
 10
824.0
 20
40.24447494852445
 10
824.0
 20
39.99450926561445
 10
824.0
 20
39.744543582704246
 10
824.0
 20
39.49457789979425
 10
824.0
 20
39.24461221688403
 10
824.0
 20
38.99464653397405
 10
824.0
 20
38.744680851063826
 10
824.0
 20
38.494715168153846
 10
824.0
 20
38.24474948524385
 10
824.0
 20
37.99478380233365
 10
824.0
 20
37.74481811942365
 10
824.0
 20
37.49485243651345
 10
824.0
 20
37.24488675360345
 10
824.0
 20
36.99492107069322
 10
824.0
 20
36.74495538778325
 10
824.0
 20
36.494989704873035
 10
824.0
 20
36.24502402196305
 10
824.0
 20
35.99505833905306
 10
824.0
 20
35.745092656142845
 10
824.0
 20
35.49512697323286
 10
824.0
 20
35.24516129032264
 10
824.0
 20
34.995195607412654
 10
824.0
 20
34.74522992450245
 10
824.0
 20
34.49526424159245
 10
824.0
 20
34.24529855868224
 10
824.0
 20
33.99533287577225
 10
824.0
 20
33.74536719286226
 10
824.0
 20
33.495401509952046
 10
824.0
 20
33.24543582704206
 10
824.0
 20
32.99547014413184
 10
824.0
 20
32.745504461221856
 10
824.0
 20
32.495538778311655
 10
824.0
 20
32.24557309540165
 10
824.0
 20
31.995607412491424
 10
824.0
 20
31.74564172958145
 10
824.0
 20
31.49567604667145
 10
824.0
 20
31.245710363761248
 10
824.0
 20
30.99574468085126
 10
824.0
 20
30.745778997941045
 10
824.0
 20
30.495813315031057
 10
824.0
 20
30.245847632120856
 10
824.0
 20
29.995881949210855
 10
824.0
 20
29.745916266300625
 10
824.0
 20
29.495950583390652
 10
824.0
 20
29.245984900480437
 10
824.0
 20
28.99601921757045
 10
824.0
 20
28.74605353466046
 10
824.0
 20
28.496087851750247
 10
824.0
 20
28.24612216884026
 10
824.0
 20
27.996156485930058
 10
824.0
 20
27.746190803020056
 10
824.0
 20
27.496225120109827
 10
824.0
 20
27.246259437199853
 10
824.0
 20
26.99629375428964
 10
824.0
 20
26.74632807137965
 10
824.0
 20
26.496362388469663
 10
824.0
 20
26.246396705559448
 10
824.0
 20
25.99643102264946
 10
824.0
 20
25.74646533973926
 10
824.0
 20
25.496499656829258
 10
824.0
 20
25.24653397391903
 10
824.0
 20
24.996568291009055
 10
824.0
 20
24.74660260809884
 10
824.0
 20
24.496636925188852
 10
824.0
 20
24.246671242278865
 10
824.0
 20
23.99670555936865
 10
824.0
 20
23.746739876458662
 10
824.0
 20
23.49677419354846
 10
824.0
 20
23.24680851063846
 10
824.0
 20
22.99684282772823
 10
824.0
 20
22.746877144818257
 10
824.0
 20
22.49691146190804
 10
824.0
 20
22.246945778998054
 10
824.0
 20
21.99698009608784
 10
824.0
 20
21.74701441317785
 10
824.0
 20
21.497048730267863
 10
824.0
 20
21.24708304735765
 10
824.0
 20
20.99711736444766
 10
824.0
 20
20.74715168153743
 10
824.0
 20
20.497185998627458
 10
824.0
 20
20.247220315717243
 10
824.0
 20
19.997254632807255
 10
824.0
 20
19.74728894989704
 10
824.0
 20
19.497323266987053
 10
824.0
 20
19.247357584077065
 10
824.0
 20
18.99739190116685
 10
824.0
 20
18.747426218256862
 10
824.0
 20
18.49746053534666
 10
824.0
 20
18.24749485243666
 10
824.0
 20
17.997529169526445
 10
824.0
 20
17.747563486616457
 10
824.0
 20
17.497597803706242
 10
824.0
 20
17.247632120796254
 10
824.0
 20
16.997666437886267
 10
824.0
 20
16.74770075497605
 10
824.0
 20
16.497735072066064
 10
824.0
 20
16.247769389155863
 10
824.0
 20
15.997803706245861
 10
824.0
 20
15.747838023335632
 10
824.0
 20
15.497872340425658
 10
824.0
 20
15.247906657515443
 10
824.0
 20
14.997940974605456
 10
824.0
 20
14.74797529169524
 10
824.0
 20
14.498009608785253
 10
824.0
 20
14.248043925875265
 10
824.0
 20
13.998078242965065
 10
824.0
 20
13.748112560055063
 10
824.0
 20
13.498146877144833
 10
824.0
 20
13.24818119423486
 10
824.0
 20
12.998215511324645
 10
824.0
 20
12.748249828414657
 10
824.0
 20
12.498284145504442
 10
824.0
 20
12.248318462594455
 10
824.0
 20
11.998352779684467
 10
824.0
 20
11.748387096774266
 10
824.0
 20
11.498421413864264
 10
824.0
 20
11.248455730954035
 10
824.0
 20
10.998490048044061
 10
824.0
 20
10.748524365133846
 10
824.0
 20
10.498558682223859
 10
824.0
 20
10.248592999313644
 10
824.0
 20
9.998627316403656
 10
824.0
 20
9.748661633493441
 10
824.0
 20
9.498695950583468
 10
824.0
 20
9.248730267673466
 10
824.0
 20
8.998764584763236
 10
824.0
 20
8.748798901853263
 10
824.0
 20
8.498833218943048
 10
824.0
 20
8.24886753603306
 10
824.0
 20
7.998901853122845
 10
824.0
 20
7.748936170212858
 10
824.0
 20
7.498970487302643
 10
824.0
 20
7.249004804392669
 10
824.0
 20
6.999039121482667
 10
824.0
 20
6.749073438572438
 10
824.0
 20
6.499107755662465
 10
824.0
 20
6.249142072752235
 10
824.0
 20
5.999176389842262
 10
824.0
 20
5.749210706932047
 10
824.0
 20
5.499245024022059
 10
824.0
 20
5.249279341111844
 10
824.0
 20
4.999313658201871
 10
824.0
 20
4.749347975291869
 10
824.0
 20
4.49938229238164
 10
824.0
 20
4.249416609471666
 10
824.0
 20
3.999450926561437
 10
824.0
 20
3.7494852436514634
 10
824.0
 20
3.4995195607412484
 10
824.0
 20
3.2495538778312607
 10
824.0
 20
2.9995881949210457
 10
824.0
 20
2.749622512011072
 10
824.0
 20
2.499656829100843
 10
824.0
 20
2.2496911461908695
 10
824.0
 20
1.9997254632808676
 10
824.0
 20
1.7497597803706384
 10
824.0
 20
1.499794097460665
 10
824.0
 20
1.24982841455045
 10
824.0
 20
0.9998627316404622
 10
824.0
 20
0.7498970487302472
 10
824.0
 20
0.49993136582027375
 10
824.0
 20
0.2499656829100445
  0
LWPOLYLINE
  5
67
330
17
100
AcDbEntity
  8
REFERENCE_GEOMETRY
100
AcDbPolyline
 90
72
 70
1
 10
807.7000000648777
 20
7.149999999633295
 10
807.6935310516341
 20
7.298164762295719
 10
807.674173245
 20
7.445201901649953
 10
807.6420739695725
 20
7.589992376282058
 10
807.5974775202197
 20
7.731434243253204
 10
807.5407233028493
 20
7.868451044550809
 10
807.4722432513245
 20
7.999999999583989
 10
807.3925585401869
 20
8.125079941373512
 10
807.3022756182031
 20
8.242738936037025
 10
807.2020815929237
 20
8.352081527580697
 10
807.0927390013801
 20
8.452275552860018
 10
806.9750800067166
 20
8.542558474843803
 10
806.850000064927
 20
8.622243185981441
 10
806.7184511098939
 20
8.690723237506228
 10
806.5814343085963
 20
8.747477454876675
 10
806.4399924416251
 20
8.79207390422946
 10
806.295201966993
 20
8.824173179656935
 10
806.1481648276388
 20
8.843530986291027
 10
806.0000000649763
 20
8.849999999534685
 10
805.8518353023139
 20
8.843530986291027
 10
805.7047981629597
 20
8.824173179656935
 10
805.5600076883276
 20
8.79207390422946
 10
805.4185658213564
 20
8.747477454876675
 10
805.2815490200588
 20
8.690723237506228
 10
805.1500000650257
 20
8.622243185981441
 10
805.0249201232361
 20
8.542558474843803
 10
804.9072611285726
 20
8.452275552860018
 10
804.797918537029
 20
8.352081527580697
 10
804.6977245117496
 20
8.242738936037027
 10
804.6074415897658
 20
8.125079941373512
 10
804.5277568786282
 20
7.99999999958399
 10
804.4592768271034
 20
7.868451044550809
 10
804.402522609733
 20
7.731434243253204
 10
804.3579261603802
 20
7.589992376282058
 10
804.3258268849527
 20
7.445201901649953
 10
804.3064690783186
 20
7.298164762295719
 10
804.300000065075
 20
7.149999999633295
 10
804.3064690783186
 20
7.00183523697087
 10
804.3258268849527
 20
6.854798097616637
 10
804.3579261603802
 20
6.7100076229845325
 10
804.402522609733
 20
6.568565756013385
 10
804.4592768271034
 20
6.431548954715781
 10
804.5277568786282
 20
6.2999999996825995
 10
804.6074415897658
 20
6.174920057893077
 10
804.6977245117496
 20
6.057261063229564
 10
804.797918537029
 20
5.947918471685892
 10
804.9072611285726
 20
5.8477244464065725
 10
805.0249201232361
 20
5.757441524422785
 10
805.1500000650257
 20
5.677756813285148
 10
805.2815490200588
 20
5.609276761760362
 10
805.4185658213564
 20
5.552522544389914
 10
805.5600076883276
 20
5.50792609503713
 10
805.7047981629597
 20
5.475826819609654
 10
805.8518353023139
 20
5.456469012975562
 10
806.0000000649763
 20
5.449999999731905
 10
806.1481648276388
 20
5.456469012975562
 10
806.295201966993
 20
5.475826819609654
 10
806.4399924416251
 20
5.507926095037129
 10
806.5814343085963
 20
5.552522544389914
 10
806.7184511098939
 20
5.609276761760361
 10
806.850000064927
 20
5.677756813285148
 10
806.9750800067166
 20
5.757441524422786
 10
807.0927390013801
 20
5.847724446406572
 10
807.2020815929237
 20
5.947918471685892
 10
807.3022756182031
 20
6.0572610632295625
 10
807.3925585401869
 20
6.174920057893076
 10
807.4722432513245
 20
6.2999999996826
 10
807.5407233028493
 20
6.43154895471578
 10
807.5974775202197
 20
6.568565756013385
 10
807.6420739695725
 20
6.710007622984532
 10
807.674173245
 20
6.854798097616636
 10
807.6935310516341
 20
7.00183523697087
  0
LWPOLYLINE
  5
68
330
17
100
AcDbEntity
  8
REFERENCE_GEOMETRY
100
AcDbPolyline
 90
72
 70
1
 10
807.7000001692695
 20
195.15000001975724
 10
807.6935311560259
 20
195.29816478241966
 10
807.6741733493918
 20
195.4452019217739
 10
807.6420740739643
 20
195.58999239640602
 10
807.5974776246115
 20
195.73143426337717
 10
807.5407234072411
 20
195.86845106467476
 10
807.4722433557163
 20
196.00000001970793
 10
807.3925586445787
 20
196.12507996149745
 10
807.3022757225949
 20
196.24273895616096
 10
807.2020816973155
 20
196.35208154770464
 10
807.0927391057719
 20
196.45227557298398
 10
806.9750801111084
 20
196.54255849496775
 10
806.8500001693188
 20
196.6222432061054
 10
806.7184512142857
 20
196.69072325763017
 10
806.5814344129881
 20
196.74747747500064
 10
806.4399925460169
 20
196.79207392435342
 10
806.2952020713848
 20
196.8241731997809
 10
806.1481649320306
 20
196.84353100641496
 10
806.0000001693681
 20
196.85000001965864
 10
805.8518354067057
 20
196.84353100641496
 10
805.7047982673515
 20
196.8241731997809
 10
805.5600077927194
 20
196.79207392435342
 10
805.4185659257482
 20
196.74747747500064
 10
805.2815491244506
 20
196.69072325763017
 10
805.1500001694175
 20
196.6222432061054
 10
805.024920227628
 20
196.54255849496775
 10
804.9072612329644
 20
196.45227557298398
 10
804.7979186414208
 20
196.35208154770464
 10
804.6977246161414
 20
196.24273895616096
 10
804.6074416941576
 20
196.12507996149745
 10
804.52775698302
 20
196.00000001970793
 10
804.4592769314952
 20
195.86845106467476
 10
804.4025227141248
 20
195.73143426337717
 10
804.357926264772
 20
195.58999239640602
 10
804.3258269893445
 20
195.4452019217739
 10
804.3064691827104
 20
195.29816478241966
 10
804.3000001694668
 20
195.15000001975724
 10
804.3064691827104
 20
195.00183525709483
 10
804.3258269893445
 20
194.8547981177406
 10
804.357926264772
 20
194.71000764310847
 10
804.4025227141248
 20
194.56856577613732
 10
804.4592769314952
 20
194.43154897483973
 10
804.52775698302
 20
194.30000001980656
 10
804.6074416941576
 20
194.17492007801704
 10
804.6977246161414
 20
194.05726108335352
 10
804.7979186414208
 20
193.94791849180984
 10
804.9072612329644
 20
193.8477244665305
 10
805.024920227628
 20
193.75744154454674
 10
805.1500001694175
 20
193.6777568334091
 10
805.2815491244506
 20
193.60927678188432
 10
805.4185659257482
 20
193.55252256451385
 10
805.5600077927194
 20
193.50792611516107
 10
805.7047982673515
 20
193.4758268397336
 10
805.8518354067057
 20
193.45646903309952
 10
806.0000001693681
 20
193.45000001985585
 10
806.1481649320306
 20
193.45646903309952
 10
806.2952020713848
 20
193.4758268397336
 10
806.4399925460169
 20
193.50792611516107
 10
806.5814344129881
 20
193.55252256451385
 10
806.7184512142857
 20
193.60927678188432
 10
806.8500001693188
 20
193.6777568334091
 10
806.9750801111084
 20
193.75744154454674
 10
807.0927391057719
 20
193.8477244665305
 10
807.2020816973155
 20
193.94791849180984
 10
807.3022757225949
 20
194.05726108335352
 10
807.3925586445787
 20
194.17492007801704
 10
807.4722433557163
 20
194.30000001980656
 10
807.5407234072411
 20
194.43154897483973
 10
807.5974776246115
 20
194.56856577613735
 10
807.6420740739643
 20
194.71000764310847
 10
807.6741733493918
 20
194.8547981177406
 10
807.6935311560259
 20
195.00183525709483
  0
LWPOLYLINE
  5
69
330
17
100
AcDbEntity
  8
REFERENCE_GEOMETRY
100
AcDbPolyline
 90
72
 70
1
 10
747.7000000374316
 20
7.1500000000567
 10
747.6935310241879
 20
7.298164762719124
 10
747.6741732175539
 20
7.445201902073358
 10
747.6420739421263
 20
7.589992376705463
 10
747.5974774927736
 20
7.73143424367661
 10
747.5407232754031
 20
7.868451044974214
 10
747.4722432238783
 20
8.000000000007395
 10
747.3925585127407
 20
8.125079941796917
 10
747.302275590757
 20
8.24273893646043
 10
747.2020815654776
 20
8.352081528004103
 10
747.0927389739339
 20
8.452275553283423
 10
746.9750799792704
 20
8.542558475267208
 10
746.8500000374809
 20
8.622243186404846
 10
746.7184510824477
 20
8.690723237929634
 10
746.5814342811501
 20
8.74747745530008
 10
746.439992414179
 20
8.792073904652865
 10
746.2952019395468
 20
8.82417318008034
 10
746.1481648001926
 20
8.843530986714432
 10
746.0000000375302
 20
8.84999999995809
 10
745.8518352748678
 20
8.843530986714432
 10
745.7047981355136
 20
8.82417318008034
 10
745.5600076608814
 20
8.792073904652865
 10
745.4185657939103
 20
8.74747745530008
 10
745.2815489926127
 20
8.690723237929634
 10
745.1500000375795
 20
8.622243186404846
 10
745.02492009579
 20
8.542558475267208
 10
744.9072611011264
 20
8.452275553283423
 10
744.7979185095828
 20
8.352081528004103
 10
744.6977244843034
 20
8.242738936460432
 10
744.6074415623197
 20
8.125079941796917
 10
744.5277568511821
 20
8.000000000007395
 10
744.4592767996572
 20
7.868451044974214
 10
744.4025225822868
 20
7.73143424367661
 10
744.357926132934
 20
7.589992376705463
 10
744.3258268575065
 20
7.445201902073358
 10
744.3064690508725
 20
7.298164762719124
 10
744.3000000376288
 20
7.1500000000567
 10
744.3064690508725
 20
7.001835237394276
 10
744.3258268575065
 20
6.8547980980400425
 10
744.357926132934
 20
6.710007623407938
 10
744.4025225822868
 20
6.56856575643679
 10
744.4592767996572
 20
6.431548955139187
 10
744.5277568511821
 20
6.300000000106005
 10
744.6074415623197
 20
6.1749200583164825
 10
744.6977244843034
 20
6.05726106365297
 10
744.7979185095828
 20
5.947918472109297
 10
744.9072611011264
 20
5.847724446829978
 10
745.02492009579
 20
5.7574415248461905
 10
745.1500000375795
 20
5.6777568137085535
 10
745.2815489926127
 20
5.609276762183767
 10
745.4185657939103
 20
5.5525225448133195
 10
745.5600076608814
 20
5.507926095460535
 10
745.7047981355136
 20
5.475826820033059
 10
745.8518352748678
 20
5.4564690133989675
 10
746.0000000375302
 20
5.450000000155311
 10
746.1481648001926
 20
5.4564690133989675
 10
746.2952019395468
 20
5.475826820033059
 10
746.439992414179
 20
5.507926095460534
 10
746.5814342811501
 20
5.5525225448133195
 10
746.7184510824477
 20
5.609276762183766
 10
746.8500000374809
 20
5.6777568137085535
 10
746.9750799792704
 20
5.757441524846191
 10
747.0927389739339
 20
5.847724446829977
 10
747.2020815654776
 20
5.947918472109297
 10
747.302275590757
 20
6.057261063652968
 10
747.3925585127407
 20
6.174920058316482
 10
747.4722432238783
 20
6.300000000106006
 10
747.5407232754031
 20
6.431548955139185
 10
747.5974774927736
 20
6.56856575643679
 10
747.6420739421263
 20
6.710007623407937
 10
747.6741732175539
 20
6.854798098040042
 10
747.6935310241879
 20
7.001835237394276
  0
LWPOLYLINE
  5
6A
330
17
100
AcDbEntity
  8
REFERENCE_GEOMETRY
100
AcDbPolyline
 90
72
 70
1
 10
747.6999999143572
 20
195.15000002052452
 10
747.6935309011135
 20
195.29816478318992
 10
747.674173094479
 20
195.4452019225471
 10
747.6420738190509
 20
195.58999239718213
 10
747.5974773696972
 20
195.73143426415615
 10
747.5407231523257
 20
195.8684510654565
 10
747.4722431007995
 20
196.00000002049234
 10
747.3925583896602
 20
196.12507996228436
 10
747.3022754676746
 20
196.24273895695026
 10
747.2020814423933
 20
196.35208154849613
 10
747.0927388508474
 20
196.45227557377746
 10
746.9750798561815
 20
196.54255849576307
 10
746.8499999143895
 20
196.6222432069023
 10
746.7184509593536
 20
196.69072325842848
 10
746.5814341580533
 20
196.74747747580008
 10
746.4399922910793
 20
196.79207392515374
 10
746.2952018164443
 20
196.82417320058187
 10
746.148164677087
 20
196.84353100721637
 10
745.9999999144217
 20
196.85000002046016
 10
745.8518351517563
 20
196.84353100721637
 10
745.704798012399
 20
196.82417320058187
 10
745.560007537764
 20
196.79207392515374
 10
745.41856567079
 20
196.74747747580008
 10
745.2815488694897
 20
196.69072325842848
 10
745.1499999144538
 20
196.6222432069023
 10
745.0249199726618
 20
196.54255849576307
 10
744.907260977996
 20
196.45227557377746
 10
744.7979183864501
 20
196.35208154849613
 10
744.6977243611688
 20
196.24273895695026
 10
744.6074414391832
 20
196.12507996228436
 10
744.5277567280439
 20
196.00000002049234
 10
744.4592766765177
 20
195.8684510654565
 10
744.4025224591461
 20
195.73143426415615
 10
744.3579260097924
 20
195.58999239718213
 10
744.3258267343643
 20
195.4452019225471
 10
744.3064689277298
 20
195.29816478318992
 10
744.2999999144861
 20
195.15000002052452
 10
744.3064689277298
 20
195.0018352578591
 10
744.3258267343643
 20
194.85479811850192
 10
744.3579260097924
 20
194.7100076438669
 10
744.4025224591461
 20
194.56856577689288
 10
744.4592766765177
 20
194.43154897559253
 10
744.5277567280439
 20
194.3000000205567
 10
744.6074414391832
 20
194.17492007876467
 10
744.6977243611688
 20
194.05726108409877
 10
744.7979183864501
 20
193.9479184925529
 10
744.907260977996
 20
193.84772446727158
 10
745.0249199726618
 20
193.75744154528596
 10
745.1499999144538
 20
193.67775683414672
 10
745.2815488694897
 20
193.60927678262055
 10
745.41856567079
 20
193.55252256524895
 10
745.560007537764
 20
193.5079261158953
 10
745.704798012399
 20
193.47582684046716
 10
745.8518351517563
 20
193.45646903383266
 10
745.9999999144217
 20
193.45000002058887
 10
746.148164677087
 20
193.45646903383266
 10
746.2952018164443
 20
193.47582684046716
 10
746.4399922910793
 20
193.5079261158953
 10
746.5814341580533
 20
193.55252256524895
 10
746.7184509593536
 20
193.60927678262055
 10
746.8499999143895
 20
193.67775683414672
 10
746.9750798561815
 20
193.75744154528596
 10
747.0927388508474
 20
193.84772446727158
 10
747.2020814423933
 20
193.9479184925529
 10
747.3022754676746
 20
194.05726108409877
 10
747.3925583896602
 20
194.17492007876467
 10
747.4722431007995
 20
194.3000000205567
 10
747.5407231523257
 20
194.43154897559253
 10
747.5974773696972
 20
194.56856577689288
 10
747.6420738190509
 20
194.7100076438669
 10
747.674173094479
 20
194.85479811850192
 10
747.6935309011135
 20
195.0018352578591
  0
LWPOLYLINE
  5
6B
330
17
100
AcDbEntity
  8
REFERENCE_GEOMETRY
100
AcDbPolyline
 90
72
 70
1
 10
687.6999999622628
 20
7.149999999875317
 10
687.6935309490189
 20
7.298164762545202
 10
687.6741731423838
 20
7.445201901906839
 10
687.6420738669547
 20
7.589992376546235
 10
687.5974774175996
 20
7.731434243524504
 10
687.5407232002264
 20
7.8684510448290075
 10
687.4722431486981
 20
7.999999999868812
 10
687.3925584375565
 20
8.125079941664632
 10
687.3022755155681
 20
8.24273893633407
 10
687.2020814902838
 20
8.352081527883248
 10
687.0927388987346
 20
8.452275553167613
 10
686.9750799040652
 20
8.542558475155944
 10
686.8499999622694
 20
8.622243186297595
 10
686.7184510072295
 20
8.69072323782583
 10
686.581434205925
 20
8.747477455199135
 10
686.4399923389468
 20
8.792073904554165
 10
686.2952018643074
 20
8.824173179983257
 10
686.1481647249458
 20
8.843530986618322
 10
685.9999999622759
 20
8.849999999862305
 10
685.851835199606
 20
8.843530986618322
 10
685.7047980602443
 20
8.824173179983257
 10
685.5600075856049
 20
8.792073904554165
 10
685.4185657186267
 20
8.747477455199135
 10
685.2815489173222
 20
8.69072323782583
 10
685.1499999622823
 20
8.622243186297595
 10
685.0249200204865
 20
8.542558475155944
 10
684.9072610258171
 20
8.452275553167613
 10
684.7979184342679
 20
8.352081527883248
 10
684.6977244089836
 20
8.24273893633407
 10
684.6074414869952
 20
8.125079941664632
 10
684.5277567758536
 20
7.999999999868812
 10
684.4592767243254
 20
7.8684510448290075
 10
684.4025225069521
 20
7.731434243524504
 10
684.3579260575971
 20
7.589992376546235
 10
684.325826782168
 20
7.445201901906839
 10
684.3064689755329
 20
7.298164762545202
 10
684.2999999622889
 20
7.149999999875317
 10
684.3064689755329
 20
7.001835237205433
 10
684.325826782168
 20
6.854798097843795
 10
684.3579260575971
 20
6.7100076232044
 10
684.4025225069521
 20
6.56856575622613
 10
684.4592767243254
 20
6.431548954921627
 10
684.5277567758536
 20
6.299999999881822
 10
684.6074414869952
 20
6.174920058086002
 10
684.6977244089836
 20
6.057261063416564
 10
684.7979184342679
 20
5.9479184718673865
 10
684.9072610258171
 20
5.847724446583022
 10
685.0249200204865
 20
5.757441524594689
 10
685.1499999622823
 20
5.67775681345304
 10
685.2815489173222
 20
5.6092767619248045
 10
685.4185657186267
 20
5.552522544551499
 10
685.5600075856049
 20
5.507926095196469
 10
685.7047980602443
 20
5.475826819767377
 10
685.851835199606
 20
5.4564690131323115
 10
685.9999999622759
 20
5.449999999888329
 10
686.1481647249458
 20
5.4564690131323115
 10
686.2952018643074
 20
5.475826819767377
 10
686.4399923389468
 20
5.507926095196469
 10
686.581434205925
 20
5.5525225445515
 10
686.7184510072295
 20
5.609276761924804
 10
686.8499999622694
 20
5.677756813453039
 10
686.9750799040652
 20
5.7574415245946895
 10
687.0927388987346
 20
5.847724446583022
 10
687.2020814902838
 20
5.9479184718673865
 10
687.3022755155681
 20
6.057261063416563
 10
687.3925584375565
 20
6.174920058086001
 10
687.4722431486981
 20
6.299999999881823
 10
687.5407232002264
 20
6.431548954921626
 10
687.5974774175996
 20
6.56856575622613
 10
687.6420738669547
 20
6.710007623204399
 10
687.6741731423838
 20
6.854798097843795
 10
687.6935309490189
 20
7.001835237205432
  0
LWPOLYLINE
  5
6C
330
17
100
AcDbEntity
  8
REFERENCE_GEOMETRY
100
AcDbPolyline
 90
72
 70
1
 10
687.6999999897214
 20
195.1499999920585
 10
687.6935309764773
 20
195.29816475472987
 10
687.6741731698421
 20
195.445201894093
 10
687.6420738944126
 20
195.58999236873385
 10
687.5974774450572
 20
195.73143423571355
 10
687.5407232276833
 20
195.8684510370194
 10
687.4722431761544
 20
195.99999999206054
 10
687.3925584650119
 20
196.12507993385762
 10
687.3022755430227
 20
196.24273892852827
 10
687.2020815177373
 20
196.35208152007854
 10
687.092738926187
 20
196.4522755453639
 10
686.9750799315163
 20
196.54255846735316
 10
686.8499999897193
 20
196.6222431784956
 10
686.7184510346782
 20
196.69072323002453
 10
686.5814342333723
 20
196.7474774473984
 10
686.4399923663926
 20
196.7920738967539
 10
686.2952018917517
 20
196.8241731721833
 10
686.1481647523887
 20
196.84353097881856
 10
685.9999999897173
 20
196.8499999920626
 10
685.8518352270459
 20
196.84353097881856
 10
685.7047980876828
 20
196.8241731721833
 10
685.5600076130419
 20
196.7920738967539
 10
685.4185657460622
 20
196.7474774473984
 10
685.2815489447563
 20
196.69072323002453
 10
685.1499999897152
 20
196.6222431784956
 10
685.0249200479182
 20
196.54255846735316
 10
684.9072610532475
 20
196.4522755453639
 10
684.7979184616972
 20
196.35208152007854
 10
684.6977244364118
 20
196.24273892852827
 10
684.6074415144226
 20
196.12507993385762
 10
684.5277568032801
 20
195.99999999206057
 10
684.4592767517512
 20
195.8684510370194
 10
684.4025225343773
 20
195.73143423571355
 10
684.3579260850219
 20
195.58999236873385
 10
684.3258268095924
 20
195.445201894093
 10
684.3064690029572
 20
195.29816475472987
 10
684.2999999897131
 20
195.1499999920585
 10
684.3064690029572
 20
195.00183522938713
 10
684.3258268095924
 20
194.854798090024
 10
684.3579260850219
 20
194.71000761538315
 10
684.4025225343773
 20
194.56856574840344
 10
684.4592767517512
 20
194.43154894709758
 10
684.5277568032801
 20
194.29999999205646
 10
684.6074415144226
 20
194.17492005025937
 10
684.6977244364118
 20
194.05726105558875
 10
684.7979184616972
 20
193.94791846403845
 10
684.9072610532475
 20
193.8477244387531
 10
685.0249200479182
 20
193.75744151676383
 10
685.1499999897152
 20
193.67775680562139
 10
685.2815489447563
 20
193.60927675409246
 10
685.4185657460622
 20
193.55252253671858
 10
685.5600076130419
 20
193.5079260873631
 10
685.7047980876828
 20
193.4758268119337
 10
685.8518352270459
 20
193.45646900529843
 10
685.9999999897173
 20
193.4499999920544
 10
686.1481647523887
 20
193.45646900529843
 10
686.2952018917517
 20
193.4758268119337
 10
686.4399923663926
 20
193.5079260873631
 10
686.5814342333723
 20
193.55252253671858
 10
686.7184510346782
 20
193.60927675409246
 10
686.8499999897193
 20
193.67775680562139
 10
686.9750799315163
 20
193.75744151676383
 10
687.092738926187
 20
193.8477244387531
 10
687.2020815177373
 20
193.94791846403845
 10
687.3022755430227
 20
194.05726105558873
 10
687.3925584650119
 20
194.17492005025937
 10
687.4722431761544
 20
194.29999999205646
 10
687.5407232276833
 20
194.43154894709758
 10
687.5974774450572
 20
194.56856574840344
 10
687.6420738944126
 20
194.71000761538315
 10
687.6741731698421
 20
194.854798090024
 10
687.6935309764773
 20
195.00183522938713
  0
LWPOLYLINE
  5
6D
330
17
100
AcDbEntity
  8
REFERENCE_GEOMETRY
100
AcDbPolyline
 90
72
 70
1
 10
627.6999999518073
 20
7.1499999997031765
 10
627.6935309385632
 20
7.298164762374554
 10
627.674173131928
 20
7.445201901737671
 10
627.6420738564985
 20
7.589992376378525
 10
627.5974774071431
 20
7.731434243358218
 10
627.5407231897692
 20
7.868451044664102
 10
627.4722431382403
 20
7.9999999997052305
 10
627.3925584270978
 20
8.125079941502312
 10
627.3022755051086
 20
8.242738936172934
 10
627.2020814798232
 20
8.352081527723213
 10
627.092738888273
 20
8.452275553008587
 10
626.9750798936022
 20
8.542558474997827
 10
626.8499999518052
 20
8.622243186140281
 10
626.7184509967641
 20
8.690723237669205
 10
626.5814341954582
 20
8.747477455043082
 10
626.4399923284785
 20
8.792073904398562
 10
626.2952018538376
 20
8.824173179827977
 10
626.1481647144745
 20
8.843530986463238
 10
625.9999999518031
 20
8.849999999707284
 10
625.8518351891317
 20
8.843530986463238
 10
625.7047980497687
 20
8.824173179827977
 10
625.5600075751278
 20
8.792073904398562
 10
625.4185657081481
 20
8.747477455043082
 10
625.2815489068422
 20
8.690723237669205
 10
625.1499999518011
 20
8.622243186140281
 10
625.024920010004
 20
8.542558474997827
 10
624.9072610153333
 20
8.452275553008587
 10
624.7979184237831
 20
8.352081527723213
 10
624.6977243984977
 20
8.242738936172934
 10
624.6074414765085
 20
8.12507994150231
 10
624.527756765366
 20
7.999999999705231
 10
624.4592767138371
 20
7.868451044664102
 10
624.4025224964632
 20
7.731434243358219
 10
624.3579260471078
 20
7.589992376378524
 10
624.3258267716783
 20
7.445201901737671
 10
624.3064689650431
 20
7.298164762374554
 10
624.299999951799
 20
7.1499999997031765
 10
624.3064689650431
 20
7.0018352370318
 10
624.3258267716783
 20
6.854798097668682
 10
624.3579260471078
 20
6.7100076230278285
 10
624.4025224964632
 20
6.568565756048135
 10
624.4592767138371
 20
6.431548954742252
 10
624.527756765366
 20
6.299999999701122
 10
624.6074414765085
 20
6.174920057904042
 10
624.6977243984977
 20
6.057261063233419
 10
624.7979184237831
 20
5.94791847168314
 10
624.9072610153333
 20
5.847724446397766
 10
625.024920010004
 20
5.757441524408524
 10
625.1499999518011
 20
5.677756813266073
 10
625.2815489068422
 20
5.609276761737148
 10
625.4185657081481
 20
5.5525225443632715
 10
625.5600075751278
 20
5.507926095007791
 10
625.7047980497687
 20
5.475826819578376
 10
625.8518351891317
 20
5.456469012943116
 10
625.9999999518031
 20
5.449999999699068
 10
626.1481647144745
 20
5.456469012943116
 10
626.2952018538376
 20
5.475826819578376
 10
626.4399923284785
 20
5.507926095007791
 10
626.5814341954582
 20
5.5525225443632715
 10
626.7184509967641
 20
5.6092767617371475
 10
626.8499999518052
 20
5.677756813266072
 10
626.9750798936022
 20
5.757441524408525
 10
627.092738888273
 20
5.847724446397766
 10
627.2020814798232
 20
5.94791847168314
 10
627.3022755051086
 20
6.057261063233418
 10
627.3925584270978
 20
6.174920057904041
 10
627.4722431382403
 20
6.2999999997011225
 10
627.5407231897692
 20
6.43154895474225
 10
627.5974774071431
 20
6.568565756048135
 10
627.6420738564985
 20
6.710007623027828
 10
627.674173131928
 20
6.854798097668681
 10
627.6935309385632
 20
7.001835237031799
  0
LWPOLYLINE
  5
6E
330
17
100
AcDbEntity
  8
REFERENCE_GEOMETRY
100
AcDbPolyline
 90
72
 70
1
 10
627.6999999029217
 20
195.14999998474713
 10
627.6935308896776
 20
195.29816474742
 10
627.6741730830422
 20
195.4452018867846
 10
627.6420738076124
 20
195.5899923614269
 10
627.5974773582565
 20
195.73143422840803
 10
627.540723140882
 20
195.8684510297153
 10
627.4722430893524
 20
195.99999998475775
 10
627.3925583782092
 20
196.12507992655608
 10
627.302275456219
 20
196.2427389212279
 10
627.2020814309327
 20
196.35208151277928
 10
627.0927388393812
 20
196.45227553806566
 10
626.9750798447095
 20
196.5425584600558
 10
626.8499999029111
 20
196.62224317119905
 10
626.7184509478686
 20
196.69072322272868
 10
626.5814341465614
 20
196.74747744010313
 10
626.4399922795803
 20
196.79207388945906
 10
626.295201804938
 20
196.82417316488878
 10
626.1481646655734
 20
196.84353097152425
 10
625.9999999029005
 20
196.84999998476835
 10
625.8518351402276
 20
196.84353097152425
 10
625.7047980008631
 20
196.82417316488878
 10
625.5600075262207
 20
196.79207388945906
 10
625.4185656592397
 20
196.74747744010313
 10
625.2815488579324
 20
196.69072322272868
 10
625.1499999028899
 20
196.62224317119905
 10
625.0249199610915
 20
196.5425584600558
 10
624.9072609664198
 20
196.45227553806566
 10
624.7979183748683
 20
196.35208151277928
 10
624.697724349582
 20
196.2427389212279
 10
624.6074414275919
 20
196.12507992655608
 10
624.5277567164486
 20
195.99999998475775
 10
624.459276664919
 20
195.8684510297153
 10
624.4025224475446
 20
195.73143422840803
 10
624.3579259981886
 20
195.5899923614269
 10
624.3258267227588
 20
195.4452018867846
 10
624.3064689161234
 20
195.29816474742
 10
624.2999999028793
 20
195.14999998474713
 10
624.3064689161234
 20
195.00183522207425
 10
624.3258267227588
 20
194.85479808270966
 10
624.3579259981886
 20
194.71000760806734
 10
624.4025224475446
 20
194.56856574108622
 10
624.459276664919
 20
194.43154893977896
 10
624.5277567164486
 20
194.2999999847365
 10
624.6074414275919
 20
194.17492004293817
 10
624.697724349582
 20
194.05726104826635
 10
624.7979183748683
 20
193.94791845671497
 10
624.9072609664198
 20
193.8477244314286
 10
625.0249199610915
 20
193.75744150943845
 10
625.1499999028899
 20
193.6777567982952
 10
625.2815488579324
 20
193.60927674676557
 10
625.4185656592397
 20
193.55252252939113
 10
625.5600075262207
 20
193.5079260800352
 10
625.7047980008631
 20
193.47582680460548
 10
625.8518351402276
 20
193.45646899797
 10
625.9999999029005
 20
193.4499999847259
 10
626.1481646655734
 20
193.45646899797
 10
626.295201804938
 20
193.47582680460548
 10
626.4399922795803
 20
193.5079260800352
 10
626.5814341465614
 20
193.55252252939113
 10
626.7184509478686
 20
193.60927674676557
 10
626.8499999029111
 20
193.6777567982952
 10
626.9750798447095
 20
193.75744150943845
 10
627.0927388393812
 20
193.8477244314286
 10
627.2020814309327
 20
193.94791845671497
 10
627.302275456219
 20
194.05726104826635
 10
627.3925583782092
 20
194.17492004293817
 10
627.4722430893524
 20
194.2999999847365
 10
627.540723140882
 20
194.43154893977896
 10
627.5974773582565
 20
194.56856574108622
 10
627.6420738076124
 20
194.71000760806734
 10
627.6741730830422
 20
194.85479808270966
 10
627.6935308896776
 20
195.00183522207425
  0
LWPOLYLINE
  5
6F
330
17
100
AcDbEntity
  8
REFERENCE_GEOMETRY
100
AcDbPolyline
 90
72
 70
1
 10
567.7000000362425
 20
7.150000000739136
 10
567.6935310229985
 20
7.298164763407529
 10
567.6741732163637
 20
7.4452019027676855
 10
567.6420739409349
 20
7.589992377405623
 10
567.5974774915803
 20
7.731434244382467
 10
567.5407232742076
 20
7.868451045685592
 10
567.47224322268
 20
8.000000000724071
 10
567.3925585115392
 20
8.125079942518632
 10
567.3022755895518
 20
8.242738937186886
 10
567.2020815642684
 20
8.352081528734962
 10
567.0927389727203
 20
8.452275554018318
 10
566.9750799780521
 20
8.542558476005741
 10
566.8500000362575
 20
8.622243187146587
 10
566.7184510812191
 20
8.690723238674133
 10
566.5814342799159
 20
8.747477456046866
 10
566.4399924129391
 20
8.792073905401448
 10
566.2952019383011
 20
8.824173180830217
 10
566.148164798941
 20
8.843530987465087
 10
566.0000000362726
 20
8.850000000709006
 10
565.8518352736041
 20
8.843530987465087
 10
565.704798134244
 20
8.824173180830217
 10
565.5600076596061
 20
8.792073905401448
 10
565.4185657926292
 20
8.747477456046866
 10
565.2815489913261
 20
8.690723238674133
 10
565.1500000362877
 20
8.622243187146587
 10
565.024920094493
 20
8.542558476005741
 10
564.9072610998248
 20
8.452275554018318
 10
564.7979185082768
 20
8.352081528734962
 10
564.6977244829934
 20
8.242738937186886
 10
564.607441561006
 20
8.125079942518632
 10
564.5277568498651
 20
8.000000000724071
 10
564.4592767983376
 20
7.868451045685592
 10
564.4025225809648
 20
7.731434244382468
 10
564.3579261316103
 20
7.589992377405623
 10
564.3258268561815
 20
7.4452019027676855
 10
564.3064690495466
 20
7.298164763407529
 10
564.3000000363027
 20
7.150000000739136
 10
564.3064690495466
 20
7.001835238070743
 10
564.3258268561815
 20
6.854798098710587
 10
564.3579261316103
 20
6.7100076240726505
 10
564.4025225809648
 20
6.568565757095805
 10
564.4592767983376
 20
6.431548955792682
 10
564.5277568498651
 20
6.300000000754202
 10
564.607441561006
 20
6.174920058959641
 10
564.6977244829934
 20
6.057261064291388
 10
564.7979185082768
 20
5.947918472743312
 10
564.9072610998248
 20
5.847724447459956
 10
565.024920094493
 20
5.757441525472531
 10
565.1500000362877
 20
5.677756814331685
 10
565.2815489913261
 20
5.609276762804139
 10
565.4185657926292
 20
5.5525225454314056
 10
565.5600076596061
 20
5.507926096076824
 10
565.704798134244
 20
5.475826820648056
 10
565.8518352736041
 20
5.4564690140131855
 10
566.0000000362726
 20
5.4500000007692675
 10
566.148164798941
 20
5.4564690140131855
 10
566.2952019383011
 20
5.475826820648056
 10
566.4399924129391
 20
5.507926096076824
 10
566.5814342799159
 20
5.552522545431406
 10
566.7184510812191
 20
5.6092767628041384
 10
566.8500000362575
 20
5.677756814331684
 10
566.9750799780521
 20
5.757441525472532
 10
567.0927389727203
 20
5.847724447459955
 10
567.2020815642684
 20
5.947918472743311
 10
567.3022755895518
 20
6.057261064291387
 10
567.3925585115392
 20
6.17492005895964
 10
567.47224322268
 20
6.300000000754203
 10
567.5407232742076
 20
6.43154895579268
 10
567.5974774915803
 20
6.568565757095805
 10
567.6420739409349
 20
6.71000762407265
 10
567.6741732163637
 20
6.854798098710587
 10
567.6935310229985
 20
7.001835238070743
  0
LWPOLYLINE
  5
70
330
17
100
AcDbEntity
  8
REFERENCE_GEOMETRY
100
AcDbPolyline
 90
72
 70
1
 10
567.6999999959545
 20
195.14999998565483
 10
567.6935309827104
 20
195.2981647483262
 10
567.6741731760752
 20
195.44520188768934
 10
567.6420739006458
 20
195.58999236233018
 10
567.5974774512903
 20
195.73143422930988
 10
567.5407232339164
 20
195.86845103061574
 10
567.4722431823875
 20
195.99999998565687
 10
567.392558471245
 20
196.12507992745395
 10
567.3022755492558
 20
196.2427389221246
 10
567.2020815239704
 20
196.35208151367488
 10
567.0927389324202
 20
196.45227553896024
 10
566.9750799377495
 20
196.5425584609495
 10
566.8499999959524
 20
196.62224317209194
 10
566.7184510409113
 20
196.69072322362086
 10
566.5814342396054
 20
196.74747744099474
 10
566.4399923726257
 20
196.79207389035022
 10
566.2952018979848
 20
196.82417316577963
 10
566.1481647586218
 20
196.8435309724149
 10
565.9999999959504
 20
196.84999998565894
 10
565.851835233279
 20
196.8435309724149
 10
565.7047980939159
 20
196.82417316577963
 10
565.560007619275
 20
196.79207389035022
 10
565.4185657522953
 20
196.74747744099474
 10
565.2815489509894
 20
196.69072322362086
 10
565.1499999959483
 20
196.62224317209194
 10
565.0249200541513
 20
196.5425584609495
 10
564.9072610594806
 20
196.45227553896024
 10
564.7979184679303
 20
196.35208151367488
 10
564.6977244426449
 20
196.2427389221246
 10
564.6074415206557
 20
196.12507992745395
 10
564.5277568095132
 20
195.99999998565687
 10
564.4592767579843
 20
195.86845103061574
 10
564.4025225406104
 20
195.73143422930988
 10
564.357926091255
 20
195.58999236233018
 10
564.3258268158255
 20
195.44520188768934
 10
564.3064690091903
 20
195.2981647483262
 10
564.2999999959462
 20
195.14999998565483
 10
564.3064690091903
 20
195.00183522298346
 10
564.3258268158255
 20
194.85479808362032
 10
564.357926091255
 20
194.71000760897948
 10
564.4025225406104
 20
194.56856574199978
 10
564.4592767579843
 20
194.43154894069392
 10
564.5277568095132
 20
194.2999999856528
 10
564.6074415206557
 20
194.1749200438557
 10
564.6977244426449
 20
194.0572610491851
 10
564.7979184679303
 20
193.94791845763478
 10
564.9072610594806
 20
193.84772443234942
 10
565.0249200541513
 20
193.75744151036017
 10
565.1499999959483
 20
193.67775679921772
 10
565.2815489509894
 20
193.6092767476888
 10
565.4185657522953
 20
193.55252253031492
 10
565.560007619275
 20
193.50792608095944
 10
565.7047980939159
 20
193.47582680553003
 10
565.851835233279
 20
193.45646899889476
 10
565.9999999959504
 20
193.44999998565072
 10
566.1481647586218
 20
193.45646899889476
 10
566.2952018979848
 20
193.47582680553003
 10
566.4399923726257
 20
193.50792608095944
 10
566.5814342396054
 20
193.55252253031492
 10
566.7184510409113
 20
193.6092767476888
 10
566.8499999959524
 20
193.67775679921772
 10
566.9750799377495
 20
193.75744151036017
 10
567.0927389324202
 20
193.84772443234942
 10
567.2020815239704
 20
193.94791845763478
 10
567.3022755492558
 20
194.05726104918506
 10
567.392558471245
 20
194.1749200438557
 10
567.4722431823875
 20
194.2999999856528
 10
567.5407232339164
 20
194.43154894069392
 10
567.5974774512903
 20
194.56856574199978
 10
567.6420739006458
 20
194.71000760897948
 10
567.6741731760752
 20
194.85479808362032
 10
567.6935309827104
 20
195.00183522298346
  0
LWPOLYLINE
  5
71
330
17
100
AcDbEntity
  8
REFERENCE_GEOMETRY
100
AcDbPolyline
 90
72
 70
1
 10
507.69999998009126
 20
7.1499999999206185
 10
507.6935309668471
 20
7.298164762594234
 10
507.6741731602116
 20
7.445201901959573
 10
507.64207388478167
 20
7.589992376602614
 10
507.5974774354255
 20
7.731434243584443
 10
507.5407232180508
 20
7.868451044892397
 10
507.47224316652085
 20
7.999999999935513
 10
507.3925584553772
 20
8.125079941734484
 10
507.3022755333866
 20
8.242738936406884
 10
507.2020815080997
 20
8.352081527958813
 10
507.0927389165478
 20
8.4522755532457
 10
506.97507992187536
 20
8.542558475236305
 10
506.8499999800764
 20
8.622243186379961
 10
506.7184510250333
 20
8.690723237909921
 10
506.5814342237253
 20
8.747477455284654
 10
506.43999235674346
 20
8.792073904640809
 10
506.29520188210046
 20
8.824173180070709
 10
506.1481647427351
 20
8.843530986706261
 10
505.9999999800615
 20
8.849999999950407
 10
505.8518352173879
 20
8.843530986706261
 10
505.7047980780225
 20
8.824173180070709
 10
505.5600076033795
 20
8.792073904640809
 10
505.4185657363977
 20
8.747477455284654
 10
505.2815489350897
 20
8.690723237909921
 10
505.1499999800466
 20
8.622243186379961
 10
505.0249200382476
 20
8.542558475236305
 10
504.9072610435752
 20
8.4522755532457
 10
504.7979184520233
 20
8.352081527958813
 10
504.6977244267364
 20
8.242738936406884
 10
504.6074415047458
 20
8.125079941734482
 10
504.5277567936021
 20
7.999999999935513
 10
504.4592767420722
 20
7.868451044892397
 10
504.4025225246975
 20
7.731434243584443
 10
504.3579260753413
 20
7.589992376602614
 10
504.3258267999114
 20
7.445201901959573
 10
504.30646899327587
 20
7.298164762594234
 10
504.2999999800317
 20
7.1499999999206185
 10
504.30646899327587
 20
7.001835237247004
 10
504.3258267999114
 20
6.854798097881664
 10
504.3579260753413
 20
6.710007623238624
 10
504.4025225246975
 20
6.568565756256794
 10
504.4592767420722
 20
6.431548954948841
 10
504.5277567936021
 20
6.299999999905724
 10
504.6074415047458
 20
6.174920058106754
 10
504.6977244267364
 20
6.057261063434355
 10
504.7979184520233
 20
5.947918471882424
 10
504.9072610435752
 20
5.847724446595537
 10
505.0249200382476
 20
5.75744152460493
 10
505.1499999800466
 20
5.677756813461276
 10
505.2815489350897
 20
5.609276761931317
 10
505.4185657363977
 20
5.552522544556582
 10
505.5600076033795
 20
5.507926095200428
 10
505.7047980780225
 20
5.475826819770528
 10
505.8518352173879
 20
5.456469013134976
 10
505.9999999800615
 20
5.44999999989083
 10
506.1481647427351
 20
5.456469013134976
 10
506.29520188210046
 20
5.475826819770528
 10
506.43999235674346
 20
5.507926095200428
 10
506.5814342237253
 20
5.552522544556583
 10
506.7184510250333
 20
5.609276761931316
 10
506.8499999800764
 20
5.677756813461275
 10
506.97507992187536
 20
5.757441524604931
 10
507.0927389165478
 20
5.847724446595536
 10
507.2020815080997
 20
5.947918471882424
 10
507.3022755333866
 20
6.057261063434353
 10
507.3925584553772
 20
6.174920058106753
 10
507.47224316652085
 20
6.299999999905725
 10
507.5407232180508
 20
6.431548954948839
 10
507.5974774354255
 20
6.568565756256794
 10
507.64207388478167
 20
6.710007623238623
 10
507.6741731602116
 20
6.854798097881664
 10
507.6935309668471
 20
7.001835237247003
  0
LWPOLYLINE
  5
72
330
17
100
AcDbEntity
  8
REFERENCE_GEOMETRY
100
AcDbPolyline
 90
72
 70
1
 10
507.69999998699416
 20
195.1499999965365
 10
507.69353097374994
 20
195.29816475921086
 10
507.6741731671143
 20
195.44520189857695
 10
507.6420738916843
 20
195.58999237322072
 10
507.5974774423279
 20
195.73143424020327
 10
507.54072322495284
 20
195.86845104151192
 10
507.47224317342256
 20
195.9999999965557
 10
507.3925584622785
 20
196.12507993835527
 10
507.30227554028744
 20
196.24273893302828
 10
507.20208151500003
 20
196.35208152458077
 10
507.09273892344754
 20
196.45227554986815
 10
506.97507992877456
 20
196.5425584718592
 10
506.849999986975
 20
196.62224318300326
 10
506.7184510319312
 20
196.69072323453358
 10
506.58143423062256
 20
196.7474774519086
 10
506.43999236364
 20
196.79207390126496
 10
506.29520188899625
 20
196.82417317669504
 10
506.14816474963015
 20
196.84353098333068
 10
505.9999999869558
 20
196.84999999657487
 10
505.85183522428144
 20
196.84353098333068
 10
505.70479808491535
 20
196.82417317669504
 10
505.5600076102716
 20
196.79207390126496
 10
505.41856574328904
 20
196.7474774519086
 10
505.2815489419804
 20
196.69072323453358
 10
505.1499999869366
 20
196.62224318300326
 10
505.02492004513704
 20
196.5425584718592
 10
504.90726105046406
 20
196.45227554986815
 10
504.79791845891157
 20
196.35208152458077
 10
504.69772443362416
 20
196.24273893302828
 10
504.6074415116331
 20
196.12507993835527
 10
504.52775680048904
 20
195.9999999965557
 10
504.45927674895876
 20
195.86845104151192
 10
504.4025225315837
 20
195.73143424020327
 10
504.3579260822273
 20
195.58999237322072
 10
504.3258268067973
 20
195.44520189857695
 10
504.30646900016166
 20
195.29816475921086
 10
504.29999998691744
 20
195.1499999965365
 10
504.30646900016166
 20
195.00183523386215
 10
504.3258268067973
 20
194.85479809449606
 10
504.3579260822273
 20
194.7100076198523
 10
504.4025225315837
 20
194.56856575286974
 10
504.45927674895876
 20
194.43154895156113
 10
504.52775680048904
 20
194.29999999651733
 10
504.6074415116331
 20
194.17492005471775
 10
504.69772443362416
 20
194.05726106004474
 10
504.79791845891157
 20
193.94791846849225
 10
504.90726105046406
 20
193.84772444320487
 10
505.02492004513704
 20
193.75744152121382
 10
505.1499999869366
 20
193.67775681006975
 10
505.2815489419804
 20
193.60927675853944
 10
505.41856574328904
 20
193.55252254116442
 10
505.5600076102716
 20
193.50792609180806
 10
505.70479808491535
 20
193.47582681637797
 10
505.85183522428144
 20
193.45646900974234
 10
505.9999999869558
 20
193.44999999649815
 10
506.14816474963015
 20
193.45646900974234
 10
506.29520188899625
 20
193.47582681637797
 10
506.43999236364
 20
193.50792609180806
 10
506.58143423062256
 20
193.55252254116442
 10
506.7184510319312
 20
193.60927675853944
 10
506.849999986975
 20
193.67775681006975
 10
506.97507992877456
 20
193.75744152121382
 10
507.09273892344754
 20
193.84772444320487
 10
507.20208151500003
 20
193.94791846849225
 10
507.30227554028744
 20
194.05726106004474
 10
507.3925584622785
 20
194.17492005471775
 10
507.47224317342256
 20
194.29999999651733
 10
507.54072322495284
 20
194.4315489515611
 10
507.5974774423279
 20
194.56856575286974
 10
507.6420738916843
 20
194.7100076198523
 10
507.6741731671143
 20
194.85479809449606
 10
507.69353097374994
 20
195.00183523386215
  0
DIMENSION
  5
73
330
17
100
AcDbEntity
  8
REFERENCE_DIMENSIONS
100
AcDbDimension
280
0
  2
*D3
  3
Standard
 10
480.0
 20
-20.0
 30
0.0
 11
652.0
 21
-20.0
 31
0.0
 70
32
 71
5
  1
<>
100
AcDbAlignedDimension
 13
480.0
 23
0.0
 33
0.0
 14
824.0
 24
0.0
 34
0.0
 50
0.0
100
AcDbRotatedDimension
1001
ACAD
1000
DSTYLE
1002
{
1070
140
1040
3.0
1070
41
1040
2.0
1070
271
1070
3
1002
}
  0
DIMENSION
  5
83
330
17
100
AcDbEntity
  8
REFERENCE_DIMENSIONS
100
AcDbDimension
280
0
  2
*D4
  3
Standard
 10
844.0
 20
0.0
 30
0.0
 11
844.0
 21
101.15
 31
0.0
 70
32
 71
5
  1
<>
100
AcDbAlignedDimension
 13
824.0
 23
0.0
 33
0.0
 14
824.0
 24
202.3
 34
0.0
 50
90.0
100
AcDbRotatedDimension
1001
ACAD
1000
DSTYLE
1002
{
1070
140
1040
3.0
1070
41
1040
2.0
1070
271
1070
3
1002
}
  0
TEXT
  5
93
330
17
100
AcDbEntity
  8
REFERENCE_NOTES
100
AcDbText
 10
480.0
 20
-42.0
 30
0.0
 40
3.0
  1
shear_web_1
100
AcDbText
  0
TEXT
  5
94
330
17
100
AcDbEntity
  8
REFERENCE_NOTES
100
AcDbText
 10
480.0
 20
-50.0
 30
0.0
 40
3.0
  1
WP03 R1 | mm | NOT_FOR_MANUFACTURE
100
AcDbText
  0
TEXT
  5
95
330
17
100
AcDbEntity
  8
REFERENCE_NOTES
100
AcDbText
 10
480.0
 20
-58.0
 30
0.0
 40
3.0
  1
344 x 202.3 x 2 mm; plane Y=103.15.
100
AcDbText
  0
TEXT
  5
96
330
17
100
AcDbEntity
  8
REFERENCE_NOTES
100
AcDbText
 10
480.0
 20
-66.0
 30
0.0
 40
3.0
  1
12 x D3.4 @ X-146/-86/-26/34/94/154, Z+/-94.
100
AcDbText
  0
TEXT
  5
97
330
17
100
AcDbEntity
  8
REFERENCE_NOTES
100
AcDbText
 10
480.0
 20
-74.0
 30
0.0
 40
3.0
  1
Clip rail screws offset X by 4 mm from web screws.
100
AcDbText
  0
TEXT
  5
98
330
17
100
AcDbEntity
  8
REFERENCE_NOTES
100
AcDbText
 10
480.0
 20
-82.0
 30
0.0
 40
3.0
  1
Datum A: inner face Y101.15; B: X=0; C: Z=0.
100
AcDbText
  0
TEXT
  5
99
330
17
100
AcDbEntity
  8
REFERENCE_NOTES
100
AcDbText
 10
480.0
 20
-90.0
 30
0.0
 40
3.0
  1
Shear transfer / bolt preload / buckling: TBD.
100
AcDbText
  0
LWPOLYLINE
  5
9A
330
17
100
AcDbEntity
  8
REFERENCE_GEOMETRY
100
AcDbPolyline
 90
3621
 70
1
 10
960.0000000000001
 20
226.3
 10
960.2499861916599
 20
226.3
 10
960.4999723833197
 20
226.3
 10
960.7499585749794
 20
226.3
 10
960.9999447666391
 20
226.3
 10
961.2499309582989
 20
226.3
 10
961.4999171499587
 20
226.3
 10
961.7499033416184
 20
226.3
 10
961.9998895332782
 20
226.3
 10
962.249875724938
 20
226.3
 10
962.4998619165978
 20
226.3
 10
962.7498481082574
 20
226.3
 10
962.9998342999172
 20
226.3
 10
963.249820491577
 20
226.3
 10
963.4998066832368
 20
226.3
 10
963.7497928748966
 20
226.3
 10
963.9997790665562
 20
226.3
 10
964.249765258216
 20
226.3
 10
964.4997514498758
 20
226.3
 10
964.7497376415356
 20
226.3
 10
964.9997238331953
 20
226.3
 10
965.2497100248551
 20
226.3
 10
965.499696216515
 20
226.3
 10
965.7496824081747
 20
226.3
 10
965.9996685998344
 20
226.3
 10
966.2496547914942
 20
226.3
 10
966.499640983154
 20
226.3
 10
966.7496271748138
 20
226.3
 10
966.9996133664735
 20
226.3
 10
967.2495995581332
 20
226.3
 10
967.499585749793
 20
226.3
 10
967.7495719414528
 20
226.3
 10
967.9995581331125
 20
226.3
 10
968.2495443247723
 20
226.3
 10
968.4995305164321
 20
226.3
 10
968.7495167080918
 20
226.3
 10
968.9995028997516
 20
226.3
 10
969.2494890914113
 20
226.3
 10
969.4994752830711
 20
226.3
 10
969.7494614747309
 20
226.3
 10
969.9994476663907
 20
226.3
 10
970.2494338580503
 20
226.3
 10
970.4994200497101
 20
226.3
 10
970.7494062413699
 20
226.3
 10
970.9993924330297
 20
226.3
 10
971.2493786246894
 20
226.3
 10
971.4993648163492
 20
226.3
 10
971.749351008009
 20
226.3
 10
971.9993371996687
 20
226.3
 10
972.2493233913285
 20
226.3
 10
972.4993095829882
 20
226.3
 10
972.749295774648
 20
226.3
 10
972.9992819663078
 20
226.3
 10
973.2492681579675
 20
226.3
 10
973.4992543496272
 20
226.3
 10
973.749240541287
 20
226.3
 10
973.9992267329468
 20
226.3
 10
974.2492129246066
 20
226.3
 10
974.4991991162663
 20
226.3
 10
974.749185307926
 20
226.3
 10
974.9991714995858
 20
226.3
 10
975.2491576912456
 20
226.3
 10
975.4991438829054
 20
226.3
 10
975.7491300745651
 20
226.3
 10
975.9991162662249
 20
226.3
 10
976.2491024578846
 20
226.3
 10
976.4990886495444
 20
226.3
 10
976.7490748412042
 20
226.3
 10
976.999061032864
 20
226.3
 10
977.2490472245238
 20
226.3
 10
977.4990334161836
 20
226.3
 10
977.7490196078433
 20
226.3
 10
977.999005799503
 20
226.3
 10
978.2489919911628
 20
226.3
 10
978.4989781828226
 20
226.3
 10
978.7489643744823
 20
226.3
 10
978.9989505661421
 20
226.3
 10
979.2489367578019
 20
226.3
 10
979.4989229494616
 20
226.3
 10
979.7489091411213
 20
226.3
 10
979.9988953327811
 20
226.3
 10
980.2488815244409
 20
226.3
 10
980.4988677161007
 20
226.3
 10
980.7488539077605
 20
226.3
 10
980.9988400994201
 20
226.3
 10
981.2488262910799
 20
226.3
 10
981.4988124827397
 20
226.3
 10
981.7487986743995
 20
226.3
 10
981.9987848660592
 20
226.3
 10
982.248771057719
 20
226.3
 10
982.4987572493787
 20
226.3
 10
982.7487434410385
 20
226.3
 10
982.9987296326982
 20
226.3
 10
983.248715824358
 20
226.3
 10
983.4987020160178
 20
226.3
 10
983.7486882076776
 20
226.3
 10
983.9986743993373
 20
226.3
 10
984.248660590997
 20
226.3
 10
984.4986467826568
 20
226.3
 10
984.7486329743166
 20
226.3
 10
984.9986191659764
 20
226.3
 10
985.248605357636
 20
226.3
 10
985.4985915492958
 20
226.3
 10
985.7485777409556
 20
226.3
 10
985.9985639326154
 20
226.3
 10
986.2485501242751
 20
226.3
 10
986.4985363159349
 20
226.3
 10
986.7485225075947
 20
226.3
 10
986.9985086992544
 20
226.3
 10
987.2484948909142
 20
226.3
 10
987.498481082574
 20
226.3
 10
987.7484672742338
 20
226.3
 10
987.9984534658936
 20
226.3
 10
988.2484396575533
 20
226.3
 10
988.498425849213
 20
226.3
 10
988.7484120408728
 20
226.3
 10
988.9983982325326
 20
226.3
 10
989.2483844241924
 20
226.3
 10
989.4983706158521
 20
226.3
 10
989.7483568075119
 20
226.3
 10
989.9983429991717
 20
226.3
 10
990.2483291908314
 20
226.3
 10
990.4983153824911
 20
226.3
 10
990.7483015741509
 20
226.3
 10
990.9982877658107
 20
226.3
 10
991.2482739574705
 20
226.3
 10
991.4982601491301
 20
226.3
 10
991.7482463407899
 20
226.3
 10
991.9982325324497
 20
226.3
 10
992.2482187241095
 20
226.3
 10
992.4982049157693
 20
226.3
 10
992.748191107429
 20
226.3
 10
992.9981772990888
 20
226.3
 10
993.2481634907485
 20
226.3
 10
993.4981496824083
 20
226.3
 10
993.748135874068
 20
226.3
 10
993.9981220657278
 20
226.3
 10
994.2481082573876
 20
226.3
 10
994.4980944490474
 20
226.3
 10
994.748080640707
 20
226.3
 10
994.9980668323668
 20
226.3
 10
995.2480530240266
 20
226.3
 10
995.4980392156864
 20
226.3
 10
995.7480254073462
 20
226.3
 10
995.9980115990058
 20
226.3
 10
996.2479977906656
 20
226.3
 10
996.4979839823254
 20
226.3
 10
996.7479701739852
 20
226.3
 10
996.9979563656449
 20
226.3
 10
997.2479425573047
 20
226.3
 10
997.4979287489645
 20
226.3
 10
997.7479149406242
 20
226.3
 10
997.9979011322839
 20
226.3
 10
998.2478873239438
 20
226.3
 10
998.4978735156036
 20
226.3
 10
998.7478597072634
 20
226.3
 10
998.9978458989231
 20
226.3
 10
999.2478320905828
 20
226.3
 10
999.4978182822426
 20
226.3
 10
999.7478044739024
 20
226.3
 10
999.9977906655621
 20
226.3
 10
1000.2477768572219
 20
226.3
 10
1000.4977630488817
 20
226.3
 10
1000.7477492405415
 20
226.3
 10
1000.9977354322012
 20
226.3
 10
1001.2477216238609
 20
226.3
 10
1001.4977078155207
 20
226.3
 10
1001.7476940071805
 20
226.3
 10
1001.9976801988403
 20
226.3
 10
1002.2476663905
 20
226.3
 10
1002.4976525821597
 20
226.3
 10
1002.7476387738195
 20
226.3
 10
1002.9976249654793
 20
226.3
 10
1003.247611157139
 20
226.3
 10
1003.4975973487988
 20
226.3
 10
1003.7475835404585
 20
226.3
 10
1003.9975697321183
 20
226.3
 10
1004.2475559237781
 20
226.3
 10
1004.4975421154378
 20
226.3
 10
1004.7475283070976
 20
226.3
 10
1004.9975144987574
 20
226.3
 10
1005.2475006904172
 20
226.3
 10
1005.4974868820768
 20
226.3
 10
1005.7474730737366
 20
226.3
 10
1005.9974592653964
 20
226.3
 10
1006.2474454570562
 20
226.3
 10
1006.4974316487159
 20
226.3
 10
1006.7474178403756
 20
226.3
 10
1006.9974040320354
 20
226.3
 10
1007.2473902236952
 20
226.3
 10
1007.497376415355
 20
226.3
 10
1007.7473626070147
 20
226.3
 10
1007.9973487986745
 20
226.3
 10
1008.2473349903343
 20
226.3
 10
1008.497321181994
 20
226.3
 10
1008.7473073736537
 20
226.3
 10
1008.9972935653135
 20
226.3
 10
1009.2472797569734
 20
226.3
 10
1009.4972659486332
 20
226.3
 10
1009.7472521402929
 20
226.3
 10
1009.9972383319526
 20
226.3
 10
1010.2472245236124
 20
226.3
 10
1010.4972107152722
 20
226.3
 10
1010.7471969069319
 20
226.3
 10
1010.9971830985917
 20
226.3
 10
1011.2471692902515
 20
226.3
 10
1011.4971554819112
 20
226.3
 10
1011.7471416735709
 20
226.3
 10
1011.9971278652307
 20
226.3
 10
1012.2471140568905
 20
226.3
 10
1012.4971002485503
 20
226.3
 10
1012.7470864402101
 20
226.3
 10
1012.9970726318697
 20
226.3
 10
1013.2470588235295
 20
226.3
 10
1013.4970450151893
 20
226.3
 10
1013.7470312068491
 20
226.3
 10
1013.9970173985088
 20
226.3
 10
1014.2470035901686
 20
226.3
 10
1014.4969897818283
 20
226.3
 10
1014.7469759734881
 20
226.3
 10
1014.9969621651478
 20
226.3
 10
1015.2469483568076
 20
226.3
 10
1015.4969345484674
 20
226.3
 10
1015.7469207401272
 20
226.3
 10
1015.996906931787
 20
226.3
 10
1016.2468931234466
 20
226.3
 10
1016.4968793151064
 20
226.3
 10
1016.7468655067662
 20
226.3
 10
1016.996851698426
 20
226.3
 10
1017.2468378900857
 20
226.3
 10
1017.4968240817454
 20
226.3
 10
1017.7468102734052
 20
226.3
 10
1017.996796465065
 20
226.3
 10
1018.2467826567247
 20
226.3
 10
1018.4967688483845
 20
226.3
 10
1018.7467550400443
 20
226.3
 10
1018.996741231704
 20
226.3
 10
1019.2467274233638
 20
226.3
 10
1019.4967136150235
 20
226.3
 10
1019.7466998066833
 20
226.3
 10
1019.9966859983432
 20
226.3
 10
1020.246672190003
 20
226.3
 10
1020.4966583816627
 20
226.3
 10
1020.7466445733224
 20
226.3
 10
1020.9966307649822
 20
226.3
 10
1021.246616956642
 20
226.3
 10
1021.4966031483017
 20
226.3
 10
1021.7465893399615
 20
226.3
 10
1021.9965755316213
 20
226.3
 10
1022.246561723281
 20
226.3
 10
1022.4965479149407
 20
226.3
 10
1022.7465341066005
 20
226.3
 10
1022.9965202982603
 20
226.3
 10
1023.2465064899201
 20
226.3
 10
1023.4964926815798
 20
226.3
 10
1023.7464788732395
 20
226.3
 10
1023.9964650648993
 20
226.3
 10
1024.246451256559
 20
226.3
 10
1024.496437448219
 20
226.3
 10
1024.7464236398787
 20
226.3
 10
1024.9964098315384
 20
226.3
 10
1025.2463960231983
 20
226.3
 10
1025.496382214858
 20
226.3
 10
1025.7463684065176
 20
226.3
 10
1025.9963545981775
 20
226.3
 10
1026.2463407898372
 20
226.3
 10
1026.496326981497
 20
226.3
 10
1026.7463131731568
 20
226.3
 10
1026.9962993648164
 20
226.3
 10
1027.2462855564763
 20
226.3
 10
1027.496271748136
 20
226.3
 10
1027.746257939796
 20
226.3
 10
1027.9962441314556
 20
226.3
 10
1028.2462303231152
 20
226.3
 10
1028.4962165147751
 20
226.3
 10
1028.7462027064348
 20
226.3
 10
1028.9961888980945
 20
226.3
 10
1029.2461750897544
 20
226.3
 10
1029.496161281414
 20
226.3
 10
1029.746147473074
 20
226.3
 10
1029.9961336647336
 20
226.3
 10
1030.2461198563933
 20
226.3
 10
1030.4961060480532
 20
226.3
 10
1030.7460922397129
 20
226.3
 10
1030.9960784313728
 20
226.3
 10
1031.2460646230325
 20
226.3
 10
1031.4960508146924
 20
226.3
 10
1031.746037006352
 20
226.3
 10
1031.996023198012
 20
226.3
 10
1032.2460093896716
 20
226.3
 10
1032.4959955813313
 20
226.3
 10
1032.7459817729912
 20
226.3
 10
1032.9959679646508
 20
226.3
 10
1033.2459541563105
 20
226.3
 10
1033.4959403479704
 20
226.3
 10
1033.74592653963
 20
226.3
 10
1033.99591273129
 20
226.3
 10
1034.2458989229497
 20
226.3
 10
1034.4958851146093
 20
226.3
 10
1034.7458713062692
 20
226.3
 10
1034.995857497929
 20
226.3
 10
1035.2458436895886
 20
226.3
 10
1035.4958298812485
 20
226.3
 10
1035.7458160729082
 20
226.3
 10
1035.995802264568
 20
226.3
 10
1036.2457884562277
 20
226.3
 10
1036.4957746478874
 20
226.3
 10
1036.7457608395473
 20
226.3
 10
1036.995747031207
 20
226.3
 10
1037.2457332228669
 20
226.3
 10
1037.4957194145265
 20
226.3
 10
1037.7457056061862
 20
226.3
 10
1037.9956917978461
 20
226.3
 10
1038.2456779895058
 20
226.3
 10
1038.4956641811655
 20
226.3
 10
1038.7456503728254
 20
226.3
 10
1038.995636564485
 20
226.3
 10
1039.245622756145
 20
226.3
 10
1039.4956089478046
 20
226.3
 10
1039.7455951394643
 20
226.3
 10
1039.9955813311242
 20
226.3
 10
1040.2455675227839
 20
226.3
 10
1040.4955537144438
 20
226.3
 10
1040.7455399061034
 20
226.3
 10
1040.995526097763
 20
226.3
 10
1041.245512289423
 20
226.3
 10
1041.4954984810827
 20
226.3
 10
1041.7454846727424
 20
226.3
 10
1041.9954708644023
 20
226.3
 10
1042.2454570560622
 20
226.3
 10
1042.4954432477218
 20
226.3
 10
1042.7454294393815
 20
226.3
 10
1042.9954156310414
 20
226.3
 10
1043.245401822701
 20
226.3
 10
1043.495388014361
 20
226.3
 10
1043.7453742060206
 20
226.3
 10
1043.9953603976803
 20
226.3
 10
1044.2453465893402
 20
226.3
 10
1044.495332781
 20
226.3
 10
1044.7453189726598
 20
226.3
 10
1044.9953051643195
 20
226.3
 10
1045.2452913559791
 20
226.3
 10
1045.495277547639
 20
226.3
 10
1045.7452637392987
 20
226.3
 10
1045.9952499309584
 20
226.3
 10
1046.2452361226183
 20
226.3
 10
1046.495222314278
 20
226.3
 10
1046.7452085059379
 20
226.3
 10
1046.9951946975975
 20
226.3
 10
1047.2451808892572
 20
226.3
 10
1047.495167080917
 20
226.3
 10
1047.7451532725768
 20
226.3
 10
1047.9951394642367
 20
226.3
 10
1048.2451256558963
 20
226.3
 10
1048.495111847556
 20
226.3
 10
1048.745098039216
 20
226.3
 10
1048.9950842308756
 20
226.3
 10
1049.2450704225353
 20
226.3
 10
1049.4950566141952
 20
226.3
 10
1049.7450428058548
 20
226.3
 10
1049.9950289975147
 20
226.3
 10
1050.2450151891744
 20
226.3
 10
1050.495001380834
 20
226.3
 10
1050.744987572494
 20
226.3
 10
1050.9949737641537
 20
226.3
 10
1051.2449599558136
 20
226.3
 10
1051.4949461474732
 20
226.3
 10
1051.744932339133
 20
226.3
 10
1051.9949185307928
 20
226.3
 10
1052.2449047224525
 20
226.3
 10
1052.4948909141121
 20
226.3
 10
1052.744877105772
 20
226.3
 10
1052.994863297432
 20
226.3
 10
1053.2448494890916
 20
226.3
 10
1053.4948356807513
 20
226.3
 10
1053.7448218724112
 20
226.3
 10
1053.9948080640709
 20
226.3
 10
1054.2447942557308
 20
226.3
 10
1054.4947804473904
 20
226.3
 10
1054.74476663905
 20
226.3
 10
1054.99475283071
 20
226.3
 10
1055.2447390223697
 20
226.3
 10
1055.4947252140296
 20
226.3
 10
1055.7447114056893
 20
226.3
 10
1055.994697597349
 20
226.3
 10
1056.2446837890088
 20
226.3
 10
1056.4946699806685
 20
226.3
 10
1056.7446561723282
 20
226.3
 10
1056.994642363988
 20
226.3
 10
1057.2446285556478
 20
226.3
 10
1057.4946147473077
 20
226.3
 10
1057.7446009389673
 20
226.3
 10
1057.994587130627
 20
226.3
 10
1058.244573322287
 20
226.3
 10
1058.4945595139466
 20
226.3
 10
1058.7445457056065
 20
226.3
 10
1058.9945318972661
 20
226.3
 10
1059.2445180889258
 20
226.3
 10
1059.4945042805857
 20
226.3
 10
1059.7444904722454
 20
226.3
 10
1059.994476663905
 20
226.3
 10
1060.244462855565
 20
226.3
 10
1060.4944490472246
 20
226.3
 10
1060.7444352388845
 20
226.3
 10
1060.9944214305442
 20
226.3
 10
1061.2444076222039
 20
226.3
 10
1061.4943938138638
 20
226.3
 10
1061.7443800055235
 20
226.3
 10
1061.9943661971831
 20
226.3
 10
1062.244352388843
 20
226.3
 10
1062.4943385805027
 20
226.3
 10
1062.7443247721626
 20
226.3
 10
1062.9943109638223
 20
226.3
 10
1063.244297155482
 20
226.3
 10
1063.4942833471418
 20
226.3
 10
1063.7442695388017
 20
226.3
 10
1063.9942557304614
 20
226.3
 10
1064.244241922121
 20
226.3
 10
1064.494228113781
 20
226.3
 10
1064.7442143054407
 20
226.3
 10
1064.9942004971006
 20
226.3
 10
1065.2441866887602
 20
226.3
 10
1065.49417288042
 20
226.3
 10
1065.7441590720798
 20
226.3
 10
1065.9941452637395
 20
226.3
 10
1066.2441314553992
 20
226.3
 10
1066.494117647059
 20
226.3
 10
1066.7441038387187
 20
226.3
 10
1066.9940900303786
 20
226.3
 10
1067.2440762220383
 20
226.3
 10
1067.494062413698
 20
226.3
 10
1067.7440486053579
 20
226.3
 10
1067.9940347970175
 20
226.3
 10
1068.2440209886774
 20
226.3
 10
1068.4940071803371
 20
226.3
 10
1068.7439933719968
 20
226.3
 10
1068.9939795636567
 20
226.3
 10
1069.2439657553164
 20
226.3
 10
1069.493951946976
 20
226.3
 10
1069.743938138636
 20
226.3
 10
1069.9939243302956
 20
226.3
 10
1070.2439105219555
 20
226.3
 10
1070.4938967136152
 20
226.3
 10
1070.7438829052749
 20
226.3
 10
1070.9938690969348
 20
226.3
 10
1071.2438552885944
 20
226.3
 10
1071.4938414802543
 20
226.3
 10
1071.743827671914
 20
226.3
 10
1071.9938138635737
 20
226.3
 10
1072.2438000552336
 20
226.3
 10
1072.4937862468933
 20
226.3
 10
1072.743772438553
 20
226.3
 10
1072.9937586302128
 20
226.3
 10
1073.2437448218725
 20
226.3
 10
1073.4937310135324
 20
226.3
 10
1073.743717205192
 20
226.3
 10
1073.9937033968517
 20
226.3
 10
1074.2436895885116
 20
226.3
 10
1074.4936757801713
 20
226.3
 10
1074.7436619718312
 20
226.3
 10
1074.993648163491
 20
226.3
 10
1075.2436343551508
 20
226.3
 10
1075.4936205468105
 20
226.3
 10
1075.7436067384704
 20
226.3
 10
1075.99359293013
 20
226.3
 10
1076.2435791217897
 20
226.3
 10
1076.4935653134496
 20
226.3
 10
1076.7435515051093
 20
226.3
 10
1076.993537696769
 20
226.3
 10
1077.2435238884289
 20
226.3
 10
1077.4935100800885
 20
226.3
 10
1077.7434962717484
 20
226.3
 10
1077.993482463408
 20
226.3
 10
1078.2434686550678
 20
226.3
 10
1078.4934548467277
 20
226.3
 10
1078.7434410383873
 20
226.3
 10
1078.9934272300472
 20
226.3
 10
1079.243413421707
 20
226.3
 10
1079.4933996133666
 20
226.3
 10
1079.7433858050265
 20
226.3
 10
1079.9933719966862
 20
226.3
 10
1080.2433581883458
 20
226.3
 10
1080.4933443800057
 20
226.3
 10
1080.7433305716654
 20
226.3
 10
1080.9933167633253
 20
226.3
 10
1081.243302954985
 20
226.3
 10
1081.4932891466447
 20
226.3
 10
1081.7432753383046
 20
226.3
 10
1081.9932615299642
 20
226.3
 10
1082.2432477216241
 20
226.3
 10
1082.4932339132838
 20
226.3
 10
1082.7432201049435
 20
226.3
 10
1082.9932062966034
 20
226.3
 10
1083.243192488263
 20
226.3
 10
1083.4931786799227
 20
226.3
 10
1083.7431648715826
 20
226.3
 10
1083.9931510632423
 20
226.3
 10
1084.2431372549022
 20
226.3
 10
1084.4931234465619
 20
226.3
 10
1084.7431096382215
 20
226.3
 10
1084.9930958298814
 20
226.3
 10
1085.243082021541
 20
226.3
 10
1085.493068213201
 20
226.3
 10
1085.7430544048607
 20
226.3
 10
1085.9930405965206
 20
226.3
 10
1086.2430267881803
 20
226.3
 10
1086.49301297984
 20
226.3
 10
1086.7429991714998
 20
226.3
 10
1086.9929853631595
 20
226.3
 10
1087.2429715548194
 20
226.3
 10
1087.492957746479
 20
226.3
 10
1087.7429439381388
 20
226.3
 10
1087.9929301297987
 20
226.3
 10
1088.2429163214583
 20
226.3
 10
1088.4929025131182
 20
226.3
 10
1088.7428887047777
 20
226.3
 10
1088.9928748964376
 20
226.3
 10
1089.2428610880975
 20
226.3
 10
1089.4928472797571
 20
226.3
 10
1089.7428334714168
 20
226.3
 10
1089.9928196630767
 20
226.3
 10
1090.2428058547364
 20
226.3
 10
1090.4927920463963
 20
226.3
 10
1090.742778238056
 20
226.3
 10
1090.9927644297156
 20
226.3
 10
1091.2427506213755
 20
226.3
 10
1091.4927368130352
 20
226.3
 10
1091.742723004695
 20
226.3
 10
1091.9927091963546
 20
226.3
 10
1092.2426953880145
 20
226.3
 10
1092.4926815796744
 20
226.3
 10
1092.742667771334
 20
226.3
 10
1092.9926539629937
 20
226.3
 10
1093.2426401546536
 20
226.3
 10
1093.4926263463133
 20
226.3
 10
1093.7426125379732
 20
226.3
 10
1093.9925987296328
 20
226.3
 10
1094.2425849212925
 20
226.3
 10
1094.4925711129524
 20
226.3
 10
1094.742557304612
 20
226.3
 10
1094.992543496272
 20
226.3
 10
1095.2425296879314
 20
226.3
 10
1095.4925158795913
 20
226.3
 10
1095.7425020712512
 20
226.3
 10
1095.992488262911
 20
226.3
 10
1096.2424744545706
 20
226.3
 10
1096.4924606462305
 20
226.3
 10
1096.7424468378904
 20
226.3
 10
1096.99243302955
 20
226.3
 10
1097.2424192212097
 20
226.3
 10
1097.4924054128696
 20
226.3
 10
1097.7423916045293
 20
226.3
 10
1097.9923777961892
 20
226.3
 10
1098.2423639878489
 20
226.3
 10
1098.4923501795085
 20
226.3
 10
1098.7423363711684
 20
226.3
 10
1098.9923225628281
 20
226.3
 10
1099.242308754488
 20
226.3
 10
1099.4922949461477
 20
226.3
 10
1099.7422811378074
 20
226.3
 10
1099.9922673294673
 20
226.3
 10
1100.242253521127
 20
226.3
 10
1100.4922397127866
 20
226.3
 10
1100.7422259044465
 20
226.3
 10
1100.9922120961062
 20
226.3
 10
1101.242198287766
 20
226.3
 10
1101.4921844794258
 20
226.3
 10
1101.7421706710854
 20
226.3
 10
1101.9921568627453
 20
226.3
 10
1102.242143054405
 20
226.3
 10
1102.492129246065
 20
226.3
 10
1102.7421154377246
 20
226.3
 10
1102.9921016293843
 20
226.3
 10
1103.2420878210442
 20
226.3
 10
1103.4920740127038
 20
226.3
 10
1103.7420602043635
 20
226.3
 10
1103.9920463960234
 20
226.3
 10
1104.242032587683
 20
226.3
 10
1104.492018779343
 20
226.3
 10
1104.7420049710026
 20
226.3
 10
1104.9919911626623
 20
226.3
 10
1105.2419773543222
 20
226.3
 10
1105.491963545982
 20
226.3
 10
1105.7419497376418
 20
226.3
 10
1105.9919359293015
 20
226.3
 10
1106.2419221209611
 20
226.3
 10
1106.491908312621
 20
226.3
 10
1106.7418945042807
 20
226.3
 10
1106.9918806959404
 20
226.3
 10
1107.2418668876003
 20
226.3
 10
1107.4918530792602
 20
226.3
 10
1107.7418392709199
 20
226.3
 10
1107.9918254625795
 20
226.3
 10
1108.2418116542394
 20
226.3
 10
1108.491797845899
 20
226.3
 10
1108.741784037559
 20
226.3
 10
1108.9917702292187
 20
226.3
 10
1109.2417564208783
 20
226.3
 10
1109.491742612538
 20
226.3
 10
1109.741728804198
 20
226.3
 10
1109.9917149958576
 20
226.3
 10
1110.2417011875175
 20
226.3
 10
1110.4916873791772
 20
226.3
 10
1110.741673570837
 20
226.3
 10
1110.9916597624967
 20
226.3
 10
1111.2416459541564
 20
226.3
 10
1111.4916321458163
 20
226.3
 10
1111.741618337476
 20
226.3
 10
1111.9916045291359
 20
226.3
 10
1112.2415907207956
 20
226.3
 10
1112.4915769124552
 20
226.3
 10
1112.741563104115
 20
226.3
 10
1112.9915492957748
 20
226.3
 10
1113.2415354874345
 20
226.3
 10
1113.4915216790944
 20
226.3
 10
1113.741507870754
 20
226.3
 10
1113.991494062414
 20
226.3
 10
1114.2414802540736
 20
226.3
 10
1114.4914664457333
 20
226.3
 10
1114.7414526373932
 20
226.3
 10
1114.9914388290529
 20
226.3
 10
1115.2414250207128
 20
226.3
 10
1115.4914112123724
 20
226.3
 10
1115.741397404032
 20
226.3
 10
1115.9913835956918
 20
226.3
 10
1116.2413697873517
 20
226.3
 10
1116.4913559790114
 20
226.3
 10
1116.7413421706713
 20
226.3
 10
1116.991328362331
 20
226.3
 10
1117.2413145539908
 20
226.3
 10
1117.4913007456505
 20
226.3
 10
1117.7412869373102
 20
226.3
 10
1117.99127312897
 20
226.3
 10
1118.24125932063
 20
226.3
 10
1118.4912455122897
 20
226.3
 10
1118.7412317039493
 20
226.3
 10
1118.9912178956092
 20
226.3
 10
1119.241204087269
 20
226.3
 10
1119.4911902789288
 20
226.3
 10
1119.7411764705885
 20
226.3
 10
1119.9911626622481
 20
226.3
 10
1120.241148853908
 20
226.3
 10
1120.4911350455677
 20
226.3
 10
1120.7411212372274
 20
226.3
 10
1120.9911074288873
 20
226.3
 10
1121.241093620547
 20
226.3
 10
1121.4910798122069
 20
226.3
 10
1121.7410660038665
 20
226.3
 10
1121.9910521955262
 20
226.3
 10
1122.241038387186
 20
226.3
 10
1122.4910245788458
 20
226.3
 10
1122.7410107705057
 20
226.3
 10
1122.9909969621654
 20
226.3
 10
1123.240983153825
 20
226.3
 10
1123.490969345485
 20
226.3
 10
1123.7409555371446
 20
226.3
 10
1123.9909417288043
 20
226.3
 10
1124.2409279204642
 20
226.3
 10
1124.4909141121238
 20
226.3
 10
1124.7409003037837
 20
226.3
 10
1124.9908864954434
 20
226.3
 10
1125.240872687103
 20
226.3
 10
1125.490858878763
 20
226.3
 10
1125.7408450704227
 20
226.3
 10
1125.9908312620826
 20
226.3
 10
1126.2408174537422
 20
226.3
 10
1126.490803645402
 20
226.3
 10
1126.7407898370618
 20
226.3
 10
1126.9907760287215
 20
226.3
 10
1127.2407622203812
 20
226.3
 10
1127.490748412041
 20
226.3
 10
1127.7407346037007
 20
226.3
 10
1127.9907207953606
 20
226.3
 10
1128.2407069870203
 20
226.3
 10
1128.49069317868
 20
226.3
 10
1128.7406793703399
 20
226.3
 10
1128.9906655619995
 20
226.3
 10
1129.2406517536594
 20
226.3
 10
1129.4906379453191
 20
226.3
 10
1129.740624136979
 20
226.3
 10
1129.9906103286387
 20
226.3
 10
1130.2405965202984
 20
226.3
 10
1130.4905827119583
 20
226.3
 10
1130.740568903618
 20
226.3
 10
1130.9905550952778
 20
226.3
 10
1131.2405412869375
 20
226.3
 10
1131.4905274785972
 20
226.3
 10
1131.740513670257
 20
226.3
 10
1131.9904998619168
 20
226.3
 10
1132.2404860535767
 20
226.3
 10
1132.4904722452363
 20
226.3
 10
1132.740458436896
 20
226.3
 10
1132.990444628556
 20
226.3
 10
1133.2404308202156
 20
226.3
 10
1133.4904170118753
 20
226.3
 10
1133.7404032035352
 20
226.3
 10
1133.9903893951948
 20
226.3
 10
1134.2403755868547
 20
226.3
 10
1134.4903617785144
 20
226.3
 10
1134.740347970174
 20
226.3
 10
1134.990334161834
 20
226.3
 10
1135.2403203534936
 20
226.3
 10
1135.4903065451535
 20
226.3
 10
1135.7402927368132
 20
226.3
 10
1135.990278928473
 20
226.3
 10
1136.2402651201328
 20
226.3
 10
1136.4902513117925
 20
226.3
 10
1136.7402375034521
 20
226.3
 10
1136.990223695112
 20
226.3
 10
1137.2402098867717
 20
226.3
 10
1137.4901960784316
 20
226.3
 10
1137.7401822700913
 20
226.3
 10
1137.990168461751
 20
226.3
 10
1138.2401546534109
 20
226.3
 10
1138.4901408450705
 20
226.3
 10
1138.7401270367304
 20
226.3
 10
1138.9901132283899
 20
226.3
 10
1139.2400994200498
 20
226.3
 10
1139.4900856117097
 20
226.3
 10
1139.7400718033693
 20
226.3
 10
1139.9900579950292
 20
226.3
 10
1140.240044186689
 20
226.3
 10
1140.4900303783488
 20
226.3
 10
1140.7400165700085
 20
226.3
 10
1140.9900027616682
 20
226.3
 10
1141.239988953328
 20
226.3
 10
1141.4899751449877
 20
226.3
 10
1141.7399613366476
 20
226.3
 10
1141.9899475283073
 20
226.3
 10
1142.239933719967
 20
226.3
 10
1142.4899199116269
 20
226.3
 10
1142.7399061032866
 20
226.3
 10
1142.9898922949465
 20
226.3
 10
1143.2398784866061
 20
226.3
 10
1143.4898646782658
 20
226.3
 10
1143.7398508699257
 20
226.3
 10
1143.9898370615854
 20
226.3
 10
1144.239823253245
 20
226.3
 10
1144.489809444905
 20
226.3
 10
1144.7397956365646
 20
226.3
 10
1144.9897818282245
 20
226.3
 10
1145.2397680198842
 20
226.3
 10
1145.4897542115439
 20
226.3
 10
1145.7397404032038
 20
226.3
 10
1145.9897265948634
 20
226.3
 10
1146.2397127865233
 20
226.3
 10
1146.489698978183
 20
226.3
 10
1146.7396851698427
 20
226.3
 10
1146.9896713615026
 20
226.3
 10
1147.2396575531623
 20
226.3
 10
1147.489643744822
 20
226.3
 10
1147.7396299364818
 20
226.3
 10
1147.9896161281415
 20
226.3
 10
1148.2396023198014
 20
226.3
 10
1148.489588511461
 20
226.3
 10
1148.7395747031208
 20
226.3
 10
1148.9895608947807
 20
226.3
 10
1149.2395470864403
 20
226.3
 10
1149.4895332781002
 20
226.3
 10
1149.73951946976
 20
226.3
 10
1149.9895056614196
 20
226.3
 10
1150.2394918530795
 20
226.3
 10
1150.4894780447391
 20
226.3
 10
1150.7394642363988
 20
226.3
 10
1150.9894504280587
 20
226.3
 10
1151.2394366197186
 20
226.3
 10
1151.4894228113783
 20
226.3
 10
1151.739409003038
 20
226.3
 10
1151.9893951946979
 20
226.3
 10
1152.2393813863575
 20
226.3
 10
1152.4893675780174
 20
226.3
 10
1152.739353769677
 20
226.3
 10
1152.9893399613368
 20
226.3
 10
1153.2393261529967
 20
226.3
 10
1153.4893123446564
 20
226.3
 10
1153.739298536316
 20
226.3
 10
1153.989284727976
 20
226.3
 10
1154.2392709196356
 20
226.3
 10
1154.4892571112955
 20
226.3
 10
1154.7392433029552
 20
226.3
 10
1154.9892294946148
 20
226.3
 10
1155.2392156862747
 20
226.3
 10
1155.4892018779344
 20
226.3
 10
1155.7391880695943
 20
226.3
 10
1155.989174261254
 20
226.3
 10
1156.2391604529137
 20
226.3
 10
1156.4891466445733
 20
226.3
 10
1156.7391328362332
 20
226.3
 10
1156.989119027893
 20
226.3
 10
1157.2391052195528
 20
226.3
 10
1157.4890914112125
 20
226.3
 10
1157.7390776028724
 20
226.3
 10
1157.989063794532
 20
226.3
 10
1158.2390499861917
 20
226.3
 10
1158.4890361778516
 20
226.3
 10
1158.7390223695113
 20
226.3
 10
1158.9890085611712
 20
226.3
 10
1159.2389947528309
 20
226.3
 10
1159.4889809444905
 20
226.3
 10
1159.7389671361504
 20
226.3
 10
1159.9889533278101
 20
226.3
 10
1160.2389395194698
 20
226.3
 10
1160.4889257111297
 20
226.3
 10
1160.7389119027894
 20
226.3
 10
1160.9888980944493
 20
226.3
 10
1161.238884286109
 20
226.3
 10
1161.4888704777686
 20
226.3
 10
1161.7388566694285
 20
226.3
 10
1161.9888428610884
 20
226.3
 10
1162.238829052748
 20
226.3
 10
1162.4888152444078
 20
226.3
 10
1162.7388014360677
 20
226.3
 10
1162.9887876277273
 20
226.3
 10
1163.2387738193872
 20
226.3
 10
1163.488760011047
 20
226.3
 10
1163.7387462027066
 20
226.3
 10
1163.9887323943665
 20
226.3
 10
1164.2387185860262
 20
226.3
 10
1164.4887047776858
 20
226.3
 10
1164.7386909693457
 20
226.3
 10
1164.9886771610054
 20
226.3
 10
1165.2386633526653
 20
226.3
 10
1165.488649544325
 20
226.3
 10
1165.7386357359846
 20
226.3
 10
1165.9886219276445
 20
226.3
 10
1166.2386081193042
 20
226.3
 10
1166.4885943109641
 20
226.3
 10
1166.7385805026238
 20
226.3
 10
1166.9885666942835
 20
226.3
 10
1167.2385528859434
 20
226.3
 10
1167.488539077603
 20
226.3
 10
1167.7385252692627
 20
226.3
 10
1167.9885114609226
 20
226.3
 10
1168.2384976525823
 20
226.3
 10
1168.4884838442422
 20
226.3
 10
1168.7384700359019
 20
226.3
 10
1168.9884562275615
 20
226.3
 10
1169.2384424192214
 20
226.3
 10
1169.488428610881
 20
226.3
 10
1169.738414802541
 20
226.3
 10
1169.9884009942007
 20
226.3
 10
1170.2383871858603
 20
226.3
 10
1170.4883733775202
 20
226.3
 10
1170.73835956918
 20
226.3
 10
1170.9883457608396
 20
226.3
 10
1171.2383319524995
 20
226.3
 10
1171.4883181441592
 20
226.3
 10
1171.738304335819
 20
226.3
 10
1171.9882905274787
 20
226.3
 10
1172.2382767191384
 20
226.3
 10
1172.4882629107983
 20
226.3
 10
1172.7382491024582
 20
226.3
 10
1172.9882352941179
 20
226.3
 10
1173.2382214857776
 20
226.3
 10
1173.4882076774375
 20
226.3
 10
1173.7381938690971
 20
226.3
 10
1173.9881800607568
 20
226.3
 10
1174.2381662524167
 20
226.3
 10
1174.4881524440764
 20
226.3
 10
1174.7381386357363
 20
226.3
 10
1174.988124827396
 20
226.3
 10
1175.2381110190556
 20
226.3
 10
1175.4880972107155
 20
226.3
 10
1175.7380834023752
 20
226.3
 10
1175.988069594035
 20
226.3
 10
1176.2380557856948
 20
226.3
 10
1176.4880419773544
 20
226.3
 10
1176.7380281690143
 20
226.3
 10
1176.988014360674
 20
226.3
 10
1177.2380005523337
 20
226.3
 10
1177.4879867439936
 20
226.3
 10
1177.7379729356533
 20
226.3
 10
1177.9879591273132
 20
226.3
 10
1178.2379453189728
 20
226.3
 10
1178.4879315106325
 20
226.3
 10
1178.7379177022924
 20
226.3
 10
1178.987903893952
 20
226.3
 10
1179.237890085612
 20
226.3
 10
1179.4878762772717
 20
226.3
 10
1179.7378624689313
 20
226.3
 10
1179.9878486605912
 20
226.3
 10
1180.237834852251
 20
226.3
 10
1180.4878210439106
 20
226.3
 10
1180.7378072355705
 20
226.3
 10
1180.9877934272301
 20
226.3
 10
1181.23777961889
 20
226.3
 10
1181.4877658105497
 20
226.3
 10
1181.7377520022094
 20
226.3
 10
1181.9877381938693
 20
226.3
 10
1182.237724385529
 20
226.3
 10
1182.4877105771889
 20
226.3
 10
1182.7376967688485
 20
226.3
 10
1182.9876829605082
 20
226.3
 10
1183.237669152168
 20
226.3
 10
1183.4876553438278
 20
226.3
 10
1183.7376415354877
 20
226.3
 10
1183.9876277271474
 20
226.3
 10
1184.2376139188073
 20
226.3
 10
1184.487600110467
 20
226.3
 10
1184.7375863021266
 20
226.3
 10
1184.9875724937865
 20
226.3
 10
1185.2375586854462
 20
226.3
 10
1185.487544877106
 20
226.3
 10
1185.7375310687657
 20
226.3
 10
1185.9875172604254
 20
226.3
 10
1186.2375034520853
 20
226.3
 10
1186.3000000000002
 20
226.11251035625514
 10
1186.3000000000002
 20
225.86252416459536
 10
1186.3000000000002
 20
225.61253797293568
 10
1186.3000000000002
 20
225.3625517812759
 10
1186.3000000000002
 20
225.1125655896161
 10
1186.3000000000002
 20
224.86257939795632
 10
1186.3000000000002
 20
224.61259320629665
 10
1186.3000000000002
 20
224.36260701463686
 10
1186.3000000000002
 20
224.11262082297708
 10
1186.3000000000002
 20
223.8626346313173
 10
1186.3000000000002
 20
223.61264843965762
 10
1186.3000000000002
 20
223.36266224799783
 10
1186.3000000000002
 20
223.11267605633805
 10
1186.3000000000002
 20
222.86268986467826
 10
1186.3000000000002
 20
222.61270367301847
 10
1186.3000000000002
 20
222.3627174813588
 10
1186.3000000000002
 20
222.112731289699
 10
1186.3000000000002
 20
221.86274509803923
 10
1186.3000000000002
 20
221.61275890637944
 10
1186.3000000000002
 20
221.36277271471977
 10
1186.3000000000002
 20
221.11278652305998
 10
1186.3000000000002
 20
220.8628003314002
 10
1186.3000000000002
 20
220.6128141397404
 10
1186.3000000000002
 20
220.36282794808074
 10
1186.3000000000002
 20
220.11284175642095
 10
1186.3000000000002
 20
219.86285556476116
 10
1186.3000000000002
 20
219.61286937310138
 10
1186.3000000000002
 20
219.3628831814416
 10
1186.3000000000002
 20
219.11289698978192
 10
1186.3000000000002
 20
218.86291079812213
 10
1186.3000000000002
 20
218.61292460646234
 10
1186.3000000000002
 20
218.36293841480256
 10
1186.3000000000002
 20
218.11295222314277
 10
1186.3000000000002
 20
217.86296603148298
 10
1186.3000000000002
 20
217.6129798398232
 10
1186.3000000000002
 20
217.3629936481634
 10
1186.3000000000002
 20
217.11300745650374
 10
1186.3000000000002
 20
216.86302126484395
 10
1186.3000000000002
 20
216.61303507318416
 10
1186.3000000000002
 20
216.36304888152438
 10
1186.3000000000002
 20
216.1130626898647
 10
1186.3000000000002
 20
215.86307649820492
 10
1186.3000000000002
 20
215.61309030654513
 10
1186.3000000000002
 20
215.36310411488535
 10
1186.3000000000002
 20
215.11311792322567
 10
1186.3000000000002
 20
214.8631317315659
 10
1186.3000000000002
 20
214.6131455399061
 10
1186.3000000000002
 20
214.3631593482463
 10
1186.3000000000002
 20
214.11317315658653
 10
1186.3000000000002
 20
213.86318696492685
 10
1186.3000000000002
 20
213.61320077326707
 10
1186.3000000000002
 20
213.36321458160728
 10
1186.3000000000002
 20
213.1132283899475
 10
1186.3000000000002
 20
212.86324219828782
 10
1186.3000000000002
 20
212.61325600662803
 10
1186.3000000000002
 20
212.36326981496825
 10
1186.3000000000002
 20
212.11328362330846
 10
1186.3000000000002
 20
211.8632974316488
 10
1186.3000000000002
 20
211.613311239989
 10
1186.3000000000002
 20
211.36332504832922
 10
1186.3000000000002
 20
211.11333885666943
 10
1186.3000000000002
 20
210.86335266500964
 10
1186.3000000000002
 20
210.61336647334997
 10
1186.3000000000002
 20
210.36338028169018
 10
1186.3000000000002
 20
210.1133940900304
 10
1186.3000000000002
 20
209.8634078983706
 10
1186.3000000000002
 20
209.61342170671094
 10
1186.3000000000002
 20
209.36343551505115
 10
1186.3000000000002
 20
209.11344932339136
 10
1186.3000000000002
 20
208.86346313173158
 10
1186.3000000000002
 20
208.6134769400719
 10
1186.3000000000002
 20
208.36349074841212
 10
1186.3000000000002
 20
208.11350455675233
 10
1186.3000000000002
 20
207.86351836509255
 10
1186.3000000000002
 20
207.61353217343276
 10
1186.3000000000002
 20
207.3635459817731
 10
1186.3000000000002
 20
207.1135597901132
 10
1186.3000000000002
 20
206.8635735984534
 10
1186.3000000000002
 20
206.6135874067936
 10
1186.3000000000002
 20
206.36360121513394
 10
1186.3000000000002
 20
206.11361502347415
 10
1186.3000000000002
 20
205.86362883181437
 10
1186.3000000000002
 20
205.61364264015458
 10
1186.3000000000002
 20
205.3636564484949
 10
1186.3000000000002
 20
205.11367025683512
 10
1186.3000000000002
 20
204.86368406517533
 10
1186.3000000000002
 20
204.61369787351555
 10
1186.3000000000002
 20
204.36371168185588
 10
1186.3000000000002
 20
204.1137254901961
 10
1186.3000000000002
 20
203.8637392985363
 10
1186.3000000000002
 20
203.61375310687652
 10
1186.3000000000002
 20
203.36376691521684
 10
1186.3000000000002
 20
203.11378072355706
 10
1186.3000000000002
 20
202.86379453189727
 10
1186.3000000000002
 20
202.61380834023748
 10
1186.3000000000002
 20
202.3638221485777
 10
1186.3000000000002
 20
202.11383595691802
 10
1186.3000000000002
 20
201.86384976525824
 10
1186.3000000000002
 20
201.61386357359845
 10
1186.3000000000002
 20
201.36387738193866
 10
1186.3000000000002
 20
201.113891190279
 10
1186.3000000000002
 20
200.8639049986192
 10
1186.3000000000002
 20
200.61391880695942
 10
1186.3000000000002
 20
200.36393261529963
 10
1186.3000000000002
 20
200.11394642363996
 10
1186.3000000000002
 20
199.86396023198017
 10
1186.3000000000002
 20
199.6139740403204
 10
1186.3000000000002
 20
199.3639878486606
 10
1186.3000000000002
 20
199.1140016570008
 10
1186.3000000000002
 20
198.86401546534114
 10
1186.3000000000002
 20
198.61402927368135
 10
1186.3000000000002
 20
198.36404308202157
 10
1186.3000000000002
 20
198.11405689036178
 10
1186.3000000000002
 20
197.8640706987021
 10
1186.3000000000002
 20
197.61408450704232
 10
1186.3000000000002
 20
197.36409831538253
 10
1186.3000000000002
 20
197.11411212372275
 10
1186.3000000000002
 20
196.86412593206308
 10
1186.3000000000002
 20
196.6141397404033
 10
1186.3000000000002
 20
196.3641535487435
 10
1186.3000000000002
 20
196.1141673570836
 10
1186.3000000000002
 20
195.86418116542393
 10
1186.3000000000002
 20
195.61419497376414
 10
1186.3000000000002
 20
195.36420878210436
 10
1186.3000000000002
 20
195.11422259044457
 10
1186.3000000000002
 20
194.86423639878478
 10
1186.3000000000002
 20
194.6142502071251
 10
1186.3000000000002
 20
194.36426401546532
 10
1186.3000000000002
 20
194.11427782380554
 10
1186.3000000000002
 20
193.86429163214575
 10
1186.3000000000002
 20
193.61430544048608
 10
1186.3000000000002
 20
193.3643192488263
 10
1186.3000000000002
 20
193.1143330571665
 10
1186.3000000000002
 20
192.86434686550672
 10
1186.3000000000002
 20
192.61436067384705
 10
1186.3000000000002
 20
192.36437448218726
 10
1186.3000000000002
 20
192.11438829052747
 10
1186.3000000000002
 20
191.86440209886769
 10
1186.3000000000002
 20
191.614415907208
 10
1186.3000000000002
 20
191.36442971554823
 10
1186.3000000000002
 20
191.11444352388844
 10
1186.3000000000002
 20
190.86445733222865
 10
1186.3000000000002
 20
190.61447114056887
 10
1186.3000000000002
 20
190.3644849489092
 10
1186.3000000000002
 20
190.1144987572494
 10
1186.3000000000002
 20
189.86451256558962
 10
1186.3000000000002
 20
189.61452637392983
 10
1186.3000000000002
 20
189.36454018227016
 10
1186.3000000000002
 20
189.11455399061037
 10
1186.3000000000002
 20
188.8645677989506
 10
1186.3000000000002
 20
188.6145816072908
 10
1186.3000000000002
 20
188.36459541563113
 10
1186.3000000000002
 20
188.11460922397134
 10
1186.3000000000002
 20
187.86462303231156
 10
1186.3000000000002
 20
187.61463684065177
 10
1186.3000000000002
 20
187.36465064899198
 10
1186.3000000000002
 20
187.1146644573323
 10
1186.3000000000002
 20
186.86467826567252
 10
1186.3000000000002
 20
186.61469207401274
 10
1186.3000000000002
 20
186.36470588235295
 10
1186.3000000000002
 20
186.11471969069328
 10
1186.3000000000002
 20
185.8647334990335
 10
1186.3000000000002
 20
185.6147473073737
 10
1186.3000000000002
 20
185.3647611157138
 10
1186.3000000000002
 20
185.11477492405413
 10
1186.3000000000002
 20
184.86478873239435
 10
1186.3000000000002
 20
184.61480254073456
 10
1186.3000000000002
 20
184.36481634907477
 10
1186.3000000000002
 20
184.1148301574151
 10
1186.3000000000002
 20
183.8648439657553
 10
1186.3000000000002
 20
183.61485777409553
 10
1186.3000000000002
 20
183.36487158243574
 10
1186.3000000000002
 20
183.11488539077595
 10
1186.3000000000002
 20
182.86489919911628
 10
1186.3000000000002
 20
182.6149130074565
 10
1186.3000000000002
 20
182.3649268157967
 10
1186.3000000000002
 20
182.11494062413692
 10
1186.3000000000002
 20
181.86495443247725
 10
1186.3000000000002
 20
181.61496824081746
 10
1186.3000000000002
 20
181.36498204915767
 10
1186.3000000000002
 20
181.1149958574979
 10
1186.3000000000002
 20
180.86500966583822
 10
1186.3000000000002
 20
180.61502347417843
 10
1186.3000000000002
 20
180.36503728251864
 10
1186.3000000000002
 20
180.11505109085886
 10
1186.3000000000002
 20
179.86506489919907
 10
1186.3000000000002
 20
179.6150787075394
 10
1186.3000000000002
 20
179.3650925158796
 10
1186.3000000000002
 20
179.11510632421982
 10
1186.3000000000002
 20
178.86512013256004
 10
1186.3000000000002
 20
178.61513394090036
 10
1186.3000000000002
 20
178.36514774924058
 10
1186.3000000000002
 20
178.1151615575808
 10
1186.3000000000002
 20
177.865175365921
 10
1186.3000000000002
 20
177.61518917426133
 10
1186.3000000000002
 20
177.36520298260155
 10
1186.3000000000002
 20
177.11521679094176
 10
1186.3000000000002
 20
176.86523059928197
 10
1186.3000000000002
 20
176.6152444076223
 10
1186.3000000000002
 20
176.3652582159625
 10
1186.3000000000002
 20
176.11527202430273
 10
1186.3000000000002
 20
175.86528583264294
 10
1186.3000000000002
 20
175.61529964098315
 10
1186.3000000000002
 20
175.36531344932348
 10
1186.3000000000002
 20
175.1153272576637
 10
1186.3000000000002
 20
174.8653410660039
 10
1186.3000000000002
 20
174.61535487434412
 10
1186.3000000000002
 20
174.36536868268433
 10
1186.3000000000002
 20
174.11538249102455
 10
1186.3000000000002
 20
173.86539629936476
 10
1186.3000000000002
 20
173.61541010770497
 10
1186.3000000000002
 20
173.3654239160453
 10
1186.3000000000002
 20
173.11543772438552
 10
1186.3000000000002
 20
172.86545153272573
 10
1186.3000000000002
 20
172.61546534106594
 10
1186.3000000000002
 20
172.36547914940627
 10
1186.3000000000002
 20
172.11549295774648
 10
1186.3000000000002
 20
171.8655067660867
 10
1186.3000000000002
 20
171.6155205744269
 10
1186.3000000000002
 20
171.36553438276712
 10
1186.3000000000002
 20
171.11554819110745
 10
1186.3000000000002
 20
170.86556199944766
 10
1186.3000000000002
 20
170.61557580778788
 10
1186.3000000000002
 20
170.3655896161281
 10
1186.3000000000002
 20
170.11560342446842
 10
1186.3000000000002
 20
169.86561723280863
 10
1186.3000000000002
 20
169.61563104114884
 10
1186.3000000000002
 20
169.36564484948906
 10
1186.3000000000002
 20
169.11565865782939
 10
1186.3000000000002
 20
168.8656724661696
 10
1186.3000000000002
 20
168.6156862745098
 10
1186.3000000000002
 20
168.36570008285003
 10
1186.3000000000002
 20
168.11571389119024
 10
1186.3000000000002
 20
167.86572769953057
 10
1186.3000000000002
 20
167.61574150787078
 10
1186.3000000000002
 20
167.365755316211
 10
1186.3000000000002
 20
167.1157691245512
 10
1186.3000000000002
 20
166.86578293289153
 10
1186.3000000000002
 20
166.61579674123175
 10
1186.3000000000002
 20
166.36581054957196
 10
1186.3000000000002
 20
166.11582435791217
 10
1186.3000000000002
 20
165.8658381662525
 10
1186.3000000000002
 20
165.61585197459272
 10
1186.3000000000002
 20
165.36586578293293
 10
1186.3000000000002
 20
165.11587959127314
 10
1186.3000000000002
 20
164.86589339961347
 10
1186.3000000000002
 20
164.61590720795368
 10
1186.3000000000002
 20
164.3659210162939
 10
1186.3000000000002
 20
164.1159348246341
 10
1186.3000000000002
 20
163.86594863297432
 10
1186.3000000000002
 20
163.61596244131465
 10
1186.3000000000002
 20
163.36597624965475
 10
1186.3000000000002
 20
163.11599005799496
 10
1186.3000000000002
 20
162.86600386633518
 10
1186.3000000000002
 20
162.6160176746755
 10
1186.3000000000002
 20
162.36603148301572
 10
1186.3000000000002
 20
162.11604529135593
 10
1186.3000000000002
 20
161.86605909969614
 10
1186.3000000000002
 20
161.61607290803647
 10
1186.3000000000002
 20
161.36608671637669
 10
1186.3000000000002
 20
161.1161005247169
 10
1186.3000000000002
 20
160.8661143330571
 10
1186.3000000000002
 20
160.61612814139744
 10
1186.3000000000002
 20
160.36614194973765
 10
1186.3000000000002
 20
160.11615575807787
 10
1186.3000000000002
 20
159.86616956641808
 10
1186.3000000000002
 20
159.6161833747583
 10
1186.3000000000002
 20
159.36619718309862
 10
1186.3000000000002
 20
159.11621099143883
 10
1186.3000000000002
 20
158.86622479977905
 10
1186.3000000000002
 20
158.61623860811926
 10
1186.3000000000002
 20
158.3662524164596
 10
1186.3000000000002
 20
158.1162662247998
 10
1186.3000000000002
 20
157.86628003314001
 10
1186.3000000000002
 20
157.61629384148023
 10
1186.3000000000002
 20
157.36630764982056
 10
1186.3000000000002
 20
157.11632145816077
 10
1186.3000000000002
 20
156.86633526650098
 10
1186.3000000000002
 20
156.6163490748412
 10
1186.3000000000002
 20
156.3663628831814
 10
1186.3000000000002
 20
156.11637669152174
 10
1186.3000000000002
 20
155.86639049986195
 10
1186.3000000000002
 20
155.61640430820216
 10
1186.3000000000002
 20
155.36641811654238
 10
1186.3000000000002
 20
155.1164319248827
 10
1186.3000000000002
 20
154.86644573322292
 10
1186.3000000000002
 20
154.61645954156313
 10
1186.3000000000002
 20
154.36647334990334
 10
1186.3000000000002
 20
154.11648715824367
 10
1186.3000000000002
 20
153.86650096658389
 10
1186.3000000000002
 20
153.6165147749241
 10
1186.3000000000002
 20
153.3665285832643
 10
1186.3000000000002
 20
153.11654239160464
 10
1186.3000000000002
 20
152.86655619994485
 10
1186.3000000000002
 20
152.61657000828495
 10
1186.3000000000002
 20
152.36658381662517
 10
1186.3000000000002
 20
152.1165976249655
 10
1186.3000000000002
 20
151.8666114333057
 10
1186.3000000000002
 20
151.61662524164592
 10
1186.3000000000002
 20
151.36663904998613
 10
1186.3000000000002
 20
151.11665285832635
 10
1186.3000000000002
 20
150.86666666666667
 10
1186.3000000000002
 20
150.6166804750069
 10
1186.3000000000002
 20
150.3666942833471
 10
1186.3000000000002
 20
150.11670809168731
 10
1186.3000000000002
 20
149.86672190002764
 10
1186.3000000000002
 20
149.61673570836786
 10
1186.3000000000002
 20
149.36674951670807
 10
1186.3000000000002
 20
149.11676332504828
 10
1186.3000000000002
 20
148.8667771333886
 10
1186.3000000000002
 20
148.61679094172882
 10
1186.3000000000002
 20
148.36680475006904
 10
1186.3000000000002
 20
148.11681855840925
 10
1186.3000000000002
 20
147.86683236674946
 10
1186.3000000000002
 20
147.6168461750898
 10
1186.3000000000002
 20
147.36685998343
 10
1186.3000000000002
 20
147.11687379177022
 10
1186.3000000000002
 20
146.86688760011043
 10
1186.3000000000002
 20
146.61690140845076
 10
1186.3000000000002
 20
146.36691521679097
 10
1186.3000000000002
 20
146.11692902513118
 10
1186.3000000000002
 20
145.8669428334714
 10
1186.3000000000002
 20
145.61695664181173
 10
1186.3000000000002
 20
145.36697045015194
 10
1186.3000000000002
 20
145.11698425849215
 10
1186.3000000000002
 20
144.86699806683237
 10
1186.3000000000002
 20
144.61701187517258
 10
1186.3000000000002
 20
144.3670256835129
 10
1186.3000000000002
 20
144.11703949185312
 10
1186.3000000000002
 20
143.86705330019333
 10
1186.3000000000002
 20
143.61706710853355
 10
1186.3000000000002
 20
143.36708091687387
 10
1186.3000000000002
 20
143.1170947252141
 10
1186.3000000000002
 20
142.8671085335543
 10
1186.3000000000002
 20
142.61712234189451
 10
1186.3000000000002
 20
142.36713615023484
 10
1186.3000000000002
 20
142.11714995857506
 10
1186.3000000000002
 20
141.86716376691527
 10
1186.3000000000002
 20
141.61717757525537
 10
1186.3000000000002
 20
141.3671913835957
 10
1186.3000000000002
 20
141.1172051919359
 10
1186.3000000000002
 20
140.86721900027612
 10
1186.3000000000002
 20
140.61723280861634
 10
1186.3000000000002
 20
140.36724661695666
 10
1186.3000000000002
 20
140.11726042529688
 10
1186.3000000000002
 20
139.8672742336371
 10
1186.3000000000002
 20
139.6172880419773
 10
1186.3000000000002
 20
139.36730185031752
 10
1186.3000000000002
 20
139.11731565865784
 10
1186.3000000000002
 20
138.86732946699806
 10
1186.3000000000002
 20
138.61734327533827
 10
1186.3000000000002
 20
138.36735708367848
 10
1186.3000000000002
 20
138.1173708920188
 10
1186.3000000000002
 20
137.86738470035903
 10
1186.3000000000002
 20
137.61739850869924
 10
1186.3000000000002
 20
137.36741231703945
 10
1186.3000000000002
 20
137.11742612537978
 10
1186.3000000000002
 20
136.86743993372
 10
1186.3000000000002
 20
136.6174537420602
 10
1186.3000000000002
 20
136.36746755040042
 10
1186.3000000000002
 20
136.11748135874063
 10
1186.3000000000002
 20
135.86749516708096
 10
1186.3000000000002
 20
135.61750897542117
 10
1186.3000000000002
 20
135.3675227837614
 10
1186.3000000000002
 20
135.1175365921016
 10
1186.3000000000002
 20
134.86755040044193
 10
1186.3000000000002
 20
134.61756420878214
 10
1186.3000000000002
 20
134.36757801712236
 10
1186.3000000000002
 20
134.11759182546257
 10
1186.3000000000002
 20
133.8676056338029
 10
1186.3000000000002
 20
133.6176194421431
 10
1186.3000000000002
 20
133.36763325048332
 10
1186.3000000000002
 20
133.11764705882354
 10
1186.3000000000002
 20
132.86766086716375
 10
1186.3000000000002
 20
132.61767467550408
 10
1186.3000000000002
 20
132.3676884838443
 10
1186.3000000000002
 20
132.1177022921845
 10
1186.3000000000002
 20
131.86771610052472
 10
1186.3000000000002
 20
131.61772990886504
 10
1186.3000000000002
 20
131.36774371720526
 10
1186.3000000000002
 20
131.11775752554547
 10
1186.3000000000002
 20
130.86777133388557
 10
1186.3000000000002
 20
130.6177851422259
 10
1186.3000000000002
 20
130.3677989505661
 10
1186.3000000000002
 20
130.11781275890633
 10
1186.3000000000002
 20
129.86782656724654
 10
1186.3000000000002
 20
129.61784037558687
 10
1186.3000000000002
 20
129.36785418392708
 10
1186.3000000000002
 20
129.1178679922673
 10
1186.3000000000002
 20
128.8678818006075
 10
1186.3000000000002
 20
128.61789560894783
 10
1186.3000000000002
 20
128.36790941728805
 10
1186.3000000000002
 20
128.11792322562826
 10
1186.3000000000002
 20
127.86793703396847
 10
1186.3000000000002
 20
127.61795084230869
 10
1186.3000000000002
 20
127.367964650649
 10
1186.3000000000002
 20
127.11797845898921
 10
1186.3000000000002
 20
126.86799226732944
 10
1186.3000000000002
 20
126.61800607566965
 10
1186.3000000000002
 20
126.36801988401
 10
1186.3000000000002
 20
126.11803369235021
 10
1186.3000000000002
 20
125.86804750069042
 10
1186.3000000000002
 20
125.61806130903064
 10
1186.3000000000002
 20
125.36807511737095
 10
1186.3000000000002
 20
125.11808892571116
 10
1186.3000000000002
 20
124.86810273405138
 10
1186.3000000000002
 20
124.61811654239159
 10
1186.3000000000002
 20
124.3681303507318
 10
1186.3000000000002
 20
124.11814415907212
 10
1186.3000000000002
 20
123.86815796741234
 10
1186.3000000000002
 20
123.61817177575256
 10
1186.3000000000002
 20
123.36818558409277
 10
1186.3000000000002
 20
123.11819939243311
 10
1186.3000000000002
 20
122.86821320077333
 10
1186.3000000000002
 20
122.61822700911354
 10
1186.3000000000002
 20
122.36824081745372
 10
1186.3000000000002
 20
122.11825462579407
 10
1186.3000000000002
 20
121.86826843413428
 10
1186.3000000000002
 20
121.61828224247449
 10
1186.3000000000002
 20
121.3682960508147
 10
1186.3000000000002
 20
121.11830985915492
 10
1186.3000000000002
 20
120.86832366749525
 10
1186.3000000000002
 20
120.61833747583546
 10
1186.3000000000002
 20
120.36835128417567
 10
1186.3000000000002
 20
120.11836509251589
 10
1186.3000000000002
 20
119.8683789008561
 10
1186.3000000000002
 20
119.61839270919631
 10
1186.3000000000002
 20
119.36840651753653
 10
1186.3000000000002
 20
119.11842032587674
 10
1186.3000000000002
 20
118.86843413421705
 10
1186.3000000000002
 20
118.61844794255727
 10
1186.3000000000002
 20
118.36846175089748
 10
1186.3000000000002
 20
118.11847555923771
 10
1186.3000000000002
 20
117.86848936757804
 10
1186.3000000000002
 20
117.61850317591826
 10
1186.3000000000002
 20
117.36851698425848
 10
1186.3000000000002
 20
117.11853079259869
 10
1186.3000000000002
 20
116.868544600939
 10
1186.3000000000002
 20
116.61855840927922
 10
1186.3000000000002
 20
116.36857221761943
 10
1186.3000000000002
 20
116.11858602595964
 10
1186.3000000000002
 20
115.86859983429986
 10
1186.3000000000002
 20
115.61861364264017
 10
1186.3000000000002
 20
115.36862745098038
 10
1186.3000000000002
 20
115.11864125932061
 10
1186.3000000000002
 20
114.86865506766082
 10
1186.3000000000002
 20
114.61866887600117
 10
1186.3000000000002
 20
114.36868268434138
 10
1186.3000000000002
 20
114.1186964926816
 10
1186.3000000000002
 20
113.8687103010218
 10
1186.3000000000002
 20
113.61872410936212
 10
1186.3000000000002
 20
113.36873791770233
 10
1186.3000000000002
 20
113.11875172604255
 10
1186.3000000000002
 20
112.86876553438276
 10
1186.3000000000002
 20
112.61877934272297
 10
1186.3000000000002
 20
112.3687931510633
 10
1186.3000000000002
 20
112.11880695940351
 10
1186.3000000000002
 20
111.86882076774373
 10
1186.3000000000002
 20
111.61883457608394
 10
1186.3000000000002
 20
111.36884838442427
 10
1186.3000000000002
 20
111.11886219276448
 10
1186.3000000000002
 20
110.8688760011047
 10
1186.3000000000002
 20
110.61888980944491
 10
1186.3000000000002
 20
110.36890361778524
 10
1186.3000000000002
 20
110.11891742612545
 10
1186.3000000000002
 20
109.86893123446566
 10
1186.3000000000002
 20
109.61894504280588
 10
1186.3000000000002
 20
109.36895885114609
 10
1186.3000000000002
 20
109.11897265948642
 10
1186.3000000000002
 20
108.86898646782652
 10
1186.3000000000002
 20
108.61900027616673
 10
1186.3000000000002
 20
108.36901408450706
 10
1186.3000000000002
 20
108.11902789284727
 10
1186.3000000000002
 20
107.86904170118748
 10
1186.3000000000002
 20
107.6190555095277
 10
1186.3000000000002
 20
107.36906931786791
 10
1186.3000000000002
 20
107.11908312620824
 10
1186.3000000000002
 20
106.86909693454845
 10
1186.3000000000002
 20
106.61911074288867
 10
1186.3000000000002
 20
106.36912455122888
 10
1186.3000000000002
 20
106.1191383595692
 10
1186.3000000000002
 20
105.86915216790942
 10
1186.3000000000002
 20
105.61916597624963
 10
1186.3000000000002
 20
105.36917978458985
 10
1186.3000000000002
 20
105.11919359293017
 10
1186.3000000000002
 20
104.86920740127039
 10
1186.3000000000002
 20
104.6192212096106
 10
1186.3000000000002
 20
104.36923501795081
 10
1186.3000000000002
 20
104.11924882629103
 10
1186.3000000000002
 20
103.86926263463135
 10
1186.3000000000002
 20
103.61927644297157
 10
1186.3000000000002
 20
103.36929025131178
 10
1186.3000000000002
 20
103.119304059652
 10
1186.3000000000002
 20
102.86931786799232
 10
1186.3000000000002
 20
102.61933167633254
 10
1186.3000000000002
 20
102.36934548467275
 10
1186.3000000000002
 20
102.11935929301296
 10
1186.3000000000002
 20
101.86937310135329
 10
1186.3000000000002
 20
101.6193869096935
 10
1186.3000000000002
 20
101.36940071803372
 10
1186.3000000000002
 20
101.11941452637393
 10
1186.3000000000002
 20
100.86942833471414
 10
1186.3000000000002
 20
100.61944214305447
 10
1186.3000000000002
 20
100.36945595139468
 10
1186.3000000000002
 20
100.1194697597349
 10
1186.3000000000002
 20
99.86948356807511
 10
1186.3000000000002
 20
99.61949737641544
 10
1186.3000000000002
 20
99.36951118475565
 10
1186.3000000000002
 20
99.11952499309587
 10
1186.3000000000002
 20
98.86953880143608
 10
1186.3000000000002
 20
98.6195526097764
 10
1186.3000000000002
 20
98.36956641811662
 10
1186.3000000000002
 20
98.11958022645672
 10
1186.3000000000002
 20
97.86959403479693
 10
1186.3000000000002
 20
97.61960784313726
 10
1186.3000000000002
 20
97.36962165147747
 10
1186.3000000000002
 20
97.11963545981769
 10
1186.3000000000002
 20
96.8696492681579
 10
1186.3000000000002
 20
96.61966307649823
 10
1186.3000000000002
 20
96.36967688483844
 10
1186.3000000000002
 20
96.11969069317865
 10
1186.3000000000002
 20
95.86970450151887
 10
1186.3000000000002
 20
95.61971830985908
 10
1186.3000000000002
 20
95.36973211819941
 10
1186.3000000000002
 20
95.11974592653962
 10
1186.3000000000002
 20
94.86975973487984
 10
1186.3000000000002
 20
94.61977354322005
 10
1186.3000000000002
 20
94.36978735156038
 10
1186.3000000000002
 20
94.11980115990059
 10
1186.3000000000002
 20
93.8698149682408
 10
1186.3000000000002
 20
93.61982877658102
 10
1186.3000000000002
 20
93.36984258492134
 10
1186.3000000000002
 20
93.11985639326156
 10
1186.3000000000002
 20
92.86987020160177
 10
1186.3000000000002
 20
92.61988400994198
 10
1186.3000000000002
 20
92.3698978182822
 10
1186.3000000000002
 20
92.11991162662252
 10
1186.3000000000002
 20
91.86992543496274
 10
1186.3000000000002
 20
91.61993924330295
 10
1186.3000000000002
 20
91.36995305164317
 10
1186.3000000000002
 20
91.11996685998349
 10
1186.3000000000002
 20
90.8699806683237
 10
1186.3000000000002
 20
90.61999447666392
 10
1186.3000000000002
 20
90.37000828500413
 10
1186.3000000000002
 20
90.12002209334446
 10
1186.3000000000002
 20
89.87003590168467
 10
1186.3000000000002
 20
89.62004971002489
 10
1186.3000000000002
 20
89.3700635183651
 10
1186.3000000000002
 20
89.12007732670531
 10
1186.3000000000002
 20
88.87009113504564
 10
1186.3000000000002
 20
88.62010494338585
 10
1186.3000000000002
 20
88.37011875172607
 10
1186.3000000000002
 20
88.12013256006628
 10
1186.3000000000002
 20
87.87014636840661
 10
1186.3000000000002
 20
87.62016017674682
 10
1186.3000000000002
 20
87.37017398508704
 10
1186.3000000000002
 20
87.12018779342714
 10
1186.3000000000002
 20
86.87020160176746
 10
1186.3000000000002
 20
86.62021541010768
 10
1186.3000000000002
 20
86.37022921844789
 10
1186.3000000000002
 20
86.1202430267881
 10
1186.3000000000002
 20
85.87025683512843
 10
1186.3000000000002
 20
85.62027064346864
 10
1186.3000000000002
 20
85.37028445180886
 10
1186.3000000000002
 20
85.12029826014907
 10
1186.3000000000002
 20
84.8703120684894
 10
1186.3000000000002
 20
84.62032587682961
 10
1186.3000000000002
 20
84.37033968516982
 10
1186.3000000000002
 20
84.12035349351004
 10
1186.3000000000002
 20
83.87036730185025
 10
1186.3000000000002
 20
83.62038111019058
 10
1186.3000000000002
 20
83.37039491853079
 10
1186.3000000000002
 20
83.120408726871
 10
1186.3000000000002
 20
82.87042253521122
 10
1186.3000000000002
 20
82.62043634355155
 10
1186.3000000000002
 20
82.37045015189176
 10
1186.3000000000002
 20
82.12046396023197
 10
1186.3000000000002
 20
81.87047776857219
 10
1186.3000000000002
 20
81.62049157691251
 10
1186.3000000000002
 20
81.37050538525273
 10
1186.3000000000002
 20
81.12051919359294
 10
1186.3000000000002
 20
80.87053300193315
 10
1186.3000000000002
 20
80.62054681027337
 10
1186.3000000000002
 20
80.3705606186137
 10
1186.3000000000002
 20
80.12057442695391
 10
1186.3000000000002
 20
79.87058823529412
 10
1186.3000000000002
 20
79.62060204363434
 10
1186.3000000000002
 20
79.37061585197466
 10
1186.3000000000002
 20
79.12062966031488
 10
1186.3000000000002
 20
78.87064346865509
 10
1186.3000000000002
 20
78.6206572769953
 10
1186.3000000000002
 20
78.37067108533563
 10
1186.3000000000002
 20
78.12068489367584
 10
1186.3000000000002
 20
77.87069870201606
 10
1186.3000000000002
 20
77.62071251035627
 10
1186.3000000000002
 20
77.37072631869648
 10
1186.3000000000002
 20
77.12074012703681
 10
1186.3000000000002
 20
76.87075393537702
 10
1186.3000000000002
 20
76.62076774371724
 10
1186.3000000000002
 20
76.37078155205745
 10
1186.3000000000002
 20
76.12079536039766
 10
1186.3000000000002
 20
75.87080916873788
 10
1186.3000000000002
 20
75.62082297707809
 10
1186.3000000000002
 20
75.3708367854183
 10
1186.3000000000002
 20
75.12085059375863
 10
1186.3000000000002
 20
74.87086440209885
 10
1186.3000000000002
 20
74.62087821043906
 10
1186.3000000000002
 20
74.37089201877927
 10
1186.3000000000002
 20
74.1209058271196
 10
1186.3000000000002
 20
73.87091963545981
 10
1186.3000000000002
 20
73.62093344380003
 10
1186.3000000000002
 20
73.37094725214024
 10
1186.3000000000002
 20
73.12096106048057
 10
1186.3000000000002
 20
72.87097486882078
 10
1186.3000000000002
 20
72.620988677161
 10
1186.3000000000002
 20
72.37100248550121
 10
1186.3000000000002
 20
72.12101629384142
 10
1186.3000000000002
 20
71.87103010218175
 10
1186.3000000000002
 20
71.62104391052196
 10
1186.3000000000002
 20
71.37105771886218
 10
1186.3000000000002
 20
71.12107152720239
 10
1186.3000000000002
 20
70.87108533554272
 10
1186.3000000000002
 20
70.62109914388293
 10
1186.3000000000002
 20
70.37111295222314
 10
1186.3000000000002
 20
70.12112676056336
 10
1186.3000000000002
 20
69.87114056890368
 10
1186.3000000000002
 20
69.6211543772439
 10
1186.3000000000002
 20
69.37116818558411
 10
1186.3000000000002
 20
69.12118199392432
 10
1186.3000000000002
 20
68.87119580226454
 10
1186.3000000000002
 20
68.62120961060486
 10
1186.3000000000002
 20
68.37122341894508
 10
1186.3000000000002
 20
68.12123722728529
 10
1186.3000000000002
 20
67.8712510356255
 10
1186.3000000000002
 20
67.62126484396583
 10
1186.3000000000002
 20
67.37127865230605
 10
1186.3000000000002
 20
67.12129246064626
 10
1186.3000000000002
 20
66.87130626898647
 10
1186.3000000000002
 20
66.6213200773268
 10
1186.3000000000002
 20
66.37133388566701
 10
1186.3000000000002
 20
66.12134769400723
 10
1186.3000000000002
 20
65.87136150234744
 10
1186.3000000000002
 20
65.62137531068765
 10
1186.3000000000002
 20
65.37138911902787
 10
1186.3000000000002
 20
65.12140292736808
 10
1186.3000000000002
 20
64.8714167357083
 10
1186.3000000000002
 20
64.62143054404862
 10
1186.3000000000002
 20
64.37144435238883
 10
1186.3000000000002
 20
64.12145816072905
 10
1186.3000000000002
 20
63.87147196906926
 10
1186.3000000000002
 20
63.621485777409475
 10
1186.3000000000002
 20
63.3714995857498
 10
1186.3000000000002
 20
63.121513394090016
 10
1186.3000000000002
 20
62.87152720243023
 10
1186.3000000000002
 20
62.62154101077045
 10
1186.3000000000002
 20
62.37155481911078
 10
1186.3000000000002
 20
62.12156862745099
 10
1186.3000000000002
 20
61.87158243579119
 10
1186.3000000000002
 20
61.6215962441314
 10
1186.3000000000002
 20
61.37161005247173
 10
1186.3000000000002
 20
61.12162386081195
 10
1186.3000000000002
 20
60.871637669152165
 10
1186.3000000000002
 20
60.62165147749238
 10
1186.3000000000002
 20
60.37166528583259
 10
1186.3000000000002
 20
60.12167909417292
 10
1186.3000000000002
 20
59.87169290251313
 10
1186.3000000000002
 20
59.62170671085335
 10
1186.3000000000002
 20
59.371720519193616
 10
1186.3000000000002
 20
59.12173432753383
 10
1186.3000000000002
 20
58.87174813587409
 10
1186.3000000000002
 20
58.621761944214306
 10
1186.3000000000002
 20
58.37177575255458
 10
1186.3000000000002
 20
58.1217895608948
 10
1186.3000000000002
 20
57.87180336923507
 10
1186.3000000000002
 20
57.62181717757528
 10
1186.3000000000002
 20
57.371830985915494
 10
1186.3000000000002
 20
57.12184479425576
 10
1186.3000000000002
 20
56.87185860259597
 10
1186.3000000000002
 20
56.62187241093625
 10
1186.3000000000002
 20
56.37188621927646
 10
1186.3000000000002
 20
56.12190002761673
 10
1186.3000000000002
 20
55.871913835956946
 10
1186.3000000000002
 20
55.621927644297216
 10
1186.3000000000002
 20
55.37194145263743
 10
1186.3000000000002
 20
55.1219552609777
 10
1186.3000000000002
 20
54.87196906931791
 10
1186.3000000000002
 20
54.62198287765818
 10
1186.3000000000002
 20
54.37199668599828
 10
1186.3000000000002
 20
54.122010494338554
 10
1186.3000000000002
 20
53.87202430267877
 10
1186.3000000000002
 20
53.62203811101904
 10
1186.3000000000002
 20
53.37205191935925
 10
1186.3000000000002
 20
53.12206572769952
 10
1186.3000000000002
 20
52.872079536039735
 10
1186.3000000000002
 20
52.62209334437995
 10
1186.3000000000002
 20
52.37210715272022
 10
1186.3000000000002
 20
52.12212096106043
 10
1186.3000000000002
 20
51.8721347694007
 10
1186.3000000000002
 20
51.622148577740916
 10
1186.3000000000002
 20
51.372162386081186
 10
1186.3000000000002
 20
51.1221761944214
 10
1186.3000000000002
 20
50.87219000276167
 10
1186.3000000000002
 20
50.62220381110188
 10
1186.3000000000002
 20
50.372217619442154
 10
1186.3000000000002
 20
50.12223142778237
 10
1186.3000000000002
 20
49.87224523612264
 10
1186.3000000000002
 20
49.62225904446285
 10
1186.3000000000002
 20
49.37227285280312
 10
1186.3000000000002
 20
49.122286661143335
 10
1186.3000000000002
 20
48.87230046948355
 10
1186.3000000000002
 20
48.62231427782382
 10
1186.3000000000002
 20
48.37232808616403
 10
1186.3000000000002
 20
48.1223418945043
 10
1186.3000000000002
 20
47.872355702844516
 10
1186.3000000000002
 20
47.622369511184786
 10
1186.3000000000002
 20
47.372383319525
 10
1186.3000000000002
 20
47.12239712786527
 10
1186.3000000000002
 20
46.87241093620548
 10
1186.3000000000002
 20
46.622424744545754
 10
1186.3000000000002
 20
46.37243855288597
 10
1186.3000000000002
 20
46.12245236122624
 10
1186.3000000000002
 20
45.87246616956645
 10
1186.3000000000002
 20
45.622479977906664
 10
1186.3000000000002
 20
45.372493786246935
 10
1186.3000000000002
 20
45.12250759458715
 10
1186.3000000000002
 20
44.87252140292742
 10
1186.3000000000002
 20
44.62253521126763
 10
1186.3000000000002
 20
44.3725490196079
 10
1186.3000000000002
 20
44.122562827948116
 10
1186.3000000000002
 20
43.872576636288386
 10
1186.3000000000002
 20
43.622590444628486
 10
1186.3000000000002
 20
43.372604252968756
 10
1186.3000000000002
 20
43.12261806130897
 10
1186.3000000000002
 20
42.87263186964924
 10
1186.3000000000002
 20
42.62264567798945
 10
1186.3000000000002
 20
42.372659486329724
 10
1186.3000000000002
 20
42.12267329466994
 10
1186.3000000000002
 20
41.87268710301021
 10
1186.3000000000002
 20
41.62270091135042
 10
1186.3000000000002
 20
41.37271471969069
 10
1186.3000000000002
 20
41.122728528030905
 10
1186.3000000000002
 20
40.87274233637112
 10
1186.3000000000002
 20
40.62275614471139
 10
1186.3000000000002
 20
40.3727699530516
 10
1186.3000000000002
 20
40.12278376139187
 10
1186.3000000000002
 20
39.872797569732086
 10
1186.3000000000002
 20
39.622811378072356
 10
1186.3000000000002
 20
39.37282518641257
 10
1186.3000000000002
 20
39.12283899475284
 10
1186.3000000000002
 20
38.87285280309305
 10
1186.3000000000002
 20
38.622866611433324
 10
1186.3000000000002
 20
38.37288041977354
 10
1186.3000000000002
 20
38.12289422811381
 10
1186.3000000000002
 20
37.87290803645402
 10
1186.3000000000002
 20
37.622921844794234
 10
1186.3000000000002
 20
37.372935653134505
 10
1186.3000000000002
 20
37.12294946147472
 10
1186.3000000000002
 20
36.87296326981499
 10
1186.3000000000002
 20
36.6229770781552
 10
1186.3000000000002
 20
36.37299088649547
 10
1186.3000000000002
 20
36.123004694835686
 10
1186.3000000000002
 20
35.873018503175956
 10
1186.3000000000002
 20
35.62303231151617
 10
1186.3000000000002
 20
35.37304611985644
 10
1186.3000000000002
 20
35.12305992819665
 10
1186.3000000000002
 20
34.873073736536924
 10
1186.3000000000002
 20
34.62308754487714
 10
1186.3000000000002
 20
34.37310135321741
 10
1186.3000000000002
 20
34.12311516155762
 10
1186.3000000000002
 20
33.873128969897834
 10
1186.3000000000002
 20
33.623142778238105
 10
1186.3000000000002
 20
33.37315658657832
 10
1186.3000000000002
 20
33.12317039491859
 10
1186.3000000000002
 20
32.8731842032588
 10
1186.3000000000002
 20
32.62319801159896
 10
1186.3000000000002
 20
32.37321181993917
 10
1186.3000000000002
 20
32.12322562827944
 10
1186.3000000000002
 20
31.873239436619656
 10
1186.3000000000002
 20
31.623253244959926
 10
1186.3000000000002
 20
31.37326705330014
 10
1186.3000000000002
 20
31.12328086164041
 10
1186.3000000000002
 20
30.873294669980623
 10
1186.3000000000002
 20
30.623308478320894
 10
1186.3000000000002
 20
30.373322286661107
 10
1186.3000000000002
 20
30.123336095001378
 10
1186.3000000000002
 20
29.87334990334159
 10
1186.3000000000002
 20
29.62336371168186
 10
1186.3000000000002
 20
29.373377520022075
 10
1186.3000000000002
 20
29.12339132836229
 10
1186.3000000000002
 20
28.87340513670256
 10
1186.3000000000002
 20
28.623418945042772
 10
1186.3000000000002
 20
28.373432753383042
 10
1186.3000000000002
 20
28.123446561723256
 10
1186.3000000000002
 20
27.873460370063526
 10
1186.3000000000002
 20
27.62347417840374
 10
1186.3000000000002
 20
27.37348798674401
 10
1186.3000000000002
 20
27.123501795084223
 10
1186.3000000000002
 20
26.873515603424494
 10
1186.3000000000002
 20
26.623529411764707
 10
1186.3000000000002
 20
26.373543220104978
 10
1186.3000000000002
 20
26.12355702844519
 10
1186.3000000000002
 20
25.873570836785404
 10
1186.3000000000002
 20
25.623584645125675
 10
1186.3000000000002
 20
25.37359845346589
 10
1186.3000000000002
 20
25.12361226180616
 10
1186.3000000000002
 20
24.873626070146372
 10
1186.3000000000002
 20
24.623639878486642
 10
1186.3000000000002
 20
24.373653686826856
 10
1186.3000000000002
 20
24.123667495167126
 10
1186.3000000000002
 20
23.87368130350734
 10
1186.3000000000002
 20
23.62369511184761
 10
1186.3000000000002
 20
23.373708920187823
 10
1186.3000000000002
 20
23.123722728528094
 10
1186.3000000000002
 20
22.873736536868307
 10
1186.3000000000002
 20
22.623750345208578
 10
1186.3000000000002
 20
22.37376415354879
 10
1186.3000000000002
 20
22.123777961889004
 10
1186.3000000000002
 20
21.873791770229275
 10
1186.3000000000002
 20
21.62380557856943
 10
1186.3000000000002
 20
21.373819386909645
 10
1186.3000000000002
 20
21.123833195249915
 10
1186.3000000000002
 20
20.87384700359013
 10
1186.3000000000002
 20
20.623860811930342
 10
1186.3000000000002
 20
20.373874620270612
 10
1186.3000000000002
 20
20.123888428610826
 10
1186.3000000000002
 20
19.873902236951096
 10
1186.3000000000002
 20
19.62391604529131
 10
1186.3000000000002
 20
19.37392985363158
 10
1186.3000000000002
 20
19.123943661971794
 10
1186.3000000000002
 20
18.873957470312064
 10
1186.3000000000002
 20
18.623971278652277
 10
1186.3000000000002
 20
18.373985086992548
 10
1186.3000000000002
 20
18.12399889533276
 10
1186.3000000000002
 20
17.87401270367303
 10
1186.3000000000002
 20
17.624026512013245
 10
1186.3000000000002
 20
17.37404032035346
 10
1186.3000000000002
 20
17.12405412869373
 10
1186.3000000000002
 20
16.874067937033942
 10
1186.3000000000002
 20
16.624081745374212
 10
1186.3000000000002
 20
16.374095553714426
 10
1186.3000000000002
 20
16.124109362054696
 10
1186.3000000000002
 20
15.87412317039491
 10
1186.3000000000002
 20
15.62413697873518
 10
1186.3000000000002
 20
15.374150787075394
 10
1186.3000000000002
 20
15.124164595415664
 10
1186.3000000000002
 20
14.874178403755877
 10
1186.3000000000002
 20
14.624192212096148
 10
1186.3000000000002
 20
14.374206020436361
 10
1186.3000000000002
 20
14.124219828776575
 10
1186.3000000000002
 20
13.874233637116845
 10
1186.3000000000002
 20
13.624247445457058
 10
1186.3000000000002
 20
13.374261253797329
 10
1186.3000000000002
 20
13.124275062137542
 10
1186.3000000000002
 20
12.874288870477812
 10
1186.3000000000002
 20
12.624302678818026
 10
1186.3000000000002
 20
12.374316487158296
 10
1186.3000000000002
 20
12.12433029549851
 10
1186.3000000000002
 20
11.87434410383878
 10
1186.3000000000002
 20
11.624357912178994
 10
1186.3000000000002
 20
11.374371720519264
 10
1186.3000000000002
 20
11.124385528859477
 10
1186.3000000000002
 20
10.874399337199634
 10
1186.3000000000002
 20
10.624413145539847
 10
1186.3000000000002
 20
10.374426953880118
 10
1186.3000000000002
 20
10.124440762220331
 10
1186.3000000000002
 20
9.874454570560601
 10
1186.3000000000002
 20
9.624468378900815
 10
1186.3000000000002
 20
9.374482187241085
 10
1186.3000000000002
 20
9.124495995581299
 10
1186.3000000000002
 20
8.874509803921512
 10
1186.3000000000002
 20
8.624523612261783
 10
1186.3000000000002
 20
8.374537420601996
 10
1186.3000000000002
 20
8.124551228942266
 10
1186.3000000000002
 20
7.87456503728248
 10
1186.3000000000002
 20
7.62457884562275
 10
1186.3000000000002
 20
7.374592653962964
 10
1186.3000000000002
 20
7.124606462303234
 10
1186.3000000000002
 20
6.874620270643447
 10
1186.3000000000002
 20
6.624634078983718
 10
1186.3000000000002
 20
6.374647887323931
 10
1186.3000000000002
 20
6.1246616956642015
 10
1186.3000000000002
 20
5.874675504004415
 10
1186.3000000000002
 20
5.624689312344628
 10
1186.3000000000002
 20
5.374703120684899
 10
1186.3000000000002
 20
5.124716929025112
 10
1186.3000000000002
 20
4.8747307373653825
 10
1186.3000000000002
 20
4.624744545705596
 10
1186.3000000000002
 20
4.374758354045866
 10
1186.3000000000002
 20
4.12477216238608
 10
1186.3000000000002
 20
3.87478597072635
 10
1186.3000000000002
 20
3.6247997790665636
 10
1186.3000000000002
 20
3.374813587406834
 10
1186.3000000000002
 20
3.1248273957470474
 10
1186.3000000000002
 20
2.8748412040873177
 10
1186.3000000000002
 20
2.624855012427531
 10
1186.3000000000002
 20
2.3748688207677446
 10
1186.3000000000002
 20
2.124882629108015
 10
1186.3000000000002
 20
1.8748964374482284
 10
1186.3000000000002
 20
1.6249102457884987
 10
1186.3000000000002
 20
1.3749240541287122
 10
1186.3000000000002
 20
1.1249378624689825
 10
1186.3000000000002
 20
0.874951670809196
 10
1186.3000000000002
 20
0.6249654791494663
 10
1186.3000000000002
 20
0.3749792874896798
 10
1186.3000000000002
 20
0.12499309582995011
 10
1186.1750069041702
 20
0.0
 10
1185.9250207125106
 20
0.0
 10
1185.6750345208507
 20
0.0
 10
1185.425048329191
 20
0.0
 10
1185.175062137531
 20
0.0
 10
1184.9250759458714
 20
0.0
 10
1184.6750897542117
 20
0.0
 10
1184.4251035625518
 20
0.0
 10
1184.1751173708922
 20
0.0
 10
1183.9251311792323
 20
0.0
 10
1183.6751449875726
 20
0.0
 10
1183.4251587959127
 20
0.0
 10
1183.175172604253
 20
0.0
 10
1182.9251864125933
 20
0.0
 10
1182.6752002209334
 20
0.0
 10
1182.4252140292738
 20
0.0
 10
1182.175227837614
 20
0.0
 10
1181.9252416459542
 20
0.0
 10
1181.6752554542945
 20
0.0
 10
1181.4252692626346
 20
0.0
 10
1181.175283070975
 20
0.0
 10
1180.9252968793153
 20
0.0
 10
1180.6753106876554
 20
0.0
 10
1180.4253244959957
 20
0.0
 10
1180.1753383043358
 20
0.0
 10
1179.9253521126761
 20
0.0
 10
1179.6753659210165
 20
0.0
 10
1179.4253797293566
 20
0.0
 10
1179.175393537697
 20
0.0
 10
1178.9254073460372
 20
0.0
 10
1178.6754211543773
 20
0.0
 10
1178.4254349627176
 20
0.0
 10
1178.1754487710577
 20
0.0
 10
1177.925462579398
 20
0.0
 10
1177.6754763877382
 20
0.0
 10
1177.4254901960785
 20
0.0
 10
1177.1755040044188
 20
0.0
 10
1176.925517812759
 20
0.0
 10
1176.6755316210993
 20
0.0
 10
1176.4255454294396
 20
0.0
 10
1176.1755592377797
 20
0.0
 10
1175.92557304612
 20
0.0
 10
1175.67558685446
 20
0.0
 10
1175.4256006628004
 20
0.0
 10
1175.1756144711408
 20
0.0
 10
1174.9256282794809
 20
0.0
 10
1174.6756420878212
 20
0.0
 10
1174.4256558961613
 20
0.0
 10
1174.1756697045016
 20
0.0
 10
1173.925683512842
 20
0.0
 10
1173.675697321182
 20
0.0
 10
1173.4257111295224
 20
0.0
 10
1173.1757249378627
 20
0.0
 10
1172.9257387462028
 20
0.0
 10
1172.6757525545431
 20
0.0
 10
1172.4257663628832
 20
0.0
 10
1172.1757801712236
 20
0.0
 10
1171.9257939795637
 20
0.0
 10
1171.675807787904
 20
0.0
 10
1171.4258215962443
 20
0.0
 10
1171.1758354045844
 20
0.0
 10
1170.9258492129247
 20
0.0
 10
1170.6758630212648
 20
0.0
 10
1170.4258768296052
 20
0.0
 10
1170.1758906379455
 20
0.0
 10
1169.9259044462856
 20
0.0
 10
1169.675918254626
 20
0.0
 10
1169.4259320629662
 20
0.0
 10
1169.1759458713063
 20
0.0
 10
1168.9259596796467
 20
0.0
 10
1168.6759734879868
 20
0.0
 10
1168.425987296327
 20
0.0
 10
1168.1760011046674
 20
0.0
 10
1167.9260149130075
 20
0.0
 10
1167.6760287213478
 20
0.0
 10
1167.426042529688
 20
0.0
 10
1167.1760563380283
 20
0.0
 10
1166.9260701463684
 20
0.0
 10
1166.6760839547087
 20
0.0
 10
1166.426097763049
 20
0.0
 10
1166.1761115713891
 20
0.0
 10
1165.9261253797295
 20
0.0
 10
1165.6761391880698
 20
0.0
 10
1165.4261529964099
 20
0.0
 10
1165.1761668047502
 20
0.0
 10
1164.9261806130903
 20
0.0
 10
1164.6761944214306
 20
0.0
 10
1164.426208229771
 20
0.0
 10
1164.176222038111
 20
0.0
 10
1163.9262358464514
 20
0.0
 10
1163.6762496547915
 20
0.0
 10
1163.4262634631318
 20
0.0
 10
1163.1762772714721
 20
0.0
 10
1162.9262910798122
 20
0.0
 10
1162.6763048881526
 20
0.0
 10
1162.426318696493
 20
0.0
 10
1162.176332504833
 20
0.0
 10
1161.9263463131733
 20
0.0
 10
1161.6763601215134
 20
0.0
 10
1161.4263739298538
 20
0.0
 10
1161.1763877381939
 20
0.0
 10
1160.9264015465342
 20
0.0
 10
1160.6764153548745
 20
0.0
 10
1160.4264291632146
 20
0.0
 10
1160.176442971555
 20
0.0
 10
1159.926456779895
 20
0.0
 10
1159.6764705882354
 20
0.0
 10
1159.4264843965757
 20
0.0
 10
1159.1764982049158
 20
0.0
 10
1158.9265120132561
 20
0.0
 10
1158.6765258215964
 20
0.0
 10
1158.4265396299365
 20
0.0
 10
1158.1765534382769
 20
0.0
 10
1157.926567246617
 20
0.0
 10
1157.6765810549573
 20
0.0
 10
1157.4265948632976
 20
0.0
 10
1157.1766086716377
 20
0.0
 10
1156.926622479978
 20
0.0
 10
1156.6766362883182
 20
0.0
 10
1156.4266500966585
 20
0.0
 10
1156.1766639049986
 20
0.0
 10
1155.926677713339
 20
0.0
 10
1155.6766915216792
 20
0.0
 10
1155.4267053300193
 20
0.0
 10
1155.1767191383597
 20
0.0
 10
1154.9267329467
 20
0.0
 10
1154.67674675504
 20
0.0
 10
1154.4267605633804
 20
0.0
 10
1154.1767743717205
 20
0.0
 10
1153.9267881800608
 20
0.0
 10
1153.6768019884012
 20
0.0
 10
1153.4268157967413
 20
0.0
 10
1153.1768296050816
 20
0.0
 10
1152.926843413422
 20
0.0
 10
1152.676857221762
 20
0.0
 10
1152.4268710301023
 20
0.0
 10
1152.1768848384424
 20
0.0
 10
1151.9268986467828
 20
0.0
 10
1151.676912455123
 20
0.0
 10
1151.4269262634632
 20
0.0
 10
1151.1769400718035
 20
0.0
 10
1150.9269538801436
 20
0.0
 10
1150.676967688484
 20
0.0
 10
1150.426981496824
 20
0.0
 10
1150.1769953051644
 20
0.0
 10
1149.9270091135047
 20
0.0
 10
1149.6770229218448
 20
0.0
 10
1149.4270367301851
 20
0.0
 10
1149.1770505385255
 20
0.0
 10
1148.9270643468656
 20
0.0
 10
1148.677078155206
 20
0.0
 10
1148.427091963546
 20
0.0
 10
1148.1771057718863
 20
0.0
 10
1147.9271195802266
 20
0.0
 10
1147.6771333885667
 20
0.0
 10
1147.427147196907
 20
0.0
 10
1147.1771610052472
 20
0.0
 10
1146.9271748135875
 20
0.0
 10
1146.6771886219278
 20
0.0
 10
1146.427202430268
 20
0.0
 10
1146.1772162386083
 20
0.0
 10
1145.9272300469486
 20
0.0
 10
1145.6772438552887
 20
0.0
 10
1145.427257663629
 20
0.0
 10
1145.177271471969
 20
0.0
 10
1144.9272852803094
 20
0.0
 10
1144.6772990886495
 20
0.0
 10
1144.4273128969899
 20
0.0
 10
1144.1773267053302
 20
0.0
 10
1143.9273405136703
 20
0.0
 10
1143.6773543220106
 20
0.0
 10
1143.4273681303507
 20
0.0
 10
1143.177381938691
 20
0.0
 10
1142.9273957470314
 20
0.0
 10
1142.6774095553715
 20
0.0
 10
1142.4274233637118
 20
0.0
 10
1142.1774371720521
 20
0.0
 10
1141.9274509803922
 20
0.0
 10
1141.6774647887326
 20
0.0
 10
1141.4274785970726
 20
0.0
 10
1141.177492405413
 20
0.0
 10
1140.9275062137533
 20
0.0
 10
1140.6775200220934
 20
0.0
 10
1140.4275338304337
 20
0.0
 10
1140.1775476387738
 20
0.0
 10
1139.9275614471142
 20
0.0
 10
1139.6775752554543
 20
0.0
 10
1139.4275890637946
 20
0.0
 10
1139.177602872135
 20
0.0
 10
1138.927616680475
 20
0.0
 10
1138.6776304888153
 20
0.0
 10
1138.4276442971557
 20
0.0
 10
1138.1776581054958
 20
0.0
 10
1137.927671913836
 20
0.0
 10
1137.6776857221762
 20
0.0
 10
1137.4276995305165
 20
0.0
 10
1137.1777133388568
 20
0.0
 10
1136.927727147197
 20
0.0
 10
1136.6777409555373
 20
0.0
 10
1136.4277547638774
 20
0.0
 10
1136.1777685722177
 20
0.0
 10
1135.927782380558
 20
0.0
 10
1135.6777961888981
 20
0.0
 10
1135.4278099972385
 20
0.0
 10
1135.1778238055788
 20
0.0
 10
1134.9278376139189
 20
0.0
 10
1134.6778514222592
 20
0.0
 10
1134.4278652305993
 20
0.0
 10
1134.1778790389396
 20
0.0
 10
1133.9278928472797
 20
0.0
 10
1133.67790665562
 20
0.0
 10
1133.4279204639604
 20
0.0
 10
1133.1779342723005
 20
0.0
 10
1132.9279480806408
 20
0.0
 10
1132.677961888981
 20
0.0
 10
1132.4279756973212
 20
0.0
 10
1132.1779895056616
 20
0.0
 10
1131.9280033140017
 20
0.0
 10
1131.678017122342
 20
0.0
 10
1131.4280309306823
 20
0.0
 10
1131.1780447390224
 20
0.0
 10
1130.9280585473628
 20
0.0
 10
1130.6780723557029
 20
0.0
 10
1130.4280861640432
 20
0.0
 10
1130.1780999723835
 20
0.0
 10
1129.9281137807236
 20
0.0
 10
1129.678127589064
 20
0.0
 10
1129.4281413974043
 20
0.0
 10
1129.1781552057444
 20
0.0
 10
1128.9281690140847
 20
0.0
 10
1128.6781828224248
 20
0.0
 10
1128.4281966307651
 20
0.0
 10
1128.1782104391052
 20
0.0
 10
1127.9282242474455
 20
0.0
 10
1127.6782380557859
 20
0.0
 10
1127.428251864126
 20
0.0
 10
1127.1782656724663
 20
0.0
 10
1126.9282794808064
 20
0.0
 10
1126.6782932891467
 20
0.0
 10
1126.428307097487
 20
0.0
 10
1126.1783209058271
 20
0.0
 10
1125.9283347141675
 20
0.0
 10
1125.6783485225078
 20
0.0
 10
1125.428362330848
 20
0.0
 10
1125.1783761391882
 20
0.0
 10
1124.9283899475283
 20
0.0
 10
1124.6784037558687
 20
0.0
 10
1124.428417564209
 20
0.0
 10
1124.178431372549
 20
0.0
 10
1123.9284451808894
 20
0.0
 10
1123.6784589892295
 20
0.0
 10
1123.4284727975698
 20
0.0
 10
1123.17848660591
 20
0.0
 10
1122.9285004142503
 20
0.0
 10
1122.6785142225906
 20
0.0
 10
1122.4285280309307
 20
0.0
 10
1122.178541839271
 20
0.0
 10
1121.9285556476113
 20
0.0
 10
1121.6785694559514
 20
0.0
 10
1121.4285832642918
 20
0.0
 10
1121.1785970726319
 20
0.0
 10
1120.9286108809722
 20
0.0
 10
1120.6786246893125
 20
0.0
 10
1120.4286384976526
 20
0.0
 10
1120.178652305993
 20
0.0
 10
1119.928666114333
 20
0.0
 10
1119.6786799226734
 20
0.0
 10
1119.4286937310137
 20
0.0
 10
1119.1787075393538
 20
0.0
 10
1118.9287213476941
 20
0.0
 10
1118.6787351560345
 20
0.0
 10
1118.4287489643746
 20
0.0
 10
1118.178762772715
 20
0.0
 10
1117.928776581055
 20
0.0
 10
1117.6787903893953
 20
0.0
 10
1117.4288041977354
 20
0.0
 10
1117.1788180060757
 20
0.0
 10
1116.928831814416
 20
0.0
 10
1116.6788456227562
 20
0.0
 10
1116.4288594310965
 20
0.0
 10
1116.1788732394366
 20
0.0
 10
1115.928887047777
 20
0.0
 10
1115.6789008561173
 20
0.0
 10
1115.4289146644574
 20
0.0
 10
1115.1789284727977
 20
0.0
 10
1114.928942281138
 20
0.0
 10
1114.678956089478
 20
0.0
 10
1114.4289698978184
 20
0.0
 10
1114.1789837061585
 20
0.0
 10
1113.9289975144989
 20
0.0
 10
1113.6790113228392
 20
0.0
 10
1113.4290251311793
 20
0.0
 10
1113.1790389395196
 20
0.0
 10
1112.9290527478597
 20
0.0
 10
1112.6790665562
 20
0.0
 10
1112.4290803645401
 20
0.0
 10
1112.1790941728805
 20
0.0
 10
1111.9291079812208
 20
0.0
 10
1111.679121789561
 20
0.0
 10
1111.4291355979012
 20
0.0
 10
1111.1791494062415
 20
0.0
 10
1110.9291632145816
 20
0.0
 10
1110.679177022922
 20
0.0
 10
1110.429190831262
 20
0.0
 10
1110.1792046396024
 20
0.0
 10
1109.9292184479427
 20
0.0
 10
1109.6792322562828
 20
0.0
 10
1109.4292460646232
 20
0.0
 10
1109.1792598729633
 20
0.0
 10
1108.9292736813036
 20
0.0
 10
1108.679287489644
 20
0.0
 10
1108.429301297984
 20
0.0
 10
1108.1793151063243
 20
0.0
 10
1107.9293289146647
 20
0.0
 10
1107.6793427230048
 20
0.0
 10
1107.429356531345
 20
0.0
 10
1107.1793703396852
 20
0.0
 10
1106.9293841480255
 20
0.0
 10
1106.6793979563656
 20
0.0
 10
1106.429411764706
 20
0.0
 10
1106.1794255730463
 20
0.0
 10
1105.9294393813864
 20
0.0
 10
1105.6794531897267
 20
0.0
 10
1105.429466998067
 20
0.0
 10
1105.1794808064071
 20
0.0
 10
1104.9294946147475
 20
0.0
 10
1104.6795084230876
 20
0.0
 10
1104.4295222314279
 20
0.0
 10
1104.1795360397682
 20
0.0
 10
1103.9295498481083
 20
0.0
 10
1103.6795636564486
 20
0.0
 10
1103.4295774647887
 20
0.0
 10
1103.179591273129
 20
0.0
 10
1102.9296050814694
 20
0.0
 10
1102.6796188898095
 20
0.0
 10
1102.4296326981498
 20
0.0
 10
1102.1796465064901
 20
0.0
 10
1101.9296603148302
 20
0.0
 10
1101.6796741231706
 20
0.0
 10
1101.4296879315107
 20
0.0
 10
1101.179701739851
 20
0.0
 10
1100.929715548191
 20
0.0
 10
1100.6797293565314
 20
0.0
 10
1100.4297431648718
 20
0.0
 10
1100.1797569732119
 20
0.0
 10
1099.9297707815522
 20
0.0
 10
1099.6797845898923
 20
0.0
 10
1099.4297983982326
 20
0.0
 10
1099.179812206573
 20
0.0
 10
1098.929826014913
 20
0.0
 10
1098.6798398232534
 20
0.0
 10
1098.4298536315937
 20
0.0
 10
1098.1798674399338
 20
0.0
 10
1097.9298812482741
 20
0.0
 10
1097.6798950566142
 20
0.0
 10
1097.4299088649545
 20
0.0
 10
1097.1799226732949
 20
0.0
 10
1096.929936481635
 20
0.0
 10
1096.6799502899753
 20
0.0
 10
1096.4299640983154
 20
0.0
 10
1096.1799779066557
 20
0.0
 10
1095.9299917149958
 20
0.0
 10
1095.6800055233361
 20
0.0
 10
1095.4300193316765
 20
0.0
 10
1095.1800331400166
 20
0.0
 10
1094.930046948357
 20
0.0
 10
1094.6800607566972
 20
0.0
 10
1094.4300745650373
 20
0.0
 10
1094.1800883733777
 20
0.0
 10
1093.9301021817178
 20
0.0
 10
1093.680115990058
 20
0.0
 10
1093.4301297983984
 20
0.0
 10
1093.1801436067385
 20
0.0
 10
1092.9301574150788
 20
0.0
 10
1092.680171223419
 20
0.0
 10
1092.4301850317593
 20
0.0
 10
1092.1801988400996
 20
0.0
 10
1091.9302126484397
 20
0.0
 10
1091.68022645678
 20
0.0
 10
1091.4302402651203
 20
0.0
 10
1091.1802540734604
 20
0.0
 10
1090.9302678818008
 20
0.0
 10
1090.6802816901409
 20
0.0
 10
1090.4302954984812
 20
0.0
 10
1090.1803093068213
 20
0.0
 10
1089.9303231151616
 20
0.0
 10
1089.680336923502
 20
0.0
 10
1089.430350731842
 20
0.0
 10
1089.1803645401824
 20
0.0
 10
1088.9303783485225
 20
0.0
 10
1088.6803921568628
 20
0.0
 10
1088.4304059652031
 20
0.0
 10
1088.1804197735432
 20
0.0
 10
1087.9304335818836
 20
0.0
 10
1087.680447390224
 20
0.0
 10
1087.430461198564
 20
0.0
 10
1087.1804750069043
 20
0.0
 10
1086.9304888152444
 20
0.0
 10
1086.6805026235847
 20
0.0
 10
1086.430516431925
 20
0.0
 10
1086.1805302402652
 20
0.0
 10
1085.9305440486055
 20
0.0
 10
1085.6805578569456
 20
0.0
 10
1085.430571665286
 20
0.0
 10
1085.1805854736263
 20
0.0
 10
1084.9305992819664
 20
0.0
 10
1084.6806130903067
 20
0.0
 10
1084.4306268986468
 20
0.0
 10
1084.180640706987
 20
0.0
 10
1083.9306545153274
 20
0.0
 10
1083.6806683236675
 20
0.0
 10
1083.4306821320079
 20
0.0
 10
1083.180695940348
 20
0.0
 10
1082.9307097486883
 20
0.0
 10
1082.6807235570286
 20
0.0
 10
1082.4307373653687
 20
0.0
 10
1082.180751173709
 20
0.0
 10
1081.9307649820494
 20
0.0
 10
1081.6807787903895
 20
0.0
 10
1081.4307925987298
 20
0.0
 10
1081.18080640707
 20
0.0
 10
1080.9308202154102
 20
0.0
 10
1080.6808340237505
 20
0.0
 10
1080.4308478320906
 20
0.0
 10
1080.180861640431
 20
0.0
 10
1079.930875448771
 20
0.0
 10
1079.6808892571114
 20
0.0
 10
1079.4309030654515
 20
0.0
 10
1079.1809168737918
 20
0.0
 10
1078.9309306821322
 20
0.0
 10
1078.6809444904723
 20
0.0
 10
1078.4309582988126
 20
0.0
 10
1078.180972107153
 20
0.0
 10
1077.930985915493
 20
0.0
 10
1077.6809997238333
 20
0.0
 10
1077.4310135321734
 20
0.0
 10
1077.1810273405138
 20
0.0
 10
1076.931041148854
 20
0.0
 10
1076.6810549571942
 20
0.0
 10
1076.4310687655345
 20
0.0
 10
1076.1810825738746
 20
0.0
 10
1075.931096382215
 20
0.0
 10
1075.6811101905553
 20
0.0
 10
1075.4311239988954
 20
0.0
 10
1075.1811378072357
 20
0.0
 10
1074.931151615576
 20
0.0
 10
1074.6811654239161
 20
0.0
 10
1074.4311792322565
 20
0.0
 10
1074.1811930405966
 20
0.0
 10
1073.9312068489369
 20
0.0
 10
1073.681220657277
 20
0.0
 10
1073.4312344656173
 20
0.0
 10
1073.1812482739576
 20
0.0
 10
1072.9312620822977
 20
0.0
 10
1072.681275890638
 20
0.0
 10
1072.4312896989782
 20
0.0
 10
1072.1813035073185
 20
0.0
 10
1071.9313173156588
 20
0.0
 10
1071.681331123999
 20
0.0
 10
1071.4313449323392
 20
0.0
 10
1071.1813587406796
 20
0.0
 10
1070.9313725490197
 20
0.0
 10
1070.68138635736
 20
0.0
 10
1070.4314001657
 20
0.0
 10
1070.1814139740404
 20
0.0
 10
1069.9314277823808
 20
0.0
 10
1069.6814415907209
 20
0.0
 10
1069.4314553990612
 20
0.0
 10
1069.1814692074013
 20
0.0
 10
1068.9314830157416
 20
0.0
 10
1068.6814968240817
 20
0.0
 10
1068.431510632422
 20
0.0
 10
1068.1815244407624
 20
0.0
 10
1067.9315382491025
 20
0.0
 10
1067.6815520574428
 20
0.0
 10
1067.431565865783
 20
0.0
 10
1067.1815796741232
 20
0.0
 10
1066.9315934824635
 20
0.0
 10
1066.6816072908036
 20
0.0
 10
1066.431621099144
 20
0.0
 10
1066.1816349074843
 20
0.0
 10
1065.9316487158244
 20
0.0
 10
1065.6816625241647
 20
0.0
 10
1065.4316763325048
 20
0.0
 10
1065.1816901408451
 20
0.0
 10
1064.9317039491855
 20
0.0
 10
1064.6817177575256
 20
0.0
 10
1064.431731565866
 20
0.0
 10
1064.1817453742062
 20
0.0
 10
1063.9317591825463
 20
0.0
 10
1063.6817729908867
 20
0.0
 10
1063.4317867992268
 20
0.0
 10
1063.181800607567
 20
0.0
 10
1062.9318144159072
 20
0.0
 10
1062.6818282242475
 20
0.0
 10
1062.4318420325878
 20
0.0
 10
1062.181855840928
 20
0.0
 10
1061.9318696492683
 20
0.0
 10
1061.6818834576086
 20
0.0
 10
1061.4318972659487
 20
0.0
 10
1061.181911074289
 20
0.0
 10
1060.9319248826291
 20
0.0
 10
1060.6819386909694
 20
0.0
 10
1060.4319524993098
 20
0.0
 10
1060.1819663076499
 20
0.0
 10
1059.9319801159902
 20
0.0
 10
1059.6819939243303
 20
0.0
 10
1059.4320077326706
 20
0.0
 10
1059.182021541011
 20
0.0
 10
1058.932035349351
 20
0.0
 10
1058.6820491576914
 20
0.0
 10
1058.4320629660317
 20
0.0
 10
1058.1820767743718
 20
0.0
 10
1057.9320905827121
 20
0.0
 10
1057.6821043910522
 20
0.0
 10
1057.4321181993926
 20
0.0
 10
1057.1821320077327
 20
0.0
 10
1056.932145816073
 20
0.0
 10
1056.6821596244133
 20
0.0
 10
1056.4321734327534
 20
0.0
 10
1056.1821872410937
 20
0.0
 10
1055.9322010494338
 20
0.0
 10
1055.6822148577742
 20
0.0
 10
1055.4322286661145
 20
0.0
 10
1055.1822424744546
 20
0.0
 10
1054.932256282795
 20
0.0
 10
1054.6822700911353
 20
0.0
 10
1054.4322838994754
 20
0.0
 10
1054.1822977078157
 20
0.0
 10
1053.9323115161558
 20
0.0
 10
1053.682325324496
 20
0.0
 10
1053.4323391328364
 20
0.0
 10
1053.1823529411765
 20
0.0
 10
1052.9323667495169
 20
0.0
 10
1052.682380557857
 20
0.0
 10
1052.4323943661973
 20
0.0
 10
1052.1824081745374
 20
0.0
 10
1051.9324219828777
 20
0.0
 10
1051.682435791218
 20
0.0
 10
1051.4324495995581
 20
0.0
 10
1051.1824634078985
 20
0.0
 10
1050.9324772162388
 20
0.0
 10
1050.682491024579
 20
0.0
 10
1050.4325048329192
 20
0.0
 10
1050.1825186412593
 20
0.0
 10
1049.9325324495996
 20
0.0
 10
1049.68254625794
 20
0.0
 10
1049.43256006628
 20
0.0
 10
1049.1825738746204
 20
0.0
 10
1048.9325876829605
 20
0.0
 10
1048.6826014913008
 20
0.0
 10
1048.4326152996412
 20
0.0
 10
1048.1826291079813
 20
0.0
 10
1047.9326429163216
 20
0.0
 10
1047.682656724662
 20
0.0
 10
1047.432670533002
 20
0.0
 10
1047.1826843413423
 20
0.0
 10
1046.9326981496824
 20
0.0
 10
1046.6827119580228
 20
0.0
 10
1046.4327257663629
 20
0.0
 10
1046.1827395747032
 20
0.0
 10
1045.9327533830435
 20
0.0
 10
1045.6827671913836
 20
0.0
 10
1045.432780999724
 20
0.0
 10
1045.182794808064
 20
0.0
 10
1044.9328086164044
 20
0.0
 10
1044.6828224247447
 20
0.0
 10
1044.4328362330848
 20
0.0
 10
1044.1828500414251
 20
0.0
 10
1043.9328638497655
 20
0.0
 10
1043.6828776581056
 20
0.0
 10
1043.4328914664459
 20
0.0
 10
1043.182905274786
 20
0.0
 10
1042.9329190831263
 20
0.0
 10
1042.6829328914666
 20
0.0
 10
1042.4329466998067
 20
0.0
 10
1042.182960508147
 20
0.0
 10
1041.9329743164872
 20
0.0
 10
1041.6829881248275
 20
0.0
 10
1041.4330019331676
 20
0.0
 10
1041.183015741508
 20
0.0
 10
1040.9330295498482
 20
0.0
 10
1040.6830433581883
 20
0.0
 10
1040.4330571665287
 20
0.0
 10
1040.183070974869
 20
0.0
 10
1039.933084783209
 20
0.0
 10
1039.6830985915494
 20
0.0
 10
1039.4331123998895
 20
0.0
 10
1039.1831262082299
 20
0.0
 10
1038.9331400165702
 20
0.0
 10
1038.6831538249103
 20
0.0
 10
1038.4331676332506
 20
0.0
 10
1038.1831814415907
 20
0.0
 10
1037.933195249931
 20
0.0
 10
1037.6832090582714
 20
0.0
 10
1037.4332228666115
 20
0.0
 10
1037.1832366749518
 20
0.0
 10
1036.933250483292
 20
0.0
 10
1036.6832642916322
 20
0.0
 10
1036.4332780999725
 20
0.0
 10
1036.1832919083126
 20
0.0
 10
1035.933305716653
 20
0.0
 10
1035.683319524993
 20
0.0
 10
1035.4333333333334
 20
0.0
 10
1035.1833471416737
 20
0.0
 10
1034.9333609500138
 20
0.0
 10
1034.6833747583541
 20
0.0
 10
1034.4333885666945
 20
0.0
 10
1034.1834023750346
 20
0.0
 10
1033.933416183375
 20
0.0
 10
1033.683429991715
 20
0.0
 10
1033.4334438000553
 20
0.0
 10
1033.1834576083957
 20
0.0
 10
1032.9334714167358
 20
0.0
 10
1032.683485225076
 20
0.0
 10
1032.4334990334162
 20
0.0
 10
1032.1835128417565
 20
0.0
 10
1031.9335266500968
 20
0.0
 10
1031.683540458437
 20
0.0
 10
1031.4335542667773
 20
0.0
 10
1031.1835680751176
 20
0.0
 10
1030.9335818834577
 20
0.0
 10
1030.683595691798
 20
0.0
 10
1030.4336095001381
 20
0.0
 10
1030.1836233084784
 20
0.0
 10
1029.9336371168185
 20
0.0
 10
1029.6836509251589
 20
0.0
 10
1029.4336647334992
 20
0.0
 10
1029.1836785418393
 20
0.0
 10
1028.9336923501796
 20
0.0
 10
1028.6837061585197
 20
0.0
 10
1028.43371996686
 20
0.0
 10
1028.1837337752004
 20
0.0
 10
1027.9337475835405
 20
0.0
 10
1027.6837613918808
 20
0.0
 10
1027.4337752002211
 20
0.0
 10
1027.1837890085612
 20
0.0
 10
1026.9338028169016
 20
0.0
 10
1026.6838166252417
 20
0.0
 10
1026.433830433582
 20
0.0
 10
1026.1838442419223
 20
0.0
 10
1025.9338580502624
 20
0.0
 10
1025.6838718586027
 20
0.0
 10
1025.4338856669428
 20
0.0
 10
1025.1838994752832
 20
0.0
 10
1024.9339132836233
 20
0.0
 10
1024.6839270919636
 20
0.0
 10
1024.433940900304
 20
0.0
 10
1024.183954708644
 20
0.0
 10
1023.9339685169844
 20
0.0
 10
1023.6839823253246
 20
0.0
 10
1023.4339961336648
 20
0.0
 10
1023.1840099420051
 20
0.0
 10
1022.9340237503453
 20
0.0
 10
1022.6840375586855
 20
0.0
 10
1022.4340513670257
 20
0.0
 10
1022.184065175366
 20
0.0
 10
1021.9340789837063
 20
0.0
 10
1021.6840927920465
 20
0.0
 10
1021.4341066003867
 20
0.0
 10
1021.1841204087269
 20
0.0
 10
1020.9341342170673
 20
0.0
 10
1020.6841480254075
 20
0.0
 10
1020.4341618337477
 20
0.0
 10
1020.1841756420879
 20
0.0
 10
1019.9341894504281
 20
0.0
 10
1019.6842032587683
 20
0.0
 10
1019.4342170671086
 20
0.0
 10
1019.1842308754489
 20
0.0
 10
1018.9342446837891
 20
0.0
 10
1018.6842584921293
 20
0.0
 10
1018.4342723004696
 20
0.0
 10
1018.1842861088098
 20
0.0
 10
1017.93429991715
 20
0.0
 10
1017.6843137254903
 20
0.0
 10
1017.4343275338305
 20
0.0
 10
1017.1843413421708
 20
0.0
 10
1016.934355150511
 20
0.0
 10
1016.6843689588512
 20
0.0
 10
1016.4343827671914
 20
0.0
 10
1016.1843965755318
 20
0.0
 10
1015.934410383872
 20
0.0
 10
1015.6844241922122
 20
0.0
 10
1015.4344380005524
 20
0.0
 10
1015.1844518088927
 20
0.0
 10
1014.934465617233
 20
0.0
 10
1014.6844794255732
 20
0.0
 10
1014.4344932339134
 20
0.0
 10
1014.1845070422536
 20
0.0
 10
1013.9345208505938
 20
0.0
 10
1013.684534658934
 20
0.0
 10
1013.4345484672743
 20
0.0
 10
1013.1845622756146
 20
0.0
 10
1012.9345760839548
 20
0.0
 10
1012.684589892295
 20
0.0
 10
1012.4346037006353
 20
0.0
 10
1012.1846175089755
 20
0.0
 10
1011.9346313173157
 20
0.0
 10
1011.684645125656
 20
0.0
 10
1011.4346589339963
 20
0.0
 10
1011.1846727423365
 20
0.0
 10
1010.9346865506767
 20
0.0
 10
1010.6847003590169
 20
0.0
 10
1010.4347141673571
 20
0.0
 10
1010.1847279756975
 20
0.0
 10
1009.9347417840377
 20
0.0
 10
1009.6847555923779
 20
0.0
 10
1009.4347694007181
 20
0.0
 10
1009.1847832090584
 20
0.0
 10
1008.9347970173985
 20
0.0
 10
1008.6848108257389
 20
0.0
 10
1008.4348246340791
 20
0.0
 10
1008.1848384424193
 20
0.0
 10
1007.9348522507595
 20
0.0
 10
1007.6848660590998
 20
0.0
 10
1007.43487986744
 20
0.0
 10
1007.1848936757802
 20
0.0
 10
1006.9349074841205
 20
0.0
 10
1006.6849212924608
 20
0.0
 10
1006.434935100801
 20
0.0
 10
1006.1849489091412
 20
0.0
 10
1005.9349627174814
 20
0.0
 10
1005.6849765258216
 20
0.0
 10
1005.434990334162
 20
0.0
 10
1005.1850041425022
 20
0.0
 10
1004.9350179508424
 20
0.0
 10
1004.6850317591826
 20
0.0
 10
1004.4350455675229
 20
0.0
 10
1004.1850593758631
 20
0.0
 10
1003.9350731842034
 20
0.0
 10
1003.6850869925436
 20
0.0
 10
1003.4351008008838
 20
0.0
 10
1003.185114609224
 20
0.0
 10
1002.9351284175643
 20
0.0
 10
1002.6851422259045
 20
0.0
 10
1002.4351560342448
 20
0.0
 10
1002.185169842585
 20
0.0
 10
1001.9351836509252
 20
0.0
 10
1001.6851974592655
 20
0.0
 10
1001.4352112676057
 20
0.0
 10
1001.1852250759459
 20
0.0
 10
1000.9352388842862
 20
0.0
 10
1000.6852526926265
 20
0.0
 10
1000.4352665009667
 20
0.0
 10
1000.1852803093069
 20
0.0
 10
999.9352941176471
 20
0.0
 10
999.6853079259874
 20
0.0
 10
999.4353217343277
 20
0.0
 10
999.1853355426679
 20
0.0
 10
998.9353493510081
 20
0.0
 10
998.6853631593483
 20
0.0
 10
998.4353769676886
 20
0.0
 10
998.1853907760288
 20
0.0
 10
997.935404584369
 20
0.0
 10
997.6854183927093
 20
0.0
 10
997.4354322010495
 20
0.0
 10
997.1854460093897
 20
0.0
 10
996.93545981773
 20
0.0
 10
996.6854736260702
 20
0.0
 10
996.4354874344104
 20
0.0
 10
996.1855012427507
 20
0.0
 10
995.935515051091
 20
0.0
 10
995.6855288594312
 20
0.0
 10
995.4355426677714
 20
0.0
 10
995.1855564761116
 20
0.0
 10
994.935570284452
 20
0.0
 10
994.6855840927922
 20
0.0
 10
994.4355979011324
 20
0.0
 10
994.1856117094726
 20
0.0
 10
993.9356255178128
 20
0.0
 10
993.6856393261531
 20
0.0
 10
993.4356531344934
 20
0.0
 10
993.1856669428336
 20
0.0
 10
992.9356807511738
 20
0.0
 10
992.685694559514
 20
0.0
 10
992.4357083678542
 20
0.0
 10
992.1857221761945
 20
0.0
 10
991.9357359845347
 20
0.0
 10
991.685749792875
 20
0.0
 10
991.4357636012152
 20
0.0
 10
991.1857774095555
 20
0.0
 10
990.9357912178957
 20
0.0
 10
990.6858050262359
 20
0.0
 10
990.4358188345761
 20
0.0
 10
990.1858326429164
 20
0.0
 10
989.9358464512567
 20
0.0
 10
989.6858602595969
 20
0.0
 10
989.4358740679371
 20
0.0
 10
989.1858878762773
 20
0.0
 10
988.9359016846176
 20
0.0
 10
988.6859154929579
 20
0.0
 10
988.4359293012981
 20
0.0
 10
988.1859431096383
 20
0.0
 10
987.9359569179785
 20
0.0
 10
987.6859707263188
 20
0.0
 10
987.435984534659
 20
0.0
 10
987.1859983429993
 20
0.0
 10
986.9360121513395
 20
0.0
 10
986.6860259596797
 20
0.0
 10
986.43603976802
 20
0.0
 10
986.1860535763602
 20
0.0
 10
985.9360673847004
 20
0.0
 10
985.6860811930406
 20
0.0
 10
985.4360950013809
 20
0.0
 10
985.1861088097212
 20
0.0
 10
984.9361226180614
 20
0.0
 10
984.6861364264016
 20
0.0
 10
984.4361502347418
 20
0.0
 10
984.186164043082
 20
0.0
 10
983.9361778514224
 20
0.0
 10
983.6861916597626
 20
0.0
 10
983.4362054681028
 20
0.0
 10
983.1862192764431
 20
0.0
 10
982.9362330847833
 20
0.0
 10
982.6862468931236
 20
0.0
 10
982.4362607014638
 20
0.0
 10
982.186274509804
 20
0.0
 10
981.9362883181443
 20
0.0
 10
981.6863021264844
 20
0.0
 10
981.4363159348247
 20
0.0
 10
981.186329743165
 20
0.0
 10
980.9363435515052
 20
0.0
 10
980.6863573598455
 20
0.0
 10
980.4363711681856
 20
0.0
 10
980.1863849765259
 20
0.0
 10
979.9363987848661
 20
0.0
 10
979.6864125932063
 20
0.0
 10
979.4364264015467
 20
0.0
 10
979.1864402098869
 20
0.0
 10
978.9364540182271
 20
0.0
 10
978.6864678265673
 20
0.0
 10
978.4364816349075
 20
0.0
 10
978.1864954432478
 20
0.0
 10
977.9365092515881
 20
0.0
 10
977.6865230599283
 20
0.0
 10
977.4365368682686
 20
0.0
 10
977.1865506766088
 20
0.0
 10
976.936564484949
 20
0.0
 10
976.6865782932892
 20
0.0
 10
976.4365921016295
 20
0.0
 10
976.1866059099697
 20
0.0
 10
975.9366197183099
 20
0.0
 10
975.6866335266502
 20
0.0
 10
975.4366473349904
 20
0.0
 10
975.1866611433306
 20
0.0
 10
974.9366749516709
 20
0.0
 10
974.6866887600111
 20
0.0
 10
974.4367025683514
 20
0.0
 10
974.1867163766916
 20
0.0
 10
973.9367301850318
 20
0.0
 10
973.6867439933721
 20
0.0
 10
973.4367578017124
 20
0.0
 10
973.1867716100526
 20
0.0
 10
972.9367854183928
 20
0.0
 10
972.686799226733
 20
0.0
 10
972.4368130350733
 20
0.0
 10
972.1868268434135
 20
0.0
 10
971.9368406517538
 20
0.0
 10
971.686854460094
 20
0.0
 10
971.4368682684342
 20
0.0
 10
971.1868820767745
 20
0.0
 10
970.9368958851147
 20
0.0
 10
970.6869096934549
 20
0.0
 10
970.4369235017951
 20
0.0
 10
970.1869373101354
 20
0.0
 10
969.9369511184757
 20
0.0
 10
969.6869649268159
 20
0.0
 10
969.4369787351561
 20
0.0
 10
969.1869925434963
 20
0.0
 10
968.9370063518365
 20
0.0
 10
968.6870201601769
 20
0.0
 10
968.4370339685171
 20
0.0
 10
968.1870477768573
 20
0.0
 10
967.9370615851975
 20
0.0
 10
967.6870753935377
 20
0.0
 10
967.437089201878
 20
0.0
 10
967.1871030102183
 20
0.0
 10
966.9371168185585
 20
0.0
 10
966.6871306268988
 20
0.0
 10
966.437144435239
 20
0.0
 10
966.1871582435792
 20
0.0
 10
965.9371720519194
 20
0.0
 10
965.6871858602597
 20
0.0
 10
965.4371996685999
 20
0.0
 10
965.1872134769401
 20
0.0
 10
964.9372272852804
 20
0.0
 10
964.6872410936206
 20
0.0
 10
964.4372549019608
 20
0.0
 10
964.187268710301
 20
0.0
 10
963.9372825186413
 20
0.0
 10
963.6872963269816
 20
0.0
 10
963.4373101353218
 20
0.0
 10
963.187323943662
 20
0.0
 10
962.9373377520023
 20
0.0
 10
962.6873515603426
 20
0.0
 10
962.4373653686828
 20
0.0
 10
962.187379177023
 20
0.0
 10
961.9373929853632
 20
0.0
 10
961.6874067937035
 20
0.0
 10
961.4374206020437
 20
0.0
 10
961.187434410384
 20
0.0
 10
960.9374482187242
 20
0.0
 10
960.6874620270644
 20
0.0
 10
960.4374758354047
 20
0.0
 10
960.1874896437449
 20
0.0
 10
960.0000000000001
 20
0.06249654791494663
 10
960.0000000000001
 20
0.31248273957470474
 10
960.0000000000001
 20
0.5624689312344628
 10
960.0000000000001
 20
0.812455122894221
 10
960.0000000000001
 20
1.062441314553979
 10
960.0000000000001
 20
1.3124275062137372
 10
960.0000000000001
 20
1.5624136978735237
 10
960.0000000000001
 20
1.8123998895332818
 10
960.0000000000001
 20
2.06238608119304
 10
960.0000000000001
 20
2.312372272852812
 10
960.0000000000001
 20
2.5623584645125703
 10
960.0000000000001
 20
2.8123446561723
 10
960.0000000000001
 20
3.062330847832115
 10
960.0000000000001
 20
3.3123170394918446
 10
960.0000000000001
 20
3.5623032311516027
 10
960.0000000000001
 20
3.812289422811375
 10
960.0000000000001
 20
4.062275614471133
 10
960.0000000000001
 20
4.31226180613092
 10
960.0000000000001
 20
4.562247997790678
 10
960.0000000000001
 20
4.812234189450436
 10
960.0000000000001
 20
5.062220381110194
 10
960.0000000000001
 20
5.312206572769952
 10
960.0000000000001
 20
5.56219276442971
 10
960.0000000000001
 20
5.812178956089468
 10
960.0000000000001
 20
6.062165147749241
 10
960.0000000000001
 20
6.312151339408999
 10
960.0000000000001
 20
6.562137531068728
 10
960.0000000000001
 20
6.812123722728543
 10
960.0000000000001
 20
7.062109914388273
 10
960.0000000000001
 20
7.31209610604806
 10
960.0000000000001
 20
7.562082297707818
 10
960.0000000000001
 20
7.812068489367576
 10
960.0000000000001
 20
8.062054681027348
 10
960.0000000000001
 20
8.312040872687106
 10
960.0000000000001
 20
8.562027064346864
 10
960.0000000000001
 20
8.812013256006622
 10
960.0000000000001
 20
9.06199944766638
 10
960.0000000000001
 20
9.311985639326139
 10
960.0000000000001
 20
9.561971830985925
 10
960.0000000000001
 20
9.811958022645683
 10
960.0000000000001
 20
10.061944214305441
 10
960.0000000000001
 20
10.311930405965214
 10
960.0000000000001
 20
10.561916597624972
 10
960.0000000000001
 20
10.811902789284701
 10
960.0000000000001
 20
11.061888980944516
 10
960.0000000000001
 20
11.311875172604246
 10
960.0000000000001
 20
11.561861364264004
 10
960.0000000000001
 20
11.811847555923777
 10
960.0000000000001
 20
12.061833747583535
 10
960.0000000000001
 20
12.311819939243321
 10
960.0000000000001
 20
12.56180613090308
 10
960.0000000000001
 20
12.811792322562837
 10
960.0000000000001
 20
13.061778514222596
 10
960.0000000000001
 20
13.311764705882354
 10
960.0000000000001
 20
13.561750897542112
 10
960.0000000000001
 20
13.81173708920187
 10
960.0000000000001
 20
14.061723280861642
 10
960.0000000000001
 20
14.3117094725214
 10
960.0000000000001
 20
14.56169566418113
 10
960.0000000000001
 20
14.811681855840945
 10
960.0000000000001
 20
15.061668047500731
 10
960.0000000000001
 20
15.311654239160461
 10
960.0000000000001
 20
15.56164043082022
 10
960.0000000000001
 20
15.811626622479992
 10
960.0000000000001
 20
16.06161281413975
 10
960.0000000000001
 20
16.311599005799508
 10
960.0000000000001
 20
16.561585197459266
 10
960.0000000000001
 20
16.811571389119024
 10
960.0000000000001
 20
17.061557580778782
 10
960.0000000000001
 20
17.31154377243854
 10
960.0000000000001
 20
17.5615299640983
 10
960.0000000000001
 20
17.811516155758085
 10
960.0000000000001
 20
18.061502347417843
 10
960.0000000000001
 20
18.311488539077615
 10
960.0000000000001
 20
18.561474730737373
 10
960.0000000000001
 20
18.811460922397103
 10
960.0000000000001
 20
19.06144711405689
 10
960.0000000000001
 20
19.311433305716648
 10
960.0000000000001
 20
19.56141949737642
 10
960.0000000000001
 20
19.811405689036178
 10
960.0000000000001
 20
20.061391880695936
 10
960.0000000000001
 20
20.311378072355694
 10
960.0000000000001
 20
20.56136426401548
 10
960.0000000000001
 20
20.81135045567524
 10
960.0000000000001
 20
21.061336647334997
 10
960.0000000000001
 20
21.311322838994755
 10
960.0000000000001
 20
21.561309030654513
 10
960.0000000000001
 20
21.81129522231427
 10
960.0000000000001
 20
22.061281413974044
 10
960.0000000000001
 20
22.3112676056338
 10
960.0000000000001
 20
22.56125379729353
 10
960.0000000000001
 20
22.811239988953318
 10
960.0000000000001
 20
23.061226180613076
 10
960.0000000000001
 20
23.311212372272863
 10
960.0000000000001
 20
23.56119856393262
 10
960.0000000000001
 20
23.811184755592393
 10
960.0000000000001
 20
24.06117094725215
 10
960.0000000000001
 20
24.31115713891191
 10
960.0000000000001
 20
24.561143330571667
 10
960.0000000000001
 20
24.811129522231425
 10
960.0000000000001
 20
25.061115713891184
 10
960.0000000000001
 20
25.31110190555094
 10
960.0000000000001
 20
25.5610880972107
 10
960.0000000000001
 20
25.811074288870472
 10
960.0000000000001
 20
26.061060480530244
 10
960.0000000000001
 20
26.311046672190017
 10
960.0000000000001
 20
26.561032863849775
 10
960.0000000000001
 20
26.81101905550956
 10
960.0000000000001
 20
27.06100524716929
 10
960.0000000000001
 20
27.31099143882905
 10
960.0000000000001
 20
27.56097763048882
 10
960.0000000000001
 20
27.81096382214858
 10
960.0000000000001
 20
28.060950013808338
 10
960.0000000000001
 20
28.310936205468096
 10
960.0000000000001
 20
28.560922397127854
 10
960.0000000000001
 20
28.81090858878764
 10
960.0000000000001
 20
29.0608947804474
 10
960.0000000000001
 20
29.310880972107157
 10
960.0000000000001
 20
29.560867163766915
 10
960.0000000000001
 20
29.810853355426673
 10
960.0000000000001
 20
30.060839547086445
 10
960.0000000000001
 20
30.310825738746203
 10
960.0000000000001
 20
30.56081193040599
 10
960.0000000000001
 20
30.81079812206572
 10
960.0000000000001
 20
31.060784313725478
 10
960.0000000000001
 20
31.31077050538525
 10
960.0000000000001
 20
31.560756697045022
 10
960.0000000000001
 20
31.810742888704794
 10
960.0000000000001
 20
32.06072908036455
 10
960.0000000000001
 20
32.31071527202431
 10
960.0000000000001
 20
32.56070146368407
 10
960.0000000000001
 20
32.81068765534383
 10
960.0000000000001
 20
33.060673847003585
 10
960.0000000000001
 20
33.31066003866334
 10
960.0000000000001
 20
33.5606462303231
 10
960.0000000000001
 20
33.81063242198286
 10
960.0000000000001
 20
34.06061861364263
 10
960.0000000000001
 20
34.31060480530242
 10
960.0000000000001
 20
34.56059099696215
 10
960.0000000000001
 20
34.81057718862196
 10
960.0000000000001
 20
35.06056338028169
 10
960.0000000000001
 20
35.310549571941465
 10
960.0000000000001
 20
35.56053576360122
 10
960.0000000000001
 20
35.81052195526098
 10
960.0000000000001
 20
36.06050814692074
 10
960.0000000000001
 20
36.3104943385805
 10
960.0000000000001
 20
36.560480530240255
 10
960.0000000000001
 20
36.81046672190004
 10
960.0000000000001
 20
37.0604529135598
 10
960.0000000000001
 20
37.31043910521956
 10
960.0000000000001
 20
37.560425296879316
 10
960.0000000000001
 20
37.810411488539074
 10
960.0000000000001
 20
38.06039768019883
 10
960.0000000000001
 20
38.310383871858576
 10
960.0000000000001
 20
38.56037006351839
 10
960.0000000000001
 20
38.81035625517812
 10
960.0000000000001
 20
39.06034244683789
 10
960.0000000000001
 20
39.31032863849765
 10
960.0000000000001
 20
39.56031483015744
 10
960.0000000000001
 20
39.810301021817196
 10
960.0000000000001
 20
40.060287213476954
 10
960.0000000000001
 20
40.31027340513671
 10
960.0000000000001
 20
40.56025959679647
 10
960.0000000000001
 20
40.81024578845623
 10
960.0000000000001
 20
41.06023198011599
 10
960.0000000000001
 20
41.310218171775745
 10
960.0000000000001
 20
41.5602043634355
 10
960.0000000000001
 20
41.81019055509526
 10
960.0000000000001
 20
42.06017674675503
 10
960.0000000000001
 20
42.31016293841482
 10
960.0000000000001
 20
42.56014913007455
 10
960.0000000000001
 20
42.810135321734364
 10
960.0000000000001
 20
43.060121513394094
 10
960.0000000000001
 20
43.310107705053866
 10
960.0000000000001
 20
43.560093896713624
 10
960.0000000000001
 20
43.81008008837338
 10
960.0000000000001
 20
44.06006628003314
 10
960.0000000000001
 20
44.3100524716929
 10
960.0000000000001
 20
44.56003866335266
 10
960.0000000000001
 20
44.810024855012415
 10
960.0000000000001
 20
45.0600110466722
 10
960.0000000000001
 20
45.30999723833196
 10
960.0000000000001
 20
45.55998342999172
 10
960.0000000000001
 20
45.809969621651476
 10
960.0000000000001
 20
46.05995581331125
 10
960.0000000000001
 20
46.30994200497098
 10
960.0000000000001
 20
46.55992819663079
 10
960.0000000000001
 20
46.80991438829052
 10
960.0000000000001
 20
47.059900579950295
 10
960.0000000000001
 20
47.30988677161005
 10
960.0000000000001
 20
47.55987296326981
 10
960.0000000000001
 20
47.8098591549296
 10
960.0000000000001
 20
48.059845346589356
 10
960.0000000000001
 20
48.309831538249114
 10
960.0000000000001
 20
48.55981772990887
 10
960.0000000000001
 20
48.80980392156863
 10
960.0000000000001
 20
49.05979011322839
 10
960.0000000000001
 20
49.30977630488815
 10
960.0000000000001
 20
49.55976249654791
 10
960.0000000000001
 20
49.80974868820768
 10
960.0000000000001
 20
50.059734879867406
 10
960.0000000000001
 20
50.30972107152722
 10
960.0000000000001
 20
50.55970726318695
 10
960.0000000000001
 20
50.80969345484674
 10
960.0000000000001
 20
51.0596796465065
 10
960.0000000000001
 20
51.30966583816626
 10
960.0000000000001
 20
51.55965202982602
 10
960.0000000000001
 20
51.80963822148578
 10
960.0000000000001
 20
52.05962441314554
 10
960.0000000000001
 20
52.3096106048053
 10
960.0000000000001
 20
52.55959679646506
 10
960.0000000000001
 20
52.80958298812482
 10
960.0000000000001
 20
53.05956917978458
 10
960.0000000000001
 20
53.30955537144437
 10
960.0000000000001
 20
53.559541563104126
 10
960.0000000000001
 20
53.809527754763884
 10
960.0000000000001
 20
54.05951394642365
 10
960.0000000000001
 20
54.30950013808338
 10
960.0000000000001
 20
54.559486329743194
 10
960.0000000000001
 20
54.80947252140293
 10
960.0000000000001
 20
55.05945871306269
 10
960.0000000000001
 20
55.30944490472245
 10
960.0000000000001
 20
55.559431096382205
 10
960.0000000000001
 20
55.80941728804197
 10
960.0000000000001
 20
56.05940347970176
 10
960.0000000000001
 20
56.309389671361515
 10
960.0000000000001
 20
56.55937586302127
 10
960.0000000000001
 20
56.80936205468103
 10
960.0000000000001
 20
57.0593482463408
 10
960.0000000000001
 20
57.309334438000555
 10
960.0000000000001
 20
57.55932062966031
 10
960.0000000000001
 20
57.80930682132008
 10
960.0000000000001
 20
58.05929301297981
 10
960.0000000000001
 20
58.30927920463962
 10
960.0000000000001
 20
58.55926539629935
 10
960.0000000000001
 20
58.80925158795914
 10
960.0000000000001
 20
59.059237779618904
 10
960.0000000000001
 20
59.30922397127866
 10
960.0000000000001
 20
59.55921016293842
 10
960.0000000000001
 20
59.80919635459818
 10
960.0000000000001
 20
60.059182546257944
 10
960.0000000000001
 20
60.3091687379177
 10
960.0000000000001
 20
60.55915492957746
 10
960.0000000000001
 20
60.809141121237225
 10
960.0000000000001
 20
61.05912731289698
 10
960.0000000000001
 20
61.30911350455674
 10
960.0000000000001
 20
61.55909969621653
 10
960.0000000000001
 20
61.809085887876286
 10
960.0000000000001
 20
62.05907207953605
 10
960.0000000000001
 20
62.30905827119578
 10
960.0000000000001
 20
62.55904446285557
 10
960.0000000000001
 20
62.80903065451533
 10
960.0000000000001
 20
63.05901684617509
 10
960.0000000000001
 20
63.30900303783485
 10
960.0000000000001
 20
63.55898922949461
 10
960.0000000000001
 20
63.80897542115437
 10
960.0000000000001
 20
64.05896161281413
 10
960.0000000000001
 20
64.30894780447392
 10
960.0000000000001
 20
64.55893399613367
 10
960.0000000000001
 20
64.80892018779343
 10
960.0000000000001
 20
65.05890637945319
 10
960.0000000000001
 20
65.30889257111296
 10
960.0000000000001
 20
65.55887876277272
 10
960.0000000000001
 20
65.80886495443248
 10
960.0000000000001
 20
66.05885114609221
 10
960.0000000000001
 20
66.308837337752
 10
960.0000000000001
 20
66.55882352941175
 10
960.0000000000001
 20
66.80880972107154
 10
960.0000000000001
 20
67.0587959127313
 10
960.0000000000001
 20
67.30878210439106
 10
960.0000000000001
 20
67.55876829605083
 10
960.0000000000001
 20
67.80875448771059
 10
960.0000000000001
 20
68.05874067937035
 10
960.0000000000001
 20
68.3087268710301
 10
960.0000000000001
 20
68.55871306268986
 10
960.0000000000001
 20
68.80869925434962
 10
960.0000000000001
 20
69.05868544600939
 10
960.0000000000001
 20
69.30867163766915
 10
960.0000000000001
 20
69.55865782932894
 10
960.0000000000001
 20
69.8086440209887
 10
960.0000000000001
 20
70.05863021264845
 10
960.0000000000001
 20
70.30861640430824
 10
960.0000000000001
 20
70.55860259596797
 10
960.0000000000001
 20
70.80858878762773
 10
960.0000000000001
 20
71.05857497928749
 10
960.0000000000001
 20
71.30856117094726
 10
960.0000000000001
 20
71.55854736260702
 10
960.0000000000001
 20
71.80853355426677
 10
960.0000000000001
 20
72.05851974592653
 10
960.0000000000001
 20
72.30850593758632
 10
960.0000000000001
 20
72.55849212924608
 10
960.0000000000001
 20
72.80847832090583
 10
960.0000000000001
 20
73.05846451256559
 10
960.0000000000001
 20
73.30845070422536
 10
960.0000000000001
 20
73.55843689588512
 10
960.0000000000001
 20
73.80842308754488
 10
960.0000000000001
 20
74.05840927920467
 10
960.0000000000001
 20
74.3083954708644
 10
960.0000000000001
 20
74.55838166252416
 10
960.0000000000001
 20
74.80836785418391
 10
960.0000000000001
 20
75.0583540458437
 10
960.0000000000001
 20
75.30834023750347
 10
960.0000000000001
 20
75.55832642916323
 10
960.0000000000001
 20
75.80831262082299
 10
960.0000000000001
 20
76.05829881248275
 10
960.0000000000001
 20
76.3082850041425
 10
960.0000000000001
 20
76.55827119580226
 10
960.0000000000001
 20
76.80825738746202
 10
960.0000000000001
 20
77.0582435791218
 10
960.0000000000001
 20
77.30822977078155
 10
960.0000000000001
 20
77.55821596244131
 10
960.0000000000001
 20
77.8082021541011
 10
960.0000000000001
 20
78.05818834576083
 10
960.0000000000001
 20
78.30817453742064
 10
960.0000000000001
 20
78.55816072908037
 10
960.0000000000001
 20
78.80814692074013
 10
960.0000000000001
 20
79.05813311239989
 10
960.0000000000001
 20
79.30811930405966
 10
960.0000000000001
 20
79.55810549571942
 10
960.0000000000001
 20
79.80809168737918
 10
960.0000000000001
 20
80.05807787903893
 10
960.0000000000001
 20
80.30806407069869
 10
960.0000000000001
 20
80.55805026235848
 10
960.0000000000001
 20
80.80803645401824
 10
960.0000000000001
 20
81.058022645678
 10
960.0000000000001
 20
81.30800883733777
 10
960.0000000000001
 20
81.55799502899752
 10
960.0000000000001
 20
81.80798122065725
 10
960.0000000000001
 20
82.05796741231707
 10
960.0000000000001
 20
82.3079536039768
 10
960.0000000000001
 20
82.55793979563656
 10
960.0000000000001
 20
82.80792598729631
 10
960.0000000000001
 20
83.05791217895609
 10
960.0000000000001
 20
83.30789837061587
 10
960.0000000000001
 20
83.55788456227563
 10
960.0000000000001
 20
83.80787075393539
 10
960.0000000000001
 20
84.05785694559515
 10
960.0000000000001
 20
84.3078431372549
 10
960.0000000000001
 20
84.55782932891466
 10
960.0000000000001
 20
84.80781552057442
 10
960.0000000000001
 20
85.0578017122342
 10
960.0000000000001
 20
85.30778790389395
 10
960.0000000000001
 20
85.55777409555371
 10
960.0000000000001
 20
85.8077602872135
 10
960.0000000000001
 20
86.05774647887323
 10
960.0000000000001
 20
86.30773267053304
 10
960.0000000000001
 20
86.55771886219277
 10
960.0000000000001
 20
86.80770505385253
 10
960.0000000000001
 20
87.0576912455123
 10
960.0000000000001
 20
87.30767743717206
 10
960.0000000000001
 20
87.55766362883182
 10
960.0000000000001
 20
87.80764982049158
 10
960.0000000000001
 20
88.05763601215133
 10
960.0000000000001
 20
88.30762220381109
 10
960.0000000000001
 20
88.55760839547085
 10
960.0000000000001
 20
88.80759458713064
 10
960.0000000000001
 20
89.0575807787904
 10
960.0000000000001
 20
89.30756697045017
 10
960.0000000000001
 20
89.55755316210993
 10
960.0000000000001
 20
89.80753935376966
 10
960.0000000000001
 20
90.05752554542947
 10
960.0000000000001
 20
90.3075117370892
 10
960.0000000000001
 20
90.55749792874896
 10
960.0000000000001
 20
90.80748412040873
 10
960.0000000000001
 20
91.05747031206849
 10
960.0000000000001
 20
91.30745650372825
 10
960.0000000000001
 20
91.55744269538803
 10
960.0000000000001
 20
91.80742888704779
 10
960.0000000000001
 20
92.05741507870755
 10
960.0000000000001
 20
92.30740127036731
 10
960.0000000000001
 20
92.55738746202707
 10
960.0000000000001
 20
92.80737365368682
 10
960.0000000000001
 20
93.0573598453466
 10
960.0000000000001
 20
93.30734603700635
 10
960.0000000000001
 20
93.55733222866608
 10
960.0000000000001
 20
93.8073184203259
 10
960.0000000000001
 20
94.05730461198563
 10
960.0000000000001
 20
94.30729080364542
 10
960.0000000000001
 20
94.55727699530517
 10
960.0000000000001
 20
94.80726318696493
 10
960.0000000000001
 20
95.0572493786247
 10
960.0000000000001
 20
95.30723557028446
 10
960.0000000000001
 20
95.55722176194422
 10
960.0000000000001
 20
95.80720795360398
 10
960.0000000000001
 20
96.05719414526374
 10
960.0000000000001
 20
96.3071803369235
 10
960.0000000000001
 20
96.55716652858325
 10
960.0000000000001
 20
96.80715272024304
 10
960.0000000000001
 20
97.05713891190281
 10
960.0000000000001
 20
97.30712510356257
 10
960.0000000000001
 20
97.55711129522233
 10
960.0000000000001
 20
97.80709748688206
 10
960.0000000000001
 20
98.05708367854187
 10
960.0000000000001
 20
98.3070698702016
 10
960.0000000000001
 20
98.55705606186136
 10
960.0000000000001
 20
98.80704225352113
 10
960.0000000000001
 20
99.05702844518089
 10
960.0000000000001
 20
99.30701463684065
 10
960.0000000000001
 20
99.55700082850043
 10
960.0000000000001
 20
99.8069870201602
 10
960.0000000000001
 20
100.05697321181995
 10
960.0000000000001
 20
100.30695940347971
 10
960.0000000000001
 20
100.55694559513947
 10
960.0000000000001
 20
100.80693178679923
 10
960.0000000000001
 20
101.056917978459
 10
960.0000000000001
 20
101.30690417011876
 10
960.0000000000001
 20
101.55689036177851
 10
960.0000000000001
 20
101.80687655343827
 10
960.0000000000001
 20
102.05686274509803
 10
960.0000000000001
 20
102.30684893675782
 10
960.0000000000001
 20
102.55683512841757
 10
960.0000000000001
 20
102.80682132007733
 10
960.0000000000001
 20
103.0568075117371
 10
960.0000000000001
 20
103.30679370339686
 10
960.0000000000001
 20
103.55677989505662
 10
960.0000000000001
 20
103.80676608671638
 10
960.0000000000001
 20
104.05675227837614
 10
960.0000000000001
 20
104.3067384700359
 10
960.0000000000001
 20
104.55672466169565
 10
960.0000000000001
 20
104.80671085335543
 10
960.0000000000001
 20
105.05669704501521
 10
960.0000000000001
 20
105.30668323667497
 10
960.0000000000001
 20
105.55666942833473
 10
960.0000000000001
 20
105.80665561999449
 10
960.0000000000001
 20
106.05664181165425
 10
960.0000000000001
 20
106.306628003314
 10
960.0000000000001
 20
106.55661419497376
 10
960.0000000000001
 20
106.80660038663353
 10
960.0000000000001
 20
107.05658657829329
 10
960.0000000000001
 20
107.30657276995305
 10
960.0000000000001
 20
107.55655896161281
 10
960.0000000000001
 20
107.8065451532726
 10
960.0000000000001
 20
108.05653134493235
 10
960.0000000000001
 20
108.30651753659211
 10
960.0000000000001
 20
108.55650372825187
 10
960.0000000000001
 20
108.80648991991164
 10
960.0000000000001
 20
109.0564761115714
 10
960.0000000000001
 20
109.30646230323116
 10
960.0000000000001
 20
109.55644849489092
 10
960.0000000000001
 20
109.80643468655067
 10
960.0000000000001
 20
110.05642087821043
 10
960.0000000000001
 20
110.30640706987019
 10
960.0000000000001
 20
110.55639326152998
 10
960.0000000000001
 20
110.80637945318973
 10
960.0000000000001
 20
111.0563656448495
 10
960.0000000000001
 20
111.30635183650926
 10
960.0000000000001
 20
111.55633802816902
 10
960.0000000000001
 20
111.80632421982878
 10
960.0000000000001
 20
112.05631041148854
 10
960.0000000000001
 20
112.3062966031483
 10
960.0000000000001
 20
112.55628279480807
 10
960.0000000000001
 20
112.80626898646783
 10
960.0000000000001
 20
113.05625517812759
 10
960.0000000000001
 20
113.30624136978734
 10
960.0000000000001
 20
113.5562275614471
 10
960.0000000000001
 20
113.80621375310686
 10
960.0000000000001
 20
114.05619994476665
 10
960.0000000000001
 20
114.3061861364264
 10
960.0000000000001
 20
114.55617232808615
 10
960.0000000000001
 20
114.80615851974594
 10
960.0000000000001
 20
115.0561447114057
 10
960.0000000000001
 20
115.30613090306548
 10
960.0000000000001
 20
115.55611709472524
 10
960.0000000000001
 20
115.806103286385
 10
960.0000000000001
 20
116.05608947804475
 10
960.0000000000001
 20
116.30607566970451
 10
960.0000000000001
 20
116.55606186136427
 10
960.0000000000001
 20
116.80604805302404
 10
960.0000000000001
 20
117.0560342446838
 10
960.0000000000001
 20
117.30602043634356
 10
960.0000000000001
 20
117.55600662800332
 10
960.0000000000001
 20
117.80599281966308
 10
960.0000000000001
 20
118.05597901132283
 10
960.0000000000001
 20
118.30596520298259
 10
960.0000000000001
 20
118.55595139464236
 10
960.0000000000001
 20
118.80593758630212
 10
960.0000000000001
 20
119.05592377796188
 10
960.0000000000001
 20
119.30590996962167
 10
960.0000000000001
 20
119.55589616128142
 10
960.0000000000001
 20
119.80588235294118
 10
960.0000000000001
 20
120.05586854460094
 10
960.0000000000001
 20
120.3058547362607
 10
960.0000000000001
 20
120.55584092792049
 10
960.0000000000001
 20
120.80582711958024
 10
960.0000000000001
 20
121.05581331124002
 10
960.0000000000001
 20
121.30579950289977
 10
960.0000000000001
 20
121.55578569455953
 10
960.0000000000001
 20
121.80577188621929
 10
960.0000000000001
 20
122.05575807787905
 10
960.0000000000001
 20
122.3057442695388
 10
960.0000000000001
 20
122.55573046119856
 10
960.0000000000001
 20
122.80571665285834
 10
960.0000000000001
 20
123.0557028445181
 10
960.0000000000001
 20
123.30568903617785
 10
960.0000000000001
 20
123.55567522783761
 10
960.0000000000001
 20
123.80566141949737
 10
960.0000000000001
 20
124.05564761115713
 10
960.0000000000001
 20
124.3056338028169
 10
960.0000000000001
 20
124.55561999447666
 10
960.0000000000001
 20
124.80560618613644
 10
960.0000000000001
 20
125.0555923777962
 10
960.0000000000001
 20
125.30557856945596
 10
960.0000000000001
 20
125.55556476111572
 10
960.0000000000001
 20
125.80555095277548
 10
960.0000000000001
 20
126.05553714443523
 10
960.0000000000001
 20
126.30552333609502
 10
960.0000000000001
 20
126.55550952775478
 10
960.0000000000001
 20
126.80549571941455
 10
960.0000000000001
 20
127.05548191107431
 10
960.0000000000001
 20
127.30546810273407
 10
960.0000000000001
 20
127.55545429439383
 10
960.0000000000001
 20
127.80544048605358
 10
960.0000000000001
 20
128.05542667771334
 10
960.0000000000001
 20
128.3054128693731
 10
960.0000000000001
 20
128.55539906103286
 10
960.0000000000001
 20
128.80538525269262
 10
960.0000000000001
 20
129.05537144435237
 10
960.0000000000001
 20
129.30535763601216
 10
960.0000000000001
 20
129.55534382767192
 10
960.0000000000001
 20
129.80533001933168
 10
960.0000000000001
 20
130.05531621099144
 10
960.0000000000001
 20
130.30530240265122
 10
960.0000000000001
 20
130.555288594311
 10
960.0000000000001
 20
130.80527478597074
 10
960.0000000000001
 20
131.0552609776305
 10
960.0000000000001
 20
131.30524716929025
 10
960.0000000000001
 20
131.55523336095004
 10
960.0000000000001
 20
131.8052195526098
 10
960.0000000000001
 20
132.05520574426956
 10
960.0000000000001
 20
132.3051919359293
 10
960.0000000000001
 20
132.55517812758907
 10
960.0000000000001
 20
132.80516431924883
 10
960.0000000000001
 20
133.0551505109086
 10
960.0000000000001
 20
133.30513670256835
 10
960.0000000000001
 20
133.55512289422813
 10
960.0000000000001
 20
133.8051090858879
 10
960.0000000000001
 20
134.05509527754765
 10
960.0000000000001
 20
134.3050814692074
 10
960.0000000000001
 20
134.5550676608672
 10
960.0000000000001
 20
134.80505385252692
 10
960.0000000000001
 20
135.05504004418668
 10
960.0000000000001
 20
135.30502623584644
 10
960.0000000000001
 20
135.5550124275062
 10
960.0000000000001
 20
135.80499861916599
 10
960.0000000000001
 20
136.05498481082574
 10
960.0000000000001
 20
136.30497100248547
 10
960.0000000000001
 20
136.55495719414526
 10
960.0000000000001
 20
136.80494338580502
 10
960.0000000000001
 20
137.0549295774648
 10
960.0000000000001
 20
137.30491576912456
 10
960.0000000000001
 20
137.55490196078432
 10
960.0000000000001
 20
137.8048881524441
 10
960.0000000000001
 20
138.05487434410387
 10
960.0000000000001
 20
138.30486053576362
 10
960.0000000000001
 20
138.55484672742338
 10
960.0000000000001
 20
138.80483291908314
 10
960.0000000000001
 20
139.0548191107429
 10
960.0000000000001
 20
139.30480530240266
 10
960.0000000000001
 20
139.5547914940624
 10
960.0000000000001
 20
139.80477768572217
 10
960.0000000000001
 20
140.05476387738193
 10
960.0000000000001
 20
140.3047500690417
 10
960.0000000000001
 20
140.55473626070145
 10
960.0000000000001
 20
140.8047224523612
 10
960.0000000000001
 20
141.054708644021
 10
960.0000000000001
 20
141.30469483568075
 10
960.0000000000001
 20
141.55468102734054
 10
960.0000000000001
 20
141.8046672190003
 10
960.0000000000001
 20
142.05465341066005
 10
960.0000000000001
 20
142.30463960231984
 10
960.0000000000001
 20
142.5546257939796
 10
960.0000000000001
 20
142.80461198563935
 10
960.0000000000001
 20
143.0545981772991
 10
960.0000000000001
 20
143.30458436895887
 10
960.0000000000001
 20
143.55457056061863
 10
960.0000000000001
 20
143.8045567522784
 10
960.0000000000001
 20
144.05454294393815
 10
960.0000000000001
 20
144.3045291355979
 10
960.0000000000001
 20
144.55451532725766
 10
960.0000000000001
 20
144.80450151891742
 10
960.0000000000001
 20
145.05448771057718
 10
960.0000000000001
 20
145.30447390223696
 10
960.0000000000001
 20
145.55446009389672
 10
960.0000000000001
 20
145.80444628555648
 10
960.0000000000001
 20
146.05443247721624
 10
960.0000000000001
 20
146.304418668876
 10
960.0000000000001
 20
146.55440486053578
 10
960.0000000000001
 20
146.80439105219554
 10
960.0000000000001
 20
147.0543772438553
 10
960.0000000000001
 20
147.30436343551506
 10
960.0000000000001
 20
147.55434962717482
 10
960.0000000000001
 20
147.80433581883457
 10
960.0000000000001
 20
148.05432201049436
 10
960.0000000000001
 20
148.30430820215412
 10
960.0000000000001
 20
148.55429439381388
 10
960.0000000000001
 20
148.80428058547363
 10
960.0000000000001
 20
149.0542667771334
 10
960.0000000000001
 20
149.30425296879315
 10
960.0000000000001
 20
149.55423916045294
 10
960.0000000000001
 20
149.8042253521127
 10
960.0000000000001
 20
150.05421154377245
 10
960.0000000000001
 20
150.3041977354322
 10
960.0000000000001
 20
150.55418392709197
 10
960.0000000000001
 20
150.80417011875173
 10
960.0000000000001
 20
151.05415631041149
 10
960.0000000000001
 20
151.30414250207124
 10
960.0000000000001
 20
151.554128693731
 10
960.0000000000001
 20
151.80411488539076
 10
960.0000000000001
 20
152.05410107705055
 10
960.0000000000001
 20
152.30408726871033
 10
960.0000000000001
 20
152.55407346037006
 10
960.0000000000001
 20
152.80405965202982
 10
960.0000000000001
 20
153.05404584368958
 10
960.0000000000001
 20
153.30403203534937
 10
960.0000000000001
 20
153.55401822700915
 10
960.0000000000001
 20
153.8040044186689
 10
960.0000000000001
 20
154.05399061032864
 10
960.0000000000001
 20
154.30397680198843
 10
960.0000000000001
 20
154.55396299364818
 10
960.0000000000001
 20
154.80394918530794
 10
960.0000000000001
 20
155.0539353769677
 10
960.0000000000001
 20
155.30392156862746
 10
960.0000000000001
 20
155.55390776028722
 10
960.0000000000001
 20
155.80389395194697
 10
960.0000000000001
 20
156.05388014360673
 10
960.0000000000001
 20
156.30386633526652
 10
960.0000000000001
 20
156.55385252692625
 10
960.0000000000001
 20
156.803838718586
 10
960.0000000000001
 20
157.0538249102458
 10
960.0000000000001
 20
157.30381110190555
 10
960.0000000000001
 20
157.55379729356534
 10
960.0000000000001
 20
157.8037834852251
 10
960.0000000000001
 20
158.05376967688483
 10
960.0000000000001
 20
158.3037558685446
 10
960.0000000000001
 20
158.55374206020437
 10
960.0000000000001
 20
158.80372825186413
 10
960.0000000000001
 20
159.05371444352392
 10
960.0000000000001
 20
159.30370063518367
 10
960.0000000000001
 20
159.55368682684343
 10
960.0000000000001
 20
159.8036730185032
 10
960.0000000000001
 20
160.05365921016295
 10
960.0000000000001
 20
160.3036454018227
 10
960.0000000000001
 20
160.55363159348246
 10
960.0000000000001
 20
160.80361778514222
 10
960.0000000000001
 20
161.053603976802
 10
960.0000000000001
 20
161.30359016846177
 10
960.0000000000001
 20
161.55357636012153
 10
960.0000000000001
 20
161.80356255178128
 10
960.0000000000001
 20
162.05354874344104
 10
960.0000000000001
 20
162.3035349351008
 10
960.0000000000001
 20
162.55352112676056
 10
960.0000000000001
 20
162.80350731842032
 10
960.0000000000001
 20
163.0534935100801
 10
960.0000000000001
 20
163.30347970173986
 10
960.0000000000001
 20
163.55346589339962
 10
960.0000000000001
 20
163.80345208505938
 10
960.0000000000001
 20
164.05343827671913
 10
960.0000000000001
 20
164.30342446837892
 10
960.0000000000001
 20
164.55341066003868
 10
960.0000000000001
 20
164.80339685169844
 10
960.0000000000001
 20
165.0533830433582
 10
960.0000000000001
 20
165.30336923501798
 10
960.0000000000001
 20
165.55335542667774
 10
960.0000000000001
 20
165.8033416183375
 10
960.0000000000001
 20
166.05332780999726
 10
960.0000000000001
 20
166.30331400165701
 10
960.0000000000001
 20
166.55330019331677
 10
960.0000000000001
 20
166.80328638497653
 10
960.0000000000001
 20
167.0532725766363
 10
960.0000000000001
 20
167.30325876829605
 10
960.0000000000001
 20
167.5532449599558
 10
960.0000000000001
 20
167.80323115161556
 10
960.0000000000001
 20
168.05321734327532
 10
960.0000000000001
 20
168.30320353493508
 10
960.0000000000001
 20
168.55318972659487
 10
960.0000000000001
 20
168.80317591825462
 10
960.0000000000001
 20
169.0531621099144
 10
960.0000000000001
 20
169.30314830157417
 10
960.0000000000001
 20
169.55313449323393
 10
960.0000000000001
 20
169.80312068489368
 10
960.0000000000001
 20
170.05310687655344
 10
960.0000000000001
 20
170.30309306821323
 10
960.0000000000001
 20
170.553079259873
 10
960.0000000000001
 20
170.80306545153275
 10
960.0000000000001
 20
171.0530516431925
 10
960.0000000000001
 20
171.30303783485226
 10
960.0000000000001
 20
171.55302402651202
 10
960.0000000000001
 20
171.80301021817178
 10
960.0000000000001
 20
172.05299640983154
 10
960.0000000000001
 20
172.3029826014913
 10
960.0000000000001
 20
172.55296879315105
 10
960.0000000000001
 20
172.80295498481084
 10
960.0000000000001
 20
173.0529411764706
 10
960.0000000000001
 20
173.30292736813036
 10
960.0000000000001
 20
173.55291355979014
 10
960.0000000000001
 20
173.8028997514499
 10
960.0000000000001
 20
174.05288594310966
 10
960.0000000000001
 20
174.30287213476942
 10
960.0000000000001
 20
174.55285832642917
 10
960.0000000000001
 20
174.80284451808893
 10
960.0000000000001
 20
175.0528307097487
 10
960.0000000000001
 20
175.30281690140845
 10
960.0000000000001
 20
175.55280309306823
 10
960.0000000000001
 20
175.802789284728
 10
960.0000000000001
 20
176.05277547638775
 10
960.0000000000001
 20
176.3027616680475
 10
960.0000000000001
 20
176.55274785970727
 10
960.0000000000001
 20
176.80273405136703
 10
960.0000000000001
 20
177.0527202430268
 10
960.0000000000001
 20
177.30270643468657
 10
960.0000000000001
 20
177.55269262634633
 10
960.0000000000001
 20
177.8026788180061
 10
960.0000000000001
 20
178.05266500966584
 10
960.0000000000001
 20
178.3026512013256
 10
960.0000000000001
 20
178.55263739298536
 10
960.0000000000001
 20
178.80262358464512
 10
960.0000000000001
 20
179.0526097763049
 10
960.0000000000001
 20
179.30259596796463
 10
960.0000000000001
 20
179.55258215962442
 10
960.0000000000001
 20
179.80256835128418
 10
960.0000000000001
 20
180.05255454294394
 10
960.0000000000001
 20
180.3025407346037
 10
960.0000000000001
 20
180.55252692626345
 10
960.0000000000001
 20
180.80251311792324
 10
960.0000000000001
 20
181.052499309583
 10
960.0000000000001
 20
181.30248550124276
 10
960.0000000000001
 20
181.55247169290254
 10
960.0000000000001
 20
181.8024578845623
 10
960.0000000000001
 20
182.05244407622206
 10
960.0000000000001
 20
182.30243026788182
 10
960.0000000000001
 20
182.55241645954158
 10
960.0000000000001
 20
182.80240265120133
 10
960.0000000000001
 20
183.0523888428611
 10
960.0000000000001
 20
183.30237503452085
 10
960.0000000000001
 20
183.5523612261806
 10
960.0000000000001
 20
183.80234741784037
 10
960.0000000000001
 20
184.05233360950012
 10
960.0000000000001
 20
184.3023198011599
 10
960.0000000000001
 20
184.55230599281967
 10
960.0000000000001
 20
184.80229218447943
 10
960.0000000000001
 20
185.0522783761392
 10
960.0000000000001
 20
185.30226456779897
 10
960.0000000000001
 20
185.55225075945873
 10
960.0000000000001
 20
185.8022369511185
 10
960.0000000000001
 20
186.05222314277825
 10
960.0000000000001
 20
186.302209334438
 10
960.0000000000001
 20
186.5521955260978
 10
960.0000000000001
 20
186.80218171775755
 10
960.0000000000001
 20
187.0521679094173
 10
960.0000000000001
 20
187.30215410107706
 10
960.0000000000001
 20
187.55214029273682
 10
960.0000000000001
 20
187.80212648439658
 10
960.0000000000001
 20
188.05211267605634
 10
960.0000000000001
 20
188.3020988677161
 10
960.0000000000001
 20
188.55208505937586
 10
960.0000000000001
 20
188.80207125103564
 10
960.0000000000001
 20
189.0520574426954
 10
960.0000000000001
 20
189.3020436343552
 10
960.0000000000001
 20
189.55202982601492
 10
960.0000000000001
 20
189.80201601767467
 10
960.0000000000001
 20
190.05200220933446
 10
960.0000000000001
 20
190.30198840099422
 10
960.0000000000001
 20
190.55197459265398
 10
960.0000000000001
 20
190.80196078431374
 10
960.0000000000001
 20
191.0519469759735
 10
960.0000000000001
 20
191.30193316763328
 10
960.0000000000001
 20
191.551919359293
 10
960.0000000000001
 20
191.80190555095277
 10
960.0000000000001
 20
192.05189174261255
 10
960.0000000000001
 20
192.3018779342723
 10
960.0000000000001
 20
192.55186412593207
 10
960.0000000000001
 20
192.80185031759183
 10
960.0000000000001
 20
193.05183650925161
 10
960.0000000000001
 20
193.30182270091137
 10
960.0000000000001
 20
193.55180889257113
 10
960.0000000000001
 20
193.8017950842309
 10
960.0000000000001
 20
194.05178127589065
 10
960.0000000000001
 20
194.3017674675504
 10
960.0000000000001
 20
194.55175365921016
 10
960.0000000000001
 20
194.80173985086992
 10
960.0000000000001
 20
195.05172604252968
 10
960.0000000000001
 20
195.30171223418947
 10
960.0000000000001
 20
195.55169842584922
 10
960.0000000000001
 20
195.80168461750898
 10
960.0000000000001
 20
196.05167080916874
 10
960.0000000000001
 20
196.3016570008285
 10
960.0000000000001
 20
196.55164319248826
 10
960.0000000000001
 20
196.80162938414804
 10
960.0000000000001
 20
197.0516155758078
 10
960.0000000000001
 20
197.30160176746756
 10
960.0000000000001
 20
197.55158795912735
 10
960.0000000000001
 20
197.8015741507871
 10
960.0000000000001
 20
198.05156034244686
 10
960.0000000000001
 20
198.30154653410662
 10
960.0000000000001
 20
198.55153272576638
 10
960.0000000000001
 20
198.80151891742614
 10
960.0000000000001
 20
199.0515051090859
 10
960.0000000000001
 20
199.30149130074565
 10
960.0000000000001
 20
199.5514774924054
 10
960.0000000000001
 20
199.80146368406517
 10
960.0000000000001
 20
200.05144987572493
 10
960.0000000000001
 20
200.30143606738469
 10
960.0000000000001
 20
200.55142225904447
 10
960.0000000000001
 20
200.80140845070426
 10
960.0000000000001
 20
201.05139464236402
 10
960.0000000000001
 20
201.30138083402377
 10
960.0000000000001
 20
201.55136702568353
 10
960.0000000000001
 20
201.8013532173433
 10
960.0000000000001
 20
202.05133940900305
 10
960.0000000000001
 20
202.3013256006628
 10
960.0000000000001
 20
202.55131179232256
 10
960.0000000000001
 20
202.80129798398232
 10
960.0000000000001
 20
203.0512841756421
 10
960.0000000000001
 20
203.30127036730187
 10
960.0000000000001
 20
203.55125655896163
 10
960.0000000000001
 20
203.80124275062138
 10
960.0000000000001
 20
204.05122894228114
 10
960.0000000000001
 20
204.3012151339409
 10
960.0000000000001
 20
204.5512013256007
 10
960.0000000000001
 20
204.80118751726044
 10
960.0000000000001
 20
205.0511737089202
 10
960.0000000000001
 20
205.30115990057996
 10
960.0000000000001
 20
205.55114609223972
 10
960.0000000000001
 20
205.80113228389948
 10
960.0000000000001
 20
206.05111847555926
 10
960.0000000000001
 20
206.30110466721902
 10
960.0000000000001
 20
206.55109085887878
 10
960.0000000000001
 20
206.80107705053854
 10
960.0000000000001
 20
207.0510632421983
 10
960.0000000000001
 20
207.30104943385805
 10
960.0000000000001
 20
207.5510356255178
 10
960.0000000000001
 20
207.80102181717757
 10
960.0000000000001
 20
208.05100800883733
 10
960.0000000000001
 20
208.3009942004971
 10
960.0000000000001
 20
208.55098039215687
 10
960.0000000000001
 20
208.80096658381666
 10
960.0000000000001
 20
209.05095277547642
 10
960.0000000000001
 20
209.30093896713618
 10
960.0000000000001
 20
209.55092515879593
 10
960.0000000000001
 20
209.8009113504557
 10
960.0000000000001
 20
210.05089754211545
 10
960.0000000000001
 20
210.3008837337752
 10
960.0000000000001
 20
210.55086992543497
 10
960.0000000000001
 20
210.80085611709472
 10
960.0000000000001
 20
211.05084230875448
 10
960.0000000000001
 20
211.30082850041424
 10
960.0000000000001
 20
211.55081469207403
 10
960.0000000000001
 20
211.80080088373379
 10
960.0000000000001
 20
212.05078707539354
 10
960.0000000000001
 20
212.3007732670533
 10
960.0000000000001
 20
212.5507594587131
 10
960.0000000000001
 20
212.80074565037285
 10
960.0000000000001
 20
213.0507318420326
 10
960.0000000000001
 20
213.30071803369236
 10
960.0000000000001
 20
213.55070422535212
 10
960.0000000000001
 20
213.80069041701188
 10
960.0000000000001
 20
214.05067660867167
 10
960.0000000000001
 20
214.30066280033142
 10
960.0000000000001
 20
214.55064899199118
 10
960.0000000000001
 20
214.80063518365094
 10
960.0000000000001
 20
215.0506213753107
 10
960.0000000000001
 20
215.30060756697046
 10
960.0000000000001
 20
215.5505937586302
 10
960.0000000000001
 20
215.80057995028997
 10
960.0000000000001
 20
216.05056614194973
 10
960.0000000000001
 20
216.30055233360952
 10
960.0000000000001
 20
216.55053852526927
 10
960.0000000000001
 20
216.80052471692903
 10
960.0000000000001
 20
217.05051090858882
 10
960.0000000000001
 20
217.30049710024858
 10
960.0000000000001
 20
217.55048329190834
 10
960.0000000000001
 20
217.8004694835681
 10
960.0000000000001
 20
218.05045567522785
 10
960.0000000000001
 20
218.3004418668876
 10
960.0000000000001
 20
218.55042805854737
 10
960.0000000000001
 20
218.80041425020713
 10
960.0000000000001
 20
219.05040044186688
 10
960.0000000000001
 20
219.30038663352664
 10
960.0000000000001
 20
219.55037282518643
 10
960.0000000000001
 20
219.8003590168462
 10
960.0000000000001
 20
220.05034520850595
 10
960.0000000000001
 20
220.3003314001657
 10
960.0000000000001
 20
220.5503175918255
 10
960.0000000000001
 20
220.80030378348525
 10
960.0000000000001
 20
221.050289975145
 10
960.0000000000001
 20
221.30027616680476
 10
960.0000000000001
 20
221.55026235846452
 10
960.0000000000001
 20
221.80024855012428
 10
960.0000000000001
 20
222.05023474178404
 10
960.0000000000001
 20
222.30022093344382
 10
960.0000000000001
 20
222.55020712510358
 10
960.0000000000001
 20
222.80019331676334
 10
960.0000000000001
 20
223.0501795084231
 10
960.0000000000001
 20
223.30016570008286
 10
960.0000000000001
 20
223.55015189174262
 10
960.0000000000001
 20
223.80013808340237
 10
960.0000000000001
 20
224.05012427506213
 10
960.0000000000001
 20
224.30011046672192
 10
960.0000000000001
 20
224.55009665838168
 10
960.0000000000001
 20
224.80008285004143
 10
960.0000000000001
 20
225.05006904170122
 10
960.0000000000001
 20
225.30005523336098
 10
960.0000000000001
 20
225.55004142502074
 10
960.0000000000001
 20
225.8000276166805
 10
960.0000000000001
 20
226.05001380834025
  0
LWPOLYLINE
  5
9B
330
17
100
AcDbEntity
  8
REFERENCE_GEOMETRY
100
AcDbPolyline
 90
72
 70
1
 10
1184.299999951918
 20
5.999999999987894
 10
1184.284778744285
 20
6.348622970978527
 10
1184.2392309639667
 20
6.694592710655615
 10
1184.1637032570743
 20
7.035276180397977
 10
1184.0587704350617
 20
7.368080573290569
 10
1183.9252311000646
 20
7.690473046950692
 10
1183.7641015670556
 20
7.999999999987894
 10
1183.576608129074
 20
8.294305745392078
 10
1183.3641777243938
 20
8.571150438734051
 10
1183.1284270766641
 20
8.828427124734084
 10
1182.871150390664
 20
9.064177772463806
 10
1182.5943056973222
 20
9.27660817714386
 10
1182.299999951918
 20
9.46410161512565
 10
1181.9904729988807
 20
9.625231148134494
 10
1181.6680805252206
 20
9.758770483131528
 10
1181.335276132328
 20
9.863703305144167
 10
1180.9945926625855
 20
9.939231012036727
 10
1180.6486229229085
 20
9.984778792354877
 10
1180.299999951918
 20
9.999999999987894
 10
1179.9513769809273
 20
9.984778792354877
 10
1179.6054072412503
 20
9.939231012036727
 10
1179.2647237715078
 20
9.863703305144167
 10
1178.9319193786152
 20
9.758770483131528
 10
1178.6095269049551
 20
9.625231148134494
 10
1178.299999951918
 20
9.46410161512565
 10
1178.0056942065137
 20
9.27660817714386
 10
1177.7288495131718
 20
9.064177772463806
 10
1177.4715728271717
 20
8.828427124734084
 10
1177.235822179442
 20
8.571150438734051
 10
1177.0233917747619
 20
8.294305745392078
 10
1176.8358983367802
 20
7.999999999987896
 10
1176.6747688037713
 20
7.690473046950692
 10
1176.5412294687742
 20
7.36808057329057
 10
1176.4362966467615
 20
7.035276180397976
 10
1176.360768939869
 20
6.694592710655615
 10
1176.315221159551
 20
6.348622970978527
 10
1176.299999951918
 20
5.999999999987895
 10
1176.315221159551
 20
5.6513770289972625
 10
1176.360768939869
 20
5.305407289320174
 10
1176.4362966467615
 20
4.964723819577813
 10
1176.5412294687742
 20
4.6319194266852195
 10
1176.6747688037713
 20
4.309526953025099
 10
1176.8358983367802
 20
3.9999999999878937
 10
1177.0233917747619
 20
3.705694254583711
 10
1177.235822179442
 20
3.4288495612417385
 10
1177.4715728271717
 20
3.1715728752417043
 10
1177.7288495131718
 20
2.9358222275119825
 10
1178.0056942065137
 20
2.7233918228319256
 10
1178.299999951918
 20
2.53589838485014
 10
1178.6095269049551
 20
2.3747688518412953
 10
1178.9319193786152
 20
2.2412295168442604
 10
1179.2647237715078
 20
2.136296694831621
 10
1179.6054072412503
 20
2.060768987939062
 10
1179.9513769809273
 20
2.015221207620912
 10
1180.299999951918
 20
1.9999999999878941
 10
1180.6486229229085
 20
2.015221207620912
 10
1180.9945926625855
 20
2.0607689879390616
 10
1181.335276132328
 20
2.1362966948316204
 10
1181.6680805252206
 20
2.241229516844261
 10
1181.9904729988807
 20
2.374768851841293
 10
1182.299999951918
 20
2.535898384850138
 10
1182.5943056973222
 20
2.723391822831927
 10
1182.871150390664
 20
2.9358222275119816
 10
1183.1284270766641
 20
3.1715728752417034
 10
1183.3641777243938
 20
3.428849561241736
 10
1183.576608129074
 20
3.705694254583708
 10
1183.7641015670556
 20
3.9999999999878955
 10
1183.9252311000646
 20
4.309526953025094
 10
1184.0587704350617
 20
4.6319194266852195
 10
1184.1637032570743
 20
4.964723819577811
 10
1184.2392309639667
 20
5.305407289320173
 10
1184.284778744285
 20
5.651377028997261
  0
LWPOLYLINE
  5
9C
330
17
100
AcDbEntity
  8
REFERENCE_GEOMETRY
100
AcDbPolyline
 90
72
 70
1
 10
1184.2999999708882
 20
220.30000000074034
 10
1184.2847787632552
 20
220.64862297172843
 10
1184.2392309829374
 20
220.99459271140302
 10
1184.1637032760455
 20
221.3352761811429
 10
1184.0587704540335
 20
221.66808057403307
 10
1183.9252311190376
 20
221.99047304769084
 10
1183.7641015860297
 20
222.3000000007258
 10
1183.5766081480494
 20
222.59430574612784
 10
1183.3641777433709
 20
222.87115043946778
 10
1183.1284270956428
 20
223.12842712546595
 10
1182.8711504096448
 20
223.36417777319394
 10
1182.5943057163047
 20
223.57660817787246
 10
1182.2999999709027
 20
223.7641016158529
 10
1181.9904730178678
 20
223.92523114886058
 10
1181.66808054421
 20
224.05877048385662
 10
1181.33527615132
 20
224.1637033058685
 10
1180.99459268158
 20
224.2392310127605
 10
1180.6486229419054
 20
224.28477879307832
 10
1180.2999999709173
 20
224.30000000071124
 10
1179.9513769999292
 20
224.28477879307832
 10
1179.6054072602547
 20
224.2392310127605
 10
1179.2647237905146
 20
224.1637033058685
 10
1178.9319193976246
 20
224.05877048385662
 10
1178.6095269239668
 20
223.92523114886058
 10
1178.2999999709318
 20
223.7641016158529
 10
1178.0056942255299
 20
223.57660817787246
 10
1177.7288495321898
 20
223.36417777319394
 10
1177.4715728461917
 20
223.12842712546595
 10
1177.2358221984637
 20
222.87115043946778
 10
1177.023391793785
 20
222.59430574612784
 10
1176.8358983558048
 20
222.3000000007258
 10
1176.674768822797
 20
221.99047304769084
 10
1176.541229487801
 20
221.66808057403307
 10
1176.436296665789
 20
221.3352761811429
 10
1176.360768958897
 20
220.99459271140302
 10
1176.3152211785793
 20
220.64862297172843
 10
1176.2999999709464
 20
220.30000000074034
 10
1176.3152211785793
 20
219.95137702975225
 10
1176.360768958897
 20
219.60540729007766
 10
1176.436296665789
 20
219.2647238203378
 10
1176.541229487801
 20
218.9319194274476
 10
1176.674768822797
 20
218.60952695378984
 10
1176.8358983558048
 20
218.3000000007549
 10
1177.023391793785
 20
218.00569425535286
 10
1177.2358221984637
 20
217.7288495620129
 10
1177.4715728461917
 20
217.47157287601473
 10
1177.7288495321898
 20
217.23582222828674
 10
1178.0056942255299
 20
217.02339182360822
 10
1178.2999999709318
 20
216.8358983856278
 10
1178.6095269239668
 20
216.6747688526201
 10
1178.9319193976246
 20
216.54122951762406
 10
1179.2647237905146
 20
216.43629669561219
 10
1179.6054072602547
 20
216.36076898872017
 10
1179.9513769999292
 20
216.31522120840236
 10
1180.2999999709173
 20
216.30000000076944
 10
1180.6486229419054
 20
216.31522120840236
 10
1180.99459268158
 20
216.36076898872017
 10
1181.33527615132
 20
216.43629669561219
 10
1181.66808054421
 20
216.54122951762406
 10
1181.9904730178678
 20
216.6747688526201
 10
1182.2999999709027
 20
216.8358983856278
 10
1182.5943057163047
 20
217.02339182360822
 10
1182.8711504096448
 20
217.23582222828674
 10
1183.1284270956428
 20
217.47157287601473
 10
1183.3641777433709
 20
217.7288495620129
 10
1183.5766081480494
 20
218.00569425535284
 10
1183.7641015860297
 20
218.3000000007549
 10
1183.9252311190376
 20
218.60952695378984
 10
1184.0587704540335
 20
218.9319194274476
 10
1184.1637032760455
 20
219.2647238203378
 10
1184.2392309829374
 20
219.60540729007766
 10
1184.2847787632552
 20
219.95137702975225
  0
LWPOLYLINE
  5
9D
330
17
100
AcDbEntity
  8
REFERENCE_GEOMETRY
100
AcDbPolyline
 90
2528
 70
1
 10
1152.15
 20
34.150000000000006
 10
1152.15
 20
34.400000000000006
 10
1152.15
 20
34.650000000000006
 10
1152.15
 20
34.900000000000006
 10
1152.15
 20
35.150000000000006
 10
1152.15
 20
35.400000000000006
 10
1152.15
 20
35.650000000000006
 10
1152.15
 20
35.900000000000006
 10
1152.15
 20
36.150000000000006
 10
1152.15
 20
36.400000000000006
 10
1152.15
 20
36.650000000000006
 10
1152.15
 20
36.900000000000006
 10
1152.15
 20
37.150000000000006
 10
1152.15
 20
37.400000000000006
 10
1152.15
 20
37.650000000000006
 10
1152.15
 20
37.900000000000006
 10
1152.15
 20
38.150000000000006
 10
1152.15
 20
38.400000000000006
 10
1152.15
 20
38.650000000000006
 10
1152.15
 20
38.900000000000006
 10
1152.15
 20
39.150000000000006
 10
1152.15
 20
39.400000000000006
 10
1152.15
 20
39.650000000000006
 10
1152.15
 20
39.900000000000006
 10
1152.15
 20
40.150000000000006
 10
1152.15
 20
40.400000000000006
 10
1152.15
 20
40.650000000000006
 10
1152.15
 20
40.900000000000006
 10
1152.15
 20
41.150000000000006
 10
1152.15
 20
41.400000000000006
 10
1152.15
 20
41.650000000000006
 10
1152.15
 20
41.900000000000006
 10
1152.15
 20
42.150000000000006
 10
1152.15
 20
42.400000000000006
 10
1152.15
 20
42.650000000000006
 10
1152.15
 20
42.900000000000006
 10
1152.15
 20
43.150000000000006
 10
1152.15
 20
43.400000000000006
 10
1152.15
 20
43.650000000000006
 10
1152.15
 20
43.900000000000006
 10
1152.15
 20
44.150000000000006
 10
1152.15
 20
44.400000000000006
 10
1152.15
 20
44.650000000000006
 10
1152.15
 20
44.900000000000006
 10
1152.15
 20
45.150000000000006
 10
1152.15
 20
45.400000000000006
 10
1152.15
 20
45.650000000000006
 10
1152.15
 20
45.900000000000006
 10
1152.15
 20
46.150000000000006
 10
1152.15
 20
46.400000000000006
 10
1152.15
 20
46.650000000000006
 10
1152.15
 20
46.900000000000006
 10
1152.15
 20
47.150000000000006
 10
1152.15
 20
47.400000000000006
 10
1152.15
 20
47.650000000000006
 10
1152.15
 20
47.900000000000006
 10
1152.15
 20
48.150000000000006
 10
1152.15
 20
48.400000000000006
 10
1152.15
 20
48.650000000000006
 10
1152.15
 20
48.900000000000006
 10
1152.15
 20
49.150000000000006
 10
1152.15
 20
49.4
 10
1152.15
 20
49.65
 10
1152.15
 20
49.900000000000006
 10
1152.15
 20
50.150000000000006
 10
1152.15
 20
50.400000000000006
 10
1152.15
 20
50.650000000000006
 10
1152.15
 20
50.900000000000006
 10
1152.15
 20
51.150000000000006
 10
1152.15
 20
51.400000000000006
 10
1152.15
 20
51.65000000000001
 10
1152.15
 20
51.90000000000001
 10
1152.15
 20
52.15000000000001
 10
1152.15
 20
52.4
 10
1152.15
 20
52.65
 10
1152.15
 20
52.9
 10
1152.15
 20
53.150000000000006
 10
1152.15
 20
53.400000000000006
 10
1152.15
 20
53.650000000000006
 10
1152.15
 20
53.900000000000006
 10
1152.15
 20
54.150000000000006
 10
1152.15
 20
54.400000000000006
 10
1152.15
 20
54.650000000000006
 10
1152.15
 20
54.90000000000001
 10
1152.15
 20
55.15000000000001
 10
1152.15
 20
55.40000000000001
 10
1152.15
 20
55.65
 10
1152.15
 20
55.9
 10
1152.15
 20
56.15
 10
1152.15
 20
56.400000000000006
 10
1152.15
 20
56.650000000000006
 10
1152.15
 20
56.900000000000006
 10
1152.15
 20
57.150000000000006
 10
1152.15
 20
57.400000000000006
 10
1152.15
 20
57.650000000000006
 10
1152.15
 20
57.900000000000006
 10
1152.15
 20
58.150000000000006
 10
1152.15
 20
58.40000000000001
 10
1152.15
 20
58.65000000000001
 10
1152.15
 20
58.9
 10
1152.15
 20
59.15
 10
1152.15
 20
59.4
 10
1152.15
 20
59.650000000000006
 10
1152.15
 20
59.900000000000006
 10
1152.15
 20
60.150000000000006
 10
1152.15
 20
60.400000000000006
 10
1152.15
 20
60.650000000000006
 10
1152.15
 20
60.900000000000006
 10
1152.15
 20
61.150000000000006
 10
1152.15
 20
61.400000000000006
 10
1152.15
 20
61.65000000000001
 10
1152.15
 20
61.90000000000001
 10
1152.15
 20
62.15
 10
1152.15
 20
62.4
 10
1152.15
 20
62.65
 10
1152.15
 20
62.900000000000006
 10
1152.15
 20
63.150000000000006
 10
1152.15
 20
63.400000000000006
 10
1152.15
 20
63.650000000000006
 10
1152.15
 20
63.900000000000006
 10
1152.15
 20
64.15
 10
1152.15
 20
64.4
 10
1152.15
 20
64.65
 10
1152.15
 20
64.9
 10
1152.15
 20
65.15
 10
1152.15
 20
65.4
 10
1152.15
 20
65.65
 10
1152.15
 20
65.9
 10
1152.15
 20
66.15
 10
1152.15
 20
66.4
 10
1152.15
 20
66.65
 10
1152.15
 20
66.9
 10
1152.15
 20
67.15
 10
1152.15
 20
67.4
 10
1152.15
 20
67.65
 10
1152.15
 20
67.9
 10
1152.15
 20
68.15
 10
1152.15
 20
68.4
 10
1152.15
 20
68.65
 10
1152.15
 20
68.9
 10
1152.15
 20
69.15
 10
1152.15
 20
69.4
 10
1152.15
 20
69.65
 10
1152.15
 20
69.9
 10
1152.15
 20
70.15
 10
1152.15
 20
70.4
 10
1152.15
 20
70.65
 10
1152.15
 20
70.9
 10
1152.15
 20
71.15
 10
1152.15
 20
71.4
 10
1152.15
 20
71.65
 10
1152.15
 20
71.9
 10
1152.15
 20
72.15
 10
1152.15
 20
72.4
 10
1152.15
 20
72.65
 10
1152.15
 20
72.9
 10
1152.15
 20
73.15
 10
1152.15
 20
73.4
 10
1152.15
 20
73.65
 10
1152.15
 20
73.9
 10
1152.15
 20
74.15
 10
1152.15
 20
74.4
 10
1152.15
 20
74.65
 10
1152.15
 20
74.9
 10
1152.15
 20
75.15
 10
1152.15
 20
75.4
 10
1152.15
 20
75.65
 10
1152.15
 20
75.9
 10
1152.15
 20
76.15
 10
1152.15
 20
76.4
 10
1152.15
 20
76.65
 10
1152.15
 20
76.9
 10
1152.15
 20
77.15
 10
1152.15
 20
77.4
 10
1152.15
 20
77.65
 10
1152.15
 20
77.9
 10
1152.15
 20
78.15
 10
1152.15
 20
78.4
 10
1152.15
 20
78.65
 10
1152.15
 20
78.9
 10
1152.15
 20
79.15
 10
1152.15
 20
79.4
 10
1152.15
 20
79.65
 10
1152.15
 20
79.9
 10
1152.15
 20
80.15
 10
1152.15
 20
80.4
 10
1152.15
 20
80.65
 10
1152.15
 20
80.9
 10
1152.15
 20
81.15000000000002
 10
1152.15
 20
81.40000000000002
 10
1152.15
 20
81.65000000000002
 10
1152.15
 20
81.89999999999999
 10
1152.15
 20
82.14999999999999
 10
1152.15
 20
82.39999999999999
 10
1152.15
 20
82.64999999999999
 10
1152.15
 20
82.9
 10
1152.15
 20
83.15
 10
1152.15
 20
83.4
 10
1152.15
 20
83.65
 10
1152.15
 20
83.9
 10
1152.15
 20
84.15
 10
1152.15
 20
84.40000000000002
 10
1152.15
 20
84.65000000000002
 10
1152.15
 20
84.90000000000002
 10
1152.15
 20
85.15000000000002
 10
1152.15
 20
85.39999999999999
 10
1152.15
 20
85.64999999999999
 10
1152.15
 20
85.89999999999999
 10
1152.15
 20
86.15
 10
1152.15
 20
86.4
 10
1152.15
 20
86.65
 10
1152.15
 20
86.9
 10
1152.15
 20
87.15
 10
1152.15
 20
87.4
 10
1152.15
 20
87.65000000000002
 10
1152.15
 20
87.90000000000002
 10
1152.15
 20
88.15000000000002
 10
1152.15
 20
88.40000000000002
 10
1152.15
 20
88.64999999999999
 10
1152.15
 20
88.89999999999999
 10
1152.15
 20
89.14999999999999
 10
1152.15
 20
89.39999999999999
 10
1152.15
 20
89.65
 10
1152.15
 20
89.9
 10
1152.15
 20
90.15
 10
1152.15
 20
90.4
 10
1152.15
 20
90.65
 10
1152.15
 20
90.90000000000002
 10
1152.15
 20
91.15000000000002
 10
1152.15
 20
91.40000000000002
 10
1152.15
 20
91.65000000000002
 10
1152.15
 20
91.89999999999999
 10
1152.15
 20
92.14999999999999
 10
1152.15
 20
92.39999999999999
 10
1152.15
 20
92.64999999999999
 10
1152.15
 20
92.9
 10
1152.15
 20
93.15
 10
1152.15
 20
93.4
 10
1152.15
 20
93.65
 10
1152.15
 20
93.9
 10
1152.15
 20
94.15000000000002
 10
1152.15
 20
94.40000000000002
 10
1152.15
 20
94.65000000000002
 10
1152.15
 20
94.90000000000002
 10
1152.15
 20
95.14999999999999
 10
1152.15
 20
95.39999999999999
 10
1152.15
 20
95.64999999999999
 10
1152.15
 20
95.89999999999999
 10
1152.15
 20
96.15
 10
1152.15
 20
96.4
 10
1152.15
 20
96.65
 10
1152.15
 20
96.9
 10
1152.15
 20
97.15
 10
1152.15
 20
97.40000000000002
 10
1152.15
 20
97.65000000000002
 10
1152.15
 20
97.90000000000002
 10
1152.15
 20
98.15000000000002
 10
1152.15
 20
98.39999999999999
 10
1152.15
 20
98.65
 10
1152.15
 20
98.9
 10
1152.15
 20
99.15
 10
1152.15
 20
99.4
 10
1152.15
 20
99.65
 10
1152.15
 20
99.9
 10
1152.15
 20
100.15
 10
1152.15
 20
100.4
 10
1152.15
 20
100.65
 10
1152.15
 20
100.9
 10
1152.15
 20
101.15
 10
1152.15
 20
101.40000000000002
 10
1152.15
 20
101.64999999999999
 10
1152.15
 20
101.89999999999999
 10
1152.15
 20
102.15
 10
1152.15
 20
102.4
 10
1152.15
 20
102.65
 10
1152.15
 20
102.9
 10
1152.15
 20
103.15
 10
1152.15
 20
103.4
 10
1152.15
 20
103.65
 10
1152.15
 20
103.9
 10
1152.15
 20
104.15
 10
1152.15
 20
104.4
 10
1152.15
 20
104.65000000000002
 10
1152.15
 20
104.90000000000002
 10
1152.15
 20
105.14999999999999
 10
1152.15
 20
105.4
 10
1152.15
 20
105.65
 10
1152.15
 20
105.9
 10
1152.15
 20
106.15
 10
1152.15
 20
106.4
 10
1152.15
 20
106.65
 10
1152.15
 20
106.9
 10
1152.15
 20
107.15
 10
1152.15
 20
107.4
 10
1152.15
 20
107.65
 10
1152.15
 20
107.9
 10
1152.15
 20
108.15000000000002
 10
1152.15
 20
108.39999999999999
 10
1152.15
 20
108.65
 10
1152.15
 20
108.9
 10
1152.15
 20
109.15
 10
1152.15
 20
109.4
 10
1152.15
 20
109.65
 10
1152.15
 20
109.9
 10
1152.15
 20
110.15
 10
1152.15
 20
110.4
 10
1152.15
 20
110.65
 10
1152.15
 20
110.9
 10
1152.15
 20
111.15
 10
1152.15
 20
111.40000000000002
 10
1152.15
 20
111.64999999999999
 10
1152.15
 20
111.9
 10
1152.15
 20
112.15
 10
1152.15
 20
112.4
 10
1152.15
 20
112.65
 10
1152.15
 20
112.9
 10
1152.15
 20
113.15
 10
1152.15
 20
113.4
 10
1152.15
 20
113.65
 10
1152.15
 20
113.9
 10
1152.15
 20
114.15
 10
1152.15
 20
114.4
 10
1152.15
 20
114.65000000000002
 10
1152.15
 20
114.90000000000002
 10
1152.15
 20
115.15000000000002
 10
1152.15
 20
115.40000000000002
 10
1152.15
 20
115.65
 10
1152.15
 20
115.9
 10
1152.15
 20
116.15
 10
1152.15
 20
116.4
 10
1152.15
 20
116.65
 10
1152.15
 20
116.9
 10
1152.15
 20
117.15
 10
1152.15
 20
117.39999999999999
 10
1152.15
 20
117.64999999999999
 10
1152.15
 20
117.89999999999999
 10
1152.15
 20
118.14999999999999
 10
1152.15
 20
118.4
 10
1152.15
 20
118.65
 10
1152.15
 20
118.9
 10
1152.15
 20
119.15
 10
1152.15
 20
119.4
 10
1152.15
 20
119.65
 10
1152.15
 20
119.9
 10
1152.15
 20
120.15
 10
1152.15
 20
120.4
 10
1152.15
 20
120.65
 10
1152.15
 20
120.9
 10
1152.15
 20
121.15000000000002
 10
1152.15
 20
121.40000000000002
 10
1152.15
 20
121.65000000000002
 10
1152.15
 20
121.90000000000002
 10
1152.15
 20
122.15000000000002
 10
1152.15
 20
122.4
 10
1152.15
 20
122.65
 10
1152.15
 20
122.9
 10
1152.15
 20
123.15
 10
1152.15
 20
123.4
 10
1152.15
 20
123.65
 10
1152.15
 20
123.89999999999999
 10
1152.15
 20
124.14999999999999
 10
1152.15
 20
124.39999999999999
 10
1152.15
 20
124.64999999999999
 10
1152.15
 20
124.89999999999999
 10
1152.15
 20
125.15
 10
1152.15
 20
125.4
 10
1152.15
 20
125.65
 10
1152.15
 20
125.9
 10
1152.15
 20
126.15
 10
1152.15
 20
126.4
 10
1152.15
 20
126.65
 10
1152.15
 20
126.9
 10
1152.15
 20
127.15
 10
1152.15
 20
127.4
 10
1152.15
 20
127.65
 10
1152.15
 20
127.90000000000002
 10
1152.15
 20
128.15000000000003
 10
1152.15
 20
128.40000000000003
 10
1152.15
 20
128.65000000000003
 10
1152.15
 20
128.9
 10
1152.15
 20
129.15
 10
1152.15
 20
129.4
 10
1152.15
 20
129.65
 10
1152.15
 20
129.9
 10
1152.15
 20
130.15
 10
1152.15
 20
130.4
 10
1152.15
 20
130.64999999999998
 10
1152.15
 20
130.89999999999998
 10
1152.15
 20
131.14999999999998
 10
1152.15
 20
131.39999999999998
 10
1152.15
 20
131.65
 10
1152.15
 20
131.9
 10
1152.15
 20
132.15
 10
1152.15
 20
132.4
 10
1152.15
 20
132.65
 10
1152.15
 20
132.9
 10
1152.15
 20
133.15
 10
1152.15
 20
133.4
 10
1152.15
 20
133.65
 10
1152.15
 20
133.9
 10
1152.15
 20
134.15
 10
1152.15
 20
134.40000000000003
 10
1152.15
 20
134.65000000000003
 10
1152.15
 20
134.90000000000003
 10
1152.15
 20
135.15000000000003
 10
1152.15
 20
135.4
 10
1152.15
 20
135.65
 10
1152.15
 20
135.9
 10
1152.15
 20
136.15
 10
1152.15
 20
136.4
 10
1152.15
 20
136.65
 10
1152.15
 20
136.9
 10
1152.15
 20
137.14999999999998
 10
1152.15
 20
137.39999999999998
 10
1152.15
 20
137.64999999999998
 10
1152.15
 20
137.89999999999998
 10
1152.15
 20
138.15
 10
1152.15
 20
138.4
 10
1152.15
 20
138.65
 10
1152.15
 20
138.9
 10
1152.15
 20
139.15
 10
1152.15
 20
139.4
 10
1152.15
 20
139.65
 10
1152.15
 20
139.9
 10
1152.15
 20
140.15
 10
1152.15
 20
140.4
 10
1152.15
 20
140.65
 10
1152.15
 20
140.90000000000003
 10
1152.15
 20
141.15000000000003
 10
1152.15
 20
141.40000000000003
 10
1152.15
 20
141.65000000000003
 10
1152.15
 20
141.90000000000003
 10
1152.15
 20
142.15
 10
1152.15
 20
142.4
 10
1152.15
 20
142.65
 10
1152.15
 20
142.9
 10
1152.15
 20
143.15
 10
1152.15
 20
143.4
 10
1152.15
 20
143.64999999999998
 10
1152.15
 20
143.89999999999998
 10
1152.15
 20
144.14999999999998
 10
1152.15
 20
144.39999999999998
 10
1152.15
 20
144.64999999999998
 10
1152.15
 20
144.9
 10
1152.15
 20
145.14999999999998
 10
1152.15
 20
145.39999999999998
 10
1152.15
 20
145.64999999999998
 10
1152.15
 20
145.89999999999998
 10
1152.15
 20
146.14999999999998
 10
1152.15
 20
146.39999999999998
 10
1152.15
 20
146.64999999999998
 10
1152.15
 20
146.89999999999998
 10
1152.15
 20
147.14999999999998
 10
1152.15
 20
147.39999999999998
 10
1152.15
 20
147.65000000000003
 10
1152.15
 20
147.90000000000003
 10
1152.15
 20
148.15000000000003
 10
1152.15
 20
148.40000000000003
 10
1152.15
 20
148.64999999999998
 10
1152.15
 20
148.89999999999998
 10
1152.15
 20
149.14999999999998
 10
1152.15
 20
149.39999999999998
 10
1152.15
 20
149.64999999999998
 10
1152.15
 20
149.89999999999998
 10
1152.15
 20
150.14999999999998
 10
1152.15
 20
150.39999999999998
 10
1152.15
 20
150.64999999999998
 10
1152.15
 20
150.89999999999998
 10
1152.15
 20
151.14999999999998
 10
1152.15
 20
151.39999999999998
 10
1152.15
 20
151.64999999999998
 10
1152.15
 20
151.89999999999998
 10
1152.15
 20
152.14999999999998
 10
1152.15
 20
152.39999999999998
 10
1152.15
 20
152.64999999999998
 10
1152.15
 20
152.89999999999998
 10
1152.15
 20
153.14999999999998
 10
1152.15
 20
153.39999999999998
 10
1152.15
 20
153.64999999999998
 10
1152.15
 20
153.89999999999998
 10
1152.15
 20
154.15000000000003
 10
1152.15
 20
154.40000000000003
 10
1152.15
 20
154.65000000000003
 10
1152.15
 20
154.89999999999998
 10
1152.15
 20
155.14999999999998
 10
1152.15
 20
155.39999999999998
 10
1152.15
 20
155.64999999999998
 10
1152.15
 20
155.89999999999998
 10
1152.15
 20
156.14999999999998
 10
1152.15
 20
156.39999999999998
 10
1152.15
 20
156.64999999999998
 10
1152.15
 20
156.89999999999998
 10
1152.15
 20
157.14999999999998
 10
1152.15
 20
157.39999999999998
 10
1152.15
 20
157.64999999999998
 10
1152.15
 20
157.89999999999998
 10
1152.15
 20
158.1500000000001
 10
1152.15
 20
158.39999999999998
 10
1152.15
 20
158.6500000000001
 10
1152.15
 20
158.89999999999998
 10
1152.15
 20
159.15000000000003
 10
1152.15
 20
159.39999999999998
 10
1152.15
 20
159.64999999999992
 10
1152.15
 20
159.89999999999998
 10
1152.15
 20
160.14999999999992
 10
1152.15
 20
160.39999999999998
 10
1152.15
 20
160.65000000000003
 10
1152.15
 20
160.90000000000003
 10
1152.15
 20
161.15000000000003
 10
1152.15
 20
161.39999999999998
 10
1152.15
 20
161.64999999999998
 10
1152.15
 20
161.89999999999998
 10
1152.15
 20
162.14999999999998
 10
1152.15
 20
162.39999999999998
 10
1152.15
 20
162.64999999999998
 10
1152.15
 20
162.89999999999998
 10
1152.15
 20
163.14999999999998
 10
1152.15
 20
163.39999999999998
 10
1152.15
 20
163.64999999999998
 10
1152.15
 20
163.89999999999998
 10
1152.15
 20
164.14999999999998
 10
1152.15
 20
164.39999999999998
 10
1152.15
 20
164.64999999999998
 10
1152.15
 20
164.90000000000003
 10
1152.15
 20
165.14999999999998
 10
1152.15
 20
165.40000000000003
 10
1152.15
 20
165.64999999999998
 10
1152.15
 20
165.89999999999992
 10
1152.15
 20
166.14999999999998
 10
1152.15
 20
166.39999999999992
 10
1152.15
 20
166.64999999999998
 10
1152.15
 20
166.89999999999992
 10
1152.15
 20
167.14999999999998
 10
1152.15
 20
167.39999999999998
 10
1152.15
 20
167.64999999999998
 10
1152.15
 20
167.89999999999998
 10
1152.15
 20
168.14999999999998
 10
1152.15
 20
168.39999999999998
 10
1152.15
 20
168.64999999999998
 10
1152.15
 20
168.89999999999998
 10
1152.15
 20
169.14999999999998
 10
1152.15
 20
169.39999999999998
 10
1152.15
 20
169.64999999999998
 10
1152.15
 20
169.89999999999998
 10
1152.15
 20
170.14999999999998
 10
1152.15
 20
170.39999999999998
 10
1152.15
 20
170.64999999999998
 10
1152.15
 20
170.89999999999998
 10
1152.15
 20
171.14999999999998
 10
1152.15
 20
171.39999999999998
 10
1152.15
 20
171.65000000000003
 10
1152.15
 20
171.89999999999998
 10
1152.15
 20
172.15000000000003
 10
1152.15
 20
172.39999999999998
 10
1152.15
 20
172.64999999999992
 10
1152.15
 20
172.89999999999998
 10
1152.15
 20
173.14999999999992
 10
1152.15
 20
173.39999999999998
 10
1152.15
 20
173.64999999999998
 10
1152.15
 20
173.89999999999998
 10
1152.15
 20
174.14999999999998
 10
1152.15
 20
174.39999999999998
 10
1152.15
 20
174.64999999999998
 10
1152.15
 20
174.89999999999998
 10
1152.15
 20
175.14999999999998
 10
1152.15
 20
175.39999999999998
 10
1152.15
 20
175.64999999999998
 10
1152.15
 20
175.89999999999998
 10
1152.15
 20
176.14999999999998
 10
1152.15
 20
176.39999999999998
 10
1152.15
 20
176.64999999999998
 10
1152.15
 20
176.89999999999998
 10
1152.15
 20
177.14999999999998
 10
1152.15
 20
177.39999999999998
 10
1152.15
 20
177.64999999999998
 10
1152.15
 20
177.90000000000003
 10
1152.15
 20
178.14999999999998
 10
1152.15
 20
178.40000000000003
 10
1152.15
 20
178.64999999999998
 10
1152.15
 20
178.90000000000003
 10
1152.15
 20
179.14999999999998
 10
1152.15
 20
179.39999999999992
 10
1152.15
 20
179.64999999999998
 10
1152.15
 20
179.89999999999992
 10
1152.15
 20
180.14999999999998
 10
1152.15
 20
180.39999999999998
 10
1152.15
 20
180.64999999999998
 10
1152.15
 20
180.89999999999998
 10
1152.15
 20
181.14999999999998
 10
1152.15
 20
181.39999999999998
 10
1152.15
 20
181.64999999999998
 10
1152.15
 20
181.89999999999998
 10
1152.15
 20
182.14999999999998
 10
1152.15
 20
182.39999999999998
 10
1152.15
 20
182.64999999999998
 10
1152.15
 20
182.89999999999998
 10
1152.15
 20
183.14999999999998
 10
1152.15
 20
183.39999999999998
 10
1152.15
 20
183.64999999999998
 10
1152.15
 20
183.89999999999998
 10
1152.15
 20
184.14999999999998
 10
1152.15
 20
184.39999999999998
 10
1152.15
 20
184.65000000000003
 10
1152.15
 20
184.89999999999998
 10
1152.15
 20
185.15000000000003
 10
1152.15
 20
185.39999999999998
 10
1152.15
 20
185.64999999999992
 10
1152.15
 20
185.89999999999998
 10
1152.15
 20
186.14999999999992
 10
1152.15
 20
186.39999999999998
 10
1152.15
 20
186.64999999999992
 10
1152.15
 20
186.89999999999998
 10
1152.15
 20
187.14999999999998
 10
1152.15
 20
187.39999999999998
 10
1152.15
 20
187.64999999999998
 10
1152.15
 20
187.89999999999998
 10
1152.15
 20
188.14999999999998
 10
1152.15
 20
188.39999999999998
 10
1152.15
 20
188.64999999999998
 10
1152.15
 20
188.89999999999998
 10
1152.15
 20
189.14999999999998
 10
1152.15
 20
189.39999999999998
 10
1152.15
 20
189.64999999999998
 10
1152.15
 20
189.89999999999998
 10
1152.15
 20
190.14999999999998
 10
1152.15
 20
190.39999999999998
 10
1152.15
 20
190.64999999999998
 10
1152.15
 20
190.89999999999998
 10
1152.15
 20
191.14999999999998
 10
1152.15
 20
191.40000000000003
 10
1152.15
 20
191.64999999999998
 10
1152.15
 20
191.90000000000003
 10
1152.15
 20
192.14999999999998
 10
1151.9
 20
192.15
 10
1151.65
 20
192.15
 10
1151.4
 20
192.15
 10
1151.15
 20
192.15
 10
1150.9
 20
192.15
 10
1150.65
 20
192.15
 10
1150.4
 20
192.15
 10
1150.15
 20
192.15
 10
1149.9
 20
192.15
 10
1149.65
 20
192.15
 10
1149.4
 20
192.15
 10
1149.15
 20
192.15
 10
1148.9
 20
192.15
 10
1148.65
 20
192.15
 10
1148.4
 20
192.15
 10
1148.15
 20
192.15
 10
1147.9
 20
192.15
 10
1147.65
 20
192.15
 10
1147.4
 20
192.15
 10
1147.15
 20
192.15
 10
1146.9
 20
192.15
 10
1146.65
 20
192.15
 10
1146.4
 20
192.15
 10
1146.15
 20
192.15
 10
1145.9
 20
192.15
 10
1145.65
 20
192.15
 10
1145.4
 20
192.15
 10
1145.15
 20
192.15
 10
1144.9
 20
192.15
 10
1144.65
 20
192.15
 10
1144.4
 20
192.15
 10
1144.15
 20
192.15
 10
1143.9
 20
192.15
 10
1143.65
 20
192.15
 10
1143.4
 20
192.15
 10
1143.15
 20
192.15
 10
1142.9
 20
192.15
 10
1142.65
 20
192.15
 10
1142.4
 20
192.15
 10
1142.15
 20
192.15
 10
1141.9
 20
192.15
 10
1141.65
 20
192.15
 10
1141.4
 20
192.15
 10
1141.15
 20
192.15
 10
1140.9
 20
192.15
 10
1140.65
 20
192.15
 10
1140.4
 20
192.15
 10
1140.15
 20
192.15
 10
1139.9
 20
192.15
 10
1139.65
 20
192.15
 10
1139.4
 20
192.15
 10
1139.15
 20
192.15
 10
1138.9
 20
192.15
 10
1138.65
 20
192.15
 10
1138.4
 20
192.15
 10
1138.15
 20
192.15
 10
1137.9
 20
192.15
 10
1137.65
 20
192.15
 10
1137.4
 20
192.15
 10
1137.15
 20
192.15
 10
1136.9
 20
192.15
 10
1136.65
 20
192.15
 10
1136.4
 20
192.15
 10
1136.15
 20
192.15
 10
1135.9
 20
192.15
 10
1135.65
 20
192.15
 10
1135.4
 20
192.15
 10
1135.15
 20
192.15
 10
1134.9
 20
192.15
 10
1134.65
 20
192.15
 10
1134.4
 20
192.15
 10
1134.15
 20
192.15
 10
1133.9
 20
192.15
 10
1133.65
 20
192.15
 10
1133.4
 20
192.15
 10
1133.15
 20
192.15
 10
1132.9
 20
192.15
 10
1132.65
 20
192.15
 10
1132.4
 20
192.15
 10
1132.15
 20
192.15
 10
1131.9
 20
192.15
 10
1131.65
 20
192.15
 10
1131.4
 20
192.15
 10
1131.15
 20
192.15
 10
1130.9
 20
192.15
 10
1130.65
 20
192.15
 10
1130.4
 20
192.15
 10
1130.15
 20
192.15
 10
1129.9
 20
192.15
 10
1129.65
 20
192.15
 10
1129.4
 20
192.15
 10
1129.15
 20
192.15
 10
1128.9
 20
192.15
 10
1128.65
 20
192.15
 10
1128.4
 20
192.15
 10
1128.15
 20
192.15
 10
1127.9
 20
192.15
 10
1127.65
 20
192.15
 10
1127.4
 20
192.15
 10
1127.15
 20
192.15
 10
1126.9
 20
192.15
 10
1126.65
 20
192.15
 10
1126.4
 20
192.15
 10
1126.15
 20
192.15
 10
1125.9
 20
192.15
 10
1125.65
 20
192.15
 10
1125.4
 20
192.15
 10
1125.15
 20
192.15
 10
1124.9
 20
192.15
 10
1124.65
 20
192.15
 10
1124.4
 20
192.15
 10
1124.15
 20
192.15
 10
1123.9
 20
192.15
 10
1123.65
 20
192.15
 10
1123.4
 20
192.15
 10
1123.15
 20
192.15
 10
1122.9
 20
192.15
 10
1122.65
 20
192.15
 10
1122.4
 20
192.15
 10
1122.15
 20
192.15
 10
1121.9
 20
192.15
 10
1121.65
 20
192.15
 10
1121.4
 20
192.15
 10
1121.15
 20
192.15
 10
1120.9
 20
192.15
 10
1120.65
 20
192.15
 10
1120.4
 20
192.15
 10
1120.15
 20
192.15
 10
1119.9
 20
192.15
 10
1119.65
 20
192.15
 10
1119.4
 20
192.15
 10
1119.15
 20
192.15
 10
1118.9
 20
192.15
 10
1118.65
 20
192.15
 10
1118.4
 20
192.15
 10
1118.15
 20
192.15
 10
1117.9
 20
192.15
 10
1117.65
 20
192.15
 10
1117.4
 20
192.15
 10
1117.15
 20
192.15
 10
1116.9
 20
192.15
 10
1116.65
 20
192.15
 10
1116.4
 20
192.15
 10
1116.15
 20
192.15
 10
1115.9
 20
192.15
 10
1115.65
 20
192.15
 10
1115.4
 20
192.15
 10
1115.15
 20
192.15
 10
1114.9
 20
192.15
 10
1114.65
 20
192.15
 10
1114.4
 20
192.15
 10
1114.15
 20
192.15
 10
1113.9
 20
192.15
 10
1113.65
 20
192.15
 10
1113.4
 20
192.15
 10
1113.15
 20
192.15
 10
1112.9
 20
192.15
 10
1112.65
 20
192.15
 10
1112.4
 20
192.15
 10
1112.15
 20
192.15
 10
1111.9
 20
192.15
 10
1111.65
 20
192.15
 10
1111.4
 20
192.15
 10
1111.15
 20
192.15
 10
1110.9
 20
192.15
 10
1110.65
 20
192.15
 10
1110.4
 20
192.15
 10
1110.15
 20
192.15
 10
1109.9
 20
192.15
 10
1109.65
 20
192.15
 10
1109.4
 20
192.15
 10
1109.15
 20
192.15
 10
1108.9
 20
192.15
 10
1108.65
 20
192.15
 10
1108.4
 20
192.15
 10
1108.15
 20
192.15
 10
1107.9
 20
192.15
 10
1107.65
 20
192.15
 10
1107.4
 20
192.15
 10
1107.15
 20
192.15
 10
1106.9
 20
192.15
 10
1106.65
 20
192.15
 10
1106.4
 20
192.15
 10
1106.15
 20
192.15
 10
1105.9
 20
192.15
 10
1105.65
 20
192.15
 10
1105.4
 20
192.15
 10
1105.15
 20
192.15
 10
1104.9
 20
192.15
 10
1104.65
 20
192.15
 10
1104.4
 20
192.15
 10
1104.15
 20
192.15
 10
1103.9
 20
192.15
 10
1103.65
 20
192.15
 10
1103.4
 20
192.15
 10
1103.15
 20
192.15
 10
1102.9
 20
192.15
 10
1102.65
 20
192.15
 10
1102.4
 20
192.15
 10
1102.15
 20
192.15
 10
1101.9
 20
192.15
 10
1101.65
 20
192.15
 10
1101.4
 20
192.15
 10
1101.15
 20
192.15
 10
1100.9
 20
192.15
 10
1100.65
 20
192.15
 10
1100.4
 20
192.15
 10
1100.15
 20
192.15
 10
1099.9
 20
192.15
 10
1099.65
 20
192.15
 10
1099.4
 20
192.15
 10
1099.15
 20
192.15
 10
1098.9
 20
192.15
 10
1098.65
 20
192.15
 10
1098.4
 20
192.15
 10
1098.15
 20
192.15
 10
1097.9
 20
192.15
 10
1097.65
 20
192.15
 10
1097.4
 20
192.15
 10
1097.15
 20
192.15
 10
1096.9
 20
192.15
 10
1096.65
 20
192.15
 10
1096.4
 20
192.15
 10
1096.15
 20
192.15
 10
1095.9
 20
192.15
 10
1095.65
 20
192.15
 10
1095.4
 20
192.15
 10
1095.15
 20
192.15
 10
1094.9
 20
192.15
 10
1094.65
 20
192.15
 10
1094.4
 20
192.15
 10
1094.15
 20
192.15
 10
1093.9
 20
192.15
 10
1093.65
 20
192.15
 10
1093.4
 20
192.15
 10
1093.15
 20
192.15
 10
1092.9
 20
192.15
 10
1092.65
 20
192.15
 10
1092.4
 20
192.15
 10
1092.15
 20
192.15
 10
1091.9
 20
192.15
 10
1091.65
 20
192.15
 10
1091.4
 20
192.15
 10
1091.15
 20
192.15
 10
1090.9
 20
192.15
 10
1090.65
 20
192.15
 10
1090.4
 20
192.15
 10
1090.15
 20
192.15
 10
1089.9
 20
192.15
 10
1089.65
 20
192.15
 10
1089.4
 20
192.15
 10
1089.15
 20
192.15
 10
1088.9
 20
192.15
 10
1088.65
 20
192.15
 10
1088.4
 20
192.15
 10
1088.15
 20
192.15
 10
1087.9
 20
192.15
 10
1087.65
 20
192.15
 10
1087.4
 20
192.15
 10
1087.15
 20
192.15
 10
1086.9
 20
192.15
 10
1086.65
 20
192.15
 10
1086.4
 20
192.15
 10
1086.15
 20
192.15
 10
1085.9
 20
192.15
 10
1085.65
 20
192.15
 10
1085.4
 20
192.15
 10
1085.15
 20
192.15
 10
1084.9
 20
192.15
 10
1084.65
 20
192.15
 10
1084.4
 20
192.15
 10
1084.15
 20
192.15
 10
1083.9
 20
192.15
 10
1083.65
 20
192.15
 10
1083.4
 20
192.15
 10
1083.15
 20
192.15
 10
1082.9
 20
192.15
 10
1082.65
 20
192.15
 10
1082.4
 20
192.15
 10
1082.15
 20
192.15
 10
1081.9
 20
192.15
 10
1081.65
 20
192.15
 10
1081.4
 20
192.15
 10
1081.15
 20
192.15
 10
1080.9
 20
192.15
 10
1080.65
 20
192.15
 10
1080.4
 20
192.15
 10
1080.15
 20
192.15
 10
1079.9
 20
192.15
 10
1079.65
 20
192.15
 10
1079.4
 20
192.15
 10
1079.15
 20
192.15
 10
1078.9
 20
192.15
 10
1078.65
 20
192.15
 10
1078.4
 20
192.15
 10
1078.15
 20
192.15
 10
1077.9
 20
192.15
 10
1077.65
 20
192.15
 10
1077.4
 20
192.15
 10
1077.15
 20
192.15
 10
1076.9
 20
192.15
 10
1076.65
 20
192.15
 10
1076.4
 20
192.15
 10
1076.15
 20
192.15
 10
1075.9
 20
192.15
 10
1075.65
 20
192.15
 10
1075.4
 20
192.15
 10
1075.15
 20
192.15
 10
1074.9
 20
192.15
 10
1074.65
 20
192.15
 10
1074.4
 20
192.15
 10
1074.15
 20
192.15
 10
1073.9
 20
192.15
 10
1073.65
 20
192.15
 10
1073.4
 20
192.15
 10
1073.15
 20
192.15
 10
1072.9
 20
192.15
 10
1072.65
 20
192.15
 10
1072.4
 20
192.15
 10
1072.15
 20
192.15
 10
1071.9
 20
192.15
 10
1071.65
 20
192.15
 10
1071.4
 20
192.15
 10
1071.15
 20
192.15
 10
1070.9
 20
192.15
 10
1070.65
 20
192.15
 10
1070.4
 20
192.15
 10
1070.15
 20
192.15
 10
1069.9
 20
192.15
 10
1069.65
 20
192.15
 10
1069.4
 20
192.15
 10
1069.15
 20
192.15
 10
1068.9
 20
192.15
 10
1068.65
 20
192.15
 10
1068.4
 20
192.15
 10
1068.15
 20
192.15
 10
1067.9
 20
192.15
 10
1067.65
 20
192.15
 10
1067.4
 20
192.15
 10
1067.15
 20
192.15
 10
1066.9
 20
192.15
 10
1066.65
 20
192.15
 10
1066.4
 20
192.15
 10
1066.15
 20
192.15
 10
1065.9
 20
192.15
 10
1065.65
 20
192.15
 10
1065.4
 20
192.15
 10
1065.15
 20
192.15
 10
1064.9
 20
192.15
 10
1064.65
 20
192.15
 10
1064.4
 20
192.15
 10
1064.15
 20
192.15
 10
1063.9
 20
192.15
 10
1063.65
 20
192.15
 10
1063.4
 20
192.15
 10
1063.15
 20
192.15
 10
1062.9
 20
192.15
 10
1062.65
 20
192.15
 10
1062.4
 20
192.15
 10
1062.15
 20
192.15
 10
1061.9
 20
192.15
 10
1061.65
 20
192.15
 10
1061.4
 20
192.15
 10
1061.15
 20
192.15
 10
1060.9
 20
192.15
 10
1060.65
 20
192.15
 10
1060.4
 20
192.15
 10
1060.15
 20
192.15
 10
1059.9
 20
192.15
 10
1059.65
 20
192.15
 10
1059.4
 20
192.15
 10
1059.15
 20
192.15
 10
1058.9
 20
192.15
 10
1058.65
 20
192.15
 10
1058.4
 20
192.15
 10
1058.15
 20
192.15
 10
1057.9
 20
192.15
 10
1057.65
 20
192.15
 10
1057.4
 20
192.15
 10
1057.15
 20
192.15
 10
1056.9
 20
192.15
 10
1056.65
 20
192.15
 10
1056.4
 20
192.15
 10
1056.15
 20
192.15
 10
1055.9
 20
192.15
 10
1055.65
 20
192.15
 10
1055.4
 20
192.15
 10
1055.15
 20
192.15
 10
1054.9
 20
192.15
 10
1054.65
 20
192.15
 10
1054.4
 20
192.15
 10
1054.15
 20
192.15
 10
1053.9
 20
192.15
 10
1053.65
 20
192.15
 10
1053.4
 20
192.15
 10
1053.15
 20
192.15
 10
1052.9
 20
192.15
 10
1052.65
 20
192.15
 10
1052.4
 20
192.15
 10
1052.15
 20
192.15
 10
1051.9
 20
192.15
 10
1051.65
 20
192.15
 10
1051.4
 20
192.15
 10
1051.15
 20
192.15
 10
1050.9
 20
192.15
 10
1050.65
 20
192.15
 10
1050.4
 20
192.15
 10
1050.15
 20
192.15
 10
1049.9
 20
192.15
 10
1049.65
 20
192.15
 10
1049.4
 20
192.15
 10
1049.15
 20
192.15
 10
1048.9
 20
192.15
 10
1048.65
 20
192.15
 10
1048.4
 20
192.15
 10
1048.15
 20
192.15
 10
1047.9
 20
192.15
 10
1047.65
 20
192.15
 10
1047.4
 20
192.15
 10
1047.15
 20
192.15
 10
1046.9
 20
192.15
 10
1046.65
 20
192.15
 10
1046.4
 20
192.15
 10
1046.15
 20
192.15
 10
1045.9
 20
192.15
 10
1045.65
 20
192.15
 10
1045.4
 20
192.15
 10
1045.15
 20
192.15
 10
1044.9
 20
192.15
 10
1044.65
 20
192.15
 10
1044.4
 20
192.15
 10
1044.15
 20
192.15
 10
1043.9
 20
192.15
 10
1043.65
 20
192.15
 10
1043.4
 20
192.15
 10
1043.15
 20
192.15
 10
1042.9
 20
192.15
 10
1042.65
 20
192.15
 10
1042.4
 20
192.15
 10
1042.15
 20
192.15
 10
1041.9
 20
192.15
 10
1041.65
 20
192.15
 10
1041.4
 20
192.15
 10
1041.15
 20
192.15
 10
1040.9
 20
192.15
 10
1040.65
 20
192.15
 10
1040.4
 20
192.15
 10
1040.15
 20
192.15
 10
1039.9
 20
192.15
 10
1039.65
 20
192.15
 10
1039.4
 20
192.15
 10
1039.15
 20
192.15
 10
1038.9
 20
192.15
 10
1038.65
 20
192.15
 10
1038.4
 20
192.15
 10
1038.15
 20
192.15
 10
1037.9
 20
192.15
 10
1037.65
 20
192.15
 10
1037.4
 20
192.15
 10
1037.15
 20
192.15
 10
1036.9
 20
192.15
 10
1036.65
 20
192.15
 10
1036.4
 20
192.15
 10
1036.15
 20
192.15
 10
1035.9
 20
192.15
 10
1035.65
 20
192.15
 10
1035.4
 20
192.15
 10
1035.15
 20
192.15
 10
1034.9
 20
192.15
 10
1034.65
 20
192.15
 10
1034.4
 20
192.15
 10
1034.15
 20
192.15
 10
1033.9
 20
192.15
 10
1033.65
 20
192.15
 10
1033.4
 20
192.15
 10
1033.15
 20
192.15
 10
1032.9
 20
192.15
 10
1032.65
 20
192.15
 10
1032.4
 20
192.15
 10
1032.15
 20
192.15
 10
1031.9
 20
192.15
 10
1031.65
 20
192.15
 10
1031.4
 20
192.15
 10
1031.15
 20
192.15
 10
1030.9
 20
192.15
 10
1030.65
 20
192.15
 10
1030.4
 20
192.15
 10
1030.15
 20
192.15
 10
1029.9
 20
192.15
 10
1029.65
 20
192.15
 10
1029.4
 20
192.15
 10
1029.15
 20
192.15
 10
1028.9
 20
192.15
 10
1028.65
 20
192.15
 10
1028.4
 20
192.15
 10
1028.15
 20
192.15
 10
1027.9
 20
192.15
 10
1027.65
 20
192.15
 10
1027.4
 20
192.15
 10
1027.15
 20
192.15
 10
1026.9
 20
192.15
 10
1026.65
 20
192.15
 10
1026.4
 20
192.15
 10
1026.15
 20
192.15
 10
1025.9
 20
192.15
 10
1025.65
 20
192.15
 10
1025.4
 20
192.15
 10
1025.15
 20
192.15
 10
1024.9
 20
192.15
 10
1024.65
 20
192.15
 10
1024.4
 20
192.15
 10
1024.15
 20
192.15
 10
1023.9000000000001
 20
192.15
 10
1023.6500000000001
 20
192.15
 10
1023.4000000000001
 20
192.15
 10
1023.1500000000001
 20
192.15
 10
1022.9000000000001
 20
192.15
 10
1022.6500000000001
 20
192.15
 10
1022.4000000000001
 20
192.15
 10
1022.1500000000001
 20
192.15
 10
1021.9000000000001
 20
192.15
 10
1021.6500000000001
 20
192.15
 10
1021.4
 20
192.15
 10
1021.1500000000001
 20
192.15
 10
1020.9
 20
192.15
 10
1020.6500000000001
 20
192.15
 10
1020.4000000000001
 20
192.15
 10
1020.1500000000001
 20
192.15
 10
1019.9000000000001
 20
192.15
 10
1019.6500000000001
 20
192.15
 10
1019.4000000000001
 20
192.15
 10
1019.1500000000001
 20
192.15
 10
1018.9000000000001
 20
192.15
 10
1018.6500000000001
 20
192.15
 10
1018.4000000000001
 20
192.15
 10
1018.1500000000001
 20
192.15
 10
1017.9000000000001
 20
192.15
 10
1017.6500000000001
 20
192.15
 10
1017.4000000000001
 20
192.15
 10
1017.1500000000001
 20
192.15
 10
1016.9000000000001
 20
192.15
 10
1016.6500000000001
 20
192.15
 10
1016.4000000000001
 20
192.15
 10
1016.1500000000001
 20
192.15
 10
1015.9000000000001
 20
192.15
 10
1015.6500000000001
 20
192.15
 10
1015.4000000000001
 20
192.15
 10
1015.1500000000001
 20
192.15
 10
1014.9000000000001
 20
192.15
 10
1014.65
 20
192.15
 10
1014.4000000000001
 20
192.15
 10
1014.15
 20
192.15
 10
1013.9000000000001
 20
192.15
 10
1013.6500000000001
 20
192.15
 10
1013.4000000000001
 20
192.15
 10
1013.1500000000001
 20
192.15
 10
1012.9000000000001
 20
192.15
 10
1012.6500000000001
 20
192.15
 10
1012.4000000000001
 20
192.15
 10
1012.1500000000001
 20
192.15
 10
1011.9000000000001
 20
192.15
 10
1011.6500000000001
 20
192.15
 10
1011.4000000000001
 20
192.15
 10
1011.1500000000001
 20
192.15
 10
1010.9000000000001
 20
192.15
 10
1010.6500000000001
 20
192.15
 10
1010.4000000000001
 20
192.15
 10
1010.1500000000001
 20
192.15
 10
1009.9000000000001
 20
192.15
 10
1009.6500000000001
 20
192.15
 10
1009.4000000000001
 20
192.15
 10
1009.1500000000001
 20
192.15
 10
1008.9000000000001
 20
192.15
 10
1008.6500000000001
 20
192.15
 10
1008.4
 20
192.15
 10
1008.1500000000001
 20
192.15
 10
1007.9
 20
192.15
 10
1007.6500000000001
 20
192.15
 10
1007.4
 20
192.15
 10
1007.1500000000001
 20
192.15
 10
1006.9000000000001
 20
192.15
 10
1006.6500000000001
 20
192.15
 10
1006.4000000000001
 20
192.15
 10
1006.1500000000001
 20
192.15
 10
1005.9000000000001
 20
192.15
 10
1005.6500000000001
 20
192.15
 10
1005.4000000000001
 20
192.15
 10
1005.1500000000001
 20
192.15
 10
1004.9000000000001
 20
192.15
 10
1004.6500000000001
 20
192.15
 10
1004.4000000000001
 20
192.15
 10
1004.1500000000001
 20
192.15
 10
1003.9000000000001
 20
192.15
 10
1003.6500000000001
 20
192.15
 10
1003.4000000000001
 20
192.15
 10
1003.1500000000001
 20
192.15
 10
1002.9000000000001
 20
192.15
 10
1002.6500000000001
 20
192.15
 10
1002.4000000000001
 20
192.15
 10
1002.1500000000001
 20
192.15
 10
1001.9000000000001
 20
192.15
 10
1001.65
 20
192.15
 10
1001.4000000000001
 20
192.15
 10
1001.15
 20
192.15
 10
1000.9000000000001
 20
192.15
 10
1000.6500000000001
 20
192.15
 10
1000.4000000000001
 20
192.15
 10
1000.1500000000001
 20
192.15
 10
999.9000000000001
 20
192.15
 10
999.6500000000001
 20
192.15
 10
999.4000000000001
 20
192.15
 10
999.1500000000001
 20
192.15
 10
998.9000000000001
 20
192.15
 10
998.6500000000001
 20
192.15
 10
998.4000000000001
 20
192.15
 10
998.1500000000001
 20
192.15
 10
997.9000000000001
 20
192.15
 10
997.6500000000001
 20
192.15
 10
997.4000000000001
 20
192.15
 10
997.1500000000001
 20
192.15
 10
996.9000000000001
 20
192.15
 10
996.6500000000001
 20
192.15
 10
996.4000000000001
 20
192.15
 10
996.1500000000001
 20
192.15
 10
995.9000000000001
 20
192.15
 10
995.6500000000001
 20
192.15
 10
995.4000000000001
 20
192.15
 10
995.1500000000001
 20
192.15
 10
994.9
 20
192.15
 10
994.6500000000001
 20
192.15
 10
994.4
 20
192.15
 10
994.1500000000001
 20
192.15
 10
994.1500000000001
 20
191.89999999999998
 10
994.1500000000001
 20
191.64999999999998
 10
994.1500000000001
 20
191.39999999999998
 10
994.1500000000001
 20
191.14999999999998
 10
994.1500000000001
 20
190.89999999999998
 10
994.1500000000001
 20
190.64999999999998
 10
994.1500000000001
 20
190.39999999999998
 10
994.1500000000001
 20
190.14999999999998
 10
994.1500000000001
 20
189.89999999999998
 10
994.1500000000001
 20
189.64999999999998
 10
994.1500000000001
 20
189.39999999999998
 10
994.1500000000001
 20
189.14999999999998
 10
994.1500000000001
 20
188.89999999999998
 10
994.1500000000001
 20
188.64999999999998
 10
994.1500000000001
 20
188.39999999999998
 10
994.1500000000001
 20
188.14999999999998
 10
994.1500000000001
 20
187.89999999999998
 10
994.1500000000001
 20
187.64999999999998
 10
994.1500000000001
 20
187.39999999999998
 10
994.1500000000001
 20
187.14999999999998
 10
994.1500000000001
 20
186.89999999999998
 10
994.1500000000001
 20
186.64999999999998
 10
994.1500000000001
 20
186.39999999999998
 10
994.1500000000001
 20
186.14999999999998
 10
994.1500000000001
 20
185.89999999999998
 10
994.1500000000001
 20
185.64999999999998
 10
994.1500000000001
 20
185.39999999999998
 10
994.1500000000001
 20
185.14999999999998
 10
994.1500000000001
 20
184.89999999999998
 10
994.1500000000001
 20
184.64999999999998
 10
994.1500000000001
 20
184.39999999999998
 10
994.1500000000001
 20
184.14999999999998
 10
994.1500000000001
 20
183.89999999999998
 10
994.1500000000001
 20
183.64999999999998
 10
994.1500000000001
 20
183.39999999999998
 10
994.1500000000001
 20
183.14999999999998
 10
994.1500000000001
 20
182.89999999999998
 10
994.1500000000001
 20
182.64999999999998
 10
994.1500000000001
 20
182.39999999999998
 10
994.1500000000001
 20
182.14999999999998
 10
994.1500000000001
 20
181.89999999999998
 10
994.1500000000001
 20
181.64999999999998
 10
994.1500000000001
 20
181.39999999999998
 10
994.1500000000001
 20
181.14999999999998
 10
994.1500000000001
 20
180.89999999999998
 10
994.1500000000001
 20
180.64999999999998
 10
994.1500000000001
 20
180.39999999999998
 10
994.1500000000001
 20
180.14999999999998
 10
994.1500000000001
 20
179.89999999999998
 10
994.1500000000001
 20
179.64999999999998
 10
994.1500000000001
 20
179.39999999999998
 10
994.1500000000001
 20
179.14999999999998
 10
994.1500000000001
 20
178.89999999999998
 10
994.1500000000001
 20
178.64999999999998
 10
994.1500000000001
 20
178.39999999999998
 10
994.1500000000001
 20
178.14999999999998
 10
994.1500000000001
 20
177.89999999999998
 10
994.1500000000001
 20
177.64999999999998
 10
994.1500000000001
 20
177.39999999999998
 10
994.1500000000001
 20
177.14999999999998
 10
994.1500000000001
 20
176.89999999999998
 10
994.1500000000001
 20
176.64999999999998
 10
994.1500000000001
 20
176.39999999999998
 10
994.1500000000001
 20
176.14999999999998
 10
994.1500000000001
 20
175.89999999999998
 10
994.1500000000001
 20
175.64999999999998
 10
994.1500000000001
 20
175.39999999999998
 10
994.1500000000001
 20
175.14999999999998
 10
994.1500000000001
 20
174.89999999999998
 10
994.1500000000001
 20
174.64999999999998
 10
994.1500000000001
 20
174.39999999999998
 10
994.1500000000001
 20
174.14999999999998
 10
994.1500000000001
 20
173.89999999999998
 10
994.1500000000001
 20
173.64999999999998
 10
994.1500000000001
 20
173.39999999999998
 10
994.1500000000001
 20
173.14999999999998
 10
994.1500000000001
 20
172.89999999999998
 10
994.1500000000001
 20
172.64999999999998
 10
994.1500000000001
 20
172.39999999999998
 10
994.1500000000001
 20
172.14999999999998
 10
994.1500000000001
 20
171.89999999999998
 10
994.1500000000001
 20
171.64999999999998
 10
994.1500000000001
 20
171.39999999999998
 10
994.1500000000001
 20
171.14999999999998
 10
994.1500000000001
 20
170.89999999999998
 10
994.1500000000001
 20
170.64999999999998
 10
994.1500000000001
 20
170.39999999999998
 10
994.1500000000001
 20
170.14999999999998
 10
994.1500000000001
 20
169.89999999999998
 10
994.1500000000001
 20
169.64999999999998
 10
994.1500000000001
 20
169.39999999999998
 10
994.1500000000001
 20
169.14999999999998
 10
994.1500000000001
 20
168.89999999999998
 10
994.1500000000001
 20
168.64999999999998
 10
994.1500000000001
 20
168.39999999999998
 10
994.1500000000001
 20
168.14999999999998
 10
994.1500000000001
 20
167.89999999999998
 10
994.1500000000001
 20
167.64999999999998
 10
994.1500000000001
 20
167.39999999999998
 10
994.1500000000001
 20
167.14999999999998
 10
994.1500000000001
 20
166.89999999999998
 10
994.1500000000001
 20
166.64999999999998
 10
994.1500000000001
 20
166.39999999999998
 10
994.1500000000001
 20
166.14999999999998
 10
994.1500000000001
 20
165.89999999999998
 10
994.1500000000001
 20
165.64999999999998
 10
994.1500000000001
 20
165.39999999999998
 10
994.1500000000001
 20
165.14999999999998
 10
994.1500000000001
 20
164.89999999999998
 10
994.1500000000001
 20
164.64999999999998
 10
994.1500000000001
 20
164.39999999999998
 10
994.1500000000001
 20
164.14999999999998
 10
994.1500000000001
 20
163.89999999999998
 10
994.1500000000001
 20
163.64999999999998
 10
994.1500000000001
 20
163.39999999999998
 10
994.1500000000001
 20
163.14999999999998
 10
994.1500000000001
 20
162.89999999999998
 10
994.1500000000001
 20
162.64999999999998
 10
994.1500000000001
 20
162.39999999999998
 10
994.1500000000001
 20
162.14999999999998
 10
994.1500000000001
 20
161.89999999999998
 10
994.1500000000001
 20
161.64999999999998
 10
994.1500000000001
 20
161.39999999999998
 10
994.1500000000001
 20
161.14999999999998
 10
994.1500000000001
 20
160.89999999999998
 10
994.1500000000001
 20
160.65000000000003
 10
994.1500000000001
 20
160.39999999999998
 10
994.1500000000001
 20
160.14999999999998
 10
994.1500000000001
 20
159.89999999999998
 10
994.1500000000001
 20
159.64999999999998
 10
994.1500000000001
 20
159.39999999999998
 10
994.1500000000001
 20
159.14999999999998
 10
994.1500000000001
 20
158.89999999999998
 10
994.1500000000001
 20
158.64999999999998
 10
994.1500000000001
 20
158.39999999999998
 10
994.1500000000001
 20
158.14999999999998
 10
994.1500000000001
 20
157.89999999999998
 10
994.1500000000001
 20
157.64999999999998
 10
994.1500000000001
 20
157.40000000000003
 10
994.1500000000001
 20
157.14999999999998
 10
994.1500000000001
 20
156.89999999999998
 10
994.1500000000001
 20
156.64999999999998
 10
994.1500000000001
 20
156.39999999999998
 10
994.1500000000001
 20
156.14999999999998
 10
994.1500000000001
 20
155.89999999999998
 10
994.1500000000001
 20
155.64999999999998
 10
994.1500000000001
 20
155.39999999999998
 10
994.1500000000001
 20
155.14999999999998
 10
994.1500000000001
 20
154.89999999999998
 10
994.1500000000001
 20
154.64999999999998
 10
994.1500000000001
 20
154.39999999999998
 10
994.1500000000001
 20
154.15000000000003
 10
994.1500000000001
 20
153.89999999999998
 10
994.1500000000001
 20
153.64999999999998
 10
994.1500000000001
 20
153.39999999999998
 10
994.1500000000001
 20
153.14999999999998
 10
994.1500000000001
 20
152.89999999999998
 10
994.1500000000001
 20
152.64999999999998
 10
994.1500000000001
 20
152.39999999999998
 10
994.1500000000001
 20
152.14999999999998
 10
994.1500000000001
 20
151.89999999999998
 10
994.1500000000001
 20
151.64999999999998
 10
994.1500000000001
 20
151.39999999999998
 10
994.1500000000001
 20
151.14999999999998
 10
994.1500000000001
 20
150.90000000000003
 10
994.1500000000001
 20
150.64999999999998
 10
994.1500000000001
 20
150.39999999999998
 10
994.1500000000001
 20
150.14999999999998
 10
994.1500000000001
 20
149.89999999999998
 10
994.1500000000001
 20
149.64999999999998
 10
994.1500000000001
 20
149.39999999999998
 10
994.1500000000001
 20
149.14999999999998
 10
994.1500000000001
 20
148.89999999999998
 10
994.1500000000001
 20
148.64999999999998
 10
994.1500000000001
 20
148.39999999999998
 10
994.1500000000001
 20
148.14999999999998
 10
994.1500000000001
 20
147.89999999999998
 10
994.1500000000001
 20
147.65000000000003
 10
994.1500000000001
 20
147.39999999999998
 10
994.1500000000001
 20
147.14999999999998
 10
994.1500000000001
 20
146.89999999999998
 10
994.1500000000001
 20
146.64999999999998
 10
994.1500000000001
 20
146.39999999999998
 10
994.1500000000001
 20
146.14999999999998
 10
994.1500000000001
 20
145.89999999999998
 10
994.1500000000001
 20
145.64999999999998
 10
994.1500000000001
 20
145.39999999999998
 10
994.1500000000001
 20
145.14999999999998
 10
994.1500000000001
 20
144.9
 10
994.1500000000001
 20
144.64999999999998
 10
994.1500000000001
 20
144.40000000000003
 10
994.1500000000001
 20
144.15000000000003
 10
994.1500000000001
 20
143.9
 10
994.1500000000001
 20
143.65
 10
994.1500000000001
 20
143.4
 10
994.1500000000001
 20
143.15
 10
994.1500000000001
 20
142.9
 10
994.1500000000001
 20
142.65
 10
994.1500000000001
 20
142.4
 10
994.1500000000001
 20
142.15
 10
994.1500000000001
 20
141.9
 10
994.1500000000001
 20
141.65
 10
994.1500000000001
 20
141.39999999999998
 10
994.1500000000001
 20
141.14999999999998
 10
994.1500000000001
 20
140.90000000000003
 10
994.1500000000001
 20
140.65
 10
994.1500000000001
 20
140.4
 10
994.1500000000001
 20
140.15
 10
994.1500000000001
 20
139.9
 10
994.1500000000001
 20
139.65
 10
994.1500000000001
 20
139.4
 10
994.1500000000001
 20
139.15
 10
994.1500000000001
 20
138.9
 10
994.1500000000001
 20
138.65
 10
994.1500000000001
 20
138.4
 10
994.1500000000001
 20
138.15
 10
994.1500000000001
 20
137.89999999999998
 10
994.1500000000001
 20
137.65000000000003
 10
994.1500000000001
 20
137.4
 10
994.1500000000001
 20
137.15
 10
994.1500000000001
 20
136.9
 10
994.1500000000001
 20
136.65
 10
994.1500000000001
 20
136.4
 10
994.1500000000001
 20
136.15
 10
994.1500000000001
 20
135.9
 10
994.1500000000001
 20
135.65
 10
994.1500000000001
 20
135.4
 10
994.1500000000001
 20
135.15
 10
994.1500000000001
 20
134.9
 10
994.1500000000001
 20
134.64999999999998
 10
994.1500000000001
 20
134.40000000000003
 10
994.1500000000001
 20
134.15
 10
994.1500000000001
 20
133.9
 10
994.1500000000001
 20
133.65
 10
994.1500000000001
 20
133.4
 10
994.1500000000001
 20
133.15
 10
994.1500000000001
 20
132.9
 10
994.1500000000001
 20
132.65
 10
994.1500000000001
 20
132.4
 10
994.1500000000001
 20
132.15
 10
994.1500000000001
 20
131.9
 10
994.1500000000001
 20
131.65
 10
994.1500000000001
 20
131.39999999999998
 10
994.1500000000001
 20
131.15000000000003
 10
994.1500000000001
 20
130.9
 10
994.1500000000001
 20
130.65
 10
994.1500000000001
 20
130.4
 10
994.1500000000001
 20
130.14999999999998
 10
994.1500000000001
 20
129.89999999999998
 10
994.1500000000001
 20
129.64999999999998
 10
994.1500000000001
 20
129.40000000000003
 10
994.1500000000001
 20
129.15000000000003
 10
994.1500000000001
 20
128.9
 10
994.1500000000001
 20
128.65
 10
994.1500000000001
 20
128.4
 10
994.1500000000001
 20
128.14999999999998
 10
994.1500000000001
 20
127.90000000000002
 10
994.1500000000001
 20
127.65
 10
994.1500000000001
 20
127.4
 10
994.1500000000001
 20
127.15
 10
994.1500000000001
 20
126.9
 10
994.1500000000001
 20
126.65
 10
994.1500000000001
 20
126.4
 10
994.1500000000001
 20
126.15
 10
994.1500000000001
 20
125.9
 10
994.1500000000001
 20
125.65
 10
994.1500000000001
 20
125.4
 10
994.1500000000001
 20
125.15
 10
994.1500000000001
 20
124.89999999999999
 10
994.1500000000001
 20
124.65000000000002
 10
994.1500000000001
 20
124.40000000000002
 10
994.1500000000001
 20
124.15
 10
994.1500000000001
 20
123.9
 10
994.1500000000001
 20
123.65
 10
994.1500000000001
 20
123.39999999999998
 10
994.1500000000001
 20
123.14999999999998
 10
994.1500000000001
 20
122.90000000000003
 10
994.1500000000001
 20
122.65000000000003
 10
994.1500000000001
 20
122.4
 10
994.1500000000001
 20
122.15
 10
994.1500000000001
 20
121.9
 10
994.1500000000001
 20
121.64999999999999
 10
994.1500000000001
 20
121.39999999999999
 10
994.1500000000001
 20
121.15000000000002
 10
994.1500000000001
 20
120.9
 10
994.1500000000001
 20
120.65
 10
994.1500000000001
 20
120.4
 10
994.1500000000001
 20
120.15
 10
994.1500000000001
 20
119.9
 10
994.1500000000001
 20
119.65
 10
994.1500000000001
 20
119.4
 10
994.1500000000001
 20
119.15
 10
994.1500000000001
 20
118.9
 10
994.1500000000001
 20
118.65
 10
994.1500000000001
 20
118.4
 10
994.1500000000001
 20
118.14999999999999
 10
994.1500000000001
 20
117.90000000000002
 10
994.1500000000001
 20
117.65
 10
994.1500000000001
 20
117.4
 10
994.1500000000001
 20
117.15
 10
994.1500000000001
 20
116.89999999999998
 10
994.1500000000001
 20
116.64999999999998
 10
994.1500000000001
 20
116.40000000000003
 10
994.1500000000001
 20
116.15000000000003
 10
994.1500000000001
 20
115.90000000000003
 10
994.1500000000001
 20
115.65
 10
994.1500000000001
 20
115.4
 10
994.1500000000001
 20
115.15
 10
994.1500000000001
 20
114.89999999999999
 10
994.1500000000001
 20
114.65000000000002
 10
994.1500000000001
 20
114.4
 10
994.1500000000001
 20
114.15
 10
994.1500000000001
 20
113.9
 10
994.1500000000001
 20
113.65
 10
994.1500000000001
 20
113.4
 10
994.1500000000001
 20
113.15
 10
994.1500000000001
 20
112.9
 10
994.1500000000001
 20
112.65
 10
994.1500000000001
 20
112.4
 10
994.1500000000001
 20
112.15
 10
994.1500000000001
 20
111.9
 10
994.1500000000001
 20
111.65
 10
994.1500000000001
 20
111.4
 10
994.1500000000001
 20
111.15
 10
994.1500000000001
 20
110.9
 10
994.1500000000001
 20
110.65
 10
994.1500000000001
 20
110.39999999999998
 10
994.1500000000001
 20
110.14999999999998
 10
994.1500000000001
 20
109.89999999999998
 10
994.1500000000001
 20
109.65000000000003
 10
994.1500000000001
 20
109.40000000000003
 10
994.1500000000001
 20
109.15
 10
994.1500000000001
 20
108.9
 10
994.1500000000001
 20
108.65
 10
994.1500000000001
 20
108.4
 10
994.1500000000001
 20
108.15
 10
994.1500000000001
 20
107.9
 10
994.1500000000001
 20
107.65
 10
994.1500000000001
 20
107.4
 10
994.1500000000001
 20
107.15
 10
994.1500000000001
 20
106.9
 10
994.1500000000001
 20
106.65
 10
994.1500000000001
 20
106.4
 10
994.1500000000001
 20
106.15
 10
994.1500000000001
 20
105.9
 10
994.1500000000001
 20
105.65
 10
994.1500000000001
 20
105.4
 10
994.1500000000001
 20
105.15
 10
994.1500000000001
 20
104.9
 10
994.1500000000001
 20
104.65
 10
994.1500000000001
 20
104.4
 10
994.1500000000001
 20
104.15
 10
994.1500000000001
 20
103.9
 10
994.1500000000001
 20
103.64999999999998
 10
994.1500000000001
 20
103.39999999999998
 10
994.1500000000001
 20
103.15000000000003
 10
994.1500000000001
 20
102.90000000000003
 10
994.1500000000001
 20
102.65
 10
994.1500000000001
 20
102.4
 10
994.1500000000001
 20
102.15
 10
994.1500000000001
 20
101.9
 10
994.1500000000001
 20
101.65
 10
994.1500000000001
 20
101.4
 10
994.1500000000001
 20
101.15
 10
994.1500000000001
 20
100.9
 10
994.1500000000001
 20
100.65
 10
994.1500000000001
 20
100.4
 10
994.1500000000001
 20
100.15
 10
994.1500000000001
 20
99.9
 10
994.1500000000001
 20
99.65
 10
994.1500000000001
 20
99.4
 10
994.1500000000001
 20
99.15
 10
994.1500000000001
 20
98.9
 10
994.1500000000001
 20
98.65
 10
994.1500000000001
 20
98.4
 10
994.1500000000001
 20
98.15
 10
994.1500000000001
 20
97.9
 10
994.1500000000001
 20
97.64999999999999
 10
994.1500000000001
 20
97.40000000000002
 10
994.1500000000001
 20
97.14999999999996
 10
994.1500000000001
 20
96.89999999999998
 10
994.1500000000001
 20
96.65000000000003
 10
994.1500000000001
 20
96.40000000000002
 10
994.1500000000001
 20
96.15000000000005
 10
994.1500000000001
 20
95.89999999999999
 10
994.1500000000001
 20
95.65
 10
994.1500000000001
 20
95.4
 10
994.1500000000001
 20
95.15
 10
994.1500000000001
 20
94.9
 10
994.1500000000001
 20
94.65
 10
994.1500000000001
 20
94.4
 10
994.1500000000001
 20
94.15000000000002
 10
994.1500000000001
 20
93.9
 10
994.1500000000001
 20
93.65
 10
994.1500000000001
 20
93.4
 10
994.1500000000001
 20
93.15
 10
994.1500000000001
 20
92.9
 10
994.1500000000001
 20
92.64999999999999
 10
994.1500000000001
 20
92.4
 10
994.1500000000001
 20
92.15
 10
994.1500000000001
 20
91.9
 10
994.1500000000001
 20
91.65
 10
994.1500000000001
 20
91.4
 10
994.1500000000001
 20
91.15
 10
994.1500000000001
 20
90.90000000000002
 10
994.1500000000001
 20
90.64999999999996
 10
994.1500000000001
 20
90.39999999999999
 10
994.1500000000001
 20
90.14999999999998
 10
994.1500000000001
 20
89.90000000000003
 10
994.1500000000001
 20
89.65000000000005
 10
994.1500000000001
 20
89.39999999999999
 10
994.1500000000001
 20
89.15000000000002
 10
994.1500000000001
 20
88.9
 10
994.1500000000001
 20
88.65
 10
994.1500000000001
 20
88.4
 10
994.1500000000001
 20
88.15
 10
994.1500000000001
 20
87.9
 10
994.1500000000001
 20
87.64999999999999
 10
994.1500000000001
 20
87.4
 10
994.1500000000001
 20
87.15
 10
994.1500000000001
 20
86.9
 10
994.1500000000001
 20
86.65
 10
994.1500000000001
 20
86.4
 10
994.1500000000001
 20
86.15
 10
994.1500000000001
 20
85.90000000000002
 10
994.1500000000001
 20
85.65
 10
994.1500000000001
 20
85.4
 10
994.1500000000001
 20
85.15
 10
994.1500000000001
 20
84.9
 10
994.1500000000001
 20
84.65
 10
994.1500000000001
 20
84.39999999999999
 10
994.1500000000001
 20
84.15
 10
994.1500000000001
 20
83.89999999999999
 10
994.1500000000001
 20
83.64999999999998
 10
994.1500000000001
 20
83.40000000000003
 10
994.1500000000001
 20
83.15000000000002
 10
994.1500000000001
 20
82.9
 10
994.1500000000001
 20
82.65000000000002
 10
994.1500000000001
 20
82.4
 10
994.1500000000001
 20
82.15
 10
994.1500000000001
 20
81.9
 10
994.1500000000001
 20
81.65
 10
994.1500000000001
 20
81.4
 10
994.1500000000001
 20
81.14999999999999
 10
994.1500000000001
 20
80.9
 10
994.1500000000001
 20
80.65
 10
994.1500000000001
 20
80.4
 10
994.1500000000001
 20
80.15
 10
994.1500000000001
 20
79.9
 10
994.1500000000001
 20
79.65
 10
994.1500000000001
 20
79.4
 10
994.1500000000001
 20
79.15
 10
994.1500000000001
 20
78.9
 10
994.1500000000001
 20
78.65
 10
994.1500000000001
 20
78.4
 10
994.1500000000001
 20
78.15
 10
994.1500000000001
 20
77.9
 10
994.1500000000001
 20
77.65
 10
994.1500000000001
 20
77.39999999999998
 10
994.1500000000001
 20
77.14999999999998
 10
994.1500000000001
 20
76.90000000000003
 10
994.1500000000001
 20
76.65000000000003
 10
994.1500000000001
 20
76.40000000000003
 10
994.1500000000001
 20
76.15
 10
994.1500000000001
 20
75.9
 10
994.1500000000001
 20
75.65
 10
994.1500000000001
 20
75.4
 10
994.1500000000001
 20
75.15
 10
994.1500000000001
 20
74.9
 10
994.1500000000001
 20
74.65
 10
994.1500000000001
 20
74.4
 10
994.1500000000001
 20
74.15
 10
994.1500000000001
 20
73.9
 10
994.1500000000001
 20
73.65
 10
994.1500000000001
 20
73.4
 10
994.1500000000001
 20
73.15
 10
994.1500000000001
 20
72.9
 10
994.1500000000001
 20
72.65
 10
994.1500000000001
 20
72.4
 10
994.1500000000001
 20
72.15
 10
994.1500000000001
 20
71.9
 10
994.1500000000001
 20
71.65
 10
994.1500000000001
 20
71.4
 10
994.1500000000001
 20
71.15
 10
994.1500000000001
 20
70.89999999999998
 10
994.1500000000001
 20
70.64999999999998
 10
994.1500000000001
 20
70.39999999999998
 10
994.1500000000001
 20
70.15000000000003
 10
994.1500000000001
 20
69.90000000000003
 10
994.1500000000001
 20
69.65
 10
994.1500000000001
 20
69.4
 10
994.1500000000001
 20
69.15
 10
994.1500000000001
 20
68.9
 10
994.1500000000001
 20
68.65
 10
994.1500000000001
 20
68.4
 10
994.1500000000001
 20
68.15
 10
994.1500000000001
 20
67.9
 10
994.1500000000001
 20
67.65
 10
994.1500000000001
 20
67.4
 10
994.1500000000001
 20
67.15
 10
994.1500000000001
 20
66.9
 10
994.1500000000001
 20
66.65
 10
994.1500000000001
 20
66.4
 10
994.1500000000001
 20
66.15
 10
994.1500000000001
 20
65.9
 10
994.1500000000001
 20
65.65
 10
994.1500000000001
 20
65.4
 10
994.1500000000001
 20
65.15
 10
994.1500000000001
 20
64.9
 10
994.1500000000001
 20
64.65
 10
994.1500000000001
 20
64.4
 10
994.1500000000001
 20
64.14999999999998
 10
994.1500000000001
 20
63.89999999999998
 10
994.1500000000001
 20
63.650000000000034
 10
994.1500000000001
 20
63.400000000000034
 10
994.1500000000001
 20
63.150000000000006
 10
994.1500000000001
 20
62.900000000000006
 10
994.1500000000001
 20
62.650000000000006
 10
994.1500000000001
 20
62.400000000000006
 10
994.1500000000001
 20
62.150000000000006
 10
994.1500000000001
 20
61.900000000000006
 10
994.1500000000001
 20
61.650000000000006
 10
994.1500000000001
 20
61.400000000000006
 10
994.1500000000001
 20
61.150000000000006
 10
994.1500000000001
 20
60.900000000000006
 10
994.1500000000001
 20
60.650000000000006
 10
994.1500000000001
 20
60.400000000000006
 10
994.1500000000001
 20
60.150000000000006
 10
994.1500000000001
 20
59.900000000000006
 10
994.1500000000001
 20
59.650000000000006
 10
994.1500000000001
 20
59.400000000000006
 10
994.1500000000001
 20
59.150000000000006
 10
994.1500000000001
 20
58.900000000000006
 10
994.1500000000001
 20
58.650000000000006
 10
994.1500000000001
 20
58.400000000000006
 10
994.1500000000001
 20
58.150000000000006
 10
994.1500000000001
 20
57.900000000000006
 10
994.1500000000001
 20
57.64999999999998
 10
994.1500000000001
 20
57.39999999999998
 10
994.1500000000001
 20
57.150000000000034
 10
994.1500000000001
 20
56.900000000000034
 10
994.1500000000001
 20
56.650000000000034
 10
994.1500000000001
 20
56.400000000000006
 10
994.1500000000001
 20
56.150000000000006
 10
994.1500000000001
 20
55.900000000000006
 10
994.1500000000001
 20
55.650000000000006
 10
994.1500000000001
 20
55.400000000000006
 10
994.1500000000001
 20
55.150000000000006
 10
994.1500000000001
 20
54.900000000000006
 10
994.1500000000001
 20
54.650000000000006
 10
994.1500000000001
 20
54.400000000000006
 10
994.1500000000001
 20
54.150000000000006
 10
994.1500000000001
 20
53.900000000000006
 10
994.1500000000001
 20
53.650000000000006
 10
994.1500000000001
 20
53.400000000000006
 10
994.1500000000001
 20
53.150000000000006
 10
994.1500000000001
 20
52.900000000000006
 10
994.1500000000001
 20
52.650000000000006
 10
994.1500000000001
 20
52.400000000000006
 10
994.1500000000001
 20
52.150000000000006
 10
994.1500000000001
 20
51.900000000000006
 10
994.1500000000001
 20
51.650000000000006
 10
994.1500000000001
 20
51.400000000000006
 10
994.1500000000001
 20
51.14999999999998
 10
994.1500000000001
 20
50.89999999999998
 10
994.1500000000001
 20
50.64999999999998
 10
994.1500000000001
 20
50.400000000000034
 10
994.1500000000001
 20
50.150000000000034
 10
994.1500000000001
 20
49.900000000000006
 10
994.1500000000001
 20
49.650000000000006
 10
994.1500000000001
 20
49.400000000000006
 10
994.1500000000001
 20
49.150000000000006
 10
994.1500000000001
 20
48.900000000000006
 10
994.1500000000001
 20
48.650000000000006
 10
994.1500000000001
 20
48.400000000000006
 10
994.1500000000001
 20
48.150000000000006
 10
994.1500000000001
 20
47.900000000000006
 10
994.1500000000001
 20
47.650000000000006
 10
994.1500000000001
 20
47.400000000000006
 10
994.1500000000001
 20
47.150000000000006
 10
994.1500000000001
 20
46.900000000000006
 10
994.1500000000001
 20
46.650000000000006
 10
994.1500000000001
 20
46.400000000000006
 10
994.1500000000001
 20
46.150000000000006
 10
994.1500000000001
 20
45.900000000000006
 10
994.1500000000001
 20
45.650000000000006
 10
994.1500000000001
 20
45.400000000000006
 10
994.1500000000001
 20
45.150000000000006
 10
994.1500000000001
 20
44.900000000000006
 10
994.1500000000001
 20
44.650000000000006
 10
994.1500000000001
 20
44.39999999999998
 10
994.1500000000001
 20
44.14999999999998
 10
994.1500000000001
 20
43.900000000000034
 10
994.1500000000001
 20
43.650000000000034
 10
994.1500000000001
 20
43.400000000000006
 10
994.1500000000001
 20
43.150000000000006
 10
994.1500000000001
 20
42.900000000000006
 10
994.1500000000001
 20
42.650000000000006
 10
994.1500000000001
 20
42.400000000000006
 10
994.1500000000001
 20
42.150000000000006
 10
994.1500000000001
 20
41.900000000000006
 10
994.1500000000001
 20
41.650000000000006
 10
994.1500000000001
 20
41.400000000000006
 10
994.1500000000001
 20
41.150000000000006
 10
994.1500000000001
 20
40.900000000000006
 10
994.1500000000001
 20
40.650000000000006
 10
994.1500000000001
 20
40.400000000000006
 10
994.1500000000001
 20
40.150000000000006
 10
994.1500000000001
 20
39.900000000000006
 10
994.1500000000001
 20
39.650000000000006
 10
994.1500000000001
 20
39.400000000000006
 10
994.1500000000001
 20
39.150000000000006
 10
994.1500000000001
 20
38.900000000000006
 10
994.1500000000001
 20
38.650000000000006
 10
994.1500000000001
 20
38.400000000000006
 10
994.1500000000001
 20
38.150000000000006
 10
994.1500000000001
 20
37.89999999999998
 10
994.1500000000001
 20
37.64999999999998
 10
994.1500000000001
 20
37.400000000000034
 10
994.1500000000001
 20
37.150000000000034
 10
994.1500000000001
 20
36.900000000000034
 10
994.1500000000001
 20
36.650000000000006
 10
994.1500000000001
 20
36.400000000000006
 10
994.1500000000001
 20
36.150000000000006
 10
994.1500000000001
 20
35.900000000000006
 10
994.1500000000001
 20
35.650000000000006
 10
994.1500000000001
 20
35.400000000000006
 10
994.1500000000001
 20
35.150000000000006
 10
994.1500000000001
 20
34.900000000000006
 10
994.1500000000001
 20
34.650000000000006
 10
994.1500000000001
 20
34.400000000000006
 10
994.1500000000001
 20
34.150000000000006
 10
994.4000000000001
 20
34.150000000000006
 10
994.6500000000001
 20
34.150000000000006
 10
994.9000000000001
 20
34.150000000000006
 10
995.1500000000001
 20
34.150000000000006
 10
995.4000000000001
 20
34.150000000000006
 10
995.6500000000001
 20
34.150000000000006
 10
995.9000000000001
 20
34.150000000000006
 10
996.1500000000001
 20
34.150000000000006
 10
996.4000000000001
 20
34.150000000000006
 10
996.6500000000001
 20
34.150000000000006
 10
996.9000000000001
 20
34.150000000000006
 10
997.1500000000001
 20
34.150000000000006
 10
997.4000000000001
 20
34.150000000000006
 10
997.6500000000001
 20
34.150000000000006
 10
997.9000000000001
 20
34.150000000000006
 10
998.1500000000001
 20
34.150000000000006
 10
998.4000000000001
 20
34.150000000000006
 10
998.6500000000001
 20
34.150000000000006
 10
998.9000000000001
 20
34.150000000000006
 10
999.1500000000001
 20
34.150000000000006
 10
999.4000000000001
 20
34.150000000000006
 10
999.6500000000001
 20
34.150000000000006
 10
999.9000000000001
 20
34.150000000000006
 10
1000.1500000000001
 20
34.150000000000006
 10
1000.4000000000001
 20
34.150000000000006
 10
1000.6500000000001
 20
34.150000000000006
 10
1000.9000000000001
 20
34.150000000000006
 10
1001.1500000000001
 20
34.150000000000006
 10
1001.4000000000001
 20
34.150000000000006
 10
1001.6500000000001
 20
34.150000000000006
 10
1001.9000000000001
 20
34.150000000000006
 10
1002.1500000000001
 20
34.150000000000006
 10
1002.4000000000001
 20
34.150000000000006
 10
1002.6500000000001
 20
34.150000000000006
 10
1002.9000000000001
 20
34.150000000000006
 10
1003.1500000000001
 20
34.150000000000006
 10
1003.4000000000001
 20
34.150000000000006
 10
1003.6500000000001
 20
34.150000000000006
 10
1003.9000000000001
 20
34.150000000000006
 10
1004.1500000000001
 20
34.150000000000006
 10
1004.4000000000001
 20
34.150000000000006
 10
1004.6500000000001
 20
34.150000000000006
 10
1004.9000000000001
 20
34.150000000000006
 10
1005.1500000000001
 20
34.150000000000006
 10
1005.4000000000001
 20
34.150000000000006
 10
1005.6500000000001
 20
34.150000000000006
 10
1005.9000000000001
 20
34.150000000000006
 10
1006.1500000000001
 20
34.150000000000006
 10
1006.4000000000001
 20
34.150000000000006
 10
1006.6500000000001
 20
34.150000000000006
 10
1006.9000000000001
 20
34.150000000000006
 10
1007.1500000000001
 20
34.150000000000006
 10
1007.4000000000001
 20
34.150000000000006
 10
1007.6500000000001
 20
34.150000000000006
 10
1007.9000000000001
 20
34.150000000000006
 10
1008.1500000000001
 20
34.150000000000006
 10
1008.4000000000001
 20
34.150000000000006
 10
1008.6500000000001
 20
34.150000000000006
 10
1008.9000000000001
 20
34.150000000000006
 10
1009.1500000000001
 20
34.150000000000006
 10
1009.4000000000001
 20
34.150000000000006
 10
1009.6500000000001
 20
34.150000000000006
 10
1009.9000000000001
 20
34.150000000000006
 10
1010.1500000000001
 20
34.150000000000006
 10
1010.4000000000001
 20
34.150000000000006
 10
1010.6500000000001
 20
34.150000000000006
 10
1010.9000000000001
 20
34.150000000000006
 10
1011.1500000000001
 20
34.150000000000006
 10
1011.4000000000001
 20
34.150000000000006
 10
1011.6500000000001
 20
34.150000000000006
 10
1011.9000000000001
 20
34.150000000000006
 10
1012.1500000000001
 20
34.150000000000006
 10
1012.4000000000001
 20
34.150000000000006
 10
1012.6500000000001
 20
34.150000000000006
 10
1012.9000000000001
 20
34.150000000000006
 10
1013.1500000000001
 20
34.150000000000006
 10
1013.4000000000001
 20
34.150000000000006
 10
1013.6500000000001
 20
34.150000000000006
 10
1013.9000000000001
 20
34.150000000000006
 10
1014.1500000000001
 20
34.150000000000006
 10
1014.4000000000001
 20
34.150000000000006
 10
1014.6500000000001
 20
34.150000000000006
 10
1014.9000000000001
 20
34.150000000000006
 10
1015.1500000000001
 20
34.150000000000006
 10
1015.4000000000001
 20
34.150000000000006
 10
1015.6500000000001
 20
34.150000000000006
 10
1015.9000000000001
 20
34.150000000000006
 10
1016.1500000000001
 20
34.150000000000006
 10
1016.4000000000001
 20
34.150000000000006
 10
1016.6500000000001
 20
34.150000000000006
 10
1016.9000000000001
 20
34.150000000000006
 10
1017.1500000000001
 20
34.150000000000006
 10
1017.4000000000001
 20
34.150000000000006
 10
1017.6500000000001
 20
34.150000000000006
 10
1017.9000000000001
 20
34.150000000000006
 10
1018.1500000000001
 20
34.150000000000006
 10
1018.4000000000001
 20
34.150000000000006
 10
1018.6500000000001
 20
34.150000000000006
 10
1018.9000000000001
 20
34.150000000000006
 10
1019.1500000000001
 20
34.150000000000006
 10
1019.4000000000001
 20
34.150000000000006
 10
1019.6500000000001
 20
34.150000000000006
 10
1019.9000000000001
 20
34.150000000000006
 10
1020.1500000000001
 20
34.150000000000006
 10
1020.4000000000001
 20
34.150000000000006
 10
1020.6500000000001
 20
34.150000000000006
 10
1020.9000000000001
 20
34.150000000000006
 10
1021.1500000000001
 20
34.150000000000006
 10
1021.4000000000001
 20
34.150000000000006
 10
1021.6500000000001
 20
34.150000000000006
 10
1021.9000000000001
 20
34.150000000000006
 10
1022.1500000000001
 20
34.150000000000006
 10
1022.4000000000001
 20
34.150000000000006
 10
1022.6500000000001
 20
34.150000000000006
 10
1022.9000000000001
 20
34.150000000000006
 10
1023.1500000000001
 20
34.150000000000006
 10
1023.4000000000001
 20
34.150000000000006
 10
1023.6500000000001
 20
34.150000000000006
 10
1023.9000000000001
 20
34.150000000000006
 10
1024.15
 20
34.150000000000006
 10
1024.4
 20
34.150000000000006
 10
1024.65
 20
34.150000000000006
 10
1024.9
 20
34.150000000000006
 10
1025.15
 20
34.150000000000006
 10
1025.4
 20
34.150000000000006
 10
1025.65
 20
34.150000000000006
 10
1025.9
 20
34.150000000000006
 10
1026.15
 20
34.150000000000006
 10
1026.4
 20
34.150000000000006
 10
1026.65
 20
34.150000000000006
 10
1026.9
 20
34.150000000000006
 10
1027.15
 20
34.150000000000006
 10
1027.4
 20
34.150000000000006
 10
1027.65
 20
34.150000000000006
 10
1027.9
 20
34.150000000000006
 10
1028.15
 20
34.150000000000006
 10
1028.4
 20
34.150000000000006
 10
1028.65
 20
34.150000000000006
 10
1028.9
 20
34.150000000000006
 10
1029.15
 20
34.150000000000006
 10
1029.4
 20
34.150000000000006
 10
1029.65
 20
34.150000000000006
 10
1029.9
 20
34.150000000000006
 10
1030.15
 20
34.150000000000006
 10
1030.4
 20
34.150000000000006
 10
1030.65
 20
34.150000000000006
 10
1030.9
 20
34.150000000000006
 10
1031.15
 20
34.150000000000006
 10
1031.4
 20
34.150000000000006
 10
1031.65
 20
34.150000000000006
 10
1031.9
 20
34.150000000000006
 10
1032.15
 20
34.150000000000006
 10
1032.4
 20
34.150000000000006
 10
1032.65
 20
34.150000000000006
 10
1032.9
 20
34.150000000000006
 10
1033.15
 20
34.150000000000006
 10
1033.4
 20
34.150000000000006
 10
1033.65
 20
34.150000000000006
 10
1033.9
 20
34.150000000000006
 10
1034.15
 20
34.150000000000006
 10
1034.4
 20
34.150000000000006
 10
1034.65
 20
34.150000000000006
 10
1034.9
 20
34.150000000000006
 10
1035.15
 20
34.150000000000006
 10
1035.4
 20
34.150000000000006
 10
1035.65
 20
34.150000000000006
 10
1035.9
 20
34.150000000000006
 10
1036.15
 20
34.150000000000006
 10
1036.4
 20
34.150000000000006
 10
1036.65
 20
34.150000000000006
 10
1036.9
 20
34.150000000000006
 10
1037.15
 20
34.150000000000006
 10
1037.4
 20
34.150000000000006
 10
1037.65
 20
34.150000000000006
 10
1037.9
 20
34.150000000000006
 10
1038.15
 20
34.150000000000006
 10
1038.4
 20
34.150000000000006
 10
1038.65
 20
34.150000000000006
 10
1038.9
 20
34.150000000000006
 10
1039.15
 20
34.150000000000006
 10
1039.4
 20
34.150000000000006
 10
1039.65
 20
34.150000000000006
 10
1039.9
 20
34.150000000000006
 10
1040.15
 20
34.150000000000006
 10
1040.4
 20
34.150000000000006
 10
1040.65
 20
34.150000000000006
 10
1040.9
 20
34.150000000000006
 10
1041.15
 20
34.150000000000006
 10
1041.4
 20
34.150000000000006
 10
1041.65
 20
34.150000000000006
 10
1041.9
 20
34.150000000000006
 10
1042.15
 20
34.150000000000006
 10
1042.4
 20
34.150000000000006
 10
1042.65
 20
34.150000000000006
 10
1042.9
 20
34.150000000000006
 10
1043.15
 20
34.150000000000006
 10
1043.4
 20
34.150000000000006
 10
1043.65
 20
34.150000000000006
 10
1043.9
 20
34.150000000000006
 10
1044.15
 20
34.150000000000006
 10
1044.4
 20
34.150000000000006
 10
1044.65
 20
34.150000000000006
 10
1044.9
 20
34.150000000000006
 10
1045.15
 20
34.150000000000006
 10
1045.4
 20
34.150000000000006
 10
1045.65
 20
34.150000000000006
 10
1045.9
 20
34.150000000000006
 10
1046.15
 20
34.150000000000006
 10
1046.4
 20
34.150000000000006
 10
1046.65
 20
34.150000000000006
 10
1046.9
 20
34.150000000000006
 10
1047.15
 20
34.150000000000006
 10
1047.4
 20
34.150000000000006
 10
1047.65
 20
34.150000000000006
 10
1047.9
 20
34.150000000000006
 10
1048.15
 20
34.150000000000006
 10
1048.4
 20
34.150000000000006
 10
1048.65
 20
34.150000000000006
 10
1048.9
 20
34.150000000000006
 10
1049.15
 20
34.150000000000006
 10
1049.4
 20
34.150000000000006
 10
1049.65
 20
34.150000000000006
 10
1049.9
 20
34.150000000000006
 10
1050.15
 20
34.150000000000006
 10
1050.4
 20
34.150000000000006
 10
1050.65
 20
34.150000000000006
 10
1050.9
 20
34.150000000000006
 10
1051.15
 20
34.150000000000006
 10
1051.4
 20
34.150000000000006
 10
1051.65
 20
34.150000000000006
 10
1051.9
 20
34.150000000000006
 10
1052.15
 20
34.150000000000006
 10
1052.4
 20
34.150000000000006
 10
1052.65
 20
34.150000000000006
 10
1052.9
 20
34.150000000000006
 10
1053.15
 20
34.150000000000006
 10
1053.4
 20
34.150000000000006
 10
1053.65
 20
34.150000000000006
 10
1053.9
 20
34.150000000000006
 10
1054.15
 20
34.150000000000006
 10
1054.4
 20
34.150000000000006
 10
1054.65
 20
34.150000000000006
 10
1054.9
 20
34.150000000000006
 10
1055.15
 20
34.150000000000006
 10
1055.4
 20
34.150000000000006
 10
1055.65
 20
34.150000000000006
 10
1055.9
 20
34.150000000000006
 10
1056.15
 20
34.150000000000006
 10
1056.4
 20
34.150000000000006
 10
1056.65
 20
34.150000000000006
 10
1056.9
 20
34.150000000000006
 10
1057.15
 20
34.150000000000006
 10
1057.4
 20
34.150000000000006
 10
1057.65
 20
34.150000000000006
 10
1057.9
 20
34.150000000000006
 10
1058.15
 20
34.150000000000006
 10
1058.4
 20
34.150000000000006
 10
1058.65
 20
34.150000000000006
 10
1058.9
 20
34.150000000000006
 10
1059.15
 20
34.150000000000006
 10
1059.4
 20
34.150000000000006
 10
1059.65
 20
34.150000000000006
 10
1059.9
 20
34.150000000000006
 10
1060.15
 20
34.150000000000006
 10
1060.4
 20
34.150000000000006
 10
1060.65
 20
34.150000000000006
 10
1060.9
 20
34.150000000000006
 10
1061.15
 20
34.150000000000006
 10
1061.4
 20
34.150000000000006
 10
1061.65
 20
34.150000000000006
 10
1061.9
 20
34.150000000000006
 10
1062.15
 20
34.150000000000006
 10
1062.4
 20
34.150000000000006
 10
1062.65
 20
34.150000000000006
 10
1062.9
 20
34.150000000000006
 10
1063.15
 20
34.150000000000006
 10
1063.4
 20
34.150000000000006
 10
1063.65
 20
34.150000000000006
 10
1063.9
 20
34.150000000000006
 10
1064.15
 20
34.150000000000006
 10
1064.4
 20
34.150000000000006
 10
1064.65
 20
34.150000000000006
 10
1064.9
 20
34.150000000000006
 10
1065.15
 20
34.150000000000006
 10
1065.4
 20
34.150000000000006
 10
1065.65
 20
34.150000000000006
 10
1065.9
 20
34.150000000000006
 10
1066.15
 20
34.150000000000006
 10
1066.4
 20
34.150000000000006
 10
1066.65
 20
34.150000000000006
 10
1066.9
 20
34.150000000000006
 10
1067.15
 20
34.150000000000006
 10
1067.4
 20
34.150000000000006
 10
1067.65
 20
34.150000000000006
 10
1067.9
 20
34.150000000000006
 10
1068.15
 20
34.150000000000006
 10
1068.4
 20
34.150000000000006
 10
1068.65
 20
34.150000000000006
 10
1068.9
 20
34.150000000000006
 10
1069.15
 20
34.150000000000006
 10
1069.4
 20
34.150000000000006
 10
1069.65
 20
34.150000000000006
 10
1069.9
 20
34.150000000000006
 10
1070.15
 20
34.150000000000006
 10
1070.4
 20
34.150000000000006
 10
1070.65
 20
34.150000000000006
 10
1070.9
 20
34.150000000000006
 10
1071.15
 20
34.150000000000006
 10
1071.4
 20
34.150000000000006
 10
1071.65
 20
34.150000000000006
 10
1071.9
 20
34.150000000000006
 10
1072.15
 20
34.150000000000006
 10
1072.4
 20
34.150000000000006
 10
1072.65
 20
34.150000000000006
 10
1072.9
 20
34.150000000000006
 10
1073.15
 20
34.150000000000006
 10
1073.4
 20
34.150000000000006
 10
1073.65
 20
34.150000000000006
 10
1073.9
 20
34.150000000000006
 10
1074.15
 20
34.150000000000006
 10
1074.4
 20
34.150000000000006
 10
1074.65
 20
34.150000000000006
 10
1074.9
 20
34.150000000000006
 10
1075.15
 20
34.150000000000006
 10
1075.4
 20
34.150000000000006
 10
1075.65
 20
34.150000000000006
 10
1075.9
 20
34.150000000000006
 10
1076.15
 20
34.150000000000006
 10
1076.4
 20
34.150000000000006
 10
1076.65
 20
34.150000000000006
 10
1076.9
 20
34.150000000000006
 10
1077.15
 20
34.150000000000006
 10
1077.4
 20
34.150000000000006
 10
1077.65
 20
34.150000000000006
 10
1077.9
 20
34.150000000000006
 10
1078.15
 20
34.150000000000006
 10
1078.4
 20
34.150000000000006
 10
1078.65
 20
34.150000000000006
 10
1078.9
 20
34.150000000000006
 10
1079.15
 20
34.150000000000006
 10
1079.4
 20
34.150000000000006
 10
1079.65
 20
34.150000000000006
 10
1079.9
 20
34.150000000000006
 10
1080.15
 20
34.150000000000006
 10
1080.4
 20
34.150000000000006
 10
1080.65
 20
34.150000000000006
 10
1080.9
 20
34.150000000000006
 10
1081.15
 20
34.150000000000006
 10
1081.4
 20
34.150000000000006
 10
1081.65
 20
34.150000000000006
 10
1081.9
 20
34.150000000000006
 10
1082.15
 20
34.150000000000006
 10
1082.4
 20
34.150000000000006
 10
1082.65
 20
34.150000000000006
 10
1082.9
 20
34.150000000000006
 10
1083.15
 20
34.150000000000006
 10
1083.4
 20
34.150000000000006
 10
1083.65
 20
34.150000000000006
 10
1083.9
 20
34.150000000000006
 10
1084.15
 20
34.150000000000006
 10
1084.4
 20
34.150000000000006
 10
1084.65
 20
34.150000000000006
 10
1084.9
 20
34.150000000000006
 10
1085.15
 20
34.150000000000006
 10
1085.4
 20
34.150000000000006
 10
1085.65
 20
34.150000000000006
 10
1085.9
 20
34.150000000000006
 10
1086.15
 20
34.150000000000006
 10
1086.4
 20
34.150000000000006
 10
1086.65
 20
34.150000000000006
 10
1086.9
 20
34.150000000000006
 10
1087.15
 20
34.150000000000006
 10
1087.4
 20
34.150000000000006
 10
1087.65
 20
34.150000000000006
 10
1087.9
 20
34.150000000000006
 10
1088.15
 20
34.150000000000006
 10
1088.4
 20
34.150000000000006
 10
1088.65
 20
34.150000000000006
 10
1088.9
 20
34.150000000000006
 10
1089.15
 20
34.150000000000006
 10
1089.4
 20
34.150000000000006
 10
1089.65
 20
34.150000000000006
 10
1089.9
 20
34.150000000000006
 10
1090.15
 20
34.150000000000006
 10
1090.4
 20
34.150000000000006
 10
1090.65
 20
34.150000000000006
 10
1090.9
 20
34.150000000000006
 10
1091.15
 20
34.150000000000006
 10
1091.4
 20
34.150000000000006
 10
1091.65
 20
34.150000000000006
 10
1091.9
 20
34.150000000000006
 10
1092.15
 20
34.150000000000006
 10
1092.4
 20
34.150000000000006
 10
1092.65
 20
34.150000000000006
 10
1092.9
 20
34.150000000000006
 10
1093.15
 20
34.150000000000006
 10
1093.4
 20
34.150000000000006
 10
1093.65
 20
34.150000000000006
 10
1093.9
 20
34.150000000000006
 10
1094.15
 20
34.150000000000006
 10
1094.4
 20
34.150000000000006
 10
1094.65
 20
34.150000000000006
 10
1094.9
 20
34.150000000000006
 10
1095.15
 20
34.150000000000006
 10
1095.4
 20
34.150000000000006
 10
1095.65
 20
34.150000000000006
 10
1095.9
 20
34.150000000000006
 10
1096.15
 20
34.150000000000006
 10
1096.4
 20
34.150000000000006
 10
1096.65
 20
34.150000000000006
 10
1096.9
 20
34.150000000000006
 10
1097.15
 20
34.150000000000006
 10
1097.4
 20
34.150000000000006
 10
1097.65
 20
34.150000000000006
 10
1097.9
 20
34.150000000000006
 10
1098.15
 20
34.150000000000006
 10
1098.4
 20
34.150000000000006
 10
1098.65
 20
34.150000000000006
 10
1098.9
 20
34.150000000000006
 10
1099.15
 20
34.150000000000006
 10
1099.4
 20
34.150000000000006
 10
1099.65
 20
34.150000000000006
 10
1099.9
 20
34.150000000000006
 10
1100.15
 20
34.150000000000006
 10
1100.4
 20
34.150000000000006
 10
1100.65
 20
34.150000000000006
 10
1100.9
 20
34.150000000000006
 10
1101.15
 20
34.150000000000006
 10
1101.4
 20
34.150000000000006
 10
1101.65
 20
34.150000000000006
 10
1101.9
 20
34.150000000000006
 10
1102.15
 20
34.150000000000006
 10
1102.4
 20
34.150000000000006
 10
1102.65
 20
34.150000000000006
 10
1102.9
 20
34.150000000000006
 10
1103.15
 20
34.150000000000006
 10
1103.4
 20
34.150000000000006
 10
1103.65
 20
34.150000000000006
 10
1103.9
 20
34.150000000000006
 10
1104.15
 20
34.150000000000006
 10
1104.4
 20
34.150000000000006
 10
1104.65
 20
34.150000000000006
 10
1104.9
 20
34.150000000000006
 10
1105.15
 20
34.150000000000006
 10
1105.4
 20
34.150000000000006
 10
1105.65
 20
34.150000000000006
 10
1105.9
 20
34.150000000000006
 10
1106.15
 20
34.150000000000006
 10
1106.4
 20
34.150000000000006
 10
1106.65
 20
34.150000000000006
 10
1106.9
 20
34.150000000000006
 10
1107.15
 20
34.150000000000006
 10
1107.4
 20
34.150000000000006
 10
1107.65
 20
34.150000000000006
 10
1107.9
 20
34.150000000000006
 10
1108.15
 20
34.150000000000006
 10
1108.4
 20
34.150000000000006
 10
1108.65
 20
34.150000000000006
 10
1108.9
 20
34.150000000000006
 10
1109.15
 20
34.150000000000006
 10
1109.4
 20
34.150000000000006
 10
1109.65
 20
34.150000000000006
 10
1109.9
 20
34.150000000000006
 10
1110.15
 20
34.150000000000006
 10
1110.4
 20
34.150000000000006
 10
1110.65
 20
34.150000000000006
 10
1110.9
 20
34.150000000000006
 10
1111.15
 20
34.150000000000006
 10
1111.4
 20
34.150000000000006
 10
1111.65
 20
34.150000000000006
 10
1111.9
 20
34.150000000000006
 10
1112.15
 20
34.150000000000006
 10
1112.4
 20
34.150000000000006
 10
1112.65
 20
34.150000000000006
 10
1112.9
 20
34.150000000000006
 10
1113.15
 20
34.150000000000006
 10
1113.4
 20
34.150000000000006
 10
1113.65
 20
34.150000000000006
 10
1113.9
 20
34.150000000000006
 10
1114.15
 20
34.150000000000006
 10
1114.4
 20
34.150000000000006
 10
1114.65
 20
34.150000000000006
 10
1114.9
 20
34.150000000000006
 10
1115.15
 20
34.150000000000006
 10
1115.4
 20
34.150000000000006
 10
1115.65
 20
34.150000000000006
 10
1115.9
 20
34.150000000000006
 10
1116.15
 20
34.150000000000006
 10
1116.4
 20
34.150000000000006
 10
1116.65
 20
34.150000000000006
 10
1116.9
 20
34.150000000000006
 10
1117.15
 20
34.150000000000006
 10
1117.4
 20
34.150000000000006
 10
1117.65
 20
34.150000000000006
 10
1117.9
 20
34.150000000000006
 10
1118.15
 20
34.150000000000006
 10
1118.4
 20
34.150000000000006
 10
1118.65
 20
34.150000000000006
 10
1118.9
 20
34.150000000000006
 10
1119.15
 20
34.150000000000006
 10
1119.4
 20
34.150000000000006
 10
1119.65
 20
34.150000000000006
 10
1119.9
 20
34.150000000000006
 10
1120.15
 20
34.150000000000006
 10
1120.4
 20
34.150000000000006
 10
1120.65
 20
34.150000000000006
 10
1120.9
 20
34.150000000000006
 10
1121.15
 20
34.150000000000006
 10
1121.4
 20
34.150000000000006
 10
1121.65
 20
34.150000000000006
 10
1121.9
 20
34.150000000000006
 10
1122.15
 20
34.150000000000006
 10
1122.4
 20
34.150000000000006
 10
1122.65
 20
34.150000000000006
 10
1122.9
 20
34.150000000000006
 10
1123.15
 20
34.150000000000006
 10
1123.4
 20
34.150000000000006
 10
1123.65
 20
34.150000000000006
 10
1123.9
 20
34.150000000000006
 10
1124.15
 20
34.150000000000006
 10
1124.4
 20
34.150000000000006
 10
1124.65
 20
34.150000000000006
 10
1124.9
 20
34.150000000000006
 10
1125.15
 20
34.150000000000006
 10
1125.4
 20
34.150000000000006
 10
1125.65
 20
34.150000000000006
 10
1125.9
 20
34.150000000000006
 10
1126.15
 20
34.150000000000006
 10
1126.4
 20
34.150000000000006
 10
1126.65
 20
34.150000000000006
 10
1126.9
 20
34.150000000000006
 10
1127.15
 20
34.150000000000006
 10
1127.4
 20
34.150000000000006
 10
1127.65
 20
34.150000000000006
 10
1127.9
 20
34.150000000000006
 10
1128.15
 20
34.150000000000006
 10
1128.4
 20
34.150000000000006
 10
1128.65
 20
34.150000000000006
 10
1128.9
 20
34.150000000000006
 10
1129.15
 20
34.150000000000006
 10
1129.4
 20
34.150000000000006
 10
1129.65
 20
34.150000000000006
 10
1129.9
 20
34.150000000000006
 10
1130.15
 20
34.150000000000006
 10
1130.4
 20
34.150000000000006
 10
1130.65
 20
34.150000000000006
 10
1130.9
 20
34.150000000000006
 10
1131.15
 20
34.150000000000006
 10
1131.4
 20
34.150000000000006
 10
1131.65
 20
34.150000000000006
 10
1131.9
 20
34.150000000000006
 10
1132.15
 20
34.150000000000006
 10
1132.4
 20
34.150000000000006
 10
1132.65
 20
34.150000000000006
 10
1132.9
 20
34.150000000000006
 10
1133.15
 20
34.150000000000006
 10
1133.4
 20
34.150000000000006
 10
1133.65
 20
34.150000000000006
 10
1133.9
 20
34.150000000000006
 10
1134.15
 20
34.150000000000006
 10
1134.4
 20
34.150000000000006
 10
1134.65
 20
34.150000000000006
 10
1134.9
 20
34.150000000000006
 10
1135.15
 20
34.150000000000006
 10
1135.4
 20
34.150000000000006
 10
1135.65
 20
34.150000000000006
 10
1135.9
 20
34.150000000000006
 10
1136.15
 20
34.150000000000006
 10
1136.4
 20
34.150000000000006
 10
1136.65
 20
34.150000000000006
 10
1136.9
 20
34.150000000000006
 10
1137.15
 20
34.150000000000006
 10
1137.4
 20
34.150000000000006
 10
1137.65
 20
34.150000000000006
 10
1137.9
 20
34.150000000000006
 10
1138.15
 20
34.150000000000006
 10
1138.4
 20
34.150000000000006
 10
1138.65
 20
34.150000000000006
 10
1138.9
 20
34.150000000000006
 10
1139.15
 20
34.150000000000006
 10
1139.4
 20
34.150000000000006
 10
1139.65
 20
34.150000000000006
 10
1139.9
 20
34.150000000000006
 10
1140.15
 20
34.150000000000006
 10
1140.4
 20
34.150000000000006
 10
1140.65
 20
34.150000000000006
 10
1140.9
 20
34.150000000000006
 10
1141.15
 20
34.150000000000006
 10
1141.4
 20
34.150000000000006
 10
1141.65
 20
34.150000000000006
 10
1141.9
 20
34.150000000000006
 10
1142.15
 20
34.150000000000006
 10
1142.4
 20
34.150000000000006
 10
1142.65
 20
34.150000000000006
 10
1142.9
 20
34.150000000000006
 10
1143.15
 20
34.150000000000006
 10
1143.4
 20
34.150000000000006
 10
1143.65
 20
34.150000000000006
 10
1143.9
 20
34.150000000000006
 10
1144.15
 20
34.150000000000006
 10
1144.4
 20
34.150000000000006
 10
1144.65
 20
34.150000000000006
 10
1144.9
 20
34.150000000000006
 10
1145.15
 20
34.150000000000006
 10
1145.4
 20
34.150000000000006
 10
1145.65
 20
34.150000000000006
 10
1145.9
 20
34.150000000000006
 10
1146.15
 20
34.150000000000006
 10
1146.4
 20
34.150000000000006
 10
1146.65
 20
34.150000000000006
 10
1146.9
 20
34.150000000000006
 10
1147.15
 20
34.150000000000006
 10
1147.4
 20
34.150000000000006
 10
1147.65
 20
34.150000000000006
 10
1147.9
 20
34.150000000000006
 10
1148.15
 20
34.150000000000006
 10
1148.4
 20
34.150000000000006
 10
1148.65
 20
34.150000000000006
 10
1148.9
 20
34.150000000000006
 10
1149.15
 20
34.150000000000006
 10
1149.4
 20
34.150000000000006
 10
1149.65
 20
34.150000000000006
 10
1149.9
 20
34.150000000000006
 10
1150.15
 20
34.150000000000006
 10
1150.4
 20
34.150000000000006
 10
1150.65
 20
34.150000000000006
 10
1150.9
 20
34.150000000000006
 10
1151.15
 20
34.150000000000006
 10
1151.4
 20
34.150000000000006
 10
1151.65
 20
34.150000000000006
 10
1151.9
 20
34.150000000000006
  0
LWPOLYLINE
  5
9E
330
17
100
AcDbEntity
  8
REFERENCE_GEOMETRY
100
AcDbPolyline
 90
72
 70
1
 10
970.0000001371818
 20
6.000000000286799
 10
969.9847789295494
 20
6.348622971264749
 10
969.9392311492329
 20
6.694592710929252
 10
969.8637034423431
 20
7.035276180659219
 10
969.7587706203342
 20
7.368080573539704
 10
969.625231285342
 20
7.690473047188098
 10
969.464101752339
 20
8.000000000214039
 10
969.2766083143641
 20
8.294305745607517
 10
969.0641779096918
 20
8.571150438939418
 10
968.8284272619707
 20
8.82842712493009
 10
968.5711505759799
 20
9.064177772651238
 10
968.294305882648
 20
9.276608177323563
 10
968.0000001372546
 20
9.46410161529853
 10
967.6904731842286
 20
9.625231148301513
 10
967.3680807105802
 20
9.75877048329369
 10
967.0352763176998
 20
9.863703305302511
 10
966.6945928479698
 20
9.939231012192323
 10
966.3486231083053
 20
9.984778792508816
 10
966.0000001373273
 20
10.00000000014128
 10
965.6513771663493
 20
9.984778792508816
 10
965.3054074266848
 20
9.939231012192323
 10
964.9647239569549
 20
9.863703305302511
 10
964.6319195640745
 20
9.75877048329369
 10
964.3095270904261
 20
9.625231148301514
 10
964.0000001374001
 20
9.464101615298532
 10
963.7056943920066
 20
9.276608177323563
 10
963.4288496986748
 20
9.064177772651238
 10
963.171573012684
 20
8.82842712493009
 10
962.9358223649629
 20
8.57115043893942
 10
962.7233919602905
 20
8.294305745607517
 10
962.5358985223156
 20
8.00000000021404
 10
962.3747689893127
 20
7.690473047188098
 10
962.2412296543205
 20
7.368080573539704
 10
962.1362968323116
 20
7.035276180659218
 10
962.0607691254218
 20
6.694592710929251
 10
962.0152213451053
 20
6.348622971264749
 10
962.0000001374729
 20
6.0000000002868
 10
962.0152213451053
 20
5.6513770293088506
 10
962.0607691254218
 20
5.305407289644348
 10
962.1362968323116
 20
4.964723819914381
 10
962.2412296543205
 20
4.631919427033894
 10
962.3747689893127
 20
4.309526953385502
 10
962.5358985223156
 20
4.000000000359558
 10
962.7233919602905
 20
3.7056942549660823
 10
962.9358223649629
 20
3.4288495616341814
 10
963.171573012684
 20
3.171572875643507
 10
963.4288496986748
 20
2.9358222279223614
 10
963.7056943920066
 20
2.723391823250033
 10
964.0000001374001
 20
2.5358983852750683
 10
964.3095270904261
 20
2.3747688522720853
 10
964.6319195640745
 20
2.2412295172799084
 10
964.9647239569549
 20
2.1362966952710867
 10
965.3054074266848
 20
2.0607689883812754
 10
965.6513771663493
 20
2.015221208064782
 10
966.0000001373273
 20
2.000000000432318
 10
966.3486231083053
 20
2.015221208064782
 10
966.6945928479698
 20
2.060768988381275
 10
967.0352763176998
 20
2.1362966952710862
 10
967.3680807105802
 20
2.241229517279909
 10
967.6904731842286
 20
2.374768852272083
 10
968.0000001372546
 20
2.535898385275066
 10
968.294305882648
 20
2.7233918232500343
 10
968.5711505759799
 20
2.9358222279223605
 10
968.8284272619707
 20
3.171572875643506
 10
969.0641779096918
 20
3.4288495616341788
 10
969.2766083143641
 20
3.7056942549660796
 10
969.464101752339
 20
4.0000000003595595
 10
969.625231285342
 20
4.3095269533854985
 10
969.7587706203342
 20
4.631919427033895
 10
969.8637034423431
 20
4.964723819914379
 10
969.9392311492329
 20
5.3054072896443465
 10
969.9847789295494
 20
5.651377029308849
  0
LWPOLYLINE
  5
9F
330
17
100
AcDbEntity
  8
REFERENCE_GEOMETRY
100
AcDbPolyline
 90
72
 70
1
 10
970.0000000782611
 20
220.30000000943144
 10
969.9847788706285
 20
220.64862298041447
 10
969.9392310903113
 20
220.994592720084
 10
969.8637033834203
 20
221.33527618981893
 10
969.75877056141
 20
221.66808058270425
 10
969.6252312264158
 20
221.99047305635733
 10
969.4641016934106
 20
222.3000000093878
 10
969.2766082554328
 20
222.59430575478555
 10
969.0641778507575
 20
222.87115044812148
 10
968.8284272030329
 20
223.1284271341159
 10
968.5711505170384
 20
223.36417778184048
 10
968.2943058237025
 20
223.5766081865159
 10
968.0000000783048
 20
223.76410162449358
 10
967.6904731252744
 20
223.9252311574989
 10
967.3680806516212
 20
224.05877049249304
 10
967.035276258736
 20
224.16370331450338
 10
966.694592789001
 20
224.2392310213943
 10
966.3486230493314
 20
224.28477880171144
 10
966.0000000783484
 20
224.30000000934413
 10
965.6513771073654
 20
224.28477880171144
 10
965.3054073676958
 20
224.2392310213943
 10
964.9647238979609
 20
224.16370331450338
 10
964.6319195050756
 20
224.05877049249304
 10
964.3095270314225
 20
223.9252311574989
 10
964.0000000783921
 20
223.76410162449358
 10
963.7056943329943
 20
223.5766081865159
 10
963.4288496396584
 20
223.36417778184048
 10
963.1715729536639
 20
223.1284271341159
 10
962.9358223059394
 20
222.87115044812148
 10
962.723391901264
 20
222.59430575478555
 10
962.5358984632862
 20
222.3000000093878
 10
962.374768930281
 20
221.99047305635733
 10
962.2412295952869
 20
221.66808058270425
 10
962.1362967732765
 20
221.33527618981893
 10
962.0607690663855
 20
220.994592720084
 10
962.0152212860684
 20
220.64862298041447
 10
962.0000000784357
 20
220.30000000943144
 10
962.0152212860684
 20
219.9513770384484
 10
962.0607690663855
 20
219.60540729877889
 10
962.1362967732765
 20
219.26472382904396
 10
962.2412295952869
 20
218.93191943615864
 10
962.374768930281
 20
218.60952696250556
 10
962.5358984632862
 20
218.3000000094751
 10
962.723391901264
 20
218.00569426407733
 10
962.9358223059394
 20
217.7288495707414
 10
963.1715729536639
 20
217.471572884747
 10
963.4288496396584
 20
217.2358222370224
 10
963.7056943329943
 20
217.023391832347
 10
964.0000000783921
 20
216.8358983943693
 10
964.3095270314225
 20
216.674768861364
 10
964.6319195050756
 20
216.54122952636985
 10
964.9647238979609
 20
216.4362967043595
 10
965.3054073676958
 20
216.3607689974686
 10
965.6513771073654
 20
216.31522121715145
 10
966.0000000783484
 20
216.30000000951875
 10
966.3486230493314
 20
216.31522121715145
 10
966.694592789001
 20
216.3607689974686
 10
967.0352762587358
 20
216.4362967043595
 10
967.3680806516212
 20
216.54122952636985
 10
967.6904731252744
 20
216.674768861364
 10
968.0000000783048
 20
216.8358983943693
 10
968.2943058237025
 20
217.023391832347
 10
968.5711505170384
 20
217.2358222370224
 10
968.8284272030329
 20
217.471572884747
 10
969.0641778507575
 20
217.7288495707414
 10
969.2766082554328
 20
218.00569426407733
 10
969.4641016934106
 20
218.3000000094751
 10
969.6252312264158
 20
218.60952696250556
 10
969.75877056141
 20
218.93191943615864
 10
969.8637033834203
 20
219.26472382904396
 10
969.9392310903113
 20
219.60540729877889
 10
969.9847788706285
 20
219.9513770384484
  0
DIMENSION
  5
A0
330
17
100
AcDbEntity
  8
REFERENCE_DIMENSIONS
100
AcDbDimension
280
0
  2
*D5
  3
Standard
 10
960.0000000000001
 20
-20.0
 30
0.0
 11
1073.15
 21
-20.0
 31
0.0
 70
32
 71
5
  1
<>
100
AcDbAlignedDimension
 13
960.0000000000001
 23
0.0
 33
0.0
 14
1186.3000000000002
 24
0.0
 34
0.0
 50
0.0
100
AcDbRotatedDimension
1001
ACAD
1000
DSTYLE
1002
{
1070
140
1040
3.0
1070
41
1040
2.0
1070
271
1070
3
1002
}
  0
DIMENSION
  5
B0
330
17
100
AcDbEntity
  8
REFERENCE_DIMENSIONS
100
AcDbDimension
280
0
  2
*D6
  3
Standard
 10
1206.3000000000002
 20
0.0
 30
0.0
 11
1206.3000000000002
 21
113.15
 31
0.0
 70
32
 71
5
  1
<>
100
AcDbAlignedDimension
 13
1186.3000000000002
 23
0.0
 33
0.0
 14
1186.3000000000002
 24
226.3
 34
0.0
 50
90.0
100
AcDbRotatedDimension
1001
ACAD
1000
DSTYLE
1002
{
1070
140
1040
3.0
1070
41
1040
2.0
1070
271
1070
3
1002
}
  0
TEXT
  5
C0
330
17
100
AcDbEntity
  8
REFERENCE_NOTES
100
AcDbText
 10
960.0000000000001
 20
-42.0
 30
0.0
 40
3.0
  1
rear_launch_bulkhead
100
AcDbText
  0
TEXT
  5
C1
330
17
100
AcDbEntity
  8
REFERENCE_NOTES
100
AcDbText
 10
960.0000000000001
 20
-50.0
 30
0.0
 40
3.0
  1
WP03 R1 | mm | NOT_FOR_MANUFACTURE
100
AcDbText
  0
TEXT
  5
C2
330
17
100
AcDbEntity
  8
REFERENCE_NOTES
100
AcDbText
 10
960.0000000000001
 20
-58.0
 30
0.0
 40
3.0
  1
226.3 x 226.3 x 6 mm; inner window 158 square.
100
AcDbText
  0
TEXT
  5
C3
330
17
100
AcDbEntity
  8
REFERENCE_NOTES
100
AcDbText
 10
960.0000000000001
 20
-66.0
 30
0.0
 40
3.0
  1
4 x D8 clearance @ Y/Z +/-107.15.
100
AcDbText
  0
TEXT
  5
C4
330
17
100
AcDbEntity
  8
REFERENCE_NOTES
100
AcDbText
 10
960.0000000000001
 20
-74.0
 30
0.0
 40
3.0
  1
Datum A: front face X-183; rear face X-189.
100
AcDbText
  0
TEXT
  5
C5
330
17
100
AcDbEntity
  8
REFERENCE_NOTES
100
AcDbText
 10
960.0000000000001
 20
-82.0
 30
0.0
 40
3.0
  1
Existing end-frame fastener head access only.
100
AcDbText
  0
TEXT
  5
C6
330
17
100
AcDbEntity
  8
REFERENCE_NOTES
100
AcDbText
 10
960.0000000000001
 20
-90.0
 30
0.0
 40
3.0
  1
D120 x 20 reservation is NOT a provider bolt pattern.
100
AcDbText
  0
TEXT
  5
C7
330
17
100
AcDbEntity
  8
REFERENCE_NOTES
100
AcDbText
 10
960.0000000000001
 20
-98.0
 30
0.0
 40
3.0
  1
Attachment / separator / launch loads remain TBD.
100
AcDbText
  0
LWPOLYLINE
  5
C8
330
17
100
AcDbEntity
  8
REFERENCE_GEOMETRY
100
AcDbPolyline
 90
1795
 70
1
 10
0.0
 20
-327.70000000000005
 10
0.24991643454040968
 20
-327.70000000000005
 10
0.49983286908081936
 20
-327.70000000000005
 10
0.7497493036211722
 20
-327.70000000000005
 10
0.9996657381615819
 20
-327.70000000000005
 10
1.2495821727019347
 20
-327.70000000000005
 10
1.4994986072423444
 20
-327.70000000000005
 10
1.7494150417826972
 20
-327.70000000000005
 10
1.999331476323107
 20
-327.70000000000005
 10
2.2492479108635166
 20
-327.70000000000005
 10
2.4991643454039263
 20
-327.70000000000005
 10
2.749080779944336
 20
-327.70000000000005
 10
2.998997214484689
 20
-327.70000000000005
 10
3.2489136490250417
 20
-327.70000000000005
 10
3.4988300835654513
 20
-327.70000000000005
 10
3.748746518105861
 20
-327.70000000000005
 10
3.998662952646214
 20
-327.70000000000005
 10
4.2485793871866235
 20
-327.70000000000005
 10
4.498495821727033
 20
-327.70000000000005
 10
4.748412256267443
 20
-327.70000000000005
 10
4.998328690807796
 20
-327.70000000000005
 10
5.248245125348149
 20
-327.70000000000005
 10
5.498161559888558
 20
-327.70000000000005
 10
5.748077994428968
 20
-327.70000000000005
 10
5.997994428969378
 20
-327.70000000000005
 10
6.2479108635097305
 20
-327.70000000000005
 10
6.49782729805014
 20
-327.70000000000005
 10
6.74774373259055
 20
-327.70000000000005
 10
6.9976601671309595
 20
-327.70000000000005
 10
7.247576601671312
 20
-327.70000000000005
 10
7.497493036211665
 20
-327.70000000000005
 10
7.747409470752075
 20
-327.70000000000005
 10
7.9973259052924845
 20
-327.70000000000005
 10
8.247242339832894
 20
-327.70000000000005
 10
8.497158774373247
 20
-327.70000000000005
 10
8.747075208913657
 20
-327.70000000000005
 10
8.996991643454066
 20
-327.70000000000005
 10
9.24690807799442
 20
-327.70000000000005
 10
9.496824512534829
 20
-327.70000000000005
 10
9.746740947075182
 20
-327.70000000000005
 10
9.996657381615591
 20
-327.70000000000005
 10
10.246573816156001
 20
-327.70000000000005
 10
10.49649025069641
 20
-327.70000000000005
 10
10.746406685236764
 20
-327.70000000000005
 10
10.996323119777173
 20
-327.70000000000005
 10
11.246239554317526
 20
-327.70000000000005
 10
11.496155988857936
 20
-327.70000000000005
 10
11.746072423398346
 20
-327.70000000000005
 10
11.995988857938698
 20
-327.70000000000005
 10
12.245905292479108
 20
-327.70000000000005
 10
12.495821727019518
 20
-327.70000000000005
 10
12.745738161559927
 20
-327.70000000000005
 10
12.99565459610028
 20
-327.70000000000005
 10
13.245571030640633
 20
-327.70000000000005
 10
13.495487465181043
 20
-327.70000000000005
 10
13.745403899721452
 20
-327.70000000000005
 10
13.995320334261862
 20
-327.70000000000005
 10
14.245236768802215
 20
-327.70000000000005
 10
14.495153203342625
 20
-327.70000000000005
 10
14.745069637883034
 20
-327.70000000000005
 10
14.994986072423444
 20
-327.70000000000005
 10
15.24490250696374
 20
-327.70000000000005
 10
15.49481894150415
 20
-327.70000000000005
 10
15.74473537604456
 20
-327.70000000000005
 10
15.994651810584969
 20
-327.70000000000005
 10
16.24456824512538
 20
-327.70000000000005
 10
16.49448467966573
 20
-327.70000000000005
 10
16.74440111420614
 20
-327.70000000000005
 10
16.99431754874655
 20
-327.70000000000005
 10
17.244233983286904
 20
-327.70000000000005
 10
17.494150417827257
 20
-327.70000000000005
 10
17.744066852367666
 20
-327.70000000000005
 10
17.993983286908076
 20
-327.70000000000005
 10
18.243899721448486
 20
-327.70000000000005
 10
18.493816155988895
 20
-327.70000000000005
 10
18.74373259052925
 20
-327.70000000000005
 10
18.993649025069658
 20
-327.70000000000005
 10
19.24356545961001
 20
-327.70000000000005
 10
19.49348189415042
 20
-327.70000000000005
 10
19.743398328690773
 20
-327.70000000000005
 10
19.993314763231183
 20
-327.70000000000005
 10
20.243231197771593
 20
-327.70000000000005
 10
20.493147632312002
 20
-327.70000000000005
 10
20.743064066852412
 20
-327.70000000000005
 10
20.992980501392765
 20
-327.70000000000005
 10
21.242896935933118
 20
-327.70000000000005
 10
21.492813370473527
 20
-327.70000000000005
 10
21.742729805013937
 20
-327.70000000000005
 10
21.99264623955429
 20
-327.70000000000005
 10
22.0
 20
-327.9425626740947
 10
22.0
 20
-328.1924791086351
 10
22.0
 20
-328.4423955431755
 10
22.0
 20
-328.6923119777159
 10
22.0
 20
-328.9422284122562
 10
22.0
 20
-329.1921448467966
 10
22.0
 20
-329.44206128133703
 10
22.0
 20
-329.69197771587744
 10
22.0
 20
-329.94189415041785
 10
22.0
 20
-330.19181058495826
 10
22.0
 20
-330.44172701949867
 10
22.0
 20
-330.6916434540391
 10
22.0
 20
-330.9415598885794
 10
22.0
 20
-331.1914763231198
 10
22.0
 20
-331.4413927576602
 10
22.0
 20
-331.6913091922006
 10
22.0
 20
-331.941225626741
 10
22.0
 20
-332.1911420612813
 10
22.0
 20
-332.4410584958217
 10
22.0
 20
-332.69097493036213
 10
22.0
 20
-332.94089136490254
 10
22.0
 20
-333.19080779944295
 10
22.0
 20
-333.44072423398325
 10
22.0
 20
-333.69064066852366
 10
22.0
 20
-333.94055710306407
 10
22.0
 20
-334.1904735376045
 10
22.0
 20
-334.4403899721449
 10
22.0
 20
-334.6903064066853
 10
22.0
 20
-334.9402228412256
 10
22.0
 20
-335.190139275766
 10
22.0
 20
-335.4400557103064
 10
22.0
 20
-335.6899721448468
 10
22.0
 20
-335.93988857938723
 10
22.0
 20
-336.18980501392764
 10
22.0
 20
-336.43972144846805
 10
22.0
 20
-336.68963788300834
 10
22.0
 20
-336.93955431754875
 10
22.0
 20
-337.18947075208916
 10
22.0
 20
-337.4393871866296
 10
22.0
 20
-337.68930362117
 10
22.0
 20
-337.9392200557103
 10
22.0
 20
-338.1891364902507
 10
22.0
 20
-338.4390529247911
 10
22.0
 20
-338.6889693593315
 10
22.0
 20
-338.9388857938718
 10
22.0
 20
-339.1888022284122
 10
22.0
 20
-339.4387186629526
 10
22.0
 20
-339.68863509749303
 10
22.0
 20
-339.93855153203344
 10
22.0
 20
-340.18846796657385
 10
22.0
 20
-340.43838440111426
 10
22.0
 20
-340.6883008356547
 10
22.0
 20
-340.93821727019497
 10
22.0
 20
-341.1881337047354
 10
22.0
 20
-341.4380501392758
 10
22.0
 20
-341.6879665738162
 10
22.0
 20
-341.9378830083566
 10
22.0
 20
-342.187799442897
 10
22.0
 20
-342.4377158774373
 10
22.0
 20
-342.6876323119777
 10
22.0
 20
-342.93754874651813
 10
22.0
 20
-343.18746518105854
 10
22.0
 20
-343.43738161559884
 10
22.0
 20
-343.68729805013925
 10
22.0
 20
-343.93721448467966
 10
22.0
 20
-344.18713091922007
 10
22.0
 20
-344.4370473537605
 10
22.0
 20
-344.6869637883009
 10
22.0
 20
-344.9368802228412
 10
22.0
 20
-345.1867966573816
 10
22.0
 20
-345.436713091922
 10
22.0
 20
-345.6866295264624
 10
22.0
 20
-345.9365459610028
 10
22.0
 20
-346.18646239554323
 10
22.0
 20
-346.43637883008364
 10
22.0
 20
-346.68629526462394
 10
22.0
 20
-346.93621169916435
 10
22.0
 20
-347.18612813370476
 10
22.0
 20
-347.43604456824517
 10
22.0
 20
-347.6859610027856
 10
22.0
 20
-347.93587743732587
 10
22.0
 20
-348.1857938718663
 10
22.0
 20
-348.4357103064067
 10
22.0
 20
-348.6856267409471
 10
22.0
 20
-348.9355431754875
 10
22.0
 20
-349.1854596100278
 10
22.0
 20
-349.4353760445682
 10
22.0
 20
-349.6852924791086
 10
22.0
 20
-349.93520891364903
 10
22.0
 20
-350.18512534818944
 10
22.0
 20
-350.43504178272985
 10
22.0
 20
-350.68495821727026
 10
22.0
 20
-350.9348746518107
 10
22.0
 20
-351.18479108635097
 10
22.0
 20
-351.4347075208914
 10
22.0
 20
-351.6846239554318
 10
22.0
 20
-351.9345403899722
 10
22.0
 20
-352.1844568245126
 10
22.0
 20
-352.4343732590529
 10
22.0
 20
-352.6842896935933
 10
22.0
 20
-352.9342061281337
 10
22.0
 20
-353.18412256267413
 10
22.0
 20
-353.43403899721454
 10
22.0
 20
-353.68395543175484
 10
22.0
 20
-353.93387186629525
 10
22.0
 20
-354.18378830083566
 10
22.0
 20
-354.43370473537607
 10
22.0
 20
-354.6836211699165
 10
22.0
 20
-354.9335376044569
 10
22.0
 20
-355.1834540389972
 10
22.0
 20
-355.4333704735376
 10
22.0
 20
-355.683286908078
 10
22.0
 20
-355.9332033426184
 10
22.0
 20
-356.1831197771588
 10
22.0
 20
-356.43303621169923
 10
22.0
 20
-356.68295264623964
 10
22.0
 20
-356.93286908077994
 10
22.0
 20
-357.18278551532035
 10
22.0
 20
-357.43270194986076
 10
22.0
 20
-357.68261838440117
 10
22.0
 20
-357.9325348189416
 10
22.0
 20
-358.1824512534819
 10
22.0
 20
-358.4323676880223
 10
22.0
 20
-358.6822841225627
 10
22.0
 20
-358.9322005571031
 10
22.0
 20
-359.1821169916434
 10
22.0
 20
-359.4320334261838
 10
22.0
 20
-359.6819498607242
 10
22.0
 20
-359.9318662952646
 10
22.0
 20
-360.18178272980504
 10
22.0
 20
-360.43169916434545
 10
22.0
 20
-360.68161559888586
 10
22.0
 20
-360.93153203342627
 10
22.0
 20
-361.18144846796656
 10
22.0
 20
-361.43136490250697
 10
22.0
 20
-361.6812813370474
 10
22.0
 20
-361.9311977715878
 10
22.0
 20
-362.1811142061282
 10
22.0
 20
-362.4310306406686
 10
22.0
 20
-362.6809470752089
 10
22.0
 20
-362.9308635097493
 10
22.0
 20
-363.1807799442897
 10
22.0
 20
-363.43069637883013
 10
22.0
 20
-363.68061281337043
 10
22.0
 20
-363.93052924791084
 10
22.0
 20
-364.18044568245125
 10
22.0
 20
-364.43036211699166
 10
22.0
 20
-364.68027855153207
 10
22.0
 20
-364.9301949860725
 10
22.0
 20
-365.1801114206128
 10
22.0
 20
-365.4300278551532
 10
22.0
 20
-365.6799442896936
 10
22.0
 20
-365.929860724234
 10
22.0
 20
-366.1797771587744
 10
22.0
 20
-366.4296935933148
 10
22.0
 20
-366.67961002785523
 10
22.0
 20
-366.92952646239553
 10
22.0
 20
-367.17944289693594
 10
22.0
 20
-367.42935933147635
 10
22.0
 20
-367.67927576601676
 10
22.0
 20
-367.92919220055717
 10
22.0
 20
-368.17910863509746
 10
22.0
 20
-368.4290250696379
 10
22.0
 20
-368.6789415041783
 10
22.0
 20
-368.9288579387187
 10
22.0
 20
-369.1787743732591
 10
22.0
 20
-369.4286908077994
 10
22.0
 20
-369.6786072423398
 10
22.0
 20
-369.9285236768802
 10
22.0
 20
-370.1784401114206
 10
22.0
 20
-370.42835654596104
 10
22.0
 20
-370.67827298050145
 10
22.0
 20
-370.92818941504186
 10
22.0
 20
-371.17810584958215
 10
22.0
 20
-371.42802228412256
 10
22.0
 20
-371.677938718663
 10
22.0
 20
-371.9278551532034
 10
22.0
 20
-372.1777715877438
 10
22.0
 20
-372.4276880222842
 10
22.0
 20
-372.6776044568245
 10
22.0
 20
-372.9275208913649
 10
22.0
 20
-373.1774373259053
 10
22.0
 20
-373.4273537604457
 10
22.0
 20
-373.67727019498614
 10
22.0
 20
-373.92718662952643
 10
22.0
 20
-374.17710306406684
 10
22.0
 20
-374.42701949860725
 10
22.0
 20
-374.67693593314766
 10
22.0
 20
-374.92685236768807
 10
22.0
 20
-375.17676880222837
 10
22.0
 20
-375.4266852367688
 10
22.0
 20
-375.6766016713092
 10
22.0
 20
-375.9265181058496
 10
22.0
 20
-376.17643454039
 10
22.0
 20
-376.4263509749304
 10
22.0
 20
-376.6762674094708
 10
22.0
 20
-376.92618384401123
 10
22.0
 20
-377.17610027855153
 10
22.0
 20
-377.42601671309194
 10
22.0
 20
-377.67593314763235
 10
22.0
 20
-377.92584958217276
 10
22.0
 20
-378.17576601671317
 10
22.0
 20
-378.42568245125346
 10
22.0
 20
-378.6755988857939
 10
22.0
 20
-378.9255153203343
 10
22.0
 20
-379.1754317548747
 10
22.0
 20
-379.425348189415
 10
22.0
 20
-379.6752646239554
 10
22.0
 20
-379.9251810584958
 10
22.0
 20
-380.1750974930362
 10
22.0
 20
-380.42501392757663
 10
22.0
 20
-380.67493036211704
 10
22.0
 20
-380.92484679665745
 10
22.0
 20
-381.17476323119774
 10
22.0
 20
-381.42467966573815
 10
22.0
 20
-381.67459610027856
 10
22.0
 20
-381.924512534819
 10
22.0
 20
-382.1744289693594
 10
22.0
 20
-382.4243454038998
 10
22.0
 20
-382.6742618384402
 10
22.0
 20
-382.9241782729805
 10
22.0
 20
-383.1740947075209
 10
22.0
 20
-383.4240111420613
 10
22.0
 20
-383.6739275766017
 10
22.0
 20
-383.923844011142
 10
22.0
 20
-384.17376044568243
 10
22.0
 20
-384.42367688022284
 10
22.0
 20
-384.67359331476325
 10
22.0
 20
-384.92350974930366
 10
22.0
 20
-385.17342618384396
 10
22.0
 20
-385.42334261838437
 10
22.0
 20
-385.6732590529248
 10
22.0
 20
-385.9231754874652
 10
22.0
 20
-386.1730919220056
 10
22.0
 20
-386.423008356546
 10
22.0
 20
-386.6729247910864
 10
22.0
 20
-386.9228412256268
 10
22.0
 20
-387.1727576601671
 10
22.0
 20
-387.42267409470753
 10
22.0
 20
-387.67259052924794
 10
22.0
 20
-387.92250696378835
 10
22.0
 20
-388.17242339832876
 10
22.0
 20
-388.42233983286906
 10
22.0
 20
-388.67225626740947
 10
22.0
 20
-388.9221727019499
 10
22.0
 20
-389.1720891364903
 10
22.0
 20
-389.4220055710307
 10
22.0
 20
-389.671922005571
 10
22.0
 20
-389.9218384401114
 10
22.0
 20
-390.1717548746518
 10
22.0
 20
-390.4216713091922
 10
22.0
 20
-390.67158774373263
 10
22.0
 20
-390.92150417827304
 10
22.0
 20
-391.17142061281345
 10
22.0
 20
-391.42133704735375
 10
22.0
 20
-391.67125348189415
 10
22.0
 20
-391.92116991643456
 10
22.0
 20
-392.171086350975
 10
22.0
 20
-392.4210027855154
 10
22.0
 20
-392.6709192200558
 10
22.0
 20
-392.9208356545961
 10
22.0
 20
-393.1707520891365
 10
22.0
 20
-393.4206685236769
 10
22.0
 20
-393.6705849582173
 10
22.0
 20
-393.9205013927577
 10
22.0
 20
-394.170417827298
 10
22.0
 20
-394.42033426183843
 10
22.0
 20
-394.67025069637884
 10
22.0
 20
-394.92016713091925
 10
22.0
 20
-395.17008356545966
 10
22.0
 20
-395.41999999999996
 10
22.0
 20
-395.66991643454037
 10
22.0
 20
-395.9198328690808
 10
22.0
 20
-396.1697493036212
 10
22.0
 20
-396.4196657381616
 10
22.0
 20
-396.669582172702
 10
22.0
 20
-396.9194986072424
 10
22.0
 20
-397.1694150417828
 10
22.0
 20
-397.4193314763231
 10
22.0
 20
-397.66924791086353
 10
22.0
 20
-397.91916434540394
 10
22.0
 20
-398.16908077994435
 10
22.0
 20
-398.41899721448476
 10
22.0
 20
-398.66891364902506
 10
22.0
 20
-398.91883008356547
 10
22.0
 20
-399.1687465181059
 10
22.0
 20
-399.4186629526463
 10
22.0
 20
-399.6685793871866
 10
22.0
 20
-399.918495821727
 10
22.0
 20
-400.1684122562674
 10
22.0
 20
-400.4183286908078
 10
22.0
 20
-400.6682451253482
 10
22.0
 20
-400.91816155988863
 10
22.0
 20
-401.16807799442904
 10
22.0
 20
-401.41799442896934
 10
22.0
 20
-401.66791086350975
 10
22.0
 20
-401.91782729805016
 10
22.0
 20
-402.16774373259057
 10
22.0
 20
-402.417660167131
 10
22.0
 20
-402.6675766016714
 10
22.0
 20
-402.9174930362117
 10
22.0
 20
-403.1674094707521
 10
22.0
 20
-403.4173259052925
 10
22.0
 20
-403.6672423398329
 10
22.0
 20
-403.9171587743733
 10
22.0
 20
-404.1670752089136
 10
22.0
 20
-404.4169916434541
 10
22.0
 20
-404.66690807799444
 10
22.0
 20
-404.91682451253484
 10
22.0
 20
-405.16674094707525
 10
22.0
 20
-405.41665738161555
 10
22.0
 20
-405.66657381615596
 10
22.0
 20
-405.91649025069637
 10
22.0
 20
-406.16640668523684
 10
22.0
 20
-406.4163231197772
 10
22.0
 20
-406.6662395543176
 10
22.0
 20
-406.91615598885795
 10
22.0
 20
-407.1660724233984
 10
22.0
 20
-407.4159888579387
 10
22.0
 20
-407.66590529247907
 10
22.0
 20
-407.91582172701953
 10
22.0
 20
-408.16573816155994
 10
22.0
 20
-408.41565459610035
 10
22.0
 20
-408.66557103064065
 10
22.0
 20
-408.9154874651811
 10
22.0
 20
-409.16540389972147
 10
22.0
 20
-409.4153203342619
 10
22.0
 20
-409.66523676880223
 10
22.0
 20
-409.91515320334264
 10
22.0
 20
-410.165069637883
 10
22.0
 20
-410.4149860724234
 10
22.0
 20
-410.6649025069638
 10
22.0
 20
-410.9148189415042
 10
22.0
 20
-411.16473537604463
 10
22.0
 20
-411.4146518105849
 10
22.0
 20
-411.6645682451254
 10
22.0
 20
-411.91448467966575
 10
22.0
 20
-412.16440111420616
 10
22.0
 20
-412.41431754874657
 10
22.0
 20
-412.664233983287
 10
22.0
 20
-412.9141504178274
 10
22.0
 20
-413.1640668523677
 10
22.0
 20
-413.4139832869081
 10
22.0
 20
-413.6638997214485
 10
22.0
 20
-413.9138161559889
 10
22.0
 20
-414.16373259052926
 10
22.0
 20
-414.4136490250697
 10
22.0
 20
-414.66356545961
 10
22.0
 20
-414.91348189415044
 10
22.0
 20
-415.16339832869085
 10
22.0
 20
-415.41331476323114
 10
22.0
 20
-415.66323119777155
 10
22.0
 20
-415.91314763231196
 10
22.0
 20
-416.1630640668524
 10
22.0
 20
-416.4129805013928
 10
22.0
 20
-416.6628969359332
 10
22.0
 20
-416.91281337047354
 10
22.0
 20
-417.162729805014
 10
22.0
 20
-417.4126462395543
 10
22.0
 20
-417.66256267409466
 10
22.0
 20
-417.9124791086351
 10
22.0
 20
-418.16239554317553
 10
22.0
 20
-418.41231197771594
 10
22.0
 20
-418.6622284122563
 10
22.0
 20
-418.9121448467967
 10
22.0
 20
-419.16206128133706
 10
22.0
 20
-419.41197771587747
 10
22.0
 20
-419.6618941504178
 10
22.0
 20
-419.91181058495823
 10
22.0
 20
-420.1617270194986
 10
22.0
 20
-420.411643454039
 10
22.0
 20
-420.6615598885794
 10
22.0
 20
-420.9114763231198
 10
22.0
 20
-421.1613927576602
 10
22.0
 20
-421.4113091922005
 10
22.0
 20
-421.661225626741
 10
22.0
 20
-421.91114206128134
 10
22.0
 20
-422.16105849582175
 10
22.0
 20
-422.41097493036216
 10
22.0
 20
-422.66089136490257
 10
22.0
 20
-422.910807799443
 10
22.0
 20
-423.1607242339833
 10
22.0
 20
-423.4106406685237
 10
22.0
 20
-423.6605571030641
 10
22.0
 20
-423.9104735376045
 10
22.0
 20
-424.16038997214486
 10
22.0
 20
-424.41030640668527
 10
22.0
 20
-424.6602228412256
 10
22.0
 20
-424.910139275766
 10
22.0
 20
-425.16005571030644
 10
22.0
 20
-425.40997214484685
 10
22.0
 20
-425.65988857938714
 10
22.0
 20
-425.90980501392755
 10
22.0
 20
-426.159721448468
 10
22.0
 20
-426.4096378830084
 10
22.0
 20
-426.6595543175488
 10
22.0
 20
-426.90947075208913
 10
22.0
 20
-427.1593871866296
 10
22.0
 20
-427.4093036211699
 10
22.0
 20
-427.6592200557103
 10
22.0
 20
-427.9091364902507
 10
22.0
 20
-428.1590529247911
 10
22.0
 20
-428.40896935933154
 10
22.0
 20
-428.6588857938719
 10
22.0
 20
-428.90880222841224
 10
22.0
 20
-429.15871866295265
 10
22.0
 20
-429.40863509749306
 10
22.0
 20
-429.65855153203347
 10
22.0
 20
-429.9084679665739
 10
22.0
 20
-430.1583844011142
 10
22.0
 20
-430.4083008356546
 10
22.0
 20
-430.658217270195
 10
22.0
 20
-430.9081337047354
 10
22.0
 20
-431.1580501392758
 10
22.0
 20
-431.4079665738162
 10
22.0
 20
-431.6578830083565
 10
22.0
 20
-431.90779944289693
 10
22.0
 20
-432.15771587743734
 10
22.0
 20
-432.40763231197775
 10
22.0
 20
-432.65754874651816
 10
22.0
 20
-432.90746518105857
 10
22.0
 20
-433.157381615599
 10
22.0
 20
-433.4072980501393
 10
22.0
 20
-433.6572144846797
 10
22.0
 20
-433.9071309192201
 10
22.0
 20
-434.1570473537605
 10
22.0
 20
-434.4069637883009
 10
22.0
 20
-434.6568802228412
 10
22.0
 20
-434.9067966573816
 10
22.0
 20
-435.15671309192203
 10
22.0
 20
-435.40662952646244
 10
22.0
 20
-435.65654596100273
 10
22.0
 20
-435.90646239554314
 10
22.0
 20
-436.15637883008355
 10
22.0
 20
-436.40629526462396
 10
22.0
 20
-436.6562116991644
 10
22.0
 20
-436.9061281337048
 10
22.0
 20
-437.1560445682452
 10
22.0
 20
-437.4059610027856
 10
22.0
 20
-437.6558774373259
 10
22.0
 20
-437.9057938718663
 10
22.0
 20
-438.1557103064067
 10
22.0
 20
-438.4056267409471
 10
22.0
 20
-438.65554317548754
 10
22.0
 20
-438.90545961002783
 10
22.0
 20
-439.15537604456824
 10
22.0
 20
-439.40529247910865
 10
22.0
 20
-439.65520891364906
 10
22.0
 20
-439.9051253481895
 10
22.0
 20
-440.15504178272977
 10
22.0
 20
-440.4049582172702
 10
22.0
 20
-440.6548746518106
 10
22.0
 20
-440.904791086351
 10
22.0
 20
-441.1547075208914
 10
22.0
 20
-441.4046239554318
 10
22.0
 20
-441.6545403899721
 10
22.0
 20
-441.9044568245125
 10
22.0
 20
-442.15437325905293
 10
22.0
 20
-442.40428969359334
 10
22.0
 20
-442.65420612813375
 10
22.0
 20
-442.90412256267416
 10
22.0
 20
-443.15403899721457
 10
22.0
 20
-443.40395543175487
 10
22.0
 20
-443.6538718662953
 10
22.0
 20
-443.9037883008357
 10
22.0
 20
-444.1537047353761
 10
22.0
 20
-444.4036211699165
 10
22.0
 20
-444.6535376044568
 10
22.0
 20
-444.9034540389972
 10
22.0
 20
-445.1533704735376
 10
22.0
 20
-445.40328690807803
 10
22.0
 20
-445.65320334261844
 10
22.0
 20
-445.90311977715874
 10
22.0
 20
-446.15303621169915
 10
22.0
 20
-446.40295264623956
 10
22.0
 20
-446.65286908077996
 10
22.0
 20
-446.9027855153204
 10
22.0
 20
-447.1527019498608
 10
22.0
 20
-447.4026183844012
 10
22.0
 20
-447.6525348189415
 10
22.0
 20
-447.9024512534819
 10
22.0
 20
-448.1523676880223
 10
22.0
 20
-448.4022841225627
 10
22.0
 20
-448.65220055710313
 10
22.0
 20
-448.90211699164354
 10
22.0
 20
-449.15203342618383
 10
22.0
 20
-449.40194986072424
 10
22.0
 20
-449.65186629526465
 10
22.0
 20
-449.90178272980506
 10
22.0
 20
-450.1516991643455
 10
22.0
 20
-450.40161559888577
 10
22.0
 20
-450.6515320334262
 10
22.0
 20
-450.9014484679666
 10
22.0
 20
-451.151364902507
 10
22.0
 20
-451.4012813370474
 10
22.0
 20
-451.6511977715877
 10
22.0
 20
-451.9011142061281
 10
22.0
 20
-452.1510306406685
 10
22.0
 20
-452.40094707520893
 10
22.0
 20
-452.65086350974934
 10
22.0
 20
-452.90077994428975
 10
22.0
 20
-453.15069637883016
 10
22.0
 20
-453.40061281337057
 10
22.0
 20
-453.65052924791087
 10
22.0
 20
-453.9004456824513
 10
22.0
 20
-454.1503621169917
 10
22.0
 20
-454.4002785515321
 10
22.0
 20
-454.6501949860725
 10
22.0
 20
-454.9001114206128
 10
22.0
 20
-455.1500278551532
 10
22.0
 20
-455.3999442896936
 10
22.0
 20
-455.64986072423403
 10
22.0
 20
-455.8997771587743
 10
22.0
 20
-456.14969359331474
 10
22.0
 20
-456.39961002785515
 10
22.0
 20
-456.64952646239556
 10
22.0
 20
-456.89944289693597
 10
22.0
 20
-457.1493593314764
 10
22.0
 20
-457.3992757660168
 10
22.0
 20
-457.6491922005571
 10
22.0
 20
-457.8991086350975
 10
22.0
 20
-458.1490250696379
 10
22.0
 20
-458.3989415041783
 10
22.0
 20
-458.6488579387187
 10
22.0
 20
-458.89877437325913
 10
22.0
 20
-459.1486908077994
 10
22.0
 20
-459.39860724233984
 10
22.0
 20
-459.64852367688025
 10
22.0
 20
-459.89844011142065
 10
22.0
 20
-460.14835654596106
 10
22.0
 20
-460.39827298050136
 10
22.0
 20
-460.64818941504177
 10
22.0
 20
-460.8981058495822
 10
22.0
 20
-461.1480222841226
 10
22.0
 20
-461.397938718663
 10
22.0
 20
-461.6478551532033
 10
22.0
 20
-461.8977715877437
 10
22.0
 20
-462.1476880222841
 10
22.0
 20
-462.3976044568245
 10
22.0
 20
-462.64752089136493
 10
22.0
 20
-462.89743732590534
 10
22.0
 20
-463.14735376044575
 10
22.0
 20
-463.39727019498616
 10
22.0
 20
-463.64718662952646
 10
22.0
 20
-463.89710306406687
 10
22.0
 20
-464.1470194986073
 10
22.0
 20
-464.3969359331477
 10
22.0
 20
-464.6468523676881
 10
22.0
 20
-464.8967688022284
 10
22.0
 20
-465.1466852367688
 10
22.0
 20
-465.3966016713092
 10
22.0
 20
-465.6465181058496
 10
22.0
 20
-465.89643454039003
 10
22.0
 20
-466.14635097493033
 10
22.0
 20
-466.39626740947074
 10
22.0
 20
-466.64618384401115
 10
22.0
 20
-466.89610027855156
 10
22.0
 20
-467.14601671309197
 10
22.0
 20
-467.3959331476324
 10
22.0
 20
-467.6458495821727
 10
22.0
 20
-467.89576601671314
 10
22.0
 20
-468.1456824512535
 10
22.0
 20
-468.39559888579385
 10
22.0
 20
-468.6455153203343
 10
22.0
 20
-468.89543175487466
 10
22.0
 20
-469.14534818941513
 10
22.0
 20
-469.3952646239554
 10
22.0
 20
-469.64518105849584
 10
22.0
 20
-469.89509749303625
 10
22.0
 20
-470.14501392757666
 10
22.0
 20
-470.39493036211707
 10
22.0
 20
-470.6448467966574
 10
22.0
 20
-470.89476323119777
 10
22.0
 20
-471.1446796657382
 10
22.0
 20
-471.3945961002786
 10
22.0
 20
-471.64451253481894
 10
22.0
 20
-471.8944289693593
 10
22.0
 20
-472.1443454038997
 10
22.0
 20
-472.3942618384401
 10
22.0
 20
-472.6441782729805
 10
22.0
 20
-472.89409470752094
 10
22.0
 20
-473.14401114206134
 10
22.0
 20
-473.39392757660175
 10
22.0
 20
-473.64384401114216
 10
22.0
 20
-473.8937604456824
 10
22.0
 20
-474.14367688022287
 10
22.0
 20
-474.3935933147633
 10
22.0
 20
-474.6435097493037
 10
22.0
 20
-474.8934261838441
 10
22.0
 20
-475.14334261838445
 10
22.0
 20
-475.3932590529248
 10
22.0
 20
-475.64317548746527
 10
22.0
 20
-475.8930919220056
 10
22.0
 20
-476.1430083565459
 10
22.0
 20
-476.39292479108633
 10
22.0
 20
-476.64284122562674
 10
22.0
 20
-476.89275766016715
 10
22.0
 20
-477.14267409470756
 10
22.0
 20
-477.39259052924797
 10
22.0
 20
-477.6425069637884
 10
22.0
 20
-477.89242339832873
 10
22.0
 20
-478.1423398328691
 10
22.0
 20
-478.39225626740944
 10
22.0
 20
-478.6421727019499
 10
22.0
 20
-478.89208913649026
 10
22.0
 20
-479.1420055710307
 10
22.0
 20
-479.391922005571
 10
22.0
 20
-479.6418384401114
 10
22.0
 20
-479.89175487465184
 10
22.0
 20
-480.14167130919225
 10
22.0
 20
-480.39158774373266
 10
22.0
 20
-480.64150417827295
 10
22.0
 20
-480.89142061281336
 10
22.0
 20
-481.1413370473538
 10
22.0
 20
-481.3912534818942
 10
22.0
 20
-481.6411699164346
 10
22.0
 20
-481.8910863509749
 10
22.0
 20
-482.1410027855153
 10
22.0
 20
-482.3909192200557
 10
22.0
 20
-482.6408356545961
 10
22.0
 20
-482.8907520891365
 10
22.0
 20
-483.14066852367694
 10
22.0
 20
-483.39058495821735
 10
22.0
 20
-483.64050139275776
 10
22.0
 20
-483.89041782729805
 10
22.0
 20
-484.14033426183846
 10
22.0
 20
-484.39025069637887
 10
22.0
 20
-484.6401671309193
 10
22.0
 20
-484.8900835654597
 10
22.0
 20
-485.14
 10
22.0
 20
-485.3899164345404
 10
22.0
 20
-485.6398328690808
 10
22.0
 20
-485.8897493036212
 10
22.0
 20
-486.1396657381616
 10
22.0
 20
-486.3895821727019
 10
22.0
 20
-486.63949860724233
 10
22.0
 20
-486.88941504178274
 10
22.0
 20
-487.13933147632315
 10
22.0
 20
-487.38924791086356
 10
22.0
 20
-487.63916434540397
 10
22.0
 20
-487.88908077994427
 10
22.0
 20
-488.1389972144847
 10
22.0
 20
-488.3889136490251
 10
22.0
 20
-488.6388300835655
 10
22.0
 20
-488.8887465181059
 10
22.0
 20
-489.1386629526463
 10
22.0
 20
-489.3885793871867
 10
22.0
 20
-489.638495821727
 10
22.0
 20
-489.88841225626743
 10
22.0
 20
-490.13832869080784
 10
22.0
 20
-490.38824512534825
 10
22.0
 20
-490.63816155988866
 10
22.0
 20
-490.88807799442895
 10
22.0
 20
-491.13799442896936
 10
22.0
 20
-491.3879108635098
 10
22.0
 20
-491.6378272980502
 10
22.0
 20
-491.8877437325905
 10
22.0
 20
-492.1376601671309
 10
22.0
 20
-492.3875766016713
 10
22.0
 20
-492.6374930362117
 10
22.0
 20
-492.8874094707521
 10
22.0
 20
-493.1373259052925
 10
22.0
 20
-493.38724233983294
 10
22.0
 20
-493.63715877437335
 10
22.0
 20
-493.88707520891364
 10
22.0
 20
-494.13699164345405
 10
22.0
 20
-494.38690807799446
 10
22.0
 20
-494.6368245125349
 10
22.0
 20
-494.8867409470753
 10
22.0
 20
-495.1366573816156
 10
22.0
 20
-495.386573816156
 10
22.0
 20
-495.6364902506964
 10
22.0
 20
-495.8864066852368
 10
22.0
 20
-496.1363231197772
 10
22.0
 20
-496.3862395543175
 10
22.0
 20
-496.6361559888579
 10
22.0
 20
-496.88607242339833
 10
22.0
 20
-497.13598885793874
 10
22.0
 20
-497.38590529247915
 10
22.0
 20
-497.63582172701956
 10
22.0
 20
-497.88573816155986
 10
22.0
 20
-498.13565459610027
 10
22.0
 20
-498.3855710306407
 10
22.0
 20
-498.6354874651811
 10
22.0
 20
-498.8854038997215
 10
22.0
 20
-499.1353203342619
 10
22.0
 20
-499.38523676880226
 10
22.0
 20
-499.63515320334267
 10
22.0
 20
-499.885069637883
 10
22.0
 20
-500.13498607242343
 10
22.0
 20
-500.38490250696384
 10
22.0
 20
-500.6348189415042
 10
22.0
 20
-500.8847353760446
 10
22.0
 20
-501.13465181058496
 10
22.0
 20
-501.38456824512537
 10
22.0
 20
-501.6344846796658
 10
22.0
 20
-501.8844011142061
 10
22.0
 20
-502.13431754874654
 10
22.0
 20
-502.3842339832869
 10
22.0
 20
-502.6341504178273
 10
22.0
 20
-502.8840668523677
 10
22.0
 20
-503.1339832869081
 10
22.0
 20
-503.38389972144853
 10
22.0
 20
-503.63381615598894
 10
22.0
 20
-503.88373259052923
 10
22.0
 20
-504.13364902506964
 10
22.0
 20
-504.38356545961005
 10
22.0
 20
-504.63348189415046
 10
22.0
 20
-504.8833983286909
 10
22.0
 20
-505.1333147632312
 10
22.0
 20
-505.38323119777164
 10
22.0
 20
-505.633147632312
 10
22.0
 20
-505.8830640668524
 10
22.0
 20
-506.1329805013928
 10
22.0
 20
-506.38289693593316
 10
22.0
 20
-506.63281337047357
 10
22.0
 20
-506.8827298050139
 10
22.0
 20
-507.13264623955433
 10
22.0
 20
-507.38256267409474
 10
22.0
 20
-507.63247910863515
 10
22.0
 20
-507.88239554317545
 10
22.0
 20
-508.13231197771586
 10
22.0
 20
-508.38222841225627
 10
22.0
 20
-508.6321448467967
 10
22.0
 20
-508.8820612813371
 10
22.0
 20
-509.1319777158775
 10
22.0
 20
-509.3818941504179
 10
22.0
 20
-509.63181058495826
 10
22.0
 20
-509.88172701949867
 10
22.0
 20
-510.131643454039
 10
22.0
 20
-510.38155988857943
 10
22.0
 20
-510.6314763231198
 10
22.0
 20
-510.8813927576602
 10
22.0
 20
-511.1313091922006
 10
22.0
 20
-511.38122562674096
 10
22.0
 20
-511.63114206128137
 10
22.0
 20
-511.8810584958218
 10
22.0
 20
-512.1309749303621
 10
22.0
 20
-512.3808913649025
 10
22.0
 20
-512.6308077994429
 10
22.0
 20
-512.8807242339833
 10
22.0
 20
-513.1306406685237
 10
22.0
 20
-513.3805571030641
 10
22.0
 20
-513.6304735376045
 10
22.0
 20
-513.8803899721449
 10
22.0
 20
-514.1303064066852
 10
22.0
 20
-514.3802228412256
 10
22.0
 20
-514.630139275766
 10
22.0
 20
-514.8800557103065
 10
22.0
 20
-515.1299721448468
 10
22.0
 20
-515.3798885793872
 10
22.0
 20
-515.6298050139276
 10
22.0
 20
-515.879721448468
 10
22.0
 20
-516.1296378830084
 10
22.0
 20
-516.3795543175488
 10
22.0
 20
-516.6294707520892
 10
22.0
 20
-516.8793871866295
 10
22.0
 20
-517.1293036211699
 10
22.0
 20
-517.3792200557103
 10
22.0
 20
-517.6291364902507
 10
22.0
 20
-517.8790529247912
 10
22.0
 20
-518.1289693593314
 10
22.0
 20
-518.3788857938719
 10
22.0
 20
-518.6288022284123
 10
22.0
 20
-518.8787186629527
 10
22.0
 20
-519.1286350974931
 10
22.0
 20
-519.3785515320335
 10
22.0
 20
-519.6284679665739
 10
22.0
 20
-519.8783844011143
 10
22.0
 20
-520.1283008356546
 10
22.0
 20
-520.378217270195
 10
22.0
 20
-520.6281337047354
 10
22.0
 20
-520.8780501392757
 10
22.0
 20
-521.1279665738161
 10
22.0
 20
-521.3778830083565
 10
22.0
 20
-521.627799442897
 10
22.0
 20
-521.8777158774374
 10
22.0
 20
-522.1276323119778
 10
22.0
 20
-522.3775487465182
 10
22.0
 20
-522.6274651810585
 10
22.0
 20
-522.8773816155989
 10
22.0
 20
-523.1272980501393
 10
22.0
 20
-523.3772144846797
 10
22.0
 20
-523.6271309192201
 10
22.0
 20
-523.8770473537605
 10
22.0
 20
-524.1269637883008
 10
22.0
 20
-524.3768802228412
 10
22.0
 20
-524.6267966573816
 10
22.0
 20
-524.876713091922
 10
22.0
 20
-525.1266295264625
 10
22.0
 20
-525.3765459610029
 10
22.0
 20
-525.6264623955433
 10
22.0
 20
-525.8763788300836
 10
22.0
 20
-526.126295264624
 10
22.0
 20
-526.3762116991644
 10
22.0
 20
-526.6261281337047
 10
22.0
 20
-526.8760445682451
 10
22.0
 20
-527.1259610027855
 10
22.0
 20
-527.3758774373259
 10
22.0
 20
-527.6257938718663
 10
22.0
 20
-527.8757103064067
 10
22.0
 20
-528.125626740947
 10
22.0
 20
-528.3755431754875
 10
22.0
 20
-528.6254596100279
 10
22.0
 20
-528.8753760445683
 10
22.0
 20
-529.1252924791087
 10
22.0
 20
-529.3752089136491
 10
22.0
 20
-529.6251253481895
 10
22.0
 20
-529.8750417827298
 10
21.875041782729795
 20
-530.0
 10
21.625125348189414
 20
-530.0
 10
21.375208913649033
 20
-530.0
 10
21.12529247910865
 20
-530.0
 10
20.87537604456824
 20
-530.0
 10
20.625459610027832
 20
-530.0
 10
20.37554317548748
 20
-530.0
 10
20.12562674094707
 20
-530.0
 10
19.87571030640669
 20
-530.0
 10
19.62579387186628
 20
-530.0
 10
19.375877437325926
 20
-530.0
 10
19.125961002785516
 20
-530.0
 10
18.876044568245135
 20
-530.0
 10
18.626128133704725
 20
-530.0
 10
18.376211699164344
 20
-530.0
 10
18.126295264623963
 20
-530.0
 10
17.876378830083553
 20
-530.0
 10
17.62646239554317
 20
-530.0
 10
17.37654596100279
 20
-530.0
 10
17.12662952646241
 20
-530.0
 10
16.876713091922
 20
-530.0
 10
16.626796657381618
 20
-530.0
 10
16.376880222841237
 20
-530.0
 10
16.126963788300827
 20
-530.0
 10
15.877047353760446
 20
-530.0
 10
15.627130919220036
 20
-530.0
 10
15.377214484679683
 20
-530.0
 10
15.127298050139274
 20
-530.0
 10
14.877381615598892
 20
-530.0
 10
14.627465181058483
 20
-530.0
 10
14.37754874651813
 20
-530.0
 10
14.12763231197772
 20
-530.0
 10
13.87771587743731
 20
-530.0
 10
13.62779944289693
 20
-530.0
 10
13.377883008356548
 20
-530.0
 10
13.127966573816167
 20
-530.0
 10
12.878050139275757
 20
-530.0
 10
12.628133704735376
 20
-530.0
 10
12.378217270194995
 20
-530.0
 10
12.128300835654613
 20
-530.0
 10
11.878384401114204
 20
-530.0
 10
11.628467966573794
 20
-530.0
 10
11.378551532033441
 20
-530.0
 10
11.128635097493031
 20
-530.0
 10
10.87871866295265
 20
-530.0
 10
10.62880222841224
 20
-530.0
 10
10.378885793871888
 20
-530.0
 10
10.128969359331478
 20
-530.0
 10
9.879052924791097
 20
-530.0
 10
9.629136490250687
 20
-530.0
 10
9.379220055710306
 20
-530.0
 10
9.129303621169925
 20
-530.0
 10
8.879387186629515
 20
-530.0
 10
8.629470752089134
 20
-530.0
 10
8.379554317548752
 20
-530.0
 10
8.129637883008371
 20
-530.0
 10
7.879721448467961
 20
-530.0
 10
7.62980501392758
 20
-530.0
 10
7.379888579387199
 20
-530.0
 10
7.129972144846789
 20
-530.0
 10
6.880055710306408
 20
-530.0
 10
6.630139275765998
 20
-530.0
 10
6.380222841225645
 20
-530.0
 10
6.130306406685236
 20
-530.0
 10
5.8803899721448545
 20
-530.0
 10
5.630473537604445
 20
-530.0
 10
5.380557103064092
 20
-530.0
 10
5.130640668523682
 20
-530.0
 10
4.880724233983273
 20
-530.0
 10
4.630807799442891
 20
-530.0
 10
4.38089136490251
 20
-530.0
 10
4.130974930362129
 20
-530.0
 10
3.881058495821719
 20
-530.0
 10
3.631142061281338
 20
-530.0
 10
3.3812256267409566
 20
-530.0
 10
3.1313091922005754
 20
-530.0
 10
2.8813927576601657
 20
-530.0
 10
2.631476323119756
 20
-530.0
 10
2.381559888579403
 20
-530.0
 10
2.1316434540389935
 20
-530.0
 10
1.8817270194986122
 20
-530.0
 10
1.6318105849582025
 20
-530.0
 10
1.3818941504178213
 20
-530.0
 10
1.13197771587744
 20
-530.0
 10
0.8820612813370587
 20
-530.0
 10
0.6321448467966491
 20
-530.0
 10
0.3822284122562678
 20
-530.0
 10
0.13231197771588654
 20
-530.0
 10
0.0
 20
-529.8823955431754
 10
0.0
 20
-529.6324791086352
 10
0.0
 20
-529.3825626740947
 10
0.0
 20
-529.1326462395543
 10
0.0
 20
-528.8827298050139
 10
0.0
 20
-528.6328133704735
 10
0.0
 20
-528.3828969359331
 10
0.0
 20
-528.1329805013928
 10
0.0
 20
-527.8830640668524
 10
0.0
 20
-527.633147632312
 10
0.0
 20
-527.3832311977716
 10
0.0
 20
-527.1333147632312
 10
0.0
 20
-526.8833983286909
 10
0.0
 20
-526.6334818941505
 10
0.0
 20
-526.38356545961
 10
0.0
 20
-526.1336490250696
 10
0.0
 20
-525.8837325905292
 10
0.0
 20
-525.6338161559888
 10
0.0
 20
-525.3838997214484
 10
0.0
 20
-525.1339832869081
 10
0.0
 20
-524.8840668523677
 10
0.0
 20
-524.6341504178273
 10
0.0
 20
-524.3842339832869
 10
0.0
 20
-524.1343175487466
 10
0.0
 20
-523.8844011142062
 10
0.0
 20
-523.6344846796658
 10
0.0
 20
-523.3845682451254
 10
0.0
 20
-523.134651810585
 10
0.0
 20
-522.8847353760445
 10
0.0
 20
-522.6348189415041
 10
0.0
 20
-522.3849025069638
 10
0.0
 20
-522.1349860724234
 10
0.0
 20
-521.885069637883
 10
0.0
 20
-521.6351532033426
 10
0.0
 20
-521.3852367688023
 10
0.0
 20
-521.1353203342619
 10
0.0
 20
-520.8854038997215
 10
0.0
 20
-520.6354874651811
 10
0.0
 20
-520.3855710306407
 10
0.0
 20
-520.1356545961003
 10
0.0
 20
-519.8857381615599
 10
0.0
 20
-519.6358217270196
 10
0.0
 20
-519.3859052924792
 10
0.0
 20
-519.1359888579387
 10
0.0
 20
-518.8860724233983
 10
0.0
 20
-518.6361559888579
 10
0.0
 20
-518.3862395543176
 10
0.0
 20
-518.1363231197772
 10
0.0
 20
-517.8864066852368
 10
0.0
 20
-517.6364902506964
 10
0.0
 20
-517.386573816156
 10
0.0
 20
-517.1366573816156
 10
0.0
 20
-516.8867409470752
 10
0.0
 20
-516.6368245125349
 10
0.0
 20
-516.3869080779945
 10
0.0
 20
-516.136991643454
 10
0.0
 20
-515.8870752089136
 10
0.0
 20
-515.6371587743733
 10
0.0
 20
-515.3872423398328
 10
0.0
 20
-515.1373259052925
 10
0.0
 20
-514.8874094707521
 10
0.0
 20
-514.6374930362117
 10
0.0
 20
-514.3875766016713
 10
0.0
 20
-514.1376601671309
 10
0.0
 20
-513.8877437325906
 10
0.0
 20
-513.6378272980502
 10
0.0
 20
-513.3879108635098
 10
0.0
 20
-513.1379944289694
 10
0.0
 20
-512.8880779944291
 10
0.0
 20
-512.6381615598887
 10
0.0
 20
-512.3882451253482
 10
0.0
 20
-512.1383286908078
 10
0.0
 20
-511.88841225626743
 10
0.0
 20
-511.638495821727
 10
0.0
 20
-511.38857938718667
 10
0.0
 20
-511.1386629526463
 10
0.0
 20
-510.8887465181059
 10
0.0
 20
-510.6388300835655
 10
0.0
 20
-510.3889136490251
 10
0.0
 20
-510.1389972144847
 10
0.0
 20
-509.8890807799443
 10
0.0
 20
-509.6391643454039
 10
0.0
 20
-509.38924791086356
 10
0.0
 20
-509.13933147632315
 10
0.0
 20
-508.88941504178274
 10
0.0
 20
-508.6394986072424
 10
0.0
 20
-508.389582172702
 10
0.0
 20
-508.1396657381616
 10
0.0
 20
-507.8897493036212
 10
0.0
 20
-507.6398328690808
 10
0.0
 20
-507.3899164345404
 10
0.0
 20
-507.14000000000004
 10
0.0
 20
-506.89008356545963
 10
0.0
 20
-506.6401671309193
 10
0.0
 20
-506.39025069637887
 10
0.0
 20
-506.14033426183846
 10
0.0
 20
-505.8904178272981
 10
0.0
 20
-505.64050139275764
 10
0.0
 20
-505.3905849582173
 10
0.0
 20
-505.14066852367694
 10
0.0
 20
-504.8907520891365
 10
0.0
 20
-504.6408356545961
 10
0.0
 20
-504.3909192200557
 10
0.0
 20
-504.14100278551535
 10
0.0
 20
-503.891086350975
 10
0.0
 20
-503.6411699164346
 10
0.0
 20
-503.3912534818942
 10
0.0
 20
-503.14133704735383
 10
0.0
 20
-502.89142061281336
 10
0.0
 20
-502.641504178273
 10
0.0
 20
-502.3915877437326
 10
0.0
 20
-502.14167130919225
 10
0.0
 20
-501.89175487465184
 10
0.0
 20
-501.6418384401114
 10
0.0
 20
-501.3919220055711
 10
0.0
 20
-501.14200557103067
 10
0.0
 20
-500.8920891364903
 10
0.0
 20
-500.6421727019499
 10
0.0
 20
-500.3922562674095
 10
0.0
 20
-500.1423398328691
 10
0.0
 20
-499.89242339832873
 10
0.0
 20
-499.6425069637883
 10
0.0
 20
-499.39259052924797
 10
0.0
 20
-499.14267409470756
 10
0.0
 20
-498.89275766016715
 10
0.0
 20
-498.6428412256268
 10
0.0
 20
-498.39292479108633
 10
0.0
 20
-498.14300835654603
 10
0.0
 20
-497.8930919220056
 10
0.0
 20
-497.6431754874652
 10
0.0
 20
-497.3932590529248
 10
0.0
 20
-497.14334261838445
 10
0.0
 20
-496.89342618384404
 10
0.0
 20
-496.64350974930363
 10
0.0
 20
-496.3935933147633
 10
0.0
 20
-496.14367688022287
 10
0.0
 20
-495.89376044568246
 10
0.0
 20
-495.64384401114205
 10
0.0
 20
-495.3939275766017
 10
0.0
 20
-495.14401114206134
 10
0.0
 20
-494.89409470752094
 10
0.0
 20
-494.6441782729805
 10
0.0
 20
-494.3942618384401
 10
0.0
 20
-494.14434540389976
 10
0.0
 20
-493.89442896935935
 10
0.0
 20
-493.644512534819
 10
0.0
 20
-493.3945961002786
 10
0.0
 20
-493.1446796657382
 10
0.0
 20
-492.89476323119777
 10
0.0
 20
-492.6448467966574
 10
0.0
 20
-492.394930362117
 10
0.0
 20
-492.1450139275766
 10
0.0
 20
-491.89509749303625
 10
0.0
 20
-491.64518105849584
 10
0.0
 20
-491.3952646239555
 10
0.0
 20
-491.1453481894151
 10
0.0
 20
-490.8954317548747
 10
0.0
 20
-490.6455153203343
 10
0.0
 20
-490.3955988857939
 10
0.0
 20
-490.1456824512535
 10
0.0
 20
-489.8957660167131
 10
0.0
 20
-489.64584958217273
 10
0.0
 20
-489.3959331476323
 10
0.0
 20
-489.1460167130919
 10
0.0
 20
-488.89610027855156
 10
0.0
 20
-488.6461838440112
 10
0.0
 20
-488.3962674094708
 10
0.0
 20
-488.1463509749304
 10
0.0
 20
-487.89643454039003
 10
0.0
 20
-487.6465181058496
 10
0.0
 20
-487.3966016713092
 10
0.0
 20
-487.1466852367688
 10
0.0
 20
-486.89676880222845
 10
0.0
 20
-486.64685236768804
 10
0.0
 20
-486.3969359331477
 10
0.0
 20
-486.1470194986073
 10
0.0
 20
-485.8971030640669
 10
0.0
 20
-485.6471866295265
 10
0.0
 20
-485.3972701949861
 10
0.0
 20
-485.1473537604457
 10
0.0
 20
-484.89743732590534
 10
0.0
 20
-484.64752089136493
 10
0.0
 20
-484.3976044568245
 10
0.0
 20
-484.1476880222841
 10
0.0
 20
-483.89777158774376
 10
0.0
 20
-483.6478551532034
 10
0.0
 20
-483.397938718663
 10
0.0
 20
-483.1480222841226
 10
0.0
 20
-482.8981058495822
 10
0.0
 20
-482.64818941504177
 10
0.0
 20
-482.3982729805014
 10
0.0
 20
-482.148356545961
 10
0.0
 20
-481.89844011142065
 10
0.0
 20
-481.64852367688025
 10
0.0
 20
-481.3986072423399
 10
0.0
 20
-481.1486908077995
 10
0.0
 20
-480.8987743732591
 10
0.0
 20
-480.6488579387187
 10
0.0
 20
-480.3989415041783
 10
0.0
 20
-480.1490250696379
 10
0.0
 20
-479.8991086350975
 10
0.0
 20
-479.64919220055714
 10
0.0
 20
-479.39927576601673
 10
0.0
 20
-479.1493593314763
 10
0.0
 20
-478.89944289693597
 10
0.0
 20
-478.64952646239556
 10
0.0
 20
-478.3996100278552
 10
0.0
 20
-478.14969359331474
 10
0.0
 20
-477.89977715877444
 10
0.0
 20
-477.64986072423403
 10
0.0
 20
-477.3999442896936
 10
0.0
 20
-477.1500278551532
 10
0.0
 20
-476.90011142061286
 10
0.0
 20
-476.65019498607245
 10
0.0
 20
-476.40027855153204
 10
0.0
 20
-476.1503621169917
 10
0.0
 20
-475.9004456824513
 10
0.0
 20
-475.6505292479109
 10
0.0
 20
-475.40061281337046
 10
0.0
 20
-475.1506963788301
 10
0.0
 20
-474.90077994428975
 10
0.0
 20
-474.65086350974934
 10
0.0
 20
-474.40094707520893
 10
0.0
 20
-474.1510306406685
 10
0.0
 20
-473.90111420612817
 10
0.0
 20
-473.65119777158776
 10
0.0
 20
-473.4012813370474
 10
0.0
 20
-473.151364902507
 10
0.0
 20
-472.9014484679666
 10
0.0
 20
-472.6515320334262
 10
0.0
 20
-472.4016155988858
 10
0.0
 20
-472.1516991643454
 10
0.0
 20
-471.901782729805
 10
0.0
 20
-471.65186629526465
 10
0.0
 20
-471.40194986072424
 10
0.0
 20
-471.1520334261839
 10
0.0
 20
-470.9021169916435
 10
0.0
 20
-470.65220055710313
 10
0.0
 20
-470.4022841225627
 10
0.0
 20
-470.1523676880223
 10
0.0
 20
-469.9024512534819
 10
0.0
 20
-469.6525348189415
 10
0.0
 20
-469.40261838440114
 10
0.0
 20
-469.1527019498607
 10
0.0
 20
-468.9027855153204
 10
0.0
 20
-468.65286908077996
 10
0.0
 20
-468.4029526462396
 10
0.0
 20
-468.15303621169915
 10
0.0
 20
-467.90311977715885
 10
0.0
 20
-467.65320334261844
 10
0.0
 20
-467.403286908078
 10
0.0
 20
-467.1533704735376
 10
0.0
 20
-466.9034540389972
 10
0.0
 20
-466.65353760445686
 10
0.0
 20
-466.40362116991645
 10
0.0
 20
-466.1537047353761
 10
0.0
 20
-465.9037883008357
 10
0.0
 20
-465.6538718662953
 10
0.0
 20
-465.40395543175487
 10
0.0
 20
-465.1540389972145
 10
0.0
 20
-464.90412256267416
 10
0.0
 20
-464.6542061281337
 10
0.0
 20
-464.40428969359334
 10
0.0
 20
-464.15437325905293
 10
0.0
 20
-463.9044568245126
 10
0.0
 20
-463.65454038997217
 10
0.0
 20
-463.4046239554318
 10
0.0
 20
-463.1547075208914
 10
0.0
 20
-462.904791086351
 10
0.0
 20
-462.6548746518106
 10
0.0
 20
-462.4049582172702
 10
0.0
 20
-462.1550417827298
 10
0.0
 20
-461.9051253481894
 10
0.0
 20
-461.65520891364906
 10
0.0
 20
-461.40529247910865
 10
0.0
 20
-461.15537604456824
 10
0.0
 20
-460.9054596100279
 10
0.0
 20
-460.6555431754875
 10
0.0
 20
-460.4056267409471
 10
0.0
 20
-460.15571030640666
 10
0.0
 20
-459.9057938718663
 10
0.0
 20
-459.6558774373259
 10
0.0
 20
-459.40596100278555
 10
0.0
 20
-459.15604456824514
 10
0.0
 20
-458.9061281337048
 10
0.0
 20
-458.6562116991644
 10
0.0
 20
-458.40629526462396
 10
0.0
 20
-458.15637883008355
 10
0.0
 20
-457.9064623955432
 10
0.0
 20
-457.65654596100285
 10
0.0
 20
-457.4066295264624
 10
0.0
 20
-457.15671309192203
 10
0.0
 20
-456.9067966573816
 10
0.0
 20
-456.65688022284127
 10
0.0
 20
-456.40696378830086
 10
0.0
 20
-456.1570473537605
 10
0.0
 20
-455.9071309192201
 10
0.0
 20
-455.6572144846797
 10
0.0
 20
-455.4072980501393
 10
0.0
 20
-455.1573816155989
 10
0.0
 20
-454.90746518105857
 10
0.0
 20
-454.6575487465181
 10
0.0
 20
-454.40763231197775
 10
0.0
 20
-454.15771587743734
 10
0.0
 20
-453.90779944289693
 10
0.0
 20
-453.6578830083566
 10
0.0
 20
-453.40796657381617
 10
0.0
 20
-453.1580501392758
 10
0.0
 20
-452.9081337047354
 10
0.0
 20
-452.658217270195
 10
0.0
 20
-452.4083008356546
 10
0.0
 20
-452.15838440111423
 10
0.0
 20
-451.9084679665738
 10
0.0
 20
-451.65855153203347
 10
0.0
 20
-451.40863509749306
 10
0.0
 20
-451.15871866295265
 10
0.0
 20
-450.9088022284123
 10
0.0
 20
-450.6588857938719
 10
0.0
 20
-450.4089693593315
 10
0.0
 20
-450.15905292479107
 10
0.0
 20
-449.9091364902507
 10
0.0
 20
-449.6592200557103
 10
0.0
 20
-449.40930362116995
 10
0.0
 20
-449.15938718662954
 10
0.0
 20
-448.90947075208913
 10
0.0
 20
-448.6595543175488
 10
0.0
 20
-448.4096378830084
 10
0.0
 20
-448.15972144846796
 10
0.0
 20
-447.90980501392755
 10
0.0
 20
-447.6598885793872
 10
0.0
 20
-447.4099721448468
 10
0.0
 20
-447.16005571030644
 10
0.0
 20
-446.910139275766
 10
0.0
 20
-446.6602228412256
 10
0.0
 20
-446.41030640668527
 10
0.0
 20
-446.16038997214486
 10
0.0
 20
-445.9104735376045
 10
0.0
 20
-445.6605571030641
 10
0.0
 20
-445.4106406685237
 10
0.0
 20
-445.1607242339833
 10
0.0
 20
-444.9108077994429
 10
0.0
 20
-444.6608913649025
 10
0.0
 20
-444.41097493036216
 10
0.0
 20
-444.16105849582175
 10
0.0
 20
-443.91114206128134
 10
0.0
 20
-443.661225626741
 10
0.0
 20
-443.4113091922006
 10
0.0
 20
-443.16139275766017
 10
0.0
 20
-442.9114763231198
 10
0.0
 20
-442.6615598885794
 10
0.0
 20
-442.411643454039
 10
0.0
 20
-442.16172701949864
 10
0.0
 20
-441.91181058495823
 10
0.0
 20
-441.6618941504179
 10
0.0
 20
-441.41197771587747
 10
0.0
 20
-441.16206128133706
 10
0.0
 20
-440.91214484679665
 10
0.0
 20
-440.6622284122563
 10
0.0
 20
-440.4123119777159
 10
0.0
 20
-440.1623955431755
 10
0.0
 20
-439.9124791086351
 10
0.0
 20
-439.6625626740947
 10
0.0
 20
-439.41264623955436
 10
0.0
 20
-439.16272980501395
 10
0.0
 20
-438.91281337047354
 10
0.0
 20
-438.6628969359332
 10
0.0
 20
-438.4129805013928
 10
0.0
 20
-438.16306406685237
 10
0.0
 20
-437.913147632312
 10
0.0
 20
-437.6632311977716
 10
0.0
 20
-437.4133147632312
 10
0.0
 20
-437.16339832869085
 10
0.0
 20
-436.91348189415044
 10
0.0
 20
-436.66356545961
 10
0.0
 20
-436.4136490250697
 10
0.0
 20
-436.16373259052926
 10
0.0
 20
-435.9138161559889
 10
0.0
 20
-435.6638997214485
 10
0.0
 20
-435.4139832869081
 10
0.0
 20
-435.1640668523677
 10
0.0
 20
-434.91415041782733
 10
0.0
 20
-434.6642339832869
 10
0.0
 20
-434.41431754874657
 10
0.0
 20
-434.16440111420616
 10
0.0
 20
-433.91448467966575
 10
0.0
 20
-433.66456824512534
 10
0.0
 20
-433.414651810585
 10
0.0
 20
-433.1647353760446
 10
0.0
 20
-432.9148189415042
 10
0.0
 20
-432.6649025069638
 10
0.0
 20
-432.4149860724234
 10
0.0
 20
-432.16506963788305
 10
0.0
 20
-431.91515320334264
 10
0.0
 20
-431.66523676880223
 10
0.0
 20
-431.4153203342619
 10
0.0
 20
-431.16540389972147
 10
0.0
 20
-430.91548746518106
 10
0.0
 20
-430.6655710306407
 10
0.0
 20
-430.4156545961003
 10
0.0
 20
-430.1657381615599
 10
0.0
 20
-429.91582172701953
 10
0.0
 20
-429.6659052924791
 10
0.0
 20
-429.41598885793877
 10
0.0
 20
-429.16607242339836
 10
0.0
 20
-428.91615598885795
 10
0.0
 20
-428.6662395543176
 10
0.0
 20
-428.4163231197772
 10
0.0
 20
-428.1664066852368
 10
0.0
 20
-427.9164902506964
 10
0.0
 20
-427.666573816156
 10
0.0
 20
-427.4166573816156
 10
0.0
 20
-427.16674094707525
 10
0.0
 20
-426.91682451253484
 10
0.0
 20
-426.66690807799444
 10
0.0
 20
-426.416991643454
 10
0.0
 20
-426.1670752089137
 10
0.0
 20
-425.9171587743733
 10
0.0
 20
-425.6672423398329
 10
0.0
 20
-425.4173259052925
 10
0.0
 20
-425.1674094707521
 10
0.0
 20
-424.91749303621174
 10
0.0
 20
-424.6675766016713
 10
0.0
 20
-424.417660167131
 10
0.0
 20
-424.16774373259057
 10
0.0
 20
-423.91782729805016
 10
0.0
 20
-423.66791086350975
 10
0.0
 20
-423.4179944289694
 10
0.0
 20
-423.168077994429
 10
0.0
 20
-422.91816155988863
 10
0.0
 20
-422.6682451253482
 10
0.0
 20
-422.4183286908078
 10
0.0
 20
-422.1684122562674
 10
0.0
 20
-421.91849582172705
 10
0.0
 20
-421.66857938718664
 10
0.0
 20
-421.4186629526463
 10
0.0
 20
-421.1687465181059
 10
0.0
 20
-420.91883008356547
 10
0.0
 20
-420.6689136490251
 10
0.0
 20
-420.4189972144847
 10
0.0
 20
-420.1690807799443
 10
0.0
 20
-419.91916434540394
 10
0.0
 20
-419.66924791086353
 10
0.0
 20
-419.4193314763231
 10
0.0
 20
-419.1694150417827
 10
0.0
 20
-418.91949860724236
 10
0.0
 20
-418.66958217270195
 10
0.0
 20
-418.4196657381616
 10
0.0
 20
-418.1697493036212
 10
0.0
 20
-417.91983286908084
 10
0.0
 20
-417.6699164345404
 10
0.0
 20
-417.42
 10
0.0
 20
-417.17008356545966
 10
0.0
 20
-416.92016713091925
 10
0.0
 20
-416.67025069637884
 10
0.0
 20
-416.42033426183843
 10
0.0
 20
-416.1704178272981
 10
0.0
 20
-415.92050139275767
 10
0.0
 20
-415.6705849582173
 10
0.0
 20
-415.4206685236769
 10
0.0
 20
-415.1707520891365
 10
0.0
 20
-414.92083565459615
 10
0.0
 20
-414.67091922005574
 10
0.0
 20
-414.4210027855153
 10
0.0
 20
-414.171086350975
 10
0.0
 20
-413.92116991643456
 10
0.0
 20
-413.67125348189415
 10
0.0
 20
-413.4213370473538
 10
0.0
 20
-413.1714206128134
 10
0.0
 20
-412.92150417827304
 10
0.0
 20
-412.67158774373263
 10
0.0
 20
-412.4216713091922
 10
0.0
 20
-412.1717548746518
 10
0.0
 20
-411.9218384401114
 10
0.0
 20
-411.67192200557105
 10
0.0
 20
-411.4220055710307
 10
0.0
 20
-411.1720891364903
 10
0.0
 20
-410.9221727019499
 10
0.0
 20
-410.6722562674095
 10
0.0
 20
-410.4223398328691
 10
0.0
 20
-410.1724233983287
 10
0.0
 20
-409.92250696378835
 10
0.0
 20
-409.67259052924794
 10
0.0
 20
-409.42267409470753
 10
0.0
 20
-409.1727576601671
 10
0.0
 20
-408.92284122562677
 10
0.0
 20
-408.67292479108636
 10
0.0
 20
-408.423008356546
 10
0.0
 20
-408.1730919220056
 10
0.0
 20
-407.9231754874652
 10
0.0
 20
-407.6732590529248
 10
0.0
 20
-407.42334261838437
 10
0.0
 20
-407.173426183844
 10
0.0
 20
-406.92350974930366
 10
0.0
 20
-406.67359331476325
 10
0.0
 20
-406.42367688022284
 10
0.0
 20
-406.1737604456825
 10
0.0
 20
-405.9238440111421
 10
0.0
 20
-405.6739275766017
 10
0.0
 20
-405.4240111420613
 10
0.0
 20
-405.1740947075209
 10
0.0
 20
-404.9241782729805
 10
0.0
 20
-404.6742618384401
 10
0.0
 20
-404.42434540389974
 10
0.0
 20
-404.1744289693594
 10
0.0
 20
-403.924512534819
 10
0.0
 20
-403.67459610027856
 10
0.0
 20
-403.42467966573815
 10
0.0
 20
-403.1747632311978
 10
0.0
 20
-402.9248467966574
 10
0.0
 20
-402.67493036211704
 10
0.0
 20
-402.42501392757663
 10
0.0
 20
-402.1750974930362
 10
0.0
 20
-401.9251810584958
 10
0.0
 20
-401.67526462395546
 10
0.0
 20
-401.42534818941505
 10
0.0
 20
-401.1754317548747
 10
0.0
 20
-400.9255153203343
 10
0.0
 20
-400.6755988857939
 10
0.0
 20
-400.42568245125346
 10
0.0
 20
-400.1757660167131
 10
0.0
 20
-399.92584958217276
 10
0.0
 20
-399.67593314763235
 10
0.0
 20
-399.42601671309194
 10
0.0
 20
-399.17610027855153
 10
0.0
 20
-398.9261838440112
 10
0.0
 20
-398.67626740947077
 10
0.0
 20
-398.4263509749304
 10
0.0
 20
-398.17643454039
 10
0.0
 20
-397.9265181058496
 10
0.0
 20
-397.6766016713092
 10
0.0
 20
-397.4266852367688
 10
0.0
 20
-397.1767688022285
 10
0.0
 20
-396.92685236768807
 10
0.0
 20
-396.67693593314766
 10
0.0
 20
-396.42701949860725
 10
0.0
 20
-396.17710306406684
 10
0.0
 20
-395.92718662952643
 10
0.0
 20
-395.67727019498614
 10
0.0
 20
-395.4273537604457
 10
0.0
 20
-395.1774373259053
 10
0.0
 20
-394.9275208913649
 10
0.0
 20
-394.6776044568245
 10
0.0
 20
-394.42768802228414
 10
0.0
 20
-394.17777158774373
 10
0.0
 20
-393.9278551532034
 10
0.0
 20
-393.677938718663
 10
0.0
 20
-393.42802228412256
 10
0.0
 20
-393.17810584958215
 10
0.0
 20
-392.9281894150418
 10
0.0
 20
-392.67827298050145
 10
0.0
 20
-392.42835654596104
 10
0.0
 20
-392.1784401114206
 10
0.0
 20
-391.9285236768802
 10
0.0
 20
-391.67860724233987
 10
0.0
 20
-391.42869080779946
 10
0.0
 20
-391.1787743732591
 10
0.0
 20
-390.9288579387187
 10
0.0
 20
-390.6789415041783
 10
0.0
 20
-390.4290250696379
 10
0.0
 20
-390.17910863509746
 10
0.0
 20
-389.9291922005571
 10
0.0
 20
-389.67927576601676
 10
0.0
 20
-389.42935933147635
 10
0.0
 20
-389.17944289693594
 10
0.0
 20
-388.92952646239553
 10
0.0
 20
-388.6796100278552
 10
0.0
 20
-388.4296935933148
 10
0.0
 20
-388.1797771587744
 10
0.0
 20
-387.929860724234
 10
0.0
 20
-387.6799442896936
 10
0.0
 20
-387.4300278551532
 10
0.0
 20
-387.18011142061283
 10
0.0
 20
-386.9301949860724
 10
0.0
 20
-386.68027855153207
 10
0.0
 20
-386.43036211699166
 10
0.0
 20
-386.18044568245125
 10
0.0
 20
-385.93052924791084
 10
0.0
 20
-385.68061281337054
 10
0.0
 20
-385.43069637883013
 10
0.0
 20
-385.1807799442897
 10
0.0
 20
-384.9308635097493
 10
0.0
 20
-384.6809470752089
 10
0.0
 20
-384.43103064066855
 10
0.0
 20
-384.18111420612814
 10
0.0
 20
-383.9311977715878
 10
0.0
 20
-383.6812813370474
 10
0.0
 20
-383.43136490250697
 10
0.0
 20
-383.18144846796656
 10
0.0
 20
-382.93153203342615
 10
0.0
 20
-382.68161559888586
 10
0.0
 20
-382.43169916434545
 10
0.0
 20
-382.18178272980504
 10
0.0
 20
-381.9318662952646
 10
0.0
 20
-381.6819498607243
 10
0.0
 20
-381.43203342618386
 10
0.0
 20
-381.1821169916435
 10
0.0
 20
-380.9322005571031
 10
0.0
 20
-380.6822841225627
 10
0.0
 20
-380.4323676880223
 10
0.0
 20
-380.1824512534819
 10
0.0
 20
-379.9325348189415
 10
0.0
 20
-379.6826183844011
 10
0.0
 20
-379.43270194986076
 10
0.0
 20
-379.18278551532035
 10
0.0
 20
-378.93286908077994
 10
0.0
 20
-378.6829526462395
 10
0.0
 20
-378.43303621169923
 10
0.0
 20
-378.1831197771588
 10
0.0
 20
-377.9332033426184
 10
0.0
 20
-377.683286908078
 10
0.0
 20
-377.4333704735376
 10
0.0
 20
-377.18345403899724
 10
0.0
 20
-376.93353760445683
 10
0.0
 20
-376.6836211699165
 10
0.0
 20
-376.43370473537607
 10
0.0
 20
-376.18378830083566
 10
0.0
 20
-375.93387186629525
 10
0.0
 20
-375.6839554317549
 10
0.0
 20
-375.43403899721454
 10
0.0
 20
-375.18412256267413
 10
0.0
 20
-374.9342061281337
 10
0.0
 20
-374.6842896935933
 10
0.0
 20
-374.43437325905296
 10
0.0
 20
-374.18445682451255
 10
0.0
 20
-373.9345403899722
 10
0.0
 20
-373.6846239554318
 10
0.0
 20
-373.4347075208914
 10
0.0
 20
-373.18479108635097
 10
0.0
 20
-372.93487465181056
 10
0.0
 20
-372.6849582172702
 10
0.0
 20
-372.43504178272985
 10
0.0
 20
-372.18512534818944
 10
0.0
 20
-371.93520891364903
 10
0.0
 20
-371.6852924791086
 10
0.0
 20
-371.4353760445682
 10
0.0
 20
-371.1854596100279
 10
0.0
 20
-370.9355431754875
 10
0.0
 20
-370.6856267409471
 10
0.0
 20
-370.4357103064067
 10
0.0
 20
-370.1857938718663
 10
0.0
 20
-369.9358774373259
 10
0.0
 20
-369.6859610027855
 10
0.0
 20
-369.43604456824517
 10
0.0
 20
-369.18612813370476
 10
0.0
 20
-368.93621169916435
 10
0.0
 20
-368.68629526462394
 10
0.0
 20
-368.4363788300836
 10
0.0
 20
-368.18646239554323
 10
0.0
 20
-367.9365459610028
 10
0.0
 20
-367.6866295264624
 10
0.0
 20
-367.436713091922
 10
0.0
 20
-367.18679665738165
 10
0.0
 20
-366.93688022284124
 10
0.0
 20
-366.6869637883009
 10
0.0
 20
-366.4370473537605
 10
0.0
 20
-366.18713091922007
 10
0.0
 20
-365.93721448467966
 10
0.0
 20
-365.6872980501393
 10
0.0
 20
-365.4373816155989
 10
0.0
 20
-365.18746518105854
 10
0.0
 20
-364.93754874651813
 10
0.0
 20
-364.6876323119777
 10
0.0
 20
-364.43771587743737
 10
0.0
 20
-364.18779944289696
 10
0.0
 20
-363.9378830083566
 10
0.0
 20
-363.6879665738162
 10
0.0
 20
-363.4380501392758
 10
0.0
 20
-363.1881337047354
 10
0.0
 20
-362.93821727019497
 10
0.0
 20
-362.6883008356546
 10
0.0
 20
-362.4383844011142
 10
0.0
 20
-362.18846796657385
 10
0.0
 20
-361.93855153203344
 10
0.0
 20
-361.68863509749303
 10
0.0
 20
-361.4387186629526
 10
0.0
 20
-361.18880222841227
 10
0.0
 20
-360.9388857938719
 10
0.0
 20
-360.6889693593315
 10
0.0
 20
-360.4390529247911
 10
0.0
 20
-360.1891364902507
 10
0.0
 20
-359.93922005571034
 10
0.0
 20
-359.6893036211699
 10
0.0
 20
-359.4393871866296
 10
0.0
 20
-359.18947075208916
 10
0.0
 20
-358.93955431754875
 10
0.0
 20
-358.68963788300834
 10
0.0
 20
-358.439721448468
 10
0.0
 20
-358.18980501392764
 10
0.0
 20
-357.93988857938723
 10
0.0
 20
-357.6899721448468
 10
0.0
 20
-357.4400557103064
 10
0.0
 20
-357.19013927576606
 10
0.0
 20
-356.94022284122565
 10
0.0
 20
-356.6903064066853
 10
0.0
 20
-356.4403899721449
 10
0.0
 20
-356.1904735376045
 10
0.0
 20
-355.94055710306407
 10
0.0
 20
-355.69064066852366
 10
0.0
 20
-355.4407242339833
 10
0.0
 20
-355.1908077994429
 10
0.0
 20
-354.94089136490254
 10
0.0
 20
-354.69097493036213
 10
0.0
 20
-354.4410584958217
 10
0.0
 20
-354.19114206128137
 10
0.0
 20
-353.94122562674096
 10
0.0
 20
-353.6913091922006
 10
0.0
 20
-353.4413927576602
 10
0.0
 20
-353.1914763231198
 10
0.0
 20
-352.9415598885794
 10
0.0
 20
-352.691643454039
 10
0.0
 20
-352.4417270194986
 10
0.0
 20
-352.19181058495826
 10
0.0
 20
-351.94189415041785
 10
0.0
 20
-351.69197771587744
 10
0.0
 20
-351.44206128133703
 10
0.0
 20
-351.1921448467967
 10
0.0
 20
-350.9422284122563
 10
0.0
 20
-350.6923119777159
 10
0.0
 20
-350.4423955431755
 10
0.0
 20
-350.1924791086351
 10
0.0
 20
-349.9425626740947
 10
0.0
 20
-349.69264623955434
 10
0.0
 20
-349.442729805014
 10
0.0
 20
-349.1928133704736
 10
0.0
 20
-348.94289693593316
 10
0.0
 20
-348.69298050139275
 10
0.0
 20
-348.44306406685234
 10
0.0
 20
-348.193147632312
 10
0.0
 20
-347.94323119777164
 10
0.0
 20
-347.69331476323123
 10
0.0
 20
-347.4433983286908
 10
0.0
 20
-347.1934818941504
 10
0.0
 20
-346.94356545961006
 10
0.0
 20
-346.69364902506965
 10
0.0
 20
-346.4437325905293
 10
0.0
 20
-346.1938161559889
 10
0.0
 20
-345.9438997214485
 10
0.0
 20
-345.69398328690806
 10
0.0
 20
-345.4440668523677
 10
0.0
 20
-345.1941504178273
 10
0.0
 20
-344.94423398328695
 10
0.0
 20
-344.69431754874654
 10
0.0
 20
-344.44440111420613
 10
0.0
 20
-344.1944846796658
 10
0.0
 20
-343.94456824512537
 10
0.0
 20
-343.694651810585
 10
0.0
 20
-343.4447353760446
 10
0.0
 20
-343.1948189415042
 10
0.0
 20
-342.9449025069638
 10
0.0
 20
-342.69498607242343
 10
0.0
 20
-342.445069637883
 10
0.0
 20
-342.19515320334267
 10
0.0
 20
-341.94523676880226
 10
0.0
 20
-341.69532033426185
 10
0.0
 20
-341.44540389972144
 10
0.0
 20
-341.19548746518103
 10
0.0
 20
-340.9455710306407
 10
0.0
 20
-340.6956545961003
 10
0.0
 20
-340.4457381615599
 10
0.0
 20
-340.1958217270195
 10
0.0
 20
-339.9459052924791
 10
0.0
 20
-339.69598885793874
 10
0.0
 20
-339.44607242339833
 10
0.0
 20
-339.196155988858
 10
0.0
 20
-338.9462395543176
 10
0.0
 20
-338.69632311977716
 10
0.0
 20
-338.44640668523675
 10
0.0
 20
-338.1964902506964
 10
0.0
 20
-337.946573816156
 10
0.0
 20
-337.69665738161564
 10
0.0
 20
-337.4467409470752
 10
0.0
 20
-337.1968245125348
 10
0.0
 20
-336.94690807799446
 10
0.0
 20
-336.69699164345406
 10
0.0
 20
-336.4470752089137
 10
0.0
 20
-336.1971587743733
 10
0.0
 20
-335.9472423398329
 10
0.0
 20
-335.6973259052925
 10
0.0
 20
-335.4474094707521
 10
0.0
 20
-335.1974930362117
 10
0.0
 20
-334.94757660167136
 10
0.0
 20
-334.69766016713095
 10
0.0
 20
-334.44774373259054
 10
0.0
 20
-334.19782729805013
 10
0.0
 20
-333.9479108635097
 10
0.0
 20
-333.6979944289694
 10
0.0
 20
-333.448077994429
 10
0.0
 20
-333.1981615598886
 10
0.0
 20
-332.9482451253482
 10
0.0
 20
-332.6983286908078
 10
0.0
 20
-332.44841225626743
 10
0.0
 20
-332.198495821727
 10
0.0
 20
-331.94857938718667
 10
0.0
 20
-331.69866295264626
 10
0.0
 20
-331.44874651810585
 10
0.0
 20
-331.19883008356544
 10
0.0
 20
-330.9489136490251
 10
0.0
 20
-330.6989972144847
 10
0.0
 20
-330.4490807799443
 10
0.0
 20
-330.1991643454039
 10
0.0
 20
-329.9492479108635
 10
0.0
 20
-329.69933147632315
 10
0.0
 20
-329.44941504178274
 10
0.0
 20
-329.1994986072424
 10
0.0
 20
-328.949582172702
 10
0.0
 20
-328.69966573816157
 10
0.0
 20
-328.44974930362116
 10
0.0
 20
-328.1998328690808
 10
0.0
 20
-327.9499164345404
  0
LWPOLYLINE
  5
C9
330
17
100
AcDbEntity
  8
REFERENCE_GEOMETRY
100
AcDbPolyline
 90
72
 70
1
 10
13.250000000591825
 20
-523.0000000025441
 10
13.241438071298253
 20
-522.8038995813619
 10
13.215817444869293
 20
-522.6092916027935
 10
13.173333109742229
 20
-522.4176571510634
 10
13.11430839736012
 20
-522.2304546800614
 10
13.039192521424287
 20
-522.0491089136275
 10
12.948557159106812
 20
-521.8750000025441
 10
12.843092100242057
 20
-521.7094530207543
 10
12.723599997609526
 20
-521.5537278807494
 10
12.590990258261558
 20
-521.4090097448743
 10
12.446272122386539
 20
-521.2764000055264
 10
12.290546982381679
 20
-521.1569079028939
 10
12.125000000591825
 20
-521.0514428440291
 10
11.9508910895084
 20
-520.9608074817116
 10
11.76954532307458
 20
-520.8856916057758
 10
11.582342852072497
 20
-520.8266668933937
 10
11.390708400342419
 20
-520.7841825582666
 10
11.196100421774055
 20
-520.7585619318377
 10
11.000000000591825
 20
-520.7500000025441
 10
10.803899579409595
 20
-520.7585619318377
 10
10.609291600841232
 20
-520.7841825582666
 10
10.417657149111154
 20
-520.8266668933937
 10
10.230454678109071
 20
-520.8856916057758
 10
10.049108911675251
 20
-520.9608074817116
 10
9.875000000591825
 20
-521.0514428440291
 10
9.709453018801971
 20
-521.1569079028939
 10
9.553727878797112
 20
-521.2764000055264
 10
9.409009742922093
 20
-521.4090097448743
 10
9.276400003574125
 20
-521.5537278807494
 10
9.156907900941594
 20
-521.7094530207543
 10
9.051442842076838
 20
-521.8750000025441
 10
8.960807479759364
 20
-522.0491089136275
 10
8.885691603823531
 20
-522.2304546800614
 10
8.826666891441421
 20
-522.4176571510634
 10
8.784182556314358
 20
-522.6092916027935
 10
8.758561929885397
 20
-522.8038995813619
 10
8.750000000591825
 20
-523.0000000025441
 10
8.758561929885397
 20
-523.1961004237263
 10
8.784182556314356
 20
-523.3907084022946
 10
8.826666891441421
 20
-523.5823428540248
 10
8.885691603823531
 20
-523.7695453250268
 10
8.960807479759362
 20
-523.9508910914607
 10
9.051442842076838
 20
-524.1250000025441
 10
9.156907900941594
 20
-524.2905469843339
 10
9.276400003574125
 20
-524.4462721243387
 10
9.409009742922093
 20
-524.5909902602139
 10
9.553727878797112
 20
-524.7235999995618
 10
9.709453018801973
 20
-524.8430921021943
 10
9.875000000591825
 20
-524.9485571610591
 10
10.049108911675251
 20
-525.0391925233765
 10
10.230454678109071
 20
-525.1143083993123
 10
10.417657149111154
 20
-525.1733331116944
 10
10.609291600841232
 20
-525.2158174468216
 10
10.803899579409594
 20
-525.2414380732505
 10
11.000000000591825
 20
-525.2500000025441
 10
11.196100421774055
 20
-525.2414380732505
 10
11.390708400342417
 20
-525.2158174468216
 10
11.582342852072497
 20
-525.1733331116944
 10
11.769545323074581
 20
-525.1143083993123
 10
11.950891089508398
 20
-525.0391925233765
 10
12.125000000591823
 20
-524.9485571610591
 10
12.290546982381679
 20
-524.8430921021943
 10
12.446272122386539
 20
-524.7235999995618
 10
12.590990258261556
 20
-524.5909902602139
 10
12.723599997609526
 20
-524.4462721243387
 10
12.843092100242057
 20
-524.2905469843339
 10
12.948557159106812
 20
-524.1250000025441
 10
13.039192521424287
 20
-523.9508910914607
 10
13.11430839736012
 20
-523.7695453250268
 10
13.173333109742229
 20
-523.5823428540248
 10
13.215817444869293
 20
-523.3907084022946
 10
13.241438071298253
 20
-523.1961004237263
  0
LWPOLYLINE
  5
CA
330
17
100
AcDbEntity
  8
REFERENCE_GEOMETRY
100
AcDbPolyline
 90
72
 70
1
 10
13.250000000106985
 20
-334.70000001135537
 10
13.241438070813498
 20
-334.50389959017514
 10
13.215817444384797
 20
-334.3092916116087
 10
13.17333310925816
 20
-334.11765715988054
 10
13.114308396876645
 20
-333.93045468888033
 10
13.039192520941569
 20
-333.7491089224484
 10
12.948557158625004
 20
-333.5750000113667
 10
12.84309209976131
 20
-333.4094530295785
 10
12.72359999712998
 20
-333.2537278895752
 10
12.590990257783346
 20
-333.1090097537016
 10
12.446272121909784
 20
-332.976400014355
 10
12.290546981906491
 20
-332.8569079117237
 10
12.125000000118304
 20
-332.75144285286
 10
11.950891089036627
 20
-332.66080749054345
 10
11.769545322604634
 20
-332.5856916146083
 10
11.582342851604434
 20
-332.52666690222685
 10
11.390708399876283
 20
-332.4841825671002
 10
11.196100421309879
 20
-332.4585619406715
 10
11.00000000012962
 20
-332.450000011378
 10
10.803899578949363
 20
-332.4585619406715
 10
10.609291600382958
 20
-332.4841825671002
 10
10.417657148654808
 20
-332.52666690222685
 10
10.230454677654608
 20
-332.5856916146083
 10
10.049108911222614
 20
-332.66080749054345
 10
9.87500000014094
 20
-332.75144285286
 10
9.70945301835275
 20
-332.8569079117237
 10
9.553727878349457
 20
-332.976400014355
 10
9.409009742475895
 20
-333.1090097537016
 10
9.276400003129261
 20
-333.2537278895752
 10
9.15690790049793
 20
-333.4094530295785
 10
9.051442841634238
 20
-333.5750000113667
 10
8.960807479317673
 20
-333.7491089224484
 10
8.885691603382599
 20
-333.93045468888033
 10
8.826666891001082
 20
-334.11765715988054
 10
8.784182555874445
 20
-334.3092916116087
 10
8.758561929445744
 20
-334.50389959017514
 10
8.750000000152257
 20
-334.70000001135537
 10
8.758561929445744
 20
-334.8961004325356
 10
8.784182555874445
 20
-335.090708411102
 10
8.826666891001082
 20
-335.2823428628302
 10
8.885691603382597
 20
-335.4695453338304
 10
8.960807479317673
 20
-335.65089110026236
 10
9.051442841634238
 20
-335.82500001134406
 10
9.15690790049793
 20
-335.9905469931322
 10
9.27640000312926
 20
-336.14627213313554
 10
9.409009742475895
 20
-336.2909902690091
 10
9.553727878349457
 20
-336.4236000083557
 10
9.709453018352752
 20
-336.54309211098706
 10
9.875000000140938
 20
-336.64855716985073
 10
10.049108911222612
 20
-336.7391925321673
 10
10.230454677654608
 20
-336.8143084081024
 10
10.417657148654808
 20
-336.8733331204839
 10
10.609291600382958
 20
-336.9158174556105
 10
10.803899578949363
 20
-336.94143808203927
 10
11.00000000012962
 20
-336.95000001133275
 10
11.196100421309879
 20
-336.94143808203927
 10
11.390708399876283
 20
-336.9158174556105
 10
11.582342851604432
 20
-336.8733331204839
 10
11.769545322604634
 20
-336.8143084081024
 10
11.950891089036627
 20
-336.7391925321673
 10
12.125000000118302
 20
-336.64855716985073
 10
12.290546981906491
 20
-336.54309211098706
 10
12.446272121909784
 20
-336.4236000083557
 10
12.590990257783346
 20
-336.2909902690091
 10
12.72359999712998
 20
-336.14627213313554
 10
12.843092099761309
 20
-335.9905469931322
 10
12.948557158625004
 20
-335.82500001134406
 10
13.039192520941567
 20
-335.65089110026236
 10
13.114308396876645
 20
-335.4695453338304
 10
13.17333310925816
 20
-335.2823428628302
 10
13.215817444384797
 20
-335.090708411102
 10
13.241438070813498
 20
-334.8961004325356
  0
DIMENSION
  5
CB
330
17
100
AcDbEntity
  8
REFERENCE_DIMENSIONS
100
AcDbDimension
280
0
  2
*D7
  3
Standard
 10
0.0
 20
-550.0
 30
0.0
 11
11.0
 21
-550.0
 31
0.0
 70
32
 71
5
  1
<>
100
AcDbAlignedDimension
 13
0.0
 23
-530.0
 33
0.0
 14
22.0
 24
-530.0
 34
0.0
 50
0.0
100
AcDbRotatedDimension
1001
ACAD
1000
DSTYLE
1002
{
1070
140
1040
3.0
1070
41
1040
2.0
1070
271
1070
3
1002
}
  0
DIMENSION
  5
DB
330
17
100
AcDbEntity
  8
REFERENCE_DIMENSIONS
100
AcDbDimension
280
0
  2
*D8
  3
Standard
 10
42.0
 20
-530.0
 30
0.0
 11
42.0
 21
-428.85
 31
0.0
 70
32
 71
5
  1
<>
100
AcDbAlignedDimension
 13
22.0
 23
-530.0
 33
0.0
 14
22.0
 24
-327.70000000000005
 34
0.0
 50
90.0
100
AcDbRotatedDimension
1001
ACAD
1000
DSTYLE
1002
{
1070
140
1040
3.0
1070
41
1040
2.0
1070
271
1070
3
1002
}
  0
TEXT
  5
EB
330
17
100
AcDbEntity
  8
REFERENCE_NOTES
100
AcDbText
 10
0.0
 20
-572.0
 30
0.0
 40
3.0
  1
hold_crossbeam_0
100
AcDbText
  0
TEXT
  5
EC
330
17
100
AcDbEntity
  8
REFERENCE_NOTES
100
AcDbText
 10
0.0
 20
-580.0
 30
0.0
 40
3.0
  1
WP03 R1 | mm | NOT_FOR_MANUFACTURE
100
AcDbText
  0
TEXT
  5
ED
330
17
100
AcDbEntity
  8
REFERENCE_NOTES
100
AcDbText
 10
0.0
 20
-588.0
 30
0.0
 40
3.0
  1
22 x 202.3 x 10 mm; station A global X=-115.
100
AcDbText
  0
TEXT
  5
EE
330
17
100
AcDbEntity
  8
REFERENCE_NOTES
100
AcDbText
 10
0.0
 20
-596.0
 30
0.0
 40
3.0
  1
2 x D4.5 @ X=-115, Y+/-94.15.
100
AcDbText
  0
TEXT
  5
EF
330
17
100
AcDbEntity
  8
REFERENCE_NOTES
100
AcDbText
 10
0.0
 20
-604.0
 30
0.0
 40
3.0
  1
Station B shares shape, global X=-40.
100
AcDbText
  0
TEXT
  5
F0
330
17
100
AcDbEntity
  8
REFERENCE_NOTES
100
AcDbText
 10
0.0
 20
-612.0
 30
0.0
 40
3.0
  1
Datum A: underside Z96.15; top Z106.15.
100
AcDbText
  0
TEXT
  5
F1
330
17
100
AcDbEntity
  8
REFERENCE_NOTES
100
AcDbText
 10
0.0
 20
-620.0
 30
0.0
 40
3.0
  1
Load enters roof longerons through physical lugs.
100
AcDbText
  0
TEXT
  5
F2
330
17
100
AcDbEntity
  8
REFERENCE_NOTES
100
AcDbText
 10
0.0
 20
-628.0
 30
0.0
 40
3.0
  1
Fastener retention / load capacity: TBD.
100
AcDbText
  0
LWPOLYLINE
  5
F3
330
17
100
AcDbEntity
  8
REFERENCE_GEOMETRY
100
AcDbPolyline
 90
448
 70
1
 10
480.0
 20
-500.0
 10
480.25
 20
-500.0
 10
480.5
 20
-500.0
 10
480.75
 20
-500.0
 10
481.0
 20
-500.0
 10
481.25
 20
-500.0
 10
481.5
 20
-500.0
 10
481.75
 20
-500.0
 10
482.0
 20
-500.0
 10
482.25
 20
-500.0
 10
482.5
 20
-500.0
 10
482.75
 20
-500.0
 10
483.0
 20
-500.0
 10
483.25
 20
-500.0
 10
483.5
 20
-500.0
 10
483.75
 20
-500.0
 10
484.0
 20
-500.0
 10
484.25
 20
-500.0
 10
484.5
 20
-500.0
 10
484.75
 20
-500.0
 10
485.0
 20
-500.0
 10
485.25
 20
-500.0
 10
485.5
 20
-500.0
 10
485.75
 20
-500.0
 10
486.0
 20
-500.0
 10
486.25
 20
-500.0
 10
486.5
 20
-500.0
 10
486.75
 20
-500.0
 10
487.0
 20
-500.0
 10
487.25
 20
-500.0
 10
487.5
 20
-500.0
 10
487.75
 20
-500.0
 10
488.0
 20
-500.0
 10
488.25
 20
-500.0
 10
488.5
 20
-500.0
 10
488.75
 20
-500.0
 10
489.0
 20
-500.0
 10
489.25
 20
-500.0
 10
489.5
 20
-500.0
 10
489.75
 20
-500.0
 10
490.0
 20
-500.0
 10
490.25
 20
-500.0
 10
490.5
 20
-500.0
 10
490.75
 20
-500.0
 10
491.0
 20
-500.0
 10
491.25
 20
-500.0
 10
491.5
 20
-500.0
 10
491.75
 20
-500.0
 10
492.0
 20
-500.0
 10
492.25
 20
-500.0
 10
492.5
 20
-500.0
 10
492.75
 20
-500.0
 10
493.0
 20
-500.0
 10
493.25
 20
-500.0
 10
493.5
 20
-500.0
 10
493.75
 20
-500.0
 10
494.0
 20
-500.0
 10
494.25
 20
-500.0
 10
494.5
 20
-500.0
 10
494.75
 20
-500.0
 10
495.0
 20
-500.0
 10
495.25
 20
-500.0
 10
495.5
 20
-500.0
 10
495.75
 20
-500.0
 10
496.0
 20
-500.0
 10
496.25
 20
-500.0
 10
496.5
 20
-500.0
 10
496.75
 20
-500.0
 10
497.0
 20
-500.0
 10
497.25
 20
-500.0
 10
497.5
 20
-500.0
 10
497.75
 20
-500.0
 10
498.0
 20
-500.0
 10
498.25
 20
-500.0
 10
498.5
 20
-500.0
 10
498.75
 20
-500.0
 10
499.0
 20
-500.0
 10
499.25
 20
-500.0
 10
499.5
 20
-500.0
 10
499.75
 20
-500.0
 10
500.0
 20
-500.0
 10
500.25
 20
-500.0
 10
500.5
 20
-500.0
 10
500.75
 20
-500.0
 10
501.0
 20
-500.0
 10
501.25
 20
-500.0
 10
501.5
 20
-500.0
 10
501.75
 20
-500.0
 10
502.0
 20
-500.0
 10
502.25
 20
-500.0
 10
502.5
 20
-500.0
 10
502.75
 20
-500.0
 10
503.0
 20
-500.0
 10
503.25
 20
-500.0
 10
503.5
 20
-500.0
 10
503.75
 20
-500.0
 10
504.0
 20
-500.0
 10
504.25
 20
-500.0
 10
504.5
 20
-500.0
 10
504.75
 20
-500.0
 10
505.0
 20
-500.0
 10
505.25
 20
-500.0
 10
505.5
 20
-500.0
 10
505.75
 20
-500.0
 10
506.0
 20
-500.0
 10
506.0
 20
-500.25
 10
506.0
 20
-500.5
 10
506.0
 20
-500.75
 10
506.0
 20
-501.0
 10
506.0
 20
-501.25
 10
506.0
 20
-501.5
 10
506.0
 20
-501.75
 10
506.0
 20
-502.0
 10
506.0
 20
-502.25
 10
506.0
 20
-502.5
 10
506.0
 20
-502.75
 10
506.0
 20
-503.0
 10
506.0
 20
-503.25
 10
506.0
 20
-503.5
 10
506.0
 20
-503.75
 10
506.0
 20
-504.0
 10
506.0
 20
-504.25
 10
506.0
 20
-504.5
 10
506.0
 20
-504.75
 10
506.0
 20
-505.0
 10
506.0
 20
-505.25
 10
506.0
 20
-505.5
 10
506.0
 20
-505.75
 10
506.0
 20
-506.0
 10
506.0
 20
-506.25
 10
506.0
 20
-506.5
 10
506.0
 20
-506.75
 10
506.0
 20
-507.0
 10
506.0
 20
-507.25
 10
506.0
 20
-507.5
 10
506.0
 20
-507.75
 10
506.0
 20
-508.0
 10
506.0
 20
-508.25
 10
506.0
 20
-508.5
 10
506.0
 20
-508.75
 10
506.0
 20
-509.0
 10
506.0
 20
-509.25
 10
506.0
 20
-509.5
 10
506.0
 20
-509.75
 10
506.0
 20
-510.0
 10
506.0
 20
-510.25
 10
506.0
 20
-510.5
 10
506.0
 20
-510.75
 10
506.0
 20
-511.0
 10
506.0
 20
-511.25
 10
506.0
 20
-511.5
 10
506.0
 20
-511.75
 10
506.0
 20
-512.0
 10
506.0
 20
-512.25
 10
506.0
 20
-512.5
 10
506.0
 20
-512.75
 10
506.0
 20
-513.0
 10
506.0
 20
-513.25
 10
506.0
 20
-513.5
 10
506.0
 20
-513.75
 10
506.0
 20
-514.0
 10
506.0
 20
-514.25
 10
506.0
 20
-514.5
 10
506.0
 20
-514.75
 10
506.0
 20
-515.0
 10
506.0
 20
-515.25
 10
506.0
 20
-515.5
 10
506.0
 20
-515.75
 10
506.0
 20
-516.0
 10
506.0
 20
-516.25
 10
506.0
 20
-516.5
 10
506.0
 20
-516.75
 10
506.0
 20
-517.0
 10
506.0
 20
-517.25
 10
506.0
 20
-517.5
 10
506.0
 20
-517.75
 10
506.0
 20
-518.0
 10
506.0
 20
-518.25
 10
506.0
 20
-518.5
 10
506.0
 20
-518.75
 10
506.0
 20
-519.0
 10
506.0
 20
-519.25
 10
506.0
 20
-519.5
 10
506.0
 20
-519.75
 10
506.0
 20
-520.0
 10
506.0
 20
-520.25
 10
506.0
 20
-520.5
 10
506.0
 20
-520.75
 10
506.0
 20
-521.0
 10
506.0
 20
-521.25
 10
506.0
 20
-521.5
 10
506.0
 20
-521.75
 10
506.0
 20
-522.0
 10
506.0
 20
-522.25
 10
506.0
 20
-522.5
 10
506.0
 20
-522.75
 10
506.0
 20
-523.0
 10
506.0
 20
-523.25
 10
506.0
 20
-523.5
 10
506.0
 20
-523.75
 10
506.0
 20
-524.0
 10
506.0
 20
-524.25
 10
506.0
 20
-524.5
 10
506.0
 20
-524.75
 10
506.0
 20
-525.0
 10
506.0
 20
-525.25
 10
506.0
 20
-525.5
 10
506.0
 20
-525.75
 10
506.0
 20
-526.0
 10
506.0
 20
-526.25
 10
506.0
 20
-526.5
 10
506.0
 20
-526.75
 10
506.0
 20
-527.0
 10
506.0
 20
-527.25
 10
506.0
 20
-527.5
 10
506.0
 20
-527.75
 10
506.0
 20
-528.0
 10
506.0
 20
-528.25
 10
506.0
 20
-528.5
 10
506.0
 20
-528.75
 10
506.0
 20
-529.0
 10
506.0
 20
-529.25
 10
506.0
 20
-529.5
 10
506.0
 20
-529.75
 10
506.0
 20
-530.0
 10
505.75
 20
-530.0
 10
505.5
 20
-530.0
 10
505.25
 20
-530.0
 10
505.0
 20
-530.0
 10
504.75
 20
-530.0
 10
504.5
 20
-530.0
 10
504.25
 20
-530.0
 10
504.0
 20
-530.0
 10
503.75
 20
-530.0
 10
503.5
 20
-530.0
 10
503.25
 20
-530.0
 10
503.0
 20
-530.0
 10
502.75
 20
-530.0
 10
502.5
 20
-530.0
 10
502.25
 20
-530.0
 10
502.0
 20
-530.0
 10
501.75
 20
-530.0
 10
501.5
 20
-530.0
 10
501.25
 20
-530.0
 10
501.0
 20
-530.0
 10
500.75
 20
-530.0
 10
500.5
 20
-530.0
 10
500.25
 20
-530.0
 10
500.0
 20
-530.0
 10
499.75
 20
-530.0
 10
499.5
 20
-530.0
 10
499.25
 20
-530.0
 10
499.0
 20
-530.0
 10
498.75
 20
-530.0
 10
498.5
 20
-530.0
 10
498.25
 20
-530.0
 10
498.0
 20
-530.0
 10
497.75
 20
-530.0
 10
497.5
 20
-530.0
 10
497.25
 20
-530.0
 10
497.0
 20
-530.0
 10
496.75
 20
-530.0
 10
496.5
 20
-530.0
 10
496.25
 20
-530.0
 10
496.0
 20
-530.0
 10
495.75
 20
-530.0
 10
495.5
 20
-530.0
 10
495.25
 20
-530.0
 10
495.0
 20
-530.0
 10
494.75
 20
-530.0
 10
494.5
 20
-530.0
 10
494.25
 20
-530.0
 10
494.0
 20
-530.0
 10
493.75
 20
-530.0
 10
493.5
 20
-530.0
 10
493.25
 20
-530.0
 10
493.0
 20
-530.0
 10
492.75
 20
-530.0
 10
492.5
 20
-530.0
 10
492.25
 20
-530.0
 10
492.0
 20
-530.0
 10
491.75
 20
-530.0
 10
491.5
 20
-530.0
 10
491.25
 20
-530.0
 10
491.0
 20
-530.0
 10
490.75
 20
-530.0
 10
490.5
 20
-530.0
 10
490.25
 20
-530.0
 10
490.0
 20
-530.0
 10
489.75
 20
-530.0
 10
489.5
 20
-530.0
 10
489.25
 20
-530.0
 10
489.0
 20
-530.0
 10
488.75
 20
-530.0
 10
488.5
 20
-530.0
 10
488.25
 20
-530.0
 10
488.0
 20
-530.0
 10
487.75
 20
-530.0
 10
487.5
 20
-530.0
 10
487.25
 20
-530.0
 10
487.0
 20
-530.0
 10
486.75
 20
-530.0
 10
486.5
 20
-530.0
 10
486.25
 20
-530.0
 10
486.0
 20
-530.0
 10
485.75
 20
-530.0
 10
485.5
 20
-530.0
 10
485.25
 20
-530.0
 10
485.0
 20
-530.0
 10
484.75
 20
-530.0
 10
484.5
 20
-530.0
 10
484.25
 20
-530.0
 10
484.0
 20
-530.0
 10
483.75
 20
-530.0
 10
483.5
 20
-530.0
 10
483.25
 20
-530.0
 10
483.0
 20
-530.0
 10
482.75
 20
-530.0
 10
482.5
 20
-530.0
 10
482.25
 20
-530.0
 10
482.0
 20
-530.0
 10
481.75
 20
-530.0
 10
481.5
 20
-530.0
 10
481.25
 20
-530.0
 10
481.0
 20
-530.0
 10
480.75
 20
-530.0
 10
480.5
 20
-530.0
 10
480.25
 20
-530.0
 10
480.0
 20
-530.0
 10
480.0
 20
-529.75
 10
480.0
 20
-529.5
 10
480.0
 20
-529.25
 10
480.0
 20
-529.0
 10
480.0
 20
-528.75
 10
480.0
 20
-528.5
 10
480.0
 20
-528.25
 10
480.0
 20
-528.0
 10
480.0
 20
-527.75
 10
480.0
 20
-527.5
 10
480.0
 20
-527.25
 10
480.0
 20
-527.0
 10
480.0
 20
-526.75
 10
480.0
 20
-526.5
 10
480.0
 20
-526.25
 10
480.0
 20
-526.0
 10
480.0
 20
-525.75
 10
480.0
 20
-525.5
 10
480.0
 20
-525.25
 10
480.0
 20
-525.0
 10
480.0
 20
-524.75
 10
480.0
 20
-524.5
 10
480.0
 20
-524.25
 10
480.0
 20
-524.0
 10
480.0
 20
-523.75
 10
480.0
 20
-523.5
 10
480.0
 20
-523.25
 10
480.0
 20
-523.0
 10
480.0
 20
-522.75
 10
480.0
 20
-522.5
 10
480.0
 20
-522.25
 10
480.0
 20
-522.0
 10
480.0
 20
-521.75
 10
480.0
 20
-521.5
 10
480.0
 20
-521.25
 10
480.0
 20
-521.0
 10
480.0
 20
-520.75
 10
480.0
 20
-520.5
 10
480.0
 20
-520.25
 10
480.0
 20
-520.0
 10
480.0
 20
-519.75
 10
480.0
 20
-519.5
 10
480.0
 20
-519.25
 10
480.0
 20
-519.0
 10
480.0
 20
-518.75
 10
480.0
 20
-518.5
 10
480.0
 20
-518.25
 10
480.0
 20
-518.0
 10
480.0
 20
-517.75
 10
480.0
 20
-517.5
 10
480.0
 20
-517.25
 10
480.0
 20
-517.0
 10
480.0
 20
-516.75
 10
480.0
 20
-516.5
 10
480.0
 20
-516.25
 10
480.0
 20
-516.0
 10
480.0
 20
-515.75
 10
480.0
 20
-515.5
 10
480.0
 20
-515.25
 10
480.0
 20
-515.0
 10
480.0
 20
-514.75
 10
480.0
 20
-514.5
 10
480.0
 20
-514.25
 10
480.0
 20
-514.0
 10
480.0
 20
-513.75
 10
480.0
 20
-513.5
 10
480.0
 20
-513.25
 10
480.0
 20
-513.0
 10
480.0
 20
-512.75
 10
480.0
 20
-512.5
 10
480.0
 20
-512.25
 10
480.0
 20
-512.0
 10
480.0
 20
-511.75
 10
480.0
 20
-511.5
 10
480.0
 20
-511.25
 10
480.0
 20
-511.0
 10
480.0
 20
-510.75
 10
480.0
 20
-510.5
 10
480.0
 20
-510.25
 10
480.0
 20
-510.0
 10
480.0
 20
-509.75
 10
480.0
 20
-509.5
 10
480.0
 20
-509.25
 10
480.0
 20
-509.0
 10
480.0
 20
-508.75
 10
480.0
 20
-508.5
 10
480.0
 20
-508.25
 10
480.0
 20
-508.0
 10
480.0
 20
-507.75
 10
480.0
 20
-507.5
 10
480.0
 20
-507.25
 10
480.0
 20
-507.0
 10
480.0
 20
-506.75
 10
480.0
 20
-506.5
 10
480.0
 20
-506.25
 10
480.0
 20
-506.0
 10
480.0
 20
-505.75
 10
480.0
 20
-505.5
 10
480.0
 20
-505.25
 10
480.0
 20
-505.0
 10
480.0
 20
-504.75
 10
480.0
 20
-504.5
 10
480.0
 20
-504.25
 10
480.0
 20
-504.0
 10
480.0
 20
-503.75
 10
480.0
 20
-503.5
 10
480.0
 20
-503.25
 10
480.0
 20
-503.0
 10
480.0
 20
-502.75
 10
480.0
 20
-502.5
 10
480.0
 20
-502.25
 10
480.0
 20
-502.0
 10
480.0
 20
-501.75
 10
480.0
 20
-501.5
 10
480.0
 20
-501.25
 10
480.0
 20
-501.0
 10
480.0
 20
-500.75
 10
480.0
 20
-500.5
 10
480.0
 20
-500.25
  0
LWPOLYLINE
  5
F4
330
17
100
AcDbEntity
  8
REFERENCE_GEOMETRY
100
AcDbPolyline
 90
72
 70
1
 10
497.20000001784143
 20
-513.0000000136434
 10
497.1840177498268
 20
-512.6339458941044
 10
497.1361925804929
 20
-512.2706776674445
 10
497.05688848825594
 20
-511.91296002421603
 10
496.946709025143
 20
-511.5635154116798
 10
496.8064927233965
 20
-511.22500331433764
 10
496.6373067137377
 20
-510.90000001364956
 10
496.4404386038574
 20
-510.59097898097605
 10
496.21738667894397
 20
-510.3002920529678
 10
495.96984849882847
 20
-510.0301515326686
 10
495.69970797852926
 20
-509.7826133525531
 10
495.409021050521
 20
-509.55956142763966
 10
495.1000000178475
 20
-509.36269331775935
 10
494.7749967171594
 20
-509.19350730810055
 10
494.43648461981724
 20
-509.0532910063541
 10
494.087040007281
 20
-508.9431115432411
 10
493.7293223640526
 20
-508.86380745100416
 10
493.3660541373927
 20
-508.81598228167024
 10
493.0000000178536
 20
-508.8000000136556
 10
492.6339458983145
 20
-508.81598228167024
 10
492.2706776716546
 20
-508.86380745100416
 10
491.9129600284262
 20
-508.9431115432411
 10
491.56351541589
 20
-509.0532910063541
 10
491.2250033185478
 20
-509.19350730810055
 10
490.9000000178597
 20
-509.36269331775935
 10
490.5909789851862
 20
-509.55956142763966
 10
490.30029205717796
 20
-509.7826133525531
 10
490.03015153687875
 20
-510.0301515326686
 10
489.78261335676325
 20
-510.3002920529678
 10
489.55956143184983
 20
-510.59097898097605
 10
489.3626933219695
 20
-510.90000001364956
 10
489.1935073123107
 20
-511.22500331433764
 10
489.05329101056424
 20
-511.5635154116798
 10
488.9431115474513
 20
-511.91296002421603
 10
488.8638074552143
 20
-512.2706776674445
 10
488.8159822858804
 20
-512.6339458941044
 10
488.8000000178658
 20
-513.0000000136434
 10
488.8159822858804
 20
-513.3660541331825
 10
488.8638074552143
 20
-513.7293223598424
 10
488.9431115474513
 20
-514.0870400030709
 10
489.05329101056424
 20
-514.4364846156071
 10
489.1935073123107
 20
-514.7749967129492
 10
489.3626933219695
 20
-515.1000000136373
 10
489.55956143184983
 20
-515.4090210463108
 10
489.78261335676325
 20
-515.699707974319
 10
490.03015153687875
 20
-515.9698484946183
 10
490.30029205717796
 20
-516.2173866747338
 10
490.5909789851862
 20
-516.4404385996472
 10
490.9000000178597
 20
-516.6373067095275
 10
491.2250033185478
 20
-516.8064927191863
 10
491.56351541589
 20
-516.9467090209328
 10
491.9129600284262
 20
-517.0568884840458
 10
492.2706776716546
 20
-517.1361925762827
 10
492.6339458983145
 20
-517.1840177456166
 10
493.0000000178536
 20
-517.2000000136312
 10
493.3660541373927
 20
-517.1840177456166
 10
493.7293223640526
 20
-517.1361925762827
 10
494.087040007281
 20
-517.0568884840458
 10
494.43648461981724
 20
-516.9467090209328
 10
494.7749967171594
 20
-516.8064927191863
 10
495.1000000178475
 20
-516.6373067095275
 10
495.409021050521
 20
-516.4404385996472
 10
495.69970797852926
 20
-516.2173866747338
 10
495.96984849882847
 20
-515.9698484946183
 10
496.21738667894397
 20
-515.699707974319
 10
496.4404386038574
 20
-515.4090210463108
 10
496.6373067137377
 20
-515.1000000136373
 10
496.8064927233965
 20
-514.7749967129492
 10
496.946709025143
 20
-514.4364846156071
 10
497.05688848825594
 20
-514.0870400030709
 10
497.1361925804929
 20
-513.7293223598424
 10
497.1840177498268
 20
-513.3660541331825
  0
DIMENSION
  5
F5
330
17
100
AcDbEntity
  8
REFERENCE_DIMENSIONS
100
AcDbDimension
280
0
  2
*D9
  3
Standard
 10
480.0
 20
-550.0
 30
0.0
 11
493.0
 21
-550.0
 31
0.0
 70
32
 71
5
  1
<>
100
AcDbAlignedDimension
 13
480.0
 23
-530.0
 33
0.0
 14
506.0
 24
-530.0
 34
0.0
 50
0.0
100
AcDbRotatedDimension
1001
ACAD
1000
DSTYLE
1002
{
1070
140
1040
3.0
1070
41
1040
2.0
1070
271
1070
3
1002
}
  0
DIMENSION
  5
105
330
17
100
AcDbEntity
  8
REFERENCE_DIMENSIONS
100
AcDbDimension
280
0
  2
*D10
  3
Standard
 10
526.0
 20
-530.0
 30
0.0
 11
526.0
 21
-515.0
 31
0.0
 70
32
 71
5
  1
<>
100
AcDbAlignedDimension
 13
506.0
 23
-530.0
 33
0.0
 14
506.0
 24
-500.0
 34
0.0
 50
90.0
100
AcDbRotatedDimension
1001
ACAD
1000
DSTYLE
1002
{
1070
140
1040
3.0
1070
41
1040
2.0
1070
271
1070
3
1002
}
  0
TEXT
  5
115
330
17
100
AcDbEntity
  8
REFERENCE_NOTES
100
AcDbText
 10
480.0
 20
-572.0
 30
0.0
 40
3.0
  1
hold_pivot_clevis_0
100
AcDbText
  0
TEXT
  5
116
330
17
100
AcDbEntity
  8
REFERENCE_NOTES
100
AcDbText
 10
480.0
 20
-580.0
 30
0.0
 40
3.0
  1
WP03 R1 | mm | NOT_FOR_MANUFACTURE
100
AcDbText
  0
TEXT
  5
117
330
17
100
AcDbEntity
  8
REFERENCE_NOTES
100
AcDbText
 10
480.0
 20
-588.0
 30
0.0
 40
3.0
  1
30 x 26 x 30 mm; station A X=-115, Y=-99.
100
AcDbText
  0
TEXT
  5
118
330
17
100
AcDbEntity
  8
REFERENCE_NOTES
100
AcDbText
 10
480.0
 20
-596.0
 30
0.0
 40
3.0
  1
Pivot axis +X at Y=-99, Z=135.15; D8.4 bore.
100
AcDbText
  0
TEXT
  5
119
330
17
100
AcDbEntity
  8
REFERENCE_NOTES
100
AcDbText
 10
480.0
 20
-604.0
 30
0.0
 40
3.0
  1
14 mm fork opening; mating mast boss 12 mm.
100
AcDbText
  0
TEXT
  5
11A
330
17
100
AcDbEntity
  8
REFERENCE_NOTES
100
AcDbText
 10
480.0
 20
-612.0
 30
0.0
 40
3.0
  1
Pin D8 x 34; axial capture method remains TBD.
100
AcDbText
  0
TEXT
  5
11B
330
17
100
AcDbEntity
  8
REFERENCE_NOTES
100
AcDbText
 10
480.0
 20
-620.0
 30
0.0
 40
3.0
  1
Pin26 -> cap100deg -> shoe80 -> mast90deg.
100
AcDbText
  0
TEXT
  5
11C
330
17
100
AcDbEntity
  8
REFERENCE_NOTES
100
AcDbText
 10
480.0
 20
-628.0
 30
0.0
 40
3.0
  1
Sequence is sampled geometry, not release qualification.
100
AcDbText
  0
LWPOLYLINE
  5
11D
330
17
100
AcDbEntity
  8
REFERENCE_GEOMETRY
100
AcDbPolyline
 90
1520
 70
1
 10
960.0
 20
-450.0
 10
960.25
 20
-450.0
 10
960.5
 20
-450.0
 10
960.75
 20
-450.0
 10
961.0
 20
-450.0
 10
961.25
 20
-450.0
 10
961.5
 20
-450.0
 10
961.75
 20
-450.0
 10
962.0
 20
-450.0
 10
962.25
 20
-450.0
 10
962.5
 20
-450.0
 10
962.75
 20
-450.0
 10
963.0
 20
-450.0
 10
963.25
 20
-450.0
 10
963.5
 20
-450.0
 10
963.75
 20
-450.0
 10
964.0
 20
-450.0
 10
964.25
 20
-450.0
 10
964.5
 20
-450.0
 10
964.75
 20
-450.0
 10
965.0
 20
-450.0
 10
965.25
 20
-450.0
 10
965.5
 20
-450.0
 10
965.75
 20
-450.0
 10
966.0
 20
-450.0
 10
966.25
 20
-450.0
 10
966.5
 20
-450.0
 10
966.75
 20
-450.0
 10
967.0
 20
-450.0
 10
967.25
 20
-450.0
 10
967.5
 20
-450.0
 10
967.75
 20
-450.0
 10
968.0
 20
-450.0
 10
968.25
 20
-450.0
 10
968.5
 20
-450.0
 10
968.75
 20
-450.0
 10
969.0
 20
-450.0
 10
969.25
 20
-450.0
 10
969.5
 20
-450.0
 10
969.75
 20
-450.0
 10
970.0
 20
-450.0
 10
970.25
 20
-450.0
 10
970.5
 20
-450.0
 10
970.75
 20
-450.0
 10
971.0
 20
-450.0
 10
971.25
 20
-450.0
 10
971.5
 20
-450.0
 10
971.75
 20
-450.0
 10
972.0
 20
-450.0
 10
972.25
 20
-450.0
 10
972.5
 20
-450.0
 10
972.75
 20
-450.0
 10
973.0
 20
-450.0
 10
973.25
 20
-450.0
 10
973.5
 20
-450.0
 10
973.75
 20
-450.0
 10
974.0
 20
-450.0
 10
974.25
 20
-450.0
 10
974.5
 20
-450.0
 10
974.75
 20
-450.0
 10
975.0
 20
-450.0
 10
975.25
 20
-450.0
 10
975.5
 20
-450.0
 10
975.75
 20
-450.0
 10
976.0
 20
-450.0
 10
976.25
 20
-450.0
 10
976.5
 20
-450.0
 10
976.75
 20
-450.0
 10
977.0
 20
-450.0
 10
977.25
 20
-450.0
 10
977.5
 20
-450.0
 10
977.75
 20
-450.0
 10
978.0
 20
-450.0
 10
978.25
 20
-450.0
 10
978.5
 20
-450.0
 10
978.75
 20
-450.0
 10
979.0
 20
-450.0
 10
979.25
 20
-450.0
 10
979.5
 20
-450.0
 10
979.75
 20
-450.0
 10
980.0
 20
-450.0
 10
980.25
 20
-450.0
 10
980.5
 20
-450.0
 10
980.75
 20
-450.0
 10
981.0
 20
-450.0
 10
981.25
 20
-450.0
 10
981.5
 20
-450.0
 10
981.75
 20
-450.0
 10
982.0
 20
-450.0
 10
982.25
 20
-450.0
 10
982.5
 20
-450.0
 10
982.75
 20
-450.0
 10
983.0
 20
-450.0
 10
983.25
 20
-450.0
 10
983.5
 20
-450.0
 10
983.75
 20
-450.0
 10
984.0
 20
-450.0
 10
984.25
 20
-450.0
 10
984.5
 20
-450.0
 10
984.75
 20
-450.0
 10
985.0
 20
-450.0
 10
985.25
 20
-450.0
 10
985.5
 20
-450.0
 10
985.75
 20
-450.0
 10
986.0
 20
-450.0
 10
986.25
 20
-450.0
 10
986.5
 20
-450.0
 10
986.75
 20
-450.0
 10
987.0
 20
-450.0
 10
987.25
 20
-450.0
 10
987.5
 20
-450.0
 10
987.75
 20
-450.0
 10
988.0
 20
-450.0
 10
988.25
 20
-450.0
 10
988.5
 20
-450.0
 10
988.75
 20
-450.0
 10
989.0
 20
-450.0
 10
989.25
 20
-450.0
 10
989.5
 20
-450.0
 10
989.75
 20
-450.0
 10
990.0
 20
-450.0
 10
990.25
 20
-450.0
 10
990.5
 20
-450.0
 10
990.75
 20
-450.0
 10
991.0
 20
-450.0
 10
991.25
 20
-450.0
 10
991.5
 20
-450.0
 10
991.75
 20
-450.0
 10
992.0
 20
-450.0
 10
992.25
 20
-450.0
 10
992.5
 20
-450.0
 10
992.75
 20
-450.0
 10
993.0
 20
-450.0
 10
993.25
 20
-450.0
 10
993.5
 20
-450.0
 10
993.75
 20
-450.0
 10
994.0
 20
-450.0
 10
994.25
 20
-450.0
 10
994.5
 20
-450.0
 10
994.75
 20
-450.0
 10
995.0
 20
-450.0
 10
995.25
 20
-450.0
 10
995.5
 20
-450.0
 10
995.75
 20
-450.0
 10
996.0
 20
-450.0
 10
996.25
 20
-450.0
 10
996.5
 20
-450.0
 10
996.75
 20
-450.0
 10
997.0
 20
-450.0
 10
997.25
 20
-450.0
 10
997.5
 20
-450.0
 10
997.75
 20
-450.0
 10
998.0
 20
-450.0
 10
998.25
 20
-450.0
 10
998.5
 20
-450.0
 10
998.75
 20
-450.0
 10
999.0
 20
-450.0
 10
999.25
 20
-450.0
 10
999.5
 20
-450.0
 10
999.75
 20
-450.0
 10
1000.0
 20
-450.0
 10
1000.25
 20
-450.0
 10
1000.5
 20
-450.0
 10
1000.75
 20
-450.0
 10
1001.0
 20
-450.0
 10
1001.25
 20
-450.0
 10
1001.5
 20
-450.0
 10
1001.75
 20
-450.0
 10
1002.0
 20
-450.0
 10
1002.25
 20
-450.0
 10
1002.5
 20
-450.0
 10
1002.75
 20
-450.0
 10
1003.0
 20
-450.0
 10
1003.25
 20
-450.0
 10
1003.5
 20
-450.0
 10
1003.75
 20
-450.0
 10
1004.0
 20
-450.0
 10
1004.25
 20
-450.0
 10
1004.5
 20
-450.0
 10
1004.75
 20
-450.0
 10
1005.0
 20
-450.0
 10
1005.25
 20
-450.0
 10
1005.5
 20
-450.0
 10
1005.75
 20
-450.0
 10
1006.0
 20
-450.0
 10
1006.25
 20
-450.0
 10
1006.5
 20
-450.0
 10
1006.75
 20
-450.0
 10
1007.0
 20
-450.0
 10
1007.25
 20
-450.0
 10
1007.5
 20
-450.0
 10
1007.75
 20
-450.0
 10
1008.0
 20
-450.0
 10
1008.25
 20
-450.0
 10
1008.5
 20
-450.0
 10
1008.75
 20
-450.0
 10
1009.0
 20
-450.0
 10
1009.25
 20
-450.0
 10
1009.5
 20
-450.0
 10
1009.75
 20
-450.0
 10
1010.0
 20
-450.0
 10
1010.25
 20
-450.0
 10
1010.5
 20
-450.0
 10
1010.75
 20
-450.0
 10
1011.0
 20
-450.0
 10
1011.25
 20
-450.0
 10
1011.5
 20
-450.0
 10
1011.75
 20
-450.0
 10
1012.0
 20
-450.0
 10
1012.25
 20
-450.0
 10
1012.5
 20
-450.0
 10
1012.75
 20
-450.0
 10
1013.0
 20
-450.0
 10
1013.25
 20
-450.0
 10
1013.5
 20
-450.0
 10
1013.75
 20
-450.0
 10
1014.0
 20
-450.0
 10
1014.25
 20
-450.0
 10
1014.5
 20
-450.0
 10
1014.75
 20
-450.0
 10
1015.0
 20
-450.0
 10
1015.25
 20
-450.0
 10
1015.5
 20
-450.0
 10
1015.75
 20
-450.0
 10
1016.0
 20
-450.0
 10
1016.25
 20
-450.0
 10
1016.5
 20
-450.0
 10
1016.75
 20
-450.0
 10
1017.0
 20
-450.0
 10
1017.25
 20
-450.0
 10
1017.5
 20
-450.0
 10
1017.75
 20
-450.0
 10
1018.0
 20
-450.0
 10
1018.25
 20
-450.0
 10
1018.5
 20
-450.0
 10
1018.75
 20
-450.0
 10
1019.0
 20
-450.0
 10
1019.25
 20
-450.0
 10
1019.5
 20
-450.0
 10
1019.75
 20
-450.0
 10
1020.0
 20
-450.0
 10
1020.25
 20
-450.0
 10
1020.5
 20
-450.0
 10
1020.75
 20
-450.0
 10
1021.0
 20
-450.0
 10
1021.25
 20
-450.0
 10
1021.5
 20
-450.0
 10
1021.75
 20
-450.0
 10
1022.0
 20
-450.0
 10
1022.25
 20
-450.0
 10
1022.5
 20
-450.0
 10
1022.75
 20
-450.0
 10
1023.0
 20
-450.0
 10
1023.25
 20
-450.0
 10
1023.5
 20
-450.0
 10
1023.75
 20
-450.0
 10
1024.0
 20
-450.0
 10
1024.25
 20
-450.0
 10
1024.5
 20
-450.0
 10
1024.75
 20
-450.0
 10
1025.0
 20
-450.0
 10
1025.25
 20
-450.0
 10
1025.5
 20
-450.0
 10
1025.75
 20
-450.0
 10
1026.0
 20
-450.0
 10
1026.25
 20
-450.0
 10
1026.5
 20
-450.0
 10
1026.75
 20
-450.0
 10
1027.0
 20
-450.0
 10
1027.25
 20
-450.0
 10
1027.5
 20
-450.0
 10
1027.75
 20
-450.0
 10
1028.0
 20
-450.0
 10
1028.25
 20
-450.0
 10
1028.5
 20
-450.0
 10
1028.75
 20
-450.0
 10
1029.0
 20
-450.0
 10
1029.25
 20
-450.0
 10
1029.5
 20
-450.0
 10
1029.75
 20
-450.0
 10
1030.0
 20
-450.0
 10
1030.25
 20
-450.0
 10
1030.5
 20
-450.0
 10
1030.75
 20
-450.0
 10
1031.0
 20
-450.0
 10
1031.25
 20
-450.0
 10
1031.5
 20
-450.0
 10
1031.75
 20
-450.0
 10
1032.0
 20
-450.0
 10
1032.25
 20
-450.0
 10
1032.5
 20
-450.0
 10
1032.75
 20
-450.0
 10
1033.0
 20
-450.0
 10
1033.25
 20
-450.0
 10
1033.5
 20
-450.0
 10
1033.75
 20
-450.0
 10
1034.0
 20
-450.0
 10
1034.25
 20
-450.0
 10
1034.5
 20
-450.0
 10
1034.75
 20
-450.0
 10
1035.0
 20
-450.0
 10
1035.25
 20
-450.0
 10
1035.5
 20
-450.0
 10
1035.75
 20
-450.0
 10
1036.0
 20
-450.0
 10
1036.25
 20
-450.0
 10
1036.5
 20
-450.0
 10
1036.75
 20
-450.0
 10
1037.0
 20
-450.0
 10
1037.25
 20
-450.0
 10
1037.5
 20
-450.0
 10
1037.75
 20
-450.0
 10
1038.0
 20
-450.0
 10
1038.25
 20
-450.0
 10
1038.5
 20
-450.0
 10
1038.75
 20
-450.0
 10
1039.0
 20
-450.0
 10
1039.25
 20
-450.0
 10
1039.5
 20
-450.0
 10
1039.75
 20
-450.0
 10
1040.0
 20
-450.0
 10
1040.25
 20
-450.0
 10
1040.5
 20
-450.0
 10
1040.75
 20
-450.0
 10
1041.0
 20
-450.0
 10
1041.25
 20
-450.0
 10
1041.5
 20
-450.0
 10
1041.75
 20
-450.0
 10
1042.0
 20
-450.0
 10
1042.25
 20
-450.0
 10
1042.5
 20
-450.0
 10
1042.75
 20
-450.0
 10
1043.0
 20
-450.0
 10
1043.25
 20
-450.0
 10
1043.5
 20
-450.0
 10
1043.75
 20
-450.0
 10
1044.0
 20
-450.0
 10
1044.25
 20
-450.0
 10
1044.5
 20
-450.0
 10
1044.75
 20
-450.0
 10
1045.0
 20
-450.0
 10
1045.25
 20
-450.0
 10
1045.5
 20
-450.0
 10
1045.75
 20
-450.0
 10
1046.0
 20
-450.0
 10
1046.25
 20
-450.0
 10
1046.5
 20
-450.0
 10
1046.75
 20
-450.0
 10
1047.0
 20
-450.0
 10
1047.25
 20
-450.0
 10
1047.5
 20
-450.0
 10
1047.75
 20
-450.0
 10
1048.0
 20
-450.0
 10
1048.25
 20
-450.0
 10
1048.5
 20
-450.0
 10
1048.75
 20
-450.0
 10
1049.0
 20
-450.0
 10
1049.25
 20
-450.0
 10
1049.5
 20
-450.0
 10
1049.75
 20
-450.0
 10
1050.0
 20
-450.0
 10
1050.25
 20
-450.0
 10
1050.5
 20
-450.0
 10
1050.75
 20
-450.0
 10
1051.0
 20
-450.0
 10
1051.25
 20
-450.0
 10
1051.5
 20
-450.0
 10
1051.75
 20
-450.0
 10
1052.0
 20
-450.0
 10
1052.25
 20
-450.0
 10
1052.5
 20
-450.0
 10
1052.75
 20
-450.0
 10
1053.0
 20
-450.0
 10
1053.25
 20
-450.0
 10
1053.5
 20
-450.0
 10
1053.75
 20
-450.0
 10
1054.0
 20
-450.0
 10
1054.25
 20
-450.0
 10
1054.5
 20
-450.0
 10
1054.75
 20
-450.0
 10
1055.0
 20
-450.0
 10
1055.25
 20
-450.0
 10
1055.5
 20
-450.0
 10
1055.75
 20
-450.0
 10
1056.0
 20
-450.0
 10
1056.25
 20
-450.0
 10
1056.5
 20
-450.0
 10
1056.75
 20
-450.0
 10
1057.0
 20
-450.0
 10
1057.25
 20
-450.0
 10
1057.5
 20
-450.0
 10
1057.75
 20
-450.0
 10
1058.0
 20
-450.0
 10
1058.25
 20
-450.0
 10
1058.5
 20
-450.0
 10
1058.75
 20
-450.0
 10
1059.0
 20
-450.0
 10
1059.25
 20
-450.0
 10
1059.5
 20
-450.0
 10
1059.75
 20
-450.0
 10
1060.0
 20
-450.0
 10
1060.25
 20
-450.0
 10
1060.5
 20
-450.0
 10
1060.75
 20
-450.0
 10
1061.0
 20
-450.0
 10
1061.25
 20
-450.0
 10
1061.5
 20
-450.0
 10
1061.75
 20
-450.0
 10
1062.0
 20
-450.0
 10
1062.25
 20
-450.0
 10
1062.5
 20
-450.0
 10
1062.75
 20
-450.0
 10
1063.0
 20
-450.0
 10
1063.25
 20
-450.0
 10
1063.5
 20
-450.0
 10
1063.75
 20
-450.0
 10
1064.0
 20
-450.0
 10
1064.25
 20
-450.0
 10
1064.5
 20
-450.0
 10
1064.75
 20
-450.0
 10
1065.0
 20
-450.0
 10
1065.25
 20
-450.0
 10
1065.5
 20
-450.0
 10
1065.75
 20
-450.0
 10
1066.0
 20
-450.0
 10
1066.25
 20
-450.0
 10
1066.5
 20
-450.0
 10
1066.75
 20
-450.0
 10
1067.0
 20
-450.0
 10
1067.25
 20
-450.0
 10
1067.5
 20
-450.0
 10
1067.75
 20
-450.0
 10
1068.0
 20
-450.0
 10
1068.25
 20
-450.0
 10
1068.5
 20
-450.0
 10
1068.75
 20
-450.0
 10
1069.0
 20
-450.0
 10
1069.25
 20
-450.0
 10
1069.5
 20
-450.0
 10
1069.75
 20
-450.0
 10
1070.0
 20
-450.0
 10
1070.0
 20
-450.25
 10
1070.0
 20
-450.5
 10
1070.0
 20
-450.75
 10
1070.0
 20
-451.0
 10
1070.0
 20
-451.25
 10
1070.0
 20
-451.5
 10
1070.0
 20
-451.75
 10
1070.0
 20
-452.0
 10
1070.0
 20
-452.25
 10
1070.0
 20
-452.5
 10
1070.0
 20
-452.75
 10
1070.0
 20
-453.0
 10
1070.0
 20
-453.25
 10
1070.0
 20
-453.5
 10
1070.0
 20
-453.75
 10
1070.0
 20
-454.0
 10
1070.0
 20
-454.25
 10
1070.0
 20
-454.5
 10
1070.0
 20
-454.75
 10
1070.0
 20
-455.0
 10
1070.0
 20
-455.25
 10
1070.0
 20
-455.5
 10
1070.0
 20
-455.75
 10
1070.0
 20
-456.0
 10
1070.0
 20
-456.25
 10
1070.0
 20
-456.5
 10
1070.0
 20
-456.75
 10
1070.0
 20
-457.0
 10
1070.0
 20
-457.25
 10
1070.0
 20
-457.5
 10
1070.0
 20
-457.75
 10
1070.0
 20
-458.0
 10
1070.0
 20
-458.25
 10
1070.0
 20
-458.5
 10
1070.0
 20
-458.75
 10
1070.0
 20
-459.0
 10
1070.0
 20
-459.25
 10
1070.0
 20
-459.5
 10
1070.0
 20
-459.75
 10
1070.0
 20
-460.0
 10
1070.0
 20
-460.25
 10
1070.0
 20
-460.5
 10
1070.0
 20
-460.75
 10
1070.0
 20
-461.0
 10
1070.0
 20
-461.25
 10
1070.0
 20
-461.5
 10
1070.0
 20
-461.75
 10
1070.0
 20
-462.0
 10
1070.0
 20
-462.25
 10
1070.0
 20
-462.5
 10
1070.0
 20
-462.75
 10
1070.0
 20
-463.0
 10
1070.0
 20
-463.25
 10
1070.0
 20
-463.5
 10
1070.0
 20
-463.75
 10
1070.0
 20
-464.0
 10
1070.0
 20
-464.25
 10
1070.0
 20
-464.5
 10
1070.0
 20
-464.75
 10
1070.0
 20
-465.0
 10
1070.0
 20
-465.25
 10
1070.0
 20
-465.5
 10
1070.0
 20
-465.75
 10
1070.0
 20
-466.0
 10
1070.0
 20
-466.25
 10
1070.0
 20
-466.5
 10
1070.0
 20
-466.75
 10
1070.0
 20
-467.0
 10
1070.0
 20
-467.25
 10
1070.0
 20
-467.5
 10
1070.0
 20
-467.75
 10
1070.0
 20
-468.0
 10
1070.0
 20
-468.25
 10
1070.0
 20
-468.5
 10
1070.0
 20
-468.75
 10
1070.0
 20
-469.0
 10
1070.0
 20
-469.25
 10
1070.0
 20
-469.5
 10
1070.0
 20
-469.75
 10
1070.0
 20
-470.0
 10
1070.0
 20
-470.25
 10
1070.0
 20
-470.5
 10
1070.0
 20
-470.75
 10
1070.0
 20
-471.0
 10
1070.0
 20
-471.25
 10
1070.0
 20
-471.5
 10
1070.0
 20
-471.75
 10
1070.0
 20
-472.0
 10
1070.0
 20
-472.25
 10
1070.0
 20
-472.5
 10
1070.0
 20
-472.75
 10
1070.0
 20
-473.0
 10
1070.0
 20
-473.25
 10
1070.0
 20
-473.5
 10
1070.0
 20
-473.75
 10
1070.0
 20
-474.0
 10
1070.0
 20
-474.25
 10
1070.0
 20
-474.5
 10
1070.0
 20
-474.75
 10
1070.0
 20
-475.0
 10
1070.0
 20
-475.25
 10
1070.0
 20
-475.5
 10
1070.0
 20
-475.75
 10
1070.0
 20
-476.0
 10
1070.0
 20
-476.25
 10
1070.0
 20
-476.5
 10
1070.0
 20
-476.75
 10
1070.0
 20
-477.0
 10
1070.0
 20
-477.25
 10
1070.0
 20
-477.5
 10
1070.0
 20
-477.75
 10
1070.0
 20
-478.0
 10
1070.0
 20
-478.25
 10
1070.0
 20
-478.5
 10
1070.0
 20
-478.75
 10
1070.0
 20
-479.0
 10
1070.0
 20
-479.25
 10
1070.0
 20
-479.5
 10
1070.0
 20
-479.75
 10
1070.0
 20
-480.0
 10
1070.0
 20
-480.25
 10
1070.0
 20
-480.5
 10
1070.0
 20
-480.75
 10
1070.0
 20
-481.0
 10
1070.0
 20
-481.25
 10
1070.0
 20
-481.5
 10
1070.0
 20
-481.75
 10
1070.0
 20
-482.0
 10
1070.0
 20
-482.25
 10
1070.0
 20
-482.5
 10
1070.0
 20
-482.75
 10
1070.0
 20
-483.0
 10
1070.0
 20
-483.25
 10
1070.0
 20
-483.5
 10
1070.0
 20
-483.75
 10
1070.0
 20
-484.0
 10
1070.0
 20
-484.25
 10
1070.0
 20
-484.5
 10
1070.0
 20
-484.75
 10
1070.0
 20
-485.0
 10
1070.0
 20
-485.25
 10
1070.0
 20
-485.5
 10
1070.0
 20
-485.75
 10
1070.0
 20
-486.0
 10
1070.0
 20
-486.25
 10
1070.0
 20
-486.5
 10
1070.0
 20
-486.75
 10
1070.0
 20
-487.0
 10
1070.0
 20
-487.25
 10
1070.0
 20
-487.5
 10
1070.0
 20
-487.75
 10
1070.0
 20
-488.0
 10
1070.0
 20
-488.25
 10
1070.0
 20
-488.5
 10
1070.0
 20
-488.75
 10
1070.0
 20
-489.0
 10
1070.0
 20
-489.25
 10
1070.0
 20
-489.5
 10
1070.0
 20
-489.75
 10
1070.0
 20
-490.0
 10
1070.0
 20
-490.25
 10
1070.0
 20
-490.5
 10
1070.0
 20
-490.75
 10
1070.0
 20
-491.0
 10
1070.0
 20
-491.25
 10
1070.0
 20
-491.5
 10
1070.0
 20
-491.75
 10
1070.0
 20
-492.0
 10
1070.0
 20
-492.25
 10
1070.0
 20
-492.5
 10
1070.0
 20
-492.75
 10
1070.0
 20
-493.0
 10
1070.0
 20
-493.25
 10
1070.0
 20
-493.5
 10
1070.0
 20
-493.75
 10
1070.0
 20
-494.0
 10
1070.0
 20
-494.25
 10
1070.0
 20
-494.5
 10
1070.0
 20
-494.75
 10
1070.0
 20
-495.0
 10
1070.0
 20
-495.25
 10
1070.0
 20
-495.5
 10
1070.0
 20
-495.75
 10
1070.0
 20
-496.0
 10
1070.0
 20
-496.25
 10
1070.0
 20
-496.5
 10
1070.0
 20
-496.75
 10
1070.0
 20
-497.0
 10
1070.0
 20
-497.25
 10
1070.0
 20
-497.5
 10
1070.0
 20
-497.75
 10
1070.0
 20
-498.0
 10
1070.0
 20
-498.25
 10
1070.0
 20
-498.5
 10
1070.0
 20
-498.75
 10
1070.0
 20
-499.0
 10
1070.0
 20
-499.25
 10
1070.0
 20
-499.5
 10
1070.0
 20
-499.75
 10
1070.0
 20
-500.0
 10
1070.0
 20
-500.25
 10
1070.0
 20
-500.5
 10
1070.0
 20
-500.75
 10
1070.0
 20
-501.0
 10
1070.0
 20
-501.25
 10
1070.0
 20
-501.5
 10
1070.0
 20
-501.75
 10
1070.0
 20
-502.0
 10
1070.0
 20
-502.25
 10
1070.0
 20
-502.5
 10
1070.0
 20
-502.75
 10
1070.0
 20
-503.0
 10
1070.0
 20
-503.25
 10
1070.0
 20
-503.5
 10
1070.0
 20
-503.75
 10
1070.0
 20
-504.0
 10
1070.0
 20
-504.25
 10
1070.0
 20
-504.5
 10
1070.0
 20
-504.75
 10
1070.0
 20
-505.0
 10
1070.0
 20
-505.25
 10
1070.0
 20
-505.5
 10
1070.0
 20
-505.75
 10
1070.0
 20
-506.0
 10
1070.0
 20
-506.25
 10
1070.0
 20
-506.5
 10
1070.0
 20
-506.75
 10
1070.0
 20
-507.0
 10
1070.0
 20
-507.25
 10
1070.0
 20
-507.5
 10
1070.0
 20
-507.75
 10
1070.0
 20
-508.0
 10
1070.0
 20
-508.25
 10
1070.0
 20
-508.5
 10
1070.0
 20
-508.75
 10
1070.0
 20
-509.0
 10
1070.0
 20
-509.25
 10
1070.0
 20
-509.5
 10
1070.0
 20
-509.75
 10
1070.0
 20
-510.0
 10
1070.0
 20
-510.25
 10
1070.0
 20
-510.5
 10
1070.0
 20
-510.75
 10
1070.0
 20
-511.0
 10
1070.0
 20
-511.25
 10
1070.0
 20
-511.5
 10
1070.0
 20
-511.75
 10
1070.0
 20
-512.0
 10
1070.0
 20
-512.25
 10
1070.0
 20
-512.5
 10
1070.0
 20
-512.75
 10
1070.0
 20
-513.0
 10
1070.0
 20
-513.25
 10
1070.0
 20
-513.5
 10
1070.0
 20
-513.75
 10
1070.0
 20
-514.0
 10
1070.0
 20
-514.25
 10
1070.0
 20
-514.5
 10
1070.0
 20
-514.75
 10
1070.0
 20
-515.0
 10
1070.0
 20
-515.25
 10
1070.0
 20
-515.5
 10
1070.0
 20
-515.75
 10
1070.0
 20
-516.0
 10
1070.0
 20
-516.25
 10
1070.0
 20
-516.5
 10
1070.0
 20
-516.75
 10
1070.0
 20
-517.0
 10
1070.0
 20
-517.25
 10
1070.0
 20
-517.5
 10
1070.0
 20
-517.75
 10
1070.0
 20
-518.0
 10
1070.0
 20
-518.25
 10
1070.0
 20
-518.5
 10
1070.0
 20
-518.75
 10
1070.0
 20
-519.0
 10
1070.0
 20
-519.25
 10
1070.0
 20
-519.5
 10
1070.0
 20
-519.75
 10
1070.0
 20
-520.0
 10
1070.0
 20
-520.25
 10
1070.0
 20
-520.5
 10
1070.0
 20
-520.75
 10
1070.0
 20
-521.0
 10
1070.0
 20
-521.25
 10
1070.0
 20
-521.5
 10
1070.0
 20
-521.75
 10
1070.0
 20
-522.0
 10
1070.0
 20
-522.25
 10
1070.0
 20
-522.5
 10
1070.0
 20
-522.75
 10
1070.0
 20
-523.0
 10
1070.0
 20
-523.25
 10
1070.0
 20
-523.5
 10
1070.0
 20
-523.75
 10
1070.0
 20
-524.0
 10
1070.0
 20
-524.25
 10
1070.0
 20
-524.5
 10
1070.0
 20
-524.75
 10
1070.0
 20
-525.0
 10
1070.0
 20
-525.25
 10
1070.0
 20
-525.5
 10
1070.0
 20
-525.75
 10
1070.0
 20
-526.0
 10
1070.0
 20
-526.25
 10
1070.0
 20
-526.5
 10
1070.0
 20
-526.75
 10
1070.0
 20
-527.0
 10
1070.0
 20
-527.25
 10
1070.0
 20
-527.5
 10
1070.0
 20
-527.75
 10
1070.0
 20
-528.0
 10
1070.0
 20
-528.25
 10
1070.0
 20
-528.5
 10
1070.0
 20
-528.75
 10
1070.0
 20
-529.0
 10
1070.0
 20
-529.25
 10
1070.0
 20
-529.5
 10
1070.0
 20
-529.75
 10
1070.0
 20
-530.0
 10
1069.75
 20
-530.0
 10
1069.5
 20
-530.0
 10
1069.25
 20
-530.0
 10
1069.0
 20
-530.0
 10
1068.75
 20
-530.0
 10
1068.5
 20
-530.0
 10
1068.25
 20
-530.0
 10
1068.0
 20
-530.0
 10
1067.75
 20
-530.0
 10
1067.5
 20
-530.0
 10
1067.25
 20
-530.0
 10
1067.0
 20
-530.0
 10
1066.75
 20
-530.0
 10
1066.5
 20
-530.0
 10
1066.25
 20
-530.0
 10
1066.0
 20
-530.0
 10
1065.75
 20
-530.0
 10
1065.5
 20
-530.0
 10
1065.25
 20
-530.0
 10
1065.0
 20
-530.0
 10
1064.75
 20
-530.0
 10
1064.5
 20
-530.0
 10
1064.25
 20
-530.0
 10
1064.0
 20
-530.0
 10
1063.75
 20
-530.0
 10
1063.5
 20
-530.0
 10
1063.25
 20
-530.0
 10
1063.0
 20
-530.0
 10
1062.75
 20
-530.0
 10
1062.5
 20
-530.0
 10
1062.25
 20
-530.0
 10
1062.0
 20
-530.0
 10
1061.75
 20
-530.0
 10
1061.5
 20
-530.0
 10
1061.25
 20
-530.0
 10
1061.0
 20
-530.0
 10
1060.75
 20
-530.0
 10
1060.5
 20
-530.0
 10
1060.25
 20
-530.0
 10
1060.0
 20
-530.0
 10
1059.75
 20
-530.0
 10
1059.5
 20
-530.0
 10
1059.25
 20
-530.0
 10
1059.0
 20
-530.0
 10
1058.75
 20
-530.0
 10
1058.5
 20
-530.0
 10
1058.25
 20
-530.0
 10
1058.0
 20
-530.0
 10
1057.75
 20
-530.0
 10
1057.5
 20
-530.0
 10
1057.25
 20
-530.0
 10
1057.0
 20
-530.0
 10
1056.75
 20
-530.0
 10
1056.5
 20
-530.0
 10
1056.25
 20
-530.0
 10
1056.0
 20
-530.0
 10
1055.75
 20
-530.0
 10
1055.5
 20
-530.0
 10
1055.25
 20
-530.0
 10
1055.0
 20
-530.0
 10
1054.75
 20
-530.0
 10
1054.5
 20
-530.0
 10
1054.25
 20
-530.0
 10
1054.0
 20
-530.0
 10
1053.75
 20
-530.0
 10
1053.5
 20
-530.0
 10
1053.25
 20
-530.0
 10
1053.0
 20
-530.0
 10
1052.75
 20
-530.0
 10
1052.5
 20
-530.0
 10
1052.25
 20
-530.0
 10
1052.0
 20
-530.0
 10
1051.75
 20
-530.0
 10
1051.5
 20
-530.0
 10
1051.25
 20
-530.0
 10
1051.0
 20
-530.0
 10
1050.75
 20
-530.0
 10
1050.5
 20
-530.0
 10
1050.25
 20
-530.0
 10
1050.0
 20
-530.0
 10
1049.75
 20
-530.0
 10
1049.5
 20
-530.0
 10
1049.25
 20
-530.0
 10
1049.0
 20
-530.0
 10
1048.75
 20
-530.0
 10
1048.5
 20
-530.0
 10
1048.25
 20
-530.0
 10
1048.0
 20
-530.0
 10
1047.75
 20
-530.0
 10
1047.5
 20
-530.0
 10
1047.25
 20
-530.0
 10
1047.0
 20
-530.0
 10
1046.75
 20
-530.0
 10
1046.5
 20
-530.0
 10
1046.25
 20
-530.0
 10
1046.0
 20
-530.0
 10
1045.75
 20
-530.0
 10
1045.5
 20
-530.0
 10
1045.25
 20
-530.0
 10
1045.0
 20
-530.0
 10
1044.75
 20
-530.0
 10
1044.5
 20
-530.0
 10
1044.25
 20
-530.0
 10
1044.0
 20
-530.0
 10
1043.75
 20
-530.0
 10
1043.5
 20
-530.0
 10
1043.25
 20
-530.0
 10
1043.0
 20
-530.0
 10
1042.75
 20
-530.0
 10
1042.5
 20
-530.0
 10
1042.25
 20
-530.0
 10
1042.0
 20
-530.0
 10
1041.75
 20
-530.0
 10
1041.5
 20
-530.0
 10
1041.25
 20
-530.0
 10
1041.0
 20
-530.0
 10
1040.75
 20
-530.0
 10
1040.5
 20
-530.0
 10
1040.25
 20
-530.0
 10
1040.0
 20
-530.0
 10
1039.75
 20
-530.0
 10
1039.5
 20
-530.0
 10
1039.25
 20
-530.0
 10
1039.0
 20
-530.0
 10
1038.75
 20
-530.0
 10
1038.5
 20
-530.0
 10
1038.25
 20
-530.0
 10
1038.0
 20
-530.0
 10
1037.75
 20
-530.0
 10
1037.5
 20
-530.0
 10
1037.25
 20
-530.0
 10
1037.0
 20
-530.0
 10
1036.75
 20
-530.0
 10
1036.5
 20
-530.0
 10
1036.25
 20
-530.0
 10
1036.0
 20
-530.0
 10
1035.75
 20
-530.0
 10
1035.5
 20
-530.0
 10
1035.25
 20
-530.0
 10
1035.0
 20
-530.0
 10
1034.75
 20
-530.0
 10
1034.5
 20
-530.0
 10
1034.25
 20
-530.0
 10
1034.0
 20
-530.0
 10
1033.75
 20
-530.0
 10
1033.5
 20
-530.0
 10
1033.25
 20
-530.0
 10
1033.0
 20
-530.0
 10
1032.75
 20
-530.0
 10
1032.5
 20
-530.0
 10
1032.25
 20
-530.0
 10
1032.0
 20
-530.0
 10
1031.75
 20
-530.0
 10
1031.5
 20
-530.0
 10
1031.25
 20
-530.0
 10
1031.0
 20
-530.0
 10
1030.75
 20
-530.0
 10
1030.5
 20
-530.0
 10
1030.25
 20
-530.0
 10
1030.0
 20
-530.0
 10
1029.75
 20
-530.0
 10
1029.5
 20
-530.0
 10
1029.25
 20
-530.0
 10
1029.0
 20
-530.0
 10
1028.75
 20
-530.0
 10
1028.5
 20
-530.0
 10
1028.25
 20
-530.0
 10
1028.0
 20
-530.0
 10
1027.75
 20
-530.0
 10
1027.5
 20
-530.0
 10
1027.25
 20
-530.0
 10
1027.0
 20
-530.0
 10
1026.75
 20
-530.0
 10
1026.5
 20
-530.0
 10
1026.25
 20
-530.0
 10
1026.0
 20
-530.0
 10
1025.75
 20
-530.0
 10
1025.5
 20
-530.0
 10
1025.25
 20
-530.0
 10
1025.0
 20
-530.0
 10
1024.75
 20
-530.0
 10
1024.5
 20
-530.0
 10
1024.25
 20
-530.0
 10
1024.0
 20
-530.0
 10
1023.75
 20
-530.0
 10
1023.5
 20
-530.0
 10
1023.25
 20
-530.0
 10
1023.0
 20
-530.0
 10
1022.75
 20
-530.0
 10
1022.5
 20
-530.0
 10
1022.25
 20
-530.0
 10
1022.0
 20
-530.0
 10
1021.75
 20
-530.0
 10
1021.5
 20
-530.0
 10
1021.25
 20
-530.0
 10
1021.0
 20
-530.0
 10
1020.75
 20
-530.0
 10
1020.5
 20
-530.0
 10
1020.25
 20
-530.0
 10
1020.0
 20
-530.0
 10
1019.75
 20
-530.0
 10
1019.5
 20
-530.0
 10
1019.25
 20
-530.0
 10
1019.0
 20
-530.0
 10
1018.75
 20
-530.0
 10
1018.5
 20
-530.0
 10
1018.25
 20
-530.0
 10
1018.0
 20
-530.0
 10
1017.75
 20
-530.0
 10
1017.5
 20
-530.0
 10
1017.25
 20
-530.0
 10
1017.0
 20
-530.0
 10
1016.75
 20
-530.0
 10
1016.5
 20
-530.0
 10
1016.25
 20
-530.0
 10
1016.0
 20
-530.0
 10
1015.75
 20
-530.0
 10
1015.5
 20
-530.0
 10
1015.25
 20
-530.0
 10
1015.0
 20
-530.0
 10
1014.75
 20
-530.0
 10
1014.5
 20
-530.0
 10
1014.25
 20
-530.0
 10
1014.0
 20
-530.0
 10
1013.75
 20
-530.0
 10
1013.5
 20
-530.0
 10
1013.25
 20
-530.0
 10
1013.0
 20
-530.0
 10
1012.75
 20
-530.0
 10
1012.5
 20
-530.0
 10
1012.25
 20
-530.0
 10
1012.0
 20
-530.0
 10
1011.75
 20
-530.0
 10
1011.5
 20
-530.0
 10
1011.25
 20
-530.0
 10
1011.0
 20
-530.0
 10
1010.75
 20
-530.0
 10
1010.5
 20
-530.0
 10
1010.25
 20
-530.0
 10
1010.0
 20
-530.0
 10
1009.75
 20
-530.0
 10
1009.5
 20
-530.0
 10
1009.25
 20
-530.0
 10
1009.0
 20
-530.0
 10
1008.75
 20
-530.0
 10
1008.5
 20
-530.0
 10
1008.25
 20
-530.0
 10
1008.0
 20
-530.0
 10
1007.75
 20
-530.0
 10
1007.5
 20
-530.0
 10
1007.25
 20
-530.0
 10
1007.0
 20
-530.0
 10
1006.75
 20
-530.0
 10
1006.5
 20
-530.0
 10
1006.25
 20
-530.0
 10
1006.0
 20
-530.0
 10
1005.75
 20
-530.0
 10
1005.5
 20
-530.0
 10
1005.25
 20
-530.0
 10
1005.0
 20
-530.0
 10
1004.75
 20
-530.0
 10
1004.5
 20
-530.0
 10
1004.25
 20
-530.0
 10
1004.0
 20
-530.0
 10
1003.75
 20
-530.0
 10
1003.5
 20
-530.0
 10
1003.25
 20
-530.0
 10
1003.0
 20
-530.0
 10
1002.75
 20
-530.0
 10
1002.5
 20
-530.0
 10
1002.25
 20
-530.0
 10
1002.0
 20
-530.0
 10
1001.75
 20
-530.0
 10
1001.5
 20
-530.0
 10
1001.25
 20
-530.0
 10
1001.0
 20
-530.0
 10
1000.75
 20
-530.0
 10
1000.5
 20
-530.0
 10
1000.25
 20
-530.0
 10
1000.0
 20
-530.0
 10
999.75
 20
-530.0
 10
999.5
 20
-530.0
 10
999.25
 20
-530.0
 10
999.0
 20
-530.0
 10
998.75
 20
-530.0
 10
998.5
 20
-530.0
 10
998.25
 20
-530.0
 10
998.0
 20
-530.0
 10
997.75
 20
-530.0
 10
997.5
 20
-530.0
 10
997.25
 20
-530.0
 10
997.0
 20
-530.0
 10
996.75
 20
-530.0
 10
996.5
 20
-530.0
 10
996.25
 20
-530.0
 10
996.0
 20
-530.0
 10
995.75
 20
-530.0
 10
995.5
 20
-530.0
 10
995.25
 20
-530.0
 10
995.0
 20
-530.0
 10
994.75
 20
-530.0
 10
994.5
 20
-530.0
 10
994.25
 20
-530.0
 10
994.0
 20
-530.0
 10
993.75
 20
-530.0
 10
993.5
 20
-530.0
 10
993.25
 20
-530.0
 10
993.0
 20
-530.0
 10
992.75
 20
-530.0
 10
992.5
 20
-530.0
 10
992.25
 20
-530.0
 10
992.0
 20
-530.0
 10
991.75
 20
-530.0
 10
991.5
 20
-530.0
 10
991.25
 20
-530.0
 10
991.0
 20
-530.0
 10
990.75
 20
-530.0
 10
990.5
 20
-530.0
 10
990.25
 20
-530.0
 10
990.0
 20
-530.0
 10
989.75
 20
-530.0
 10
989.5
 20
-530.0
 10
989.25
 20
-530.0
 10
989.0
 20
-530.0
 10
988.75
 20
-530.0
 10
988.5
 20
-530.0
 10
988.25
 20
-530.0
 10
988.0
 20
-530.0
 10
987.75
 20
-530.0
 10
987.5
 20
-530.0
 10
987.25
 20
-530.0
 10
987.0
 20
-530.0
 10
986.75
 20
-530.0
 10
986.5
 20
-530.0
 10
986.25
 20
-530.0
 10
986.0
 20
-530.0
 10
985.75
 20
-530.0
 10
985.5
 20
-530.0
 10
985.25
 20
-530.0
 10
985.0
 20
-530.0
 10
984.75
 20
-530.0
 10
984.5
 20
-530.0
 10
984.25
 20
-530.0
 10
984.0
 20
-530.0
 10
983.75
 20
-530.0
 10
983.5
 20
-530.0
 10
983.25
 20
-530.0
 10
983.0
 20
-530.0
 10
982.75
 20
-530.0
 10
982.5
 20
-530.0
 10
982.25
 20
-530.0
 10
982.0
 20
-530.0
 10
981.75
 20
-530.0
 10
981.5
 20
-530.0
 10
981.25
 20
-530.0
 10
981.0
 20
-530.0
 10
980.75
 20
-530.0
 10
980.5
 20
-530.0
 10
980.25
 20
-530.0
 10
980.0
 20
-530.0
 10
979.75
 20
-530.0
 10
979.5
 20
-530.0
 10
979.25
 20
-530.0
 10
979.0
 20
-530.0
 10
978.75
 20
-530.0
 10
978.5
 20
-530.0
 10
978.25
 20
-530.0
 10
978.0
 20
-530.0
 10
977.75
 20
-530.0
 10
977.5
 20
-530.0
 10
977.25
 20
-530.0
 10
977.0
 20
-530.0
 10
976.75
 20
-530.0
 10
976.5
 20
-530.0
 10
976.25
 20
-530.0
 10
976.0
 20
-530.0
 10
975.75
 20
-530.0
 10
975.5
 20
-530.0
 10
975.25
 20
-530.0
 10
975.0
 20
-530.0
 10
974.75
 20
-530.0
 10
974.5
 20
-530.0
 10
974.25
 20
-530.0
 10
974.0
 20
-530.0
 10
973.75
 20
-530.0
 10
973.5
 20
-530.0
 10
973.25
 20
-530.0
 10
973.0
 20
-530.0
 10
972.75
 20
-530.0
 10
972.5
 20
-530.0
 10
972.25
 20
-530.0
 10
972.0
 20
-530.0
 10
971.75
 20
-530.0
 10
971.5
 20
-530.0
 10
971.25
 20
-530.0
 10
971.0
 20
-530.0
 10
970.75
 20
-530.0
 10
970.5
 20
-530.0
 10
970.25
 20
-530.0
 10
970.0
 20
-530.0
 10
969.75
 20
-530.0
 10
969.5
 20
-530.0
 10
969.25
 20
-530.0
 10
969.0
 20
-530.0
 10
968.75
 20
-530.0
 10
968.5
 20
-530.0
 10
968.25
 20
-530.0
 10
968.0
 20
-530.0
 10
967.75
 20
-530.0
 10
967.5
 20
-530.0
 10
967.25
 20
-530.0
 10
967.0
 20
-530.0
 10
966.75
 20
-530.0
 10
966.5
 20
-530.0
 10
966.25
 20
-530.0
 10
966.0
 20
-530.0
 10
965.75
 20
-530.0
 10
965.5
 20
-530.0
 10
965.25
 20
-530.0
 10
965.0
 20
-530.0
 10
964.75
 20
-530.0
 10
964.5
 20
-530.0
 10
964.25
 20
-530.0
 10
964.0
 20
-530.0
 10
963.75
 20
-530.0
 10
963.5
 20
-530.0
 10
963.25
 20
-530.0
 10
963.0
 20
-530.0
 10
962.75
 20
-530.0
 10
962.5
 20
-530.0
 10
962.25
 20
-530.0
 10
962.0
 20
-530.0
 10
961.75
 20
-530.0
 10
961.5
 20
-530.0
 10
961.25
 20
-530.0
 10
961.0
 20
-530.0
 10
960.75
 20
-530.0
 10
960.5
 20
-530.0
 10
960.25
 20
-530.0
 10
960.0
 20
-530.0
 10
960.0
 20
-529.75
 10
960.0
 20
-529.5
 10
960.0
 20
-529.25
 10
960.0
 20
-529.0
 10
960.0
 20
-528.75
 10
960.0
 20
-528.5
 10
960.0
 20
-528.25
 10
960.0
 20
-528.0
 10
960.0
 20
-527.75
 10
960.0
 20
-527.5
 10
960.0
 20
-527.25
 10
960.0
 20
-527.0
 10
960.0
 20
-526.75
 10
960.0
 20
-526.5
 10
960.0
 20
-526.25
 10
960.0
 20
-526.0
 10
960.0
 20
-525.75
 10
960.0
 20
-525.5
 10
960.0
 20
-525.25
 10
960.0
 20
-525.0
 10
960.0
 20
-524.75
 10
960.0
 20
-524.5
 10
960.0
 20
-524.25
 10
960.0
 20
-524.0
 10
960.0
 20
-523.75
 10
960.0
 20
-523.5
 10
960.0
 20
-523.25
 10
960.0
 20
-523.0
 10
960.0
 20
-522.75
 10
960.0
 20
-522.5
 10
960.0
 20
-522.25
 10
960.0
 20
-522.0
 10
960.0
 20
-521.75
 10
960.0
 20
-521.5
 10
960.0
 20
-521.25
 10
960.0
 20
-521.0
 10
960.0
 20
-520.75
 10
960.0
 20
-520.5
 10
960.0
 20
-520.25
 10
960.0
 20
-520.0
 10
960.0
 20
-519.75
 10
960.0
 20
-519.5
 10
960.0
 20
-519.25
 10
960.0
 20
-519.0
 10
960.0
 20
-518.75
 10
960.0
 20
-518.5
 10
960.0
 20
-518.25
 10
960.0
 20
-518.0
 10
960.0
 20
-517.75
 10
960.0
 20
-517.5
 10
960.0
 20
-517.25
 10
960.0
 20
-517.0
 10
960.0
 20
-516.75
 10
960.0
 20
-516.5
 10
960.0
 20
-516.25
 10
960.0
 20
-516.0
 10
960.0
 20
-515.75
 10
960.0
 20
-515.5
 10
960.0
 20
-515.25
 10
960.0
 20
-515.0
 10
960.0
 20
-514.75
 10
960.0
 20
-514.5
 10
960.0
 20
-514.25
 10
960.0
 20
-514.0
 10
960.0
 20
-513.75
 10
960.0
 20
-513.5
 10
960.0
 20
-513.25
 10
960.0
 20
-513.0
 10
960.0
 20
-512.75
 10
960.0
 20
-512.5
 10
960.0
 20
-512.25
 10
960.0
 20
-512.0
 10
960.0
 20
-511.75
 10
960.0
 20
-511.5
 10
960.0
 20
-511.25
 10
960.0
 20
-511.0
 10
960.0
 20
-510.75
 10
960.0
 20
-510.5
 10
960.0
 20
-510.25
 10
960.0
 20
-510.0
 10
960.0
 20
-509.75
 10
960.0
 20
-509.5
 10
960.0
 20
-509.25
 10
960.0
 20
-509.0
 10
960.0
 20
-508.75
 10
960.0
 20
-508.5
 10
960.0
 20
-508.25
 10
960.0
 20
-508.0
 10
960.0
 20
-507.75
 10
960.0
 20
-507.5
 10
960.0
 20
-507.25
 10
960.0
 20
-507.0
 10
960.0
 20
-506.75
 10
960.0
 20
-506.5
 10
960.0
 20
-506.25
 10
960.0
 20
-506.0
 10
960.0
 20
-505.75
 10
960.0
 20
-505.5
 10
960.0
 20
-505.25
 10
960.0
 20
-505.0
 10
960.0
 20
-504.75
 10
960.0
 20
-504.5
 10
960.0
 20
-504.25
 10
960.0
 20
-504.0
 10
960.0
 20
-503.75
 10
960.0
 20
-503.5
 10
960.0
 20
-503.25
 10
960.0
 20
-503.0
 10
960.0
 20
-502.75
 10
960.0
 20
-502.5
 10
960.0
 20
-502.25
 10
960.0
 20
-502.0
 10
960.0
 20
-501.75
 10
960.0
 20
-501.5
 10
960.0
 20
-501.25
 10
960.0
 20
-501.0
 10
960.0
 20
-500.75
 10
960.0
 20
-500.5
 10
960.0
 20
-500.25
 10
960.0
 20
-500.0
 10
960.0
 20
-499.75
 10
960.0
 20
-499.5
 10
960.0
 20
-499.25
 10
960.0
 20
-499.0
 10
960.0
 20
-498.75
 10
960.0
 20
-498.5
 10
960.0
 20
-498.25
 10
960.0
 20
-498.0
 10
960.0
 20
-497.75
 10
960.0
 20
-497.5
 10
960.0
 20
-497.25
 10
960.0
 20
-497.0
 10
960.0
 20
-496.75
 10
960.0
 20
-496.5
 10
960.0
 20
-496.25
 10
960.0
 20
-496.0
 10
960.0
 20
-495.75
 10
960.0
 20
-495.5
 10
960.0
 20
-495.25
 10
960.0
 20
-495.0
 10
960.0
 20
-494.75
 10
960.0
 20
-494.5
 10
960.0
 20
-494.25
 10
960.0
 20
-494.0
 10
960.0
 20
-493.75
 10
960.0
 20
-493.5
 10
960.0
 20
-493.25
 10
960.0
 20
-493.0
 10
960.0
 20
-492.75
 10
960.0
 20
-492.5
 10
960.0
 20
-492.25
 10
960.0
 20
-492.0
 10
960.0
 20
-491.75
 10
960.0
 20
-491.5
 10
960.0
 20
-491.25
 10
960.0
 20
-491.0
 10
960.0
 20
-490.75
 10
960.0
 20
-490.5
 10
960.0
 20
-490.25
 10
960.0
 20
-490.0
 10
960.0
 20
-489.75
 10
960.0
 20
-489.5
 10
960.0
 20
-489.25
 10
960.0
 20
-489.0
 10
960.0
 20
-488.75
 10
960.0
 20
-488.5
 10
960.0
 20
-488.25
 10
960.0
 20
-488.0
 10
960.0
 20
-487.75
 10
960.0
 20
-487.5
 10
960.0
 20
-487.25
 10
960.0
 20
-487.0
 10
960.0
 20
-486.75
 10
960.0
 20
-486.5
 10
960.0
 20
-486.25
 10
960.0
 20
-486.0
 10
960.0
 20
-485.75
 10
960.0
 20
-485.5
 10
960.0
 20
-485.25
 10
960.0
 20
-485.0
 10
960.0
 20
-484.75
 10
960.0
 20
-484.5
 10
960.0
 20
-484.25
 10
960.0
 20
-484.0
 10
960.0
 20
-483.75
 10
960.0
 20
-483.5
 10
960.0
 20
-483.25
 10
960.0
 20
-483.0
 10
960.0
 20
-482.75
 10
960.0
 20
-482.5
 10
960.0
 20
-482.25
 10
960.0
 20
-482.0
 10
960.0
 20
-481.75
 10
960.0
 20
-481.5
 10
960.0
 20
-481.25
 10
960.0
 20
-481.0
 10
960.0
 20
-480.75
 10
960.0
 20
-480.5
 10
960.0
 20
-480.25
 10
960.0
 20
-480.0
 10
960.0
 20
-479.75
 10
960.0
 20
-479.5
 10
960.0
 20
-479.25
 10
960.0
 20
-479.0
 10
960.0
 20
-478.75
 10
960.0
 20
-478.5
 10
960.0
 20
-478.25
 10
960.0
 20
-478.0
 10
960.0
 20
-477.75
 10
960.0
 20
-477.5
 10
960.0
 20
-477.25
 10
960.0
 20
-477.0
 10
960.0
 20
-476.75
 10
960.0
 20
-476.5
 10
960.0
 20
-476.25
 10
960.0
 20
-476.0
 10
960.0
 20
-475.75
 10
960.0
 20
-475.5
 10
960.0
 20
-475.25
 10
960.0
 20
-475.0
 10
960.0
 20
-474.75
 10
960.0
 20
-474.5
 10
960.0
 20
-474.25
 10
960.0
 20
-474.0
 10
960.0
 20
-473.75
 10
960.0
 20
-473.5
 10
960.0
 20
-473.25
 10
960.0
 20
-473.0
 10
960.0
 20
-472.75
 10
960.0
 20
-472.5
 10
960.0
 20
-472.25
 10
960.0
 20
-472.0
 10
960.0
 20
-471.75
 10
960.0
 20
-471.5
 10
960.0
 20
-471.25
 10
960.0
 20
-471.0
 10
960.0
 20
-470.75
 10
960.0
 20
-470.5
 10
960.0
 20
-470.25
 10
960.0
 20
-470.0
 10
960.0
 20
-469.75
 10
960.0
 20
-469.5
 10
960.0
 20
-469.25
 10
960.0
 20
-469.0
 10
960.0
 20
-468.75
 10
960.0
 20
-468.5
 10
960.0
 20
-468.25
 10
960.0
 20
-468.0
 10
960.0
 20
-467.75
 10
960.0
 20
-467.5
 10
960.0
 20
-467.25
 10
960.0
 20
-467.0
 10
960.0
 20
-466.75
 10
960.0
 20
-466.5
 10
960.0
 20
-466.25
 10
960.0
 20
-466.0
 10
960.0
 20
-465.75
 10
960.0
 20
-465.5
 10
960.0
 20
-465.25
 10
960.0
 20
-465.0
 10
960.0
 20
-464.75
 10
960.0
 20
-464.5
 10
960.0
 20
-464.25
 10
960.0
 20
-464.0
 10
960.0
 20
-463.75
 10
960.0
 20
-463.5
 10
960.0
 20
-463.25
 10
960.0
 20
-463.0
 10
960.0
 20
-462.75
 10
960.0
 20
-462.5
 10
960.0
 20
-462.25
 10
960.0
 20
-462.0
 10
960.0
 20
-461.75
 10
960.0
 20
-461.5
 10
960.0
 20
-461.25
 10
960.0
 20
-461.0
 10
960.0
 20
-460.75
 10
960.0
 20
-460.5
 10
960.0
 20
-460.25
 10
960.0
 20
-460.0
 10
960.0
 20
-459.75
 10
960.0
 20
-459.5
 10
960.0
 20
-459.25
 10
960.0
 20
-459.0
 10
960.0
 20
-458.75
 10
960.0
 20
-458.5
 10
960.0
 20
-458.25
 10
960.0
 20
-458.0
 10
960.0
 20
-457.75
 10
960.0
 20
-457.5
 10
960.0
 20
-457.25
 10
960.0
 20
-457.0
 10
960.0
 20
-456.75
 10
960.0
 20
-456.5
 10
960.0
 20
-456.25
 10
960.0
 20
-456.0
 10
960.0
 20
-455.75
 10
960.0
 20
-455.5
 10
960.0
 20
-455.25
 10
960.0
 20
-455.0
 10
960.0
 20
-454.75
 10
960.0
 20
-454.5
 10
960.0
 20
-454.25
 10
960.0
 20
-454.0
 10
960.0
 20
-453.75
 10
960.0
 20
-453.5
 10
960.0
 20
-453.25
 10
960.0
 20
-453.0
 10
960.0
 20
-452.75
 10
960.0
 20
-452.5
 10
960.0
 20
-452.25
 10
960.0
 20
-452.0
 10
960.0
 20
-451.75
 10
960.0
 20
-451.5
 10
960.0
 20
-451.25
 10
960.0
 20
-451.0
 10
960.0
 20
-450.75
 10
960.0
 20
-450.5
 10
960.0
 20
-450.25
  0
LWPOLYLINE
  5
11E
330
17
100
AcDbEntity
  8
REFERENCE_GEOMETRY
100
AcDbPolyline
 90
72
 70
1
 10
1064.6999999632153
 20
-523.0000000936778
 10
1064.6935309499715
 20
-522.8518353310094
 10
1064.6741731433365
 20
-522.7047981916493
 10
1064.6420738679078
 20
-522.5600077170113
 10
1064.5974774185531
 20
-522.4185658500345
 10
1064.5407232011805
 20
-522.2815490487313
 10
1064.472243149653
 20
-522.1500000936929
 10
1064.3925584385122
 20
-522.0249201518983
 10
1064.3022755165248
 20
-521.9072611572301
 10
1064.2020814912414
 20
-521.797918565682
 10
1064.0927388996934
 20
-521.6977245403987
 10
1063.975079905025
 20
-521.6074416184113
 10
1063.8499999632304
 20
-521.5277569072704
 10
1063.718451008192
 20
-521.4592768557428
 10
1063.5814342068888
 20
-521.4025226383701
 10
1063.439992339912
 20
-521.3579261890155
 10
1063.295201865274
 20
-521.3258269135868
 10
1063.1481647259138
 20
-521.3064691069519
 10
1062.9999999632455
 20
-521.3000000937079
 10
1062.8518352005772
 20
-521.3064691069519
 10
1062.704798061217
 20
-521.3258269135868
 10
1062.560007586579
 20
-521.3579261890155
 10
1062.4185657196022
 20
-521.4025226383701
 10
1062.281548918299
 20
-521.4592768557428
 10
1062.1499999632606
 20
-521.5277569072704
 10
1062.024920021466
 20
-521.6074416184113
 10
1061.9072610267976
 20
-521.6977245403987
 10
1061.7979184352496
 20
-521.797918565682
 10
1061.6977244099662
 20
-521.9072611572301
 10
1061.6074414879788
 20
-522.0249201518983
 10
1061.527756776838
 20
-522.1500000936929
 10
1061.4592767253105
 20
-522.2815490487313
 10
1061.4025225079379
 20
-522.4185658500345
 10
1061.3579260585832
 20
-522.5600077170113
 10
1061.3258267831545
 20
-522.7047981916493
 10
1061.3064689765195
 20
-522.8518353310094
 10
1061.2999999632757
 20
-523.0000000936778
 10
1061.3064689765195
 20
-523.1481648563463
 10
1061.3258267831545
 20
-523.2952019957064
 10
1061.3579260585832
 20
-523.4399924703444
 10
1061.4025225079379
 20
-523.5814343373212
 10
1061.4592767253105
 20
-523.7184511386243
 10
1061.527756776838
 20
-523.8500000936627
 10
1061.6074414879788
 20
-523.9750800354574
 10
1061.6977244099662
 20
-524.0927390301256
 10
1061.7979184352496
 20
-524.2020816216736
 10
1061.9072610267976
 20
-524.302275646957
 10
1062.024920021466
 20
-524.3925585689444
 10
1062.1499999632606
 20
-524.4722432800853
 10
1062.281548918299
 20
-524.5407233316129
 10
1062.4185657196022
 20
-524.5974775489856
 10
1062.560007586579
 20
-524.6420739983402
 10
1062.704798061217
 20
-524.6741732737689
 10
1062.8518352005772
 20
-524.6935310804038
 10
1062.9999999632455
 20
-524.7000000936478
 10
1063.1481647259138
 20
-524.6935310804038
 10
1063.295201865274
 20
-524.6741732737689
 10
1063.439992339912
 20
-524.6420739983402
 10
1063.5814342068888
 20
-524.5974775489856
 10
1063.718451008192
 20
-524.5407233316129
 10
1063.8499999632304
 20
-524.4722432800853
 10
1063.975079905025
 20
-524.3925585689444
 10
1064.0927388996934
 20
-524.302275646957
 10
1064.2020814912414
 20
-524.2020816216736
 10
1064.3022755165248
 20
-524.0927390301256
 10
1064.3925584385122
 20
-523.9750800354574
 10
1064.472243149653
 20
-523.8500000936627
 10
1064.5407232011805
 20
-523.7184511386243
 10
1064.5974774185531
 20
-523.5814343373212
 10
1064.6420738679078
 20
-523.4399924703444
 10
1064.6741731433365
 20
-523.2952019957064
 10
1064.6935309499715
 20
-523.1481648563463
  0
LWPOLYLINE
  5
11F
330
17
100
AcDbEntity
  8
REFERENCE_GEOMETRY
100
AcDbPolyline
 90
72
 70
1
 10
1064.699999880503
 20
-457.0000000995203
 10
1064.6935308672594
 20
-456.8518353368579
 10
1064.6741730606252
 20
-456.70479819750364
 10
1064.6420737851977
 20
-456.56000772287155
 10
1064.5974773358448
 20
-456.4185658559004
 10
1064.5407231184745
 20
-456.2815490546028
 10
1064.4722430669497
 20
-456.15000009956964
 10
1064.392558355812
 20
-456.0249201577801
 10
1064.3022754338283
 20
-455.9072611631166
 10
1064.202081408549
 20
-455.7979185715729
 10
1064.0927388170053
 20
-455.6977245462936
 10
1063.9750798223417
 20
-455.6074416243098
 10
1063.8499998805523
 20
-455.5277569131722
 10
1063.718450925519
 20
-455.45927686164737
 10
1063.5814341242215
 20
-455.4025226442769
 10
1063.4399922572502
 20
-455.3579261949242
 10
1063.2952017826183
 20
-455.3258269194967
 10
1063.148164643264
 20
-455.3064691128626
 10
1062.9999998806015
 20
-455.30000009961896
 10
1062.8518351179391
 20
-455.3064691128626
 10
1062.7047979785848
 20
-455.3258269194967
 10
1062.5600075039529
 20
-455.3579261949242
 10
1062.4185656369816
 20
-455.4025226442769
 10
1062.2815488356841
 20
-455.45927686164737
 10
1062.1499998806507
 20
-455.5277569131722
 10
1062.0249199388613
 20
-455.6074416243098
 10
1061.9072609441978
 20
-455.6977245462936
 10
1061.797918352654
 20
-455.7979185715729
 10
1061.6977243273748
 20
-455.9072611631166
 10
1061.607441405391
 20
-456.0249201577801
 10
1061.5277566942534
 20
-456.15000009956964
 10
1061.4592766427286
 20
-456.2815490546028
 10
1061.4025224253583
 20
-456.4185658559004
 10
1061.3579259760054
 20
-456.56000772287155
 10
1061.3258267005779
 20
-456.70479819750364
 10
1061.3064688939437
 20
-456.8518353368579
 10
1061.2999998807002
 20
-457.0000000995203
 10
1061.3064688939437
 20
-457.14816486218274
 10
1061.3258267005779
 20
-457.295202001537
 10
1061.3579259760054
 20
-457.4399924761691
 10
1061.4025224253583
 20
-457.58143434314024
 10
1061.4592766427286
 20
-457.71845114443784
 10
1061.5277566942534
 20
-457.850000099471
 10
1061.607441405391
 20
-457.9750800412605
 10
1061.6977243273748
 20
-458.09273903592407
 10
1061.797918352654
 20
-458.20208162746775
 10
1061.9072609441978
 20
-458.302275652747
 10
1062.0249199388613
 20
-458.39255857473086
 10
1062.1499998806507
 20
-458.47224328586844
 10
1062.281548835684
 20
-458.5407233373933
 10
1062.4185656369816
 20
-458.5974775547637
 10
1062.5600075039529
 20
-458.64207400411647
 10
1062.7047979785848
 20
-458.67417327954394
 10
1062.8518351179391
 20
-458.69353108617804
 10
1062.9999998806015
 20
-458.7000000994217
 10
1063.148164643264
 20
-458.69353108617804
 10
1063.2952017826183
 20
-458.67417327954394
 10
1063.4399922572502
 20
-458.64207400411647
 10
1063.5814341242215
 20
-458.5974775547637
 10
1063.718450925519
 20
-458.5407233373933
 10
1063.8499998805523
 20
-458.47224328586844
 10
1063.9750798223417
 20
-458.39255857473086
 10
1064.0927388170053
 20
-458.302275652747
 10
1064.202081408549
 20
-458.20208162746775
 10
1064.3022754338283
 20
-458.09273903592407
 10
1064.392558355812
 20
-457.9750800412605
 10
1064.4722430669497
 20
-457.850000099471
 10
1064.5407231184745
 20
-457.71845114443784
 10
1064.5974773358448
 20
-457.58143434314024
 10
1064.6420737851977
 20
-457.4399924761691
 10
1064.6741730606252
 20
-457.295202001537
 10
1064.6935308672594
 20
-457.14816486218274
  0
LWPOLYLINE
  5
120
330
17
100
AcDbEntity
  8
REFERENCE_GEOMETRY
100
AcDbPolyline
 90
72
 70
1
 10
968.6999999932972
 20
-522.9999998573189
 10
968.6935309800532
 20
-522.8518350946505
 10
968.6741731734184
 20
-522.7047979552904
 10
968.6420738979896
 20
-522.5600074806524
 10
968.597477448635
 20
-522.4185656136756
 10
968.5407232312623
 20
-522.2815488123724
 10
968.4722431797347
 20
-522.149999857334
 10
968.3925584685938
 20
-522.0249199155394
 10
968.3022755466064
 20
-521.9072609208712
 10
968.2020815213231
 20
-521.7979183293231
 10
968.092738929775
 20
-521.6977243040398
 10
967.9750799351068
 20
-521.6074413820523
 10
967.8499999933122
 20
-521.5277566709115
 10
967.7184510382738
 20
-521.4592766193839
 10
967.5814342369706
 20
-521.4025224020112
 10
967.4399923699938
 20
-521.3579259526566
 10
967.2952018953558
 20
-521.3258266772278
 10
967.1481647559957
 20
-521.306468870593
 10
966.9999999933273
 20
-521.299999857349
 10
966.8518352306588
 20
-521.306468870593
 10
966.7047980912987
 20
-521.3258266772278
 10
966.5600076166608
 20
-521.3579259526566
 10
966.4185657496839
 20
-521.4025224020112
 10
966.2815489483808
 20
-521.4592766193839
 10
966.1499999933424
 20
-521.5277566709115
 10
966.0249200515477
 20
-521.6074413820523
 10
965.9072610568795
 20
-521.6977243040398
 10
965.7979184653315
 20
-521.7979183293231
 10
965.6977244400481
 20
-521.9072609208712
 10
965.6074415180607
 20
-522.0249199155394
 10
965.5277568069198
 20
-522.149999857334
 10
965.4592767553922
 20
-522.2815488123724
 10
965.4025225380195
 20
-522.4185656136756
 10
965.357926088665
 20
-522.5600074806524
 10
965.3258268132362
 20
-522.7047979552904
 10
965.3064690066013
 20
-522.8518350946505
 10
965.2999999933573
 20
-522.9999998573189
 10
965.3064690066013
 20
-523.1481646199874
 10
965.3258268132362
 20
-523.2952017593475
 10
965.357926088665
 20
-523.4399922339854
 10
965.4025225380195
 20
-523.5814341009623
 10
965.4592767553922
 20
-523.7184509022654
 10
965.5277568069198
 20
-523.8499998573038
 10
965.6074415180607
 20
-523.9750797990985
 10
965.6977244400481
 20
-524.0927387937667
 10
965.7979184653315
 20
-524.2020813853147
 10
965.9072610568795
 20
-524.3022754105981
 10
966.0249200515477
 20
-524.3925583325855
 10
966.1499999933424
 20
-524.4722430437264
 10
966.2815489483808
 20
-524.540723095254
 10
966.4185657496839
 20
-524.5974773126267
 10
966.5600076166608
 20
-524.6420737619812
 10
966.7047980912987
 20
-524.67417303741
 10
966.8518352306588
 20
-524.6935308440449
 10
966.9999999933273
 20
-524.6999998572888
 10
967.1481647559957
 20
-524.6935308440449
 10
967.2952018953558
 20
-524.67417303741
 10
967.4399923699938
 20
-524.6420737619812
 10
967.5814342369706
 20
-524.5974773126267
 10
967.7184510382738
 20
-524.540723095254
 10
967.8499999933122
 20
-524.4722430437264
 10
967.9750799351068
 20
-524.3925583325855
 10
968.092738929775
 20
-524.3022754105981
 10
968.2020815213231
 20
-524.2020813853147
 10
968.3022755466064
 20
-524.0927387937667
 10
968.3925584685938
 20
-523.9750797990985
 10
968.4722431797347
 20
-523.8499998573038
 10
968.5407232312623
 20
-523.7184509022654
 10
968.597477448635
 20
-523.5814341009623
 10
968.6420738979896
 20
-523.4399922339854
 10
968.6741731734184
 20
-523.2952017593475
 10
968.6935309800532
 20
-523.1481646199874
  0
LWPOLYLINE
  5
121
330
17
100
AcDbEntity
  8
REFERENCE_GEOMETRY
100
AcDbPolyline
 90
72
 70
1
 10
968.700000016244
 20
-456.99999994411564
 10
968.693531003
 20
-456.85183518144726
 10
968.6741731963651
 20
-456.7047980420871
 10
968.6420739209364
 20
-456.56000756744913
 10
968.5974774715818
 20
-456.4185657004723
 10
968.5407232542091
 20
-456.2815488991692
 10
968.4722432026815
 20
-456.1499999441307
 10
968.3925584915406
 20
-456.02492000233616
 10
968.3022755695532
 20
-455.9072610076679
 10
968.2020815442698
 20
-455.79791841611984
 10
968.0927389527218
 20
-455.69772439083647
 10
967.9750799580536
 20
-455.60744146884906
 10
967.850000016259
 20
-455.5277567577082
 10
967.7184510612205
 20
-455.4592767061807
 10
967.5814342599174
 20
-455.4025224888079
 10
967.4399923929406
 20
-455.35792603945333
 10
967.2952019183026
 20
-455.32582676402455
 10
967.1481647789425
 20
-455.3064689573897
 10
967.000000016274
 20
-455.2999999441458
 10
966.8518352536056
 20
-455.3064689573897
 10
966.7047981142455
 20
-455.32582676402455
 10
966.5600076396075
 20
-455.35792603945333
 10
966.4185657726307
 20
-455.4025224888079
 10
966.2815489713275
 20
-455.4592767061807
 10
966.1500000162891
 20
-455.5277567577082
 10
966.0249200744945
 20
-455.60744146884906
 10
965.9072610798263
 20
-455.69772439083647
 10
965.7979184882782
 20
-455.79791841611984
 10
965.6977244629949
 20
-455.9072610076679
 10
965.6074415410075
 20
-456.02492000233616
 10
965.5277568298666
 20
-456.1499999441307
 10
965.459276778339
 20
-456.2815488991692
 10
965.4025225609663
 20
-456.4185657004723
 10
965.3579261116117
 20
-456.56000756744913
 10
965.325826836183
 20
-456.7047980420871
 10
965.3064690295481
 20
-456.85183518144726
 10
965.3000000163041
 20
-456.99999994411564
 10
965.3064690295481
 20
-457.14816470678403
 10
965.325826836183
 20
-457.2952018461442
 10
965.3579261116117
 20
-457.43999232078215
 10
965.4025225609663
 20
-457.581434187759
 10
965.459276778339
 20
-457.7184509890621
 10
965.5277568298666
 20
-457.8499999441006
 10
965.6074415410075
 20
-457.9750798858951
 10
965.6977244629949
 20
-458.0927388805634
 10
965.7979184882782
 20
-458.20208147211144
 10
965.9072610798263
 20
-458.3022754973948
 10
966.0249200744945
 20
-458.3925584193822
 10
966.1500000162891
 20
-458.4722431305231
 10
966.2815489713275
 20
-458.5407231820506
 10
966.4185657726307
 20
-458.5974773994234
 10
966.5600076396075
 20
-458.64207384877795
 10
966.7047981142455
 20
-458.67417312420673
 10
966.8518352536056
 20
-458.6935309308416
 10
967.000000016274
 20
-458.6999999440855
 10
967.1481647789425
 20
-458.6935309308416
 10
967.2952019183026
 20
-458.67417312420673
 10
967.4399923929406
 20
-458.64207384877795
 10
967.5814342599174
 20
-458.5974773994234
 10
967.7184510612205
 20
-458.5407231820506
 10
967.850000016259
 20
-458.4722431305231
 10
967.9750799580536
 20
-458.3925584193822
 10
968.0927389527218
 20
-458.3022754973948
 10
968.2020815442698
 20
-458.20208147211144
 10
968.3022755695532
 20
-458.0927388805634
 10
968.3925584915406
 20
-457.9750798858951
 10
968.4722432026815
 20
-457.8499999441006
 10
968.5407232542091
 20
-457.7184509890621
 10
968.5974774715818
 20
-457.581434187759
 10
968.6420739209364
 20
-457.43999232078215
 10
968.6741731963651
 20
-457.2952018461442
 10
968.693531003
 20
-457.14816470678403
  0
DIMENSION
  5
122
330
17
100
AcDbEntity
  8
REFERENCE_DIMENSIONS
100
AcDbDimension
280
0
  2
*D11
  3
Standard
 10
960.0
 20
-550.0
 30
0.0
 11
1015.0
 21
-550.0
 31
0.0
 70
32
 71
5
  1
<>
100
AcDbAlignedDimension
 13
960.0
 23
-530.0
 33
0.0
 14
1070.0
 24
-530.0
 34
0.0
 50
0.0
100
AcDbRotatedDimension
1001
ACAD
1000
DSTYLE
1002
{
1070
140
1040
3.0
1070
41
1040
2.0
1070
271
1070
3
1002
}
  0
DIMENSION
  5
132
330
17
100
AcDbEntity
  8
REFERENCE_DIMENSIONS
100
AcDbDimension
280
0
  2
*D12
  3
Standard
 10
1090.0
 20
-530.0
 30
0.0
 11
1090.0
 21
-490.0
 31
0.0
 70
32
 71
5
  1
<>
100
AcDbAlignedDimension
 13
1070.0
 23
-530.0
 33
0.0
 14
1070.0
 24
-450.0
 34
0.0
 50
90.0
100
AcDbRotatedDimension
1001
ACAD
1000
DSTYLE
1002
{
1070
140
1040
3.0
1070
41
1040
2.0
1070
271
1070
3
1002
}
  0
TEXT
  5
142
330
17
100
AcDbEntity
  8
REFERENCE_NOTES
100
AcDbText
 10
960.0
 20
-572.0
 30
0.0
 40
3.0
  1
radiator_spreader
100
AcDbText
  0
TEXT
  5
143
330
17
100
AcDbEntity
  8
REFERENCE_NOTES
100
AcDbText
 10
960.0
 20
-580.0
 30
0.0
 40
3.0
  1
WP03 R1 | mm | NOT_FOR_MANUFACTURE
100
AcDbText
  0
TEXT
  5
144
330
17
100
AcDbEntity
  8
REFERENCE_NOTES
100
AcDbText
 10
960.0
 20
-588.0
 30
0.0
 40
3.0
  1
110 x 80 x 2 mm; center S[-115,0,-113.15].
100
AcDbText
  0
TEXT
  5
145
330
17
100
AcDbEntity
  8
REFERENCE_NOTES
100
AcDbText
 10
960.0
 20
-596.0
 30
0.0
 40
3.0
  1
4 x D3.4 @ local X+/-48, Y+/-33.
100
AcDbText
  0
TEXT
  5
146
330
17
100
AcDbEntity
  8
REFERENCE_NOTES
100
AcDbText
 10
960.0
 20
-604.0
 30
0.0
 40
3.0
  1
Datum A: lower surface Z-114.15.
100
AcDbText
  0
TEXT
  5
147
330
17
100
AcDbEntity
  8
REFERENCE_NOTES
100
AcDbText
 10
960.0
 20
-612.0
 30
0.0
 40
3.0
  1
Thermal link / contact conductance / radiator area TBD.
100
AcDbText
  0
TEXT
  5
148
330
17
100
AcDbEntity
  8
REFERENCE_NOTES
100
AcDbText
 10
960.0
 20
-620.0
 30
0.0
 40
3.0
  1
No orbit heat balance or temperature margin claimed.
100
AcDbText
  0
ENDSEC
  0
SECTION
  2
OBJECTS
  0
DICTIONARY
  5
A
330
0
100
AcDbDictionary
281
1
  3
ACAD_COLOR
350
B
  3
ACAD_GROUP
350
C
  3
ACAD_LAYOUT
350
D
  3
ACAD_MATERIAL
350
E
  3
ACAD_MLEADERSTYLE
350
F
  3
ACAD_MLINESTYLE
350
10
  3
ACAD_PLOTSETTINGS
350
11
  3
ACAD_PLOTSTYLENAME
350
12
  3
ACAD_SCALELIST
350
14
  3
ACAD_TABLESTYLE
350
15
  3
ACAD_VISUALSTYLE
350
16
  3
EZDXF_META
350
2D
  0
DICTIONARY
  5
B
330
A
100
AcDbDictionary
281
1
  0
DICTIONARY
  5
C
330
A
100
AcDbDictionary
281
1
  0
DICTIONARY
  5
D
330
A
100
AcDbDictionary
281
1
  3
Model
350
1A
  3
Layout1
350
1E
  0
DICTIONARY
  5
E
330
A
100
AcDbDictionary
281
1
  3
ByBlock
350
1F
  3
ByLayer
350
20
  3
Global
350
21
  0
DICTIONARY
  5
F
330
A
100
AcDbDictionary
281
1
  3
Standard
350
2C
  0
DICTIONARY
  5
10
330
A
100
AcDbDictionary
281
1
  3
Standard
350
22
  0
DICTIONARY
  5
11
330
A
100
AcDbDictionary
281
1
  0
ACDBDICTIONARYWDFLT
  5
12
330
A
100
AcDbDictionary
281
1
  3
Normal
350
13
100
AcDbDictionaryWithDefault
340
13
  0
ACDBPLACEHOLDER
  5
13
330
12
  0
DICTIONARY
  5
14
330
A
100
AcDbDictionary
281
1
  0
DICTIONARY
  5
15
330
A
100
AcDbDictionary
281
1
  0
DICTIONARY
  5
16
330
A
100
AcDbDictionary
281
1
  0
LAYOUT
  5
1A
330
D
100
AcDbPlotSettings
  1

  4
A3
  6

 40
7.5
 41
20.0
 42
7.5
 43
20.0
 44
420.0
 45
297.0
 46
0.0
 47
0.0
 48
0.0
 49
0.0
140
0.0
141
0.0
142
1.0
143
1.0
 70
1024
 72
1
 73
0
 74
5
  7

 75
16
 76
0
 77
2
 78
300
147
1.0
148
0.0
149
0.0
100
AcDbLayout
  1
Model
 70
1
 71
0
 10
0.0
 20
0.0
 11
420.0
 21
297.0
 12
0.0
 22
0.0
 32
0.0
 14
1e+20
 24
1e+20
 34
1e+20
 15
-1e+20
 25
-1e+20
 35
-1e+20
146
0.0
 13
0.0
 23
0.0
 33
0.0
 16
1.0
 26
0.0
 36
0.0
 17
0.0
 27
1.0
 37
0.0
 76
1
330
17
  0
LAYOUT
  5
1E
330
D
100
AcDbPlotSettings
  1

  4
A3
  6

 40
7.5
 41
20.0
 42
7.5
 43
20.0
 44
420.0
 45
297.0
 46
0.0
 47
0.0
 48
0.0
 49
0.0
140
0.0
141
0.0
142
1.0
143
1.0
 70
0
 72
1
 73
0
 74
5
  7

 75
16
 76
0
 77
2
 78
300
147
1.0
148
0.0
149
0.0
100
AcDbLayout
  1
Layout1
 70
1
 71
1
 10
0.0
 20
0.0
 11
420.0
 21
297.0
 12
0.0
 22
0.0
 32
0.0
 14
1e+20
 24
1e+20
 34
1e+20
 15
-1e+20
 25
-1e+20
 35
-1e+20
146
0.0
 13
0.0
 23
0.0
 33
0.0
 16
1.0
 26
0.0
 36
0.0
 17
0.0
 27
1.0
 37
0.0
 76
1
330
1B
  0
MATERIAL
  5
1F
102
{ACAD_REACTORS
330
E
102
}
330
E
100
AcDbMaterial
  1
ByBlock
  2

 70
0
 40
1.0
 71
1
 41
1.0
 91
-1023410177
 42
1.0
 72
1
  3

 73
1
 74
1
 75
1
 44
0.5
 73
0
 45
1.0
 46
1.0
 77
1
  4

 78
1
 79
1
170
1
 48
1.0
171
1
  6

172
1
173
1
174
1
140
1.0
141
1.0
175
1
  7

176
1
177
1
178
1
143
1.0
179
1
  8

270
1
271
1
272
1
145
1.0
146
1.0
273
1
  9

274
1
275
1
276
1
 42
1.0
 72
1
  3

 73
1
 74
1
 75
1
 94
63
  0
MATERIAL
  5
20
102
{ACAD_REACTORS
330
E
102
}
330
E
100
AcDbMaterial
  1
ByLayer
  2

 70
0
 40
1.0
 71
1
 41
1.0
 91
-1023410177
 42
1.0
 72
1
  3

 73
1
 74
1
 75
1
 44
0.5
 73
0
 45
1.0
 46
1.0
 77
1
  4

 78
1
 79
1
170
1
 48
1.0
171
1
  6

172
1
173
1
174
1
140
1.0
141
1.0
175
1
  7

176
1
177
1
178
1
143
1.0
179
1
  8

270
1
271
1
272
1
145
1.0
146
1.0
273
1
  9

274
1
275
1
276
1
 42
1.0
 72
1
  3

 73
1
 74
1
 75
1
 94
63
  0
MATERIAL
  5
21
102
{ACAD_REACTORS
330
E
102
}
330
E
100
AcDbMaterial
  1
Global
  2

 70
0
 40
1.0
 71
1
 41
1.0
 91
-1023410177
 42
1.0
 72
1
  3

 73
1
 74
1
 75
1
 44
0.5
 73
0
 45
1.0
 46
1.0
 77
1
  4

 78
1
 79
1
170
1
 48
1.0
171
1
  6

172
1
173
1
174
1
140
1.0
141
1.0
175
1
  7

176
1
177
1
178
1
143
1.0
179
1
  8

270
1
271
1
272
1
145
1.0
146
1.0
273
1
  9

274
1
275
1
276
1
 42
1.0
 72
1
  3

 73
1
 74
1
 75
1
 94
63
  0
MLINESTYLE
  5
22
102
{ACAD_REACTORS
330
10
102
}
330
10
100
AcDbMlineStyle
  2
Standard
 70
0
  3

 62
256
 51
90.0
 52
90.0
 71
2
 49
0.5
 62
256
  6
BYLAYER
 49
-0.5
 62
256
  6
BYLAYER
  0
MLEADERSTYLE
  5
2C
102
{ACAD_REACTORS
330
F
102
}
330
F
100
AcDbMLeaderStyle
179
2
170
2
171
1
172
0
 90
2
 40
0.0
 41
0.0
173
1
 91
-1056964608
 92
-2
290
1
 42
2.0
291
1
 43
8.0
  3
Standard
 44
4.0
300

342
29
174
1
175
1
176
0
178
1
 93
-1056964608
 45
4.0
292
0
297
0
 46
4.0
 94
-1056964608
 47
1.0
 49
1.0
140
1.0
294
1
141
0.0
177
0
142
1.0
295
0
296
0
143
3.75
271
0
272
9
273
9
  0
DICTIONARY
  5
2D
330
A
100
AcDbDictionary
280
1
281
1
  3
CREATED_BY_EZDXF
350
2E
  3
WRITTEN_BY_EZDXF
350
14B
  0
DICTIONARYVAR
  5
2E
330
2D
100
DictionaryVariables
280
0
  1
1.4.4 @ 2026-09-05T13:23:54.618251+00:00
  0
DICTIONARYVAR
  5
14B
330
2D
100
DictionaryVariables
280
0
  1
1.4.4 @ 2026-09-05T13:24:09.367945+00:00
  0
ENDSEC
  0
EOF
