999
cadgen:sourcePath=r01_interfaces.dxf.py
999
cadgen:sourceHash=36cc12e713b7e50bc1324dca4ad1cc9e756c6e77d9521bc867cd56c7b8e29fb1
  0
SECTION
  2
HEADER
  9
$ACADVER
  1
AC1024
  9
$ACADMAINTVER
 70
6
  9
$DWGCODEPAGE
  3
ANSI_1252
  9
$LASTSAVEDBY
  1
ezdxf
  9
$INSBASE
 10
0.0
 20
0.0
 30
0.0
  9
$EXTMIN
 10
1e+20
 20
1e+20
 30
1e+20
  9
$EXTMAX
 10
-1e+20
 20
-1e+20
 30
-1e+20
  9
$LIMMIN
 10
0.0
 20
0.0
  9
$LIMMAX
 10
420.0
 20
297.0
  9
$ORTHOMODE
 70
0
  9
$REGENMODE
 70
1
  9
$FILLMODE
 70
1
  9
$QTEXTMODE
 70
0
  9
$MIRRTEXT
 70
1
  9
$LTSCALE
 40
1.0
  9
$ATTMODE
 70
1
  9
$TEXTSIZE
 40
2.5
  9
$TRACEWID
 40
1.0
  9
$TEXTSTYLE
  7
Standard
  9
$CLAYER
  8
0
  9
$CELTYPE
  6
ByLayer
  9
$CECOLOR
 62
256
  9
$CELTSCALE
 40
1.0
  9
$DISPSILH
 70
0
  9
$DIMSCALE
 40
1.0
  9
$DIMASZ
 40
2.5
  9
$DIMEXO
 40
0.625
  9
$DIMDLI
 40
3.75
  9
$DIMRND
 40
0.0
  9
$DIMDLE
 40
0.0
  9
$DIMEXE
 40
1.25
  9
$DIMTP
 40
0.0
  9
$DIMTM
 40
0.0
  9
$DIMTXT
 40
2.5
  9
$DIMCEN
 40
2.5
  9
$DIMTSZ
 40
0.0
  9
$DIMTOL
 70
0
  9
$DIMLIM
 70
0
  9
$DIMTIH
 70
0
  9
$DIMTOH
 70
0
  9
$DIMSE1
 70
0
  9
$DIMSE2
 70
0
  9
$DIMTAD
 70
1
  9
$DIMZIN
 70
8
  9
$DIMBLK
  1

  9
$DIMASO
 70
1
  9
$DIMSHO
 70
1
  9
$DIMPOST
  1

  9
$DIMAPOST
  1

  9
$DIMALT
 70
0
  9
$DIMALTD
 70
3
  9
$DIMALTF
 40
0.03937007874
  9
$DIMLFAC
 40
1.0
  9
$DIMTOFL
 70
1
  9
$DIMTVP
 40
0.0
  9
$DIMTIX
 70
0
  9
$DIMSOXD
 70
0
  9
$DIMSAH
 70
0
  9
$DIMBLK1
  1

  9
$DIMBLK2
  1

  9
$DIMSTYLE
  2
ISO-25
  9
$DIMCLRD
 70
0
  9
$DIMCLRE
 70
0
  9
$DIMCLRT
 70
0
  9
$DIMTFAC
 40
1.0
  9
$DIMGAP
 40
0.625
  9
$DIMJUST
 70
0
  9
$DIMSD1
 70
0
  9
$DIMSD2
 70
0
  9
$DIMTOLJ
 70
0
  9
$DIMTZIN
 70
8
  9
$DIMALTZ
 70
0
  9
$DIMALTTZ
 70
0
  9
$DIMUPT
 70
0
  9
$DIMDEC
 70
2
  9
$DIMTDEC
 70
2
  9
$DIMALTU
 70
2
  9
$DIMALTTD
 70
3
  9
$DIMTXSTY
  7
Standard
  9
$DIMAUNIT
 70
0
  9
$DIMADEC
 70
0
  9
$DIMALTRND
 40
0.0
  9
$DIMAZIN
 70
0
  9
$DIMDSEP
 70
44
  9
$DIMATFIT
 70
3
  9
$DIMFRAC
 70
0
  9
$DIMLDRBLK
  1

  9
$DIMLUNIT
 70
2
  9
$DIMLWD
 70
-2
  9
$DIMLWE
 70
-2
  9
$DIMTMOVE
 70
0
  9
$DIMFXL
 40
1.0
  9
$DIMFXLON
 70
0
  9
$DIMJOGANG
 40
0.785398163397
  9
$DIMTFILL
 70
0
  9
$DIMTFILLCLR
 70
0
  9
$DIMARCSYM
 70
0
  9
$DIMLTYPE
  6

  9
$DIMLTEX1
  6

  9
$DIMLTEX2
  6

  9
$DIMTXTDIRECTION
 70
0
  9
$LUNITS
 70
2
  9
$LUPREC
 70
4
  9
$SKETCHINC
 40
1.0
  9
$FILLETRAD
 40
10.0
  9
$AUNITS
 70
0
  9
$AUPREC
 70
2
  9
$MENU
  1
.
  9
$ELEVATION
 40
0.0
  9
$PELEVATION
 40
0.0
  9
$THICKNESS
 40
0.0
  9
$LIMCHECK
 70
0
  9
$CHAMFERA
 40
0.0
  9
$CHAMFERB
 40
0.0
  9
$CHAMFERC
 40
0.0
  9
$CHAMFERD
 40
0.0
  9
$SKPOLY
 70
0
  9
$TDCREATE
 40
2451545.0
  9
$TDUCREATE
 40
2451545.0
  9
$TDUPDATE
 40
2461290.7257060185
  9
$TDUUPDATE
 40
2451545.0
  9
$TDINDWG
 40
0.0
  9
$TDUSRTIMER
 40
0.0
  9
$USRTIMER
 70
1
  9
$ANGBASE
 50
0.0
  9
$ANGDIR
 70
0
  9
$PDMODE
 70
0
  9
$PDSIZE
 40
0.0
  9
$PLINEWID
 40
0.0
  9
$SPLFRAME
 70
0
  9
$SPLINETYPE
 70
6
  9
$SPLINESEGS
 70
8
  9
$HANDSEED
  5
227
  9
$SURFTAB1
 70
6
  9
$SURFTAB2
 70
6
  9
$SURFTYPE
 70
6
  9
$SURFU
 70
6
  9
$SURFV
 70
6
  9
$UCSBASE
  2

  9
$UCSNAME
  2

  9
$UCSORG
 10
0.0
 20
0.0
 30
0.0
  9
$UCSXDIR
 10
1.0
 20
0.0
 30
0.0
  9
$UCSYDIR
 10
0.0
 20
1.0
 30
0.0
  9
$UCSORTHOREF
  2

  9
$UCSORTHOVIEW
 70
0
  9
$UCSORGTOP
 10
0.0
 20
0.0
 30
0.0
  9
$UCSORGBOTTOM
 10
0.0
 20
0.0
 30
0.0
  9
$UCSORGLEFT
 10
0.0
 20
0.0
 30
0.0
  9
$UCSORGRIGHT
 10
0.0
 20
0.0
 30
0.0
  9
$UCSORGFRONT
 10
0.0
 20
0.0
 30
0.0
  9
$UCSORGBACK
 10
0.0
 20
0.0
 30
0.0
  9
$PUCSBASE
  2

  9
$PUCSNAME
  2

  9
$PUCSORG
 10
0.0
 20
0.0
 30
0.0
  9
$PUCSXDIR
 10
1.0
 20
0.0
 30
0.0
  9
$PUCSYDIR
 10
0.0
 20
1.0
 30
0.0
  9
$PUCSORTHOREF
  2

  9
$PUCSORTHOVIEW
 70
0
  9
$PUCSORGTOP
 10
0.0
 20
0.0
 30
0.0
  9
$PUCSORGBOTTOM
 10
0.0
 20
0.0
 30
0.0
  9
$PUCSORGLEFT
 10
0.0
 20
0.0
 30
0.0
  9
$PUCSORGRIGHT
 10
0.0
 20
0.0
 30
0.0
  9
$PUCSORGFRONT
 10
0.0
 20
0.0
 30
0.0
  9
$PUCSORGBACK
 10
0.0
 20
0.0
 30
0.0
  9
$USERI1
 70
0
  9
$USERI2
 70
0
  9
$USERI3
 70
0
  9
$USERI4
 70
0
  9
$USERI5
 70
0
  9
$USERR1
 40
0.0
  9
$USERR2
 40
0.0
  9
$USERR3
 40
0.0
  9
$USERR4
 40
0.0
  9
$USERR5
 40
0.0
  9
$WORLDVIEW
 70
1
  9
$SHADEDGE
 70
3
  9
$SHADEDIF
 70
70
  9
$TILEMODE
 70
1
  9
$MAXACTVP
 70
64
  9
$PINSBASE
 10
0.0
 20
0.0
 30
0.0
  9
$PLIMCHECK
 70
0
  9
$PEXTMIN
 10
1e+20
 20
1e+20
 30
1e+20
  9
$PEXTMAX
 10
-1e+20
 20
-1e+20
 30
-1e+20
  9
$PLIMMIN
 10
0.0
 20
0.0
  9
$PLIMMAX
 10
420.0
 20
297.0
  9
$UNITMODE
 70
0
  9
$VISRETAIN
 70
1
  9
$PLINEGEN
 70
0
  9
$PSLTSCALE
 70
1
  9
$TREEDEPTH
 70
3020
  9
$CMLSTYLE
  2
Standard
  9
$CMLJUST
 70
0
  9
$CMLSCALE
 40
20.0
  9
$PROXYGRAPHICS
 70
1
  9
$MEASUREMENT
 70
1
  9
$CELWEIGHT
370
-1
  9
$ENDCAPS
280
0
  9
$JOINSTYLE
280
0
  9
$LWDISPLAY
290
0
  9
$INSUNITS
 70
4
  9
$HYPERLINKBASE
  1

  9
$STYLESHEET
  1

  9
$XEDIT
290
1
  9
$CEPSNTYPE
380
0
  9
$PSTYLEMODE
290
1
  9
$FINGERPRINTGUID
  2
{00000000-0000-0000-0000-000000000000}
  9
$VERSIONGUID
  2
{E3055486-F6E5-4246-9FBB-ECAA8A8F4AA3}
  9
$EXTNAMES
290
1
  9
$PSVPSCALE
 40
0.0
  9
$OLESTARTUP
290
0
  9
$SORTENTS
280
127
  9
$INDEXCTL
280
0
  9
$HIDETEXT
280
1
  9
$XCLIPFRAME
280
1
  9
$HALOGAP
280
0
  9
$OBSCOLOR
 70
257
  9
$OBSLTYPE
280
0
  9
$INTERSECTIONDISPLAY
280
0
  9
$INTERSECTIONCOLOR
 70
257
  9
$DIMASSOC
280
2
  9
$PROJECTNAME
  1

  9
$CAMERADISPLAY
290
0
  9
$LENSLENGTH
 40
50.0
  9
$CAMERAHEIGHT
 40
0.0
  9
$STEPSPERSEC
 40
24.0
  9
$STEPSIZE
 40
100.0
  9
$3DDWFPREC
 40
2.0
  9
$PSOLWIDTH
 40
0.005
  9
$PSOLHEIGHT
 40
0.08
  9
$LOFTANG1
 40
1.570796326795
  9
$LOFTANG2
 40
1.570796326795
  9
$LOFTMAG1
 40
0.0
  9
$LOFTMAG2
 40
0.0
  9
$LOFTPARAM
 70
7
  9
$LOFTNORMALS
280
1
  9
$LATITUDE
 40
37.795
  9
$LONGITUDE
 40
-122.394
  9
$NORTHDIRECTION
 40
0.0
  9
$TIMEZONE
 70
-8000
  9
$LIGHTGLYPHDISPLAY
280
1
  9
$TILEMODELIGHTSYNCH
280
1
  9
$CMATERIAL
347
20
  9
$SOLIDHIST
280
0
  9
$SHOWHIST
280
1
  9
$DWFFRAME
280
2
  9
$DGNFRAME
280
2
  9
$REALWORLDSCALE
290
1
  9
$INTERFERECOLOR
 62
256
  9
$CSHADOW
280
0
  9
$SHADOWPLANELOCATION
 40
0.0
  0
ENDSEC
  0
SECTION
  2
CLASSES
  0
CLASS
  1
ACDBDICTIONARYWDFLT
  2
AcDbDictionaryWithDefault
  3
ObjectDBX Classes
 90
0
 91
0
280
0
281
0
  0
CLASS
  1
SUN
  2
AcDbSun
  3
SCENEOE
 90
1153
 91
0
280
0
281
0
  0
CLASS
  1
VISUALSTYLE
  2
AcDbVisualStyle
  3
ObjectDBX Classes
 90
4095
 91
0
280
0
281
0
  0
CLASS
  1
MATERIAL
  2
AcDbMaterial
  3
ObjectDBX Classes
 90
1153
 91
0
280
0
281
0
  0
CLASS
  1
SCALE
  2
AcDbScale
  3
ObjectDBX Classes
 90
1153
 91
0
280
0
281
0
  0
CLASS
  1
TABLESTYLE
  2
AcDbTableStyle
  3
ObjectDBX Classes
 90
4095
 91
0
280
0
281
0
  0
CLASS
  1
MLEADERSTYLE
  2
AcDbMLeaderStyle
  3
ACDB_MLEADERSTYLE_CLASS
 90
4095
 91
0
280
0
281
0
  0
CLASS
  1
DICTIONARYVAR
  2
AcDbDictionaryVar
  3
ObjectDBX Classes
 90
0
 91
0
280
0
281
0
  0
CLASS
  1
CELLSTYLEMAP
  2
AcDbCellStyleMap
  3
ObjectDBX Classes
 90
1152
 91
0
280
0
281
0
  0
CLASS
  1
MENTALRAYRENDERSETTINGS
  2
AcDbMentalRayRenderSettings
  3
SCENEOE
 90
1024
 91
0
280
0
281
0
  0
CLASS
  1
ACDBDETAILVIEWSTYLE
  2
AcDbDetailViewStyle
  3
ObjectDBX Classes
 90
1025
 91
0
280
0
281
0
  0
CLASS
  1
ACDBSECTIONVIEWSTYLE
  2
AcDbSectionViewStyle
  3
ObjectDBX Classes
 90
1025
 91
0
280
0
281
0
  0
CLASS
  1
RASTERVARIABLES
  2
AcDbRasterVariables
  3
ISM
 90
0
 91
0
280
0
281
0
  0
CLASS
  1
ACDBPLACEHOLDER
  2
AcDbPlaceHolder
  3
ObjectDBX Classes
 90
0
 91
0
280
0
281
0
  0
CLASS
  1
LAYOUT
  2
AcDbLayout
  3
ObjectDBX Classes
 90
0
 91
0
280
0
281
0
  0
ENDSEC
  0
SECTION
  2
TABLES
  0
TABLE
  2
VPORT
  5
8
330
0
100
AcDbSymbolTable
 70
1
  0
VPORT
  5
23
330
8
100
AcDbSymbolTableRecord
100
AcDbViewportTableRecord
  2
*Active
 70
0
 10
0.0
 20
0.0
 11
1.0
 21
1.0
 12
0.0
 22
0.0
 13
0.0
 23
0.0
 14
0.5
 24
0.5
 15
0.5
 25
0.5
 16
0.0
 26
0.0
 36
1.0
 17
0.0
 27
0.0
 37
0.0
 40
1000.0
 41
1.34
 42
50.0
 43
0.0
 44
0.0
 50
0.0
 51
0.0
 71
0
 72
1000
 73
1
 74
3
 75
0
 76
0
 77
0
 78
0
281
0
 65
0
146
0.0
  0
ENDTAB
  0
TABLE
  2
LTYPE
  5
2
330
0
100
AcDbSymbolTable
 70
3
  0
LTYPE
  5
24
330
2
100
AcDbSymbolTableRecord
100
AcDbLinetypeTableRecord
  2
ByBlock
 70
0
  3

 72
65
 73
0
 40
0.0
  0
LTYPE
  5
25
330
2
100
AcDbSymbolTableRecord
100
AcDbLinetypeTableRecord
  2
ByLayer
 70
0
  3

 72
65
 73
0
 40
0.0
  0
LTYPE
  5
26
330
2
100
AcDbSymbolTableRecord
100
AcDbLinetypeTableRecord
  2
Continuous
 70
0
  3

 72
65
 73
0
 40
0.0
  0
ENDTAB
  0
TABLE
  2
LAYER
  5
1
330
0
100
AcDbSymbolTable
 70
5
  0
LAYER
  5
27
330
1
100
AcDbSymbolTableRecord
100
AcDbLayerTableRecord
  2
0
 70
0
 62
7
  6
Continuous
370
-3
390
13
347
21
  0
LAYER
  5
28
330
1
100
AcDbSymbolTableRecord
100
AcDbLayerTableRecord
  2
Defpoints
 70
0
 62
7
  6
Continuous
290
0
370
-3
390
13
347
21
  0
LAYER
  5
2F
330
1
100
AcDbSymbolTableRecord
100
AcDbLayerTableRecord
  2
REFERENCE_GEOMETRY
 70
0
 62
7
  6
Continuous
370
-3
390
13
347
21
  0
LAYER
  5
30
330
1
100
AcDbSymbolTableRecord
100
AcDbLayerTableRecord
  2
REFERENCE_DIMENSIONS
 70
0
 62
2
  6
Continuous
370
-3
390
13
347
21
  0
LAYER
  5
31
330
1
100
AcDbSymbolTableRecord
100
AcDbLayerTableRecord
  2
REFERENCE_NOTES
 70
0
 62
3
  6
Continuous
370
-3
390
13
347
21
  0
ENDTAB
  0
TABLE
  2
STYLE
  5
5
330
0
100
AcDbSymbolTable
 70
1
  0
STYLE
  5
29
330
5
100
AcDbSymbolTableRecord
100
AcDbTextStyleTableRecord
  2
Standard
 70
0
 40
0.0
 41
1.0
 50
0.0
 71
0
 42
2.5
  3
txt
  4

  0
ENDTAB
  0
TABLE
  2
VIEW
  5
7
330
0
100
AcDbSymbolTable
 70
0
  0
ENDTAB
  0
TABLE
  2
UCS
  5
6
330
0
100
AcDbSymbolTable
 70
0
  0
ENDTAB
  0
TABLE
  2
APPID
  5
3
330
0
100
AcDbSymbolTable
 70
3
  0
APPID
  5
2A
330
3
100
AcDbSymbolTableRecord
100
AcDbRegAppTableRecord
  2
ACAD
 70
0
  0
APPID
  5
224
330
3
100
AcDbSymbolTableRecord
100
AcDbRegAppTableRecord
  2
HATCHBACKGROUNDCOLOR
 70
0
  0
APPID
  5
225
330
3
100
AcDbSymbolTableRecord
100
AcDbRegAppTableRecord
  2
EZDXF
 70
0
  0
ENDTAB
  0
TABLE
  2
DIMSTYLE
  5
4
330
0
100
AcDbSymbolTable
 70
1
100
AcDbDimStyleTable
  0
DIMSTYLE
105
2B
330
4
100
AcDbSymbolTableRecord
100
AcDbDimStyleTableRecord
  2
Standard
 70
0
 40
1.0
 41
2.5
 42
0.625
 43
3.75
 44
1.25
 45
0.0
 46
0.0
 47
0.0
 48
0.0
 49
2.5
140
2.5
141
2.5
142
0.0
143
0.03937007874
144
1.0
145
0.0
146
1.0
147
0.625
148
0.0
 69
0
 70
0
 71
0
 72
0
 73
0
 74
0
 75
0
 76
0
 77
1
 78
8
 79
3
170
0
171
3
172
1
173
0
174
0
175
0
176
0
177
0
178
0
179
2
271
2
272
2
273
2
274
3
275
0
276
0
277
2
278
44
279
0
280
0
281
0
282
0
283
0
284
8
285
0
286
0
288
0
289
3
290
0
371
-2
372
-2
  0
ENDTAB
  0
TABLE
  2
BLOCK_RECORD
  5
9
330
0
100
AcDbSymbolTable
 70
25
  0
BLOCK_RECORD
  5
17
330
9
100
AcDbSymbolTableRecord
100
AcDbBlockTableRecord
  2
*Model_Space
340
1A
 70
0
280
1
281
0
  0
BLOCK_RECORD
  5
1B
330
9
100
AcDbSymbolTableRecord
100
AcDbBlockTableRecord
  2
*Paper_Space
340
1E
 70
0
280
1
281
0
  0
BLOCK_RECORD
  5
3D
330
9
100
AcDbSymbolTableRecord
100
AcDbBlockTableRecord
  2
*D1
340
0
 70
0
280
1
281
0
  0
BLOCK_RECORD
  5
42
330
9
100
AcDbSymbolTableRecord
100
AcDbBlockTableRecord
  2
_CLOSEDFILLED
340
0
 70
0
280
1
281
0
  0
BLOCK_RECORD
  5
51
330
9
100
AcDbSymbolTableRecord
100
AcDbBlockTableRecord
  2
*D2
340
0
 70
0
280
1
281
0
  0
BLOCK_RECORD
  5
6D
330
9
100
AcDbSymbolTableRecord
100
AcDbBlockTableRecord
  2
*D3
340
0
 70
0
280
1
281
0
  0
BLOCK_RECORD
  5
7D
330
9
100
AcDbSymbolTableRecord
100
AcDbBlockTableRecord
  2
*D4
340
0
 70
0
280
1
281
0
  0
BLOCK_RECORD
  5
99
330
9
100
AcDbSymbolTableRecord
100
AcDbBlockTableRecord
  2
*D5
340
0
 70
0
280
1
281
0
  0
BLOCK_RECORD
  5
A9
330
9
100
AcDbSymbolTableRecord
100
AcDbBlockTableRecord
  2
*D6
340
0
 70
0
280
1
281
0
  0
BLOCK_RECORD
  5
C3
330
9
100
AcDbSymbolTableRecord
100
AcDbBlockTableRecord
  2
*D7
340
0
 70
0
280
1
281
0
  0
BLOCK_RECORD
  5
D3
330
9
100
AcDbSymbolTableRecord
100
AcDbBlockTableRecord
  2
*D8
340
0
 70
0
280
1
281
0
  0
BLOCK_RECORD
  5
EE
330
9
100
AcDbSymbolTableRecord
100
AcDbBlockTableRecord
  2
*D9
340
0
 70
0
280
1
281
0
  0
BLOCK_RECORD
  5
FE
330
9
100
AcDbSymbolTableRecord
100
AcDbBlockTableRecord
  2
*D10
340
0
 70
0
280
1
281
0
  0
BLOCK_RECORD
  5
11E
330
9
100
AcDbSymbolTableRecord
100
AcDbBlockTableRecord
  2
*D11
340
0
 70
0
280
1
281
0
  0
BLOCK_RECORD
  5
12E
330
9
100
AcDbSymbolTableRecord
100
AcDbBlockTableRecord
  2
*D12
340
0
 70
0
280
1
281
0
  0
BLOCK_RECORD
  5
149
330
9
100
AcDbSymbolTableRecord
100
AcDbBlockTableRecord
  2
*D13
340
0
 70
0
280
1
281
0
  0
BLOCK_RECORD
  5
159
330
9
100
AcDbSymbolTableRecord
100
AcDbBlockTableRecord
  2
*D14
340
0
 70
0
280
1
281
0
  0
BLOCK_RECORD
  5
172
330
9
100
AcDbSymbolTableRecord
100
AcDbBlockTableRecord
  2
*D15
340
0
 70
0
280
1
281
0
  0
BLOCK_RECORD
  5
182
330
9
100
AcDbSymbolTableRecord
100
AcDbBlockTableRecord
  2
*D16
340
0
 70
0
280
1
281
0
  0
BLOCK_RECORD
  5
19A
330
9
100
AcDbSymbolTableRecord
100
AcDbBlockTableRecord
  2
*D17
340
0
 70
0
280
1
281
0
  0
BLOCK_RECORD
  5
1AA
330
9
100
AcDbSymbolTableRecord
100
AcDbBlockTableRecord
  2
*D18
340
0
 70
0
280
1
281
0
  0
BLOCK_RECORD
  5
1C3
330
9
100
AcDbSymbolTableRecord
100
AcDbBlockTableRecord
  2
*D19
340
0
 70
0
280
1
281
0
  0
BLOCK_RECORD
  5
1D3
330
9
100
AcDbSymbolTableRecord
100
AcDbBlockTableRecord
  2
*D20
340
0
 70
0
280
1
281
0
  0
BLOCK_RECORD
  5
1FD
330
9
100
AcDbSymbolTableRecord
100
AcDbBlockTableRecord
  2
*D21
340
0
 70
0
280
1
281
0
  0
BLOCK_RECORD
  5
20D
330
9
100
AcDbSymbolTableRecord
100
AcDbBlockTableRecord
  2
*D22
340
0
 70
0
280
1
281
0
  0
ENDTAB
  0
ENDSEC
  0
SECTION
  2
BLOCKS
  0
BLOCK
  5
18
330
17
100
AcDbEntity
  8
0
100
AcDbBlockBegin
  2
*Model_Space
 70
0
 10
0.0
 20
0.0
 30
0.0
  3
*Model_Space
  1

  0
ENDBLK
  5
19
330
17
100
AcDbEntity
  8
0
100
AcDbBlockEnd
  0
BLOCK
  5
1C
330
1B
100
AcDbEntity
  8
0
100
AcDbBlockBegin
  2
*Paper_Space
 70
0
 10
0.0
 20
0.0
 30
0.0
  3
*Paper_Space
  1

  0
ENDBLK
  5
1D
330
1B
100
AcDbEntity
  8
0
100
AcDbBlockEnd
  0
BLOCK
  5
3E
330
3D
100
AcDbEntity
  8
0
100
AcDbBlockBegin
  2
*D1
 70
1
 10
0.0
 20
0.0
 30
0.0
  3
*D1
  1

  0
LINE
  5
40
330
3D
100
AcDbEntity
  8
0
100
AcDbLine
 10
0.0
 20
0.0
 30
0.0
 11
0.0
 21
-16.0
 31
0.0
  0
LINE
  5
41
330
3D
100
AcDbEntity
  8
0
100
AcDbLine
 10
344.0
 20
0.0
 30
0.0
 11
344.0
 21
-16.0
 31
0.0
  0
INSERT
  5
46
330
3D
100
AcDbEntity
  8
REFERENCE_DIMENSIONS
100
AcDbBlockReference
  2
_CLOSEDFILLED
 10
0.0
 20
-16.0
 30
0.0
 41
2.0
 42
2.0
 50
180.0
  0
INSERT
  5
48
330
3D
100
AcDbEntity
  8
REFERENCE_DIMENSIONS
100
AcDbBlockReference
  2
_CLOSEDFILLED
 10
344.0
 20
-16.0
 30
0.0
 41
2.0
 42
2.0
  0
LINE
  5
4A
330
3D
100
AcDbEntity
  8
0
100
AcDbLine
 10
2.0
 20
-16.0
 30
0.0
 11
167.5
 21
-16.0
 31
0.0
  0
LINE
  5
4B
330
3D
100
AcDbEntity
  8
0
100
AcDbLine
 10
176.49999999999997
 20
-16.0
 30
0.0
 11
342.0
 21
-16.0
 31
0.0
  0
MTEXT
  5
4C
330
3D
100
AcDbEntity
  8
REFERENCE_DIMENSIONS
100
AcDbMText
 10
172.0
 20
-16.0
 30
0.0
 40
3.0
 71
5
  1
344
  0
POINT
  5
4D
330
3D
100
AcDbEntity
  8
Defpoints
100
AcDbPoint
 10
0.0
 20
-16.0
 30
0.0
  0
POINT
  5
4E
330
3D
100
AcDbEntity
  8
Defpoints
100
AcDbPoint
 10
0.0
 20
0.0
 30
0.0
  0
POINT
  5
4F
330
3D
100
AcDbEntity
  8
Defpoints
100
AcDbPoint
 10
344.0
 20
0.0
 30
0.0
  0
ENDBLK
  5
3F
330
3D
100
AcDbEntity
  8
0
100
AcDbBlockEnd
  0
BLOCK
  5
43
330
42
100
AcDbEntity
  8
0
100
AcDbBlockBegin
  2
_CLOSEDFILLED
 70
0
 10
0.0
 20
0.0
 30
0.0
  3
_CLOSEDFILLED
  1

  0
SOLID
  5
45
330
42
100
AcDbEntity
  8
0
  6
BYBLOCK
 62
0
100
AcDbTrace
 10
-1.0
 20
0.16439898372402537
 30
0.0
 11
0.0
 21
0.0
 31
0.0
 12
-1.0
 22
-0.16439898372402537
 32
0.0
 13
-1.0
 23
-0.16439898372402537
 33
0.0
  0
ENDBLK
  5
44
330
42
100
AcDbEntity
  8
0
100
AcDbBlockEnd
  0
BLOCK
  5
52
330
51
100
AcDbEntity
  8
0
100
AcDbBlockBegin
  2
*D2
 70
1
 10
0.0
 20
0.0
 30
0.0
  3
*D2
  1

  0
LINE
  5
54
330
51
100
AcDbEntity
  8
0
100
AcDbLine
 10
344.0
 20
0.0
 30
0.0
 11
360.0
 21
0.0
 31
0.0
  0
LINE
  5
55
330
51
100
AcDbEntity
  8
0
100
AcDbLine
 10
344.0
 20
196.3
 30
0.0
 11
360.0
 21
196.3
 31
0.0
  0
INSERT
  5
56
330
51
100
AcDbEntity
  8
REFERENCE_DIMENSIONS
100
AcDbBlockReference
  2
_CLOSEDFILLED
 10
360.0
 20
0.0
 30
0.0
 41
2.0
 42
2.0
 50
270.0
  0
INSERT
  5
58
330
51
100
AcDbEntity
  8
REFERENCE_DIMENSIONS
100
AcDbBlockReference
  2
_CLOSEDFILLED
 10
360.0
 20
196.3
 30
0.0
 41
2.0
 42
2.0
 50
90.0
  0
LINE
  5
5A
330
51
100
AcDbEntity
  8
0
100
AcDbLine
 10
360.0
 20
2.0
 30
0.0
 11
360.0
 21
90.65
 31
0.0
  0
LINE
  5
5B
330
51
100
AcDbEntity
  8
0
100
AcDbLine
 10
360.0
 20
105.65
 30
0.0
 11
360.0
 21
194.3
 31
0.0
  0
MTEXT
  5
5C
330
51
100
AcDbEntity
  8
REFERENCE_DIMENSIONS
100
AcDbMText
 10
360.0
 20
98.15
 30
0.0
 40
3.0
 71
5
  1
196,3
 50
90.0
  0
POINT
  5
5D
330
51
100
AcDbEntity
  8
Defpoints
100
AcDbPoint
 10
360.0
 20
0.0
 30
0.0
  0
POINT
  5
5E
330
51
100
AcDbEntity
  8
Defpoints
100
AcDbPoint
 10
344.0
 20
0.0
 30
0.0
  0
POINT
  5
5F
330
51
100
AcDbEntity
  8
Defpoints
100
AcDbPoint
 10
344.0
 20
196.3
 30
0.0
  0
ENDBLK
  5
53
330
51
100
AcDbEntity
  8
0
100
AcDbBlockEnd
  0
BLOCK
  5
6E
330
6D
100
AcDbEntity
  8
0
100
AcDbBlockBegin
  2
*D3
 70
1
 10
0.0
 20
0.0
 30
0.0
  3
*D3
  1

  0
LINE
  5
70
330
6D
100
AcDbEntity
  8
0
100
AcDbLine
 10
480.0
 20
0.0
 30
0.0
 11
480.0
 21
-16.0
 31
0.0
  0
LINE
  5
71
330
6D
100
AcDbEntity
  8
0
100
AcDbLine
 10
658.5
 20
0.0
 30
0.0
 11
658.5
 21
-16.0
 31
0.0
  0
INSERT
  5
72
330
6D
100
AcDbEntity
  8
REFERENCE_DIMENSIONS
100
AcDbBlockReference
  2
_CLOSEDFILLED
 10
480.0
 20
-16.0
 30
0.0
 41
2.0
 42
2.0
 50
180.0
  0
INSERT
  5
74
330
6D
100
AcDbEntity
  8
REFERENCE_DIMENSIONS
100
AcDbBlockReference
  2
_CLOSEDFILLED
 10
658.5
 20
-16.0
 30
0.0
 41
2.0
 42
2.0
  0
LINE
  5
76
330
6D
100
AcDbEntity
  8
0
100
AcDbLine
 10
482.0
 20
-16.0
 30
0.0
 11
561.75
 21
-16.0
 31
0.0
  0
LINE
  5
77
330
6D
100
AcDbEntity
  8
0
100
AcDbLine
 10
576.75
 20
-16.0
 30
0.0
 11
656.5
 21
-16.0
 31
0.0
  0
MTEXT
  5
78
330
6D
100
AcDbEntity
  8
REFERENCE_DIMENSIONS
100
AcDbMText
 10
569.25
 20
-16.0
 30
0.0
 40
3.0
 71
5
  1
178,5
  0
POINT
  5
79
330
6D
100
AcDbEntity
  8
Defpoints
100
AcDbPoint
 10
480.0
 20
-16.0
 30
0.0
  0
POINT
  5
7A
330
6D
100
AcDbEntity
  8
Defpoints
100
AcDbPoint
 10
480.0
 20
0.0
 30
0.0
  0
POINT
  5
7B
330
6D
100
AcDbEntity
  8
Defpoints
100
AcDbPoint
 10
658.5
 20
0.0
 30
0.0
  0
ENDBLK
  5
6F
330
6D
100
AcDbEntity
  8
0
100
AcDbBlockEnd
  0
BLOCK
  5
7E
330
7D
100
AcDbEntity
  8
0
100
AcDbBlockBegin
  2
*D4
 70
1
 10
0.0
 20
0.0
 30
0.0
  3
*D4
  1

  0
LINE
  5
80
330
7D
100
AcDbEntity
  8
0
100
AcDbLine
 10
658.5
 20
0.0
 30
0.0
 11
674.5
 21
0.0
 31
0.0
  0
LINE
  5
81
330
7D
100
AcDbEntity
  8
0
100
AcDbLine
 10
658.5
 20
11.0
 30
0.0
 11
674.5
 21
11.0
 31
0.0
  0
INSERT
  5
82
330
7D
100
AcDbEntity
  8
REFERENCE_DIMENSIONS
100
AcDbBlockReference
  2
_CLOSEDFILLED
 10
674.5
 20
0.0
 30
0.0
 41
2.0
 42
2.0
 50
270.0
  0
INSERT
  5
84
330
7D
100
AcDbEntity
  8
REFERENCE_DIMENSIONS
100
AcDbBlockReference
  2
_CLOSEDFILLED
 10
674.5
 20
11.0
 30
0.0
 41
2.0
 42
2.0
 50
90.0
  0
LINE
  5
86
330
7D
100
AcDbEntity
  8
0
100
AcDbLine
 10
674.5
 20
2.0
 30
0.0
 11
674.5
 21
2.5
 31
0.0
  0
LINE
  5
87
330
7D
100
AcDbEntity
  8
0
100
AcDbLine
 10
674.5
 20
8.5
 30
0.0
 11
674.5
 21
9.0
 31
0.0
  0
MTEXT
  5
88
330
7D
100
AcDbEntity
  8
REFERENCE_DIMENSIONS
100
AcDbMText
 10
674.5
 20
5.5
 30
0.0
 40
3.0
 71
5
  1
11
 50
90.0
  0
POINT
  5
89
330
7D
100
AcDbEntity
  8
Defpoints
100
AcDbPoint
 10
674.5
 20
0.0
 30
0.0
  0
POINT
  5
8A
330
7D
100
AcDbEntity
  8
Defpoints
100
AcDbPoint
 10
658.5
 20
0.0
 30
0.0
  0
POINT
  5
8B
330
7D
100
AcDbEntity
  8
Defpoints
100
AcDbPoint
 10
658.5
 20
11.0
 30
0.0
  0
ENDBLK
  5
7F
330
7D
100
AcDbEntity
  8
0
100
AcDbBlockEnd
  0
BLOCK
  5
9A
330
99
100
AcDbEntity
  8
0
100
AcDbBlockBegin
  2
*D5
 70
1
 10
0.0
 20
0.0
 30
0.0
  3
*D5
  1

  0
LINE
  5
9C
330
99
100
AcDbEntity
  8
0
100
AcDbLine
 10
960.0
 20
0.0
 30
0.0
 11
960.0
 21
-16.0
 31
0.0
  0
LINE
  5
9D
330
99
100
AcDbEntity
  8
0
100
AcDbLine
 10
1138.5
 20
0.0
 30
0.0
 11
1138.5
 21
-16.0
 31
0.0
  0
INSERT
  5
9E
330
99
100
AcDbEntity
  8
REFERENCE_DIMENSIONS
100
AcDbBlockReference
  2
_CLOSEDFILLED
 10
960.0
 20
-16.0
 30
0.0
 41
2.0
 42
2.0
 50
180.0
  0
INSERT
  5
A0
330
99
100
AcDbEntity
  8
REFERENCE_DIMENSIONS
100
AcDbBlockReference
  2
_CLOSEDFILLED
 10
1138.5
 20
-16.0
 30
0.0
 41
2.0
 42
2.0
  0
LINE
  5
A2
330
99
100
AcDbEntity
  8
0
100
AcDbLine
 10
962.0
 20
-16.0
 30
0.0
 11
1041.75
 21
-16.0
 31
0.0
  0
LINE
  5
A3
330
99
100
AcDbEntity
  8
0
100
AcDbLine
 10
1056.75
 20
-16.0
 30
0.0
 11
1136.5
 21
-16.0
 31
0.0
  0
MTEXT
  5
A4
330
99
100
AcDbEntity
  8
REFERENCE_DIMENSIONS
100
AcDbMText
 10
1049.25
 20
-16.0
 30
0.0
 40
3.0
 71
5
  1
178,5
  0
POINT
  5
A5
330
99
100
AcDbEntity
  8
Defpoints
100
AcDbPoint
 10
960.0
 20
-16.0
 30
0.0
  0
POINT
  5
A6
330
99
100
AcDbEntity
  8
Defpoints
100
AcDbPoint
 10
960.0
 20
0.0
 30
0.0
  0
POINT
  5
A7
330
99
100
AcDbEntity
  8
Defpoints
100
AcDbPoint
 10
1138.5
 20
0.0
 30
0.0
  0
ENDBLK
  5
9B
330
99
100
AcDbEntity
  8
0
100
AcDbBlockEnd
  0
BLOCK
  5
AA
330
A9
100
AcDbEntity
  8
0
100
AcDbBlockBegin
  2
*D6
 70
1
 10
0.0
 20
0.0
 30
0.0
  3
*D6
  1

  0
LINE
  5
AC
330
A9
100
AcDbEntity
  8
0
100
AcDbLine
 10
1138.5
 20
0.0
 30
0.0
 11
1154.5
 21
0.0
 31
0.0
  0
LINE
  5
AD
330
A9
100
AcDbEntity
  8
0
100
AcDbLine
 10
1138.5
 20
14.0
 30
0.0
 11
1154.5
 21
14.0
 31
0.0
  0
INSERT
  5
AE
330
A9
100
AcDbEntity
  8
REFERENCE_DIMENSIONS
100
AcDbBlockReference
  2
_CLOSEDFILLED
 10
1154.5
 20
0.0
 30
0.0
 41
2.0
 42
2.0
 50
270.0
  0
INSERT
  5
B0
330
A9
100
AcDbEntity
  8
REFERENCE_DIMENSIONS
100
AcDbBlockReference
  2
_CLOSEDFILLED
 10
1154.5
 20
14.0
 30
0.0
 41
2.0
 42
2.0
 50
90.0
  0
LINE
  5
B2
330
A9
100
AcDbEntity
  8
0
100
AcDbLine
 10
1154.5
 20
2.0
 30
0.0
 11
1154.5
 21
4.0
 31
0.0
  0
LINE
  5
B3
330
A9
100
AcDbEntity
  8
0
100
AcDbLine
 10
1154.5
 20
10.0
 30
0.0
 11
1154.5
 21
12.0
 31
0.0
  0
MTEXT
  5
B4
330
A9
100
AcDbEntity
  8
REFERENCE_DIMENSIONS
100
AcDbMText
 10
1154.5
 20
7.0
 30
0.0
 40
3.0
 71
5
  1
14
 50
90.0
  0
POINT
  5
B5
330
A9
100
AcDbEntity
  8
Defpoints
100
AcDbPoint
 10
1154.5
 20
0.0
 30
0.0
  0
POINT
  5
B6
330
A9
100
AcDbEntity
  8
Defpoints
100
AcDbPoint
 10
1138.5
 20
0.0
 30
0.0
  0
POINT
  5
B7
330
A9
100
AcDbEntity
  8
Defpoints
100
AcDbPoint
 10
1138.5
 20
14.0
 30
0.0
  0
ENDBLK
  5
AB
330
A9
100
AcDbEntity
  8
0
100
AcDbBlockEnd
  0
BLOCK
  5
C4
330
C3
100
AcDbEntity
  8
0
100
AcDbBlockBegin
  2
*D7
 70
1
 10
0.0
 20
0.0
 30
0.0
  3
*D7
  1

  0
LINE
  5
C6
330
C3
100
AcDbEntity
  8
0
100
AcDbLine
 10
0.0
 20
-400.0
 30
0.0
 11
0.0
 21
-416.0
 31
0.0
  0
LINE
  5
C7
330
C3
100
AcDbEntity
  8
0
100
AcDbLine
 10
123.0
 20
-400.0
 30
0.0
 11
123.0
 21
-416.0
 31
0.0
  0
INSERT
  5
C8
330
C3
100
AcDbEntity
  8
REFERENCE_DIMENSIONS
100
AcDbBlockReference
  2
_CLOSEDFILLED
 10
0.0
 20
-416.0
 30
0.0
 41
2.0
 42
2.0
 50
180.0
  0
INSERT
  5
CA
330
C3
100
AcDbEntity
  8
REFERENCE_DIMENSIONS
100
AcDbBlockReference
  2
_CLOSEDFILLED
 10
123.0
 20
-416.0
 30
0.0
 41
2.0
 42
2.0
  0
LINE
  5
CC
330
C3
100
AcDbEntity
  8
0
100
AcDbLine
 10
2.0
 20
-416.0
 30
0.0
 11
57.0
 21
-416.0
 31
0.0
  0
LINE
  5
CD
330
C3
100
AcDbEntity
  8
0
100
AcDbLine
 10
66.0
 20
-416.0
 30
0.0
 11
121.0
 21
-416.0
 31
0.0
  0
MTEXT
  5
CE
330
C3
100
AcDbEntity
  8
REFERENCE_DIMENSIONS
100
AcDbMText
 10
61.5
 20
-416.0
 30
0.0
 40
3.0
 71
5
  1
123
  0
POINT
  5
CF
330
C3
100
AcDbEntity
  8
Defpoints
100
AcDbPoint
 10
0.0
 20
-416.0
 30
0.0
  0
POINT
  5
D0
330
C3
100
AcDbEntity
  8
Defpoints
100
AcDbPoint
 10
0.0
 20
-400.0
 30
0.0
  0
POINT
  5
D1
330
C3
100
AcDbEntity
  8
Defpoints
100
AcDbPoint
 10
123.0
 20
-400.0
 30
0.0
  0
ENDBLK
  5
C5
330
C3
100
AcDbEntity
  8
0
100
AcDbBlockEnd
  0
BLOCK
  5
D4
330
D3
100
AcDbEntity
  8
0
100
AcDbBlockBegin
  2
*D8
 70
1
 10
0.0
 20
0.0
 30
0.0
  3
*D8
  1

  0
LINE
  5
D6
330
D3
100
AcDbEntity
  8
0
100
AcDbLine
 10
123.0
 20
-400.0
 30
0.0
 11
139.0
 21
-400.0
 31
0.0
  0
LINE
  5
D7
330
D3
100
AcDbEntity
  8
0
100
AcDbLine
 10
123.0
 20
-389.0
 30
0.0
 11
139.0
 21
-389.0
 31
0.0
  0
INSERT
  5
D8
330
D3
100
AcDbEntity
  8
REFERENCE_DIMENSIONS
100
AcDbBlockReference
  2
_CLOSEDFILLED
 10
139.0
 20
-400.0
 30
0.0
 41
2.0
 42
2.0
 50
270.0
  0
INSERT
  5
DA
330
D3
100
AcDbEntity
  8
REFERENCE_DIMENSIONS
100
AcDbBlockReference
  2
_CLOSEDFILLED
 10
139.0
 20
-389.0
 30
0.0
 41
2.0
 42
2.0
 50
90.0
  0
LINE
  5
DC
330
D3
100
AcDbEntity
  8
0
100
AcDbLine
 10
139.0
 20
-398.0
 30
0.0
 11
139.0
 21
-397.5
 31
0.0
  0
LINE
  5
DD
330
D3
100
AcDbEntity
  8
0
100
AcDbLine
 10
139.0
 20
-391.5
 30
0.0
 11
139.0
 21
-391.0
 31
0.0
  0
MTEXT
  5
DE
330
D3
100
AcDbEntity
  8
REFERENCE_DIMENSIONS
100
AcDbMText
 10
139.0
 20
-394.5
 30
0.0
 40
3.0
 71
5
  1
11
 50
90.0
  0
POINT
  5
DF
330
D3
100
AcDbEntity
  8
Defpoints
100
AcDbPoint
 10
139.0
 20
-400.0
 30
0.0
  0
POINT
  5
E0
330
D3
100
AcDbEntity
  8
Defpoints
100
AcDbPoint
 10
123.0
 20
-400.0
 30
0.0
  0
POINT
  5
E1
330
D3
100
AcDbEntity
  8
Defpoints
100
AcDbPoint
 10
123.0
 20
-389.0
 30
0.0
  0
ENDBLK
  5
D5
330
D3
100
AcDbEntity
  8
0
100
AcDbBlockEnd
  0
BLOCK
  5
EF
330
EE
100
AcDbEntity
  8
0
100
AcDbBlockBegin
  2
*D9
 70
1
 10
0.0
 20
0.0
 30
0.0
  3
*D9
  1

  0
LINE
  5
F1
330
EE
100
AcDbEntity
  8
0
100
AcDbLine
 10
480.0
 20
-400.0
 30
0.0
 11
480.0
 21
-416.0
 31
0.0
  0
LINE
  5
F2
330
EE
100
AcDbEntity
  8
0
100
AcDbLine
 10
603.0
 20
-400.0
 30
0.0
 11
603.0
 21
-416.0
 31
0.0
  0
INSERT
  5
F3
330
EE
100
AcDbEntity
  8
REFERENCE_DIMENSIONS
100
AcDbBlockReference
  2
_CLOSEDFILLED
 10
480.0
 20
-416.0
 30
0.0
 41
2.0
 42
2.0
 50
180.0
  0
INSERT
  5
F5
330
EE
100
AcDbEntity
  8
REFERENCE_DIMENSIONS
100
AcDbBlockReference
  2
_CLOSEDFILLED
 10
603.0
 20
-416.0
 30
0.0
 41
2.0
 42
2.0
  0
LINE
  5
F7
330
EE
100
AcDbEntity
  8
0
100
AcDbLine
 10
482.0
 20
-416.0
 30
0.0
 11
537.0
 21
-416.0
 31
0.0
  0
LINE
  5
F8
330
EE
100
AcDbEntity
  8
0
100
AcDbLine
 10
546.0
 20
-416.0
 30
0.0
 11
601.0
 21
-416.0
 31
0.0
  0
MTEXT
  5
F9
330
EE
100
AcDbEntity
  8
REFERENCE_DIMENSIONS
100
AcDbMText
 10
541.5
 20
-416.0
 30
0.0
 40
3.0
 71
5
  1
123
  0
POINT
  5
FA
330
EE
100
AcDbEntity
  8
Defpoints
100
AcDbPoint
 10
480.0
 20
-416.0
 30
0.0
  0
POINT
  5
FB
330
EE
100
AcDbEntity
  8
Defpoints
100
AcDbPoint
 10
480.0
 20
-400.0
 30
0.0
  0
POINT
  5
FC
330
EE
100
AcDbEntity
  8
Defpoints
100
AcDbPoint
 10
603.0
 20
-400.0
 30
0.0
  0
ENDBLK
  5
F0
330
EE
100
AcDbEntity
  8
0
100
AcDbBlockEnd
  0
BLOCK
  5
FF
330
FE
100
AcDbEntity
  8
0
100
AcDbBlockBegin
  2
*D10
 70
1
 10
0.0
 20
0.0
 30
0.0
  3
*D10
  1

  0
LINE
  5
101
330
FE
100
AcDbEntity
  8
0
100
AcDbLine
 10
603.0
 20
-400.0
 30
0.0
 11
619.0
 21
-400.0
 31
0.0
  0
LINE
  5
102
330
FE
100
AcDbEntity
  8
0
100
AcDbLine
 10
603.0
 20
-386.0
 30
0.0
 11
619.0
 21
-386.0
 31
0.0
  0
INSERT
  5
103
330
FE
100
AcDbEntity
  8
REFERENCE_DIMENSIONS
100
AcDbBlockReference
  2
_CLOSEDFILLED
 10
619.0
 20
-400.0
 30
0.0
 41
2.0
 42
2.0
 50
270.0
  0
INSERT
  5
105
330
FE
100
AcDbEntity
  8
REFERENCE_DIMENSIONS
100
AcDbBlockReference
  2
_CLOSEDFILLED
 10
619.0
 20
-386.0
 30
0.0
 41
2.0
 42
2.0
 50
90.0
  0
LINE
  5
107
330
FE
100
AcDbEntity
  8
0
100
AcDbLine
 10
619.0
 20
-398.0
 30
0.0
 11
619.0
 21
-396.0
 31
0.0
  0
LINE
  5
108
330
FE
100
AcDbEntity
  8
0
100
AcDbLine
 10
619.0
 20
-390.0
 30
0.0
 11
619.0
 21
-388.0
 31
0.0
  0
MTEXT
  5
109
330
FE
100
AcDbEntity
  8
REFERENCE_DIMENSIONS
100
AcDbMText
 10
619.0
 20
-393.0
 30
0.0
 40
3.0
 71
5
  1
14
 50
90.0
  0
POINT
  5
10A
330
FE
100
AcDbEntity
  8
Defpoints
100
AcDbPoint
 10
619.0
 20
-400.0
 30
0.0
  0
POINT
  5
10B
330
FE
100
AcDbEntity
  8
Defpoints
100
AcDbPoint
 10
603.0
 20
-400.0
 30
0.0
  0
POINT
  5
10C
330
FE
100
AcDbEntity
  8
Defpoints
100
AcDbPoint
 10
603.0
 20
-386.0
 30
0.0
  0
ENDBLK
  5
100
330
FE
100
AcDbEntity
  8
0
100
AcDbBlockEnd
  0
BLOCK
  5
11F
330
11E
100
AcDbEntity
  8
0
100
AcDbBlockBegin
  2
*D11
 70
1
 10
0.0
 20
0.0
 30
0.0
  3
*D11
  1

  0
LINE
  5
121
330
11E
100
AcDbEntity
  8
0
100
AcDbLine
 10
960.0
 20
-400.0
 30
0.0
 11
960.0
 21
-416.0
 31
0.0
  0
LINE
  5
122
330
11E
100
AcDbEntity
  8
0
100
AcDbLine
 10
1304.0
 20
-400.0
 30
0.0
 11
1304.0
 21
-416.0
 31
0.0
  0
INSERT
  5
123
330
11E
100
AcDbEntity
  8
REFERENCE_DIMENSIONS
100
AcDbBlockReference
  2
_CLOSEDFILLED
 10
960.0
 20
-416.0
 30
0.0
 41
2.0
 42
2.0
 50
180.0
  0
INSERT
  5
125
330
11E
100
AcDbEntity
  8
REFERENCE_DIMENSIONS
100
AcDbBlockReference
  2
_CLOSEDFILLED
 10
1304.0
 20
-416.0
 30
0.0
 41
2.0
 42
2.0
  0
LINE
  5
127
330
11E
100
AcDbEntity
  8
0
100
AcDbLine
 10
962.0
 20
-416.0
 30
0.0
 11
1127.5
 21
-416.0
 31
0.0
  0
LINE
  5
128
330
11E
100
AcDbEntity
  8
0
100
AcDbLine
 10
1136.5
 20
-416.0
 30
0.0
 11
1302.0
 21
-416.0
 31
0.0
  0
MTEXT
  5
129
330
11E
100
AcDbEntity
  8
REFERENCE_DIMENSIONS
100
AcDbMText
 10
1132.0
 20
-416.0
 30
0.0
 40
3.0
 71
5
  1
344
  0
POINT
  5
12A
330
11E
100
AcDbEntity
  8
Defpoints
100
AcDbPoint
 10
960.0
 20
-416.0
 30
0.0
  0
POINT
  5
12B
330
11E
100
AcDbEntity
  8
Defpoints
100
AcDbPoint
 10
960.0
 20
-400.0
 30
0.0
  0
POINT
  5
12C
330
11E
100
AcDbEntity
  8
Defpoints
100
AcDbPoint
 10
1304.0
 20
-400.0
 30
0.0
  0
ENDBLK
  5
120
330
11E
100
AcDbEntity
  8
0
100
AcDbBlockEnd
  0
BLOCK
  5
12F
330
12E
100
AcDbEntity
  8
0
100
AcDbBlockBegin
  2
*D12
 70
1
 10
0.0
 20
0.0
 30
0.0
  3
*D12
  1

  0
LINE
  5
131
330
12E
100
AcDbEntity
  8
0
100
AcDbLine
 10
1304.0
 20
-400.0
 30
0.0
 11
1320.0
 21
-400.0
 31
0.0
  0
LINE
  5
132
330
12E
100
AcDbEntity
  8
0
100
AcDbLine
 10
1304.0
 20
-203.70000000000002
 30
0.0
 11
1320.0
 21
-203.70000000000002
 31
0.0
  0
INSERT
  5
133
330
12E
100
AcDbEntity
  8
REFERENCE_DIMENSIONS
100
AcDbBlockReference
  2
_CLOSEDFILLED
 10
1320.0
 20
-400.0
 30
0.0
 41
2.0
 42
2.0
 50
270.0
  0
INSERT
  5
135
330
12E
100
AcDbEntity
  8
REFERENCE_DIMENSIONS
100
AcDbBlockReference
  2
_CLOSEDFILLED
 10
1320.0
 20
-203.70000000000002
 30
0.0
 41
2.0
 42
2.0
 50
90.0
  0
LINE
  5
137
330
12E
100
AcDbEntity
  8
0
100
AcDbLine
 10
1320.0
 20
-398.0
 30
0.0
 11
1320.0
 21
-309.35
 31
0.0
  0
LINE
  5
138
330
12E
100
AcDbEntity
  8
0
100
AcDbLine
 10
1320.0
 20
-294.35
 30
0.0
 11
1320.0
 21
-205.70000000000002
 31
0.0
  0
MTEXT
  5
139
330
12E
100
AcDbEntity
  8
REFERENCE_DIMENSIONS
100
AcDbMText
 10
1320.0
 20
-301.85
 30
0.0
 40
3.0
 71
5
  1
196,3
 50
90.0
  0
POINT
  5
13A
330
12E
100
AcDbEntity
  8
Defpoints
100
AcDbPoint
 10
1320.0
 20
-400.0
 30
0.0
  0
POINT
  5
13B
330
12E
100
AcDbEntity
  8
Defpoints
100
AcDbPoint
 10
1304.0
 20
-400.0
 30
0.0
  0
POINT
  5
13C
330
12E
100
AcDbEntity
  8
Defpoints
100
AcDbPoint
 10
1304.0
 20
-203.70000000000002
 30
0.0
  0
ENDBLK
  5
130
330
12E
100
AcDbEntity
  8
0
100
AcDbBlockEnd
  0
BLOCK
  5
14A
330
149
100
AcDbEntity
  8
0
100
AcDbBlockBegin
  2
*D13
 70
1
 10
0.0
 20
0.0
 30
0.0
  3
*D13
  1

  0
LINE
  5
14C
330
149
100
AcDbEntity
  8
0
100
AcDbLine
 10
0.0
 20
-800.0
 30
0.0
 11
0.0
 21
-816.0
 31
0.0
  0
LINE
  5
14D
330
149
100
AcDbEntity
  8
0
100
AcDbLine
 10
178.5
 20
-800.0
 30
0.0
 11
178.5
 21
-816.0
 31
0.0
  0
INSERT
  5
14E
330
149
100
AcDbEntity
  8
REFERENCE_DIMENSIONS
100
AcDbBlockReference
  2
_CLOSEDFILLED
 10
0.0
 20
-816.0
 30
0.0
 41
2.0
 42
2.0
 50
180.0
  0
INSERT
  5
150
330
149
100
AcDbEntity
  8
REFERENCE_DIMENSIONS
100
AcDbBlockReference
  2
_CLOSEDFILLED
 10
178.5
 20
-816.0
 30
0.0
 41
2.0
 42
2.0
  0
LINE
  5
152
330
149
100
AcDbEntity
  8
0
100
AcDbLine
 10
2.0
 20
-816.0
 30
0.0
 11
81.75
 21
-816.0
 31
0.0
  0
LINE
  5
153
330
149
100
AcDbEntity
  8
0
100
AcDbLine
 10
96.75
 20
-816.0
 30
0.0
 11
176.5
 21
-816.0
 31
0.0
  0
MTEXT
  5
154
330
149
100
AcDbEntity
  8
REFERENCE_DIMENSIONS
100
AcDbMText
 10
89.25
 20
-816.0
 30
0.0
 40
3.0
 71
5
  1
178,5
  0
POINT
  5
155
330
149
100
AcDbEntity
  8
Defpoints
100
AcDbPoint
 10
0.0
 20
-816.0
 30
0.0
  0
POINT
  5
156
330
149
100
AcDbEntity
  8
Defpoints
100
AcDbPoint
 10
0.0
 20
-800.0
 30
0.0
  0
POINT
  5
157
330
149
100
AcDbEntity
  8
Defpoints
100
AcDbPoint
 10
178.5
 20
-800.0
 30
0.0
  0
ENDBLK
  5
14B
330
149
100
AcDbEntity
  8
0
100
AcDbBlockEnd
  0
BLOCK
  5
15A
330
159
100
AcDbEntity
  8
0
100
AcDbBlockBegin
  2
*D14
 70
1
 10
0.0
 20
0.0
 30
0.0
  3
*D14
  1

  0
LINE
  5
15C
330
159
100
AcDbEntity
  8
0
100
AcDbLine
 10
178.5
 20
-800.0
 30
0.0
 11
194.5
 21
-800.0
 31
0.0
  0
LINE
  5
15D
330
159
100
AcDbEntity
  8
0
100
AcDbLine
 10
178.5
 20
-786.0
 30
0.0
 11
194.5
 21
-786.0
 31
0.0
  0
INSERT
  5
15E
330
159
100
AcDbEntity
  8
REFERENCE_DIMENSIONS
100
AcDbBlockReference
  2
_CLOSEDFILLED
 10
194.5
 20
-800.0
 30
0.0
 41
2.0
 42
2.0
 50
270.0
  0
INSERT
  5
160
330
159
100
AcDbEntity
  8
REFERENCE_DIMENSIONS
100
AcDbBlockReference
  2
_CLOSEDFILLED
 10
194.5
 20
-786.0
 30
0.0
 41
2.0
 42
2.0
 50
90.0
  0
LINE
  5
162
330
159
100
AcDbEntity
  8
0
100
AcDbLine
 10
194.5
 20
-798.0
 30
0.0
 11
194.5
 21
-796.0
 31
0.0
  0
LINE
  5
163
330
159
100
AcDbEntity
  8
0
100
AcDbLine
 10
194.5
 20
-790.0
 30
0.0
 11
194.5
 21
-788.0
 31
0.0
  0
MTEXT
  5
164
330
159
100
AcDbEntity
  8
REFERENCE_DIMENSIONS
100
AcDbMText
 10
194.5
 20
-793.0
 30
0.0
 40
3.0
 71
5
  1
14
 50
90.0
  0
POINT
  5
165
330
159
100
AcDbEntity
  8
Defpoints
100
AcDbPoint
 10
194.5
 20
-800.0
 30
0.0
  0
POINT
  5
166
330
159
100
AcDbEntity
  8
Defpoints
100
AcDbPoint
 10
178.5
 20
-800.0
 30
0.0
  0
POINT
  5
167
330
159
100
AcDbEntity
  8
Defpoints
100
AcDbPoint
 10
178.5
 20
-786.0
 30
0.0
  0
ENDBLK
  5
15B
330
159
100
AcDbEntity
  8
0
100
AcDbBlockEnd
  0
BLOCK
  5
173
330
172
100
AcDbEntity
  8
0
100
AcDbBlockBegin
  2
*D15
 70
1
 10
0.0
 20
0.0
 30
0.0
  3
*D15
  1

  0
LINE
  5
175
330
172
100
AcDbEntity
  8
0
100
AcDbLine
 10
480.0
 20
-800.0
 30
0.0
 11
480.0
 21
-816.0
 31
0.0
  0
LINE
  5
176
330
172
100
AcDbEntity
  8
0
100
AcDbLine
 10
658.5
 20
-800.0
 30
0.0
 11
658.5
 21
-816.0
 31
0.0
  0
INSERT
  5
177
330
172
100
AcDbEntity
  8
REFERENCE_DIMENSIONS
100
AcDbBlockReference
  2
_CLOSEDFILLED
 10
480.0
 20
-816.0
 30
0.0
 41
2.0
 42
2.0
 50
180.0
  0
INSERT
  5
179
330
172
100
AcDbEntity
  8
REFERENCE_DIMENSIONS
100
AcDbBlockReference
  2
_CLOSEDFILLED
 10
658.5
 20
-816.0
 30
0.0
 41
2.0
 42
2.0
  0
LINE
  5
17B
330
172
100
AcDbEntity
  8
0
100
AcDbLine
 10
482.0
 20
-816.0
 30
0.0
 11
561.75
 21
-816.0
 31
0.0
  0
LINE
  5
17C
330
172
100
AcDbEntity
  8
0
100
AcDbLine
 10
576.75
 20
-816.0
 30
0.0
 11
656.5
 21
-816.0
 31
0.0
  0
MTEXT
  5
17D
330
172
100
AcDbEntity
  8
REFERENCE_DIMENSIONS
100
AcDbMText
 10
569.25
 20
-816.0
 30
0.0
 40
3.0
 71
5
  1
178,5
  0
POINT
  5
17E
330
172
100
AcDbEntity
  8
Defpoints
100
AcDbPoint
 10
480.0
 20
-816.0
 30
0.0
  0
POINT
  5
17F
330
172
100
AcDbEntity
  8
Defpoints
100
AcDbPoint
 10
480.0
 20
-800.0
 30
0.0
  0
POINT
  5
180
330
172
100
AcDbEntity
  8
Defpoints
100
AcDbPoint
 10
658.5
 20
-800.0
 30
0.0
  0
ENDBLK
  5
174
330
172
100
AcDbEntity
  8
0
100
AcDbBlockEnd
  0
BLOCK
  5
183
330
182
100
AcDbEntity
  8
0
100
AcDbBlockBegin
  2
*D16
 70
1
 10
0.0
 20
0.0
 30
0.0
  3
*D16
  1

  0
LINE
  5
185
330
182
100
AcDbEntity
  8
0
100
AcDbLine
 10
658.5
 20
-800.0
 30
0.0
 11
674.5
 21
-800.0
 31
0.0
  0
LINE
  5
186
330
182
100
AcDbEntity
  8
0
100
AcDbLine
 10
658.5
 20
-786.0
 30
0.0
 11
674.5
 21
-786.0
 31
0.0
  0
INSERT
  5
187
330
182
100
AcDbEntity
  8
REFERENCE_DIMENSIONS
100
AcDbBlockReference
  2
_CLOSEDFILLED
 10
674.5
 20
-800.0
 30
0.0
 41
2.0
 42
2.0
 50
270.0
  0
INSERT
  5
189
330
182
100
AcDbEntity
  8
REFERENCE_DIMENSIONS
100
AcDbBlockReference
  2
_CLOSEDFILLED
 10
674.5
 20
-786.0
 30
0.0
 41
2.0
 42
2.0
 50
90.0
  0
LINE
  5
18B
330
182
100
AcDbEntity
  8
0
100
AcDbLine
 10
674.5
 20
-798.0
 30
0.0
 11
674.5
 21
-796.0
 31
0.0
  0
LINE
  5
18C
330
182
100
AcDbEntity
  8
0
100
AcDbLine
 10
674.5
 20
-790.0
 30
0.0
 11
674.5
 21
-788.0
 31
0.0
  0
MTEXT
  5
18D
330
182
100
AcDbEntity
  8
REFERENCE_DIMENSIONS
100
AcDbMText
 10
674.5
 20
-793.0
 30
0.0
 40
3.0
 71
5
  1
14
 50
90.0
  0
POINT
  5
18E
330
182
100
AcDbEntity
  8
Defpoints
100
AcDbPoint
 10
674.5
 20
-800.0
 30
0.0
  0
POINT
  5
18F
330
182
100
AcDbEntity
  8
Defpoints
100
AcDbPoint
 10
658.5
 20
-800.0
 30
0.0
  0
POINT
  5
190
330
182
100
AcDbEntity
  8
Defpoints
100
AcDbPoint
 10
658.5
 20
-786.0
 30
0.0
  0
ENDBLK
  5
184
330
182
100
AcDbEntity
  8
0
100
AcDbBlockEnd
  0
BLOCK
  5
19B
330
19A
100
AcDbEntity
  8
0
100
AcDbBlockBegin
  2
*D17
 70
1
 10
0.0
 20
0.0
 30
0.0
  3
*D17
  1

  0
LINE
  5
19D
330
19A
100
AcDbEntity
  8
0
100
AcDbLine
 10
960.0
 20
-800.0
 30
0.0
 11
960.0
 21
-816.0
 31
0.0
  0
LINE
  5
19E
330
19A
100
AcDbEntity
  8
0
100
AcDbLine
 10
1083.0
 20
-800.0
 30
0.0
 11
1083.0
 21
-816.0
 31
0.0
  0
INSERT
  5
19F
330
19A
100
AcDbEntity
  8
REFERENCE_DIMENSIONS
100
AcDbBlockReference
  2
_CLOSEDFILLED
 10
960.0
 20
-816.0
 30
0.0
 41
2.0
 42
2.0
 50
180.0
  0
INSERT
  5
1A1
330
19A
100
AcDbEntity
  8
REFERENCE_DIMENSIONS
100
AcDbBlockReference
  2
_CLOSEDFILLED
 10
1083.0
 20
-816.0
 30
0.0
 41
2.0
 42
2.0
  0
LINE
  5
1A3
330
19A
100
AcDbEntity
  8
0
100
AcDbLine
 10
962.0
 20
-816.0
 30
0.0
 11
1017.0
 21
-816.0
 31
0.0
  0
LINE
  5
1A4
330
19A
100
AcDbEntity
  8
0
100
AcDbLine
 10
1026.0
 20
-816.0
 30
0.0
 11
1081.0
 21
-816.0
 31
0.0
  0
MTEXT
  5
1A5
330
19A
100
AcDbEntity
  8
REFERENCE_DIMENSIONS
100
AcDbMText
 10
1021.5
 20
-816.0
 30
0.0
 40
3.0
 71
5
  1
123
  0
POINT
  5
1A6
330
19A
100
AcDbEntity
  8
Defpoints
100
AcDbPoint
 10
960.0
 20
-816.0
 30
0.0
  0
POINT
  5
1A7
330
19A
100
AcDbEntity
  8
Defpoints
100
AcDbPoint
 10
960.0
 20
-800.0
 30
0.0
  0
POINT
  5
1A8
330
19A
100
AcDbEntity
  8
Defpoints
100
AcDbPoint
 10
1083.0
 20
-800.0
 30
0.0
  0
ENDBLK
  5
19C
330
19A
100
AcDbEntity
  8
0
100
AcDbBlockEnd
  0
BLOCK
  5
1AB
330
1AA
100
AcDbEntity
  8
0
100
AcDbBlockBegin
  2
*D18
 70
1
 10
0.0
 20
0.0
 30
0.0
  3
*D18
  1

  0
LINE
  5
1AD
330
1AA
100
AcDbEntity
  8
0
100
AcDbLine
 10
1083.0
 20
-800.0
 30
0.0
 11
1099.0
 21
-800.0
 31
0.0
  0
LINE
  5
1AE
330
1AA
100
AcDbEntity
  8
0
100
AcDbLine
 10
1083.0
 20
-786.0
 30
0.0
 11
1099.0
 21
-786.0
 31
0.0
  0
INSERT
  5
1AF
330
1AA
100
AcDbEntity
  8
REFERENCE_DIMENSIONS
100
AcDbBlockReference
  2
_CLOSEDFILLED
 10
1099.0
 20
-800.0
 30
0.0
 41
2.0
 42
2.0
 50
270.0
  0
INSERT
  5
1B1
330
1AA
100
AcDbEntity
  8
REFERENCE_DIMENSIONS
100
AcDbBlockReference
  2
_CLOSEDFILLED
 10
1099.0
 20
-786.0
 30
0.0
 41
2.0
 42
2.0
 50
90.0
  0
LINE
  5
1B3
330
1AA
100
AcDbEntity
  8
0
100
AcDbLine
 10
1099.0
 20
-798.0
 30
0.0
 11
1099.0
 21
-796.0
 31
0.0
  0
LINE
  5
1B4
330
1AA
100
AcDbEntity
  8
0
100
AcDbLine
 10
1099.0
 20
-790.0
 30
0.0
 11
1099.0
 21
-788.0
 31
0.0
  0
MTEXT
  5
1B5
330
1AA
100
AcDbEntity
  8
REFERENCE_DIMENSIONS
100
AcDbMText
 10
1099.0
 20
-793.0
 30
0.0
 40
3.0
 71
5
  1
14
 50
90.0
  0
POINT
  5
1B6
330
1AA
100
AcDbEntity
  8
Defpoints
100
AcDbPoint
 10
1099.0
 20
-800.0
 30
0.0
  0
POINT
  5
1B7
330
1AA
100
AcDbEntity
  8
Defpoints
100
AcDbPoint
 10
1083.0
 20
-800.0
 30
0.0
  0
POINT
  5
1B8
330
1AA
100
AcDbEntity
  8
Defpoints
100
AcDbPoint
 10
1083.0
 20
-786.0
 30
0.0
  0
ENDBLK
  5
1AC
330
1AA
100
AcDbEntity
  8
0
100
AcDbBlockEnd
  0
BLOCK
  5
1C4
330
1C3
100
AcDbEntity
  8
0
100
AcDbBlockBegin
  2
*D19
 70
1
 10
0.0
 20
0.0
 30
0.0
  3
*D19
  1

  0
LINE
  5
1C6
330
1C3
100
AcDbEntity
  8
0
100
AcDbLine
 10
0.0
 20
-1200.0
 30
0.0
 11
0.0
 21
-1216.0
 31
0.0
  0
LINE
  5
1C7
330
1C3
100
AcDbEntity
  8
0
100
AcDbLine
 10
123.0
 20
-1200.0
 30
0.0
 11
123.0
 21
-1216.0
 31
0.0
  0
INSERT
  5
1C8
330
1C3
100
AcDbEntity
  8
REFERENCE_DIMENSIONS
100
AcDbBlockReference
  2
_CLOSEDFILLED
 10
0.0
 20
-1216.0
 30
0.0
 41
2.0
 42
2.0
 50
180.0
  0
INSERT
  5
1CA
330
1C3
100
AcDbEntity
  8
REFERENCE_DIMENSIONS
100
AcDbBlockReference
  2
_CLOSEDFILLED
 10
123.0
 20
-1216.0
 30
0.0
 41
2.0
 42
2.0
  0
LINE
  5
1CC
330
1C3
100
AcDbEntity
  8
0
100
AcDbLine
 10
2.0
 20
-1216.0
 30
0.0
 11
57.0
 21
-1216.0
 31
0.0
  0
LINE
  5
1CD
330
1C3
100
AcDbEntity
  8
0
100
AcDbLine
 10
66.0
 20
-1216.0
 30
0.0
 11
121.0
 21
-1216.0
 31
0.0
  0
MTEXT
  5
1CE
330
1C3
100
AcDbEntity
  8
REFERENCE_DIMENSIONS
100
AcDbMText
 10
61.5
 20
-1216.0
 30
0.0
 40
3.0
 71
5
  1
123
  0
POINT
  5
1CF
330
1C3
100
AcDbEntity
  8
Defpoints
100
AcDbPoint
 10
0.0
 20
-1216.0
 30
0.0
  0
POINT
  5
1D0
330
1C3
100
AcDbEntity
  8
Defpoints
100
AcDbPoint
 10
0.0
 20
-1200.0
 30
0.0
  0
POINT
  5
1D1
330
1C3
100
AcDbEntity
  8
Defpoints
100
AcDbPoint
 10
123.0
 20
-1200.0
 30
0.0
  0
ENDBLK
  5
1C5
330
1C3
100
AcDbEntity
  8
0
100
AcDbBlockEnd
  0
BLOCK
  5
1D4
330
1D3
100
AcDbEntity
  8
0
100
AcDbBlockBegin
  2
*D20
 70
1
 10
0.0
 20
0.0
 30
0.0
  3
*D20
  1

  0
LINE
  5
1D6
330
1D3
100
AcDbEntity
  8
0
100
AcDbLine
 10
123.0
 20
-1200.0
 30
0.0
 11
139.0
 21
-1200.0
 31
0.0
  0
LINE
  5
1D7
330
1D3
100
AcDbEntity
  8
0
100
AcDbLine
 10
123.0
 20
-1186.0
 30
0.0
 11
139.0
 21
-1186.0
 31
0.0
  0
INSERT
  5
1D8
330
1D3
100
AcDbEntity
  8
REFERENCE_DIMENSIONS
100
AcDbBlockReference
  2
_CLOSEDFILLED
 10
139.0
 20
-1200.0
 30
0.0
 41
2.0
 42
2.0
 50
270.0
  0
INSERT
  5
1DA
330
1D3
100
AcDbEntity
  8
REFERENCE_DIMENSIONS
100
AcDbBlockReference
  2
_CLOSEDFILLED
 10
139.0
 20
-1186.0
 30
0.0
 41
2.0
 42
2.0
 50
90.0
  0
LINE
  5
1DC
330
1D3
100
AcDbEntity
  8
0
100
AcDbLine
 10
139.0
 20
-1198.0
 30
0.0
 11
139.0
 21
-1196.0
 31
0.0
  0
LINE
  5
1DD
330
1D3
100
AcDbEntity
  8
0
100
AcDbLine
 10
139.0
 20
-1190.0
 30
0.0
 11
139.0
 21
-1188.0
 31
0.0
  0
MTEXT
  5
1DE
330
1D3
100
AcDbEntity
  8
REFERENCE_DIMENSIONS
100
AcDbMText
 10
139.0
 20
-1193.0
 30
0.0
 40
3.0
 71
5
  1
14
 50
90.0
  0
POINT
  5
1DF
330
1D3
100
AcDbEntity
  8
Defpoints
100
AcDbPoint
 10
139.0
 20
-1200.0
 30
0.0
  0
POINT
  5
1E0
330
1D3
100
AcDbEntity
  8
Defpoints
100
AcDbPoint
 10
123.0
 20
-1200.0
 30
0.0
  0
POINT
  5
1E1
330
1D3
100
AcDbEntity
  8
Defpoints
100
AcDbPoint
 10
123.0
 20
-1186.0
 30
0.0
  0
ENDBLK
  5
1D5
330
1D3
100
AcDbEntity
  8
0
100
AcDbBlockEnd
  0
BLOCK
  5
1FE
330
1FD
100
AcDbEntity
  8
0
100
AcDbBlockBegin
  2
*D21
 70
1
 10
0.0
 20
0.0
 30
0.0
  3
*D21
  1

  0
LINE
  5
200
330
1FD
100
AcDbEntity
  8
0
100
AcDbLine
 10
480.0
 20
-1200.0
 30
0.0
 11
480.0
 21
-1216.0
 31
0.0
  0
LINE
  5
201
330
1FD
100
AcDbEntity
  8
0
100
AcDbLine
 10
824.0
 20
-1200.0
 30
0.0
 11
824.0
 21
-1216.0
 31
0.0
  0
INSERT
  5
202
330
1FD
100
AcDbEntity
  8
REFERENCE_DIMENSIONS
100
AcDbBlockReference
  2
_CLOSEDFILLED
 10
480.0
 20
-1216.0
 30
0.0
 41
2.0
 42
2.0
 50
180.0
  0
INSERT
  5
204
330
1FD
100
AcDbEntity
  8
REFERENCE_DIMENSIONS
100
AcDbBlockReference
  2
_CLOSEDFILLED
 10
824.0
 20
-1216.0
 30
0.0
 41
2.0
 42
2.0
  0
LINE
  5
206
330
1FD
100
AcDbEntity
  8
0
100
AcDbLine
 10
482.0
 20
-1216.0
 30
0.0
 11
647.5
 21
-1216.0
 31
0.0
  0
LINE
  5
207
330
1FD
100
AcDbEntity
  8
0
100
AcDbLine
 10
656.5
 20
-1216.0
 30
0.0
 11
822.0
 21
-1216.0
 31
0.0
  0
MTEXT
  5
208
330
1FD
100
AcDbEntity
  8
REFERENCE_DIMENSIONS
100
AcDbMText
 10
652.0
 20
-1216.0
 30
0.0
 40
3.0
 71
5
  1
344
  0
POINT
  5
209
330
1FD
100
AcDbEntity
  8
Defpoints
100
AcDbPoint
 10
480.0
 20
-1216.0
 30
0.0
  0
POINT
  5
20A
330
1FD
100
AcDbEntity
  8
Defpoints
100
AcDbPoint
 10
480.0
 20
-1200.0
 30
0.0
  0
POINT
  5
20B
330
1FD
100
AcDbEntity
  8
Defpoints
100
AcDbPoint
 10
824.0
 20
-1200.0
 30
0.0
  0
ENDBLK
  5
1FF
330
1FD
100
AcDbEntity
  8
0
100
AcDbBlockEnd
  0
BLOCK
  5
20E
330
20D
100
AcDbEntity
  8
0
100
AcDbBlockBegin
  2
*D22
 70
1
 10
0.0
 20
0.0
 30
0.0
  3
*D22
  1

  0
LINE
  5
210
330
20D
100
AcDbEntity
  8
0
100
AcDbLine
 10
824.0
 20
-1200.0
 30
0.0
 11
840.0
 21
-1200.0
 31
0.0
  0
LINE
  5
211
330
20D
100
AcDbEntity
  8
0
100
AcDbLine
 10
824.0
 20
-997.6999999999999
 30
0.0
 11
840.0
 21
-997.6999999999999
 31
0.0
  0
INSERT
  5
212
330
20D
100
AcDbEntity
  8
REFERENCE_DIMENSIONS
100
AcDbBlockReference
  2
_CLOSEDFILLED
 10
840.0
 20
-1200.0
 30
0.0
 41
2.0
 42
2.0
 50
270.0
  0
INSERT
  5
214
330
20D
100
AcDbEntity
  8
REFERENCE_DIMENSIONS
100
AcDbBlockReference
  2
_CLOSEDFILLED
 10
840.0
 20
-997.6999999999999
 30
0.0
 41
2.0
 42
2.0
 50
90.0
  0
LINE
  5
216
330
20D
100
AcDbEntity
  8
0
100
AcDbLine
 10
840.0
 20
-1198.0
 30
0.0
 11
840.0
 21
-1106.35
 31
0.0
  0
LINE
  5
217
330
20D
100
AcDbEntity
  8
0
100
AcDbLine
 10
840.0
 20
-1091.35
 30
0.0
 11
840.0
 21
-999.6999999999999
 31
0.0
  0
MTEXT
  5
218
330
20D
100
AcDbEntity
  8
REFERENCE_DIMENSIONS
100
AcDbMText
 10
840.0
 20
-1098.85
 30
0.0
 40
3.0
 71
5
  1
202,3
 50
90.0
  0
POINT
  5
219
330
20D
100
AcDbEntity
  8
Defpoints
100
AcDbPoint
 10
840.0
 20
-1200.0
 30
0.0
  0
POINT
  5
21A
330
20D
100
AcDbEntity
  8
Defpoints
100
AcDbPoint
 10
824.0
 20
-1200.0
 30
0.0
  0
POINT
  5
21B
330
20D
100
AcDbEntity
  8
Defpoints
100
AcDbPoint
 10
824.0
 20
-997.6999999999999
 30
0.0
  0
ENDBLK
  5
20F
330
20D
100
AcDbEntity
  8
0
100
AcDbBlockEnd
  0
ENDSEC
  0
SECTION
  2
ENTITIES
  0
LWPOLYLINE
  5
32
330
17
100
AcDbEntity
  8
REFERENCE_GEOMETRY
100
AcDbPolyline
 90
4723
 70
1
 10
183.5
 20
196.3
 10
183.5
 20
196.05003175947496
 10
183.5
 20
195.8000635189499
 10
183.5
 20
195.55009527842464
 10
183.5
 20
195.30012703789959
 10
183.5
 20
195.05015879737454
 10
183.5
 20
194.8001905568495
 10
183.5
 20
194.55022231632444
 10
183.5
 20
194.3002540757994
 10
183.5
 20
194.0502858352741
 10
183.5
 20
193.80031759474906
 10
183.5
 20
193.550349354224
 10
183.5
 20
193.30038111369896
 10
183.5
 20
193.0504128731739
 10
183.5
 20
192.80044463264886
 10
183.5
 20
192.55047639212358
 10
183.5
 20
192.30050815159854
 10
183.5
 20
192.05053991107349
 10
183.5
 20
191.80057167054844
 10
183.5
 20
191.5506034300234
 10
183.5
 20
191.30063518949834
 10
183.5
 20
191.05066694897306
 10
183.5
 20
190.800698708448
 10
183.5
 20
190.55073046792296
 10
183.5
 20
190.3007622273979
 10
183.5
 20
190.05079398687286
 10
183.5
 20
189.80082574634758
 10
183.5
 20
189.55085750582253
 10
183.5
 20
189.30088926529749
 10
183.5
 20
189.05092102477244
 10
183.5
 20
188.8009527842474
 10
183.5
 20
188.55098454372234
 10
183.5
 20
188.30101630319706
 10
183.5
 20
188.051048062672
 10
183.5
 20
187.80107982214696
 10
183.5
 20
187.5511115816219
 10
183.5
 20
187.30114334109686
 10
183.5
 20
187.0511751005718
 10
183.5
 20
186.80120686004653
 10
183.5
 20
186.55123861952148
 10
183.5
 20
186.30127037899643
 10
183.5
 20
186.05130213847139
 10
183.5
 20
185.80133389794634
 10
183.5
 20
185.55136565742106
 10
183.5
 20
185.301397416896
 10
183.5
 20
185.05142917637096
 10
183.5
 20
184.8014609358459
 10
183.5
 20
184.55149269532086
 10
183.5
 20
184.3015244547958
 10
183.5
 20
184.05155621427053
 10
183.5
 20
183.80158797374548
 10
183.74838026677958
 20
183.8
 10
183.99834850730463
 20
183.8
 10
184.24831674782968
 20
183.8
 10
184.49828498835473
 20
183.8
 10
184.74825322888
 20
183.8
 10
184.99822146940505
 20
183.8
 10
185.2481897099301
 20
183.8
 10
185.49815795045515
 20
183.8
 10
185.7481261909802
 20
183.8
 10
185.99809443150525
 20
183.8
 10
186.24806267203053
 20
183.8
 10
186.49803091255558
 20
183.8
 10
186.74799915308063
 20
183.8
 10
186.99796739360568
 20
183.8
 10
187.24793563413073
 20
183.8
 10
187.497903874656
 20
183.8
 10
187.74787211518105
 20
183.8
 10
187.9978403557061
 20
183.8
 10
188.24780859623115
 20
183.8
 10
188.4977768367562
 20
183.8
 10
188.74774507728125
 20
183.8
 10
188.99771331780653
 20
183.8
 10
189.24768155833158
 20
183.8
 10
189.49764979885663
 20
183.8
 10
189.74761803938168
 20
183.8
 10
189.99758627990673
 20
183.8
 10
190.24755452043178
 20
183.8
 10
190.49752276095705
 20
183.8
 10
190.7474910014821
 20
183.8
 10
190.99745924200715
 20
183.8
 10
191.2474274825322
 20
183.8
 10
191.49739572305725
 20
183.8
 10
191.7473639635823
 20
183.8
 10
191.99733220410758
 20
183.8
 10
192.24730044463263
 20
183.8
 10
192.49726868515768
 20
183.8
 10
192.74723692568273
 20
183.8
 10
192.99720516620778
 20
183.8
 10
193.24717340673305
 20
183.8
 10
193.4971416472581
 20
183.8
 10
193.74710988778315
 20
183.8
 10
193.9970781283082
 20
183.8
 10
194.24704636883325
 20
183.8
 10
194.4970146093583
 20
183.8
 10
194.74698284988358
 20
183.8
 10
194.99695109040863
 20
183.8
 10
195.24691933093368
 20
183.8
 10
195.49688757145873
 20
183.8
 10
195.74685581198378
 20
183.8
 10
195.99682405250883
 20
183.8
 10
196.2467922930341
 20
183.8
 10
196.49676053355915
 20
183.8
 10
196.74672877408443
 20
183.8
 10
196.99669701460948
 20
183.8
 10
197.24666525513453
 20
183.8
 10
197.49663349565958
 20
183.8
 10
197.74660173618463
 20
183.8
 10
197.99656997670968
 20
183.8
 10
198.24653821723496
 20
183.8
 10
198.49650645776
 20
183.8
 10
198.74647469828506
 20
183.8
 10
198.9964429388101
 20
183.8
 10
199.24641117933515
 20
183.8
 10
199.4963794198602
 20
183.8
 10
199.74634766038548
 20
183.8
 10
199.99631590091053
 20
183.8
 10
200.24628414143558
 20
183.8
 10
200.49625238196063
 20
183.8
 10
200.5
 20
184.0462206224857
 10
200.5
 20
184.29618886301097
 10
200.5
 20
184.54615710353602
 10
200.5
 20
184.79612534406107
 10
200.5
 20
185.04609358458612
 10
200.5
 20
185.29606182511117
 10
200.5
 20
185.54603006563622
 10
200.5
 20
185.7959983061615
 10
200.5
 20
186.04596654668654
 10
200.5
 20
186.2959347872116
 10
200.5
 20
186.54590302773664
 10
200.5
 20
186.7958712682617
 10
200.5
 20
187.04583950878674
 10
200.5
 20
187.29580774931202
 10
200.5
 20
187.54577598983707
 10
200.5
 20
187.79574423036212
 10
200.5
 20
188.04571247088717
 10
200.5
 20
188.29568071141222
 10
200.5
 20
188.54564895193727
 10
200.5
 20
188.79561719246254
 10
200.5
 20
189.0455854329876
 10
200.5
 20
189.29555367351264
 10
200.5
 20
189.5455219140377
 10
200.5
 20
189.79549015456274
 10
200.5
 20
190.04545839508802
 10
200.5
 20
190.29542663561307
 10
200.5
 20
190.54539487613812
 10
200.5
 20
190.79536311666317
 10
200.5
 20
191.04533135718822
 10
200.5
 20
191.29529959771327
 10
200.5
 20
191.54526783823854
 10
200.5
 20
191.7952360787636
 10
200.5
 20
192.04520431928864
 10
200.5
 20
192.2951725598137
 10
200.5
 20
192.54514080033874
 10
200.5
 20
192.7951090408638
 10
200.5
 20
193.04507728138907
 10
200.5
 20
193.29504552191412
 10
200.5
 20
193.54501376243917
 10
200.5
 20
193.79498200296422
 10
200.5
 20
194.04495024348927
 10
200.5
 20
194.29491848401454
 10
200.5
 20
194.5448867245396
 10
200.5
 20
194.79485496506464
 10
200.5
 20
195.0448232055897
 10
200.5
 20
195.29479144611474
 10
200.5
 20
195.5447596866398
 10
200.5
 20
195.79472792716507
 10
200.5
 20
196.04469616769012
 10
200.5
 20
196.29466440821517
 10
200.7446326487402
 20
196.3
 10
200.99460088926526
 20
196.3
 10
201.2445691297903
 20
196.3
 10
201.49453737031558
 20
196.3
 10
201.74450561084063
 20
196.3
 10
201.99447385136568
 20
196.3
 10
202.24444209189073
 20
196.3
 10
202.49441033241578
 20
196.3
 10
202.74437857294083
 20
196.3
 10
202.9943468134661
 20
196.3
 10
203.24431505399116
 20
196.3
 10
203.4942832945162
 20
196.3
 10
203.74425153504126
 20
196.3
 10
203.9942197755663
 20
196.3
 10
204.24418801609158
 20
196.3
 10
204.49415625661663
 20
196.3
 10
204.74412449714168
 20
196.3
 10
204.99409273766673
 20
196.3
 10
205.24406097819178
 20
196.3
 10
205.49402921871683
 20
196.3
 10
205.7439974592421
 20
196.3
 10
205.99396569976716
 20
196.3
 10
206.2439339402922
 20
196.3
 10
206.49390218081726
 20
196.3
 10
206.7438704213423
 20
196.3
 10
206.99383866186736
 20
196.3
 10
207.24380690239263
 20
196.3
 10
207.49377514291768
 20
196.3
 10
207.74374338344273
 20
196.3
 10
207.99371162396778
 20
196.3
 10
208.24367986449283
 20
196.3
 10
208.4936481050181
 20
196.3
 10
208.74361634554316
 20
196.3
 10
208.9935845860682
 20
196.3
 10
209.24355282659326
 20
196.3
 10
209.4935210671183
 20
196.3
 10
209.74348930764336
 20
196.3
 10
209.99345754816864
 20
196.3
 10
210.24342578869368
 20
196.3
 10
210.49339402921873
 20
196.3
 10
210.74336226974378
 20
196.3
 10
210.99333051026883
 20
196.3
 10
211.24329875079388
 20
196.3
 10
211.49326699131916
 20
196.3
 10
211.7432352318442
 20
196.3
 10
211.99320347236926
 20
196.3
 10
212.2431717128943
 20
196.3
 10
212.49313995341936
 20
196.3
 10
212.7431081939444
 20
196.3
 10
212.99307643446969
 20
196.3
 10
213.24304467499474
 20
196.3
 10
213.49301291551978
 20
196.3
 10
213.74298115604483
 20
196.3
 10
213.99294939656988
 20
196.3
 10
214.24291763709516
 20
196.3
 10
214.4928858776202
 20
196.3
 10
214.74285411814526
 20
196.3
 10
214.9928223586703
 20
196.3
 10
215.24279059919536
 20
196.3
 10
215.4927588397204
 20
196.3
 10
215.7427270802457
 20
196.3
 10
215.99269532077074
 20
196.3
 10
216.24266356129579
 20
196.3
 10
216.49263180182083
 20
196.3
 10
216.74260004234588
 20
196.3
 10
216.99256828287093
 20
196.3
 10
217.2425365233962
 20
196.3
 10
217.49250476392126
 20
196.3
 10
217.7424730044463
 20
196.3
 10
217.99244124497136
 20
196.3
 10
218.2424094854964
 20
196.3
 10
218.49237772602146
 20
196.3
 10
218.74234596654674
 20
196.3
 10
218.9923142070718
 20
196.3
 10
219.24228244759684
 20
196.3
 10
219.49225068812189
 20
196.3
 10
219.74221892864693
 20
196.3
 10
219.9921871691722
 20
196.3
 10
220.24215540969726
 20
196.3
 10
220.4921236502223
 20
196.3
 10
220.74209189074736
 20
196.3
 10
220.9920601312724
 20
196.3
 10
221.24202837179746
 20
196.3
 10
221.49199661232274
 20
196.3
 10
221.7419648528478
 20
196.3
 10
221.99193309337284
 20
196.3
 10
222.24190133389789
 20
196.3
 10
222.49186957442294
 20
196.3
 10
222.74183781494798
 20
196.3
 10
222.99180605547326
 20
196.3
 10
223.2417742959983
 20
196.3
 10
223.49174253652336
 20
196.3
 10
223.7417107770484
 20
196.3
 10
223.99167901757346
 20
196.3
 10
224.24164725809874
 20
196.3
 10
224.4916154986238
 20
196.3
 10
224.74158373914884
 20
196.3
 10
224.9915519796739
 20
196.3
 10
225.24152022019894
 20
196.3
 10
225.49148846072399
 20
196.3
 10
225.74145670124926
 20
196.3
 10
225.9914249417743
 20
196.3
 10
226.24139318229936
 20
196.3
 10
226.4913614228244
 20
196.3
 10
226.74132966334946
 20
196.3
 10
226.9912979038745
 20
196.3
 10
227.2412661443998
 20
196.3
 10
227.49123438492484
 20
196.3
 10
227.7412026254499
 20
196.3
 10
227.99117086597494
 20
196.3
 10
228.2411391065
 20
196.3
 10
228.49110734702504
 20
196.3
 10
228.7410755875503
 20
196.3
 10
228.99104382807536
 20
196.3
 10
229.2410120686004
 20
196.3
 10
229.49098030912546
 20
196.3
 10
229.7409485496505
 20
196.3
 10
229.9909167901758
 20
196.3
 10
230.24088503070084
 20
196.3
 10
230.4908532712259
 20
196.3
 10
230.74082151175094
 20
196.3
 10
230.990789752276
 20
196.3
 10
231.24075799280104
 20
196.3
 10
231.4907262333263
 20
196.3
 10
231.74069447385136
 20
196.3
 10
231.9906627143764
 20
196.3
 10
232.24063095490146
 20
196.3
 10
232.4905991954265
 20
196.3
 10
232.74056743595156
 20
196.3
 10
232.99053567647684
 20
196.3
 10
233.2405039170019
 20
196.3
 10
233.49047215752694
 20
196.3
 10
233.740440398052
 20
196.3
 10
233.99040863857704
 20
196.3
 10
234.2403768791021
 20
196.3
 10
234.49034511962736
 20
196.3
 10
234.7403133601524
 20
196.3
 10
234.99028160067746
 20
196.3
 10
235.2402498412025
 20
196.3
 10
235.49021808172756
 20
196.3
 10
235.74018632225284
 20
196.3
 10
235.9901545627779
 20
196.3
 10
236.24012280330294
 20
196.3
 10
236.49009104382822
 20
196.3
 10
236.74005928435326
 20
196.3
 10
236.99002752487831
 20
196.3
 10
237.23999576540336
 20
196.3
 10
237.4899640059284
 20
196.3
 10
237.7399322464537
 20
196.3
 10
237.98990048697874
 20
196.3
 10
238.2398687275038
 20
196.3
 10
238.48983696802884
 20
196.3
 10
238.7398052085539
 20
196.3
 10
238.98977344907894
 20
196.3
 10
239.23974168960422
 20
196.3
 10
239.48970993012927
 20
196.3
 10
239.73967817065432
 20
196.3
 10
239.98964641117936
 20
196.3
 10
240.23961465170441
 20
196.3
 10
240.48958289222946
 20
196.3
 10
240.73955113275474
 20
196.3
 10
240.9895193732798
 20
196.3
 10
241.23948761380484
 20
196.3
 10
241.4894558543299
 20
196.3
 10
241.73942409485494
 20
196.3
 10
241.98939233538
 20
196.3
 10
242.23936057590527
 20
196.3
 10
242.48932881643032
 20
196.3
 10
242.73929705695537
 20
196.3
 10
242.98926529748042
 20
196.3
 10
243.23923353800546
 20
196.3
 10
243.48920177853074
 20
196.3
 10
243.7391700190558
 20
196.3
 10
243.98913825958084
 20
196.3
 10
244.2391065001059
 20
196.3
 10
244.48907474063094
 20
196.3
 10
244.739042981156
 20
196.3
 10
244.98901122168127
 20
196.3
 10
245.23897946220632
 20
196.3
 10
245.48894770273137
 20
196.3
 10
245.73891594325642
 20
196.3
 10
245.98888418378147
 20
196.3
 10
246.23885242430651
 20
196.3
 10
246.4888206648318
 20
196.3
 10
246.73878890535684
 20
196.3
 10
246.9887571458819
 20
196.3
 10
247.23872538640694
 20
196.3
 10
247.488693626932
 20
196.3
 10
247.73866186745704
 20
196.3
 10
247.98863010798232
 20
196.3
 10
248.23859834850737
 20
196.3
 10
248.48856658903242
 20
196.3
 10
248.73853482955747
 20
196.3
 10
248.98850307008252
 20
196.3
 10
249.2384713106078
 20
196.3
 10
249.48843955113284
 20
196.3
 10
249.7384077916579
 20
196.3
 10
249.98837603218294
 20
196.3
 10
250.238344272708
 20
196.3
 10
250.48831251323304
 20
196.3
 10
250.73828075375832
 20
196.3
 10
250.98824899428337
 20
196.3
 10
251.23821723480842
 20
196.3
 10
251.48818547533347
 20
196.3
 10
251.73815371585852
 20
196.3
 10
251.98812195638357
 20
196.3
 10
252.23809019690884
 20
196.3
 10
252.4880584374339
 20
196.3
 10
252.73802667795894
 20
196.3
 10
252.987994918484
 20
196.3
 10
253.23796315900904
 20
196.3
 10
253.48793139953432
 20
196.3
 10
253.73789964005937
 20
196.3
 10
253.98786788058442
 20
196.3
 10
254.23783612110947
 20
196.3
 10
254.48780436163452
 20
196.3
 10
254.73777260215957
 20
196.3
 10
254.98774084268484
 20
196.3
 10
255.2377090832099
 20
196.3
 10
255.48767732373494
 20
196.3
 10
255.73764556426
 20
196.3
 10
255.98761380478504
 20
196.3
 10
256.2375820453101
 20
196.3
 10
256.48755028583537
 20
196.3
 10
256.7375185263604
 20
196.3
 10
256.98748676688547
 20
196.3
 10
257.2374550074105
 20
196.3
 10
257.48742324793557
 20
196.3
 10
257.7373914884606
 20
196.3
 10
257.9873597289859
 20
196.3
 10
258.23732796951094
 20
196.3
 10
258.487296210036
 20
196.3
 10
258.73726445056104
 20
196.3
 10
258.9872326910861
 20
196.3
 10
259.23720093161137
 20
196.3
 10
259.4871691721364
 20
196.3
 10
259.73713741266147
 20
196.3
 10
259.9871056531865
 20
196.3
 10
260.23707389371157
 20
196.3
 10
260.4870421342366
 20
196.3
 10
260.7370103747619
 20
196.3
 10
260.98697861528694
 20
196.3
 10
261.236946855812
 20
196.3
 10
261.48691509633704
 20
196.3
 10
261.7368833368621
 20
196.3
 10
261.98685157738714
 20
196.3
 10
262.2368198179124
 20
196.3
 10
262.48678805843747
 20
196.3
 10
262.7367562989625
 20
196.3
 10
262.98672453948757
 20
196.3
 10
263.2366927800126
 20
196.3
 10
263.48666102053767
 20
196.3
 10
263.73662926106294
 20
196.3
 10
263.986597501588
 20
196.3
 10
264.23656574211304
 20
196.3
 10
264.4865339826381
 20
196.3
 10
264.73650222316314
 20
196.3
 10
264.9864704636884
 20
196.3
 10
265.23643870421347
 20
196.3
 10
265.4864069447385
 20
196.3
 10
265.73637518526357
 20
196.3
 10
265.9863434257886
 20
196.3
 10
266.23631166631367
 20
196.3
 10
266.48627990683894
 20
196.3
 10
266.736248147364
 20
196.3
 10
266.98621638788904
 20
196.3
 10
267.2361846284141
 20
196.3
 10
267.48615286893914
 20
196.3
 10
267.7361211094642
 20
196.3
 10
267.98608934998947
 20
196.3
 10
268.2360575905145
 20
196.3
 10
268.48602583103957
 20
196.3
 10
268.7359940715646
 20
196.3
 10
268.98596231208967
 20
196.3
 10
269.23593055261495
 20
196.3
 10
269.48589879314
 20
196.3
 10
269.73586703366504
 20
196.3
 10
269.9858352741901
 20
196.3
 10
270.23580351471514
 20
196.3
 10
270.4857717552402
 20
196.3
 10
270.73573999576547
 20
196.3
 10
270.9857082362905
 20
196.3
 10
271.23567647681557
 20
196.3
 10
271.4856447173406
 20
196.3
 10
271.73561295786567
 20
196.3
 10
271.9855811983907
 20
196.3
 10
272.235549438916
 20
196.3
 10
272.48551767944105
 20
196.3
 10
272.7354859199661
 20
196.3
 10
272.98545416049114
 20
196.3
 10
273.2354224010162
 20
196.3
 10
273.48539064154124
 20
196.3
 10
273.7353588820665
 20
196.3
 10
273.98532712259157
 20
196.3
 10
274.2352953631166
 20
196.3
 10
274.48526360364167
 20
196.3
 10
274.7352318441667
 20
196.3
 10
274.985200084692
 20
196.3
 10
275.23516832521705
 20
196.3
 10
275.4851365657421
 20
196.3
 10
275.73510480626715
 20
196.3
 10
275.9850730467922
 20
196.3
 10
276.23504128731724
 20
196.3
 10
276.4850095278425
 20
196.3
 10
276.73497776836757
 20
196.3
 10
276.9849460088926
 20
196.3
 10
277.23491424941767
 20
196.3
 10
277.4848824899427
 20
196.3
 10
277.73485073046777
 20
196.3
 10
277.98481897099305
 20
196.3
 10
278.2347872115181
 20
196.3
 10
278.48475545204315
 20
196.3
 10
278.7347236925682
 20
196.3
 10
278.98469193309325
 20
196.3
 10
279.2346601736183
 20
196.3
 10
279.4846284141436
 20
196.3
 10
279.7345966546686
 20
196.3
 10
279.98456489519367
 20
196.3
 10
280.2345331357187
 20
196.3
 10
280.48450137624377
 20
196.3
 10
280.73446961676905
 20
196.3
 10
280.9844378572941
 20
196.3
 10
281.23440609781915
 20
196.3
 10
281.4843743383442
 20
196.3
 10
281.73434257886925
 20
196.3
 10
281.9843108193943
 20
196.3
 10
282.2342790599196
 20
196.3
 10
282.4842473004446
 20
196.3
 10
282.73421554096967
 20
196.3
 10
282.9841837814947
 20
196.3
 10
283.23415202201977
 20
196.3
 10
283.4841202625448
 20
196.3
 10
283.7340885030701
 20
196.3
 10
283.98405674359515
 20
196.3
 10
284.2340249841202
 20
196.3
 10
284.48399322464525
 20
196.3
 10
284.7339614651703
 20
196.3
 10
284.9839297056956
 20
196.3
 10
285.2338979462206
 20
196.3
 10
285.4838661867457
 20
196.3
 10
285.7338344272707
 20
196.3
 10
285.98380266779577
 20
196.3
 10
286.2337709083208
 20
196.3
 10
286.4837391488461
 20
196.3
 10
286.73370738937115
 20
196.3
 10
286.9836756298962
 20
196.3
 10
287.2336438704215
 20
196.3
 10
287.4836121109465
 20
196.3
 10
287.7335803514716
 20
196.3
 10
287.9835485919966
 20
196.3
 10
288.2335168325217
 20
196.3
 10
288.48348507304695
 20
196.3
 10
288.733453313572
 20
196.3
 10
288.98342155409705
 20
196.3
 10
289.2333897946221
 20
196.3
 10
289.48335803514715
 20
196.3
 10
289.7333262756722
 20
196.3
 10
289.9832945161975
 20
196.3
 10
290.2332627567225
 20
196.3
 10
290.4832309972476
 20
196.3
 10
290.7331992377726
 20
196.3
 10
290.9831674782977
 20
196.3
 10
291.2331357188227
 20
196.3
 10
291.483103959348
 20
196.3
 10
291.73307219987305
 20
196.3
 10
291.9830404403981
 20
196.3
 10
292.23300868092315
 20
196.3
 10
292.4829769214482
 20
196.3
 10
292.7329451619735
 20
196.3
 10
292.9829134024985
 20
196.3
 10
293.2328816430236
 20
196.3
 10
293.4828498835486
 20
196.3
 10
293.7328181240737
 20
196.3
 10
293.9827863645987
 20
196.3
 10
294.232754605124
 20
196.3
 10
294.48272284564905
 20
196.3
 10
294.7326910861741
 20
196.3
 10
294.98265932669915
 20
196.3
 10
295.2326275672242
 20
196.3
 10
295.48259580774925
 20
196.3
 10
295.7325640482745
 20
196.3
 10
295.9825322887996
 20
196.3
 10
296.2325005293246
 20
196.3
 10
296.4824687698497
 20
196.3
 10
296.7324370103747
 20
196.3
 10
296.9824052508998
 20
196.3
 10
297.23237349142505
 20
196.3
 10
297.4823417319501
 20
196.3
 10
297.73230997247515
 20
196.3
 10
297.9822782130002
 20
196.3
 10
298.23224645352525
 20
196.3
 10
298.4822146940505
 20
196.3
 10
298.7321829345756
 20
196.3
 10
298.9821511751006
 20
196.3
 10
299.2321194156257
 20
196.3
 10
299.4820876561507
 20
196.3
 10
299.7320558966758
 20
196.3
 10
299.98202413720105
 20
196.3
 10
300.2319923777261
 20
196.3
 10
300.48196061825115
 20
196.3
 10
300.7319288587762
 20
196.3
 10
300.98189709930125
 20
196.3
 10
301.2318653398263
 20
196.3
 10
301.4818335803516
 20
196.3
 10
301.7318018208766
 20
196.3
 10
301.9817700614017
 20
196.3
 10
302.2317383019267
 20
196.3
 10
302.4817065424518
 20
196.3
 10
302.7316747829768
 20
196.3
 10
302.9816430235021
 20
196.3
 10
303.23161126402715
 20
196.3
 10
303.4815795045522
 20
196.3
 10
303.73154774507725
 20
196.3
 10
303.9815159856023
 20
196.3
 10
304.2314842261276
 20
196.3
 10
304.4814524666526
 20
196.3
 10
304.7314207071777
 20
196.3
 10
304.9813889477027
 20
196.3
 10
305.2313571882278
 20
196.3
 10
305.4813254287528
 20
196.3
 10
305.7312936692781
 20
196.3
 10
305.98126190980315
 20
196.3
 10
306.2312301503282
 20
196.3
 10
306.48119839085325
 20
196.3
 10
306.7311666313783
 20
196.3
 10
306.98113487190335
 20
196.3
 10
307.2311031124286
 20
196.3
 10
307.4810713529537
 20
196.3
 10
307.7310395934787
 20
196.3
 10
307.9810078340038
 20
196.3
 10
308.2309760745288
 20
196.3
 10
308.4809443150541
 20
196.3
 10
308.73091255557915
 20
196.3
 10
308.9808807961042
 20
196.3
 10
309.23084903662925
 20
196.3
 10
309.4808172771543
 20
196.3
 10
309.73078551767935
 20
196.3
 10
309.9807537582046
 20
196.3
 10
310.2307219987297
 20
196.3
 10
310.4806902392547
 20
196.3
 10
310.7306584797798
 20
196.3
 10
310.9806267203048
 20
196.3
 10
311.2305949608299
 20
196.3
 10
311.48056320135515
 20
196.3
 10
311.7305314418802
 20
196.3
 10
311.98049968240525
 20
196.3
 10
312.2304679229303
 20
196.3
 10
312.48043616345535
 20
196.3
 10
312.7304044039804
 20
196.3
 10
312.9803726445057
 20
196.3
 10
313.2303408850307
 20
196.3
 10
313.4803091255558
 20
196.3
 10
313.7302773660808
 20
196.3
 10
313.9802456066059
 20
196.3
 10
314.23021384713115
 20
196.3
 10
314.4801820876562
 20
196.3
 10
314.73015032818125
 20
196.3
 10
314.9801185687063
 20
196.3
 10
315.23008680923135
 20
196.3
 10
315.4800550497565
 20
196.3
 10
315.73002329028157
 20
196.3
 10
315.9799915308066
 20
196.3
 10
316.2299597713318
 20
196.3
 10
316.4799280118568
 20
196.3
 10
316.729896252382
 20
196.3
 10
316.97986449290704
 20
196.3
 10
317.2298327334321
 20
196.3
 10
317.47980097395725
 20
196.3
 10
317.7297692144823
 20
196.3
 10
317.97973745500735
 20
196.3
 10
318.2297056955325
 20
196.3
 10
318.47967393605757
 20
196.3
 10
318.7296421765826
 20
196.3
 10
318.9796104171078
 20
196.3
 10
319.2295786576328
 20
196.3
 10
319.4795468981579
 20
196.3
 10
319.72951513868304
 20
196.3
 10
319.9794833792081
 20
196.3
 10
320.22945161973314
 20
196.3
 10
320.4794198602583
 20
196.3
 10
320.72938810078335
 20
196.3
 10
320.9793563413084
 20
196.3
 10
321.22932458183357
 20
196.3
 10
321.4792928223586
 20
196.3
 10
321.7292610628838
 20
196.3
 10
321.97922930340883
 20
196.3
 10
322.2291975439339
 20
196.3
 10
322.47916578445904
 20
196.3
 10
322.7291340249841
 20
196.3
 10
322.97910226550914
 20
196.3
 10
323.2290705060343
 20
196.3
 10
323.47903874655935
 20
196.3
 10
323.5
 20
196.0709930129156
 10
323.5
 20
195.82102477239044
 10
323.5
 20
195.5710565318654
 10
323.5
 20
195.32108829134035
 10
323.5
 20
195.07112005081518
 10
323.5
 20
194.82115181029013
 10
323.5
 20
194.57118356976508
 10
323.5
 20
194.32121532923992
 10
323.5
 20
194.07124708871487
 10
323.5
 20
193.82127884818982
 10
323.5
 20
193.57131060766466
 10
323.5
 20
193.3213423671396
 10
323.5
 20
193.07137412661444
 10
323.5
 20
192.8214058860894
 10
323.5
 20
192.57143764556434
 10
323.5
 20
192.32146940503918
 10
323.5
 20
192.07150116451413
 10
323.5
 20
191.82153292398908
 10
323.5
 20
191.57156468346392
 10
323.5
 20
191.32159644293887
 10
323.5
 20
191.07162820241382
 10
323.5
 20
190.82165996188866
 10
323.5
 20
190.5716917213636
 10
323.5
 20
190.32172348083856
 10
323.5
 20
190.0717552403134
 10
323.5
 20
189.82178699978834
 10
323.5
 20
189.5718187592633
 10
323.5
 20
189.32185051873813
 10
323.5
 20
189.07188227821308
 10
323.5
 20
188.82191403768803
 10
323.5
 20
188.57194579716287
 10
323.5
 20
188.32197755663782
 10
323.5
 20
188.07200931611277
 10
323.5
 20
187.8220410755876
 10
323.5
 20
187.57207283506256
 10
323.5
 20
187.3221045945374
 10
323.5
 20
187.07213635401234
 10
323.5
 20
186.8221681134873
 10
323.5
 20
186.57219987296213
 10
323.5
 20
186.32223163243708
 10
323.5
 20
186.07226339191203
 10
323.5
 20
185.82229515138687
 10
323.5
 20
185.57232691086182
 10
323.5
 20
185.32235867033677
 10
323.5
 20
185.0723904298116
 10
323.5
 20
184.82242218928656
 10
323.5
 20
184.5724539487615
 10
323.5
 20
184.32248570823634
 10
323.5
 20
184.0725174677113
 10
323.5
 20
183.82254922718624
 10
323.72741901333893
 20
183.8
 10
323.977387253864
 20
183.8
 10
324.22735549438903
 20
183.8
 10
324.4773237349142
 20
183.8
 10
324.72729197543924
 20
183.8
 10
324.9772602159644
 20
183.8
 10
325.22722845648946
 20
183.8
 10
325.4771966970145
 20
183.8
 10
325.7271649375398
 20
183.8
 10
325.97713317806483
 20
183.8
 10
326.2271014185899
 20
183.8
 10
326.47706965911505
 20
183.8
 10
326.7270378996401
 20
183.8
 10
326.97700614016514
 20
183.8
 10
327.2269743806903
 20
183.8
 10
327.47694262121536
 20
183.8
 10
327.7269108617405
 20
183.8
 10
327.97687910226557
 20
183.8
 10
328.2268473427906
 20
183.8
 10
328.4768155833158
 20
183.8
 10
328.72678382384083
 20
183.8
 10
328.9767520643659
 20
183.8
 10
329.22672030489105
 20
183.8
 10
329.4766885454161
 20
183.8
 10
329.72665678594115
 20
183.8
 10
329.9766250264663
 20
183.8
 10
330.22659326699136
 20
183.8
 10
330.4765615075164
 20
183.8
 10
330.72652974804157
 20
183.8
 10
330.9764979885666
 20
183.8
 10
331.22646622909167
 20
183.8
 10
331.47643446961683
 20
183.8
 10
331.7264027101419
 20
183.8
 10
331.97637095066693
 20
183.8
 10
332.2263391911921
 20
183.8
 10
332.47630743171715
 20
183.8
 10
332.7262756722422
 20
183.8
 10
332.97624391276736
 20
183.8
 10
333.2262121532924
 20
183.8
 10
333.4761803938176
 20
183.8
 10
333.7261486343426
 20
183.8
 10
333.97611687486767
 20
183.8
 10
334.22608511539283
 20
183.8
 10
334.4760533559179
 20
183.8
 10
334.72602159644293
 20
183.8
 10
334.9759898369681
 20
183.8
 10
335.22595807749315
 20
183.8
 10
335.4759263180182
 20
183.8
 10
335.72589455854336
 20
183.8
 10
335.9758627990684
 20
183.8
 10
336.22583103959346
 20
183.8
 10
336.4757992801186
 20
183.8
 10
336.72576752064367
 20
183.8
 10
336.9757357611687
 20
183.8
 10
337.2257040016939
 20
183.8
 10
337.47567224221893
 20
183.8
 10
337.725640482744
 20
183.8
 10
337.97560872326915
 20
183.8
 10
338.2255769637942
 20
183.8
 10
338.47554520431936
 20
183.8
 10
338.7255134448444
 20
183.8
 10
338.97548168536946
 20
183.8
 10
339.2254499258946
 20
183.8
 10
339.4754181664197
 20
183.8
 10
339.7253864069447
 20
183.8
 10
339.9753546474699
 20
183.8
 10
340.22532288799493
 20
183.8
 10
340.47529112852
 20
183.8
 10
340.5
 20
184.02525936904516
 10
340.5
 20
184.2752276095702
 10
340.5
 20
184.52519585009526
 10
340.5
 20
184.77516409062042
 10
340.5
 20
185.02513233114547
 10
340.5
 20
185.27510057167052
 10
340.5
 20
185.52506881219568
 10
340.5
 20
185.77503705272073
 10
340.5
 20
186.02500529324578
 10
340.5
 20
186.27497353377095
 10
340.5
 20
186.524941774296
 10
340.5
 20
186.77491001482116
 10
340.5
 20
187.0248782553462
 10
340.5
 20
187.27484649587126
 10
340.5
 20
187.52481473639642
 10
340.5
 20
187.77478297692147
 10
340.5
 20
188.02475121744652
 10
340.5
 20
188.27471945797168
 10
340.5
 20
188.52468769849673
 10
340.5
 20
188.77465593902178
 10
340.5
 20
189.02462417954695
 10
340.5
 20
189.274592420072
 10
340.5
 20
189.52456066059705
 10
340.5
 20
189.7745289011222
 10
340.5
 20
190.02449714164726
 10
340.5
 20
190.2744653821723
 10
340.5
 20
190.52443362269747
 10
340.5
 20
190.77440186322252
 10
340.5
 20
191.02437010374757
 10
340.5
 20
191.27433834427273
 10
340.5
 20
191.52430658479778
 10
340.5
 20
191.77427482532283
 10
340.5
 20
192.024243065848
 10
340.5
 20
192.27421130637305
 10
340.5
 20
192.5241795468982
 10
340.5
 20
192.77414778742326
 10
340.5
 20
193.0241160279483
 10
340.5
 20
193.27408426847347
 10
340.5
 20
193.52405250899852
 10
340.5
 20
193.77402074952357
 10
340.5
 20
194.02398899004874
 10
340.5
 20
194.27395723057379
 10
340.5
 20
194.52392547109883
 10
340.5
 20
194.773893711624
 10
340.5
 20
195.02386195214905
 10
340.5
 20
195.2738301926741
 10
340.5
 20
195.52379843319926
 10
340.5
 20
195.7737666737243
 10
340.5
 20
196.02373491424936
 10
340.5
 20
196.27370315477452
 10
340.72367139529956
 20
196.3
 10
340.9736396358246
 20
196.3
 10
341.2236078763498
 20
196.3
 10
341.4735761168748
 20
196.3
 10
341.7235443574
 20
196.3
 10
341.97351259792504
 20
196.3
 10
342.2234808384501
 20
196.3
 10
342.47344907897525
 20
196.3
 10
342.7234173195003
 20
196.3
 10
342.97338556002535
 20
196.3
 10
343.2233538005505
 20
196.3
 10
343.47332204107556
 20
196.3
 10
343.7232902816006
 20
196.3
 10
343.9732585221258
 20
196.3
 10
344.0
 20
196.07677323734913
 10
344.0
 20
195.82680499682408
 10
344.0
 20
195.57683675629892
 10
344.0
 20
195.32686851577387
 10
344.0
 20
195.07690027524882
 10
344.0
 20
194.82693203472365
 10
344.0
 20
194.5769637941986
 10
344.0
 20
194.32699555367356
 10
344.0
 20
194.0770273131484
 10
344.0
 20
193.82705907262334
 10
344.0
 20
193.57709083209818
 10
344.0
 20
193.32712259157313
 10
344.0
 20
193.07715435104808
 10
344.0
 20
192.82718611052292
 10
344.0
 20
192.57721786999787
 10
344.0
 20
192.32724962947282
 10
344.0
 20
192.07728138894765
 10
344.0
 20
191.8273131484226
 10
344.0
 20
191.57734490789755
 10
344.0
 20
191.3273766673724
 10
344.0
 20
191.07740842684734
 10
344.0
 20
190.8274401863223
 10
344.0
 20
190.57747194579713
 10
344.0
 20
190.32750370527208
 10
344.0
 20
190.07753546474703
 10
344.0
 20
189.82756722422187
 10
344.0
 20
189.57759898369682
 10
344.0
 20
189.32763074317177
 10
344.0
 20
189.0776625026466
 10
344.0
 20
188.82769426212155
 10
344.0
 20
188.5777260215964
 10
344.0
 20
188.32775778107134
 10
344.0
 20
188.0777895405463
 10
344.0
 20
187.82782130002113
 10
344.0
 20
187.57785305949608
 10
344.0
 20
187.32788481897103
 10
344.0
 20
187.07791657844587
 10
344.0
 20
186.82794833792082
 10
344.0
 20
186.57798009739577
 10
344.0
 20
186.3280118568706
 10
344.0
 20
186.07804361634555
 10
344.0
 20
185.8280753758205
 10
344.0
 20
185.57810713529534
 10
344.0
 20
185.3281388947703
 10
344.0
 20
185.07817065424524
 10
344.0
 20
184.82820241372008
 10
344.0
 20
184.57823417319503
 10
344.0
 20
184.32826593266998
 10
344.0
 20
184.07829769214482
 10
344.0
 20
183.82832945161977
 10
344.0
 20
183.57836121109472
 10
344.0
 20
183.32839297056955
 10
344.0
 20
183.0784247300445
 10
344.0
 20
182.82845648951934
 10
344.0
 20
182.5784882489943
 10
344.0
 20
182.32852000846924
 10
344.0
 20
182.07855176794408
 10
344.0
 20
181.82858352741903
 10
344.0
 20
181.57861528689398
 10
344.0
 20
181.32864704636881
 10
344.0
 20
181.07867880584377
 10
344.0
 20
180.82871056531872
 10
344.0
 20
180.57874232479355
 10
344.0
 20
180.3287740842685
 10
344.0
 20
180.07880584374345
 10
344.0
 20
179.8288376032183
 10
344.0
 20
179.57886936269324
 10
344.0
 20
179.3289011221682
 10
344.0
 20
179.07893288164303
 10
344.0
 20
178.82896464111798
 10
344.0
 20
178.57899640059293
 10
344.0
 20
178.32902816006776
 10
344.0
 20
178.07905991954271
 10
344.0
 20
177.82909167901755
 10
344.0
 20
177.5791234384925
 10
344.0
 20
177.32915519796745
 10
344.0
 20
177.0791869574423
 10
344.0
 20
176.82921871691724
 10
344.0
 20
176.5792504763922
 10
344.0
 20
176.32928223586703
 10
344.0
 20
176.07931399534198
 10
344.0
 20
175.82934575481693
 10
344.0
 20
175.57937751429165
 10
344.0
 20
175.3294092737666
 10
344.0
 20
175.07944103324144
 10
344.0
 20
174.8294727927164
 10
344.0
 20
174.57950455219134
 10
344.0
 20
174.32953631166617
 10
344.0
 20
174.07956807114113
 10
344.0
 20
173.82959983061608
 10
344.0
 20
173.5796315900909
 10
344.0
 20
173.32966334956586
 10
344.0
 20
173.0796951090408
 10
344.0
 20
172.82972686851565
 10
344.0
 20
172.5797586279906
 10
344.0
 20
172.32979038746555
 10
344.0
 20
172.0798221469404
 10
344.0
 20
171.82985390641534
 10
344.0
 20
171.5798856658903
 10
344.0
 20
171.32991742536512
 10
344.0
 20
171.07994918484007
 10
344.0
 20
170.82998094431503
 10
344.0
 20
170.58001270378986
 10
344.0
 20
170.3300444632648
 10
344.0
 20
170.08007622273976
 10
344.0
 20
169.8301079822146
 10
344.0
 20
169.58013974168955
 10
344.0
 20
169.3301715011644
 10
344.0
 20
169.08020326063934
 10
344.0
 20
168.8302350201143
 10
344.0
 20
168.58026677958912
 10
344.0
 20
168.33029853906407
 10
344.0
 20
168.08033029853902
 10
344.0
 20
167.83036205801386
 10
344.0
 20
167.5803938174888
 10
344.0
 20
167.33042557696376
 10
344.0
 20
167.0804573364386
 10
344.0
 20
166.83048909591355
 10
344.0
 20
166.5805208553885
 10
344.0
 20
166.33055261486334
 10
344.0
 20
166.0805843743383
 10
344.0
 20
165.83061613381324
 10
344.0
 20
165.58064789328807
 10
344.0
 20
165.33067965276302
 10
344.0
 20
165.08071141223797
 10
344.0
 20
164.8307431717128
 10
344.0
 20
164.58077493118776
 10
344.0
 20
164.3308066906626
 10
344.0
 20
164.08083845013755
 10
344.0
 20
163.8308702096125
 10
344.0
 20
163.58090196908734
 10
344.0
 20
163.3309337285623
 10
344.0
 20
163.08096548803724
 10
344.0
 20
162.83099724751207
 10
344.0
 20
162.58102900698702
 10
344.0
 20
162.33106076646197
 10
344.0
 20
162.0810925259368
 10
344.0
 20
161.83112428541176
 10
344.0
 20
161.5811560448867
 10
344.0
 20
161.33118780436155
 10
344.0
 20
161.0812195638365
 10
344.0
 20
160.83125132331145
 10
344.0
 20
160.58128308278629
 10
344.0
 20
160.33131484226124
 10
344.0
 20
160.0813466017362
 10
344.0
 20
159.83137836121102
 10
344.0
 20
159.58141012068597
 10
344.0
 20
159.3314418801608
 10
344.0
 20
159.08147363963576
 10
344.0
 20
158.8315053991107
 10
344.0
 20
158.58153715858555
 10
344.0
 20
158.3315689180605
 10
344.0
 20
158.08160067753545
 10
344.0
 20
157.83163243701028
 10
344.0
 20
157.58166419648524
 10
344.0
 20
157.33169595596019
 10
344.0
 20
157.08172771543502
 10
344.0
 20
156.83175947490997
 10
344.0
 20
156.58179123438492
 10
344.0
 20
156.33182299385976
 10
344.0
 20
156.0818547533347
 10
344.0
 20
155.83188651280966
 10
344.0
 20
155.5819182722845
 10
344.0
 20
155.33195003175945
 10
344.0
 20
155.0819817912344
 10
344.0
 20
154.83201355070923
 10
344.0
 20
154.58204531018418
 10
344.0
 20
154.33207706965902
 10
344.0
 20
154.08210882913397
 10
344.0
 20
153.83214058860892
 10
344.0
 20
153.58217234808376
 10
344.0
 20
153.3322041075587
 10
344.0
 20
153.08223586703366
 10
344.0
 20
152.8322676265085
 10
344.0
 20
152.58229938598345
 10
344.0
 20
152.3323311454584
 10
344.0
 20
152.08236290493323
 10
344.0
 20
151.83239466440818
 10
344.0
 20
151.58242642388313
 10
344.0
 20
151.33245818335797
 10
344.0
 20
151.08248994283292
 10
344.0
 20
150.83252170230787
 10
344.0
 20
150.5825534617827
 10
344.0
 20
150.33258522125766
 10
344.0
 20
150.0826169807326
 10
344.0
 20
149.83264874020745
 10
344.0
 20
149.5826804996824
 10
344.0
 20
149.33271225915735
 10
344.0
 20
149.08274401863218
 10
344.0
 20
148.83277577810713
 10
344.0
 20
148.58280753758197
 10
344.0
 20
148.33283929705692
 10
344.0
 20
148.08287105653187
 10
344.0
 20
147.8329028160067
 10
344.0
 20
147.58293457548166
 10
344.0
 20
147.3329663349566
 10
344.0
 20
147.08299809443145
 10
344.0
 20
146.8330298539064
 10
344.0
 20
146.58306161338135
 10
344.0
 20
146.33309337285618
 10
344.0
 20
146.08312513233113
 10
344.0
 20
145.83315689180608
 10
344.0
 20
145.58318865128092
 10
344.0
 20
145.33322041075587
 10
344.0
 20
145.08325217023082
 10
344.0
 20
144.83328392970566
 10
344.0
 20
144.5833156891806
 10
344.0
 20
144.33334744865556
 10
344.0
 20
144.0833792081304
 10
344.0
 20
143.83341096760535
 10
344.0
 20
143.58344272708018
 10
344.0
 20
143.33347448655513
 10
344.0
 20
143.08350624603008
 10
344.0
 20
142.83353800550492
 10
344.0
 20
142.58356976497987
 10
344.0
 20
142.33360152445482
 10
344.0
 20
142.08363328392966
 10
344.0
 20
141.8336650434046
 10
344.0
 20
141.58369680287956
 10
344.0
 20
141.3337285623544
 10
344.0
 20
141.08376032182935
 10
344.0
 20
140.8337920813043
 10
344.0
 20
140.58382384077913
 10
344.0
 20
140.33385560025408
 10
344.0
 20
140.08388735972903
 10
344.0
 20
139.83391911920387
 10
344.0
 20
139.58395087867882
 10
344.0
 20
139.33398263815377
 10
344.0
 20
139.0840143976286
 10
344.0
 20
138.83404615710356
 10
344.0
 20
138.5840779165784
 10
344.0
 20
138.33410967605334
 10
344.0
 20
138.0841414355283
 10
344.0
 20
137.83417319500313
 10
344.0
 20
137.58420495447808
 10
344.0
 20
137.33423671395303
 10
344.0
 20
137.08426847342787
 10
344.0
 20
136.83430023290282
 10
344.0
 20
136.58433199237777
 10
344.0
 20
136.3343637518526
 10
344.0
 20
136.08439551132756
 10
344.0
 20
135.8344272708025
 10
344.0
 20
135.58445903027734
 10
344.0
 20
135.3344907897523
 10
344.0
 20
135.08452254922724
 10
344.0
 20
134.83455430870208
 10
344.0
 20
134.58458606817703
 10
344.0
 20
134.33461782765198
 10
344.0
 20
134.08464958712682
 10
344.0
 20
133.83468134660177
 10
344.0
 20
133.58471310607672
 10
344.0
 20
133.33474486555156
 10
344.0
 20
133.0847766250265
 10
344.0
 20
132.83480838450134
 10
344.0
 20
132.5848401439763
 10
344.0
 20
132.33487190345124
 10
344.0
 20
132.08490366292608
 10
344.0
 20
131.83493542240103
 10
344.0
 20
131.58496718187598
 10
344.0
 20
131.33499894135082
 10
344.0
 20
131.08503070082577
 10
344.0
 20
130.83506246030072
 10
344.0
 20
130.58509421977556
 10
344.0
 20
130.3351259792505
 10
344.0
 20
130.08515773872546
 10
344.0
 20
129.8351894982003
 10
344.0
 20
129.58522125767524
 10
344.0
 20
129.3352530171502
 10
344.0
 20
129.08528477662503
 10
344.0
 20
128.83531653609998
 10
344.0
 20
128.58534829557493
 10
344.0
 20
128.33538005504977
 10
344.0
 20
128.08541181452472
 10
344.0
 20
127.83544357399957
 10
344.0
 20
127.58547533347452
 10
344.0
 20
127.33550709294947
 10
344.0
 20
127.08553885242429
 10
344.0
 20
126.83557061189924
 10
344.0
 20
126.5856023713742
 10
344.0
 20
126.33563413084903
 10
344.0
 20
126.08566589032398
 10
344.0
 20
125.83569764979895
 10
344.0
 20
125.58572940927375
 10
344.0
 20
125.33576116874872
 10
344.0
 20
125.08579292822367
 10
344.0
 20
124.8358246876985
 10
344.0
 20
124.58585644717346
 10
344.0
 20
124.33588820664818
 10
344.0
 20
124.08591996612313
 10
344.0
 20
123.83595172559808
 10
344.0
 20
123.58598348507292
 10
344.0
 20
123.33601524454787
 10
344.0
 20
123.08604700402282
 10
344.0
 20
122.83607876349764
 10
344.0
 20
122.58611052297259
 10
344.0
 20
122.33614228244755
 10
344.0
 20
122.08617404192239
 10
344.0
 20
121.83620580139734
 10
344.0
 20
121.58623756087229
 10
344.0
 20
121.33626932034714
 10
344.0
 20
121.08630107982206
 10
344.0
 20
120.83633283929701
 10
344.0
 20
120.58636459877187
 10
344.0
 20
120.33639635824682
 10
344.0
 20
120.08642811772165
 10
344.0
 20
119.83645987719662
 10
344.0
 20
119.58649163667157
 10
344.0
 20
119.33652339614639
 10
344.0
 20
119.08655515562134
 10
344.0
 20
118.83658691509629
 10
344.0
 20
118.58661867457113
 10
344.0
 20
118.33665043404608
 10
344.0
 20
118.08668219352104
 10
344.0
 20
117.83671395299585
 10
344.0
 20
117.58674571247082
 10
344.0
 20
117.33677747194577
 10
344.0
 20
117.0868092314206
 10
344.0
 20
116.83684099089555
 10
344.0
 20
116.5868727503705
 10
344.0
 20
116.33690450984533
 10
344.0
 20
116.08693626932028
 10
344.0
 20
115.83696802879524
 10
344.0
 20
115.58699978827008
 10
344.0
 20
115.33703154774503
 10
344.0
 20
115.08706330721998
 10
344.0
 20
114.83709506669483
 10
344.0
 20
114.58712682616978
 10
344.0
 20
114.3371585856446
 10
344.0
 20
114.08719034511955
 10
344.0
 20
113.8372221045945
 10
344.0
 20
113.58725386406934
 10
344.0
 20
113.33728562354429
 10
344.0
 20
113.08731738301925
 10
344.0
 20
112.83734914249408
 10
344.0
 20
112.58738090196903
 10
344.0
 20
112.33741266144398
 10
344.0
 20
112.08744442091881
 10
344.0
 20
111.83747618039376
 10
344.0
 20
111.58750793986871
 10
344.0
 20
111.33753969934354
 10
344.0
 20
111.08757145881849
 10
344.0
 20
110.83760321829345
 10
344.0
 20
110.58763497776829
 10
344.0
 20
110.33766673724324
 10
344.0
 20
110.08769849671819
 10
344.0
 20
109.83773025619304
 10
344.0
 20
109.58776201566796
 10
344.0
 20
109.33779377514281
 10
344.0
 20
109.08782553461776
 10
344.0
 20
108.83785729409271
 10
344.0
 20
108.58788905356755
 10
344.0
 20
108.33792081304252
 10
344.0
 20
108.08795257251747
 10
344.0
 20
107.83798433199229
 10
344.0
 20
107.58801609146724
 10
344.0
 20
107.33804785094219
 10
344.0
 20
107.08807961041703
 10
344.0
 20
106.83811136989198
 10
344.0
 20
106.58814312936693
 10
344.0
 20
106.33817488884175
 10
344.0
 20
106.08820664831671
 10
344.0
 20
105.83823840779166
 10
344.0
 20
105.5882701672665
 10
344.0
 20
105.33830192674145
 10
344.0
 20
105.0883336862164
 10
344.0
 20
104.83836544569125
 10
344.0
 20
104.58839720516617
 10
344.0
 20
104.33842896464103
 10
344.0
 20
104.08846072411598
 10
344.0
 20
103.83849248359093
 10
344.0
 20
103.58852424306576
 10
344.0
 20
103.33855600254073
 10
344.0
 20
103.08858776201568
 10
344.0
 20
102.8386195214905
 10
344.0
 20
102.58865128096545
 10
344.0
 20
102.3386830404404
 10
344.0
 20
102.08871479991524
 10
344.0
 20
101.83874655939019
 10
344.0
 20
101.58877831886515
 10
344.0
 20
101.33881007833996
 10
344.0
 20
101.08884183781493
 10
344.0
 20
100.83887359728988
 10
344.0
 20
100.58890535676471
 10
344.0
 20
100.33893711623966
 10
344.0
 20
100.08896887571461
 10
344.0
 20
99.83900063518944
 10
344.0
 20
99.58903239466439
 10
344.0
 20
99.33906415413935
 10
344.0
 20
99.08909591361419
 10
344.0
 20
98.83912767308914
 10
344.0
 20
98.58915943256399
 10
344.0
 20
98.33919119203894
 10
344.0
 20
98.08922295151388
 10
344.0
 20
97.83925471098871
 10
344.0
 20
97.58928647046366
 10
344.0
 20
97.33931822993861
 10
344.0
 20
97.08934998941345
 10
344.0
 20
96.8393817488884
 10
344.0
 20
96.58941350836335
 10
344.0
 20
96.33944526783819
 10
344.0
 20
96.08947702731314
 10
344.0
 20
95.83950878678809
 10
344.0
 20
95.58954054626292
 10
344.0
 20
95.33957230573787
 10
344.0
 20
95.08960406521282
 10
344.0
 20
94.83963582468766
 10
344.0
 20
94.58966758416261
 10
344.0
 20
94.33969934363756
 10
344.0
 20
94.0897311031124
 10
344.0
 20
93.83976286258735
 10
344.0
 20
93.58979462206219
 10
344.0
 20
93.33982638153714
 10
344.0
 20
93.08985814101209
 10
344.0
 20
92.83988990048692
 10
344.0
 20
92.58992165996187
 10
344.0
 20
92.33995341943682
 10
344.0
 20
92.08998517891166
 10
344.0
 20
91.84001693838661
 10
344.0
 20
91.59004869786156
 10
344.0
 20
91.3400804573364
 10
344.0
 20
91.09011221681135
 10
344.0
 20
90.8401439762863
 10
344.0
 20
90.59017573576114
 10
344.0
 20
90.34020749523609
 10
344.0
 20
90.09023925471104
 10
344.0
 20
89.84027101418587
 10
344.0
 20
89.59030277366082
 10
344.0
 20
89.34033453313577
 10
344.0
 20
89.09036629261061
 10
344.0
 20
88.84039805208556
 10
344.0
 20
88.5904298115604
 10
344.0
 20
88.34046157103535
 10
344.0
 20
88.0904933305103
 10
344.0
 20
87.84052508998514
 10
344.0
 20
87.59055684946009
 10
344.0
 20
87.34058860893504
 10
344.0
 20
87.09062036840987
 10
344.0
 20
86.84065212788482
 10
344.0
 20
86.59068388735977
 10
344.0
 20
86.34071564683461
 10
344.0
 20
86.09074740630956
 10
344.0
 20
85.84077916578451
 10
344.0
 20
85.59081092525935
 10
344.0
 20
85.3408426847343
 10
344.0
 20
85.09087444420925
 10
344.0
 20
84.84090620368409
 10
344.0
 20
84.59093796315904
 10
344.0
 20
84.34096972263399
 10
344.0
 20
84.09100148210882
 10
344.0
 20
83.84103324158377
 10
344.0
 20
83.59106500105872
 10
344.0
 20
83.34109676053356
 10
344.0
 20
83.09112852000851
 10
344.0
 20
82.84116027948335
 10
344.0
 20
82.5911920389583
 10
344.0
 20
82.34122379843325
 10
344.0
 20
82.09125555790808
 10
344.0
 20
81.84128731738303
 10
344.0
 20
81.59131907685799
 10
344.0
 20
81.34135083633282
 10
344.0
 20
81.09138259580777
 10
344.0
 20
80.84141435528272
 10
344.0
 20
80.59144611475756
 10
344.0
 20
80.34147787423251
 10
344.0
 20
80.09150963370746
 10
344.0
 20
79.8415413931823
 10
344.0
 20
79.59157315265725
 10
344.0
 20
79.3416049121322
 10
344.0
 20
79.09163667160703
 10
344.0
 20
78.84166843108198
 10
344.0
 20
78.59170019055694
 10
344.0
 20
78.34173195003177
 10
344.0
 20
78.09176370950672
 10
344.0
 20
77.84179546898156
 10
344.0
 20
77.59182722845651
 10
344.0
 20
77.34185898793146
 10
344.0
 20
77.0918907474063
 10
344.0
 20
76.84192250688125
 10
344.0
 20
76.5919542663562
 10
344.0
 20
76.34198602583103
 10
344.0
 20
76.09201778530598
 10
344.0
 20
75.84204954478093
 10
344.0
 20
75.59208130425577
 10
344.0
 20
75.34211306373072
 10
344.0
 20
75.09214482320567
 10
344.0
 20
74.84217658268051
 10
344.0
 20
74.59220834215546
 10
344.0
 20
74.34224010163041
 10
344.0
 20
74.09227186110525
 10
344.0
 20
73.8423036205802
 10
344.0
 20
73.59233538005515
 10
344.0
 20
73.34236713952998
 10
344.0
 20
73.09239889900482
 10
344.0
 20
72.84243065847966
 10
344.0
 20
72.59246241795461
 10
344.0
 20
72.34249417742956
 10
344.0
 20
72.0925259369044
 10
344.0
 20
71.84255769637934
 10
344.0
 20
71.5925894558543
 10
344.0
 20
71.34262121532913
 10
344.0
 20
71.09265297480408
 10
344.0
 20
70.84268473427903
 10
344.0
 20
70.59271649375387
 10
344.0
 20
70.34274825322882
 10
344.0
 20
70.09278001270366
 10
344.0
 20
69.8428117721786
 10
344.0
 20
69.59284353165356
 10
344.0
 20
69.3428752911284
 10
344.0
 20
69.09290705060334
 10
344.0
 20
68.8429388100783
 10
344.0
 20
68.59297056955313
 10
344.0
 20
68.34300232902808
 10
344.0
 20
68.09303408850303
 10
344.0
 20
67.84306584797787
 10
344.0
 20
67.59309760745282
 10
344.0
 20
67.34312936692777
 10
344.0
 20
67.0931611264026
 10
344.0
 20
66.84319288587756
 10
344.0
 20
66.5932246453525
 10
344.0
 20
66.34325640482734
 10
344.0
 20
66.0932881643023
 10
344.0
 20
65.84331992377724
 10
344.0
 20
65.59335168325208
 10
344.0
 20
65.34338344272703
 10
344.0
 20
65.09341520220198
 10
344.0
 20
64.84344696167682
 10
344.0
 20
64.59347872115177
 10
344.0
 20
64.3435104806266
 10
344.0
 20
64.09354224010156
 10
344.0
 20
63.843573999576506
 10
344.0
 20
63.59360575905134
 10
344.0
 20
63.34363751852629
 10
344.0
 20
63.093669278001244
 10
344.0
 20
62.84370103747607
 10
344.0
 20
62.59373279695103
 10
344.0
 20
62.34376455642598
 10
344.0
 20
62.093796315900825
 10
344.0
 20
61.84382807537576
 10
344.0
 20
61.59385983485072
 10
344.0
 20
61.34389159432556
 10
344.0
 20
61.0939233538005
 10
344.0
 20
60.843955113275456
 10
344.0
 20
60.59398687275029
 10
344.0
 20
60.34401863222525
 10
344.0
 20
60.094050391700186
 10
344.0
 20
59.84408215117503
 10
344.0
 20
59.59411391064998
 10
344.0
 20
59.34414567012482
 10
344.0
 20
59.09417742959977
 10
344.0
 20
58.84420918907472
 10
344.0
 20
58.594240948549555
 10
344.0
 20
58.344272708024505
 10
344.0
 20
58.094304467499455
 10
344.0
 20
57.84433622697429
 10
344.0
 20
57.59436798644924
 10
344.0
 20
57.34439974592419
 10
344.0
 20
57.09443150539902
 10
344.0
 20
56.84446326487398
 10
344.0
 20
56.59449502434893
 10
344.0
 20
56.344526783823774
 10
344.0
 20
56.09455854329871
 10
344.0
 20
55.84459030277367
 10
344.0
 20
55.59462206224851
 10
344.0
 20
55.34465382172345
 10
344.0
 20
55.0946855811984
 10
344.0
 20
54.84471734067324
 10
344.0
 20
54.5947491001482
 10
344.0
 20
54.34478085962303
 10
344.0
 20
54.09481261909798
 10
344.0
 20
53.84484437857293
 10
344.0
 20
53.594876138047766
 10
344.0
 20
53.34490789752272
 10
344.0
 20
53.09493965699767
 10
344.0
 20
52.844971416472504
 10
344.0
 20
52.595003175947454
 10
344.0
 20
52.345034935422404
 10
344.0
 20
52.095066694897234
 10
344.0
 20
51.84509845437219
 10
344.0
 20
51.59513021384714
 10
344.0
 20
51.34516197332197
 10
344.0
 20
51.09519373279693
 10
344.0
 20
50.84522549227188
 10
344.0
 20
50.59525725174672
 10
344.0
 20
50.34528901122166
 10
344.0
 20
50.09532077069662
 10
344.0
 20
49.84535253017145
 10
344.0
 20
49.59538428964641
 10
344.0
 20
49.34541604912135
 10
344.0
 20
49.09544780859619
 10
344.0
 20
48.84547956807114
 10
344.0
 20
48.59551132754598
 10
344.0
 20
48.34554308702093
 10
344.0
 20
48.09557484649588
 10
344.0
 20
47.845606605970715
 10
344.0
 20
47.595638365445666
 10
344.0
 20
47.345670124920616
 10
344.0
 20
47.09570188439545
 10
344.0
 20
46.8457336438704
 10
344.0
 20
46.595765403345354
 10
344.0
 20
46.34579716282019
 10
344.0
 20
46.09582892229514
 10
344.0
 20
45.84586068177009
 10
344.0
 20
45.59589244124493
 10
344.0
 20
45.34592420071988
 10
344.0
 20
45.09595596019483
 10
344.0
 20
44.845987719669665
 10
344.0
 20
44.596019479144616
 10
344.0
 20
44.346051238619566
 10
344.0
 20
44.0960829980944
 10
344.0
 20
43.84611475756935
 10
344.0
 20
43.59614651704419
 10
344.0
 20
43.34617827651914
 10
344.0
 20
43.09621003599409
 10
344.0
 20
42.84624179546893
 10
344.0
 20
42.59627355494388
 10
344.0
 20
42.34630531441883
 10
344.0
 20
42.096337073893665
 10
344.0
 20
41.846368833368615
 10
344.0
 20
41.596400592843565
 10
344.0
 20
41.3464323523184
 10
344.0
 20
41.09646411179335
 10
344.0
 20
40.8464958712683
 10
344.0
 20
40.59652763074314
 10
344.0
 20
40.34655939021809
 10
344.0
 20
40.09659114969304
 10
344.0
 20
39.84662290916788
 10
344.0
 20
39.59665466864283
 10
344.0
 20
39.34668642811778
 10
344.0
 20
39.096718187592614
 10
344.0
 20
38.846749947067565
 10
344.0
 20
38.5967817065424
 10
344.0
 20
38.34681346601735
 10
344.0
 20
38.0968452254923
 10
344.0
 20
37.84687698496714
 10
344.0
 20
37.59690874444209
 10
344.0
 20
37.34694050391704
 10
344.0
 20
37.096972263391876
 10
344.0
 20
36.84700402286683
 10
344.0
 20
36.59703578234178
 10
344.0
 20
36.347067541816614
 10
344.0
 20
36.097099301291564
 10
344.0
 20
35.847131060766515
 10
344.0
 20
35.59716282024135
 10
344.0
 20
35.3471945797163
 10
344.0
 20
35.09722633919125
 10
344.0
 20
34.84725809866609
 10
344.0
 20
34.59728985814104
 10
344.0
 20
34.34732161761599
 10
344.0
 20
34.097353377090826
 10
344.0
 20
33.84738513656578
 10
344.0
 20
33.59741689604073
 10
344.0
 20
33.347448655515564
 10
344.0
 20
33.097480414990514
 10
344.0
 20
32.84751217446535
 10
344.0
 20
32.5975439339403
 10
344.0
 20
32.34757569341525
 10
344.0
 20
32.09760745289009
 10
344.0
 20
31.84763921236504
 10
344.0
 20
31.59767097183999
 10
344.0
 20
31.347702731314826
 10
344.0
 20
31.097734490789776
 10
344.0
 20
30.847766250264726
 10
344.0
 20
30.597798009739563
 10
344.0
 20
30.347829769214513
 10
344.0
 20
30.097861528689464
 10
344.0
 20
29.8478932881643
 10
344.0
 20
29.59792504763925
 10
344.0
 20
29.3479568071142
 10
344.0
 20
29.097988566589038
 10
344.0
 20
28.84802032606399
 10
344.0
 20
28.59805208553894
 10
344.0
 20
28.348083845013775
 10
344.0
 20
28.098115604488726
 10
344.0
 20
27.848147363963562
 10
344.0
 20
27.598179123438513
 10
344.0
 20
27.348210882913463
 10
344.0
 20
27.0982426423883
 10
344.0
 20
26.84827440186325
 10
344.0
 20
26.5983061613382
 10
344.0
 20
26.348337920813037
 10
344.0
 20
26.098369680287988
 10
344.0
 20
25.848401439762938
 10
344.0
 20
25.598433199237775
 10
344.0
 20
25.348464958712725
 10
344.0
 20
25.098496718187675
 10
344.0
 20
24.848528477662512
 10
344.0
 20
24.598560237137463
 10
344.0
 20
24.348591996612413
 10
344.0
 20
24.09862375608725
 10
344.0
 20
23.8486555155622
 10
344.0
 20
23.59868727503715
 10
344.0
 20
23.348719034511987
 10
344.0
 20
23.098750793986937
 10
344.0
 20
22.848782553461774
 10
344.0
 20
22.598814312936724
 10
344.0
 20
22.348846072411675
 10
344.0
 20
22.09887783188651
 10
344.0
 20
21.848909591361462
 10
344.0
 20
21.5989413508363
 10
344.0
 20
21.348973110311135
 10
344.0
 20
21.099004869786086
 10
344.0
 20
20.849036629261036
 10
344.0
 20
20.599068388735873
 10
344.0
 20
20.349100148210823
 10
344.0
 20
20.09913190768566
 10
344.0
 20
19.84916366716061
 10
344.0
 20
19.59919542663556
 10
344.0
 20
19.349227186110397
 10
344.0
 20
19.099258945585348
 10
344.0
 20
18.849290705060298
 10
344.0
 20
18.599322464535135
 10
344.0
 20
18.349354224010085
 10
344.0
 20
18.099385983485035
 10
344.0
 20
17.849417742959872
 10
344.0
 20
17.599449502434823
 10
344.0
 20
17.349481261909773
 10
344.0
 20
17.09951302138461
 10
344.0
 20
16.84954478085956
 10
344.0
 20
16.59957654033451
 10
344.0
 20
16.349608299809347
 10
344.0
 20
16.099640059284297
 10
344.0
 20
15.849671818759248
 10
344.0
 20
15.599703578234084
 10
344.0
 20
15.349735337709035
 10
344.0
 20
15.099767097183985
 10
344.0
 20
14.849798856658822
 10
344.0
 20
14.599830616133772
 10
344.0
 20
14.349862375608609
 10
344.0
 20
14.09989413508356
 10
344.0
 20
13.84992589455851
 10
344.0
 20
13.599957654033346
 10
344.0
 20
13.349989413508297
 10
344.0
 20
13.100021172983247
 10
344.0
 20
12.850052932458084
 10
344.0
 20
12.600084691933034
 10
344.0
 20
12.350116451407985
 10
344.0
 20
12.100148210882821
 10
344.0
 20
11.850179970357772
 10
344.0
 20
11.600211729832722
 10
344.0
 20
11.350243489307559
 10
344.0
 20
11.10027524878251
 10
344.0
 20
10.85030700825746
 10
344.0
 20
10.600338767732296
 10
344.0
 20
10.350370527207247
 10
344.0
 20
10.100402286682197
 10
344.0
 20
9.850434046157034
 10
344.0
 20
9.600465805631984
 10
344.0
 20
9.35049756510682
 10
344.0
 20
9.100529324581771
 10
344.0
 20
8.850561084056721
 10
344.0
 20
8.600592843531558
 10
344.0
 20
8.350624603006509
 10
344.0
 20
8.100656362481459
 10
344.0
 20
7.850688121956296
 10
344.0
 20
7.600719881431246
 10
344.0
 20
7.350751640906196
 10
344.0
 20
7.100783400381033
 10
344.0
 20
6.850815159855983
 10
344.0
 20
6.600846919330934
 10
344.0
 20
6.3508786788057705
 10
344.0
 20
6.100910438280721
 10
344.0
 20
5.850942197755671
 10
344.0
 20
5.600973957230508
 10
344.0
 20
5.351005716705458
 10
344.0
 20
5.101037476180409
 10
344.0
 20
4.851069235655245
 10
344.0
 20
4.601100995130196
 10
344.0
 20
4.3511327546050325
 10
344.0
 20
4.101164514079983
 10
344.0
 20
3.851196273554933
 10
344.0
 20
3.60122803302977
 10
344.0
 20
3.3512597925047203
 10
344.0
 20
3.1012915519796707
 10
344.0
 20
2.8513233114545073
 10
344.0
 20
2.6013550709294577
 10
344.0
 20
2.351386830404408
 10
344.0
 20
2.101418589879245
 10
344.0
 20
1.8514503493541952
 10
344.0
 20
1.6014821088291455
 10
344.0
 20
1.3515138683039822
 10
344.0
 20
1.1015456277789326
 10
344.0
 20
0.851577387253883
 10
344.0
 20
0.6016091467287197
 10
344.0
 20
0.35164090620367006
 10
344.0
 20
0.10167266567862043
 10
343.85170442515346
 20
0.0
 10
343.6017361846284
 20
0.0
 10
343.35176794410336
 20
0.0
 10
343.1017997035782
 20
0.0
 10
342.85183146305314
 20
0.0
 10
342.601863222528
 20
0.0
 10
342.35189498200293
 20
0.0
 10
342.1019267414779
 20
0.0
 10
341.8519585009527
 20
0.0
 10
341.60199026042767
 20
0.0
 10
341.3520220199026
 20
0.0
 10
341.10205377937746
 20
0.0
 10
340.8520855388524
 20
0.0
 10
340.60211729832736
 20
0.0
 10
340.5
 20
0.14785094219780603
 10
340.5
 20
0.39781918272285566
 10
340.5
 20
0.6477874232479053
 10
340.5
 20
0.8977556637730686
 10
340.5
 20
1.1477239042981182
 10
340.5
 20
1.3976921448231678
 10
340.5
 20
1.6476603853483311
 10
340.5
 20
1.8976286258733808
 10
340.5
 20
2.1475968663984304
 10
340.5
 20
2.3975651069235937
 10
340.5
 20
2.6475333474486433
 10
340.5
 20
2.8975015879738066
 10
340.5
 20
3.1474698284988563
 10
340.5
 20
3.397438069023906
 10
340.5
 20
3.647406309549069
 10
340.5
 20
3.897374550074119
 10
340.5
 20
4.147342790599168
 10
340.5
 20
4.397311031124332
 10
340.5
 20
4.647279271649381
 10
340.5
 20
4.897247512174431
 10
340.5
 20
5.147215752699594
 10
340.5
 20
5.397183993224644
 10
340.5
 20
5.6471522337496936
 10
340.5
 20
5.897120474274857
 10
340.5
 20
6.1470887147999065
 10
340.5
 20
6.397056955324956
 10
340.5
 20
6.647025195850119
 10
340.5
 20
6.896993436375169
 10
340.5
 20
7.146961676900219
 10
340.5
 20
7.396929917425382
 10
340.5
 20
7.646898157950432
 10
340.5
 20
7.896866398475595
 10
340.5
 20
8.146834639000645
 10
340.5
 20
8.396802879525694
 10
340.5
 20
8.646771120050857
 10
340.5
 20
8.896739360575907
 10
340.5
 20
9.146707601100957
 10
340.5
 20
9.39667584162612
 10
340.5
 20
9.64664408215117
 10
340.5
 20
9.89661232267622
 10
340.5
 20
10.146580563201383
 10
340.5
 20
10.396548803726432
 10
340.5
 20
10.646517044251482
 10
340.5
 20
10.896485284776645
 10
340.5
 20
11.146453525301695
 10
340.5
 20
11.396421765826744
 10
340.5
 20
11.646390006351908
 10
340.5
 20
11.896358246876957
 10
340.5
 20
12.146326487402007
 10
340.5
 20
12.39629472792717
 10
340.3537370315478
 20
12.5
 10
340.10376879102273
 20
12.5
 10
339.85380055049757
 20
12.5
 10
339.6038323099725
 20
12.5
 10
339.35386406944735
 20
12.5
 10
339.1038958289223
 20
12.5
 10
338.85392758839726
 20
12.5
 10
338.6039593478721
 20
12.5
 10
338.35399110734704
 20
12.5
 10
338.104022866822
 20
12.5
 10
337.85405462629683
 20
12.5
 10
337.6040863857718
 20
12.5
 10
337.35411814524673
 20
12.5
 10
337.10414990472157
 20
12.5
 10
336.8541816641965
 20
12.5
 10
336.60421342367147
 20
12.5
 10
336.3542451831463
 20
12.5
 10
336.10427694262125
 20
12.5
 10
335.8543087020962
 20
12.5
 10
335.60434046157104
 20
12.5
 10
335.354372221046
 20
12.5
 10
335.10440398052094
 20
12.5
 10
334.8544357399958
 20
12.5
 10
334.60446749947073
 20
12.5
 10
334.35449925894557
 20
12.5
 10
334.1045310184205
 20
12.5
 10
333.85456277789547
 20
12.5
 10
333.6045945373703
 20
12.5
 10
333.35462629684525
 20
12.5
 10
333.1046580563202
 20
12.5
 10
332.85468981579504
 20
12.5
 10
332.60472157527
 20
12.5
 10
332.35475333474494
 20
12.5
 10
332.1047850942198
 20
12.5
 10
331.85481685369473
 20
12.5
 10
331.6048486131697
 20
12.5
 10
331.3548803726445
 20
12.5
 10
331.10491213211947
 20
12.5
 10
330.8549438915944
 20
12.5
 10
330.60497565106925
 20
12.5
 10
330.3550074105442
 20
12.5
 10
330.10503917001915
 20
12.5
 10
329.855070929494
 20
12.5
 10
329.60510268896894
 20
12.5
 10
329.3551344484438
 20
12.5
 10
329.1051662079187
 20
12.5
 10
328.8551979673937
 20
12.5
 10
328.6052297268685
 20
12.5
 10
328.35526148634347
 20
12.5
 10
328.1052932458184
 20
12.5
 10
327.85532500529325
 20
12.5
 10
327.6053567647682
 20
12.5
 10
327.35538852424315
 20
12.5
 10
327.105420283718
 20
12.5
 10
326.8554520431928
 20
12.5
 10
326.60548380266766
 20
12.5
 10
326.3555155621426
 20
12.5
 10
326.10554732161756
 20
12.5
 10
325.8555790810924
 20
12.5
 10
325.60561084056735
 20
12.5
 10
325.3556426000423
 20
12.5
 10
325.10567435951714
 20
12.5
 10
324.8557061189921
 20
12.5
 10
324.60573787846704
 20
12.5
 10
324.3557696379419
 20
12.5
 10
324.1058013974168
 20
12.5
 10
323.8558331568918
 20
12.5
 10
323.6058649163666
 20
12.5
 10
323.5
 20
12.355896675841564
 10
323.5
 20
12.105928435316514
 10
323.5
 20
11.85596019479135
 10
323.5
 20
11.605991954266301
 10
323.5
 20
11.356023713741251
 10
323.5
 20
11.106055473216088
 10
323.5
 20
10.856087232691038
 10
323.5
 20
10.606118992165989
 10
323.5
 20
10.356150751640826
 10
323.5
 20
10.106182511115776
 10
323.5
 20
9.856214270590613
 10
323.5
 20
9.606246030065563
 10
323.5
 20
9.356277789540513
 10
323.5
 20
9.10630954901535
 10
323.5
 20
8.8563413084903
 10
323.5
 20
8.60637306796525
 10
323.5
 20
8.356404827440088
 10
323.5
 20
8.106436586915038
 10
323.5
 20
7.856468346389988
 10
323.5
 20
7.606500105864825
 10
323.5
 20
7.356531865339775
 10
323.5
 20
7.106563624814726
 10
323.5
 20
6.856595384289562
 10
323.5
 20
6.606627143764513
 10
323.5
 20
6.356658903239463
 10
323.5
 20
6.1066906627143
 10
323.5
 20
5.85672242218925
 10
323.5
 20
5.606754181664201
 10
323.5
 20
5.356785941139037
 10
323.5
 20
5.106817700613988
 10
323.5
 20
4.856849460088824
 10
323.5
 20
4.606881219563775
 10
323.5
 20
4.356912979038725
 10
323.5
 20
4.106944738513562
 10
323.5
 20
3.856976497988512
 10
323.5
 20
3.6070082574634625
 10
323.5
 20
3.3570400169382992
 10
323.5
 20
3.1070717764132496
 10
323.5
 20
2.8571035358882
 10
323.5
 20
2.6071352953630367
 10
323.5
 20
2.357167054837987
 10
323.5
 20
2.1071988143129374
 10
323.5
 20
1.8572305737877741
 10
323.5
 20
1.6072623332627245
 10
323.5
 20
1.3572940927376749
 10
323.5
 20
1.1073258522125116
 10
323.5
 20
0.8573576116874619
 10
323.5
 20
0.6073893711624123
 10
323.5
 20
0.357421130637249
 10
323.5
 20
0.10745289011219938
 10
323.35748464958704
 20
0.0
 10
323.107516409062
 20
0.0
 10
322.85754816853694
 20
0.0
 10
322.6075799280118
 20
0.0
 10
322.3576116874867
 20
0.0
 10
322.1076434469617
 20
0.0
 10
321.8576752064365
 20
0.0
 10
321.60770696591146
 20
0.0
 10
321.3577387253864
 20
0.0
 10
321.10777048486125
 20
0.0
 10
320.8578022443362
 20
0.0
 10
320.60783400381115
 20
0.0
 10
320.357865763286
 20
0.0
 10
320.10789752276094
 20
0.0
 10
319.8579292822359
 20
0.0
 10
319.6079610417107
 20
0.0
 10
319.3579928011857
 20
0.0
 10
319.1080245606606
 20
0.0
 10
318.85805632013546
 20
0.0
 10
318.6080880796104
 20
0.0
 10
318.35811983908536
 20
0.0
 10
318.1081515985602
 20
0.0
 10
317.85818335803515
 20
0.0
 10
317.60821511751
 20
0.0
 10
317.35824687698494
 20
0.0
 10
317.1082786364599
 20
0.0
 10
316.8583103959347
 20
0.0
 10
316.6083421554097
 20
0.0
 10
316.3583739148846
 20
0.0
 10
316.10840567435946
 20
0.0
 10
315.8584374338344
 20
0.0
 10
315.60846919330936
 20
0.0
 10
315.3585009527842
 20
0.0
 10
315.10853271225915
 20
0.0
 10
314.8585644717341
 20
0.0
 10
314.60859623120894
 20
0.0
 10
314.3586279906839
 20
0.0
 10
314.10865975015884
 20
0.0
 10
313.8586915096337
 20
0.0
 10
313.6087232691086
 20
0.0
 10
313.3587550285836
 20
0.0
 10
313.1087867880584
 20
0.0
 10
312.85881854753336
 20
0.0
 10
312.6088503070082
 20
0.0
 10
312.35888206648315
 20
0.0
 10
312.1089138259581
 20
0.0
 10
311.85894558543293
 20
0.0
 10
311.6089773449079
 20
0.0
 10
311.35900910438284
 20
0.0
 10
311.1090408638577
 20
0.0
 10
310.8590726233326
 20
0.0
 10
310.6091043828076
 20
0.0
 10
310.3591361422824
 20
0.0
 10
310.10916790175736
 20
0.0
 10
309.8591996612323
 20
0.0
 10
309.60923142070715
 20
0.0
 10
309.3592631801821
 20
0.0
 10
309.10929493965705
 20
0.0
 10
308.8593266991319
 20
0.0
 10
308.60935845860683
 20
0.0
 10
308.3593902180818
 20
0.0
 10
308.1094219775566
 20
0.0
 10
307.8594537370316
 20
0.0
 10
307.6094854965064
 20
0.0
 10
307.35951725598136
 20
0.0
 10
307.1095490154563
 20
0.0
 10
306.85958077493115
 20
0.0
 10
306.6096125344061
 20
0.0
 10
306.35964429388105
 20
0.0
 10
306.1096760533559
 20
0.0
 10
305.85970781283083
 20
0.0
 10
305.6097395723058
 20
0.0
 10
305.3597713317806
 20
0.0
 10
305.10980309125557
 20
0.0
 10
304.8598348507305
 20
0.0
 10
304.60986661020536
 20
0.0
 10
304.3598983696803
 20
0.0
 10
304.10993012915526
 20
0.0
 10
303.8599618886301
 20
0.0
 10
303.60999364810505
 20
0.0
 10
303.36002540758
 20
0.0
 10
303.11005716705483
 20
0.0
 10
302.8600889265298
 20
0.0
 10
302.61012068600473
 20
0.0
 10
302.36015244547957
 20
0.0
 10
302.1101842049545
 20
0.0
 10
301.86021596442936
 20
0.0
 10
301.6102477239043
 20
0.0
 10
301.36027948337926
 20
0.0
 10
301.1103112428541
 20
0.0
 10
300.86034300232905
 20
0.0
 10
300.610374761804
 20
0.0
 10
300.36040652127883
 20
0.0
 10
300.1104382807538
 20
0.0
 10
299.86047004022873
 20
0.0
 10
299.61050179970357
 20
0.0
 10
299.3605335591785
 20
0.0
 10
299.11056531865347
 20
0.0
 10
298.8605970781283
 20
0.0
 10
298.61062883760326
 20
0.0
 10
298.3606605970782
 20
0.0
 10
298.11069235655305
 20
0.0
 10
297.860724116028
 20
0.0
 10
297.61075587550295
 20
0.0
 10
297.3607876349778
 20
0.0
 10
297.11081939445273
 20
0.0
 10
296.86085115392757
 20
0.0
 10
296.6108829134025
 20
0.0
 10
296.36091467287747
 20
0.0
 10
296.1109464323523
 20
0.0
 10
295.86097819182726
 20
0.0
 10
295.6110099513022
 20
0.0
 10
295.36104171077704
 20
0.0
 10
295.111073470252
 20
0.0
 10
294.86110522972695
 20
0.0
 10
294.6111369892018
 20
0.0
 10
294.36116874867673
 20
0.0
 10
294.1112005081517
 20
0.0
 10
293.8612322676265
 20
0.0
 10
293.61126402710147
 20
0.0
 10
293.3612957865764
 20
0.0
 10
293.11132754605126
 20
0.0
 10
292.8613593055262
 20
0.0
 10
292.61139106500116
 20
0.0
 10
292.361422824476
 20
0.0
 10
292.11145458395094
 20
0.0
 10
291.8614863434258
 20
0.0
 10
291.61151810290073
 20
0.0
 10
291.3615498623757
 20
0.0
 10
291.1115816218505
 20
0.0
 10
290.86161338132547
 20
0.0
 10
290.6116451408004
 20
0.0
 10
290.36167690027526
 20
0.0
 10
290.1117086597502
 20
0.0
 10
289.86174041922516
 20
0.0
 10
289.6117721787
 20
0.0
 10
289.36180393817494
 20
0.0
 10
289.1118356976499
 20
0.0
 10
288.86186745712473
 20
0.0
 10
288.6118992165997
 20
0.0
 10
288.36193097607463
 20
0.0
 10
288.11196273554935
 20
0.0
 10
287.8619944950243
 20
0.0
 10
287.61202625449914
 20
0.0
 10
287.3620580139741
 20
0.0
 10
287.11208977344904
 20
0.0
 10
286.8621215329239
 20
0.0
 10
286.61215329239883
 20
0.0
 10
286.3621850518738
 20
0.0
 10
286.1122168113486
 20
0.0
 10
285.86224857082357
 20
0.0
 10
285.6122803302985
 20
0.0
 10
285.36231208977335
 20
0.0
 10
285.1123438492483
 20
0.0
 10
284.86237560872326
 20
0.0
 10
284.6124073681981
 20
0.0
 10
284.36243912767304
 20
0.0
 10
284.112470887148
 20
0.0
 10
283.86250264662283
 20
0.0
 10
283.6125344060978
 20
0.0
 10
283.3625661655726
 20
0.0
 10
283.11259792504757
 20
0.0
 10
282.8626296845225
 20
0.0
 10
282.61266144399735
 20
0.0
 10
282.3626932034723
 20
0.0
 10
282.11272496294725
 20
0.0
 10
281.8627567224221
 20
0.0
 10
281.61278848189704
 20
0.0
 10
281.362820241372
 20
0.0
 10
281.11285200084683
 20
0.0
 10
280.8628837603218
 20
0.0
 10
280.61291551979673
 20
0.0
 10
280.36294727927157
 20
0.0
 10
280.1129790387465
 20
0.0
 10
279.86301079822147
 20
0.0
 10
279.6130425576963
 20
0.0
 10
279.36307431717125
 20
0.0
 10
279.1131060766462
 20
0.0
 10
278.86313783612104
 20
0.0
 10
278.613169595596
 20
0.0
 10
278.3632013550708
 20
0.0
 10
278.1132331145458
 20
0.0
 10
277.86326487402073
 20
0.0
 10
277.61329663349557
 20
0.0
 10
277.3633283929705
 20
0.0
 10
277.11336015244547
 20
0.0
 10
276.8633919119203
 20
0.0
 10
276.61342367139525
 20
0.0
 10
276.3634554308702
 20
0.0
 10
276.11348719034504
 20
0.0
 10
275.86351894982
 20
0.0
 10
275.61355070929494
 20
0.0
 10
275.3635824687698
 20
0.0
 10
275.1136142282447
 20
0.0
 10
274.8636459877197
 20
0.0
 10
274.6136777471945
 20
0.0
 10
274.36370950666947
 20
0.0
 10
274.1137412661444
 20
0.0
 10
273.86377302561925
 20
0.0
 10
273.6138047850942
 20
0.0
 10
273.36383654456904
 20
0.0
 10
273.113868304044
 20
0.0
 10
272.86390006351894
 20
0.0
 10
272.6139318229938
 20
0.0
 10
272.3639635824687
 20
0.0
 10
272.1139953419437
 20
0.0
 10
271.8640271014185
 20
0.0
 10
271.61405886089346
 20
0.0
 10
271.3640906203684
 20
0.0
 10
271.11412237984325
 20
0.0
 10
270.8641541393182
 20
0.0
 10
270.61418589879315
 20
0.0
 10
270.364217658268
 20
0.0
 10
270.11424941774294
 20
0.0
 10
269.8642811772179
 20
0.0
 10
269.6143129366927
 20
0.0
 10
269.3643446961677
 20
0.0
 10
269.1143764556426
 20
0.0
 10
268.86440821511746
 20
0.0
 10
268.6144399745924
 20
0.0
 10
268.36447173406737
 20
0.0
 10
268.1145034935422
 20
0.0
 10
267.86453525301715
 20
0.0
 10
267.614567012492
 20
0.0
 10
267.36459877196694
 20
0.0
 10
267.1146305314419
 20
0.0
 10
266.8646622909167
 20
0.0
 10
266.6146940503917
 20
0.0
 10
266.3647258098666
 20
0.0
 10
266.11475756934146
 20
0.0
 10
265.8647893288164
 20
0.0
 10
265.61482108829136
 20
0.0
 10
265.3648528477662
 20
0.0
 10
265.11488460724115
 20
0.0
 10
264.8649163667161
 20
0.0
 10
264.61494812619094
 20
0.0
 10
264.3649798856659
 20
0.0
 10
264.11501164514084
 20
0.0
 10
263.8650434046157
 20
0.0
 10
263.6150751640906
 20
0.0
 10
263.3651069235656
 20
0.0
 10
263.1151386830404
 20
0.0
 10
262.86517044251536
 20
0.0
 10
262.6152022019902
 20
0.0
 10
262.36523396146515
 20
0.0
 10
262.1152657209401
 20
0.0
 10
261.86529748041494
 20
0.0
 10
261.6153292398899
 20
0.0
 10
261.36536099936484
 20
0.0
 10
261.1153927588397
 20
0.0
 10
260.8654245183146
 20
0.0
 10
260.6154562777896
 20
0.0
 10
260.3654880372644
 20
0.0
 10
260.11551979673936
 20
0.0
 10
259.8655515562143
 20
0.0
 10
259.61558331568915
 20
0.0
 10
259.3656150751641
 20
0.0
 10
259.11564683463905
 20
0.0
 10
258.8656785941139
 20
0.0
 10
258.61571035358884
 20
0.0
 10
258.3657421130638
 20
0.0
 10
258.1157738725386
 20
0.0
 10
257.8658056320136
 20
0.0
 10
257.6158373914884
 20
0.0
 10
257.36586915096336
 20
0.0
 10
257.1159009104383
 20
0.0
 10
256.86593266991315
 20
0.0
 10
256.6159644293881
 20
0.0
 10
256.36599618886305
 20
0.0
 10
256.1160279483379
 20
0.0
 10
255.86605970781284
 20
0.0
 10
255.6160914672878
 20
0.0
 10
255.36612322676262
 20
0.0
 10
255.11615498623758
 20
0.0
 10
254.86618674571253
 20
0.0
 10
254.61621850518736
 20
0.0
 10
254.3662502646623
 20
0.0
 10
254.11628202413726
 20
0.0
 10
253.8663137836121
 20
0.0
 10
253.61634554308705
 20
0.0
 10
253.366377302562
 20
0.0
 10
253.11640906203684
 20
0.0
 10
252.8664408215118
 20
0.0
 10
252.61647258098674
 20
0.0
 10
252.36650434046157
 20
0.0
 10
252.11653609993652
 20
0.0
 10
251.86656785941136
 20
0.0
 10
251.6165996188863
 20
0.0
 10
251.36663137836126
 20
0.0
 10
251.1166631378361
 20
0.0
 10
250.86669489731105
 20
0.0
 10
250.616726656786
 20
0.0
 10
250.36675841626084
 20
0.0
 10
250.1167901757358
 20
0.0
 10
249.86682193521074
 20
0.0
 10
249.61685369468557
 20
0.0
 10
249.36688545416052
 20
0.0
 10
249.11691721363547
 20
0.0
 10
248.8669489731103
 20
0.0
 10
248.61698073258526
 20
0.0
 10
248.3670124920602
 20
0.0
 10
248.11704425153505
 20
0.0
 10
247.86707601101
 20
0.0
 10
247.61710777048495
 20
0.0
 10
247.3671395299598
 20
0.0
 10
247.11717128943474
 20
0.0
 10
246.86720304890957
 20
0.0
 10
246.61723480838452
 20
0.0
 10
246.36726656785947
 20
0.0
 10
246.1172983273343
 20
0.0
 10
245.86733008680926
 20
0.0
 10
245.6173618462842
 20
0.0
 10
245.36739360575905
 20
0.0
 10
245.117425365234
 20
0.0
 10
244.86745712470895
 20
0.0
 10
244.61748888418379
 20
0.0
 10
244.36752064365874
 20
0.0
 10
244.1175524031337
 20
0.0
 10
243.86758416260852
 20
0.0
 10
243.61761592208347
 20
0.0
 10
243.36764768155842
 20
0.0
 10
243.11767944103326
 20
0.0
 10
242.8677112005082
 20
0.0
 10
242.61774295998316
 20
0.0
 10
242.367774719458
 20
0.0
 10
242.11780647893295
 20
0.0
 10
241.86783823840778
 20
0.0
 10
241.61786999788274
 20
0.0
 10
241.36790175735769
 20
0.0
 10
241.11793351683252
 20
0.0
 10
240.86796527630747
 20
0.0
 10
240.61799703578242
 20
0.0
 10
240.36802879525726
 20
0.0
 10
240.1180605547322
 20
0.0
 10
239.86809231420716
 20
0.0
 10
239.618124073682
 20
0.0
 10
239.36815583315695
 20
0.0
 10
239.1181875926319
 20
0.0
 10
238.86821935210673
 20
0.0
 10
238.61825111158169
 20
0.0
 10
238.36828287105664
 20
0.0
 10
238.11831463053147
 20
0.0
 10
237.86834639000642
 20
0.0
 10
237.61837814948137
 20
0.0
 10
237.3684099089562
 20
0.0
 10
237.11844166843116
 20
0.0
 10
236.868473427906
 20
0.0
 10
236.61850518738083
 20
0.0
 10
236.36853694685578
 20
0.0
 10
236.11856870633062
 20
0.0
 10
235.86860046580557
 20
0.0
 10
235.61863222528052
 20
0.0
 10
235.36866398475536
 20
0.0
 10
235.1186957442303
 20
0.0
 10
234.86872750370526
 20
0.0
 10
234.6187592631801
 20
0.0
 10
234.36879102265505
 20
0.0
 10
234.11882278213
 20
0.0
 10
233.86885454160483
 20
0.0
 10
233.61888630107978
 20
0.0
 10
233.36891806055462
 20
0.0
 10
233.11894982002957
 20
0.0
 10
232.86898157950452
 20
0.0
 10
232.61901333897936
 20
0.0
 10
232.3690450984543
 20
0.0
 10
232.11907685792926
 20
0.0
 10
231.8691086174041
 20
0.0
 10
231.61914037687905
 20
0.0
 10
231.369172136354
 20
0.0
 10
231.11920389582883
 20
0.0
 10
230.86923565530378
 20
0.0
 10
230.61926741477873
 20
0.0
 10
230.36929917425357
 20
0.0
 10
230.11933093372852
 20
0.0
 10
229.86936269320347
 20
0.0
 10
229.6193944526783
 20
0.0
 10
229.36942621215326
 20
0.0
 10
229.1194579716282
 20
0.0
 10
228.86948973110304
 20
0.0
 10
228.619521490578
 20
0.0
 10
228.36955325005283
 20
0.0
 10
228.11958500952778
 20
0.0
 10
227.86961676900273
 20
0.0
 10
227.61964852847757
 20
0.0
 10
227.36968028795252
 20
0.0
 10
227.11971204742747
 20
0.0
 10
226.8697438069023
 20
0.0
 10
226.61977556637726
 20
0.0
 10
226.3698073258522
 20
0.0
 10
226.11983908532704
 20
0.0
 10
225.869870844802
 20
0.0
 10
225.61990260427694
 20
0.0
 10
225.36993436375178
 20
0.0
 10
225.11996612322673
 20
0.0
 10
224.86999788270168
 20
0.0
 10
224.62002964217652
 20
0.0
 10
224.37006140165147
 20
0.0
 10
224.12009316112642
 20
0.0
 10
223.87012492060126
 20
0.0
 10
223.6201566800762
 20
0.0
 10
223.37018843955104
 20
0.0
 10
223.120220199026
 20
0.0
 10
222.87025195850094
 20
0.0
 10
222.62028371797578
 20
0.0
 10
222.37031547745073
 20
0.0
 10
222.12034723692568
 20
0.0
 10
221.87037899640052
 20
0.0
 10
221.62041075587547
 20
0.0
 10
221.37044251535042
 20
0.0
 10
221.12047427482526
 20
0.0
 10
220.8705060343002
 20
0.0
 10
220.62053779377516
 20
0.0
 10
220.37056955325
 20
0.0
 10
220.12060131272494
 20
0.0
 10
219.8706330721999
 20
0.0
 10
219.62066483167473
 20
0.0
 10
219.37069659114968
 20
0.0
 10
219.12072835062463
 20
0.0
 10
218.87076011009947
 20
0.0
 10
218.62079186957442
 20
0.0
 10
218.37082362904937
 20
0.0
 10
218.1208553885242
 20
0.0
 10
217.87088714799916
 20
0.0
 10
217.620918907474
 20
0.0
 10
217.37095066694894
 20
0.0
 10
217.1209824264239
 20
0.0
 10
216.87101418589873
 20
0.0
 10
216.62104594537368
 20
0.0
 10
216.37107770484863
 20
0.0
 10
216.12110946432347
 20
0.0
 10
215.87114122379842
 20
0.0
 10
215.62117298327337
 20
0.0
 10
215.3712047427482
 20
0.0
 10
215.12123650222316
 20
0.0
 10
214.8712682616981
 20
0.0
 10
214.62130002117294
 20
0.0
 10
214.3713317806479
 20
0.0
 10
214.12136354012284
 20
0.0
 10
213.87139529959768
 20
0.0
 10
213.62142705907263
 20
0.0
 10
213.37145881854758
 20
0.0
 10
213.12149057802242
 20
0.0
 10
212.87152233749737
 20
0.0
 10
212.6215540969722
 20
0.0
 10
212.37158585644715
 20
0.0
 10
212.1216176159221
 20
0.0
 10
211.87164937539694
 20
0.0
 10
211.6216811348719
 20
0.0
 10
211.37171289434684
 20
0.0
 10
211.12174465382168
 20
0.0
 10
210.87177641329663
 20
0.0
 10
210.62180817277158
 20
0.0
 10
210.37183993224642
 20
0.0
 10
210.12187169172137
 20
0.0
 10
209.87190345119632
 20
0.0
 10
209.62193521067115
 20
0.0
 10
209.3719669701461
 20
0.0
 10
209.12199872962105
 20
0.0
 10
208.8720304890959
 20
0.0
 10
208.62206224857084
 20
0.0
 10
208.3720940080458
 20
0.0
 10
208.12212576752063
 20
0.0
 10
207.87215752699558
 20
0.0
 10
207.62218928647042
 20
0.0
 10
207.37222104594537
 20
0.0
 10
207.12225280542032
 20
0.0
 10
206.87228456489515
 20
0.0
 10
206.6223163243701
 20
0.0
 10
206.37234808384505
 20
0.0
 10
206.1223798433199
 20
0.0
 10
205.87241160279484
 20
0.0
 10
205.6224433622698
 20
0.0
 10
205.37247512174463
 20
0.0
 10
205.12250688121958
 20
0.0
 10
204.87253864069453
 20
0.0
 10
204.62257040016937
 20
0.0
 10
204.37260215964432
 20
0.0
 10
204.12263391911927
 20
0.0
 10
203.8726656785941
 20
0.0
 10
203.62269743806905
 20
0.0
 10
203.372729197544
 20
0.0
 10
203.12276095701884
 20
0.0
 10
202.8727927164938
 20
0.0
 10
202.62282447596863
 20
0.0
 10
202.37285623544358
 20
0.0
 10
202.12288799491853
 20
0.0
 10
201.87291975439337
 20
0.0
 10
201.62295151386832
 20
0.0
 10
201.37298327334327
 20
0.0
 10
201.1230150328181
 20
0.0
 10
200.87304679229305
 20
0.0
 10
200.623078551768
 20
0.0
 10
200.5
 20
0.12688968875716
 10
200.5
 20
0.3768579292822096
 10
200.5
 20
0.6268261698072592
 10
200.5
 20
0.8767944103324226
 10
200.5
 20
1.1267626508574722
 10
200.5
 20
1.3767308913825218
 10
200.5
 20
1.6266991319076851
 10
200.5
 20
1.8766673724327347
 10
200.5
 20
2.1266356129577844
 10
200.5
 20
2.3766038534829477
 10
200.5
 20
2.6265720940079973
 10
200.5
 20
2.876540334533047
 10
200.5
 20
3.1265085750582102
 10
200.5
 20
3.37647681558326
 10
200.5
 20
3.626445056108423
 10
200.5
 20
3.876413296633473
 10
200.5
 20
4.126381537158522
 10
200.5
 20
4.376349777683686
 10
200.5
 20
4.626318018208735
 10
200.5
 20
4.876286258733785
 10
200.5
 20
5.126254499258948
 10
200.5
 20
5.376222739783998
 10
200.5
 20
5.6261909803090475
 10
200.5
 20
5.876159220834211
 10
200.5
 20
6.1261274613592605
 10
200.5
 20
6.37609570188431
 10
200.5
 20
6.626063942409473
 10
200.5
 20
6.876032182934523
 10
200.5
 20
7.126000423459573
 10
200.5
 20
7.375968663984736
 10
200.5
 20
7.625936904509786
 10
200.5
 20
7.875905145034835
 10
200.5
 20
8.125873385559998
 10
200.5
 20
8.375841626085048
 10
200.5
 20
8.625809866610211
 10
200.5
 20
8.875778107135261
 10
200.5
 20
9.12574634766031
 10
200.5
 20
9.375714588185474
 10
200.5
 20
9.625682828710524
 10
200.5
 20
9.875651069235573
 10
200.5
 20
10.125619309760737
 10
200.5
 20
10.375587550285786
 10
200.5
 20
10.625555790810836
 10
200.5
 20
10.875524031335999
 10
200.5
 20
11.125492271861049
 10
200.5
 20
11.375460512386098
 10
200.5
 20
11.625428752911262
 10
200.5
 20
11.875396993436311
 10
200.5
 20
12.125365233961361
 10
200.5
 20
12.375333474486524
 10
200.37469828498843
 20
12.5
 10
200.12473004446338
 20
12.5
 10
199.8747618039382
 20
12.5
 10
199.62479356341316
 20
12.5
 10
199.374825322888
 20
12.5
 10
199.12485708236295
 20
12.5
 10
198.8748888418379
 20
12.5
 10
198.62492060131274
 20
12.5
 10
198.3749523607877
 20
12.5
 10
198.12498412026264
 20
12.5
 10
197.87501587973748
 20
12.5
 10
197.6250476392123
 20
12.5
 10
197.37507939868726
 20
12.5
 10
197.1251111581622
 20
12.5
 10
196.87514291763705
 20
12.5
 10
196.625174677112
 20
12.5
 10
196.37520643658695
 20
12.5
 10
196.1252381960618
 20
12.5
 10
195.87526995553674
 20
12.5
 10
195.6253017150117
 20
12.5
 10
195.37533347448652
 20
12.5
 10
195.12536523396147
 20
12.5
 10
194.87539699343642
 20
12.5
 10
194.62542875291126
 20
12.5
 10
194.3754605123862
 20
12.5
 10
194.12549227186116
 20
12.5
 10
193.875524031336
 20
12.5
 10
193.62555579081095
 20
12.5
 10
193.3755875502859
 20
12.5
 10
193.12561930976074
 20
12.5
 10
192.8756510692357
 20
12.5
 10
192.62568282871052
 20
12.5
 10
192.37571458818547
 20
12.5
 10
192.12574634766042
 20
12.5
 10
191.87577810713526
 20
12.5
 10
191.6258098666102
 20
12.5
 10
191.37584162608516
 20
12.5
 10
191.12587338556
 20
12.5
 10
190.87590514503495
 20
12.5
 10
190.6259369045099
 20
12.5
 10
190.37596866398474
 20
12.5
 10
190.1260004234597
 20
12.5
 10
189.87603218293464
 20
12.5
 10
189.62606394240947
 20
12.5
 10
189.37609570188442
 20
12.5
 10
189.12612746135937
 20
12.5
 10
188.8761592208342
 20
12.5
 10
188.62619098030916
 20
12.5
 10
188.3762227397841
 20
12.5
 10
188.12625449925895
 20
12.5
 10
187.8762862587339
 20
12.5
 10
187.62631801820885
 20
12.5
 10
187.37634977768369
 20
12.5
 10
187.12638153715864
 20
12.5
 10
186.87641329663347
 20
12.5
 10
186.62644505610842
 20
12.5
 10
186.37647681558337
 20
12.5
 10
186.1265085750582
 20
12.5
 10
185.87654033453316
 20
12.5
 10
185.6265720940081
 20
12.5
 10
185.37660385348295
 20
12.5
 10
185.12663561295778
 20
12.5
 10
184.87666737243273
 20
12.5
 10
184.62669913190769
 20
12.5
 10
184.37673089138252
 20
12.5
 10
184.12676265085747
 20
12.5
 10
183.87679441033242
 20
12.5
 10
183.62682616980726
 20
12.5
 10
183.5
 20
12.37685792928221
 10
183.5
 20
12.12688968875716
 10
183.5
 20
11.876921448231997
 10
183.5
 20
11.626953207706947
 10
183.5
 20
11.376984967181897
 10
183.5
 20
11.127016726656734
 10
183.5
 20
10.877048486131685
 10
183.5
 20
10.627080245606635
 10
183.5
 20
10.377112005081472
 10
183.5
 20
10.127143764556422
 10
183.5
 20
9.877175524031372
 10
183.5
 20
9.627207283506209
 10
183.5
 20
9.37723904298116
 10
183.5
 20
9.127270802455996
 10
183.5
 20
8.877302561930946
 10
183.5
 20
8.627334321405897
 10
183.5
 20
8.377366080880734
 10
183.5
 20
8.127397840355684
 10
183.5
 20
7.877429599830634
 10
183.5
 20
7.627461359305471
 10
183.5
 20
7.377493118780421
 10
183.5
 20
7.127524878255372
 10
183.5
 20
6.877556637730208
 10
183.5
 20
6.627588397205159
 10
183.5
 20
6.377620156680109
 10
183.5
 20
6.127651916154946
 10
183.5
 20
5.877683675629896
 10
183.5
 20
5.627715435104847
 10
183.5
 20
5.377747194579683
 10
183.5
 20
5.127778954054634
 10
183.5
 20
4.877810713529584
 10
183.5
 20
4.627842473004421
 10
183.5
 20
4.377874232479371
 10
183.5
 20
4.127905991954208
 10
183.5
 20
3.877937751429158
 10
183.5
 20
3.6279695109041086
 10
183.5
 20
3.3780012703789453
 10
183.5
 20
3.1280330298538956
 10
183.5
 20
2.878064789328846
 10
183.5
 20
2.6280965488036827
 10
183.5
 20
2.378128308278633
 10
183.5
 20
2.1281600677535835
 10
183.5
 20
1.8781918272284202
 10
183.5
 20
1.6282235867033705
 10
183.5
 20
1.378255346178321
 10
183.5
 20
1.1282871056531576
 10
183.5
 20
0.878318865128108
 10
183.5
 20
0.6283506246030583
 10
183.5
 20
0.37838238407789504
 10
183.5
 20
0.12841414355284542
 10
183.37844590302774
 20
0.0
 10
183.12847766250258
 20
0.0
 10
182.87850942197753
 20
0.0
 10
182.62854118145236
 20
0.0
 10
182.3785729409273
 20
0.0
 10
182.12860470040226
 20
0.0
 10
181.8786364598771
 20
0.0
 10
181.62866821935205
 20
0.0
 10
181.378699978827
 20
0.0
 10
181.12873173830184
 20
0.0
 10
180.8787634977768
 20
0.0
 10
180.62879525725174
 20
0.0
 10
180.37882701672658
 20
0.0
 10
180.12885877620153
 20
0.0
 10
179.87889053567648
 20
0.0
 10
179.6289222951513
 20
0.0
 10
179.37895405462626
 20
0.0
 10
179.1289858141012
 20
0.0
 10
178.87901757357605
 20
0.0
 10
178.629049333051
 20
0.0
 10
178.37908109252595
 20
0.0
 10
178.1291128520008
 20
0.0
 10
177.87914461147574
 20
0.0
 10
177.62917637095057
 20
0.0
 10
177.37920813042552
 20
0.0
 10
177.12923988990048
 20
0.0
 10
176.8792716493753
 20
0.0
 10
176.62930340885026
 20
0.0
 10
176.3793351683252
 20
0.0
 10
176.12936692780005
 20
0.0
 10
175.879398687275
 20
0.0
 10
175.62943044674995
 20
0.0
 10
175.3794622062248
 20
0.0
 10
175.12949396569974
 20
0.0
 10
174.8795257251747
 20
0.0
 10
174.62955748464952
 20
0.0
 10
174.37958924412447
 20
0.0
 10
174.12962100359942
 20
0.0
 10
173.87965276307426
 20
0.0
 10
173.6296845225492
 20
0.0
 10
173.37971628202416
 20
0.0
 10
173.129748041499
 20
0.0
 10
172.87977980097395
 20
0.0
 10
172.6298115604489
 20
0.0
 10
172.37984331992374
 20
0.0
 10
172.1298750793987
 20
0.0
 10
171.87990683887352
 20
0.0
 10
171.62993859834847
 20
0.0
 10
171.3799703578233
 20
0.0
 10
171.13000211729826
 20
0.0
 10
170.8800338767731
 20
0.0
 10
170.63006563624805
 20
0.0
 10
170.380097395723
 20
0.0
 10
170.13012915519784
 20
0.0
 10
169.88016091467279
 20
0.0
 10
169.63019267414774
 20
0.0
 10
169.38022443362257
 20
0.0
 10
169.13025619309752
 20
0.0
 10
168.88028795257247
 20
0.0
 10
168.6303197120473
 20
0.0
 10
168.38035147152226
 20
0.0
 10
168.1303832309972
 20
0.0
 10
167.88041499047205
 20
0.0
 10
167.630446749947
 20
0.0
 10
167.38047850942195
 20
0.0
 10
167.13051026889678
 20
0.0
 10
166.88054202837174
 20
0.0
 10
166.63057378784669
 20
0.0
 10
166.38060554732152
 20
0.0
 10
166.13063730679647
 20
0.0
 10
165.88066906627142
 20
0.0
 10
165.63070082574626
 20
0.0
 10
165.3807325852212
 20
0.0
 10
165.13076434469605
 20
0.0
 10
164.880796104171
 20
0.0
 10
164.63082786364595
 20
0.0
 10
164.38085962312078
 20
0.0
 10
164.13089138259573
 20
0.0
 10
163.88092314207069
 20
0.0
 10
163.63095490154552
 20
0.0
 10
163.38098666102047
 20
0.0
 10
163.13101842049542
 20
0.0
 10
162.88105017997026
 20
0.0
 10
162.6310819394452
 20
0.0
 10
162.38111369892016
 20
0.0
 10
162.131145458395
 20
0.0
 10
161.88117721786995
 20
0.0
 10
161.6312089773449
 20
0.0
 10
161.38124073681973
 20
0.0
 10
161.13127249629468
 20
0.0
 10
160.88130425576963
 20
0.0
 10
160.63133601524447
 20
0.0
 10
160.38136777471942
 20
0.0
 10
160.13139953419426
 20
0.0
 10
159.8814312936692
 20
0.0
 10
159.63146305314416
 20
0.0
 10
159.381494812619
 20
0.0
 10
159.13152657209395
 20
0.0
 10
158.8815583315689
 20
0.0
 10
158.63159009104373
 20
0.0
 10
158.38162185051868
 20
0.0
 10
158.13165360999363
 20
0.0
 10
157.88168536946847
 20
0.0
 10
157.63171712894342
 20
0.0
 10
157.38174888841837
 20
0.0
 10
157.1317806478932
 20
0.0
 10
156.88181240736816
 20
0.0
 10
156.6318441668431
 20
0.0
 10
156.38187592631795
 20
0.0
 10
156.1319076857929
 20
0.0
 10
155.88193944526785
 20
0.0
 10
155.63197120474268
 20
0.0
 10
155.38200296421763
 20
0.0
 10
155.13203472369247
 20
0.0
 10
154.88206648316742
 20
0.0
 10
154.63209824264237
 20
0.0
 10
154.3821300021172
 20
0.0
 10
154.13216176159216
 20
0.0
 10
153.8821935210671
 20
0.0
 10
153.63222528054195
 20
0.0
 10
153.3822570400169
 20
0.0
 10
153.13228879949185
 20
0.0
 10
152.88232055896668
 20
0.0
 10
152.63235231844163
 20
0.0
 10
152.38238407791658
 20
0.0
 10
152.13241583739142
 20
0.0
 10
151.88244759686637
 20
0.0
 10
151.63247935634132
 20
0.0
 10
151.38251111581616
 20
0.0
 10
151.1325428752911
 20
0.0
 10
150.88257463476606
 20
0.0
 10
150.6326063942409
 20
0.0
 10
150.38263815371585
 20
0.0
 10
150.1326699131908
 20
0.0
 10
149.88270167266563
 20
0.0
 10
149.63273343214058
 20
0.0
 10
149.38276519161542
 20
0.0
 10
149.13279695109037
 20
0.0
 10
148.88282871056532
 20
0.0
 10
148.63286047004016
 20
0.0
 10
148.3828922295151
 20
0.0
 10
148.13292398899006
 20
0.0
 10
147.8829557484649
 20
0.0
 10
147.63298750793984
 20
0.0
 10
147.3830192674148
 20
0.0
 10
147.13305102688963
 20
0.0
 10
146.88308278636458
 20
0.0
 10
146.63311454583953
 20
0.0
 10
146.38314630531437
 20
0.0
 10
146.1331780647892
 20
0.0
 10
145.88320982426416
 20
0.0
 10
145.6332415837391
 20
0.0
 10
145.38327334321394
 20
0.0
 10
145.1333051026889
 20
0.0
 10
144.88333686216384
 20
0.0
 10
144.63336862163868
 20
0.0
 10
144.38340038111363
 20
0.0
 10
144.13343214058858
 20
0.0
 10
143.88346390006342
 20
0.0
 10
143.63349565953837
 20
0.0
 10
143.3835274190132
 20
0.0
 10
143.13355917848816
 20
0.0
 10
142.8835909379631
 20
0.0
 10
142.63362269743794
 20
0.0
 10
142.3836544569129
 20
0.0
 10
142.13368621638784
 20
0.0
 10
141.88371797586268
 20
0.0
 10
141.63374973533763
 20
0.0
 10
141.38378149481258
 20
0.0
 10
141.13381325428742
 20
0.0
 10
140.88384501376237
 20
0.0
 10
140.63387677323732
 20
0.0
 10
140.38390853271216
 20
0.0
 10
140.1339402921871
 20
0.0
 10
139.88397205166206
 20
0.0
 10
139.6340038111369
 20
0.0
 10
139.38403557061184
 20
0.0
 10
139.1340673300868
 20
0.0
 10
138.88409908956163
 20
0.0
 10
138.63413084903658
 20
0.0
 10
138.38416260851153
 20
0.0
 10
138.13419436798637
 20
0.0
 10
137.88422612746132
 20
0.0
 10
137.63425788693615
 20
0.0
 10
137.3842896464111
 20
0.0
 10
137.13432140588606
 20
0.0
 10
136.8843531653609
 20
0.0
 10
136.63438492483584
 20
0.0
 10
136.3844166843108
 20
0.0
 10
136.13444844378563
 20
0.0
 10
135.88448020326058
 20
0.0
 10
135.63451196273553
 20
0.0
 10
135.38454372221037
 20
0.0
 10
135.13457548168532
 20
0.0
 10
134.88460724116027
 20
0.0
 10
134.6346390006351
 20
0.0
 10
134.38467076011005
 20
0.0
 10
134.134702519585
 20
0.0
 10
133.88473427905984
 20
0.0
 10
133.6347660385348
 20
0.0
 10
133.38479779800974
 20
0.0
 10
133.13482955748458
 20
0.0
 10
132.88486131695953
 20
0.0
 10
132.63489307643437
 20
0.0
 10
132.38492483590932
 20
0.0
 10
132.13495659538427
 20
0.0
 10
131.88498835485916
 20
0.0
 10
131.63502011433405
 20
0.0
 10
131.38505187380895
 20
0.0
 10
131.1350836332839
 20
0.0
 10
130.8851153927588
 20
0.0
 10
130.63514715223369
 20
0.0
 10
130.38517891170864
 20
0.0
 10
130.13521067118353
 20
0.0
 10
129.88524243065842
 20
0.0
 10
129.63527419013337
 20
0.0
 10
129.38530594960827
 20
0.0
 10
129.13533770908316
 20
0.0
 10
128.88536946855805
 20
0.0
 10
128.635401228033
 20
0.0
 10
128.3854329875079
 20
0.0
 10
128.1354647469828
 20
0.0
 10
127.88549650645774
 20
0.0
 10
127.63552826593263
 20
0.0
 10
127.38556002540753
 20
0.0
 10
127.13559178488248
 20
0.0
 10
126.88562354435737
 20
0.0
 10
126.63565530383225
 20
0.0
 10
126.38568706330717
 20
0.0
 10
126.13571882278212
 20
0.0
 10
125.885750582257
 20
0.0
 10
125.6357823417319
 20
0.0
 10
125.38581410120685
 20
0.0
 10
125.13584586068174
 20
0.0
 10
124.88587762015663
 20
0.0
 10
124.63590937963158
 20
0.0
 10
124.38594113910648
 20
0.0
 10
124.13597289858137
 20
0.0
 10
123.88600465805632
 20
0.0
 10
123.6360364175312
 20
0.0
 10
123.38606817700612
 20
0.0
 10
123.136099936481
 20
0.0
 10
122.88613169595595
 20
0.0
 10
122.63616345543085
 20
0.0
 10
122.38619521490574
 20
0.0
 10
122.13622697438069
 20
0.0
 10
121.88625873385558
 20
0.0
 10
121.63629049333048
 20
0.0
 10
121.38632225280543
 20
0.0
 10
121.13635401228032
 20
0.0
 10
120.8863857717552
 20
0.0
 10
120.63641753123005
 20
0.0
 10
120.386449290705
 20
0.0
 10
120.1364810501799
 20
0.0
 10
119.88651280965479
 20
0.0
 10
119.63654456912968
 20
0.0
 10
119.38657632860463
 20
0.0
 10
119.13660808807953
 20
0.0
 10
118.8866398475544
 20
0.0
 10
118.63667160702936
 20
0.0
 10
118.38670336650428
 20
0.0
 10
118.13673512597916
 20
0.0
 10
117.88676688545412
 20
0.0
 10
117.636798644929
 20
0.0
 10
117.3868304044039
 20
0.0
 10
117.13686216387885
 20
0.0
 10
116.88689392335374
 20
0.0
 10
116.63692568282863
 20
0.0
 10
116.38695744230353
 20
0.0
 10
116.13698920177848
 20
0.0
 10
115.88702096125336
 20
0.0
 10
115.63705272072828
 20
0.0
 10
115.3870844802032
 20
0.0
 10
115.13711623967812
 20
0.0
 10
114.887147999153
 20
0.0
 10
114.63717975862795
 20
0.0
 10
114.38721151810284
 20
0.0
 10
114.13724327757774
 20
0.0
 10
113.88727503705263
 20
0.0
 10
113.63730679652758
 20
0.0
 10
113.38733855600248
 20
0.0
 10
113.13737031547736
 20
0.0
 10
112.88740207495232
 20
0.0
 10
112.6374338344272
 20
0.0
 10
112.38746559390212
 20
0.0
 10
112.13749735337707
 20
0.0
 10
111.88752911285195
 20
0.0
 10
111.63756087232684
 20
0.0
 10
111.38759263180174
 20
0.0
 10
111.13762439127669
 20
0.0
 10
110.88765615075158
 20
0.0
 10
110.63768791022648
 20
0.0
 10
110.38771966970143
 20
0.0
 10
110.1377514291763
 20
0.0
 10
109.88778318865123
 20
0.0
 10
109.63781494812615
 20
0.0
 10
109.38784670760107
 20
0.0
 10
109.13787846707595
 20
0.0
 10
108.88791022655084
 20
0.0
 10
108.6379419860258
 20
0.0
 10
108.38797374550069
 20
0.0
 10
108.13800550497558
 20
0.0
 10
107.88803726445053
 20
0.0
 10
107.63806902392542
 20
0.0
 10
107.3881007834003
 20
0.0
 10
107.13813254287527
 20
0.0
 10
106.88816430235015
 20
0.0
 10
106.63819606182507
 20
0.0
 10
106.38822782129995
 20
0.0
 10
106.1382595807749
 20
0.0
 10
105.8882913402498
 20
0.0
 10
105.63832309972469
 20
0.0
 10
105.38835485919964
 20
0.0
 10
105.13838661867453
 20
0.0
 10
104.88841837814942
 20
0.0
 10
104.63845013762437
 20
0.0
 10
104.38848189709927
 20
0.0
 10
104.13851365657415
 20
0.0
 10
103.88854541604907
 20
0.0
 10
103.63857717552402
 20
0.0
 10
103.3886089349989
 20
0.0
 10
103.13864069447379
 20
0.0
 10
102.88867245394874
 20
0.0
 10
102.63870421342364
 20
0.0
 10
102.38873597289853
 20
0.0
 10
102.13876773237348
 20
0.0
 10
101.88879949184837
 20
0.0
 10
101.63883125132325
 20
0.0
 10
101.38886301079818
 20
0.0
 10
101.1388947702731
 20
0.0
 10
100.88892652974802
 20
0.0
 10
100.6389582892229
 20
0.0
 10
100.38899004869785
 20
0.0
 10
100.13902180817274
 20
0.0
 10
99.88905356764764
 20
0.0
 10
99.63908532712259
 20
0.0
 10
99.38911708659748
 20
0.0
 10
99.13914884607237
 20
0.0
 10
98.88918060554732
 20
0.0
 10
98.63921236502222
 20
0.0
 10
98.3892441244971
 20
0.0
 10
98.13927588397202
 20
0.0
 10
97.88930764344697
 20
0.0
 10
97.63933940292185
 20
0.0
 10
97.38937116239674
 20
0.0
 10
97.13940292187169
 20
0.0
 10
96.88943468134659
 20
0.0
 10
96.63946644082148
 20
0.0
 10
96.38949820029643
 20
0.0
 10
96.13952995977132
 20
0.0
 10
95.88956171924622
 20
0.0
 10
95.6395934787211
 20
0.0
 10
95.38962523819605
 20
0.0
 10
95.13965699767097
 20
0.0
 10
94.88968875714579
 20
0.0
 10
94.63972051662068
 20
0.0
 10
94.38975227609563
 20
0.0
 10
94.13978403557053
 20
0.0
 10
93.88981579504542
 20
0.0
 10
93.63984755452037
 20
0.0
 10
93.38987931399525
 20
0.0
 10
93.13991107347017
 20
0.0
 10
92.88994283294512
 20
0.0
 10
92.63997459242
 20
0.0
 10
92.3900063518949
 20
0.0
 10
92.14003811136985
 20
0.0
 10
91.89006987084474
 20
0.0
 10
91.64010163031963
 20
0.0
 10
91.39013338979453
 20
0.0
 10
91.14016514926948
 20
0.0
 10
90.89019690874437
 20
0.0
 10
90.64022866821927
 20
0.0
 10
90.39026042769422
 20
0.0
 10
90.14029218716911
 20
0.0
 10
89.890323946644
 20
0.0
 10
89.64035570611895
 20
0.0
 10
89.39038746559385
 20
0.0
 10
89.14041922506874
 20
0.0
 10
88.89045098454363
 20
0.0
 10
88.64048274401858
 20
0.0
 10
88.39051450349348
 20
0.0
 10
88.14054626296837
 20
0.0
 10
87.89057802244332
 20
0.0
 10
87.64060978191822
 20
0.0
 10
87.39064154139311
 20
0.0
 10
87.14067330086806
 20
0.0
 10
86.89070506034295
 20
0.0
 10
86.64073681981785
 20
0.0
 10
86.39076857929274
 20
0.0
 10
86.14080033876769
 20
0.0
 10
85.89083209824258
 20
0.0
 10
85.64086385771748
 20
0.0
 10
85.39089561719243
 20
0.0
 10
85.14092737666732
 20
0.0
 10
84.89095913614221
 20
0.0
 10
84.64099089561716
 20
0.0
 10
84.39102265509206
 20
0.0
 10
84.14105441456695
 20
0.0
 10
83.89108617404185
 20
0.0
 10
83.6411179335168
 20
0.0
 10
83.39114969299169
 20
0.0
 10
83.14118145246658
 20
0.0
 10
82.89121321194153
 20
0.0
 10
82.64124497141643
 20
0.0
 10
82.39127673089132
 20
0.0
 10
82.14130849036627
 20
0.0
 10
81.89134024984116
 20
0.0
 10
81.64137200931606
 20
0.0
 10
81.39140376879095
 20
0.0
 10
81.1414355282659
 20
0.0
 10
80.8914672877408
 20
0.0
 10
80.64149904721569
 20
0.0
 10
80.39153080669064
 20
0.0
 10
80.14156256616553
 20
0.0
 10
79.89159432564043
 20
0.0
 10
79.64162608511538
 20
0.0
 10
79.39165784459027
 20
0.0
 10
79.14168960406516
 20
0.0
 10
78.89172136354006
 20
0.0
 10
78.64175312301501
 20
0.0
 10
78.3917848824899
 20
0.0
 10
78.1418166419648
 20
0.0
 10
77.89184840143974
 20
0.0
 10
77.64188016091464
 20
0.0
 10
77.39191192038953
 20
0.0
 10
77.14194367986448
 20
0.0
 10
76.89197543933938
 20
0.0
 10
76.64200719881427
 20
0.0
 10
76.39203895828916
 20
0.0
 10
76.14207071776411
 20
0.0
 10
75.892102477239
 20
0.0
 10
75.6421342367139
 20
0.0
 10
75.39216599618885
 20
0.0
 10
75.14219775566374
 20
0.0
 10
74.89222951513864
 20
0.0
 10
74.64226127461359
 20
0.0
 10
74.39229303408848
 20
0.0
 10
74.14232479356338
 20
0.0
 10
73.89235655303833
 20
0.0
 10
73.64238831251322
 20
0.0
 10
73.39242007198811
 20
0.0
 10
73.142451831463
 20
0.0
 10
72.89248359093796
 20
0.0
 10
72.64251535041285
 20
0.0
 10
72.39254710988774
 20
0.0
 10
72.1425788693627
 20
0.0
 10
71.89261062883759
 20
0.0
 10
71.64264238831248
 20
0.0
 10
71.39267414778743
 20
0.0
 10
71.14270590726233
 20
0.0
 10
70.89273766673722
 20
0.0
 10
70.64276942621211
 20
0.0
 10
70.39280118568706
 20
0.0
 10
70.14283294516196
 20
0.0
 10
69.89286470463685
 20
0.0
 10
69.6428964641118
 20
0.0
 10
69.3929282235867
 20
0.0
 10
69.14295998306153
 20
0.0
 10
68.89299174253642
 20
0.0
 10
68.64302350201137
 20
0.0
 10
68.39305526148627
 20
0.0
 10
68.14308702096116
 20
0.0
 10
67.89311878043611
 20
0.0
 10
67.643150539911
 20
0.0
 10
67.3931822993859
 20
0.0
 10
67.14321405886079
 20
0.0
 10
66.89324581833574
 20
0.0
 10
66.64327757781064
 20
0.0
 10
66.39330933728553
 20
0.0
 10
66.14334109676048
 20
0.0
 10
65.89337285623537
 20
0.0
 10
65.64340461571027
 20
0.0
 10
65.39343637518522
 20
0.0
 10
65.14346813466011
 20
0.0
 10
64.893499894135
 20
0.0
 10
64.64353165360995
 20
0.0
 10
64.39356341308485
 20
0.0
 10
64.14359517255974
 20
0.0
 10
63.893626932034636
 20
0.0
 10
63.643658691509586
 20
0.0
 10
63.39369045098448
 20
0.0
 10
63.14372221045937
 20
0.0
 10
62.89375396993432
 20
0.0
 10
62.64378572940922
 20
0.0
 10
62.39381748888411
 20
0.0
 10
62.14384924835906
 20
0.0
 10
61.893881007833954
 20
0.0
 10
61.64391276730885
 20
0.0
 10
61.39394452678374
 20
0.0
 10
61.14397628625869
 20
0.0
 10
60.894008045733585
 20
0.0
 10
60.64403980520848
 20
0.0
 10
60.39407156468343
 20
0.0
 10
60.14410332415832
 20
0.0
 10
59.894135083633216
 20
0.0
 10
59.64416684310817
 20
0.0
 10
59.39419860258306
 20
0.0
 10
59.144230362057954
 20
0.0
 10
58.89426212153285
 20
0.0
 10
58.6442938810078
 20
0.0
 10
58.39432564048269
 20
0.0
 10
58.144357399957585
 20
0.0
 10
57.894389159432535
 20
0.0
 10
57.64442091890743
 20
0.0
 10
57.39445267838232
 20
0.0
 10
57.14448443785727
 20
0.0
 10
56.894516197332166
 20
0.0
 10
56.64454795680706
 20
0.0
 10
56.39457971628195
 20
0.0
 10
56.1446114757569
 20
0.0
 10
55.8946432352318
 20
0.0
 10
55.64467499470669
 20
0.0
 10
55.39470675418164
 20
0.0
 10
55.144738513656534
 20
0.0
 10
54.89477027313143
 20
0.0
 10
54.64480203260638
 20
0.0
 10
54.39483379208127
 20
0.0
 10
54.144865551556165
 20
0.0
 10
53.89489731103106
 20
0.0
 10
53.64492907050601
 20
0.0
 10
53.3949608299809
 20
0.0
 10
53.144992589455796
 20
0.0
 10
52.89502434893075
 20
0.0
 10
52.64505610840564
 20
0.0
 10
52.395087867880534
 20
0.0
 10
52.145119627355484
 20
0.0
 10
51.89515138683038
 20
0.0
 10
51.64518314630527
 20
0.0
 10
51.395214905780165
 20
0.0
 10
51.145246665255115
 20
0.0
 10
50.89527842473001
 20
0.0
 10
50.6453101842049
 20
0.0
 10
50.39534194367985
 20
0.0
 10
50.145373703154746
 20
0.0
 10
49.89540546262964
 20
0.0
 10
49.64543722210459
 20
0.0
 10
49.395468981579484
 20
0.0
 10
49.14550074105438
 20
0.0
 10
48.89553250052933
 20
0.0
 10
48.64556426000422
 20
0.0
 10
48.395596019479115
 20
0.0
 10
48.14562777895401
 20
0.0
 10
47.89565953842896
 20
0.0
 10
47.64569129790385
 20
0.0
 10
47.395723057378746
 20
0.0
 10
47.145754816853696
 20
0.0
 10
46.89578657632859
 20
0.0
 10
46.64581833580348
 20
0.0
 10
46.39585009527843
 20
0.0
 10
46.14588185475333
 20
0.0
 10
45.89591361422822
 20
0.0
 10
45.645945373703114
 20
0.0
 10
45.395977133178064
 20
0.0
 10
45.14600889265296
 20
0.0
 10
44.89604065212785
 20
0.0
 10
44.6460724116028
 20
0.0
 10
44.396104171077695
 20
0.0
 10
44.14613593055259
 20
0.0
 10
43.89616769002754
 20
0.0
 10
43.646199449502376
 20
0.0
 10
43.39623120897727
 20
0.0
 10
43.14626296845216
 20
0.0
 10
42.89629472792711
 20
0.0
 10
42.64632648740201
 20
0.0
 10
42.3963582468769
 20
0.0
 10
42.146390006351794
 20
0.0
 10
41.896421765826744
 20
0.0
 10
41.64645352530164
 20
0.0
 10
41.39648528477653
 20
0.0
 10
41.14651704425148
 20
0.0
 10
40.896548803726375
 20
0.0
 10
40.64658056320127
 20
0.0
 10
40.39661232267622
 20
0.0
 10
40.14664408215111
 20
0.0
 10
39.896675841626006
 20
0.0
 10
39.64670760110096
 20
0.0
 10
39.39673936057585
 20
0.0
 10
39.146771120050744
 20
0.0
 10
38.89680287952564
 20
0.0
 10
38.64683463900059
 20
0.0
 10
38.39686639847548
 20
0.0
 10
38.146898157950375
 20
0.0
 10
37.896929917425325
 20
0.0
 10
37.64696167690022
 20
0.0
 10
37.39699343637511
 20
0.0
 10
37.14702519585006
 20
0.0
 10
36.897056955324956
 20
0.0
 10
36.64708871479985
 20
0.0
 10
36.39712047427474
 20
0.0
 10
36.14715223374969
 20
0.0
 10
35.89718399322459
 20
0.0
 10
35.64721575269948
 20
0.0
 10
35.39724751217443
 20
0.0
 10
35.147279271649325
 20
0.0
 10
34.89731103112422
 20
0.0
 10
34.64734279059917
 20
0.0
 10
34.39737455007406
 20
0.0
 10
34.147406309548956
 20
0.0
 10
33.89743806902385
 20
0.0
 10
33.6474698284988
 20
0.0
 10
33.39750158797369
 20
0.0
 10
33.14753334744859
 20
0.0
 10
32.89756510692354
 20
0.0
 10
32.64759686639843
 20
0.0
 10
32.397628625873324
 20
0.0
 10
32.147660385348274
 20
0.0
 10
31.897692144823168
 20
0.0
 10
31.64772390429806
 20
0.0
 10
31.397755663772955
 20
0.0
 10
31.147787423247905
 20
0.0
 10
30.8978191827228
 20
0.0
 10
30.647850942197692
 20
0.0
 10
30.397882701672643
 20
0.0
 10
30.147914461147536
 20
0.0
 10
29.89794622062243
 20
0.0
 10
29.64797798009738
 20
0.0
 10
29.398009739572274
 20
0.0
 10
29.148041499047167
 20
0.0
 10
28.89807325852206
 20
0.0
 10
28.64810501799701
 20
0.0
 10
28.398136777471905
 20
0.0
 10
28.148168536946798
 20
0.0
 10
27.89820029642175
 20
0.0
 10
27.648232055896642
 20
0.0
 10
27.398263815371536
 20
0.0
 10
27.148295574846486
 20
0.0
 10
26.89832733432138
 20
0.0
 10
26.648359093796273
 20
0.0
 10
26.398390853271167
 20
0.0
 10
26.148422612746117
 20
0.0
 10
25.89845437222101
 20
0.0
 10
25.648486131695904
 20
0.0
 10
25.398517891170854
 20
0.0
 10
25.148549650645748
 20
0.0
 10
24.89858141012064
 20
0.0
 10
24.648613169595592
 20
0.0
 10
24.398644929070485
 20
0.0
 10
24.14867668854538
 20
0.0
 10
23.89870844802033
 20
0.0
 10
23.648740207495223
 20
0.0
 10
23.398771966970116
 20
0.0
 10
23.14880372644501
 20
0.0
 10
22.89883548591996
 20
0.0
 10
22.648867245394854
 20
0.0
 10
22.398899004869747
 20
0.0
 10
22.148930764344698
 20
0.0
 10
21.89896252381959
 20
0.0
 10
21.648994283294485
 20
0.0
 10
21.399026042769435
 20
0.0
 10
21.14905780224433
 20
0.0
 10
20.899089561719222
 20
0.0
 10
20.649121321194116
 20
0.0
 10
20.399153080669066
 20
0.0
 10
20.14918484014396
 20
0.0
 10
19.899216599618853
 20
0.0
 10
19.649248359093804
 20
0.0
 10
19.399280118568697
 20
0.0
 10
19.14931187804359
 20
0.0
 10
18.89934363751854
 20
0.0
 10
18.649375396993435
 20
0.0
 10
18.399407156468328
 20
0.0
 10
18.14943891594322
 20
0.0
 10
17.899470675418115
 20
0.0
 10
17.64950243489301
 20
0.0
 10
17.399534194367902
 20
0.0
 10
17.149565953842796
 20
0.0
 10
16.899597713317746
 20
0.0
 10
16.64962947279264
 20
0.0
 10
16.399661232267533
 20
0.0
 10
16.149692991742484
 20
0.0
 10
15.899724751217377
 20
0.0
 10
15.64975651069227
 20
0.0
 10
15.399788270167221
 20
0.0
 10
15.149820029642115
 20
0.0
 10
14.899851789117008
 20
0.0
 10
14.649883548591959
 20
0.0
 10
14.399915308066852
 20
0.0
 10
14.149947067541746
 20
0.0
 10
13.89997882701664
 20
0.0
 10
13.65001058649159
 20
0.0
 10
13.400042345966483
 20
0.0
 10
13.150074105441377
 20
0.0
 10
12.900105864916327
 20
0.0
 10
12.65013762439122
 20
0.0
 10
12.400169383866114
 20
0.0
 10
12.150201143341064
 20
0.0
 10
11.900232902815958
 20
0.0
 10
11.650264662290851
 20
0.0
 10
11.400296421765745
 20
0.0
 10
11.150328181240695
 20
0.0
 10
10.900359940715589
 20
0.0
 10
10.650391700190482
 20
0.0
 10
10.400423459665433
 20
0.0
 10
10.150455219140326
 20
0.0
 10
9.90048697861522
 20
0.0
 10
9.65051873809017
 20
0.0
 10
9.400550497565064
 20
0.0
 10
9.150582257039957
 20
0.0
 10
8.90061401651485
 20
0.0
 10
8.650645775989801
 20
0.0
 10
8.400677535464695
 20
0.0
 10
8.150709294939588
 20
0.0
 10
7.900741054414539
 20
0.0
 10
7.650772813889432
 20
0.0
 10
7.400804573364326
 20
0.0
 10
7.150836332839276
 20
0.0
 10
6.90086809231417
 20
0.0
 10
6.650899851789063
 20
0.0
 10
6.400931611263957
 20
0.0
 10
6.150963370738907
 20
0.0
 10
5.900995130213801
 20
0.0
 10
5.651026889688694
 20
0.0
 10
5.4010586491636445
 20
0.0
 10
5.151090408638538
 20
0.0
 10
4.901122168113432
 20
0.0
 10
4.651153927588382
 20
0.0
 10
4.4011856870632755
 20
0.0
 10
4.151217446538169
 20
0.0
 10
3.9012492060130626
 20
0.0
 10
3.651280965488013
 20
0.0
 10
3.4013127249629065
 20
0.0
 10
3.1513444844378
 20
0.0
 10
2.9013762439127504
 20
0.0
 10
2.651408003387644
 20
0.0
 10
2.4014397628625375
 20
0.0
 10
2.151471522337488
 20
0.0
 10
1.9015032818123814
 20
0.0
 10
1.651535041287275
 20
0.0
 10
1.4015668007621684
 20
0.0
 10
1.1515985602371188
 20
0.0
 10
0.9016303197120124
 20
0.0
 10
0.6516620791869059
 20
0.0
 10
0.40169383866185626
 20
0.0
 10
0.1517255981367498
 20
0.0
 10
0.0
 20
0.09824264238835667
 10
0.0
 20
0.3482108829134063
 10
0.0
 20
0.5981791234385128
 10
0.0
 20
0.848147363963605
 10
0.0
 20
1.0981156044886546
 10
0.0
 20
1.3480838450137753
 10
0.0
 20
1.5980520855388818
 10
0.0
 20
1.8480203260640025
 10
0.0
 20
2.097988566589052
 10
0.0
 20
2.3479568071141443
 10
0.0
 20
2.597925047639251
 10
0.0
 20
2.8478932881643004
 10
0.0
 20
3.097861528689407
 10
0.0
 20
3.347829769214499
 10
0.0
 20
3.597798009739577
 10
0.0
 20
3.8477662502646695
 10
0.0
 20
4.097734490789776
 10
0.0
 20
4.347702731314897
 10
0.0
 20
4.597670971839946
 10
0.0
 20
4.8476392123650385
 10
0.0
 20
5.097607452890145
 10
0.0
 20
5.347575693415195
 10
0.0
 20
5.597543933940301
 10
0.0
 20
5.847512174465393
 10
0.0
 20
6.097480414990471
 10
0.0
 20
6.347448655515564
 10
0.0
 20
6.59741689604067
 10
0.0
 20
6.847385136565791
 10
0.0
 20
7.097353377090826
 10
0.0
 20
7.347321617615918
 10
0.0
 20
7.597289858141039
 10
0.0
 20
7.847258098666202
 10
0.0
 20
8.097226339191238
 10
0.0
 20
8.347194579716358
 10
0.0
 20
8.597162820241465
 10
0.0
 20
8.847131060766515
 10
0.0
 20
9.097099301291635
 10
0.0
 20
9.347067541816727
 10
0.0
 20
9.597035782341777
 10
0.0
 20
9.847004022866884
 10
0.0
 20
10.09697226339199
 10
0.0
 20
10.34694050391704
 10
0.0
 20
10.596908744442132
 10
0.0
 20
10.846876984967253
 10
0.0
 20
11.096845225492359
 10
0.0
 20
11.346813466017409
 10
0.0
 20
11.59678170654253
 10
0.0
 20
11.846749947067622
 10
0.0
 20
12.096718187592671
 10
0.0
 20
12.346686428117778
 10
0.0
 20
12.596654668642884
 10
0.0
 20
12.846622909167934
 10
0.0
 20
13.096591149693026
 10
0.0
 20
13.346559390218147
 10
0.0
 20
13.596527630743253
 10
0.0
 20
13.846495871268303
 10
0.0
 20
14.096464111793424
 10
0.0
 20
14.346432352318516
 10
0.0
 20
14.596400592843565
 10
0.0
 20
14.846368833368672
 10
0.0
 20
15.096337073893778
 10
0.0
 20
15.346305314418828
 10
0.0
 20
15.59627355494392
 10
0.0
 20
15.84624179546904
 10
0.0
 20
16.096210035994147
 10
0.0
 20
16.346178276519197
 10
0.0
 20
16.596146517044303
 10
0.0
 20
16.84611475756941
 10
0.0
 20
17.09608299809446
 10
0.0
 20
17.346051238619566
 10
0.0
 20
17.596019479144672
 10
0.0
 20
17.845987719669722
 10
0.0
 20
18.095955960194814
 10
0.0
 20
18.345924200719935
 10
0.0
 20
18.59589244124504
 10
0.0
 20
18.84586068177009
 10
0.0
 20
19.095828922295198
 10
0.0
 20
19.345797162820304
 10
0.0
 20
19.595765403345354
 10
0.0
 20
19.84573364387046
 10
0.0
 20
20.095701884395567
 10
0.0
 20
20.345670124920616
 10
0.0
 20
20.595638365445737
 10
0.0
 20
20.84560660597083
 10
0.0
 20
21.095574846495936
 10
0.0
 20
21.345543087020985
 10
0.0
 20
21.59551132754609
 10
0.0
 20
21.845479568071198
 10
0.0
 20
22.095447808596248
 10
0.0
 20
22.345416049121354
 10
0.0
 20
22.59538428964646
 10
0.0
 20
22.84535253017151
 10
0.0
 20
23.09532077069663
 10
0.0
 20
23.345289011221723
 10
0.0
 20
23.59525725174683
 10
0.0
 20
23.84522549227188
 10
0.0
 20
24.095193732796986
 10
0.0
 20
24.345161973322092
 10
0.0
 20
24.595130213847128
 10
0.0
 20
24.84509845437225
 10
0.0
 20
25.095066694897355
 10
0.0
 20
25.345034935422404
 10
0.0
 20
25.595003175947525
 10
0.0
 20
25.844971416472617
 10
0.0
 20
26.094939656997667
 10
0.0
 20
26.344907897522774
 10
0.0
 20
26.59487613804788
 10
0.0
 20
26.844844378572986
 10
0.0
 20
27.094812619098022
 10
0.0
 20
27.344780859623143
 10
0.0
 20
27.59474910014825
 10
0.0
 20
27.8447173406733
 10
0.0
 20
28.09468558119842
 10
0.0
 20
28.34465382172351
 10
0.0
 20
28.59462206224856
 10
0.0
 20
28.844590302773668
 10
0.0
 20
29.094558543298774
 10
0.0
 20
29.34452678382388
 10
0.0
 20
29.594495024348916
 10
0.0
 20
29.844463264874037
 10
0.0
 20
30.094431505399143
 10
0.0
 20
30.344399745924193
 10
0.0
 20
30.594367986449313
 10
0.0
 20
30.844336226974406
 10
0.0
 20
31.094304467499455
 10
0.0
 20
31.344272708024562
 10
0.0
 20
31.59424094854967
 10
0.0
 20
31.844209189074775
 10
0.0
 20
32.094177429599824
 10
0.0
 20
32.34414567012493
 10
0.0
 20
32.59411391065004
 10
0.0
 20
32.84408215117509
 10
0.0
 20
33.09405039170019
 10
0.0
 20
33.34401863222536
 10
0.0
 20
33.59398687275046
 10
0.0
 20
33.84395511327551
 10
0.0
 20
34.09392335380062
 10
0.0
 20
34.343891594325726
 10
0.0
 20
34.593859834850775
 10
0.0
 20
34.84382807537589
 10
0.0
 20
35.09379631590098
 10
0.0
 20
35.343764556426045
 10
0.0
 20
35.59373279695114
 10
0.0
 20
35.84370103747625
 10
0.0
 20
36.093669278001364
 10
0.0
 20
36.343637518526414
 10
0.0
 20
36.593605759051506
 10
0.0
 20
36.84357399957662
 10
0.0
 20
37.09354224010167
 10
0.0
 20
37.34351048062678
 10
0.0
 20
37.5934787211519
 10
0.0
 20
37.84344696167694
 10
0.0
 20
38.09341520220203
 10
0.0
 20
38.343383442727145
 10
0.0
 20
38.59335168325226
 10
0.0
 20
38.84331992377731
 10
0.0
 20
39.0932881643024
 10
0.0
 20
39.343256404827514
 10
0.0
 20
39.593224645352564
 10
0.0
 20
39.84319288587768
 10
0.0
 20
40.093161126402784
 10
0.0
 20
40.34312936692783
 10
0.0
 20
40.593097607452926
 10
0.0
 20
40.84306584797804
 10
0.0
 20
41.09303408850315
 10
0.0
 20
41.3430023290282
 10
0.0
 20
41.592970569553295
 10
0.0
 20
41.84293881007841
 10
0.0
 20
42.09290705060345
 10
0.0
 20
42.342875291128564
 10
0.0
 20
42.59284353165368
 10
0.0
 20
42.84281177217873
 10
0.0
 20
43.09278001270382
 10
0.0
 20
43.34274825322893
 10
0.0
 20
43.59271649375405
 10
0.0
 20
43.842684734279096
 10
0.0
 20
44.09265297480419
 10
0.0
 20
44.3426212153293
 10
0.0
 20
44.592589455854345
 10
0.0
 20
44.84255769637946
 10
0.0
 20
45.09252593690457
 10
0.0
 20
45.34249417742962
 10
0.0
 20
45.592462417954714
 10
0.0
 20
45.84243065847983
 10
0.0
 20
46.09239889900494
 10
0.0
 20
46.34236713952999
 10
0.0
 20
46.59233538005508
 10
0.0
 20
46.842303620580196
 10
0.0
 20
47.09227186110524
 10
0.0
 20
47.34224010163035
 10
0.0
 20
47.592208342155466
 10
0.0
 20
47.842176582680516
 10
0.0
 20
48.09214482320561
 10
0.0
 20
48.34211306373072
 10
0.0
 20
48.592081304255835
 10
0.0
 20
48.842049544780885
 10
0.0
 20
49.09201778530598
 10
0.0
 20
49.34198602583109
 10
0.0
 20
49.59195426635613
 10
0.0
 20
49.84192250688125
 10
0.0
 20
50.09189074740636
 10
0.0
 20
50.34185898793141
 10
0.0
 20
50.5918272284565
 10
0.0
 20
50.841795468981616
 10
0.0
 20
51.091763709506665
 10
0.0
 20
51.34173195003178
 10
0.0
 20
51.591700190556864
 10
0.0
 20
51.84166843108198
 10
0.0
 20
52.09163667160703
 10
0.0
 20
52.34160491213214
 10
0.0
 20
52.591573152657254
 10
0.0
 20
52.841541393182304
 10
0.0
 20
53.091509633707396
 10
0.0
 20
53.34147787423251
 10
0.0
 20
53.59144611475756
 10
0.0
 20
53.84141435528267
 10
0.0
 20
54.09138259580778
 10
0.0
 20
54.34135083633287
 10
0.0
 20
54.59131907685792
 10
0.0
 20
54.841287317383035
 10
0.0
 20
55.09125555790815
 10
0.0
 20
55.3412237984332
 10
0.0
 20
55.59119203895829
 10
0.0
 20
55.841160279483404
 10
0.0
 20
56.091128520008446
 10
0.0
 20
56.34109676053356
 10
0.0
 20
56.59106500105867
 10
0.0
 20
56.841033241583766
 10
0.0
 20
57.091001482108815
 10
0.0
 20
57.34096972263393
 10
0.0
 20
57.59093796315904
 10
0.0
 20
57.84090620368409
 10
0.0
 20
58.090874444209184
 10
0.0
 20
58.3408426847343
 10
0.0
 20
58.59081092525934
 10
0.0
 20
58.840779165784454
 10
0.0
 20
59.09074740630962
 10
0.0
 20
59.340715646834724
 10
0.0
 20
59.59068388735977
 10
0.0
 20
59.84065212788489
 10
0.0
 20
60.09062036840998
 10
0.0
 20
60.34058860893503
 10
0.0
 20
60.59055684946014
 10
0.0
 20
60.840525089985256
 10
0.0
 20
61.09049333051035
 10
0.0
 20
61.34046157103539
 10
0.0
 20
61.590429811560504
 10
0.0
 20
61.84039805208562
 10
0.0
 20
62.09036629261067
 10
0.0
 20
62.34033453313578
 10
0.0
 20
62.59030277366087
 10
0.0
 20
62.84027101418592
 10
0.0
 20
63.09023925471104
 10
0.0
 20
63.34020749523615
 10
0.0
 20
63.59017573576124
 10
0.0
 20
63.840143976286306
 10
0.0
 20
64.0901122168114
 10
0.0
 20
64.34008045733651
 10
0.0
 20
64.59004869786156
 10
0.0
 20
64.84001693838668
 10
0.0
 20
65.08998517891176
 10
0.0
 20
65.33995341943681
 10
0.0
 20
65.58992165996193
 10
0.0
 20
65.83988990048704
 10
0.0
 20
66.08985814101213
 10
0.0
 20
66.33982638153721
 10
0.0
 20
66.5897946220623
 10
0.0
 20
66.8397628625874
 10
0.0
 20
67.08973110311246
 10
0.0
 20
67.33969934363758
 10
0.0
 20
67.58966758416265
 10
0.0
 20
67.8396358246877
 10
0.0
 20
68.08960406521282
 10
0.0
 20
68.33957230573793
 10
0.0
 20
68.58954054626302
 10
0.0
 20
68.8395087867881
 10
0.0
 20
69.0894770273132
 10
0.0
 20
69.3394452678383
 10
0.0
 20
69.58941350836335
 10
0.0
 20
69.83938174888846
 10
0.0
 20
70.08934998941355
 10
0.0
 20
70.3393182299386
 10
0.0
 20
70.58928647046372
 10
0.0
 20
70.83925471098883
 10
0.0
 20
71.08922295151395
 10
0.0
 20
71.339191192039
 10
0.0
 20
71.58915943256409
 10
0.0
 20
71.8391276730892
 10
0.0
 20
72.08909591361424
 10
0.0
 20
72.33906415413935
 10
0.0
 20
72.58903239466444
 10
0.0
 20
72.83900063518949
 10
0.0
 20
73.08896887571461
 10
0.0
 20
73.33893711623972
 10
0.0
 20
73.58890535676484
 10
0.0
 20
73.83887359728989
 10
0.0
 20
74.08884183781498
 10
0.0
 20
74.33881007834009
 10
0.0
 20
74.58877831886514
 10
0.0
 20
74.83874655939024
 10
0.0
 20
75.08871479991534
 10
0.0
 20
75.33868304044039
 10
0.0
 20
75.58865128096551
 10
0.0
 20
75.83861952149061
 10
0.0
 20
76.08858776201573
 10
0.0
 20
76.33855600254078
 10
0.0
 20
76.58852424306588
 10
0.0
 20
76.83849248359098
 10
0.0
 20
77.08846072411603
 10
0.0
 20
77.33842896464114
 10
0.0
 20
77.58839720516623
 10
0.0
 20
77.83836544569131
 10
0.0
 20
78.0883336862164
 10
0.0
 20
78.33830192674151
 10
0.0
 20
78.58827016726656
 10
0.0
 20
78.83823840779168
 10
0.0
 20
79.08820664831677
 10
0.0
 20
79.33817488884188
 10
0.0
 20
79.58814312936693
 10
0.0
 20
79.83811136989203
 10
0.0
 20
80.08807961041713
 10
0.0
 20
80.3380478509422
 10
0.0
 20
80.5880160914673
 10
0.0
 20
80.8379843319924
 10
0.0
 20
81.08795257251745
 10
0.0
 20
81.33792081304257
 10
0.0
 20
81.58788905356765
 10
0.0
 20
81.83785729409277
 10
0.0
 20
82.08782553461782
 10
0.0
 20
82.33779377514293
 10
0.0
 20
82.58776201566802
 10
0.0
 20
82.8377302561931
 10
0.0
 20
83.08769849671819
 10
0.0
 20
83.3376667372433
 10
0.0
 20
83.58763497776835
 10
0.0
 20
83.83760321829345
 10
0.0
 20
84.08757145881854
 10
0.0
 20
84.33753969934367
 10
0.0
 20
84.58750793986871
 10
0.0
 20
84.83747618039386
 10
0.0
 20
85.08744442091891
 10
0.0
 20
85.33741266144403
 10
0.0
 20
85.58738090196914
 10
0.0
 20
85.83734914249419
 10
0.0
 20
86.08731738301931
 10
0.0
 20
86.3372856235444
 10
0.0
 20
86.58725386406944
 10
0.0
 20
86.83722210459456
 10
0.0
 20
87.08719034511967
 10
0.0
 20
87.33715858564476
 10
0.0
 20
87.58712682616984
 10
0.0
 20
87.83709506669493
 10
0.0
 20
88.08706330722003
 10
0.0
 20
88.33703154774508
 10
0.0
 20
88.5869997882702
 10
0.0
 20
88.83696802879528
 10
0.0
 20
89.08693626932033
 10
0.0
 20
89.33690450984545
 10
0.0
 20
89.58687275037056
 10
0.0
 20
89.83684099089561
 10
0.0
 20
90.08680923142073
 10
0.0
 20
90.33677747194582
 10
0.0
 20
90.58674571247093
 10
0.0
 20
90.83671395299598
 10
0.0
 20
91.08668219352114
 10
0.0
 20
91.33665043404618
 10
0.0
 20
91.5866186745713
 10
0.0
 20
91.8365869150964
 10
0.0
 20
92.08655515562145
 10
0.0
 20
92.33652339614655
 10
0.0
 20
92.58649163667167
 10
0.0
 20
92.83645987719672
 10
0.0
 20
93.08642811772182
 10
0.0
 20
93.33639635824694
 10
0.0
 20
93.58636459877204
 10
0.0
 20
93.83633283929707
 10
0.0
 20
94.08630107982219
 10
0.0
 20
94.3362693203473
 10
0.0
 20
94.58623756087235
 10
0.0
 20
94.83620580139747
 10
0.0
 20
95.08617404192256
 10
0.0
 20
95.33614228244761
 10
0.0
 20
95.58611052297272
 10
0.0
 20
95.83607876349784
 10
0.0
 20
96.08604700402293
 10
0.0
 20
96.33601524454797
 10
0.0
 20
96.58598348507309
 10
0.0
 20
96.83595172559819
 10
0.0
 20
97.08591996612324
 10
0.0
 20
97.33588820664836
 10
0.0
 20
97.58585644717346
 10
0.0
 20
97.8358246876985
 10
0.0
 20
98.08579292822361
 10
0.0
 20
98.3357611687487
 10
0.0
 20
98.58572940927381
 10
0.0
 20
98.83569764979889
 10
0.0
 20
99.08566589032398
 10
0.0
 20
99.33563413084909
 10
0.0
 20
99.58560237137414
 10
0.0
 20
99.83557061189926
 10
0.0
 20
100.08553885242435
 10
0.0
 20
100.3355070929494
 10
0.0
 20
100.5854753334745
 10
0.0
 20
100.83544357399963
 10
0.0
 20
101.08541181452473
 10
0.0
 20
101.33538005504975
 10
0.0
 20
101.58534829557487
 10
0.0
 20
101.83531653609998
 10
0.0
 20
102.08528477662503
 10
0.0
 20
102.33525301715012
 10
0.0
 20
102.58522125767524
 10
0.0
 20
102.83518949820031
 10
0.0
 20
103.0851577387254
 10
0.0
 20
103.33512597925049
 10
0.0
 20
103.58509421977556
 10
0.0
 20
103.83506246030068
 10
0.0
 20
104.08503070082577
 10
0.0
 20
104.33499894135088
 10
0.0
 20
104.58496718187597
 10
0.0
 20
104.83493542240109
 10
0.0
 20
105.08490366292615
 10
0.0
 20
105.33487190345124
 10
0.0
 20
105.58484014397634
 10
0.0
 20
105.8348083845014
 10
0.0
 20
106.08477662502652
 10
0.0
 20
106.33474486555161
 10
0.0
 20
106.58471310607666
 10
0.0
 20
106.83468134660177
 10
0.0
 20
107.08464958712689
 10
0.0
 20
107.33461782765198
 10
0.0
 20
107.58458606817703
 10
0.0
 20
107.83455430870214
 10
0.0
 20
108.08452254922726
 10
0.0
 20
108.33449078975228
 10
0.0
 20
108.58445903027739
 10
0.0
 20
108.83442727080251
 10
0.0
 20
109.08439551132756
 10
0.0
 20
109.33436375185266
 10
0.0
 20
109.58433199237776
 10
0.0
 20
109.83430023290288
 10
0.0
 20
110.08426847342794
 10
0.0
 20
110.33423671395303
 10
0.0
 20
110.58420495447812
 10
0.0
 20
110.83417319500319
 10
0.0
 20
111.08414143552831
 10
0.0
 20
111.3341096760534
 10
0.0
 20
111.58407791657845
 10
0.0
 20
111.83404615710356
 10
0.0
 20
112.08401439762868
 10
0.0
 20
112.33398263815378
 10
0.0
 20
112.5839508786788
 10
0.0
 20
112.83391911920393
 10
0.0
 20
113.08388735972903
 10
0.0
 20
113.33385560025408
 10
0.0
 20
113.58382384077917
 10
0.0
 20
113.8337920813043
 10
0.0
 20
114.08376032182935
 10
0.0
 20
114.33372856235445
 10
0.0
 20
114.58369680287954
 10
0.0
 20
114.83366504340462
 10
0.0
 20
115.08363328392973
 10
0.0
 20
115.33360152445482
 10
0.0
 20
115.58356976497991
 10
0.0
 20
115.83353800550498
 10
0.0
 20
116.0835062460301
 10
0.0
 20
116.33347448655519
 10
0.0
 20
116.58344272708024
 10
0.0
 20
116.83341096760539
 10
0.0
 20
117.08337920813047
 10
0.0
 20
117.33334744865557
 10
0.0
 20
117.58331568918067
 10
0.0
 20
117.83328392970571
 10
0.0
 20
118.08325217023082
 10
0.0
 20
118.33322041075594
 10
0.0
 20
118.58318865128103
 10
0.0
 20
118.83315689180608
 10
0.0
 20
119.08312513233119
 10
0.0
 20
119.33309337285631
 10
0.0
 20
119.58306161338133
 10
0.0
 20
119.83302985390645
 10
0.0
 20
120.08299809443156
 10
0.0
 20
120.33296633495661
 10
0.0
 20
120.58293457548172
 10
0.0
 20
120.83290281600681
 10
0.0
 20
121.08287105653193
 10
0.0
 20
121.33283929705698
 10
0.0
 20
121.58280753758208
 10
0.0
 20
121.83277577810718
 10
0.0
 20
122.08274401863225
 10
0.0
 20
122.33271225915736
 10
0.0
 20
122.58268049968245
 10
0.0
 20
122.8326487402075
 10
0.0
 20
123.08261698073261
 10
0.0
 20
123.33258522125773
 10
0.0
 20
123.58255346178282
 10
0.0
 20
123.83252170230787
 10
0.0
 20
124.08248994283298
 10
0.0
 20
124.33245818335806
 10
0.0
 20
124.58242642388316
 10
0.0
 20
124.83239466440823
 10
0.0
 20
125.0823629049333
 10
0.0
 20
125.33233114545841
 10
0.0
 20
125.5822993859835
 10
0.0
 20
125.8322676265086
 10
0.0
 20
126.08223586703369
 10
0.0
 20
126.33220410755877
 10
0.0
 20
126.58217234808387
 10
0.0
 20
126.83214058860897
 10
0.0
 20
127.08210882913406
 10
0.0
 20
127.33207706965915
 10
0.0
 20
127.58204531018421
 10
0.0
 20
127.83201355070933
 10
0.0
 20
128.0819817912344
 10
0.0
 20
128.3319500317595
 10
0.0
 20
128.58191827228458
 10
0.0
 20
128.83188651280966
 10
0.0
 20
129.08185475333477
 10
0.0
 20
129.33182299385984
 10
0.0
 20
129.581791234385
 10
0.0
 20
129.83175947491006
 10
0.0
 20
130.08172771543516
 10
0.0
 20
130.33169595596024
 10
0.0
 20
130.58166419648532
 10
0.0
 20
130.83163243701043
 10
0.0
 20
131.0816006775355
 10
0.0
 20
131.33156891806058
 10
0.0
 20
131.5815371585857
 10
0.0
 20
131.83150539911074
 10
0.0
 20
132.08147363963587
 10
0.0
 20
132.33144188016092
 10
0.0
 20
132.58141012068603
 10
0.0
 20
132.83137836121114
 10
0.0
 20
133.08134660173621
 10
0.0
 20
133.33131484226132
 10
0.0
 20
133.5812830827864
 10
0.0
 20
133.83125132331148
 10
0.0
 20
134.0812195638366
 10
0.0
 20
134.33118780436166
 10
0.0
 20
134.58115604488677
 10
0.0
 20
134.83112428541185
 10
0.0
 20
135.08109252593692
 10
0.0
 20
135.33106076646203
 10
0.0
 20
135.5810290069871
 10
0.0
 20
135.83099724751222
 10
0.0
 20
136.0809654880373
 10
0.0
 20
136.33093372856237
 10
0.0
 20
136.58090196908748
 10
0.0
 20
136.83087020961253
 10
0.0
 20
137.08083845013766
 10
0.0
 20
137.33080669066274
 10
0.0
 20
137.58077493118782
 10
0.0
 20
137.83074317171292
 10
0.0
 20
138.080711412238
 10
0.0
 20
138.3306796527631
 10
0.0
 20
138.58064789328822
 10
0.0
 20
138.83061613381327
 10
0.0
 20
139.0805843743384
 10
0.0
 20
139.33055261486345
 10
0.0
 20
139.58052085538856
 10
0.0
 20
139.83048909591363
 10
0.0
 20
140.0804573364387
 10
0.0
 20
140.33042557696382
 10
0.0
 20
140.5803938174889
 10
0.0
 20
140.830362058014
 10
0.0
 20
141.08033029853908
 10
0.0
 20
141.33029853906413
 10
0.0
 20
141.58026677958927
 10
0.0
 20
141.83023502011432
 10
0.0
 20
142.08020326063945
 10
0.0
 20
142.33017150116453
 10
0.0
 20
142.58013974168966
 10
0.0
 20
142.83010798221474
 10
0.0
 20
143.08007622273982
 10
0.0
 20
143.33004446326493
 10
0.0
 20
143.58001270379
 10
0.0
 20
143.82998094431508
 10
0.0
 20
144.07994918484016
 10
0.0
 20
144.32991742536527
 10
0.0
 20
144.57988566589034
 10
0.0
 20
144.82985390641545
 10
0.0
 20
145.07982214694053
 10
0.0
 20
145.32979038746564
 10
0.0
 20
145.5797586279907
 10
0.0
 20
145.82972686851585
 10
0.0
 20
146.0796951090409
 10
0.0
 20
146.32966334956598
 10
0.0
 20
146.57963159009108
 10
0.0
 20
146.82959983061616
 10
0.0
 20
147.07956807114127
 10
0.0
 20
147.32953631166635
 10
0.0
 20
147.57950455219142
 10
0.0
 20
147.82947279271653
 10
0.0
 20
148.0794410332416
 10
0.0
 20
148.32940927376671
 10
0.0
 20
148.5793775142918
 10
0.0
 20
148.82934575481687
 10
0.0
 20
149.07931399534198
 10
0.0
 20
149.32928223586705
 10
0.0
 20
149.57925047639216
 10
0.0
 20
149.82921871691724
 10
0.0
 20
150.07918695744232
 10
0.0
 20
150.32915519796742
 10
0.0
 20
150.5791234384925
 10
0.0
 20
150.8290916790176
 10
0.0
 20
151.0790599195427
 10
0.0
 20
151.32902816006776
 10
0.0
 20
151.57899640059287
 10
0.0
 20
151.82896464111795
 10
0.0
 20
152.07893288164306
 10
0.0
 20
152.32890112216813
 10
0.0
 20
152.5788693626932
 10
0.0
 20
152.82883760321832
 10
0.0
 20
153.0788058437434
 10
0.0
 20
153.3287740842685
 10
0.0
 20
153.57874232479358
 10
0.0
 20
153.82871056531866
 10
0.0
 20
154.07867880584377
 10
0.0
 20
154.32864704636884
 10
0.0
 20
154.57861528689395
 10
0.0
 20
154.82858352741903
 10
0.0
 20
155.0785517679441
 10
0.0
 20
155.32852000846924
 10
0.0
 20
155.57848824899432
 10
0.0
 20
155.82845648951943
 10
0.0
 20
156.0784247300445
 10
0.0
 20
156.3283929705696
 10
0.0
 20
156.5783612110947
 10
0.0
 20
156.82832945161977
 10
0.0
 20
157.07829769214487
 10
0.0
 20
157.32826593266995
 10
0.0
 20
157.57823417319503
 10
0.0
 20
157.82820241372013
 10
0.0
 20
158.0781706542452
 10
0.0
 20
158.32813889477032
 10
0.0
 20
158.5781071352954
 10
0.0
 20
158.82807537582048
 10
0.0
 20
159.07804361634558
 10
0.0
 20
159.32801185687066
 10
0.0
 20
159.57798009739577
 10
0.0
 20
159.82794833792084
 10
0.0
 20
160.07791657844592
 10
0.0
 20
160.32788481897103
 10
0.0
 20
160.5778530594961
 10
0.0
 20
160.8278213000212
 10
0.0
 20
161.0777895405463
 10
0.0
 20
161.32775778107137
 10
0.0
 20
161.57772602159648
 10
0.0
 20
161.82769426212155
 10
0.0
 20
162.07766250264666
 10
0.0
 20
162.32763074317174
 10
0.0
 20
162.57759898369682
 10
0.0
 20
162.82756722422192
 10
0.0
 20
163.077535464747
 10
0.0
 20
163.3275037052721
 10
0.0
 20
163.57747194579719
 10
0.0
 20
163.82744018632226
 10
0.0
 20
164.07740842684737
 10
0.0
 20
164.32737666737245
 10
0.0
 20
164.57734490789755
 10
0.0
 20
164.82731314842263
 10
0.0
 20
165.0772813889477
 10
0.0
 20
165.32724962947282
 10
0.0
 20
165.5772178699979
 10
0.0
 20
165.827186110523
 10
0.0
 20
166.07715435104808
 10
0.0
 20
166.32712259157316
 10
0.0
 20
166.57709083209826
 10
0.0
 20
166.82705907262334
 10
0.0
 20
167.07702731314845
 10
0.0
 20
167.32699555367353
 10
0.0
 20
167.5769637941986
 10
0.0
 20
167.8269320347237
 10
0.0
 20
168.07690027524882
 10
0.0
 20
168.32686851577392
 10
0.0
 20
168.576836756299
 10
0.0
 20
168.8268049968241
 10
0.0
 20
169.0767732373492
 10
0.0
 20
169.32674147787426
 10
0.0
 20
169.57670971839937
 10
0.0
 20
169.82667795892445
 10
0.0
 20
170.07664619944953
 10
0.0
 20
170.32661443997463
 10
0.0
 20
170.5765826804997
 10
0.0
 20
170.82655092102482
 10
0.0
 20
171.0765191615499
 10
0.0
 20
171.32648740207497
 10
0.0
 20
171.57645564260008
 10
0.0
 20
171.82642388312516
 10
0.0
 20
172.07639212365027
 10
0.0
 20
172.32636036417534
 10
0.0
 20
172.57632860470042
 10
0.0
 20
172.82629684522553
 10
0.0
 20
173.0762650857506
 10
0.0
 20
173.3262333262757
 10
0.0
 20
173.5762015668008
 10
0.0
 20
173.82616980732587
 10
0.0
 20
174.07613804785097
 10
0.0
 20
174.32610628837605
 10
0.0
 20
174.57607452890116
 10
0.0
 20
174.82604276942624
 10
0.0
 20
175.07601100995132
 10
0.0
 20
175.32597925047642
 10
0.0
 20
175.5759474910015
 10
0.0
 20
175.8259157315266
 10
0.0
 20
176.07588397205168
 10
0.0
 20
176.32585221257676
 10
0.0
 20
176.57582045310187
 10
0.0
 20
176.82578869362695
 10
0.0
 20
177.07575693415205
 10
0.0
 20
177.32572517467713
 10
0.0
 20
177.5756934152022
 10
0.0
 20
177.82566165572732
 10
0.0
 20
178.0756298962524
 10
0.0
 20
178.3255981367775
 10
0.0
 20
178.57556637730258
 10
0.0
 20
178.82553461782766
 10
0.0
 20
179.07550285835276
 10
0.0
 20
179.32547109887784
 10
0.0
 20
179.57543933940295
 10
0.0
 20
179.82540757992803
 10
0.0
 20
180.0753758204531
 10
0.0
 20
180.3253440609782
 10
0.0
 20
180.5753123015033
 10
0.0
 20
180.8252805420284
 10
0.0
 20
181.0752487825535
 10
0.0
 20
181.3252170230786
 10
0.0
 20
181.5751852636037
 10
0.0
 20
181.82515350412876
 10
0.0
 20
182.07512174465387
 10
0.0
 20
182.32508998517895
 10
0.0
 20
182.57505822570403
 10
0.0
 20
182.82502646622913
 10
0.0
 20
183.0749947067542
 10
0.0
 20
183.32496294727932
 10
0.0
 20
183.5749311878044
 10
0.0
 20
183.82489942832947
 10
0.0
 20
184.07486766885458
 10
0.0
 20
184.32483590937966
 10
0.0
 20
184.57480414990476
 10
0.0
 20
184.82477239042984
 10
0.0
 20
185.07474063095492
 10
0.0
 20
185.32470887148003
 10
0.0
 20
185.5746771120051
 10
0.0
 20
185.8246453525302
 10
0.0
 20
186.0746135930553
 10
0.0
 20
186.32458183358037
 10
0.0
 20
186.57455007410547
 10
0.0
 20
186.82451831463055
 10
0.0
 20
187.07448655515566
 10
0.0
 20
187.32445479568074
 10
0.0
 20
187.57442303620581
 10
0.0
 20
187.82439127673092
 10
0.0
 20
188.074359517256
 10
0.0
 20
188.3243277577811
 10
0.0
 20
188.57429599830618
 10
0.0
 20
188.82426423883126
 10
0.0
 20
189.07423247935637
 10
0.0
 20
189.32420071988145
 10
0.0
 20
189.57416896040655
 10
0.0
 20
189.82413720093163
 10
0.0
 20
190.0741054414567
 10
0.0
 20
190.32407368198182
 10
0.0
 20
190.5740419225069
 10
0.0
 20
190.824010163032
 10
0.0
 20
191.07397840355708
 10
0.0
 20
191.32394664408216
 10
0.0
 20
191.57391488460726
 10
0.0
 20
191.82388312513234
 10
0.0
 20
192.07385136565745
 10
0.0
 20
192.32381960618252
 10
0.0
 20
192.5737878467076
 10
0.0
 20
192.8237560872327
 10
0.0
 20
193.0737243277578
 10
0.0
 20
193.3236925682829
 10
0.0
 20
193.57366080880797
 10
0.0
 20
193.8236290493331
 10
0.0
 20
194.07359728985818
 10
0.0
 20
194.32356553038326
 10
0.0
 20
194.57353377090837
 10
0.0
 20
194.82350201143345
 10
0.0
 20
195.07347025195853
 10
0.0
 20
195.32343849248363
 10
0.0
 20
195.5734067330087
 10
0.0
 20
195.82337497353382
 10
0.0
 20
196.0733432140589
 10
0.023311454583961222
 20
196.3
 10
0.2732796951090677
 20
196.3
 10
0.5232479356341457
 20
196.3
 10
0.7732161761592522
 20
196.3
 10
1.0231844166843302
 20
196.3
 10
1.2731526572094083
 20
196.3
 10
1.5231208977345148
 20
196.3
 10
1.7730891382595928
 20
196.3
 10
2.0230573787846993
 20
196.3
 10
2.2730256193097773
 20
196.3
 10
2.5229938598348554
 20
196.3
 10
2.772962100359962
 20
196.3
 10
3.02293034088504
 20
196.3
 10
3.2728985814101463
 20
196.3
 10
3.5228668219352244
 20
196.3
 10
3.7728350624603024
 20
196.3
 10
4.022803302985409
 20
196.3
 10
4.272771543510487
 20
196.3
 10
4.522739784035593
 20
196.3
 10
4.7727080245606714
 20
196.3
 10
5.0226762650857495
 20
196.3
 10
5.272644505610856
 20
196.3
 10
5.522612746135934
 20
196.3
 10
5.7725809866610405
 20
196.3
 10
6.0225492271861185
 20
196.3
 10
6.272517467711197
 20
196.3
 10
6.522485708236303
 20
196.3
 10
6.772453948761381
 20
196.3
 10
7.0224221892864875
 20
196.3
 10
7.272390429811566
 20
196.3
 10
7.522358670336644
 20
196.3
 10
7.77232691086175
 20
196.3
 10
8.022295151386828
 20
196.3
 10
8.272263391911935
 20
196.3
 10
8.522231632437013
 20
196.3
 10
8.77219987296209
 20
196.3
 10
9.022168113487197
 20
196.3
 10
9.272136354012275
 20
196.3
 10
9.522104594537382
 20
196.3
 10
9.77207283506246
 20
196.3
 10
10.022041075587538
 20
196.3
 10
10.272009316112673
 20
196.3
 10
10.52197755663775
 20
196.3
 10
10.771945797162857
 20
196.3
 10
11.021914037687935
 20
196.3
 10
11.271882278213013
 20
196.3
 10
11.52185051873812
 20
196.3
 10
11.771818759263198
 20
196.3
 10
12.021786999788304
 20
196.3
 10
12.271755240313382
 20
196.3
 10
12.52172348083846
 20
196.3
 10
12.771691721363567
 20
196.3
 10
13.021659961888645
 20
196.3
 10
13.271628202413751
 20
196.3
 10
13.52159644293883
 20
196.3
 10
13.771564683463907
 20
196.3
 10
14.021532923989014
 20
196.3
 10
14.271501164514092
 20
196.3
 10
14.521469405039198
 20
196.3
 10
14.771437645564276
 20
196.3
 10
15.021405886089354
 20
196.3
 10
15.271374126614461
 20
196.3
 10
15.521342367139539
 20
196.3
 10
15.771310607664645
 20
196.3
 10
16.021278848189723
 20
196.3
 10
16.2712470887148
 20
196.3
 10
16.521215329239908
 20
196.3
 10
16.771183569764986
 20
196.3
 10
17.021151810290092
 20
196.3
 10
17.27112005081517
 20
196.3
 10
17.52108829134025
 20
196.3
 10
17.771056531865355
 20
196.3
 10
18.021024772390433
 20
196.3
 10
18.27099301291554
 20
196.3
 10
18.520961253440618
 20
196.3
 10
18.770929493965696
 20
196.3
 10
19.020897734490802
 20
196.3
 10
19.27086597501588
 20
196.3
 10
19.520834215540987
 20
196.3
 10
19.770802456066065
 20
196.3
 10
20.020770696591143
 20
196.3
 10
20.27073893711625
 20
196.3
 10
20.520707177641327
 20
196.3
 10
20.770675418166434
 20
196.3
 10
21.02064365869151
 20
196.3
 10
21.27061189921659
 20
196.3
 10
21.520580139741696
 20
196.3
 10
21.770548380266774
 20
196.3
 10
22.02051662079188
 20
196.3
 10
22.27048486131696
 20
196.3
 10
22.520453101842037
 20
196.3
 10
22.770421342367143
 20
196.3
 10
23.02038958289222
 20
196.3
 10
23.270357823417356
 20
196.3
 10
23.520326063942434
 20
196.3
 10
23.770294304467512
 20
196.3
 10
24.02026254499262
 20
196.3
 10
24.270230785517697
 20
196.3
 10
24.520199026042803
 20
196.3
 10
24.77016726656788
 20
196.3
 10
25.02013550709296
 20
196.3
 10
25.270103747618066
 20
196.3
 10
25.520071988143144
 20
196.3
 10
25.77004022866825
 20
196.3
 10
26.02000846919333
 20
196.3
 10
26.269976709718406
 20
196.3
 10
26.519944950243513
 20
196.3
 10
26.76991319076859
 20
196.3
 10
27.019881431293697
 20
196.3
 10
27.269849671818776
 20
196.3
 10
27.519817912343854
 20
196.3
 10
27.76978615286896
 20
196.3
 10
28.019754393394038
 20
196.3
 10
28.269722633919145
 20
196.3
 10
28.519690874444223
 20
196.3
 10
28.7696591149693
 20
196.3
 10
29.019627355494407
 20
196.3
 10
29.269595596019485
 20
196.3
 10
29.51956383654459
 20
196.3
 10
29.76953207706967
 20
196.3
 10
30.019500317594748
 20
196.3
 10
30.269468558119854
 20
196.3
 10
30.519436798644932
 20
196.3
 10
30.76940503917004
 20
196.3
 10
31.019373279695117
 20
196.3
 10
31.269341520220195
 20
196.3
 10
31.5193097607453
 20
196.3
 10
31.76927800127038
 20
196.3
 10
32.019246241795486
 20
196.3
 10
32.269214482320564
 20
196.3
 10
32.51918272284564
 20
196.3
 10
32.76915096337075
 20
196.3
 10
33.019119203895826
 20
196.3
 10
33.26908744442093
 20
196.3
 10
33.51905568494601
 20
196.3
 10
33.76902392547109
 20
196.3
 10
34.018992165996195
 20
196.3
 10
34.26896040652127
 20
196.3
 10
34.51892864704638
 20
196.3
 10
34.76889688757146
 20
196.3
 10
35.018865128096536
 20
196.3
 10
35.26883336862164
 20
196.3
 10
35.51880160914672
 20
196.3
 10
35.76876984967183
 20
196.3
 10
36.01873809019693
 20
196.3
 10
36.26870633072201
 20
196.3
 10
36.51867457124709
 20
196.3
 10
36.768642811772196
 20
196.3
 10
37.018611052297274
 20
196.3
 10
37.26857929282238
 20
196.3
 10
37.51854753334746
 20
196.3
 10
37.76851577387254
 20
196.3
 10
38.01848401439764
 20
196.3
 10
38.26845225492272
 20
196.3
 10
38.5184204954478
 20
196.3
 10
38.768388735972906
 20
196.3
 10
39.018356976497984
 20
196.3
 10
39.26832521702309
 20
196.3
 10
39.5182934575482
 20
196.3
 10
39.768261698073275
 20
196.3
 10
40.01822993859835
 20
196.3
 10
40.26819817912346
 20
196.3
 10
40.51816641964854
 20
196.3
 10
40.768134660173644
 20
196.3
 10
41.01810290069872
 20
196.3
 10
41.2680711412238
 20
196.3
 10
41.518039381748906
 20
196.3
 10
41.768007622273984
 20
196.3
 10
42.01797586279909
 20
196.3
 10
42.26794410332417
 20
196.3
 10
42.51791234384925
 20
196.3
 10
42.76788058437435
 20
196.3
 10
43.01784882489943
 20
196.3
 10
43.26781706542454
 20
196.3
 10
43.517785305949616
 20
196.3
 10
43.767753546474694
 20
196.3
 10
44.0177217869998
 20
196.3
 10
44.26769002752488
 20
196.3
 10
44.517658268049985
 20
196.3
 10
44.76762650857506
 20
196.3
 10
45.01759474910014
 20
196.3
 10
45.26756298962525
 20
196.3
 10
45.517531230150325
 20
196.3
 10
45.76749947067543
 20
196.3
 10
46.01746771120054
 20
196.3
 10
46.267435951725616
 20
196.3
 10
46.517404192250694
 20
196.3
 10
46.7673724327758
 20
196.3
 10
47.01734067330088
 20
196.3
 10
47.267308913825985
 20
196.3
 10
47.51727715435106
 20
196.3
 10
47.76724539487614
 20
196.3
 10
48.01721363540125
 20
196.3
 10
48.267181875926326
 20
196.3
 10
48.51715011645143
 20
196.3
 10
48.76711835697651
 20
196.3
 10
49.01708659750159
 20
196.3
 10
49.267054838026695
 20
196.3
 10
49.51702307855177
 20
196.3
 10
49.76699131907688
 20
196.3
 10
50.01695955960196
 20
196.3
 10
50.266927800127036
 20
196.3
 10
50.51689604065214
 20
196.3
 10
50.76686428117722
 20
196.3
 10
51.0168325217023
 20
196.3
 10
51.266800762227405
 20
196.3
 10
51.51676900275248
 20
196.3
 10
51.76673724327759
 20
196.3
 10
52.016705483802696
 20
196.3
 10
52.266673724327774
 20
196.3
 10
52.51664196485285
 20
196.3
 10
52.76661020537796
 20
196.3
 10
53.016578445903036
 20
196.3
 10
53.26654668642814
 20
196.3
 10
53.51651492695322
 20
196.3
 10
53.7664831674783
 20
196.3
 10
54.016451408003405
 20
196.3
 10
54.26641964852848
 20
196.3
 10
54.51638788905359
 20
196.3
 10
54.76635612957867
 20
196.3
 10
55.016324370103746
 20
196.3
 10
55.26629261062885
 20
196.3
 10
55.51626085115393
 20
196.3
 10
55.76622909167901
 20
196.3
 10
56.016197332204115
 20
196.3
 10
56.26616557272922
 20
196.3
 10
56.5161338132543
 20
196.3
 10
56.76610205377938
 20
196.3
 10
57.016070294304456
 20
196.3
 10
57.26603853482956
 20
196.3
 10
57.51600677535467
 20
196.3
 10
57.76597501587975
 20
196.3
 10
58.015943256404825
 20
196.3
 10
58.2659114969299
 20
196.3
 10
58.51587973745501
 20
196.3
 10
58.765847977980116
 20
196.3
 10
59.01581621850522
 20
196.3
 10
59.265784459030286
 20
196.3
 10
59.51575269955538
 20
196.3
 10
59.765720940080456
 20
196.3
 10
60.01568918060556
 20
196.3
 10
60.26565742113067
 20
196.3
 10
60.51562566165573
 20
196.3
 10
60.765593902180825
 20
196.3
 10
61.0155621427059
 20
196.3
 10
61.26553038323101
 20
196.3
 10
61.515498623756116
 20
196.3
 10
61.76546686428118
 20
196.3
 10
62.01543510480627
 20
196.3
 10
62.26540334533135
 20
196.3
 10
62.51537158585646
 20
196.3
 10
62.76533982638156
 20
196.3
 10
63.01530806690663
 20
196.3
 10
63.26527630743172
 20
196.3
 10
63.5152445479568
 20
196.3
 10
63.765212788481904
 20
196.3
 10
64.015181029007
 20
196.3
 10
64.26514926953207
 20
196.3
 10
64.51511751005715
 20
196.3
 10
64.76508575058227
 20
196.3
 10
65.01505399110735
 20
196.3
 10
65.26502223163247
 20
196.3
 10
65.51499047215754
 20
196.3
 10
65.76495871268263
 20
196.3
 10
66.01492695320772
 20
196.3
 10
66.2648951937328
 20
196.3
 10
66.51486343425792
 20
196.3
 10
66.76483167478298
 20
196.3
 10
67.01479991530807
 20
196.3
 10
67.26476815583315
 20
196.3
 10
67.51473639635827
 20
196.3
 10
67.76470463688335
 20
196.3
 10
68.01467287740843
 20
196.3
 10
68.26464111793352
 20
196.3
 10
68.5146093584586
 20
196.3
 10
68.76457759898372
 20
196.3
 10
69.0145458395088
 20
196.3
 10
69.26451408003388
 20
196.3
 10
69.51448232055897
 20
196.3
 10
69.76445056108405
 20
196.3
 10
70.01441880160917
 20
196.3
 10
70.26438704213425
 20
196.3
 10
70.51435528265932
 20
196.3
 10
70.7643235231844
 20
196.3
 10
71.01429176370952
 20
196.3
 10
71.2642600042346
 20
196.3
 10
71.51422824475972
 20
196.3
 10
71.7641964852848
 20
196.3
 10
72.01416472580988
 20
196.3
 10
72.26413296633497
 20
196.3
 10
72.51410120686005
 20
196.3
 10
72.76406944738517
 20
196.3
 10
73.01403768791023
 20
196.3
 10
73.26400592843532
 20
196.3
 10
73.5139741689604
 20
196.3
 10
73.76394240948552
 20
196.3
 10
74.0139106500106
 20
196.3
 10
74.26387889053568
 20
196.3
 10
74.51384713106077
 20
196.3
 10
74.76381537158585
 20
196.3
 10
75.01378361211097
 20
196.3
 10
75.26375185263605
 20
196.3
 10
75.51372009316113
 20
196.3
 10
75.7636883336862
 20
196.3
 10
76.01365657421132
 20
196.3
 10
76.2636248147364
 20
196.3
 10
76.5135930552615
 20
196.3
 10
76.76356129578657
 20
196.3
 10
77.01352953631165
 20
196.3
 10
77.26349777683677
 20
196.3
 10
77.51346601736185
 20
196.3
 10
77.76343425788697
 20
196.3
 10
78.01340249841205
 20
196.3
 10
78.26337073893713
 20
196.3
 10
78.51333897946222
 20
196.3
 10
78.7633072199873
 20
196.3
 10
79.0132754605124
 20
196.3
 10
79.26324370103748
 20
196.3
 10
79.51321194156257
 20
196.3
 10
79.76318018208765
 20
196.3
 10
80.01314842261277
 20
196.3
 10
80.26311666313785
 20
196.3
 10
80.51308490366293
 20
196.3
 10
80.76305314418802
 20
196.3
 10
81.0130213847131
 20
196.3
 10
81.26298962523822
 20
196.3
 10
81.5129578657633
 20
196.3
 10
81.76292610628838
 20
196.3
 10
82.01289434681345
 20
196.3
 10
82.26286258733857
 20
196.3
 10
82.51283082786365
 20
196.3
 10
82.76279906838874
 20
196.3
 10
83.01276730891382
 20
196.3
 10
83.2627355494389
 20
196.3
 10
83.51270378996402
 20
196.3
 10
83.7626720304891
 20
196.3
 10
84.01264027101419
 20
196.3
 10
84.2626085115393
 20
196.3
 10
84.51257675206438
 20
196.3
 10
84.76254499258945
 20
196.3
 10
85.01251323311457
 20
196.3
 10
85.26248147363965
 20
196.3
 10
85.51244971416473
 20
196.3
 10
85.76241795468982
 20
196.3
 10
86.0123861952149
 20
196.3
 10
86.26235443574002
 20
196.3
 10
86.5123226762651
 20
196.3
 10
86.76229091679018
 20
196.3
 10
87.01225915731527
 20
196.3
 10
87.26222739784038
 20
196.3
 10
87.51219563836545
 20
196.3
 10
87.76216387889055
 20
196.3
 10
88.01213211941563
 20
196.3
 10
88.2621003599407
 20
196.3
 10
88.51206860046582
 20
196.3
 10
88.7620368409909
 20
196.3
 10
89.012005081516
 20
196.3
 10
89.26197332204107
 20
196.3
 10
89.51194156256615
 20
196.3
 10
89.76190980309127
 20
196.3
 10
90.01187804361635
 20
196.3
 10
90.26184628414144
 20
196.3
 10
90.51181452466655
 20
196.3
 10
90.76178276519163
 20
196.3
 10
91.0117510057167
 20
196.3
 10
91.26171924624182
 20
196.3
 10
91.5116874867669
 20
196.3
 10
91.76165572729198
 20
196.3
 10
92.01162396781709
 20
196.3
 10
92.26159220834218
 20
196.3
 10
92.51156044886727
 20
196.3
 10
92.76152868939235
 20
196.3
 10
93.01149692991743
 20
196.3
 10
93.26146517044253
 20
196.3
 10
93.51143341096763
 20
196.3
 10
93.7614016514927
 20
196.3
 10
94.0113698920178
 20
196.3
 10
94.26133813254289
 20
196.3
 10
94.51130637306798
 20
196.3
 10
94.76127461359307
 20
196.3
 10
95.01124285411815
 20
196.3
 10
95.26121109464324
 20
196.3
 10
95.51117933516834
 20
196.3
 10
95.76114757569343
 20
196.3
 10
96.0111158162185
 20
196.3
 10
96.2610840567436
 20
196.3
 10
96.51105229726869
 20
196.3
 10
96.76102053779378
 20
196.3
 10
97.01098877831888
 20
196.3
 10
97.26095701884395
 20
196.3
 10
97.51092525936905
 20
196.3
 10
97.76089349989414
 20
196.3
 10
98.01086174041923
 20
196.3
 10
98.26082998094432
 20
196.3
 10
98.5107982214694
 20
196.3
 10
98.76076646199449
 20
196.3
 10
99.0107347025196
 20
196.3
 10
99.26070294304468
 20
196.3
 10
99.51067118356976
 20
196.3
 10
99.76063942409485
 20
196.3
 10
100.01060766461994
 20
196.3
 10
100.26057590514505
 20
196.3
 10
100.51054414567012
 20
196.3
 10
100.7605123861952
 20
196.3
 10
101.0104806267203
 20
196.3
 10
101.2604488672454
 20
196.3
 10
101.5104171077705
 20
196.3
 10
101.76038534829556
 20
196.3
 10
102.01035358882065
 20
196.3
 10
102.26032182934574
 20
196.3
 10
102.51029006987085
 20
196.3
 10
102.76025831039594
 20
196.3
 10
103.010226550921
 20
196.3
 10
103.2601947914461
 20
196.3
 10
103.51016303197123
 20
196.3
 10
103.76013127249632
 20
196.3
 10
104.0100995130214
 20
196.3
 10
104.26006775354648
 20
196.3
 10
104.51003599407159
 20
196.3
 10
104.76000423459668
 20
196.3
 10
105.00997247512176
 20
196.3
 10
105.25994071564685
 20
196.3
 10
105.50990895617194
 20
196.3
 10
105.75987719669703
 20
196.3
 10
106.00984543722213
 20
196.3
 10
106.2598136777472
 20
196.3
 10
106.5097819182723
 20
196.3
 10
106.75975015879739
 20
196.3
 10
107.00971839932248
 20
196.3
 10
107.25968663984757
 20
196.3
 10
107.50965488037265
 20
196.3
 10
107.75962312089774
 20
196.3
 10
108.00959136142284
 20
196.3
 10
108.25955960194793
 20
196.3
 10
108.509527842473
 20
196.3
 10
108.7594960829981
 20
196.3
 10
109.00946432352319
 20
196.3
 10
109.25943256404828
 20
196.3
 10
109.50940080457337
 20
196.3
 10
109.75936904509845
 20
196.3
 10
110.00933728562354
 20
196.3
 10
110.25930552614864
 20
196.3
 10
110.50927376667373
 20
196.3
 10
110.75924200719881
 20
196.3
 10
111.0092102477239
 20
196.3
 10
111.25917848824899
 20
196.3
 10
111.5091467287741
 20
196.3
 10
111.75911496929918
 20
196.3
 10
112.00908320982425
 20
196.3
 10
112.25905145034935
 20
196.3
 10
112.50901969087445
 20
196.3
 10
112.75898793139955
 20
196.3
 10
113.00895617192461
 20
196.3
 10
113.2589244124497
 20
196.3
 10
113.5088926529748
 20
196.3
 10
113.7588608934999
 20
196.3
 10
114.00882913402499
 20
196.3
 10
114.25879737455006
 20
196.3
 10
114.50876561507515
 20
196.3
 10
114.75873385560028
 20
196.3
 10
115.00870209612535
 20
196.3
 10
115.25867033665044
 20
196.3
 10
115.50863857717553
 20
196.3
 10
115.75860681770064
 20
196.3
 10
116.00857505822573
 20
196.3
 10
116.2585432987508
 20
196.3
 10
116.50851153927589
 20
196.3
 10
116.758479779801
 20
196.3
 10
117.00844802032609
 20
196.3
 10
117.25841626085115
 20
196.3
 10
117.50838450137624
 20
196.3
 10
117.75835274190135
 20
196.3
 10
118.00832098242644
 20
196.3
 10
118.25828922295153
 20
196.3
 10
118.50825746347662
 20
196.3
 10
118.7582257040017
 20
196.3
 10
119.0081939445268
 20
196.3
 10
119.25816218505189
 20
196.3
 10
119.50813042557698
 20
196.3
 10
119.75809866610206
 20
196.3
 10
120.00806690662715
 20
196.3
 10
120.25803514715224
 20
196.3
 10
120.50800338767733
 20
196.3
 10
120.75797162820243
 20
196.3
 10
121.0079398687275
 20
196.3
 10
121.2579081092526
 20
196.3
 10
121.50787634977769
 20
196.3
 10
121.75784459030278
 20
196.3
 10
122.00781283082786
 20
196.3
 10
122.25778107135295
 20
196.3
 10
122.50774931187804
 20
196.3
 10
122.75771755240314
 20
196.3
 10
123.00768579292823
 20
196.3
 10
123.2576540334533
 20
196.3
 10
123.5076222739784
 20
196.3
 10
123.75759051450349
 20
196.3
 10
124.00755875502858
 20
196.3
 10
124.25752699555368
 20
196.3
 10
124.50749523607875
 20
196.3
 10
124.75746347660385
 20
196.3
 10
125.00743171712895
 20
196.3
 10
125.25739995765403
 20
196.3
 10
125.50736819817914
 20
196.3
 10
125.7573364387042
 20
196.3
 10
126.00730467922929
 20
196.3
 10
126.2572729197544
 20
196.3
 10
126.50724116027948
 20
196.3
 10
126.75720940080458
 20
196.3
 10
127.00717764132965
 20
196.3
 10
127.25714588185475
 20
196.3
 10
127.50711412237987
 20
196.3
 10
127.75708236290494
 20
196.3
 10
128.00705060343003
 20
196.3
 10
128.2570188439551
 20
196.3
 10
128.50698708448022
 20
196.3
 10
128.75695532500532
 20
196.3
 10
129.00692356553037
 20
196.3
 10
129.25689180605548
 20
196.3
 10
129.50686004658056
 20
196.3
 10
129.75682828710566
 20
196.3
 10
130.00679652763077
 20
196.3
 10
130.25676476815582
 20
196.3
 10
130.50673300868092
 20
196.3
 10
130.75670124920603
 20
196.3
 10
131.0066694897311
 20
196.3
 10
131.25663773025622
 20
196.3
 10
131.5066059707813
 20
196.3
 10
131.75657421130637
 20
196.3
 10
132.00654245183148
 20
196.3
 10
132.25651069235656
 20
196.3
 10
132.50647893288166
 20
196.3
 10
132.75644717340674
 20
196.3
 10
133.00641541393182
 20
196.3
 10
133.25638365445693
 20
196.3
 10
133.506351894982
 20
196.3
 10
133.7563201355071
 20
196.3
 10
134.0062883760322
 20
196.3
 10
134.25625661655727
 20
196.3
 10
134.50622485708237
 20
196.3
 10
134.75619309760745
 20
196.3
 10
135.00616133813253
 20
196.3
 10
135.25612957865764
 20
196.3
 10
135.5060978191827
 20
196.3
 10
135.75606605970782
 20
196.3
 10
136.0060343002329
 20
196.3
 10
136.25600254075798
 20
196.3
 10
136.50597078128308
 20
196.3
 10
136.75593902180816
 20
196.3
 10
137.00590726233327
 20
196.3
 10
137.25587550285834
 20
196.3
 10
137.50584374338345
 20
196.3
 10
137.75581198390853
 20
196.3
 10
138.00578022443364
 20
196.3
 10
138.2557484649587
 20
196.3
 10
138.50571670548382
 20
196.3
 10
138.7556849460089
 20
196.3
 10
139.00565318653398
 20
196.3
 10
139.25562142705908
 20
196.3
 10
139.50558966758416
 20
196.3
 10
139.75555790810927
 20
196.3
 10
140.00552614863435
 20
196.3
 10
140.25549438915942
 20
196.3
 10
140.50546262968453
 20
196.3
 10
140.7554308702096
 20
196.3
 10
141.00539911073471
 20
196.3
 10
141.25536735125982
 20
196.3
 10
141.50533559178487
 20
196.3
 10
141.75530383230998
 20
196.3
 10
142.00527207283506
 20
196.3
 10
142.25524031336016
 20
196.3
 10
142.50520855388527
 20
196.3
 10
142.75517679441032
 20
196.3
 10
143.00514503493542
 20
196.3
 10
143.2551132754605
 20
196.3
 10
143.5050815159856
 20
196.3
 10
143.75504975651072
 20
196.3
 10
144.0050179970358
 20
196.3
 10
144.25498623756087
 20
196.3
 10
144.50495447808598
 20
196.3
 10
144.75492271861106
 20
196.3
 10
145.00489095913616
 20
196.3
 10
145.25485919966124
 20
196.3
 10
145.50482744018632
 20
196.3
 10
145.75479568071142
 20
196.3
 10
146.0047639212365
 20
196.3
 10
146.25473216176158
 20
196.3
 10
146.5047004022867
 20
196.3
 10
146.75466864281177
 20
196.3
 10
147.00463688333687
 20
196.3
 10
147.25460512386195
 20
196.3
 10
147.50457336438703
 20
196.3
 10
147.75454160491213
 20
196.3
 10
148.0045098454372
 20
196.3
 10
148.25447808596232
 20
196.3
 10
148.5044463264874
 20
196.3
 10
148.75441456701247
 20
196.3
 10
149.00438280753758
 20
196.3
 10
149.25435104806266
 20
196.3
 10
149.50431928858777
 20
196.3
 10
149.75428752911287
 20
196.3
 10
150.00425576963792
 20
196.3
 10
150.25422401016303
 20
196.3
 10
150.5041922506881
 20
196.3
 10
150.7541604912132
 20
196.3
 10
151.00412873173832
 20
196.3
 10
151.2540969722634
 20
196.3
 10
151.50406521278848
 20
196.3
 10
151.75403345331358
 20
196.3
 10
152.00400169383866
 20
196.3
 10
152.25396993436377
 20
196.3
 10
152.50393817488884
 20
196.3
 10
152.75390641541392
 20
196.3
 10
153.00387465593903
 20
196.3
 10
153.2538428964641
 20
196.3
 10
153.5038111369892
 20
196.3
 10
153.7537793775143
 20
196.3
 10
154.00374761803937
 20
196.3
 10
154.25371585856448
 20
196.3
 10
154.50368409908958
 20
196.3
 10
154.75365233961463
 20
196.3
 10
155.00362058013974
 20
196.3
 10
155.25358882066482
 20
196.3
 10
155.50355706118992
 20
196.3
 10
155.75352530171503
 20
196.3
 10
156.0034935422401
 20
196.3
 10
156.2534617827652
 20
196.3
 10
156.5034300232903
 20
196.3
 10
156.75339826381537
 20
196.3
 10
157.00336650434048
 20
196.3
 10
157.25333474486555
 20
196.3
 10
157.50330298539066
 20
196.3
 10
157.75327122591574
 20
196.3
 10
158.00323946644082
 20
196.3
 10
158.25320770696592
 20
196.3
 10
158.503175947491
 20
196.3
 10
158.75314418801608
 20
196.3
 10
159.0031124285412
 20
196.3
 10
159.25308066906626
 20
196.3
 10
159.50304890959137
 20
196.3
 10
159.75301715011645
 20
196.3
 10
160.00298539064153
 20
196.3
 10
160.25295363116663
 20
196.3
 10
160.5029218716917
 20
196.3
 10
160.75289011221682
 20
196.3
 10
161.0028583527419
 20
196.3
 10
161.25282659326697
 20
196.3
 10
161.50279483379208
 20
196.3
 10
161.75276307431716
 20
196.3
 10
162.00273131484226
 20
196.3
 10
162.25269955536737
 20
196.3
 10
162.50266779589245
 20
196.3
 10
162.75263603641753
 20
196.3
 10
163.00260427694263
 20
196.3
 10
163.2525725174677
 20
196.3
 10
163.50254075799282
 20
196.3
 10
163.7525089985179
 20
196.3
 10
164.00247723904297
 20
196.3
 10
164.25244547956808
 20
196.3
 10
164.50241372009316
 20
196.3
 10
164.75238196061827
 20
196.3
 10
165.00235020114334
 20
196.3
 10
165.25231844166842
 20
196.3
 10
165.50228668219353
 20
196.3
 10
165.7522549227186
 20
196.3
 10
166.0022231632437
 20
196.3
 10
166.2521914037688
 20
196.3
 10
166.50215964429387
 20
196.3
 10
166.75212788481898
 20
196.3
 10
167.00209612534405
 20
196.3
 10
167.25206436586913
 20
196.3
 10
167.50203260639424
 20
196.3
 10
167.75200084691934
 20
196.3
 10
168.00196908744442
 20
196.3
 10
168.25193732796953
 20
196.3
 10
168.5019055684946
 20
196.3
 10
168.7518738090197
 20
196.3
 10
169.0018420495448
 20
196.3
 10
169.25181029006987
 20
196.3
 10
169.50177853059498
 20
196.3
 10
169.75174677112005
 20
196.3
 10
170.00171501164513
 20
196.3
 10
170.25168325217024
 20
196.3
 10
170.50165149269532
 20
196.3
 10
170.75161973322042
 20
196.3
 10
171.0015879737455
 20
196.3
 10
171.25155621427058
 20
196.3
 10
171.50152445479569
 20
196.3
 10
171.75149269532076
 20
196.3
 10
172.00146093584587
 20
196.3
 10
172.25142917637095
 20
196.3
 10
172.50139741689603
 20
196.3
 10
172.75136565742113
 20
196.3
 10
173.0013338979462
 20
196.3
 10
173.25130213847132
 20
196.3
 10
173.5012703789964
 20
196.3
 10
173.75123861952147
 20
196.3
 10
174.00120686004658
 20
196.3
 10
174.25117510057166
 20
196.3
 10
174.50114334109676
 20
196.3
 10
174.75111158162187
 20
196.3
 10
175.00107982214695
 20
196.3
 10
175.25104806267203
 20
196.3
 10
175.50101630319713
 20
196.3
 10
175.7509845437222
 20
196.3
 10
176.00095278424732
 20
196.3
 10
176.2509210247724
 20
196.3
 10
176.50088926529747
 20
196.3
 10
176.75085750582258
 20
196.3
 10
177.00082574634766
 20
196.3
 10
177.25079398687276
 20
196.3
 10
177.50076222739784
 20
196.3
 10
177.75073046792292
 20
196.3
 10
178.00069870844803
 20
196.3
 10
178.2506669489731
 20
196.3
 10
178.50063518949818
 20
196.3
 10
178.7506034300233
 20
196.3
 10
179.00057167054837
 20
196.3
 10
179.25053991107347
 20
196.3
 10
179.50050815159855
 20
196.3
 10
179.75047639212363
 20
196.3
 10
180.00044463264874
 20
196.3
 10
180.25041287317381
 20
196.3
 10
180.50038111369892
 20
196.3
 10
180.75034935422403
 20
196.3
 10
181.0003175947491
 20
196.3
 10
181.25028583527418
 20
196.3
 10
181.5002540757993
 20
196.3
 10
181.75022231632437
 20
196.3
 10
182.00019055684947
 20
196.3
 10
182.25015879737455
 20
196.3
 10
182.50012703789963
 20
196.3
 10
182.75009527842474
 20
196.3
 10
183.00006351894982
 20
196.3
 10
183.25003175947492
 20
196.3
  0
LWPOLYLINE
  5
33
330
17
100
AcDbEntity
  8
REFERENCE_GEOMETRY
100
AcDbPolyline
 90
72
 70
1
 10
313.6999999821764
 20
5.499999999823814
 10
313.6935309689322
 20
5.648164762497802
 10
313.6741731622966
 20
5.7952019018635115
 10
313.6420738868666
 20
5.9399923765069165
 10
313.59747743751035
 20
6.081434243489102
 10
313.5407232201355
 20
6.218451044797401
 10
313.47224316860536
 20
6.349999999840848
 10
313.3925584574615
 20
6.475079941640133
 10
313.30227553547064
 20
6.59273893631283
 10
313.2020815101835
 20
6.702081527865035
 10
313.0927389186313
 20
6.802275553152175
 10
312.9750799239586
 20
6.892558475143007
 10
312.8499999821593
 20
6.972243186286864
 10
312.71845102711586
 20
7.040723237816995
 10
312.5814342258076
 20
7.097477455191872
 10
312.4399923588254
 20
7.142073904548138
 10
312.295201884182
 20
7.174173179978118
 10
312.1481647448163
 20
7.1935309866137205
 10
311.9999999821423
 20
7.199999999857883
 10
311.8518352194683
 20
7.1935309866137205
 10
311.7047980801026
 20
7.174173179978118
 10
311.5600076054592
 20
7.142073904548138
 10
311.418565738477
 20
7.097477455191872
 10
311.28154893716874
 20
7.040723237816996
 10
311.1499999821253
 20
6.972243186286864
 10
311.024920040326
 20
6.892558475143007
 10
310.9072610456533
 20
6.802275553152175
 10
310.7979184541011
 20
6.702081527865035
 10
310.69772442881396
 20
6.59273893631283
 10
310.6074415068231
 20
6.475079941640133
 10
310.52775679567924
 20
6.349999999840849
 10
310.4592767441491
 20
6.218451044797401
 10
310.40252252677425
 20
6.081434243489103
 10
310.35792607741797
 20
5.9399923765069165
 10
310.325826801988
 20
5.7952019018635115
 10
310.3064689953524
 20
5.648164762497802
 10
310.2999999821082
 20
5.499999999823814
 10
310.3064689953524
 20
5.351835237149826
 10
310.325826801988
 20
5.204798097784117
 10
310.35792607741797
 20
5.060007623140711
 10
310.40252252677425
 20
4.918565756158525
 10
310.4592767441491
 20
4.781548954850228
 10
310.52775679567924
 20
4.649999999806779
 10
310.6074415068231
 20
4.524920058007495
 10
310.69772442881396
 20
4.407261063334799
 10
310.7979184541011
 20
4.297918471782593
 10
310.9072610456533
 20
4.197724446495453
 10
311.024920040326
 20
4.10744152450462
 10
311.1499999821253
 20
4.027756813360764
 10
311.28154893716874
 20
3.9592767618306324
 10
311.418565738477
 20
3.9025225444557554
 10
311.5600076054592
 20
3.85792609509949
 10
311.7047980801026
 20
3.8258268196695093
 10
311.8518352194683
 20
3.806469013033907
 10
311.9999999821423
 20
3.799999999789745
 10
312.1481647448163
 20
3.806469013033907
 10
312.295201884182
 20
3.825826819669509
 10
312.4399923588254
 20
3.8579260950994896
 10
312.5814342258076
 20
3.9025225444557554
 10
312.71845102711586
 20
3.9592767618306315
 10
312.8499999821593
 20
4.027756813360763
 10
312.9750799239586
 20
4.107441524504621
 10
313.0927389186313
 20
4.197724446495453
 10
313.2020815101835
 20
4.297918471782593
 10
313.30227553547064
 20
4.407261063334797
 10
313.3925584574615
 20
4.524920058007494
 10
313.47224316860536
 20
4.64999999980678
 10
313.5407232201355
 20
4.7815489548502255
 10
313.59747743751035
 20
4.918565756158525
 10
313.6420738868666
 20
5.060007623140711
 10
313.6741731622966
 20
5.204798097784116
 10
313.6935309689322
 20
5.3518352371498255
  0
LWPOLYLINE
  5
34
330
17
100
AcDbEntity
  8
REFERENCE_GEOMETRY
100
AcDbPolyline
 90
72
 70
1
 10
313.699999978488
 20
190.79999999456874
 10
313.69353096524384
 20
190.94816475724235
 10
313.6741731586083
 20
191.0952018966077
 10
313.6420738831784
 20
191.23999237125074
 10
313.59747743382223
 20
191.38143423823257
 10
313.54072321644753
 20
191.5184510395405
 10
313.4722431649176
 20
191.64999999458362
 10
313.3925584537739
 20
191.7750799363826
 10
313.3022755317833
 20
191.892738931055
 10
313.2020815064964
 20
192.00208152260694
 10
313.0927389149445
 20
192.1022755478938
 10
312.9750799202721
 20
192.19255846988443
 10
312.84999997847314
 20
192.27224318102807
 10
312.71845102343
 20
192.34072323255805
 10
312.581434222122
 20
192.39747744993278
 10
312.4399923551402
 20
192.4420738992889
 10
312.2952018804972
 20
192.47417317471883
 10
312.14816474113184
 20
192.49353098135438
 10
311.9999999784582
 20
192.4999999945985
 10
311.8518352157846
 20
192.49353098135438
 10
311.70479807641925
 20
192.47417317471883
 10
311.56000760177625
 20
192.4420738992889
 10
311.4185657347944
 20
192.39747744993278
 10
311.2815489334864
 20
192.34072323255805
 10
311.1499999784433
 20
192.27224318102807
 10
311.02492003664435
 20
192.19255846988443
 10
310.90726104197194
 20
192.1022755478938
 10
310.79791845042
 20
192.00208152260694
 10
310.6977244251331
 20
191.892738931055
 10
310.6074415031425
 20
191.7750799363826
 10
310.52775679199885
 20
191.64999999458362
 10
310.4592767404689
 20
191.5184510395405
 10
310.4025225230942
 20
191.38143423823257
 10
310.35792607373804
 20
191.23999237125074
 10
310.3258267983081
 20
191.09520189660768
 10
310.3064689916726
 20
190.94816475724235
 10
310.29999997842845
 20
190.79999999456874
 10
310.3064689916726
 20
190.65183523189512
 10
310.3258267983081
 20
190.5047980925298
 10
310.35792607373804
 20
190.36000761788674
 10
310.4025225230942
 20
190.2185657509049
 10
310.4592767404689
 20
190.08154894959696
 10
310.52775679199885
 20
189.94999999455385
 10
310.6074415031425
 20
189.82492005275486
 10
310.6977244251331
 20
189.70726105808248
 10
310.79791845042
 20
189.59791846653053
 10
310.90726104197194
 20
189.49772444124366
 10
311.02492003664435
 20
189.40744151925304
 10
311.1499999784433
 20
189.3277568081094
 10
311.2815489334864
 20
189.25927675657942
 10
311.4185657347944
 20
189.2025225392047
 10
311.56000760177625
 20
189.15792608984856
 10
311.70479807641925
 20
189.12582681441864
 10
311.8518352157846
 20
189.1064690077831
 10
311.9999999784582
 20
189.09999999453896
 10
312.14816474113184
 20
189.1064690077831
 10
312.2952018804972
 20
189.12582681441864
 10
312.4399923551402
 20
189.15792608984856
 10
312.581434222122
 20
189.2025225392047
 10
312.71845102343
 20
189.25927675657942
 10
312.84999997847314
 20
189.3277568081094
 10
312.9750799202721
 20
189.40744151925304
 10
313.0927389149445
 20
189.49772444124366
 10
313.2020815064964
 20
189.59791846653053
 10
313.3022755317833
 20
189.70726105808248
 10
313.3925584537739
 20
189.82492005275486
 10
313.4722431649176
 20
189.94999999455385
 10
313.54072321644753
 20
190.08154894959696
 10
313.59747743382223
 20
190.2185657509049
 10
313.6420738831784
 20
190.36000761788674
 10
313.6741731586083
 20
190.50479809252977
 10
313.69353096524384
 20
190.65183523189512
  0
LWPOLYLINE
  5
35
330
17
100
AcDbEntity
  8
REFERENCE_GEOMETRY
100
AcDbPolyline
 90
72
 70
1
 10
223.6999999967169
 20
5.499999999844212
 10
223.69353098347284
 20
5.648164762516148
 10
223.6741731768375
 20
5.795201901879822
 10
223.64207390140797
 20
5.939992376521222
 10
223.59747745205232
 20
6.08143424350145
 10
223.54072323467824
 20
6.218451044807851
 10
223.47224318314903
 20
6.349999999849476
 10
223.3925584720063
 20
6.475079941647029
 10
223.3022755500167
 20
6.592738936318096
 10
223.20208152473094
 20
6.7020815278687875
 10
223.09273893318027
 20
6.80227555315454
 10
222.9750799385092
 20
6.8925584751441225
 10
222.84999999671163
 20
6.9722431862868754
 10
222.71845104167002
 20
7.040723237816059
 10
222.58143424036362
 20
7.09747745519015
 10
222.43999237338338
 20
7.142073904545797
 10
222.295201898742
 20
7.174173179975334
 10
222.14816475937832
 20
7.193530986610668
 10
221.99999999670638
 20
7.19999999985474
 10
221.85183523403444
 20
7.193530986610668
 10
221.70479809467076
 20
7.174173179975334
 10
221.56000762002938
 20
7.142073904545798
 10
221.41856575304914
 20
7.09747745519015
 10
221.28154895174274
 20
7.040723237816059
 10
221.14999999670113
 20
6.9722431862868754
 10
221.02492005490356
 20
6.8925584751441225
 10
220.90726106023249
 20
6.80227555315454
 10
220.79791846868181
 20
6.7020815278687875
 10
220.69772444339605
 20
6.592738936318097
 10
220.60744152140646
 20
6.475079941647029
 10
220.52775681026372
 20
6.3499999998494765
 10
220.45927675873452
 20
6.218451044807851
 10
220.40252254136044
 20
6.08143424350145
 10
220.3579260920048
 20
5.9399923765212215
 10
220.32582681657524
 20
5.795201901879821
 10
220.30646900993992
 20
5.648164762516148
 10
220.29999999669585
 20
5.499999999844212
 10
220.30646900993992
 20
5.351835237172276
 10
220.32582681657524
 20
5.204798097808602
 10
220.3579260920048
 20
5.060007623167202
 10
220.40252254136044
 20
4.918565756186974
 10
220.45927675873452
 20
4.781548954880574
 10
220.52775681026372
 20
4.649999999838947
 10
220.60744152140646
 20
4.524920058041395
 10
220.69772444339605
 20
4.407261063370328
 10
220.79791846868181
 20
4.297918471819636
 10
220.90726106023249
 20
4.197724446533884
 10
221.02492005490356
 20
4.107441524544301
 10
221.14999999670113
 20
4.027756813401548
 10
221.28154895174274
 20
3.959276761872365
 10
221.41856575304914
 20
3.9025225444982734
 10
221.56000762002938
 20
3.8579260951426257
 10
221.70479809467076
 20
3.8258268197130896
 10
221.85183523403444
 20
3.8064690130777556
 10
221.99999999670638
 20
3.799999999833683
 10
222.14816475937832
 20
3.8064690130777556
 10
222.295201898742
 20
3.825826819713089
 10
222.43999237338338
 20
3.8579260951426253
 10
222.58143424036362
 20
3.902522544498274
 10
222.71845104167002
 20
3.9592767618723643
 10
222.84999999671163
 20
4.027756813401547
 10
222.9750799385092
 20
4.107441524544301
 10
223.09273893318027
 20
4.197724446533884
 10
223.20208152473094
 20
4.297918471819636
 10
223.3022755500167
 20
4.407261063370327
 10
223.3925584720063
 20
4.524920058041394
 10
223.47224318314903
 20
4.649999999838948
 10
223.54072323467824
 20
4.781548954880572
 10
223.59747745205232
 20
4.9185657561869744
 10
223.64207390140797
 20
5.060007623167202
 10
223.6741731768375
 20
5.2047980978086015
 10
223.69353098347284
 20
5.351835237172275
  0
LWPOLYLINE
  5
36
330
17
100
AcDbEntity
  8
REFERENCE_GEOMETRY
100
AcDbPolyline
 90
72
 70
1
 10
223.69999999803306
 20
190.79999999795024
 10
223.69353098478905
 20
190.94816476062124
 10
223.67417317815384
 20
191.09520189998398
 10
223.6420739027245
 20
191.23999237462448
 10
223.59747745336912
 20
191.3814342416038
 10
223.5407232359954
 20
191.51845104290936
 10
223.47224318446663
 20
191.64999999795015
 10
223.39255847332439
 20
191.77507993974692
 10
223.30227555133538
 20
191.89273893441725
 10
223.20208152605025
 20
192.00208152596724
 10
223.09273893450026
 20
192.10227555125238
 10
222.97507993982993
 20
192.19255847324138
 10
222.84999999803316
 20
192.27224318438363
 10
222.71845104299237
 20
192.34072323591238
 10
222.58143424168682
 20
192.39747745328611
 10
222.4399923747075
 20
192.44207390264148
 10
222.29520190006698
 20
192.47417317807083
 10
222.14816476070425
 20
192.49353098470604
 10
221.99999999803325
 20
192.49999999795006
 10
221.85183523536224
 20
192.49353098470604
 10
221.7047980959995
 20
192.47417317807083
 10
221.560007621359
 20
192.44207390264148
 10
221.41856575437967
 20
192.39747745328611
 10
221.28154895307412
 20
192.34072323591238
 10
221.14999999803334
 20
192.27224318438363
 10
221.02492005623657
 20
192.19255847324138
 10
220.90726106156623
 20
192.10227555125238
 10
220.79791847001624
 20
192.00208152596724
 10
220.6977244447311
 20
191.89273893441725
 10
220.6074415227421
 20
191.77507993974692
 10
220.52775681159986
 20
191.64999999795015
 10
220.4592767600711
 20
191.51845104290936
 10
220.40252254269737
 20
191.3814342416038
 10
220.357926093342
 20
191.23999237462448
 10
220.32582681791266
 20
191.09520189998398
 10
220.30646901127744
 20
190.94816476062124
 10
220.29999999803343
 20
190.79999999795024
 10
220.30646901127744
 20
190.65183523527924
 10
220.32582681791266
 20
190.5047980959165
 10
220.357926093342
 20
190.360007621276
 10
220.40252254269737
 20
190.21856575429666
 10
220.4592767600711
 20
190.0815489529911
 10
220.52775681159986
 20
189.94999999795033
 10
220.6074415227421
 20
189.82492005615356
 10
220.6977244447311
 20
189.70726106148322
 10
220.79791847001624
 20
189.59791846993323
 10
220.90726106156623
 20
189.4977244446481
 10
221.02492005623657
 20
189.4074415226591
 10
221.14999999803334
 20
189.32775681151685
 10
221.28154895307412
 20
189.2592767599881
 10
221.41856575437967
 20
189.20252254261436
 10
221.560007621359
 20
189.157926093259
 10
221.7047980959995
 20
189.12582681782965
 10
221.85183523536224
 20
189.10646901119443
 10
221.99999999803325
 20
189.09999999795042
 10
222.14816476070425
 20
189.10646901119443
 10
222.29520190006698
 20
189.12582681782965
 10
222.4399923747075
 20
189.157926093259
 10
222.58143424168682
 20
189.20252254261436
 10
222.71845104299237
 20
189.2592767599881
 10
222.84999999803316
 20
189.32775681151685
 10
222.97507993982993
 20
189.4074415226591
 10
223.09273893450026
 20
189.4977244446481
 10
223.20208152605025
 20
189.59791846993323
 10
223.30227555133538
 20
189.70726106148322
 10
223.39255847332439
 20
189.82492005615356
 10
223.47224318446663
 20
189.94999999795033
 10
223.5407232359954
 20
190.0815489529911
 10
223.59747745336912
 20
190.21856575429666
 10
223.6420739027245
 20
190.360007621276
 10
223.67417317815384
 20
190.5047980959165
 10
223.69353098478905
 20
190.65183523527924
  0
LWPOLYLINE
  5
37
330
17
100
AcDbEntity
  8
REFERENCE_GEOMETRY
100
AcDbPolyline
 90
72
 70
1
 10
123.70000000026792
 20
5.50000000002648
 10
123.69353098702389
 20
5.648164762697344
 10
123.67417318038869
 20
5.7952019020599534
 10
123.64207390495939
 20
5.939992376700306
 10
123.59747745560406
 20
6.081434243679509
 10
123.54072323823038
 20
6.218451044984919
 10
123.4722431867017
 20
6.350000000025592
 10
123.39255847555953
 20
6.47507994182224
 10
123.3022755535706
 20
6.592738936492455
 10
123.20208152828558
 20
6.702081528042355
 10
123.09273893673567
 20
6.802275553327382
 10
122.97507994206545
 20
6.892558475316311
 10
122.8500000002688
 20
6.9722431864584875
 10
122.71845104522814
 20
7.040723237987176
 10
122.58143424392273
 20
7.097477455360855
 10
122.43999237694352
 20
7.142073904716181
 10
122.29520190230316
 20
7.174173180145485
 10
122.14816476294055
 20
7.1935309867806785
 10
122.0000000002697
 20
7.200000000024704
 10
121.85183523759883
 20
7.1935309867806785
 10
121.70479809823622
 20
7.174173180145485
 10
121.56000762359587
 20
7.142073904716181
 10
121.41856575661666
 20
7.097477455360855
 10
121.28154895531125
 20
7.040723237987176
 10
121.15000000027058
 20
6.9722431864584875
 10
121.02492005847394
 20
6.892558475316311
 10
120.90726106380372
 20
6.802275553327382
 10
120.79791847225381
 20
6.702081528042355
 10
120.69772444696879
 20
6.592738936492456
 10
120.60744152497986
 20
6.47507994182224
 10
120.52775681383768
 20
6.3500000000255925
 10
120.459276762309
 20
6.218451044984919
 10
120.40252254493532
 20
6.08143424367951
 10
120.35792609558
 20
5.939992376700306
 10
120.3258268201507
 20
5.7952019020599534
 10
120.3064690135155
 20
5.648164762697344
 10
120.30000000027147
 20
5.50000000002648
 10
120.3064690135155
 20
5.351835237355616
 10
120.3258268201507
 20
5.204798097993008
 10
120.35792609558
 20
5.060007623352655
 10
120.40252254493532
 20
4.918565756373451
 10
120.459276762309
 20
4.781548955068042
 10
120.52775681383768
 20
4.650000000027368
 10
120.60744152497986
 20
4.524920058230721
 10
120.69772444696879
 20
4.407261063560505
 10
120.79791847225381
 20
4.297918472010606
 10
120.90726106380372
 20
4.197724446725578
 10
121.02492005847394
 20
4.1074415247366485
 10
121.15000000027058
 20
4.027756813594473
 10
121.28154895531125
 20
3.9592767620657856
 10
121.41856575661666
 20
3.902522544692105
 10
121.56000762359587
 20
3.8579260953367798
 10
121.70479809823622
 20
3.8258268199074754
 10
121.85183523759883
 20
3.806469013272282
 10
122.0000000002697
 20
3.8000000000282563
 10
122.14816476294055
 20
3.806469013272282
 10
122.29520190230316
 20
3.8258268199074754
 10
122.43999237694352
 20
3.8579260953367793
 10
122.58143424392273
 20
3.902522544692105
 10
122.71845104522814
 20
3.9592767620657847
 10
122.8500000002688
 20
4.027756813594472
 10
122.97507994206545
 20
4.107441524736649
 10
123.09273893673567
 20
4.197724446725578
 10
123.20208152828558
 20
4.297918472010605
 10
123.3022755535706
 20
4.4072610635605045
 10
123.39255847555953
 20
4.52492005823072
 10
123.4722431867017
 20
4.650000000027369
 10
123.54072323823038
 20
4.781548955068041
 10
123.59747745560406
 20
4.918565756373451
 10
123.64207390495939
 20
5.0600076233526545
 10
123.67417318038869
 20
5.204798097993007
 10
123.69353098702389
 20
5.3518352373556155
  0
LWPOLYLINE
  5
38
330
17
100
AcDbEntity
  8
REFERENCE_GEOMETRY
100
AcDbPolyline
 90
72
 70
1
 10
123.69999999990658
 20
190.80000000152341
 10
123.69353098666255
 20
190.94816476419442
 10
123.67417318002734
 20
191.09520190355715
 10
123.64207390459799
 20
191.23999237819766
 10
123.59747745524263
 20
191.381434245177
 10
123.5407232378689
 20
191.51845104648254
 10
123.47224318634015
 20
191.65000000152332
 10
123.39255847519789
 20
191.7750799433201
 10
123.30227555320889
 20
191.89273893799043
 10
123.20208152792375
 20
192.00208152954042
 10
123.09273893637375
 20
192.10227555482555
 10
122.97507994170343
 20
192.19255847681455
 10
122.84999999990666
 20
192.2722431879568
 10
122.71845104486586
 20
192.34072323948556
 10
122.58143424356032
 20
192.3974774568593
 10
122.43999237658099
 20
192.44207390621466
 10
122.2952019019405
 20
192.474173181644
 10
122.14816476257775
 20
192.49353098827922
 10
121.99999999990675
 20
192.50000000152323
 10
121.85183523723575
 20
192.49353098827922
 10
121.704798097873
 20
192.474173181644
 10
121.56000762323251
 20
192.44207390621466
 10
121.41856575625317
 20
192.3974774568593
 10
121.28154895494764
 20
192.34072323948556
 10
121.14999999990684
 20
192.2722431879568
 10
121.02492005811007
 20
192.19255847681455
 10
120.90726106343975
 20
192.10227555482555
 10
120.79791847188974
 20
192.00208152954042
 10
120.69772444660461
 20
191.89273893799043
 10
120.60744152461561
 20
191.7750799433201
 10
120.52775681347335
 20
191.65000000152332
 10
120.4592767619446
 20
191.51845104648254
 10
120.40252254457087
 20
191.381434245177
 10
120.3579260952155
 20
191.23999237819766
 10
120.32582681978616
 20
191.09520190355715
 10
120.30646901315095
 20
190.94816476419442
 10
120.29999999990692
 20
190.80000000152341
 10
120.30646901315095
 20
190.6518352388524
 10
120.32582681978616
 20
190.50479809948968
 10
120.3579260952155
 20
190.36000762484917
 10
120.40252254457087
 20
190.21856575786984
 10
120.4592767619446
 20
190.0815489565643
 10
120.52775681347335
 20
189.9500000015235
 10
120.60744152461561
 20
189.82492005972674
 10
120.69772444660461
 20
189.7072610650564
 10
120.79791847188974
 20
189.5979184735064
 10
120.90726106343975
 20
189.49772444822128
 10
121.02492005811007
 20
189.40744152623228
 10
121.14999999990684
 20
189.32775681509003
 10
121.28154895494762
 20
189.25927676356127
 10
121.41856575625317
 20
189.20252254618754
 10
121.56000762323251
 20
189.15792609683217
 10
121.704798097873
 20
189.12582682140282
 10
121.85183523723575
 20
189.1064690147676
 10
121.99999999990675
 20
189.1000000015236
 10
122.14816476257775
 20
189.1064690147676
 10
122.2952019019405
 20
189.12582682140282
 10
122.43999237658099
 20
189.15792609683217
 10
122.58143424356032
 20
189.20252254618754
 10
122.71845104486586
 20
189.25927676356127
 10
122.84999999990666
 20
189.32775681509003
 10
122.97507994170343
 20
189.40744152623228
 10
123.09273893637375
 20
189.49772444822128
 10
123.20208152792375
 20
189.5979184735064
 10
123.30227555320889
 20
189.7072610650564
 10
123.39255847519789
 20
189.82492005972674
 10
123.47224318634015
 20
189.9500000015235
 10
123.5407232378689
 20
190.0815489565643
 10
123.59747745524263
 20
190.21856575786984
 10
123.64207390459799
 20
190.36000762484917
 10
123.67417318002734
 20
190.50479809948968
 10
123.69353098666255
 20
190.6518352388524
  0
LWPOLYLINE
  5
39
330
17
100
AcDbEntity
  8
REFERENCE_GEOMETRY
100
AcDbPolyline
 90
72
 70
1
 10
63.000000000013316
 20
98.15000000007694
 10
62.97716818856379
 20
98.67293445656286
 10
62.90884651808657
 20
99.19188906607845
 10
62.79555495774774
 20
99.70291427069195
 10
62.63815572472879
 20
100.2021208600308
 10
62.43784672223326
 20
100.68570957052094
 10
62.19615242272001
 20
101.15000000007672
 10
61.91491226574735
 20
101.59145861818295
 10
61.59626665872729
 20
102.00672565819589
 10
61.242640687132734
 20
102.39264068719591
 10
60.85672565813272
 20
102.74626665879046
 10
60.44145861811979
 20
103.06491226581052
 10
60.00000000001354
 20
103.34615242278318
 10
59.535709570457776
 20
103.58784672229643
 10
59.05212085996763
 20
103.78815572479196
 10
58.552914270628776
 20
103.94555495781091
 10
58.04188906601527
 20
104.05884651814975
 10
57.52293445649968
 20
104.12716818862697
 10
57.00000000001377
 20
104.15000000007649
 10
56.477065543527864
 20
104.12716818862697
 10
55.95811093401227
 20
104.05884651814975
 10
55.447085729398765
 20
103.94555495781091
 10
54.94787914005992
 20
103.78815572479196
 10
54.464290429569765
 20
103.58784672229643
 10
54.000000000014
 20
103.34615242278318
 10
53.55854138190775
 20
103.06491226581052
 10
53.14327434189482
 20
102.74626665879046
 10
52.757359312894806
 20
102.39264068719591
 10
52.40373334130025
 20
102.00672565819589
 10
52.085087734280194
 20
101.59145861818295
 10
51.803847577307536
 20
101.15000000007672
 10
51.56215327779428
 20
100.68570957052094
 10
51.36184427529875
 20
100.2021208600308
 10
51.2044450422798
 20
99.70291427069195
 10
51.09115348194097
 20
99.19188906607845
 10
51.02283181146375
 20
98.67293445656286
 10
51.000000000014225
 20
98.15000000007694
 10
51.02283181146375
 20
97.62706554359103
 10
51.09115348194097
 20
97.10811093407544
 10
51.2044450422798
 20
96.59708572946194
 10
51.36184427529875
 20
96.09787914012308
 10
51.56215327779428
 20
95.61429042963294
 10
51.803847577307536
 20
95.15000000007717
 10
52.085087734280194
 20
94.70854138197093
 10
52.403733341300246
 20
94.293274341958
 10
52.757359312894806
 20
93.90735931295798
 10
53.14327434189482
 20
93.55373334136343
 10
53.55854138190776
 20
93.23508773434337
 10
54.000000000014
 20
92.95384757737071
 10
54.464290429569765
 20
92.71215327785745
 10
54.94787914005992
 20
92.51184427536192
 10
55.447085729398765
 20
92.35444504234297
 10
55.95811093401227
 20
92.24115348200414
 10
56.47706554352786
 20
92.17283181152692
 10
57.00000000001377
 20
92.1500000000774
 10
57.52293445649968
 20
92.17283181152692
 10
58.04188906601527
 20
92.24115348200414
 10
58.552914270628776
 20
92.35444504234297
 10
59.05212085996763
 20
92.51184427536192
 10
59.53570957045777
 20
92.71215327785745
 10
60.000000000013536
 20
92.95384757737071
 10
60.44145861811979
 20
93.23508773434337
 10
60.85672565813272
 20
93.55373334136343
 10
61.242640687132734
 20
93.90735931295798
 10
61.59626665872729
 20
94.293274341958
 10
61.91491226574735
 20
94.70854138197093
 10
62.19615242272001
 20
95.15000000007717
 10
62.43784672223326
 20
95.61429042963293
 10
62.63815572472879
 20
96.09787914012308
 10
62.79555495774774
 20
96.59708572946194
 10
62.90884651808657
 20
97.10811093407544
 10
62.97716818856379
 20
97.62706554359103
  0
LWPOLYLINE
  5
3A
330
17
100
AcDbEntity
  8
REFERENCE_GEOMETRY
100
AcDbPolyline
 90
72
 70
1
 10
23.69999999999978
 20
5.500000000000081
 10
23.693530986755746
 20
5.648164762671101
 10
23.674173180120533
 20
5.795201902033865
 10
23.642073904691195
 20
5.939992376674369
 10
23.59747745533582
 20
6.081434243653722
 10
23.540723237962084
 20
6.218451044959275
 10
23.47224318643332
 20
6.350000000000087
 10
23.39255847529106
 20
6.475079941796866
 10
23.30227555330204
 20
6.592738936467206
 10
23.202081528016905
 20
6.702081528017221
 10
23.09273893646689
 20
6.802275553302353
 10
22.97507994179655
 20
6.892558475291377
 10
22.84999999999977
 20
6.972243186433637
 10
22.71845104495896
 20
7.040723237962397
 10
22.58143424365341
 20
7.097477455336136
 10
22.439992376674056
 20
7.142073904691509
 10
22.29520190203355
 20
7.174173180120847
 10
22.148164762670785
 20
7.193530986756061
 10
21.999999999999766
 20
7.200000000000093
 10
21.851835237328746
 20
7.193530986756061
 10
21.70479809796598
 20
7.174173180120847
 10
21.560007623325475
 20
7.142073904691509
 10
21.418565756346126
 20
7.097477455336137
 10
21.28154895504057
 20
7.040723237962397
 10
21.14999999999976
 20
6.972243186433637
 10
21.02492005820298
 20
6.892558475291377
 10
20.90726106353264
 20
6.802275553302353
 10
20.797918471982626
 20
6.702081528017221
 10
20.697724446697492
 20
6.592738936467206
 10
20.60744152470847
 20
6.475079941796866
 10
20.52775681356621
 20
6.350000000000088
 10
20.459276762037447
 20
6.218451044959275
 10
20.40252254466371
 20
6.081434243653722
 10
20.357926095308336
 20
5.939992376674369
 10
20.325826819878998
 20
5.795201902033864
 10
20.306469013243785
 20
5.648164762671101
 10
20.299999999999752
 20
5.500000000000081
 10
20.306469013243785
 20
5.351835237329062
 10
20.325826819878998
 20
5.2047980979662976
 10
20.357926095308336
 20
5.060007623325793
 10
20.40252254466371
 20
4.91856575634644
 10
20.459276762037447
 20
4.781548955040887
 10
20.52775681356621
 20
4.650000000000074
 10
20.60744152470847
 20
4.524920058203295
 10
20.697724446697492
 20
4.407261063532957
 10
20.797918471982626
 20
4.297918471982941
 10
20.90726106353264
 20
4.1977244466978085
 10
21.02492005820298
 20
4.107441524708784
 10
21.149999999999757
 20
4.0277568135665245
 10
21.28154895504057
 20
3.959276762037765
 10
21.418565756346126
 20
3.9025225446640244
 10
21.56000762332548
 20
3.8579260953086525
 10
21.70479809796598
 20
3.825826819879315
 10
21.851835237328746
 20
3.806469013244101
 10
21.999999999999766
 20
3.800000000000068
 10
22.148164762670785
 20
3.806469013244101
 10
22.295201902033547
 20
3.825826819879315
 10
22.439992376674052
 20
3.8579260953086525
 10
22.58143424365341
 20
3.902522544664025
 10
22.718451044958957
 20
3.959276762037764
 10
22.84999999999977
 20
4.027756813566524
 10
22.97507994179655
 20
4.1074415247087845
 10
23.09273893646689
 20
4.1977244466978085
 10
23.202081528016905
 20
4.297918471982941
 10
23.30227555330204
 20
4.407261063532955
 10
23.39255847529106
 20
4.5249200582032945
 10
23.47224318643332
 20
4.650000000000075
 10
23.54072323796208
 20
4.781548955040885
 10
23.59747745533582
 20
4.91856575634644
 10
23.642073904691195
 20
5.0600076233257925
 10
23.674173180120533
 20
5.204798097966297
 10
23.693530986755746
 20
5.351835237329061
  0
LWPOLYLINE
  5
3B
330
17
100
AcDbEntity
  8
REFERENCE_GEOMETRY
100
AcDbPolyline
 90
72
 70
1
 10
23.699999999762998
 20
190.80000000029446
 10
23.693530986518958
 20
190.94816476296566
 10
23.674173179883724
 20
191.0952019023286
 10
23.64207390445435
 20
191.23999237696927
 10
23.597477455098925
 20
191.38143424394877
 10
23.540723237725118
 20
191.5184510452545
 10
23.47224318619628
 20
191.65000000029545
 10
23.392558475053928
 20
191.77507994209236
 10
23.302275553064803
 20
191.89273893676284
 10
23.202081527779555
 20
192.00208152831297
 10
23.092738936229413
 20
192.10227555359822
 10
22.97507994155894
 20
192.19255847558736
 10
22.849999999762016
 20
192.27224318672972
 10
22.71845104472105
 20
192.34072323825856
 10
22.58143424341534
 20
192.39747745563236
 10
22.439992376435825
 20
192.44207390498778
 10
22.295201901795153
 20
192.47417318041715
 10
22.14816476243222
 20
192.4935309870524
 10
21.99999999976103
 20
192.50000000029644
 10
21.85183523708984
 20
192.4935309870524
 10
21.704798097726908
 20
192.47417318041715
 10
21.560007623086236
 20
192.44207390498778
 10
21.41856575610672
 20
192.39747745563236
 10
21.28154895480101
 20
192.34072323825856
 10
21.149999999760045
 20
192.27224318672972
 10
21.024920057963122
 20
192.19255847558736
 10
20.907261063292648
 20
192.10227555359822
 10
20.797918471742506
 20
192.00208152831297
 10
20.697724446457258
 20
191.89273893676284
 10
20.607441524468133
 20
191.77507994209236
 10
20.52775681332578
 20
191.65000000029545
 10
20.459276761796943
 20
191.5184510452545
 10
20.402522544423135
 20
191.38143424394877
 10
20.35792609506771
 20
191.23999237696924
 10
20.325826819638337
 20
191.0952019023286
 10
20.306469013003102
 20
190.94816476296566
 10
20.299999999759063
 20
190.80000000029446
 10
20.306469013003102
 20
190.65183523762326
 10
20.325826819638337
 20
190.50479809826032
 10
20.35792609506771
 20
190.36000762361968
 10
20.402522544423135
 20
190.21856575664015
 10
20.45927676179694
 20
190.08154895533443
 10
20.52775681332578
 20
189.95000000029347
 10
20.607441524468133
 20
189.82492005849656
 10
20.697724446457258
 20
189.70726106382608
 10
20.797918471742506
 20
189.59791847227595
 10
20.907261063292648
 20
189.4977244469907
 10
21.024920057963122
 20
189.40744152500156
 10
21.149999999760045
 20
189.3277568138592
 10
21.281548954801007
 20
189.25927676233036
 10
21.41856575610672
 20
189.20252254495657
 10
21.560007623086236
 20
189.15792609560114
 10
21.704798097726908
 20
189.12582682017177
 10
21.85183523708984
 20
189.10646901353653
 10
21.99999999976103
 20
189.10000000029248
 10
22.14816476243222
 20
189.10646901353653
 10
22.295201901795153
 20
189.12582682017177
 10
22.439992376435825
 20
189.15792609560114
 10
22.58143424341534
 20
189.20252254495657
 10
22.71845104472105
 20
189.25927676233036
 10
22.849999999762012
 20
189.3277568138592
 10
22.97507994155894
 20
189.40744152500156
 10
23.092738936229413
 20
189.4977244469907
 10
23.20208152777955
 20
189.59791847227595
 10
23.3022755530648
 20
189.70726106382608
 10
23.392558475053928
 20
189.82492005849656
 10
23.47224318619628
 20
189.95000000029347
 10
23.540723237725118
 20
190.08154895533443
 10
23.597477455098925
 20
190.21856575664015
 10
23.64207390445435
 20
190.36000762361965
 10
23.674173179883724
 20
190.50479809826032
 10
23.693530986518958
 20
190.65183523762326
  0
DIMENSION
  5
3C
330
17
100
AcDbEntity
  8
REFERENCE_DIMENSIONS
100
AcDbDimension
280
0
  2
*D1
  3
Standard
 10
0.0
 20
-16.0
 30
0.0
 11
172.0
 21
-16.0
 31
0.0
 70
32
 71
5
  1
<>
100
AcDbAlignedDimension
 13
0.0
 23
0.0
 33
0.0
 14
344.0
 24
0.0
 34
0.0
 50
0.0
100
AcDbRotatedDimension
1001
ACAD
1000
DSTYLE
1002
{
1070
140
1040
3.0
1070
41
1040
2.0
1070
271
1070
3
1002
}
  0
DIMENSION
  5
50
330
17
100
AcDbEntity
  8
REFERENCE_DIMENSIONS
100
AcDbDimension
280
0
  2
*D2
  3
Standard
 10
360.0
 20
0.0
 30
0.0
 11
360.0
 21
98.15
 31
0.0
 70
32
 71
5
  1
<>
100
AcDbAlignedDimension
 13
344.0
 23
0.0
 33
0.0
 14
344.0
 24
196.3
 34
0.0
 50
90.0
100
AcDbRotatedDimension
1001
ACAD
1000
DSTYLE
1002
{
1070
140
1040
3.0
1070
41
1040
2.0
1070
271
1070
3
1002
}
  0
TEXT
  5
60
330
17
100
AcDbEntity
  8
REFERENCE_NOTES
100
AcDbText
 10
0.0
 20
-34.0
 30
0.0
 40
3.0
  1
lower_equipment_deck
100
AcDbText
  0
TEXT
  5
61
330
17
100
AcDbEntity
  8
REFERENCE_NOTES
100
AcDbText
 10
0.0
 20
-41.0
 30
0.0
 40
3.0
  1
R01 CANDIDATE | mm 1:1 | NOT FOR MANUFACTURE
100
AcDbText
  0
TEXT
  5
62
330
17
100
AcDbEntity
  8
REFERENCE_NOTES
100
AcDbText
 10
0.0
 20
-48.0
 30
0.0
 40
3.0
  1
344 x 196.3 x 3 mm
100
AcDbText
  0
TEXT
  5
63
330
17
100
AcDbEntity
  8
REFERENCE_NOTES
100
AcDbText
 10
0.0
 20
-55.0
 30
0.0
 40
3.0
  1
8 x D3.4: X=-150,-50,50,140; Y=+/-92.65
100
AcDbText
  0
TEXT
  5
64
330
17
100
AcDbEntity
  8
REFERENCE_NOTES
100
AcDbText
 10
0.0
 20
-62.0
 30
0.0
 40
3.0
  1
4 edge reliefs 17 wide x 12.5 deep
100
AcDbText
  0
TEXT
  5
65
330
17
100
AcDbEntity
  8
REFERENCE_NOTES
100
AcDbText
 10
0.0
 20
-69.0
 30
0.0
 40
3.0
  1
Datum A underside Z=-101.15
100
AcDbText
  0
TEXT
  5
66
330
17
100
AcDbEntity
  8
REFERENCE_NOTES
100
AcDbText
 10
0.0
 20
-76.0
 30
0.0
 40
3.0
  1
Hole locations shown in global frame S
100
AcDbText
  0
TEXT
  5
67
330
17
100
AcDbEntity
  8
REFERENCE_NOTES
100
AcDbText
 10
0.0
 20
-83.0
 30
0.0
 40
3.0
  1
1 x D12 thermal clearance at X=-115,Y=0
100
AcDbText
  0
TEXT
  5
68
330
17
100
AcDbEntity
  8
REFERENCE_NOTES
100
AcDbText
 10
0.0
 20
-90.0
 30
0.0
 40
3.0
  1
Material / tolerances / finish / preload: TBD
100
AcDbText
  0
LWPOLYLINE
  5
69
330
17
100
AcDbEntity
  8
REFERENCE_GEOMETRY
100
AcDbPolyline
 90
1516
 70
1
 10
480.0
 20
11.0
 10
480.25
 20
11.0
 10
480.5
 20
11.0
 10
480.75
 20
11.0
 10
481.0
 20
11.0
 10
481.25
 20
11.0
 10
481.5
 20
11.0
 10
481.75
 20
11.0
 10
482.0
 20
11.0
 10
482.25
 20
11.0
 10
482.5
 20
11.0
 10
482.75
 20
11.0
 10
483.0
 20
11.0
 10
483.25
 20
11.0
 10
483.5
 20
11.0
 10
483.75
 20
11.0
 10
484.0
 20
11.0
 10
484.25
 20
11.0
 10
484.5
 20
11.0
 10
484.75
 20
11.0
 10
485.0
 20
11.0
 10
485.25
 20
11.0
 10
485.5
 20
11.0
 10
485.75
 20
11.0
 10
486.0
 20
11.0
 10
486.25
 20
11.0
 10
486.5
 20
11.0
 10
486.75
 20
11.0
 10
487.0
 20
11.0
 10
487.25
 20
11.0
 10
487.5
 20
11.0
 10
487.75
 20
11.0
 10
488.0
 20
11.0
 10
488.25
 20
11.0
 10
488.5
 20
11.0
 10
488.75
 20
11.0
 10
489.0
 20
11.0
 10
489.25
 20
11.0
 10
489.5
 20
11.0
 10
489.75
 20
11.0
 10
490.0
 20
11.0
 10
490.25
 20
11.0
 10
490.5
 20
11.0
 10
490.75
 20
11.0
 10
491.0
 20
11.0
 10
491.25
 20
11.0
 10
491.5
 20
11.0
 10
491.75
 20
11.0
 10
492.0
 20
11.0
 10
492.25
 20
11.0
 10
492.5
 20
11.0
 10
492.75
 20
11.0
 10
493.0
 20
11.0
 10
493.25
 20
11.0
 10
493.5
 20
11.0
 10
493.75
 20
11.0
 10
494.0
 20
11.0
 10
494.25
 20
11.0
 10
494.5
 20
11.0
 10
494.75
 20
11.0
 10
495.0
 20
11.0
 10
495.25
 20
11.0
 10
495.5
 20
11.0
 10
495.75
 20
11.0
 10
496.0
 20
11.0
 10
496.25
 20
11.0
 10
496.5
 20
11.0
 10
496.75
 20
11.0
 10
497.0
 20
11.0
 10
497.25
 20
11.0
 10
497.5
 20
11.0
 10
497.75
 20
11.0
 10
498.0
 20
11.0
 10
498.25
 20
11.0
 10
498.5
 20
11.0
 10
498.75
 20
11.0
 10
499.0
 20
11.0
 10
499.25
 20
11.0
 10
499.5
 20
11.0
 10
499.75
 20
11.0
 10
500.0
 20
11.0
 10
500.25
 20
11.0
 10
500.5
 20
11.0
 10
500.75
 20
11.0
 10
501.0
 20
11.0
 10
501.25
 20
11.0
 10
501.5
 20
11.0
 10
501.75
 20
11.0
 10
502.0
 20
11.0
 10
502.25
 20
11.0
 10
502.5
 20
11.0
 10
502.75
 20
11.0
 10
503.0
 20
11.0
 10
503.25
 20
11.0
 10
503.5
 20
11.0
 10
503.75
 20
11.0
 10
504.0
 20
11.0
 10
504.25
 20
11.0
 10
504.5
 20
11.0
 10
504.75
 20
11.0
 10
505.0
 20
11.0
 10
505.25
 20
11.0
 10
505.5
 20
11.0
 10
505.75
 20
11.0
 10
506.0
 20
11.0
 10
506.25
 20
11.0
 10
506.5
 20
11.0
 10
506.75
 20
11.0
 10
507.0
 20
11.0
 10
507.25
 20
11.0
 10
507.5
 20
11.0
 10
507.75
 20
11.0
 10
508.0
 20
11.0
 10
508.25
 20
11.0
 10
508.5
 20
11.0
 10
508.75
 20
11.0
 10
509.0
 20
11.0
 10
509.25
 20
11.0
 10
509.5
 20
11.0
 10
509.75
 20
11.0
 10
510.0
 20
11.0
 10
510.25
 20
11.0
 10
510.5
 20
11.0
 10
510.75
 20
11.0
 10
511.0
 20
11.0
 10
511.25
 20
11.0
 10
511.5
 20
11.0
 10
511.75
 20
11.0
 10
512.0
 20
11.0
 10
512.25
 20
11.0
 10
512.5
 20
11.0
 10
512.75
 20
11.0
 10
513.0
 20
11.0
 10
513.25
 20
11.0
 10
513.5
 20
11.0
 10
513.75
 20
11.0
 10
514.0
 20
11.0
 10
514.25
 20
11.0
 10
514.5
 20
11.0
 10
514.75
 20
11.0
 10
515.0
 20
11.0
 10
515.25
 20
11.0
 10
515.5
 20
11.0
 10
515.75
 20
11.0
 10
516.0
 20
11.0
 10
516.25
 20
11.0
 10
516.5
 20
11.0
 10
516.75
 20
11.0
 10
517.0
 20
11.0
 10
517.25
 20
11.0
 10
517.5
 20
11.0
 10
517.75
 20
11.0
 10
518.0
 20
11.0
 10
518.25
 20
11.0
 10
518.5
 20
11.0
 10
518.75
 20
11.0
 10
519.0
 20
11.0
 10
519.25
 20
11.0
 10
519.5
 20
11.0
 10
519.75
 20
11.0
 10
520.0
 20
11.0
 10
520.25
 20
11.0
 10
520.5
 20
11.0
 10
520.75
 20
11.0
 10
521.0
 20
11.0
 10
521.25
 20
11.0
 10
521.5
 20
11.0
 10
521.75
 20
11.0
 10
522.0
 20
11.0
 10
522.25
 20
11.0
 10
522.5
 20
11.0
 10
522.75
 20
11.0
 10
523.0
 20
11.0
 10
523.25
 20
11.0
 10
523.5
 20
11.0
 10
523.75
 20
11.0
 10
524.0
 20
11.0
 10
524.25
 20
11.0
 10
524.5
 20
11.0
 10
524.75
 20
11.0
 10
525.0
 20
11.0
 10
525.25
 20
11.0
 10
525.5
 20
11.0
 10
525.75
 20
11.0
 10
526.0
 20
11.0
 10
526.25
 20
11.0
 10
526.5
 20
11.0
 10
526.75
 20
11.0
 10
527.0
 20
11.0
 10
527.25
 20
11.0
 10
527.5
 20
11.0
 10
527.75
 20
11.0
 10
528.0
 20
11.0
 10
528.25
 20
11.0
 10
528.5
 20
11.0
 10
528.75
 20
11.0
 10
529.0
 20
11.0
 10
529.25
 20
11.0
 10
529.5
 20
11.0
 10
529.75
 20
11.0
 10
530.0
 20
11.0
 10
530.25
 20
11.0
 10
530.5
 20
11.0
 10
530.75
 20
11.0
 10
531.0
 20
11.0
 10
531.25
 20
11.0
 10
531.5
 20
11.0
 10
531.75
 20
11.0
 10
532.0
 20
11.0
 10
532.25
 20
11.0
 10
532.5
 20
11.0
 10
532.75
 20
11.0
 10
533.0
 20
11.0
 10
533.25
 20
11.0
 10
533.5
 20
11.0
 10
533.75
 20
11.0
 10
534.0
 20
11.0
 10
534.25
 20
11.0
 10
534.5
 20
11.0
 10
534.75
 20
11.0
 10
535.0
 20
11.0
 10
535.25
 20
11.0
 10
535.5
 20
11.0
 10
535.75
 20
11.0
 10
536.0
 20
11.0
 10
536.25
 20
11.0
 10
536.5
 20
11.0
 10
536.75
 20
11.0
 10
537.0
 20
11.0
 10
537.25
 20
11.0
 10
537.5
 20
11.0
 10
537.75
 20
11.0
 10
538.0
 20
11.0
 10
538.25
 20
11.0
 10
538.5
 20
11.0
 10
538.75
 20
11.0
 10
539.0
 20
11.0
 10
539.25
 20
11.0
 10
539.5
 20
11.0
 10
539.75
 20
11.0
 10
540.0
 20
11.0
 10
540.25
 20
11.0
 10
540.5
 20
11.0
 10
540.75
 20
11.0
 10
541.0
 20
11.0
 10
541.25
 20
11.0
 10
541.5
 20
11.0
 10
541.75
 20
11.0
 10
542.0
 20
11.0
 10
542.25
 20
11.0
 10
542.5
 20
11.0
 10
542.75
 20
11.0
 10
543.0
 20
11.0
 10
543.25
 20
11.0
 10
543.5
 20
11.0
 10
543.75
 20
11.0
 10
544.0
 20
11.0
 10
544.25
 20
11.0
 10
544.5
 20
11.0
 10
544.75
 20
11.0
 10
545.0
 20
11.0
 10
545.25
 20
11.0
 10
545.5
 20
11.0
 10
545.75
 20
11.0
 10
546.0
 20
11.0
 10
546.25
 20
11.0
 10
546.5
 20
11.0
 10
546.75
 20
11.0
 10
547.0
 20
11.0
 10
547.25
 20
11.0
 10
547.5
 20
11.0
 10
547.75
 20
11.0
 10
548.0
 20
11.0
 10
548.25
 20
11.0
 10
548.5
 20
11.0
 10
548.75
 20
11.0
 10
549.0
 20
11.0
 10
549.25
 20
11.0
 10
549.5
 20
11.0
 10
549.75
 20
11.0
 10
550.0
 20
11.0
 10
550.25
 20
11.0
 10
550.5
 20
11.0
 10
550.75
 20
11.0
 10
551.0
 20
11.0
 10
551.25
 20
11.0
 10
551.5
 20
11.0
 10
551.75
 20
11.0
 10
552.0
 20
11.0
 10
552.25
 20
11.0
 10
552.5
 20
11.0
 10
552.75
 20
11.0
 10
553.0
 20
11.0
 10
553.25
 20
11.0
 10
553.5
 20
11.0
 10
553.75
 20
11.0
 10
554.0
 20
11.0
 10
554.25
 20
11.0
 10
554.5
 20
11.0
 10
554.75
 20
11.0
 10
555.0
 20
11.0
 10
555.25
 20
11.0
 10
555.5
 20
11.0
 10
555.75
 20
11.0
 10
556.0
 20
11.0
 10
556.25
 20
11.0
 10
556.5
 20
11.0
 10
556.75
 20
11.0
 10
557.0
 20
11.0
 10
557.25
 20
11.0
 10
557.5
 20
11.0
 10
557.75
 20
11.0
 10
558.0
 20
11.0
 10
558.25
 20
11.0
 10
558.5
 20
11.0
 10
558.75
 20
11.0
 10
559.0
 20
11.0
 10
559.25
 20
11.0
 10
559.5
 20
11.0
 10
559.75
 20
11.0
 10
560.0
 20
11.0
 10
560.25
 20
11.0
 10
560.5
 20
11.0
 10
560.75
 20
11.0
 10
561.0
 20
11.0
 10
561.25
 20
11.0
 10
561.5
 20
11.0
 10
561.75
 20
11.0
 10
562.0
 20
11.0
 10
562.25
 20
11.0
 10
562.5
 20
11.0
 10
562.75
 20
11.0
 10
563.0
 20
11.0
 10
563.25
 20
11.0
 10
563.5
 20
11.0
 10
563.75
 20
11.0
 10
564.0
 20
11.0
 10
564.25
 20
11.0
 10
564.5
 20
11.0
 10
564.75
 20
11.0
 10
565.0
 20
11.0
 10
565.25
 20
11.0
 10
565.5
 20
11.0
 10
565.75
 20
11.0
 10
566.0
 20
11.0
 10
566.25
 20
11.0
 10
566.5
 20
11.0
 10
566.75
 20
11.0
 10
567.0
 20
11.0
 10
567.25
 20
11.0
 10
567.5
 20
11.0
 10
567.75
 20
11.0
 10
568.0
 20
11.0
 10
568.25
 20
11.0
 10
568.5
 20
11.0
 10
568.75
 20
11.0
 10
569.0
 20
11.0
 10
569.25
 20
11.0
 10
569.5
 20
11.0
 10
569.75
 20
11.0
 10
570.0
 20
11.0
 10
570.25
 20
11.0
 10
570.5
 20
11.0
 10
570.75
 20
11.0
 10
571.0
 20
11.0
 10
571.25
 20
11.0
 10
571.5
 20
11.0
 10
571.75
 20
11.0
 10
572.0
 20
11.0
 10
572.25
 20
11.0
 10
572.5
 20
11.0
 10
572.75
 20
11.0
 10
573.0
 20
11.0
 10
573.25
 20
11.0
 10
573.5
 20
11.0
 10
573.75
 20
11.0
 10
574.0
 20
11.0
 10
574.25
 20
11.0
 10
574.5
 20
11.0
 10
574.75
 20
11.0
 10
575.0
 20
11.0
 10
575.25
 20
11.0
 10
575.5
 20
11.0
 10
575.75
 20
11.0
 10
576.0
 20
11.0
 10
576.25
 20
11.0
 10
576.5
 20
11.0
 10
576.75
 20
11.0
 10
577.0
 20
11.0
 10
577.25
 20
11.0
 10
577.5
 20
11.0
 10
577.75
 20
11.0
 10
578.0
 20
11.0
 10
578.25
 20
11.0
 10
578.5
 20
11.0
 10
578.75
 20
11.0
 10
579.0
 20
11.0
 10
579.25
 20
11.0
 10
579.5
 20
11.0
 10
579.75
 20
11.0
 10
580.0
 20
11.0
 10
580.25
 20
11.0
 10
580.5
 20
11.0
 10
580.75
 20
11.0
 10
581.0
 20
11.0
 10
581.25
 20
11.0
 10
581.5
 20
11.0
 10
581.75
 20
11.0
 10
582.0
 20
11.0
 10
582.25
 20
11.0
 10
582.5
 20
11.0
 10
582.75
 20
11.0
 10
583.0
 20
11.0
 10
583.25
 20
11.0
 10
583.5
 20
11.0
 10
583.75
 20
11.0
 10
584.0
 20
11.0
 10
584.25
 20
11.0
 10
584.5
 20
11.0
 10
584.75
 20
11.0
 10
585.0
 20
11.0
 10
585.25
 20
11.0
 10
585.5
 20
11.0
 10
585.75
 20
11.0
 10
586.0
 20
11.0
 10
586.25
 20
11.0
 10
586.5
 20
11.0
 10
586.75
 20
11.0
 10
587.0
 20
11.0
 10
587.25
 20
11.0
 10
587.5
 20
11.0
 10
587.75
 20
11.0
 10
588.0
 20
11.0
 10
588.25
 20
11.0
 10
588.5
 20
11.0
 10
588.75
 20
11.0
 10
589.0
 20
11.0
 10
589.25
 20
11.0
 10
589.5
 20
11.0
 10
589.75
 20
11.0
 10
590.0
 20
11.0
 10
590.25
 20
11.0
 10
590.5
 20
11.0
 10
590.75
 20
11.0
 10
591.0
 20
11.0
 10
591.25
 20
11.0
 10
591.5
 20
11.0
 10
591.75
 20
11.0
 10
592.0
 20
11.0
 10
592.25
 20
11.0
 10
592.5
 20
11.0
 10
592.75
 20
11.0
 10
593.0
 20
11.0
 10
593.25
 20
11.0
 10
593.5
 20
11.0
 10
593.75
 20
11.0
 10
594.0
 20
11.0
 10
594.25
 20
11.0
 10
594.5
 20
11.0
 10
594.75
 20
11.0
 10
595.0
 20
11.0
 10
595.25
 20
11.0
 10
595.5
 20
11.0
 10
595.75
 20
11.0
 10
596.0
 20
11.0
 10
596.25
 20
11.0
 10
596.5
 20
11.0
 10
596.75
 20
11.0
 10
597.0
 20
11.0
 10
597.25
 20
11.0
 10
597.5
 20
11.0
 10
597.75
 20
11.0
 10
598.0
 20
11.0
 10
598.25
 20
11.0
 10
598.5
 20
11.0
 10
598.75
 20
11.0
 10
599.0
 20
11.0
 10
599.25
 20
11.0
 10
599.5
 20
11.0
 10
599.75
 20
11.0
 10
600.0
 20
11.0
 10
600.25
 20
11.0
 10
600.5
 20
11.0
 10
600.75
 20
11.0
 10
601.0
 20
11.0
 10
601.25
 20
11.0
 10
601.5
 20
11.0
 10
601.75
 20
11.0
 10
602.0
 20
11.0
 10
602.25
 20
11.0
 10
602.5
 20
11.0
 10
602.75
 20
11.0
 10
603.0
 20
11.0
 10
603.25
 20
11.0
 10
603.5
 20
11.0
 10
603.75
 20
11.0
 10
604.0
 20
11.0
 10
604.25
 20
11.0
 10
604.5
 20
11.0
 10
604.75
 20
11.0
 10
605.0
 20
11.0
 10
605.25
 20
11.0
 10
605.5
 20
11.0
 10
605.75
 20
11.0
 10
606.0
 20
11.0
 10
606.25
 20
11.0
 10
606.5
 20
11.0
 10
606.75
 20
11.0
 10
607.0
 20
11.0
 10
607.25
 20
11.0
 10
607.5
 20
11.0
 10
607.75
 20
11.0
 10
608.0
 20
11.0
 10
608.25
 20
11.0
 10
608.5
 20
11.0
 10
608.75
 20
11.0
 10
609.0
 20
11.0
 10
609.25
 20
11.0
 10
609.5
 20
11.0
 10
609.75
 20
11.0
 10
610.0
 20
11.0
 10
610.25
 20
11.0
 10
610.5
 20
11.0
 10
610.75
 20
11.0
 10
611.0
 20
11.0
 10
611.25
 20
11.0
 10
611.5
 20
11.0
 10
611.75
 20
11.0
 10
612.0
 20
11.0
 10
612.25
 20
11.0
 10
612.5
 20
11.0
 10
612.75
 20
11.0
 10
613.0
 20
11.0
 10
613.25
 20
11.0
 10
613.5
 20
11.0
 10
613.75
 20
11.0
 10
614.0
 20
11.0
 10
614.25
 20
11.0
 10
614.5
 20
11.0
 10
614.75
 20
11.0
 10
615.0
 20
11.0
 10
615.25
 20
11.0
 10
615.5
 20
11.0
 10
615.75
 20
11.0
 10
616.0
 20
11.0
 10
616.25
 20
11.0
 10
616.5
 20
11.0
 10
616.75
 20
11.0
 10
617.0
 20
11.0
 10
617.25
 20
11.0
 10
617.5
 20
11.0
 10
617.75
 20
11.0
 10
618.0
 20
11.0
 10
618.25
 20
11.0
 10
618.5
 20
11.0
 10
618.75
 20
11.0
 10
619.0
 20
11.0
 10
619.25
 20
11.0
 10
619.5
 20
11.0
 10
619.75
 20
11.0
 10
620.0
 20
11.0
 10
620.25
 20
11.0
 10
620.5
 20
11.0
 10
620.75
 20
11.0
 10
621.0
 20
11.0
 10
621.25
 20
11.0
 10
621.5
 20
11.0
 10
621.75
 20
11.0
 10
622.0
 20
11.0
 10
622.25
 20
11.0
 10
622.5
 20
11.0
 10
622.75
 20
11.0
 10
623.0
 20
11.0
 10
623.25
 20
11.0
 10
623.5
 20
11.0
 10
623.75
 20
11.0
 10
624.0
 20
11.0
 10
624.25
 20
11.0
 10
624.5
 20
11.0
 10
624.75
 20
11.0
 10
625.0
 20
11.0
 10
625.25
 20
11.0
 10
625.5
 20
11.0
 10
625.75
 20
11.0
 10
626.0
 20
11.0
 10
626.25
 20
11.0
 10
626.5
 20
11.0
 10
626.75
 20
11.0
 10
627.0
 20
11.0
 10
627.25
 20
11.0
 10
627.5
 20
11.0
 10
627.75
 20
11.0
 10
628.0
 20
11.0
 10
628.25
 20
11.0
 10
628.5
 20
11.0
 10
628.75
 20
11.0
 10
629.0
 20
11.0
 10
629.25
 20
11.0
 10
629.5
 20
11.0
 10
629.75
 20
11.0
 10
630.0
 20
11.0
 10
630.25
 20
11.0
 10
630.5
 20
11.0
 10
630.75
 20
11.0
 10
631.0
 20
11.0
 10
631.25
 20
11.0
 10
631.5
 20
11.0
 10
631.75
 20
11.0
 10
632.0
 20
11.0
 10
632.25
 20
11.0
 10
632.5
 20
11.0
 10
632.75
 20
11.0
 10
633.0
 20
11.0
 10
633.25
 20
11.0
 10
633.5
 20
11.0
 10
633.75
 20
11.0
 10
634.0
 20
11.0
 10
634.25
 20
11.0
 10
634.5
 20
11.0
 10
634.75
 20
11.0
 10
635.0
 20
11.0
 10
635.25
 20
11.0
 10
635.5
 20
11.0
 10
635.75
 20
11.0
 10
636.0
 20
11.0
 10
636.25
 20
11.0
 10
636.5
 20
11.0
 10
636.75
 20
11.0
 10
637.0
 20
11.0
 10
637.25
 20
11.0
 10
637.5
 20
11.0
 10
637.75
 20
11.0
 10
638.0
 20
11.0
 10
638.25
 20
11.0
 10
638.5
 20
11.0
 10
638.75
 20
11.0
 10
639.0
 20
11.0
 10
639.25
 20
11.0
 10
639.5
 20
11.0
 10
639.75
 20
11.0
 10
640.0
 20
11.0
 10
640.25
 20
11.0
 10
640.5
 20
11.0
 10
640.75
 20
11.0
 10
641.0
 20
11.0
 10
641.25
 20
11.0
 10
641.5
 20
11.0
 10
641.75
 20
11.0
 10
642.0
 20
11.0
 10
642.25
 20
11.0
 10
642.5
 20
11.0
 10
642.75
 20
11.0
 10
643.0
 20
11.0
 10
643.25
 20
11.0
 10
643.5
 20
11.0
 10
643.75
 20
11.0
 10
644.0
 20
11.0
 10
644.25
 20
11.0
 10
644.5
 20
11.0
 10
644.75
 20
11.0
 10
645.0
 20
11.0
 10
645.25
 20
11.0
 10
645.5
 20
11.0
 10
645.75
 20
11.0
 10
646.0
 20
11.0
 10
646.25
 20
11.0
 10
646.5
 20
11.0
 10
646.75
 20
11.0
 10
647.0
 20
11.0
 10
647.25
 20
11.0
 10
647.5
 20
11.0
 10
647.75
 20
11.0
 10
648.0
 20
11.0
 10
648.25
 20
11.0
 10
648.5
 20
11.0
 10
648.75
 20
11.0
 10
649.0
 20
11.0
 10
649.25
 20
11.0
 10
649.5
 20
11.0
 10
649.75
 20
11.0
 10
650.0
 20
11.0
 10
650.25
 20
11.0
 10
650.5
 20
11.0
 10
650.75
 20
11.0
 10
651.0
 20
11.0
 10
651.25
 20
11.0
 10
651.5
 20
11.0
 10
651.75
 20
11.0
 10
652.0
 20
11.0
 10
652.25
 20
11.0
 10
652.5
 20
11.0
 10
652.75
 20
11.0
 10
653.0
 20
11.0
 10
653.25
 20
11.0
 10
653.5
 20
11.0
 10
653.75
 20
11.0
 10
654.0
 20
11.0
 10
654.25
 20
11.0
 10
654.5
 20
11.0
 10
654.75
 20
11.0
 10
655.0
 20
11.0
 10
655.25
 20
11.0
 10
655.5
 20
11.0
 10
655.75
 20
11.0
 10
656.0
 20
11.0
 10
656.25
 20
11.0
 10
656.5
 20
11.0
 10
656.75
 20
11.0
 10
657.0
 20
11.0
 10
657.25
 20
11.0
 10
657.5
 20
11.0
 10
657.75
 20
11.0
 10
658.0
 20
11.0
 10
658.25
 20
11.0
 10
658.5
 20
11.0
 10
658.5
 20
10.75
 10
658.5
 20
10.5
 10
658.5
 20
10.25
 10
658.5
 20
10.000000000000028
 10
658.5
 20
9.749999999999972
 10
658.5
 20
9.5
 10
658.5
 20
9.25
 10
658.5
 20
9.0
 10
658.5
 20
8.75
 10
658.5
 20
8.500000000000028
 10
658.5
 20
8.249999999999972
 10
658.5
 20
8.0
 10
658.5
 20
7.75
 10
658.5
 20
7.5
 10
658.5
 20
7.25
 10
658.5
 20
7.000000000000028
 10
658.5
 20
6.749999999999972
 10
658.5
 20
6.5
 10
658.5
 20
6.25
 10
658.5
 20
6.0
 10
658.5
 20
5.75
 10
658.5
 20
5.500000000000028
 10
658.5
 20
5.249999999999972
 10
658.5
 20
5.0
 10
658.5
 20
4.75
 10
658.5
 20
4.5
 10
658.5
 20
4.25
 10
658.5
 20
4.000000000000028
 10
658.5
 20
3.7499999999999716
 10
658.5
 20
3.5
 10
658.5
 20
3.25
 10
658.5
 20
3.0
 10
658.5
 20
2.75
 10
658.5
 20
2.5
 10
658.5
 20
2.2499999999999716
 10
658.5
 20
2.0
 10
658.5
 20
1.75
 10
658.5
 20
1.5
 10
658.5
 20
1.25
 10
658.5
 20
1.0
 10
658.5
 20
0.7499999999999716
 10
658.5
 20
0.5
 10
658.5
 20
0.25
 10
658.5
 20
0.0
 10
658.25
 20
0.0
 10
658.0
 20
0.0
 10
657.75
 20
0.0
 10
657.5
 20
0.0
 10
657.25
 20
0.0
 10
657.0
 20
0.0
 10
656.75
 20
0.0
 10
656.5
 20
0.0
 10
656.25
 20
0.0
 10
656.0
 20
0.0
 10
655.75
 20
0.0
 10
655.5
 20
0.0
 10
655.25
 20
0.0
 10
655.0
 20
0.0
 10
654.75
 20
0.0
 10
654.5
 20
0.0
 10
654.25
 20
0.0
 10
654.0
 20
0.0
 10
653.75
 20
0.0
 10
653.5
 20
0.0
 10
653.25
 20
0.0
 10
653.0
 20
0.0
 10
652.75
 20
0.0
 10
652.5
 20
0.0
 10
652.25
 20
0.0
 10
652.0
 20
0.0
 10
651.75
 20
0.0
 10
651.5
 20
0.0
 10
651.25
 20
0.0
 10
651.0
 20
0.0
 10
650.75
 20
0.0
 10
650.5
 20
0.0
 10
650.25
 20
0.0
 10
650.0
 20
0.0
 10
649.75
 20
0.0
 10
649.5
 20
0.0
 10
649.25
 20
0.0
 10
649.0
 20
0.0
 10
648.75
 20
0.0
 10
648.5
 20
0.0
 10
648.25
 20
0.0
 10
648.0
 20
0.0
 10
647.75
 20
0.0
 10
647.5
 20
0.0
 10
647.25
 20
0.0
 10
647.0
 20
0.0
 10
646.75
 20
0.0
 10
646.5
 20
0.0
 10
646.25
 20
0.0
 10
646.0
 20
0.0
 10
645.75
 20
0.0
 10
645.5
 20
0.0
 10
645.25
 20
0.0
 10
645.0
 20
0.0
 10
644.75
 20
0.0
 10
644.5
 20
0.0
 10
644.25
 20
0.0
 10
644.0
 20
0.0
 10
643.75
 20
0.0
 10
643.5
 20
0.0
 10
643.25
 20
0.0
 10
643.0
 20
0.0
 10
642.75
 20
0.0
 10
642.5
 20
0.0
 10
642.25
 20
0.0
 10
642.0
 20
0.0
 10
641.75
 20
0.0
 10
641.5
 20
0.0
 10
641.25
 20
0.0
 10
641.0
 20
0.0
 10
640.75
 20
0.0
 10
640.5
 20
0.0
 10
640.25
 20
0.0
 10
640.0
 20
0.0
 10
639.75
 20
0.0
 10
639.5
 20
0.0
 10
639.25
 20
0.0
 10
639.0
 20
0.0
 10
638.75
 20
0.0
 10
638.5
 20
0.0
 10
638.25
 20
0.0
 10
638.0
 20
0.0
 10
637.75
 20
0.0
 10
637.5
 20
0.0
 10
637.25
 20
0.0
 10
637.0
 20
0.0
 10
636.75
 20
0.0
 10
636.5
 20
0.0
 10
636.25
 20
0.0
 10
636.0
 20
0.0
 10
635.75
 20
0.0
 10
635.5
 20
0.0
 10
635.25
 20
0.0
 10
635.0
 20
0.0
 10
634.75
 20
0.0
 10
634.5
 20
0.0
 10
634.25
 20
0.0
 10
634.0
 20
0.0
 10
633.75
 20
0.0
 10
633.5
 20
0.0
 10
633.25
 20
0.0
 10
633.0
 20
0.0
 10
632.75
 20
0.0
 10
632.5
 20
0.0
 10
632.25
 20
0.0
 10
632.0
 20
0.0
 10
631.75
 20
0.0
 10
631.5
 20
0.0
 10
631.25
 20
0.0
 10
631.0
 20
0.0
 10
630.75
 20
0.0
 10
630.5
 20
0.0
 10
630.25
 20
0.0
 10
630.0
 20
0.0
 10
629.75
 20
0.0
 10
629.5
 20
0.0
 10
629.25
 20
0.0
 10
629.0
 20
0.0
 10
628.75
 20
0.0
 10
628.5
 20
0.0
 10
628.25
 20
0.0
 10
628.0
 20
0.0
 10
627.75
 20
0.0
 10
627.5
 20
0.0
 10
627.25
 20
0.0
 10
627.0
 20
0.0
 10
626.75
 20
0.0
 10
626.5
 20
0.0
 10
626.25
 20
0.0
 10
626.0
 20
0.0
 10
625.75
 20
0.0
 10
625.5
 20
0.0
 10
625.25
 20
0.0
 10
625.0
 20
0.0
 10
624.75
 20
0.0
 10
624.5
 20
0.0
 10
624.25
 20
0.0
 10
624.0
 20
0.0
 10
623.75
 20
0.0
 10
623.5
 20
0.0
 10
623.25
 20
0.0
 10
623.0
 20
0.0
 10
622.75
 20
0.0
 10
622.5
 20
0.0
 10
622.25
 20
0.0
 10
622.0
 20
0.0
 10
621.75
 20
0.0
 10
621.5
 20
0.0
 10
621.25
 20
0.0
 10
621.0
 20
0.0
 10
620.75
 20
0.0
 10
620.5
 20
0.0
 10
620.25
 20
0.0
 10
620.0
 20
0.0
 10
619.75
 20
0.0
 10
619.5
 20
0.0
 10
619.25
 20
0.0
 10
619.0
 20
0.0
 10
618.75
 20
0.0
 10
618.5
 20
0.0
 10
618.25
 20
0.0
 10
618.0
 20
0.0
 10
617.75
 20
0.0
 10
617.5
 20
0.0
 10
617.25
 20
0.0
 10
617.0
 20
0.0
 10
616.75
 20
0.0
 10
616.5
 20
0.0
 10
616.25
 20
0.0
 10
616.0
 20
0.0
 10
615.75
 20
0.0
 10
615.5
 20
0.0
 10
615.25
 20
0.0
 10
615.0
 20
0.0
 10
614.75
 20
0.0
 10
614.5
 20
0.0
 10
614.25
 20
0.0
 10
614.0
 20
0.0
 10
613.75
 20
0.0
 10
613.5
 20
0.0
 10
613.25
 20
0.0
 10
613.0
 20
0.0
 10
612.75
 20
0.0
 10
612.5
 20
0.0
 10
612.25
 20
0.0
 10
612.0
 20
0.0
 10
611.75
 20
0.0
 10
611.5
 20
0.0
 10
611.25
 20
0.0
 10
611.0
 20
0.0
 10
610.75
 20
0.0
 10
610.5
 20
0.0
 10
610.25
 20
0.0
 10
610.0
 20
0.0
 10
609.75
 20
0.0
 10
609.5
 20
0.0
 10
609.25
 20
0.0
 10
609.0
 20
0.0
 10
608.75
 20
0.0
 10
608.5
 20
0.0
 10
608.25
 20
0.0
 10
608.0
 20
0.0
 10
607.75
 20
0.0
 10
607.5
 20
0.0
 10
607.25
 20
0.0
 10
607.0
 20
0.0
 10
606.75
 20
0.0
 10
606.5
 20
0.0
 10
606.25
 20
0.0
 10
606.0
 20
0.0
 10
605.75
 20
0.0
 10
605.5
 20
0.0
 10
605.25
 20
0.0
 10
605.0
 20
0.0
 10
604.75
 20
0.0
 10
604.5
 20
0.0
 10
604.25
 20
0.0
 10
604.0
 20
0.0
 10
603.75
 20
0.0
 10
603.5
 20
0.0
 10
603.25
 20
0.0
 10
603.0
 20
0.0
 10
602.75
 20
0.0
 10
602.5
 20
0.0
 10
602.25
 20
0.0
 10
602.0
 20
0.0
 10
601.75
 20
0.0
 10
601.5
 20
0.0
 10
601.25
 20
0.0
 10
601.0
 20
0.0
 10
600.75
 20
0.0
 10
600.5
 20
0.0
 10
600.25
 20
0.0
 10
600.0
 20
0.0
 10
599.75
 20
0.0
 10
599.5
 20
0.0
 10
599.25
 20
0.0
 10
599.0
 20
0.0
 10
598.75
 20
0.0
 10
598.5
 20
0.0
 10
598.25
 20
0.0
 10
598.0
 20
0.0
 10
597.75
 20
0.0
 10
597.5
 20
0.0
 10
597.25
 20
0.0
 10
597.0
 20
0.0
 10
596.75
 20
0.0
 10
596.5
 20
0.0
 10
596.25
 20
0.0
 10
596.0
 20
0.0
 10
595.75
 20
0.0
 10
595.5
 20
0.0
 10
595.25
 20
0.0
 10
595.0
 20
0.0
 10
594.75
 20
0.0
 10
594.5
 20
0.0
 10
594.25
 20
0.0
 10
594.0
 20
0.0
 10
593.75
 20
0.0
 10
593.5
 20
0.0
 10
593.25
 20
0.0
 10
593.0
 20
0.0
 10
592.75
 20
0.0
 10
592.5
 20
0.0
 10
592.25
 20
0.0
 10
592.0
 20
0.0
 10
591.75
 20
0.0
 10
591.5
 20
0.0
 10
591.25
 20
0.0
 10
591.0
 20
0.0
 10
590.75
 20
0.0
 10
590.5
 20
0.0
 10
590.25
 20
0.0
 10
590.0
 20
0.0
 10
589.75
 20
0.0
 10
589.5
 20
0.0
 10
589.25
 20
0.0
 10
589.0
 20
0.0
 10
588.75
 20
0.0
 10
588.5
 20
0.0
 10
588.25
 20
0.0
 10
588.0
 20
0.0
 10
587.75
 20
0.0
 10
587.5
 20
0.0
 10
587.25
 20
0.0
 10
587.0
 20
0.0
 10
586.75
 20
0.0
 10
586.5
 20
0.0
 10
586.25
 20
0.0
 10
586.0
 20
0.0
 10
585.75
 20
0.0
 10
585.5
 20
0.0
 10
585.25
 20
0.0
 10
585.0
 20
0.0
 10
584.75
 20
0.0
 10
584.5
 20
0.0
 10
584.25
 20
0.0
 10
584.0
 20
0.0
 10
583.75
 20
0.0
 10
583.5
 20
0.0
 10
583.25
 20
0.0
 10
583.0
 20
0.0
 10
582.75
 20
0.0
 10
582.5
 20
0.0
 10
582.25
 20
0.0
 10
582.0
 20
0.0
 10
581.75
 20
0.0
 10
581.5
 20
0.0
 10
581.25
 20
0.0
 10
581.0
 20
0.0
 10
580.75
 20
0.0
 10
580.5
 20
0.0
 10
580.25
 20
0.0
 10
580.0
 20
0.0
 10
579.75
 20
0.0
 10
579.5
 20
0.0
 10
579.25
 20
0.0
 10
579.0
 20
0.0
 10
578.75
 20
0.0
 10
578.5
 20
0.0
 10
578.25
 20
0.0
 10
578.0
 20
0.0
 10
577.75
 20
0.0
 10
577.5
 20
0.0
 10
577.25
 20
0.0
 10
577.0
 20
0.0
 10
576.75
 20
0.0
 10
576.5
 20
0.0
 10
576.25
 20
0.0
 10
576.0
 20
0.0
 10
575.75
 20
0.0
 10
575.5
 20
0.0
 10
575.25
 20
0.0
 10
575.0
 20
0.0
 10
574.75
 20
0.0
 10
574.5
 20
0.0
 10
574.25
 20
0.0
 10
574.0
 20
0.0
 10
573.75
 20
0.0
 10
573.5
 20
0.0
 10
573.25
 20
0.0
 10
573.0
 20
0.0
 10
572.75
 20
0.0
 10
572.5
 20
0.0
 10
572.25
 20
0.0
 10
572.0
 20
0.0
 10
571.75
 20
0.0
 10
571.5
 20
0.0
 10
571.25
 20
0.0
 10
571.0
 20
0.0
 10
570.75
 20
0.0
 10
570.5
 20
0.0
 10
570.25
 20
0.0
 10
570.0
 20
0.0
 10
569.75
 20
0.0
 10
569.5
 20
0.0
 10
569.25
 20
0.0
 10
569.0
 20
0.0
 10
568.75
 20
0.0
 10
568.5
 20
0.0
 10
568.25
 20
0.0
 10
568.0
 20
0.0
 10
567.75
 20
0.0
 10
567.5
 20
0.0
 10
567.25
 20
0.0
 10
567.0
 20
0.0
 10
566.75
 20
0.0
 10
566.5
 20
0.0
 10
566.25
 20
0.0
 10
566.0
 20
0.0
 10
565.75
 20
0.0
 10
565.5
 20
0.0
 10
565.25
 20
0.0
 10
565.0
 20
0.0
 10
564.75
 20
0.0
 10
564.5
 20
0.0
 10
564.25
 20
0.0
 10
564.0
 20
0.0
 10
563.75
 20
0.0
 10
563.5
 20
0.0
 10
563.25
 20
0.0
 10
563.0
 20
0.0
 10
562.75
 20
0.0
 10
562.5
 20
0.0
 10
562.25
 20
0.0
 10
562.0
 20
0.0
 10
561.75
 20
0.0
 10
561.5
 20
0.0
 10
561.25
 20
0.0
 10
561.0
 20
0.0
 10
560.75
 20
0.0
 10
560.5
 20
0.0
 10
560.25
 20
0.0
 10
560.0
 20
0.0
 10
559.75
 20
0.0
 10
559.5
 20
0.0
 10
559.25
 20
0.0
 10
559.0
 20
0.0
 10
558.75
 20
0.0
 10
558.5
 20
0.0
 10
558.25
 20
0.0
 10
558.0
 20
0.0
 10
557.75
 20
0.0
 10
557.5
 20
0.0
 10
557.25
 20
0.0
 10
557.0
 20
0.0
 10
556.75
 20
0.0
 10
556.5
 20
0.0
 10
556.25
 20
0.0
 10
556.0
 20
0.0
 10
555.75
 20
0.0
 10
555.5
 20
0.0
 10
555.25
 20
0.0
 10
555.0
 20
0.0
 10
554.75
 20
0.0
 10
554.5
 20
0.0
 10
554.25
 20
0.0
 10
554.0
 20
0.0
 10
553.75
 20
0.0
 10
553.5
 20
0.0
 10
553.25
 20
0.0
 10
553.0
 20
0.0
 10
552.75
 20
0.0
 10
552.5
 20
0.0
 10
552.25
 20
0.0
 10
552.0
 20
0.0
 10
551.75
 20
0.0
 10
551.5
 20
0.0
 10
551.25
 20
0.0
 10
551.0
 20
0.0
 10
550.75
 20
0.0
 10
550.5
 20
0.0
 10
550.25
 20
0.0
 10
550.0
 20
0.0
 10
549.75
 20
0.0
 10
549.5
 20
0.0
 10
549.25
 20
0.0
 10
549.0
 20
0.0
 10
548.75
 20
0.0
 10
548.5
 20
0.0
 10
548.25
 20
0.0
 10
548.0
 20
0.0
 10
547.75
 20
0.0
 10
547.5
 20
0.0
 10
547.25
 20
0.0
 10
547.0
 20
0.0
 10
546.75
 20
0.0
 10
546.5
 20
0.0
 10
546.25
 20
0.0
 10
546.0
 20
0.0
 10
545.75
 20
0.0
 10
545.5
 20
0.0
 10
545.25
 20
0.0
 10
545.0
 20
0.0
 10
544.75
 20
0.0
 10
544.5
 20
0.0
 10
544.25
 20
0.0
 10
544.0
 20
0.0
 10
543.75
 20
0.0
 10
543.5
 20
0.0
 10
543.25
 20
0.0
 10
543.0
 20
0.0
 10
542.75
 20
0.0
 10
542.5
 20
0.0
 10
542.25
 20
0.0
 10
542.0
 20
0.0
 10
541.75
 20
0.0
 10
541.5
 20
0.0
 10
541.25
 20
0.0
 10
541.0
 20
0.0
 10
540.75
 20
0.0
 10
540.5
 20
0.0
 10
540.25
 20
0.0
 10
540.0
 20
0.0
 10
539.75
 20
0.0
 10
539.5
 20
0.0
 10
539.25
 20
0.0
 10
539.0
 20
0.0
 10
538.75
 20
0.0
 10
538.5
 20
0.0
 10
538.25
 20
0.0
 10
538.0
 20
0.0
 10
537.75
 20
0.0
 10
537.5
 20
0.0
 10
537.25
 20
0.0
 10
537.0
 20
0.0
 10
536.75
 20
0.0
 10
536.5
 20
0.0
 10
536.25
 20
0.0
 10
536.0
 20
0.0
 10
535.75
 20
0.0
 10
535.5
 20
0.0
 10
535.25
 20
0.0
 10
535.0
 20
0.0
 10
534.75
 20
0.0
 10
534.5
 20
0.0
 10
534.25
 20
0.0
 10
534.0
 20
0.0
 10
533.75
 20
0.0
 10
533.5
 20
0.0
 10
533.25
 20
0.0
 10
533.0
 20
0.0
 10
532.75
 20
0.0
 10
532.5
 20
0.0
 10
532.25
 20
0.0
 10
532.0
 20
0.0
 10
531.75
 20
0.0
 10
531.5
 20
0.0
 10
531.25
 20
0.0
 10
531.0
 20
0.0
 10
530.75
 20
0.0
 10
530.5
 20
0.0
 10
530.25
 20
0.0
 10
530.0
 20
0.0
 10
529.75
 20
0.0
 10
529.5
 20
0.0
 10
529.25
 20
0.0
 10
529.0
 20
0.0
 10
528.75
 20
0.0
 10
528.5
 20
0.0
 10
528.25
 20
0.0
 10
528.0
 20
0.0
 10
527.75
 20
0.0
 10
527.5
 20
0.0
 10
527.25
 20
0.0
 10
527.0
 20
0.0
 10
526.75
 20
0.0
 10
526.5
 20
0.0
 10
526.25
 20
0.0
 10
526.0
 20
0.0
 10
525.75
 20
0.0
 10
525.5
 20
0.0
 10
525.25
 20
0.0
 10
525.0
 20
0.0
 10
524.75
 20
0.0
 10
524.5
 20
0.0
 10
524.25
 20
0.0
 10
524.0
 20
0.0
 10
523.75
 20
0.0
 10
523.5
 20
0.0
 10
523.25
 20
0.0
 10
523.0
 20
0.0
 10
522.75
 20
0.0
 10
522.5
 20
0.0
 10
522.25
 20
0.0
 10
522.0
 20
0.0
 10
521.75
 20
0.0
 10
521.5
 20
0.0
 10
521.25
 20
0.0
 10
521.0
 20
0.0
 10
520.75
 20
0.0
 10
520.5
 20
0.0
 10
520.25
 20
0.0
 10
520.0
 20
0.0
 10
519.75
 20
0.0
 10
519.5
 20
0.0
 10
519.25
 20
0.0
 10
519.0
 20
0.0
 10
518.75
 20
0.0
 10
518.5
 20
0.0
 10
518.25
 20
0.0
 10
518.0
 20
0.0
 10
517.75
 20
0.0
 10
517.5
 20
0.0
 10
517.25
 20
0.0
 10
517.0
 20
0.0
 10
516.75
 20
0.0
 10
516.5
 20
0.0
 10
516.25
 20
0.0
 10
516.0
 20
0.0
 10
515.75
 20
0.0
 10
515.5
 20
0.0
 10
515.25
 20
0.0
 10
515.0
 20
0.0
 10
514.75
 20
0.0
 10
514.5
 20
0.0
 10
514.25
 20
0.0
 10
514.0
 20
0.0
 10
513.75
 20
0.0
 10
513.5
 20
0.0
 10
513.25
 20
0.0
 10
513.0
 20
0.0
 10
512.75
 20
0.0
 10
512.5
 20
0.0
 10
512.25
 20
0.0
 10
512.0
 20
0.0
 10
511.75
 20
0.0
 10
511.5
 20
0.0
 10
511.25
 20
0.0
 10
511.0
 20
0.0
 10
510.75
 20
0.0
 10
510.5
 20
0.0
 10
510.25
 20
0.0
 10
510.0
 20
0.0
 10
509.75
 20
0.0
 10
509.5
 20
0.0
 10
509.25
 20
0.0
 10
509.0
 20
0.0
 10
508.75
 20
0.0
 10
508.5
 20
0.0
 10
508.25
 20
0.0
 10
508.0
 20
0.0
 10
507.75
 20
0.0
 10
507.5
 20
0.0
 10
507.25
 20
0.0
 10
507.0
 20
0.0
 10
506.75
 20
0.0
 10
506.5
 20
0.0
 10
506.25
 20
0.0
 10
506.0
 20
0.0
 10
505.75
 20
0.0
 10
505.5
 20
0.0
 10
505.25
 20
0.0
 10
505.0
 20
0.0
 10
504.75
 20
0.0
 10
504.5
 20
0.0
 10
504.25
 20
0.0
 10
504.0
 20
0.0
 10
503.75
 20
0.0
 10
503.5
 20
0.0
 10
503.25
 20
0.0
 10
503.0
 20
0.0
 10
502.75
 20
0.0
 10
502.5
 20
0.0
 10
502.25
 20
0.0
 10
502.0
 20
0.0
 10
501.75
 20
0.0
 10
501.5
 20
0.0
 10
501.25
 20
0.0
 10
501.0
 20
0.0
 10
500.75
 20
0.0
 10
500.5
 20
0.0
 10
500.25
 20
0.0
 10
500.0
 20
0.0
 10
499.75
 20
0.0
 10
499.5
 20
0.0
 10
499.25
 20
0.0
 10
499.0
 20
0.0
 10
498.75
 20
0.0
 10
498.5
 20
0.0
 10
498.25
 20
0.0
 10
498.0
 20
0.0
 10
497.75
 20
0.0
 10
497.5
 20
0.0
 10
497.25
 20
0.0
 10
497.0
 20
0.0
 10
496.75
 20
0.0
 10
496.5
 20
0.0
 10
496.25
 20
0.0
 10
496.0
 20
0.0
 10
495.75
 20
0.0
 10
495.5
 20
0.0
 10
495.25
 20
0.0
 10
495.0
 20
0.0
 10
494.75
 20
0.0
 10
494.5
 20
0.0
 10
494.25
 20
0.0
 10
494.0
 20
0.0
 10
493.75
 20
0.0
 10
493.5
 20
0.0
 10
493.25
 20
0.0
 10
493.0
 20
0.0
 10
492.75
 20
0.0
 10
492.5
 20
0.0
 10
492.25
 20
0.0
 10
492.0
 20
0.0
 10
491.75
 20
0.0
 10
491.5
 20
0.0
 10
491.25
 20
0.0
 10
491.0
 20
0.0
 10
490.75
 20
0.0
 10
490.5
 20
0.0
 10
490.25
 20
0.0
 10
490.0
 20
0.0
 10
489.75
 20
0.0
 10
489.5
 20
0.0
 10
489.25
 20
0.0
 10
489.0
 20
0.0
 10
488.75
 20
0.0
 10
488.5
 20
0.0
 10
488.25
 20
0.0
 10
488.0
 20
0.0
 10
487.75
 20
0.0
 10
487.5
 20
0.0
 10
487.25
 20
0.0
 10
487.0
 20
0.0
 10
486.75
 20
0.0
 10
486.5
 20
0.0
 10
486.25
 20
0.0
 10
486.0
 20
0.0
 10
485.75
 20
0.0
 10
485.5
 20
0.0
 10
485.25
 20
0.0
 10
485.0
 20
0.0
 10
484.75
 20
0.0
 10
484.5
 20
0.0
 10
484.25
 20
0.0
 10
484.0
 20
0.0
 10
483.75
 20
0.0
 10
483.5
 20
0.0
 10
483.25
 20
0.0
 10
483.0
 20
0.0
 10
482.75
 20
0.0
 10
482.5
 20
0.0
 10
482.25
 20
0.0
 10
482.0
 20
0.0
 10
481.75
 20
0.0
 10
481.5
 20
0.0
 10
481.25
 20
0.0
 10
481.0
 20
0.0
 10
480.75
 20
0.0
 10
480.5
 20
0.0
 10
480.25
 20
0.0
 10
480.0
 20
0.0
 10
480.0
 20
0.25
 10
480.0
 20
0.5
 10
480.0
 20
0.75
 10
480.0
 20
1.0
 10
480.0
 20
1.25
 10
480.0
 20
1.5
 10
480.0
 20
1.75
 10
480.0
 20
2.0
 10
480.0
 20
2.25
 10
480.0
 20
2.5
 10
480.0
 20
2.75
 10
480.0
 20
3.0
 10
480.0
 20
3.25
 10
480.0
 20
3.5
 10
480.0
 20
3.75
 10
480.0
 20
4.0
 10
480.0
 20
4.25
 10
480.0
 20
4.5
 10
480.0
 20
4.75
 10
480.0
 20
5.0
 10
480.0
 20
5.25
 10
480.0
 20
5.5
 10
480.0
 20
5.75
 10
480.0
 20
6.0
 10
480.0
 20
6.25
 10
480.0
 20
6.5
 10
480.0
 20
6.75
 10
480.0
 20
7.0
 10
480.0
 20
7.25
 10
480.0
 20
7.5
 10
480.0
 20
7.75
 10
480.0
 20
8.0
 10
480.0
 20
8.25
 10
480.0
 20
8.5
 10
480.0
 20
8.75
 10
480.0
 20
9.0
 10
480.0
 20
9.25
 10
480.0
 20
9.5
 10
480.0
 20
9.75
 10
480.0
 20
10.0
 10
480.0
 20
10.25
 10
480.0
 20
10.5
 10
480.0
 20
10.75
  0
LWPOLYLINE
  5
6A
330
17
100
AcDbEntity
  8
REFERENCE_GEOMETRY
100
AcDbPolyline
 90
72
 70
1
 10
598.6999999740822
 20
5.4999999996525775
 10
598.6935309608378
 20
5.648164762328431
 10
598.674173154202
 20
5.795201901695991
 10
598.6420738787716
 20
5.939992376341219
 10
598.5974774294148
 20
6.081434243325186
 10
598.5407232120392
 20
6.218451044635208
 10
598.4722431605082
 20
6.349999999680311
 10
598.3925584493634
 20
6.475079941481171
 10
598.3022755273714
 20
6.592738936155349
 10
598.202081502083
 20
6.7020815277089305
 10
598.0927389105294
 20
6.802275552997331
 10
597.9750799158552
 20
6.8925584749893005
 10
597.8499999740544
 20
6.97224318613416
 10
597.7184510190093
 20
7.040723237665154
 10
597.5814342176992
 20
7.097477455040745
 10
597.4399923507153
 20
7.142073904397572
 10
597.2952018760701
 20
7.174173179827957
 10
597.1481647367025
 20
7.193530986463802
 10
596.9999999740267
 20
7.199999999708046
 10
596.8518352113508
 20
7.193530986463802
 10
596.7047980719832
 20
7.174173179827957
 10
596.560007597338
 20
7.142073904397572
 10
596.4185657303541
 20
7.097477455040745
 10
596.281548929044
 20
7.040723237665154
 10
596.1499999739989
 20
6.97224318613416
 10
596.0249200321981
 20
6.8925584749893005
 10
595.9072610375239
 20
6.802275552997331
 10
595.7979184459703
 20
6.7020815277089305
 10
595.6977244206819
 20
6.5927389361553494
 10
595.6074414986899
 20
6.475079941481171
 10
595.5277567875451
 20
6.349999999680312
 10
595.4592767360141
 20
6.218451044635208
 10
595.4025225186385
 20
6.081434243325186
 10
595.3579260692817
 20
5.939992376341219
 10
595.3258267938513
 20
5.795201901695991
 10
595.3064689872155
 20
5.648164762328431
 10
595.2999999739711
 20
5.4999999996525775
 10
595.3064689872155
 20
5.351835236976725
 10
595.3258267938513
 20
5.204798097609165
 10
595.3579260692817
 20
5.060007622963937
 10
595.4025225186385
 20
4.918565755979969
 10
595.4592767360141
 20
4.7815489546699474
 10
595.5277567875451
 20
4.649999999624843
 10
595.6074414986899
 20
4.524920057823984
 10
595.6977244206819
 20
4.407261063149807
 10
595.7979184459703
 20
4.297918471596224
 10
595.9072610375239
 20
4.197724446307824
 10
596.0249200321981
 20
4.1074415243158535
 10
596.1499999739989
 20
4.027756813170995
 10
596.281548929044
 20
3.9592767616400018
 10
596.4185657303541
 20
3.90252254426441
 10
596.560007597338
 20
3.857926094907583
 10
596.7047980719832
 20
3.8258268194771983
 10
596.8518352113508
 20
3.8064690128413528
 10
596.9999999740267
 20
3.7999999995971088
 10
597.1481647367025
 20
3.8064690128413528
 10
597.2952018760701
 20
3.825826819477198
 10
597.4399923507153
 20
3.8579260949075826
 10
597.5814342176992
 20
3.90252254426441
 10
597.7184510190093
 20
3.9592767616400004
 10
597.8499999740544
 20
4.027756813170994
 10
597.9750799158552
 20
4.107441524315854
 10
598.0927389105294
 20
4.197724446307824
 10
598.202081502083
 20
4.297918471596224
 10
598.3022755273714
 20
4.4072610631498055
 10
598.3925584493634
 20
4.524920057823983
 10
598.4722431605082
 20
4.649999999624844
 10
598.5407232120392
 20
4.781548954669946
 10
598.5974774294148
 20
4.918565755979969
 10
598.6420738787716
 20
5.060007622963936
 10
598.674173154202
 20
5.204798097609164
 10
598.6935309608378
 20
5.351835236976724
  0
LWPOLYLINE
  5
6B
330
17
100
AcDbEntity
  8
REFERENCE_GEOMETRY
100
AcDbPolyline
 90
72
 70
1
 10
498.69999998658744
 20
5.499999999943968
 10
498.6935309733434
 20
5.648164762614599
 10
498.6741731667083
 20
5.795201901976977
 10
498.642073891279
 20
5.939992376617101
 10
498.59747744192373
 20
6.081434243596083
 10
498.54072322455016
 20
6.218451044901276
 10
498.4722431730216
 20
6.349999999941742
 10
498.3925584618795
 20
6.475079941738193
 10
498.30227553989073
 20
6.5927389364082245
 10
498.2020815146059
 20
6.702081527957952
 10
498.0927389230561
 20
6.802275553242821
 10
497.9750799283861
 20
6.892558475231608
 10
497.84999998658964
 20
6.972243186373659
 10
497.7184510315492
 20
7.040723237902239
 10
497.581434230244
 20
7.09747745527583
 10
497.43999236326505
 20
7.142073904631085
 10
497.2952018886249
 20
7.174173180060339
 10
497.1481647492625
 20
7.193530986695501
 10
496.9999999865919
 20
7.199999999939517
 10
496.8518352239213
 20
7.193530986695501
 10
496.7047980845589
 20
7.174173180060339
 10
496.5600076099187
 20
7.142073904631085
 10
496.4185657429398
 20
7.09747745527583
 10
496.2815489416346
 20
7.040723237902239
 10
496.14999998659414
 20
6.972243186373659
 10
496.0249200447977
 20
6.892558475231608
 10
495.90726105012766
 20
6.802275553242821
 10
495.7979184585779
 20
6.702081527957952
 10
495.69772443329305
 20
6.5927389364082245
 10
495.6074415113043
 20
6.475079941738193
 10
495.5277568001622
 20
6.349999999941743
 10
495.4592767486336
 20
6.218451044901276
 10
495.40252253126005
 20
6.0814342435960835
 10
495.3579260819048
 20
5.939992376617101
 10
495.3258268064755
 20
5.795201901976977
 10
495.3064689998404
 20
5.648164762614599
 10
495.29999998659633
 20
5.499999999943968
 10
495.3064689998404
 20
5.351835237273338
 10
495.3258268064755
 20
5.2047980979109605
 10
495.3579260819048
 20
5.0600076232708355
 10
495.40252253126005
 20
4.918565756291854
 10
495.4592767486336
 20
4.781548954986661
 10
495.5277568001622
 20
4.649999999946194
 10
495.6074415113043
 20
4.5249200581497435
 10
495.69772443329305
 20
4.407261063479713
 10
495.7979184585779
 20
4.297918471929985
 10
495.90726105012766
 20
4.197724446645116
 10
496.0249200447977
 20
4.107441524656328
 10
496.14999998659414
 20
4.027756813514278
 10
496.2815489416346
 20
3.9592767619856977
 10
496.4185657429398
 20
3.902522544612107
 10
496.5600076099187
 20
3.8579260952568517
 10
496.7047980845589
 20
3.825826819827598
 10
496.8518352239213
 20
3.8064690131924355
 10
496.9999999865919
 20
3.7999999999484197
 10
497.1481647492625
 20
3.8064690131924355
 10
497.2952018886249
 20
3.825826819827598
 10
497.43999236326505
 20
3.8579260952568513
 10
497.581434230244
 20
3.902522544612107
 10
497.7184510315492
 20
3.959276761985697
 10
497.84999998658964
 20
4.0277568135142765
 10
497.9750799283861
 20
4.107441524656329
 10
498.0927389230561
 20
4.197724446645116
 10
498.2020815146059
 20
4.297918471929985
 10
498.30227553989073
 20
4.407261063479712
 10
498.3925584618795
 20
4.524920058149743
 10
498.4722431730216
 20
4.6499999999461945
 10
498.54072322455016
 20
4.781548954986659
 10
498.59747744192373
 20
4.918565756291854
 10
498.642073891279
 20
5.0600076232708355
 10
498.6741731667083
 20
5.20479809791096
 10
498.6935309733434
 20
5.351835237273337
  0
DIMENSION
  5
6C
330
17
100
AcDbEntity
  8
REFERENCE_DIMENSIONS
100
AcDbDimension
280
0
  2
*D3
  3
Standard
 10
480.0
 20
-16.0
 30
0.0
 11
569.25
 21
-16.0
 31
0.0
 70
32
 71
5
  1
<>
100
AcDbAlignedDimension
 13
480.0
 23
0.0
 33
0.0
 14
658.5
 24
0.0
 34
0.0
 50
0.0
100
AcDbRotatedDimension
1001
ACAD
1000
DSTYLE
1002
{
1070
140
1040
3.0
1070
41
1040
2.0
1070
271
1070
3
1002
}
  0
DIMENSION
  5
7C
330
17
100
AcDbEntity
  8
REFERENCE_DIMENSIONS
100
AcDbDimension
280
0
  2
*D4
  3
Standard
 10
674.5
 20
0.0
 30
0.0
 11
674.5
 21
5.5
 31
0.0
 70
32
 71
5
  1
<>
100
AcDbAlignedDimension
 13
658.5
 23
0.0
 33
0.0
 14
658.5
 24
11.0
 34
0.0
 50
90.0
100
AcDbRotatedDimension
1001
ACAD
1000
DSTYLE
1002
{
1070
140
1040
3.0
1070
41
1040
2.0
1070
271
1070
3
1002
}
  0
TEXT
  5
8C
330
17
100
AcDbEntity
  8
REFERENCE_NOTES
100
AcDbText
 10
480.0
 20
-34.0
 30
0.0
 40
3.0
  1
lower_deck_angle_1_0_top
100
AcDbText
  0
TEXT
  5
8D
330
17
100
AcDbEntity
  8
REFERENCE_NOTES
100
AcDbText
 10
480.0
 20
-41.0
 30
0.0
 40
3.0
  1
R01 CANDIDATE | mm 1:1 | NOT FOR MANUFACTURE
100
AcDbText
  0
TEXT
  5
8E
330
17
100
AcDbEntity
  8
REFERENCE_NOTES
100
AcDbText
 10
480.0
 20
-48.0
 30
0.0
 40
3.0
  1
Section nominal thickness 3 mm
100
AcDbText
  0
TEXT
  5
8F
330
17
100
AcDbEntity
  8
REFERENCE_NOTES
100
AcDbText
 10
480.0
 20
-55.0
 30
0.0
 40
3.0
  1
Deck-facing holes share deck axes
100
AcDbText
  0
TEXT
  5
90
330
17
100
AcDbEntity
  8
REFERENCE_NOTES
100
AcDbText
 10
480.0
 20
-62.0
 30
0.0
 40
3.0
  1
Source instance: lower_deck_angle_1_0
100
AcDbText
  0
TEXT
  5
91
330
17
100
AcDbEntity
  8
REFERENCE_NOTES
100
AcDbText
 10
480.0
 20
-69.0
 30
0.0
 40
3.0
  1
Material / tolerances / finish / preload: TBD
100
AcDbText
  0
LWPOLYLINE
  5
92
330
17
100
AcDbEntity
  8
REFERENCE_GEOMETRY
100
AcDbPolyline
 90
1540
 70
1
 10
1138.5
 20
0.0
 10
1138.25
 20
0.0
 10
1138.0
 20
0.0
 10
1137.75
 20
0.0
 10
1137.5
 20
0.0
 10
1137.25
 20
0.0
 10
1137.0
 20
0.0
 10
1136.75
 20
0.0
 10
1136.5
 20
0.0
 10
1136.25
 20
0.0
 10
1136.0
 20
0.0
 10
1135.75
 20
0.0
 10
1135.5
 20
0.0
 10
1135.25
 20
0.0
 10
1135.0
 20
0.0
 10
1134.75
 20
0.0
 10
1134.5
 20
0.0
 10
1134.25
 20
0.0
 10
1134.0
 20
0.0
 10
1133.75
 20
0.0
 10
1133.5
 20
0.0
 10
1133.25
 20
0.0
 10
1133.0
 20
0.0
 10
1132.75
 20
0.0
 10
1132.5
 20
0.0
 10
1132.25
 20
0.0
 10
1132.0
 20
0.0
 10
1131.75
 20
0.0
 10
1131.5
 20
0.0
 10
1131.25
 20
0.0
 10
1131.0
 20
0.0
 10
1130.75
 20
0.0
 10
1130.5
 20
0.0
 10
1130.25
 20
0.0
 10
1130.0
 20
0.0
 10
1129.75
 20
0.0
 10
1129.5
 20
0.0
 10
1129.25
 20
0.0
 10
1129.0
 20
0.0
 10
1128.75
 20
0.0
 10
1128.5
 20
0.0
 10
1128.25
 20
0.0
 10
1128.0
 20
0.0
 10
1127.75
 20
0.0
 10
1127.5
 20
0.0
 10
1127.25
 20
0.0
 10
1127.0
 20
0.0
 10
1126.75
 20
0.0
 10
1126.5
 20
0.0
 10
1126.25
 20
0.0
 10
1126.0
 20
0.0
 10
1125.75
 20
0.0
 10
1125.5
 20
0.0
 10
1125.25
 20
0.0
 10
1125.0
 20
0.0
 10
1124.75
 20
0.0
 10
1124.5
 20
0.0
 10
1124.25
 20
0.0
 10
1124.0
 20
0.0
 10
1123.75
 20
0.0
 10
1123.5
 20
0.0
 10
1123.25
 20
0.0
 10
1123.0
 20
0.0
 10
1122.75
 20
0.0
 10
1122.5
 20
0.0
 10
1122.25
 20
0.0
 10
1122.0
 20
0.0
 10
1121.75
 20
0.0
 10
1121.5
 20
0.0
 10
1121.25
 20
0.0
 10
1121.0
 20
0.0
 10
1120.75
 20
0.0
 10
1120.5
 20
0.0
 10
1120.25
 20
0.0
 10
1120.0
 20
0.0
 10
1119.75
 20
0.0
 10
1119.5
 20
0.0
 10
1119.25
 20
0.0
 10
1119.0
 20
0.0
 10
1118.75
 20
0.0
 10
1118.5
 20
0.0
 10
1118.25
 20
0.0
 10
1118.0
 20
0.0
 10
1117.75
 20
0.0
 10
1117.5
 20
0.0
 10
1117.25
 20
0.0
 10
1117.0
 20
0.0
 10
1116.75
 20
0.0
 10
1116.5
 20
0.0
 10
1116.25
 20
0.0
 10
1116.0
 20
0.0
 10
1115.75
 20
0.0
 10
1115.5
 20
0.0
 10
1115.25
 20
0.0
 10
1115.0
 20
0.0
 10
1114.75
 20
0.0
 10
1114.5
 20
0.0
 10
1114.25
 20
0.0
 10
1114.0
 20
0.0
 10
1113.75
 20
0.0
 10
1113.5
 20
0.0
 10
1113.25
 20
0.0
 10
1113.0
 20
0.0
 10
1112.75
 20
0.0
 10
1112.5
 20
0.0
 10
1112.25
 20
0.0
 10
1112.0
 20
0.0
 10
1111.75
 20
0.0
 10
1111.5
 20
0.0
 10
1111.25
 20
0.0
 10
1111.0
 20
0.0
 10
1110.75
 20
0.0
 10
1110.5
 20
0.0
 10
1110.25
 20
0.0
 10
1110.0
 20
0.0
 10
1109.75
 20
0.0
 10
1109.5
 20
0.0
 10
1109.25
 20
0.0
 10
1109.0
 20
0.0
 10
1108.75
 20
0.0
 10
1108.5
 20
0.0
 10
1108.25
 20
0.0
 10
1108.0
 20
0.0
 10
1107.75
 20
0.0
 10
1107.5
 20
0.0
 10
1107.25
 20
0.0
 10
1107.0
 20
0.0
 10
1106.75
 20
0.0
 10
1106.5
 20
0.0
 10
1106.25
 20
0.0
 10
1106.0
 20
0.0
 10
1105.75
 20
0.0
 10
1105.5
 20
0.0
 10
1105.25
 20
0.0
 10
1105.0
 20
0.0
 10
1104.75
 20
0.0
 10
1104.5
 20
0.0
 10
1104.25
 20
0.0
 10
1104.0
 20
0.0
 10
1103.75
 20
0.0
 10
1103.5
 20
0.0
 10
1103.25
 20
0.0
 10
1103.0
 20
0.0
 10
1102.75
 20
0.0
 10
1102.5
 20
0.0
 10
1102.25
 20
0.0
 10
1102.0
 20
0.0
 10
1101.75
 20
0.0
 10
1101.5
 20
0.0
 10
1101.25
 20
0.0
 10
1101.0
 20
0.0
 10
1100.75
 20
0.0
 10
1100.5
 20
0.0
 10
1100.25
 20
0.0
 10
1100.0
 20
0.0
 10
1099.75
 20
0.0
 10
1099.5
 20
0.0
 10
1099.25
 20
0.0
 10
1099.0
 20
0.0
 10
1098.75
 20
0.0
 10
1098.5
 20
0.0
 10
1098.25
 20
0.0
 10
1098.0
 20
0.0
 10
1097.75
 20
0.0
 10
1097.5
 20
0.0
 10
1097.25
 20
0.0
 10
1097.0
 20
0.0
 10
1096.75
 20
0.0
 10
1096.5
 20
0.0
 10
1096.25
 20
0.0
 10
1096.0
 20
0.0
 10
1095.75
 20
0.0
 10
1095.5
 20
0.0
 10
1095.25
 20
0.0
 10
1095.0
 20
0.0
 10
1094.75
 20
0.0
 10
1094.5
 20
0.0
 10
1094.25
 20
0.0
 10
1094.0
 20
0.0
 10
1093.75
 20
0.0
 10
1093.5
 20
0.0
 10
1093.25
 20
0.0
 10
1093.0
 20
0.0
 10
1092.75
 20
0.0
 10
1092.5
 20
0.0
 10
1092.25
 20
0.0
 10
1092.0
 20
0.0
 10
1091.75
 20
0.0
 10
1091.5
 20
0.0
 10
1091.25
 20
0.0
 10
1091.0
 20
0.0
 10
1090.75
 20
0.0
 10
1090.5
 20
0.0
 10
1090.25
 20
0.0
 10
1090.0
 20
0.0
 10
1089.75
 20
0.0
 10
1089.5
 20
0.0
 10
1089.25
 20
0.0
 10
1089.0
 20
0.0
 10
1088.75
 20
0.0
 10
1088.5
 20
0.0
 10
1088.25
 20
0.0
 10
1088.0
 20
0.0
 10
1087.75
 20
0.0
 10
1087.5
 20
0.0
 10
1087.25
 20
0.0
 10
1087.0
 20
0.0
 10
1086.75
 20
0.0
 10
1086.5
 20
0.0
 10
1086.25
 20
0.0
 10
1086.0
 20
0.0
 10
1085.75
 20
0.0
 10
1085.5
 20
0.0
 10
1085.25
 20
0.0
 10
1085.0
 20
0.0
 10
1084.75
 20
0.0
 10
1084.5
 20
0.0
 10
1084.25
 20
0.0
 10
1084.0
 20
0.0
 10
1083.75
 20
0.0
 10
1083.5
 20
0.0
 10
1083.25
 20
0.0
 10
1083.0
 20
0.0
 10
1082.75
 20
0.0
 10
1082.5
 20
0.0
 10
1082.25
 20
0.0
 10
1082.0
 20
0.0
 10
1081.75
 20
0.0
 10
1081.5
 20
0.0
 10
1081.25
 20
0.0
 10
1081.0
 20
0.0
 10
1080.75
 20
0.0
 10
1080.5
 20
0.0
 10
1080.25
 20
0.0
 10
1080.0
 20
0.0
 10
1079.75
 20
0.0
 10
1079.5
 20
0.0
 10
1079.25
 20
0.0
 10
1079.0
 20
0.0
 10
1078.75
 20
0.0
 10
1078.5
 20
0.0
 10
1078.25
 20
0.0
 10
1078.0
 20
0.0
 10
1077.75
 20
0.0
 10
1077.5
 20
0.0
 10
1077.25
 20
0.0
 10
1077.0
 20
0.0
 10
1076.75
 20
0.0
 10
1076.5
 20
0.0
 10
1076.25
 20
0.0
 10
1076.0
 20
0.0
 10
1075.75
 20
0.0
 10
1075.5
 20
0.0
 10
1075.25
 20
0.0
 10
1075.0
 20
0.0
 10
1074.75
 20
0.0
 10
1074.5
 20
0.0
 10
1074.25
 20
0.0
 10
1074.0
 20
0.0
 10
1073.75
 20
0.0
 10
1073.5
 20
0.0
 10
1073.25
 20
0.0
 10
1073.0
 20
0.0
 10
1072.75
 20
0.0
 10
1072.5
 20
0.0
 10
1072.25
 20
0.0
 10
1072.0
 20
0.0
 10
1071.75
 20
0.0
 10
1071.5
 20
0.0
 10
1071.25
 20
0.0
 10
1071.0
 20
0.0
 10
1070.75
 20
0.0
 10
1070.5
 20
0.0
 10
1070.25
 20
0.0
 10
1070.0
 20
0.0
 10
1069.75
 20
0.0
 10
1069.5
 20
0.0
 10
1069.25
 20
0.0
 10
1069.0
 20
0.0
 10
1068.75
 20
0.0
 10
1068.5
 20
0.0
 10
1068.25
 20
0.0
 10
1068.0
 20
0.0
 10
1067.75
 20
0.0
 10
1067.5
 20
0.0
 10
1067.25
 20
0.0
 10
1067.0
 20
0.0
 10
1066.75
 20
0.0
 10
1066.5
 20
0.0
 10
1066.25
 20
0.0
 10
1066.0
 20
0.0
 10
1065.75
 20
0.0
 10
1065.5
 20
0.0
 10
1065.25
 20
0.0
 10
1065.0
 20
0.0
 10
1064.75
 20
0.0
 10
1064.5
 20
0.0
 10
1064.25
 20
0.0
 10
1064.0
 20
0.0
 10
1063.75
 20
0.0
 10
1063.5
 20
0.0
 10
1063.25
 20
0.0
 10
1063.0
 20
0.0
 10
1062.75
 20
0.0
 10
1062.5
 20
0.0
 10
1062.25
 20
0.0
 10
1062.0
 20
0.0
 10
1061.75
 20
0.0
 10
1061.5
 20
0.0
 10
1061.25
 20
0.0
 10
1061.0
 20
0.0
 10
1060.75
 20
0.0
 10
1060.5
 20
0.0
 10
1060.25
 20
0.0
 10
1060.0
 20
0.0
 10
1059.75
 20
0.0
 10
1059.5
 20
0.0
 10
1059.25
 20
0.0
 10
1059.0
 20
0.0
 10
1058.75
 20
0.0
 10
1058.5
 20
0.0
 10
1058.25
 20
0.0
 10
1058.0
 20
0.0
 10
1057.75
 20
0.0
 10
1057.5
 20
0.0
 10
1057.25
 20
0.0
 10
1057.0
 20
0.0
 10
1056.75
 20
0.0
 10
1056.5
 20
0.0
 10
1056.25
 20
0.0
 10
1056.0
 20
0.0
 10
1055.75
 20
0.0
 10
1055.5
 20
0.0
 10
1055.25
 20
0.0
 10
1055.0
 20
0.0
 10
1054.75
 20
0.0
 10
1054.5
 20
0.0
 10
1054.25
 20
0.0
 10
1054.0
 20
0.0
 10
1053.75
 20
0.0
 10
1053.5
 20
0.0
 10
1053.25
 20
0.0
 10
1053.0
 20
0.0
 10
1052.75
 20
0.0
 10
1052.5
 20
0.0
 10
1052.25
 20
0.0
 10
1052.0
 20
0.0
 10
1051.75
 20
0.0
 10
1051.5
 20
0.0
 10
1051.25
 20
0.0
 10
1051.0
 20
0.0
 10
1050.75
 20
0.0
 10
1050.5
 20
0.0
 10
1050.25
 20
0.0
 10
1050.0
 20
0.0
 10
1049.75
 20
0.0
 10
1049.5
 20
0.0
 10
1049.25
 20
0.0
 10
1049.0
 20
0.0
 10
1048.75
 20
0.0
 10
1048.5
 20
0.0
 10
1048.25
 20
0.0
 10
1048.0
 20
0.0
 10
1047.75
 20
0.0
 10
1047.5
 20
0.0
 10
1047.25
 20
0.0
 10
1047.0
 20
0.0
 10
1046.75
 20
0.0
 10
1046.5
 20
0.0
 10
1046.25
 20
0.0
 10
1046.0
 20
0.0
 10
1045.75
 20
0.0
 10
1045.5
 20
0.0
 10
1045.25
 20
0.0
 10
1045.0
 20
0.0
 10
1044.75
 20
0.0
 10
1044.5
 20
0.0
 10
1044.25
 20
0.0
 10
1044.0
 20
0.0
 10
1043.75
 20
0.0
 10
1043.5
 20
0.0
 10
1043.25
 20
0.0
 10
1043.0
 20
0.0
 10
1042.75
 20
0.0
 10
1042.5
 20
0.0
 10
1042.25
 20
0.0
 10
1042.0
 20
0.0
 10
1041.75
 20
0.0
 10
1041.5
 20
0.0
 10
1041.25
 20
0.0
 10
1041.0
 20
0.0
 10
1040.75
 20
0.0
 10
1040.5
 20
0.0
 10
1040.25
 20
0.0
 10
1040.0
 20
0.0
 10
1039.75
 20
0.0
 10
1039.5
 20
0.0
 10
1039.25
 20
0.0
 10
1039.0
 20
0.0
 10
1038.75
 20
0.0
 10
1038.5
 20
0.0
 10
1038.25
 20
0.0
 10
1038.0
 20
0.0
 10
1037.75
 20
0.0
 10
1037.5
 20
0.0
 10
1037.25
 20
0.0
 10
1037.0
 20
0.0
 10
1036.75
 20
0.0
 10
1036.5
 20
0.0
 10
1036.25
 20
0.0
 10
1036.0
 20
0.0
 10
1035.75
 20
0.0
 10
1035.5
 20
0.0
 10
1035.25
 20
0.0
 10
1035.0
 20
0.0
 10
1034.75
 20
0.0
 10
1034.5
 20
0.0
 10
1034.25
 20
0.0
 10
1034.0
 20
0.0
 10
1033.75
 20
0.0
 10
1033.5
 20
0.0
 10
1033.25
 20
0.0
 10
1033.0
 20
0.0
 10
1032.75
 20
0.0
 10
1032.5
 20
0.0
 10
1032.25
 20
0.0
 10
1032.0
 20
0.0
 10
1031.75
 20
0.0
 10
1031.5
 20
0.0
 10
1031.25
 20
0.0
 10
1031.0
 20
0.0
 10
1030.75
 20
0.0
 10
1030.5
 20
0.0
 10
1030.25
 20
0.0
 10
1030.0
 20
0.0
 10
1029.75
 20
0.0
 10
1029.5
 20
0.0
 10
1029.25
 20
0.0
 10
1029.0
 20
0.0
 10
1028.75
 20
0.0
 10
1028.5
 20
0.0
 10
1028.25
 20
0.0
 10
1028.0
 20
0.0
 10
1027.75
 20
0.0
 10
1027.5
 20
0.0
 10
1027.25
 20
0.0
 10
1027.0
 20
0.0
 10
1026.75
 20
0.0
 10
1026.5
 20
0.0
 10
1026.25
 20
0.0
 10
1026.0
 20
0.0
 10
1025.75
 20
0.0
 10
1025.5
 20
0.0
 10
1025.25
 20
0.0
 10
1025.0
 20
0.0
 10
1024.75
 20
0.0
 10
1024.5
 20
0.0
 10
1024.25
 20
0.0
 10
1024.0
 20
0.0
 10
1023.75
 20
0.0
 10
1023.5
 20
0.0
 10
1023.25
 20
0.0
 10
1023.0
 20
0.0
 10
1022.75
 20
0.0
 10
1022.5
 20
0.0
 10
1022.25
 20
0.0
 10
1022.0
 20
0.0
 10
1021.75
 20
0.0
 10
1021.5
 20
0.0
 10
1021.25
 20
0.0
 10
1021.0
 20
0.0
 10
1020.75
 20
0.0
 10
1020.5
 20
0.0
 10
1020.25
 20
0.0
 10
1020.0
 20
0.0
 10
1019.75
 20
0.0
 10
1019.5
 20
0.0
 10
1019.25
 20
0.0
 10
1019.0
 20
0.0
 10
1018.75
 20
0.0
 10
1018.5
 20
0.0
 10
1018.25
 20
0.0
 10
1018.0
 20
0.0
 10
1017.75
 20
0.0
 10
1017.5
 20
0.0
 10
1017.25
 20
0.0
 10
1017.0
 20
0.0
 10
1016.75
 20
0.0
 10
1016.5
 20
0.0
 10
1016.25
 20
0.0
 10
1016.0
 20
0.0
 10
1015.75
 20
0.0
 10
1015.5
 20
0.0
 10
1015.25
 20
0.0
 10
1015.0
 20
0.0
 10
1014.75
 20
0.0
 10
1014.5
 20
0.0
 10
1014.25
 20
0.0
 10
1014.0
 20
0.0
 10
1013.75
 20
0.0
 10
1013.5
 20
0.0
 10
1013.25
 20
0.0
 10
1013.0
 20
0.0
 10
1012.75
 20
0.0
 10
1012.5
 20
0.0
 10
1012.25
 20
0.0
 10
1012.0
 20
0.0
 10
1011.75
 20
0.0
 10
1011.5
 20
0.0
 10
1011.25
 20
0.0
 10
1011.0
 20
0.0
 10
1010.75
 20
0.0
 10
1010.5
 20
0.0
 10
1010.25
 20
0.0
 10
1010.0
 20
0.0
 10
1009.75
 20
0.0
 10
1009.5
 20
0.0
 10
1009.25
 20
0.0
 10
1009.0
 20
0.0
 10
1008.75
 20
0.0
 10
1008.5
 20
0.0
 10
1008.25
 20
0.0
 10
1008.0
 20
0.0
 10
1007.75
 20
0.0
 10
1007.5
 20
0.0
 10
1007.25
 20
0.0
 10
1007.0
 20
0.0
 10
1006.75
 20
0.0
 10
1006.5
 20
0.0
 10
1006.25
 20
0.0
 10
1006.0
 20
0.0
 10
1005.75
 20
0.0
 10
1005.5
 20
0.0
 10
1005.25
 20
0.0
 10
1005.0
 20
0.0
 10
1004.75
 20
0.0
 10
1004.5
 20
0.0
 10
1004.25
 20
0.0
 10
1004.0
 20
0.0
 10
1003.75
 20
0.0
 10
1003.5
 20
0.0
 10
1003.25
 20
0.0
 10
1003.0
 20
0.0
 10
1002.75
 20
0.0
 10
1002.5
 20
0.0
 10
1002.25
 20
0.0
 10
1002.0
 20
0.0
 10
1001.75
 20
0.0
 10
1001.5
 20
0.0
 10
1001.25
 20
0.0
 10
1001.0
 20
0.0
 10
1000.75
 20
0.0
 10
1000.5
 20
0.0
 10
1000.25
 20
0.0
 10
1000.0
 20
0.0
 10
999.75
 20
0.0
 10
999.5
 20
0.0
 10
999.25
 20
0.0
 10
999.0
 20
0.0
 10
998.75
 20
0.0
 10
998.5
 20
0.0
 10
998.25
 20
0.0
 10
998.0
 20
0.0
 10
997.75
 20
0.0
 10
997.5
 20
0.0
 10
997.25
 20
0.0
 10
997.0
 20
0.0
 10
996.75
 20
0.0
 10
996.5
 20
0.0
 10
996.25
 20
0.0
 10
996.0
 20
0.0
 10
995.75
 20
0.0
 10
995.5
 20
0.0
 10
995.25
 20
0.0
 10
995.0
 20
0.0
 10
994.75
 20
0.0
 10
994.5
 20
0.0
 10
994.25
 20
0.0
 10
994.0
 20
0.0
 10
993.75
 20
0.0
 10
993.5
 20
0.0
 10
993.25
 20
0.0
 10
993.0
 20
0.0
 10
992.75
 20
0.0
 10
992.5
 20
0.0
 10
992.25
 20
0.0
 10
992.0
 20
0.0
 10
991.75
 20
0.0
 10
991.5
 20
0.0
 10
991.25
 20
0.0
 10
991.0
 20
0.0
 10
990.75
 20
0.0
 10
990.5
 20
0.0
 10
990.25
 20
0.0
 10
990.0
 20
0.0
 10
989.75
 20
0.0
 10
989.5
 20
0.0
 10
989.25
 20
0.0
 10
989.0
 20
0.0
 10
988.75
 20
0.0
 10
988.5
 20
0.0
 10
988.25
 20
0.0
 10
988.0
 20
0.0
 10
987.75
 20
0.0
 10
987.5
 20
0.0
 10
987.25
 20
0.0
 10
987.0
 20
0.0
 10
986.75
 20
0.0
 10
986.5
 20
0.0
 10
986.25
 20
0.0
 10
986.0
 20
0.0
 10
985.75
 20
0.0
 10
985.5
 20
0.0
 10
985.25
 20
0.0
 10
985.0
 20
0.0
 10
984.75
 20
0.0
 10
984.5
 20
0.0
 10
984.25
 20
0.0
 10
984.0
 20
0.0
 10
983.75
 20
0.0
 10
983.5
 20
0.0
 10
983.25
 20
0.0
 10
983.0
 20
0.0
 10
982.75
 20
0.0
 10
982.5
 20
0.0
 10
982.25
 20
0.0
 10
982.0
 20
0.0
 10
981.75
 20
0.0
 10
981.5
 20
0.0
 10
981.25
 20
0.0
 10
981.0
 20
0.0
 10
980.75
 20
0.0
 10
980.5
 20
0.0
 10
980.25
 20
0.0
 10
980.0
 20
0.0
 10
979.75
 20
0.0
 10
979.5
 20
0.0
 10
979.25
 20
0.0
 10
979.0
 20
0.0
 10
978.75
 20
0.0
 10
978.5
 20
0.0
 10
978.25
 20
0.0
 10
978.0
 20
0.0
 10
977.75
 20
0.0
 10
977.5
 20
0.0
 10
977.25
 20
0.0
 10
977.0
 20
0.0
 10
976.75
 20
0.0
 10
976.5
 20
0.0
 10
976.25
 20
0.0
 10
976.0
 20
0.0
 10
975.75
 20
0.0
 10
975.5
 20
0.0
 10
975.25
 20
0.0
 10
975.0
 20
0.0
 10
974.75
 20
0.0
 10
974.5
 20
0.0
 10
974.25
 20
0.0
 10
974.0
 20
0.0
 10
973.75
 20
0.0
 10
973.5
 20
0.0
 10
973.25
 20
0.0
 10
973.0
 20
0.0
 10
972.75
 20
0.0
 10
972.5
 20
0.0
 10
972.25
 20
0.0
 10
972.0
 20
0.0
 10
971.75
 20
0.0
 10
971.5
 20
0.0
 10
971.25
 20
0.0
 10
971.0
 20
0.0
 10
970.75
 20
0.0
 10
970.5
 20
0.0
 10
970.25
 20
0.0
 10
970.0
 20
0.0
 10
969.75
 20
0.0
 10
969.5
 20
0.0
 10
969.25
 20
0.0
 10
969.0
 20
0.0
 10
968.75
 20
0.0
 10
968.5
 20
0.0
 10
968.25
 20
0.0
 10
968.0
 20
0.0
 10
967.75
 20
0.0
 10
967.5
 20
0.0
 10
967.25
 20
0.0
 10
967.0
 20
0.0
 10
966.75
 20
0.0
 10
966.5
 20
0.0
 10
966.25
 20
0.0
 10
966.0
 20
0.0
 10
965.75
 20
0.0
 10
965.5
 20
0.0
 10
965.25
 20
0.0
 10
965.0
 20
0.0
 10
964.75
 20
0.0
 10
964.5
 20
0.0
 10
964.25
 20
0.0
 10
964.0
 20
0.0
 10
963.75
 20
0.0
 10
963.5
 20
0.0
 10
963.25
 20
0.0
 10
963.0
 20
0.0
 10
962.75
 20
0.0
 10
962.5
 20
0.0
 10
962.25
 20
0.0
 10
962.0
 20
0.0
 10
961.75
 20
0.0
 10
961.5
 20
0.0
 10
961.25
 20
0.0
 10
961.0
 20
0.0
 10
960.75
 20
0.0
 10
960.5
 20
0.0
 10
960.25
 20
0.0
 10
960.0
 20
0.0
 10
960.0
 20
0.25
 10
960.0
 20
0.5
 10
960.0
 20
0.75
 10
960.0
 20
1.0
 10
960.0
 20
1.25
 10
960.0
 20
1.5
 10
960.0
 20
1.75
 10
960.0
 20
2.0
 10
960.0
 20
2.25
 10
960.0
 20
2.5
 10
960.0
 20
2.75
 10
960.0
 20
3.0
 10
960.0
 20
3.25
 10
960.0
 20
3.5
 10
960.0
 20
3.75
 10
960.0
 20
4.0
 10
960.0
 20
4.25
 10
960.0
 20
4.5
 10
960.0
 20
4.75
 10
960.0
 20
5.0
 10
960.0
 20
5.25
 10
960.0
 20
5.5
 10
960.0
 20
5.75
 10
960.0
 20
6.0
 10
960.0
 20
6.25
 10
960.0
 20
6.5
 10
960.0
 20
6.75
 10
960.0
 20
7.0
 10
960.0
 20
7.25
 10
960.0
 20
7.5
 10
960.0
 20
7.75
 10
960.0
 20
8.0
 10
960.0
 20
8.25
 10
960.0
 20
8.5
 10
960.0
 20
8.75
 10
960.0
 20
9.0
 10
960.0
 20
9.25
 10
960.0
 20
9.5
 10
960.0
 20
9.75
 10
960.0
 20
10.0
 10
960.0
 20
10.25
 10
960.0
 20
10.5
 10
960.0
 20
10.75
 10
960.0
 20
11.0
 10
960.0
 20
11.25
 10
960.0
 20
11.5
 10
960.0
 20
11.75
 10
960.0
 20
12.0
 10
960.0
 20
12.25
 10
960.0
 20
12.5
 10
960.0
 20
12.75
 10
960.0
 20
13.0
 10
960.0
 20
13.25
 10
960.0
 20
13.5
 10
960.0
 20
13.75
 10
960.0
 20
14.0
 10
960.25
 20
14.0
 10
960.5
 20
14.0
 10
960.75
 20
14.0
 10
961.0
 20
14.0
 10
961.25
 20
14.0
 10
961.5
 20
14.0
 10
961.75
 20
14.0
 10
962.0
 20
14.0
 10
962.25
 20
14.0
 10
962.5
 20
14.0
 10
962.75
 20
14.0
 10
963.0
 20
14.0
 10
963.25
 20
14.0
 10
963.5
 20
14.0
 10
963.75
 20
14.0
 10
964.0
 20
14.0
 10
964.25
 20
14.0
 10
964.5
 20
14.0
 10
964.75
 20
14.0
 10
965.0
 20
14.0
 10
965.25
 20
14.0
 10
965.5
 20
14.0
 10
965.75
 20
14.0
 10
966.0
 20
14.0
 10
966.25
 20
14.0
 10
966.5
 20
14.0
 10
966.75
 20
14.0
 10
967.0
 20
14.0
 10
967.25
 20
14.0
 10
967.5
 20
14.0
 10
967.75
 20
14.0
 10
968.0
 20
14.0
 10
968.25
 20
14.0
 10
968.5
 20
14.0
 10
968.75
 20
14.0
 10
969.0
 20
14.0
 10
969.25
 20
14.0
 10
969.5
 20
14.0
 10
969.75
 20
14.0
 10
970.0
 20
14.0
 10
970.25
 20
14.0
 10
970.5
 20
14.0
 10
970.75
 20
14.0
 10
971.0
 20
14.0
 10
971.25
 20
14.0
 10
971.5
 20
14.0
 10
971.75
 20
14.0
 10
972.0
 20
14.0
 10
972.25
 20
14.0
 10
972.5
 20
14.0
 10
972.75
 20
14.0
 10
973.0
 20
14.0
 10
973.25
 20
14.0
 10
973.5
 20
14.0
 10
973.75
 20
14.0
 10
974.0
 20
14.0
 10
974.25
 20
14.0
 10
974.5
 20
14.0
 10
974.75
 20
14.0
 10
975.0
 20
14.0
 10
975.25
 20
14.0
 10
975.5
 20
14.0
 10
975.75
 20
14.0
 10
976.0
 20
14.0
 10
976.25
 20
14.0
 10
976.5
 20
14.0
 10
976.75
 20
14.0
 10
977.0
 20
14.0
 10
977.25
 20
14.0
 10
977.5
 20
14.0
 10
977.75
 20
14.0
 10
978.0
 20
14.0
 10
978.25
 20
14.0
 10
978.5
 20
14.0
 10
978.75
 20
14.0
 10
979.0
 20
14.0
 10
979.25
 20
14.0
 10
979.5
 20
14.0
 10
979.75
 20
14.0
 10
980.0
 20
14.0
 10
980.25
 20
14.0
 10
980.5
 20
14.0
 10
980.75
 20
14.0
 10
981.0
 20
14.0
 10
981.25
 20
14.0
 10
981.5
 20
14.0
 10
981.75
 20
14.0
 10
982.0
 20
14.0
 10
982.25
 20
14.0
 10
982.5
 20
14.0
 10
982.75
 20
14.0
 10
983.0
 20
14.0
 10
983.25
 20
14.0
 10
983.5
 20
14.0
 10
983.75
 20
14.0
 10
984.0
 20
14.0
 10
984.25
 20
14.0
 10
984.5
 20
14.0
 10
984.75
 20
14.0
 10
985.0
 20
14.0
 10
985.25
 20
14.0
 10
985.5
 20
14.0
 10
985.75
 20
14.0
 10
986.0
 20
14.0
 10
986.25
 20
14.0
 10
986.5
 20
14.0
 10
986.75
 20
14.0
 10
987.0
 20
14.0
 10
987.25
 20
14.0
 10
987.5
 20
14.0
 10
987.75
 20
14.0
 10
988.0
 20
14.0
 10
988.25
 20
14.0
 10
988.5
 20
14.0
 10
988.75
 20
14.0
 10
989.0
 20
14.0
 10
989.25
 20
14.0
 10
989.5
 20
14.0
 10
989.75
 20
14.0
 10
990.0
 20
14.0
 10
990.25
 20
14.0
 10
990.5
 20
14.0
 10
990.75
 20
14.0
 10
991.0
 20
14.0
 10
991.25
 20
14.0
 10
991.5
 20
14.0
 10
991.75
 20
14.0
 10
992.0
 20
14.0
 10
992.25
 20
14.0
 10
992.5
 20
14.0
 10
992.75
 20
14.0
 10
993.0
 20
14.0
 10
993.25
 20
14.0
 10
993.5
 20
14.0
 10
993.75
 20
14.0
 10
994.0
 20
14.0
 10
994.25
 20
14.0
 10
994.5
 20
14.0
 10
994.75
 20
14.0
 10
995.0
 20
14.0
 10
995.25
 20
14.0
 10
995.5
 20
14.0
 10
995.75
 20
14.0
 10
996.0
 20
14.0
 10
996.25
 20
14.0
 10
996.5
 20
14.0
 10
996.75
 20
14.0
 10
997.0
 20
14.0
 10
997.25
 20
14.0
 10
997.5
 20
14.0
 10
997.75
 20
14.0
 10
998.0
 20
14.0
 10
998.25
 20
14.0
 10
998.5
 20
14.0
 10
998.75
 20
14.0
 10
999.0
 20
14.0
 10
999.25
 20
14.0
 10
999.5
 20
14.0
 10
999.75
 20
14.0
 10
1000.0
 20
14.0
 10
1000.25
 20
14.0
 10
1000.5
 20
14.0
 10
1000.75
 20
14.0
 10
1001.0
 20
14.0
 10
1001.25
 20
14.0
 10
1001.5
 20
14.0
 10
1001.75
 20
14.0
 10
1002.0
 20
14.0
 10
1002.25
 20
14.0
 10
1002.5
 20
14.0
 10
1002.75
 20
14.0
 10
1003.0
 20
14.0
 10
1003.25
 20
14.0
 10
1003.5
 20
14.0
 10
1003.75
 20
14.0
 10
1004.0
 20
14.0
 10
1004.25
 20
14.0
 10
1004.5
 20
14.0
 10
1004.75
 20
14.0
 10
1005.0
 20
14.0
 10
1005.25
 20
14.0
 10
1005.5
 20
14.0
 10
1005.75
 20
14.0
 10
1006.0
 20
14.0
 10
1006.25
 20
14.0
 10
1006.5
 20
14.0
 10
1006.75
 20
14.0
 10
1007.0
 20
14.0
 10
1007.25
 20
14.0
 10
1007.5
 20
14.0
 10
1007.75
 20
14.0
 10
1008.0
 20
14.0
 10
1008.25
 20
14.0
 10
1008.5
 20
14.0
 10
1008.75
 20
14.0
 10
1009.0
 20
14.0
 10
1009.25
 20
14.0
 10
1009.5
 20
14.0
 10
1009.75
 20
14.0
 10
1010.0
 20
14.0
 10
1010.25
 20
14.0
 10
1010.5
 20
14.0
 10
1010.75
 20
14.0
 10
1011.0
 20
14.0
 10
1011.25
 20
14.0
 10
1011.5
 20
14.0
 10
1011.75
 20
14.0
 10
1012.0
 20
14.0
 10
1012.25
 20
14.0
 10
1012.5
 20
14.0
 10
1012.75
 20
14.0
 10
1013.0
 20
14.0
 10
1013.25
 20
14.0
 10
1013.5
 20
14.0
 10
1013.75
 20
14.0
 10
1014.0
 20
14.0
 10
1014.25
 20
14.0
 10
1014.5
 20
14.0
 10
1014.75
 20
14.0
 10
1015.0
 20
14.0
 10
1015.25
 20
14.0
 10
1015.5
 20
14.0
 10
1015.75
 20
14.0
 10
1016.0
 20
14.0
 10
1016.25
 20
14.0
 10
1016.5
 20
14.0
 10
1016.75
 20
14.0
 10
1017.0
 20
14.0
 10
1017.25
 20
14.0
 10
1017.5
 20
14.0
 10
1017.75
 20
14.0
 10
1018.0
 20
14.0
 10
1018.25
 20
14.0
 10
1018.5
 20
14.0
 10
1018.75
 20
14.0
 10
1019.0
 20
14.0
 10
1019.25
 20
14.0
 10
1019.5
 20
14.0
 10
1019.75
 20
14.0
 10
1020.0
 20
14.0
 10
1020.25
 20
14.0
 10
1020.5
 20
14.0
 10
1020.75
 20
14.0
 10
1021.0
 20
14.0
 10
1021.25
 20
14.0
 10
1021.5
 20
14.0
 10
1021.75
 20
14.0
 10
1022.0
 20
14.0
 10
1022.25
 20
14.0
 10
1022.5
 20
14.0
 10
1022.75
 20
14.0
 10
1023.0
 20
14.0
 10
1023.25
 20
14.0
 10
1023.5
 20
14.0
 10
1023.75
 20
14.0
 10
1024.0
 20
14.0
 10
1024.25
 20
14.0
 10
1024.5
 20
14.0
 10
1024.75
 20
14.0
 10
1025.0
 20
14.0
 10
1025.25
 20
14.0
 10
1025.5
 20
14.0
 10
1025.75
 20
14.0
 10
1026.0
 20
14.0
 10
1026.25
 20
14.0
 10
1026.5
 20
14.0
 10
1026.75
 20
14.0
 10
1027.0
 20
14.0
 10
1027.25
 20
14.0
 10
1027.5
 20
14.0
 10
1027.75
 20
14.0
 10
1028.0
 20
14.0
 10
1028.25
 20
14.0
 10
1028.5
 20
14.0
 10
1028.75
 20
14.0
 10
1029.0
 20
14.0
 10
1029.25
 20
14.0
 10
1029.5
 20
14.0
 10
1029.75
 20
14.0
 10
1030.0
 20
14.0
 10
1030.25
 20
14.0
 10
1030.5
 20
14.0
 10
1030.75
 20
14.0
 10
1031.0
 20
14.0
 10
1031.25
 20
14.0
 10
1031.5
 20
14.0
 10
1031.75
 20
14.0
 10
1032.0
 20
14.0
 10
1032.25
 20
14.0
 10
1032.5
 20
14.0
 10
1032.75
 20
14.0
 10
1033.0
 20
14.0
 10
1033.25
 20
14.0
 10
1033.5
 20
14.0
 10
1033.75
 20
14.0
 10
1034.0
 20
14.0
 10
1034.25
 20
14.0
 10
1034.5
 20
14.0
 10
1034.75
 20
14.0
 10
1035.0
 20
14.0
 10
1035.25
 20
14.0
 10
1035.5
 20
14.0
 10
1035.75
 20
14.0
 10
1036.0
 20
14.0
 10
1036.25
 20
14.0
 10
1036.5
 20
14.0
 10
1036.75
 20
14.0
 10
1037.0
 20
14.0
 10
1037.25
 20
14.0
 10
1037.5
 20
14.0
 10
1037.75
 20
14.0
 10
1038.0
 20
14.0
 10
1038.25
 20
14.0
 10
1038.5
 20
14.0
 10
1038.75
 20
14.0
 10
1039.0
 20
14.0
 10
1039.25
 20
14.0
 10
1039.5
 20
14.0
 10
1039.75
 20
14.0
 10
1040.0
 20
14.0
 10
1040.25
 20
14.0
 10
1040.5
 20
14.0
 10
1040.75
 20
14.0
 10
1041.0
 20
14.0
 10
1041.25
 20
14.0
 10
1041.5
 20
14.0
 10
1041.75
 20
14.0
 10
1042.0
 20
14.0
 10
1042.25
 20
14.0
 10
1042.5
 20
14.0
 10
1042.75
 20
14.0
 10
1043.0
 20
14.0
 10
1043.25
 20
14.0
 10
1043.5
 20
14.0
 10
1043.75
 20
14.0
 10
1044.0
 20
14.0
 10
1044.25
 20
14.0
 10
1044.5
 20
14.0
 10
1044.75
 20
14.0
 10
1045.0
 20
14.0
 10
1045.25
 20
14.0
 10
1045.5
 20
14.0
 10
1045.75
 20
14.0
 10
1046.0
 20
14.0
 10
1046.25
 20
14.0
 10
1046.5
 20
14.0
 10
1046.75
 20
14.0
 10
1047.0
 20
14.0
 10
1047.25
 20
14.0
 10
1047.5
 20
14.0
 10
1047.75
 20
14.0
 10
1048.0
 20
14.0
 10
1048.25
 20
14.0
 10
1048.5
 20
14.0
 10
1048.75
 20
14.0
 10
1049.0
 20
14.0
 10
1049.25
 20
14.0
 10
1049.5
 20
14.0
 10
1049.75
 20
14.0
 10
1050.0
 20
14.0
 10
1050.25
 20
14.0
 10
1050.5
 20
14.0
 10
1050.75
 20
14.0
 10
1051.0
 20
14.0
 10
1051.25
 20
14.0
 10
1051.5
 20
14.0
 10
1051.75
 20
14.0
 10
1052.0
 20
14.0
 10
1052.25
 20
14.0
 10
1052.5
 20
14.0
 10
1052.75
 20
14.0
 10
1053.0
 20
14.0
 10
1053.25
 20
14.0
 10
1053.5
 20
14.0
 10
1053.75
 20
14.0
 10
1054.0
 20
14.0
 10
1054.25
 20
14.0
 10
1054.5
 20
14.0
 10
1054.75
 20
14.0
 10
1055.0
 20
14.0
 10
1055.25
 20
14.0
 10
1055.5
 20
14.0
 10
1055.75
 20
14.0
 10
1056.0
 20
14.0
 10
1056.25
 20
14.0
 10
1056.5
 20
14.0
 10
1056.75
 20
14.0
 10
1057.0
 20
14.0
 10
1057.25
 20
14.0
 10
1057.5
 20
14.0
 10
1057.75
 20
14.0
 10
1058.0
 20
14.0
 10
1058.25
 20
14.0
 10
1058.5
 20
14.0
 10
1058.75
 20
14.0
 10
1059.0
 20
14.0
 10
1059.25
 20
14.0
 10
1059.5
 20
14.0
 10
1059.75
 20
14.0
 10
1060.0
 20
14.0
 10
1060.25
 20
14.0
 10
1060.5
 20
14.0
 10
1060.75
 20
14.0
 10
1061.0
 20
14.0
 10
1061.25
 20
14.0
 10
1061.5
 20
14.0
 10
1061.75
 20
14.0
 10
1062.0
 20
14.0
 10
1062.25
 20
14.0
 10
1062.5
 20
14.0
 10
1062.75
 20
14.0
 10
1063.0
 20
14.0
 10
1063.25
 20
14.0
 10
1063.5
 20
14.0
 10
1063.75
 20
14.0
 10
1064.0
 20
14.0
 10
1064.25
 20
14.0
 10
1064.5
 20
14.0
 10
1064.75
 20
14.0
 10
1065.0
 20
14.0
 10
1065.25
 20
14.0
 10
1065.5
 20
14.0
 10
1065.75
 20
14.0
 10
1066.0
 20
14.0
 10
1066.25
 20
14.0
 10
1066.5
 20
14.0
 10
1066.75
 20
14.0
 10
1067.0
 20
14.0
 10
1067.25
 20
14.0
 10
1067.5
 20
14.0
 10
1067.75
 20
14.0
 10
1068.0
 20
14.0
 10
1068.25
 20
14.0
 10
1068.5
 20
14.0
 10
1068.75
 20
14.0
 10
1069.0
 20
14.0
 10
1069.25
 20
14.0
 10
1069.5
 20
14.0
 10
1069.75
 20
14.0
 10
1070.0
 20
14.0
 10
1070.25
 20
14.0
 10
1070.5
 20
14.0
 10
1070.75
 20
14.0
 10
1071.0
 20
14.0
 10
1071.25
 20
14.0
 10
1071.5
 20
14.0
 10
1071.75
 20
14.0
 10
1072.0
 20
14.0
 10
1072.25
 20
14.0
 10
1072.5
 20
14.0
 10
1072.75
 20
14.0
 10
1073.0
 20
14.0
 10
1073.25
 20
14.0
 10
1073.5
 20
14.0
 10
1073.75
 20
14.0
 10
1074.0
 20
14.0
 10
1074.25
 20
14.0
 10
1074.5
 20
14.0
 10
1074.75
 20
14.0
 10
1075.0
 20
14.0
 10
1075.25
 20
14.0
 10
1075.5
 20
14.0
 10
1075.75
 20
14.0
 10
1076.0
 20
14.0
 10
1076.25
 20
14.0
 10
1076.5
 20
14.0
 10
1076.75
 20
14.0
 10
1077.0
 20
14.0
 10
1077.25
 20
14.0
 10
1077.5
 20
14.0
 10
1077.75
 20
14.0
 10
1078.0
 20
14.0
 10
1078.25
 20
14.0
 10
1078.5
 20
14.0
 10
1078.75
 20
14.0
 10
1079.0
 20
14.0
 10
1079.25
 20
14.0
 10
1079.5
 20
14.0
 10
1079.75
 20
14.0
 10
1080.0
 20
14.0
 10
1080.25
 20
14.0
 10
1080.5
 20
14.0
 10
1080.75
 20
14.0
 10
1081.0
 20
14.0
 10
1081.25
 20
14.0
 10
1081.5
 20
14.0
 10
1081.75
 20
14.0
 10
1082.0
 20
14.0
 10
1082.25
 20
14.0
 10
1082.5
 20
14.0
 10
1082.75
 20
14.0
 10
1083.0
 20
14.0
 10
1083.25
 20
14.0
 10
1083.5
 20
14.0
 10
1083.75
 20
14.0
 10
1084.0
 20
14.0
 10
1084.25
 20
14.0
 10
1084.5
 20
14.0
 10
1084.75
 20
14.0
 10
1085.0
 20
14.0
 10
1085.25
 20
14.0
 10
1085.5
 20
14.0
 10
1085.75
 20
14.0
 10
1086.0
 20
14.0
 10
1086.25
 20
14.0
 10
1086.5
 20
14.0
 10
1086.75
 20
14.0
 10
1087.0
 20
14.0
 10
1087.25
 20
14.0
 10
1087.5
 20
14.0
 10
1087.75
 20
14.0
 10
1088.0
 20
14.0
 10
1088.25
 20
14.0
 10
1088.5
 20
14.0
 10
1088.75
 20
14.0
 10
1089.0
 20
14.0
 10
1089.25
 20
14.0
 10
1089.5
 20
14.0
 10
1089.75
 20
14.0
 10
1090.0
 20
14.0
 10
1090.25
 20
14.0
 10
1090.5
 20
14.0
 10
1090.75
 20
14.0
 10
1091.0
 20
14.0
 10
1091.25
 20
14.0
 10
1091.5
 20
14.0
 10
1091.75
 20
14.0
 10
1092.0
 20
14.0
 10
1092.25
 20
14.0
 10
1092.5
 20
14.0
 10
1092.75
 20
14.0
 10
1093.0
 20
14.0
 10
1093.25
 20
14.0
 10
1093.5
 20
14.0
 10
1093.75
 20
14.0
 10
1094.0
 20
14.0
 10
1094.25
 20
14.0
 10
1094.5
 20
14.0
 10
1094.75
 20
14.0
 10
1095.0
 20
14.0
 10
1095.25
 20
14.0
 10
1095.5
 20
14.0
 10
1095.75
 20
14.0
 10
1096.0
 20
14.0
 10
1096.25
 20
14.0
 10
1096.5
 20
14.0
 10
1096.75
 20
14.0
 10
1097.0
 20
14.0
 10
1097.25
 20
14.0
 10
1097.5
 20
14.0
 10
1097.75
 20
14.0
 10
1098.0
 20
14.0
 10
1098.25
 20
14.0
 10
1098.5
 20
14.0
 10
1098.75
 20
14.0
 10
1099.0
 20
14.0
 10
1099.25
 20
14.0
 10
1099.5
 20
14.0
 10
1099.75
 20
14.0
 10
1100.0
 20
14.0
 10
1100.25
 20
14.0
 10
1100.5
 20
14.0
 10
1100.75
 20
14.0
 10
1101.0
 20
14.0
 10
1101.25
 20
14.0
 10
1101.5
 20
14.0
 10
1101.75
 20
14.0
 10
1102.0
 20
14.0
 10
1102.25
 20
14.0
 10
1102.5
 20
14.0
 10
1102.75
 20
14.0
 10
1103.0
 20
14.0
 10
1103.25
 20
14.0
 10
1103.5
 20
14.0
 10
1103.75
 20
14.0
 10
1104.0
 20
14.0
 10
1104.25
 20
14.0
 10
1104.5
 20
14.0
 10
1104.75
 20
14.0
 10
1105.0
 20
14.0
 10
1105.25
 20
14.0
 10
1105.5
 20
14.0
 10
1105.75
 20
14.0
 10
1106.0
 20
14.0
 10
1106.25
 20
14.0
 10
1106.5
 20
14.0
 10
1106.75
 20
14.0
 10
1107.0
 20
14.0
 10
1107.25
 20
14.0
 10
1107.5
 20
14.0
 10
1107.75
 20
14.0
 10
1108.0
 20
14.0
 10
1108.25
 20
14.0
 10
1108.5
 20
14.0
 10
1108.75
 20
14.0
 10
1109.0
 20
14.0
 10
1109.25
 20
14.0
 10
1109.5
 20
14.0
 10
1109.75
 20
14.0
 10
1110.0
 20
14.0
 10
1110.25
 20
14.0
 10
1110.5
 20
14.0
 10
1110.75
 20
14.0
 10
1111.0
 20
14.0
 10
1111.25
 20
14.0
 10
1111.5
 20
14.0
 10
1111.75
 20
14.0
 10
1112.0
 20
14.0
 10
1112.25
 20
14.0
 10
1112.5
 20
14.0
 10
1112.75
 20
14.0
 10
1113.0
 20
14.0
 10
1113.25
 20
14.0
 10
1113.5
 20
14.0
 10
1113.75
 20
14.0
 10
1114.0
 20
14.0
 10
1114.25
 20
14.0
 10
1114.5
 20
14.0
 10
1114.75
 20
14.0
 10
1115.0
 20
14.0
 10
1115.25
 20
14.0
 10
1115.5
 20
14.0
 10
1115.75
 20
14.0
 10
1116.0
 20
14.0
 10
1116.25
 20
14.0
 10
1116.5
 20
14.0
 10
1116.75
 20
14.0
 10
1117.0
 20
14.0
 10
1117.25
 20
14.0
 10
1117.5
 20
14.0
 10
1117.75
 20
14.0
 10
1118.0
 20
14.0
 10
1118.25
 20
14.0
 10
1118.5
 20
14.0
 10
1118.75
 20
14.0
 10
1119.0
 20
14.0
 10
1119.25
 20
14.0
 10
1119.5
 20
14.0
 10
1119.75
 20
14.0
 10
1120.0
 20
14.0
 10
1120.25
 20
14.0
 10
1120.5
 20
14.0
 10
1120.75
 20
14.0
 10
1121.0
 20
14.0
 10
1121.25
 20
14.0
 10
1121.5
 20
14.0
 10
1121.75
 20
14.0
 10
1122.0
 20
14.0
 10
1122.25
 20
14.0
 10
1122.5
 20
14.0
 10
1122.75
 20
14.0
 10
1123.0
 20
14.0
 10
1123.25
 20
14.0
 10
1123.5
 20
14.0
 10
1123.75
 20
14.0
 10
1124.0
 20
14.0
 10
1124.25
 20
14.0
 10
1124.5
 20
14.0
 10
1124.75
 20
14.0
 10
1125.0
 20
14.0
 10
1125.25
 20
14.0
 10
1125.5
 20
14.0
 10
1125.75
 20
14.0
 10
1126.0
 20
14.0
 10
1126.25
 20
14.0
 10
1126.5
 20
14.0
 10
1126.75
 20
14.0
 10
1127.0
 20
14.0
 10
1127.25
 20
14.0
 10
1127.5
 20
14.0
 10
1127.75
 20
14.0
 10
1128.0
 20
14.0
 10
1128.25
 20
14.0
 10
1128.5
 20
14.0
 10
1128.75
 20
14.0
 10
1129.0
 20
14.0
 10
1129.25
 20
14.0
 10
1129.5
 20
14.0
 10
1129.75
 20
14.0
 10
1130.0
 20
14.0
 10
1130.25
 20
14.0
 10
1130.5
 20
14.0
 10
1130.75
 20
14.0
 10
1131.0
 20
14.0
 10
1131.25
 20
14.0
 10
1131.5
 20
14.0
 10
1131.75
 20
14.0
 10
1132.0
 20
14.0
 10
1132.25
 20
14.0
 10
1132.5
 20
14.0
 10
1132.75
 20
14.0
 10
1133.0
 20
14.0
 10
1133.25
 20
14.0
 10
1133.5
 20
14.0
 10
1133.75
 20
14.0
 10
1134.0
 20
14.0
 10
1134.25
 20
14.0
 10
1134.5
 20
14.0
 10
1134.75
 20
14.0
 10
1135.0
 20
14.0
 10
1135.25
 20
14.0
 10
1135.5
 20
14.0
 10
1135.75
 20
14.0
 10
1136.0
 20
14.0
 10
1136.25
 20
14.0
 10
1136.5
 20
14.0
 10
1136.75
 20
14.0
 10
1137.0
 20
14.0
 10
1137.25
 20
14.0
 10
1137.5
 20
14.0
 10
1137.75
 20
14.0
 10
1138.0
 20
14.0
 10
1138.25
 20
14.0
 10
1138.5
 20
14.0
 10
1138.5
 20
13.75
 10
1138.5
 20
13.5
 10
1138.5
 20
13.25
 10
1138.5
 20
13.0
 10
1138.5
 20
12.75
 10
1138.5
 20
12.5
 10
1138.5
 20
12.25
 10
1138.5
 20
12.0
 10
1138.5
 20
11.75
 10
1138.5
 20
11.5
 10
1138.5
 20
11.25
 10
1138.5
 20
11.0
 10
1138.5
 20
10.75
 10
1138.5
 20
10.5
 10
1138.5
 20
10.25
 10
1138.5
 20
10.0
 10
1138.5
 20
9.75
 10
1138.5
 20
9.5
 10
1138.5
 20
9.25
 10
1138.5
 20
9.0
 10
1138.5
 20
8.75
 10
1138.5
 20
8.5
 10
1138.5
 20
8.25
 10
1138.5
 20
8.0
 10
1138.5
 20
7.75
 10
1138.5
 20
7.5
 10
1138.5
 20
7.25
 10
1138.5
 20
7.0
 10
1138.5
 20
6.75
 10
1138.5
 20
6.5
 10
1138.5
 20
6.25
 10
1138.5
 20
6.0
 10
1138.5
 20
5.75
 10
1138.5
 20
5.5
 10
1138.5
 20
5.25
 10
1138.5
 20
5.0
 10
1138.5
 20
4.75
 10
1138.5
 20
4.5
 10
1138.5
 20
4.25
 10
1138.5
 20
4.0
 10
1138.5
 20
3.75
 10
1138.5
 20
3.5
 10
1138.5
 20
3.25
 10
1138.5
 20
3.0
 10
1138.5
 20
2.75
 10
1138.5
 20
2.5
 10
1138.5
 20
2.25
 10
1138.5
 20
2.0
 10
1138.5
 20
1.75
 10
1138.5
 20
1.5
 10
1138.5
 20
1.25
 10
1138.5
 20
1.0
 10
1138.5
 20
0.75
 10
1138.5
 20
0.5
 10
1138.5
 20
0.25
  0
LWPOLYLINE
  5
93
330
17
100
AcDbEntity
  8
REFERENCE_GEOMETRY
100
AcDbPolyline
 90
72
 70
1
 10
1102.69999993414
 20
10.149999998069237
 10
1102.6935309208955
 20
10.298164760749566
 10
1102.674173114259
 20
10.44520190012157
 10
1102.6420738388276
 20
10.589992374771171
 10
1102.5974773894693
 20
10.73143424175941
 10
1102.5407231720922
 20
10.868451043073573
 10
1102.4722431205591
 20
10.999999998122652
 10
1102.3925584094118
 20
11.12507993992729
 10
1102.302275487417
 20
11.242738934605022
 10
1102.2020814621258
 20
11.352081526161907
 10
1102.0927388705688
 20
11.452275551453335
 10
1101.975079875891
 20
11.542558473448032
 10
1101.8499999340863
 20
11.622243184595298
 10
1101.7184509790372
 20
11.690723236128362
 10
1101.5814341777232
 20
11.747477453505667
 10
1101.4399923107349
 20
11.79207390286384
 10
1101.2952018360854
 20
11.824173178295196
 10
1101.1481646967134
 20
11.843530984931625
 10
1100.999999934033
 20
11.849999998176065
 10
1100.8518351713526
 20
11.843530984931625
 10
1100.7047980319805
 20
11.824173178295196
 10
1100.5600075573311
 20
11.79207390286384
 10
1100.4185656903428
 20
11.747477453505667
 10
1100.2815488890287
 20
11.690723236128362
 10
1100.1499999339796
 20
11.622243184595298
 10
1100.024919992175
 20
11.542558473448032
 10
1099.9072609974971
 20
11.452275551453335
 10
1099.7979184059402
 20
11.352081526161907
 10
1099.6977243806489
 20
11.242738934605022
 10
1099.6074414586542
 20
11.12507993992729
 10
1099.5277567475068
 20
10.999999998122652
 10
1099.4592766959738
 20
10.868451043073573
 10
1099.4025224785967
 20
10.731434241759413
 10
1099.3579260292383
 20
10.589992374771171
 10
1099.325826753807
 20
10.44520190012157
 10
1099.3064689471705
 20
10.298164760749566
 10
1099.299999933926
 20
10.149999998069237
 10
1099.3064689471705
 20
10.001835235388908
 10
1099.325826753807
 20
9.854798096016905
 10
1099.3579260292383
 20
9.710007621367303
 10
1099.4025224785967
 20
9.568565754379064
 10
1099.4592766959738
 20
9.431548953064901
 10
1099.5277567475068
 20
9.299999998015823
 10
1099.6074414586542
 20
9.174920056211185
 10
1099.6977243806489
 20
9.057261061533453
 10
1099.7979184059402
 20
8.947918469976567
 10
1099.9072609974971
 20
8.84772444468514
 10
1100.024919992175
 20
8.757441522690442
 10
1100.1499999339796
 20
8.677756811543176
 10
1100.2815488890287
 20
8.609276760010113
 10
1100.4185656903428
 20
8.552522542632808
 10
1100.5600075573311
 20
8.507926093274634
 10
1100.7047980319805
 20
8.475826817843279
 10
1100.8518351713526
 20
8.456469011206849
 10
1100.999999934033
 20
8.44999999796241
 10
1101.1481646967134
 20
8.456469011206849
 10
1101.2952018360854
 20
8.475826817843277
 10
1101.4399923107349
 20
8.507926093274634
 10
1101.5814341777232
 20
8.552522542632808
 10
1101.7184509790372
 20
8.609276760010113
 10
1101.8499999340863
 20
8.677756811543174
 10
1101.975079875891
 20
8.757441522690442
 10
1102.0927388705688
 20
8.84772444468514
 10
1102.2020814621258
 20
8.947918469976567
 10
1102.302275487417
 20
9.057261061533453
 10
1102.3925584094118
 20
9.174920056211183
 10
1102.4722431205591
 20
9.299999998015824
 10
1102.5407231720922
 20
9.4315489530649
 10
1102.5974773894693
 20
9.568565754379064
 10
1102.6420738388276
 20
9.710007621367303
 10
1102.674173114259
 20
9.854798096016905
 10
1102.6935309208955
 20
10.001835235388908
  0
LWPOLYLINE
  5
94
330
17
100
AcDbEntity
  8
REFERENCE_GEOMETRY
100
AcDbPolyline
 90
72
 70
1
 10
1058.699999985444
 20
9.999999998290164
 10
1058.6935309722005
 20
10.14816476095259
 10
1058.6741731655663
 20
10.295201900306822
 10
1058.6420738901388
 20
10.439992374938926
 10
1058.597477440786
 20
10.581434241910074
 10
1058.5407232234156
 20
10.71845104320768
 10
1058.4722431718908
 20
10.84999999824086
 10
1058.3925584607532
 20
10.975079940030382
 10
1058.3022755387694
 20
11.092738934693894
 10
1058.2020815134902
 20
11.202081526237567
 10
1058.0927389219464
 20
11.302275551516887
 10
1057.9750799272829
 20
11.392558473500673
 10
1057.8499999854935
 20
11.47224318463831
 10
1057.71845103046
 20
11.540723236163098
 10
1057.5814342291626
 20
11.597477453533545
 10
1057.4399923621913
 20
11.64207390288633
 10
1057.2952018875594
 20
11.674173178313804
 10
1057.148164748205
 20
11.693530984947897
 10
1056.9999999855427
 20
11.699999998191554
 10
1056.8518352228803
 20
11.693530984947897
 10
1056.704798083526
 20
11.674173178313804
 10
1056.560007608894
 20
11.64207390288633
 10
1056.4185657419227
 20
11.597477453533545
 10
1056.2815489406253
 20
11.540723236163098
 10
1056.1499999855919
 20
11.47224318463831
 10
1056.0249200438025
 20
11.392558473500673
 10
1055.907261049139
 20
11.302275551516887
 10
1055.7979184575952
 20
11.202081526237567
 10
1055.697724432316
 20
11.092738934693896
 10
1055.6074415103321
 20
10.975079940030382
 10
1055.5277567991945
 20
10.84999999824086
 10
1055.4592767476697
 20
10.71845104320768
 10
1055.4025225302994
 20
10.581434241910074
 10
1055.3579260809465
 20
10.439992374938926
 10
1055.325826805519
 20
10.295201900306822
 10
1055.3064689988848
 20
10.14816476095259
 10
1055.2999999856413
 20
9.999999998290164
 10
1055.3064689988848
 20
9.85183523562774
 10
1055.325826805519
 20
9.704798096273507
 10
1055.3579260809465
 20
9.560007621641402
 10
1055.4025225302994
 20
9.418565754670254
 10
1055.4592767476697
 20
9.281548953372651
 10
1055.5277567991945
 20
9.149999998339469
 10
1055.6074415103321
 20
9.024920056549947
 10
1055.697724432316
 20
8.907261061886434
 10
1055.7979184575952
 20
8.797918470342761
 10
1055.907261049139
 20
8.697724445063441
 10
1056.0249200438025
 20
8.607441523079654
 10
1056.1499999855919
 20
8.527756811942018
 10
1056.281548940625
 20
8.459276760417232
 10
1056.4185657419227
 20
8.402522543046784
 10
1056.560007608894
 20
8.357926093694
 10
1056.704798083526
 20
8.325826818266524
 10
1056.8518352228803
 20
8.306469011632432
 10
1056.9999999855427
 20
8.299999998388774
 10
1057.148164748205
 20
8.306469011632432
 10
1057.2952018875594
 20
8.325826818266522
 10
1057.4399923621913
 20
8.357926093694
 10
1057.5814342291626
 20
8.402522543046784
 10
1057.71845103046
 20
8.45927676041723
 10
1057.8499999854935
 20
8.527756811942018
 10
1057.9750799272829
 20
8.607441523079656
 10
1058.0927389219464
 20
8.697724445063441
 10
1058.2020815134902
 20
8.797918470342761
 10
1058.3022755387694
 20
8.907261061886432
 10
1058.3925584607532
 20
9.024920056549945
 10
1058.4722431718908
 20
9.14999999833947
 10
1058.5407232234156
 20
9.28154895337265
 10
1058.597477440786
 20
9.418565754670254
 10
1058.6420738901388
 20
9.560007621641402
 10
1058.6741731655663
 20
9.704798096273507
 10
1058.6935309722005
 20
9.851835235627739
  0
LWPOLYLINE
  5
95
330
17
100
AcDbEntity
  8
REFERENCE_GEOMETRY
100
AcDbPolyline
 90
72
 70
1
 10
1042.7000002382204
 20
10.149999998125123
 10
1042.6935312249766
 20
10.298164760793515
 10
1042.6741734183415
 20
10.445201900153673
 10
1042.6420741429129
 20
10.58999237479161
 10
1042.5974776935582
 20
10.731434241768454
 10
1042.5407234761856
 20
10.868451043071579
 10
1042.472243424658
 20
10.999999998110058
 10
1042.3925587135172
 20
11.12507993990462
 10
1042.3022757915298
 20
11.242738934572872
 10
1042.2020817662465
 20
11.352081526120948
 10
1042.0927391746984
 20
11.452275551404304
 10
1041.97508018003
 20
11.542558473391727
 10
1041.8500002382355
 20
11.622243184532575
 10
1041.718451283197
 20
11.69072323606012
 10
1041.581434481894
 20
11.747477453432854
 10
1041.439992614917
 20
11.792073902787434
 10
1041.2952021402791
 20
11.824173178216203
 10
1041.1481650009189
 20
11.843530984851075
 10
1041.0000002382505
 20
11.849999998094992
 10
1040.8518354755822
 20
11.843530984851075
 10
1040.704798336222
 20
11.824173178216203
 10
1040.5600078615842
 20
11.792073902787434
 10
1040.4185659946072
 20
11.747477453432854
 10
1040.281549193304
 20
11.690723236060121
 10
1040.1500002382656
 20
11.622243184532575
 10
1040.024920296471
 20
11.542558473391727
 10
1039.9072613018027
 20
11.452275551404304
 10
1039.7979187102546
 20
11.352081526120948
 10
1039.6977246849713
 20
11.242738934572873
 10
1039.6074417629839
 20
11.12507993990462
 10
1039.527757051843
 20
10.999999998110058
 10
1039.4592770003155
 20
10.868451043071579
 10
1039.402522782943
 20
10.731434241768454
 10
1039.3579263335882
 20
10.58999237479161
 10
1039.3258270581596
 20
10.445201900153673
 10
1039.3064692515245
 20
10.298164760793515
 10
1039.3000002382807
 20
10.149999998125123
 10
1039.3064692515245
 20
10.001835235456731
 10
1039.3258270581596
 20
9.854798096096575
 10
1039.3579263335882
 20
9.710007621458637
 10
1039.402522782943
 20
9.568565754481792
 10
1039.4592770003155
 20
9.43154895317867
 10
1039.527757051843
 20
9.299999998140189
 10
1039.6074417629839
 20
9.174920056345627
 10
1039.6977246849713
 20
9.057261061677375
 10
1039.7979187102546
 20
8.947918470129299
 10
1039.9072613018027
 20
8.847724444845943
 10
1040.024920296471
 20
8.75744152285852
 10
1040.1500002382656
 20
8.677756811717671
 10
1040.281549193304
 20
8.609276760190127
 10
1040.4185659946072
 20
8.552522542817393
 10
1040.5600078615842
 20
8.507926093462812
 10
1040.704798336222
 20
8.475826818034044
 10
1040.8518354755822
 20
8.456469011399172
 10
1041.0000002382505
 20
8.449999998155254
 10
1041.1481650009189
 20
8.456469011399172
 10
1041.2952021402791
 20
8.475826818034042
 10
1041.439992614917
 20
8.50792609346281
 10
1041.581434481894
 20
8.552522542817393
 10
1041.718451283197
 20
8.609276760190125
 10
1041.8500002382355
 20
8.677756811717671
 10
1041.97508018003
 20
8.75744152285852
 10
1042.0927391746984
 20
8.847724444845943
 10
1042.2020817662465
 20
8.947918470129299
 10
1042.3022757915298
 20
9.057261061677373
 10
1042.3925587135172
 20
9.174920056345627
 10
1042.472243424658
 20
9.299999998140189
 10
1042.5407234761856
 20
9.431548953178668
 10
1042.5974776935582
 20
9.568565754481792
 10
1042.6420741429129
 20
9.710007621458637
 10
1042.6741734183415
 20
9.854798096096573
 10
1042.6935312249766
 20
10.00183523545673
  0
LWPOLYLINE
  5
96
330
17
100
AcDbEntity
  8
REFERENCE_GEOMETRY
100
AcDbPolyline
 90
72
 70
1
 10
998.6999999622485
 20
9.999999997934164
 10
998.6935309490044
 20
10.14816476060554
 10
998.6741731423692
 20
10.29520189996866
 10
998.6420738669398
 20
10.439992374609513
 10
998.5974774175843
 20
10.581434241589207
 10
998.5407232002104
 20
10.71845104289509
 10
998.4722431486815
 20
10.84999999793622
 10
998.392558437539
 20
10.9750799397333
 10
998.3022755155498
 20
11.092738934403922
 10
998.2020814902644
 20
11.2020815259542
 10
998.0927388987142
 20
11.302275551239575
 10
997.9750799040435
 20
11.392558473228815
 10
997.8499999622464
 20
11.472243184371269
 10
997.7184510072053
 20
11.540723235900193
 10
997.5814342058994
 20
11.59747745327407
 10
997.4399923389198
 20
11.64207390262955
 10
997.2952018642789
 20
11.674173178058965
 10
997.1481647249158
 20
11.693530984694226
 10
996.9999999622444
 20
11.699999997938273
 10
996.851835199573
 20
11.693530984694226
 10
996.7047980602099
 20
11.674173178058965
 10
996.560007585569
 20
11.64207390262955
 10
996.4185657185893
 20
11.59747745327407
 10
996.2815489172834
 20
11.540723235900193
 10
996.1499999622423
 20
11.472243184371269
 10
996.0249200204453
 20
11.392558473228815
 10
995.9072610257746
 20
11.302275551239575
 10
995.7979184342244
 20
11.2020815259542
 10
995.6977244089389
 20
11.092738934403922
 10
995.6074414869497
 20
10.975079939733298
 10
995.5277567758072
 20
10.84999999793622
 10
995.4592767242783
 20
10.71845104289509
 10
995.4025225069045
 20
10.581434241589207
 10
995.357926057549
 20
10.439992374609513
 10
995.3258267821195
 20
10.29520189996866
 10
995.3064689754843
 20
10.14816476060554
 10
995.2999999622402
 20
9.999999997934164
 10
995.3064689754843
 20
9.851835235262788
 10
995.3258267821195
 20
9.70479809589967
 10
995.357926057549
 20
9.560007621258816
 10
995.4025225069045
 20
9.418565754279122
 10
995.4592767242783
 20
9.28154895297324
 10
995.5277567758072
 20
9.14999999793211
 10
995.6074414869497
 20
9.02492005613503
 10
995.6977244089389
 20
8.907261061464407
 10
995.7979184342244
 20
8.797918469914128
 10
995.9072610257746
 20
8.697724444628754
 10
996.0249200204453
 20
8.607441522639512
 10
996.1499999622423
 20
8.52775681149706
 10
996.2815489172834
 20
8.459276759968136
 10
996.4185657185893
 20
8.402522542594259
 10
996.560007585569
 20
8.35792609323878
 10
996.7047980602099
 20
8.325826817809364
 10
996.851835199573
 20
8.306469011174103
 10
996.9999999622444
 20
8.299999997930056
 10
997.1481647249158
 20
8.306469011174103
 10
997.2952018642789
 20
8.325826817809364
 10
997.4399923389198
 20
8.35792609323878
 10
997.5814342058994
 20
8.402522542594259
 10
997.7184510072053
 20
8.459276759968136
 10
997.8499999622464
 20
8.52775681149706
 10
997.9750799040435
 20
8.607441522639514
 10
998.0927388987142
 20
8.697724444628754
 10
998.2020814902644
 20
8.797918469914128
 10
998.3022755155498
 20
8.907261061464407
 10
998.392558437539
 20
9.024920056135029
 10
998.4722431486815
 20
9.149999997932111
 10
998.5407232002104
 20
9.281548952973239
 10
998.5974774175843
 20
9.418565754279122
 10
998.6420738669398
 20
9.560007621258816
 10
998.6741731423692
 20
9.704798095899669
 10
998.6935309490044
 20
9.851835235262786
  0
LWPOLYLINE
  5
97
330
17
100
AcDbEntity
  8
REFERENCE_GEOMETRY
100
AcDbPolyline
 90
72
 70
1
 10
982.6999999455348
 20
10.150000000554893
 10
982.6935309322909
 20
10.298164763223285
 10
982.674173125656
 20
10.445201902583443
 10
982.6420738502272
 20
10.58999237722138
 10
982.5974774008727
 20
10.731434244198224
 10
982.5407231835
 20
10.868451045501349
 10
982.4722431319724
 20
11.000000000539828
 10
982.3925584208315
 20
11.12507994233439
 10
982.3022754988441
 20
11.242738937002642
 10
982.2020814735607
 20
11.352081528550718
 10
982.0927388820127
 20
11.452275553834074
 10
981.9750798873445
 20
11.542558475821497
 10
981.8499999455498
 20
11.622243186962345
 10
981.7184509905114
 20
11.690723238489891
 10
981.5814341892083
 20
11.747477455862624
 10
981.4399923222314
 20
11.792073905217205
 10
981.2952018475935
 20
11.824173180645975
 10
981.1481647082334
 20
11.843530987280845
 10
980.9999999455649
 20
11.850000000524762
 10
980.8518351828965
 20
11.843530987280845
 10
980.7047980435364
 20
11.824173180645975
 10
980.5600075688984
 20
11.792073905217205
 10
980.4185657019216
 20
11.747477455862624
 10
980.2815489006184
 20
11.690723238489891
 10
980.14999994558
 20
11.622243186962345
 10
980.0249200037854
 20
11.542558475821497
 10
979.9072610091172
 20
11.452275553834074
 10
979.7979184175691
 20
11.352081528550718
 10
979.6977243922857
 20
11.242738937002642
 10
979.6074414702983
 20
11.12507994233439
 10
979.5277567591575
 20
11.000000000539828
 10
979.4592767076299
 20
10.868451045501349
 10
979.4025224902572
 20
10.731434244198224
 10
979.3579260409026
 20
10.58999237722138
 10
979.3258267654738
 20
10.445201902583443
 10
979.306468958839
 20
10.298164763223287
 10
979.299999945595
 20
10.150000000554893
 10
979.306468958839
 20
10.001835237886501
 10
979.3258267654738
 20
9.854798098526345
 10
979.3579260409026
 20
9.710007623888407
 10
979.4025224902572
 20
9.568565756911562
 10
979.4592767076299
 20
9.43154895560844
 10
979.5277567591575
 20
9.300000000569959
 10
979.6074414702983
 20
9.174920058775397
 10
979.6977243922857
 20
9.057261064107145
 10
979.7979184175691
 20
8.947918472559069
 10
979.9072610091172
 20
8.847724447275713
 10
980.0249200037854
 20
8.75744152528829
 10
980.14999994558
 20
8.677756814147441
 10
980.2815489006184
 20
8.609276762619897
 10
980.4185657019216
 20
8.552522545247163
 10
980.5600075688984
 20
8.507926095892582
 10
980.7047980435364
 20
8.475826820463812
 10
980.8518351828965
 20
8.456469013828942
 10
980.9999999455649
 20
8.450000000585025
 10
981.1481647082334
 20
8.456469013828942
 10
981.2952018475935
 20
8.475826820463812
 10
981.4399923222314
 20
8.507926095892582
 10
981.5814341892083
 20
8.552522545247163
 10
981.7184509905114
 20
8.609276762619896
 10
981.8499999455498
 20
8.677756814147441
 10
981.9750798873445
 20
8.75744152528829
 10
982.0927388820127
 20
8.847724447275713
 10
982.2020814735607
 20
8.947918472559069
 10
982.3022754988441
 20
9.057261064107145
 10
982.3925584208315
 20
9.174920058775397
 10
982.4722431319724
 20
9.300000000569959
 10
982.5407231835
 20
9.431548955608438
 10
982.5974774008727
 20
9.568565756911562
 10
982.6420738502272
 20
9.710007623888407
 10
982.674173125656
 20
9.854798098526343
 10
982.6935309322909
 20
10.0018352378865
  0
DIMENSION
  5
98
330
17
100
AcDbEntity
  8
REFERENCE_DIMENSIONS
100
AcDbDimension
280
0
  2
*D5
  3
Standard
 10
960.0
 20
-16.0
 30
0.0
 11
1049.25
 21
-16.0
 31
0.0
 70
32
 71
5
  1
<>
100
AcDbAlignedDimension
 13
960.0
 23
0.0
 33
0.0
 14
1138.5
 24
0.0
 34
0.0
 50
0.0
100
AcDbRotatedDimension
1001
ACAD
1000
DSTYLE
1002
{
1070
140
1040
3.0
1070
41
1040
2.0
1070
271
1070
3
1002
}
  0
DIMENSION
  5
A8
330
17
100
AcDbEntity
  8
REFERENCE_DIMENSIONS
100
AcDbDimension
280
0
  2
*D6
  3
Standard
 10
1154.5
 20
0.0
 30
0.0
 11
1154.5
 21
7.0
 31
0.0
 70
32
 71
5
  1
<>
100
AcDbAlignedDimension
 13
1138.5
 23
0.0
 33
0.0
 14
1138.5
 24
14.0
 34
0.0
 50
90.0
100
AcDbRotatedDimension
1001
ACAD
1000
DSTYLE
1002
{
1070
140
1040
3.0
1070
41
1040
2.0
1070
271
1070
3
1002
}
  0
TEXT
  5
B8
330
17
100
AcDbEntity
  8
REFERENCE_NOTES
100
AcDbText
 10
960.0
 20
-34.0
 30
0.0
 40
3.0
  1
lower_deck_angle_1_0_web
100
AcDbText
  0
TEXT
  5
B9
330
17
100
AcDbEntity
  8
REFERENCE_NOTES
100
AcDbText
 10
960.0
 20
-41.0
 30
0.0
 40
3.0
  1
R01 CANDIDATE | mm 1:1 | NOT FOR MANUFACTURE
100
AcDbText
  0
TEXT
  5
BA
330
17
100
AcDbEntity
  8
REFERENCE_NOTES
100
AcDbText
 10
960.0
 20
-48.0
 30
0.0
 40
3.0
  1
Web-facing holes D3.4
100
AcDbText
  0
TEXT
  5
BB
330
17
100
AcDbEntity
  8
REFERENCE_NOTES
100
AcDbText
 10
960.0
 20
-55.0
 30
0.0
 40
3.0
  1
Source instance: lower_deck_angle_1_0
100
AcDbText
  0
TEXT
  5
BC
330
17
100
AcDbEntity
  8
REFERENCE_NOTES
100
AcDbText
 10
960.0
 20
-62.0
 30
0.0
 40
3.0
  1
Extra D3.4 screw-tail relief at Z=-94
100
AcDbText
  0
TEXT
  5
BD
330
17
100
AcDbEntity
  8
REFERENCE_NOTES
100
AcDbText
 10
960.0
 20
-69.0
 30
0.0
 40
3.0
  1
X=-146,-86,-26 or 34,94 by segment
100
AcDbText
  0
TEXT
  5
BE
330
17
100
AcDbEntity
  8
REFERENCE_NOTES
100
AcDbText
 10
960.0
 20
-76.0
 30
0.0
 40
3.0
  1
Material / tolerances / finish / preload: TBD
100
AcDbText
  0
LWPOLYLINE
  5
BF
330
17
100
AcDbEntity
  8
REFERENCE_GEOMETRY
100
AcDbPolyline
 90
1072
 70
1
 10
0.0
 20
-389.0
 10
0.2500000000000071
 20
-389.0
 10
0.4999999999999929
 20
-389.0
 10
0.75
 20
-389.0
 10
1.000000000000007
 20
-389.0
 10
1.25
 20
-389.0
 10
1.5
 20
-389.0
 10
1.750000000000007
 20
-389.0
 10
2.0
 20
-389.0
 10
2.25
 20
-389.0
 10
2.500000000000007
 20
-389.0
 10
2.75
 20
-389.0
 10
3.0
 20
-389.0
 10
3.249999999999993
 20
-389.0
 10
3.5
 20
-389.0
 10
3.75
 20
-389.0
 10
3.999999999999993
 20
-389.0
 10
4.25
 20
-389.0
 10
4.5
 20
-389.0
 10
4.749999999999993
 20
-389.0
 10
5.0
 20
-389.0
 10
5.250000000000007
 20
-389.0
 10
5.499999999999993
 20
-389.0
 10
5.75
 20
-389.0
 10
6.000000000000007
 20
-389.0
 10
6.25
 20
-389.0
 10
6.5
 20
-389.0
 10
6.750000000000007
 20
-389.0
 10
7.0
 20
-389.0
 10
7.25
 20
-389.0
 10
7.500000000000007
 20
-389.0
 10
7.75
 20
-389.0
 10
8.0
 20
-389.0
 10
8.249999999999993
 20
-389.0
 10
8.5
 20
-389.0
 10
8.75
 20
-389.0
 10
8.999999999999993
 20
-389.0
 10
9.25
 20
-389.0
 10
9.5
 20
-389.0
 10
9.749999999999993
 20
-389.0
 10
10.0
 20
-389.0
 10
10.250000000000007
 20
-389.0
 10
10.5
 20
-389.0
 10
10.75
 20
-389.0
 10
11.000000000000007
 20
-389.0
 10
11.25
 20
-389.0
 10
11.5
 20
-389.0
 10
11.750000000000007
 20
-389.0
 10
12.0
 20
-389.0
 10
12.25
 20
-389.0
 10
12.500000000000007
 20
-389.0
 10
12.75
 20
-389.0
 10
13.0
 20
-389.0
 10
13.249999999999993
 20
-389.0
 10
13.5
 20
-389.0
 10
13.75
 20
-389.0
 10
13.999999999999993
 20
-389.0
 10
14.249999999999972
 20
-389.0
 10
14.5
 20
-389.0
 10
14.749999999999993
 20
-389.0
 10
15.0
 20
-389.0
 10
15.25
 20
-389.0
 10
15.5
 20
-389.0
 10
15.75
 20
-389.0
 10
16.0
 20
-389.0
 10
16.25
 20
-389.0
 10
16.5
 20
-389.0
 10
16.750000000000007
 20
-389.0
 10
17.0
 20
-389.0
 10
17.25
 20
-389.0
 10
17.500000000000007
 20
-389.0
 10
17.75
 20
-389.0
 10
18.0
 20
-389.0
 10
18.249999999999993
 20
-389.0
 10
18.5
 20
-389.0
 10
18.75
 20
-389.0
 10
18.999999999999993
 20
-389.0
 10
19.25000000000003
 20
-389.0
 10
19.5
 20
-389.0
 10
19.75
 20
-389.0
 10
20.0
 20
-389.0
 10
20.25
 20
-389.0
 10
20.5
 20
-389.0
 10
20.75
 20
-389.0
 10
21.0
 20
-389.0
 10
21.25
 20
-389.0
 10
21.5
 20
-389.0
 10
21.750000000000007
 20
-389.0
 10
22.0
 20
-389.0
 10
22.25
 20
-389.0
 10
22.500000000000007
 20
-389.0
 10
22.75
 20
-389.0
 10
23.0
 20
-389.0
 10
23.249999999999993
 20
-389.0
 10
23.5
 20
-389.0
 10
23.75
 20
-389.0
 10
23.999999999999993
 20
-389.0
 10
24.25
 20
-389.0
 10
24.5
 20
-389.0
 10
24.749999999999993
 20
-389.0
 10
25.0
 20
-389.0
 10
25.25
 20
-389.0
 10
25.5
 20
-389.0
 10
25.75
 20
-389.0
 10
26.0
 20
-389.0
 10
26.25
 20
-389.0
 10
26.5
 20
-389.0
 10
26.750000000000007
 20
-389.0
 10
27.0
 20
-389.0
 10
27.25
 20
-389.0
 10
27.500000000000007
 20
-389.0
 10
27.75
 20
-389.0
 10
28.0
 20
-389.0
 10
28.249999999999993
 20
-389.0
 10
28.5
 20
-389.0
 10
28.75
 20
-389.0
 10
28.999999999999993
 20
-389.0
 10
29.25
 20
-389.0
 10
29.5
 20
-389.0
 10
29.749999999999993
 20
-389.0
 10
30.0
 20
-389.0
 10
30.25
 20
-389.0
 10
30.5
 20
-389.0
 10
30.75
 20
-389.0
 10
30.99999999999998
 20
-389.0
 10
31.25
 20
-389.0
 10
31.5
 20
-389.0
 10
31.750000000000007
 20
-389.0
 10
32.0
 20
-389.0
 10
32.25
 20
-389.0
 10
32.50000000000001
 20
-389.0
 10
32.75
 20
-389.0
 10
33.0
 20
-389.0
 10
33.25000000000001
 20
-389.0
 10
33.5
 20
-389.0
 10
33.75
 20
-389.0
 10
33.99999999999999
 20
-389.0
 10
34.25
 20
-389.0
 10
34.5
 20
-389.0
 10
34.74999999999999
 20
-389.0
 10
35.0
 20
-389.0
 10
35.25000000000001
 20
-389.0
 10
35.49999999999999
 20
-389.0
 10
35.75
 20
-389.0
 10
36.00000000000003
 20
-389.0
 10
36.25
 20
-389.0
 10
36.5
 20
-389.0
 10
36.75
 20
-389.0
 10
37.0
 20
-389.0
 10
37.25
 20
-389.0
 10
37.5
 20
-389.0
 10
37.75
 20
-389.0
 10
38.0
 20
-389.0
 10
38.25
 20
-389.0
 10
38.5
 20
-389.0
 10
38.75
 20
-389.0
 10
39.0
 20
-389.0
 10
39.25
 20
-389.0
 10
39.5
 20
-389.0
 10
39.75
 20
-389.0
 10
40.0
 20
-389.0
 10
40.25
 20
-389.0
 10
40.5
 20
-389.0
 10
40.75
 20
-389.0
 10
41.0
 20
-389.0
 10
41.25
 20
-389.0
 10
41.5
 20
-389.0
 10
41.75
 20
-389.0
 10
42.0
 20
-389.0
 10
42.25
 20
-389.0
 10
42.5
 20
-389.0
 10
42.75
 20
-389.0
 10
43.0
 20
-389.0
 10
43.25
 20
-389.0
 10
43.5
 20
-389.0
 10
43.75
 20
-389.0
 10
44.0
 20
-389.0
 10
44.25
 20
-389.0
 10
44.5
 20
-389.0
 10
44.75
 20
-389.0
 10
45.0
 20
-389.0
 10
45.25
 20
-389.0
 10
45.5
 20
-389.0
 10
45.75
 20
-389.0
 10
46.0
 20
-389.0
 10
46.25
 20
-389.0
 10
46.5
 20
-389.0
 10
46.75
 20
-389.0
 10
47.0
 20
-389.0
 10
47.25
 20
-389.0
 10
47.5
 20
-389.0
 10
47.74999999999997
 20
-389.0
 10
48.0
 20
-389.0
 10
48.25
 20
-389.0
 10
48.5
 20
-389.0
 10
48.75
 20
-389.0
 10
49.0
 20
-389.0
 10
49.25
 20
-389.0
 10
49.5
 20
-389.0
 10
49.75
 20
-389.0
 10
50.0
 20
-389.0
 10
50.25
 20
-389.0
 10
50.5
 20
-389.0
 10
50.75
 20
-389.0
 10
51.0
 20
-389.0
 10
51.25
 20
-389.0
 10
51.5
 20
-389.0
 10
51.75
 20
-389.0
 10
52.0
 20
-389.0
 10
52.25
 20
-389.0
 10
52.5
 20
-389.0
 10
52.75000000000003
 20
-389.0
 10
53.0
 20
-389.0
 10
53.25
 20
-389.0
 10
53.5
 20
-389.0
 10
53.75
 20
-389.0
 10
54.0
 20
-389.0
 10
54.25
 20
-389.0
 10
54.5
 20
-389.0
 10
54.75
 20
-389.0
 10
55.0
 20
-389.0
 10
55.25
 20
-389.0
 10
55.5
 20
-389.0
 10
55.75
 20
-389.0
 10
56.0
 20
-389.0
 10
56.25
 20
-389.0
 10
56.5
 20
-389.0
 10
56.75
 20
-389.0
 10
57.0
 20
-389.0
 10
57.25
 20
-389.0
 10
57.5
 20
-389.0
 10
57.75
 20
-389.0
 10
58.0
 20
-389.0
 10
58.25
 20
-389.0
 10
58.5
 20
-389.0
 10
58.75
 20
-389.0
 10
59.0
 20
-389.0
 10
59.25
 20
-389.0
 10
59.5
 20
-389.0
 10
59.75
 20
-389.0
 10
60.0
 20
-389.0
 10
60.25
 20
-389.0
 10
60.5
 20
-389.0
 10
60.75
 20
-389.0
 10
61.0
 20
-389.0
 10
61.25
 20
-389.0
 10
61.5
 20
-389.0
 10
61.75
 20
-389.0
 10
62.0
 20
-389.0
 10
62.25
 20
-389.0
 10
62.5
 20
-389.0
 10
62.75
 20
-389.0
 10
63.0
 20
-389.0
 10
63.25
 20
-389.0
 10
63.5
 20
-389.0
 10
63.75
 20
-389.0
 10
64.0
 20
-389.0
 10
64.25
 20
-389.0
 10
64.49999999999997
 20
-389.0
 10
64.75
 20
-389.0
 10
65.0
 20
-389.0
 10
65.25
 20
-389.0
 10
65.5
 20
-389.0
 10
65.75
 20
-389.0
 10
66.0
 20
-389.0
 10
66.25
 20
-389.0
 10
66.5
 20
-389.0
 10
66.75
 20
-389.0
 10
67.0
 20
-389.0
 10
67.25
 20
-389.0
 10
67.5
 20
-389.0
 10
67.75
 20
-389.0
 10
68.0
 20
-389.0
 10
68.25
 20
-389.0
 10
68.5
 20
-389.0
 10
68.75
 20
-389.0
 10
69.0
 20
-389.0
 10
69.25
 20
-389.0
 10
69.50000000000003
 20
-389.0
 10
69.75000000000001
 20
-389.0
 10
70.0
 20
-389.0
 10
70.25
 20
-389.0
 10
70.50000000000001
 20
-389.0
 10
70.75
 20
-389.0
 10
70.99999999999999
 20
-389.0
 10
71.25000000000001
 20
-389.0
 10
71.5
 20
-389.0
 10
71.74999999999999
 20
-389.0
 10
72.00000000000001
 20
-389.0
 10
72.25
 20
-389.0
 10
72.49999999999999
 20
-389.0
 10
72.75000000000001
 20
-389.0
 10
73.0
 20
-389.0
 10
73.24999999999999
 20
-389.0
 10
73.5
 20
-389.0
 10
73.75
 20
-389.0
 10
74.0
 20
-389.0
 10
74.25
 20
-389.0
 10
74.5
 20
-389.0
 10
74.75
 20
-389.0
 10
75.0
 20
-389.0
 10
75.25
 20
-389.0
 10
75.5
 20
-389.0
 10
75.75
 20
-389.0
 10
76.0
 20
-389.0
 10
76.25
 20
-389.0
 10
76.5
 20
-389.0
 10
76.75
 20
-389.0
 10
77.0
 20
-389.0
 10
77.25
 20
-389.0
 10
77.5
 20
-389.0
 10
77.75
 20
-389.0
 10
78.0
 20
-389.0
 10
78.25
 20
-389.0
 10
78.5
 20
-389.0
 10
78.75
 20
-389.0
 10
79.0
 20
-389.0
 10
79.25
 20
-389.0
 10
79.5
 20
-389.0
 10
79.75
 20
-389.0
 10
80.0
 20
-389.0
 10
80.25
 20
-389.0
 10
80.50000000000001
 20
-389.0
 10
80.75
 20
-389.0
 10
80.99999999999999
 20
-389.0
 10
81.24999999999999
 20
-389.0
 10
81.5
 20
-389.0
 10
81.74999999999999
 20
-389.0
 10
82.00000000000001
 20
-389.0
 10
82.25
 20
-389.0
 10
82.49999999999999
 20
-389.0
 10
82.75000000000001
 20
-389.0
 10
83.0
 20
-389.0
 10
83.24999999999999
 20
-389.0
 10
83.5
 20
-389.0
 10
83.75
 20
-389.0
 10
83.99999999999999
 20
-389.0
 10
84.25
 20
-389.0
 10
84.5
 20
-389.0
 10
84.75
 20
-389.0
 10
85.0
 20
-389.0
 10
85.25
 20
-389.0
 10
85.5
 20
-389.0
 10
85.75
 20
-389.0
 10
86.0
 20
-389.0
 10
86.25000000000003
 20
-389.0
 10
86.5
 20
-389.0
 10
86.75
 20
-389.0
 10
87.0
 20
-389.0
 10
87.25
 20
-389.0
 10
87.5
 20
-389.0
 10
87.75
 20
-389.0
 10
88.0
 20
-389.0
 10
88.25
 20
-389.0
 10
88.5
 20
-389.0
 10
88.75
 20
-389.0
 10
89.0
 20
-389.0
 10
89.25
 20
-389.0
 10
89.5
 20
-389.0
 10
89.75
 20
-389.0
 10
90.0
 20
-389.0
 10
90.25
 20
-389.0
 10
90.50000000000001
 20
-389.0
 10
90.75
 20
-389.0
 10
90.99999999999999
 20
-389.0
 10
91.25000000000001
 20
-389.0
 10
91.5
 20
-389.0
 10
91.74999999999999
 20
-389.0
 10
92.00000000000001
 20
-389.0
 10
92.25
 20
-389.0
 10
92.5
 20
-389.0
 10
92.75
 20
-389.0
 10
93.0
 20
-389.0
 10
93.24999999999999
 20
-389.0
 10
93.5
 20
-389.0
 10
93.75
 20
-389.0
 10
93.99999999999999
 20
-389.0
 10
94.25
 20
-389.0
 10
94.5
 20
-389.0
 10
94.75
 20
-389.0
 10
95.0
 20
-389.0
 10
95.25
 20
-389.0
 10
95.5
 20
-389.0
 10
95.75
 20
-389.0
 10
96.0
 20
-389.0
 10
96.25
 20
-389.0
 10
96.5
 20
-389.0
 10
96.75
 20
-389.0
 10
97.0
 20
-389.0
 10
97.25
 20
-389.0
 10
97.5
 20
-389.0
 10
97.75
 20
-389.0
 10
97.99999999999997
 20
-389.0
 10
98.25
 20
-389.0
 10
98.5
 20
-389.0
 10
98.75
 20
-389.0
 10
99.0
 20
-389.0
 10
99.25
 20
-389.0
 10
99.5
 20
-389.0
 10
99.75
 20
-389.0
 10
100.0
 20
-389.0
 10
100.25
 20
-389.0
 10
100.5
 20
-389.0
 10
100.75
 20
-389.0
 10
101.0
 20
-389.0
 10
101.25
 20
-389.0
 10
101.5
 20
-389.0
 10
101.75
 20
-389.0
 10
102.0
 20
-389.0
 10
102.25
 20
-389.0
 10
102.5
 20
-389.0
 10
102.75
 20
-389.0
 10
103.00000000000003
 20
-389.0
 10
103.25
 20
-389.0
 10
103.5
 20
-389.0
 10
103.75
 20
-389.0
 10
104.0
 20
-389.0
 10
104.25
 20
-389.0
 10
104.5
 20
-389.0
 10
104.75
 20
-389.0
 10
105.0
 20
-389.0
 10
105.25
 20
-389.0
 10
105.5
 20
-389.0
 10
105.75
 20
-389.0
 10
106.0
 20
-389.0
 10
106.25
 20
-389.0
 10
106.5
 20
-389.0
 10
106.75
 20
-389.0
 10
107.0
 20
-389.0
 10
107.25
 20
-389.0
 10
107.5
 20
-389.0
 10
107.75
 20
-389.0
 10
108.0
 20
-389.0
 10
108.25
 20
-389.0
 10
108.5
 20
-389.0
 10
108.75
 20
-389.0
 10
109.0
 20
-389.0
 10
109.25
 20
-389.0
 10
109.5
 20
-389.0
 10
109.75
 20
-389.0
 10
110.0
 20
-389.0
 10
110.25
 20
-389.0
 10
110.5
 20
-389.0
 10
110.75
 20
-389.0
 10
111.0
 20
-389.0
 10
111.25
 20
-389.0
 10
111.5
 20
-389.0
 10
111.75
 20
-389.0
 10
112.0
 20
-389.0
 10
112.25
 20
-389.0
 10
112.5
 20
-389.0
 10
112.75
 20
-389.0
 10
113.0
 20
-389.0
 10
113.25
 20
-389.0
 10
113.5
 20
-389.0
 10
113.75
 20
-389.0
 10
114.0
 20
-389.0
 10
114.25
 20
-389.0
 10
114.5
 20
-389.0
 10
114.74999999999997
 20
-389.0
 10
115.0
 20
-389.0
 10
115.25
 20
-389.0
 10
115.5
 20
-389.0
 10
115.75
 20
-389.0
 10
116.0
 20
-389.0
 10
116.25
 20
-389.0
 10
116.5
 20
-389.0
 10
116.75
 20
-389.0
 10
117.0
 20
-389.0
 10
117.25
 20
-389.0
 10
117.5
 20
-389.0
 10
117.75
 20
-389.0
 10
118.0
 20
-389.0
 10
118.25
 20
-389.0
 10
118.5
 20
-389.0
 10
118.75
 20
-389.0
 10
119.0
 20
-389.0
 10
119.25
 20
-389.0
 10
119.5
 20
-389.0
 10
119.75000000000003
 20
-389.0
 10
120.0
 20
-389.0
 10
120.25
 20
-389.0
 10
120.5
 20
-389.0
 10
120.75
 20
-389.0
 10
121.0
 20
-389.0
 10
121.25
 20
-389.0
 10
121.5
 20
-389.0
 10
121.75
 20
-389.0
 10
122.0
 20
-389.0
 10
122.25
 20
-389.0
 10
122.5
 20
-389.0
 10
122.75
 20
-389.0
 10
123.0
 20
-389.0
 10
123.0
 20
-389.25
 10
123.0
 20
-389.5
 10
123.0
 20
-389.75
 10
123.0
 20
-390.0
 10
123.0
 20
-390.25
 10
123.0
 20
-390.5
 10
123.0
 20
-390.75
 10
123.0
 20
-391.0
 10
123.0
 20
-391.25
 10
123.0
 20
-391.5
 10
123.0
 20
-391.75
 10
123.0
 20
-392.0
 10
123.0
 20
-392.25
 10
123.0
 20
-392.5
 10
123.0
 20
-392.75
 10
123.0
 20
-393.0
 10
123.0
 20
-393.25
 10
123.0
 20
-393.5
 10
123.0
 20
-393.75
 10
123.0
 20
-394.0
 10
123.0
 20
-394.25
 10
123.0
 20
-394.5
 10
123.0
 20
-394.75
 10
123.0
 20
-395.0
 10
123.0
 20
-395.25
 10
123.0
 20
-395.5
 10
123.0
 20
-395.75
 10
123.0
 20
-396.0
 10
123.0
 20
-396.25
 10
123.0
 20
-396.5
 10
123.0
 20
-396.75
 10
123.0
 20
-397.0
 10
123.0
 20
-397.25
 10
123.0
 20
-397.49999999999994
 10
123.0
 20
-397.75
 10
123.0
 20
-398.0
 10
123.0
 20
-398.25
 10
123.0
 20
-398.5
 10
123.0
 20
-398.75
 10
123.0
 20
-399.0
 10
123.0
 20
-399.25
 10
123.0
 20
-399.5
 10
123.0
 20
-399.75
 10
123.0
 20
-400.0
 10
122.75
 20
-400.0
 10
122.5
 20
-400.0
 10
122.25
 20
-400.0
 10
122.0
 20
-400.0
 10
121.75
 20
-400.0
 10
121.5
 20
-400.0
 10
121.25
 20
-400.0
 10
121.0
 20
-400.0
 10
120.75
 20
-400.0
 10
120.5
 20
-400.0
 10
120.25
 20
-400.0
 10
120.0
 20
-400.0
 10
119.75
 20
-400.0
 10
119.5
 20
-400.0
 10
119.25
 20
-400.0
 10
119.0
 20
-400.0
 10
118.75
 20
-400.0
 10
118.5
 20
-400.0
 10
118.25
 20
-400.0
 10
118.0
 20
-400.0
 10
117.75
 20
-400.0
 10
117.5
 20
-400.0
 10
117.25
 20
-400.0
 10
117.0
 20
-400.0
 10
116.75
 20
-400.0
 10
116.5
 20
-400.0
 10
116.25
 20
-400.0
 10
116.0
 20
-400.0
 10
115.75
 20
-400.0
 10
115.5
 20
-400.0
 10
115.25
 20
-400.0
 10
115.0
 20
-400.0
 10
114.75
 20
-400.0
 10
114.5
 20
-400.0
 10
114.25
 20
-400.0
 10
114.0
 20
-400.0
 10
113.75
 20
-400.0
 10
113.5
 20
-400.0
 10
113.25
 20
-400.0
 10
113.0
 20
-400.0
 10
112.75
 20
-400.0
 10
112.5
 20
-400.0
 10
112.25
 20
-400.0
 10
112.0
 20
-400.0
 10
111.75
 20
-400.0
 10
111.5
 20
-400.0
 10
111.25
 20
-400.0
 10
111.0
 20
-400.0
 10
110.75
 20
-400.0
 10
110.5
 20
-400.0
 10
110.25
 20
-400.0
 10
110.0
 20
-400.0
 10
109.75
 20
-400.0
 10
109.5
 20
-400.0
 10
109.25
 20
-400.0
 10
109.0
 20
-400.0
 10
108.75
 20
-400.0
 10
108.5
 20
-400.0
 10
108.25
 20
-400.0
 10
108.0
 20
-400.0
 10
107.75
 20
-400.0
 10
107.5
 20
-400.0
 10
107.25
 20
-400.0
 10
107.0
 20
-400.0
 10
106.75
 20
-400.0
 10
106.5
 20
-400.0
 10
106.25
 20
-400.0
 10
106.0
 20
-400.0
 10
105.75
 20
-400.0
 10
105.5
 20
-400.0
 10
105.25
 20
-400.0
 10
105.0
 20
-400.0
 10
104.75
 20
-400.0
 10
104.5
 20
-400.0
 10
104.25
 20
-400.0
 10
104.0
 20
-400.0
 10
103.75
 20
-400.0
 10
103.5
 20
-400.0
 10
103.25
 20
-400.0
 10
103.0
 20
-400.0
 10
102.75
 20
-400.0
 10
102.5
 20
-400.0
 10
102.25
 20
-400.0
 10
102.0
 20
-400.0
 10
101.75
 20
-400.0
 10
101.5
 20
-400.0
 10
101.25
 20
-400.0
 10
101.0
 20
-400.0
 10
100.75
 20
-400.0
 10
100.5
 20
-400.0
 10
100.25
 20
-400.0
 10
100.0
 20
-400.0
 10
99.75
 20
-400.0
 10
99.5
 20
-400.0
 10
99.25
 20
-400.0
 10
99.0
 20
-400.0
 10
98.75
 20
-400.0
 10
98.5
 20
-400.0
 10
98.25
 20
-400.0
 10
98.0
 20
-400.0
 10
97.75
 20
-400.0
 10
97.5
 20
-400.0
 10
97.25
 20
-400.0
 10
97.0
 20
-400.0
 10
96.75
 20
-400.0
 10
96.5
 20
-400.0
 10
96.25
 20
-400.0
 10
96.0
 20
-400.0
 10
95.75
 20
-400.0
 10
95.5
 20
-400.0
 10
95.25
 20
-400.0
 10
95.0
 20
-400.0
 10
94.75
 20
-400.0
 10
94.5
 20
-400.0
 10
94.25
 20
-400.0
 10
94.0
 20
-400.0
 10
93.75
 20
-400.0
 10
93.5
 20
-400.0
 10
93.25
 20
-400.0
 10
93.0
 20
-400.0
 10
92.75
 20
-400.0
 10
92.5
 20
-400.0
 10
92.25
 20
-400.0
 10
92.0
 20
-400.0
 10
91.75
 20
-400.0
 10
91.5
 20
-400.0
 10
91.25
 20
-400.0
 10
91.0
 20
-400.0
 10
90.75000000000001
 20
-400.0
 10
90.5
 20
-400.0
 10
90.25
 20
-400.0
 10
90.0
 20
-400.0
 10
89.75
 20
-400.0
 10
89.5
 20
-400.0
 10
89.25
 20
-400.0
 10
89.0
 20
-400.0
 10
88.75
 20
-400.0
 10
88.5
 20
-400.0
 10
88.24999999999999
 20
-400.0
 10
88.0
 20
-400.0
 10
87.75
 20
-400.0
 10
87.5
 20
-400.0
 10
87.25
 20
-400.0
 10
87.0
 20
-400.0
 10
86.75
 20
-400.0
 10
86.5
 20
-400.0
 10
86.25
 20
-400.0
 10
86.0
 20
-400.0
 10
85.75
 20
-400.0
 10
85.5
 20
-400.0
 10
85.25
 20
-400.0
 10
85.0
 20
-400.0
 10
84.75
 20
-400.0
 10
84.5
 20
-400.0
 10
84.25
 20
-400.0
 10
84.0
 20
-400.0
 10
83.75
 20
-400.0
 10
83.5
 20
-400.0
 10
83.25
 20
-400.0
 10
83.0
 20
-400.0
 10
82.75
 20
-400.0
 10
82.5
 20
-400.0
 10
82.25
 20
-400.0
 10
82.0
 20
-400.0
 10
81.75
 20
-400.0
 10
81.5
 20
-400.0
 10
81.25
 20
-400.0
 10
81.0
 20
-400.0
 10
80.75
 20
-400.0
 10
80.5
 20
-400.0
 10
80.25
 20
-400.0
 10
80.0
 20
-400.0
 10
79.75
 20
-400.0
 10
79.5
 20
-400.0
 10
79.25
 20
-400.0
 10
79.0
 20
-400.0
 10
78.75
 20
-400.0
 10
78.5
 20
-400.0
 10
78.25
 20
-400.0
 10
78.0
 20
-400.0
 10
77.75
 20
-400.0
 10
77.5
 20
-400.0
 10
77.25
 20
-400.0
 10
77.0
 20
-400.0
 10
76.75
 20
-400.0
 10
76.5
 20
-400.0
 10
76.25
 20
-400.0
 10
76.0
 20
-400.0
 10
75.75
 20
-400.0
 10
75.5
 20
-400.0
 10
75.25
 20
-400.0
 10
75.0
 20
-400.0
 10
74.75
 20
-400.0
 10
74.5
 20
-400.0
 10
74.25
 20
-400.0
 10
74.00000000000001
 20
-400.0
 10
73.75
 20
-400.0
 10
73.5
 20
-400.0
 10
73.25
 20
-400.0
 10
73.0
 20
-400.0
 10
72.75
 20
-400.0
 10
72.5
 20
-400.0
 10
72.25
 20
-400.0
 10
72.0
 20
-400.0
 10
71.75
 20
-400.0
 10
71.49999999999999
 20
-400.0
 10
71.25
 20
-400.0
 10
71.0
 20
-400.0
 10
70.75
 20
-400.0
 10
70.5
 20
-400.0
 10
70.25
 20
-400.0
 10
70.0
 20
-400.0
 10
69.75
 20
-400.0
 10
69.5
 20
-400.0
 10
69.25
 20
-400.0
 10
69.0
 20
-400.0
 10
68.75
 20
-400.0
 10
68.5
 20
-400.0
 10
68.25
 20
-400.0
 10
68.0
 20
-400.0
 10
67.75
 20
-400.0
 10
67.5
 20
-400.0
 10
67.25
 20
-400.0
 10
67.0
 20
-400.0
 10
66.75
 20
-400.0
 10
66.5
 20
-400.0
 10
66.25
 20
-400.0
 10
66.0
 20
-400.0
 10
65.75
 20
-400.0
 10
65.5
 20
-400.0
 10
65.25
 20
-400.0
 10
65.0
 20
-400.0
 10
64.75
 20
-400.0
 10
64.5
 20
-400.0
 10
64.25
 20
-400.0
 10
64.0
 20
-400.0
 10
63.75
 20
-400.0
 10
63.5
 20
-400.0
 10
63.25
 20
-400.0
 10
63.0
 20
-400.0
 10
62.75
 20
-400.0
 10
62.5
 20
-400.0
 10
62.25
 20
-400.0
 10
62.0
 20
-400.0
 10
61.75
 20
-400.0
 10
61.5
 20
-400.0
 10
61.25
 20
-400.0
 10
61.0
 20
-400.0
 10
60.75
 20
-400.0
 10
60.5
 20
-400.0
 10
60.25
 20
-400.0
 10
60.0
 20
-400.0
 10
59.75
 20
-400.0
 10
59.5
 20
-400.0
 10
59.25
 20
-400.0
 10
59.0
 20
-400.0
 10
58.75
 20
-400.0
 10
58.5
 20
-400.0
 10
58.25
 20
-400.0
 10
58.0
 20
-400.0
 10
57.75
 20
-400.0
 10
57.5
 20
-400.0
 10
57.250000000000014
 20
-400.0
 10
57.0
 20
-400.0
 10
56.75
 20
-400.0
 10
56.5
 20
-400.0
 10
56.25
 20
-400.0
 10
56.0
 20
-400.0
 10
55.75
 20
-400.0
 10
55.5
 20
-400.0
 10
55.25
 20
-400.0
 10
55.0
 20
-400.0
 10
54.75
 20
-400.0
 10
54.5
 20
-400.0
 10
54.25
 20
-400.0
 10
54.0
 20
-400.0
 10
53.75
 20
-400.0
 10
53.5
 20
-400.0
 10
53.25
 20
-400.0
 10
53.0
 20
-400.0
 10
52.75
 20
-400.0
 10
52.5
 20
-400.0
 10
52.25
 20
-400.0
 10
52.0
 20
-400.0
 10
51.75
 20
-400.0
 10
51.5
 20
-400.0
 10
51.25
 20
-400.0
 10
51.0
 20
-400.0
 10
50.75
 20
-400.0
 10
50.5
 20
-400.0
 10
50.25
 20
-400.0
 10
50.0
 20
-400.0
 10
49.75
 20
-400.0
 10
49.5
 20
-400.0
 10
49.25
 20
-400.0
 10
49.0
 20
-400.0
 10
48.75
 20
-400.0
 10
48.5
 20
-400.0
 10
48.25
 20
-400.0
 10
48.0
 20
-400.0
 10
47.75
 20
-400.0
 10
47.5
 20
-400.0
 10
47.25
 20
-400.0
 10
47.0
 20
-400.0
 10
46.75
 20
-400.0
 10
46.5
 20
-400.0
 10
46.25
 20
-400.0
 10
46.0
 20
-400.0
 10
45.75
 20
-400.0
 10
45.5
 20
-400.0
 10
45.25
 20
-400.0
 10
45.0
 20
-400.0
 10
44.75
 20
-400.0
 10
44.5
 20
-400.0
 10
44.25
 20
-400.0
 10
44.0
 20
-400.0
 10
43.75
 20
-400.0
 10
43.5
 20
-400.0
 10
43.25
 20
-400.0
 10
43.0
 20
-400.0
 10
42.75
 20
-400.0
 10
42.5
 20
-400.0
 10
42.25
 20
-400.0
 10
42.0
 20
-400.0
 10
41.75
 20
-400.0
 10
41.5
 20
-400.0
 10
41.25
 20
-400.0
 10
41.0
 20
-400.0
 10
40.75
 20
-400.0
 10
40.5
 20
-400.0
 10
40.25
 20
-400.0
 10
40.0
 20
-400.0
 10
39.75
 20
-400.0
 10
39.5
 20
-400.0
 10
39.25
 20
-400.0
 10
39.0
 20
-400.0
 10
38.75
 20
-400.0
 10
38.5
 20
-400.0
 10
38.25
 20
-400.0
 10
38.0
 20
-400.0
 10
37.75
 20
-400.0
 10
37.5
 20
-400.0
 10
37.25
 20
-400.0
 10
37.0
 20
-400.0
 10
36.75
 20
-400.0
 10
36.5
 20
-400.0
 10
36.25
 20
-400.0
 10
36.0
 20
-400.0
 10
35.75
 20
-400.0
 10
35.5
 20
-400.0
 10
35.25
 20
-400.0
 10
35.0
 20
-400.0
 10
34.75
 20
-400.0
 10
34.5
 20
-400.0
 10
34.25
 20
-400.0
 10
34.0
 20
-400.0
 10
33.75
 20
-400.0
 10
33.5
 20
-400.0
 10
33.25
 20
-400.0
 10
33.0
 20
-400.0
 10
32.75
 20
-400.0
 10
32.5
 20
-400.0
 10
32.25
 20
-400.0
 10
32.0
 20
-400.0
 10
31.75
 20
-400.0
 10
31.500000000000007
 20
-400.0
 10
31.25
 20
-400.0
 10
31.0
 20
-400.0
 10
30.75
 20
-400.0
 10
30.5
 20
-400.0
 10
30.249999999999993
 20
-400.0
 10
30.0
 20
-400.0
 10
29.75
 20
-400.0
 10
29.5
 20
-400.0
 10
29.25
 20
-400.0
 10
29.0
 20
-400.0
 10
28.75
 20
-400.0
 10
28.5
 20
-400.0
 10
28.25
 20
-400.0
 10
28.0
 20
-400.0
 10
27.75
 20
-400.0
 10
27.5
 20
-400.0
 10
27.25
 20
-400.0
 10
27.0
 20
-400.0
 10
26.75
 20
-400.0
 10
26.5
 20
-400.0
 10
26.25
 20
-400.0
 10
26.0
 20
-400.0
 10
25.75
 20
-400.0
 10
25.5
 20
-400.0
 10
25.25
 20
-400.0
 10
25.0
 20
-400.0
 10
24.75
 20
-400.0
 10
24.5
 20
-400.0
 10
24.25
 20
-400.0
 10
24.0
 20
-400.0
 10
23.75
 20
-400.0
 10
23.5
 20
-400.0
 10
23.25
 20
-400.0
 10
23.0
 20
-400.0
 10
22.75
 20
-400.0
 10
22.5
 20
-400.0
 10
22.25
 20
-400.0
 10
22.0
 20
-400.0
 10
21.75
 20
-400.0
 10
21.5
 20
-400.0
 10
21.25
 20
-400.0
 10
21.0
 20
-400.0
 10
20.75
 20
-400.0
 10
20.5
 20
-400.0
 10
20.25
 20
-400.0
 10
20.0
 20
-400.0
 10
19.75
 20
-400.0
 10
19.5
 20
-400.0
 10
19.25
 20
-400.0
 10
19.0
 20
-400.0
 10
18.75
 20
-400.0
 10
18.5
 20
-400.0
 10
18.25
 20
-400.0
 10
18.0
 20
-400.0
 10
17.75
 20
-400.0
 10
17.5
 20
-400.0
 10
17.25
 20
-400.0
 10
17.0
 20
-400.0
 10
16.75
 20
-400.0
 10
16.5
 20
-400.0
 10
16.25
 20
-400.0
 10
16.0
 20
-400.0
 10
15.75
 20
-400.0
 10
15.5
 20
-400.0
 10
15.25
 20
-400.0
 10
15.0
 20
-400.0
 10
14.75
 20
-400.0
 10
14.5
 20
-400.0
 10
14.25
 20
-400.0
 10
14.0
 20
-400.0
 10
13.75
 20
-400.0
 10
13.5
 20
-400.0
 10
13.25
 20
-400.0
 10
13.0
 20
-400.0
 10
12.75
 20
-400.0
 10
12.5
 20
-400.0
 10
12.25
 20
-400.0
 10
12.0
 20
-400.0
 10
11.75
 20
-400.0
 10
11.5
 20
-400.0
 10
11.25
 20
-400.0
 10
11.0
 20
-400.0
 10
10.75
 20
-400.0
 10
10.5
 20
-400.0
 10
10.25
 20
-400.0
 10
10.0
 20
-400.0
 10
9.75
 20
-400.0
 10
9.5
 20
-400.0
 10
9.25
 20
-400.0
 10
9.0
 20
-400.0
 10
8.75
 20
-400.0
 10
8.5
 20
-400.0
 10
8.25
 20
-400.0
 10
8.0
 20
-400.0
 10
7.75
 20
-400.0
 10
7.5
 20
-400.0
 10
7.25
 20
-400.0
 10
7.0
 20
-400.0
 10
6.75
 20
-400.0
 10
6.5
 20
-400.0
 10
6.25
 20
-400.0
 10
6.0
 20
-400.0
 10
5.75
 20
-400.0
 10
5.5
 20
-400.0
 10
5.25
 20
-400.0
 10
5.0
 20
-400.0
 10
4.75
 20
-400.0
 10
4.5
 20
-400.0
 10
4.25
 20
-400.0
 10
4.0
 20
-400.0
 10
3.75
 20
-400.0
 10
3.5
 20
-400.0
 10
3.25
 20
-400.0
 10
3.0
 20
-400.0
 10
2.75
 20
-400.0
 10
2.5
 20
-400.0
 10
2.25
 20
-400.0
 10
2.0
 20
-400.0
 10
1.75
 20
-400.0
 10
1.5
 20
-400.0
 10
1.25
 20
-400.0
 10
1.0
 20
-400.0
 10
0.75
 20
-400.0
 10
0.5
 20
-400.0
 10
0.25
 20
-400.0
 10
0.0
 20
-400.0
 10
0.0
 20
-399.75
 10
0.0
 20
-399.5
 10
0.0
 20
-399.25
 10
0.0
 20
-399.0
 10
0.0
 20
-398.75
 10
0.0
 20
-398.5
 10
0.0
 20
-398.25
 10
0.0
 20
-398.0
 10
0.0
 20
-397.75
 10
0.0
 20
-397.5
 10
0.0
 20
-397.25
 10
0.0
 20
-397.0
 10
0.0
 20
-396.75
 10
0.0
 20
-396.5
 10
0.0
 20
-396.25
 10
0.0
 20
-396.0
 10
0.0
 20
-395.75
 10
0.0
 20
-395.5
 10
0.0
 20
-395.25
 10
0.0
 20
-395.0
 10
0.0
 20
-394.75
 10
0.0
 20
-394.5
 10
0.0
 20
-394.25
 10
0.0
 20
-394.0
 10
0.0
 20
-393.75
 10
0.0
 20
-393.5
 10
0.0
 20
-393.25
 10
0.0
 20
-393.0
 10
0.0
 20
-392.75
 10
0.0
 20
-392.5
 10
0.0
 20
-392.25
 10
0.0
 20
-392.0
 10
0.0
 20
-391.75
 10
0.0
 20
-391.5
 10
0.0
 20
-391.25
 10
0.0
 20
-391.0
 10
0.0
 20
-390.75
 10
0.0
 20
-390.5
 10
0.0
 20
-390.25
 10
0.0
 20
-390.0
 10
0.0
 20
-389.75
 10
0.0
 20
-389.5
 10
0.0
 20
-389.25
  0
LWPOLYLINE
  5
C0
330
17
100
AcDbEntity
  8
REFERENCE_GEOMETRY
100
AcDbPolyline
 90
72
 70
1
 10
113.20000000270734
 20
-394.4999999994628
 10
113.1935309894632
 20
-394.35183523678916
 10
113.17417318282764
 20
-394.2047980974238
 10
113.14207390739774
 20
-394.0600076227808
 10
113.0974774580416
 20
-393.91856575579897
 10
113.04072324066685
 20
-393.781548954491
 10
112.97224318913689
 20
-393.64999999944786
 10
112.89255847799323
 20
-393.5249200576489
 10
112.80227555600264
 20
-393.4072610629765
 10
112.70208153071574
 20
-393.29791847142457
 10
112.59273893916382
 20
-393.19772444613767
 10
112.47507994449141
 20
-393.1074415241471
 10
112.35000000269245
 20
-393.0277568130034
 10
112.21845104764932
 20
-392.95927676147346
 10
112.08143424634137
 20
-392.90252254409876
 10
111.93999237935955
 20
-392.8579260947426
 10
111.7952019047165
 20
-392.8258268193127
 10
111.64816476535117
 20
-392.80646901267716
 10
111.50000000267755
 20
-392.799999999433
 10
111.35183524000394
 20
-392.80646901267716
 10
111.2047981006386
 20
-392.8258268193127
 10
111.06000762599555
 20
-392.8579260947426
 10
110.91856575901373
 20
-392.90252254409876
 10
110.78154895770578
 20
-392.95927676147346
 10
110.65000000266267
 20
-393.0277568130034
 10
110.52492006086369
 20
-393.1074415241471
 10
110.40726106619128
 20
-393.19772444613767
 10
110.29791847463936
 20
-393.29791847142457
 10
110.19772444935246
 20
-393.4072610629765
 10
110.10744152736187
 20
-393.5249200576489
 10
110.02775681621821
 20
-393.64999999944786
 10
109.95927676468825
 20
-393.781548954491
 10
109.90252254731351
 20
-393.91856575579897
 10
109.85792609795736
 20
-394.0600076227808
 10
109.82582682252746
 20
-394.2047980974238
 10
109.8064690158919
 20
-394.35183523678916
 10
109.80000000264776
 20
-394.4999999994628
 10
109.8064690158919
 20
-394.6481647621364
 10
109.82582682252746
 20
-394.79520190150174
 10
109.85792609795736
 20
-394.93999237614474
 10
109.90252254731351
 20
-395.0814342431266
 10
109.95927676468825
 20
-395.2184510444346
 10
110.02775681621821
 20
-395.3499999994777
 10
110.10744152736187
 20
-395.47507994127665
 10
110.19772444935246
 20
-395.59273893594906
 10
110.29791847463936
 20
-395.702081527501
 10
110.40726106619128
 20
-395.8022755527879
 10
110.52492006086369
 20
-395.89255847477847
 10
110.65000000266265
 20
-395.97224318592214
 10
110.78154895770578
 20
-396.0407232374521
 10
110.91856575901373
 20
-396.0974774548268
 10
111.06000762599555
 20
-396.14207390418295
 10
111.2047981006386
 20
-396.17417317961286
 10
111.35183524000394
 20
-396.1935309862484
 10
111.50000000267755
 20
-396.19999999949255
 10
111.64816476535117
 20
-396.1935309862484
 10
111.7952019047165
 20
-396.17417317961286
 10
111.93999237935955
 20
-396.14207390418295
 10
112.08143424634137
 20
-396.0974774548268
 10
112.21845104764932
 20
-396.0407232374521
 10
112.35000000269244
 20
-395.97224318592214
 10
112.47507994449141
 20
-395.89255847477847
 10
112.59273893916382
 20
-395.8022755527879
 10
112.70208153071574
 20
-395.702081527501
 10
112.80227555600263
 20
-395.59273893594906
 10
112.89255847799323
 20
-395.47507994127665
 10
112.97224318913689
 20
-395.3499999994777
 10
113.04072324066685
 20
-395.2184510444346
 10
113.0974774580416
 20
-395.0814342431266
 10
113.14207390739774
 20
-394.93999237614474
 10
113.17417318282764
 20
-394.79520190150174
 10
113.1935309894632
 20
-394.6481647621364
  0
LWPOLYLINE
  5
C1
330
17
100
AcDbEntity
  8
REFERENCE_GEOMETRY
100
AcDbPolyline
 90
72
 70
1
 10
23.19999999935909
 20
-394.50000000970425
 10
23.19353098611504
 20
-394.35183524703285
 10
23.17417317947978
 20
-394.2047981076698
 10
23.142073904050363
 20
-394.06000763302893
 10
23.097477454694886
 20
-393.9185657660492
 10
23.040723237321007
 20
-393.7815489647433
 10
22.972243185792085
 20
-393.6500000097022
 10
22.892558474649633
 20
-393.5249200679051
 10
22.80227555266039
 20
-393.4072610732345
 10
22.702081527375015
 20
-393.29791848168423
 10
22.592738935824737
 20
-393.1977244563988
 10
22.475079941154114
 20
-393.1074415344096
 10
22.349999999357035
 20
-393.02775682326717
 10
22.218451044315906
 20
-392.95927677173825
 10
22.081434243010023
 20
-392.90252255436434
 10
21.93999237603033
 20
-392.85792610500886
 10
21.795201901389476
 20
-392.82582682957946
 10
21.648164762026358
 20
-392.8064690229442
 10
21.49999999935498
 20
-392.80000000970017
 10
21.351835236683602
 20
-392.8064690229442
 10
21.204798097320484
 20
-392.82582682957946
 10
21.06000762267963
 20
-392.85792610500886
 10
20.918565755699937
 20
-392.90252255436434
 10
20.781548954394054
 20
-392.95927677173825
 10
20.649999999352925
 20
-393.02775682326717
 10
20.524920057555846
 20
-393.1074415344096
 10
20.407261062885222
 20
-393.1977244563988
 10
20.297918471334945
 20
-393.29791848168423
 10
20.19772444604957
 20
-393.4072610732345
 10
20.107441524060327
 20
-393.5249200679051
 10
20.027756812917875
 20
-393.6500000097022
 10
19.959276761388953
 20
-393.7815489647433
 10
19.902522544015074
 20
-393.9185657660492
 10
19.857926094659597
 20
-394.06000763302893
 10
19.82582681923018
 20
-394.2047981076698
 10
19.80646901259492
 20
-394.35183524703285
 10
19.79999999935087
 20
-394.50000000970425
 10
19.80646901259492
 20
-394.64816477237565
 10
19.82582681923018
 20
-394.79520191173873
 10
19.857926094659597
 20
-394.9399923863796
 10
19.902522544015074
 20
-395.0814342533593
 10
19.95927676138895
 20
-395.2184510546652
 10
20.027756812917875
 20
-395.3500000097063
 10
20.107441524060327
 20
-395.4750799515034
 10
20.19772444604957
 20
-395.592738946174
 10
20.297918471334945
 20
-395.70208153772427
 10
20.407261062885222
 20
-395.8022755630097
 10
20.524920057555846
 20
-395.8925584849989
 10
20.649999999352925
 20
-395.97224319614133
 10
20.781548954394054
 20
-396.04072324767026
 10
20.918565755699937
 20
-396.09747746504416
 10
21.06000762267963
 20
-396.14207391439965
 10
21.204798097320484
 20
-396.17417318982905
 10
21.351835236683602
 20
-396.1935309964643
 10
21.49999999935498
 20
-396.20000000970833
 10
21.648164762026358
 20
-396.1935309964643
 10
21.795201901389476
 20
-396.17417318982905
 10
21.93999237603033
 20
-396.14207391439965
 10
22.081434243010023
 20
-396.09747746504416
 10
22.218451044315906
 20
-396.04072324767026
 10
22.349999999357035
 20
-395.97224319614133
 10
22.475079941154114
 20
-395.8925584849989
 10
22.592738935824737
 20
-395.8022755630097
 10
22.702081527375015
 20
-395.70208153772427
 10
22.80227555266039
 20
-395.592738946174
 10
22.892558474649633
 20
-395.4750799515034
 10
22.972243185792085
 20
-395.3500000097063
 10
23.040723237321007
 20
-395.2184510546652
 10
23.097477454694886
 20
-395.0814342533593
 10
23.142073904050363
 20
-394.9399923863796
 10
23.17417317947978
 20
-394.79520191173873
 10
23.19353098611504
 20
-394.64816477237565
  0
DIMENSION
  5
C2
330
17
100
AcDbEntity
  8
REFERENCE_DIMENSIONS
100
AcDbDimension
280
0
  2
*D7
  3
Standard
 10
0.0
 20
-416.0
 30
0.0
 11
61.5
 21
-416.0
 31
0.0
 70
32
 71
5
  1
<>
100
AcDbAlignedDimension
 13
0.0
 23
-400.0
 33
0.0
 14
123.0
 24
-400.0
 34
0.0
 50
0.0
100
AcDbRotatedDimension
1001
ACAD
1000
DSTYLE
1002
{
1070
140
1040
3.0
1070
41
1040
2.0
1070
271
1070
3
1002
}
  0
DIMENSION
  5
D2
330
17
100
AcDbEntity
  8
REFERENCE_DIMENSIONS
100
AcDbDimension
280
0
  2
*D8
  3
Standard
 10
139.0
 20
-400.0
 30
0.0
 11
139.0
 21
-394.5
 31
0.0
 70
32
 71
5
  1
<>
100
AcDbAlignedDimension
 13
123.0
 23
-400.0
 33
0.0
 14
123.0
 24
-389.0
 34
0.0
 50
90.0
100
AcDbRotatedDimension
1001
ACAD
1000
DSTYLE
1002
{
1070
140
1040
3.0
1070
41
1040
2.0
1070
271
1070
3
1002
}
  0
TEXT
  5
E2
330
17
100
AcDbEntity
  8
REFERENCE_NOTES
100
AcDbText
 10
0.0
 20
-434.0
 30
0.0
 40
3.0
  1
lower_deck_angle_1_1_top
100
AcDbText
  0
TEXT
  5
E3
330
17
100
AcDbEntity
  8
REFERENCE_NOTES
100
AcDbText
 10
0.0
 20
-441.0
 30
0.0
 40
3.0
  1
R01 CANDIDATE | mm 1:1 | NOT FOR MANUFACTURE
100
AcDbText
  0
TEXT
  5
E4
330
17
100
AcDbEntity
  8
REFERENCE_NOTES
100
AcDbText
 10
0.0
 20
-448.0
 30
0.0
 40
3.0
  1
Section nominal thickness 3 mm
100
AcDbText
  0
TEXT
  5
E5
330
17
100
AcDbEntity
  8
REFERENCE_NOTES
100
AcDbText
 10
0.0
 20
-455.0
 30
0.0
 40
3.0
  1
Deck-facing holes share deck axes
100
AcDbText
  0
TEXT
  5
E6
330
17
100
AcDbEntity
  8
REFERENCE_NOTES
100
AcDbText
 10
0.0
 20
-462.0
 30
0.0
 40
3.0
  1
Source instance: lower_deck_angle_1_1
100
AcDbText
  0
TEXT
  5
E7
330
17
100
AcDbEntity
  8
REFERENCE_NOTES
100
AcDbText
 10
0.0
 20
-469.0
 30
0.0
 40
3.0
  1
Material / tolerances / finish / preload: TBD
100
AcDbText
  0
LWPOLYLINE
  5
E8
330
17
100
AcDbEntity
  8
REFERENCE_GEOMETRY
100
AcDbPolyline
 90
1096
 70
1
 10
603.0
 20
-400.0
 10
602.75
 20
-400.0
 10
602.5
 20
-400.0
 10
602.25
 20
-400.0
 10
602.0
 20
-400.0
 10
601.75
 20
-400.0
 10
601.5
 20
-400.0
 10
601.25
 20
-400.0
 10
601.0
 20
-400.0
 10
600.75
 20
-400.0
 10
600.5
 20
-400.0
 10
600.25
 20
-400.0
 10
600.0
 20
-400.0
 10
599.75
 20
-400.0
 10
599.5
 20
-400.0
 10
599.25
 20
-400.0
 10
599.0
 20
-400.0
 10
598.75
 20
-400.0
 10
598.5
 20
-400.0
 10
598.25
 20
-400.0
 10
598.0
 20
-400.0
 10
597.75
 20
-400.0
 10
597.5
 20
-400.0
 10
597.25
 20
-400.0
 10
597.0
 20
-400.0
 10
596.75
 20
-400.0
 10
596.5
 20
-400.0
 10
596.25
 20
-400.0
 10
596.0
 20
-400.0
 10
595.75
 20
-400.0
 10
595.5
 20
-400.0
 10
595.25
 20
-400.0
 10
595.0
 20
-400.0
 10
594.75
 20
-400.0
 10
594.5
 20
-400.0
 10
594.25
 20
-400.0
 10
594.0
 20
-400.0
 10
593.75
 20
-400.0
 10
593.5
 20
-400.0
 10
593.25
 20
-400.0
 10
593.0
 20
-400.0
 10
592.75
 20
-400.0
 10
592.5
 20
-400.0
 10
592.25
 20
-400.0
 10
592.0
 20
-400.0
 10
591.75
 20
-400.0
 10
591.5
 20
-400.0
 10
591.25
 20
-400.0
 10
591.0
 20
-400.0
 10
590.75
 20
-400.0
 10
590.5
 20
-400.0
 10
590.25
 20
-400.0
 10
590.0
 20
-400.0
 10
589.75
 20
-400.0
 10
589.5
 20
-400.0
 10
589.25
 20
-400.0
 10
589.0
 20
-400.0
 10
588.75
 20
-400.0
 10
588.5
 20
-400.0
 10
588.25
 20
-400.0
 10
588.0
 20
-400.0
 10
587.75
 20
-400.0
 10
587.5
 20
-400.0
 10
587.25
 20
-400.0
 10
587.0
 20
-400.0
 10
586.75
 20
-400.0
 10
586.5
 20
-400.0
 10
586.25
 20
-400.0
 10
586.0
 20
-400.0
 10
585.75
 20
-400.0
 10
585.5
 20
-400.0
 10
585.25
 20
-400.0
 10
585.0
 20
-400.0
 10
584.75
 20
-400.0
 10
584.5
 20
-400.0
 10
584.25
 20
-400.0
 10
584.0
 20
-400.0
 10
583.75
 20
-400.0
 10
583.5
 20
-400.0
 10
583.25
 20
-400.0
 10
583.0
 20
-400.0
 10
582.75
 20
-400.0
 10
582.5
 20
-400.0
 10
582.25
 20
-400.0
 10
582.0
 20
-400.0
 10
581.75
 20
-400.0
 10
581.5
 20
-400.0
 10
581.25
 20
-400.0
 10
581.0
 20
-400.0
 10
580.75
 20
-400.0
 10
580.5
 20
-400.0
 10
580.25
 20
-400.0
 10
580.0
 20
-400.0
 10
579.75
 20
-400.0
 10
579.5
 20
-400.0
 10
579.25
 20
-400.0
 10
579.0
 20
-400.0
 10
578.75
 20
-400.0
 10
578.5
 20
-400.0
 10
578.25
 20
-400.0
 10
578.0
 20
-400.0
 10
577.75
 20
-400.0
 10
577.5
 20
-400.0
 10
577.25
 20
-400.0
 10
577.0
 20
-400.0
 10
576.75
 20
-400.0
 10
576.5
 20
-400.0
 10
576.25
 20
-400.0
 10
576.0
 20
-400.0
 10
575.75
 20
-400.0
 10
575.5
 20
-400.0
 10
575.25
 20
-400.0
 10
575.0
 20
-400.0
 10
574.75
 20
-400.0
 10
574.5
 20
-400.0
 10
574.25
 20
-400.0
 10
574.0
 20
-400.0
 10
573.75
 20
-400.0
 10
573.5
 20
-400.0
 10
573.25
 20
-400.0
 10
573.0
 20
-400.0
 10
572.75
 20
-400.0
 10
572.5
 20
-400.0
 10
572.25
 20
-400.0
 10
572.0
 20
-400.0
 10
571.75
 20
-400.0
 10
571.5
 20
-400.0
 10
571.25
 20
-400.0
 10
571.0
 20
-400.0
 10
570.75
 20
-400.0
 10
570.5
 20
-400.0
 10
570.25
 20
-400.0
 10
570.0
 20
-400.0
 10
569.75
 20
-400.0
 10
569.5
 20
-400.0
 10
569.25
 20
-400.0
 10
569.0
 20
-400.0
 10
568.75
 20
-400.0
 10
568.5
 20
-400.0
 10
568.25
 20
-400.0
 10
568.0
 20
-400.0
 10
567.75
 20
-400.0
 10
567.5
 20
-400.0
 10
567.25
 20
-400.0
 10
567.0
 20
-400.0
 10
566.75
 20
-400.0
 10
566.5
 20
-400.0
 10
566.25
 20
-400.0
 10
566.0
 20
-400.0
 10
565.75
 20
-400.0
 10
565.5
 20
-400.0
 10
565.25
 20
-400.0
 10
565.0
 20
-400.0
 10
564.75
 20
-400.0
 10
564.5
 20
-400.0
 10
564.25
 20
-400.0
 10
564.0
 20
-400.0
 10
563.75
 20
-400.0
 10
563.5
 20
-400.0
 10
563.25
 20
-400.0
 10
563.0
 20
-400.0
 10
562.75
 20
-400.0
 10
562.5
 20
-400.0
 10
562.25
 20
-400.0
 10
562.0
 20
-400.0
 10
561.75
 20
-400.0
 10
561.5
 20
-400.0
 10
561.25
 20
-400.0
 10
561.0
 20
-400.0
 10
560.75
 20
-400.0
 10
560.5
 20
-400.0
 10
560.25
 20
-400.0
 10
560.0
 20
-400.0
 10
559.75
 20
-400.0
 10
559.5
 20
-400.0
 10
559.25
 20
-400.0
 10
559.0
 20
-400.0
 10
558.75
 20
-400.0
 10
558.5
 20
-400.0
 10
558.25
 20
-400.0
 10
558.0
 20
-400.0
 10
557.75
 20
-400.0
 10
557.5
 20
-400.0
 10
557.25
 20
-400.0
 10
557.0
 20
-400.0
 10
556.75
 20
-400.0
 10
556.5
 20
-400.0
 10
556.25
 20
-400.0
 10
556.0
 20
-400.0
 10
555.75
 20
-400.0
 10
555.5
 20
-400.0
 10
555.25
 20
-400.0
 10
555.0
 20
-400.0
 10
554.75
 20
-400.0
 10
554.5
 20
-400.0
 10
554.25
 20
-400.0
 10
554.0
 20
-400.0
 10
553.75
 20
-400.0
 10
553.5
 20
-400.0
 10
553.25
 20
-400.0
 10
553.0
 20
-400.0
 10
552.75
 20
-400.0
 10
552.5
 20
-400.0
 10
552.25
 20
-400.0
 10
552.0
 20
-400.0
 10
551.75
 20
-400.0
 10
551.5
 20
-400.0
 10
551.25
 20
-400.0
 10
551.0
 20
-400.0
 10
550.75
 20
-400.0
 10
550.5
 20
-400.0
 10
550.25
 20
-400.0
 10
550.0
 20
-400.0
 10
549.75
 20
-400.0
 10
549.5
 20
-400.0
 10
549.25
 20
-400.0
 10
549.0
 20
-400.0
 10
548.75
 20
-400.0
 10
548.5
 20
-400.0
 10
548.25
 20
-400.0
 10
548.0
 20
-400.0
 10
547.75
 20
-400.0
 10
547.5
 20
-400.0
 10
547.25
 20
-400.0
 10
547.0
 20
-400.0
 10
546.75
 20
-400.0
 10
546.5
 20
-400.0
 10
546.25
 20
-400.0
 10
546.0
 20
-400.0
 10
545.75
 20
-400.0
 10
545.5
 20
-400.0
 10
545.25
 20
-400.0
 10
545.0
 20
-400.0
 10
544.75
 20
-400.0
 10
544.5
 20
-400.0
 10
544.25
 20
-400.0
 10
544.0
 20
-400.0
 10
543.75
 20
-400.0
 10
543.5
 20
-400.0
 10
543.25
 20
-400.0
 10
543.0
 20
-400.0
 10
542.75
 20
-400.0
 10
542.5
 20
-400.0
 10
542.25
 20
-400.0
 10
542.0
 20
-400.0
 10
541.75
 20
-400.0
 10
541.5
 20
-400.0
 10
541.25
 20
-400.0
 10
541.0
 20
-400.0
 10
540.75
 20
-400.0
 10
540.5
 20
-400.0
 10
540.25
 20
-400.0
 10
540.0
 20
-400.0
 10
539.75
 20
-400.0
 10
539.5
 20
-400.0
 10
539.25
 20
-400.0
 10
539.0
 20
-400.0
 10
538.75
 20
-400.0
 10
538.5
 20
-400.0
 10
538.25
 20
-400.0
 10
538.0
 20
-400.0
 10
537.75
 20
-400.0
 10
537.5
 20
-400.0
 10
537.25
 20
-400.0
 10
537.0
 20
-400.0
 10
536.75
 20
-400.0
 10
536.5
 20
-400.0
 10
536.25
 20
-400.0
 10
536.0
 20
-400.0
 10
535.75
 20
-400.0
 10
535.5
 20
-400.0
 10
535.25
 20
-400.0
 10
535.0
 20
-400.0
 10
534.75
 20
-400.0
 10
534.5
 20
-400.0
 10
534.25
 20
-400.0
 10
534.0
 20
-400.0
 10
533.75
 20
-400.0
 10
533.5
 20
-400.0
 10
533.25
 20
-400.0
 10
533.0
 20
-400.0
 10
532.75
 20
-400.0
 10
532.5
 20
-400.0
 10
532.25
 20
-400.0
 10
532.0
 20
-400.0
 10
531.75
 20
-400.0
 10
531.5
 20
-400.0
 10
531.25
 20
-400.0
 10
531.0
 20
-400.0
 10
530.75
 20
-400.0
 10
530.5
 20
-400.0
 10
530.25
 20
-400.0
 10
530.0
 20
-400.0
 10
529.75
 20
-400.0
 10
529.5
 20
-400.0
 10
529.25
 20
-400.0
 10
529.0
 20
-400.0
 10
528.75
 20
-400.0
 10
528.5
 20
-400.0
 10
528.25
 20
-400.0
 10
528.0
 20
-400.0
 10
527.75
 20
-400.0
 10
527.5
 20
-400.0
 10
527.25
 20
-400.0
 10
527.0
 20
-400.0
 10
526.75
 20
-400.0
 10
526.5
 20
-400.0
 10
526.25
 20
-400.0
 10
526.0
 20
-400.0
 10
525.75
 20
-400.0
 10
525.5
 20
-400.0
 10
525.25
 20
-400.0
 10
525.0
 20
-400.0
 10
524.75
 20
-400.0
 10
524.5
 20
-400.0
 10
524.25
 20
-400.0
 10
524.0
 20
-400.0
 10
523.75
 20
-400.0
 10
523.5
 20
-400.0
 10
523.25
 20
-400.0
 10
523.0
 20
-400.0
 10
522.75
 20
-400.0
 10
522.5
 20
-400.0
 10
522.25
 20
-400.0
 10
522.0
 20
-400.0
 10
521.75
 20
-400.0
 10
521.5
 20
-400.0
 10
521.25
 20
-400.0
 10
521.0
 20
-400.0
 10
520.75
 20
-400.0
 10
520.5
 20
-400.0
 10
520.25
 20
-400.0
 10
520.0
 20
-400.0
 10
519.75
 20
-400.0
 10
519.5
 20
-400.0
 10
519.25
 20
-400.0
 10
519.0
 20
-400.0
 10
518.75
 20
-400.0
 10
518.5
 20
-400.0
 10
518.25
 20
-400.0
 10
518.0
 20
-400.0
 10
517.75
 20
-400.0
 10
517.5
 20
-400.0
 10
517.25
 20
-400.0
 10
517.0
 20
-400.0
 10
516.75
 20
-400.0
 10
516.5
 20
-400.0
 10
516.25
 20
-400.0
 10
516.0
 20
-400.0
 10
515.75
 20
-400.0
 10
515.5
 20
-400.0
 10
515.25
 20
-400.0
 10
515.0
 20
-400.0
 10
514.75
 20
-400.0
 10
514.5
 20
-400.0
 10
514.25
 20
-400.0
 10
514.0
 20
-400.0
 10
513.75
 20
-400.0
 10
513.5
 20
-400.0
 10
513.25
 20
-400.0
 10
513.0
 20
-400.0
 10
512.75
 20
-400.0
 10
512.5
 20
-400.0
 10
512.25
 20
-400.0
 10
512.0
 20
-400.0
 10
511.75
 20
-400.0
 10
511.5
 20
-400.0
 10
511.25
 20
-400.0
 10
511.0
 20
-400.0
 10
510.75
 20
-400.0
 10
510.5
 20
-400.0
 10
510.25
 20
-400.0
 10
510.0
 20
-400.0
 10
509.75
 20
-400.0
 10
509.5
 20
-400.0
 10
509.25
 20
-400.0
 10
509.0
 20
-400.0
 10
508.75
 20
-400.0
 10
508.5
 20
-400.0
 10
508.25
 20
-400.0
 10
508.0
 20
-400.0
 10
507.75
 20
-400.0
 10
507.5
 20
-400.0
 10
507.25
 20
-400.0
 10
507.0
 20
-400.0
 10
506.75
 20
-400.0
 10
506.5
 20
-400.0
 10
506.25
 20
-400.0
 10
506.0
 20
-400.0
 10
505.75
 20
-400.0
 10
505.5
 20
-400.0
 10
505.25
 20
-400.0
 10
505.0
 20
-400.0
 10
504.75
 20
-400.0
 10
504.5
 20
-400.0
 10
504.25
 20
-400.0
 10
504.0
 20
-400.0
 10
503.75
 20
-400.0
 10
503.5
 20
-400.0
 10
503.25
 20
-400.0
 10
503.0
 20
-400.0
 10
502.75
 20
-400.0
 10
502.5
 20
-400.0
 10
502.25
 20
-400.0
 10
502.0
 20
-400.0
 10
501.75
 20
-400.0
 10
501.5
 20
-400.0
 10
501.25
 20
-400.0
 10
501.0
 20
-400.0
 10
500.75
 20
-400.0
 10
500.5
 20
-400.0
 10
500.25
 20
-400.0
 10
500.0
 20
-400.0
 10
499.75
 20
-400.0
 10
499.5
 20
-400.0
 10
499.25
 20
-400.0
 10
499.0
 20
-400.0
 10
498.75
 20
-400.0
 10
498.5
 20
-400.0
 10
498.25
 20
-400.0
 10
498.0
 20
-400.0
 10
497.75
 20
-400.0
 10
497.5
 20
-400.0
 10
497.25
 20
-400.0
 10
497.0
 20
-400.0
 10
496.75
 20
-400.0
 10
496.5
 20
-400.0
 10
496.25
 20
-400.0
 10
496.0
 20
-400.0
 10
495.75
 20
-400.0
 10
495.5
 20
-400.0
 10
495.25
 20
-400.0
 10
495.0
 20
-400.0
 10
494.75
 20
-400.0
 10
494.5
 20
-400.0
 10
494.25
 20
-400.0
 10
494.0
 20
-400.0
 10
493.75
 20
-400.0
 10
493.5
 20
-400.0
 10
493.25
 20
-400.0
 10
493.0
 20
-400.0
 10
492.75
 20
-400.0
 10
492.5
 20
-400.0
 10
492.25
 20
-400.0
 10
492.0
 20
-400.0
 10
491.75
 20
-400.0
 10
491.5
 20
-400.0
 10
491.25
 20
-400.0
 10
491.0
 20
-400.0
 10
490.75
 20
-400.0
 10
490.5
 20
-400.0
 10
490.25
 20
-400.0
 10
490.0
 20
-400.0
 10
489.75
 20
-400.0
 10
489.5
 20
-400.0
 10
489.25
 20
-400.0
 10
489.0
 20
-400.0
 10
488.75
 20
-400.0
 10
488.5
 20
-400.0
 10
488.25
 20
-400.0
 10
488.0
 20
-400.0
 10
487.75
 20
-400.0
 10
487.5
 20
-400.0
 10
487.25
 20
-400.0
 10
487.0
 20
-400.0
 10
486.75
 20
-400.0
 10
486.5
 20
-400.0
 10
486.25
 20
-400.0
 10
486.0
 20
-400.0
 10
485.75
 20
-400.0
 10
485.5
 20
-400.0
 10
485.25
 20
-400.0
 10
485.0
 20
-400.0
 10
484.75
 20
-400.0
 10
484.5
 20
-400.0
 10
484.25
 20
-400.0
 10
484.0
 20
-400.0
 10
483.75
 20
-400.0
 10
483.5
 20
-400.0
 10
483.25
 20
-400.0
 10
483.0
 20
-400.0
 10
482.75
 20
-400.0
 10
482.5
 20
-400.0
 10
482.25
 20
-400.0
 10
482.0
 20
-400.0
 10
481.75
 20
-400.0
 10
481.5
 20
-400.0
 10
481.25
 20
-400.0
 10
481.0
 20
-400.0
 10
480.75
 20
-400.0
 10
480.5
 20
-400.0
 10
480.25
 20
-400.0
 10
480.0
 20
-400.0
 10
480.0
 20
-399.75
 10
480.0
 20
-399.5
 10
480.0
 20
-399.25
 10
480.0
 20
-399.0
 10
480.0
 20
-398.75
 10
480.0
 20
-398.50000000000006
 10
480.0
 20
-398.25
 10
480.0
 20
-398.0
 10
480.0
 20
-397.75
 10
480.0
 20
-397.5
 10
480.0
 20
-397.25
 10
480.0
 20
-397.0
 10
480.0
 20
-396.75
 10
480.0
 20
-396.5
 10
480.0
 20
-396.25
 10
480.0
 20
-396.0
 10
480.0
 20
-395.75
 10
480.0
 20
-395.5
 10
480.0
 20
-395.25
 10
480.0
 20
-395.0
 10
480.0
 20
-394.75
 10
480.0
 20
-394.5
 10
480.0
 20
-394.25
 10
480.0
 20
-394.0
 10
480.0
 20
-393.75
 10
480.0
 20
-393.5
 10
480.0
 20
-393.25
 10
480.0
 20
-393.0
 10
480.0
 20
-392.75
 10
480.0
 20
-392.5
 10
480.0
 20
-392.25
 10
480.0
 20
-392.0
 10
480.0
 20
-391.75
 10
480.0
 20
-391.5
 10
480.0
 20
-391.25
 10
480.0
 20
-391.0
 10
480.0
 20
-390.75
 10
480.0
 20
-390.5
 10
480.0
 20
-390.25
 10
480.0
 20
-390.0
 10
480.0
 20
-389.75
 10
480.0
 20
-389.5
 10
480.0
 20
-389.25
 10
480.0
 20
-389.0
 10
480.0
 20
-388.75
 10
480.0
 20
-388.5
 10
480.0
 20
-388.25
 10
480.0
 20
-388.0
 10
480.0
 20
-387.75
 10
480.0
 20
-387.5
 10
480.0
 20
-387.25
 10
480.0
 20
-387.0
 10
480.0
 20
-386.75
 10
480.0
 20
-386.5
 10
480.0
 20
-386.25
 10
480.0
 20
-386.0
 10
480.25
 20
-386.0
 10
480.5
 20
-386.0
 10
480.75
 20
-386.0
 10
481.0
 20
-386.0
 10
481.25
 20
-386.0
 10
481.5
 20
-386.0
 10
481.75
 20
-386.0
 10
482.0
 20
-386.0
 10
482.25
 20
-386.0
 10
482.5
 20
-386.0
 10
482.75
 20
-386.0
 10
483.0
 20
-386.0
 10
483.25
 20
-386.0
 10
483.5
 20
-386.0
 10
483.75
 20
-386.0
 10
484.0
 20
-386.0
 10
484.25
 20
-386.0
 10
484.5
 20
-386.0
 10
484.75
 20
-386.0
 10
485.0
 20
-386.0
 10
485.25
 20
-386.0
 10
485.5
 20
-386.0
 10
485.75
 20
-386.0
 10
486.0
 20
-386.0
 10
486.25
 20
-386.0
 10
486.5
 20
-386.0
 10
486.75
 20
-386.0
 10
487.0
 20
-386.0
 10
487.25
 20
-386.0
 10
487.5
 20
-386.0
 10
487.75
 20
-386.0
 10
488.0
 20
-386.0
 10
488.25
 20
-386.0
 10
488.5
 20
-386.0
 10
488.75
 20
-386.0
 10
489.0
 20
-386.0
 10
489.25
 20
-386.0
 10
489.5
 20
-386.0
 10
489.75
 20
-386.0
 10
490.0
 20
-386.0
 10
490.25
 20
-386.0
 10
490.5
 20
-386.0
 10
490.75
 20
-386.0
 10
491.0
 20
-386.0
 10
491.25
 20
-386.0
 10
491.5
 20
-386.0
 10
491.75
 20
-386.0
 10
492.0
 20
-386.0
 10
492.25
 20
-386.0
 10
492.5
 20
-386.0
 10
492.75
 20
-386.0
 10
493.0
 20
-386.0
 10
493.25
 20
-386.0
 10
493.5
 20
-386.0
 10
493.75
 20
-386.0
 10
494.0
 20
-386.0
 10
494.25
 20
-386.0
 10
494.5
 20
-386.0
 10
494.75
 20
-386.0
 10
495.0
 20
-386.0
 10
495.25
 20
-386.0
 10
495.5
 20
-386.0
 10
495.75
 20
-386.0
 10
496.0
 20
-386.0
 10
496.25
 20
-386.0
 10
496.5
 20
-386.0
 10
496.75
 20
-386.0
 10
497.0
 20
-386.0
 10
497.25
 20
-386.0
 10
497.5
 20
-386.0
 10
497.75
 20
-386.0
 10
498.0
 20
-386.0
 10
498.25
 20
-386.0
 10
498.5
 20
-386.0
 10
498.75
 20
-386.0
 10
499.0
 20
-386.0
 10
499.25
 20
-386.0
 10
499.5
 20
-386.0
 10
499.75
 20
-386.0
 10
500.0
 20
-386.0
 10
500.25
 20
-386.0
 10
500.5
 20
-386.0
 10
500.75
 20
-386.0
 10
501.0
 20
-386.0
 10
501.25
 20
-386.0
 10
501.5
 20
-386.0
 10
501.75
 20
-386.0
 10
502.0
 20
-386.0
 10
502.25
 20
-386.0
 10
502.5
 20
-386.0
 10
502.75
 20
-386.0
 10
503.0
 20
-386.0
 10
503.25
 20
-386.0
 10
503.5
 20
-386.0
 10
503.75
 20
-386.0
 10
504.0
 20
-386.0
 10
504.25
 20
-386.0
 10
504.5
 20
-386.0
 10
504.75
 20
-386.0
 10
505.0
 20
-386.0
 10
505.25
 20
-386.0
 10
505.5
 20
-386.0
 10
505.75
 20
-386.0
 10
506.0
 20
-386.0
 10
506.25
 20
-386.0
 10
506.5
 20
-386.0
 10
506.75
 20
-386.0
 10
507.0
 20
-386.0
 10
507.25
 20
-386.0
 10
507.5
 20
-386.0
 10
507.75
 20
-386.0
 10
508.0
 20
-386.0
 10
508.25
 20
-386.0
 10
508.5
 20
-386.0
 10
508.75
 20
-386.0
 10
509.0
 20
-386.0
 10
509.25
 20
-386.0
 10
509.5
 20
-386.0
 10
509.75
 20
-386.0
 10
510.0
 20
-386.0
 10
510.25
 20
-386.0
 10
510.5
 20
-386.0
 10
510.75
 20
-386.0
 10
511.0
 20
-386.0
 10
511.25
 20
-386.0
 10
511.5
 20
-386.0
 10
511.75
 20
-386.0
 10
512.0
 20
-386.0
 10
512.25
 20
-386.0
 10
512.5
 20
-386.0
 10
512.75
 20
-386.0
 10
513.0
 20
-386.0
 10
513.25
 20
-386.0
 10
513.5
 20
-386.0
 10
513.75
 20
-386.0
 10
514.0
 20
-386.0
 10
514.25
 20
-386.0
 10
514.5
 20
-386.0
 10
514.75
 20
-386.0
 10
515.0
 20
-386.0
 10
515.25
 20
-386.0
 10
515.5
 20
-386.0
 10
515.75
 20
-386.0
 10
516.0
 20
-386.0
 10
516.25
 20
-386.0
 10
516.5
 20
-386.0
 10
516.75
 20
-386.0
 10
517.0
 20
-386.0
 10
517.25
 20
-386.0
 10
517.5
 20
-386.0
 10
517.75
 20
-386.0
 10
518.0
 20
-386.0
 10
518.25
 20
-386.0
 10
518.5
 20
-386.0
 10
518.75
 20
-386.0
 10
519.0
 20
-386.0
 10
519.25
 20
-386.0
 10
519.5
 20
-386.0
 10
519.75
 20
-386.0
 10
520.0
 20
-386.0
 10
520.25
 20
-386.0
 10
520.5
 20
-386.0
 10
520.75
 20
-386.0
 10
521.0
 20
-386.0
 10
521.25
 20
-386.0
 10
521.5
 20
-386.0
 10
521.75
 20
-386.0
 10
522.0
 20
-386.0
 10
522.25
 20
-386.0
 10
522.5
 20
-386.0
 10
522.75
 20
-386.0
 10
523.0
 20
-386.0
 10
523.25
 20
-386.0
 10
523.5
 20
-386.0
 10
523.75
 20
-386.0
 10
524.0
 20
-386.0
 10
524.25
 20
-386.0
 10
524.5
 20
-386.0
 10
524.75
 20
-386.0
 10
525.0
 20
-386.0
 10
525.25
 20
-386.0
 10
525.5
 20
-386.0
 10
525.75
 20
-386.0
 10
526.0
 20
-386.0
 10
526.25
 20
-386.0
 10
526.5
 20
-386.0
 10
526.75
 20
-386.0
 10
527.0
 20
-386.0
 10
527.25
 20
-386.0
 10
527.5
 20
-386.0
 10
527.75
 20
-386.0
 10
528.0
 20
-386.0
 10
528.25
 20
-386.0
 10
528.5
 20
-386.0
 10
528.75
 20
-386.0
 10
529.0
 20
-386.0
 10
529.25
 20
-386.0
 10
529.5
 20
-386.0
 10
529.75
 20
-386.0
 10
530.0
 20
-386.0
 10
530.25
 20
-386.0
 10
530.5
 20
-386.0
 10
530.75
 20
-386.0
 10
531.0
 20
-386.0
 10
531.25
 20
-386.0
 10
531.5
 20
-386.0
 10
531.75
 20
-386.0
 10
532.0
 20
-386.0
 10
532.25
 20
-386.0
 10
532.5
 20
-386.0
 10
532.75
 20
-386.0
 10
533.0
 20
-386.0
 10
533.25
 20
-386.0
 10
533.5
 20
-386.0
 10
533.75
 20
-386.0
 10
534.0
 20
-386.0
 10
534.25
 20
-386.0
 10
534.5
 20
-386.0
 10
534.75
 20
-386.0
 10
535.0
 20
-386.0
 10
535.25
 20
-386.0
 10
535.5
 20
-386.0
 10
535.75
 20
-386.0
 10
536.0
 20
-386.0
 10
536.25
 20
-386.0
 10
536.5
 20
-386.0
 10
536.75
 20
-386.0
 10
537.0
 20
-386.0
 10
537.25
 20
-386.0
 10
537.5
 20
-386.0
 10
537.75
 20
-386.0
 10
538.0
 20
-386.0
 10
538.25
 20
-386.0
 10
538.5
 20
-386.0
 10
538.75
 20
-386.0
 10
539.0
 20
-386.0
 10
539.25
 20
-386.0
 10
539.5
 20
-386.0
 10
539.75
 20
-386.0
 10
540.0
 20
-386.0
 10
540.25
 20
-386.0
 10
540.5
 20
-386.0
 10
540.75
 20
-386.0
 10
541.0
 20
-386.0
 10
541.25
 20
-386.0
 10
541.5
 20
-386.0
 10
541.75
 20
-386.0
 10
542.0
 20
-386.0
 10
542.25
 20
-386.0
 10
542.5
 20
-386.0
 10
542.75
 20
-386.0
 10
543.0
 20
-386.0
 10
543.25
 20
-386.0
 10
543.5
 20
-386.0
 10
543.75
 20
-386.0
 10
544.0
 20
-386.0
 10
544.25
 20
-386.0
 10
544.5
 20
-386.0
 10
544.75
 20
-386.0
 10
545.0
 20
-386.0
 10
545.25
 20
-386.0
 10
545.5
 20
-386.0
 10
545.75
 20
-386.0
 10
546.0
 20
-386.0
 10
546.25
 20
-386.0
 10
546.5
 20
-386.0
 10
546.75
 20
-386.0
 10
547.0
 20
-386.0
 10
547.25
 20
-386.0
 10
547.5
 20
-386.0
 10
547.75
 20
-386.0
 10
548.0
 20
-386.0
 10
548.25
 20
-386.0
 10
548.5
 20
-386.0
 10
548.75
 20
-386.0
 10
549.0
 20
-386.0
 10
549.25
 20
-386.0
 10
549.5
 20
-386.0
 10
549.75
 20
-386.0
 10
550.0
 20
-386.0
 10
550.25
 20
-386.0
 10
550.5
 20
-386.0
 10
550.75
 20
-386.0
 10
551.0
 20
-386.0
 10
551.25
 20
-386.0
 10
551.5
 20
-386.0
 10
551.75
 20
-386.0
 10
552.0
 20
-386.0
 10
552.25
 20
-386.0
 10
552.5
 20
-386.0
 10
552.75
 20
-386.0
 10
553.0
 20
-386.0
 10
553.25
 20
-386.0
 10
553.5
 20
-386.0
 10
553.75
 20
-386.0
 10
554.0
 20
-386.0
 10
554.25
 20
-386.0
 10
554.5
 20
-386.0
 10
554.75
 20
-386.0
 10
555.0
 20
-386.0
 10
555.25
 20
-386.0
 10
555.5
 20
-386.0
 10
555.75
 20
-386.0
 10
556.0
 20
-386.0
 10
556.25
 20
-386.0
 10
556.5
 20
-386.0
 10
556.75
 20
-386.0
 10
557.0
 20
-386.0
 10
557.25
 20
-386.0
 10
557.5
 20
-386.0
 10
557.75
 20
-386.0
 10
558.0
 20
-386.0
 10
558.25
 20
-386.0
 10
558.5
 20
-386.0
 10
558.75
 20
-386.0
 10
559.0
 20
-386.0
 10
559.25
 20
-386.0
 10
559.5
 20
-386.0
 10
559.75
 20
-386.0
 10
560.0
 20
-386.0
 10
560.25
 20
-386.0
 10
560.5
 20
-386.0
 10
560.75
 20
-386.0
 10
561.0
 20
-386.0
 10
561.25
 20
-386.0
 10
561.5
 20
-386.0
 10
561.75
 20
-386.0
 10
562.0
 20
-386.0
 10
562.25
 20
-386.0
 10
562.5
 20
-386.0
 10
562.75
 20
-386.0
 10
563.0
 20
-386.0
 10
563.25
 20
-386.0
 10
563.5
 20
-386.0
 10
563.75
 20
-386.0
 10
564.0
 20
-386.0
 10
564.25
 20
-386.0
 10
564.5
 20
-386.0
 10
564.75
 20
-386.0
 10
565.0
 20
-386.0
 10
565.25
 20
-386.0
 10
565.5
 20
-386.0
 10
565.75
 20
-386.0
 10
566.0
 20
-386.0
 10
566.25
 20
-386.0
 10
566.5
 20
-386.0
 10
566.75
 20
-386.0
 10
567.0
 20
-386.0
 10
567.25
 20
-386.0
 10
567.5
 20
-386.0
 10
567.75
 20
-386.0
 10
568.0
 20
-386.0
 10
568.25
 20
-386.0
 10
568.5
 20
-386.0
 10
568.75
 20
-386.0
 10
569.0
 20
-386.0
 10
569.25
 20
-386.0
 10
569.5
 20
-386.0
 10
569.75
 20
-386.0
 10
570.0
 20
-386.0
 10
570.25
 20
-386.0
 10
570.5
 20
-386.0
 10
570.75
 20
-386.0
 10
571.0
 20
-386.0
 10
571.25
 20
-386.0
 10
571.5
 20
-386.0
 10
571.75
 20
-386.0
 10
572.0
 20
-386.0
 10
572.25
 20
-386.0
 10
572.5
 20
-386.0
 10
572.75
 20
-386.0
 10
573.0
 20
-386.0
 10
573.25
 20
-386.0
 10
573.5
 20
-386.0
 10
573.75
 20
-386.0
 10
574.0
 20
-386.0
 10
574.25
 20
-386.0
 10
574.5
 20
-386.0
 10
574.75
 20
-386.0
 10
575.0
 20
-386.0
 10
575.25
 20
-386.0
 10
575.5
 20
-386.0
 10
575.75
 20
-386.0
 10
576.0
 20
-386.0
 10
576.25
 20
-386.0
 10
576.5
 20
-386.0
 10
576.75
 20
-386.0
 10
577.0
 20
-386.0
 10
577.25
 20
-386.0
 10
577.5
 20
-386.0
 10
577.75
 20
-386.0
 10
578.0
 20
-386.0
 10
578.25
 20
-386.0
 10
578.5
 20
-386.0
 10
578.75
 20
-386.0
 10
579.0
 20
-386.0
 10
579.25
 20
-386.0
 10
579.5
 20
-386.0
 10
579.75
 20
-386.0
 10
580.0
 20
-386.0
 10
580.25
 20
-386.0
 10
580.5
 20
-386.0
 10
580.75
 20
-386.0
 10
581.0
 20
-386.0
 10
581.25
 20
-386.0
 10
581.5
 20
-386.0
 10
581.75
 20
-386.0
 10
582.0
 20
-386.0
 10
582.25
 20
-386.0
 10
582.5
 20
-386.0
 10
582.75
 20
-386.0
 10
583.0
 20
-386.0
 10
583.25
 20
-386.0
 10
583.5
 20
-386.0
 10
583.75
 20
-386.0
 10
584.0
 20
-386.0
 10
584.25
 20
-386.0
 10
584.5
 20
-386.0
 10
584.75
 20
-386.0
 10
585.0
 20
-386.0
 10
585.25
 20
-386.0
 10
585.5
 20
-386.0
 10
585.75
 20
-386.0
 10
586.0
 20
-386.0
 10
586.25
 20
-386.0
 10
586.5
 20
-386.0
 10
586.75
 20
-386.0
 10
587.0
 20
-386.0
 10
587.25
 20
-386.0
 10
587.5
 20
-386.0
 10
587.75
 20
-386.0
 10
588.0
 20
-386.0
 10
588.25
 20
-386.0
 10
588.5
 20
-386.0
 10
588.75
 20
-386.0
 10
589.0
 20
-386.0
 10
589.25
 20
-386.0
 10
589.5
 20
-386.0
 10
589.75
 20
-386.0
 10
590.0
 20
-386.0
 10
590.25
 20
-386.0
 10
590.5
 20
-386.0
 10
590.75
 20
-386.0
 10
591.0
 20
-386.0
 10
591.25
 20
-386.0
 10
591.5
 20
-386.0
 10
591.75
 20
-386.0
 10
592.0
 20
-386.0
 10
592.25
 20
-386.0
 10
592.5
 20
-386.0
 10
592.75
 20
-386.0
 10
593.0
 20
-386.0
 10
593.25
 20
-386.0
 10
593.5
 20
-386.0
 10
593.75
 20
-386.0
 10
594.0
 20
-386.0
 10
594.25
 20
-386.0
 10
594.5
 20
-386.0
 10
594.75
 20
-386.0
 10
595.0
 20
-386.0
 10
595.25
 20
-386.0
 10
595.5
 20
-386.0
 10
595.75
 20
-386.0
 10
596.0
 20
-386.0
 10
596.25
 20
-386.0
 10
596.5
 20
-386.0
 10
596.75
 20
-386.0
 10
597.0
 20
-386.0
 10
597.25
 20
-386.0
 10
597.5
 20
-386.0
 10
597.75
 20
-386.0
 10
598.0
 20
-386.0
 10
598.25
 20
-386.0
 10
598.5
 20
-386.0
 10
598.75
 20
-386.0
 10
599.0
 20
-386.0
 10
599.25
 20
-386.0
 10
599.5
 20
-386.0
 10
599.75
 20
-386.0
 10
600.0
 20
-386.0
 10
600.25
 20
-386.0
 10
600.5
 20
-386.0
 10
600.75
 20
-386.0
 10
601.0
 20
-386.0
 10
601.25
 20
-386.0
 10
601.5
 20
-386.0
 10
601.75
 20
-386.0
 10
602.0
 20
-386.0
 10
602.25
 20
-386.0
 10
602.5
 20
-386.0
 10
602.75
 20
-386.0
 10
603.0
 20
-386.0
 10
603.0
 20
-386.25
 10
603.0
 20
-386.5
 10
603.0
 20
-386.75
 10
603.0
 20
-387.0
 10
603.0
 20
-387.25
 10
603.0
 20
-387.5
 10
603.0
 20
-387.75
 10
603.0
 20
-388.0
 10
603.0
 20
-388.25
 10
603.0
 20
-388.5
 10
603.0
 20
-388.75
 10
603.0
 20
-389.0
 10
603.0
 20
-389.25
 10
603.0
 20
-389.5
 10
603.0
 20
-389.75
 10
603.0
 20
-390.0
 10
603.0
 20
-390.25
 10
603.0
 20
-390.5
 10
603.0
 20
-390.75
 10
603.0
 20
-391.0
 10
603.0
 20
-391.25
 10
603.0
 20
-391.5
 10
603.0
 20
-391.75
 10
603.0
 20
-392.0
 10
603.0
 20
-392.25
 10
603.0
 20
-392.5
 10
603.0
 20
-392.75
 10
603.0
 20
-393.0
 10
603.0
 20
-393.25
 10
603.0
 20
-393.5
 10
603.0
 20
-393.75
 10
603.0
 20
-394.0
 10
603.0
 20
-394.25
 10
603.0
 20
-394.5
 10
603.0
 20
-394.75
 10
603.0
 20
-395.0
 10
603.0
 20
-395.25
 10
603.0
 20
-395.5
 10
603.0
 20
-395.75
 10
603.0
 20
-396.0
 10
603.0
 20
-396.25
 10
603.0
 20
-396.5
 10
603.0
 20
-396.75
 10
603.0
 20
-397.0
 10
603.0
 20
-397.25
 10
603.0
 20
-397.5
 10
603.0
 20
-397.75
 10
603.0
 20
-398.0
 10
603.0
 20
-398.25
 10
603.0
 20
-398.5
 10
603.0
 20
-398.75
 10
603.0
 20
-399.0
 10
603.0
 20
-399.25
 10
603.0
 20
-399.5
 10
603.0
 20
-399.75
  0
LWPOLYLINE
  5
E9
330
17
100
AcDbEntity
  8
REFERENCE_GEOMETRY
100
AcDbPolyline
 90
72
 70
1
 10
583.1999999843439
 20
-389.99999997383253
 10
583.1935309710999
 20
-389.85183521116267
 10
583.1741731644648
 20
-389.704798071801
 10
583.1420738890357
 20
-389.5600075971616
 10
583.0974774396807
 20
-389.41856573018333
 10
583.0407232223074
 20
-389.28154892887886
 10
582.9722431707792
 20
-389.14999997383904
 10
582.8925584596376
 20
-389.0249200320432
 10
582.8022755376492
 20
-388.90726103737376
 10
582.7020815123649
 20
-388.7979184458246
 10
582.5927389208157
 20
-388.6977244205402
 10
582.4750799261462
 20
-388.6074414985519
 10
582.3499999843505
 20
-388.5277567874102
 10
582.2184510293106
 20
-388.45927673588204
 10
582.0814342280061
 20
-388.4025225185087
 10
581.9399923610279
 20
-388.3579260691537
 10
581.7952018863884
 20
-388.3258267937246
 10
581.6481647470268
 20
-388.30646898708954
 10
581.4999999843569
 20
-388.29999997384556
 10
581.351835221687
 20
-388.30646898708954
 10
581.2047980823254
 20
-388.3258267937246
 10
581.060007607686
 20
-388.3579260691537
 10
580.9185657407078
 20
-388.4025225185087
 10
580.7815489394033
 20
-388.45927673588204
 10
580.6499999843634
 20
-388.5277567874102
 10
580.5249200425676
 20
-388.6074414985519
 10
580.4072610478981
 20
-388.6977244205402
 10
580.297918456349
 20
-388.7979184458246
 10
580.1977244310647
 20
-388.90726103737376
 10
580.1074415090762
 20
-389.0249200320432
 10
580.0277567979347
 20
-389.14999997383904
 10
579.9592767464064
 20
-389.28154892887886
 10
579.9025225290331
 20
-389.41856573018333
 10
579.8579260796781
 20
-389.5600075971616
 10
579.825826804249
 20
-389.704798071801
 10
579.8064689976139
 20
-389.85183521116267
 10
579.79999998437
 20
-389.99999997383253
 10
579.8064689976139
 20
-390.1481647365024
 10
579.825826804249
 20
-390.29520187586405
 10
579.8579260796781
 20
-390.4399923505035
 10
579.9025225290331
 20
-390.5814342174817
 10
579.9592767464064
 20
-390.7184510187862
 10
580.0277567979347
 20
-390.849999973826
 10
580.1074415090762
 20
-390.97507991562185
 10
580.1977244310647
 20
-391.0927389102913
 10
580.297918456349
 20
-391.20208150184044
 10
580.4072610478981
 20
-391.30227552712483
 10
580.5249200425676
 20
-391.39255844911315
 10
580.6499999843634
 20
-391.47224316025483
 10
580.7815489394033
 20
-391.540723211783
 10
580.9185657407078
 20
-391.59747742915636
 10
581.060007607686
 20
-391.6420738785114
 10
581.2047980823254
 20
-391.67417315394044
 10
581.351835221687
 20
-391.6935309605755
 10
581.4999999843569
 20
-391.6999999738195
 10
581.6481647470268
 20
-391.6935309605755
 10
581.7952018863884
 20
-391.67417315394044
 10
581.9399923610279
 20
-391.6420738785114
 10
582.0814342280061
 20
-391.59747742915636
 10
582.2184510293106
 20
-391.540723211783
 10
582.3499999843505
 20
-391.47224316025483
 10
582.4750799261462
 20
-391.39255844911315
 10
582.5927389208157
 20
-391.30227552712483
 10
582.7020815123649
 20
-391.20208150184044
 10
582.8022755376492
 20
-391.0927389102913
 10
582.8925584596376
 20
-390.97507991562185
 10
582.9722431707792
 20
-390.849999973826
 10
583.0407232223074
 20
-390.7184510187862
 10
583.0974774396807
 20
-390.5814342174817
 10
583.1420738890357
 20
-390.4399923505035
 10
583.1741731644648
 20
-390.29520187586405
 10
583.1935309710999
 20
-390.1481647365024
  0
LWPOLYLINE
  5
EA
330
17
100
AcDbEntity
  8
REFERENCE_GEOMETRY
100
AcDbPolyline
 90
72
 70
1
 10
547.1999999955452
 20
-389.85000002054005
 10
547.1935309823011
 20
-389.7018352578672
 10
547.1741731756657
 20
-389.55479811850256
 10
547.1420739002359
 20
-389.4100076438603
 10
547.09747745088
 20
-389.26856577687914
 10
547.0407232335056
 20
-389.1315489755719
 10
546.972243181976
 20
-389.00000002052946
 10
546.8925584708327
 20
-388.8749200787311
 10
546.8022755488425
 20
-388.7572610840593
 10
546.7020815235562
 20
-388.6479184925079
 10
546.5927389320047
 20
-388.54772446722154
 10
546.475079937333
 20
-388.45744154523135
 10
546.3499999955346
 20
-388.37775683408813
 10
546.2184510404921
 20
-388.3092767825585
 10
546.0814342391849
 20
-388.25252256518405
 10
545.9399923722038
 20
-388.2079261158281
 10
545.7952018975615
 20
-388.1758268403984
 10
545.6481647581969
 20
-388.15646903376296
 10
545.499999995524
 20
-388.1500000205188
 10
545.3518352328512
 20
-388.15646903376296
 10
545.2047980934866
 20
-388.1758268403984
 10
545.0600076188442
 20
-388.2079261158281
 10
544.9185657518632
 20
-388.25252256518405
 10
544.7815489505559
 20
-388.3092767825585
 10
544.6499999955134
 20
-388.37775683408813
 10
544.524920053715
 20
-388.45744154523135
 10
544.4072610590433
 20
-388.54772446722154
 10
544.2979184674919
 20
-388.6479184925079
 10
544.1977244422055
 20
-388.7572610840593
 10
544.1074415202154
 20
-388.8749200787311
 10
544.0277568090721
 20
-389.00000002052946
 10
543.9592767575425
 20
-389.1315489755719
 10
543.9025225401681
 20
-389.26856577687914
 10
543.8579260908122
 20
-389.4100076438603
 10
543.8258268153824
 20
-389.55479811850256
 10
543.806469008747
 20
-389.7018352578672
 10
543.7999999955028
 20
-389.85000002054005
 10
543.806469008747
 20
-389.9981647832129
 10
543.8258268153824
 20
-390.14520192257754
 10
543.8579260908122
 20
-390.2899923972198
 10
543.9025225401681
 20
-390.43143426420096
 10
543.9592767575425
 20
-390.5684510655082
 10
544.0277568090721
 20
-390.70000002055065
 10
544.1074415202154
 20
-390.825079962349
 10
544.1977244422055
 20
-390.9427389570208
 10
544.2979184674919
 20
-391.0520815485722
 10
544.4072610590433
 20
-391.15227557385856
 10
544.524920053715
 20
-391.24255849584875
 10
544.6499999955134
 20
-391.32224320699197
 10
544.7815489505559
 20
-391.3907232585216
 10
544.9185657518632
 20
-391.44747747589605
 10
545.0600076188442
 20
-391.492073925252
 10
545.2047980934866
 20
-391.52417320068173
 10
545.3518352328512
 20
-391.54353100731714
 10
545.499999995524
 20
-391.5500000205613
 10
545.6481647581969
 20
-391.54353100731714
 10
545.7952018975615
 20
-391.52417320068173
 10
545.9399923722038
 20
-391.492073925252
 10
546.0814342391849
 20
-391.44747747589605
 10
546.2184510404921
 20
-391.3907232585216
 10
546.3499999955346
 20
-391.32224320699197
 10
546.475079937333
 20
-391.24255849584875
 10
546.5927389320047
 20
-391.15227557385856
 10
546.7020815235562
 20
-391.0520815485722
 10
546.8022755488425
 20
-390.9427389570208
 10
546.8925584708327
 20
-390.825079962349
 10
546.972243181976
 20
-390.70000002055065
 10
547.0407232335056
 20
-390.5684510655082
 10
547.09747745088
 20
-390.43143426420096
 10
547.1420739002359
 20
-390.2899923972198
 10
547.1741731756657
 20
-390.14520192257754
 10
547.1935309823011
 20
-389.9981647832129
  0
LWPOLYLINE
  5
EB
330
17
100
AcDbEntity
  8
REFERENCE_GEOMETRY
100
AcDbPolyline
 90
72
 70
1
 10
513.1999999689816
 20
-389.999999973242
 10
513.1935309557375
 20
-389.8518352105691
 10
513.1741731491021
 20
-389.7047980712045
 10
513.1420738736723
 20
-389.56000759656223
 10
513.0974774243164
 20
-389.4185657295811
 10
513.040723206942
 20
-389.2815489282738
 10
512.9722431554123
 20
-389.1499999732314
 10
512.8925584442691
 20
-389.02492003143306
 10
512.8022755222789
 20
-388.9072610367612
 10
512.7020814969926
 20
-388.79791844520986
 10
512.5927389054411
 20
-388.6977244199235
 10
512.4750799107694
 20
-388.6074414979333
 10
512.349999968971
 20
-388.52775678679006
 10
512.2184510139285
 20
-388.45927673526046
 10
512.0814342126213
 20
-388.402522517886
 10
511.9399923456402
 20
-388.35792606853005
 10
511.7952018709979
 20
-388.3258267931003
 10
511.6481647316333
 20
-388.3064689864649
 10
511.4999999689604
 20
-388.29999997322074
 10
511.35183520628755
 20
-388.3064689864649
 10
511.20479806692293
 20
-388.3258267931003
 10
511.06000759228067
 20
-388.35792606853005
 10
510.9185657252995
 20
-388.402522517886
 10
510.78154892399226
 20
-388.45927673526046
 10
510.6499999689498
 20
-388.52775678679006
 10
510.5249200271515
 20
-388.6074414979333
 10
510.40726103247965
 20
-388.6977244199235
 10
510.2979184409283
 20
-388.79791844520986
 10
510.1977244156419
 20
-388.9072610367612
 10
510.1074414936517
 20
-389.02492003143306
 10
510.0277567825085
 20
-389.1499999732314
 10
509.9592767309789
 20
-389.2815489282738
 10
509.9025225136044
 20
-389.4185657295811
 10
509.8579260642485
 20
-389.56000759656223
 10
509.82582678881874
 20
-389.7047980712045
 10
509.80646898218333
 20
-389.8518352105691
 10
509.7999999689392
 20
-389.999999973242
 10
509.80646898218333
 20
-390.14816473591486
 10
509.82582678881874
 20
-390.2952018752795
 10
509.8579260642485
 20
-390.43999234992174
 10
509.9025225136044
 20
-390.5814342169029
 10
509.9592767309789
 20
-390.71845101821015
 10
510.0277567825085
 20
-390.8499999732526
 10
510.1074414936517
 20
-390.9750799150509
 10
510.1977244156419
 20
-391.09273890972275
 10
510.2979184409283
 20
-391.2020815012741
 10
510.40726103247965
 20
-391.3022755265605
 10
510.5249200271515
 20
-391.3925584485507
 10
510.6499999689498
 20
-391.4722431596939
 10
510.78154892399226
 20
-391.5407232112235
 10
510.9185657252995
 20
-391.597477428598
 10
511.06000759228067
 20
-391.6420738779539
 10
511.20479806692293
 20
-391.67417315338366
 10
511.35183520628755
 20
-391.6935309600191
 10
511.4999999689604
 20
-391.69999997326323
 10
511.6481647316333
 20
-391.6935309600191
 10
511.7952018709979
 20
-391.67417315338366
 10
511.9399923456402
 20
-391.6420738779539
 10
512.0814342126213
 20
-391.597477428598
 10
512.2184510139285
 20
-391.5407232112235
 10
512.349999968971
 20
-391.4722431596939
 10
512.4750799107694
 20
-391.3925584485507
 10
512.5927389054411
 20
-391.3022755265605
 10
512.7020814969926
 20
-391.2020815012741
 10
512.8022755222789
 20
-391.09273890972275
 10
512.8925584442691
 20
-390.9750799150509
 10
512.9722431554123
 20
-390.8499999732526
 10
513.040723206942
 20
-390.71845101821015
 10
513.0974774243164
 20
-390.5814342169029
 10
513.1420738736723
 20
-390.43999234992174
 10
513.1741731491021
 20
-390.2952018752795
 10
513.1935309557375
 20
-390.14816473591486
  0
LWPOLYLINE
  5
EC
330
17
100
AcDbEntity
  8
REFERENCE_GEOMETRY
100
AcDbPolyline
 90
72
 70
1
 10
487.19999998209124
 20
-389.84999999860895
 10
487.193530968847
 20
-389.7018352359346
 10
487.1741731622114
 20
-389.5547980965685
 10
487.14207388678136
 20
-389.41000762192476
 10
487.09747743742497
 20
-389.2685657549422
 10
487.0407232200499
 20
-389.13154895363357
 10
486.97224316851964
 20
-388.9999999985898
 10
486.89255845737557
 20
-388.8749200567902
 10
486.8022755353845
 20
-388.7572610621172
 10
486.7020815100971
 20
-388.6479184705647
 10
486.5927389185446
 20
-388.5477244452773
 10
486.47507992387165
 20
-388.45744152328626
 10
486.34999998207206
 20
-388.3777568121422
 10
486.21845102702827
 20
-388.3092767606119
 10
486.08143422571965
 20
-388.25252254323686
 10
485.9399923587371
 20
-388.2079260938805
 10
485.79520188409333
 20
-388.17582681845045
 10
485.64816474472724
 20
-388.1564690118148
 10
485.4999999820529
 20
-388.1499999985706
 10
485.35183521937853
 20
-388.1564690118148
 10
485.20479808001244
 20
-388.17582681845045
 10
485.0600076053687
 20
-388.2079260938805
 10
484.9185657383861
 20
-388.25252254323686
 10
484.7815489370775
 20
-388.3092767606119
 10
484.6499999820337
 20
-388.3777568121422
 10
484.5249200402341
 20
-388.45744152328626
 10
484.40726104556114
 20
-388.5477244452773
 10
484.29791845400865
 20
-388.6479184705647
 10
484.19772442872124
 20
-388.7572610621172
 10
484.1074415067302
 20
-388.8749200567902
 10
484.02775679558613
 20
-388.9999999985898
 10
483.95927674405584
 20
-389.13154895363357
 10
483.9025225266808
 20
-389.2685657549422
 10
483.8579260773244
 20
-389.41000762192476
 10
483.8258268018944
 20
-389.5547980965685
 10
483.80646899525874
 20
-389.7018352359346
 10
483.7999999820145
 20
-389.84999999860895
 10
483.80646899525874
 20
-389.9981647612833
 10
483.8258268018944
 20
-390.1452019006494
 10
483.8579260773244
 20
-390.28999237529314
 10
483.9025225266808
 20
-390.4314342422757
 10
483.95927674405584
 20
-390.56845104358433
 10
484.02775679558613
 20
-390.69999999862813
 10
484.1074415067302
 20
-390.8250799404277
 10
484.19772442872124
 20
-390.9427389351007
 10
484.29791845400865
 20
-391.0520815266532
 10
484.40726104556114
 20
-391.1522755519406
 10
484.5249200402341
 20
-391.24255847393164
 10
484.6499999820337
 20
-391.3222431850757
 10
484.7815489370775
 20
-391.390723236606
 10
484.9185657383861
 20
-391.44747745398104
 10
485.0600076053687
 20
-391.4920739033374
 10
485.20479808001244
 20
-391.52417317876746
 10
485.35183521937853
 20
-391.5435309854031
 10
485.4999999820529
 20
-391.5499999986473
 10
485.64816474472724
 20
-391.5435309854031
 10
485.79520188409333
 20
-391.52417317876746
 10
485.9399923587371
 20
-391.4920739033374
 10
486.08143422571965
 20
-391.44747745398104
 10
486.21845102702827
 20
-391.390723236606
 10
486.34999998207206
 20
-391.3222431850757
 10
486.47507992387165
 20
-391.24255847393164
 10
486.5927389185446
 20
-391.1522755519406
 10
486.7020815100971
 20
-391.0520815266532
 10
486.8022755353845
 20
-390.9427389351007
 10
486.89255845737557
 20
-390.8250799404277
 10
486.97224316851964
 20
-390.69999999862813
 10
487.0407232200499
 20
-390.56845104358433
 10
487.09747743742497
 20
-390.4314342422757
 10
487.14207388678136
 20
-390.28999237529314
 10
487.1741731622114
 20
-390.1452019006494
 10
487.193530968847
 20
-389.9981647612833
  0
DIMENSION
  5
ED
330
17
100
AcDbEntity
  8
REFERENCE_DIMENSIONS
100
AcDbDimension
280
0
  2
*D9
  3
Standard
 10
480.0
 20
-416.0
 30
0.0
 11
541.5
 21
-416.0
 31
0.0
 70
32
 71
5
  1
<>
100
AcDbAlignedDimension
 13
480.0
 23
-400.0
 33
0.0
 14
603.0
 24
-400.0
 34
0.0
 50
0.0
100
AcDbRotatedDimension
1001
ACAD
1000
DSTYLE
1002
{
1070
140
1040
3.0
1070
41
1040
2.0
1070
271
1070
3
1002
}
  0
DIMENSION
  5
FD
330
17
100
AcDbEntity
  8
REFERENCE_DIMENSIONS
100
AcDbDimension
280
0
  2
*D10
  3
Standard
 10
619.0
 20
-400.0
 30
0.0
 11
619.0
 21
-393.0
 31
0.0
 70
32
 71
5
  1
<>
100
AcDbAlignedDimension
 13
603.0
 23
-400.0
 33
0.0
 14
603.0
 24
-386.0
 34
0.0
 50
90.0
100
AcDbRotatedDimension
1001
ACAD
1000
DSTYLE
1002
{
1070
140
1040
3.0
1070
41
1040
2.0
1070
271
1070
3
1002
}
  0
TEXT
  5
10D
330
17
100
AcDbEntity
  8
REFERENCE_NOTES
100
AcDbText
 10
480.0
 20
-434.0
 30
0.0
 40
3.0
  1
lower_deck_angle_1_1_web
100
AcDbText
  0
TEXT
  5
10E
330
17
100
AcDbEntity
  8
REFERENCE_NOTES
100
AcDbText
 10
480.0
 20
-441.0
 30
0.0
 40
3.0
  1
R01 CANDIDATE | mm 1:1 | NOT FOR MANUFACTURE
100
AcDbText
  0
TEXT
  5
10F
330
17
100
AcDbEntity
  8
REFERENCE_NOTES
100
AcDbText
 10
480.0
 20
-448.0
 30
0.0
 40
3.0
  1
Web-facing holes D3.4
100
AcDbText
  0
TEXT
  5
110
330
17
100
AcDbEntity
  8
REFERENCE_NOTES
100
AcDbText
 10
480.0
 20
-455.0
 30
0.0
 40
3.0
  1
Source instance: lower_deck_angle_1_1
100
AcDbText
  0
TEXT
  5
111
330
17
100
AcDbEntity
  8
REFERENCE_NOTES
100
AcDbText
 10
480.0
 20
-462.0
 30
0.0
 40
3.0
  1
Extra D3.4 screw-tail relief at Z=-94
100
AcDbText
  0
TEXT
  5
112
330
17
100
AcDbEntity
  8
REFERENCE_NOTES
100
AcDbText
 10
480.0
 20
-469.0
 30
0.0
 40
3.0
  1
X=-146,-86,-26 or 34,94 by segment
100
AcDbText
  0
TEXT
  5
113
330
17
100
AcDbEntity
  8
REFERENCE_NOTES
100
AcDbText
 10
480.0
 20
-476.0
 30
0.0
 40
3.0
  1
Material / tolerances / finish / preload: TBD
100
AcDbText
  0
LWPOLYLINE
  5
114
330
17
100
AcDbEntity
  8
REFERENCE_GEOMETRY
100
AcDbPolyline
 90
4723
 70
1
 10
1143.5
 20
-203.70000000000002
 10
1143.5
 20
-203.94996824052507
 10
1143.5
 20
-204.19993648105012
 10
1143.5
 20
-204.4499047215754
 10
1143.5
 20
-204.69987296210044
 10
1143.5
 20
-204.9498412026255
 10
1143.5
 20
-205.19980944315054
 10
1143.5
 20
-205.4497776836756
 10
1143.5
 20
-205.69974592420064
 10
1143.5
 20
-205.94971416472592
 10
1143.5
 20
-206.19968240525097
 10
1143.5
 20
-206.44965064577602
 10
1143.5
 20
-206.69961888630107
 10
1143.5
 20
-206.94958712682612
 10
1143.5
 20
-207.19955536735117
 10
1143.5
 20
-207.44952360787644
 10
1143.5
 20
-207.6994918484015
 10
1143.5
 20
-207.94946008892654
 10
1143.5
 20
-208.1994283294516
 10
1143.5
 20
-208.44939656997664
 10
1143.5
 20
-208.6993648105017
 10
1143.5
 20
-208.94933305102697
 10
1143.5
 20
-209.19930129155202
 10
1143.5
 20
-209.44926953207707
 10
1143.5
 20
-209.69923777260212
 10
1143.5
 20
-209.94920601312717
 10
1143.5
 20
-210.19917425365244
 10
1143.5
 20
-210.4491424941775
 10
1143.5
 20
-210.69911073470254
 10
1143.5
 20
-210.9490789752276
 10
1143.5
 20
-211.19904721575264
 10
1143.5
 20
-211.4490154562777
 10
1143.5
 20
-211.69898369680297
 10
1143.5
 20
-211.94895193732802
 10
1143.5
 20
-212.19892017785307
 10
1143.5
 20
-212.44888841837812
 10
1143.5
 20
-212.69885665890317
 10
1143.5
 20
-212.94882489942822
 10
1143.5
 20
-213.1987931399535
 10
1143.5
 20
-213.44876138047854
 10
1143.5
 20
-213.6987296210036
 10
1143.5
 20
-213.94869786152864
 10
1143.5
 20
-214.1986661020537
 10
1143.5
 20
-214.44863434257897
 10
1143.5
 20
-214.69860258310402
 10
1143.5
 20
-214.94857082362907
 10
1143.5
 20
-215.19853906415412
 10
1143.5
 20
-215.44850730467917
 10
1143.5
 20
-215.69847554520422
 10
1143.5
 20
-215.9484437857295
 10
1143.5
 20
-216.19841202625454
 10
1143.7483802667796
 20
-216.20000000000002
 10
1143.9983485073046
 20
-216.20000000000002
 10
1144.2483167478297
 20
-216.20000000000002
 10
1144.4982849883547
 20
-216.20000000000002
 10
1144.74825322888
 20
-216.20000000000002
 10
1144.998221469405
 20
-216.20000000000002
 10
1145.24818970993
 20
-216.20000000000002
 10
1145.4981579504552
 20
-216.20000000000002
 10
1145.7481261909802
 20
-216.20000000000002
 10
1145.9980944315053
 20
-216.20000000000002
 10
1146.2480626720305
 20
-216.20000000000002
 10
1146.4980309125556
 20
-216.20000000000002
 10
1146.7479991530806
 20
-216.20000000000002
 10
1146.9979673936057
 20
-216.20000000000002
 10
1147.2479356341307
 20
-216.20000000000002
 10
1147.497903874656
 20
-216.20000000000002
 10
1147.747872115181
 20
-216.20000000000002
 10
1147.997840355706
 20
-216.20000000000002
 10
1148.2478085962312
 20
-216.20000000000002
 10
1148.4977768367562
 20
-216.20000000000002
 10
1148.7477450772813
 20
-216.20000000000002
 10
1148.9977133178065
 20
-216.20000000000002
 10
1149.2476815583316
 20
-216.20000000000002
 10
1149.4976497988566
 20
-216.20000000000002
 10
1149.7476180393817
 20
-216.20000000000002
 10
1149.9975862799067
 20
-216.20000000000002
 10
1150.2475545204318
 20
-216.20000000000002
 10
1150.497522760957
 20
-216.20000000000002
 10
1150.747491001482
 20
-216.20000000000002
 10
1150.9974592420072
 20
-216.20000000000002
 10
1151.2474274825322
 20
-216.20000000000002
 10
1151.4973957230573
 20
-216.20000000000002
 10
1151.7473639635823
 20
-216.20000000000002
 10
1151.9973322041076
 20
-216.20000000000002
 10
1152.2473004446326
 20
-216.20000000000002
 10
1152.4972686851577
 20
-216.20000000000002
 10
1152.7472369256827
 20
-216.20000000000002
 10
1152.9972051662078
 20
-216.20000000000002
 10
1153.247173406733
 20
-216.20000000000002
 10
1153.497141647258
 20
-216.20000000000002
 10
1153.7471098877832
 20
-216.20000000000002
 10
1153.9970781283082
 20
-216.20000000000002
 10
1154.2470463688333
 20
-216.20000000000002
 10
1154.4970146093583
 20
-216.20000000000002
 10
1154.7469828498836
 20
-216.20000000000002
 10
1154.9969510904086
 20
-216.20000000000002
 10
1155.2469193309337
 20
-216.20000000000002
 10
1155.4968875714587
 20
-216.20000000000002
 10
1155.7468558119838
 20
-216.20000000000002
 10
1155.9968240525088
 20
-216.20000000000002
 10
1156.246792293034
 20
-216.20000000000002
 10
1156.4967605335592
 20
-216.20000000000002
 10
1156.7467287740844
 20
-216.20000000000002
 10
1156.9966970146095
 20
-216.20000000000002
 10
1157.2466652551345
 20
-216.20000000000002
 10
1157.4966334956596
 20
-216.20000000000002
 10
1157.7466017361846
 20
-216.20000000000002
 10
1157.9965699767097
 20
-216.20000000000002
 10
1158.246538217235
 20
-216.20000000000002
 10
1158.49650645776
 20
-216.20000000000002
 10
1158.746474698285
 20
-216.20000000000002
 10
1158.99644293881
 20
-216.20000000000002
 10
1159.2464111793352
 20
-216.20000000000002
 10
1159.4963794198602
 20
-216.20000000000002
 10
1159.7463476603855
 20
-216.20000000000002
 10
1159.9963159009105
 20
-216.20000000000002
 10
1160.2462841414356
 20
-216.20000000000002
 10
1160.4962523819606
 20
-216.20000000000002
 10
1160.5
 20
-215.95377937751434
 10
1160.5
 20
-215.70381113698906
 10
1160.5
 20
-215.453842896464
 10
1160.5
 20
-215.20387465593896
 10
1160.5
 20
-214.9539064154139
 10
1160.5
 20
-214.70393817488886
 10
1160.5
 20
-214.4539699343638
 10
1160.5
 20
-214.20400169383853
 10
1160.5
 20
-213.95403345331349
 10
1160.5
 20
-213.70406521278844
 10
1160.5
 20
-213.4540969722634
 10
1160.5
 20
-213.20412873173834
 10
1160.5
 20
-212.9541604912133
 10
1160.5
 20
-212.704192250688
 10
1160.5
 20
-212.45422401016296
 10
1160.5
 20
-212.2042557696379
 10
1160.5
 20
-211.95428752911286
 10
1160.5
 20
-211.7043192885878
 10
1160.5
 20
-211.45435104806276
 10
1160.5
 20
-211.20438280753748
 10
1160.5
 20
-210.95441456701244
 10
1160.5
 20
-210.70444632648739
 10
1160.5
 20
-210.45447808596234
 10
1160.5
 20
-210.2045098454373
 10
1160.5
 20
-209.954541604912
 10
1160.5
 20
-209.70457336438696
 10
1160.5
 20
-209.4546051238619
 10
1160.5
 20
-209.20463688333686
 10
1160.5
 20
-208.9546686428118
 10
1160.5
 20
-208.70470040228676
 10
1160.5
 20
-208.45473216176148
 10
1160.5
 20
-208.20476392123643
 10
1160.5
 20
-207.95479568071138
 10
1160.5
 20
-207.70482744018634
 10
1160.5
 20
-207.45485919966129
 10
1160.5
 20
-207.20489095913624
 10
1160.5
 20
-206.95492271861096
 10
1160.5
 20
-206.7049544780859
 10
1160.5
 20
-206.45498623756086
 10
1160.5
 20
-206.2050179970358
 10
1160.5
 20
-205.95504975651076
 10
1160.5
 20
-205.70508151598548
 10
1160.5
 20
-205.45511327546043
 10
1160.5
 20
-205.20514503493538
 10
1160.5
 20
-204.95517679441033
 10
1160.5
 20
-204.70520855388529
 10
1160.5
 20
-204.45524031336024
 10
1160.5
 20
-204.20527207283496
 10
1160.5
 20
-203.9553038323099
 10
1160.5
 20
-203.70533559178486
 10
1160.7446326487402
 20
-203.70000000000002
 10
1160.9946008892653
 20
-203.70000000000002
 10
1161.2445691297903
 20
-203.70000000000002
 10
1161.4945373703156
 20
-203.70000000000002
 10
1161.7445056108406
 20
-203.70000000000002
 10
1161.9944738513657
 20
-203.70000000000002
 10
1162.2444420918907
 20
-203.70000000000002
 10
1162.4944103324158
 20
-203.70000000000002
 10
1162.7443785729408
 20
-203.70000000000002
 10
1162.994346813466
 20
-203.70000000000002
 10
1163.2443150539912
 20
-203.70000000000002
 10
1163.4942832945162
 20
-203.70000000000002
 10
1163.7442515350413
 20
-203.70000000000002
 10
1163.9942197755663
 20
-203.70000000000002
 10
1164.2441880160916
 20
-203.70000000000002
 10
1164.4941562566166
 20
-203.70000000000002
 10
1164.7441244971417
 20
-203.70000000000002
 10
1164.9940927376667
 20
-203.70000000000002
 10
1165.2440609781918
 20
-203.70000000000002
 10
1165.4940292187168
 20
-203.70000000000002
 10
1165.743997459242
 20
-203.70000000000002
 10
1165.9939656997672
 20
-203.70000000000002
 10
1166.2439339402922
 20
-203.70000000000002
 10
1166.4939021808173
 20
-203.70000000000002
 10
1166.7438704213423
 20
-203.70000000000002
 10
1166.9938386618674
 20
-203.70000000000002
 10
1167.2438069023926
 20
-203.70000000000002
 10
1167.4937751429177
 20
-203.70000000000002
 10
1167.7437433834427
 20
-203.70000000000002
 10
1167.9937116239678
 20
-203.70000000000002
 10
1168.2436798644928
 20
-203.70000000000002
 10
1168.493648105018
 20
-203.70000000000002
 10
1168.7436163455432
 20
-203.70000000000002
 10
1168.9935845860682
 20
-203.70000000000002
 10
1169.2435528265933
 20
-203.70000000000002
 10
1169.4935210671183
 20
-203.70000000000002
 10
1169.7434893076434
 20
-203.70000000000002
 10
1169.9934575481686
 20
-203.70000000000002
 10
1170.2434257886937
 20
-203.70000000000002
 10
1170.4933940292187
 20
-203.70000000000002
 10
1170.7433622697438
 20
-203.70000000000002
 10
1170.9933305102688
 20
-203.70000000000002
 10
1171.2432987507939
 20
-203.70000000000002
 10
1171.4932669913192
 20
-203.70000000000002
 10
1171.7432352318442
 20
-203.70000000000002
 10
1171.9932034723693
 20
-203.70000000000002
 10
1172.2431717128943
 20
-203.70000000000002
 10
1172.4931399534194
 20
-203.70000000000002
 10
1172.7431081939444
 20
-203.70000000000002
 10
1172.9930764344697
 20
-203.70000000000002
 10
1173.2430446749947
 20
-203.70000000000002
 10
1173.4930129155198
 20
-203.70000000000002
 10
1173.7429811560448
 20
-203.70000000000002
 10
1173.9929493965699
 20
-203.70000000000002
 10
1174.2429176370952
 20
-203.70000000000002
 10
1174.4928858776202
 20
-203.70000000000002
 10
1174.7428541181453
 20
-203.70000000000002
 10
1174.9928223586703
 20
-203.70000000000002
 10
1175.2427905991954
 20
-203.70000000000002
 10
1175.4927588397204
 20
-203.70000000000002
 10
1175.7427270802457
 20
-203.70000000000002
 10
1175.9926953207707
 20
-203.70000000000002
 10
1176.2426635612958
 20
-203.70000000000002
 10
1176.4926318018208
 20
-203.70000000000002
 10
1176.7426000423459
 20
-203.70000000000002
 10
1176.992568282871
 20
-203.70000000000002
 10
1177.2425365233962
 20
-203.70000000000002
 10
1177.4925047639213
 20
-203.70000000000002
 10
1177.7424730044463
 20
-203.70000000000002
 10
1177.9924412449714
 20
-203.70000000000002
 10
1178.2424094854964
 20
-203.70000000000002
 10
1178.4923777260215
 20
-203.70000000000002
 10
1178.7423459665467
 20
-203.70000000000002
 10
1178.9923142070718
 20
-203.70000000000002
 10
1179.2422824475968
 20
-203.70000000000002
 10
1179.4922506881219
 20
-203.70000000000002
 10
1179.742218928647
 20
-203.70000000000002
 10
1179.9921871691722
 20
-203.70000000000002
 10
1180.2421554096973
 20
-203.70000000000002
 10
1180.4921236502223
 20
-203.70000000000002
 10
1180.7420918907474
 20
-203.70000000000002
 10
1180.9920601312724
 20
-203.70000000000002
 10
1181.2420283717975
 20
-203.70000000000002
 10
1181.4919966123227
 20
-203.70000000000002
 10
1181.7419648528478
 20
-203.70000000000002
 10
1181.9919330933728
 20
-203.70000000000002
 10
1182.2419013338979
 20
-203.70000000000002
 10
1182.491869574423
 20
-203.70000000000002
 10
1182.741837814948
 20
-203.70000000000002
 10
1182.9918060554733
 20
-203.70000000000002
 10
1183.2417742959983
 20
-203.70000000000002
 10
1183.4917425365234
 20
-203.70000000000002
 10
1183.7417107770484
 20
-203.70000000000002
 10
1183.9916790175735
 20
-203.70000000000002
 10
1184.2416472580987
 20
-203.70000000000002
 10
1184.4916154986238
 20
-203.70000000000002
 10
1184.7415837391488
 20
-203.70000000000002
 10
1184.9915519796739
 20
-203.70000000000002
 10
1185.241520220199
 20
-203.70000000000002
 10
1185.491488460724
 20
-203.70000000000002
 10
1185.7414567012493
 20
-203.70000000000002
 10
1185.9914249417743
 20
-203.70000000000002
 10
1186.2413931822994
 20
-203.70000000000002
 10
1186.4913614228244
 20
-203.70000000000002
 10
1186.7413296633495
 20
-203.70000000000002
 10
1186.9912979038745
 20
-203.70000000000002
 10
1187.2412661443998
 20
-203.70000000000002
 10
1187.4912343849248
 20
-203.70000000000002
 10
1187.74120262545
 20
-203.70000000000002
 10
1187.991170865975
 20
-203.70000000000002
 10
1188.2411391065
 20
-203.70000000000002
 10
1188.491107347025
 20
-203.70000000000002
 10
1188.7410755875503
 20
-203.70000000000002
 10
1188.9910438280754
 20
-203.70000000000002
 10
1189.2410120686004
 20
-203.70000000000002
 10
1189.4909803091255
 20
-203.70000000000002
 10
1189.7409485496505
 20
-203.70000000000002
 10
1189.9909167901758
 20
-203.70000000000002
 10
1190.2408850307008
 20
-203.70000000000002
 10
1190.490853271226
 20
-203.70000000000002
 10
1190.740821511751
 20
-203.70000000000002
 10
1190.990789752276
 20
-203.70000000000002
 10
1191.240757992801
 20
-203.70000000000002
 10
1191.4907262333263
 20
-203.70000000000002
 10
1191.7406944738514
 20
-203.70000000000002
 10
1191.9906627143764
 20
-203.70000000000002
 10
1192.2406309549015
 20
-203.70000000000002
 10
1192.4905991954265
 20
-203.70000000000002
 10
1192.7405674359516
 20
-203.70000000000002
 10
1192.9905356764768
 20
-203.70000000000002
 10
1193.240503917002
 20
-203.70000000000002
 10
1193.490472157527
 20
-203.70000000000002
 10
1193.740440398052
 20
-203.70000000000002
 10
1193.990408638577
 20
-203.70000000000002
 10
1194.240376879102
 20
-203.70000000000002
 10
1194.4903451196274
 20
-203.70000000000002
 10
1194.7403133601524
 20
-203.70000000000002
 10
1194.9902816006775
 20
-203.70000000000002
 10
1195.2402498412025
 20
-203.70000000000002
 10
1195.4902180817276
 20
-203.70000000000002
 10
1195.7401863222528
 20
-203.70000000000002
 10
1195.990154562778
 20
-203.70000000000002
 10
1196.240122803303
 20
-203.70000000000002
 10
1196.4900910438282
 20
-203.70000000000002
 10
1196.7400592843533
 20
-203.70000000000002
 10
1196.9900275248783
 20
-203.70000000000002
 10
1197.2399957654034
 20
-203.70000000000002
 10
1197.4899640059284
 20
-203.70000000000002
 10
1197.7399322464537
 20
-203.70000000000002
 10
1197.9899004869787
 20
-203.70000000000002
 10
1198.2398687275038
 20
-203.70000000000002
 10
1198.4898369680288
 20
-203.70000000000002
 10
1198.739805208554
 20
-203.70000000000002
 10
1198.989773449079
 20
-203.70000000000002
 10
1199.2397416896042
 20
-203.70000000000002
 10
1199.4897099301293
 20
-203.70000000000002
 10
1199.7396781706543
 20
-203.70000000000002
 10
1199.9896464111794
 20
-203.70000000000002
 10
1200.2396146517044
 20
-203.70000000000002
 10
1200.4895828922295
 20
-203.70000000000002
 10
1200.7395511327547
 20
-203.70000000000002
 10
1200.9895193732798
 20
-203.70000000000002
 10
1201.2394876138048
 20
-203.70000000000002
 10
1201.48945585433
 20
-203.70000000000002
 10
1201.739424094855
 20
-203.70000000000002
 10
1201.98939233538
 20
-203.70000000000002
 10
1202.2393605759053
 20
-203.70000000000002
 10
1202.4893288164303
 20
-203.70000000000002
 10
1202.7392970569554
 20
-203.70000000000002
 10
1202.9892652974804
 20
-203.70000000000002
 10
1203.2392335380055
 20
-203.70000000000002
 10
1203.4892017785307
 20
-203.70000000000002
 10
1203.7391700190558
 20
-203.70000000000002
 10
1203.9891382595808
 20
-203.70000000000002
 10
1204.239106500106
 20
-203.70000000000002
 10
1204.489074740631
 20
-203.70000000000002
 10
1204.739042981156
 20
-203.70000000000002
 10
1204.9890112216813
 20
-203.70000000000002
 10
1205.2389794622063
 20
-203.70000000000002
 10
1205.4889477027314
 20
-203.70000000000002
 10
1205.7389159432564
 20
-203.70000000000002
 10
1205.9888841837815
 20
-203.70000000000002
 10
1206.2388524243065
 20
-203.70000000000002
 10
1206.4888206648318
 20
-203.70000000000002
 10
1206.7387889053568
 20
-203.70000000000002
 10
1206.988757145882
 20
-203.70000000000002
 10
1207.238725386407
 20
-203.70000000000002
 10
1207.488693626932
 20
-203.70000000000002
 10
1207.738661867457
 20
-203.70000000000002
 10
1207.9886301079823
 20
-203.70000000000002
 10
1208.2385983485074
 20
-203.70000000000002
 10
1208.4885665890324
 20
-203.70000000000002
 10
1208.7385348295575
 20
-203.70000000000002
 10
1208.9885030700825
 20
-203.70000000000002
 10
1209.2384713106078
 20
-203.70000000000002
 10
1209.4884395511328
 20
-203.70000000000002
 10
1209.738407791658
 20
-203.70000000000002
 10
1209.988376032183
 20
-203.70000000000002
 10
1210.238344272708
 20
-203.70000000000002
 10
1210.488312513233
 20
-203.70000000000002
 10
1210.7382807537583
 20
-203.70000000000002
 10
1210.9882489942834
 20
-203.70000000000002
 10
1211.2382172348084
 20
-203.70000000000002
 10
1211.4881854753335
 20
-203.70000000000002
 10
1211.7381537158585
 20
-203.70000000000002
 10
1211.9881219563836
 20
-203.70000000000002
 10
1212.2380901969088
 20
-203.70000000000002
 10
1212.488058437434
 20
-203.70000000000002
 10
1212.738026677959
 20
-203.70000000000002
 10
1212.987994918484
 20
-203.70000000000002
 10
1213.237963159009
 20
-203.70000000000002
 10
1213.4879313995343
 20
-203.70000000000002
 10
1213.7378996400594
 20
-203.70000000000002
 10
1213.9878678805844
 20
-203.70000000000002
 10
1214.2378361211095
 20
-203.70000000000002
 10
1214.4878043616345
 20
-203.70000000000002
 10
1214.7377726021596
 20
-203.70000000000002
 10
1214.9877408426848
 20
-203.70000000000002
 10
1215.23770908321
 20
-203.70000000000002
 10
1215.487677323735
 20
-203.70000000000002
 10
1215.73764556426
 20
-203.70000000000002
 10
1215.987613804785
 20
-203.70000000000002
 10
1216.23758204531
 20
-203.70000000000002
 10
1216.4875502858354
 20
-203.70000000000002
 10
1216.7375185263604
 20
-203.70000000000002
 10
1216.9874867668855
 20
-203.70000000000002
 10
1217.2374550074105
 20
-203.70000000000002
 10
1217.4874232479356
 20
-203.70000000000002
 10
1217.7373914884606
 20
-203.70000000000002
 10
1217.987359728986
 20
-203.70000000000002
 10
1218.237327969511
 20
-203.70000000000002
 10
1218.487296210036
 20
-203.70000000000002
 10
1218.737264450561
 20
-203.70000000000002
 10
1218.987232691086
 20
-203.70000000000002
 10
1219.2372009316114
 20
-203.70000000000002
 10
1219.4871691721364
 20
-203.70000000000002
 10
1219.7371374126615
 20
-203.70000000000002
 10
1219.9871056531865
 20
-203.70000000000002
 10
1220.2370738937116
 20
-203.70000000000002
 10
1220.4870421342366
 20
-203.70000000000002
 10
1220.737010374762
 20
-203.70000000000002
 10
1220.986978615287
 20
-203.70000000000002
 10
1221.236946855812
 20
-203.70000000000002
 10
1221.486915096337
 20
-203.70000000000002
 10
1221.736883336862
 20
-203.70000000000002
 10
1221.9868515773871
 20
-203.70000000000002
 10
1222.2368198179124
 20
-203.70000000000002
 10
1222.4867880584375
 20
-203.70000000000002
 10
1222.7367562989625
 20
-203.70000000000002
 10
1222.9867245394876
 20
-203.70000000000002
 10
1223.2366927800126
 20
-203.70000000000002
 10
1223.4866610205377
 20
-203.70000000000002
 10
1223.736629261063
 20
-203.70000000000002
 10
1223.986597501588
 20
-203.70000000000002
 10
1224.236565742113
 20
-203.70000000000002
 10
1224.486533982638
 20
-203.70000000000002
 10
1224.7365022231631
 20
-203.70000000000002
 10
1224.9864704636884
 20
-203.70000000000002
 10
1225.2364387042135
 20
-203.70000000000002
 10
1225.4864069447385
 20
-203.70000000000002
 10
1225.7363751852636
 20
-203.70000000000002
 10
1225.9863434257886
 20
-203.70000000000002
 10
1226.2363116663137
 20
-203.70000000000002
 10
1226.486279906839
 20
-203.70000000000002
 10
1226.736248147364
 20
-203.70000000000002
 10
1226.986216387889
 20
-203.70000000000002
 10
1227.236184628414
 20
-203.70000000000002
 10
1227.4861528689391
 20
-203.70000000000002
 10
1227.7361211094642
 20
-203.70000000000002
 10
1227.9860893499895
 20
-203.70000000000002
 10
1228.2360575905145
 20
-203.70000000000002
 10
1228.4860258310396
 20
-203.70000000000002
 10
1228.7359940715646
 20
-203.70000000000002
 10
1228.9859623120897
 20
-203.70000000000002
 10
1229.235930552615
 20
-203.70000000000002
 10
1229.48589879314
 20
-203.70000000000002
 10
1229.735867033665
 20
-203.70000000000002
 10
1229.98583527419
 20
-203.70000000000002
 10
1230.2358035147151
 20
-203.70000000000002
 10
1230.4857717552402
 20
-203.70000000000002
 10
1230.7357399957655
 20
-203.70000000000002
 10
1230.9857082362905
 20
-203.70000000000002
 10
1231.2356764768156
 20
-203.70000000000002
 10
1231.4856447173406
 20
-203.70000000000002
 10
1231.7356129578657
 20
-203.70000000000002
 10
1231.9855811983907
 20
-203.70000000000002
 10
1232.235549438916
 20
-203.70000000000002
 10
1232.485517679441
 20
-203.70000000000002
 10
1232.735485919966
 20
-203.70000000000002
 10
1232.9854541604911
 20
-203.70000000000002
 10
1233.2354224010162
 20
-203.70000000000002
 10
1233.4853906415412
 20
-203.70000000000002
 10
1233.7353588820665
 20
-203.70000000000002
 10
1233.9853271225916
 20
-203.70000000000002
 10
1234.2352953631166
 20
-203.70000000000002
 10
1234.4852636036417
 20
-203.70000000000002
 10
1234.7352318441667
 20
-203.70000000000002
 10
1234.985200084692
 20
-203.70000000000002
 10
1235.235168325217
 20
-203.70000000000002
 10
1235.485136565742
 20
-203.70000000000002
 10
1235.7351048062671
 20
-203.70000000000002
 10
1235.9850730467922
 20
-203.70000000000002
 10
1236.2350412873172
 20
-203.70000000000002
 10
1236.4850095278425
 20
-203.70000000000002
 10
1236.7349777683676
 20
-203.70000000000002
 10
1236.9849460088926
 20
-203.70000000000002
 10
1237.2349142494177
 20
-203.70000000000002
 10
1237.4848824899427
 20
-203.70000000000002
 10
1237.7348507304678
 20
-203.70000000000002
 10
1237.984818970993
 20
-203.70000000000002
 10
1238.234787211518
 20
-203.70000000000002
 10
1238.4847554520431
 20
-203.70000000000002
 10
1238.7347236925682
 20
-203.70000000000002
 10
1238.9846919330932
 20
-203.70000000000002
 10
1239.2346601736183
 20
-203.70000000000002
 10
1239.4846284141436
 20
-203.70000000000002
 10
1239.7345966546686
 20
-203.70000000000002
 10
1239.9845648951937
 20
-203.70000000000002
 10
1240.2345331357187
 20
-203.70000000000002
 10
1240.4845013762438
 20
-203.70000000000002
 10
1240.734469616769
 20
-203.70000000000002
 10
1240.984437857294
 20
-203.70000000000002
 10
1241.2344060978191
 20
-203.70000000000002
 10
1241.4843743383442
 20
-203.70000000000002
 10
1241.7343425788692
 20
-203.70000000000002
 10
1241.9843108193943
 20
-203.70000000000002
 10
1242.2342790599196
 20
-203.70000000000002
 10
1242.4842473004446
 20
-203.70000000000002
 10
1242.7342155409697
 20
-203.70000000000002
 10
1242.9841837814947
 20
-203.70000000000002
 10
1243.2341520220198
 20
-203.70000000000002
 10
1243.4841202625448
 20
-203.70000000000002
 10
1243.73408850307
 20
-203.70000000000002
 10
1243.9840567435951
 20
-203.70000000000002
 10
1244.2340249841202
 20
-203.70000000000002
 10
1244.4839932246452
 20
-203.70000000000002
 10
1244.7339614651703
 20
-203.70000000000002
 10
1244.9839297056956
 20
-203.70000000000002
 10
1245.2338979462206
 20
-203.70000000000002
 10
1245.4838661867457
 20
-203.70000000000002
 10
1245.7338344272707
 20
-203.70000000000002
 10
1245.9838026677958
 20
-203.70000000000002
 10
1246.2337709083208
 20
-203.70000000000002
 10
1246.483739148846
 20
-203.70000000000002
 10
1246.7337073893711
 20
-203.70000000000002
 10
1246.9836756298962
 20
-203.70000000000002
 10
1247.2336438704215
 20
-203.70000000000002
 10
1247.4836121109465
 20
-203.70000000000002
 10
1247.7335803514716
 20
-203.70000000000002
 10
1247.9835485919966
 20
-203.70000000000002
 10
1248.2335168325217
 20
-203.70000000000002
 10
1248.483485073047
 20
-203.70000000000002
 10
1248.733453313572
 20
-203.70000000000002
 10
1248.983421554097
 20
-203.70000000000002
 10
1249.233389794622
 20
-203.70000000000002
 10
1249.4833580351471
 20
-203.70000000000002
 10
1249.7333262756722
 20
-203.70000000000002
 10
1249.9832945161975
 20
-203.70000000000002
 10
1250.2332627567225
 20
-203.70000000000002
 10
1250.4832309972476
 20
-203.70000000000002
 10
1250.7331992377726
 20
-203.70000000000002
 10
1250.9831674782977
 20
-203.70000000000002
 10
1251.2331357188227
 20
-203.70000000000002
 10
1251.483103959348
 20
-203.70000000000002
 10
1251.733072199873
 20
-203.70000000000002
 10
1251.983040440398
 20
-203.70000000000002
 10
1252.2330086809231
 20
-203.70000000000002
 10
1252.4829769214482
 20
-203.70000000000002
 10
1252.7329451619735
 20
-203.70000000000002
 10
1252.9829134024985
 20
-203.70000000000002
 10
1253.2328816430236
 20
-203.70000000000002
 10
1253.4828498835486
 20
-203.70000000000002
 10
1253.7328181240737
 20
-203.70000000000002
 10
1253.9827863645987
 20
-203.70000000000002
 10
1254.232754605124
 20
-203.70000000000002
 10
1254.482722845649
 20
-203.70000000000002
 10
1254.732691086174
 20
-203.70000000000002
 10
1254.9826593266991
 20
-203.70000000000002
 10
1255.2326275672242
 20
-203.70000000000002
 10
1255.4825958077492
 20
-203.70000000000002
 10
1255.7325640482745
 20
-203.70000000000002
 10
1255.9825322887996
 20
-203.70000000000002
 10
1256.2325005293246
 20
-203.70000000000002
 10
1256.4824687698497
 20
-203.70000000000002
 10
1256.7324370103747
 20
-203.70000000000002
 10
1256.9824052508998
 20
-203.70000000000002
 10
1257.232373491425
 20
-203.70000000000002
 10
1257.48234173195
 20
-203.70000000000002
 10
1257.7323099724752
 20
-203.70000000000002
 10
1257.9822782130002
 20
-203.70000000000002
 10
1258.2322464535252
 20
-203.70000000000002
 10
1258.4822146940505
 20
-203.70000000000002
 10
1258.7321829345756
 20
-203.70000000000002
 10
1258.9821511751006
 20
-203.70000000000002
 10
1259.2321194156257
 20
-203.70000000000002
 10
1259.4820876561507
 20
-203.70000000000002
 10
1259.7320558966758
 20
-203.70000000000002
 10
1259.982024137201
 20
-203.70000000000002
 10
1260.231992377726
 20
-203.70000000000002
 10
1260.4819606182512
 20
-203.70000000000002
 10
1260.7319288587762
 20
-203.70000000000002
 10
1260.9818970993012
 20
-203.70000000000002
 10
1261.2318653398263
 20
-203.70000000000002
 10
1261.4818335803516
 20
-203.70000000000002
 10
1261.7318018208766
 20
-203.70000000000002
 10
1261.9817700614017
 20
-203.70000000000002
 10
1262.2317383019267
 20
-203.70000000000002
 10
1262.4817065424518
 20
-203.70000000000002
 10
1262.7316747829768
 20
-203.70000000000002
 10
1262.981643023502
 20
-203.70000000000002
 10
1263.2316112640272
 20
-203.70000000000002
 10
1263.4815795045522
 20
-203.70000000000002
 10
1263.7315477450773
 20
-203.70000000000002
 10
1263.9815159856023
 20
-203.70000000000002
 10
1264.2314842261276
 20
-203.70000000000002
 10
1264.4814524666526
 20
-203.70000000000002
 10
1264.7314207071777
 20
-203.70000000000002
 10
1264.9813889477027
 20
-203.70000000000002
 10
1265.2313571882278
 20
-203.70000000000002
 10
1265.4813254287528
 20
-203.70000000000002
 10
1265.731293669278
 20
-203.70000000000002
 10
1265.9812619098032
 20
-203.70000000000002
 10
1266.2312301503282
 20
-203.70000000000002
 10
1266.4811983908533
 20
-203.70000000000002
 10
1266.7311666313783
 20
-203.70000000000002
 10
1266.9811348719034
 20
-203.70000000000002
 10
1267.2311031124286
 20
-203.70000000000002
 10
1267.4810713529537
 20
-203.70000000000002
 10
1267.7310395934787
 20
-203.70000000000002
 10
1267.9810078340038
 20
-203.70000000000002
 10
1268.2309760745288
 20
-203.70000000000002
 10
1268.480944315054
 20
-203.70000000000002
 10
1268.7309125555792
 20
-203.70000000000002
 10
1268.9808807961042
 20
-203.70000000000002
 10
1269.2308490366293
 20
-203.70000000000002
 10
1269.4808172771543
 20
-203.70000000000002
 10
1269.7307855176794
 20
-203.70000000000002
 10
1269.9807537582046
 20
-203.70000000000002
 10
1270.2307219987297
 20
-203.70000000000002
 10
1270.4806902392547
 20
-203.70000000000002
 10
1270.7306584797798
 20
-203.70000000000002
 10
1270.9806267203048
 20
-203.70000000000002
 10
1271.2305949608299
 20
-203.70000000000002
 10
1271.4805632013552
 20
-203.70000000000002
 10
1271.7305314418802
 20
-203.70000000000002
 10
1271.9804996824053
 20
-203.70000000000002
 10
1272.2304679229303
 20
-203.70000000000002
 10
1272.4804361634554
 20
-203.70000000000002
 10
1272.7304044039804
 20
-203.70000000000002
 10
1272.9803726445057
 20
-203.70000000000002
 10
1273.2303408850307
 20
-203.70000000000002
 10
1273.4803091255558
 20
-203.70000000000002
 10
1273.7302773660808
 20
-203.70000000000002
 10
1273.9802456066059
 20
-203.70000000000002
 10
1274.2302138471312
 20
-203.70000000000002
 10
1274.4801820876562
 20
-203.70000000000002
 10
1274.7301503281813
 20
-203.70000000000002
 10
1274.9801185687063
 20
-203.70000000000002
 10
1275.2300868092314
 20
-203.70000000000002
 10
1275.4800550497566
 20
-203.70000000000002
 10
1275.7300232902817
 20
-203.70000000000002
 10
1275.9799915308067
 20
-203.70000000000002
 10
1276.2299597713318
 20
-203.70000000000002
 10
1276.4799280118568
 20
-203.70000000000002
 10
1276.7298962523819
 20
-203.70000000000002
 10
1276.979864492907
 20
-203.70000000000002
 10
1277.229832733432
 20
-203.70000000000002
 10
1277.4798009739573
 20
-203.70000000000002
 10
1277.7297692144823
 20
-203.70000000000002
 10
1277.9797374550074
 20
-203.70000000000002
 10
1278.2297056955326
 20
-203.70000000000002
 10
1278.4796739360577
 20
-203.70000000000002
 10
1278.7296421765827
 20
-203.70000000000002
 10
1278.9796104171078
 20
-203.70000000000002
 10
1279.2295786576328
 20
-203.70000000000002
 10
1279.4795468981579
 20
-203.70000000000002
 10
1279.729515138683
 20
-203.70000000000002
 10
1279.979483379208
 20
-203.70000000000002
 10
1280.229451619733
 20
-203.70000000000002
 10
1280.4794198602583
 20
-203.70000000000002
 10
1280.7293881007834
 20
-203.70000000000002
 10
1280.9793563413084
 20
-203.70000000000002
 10
1281.2293245818337
 20
-203.70000000000002
 10
1281.4792928223587
 20
-203.70000000000002
 10
1281.7292610628838
 20
-203.70000000000002
 10
1281.9792293034088
 20
-203.70000000000002
 10
1282.2291975439339
 20
-203.70000000000002
 10
1282.479165784459
 20
-203.70000000000002
 10
1282.729134024984
 20
-203.70000000000002
 10
1282.979102265509
 20
-203.70000000000002
 10
1283.2290705060343
 20
-203.70000000000002
 10
1283.4790387465594
 20
-203.70000000000002
 10
1283.5
 20
-203.92900698708442
 10
1283.5
 20
-204.17897522760958
 10
1283.5
 20
-204.42894346813463
 10
1283.5
 20
-204.67891170865968
 10
1283.5
 20
-204.92887994918485
 10
1283.5
 20
-205.1788481897099
 10
1283.5
 20
-205.42881643023495
 10
1283.5
 20
-205.6787846707601
 10
1283.5
 20
-205.92875291128516
 10
1283.5
 20
-206.1787211518102
 10
1283.5
 20
-206.42868939233537
 10
1283.5
 20
-206.67865763286042
 10
1283.5
 20
-206.92862587338558
 10
1283.5
 20
-207.17859411391063
 10
1283.5
 20
-207.42856235443568
 10
1283.5
 20
-207.67853059496085
 10
1283.5
 20
-207.9284988354859
 10
1283.5
 20
-208.17846707601095
 10
1283.5
 20
-208.4284353165361
 10
1283.5
 20
-208.67840355706116
 10
1283.5
 20
-208.9283717975862
 10
1283.5
 20
-209.17834003811137
 10
1283.5
 20
-209.42830827863642
 10
1283.5
 20
-209.67827651916147
 10
1283.5
 20
-209.92824475968663
 10
1283.5
 20
-210.17821300021168
 10
1283.5
 20
-210.42818124073673
 10
1283.5
 20
-210.6781494812619
 10
1283.5
 20
-210.92811772178695
 10
1283.5
 20
-211.178085962312
 10
1283.5
 20
-211.42805420283716
 10
1283.5
 20
-211.6780224433622
 10
1283.5
 20
-211.92799068388726
 10
1283.5
 20
-212.17795892441242
 10
1283.5
 20
-212.42792716493747
 10
1283.5
 20
-212.67789540546264
 10
1283.5
 20
-212.92786364598769
 10
1283.5
 20
-213.17783188651273
 10
1283.5
 20
-213.4278001270379
 10
1283.5
 20
-213.67776836756295
 10
1283.5
 20
-213.927736608088
 10
1283.5
 20
-214.17770484861316
 10
1283.5
 20
-214.4276730891382
 10
1283.5
 20
-214.67764132966326
 10
1283.5
 20
-214.92760957018842
 10
1283.5
 20
-215.17757781071347
 10
1283.5
 20
-215.42754605123852
 10
1283.5
 20
-215.67751429176369
 10
1283.5
 20
-215.92748253228874
 10
1283.5
 20
-216.17745077281378
 10
1283.727419013339
 20
-216.20000000000002
 10
1283.977387253864
 20
-216.20000000000002
 10
1284.227355494389
 20
-216.20000000000002
 10
1284.477323734914
 20
-216.20000000000002
 10
1284.7272919754391
 20
-216.20000000000002
 10
1284.9772602159644
 20
-216.20000000000002
 10
1285.2272284564895
 20
-216.20000000000002
 10
1285.4771966970145
 20
-216.20000000000002
 10
1285.7271649375398
 20
-216.20000000000002
 10
1285.9771331780648
 20
-216.20000000000002
 10
1286.2271014185899
 20
-216.20000000000002
 10
1286.477069659115
 20
-216.20000000000002
 10
1286.72703789964
 20
-216.20000000000002
 10
1286.977006140165
 20
-216.20000000000002
 10
1287.2269743806903
 20
-216.20000000000002
 10
1287.4769426212154
 20
-216.20000000000002
 10
1287.7269108617406
 20
-216.20000000000002
 10
1287.9768791022657
 20
-216.20000000000002
 10
1288.2268473427907
 20
-216.20000000000002
 10
1288.4768155833158
 20
-216.20000000000002
 10
1288.7267838238408
 20
-216.20000000000002
 10
1288.9767520643659
 20
-216.20000000000002
 10
1289.226720304891
 20
-216.20000000000002
 10
1289.476688545416
 20
-216.20000000000002
 10
1289.726656785941
 20
-216.20000000000002
 10
1289.9766250264663
 20
-216.20000000000002
 10
1290.2265932669914
 20
-216.20000000000002
 10
1290.4765615075164
 20
-216.20000000000002
 10
1290.7265297480417
 20
-216.20000000000002
 10
1290.9764979885667
 20
-216.20000000000002
 10
1291.2264662290918
 20
-216.20000000000002
 10
1291.4764344696168
 20
-216.20000000000002
 10
1291.7264027101419
 20
-216.20000000000002
 10
1291.976370950667
 20
-216.20000000000002
 10
1292.226339191192
 20
-216.20000000000002
 10
1292.476307431717
 20
-216.20000000000002
 10
1292.726275672242
 20
-216.20000000000002
 10
1292.9762439127674
 20
-216.20000000000002
 10
1293.2262121532924
 20
-216.20000000000002
 10
1293.4761803938177
 20
-216.20000000000002
 10
1293.7261486343427
 20
-216.20000000000002
 10
1293.9761168748678
 20
-216.20000000000002
 10
1294.2260851153928
 20
-216.20000000000002
 10
1294.4760533559179
 20
-216.20000000000002
 10
1294.726021596443
 20
-216.20000000000002
 10
1294.975989836968
 20
-216.20000000000002
 10
1295.225958077493
 20
-216.20000000000002
 10
1295.475926318018
 20
-216.20000000000002
 10
1295.7258945585434
 20
-216.20000000000002
 10
1295.9758627990684
 20
-216.20000000000002
 10
1296.2258310395935
 20
-216.20000000000002
 10
1296.4757992801187
 20
-216.20000000000002
 10
1296.7257675206438
 20
-216.20000000000002
 10
1296.9757357611688
 20
-216.20000000000002
 10
1297.2257040016939
 20
-216.20000000000002
 10
1297.475672242219
 20
-216.20000000000002
 10
1297.725640482744
 20
-216.20000000000002
 10
1297.975608723269
 20
-216.20000000000002
 10
1298.225576963794
 20
-216.20000000000002
 10
1298.4755452043194
 20
-216.20000000000002
 10
1298.7255134448444
 20
-216.20000000000002
 10
1298.9754816853695
 20
-216.20000000000002
 10
1299.2254499258947
 20
-216.20000000000002
 10
1299.4754181664198
 20
-216.20000000000002
 10
1299.7253864069448
 20
-216.20000000000002
 10
1299.9753546474699
 20
-216.20000000000002
 10
1300.225322887995
 20
-216.20000000000002
 10
1300.47529112852
 20
-216.20000000000002
 10
1300.5
 20
-215.97474063095487
 10
1300.5
 20
-215.72477239042982
 10
1300.5
 20
-215.47480414990477
 10
1300.5
 20
-215.2248359093796
 10
1300.5
 20
-214.97486766885456
 10
1300.5
 20
-214.7248994283295
 10
1300.5
 20
-214.47493118780434
 10
1300.5
 20
-214.2249629472793
 10
1300.5
 20
-213.97499470675425
 10
1300.5
 20
-213.72502646622908
 10
1300.5
 20
-213.47505822570403
 10
1300.5
 20
-213.22508998517887
 10
1300.5
 20
-212.97512174465382
 10
1300.5
 20
-212.72515350412877
 10
1300.5
 20
-212.4751852636036
 10
1300.5
 20
-212.22521702307856
 10
1300.5
 20
-211.9752487825535
 10
1300.5
 20
-211.72528054202834
 10
1300.5
 20
-211.4753123015033
 10
1300.5
 20
-211.22534406097824
 10
1300.5
 20
-210.97537582045308
 10
1300.5
 20
-210.72540757992803
 10
1300.5
 20
-210.47543933940298
 10
1300.5
 20
-210.22547109887782
 10
1300.5
 20
-209.97550285835277
 10
1300.5
 20
-209.72553461782772
 10
1300.5
 20
-209.47556637730256
 10
1300.5
 20
-209.2255981367775
 10
1300.5
 20
-208.97562989625246
 10
1300.5
 20
-208.7256616557273
 10
1300.5
 20
-208.47569341520224
 10
1300.5
 20
-208.2257251746772
 10
1300.5
 20
-207.97575693415203
 10
1300.5
 20
-207.72578869362698
 10
1300.5
 20
-207.47582045310182
 10
1300.5
 20
-207.22585221257677
 10
1300.5
 20
-206.97588397205172
 10
1300.5
 20
-206.72591573152656
 10
1300.5
 20
-206.4759474910015
 10
1300.5
 20
-206.22597925047646
 10
1300.5
 20
-205.9760110099513
 10
1300.5
 20
-205.72604276942624
 10
1300.5
 20
-205.4760745289012
 10
1300.5
 20
-205.22610628837603
 10
1300.5
 20
-204.97613804785098
 10
1300.5
 20
-204.72616980732593
 10
1300.5
 20
-204.47620156680077
 10
1300.5
 20
-204.22623332627572
 10
1300.5
 20
-203.97626508575067
 10
1300.5
 20
-203.7262968452255
 10
1300.7236713952996
 20
-203.70000000000002
 10
1300.9736396358246
 20
-203.70000000000002
 10
1301.22360787635
 20
-203.70000000000002
 10
1301.473576116875
 20
-203.70000000000002
 10
1301.7235443574
 20
-203.70000000000002
 10
1301.973512597925
 20
-203.70000000000002
 10
1302.22348083845
 20
-203.70000000000002
 10
1302.4734490789751
 20
-203.70000000000002
 10
1302.7234173195002
 20
-203.70000000000002
 10
1302.9733855600252
 20
-203.70000000000002
 10
1303.2233538005505
 20
-203.70000000000002
 10
1303.4733220410756
 20
-203.70000000000002
 10
1303.7232902816006
 20
-203.70000000000002
 10
1303.973258522126
 20
-203.70000000000002
 10
1304.0
 20
-203.9232267626509
 10
1304.0
 20
-204.17319500317595
 10
1304.0
 20
-204.4231632437011
 10
1304.0
 20
-204.67313148422616
 10
1304.0
 20
-204.9230997247512
 10
1304.0
 20
-205.17306796527637
 10
1304.0
 20
-205.42303620580142
 10
1304.0
 20
-205.67300444632647
 10
1304.0
 20
-205.92297268685164
 10
1304.0
 20
-206.1729409273767
 10
1304.0
 20
-206.42290916790185
 10
1304.0
 20
-206.6728774084269
 10
1304.0
 20
-206.92284564895195
 10
1304.0
 20
-207.1728138894771
 10
1304.0
 20
-207.42278213000216
 10
1304.0
 20
-207.6727503705272
 10
1304.0
 20
-207.92271861105237
 10
1304.0
 20
-208.17268685157742
 10
1304.0
 20
-208.42265509210247
 10
1304.0
 20
-208.67262333262764
 10
1304.0
 20
-208.9225915731527
 10
1304.0
 20
-209.17255981367774
 10
1304.0
 20
-209.4225280542029
 10
1304.0
 20
-209.67249629472795
 10
1304.0
 20
-209.922464535253
 10
1304.0
 20
-210.17243277577816
 10
1304.0
 20
-210.4224010163032
 10
1304.0
 20
-210.67236925682826
 10
1304.0
 20
-210.92233749735342
 10
1304.0
 20
-211.17230573787847
 10
1304.0
 20
-211.42227397840364
 10
1304.0
 20
-211.6722422189287
 10
1304.0
 20
-211.92221045945374
 10
1304.0
 20
-212.1721786999789
 10
1304.0
 20
-212.42214694050395
 10
1304.0
 20
-212.672115181029
 10
1304.0
 20
-212.92208342155416
 10
1304.0
 20
-213.1720516620792
 10
1304.0
 20
-213.42201990260426
 10
1304.0
 20
-213.67198814312943
 10
1304.0
 20
-213.92195638365448
 10
1304.0
 20
-214.17192462417952
 10
1304.0
 20
-214.4218928647047
 10
1304.0
 20
-214.67186110522974
 10
1304.0
 20
-214.9218293457548
 10
1304.0
 20
-215.17179758627995
 10
1304.0
 20
-215.421765826805
 10
1304.0
 20
-215.67173406733005
 10
1304.0
 20
-215.9217023078552
 10
1304.0
 20
-216.17167054838026
 10
1304.0
 20
-216.4216387889053
 10
1304.0
 20
-216.67160702943048
 10
1304.0
 20
-216.92157526995553
 10
1304.0
 20
-217.1715435104807
 10
1304.0
 20
-217.42151175100574
 10
1304.0
 20
-217.6714799915308
 10
1304.0
 20
-217.92144823205595
 10
1304.0
 20
-218.171416472581
 10
1304.0
 20
-218.42138471310605
 10
1304.0
 20
-218.6713529536312
 10
1304.0
 20
-218.92132119415626
 10
1304.0
 20
-219.1712894346813
 10
1304.0
 20
-219.42125767520648
 10
1304.0
 20
-219.67122591573153
 10
1304.0
 20
-219.92119415625658
 10
1304.0
 20
-220.17116239678174
 10
1304.0
 20
-220.4211306373068
 10
1304.0
 20
-220.67109887783184
 10
1304.0
 20
-220.921067118357
 10
1304.0
 20
-221.17103535888205
 10
1304.0
 20
-221.4210035994071
 10
1304.0
 20
-221.67097183993226
 10
1304.0
 20
-221.9209400804573
 10
1304.0
 20
-222.17090832098248
 10
1304.0
 20
-222.42087656150753
 10
1304.0
 20
-222.67084480203258
 10
1304.0
 20
-222.92081304255774
 10
1304.0
 20
-223.1707812830828
 10
1304.0
 20
-223.42074952360784
 10
1304.0
 20
-223.670717764133
 10
1304.0
 20
-223.92068600465805
 10
1304.0
 20
-224.1706542451831
 10
1304.0
 20
-224.42062248570838
 10
1304.0
 20
-224.67059072623343
 10
1304.0
 20
-224.9205589667586
 10
1304.0
 20
-225.17052720728364
 10
1304.0
 20
-225.4204954478087
 10
1304.0
 20
-225.67046368833385
 10
1304.0
 20
-225.9204319288589
 10
1304.0
 20
-226.17040016938395
 10
1304.0
 20
-226.42036840990912
 10
1304.0
 20
-226.67033665043417
 10
1304.0
 20
-226.92030489095922
 10
1304.0
 20
-227.17027313148438
 10
1304.0
 20
-227.42024137200943
 10
1304.0
 20
-227.67020961253448
 10
1304.0
 20
-227.92017785305964
 10
1304.0
 20
-228.1701460935847
 10
1304.0
 20
-228.42011433410974
 10
1304.0
 20
-228.6700825746349
 10
1304.0
 20
-228.92005081515995
 10
1304.0
 20
-229.170019055685
 10
1304.0
 20
-229.41998729621017
 10
1304.0
 20
-229.66995553673522
 10
1304.0
 20
-229.91992377726027
 10
1304.0
 20
-230.16989201778543
 10
1304.0
 20
-230.41986025831048
 10
1304.0
 20
-230.66982849883564
 10
1304.0
 20
-230.9197967393607
 10
1304.0
 20
-231.16976497988574
 10
1304.0
 20
-231.4197332204109
 10
1304.0
 20
-231.66970146093595
 10
1304.0
 20
-231.919669701461
 10
1304.0
 20
-232.16963794198617
 10
1304.0
 20
-232.41960618251122
 10
1304.0
 20
-232.66957442303627
 10
1304.0
 20
-232.91954266356143
 10
1304.0
 20
-233.16951090408648
 10
1304.0
 20
-233.41947914461153
 10
1304.0
 20
-233.6694473851367
 10
1304.0
 20
-233.91941562566174
 10
1304.0
 20
-234.1693838661868
 10
1304.0
 20
-234.41935210671195
 10
1304.0
 20
-234.669320347237
 10
1304.0
 20
-234.91928858776205
 10
1304.0
 20
-235.16925682828722
 10
1304.0
 20
-235.41922506881227
 10
1304.0
 20
-235.66919330933743
 10
1304.0
 20
-235.91916154986248
 10
1304.0
 20
-236.16912979038753
 10
1304.0
 20
-236.4190980309127
 10
1304.0
 20
-236.66906627143774
 10
1304.0
 20
-236.9190345119628
 10
1304.0
 20
-237.16900275248796
 10
1304.0
 20
-237.418970993013
 10
1304.0
 20
-237.66893923353805
 10
1304.0
 20
-237.91890747406322
 10
1304.0
 20
-238.16887571458827
 10
1304.0
 20
-238.41884395511332
 10
1304.0
 20
-238.66881219563848
 10
1304.0
 20
-238.91878043616353
 10
1304.0
 20
-239.16874867668858
 10
1304.0
 20
-239.41871691721374
 10
1304.0
 20
-239.6686851577388
 10
1304.0
 20
-239.91865339826384
 10
1304.0
 20
-240.168621638789
 10
1304.0
 20
-240.41858987931406
 10
1304.0
 20
-240.66855811983922
 10
1304.0
 20
-240.91852636036427
 10
1304.0
 20
-241.16849460088932
 10
1304.0
 20
-241.41846284141448
 10
1304.0
 20
-241.66843108193953
 10
1304.0
 20
-241.91839932246458
 10
1304.0
 20
-242.16836756298974
 10
1304.0
 20
-242.4183358035148
 10
1304.0
 20
-242.66830404403984
 10
1304.0
 20
-242.918272284565
 10
1304.0
 20
-243.16824052509006
 10
1304.0
 20
-243.4182087656151
 10
1304.0
 20
-243.66817700614027
 10
1304.0
 20
-243.91814524666532
 10
1304.0
 20
-244.16811348719037
 10
1304.0
 20
-244.41808172771553
 10
1304.0
 20
-244.66804996824058
 10
1304.0
 20
-244.91801820876563
 10
1304.0
 20
-245.1679864492908
 10
1304.0
 20
-245.41795468981584
 10
1304.0
 20
-245.667922930341
 10
1304.0
 20
-245.91789117086606
 10
1304.0
 20
-246.1678594113911
 10
1304.0
 20
-246.41782765191627
 10
1304.0
 20
-246.66779589244132
 10
1304.0
 20
-246.91776413296637
 10
1304.0
 20
-247.16773237349153
 10
1304.0
 20
-247.41770061401658
 10
1304.0
 20
-247.66766885454163
 10
1304.0
 20
-247.9176370950668
 10
1304.0
 20
-248.16760533559184
 10
1304.0
 20
-248.4175735761169
 10
1304.0
 20
-248.66754181664206
 10
1304.0
 20
-248.9175100571671
 10
1304.0
 20
-249.16747829769216
 10
1304.0
 20
-249.41744653821732
 10
1304.0
 20
-249.66741477874237
 10
1304.0
 20
-249.91738301926742
 10
1304.0
 20
-250.16735125979258
 10
1304.0
 20
-250.41731950031763
 10
1304.0
 20
-250.66728774084268
 10
1304.0
 20
-250.91725598136784
 10
1304.0
 20
-251.1672242218929
 10
1304.0
 20
-251.41719246241806
 10
1304.0
 20
-251.6671607029431
 10
1304.0
 20
-251.91712894346816
 10
1304.0
 20
-252.16709718399332
 10
1304.0
 20
-252.41706542451837
 10
1304.0
 20
-252.66703366504342
 10
1304.0
 20
-252.91700190556858
 10
1304.0
 20
-253.16697014609363
 10
1304.0
 20
-253.41693838661868
 10
1304.0
 20
-253.66690662714385
 10
1304.0
 20
-253.9168748676689
 10
1304.0
 20
-254.16684310819394
 10
1304.0
 20
-254.4168113487191
 10
1304.0
 20
-254.66677958924416
 10
1304.0
 20
-254.9167478297692
 10
1304.0
 20
-255.16671607029437
 10
1304.0
 20
-255.41668431081942
 10
1304.0
 20
-255.66665255134447
 10
1304.0
 20
-255.91662079186963
 10
1304.0
 20
-256.16658903239465
 10
1304.0
 20
-256.4165572729198
 10
1304.0
 20
-256.66652551344487
 10
1304.0
 20
-256.9164937539699
 10
1304.0
 20
-257.1664619944951
 10
1304.0
 20
-257.41643023502013
 10
1304.0
 20
-257.6663984755452
 10
1304.0
 20
-257.91636671607034
 10
1304.0
 20
-258.1663349565954
 10
1304.0
 20
-258.41630319712044
 10
1304.0
 20
-258.6662714376456
 10
1304.0
 20
-258.91623967817065
 10
1304.0
 20
-259.1662079186957
 10
1304.0
 20
-259.41617615922087
 10
1304.0
 20
-259.6661443997459
 10
1304.0
 20
-259.91611264027097
 10
1304.0
 20
-260.16608088079613
 10
1304.0
 20
-260.4160491213212
 10
1304.0
 20
-260.66601736184623
 10
1304.0
 20
-260.9159856023714
 10
1304.0
 20
-261.16595384289644
 10
1304.0
 20
-261.4159220834216
 10
1304.0
 20
-261.66589032394666
 10
1304.0
 20
-261.9158585644717
 10
1304.0
 20
-262.16582680499687
 10
1304.0
 20
-262.4157950455219
 10
1304.0
 20
-262.66576328604697
 10
1304.0
 20
-262.91573152657213
 10
1304.0
 20
-263.1656997670972
 10
1304.0
 20
-263.41566800762223
 10
1304.0
 20
-263.6656362481474
 10
1304.0
 20
-263.91560448867244
 10
1304.0
 20
-264.1655727291975
 10
1304.0
 20
-264.41554096972266
 10
1304.0
 20
-264.6655092102477
 10
1304.0
 20
-264.91547745077276
 10
1304.0
 20
-265.1654456912979
 10
1304.0
 20
-265.41541393182297
 10
1304.0
 20
-265.665382172348
 10
1304.0
 20
-265.9153504128732
 10
1304.0
 20
-266.16531865339823
 10
1304.0
 20
-266.4152868939233
 10
1304.0
 20
-266.66525513444844
 10
1304.0
 20
-266.9152233749735
 10
1304.0
 20
-267.16519161549866
 10
1304.0
 20
-267.4151598560237
 10
1304.0
 20
-267.66512809654876
 10
1304.0
 20
-267.9150963370739
 10
1304.0
 20
-268.16506457759897
 10
1304.0
 20
-268.415032818124
 10
1304.0
 20
-268.6650010586492
 10
1304.0
 20
-268.91496929917423
 10
1304.0
 20
-269.1649375396993
 10
1304.0
 20
-269.41490578022444
 10
1304.0
 20
-269.6648740207495
 10
1304.0
 20
-269.91484226127454
 10
1304.0
 20
-270.1648105017997
 10
1304.0
 20
-270.41477874232476
 10
1304.0
 20
-270.6647469828498
 10
1304.0
 20
-270.91471522337497
 10
1304.0
 20
-271.1646834639
 10
1304.0
 20
-271.41465170442507
 10
1304.0
 20
-271.66461994495023
 10
1304.0
 20
-271.9145881854753
 10
1304.0
 20
-272.16455642600044
 10
1304.0
 20
-272.4145246665255
 10
1304.0
 20
-272.66449290705054
 10
1304.0
 20
-272.9144611475757
 10
1304.0
 20
-273.16442938810076
 10
1304.0
 20
-273.4143976286258
 10
1304.0
 20
-273.66436586915097
 10
1304.0
 20
-273.914334109676
 10
1304.0
 20
-274.16430235020107
 10
1304.0
 20
-274.4142705907263
 10
1304.0
 20
-274.6642388312513
 10
1304.0
 20
-274.91420707177633
 10
1304.0
 20
-275.1641753123015
 10
1304.0
 20
-275.41414355282654
 10
1304.0
 20
-275.6641117933518
 10
1304.0
 20
-275.91408003387687
 10
1304.0
 20
-276.1640482744019
 10
1304.0
 20
-276.4140165149271
 10
1304.0
 20
-276.66398475545213
 10
1304.0
 20
-276.9139529959772
 10
1304.0
 20
-277.1639212365024
 10
1304.0
 20
-277.41388947702745
 10
1304.0
 20
-277.66385771755245
 10
1304.0
 20
-277.9138259580776
 10
1304.0
 20
-278.16379419860266
 10
1304.0
 20
-278.4137624391277
 10
1304.0
 20
-278.6637306796529
 10
1304.0
 20
-278.913698920178
 10
1304.0
 20
-279.163667160703
 10
1304.0
 20
-279.41363540122813
 10
1304.0
 20
-279.6636036417532
 10
1304.0
 20
-279.91357188227835
 10
1304.0
 20
-280.1635401228034
 10
1304.0
 20
-280.41350836332845
 10
1304.0
 20
-280.6634766038536
 10
1304.0
 20
-280.91344484437866
 10
1304.0
 20
-281.1634130849037
 10
1304.0
 20
-281.4133813254289
 10
1304.0
 20
-281.6633495659539
 10
1304.0
 20
-281.913317806479
 10
1304.0
 20
-282.1632860470042
 10
1304.0
 20
-282.4132542875292
 10
1304.0
 20
-282.66322252805423
 10
1304.0
 20
-282.9131907685794
 10
1304.0
 20
-283.16315900910445
 10
1304.0
 20
-283.4131272496295
 10
1304.0
 20
-283.6630954901547
 10
1304.0
 20
-283.91306373067977
 10
1304.0
 20
-284.16303197120476
 10
1304.0
 20
-284.4130002117299
 10
1304.0
 20
-284.662968452255
 10
1304.0
 20
-284.91293669278
 10
1304.0
 20
-285.1629049333052
 10
1304.0
 20
-285.41287317383023
 10
1304.0
 20
-285.6628414143554
 10
1304.0
 20
-285.91280965488045
 10
1304.0
 20
-286.1627778954055
 10
1304.0
 20
-286.41274613593066
 10
1304.0
 20
-286.6627143764557
 10
1304.0
 20
-286.91268261698076
 10
1304.0
 20
-287.1626508575059
 10
1304.0
 20
-287.412619098031
 10
1304.0
 20
-287.662587338556
 10
1304.0
 20
-287.9125555790812
 10
1304.0
 20
-288.16252381960624
 10
1304.0
 20
-288.4124920601313
 10
1304.0
 20
-288.6624603006565
 10
1304.0
 20
-288.91242854118155
 10
1304.0
 20
-289.16239678170655
 10
1304.0
 20
-289.4123650222317
 10
1304.0
 20
-289.66233326275676
 10
1304.0
 20
-289.9123015032818
 10
1304.0
 20
-290.162269743807
 10
1304.0
 20
-290.4122379843321
 10
1304.0
 20
-290.6622062248572
 10
1304.0
 20
-290.91217446538224
 10
1304.0
 20
-291.1621427059073
 10
1304.0
 20
-291.41211094643245
 10
1304.0
 20
-291.6620791869575
 10
1304.0
 20
-291.91204742748255
 10
1304.0
 20
-292.1620156680077
 10
1304.0
 20
-292.41198390853276
 10
1304.0
 20
-292.6619521490578
 10
1304.0
 20
-292.911920389583
 10
1304.0
 20
-293.161888630108
 10
1304.0
 20
-293.4118568706331
 10
1304.0
 20
-293.6618251111583
 10
1304.0
 20
-293.9117933516833
 10
1304.0
 20
-294.16176159220834
 10
1304.0
 20
-294.4117298327335
 10
1304.0
 20
-294.66169807325855
 10
1304.0
 20
-294.9116663137836
 10
1304.0
 20
-295.16163455430876
 10
1304.0
 20
-295.41160279483387
 10
1304.0
 20
-295.661571035359
 10
1304.0
 20
-295.911539275884
 10
1304.0
 20
-296.1615075164091
 10
1304.0
 20
-296.41147575693424
 10
1304.0
 20
-296.6614439974593
 10
1304.0
 20
-296.91141223798434
 10
1304.0
 20
-297.1613804785095
 10
1304.0
 20
-297.41134871903455
 10
1304.0
 20
-297.6613169595596
 10
1304.0
 20
-297.91128520008476
 10
1304.0
 20
-298.1612534406098
 10
1304.0
 20
-298.41122168113486
 10
1304.0
 20
-298.6611899216601
 10
1304.0
 20
-298.9111581621851
 10
1304.0
 20
-299.1611264027101
 10
1304.0
 20
-299.4110946432353
 10
1304.0
 20
-299.66106288376034
 10
1304.0
 20
-299.9110311242854
 10
1304.0
 20
-300.1609993648106
 10
1304.0
 20
-300.41096760533566
 10
1304.0
 20
-300.66093584586065
 10
1304.0
 20
-300.9109040863858
 10
1304.0
 20
-301.16087232691086
 10
1304.0
 20
-301.410840567436
 10
1304.0
 20
-301.6608088079611
 10
1304.0
 20
-301.9107770484861
 10
1304.0
 20
-302.1607452890113
 10
1304.0
 20
-302.41071352953634
 10
1304.0
 20
-302.6606817700614
 10
1304.0
 20
-302.91065001058655
 10
1304.0
 20
-303.1606182511116
 10
1304.0
 20
-303.41058649163665
 10
1304.0
 20
-303.6605547321618
 10
1304.0
 20
-303.91052297268686
 10
1304.0
 20
-304.1604912132119
 10
1304.0
 20
-304.4104594537371
 10
1304.0
 20
-304.6604276942621
 10
1304.0
 20
-304.9103959347872
 10
1304.0
 20
-305.16036417531234
 10
1304.0
 20
-305.4103324158374
 10
1304.0
 20
-305.66030065636244
 10
1304.0
 20
-305.9102688968876
 10
1304.0
 20
-306.16023713741265
 10
1304.0
 20
-306.4102053779378
 10
1304.0
 20
-306.66017361846286
 10
1304.0
 20
-306.9101418589879
 10
1304.0
 20
-307.1601100995131
 10
1304.0
 20
-307.4100783400381
 10
1304.0
 20
-307.6600465805632
 10
1304.0
 20
-307.91001482108834
 10
1304.0
 20
-308.1599830616134
 10
1304.0
 20
-308.40995130213844
 10
1304.0
 20
-308.6599195426636
 10
1304.0
 20
-308.90988778318865
 10
1304.0
 20
-309.1598560237137
 10
1304.0
 20
-309.40982426423886
 10
1304.0
 20
-309.6597925047639
 10
1304.0
 20
-309.90976074528896
 10
1304.0
 20
-310.1597289858141
 10
1304.0
 20
-310.4096972263392
 10
1304.0
 20
-310.6596654668642
 10
1304.0
 20
-310.9096337073894
 10
1304.0
 20
-311.15960194791444
 10
1304.0
 20
-311.4095701884396
 10
1304.0
 20
-311.65953842896465
 10
1304.0
 20
-311.9095066694897
 10
1304.0
 20
-312.15947491001486
 10
1304.0
 20
-312.4094431505399
 10
1304.0
 20
-312.65941139106496
 10
1304.0
 20
-312.9093796315901
 10
1304.0
 20
-313.1593478721152
 10
1304.0
 20
-313.4093161126402
 10
1304.0
 20
-313.6592843531654
 10
1304.0
 20
-313.90925259369044
 10
1304.0
 20
-314.1592208342155
 10
1304.0
 20
-314.40918907474065
 10
1304.0
 20
-314.6591573152657
 10
1304.0
 20
-314.90912555579075
 10
1304.0
 20
-315.1590937963159
 10
1304.0
 20
-315.40906203684096
 10
1304.0
 20
-315.659030277366
 10
1304.0
 20
-315.9089985178912
 10
1304.0
 20
-316.1589667584162
 10
1304.0
 20
-316.4089349989413
 10
1304.0
 20
-316.65890323946644
 10
1304.0
 20
-316.9088714799915
 10
1304.0
 20
-317.15883972051665
 10
1304.0
 20
-317.4088079610417
 10
1304.0
 20
-317.65877620156675
 10
1304.0
 20
-317.9087444420919
 10
1304.0
 20
-318.15871268261697
 10
1304.0
 20
-318.408680923142
 10
1304.0
 20
-318.6586491636672
 10
1304.0
 20
-318.9086174041922
 10
1304.0
 20
-319.1585856447173
 10
1304.0
 20
-319.40855388524244
 10
1304.0
 20
-319.6585221257675
 10
1304.0
 20
-319.90849036629254
 10
1304.0
 20
-320.1584586068177
 10
1304.0
 20
-320.40842684734275
 10
1304.0
 20
-320.6583950878678
 10
1304.0
 20
-320.90836332839297
 10
1304.0
 20
-321.158331568918
 10
1304.0
 20
-321.40829980944306
 10
1304.0
 20
-321.6582680499682
 10
1304.0
 20
-321.9082362904933
 10
1304.0
 20
-322.15820453101844
 10
1304.0
 20
-322.4081727715435
 10
1304.0
 20
-322.65814101206854
 10
1304.0
 20
-322.9081092525937
 10
1304.0
 20
-323.15807749311875
 10
1304.0
 20
-323.4080457336438
 10
1304.0
 20
-323.65801397416897
 10
1304.0
 20
-323.907982214694
 10
1304.0
 20
-324.15795045521907
 10
1304.0
 20
-324.40791869574423
 10
1304.0
 20
-324.6578869362693
 10
1304.0
 20
-324.9078551767943
 10
1304.0
 20
-325.1578234173195
 10
1304.0
 20
-325.40779165784454
 10
1304.0
 20
-325.6577598983696
 10
1304.0
 20
-325.90772813889475
 10
1304.0
 20
-326.1576963794198
 10
1304.0
 20
-326.40766461994485
 10
1304.0
 20
-326.65763286047
 10
1304.0
 20
-326.9076011009952
 10
1304.0
 20
-327.15756934152034
 10
1304.0
 20
-327.4075375820454
 10
1304.0
 20
-327.65750582257044
 10
1304.0
 20
-327.9074740630956
 10
1304.0
 20
-328.15744230362066
 10
1304.0
 20
-328.4074105441457
 10
1304.0
 20
-328.65737878467087
 10
1304.0
 20
-328.9073470251959
 10
1304.0
 20
-329.15731526572097
 10
1304.0
 20
-329.40728350624613
 10
1304.0
 20
-329.6572517467712
 10
1304.0
 20
-329.90721998729634
 10
1304.0
 20
-330.1571882278214
 10
1304.0
 20
-330.40715646834644
 10
1304.0
 20
-330.6571247088716
 10
1304.0
 20
-330.90709294939666
 10
1304.0
 20
-331.1570611899217
 10
1304.0
 20
-331.40702943044687
 10
1304.0
 20
-331.6569976709719
 10
1304.0
 20
-331.90696591149697
 10
1304.0
 20
-332.15693415202213
 10
1304.0
 20
-332.4069023925472
 10
1304.0
 20
-332.65687063307223
 10
1304.0
 20
-332.9068388735974
 10
1304.0
 20
-333.15680711412244
 10
1304.0
 20
-333.4067753546475
 10
1304.0
 20
-333.65674359517266
 10
1304.0
 20
-333.9067118356977
 10
1304.0
 20
-334.15668007622276
 10
1304.0
 20
-334.4066483167479
 10
1304.0
 20
-334.65661655727297
 10
1304.0
 20
-334.906584797798
 10
1304.0
 20
-335.1565530383232
 10
1304.0
 20
-335.40652127884823
 10
1304.0
 20
-335.6564895193734
 10
1304.0
 20
-335.90645775989844
 10
1304.0
 20
-336.1564260004235
 10
1304.0
 20
-336.40639424094866
 10
1304.0
 20
-336.6563624814737
 10
1304.0
 20
-336.90633072199876
 10
1304.0
 20
-337.156298962524
 10
1304.0
 20
-337.40626720304897
 10
1304.0
 20
-337.656235443574
 10
1304.0
 20
-337.9062036840992
 10
1304.0
 20
-338.1561719246243
 10
1304.0
 20
-338.4061401651493
 10
1304.0
 20
-338.65610840567444
 10
1304.0
 20
-338.90607664619955
 10
1304.0
 20
-339.15604488672454
 10
1304.0
 20
-339.4060131272497
 10
1304.0
 20
-339.65598136777476
 10
1304.0
 20
-339.90594960829986
 10
1304.0
 20
-340.15591784882497
 10
1304.0
 20
-340.40588608935
 10
1304.0
 20
-340.6558543298752
 10
1304.0
 20
-340.90582257040023
 10
1304.0
 20
-341.1557908109253
 10
1304.0
 20
-341.40575905145045
 10
1304.0
 20
-341.6557272919755
 10
1304.0
 20
-341.90569553250054
 10
1304.0
 20
-342.1556637730257
 10
1304.0
 20
-342.40563201355076
 10
1304.0
 20
-342.6556002540758
 10
1304.0
 20
-342.905568494601
 10
1304.0
 20
-343.155536735126
 10
1304.0
 20
-343.40550497565107
 10
1304.0
 20
-343.65547321617623
 10
1304.0
 20
-343.90544145670134
 10
1304.0
 20
-344.15540969722633
 10
1304.0
 20
-344.4053779377515
 10
1304.0
 20
-344.6553461782766
 10
1304.0
 20
-344.90531441880165
 10
1304.0
 20
-345.15528265932676
 10
1304.0
 20
-345.4052508998518
 10
1304.0
 20
-345.65521914037697
 10
1304.0
 20
-345.905187380902
 10
1304.0
 20
-346.15515562142707
 10
1304.0
 20
-346.40512386195223
 10
1304.0
 20
-346.6550921024773
 10
1304.0
 20
-346.90506034300233
 10
1304.0
 20
-347.1550285835275
 10
1304.0
 20
-347.40499682405255
 10
1304.0
 20
-347.6549650645776
 10
1304.0
 20
-347.9049333051028
 10
1304.0
 20
-348.1549015456278
 10
1304.0
 20
-348.40486978615286
 10
1304.0
 20
-348.6548380266781
 10
1304.0
 20
-348.90480626720307
 10
1304.0
 20
-349.1547745077281
 10
1304.0
 20
-349.4047427482533
 10
1304.0
 20
-349.6547109887784
 10
1304.0
 20
-349.9046792293034
 10
1304.0
 20
-350.15464746982855
 10
1304.0
 20
-350.4046157103536
 10
1304.0
 20
-350.6545839508787
 10
1304.0
 20
-350.9045521914038
 10
1304.0
 20
-351.15452043192886
 10
1304.0
 20
-351.404488672454
 10
1304.0
 20
-351.6544569129791
 10
1304.0
 20
-351.9044251535041
 10
1304.0
 20
-352.1543933940293
 10
1304.0
 20
-352.40436163455433
 10
1304.0
 20
-352.6543298750794
 10
1304.0
 20
-352.90429811560455
 10
1304.0
 20
-353.1542663561296
 10
1304.0
 20
-353.40423459665465
 10
1304.0
 20
-353.6542028371798
 10
1304.0
 20
-353.90417107770486
 10
1304.0
 20
-354.1541393182299
 10
1304.0
 20
-354.4041075587551
 10
1304.0
 20
-354.6540757992801
 10
1304.0
 20
-354.90404403980517
 10
1304.0
 20
-355.15401228033033
 10
1304.0
 20
-355.4039805208554
 10
1304.0
 20
-355.65394876138043
 10
1304.0
 20
-355.9039170019056
 10
1304.0
 20
-356.15388524243065
 10
1304.0
 20
-356.4038534829558
 10
1304.0
 20
-356.65382172348086
 10
1304.0
 20
-356.9037899640059
 10
1304.0
 20
-357.1537582045311
 10
1304.0
 20
-357.4037264450561
 10
1304.0
 20
-357.6536946855812
 10
1304.0
 20
-357.90366292610634
 10
1304.0
 20
-358.1536311666314
 10
1304.0
 20
-358.40359940715643
 10
1304.0
 20
-358.6535676476816
 10
1304.0
 20
-358.90353588820665
 10
1304.0
 20
-359.1535041287317
 10
1304.0
 20
-359.40347236925686
 10
1304.0
 20
-359.6534406097819
 10
1304.0
 20
-359.90340885030696
 10
1304.0
 20
-360.1533770908321
 10
1304.0
 20
-360.4033453313572
 10
1304.0
 20
-360.6533135718822
 10
1304.0
 20
-360.9032818124074
 10
1304.0
 20
-361.15325005293244
 10
1304.0
 20
-361.4032182934576
 10
1304.0
 20
-361.65318653398265
 10
1304.0
 20
-361.9031547745077
 10
1304.0
 20
-362.15312301503286
 10
1304.0
 20
-362.4030912555579
 10
1304.0
 20
-362.65305949608296
 10
1304.0
 20
-362.9030277366081
 10
1304.0
 20
-363.1529959771332
 10
1304.0
 20
-363.4029642176582
 10
1304.0
 20
-363.6529324581834
 10
1304.0
 20
-363.90290069870844
 10
1304.0
 20
-364.1528689392335
 10
1304.0
 20
-364.40283717975865
 10
1304.0
 20
-364.6528054202837
 10
1304.0
 20
-364.90277366080875
 10
1304.0
 20
-365.1527419013339
 10
1304.0
 20
-365.40271014185896
 10
1304.0
 20
-365.652678382384
 10
1304.0
 20
-365.9026466229092
 10
1304.0
 20
-366.1526148634342
 10
1304.0
 20
-366.4025831039593
 10
1304.0
 20
-366.65255134448444
 10
1304.0
 20
-366.9025195850095
 10
1304.0
 20
-367.15248782553465
 10
1304.0
 20
-367.4024560660597
 10
1304.0
 20
-367.65242430658475
 10
1304.0
 20
-367.9023925471099
 10
1304.0
 20
-368.15236078763496
 10
1304.0
 20
-368.40232902816
 10
1304.0
 20
-368.6522972686852
 10
1304.0
 20
-368.9022655092102
 10
1304.0
 20
-369.1522337497353
 10
1304.0
 20
-369.40220199026044
 10
1304.0
 20
-369.6521702307855
 10
1304.0
 20
-369.90213847131054
 10
1304.0
 20
-370.1521067118357
 10
1304.0
 20
-370.40207495236075
 10
1304.0
 20
-370.6520431928858
 10
1304.0
 20
-370.90201143341096
 10
1304.0
 20
-371.151979673936
 10
1304.0
 20
-371.40194791446106
 10
1304.0
 20
-371.6519161549862
 10
1304.0
 20
-371.9018843955113
 10
1304.0
 20
-372.15185263603644
 10
1304.0
 20
-372.4018208765615
 10
1304.0
 20
-372.65178911708654
 10
1304.0
 20
-372.9017573576117
 10
1304.0
 20
-373.15172559813675
 10
1304.0
 20
-373.4016938386618
 10
1304.0
 20
-373.65166207918696
 10
1304.0
 20
-373.901630319712
 10
1304.0
 20
-374.15159856023706
 10
1304.0
 20
-374.4015668007622
 10
1304.0
 20
-374.6515350412873
 10
1304.0
 20
-374.9015032818123
 10
1304.0
 20
-375.1514715223375
 10
1304.0
 20
-375.40143976286254
 10
1304.0
 20
-375.6514080033876
 10
1304.0
 20
-375.90137624391275
 10
1304.0
 20
-376.1513444844378
 10
1304.0
 20
-376.40131272496285
 10
1304.0
 20
-376.651280965488
 10
1304.0
 20
-376.90124920601306
 10
1304.0
 20
-377.1512174465382
 10
1304.0
 20
-377.4011856870633
 10
1304.0
 20
-377.6511539275883
 10
1304.0
 20
-377.9011221681135
 10
1304.0
 20
-378.15109040863854
 10
1304.0
 20
-378.4010586491637
 10
1304.0
 20
-378.65102688968886
 10
1304.0
 20
-378.9009951302139
 10
1304.0
 20
-379.15096337073896
 10
1304.0
 20
-379.4009316112641
 10
1304.0
 20
-379.6508998517892
 10
1304.0
 20
-379.90086809231434
 10
1304.0
 20
-380.1508363328394
 10
1304.0
 20
-380.40080457336444
 10
1304.0
 20
-380.6507728138896
 10
1304.0
 20
-380.90074105441465
 10
1304.0
 20
-381.1507092949397
 10
1304.0
 20
-381.40067753546487
 10
1304.0
 20
-381.6506457759899
 10
1304.0
 20
-381.90061401651496
 10
1304.0
 20
-382.1505822570401
 10
1304.0
 20
-382.4005504975652
 10
1304.0
 20
-382.6505187380902
 10
1304.0
 20
-382.9004869786154
 10
1304.0
 20
-383.15045521914044
 10
1304.0
 20
-383.4004234596655
 10
1304.0
 20
-383.65039170019065
 10
1304.0
 20
-383.9003599407157
 10
1304.0
 20
-384.15032818124075
 10
1304.0
 20
-384.4002964217659
 10
1304.0
 20
-384.65026466229097
 10
1304.0
 20
-384.900232902816
 10
1304.0
 20
-385.1502011433412
 10
1304.0
 20
-385.4001693838662
 10
1304.0
 20
-385.6501376243914
 10
1304.0
 20
-385.90010586491644
 10
1304.0
 20
-386.1500741054415
 10
1304.0
 20
-386.40004234596665
 10
1304.0
 20
-386.6500105864917
 10
1304.0
 20
-386.89997882701675
 10
1304.0
 20
-387.1499470675419
 10
1304.0
 20
-387.39991530806697
 10
1304.0
 20
-387.649883548592
 10
1304.0
 20
-387.8998517891172
 10
1304.0
 20
-388.1498200296422
 10
1304.0
 20
-388.3997882701673
 10
1304.0
 20
-388.64975651069244
 10
1304.0
 20
-388.8997247512175
 10
1304.0
 20
-389.14969299174254
 10
1304.0
 20
-389.3996612322677
 10
1304.0
 20
-389.64962947279275
 10
1304.0
 20
-389.8995977133178
 10
1304.0
 20
-390.14956595384297
 10
1304.0
 20
-390.399534194368
 10
1304.0
 20
-390.6495024348932
 10
1304.0
 20
-390.89947067541823
 10
1304.0
 20
-391.1494389159433
 10
1304.0
 20
-391.39940715646844
 10
1304.0
 20
-391.6493753969935
 10
1304.0
 20
-391.89934363751854
 10
1304.0
 20
-392.1493118780437
 10
1304.0
 20
-392.39928011856875
 10
1304.0
 20
-392.6492483590938
 10
1304.0
 20
-392.89921659961897
 10
1304.0
 20
-393.149184840144
 10
1304.0
 20
-393.39915308066907
 10
1304.0
 20
-393.64912132119423
 10
1304.0
 20
-393.8990895617193
 10
1304.0
 20
-394.14905780224433
 10
1304.0
 20
-394.3990260427695
 10
1304.0
 20
-394.64899428329454
 10
1304.0
 20
-394.8989625238196
 10
1304.0
 20
-395.14893076434475
 10
1304.0
 20
-395.3988990048698
 10
1304.0
 20
-395.64886724539497
 10
1304.0
 20
-395.89883548592
 10
1304.0
 20
-396.14880372644507
 10
1304.0
 20
-396.39877196697023
 10
1304.0
 20
-396.6487402074953
 10
1304.0
 20
-396.89870844802033
 10
1304.0
 20
-397.1486766885455
 10
1304.0
 20
-397.39864492907054
 10
1304.0
 20
-397.6486131695956
 10
1304.0
 20
-397.89858141012076
 10
1304.0
 20
-398.1485496506458
 10
1304.0
 20
-398.39851789117085
 10
1304.0
 20
-398.648486131696
 10
1304.0
 20
-398.89845437222107
 10
1304.0
 20
-399.1484226127461
 10
1304.0
 20
-399.3983908532713
 10
1304.0
 20
-399.64835909379633
 10
1304.0
 20
-399.8983273343214
 10
1303.8517044251535
 20
-400.0
 10
1303.6017361846284
 20
-400.0
 10
1303.3517679441034
 20
-400.0
 10
1303.1017997035783
 20
-400.0
 10
1302.8518314630533
 20
-400.0
 10
1302.601863222528
 20
-400.0
 10
1302.351894982003
 20
-400.0
 10
1302.1019267414779
 20
-400.0
 10
1301.8519585009526
 20
-400.0
 10
1301.6019902604276
 20
-400.0
 10
1301.3520220199025
 20
-400.0
 10
1301.1020537793775
 20
-400.0
 10
1300.8520855388524
 20
-400.0
 10
1300.6021172983274
 20
-400.0
 10
1300.5
 20
-399.8521490578022
 10
1300.5
 20
-399.60218081727714
 10
1300.5
 20
-399.3522125767521
 10
1300.5
 20
-399.10224433622693
 10
1300.5
 20
-398.8522760957019
 10
1300.5
 20
-398.60230785517683
 10
1300.5
 20
-398.35233961465167
 10
1300.5
 20
-398.1023713741266
 10
1300.5
 20
-397.85240313360157
 10
1300.5
 20
-397.6024348930764
 10
1300.5
 20
-397.35246665255136
 10
1300.5
 20
-397.1024984120262
 10
1300.5
 20
-396.85253017150114
 10
1300.5
 20
-396.6025619309761
 10
1300.5
 20
-396.35259369045093
 10
1300.5
 20
-396.1026254499259
 10
1300.5
 20
-395.85265720940083
 10
1300.5
 20
-395.60268896887567
 10
1300.5
 20
-395.3527207283506
 10
1300.5
 20
-395.10275248782557
 10
1300.5
 20
-394.8527842473004
 10
1300.5
 20
-394.60281600677536
 10
1300.5
 20
-394.3528477662503
 10
1300.5
 20
-394.10287952572514
 10
1300.5
 20
-393.8529112852001
 10
1300.5
 20
-393.60294304467504
 10
1300.5
 20
-393.3529748041499
 10
1300.5
 20
-393.10300656362483
 10
1300.5
 20
-392.8530383230998
 10
1300.5
 20
-392.6030700825746
 10
1300.5
 20
-392.35310184204957
 10
1300.5
 20
-392.1031336015244
 10
1300.5
 20
-391.85316536099936
 10
1300.5
 20
-391.6031971204743
 10
1300.5
 20
-391.35322887994914
 10
1300.5
 20
-391.1032606394241
 10
1300.5
 20
-390.85329239889904
 10
1300.5
 20
-390.6033241583739
 10
1300.5
 20
-390.35335591784883
 10
1300.5
 20
-390.1033876773238
 10
1300.5
 20
-389.8534194367986
 10
1300.5
 20
-389.60345119627357
 10
1300.5
 20
-389.3534829557485
 10
1300.5
 20
-389.10351471522335
 10
1300.5
 20
-388.8535464746983
 10
1300.5
 20
-388.60357823417326
 10
1300.5
 20
-388.3536099936481
 10
1300.5
 20
-388.10364175312304
 10
1300.5
 20
-387.853673512598
 10
1300.5
 20
-387.60370527207283
 10
1300.3537370315478
 20
-387.5
 10
1300.1037687910227
 20
-387.5
 10
1299.8538005504975
 20
-387.5
 10
1299.6038323099724
 20
-387.5
 10
1299.3538640694474
 20
-387.5
 10
1299.1038958289223
 20
-387.5
 10
1298.8539275883973
 20
-387.5
 10
1298.6039593478722
 20
-387.5
 10
1298.3539911073472
 20
-387.5
 10
1298.104022866822
 20
-387.5
 10
1297.8540546262968
 20
-387.5
 10
1297.6040863857718
 20
-387.5
 10
1297.3541181452467
 20
-387.5
 10
1297.1041499047215
 20
-387.5
 10
1296.8541816641964
 20
-387.5
 10
1296.6042134236714
 20
-387.5
 10
1296.3542451831463
 20
-387.5
 10
1296.1042769426213
 20
-387.5
 10
1295.8543087020962
 20
-387.5
 10
1295.6043404615712
 20
-387.5
 10
1295.354372221046
 20
-387.5
 10
1295.104403980521
 20
-387.5
 10
1294.8544357399958
 20
-387.5
 10
1294.6044674994707
 20
-387.5
 10
1294.3544992589455
 20
-387.5
 10
1294.1045310184204
 20
-387.5
 10
1293.8545627778954
 20
-387.5
 10
1293.6045945373703
 20
-387.5
 10
1293.3546262968453
 20
-387.5
 10
1293.1046580563202
 20
-387.5
 10
1292.8546898157952
 20
-387.5
 10
1292.60472157527
 20
-387.5
 10
1292.354753334745
 20
-387.5
 10
1292.1047850942198
 20
-387.5
 10
1291.8548168536947
 20
-387.5
 10
1291.6048486131697
 20
-387.5
 10
1291.3548803726444
 20
-387.5
 10
1291.1049121321194
 20
-387.5
 10
1290.8549438915943
 20
-387.5
 10
1290.6049756510693
 20
-387.5
 10
1290.3550074105442
 20
-387.5
 10
1290.1050391700192
 20
-387.5
 10
1289.855070929494
 20
-387.5
 10
1289.605102688969
 20
-387.5
 10
1289.3551344484438
 20
-387.5
 10
1289.1051662079187
 20
-387.5
 10
1288.8551979673937
 20
-387.5
 10
1288.6052297268684
 20
-387.5
 10
1288.3552614863434
 20
-387.5
 10
1288.1052932458183
 20
-387.5
 10
1287.8553250052933
 20
-387.5
 10
1287.6053567647682
 20
-387.5
 10
1287.3553885242432
 20
-387.5
 10
1287.105420283718
 20
-387.5
 10
1286.8554520431928
 20
-387.5
 10
1286.6054838026675
 20
-387.5
 10
1286.3555155621425
 20
-387.5
 10
1286.1055473216175
 20
-387.5
 10
1285.8555790810924
 20
-387.5
 10
1285.6056108405674
 20
-387.5
 10
1285.3556426000423
 20
-387.5
 10
1285.1056743595173
 20
-387.5
 10
1284.8557061189922
 20
-387.5
 10
1284.6057378784672
 20
-387.5
 10
1284.3557696379419
 20
-387.5
 10
1284.1058013974168
 20
-387.5
 10
1283.8558331568918
 20
-387.5
 10
1283.6058649163665
 20
-387.5
 10
1283.5
 20
-387.64410332415844
 10
1283.5
 20
-387.8940715646835
 10
1283.5
 20
-388.14403980520865
 10
1283.5
 20
-388.3940080457337
 10
1283.5
 20
-388.64397628625875
 10
1283.5
 20
-388.8939445267839
 10
1283.5
 20
-389.14391276730896
 10
1283.5
 20
-389.393881007834
 10
1283.5
 20
-389.6438492483592
 10
1283.5
 20
-389.8938174888842
 10
1283.5
 20
-390.1437857294094
 10
1283.5
 20
-390.39375396993444
 10
1283.5
 20
-390.6437222104595
 10
1283.5
 20
-390.89369045098465
 10
1283.5
 20
-391.1436586915097
 10
1283.5
 20
-391.39362693203475
 10
1283.5
 20
-391.6435951725599
 10
1283.5
 20
-391.89356341308496
 10
1283.5
 20
-392.14353165361
 10
1283.5
 20
-392.3934998941352
 10
1283.5
 20
-392.6434681346602
 10
1283.5
 20
-392.8934363751853
 10
1283.5
 20
-393.14340461571044
 10
1283.5
 20
-393.3933728562355
 10
1283.5
 20
-393.64334109676054
 10
1283.5
 20
-393.8933093372857
 10
1283.5
 20
-394.14327757781075
 10
1283.5
 20
-394.3932458183358
 10
1283.5
 20
-394.64321405886096
 10
1283.5
 20
-394.893182299386
 10
1283.5
 20
-395.1431505399112
 10
1283.5
 20
-395.3931187804362
 10
1283.5
 20
-395.6430870209613
 10
1283.5
 20
-395.89305526148644
 10
1283.5
 20
-396.1430235020115
 10
1283.5
 20
-396.39299174253654
 10
1283.5
 20
-396.6429599830617
 10
1283.5
 20
-396.89292822358675
 10
1283.5
 20
-397.1428964641118
 10
1283.5
 20
-397.39286470463696
 10
1283.5
 20
-397.642832945162
 10
1283.5
 20
-397.89280118568706
 10
1283.5
 20
-398.1427694262122
 10
1283.5
 20
-398.3927376667373
 10
1283.5
 20
-398.6427059072623
 10
1283.5
 20
-398.8926741477875
 10
1283.5
 20
-399.14264238831254
 10
1283.5
 20
-399.3926106288376
 10
1283.5
 20
-399.64257886936275
 10
1283.5
 20
-399.8925471098878
 10
1283.3574846495871
 20
-400.0
 10
1283.107516409062
 20
-400.0
 10
1282.857548168537
 20
-400.0
 10
1282.6075799280118
 20
-400.0
 10
1282.3576116874867
 20
-400.0
 10
1282.1076434469617
 20
-400.0
 10
1281.8576752064364
 20
-400.0
 10
1281.6077069659113
 20
-400.0
 10
1281.3577387253863
 20
-400.0
 10
1281.1077704848612
 20
-400.0
 10
1280.8578022443362
 20
-400.0
 10
1280.6078340038111
 20
-400.0
 10
1280.357865763286
 20
-400.0
 10
1280.107897522761
 20
-400.0
 10
1279.857929282236
 20
-400.0
 10
1279.6079610417107
 20
-400.0
 10
1279.3579928011857
 20
-400.0
 10
1279.1080245606606
 20
-400.0
 10
1278.8580563201353
 20
-400.0
 10
1278.6080880796103
 20
-400.0
 10
1278.3581198390852
 20
-400.0
 10
1278.1081515985602
 20
-400.0
 10
1277.8581833580351
 20
-400.0
 10
1277.60821511751
 20
-400.0
 10
1277.358246876985
 20
-400.0
 10
1277.10827863646
 20
-400.0
 10
1276.8583103959347
 20
-400.0
 10
1276.6083421554097
 20
-400.0
 10
1276.3583739148846
 20
-400.0
 10
1276.1084056743593
 20
-400.0
 10
1275.8584374338343
 20
-400.0
 10
1275.6084691933092
 20
-400.0
 10
1275.3585009527842
 20
-400.0
 10
1275.1085327122591
 20
-400.0
 10
1274.858564471734
 20
-400.0
 10
1274.608596231209
 20
-400.0
 10
1274.358627990684
 20
-400.0
 10
1274.108659750159
 20
-400.0
 10
1273.8586915096337
 20
-400.0
 10
1273.6087232691086
 20
-400.0
 10
1273.3587550285836
 20
-400.0
 10
1273.1087867880583
 20
-400.0
 10
1272.8588185475332
 20
-400.0
 10
1272.6088503070082
 20
-400.0
 10
1272.3588820664831
 20
-400.0
 10
1272.108913825958
 20
-400.0
 10
1271.858945585433
 20
-400.0
 10
1271.608977344908
 20
-400.0
 10
1271.359009104383
 20
-400.0
 10
1271.1090408638577
 20
-400.0
 10
1270.8590726233326
 20
-400.0
 10
1270.6091043828076
 20
-400.0
 10
1270.3591361422823
 20
-400.0
 10
1270.1091679017572
 20
-400.0
 10
1269.8591996612322
 20
-400.0
 10
1269.6092314207071
 20
-400.0
 10
1269.359263180182
 20
-400.0
 10
1269.109294939657
 20
-400.0
 10
1268.859326699132
 20
-400.0
 10
1268.609358458607
 20
-400.0
 10
1268.359390218082
 20
-400.0
 10
1268.1094219775566
 20
-400.0
 10
1267.8594537370316
 20
-400.0
 10
1267.6094854965063
 20
-400.0
 10
1267.3595172559812
 20
-400.0
 10
1267.1095490154562
 20
-400.0
 10
1266.8595807749311
 20
-400.0
 10
1266.609612534406
 20
-400.0
 10
1266.359644293881
 20
-400.0
 10
1266.109676053356
 20
-400.0
 10
1265.859707812831
 20
-400.0
 10
1265.609739572306
 20
-400.0
 10
1265.3597713317806
 20
-400.0
 10
1265.1098030912556
 20
-400.0
 10
1264.8598348507305
 20
-400.0
 10
1264.6098666102052
 20
-400.0
 10
1264.3598983696802
 20
-400.0
 10
1264.1099301291551
 20
-400.0
 10
1263.85996188863
 20
-400.0
 10
1263.609993648105
 20
-400.0
 10
1263.36002540758
 20
-400.0
 10
1263.110057167055
 20
-400.0
 10
1262.86008892653
 20
-400.0
 10
1262.6101206860048
 20
-400.0
 10
1262.3601524454796
 20
-400.0
 10
1262.1101842049545
 20
-400.0
 10
1261.8602159644292
 20
-400.0
 10
1261.6102477239042
 20
-400.0
 10
1261.3602794833791
 20
-400.0
 10
1261.110311242854
 20
-400.0
 10
1260.860343002329
 20
-400.0
 10
1260.610374761804
 20
-400.0
 10
1260.360406521279
 20
-400.0
 10
1260.110438280754
 20
-400.0
 10
1259.8604700402288
 20
-400.0
 10
1259.6105017997036
 20
-400.0
 10
1259.3605335591785
 20
-400.0
 10
1259.1105653186535
 20
-400.0
 10
1258.8605970781282
 20
-400.0
 10
1258.6106288376031
 20
-400.0
 10
1258.360660597078
 20
-400.0
 10
1258.110692356553
 20
-400.0
 10
1257.860724116028
 20
-400.0
 10
1257.610755875503
 20
-400.0
 10
1257.360787634978
 20
-400.0
 10
1257.1108193944528
 20
-400.0
 10
1256.8608511539276
 20
-400.0
 10
1256.6108829134025
 20
-400.0
 10
1256.3609146728775
 20
-400.0
 10
1256.1109464323522
 20
-400.0
 10
1255.8609781918271
 20
-400.0
 10
1255.611009951302
 20
-400.0
 10
1255.361041710777
 20
-400.0
 10
1255.111073470252
 20
-400.0
 10
1254.861105229727
 20
-400.0
 10
1254.611136989202
 20
-400.0
 10
1254.3611687486768
 20
-400.0
 10
1254.1112005081518
 20
-400.0
 10
1253.8612322676265
 20
-400.0
 10
1253.6112640271015
 20
-400.0
 10
1253.3612957865764
 20
-400.0
 10
1253.1113275460511
 20
-400.0
 10
1252.861359305526
 20
-400.0
 10
1252.611391065001
 20
-400.0
 10
1252.361422824476
 20
-400.0
 10
1252.111454583951
 20
-400.0
 10
1251.861486343426
 20
-400.0
 10
1251.6115181029008
 20
-400.0
 10
1251.3615498623758
 20
-400.0
 10
1251.1115816218505
 20
-400.0
 10
1250.8616133813255
 20
-400.0
 10
1250.6116451408004
 20
-400.0
 10
1250.3616769002751
 20
-400.0
 10
1250.11170865975
 20
-400.0
 10
1249.861740419225
 20
-400.0
 10
1249.6117721787
 20
-400.0
 10
1249.361803938175
 20
-400.0
 10
1249.11183569765
 20
-400.0
 10
1248.8618674571248
 20
-400.0
 10
1248.6118992165998
 20
-400.0
 10
1248.3619309760747
 20
-400.0
 10
1248.1119627355492
 20
-400.0
 10
1247.8619944950242
 20
-400.0
 10
1247.6120262544991
 20
-400.0
 10
1247.362058013974
 20
-400.0
 10
1247.112089773449
 20
-400.0
 10
1246.862121532924
 20
-400.0
 10
1246.612153292399
 20
-400.0
 10
1246.362185051874
 20
-400.0
 10
1246.1122168113486
 20
-400.0
 10
1245.8622485708236
 20
-400.0
 10
1245.6122803302985
 20
-400.0
 10
1245.3623120897732
 20
-400.0
 10
1245.1123438492482
 20
-400.0
 10
1244.8623756087231
 20
-400.0
 10
1244.612407368198
 20
-400.0
 10
1244.362439127673
 20
-400.0
 10
1244.112470887148
 20
-400.0
 10
1243.862502646623
 20
-400.0
 10
1243.612534406098
 20
-400.0
 10
1243.3625661655726
 20
-400.0
 10
1243.1125979250476
 20
-400.0
 10
1242.8626296845225
 20
-400.0
 10
1242.6126614439972
 20
-400.0
 10
1242.3626932034722
 20
-400.0
 10
1242.1127249629471
 20
-400.0
 10
1241.862756722422
 20
-400.0
 10
1241.612788481897
 20
-400.0
 10
1241.362820241372
 20
-400.0
 10
1241.112852000847
 20
-400.0
 10
1240.862883760322
 20
-400.0
 10
1240.6129155197968
 20
-400.0
 10
1240.3629472792716
 20
-400.0
 10
1240.1129790387465
 20
-400.0
 10
1239.8630107982215
 20
-400.0
 10
1239.6130425576962
 20
-400.0
 10
1239.3630743171711
 20
-400.0
 10
1239.113106076646
 20
-400.0
 10
1238.863137836121
 20
-400.0
 10
1238.613169595596
 20
-400.0
 10
1238.363201355071
 20
-400.0
 10
1238.113233114546
 20
-400.0
 10
1237.8632648740208
 20
-400.0
 10
1237.6132966334956
 20
-400.0
 10
1237.3633283929705
 20
-400.0
 10
1237.1133601524455
 20
-400.0
 10
1236.8633919119202
 20
-400.0
 10
1236.6134236713951
 20
-400.0
 10
1236.36345543087
 20
-400.0
 10
1236.113487190345
 20
-400.0
 10
1235.86351894982
 20
-400.0
 10
1235.613550709295
 20
-400.0
 10
1235.36358246877
 20
-400.0
 10
1235.1136142282448
 20
-400.0
 10
1234.8636459877198
 20
-400.0
 10
1234.6136777471945
 20
-400.0
 10
1234.3637095066695
 20
-400.0
 10
1234.1137412661444
 20
-400.0
 10
1233.8637730256191
 20
-400.0
 10
1233.613804785094
 20
-400.0
 10
1233.363836544569
 20
-400.0
 10
1233.113868304044
 20
-400.0
 10
1232.863900063519
 20
-400.0
 10
1232.613931822994
 20
-400.0
 10
1232.3639635824688
 20
-400.0
 10
1232.1139953419438
 20
-400.0
 10
1231.8640271014185
 20
-400.0
 10
1231.6140588608935
 20
-400.0
 10
1231.3640906203684
 20
-400.0
 10
1231.1141223798431
 20
-400.0
 10
1230.864154139318
 20
-400.0
 10
1230.614185898793
 20
-400.0
 10
1230.364217658268
 20
-400.0
 10
1230.114249417743
 20
-400.0
 10
1229.864281177218
 20
-400.0
 10
1229.6143129366928
 20
-400.0
 10
1229.3643446961678
 20
-400.0
 10
1229.1143764556427
 20
-400.0
 10
1228.8644082151175
 20
-400.0
 10
1228.6144399745924
 20
-400.0
 10
1228.3644717340674
 20
-400.0
 10
1228.114503493542
 20
-400.0
 10
1227.864535253017
 20
-400.0
 10
1227.614567012492
 20
-400.0
 10
1227.364598771967
 20
-400.0
 10
1227.114630531442
 20
-400.0
 10
1226.8646622909168
 20
-400.0
 10
1226.6146940503918
 20
-400.0
 10
1226.3647258098667
 20
-400.0
 10
1226.1147575693415
 20
-400.0
 10
1225.8647893288164
 20
-400.0
 10
1225.6148210882914
 20
-400.0
 10
1225.364852847766
 20
-400.0
 10
1225.114884607241
 20
-400.0
 10
1224.864916366716
 20
-400.0
 10
1224.614948126191
 20
-400.0
 10
1224.364979885666
 20
-400.0
 10
1224.1150116451408
 20
-400.0
 10
1223.8650434046158
 20
-400.0
 10
1223.6150751640907
 20
-400.0
 10
1223.3651069235657
 20
-400.0
 10
1223.1151386830404
 20
-400.0
 10
1222.8651704425154
 20
-400.0
 10
1222.61520220199
 20
-400.0
 10
1222.365233961465
 20
-400.0
 10
1222.11526572094
 20
-400.0
 10
1221.865297480415
 20
-400.0
 10
1221.61532923989
 20
-400.0
 10
1221.3653609993648
 20
-400.0
 10
1221.1153927588398
 20
-400.0
 10
1220.8654245183147
 20
-400.0
 10
1220.6154562777897
 20
-400.0
 10
1220.3654880372644
 20
-400.0
 10
1220.1155197967394
 20
-400.0
 10
1219.8655515562143
 20
-400.0
 10
1219.615583315689
 20
-400.0
 10
1219.365615075164
 20
-400.0
 10
1219.115646834639
 20
-400.0
 10
1218.865678594114
 20
-400.0
 10
1218.6157103535888
 20
-400.0
 10
1218.3657421130638
 20
-400.0
 10
1218.1157738725387
 20
-400.0
 10
1217.8658056320137
 20
-400.0
 10
1217.6158373914884
 20
-400.0
 10
1217.3658691509634
 20
-400.0
 10
1217.1159009104383
 20
-400.0
 10
1216.865932669913
 20
-400.0
 10
1216.615964429388
 20
-400.0
 10
1216.365996188863
 20
-400.0
 10
1216.116027948338
 20
-400.0
 10
1215.8660597078128
 20
-400.0
 10
1215.6160914672878
 20
-400.0
 10
1215.3661232267627
 20
-400.0
 10
1215.1161549862377
 20
-400.0
 10
1214.8661867457126
 20
-400.0
 10
1214.6162185051874
 20
-400.0
 10
1214.3662502646623
 20
-400.0
 10
1214.1162820241373
 20
-400.0
 10
1213.866313783612
 20
-400.0
 10
1213.616345543087
 20
-400.0
 10
1213.366377302562
 20
-400.0
 10
1213.1164090620368
 20
-400.0
 10
1212.8664408215118
 20
-400.0
 10
1212.6164725809867
 20
-400.0
 10
1212.3665043404617
 20
-400.0
 10
1212.1165360999366
 20
-400.0
 10
1211.8665678594114
 20
-400.0
 10
1211.6165996188863
 20
-400.0
 10
1211.3666313783613
 20
-400.0
 10
1211.116663137836
 20
-400.0
 10
1210.866694897311
 20
-400.0
 10
1210.6167266567859
 20
-400.0
 10
1210.3667584162608
 20
-400.0
 10
1210.1167901757358
 20
-400.0
 10
1209.8668219352107
 20
-400.0
 10
1209.6168536946857
 20
-400.0
 10
1209.3668854541606
 20
-400.0
 10
1209.1169172136356
 20
-400.0
 10
1208.8669489731103
 20
-400.0
 10
1208.6169807325853
 20
-400.0
 10
1208.3670124920602
 20
-400.0
 10
1208.117044251535
 20
-400.0
 10
1207.8670760110099
 20
-400.0
 10
1207.6171077704848
 20
-400.0
 10
1207.3671395299598
 20
-400.0
 10
1207.1171712894347
 20
-400.0
 10
1206.8672030489097
 20
-400.0
 10
1206.6172348083846
 20
-400.0
 10
1206.3672665678596
 20
-400.0
 10
1206.1172983273343
 20
-400.0
 10
1205.8673300868093
 20
-400.0
 10
1205.6173618462842
 20
-400.0
 10
1205.367393605759
 20
-400.0
 10
1205.1174253652339
 20
-400.0
 10
1204.8674571247088
 20
-400.0
 10
1204.6174888841838
 20
-400.0
 10
1204.3675206436587
 20
-400.0
 10
1204.1175524031337
 20
-400.0
 10
1203.8675841626086
 20
-400.0
 10
1203.6176159220836
 20
-400.0
 10
1203.3676476815585
 20
-400.0
 10
1203.1176794410333
 20
-400.0
 10
1202.8677112005082
 20
-400.0
 10
1202.6177429599832
 20
-400.0
 10
1202.3677747194579
 20
-400.0
 10
1202.1178064789328
 20
-400.0
 10
1201.8678382384078
 20
-400.0
 10
1201.6178699978827
 20
-400.0
 10
1201.3679017573577
 20
-400.0
 10
1201.1179335168326
 20
-400.0
 10
1200.8679652763076
 20
-400.0
 10
1200.6179970357825
 20
-400.0
 10
1200.3680287952573
 20
-400.0
 10
1200.1180605547322
 20
-400.0
 10
1199.8680923142072
 20
-400.0
 10
1199.6181240736819
 20
-400.0
 10
1199.3681558331568
 20
-400.0
 10
1199.1181875926318
 20
-400.0
 10
1198.8682193521067
 20
-400.0
 10
1198.6182511115817
 20
-400.0
 10
1198.3682828710566
 20
-400.0
 10
1198.1183146305316
 20
-400.0
 10
1197.8683463900065
 20
-400.0
 10
1197.6183781494815
 20
-400.0
 10
1197.3684099089562
 20
-400.0
 10
1197.1184416684312
 20
-400.0
 10
1196.8684734279059
 20
-400.0
 10
1196.6185051873808
 20
-400.0
 10
1196.3685369468558
 20
-400.0
 10
1196.1185687063307
 20
-400.0
 10
1195.8686004658057
 20
-400.0
 10
1195.6186322252806
 20
-400.0
 10
1195.3686639847554
 20
-400.0
 10
1195.1186957442303
 20
-400.0
 10
1194.8687275037053
 20
-400.0
 10
1194.61875926318
 20
-400.0
 10
1194.368791022655
 20
-400.0
 10
1194.1188227821299
 20
-400.0
 10
1193.8688545416048
 20
-400.0
 10
1193.6188863010798
 20
-400.0
 10
1193.3689180605547
 20
-400.0
 10
1193.1189498200297
 20
-400.0
 10
1192.8689815795046
 20
-400.0
 10
1192.6190133389794
 20
-400.0
 10
1192.3690450984543
 20
-400.0
 10
1192.1190768579293
 20
-400.0
 10
1191.869108617404
 20
-400.0
 10
1191.619140376879
 20
-400.0
 10
1191.3691721363539
 20
-400.0
 10
1191.1192038958288
 20
-400.0
 10
1190.8692356553038
 20
-400.0
 10
1190.6192674147787
 20
-400.0
 10
1190.3692991742537
 20
-400.0
 10
1190.1193309337286
 20
-400.0
 10
1189.8693626932036
 20
-400.0
 10
1189.6193944526783
 20
-400.0
 10
1189.3694262121533
 20
-400.0
 10
1189.1194579716282
 20
-400.0
 10
1188.869489731103
 20
-400.0
 10
1188.6195214905779
 20
-400.0
 10
1188.3695532500528
 20
-400.0
 10
1188.1195850095278
 20
-400.0
 10
1187.8696167690027
 20
-400.0
 10
1187.6196485284777
 20
-400.0
 10
1187.3696802879526
 20
-400.0
 10
1187.1197120474276
 20
-400.0
 10
1186.8697438069023
 20
-400.0
 10
1186.6197755663773
 20
-400.0
 10
1186.3698073258522
 20
-400.0
 10
1186.119839085327
 20
-400.0
 10
1185.8698708448019
 20
-400.0
 10
1185.6199026042768
 20
-400.0
 10
1185.3699343637518
 20
-400.0
 10
1185.1199661232267
 20
-400.0
 10
1184.8699978827017
 20
-400.0
 10
1184.6200296421766
 20
-400.0
 10
1184.3700614016516
 20
-400.0
 10
1184.1200931611265
 20
-400.0
 10
1183.8701249206013
 20
-400.0
 10
1183.6201566800762
 20
-400.0
 10
1183.370188439551
 20
-400.0
 10
1183.1202201990259
 20
-400.0
 10
1182.8702519585008
 20
-400.0
 10
1182.6202837179758
 20
-400.0
 10
1182.3703154774507
 20
-400.0
 10
1182.1203472369257
 20
-400.0
 10
1181.8703789964006
 20
-400.0
 10
1181.6204107558756
 20
-400.0
 10
1181.3704425153505
 20
-400.0
 10
1181.1204742748253
 20
-400.0
 10
1180.8705060343002
 20
-400.0
 10
1180.6205377937752
 20
-400.0
 10
1180.3705695532499
 20
-400.0
 10
1180.1206013127248
 20
-400.0
 10
1179.8706330721998
 20
-400.0
 10
1179.6206648316747
 20
-400.0
 10
1179.3706965911497
 20
-400.0
 10
1179.1207283506246
 20
-400.0
 10
1178.8707601100996
 20
-400.0
 10
1178.6207918695745
 20
-400.0
 10
1178.3708236290495
 20
-400.0
 10
1178.1208553885242
 20
-400.0
 10
1177.8708871479992
 20
-400.0
 10
1177.6209189074739
 20
-400.0
 10
1177.3709506669488
 20
-400.0
 10
1177.1209824264238
 20
-400.0
 10
1176.8710141858987
 20
-400.0
 10
1176.6210459453737
 20
-400.0
 10
1176.3710777048486
 20
-400.0
 10
1176.1211094643236
 20
-400.0
 10
1175.8711412237985
 20
-400.0
 10
1175.6211729832735
 20
-400.0
 10
1175.3712047427482
 20
-400.0
 10
1175.1212365022232
 20
-400.0
 10
1174.871268261698
 20
-400.0
 10
1174.6213000211728
 20
-400.0
 10
1174.3713317806478
 20
-400.0
 10
1174.1213635401227
 20
-400.0
 10
1173.8713952995977
 20
-400.0
 10
1173.6214270590726
 20
-400.0
 10
1173.3714588185476
 20
-400.0
 10
1173.1214905780225
 20
-400.0
 10
1172.8715223374975
 20
-400.0
 10
1172.6215540969722
 20
-400.0
 10
1172.3715858564472
 20
-400.0
 10
1172.121617615922
 20
-400.0
 10
1171.8716493753968
 20
-400.0
 10
1171.6216811348718
 20
-400.0
 10
1171.3717128943467
 20
-400.0
 10
1171.1217446538217
 20
-400.0
 10
1170.8717764132966
 20
-400.0
 10
1170.6218081727716
 20
-400.0
 10
1170.3718399322465
 20
-400.0
 10
1170.1218716917215
 20
-400.0
 10
1169.8719034511964
 20
-400.0
 10
1169.6219352106712
 20
-400.0
 10
1169.371966970146
 20
-400.0
 10
1169.121998729621
 20
-400.0
 10
1168.8720304890958
 20
-400.0
 10
1168.6220622485707
 20
-400.0
 10
1168.3720940080457
 20
-400.0
 10
1168.1221257675206
 20
-400.0
 10
1167.8721575269956
 20
-400.0
 10
1167.6221892864705
 20
-400.0
 10
1167.3722210459455
 20
-400.0
 10
1167.1222528054204
 20
-400.0
 10
1166.8722845648952
 20
-400.0
 10
1166.62231632437
 20
-400.0
 10
1166.372348083845
 20
-400.0
 10
1166.1223798433198
 20
-400.0
 10
1165.8724116027947
 20
-400.0
 10
1165.6224433622697
 20
-400.0
 10
1165.3724751217446
 20
-400.0
 10
1165.1225068812196
 20
-400.0
 10
1164.8725386406945
 20
-400.0
 10
1164.6225704001695
 20
-400.0
 10
1164.3726021596444
 20
-400.0
 10
1164.1226339191194
 20
-400.0
 10
1163.872665678594
 20
-400.0
 10
1163.622697438069
 20
-400.0
 10
1163.372729197544
 20
-400.0
 10
1163.1227609570187
 20
-400.0
 10
1162.8727927164937
 20
-400.0
 10
1162.6228244759686
 20
-400.0
 10
1162.3728562354436
 20
-400.0
 10
1162.1228879949185
 20
-400.0
 10
1161.8729197543935
 20
-400.0
 10
1161.6229515138684
 20
-400.0
 10
1161.3729832733434
 20
-400.0
 10
1161.123015032818
 20
-400.0
 10
1160.873046792293
 20
-400.0
 10
1160.623078551768
 20
-400.0
 10
1160.5
 20
-399.87311031124284
 10
1160.5
 20
-399.6231420707178
 10
1160.5
 20
-399.37317383019274
 10
1160.5
 20
-399.1232055896676
 10
1160.5
 20
-398.8732373491425
 10
1160.5
 20
-398.6232691086175
 10
1160.5
 20
-398.3733008680923
 10
1160.5
 20
-398.12333262756727
 10
1160.5
 20
-397.8733643870422
 10
1160.5
 20
-397.62339614651705
 10
1160.5
 20
-397.373427905992
 10
1160.5
 20
-397.12345966546695
 10
1160.5
 20
-396.8734914249418
 10
1160.5
 20
-396.62352318441674
 10
1160.5
 20
-396.3735549438916
 10
1160.5
 20
-396.1235867033665
 10
1160.5
 20
-395.8736184628415
 10
1160.5
 20
-395.6236502223163
 10
1160.5
 20
-395.37368198179126
 10
1160.5
 20
-395.1237137412662
 10
1160.5
 20
-394.87374550074105
 10
1160.5
 20
-394.623777260216
 10
1160.5
 20
-394.37380901969095
 10
1160.5
 20
-394.1238407791658
 10
1160.5
 20
-393.87387253864074
 10
1160.5
 20
-393.6239042981157
 10
1160.5
 20
-393.3739360575905
 10
1160.5
 20
-393.1239678170655
 10
1160.5
 20
-392.8739995765404
 10
1160.5
 20
-392.62403133601526
 10
1160.5
 20
-392.3740630954902
 10
1160.5
 20
-392.12409485496516
 10
1160.5
 20
-391.87412661444
 10
1160.5
 20
-391.62415837391495
 10
1160.5
 20
-391.3741901333898
 10
1160.5
 20
-391.12422189286474
 10
1160.5
 20
-390.8742536523397
 10
1160.5
 20
-390.6242854118145
 10
1160.5
 20
-390.3743171712895
 10
1160.5
 20
-390.1243489307644
 10
1160.5
 20
-389.87438069023926
 10
1160.5
 20
-389.6244124497142
 10
1160.5
 20
-389.37444420918916
 10
1160.5
 20
-389.124475968664
 10
1160.5
 20
-388.87450772813895
 10
1160.5
 20
-388.6245394876139
 10
1160.5
 20
-388.37457124708874
 10
1160.5
 20
-388.1246030065637
 10
1160.5
 20
-387.87463476603864
 10
1160.5
 20
-387.6246665255135
 10
1160.3746982849884
 20
-387.5
 10
1160.1247300444634
 20
-387.5
 10
1159.8747618039383
 20
-387.5
 10
1159.6247935634133
 20
-387.5
 10
1159.374825322888
 20
-387.5
 10
1159.124857082363
 20
-387.5
 10
1158.874888841838
 20
-387.5
 10
1158.6249206013126
 20
-387.5
 10
1158.3749523607876
 20
-387.5
 10
1158.1249841202625
 20
-387.5
 10
1157.8750158797375
 20
-387.5
 10
1157.6250476392124
 20
-387.5
 10
1157.3750793986874
 20
-387.5
 10
1157.1251111581623
 20
-387.5
 10
1156.875142917637
 20
-387.5
 10
1156.625174677112
 20
-387.5
 10
1156.375206436587
 20
-387.5
 10
1156.1252381960617
 20
-387.5
 10
1155.8752699555366
 20
-387.5
 10
1155.6253017150116
 20
-387.5
 10
1155.3753334744865
 20
-387.5
 10
1155.1253652339615
 20
-387.5
 10
1154.8753969934364
 20
-387.5
 10
1154.6254287529114
 20
-387.5
 10
1154.3754605123863
 20
-387.5
 10
1154.1254922718613
 20
-387.5
 10
1153.875524031336
 20
-387.5
 10
1153.625555790811
 20
-387.5
 10
1153.375587550286
 20
-387.5
 10
1153.1256193097606
 20
-387.5
 10
1152.8756510692356
 20
-387.5
 10
1152.6256828287105
 20
-387.5
 10
1152.3757145881855
 20
-387.5
 10
1152.1257463476604
 20
-387.5
 10
1151.8757781071354
 20
-387.5
 10
1151.6258098666103
 20
-387.5
 10
1151.3758416260853
 20
-387.5
 10
1151.12587338556
 20
-387.5
 10
1150.875905145035
 20
-387.5
 10
1150.62593690451
 20
-387.5
 10
1150.3759686639846
 20
-387.5
 10
1150.1260004234596
 20
-387.5
 10
1149.8760321829345
 20
-387.5
 10
1149.6260639424095
 20
-387.5
 10
1149.3760957018844
 20
-387.5
 10
1149.1261274613594
 20
-387.5
 10
1148.8761592208343
 20
-387.5
 10
1148.6261909803093
 20
-387.5
 10
1148.3762227397842
 20
-387.5
 10
1148.126254499259
 20
-387.5
 10
1147.876286258734
 20
-387.5
 10
1147.6263180182088
 20
-387.5
 10
1147.3763497776836
 20
-387.5
 10
1147.1263815371585
 20
-387.5
 10
1146.8764132966335
 20
-387.5
 10
1146.6264450561084
 20
-387.5
 10
1146.3764768155834
 20
-387.5
 10
1146.1265085750583
 20
-387.5
 10
1145.8765403345333
 20
-387.5
 10
1145.6265720940082
 20
-387.5
 10
1145.376603853483
 20
-387.5
 10
1145.1266356129577
 20
-387.5
 10
1144.8766673724326
 20
-387.5
 10
1144.6266991319076
 20
-387.5
 10
1144.3767308913825
 20
-387.5
 10
1144.1267626508575
 20
-387.5
 10
1143.8767944103324
 20
-387.5
 10
1143.6268261698074
 20
-387.5
 10
1143.5
 20
-387.6231420707178
 10
1143.5
 20
-387.87311031124284
 10
1143.5
 20
-388.123078551768
 10
1143.5
 20
-388.37304679229305
 10
1143.5
 20
-388.6230150328181
 10
1143.5
 20
-388.87298327334327
 10
1143.5
 20
-389.1229515138683
 10
1143.5
 20
-389.37291975439337
 10
1143.5
 20
-389.6228879949185
 10
1143.5
 20
-389.8728562354436
 10
1143.5
 20
-390.1228244759686
 10
1143.5
 20
-390.3727927164938
 10
1143.5
 20
-390.62276095701884
 10
1143.5
 20
-390.872729197544
 10
1143.5
 20
-391.12269743806905
 10
1143.5
 20
-391.3726656785941
 10
1143.5
 20
-391.62263391911927
 10
1143.5
 20
-391.8726021596443
 10
1143.5
 20
-392.12257040016937
 10
1143.5
 20
-392.37253864069453
 10
1143.5
 20
-392.6225068812196
 10
1143.5
 20
-392.8724751217446
 10
1143.5
 20
-393.1224433622698
 10
1143.5
 20
-393.37241160279484
 10
1143.5
 20
-393.6223798433199
 10
1143.5
 20
-393.87234808384505
 10
1143.5
 20
-394.1223163243701
 10
1143.5
 20
-394.37228456489515
 10
1143.5
 20
-394.6222528054203
 10
1143.5
 20
-394.87222104594537
 10
1143.5
 20
-395.1221892864704
 10
1143.5
 20
-395.3721575269956
 10
1143.5
 20
-395.62212576752063
 10
1143.5
 20
-395.8720940080458
 10
1143.5
 20
-396.12206224857084
 10
1143.5
 20
-396.3720304890959
 10
1143.5
 20
-396.62199872962105
 10
1143.5
 20
-396.8719669701461
 10
1143.5
 20
-397.12193521067115
 10
1143.5
 20
-397.3719034511963
 10
1143.5
 20
-397.62187169172137
 10
1143.5
 20
-397.8718399322464
 10
1143.5
 20
-398.1218081727716
 10
1143.5
 20
-398.37177641329663
 10
1143.5
 20
-398.6217446538217
 10
1143.5
 20
-398.87171289434684
 10
1143.5
 20
-399.1216811348719
 10
1143.5
 20
-399.37164937539694
 10
1143.5
 20
-399.6216176159221
 10
1143.5
 20
-399.87158585644715
 10
1143.3784459030278
 20
-400.0
 10
1143.1284776625025
 20
-400.0
 10
1142.8785094219775
 20
-400.0
 10
1142.6285411814524
 20
-400.0
 10
1142.3785729409274
 20
-400.0
 10
1142.1286047004023
 20
-400.0
 10
1141.878636459877
 20
-400.0
 10
1141.628668219352
 20
-400.0
 10
1141.378699978827
 20
-400.0
 10
1141.128731738302
 20
-400.0
 10
1140.8787634977768
 20
-400.0
 10
1140.6287952572518
 20
-400.0
 10
1140.3788270167265
 20
-400.0
 10
1140.1288587762015
 20
-400.0
 10
1139.8788905356764
 20
-400.0
 10
1139.6289222951514
 20
-400.0
 10
1139.3789540546263
 20
-400.0
 10
1139.1289858141013
 20
-400.0
 10
1138.879017573576
 20
-400.0
 10
1138.629049333051
 20
-400.0
 10
1138.379081092526
 20
-400.0
 10
1138.1291128520008
 20
-400.0
 10
1137.8791446114758
 20
-400.0
 10
1137.6291763709505
 20
-400.0
 10
1137.3792081304255
 20
-400.0
 10
1137.1292398899004
 20
-400.0
 10
1136.8792716493754
 20
-400.0
 10
1136.6293034088503
 20
-400.0
 10
1136.3793351683253
 20
-400.0
 10
1136.1293669278
 20
-400.0
 10
1135.879398687275
 20
-400.0
 10
1135.62943044675
 20
-400.0
 10
1135.3794622062248
 20
-400.0
 10
1135.1294939656998
 20
-400.0
 10
1134.8795257251747
 20
-400.0
 10
1134.6295574846495
 20
-400.0
 10
1134.3795892441244
 20
-400.0
 10
1134.1296210035994
 20
-400.0
 10
1133.8796527630743
 20
-400.0
 10
1133.6296845225493
 20
-400.0
 10
1133.3797162820242
 20
-400.0
 10
1133.129748041499
 20
-400.0
 10
1132.879779800974
 20
-400.0
 10
1132.6298115604488
 20
-400.0
 10
1132.3798433199238
 20
-400.0
 10
1132.1298750793987
 20
-400.0
 10
1131.8799068388735
 20
-400.0
 10
1131.6299385983484
 20
-400.0
 10
1131.3799703578234
 20
-400.0
 10
1131.1300021172983
 20
-400.0
 10
1130.880033876773
 20
-400.0
 10
1130.630065636248
 20
-400.0
 10
1130.380097395723
 20
-400.0
 10
1130.130129155198
 20
-400.0
 10
1129.8801609146728
 20
-400.0
 10
1129.6301926741478
 20
-400.0
 10
1129.3802244336225
 20
-400.0
 10
1129.1302561930975
 20
-400.0
 10
1128.8802879525724
 20
-400.0
 10
1128.6303197120474
 20
-400.0
 10
1128.3803514715223
 20
-400.0
 10
1128.1303832309973
 20
-400.0
 10
1127.880414990472
 20
-400.0
 10
1127.630446749947
 20
-400.0
 10
1127.380478509422
 20
-400.0
 10
1127.1305102688968
 20
-400.0
 10
1126.8805420283718
 20
-400.0
 10
1126.6305737878467
 20
-400.0
 10
1126.3806055473215
 20
-400.0
 10
1126.1306373067964
 20
-400.0
 10
1125.8806690662714
 20
-400.0
 10
1125.6307008257463
 20
-400.0
 10
1125.3807325852213
 20
-400.0
 10
1125.130764344696
 20
-400.0
 10
1124.880796104171
 20
-400.0
 10
1124.630827863646
 20
-400.0
 10
1124.3808596231208
 20
-400.0
 10
1124.1308913825958
 20
-400.0
 10
1123.8809231420707
 20
-400.0
 10
1123.6309549015455
 20
-400.0
 10
1123.3809866610204
 20
-400.0
 10
1123.1310184204954
 20
-400.0
 10
1122.8810501799703
 20
-400.0
 10
1122.6310819394453
 20
-400.0
 10
1122.3811136989202
 20
-400.0
 10
1122.131145458395
 20
-400.0
 10
1121.88117721787
 20
-400.0
 10
1121.6312089773448
 20
-400.0
 10
1121.3812407368198
 20
-400.0
 10
1121.1312724962947
 20
-400.0
 10
1120.8813042557697
 20
-400.0
 10
1120.6313360152444
 20
-400.0
 10
1120.3813677747194
 20
-400.0
 10
1120.1313995341943
 20
-400.0
 10
1119.8814312936693
 20
-400.0
 10
1119.6314630531442
 20
-400.0
 10
1119.381494812619
 20
-400.0
 10
1119.131526572094
 20
-400.0
 10
1118.8815583315688
 20
-400.0
 10
1118.6315900910438
 20
-400.0
 10
1118.3816218505187
 20
-400.0
 10
1118.1316536099937
 20
-400.0
 10
1117.8816853694684
 20
-400.0
 10
1117.6317171289434
 20
-400.0
 10
1117.3817488884183
 20
-400.0
 10
1117.1317806478933
 20
-400.0
 10
1116.8818124073682
 20
-400.0
 10
1116.6318441668432
 20
-400.0
 10
1116.381875926318
 20
-400.0
 10
1116.1319076857928
 20
-400.0
 10
1115.8819394452678
 20
-400.0
 10
1115.6319712047427
 20
-400.0
 10
1115.3820029642177
 20
-400.0
 10
1115.1320347236924
 20
-400.0
 10
1114.8820664831674
 20
-400.0
 10
1114.6320982426423
 20
-400.0
 10
1114.3821300021173
 20
-400.0
 10
1114.1321617615922
 20
-400.0
 10
1113.8821935210672
 20
-400.0
 10
1113.632225280542
 20
-400.0
 10
1113.3822570400168
 20
-400.0
 10
1113.1322887994918
 20
-400.0
 10
1112.8823205589667
 20
-400.0
 10
1112.6323523184417
 20
-400.0
 10
1112.3823840779166
 20
-400.0
 10
1112.1324158373914
 20
-400.0
 10
1111.8824475968663
 20
-400.0
 10
1111.6324793563413
 20
-400.0
 10
1111.3825111158162
 20
-400.0
 10
1111.1325428752912
 20
-400.0
 10
1110.8825746347661
 20
-400.0
 10
1110.6326063942408
 20
-400.0
 10
1110.3826381537158
 20
-400.0
 10
1110.1326699131907
 20
-400.0
 10
1109.8827016726657
 20
-400.0
 10
1109.6327334321406
 20
-400.0
 10
1109.3827651916154
 20
-400.0
 10
1109.1327969510903
 20
-400.0
 10
1108.8828287105653
 20
-400.0
 10
1108.6328604700402
 20
-400.0
 10
1108.3828922295152
 20
-400.0
 10
1108.1329239889901
 20
-400.0
 10
1107.8829557484648
 20
-400.0
 10
1107.6329875079398
 20
-400.0
 10
1107.3830192674147
 20
-400.0
 10
1107.1330510268897
 20
-400.0
 10
1106.8830827863646
 20
-400.0
 10
1106.6331145458396
 20
-400.0
 10
1106.3831463053143
 20
-400.0
 10
1106.1331780647893
 20
-400.0
 10
1105.8832098242642
 20
-400.0
 10
1105.6332415837392
 20
-400.0
 10
1105.383273343214
 20
-400.0
 10
1105.1333051026888
 20
-400.0
 10
1104.8833368621638
 20
-400.0
 10
1104.6333686216387
 20
-400.0
 10
1104.3834003811137
 20
-400.0
 10
1104.1334321405886
 20
-400.0
 10
1103.8834639000634
 20
-400.0
 10
1103.6334956595383
 20
-400.0
 10
1103.3835274190133
 20
-400.0
 10
1103.1335591784882
 20
-400.0
 10
1102.8835909379632
 20
-400.0
 10
1102.6336226974379
 20
-400.0
 10
1102.3836544569128
 20
-400.0
 10
1102.1336862163878
 20
-400.0
 10
1101.8837179758627
 20
-400.0
 10
1101.6337497353377
 20
-400.0
 10
1101.3837814948126
 20
-400.0
 10
1101.1338132542874
 20
-400.0
 10
1100.8838450137623
 20
-400.0
 10
1100.6338767732373
 20
-400.0
 10
1100.3839085327122
 20
-400.0
 10
1100.1339402921872
 20
-400.0
 10
1099.883972051662
 20
-400.0
 10
1099.6340038111368
 20
-400.0
 10
1099.3840355706118
 20
-400.0
 10
1099.1340673300867
 20
-400.0
 10
1098.8840990895617
 20
-400.0
 10
1098.6341308490366
 20
-400.0
 10
1098.3841626085116
 20
-400.0
 10
1098.1341943679863
 20
-400.0
 10
1097.8842261274613
 20
-400.0
 10
1097.6342578869362
 20
-400.0
 10
1097.3842896464112
 20
-400.0
 10
1097.134321405886
 20
-400.0
 10
1096.8843531653608
 20
-400.0
 10
1096.6343849248358
 20
-400.0
 10
1096.3844166843107
 20
-400.0
 10
1096.1344484437857
 20
-400.0
 10
1095.8844802032606
 20
-400.0
 10
1095.6345119627356
 20
-400.0
 10
1095.3845437222103
 20
-400.0
 10
1095.1345754816853
 20
-400.0
 10
1094.8846072411602
 20
-400.0
 10
1094.6346390006352
 20
-400.0
 10
1094.38467076011
 20
-400.0
 10
1094.134702519585
 20
-400.0
 10
1093.8847342790598
 20
-400.0
 10
1093.6347660385347
 20
-400.0
 10
1093.3847977980097
 20
-400.0
 10
1093.1348295574846
 20
-400.0
 10
1092.8848613169596
 20
-400.0
 10
1092.6348930764343
 20
-400.0
 10
1092.3849248359093
 20
-400.0
 10
1092.1349565953842
 20
-400.0
 10
1091.8849883548592
 20
-400.0
 10
1091.635020114334
 20
-400.0
 10
1091.385051873809
 20
-400.0
 10
1091.135083633284
 20
-400.0
 10
1090.8851153927587
 20
-400.0
 10
1090.6351471522337
 20
-400.0
 10
1090.3851789117086
 20
-400.0
 10
1090.1352106711836
 20
-400.0
 10
1089.8852424306583
 20
-400.0
 10
1089.6352741901333
 20
-400.0
 10
1089.3853059496082
 20
-400.0
 10
1089.1353377090832
 20
-400.0
 10
1088.885369468558
 20
-400.0
 10
1088.635401228033
 20
-400.0
 10
1088.385432987508
 20
-400.0
 10
1088.1354647469827
 20
-400.0
 10
1087.8854965064577
 20
-400.0
 10
1087.6355282659326
 20
-400.0
 10
1087.3855600254076
 20
-400.0
 10
1087.1355917848825
 20
-400.0
 10
1086.8856235443573
 20
-400.0
 10
1086.6356553038322
 20
-400.0
 10
1086.3856870633072
 20
-400.0
 10
1086.135718822782
 20
-400.0
 10
1085.885750582257
 20
-400.0
 10
1085.635782341732
 20
-400.0
 10
1085.385814101207
 20
-400.0
 10
1085.1358458606817
 20
-400.0
 10
1084.8858776201566
 20
-400.0
 10
1084.6359093796316
 20
-400.0
 10
1084.3859411391065
 20
-400.0
 10
1084.1359728985813
 20
-400.0
 10
1083.8860046580562
 20
-400.0
 10
1083.6360364175312
 20
-400.0
 10
1083.386068177006
 20
-400.0
 10
1083.136099936481
 20
-400.0
 10
1082.886131695956
 20
-400.0
 10
1082.636163455431
 20
-400.0
 10
1082.3861952149057
 20
-400.0
 10
1082.1362269743806
 20
-400.0
 10
1081.8862587338556
 20
-400.0
 10
1081.6362904933305
 20
-400.0
 10
1081.3863222528055
 20
-400.0
 10
1081.1363540122802
 20
-400.0
 10
1080.8863857717552
 20
-400.0
 10
1080.63641753123
 20
-400.0
 10
1080.386449290705
 20
-400.0
 10
1080.13648105018
 20
-400.0
 10
1079.8865128096547
 20
-400.0
 10
1079.6365445691297
 20
-400.0
 10
1079.3865763286046
 20
-400.0
 10
1079.1366080880796
 20
-400.0
 10
1078.8866398475543
 20
-400.0
 10
1078.6366716070293
 20
-400.0
 10
1078.3867033665042
 20
-400.0
 10
1078.1367351259792
 20
-400.0
 10
1077.886766885454
 20
-400.0
 10
1077.636798644929
 20
-400.0
 10
1077.386830404404
 20
-400.0
 10
1077.136862163879
 20
-400.0
 10
1076.8868939233537
 20
-400.0
 10
1076.6369256828286
 20
-400.0
 10
1076.3869574423036
 20
-400.0
 10
1076.1369892017785
 20
-400.0
 10
1075.8870209612533
 20
-400.0
 10
1075.6370527207282
 20
-400.0
 10
1075.3870844802032
 20
-400.0
 10
1075.137116239678
 20
-400.0
 10
1074.887147999153
 20
-400.0
 10
1074.637179758628
 20
-400.0
 10
1074.387211518103
 20
-400.0
 10
1074.1372432775777
 20
-400.0
 10
1073.8872750370526
 20
-400.0
 10
1073.6373067965276
 20
-400.0
 10
1073.3873385560025
 20
-400.0
 10
1073.1373703154773
 20
-400.0
 10
1072.8874020749522
 20
-400.0
 10
1072.6374338344272
 20
-400.0
 10
1072.387465593902
 20
-400.0
 10
1072.137497353377
 20
-400.0
 10
1071.887529112852
 20
-400.0
 10
1071.637560872327
 20
-400.0
 10
1071.3875926318017
 20
-400.0
 10
1071.1376243912766
 20
-400.0
 10
1070.8876561507516
 20
-400.0
 10
1070.6376879102265
 20
-400.0
 10
1070.3877196697015
 20
-400.0
 10
1070.1377514291762
 20
-400.0
 10
1069.8877831886512
 20
-400.0
 10
1069.637814948126
 20
-400.0
 10
1069.387846707601
 20
-400.0
 10
1069.137878467076
 20
-400.0
 10
1068.887910226551
 20
-400.0
 10
1068.637941986026
 20
-400.0
 10
1068.3879737455006
 20
-400.0
 10
1068.1380055049756
 20
-400.0
 10
1067.8880372644505
 20
-400.0
 10
1067.6380690239255
 20
-400.0
 10
1067.3881007834002
 20
-400.0
 10
1067.1381325428752
 20
-400.0
 10
1066.88816430235
 20
-400.0
 10
1066.638196061825
 20
-400.0
 10
1066.3882278213
 20
-400.0
 10
1066.138259580775
 20
-400.0
 10
1065.88829134025
 20
-400.0
 10
1065.6383230997246
 20
-400.0
 10
1065.3883548591996
 20
-400.0
 10
1065.1383866186745
 20
-400.0
 10
1064.8884183781495
 20
-400.0
 10
1064.6384501376244
 20
-400.0
 10
1064.3884818970992
 20
-400.0
 10
1064.138513656574
 20
-400.0
 10
1063.888545416049
 20
-400.0
 10
1063.638577175524
 20
-400.0
 10
1063.388608934999
 20
-400.0
 10
1063.138640694474
 20
-400.0
 10
1062.8886724539489
 20
-400.0
 10
1062.6387042134236
 20
-400.0
 10
1062.3887359728985
 20
-400.0
 10
1062.1387677323735
 20
-400.0
 10
1061.8887994918484
 20
-400.0
 10
1061.6388312513232
 20
-400.0
 10
1061.388863010798
 20
-400.0
 10
1061.138894770273
 20
-400.0
 10
1060.888926529748
 20
-400.0
 10
1060.638958289223
 20
-400.0
 10
1060.388990048698
 20
-400.0
 10
1060.1390218081729
 20
-400.0
 10
1059.8890535676476
 20
-400.0
 10
1059.6390853271225
 20
-400.0
 10
1059.3891170865975
 20
-400.0
 10
1059.1391488460724
 20
-400.0
 10
1058.8891806055474
 20
-400.0
 10
1058.639212365022
 20
-400.0
 10
1058.389244124497
 20
-400.0
 10
1058.139275883972
 20
-400.0
 10
1057.889307643447
 20
-400.0
 10
1057.639339402922
 20
-400.0
 10
1057.3893711623969
 20
-400.0
 10
1057.1394029218718
 20
-400.0
 10
1056.8894346813465
 20
-400.0
 10
1056.6394664408215
 20
-400.0
 10
1056.3894982002964
 20
-400.0
 10
1056.1395299597714
 20
-400.0
 10
1055.889561719246
 20
-400.0
 10
1055.639593478721
 20
-400.0
 10
1055.389625238196
 20
-400.0
 10
1055.139656997671
 20
-400.0
 10
1054.889688757146
 20
-400.0
 10
1054.6397205166206
 20
-400.0
 10
1054.3897522760956
 20
-400.0
 10
1054.1397840355705
 20
-400.0
 10
1053.8898157950455
 20
-400.0
 10
1053.6398475545204
 20
-400.0
 10
1053.3898793139952
 20
-400.0
 10
1053.13991107347
 20
-400.0
 10
1052.889942832945
 20
-400.0
 10
1052.63997459242
 20
-400.0
 10
1052.390006351895
 20
-400.0
 10
1052.14003811137
 20
-400.0
 10
1051.8900698708449
 20
-400.0
 10
1051.6401016303196
 20
-400.0
 10
1051.3901333897945
 20
-400.0
 10
1051.1401651492695
 20
-400.0
 10
1050.8901969087444
 20
-400.0
 10
1050.6402286682192
 20
-400.0
 10
1050.390260427694
 20
-400.0
 10
1050.140292187169
 20
-400.0
 10
1049.890323946644
 20
-400.0
 10
1049.640355706119
 20
-400.0
 10
1049.390387465594
 20
-400.0
 10
1049.1404192250689
 20
-400.0
 10
1048.8904509845436
 20
-400.0
 10
1048.6404827440185
 20
-400.0
 10
1048.3905145034935
 20
-400.0
 10
1048.1405462629684
 20
-400.0
 10
1047.8905780224434
 20
-400.0
 10
1047.640609781918
 20
-400.0
 10
1047.390641541393
 20
-400.0
 10
1047.140673300868
 20
-400.0
 10
1046.890705060343
 20
-400.0
 10
1046.640736819818
 20
-400.0
 10
1046.3907685792929
 20
-400.0
 10
1046.1408003387678
 20
-400.0
 10
1045.8908320982425
 20
-400.0
 10
1045.6408638577175
 20
-400.0
 10
1045.3908956171924
 20
-400.0
 10
1045.1409273766674
 20
-400.0
 10
1044.890959136142
 20
-400.0
 10
1044.640990895617
 20
-400.0
 10
1044.391022655092
 20
-400.0
 10
1044.141054414567
 20
-400.0
 10
1043.891086174042
 20
-400.0
 10
1043.6411179335169
 20
-400.0
 10
1043.3911496929918
 20
-400.0
 10
1043.1411814524665
 20
-400.0
 10
1042.8912132119415
 20
-400.0
 10
1042.6412449714164
 20
-400.0
 10
1042.3912767308914
 20
-400.0
 10
1042.1413084903663
 20
-400.0
 10
1041.891340249841
 20
-400.0
 10
1041.641372009316
 20
-400.0
 10
1041.391403768791
 20
-400.0
 10
1041.141435528266
 20
-400.0
 10
1040.8914672877409
 20
-400.0
 10
1040.6414990472158
 20
-400.0
 10
1040.3915308066908
 20
-400.0
 10
1040.1415625661655
 20
-400.0
 10
1039.8915943256404
 20
-400.0
 10
1039.6416260851154
 20
-400.0
 10
1039.3916578445903
 20
-400.0
 10
1039.141689604065
 20
-400.0
 10
1038.89172136354
 20
-400.0
 10
1038.641753123015
 20
-400.0
 10
1038.39178488249
 20
-400.0
 10
1038.1418166419649
 20
-400.0
 10
1037.8918484014398
 20
-400.0
 10
1037.6418801609148
 20
-400.0
 10
1037.3919119203895
 20
-400.0
 10
1037.1419436798644
 20
-400.0
 10
1036.8919754393394
 20
-400.0
 10
1036.6420071988143
 20
-400.0
 10
1036.392038958289
 20
-400.0
 10
1036.142070717764
 20
-400.0
 10
1035.892102477239
 20
-400.0
 10
1035.642134236714
 20
-400.0
 10
1035.3921659961889
 20
-400.0
 10
1035.1421977556638
 20
-400.0
 10
1034.8922295151388
 20
-400.0
 10
1034.6422612746137
 20
-400.0
 10
1034.3922930340884
 20
-400.0
 10
1034.1423247935634
 20
-400.0
 10
1033.8923565530383
 20
-400.0
 10
1033.6423883125133
 20
-400.0
 10
1033.392420071988
 20
-400.0
 10
1033.142451831463
 20
-400.0
 10
1032.892483590938
 20
-400.0
 10
1032.6425153504129
 20
-400.0
 10
1032.3925471098878
 20
-400.0
 10
1032.1425788693628
 20
-400.0
 10
1031.8926106288377
 20
-400.0
 10
1031.6426423883124
 20
-400.0
 10
1031.3926741477874
 20
-400.0
 10
1031.1427059072623
 20
-400.0
 10
1030.8927376667373
 20
-400.0
 10
1030.642769426212
 20
-400.0
 10
1030.392801185687
 20
-400.0
 10
1030.142832945162
 20
-400.0
 10
1029.8928647046368
 20
-400.0
 10
1029.6428964641118
 20
-400.0
 10
1029.3929282235868
 20
-400.0
 10
1029.1429599830615
 20
-400.0
 10
1028.8929917425364
 20
-400.0
 10
1028.6430235020114
 20
-400.0
 10
1028.3930552614863
 20
-400.0
 10
1028.143087020961
 20
-400.0
 10
1027.893118780436
 20
-400.0
 10
1027.643150539911
 20
-400.0
 10
1027.393182299386
 20
-400.0
 10
1027.1432140588608
 20
-400.0
 10
1026.8932458183358
 20
-400.0
 10
1026.6432775778107
 20
-400.0
 10
1026.3933093372855
 20
-400.0
 10
1026.1433410967604
 20
-400.0
 10
1025.8933728562354
 20
-400.0
 10
1025.6434046157103
 20
-400.0
 10
1025.3934363751853
 20
-400.0
 10
1025.14346813466
 20
-400.0
 10
1024.893499894135
 20
-400.0
 10
1024.64353165361
 20
-400.0
 10
1024.3935634130848
 20
-400.0
 10
1024.1435951725598
 20
-400.0
 10
1023.8936269320346
 20
-400.0
 10
1023.6436586915096
 20
-400.0
 10
1023.3936904509844
 20
-400.0
 10
1023.1437222104594
 20
-400.0
 10
1022.8937539699343
 20
-400.0
 10
1022.6437857294093
 20
-400.0
 10
1022.3938174888841
 20
-400.0
 10
1022.1438492483591
 20
-400.0
 10
1021.8938810078339
 20
-400.0
 10
1021.6439127673088
 20
-400.0
 10
1021.3939445267838
 20
-400.0
 10
1021.1439762862587
 20
-400.0
 10
1020.8940080457336
 20
-400.0
 10
1020.6440398052084
 20
-400.0
 10
1020.3940715646834
 20
-400.0
 10
1020.1441033241583
 20
-400.0
 10
1019.8941350836333
 20
-400.0
 10
1019.6441668431082
 20
-400.0
 10
1019.3941986025831
 20
-400.0
 10
1019.1442303620579
 20
-400.0
 10
1018.8942621215328
 20
-400.0
 10
1018.6442938810078
 20
-400.0
 10
1018.3943256404827
 20
-400.0
 10
1018.1443573999576
 20
-400.0
 10
1017.8943891594325
 20
-400.0
 10
1017.6444209189074
 20
-400.0
 10
1017.3944526783823
 20
-400.0
 10
1017.1444844378573
 20
-400.0
 10
1016.8945161973322
 20
-400.0
 10
1016.6445479568071
 20
-400.0
 10
1016.3945797162819
 20
-400.0
 10
1016.1446114757568
 20
-400.0
 10
1015.8946432352318
 20
-400.0
 10
1015.6446749947067
 20
-400.0
 10
1015.3947067541817
 20
-400.0
 10
1015.1447385136565
 20
-400.0
 10
1014.8947702731314
 20
-400.0
 10
1014.6448020326063
 20
-400.0
 10
1014.3948337920813
 20
-400.0
 10
1014.1448655515562
 20
-400.0
 10
1013.8948973110311
 20
-400.0
 10
1013.644929070506
 20
-400.0
 10
1013.3949608299808
 20
-400.0
 10
1013.1449925894558
 20
-400.0
 10
1012.8950243489307
 20
-400.0
 10
1012.6450561084057
 20
-400.0
 10
1012.3950878678805
 20
-400.0
 10
1012.1451196273555
 20
-400.0
 10
1011.8951513868303
 20
-400.0
 10
1011.6451831463053
 20
-400.0
 10
1011.3952149057802
 20
-400.0
 10
1011.1452466652552
 20
-400.0
 10
1010.89527842473
 20
-400.0
 10
1010.6453101842048
 20
-400.0
 10
1010.3953419436798
 20
-400.0
 10
1010.1453737031547
 20
-400.0
 10
1009.8954054626297
 20
-400.0
 10
1009.6454372221046
 20
-400.0
 10
1009.3954689815795
 20
-400.0
 10
1009.1455007410543
 20
-400.0
 10
1008.8955325005293
 20
-400.0
 10
1008.6455642600042
 20
-400.0
 10
1008.3955960194792
 20
-400.0
 10
1008.145627778954
 20
-400.0
 10
1007.895659538429
 20
-400.0
 10
1007.6456912979038
 20
-400.0
 10
1007.3957230573787
 20
-400.0
 10
1007.1457548168537
 20
-400.0
 10
1006.8957865763286
 20
-400.0
 10
1006.6458183358035
 20
-400.0
 10
1006.3958500952784
 20
-400.0
 10
1006.1458818547533
 20
-400.0
 10
1005.8959136142282
 20
-400.0
 10
1005.6459453737032
 20
-400.0
 10
1005.3959771331781
 20
-400.0
 10
1005.146008892653
 20
-400.0
 10
1004.8960406521278
 20
-400.0
 10
1004.6460724116027
 20
-400.0
 10
1004.3961041710777
 20
-400.0
 10
1004.1461359305526
 20
-400.0
 10
1003.8961676900276
 20
-400.0
 10
1003.6461994495023
 20
-400.0
 10
1003.3962312089773
 20
-400.0
 10
1003.1462629684522
 20
-400.0
 10
1002.8962947279272
 20
-400.0
 10
1002.646326487402
 20
-400.0
 10
1002.3963582468768
 20
-400.0
 10
1002.1463900063518
 20
-400.0
 10
1001.8964217658267
 20
-400.0
 10
1001.6464535253017
 20
-400.0
 10
1001.3964852847765
 20
-400.0
 10
1001.1465170442515
 20
-400.0
 10
1000.8965488037263
 20
-400.0
 10
1000.6465805632013
 20
-400.0
 10
1000.3966123226762
 20
-400.0
 10
1000.1466440821512
 20
-400.0
 10
999.896675841626
 20
-400.0
 10
999.646707601101
 20
-400.0
 10
999.3967393605758
 20
-400.0
 10
999.1467711200507
 20
-400.0
 10
998.8968028795257
 20
-400.0
 10
998.6468346390006
 20
-400.0
 10
998.3968663984755
 20
-400.0
 10
998.1468981579503
 20
-400.0
 10
997.8969299174253
 20
-400.0
 10
997.6469616769002
 20
-400.0
 10
997.3969934363752
 20
-400.0
 10
997.1470251958501
 20
-400.0
 10
996.897056955325
 20
-400.0
 10
996.6470887147998
 20
-400.0
 10
996.3971204742747
 20
-400.0
 10
996.1471522337497
 20
-400.0
 10
995.8971839932246
 20
-400.0
 10
995.6472157526995
 20
-400.0
 10
995.3972475121744
 20
-400.0
 10
995.1472792716493
 20
-400.0
 10
994.8973110311242
 20
-400.0
 10
994.6473427905992
 20
-400.0
 10
994.3973745500741
 20
-400.0
 10
994.147406309549
 20
-400.0
 10
993.8974380690238
 20
-400.0
 10
993.6474698284987
 20
-400.0
 10
993.3975015879737
 20
-400.0
 10
993.1475333474486
 20
-400.0
 10
992.8975651069236
 20
-400.0
 10
992.6475968663984
 20
-400.0
 10
992.3976286258733
 20
-400.0
 10
992.1476603853482
 20
-400.0
 10
991.8976921448232
 20
-400.0
 10
991.6477239042981
 20
-400.0
 10
991.397755663773
 20
-400.0
 10
991.1477874232479
 20
-400.0
 10
990.8978191827227
 20
-400.0
 10
990.6478509421977
 20
-400.0
 10
990.3978827016726
 20
-400.0
 10
990.1479144611476
 20
-400.0
 10
989.8979462206224
 20
-400.0
 10
989.6479779800974
 20
-400.0
 10
989.3980097395722
 20
-400.0
 10
989.1480414990472
 20
-400.0
 10
988.8980732585221
 20
-400.0
 10
988.6481050179971
 20
-400.0
 10
988.3981367774719
 20
-400.0
 10
988.1481685369467
 20
-400.0
 10
987.8982002964217
 20
-400.0
 10
987.6482320558966
 20
-400.0
 10
987.3982638153716
 20
-400.0
 10
987.1482955748465
 20
-400.0
 10
986.8983273343214
 20
-400.0
 10
986.6483590937962
 20
-400.0
 10
986.3983908532712
 20
-400.0
 10
986.1484226127461
 20
-400.0
 10
985.8984543722211
 20
-400.0
 10
985.6484861316959
 20
-400.0
 10
985.3985178911709
 20
-400.0
 10
985.1485496506457
 20
-400.0
 10
984.8985814101206
 20
-400.0
 10
984.6486131695956
 20
-400.0
 10
984.3986449290705
 20
-400.0
 10
984.1486766885454
 20
-400.0
 10
983.8987084480203
 20
-400.0
 10
983.6487402074952
 20
-400.0
 10
983.3987719669701
 20
-400.0
 10
983.1488037264451
 20
-400.0
 10
982.89883548592
 20
-400.0
 10
982.6488672453949
 20
-400.0
 10
982.3988990048697
 20
-400.0
 10
982.1489307643446
 20
-400.0
 10
981.8989625238196
 20
-400.0
 10
981.6489942832945
 20
-400.0
 10
981.3990260427695
 20
-400.0
 10
981.1490578022443
 20
-400.0
 10
980.8990895617192
 20
-400.0
 10
980.6491213211941
 20
-400.0
 10
980.3991530806691
 20
-400.0
 10
980.149184840144
 20
-400.0
 10
979.8992165996189
 20
-400.0
 10
979.6492483590938
 20
-400.0
 10
979.3992801185686
 20
-400.0
 10
979.1493118780436
 20
-400.0
 10
978.8993436375185
 20
-400.0
 10
978.6493753969935
 20
-400.0
 10
978.3994071564683
 20
-400.0
 10
978.1494389159432
 20
-400.0
 10
977.8994706754181
 20
-400.0
 10
977.6495024348931
 20
-400.0
 10
977.3995341943679
 20
-400.0
 10
977.1495659538427
 20
-400.0
 10
976.8995977133177
 20
-400.0
 10
976.6496294727926
 20
-400.0
 10
976.3996612322676
 20
-400.0
 10
976.1496929917425
 20
-400.0
 10
975.8997247512174
 20
-400.0
 10
975.6497565106922
 20
-400.0
 10
975.3997882701672
 20
-400.0
 10
975.1498200296421
 20
-400.0
 10
974.8998517891171
 20
-400.0
 10
974.649883548592
 20
-400.0
 10
974.3999153080669
 20
-400.0
 10
974.1499470675417
 20
-400.0
 10
973.8999788270166
 20
-400.0
 10
973.6500105864916
 20
-400.0
 10
973.4000423459665
 20
-400.0
 10
973.1500741054414
 20
-400.0
 10
972.9001058649163
 20
-400.0
 10
972.6501376243912
 20
-400.0
 10
972.4001693838661
 20
-400.0
 10
972.1502011433411
 20
-400.0
 10
971.900232902816
 20
-400.0
 10
971.6502646622909
 20
-400.0
 10
971.4002964217657
 20
-400.0
 10
971.1503281812406
 20
-400.0
 10
970.9003599407156
 20
-400.0
 10
970.6503917001905
 20
-400.0
 10
970.4004234596655
 20
-400.0
 10
970.1504552191403
 20
-400.0
 10
969.9004869786152
 20
-400.0
 10
969.6505187380901
 20
-400.0
 10
969.4005504975651
 20
-400.0
 10
969.15058225704
 20
-400.0
 10
968.9006140165149
 20
-400.0
 10
968.6506457759898
 20
-400.0
 10
968.4006775354646
 20
-400.0
 10
968.1507092949396
 20
-400.0
 10
967.9007410544145
 20
-400.0
 10
967.6507728138895
 20
-400.0
 10
967.4008045733643
 20
-400.0
 10
967.1508363328393
 20
-400.0
 10
966.9008680923141
 20
-400.0
 10
966.6508998517891
 20
-400.0
 10
966.400931611264
 20
-400.0
 10
966.150963370739
 20
-400.0
 10
965.9009951302138
 20
-400.0
 10
965.6510268896886
 20
-400.0
 10
965.4010586491636
 20
-400.0
 10
965.1510904086385
 20
-400.0
 10
964.9011221681135
 20
-400.0
 10
964.6511539275884
 20
-400.0
 10
964.4011856870633
 20
-400.0
 10
964.1512174465381
 20
-400.0
 10
963.9012492060131
 20
-400.0
 10
963.651280965488
 20
-400.0
 10
963.401312724963
 20
-400.0
 10
963.1513444844378
 20
-400.0
 10
962.9013762439128
 20
-400.0
 10
962.6514080033876
 20
-400.0
 10
962.4014397628625
 20
-400.0
 10
962.1514715223375
 20
-400.0
 10
961.9015032818124
 20
-400.0
 10
961.6515350412873
 20
-400.0
 10
961.4015668007621
 20
-400.0
 10
961.1515985602371
 20
-400.0
 10
960.901630319712
 20
-400.0
 10
960.651662079187
 20
-400.0
 10
960.4016938386619
 20
-400.0
 10
960.1517255981367
 20
-400.0
 10
960.0
 20
-399.9017573576117
 10
960.0
 20
-399.65178911708665
 10
960.0
 20
-399.4018208765615
 10
960.0
 20
-399.15185263603644
 10
960.0
 20
-398.9018843955114
 10
960.0
 20
-398.6519161549862
 10
960.0
 20
-398.4019479144612
 10
960.0
 20
-398.151979673936
 10
960.0
 20
-397.90201143341096
 10
960.0
 20
-397.6520431928859
 10
960.0
 20
-397.40207495236075
 10
960.0
 20
-397.1521067118357
 10
960.0
 20
-396.90213847131065
 10
960.0
 20
-396.65217023078554
 10
960.0
 20
-396.40220199026044
 10
960.0
 20
-396.1522337497354
 10
960.0
 20
-395.9022655092102
 10
960.0
 20
-395.6522972686851
 10
960.0
 20
-395.40232902816007
 10
960.0
 20
-395.15236078763496
 10
960.0
 20
-394.9023925471099
 10
960.0
 20
-394.65242430658486
 10
960.0
 20
-394.4024560660597
 10
960.0
 20
-394.15248782553465
 10
960.0
 20
-393.90251958500954
 10
960.0
 20
-393.65255134448444
 10
960.0
 20
-393.4025831039594
 10
960.0
 20
-393.1526148634342
 10
960.0
 20
-392.9026466229092
 10
960.0
 20
-392.6526783823841
 10
960.0
 20
-392.40271014185896
 10
960.0
 20
-392.1527419013338
 10
960.0
 20
-391.9027736608088
 10
960.0
 20
-391.6528054202837
 10
960.0
 20
-391.40283717975854
 10
960.0
 20
-391.1528689392335
 10
960.0
 20
-390.9029006987084
 10
960.0
 20
-390.6529324581833
 10
960.0
 20
-390.4029642176582
 10
960.0
 20
-390.1529959771332
 10
960.0
 20
-389.903027736608
 10
960.0
 20
-389.65305949608296
 10
960.0
 20
-389.4030912555579
 10
960.0
 20
-389.15312301503275
 10
960.0
 20
-388.9031547745077
 10
960.0
 20
-388.65318653398265
 10
960.0
 20
-388.4032182934575
 10
960.0
 20
-388.15325005293244
 10
960.0
 20
-387.9032818124074
 10
960.0
 20
-387.6533135718822
 10
960.0
 20
-387.4033453313572
 10
960.0
 20
-387.1533770908321
 10
960.0
 20
-386.903408850307
 10
960.0
 20
-386.6534406097819
 10
960.0
 20
-386.40347236925675
 10
960.0
 20
-386.1535041287317
 10
960.0
 20
-385.9035358882066
 10
960.0
 20
-385.6535676476815
 10
960.0
 20
-385.40359940715643
 10
960.0
 20
-385.1536311666314
 10
960.0
 20
-384.9036629261062
 10
960.0
 20
-384.6536946855812
 10
960.0
 20
-384.4037264450561
 10
960.0
 20
-384.15375820453096
 10
960.0
 20
-383.9037899640059
 10
960.0
 20
-383.65382172348086
 10
960.0
 20
-383.4038534829557
 10
960.0
 20
-383.15388524243065
 10
960.0
 20
-382.9039170019056
 10
960.0
 20
-382.65394876138043
 10
960.0
 20
-382.4039805208554
 10
960.0
 20
-382.15401228033033
 10
960.0
 20
-381.9040440398052
 10
960.0
 20
-381.6540757992801
 10
960.0
 20
-381.40410755875496
 10
960.0
 20
-381.1541393182299
 10
960.0
 20
-380.90417107770486
 10
960.0
 20
-380.6542028371797
 10
960.0
 20
-380.40423459665465
 10
960.0
 20
-380.1542663561296
 10
960.0
 20
-379.90429811560443
 10
960.0
 20
-379.6543298750794
 10
960.0
 20
-379.4043616345543
 10
960.0
 20
-379.15439339402917
 10
960.0
 20
-378.9044251535041
 10
960.0
 20
-378.6544569129791
 10
960.0
 20
-378.4044886724539
 10
960.0
 20
-378.15452043192886
 10
960.0
 20
-377.9045521914038
 10
960.0
 20
-377.65458395087865
 10
960.0
 20
-377.4046157103536
 10
960.0
 20
-377.15464746982855
 10
960.0
 20
-376.9046792293034
 10
960.0
 20
-376.65471098877833
 10
960.0
 20
-376.40474274825317
 10
960.0
 20
-376.1547745077281
 10
960.0
 20
-375.90480626720307
 10
960.0
 20
-375.6548380266779
 10
960.0
 20
-375.4048697861529
 10
960.0
 20
-375.1549015456278
 10
960.0
 20
-374.90493330510265
 10
960.0
 20
-374.6549650645776
 10
960.0
 20
-374.4049968240525
 10
960.0
 20
-374.1550285835274
 10
960.0
 20
-373.90506034300233
 10
960.0
 20
-373.6550921024773
 10
960.0
 20
-373.4051238619521
 10
960.0
 20
-373.15515562142707
 10
960.0
 20
-372.905187380902
 10
960.0
 20
-372.65521914037686
 10
960.0
 20
-372.4052508998518
 10
960.0
 20
-372.15528265932676
 10
960.0
 20
-371.9053144188016
 10
960.0
 20
-371.65534617827655
 10
960.0
 20
-371.4053779377515
 10
960.0
 20
-371.15540969722633
 10
960.0
 20
-370.9054414567013
 10
960.0
 20
-370.6554732161761
 10
960.0
 20
-370.4055049756511
 10
960.0
 20
-370.155536735126
 10
960.0
 20
-369.90556849460086
 10
960.0
 20
-369.6556002540758
 10
960.0
 20
-369.4056320135507
 10
960.0
 20
-369.1556637730256
 10
960.0
 20
-368.90569553250054
 10
960.0
 20
-368.6557272919755
 10
960.0
 20
-368.40575905145033
 10
960.0
 20
-368.1557908109253
 10
960.0
 20
-367.90582257040023
 10
960.0
 20
-367.65585432987507
 10
960.0
 20
-367.40588608935
 10
960.0
 20
-367.15591784882497
 10
960.0
 20
-366.9059496082998
 10
960.0
 20
-366.65598136777464
 10
960.0
 20
-366.4060131272496
 10
960.0
 20
-366.15604488672454
 10
960.0
 20
-365.9060766461994
 10
960.0
 20
-365.65610840567433
 10
960.0
 20
-365.4061401651493
 10
960.0
 20
-365.1561719246241
 10
960.0
 20
-364.90620368409907
 10
960.0
 20
-364.65623544357396
 10
960.0
 20
-364.4062672030489
 10
960.0
 20
-364.1562989625238
 10
960.0
 20
-363.90633072199864
 10
960.0
 20
-363.6563624814736
 10
960.0
 20
-363.40639424094854
 10
960.0
 20
-363.1564260004234
 10
960.0
 20
-362.90645775989833
 10
960.0
 20
-362.6564895193732
 10
960.0
 20
-362.4065212788481
 10
960.0
 20
-362.15655303832307
 10
960.0
 20
-361.906584797798
 10
960.0
 20
-361.65661655727286
 10
960.0
 20
-361.40664831674775
 10
960.0
 20
-361.1566800762227
 10
960.0
 20
-360.90671183569765
 10
960.0
 20
-360.65674359517254
 10
960.0
 20
-360.4067753546475
 10
960.0
 20
-360.15680711412233
 10
960.0
 20
-359.9068388735972
 10
960.0
 20
-359.6568706330722
 10
960.0
 20
-359.4069023925471
 10
960.0
 20
-359.156934152022
 10
960.0
 20
-358.90696591149685
 10
960.0
 20
-358.6569976709718
 10
960.0
 20
-358.40702943044676
 10
960.0
 20
-358.1570611899216
 10
960.0
 20
-357.9070929493966
 10
960.0
 20
-357.6571247088715
 10
960.0
 20
-357.40715646834633
 10
960.0
 20
-357.1571882278213
 10
960.0
 20
-356.90721998729623
 10
960.0
 20
-356.65725174677107
 10
960.0
 20
-356.40728350624596
 10
960.0
 20
-356.1573152657209
 10
960.0
 20
-355.90734702519586
 10
960.0
 20
-355.65737878467075
 10
960.0
 20
-355.4074105441457
 10
960.0
 20
-355.15744230362054
 10
960.0
 20
-354.90747406309544
 10
960.0
 20
-354.6575058225704
 10
960.0
 20
-354.40753758204534
 10
960.0
 20
-354.15756934152023
 10
960.0
 20
-353.90760110099507
 10
960.0
 20
-353.65763286047
 10
960.0
 20
-353.40766461994497
 10
960.0
 20
-353.1576963794198
 10
960.0
 20
-352.9077281388948
 10
960.0
 20
-352.6577598983697
 10
960.0
 20
-352.40779165784454
 10
960.0
 20
-352.1578234173195
 10
960.0
 20
-351.90785517679444
 10
960.0
 20
-351.6578869362693
 10
960.0
 20
-351.4079186957442
 10
960.0
 20
-351.1579504552191
 10
960.0
 20
-350.9079822146941
 10
960.0
 20
-350.65801397416897
 10
960.0
 20
-350.4080457336439
 10
960.0
 20
-350.15807749311875
 10
960.0
 20
-349.90810925259365
 10
960.0
 20
-349.6581410120686
 10
960.0
 20
-349.40817277154355
 10
960.0
 20
-349.15820453101844
 10
960.0
 20
-348.9082362904934
 10
960.0
 20
-348.6582680499682
 10
960.0
 20
-348.4082998094432
 10
960.0
 20
-348.1583315689181
 10
960.0
 20
-347.908363328393
 10
960.0
 20
-347.6583950878679
 10
960.0
 20
-347.40842684734275
 10
960.0
 20
-347.1584586068177
 10
960.0
 20
-346.90849036629265
 10
960.0
 20
-346.6585221257675
 10
960.0
 20
-346.40855388524244
 10
960.0
 20
-346.15858564471733
 10
960.0
 20
-345.9086174041922
 10
960.0
 20
-345.6586491636672
 10
960.0
 20
-345.40868092314213
 10
960.0
 20
-345.15871268261697
 10
960.0
 20
-344.90874444209186
 10
960.0
 20
-344.6587762015668
 10
960.0
 20
-344.40880796104176
 10
960.0
 20
-344.15883972051665
 10
960.0
 20
-343.9088714799916
 10
960.0
 20
-343.65890323946644
 10
960.0
 20
-343.40893499894133
 10
960.0
 20
-343.1589667584163
 10
960.0
 20
-342.90899851789123
 10
960.0
 20
-342.6590302773661
 10
960.0
 20
-342.40906203684096
 10
960.0
 20
-342.1590937963159
 10
960.0
 20
-341.90912555579087
 10
960.0
 20
-341.6591573152657
 10
960.0
 20
-341.4091890747407
 10
960.0
 20
-341.1592208342156
 10
960.0
 20
-340.90925259369044
 10
960.0
 20
-340.6592843531653
 10
960.0
 20
-340.4093161126402
 10
960.0
 20
-340.1593478721151
 10
960.0
 20
-339.90937963159007
 10
960.0
 20
-339.659411391065
 10
960.0
 20
-339.4094431505399
 10
960.0
 20
-339.15947491001475
 10
960.0
 20
-338.9095066694897
 10
960.0
 20
-338.65953842896465
 10
960.0
 20
-338.40957018843955
 10
960.0
 20
-338.15960194791444
 10
960.0
 20
-337.9096337073894
 10
960.0
 20
-337.6596654668642
 10
960.0
 20
-337.4096972263392
 10
960.0
 20
-337.1597289858141
 10
960.0
 20
-336.90976074528896
 10
960.0
 20
-336.65979250476386
 10
960.0
 20
-336.4098242642388
 10
960.0
 20
-336.1598560237137
 10
960.0
 20
-335.90988778318865
 10
960.0
 20
-335.6599195426635
 10
960.0
 20
-335.40995130213844
 10
960.0
 20
-335.15998306161333
 10
960.0
 20
-334.9100148210883
 10
960.0
 20
-334.66004658056323
 10
960.0
 20
-334.4100783400381
 10
960.0
 20
-334.16011009951296
 10
960.0
 20
-333.9101418589879
 10
960.0
 20
-333.6601736184628
 10
960.0
 20
-333.4102053779377
 10
960.0
 20
-333.16023713741265
 10
960.0
 20
-332.9102688968876
 10
960.0
 20
-332.66030065636244
 10
960.0
 20
-332.4103324158374
 10
960.0
 20
-332.16036417531234
 10
960.0
 20
-331.9103959347872
 10
960.0
 20
-331.6604276942621
 10
960.0
 20
-331.410459453737
 10
960.0
 20
-331.1604912132119
 10
960.0
 20
-330.91052297268686
 10
960.0
 20
-330.6605547321617
 10
960.0
 20
-330.41058649163665
 10
960.0
 20
-330.1606182511116
 10
960.0
 20
-329.9106500105865
 10
960.0
 20
-329.66068177006144
 10
960.0
 20
-329.41071352953634
 10
960.0
 20
-329.1607452890112
 10
960.0
 20
-328.91077704848607
 10
960.0
 20
-328.660808807961
 10
960.0
 20
-328.4108405674359
 10
960.0
 20
-328.16087232691086
 10
960.0
 20
-327.9109040863858
 10
960.0
 20
-327.66093584586065
 10
960.0
 20
-327.4109676053356
 10
960.0
 20
-327.16099936481055
 10
960.0
 20
-326.9110311242854
 10
960.0
 20
-326.66106288376034
 10
960.0
 20
-326.4110946432352
 10
960.0
 20
-326.1611264027101
 10
960.0
 20
-325.9111581621851
 10
960.0
 20
-325.6611899216599
 10
960.0
 20
-325.41122168113486
 10
960.0
 20
-325.1612534406098
 10
960.0
 20
-324.9112852000847
 10
960.0
 20
-324.66131695955966
 10
960.0
 20
-324.41134871903455
 10
960.0
 20
-324.1613804785094
 10
960.0
 20
-323.9114122379843
 10
960.0
 20
-323.66144399745923
 10
960.0
 20
-323.4114757569341
 10
960.0
 20
-323.1615075164091
 10
960.0
 20
-322.911539275884
 10
960.0
 20
-322.66157103535886
 10
960.0
 20
-322.4116027948338
 10
960.0
 20
-322.1616345543087
 10
960.0
 20
-321.9116663137836
 10
960.0
 20
-321.66169807325855
 10
960.0
 20
-321.4117298327335
 10
960.0
 20
-321.16176159220834
 10
960.0
 20
-320.9117933516833
 10
960.0
 20
-320.6618251111581
 10
960.0
 20
-320.4118568706331
 10
960.0
 20
-320.161888630108
 10
960.0
 20
-319.9119203895829
 10
960.0
 20
-319.6619521490578
 10
960.0
 20
-319.41198390853276
 10
960.0
 20
-319.1620156680076
 10
960.0
 20
-318.91204742748255
 10
960.0
 20
-318.66207918695744
 10
960.0
 20
-318.4121109464324
 10
960.0
 20
-318.1621427059073
 10
960.0
 20
-317.91217446538224
 10
960.0
 20
-317.6622062248571
 10
960.0
 20
-317.412237984332
 10
960.0
 20
-317.1622697438069
 10
960.0
 20
-316.9123015032818
 10
960.0
 20
-316.66233326275676
 10
960.0
 20
-316.4123650222317
 10
960.0
 20
-316.16239678170655
 10
960.0
 20
-315.9124285411815
 10
960.0
 20
-315.66246030065633
 10
960.0
 20
-315.4124920601313
 10
960.0
 20
-315.1625238196062
 10
960.0
 20
-314.91255557908113
 10
960.0
 20
-314.662587338556
 10
960.0
 20
-314.41261909803086
 10
960.0
 20
-314.1626508575058
 10
960.0
 20
-313.9126826169807
 10
960.0
 20
-313.6627143764556
 10
960.0
 20
-313.4127461359306
 10
960.0
 20
-313.1627778954055
 10
960.0
 20
-312.91280965488033
 10
960.0
 20
-312.6628414143553
 10
960.0
 20
-312.4128731738302
 10
960.0
 20
-312.1629049333051
 10
960.0
 20
-311.91293669278
 10
960.0
 20
-311.662968452255
 10
960.0
 20
-311.4130002117298
 10
960.0
 20
-311.16303197120476
 10
960.0
 20
-310.9130637306797
 10
960.0
 20
-310.66309549015455
 10
960.0
 20
-310.4131272496295
 10
960.0
 20
-310.16315900910445
 10
960.0
 20
-309.9131907685793
 10
960.0
 20
-309.66322252805423
 10
960.0
 20
-309.41325428752907
 10
960.0
 20
-309.163286047004
 10
960.0
 20
-308.91331780647886
 10
960.0
 20
-308.66334956595387
 10
960.0
 20
-308.41338132542876
 10
960.0
 20
-308.1634130849036
 10
960.0
 20
-307.91344484437855
 10
960.0
 20
-307.6634766038535
 10
960.0
 20
-307.41350836332833
 10
960.0
 20
-307.1635401228033
 10
960.0
 20
-306.91357188227823
 10
960.0
 20
-306.66360364175307
 10
960.0
 20
-306.413635401228
 10
960.0
 20
-306.16366716070297
 10
960.0
 20
-305.9136989201778
 10
960.0
 20
-305.66373067965276
 10
960.0
 20
-305.4137624391277
 10
960.0
 20
-305.16379419860255
 10
960.0
 20
-304.9138259580775
 10
960.0
 20
-304.66385771755245
 10
960.0
 20
-304.4138894770273
 10
960.0
 20
-304.1639212365022
 10
960.0
 20
-303.91395299597707
 10
960.0
 20
-303.6639847554521
 10
960.0
 20
-303.41401651492697
 10
960.0
 20
-303.1640482744018
 10
960.0
 20
-302.91408003387676
 10
960.0
 20
-302.66411179335165
 10
960.0
 20
-302.41414355282654
 10
960.0
 20
-302.1641753123015
 10
960.0
 20
-301.91420707177645
 10
960.0
 20
-301.66423883125134
 10
960.0
 20
-301.41427059072623
 10
960.0
 20
-301.1643023502011
 10
960.0
 20
-300.914334109676
 10
960.0
 20
-300.66436586915097
 10
960.0
 20
-300.4143976286259
 10
960.0
 20
-300.16442938810076
 10
960.0
 20
-299.9144611475757
 10
960.0
 20
-299.66449290705066
 10
960.0
 20
-299.4145246665255
 10
960.0
 20
-299.1645564260004
 10
960.0
 20
-298.9145881854753
 10
960.0
 20
-298.6646199449503
 10
960.0
 20
-298.4146517044252
 10
960.0
 20
-298.1646834639
 10
960.0
 20
-297.91471522337497
 10
960.0
 20
-297.6647469828499
 10
960.0
 20
-297.41477874232476
 10
960.0
 20
-297.1648105017997
 10
960.0
 20
-296.91484226127466
 10
960.0
 20
-296.66487402074955
 10
960.0
 20
-296.41490578022444
 10
960.0
 20
-296.16493753969934
 10
960.0
 20
-295.91496929917423
 10
960.0
 20
-295.6650010586492
 10
960.0
 20
-295.4150328181241
 10
960.0
 20
-295.16506457759897
 10
960.0
 20
-294.91509633707386
 10
960.0
 20
-294.66512809654876
 10
960.0
 20
-294.4151598560237
 10
960.0
 20
-294.16519161549866
 10
960.0
 20
-293.9152233749735
 10
960.0
 20
-293.66525513444844
 10
960.0
 20
-293.4152868939234
 10
960.0
 20
-293.16531865339823
 10
960.0
 20
-292.9153504128731
 10
960.0
 20
-292.665382172348
 10
960.0
 20
-292.41541393182297
 10
960.0
 20
-292.1654456912979
 10
960.0
 20
-291.91547745077276
 10
960.0
 20
-291.66550921024776
 10
960.0
 20
-291.41554096972266
 10
960.0
 20
-291.1655727291975
 10
960.0
 20
-290.91560448867244
 10
960.0
 20
-290.6656362481474
 10
960.0
 20
-290.4156680076223
 10
960.0
 20
-290.1656997670972
 10
960.0
 20
-289.9157315265721
 10
960.0
 20
-289.66576328604697
 10
960.0
 20
-289.4157950455219
 10
960.0
 20
-289.16582680499687
 10
960.0
 20
-288.9158585644717
 10
960.0
 20
-288.66589032394666
 10
960.0
 20
-288.4159220834216
 10
960.0
 20
-288.16595384289644
 10
960.0
 20
-287.91598560237134
 10
960.0
 20
-287.66601736184623
 10
960.0
 20
-287.41604912132124
 10
960.0
 20
-287.16608088079613
 10
960.0
 20
-286.91611264027097
 10
960.0
 20
-286.6661443997459
 10
960.0
 20
-286.41617615922087
 10
960.0
 20
-286.1662079186957
 10
960.0
 20
-285.91623967817065
 10
960.0
 20
-285.6662714376456
 10
960.0
 20
-285.4163031971205
 10
960.0
 20
-285.1663349565954
 10
960.0
 20
-284.9163667160703
 10
960.0
 20
-284.6663984755452
 10
960.0
 20
-284.41643023502013
 10
960.0
 20
-284.1664619944951
 10
960.0
 20
-283.9164937539699
 10
960.0
 20
-283.66652551344487
 10
960.0
 20
-283.4165572729198
 10
960.0
 20
-283.16658903239465
 10
960.0
 20
-282.91662079186955
 10
960.0
 20
-282.66665255134444
 10
960.0
 20
-282.4166843108194
 10
960.0
 20
-282.16671607029434
 10
960.0
 20
-281.9167478297692
 10
960.0
 20
-281.6667795892441
 10
960.0
 20
-281.41681134871897
 10
960.0
 20
-281.1668431081939
 10
960.0
 20
-280.91687486766887
 10
960.0
 20
-280.6669066271437
 10
960.0
 20
-280.4169383866187
 10
960.0
 20
-280.1669701460936
 10
960.0
 20
-279.91700190556844
 10
960.0
 20
-279.6670336650434
 10
960.0
 20
-279.41706542451834
 10
960.0
 20
-279.16709718399323
 10
960.0
 20
-278.91712894346813
 10
960.0
 20
-278.6671607029431
 10
960.0
 20
-278.4171924624179
 10
960.0
 20
-278.16722422189287
 10
960.0
 20
-277.91725598136776
 10
960.0
 20
-277.66728774084265
 10
960.0
 20
-277.4173195003176
 10
960.0
 20
-277.16735125979255
 10
960.0
 20
-276.9173830192674
 10
960.0
 20
-276.6674147787423
 10
960.0
 20
-276.4174465382172
 10
960.0
 20
-276.1674782976921
 10
960.0
 20
-275.9175100571671
 10
960.0
 20
-275.667541816642
 10
960.0
 20
-275.41757357611687
 10
960.0
 20
-275.1676053355918
 10
960.0
 20
-274.9176370950667
 10
960.0
 20
-274.6676688545416
 10
960.0
 20
-274.41770061401655
 10
960.0
 20
-274.16773237349145
 10
960.0
 20
-273.91776413296634
 10
960.0
 20
-273.6677958924413
 10
960.0
 20
-273.4178276519161
 10
960.0
 20
-273.1678594113911
 10
960.0
 20
-272.91789117086597
 10
960.0
 20
-272.66792293034086
 10
960.0
 20
-272.4179546898158
 10
960.0
 20
-272.1679864492907
 10
960.0
 20
-271.9180182087656
 10
960.0
 20
-271.66804996824055
 10
960.0
 20
-271.41808172771545
 10
960.0
 20
-271.16811348719034
 10
960.0
 20
-270.9181452466653
 10
960.0
 20
-270.6681770061402
 10
960.0
 20
-270.418208765615
 10
960.0
 20
-270.16824052508997
 10
960.0
 20
-269.91827228456486
 10
960.0
 20
-269.6683040440398
 10
960.0
 20
-269.4183358035147
 10
960.0
 20
-269.1683675629896
 10
960.0
 20
-268.91839932246455
 10
960.0
 20
-268.66843108193945
 10
960.0
 20
-268.41846284141434
 10
960.0
 20
-268.1684946008893
 10
960.0
 20
-267.9185263603641
 10
960.0
 20
-267.6685581198391
 10
960.0
 20
-267.418589879314
 10
960.0
 20
-267.16862163878886
 10
960.0
 20
-266.9186533982638
 10
960.0
 20
-266.6686851577387
 10
960.0
 20
-266.4187169172136
 10
960.0
 20
-266.16874867668855
 10
960.0
 20
-265.9187804361634
 10
960.0
 20
-265.66881219563834
 10
960.0
 20
-265.4188439551133
 10
960.0
 20
-265.1688757145882
 10
960.0
 20
-264.9189074740631
 10
960.0
 20
-264.668939233538
 10
960.0
 20
-264.4189709930129
 10
960.0
 20
-264.1690027524878
 10
960.0
 20
-263.91903451196276
 10
960.0
 20
-263.66906627143766
 10
960.0
 20
-263.41909803091255
 10
960.0
 20
-263.1691297903875
 10
960.0
 20
-262.91916154986234
 10
960.0
 20
-262.6691933093373
 10
960.0
 20
-262.41922506881224
 10
960.0
 20
-262.1692568282871
 10
960.0
 20
-261.919288587762
 10
960.0
 20
-261.6693203472369
 10
960.0
 20
-261.4193521067118
 10
960.0
 20
-261.16938386618676
 10
960.0
 20
-260.9194156256616
 10
960.0
 20
-260.66944738513655
 10
960.0
 20
-260.4194791446115
 10
960.0
 20
-260.1695109040864
 10
960.0
 20
-259.9195426635613
 10
960.0
 20
-259.66957442303624
 10
960.0
 20
-259.41960618251113
 10
960.0
 20
-259.169637941986
 10
960.0
 20
-258.919669701461
 10
960.0
 20
-258.6697014609359
 10
960.0
 20
-258.41973322041076
 10
960.0
 20
-258.1697649798857
 10
960.0
 20
-257.91979673936055
 10
960.0
 20
-257.6698284988355
 10
960.0
 20
-257.41986025831034
 10
960.0
 20
-257.1698920177853
 10
960.0
 20
-256.91992377726024
 10
960.0
 20
-256.6699555367351
 10
960.0
 20
-256.41998729621
 10
960.0
 20
-256.170019055685
 10
960.0
 20
-255.92005081515987
 10
960.0
 20
-255.67008257463476
 10
960.0
 20
-255.42011433410968
 10
960.0
 20
-255.17014609358458
 10
960.0
 20
-254.9201778530595
 10
960.0
 20
-254.6702096125344
 10
960.0
 20
-254.42024137200931
 10
960.0
 20
-254.17027313148418
 10
960.0
 20
-253.92030489095913
 10
960.0
 20
-253.67033665043405
 10
960.0
 20
-253.42036840990895
 10
960.0
 20
-253.17040016938387
 10
960.0
 20
-252.92043192885876
 10
960.0
 20
-252.67046368833368
 10
960.0
 20
-252.4204954478086
 10
960.0
 20
-252.1705272072835
 10
960.0
 20
-251.92055896675842
 10
960.0
 20
-251.6705907262333
 10
960.0
 20
-251.42062248570824
 10
960.0
 20
-251.17065424518316
 10
960.0
 20
-250.92068600465805
 10
960.0
 20
-250.67071776413297
 10
960.0
 20
-250.42074952360787
 10
960.0
 20
-250.1707812830828
 10
960.0
 20
-249.9208130425577
 10
960.0
 20
-249.6708448020326
 10
960.0
 20
-249.42087656150753
 10
960.0
 20
-249.17090832098242
 10
960.0
 20
-248.92094008045734
 10
960.0
 20
-248.67097183993226
 10
960.0
 20
-248.42100359940716
 10
960.0
 20
-248.17103535888208
 10
960.0
 20
-247.92106711835697
 10
960.0
 20
-247.6710988778319
 10
960.0
 20
-247.42113063730682
 10
960.0
 20
-247.1711623967817
 10
960.0
 20
-246.92119415625663
 10
960.0
 20
-246.67122591573153
 10
960.0
 20
-246.42125767520645
 10
960.0
 20
-246.17128943468137
 10
960.0
 20
-245.92132119415626
 10
960.0
 20
-245.67135295363119
 10
960.0
 20
-245.42138471310608
 10
960.0
 20
-245.171416472581
 10
960.0
 20
-244.92144823205592
 10
960.0
 20
-244.6714799915308
 10
960.0
 20
-244.4215117510057
 10
960.0
 20
-244.1715435104806
 10
960.0
 20
-243.92157526995553
 10
960.0
 20
-243.67160702943042
 10
960.0
 20
-243.42163878890534
 10
960.0
 20
-243.17167054838026
 10
960.0
 20
-242.92170230785516
 10
960.0
 20
-242.67173406733008
 10
960.0
 20
-242.421765826805
 10
960.0
 20
-242.1717975862799
 10
960.0
 20
-241.92182934575482
 10
960.0
 20
-241.6718611052297
 10
960.0
 20
-241.42189286470463
 10
960.0
 20
-241.17192462417955
 10
960.0
 20
-240.92195638365445
 10
960.0
 20
-240.67198814312937
 10
960.0
 20
-240.42201990260426
 10
960.0
 20
-240.17205166207918
 10
960.0
 20
-239.9220834215541
 10
960.0
 20
-239.672115181029
 10
960.0
 20
-239.42214694050392
 10
960.0
 20
-239.17217869997882
 10
960.0
 20
-238.92221045945374
 10
960.0
 20
-238.67224221892866
 10
960.0
 20
-238.42227397840355
 10
960.0
 20
-238.17230573787847
 10
960.0
 20
-237.92233749735337
 10
960.0
 20
-237.6723692568283
 10
960.0
 20
-237.4224010163032
 10
960.0
 20
-237.1724327757781
 10
960.0
 20
-236.92246453525303
 10
960.0
 20
-236.67249629472792
 10
960.0
 20
-236.42252805420284
 10
960.0
 20
-236.17255981367776
 10
960.0
 20
-235.92259157315266
 10
960.0
 20
-235.67262333262758
 10
960.0
 20
-235.42265509210247
 10
960.0
 20
-235.1726868515774
 10
960.0
 20
-234.92271861105232
 10
960.0
 20
-234.6727503705272
 10
960.0
 20
-234.42278213000213
 10
960.0
 20
-234.17281388947703
 10
960.0
 20
-233.92284564895195
 10
960.0
 20
-233.67287740842687
 10
960.0
 20
-233.42290916790176
 10
960.0
 20
-233.1729409273767
 10
960.0
 20
-232.92297268685158
 10
960.0
 20
-232.6730044463265
 10
960.0
 20
-232.42303620580142
 10
960.0
 20
-232.17306796527632
 10
960.0
 20
-231.9230997247512
 10
960.0
 20
-231.6731314842261
 10
960.0
 20
-231.42316324370103
 10
960.0
 20
-231.17319500317592
 10
960.0
 20
-230.92322676265084
 10
960.0
 20
-230.67325852212576
 10
960.0
 20
-230.42329028160066
 10
960.0
 20
-230.17332204107558
 10
960.0
 20
-229.9233538005505
 10
960.0
 20
-229.6733855600254
 10
960.0
 20
-229.42341731950032
 10
960.0
 20
-229.1734490789752
 10
960.0
 20
-228.92348083845013
 10
960.0
 20
-228.67351259792505
 10
960.0
 20
-228.42354435739995
 10
960.0
 20
-228.17357611687487
 10
960.0
 20
-227.92360787634976
 10
960.0
 20
-227.67363963582469
 10
960.0
 20
-227.4236713952996
 10
960.0
 20
-227.1737031547745
 10
960.0
 20
-226.92373491424942
 10
960.0
 20
-226.67376667372432
 10
960.0
 20
-226.42379843319924
 10
960.0
 20
-226.17383019267416
 10
960.0
 20
-225.92386195214905
 10
960.0
 20
-225.67389371162398
 10
960.0
 20
-225.42392547109887
 10
960.0
 20
-225.1739572305738
 10
960.0
 20
-224.9239889900487
 10
960.0
 20
-224.6740207495236
 10
960.0
 20
-224.42405250899853
 10
960.0
 20
-224.17408426847342
 10
960.0
 20
-223.92411602794834
 10
960.0
 20
-223.67414778742327
 10
960.0
 20
-223.42417954689816
 10
960.0
 20
-223.17421130637308
 10
960.0
 20
-222.92424306584797
 10
960.0
 20
-222.6742748253229
 10
960.0
 20
-222.42430658479782
 10
960.0
 20
-222.1743383442727
 10
960.0
 20
-221.92437010374763
 10
960.0
 20
-221.67440186322253
 10
960.0
 20
-221.42443362269745
 10
960.0
 20
-221.17446538217237
 10
960.0
 20
-220.92449714164727
 10
960.0
 20
-220.6745289011222
 10
960.0
 20
-220.42456066059708
 10
960.0
 20
-220.174592420072
 10
960.0
 20
-219.92462417954692
 10
960.0
 20
-219.67465593902182
 10
960.0
 20
-219.42468769849674
 10
960.0
 20
-219.17471945797163
 10
960.0
 20
-218.92475121744653
 10
960.0
 20
-218.67478297692142
 10
960.0
 20
-218.42481473639634
 10
960.0
 20
-218.17484649587126
 10
960.0
 20
-217.92487825534616
 10
960.0
 20
-217.67491001482108
 10
960.0
 20
-217.424941774296
 10
960.0
 20
-217.1749735337709
 10
960.0
 20
-216.92500529324582
 10
960.0
 20
-216.6750370527207
 10
960.0
 20
-216.42506881219563
 10
960.0
 20
-216.17510057167055
 10
960.0
 20
-215.92513233114545
 10
960.0
 20
-215.67516409062037
 10
960.0
 20
-215.42519585009526
 10
960.0
 20
-215.1752276095702
 10
960.0
 20
-214.9252593690451
 10
960.0
 20
-214.67529112852
 10
960.0
 20
-214.42532288799492
 10
960.0
 20
-214.17535464746982
 10
960.0
 20
-213.92538640694474
 10
960.0
 20
-213.67541816641966
 10
960.0
 20
-213.42544992589455
 10
960.0
 20
-213.17548168536948
 10
960.0
 20
-212.92551344484437
 10
960.0
 20
-212.6755452043193
 10
960.0
 20
-212.4255769637942
 10
960.0
 20
-212.1756087232691
 10
960.0
 20
-211.92564048274403
 10
960.0
 20
-211.67567224221892
 10
960.0
 20
-211.42570400169384
 10
960.0
 20
-211.17573576116877
 10
960.0
 20
-210.92576752064366
 10
960.0
 20
-210.67579928011858
 10
960.0
 20
-210.42583103959348
 10
960.0
 20
-210.1758627990684
 10
960.0
 20
-209.92589455854332
 10
960.0
 20
-209.6759263180182
 10
960.0
 20
-209.42595807749314
 10
960.0
 20
-209.17598983696803
 10
960.0
 20
-208.92602159644295
 10
960.0
 20
-208.67605335591787
 10
960.0
 20
-208.42608511539277
 10
960.0
 20
-208.1761168748677
 10
960.0
 20
-207.92614863434258
 10
960.0
 20
-207.6761803938175
 10
960.0
 20
-207.42621215329243
 10
960.0
 20
-207.17624391276732
 10
960.0
 20
-206.92627567224224
 10
960.0
 20
-206.67630743171713
 10
960.0
 20
-206.42633919119206
 10
960.0
 20
-206.17637095066692
 10
960.0
 20
-205.92640271014184
 10
960.0
 20
-205.67643446961677
 10
960.0
 20
-205.42646622909166
 10
960.0
 20
-205.17649798856658
 10
960.0
 20
-204.9265297480415
 10
960.0
 20
-204.6765615075164
 10
960.0
 20
-204.42659326699132
 10
960.0
 20
-204.1766250264662
 10
960.0
 20
-203.92665678594113
 10
960.023311454584
 20
-203.70000000000002
 10
960.2732796951091
 20
-203.70000000000002
 10
960.5232479356341
 20
-203.70000000000002
 10
960.7732161761593
 20
-203.70000000000002
 10
961.0231844166843
 20
-203.70000000000002
 10
961.2731526572094
 20
-203.70000000000002
 10
961.5231208977345
 20
-203.70000000000002
 10
961.7730891382596
 20
-203.70000000000002
 10
962.0230573787846
 20
-203.70000000000002
 10
962.2730256193098
 20
-203.70000000000002
 10
962.5229938598349
 20
-203.70000000000002
 10
962.77296210036
 20
-203.70000000000002
 10
963.0229303408851
 20
-203.70000000000002
 10
963.2728985814101
 20
-203.70000000000002
 10
963.5228668219352
 20
-203.70000000000002
 10
963.7728350624603
 20
-203.70000000000002
 10
964.0228033029854
 20
-203.70000000000002
 10
964.2727715435105
 20
-203.70000000000002
 10
964.5227397840356
 20
-203.70000000000002
 10
964.7727080245606
 20
-203.70000000000002
 10
965.0226762650857
 20
-203.70000000000002
 10
965.2726445056109
 20
-203.70000000000002
 10
965.5226127461359
 20
-203.70000000000002
 10
965.7725809866611
 20
-203.70000000000002
 10
966.0225492271861
 20
-203.70000000000002
 10
966.2725174677112
 20
-203.70000000000002
 10
966.5224857082363
 20
-203.70000000000002
 10
966.7724539487614
 20
-203.70000000000002
 10
967.0224221892865
 20
-203.70000000000002
 10
967.2723904298116
 20
-203.70000000000002
 10
967.5223586703366
 20
-203.70000000000002
 10
967.7723269108617
 20
-203.70000000000002
 10
968.0222951513869
 20
-203.70000000000002
 10
968.2722633919119
 20
-203.70000000000002
 10
968.5222316324371
 20
-203.70000000000002
 10
968.7721998729621
 20
-203.70000000000002
 10
969.0221681134872
 20
-203.70000000000002
 10
969.2721363540122
 20
-203.70000000000002
 10
969.5221045945374
 20
-203.70000000000002
 10
969.7720728350624
 20
-203.70000000000002
 10
970.0220410755876
 20
-203.70000000000002
 10
970.2720093161126
 20
-203.70000000000002
 10
970.5219775566377
 20
-203.70000000000002
 10
970.7719457971629
 20
-203.70000000000002
 10
971.0219140376879
 20
-203.70000000000002
 10
971.2718822782131
 20
-203.70000000000002
 10
971.5218505187381
 20
-203.70000000000002
 10
971.7718187592632
 20
-203.70000000000002
 10
972.0217869997883
 20
-203.70000000000002
 10
972.2717552403134
 20
-203.70000000000002
 10
972.5217234808384
 20
-203.70000000000002
 10
972.7716917213636
 20
-203.70000000000002
 10
973.0216599618886
 20
-203.70000000000002
 10
973.2716282024137
 20
-203.70000000000002
 10
973.5215964429389
 20
-203.70000000000002
 10
973.7715646834639
 20
-203.70000000000002
 10
974.0215329239891
 20
-203.70000000000002
 10
974.2715011645141
 20
-203.70000000000002
 10
974.5214694050392
 20
-203.70000000000002
 10
974.7714376455642
 20
-203.70000000000002
 10
975.0214058860894
 20
-203.70000000000002
 10
975.2713741266144
 20
-203.70000000000002
 10
975.5213423671396
 20
-203.70000000000002
 10
975.7713106076646
 20
-203.70000000000002
 10
976.0212788481897
 20
-203.70000000000002
 10
976.2712470887147
 20
-203.70000000000002
 10
976.5212153292399
 20
-203.70000000000002
 10
976.771183569765
 20
-203.70000000000002
 10
977.0211518102901
 20
-203.70000000000002
 10
977.2711200508152
 20
-203.70000000000002
 10
977.5210882913402
 20
-203.70000000000002
 10
977.7710565318654
 20
-203.70000000000002
 10
978.0210247723904
 20
-203.70000000000002
 10
978.2709930129156
 20
-203.70000000000002
 10
978.5209612534406
 20
-203.70000000000002
 10
978.7709294939657
 20
-203.70000000000002
 10
979.0208977344907
 20
-203.70000000000002
 10
979.2708659750159
 20
-203.70000000000002
 10
979.520834215541
 20
-203.70000000000002
 10
979.7708024560661
 20
-203.70000000000002
 10
980.0207706965912
 20
-203.70000000000002
 10
980.2707389371162
 20
-203.70000000000002
 10
980.5207071776413
 20
-203.70000000000002
 10
980.7706754181664
 20
-203.70000000000002
 10
981.0206436586915
 20
-203.70000000000002
 10
981.2706118992166
 20
-203.70000000000002
 10
981.5205801397417
 20
-203.70000000000002
 10
981.7705483802667
 20
-203.70000000000002
 10
982.0205166207919
 20
-203.70000000000002
 10
982.270484861317
 20
-203.70000000000002
 10
982.520453101842
 20
-203.70000000000002
 10
982.7704213423672
 20
-203.70000000000002
 10
983.0203895828922
 20
-203.70000000000002
 10
983.2703578234174
 20
-203.70000000000002
 10
983.5203260639424
 20
-203.70000000000002
 10
983.7702943044675
 20
-203.70000000000002
 10
984.0202625449926
 20
-203.70000000000002
 10
984.2702307855177
 20
-203.70000000000002
 10
984.5201990260427
 20
-203.70000000000002
 10
984.7701672665679
 20
-203.70000000000002
 10
985.020135507093
 20
-203.70000000000002
 10
985.2701037476181
 20
-203.70000000000002
 10
985.5200719881432
 20
-203.70000000000002
 10
985.7700402286682
 20
-203.70000000000002
 10
986.0200084691933
 20
-203.70000000000002
 10
986.2699767097184
 20
-203.70000000000002
 10
986.5199449502435
 20
-203.70000000000002
 10
986.7699131907686
 20
-203.70000000000002
 10
987.0198814312937
 20
-203.70000000000002
 10
987.2698496718187
 20
-203.70000000000002
 10
987.5198179123438
 20
-203.70000000000002
 10
987.769786152869
 20
-203.70000000000002
 10
988.019754393394
 20
-203.70000000000002
 10
988.2697226339192
 20
-203.70000000000002
 10
988.5196908744442
 20
-203.70000000000002
 10
988.7696591149693
 20
-203.70000000000002
 10
989.0196273554944
 20
-203.70000000000002
 10
989.2695955960195
 20
-203.70000000000002
 10
989.5195638365446
 20
-203.70000000000002
 10
989.7695320770697
 20
-203.70000000000002
 10
990.0195003175947
 20
-203.70000000000002
 10
990.2694685581198
 20
-203.70000000000002
 10
990.519436798645
 20
-203.70000000000002
 10
990.76940503917
 20
-203.70000000000002
 10
991.0193732796952
 20
-203.70000000000002
 10
991.2693415202202
 20
-203.70000000000002
 10
991.5193097607453
 20
-203.70000000000002
 10
991.7692780012703
 20
-203.70000000000002
 10
992.0192462417955
 20
-203.70000000000002
 10
992.2692144823205
 20
-203.70000000000002
 10
992.5191827228457
 20
-203.70000000000002
 10
992.7691509633707
 20
-203.70000000000002
 10
993.0191192038958
 20
-203.70000000000002
 10
993.269087444421
 20
-203.70000000000002
 10
993.519055684946
 20
-203.70000000000002
 10
993.7690239254711
 20
-203.70000000000002
 10
994.0189921659962
 20
-203.70000000000002
 10
994.2689604065213
 20
-203.70000000000002
 10
994.5189286470463
 20
-203.70000000000002
 10
994.7688968875715
 20
-203.70000000000002
 10
995.0188651280965
 20
-203.70000000000002
 10
995.2688333686217
 20
-203.70000000000002
 10
995.5188016091467
 20
-203.70000000000002
 10
995.7687698496718
 20
-203.70000000000002
 10
996.018738090197
 20
-203.70000000000002
 10
996.268706330722
 20
-203.70000000000002
 10
996.5186745712471
 20
-203.70000000000002
 10
996.7686428117722
 20
-203.70000000000002
 10
997.0186110522973
 20
-203.70000000000002
 10
997.2685792928223
 20
-203.70000000000002
 10
997.5185475333475
 20
-203.70000000000002
 10
997.7685157738725
 20
-203.70000000000002
 10
998.0184840143977
 20
-203.70000000000002
 10
998.2684522549227
 20
-203.70000000000002
 10
998.5184204954478
 20
-203.70000000000002
 10
998.7683887359728
 20
-203.70000000000002
 10
999.018356976498
 20
-203.70000000000002
 10
999.2683252170231
 20
-203.70000000000002
 10
999.5182934575482
 20
-203.70000000000002
 10
999.7682616980733
 20
-203.70000000000002
 10
1000.0182299385983
 20
-203.70000000000002
 10
1000.2681981791235
 20
-203.70000000000002
 10
1000.5181664196485
 20
-203.70000000000002
 10
1000.7681346601737
 20
-203.70000000000002
 10
1001.0181029006988
 20
-203.70000000000002
 10
1001.2680711412238
 20
-203.70000000000002
 10
1001.5180393817488
 20
-203.70000000000002
 10
1001.768007622274
 20
-203.70000000000002
 10
1002.0179758627991
 20
-203.70000000000002
 10
1002.2679441033242
 20
-203.70000000000002
 10
1002.5179123438493
 20
-203.70000000000002
 10
1002.7678805843743
 20
-203.70000000000002
 10
1003.0178488248994
 20
-203.70000000000002
 10
1003.2678170654245
 20
-203.70000000000002
 10
1003.5177853059496
 20
-203.70000000000002
 10
1003.7677535464748
 20
-203.70000000000002
 10
1004.0177217869998
 20
-203.70000000000002
 10
1004.2676900275248
 20
-203.70000000000002
 10
1004.51765826805
 20
-203.70000000000002
 10
1004.7676265085751
 20
-203.70000000000002
 10
1005.0175947491001
 20
-203.70000000000002
 10
1005.2675629896253
 20
-203.70000000000002
 10
1005.5175312301503
 20
-203.70000000000002
 10
1005.7674994706754
 20
-203.70000000000002
 10
1006.0174677112005
 20
-203.70000000000002
 10
1006.2674359517256
 20
-203.70000000000002
 10
1006.5174041922508
 20
-203.70000000000002
 10
1006.7673724327758
 20
-203.70000000000002
 10
1007.0173406733009
 20
-203.70000000000002
 10
1007.267308913826
 20
-203.70000000000002
 10
1007.5172771543511
 20
-203.70000000000002
 10
1007.7672453948761
 20
-203.70000000000002
 10
1008.0172136354013
 20
-203.70000000000002
 10
1008.2671818759263
 20
-203.70000000000002
 10
1008.5171501164514
 20
-203.70000000000002
 10
1008.7671183569765
 20
-203.70000000000002
 10
1009.0170865975016
 20
-203.70000000000002
 10
1009.2670548380268
 20
-203.70000000000002
 10
1009.5170230785518
 20
-203.70000000000002
 10
1009.7669913190769
 20
-203.70000000000002
 10
1010.0169595596019
 20
-203.70000000000002
 10
1010.2669278001271
 20
-203.70000000000002
 10
1010.5168960406521
 20
-203.70000000000002
 10
1010.7668642811773
 20
-203.70000000000002
 10
1011.0168325217023
 20
-203.70000000000002
 10
1011.2668007622274
 20
-203.70000000000002
 10
1011.5167690027524
 20
-203.70000000000002
 10
1011.7667372432776
 20
-203.70000000000002
 10
1012.0167054838028
 20
-203.70000000000002
 10
1012.2666737243278
 20
-203.70000000000002
 10
1012.5166419648529
 20
-203.70000000000002
 10
1012.7666102053779
 20
-203.70000000000002
 10
1013.0165784459031
 20
-203.70000000000002
 10
1013.2665466864281
 20
-203.70000000000002
 10
1013.5165149269533
 20
-203.70000000000002
 10
1013.7664831674783
 20
-203.70000000000002
 10
1014.0164514080034
 20
-203.70000000000002
 10
1014.2664196485284
 20
-203.70000000000002
 10
1014.5163878890536
 20
-203.70000000000002
 10
1014.7663561295786
 20
-203.70000000000002
 10
1015.0163243701038
 20
-203.70000000000002
 10
1015.2662926106289
 20
-203.70000000000002
 10
1015.5162608511539
 20
-203.70000000000002
 10
1015.766229091679
 20
-203.70000000000002
 10
1016.0161973322041
 20
-203.70000000000002
 10
1016.2661655727293
 20
-203.70000000000002
 10
1016.5161338132543
 20
-203.70000000000002
 10
1016.7661020537794
 20
-203.70000000000002
 10
1017.0160702943044
 20
-203.70000000000002
 10
1017.2660385348296
 20
-203.70000000000002
 10
1017.5160067753546
 20
-203.70000000000002
 10
1017.7659750158798
 20
-203.70000000000002
 10
1018.0159432564049
 20
-203.70000000000002
 10
1018.2659114969299
 20
-203.70000000000002
 10
1018.515879737455
 20
-203.70000000000002
 10
1018.7658479779801
 20
-203.70000000000002
 10
1019.0158162185053
 20
-203.70000000000002
 10
1019.2657844590303
 20
-203.70000000000002
 10
1019.5157526995554
 20
-203.70000000000002
 10
1019.7657209400804
 20
-203.70000000000002
 10
1020.0156891806056
 20
-203.70000000000002
 10
1020.2656574211306
 20
-203.70000000000002
 10
1020.5156256616557
 20
-203.70000000000002
 10
1020.7655939021809
 20
-203.70000000000002
 10
1021.0155621427059
 20
-203.70000000000002
 10
1021.265530383231
 20
-203.70000000000002
 10
1021.5154986237561
 20
-203.70000000000002
 10
1021.7654668642812
 20
-203.70000000000002
 10
1022.0154351048063
 20
-203.70000000000002
 10
1022.2654033453314
 20
-203.70000000000002
 10
1022.5153715858564
 20
-203.70000000000002
 10
1022.7653398263816
 20
-203.70000000000002
 10
1023.0153080669066
 20
-203.70000000000002
 10
1023.2652763074317
 20
-203.70000000000002
 10
1023.5152445479569
 20
-203.70000000000002
 10
1023.7652127884819
 20
-203.70000000000002
 10
1024.015181029007
 20
-203.70000000000002
 10
1024.265149269532
 20
-203.70000000000002
 10
1024.515117510057
 20
-203.70000000000002
 10
1024.7650857505823
 20
-203.70000000000002
 10
1025.0150539911074
 20
-203.70000000000002
 10
1025.2650222316324
 20
-203.70000000000002
 10
1025.5149904721575
 20
-203.70000000000002
 10
1025.7649587126825
 20
-203.70000000000002
 10
1026.0149269532078
 20
-203.70000000000002
 10
1026.2648951937329
 20
-203.70000000000002
 10
1026.514863434258
 20
-203.70000000000002
 10
1026.764831674783
 20
-203.70000000000002
 10
1027.014799915308
 20
-203.70000000000002
 10
1027.264768155833
 20
-203.70000000000002
 10
1027.5147363963583
 20
-203.70000000000002
 10
1027.7647046368834
 20
-203.70000000000002
 10
1028.0146728774084
 20
-203.70000000000002
 10
1028.2646411179335
 20
-203.70000000000002
 10
1028.5146093584585
 20
-203.70000000000002
 10
1028.7645775989838
 20
-203.70000000000002
 10
1029.0145458395089
 20
-203.70000000000002
 10
1029.264514080034
 20
-203.70000000000002
 10
1029.514482320559
 20
-203.70000000000002
 10
1029.764450561084
 20
-203.70000000000002
 10
1030.0144188016093
 20
-203.70000000000002
 10
1030.2643870421343
 20
-203.70000000000002
 10
1030.5143552826594
 20
-203.70000000000002
 10
1030.7643235231844
 20
-203.70000000000002
 10
1031.0142917637095
 20
-203.70000000000002
 10
1031.2642600042345
 20
-203.70000000000002
 10
1031.5142282447598
 20
-203.70000000000002
 10
1031.7641964852849
 20
-203.70000000000002
 10
1032.01416472581
 20
-203.70000000000002
 10
1032.264132966335
 20
-203.70000000000002
 10
1032.51410120686
 20
-203.70000000000002
 10
1032.7640694473853
 20
-203.70000000000002
 10
1033.0140376879103
 20
-203.70000000000002
 10
1033.2640059284354
 20
-203.70000000000002
 10
1033.5139741689604
 20
-203.70000000000002
 10
1033.7639424094855
 20
-203.70000000000002
 10
1034.0139106500105
 20
-203.70000000000002
 10
1034.2638788905356
 20
-203.70000000000002
 10
1034.5138471310609
 20
-203.70000000000002
 10
1034.763815371586
 20
-203.70000000000002
 10
1035.013783612111
 20
-203.70000000000002
 10
1035.263751852636
 20
-203.70000000000002
 10
1035.513720093161
 20
-203.70000000000002
 10
1035.763688333686
 20
-203.70000000000002
 10
1036.0136565742114
 20
-203.70000000000002
 10
1036.2636248147364
 20
-203.70000000000002
 10
1036.5135930552615
 20
-203.70000000000002
 10
1036.7635612957865
 20
-203.70000000000002
 10
1037.0135295363116
 20
-203.70000000000002
 10
1037.2634977768369
 20
-203.70000000000002
 10
1037.513466017362
 20
-203.70000000000002
 10
1037.763434257887
 20
-203.70000000000002
 10
1038.013402498412
 20
-203.70000000000002
 10
1038.263370738937
 20
-203.70000000000002
 10
1038.5133389794623
 20
-203.70000000000002
 10
1038.7633072199874
 20
-203.70000000000002
 10
1039.0132754605124
 20
-203.70000000000002
 10
1039.2632437010375
 20
-203.70000000000002
 10
1039.5132119415625
 20
-203.70000000000002
 10
1039.7631801820876
 20
-203.70000000000002
 10
1040.0131484226129
 20
-203.70000000000002
 10
1040.263116663138
 20
-203.70000000000002
 10
1040.513084903663
 20
-203.70000000000002
 10
1040.763053144188
 20
-203.70000000000002
 10
1041.013021384713
 20
-203.70000000000002
 10
1041.2629896252383
 20
-203.70000000000002
 10
1041.5129578657634
 20
-203.70000000000002
 10
1041.7629261062884
 20
-203.70000000000002
 10
1042.0128943468135
 20
-203.70000000000002
 10
1042.2628625873385
 20
-203.70000000000002
 10
1042.5128308278636
 20
-203.70000000000002
 10
1042.7627990683886
 20
-203.70000000000002
 10
1043.012767308914
 20
-203.70000000000002
 10
1043.262735549439
 20
-203.70000000000002
 10
1043.512703789964
 20
-203.70000000000002
 10
1043.762672030489
 20
-203.70000000000002
 10
1044.012640271014
 20
-203.70000000000002
 10
1044.2626085115394
 20
-203.70000000000002
 10
1044.5125767520644
 20
-203.70000000000002
 10
1044.7625449925895
 20
-203.70000000000002
 10
1045.0125132331145
 20
-203.70000000000002
 10
1045.2624814736396
 20
-203.70000000000002
 10
1045.5124497141646
 20
-203.70000000000002
 10
1045.76241795469
 20
-203.70000000000002
 10
1046.012386195215
 20
-203.70000000000002
 10
1046.26235443574
 20
-203.70000000000002
 10
1046.512322676265
 20
-203.70000000000002
 10
1046.76229091679
 20
-203.70000000000002
 10
1047.0122591573154
 20
-203.70000000000002
 10
1047.2622273978404
 20
-203.70000000000002
 10
1047.5121956383655
 20
-203.70000000000002
 10
1047.7621638788905
 20
-203.70000000000002
 10
1048.0121321194156
 20
-203.70000000000002
 10
1048.2621003599406
 20
-203.70000000000002
 10
1048.512068600466
 20
-203.70000000000002
 10
1048.762036840991
 20
-203.70000000000002
 10
1049.012005081516
 20
-203.70000000000002
 10
1049.261973322041
 20
-203.70000000000002
 10
1049.511941562566
 20
-203.70000000000002
 10
1049.7619098030914
 20
-203.70000000000002
 10
1050.0118780436164
 20
-203.70000000000002
 10
1050.2618462841415
 20
-203.70000000000002
 10
1050.5118145246665
 20
-203.70000000000002
 10
1050.7617827651916
 20
-203.70000000000002
 10
1051.0117510057166
 20
-203.70000000000002
 10
1051.261719246242
 20
-203.70000000000002
 10
1051.511687486767
 20
-203.70000000000002
 10
1051.761655727292
 20
-203.70000000000002
 10
1052.011623967817
 20
-203.70000000000002
 10
1052.261592208342
 20
-203.70000000000002
 10
1052.5115604488674
 20
-203.70000000000002
 10
1052.7615286893924
 20
-203.70000000000002
 10
1053.0114969299175
 20
-203.70000000000002
 10
1053.2614651704425
 20
-203.70000000000002
 10
1053.5114334109676
 20
-203.70000000000002
 10
1053.7614016514926
 20
-203.70000000000002
 10
1054.0113698920177
 20
-203.70000000000002
 10
1054.261338132543
 20
-203.70000000000002
 10
1054.511306373068
 20
-203.70000000000002
 10
1054.761274613593
 20
-203.70000000000002
 10
1055.011242854118
 20
-203.70000000000002
 10
1055.2612110946432
 20
-203.70000000000002
 10
1055.5111793351684
 20
-203.70000000000002
 10
1055.7611475756935
 20
-203.70000000000002
 10
1056.0111158162185
 20
-203.70000000000002
 10
1056.2610840567436
 20
-203.70000000000002
 10
1056.5110522972686
 20
-203.70000000000002
 10
1056.7610205377937
 20
-203.70000000000002
 10
1057.010988778319
 20
-203.70000000000002
 10
1057.260957018844
 20
-203.70000000000002
 10
1057.510925259369
 20
-203.70000000000002
 10
1057.760893499894
 20
-203.70000000000002
 10
1058.0108617404192
 20
-203.70000000000002
 10
1058.2608299809444
 20
-203.70000000000002
 10
1058.5107982214695
 20
-203.70000000000002
 10
1058.7607664619945
 20
-203.70000000000002
 10
1059.0107347025196
 20
-203.70000000000002
 10
1059.2607029430446
 20
-203.70000000000002
 10
1059.5106711835697
 20
-203.70000000000002
 10
1059.7606394240947
 20
-203.70000000000002
 10
1060.01060766462
 20
-203.70000000000002
 10
1060.260575905145
 20
-203.70000000000002
 10
1060.51054414567
 20
-203.70000000000002
 10
1060.7605123861952
 20
-203.70000000000002
 10
1061.0104806267202
 20
-203.70000000000002
 10
1061.2604488672455
 20
-203.70000000000002
 10
1061.5104171077705
 20
-203.70000000000002
 10
1061.7603853482956
 20
-203.70000000000002
 10
1062.0103535888206
 20
-203.70000000000002
 10
1062.2603218293457
 20
-203.70000000000002
 10
1062.5102900698707
 20
-203.70000000000002
 10
1062.760258310396
 20
-203.70000000000002
 10
1063.010226550921
 20
-203.70000000000002
 10
1063.260194791446
 20
-203.70000000000002
 10
1063.5101630319712
 20
-203.70000000000002
 10
1063.7601312724964
 20
-203.70000000000002
 10
1064.0100995130215
 20
-203.70000000000002
 10
1064.2600677535465
 20
-203.70000000000002
 10
1064.5100359940716
 20
-203.70000000000002
 10
1064.7600042345966
 20
-203.70000000000002
 10
1065.0099724751217
 20
-203.70000000000002
 10
1065.2599407156467
 20
-203.70000000000002
 10
1065.509908956172
 20
-203.70000000000002
 10
1065.759877196697
 20
-203.70000000000002
 10
1066.009845437222
 20
-203.70000000000002
 10
1066.2598136777472
 20
-203.70000000000002
 10
1066.5097819182722
 20
-203.70000000000002
 10
1066.7597501587975
 20
-203.70000000000002
 10
1067.0097183993225
 20
-203.70000000000002
 10
1067.2596866398476
 20
-203.70000000000002
 10
1067.5096548803726
 20
-203.70000000000002
 10
1067.7596231208977
 20
-203.70000000000002
 10
1068.0095913614227
 20
-203.70000000000002
 10
1068.259559601948
 20
-203.70000000000002
 10
1068.509527842473
 20
-203.70000000000002
 10
1068.759496082998
 20
-203.70000000000002
 10
1069.0094643235232
 20
-203.70000000000002
 10
1069.2594325640482
 20
-203.70000000000002
 10
1069.5094008045735
 20
-203.70000000000002
 10
1069.7593690450985
 20
-203.70000000000002
 10
1070.0093372856236
 20
-203.70000000000002
 10
1070.2593055261486
 20
-203.70000000000002
 10
1070.5092737666737
 20
-203.70000000000002
 10
1070.7592420071987
 20
-203.70000000000002
 10
1071.0092102477238
 20
-203.70000000000002
 10
1071.259178488249
 20
-203.70000000000002
 10
1071.509146728774
 20
-203.70000000000002
 10
1071.7591149692992
 20
-203.70000000000002
 10
1072.0090832098242
 20
-203.70000000000002
 10
1072.2590514503493
 20
-203.70000000000002
 10
1072.5090196908745
 20
-203.70000000000002
 10
1072.7589879313996
 20
-203.70000000000002
 10
1073.0089561719246
 20
-203.70000000000002
 10
1073.2589244124497
 20
-203.70000000000002
 10
1073.5088926529747
 20
-203.70000000000002
 10
1073.7588608934998
 20
-203.70000000000002
 10
1074.008829134025
 20
-203.70000000000002
 10
1074.25879737455
 20
-203.70000000000002
 10
1074.5087656150752
 20
-203.70000000000002
 10
1074.7587338556002
 20
-203.70000000000002
 10
1075.0087020961253
 20
-203.70000000000002
 10
1075.2586703366505
 20
-203.70000000000002
 10
1075.5086385771756
 20
-203.70000000000002
 10
1075.7586068177006
 20
-203.70000000000002
 10
1076.0085750582257
 20
-203.70000000000002
 10
1076.2585432987507
 20
-203.70000000000002
 10
1076.5085115392758
 20
-203.70000000000002
 10
1076.758479779801
 20
-203.70000000000002
 10
1077.0084480203261
 20
-203.70000000000002
 10
1077.2584162608512
 20
-203.70000000000002
 10
1077.5083845013762
 20
-203.70000000000002
 10
1077.7583527419013
 20
-203.70000000000002
 10
1078.0083209824265
 20
-203.70000000000002
 10
1078.2582892229516
 20
-203.70000000000002
 10
1078.5082574634766
 20
-203.70000000000002
 10
1078.7582257040017
 20
-203.70000000000002
 10
1079.0081939445267
 20
-203.70000000000002
 10
1079.2581621850518
 20
-203.70000000000002
 10
1079.508130425577
 20
-203.70000000000002
 10
1079.7580986661021
 20
-203.70000000000002
 10
1080.0080669066272
 20
-203.70000000000002
 10
1080.2580351471522
 20
-203.70000000000002
 10
1080.5080033876773
 20
-203.70000000000002
 10
1080.7579716282025
 20
-203.70000000000002
 10
1081.0079398687276
 20
-203.70000000000002
 10
1081.2579081092526
 20
-203.70000000000002
 10
1081.5078763497777
 20
-203.70000000000002
 10
1081.7578445903027
 20
-203.70000000000002
 10
1082.0078128308278
 20
-203.70000000000002
 10
1082.2577810713528
 20
-203.70000000000002
 10
1082.5077493118781
 20
-203.70000000000002
 10
1082.7577175524032
 20
-203.70000000000002
 10
1083.0076857929282
 20
-203.70000000000002
 10
1083.2576540334533
 20
-203.70000000000002
 10
1083.5076222739783
 20
-203.70000000000002
 10
1083.7575905145036
 20
-203.70000000000002
 10
1084.0075587550286
 20
-203.70000000000002
 10
1084.2575269955537
 20
-203.70000000000002
 10
1084.5074952360787
 20
-203.70000000000002
 10
1084.7574634766038
 20
-203.70000000000002
 10
1085.0074317171288
 20
-203.70000000000002
 10
1085.2573999576541
 20
-203.70000000000002
 10
1085.5073681981792
 20
-203.70000000000002
 10
1085.7573364387042
 20
-203.70000000000002
 10
1086.0073046792293
 20
-203.70000000000002
 10
1086.2572729197543
 20
-203.70000000000002
 10
1086.5072411602796
 20
-203.70000000000002
 10
1086.7572094008046
 20
-203.70000000000002
 10
1087.0071776413297
 20
-203.70000000000002
 10
1087.2571458818547
 20
-203.70000000000002
 10
1087.5071141223798
 20
-203.70000000000002
 10
1087.7570823629048
 20
-203.70000000000002
 10
1088.0070506034301
 20
-203.70000000000002
 10
1088.2570188439552
 20
-203.70000000000002
 10
1088.5069870844802
 20
-203.70000000000002
 10
1088.7569553250053
 20
-203.70000000000002
 10
1089.0069235655303
 20
-203.70000000000002
 10
1089.2568918060556
 20
-203.70000000000002
 10
1089.5068600465806
 20
-203.70000000000002
 10
1089.7568282871057
 20
-203.70000000000002
 10
1090.0067965276307
 20
-203.70000000000002
 10
1090.2567647681558
 20
-203.70000000000002
 10
1090.5067330086808
 20
-203.70000000000002
 10
1090.7567012492061
 20
-203.70000000000002
 10
1091.0066694897312
 20
-203.70000000000002
 10
1091.2566377302562
 20
-203.70000000000002
 10
1091.5066059707813
 20
-203.70000000000002
 10
1091.7565742113063
 20
-203.70000000000002
 10
1092.0065424518316
 20
-203.70000000000002
 10
1092.2565106923566
 20
-203.70000000000002
 10
1092.5064789328817
 20
-203.70000000000002
 10
1092.7564471734067
 20
-203.70000000000002
 10
1093.0064154139318
 20
-203.70000000000002
 10
1093.2563836544568
 20
-203.70000000000002
 10
1093.506351894982
 20
-203.70000000000002
 10
1093.7563201355072
 20
-203.70000000000002
 10
1094.0062883760322
 20
-203.70000000000002
 10
1094.2562566165573
 20
-203.70000000000002
 10
1094.5062248570823
 20
-203.70000000000002
 10
1094.7561930976074
 20
-203.70000000000002
 10
1095.0061613381326
 20
-203.70000000000002
 10
1095.2561295786577
 20
-203.70000000000002
 10
1095.5060978191827
 20
-203.70000000000002
 10
1095.7560660597078
 20
-203.70000000000002
 10
1096.0060343002328
 20
-203.70000000000002
 10
1096.256002540758
 20
-203.70000000000002
 10
1096.5059707812832
 20
-203.70000000000002
 10
1096.7559390218082
 20
-203.70000000000002
 10
1097.0059072623333
 20
-203.70000000000002
 10
1097.2558755028583
 20
-203.70000000000002
 10
1097.5058437433834
 20
-203.70000000000002
 10
1097.7558119839086
 20
-203.70000000000002
 10
1098.0057802244337
 20
-203.70000000000002
 10
1098.2557484649587
 20
-203.70000000000002
 10
1098.5057167054838
 20
-203.70000000000002
 10
1098.7556849460088
 20
-203.70000000000002
 10
1099.005653186534
 20
-203.70000000000002
 10
1099.2556214270592
 20
-203.70000000000002
 10
1099.5055896675842
 20
-203.70000000000002
 10
1099.7555579081093
 20
-203.70000000000002
 10
1100.0055261486343
 20
-203.70000000000002
 10
1100.2554943891594
 20
-203.70000000000002
 10
1100.5054626296846
 20
-203.70000000000002
 10
1100.7554308702097
 20
-203.70000000000002
 10
1101.0053991107347
 20
-203.70000000000002
 10
1101.2553673512598
 20
-203.70000000000002
 10
1101.5053355917848
 20
-203.70000000000002
 10
1101.75530383231
 20
-203.70000000000002
 10
1102.005272072835
 20
-203.70000000000002
 10
1102.2552403133602
 20
-203.70000000000002
 10
1102.5052085538853
 20
-203.70000000000002
 10
1102.7551767944103
 20
-203.70000000000002
 10
1103.0051450349354
 20
-203.70000000000002
 10
1103.2551132754604
 20
-203.70000000000002
 10
1103.5050815159857
 20
-203.70000000000002
 10
1103.7550497565107
 20
-203.70000000000002
 10
1104.0050179970358
 20
-203.70000000000002
 10
1104.2549862375608
 20
-203.70000000000002
 10
1104.504954478086
 20
-203.70000000000002
 10
1104.754922718611
 20
-203.70000000000002
 10
1105.0048909591362
 20
-203.70000000000002
 10
1105.2548591996613
 20
-203.70000000000002
 10
1105.5048274401863
 20
-203.70000000000002
 10
1105.7547956807114
 20
-203.70000000000002
 10
1106.0047639212364
 20
-203.70000000000002
 10
1106.2547321617617
 20
-203.70000000000002
 10
1106.5047004022867
 20
-203.70000000000002
 10
1106.7546686428118
 20
-203.70000000000002
 10
1107.0046368833368
 20
-203.70000000000002
 10
1107.254605123862
 20
-203.70000000000002
 10
1107.504573364387
 20
-203.70000000000002
 10
1107.7545416049122
 20
-203.70000000000002
 10
1108.0045098454373
 20
-203.70000000000002
 10
1108.2544780859623
 20
-203.70000000000002
 10
1108.5044463264874
 20
-203.70000000000002
 10
1108.7544145670124
 20
-203.70000000000002
 10
1109.0043828075377
 20
-203.70000000000002
 10
1109.2543510480627
 20
-203.70000000000002
 10
1109.5043192885878
 20
-203.70000000000002
 10
1109.7542875291128
 20
-203.70000000000002
 10
1110.004255769638
 20
-203.70000000000002
 10
1110.254224010163
 20
-203.70000000000002
 10
1110.504192250688
 20
-203.70000000000002
 10
1110.7541604912133
 20
-203.70000000000002
 10
1111.0041287317383
 20
-203.70000000000002
 10
1111.2540969722634
 20
-203.70000000000002
 10
1111.5040652127884
 20
-203.70000000000002
 10
1111.7540334533137
 20
-203.70000000000002
 10
1112.0040016938387
 20
-203.70000000000002
 10
1112.2539699343638
 20
-203.70000000000002
 10
1112.5039381748888
 20
-203.70000000000002
 10
1112.753906415414
 20
-203.70000000000002
 10
1113.003874655939
 20
-203.70000000000002
 10
1113.253842896464
 20
-203.70000000000002
 10
1113.5038111369893
 20
-203.70000000000002
 10
1113.7537793775143
 20
-203.70000000000002
 10
1114.0037476180394
 20
-203.70000000000002
 10
1114.2537158585644
 20
-203.70000000000002
 10
1114.5036840990897
 20
-203.70000000000002
 10
1114.7536523396147
 20
-203.70000000000002
 10
1115.0036205801398
 20
-203.70000000000002
 10
1115.2535888206648
 20
-203.70000000000002
 10
1115.50355706119
 20
-203.70000000000002
 10
1115.753525301715
 20
-203.70000000000002
 10
1116.00349354224
 20
-203.70000000000002
 10
1116.2534617827653
 20
-203.70000000000002
 10
1116.5034300232903
 20
-203.70000000000002
 10
1116.7533982638154
 20
-203.70000000000002
 10
1117.0033665043404
 20
-203.70000000000002
 10
1117.2533347448655
 20
-203.70000000000002
 10
1117.5033029853907
 20
-203.70000000000002
 10
1117.7532712259158
 20
-203.70000000000002
 10
1118.0032394664408
 20
-203.70000000000002
 10
1118.253207706966
 20
-203.70000000000002
 10
1118.503175947491
 20
-203.70000000000002
 10
1118.753144188016
 20
-203.70000000000002
 10
1119.0031124285413
 20
-203.70000000000002
 10
1119.2530806690663
 20
-203.70000000000002
 10
1119.5030489095914
 20
-203.70000000000002
 10
1119.7530171501164
 20
-203.70000000000002
 10
1120.0029853906415
 20
-203.70000000000002
 10
1120.2529536311667
 20
-203.70000000000002
 10
1120.5029218716918
 20
-203.70000000000002
 10
1120.7528901122168
 20
-203.70000000000002
 10
1121.002858352742
 20
-203.70000000000002
 10
1121.252826593267
 20
-203.70000000000002
 10
1121.502794833792
 20
-203.70000000000002
 10
1121.752763074317
 20
-203.70000000000002
 10
1122.0027313148423
 20
-203.70000000000002
 10
1122.2526995553674
 20
-203.70000000000002
 10
1122.5026677958924
 20
-203.70000000000002
 10
1122.7526360364175
 20
-203.70000000000002
 10
1123.0026042769427
 20
-203.70000000000002
 10
1123.2525725174678
 20
-203.70000000000002
 10
1123.5025407579928
 20
-203.70000000000002
 10
1123.752508998518
 20
-203.70000000000002
 10
1124.002477239043
 20
-203.70000000000002
 10
1124.252445479568
 20
-203.70000000000002
 10
1124.502413720093
 20
-203.70000000000002
 10
1124.7523819606183
 20
-203.70000000000002
 10
1125.0023502011434
 20
-203.70000000000002
 10
1125.2523184416684
 20
-203.70000000000002
 10
1125.5022866821935
 20
-203.70000000000002
 10
1125.7522549227185
 20
-203.70000000000002
 10
1126.0022231632438
 20
-203.70000000000002
 10
1126.2521914037688
 20
-203.70000000000002
 10
1126.502159644294
 20
-203.70000000000002
 10
1126.752127884819
 20
-203.70000000000002
 10
1127.002096125344
 20
-203.70000000000002
 10
1127.252064365869
 20
-203.70000000000002
 10
1127.5020326063943
 20
-203.70000000000002
 10
1127.7520008469194
 20
-203.70000000000002
 10
1128.0019690874444
 20
-203.70000000000002
 10
1128.2519373279695
 20
-203.70000000000002
 10
1128.5019055684945
 20
-203.70000000000002
 10
1128.7518738090198
 20
-203.70000000000002
 10
1129.0018420495448
 20
-203.70000000000002
 10
1129.25181029007
 20
-203.70000000000002
 10
1129.501778530595
 20
-203.70000000000002
 10
1129.75174677112
 20
-203.70000000000002
 10
1130.001715011645
 20
-203.70000000000002
 10
1130.2516832521703
 20
-203.70000000000002
 10
1130.5016514926954
 20
-203.70000000000002
 10
1130.7516197332204
 20
-203.70000000000002
 10
1131.0015879737455
 20
-203.70000000000002
 10
1131.2515562142705
 20
-203.70000000000002
 10
1131.5015244547958
 20
-203.70000000000002
 10
1131.7514926953208
 20
-203.70000000000002
 10
1132.001460935846
 20
-203.70000000000002
 10
1132.251429176371
 20
-203.70000000000002
 10
1132.501397416896
 20
-203.70000000000002
 10
1132.751365657421
 20
-203.70000000000002
 10
1133.001333897946
 20
-203.70000000000002
 10
1133.2513021384714
 20
-203.70000000000002
 10
1133.5012703789964
 20
-203.70000000000002
 10
1133.7512386195215
 20
-203.70000000000002
 10
1134.0012068600465
 20
-203.70000000000002
 10
1134.2511751005716
 20
-203.70000000000002
 10
1134.5011433410968
 20
-203.70000000000002
 10
1134.751111581622
 20
-203.70000000000002
 10
1135.001079822147
 20
-203.70000000000002
 10
1135.251048062672
 20
-203.70000000000002
 10
1135.501016303197
 20
-203.70000000000002
 10
1135.750984543722
 20
-203.70000000000002
 10
1136.0009527842474
 20
-203.70000000000002
 10
1136.2509210247724
 20
-203.70000000000002
 10
1136.5008892652975
 20
-203.70000000000002
 10
1136.7508575058225
 20
-203.70000000000002
 10
1137.0008257463476
 20
-203.70000000000002
 10
1137.2507939868728
 20
-203.70000000000002
 10
1137.500762227398
 20
-203.70000000000002
 10
1137.750730467923
 20
-203.70000000000002
 10
1138.000698708448
 20
-203.70000000000002
 10
1138.250666948973
 20
-203.70000000000002
 10
1138.500635189498
 20
-203.70000000000002
 10
1138.7506034300234
 20
-203.70000000000002
 10
1139.0005716705484
 20
-203.70000000000002
 10
1139.2505399110735
 20
-203.70000000000002
 10
1139.5005081515985
 20
-203.70000000000002
 10
1139.7504763921236
 20
-203.70000000000002
 10
1140.0004446326489
 20
-203.70000000000002
 10
1140.250412873174
 20
-203.70000000000002
 10
1140.500381113699
 20
-203.70000000000002
 10
1140.750349354224
 20
-203.70000000000002
 10
1141.000317594749
 20
-203.70000000000002
 10
1141.250285835274
 20
-203.70000000000002
 10
1141.5002540757994
 20
-203.70000000000002
 10
1141.7502223163244
 20
-203.70000000000002
 10
1142.0001905568495
 20
-203.70000000000002
 10
1142.2501587973745
 20
-203.70000000000002
 10
1142.5001270378996
 20
-203.70000000000002
 10
1142.7500952784249
 20
-203.70000000000002
 10
1143.00006351895
 20
-203.70000000000002
 10
1143.250031759475
 20
-203.70000000000002
  0
LWPOLYLINE
  5
115
330
17
100
AcDbEntity
  8
REFERENCE_GEOMETRY
100
AcDbPolyline
 90
72
 70
1
 10
1273.7000002068983
 20
-394.5000000097218
 10
1273.693531193655
 20
-394.35183524707134
 10
1273.6741733870226
 20
-394.20479810772895
 10
1273.6420741115976
 20
-394.0600076331085
 10
1273.5974776622484
 20
-393.91856576614873
 10
1273.5407234448826
 20
-393.78154896486217
 10
1273.4722433933632
 20
-393.6500000098396
 10
1273.392558682232
 20
-393.52492006806017
 10
1273.3022757602555
 20
-393.4072610734061
 10
1273.2020817349844
 20
-393.29791848187125
 10
1273.0927391434495
 20
-393.1977244566
 10
1272.9750801487955
 20
-393.1074415346235
 10
1272.850000207016
 20
-393.02775682349227
 10
1272.7184512519934
 20
-392.959276771973
 10
1272.5814344507069
 20
-392.9025225546071
 10
1272.4399925837472
 20
-392.85792610525795
 10
1272.2952021091266
 20
-392.82582682983303
 10
1272.1481649697844
 20
-392.8064690232005
 10
1272.0000002071338
 20
-392.8000000099574
 10
1271.8518354444832
 20
-392.8064690232005
 10
1271.704798305141
 20
-392.82582682983303
 10
1271.5600078305204
 20
-392.85792610525795
 10
1271.4185659635607
 20
-392.9025225546071
 10
1271.2815491622741
 20
-392.959276771973
 10
1271.1500002072517
 20
-393.02775682349227
 10
1271.024920265472
 20
-393.1074415346235
 10
1270.907261270818
 20
-393.1977244566
 10
1270.7979186792832
 20
-393.29791848187125
 10
1270.697724654012
 20
-393.4072610734061
 10
1270.6074417320356
 20
-393.52492006806017
 10
1270.5277570209043
 20
-393.6500000098396
 10
1270.459276969385
 20
-393.78154896486217
 10
1270.4025227520192
 20
-393.91856576614873
 10
1270.35792630267
 20
-394.0600076331085
 10
1270.325827027245
 20
-394.20479810772895
 10
1270.3064692206126
 20
-394.35183524707134
 10
1270.3000002073693
 20
-394.5000000097218
 10
1270.3064692206126
 20
-394.6481647723723
 10
1270.325827027245
 20
-394.7952019117147
 10
1270.35792630267
 20
-394.9399923863351
 10
1270.4025227520192
 20
-395.0814342532949
 10
1270.459276969385
 20
-395.21845105458146
 10
1270.5277570209043
 20
-395.35000000960406
 10
1270.6074417320356
 20
-395.47507995138346
 10
1270.697724654012
 20
-395.5927389460375
 10
1270.7979186792832
 20
-395.7020815375724
 10
1270.907261270818
 20
-395.80227556284365
 10
1271.024920265472
 20
-395.89255848482014
 10
1271.1500002072517
 20
-395.97224319595136
 10
1271.2815491622741
 20
-396.0407232474706
 10
1271.4185659635607
 20
-396.0974774648365
 10
1271.5600078305204
 20
-396.1420739141857
 10
1271.704798305141
 20
-396.1741731896106
 10
1271.8518354444832
 20
-396.1935309962431
 10
1272.0000002071338
 20
-396.20000000948625
 10
1272.1481649697844
 20
-396.1935309962431
 10
1272.2952021091266
 20
-396.1741731896106
 10
1272.4399925837472
 20
-396.1420739141857
 10
1272.5814344507069
 20
-396.0974774648365
 10
1272.7184512519934
 20
-396.0407232474706
 10
1272.850000207016
 20
-395.97224319595136
 10
1272.9750801487955
 20
-395.89255848482014
 10
1273.0927391434495
 20
-395.80227556284365
 10
1273.2020817349844
 20
-395.7020815375724
 10
1273.3022757602555
 20
-395.5927389460375
 10
1273.392558682232
 20
-395.47507995138346
 10
1273.4722433933632
 20
-395.350000009604
 10
1273.5407234448826
 20
-395.21845105458146
 10
1273.5974776622484
 20
-395.0814342532949
 10
1273.6420741115976
 20
-394.9399923863351
 10
1273.6741733870226
 20
-394.7952019117147
 10
1273.693531193655
 20
-394.6481647723723
  0
LWPOLYLINE
  5
116
330
17
100
AcDbEntity
  8
REFERENCE_GEOMETRY
100
AcDbPolyline
 90
72
 70
1
 10
1273.7000002776915
 20
-209.20000003718297
 10
1273.6935312644482
 20
-209.0518352745325
 10
1273.6741734578159
 20
-208.9047981351901
 10
1273.6420741823908
 20
-208.76000766056967
 10
1273.5974777330416
 20
-208.61856579360992
 10
1273.5407235156758
 20
-208.48154899232335
 10
1273.4722434641565
 20
-208.35000003730076
 10
1273.3925587530252
 20
-208.22492009552133
 10
1273.3022758310487
 20
-208.10726110086728
 10
1273.2020818057777
 20
-207.9979185093324
 10
1273.0927392142428
 20
-207.89772448406117
 10
1272.9750802195888
 20
-207.80744156208465
 10
1272.8500002778092
 20
-207.72775685095343
 10
1272.7184513227867
 20
-207.65927679943417
 10
1272.5814345215001
 20
-207.6025225820683
 10
1272.4399926545404
 20
-207.5579261327191
 10
1272.29520217992
 20
-207.52582685729422
 10
1272.1481650405776
 20
-207.50646905066168
 10
1272.000000277927
 20
-207.50000003741854
 10
1271.8518355152764
 20
-207.50646905066168
 10
1271.7047983759342
 20
-207.52582685729422
 10
1271.5600079013136
 20
-207.5579261327191
 10
1271.418566034354
 20
-207.6025225820683
 10
1271.2815492330674
 20
-207.65927679943417
 10
1271.150000278045
 20
-207.72775685095343
 10
1271.0249203362653
 20
-207.80744156208465
 10
1270.9072613416113
 20
-207.89772448406117
 10
1270.7979187500764
 20
-207.9979185093324
 10
1270.6977247248053
 20
-208.10726110086728
 10
1270.6074418028288
 20
-208.22492009552133
 10
1270.5277570916976
 20
-208.35000003730076
 10
1270.4592770401782
 20
-208.48154899232335
 10
1270.4025228228124
 20
-208.61856579360992
 10
1270.3579263734632
 20
-208.76000766056967
 10
1270.3258270980382
 20
-208.9047981351901
 10
1270.3064692914058
 20
-209.0518352745325
 10
1270.3000002781625
 20
-209.20000003718297
 10
1270.3064692914058
 20
-209.34816479983346
 10
1270.3258270980382
 20
-209.49520193917584
 10
1270.3579263734632
 20
-209.63999241379628
 10
1270.4025228228124
 20
-209.78143428075603
 10
1270.4592770401782
 20
-209.9184510820426
 10
1270.5277570916976
 20
-210.0500000370652
 10
1270.6074418028288
 20
-210.17507997884462
 10
1270.6977247248053
 20
-210.29273897349867
 10
1270.7979187500764
 20
-210.40208156503354
 10
1270.9072613416113
 20
-210.50227559030478
 10
1271.0249203362653
 20
-210.5925585122813
 10
1271.150000278045
 20
-210.67224322341252
 10
1271.2815492330674
 20
-210.74072327493178
 10
1271.418566034354
 20
-210.79747749229765
 10
1271.5600079013136
 20
-210.84207394164685
 10
1271.7047983759342
 20
-210.87417321707173
 10
1271.8518355152764
 20
-210.89353102370427
 10
1272.000000277927
 20
-210.9000000369474
 10
1272.1481650405776
 20
-210.89353102370427
 10
1272.29520217992
 20
-210.87417321707173
 10
1272.4399926545404
 20
-210.84207394164685
 10
1272.5814345215001
 20
-210.79747749229765
 10
1272.7184513227867
 20
-210.74072327493178
 10
1272.8500002778092
 20
-210.67224322341252
 10
1272.9750802195888
 20
-210.5925585122813
 10
1273.0927392142428
 20
-210.50227559030478
 10
1273.2020818057777
 20
-210.40208156503354
 10
1273.3022758310487
 20
-210.29273897349867
 10
1273.3925587530252
 20
-210.17507997884465
 10
1273.4722434641565
 20
-210.0500000370652
 10
1273.5407235156758
 20
-209.9184510820426
 10
1273.5974777330416
 20
-209.78143428075603
 10
1273.6420741823908
 20
-209.63999241379628
 10
1273.6741734578159
 20
-209.49520193917584
 10
1273.6935312644482
 20
-209.34816479983346
  0
LWPOLYLINE
  5
117
330
17
100
AcDbEntity
  8
REFERENCE_GEOMETRY
100
AcDbPolyline
 90
72
 70
1
 10
1183.6999996676434
 20
-394.4999999398416
 10
1183.6935306543994
 20
-394.35183517716723
 10
1183.6741728477637
 20
-394.20479803780114
 10
1183.6420735723336
 20
-394.0600075631574
 10
1183.5974771229771
 20
-393.9185656961748
 10
1183.5407229056023
 20
-393.7815488948662
 10
1183.472242854072
 20
-393.6499999398224
 10
1183.3925581429278
 20
-393.5249199980228
 10
1183.3022752209367
 20
-393.40726100334984
 10
1183.2020811956495
 20
-393.29791841179735
 10
1183.092738604097
 20
-393.19772438650995
 10
1182.975079609424
 20
-393.1074414645189
 10
1182.8499996676244
 20
-393.02775675337483
 10
1182.7184507125805
 20
-392.95927670184454
 10
1182.581433911272
 20
-392.9025224844695
 10
1182.4399920442893
 20
-392.8579260351131
 10
1182.2952015696455
 20
-392.8258267596831
 10
1182.1481644302796
 20
-392.80646895304744
 10
1181.9999996676052
 20
-392.79999993980323
 10
1181.8518349049307
 20
-392.80646895304744
 10
1181.7047977655648
 20
-392.8258267596831
 10
1181.560007290921
 20
-392.8579260351131
 10
1181.4185654239384
 20
-392.9025224844695
 10
1181.2815486226298
 20
-392.95927670184454
 10
1181.149999667586
 20
-393.02775675337483
 10
1181.0249197257863
 20
-393.1074414645189
 10
1180.9072607311134
 20
-393.19772438650995
 10
1180.7979181395608
 20
-393.29791841179735
 10
1180.6977241142736
 20
-393.40726100334984
 10
1180.6074411922825
 20
-393.5249199980228
 10
1180.5277564811383
 20
-393.6499999398224
 10
1180.459276429608
 20
-393.7815488948662
 10
1180.4025222122332
 20
-393.9185656961748
 10
1180.3579257628767
 20
-394.0600075631574
 10
1180.3258264874466
 20
-394.20479803780114
 10
1180.306468680811
 20
-394.35183517716723
 10
1180.299999667567
 20
-394.4999999398416
 10
1180.306468680811
 20
-394.64816470251594
 10
1180.3258264874466
 20
-394.79520184188203
 10
1180.3579257628767
 20
-394.9399923165258
 10
1180.4025222122332
 20
-395.08143418350835
 10
1180.459276429608
 20
-395.21845098481697
 10
1180.5277564811383
 20
-395.34999993986077
 10
1180.6074411922825
 20
-395.47507988166035
 10
1180.6977241142736
 20
-395.5927388763333
 10
1180.7979181395608
 20
-395.7020814678858
 10
1180.9072607311134
 20
-395.8022754931732
 10
1181.0249197257863
 20
-395.8925584151643
 10
1181.149999667586
 20
-395.97224312630834
 10
1181.2815486226298
 20
-396.04072317783863
 10
1181.4185654239384
 20
-396.0974773952137
 10
1181.560007290921
 20
-396.14207384457006
 10
1181.7047977655648
 20
-396.1741731200001
 10
1181.8518349049307
 20
-396.19353092663573
 10
1181.9999996676052
 20
-396.19999993987994
 10
1182.1481644302796
 20
-396.19353092663573
 10
1182.2952015696455
 20
-396.1741731200001
 10
1182.4399920442893
 20
-396.14207384457006
 10
1182.581433911272
 20
-396.0974773952137
 10
1182.7184507125805
 20
-396.04072317783863
 10
1182.8499996676244
 20
-395.97224312630834
 10
1182.975079609424
 20
-395.8925584151643
 10
1183.092738604097
 20
-395.8022754931732
 10
1183.2020811956495
 20
-395.7020814678858
 10
1183.3022752209367
 20
-395.5927388763333
 10
1183.3925581429278
 20
-395.47507988166035
 10
1183.472242854072
 20
-395.34999993986077
 10
1183.5407229056023
 20
-395.21845098481697
 10
1183.5974771229771
 20
-395.08143418350835
 10
1183.6420735723336
 20
-394.9399923165258
 10
1183.6741728477637
 20
-394.79520184188203
 10
1183.6935306543994
 20
-394.64816470251594
  0
LWPOLYLINE
  5
118
330
17
100
AcDbEntity
  8
REFERENCE_GEOMETRY
100
AcDbPolyline
 90
72
 70
1
 10
1183.6999996130992
 20
-209.19999989118048
 10
1183.6935305998552
 20
-209.05183512850613
 10
1183.6741727932194
 20
-208.90479798914004
 10
1183.6420735177894
 20
-208.76000751449627
 10
1183.597477068433
 20
-208.61856564751372
 10
1183.540722851058
 20
-208.48154884620507
 10
1183.4722427995277
 20
-208.3499998911613
 10
1183.3925580883836
 20
-208.22491994936172
 10
1183.3022751663925
 20
-208.1072609546887
 10
1183.2020811411053
 20
-207.99791836313622
 10
1183.0927385495527
 20
-207.89772433784884
 10
1182.9750795548798
 20
-207.8074414158578
 10
1182.8499996130802
 20
-207.72775670471373
 10
1182.7184506580363
 20
-207.6592766531834
 10
1182.5814338567277
 20
-207.6025224358084
 10
1182.439991989745
 20
-207.55792598645203
 10
1182.2952015151013
 20
-207.52582671102195
 10
1182.1481643757354
 20
-207.5064689043863
 10
1181.999999613061
 20
-207.49999989114212
 10
1181.8518348503865
 20
-207.5064689043863
 10
1181.7047977110205
 20
-207.52582671102195
 10
1181.5600072363768
 20
-207.55792598645203
 10
1181.4185653693942
 20
-207.6025224358084
 10
1181.2815485680856
 20
-207.6592766531834
 10
1181.1499996130417
 20
-207.72775670471373
 10
1181.024919671242
 20
-207.8074414158578
 10
1180.9072606765692
 20
-207.89772433784884
 10
1180.7979180850166
 20
-207.99791836313622
 10
1180.6977240597294
 20
-208.1072609546887
 10
1180.6074411377383
 20
-208.22491994936172
 10
1180.5277564265941
 20
-208.3499998911613
 10
1180.4592763750638
 20
-208.48154884620507
 10
1180.402522157689
 20
-208.61856564751372
 10
1180.3579257083325
 20
-208.76000751449627
 10
1180.3258264329024
 20
-208.90479798914004
 10
1180.3064686262667
 20
-209.05183512850613
 10
1180.2999996130227
 20
-209.19999989118048
 10
1180.3064686262667
 20
-209.34816465385484
 10
1180.3258264329024
 20
-209.49520179322093
 10
1180.3579257083325
 20
-209.6399922678647
 10
1180.402522157689
 20
-209.78143413484725
 10
1180.4592763750638
 20
-209.91845093615586
 10
1180.5277564265941
 20
-210.04999989119966
 10
1180.6074411377383
 20
-210.17507983299924
 10
1180.6977240597294
 20
-210.29273882767225
 10
1180.7979180850166
 20
-210.40208141922474
 10
1180.9072606765692
 20
-210.50227544451212
 10
1181.024919671242
 20
-210.59255836650317
 10
1181.1499996130417
 20
-210.67224307764724
 10
1181.2815485680856
 20
-210.74072312917755
 10
1181.4185653693942
 20
-210.79747734655257
 10
1181.5600072363768
 20
-210.84207379590893
 10
1181.7047977110205
 20
-210.87417307133902
 10
1181.8518348503865
 20
-210.89353087797465
 10
1181.999999613061
 20
-210.89999989121884
 10
1182.1481643757354
 20
-210.89353087797465
 10
1182.2952015151013
 20
-210.87417307133902
 10
1182.439991989745
 20
-210.84207379590893
 10
1182.5814338567277
 20
-210.79747734655257
 10
1182.7184506580363
 20
-210.74072312917755
 10
1182.8499996130802
 20
-210.67224307764724
 10
1182.9750795548798
 20
-210.59255836650317
 10
1183.0927385495527
 20
-210.50227544451212
 10
1183.2020811411053
 20
-210.40208141922474
 10
1183.3022751663925
 20
-210.29273882767225
 10
1183.3925580883836
 20
-210.17507983299924
 10
1183.4722427995277
 20
-210.04999989119966
 10
1183.540722851058
 20
-209.9184509361559
 10
1183.597477068433
 20
-209.78143413484725
 10
1183.6420735177894
 20
-209.6399922678647
 10
1183.6741727932194
 20
-209.49520179322093
 10
1183.6935305998552
 20
-209.34816465385484
  0
LWPOLYLINE
  5
119
330
17
100
AcDbEntity
  8
REFERENCE_GEOMETRY
100
AcDbPolyline
 90
72
 70
1
 10
1083.7000003099508
 20
-394.4999999477021
 10
1083.6935312967069
 20
-394.35183518502777
 10
1083.674173490071
 20
-394.2047980456617
 10
1083.642074214641
 20
-394.06000757101793
 10
1083.5974777652846
 20
-393.91856570403536
 10
1083.5407235479097
 20
-393.78154890272674
 10
1083.4722434963794
 20
-393.64999994768294
 10
1083.3925587852352
 20
-393.52492000588336
 10
1083.3022758632442
 20
-393.4072610112104
 10
1083.202081837957
 20
-393.2979184196579
 10
1083.0927392464043
 20
-393.1977243943705
 10
1082.9750802517315
 20
-393.10744147237943
 10
1082.8500003099318
 20
-393.02775676123537
 10
1082.718451354888
 20
-392.9592767097051
 10
1082.5814345535794
 20
-392.90252249233004
 10
1082.4399926865967
 20
-392.85792604297365
 10
1082.295202211953
 20
-392.8258267675436
 10
1082.148165072587
 20
-392.806468960908
 10
1082.0000003099126
 20
-392.79999994766376
 10
1081.8518355472381
 20
-392.806468960908
 10
1081.7047984078722
 20
-392.8258267675436
 10
1081.5600079332285
 20
-392.85792604297365
 10
1081.4185660662458
 20
-392.90252249233004
 10
1081.2815492649372
 20
-392.9592767097051
 10
1081.1500003098934
 20
-393.02775676123537
 10
1081.0249203680937
 20
-393.10744147237943
 10
1080.9072613734209
 20
-393.1977243943705
 10
1080.7979187818682
 20
-393.2979184196579
 10
1080.697724756581
 20
-393.4072610112104
 10
1080.60744183459
 20
-393.52492000588336
 10
1080.5277571234458
 20
-393.64999994768294
 10
1080.4592770719155
 20
-393.78154890272674
 10
1080.4025228545406
 20
-393.91856570403536
 10
1080.3579264051841
 20
-394.06000757101793
 10
1080.325827129754
 20
-394.2047980456617
 10
1080.3064693231183
 20
-394.35183518502777
 10
1080.3000003098743
 20
-394.4999999477021
 10
1080.3064693231183
 20
-394.6481647103765
 10
1080.325827129754
 20
-394.79520184974257
 10
1080.3579264051841
 20
-394.9399923243863
 10
1080.4025228545406
 20
-395.0814341913689
 10
1080.4592770719155
 20
-395.2184509926775
 10
1080.5277571234458
 20
-395.3499999477213
 10
1080.60744183459
 20
-395.4750798895209
 10
1080.697724756581
 20
-395.59273888419386
 10
1080.7979187818682
 20
-395.70208147574635
 10
1080.9072613734209
 20
-395.80227550103376
 10
1081.0249203680937
 20
-395.8925584230248
 10
1081.1500003098934
 20
-395.9722431341689
 10
1081.2815492649372
 20
-396.04072318569916
 10
1081.4185660662458
 20
-396.0974774030742
 10
1081.5600079332285
 20
-396.1420738524306
 10
1081.7047984078722
 20
-396.1741731278606
 10
1081.8518355472381
 20
-396.19353093449627
 10
1082.0000003099126
 20
-396.1999999477405
 10
1082.148165072587
 20
-396.19353093449627
 10
1082.295202211953
 20
-396.1741731278606
 10
1082.4399926865967
 20
-396.1420738524306
 10
1082.5814345535794
 20
-396.0974774030742
 10
1082.718451354888
 20
-396.04072318569916
 10
1082.8500003099318
 20
-395.9722431341689
 10
1082.9750802517315
 20
-395.8925584230248
 10
1083.0927392464043
 20
-395.80227550103376
 10
1083.202081837957
 20
-395.70208147574635
 10
1083.3022758632442
 20
-395.59273888419386
 10
1083.3925587852352
 20
-395.4750798895209
 10
1083.4722434963794
 20
-395.3499999477213
 10
1083.5407235479097
 20
-395.2184509926775
 10
1083.5974777652846
 20
-395.0814341913689
 10
1083.642074214641
 20
-394.9399923243863
 10
1083.674173490071
 20
-394.79520184974257
 10
1083.6935312967069
 20
-394.6481647103765
  0
LWPOLYLINE
  5
11A
330
17
100
AcDbEntity
  8
REFERENCE_GEOMETRY
100
AcDbPolyline
 90
72
 70
1
 10
1083.7000001673377
 20
-209.19999991796422
 10
1083.693531154093
 20
-209.05183515527793
 10
1083.6741733474557
 20
-208.90479801589998
 10
1083.6420740720232
 20
-208.76000754124456
 10
1083.597477622663
 20
-208.61856567425062
 10
1083.5407234052836
 20
-208.48154887293094
 10
1083.4722433537477
 20
-208.34999991787657
 10
1083.3925586425974
 20
-208.2249199760669
 10
1083.302275720599
 20
-208.10726098138443
 10
1083.2020816953034
 20
-207.99791838982313
 10
1083.0927391037421
 20
-207.89772436452768
 10
1082.9750801090597
 20
-207.80744144252932
 10
1082.85000016725
 20
-207.72775673137886
 10
1082.7184512121958
 20
-207.65927667984303
 10
1082.581434410876
 20
-207.60252246246344
 10
1082.439992543882
 20
-207.55792601310347
 10
1082.2952020692267
 20
-207.52582673767083
 10
1082.1481649298487
 20
-207.50646893103362
 10
1082.0000001671624
 20
-207.49999991778893
 10
1081.851835404476
 20
-207.50646893103362
 10
1081.7047982650981
 20
-207.52582673767083
 10
1081.5600077904428
 20
-207.55792601310347
 10
1081.4185659234488
 20
-207.60252246246344
 10
1081.281549122129
 20
-207.65927667984303
 10
1081.1500001670747
 20
-207.72775673137886
 10
1081.024920225265
 20
-207.80744144252932
 10
1080.9072612305827
 20
-207.89772436452768
 10
1080.7979186390214
 20
-207.99791838982313
 10
1080.6977246137258
 20
-208.10726098138443
 10
1080.6074416917274
 20
-208.2249199760669
 10
1080.5277569805771
 20
-208.34999991787657
 10
1080.4592769290412
 20
-208.48154887293094
 10
1080.4025227116617
 20
-208.61856567425062
 10
1080.3579262623016
 20
-208.76000754124456
 10
1080.325826986869
 20
-208.90479801589998
 10
1080.3064691802317
 20
-209.05183515527793
 10
1080.300000166987
 20
-209.19999991796422
 10
1080.3064691802317
 20
-209.3481646806505
 10
1080.325826986869
 20
-209.49520182002846
 10
1080.3579262623016
 20
-209.63999229468388
 10
1080.4025227116617
 20
-209.78143416167782
 10
1080.4592769290412
 20
-209.9184509629975
 10
1080.5277569805771
 20
-210.04999991805187
 10
1080.6074416917274
 20
-210.17507985986154
 10
1080.6977246137258
 20
-210.292738854544
 10
1080.7979186390214
 20
-210.4020814461053
 10
1080.9072612305827
 20
-210.50227547140076
 10
1081.024920225265
 20
-210.59255839339912
 10
1081.1500001670747
 20
-210.67224310454958
 10
1081.281549122129
 20
-210.7407231560854
 10
1081.4185659234488
 20
-210.797477373465
 10
1081.5600077904428
 20
-210.84207382282497
 10
1081.7047982650981
 20
-210.87417309825761
 10
1081.851835404476
 20
-210.89353090489482
 10
1082.0000001671624
 20
-210.8999999181395
 10
1082.1481649298487
 20
-210.89353090489482
 10
1082.2952020692267
 20
-210.87417309825761
 10
1082.439992543882
 20
-210.84207382282497
 10
1082.581434410876
 20
-210.797477373465
 10
1082.7184512121958
 20
-210.7407231560854
 10
1082.85000016725
 20
-210.67224310454958
 10
1082.9750801090597
 20
-210.59255839339912
 10
1083.0927391037421
 20
-210.50227547140076
 10
1083.2020816953034
 20
-210.4020814461053
 10
1083.302275720599
 20
-210.292738854544
 10
1083.3925586425974
 20
-210.17507985986154
 10
1083.4722433537477
 20
-210.04999991805187
 10
1083.5407234052836
 20
-209.9184509629975
 10
1083.597477622663
 20
-209.78143416167782
 10
1083.6420740720232
 20
-209.63999229468388
 10
1083.6741733474557
 20
-209.49520182002846
 10
1083.693531154093
 20
-209.3481646806505
  0
LWPOLYLINE
  5
11B
330
17
100
AcDbEntity
  8
REFERENCE_GEOMETRY
100
AcDbPolyline
 90
72
 70
1
 10
983.7000001367197
 20
-394.50000007621514
 10
983.6935311234757
 20
-394.35183531354676
 10
983.6741733168409
 20
-394.2047981741866
 10
983.6420740414121
 20
-394.06000769954863
 10
983.5974775920575
 20
-393.9185658325718
 10
983.5407233746848
 20
-393.7815490312687
 10
983.4722433231573
 20
-393.6500000762302
 10
983.3925586120164
 20
-393.52492013443566
 10
983.302275690029
 20
-393.4072611397674
 10
983.2020816647456
 20
-393.29791854821934
 10
983.0927390731975
 20
-393.19772452293597
 10
982.9750800785293
 20
-393.10744160094856
 10
982.8500001367347
 20
-393.0277568898077
 10
982.7184511816963
 20
-392.9592768382802
 10
982.5814343803931
 20
-392.9025226209074
 10
982.4399925134163
 20
-392.85792617155283
 10
982.2952020387784
 20
-392.82582689612406
 10
982.1481648994182
 20
-392.8064690894892
 10
982.0000001367498
 20
-392.8000000762453
 10
981.8518353740814
 20
-392.8064690894892
 10
981.7047982347212
 20
-392.82582689612406
 10
981.5600077600833
 20
-392.85792617155283
 10
981.4185658931065
 20
-392.9025226209074
 10
981.2815490918033
 20
-392.9592768382802
 10
981.1500001367649
 20
-393.0277568898077
 10
981.0249201949703
 20
-393.10744160094856
 10
980.9072612003021
 20
-393.19772452293597
 10
980.797918608754
 20
-393.29791854821934
 10
980.6977245834706
 20
-393.4072611397674
 10
980.6074416614832
 20
-393.52492013443566
 10
980.5277569503423
 20
-393.6500000762302
 10
980.4592768988148
 20
-393.7815490312687
 10
980.4025226814421
 20
-393.9185658325718
 10
980.3579262320875
 20
-394.06000769954863
 10
980.3258269566587
 20
-394.2047981741866
 10
980.3064691500239
 20
-394.35183531354676
 10
980.3000001367799
 20
-394.50000007621514
 10
980.3064691500239
 20
-394.64816483888353
 10
980.3258269566587
 20
-394.7952019782437
 10
980.3579262320875
 20
-394.93999245288165
 10
980.4025226814421
 20
-395.0814343198585
 10
980.4592768988148
 20
-395.2184511211616
 10
980.5277569503423
 20
-395.3500000762001
 10
980.6074416614832
 20
-395.4750800179946
 10
980.6977245834706
 20
-395.5927390126629
 10
980.797918608754
 20
-395.70208160421095
 10
980.9072612003021
 20
-395.8022756294943
 10
981.0249201949703
 20
-395.8925585514817
 10
981.1500001367649
 20
-395.9722432626226
 10
981.2815490918033
 20
-396.0407233141501
 10
981.4185658931065
 20
-396.0974775315229
 10
981.5600077600833
 20
-396.14207398087746
 10
981.7047982347212
 20
-396.17417325630623
 10
981.8518353740814
 20
-396.1935310629411
 10
982.0000001367498
 20
-396.200000076185
 10
982.1481648994182
 20
-396.1935310629411
 10
982.2952020387784
 20
-396.17417325630623
 10
982.4399925134163
 20
-396.14207398087746
 10
982.5814343803931
 20
-396.0974775315229
 10
982.7184511816963
 20
-396.0407233141501
 10
982.8500001367347
 20
-395.9722432626226
 10
982.9750800785293
 20
-395.8925585514817
 10
983.0927390731975
 20
-395.8022756294943
 10
983.2020816647456
 20
-395.70208160421095
 10
983.302275690029
 20
-395.5927390126629
 10
983.3925586120164
 20
-395.4750800179946
 10
983.4722433231573
 20
-395.3500000762001
 10
983.5407233746848
 20
-395.2184511211616
 10
983.5974775920575
 20
-395.0814343198585
 10
983.6420740414121
 20
-394.93999245288165
 10
983.6741733168409
 20
-394.7952019782437
 10
983.6935311234757
 20
-394.64816483888353
  0
LWPOLYLINE
  5
11C
330
17
100
AcDbEntity
  8
REFERENCE_GEOMETRY
100
AcDbPolyline
 90
72
 70
1
 10
983.7000002241451
 20
-209.20000000235882
 10
983.6935312109011
 20
-209.05183523969043
 10
983.6741734042663
 20
-208.90479810033028
 10
983.6420741288375
 20
-208.76000762569234
 10
983.597477679483
 20
-208.61856575871548
 10
983.5407234621102
 20
-208.48154895741237
 10
983.4722434105827
 20
-208.3500000023739
 10
983.3925586994418
 20
-208.22492006057934
 10
983.3022757774544
 20
-208.10726106591108
 10
983.202081752171
 20
-207.997918474363
 10
983.092739160623
 20
-207.89772444907965
 10
982.9750801659548
 20
-207.8074415270922
 10
982.8500002241601
 20
-207.72775681595138
 10
982.7184512691217
 20
-207.65927676442382
 10
982.5814344678186
 20
-207.60252254705108
 10
982.4399926008417
 20
-207.5579260976965
 10
982.2952021262038
 20
-207.52582682226773
 10
982.1481649868437
 20
-207.50646901563286
 10
982.0000002241752
 20
-207.50000000238896
 10
981.8518354615068
 20
-207.50646901563286
 10
981.7047983221466
 20
-207.52582682226773
 10
981.5600078475087
 20
-207.5579260976965
 10
981.4185659805319
 20
-207.60252254705108
 10
981.2815491792287
 20
-207.65927676442382
 10
981.1500002241903
 20
-207.72775681595138
 10
981.0249202823957
 20
-207.8074415270922
 10
980.9072612877275
 20
-207.89772444907965
 10
980.7979186961794
 20
-207.997918474363
 10
980.697724670896
 20
-208.10726106591108
 10
980.6074417489086
 20
-208.22492006057934
 10
980.5277570377677
 20
-208.3500000023739
 10
980.4592769862402
 20
-208.48154895741237
 10
980.4025227688675
 20
-208.61856575871548
 10
980.3579263195129
 20
-208.76000762569234
 10
980.3258270440841
 20
-208.90479810033028
 10
980.3064692374493
 20
-209.05183523969043
 10
980.3000002242053
 20
-209.20000000235882
 10
980.3064692374493
 20
-209.3481647650272
 10
980.3258270440841
 20
-209.49520190438736
 10
980.3579263195129
 20
-209.6399923790253
 10
980.4025227688675
 20
-209.78143424600216
 10
980.4592769862402
 20
-209.91845104730527
 10
980.5277570377677
 20
-210.05000000234375
 10
980.6074417489086
 20
-210.1750799441383
 10
980.697724670896
 20
-210.29273893880656
 10
980.7979186961794
 20
-210.40208153035465
 10
980.9072612877275
 20
-210.502275555638
 10
981.0249202823957
 20
-210.59255847762543
 10
981.1500002241903
 20
-210.67224318876626
 10
981.2815491792287
 20
-210.74072324029382
 10
981.4185659805319
 20
-210.79747745766656
 10
981.5600078475087
 20
-210.84207390702113
 10
981.7047983221466
 20
-210.8741731824499
 10
981.8518354615068
 20
-210.89353098908478
 10
982.0000002241752
 20
-210.90000000232868
 10
982.1481649868437
 20
-210.89353098908478
 10
982.2952021262038
 20
-210.8741731824499
 10
982.4399926008417
 20
-210.84207390702113
 10
982.5814344678186
 20
-210.79747745766656
 10
982.7184512691217
 20
-210.74072324029382
 10
982.8500002241601
 20
-210.67224318876626
 10
982.9750801659548
 20
-210.59255847762543
 10
983.092739160623
 20
-210.502275555638
 10
983.202081752171
 20
-210.40208153035465
 10
983.3022757774544
 20
-210.29273893880656
 10
983.3925586994418
 20
-210.1750799441383
 10
983.4722434105827
 20
-210.05000000234375
 10
983.5407234621102
 20
-209.91845104730527
 10
983.597477679483
 20
-209.78143424600216
 10
983.6420741288375
 20
-209.6399923790253
 10
983.6741734042663
 20
-209.49520190438736
 10
983.6935312109011
 20
-209.3481647650272
  0
DIMENSION
  5
11D
330
17
100
AcDbEntity
  8
REFERENCE_DIMENSIONS
100
AcDbDimension
280
0
  2
*D11
  3
Standard
 10
960.0
 20
-416.0
 30
0.0
 11
1132.0
 21
-416.0
 31
0.0
 70
32
 71
5
  1
<>
100
AcDbAlignedDimension
 13
960.0
 23
-400.0
 33
0.0
 14
1304.0
 24
-400.0
 34
0.0
 50
0.0
100
AcDbRotatedDimension
1001
ACAD
1000
DSTYLE
1002
{
1070
140
1040
3.0
1070
41
1040
2.0
1070
271
1070
3
1002
}
  0
DIMENSION
  5
12D
330
17
100
AcDbEntity
  8
REFERENCE_DIMENSIONS
100
AcDbDimension
280
0
  2
*D12
  3
Standard
 10
1320.0
 20
-400.0
 30
0.0
 11
1320.0
 21
-301.85
 31
0.0
 70
32
 71
5
  1
<>
100
AcDbAlignedDimension
 13
1304.0
 23
-400.0
 33
0.0
 14
1304.0
 24
-203.70000000000002
 34
0.0
 50
90.0
100
AcDbRotatedDimension
1001
ACAD
1000
DSTYLE
1002
{
1070
140
1040
3.0
1070
41
1040
2.0
1070
271
1070
3
1002
}
  0
TEXT
  5
13D
330
17
100
AcDbEntity
  8
REFERENCE_NOTES
100
AcDbText
 10
960.0
 20
-434.0
 30
0.0
 40
3.0
  1
upper_equipment_deck
100
AcDbText
  0
TEXT
  5
13E
330
17
100
AcDbEntity
  8
REFERENCE_NOTES
100
AcDbText
 10
960.0
 20
-441.0
 30
0.0
 40
3.0
  1
R01 CANDIDATE | mm 1:1 | NOT FOR MANUFACTURE
100
AcDbText
  0
TEXT
  5
13F
330
17
100
AcDbEntity
  8
REFERENCE_NOTES
100
AcDbText
 10
960.0
 20
-448.0
 30
0.0
 40
3.0
  1
344 x 196.3 x 3 mm
100
AcDbText
  0
TEXT
  5
140
330
17
100
AcDbEntity
  8
REFERENCE_NOTES
100
AcDbText
 10
960.0
 20
-455.0
 30
0.0
 40
3.0
  1
8 x D3.4: X=-150,-50,50,140; Y=+/-92.65
100
AcDbText
  0
TEXT
  5
141
330
17
100
AcDbEntity
  8
REFERENCE_NOTES
100
AcDbText
 10
960.0
 20
-462.0
 30
0.0
 40
3.0
  1
4 edge reliefs 17 wide x 12.5 deep
100
AcDbText
  0
TEXT
  5
142
330
17
100
AcDbEntity
  8
REFERENCE_NOTES
100
AcDbText
 10
960.0
 20
-469.0
 30
0.0
 40
3.0
  1
Datum A underside Z=-11.5
100
AcDbText
  0
TEXT
  5
143
330
17
100
AcDbEntity
  8
REFERENCE_NOTES
100
AcDbText
 10
960.0
 20
-476.0
 30
0.0
 40
3.0
  1
Hole locations shown in global frame S
100
AcDbText
  0
TEXT
  5
144
330
17
100
AcDbEntity
  8
REFERENCE_NOTES
100
AcDbText
 10
960.0
 20
-483.0
 30
0.0
 40
3.0
  1
Material / tolerances / finish / preload: TBD
100
AcDbText
  0
LWPOLYLINE
  5
145
330
17
100
AcDbEntity
  8
REFERENCE_GEOMETRY
100
AcDbPolyline
 90
1540
 70
1
 10
0.0
 20
-786.0
 10
0.25
 20
-786.0
 10
0.5
 20
-786.0
 10
0.75
 20
-786.0
 10
1.0
 20
-786.0
 10
1.25
 20
-786.0
 10
1.5
 20
-786.0
 10
1.75
 20
-786.0
 10
2.0
 20
-786.0
 10
2.25
 20
-786.0
 10
2.5
 20
-786.0
 10
2.75
 20
-786.0
 10
3.0
 20
-786.0
 10
3.25
 20
-786.0
 10
3.5
 20
-786.0
 10
3.75
 20
-786.0
 10
4.0
 20
-786.0
 10
4.25
 20
-786.0
 10
4.5
 20
-786.0
 10
4.75
 20
-786.0
 10
5.0
 20
-786.0
 10
5.25
 20
-786.0
 10
5.5
 20
-786.0
 10
5.75
 20
-786.0
 10
6.0
 20
-786.0
 10
6.25
 20
-786.0
 10
6.5
 20
-786.0
 10
6.75
 20
-786.0
 10
7.0
 20
-786.0
 10
7.25
 20
-786.0
 10
7.5
 20
-786.0
 10
7.75
 20
-786.0
 10
8.0
 20
-786.0
 10
8.25
 20
-786.0
 10
8.5
 20
-786.0
 10
8.75
 20
-786.0
 10
9.0
 20
-786.0
 10
9.25
 20
-786.0
 10
9.5
 20
-786.0
 10
9.75
 20
-786.0
 10
10.0
 20
-786.0
 10
10.25
 20
-786.0
 10
10.5
 20
-786.0
 10
10.75
 20
-786.0
 10
11.0
 20
-786.0
 10
11.25
 20
-786.0
 10
11.5
 20
-786.0
 10
11.75
 20
-786.0
 10
12.0
 20
-786.0
 10
12.25
 20
-786.0
 10
12.5
 20
-786.0
 10
12.75
 20
-786.0
 10
13.0
 20
-786.0
 10
13.25
 20
-786.0
 10
13.5
 20
-786.0
 10
13.75
 20
-786.0
 10
14.0
 20
-786.0
 10
14.25
 20
-786.0
 10
14.5
 20
-786.0
 10
14.75
 20
-786.0
 10
15.0
 20
-786.0
 10
15.25
 20
-786.0
 10
15.5
 20
-786.0
 10
15.75
 20
-786.0
 10
16.0
 20
-786.0
 10
16.25
 20
-786.0
 10
16.5
 20
-786.0
 10
16.75
 20
-786.0
 10
17.0
 20
-786.0
 10
17.25
 20
-786.0
 10
17.5
 20
-786.0
 10
17.75
 20
-786.0
 10
18.0
 20
-786.0
 10
18.25
 20
-786.0
 10
18.5
 20
-786.0
 10
18.75
 20
-786.0
 10
19.0
 20
-786.0
 10
19.25
 20
-786.0
 10
19.5
 20
-786.0
 10
19.75
 20
-786.0
 10
20.0
 20
-786.0
 10
20.25
 20
-786.0
 10
20.5
 20
-786.0
 10
20.75
 20
-786.0
 10
21.0
 20
-786.0
 10
21.25
 20
-786.0
 10
21.5
 20
-786.0
 10
21.75
 20
-786.0
 10
22.0
 20
-786.0
 10
22.25
 20
-786.0
 10
22.5
 20
-786.0
 10
22.75
 20
-786.0
 10
23.0
 20
-786.0
 10
23.25
 20
-786.0
 10
23.5
 20
-786.0
 10
23.75
 20
-786.0
 10
24.0
 20
-786.0
 10
24.25
 20
-786.0
 10
24.5
 20
-786.0
 10
24.75
 20
-786.0
 10
25.0
 20
-786.0
 10
25.25
 20
-786.0
 10
25.5
 20
-786.0
 10
25.75
 20
-786.0
 10
26.0
 20
-786.0
 10
26.25
 20
-786.0
 10
26.5
 20
-786.0
 10
26.75
 20
-786.0
 10
27.0
 20
-786.0
 10
27.25
 20
-786.0
 10
27.5
 20
-786.0
 10
27.75
 20
-786.0
 10
28.0
 20
-786.0
 10
28.25
 20
-786.0
 10
28.5
 20
-786.0
 10
28.75
 20
-786.0
 10
29.0
 20
-786.0
 10
29.25
 20
-786.0
 10
29.5
 20
-786.0
 10
29.75
 20
-786.0
 10
30.0
 20
-786.0
 10
30.25
 20
-786.0
 10
30.5
 20
-786.0
 10
30.75
 20
-786.0
 10
31.0
 20
-786.0
 10
31.25
 20
-786.0
 10
31.5
 20
-786.0
 10
31.75
 20
-786.0
 10
32.0
 20
-786.0
 10
32.25
 20
-786.0
 10
32.5
 20
-786.0
 10
32.75
 20
-786.0
 10
33.0
 20
-786.0
 10
33.25
 20
-786.0
 10
33.5
 20
-786.0
 10
33.75
 20
-786.0
 10
34.0
 20
-786.0
 10
34.25
 20
-786.0
 10
34.5
 20
-786.0
 10
34.75
 20
-786.0
 10
35.0
 20
-786.0
 10
35.25
 20
-786.0
 10
35.5
 20
-786.0
 10
35.75
 20
-786.0
 10
36.0
 20
-786.0
 10
36.25
 20
-786.0
 10
36.5
 20
-786.0
 10
36.75
 20
-786.0
 10
37.0
 20
-786.0
 10
37.25
 20
-786.0
 10
37.5
 20
-786.0
 10
37.75
 20
-786.0
 10
38.0
 20
-786.0
 10
38.25
 20
-786.0
 10
38.5
 20
-786.0
 10
38.75
 20
-786.0
 10
39.0
 20
-786.0
 10
39.25
 20
-786.0
 10
39.5
 20
-786.0
 10
39.75
 20
-786.0
 10
40.0
 20
-786.0
 10
40.25
 20
-786.0
 10
40.5
 20
-786.0
 10
40.75
 20
-786.0
 10
41.0
 20
-786.0
 10
41.25
 20
-786.0
 10
41.5
 20
-786.0
 10
41.75
 20
-786.0
 10
42.0
 20
-786.0
 10
42.25
 20
-786.0
 10
42.5
 20
-786.0
 10
42.75
 20
-786.0
 10
43.0
 20
-786.0
 10
43.25
 20
-786.0
 10
43.5
 20
-786.0
 10
43.75
 20
-786.0
 10
44.0
 20
-786.0
 10
44.25
 20
-786.0
 10
44.5
 20
-786.0
 10
44.75
 20
-786.0
 10
45.0
 20
-786.0
 10
45.25
 20
-786.0
 10
45.5
 20
-786.0
 10
45.75
 20
-786.0
 10
46.0
 20
-786.0
 10
46.25
 20
-786.0
 10
46.5
 20
-786.0
 10
46.75
 20
-786.0
 10
47.0
 20
-786.0
 10
47.25
 20
-786.0
 10
47.5
 20
-786.0
 10
47.75
 20
-786.0
 10
48.0
 20
-786.0
 10
48.25
 20
-786.0
 10
48.5
 20
-786.0
 10
48.75
 20
-786.0
 10
49.0
 20
-786.0
 10
49.25
 20
-786.0
 10
49.5
 20
-786.0
 10
49.75
 20
-786.0
 10
50.0
 20
-786.0
 10
50.25
 20
-786.0
 10
50.5
 20
-786.0
 10
50.75
 20
-786.0
 10
51.0
 20
-786.0
 10
51.25
 20
-786.0
 10
51.5
 20
-786.0
 10
51.75
 20
-786.0
 10
52.0
 20
-786.0
 10
52.25
 20
-786.0
 10
52.5
 20
-786.0
 10
52.75
 20
-786.0
 10
53.0
 20
-786.0
 10
53.25
 20
-786.0
 10
53.5
 20
-786.0
 10
53.75
 20
-786.0
 10
54.0
 20
-786.0
 10
54.25
 20
-786.0
 10
54.5
 20
-786.0
 10
54.75
 20
-786.0
 10
55.0
 20
-786.0
 10
55.25
 20
-786.0
 10
55.5
 20
-786.0
 10
55.75
 20
-786.0
 10
56.0
 20
-786.0
 10
56.25
 20
-786.0
 10
56.5
 20
-786.0
 10
56.75
 20
-786.0
 10
57.0
 20
-786.0
 10
57.25
 20
-786.0
 10
57.5
 20
-786.0
 10
57.75
 20
-786.0
 10
58.0
 20
-786.0
 10
58.25
 20
-786.0
 10
58.5
 20
-786.0
 10
58.75
 20
-786.0
 10
59.0
 20
-786.0
 10
59.25
 20
-786.0
 10
59.5
 20
-786.0
 10
59.75
 20
-786.0
 10
60.0
 20
-786.0
 10
60.25
 20
-786.0
 10
60.5
 20
-786.0
 10
60.75
 20
-786.0
 10
61.0
 20
-786.0
 10
61.25
 20
-786.0
 10
61.5
 20
-786.0
 10
61.75
 20
-786.0
 10
62.0
 20
-786.0
 10
62.25
 20
-786.0
 10
62.5
 20
-786.0
 10
62.75
 20
-786.0
 10
63.0
 20
-786.0
 10
63.25
 20
-786.0
 10
63.5
 20
-786.0
 10
63.75
 20
-786.0
 10
64.0
 20
-786.0
 10
64.25000000000001
 20
-786.0
 10
64.50000000000001
 20
-786.0
 10
64.75000000000001
 20
-786.0
 10
65.0
 20
-786.0
 10
65.25
 20
-786.0
 10
65.5
 20
-786.0
 10
65.75
 20
-786.0
 10
66.0
 20
-786.0
 10
66.25
 20
-786.0
 10
66.5
 20
-786.0
 10
66.75
 20
-786.0
 10
67.0
 20
-786.0
 10
67.25
 20
-786.0
 10
67.5
 20
-786.0
 10
67.75
 20
-786.0
 10
68.0
 20
-786.0
 10
68.25
 20
-786.0
 10
68.5
 20
-786.0
 10
68.75
 20
-786.0
 10
68.99999999999999
 20
-786.0
 10
69.24999999999999
 20
-786.0
 10
69.49999999999999
 20
-786.0
 10
69.75000000000001
 20
-786.0
 10
70.00000000000001
 20
-786.0
 10
70.25000000000001
 20
-786.0
 10
70.50000000000001
 20
-786.0
 10
70.75
 20
-786.0
 10
71.0
 20
-786.0
 10
71.25
 20
-786.0
 10
71.5
 20
-786.0
 10
71.75
 20
-786.0
 10
72.0
 20
-786.0
 10
72.25
 20
-786.0
 10
72.5
 20
-786.0
 10
72.75
 20
-786.0
 10
73.0
 20
-786.0
 10
73.25
 20
-786.0
 10
73.5
 20
-786.0
 10
73.75
 20
-786.0
 10
74.0
 20
-786.0
 10
74.25
 20
-786.0
 10
74.5
 20
-786.0
 10
74.74999999999999
 20
-786.0
 10
74.99999999999999
 20
-786.0
 10
75.24999999999999
 20
-786.0
 10
75.50000000000001
 20
-786.0
 10
75.75000000000001
 20
-786.0
 10
76.00000000000001
 20
-786.0
 10
76.25
 20
-786.0
 10
76.5
 20
-786.0
 10
76.75
 20
-786.0
 10
77.0
 20
-786.0
 10
77.25
 20
-786.0
 10
77.5
 20
-786.0
 10
77.75
 20
-786.0
 10
78.0
 20
-786.0
 10
78.25
 20
-786.0
 10
78.5
 20
-786.0
 10
78.75
 20
-786.0
 10
79.0
 20
-786.0
 10
79.25
 20
-786.0
 10
79.5
 20
-786.0
 10
79.75
 20
-786.0
 10
80.0
 20
-786.0
 10
80.24999999999999
 20
-786.0
 10
80.49999999999999
 20
-786.0
 10
80.74999999999999
 20
-786.0
 10
81.00000000000001
 20
-786.0
 10
81.25000000000001
 20
-786.0
 10
81.50000000000001
 20
-786.0
 10
81.75
 20
-786.0
 10
82.0
 20
-786.0
 10
82.25
 20
-786.0
 10
82.5
 20
-786.0
 10
82.75
 20
-786.0
 10
83.0
 20
-786.0
 10
83.25
 20
-786.0
 10
83.5
 20
-786.0
 10
83.75
 20
-786.0
 10
84.0
 20
-786.0
 10
84.25
 20
-786.0
 10
84.5
 20
-786.0
 10
84.75
 20
-786.0
 10
85.0
 20
-786.0
 10
85.25
 20
-786.0
 10
85.5
 20
-786.0
 10
85.74999999999999
 20
-786.0
 10
85.99999999999999
 20
-786.0
 10
86.24999999999999
 20
-786.0
 10
86.50000000000001
 20
-786.0
 10
86.75000000000001
 20
-786.0
 10
87.00000000000001
 20
-786.0
 10
87.25
 20
-786.0
 10
87.5
 20
-786.0
 10
87.75
 20
-786.0
 10
88.0
 20
-786.0
 10
88.25
 20
-786.0
 10
88.5
 20
-786.0
 10
88.75
 20
-786.0
 10
89.0
 20
-786.0
 10
89.25
 20
-786.0
 10
89.5
 20
-786.0
 10
89.75
 20
-786.0
 10
90.0
 20
-786.0
 10
90.25
 20
-786.0
 10
90.5
 20
-786.0
 10
90.75
 20
-786.0
 10
91.0
 20
-786.0
 10
91.25
 20
-786.0
 10
91.49999999999999
 20
-786.0
 10
91.74999999999999
 20
-786.0
 10
91.99999999999999
 20
-786.0
 10
92.24999999999999
 20
-786.0
 10
92.49999999999999
 20
-786.0
 10
92.74999999999999
 20
-786.0
 10
92.99999999999999
 20
-786.0
 10
93.24999999999999
 20
-786.0
 10
93.5
 20
-786.0
 10
93.75
 20
-786.0
 10
94.0
 20
-786.0
 10
94.25
 20
-786.0
 10
94.5
 20
-786.0
 10
94.75
 20
-786.0
 10
95.0
 20
-786.0
 10
95.25
 20
-786.0
 10
95.5
 20
-786.0
 10
95.75
 20
-786.0
 10
96.0
 20
-786.0
 10
96.25000000000001
 20
-786.0
 10
96.50000000000001
 20
-786.0
 10
96.75000000000001
 20
-786.0
 10
97.00000000000001
 20
-786.0
 10
97.25000000000001
 20
-786.0
 10
97.50000000000001
 20
-786.0
 10
97.75000000000001
 20
-786.0
 10
98.00000000000001
 20
-786.0
 10
98.25000000000001
 20
-786.0
 10
98.5
 20
-786.0
 10
98.75
 20
-786.0
 10
99.0
 20
-786.0
 10
99.25
 20
-786.0
 10
99.5
 20
-786.0
 10
99.75
 20
-786.0
 10
100.0
 20
-786.0
 10
100.25
 20
-786.0
 10
100.5
 20
-786.0
 10
100.75
 20
-786.0
 10
101.0
 20
-786.0
 10
101.25
 20
-786.0
 10
101.5
 20
-786.0
 10
101.75
 20
-786.0
 10
102.0
 20
-786.0
 10
102.25
 20
-786.0
 10
102.49999999999999
 20
-786.0
 10
102.74999999999999
 20
-786.0
 10
102.99999999999999
 20
-786.0
 10
103.24999999999999
 20
-786.0
 10
103.49999999999999
 20
-786.0
 10
103.74999999999999
 20
-786.0
 10
103.99999999999999
 20
-786.0
 10
104.24999999999999
 20
-786.0
 10
104.49999999999999
 20
-786.0
 10
104.75
 20
-786.0
 10
105.0
 20
-786.0
 10
105.25
 20
-786.0
 10
105.5
 20
-786.0
 10
105.75
 20
-786.0
 10
106.0
 20
-786.0
 10
106.25
 20
-786.0
 10
106.5
 20
-786.0
 10
106.75
 20
-786.0
 10
107.0
 20
-786.0
 10
107.25
 20
-786.0
 10
107.50000000000001
 20
-786.0
 10
107.75000000000001
 20
-786.0
 10
108.00000000000001
 20
-786.0
 10
108.25000000000001
 20
-786.0
 10
108.50000000000001
 20
-786.0
 10
108.75000000000001
 20
-786.0
 10
109.00000000000001
 20
-786.0
 10
109.25000000000001
 20
-786.0
 10
109.50000000000001
 20
-786.0
 10
109.75
 20
-786.0
 10
110.0
 20
-786.0
 10
110.25
 20
-786.0
 10
110.5
 20
-786.0
 10
110.75
 20
-786.0
 10
111.0
 20
-786.0
 10
111.25
 20
-786.0
 10
111.5
 20
-786.0
 10
111.75
 20
-786.0
 10
112.0
 20
-786.0
 10
112.25
 20
-786.0
 10
112.5
 20
-786.0
 10
112.75
 20
-786.0
 10
113.0
 20
-786.0
 10
113.25
 20
-786.0
 10
113.5
 20
-786.0
 10
113.74999999999999
 20
-786.0
 10
113.99999999999999
 20
-786.0
 10
114.24999999999999
 20
-786.0
 10
114.49999999999999
 20
-786.0
 10
114.74999999999999
 20
-786.0
 10
114.99999999999999
 20
-786.0
 10
115.24999999999999
 20
-786.0
 10
115.49999999999999
 20
-786.0
 10
115.75
 20
-786.0
 10
116.0
 20
-786.0
 10
116.25
 20
-786.0
 10
116.5
 20
-786.0
 10
116.75
 20
-786.0
 10
117.0
 20
-786.0
 10
117.25
 20
-786.0
 10
117.5
 20
-786.0
 10
117.75
 20
-786.0
 10
118.0
 20
-786.0
 10
118.25
 20
-786.0
 10
118.5
 20
-786.0
 10
118.75000000000001
 20
-786.0
 10
119.00000000000001
 20
-786.0
 10
119.25000000000001
 20
-786.0
 10
119.50000000000001
 20
-786.0
 10
119.75000000000001
 20
-786.0
 10
120.00000000000001
 20
-786.0
 10
120.25000000000001
 20
-786.0
 10
120.50000000000001
 20
-786.0
 10
120.75
 20
-786.0
 10
121.0
 20
-786.0
 10
121.25
 20
-786.0
 10
121.5
 20
-786.0
 10
121.75
 20
-786.0
 10
122.0
 20
-786.0
 10
122.25
 20
-786.0
 10
122.5
 20
-786.0
 10
122.75
 20
-786.0
 10
123.0
 20
-786.0
 10
123.25
 20
-786.0
 10
123.5
 20
-786.0
 10
123.75
 20
-786.0
 10
124.0
 20
-786.0
 10
124.25
 20
-786.0
 10
124.5
 20
-786.0
 10
124.74999999999999
 20
-786.0
 10
124.99999999999999
 20
-786.0
 10
125.24999999999999
 20
-786.0
 10
125.49999999999999
 20
-786.0
 10
125.74999999999999
 20
-786.0
 10
125.99999999999999
 20
-786.0
 10
126.24999999999999
 20
-786.0
 10
126.49999999999999
 20
-786.0
 10
126.74999999999999
 20
-786.0
 10
127.0
 20
-786.0
 10
127.25
 20
-786.0
 10
127.5
 20
-786.0
 10
127.75
 20
-786.0
 10
128.0
 20
-786.0
 10
128.25
 20
-786.0
 10
128.5
 20
-786.0
 10
128.75
 20
-786.0
 10
129.0
 20
-786.0
 10
129.25
 20
-786.0
 10
129.49999999999997
 20
-786.0
 10
129.75000000000003
 20
-786.0
 10
130.0
 20
-786.0
 10
130.25
 20
-786.0
 10
130.49999999999997
 20
-786.0
 10
130.75
 20
-786.0
 10
131.0
 20
-786.0
 10
131.25
 20
-786.0
 10
131.49999999999997
 20
-786.0
 10
131.75
 20
-786.0
 10
132.0
 20
-786.0
 10
132.25
 20
-786.0
 10
132.49999999999997
 20
-786.0
 10
132.75
 20
-786.0
 10
133.0
 20
-786.0
 10
133.25
 20
-786.0
 10
133.49999999999997
 20
-786.0
 10
133.75
 20
-786.0
 10
134.0
 20
-786.0
 10
134.25
 20
-786.0
 10
134.49999999999997
 20
-786.0
 10
134.75
 20
-786.0
 10
135.0
 20
-786.0
 10
135.25
 20
-786.0
 10
135.49999999999997
 20
-786.0
 10
135.75
 20
-786.0
 10
136.0
 20
-786.0
 10
136.25
 20
-786.0
 10
136.49999999999997
 20
-786.0
 10
136.75
 20
-786.0
 10
137.0
 20
-786.0
 10
137.25
 20
-786.0
 10
137.49999999999997
 20
-786.0
 10
137.75
 20
-786.0
 10
138.0
 20
-786.0
 10
138.25
 20
-786.0
 10
138.49999999999997
 20
-786.0
 10
138.75
 20
-786.0
 10
139.0
 20
-786.0
 10
139.25000000000003
 20
-786.0
 10
139.49999999999997
 20
-786.0
 10
139.75
 20
-786.0
 10
140.0
 20
-786.0
 10
140.25000000000003
 20
-786.0
 10
140.49999999999997
 20
-786.0
 10
140.75
 20
-786.0
 10
141.0
 20
-786.0
 10
141.25000000000003
 20
-786.0
 10
141.49999999999997
 20
-786.0
 10
141.75
 20
-786.0
 10
142.0
 20
-786.0
 10
142.25000000000003
 20
-786.0
 10
142.49999999999997
 20
-786.0
 10
142.75
 20
-786.0
 10
143.0
 20
-786.0
 10
143.25000000000003
 20
-786.0
 10
143.49999999999997
 20
-786.0
 10
143.75
 20
-786.0
 10
144.0
 20
-786.0
 10
144.25000000000003
 20
-786.0
 10
144.49999999999997
 20
-786.0
 10
144.75
 20
-786.0
 10
145.0
 20
-786.0
 10
145.25000000000003
 20
-786.0
 10
145.49999999999997
 20
-786.0
 10
145.75
 20
-786.0
 10
146.0
 20
-786.0
 10
146.25000000000003
 20
-786.0
 10
146.49999999999997
 20
-786.0
 10
146.75
 20
-786.0
 10
147.0
 20
-786.0
 10
147.25000000000003
 20
-786.0
 10
147.49999999999997
 20
-786.0
 10
147.75
 20
-786.0
 10
148.0
 20
-786.0
 10
148.25000000000003
 20
-786.0
 10
148.49999999999997
 20
-786.0
 10
148.75
 20
-786.0
 10
149.0
 20
-786.0
 10
149.25000000000003
 20
-786.0
 10
149.49999999999997
 20
-786.0
 10
149.75
 20
-786.0
 10
150.0
 20
-786.0
 10
150.25000000000003
 20
-786.0
 10
150.5
 20
-786.0
 10
150.75
 20
-786.0
 10
151.0
 20
-786.0
 10
151.25000000000003
 20
-786.0
 10
151.5
 20
-786.0
 10
151.75
 20
-786.0
 10
152.0
 20
-786.0
 10
152.25000000000003
 20
-786.0
 10
152.5
 20
-786.0
 10
152.75
 20
-786.0
 10
153.0
 20
-786.0
 10
153.25000000000003
 20
-786.0
 10
153.5
 20
-786.0
 10
153.75
 20
-786.0
 10
154.0
 20
-786.0
 10
154.25000000000003
 20
-786.0
 10
154.5
 20
-786.0
 10
154.75
 20
-786.0
 10
155.0
 20
-786.0
 10
155.25000000000003
 20
-786.0
 10
155.5
 20
-786.0
 10
155.75
 20
-786.0
 10
156.0
 20
-786.0
 10
156.25000000000003
 20
-786.0
 10
156.5
 20
-786.0
 10
156.75
 20
-786.0
 10
157.0
 20
-786.0
 10
157.25000000000003
 20
-786.0
 10
157.5
 20
-786.0
 10
157.75
 20
-786.0
 10
158.0
 20
-786.0
 10
158.25000000000003
 20
-786.0
 10
158.5
 20
-786.0
 10
158.75
 20
-786.0
 10
159.0
 20
-786.0
 10
159.25000000000003
 20
-786.0
 10
159.5
 20
-786.0
 10
159.75
 20
-786.0
 10
160.0
 20
-786.0
 10
160.25000000000003
 20
-786.0
 10
160.5
 20
-786.0
 10
160.75
 20
-786.0
 10
161.0
 20
-786.0
 10
161.24999999999997
 20
-786.0
 10
161.5
 20
-786.0
 10
161.75
 20
-786.0
 10
162.0
 20
-786.0
 10
162.24999999999997
 20
-786.0
 10
162.5
 20
-786.0
 10
162.75
 20
-786.0
 10
163.0
 20
-786.0
 10
163.24999999999997
 20
-786.0
 10
163.5
 20
-786.0
 10
163.75
 20
-786.0
 10
164.0
 20
-786.0
 10
164.24999999999997
 20
-786.0
 10
164.5
 20
-786.0
 10
164.75
 20
-786.0
 10
165.0
 20
-786.0
 10
165.24999999999997
 20
-786.0
 10
165.5
 20
-786.0
 10
165.75
 20
-786.0
 10
166.0
 20
-786.0
 10
166.24999999999997
 20
-786.0
 10
166.5
 20
-786.0
 10
166.75
 20
-786.0
 10
167.0
 20
-786.0
 10
167.24999999999997
 20
-786.0
 10
167.5
 20
-786.0
 10
167.75
 20
-786.0
 10
168.0
 20
-786.0
 10
168.24999999999997
 20
-786.0
 10
168.5
 20
-786.0
 10
168.75
 20
-786.0
 10
169.0
 20
-786.0
 10
169.24999999999997
 20
-786.0
 10
169.5
 20
-786.0
 10
169.75
 20
-786.0
 10
170.0
 20
-786.0
 10
170.24999999999997
 20
-786.0
 10
170.5
 20
-786.0
 10
170.75
 20
-786.0
 10
171.0
 20
-786.0
 10
171.24999999999997
 20
-786.0
 10
171.5
 20
-786.0
 10
171.75
 20
-786.0
 10
172.00000000000003
 20
-786.0
 10
172.24999999999997
 20
-786.0
 10
172.5
 20
-786.0
 10
172.75
 20
-786.0
 10
173.00000000000003
 20
-786.0
 10
173.24999999999997
 20
-786.0
 10
173.5
 20
-786.0
 10
173.75
 20
-786.0
 10
174.00000000000003
 20
-786.0
 10
174.24999999999997
 20
-786.0
 10
174.5
 20
-786.0
 10
174.75
 20
-786.0
 10
175.00000000000003
 20
-786.0
 10
175.24999999999997
 20
-786.0
 10
175.5
 20
-786.0
 10
175.75
 20
-786.0
 10
176.00000000000003
 20
-786.0
 10
176.24999999999997
 20
-786.0
 10
176.5
 20
-786.0
 10
176.75
 20
-786.0
 10
177.00000000000003
 20
-786.0
 10
177.24999999999997
 20
-786.0
 10
177.5
 20
-786.0
 10
177.75
 20
-786.0
 10
178.00000000000003
 20
-786.0
 10
178.24999999999997
 20
-786.0
 10
178.5
 20
-786.0
 10
178.5
 20
-786.25
 10
178.5
 20
-786.5
 10
178.5
 20
-786.75
 10
178.5
 20
-787.0
 10
178.5
 20
-787.25
 10
178.5
 20
-787.5
 10
178.5
 20
-787.75
 10
178.5
 20
-788.0
 10
178.5
 20
-788.25
 10
178.5
 20
-788.5
 10
178.5
 20
-788.75
 10
178.5
 20
-789.0
 10
178.5
 20
-789.25
 10
178.5
 20
-789.5
 10
178.5
 20
-789.75
 10
178.5
 20
-790.0
 10
178.5
 20
-790.25
 10
178.5
 20
-790.5
 10
178.5
 20
-790.75
 10
178.5
 20
-791.0
 10
178.5
 20
-791.25
 10
178.5
 20
-791.5
 10
178.5
 20
-791.75
 10
178.5
 20
-792.0
 10
178.5
 20
-792.25
 10
178.5
 20
-792.5
 10
178.5
 20
-792.75
 10
178.5
 20
-793.0
 10
178.5
 20
-793.25
 10
178.5
 20
-793.5
 10
178.5
 20
-793.75
 10
178.5
 20
-794.0
 10
178.5
 20
-794.25
 10
178.5
 20
-794.5
 10
178.5
 20
-794.75
 10
178.5
 20
-795.0
 10
178.5
 20
-795.25
 10
178.5
 20
-795.5
 10
178.5
 20
-795.75
 10
178.5
 20
-796.0
 10
178.5
 20
-796.25
 10
178.5
 20
-796.5
 10
178.5
 20
-796.75
 10
178.5
 20
-797.0
 10
178.5
 20
-797.25
 10
178.5
 20
-797.5
 10
178.5
 20
-797.75
 10
178.5
 20
-798.0
 10
178.5
 20
-798.25
 10
178.5
 20
-798.5
 10
178.5
 20
-798.75
 10
178.5
 20
-799.0
 10
178.5
 20
-799.25
 10
178.5
 20
-799.5
 10
178.5
 20
-799.75
 10
178.5
 20
-800.0
 10
178.25
 20
-800.0
 10
178.0
 20
-800.0
 10
177.75
 20
-800.0
 10
177.5
 20
-800.0
 10
177.25
 20
-800.0
 10
177.0
 20
-800.0
 10
176.75
 20
-800.0
 10
176.5
 20
-800.0
 10
176.25
 20
-800.0
 10
176.0
 20
-800.0
 10
175.75
 20
-800.0
 10
175.5
 20
-800.0
 10
175.25
 20
-800.0
 10
175.0
 20
-800.0
 10
174.75
 20
-800.0
 10
174.5
 20
-800.0
 10
174.25
 20
-800.0
 10
174.0
 20
-800.0
 10
173.75
 20
-800.0
 10
173.5
 20
-800.0
 10
173.25
 20
-800.0
 10
173.0
 20
-800.0
 10
172.75
 20
-800.0
 10
172.5
 20
-800.0
 10
172.25
 20
-800.0
 10
172.0
 20
-800.0
 10
171.75
 20
-800.0
 10
171.5
 20
-800.0
 10
171.25
 20
-800.0
 10
171.0
 20
-800.0
 10
170.75
 20
-800.0
 10
170.5
 20
-800.0
 10
170.25
 20
-800.0
 10
170.0
 20
-800.0
 10
169.75
 20
-800.0
 10
169.5
 20
-800.0
 10
169.25
 20
-800.0
 10
169.0
 20
-800.0
 10
168.75
 20
-800.0
 10
168.5
 20
-800.0
 10
168.25
 20
-800.0
 10
168.0
 20
-800.0
 10
167.75
 20
-800.0
 10
167.5
 20
-800.0
 10
167.25
 20
-800.0
 10
167.0
 20
-800.0
 10
166.75
 20
-800.0
 10
166.5
 20
-800.0
 10
166.25
 20
-800.0
 10
166.0
 20
-800.0
 10
165.75
 20
-800.0
 10
165.5
 20
-800.0
 10
165.25
 20
-800.0
 10
165.0
 20
-800.0
 10
164.75
 20
-800.0
 10
164.5
 20
-800.0
 10
164.25
 20
-800.0
 10
164.0
 20
-800.0
 10
163.75
 20
-800.0
 10
163.5
 20
-800.0
 10
163.25
 20
-800.0
 10
163.0
 20
-800.0
 10
162.75
 20
-800.0
 10
162.5
 20
-800.0
 10
162.25
 20
-800.0
 10
162.0
 20
-800.0
 10
161.75
 20
-800.0
 10
161.5
 20
-800.0
 10
161.25
 20
-800.0
 10
161.0
 20
-800.0
 10
160.75
 20
-800.0
 10
160.5
 20
-800.0
 10
160.25
 20
-800.0
 10
160.0
 20
-800.0
 10
159.75
 20
-800.0
 10
159.5
 20
-800.0
 10
159.25
 20
-800.0
 10
159.0
 20
-800.0
 10
158.75
 20
-800.0
 10
158.5
 20
-800.0
 10
158.25
 20
-800.0
 10
158.0
 20
-800.0
 10
157.75
 20
-800.0
 10
157.5
 20
-800.0
 10
157.25
 20
-800.0
 10
157.0
 20
-800.0
 10
156.75
 20
-800.0
 10
156.5
 20
-800.0
 10
156.25
 20
-800.0
 10
156.0
 20
-800.0
 10
155.75
 20
-800.0
 10
155.5
 20
-800.0
 10
155.25
 20
-800.0
 10
155.0
 20
-800.0
 10
154.75
 20
-800.0
 10
154.5
 20
-800.0
 10
154.25
 20
-800.0
 10
154.0
 20
-800.0
 10
153.75
 20
-800.0
 10
153.5
 20
-800.0
 10
153.25
 20
-800.0
 10
153.0
 20
-800.0
 10
152.75
 20
-800.0
 10
152.5
 20
-800.0
 10
152.25
 20
-800.0
 10
152.0
 20
-800.0
 10
151.75
 20
-800.0
 10
151.5
 20
-800.0
 10
151.25
 20
-800.0
 10
151.0
 20
-800.0
 10
150.75
 20
-800.0
 10
150.5
 20
-800.0
 10
150.25
 20
-800.0
 10
150.0
 20
-800.0
 10
149.75
 20
-800.0
 10
149.5
 20
-800.0
 10
149.25
 20
-800.0
 10
149.0
 20
-800.0
 10
148.75
 20
-800.0
 10
148.5
 20
-800.0
 10
148.25
 20
-800.0
 10
148.0
 20
-800.0
 10
147.75
 20
-800.0
 10
147.5
 20
-800.0
 10
147.25
 20
-800.0
 10
147.0
 20
-800.0
 10
146.75
 20
-800.0
 10
146.5
 20
-800.0
 10
146.25
 20
-800.0
 10
146.0
 20
-800.0
 10
145.75
 20
-800.0
 10
145.5
 20
-800.0
 10
145.25
 20
-800.0
 10
145.0
 20
-800.0
 10
144.75
 20
-800.0
 10
144.5
 20
-800.0
 10
144.25
 20
-800.0
 10
144.0
 20
-800.0
 10
143.75
 20
-800.0
 10
143.5
 20
-800.0
 10
143.25
 20
-800.0
 10
143.0
 20
-800.0
 10
142.75
 20
-800.0
 10
142.5
 20
-800.0
 10
142.25
 20
-800.0
 10
142.0
 20
-800.0
 10
141.75
 20
-800.0
 10
141.5
 20
-800.0
 10
141.25
 20
-800.0
 10
141.0
 20
-800.0
 10
140.75
 20
-800.0
 10
140.5
 20
-800.0
 10
140.25
 20
-800.0
 10
140.0
 20
-800.0
 10
139.75
 20
-800.0
 10
139.5
 20
-800.0
 10
139.25
 20
-800.0
 10
139.0
 20
-800.0
 10
138.75
 20
-800.0
 10
138.5
 20
-800.0
 10
138.25
 20
-800.0
 10
138.0
 20
-800.0
 10
137.75
 20
-800.0
 10
137.5
 20
-800.0
 10
137.25
 20
-800.0
 10
137.0
 20
-800.0
 10
136.75
 20
-800.0
 10
136.5
 20
-800.0
 10
136.25
 20
-800.0
 10
136.0
 20
-800.0
 10
135.75
 20
-800.0
 10
135.5
 20
-800.0
 10
135.25
 20
-800.0
 10
135.0
 20
-800.0
 10
134.75
 20
-800.0
 10
134.5
 20
-800.0
 10
134.25
 20
-800.0
 10
134.0
 20
-800.0
 10
133.75
 20
-800.0
 10
133.5
 20
-800.0
 10
133.25
 20
-800.0
 10
133.0
 20
-800.0
 10
132.75
 20
-800.0
 10
132.5
 20
-800.0
 10
132.25
 20
-800.0
 10
132.0
 20
-800.0
 10
131.75
 20
-800.0
 10
131.5
 20
-800.0
 10
131.25
 20
-800.0
 10
131.0
 20
-800.0
 10
130.75
 20
-800.0
 10
130.5
 20
-800.0
 10
130.25
 20
-800.0
 10
130.0
 20
-800.0
 10
129.75
 20
-800.0
 10
129.5
 20
-800.0
 10
129.25
 20
-800.0
 10
129.0
 20
-800.0
 10
128.75
 20
-800.0
 10
128.5
 20
-800.0
 10
128.25
 20
-800.0
 10
128.0
 20
-800.0
 10
127.75
 20
-800.0
 10
127.5
 20
-800.0
 10
127.25
 20
-800.0
 10
127.0
 20
-800.0
 10
126.75
 20
-800.0
 10
126.5
 20
-800.0
 10
126.25000000000001
 20
-800.0
 10
126.00000000000001
 20
-800.0
 10
125.75000000000001
 20
-800.0
 10
125.49999999999999
 20
-800.0
 10
125.24999999999999
 20
-800.0
 10
124.99999999999999
 20
-800.0
 10
124.74999999999999
 20
-800.0
 10
124.5
 20
-800.0
 10
124.25
 20
-800.0
 10
124.0
 20
-800.0
 10
123.75
 20
-800.0
 10
123.5
 20
-800.0
 10
123.25
 20
-800.0
 10
123.0
 20
-800.0
 10
122.75
 20
-800.0
 10
122.5
 20
-800.0
 10
122.25
 20
-800.0
 10
122.0
 20
-800.0
 10
121.75
 20
-800.0
 10
121.5
 20
-800.0
 10
121.25
 20
-800.0
 10
121.0
 20
-800.0
 10
120.75
 20
-800.0
 10
120.50000000000001
 20
-800.0
 10
120.25000000000001
 20
-800.0
 10
120.00000000000001
 20
-800.0
 10
119.74999999999999
 20
-800.0
 10
119.49999999999999
 20
-800.0
 10
119.24999999999999
 20
-800.0
 10
119.0
 20
-800.0
 10
118.75
 20
-800.0
 10
118.5
 20
-800.0
 10
118.25
 20
-800.0
 10
118.0
 20
-800.0
 10
117.75
 20
-800.0
 10
117.5
 20
-800.0
 10
117.25
 20
-800.0
 10
117.0
 20
-800.0
 10
116.75
 20
-800.0
 10
116.5
 20
-800.0
 10
116.25
 20
-800.0
 10
116.0
 20
-800.0
 10
115.75
 20
-800.0
 10
115.5
 20
-800.0
 10
115.25
 20
-800.0
 10
115.00000000000001
 20
-800.0
 10
114.75000000000001
 20
-800.0
 10
114.50000000000001
 20
-800.0
 10
114.24999999999999
 20
-800.0
 10
113.99999999999999
 20
-800.0
 10
113.75000000000001
 20
-800.0
 10
113.5
 20
-800.0
 10
113.25000000000001
 20
-800.0
 10
113.0
 20
-800.0
 10
112.75000000000001
 20
-800.0
 10
112.5
 20
-800.0
 10
112.25000000000001
 20
-800.0
 10
112.0
 20
-800.0
 10
111.75000000000001
 20
-800.0
 10
111.5
 20
-800.0
 10
111.25000000000001
 20
-800.0
 10
111.0
 20
-800.0
 10
110.75000000000003
 20
-800.0
 10
110.5
 20
-800.0
 10
110.25
 20
-800.0
 10
110.0
 20
-800.0
 10
109.75
 20
-800.0
 10
109.50000000000001
 20
-800.0
 10
109.25000000000001
 20
-800.0
 10
109.00000000000001
 20
-800.0
 10
108.75000000000001
 20
-800.0
 10
108.49999999999999
 20
-800.0
 10
108.25000000000001
 20
-800.0
 10
107.99999999999999
 20
-800.0
 10
107.75000000000001
 20
-800.0
 10
107.5
 20
-800.0
 10
107.25000000000001
 20
-800.0
 10
107.0
 20
-800.0
 10
106.75000000000001
 20
-800.0
 10
106.5
 20
-800.0
 10
106.25000000000001
 20
-800.0
 10
106.0
 20
-800.0
 10
105.75000000000001
 20
-800.0
 10
105.5
 20
-800.0
 10
105.25000000000003
 20
-800.0
 10
105.0
 20
-800.0
 10
104.75
 20
-800.0
 10
104.5
 20
-800.0
 10
104.25
 20
-800.0
 10
104.0
 20
-800.0
 10
103.75000000000001
 20
-800.0
 10
103.50000000000001
 20
-800.0
 10
103.25000000000001
 20
-800.0
 10
102.99999999999999
 20
-800.0
 10
102.74999999999999
 20
-800.0
 10
102.49999999999999
 20
-800.0
 10
102.25
 20
-800.0
 10
102.0
 20
-800.0
 10
101.75
 20
-800.0
 10
101.5
 20
-800.0
 10
101.25
 20
-800.0
 10
101.0
 20
-800.0
 10
100.75
 20
-800.0
 10
100.5
 20
-800.0
 10
100.25
 20
-800.0
 10
100.0
 20
-800.0
 10
99.75
 20
-800.0
 10
99.5
 20
-800.0
 10
99.25
 20
-800.0
 10
99.0
 20
-800.0
 10
98.75
 20
-800.0
 10
98.5
 20
-800.0
 10
98.25000000000001
 20
-800.0
 10
98.00000000000001
 20
-800.0
 10
97.75000000000001
 20
-800.0
 10
97.49999999999999
 20
-800.0
 10
97.24999999999999
 20
-800.0
 10
96.99999999999999
 20
-800.0
 10
96.75
 20
-800.0
 10
96.5
 20
-800.0
 10
96.25
 20
-800.0
 10
96.0
 20
-800.0
 10
95.75
 20
-800.0
 10
95.5
 20
-800.0
 10
95.25
 20
-800.0
 10
95.0
 20
-800.0
 10
94.75
 20
-800.0
 10
94.5
 20
-800.0
 10
94.25
 20
-800.0
 10
94.0
 20
-800.0
 10
93.75
 20
-800.0
 10
93.5
 20
-800.0
 10
93.25
 20
-800.0
 10
93.0
 20
-800.0
 10
92.75000000000001
 20
-800.0
 10
92.49999999999999
 20
-800.0
 10
92.25000000000001
 20
-800.0
 10
91.99999999999999
 20
-800.0
 10
91.74999999999999
 20
-800.0
 10
91.49999999999999
 20
-800.0
 10
91.25
 20
-800.0
 10
91.0
 20
-800.0
 10
90.75
 20
-800.0
 10
90.5
 20
-800.0
 10
90.25
 20
-800.0
 10
89.99999999999997
 20
-800.0
 10
89.75
 20
-800.0
 10
89.49999999999999
 20
-800.0
 10
89.25
 20
-800.0
 10
88.99999999999999
 20
-800.0
 10
88.75
 20
-800.0
 10
88.49999999999999
 20
-800.0
 10
88.25
 20
-800.0
 10
87.99999999999999
 20
-800.0
 10
87.75
 20
-800.0
 10
87.49999999999999
 20
-800.0
 10
87.25
 20
-800.0
 10
86.99999999999999
 20
-800.0
 10
86.75
 20
-800.0
 10
86.49999999999999
 20
-800.0
 10
86.25
 20
-800.0
 10
85.99999999999999
 20
-800.0
 10
85.75
 20
-800.0
 10
85.49999999999999
 20
-800.0
 10
85.25
 20
-800.0
 10
84.99999999999999
 20
-800.0
 10
84.75
 20
-800.0
 10
84.49999999999999
 20
-800.0
 10
84.25
 20
-800.0
 10
83.99999999999999
 20
-800.0
 10
83.75
 20
-800.0
 10
83.49999999999999
 20
-800.0
 10
83.25
 20
-800.0
 10
82.99999999999999
 20
-800.0
 10
82.75
 20
-800.0
 10
82.49999999999999
 20
-800.0
 10
82.25
 20
-800.0
 10
82.0
 20
-800.0
 10
81.75
 20
-800.0
 10
81.5
 20
-800.0
 10
81.25
 20
-800.0
 10
81.0
 20
-800.0
 10
80.75
 20
-800.0
 10
80.5
 20
-800.0
 10
80.25
 20
-800.0
 10
80.0
 20
-800.0
 10
79.75
 20
-800.0
 10
79.5
 20
-800.0
 10
79.25
 20
-800.0
 10
79.0
 20
-800.0
 10
78.75
 20
-800.0
 10
78.5
 20
-800.0
 10
78.25
 20
-800.0
 10
78.0
 20
-800.0
 10
77.75
 20
-800.0
 10
77.5
 20
-800.0
 10
77.25
 20
-800.0
 10
77.0
 20
-800.0
 10
76.75
 20
-800.0
 10
76.5
 20
-800.0
 10
76.25
 20
-800.0
 10
76.0
 20
-800.0
 10
75.75
 20
-800.0
 10
75.5
 20
-800.0
 10
75.25
 20
-800.0
 10
75.0
 20
-800.0
 10
74.75
 20
-800.0
 10
74.5
 20
-800.0
 10
74.25
 20
-800.0
 10
74.0
 20
-800.0
 10
73.75
 20
-800.0
 10
73.5
 20
-800.0
 10
73.25
 20
-800.0
 10
73.0
 20
-800.0
 10
72.75
 20
-800.0
 10
72.5
 20
-800.0
 10
72.25
 20
-800.0
 10
72.0
 20
-800.0
 10
71.75
 20
-800.0
 10
71.5
 20
-800.0
 10
71.25
 20
-800.0
 10
71.0
 20
-800.0
 10
70.75
 20
-800.0
 10
70.5
 20
-800.0
 10
70.25
 20
-800.0
 10
70.0
 20
-800.0
 10
69.75
 20
-800.0
 10
69.5
 20
-800.0
 10
69.25
 20
-800.0
 10
69.0
 20
-800.0
 10
68.75
 20
-800.0
 10
68.5
 20
-800.0
 10
68.25
 20
-800.0
 10
68.0
 20
-800.0
 10
67.75
 20
-800.0
 10
67.5
 20
-800.0
 10
67.25
 20
-800.0
 10
67.0
 20
-800.0
 10
66.75
 20
-800.0
 10
66.5
 20
-800.0
 10
66.25
 20
-800.0
 10
66.0
 20
-800.0
 10
65.75
 20
-800.0
 10
65.5
 20
-800.0
 10
65.25
 20
-800.0
 10
65.0
 20
-800.0
 10
64.75
 20
-800.0
 10
64.5
 20
-800.0
 10
64.25
 20
-800.0
 10
64.0
 20
-800.0
 10
63.75
 20
-800.0
 10
63.5
 20
-800.0
 10
63.25
 20
-800.0
 10
63.0
 20
-800.0
 10
62.75
 20
-800.0
 10
62.5
 20
-800.0
 10
62.25
 20
-800.0
 10
62.0
 20
-800.0
 10
61.75
 20
-800.0
 10
61.5
 20
-800.0
 10
61.25
 20
-800.0
 10
61.0
 20
-800.0
 10
60.75
 20
-800.0
 10
60.5
 20
-800.0
 10
60.25
 20
-800.0
 10
60.0
 20
-800.0
 10
59.75
 20
-800.0
 10
59.5
 20
-800.0
 10
59.25
 20
-800.0
 10
59.0
 20
-800.0
 10
58.75
 20
-800.0
 10
58.5
 20
-800.0
 10
58.25
 20
-800.0
 10
58.0
 20
-800.0
 10
57.75
 20
-800.0
 10
57.5
 20
-800.0
 10
57.25
 20
-800.0
 10
57.0
 20
-800.0
 10
56.75
 20
-800.0
 10
56.5
 20
-800.0
 10
56.25
 20
-800.0
 10
56.0
 20
-800.0
 10
55.75
 20
-800.0
 10
55.5
 20
-800.0
 10
55.25
 20
-800.0
 10
55.0
 20
-800.0
 10
54.75
 20
-800.0
 10
54.5
 20
-800.0
 10
54.25
 20
-800.0
 10
54.0
 20
-800.0
 10
53.75
 20
-800.0
 10
53.5
 20
-800.0
 10
53.25
 20
-800.0
 10
53.0
 20
-800.0
 10
52.75
 20
-800.0
 10
52.5
 20
-800.0
 10
52.25
 20
-800.0
 10
52.0
 20
-800.0
 10
51.75
 20
-800.0
 10
51.5
 20
-800.0
 10
51.25
 20
-800.0
 10
51.0
 20
-800.0
 10
50.75
 20
-800.0
 10
50.5
 20
-800.0
 10
50.25
 20
-800.0
 10
50.0
 20
-800.0
 10
49.75
 20
-800.0
 10
49.5
 20
-800.0
 10
49.25
 20
-800.0
 10
49.0
 20
-800.0
 10
48.75
 20
-800.0
 10
48.5
 20
-800.0
 10
48.25
 20
-800.0
 10
48.0
 20
-800.0
 10
47.75
 20
-800.0
 10
47.5
 20
-800.0
 10
47.25
 20
-800.0
 10
47.0
 20
-800.0
 10
46.75
 20
-800.0
 10
46.5
 20
-800.0
 10
46.25
 20
-800.0
 10
46.0
 20
-800.0
 10
45.75
 20
-800.0
 10
45.5
 20
-800.0
 10
45.25
 20
-800.0
 10
45.0
 20
-800.0
 10
44.75
 20
-800.0
 10
44.5
 20
-800.0
 10
44.25
 20
-800.0
 10
44.0
 20
-800.0
 10
43.75
 20
-800.0
 10
43.5
 20
-800.0
 10
43.25
 20
-800.0
 10
43.0
 20
-800.0
 10
42.75
 20
-800.0
 10
42.5
 20
-800.0
 10
42.25
 20
-800.0
 10
42.0
 20
-800.0
 10
41.75
 20
-800.0
 10
41.5
 20
-800.0
 10
41.25
 20
-800.0
 10
41.0
 20
-800.0
 10
40.75
 20
-800.0
 10
40.5
 20
-800.0
 10
40.25
 20
-800.0
 10
40.0
 20
-800.0
 10
39.75
 20
-800.0
 10
39.5
 20
-800.0
 10
39.25
 20
-800.0
 10
39.0
 20
-800.0
 10
38.75
 20
-800.0
 10
38.5
 20
-800.0
 10
38.25
 20
-800.0
 10
38.0
 20
-800.0
 10
37.75
 20
-800.0
 10
37.5
 20
-800.0
 10
37.25
 20
-800.0
 10
37.0
 20
-800.0
 10
36.75
 20
-800.0
 10
36.5
 20
-800.0
 10
36.25
 20
-800.0
 10
36.0
 20
-800.0
 10
35.75
 20
-800.0
 10
35.5
 20
-800.0
 10
35.25
 20
-800.0
 10
35.0
 20
-800.0
 10
34.75
 20
-800.0
 10
34.5
 20
-800.0
 10
34.25
 20
-800.0
 10
34.0
 20
-800.0
 10
33.75
 20
-800.0
 10
33.5
 20
-800.0
 10
33.25
 20
-800.0
 10
33.0
 20
-800.0
 10
32.75
 20
-800.0
 10
32.5
 20
-800.0
 10
32.25
 20
-800.0
 10
32.0
 20
-800.0
 10
31.75
 20
-800.0
 10
31.5
 20
-800.0
 10
31.25
 20
-800.0
 10
31.0
 20
-800.0
 10
30.75
 20
-800.0
 10
30.5
 20
-800.0
 10
30.25
 20
-800.0
 10
30.0
 20
-800.0
 10
29.75
 20
-800.0
 10
29.5
 20
-800.0
 10
29.25
 20
-800.0
 10
29.0
 20
-800.0
 10
28.75
 20
-800.0
 10
28.5
 20
-800.0
 10
28.25
 20
-800.0
 10
28.0
 20
-800.0
 10
27.75
 20
-800.0
 10
27.5
 20
-800.0
 10
27.25
 20
-800.0
 10
27.0
 20
-800.0
 10
26.75
 20
-800.0
 10
26.5
 20
-800.0
 10
26.25
 20
-800.0
 10
26.0
 20
-800.0
 10
25.75
 20
-800.0
 10
25.5
 20
-800.0
 10
25.25
 20
-800.0
 10
25.0
 20
-800.0
 10
24.75
 20
-800.0
 10
24.5
 20
-800.0
 10
24.25
 20
-800.0
 10
24.0
 20
-800.0
 10
23.75
 20
-800.0
 10
23.5
 20
-800.0
 10
23.25
 20
-800.0
 10
23.0
 20
-800.0
 10
22.75
 20
-800.0
 10
22.5
 20
-800.0
 10
22.25
 20
-800.0
 10
22.0
 20
-800.0
 10
21.75
 20
-800.0
 10
21.5
 20
-800.0
 10
21.25
 20
-800.0
 10
21.0
 20
-800.0
 10
20.75
 20
-800.0
 10
20.5
 20
-800.0
 10
20.25
 20
-800.0
 10
20.0
 20
-800.0
 10
19.75
 20
-800.0
 10
19.5
 20
-800.0
 10
19.25
 20
-800.0
 10
19.0
 20
-800.0
 10
18.75
 20
-800.0
 10
18.5
 20
-800.0
 10
18.25
 20
-800.0
 10
18.0
 20
-800.0
 10
17.75
 20
-800.0
 10
17.5
 20
-800.0
 10
17.25
 20
-800.0
 10
17.0
 20
-800.0
 10
16.75
 20
-800.0
 10
16.5
 20
-800.0
 10
16.25
 20
-800.0
 10
16.0
 20
-800.0
 10
15.75
 20
-800.0
 10
15.5
 20
-800.0
 10
15.25
 20
-800.0
 10
15.0
 20
-800.0
 10
14.75
 20
-800.0
 10
14.5
 20
-800.0
 10
14.25
 20
-800.0
 10
14.0
 20
-800.0
 10
13.75
 20
-800.0
 10
13.5
 20
-800.0
 10
13.25
 20
-800.0
 10
13.0
 20
-800.0
 10
12.75
 20
-800.0
 10
12.5
 20
-800.0
 10
12.25
 20
-800.0
 10
12.0
 20
-800.0
 10
11.75
 20
-800.0
 10
11.5
 20
-800.0
 10
11.25
 20
-800.0
 10
11.0
 20
-800.0
 10
10.75
 20
-800.0
 10
10.5
 20
-800.0
 10
10.25
 20
-800.0
 10
10.0
 20
-800.0
 10
9.75
 20
-800.0
 10
9.5
 20
-800.0
 10
9.25
 20
-800.0
 10
9.0
 20
-800.0
 10
8.75
 20
-800.0
 10
8.5
 20
-800.0
 10
8.25
 20
-800.0
 10
8.0
 20
-800.0
 10
7.75
 20
-800.0
 10
7.5
 20
-800.0
 10
7.25
 20
-800.0
 10
7.0
 20
-800.0
 10
6.75
 20
-800.0
 10
6.5
 20
-800.0
 10
6.25
 20
-800.0
 10
6.0
 20
-800.0
 10
5.75
 20
-800.0
 10
5.5
 20
-800.0
 10
5.25
 20
-800.0
 10
5.0
 20
-800.0
 10
4.75
 20
-800.0
 10
4.5
 20
-800.0
 10
4.25
 20
-800.0
 10
4.0
 20
-800.0
 10
3.75
 20
-800.0
 10
3.5
 20
-800.0
 10
3.25
 20
-800.0
 10
3.0
 20
-800.0
 10
2.75
 20
-800.0
 10
2.5
 20
-800.0
 10
2.25
 20
-800.0
 10
2.0
 20
-800.0
 10
1.75
 20
-800.0
 10
1.5
 20
-800.0
 10
1.25
 20
-800.0
 10
1.0
 20
-800.0
 10
0.75
 20
-800.0
 10
0.5
 20
-800.0
 10
0.25
 20
-800.0
 10
0.0
 20
-800.0
 10
0.0
 20
-799.75
 10
0.0
 20
-799.5
 10
0.0
 20
-799.25
 10
0.0
 20
-799.0
 10
0.0
 20
-798.75
 10
0.0
 20
-798.5
 10
0.0
 20
-798.25
 10
0.0
 20
-798.0
 10
0.0
 20
-797.75
 10
0.0
 20
-797.5
 10
0.0
 20
-797.25
 10
0.0
 20
-797.0
 10
0.0
 20
-796.75
 10
0.0
 20
-796.5
 10
0.0
 20
-796.25
 10
0.0
 20
-796.0
 10
0.0
 20
-795.75
 10
0.0
 20
-795.5
 10
0.0
 20
-795.25
 10
0.0
 20
-795.0
 10
0.0
 20
-794.75
 10
0.0
 20
-794.5
 10
0.0
 20
-794.25
 10
0.0
 20
-794.0
 10
0.0
 20
-793.75
 10
0.0
 20
-793.5
 10
0.0
 20
-793.25
 10
0.0
 20
-793.0
 10
0.0
 20
-792.75
 10
0.0
 20
-792.5
 10
0.0
 20
-792.25
 10
0.0
 20
-792.0
 10
0.0
 20
-791.75
 10
0.0
 20
-791.5
 10
0.0
 20
-791.25
 10
0.0
 20
-791.0
 10
0.0
 20
-790.75
 10
0.0
 20
-790.5
 10
0.0
 20
-790.25
 10
0.0
 20
-790.0
 10
0.0
 20
-789.75
 10
0.0
 20
-789.5
 10
0.0
 20
-789.25
 10
0.0
 20
-789.0
 10
0.0
 20
-788.75
 10
0.0
 20
-788.5
 10
0.0
 20
-788.25
 10
0.0
 20
-788.0
 10
0.0
 20
-787.75
 10
0.0
 20
-787.5
 10
0.0
 20
-787.25
 10
0.0
 20
-787.0
 10
0.0
 20
-786.75
 10
0.0
 20
-786.5
 10
0.0
 20
-786.25
  0
LWPOLYLINE
  5
146
330
17
100
AcDbEntity
  8
REFERENCE_GEOMETRY
100
AcDbPolyline
 90
72
 70
1
 10
118.70000000864917
 20
-794.5000000702696
 10
118.69353099540538
 20
-794.3518353076042
 10
118.67417318877091
 20
-794.204798168247
 10
118.64207391334278
 20
-794.060007693612
 10
118.5974774639891
 20
-793.918565826638
 10
118.5407232466175
 20
-793.7815490253377
 10
118.47224319509134
 20
-793.6500000703018
 10
118.3925584839521
 20
-793.5249201285097
 10
118.3022755619665
 20
-793.4072611338439
 10
118.20208153668516
 20
-793.297918542298
 10
118.09273894513929
 20
-793.1977245170167
 10
117.9750799504734
 20
-793.1074415950311
 10
117.85000000868136
 20
-793.0277568838918
 10
117.71845105364552
 20
-792.9592768323656
 10
117.58143425234516
 20
-792.902522614994
 10
117.43999238537117
 20
-792.8579261656404
 10
117.29520191073614
 20
-792.8258268902123
 10
117.14816477137894
 20
-792.8064690835778
 10
117.00000000871354
 20
-792.800000070334
 10
116.85183524604814
 20
-792.8064690835778
 10
116.70479810669094
 20
-792.8258268902123
 10
116.56000763205591
 20
-792.8579261656404
 10
116.41856576508192
 20
-792.902522614994
 10
116.28154896378156
 20
-792.9592768323656
 10
116.15000000874572
 20
-793.0277568838918
 10
116.02492006695368
 20
-793.1074415950311
 10
115.9072610722878
 20
-793.1977245170167
 10
115.79791848074193
 20
-793.297918542298
 10
115.69772445546059
 20
-793.4072611338439
 10
115.60744153347498
 20
-793.5249201285097
 10
115.52775682233575
 20
-793.6500000703018
 10
115.45927677080958
 20
-793.7815490253377
 10
115.40252255343799
 20
-793.918565826638
 10
115.3579261040843
 20
-794.060007693612
 10
115.32582682865618
 20
-794.204798168247
 10
115.3064690220217
 20
-794.3518353076042
 10
115.30000000877791
 20
-794.5000000702696
 10
115.3064690220217
 20
-794.648164832935
 10
115.32582682865618
 20
-794.7952019722923
 10
115.3579261040843
 20
-794.9399924469272
 10
115.40252255343799
 20
-795.0814343139012
 10
115.45927677080958
 20
-795.2184511152016
 10
115.52775682233575
 20
-795.3500000702375
 10
115.60744153347498
 20
-795.4750800120295
 10
115.69772445546059
 20
-795.5927390066953
 10
115.79791848074193
 20
-795.7020815982412
 10
115.9072610722878
 20
-795.8022756235225
 10
116.02492006695368
 20
-795.8925585455081
 10
116.15000000874572
 20
-795.9722432566474
 10
116.28154896378156
 20
-796.0407233081736
 10
116.41856576508192
 20
-796.0974775255452
 10
116.56000763205591
 20
-796.1420739748988
 10
116.70479810669094
 20
-796.1741732503269
 10
116.85183524604814
 20
-796.1935310569614
 10
117.00000000871354
 20
-796.2000000702052
 10
117.14816477137894
 20
-796.1935310569614
 10
117.29520191073614
 20
-796.1741732503269
 10
117.43999238537117
 20
-796.1420739748988
 10
117.58143425234516
 20
-796.0974775255452
 10
117.71845105364552
 20
-796.0407233081736
 10
117.85000000868135
 20
-795.9722432566474
 10
117.9750799504734
 20
-795.8925585455081
 10
118.09273894513929
 20
-795.8022756235225
 10
118.20208153668516
 20
-795.7020815982412
 10
118.3022755619665
 20
-795.5927390066953
 10
118.3925584839521
 20
-795.4750800120295
 10
118.47224319509134
 20
-795.3500000702375
 10
118.5407232466175
 20
-795.2184511152016
 10
118.5974774639891
 20
-795.0814343139012
 10
118.64207391334278
 20
-794.9399924469272
 10
118.67417318877091
 20
-794.7952019722923
 10
118.69353099540538
 20
-794.648164832935
  0
LWPOLYLINE
  5
147
330
17
100
AcDbEntity
  8
REFERENCE_GEOMETRY
100
AcDbPolyline
 90
72
 70
1
 10
18.699999999282632
 20
-794.5000000068646
 10
18.69353098603858
 20
-794.3518352441932
 10
18.674173179403322
 20
-794.2047981048302
 10
18.642073903973905
 20
-794.0600076301893
 10
18.597477454618428
 20
-793.9185657632096
 10
18.54072323724455
 20
-793.7815489619037
 10
18.472243185715627
 20
-793.6500000068626
 10
18.392558474573175
 20
-793.5249200650655
 10
18.302275552583932
 20
-793.4072610703948
 10
18.202081527298557
 20
-793.2979184788446
 10
18.09273893574828
 20
-793.1977244535592
 10
17.975079941077656
 20
-793.10744153157
 10
17.849999999280577
 20
-793.0277568204275
 10
17.718451044239448
 20
-792.9592767688986
 10
17.581434242933565
 20
-792.9025225515247
 10
17.43999237595387
 20
-792.8579261021692
 10
17.295201901313018
 20
-792.8258268267398
 10
17.1481647619499
 20
-792.8064690201046
 10
16.999999999278522
 20
-792.8000000068605
 10
16.851835236607144
 20
-792.8064690201046
 10
16.704798097244026
 20
-792.8258268267398
 10
16.560007622603173
 20
-792.8579261021692
 10
16.41856575562348
 20
-792.9025225515247
 10
16.281548954317596
 20
-792.9592767688986
 10
16.149999999276467
 20
-793.0277568204275
 10
16.024920057479388
 20
-793.10744153157
 10
15.907261062808765
 20
-793.1977244535592
 10
15.797918471258486
 20
-793.2979184788446
 10
15.697724445973112
 20
-793.4072610703948
 10
15.60744152398387
 20
-793.5249200650655
 10
15.527756812841417
 20
-793.6500000068626
 10
15.459276761312493
 20
-793.7815489619037
 10
15.402522543938616
 20
-793.9185657632096
 10
15.357926094583137
 20
-794.0600076301893
 10
15.325826819153722
 20
-794.2047981048302
 10
15.30646901251846
 20
-794.3518352441932
 10
15.299999999274414
 20
-794.5000000068646
 10
15.30646901251846
 20
-794.648164769536
 10
15.325826819153722
 20
-794.7952019088991
 10
15.357926094583137
 20
-794.93999238354
 10
15.402522543938616
 20
-795.0814342505197
 10
15.459276761312493
 20
-795.2184510518256
 10
15.527756812841417
 20
-795.3500000068667
 10
15.60744152398387
 20
-795.4750799486637
 10
15.697724445973112
 20
-795.5927389433344
 10
15.797918471258486
 20
-795.7020815348847
 10
15.907261062808765
 20
-795.8022755601701
 10
16.024920057479388
 20
-795.8925584821593
 10
16.149999999276467
 20
-795.9722431933018
 10
16.281548954317596
 20
-796.0407232448307
 10
16.41856575562348
 20
-796.0974774622046
 10
16.560007622603173
 20
-796.14207391156
 10
16.704798097244026
 20
-796.1741731869895
 10
16.851835236607144
 20
-796.1935309936247
 10
16.999999999278522
 20
-796.2000000068688
 10
17.1481647619499
 20
-796.1935309936247
 10
17.295201901313018
 20
-796.1741731869895
 10
17.43999237595387
 20
-796.14207391156
 10
17.581434242933565
 20
-796.0974774622046
 10
17.718451044239448
 20
-796.0407232448307
 10
17.849999999280577
 20
-795.9722431933018
 10
17.975079941077656
 20
-795.8925584821593
 10
18.09273893574828
 20
-795.8022755601701
 10
18.202081527298557
 20
-795.7020815348847
 10
18.302275552583932
 20
-795.5927389433344
 10
18.392558474573175
 20
-795.4750799486637
 10
18.472243185715627
 20
-795.3500000068667
 10
18.54072323724455
 20
-795.2184510518256
 10
18.597477454618428
 20
-795.0814342505197
 10
18.642073903973905
 20
-794.93999238354
 10
18.674173179403322
 20
-794.7952019088991
 10
18.69353098603858
 20
-794.648164769536
  0
DIMENSION
  5
148
330
17
100
AcDbEntity
  8
REFERENCE_DIMENSIONS
100
AcDbDimension
280
0
  2
*D13
  3
Standard
 10
0.0
 20
-816.0
 30
0.0
 11
89.25
 21
-816.0
 31
0.0
 70
32
 71
5
  1
<>
100
AcDbAlignedDimension
 13
0.0
 23
-800.0
 33
0.0
 14
178.5
 24
-800.0
 34
0.0
 50
0.0
100
AcDbRotatedDimension
1001
ACAD
1000
DSTYLE
1002
{
1070
140
1040
3.0
1070
41
1040
2.0
1070
271
1070
3
1002
}
  0
DIMENSION
  5
158
330
17
100
AcDbEntity
  8
REFERENCE_DIMENSIONS
100
AcDbDimension
280
0
  2
*D14
  3
Standard
 10
194.5
 20
-800.0
 30
0.0
 11
194.5
 21
-793.0
 31
0.0
 70
32
 71
5
  1
<>
100
AcDbAlignedDimension
 13
178.5
 23
-800.0
 33
0.0
 14
178.5
 24
-786.0
 34
0.0
 50
90.0
100
AcDbRotatedDimension
1001
ACAD
1000
DSTYLE
1002
{
1070
140
1040
3.0
1070
41
1040
2.0
1070
271
1070
3
1002
}
  0
TEXT
  5
168
330
17
100
AcDbEntity
  8
REFERENCE_NOTES
100
AcDbText
 10
0.0
 20
-834.0
 30
0.0
 40
3.0
  1
upper_deck_angle_1_0_top
100
AcDbText
  0
TEXT
  5
169
330
17
100
AcDbEntity
  8
REFERENCE_NOTES
100
AcDbText
 10
0.0
 20
-841.0
 30
0.0
 40
3.0
  1
R01 CANDIDATE | mm 1:1 | NOT FOR MANUFACTURE
100
AcDbText
  0
TEXT
  5
16A
330
17
100
AcDbEntity
  8
REFERENCE_NOTES
100
AcDbText
 10
0.0
 20
-848.0
 30
0.0
 40
3.0
  1
Section nominal thickness 3 mm
100
AcDbText
  0
TEXT
  5
16B
330
17
100
AcDbEntity
  8
REFERENCE_NOTES
100
AcDbText
 10
0.0
 20
-855.0
 30
0.0
 40
3.0
  1
Deck-facing holes share deck axes
100
AcDbText
  0
TEXT
  5
16C
330
17
100
AcDbEntity
  8
REFERENCE_NOTES
100
AcDbText
 10
0.0
 20
-862.0
 30
0.0
 40
3.0
  1
Source instance: upper_deck_angle_1_0
100
AcDbText
  0
TEXT
  5
16D
330
17
100
AcDbEntity
  8
REFERENCE_NOTES
100
AcDbText
 10
0.0
 20
-869.0
 30
0.0
 40
3.0
  1
Material / tolerances / finish / preload: TBD
100
AcDbText
  0
LWPOLYLINE
  5
16E
330
17
100
AcDbEntity
  8
REFERENCE_GEOMETRY
100
AcDbPolyline
 90
1540
 70
1
 10
658.5
 20
-800.0
 10
658.25
 20
-800.0
 10
658.0
 20
-800.0
 10
657.75
 20
-800.0
 10
657.5
 20
-800.0
 10
657.25
 20
-800.0
 10
657.0
 20
-800.0
 10
656.75
 20
-800.0
 10
656.5
 20
-800.0
 10
656.25
 20
-800.0
 10
656.0
 20
-800.0
 10
655.75
 20
-800.0
 10
655.5
 20
-800.0
 10
655.25
 20
-800.0
 10
655.0
 20
-800.0
 10
654.75
 20
-800.0
 10
654.5
 20
-800.0
 10
654.25
 20
-800.0
 10
654.0
 20
-800.0
 10
653.75
 20
-800.0
 10
653.5
 20
-800.0
 10
653.25
 20
-800.0
 10
653.0
 20
-800.0
 10
652.75
 20
-800.0
 10
652.5
 20
-800.0
 10
652.25
 20
-800.0
 10
652.0
 20
-800.0
 10
651.75
 20
-800.0
 10
651.5
 20
-800.0
 10
651.25
 20
-800.0
 10
651.0
 20
-800.0
 10
650.75
 20
-800.0
 10
650.5
 20
-800.0
 10
650.25
 20
-800.0
 10
650.0
 20
-800.0
 10
649.75
 20
-800.0
 10
649.5
 20
-800.0
 10
649.25
 20
-800.0
 10
649.0
 20
-800.0
 10
648.75
 20
-800.0
 10
648.5
 20
-800.0
 10
648.25
 20
-800.0
 10
648.0
 20
-800.0
 10
647.75
 20
-800.0
 10
647.5
 20
-800.0
 10
647.25
 20
-800.0
 10
647.0
 20
-800.0
 10
646.75
 20
-800.0
 10
646.5
 20
-800.0
 10
646.25
 20
-800.0
 10
646.0
 20
-800.0
 10
645.75
 20
-800.0
 10
645.5
 20
-800.0
 10
645.25
 20
-800.0
 10
645.0
 20
-800.0
 10
644.75
 20
-800.0
 10
644.5
 20
-800.0
 10
644.25
 20
-800.0
 10
644.0
 20
-800.0
 10
643.75
 20
-800.0
 10
643.5
 20
-800.0
 10
643.25
 20
-800.0
 10
643.0
 20
-800.0
 10
642.75
 20
-800.0
 10
642.5
 20
-800.0
 10
642.25
 20
-800.0
 10
642.0
 20
-800.0
 10
641.75
 20
-800.0
 10
641.5
 20
-800.0
 10
641.25
 20
-800.0
 10
641.0
 20
-800.0
 10
640.75
 20
-800.0
 10
640.5
 20
-800.0
 10
640.25
 20
-800.0
 10
640.0
 20
-800.0
 10
639.75
 20
-800.0
 10
639.5
 20
-800.0
 10
639.25
 20
-800.0
 10
639.0
 20
-800.0
 10
638.75
 20
-800.0
 10
638.5
 20
-800.0
 10
638.25
 20
-800.0
 10
638.0
 20
-800.0
 10
637.75
 20
-800.0
 10
637.5
 20
-800.0
 10
637.25
 20
-800.0
 10
637.0
 20
-800.0
 10
636.75
 20
-800.0
 10
636.5
 20
-800.0
 10
636.25
 20
-800.0
 10
636.0
 20
-800.0
 10
635.75
 20
-800.0
 10
635.5
 20
-800.0
 10
635.25
 20
-800.0
 10
635.0
 20
-800.0
 10
634.75
 20
-800.0
 10
634.5
 20
-800.0
 10
634.25
 20
-800.0
 10
634.0
 20
-800.0
 10
633.75
 20
-800.0
 10
633.5
 20
-800.0
 10
633.25
 20
-800.0
 10
633.0
 20
-800.0
 10
632.75
 20
-800.0
 10
632.5
 20
-800.0
 10
632.25
 20
-800.0
 10
632.0
 20
-800.0
 10
631.75
 20
-800.0
 10
631.5
 20
-800.0
 10
631.25
 20
-800.0
 10
631.0
 20
-800.0
 10
630.75
 20
-800.0
 10
630.5
 20
-800.0
 10
630.25
 20
-800.0
 10
630.0
 20
-800.0
 10
629.75
 20
-800.0
 10
629.5
 20
-800.0
 10
629.25
 20
-800.0
 10
629.0
 20
-800.0
 10
628.75
 20
-800.0
 10
628.5
 20
-800.0
 10
628.25
 20
-800.0
 10
628.0
 20
-800.0
 10
627.75
 20
-800.0
 10
627.5
 20
-800.0
 10
627.25
 20
-800.0
 10
627.0
 20
-800.0
 10
626.75
 20
-800.0
 10
626.5
 20
-800.0
 10
626.25
 20
-800.0
 10
626.0
 20
-800.0
 10
625.75
 20
-800.0
 10
625.5
 20
-800.0
 10
625.25
 20
-800.0
 10
625.0
 20
-800.0
 10
624.75
 20
-800.0
 10
624.5
 20
-800.0
 10
624.25
 20
-800.0
 10
624.0
 20
-800.0
 10
623.75
 20
-800.0
 10
623.5
 20
-800.0
 10
623.25
 20
-800.0
 10
623.0
 20
-800.0
 10
622.75
 20
-800.0
 10
622.5
 20
-800.0
 10
622.25
 20
-800.0
 10
622.0
 20
-800.0
 10
621.75
 20
-800.0
 10
621.5
 20
-800.0
 10
621.25
 20
-800.0
 10
621.0
 20
-800.0
 10
620.75
 20
-800.0
 10
620.5
 20
-800.0
 10
620.25
 20
-800.0
 10
620.0
 20
-800.0
 10
619.75
 20
-800.0
 10
619.5
 20
-800.0
 10
619.25
 20
-800.0
 10
619.0
 20
-800.0
 10
618.75
 20
-800.0
 10
618.5
 20
-800.0
 10
618.25
 20
-800.0
 10
618.0
 20
-800.0
 10
617.75
 20
-800.0
 10
617.5
 20
-800.0
 10
617.25
 20
-800.0
 10
617.0
 20
-800.0
 10
616.75
 20
-800.0
 10
616.5
 20
-800.0
 10
616.25
 20
-800.0
 10
616.0
 20
-800.0
 10
615.75
 20
-800.0
 10
615.5
 20
-800.0
 10
615.25
 20
-800.0
 10
615.0
 20
-800.0
 10
614.75
 20
-800.0
 10
614.5
 20
-800.0
 10
614.25
 20
-800.0
 10
614.0
 20
-800.0
 10
613.75
 20
-800.0
 10
613.5
 20
-800.0
 10
613.25
 20
-800.0
 10
613.0
 20
-800.0
 10
612.75
 20
-800.0
 10
612.5
 20
-800.0
 10
612.25
 20
-800.0
 10
612.0
 20
-800.0
 10
611.75
 20
-800.0
 10
611.5
 20
-800.0
 10
611.25
 20
-800.0
 10
611.0
 20
-800.0
 10
610.75
 20
-800.0
 10
610.5
 20
-800.0
 10
610.25
 20
-800.0
 10
610.0
 20
-800.0
 10
609.75
 20
-800.0
 10
609.5
 20
-800.0
 10
609.25
 20
-800.0
 10
609.0
 20
-800.0
 10
608.75
 20
-800.0
 10
608.5
 20
-800.0
 10
608.25
 20
-800.0
 10
608.0
 20
-800.0
 10
607.75
 20
-800.0
 10
607.5
 20
-800.0
 10
607.25
 20
-800.0
 10
607.0
 20
-800.0
 10
606.75
 20
-800.0
 10
606.5
 20
-800.0
 10
606.25
 20
-800.0
 10
606.0
 20
-800.0
 10
605.75
 20
-800.0
 10
605.5
 20
-800.0
 10
605.25
 20
-800.0
 10
605.0
 20
-800.0
 10
604.75
 20
-800.0
 10
604.5
 20
-800.0
 10
604.25
 20
-800.0
 10
604.0
 20
-800.0
 10
603.75
 20
-800.0
 10
603.5
 20
-800.0
 10
603.25
 20
-800.0
 10
603.0
 20
-800.0
 10
602.75
 20
-800.0
 10
602.5
 20
-800.0
 10
602.25
 20
-800.0
 10
602.0
 20
-800.0
 10
601.75
 20
-800.0
 10
601.5
 20
-800.0
 10
601.25
 20
-800.0
 10
601.0
 20
-800.0
 10
600.75
 20
-800.0
 10
600.5
 20
-800.0
 10
600.25
 20
-800.0
 10
600.0
 20
-800.0
 10
599.75
 20
-800.0
 10
599.5
 20
-800.0
 10
599.25
 20
-800.0
 10
599.0
 20
-800.0
 10
598.75
 20
-800.0
 10
598.5
 20
-800.0
 10
598.25
 20
-800.0
 10
598.0
 20
-800.0
 10
597.75
 20
-800.0
 10
597.5
 20
-800.0
 10
597.25
 20
-800.0
 10
597.0
 20
-800.0
 10
596.75
 20
-800.0
 10
596.5
 20
-800.0
 10
596.25
 20
-800.0
 10
596.0
 20
-800.0
 10
595.75
 20
-800.0
 10
595.5
 20
-800.0
 10
595.25
 20
-800.0
 10
595.0
 20
-800.0
 10
594.75
 20
-800.0
 10
594.5
 20
-800.0
 10
594.25
 20
-800.0
 10
594.0
 20
-800.0
 10
593.75
 20
-800.0
 10
593.5
 20
-800.0
 10
593.25
 20
-800.0
 10
593.0
 20
-800.0
 10
592.75
 20
-800.0
 10
592.5
 20
-800.0
 10
592.25
 20
-800.0
 10
592.0
 20
-800.0
 10
591.75
 20
-800.0
 10
591.5
 20
-800.0
 10
591.25
 20
-800.0
 10
591.0
 20
-800.0
 10
590.75
 20
-800.0
 10
590.5
 20
-800.0
 10
590.25
 20
-800.0
 10
590.0
 20
-800.0
 10
589.75
 20
-800.0
 10
589.5
 20
-800.0
 10
589.25
 20
-800.0
 10
589.0
 20
-800.0
 10
588.75
 20
-800.0
 10
588.5
 20
-800.0
 10
588.25
 20
-800.0
 10
588.0
 20
-800.0
 10
587.75
 20
-800.0
 10
587.5
 20
-800.0
 10
587.25
 20
-800.0
 10
587.0
 20
-800.0
 10
586.75
 20
-800.0
 10
586.5
 20
-800.0
 10
586.25
 20
-800.0
 10
586.0
 20
-800.0
 10
585.75
 20
-800.0
 10
585.5
 20
-800.0
 10
585.25
 20
-800.0
 10
585.0
 20
-800.0
 10
584.75
 20
-800.0
 10
584.5
 20
-800.0
 10
584.25
 20
-800.0
 10
584.0
 20
-800.0
 10
583.75
 20
-800.0
 10
583.5
 20
-800.0
 10
583.25
 20
-800.0
 10
583.0
 20
-800.0
 10
582.75
 20
-800.0
 10
582.5
 20
-800.0
 10
582.25
 20
-800.0
 10
582.0
 20
-800.0
 10
581.75
 20
-800.0
 10
581.5
 20
-800.0
 10
581.25
 20
-800.0
 10
581.0
 20
-800.0
 10
580.75
 20
-800.0
 10
580.5
 20
-800.0
 10
580.25
 20
-800.0
 10
580.0
 20
-800.0
 10
579.75
 20
-800.0
 10
579.5
 20
-800.0
 10
579.25
 20
-800.0
 10
579.0
 20
-800.0
 10
578.75
 20
-800.0
 10
578.5
 20
-800.0
 10
578.25
 20
-800.0
 10
578.0
 20
-800.0
 10
577.75
 20
-800.0
 10
577.5
 20
-800.0
 10
577.25
 20
-800.0
 10
577.0
 20
-800.0
 10
576.75
 20
-800.0
 10
576.5
 20
-800.0
 10
576.25
 20
-800.0
 10
576.0
 20
-800.0
 10
575.75
 20
-800.0
 10
575.5
 20
-800.0
 10
575.25
 20
-800.0
 10
575.0
 20
-800.0
 10
574.75
 20
-800.0
 10
574.5
 20
-800.0
 10
574.25
 20
-800.0
 10
574.0
 20
-800.0
 10
573.75
 20
-800.0
 10
573.5
 20
-800.0
 10
573.25
 20
-800.0
 10
573.0
 20
-800.0
 10
572.75
 20
-800.0
 10
572.5
 20
-800.0
 10
572.25
 20
-800.0
 10
572.0
 20
-800.0
 10
571.75
 20
-800.0
 10
571.5
 20
-800.0
 10
571.25
 20
-800.0
 10
571.0
 20
-800.0
 10
570.75
 20
-800.0
 10
570.5
 20
-800.0
 10
570.25
 20
-800.0
 10
570.0
 20
-800.0
 10
569.75
 20
-800.0
 10
569.5
 20
-800.0
 10
569.25
 20
-800.0
 10
569.0
 20
-800.0
 10
568.75
 20
-800.0
 10
568.5
 20
-800.0
 10
568.25
 20
-800.0
 10
568.0
 20
-800.0
 10
567.75
 20
-800.0
 10
567.5
 20
-800.0
 10
567.25
 20
-800.0
 10
567.0
 20
-800.0
 10
566.75
 20
-800.0
 10
566.5
 20
-800.0
 10
566.25
 20
-800.0
 10
566.0
 20
-800.0
 10
565.75
 20
-800.0
 10
565.5
 20
-800.0
 10
565.25
 20
-800.0
 10
565.0
 20
-800.0
 10
564.75
 20
-800.0
 10
564.5
 20
-800.0
 10
564.25
 20
-800.0
 10
564.0
 20
-800.0
 10
563.75
 20
-800.0
 10
563.5
 20
-800.0
 10
563.25
 20
-800.0
 10
563.0
 20
-800.0
 10
562.75
 20
-800.0
 10
562.5
 20
-800.0
 10
562.25
 20
-800.0
 10
562.0
 20
-800.0
 10
561.75
 20
-800.0
 10
561.5
 20
-800.0
 10
561.25
 20
-800.0
 10
561.0
 20
-800.0
 10
560.75
 20
-800.0
 10
560.5
 20
-800.0
 10
560.25
 20
-800.0
 10
560.0
 20
-800.0
 10
559.75
 20
-800.0
 10
559.5
 20
-800.0
 10
559.25
 20
-800.0
 10
559.0
 20
-800.0
 10
558.75
 20
-800.0
 10
558.5
 20
-800.0
 10
558.25
 20
-800.0
 10
558.0
 20
-800.0
 10
557.75
 20
-800.0
 10
557.5
 20
-800.0
 10
557.25
 20
-800.0
 10
557.0
 20
-800.0
 10
556.75
 20
-800.0
 10
556.5
 20
-800.0
 10
556.25
 20
-800.0
 10
556.0
 20
-800.0
 10
555.75
 20
-800.0
 10
555.5
 20
-800.0
 10
555.25
 20
-800.0
 10
555.0
 20
-800.0
 10
554.75
 20
-800.0
 10
554.5
 20
-800.0
 10
554.25
 20
-800.0
 10
554.0
 20
-800.0
 10
553.75
 20
-800.0
 10
553.5
 20
-800.0
 10
553.25
 20
-800.0
 10
553.0
 20
-800.0
 10
552.75
 20
-800.0
 10
552.5
 20
-800.0
 10
552.25
 20
-800.0
 10
552.0
 20
-800.0
 10
551.75
 20
-800.0
 10
551.5
 20
-800.0
 10
551.25
 20
-800.0
 10
551.0
 20
-800.0
 10
550.75
 20
-800.0
 10
550.5
 20
-800.0
 10
550.25
 20
-800.0
 10
550.0
 20
-800.0
 10
549.75
 20
-800.0
 10
549.5
 20
-800.0
 10
549.25
 20
-800.0
 10
549.0
 20
-800.0
 10
548.75
 20
-800.0
 10
548.5
 20
-800.0
 10
548.25
 20
-800.0
 10
548.0
 20
-800.0
 10
547.75
 20
-800.0
 10
547.5
 20
-800.0
 10
547.25
 20
-800.0
 10
547.0
 20
-800.0
 10
546.75
 20
-800.0
 10
546.5
 20
-800.0
 10
546.25
 20
-800.0
 10
546.0
 20
-800.0
 10
545.75
 20
-800.0
 10
545.5
 20
-800.0
 10
545.25
 20
-800.0
 10
545.0
 20
-800.0
 10
544.75
 20
-800.0
 10
544.5
 20
-800.0
 10
544.25
 20
-800.0
 10
544.0
 20
-800.0
 10
543.75
 20
-800.0
 10
543.5
 20
-800.0
 10
543.25
 20
-800.0
 10
543.0
 20
-800.0
 10
542.75
 20
-800.0
 10
542.5
 20
-800.0
 10
542.25
 20
-800.0
 10
542.0
 20
-800.0
 10
541.75
 20
-800.0
 10
541.5
 20
-800.0
 10
541.25
 20
-800.0
 10
541.0
 20
-800.0
 10
540.75
 20
-800.0
 10
540.5
 20
-800.0
 10
540.25
 20
-800.0
 10
540.0
 20
-800.0
 10
539.75
 20
-800.0
 10
539.5
 20
-800.0
 10
539.25
 20
-800.0
 10
539.0
 20
-800.0
 10
538.75
 20
-800.0
 10
538.5
 20
-800.0
 10
538.25
 20
-800.0
 10
538.0
 20
-800.0
 10
537.75
 20
-800.0
 10
537.5
 20
-800.0
 10
537.25
 20
-800.0
 10
537.0
 20
-800.0
 10
536.75
 20
-800.0
 10
536.5
 20
-800.0
 10
536.25
 20
-800.0
 10
536.0
 20
-800.0
 10
535.75
 20
-800.0
 10
535.5
 20
-800.0
 10
535.25
 20
-800.0
 10
535.0
 20
-800.0
 10
534.75
 20
-800.0
 10
534.5
 20
-800.0
 10
534.25
 20
-800.0
 10
534.0
 20
-800.0
 10
533.75
 20
-800.0
 10
533.5
 20
-800.0
 10
533.25
 20
-800.0
 10
533.0
 20
-800.0
 10
532.75
 20
-800.0
 10
532.5
 20
-800.0
 10
532.25
 20
-800.0
 10
532.0
 20
-800.0
 10
531.75
 20
-800.0
 10
531.5
 20
-800.0
 10
531.25
 20
-800.0
 10
531.0
 20
-800.0
 10
530.75
 20
-800.0
 10
530.5
 20
-800.0
 10
530.25
 20
-800.0
 10
530.0
 20
-800.0
 10
529.75
 20
-800.0
 10
529.5
 20
-800.0
 10
529.25
 20
-800.0
 10
529.0
 20
-800.0
 10
528.75
 20
-800.0
 10
528.5
 20
-800.0
 10
528.25
 20
-800.0
 10
528.0
 20
-800.0
 10
527.75
 20
-800.0
 10
527.5
 20
-800.0
 10
527.25
 20
-800.0
 10
527.0
 20
-800.0
 10
526.75
 20
-800.0
 10
526.5
 20
-800.0
 10
526.25
 20
-800.0
 10
526.0
 20
-800.0
 10
525.75
 20
-800.0
 10
525.5
 20
-800.0
 10
525.25
 20
-800.0
 10
525.0
 20
-800.0
 10
524.75
 20
-800.0
 10
524.5
 20
-800.0
 10
524.25
 20
-800.0
 10
524.0
 20
-800.0
 10
523.75
 20
-800.0
 10
523.5
 20
-800.0
 10
523.25
 20
-800.0
 10
523.0
 20
-800.0
 10
522.75
 20
-800.0
 10
522.5
 20
-800.0
 10
522.25
 20
-800.0
 10
522.0
 20
-800.0
 10
521.75
 20
-800.0
 10
521.5
 20
-800.0
 10
521.25
 20
-800.0
 10
521.0
 20
-800.0
 10
520.75
 20
-800.0
 10
520.5
 20
-800.0
 10
520.25
 20
-800.0
 10
520.0
 20
-800.0
 10
519.75
 20
-800.0
 10
519.5
 20
-800.0
 10
519.25
 20
-800.0
 10
519.0
 20
-800.0
 10
518.75
 20
-800.0
 10
518.5
 20
-800.0
 10
518.25
 20
-800.0
 10
518.0
 20
-800.0
 10
517.75
 20
-800.0
 10
517.5
 20
-800.0
 10
517.25
 20
-800.0
 10
517.0
 20
-800.0
 10
516.75
 20
-800.0
 10
516.5
 20
-800.0
 10
516.25
 20
-800.0
 10
516.0
 20
-800.0
 10
515.75
 20
-800.0
 10
515.5
 20
-800.0
 10
515.25
 20
-800.0
 10
515.0
 20
-800.0
 10
514.75
 20
-800.0
 10
514.5
 20
-800.0
 10
514.25
 20
-800.0
 10
514.0
 20
-800.0
 10
513.75
 20
-800.0
 10
513.5
 20
-800.0
 10
513.25
 20
-800.0
 10
513.0
 20
-800.0
 10
512.75
 20
-800.0
 10
512.5
 20
-800.0
 10
512.25
 20
-800.0
 10
512.0
 20
-800.0
 10
511.75
 20
-800.0
 10
511.5
 20
-800.0
 10
511.25
 20
-800.0
 10
511.0
 20
-800.0
 10
510.75
 20
-800.0
 10
510.5
 20
-800.0
 10
510.25
 20
-800.0
 10
510.0
 20
-800.0
 10
509.75
 20
-800.0
 10
509.5
 20
-800.0
 10
509.25
 20
-800.0
 10
509.0
 20
-800.0
 10
508.75
 20
-800.0
 10
508.5
 20
-800.0
 10
508.25
 20
-800.0
 10
508.0
 20
-800.0
 10
507.75
 20
-800.0
 10
507.5
 20
-800.0
 10
507.25
 20
-800.0
 10
507.0
 20
-800.0
 10
506.75
 20
-800.0
 10
506.5
 20
-800.0
 10
506.25
 20
-800.0
 10
506.0
 20
-800.0
 10
505.75
 20
-800.0
 10
505.5
 20
-800.0
 10
505.25
 20
-800.0
 10
505.0
 20
-800.0
 10
504.75
 20
-800.0
 10
504.5
 20
-800.0
 10
504.25
 20
-800.0
 10
504.0
 20
-800.0
 10
503.75
 20
-800.0
 10
503.5
 20
-800.0
 10
503.25
 20
-800.0
 10
503.0
 20
-800.0
 10
502.75
 20
-800.0
 10
502.5
 20
-800.0
 10
502.25
 20
-800.0
 10
502.0
 20
-800.0
 10
501.75
 20
-800.0
 10
501.5
 20
-800.0
 10
501.25
 20
-800.0
 10
501.0
 20
-800.0
 10
500.75
 20
-800.0
 10
500.5
 20
-800.0
 10
500.25
 20
-800.0
 10
500.0
 20
-800.0
 10
499.75
 20
-800.0
 10
499.5
 20
-800.0
 10
499.25
 20
-800.0
 10
499.0
 20
-800.0
 10
498.75
 20
-800.0
 10
498.5
 20
-800.0
 10
498.25
 20
-800.0
 10
498.0
 20
-800.0
 10
497.75
 20
-800.0
 10
497.5
 20
-800.0
 10
497.25
 20
-800.0
 10
497.0
 20
-800.0
 10
496.75
 20
-800.0
 10
496.5
 20
-800.0
 10
496.25
 20
-800.0
 10
496.0
 20
-800.0
 10
495.75
 20
-800.0
 10
495.5
 20
-800.0
 10
495.25
 20
-800.0
 10
495.0
 20
-800.0
 10
494.75
 20
-800.0
 10
494.5
 20
-800.0
 10
494.25
 20
-800.0
 10
494.0
 20
-800.0
 10
493.75
 20
-800.0
 10
493.5
 20
-800.0
 10
493.25
 20
-800.0
 10
493.0
 20
-800.0
 10
492.75
 20
-800.0
 10
492.5
 20
-800.0
 10
492.25
 20
-800.0
 10
492.0
 20
-800.0
 10
491.75
 20
-800.0
 10
491.5
 20
-800.0
 10
491.25
 20
-800.0
 10
491.0
 20
-800.0
 10
490.75
 20
-800.0
 10
490.5
 20
-800.0
 10
490.25
 20
-800.0
 10
490.0
 20
-800.0
 10
489.75
 20
-800.0
 10
489.5
 20
-800.0
 10
489.25
 20
-800.0
 10
489.0
 20
-800.0
 10
488.75
 20
-800.0
 10
488.5
 20
-800.0
 10
488.25
 20
-800.0
 10
488.0
 20
-800.0
 10
487.75
 20
-800.0
 10
487.5
 20
-800.0
 10
487.25
 20
-800.0
 10
487.0
 20
-800.0
 10
486.75
 20
-800.0
 10
486.5
 20
-800.0
 10
486.25
 20
-800.0
 10
486.0
 20
-800.0
 10
485.75
 20
-800.0
 10
485.5
 20
-800.0
 10
485.25
 20
-800.0
 10
485.0
 20
-800.0
 10
484.75
 20
-800.0
 10
484.5
 20
-800.0
 10
484.25
 20
-800.0
 10
484.0
 20
-800.0
 10
483.75
 20
-800.0
 10
483.5
 20
-800.0
 10
483.25
 20
-800.0
 10
483.0
 20
-800.0
 10
482.75
 20
-800.0
 10
482.5
 20
-800.0
 10
482.25
 20
-800.0
 10
482.0
 20
-800.0
 10
481.75
 20
-800.0
 10
481.5
 20
-800.0
 10
481.25
 20
-800.0
 10
481.0
 20
-800.0
 10
480.75
 20
-800.0
 10
480.5
 20
-800.0
 10
480.25
 20
-800.0
 10
480.0
 20
-800.0
 10
480.0
 20
-799.75
 10
480.0
 20
-799.5
 10
480.0
 20
-799.25
 10
480.0
 20
-799.0
 10
480.0
 20
-798.75
 10
480.0
 20
-798.5
 10
480.0
 20
-798.25
 10
480.0
 20
-798.0
 10
480.0
 20
-797.75
 10
480.0
 20
-797.5
 10
480.0
 20
-797.25
 10
480.0
 20
-797.0
 10
480.0
 20
-796.75
 10
480.0
 20
-796.5
 10
480.0
 20
-796.25
 10
480.0
 20
-796.0
 10
480.0
 20
-795.75
 10
480.0
 20
-795.5
 10
480.0
 20
-795.25
 10
480.0
 20
-795.0
 10
480.0
 20
-794.75
 10
480.0
 20
-794.5
 10
480.0
 20
-794.25
 10
480.0
 20
-794.0
 10
480.0
 20
-793.75
 10
480.0
 20
-793.5
 10
480.0
 20
-793.25
 10
480.0
 20
-793.0
 10
480.0
 20
-792.75
 10
480.0
 20
-792.5
 10
480.0
 20
-792.25
 10
480.0
 20
-792.0
 10
480.0
 20
-791.75
 10
480.0
 20
-791.5
 10
480.0
 20
-791.25
 10
480.0
 20
-791.0
 10
480.0
 20
-790.75
 10
480.0
 20
-790.5
 10
480.0
 20
-790.25
 10
480.0
 20
-790.0
 10
480.0
 20
-789.75
 10
480.0
 20
-789.5
 10
480.0
 20
-789.25
 10
480.0
 20
-789.0
 10
480.0
 20
-788.75
 10
480.0
 20
-788.5
 10
480.0
 20
-788.25
 10
480.0
 20
-788.0
 10
480.0
 20
-787.75
 10
480.0
 20
-787.5
 10
480.0
 20
-787.25
 10
480.0
 20
-787.0
 10
480.0
 20
-786.75
 10
480.0
 20
-786.5
 10
480.0
 20
-786.25
 10
480.0
 20
-786.0
 10
480.25
 20
-786.0
 10
480.5
 20
-786.0
 10
480.75
 20
-786.0
 10
481.0
 20
-786.0
 10
481.25
 20
-786.0
 10
481.5
 20
-786.0
 10
481.75
 20
-786.0
 10
482.0
 20
-786.0
 10
482.25
 20
-786.0
 10
482.5
 20
-786.0
 10
482.75
 20
-786.0
 10
483.0
 20
-786.0
 10
483.25
 20
-786.0
 10
483.5
 20
-786.0
 10
483.75
 20
-786.0
 10
484.0
 20
-786.0
 10
484.25
 20
-786.0
 10
484.5
 20
-786.0
 10
484.75
 20
-786.0
 10
485.0
 20
-786.0
 10
485.25
 20
-786.0
 10
485.5
 20
-786.0
 10
485.75
 20
-786.0
 10
486.0
 20
-786.0
 10
486.25
 20
-786.0
 10
486.5
 20
-786.0
 10
486.75
 20
-786.0
 10
487.0
 20
-786.0
 10
487.25
 20
-786.0
 10
487.5
 20
-786.0
 10
487.75
 20
-786.0
 10
488.0
 20
-786.0
 10
488.25
 20
-786.0
 10
488.5
 20
-786.0
 10
488.75
 20
-786.0
 10
489.0
 20
-786.0
 10
489.25
 20
-786.0
 10
489.5
 20
-786.0
 10
489.75
 20
-786.0
 10
490.0
 20
-786.0
 10
490.25
 20
-786.0
 10
490.5
 20
-786.0
 10
490.75
 20
-786.0
 10
491.0
 20
-786.0
 10
491.25
 20
-786.0
 10
491.5
 20
-786.0
 10
491.75
 20
-786.0
 10
492.0
 20
-786.0
 10
492.25
 20
-786.0
 10
492.5
 20
-786.0
 10
492.75
 20
-786.0
 10
493.0
 20
-786.0
 10
493.25
 20
-786.0
 10
493.5
 20
-786.0
 10
493.75
 20
-786.0
 10
494.0
 20
-786.0
 10
494.25
 20
-786.0
 10
494.5
 20
-786.0
 10
494.75
 20
-786.0
 10
495.0
 20
-786.0
 10
495.25
 20
-786.0
 10
495.5
 20
-786.0
 10
495.75
 20
-786.0
 10
496.0
 20
-786.0
 10
496.25
 20
-786.0
 10
496.5
 20
-786.0
 10
496.75
 20
-786.0
 10
497.0
 20
-786.0
 10
497.25
 20
-786.0
 10
497.5
 20
-786.0
 10
497.75
 20
-786.0
 10
498.0
 20
-786.0
 10
498.25
 20
-786.0
 10
498.5
 20
-786.0
 10
498.75
 20
-786.0
 10
499.0
 20
-786.0
 10
499.25
 20
-786.0
 10
499.5
 20
-786.0
 10
499.75
 20
-786.0
 10
500.0
 20
-786.0
 10
500.25
 20
-786.0
 10
500.5
 20
-786.0
 10
500.75
 20
-786.0
 10
501.0
 20
-786.0
 10
501.25
 20
-786.0
 10
501.5
 20
-786.0
 10
501.75
 20
-786.0
 10
502.0
 20
-786.0
 10
502.25
 20
-786.0
 10
502.5
 20
-786.0
 10
502.75
 20
-786.0
 10
503.0
 20
-786.0
 10
503.25
 20
-786.0
 10
503.5
 20
-786.0
 10
503.75
 20
-786.0
 10
504.0
 20
-786.0
 10
504.25
 20
-786.0
 10
504.5
 20
-786.0
 10
504.75
 20
-786.0
 10
505.0
 20
-786.0
 10
505.25
 20
-786.0
 10
505.5
 20
-786.0
 10
505.75
 20
-786.0
 10
506.0
 20
-786.0
 10
506.25
 20
-786.0
 10
506.5
 20
-786.0
 10
506.75
 20
-786.0
 10
507.0
 20
-786.0
 10
507.25
 20
-786.0
 10
507.5
 20
-786.0
 10
507.75
 20
-786.0
 10
508.0
 20
-786.0
 10
508.25
 20
-786.0
 10
508.5
 20
-786.0
 10
508.75
 20
-786.0
 10
509.0
 20
-786.0
 10
509.25
 20
-786.0
 10
509.5
 20
-786.0
 10
509.75
 20
-786.0
 10
510.0
 20
-786.0
 10
510.25
 20
-786.0
 10
510.5
 20
-786.0
 10
510.75
 20
-786.0
 10
511.0
 20
-786.0
 10
511.25
 20
-786.0
 10
511.5
 20
-786.0
 10
511.75
 20
-786.0
 10
512.0
 20
-786.0
 10
512.25
 20
-786.0
 10
512.5
 20
-786.0
 10
512.75
 20
-786.0
 10
513.0
 20
-786.0
 10
513.25
 20
-786.0
 10
513.5
 20
-786.0
 10
513.75
 20
-786.0
 10
514.0
 20
-786.0
 10
514.25
 20
-786.0
 10
514.5
 20
-786.0
 10
514.75
 20
-786.0
 10
515.0
 20
-786.0
 10
515.25
 20
-786.0
 10
515.5
 20
-786.0
 10
515.75
 20
-786.0
 10
516.0
 20
-786.0
 10
516.25
 20
-786.0
 10
516.5
 20
-786.0
 10
516.75
 20
-786.0
 10
517.0
 20
-786.0
 10
517.25
 20
-786.0
 10
517.5
 20
-786.0
 10
517.75
 20
-786.0
 10
518.0
 20
-786.0
 10
518.25
 20
-786.0
 10
518.5
 20
-786.0
 10
518.75
 20
-786.0
 10
519.0
 20
-786.0
 10
519.25
 20
-786.0
 10
519.5
 20
-786.0
 10
519.75
 20
-786.0
 10
520.0
 20
-786.0
 10
520.25
 20
-786.0
 10
520.5
 20
-786.0
 10
520.75
 20
-786.0
 10
521.0
 20
-786.0
 10
521.25
 20
-786.0
 10
521.5
 20
-786.0
 10
521.75
 20
-786.0
 10
522.0
 20
-786.0
 10
522.25
 20
-786.0
 10
522.5
 20
-786.0
 10
522.75
 20
-786.0
 10
523.0
 20
-786.0
 10
523.25
 20
-786.0
 10
523.5
 20
-786.0
 10
523.75
 20
-786.0
 10
524.0
 20
-786.0
 10
524.25
 20
-786.0
 10
524.5
 20
-786.0
 10
524.75
 20
-786.0
 10
525.0
 20
-786.0
 10
525.25
 20
-786.0
 10
525.5
 20
-786.0
 10
525.75
 20
-786.0
 10
526.0
 20
-786.0
 10
526.25
 20
-786.0
 10
526.5
 20
-786.0
 10
526.75
 20
-786.0
 10
527.0
 20
-786.0
 10
527.25
 20
-786.0
 10
527.5
 20
-786.0
 10
527.75
 20
-786.0
 10
528.0
 20
-786.0
 10
528.25
 20
-786.0
 10
528.5
 20
-786.0
 10
528.75
 20
-786.0
 10
529.0
 20
-786.0
 10
529.25
 20
-786.0
 10
529.5
 20
-786.0
 10
529.75
 20
-786.0
 10
530.0
 20
-786.0
 10
530.25
 20
-786.0
 10
530.5
 20
-786.0
 10
530.75
 20
-786.0
 10
531.0
 20
-786.0
 10
531.25
 20
-786.0
 10
531.5
 20
-786.0
 10
531.75
 20
-786.0
 10
532.0
 20
-786.0
 10
532.25
 20
-786.0
 10
532.5
 20
-786.0
 10
532.75
 20
-786.0
 10
533.0
 20
-786.0
 10
533.25
 20
-786.0
 10
533.5
 20
-786.0
 10
533.75
 20
-786.0
 10
534.0
 20
-786.0
 10
534.25
 20
-786.0
 10
534.5
 20
-786.0
 10
534.75
 20
-786.0
 10
535.0
 20
-786.0
 10
535.25
 20
-786.0
 10
535.5
 20
-786.0
 10
535.75
 20
-786.0
 10
536.0
 20
-786.0
 10
536.25
 20
-786.0
 10
536.5
 20
-786.0
 10
536.75
 20
-786.0
 10
537.0
 20
-786.0
 10
537.25
 20
-786.0
 10
537.5
 20
-786.0
 10
537.75
 20
-786.0
 10
538.0
 20
-786.0
 10
538.25
 20
-786.0
 10
538.5
 20
-786.0
 10
538.75
 20
-786.0
 10
539.0
 20
-786.0
 10
539.25
 20
-786.0
 10
539.5
 20
-786.0
 10
539.75
 20
-786.0
 10
540.0
 20
-786.0
 10
540.25
 20
-786.0
 10
540.5
 20
-786.0
 10
540.75
 20
-786.0
 10
541.0
 20
-786.0
 10
541.25
 20
-786.0
 10
541.5
 20
-786.0
 10
541.75
 20
-786.0
 10
542.0
 20
-786.0
 10
542.25
 20
-786.0
 10
542.5
 20
-786.0
 10
542.75
 20
-786.0
 10
543.0
 20
-786.0
 10
543.25
 20
-786.0
 10
543.5
 20
-786.0
 10
543.75
 20
-786.0
 10
544.0
 20
-786.0
 10
544.25
 20
-786.0
 10
544.5
 20
-786.0
 10
544.75
 20
-786.0
 10
545.0
 20
-786.0
 10
545.25
 20
-786.0
 10
545.5
 20
-786.0
 10
545.75
 20
-786.0
 10
546.0
 20
-786.0
 10
546.25
 20
-786.0
 10
546.5
 20
-786.0
 10
546.75
 20
-786.0
 10
547.0
 20
-786.0
 10
547.25
 20
-786.0
 10
547.5
 20
-786.0
 10
547.75
 20
-786.0
 10
548.0
 20
-786.0
 10
548.25
 20
-786.0
 10
548.5
 20
-786.0
 10
548.75
 20
-786.0
 10
549.0
 20
-786.0
 10
549.25
 20
-786.0
 10
549.5
 20
-786.0
 10
549.75
 20
-786.0
 10
550.0
 20
-786.0
 10
550.25
 20
-786.0
 10
550.5
 20
-786.0
 10
550.75
 20
-786.0
 10
551.0
 20
-786.0
 10
551.25
 20
-786.0
 10
551.5
 20
-786.0
 10
551.75
 20
-786.0
 10
552.0
 20
-786.0
 10
552.25
 20
-786.0
 10
552.5
 20
-786.0
 10
552.75
 20
-786.0
 10
553.0
 20
-786.0
 10
553.25
 20
-786.0
 10
553.5
 20
-786.0
 10
553.75
 20
-786.0
 10
554.0
 20
-786.0
 10
554.25
 20
-786.0
 10
554.5
 20
-786.0
 10
554.75
 20
-786.0
 10
555.0
 20
-786.0
 10
555.25
 20
-786.0
 10
555.5
 20
-786.0
 10
555.75
 20
-786.0
 10
556.0
 20
-786.0
 10
556.25
 20
-786.0
 10
556.5
 20
-786.0
 10
556.75
 20
-786.0
 10
557.0
 20
-786.0
 10
557.25
 20
-786.0
 10
557.5
 20
-786.0
 10
557.75
 20
-786.0
 10
558.0
 20
-786.0
 10
558.25
 20
-786.0
 10
558.5
 20
-786.0
 10
558.75
 20
-786.0
 10
559.0
 20
-786.0
 10
559.25
 20
-786.0
 10
559.5
 20
-786.0
 10
559.75
 20
-786.0
 10
560.0
 20
-786.0
 10
560.25
 20
-786.0
 10
560.5
 20
-786.0
 10
560.75
 20
-786.0
 10
561.0
 20
-786.0
 10
561.25
 20
-786.0
 10
561.5
 20
-786.0
 10
561.75
 20
-786.0
 10
562.0
 20
-786.0
 10
562.25
 20
-786.0
 10
562.5
 20
-786.0
 10
562.75
 20
-786.0
 10
563.0
 20
-786.0
 10
563.25
 20
-786.0
 10
563.5
 20
-786.0
 10
563.75
 20
-786.0
 10
564.0
 20
-786.0
 10
564.25
 20
-786.0
 10
564.5
 20
-786.0
 10
564.75
 20
-786.0
 10
565.0
 20
-786.0
 10
565.25
 20
-786.0
 10
565.5
 20
-786.0
 10
565.75
 20
-786.0
 10
566.0
 20
-786.0
 10
566.25
 20
-786.0
 10
566.5
 20
-786.0
 10
566.75
 20
-786.0
 10
567.0
 20
-786.0
 10
567.25
 20
-786.0
 10
567.5
 20
-786.0
 10
567.75
 20
-786.0
 10
568.0
 20
-786.0
 10
568.25
 20
-786.0
 10
568.5
 20
-786.0
 10
568.75
 20
-786.0
 10
569.0
 20
-786.0
 10
569.25
 20
-786.0
 10
569.5
 20
-786.0
 10
569.75
 20
-786.0
 10
570.0
 20
-786.0
 10
570.25
 20
-786.0
 10
570.5
 20
-786.0
 10
570.75
 20
-786.0
 10
571.0
 20
-786.0
 10
571.25
 20
-786.0
 10
571.5
 20
-786.0
 10
571.75
 20
-786.0
 10
572.0
 20
-786.0
 10
572.25
 20
-786.0
 10
572.5
 20
-786.0
 10
572.75
 20
-786.0
 10
573.0
 20
-786.0
 10
573.25
 20
-786.0
 10
573.5
 20
-786.0
 10
573.75
 20
-786.0
 10
574.0
 20
-786.0
 10
574.25
 20
-786.0
 10
574.5
 20
-786.0
 10
574.75
 20
-786.0
 10
575.0
 20
-786.0
 10
575.25
 20
-786.0
 10
575.5
 20
-786.0
 10
575.75
 20
-786.0
 10
576.0
 20
-786.0
 10
576.25
 20
-786.0
 10
576.5
 20
-786.0
 10
576.75
 20
-786.0
 10
577.0
 20
-786.0
 10
577.25
 20
-786.0
 10
577.5
 20
-786.0
 10
577.75
 20
-786.0
 10
578.0
 20
-786.0
 10
578.25
 20
-786.0
 10
578.5
 20
-786.0
 10
578.75
 20
-786.0
 10
579.0
 20
-786.0
 10
579.25
 20
-786.0
 10
579.5
 20
-786.0
 10
579.75
 20
-786.0
 10
580.0
 20
-786.0
 10
580.25
 20
-786.0
 10
580.5
 20
-786.0
 10
580.75
 20
-786.0
 10
581.0
 20
-786.0
 10
581.25
 20
-786.0
 10
581.5
 20
-786.0
 10
581.75
 20
-786.0
 10
582.0
 20
-786.0
 10
582.25
 20
-786.0
 10
582.5
 20
-786.0
 10
582.75
 20
-786.0
 10
583.0
 20
-786.0
 10
583.25
 20
-786.0
 10
583.5
 20
-786.0
 10
583.75
 20
-786.0
 10
584.0
 20
-786.0
 10
584.25
 20
-786.0
 10
584.5
 20
-786.0
 10
584.75
 20
-786.0
 10
585.0
 20
-786.0
 10
585.25
 20
-786.0
 10
585.5
 20
-786.0
 10
585.75
 20
-786.0
 10
586.0
 20
-786.0
 10
586.25
 20
-786.0
 10
586.5
 20
-786.0
 10
586.75
 20
-786.0
 10
587.0
 20
-786.0
 10
587.25
 20
-786.0
 10
587.5
 20
-786.0
 10
587.75
 20
-786.0
 10
588.0
 20
-786.0
 10
588.25
 20
-786.0
 10
588.5
 20
-786.0
 10
588.75
 20
-786.0
 10
589.0
 20
-786.0
 10
589.25
 20
-786.0
 10
589.5
 20
-786.0
 10
589.75
 20
-786.0
 10
590.0
 20
-786.0
 10
590.25
 20
-786.0
 10
590.5
 20
-786.0
 10
590.75
 20
-786.0
 10
591.0
 20
-786.0
 10
591.25
 20
-786.0
 10
591.5
 20
-786.0
 10
591.75
 20
-786.0
 10
592.0
 20
-786.0
 10
592.25
 20
-786.0
 10
592.5
 20
-786.0
 10
592.75
 20
-786.0
 10
593.0
 20
-786.0
 10
593.25
 20
-786.0
 10
593.5
 20
-786.0
 10
593.75
 20
-786.0
 10
594.0
 20
-786.0
 10
594.25
 20
-786.0
 10
594.5
 20
-786.0
 10
594.75
 20
-786.0
 10
595.0
 20
-786.0
 10
595.25
 20
-786.0
 10
595.5
 20
-786.0
 10
595.75
 20
-786.0
 10
596.0
 20
-786.0
 10
596.25
 20
-786.0
 10
596.5
 20
-786.0
 10
596.75
 20
-786.0
 10
597.0
 20
-786.0
 10
597.25
 20
-786.0
 10
597.5
 20
-786.0
 10
597.75
 20
-786.0
 10
598.0
 20
-786.0
 10
598.25
 20
-786.0
 10
598.5
 20
-786.0
 10
598.75
 20
-786.0
 10
599.0
 20
-786.0
 10
599.25
 20
-786.0
 10
599.5
 20
-786.0
 10
599.75
 20
-786.0
 10
600.0
 20
-786.0
 10
600.25
 20
-786.0
 10
600.5
 20
-786.0
 10
600.75
 20
-786.0
 10
601.0
 20
-786.0
 10
601.25
 20
-786.0
 10
601.5
 20
-786.0
 10
601.75
 20
-786.0
 10
602.0
 20
-786.0
 10
602.25
 20
-786.0
 10
602.5
 20
-786.0
 10
602.75
 20
-786.0
 10
603.0
 20
-786.0
 10
603.25
 20
-786.0
 10
603.5
 20
-786.0
 10
603.75
 20
-786.0
 10
604.0
 20
-786.0
 10
604.25
 20
-786.0
 10
604.5
 20
-786.0
 10
604.75
 20
-786.0
 10
605.0
 20
-786.0
 10
605.25
 20
-786.0
 10
605.5
 20
-786.0
 10
605.75
 20
-786.0
 10
606.0
 20
-786.0
 10
606.25
 20
-786.0
 10
606.5
 20
-786.0
 10
606.75
 20
-786.0
 10
607.0
 20
-786.0
 10
607.25
 20
-786.0
 10
607.5
 20
-786.0
 10
607.75
 20
-786.0
 10
608.0
 20
-786.0
 10
608.25
 20
-786.0
 10
608.5
 20
-786.0
 10
608.75
 20
-786.0
 10
609.0
 20
-786.0
 10
609.25
 20
-786.0
 10
609.5
 20
-786.0
 10
609.75
 20
-786.0
 10
610.0
 20
-786.0
 10
610.25
 20
-786.0
 10
610.5
 20
-786.0
 10
610.75
 20
-786.0
 10
611.0
 20
-786.0
 10
611.25
 20
-786.0
 10
611.5
 20
-786.0
 10
611.75
 20
-786.0
 10
612.0
 20
-786.0
 10
612.25
 20
-786.0
 10
612.5
 20
-786.0
 10
612.75
 20
-786.0
 10
613.0
 20
-786.0
 10
613.25
 20
-786.0
 10
613.5
 20
-786.0
 10
613.75
 20
-786.0
 10
614.0
 20
-786.0
 10
614.25
 20
-786.0
 10
614.5
 20
-786.0
 10
614.75
 20
-786.0
 10
615.0
 20
-786.0
 10
615.25
 20
-786.0
 10
615.5
 20
-786.0
 10
615.75
 20
-786.0
 10
616.0
 20
-786.0
 10
616.25
 20
-786.0
 10
616.5
 20
-786.0
 10
616.75
 20
-786.0
 10
617.0
 20
-786.0
 10
617.25
 20
-786.0
 10
617.5
 20
-786.0
 10
617.75
 20
-786.0
 10
618.0
 20
-786.0
 10
618.25
 20
-786.0
 10
618.5
 20
-786.0
 10
618.75
 20
-786.0
 10
619.0
 20
-786.0
 10
619.25
 20
-786.0
 10
619.5
 20
-786.0
 10
619.75
 20
-786.0
 10
620.0
 20
-786.0
 10
620.25
 20
-786.0
 10
620.5
 20
-786.0
 10
620.75
 20
-786.0
 10
621.0
 20
-786.0
 10
621.25
 20
-786.0
 10
621.5
 20
-786.0
 10
621.75
 20
-786.0
 10
622.0
 20
-786.0
 10
622.25
 20
-786.0
 10
622.5
 20
-786.0
 10
622.75
 20
-786.0
 10
623.0
 20
-786.0
 10
623.25
 20
-786.0
 10
623.5
 20
-786.0
 10
623.75
 20
-786.0
 10
624.0
 20
-786.0
 10
624.25
 20
-786.0
 10
624.5
 20
-786.0
 10
624.75
 20
-786.0
 10
625.0
 20
-786.0
 10
625.25
 20
-786.0
 10
625.5
 20
-786.0
 10
625.75
 20
-786.0
 10
626.0
 20
-786.0
 10
626.25
 20
-786.0
 10
626.5
 20
-786.0
 10
626.75
 20
-786.0
 10
627.0
 20
-786.0
 10
627.25
 20
-786.0
 10
627.5
 20
-786.0
 10
627.75
 20
-786.0
 10
628.0
 20
-786.0
 10
628.25
 20
-786.0
 10
628.5
 20
-786.0
 10
628.75
 20
-786.0
 10
629.0
 20
-786.0
 10
629.25
 20
-786.0
 10
629.5
 20
-786.0
 10
629.75
 20
-786.0
 10
630.0
 20
-786.0
 10
630.25
 20
-786.0
 10
630.5
 20
-786.0
 10
630.75
 20
-786.0
 10
631.0
 20
-786.0
 10
631.25
 20
-786.0
 10
631.5
 20
-786.0
 10
631.75
 20
-786.0
 10
632.0
 20
-786.0
 10
632.25
 20
-786.0
 10
632.5
 20
-786.0
 10
632.75
 20
-786.0
 10
633.0
 20
-786.0
 10
633.25
 20
-786.0
 10
633.5
 20
-786.0
 10
633.75
 20
-786.0
 10
634.0
 20
-786.0
 10
634.25
 20
-786.0
 10
634.5
 20
-786.0
 10
634.75
 20
-786.0
 10
635.0
 20
-786.0
 10
635.25
 20
-786.0
 10
635.5
 20
-786.0
 10
635.75
 20
-786.0
 10
636.0
 20
-786.0
 10
636.25
 20
-786.0
 10
636.5
 20
-786.0
 10
636.75
 20
-786.0
 10
637.0
 20
-786.0
 10
637.25
 20
-786.0
 10
637.5
 20
-786.0
 10
637.75
 20
-786.0
 10
638.0
 20
-786.0
 10
638.25
 20
-786.0
 10
638.5
 20
-786.0
 10
638.75
 20
-786.0
 10
639.0
 20
-786.0
 10
639.25
 20
-786.0
 10
639.5
 20
-786.0
 10
639.75
 20
-786.0
 10
640.0
 20
-786.0
 10
640.25
 20
-786.0
 10
640.5
 20
-786.0
 10
640.75
 20
-786.0
 10
641.0
 20
-786.0
 10
641.25
 20
-786.0
 10
641.5
 20
-786.0
 10
641.75
 20
-786.0
 10
642.0
 20
-786.0
 10
642.25
 20
-786.0
 10
642.5
 20
-786.0
 10
642.75
 20
-786.0
 10
643.0
 20
-786.0
 10
643.25
 20
-786.0
 10
643.5
 20
-786.0
 10
643.75
 20
-786.0
 10
644.0
 20
-786.0
 10
644.25
 20
-786.0
 10
644.5
 20
-786.0
 10
644.75
 20
-786.0
 10
645.0
 20
-786.0
 10
645.25
 20
-786.0
 10
645.5
 20
-786.0
 10
645.75
 20
-786.0
 10
646.0
 20
-786.0
 10
646.25
 20
-786.0
 10
646.5
 20
-786.0
 10
646.75
 20
-786.0
 10
647.0
 20
-786.0
 10
647.25
 20
-786.0
 10
647.5
 20
-786.0
 10
647.75
 20
-786.0
 10
648.0
 20
-786.0
 10
648.25
 20
-786.0
 10
648.5
 20
-786.0
 10
648.75
 20
-786.0
 10
649.0
 20
-786.0
 10
649.25
 20
-786.0
 10
649.5
 20
-786.0
 10
649.75
 20
-786.0
 10
650.0
 20
-786.0
 10
650.25
 20
-786.0
 10
650.5
 20
-786.0
 10
650.75
 20
-786.0
 10
651.0
 20
-786.0
 10
651.25
 20
-786.0
 10
651.5
 20
-786.0
 10
651.75
 20
-786.0
 10
652.0
 20
-786.0
 10
652.25
 20
-786.0
 10
652.5
 20
-786.0
 10
652.75
 20
-786.0
 10
653.0
 20
-786.0
 10
653.25
 20
-786.0
 10
653.5
 20
-786.0
 10
653.75
 20
-786.0
 10
654.0
 20
-786.0
 10
654.25
 20
-786.0
 10
654.5
 20
-786.0
 10
654.75
 20
-786.0
 10
655.0
 20
-786.0
 10
655.25
 20
-786.0
 10
655.5
 20
-786.0
 10
655.75
 20
-786.0
 10
656.0
 20
-786.0
 10
656.25
 20
-786.0
 10
656.5
 20
-786.0
 10
656.75
 20
-786.0
 10
657.0
 20
-786.0
 10
657.25
 20
-786.0
 10
657.5
 20
-786.0
 10
657.75
 20
-786.0
 10
658.0
 20
-786.0
 10
658.25
 20
-786.0
 10
658.5
 20
-786.0
 10
658.5
 20
-786.25
 10
658.5
 20
-786.5
 10
658.5
 20
-786.75
 10
658.5
 20
-787.0
 10
658.5
 20
-787.25
 10
658.5
 20
-787.5
 10
658.5
 20
-787.75
 10
658.5
 20
-788.0
 10
658.5
 20
-788.25
 10
658.5
 20
-788.5
 10
658.5
 20
-788.75
 10
658.5
 20
-789.0
 10
658.5
 20
-789.25
 10
658.5
 20
-789.5
 10
658.5
 20
-789.75
 10
658.5
 20
-790.0
 10
658.5
 20
-790.25
 10
658.5
 20
-790.5
 10
658.5
 20
-790.75
 10
658.5
 20
-791.0
 10
658.5
 20
-791.25
 10
658.5
 20
-791.5
 10
658.5
 20
-791.75
 10
658.5
 20
-792.0
 10
658.5
 20
-792.25
 10
658.5
 20
-792.5
 10
658.5
 20
-792.75
 10
658.5
 20
-793.0
 10
658.5
 20
-793.25
 10
658.5
 20
-793.5
 10
658.5
 20
-793.75
 10
658.5
 20
-794.0
 10
658.5
 20
-794.25
 10
658.5
 20
-794.5
 10
658.5
 20
-794.75
 10
658.5
 20
-795.0
 10
658.5
 20
-795.25
 10
658.5
 20
-795.5
 10
658.5
 20
-795.75
 10
658.5
 20
-796.0
 10
658.5
 20
-796.25
 10
658.5
 20
-796.5
 10
658.5
 20
-796.75
 10
658.5
 20
-797.0
 10
658.5
 20
-797.25
 10
658.5
 20
-797.5
 10
658.5
 20
-797.75
 10
658.5
 20
-798.0
 10
658.5
 20
-798.25
 10
658.5
 20
-798.5
 10
658.5
 20
-798.75
 10
658.5
 20
-799.0
 10
658.5
 20
-799.25
 10
658.5
 20
-799.5
 10
658.5
 20
-799.75
  0
LWPOLYLINE
  5
16F
330
17
100
AcDbEntity
  8
REFERENCE_GEOMETRY
100
AcDbPolyline
 90
72
 70
1
 10
578.7000000319584
 20
-793.0000000187576
 10
578.6935310187147
 20
-792.8518352560923
 10
578.6741732120802
 20
-792.704798116735
 10
578.6420739366521
 20
-792.5600076421
 10
578.5974774872984
 20
-792.418565775126
 10
578.5407232699268
 20
-792.2815489738257
 10
578.4722432184006
 20
-792.1500000187898
 10
578.3925585072614
 20
-792.0249200769978
 10
578.3022755852758
 20
-791.907261082332
 10
578.2020815599944
 20
-791.7979184907861
 10
578.0927389684485
 20
-791.6977244655047
 10
577.9750799737827
 20
-791.6074415435191
 10
577.8500000319907
 20
-791.5277568323799
 10
577.7184510769548
 20
-791.4592767808537
 10
577.5814342756545
 20
-791.4025225634821
 10
577.4399924086805
 20
-791.3579261141284
 10
577.2952019340455
 20
-791.3258268387003
 10
577.1481647946882
 20
-791.3064690320658
 10
577.0000000320229
 20
-791.3000000188221
 10
576.8518352693575
 20
-791.3064690320658
 10
576.7047981300002
 20
-791.3258268387003
 10
576.5600076553652
 20
-791.3579261141284
 10
576.4185657883912
 20
-791.4025225634821
 10
576.2815489870909
 20
-791.4592767808537
 10
576.150000032055
 20
-791.5277568323799
 10
576.024920090263
 20
-791.6074415435191
 10
575.9072610955972
 20
-791.6977244655047
 10
575.7979185040513
 20
-791.7979184907861
 10
575.6977244787699
 20
-791.907261082332
 10
575.6074415567844
 20
-792.0249200769978
 10
575.5277568456451
 20
-792.1500000187898
 10
575.4592767941189
 20
-792.2815489738257
 10
575.4025225767473
 20
-792.418565775126
 10
575.3579261273936
 20
-792.5600076421
 10
575.3258268519655
 20
-792.704798116735
 10
575.306469045331
 20
-792.8518352560923
 10
575.3000000320873
 20
-793.0000000187576
 10
575.306469045331
 20
-793.148164781423
 10
575.3258268519655
 20
-793.2952019207803
 10
575.3579261273936
 20
-793.4399923954153
 10
575.4025225767473
 20
-793.5814342623893
 10
575.4592767941189
 20
-793.7184510636896
 10
575.5277568456451
 20
-793.8500000187255
 10
575.6074415567844
 20
-793.9750799605175
 10
575.6977244787699
 20
-794.0927389551833
 10
575.7979185040513
 20
-794.2020815467292
 10
575.9072610955972
 20
-794.3022755720106
 10
576.024920090263
 20
-794.3925584939961
 10
576.150000032055
 20
-794.4722432051354
 10
576.2815489870909
 20
-794.5407232566616
 10
576.4185657883912
 20
-794.5974774740332
 10
576.5600076553652
 20
-794.6420739233869
 10
576.7047981300002
 20
-794.674173198815
 10
576.8518352693575
 20
-794.6935310054495
 10
577.0000000320229
 20
-794.7000000186932
 10
577.1481647946882
 20
-794.6935310054495
 10
577.2952019340455
 20
-794.674173198815
 10
577.4399924086805
 20
-794.6420739233869
 10
577.5814342756545
 20
-794.5974774740332
 10
577.7184510769548
 20
-794.5407232566616
 10
577.8500000319907
 20
-794.4722432051354
 10
577.9750799737827
 20
-794.3925584939961
 10
578.0927389684485
 20
-794.3022755720106
 10
578.2020815599944
 20
-794.2020815467292
 10
578.3022755852758
 20
-794.0927389551833
 10
578.3925585072614
 20
-793.9750799605175
 10
578.4722432184006
 20
-793.8500000187255
 10
578.5407232699268
 20
-793.7184510636896
 10
578.5974774872984
 20
-793.5814342623893
 10
578.6420739366521
 20
-793.4399923954153
 10
578.6741732120802
 20
-793.2952019207803
 10
578.6935310187147
 20
-793.148164781423
  0
LWPOLYLINE
  5
170
330
17
100
AcDbEntity
  8
REFERENCE_GEOMETRY
100
AcDbPolyline
 90
72
 70
1
 10
518.699999963987
 20
-793.0000000448512
 10
518.6935309507429
 20
-792.8518352821798
 10
518.6741731441077
 20
-792.7047981428167
 10
518.6420738686783
 20
-792.5600076681758
 10
518.5974774193228
 20
-792.4185658011961
 10
518.5407232019489
 20
-792.2815489998902
 10
518.47224315042
 20
-792.1500000448491
 10
518.3925584392775
 20
-792.0249201030521
 10
518.3022755172883
 20
-791.9072611083814
 10
518.2020814920029
 20
-791.7979185168311
 10
518.0927389004527
 20
-791.6977244915457
 10
517.975079905782
 20
-791.6074415695565
 10
517.8499999639849
 20
-791.527756858414
 10
517.7184510089438
 20
-791.4592768068851
 10
517.5814342076379
 20
-791.4025225895112
 10
517.4399923406583
 20
-791.3579261401558
 10
517.2952018660174
 20
-791.3258268647263
 10
517.1481647266543
 20
-791.3064690580911
 10
516.9999999639829
 20
-791.300000044847
 10
516.8518352013115
 20
-791.3064690580911
 10
516.7047980619484
 20
-791.3258268647263
 10
516.5600075873075
 20
-791.3579261401558
 10
516.4185657203278
 20
-791.4025225895112
 10
516.2815489190219
 20
-791.4592768068851
 10
516.1499999639808
 20
-791.527756858414
 10
516.0249200221838
 20
-791.6074415695565
 10
515.9072610275131
 20
-791.6977244915457
 10
515.7979184359629
 20
-791.7979185168311
 10
515.6977244106774
 20
-791.9072611083814
 10
515.6074414886882
 20
-792.0249201030521
 10
515.5277567775457
 20
-792.1500000448491
 10
515.4592767260168
 20
-792.2815489998902
 10
515.402522508643
 20
-792.4185658011961
 10
515.3579260592875
 20
-792.5600076681758
 10
515.325826783858
 20
-792.7047981428167
 10
515.3064689772228
 20
-792.8518352821798
 10
515.2999999639787
 20
-793.0000000448512
 10
515.3064689772228
 20
-793.1481648075226
 10
515.325826783858
 20
-793.2952019468856
 10
515.3579260592875
 20
-793.4399924215265
 10
515.402522508643
 20
-793.5814342885062
 10
515.4592767260168
 20
-793.7184510898121
 10
515.5277567775457
 20
-793.8500000448532
 10
515.6074414886882
 20
-793.9750799866503
 10
515.6977244106774
 20
-794.092738981321
 10
515.7979184359629
 20
-794.2020815728712
 10
515.9072610275131
 20
-794.3022755981566
 10
516.0249200221838
 20
-794.3925585201458
 10
516.1499999639808
 20
-794.4722432312883
 10
516.2815489190219
 20
-794.5407232828172
 10
516.4185657203278
 20
-794.5974775001911
 10
516.5600075873075
 20
-794.6420739495466
 10
516.7047980619484
 20
-794.674173224976
 10
516.8518352013115
 20
-794.6935310316112
 10
516.9999999639829
 20
-794.7000000448553
 10
517.1481647266543
 20
-794.6935310316112
 10
517.2952018660174
 20
-794.674173224976
 10
517.4399923406583
 20
-794.6420739495466
 10
517.5814342076379
 20
-794.5974775001911
 10
517.7184510089438
 20
-794.5407232828172
 10
517.8499999639849
 20
-794.4722432312883
 10
517.975079905782
 20
-794.3925585201458
 10
518.0927389004527
 20
-794.3022755981566
 10
518.2020814920029
 20
-794.2020815728712
 10
518.3022755172883
 20
-794.092738981321
 10
518.3925584392775
 20
-793.9750799866503
 10
518.47224315042
 20
-793.8500000448532
 10
518.5407232019489
 20
-793.7184510898121
 10
518.5974774193228
 20
-793.5814342885062
 10
518.6420738686783
 20
-793.4399924215265
 10
518.6741731441077
 20
-793.2952019468856
 10
518.6935309507429
 20
-793.1481648075226
  0
DIMENSION
  5
171
330
17
100
AcDbEntity
  8
REFERENCE_DIMENSIONS
100
AcDbDimension
280
0
  2
*D15
  3
Standard
 10
480.0
 20
-816.0
 30
0.0
 11
569.25
 21
-816.0
 31
0.0
 70
32
 71
5
  1
<>
100
AcDbAlignedDimension
 13
480.0
 23
-800.0
 33
0.0
 14
658.5
 24
-800.0
 34
0.0
 50
0.0
100
AcDbRotatedDimension
1001
ACAD
1000
DSTYLE
1002
{
1070
140
1040
3.0
1070
41
1040
2.0
1070
271
1070
3
1002
}
  0
DIMENSION
  5
181
330
17
100
AcDbEntity
  8
REFERENCE_DIMENSIONS
100
AcDbDimension
280
0
  2
*D16
  3
Standard
 10
674.5
 20
-800.0
 30
0.0
 11
674.5
 21
-793.0
 31
0.0
 70
32
 71
5
  1
<>
100
AcDbAlignedDimension
 13
658.5
 23
-800.0
 33
0.0
 14
658.5
 24
-786.0
 34
0.0
 50
90.0
100
AcDbRotatedDimension
1001
ACAD
1000
DSTYLE
1002
{
1070
140
1040
3.0
1070
41
1040
2.0
1070
271
1070
3
1002
}
  0
TEXT
  5
191
330
17
100
AcDbEntity
  8
REFERENCE_NOTES
100
AcDbText
 10
480.0
 20
-834.0
 30
0.0
 40
3.0
  1
upper_deck_angle_1_0_web
100
AcDbText
  0
TEXT
  5
192
330
17
100
AcDbEntity
  8
REFERENCE_NOTES
100
AcDbText
 10
480.0
 20
-841.0
 30
0.0
 40
3.0
  1
R01 CANDIDATE | mm 1:1 | NOT FOR MANUFACTURE
100
AcDbText
  0
TEXT
  5
193
330
17
100
AcDbEntity
  8
REFERENCE_NOTES
100
AcDbText
 10
480.0
 20
-848.0
 30
0.0
 40
3.0
  1
Web-facing holes D3.4
100
AcDbText
  0
TEXT
  5
194
330
17
100
AcDbEntity
  8
REFERENCE_NOTES
100
AcDbText
 10
480.0
 20
-855.0
 30
0.0
 40
3.0
  1
Source instance: upper_deck_angle_1_0
100
AcDbText
  0
TEXT
  5
195
330
17
100
AcDbEntity
  8
REFERENCE_NOTES
100
AcDbText
 10
480.0
 20
-862.0
 30
0.0
 40
3.0
  1
Material / tolerances / finish / preload: TBD
100
AcDbText
  0
LWPOLYLINE
  5
196
330
17
100
AcDbEntity
  8
REFERENCE_GEOMETRY
100
AcDbPolyline
 90
1096
 70
1
 10
960.0
 20
-786.0
 10
960.25
 20
-786.0
 10
960.5
 20
-786.0
 10
960.75
 20
-786.0
 10
961.0
 20
-786.0
 10
961.25
 20
-786.0
 10
961.5
 20
-786.0
 10
961.75
 20
-786.0
 10
962.0
 20
-786.0
 10
962.25
 20
-786.0
 10
962.5
 20
-786.0
 10
962.75
 20
-786.0
 10
963.0
 20
-786.0
 10
963.25
 20
-786.0
 10
963.5
 20
-786.0
 10
963.75
 20
-786.0
 10
964.0
 20
-786.0
 10
964.25
 20
-786.0
 10
964.5
 20
-786.0
 10
964.75
 20
-786.0
 10
965.0
 20
-786.0
 10
965.25
 20
-786.0
 10
965.5
 20
-786.0
 10
965.75
 20
-786.0
 10
966.0
 20
-786.0
 10
966.25
 20
-786.0
 10
966.5
 20
-786.0
 10
966.75
 20
-786.0
 10
967.0
 20
-786.0
 10
967.25
 20
-786.0
 10
967.5
 20
-786.0
 10
967.75
 20
-786.0
 10
968.0
 20
-786.0
 10
968.25
 20
-786.0
 10
968.5
 20
-786.0
 10
968.75
 20
-786.0
 10
969.0
 20
-786.0
 10
969.25
 20
-786.0
 10
969.5
 20
-786.0
 10
969.75
 20
-786.0
 10
970.0
 20
-786.0
 10
970.25
 20
-786.0
 10
970.5
 20
-786.0
 10
970.75
 20
-786.0
 10
971.0
 20
-786.0
 10
971.25
 20
-786.0
 10
971.5
 20
-786.0
 10
971.75
 20
-786.0
 10
972.0
 20
-786.0
 10
972.25
 20
-786.0
 10
972.5
 20
-786.0
 10
972.75
 20
-786.0
 10
973.0
 20
-786.0
 10
973.25
 20
-786.0
 10
973.5
 20
-786.0
 10
973.75
 20
-786.0
 10
974.0
 20
-786.0
 10
974.25
 20
-786.0
 10
974.5
 20
-786.0
 10
974.75
 20
-786.0
 10
975.0
 20
-786.0
 10
975.25
 20
-786.0
 10
975.5
 20
-786.0
 10
975.75
 20
-786.0
 10
976.0
 20
-786.0
 10
976.25
 20
-786.0
 10
976.5
 20
-786.0
 10
976.75
 20
-786.0
 10
977.0
 20
-786.0
 10
977.25
 20
-786.0
 10
977.5
 20
-786.0
 10
977.75
 20
-786.0
 10
978.0
 20
-786.0
 10
978.25
 20
-786.0
 10
978.5
 20
-786.0
 10
978.75
 20
-786.0
 10
979.0
 20
-786.0
 10
979.25
 20
-786.0
 10
979.5
 20
-786.0
 10
979.75
 20
-786.0
 10
980.0
 20
-786.0
 10
980.25
 20
-786.0
 10
980.5
 20
-786.0
 10
980.75
 20
-786.0
 10
981.0
 20
-786.0
 10
981.25
 20
-786.0
 10
981.5
 20
-786.0
 10
981.75
 20
-786.0
 10
982.0
 20
-786.0
 10
982.25
 20
-786.0
 10
982.5
 20
-786.0
 10
982.75
 20
-786.0
 10
983.0
 20
-786.0
 10
983.25
 20
-786.0
 10
983.5
 20
-786.0
 10
983.75
 20
-786.0
 10
984.0
 20
-786.0
 10
984.25
 20
-786.0
 10
984.5
 20
-786.0
 10
984.75
 20
-786.0
 10
985.0
 20
-786.0
 10
985.25
 20
-786.0
 10
985.5
 20
-786.0
 10
985.75
 20
-786.0
 10
986.0
 20
-786.0
 10
986.25
 20
-786.0
 10
986.5
 20
-786.0
 10
986.75
 20
-786.0
 10
987.0
 20
-786.0
 10
987.25
 20
-786.0
 10
987.5
 20
-786.0
 10
987.75
 20
-786.0
 10
988.0
 20
-786.0
 10
988.25
 20
-786.0
 10
988.5
 20
-786.0
 10
988.75
 20
-786.0
 10
989.0
 20
-786.0
 10
989.25
 20
-786.0
 10
989.5
 20
-786.0
 10
989.75
 20
-786.0
 10
990.0
 20
-786.0
 10
990.25
 20
-786.0
 10
990.5
 20
-786.0
 10
990.75
 20
-786.0
 10
991.0
 20
-786.0
 10
991.25
 20
-786.0
 10
991.5
 20
-786.0
 10
991.75
 20
-786.0
 10
992.0
 20
-786.0
 10
992.25
 20
-786.0
 10
992.5
 20
-786.0
 10
992.75
 20
-786.0
 10
993.0
 20
-786.0
 10
993.25
 20
-786.0
 10
993.5
 20
-786.0
 10
993.75
 20
-786.0
 10
994.0
 20
-786.0
 10
994.25
 20
-786.0
 10
994.5
 20
-786.0
 10
994.75
 20
-786.0
 10
995.0
 20
-786.0
 10
995.25
 20
-786.0
 10
995.5
 20
-786.0
 10
995.75
 20
-786.0
 10
996.0
 20
-786.0
 10
996.25
 20
-786.0
 10
996.5
 20
-786.0
 10
996.75
 20
-786.0
 10
997.0
 20
-786.0
 10
997.25
 20
-786.0
 10
997.5
 20
-786.0
 10
997.75
 20
-786.0
 10
998.0
 20
-786.0
 10
998.25
 20
-786.0
 10
998.5
 20
-786.0
 10
998.75
 20
-786.0
 10
999.0
 20
-786.0
 10
999.25
 20
-786.0
 10
999.5
 20
-786.0
 10
999.75
 20
-786.0
 10
1000.0
 20
-786.0
 10
1000.25
 20
-786.0
 10
1000.5
 20
-786.0
 10
1000.75
 20
-786.0
 10
1001.0
 20
-786.0
 10
1001.25
 20
-786.0
 10
1001.5
 20
-786.0
 10
1001.75
 20
-786.0
 10
1002.0
 20
-786.0
 10
1002.25
 20
-786.0
 10
1002.5
 20
-786.0
 10
1002.75
 20
-786.0
 10
1003.0
 20
-786.0
 10
1003.25
 20
-786.0
 10
1003.5
 20
-786.0
 10
1003.75
 20
-786.0
 10
1004.0
 20
-786.0
 10
1004.25
 20
-786.0
 10
1004.5
 20
-786.0
 10
1004.75
 20
-786.0
 10
1005.0
 20
-786.0
 10
1005.25
 20
-786.0
 10
1005.5
 20
-786.0
 10
1005.75
 20
-786.0
 10
1006.0
 20
-786.0
 10
1006.25
 20
-786.0
 10
1006.5
 20
-786.0
 10
1006.75
 20
-786.0
 10
1007.0
 20
-786.0
 10
1007.25
 20
-786.0
 10
1007.5
 20
-786.0
 10
1007.75
 20
-786.0
 10
1008.0
 20
-786.0
 10
1008.25
 20
-786.0
 10
1008.5
 20
-786.0
 10
1008.75
 20
-786.0
 10
1009.0
 20
-786.0
 10
1009.25
 20
-786.0
 10
1009.5
 20
-786.0
 10
1009.75
 20
-786.0
 10
1010.0
 20
-786.0
 10
1010.25
 20
-786.0
 10
1010.5
 20
-786.0
 10
1010.75
 20
-786.0
 10
1011.0
 20
-786.0
 10
1011.25
 20
-786.0
 10
1011.5
 20
-786.0
 10
1011.75
 20
-786.0
 10
1012.0
 20
-786.0
 10
1012.25
 20
-786.0
 10
1012.5
 20
-786.0
 10
1012.75
 20
-786.0
 10
1013.0
 20
-786.0
 10
1013.25
 20
-786.0
 10
1013.5
 20
-786.0
 10
1013.75
 20
-786.0
 10
1014.0
 20
-786.0
 10
1014.25
 20
-786.0
 10
1014.5
 20
-786.0
 10
1014.75
 20
-786.0
 10
1015.0
 20
-786.0
 10
1015.25
 20
-786.0
 10
1015.5
 20
-786.0
 10
1015.75
 20
-786.0
 10
1016.0
 20
-786.0
 10
1016.25
 20
-786.0
 10
1016.5
 20
-786.0
 10
1016.75
 20
-786.0
 10
1017.0
 20
-786.0
 10
1017.25
 20
-786.0
 10
1017.5
 20
-786.0
 10
1017.75
 20
-786.0
 10
1018.0
 20
-786.0
 10
1018.25
 20
-786.0
 10
1018.5
 20
-786.0
 10
1018.75
 20
-786.0
 10
1019.0
 20
-786.0
 10
1019.25
 20
-786.0
 10
1019.5
 20
-786.0
 10
1019.75
 20
-786.0
 10
1020.0
 20
-786.0
 10
1020.25
 20
-786.0
 10
1020.5
 20
-786.0
 10
1020.75
 20
-786.0
 10
1021.0
 20
-786.0
 10
1021.25
 20
-786.0
 10
1021.5
 20
-786.0
 10
1021.75
 20
-786.0
 10
1022.0
 20
-786.0
 10
1022.25
 20
-786.0
 10
1022.5
 20
-786.0
 10
1022.75
 20
-786.0
 10
1023.0
 20
-786.0
 10
1023.25
 20
-786.0
 10
1023.5
 20
-786.0
 10
1023.75
 20
-786.0
 10
1024.0
 20
-786.0
 10
1024.25
 20
-786.0
 10
1024.5
 20
-786.0
 10
1024.75
 20
-786.0
 10
1025.0
 20
-786.0
 10
1025.25
 20
-786.0
 10
1025.5
 20
-786.0
 10
1025.75
 20
-786.0
 10
1026.0
 20
-786.0
 10
1026.25
 20
-786.0
 10
1026.5
 20
-786.0
 10
1026.75
 20
-786.0
 10
1027.0
 20
-786.0
 10
1027.25
 20
-786.0
 10
1027.5
 20
-786.0
 10
1027.75
 20
-786.0
 10
1028.0
 20
-786.0
 10
1028.25
 20
-786.0
 10
1028.5
 20
-786.0
 10
1028.75
 20
-786.0
 10
1029.0
 20
-786.0
 10
1029.25
 20
-786.0
 10
1029.5
 20
-786.0
 10
1029.75
 20
-786.0
 10
1030.0
 20
-786.0
 10
1030.25
 20
-786.0
 10
1030.5
 20
-786.0
 10
1030.75
 20
-786.0
 10
1031.0
 20
-786.0
 10
1031.25
 20
-786.0
 10
1031.5
 20
-786.0
 10
1031.75
 20
-786.0
 10
1032.0
 20
-786.0
 10
1032.25
 20
-786.0
 10
1032.5
 20
-786.0
 10
1032.75
 20
-786.0
 10
1033.0
 20
-786.0
 10
1033.25
 20
-786.0
 10
1033.5
 20
-786.0
 10
1033.75
 20
-786.0
 10
1034.0
 20
-786.0
 10
1034.25
 20
-786.0
 10
1034.5
 20
-786.0
 10
1034.75
 20
-786.0
 10
1035.0
 20
-786.0
 10
1035.25
 20
-786.0
 10
1035.5
 20
-786.0
 10
1035.75
 20
-786.0
 10
1036.0
 20
-786.0
 10
1036.25
 20
-786.0
 10
1036.5
 20
-786.0
 10
1036.75
 20
-786.0
 10
1037.0
 20
-786.0
 10
1037.25
 20
-786.0
 10
1037.5
 20
-786.0
 10
1037.75
 20
-786.0
 10
1038.0
 20
-786.0
 10
1038.25
 20
-786.0
 10
1038.5
 20
-786.0
 10
1038.75
 20
-786.0
 10
1039.0
 20
-786.0
 10
1039.25
 20
-786.0
 10
1039.5
 20
-786.0
 10
1039.75
 20
-786.0
 10
1040.0
 20
-786.0
 10
1040.25
 20
-786.0
 10
1040.5
 20
-786.0
 10
1040.75
 20
-786.0
 10
1041.0
 20
-786.0
 10
1041.25
 20
-786.0
 10
1041.5
 20
-786.0
 10
1041.75
 20
-786.0
 10
1042.0
 20
-786.0
 10
1042.25
 20
-786.0
 10
1042.5
 20
-786.0
 10
1042.75
 20
-786.0
 10
1043.0
 20
-786.0
 10
1043.25
 20
-786.0
 10
1043.5
 20
-786.0
 10
1043.75
 20
-786.0
 10
1044.0
 20
-786.0
 10
1044.25
 20
-786.0
 10
1044.5
 20
-786.0
 10
1044.75
 20
-786.0
 10
1045.0
 20
-786.0
 10
1045.25
 20
-786.0
 10
1045.5
 20
-786.0
 10
1045.75
 20
-786.0
 10
1046.0
 20
-786.0
 10
1046.25
 20
-786.0
 10
1046.5
 20
-786.0
 10
1046.75
 20
-786.0
 10
1047.0
 20
-786.0
 10
1047.25
 20
-786.0
 10
1047.5
 20
-786.0
 10
1047.75
 20
-786.0
 10
1048.0
 20
-786.0
 10
1048.25
 20
-786.0
 10
1048.5
 20
-786.0
 10
1048.75
 20
-786.0
 10
1049.0
 20
-786.0
 10
1049.25
 20
-786.0
 10
1049.5
 20
-786.0
 10
1049.75
 20
-786.0
 10
1050.0
 20
-786.0
 10
1050.25
 20
-786.0
 10
1050.5
 20
-786.0
 10
1050.75
 20
-786.0
 10
1051.0
 20
-786.0
 10
1051.25
 20
-786.0
 10
1051.5
 20
-786.0
 10
1051.75
 20
-786.0
 10
1052.0
 20
-786.0
 10
1052.25
 20
-786.0
 10
1052.5
 20
-786.0
 10
1052.75
 20
-786.0
 10
1053.0
 20
-786.0
 10
1053.25
 20
-786.0
 10
1053.5
 20
-786.0
 10
1053.75
 20
-786.0
 10
1054.0
 20
-786.0
 10
1054.25
 20
-786.0
 10
1054.5
 20
-786.0
 10
1054.75
 20
-786.0
 10
1055.0
 20
-786.0
 10
1055.25
 20
-786.0
 10
1055.5
 20
-786.0
 10
1055.75
 20
-786.0
 10
1056.0
 20
-786.0
 10
1056.25
 20
-786.0
 10
1056.5
 20
-786.0
 10
1056.75
 20
-786.0
 10
1057.0
 20
-786.0
 10
1057.25
 20
-786.0
 10
1057.5
 20
-786.0
 10
1057.75
 20
-786.0
 10
1058.0
 20
-786.0
 10
1058.25
 20
-786.0
 10
1058.5
 20
-786.0
 10
1058.75
 20
-786.0
 10
1059.0
 20
-786.0
 10
1059.25
 20
-786.0
 10
1059.5
 20
-786.0
 10
1059.75
 20
-786.0
 10
1060.0
 20
-786.0
 10
1060.25
 20
-786.0
 10
1060.5
 20
-786.0
 10
1060.75
 20
-786.0
 10
1061.0
 20
-786.0
 10
1061.25
 20
-786.0
 10
1061.5
 20
-786.0
 10
1061.75
 20
-786.0
 10
1062.0
 20
-786.0
 10
1062.25
 20
-786.0
 10
1062.5
 20
-786.0
 10
1062.75
 20
-786.0
 10
1063.0
 20
-786.0
 10
1063.25
 20
-786.0
 10
1063.5
 20
-786.0
 10
1063.75
 20
-786.0
 10
1064.0
 20
-786.0
 10
1064.25
 20
-786.0
 10
1064.5
 20
-786.0
 10
1064.75
 20
-786.0
 10
1065.0
 20
-786.0
 10
1065.25
 20
-786.0
 10
1065.5
 20
-786.0
 10
1065.75
 20
-786.0
 10
1066.0
 20
-786.0
 10
1066.25
 20
-786.0
 10
1066.5
 20
-786.0
 10
1066.75
 20
-786.0
 10
1067.0
 20
-786.0
 10
1067.25
 20
-786.0
 10
1067.5
 20
-786.0
 10
1067.75
 20
-786.0
 10
1068.0
 20
-786.0
 10
1068.25
 20
-786.0
 10
1068.5
 20
-786.0
 10
1068.75
 20
-786.0
 10
1069.0
 20
-786.0
 10
1069.25
 20
-786.0
 10
1069.5
 20
-786.0
 10
1069.75
 20
-786.0
 10
1070.0
 20
-786.0
 10
1070.25
 20
-786.0
 10
1070.5
 20
-786.0
 10
1070.75
 20
-786.0
 10
1071.0
 20
-786.0
 10
1071.25
 20
-786.0
 10
1071.5
 20
-786.0
 10
1071.75
 20
-786.0
 10
1072.0
 20
-786.0
 10
1072.25
 20
-786.0
 10
1072.5
 20
-786.0
 10
1072.75
 20
-786.0
 10
1073.0
 20
-786.0
 10
1073.25
 20
-786.0
 10
1073.5
 20
-786.0
 10
1073.75
 20
-786.0
 10
1074.0
 20
-786.0
 10
1074.25
 20
-786.0
 10
1074.5
 20
-786.0
 10
1074.75
 20
-786.0
 10
1075.0
 20
-786.0
 10
1075.25
 20
-786.0
 10
1075.5
 20
-786.0
 10
1075.75
 20
-786.0
 10
1076.0
 20
-786.0
 10
1076.25
 20
-786.0
 10
1076.5
 20
-786.0
 10
1076.75
 20
-786.0
 10
1077.0
 20
-786.0
 10
1077.25
 20
-786.0
 10
1077.5
 20
-786.0
 10
1077.75
 20
-786.0
 10
1078.0
 20
-786.0
 10
1078.25
 20
-786.0
 10
1078.5
 20
-786.0
 10
1078.75
 20
-786.0
 10
1079.0
 20
-786.0
 10
1079.25
 20
-786.0
 10
1079.5
 20
-786.0
 10
1079.75
 20
-786.0
 10
1080.0
 20
-786.0
 10
1080.25
 20
-786.0
 10
1080.5
 20
-786.0
 10
1080.75
 20
-786.0
 10
1081.0
 20
-786.0
 10
1081.25
 20
-786.0
 10
1081.5
 20
-786.0
 10
1081.75
 20
-786.0
 10
1082.0
 20
-786.0
 10
1082.25
 20
-786.0
 10
1082.5
 20
-786.0
 10
1082.75
 20
-786.0
 10
1083.0
 20
-786.0
 10
1083.0
 20
-786.25
 10
1083.0
 20
-786.5
 10
1083.0
 20
-786.75
 10
1083.0
 20
-787.0
 10
1083.0
 20
-787.25
 10
1083.0
 20
-787.5
 10
1083.0
 20
-787.75
 10
1083.0
 20
-788.0
 10
1083.0
 20
-788.25
 10
1083.0
 20
-788.5
 10
1083.0
 20
-788.75
 10
1083.0
 20
-789.0
 10
1083.0
 20
-789.25
 10
1083.0
 20
-789.5
 10
1083.0
 20
-789.75
 10
1083.0
 20
-790.0
 10
1083.0
 20
-790.25
 10
1083.0
 20
-790.5
 10
1083.0
 20
-790.75
 10
1083.0
 20
-791.0
 10
1083.0
 20
-791.25
 10
1083.0
 20
-791.5
 10
1083.0
 20
-791.75
 10
1083.0
 20
-792.0
 10
1083.0
 20
-792.25
 10
1083.0
 20
-792.5
 10
1083.0
 20
-792.75
 10
1083.0
 20
-793.0
 10
1083.0
 20
-793.25
 10
1083.0
 20
-793.5
 10
1083.0
 20
-793.75
 10
1083.0
 20
-794.0
 10
1083.0
 20
-794.25
 10
1083.0
 20
-794.5
 10
1083.0
 20
-794.75
 10
1083.0
 20
-795.0
 10
1083.0
 20
-795.25
 10
1083.0
 20
-795.5
 10
1083.0
 20
-795.75
 10
1083.0
 20
-796.0
 10
1083.0
 20
-796.25
 10
1083.0
 20
-796.5
 10
1083.0
 20
-796.75
 10
1083.0
 20
-797.0
 10
1083.0
 20
-797.25
 10
1083.0
 20
-797.5
 10
1083.0
 20
-797.75
 10
1083.0
 20
-798.0
 10
1083.0
 20
-798.25
 10
1083.0
 20
-798.5
 10
1083.0
 20
-798.75
 10
1083.0
 20
-799.0
 10
1083.0
 20
-799.25
 10
1083.0
 20
-799.5
 10
1083.0
 20
-799.75
 10
1083.0
 20
-800.0
 10
1082.75
 20
-800.0
 10
1082.5
 20
-800.0
 10
1082.25
 20
-800.0
 10
1082.0
 20
-800.0
 10
1081.75
 20
-800.0
 10
1081.5
 20
-800.0
 10
1081.25
 20
-800.0
 10
1081.0
 20
-800.0
 10
1080.75
 20
-800.0
 10
1080.5
 20
-800.0
 10
1080.25
 20
-800.0
 10
1080.0
 20
-800.0
 10
1079.75
 20
-800.0
 10
1079.5
 20
-800.0
 10
1079.25
 20
-800.0
 10
1079.0
 20
-800.0
 10
1078.75
 20
-800.0
 10
1078.5
 20
-800.0
 10
1078.25
 20
-800.0
 10
1078.0
 20
-800.0
 10
1077.75
 20
-800.0
 10
1077.5
 20
-800.0
 10
1077.25
 20
-800.0
 10
1077.0
 20
-800.0
 10
1076.75
 20
-800.0
 10
1076.5
 20
-800.0
 10
1076.25
 20
-800.0
 10
1076.0
 20
-800.0
 10
1075.75
 20
-800.0
 10
1075.5
 20
-800.0
 10
1075.25
 20
-800.0
 10
1075.0
 20
-800.0
 10
1074.75
 20
-800.0
 10
1074.5
 20
-800.0
 10
1074.25
 20
-800.0
 10
1074.0
 20
-800.0
 10
1073.75
 20
-800.0
 10
1073.5
 20
-800.0
 10
1073.25
 20
-800.0
 10
1073.0
 20
-800.0
 10
1072.75
 20
-800.0
 10
1072.5
 20
-800.0
 10
1072.25
 20
-800.0
 10
1072.0
 20
-800.0
 10
1071.75
 20
-800.0
 10
1071.5
 20
-800.0
 10
1071.25
 20
-800.0
 10
1071.0
 20
-800.0
 10
1070.75
 20
-800.0
 10
1070.5
 20
-800.0
 10
1070.25
 20
-800.0
 10
1070.0
 20
-800.0
 10
1069.75
 20
-800.0
 10
1069.5
 20
-800.0
 10
1069.25
 20
-800.0
 10
1069.0
 20
-800.0
 10
1068.75
 20
-800.0
 10
1068.5
 20
-800.0
 10
1068.25
 20
-800.0
 10
1068.0
 20
-800.0
 10
1067.75
 20
-800.0
 10
1067.5
 20
-800.0
 10
1067.25
 20
-800.0
 10
1067.0
 20
-800.0
 10
1066.75
 20
-800.0
 10
1066.5
 20
-800.0
 10
1066.25
 20
-800.0
 10
1066.0
 20
-800.0
 10
1065.75
 20
-800.0
 10
1065.5
 20
-800.0
 10
1065.25
 20
-800.0
 10
1065.0
 20
-800.0
 10
1064.75
 20
-800.0
 10
1064.5
 20
-800.0
 10
1064.25
 20
-800.0
 10
1064.0
 20
-800.0
 10
1063.75
 20
-800.0
 10
1063.5
 20
-800.0
 10
1063.25
 20
-800.0
 10
1063.0
 20
-800.0
 10
1062.75
 20
-800.0
 10
1062.5
 20
-800.0
 10
1062.25
 20
-800.0
 10
1062.0
 20
-800.0
 10
1061.75
 20
-800.0
 10
1061.5
 20
-800.0
 10
1061.25
 20
-800.0
 10
1061.0
 20
-800.0
 10
1060.75
 20
-800.0
 10
1060.5
 20
-800.0
 10
1060.25
 20
-800.0
 10
1060.0
 20
-800.0
 10
1059.75
 20
-800.0
 10
1059.5
 20
-800.0
 10
1059.25
 20
-800.0
 10
1059.0
 20
-800.0
 10
1058.75
 20
-800.0
 10
1058.5
 20
-800.0
 10
1058.25
 20
-800.0
 10
1058.0
 20
-800.0
 10
1057.75
 20
-800.0
 10
1057.5
 20
-800.0
 10
1057.25
 20
-800.0
 10
1057.0
 20
-800.0
 10
1056.75
 20
-800.0
 10
1056.5
 20
-800.0
 10
1056.25
 20
-800.0
 10
1056.0
 20
-800.0
 10
1055.75
 20
-800.0
 10
1055.5
 20
-800.0
 10
1055.25
 20
-800.0
 10
1055.0
 20
-800.0
 10
1054.75
 20
-800.0
 10
1054.5
 20
-800.0
 10
1054.25
 20
-800.0
 10
1054.0
 20
-800.0
 10
1053.75
 20
-800.0
 10
1053.5
 20
-800.0
 10
1053.25
 20
-800.0
 10
1053.0
 20
-800.0
 10
1052.75
 20
-800.0
 10
1052.5
 20
-800.0
 10
1052.25
 20
-800.0
 10
1052.0
 20
-800.0
 10
1051.75
 20
-800.0
 10
1051.5
 20
-800.0
 10
1051.25
 20
-800.0
 10
1051.0
 20
-800.0
 10
1050.75
 20
-800.0
 10
1050.5
 20
-800.0
 10
1050.25
 20
-800.0
 10
1050.0
 20
-800.0
 10
1049.75
 20
-800.0
 10
1049.5
 20
-800.0
 10
1049.25
 20
-800.0
 10
1049.0
 20
-800.0
 10
1048.75
 20
-800.0
 10
1048.5
 20
-800.0
 10
1048.25
 20
-800.0
 10
1048.0
 20
-800.0
 10
1047.75
 20
-800.0
 10
1047.5
 20
-800.0
 10
1047.25
 20
-800.0
 10
1047.0
 20
-800.0
 10
1046.75
 20
-800.0
 10
1046.5
 20
-800.0
 10
1046.25
 20
-800.0
 10
1046.0
 20
-800.0
 10
1045.75
 20
-800.0
 10
1045.5
 20
-800.0
 10
1045.25
 20
-800.0
 10
1045.0
 20
-800.0
 10
1044.75
 20
-800.0
 10
1044.5
 20
-800.0
 10
1044.25
 20
-800.0
 10
1044.0
 20
-800.0
 10
1043.75
 20
-800.0
 10
1043.5
 20
-800.0
 10
1043.25
 20
-800.0
 10
1043.0
 20
-800.0
 10
1042.75
 20
-800.0
 10
1042.5
 20
-800.0
 10
1042.25
 20
-800.0
 10
1042.0
 20
-800.0
 10
1041.75
 20
-800.0
 10
1041.5
 20
-800.0
 10
1041.25
 20
-800.0
 10
1041.0
 20
-800.0
 10
1040.75
 20
-800.0
 10
1040.5
 20
-800.0
 10
1040.25
 20
-800.0
 10
1040.0
 20
-800.0
 10
1039.75
 20
-800.0
 10
1039.5
 20
-800.0
 10
1039.25
 20
-800.0
 10
1039.0
 20
-800.0
 10
1038.75
 20
-800.0
 10
1038.5
 20
-800.0
 10
1038.25
 20
-800.0
 10
1038.0
 20
-800.0
 10
1037.75
 20
-800.0
 10
1037.5
 20
-800.0
 10
1037.25
 20
-800.0
 10
1037.0
 20
-800.0
 10
1036.75
 20
-800.0
 10
1036.5
 20
-800.0
 10
1036.25
 20
-800.0
 10
1036.0
 20
-800.0
 10
1035.75
 20
-800.0
 10
1035.5
 20
-800.0
 10
1035.25
 20
-800.0
 10
1035.0
 20
-800.0
 10
1034.75
 20
-800.0
 10
1034.5
 20
-800.0
 10
1034.25
 20
-800.0
 10
1034.0
 20
-800.0
 10
1033.75
 20
-800.0
 10
1033.5
 20
-800.0
 10
1033.25
 20
-800.0
 10
1033.0
 20
-800.0
 10
1032.75
 20
-800.0
 10
1032.5
 20
-800.0
 10
1032.25
 20
-800.0
 10
1032.0
 20
-800.0
 10
1031.75
 20
-800.0
 10
1031.5
 20
-800.0
 10
1031.25
 20
-800.0
 10
1031.0
 20
-800.0
 10
1030.75
 20
-800.0
 10
1030.5
 20
-800.0
 10
1030.25
 20
-800.0
 10
1030.0
 20
-800.0
 10
1029.75
 20
-800.0
 10
1029.5
 20
-800.0
 10
1029.25
 20
-800.0
 10
1029.0
 20
-800.0
 10
1028.75
 20
-800.0
 10
1028.5
 20
-800.0
 10
1028.25
 20
-800.0
 10
1028.0
 20
-800.0
 10
1027.75
 20
-800.0
 10
1027.5
 20
-800.0
 10
1027.25
 20
-800.0
 10
1027.0
 20
-800.0
 10
1026.75
 20
-800.0
 10
1026.5
 20
-800.0
 10
1026.25
 20
-800.0
 10
1026.0
 20
-800.0
 10
1025.75
 20
-800.0
 10
1025.5
 20
-800.0
 10
1025.25
 20
-800.0
 10
1025.0
 20
-800.0
 10
1024.75
 20
-800.0
 10
1024.5
 20
-800.0
 10
1024.25
 20
-800.0
 10
1024.0
 20
-800.0
 10
1023.75
 20
-800.0
 10
1023.5
 20
-800.0
 10
1023.25
 20
-800.0
 10
1023.0
 20
-800.0
 10
1022.75
 20
-800.0
 10
1022.5
 20
-800.0
 10
1022.25
 20
-800.0
 10
1022.0
 20
-800.0
 10
1021.75
 20
-800.0
 10
1021.5
 20
-800.0
 10
1021.25
 20
-800.0
 10
1021.0
 20
-800.0
 10
1020.75
 20
-800.0
 10
1020.5
 20
-800.0
 10
1020.25
 20
-800.0
 10
1020.0
 20
-800.0
 10
1019.75
 20
-800.0
 10
1019.5
 20
-800.0
 10
1019.25
 20
-800.0
 10
1019.0
 20
-800.0
 10
1018.75
 20
-800.0
 10
1018.5
 20
-800.0
 10
1018.25
 20
-800.0
 10
1018.0
 20
-800.0
 10
1017.75
 20
-800.0
 10
1017.5
 20
-800.0
 10
1017.25
 20
-800.0
 10
1017.0
 20
-800.0
 10
1016.75
 20
-800.0
 10
1016.5
 20
-800.0
 10
1016.25
 20
-800.0
 10
1016.0
 20
-800.0
 10
1015.75
 20
-800.0
 10
1015.5
 20
-800.0
 10
1015.25
 20
-800.0
 10
1015.0
 20
-800.0
 10
1014.75
 20
-800.0
 10
1014.5
 20
-800.0
 10
1014.25
 20
-800.0
 10
1014.0
 20
-800.0
 10
1013.75
 20
-800.0
 10
1013.5
 20
-800.0
 10
1013.25
 20
-800.0
 10
1013.0
 20
-800.0
 10
1012.75
 20
-800.0
 10
1012.5
 20
-800.0
 10
1012.25
 20
-800.0
 10
1012.0
 20
-800.0
 10
1011.75
 20
-800.0
 10
1011.5
 20
-800.0
 10
1011.25
 20
-800.0
 10
1011.0
 20
-800.0
 10
1010.75
 20
-800.0
 10
1010.5
 20
-800.0
 10
1010.25
 20
-800.0
 10
1010.0
 20
-800.0
 10
1009.75
 20
-800.0
 10
1009.5
 20
-800.0
 10
1009.25
 20
-800.0
 10
1009.0
 20
-800.0
 10
1008.75
 20
-800.0
 10
1008.5
 20
-800.0
 10
1008.25
 20
-800.0
 10
1008.0
 20
-800.0
 10
1007.75
 20
-800.0
 10
1007.5
 20
-800.0
 10
1007.25
 20
-800.0
 10
1007.0
 20
-800.0
 10
1006.75
 20
-800.0
 10
1006.5
 20
-800.0
 10
1006.25
 20
-800.0
 10
1006.0
 20
-800.0
 10
1005.75
 20
-800.0
 10
1005.5
 20
-800.0
 10
1005.25
 20
-800.0
 10
1005.0
 20
-800.0
 10
1004.75
 20
-800.0
 10
1004.5
 20
-800.0
 10
1004.25
 20
-800.0
 10
1004.0
 20
-800.0
 10
1003.75
 20
-800.0
 10
1003.5
 20
-800.0
 10
1003.25
 20
-800.0
 10
1003.0
 20
-800.0
 10
1002.75
 20
-800.0
 10
1002.5
 20
-800.0
 10
1002.25
 20
-800.0
 10
1002.0
 20
-800.0
 10
1001.75
 20
-800.0
 10
1001.5
 20
-800.0
 10
1001.25
 20
-800.0
 10
1001.0
 20
-800.0
 10
1000.75
 20
-800.0
 10
1000.5
 20
-800.0
 10
1000.25
 20
-800.0
 10
1000.0
 20
-800.0
 10
999.75
 20
-800.0
 10
999.5
 20
-800.0
 10
999.25
 20
-800.0
 10
999.0
 20
-800.0
 10
998.75
 20
-800.0
 10
998.5
 20
-800.0
 10
998.25
 20
-800.0
 10
998.0
 20
-800.0
 10
997.75
 20
-800.0
 10
997.5
 20
-800.0
 10
997.25
 20
-800.0
 10
997.0
 20
-800.0
 10
996.75
 20
-800.0
 10
996.5
 20
-800.0
 10
996.25
 20
-800.0
 10
996.0
 20
-800.0
 10
995.75
 20
-800.0
 10
995.5
 20
-800.0
 10
995.25
 20
-800.0
 10
995.0
 20
-800.0
 10
994.75
 20
-800.0
 10
994.5
 20
-800.0
 10
994.25
 20
-800.0
 10
994.0
 20
-800.0
 10
993.75
 20
-800.0
 10
993.5
 20
-800.0
 10
993.25
 20
-800.0
 10
993.0
 20
-800.0
 10
992.75
 20
-800.0
 10
992.5
 20
-800.0
 10
992.25
 20
-800.0
 10
992.0
 20
-800.0
 10
991.75
 20
-800.0
 10
991.5
 20
-800.0
 10
991.25
 20
-800.0
 10
991.0
 20
-800.0
 10
990.75
 20
-800.0
 10
990.5
 20
-800.0
 10
990.25
 20
-800.0
 10
990.0
 20
-800.0
 10
989.75
 20
-800.0
 10
989.5
 20
-800.0
 10
989.25
 20
-800.0
 10
989.0
 20
-800.0
 10
988.75
 20
-800.0
 10
988.5
 20
-800.0
 10
988.25
 20
-800.0
 10
988.0
 20
-800.0
 10
987.75
 20
-800.0
 10
987.5
 20
-800.0
 10
987.25
 20
-800.0
 10
987.0
 20
-800.0
 10
986.75
 20
-800.0
 10
986.5
 20
-800.0
 10
986.25
 20
-800.0
 10
986.0
 20
-800.0
 10
985.75
 20
-800.0
 10
985.5
 20
-800.0
 10
985.25
 20
-800.0
 10
985.0
 20
-800.0
 10
984.75
 20
-800.0
 10
984.5
 20
-800.0
 10
984.25
 20
-800.0
 10
984.0
 20
-800.0
 10
983.75
 20
-800.0
 10
983.5
 20
-800.0
 10
983.25
 20
-800.0
 10
983.0
 20
-800.0
 10
982.75
 20
-800.0
 10
982.5
 20
-800.0
 10
982.25
 20
-800.0
 10
982.0
 20
-800.0
 10
981.75
 20
-800.0
 10
981.5
 20
-800.0
 10
981.25
 20
-800.0
 10
981.0
 20
-800.0
 10
980.75
 20
-800.0
 10
980.5
 20
-800.0
 10
980.25
 20
-800.0
 10
980.0
 20
-800.0
 10
979.75
 20
-800.0
 10
979.5
 20
-800.0
 10
979.25
 20
-800.0
 10
979.0
 20
-800.0
 10
978.75
 20
-800.0
 10
978.5
 20
-800.0
 10
978.25
 20
-800.0
 10
978.0
 20
-800.0
 10
977.75
 20
-800.0
 10
977.5
 20
-800.0
 10
977.25
 20
-800.0
 10
977.0
 20
-800.0
 10
976.75
 20
-800.0
 10
976.5
 20
-800.0
 10
976.25
 20
-800.0
 10
976.0
 20
-800.0
 10
975.75
 20
-800.0
 10
975.5
 20
-800.0
 10
975.25
 20
-800.0
 10
975.0
 20
-800.0
 10
974.75
 20
-800.0
 10
974.5
 20
-800.0
 10
974.25
 20
-800.0
 10
974.0
 20
-800.0
 10
973.75
 20
-800.0
 10
973.5
 20
-800.0
 10
973.25
 20
-800.0
 10
973.0
 20
-800.0
 10
972.75
 20
-800.0
 10
972.5
 20
-800.0
 10
972.25
 20
-800.0
 10
972.0
 20
-800.0
 10
971.75
 20
-800.0
 10
971.5
 20
-800.0
 10
971.25
 20
-800.0
 10
971.0
 20
-800.0
 10
970.75
 20
-800.0
 10
970.5
 20
-800.0
 10
970.25
 20
-800.0
 10
970.0
 20
-800.0
 10
969.75
 20
-800.0
 10
969.5
 20
-800.0
 10
969.25
 20
-800.0
 10
969.0
 20
-800.0
 10
968.75
 20
-800.0
 10
968.5
 20
-800.0
 10
968.25
 20
-800.0
 10
968.0
 20
-800.0
 10
967.75
 20
-800.0
 10
967.5
 20
-800.0
 10
967.25
 20
-800.0
 10
967.0
 20
-800.0
 10
966.75
 20
-800.0
 10
966.5
 20
-800.0
 10
966.25
 20
-800.0
 10
966.0
 20
-800.0
 10
965.75
 20
-800.0
 10
965.5
 20
-800.0
 10
965.25
 20
-800.0
 10
965.0
 20
-800.0
 10
964.75
 20
-800.0
 10
964.5
 20
-800.0
 10
964.25
 20
-800.0
 10
964.0
 20
-800.0
 10
963.75
 20
-800.0
 10
963.5
 20
-800.0
 10
963.25
 20
-800.0
 10
963.0
 20
-800.0
 10
962.75
 20
-800.0
 10
962.5
 20
-800.0
 10
962.25
 20
-800.0
 10
962.0
 20
-800.0
 10
961.75
 20
-800.0
 10
961.5
 20
-800.0
 10
961.25
 20
-800.0
 10
961.0
 20
-800.0
 10
960.75
 20
-800.0
 10
960.5
 20
-800.0
 10
960.25
 20
-800.0
 10
960.0
 20
-800.0
 10
960.0
 20
-799.75
 10
960.0
 20
-799.5
 10
960.0
 20
-799.25
 10
960.0
 20
-799.0
 10
960.0
 20
-798.75
 10
960.0
 20
-798.5
 10
960.0
 20
-798.25
 10
960.0
 20
-798.0
 10
960.0
 20
-797.75
 10
960.0
 20
-797.5
 10
960.0
 20
-797.25
 10
960.0
 20
-797.0
 10
960.0
 20
-796.75
 10
960.0
 20
-796.5
 10
960.0
 20
-796.25
 10
960.0
 20
-796.0
 10
960.0
 20
-795.75
 10
960.0
 20
-795.5
 10
960.0
 20
-795.25
 10
960.0
 20
-795.0
 10
960.0
 20
-794.75
 10
960.0
 20
-794.5
 10
960.0
 20
-794.25
 10
960.0
 20
-794.0
 10
960.0
 20
-793.75
 10
960.0
 20
-793.5
 10
960.0
 20
-793.25
 10
960.0
 20
-793.0
 10
960.0
 20
-792.75
 10
960.0
 20
-792.5
 10
960.0
 20
-792.25
 10
960.0
 20
-792.0
 10
960.0
 20
-791.75
 10
960.0
 20
-791.5
 10
960.0
 20
-791.25
 10
960.0
 20
-791.0
 10
960.0
 20
-790.75
 10
960.0
 20
-790.5
 10
960.0
 20
-790.25
 10
960.0
 20
-790.0
 10
960.0
 20
-789.75
 10
960.0
 20
-789.5
 10
960.0
 20
-789.25
 10
960.0
 20
-789.0
 10
960.0
 20
-788.75
 10
960.0
 20
-788.5
 10
960.0
 20
-788.25
 10
960.0
 20
-788.0
 10
960.0
 20
-787.75
 10
960.0
 20
-787.5
 10
960.0
 20
-787.25
 10
960.0
 20
-787.0
 10
960.0
 20
-786.75
 10
960.0
 20
-786.5
 10
960.0
 20
-786.25
  0
LWPOLYLINE
  5
197
330
17
100
AcDbEntity
  8
REFERENCE_GEOMETRY
100
AcDbPolyline
 90
72
 70
1
 10
1073.2000000902765
 20
-794.5000000767805
 10
1073.1935310770327
 20
-794.351835314112
 10
1073.1741732703977
 20
-794.2047981747519
 10
1073.142073994969
 20
-794.0600077001139
 10
1073.0974775456143
 20
-793.9185658331371
 10
1073.0407233282417
 20
-793.781549031834
 10
1072.9722432767142
 20
-793.6500000767955
 10
1072.8925585655734
 20
-793.5249201350009
 10
1072.802275643586
 20
-793.4072611403327
 10
1072.7020816183026
 20
-793.2979185487847
 10
1072.5927390267545
 20
-793.1977245235013
 10
1072.4750800320862
 20
-793.1074416015139
 10
1072.3500000902916
 20
-793.027756890373
 10
1072.2184511352532
 20
-792.9592768388454
 10
1072.08143433395
 20
-792.9025226214727
 10
1071.939992466973
 20
-792.8579261721181
 10
1071.7952019923353
 20
-792.8258268966894
 10
1071.648164852975
 20
-792.8064690900545
 10
1071.5000000903067
 20
-792.8000000768105
 10
1071.3518353276384
 20
-792.8064690900545
 10
1071.2047981882781
 20
-792.8258268966894
 10
1071.0600077136403
 20
-792.8579261721181
 10
1070.9185658466633
 20
-792.9025226214727
 10
1070.7815490453602
 20
-792.9592768388454
 10
1070.6500000903218
 20
-793.027756890373
 10
1070.5249201485271
 20
-793.1074416015139
 10
1070.4072611538588
 20
-793.1977245235013
 10
1070.2979185623108
 20
-793.2979185487847
 10
1070.1977245370274
 20
-793.4072611403327
 10
1070.10744161504
 20
-793.5249201350009
 10
1070.0277569038992
 20
-793.6500000767955
 10
1069.9592768523717
 20
-793.781549031834
 10
1069.902522634999
 20
-793.9185658331371
 10
1069.8579261856444
 20
-794.0600077001139
 10
1069.8258269102157
 20
-794.2047981747519
 10
1069.8064691035806
 20
-794.351835314112
 10
1069.8000000903369
 20
-794.5000000767805
 10
1069.8064691035806
 20
-794.6481648394489
 10
1069.8258269102157
 20
-794.795201978809
 10
1069.8579261856444
 20
-794.939992453447
 10
1069.902522634999
 20
-795.0814343204238
 10
1069.9592768523717
 20
-795.218451121727
 10
1070.0277569038992
 20
-795.3500000767654
 10
1070.10744161504
 20
-795.47508001856
 10
1070.1977245370274
 20
-795.5927390132282
 10
1070.2979185623108
 20
-795.7020816047763
 10
1070.4072611538588
 20
-795.8022756300596
 10
1070.5249201485271
 20
-795.892558552047
 10
1070.6500000903218
 20
-795.9722432631879
 10
1070.7815490453602
 20
-796.0407233147155
 10
1070.9185658466633
 20
-796.0974775320882
 10
1071.0600077136403
 20
-796.1420739814428
 10
1071.2047981882781
 20
-796.1741732568715
 10
1071.3518353276384
 20
-796.1935310635064
 10
1071.5000000903067
 20
-796.2000000767504
 10
1071.648164852975
 20
-796.1935310635064
 10
1071.7952019923353
 20
-796.1741732568715
 10
1071.939992466973
 20
-796.1420739814428
 10
1072.08143433395
 20
-796.0974775320882
 10
1072.2184511352532
 20
-796.0407233147155
 10
1072.3500000902916
 20
-795.9722432631879
 10
1072.4750800320862
 20
-795.892558552047
 10
1072.5927390267545
 20
-795.8022756300596
 10
1072.7020816183026
 20
-795.7020816047763
 10
1072.802275643586
 20
-795.5927390132282
 10
1072.8925585655734
 20
-795.47508001856
 10
1072.9722432767142
 20
-795.3500000767654
 10
1073.0407233282417
 20
-795.218451121727
 10
1073.0974775456143
 20
-795.0814343204238
 10
1073.142073994969
 20
-794.939992453447
 10
1073.1741732703977
 20
-794.795201978809
 10
1073.1935310770327
 20
-794.6481648394489
  0
LWPOLYLINE
  5
198
330
17
100
AcDbEntity
  8
REFERENCE_GEOMETRY
100
AcDbPolyline
 90
72
 70
1
 10
983.2000001491024
 20
-794.500000237419
 10
983.193531135859
 20
-794.3518354747625
 10
983.1741733292257
 20
-794.2047983354142
 10
983.1420740537994
 20
-794.060007860788
 10
983.0974776044485
 20
-793.9185659938225
 10
983.0407233870803
 20
-793.7815491925305
 10
982.9722433355583
 20
-793.6500002375026
 10
982.8925586244238
 20
-793.5249202957181
 10
982.8022757024437
 20
-793.4072613010593
 10
982.7020816771684
 20
-793.2979187095201
 10
982.5927390856292
 20
-793.1977246842448
 10
982.4750800909704
 20
-793.1074417622647
 10
982.3500001491859
 20
-793.0277570511302
 10
982.218451194158
 20
-792.9592769996082
 10
982.081434392866
 20
-792.90252278224
 10
981.9399925259005
 20
-792.8579263328891
 10
981.7952020512743
 20
-792.8258270574628
 10
981.648164911926
 20
-792.8064692508295
 10
981.5000001492695
 20
-792.8000002375861
 10
981.351835386613
 20
-792.8064692508295
 10
981.2047982472646
 20
-792.8258270574628
 10
981.0600077726384
 20
-792.8579263328891
 10
980.918565905673
 20
-792.90252278224
 10
980.7815491043809
 20
-792.9592769996082
 10
980.650000149353
 20
-793.0277570511302
 10
980.5249202075685
 20
-793.1074417622647
 10
980.4072612129097
 20
-793.1977246842448
 10
980.2979186213705
 20
-793.2979187095201
 10
980.1977245960952
 20
-793.4072613010593
 10
980.1074416741151
 20
-793.5249202957181
 10
980.0277569629806
 20
-793.6500002375026
 10
979.9592769114586
 20
-793.7815491925305
 10
979.9025226940904
 20
-793.9185659938225
 10
979.8579262447395
 20
-794.060007860788
 10
979.8258269693132
 20
-794.2047983354142
 10
979.80646916268
 20
-794.3518354747625
 10
979.8000001494365
 20
-794.500000237419
 10
979.80646916268
 20
-794.6481650000756
 10
979.8258269693132
 20
-794.7952021394238
 10
979.8579262447395
 20
-794.9399926140501
 10
979.9025226940904
 20
-795.0814344810155
 10
979.9592769114586
 20
-795.2184512823076
 10
980.0277569629806
 20
-795.3500002373355
 10
980.1074416741151
 20
-795.47508017912
 10
980.1977245960952
 20
-795.5927391737788
 10
980.2979186213705
 20
-795.702081765318
 10
980.4072612129097
 20
-795.8022757905933
 10
980.5249202075685
 20
-795.8925587125734
 10
980.650000149353
 20
-795.9722434237079
 10
980.7815491043809
 20
-796.0407234752299
 10
980.918565905673
 20
-796.0974776925981
 10
981.0600077726384
 20
-796.142074141949
 10
981.2047982472646
 20
-796.1741734173753
 10
981.351835386613
 20
-796.1935312240086
 10
981.5000001492695
 20
-796.200000237252
 10
981.648164911926
 20
-796.1935312240086
 10
981.7952020512743
 20
-796.1741734173753
 10
981.9399925259005
 20
-796.142074141949
 10
982.081434392866
 20
-796.0974776925981
 10
982.218451194158
 20
-796.0407234752299
 10
982.3500001491859
 20
-795.9722434237079
 10
982.4750800909704
 20
-795.8925587125734
 10
982.5927390856292
 20
-795.8022757905933
 10
982.7020816771684
 20
-795.702081765318
 10
982.8022757024437
 20
-795.5927391737788
 10
982.8925586244238
 20
-795.47508017912
 10
982.9722433355583
 20
-795.3500002373355
 10
983.0407233870803
 20
-795.2184512823076
 10
983.0974776044485
 20
-795.0814344810155
 10
983.1420740537994
 20
-794.9399926140501
 10
983.1741733292257
 20
-794.7952021394238
 10
983.193531135859
 20
-794.6481650000756
  0
DIMENSION
  5
199
330
17
100
AcDbEntity
  8
REFERENCE_DIMENSIONS
100
AcDbDimension
280
0
  2
*D17
  3
Standard
 10
960.0
 20
-816.0
 30
0.0
 11
1021.5
 21
-816.0
 31
0.0
 70
32
 71
5
  1
<>
100
AcDbAlignedDimension
 13
960.0
 23
-800.0
 33
0.0
 14
1083.0
 24
-800.0
 34
0.0
 50
0.0
100
AcDbRotatedDimension
1001
ACAD
1000
DSTYLE
1002
{
1070
140
1040
3.0
1070
41
1040
2.0
1070
271
1070
3
1002
}
  0
DIMENSION
  5
1A9
330
17
100
AcDbEntity
  8
REFERENCE_DIMENSIONS
100
AcDbDimension
280
0
  2
*D18
  3
Standard
 10
1099.0
 20
-800.0
 30
0.0
 11
1099.0
 21
-793.0
 31
0.0
 70
32
 71
5
  1
<>
100
AcDbAlignedDimension
 13
1083.0
 23
-800.0
 33
0.0
 14
1083.0
 24
-786.0
 34
0.0
 50
90.0
100
AcDbRotatedDimension
1001
ACAD
1000
DSTYLE
1002
{
1070
140
1040
3.0
1070
41
1040
2.0
1070
271
1070
3
1002
}
  0
TEXT
  5
1B9
330
17
100
AcDbEntity
  8
REFERENCE_NOTES
100
AcDbText
 10
960.0
 20
-834.0
 30
0.0
 40
3.0
  1
upper_deck_angle_1_1_top
100
AcDbText
  0
TEXT
  5
1BA
330
17
100
AcDbEntity
  8
REFERENCE_NOTES
100
AcDbText
 10
960.0
 20
-841.0
 30
0.0
 40
3.0
  1
R01 CANDIDATE | mm 1:1 | NOT FOR MANUFACTURE
100
AcDbText
  0
TEXT
  5
1BB
330
17
100
AcDbEntity
  8
REFERENCE_NOTES
100
AcDbText
 10
960.0
 20
-848.0
 30
0.0
 40
3.0
  1
Section nominal thickness 3 mm
100
AcDbText
  0
TEXT
  5
1BC
330
17
100
AcDbEntity
  8
REFERENCE_NOTES
100
AcDbText
 10
960.0
 20
-855.0
 30
0.0
 40
3.0
  1
Deck-facing holes share deck axes
100
AcDbText
  0
TEXT
  5
1BD
330
17
100
AcDbEntity
  8
REFERENCE_NOTES
100
AcDbText
 10
960.0
 20
-862.0
 30
0.0
 40
3.0
  1
Source instance: upper_deck_angle_1_1
100
AcDbText
  0
TEXT
  5
1BE
330
17
100
AcDbEntity
  8
REFERENCE_NOTES
100
AcDbText
 10
960.0
 20
-869.0
 30
0.0
 40
3.0
  1
Material / tolerances / finish / preload: TBD
100
AcDbText
  0
LWPOLYLINE
  5
1BF
330
17
100
AcDbEntity
  8
REFERENCE_GEOMETRY
100
AcDbPolyline
 90
1096
 70
1
 10
123.0
 20
-1200.0
 10
122.75
 20
-1200.0
 10
122.5
 20
-1200.0
 10
122.25
 20
-1200.0
 10
122.0
 20
-1200.0
 10
121.75
 20
-1200.0
 10
121.5
 20
-1200.0
 10
121.25
 20
-1200.0
 10
121.0
 20
-1200.0
 10
120.75
 20
-1200.0
 10
120.5
 20
-1200.0
 10
120.25
 20
-1200.0
 10
120.0
 20
-1200.0
 10
119.75
 20
-1200.0
 10
119.5
 20
-1200.0
 10
119.25
 20
-1200.0
 10
119.0
 20
-1200.0
 10
118.75
 20
-1200.0
 10
118.5
 20
-1200.0
 10
118.25
 20
-1200.0
 10
118.0
 20
-1200.0
 10
117.75
 20
-1200.0
 10
117.5
 20
-1200.0
 10
117.25
 20
-1200.0
 10
117.0
 20
-1200.0
 10
116.75
 20
-1200.0
 10
116.5
 20
-1200.0
 10
116.25
 20
-1200.0
 10
116.0
 20
-1200.0
 10
115.75
 20
-1200.0
 10
115.5
 20
-1200.0
 10
115.25
 20
-1200.0
 10
115.0
 20
-1200.0
 10
114.75
 20
-1200.0
 10
114.5
 20
-1200.0
 10
114.25
 20
-1200.0
 10
114.0
 20
-1200.0
 10
113.75
 20
-1200.0
 10
113.5
 20
-1200.0
 10
113.25
 20
-1200.0
 10
113.0
 20
-1200.0
 10
112.75
 20
-1200.0
 10
112.5
 20
-1200.0
 10
112.25
 20
-1200.0
 10
112.0
 20
-1200.0
 10
111.75
 20
-1200.0
 10
111.5
 20
-1200.0
 10
111.25
 20
-1200.0
 10
111.0
 20
-1200.0
 10
110.75
 20
-1200.0
 10
110.5
 20
-1200.0
 10
110.25
 20
-1200.0
 10
110.0
 20
-1200.0
 10
109.75
 20
-1200.0
 10
109.5
 20
-1200.0
 10
109.25
 20
-1200.0
 10
109.0
 20
-1200.0
 10
108.75
 20
-1200.0
 10
108.5
 20
-1200.0
 10
108.25
 20
-1200.0
 10
108.0
 20
-1200.0
 10
107.75
 20
-1200.0
 10
107.5
 20
-1200.0
 10
107.25
 20
-1200.0
 10
107.0
 20
-1200.0
 10
106.75
 20
-1200.0
 10
106.5
 20
-1200.0
 10
106.25
 20
-1200.0
 10
106.0
 20
-1200.0
 10
105.75
 20
-1200.0
 10
105.5
 20
-1200.0
 10
105.25
 20
-1200.0
 10
105.0
 20
-1200.0
 10
104.75
 20
-1200.0
 10
104.5
 20
-1200.0
 10
104.25
 20
-1200.0
 10
104.0
 20
-1200.0
 10
103.75
 20
-1200.0
 10
103.5
 20
-1200.0
 10
103.25
 20
-1200.0
 10
103.0
 20
-1200.0
 10
102.75
 20
-1200.0
 10
102.5
 20
-1200.0
 10
102.25
 20
-1200.0
 10
102.0
 20
-1200.0
 10
101.75
 20
-1200.0
 10
101.5
 20
-1200.0
 10
101.25
 20
-1200.0
 10
101.0
 20
-1200.0
 10
100.75
 20
-1200.0
 10
100.5
 20
-1200.0
 10
100.25
 20
-1200.0
 10
100.0
 20
-1200.0
 10
99.75
 20
-1200.0
 10
99.5
 20
-1200.0
 10
99.25
 20
-1200.0
 10
99.0
 20
-1200.0
 10
98.75
 20
-1200.0
 10
98.5
 20
-1200.0
 10
98.25
 20
-1200.0
 10
98.0
 20
-1200.0
 10
97.75
 20
-1200.0
 10
97.5
 20
-1200.0
 10
97.25
 20
-1200.0
 10
97.0
 20
-1200.0
 10
96.75
 20
-1200.0
 10
96.5
 20
-1200.0
 10
96.25
 20
-1200.0
 10
96.0
 20
-1200.0
 10
95.75
 20
-1200.0
 10
95.5
 20
-1200.0
 10
95.25
 20
-1200.0
 10
95.0
 20
-1200.0
 10
94.75
 20
-1200.0
 10
94.5
 20
-1200.0
 10
94.25
 20
-1200.0
 10
93.99999999999999
 20
-1200.0
 10
93.75
 20
-1200.0
 10
93.50000000000001
 20
-1200.0
 10
93.24999999999999
 20
-1200.0
 10
93.0
 20
-1200.0
 10
92.75
 20
-1200.0
 10
92.5
 20
-1200.0
 10
92.25
 20
-1200.0
 10
92.00000000000001
 20
-1200.0
 10
91.74999999999999
 20
-1200.0
 10
91.5
 20
-1200.0
 10
91.25000000000001
 20
-1200.0
 10
90.99999999999999
 20
-1200.0
 10
90.75
 20
-1200.0
 10
90.50000000000001
 20
-1200.0
 10
90.25
 20
-1200.0
 10
90.0
 20
-1200.0
 10
89.75
 20
-1200.0
 10
89.5
 20
-1200.0
 10
89.25
 20
-1200.0
 10
89.0
 20
-1200.0
 10
88.75
 20
-1200.0
 10
88.5
 20
-1200.0
 10
88.25
 20
-1200.0
 10
88.0
 20
-1200.0
 10
87.75
 20
-1200.0
 10
87.5
 20
-1200.0
 10
87.25
 20
-1200.0
 10
87.0
 20
-1200.0
 10
86.75
 20
-1200.0
 10
86.5
 20
-1200.0
 10
86.25
 20
-1200.0
 10
86.0
 20
-1200.0
 10
85.75000000000001
 20
-1200.0
 10
85.5
 20
-1200.0
 10
85.25
 20
-1200.0
 10
85.0
 20
-1200.0
 10
84.75
 20
-1200.0
 10
84.5
 20
-1200.0
 10
84.25
 20
-1200.0
 10
83.99999999999999
 20
-1200.0
 10
83.75
 20
-1200.0
 10
83.5
 20
-1200.0
 10
83.24999999999999
 20
-1200.0
 10
83.0
 20
-1200.0
 10
82.75000000000001
 20
-1200.0
 10
82.49999999999999
 20
-1200.0
 10
82.25
 20
-1200.0
 10
82.00000000000001
 20
-1200.0
 10
81.74999999999999
 20
-1200.0
 10
81.5
 20
-1200.0
 10
81.25000000000001
 20
-1200.0
 10
80.99999999999999
 20
-1200.0
 10
80.75
 20
-1200.0
 10
80.50000000000001
 20
-1200.0
 10
80.25
 20
-1200.0
 10
80.0
 20
-1200.0
 10
79.75
 20
-1200.0
 10
79.5
 20
-1200.0
 10
79.25
 20
-1200.0
 10
79.0
 20
-1200.0
 10
78.75
 20
-1200.0
 10
78.5
 20
-1200.0
 10
78.25
 20
-1200.0
 10
78.0
 20
-1200.0
 10
77.75
 20
-1200.0
 10
77.5
 20
-1200.0
 10
77.25
 20
-1200.0
 10
77.0
 20
-1200.0
 10
76.75
 20
-1200.0
 10
76.5
 20
-1200.0
 10
76.25
 20
-1200.0
 10
76.0
 20
-1200.0
 10
75.75
 20
-1200.0
 10
75.5
 20
-1200.0
 10
75.25
 20
-1200.0
 10
75.0
 20
-1200.0
 10
74.75
 20
-1200.0
 10
74.5
 20
-1200.0
 10
74.25
 20
-1200.0
 10
74.0
 20
-1200.0
 10
73.75
 20
-1200.0
 10
73.5
 20
-1200.0
 10
73.25
 20
-1200.0
 10
73.0
 20
-1200.0
 10
72.75000000000001
 20
-1200.0
 10
72.49999999999999
 20
-1200.0
 10
72.25
 20
-1200.0
 10
72.00000000000001
 20
-1200.0
 10
71.74999999999999
 20
-1200.0
 10
71.5
 20
-1200.0
 10
71.25000000000001
 20
-1200.0
 10
70.99999999999999
 20
-1200.0
 10
70.75
 20
-1200.0
 10
70.50000000000001
 20
-1200.0
 10
70.25
 20
-1200.0
 10
70.0
 20
-1200.0
 10
69.75000000000001
 20
-1200.0
 10
69.5
 20
-1200.0
 10
69.25
 20
-1200.0
 10
69.0
 20
-1200.0
 10
68.75
 20
-1200.0
 10
68.5
 20
-1200.0
 10
68.25
 20
-1200.0
 10
68.0
 20
-1200.0
 10
67.75
 20
-1200.0
 10
67.5
 20
-1200.0
 10
67.25
 20
-1200.0
 10
67.0
 20
-1200.0
 10
66.75
 20
-1200.0
 10
66.5
 20
-1200.0
 10
66.25
 20
-1200.0
 10
66.0
 20
-1200.0
 10
65.75
 20
-1200.0
 10
65.5
 20
-1200.0
 10
65.25
 20
-1200.0
 10
65.0
 20
-1200.0
 10
64.75
 20
-1200.0
 10
64.5
 20
-1200.0
 10
64.25
 20
-1200.0
 10
64.0
 20
-1200.0
 10
63.75
 20
-1200.0
 10
63.5
 20
-1200.0
 10
63.25
 20
-1200.0
 10
63.0
 20
-1200.0
 10
62.75
 20
-1200.0
 10
62.5
 20
-1200.0
 10
62.25
 20
-1200.0
 10
62.0
 20
-1200.0
 10
61.75
 20
-1200.0
 10
61.5
 20
-1200.0
 10
61.25
 20
-1200.0
 10
61.0
 20
-1200.0
 10
60.750000000000014
 20
-1200.0
 10
60.5
 20
-1200.0
 10
60.25
 20
-1200.0
 10
60.0
 20
-1200.0
 10
59.75
 20
-1200.0
 10
59.5
 20
-1200.0
 10
59.25
 20
-1200.0
 10
59.0
 20
-1200.0
 10
58.75
 20
-1200.0
 10
58.5
 20
-1200.0
 10
58.25
 20
-1200.0
 10
58.0
 20
-1200.0
 10
57.75
 20
-1200.0
 10
57.5
 20
-1200.0
 10
57.25
 20
-1200.0
 10
57.0
 20
-1200.0
 10
56.75
 20
-1200.0
 10
56.5
 20
-1200.0
 10
56.25
 20
-1200.0
 10
56.0
 20
-1200.0
 10
55.75
 20
-1200.0
 10
55.5
 20
-1200.0
 10
55.25
 20
-1200.0
 10
55.0
 20
-1200.0
 10
54.75
 20
-1200.0
 10
54.5
 20
-1200.0
 10
54.25
 20
-1200.0
 10
54.0
 20
-1200.0
 10
53.75
 20
-1200.0
 10
53.5
 20
-1200.0
 10
53.25
 20
-1200.0
 10
53.0
 20
-1200.0
 10
52.75
 20
-1200.0
 10
52.5
 20
-1200.0
 10
52.25
 20
-1200.0
 10
52.0
 20
-1200.0
 10
51.75
 20
-1200.0
 10
51.5
 20
-1200.0
 10
51.24999999999997
 20
-1200.0
 10
51.0
 20
-1200.0
 10
50.75
 20
-1200.0
 10
50.5
 20
-1200.0
 10
50.25
 20
-1200.0
 10
50.0
 20
-1200.0
 10
49.75
 20
-1200.0
 10
49.5
 20
-1200.0
 10
49.25
 20
-1200.0
 10
49.0
 20
-1200.0
 10
48.75
 20
-1200.0
 10
48.500000000000014
 20
-1200.0
 10
48.25
 20
-1200.0
 10
48.0
 20
-1200.0
 10
47.75
 20
-1200.0
 10
47.5
 20
-1200.0
 10
47.25
 20
-1200.0
 10
47.0
 20
-1200.0
 10
46.75
 20
-1200.0
 10
46.5
 20
-1200.0
 10
46.25
 20
-1200.0
 10
46.0
 20
-1200.0
 10
45.75
 20
-1200.0
 10
45.5
 20
-1200.0
 10
45.25
 20
-1200.0
 10
45.0
 20
-1200.0
 10
44.75
 20
-1200.0
 10
44.5
 20
-1200.0
 10
44.25
 20
-1200.0
 10
44.0
 20
-1200.0
 10
43.75
 20
-1200.0
 10
43.5
 20
-1200.0
 10
43.25
 20
-1200.0
 10
43.0
 20
-1200.0
 10
42.75
 20
-1200.0
 10
42.5
 20
-1200.0
 10
42.25
 20
-1200.0
 10
41.999999999999986
 20
-1200.0
 10
41.75
 20
-1200.0
 10
41.5
 20
-1200.0
 10
41.25
 20
-1200.0
 10
41.0
 20
-1200.0
 10
40.75
 20
-1200.0
 10
40.5
 20
-1200.0
 10
40.25
 20
-1200.0
 10
40.0
 20
-1200.0
 10
39.75
 20
-1200.0
 10
39.5
 20
-1200.0
 10
39.250000000000014
 20
-1200.0
 10
39.0
 20
-1200.0
 10
38.75
 20
-1200.0
 10
38.5
 20
-1200.0
 10
38.25
 20
-1200.0
 10
38.0
 20
-1200.0
 10
37.75
 20
-1200.0
 10
37.5
 20
-1200.0
 10
37.25
 20
-1200.0
 10
37.0
 20
-1200.0
 10
36.75
 20
-1200.0
 10
36.5
 20
-1200.0
 10
36.25
 20
-1200.0
 10
36.0
 20
-1200.0
 10
35.75
 20
-1200.0
 10
35.49999999999998
 20
-1200.0
 10
35.25000000000001
 20
-1200.0
 10
35.0
 20
-1200.0
 10
34.74999999999999
 20
-1200.0
 10
34.5
 20
-1200.0
 10
34.25
 20
-1200.0
 10
33.99999999999999
 20
-1200.0
 10
33.75
 20
-1200.0
 10
33.5
 20
-1200.0
 10
33.25000000000001
 20
-1200.0
 10
33.0
 20
-1200.0
 10
32.750000000000014
 20
-1200.0
 10
32.50000000000001
 20
-1200.0
 10
32.25
 20
-1200.0
 10
32.0
 20
-1200.0
 10
31.750000000000007
 20
-1200.0
 10
31.5
 20
-1200.0
 10
31.25
 20
-1200.0
 10
31.0
 20
-1200.0
 10
30.75
 20
-1200.0
 10
30.5
 20
-1200.0
 10
30.25
 20
-1200.0
 10
30.0
 20
-1200.0
 10
29.749999999999993
 20
-1200.0
 10
29.5
 20
-1200.0
 10
29.25
 20
-1200.0
 10
28.999999999999993
 20
-1200.0
 10
28.75
 20
-1200.0
 10
28.5
 20
-1200.0
 10
28.249999999999993
 20
-1200.0
 10
28.0
 20
-1200.0
 10
27.75
 20
-1200.0
 10
27.500000000000007
 20
-1200.0
 10
27.25
 20
-1200.0
 10
27.0
 20
-1200.0
 10
26.750000000000007
 20
-1200.0
 10
26.5
 20
-1200.0
 10
26.249999999999986
 20
-1200.0
 10
26.0
 20
-1200.0
 10
25.75
 20
-1200.0
 10
25.5
 20
-1200.0
 10
25.25
 20
-1200.0
 10
25.0
 20
-1200.0
 10
24.749999999999993
 20
-1200.0
 10
24.5
 20
-1200.0
 10
24.25
 20
-1200.0
 10
23.999999999999993
 20
-1200.0
 10
23.75
 20
-1200.0
 10
23.500000000000014
 20
-1200.0
 10
23.249999999999993
 20
-1200.0
 10
23.0
 20
-1200.0
 10
22.75
 20
-1200.0
 10
22.500000000000007
 20
-1200.0
 10
22.25
 20
-1200.0
 10
22.0
 20
-1200.0
 10
21.750000000000007
 20
-1200.0
 10
21.5
 20
-1200.0
 10
21.25
 20
-1200.0
 10
21.0
 20
-1200.0
 10
20.75
 20
-1200.0
 10
20.5
 20
-1200.0
 10
20.25
 20
-1200.0
 10
20.0
 20
-1200.0
 10
19.75
 20
-1200.0
 10
19.5
 20
-1200.0
 10
19.25
 20
-1200.0
 10
18.999999999999993
 20
-1200.0
 10
18.75
 20
-1200.0
 10
18.5
 20
-1200.0
 10
18.249999999999993
 20
-1200.0
 10
18.0
 20
-1200.0
 10
17.75
 20
-1200.0
 10
17.500000000000007
 20
-1200.0
 10
17.25
 20
-1200.0
 10
16.999999999999986
 20
-1200.0
 10
16.750000000000007
 20
-1200.0
 10
16.5
 20
-1200.0
 10
16.25
 20
-1200.0
 10
16.0
 20
-1200.0
 10
15.75
 20
-1200.0
 10
15.5
 20
-1200.0
 10
15.25
 20
-1200.0
 10
15.0
 20
-1200.0
 10
14.749999999999993
 20
-1200.0
 10
14.5
 20
-1200.0
 10
14.250000000000014
 20
-1200.0
 10
13.999999999999993
 20
-1200.0
 10
13.75
 20
-1200.0
 10
13.5
 20
-1200.0
 10
13.249999999999993
 20
-1200.0
 10
13.0
 20
-1200.0
 10
12.75
 20
-1200.0
 10
12.500000000000007
 20
-1200.0
 10
12.25
 20
-1200.0
 10
12.0
 20
-1200.0
 10
11.750000000000007
 20
-1200.0
 10
11.5
 20
-1200.0
 10
11.25
 20
-1200.0
 10
11.000000000000007
 20
-1200.0
 10
10.75
 20
-1200.0
 10
10.5
 20
-1200.0
 10
10.250000000000007
 20
-1200.0
 10
10.0
 20
-1200.0
 10
9.749999999999993
 20
-1200.0
 10
9.5
 20
-1200.0
 10
9.25
 20
-1200.0
 10
8.999999999999993
 20
-1200.0
 10
8.75
 20
-1200.0
 10
8.5
 20
-1200.0
 10
8.249999999999993
 20
-1200.0
 10
8.0
 20
-1200.0
 10
7.749999999999986
 20
-1200.0
 10
7.500000000000007
 20
-1200.0
 10
7.25
 20
-1200.0
 10
7.0
 20
-1200.0
 10
6.750000000000007
 20
-1200.0
 10
6.5
 20
-1200.0
 10
6.25
 20
-1200.0
 10
6.000000000000007
 20
-1200.0
 10
5.75
 20
-1200.0
 10
5.499999999999993
 20
-1200.0
 10
5.250000000000007
 20
-1200.0
 10
5.000000000000014
 20
-1200.0
 10
4.749999999999993
 20
-1200.0
 10
4.5
 20
-1200.0
 10
4.25
 20
-1200.0
 10
3.999999999999993
 20
-1200.0
 10
3.75
 20
-1200.0
 10
3.5
 20
-1200.0
 10
3.249999999999993
 20
-1200.0
 10
3.0
 20
-1200.0
 10
2.75
 20
-1200.0
 10
2.500000000000007
 20
-1200.0
 10
2.25
 20
-1200.0
 10
2.0
 20
-1200.0
 10
1.750000000000007
 20
-1200.0
 10
1.5
 20
-1200.0
 10
1.2499999999999858
 20
-1200.0
 10
1.000000000000007
 20
-1200.0
 10
0.75
 20
-1200.0
 10
0.4999999999999929
 20
-1200.0
 10
0.2500000000000071
 20
-1200.0
 10
0.0
 20
-1200.0
 10
0.0
 20
-1199.75
 10
0.0
 20
-1199.5
 10
0.0
 20
-1199.25
 10
0.0
 20
-1199.0
 10
0.0
 20
-1198.75
 10
0.0
 20
-1198.5
 10
0.0
 20
-1198.25
 10
0.0
 20
-1198.0
 10
0.0
 20
-1197.75
 10
0.0
 20
-1197.5
 10
0.0
 20
-1197.25
 10
0.0
 20
-1197.0
 10
0.0
 20
-1196.75
 10
0.0
 20
-1196.5
 10
0.0
 20
-1196.25
 10
0.0
 20
-1196.0
 10
0.0
 20
-1195.75
 10
0.0
 20
-1195.5
 10
0.0
 20
-1195.25
 10
0.0
 20
-1195.0
 10
0.0
 20
-1194.75
 10
0.0
 20
-1194.5
 10
0.0
 20
-1194.25
 10
0.0
 20
-1194.0
 10
0.0
 20
-1193.75
 10
0.0
 20
-1193.5
 10
0.0
 20
-1193.25
 10
0.0
 20
-1193.0
 10
0.0
 20
-1192.75
 10
0.0
 20
-1192.5
 10
0.0
 20
-1192.25
 10
0.0
 20
-1192.0
 10
0.0
 20
-1191.75
 10
0.0
 20
-1191.5
 10
0.0
 20
-1191.25
 10
0.0
 20
-1191.0
 10
0.0
 20
-1190.75
 10
0.0
 20
-1190.5
 10
0.0
 20
-1190.25
 10
0.0
 20
-1190.0
 10
0.0
 20
-1189.75
 10
0.0
 20
-1189.5
 10
0.0
 20
-1189.25
 10
0.0
 20
-1189.0
 10
0.0
 20
-1188.75
 10
0.0
 20
-1188.5
 10
0.0
 20
-1188.25
 10
0.0
 20
-1188.0
 10
0.0
 20
-1187.75
 10
0.0
 20
-1187.5
 10
0.0
 20
-1187.25
 10
0.0
 20
-1187.0
 10
0.0
 20
-1186.75
 10
0.0
 20
-1186.5
 10
0.0
 20
-1186.25
 10
0.0
 20
-1186.0
 10
0.25
 20
-1186.0
 10
0.5
 20
-1186.0
 10
0.75
 20
-1186.0
 10
1.0
 20
-1186.0
 10
1.25
 20
-1186.0
 10
1.5
 20
-1186.0
 10
1.75
 20
-1186.0
 10
2.0
 20
-1186.0
 10
2.25
 20
-1186.0
 10
2.5
 20
-1186.0
 10
2.75
 20
-1186.0
 10
3.0
 20
-1186.0
 10
3.25
 20
-1186.0
 10
3.5
 20
-1186.0
 10
3.7500000000000284
 20
-1186.0
 10
4.0
 20
-1186.0
 10
4.25
 20
-1186.0
 10
4.5
 20
-1186.0
 10
4.75
 20
-1186.0
 10
5.0
 20
-1186.0
 10
5.25
 20
-1186.0
 10
5.5
 20
-1186.0
 10
5.75
 20
-1186.0
 10
6.0
 20
-1186.0
 10
6.25
 20
-1186.0
 10
6.500000000000028
 20
-1186.0
 10
6.75
 20
-1186.0
 10
7.0
 20
-1186.0
 10
7.25
 20
-1186.0
 10
7.5
 20
-1186.0
 10
7.75
 20
-1186.0
 10
8.0
 20
-1186.0
 10
8.25
 20
-1186.0
 10
8.5
 20
-1186.0
 10
8.75
 20
-1186.0
 10
9.0
 20
-1186.0
 10
9.249999999999972
 20
-1186.0
 10
9.5
 20
-1186.0
 10
9.75
 20
-1186.0
 10
10.0
 20
-1186.0
 10
10.25
 20
-1186.0
 10
10.5
 20
-1186.0
 10
10.75
 20
-1186.0
 10
11.0
 20
-1186.0
 10
11.25
 20
-1186.0
 10
11.5
 20
-1186.0
 10
11.75
 20
-1186.0
 10
11.999999999999972
 20
-1186.0
 10
12.25
 20
-1186.0
 10
12.5
 20
-1186.0
 10
12.75
 20
-1186.0
 10
13.0
 20
-1186.0
 10
13.25
 20
-1186.0
 10
13.5
 20
-1186.0
 10
13.75
 20
-1186.0
 10
14.0
 20
-1186.0
 10
14.25
 20
-1186.0
 10
14.5
 20
-1186.0
 10
14.75
 20
-1186.0
 10
15.0
 20
-1186.0
 10
15.25
 20
-1186.0
 10
15.5
 20
-1186.0
 10
15.75
 20
-1186.0
 10
16.0
 20
-1186.0
 10
16.25
 20
-1186.0
 10
16.5
 20
-1186.0
 10
16.75
 20
-1186.0
 10
17.0
 20
-1186.0
 10
17.25
 20
-1186.0
 10
17.5
 20
-1186.0
 10
17.75
 20
-1186.0
 10
18.0
 20
-1186.0
 10
18.25
 20
-1186.0
 10
18.5
 20
-1186.0
 10
18.75
 20
-1186.0
 10
19.0
 20
-1186.0
 10
19.25
 20
-1186.0
 10
19.5
 20
-1186.0
 10
19.75
 20
-1186.0
 10
20.0
 20
-1186.0
 10
20.25
 20
-1186.0
 10
20.5
 20
-1186.0
 10
20.75
 20
-1186.0
 10
21.0
 20
-1186.0
 10
21.25
 20
-1186.0
 10
21.5
 20
-1186.0
 10
21.75
 20
-1186.0
 10
22.0
 20
-1186.0
 10
22.25000000000003
 20
-1186.0
 10
22.5
 20
-1186.0
 10
22.75
 20
-1186.0
 10
23.0
 20
-1186.0
 10
23.25
 20
-1186.0
 10
23.5
 20
-1186.0
 10
23.75
 20
-1186.0
 10
24.0
 20
-1186.0
 10
24.25
 20
-1186.0
 10
24.5
 20
-1186.0
 10
24.75
 20
-1186.0
 10
25.00000000000003
 20
-1186.0
 10
25.25
 20
-1186.0
 10
25.5
 20
-1186.0
 10
25.75
 20
-1186.0
 10
26.0
 20
-1186.0
 10
26.25
 20
-1186.0
 10
26.5
 20
-1186.0
 10
26.75
 20
-1186.0
 10
27.0
 20
-1186.0
 10
27.25
 20
-1186.0
 10
27.5
 20
-1186.0
 10
27.74999999999997
 20
-1186.0
 10
28.0
 20
-1186.0
 10
28.25
 20
-1186.0
 10
28.5
 20
-1186.0
 10
28.75
 20
-1186.0
 10
29.0
 20
-1186.0
 10
29.25
 20
-1186.0
 10
29.5
 20
-1186.0
 10
29.75
 20
-1186.0
 10
30.0
 20
-1186.0
 10
30.25
 20
-1186.0
 10
30.49999999999997
 20
-1186.0
 10
30.75
 20
-1186.0
 10
31.0
 20
-1186.0
 10
31.25
 20
-1186.0
 10
31.5
 20
-1186.0
 10
31.75
 20
-1186.0
 10
32.0
 20
-1186.0
 10
32.25
 20
-1186.0
 10
32.5
 20
-1186.0
 10
32.75
 20
-1186.0
 10
33.0
 20
-1186.0
 10
33.25
 20
-1186.0
 10
33.5
 20
-1186.0
 10
33.75
 20
-1186.0
 10
34.0
 20
-1186.0
 10
34.25
 20
-1186.0
 10
34.5
 20
-1186.0
 10
34.75
 20
-1186.0
 10
35.0
 20
-1186.0
 10
35.25
 20
-1186.0
 10
35.5
 20
-1186.0
 10
35.75
 20
-1186.0
 10
36.0
 20
-1186.0
 10
36.25
 20
-1186.0
 10
36.5
 20
-1186.0
 10
36.75
 20
-1186.0
 10
37.0
 20
-1186.0
 10
37.25
 20
-1186.0
 10
37.5
 20
-1186.0
 10
37.75
 20
-1186.0
 10
38.00000000000003
 20
-1186.0
 10
38.25
 20
-1186.0
 10
38.5
 20
-1186.0
 10
38.75
 20
-1186.0
 10
39.0
 20
-1186.0
 10
39.25
 20
-1186.0
 10
39.5
 20
-1186.0
 10
39.75
 20
-1186.0
 10
40.0
 20
-1186.0
 10
40.25
 20
-1186.0
 10
40.5
 20
-1186.0
 10
40.75000000000003
 20
-1186.0
 10
41.0
 20
-1186.0
 10
41.25
 20
-1186.0
 10
41.5
 20
-1186.0
 10
41.75
 20
-1186.0
 10
42.0
 20
-1186.0
 10
42.25
 20
-1186.0
 10
42.5
 20
-1186.0
 10
42.75
 20
-1186.0
 10
43.0
 20
-1186.0
 10
43.25
 20
-1186.0
 10
43.49999999999997
 20
-1186.0
 10
43.75
 20
-1186.0
 10
44.0
 20
-1186.0
 10
44.25
 20
-1186.0
 10
44.5
 20
-1186.0
 10
44.75
 20
-1186.0
 10
45.0
 20
-1186.0
 10
45.25
 20
-1186.0
 10
45.5
 20
-1186.0
 10
45.75
 20
-1186.0
 10
46.0
 20
-1186.0
 10
46.24999999999997
 20
-1186.0
 10
46.5
 20
-1186.0
 10
46.75
 20
-1186.0
 10
47.0
 20
-1186.0
 10
47.25
 20
-1186.0
 10
47.5
 20
-1186.0
 10
47.75
 20
-1186.0
 10
48.0
 20
-1186.0
 10
48.25
 20
-1186.0
 10
48.5
 20
-1186.0
 10
48.75
 20
-1186.0
 10
49.0
 20
-1186.0
 10
49.25
 20
-1186.0
 10
49.5
 20
-1186.0
 10
49.75
 20
-1186.0
 10
50.0
 20
-1186.0
 10
50.25
 20
-1186.0
 10
50.5
 20
-1186.0
 10
50.75
 20
-1186.0
 10
51.0
 20
-1186.0
 10
51.25
 20
-1186.0
 10
51.5
 20
-1186.0
 10
51.75
 20
-1186.0
 10
52.0
 20
-1186.0
 10
52.25
 20
-1186.0
 10
52.5
 20
-1186.0
 10
52.75
 20
-1186.0
 10
53.0
 20
-1186.0
 10
53.25
 20
-1186.0
 10
53.5
 20
-1186.0
 10
53.75
 20
-1186.0
 10
54.0
 20
-1186.0
 10
54.25
 20
-1186.0
 10
54.5
 20
-1186.0
 10
54.75
 20
-1186.0
 10
55.0
 20
-1186.0
 10
55.25
 20
-1186.0
 10
55.5
 20
-1186.0
 10
55.75
 20
-1186.0
 10
56.0
 20
-1186.0
 10
56.25
 20
-1186.0
 10
56.50000000000003
 20
-1186.0
 10
56.75
 20
-1186.0
 10
57.0
 20
-1186.0
 10
57.25
 20
-1186.0
 10
57.5
 20
-1186.0
 10
57.75
 20
-1186.0
 10
58.0
 20
-1186.0
 10
58.25
 20
-1186.0
 10
58.5
 20
-1186.0
 10
58.75
 20
-1186.0
 10
59.0
 20
-1186.0
 10
59.25000000000003
 20
-1186.0
 10
59.5
 20
-1186.0
 10
59.75
 20
-1186.0
 10
60.0
 20
-1186.0
 10
60.25
 20
-1186.0
 10
60.5
 20
-1186.0
 10
60.75
 20
-1186.0
 10
61.0
 20
-1186.0
 10
61.25
 20
-1186.0
 10
61.5
 20
-1186.0
 10
61.75
 20
-1186.0
 10
61.99999999999997
 20
-1186.0
 10
62.25
 20
-1186.0
 10
62.5
 20
-1186.0
 10
62.75
 20
-1186.0
 10
63.0
 20
-1186.0
 10
63.25
 20
-1186.0
 10
63.5
 20
-1186.0
 10
63.75
 20
-1186.0
 10
64.0
 20
-1186.0
 10
64.25
 20
-1186.0
 10
64.5
 20
-1186.0
 10
64.74999999999997
 20
-1186.0
 10
65.0
 20
-1186.0
 10
65.25
 20
-1186.0
 10
65.5
 20
-1186.0
 10
65.75
 20
-1186.0
 10
66.0
 20
-1186.0
 10
66.25
 20
-1186.0
 10
66.5
 20
-1186.0
 10
66.75
 20
-1186.0
 10
67.0
 20
-1186.0
 10
67.25
 20
-1186.0
 10
67.5
 20
-1186.0
 10
67.75
 20
-1186.0
 10
68.0
 20
-1186.0
 10
68.25
 20
-1186.0
 10
68.5
 20
-1186.0
 10
68.75
 20
-1186.0
 10
69.0
 20
-1186.0
 10
69.25
 20
-1186.0
 10
69.5
 20
-1186.0
 10
69.75
 20
-1186.0
 10
70.0
 20
-1186.0
 10
70.25
 20
-1186.0
 10
70.5
 20
-1186.0
 10
70.75
 20
-1186.0
 10
71.0
 20
-1186.0
 10
71.25
 20
-1186.0
 10
71.5
 20
-1186.0
 10
71.75
 20
-1186.0
 10
72.0
 20
-1186.0
 10
72.25000000000003
 20
-1186.0
 10
72.5
 20
-1186.0
 10
72.75
 20
-1186.0
 10
73.0
 20
-1186.0
 10
73.25
 20
-1186.0
 10
73.5
 20
-1186.0
 10
73.75
 20
-1186.0
 10
74.0
 20
-1186.0
 10
74.25
 20
-1186.0
 10
74.5
 20
-1186.0
 10
74.75
 20
-1186.0
 10
75.00000000000003
 20
-1186.0
 10
75.25
 20
-1186.0
 10
75.5
 20
-1186.0
 10
75.75
 20
-1186.0
 10
76.0
 20
-1186.0
 10
76.25
 20
-1186.0
 10
76.5
 20
-1186.0
 10
76.75
 20
-1186.0
 10
77.0
 20
-1186.0
 10
77.25
 20
-1186.0
 10
77.5
 20
-1186.0
 10
77.74999999999997
 20
-1186.0
 10
78.0
 20
-1186.0
 10
78.25
 20
-1186.0
 10
78.5
 20
-1186.0
 10
78.75
 20
-1186.0
 10
79.0
 20
-1186.0
 10
79.25
 20
-1186.0
 10
79.5
 20
-1186.0
 10
79.75
 20
-1186.0
 10
80.0
 20
-1186.0
 10
80.25
 20
-1186.0
 10
80.49999999999997
 20
-1186.0
 10
80.75
 20
-1186.0
 10
81.0
 20
-1186.0
 10
81.25
 20
-1186.0
 10
81.5
 20
-1186.0
 10
81.75
 20
-1186.0
 10
82.0
 20
-1186.0
 10
82.25
 20
-1186.0
 10
82.5
 20
-1186.0
 10
82.75
 20
-1186.0
 10
83.0
 20
-1186.0
 10
83.25
 20
-1186.0
 10
83.5
 20
-1186.0
 10
83.75
 20
-1186.0
 10
84.0
 20
-1186.0
 10
84.25
 20
-1186.0
 10
84.5
 20
-1186.0
 10
84.75
 20
-1186.0
 10
85.0
 20
-1186.0
 10
85.25
 20
-1186.0
 10
85.5
 20
-1186.0
 10
85.75
 20
-1186.0
 10
86.0
 20
-1186.0
 10
86.25
 20
-1186.0
 10
86.5
 20
-1186.0
 10
86.75
 20
-1186.0
 10
87.0
 20
-1186.0
 10
87.25
 20
-1186.0
 10
87.5
 20
-1186.0
 10
87.75
 20
-1186.0
 10
88.0
 20
-1186.0
 10
88.25
 20
-1186.0
 10
88.5
 20
-1186.0
 10
88.75
 20
-1186.0
 10
89.0
 20
-1186.0
 10
89.25
 20
-1186.0
 10
89.5
 20
-1186.0
 10
89.75
 20
-1186.0
 10
90.0
 20
-1186.0
 10
90.25
 20
-1186.0
 10
90.5
 20
-1186.0
 10
90.75000000000003
 20
-1186.0
 10
91.0
 20
-1186.0
 10
91.25
 20
-1186.0
 10
91.5
 20
-1186.0
 10
91.75
 20
-1186.0
 10
92.0
 20
-1186.0
 10
92.25
 20
-1186.0
 10
92.5
 20
-1186.0
 10
92.75
 20
-1186.0
 10
93.0
 20
-1186.0
 10
93.25
 20
-1186.0
 10
93.50000000000003
 20
-1186.0
 10
93.75
 20
-1186.0
 10
94.0
 20
-1186.0
 10
94.25
 20
-1186.0
 10
94.5
 20
-1186.0
 10
94.75
 20
-1186.0
 10
95.0
 20
-1186.0
 10
95.25
 20
-1186.0
 10
95.5
 20
-1186.0
 10
95.75
 20
-1186.0
 10
96.0
 20
-1186.0
 10
96.24999999999997
 20
-1186.0
 10
96.5
 20
-1186.0
 10
96.75
 20
-1186.0
 10
97.0
 20
-1186.0
 10
97.25
 20
-1186.0
 10
97.5
 20
-1186.0
 10
97.75
 20
-1186.0
 10
98.0
 20
-1186.0
 10
98.25
 20
-1186.0
 10
98.5
 20
-1186.0
 10
98.75
 20
-1186.0
 10
98.99999999999997
 20
-1186.0
 10
99.25
 20
-1186.0
 10
99.5
 20
-1186.0
 10
99.75
 20
-1186.0
 10
100.0
 20
-1186.0
 10
100.25
 20
-1186.0
 10
100.5
 20
-1186.0
 10
100.75
 20
-1186.0
 10
101.0
 20
-1186.0
 10
101.25
 20
-1186.0
 10
101.5
 20
-1186.0
 10
101.75
 20
-1186.0
 10
102.0
 20
-1186.0
 10
102.25
 20
-1186.0
 10
102.5
 20
-1186.0
 10
102.75
 20
-1186.0
 10
103.0
 20
-1186.0
 10
103.25
 20
-1186.0
 10
103.5
 20
-1186.0
 10
103.75
 20
-1186.0
 10
104.0
 20
-1186.0
 10
104.25
 20
-1186.0
 10
104.5
 20
-1186.0
 10
104.75
 20
-1186.0
 10
105.0
 20
-1186.0
 10
105.25
 20
-1186.0
 10
105.5
 20
-1186.0
 10
105.75
 20
-1186.0
 10
106.0
 20
-1186.0
 10
106.25
 20
-1186.0
 10
106.50000000000003
 20
-1186.0
 10
106.75
 20
-1186.0
 10
107.0
 20
-1186.0
 10
107.25
 20
-1186.0
 10
107.5
 20
-1186.0
 10
107.75
 20
-1186.0
 10
108.0
 20
-1186.0
 10
108.25
 20
-1186.0
 10
108.5
 20
-1186.0
 10
108.75
 20
-1186.0
 10
109.0
 20
-1186.0
 10
109.25000000000003
 20
-1186.0
 10
109.5
 20
-1186.0
 10
109.75
 20
-1186.0
 10
110.0
 20
-1186.0
 10
110.25
 20
-1186.0
 10
110.5
 20
-1186.0
 10
110.75
 20
-1186.0
 10
111.0
 20
-1186.0
 10
111.25
 20
-1186.0
 10
111.5
 20
-1186.0
 10
111.75
 20
-1186.0
 10
111.99999999999997
 20
-1186.0
 10
112.25
 20
-1186.0
 10
112.5
 20
-1186.0
 10
112.75
 20
-1186.0
 10
113.0
 20
-1186.0
 10
113.25
 20
-1186.0
 10
113.5
 20
-1186.0
 10
113.75
 20
-1186.0
 10
114.0
 20
-1186.0
 10
114.25
 20
-1186.0
 10
114.5
 20
-1186.0
 10
114.74999999999997
 20
-1186.0
 10
115.0
 20
-1186.0
 10
115.25
 20
-1186.0
 10
115.5
 20
-1186.0
 10
115.75
 20
-1186.0
 10
116.0
 20
-1186.0
 10
116.25
 20
-1186.0
 10
116.5
 20
-1186.0
 10
116.75
 20
-1186.0
 10
117.0
 20
-1186.0
 10
117.25
 20
-1186.0
 10
117.5
 20
-1186.0
 10
117.75
 20
-1186.0
 10
118.0
 20
-1186.0
 10
118.25
 20
-1186.0
 10
118.5
 20
-1186.0
 10
118.75
 20
-1186.0
 10
119.0
 20
-1186.0
 10
119.25
 20
-1186.0
 10
119.5
 20
-1186.0
 10
119.75
 20
-1186.0
 10
120.0
 20
-1186.0
 10
120.25
 20
-1186.0
 10
120.5
 20
-1186.0
 10
120.75
 20
-1186.0
 10
121.0
 20
-1186.0
 10
121.25
 20
-1186.0
 10
121.5
 20
-1186.0
 10
121.75
 20
-1186.0
 10
122.0
 20
-1186.0
 10
122.25
 20
-1186.0
 10
122.5
 20
-1186.0
 10
122.75
 20
-1186.0
 10
123.0
 20
-1186.0
 10
123.0
 20
-1186.25
 10
123.0
 20
-1186.5
 10
123.0
 20
-1186.75
 10
123.0
 20
-1187.0
 10
123.0
 20
-1187.25
 10
123.0
 20
-1187.5
 10
123.0
 20
-1187.75
 10
123.0
 20
-1188.0
 10
123.0
 20
-1188.25
 10
123.0
 20
-1188.5
 10
123.0
 20
-1188.75
 10
123.0
 20
-1189.0
 10
123.0
 20
-1189.25
 10
123.0
 20
-1189.5
 10
123.0
 20
-1189.75
 10
123.0
 20
-1190.0
 10
123.0
 20
-1190.25
 10
123.0
 20
-1190.5
 10
123.0
 20
-1190.75
 10
123.0
 20
-1191.0
 10
123.0
 20
-1191.25
 10
123.0
 20
-1191.5
 10
123.0
 20
-1191.75
 10
123.0
 20
-1192.0
 10
123.0
 20
-1192.25
 10
123.0
 20
-1192.5
 10
123.0
 20
-1192.75
 10
123.0
 20
-1193.0
 10
123.0
 20
-1193.25
 10
123.0
 20
-1193.5
 10
123.0
 20
-1193.75
 10
123.0
 20
-1194.0
 10
123.0
 20
-1194.25
 10
123.0
 20
-1194.5
 10
123.0
 20
-1194.75
 10
123.0
 20
-1195.0
 10
123.0
 20
-1195.25
 10
123.0
 20
-1195.5
 10
123.0
 20
-1195.75
 10
123.0
 20
-1196.0
 10
123.0
 20
-1196.25
 10
123.0
 20
-1196.5
 10
123.0
 20
-1196.75
 10
123.0
 20
-1197.0
 10
123.0
 20
-1197.25
 10
123.0
 20
-1197.5
 10
123.0
 20
-1197.75
 10
123.0
 20
-1198.0
 10
123.0
 20
-1198.25
 10
123.0
 20
-1198.5
 10
123.0
 20
-1198.75
 10
123.0
 20
-1199.0
 10
123.0
 20
-1199.25
 10
123.0
 20
-1199.5
 10
123.0
 20
-1199.75
  0
LWPOLYLINE
  5
1C0
330
17
100
AcDbEntity
  8
REFERENCE_GEOMETRY
100
AcDbPolyline
 90
72
 70
1
 10
103.19999999744435
 20
-1192.9999999017914
 10
103.19353098420042
 20
-1192.851835139123
 10
103.17417317756555
 20
-1192.7047979997628
 10
103.14207390213679
 20
-1192.560007525125
 10
103.0974774527822
 20
-1192.418565658148
 10
103.04072323540947
 20
-1192.281548856845
 10
102.97224318388193
 20
-1192.1499999018065
 10
102.89255847274109
 20
-1192.0249199600119
 10
102.80227555075366
 20
-1191.9072609653435
 10
102.7020815254703
 20
-1191.7979183737955
 10
102.59273893392222
 20
-1191.697724348512
 10
102.47507993925397
 20
-1191.6074414265247
 10
102.3499999974594
 20
-1191.527756715384
 10
102.21845104242092
 20
-1191.4592766638564
 10
102.0814342411178
 20
-1191.4025224464838
 10
101.93999237414096
 20
-1191.357925997129
 10
101.79520189950303
 20
-1191.3258267217004
 10
101.64816476014286
 20
-1191.3064689150654
 10
101.49999999747448
 20
-1191.2999999018216
 10
101.35183523480609
 20
-1191.3064689150654
 10
101.20479809544592
 20
-1191.3258267217004
 10
101.060007620808
 20
-1191.357925997129
 10
100.91856575383115
 20
-1191.4025224464838
 10
100.78154895252803
 20
-1191.4592766638564
 10
100.64999999748954
 20
-1191.527756715384
 10
100.52492005569498
 20
-1191.6074414265247
 10
100.40726106102673
 20
-1191.697724348512
 10
100.29791846947865
 20
-1191.7979183737955
 10
100.19772444419529
 20
-1191.9072609653435
 10
100.10744152220786
 20
-1192.0249199600119
 10
100.02775681106702
 20
-1192.1499999018065
 10
99.95927675953948
 20
-1192.281548856845
 10
99.90252254216675
 20
-1192.418565658148
 10
99.85792609281216
 20
-1192.560007525125
 10
99.8258268173834
 20
-1192.7047979997628
 10
99.80646901074853
 20
-1192.851835139123
 10
99.7999999975046
 20
-1192.9999999017914
 10
99.80646901074853
 20
-1193.1481646644597
 10
99.8258268173834
 20
-1193.29520180382
 10
99.85792609281216
 20
-1193.4399922784578
 10
99.90252254216675
 20
-1193.5814341454347
 10
99.95927675953948
 20
-1193.718450946738
 10
100.02775681106702
 20
-1193.8499999017763
 10
100.10744152220786
 20
-1193.975079843571
 10
100.19772444419529
 20
-1194.0927388382393
 10
100.29791846947865
 20
-1194.2020814297873
 10
100.40726106102673
 20
-1194.3022754550707
 10
100.52492005569498
 20
-1194.392558377058
 10
100.64999999748954
 20
-1194.4722430881989
 10
100.78154895252801
 20
-1194.5407231397264
 10
100.91856575383115
 20
-1194.597477357099
 10
101.060007620808
 20
-1194.6420738064537
 10
101.20479809544592
 20
-1194.6741730818824
 10
101.35183523480609
 20
-1194.6935308885174
 10
101.49999999747448
 20
-1194.6999999017612
 10
101.64816476014286
 20
-1194.6935308885174
 10
101.79520189950303
 20
-1194.6741730818824
 10
101.93999237414096
 20
-1194.6420738064537
 10
102.0814342411178
 20
-1194.597477357099
 10
102.21845104242092
 20
-1194.5407231397264
 10
102.3499999974594
 20
-1194.4722430881989
 10
102.47507993925397
 20
-1194.392558377058
 10
102.59273893392222
 20
-1194.3022754550707
 10
102.7020815254703
 20
-1194.2020814297873
 10
102.80227555075365
 20
-1194.0927388382393
 10
102.89255847274107
 20
-1193.975079843571
 10
102.97224318388193
 20
-1193.8499999017763
 10
103.04072323540947
 20
-1193.718450946738
 10
103.0974774527822
 20
-1193.5814341454347
 10
103.14207390213679
 20
-1193.4399922784578
 10
103.17417317756555
 20
-1193.29520180382
 10
103.19353098420042
 20
-1193.1481646644597
  0
LWPOLYLINE
  5
1C1
330
17
100
AcDbEntity
  8
REFERENCE_GEOMETRY
100
AcDbPolyline
 90
72
 70
1
 10
33.200000010476415
 20
-1193.0000002634529
 10
33.19353099723302
 20
-1192.8518355007964
 10
33.1741731905997
 20
-1192.7047983614482
 10
33.142073915173526
 20
-1192.560007886822
 10
33.097477465822536
 20
-1192.4185660198564
 10
33.04072324845438
 20
-1192.2815492185644
 10
32.97224319693235
 20
-1192.1500002635364
 10
32.89255848579792
 20
-1192.024920321752
 10
32.802275563817766
 20
-1191.9072613270932
 10
32.70208153854249
 20
-1191.7979187355538
 10
32.59273894700322
 20
-1191.6977247102786
 10
32.475079952344444
 20
-1191.6074417882985
 10
32.35000001055996
 20
-1191.527757077164
 10
32.21845105553208
 20
-1191.459277025642
 10
32.081434254239994
 20
-1191.402522808274
 10
31.939992387274543
 20
-1191.357926358923
 10
31.79520191264827
 20
-1191.3258270834967
 10
31.64816477329996
 20
-1191.3064692768633
 10
31.500000010643504
 20
-1191.30000026362
 10
31.351835247987047
 20
-1191.3064692768633
 10
31.204798108638737
 20
-1191.3258270834967
 10
31.060007634012464
 20
-1191.357926358923
 10
30.918565767047017
 20
-1191.402522808274
 10
30.78154896575493
 20
-1191.459277025642
 10
30.650000010727048
 20
-1191.527757077164
 10
30.524920068942563
 20
-1191.6074417882985
 10
30.40726107428379
 20
-1191.6977247102786
 10
30.297918482744524
 20
-1191.7979187355538
 10
30.19772445746924
 20
-1191.9072613270932
 10
30.10744153548909
 20
-1192.024920321752
 10
30.02775682435466
 20
-1192.1500002635364
 10
29.959276772832634
 20
-1192.2815492185644
 10
29.902522555464472
 20
-1192.4185660198564
 10
29.857926106113485
 20
-1192.560007886822
 10
29.8258268306873
 20
-1192.7047983614482
 10
29.80646902405399
 20
-1192.8518355007964
 10
29.800000010810592
 20
-1193.0000002634529
 10
29.80646902405399
 20
-1193.1481650261094
 10
29.8258268306873
 20
-1193.2952021654576
 10
29.857926106113485
 20
-1193.4399926400838
 10
29.902522555464472
 20
-1193.5814345070494
 10
29.959276772832634
 20
-1193.7184513083414
 10
30.02775682435466
 20
-1193.8500002633693
 10
30.10744153548909
 20
-1193.9750802051537
 10
30.19772445746924
 20
-1194.0927391998125
 10
30.297918482744524
 20
-1194.202081791352
 10
30.40726107428379
 20
-1194.3022758166271
 10
30.524920068942563
 20
-1194.3925587386072
 10
30.650000010727048
 20
-1194.4722434497417
 10
30.78154896575493
 20
-1194.5407235012638
 10
30.918565767047017
 20
-1194.5974777186318
 10
31.060007634012464
 20
-1194.6420741679829
 10
31.204798108638737
 20
-1194.674173443409
 10
31.351835247987047
 20
-1194.6935312500425
 10
31.500000010643504
 20
-1194.7000002632858
 10
31.64816477329996
 20
-1194.6935312500425
 10
31.79520191264827
 20
-1194.674173443409
 10
31.939992387274543
 20
-1194.6420741679829
 10
32.081434254239994
 20
-1194.5974777186318
 10
32.21845105553208
 20
-1194.5407235012638
 10
32.35000001055996
 20
-1194.4722434497417
 10
32.475079952344444
 20
-1194.3925587386072
 10
32.59273894700322
 20
-1194.3022758166271
 10
32.70208153854249
 20
-1194.202081791352
 10
32.802275563817766
 20
-1194.0927391998125
 10
32.89255848579792
 20
-1193.9750802051537
 10
32.97224319693235
 20
-1193.8500002633693
 10
33.04072324845437
 20
-1193.7184513083414
 10
33.097477465822536
 20
-1193.5814345070494
 10
33.142073915173526
 20
-1193.4399926400838
 10
33.1741731905997
 20
-1193.2952021654576
 10
33.19353099723302
 20
-1193.1481650261094
  0
DIMENSION
  5
1C2
330
17
100
AcDbEntity
  8
REFERENCE_DIMENSIONS
100
AcDbDimension
280
0
  2
*D19
  3
Standard
 10
0.0
 20
-1216.0
 30
0.0
 11
61.5
 21
-1216.0
 31
0.0
 70
32
 71
5
  1
<>
100
AcDbAlignedDimension
 13
0.0
 23
-1200.0
 33
0.0
 14
123.0
 24
-1200.0
 34
0.0
 50
0.0
100
AcDbRotatedDimension
1001
ACAD
1000
DSTYLE
1002
{
1070
140
1040
3.0
1070
41
1040
2.0
1070
271
1070
3
1002
}
  0
DIMENSION
  5
1D2
330
17
100
AcDbEntity
  8
REFERENCE_DIMENSIONS
100
AcDbDimension
280
0
  2
*D20
  3
Standard
 10
139.0
 20
-1200.0
 30
0.0
 11
139.0
 21
-1193.0
 31
0.0
 70
32
 71
5
  1
<>
100
AcDbAlignedDimension
 13
123.0
 23
-1200.0
 33
0.0
 14
123.0
 24
-1186.0
 34
0.0
 50
90.0
100
AcDbRotatedDimension
1001
ACAD
1000
DSTYLE
1002
{
1070
140
1040
3.0
1070
41
1040
2.0
1070
271
1070
3
1002
}
  0
TEXT
  5
1E2
330
17
100
AcDbEntity
  8
REFERENCE_NOTES
100
AcDbText
 10
0.0
 20
-1234.0
 30
0.0
 40
3.0
  1
upper_deck_angle_1_1_web
100
AcDbText
  0
TEXT
  5
1E3
330
17
100
AcDbEntity
  8
REFERENCE_NOTES
100
AcDbText
 10
0.0
 20
-1241.0
 30
0.0
 40
3.0
  1
R01 CANDIDATE | mm 1:1 | NOT FOR MANUFACTURE
100
AcDbText
  0
TEXT
  5
1E4
330
17
100
AcDbEntity
  8
REFERENCE_NOTES
100
AcDbText
 10
0.0
 20
-1248.0
 30
0.0
 40
3.0
  1
Web-facing holes D3.4
100
AcDbText
  0
TEXT
  5
1E5
330
17
100
AcDbEntity
  8
REFERENCE_NOTES
100
AcDbText
 10
0.0
 20
-1255.0
 30
0.0
 40
3.0
  1
Source instance: upper_deck_angle_1_1
100
AcDbText
  0
TEXT
  5
1E6
330
17
100
AcDbEntity
  8
REFERENCE_NOTES
100
AcDbText
 10
0.0
 20
-1262.0
 30
0.0
 40
3.0
  1
Material / tolerances / finish / preload: TBD
100
AcDbText
  0
LWPOLYLINE
  5
1E7
330
17
100
AcDbEntity
  8
REFERENCE_GEOMETRY
100
AcDbPolyline
 90
4371
 70
1
 10
824.0
 20
-1200.0
 10
823.75003431709
 20
-1200.0
 10
823.5000686341798
 20
-1200.0
 10
823.2501029512698
 20
-1200.0
 10
823.0001372683596
 20
-1200.0
 10
822.7501715854496
 20
-1200.0
 10
822.5002059025394
 20
-1200.0
 10
822.2502402196294
 20
-1200.0
 10
822.0002745367193
 20
-1200.0
 10
821.7503088538092
 20
-1200.0
 10
821.5003431708991
 20
-1200.0
 10
821.250377487989
 20
-1200.0
 10
821.0004118050789
 20
-1200.0
 10
820.7504461221688
 20
-1200.0
 10
820.5004804392588
 20
-1200.0
 10
820.2505147563486
 20
-1200.0
 10
820.0005490734386
 20
-1200.0
 10
819.7505833905285
 20
-1200.0
 10
819.5006177076184
 20
-1200.0
 10
819.2506520247083
 20
-1200.0
 10
819.0006863417982
 20
-1200.0
 10
818.7507206588881
 20
-1200.0
 10
818.500754975978
 20
-1200.0
 10
818.250789293068
 20
-1200.0
 10
818.0008236101578
 20
-1200.0
 10
817.7508579272478
 20
-1200.0
 10
817.5008922443377
 20
-1200.0
 10
817.2509265614276
 20
-1200.0
 10
817.0009608785175
 20
-1200.0
 10
816.7509951956074
 20
-1200.0
 10
816.5010295126974
 20
-1200.0
 10
816.2510638297872
 20
-1200.0
 10
816.0010981468772
 20
-1200.0
 10
815.751132463967
 20
-1200.0
 10
815.501166781057
 20
-1200.0
 10
815.2512010981468
 20
-1200.0
 10
815.0012354152368
 20
-1200.0
 10
814.7512697323267
 20
-1200.0
 10
814.5013040494166
 20
-1200.0
 10
814.2513383665066
 20
-1200.0
 10
814.0013726835964
 20
-1200.0
 10
813.7514070006864
 20
-1200.0
 10
813.5014413177762
 20
-1200.0
 10
813.2514756348662
 20
-1200.0
 10
813.001509951956
 20
-1200.0
 10
812.751544269046
 20
-1200.0
 10
812.5015785861359
 20
-1200.0
 10
812.2516129032258
 20
-1200.0
 10
812.0016472203157
 20
-1200.0
 10
811.7516815374056
 20
-1200.0
 10
811.5017158544955
 20
-1200.0
 10
811.2517501715854
 20
-1200.0
 10
811.0017844886754
 20
-1200.0
 10
810.7518188057652
 20
-1200.0
 10
810.5018531228552
 20
-1200.0
 10
810.2518874399451
 20
-1200.0
 10
810.001921757035
 20
-1200.0
 10
809.7519560741249
 20
-1200.0
 10
809.5019903912148
 20
-1200.0
 10
809.2520247083048
 20
-1200.0
 10
809.0020590253946
 20
-1200.0
 10
808.7520933424846
 20
-1200.0
 10
808.5021276595744
 20
-1200.0
 10
808.2521619766644
 20
-1200.0
 10
808.0021962937543
 20
-1200.0
 10
807.7522306108442
 20
-1200.0
 10
807.5022649279341
 20
-1200.0
 10
807.252299245024
 20
-1200.0
 10
807.002333562114
 20
-1200.0
 10
806.7523678792038
 20
-1200.0
 10
806.5024021962938
 20
-1200.0
 10
806.2524365133836
 20
-1200.0
 10
806.0024708304736
 20
-1200.0
 10
805.7525051475635
 20
-1200.0
 10
805.5025394646534
 20
-1200.0
 10
805.2525737817433
 20
-1200.0
 10
805.0026080988332
 20
-1200.0
 10
804.7526424159232
 20
-1200.0
 10
804.502676733013
 20
-1200.0
 10
804.252711050103
 20
-1200.0
 10
804.0027453671928
 20
-1200.0
 10
803.7527796842828
 20
-1200.0
 10
803.5028140013726
 20
-1200.0
 10
803.2528483184626
 20
-1200.0
 10
803.0028826355525
 20
-1200.0
 10
802.7529169526424
 20
-1200.0
 10
802.5029512697323
 20
-1200.0
 10
802.2529855868222
 20
-1200.0
 10
802.0030199039122
 20
-1200.0
 10
801.753054221002
 20
-1200.0
 10
801.503088538092
 20
-1200.0
 10
801.2531228551818
 20
-1200.0
 10
801.0031571722718
 20
-1200.0
 10
800.7531914893617
 20
-1200.0
 10
800.5032258064516
 20
-1200.0
 10
800.2532601235415
 20
-1200.0
 10
800.0032944406314
 20
-1200.0
 10
799.7533287577214
 20
-1200.0
 10
799.5033630748112
 20
-1200.0
 10
799.2533973919012
 20
-1200.0
 10
799.0034317089911
 20
-1200.0
 10
798.753466026081
 20
-1200.0
 10
798.5035003431709
 20
-1200.0
 10
798.2535346602608
 20
-1200.0
 10
798.0035689773507
 20
-1200.0
 10
797.7536032944406
 20
-1200.0
 10
797.5036376115306
 20
-1200.0
 10
797.2536719286204
 20
-1200.0
 10
797.0037062457104
 20
-1200.0
 10
796.7537405628002
 20
-1200.0
 10
796.5037748798902
 20
-1200.0
 10
796.2538091969801
 20
-1200.0
 10
796.00384351407
 20
-1200.0
 10
795.7538778311599
 20
-1200.0
 10
795.5039121482498
 20
-1200.0
 10
795.2539464653398
 20
-1200.0
 10
795.0039807824296
 20
-1200.0
 10
794.7540150995196
 20
-1200.0
 10
794.5040494166094
 20
-1200.0
 10
794.2540837336994
 20
-1200.0
 10
794.0041180507892
 20
-1200.0
 10
793.7541523678792
 20
-1200.0
 10
793.5041866849691
 20
-1200.0
 10
793.254221002059
 20
-1200.0
 10
793.0042553191489
 20
-1200.0
 10
792.7542896362388
 20
-1200.0
 10
792.5043239533288
 20
-1200.0
 10
792.2543582704186
 20
-1200.0
 10
792.0043925875086
 20
-1200.0
 10
791.7544269045985
 20
-1200.0
 10
791.5044612216884
 20
-1200.0
 10
791.2544955387783
 20
-1200.0
 10
791.0045298558682
 20
-1200.0
 10
790.7545641729581
 20
-1200.0
 10
790.504598490048
 20
-1200.0
 10
790.254632807138
 20
-1200.0
 10
790.0046671242278
 20
-1200.0
 10
789.7547014413178
 20
-1200.0
 10
789.5047357584077
 20
-1200.0
 10
789.2547700754976
 20
-1200.0
 10
789.0048043925875
 20
-1200.0
 10
788.7548387096774
 20
-1200.0
 10
788.5048730267673
 20
-1200.0
 10
788.2549073438572
 20
-1200.0
 10
788.0049416609472
 20
-1200.0
 10
787.754975978037
 20
-1200.0
 10
787.505010295127
 20
-1200.0
 10
787.2550446122169
 20
-1200.0
 10
787.0050789293068
 20
-1200.0
 10
786.7551132463967
 20
-1200.0
 10
786.5051475634866
 20
-1200.0
 10
786.2551818805766
 20
-1200.0
 10
786.0052161976664
 20
-1200.0
 10
785.7552505147564
 20
-1200.0
 10
785.5052848318462
 20
-1200.0
 10
785.2553191489362
 20
-1200.0
 10
785.005353466026
 20
-1200.0
 10
784.755387783116
 20
-1200.0
 10
784.5054221002059
 20
-1200.0
 10
784.2554564172958
 20
-1200.0
 10
784.0054907343857
 20
-1200.0
 10
783.7555250514756
 20
-1200.0
 10
783.5055593685656
 20
-1200.0
 10
783.2555936856554
 20
-1200.0
 10
783.0056280027454
 20
-1200.0
 10
782.7556623198352
 20
-1200.0
 10
782.5056966369252
 20
-1200.0
 10
782.2557309540151
 20
-1200.0
 10
782.005765271105
 20
-1200.0
 10
781.7557995881949
 20
-1200.0
 10
781.5058339052848
 20
-1200.0
 10
781.2558682223747
 20
-1200.0
 10
781.0059025394646
 20
-1200.0
 10
780.7559368565546
 20
-1200.0
 10
780.5059711736444
 20
-1200.0
 10
780.2560054907344
 20
-1200.0
 10
780.0060398078243
 20
-1200.0
 10
779.7560741249142
 20
-1200.0
 10
779.5061084420041
 20
-1200.0
 10
779.256142759094
 20
-1200.0
 10
779.006177076184
 20
-1200.0
 10
778.7562113932738
 20
-1200.0
 10
778.5062457103638
 20
-1200.0
 10
778.2562800274536
 20
-1200.0
 10
778.0063143445436
 20
-1200.0
 10
777.7563486616334
 20
-1200.0
 10
777.5063829787234
 20
-1200.0
 10
777.2564172958133
 20
-1200.0
 10
777.0064516129032
 20
-1200.0
 10
776.7564859299932
 20
-1200.0
 10
776.506520247083
 20
-1200.0
 10
776.256554564173
 20
-1200.0
 10
776.0065888812628
 20
-1200.0
 10
775.7566231983528
 20
-1200.0
 10
775.5066575154426
 20
-1200.0
 10
775.2566918325326
 20
-1200.0
 10
775.0067261496225
 20
-1200.0
 10
774.7567604667124
 20
-1200.0
 10
774.5067947838023
 20
-1200.0
 10
774.2568291008922
 20
-1200.0
 10
774.0068634179822
 20
-1200.0
 10
773.756897735072
 20
-1200.0
 10
773.506932052162
 20
-1200.0
 10
773.2569663692518
 20
-1200.0
 10
773.0070006863418
 20
-1200.0
 10
772.7570350034317
 20
-1200.0
 10
772.5070693205216
 20
-1200.0
 10
772.2571036376115
 20
-1200.0
 10
772.0071379547014
 20
-1200.0
 10
771.7571722717914
 20
-1200.0
 10
771.5072065888812
 20
-1200.0
 10
771.2572409059712
 20
-1200.0
 10
771.007275223061
 20
-1200.0
 10
770.757309540151
 20
-1200.0
 10
770.5073438572409
 20
-1200.0
 10
770.2573781743308
 20
-1200.0
 10
770.0074124914207
 20
-1200.0
 10
769.7574468085106
 20
-1200.0
 10
769.5074811256006
 20
-1200.0
 10
769.2575154426904
 20
-1200.0
 10
769.0075497597804
 20
-1200.0
 10
768.7575840768703
 20
-1200.0
 10
768.5076183939602
 20
-1200.0
 10
768.25765271105
 20
-1200.0
 10
768.00768702814
 20
-1200.0
 10
767.7577213452299
 20
-1200.0
 10
767.5077556623198
 20
-1200.0
 10
767.2577899794098
 20
-1200.0
 10
767.0078242964996
 20
-1200.0
 10
766.7578586135896
 20
-1200.0
 10
766.5078929306794
 20
-1200.0
 10
766.2579272477694
 20
-1200.0
 10
766.0079615648592
 20
-1200.0
 10
765.7579958819492
 20
-1200.0
 10
765.5080301990391
 20
-1200.0
 10
765.258064516129
 20
-1200.0
 10
765.0080988332189
 20
-1200.0
 10
764.7581331503088
 20
-1200.0
 10
764.5081674673988
 20
-1200.0
 10
764.2582017844886
 20
-1200.0
 10
764.0082361015786
 20
-1200.0
 10
763.7582704186684
 20
-1200.0
 10
763.5083047357584
 20
-1200.0
 10
763.2583390528483
 20
-1200.0
 10
763.0083733699382
 20
-1200.0
 10
762.7584076870281
 20
-1200.0
 10
762.508442004118
 20
-1200.0
 10
762.258476321208
 20
-1200.0
 10
762.0085106382978
 20
-1200.0
 10
761.7585449553878
 20
-1200.0
 10
761.5085792724777
 20
-1200.0
 10
761.2586135895676
 20
-1200.0
 10
761.0086479066575
 20
-1200.0
 10
760.7586822237474
 20
-1200.0
 10
760.5087165408373
 20
-1200.0
 10
760.2587508579272
 20
-1200.0
 10
760.0087851750172
 20
-1200.0
 10
759.758819492107
 20
-1200.0
 10
759.508853809197
 20
-1200.0
 10
759.2588881262869
 20
-1200.0
 10
759.0089224433768
 20
-1200.0
 10
758.7589567604666
 20
-1200.0
 10
758.5089910775566
 20
-1200.0
 10
758.2590253946465
 20
-1200.0
 10
758.0090597117364
 20
-1200.0
 10
757.7590940288264
 20
-1200.0
 10
757.5091283459162
 20
-1200.0
 10
757.2591626630062
 20
-1200.0
 10
757.009196980096
 20
-1200.0
 10
756.759231297186
 20
-1200.0
 10
756.5092656142758
 20
-1200.0
 10
756.2592999313658
 20
-1200.0
 10
756.0093342484557
 20
-1200.0
 10
755.7593685655456
 20
-1200.0
 10
755.5094028826356
 20
-1200.0
 10
755.2594371997254
 20
-1200.0
 10
755.0094715168154
 20
-1200.0
 10
754.7595058339052
 20
-1200.0
 10
754.5095401509952
 20
-1200.0
 10
754.2595744680851
 20
-1200.0
 10
754.009608785175
 20
-1200.0
 10
753.7596431022649
 20
-1200.0
 10
753.5096774193548
 20
-1200.0
 10
753.2597117364447
 20
-1200.0
 10
753.0097460535346
 20
-1200.0
 10
752.7597803706246
 20
-1200.0
 10
752.5098146877144
 20
-1200.0
 10
752.2598490048044
 20
-1200.0
 10
752.0098833218943
 20
-1200.0
 10
751.7599176389842
 20
-1200.0
 10
751.5099519560741
 20
-1200.0
 10
751.259986273164
 20
-1200.0
 10
751.0100205902539
 20
-1200.0
 10
750.7600549073438
 20
-1200.0
 10
750.5100892244338
 20
-1200.0
 10
750.2601235415236
 20
-1200.0
 10
750.0101578586136
 20
-1200.0
 10
749.7601921757035
 20
-1200.0
 10
749.5102264927934
 20
-1200.0
 10
749.2602608098833
 20
-1200.0
 10
749.0102951269732
 20
-1200.0
 10
748.7603294440631
 20
-1200.0
 10
748.510363761153
 20
-1200.0
 10
748.2603980782429
 20
-1200.0
 10
748.0104323953328
 20
-1200.0
 10
747.7604667124228
 20
-1200.0
 10
747.5105010295127
 20
-1200.0
 10
747.2605353466026
 20
-1200.0
 10
747.0105696636925
 20
-1200.0
 10
746.7606039807824
 20
-1200.0
 10
746.5106382978724
 20
-1200.0
 10
746.2606726149622
 20
-1200.0
 10
746.0107069320521
 20
-1200.0
 10
745.760741249142
 20
-1200.0
 10
745.510775566232
 20
-1200.0
 10
745.2608098833218
 20
-1200.0
 10
745.0108442004118
 20
-1200.0
 10
744.7608785175017
 20
-1200.0
 10
744.5109128345916
 20
-1200.0
 10
744.2609471516815
 20
-1200.0
 10
744.0109814687714
 20
-1200.0
 10
743.7610157858613
 20
-1200.0
 10
743.5110501029512
 20
-1200.0
 10
743.2610844200412
 20
-1200.0
 10
743.011118737131
 20
-1200.0
 10
742.761153054221
 20
-1200.0
 10
742.5111873713109
 20
-1200.0
 10
742.2612216884008
 20
-1200.0
 10
742.0112560054907
 20
-1200.0
 10
741.7612903225806
 20
-1200.0
 10
741.5113246396705
 20
-1200.0
 10
741.2613589567604
 20
-1200.0
 10
741.0113932738504
 20
-1200.0
 10
740.7614275909402
 20
-1200.0
 10
740.5114619080302
 20
-1200.0
 10
740.2614962251201
 20
-1200.0
 10
740.01153054221
 20
-1200.0
 10
739.7615648592999
 20
-1200.0
 10
739.5115991763898
 20
-1200.0
 10
739.2616334934798
 20
-1200.0
 10
739.0116678105696
 20
-1200.0
 10
738.7617021276596
 20
-1200.0
 10
738.5117364447494
 20
-1200.0
 10
738.2617707618394
 20
-1200.0
 10
738.0118050789293
 20
-1200.0
 10
737.7618393960192
 20
-1200.0
 10
737.5118737131091
 20
-1200.0
 10
737.261908030199
 20
-1200.0
 10
737.011942347289
 20
-1200.0
 10
736.7619766643788
 20
-1200.0
 10
736.5120109814687
 20
-1200.0
 10
736.2620452985586
 20
-1200.0
 10
736.0120796156486
 20
-1200.0
 10
735.7621139327385
 20
-1200.0
 10
735.5121482498284
 20
-1200.0
 10
735.2621825669183
 20
-1200.0
 10
735.0122168840082
 20
-1200.0
 10
734.7622512010981
 20
-1200.0
 10
734.512285518188
 20
-1200.0
 10
734.2623198352779
 20
-1200.0
 10
734.0123541523678
 20
-1200.0
 10
733.7623884694578
 20
-1200.0
 10
733.5124227865477
 20
-1200.0
 10
733.2624571036376
 20
-1200.0
 10
733.0124914207275
 20
-1200.0
 10
732.7625257378174
 20
-1200.0
 10
732.5125600549073
 20
-1200.0
 10
732.2625943719972
 20
-1200.0
 10
732.0126286890871
 20
-1200.0
 10
731.762663006177
 20
-1200.0
 10
731.512697323267
 20
-1200.0
 10
731.2627316403568
 20
-1200.0
 10
731.0127659574468
 20
-1200.0
 10
730.7628002745367
 20
-1200.0
 10
730.5128345916266
 20
-1200.0
 10
730.2628689087165
 20
-1200.0
 10
730.0129032258064
 20
-1200.0
 10
729.7629375428963
 20
-1200.0
 10
729.5129718599862
 20
-1200.0
 10
729.2630061770762
 20
-1200.0
 10
729.013040494166
 20
-1200.0
 10
728.763074811256
 20
-1200.0
 10
728.513109128346
 20
-1200.0
 10
728.2631434454358
 20
-1200.0
 10
728.0131777625257
 20
-1200.0
 10
727.7632120796156
 20
-1200.0
 10
727.5132463967057
 20
-1200.0
 10
727.2632807137954
 20
-1200.0
 10
727.0133150308853
 20
-1200.0
 10
726.7633493479752
 20
-1200.0
 10
726.5133836650652
 20
-1200.0
 10
726.2634179821551
 20
-1200.0
 10
726.013452299245
 20
-1200.0
 10
725.763486616335
 20
-1200.0
 10
725.5135209334248
 20
-1200.0
 10
725.2635552505147
 20
-1200.0
 10
725.0135895676046
 20
-1200.0
 10
724.7636238846945
 20
-1200.0
 10
724.5136582017844
 20
-1200.0
 10
724.2636925188744
 20
-1200.0
 10
724.0137268359643
 20
-1200.0
 10
723.7637611530542
 20
-1200.0
 10
723.5137954701441
 20
-1200.0
 10
723.263829787234
 20
-1200.0
 10
723.0138641043239
 20
-1200.0
 10
722.7638984214138
 20
-1200.0
 10
722.5139327385037
 20
-1200.0
 10
722.2639670555936
 20
-1200.0
 10
722.0140013726837
 20
-1200.0
 10
721.7640356897736
 20
-1200.0
 10
721.5140700068634
 20
-1200.0
 10
721.2641043239533
 20
-1200.0
 10
721.0141386410432
 20
-1200.0
 10
720.7641729581331
 20
-1200.0
 10
720.514207275223
 20
-1200.0
 10
720.264241592313
 20
-1200.0
 10
720.014275909403
 20
-1200.0
 10
719.7643102264927
 20
-1200.0
 10
719.5143445435826
 20
-1200.0
 10
719.2643788606727
 20
-1200.0
 10
719.0144131777625
 20
-1200.0
 10
718.7644474948524
 20
-1200.0
 10
718.5144818119423
 20
-1200.0
 10
718.2645161290322
 20
-1200.0
 10
718.0145504461223
 20
-1200.0
 10
717.7645847632122
 20
-1200.0
 10
717.5146190803019
 20
-1200.0
 10
717.2646533973918
 20
-1200.0
 10
717.0146877144819
 20
-1200.0
 10
716.7647220315718
 20
-1200.0
 10
716.5147563486616
 20
-1200.0
 10
716.2647906657515
 20
-1200.0
 10
716.0148249828414
 20
-1200.0
 10
715.7648592999315
 20
-1200.0
 10
715.5148936170212
 20
-1200.0
 10
715.2649279341111
 20
-1200.0
 10
715.014962251201
 20
-1200.0
 10
714.764996568291
 20
-1200.0
 10
714.515030885381
 20
-1200.0
 10
714.2650652024709
 20
-1200.0
 10
714.0150995195607
 20
-1200.0
 10
713.7651338366506
 20
-1200.0
 10
713.5151681537405
 20
-1200.0
 10
713.2652024708304
 20
-1200.0
 10
713.0152367879205
 20
-1200.0
 10
712.7652711050104
 20
-1200.0
 10
712.5153054221003
 20
-1200.0
 10
712.26533973919
 20
-1200.0
 10
712.01537405628
 20
-1200.0
 10
711.76540837337
 20
-1200.0
 10
711.5154426904598
 20
-1200.0
 10
711.2654770075497
 20
-1200.0
 10
711.0155113246396
 20
-1200.0
 10
710.7655456417297
 20
-1200.0
 10
710.5155799588196
 20
-1200.0
 10
710.2656142759095
 20
-1200.0
 10
710.0156485929992
 20
-1200.0
 10
709.7656829100893
 20
-1200.0
 10
709.5157172271792
 20
-1200.0
 10
709.265751544269
 20
-1200.0
 10
709.015785861359
 20
-1200.0
 10
708.7658201784488
 20
-1200.0
 10
708.5158544955389
 20
-1200.0
 10
708.2658888126286
 20
-1200.0
 10
708.0159231297187
 20
-1200.0
 10
707.7659574468084
 20
-1200.0
 10
707.5159917638985
 20
-1200.0
 10
707.2660260809884
 20
-1200.0
 10
707.0160603980783
 20
-1200.0
 10
706.7660947151682
 20
-1200.0
 10
706.516129032258
 20
-1200.0
 10
706.2661633493481
 20
-1200.0
 10
706.0161976664378
 20
-1200.0
 10
705.7662319835279
 20
-1200.0
 10
705.5162663006178
 20
-1200.0
 10
705.2663006177077
 20
-1200.0
 10
705.0163349347976
 20
-1200.0
 10
704.7663692518875
 20
-1200.0
 10
704.5164035689774
 20
-1200.0
 10
704.2664378860673
 20
-1200.0
 10
704.0164722031572
 20
-1200.0
 10
703.766506520247
 20
-1200.0
 10
703.5165408373371
 20
-1200.0
 10
703.266575154427
 20
-1200.0
 10
703.0166094715169
 20
-1200.0
 10
702.7666437886066
 20
-1200.0
 10
702.5166781056967
 20
-1200.0
 10
702.2667124227866
 20
-1200.0
 10
702.0167467398765
 20
-1200.0
 10
701.7667810569664
 20
-1200.0
 10
701.5168153740563
 20
-1200.0
 10
701.2668496911463
 20
-1200.0
 10
701.0168840082362
 20
-1200.0
 10
700.7669183253261
 20
-1200.0
 10
700.5169526424158
 20
-1200.0
 10
700.2669869595059
 20
-1200.0
 10
700.0170212765958
 20
-1200.0
 10
699.7670555936857
 20
-1200.0
 10
699.5170899107756
 20
-1200.0
 10
699.2671242278655
 20
-1200.0
 10
699.0171585449555
 20
-1200.0
 10
698.7671928620452
 20
-1200.0
 10
698.5172271791353
 20
-1200.0
 10
698.2672614962252
 20
-1200.0
 10
698.0172958133151
 20
-1200.0
 10
697.767330130405
 20
-1200.0
 10
697.5173644474949
 20
-1200.0
 10
697.2673987645848
 20
-1200.0
 10
697.0174330816747
 20
-1200.0
 10
696.7674673987647
 20
-1200.0
 10
696.5175017158545
 20
-1200.0
 10
696.2675360329445
 20
-1200.0
 10
696.0175703500344
 20
-1200.0
 10
695.7676046671243
 20
-1200.0
 10
695.5176389842142
 20
-1200.0
 10
695.2676733013041
 20
-1200.0
 10
695.017707618394
 20
-1200.0
 10
694.7677419354839
 20
-1200.0
 10
694.5177762525738
 20
-1200.0
 10
694.2678105696637
 20
-1200.0
 10
694.0178448867537
 20
-1200.0
 10
693.7678792038436
 20
-1200.0
 10
693.5179135209335
 20
-1200.0
 10
693.2679478380234
 20
-1200.0
 10
693.0179821551133
 20
-1200.0
 10
692.7680164722032
 20
-1200.0
 10
692.518050789293
 20
-1200.0
 10
692.268085106383
 20
-1200.0
 10
692.0181194234729
 20
-1200.0
 10
691.7681537405629
 20
-1200.0
 10
691.5181880576528
 20
-1200.0
 10
691.2682223747427
 20
-1200.0
 10
691.0182566918326
 20
-1200.0
 10
690.7682910089225
 20
-1200.0
 10
690.5183253260124
 20
-1200.0
 10
690.2683596431023
 20
-1200.0
 10
690.0183939601922
 20
-1200.0
 10
689.768428277282
 20
-1200.0
 10
689.5184625943721
 20
-1200.0
 10
689.2684969114619
 20
-1200.0
 10
689.0185312285519
 20
-1200.0
 10
688.7685655456418
 20
-1200.0
 10
688.5185998627317
 20
-1200.0
 10
688.2686341798216
 20
-1200.0
 10
688.0186684969115
 20
-1200.0
 10
687.7687028140014
 20
-1200.0
 10
687.5187371310913
 20
-1200.0
 10
687.2687714481812
 20
-1200.0
 10
687.0188057652712
 20
-1200.0
 10
686.7688400823611
 20
-1200.0
 10
686.518874399451
 20
-1200.0
 10
686.2689087165409
 20
-1200.0
 10
686.0189430336306
 20
-1200.0
 10
685.7689773507207
 20
-1200.0
 10
685.5190116678106
 20
-1200.0
 10
685.2690459849005
 20
-1200.0
 10
685.0190803019904
 20
-1200.0
 10
684.7691146190803
 20
-1200.0
 10
684.5191489361703
 20
-1200.0
 10
684.2691832532602
 20
-1200.0
 10
684.0192175703501
 20
-1200.0
 10
683.76925188744
 20
-1200.0
 10
683.5192862045299
 20
-1200.0
 10
683.2693205216198
 20
-1200.0
 10
683.0193548387097
 20
-1200.0
 10
682.7693891557996
 20
-1200.0
 10
682.5194234728895
 20
-1200.0
 10
682.2694577899795
 20
-1200.0
 10
682.0194921070694
 20
-1200.0
 10
681.7695264241593
 20
-1200.0
 10
681.5195607412492
 20
-1200.0
 10
681.2695950583391
 20
-1200.0
 10
681.019629375429
 20
-1200.0
 10
680.7696636925189
 20
-1200.0
 10
680.5196980096088
 20
-1200.0
 10
680.2697323266987
 20
-1200.0
 10
680.0197666437887
 20
-1200.0
 10
679.7698009608786
 20
-1200.0
 10
679.5198352779685
 20
-1200.0
 10
679.2698695950584
 20
-1200.0
 10
679.0199039121483
 20
-1200.0
 10
678.7699382292382
 20
-1200.0
 10
678.5199725463281
 20
-1200.0
 10
678.270006863418
 20
-1200.0
 10
678.0200411805079
 20
-1200.0
 10
677.7700754975979
 20
-1200.0
 10
677.5201098146877
 20
-1200.0
 10
677.2701441317777
 20
-1200.0
 10
677.0201784488676
 20
-1200.0
 10
676.7702127659575
 20
-1200.0
 10
676.5202470830474
 20
-1200.0
 10
676.2702814001373
 20
-1200.0
 10
676.0203157172272
 20
-1200.0
 10
675.7703500343171
 20
-1200.0
 10
675.5203843514071
 20
-1200.0
 10
675.2704186684969
 20
-1200.0
 10
675.0204529855869
 20
-1200.0
 10
674.7704873026768
 20
-1200.0
 10
674.5205216197667
 20
-1200.0
 10
674.2705559368566
 20
-1200.0
 10
674.0205902539465
 20
-1200.0
 10
673.7706245710364
 20
-1200.0
 10
673.5206588881263
 20
-1200.0
 10
673.2706932052163
 20
-1200.0
 10
673.0207275223061
 20
-1200.0
 10
672.7707618393961
 20
-1200.0
 10
672.5207961564859
 20
-1200.0
 10
672.2708304735759
 20
-1200.0
 10
672.0208647906658
 20
-1200.0
 10
671.7708991077557
 20
-1200.0
 10
671.5209334248456
 20
-1200.0
 10
671.2709677419355
 20
-1200.0
 10
671.0210020590255
 20
-1200.0
 10
670.7710363761153
 20
-1200.0
 10
670.5210706932053
 20
-1200.0
 10
670.2711050102951
 20
-1200.0
 10
670.0211393273851
 20
-1200.0
 10
669.771173644475
 20
-1200.0
 10
669.5212079615649
 20
-1200.0
 10
669.2712422786548
 20
-1200.0
 10
669.0212765957447
 20
-1200.0
 10
668.7713109128347
 20
-1200.0
 10
668.5213452299245
 20
-1200.0
 10
668.2713795470145
 20
-1200.0
 10
668.0214138641043
 20
-1200.0
 10
667.7714481811943
 20
-1200.0
 10
667.5214824982842
 20
-1200.0
 10
667.2715168153741
 20
-1200.0
 10
667.021551132464
 20
-1200.0
 10
666.7715854495539
 20
-1200.0
 10
666.5216197666438
 20
-1200.0
 10
666.2716540837337
 20
-1200.0
 10
666.0216884008237
 20
-1200.0
 10
665.7717227179135
 20
-1200.0
 10
665.5217570350035
 20
-1200.0
 10
665.2717913520934
 20
-1200.0
 10
665.0218256691833
 20
-1200.0
 10
664.7718599862732
 20
-1200.0
 10
664.5218943033631
 20
-1200.0
 10
664.271928620453
 20
-1200.0
 10
664.0219629375429
 20
-1200.0
 10
663.7719972546329
 20
-1200.0
 10
663.5220315717227
 20
-1200.0
 10
663.2720658888127
 20
-1200.0
 10
663.0221002059026
 20
-1200.0
 10
662.7721345229925
 20
-1200.0
 10
662.5221688400824
 20
-1200.0
 10
662.2722031571723
 20
-1200.0
 10
662.0222374742622
 20
-1200.0
 10
661.7722717913521
 20
-1200.0
 10
661.5223061084421
 20
-1200.0
 10
661.2723404255319
 20
-1200.0
 10
661.0223747426219
 20
-1200.0
 10
660.7724090597118
 20
-1200.0
 10
660.5224433768017
 20
-1200.0
 10
660.2724776938916
 20
-1200.0
 10
660.0225120109815
 20
-1200.0
 10
659.7725463280715
 20
-1200.0
 10
659.5225806451613
 20
-1200.0
 10
659.2726149622512
 20
-1200.0
 10
659.0226492793411
 20
-1200.0
 10
658.7726835964311
 20
-1200.0
 10
658.522717913521
 20
-1200.0
 10
658.2727522306109
 20
-1200.0
 10
658.0227865477008
 20
-1200.0
 10
657.7728208647907
 20
-1200.0
 10
657.5228551818807
 20
-1200.0
 10
657.2728894989705
 20
-1200.0
 10
657.0229238160604
 20
-1200.0
 10
656.7729581331503
 20
-1200.0
 10
656.5229924502403
 20
-1200.0
 10
656.2730267673302
 20
-1200.0
 10
656.0230610844201
 20
-1200.0
 10
655.77309540151
 20
-1200.0
 10
655.5231297185999
 20
-1200.0
 10
655.2731640356899
 20
-1200.0
 10
655.0231983527797
 20
-1200.0
 10
654.7732326698696
 20
-1200.0
 10
654.5232669869595
 20
-1200.0
 10
654.2733013040495
 20
-1200.0
 10
654.0233356211394
 20
-1200.0
 10
653.7733699382293
 20
-1200.0
 10
653.5234042553192
 20
-1200.0
 10
653.2734385724091
 20
-1200.0
 10
653.023472889499
 20
-1200.0
 10
652.7735072065889
 20
-1200.0
 10
652.5235415236789
 20
-1200.0
 10
652.2735758407687
 20
-1200.0
 10
652.0236101578587
 20
-1200.0
 10
651.7736444749486
 20
-1200.0
 10
651.5236787920385
 20
-1200.0
 10
651.2737131091284
 20
-1200.0
 10
651.0237474262183
 20
-1200.0
 10
650.7737817433082
 20
-1200.0
 10
650.5238160603981
 20
-1200.0
 10
650.273850377488
 20
-1200.0
 10
650.0238846945779
 20
-1200.0
 10
649.7739190116679
 20
-1200.0
 10
649.5239533287577
 20
-1200.0
 10
649.2739876458477
 20
-1200.0
 10
649.0240219629376
 20
-1200.0
 10
648.7740562800275
 20
-1200.0
 10
648.5240905971174
 20
-1200.0
 10
648.2741249142073
 20
-1200.0
 10
648.0241592312972
 20
-1200.0
 10
647.7741935483871
 20
-1200.0
 10
647.5242278654771
 20
-1200.0
 10
647.2742621825669
 20
-1200.0
 10
647.0242964996569
 20
-1200.0
 10
646.7743308167468
 20
-1200.0
 10
646.5243651338367
 20
-1200.0
 10
646.2743994509266
 20
-1200.0
 10
646.0244337680165
 20
-1200.0
 10
645.7744680851064
 20
-1200.0
 10
645.5245024021963
 20
-1200.0
 10
645.2745367192863
 20
-1200.0
 10
645.0245710363762
 20
-1200.0
 10
644.7746053534661
 20
-1200.0
 10
644.524639670556
 20
-1200.0
 10
644.2746739876459
 20
-1200.0
 10
644.0247083047358
 20
-1200.0
 10
643.7747426218257
 20
-1200.0
 10
643.5247769389156
 20
-1200.0
 10
643.2748112560055
 20
-1200.0
 10
643.0248455730955
 20
-1200.0
 10
642.7748798901853
 20
-1200.0
 10
642.5249142072753
 20
-1200.0
 10
642.2749485243651
 20
-1200.0
 10
642.0249828414551
 20
-1200.0
 10
641.775017158545
 20
-1200.0
 10
641.5250514756349
 20
-1200.0
 10
641.2750857927248
 20
-1200.0
 10
641.0251201098147
 20
-1200.0
 10
640.7751544269047
 20
-1200.0
 10
640.5251887439945
 20
-1200.0
 10
640.2752230610845
 20
-1200.0
 10
640.0252573781743
 20
-1200.0
 10
639.7752916952643
 20
-1200.0
 10
639.5253260123542
 20
-1200.0
 10
639.2753603294441
 20
-1200.0
 10
639.025394646534
 20
-1200.0
 10
638.7754289636239
 20
-1200.0
 10
638.5254632807138
 20
-1200.0
 10
638.2754975978037
 20
-1200.0
 10
638.0255319148937
 20
-1200.0
 10
637.7755662319836
 20
-1200.0
 10
637.5256005490735
 20
-1200.0
 10
637.2756348661634
 20
-1200.0
 10
637.0256691832533
 20
-1200.0
 10
636.7757035003432
 20
-1200.0
 10
636.5257378174331
 20
-1200.0
 10
636.275772134523
 20
-1200.0
 10
636.0258064516129
 20
-1200.0
 10
635.7758407687029
 20
-1200.0
 10
635.5258750857927
 20
-1200.0
 10
635.2759094028827
 20
-1200.0
 10
635.0259437199726
 20
-1200.0
 10
634.7759780370625
 20
-1200.0
 10
634.5260123541524
 20
-1200.0
 10
634.2760466712423
 20
-1200.0
 10
634.0260809883322
 20
-1200.0
 10
633.7761153054221
 20
-1200.0
 10
633.5261496225121
 20
-1200.0
 10
633.2761839396019
 20
-1200.0
 10
633.0262182566919
 20
-1200.0
 10
632.7762525737817
 20
-1200.0
 10
632.5262868908717
 20
-1200.0
 10
632.2763212079616
 20
-1200.0
 10
632.0263555250515
 20
-1200.0
 10
631.7763898421414
 20
-1200.0
 10
631.5264241592313
 20
-1200.0
 10
631.2764584763212
 20
-1200.0
 10
631.0264927934111
 20
-1200.0
 10
630.7765271105011
 20
-1200.0
 10
630.526561427591
 20
-1200.0
 10
630.2765957446809
 20
-1200.0
 10
630.0266300617708
 20
-1200.0
 10
629.7766643788607
 20
-1200.0
 10
629.5266986959506
 20
-1200.0
 10
629.2767330130405
 20
-1200.0
 10
629.0267673301304
 20
-1200.0
 10
628.7768016472203
 20
-1200.0
 10
628.5268359643103
 20
-1200.0
 10
628.2768702814002
 20
-1200.0
 10
628.0269045984901
 20
-1200.0
 10
627.77693891558
 20
-1200.0
 10
627.5269732326699
 20
-1200.0
 10
627.2770075497599
 20
-1200.0
 10
627.0270418668497
 20
-1200.0
 10
626.7770761839396
 20
-1200.0
 10
626.5271105010295
 20
-1200.0
 10
626.2771448181195
 20
-1200.0
 10
626.0271791352094
 20
-1200.0
 10
625.7772134522993
 20
-1200.0
 10
625.5272477693891
 20
-1200.0
 10
625.2772820864791
 20
-1200.0
 10
625.027316403569
 20
-1200.0
 10
624.7773507206589
 20
-1200.0
 10
624.5273850377488
 20
-1200.0
 10
624.2774193548387
 20
-1200.0
 10
624.0274536719287
 20
-1200.0
 10
623.7774879890186
 20
-1200.0
 10
623.5275223061085
 20
-1200.0
 10
623.2775566231984
 20
-1200.0
 10
623.0275909402883
 20
-1200.0
 10
622.7776252573782
 20
-1200.0
 10
622.5276595744681
 20
-1200.0
 10
622.277693891558
 20
-1200.0
 10
622.0277282086479
 20
-1200.0
 10
621.7777625257379
 20
-1200.0
 10
621.5277968428277
 20
-1200.0
 10
621.2778311599177
 20
-1200.0
 10
621.0278654770076
 20
-1200.0
 10
620.7778997940975
 20
-1200.0
 10
620.5279341111874
 20
-1200.0
 10
620.2779684282773
 20
-1200.0
 10
620.0280027453673
 20
-1200.0
 10
619.7780370624571
 20
-1200.0
 10
619.5280713795471
 20
-1200.0
 10
619.2781056966369
 20
-1200.0
 10
619.0281400137269
 20
-1200.0
 10
618.7781743308168
 20
-1200.0
 10
618.5282086479067
 20
-1200.0
 10
618.2782429649966
 20
-1200.0
 10
618.0282772820865
 20
-1200.0
 10
617.7783115991764
 20
-1200.0
 10
617.5283459162663
 20
-1200.0
 10
617.2783802333563
 20
-1200.0
 10
617.0284145504461
 20
-1200.0
 10
616.7784488675361
 20
-1200.0
 10
616.528483184626
 20
-1200.0
 10
616.2785175017159
 20
-1200.0
 10
616.0285518188058
 20
-1200.0
 10
615.7785861358957
 20
-1200.0
 10
615.5286204529856
 20
-1200.0
 10
615.2786547700755
 20
-1200.0
 10
615.0286890871654
 20
-1200.0
 10
614.7787234042554
 20
-1200.0
 10
614.5287577213453
 20
-1200.0
 10
614.2787920384351
 20
-1200.0
 10
614.0288263555251
 20
-1200.0
 10
613.778860672615
 20
-1200.0
 10
613.5288949897049
 20
-1200.0
 10
613.2789293067948
 20
-1200.0
 10
613.0289636238847
 20
-1200.0
 10
612.7789979409747
 20
-1200.0
 10
612.5290322580645
 20
-1200.0
 10
612.2790665751545
 20
-1200.0
 10
612.0291008922443
 20
-1200.0
 10
611.7791352093343
 20
-1200.0
 10
611.5291695264242
 20
-1200.0
 10
611.2792038435141
 20
-1200.0
 10
611.029238160604
 20
-1200.0
 10
610.7792724776939
 20
-1200.0
 10
610.5293067947838
 20
-1200.0
 10
610.2793411118737
 20
-1200.0
 10
610.0293754289637
 20
-1200.0
 10
609.7794097460535
 20
-1200.0
 10
609.5294440631435
 20
-1200.0
 10
609.2794783802334
 20
-1200.0
 10
609.0295126973233
 20
-1200.0
 10
608.7795470144132
 20
-1200.0
 10
608.5295813315031
 20
-1200.0
 10
608.279615648593
 20
-1200.0
 10
608.0296499656829
 20
-1200.0
 10
607.7796842827728
 20
-1200.0
 10
607.5297185998628
 20
-1200.0
 10
607.2797529169527
 20
-1200.0
 10
607.0297872340426
 20
-1200.0
 10
606.7798215511325
 20
-1200.0
 10
606.5298558682224
 20
-1200.0
 10
606.2798901853123
 20
-1200.0
 10
606.0299245024022
 20
-1200.0
 10
605.7799588194921
 20
-1200.0
 10
605.529993136582
 20
-1200.0
 10
605.2800274536719
 20
-1200.0
 10
605.0300617707619
 20
-1200.0
 10
604.7800960878518
 20
-1200.0
 10
604.5301304049417
 20
-1200.0
 10
604.2801647220316
 20
-1200.0
 10
604.0301990391215
 20
-1200.0
 10
603.7802333562114
 20
-1200.0
 10
603.5302676733013
 20
-1200.0
 10
603.2803019903912
 20
-1200.0
 10
603.0303363074811
 20
-1200.0
 10
602.7803706245711
 20
-1200.0
 10
602.530404941661
 20
-1200.0
 10
602.2804392587509
 20
-1200.0
 10
602.0304735758408
 20
-1200.0
 10
601.7805078929307
 20
-1200.0
 10
601.5305422100206
 20
-1200.0
 10
601.2805765271105
 20
-1200.0
 10
601.0306108442004
 20
-1200.0
 10
600.7806451612903
 20
-1200.0
 10
600.5306794783802
 20
-1200.0
 10
600.2807137954702
 20
-1200.0
 10
600.0307481125601
 20
-1200.0
 10
599.78078242965
 20
-1200.0
 10
599.5308167467399
 20
-1200.0
 10
599.2808510638298
 20
-1200.0
 10
599.0308853809197
 20
-1200.0
 10
598.7809196980096
 20
-1200.0
 10
598.5309540150995
 20
-1200.0
 10
598.2809883321894
 20
-1200.0
 10
598.0310226492794
 20
-1200.0
 10
597.7810569663693
 20
-1200.0
 10
597.5310912834592
 20
-1200.0
 10
597.2811256005491
 20
-1200.0
 10
597.031159917639
 20
-1200.0
 10
596.7811942347289
 20
-1200.0
 10
596.5312285518188
 20
-1200.0
 10
596.2812628689087
 20
-1200.0
 10
596.0312971859986
 20
-1200.0
 10
595.7813315030886
 20
-1200.0
 10
595.5313658201785
 20
-1200.0
 10
595.2814001372684
 20
-1200.0
 10
595.0314344543583
 20
-1200.0
 10
594.7814687714482
 20
-1200.0
 10
594.5315030885381
 20
-1200.0
 10
594.281537405628
 20
-1200.0
 10
594.0315717227179
 20
-1200.0
 10
593.7816060398078
 20
-1200.0
 10
593.5316403568977
 20
-1200.0
 10
593.2816746739877
 20
-1200.0
 10
593.0317089910776
 20
-1200.0
 10
592.7817433081675
 20
-1200.0
 10
592.5317776252574
 20
-1200.0
 10
592.2818119423473
 20
-1200.0
 10
592.0318462594372
 20
-1200.0
 10
591.7818805765271
 20
-1200.0
 10
591.531914893617
 20
-1200.0
 10
591.2819492107069
 20
-1200.0
 10
591.0319835277968
 20
-1200.0
 10
590.7820178448868
 20
-1200.0
 10
590.5320521619767
 20
-1200.0
 10
590.2820864790666
 20
-1200.0
 10
590.0321207961565
 20
-1200.0
 10
589.7821551132464
 20
-1200.0
 10
589.5321894303363
 20
-1200.0
 10
589.2822237474262
 20
-1200.0
 10
589.0322580645161
 20
-1200.0
 10
588.7822923816061
 20
-1200.0
 10
588.532326698696
 20
-1200.0
 10
588.2823610157859
 20
-1200.0
 10
588.0323953328758
 20
-1200.0
 10
587.7824296499657
 20
-1200.0
 10
587.5324639670556
 20
-1200.0
 10
587.2824982841455
 20
-1200.0
 10
587.0325326012354
 20
-1200.0
 10
586.7825669183254
 20
-1200.0
 10
586.5326012354153
 20
-1200.0
 10
586.2826355525051
 20
-1200.0
 10
586.0326698695951
 20
-1200.0
 10
585.782704186685
 20
-1200.0
 10
585.5327385037749
 20
-1200.0
 10
585.2827728208648
 20
-1200.0
 10
585.0328071379547
 20
-1200.0
 10
584.7828414550446
 20
-1200.0
 10
584.5328757721346
 20
-1200.0
 10
584.2829100892245
 20
-1200.0
 10
584.0329444063143
 20
-1200.0
 10
583.7829787234042
 20
-1200.0
 10
583.5330130404942
 20
-1200.0
 10
583.2830473575841
 20
-1200.0
 10
583.033081674674
 20
-1200.0
 10
582.7831159917639
 20
-1200.0
 10
582.5331503088538
 20
-1200.0
 10
582.2831846259437
 20
-1200.0
 10
582.0332189430337
 20
-1200.0
 10
581.7832532601235
 20
-1200.0
 10
581.5332875772135
 20
-1200.0
 10
581.2833218943033
 20
-1200.0
 10
581.0333562113933
 20
-1200.0
 10
580.7833905284832
 20
-1200.0
 10
580.5334248455731
 20
-1200.0
 10
580.283459162663
 20
-1200.0
 10
580.0334934797529
 20
-1200.0
 10
579.7835277968429
 20
-1200.0
 10
579.5335621139328
 20
-1200.0
 10
579.2835964310227
 20
-1200.0
 10
579.0336307481125
 20
-1200.0
 10
578.7836650652025
 20
-1200.0
 10
578.5336993822924
 20
-1200.0
 10
578.2837336993823
 20
-1200.0
 10
578.0337680164722
 20
-1200.0
 10
577.7838023335621
 20
-1200.0
 10
577.533836650652
 20
-1200.0
 10
577.283870967742
 20
-1200.0
 10
577.0339052848319
 20
-1200.0
 10
576.7839396019217
 20
-1200.0
 10
576.5339739190117
 20
-1200.0
 10
576.2840082361016
 20
-1200.0
 10
576.0340425531915
 20
-1200.0
 10
575.7840768702814
 20
-1200.0
 10
575.5341111873713
 20
-1200.0
 10
575.2841455044612
 20
-1200.0
 10
575.0341798215511
 20
-1200.0
 10
574.7842141386411
 20
-1200.0
 10
574.5342484557309
 20
-1200.0
 10
574.2842827728209
 20
-1200.0
 10
574.0343170899108
 20
-1200.0
 10
573.7843514070007
 20
-1200.0
 10
573.5343857240906
 20
-1200.0
 10
573.2844200411805
 20
-1200.0
 10
573.0344543582704
 20
-1200.0
 10
572.7844886753603
 20
-1200.0
 10
572.5345229924503
 20
-1200.0
 10
572.2845573095402
 20
-1200.0
 10
572.0345916266301
 20
-1200.0
 10
571.78462594372
 20
-1200.0
 10
571.5346602608099
 20
-1200.0
 10
571.2846945778998
 20
-1200.0
 10
571.0347288949897
 20
-1200.0
 10
570.7847632120796
 20
-1200.0
 10
570.5347975291695
 20
-1200.0
 10
570.2848318462594
 20
-1200.0
 10
570.0348661633494
 20
-1200.0
 10
569.7849004804393
 20
-1200.0
 10
569.5349347975292
 20
-1200.0
 10
569.2849691146191
 20
-1200.0
 10
569.035003431709
 20
-1200.0
 10
568.7850377487989
 20
-1200.0
 10
568.5350720658888
 20
-1200.0
 10
568.2851063829787
 20
-1200.0
 10
568.0351407000686
 20
-1200.0
 10
567.7851750171585
 20
-1200.0
 10
567.5352093342485
 20
-1200.0
 10
567.2852436513383
 20
-1200.0
 10
567.0352779684283
 20
-1200.0
 10
566.7853122855182
 20
-1200.0
 10
566.5353466026081
 20
-1200.0
 10
566.285380919698
 20
-1200.0
 10
566.0354152367879
 20
-1200.0
 10
565.7854495538779
 20
-1200.0
 10
565.5354838709677
 20
-1200.0
 10
565.2855181880577
 20
-1200.0
 10
565.0355525051476
 20
-1200.0
 10
564.7855868222375
 20
-1200.0
 10
564.5356211393274
 20
-1200.0
 10
564.2856554564173
 20
-1200.0
 10
564.0356897735072
 20
-1200.0
 10
563.7857240905972
 20
-1200.0
 10
563.5357584076871
 20
-1200.0
 10
563.2857927247769
 20
-1200.0
 10
563.0358270418668
 20
-1200.0
 10
562.7858613589568
 20
-1200.0
 10
562.5358956760467
 20
-1200.0
 10
562.2859299931366
 20
-1200.0
 10
562.0359643102265
 20
-1200.0
 10
561.7859986273164
 20
-1200.0
 10
561.5360329444064
 20
-1200.0
 10
561.2860672614963
 20
-1200.0
 10
561.0361015785861
 20
-1200.0
 10
560.786135895676
 20
-1200.0
 10
560.5361702127659
 20
-1200.0
 10
560.2862045298559
 20
-1200.0
 10
560.0362388469458
 20
-1200.0
 10
559.7862731640357
 20
-1200.0
 10
559.5363074811256
 20
-1200.0
 10
559.2863417982156
 20
-1200.0
 10
559.0363761153055
 20
-1200.0
 10
558.7864104323953
 20
-1200.0
 10
558.5364447494853
 20
-1200.0
 10
558.2864790665751
 20
-1200.0
 10
558.0365133836651
 20
-1200.0
 10
557.786547700755
 20
-1200.0
 10
557.5365820178449
 20
-1200.0
 10
557.2866163349348
 20
-1200.0
 10
557.0366506520247
 20
-1200.0
 10
556.7866849691147
 20
-1200.0
 10
556.5367192862046
 20
-1200.0
 10
556.2867536032945
 20
-1200.0
 10
556.0367879203843
 20
-1200.0
 10
555.7868222374742
 20
-1200.0
 10
555.5368565545642
 20
-1200.0
 10
555.2868908716541
 20
-1200.0
 10
555.036925188744
 20
-1200.0
 10
554.7869595058339
 20
-1200.0
 10
554.5369938229238
 20
-1200.0
 10
554.2870281400138
 20
-1200.0
 10
554.0370624571037
 20
-1200.0
 10
553.7870967741935
 20
-1200.0
 10
553.5371310912834
 20
-1200.0
 10
553.2871654083733
 20
-1200.0
 10
553.0371997254633
 20
-1200.0
 10
552.7872340425532
 20
-1200.0
 10
552.5372683596431
 20
-1200.0
 10
552.287302676733
 20
-1200.0
 10
552.037336993823
 20
-1200.0
 10
551.7873713109129
 20
-1200.0
 10
551.5374056280027
 20
-1200.0
 10
551.2874399450927
 20
-1200.0
 10
551.0374742621825
 20
-1200.0
 10
550.7875085792725
 20
-1200.0
 10
550.5375428963624
 20
-1200.0
 10
550.2875772134523
 20
-1200.0
 10
550.0376115305423
 20
-1200.0
 10
549.7876458476321
 20
-1200.0
 10
549.5376801647221
 20
-1200.0
 10
549.287714481812
 20
-1200.0
 10
549.0377487989019
 20
-1200.0
 10
548.7877831159917
 20
-1200.0
 10
548.5378174330816
 20
-1200.0
 10
548.2878517501716
 20
-1200.0
 10
548.0378860672615
 20
-1200.0
 10
547.7879203843515
 20
-1200.0
 10
547.5379547014413
 20
-1200.0
 10
547.2879890185312
 20
-1200.0
 10
547.0380233356212
 20
-1200.0
 10
546.7880576527111
 20
-1200.0
 10
546.5380919698009
 20
-1200.0
 10
546.2881262868908
 20
-1200.0
 10
546.0381606039807
 20
-1200.0
 10
545.7881949210707
 20
-1200.0
 10
545.5382292381606
 20
-1200.0
 10
545.2882635552505
 20
-1200.0
 10
545.0382978723404
 20
-1200.0
 10
544.7883321894304
 20
-1200.0
 10
544.5383665065203
 20
-1200.0
 10
544.2884008236101
 20
-1200.0
 10
544.0384351407001
 20
-1200.0
 10
543.7884694577899
 20
-1200.0
 10
543.5385037748799
 20
-1200.0
 10
543.2885380919698
 20
-1200.0
 10
543.0385724090597
 20
-1200.0
 10
542.7886067261497
 20
-1200.0
 10
542.5386410432395
 20
-1200.0
 10
542.2886753603295
 20
-1200.0
 10
542.0387096774193
 20
-1200.0
 10
541.7887439945093
 20
-1200.0
 10
541.5387783115991
 20
-1200.0
 10
541.288812628689
 20
-1200.0
 10
541.038846945779
 20
-1200.0
 10
540.7888812628689
 20
-1200.0
 10
540.5389155799588
 20
-1200.0
 10
540.2889498970487
 20
-1200.0
 10
540.0389842141386
 20
-1200.0
 10
539.7890185312286
 20
-1200.0
 10
539.5390528483185
 20
-1200.0
 10
539.2890871654083
 20
-1200.0
 10
539.0391214824982
 20
-1200.0
 10
538.7891557995882
 20
-1200.0
 10
538.5391901166781
 20
-1200.0
 10
538.289224433768
 20
-1200.0
 10
538.0392587508579
 20
-1200.0
 10
537.7892930679478
 20
-1200.0
 10
537.5393273850378
 20
-1200.0
 10
537.2893617021277
 20
-1200.0
 10
537.0393960192175
 20
-1200.0
 10
536.7894303363075
 20
-1200.0
 10
536.5394646533974
 20
-1200.0
 10
536.2894989704873
 20
-1200.0
 10
536.0395332875772
 20
-1200.0
 10
535.7895676046671
 20
-1200.0
 10
535.5396019217571
 20
-1200.0
 10
535.2896362388469
 20
-1200.0
 10
535.0396705559369
 20
-1200.0
 10
534.7897048730267
 20
-1200.0
 10
534.5397391901167
 20
-1200.0
 10
534.2897735072066
 20
-1200.0
 10
534.0398078242965
 20
-1200.0
 10
533.7898421413864
 20
-1200.0
 10
533.5398764584763
 20
-1200.0
 10
533.2899107755662
 20
-1200.0
 10
533.0399450926561
 20
-1200.0
 10
532.789979409746
 20
-1200.0
 10
532.540013726836
 20
-1200.0
 10
532.2900480439259
 20
-1200.0
 10
532.0400823610158
 20
-1200.0
 10
531.7901166781057
 20
-1200.0
 10
531.5401509951956
 20
-1200.0
 10
531.2901853122855
 20
-1200.0
 10
531.0402196293754
 20
-1200.0
 10
530.7902539464653
 20
-1200.0
 10
530.5402882635552
 20
-1200.0
 10
530.2903225806452
 20
-1200.0
 10
530.0403568977351
 20
-1200.0
 10
529.790391214825
 20
-1200.0
 10
529.5404255319149
 20
-1200.0
 10
529.2904598490048
 20
-1200.0
 10
529.0404941660947
 20
-1200.0
 10
528.7905284831846
 20
-1200.0
 10
528.5405628002745
 20
-1200.0
 10
528.2905971173645
 20
-1200.0
 10
528.0406314344543
 20
-1200.0
 10
527.7906657515443
 20
-1200.0
 10
527.5407000686342
 20
-1200.0
 10
527.2907343857241
 20
-1200.0
 10
527.040768702814
 20
-1200.0
 10
526.7908030199039
 20
-1200.0
 10
526.5408373369938
 20
-1200.0
 10
526.2908716540837
 20
-1200.0
 10
526.0409059711736
 20
-1200.0
 10
525.7909402882635
 20
-1200.0
 10
525.5409746053535
 20
-1200.0
 10
525.2910089224434
 20
-1200.0
 10
525.0410432395333
 20
-1200.0
 10
524.7910775566232
 20
-1200.0
 10
524.5411118737131
 20
-1200.0
 10
524.291146190803
 20
-1200.0
 10
524.0411805078929
 20
-1200.0
 10
523.7912148249828
 20
-1200.0
 10
523.5412491420727
 20
-1200.0
 10
523.2912834591627
 20
-1200.0
 10
523.0413177762526
 20
-1200.0
 10
522.7913520933425
 20
-1200.0
 10
522.5413864104324
 20
-1200.0
 10
522.2914207275223
 20
-1200.0
 10
522.0414550446122
 20
-1200.0
 10
521.7914893617021
 20
-1200.0
 10
521.541523678792
 20
-1200.0
 10
521.2915579958819
 20
-1200.0
 10
521.0415923129718
 20
-1200.0
 10
520.7916266300618
 20
-1200.0
 10
520.5416609471517
 20
-1200.0
 10
520.2916952642416
 20
-1200.0
 10
520.0417295813315
 20
-1200.0
 10
519.7917638984214
 20
-1200.0
 10
519.5417982155113
 20
-1200.0
 10
519.2918325326012
 20
-1200.0
 10
519.0418668496911
 20
-1200.0
 10
518.791901166781
 20
-1200.0
 10
518.541935483871
 20
-1200.0
 10
518.2919698009609
 20
-1200.0
 10
518.0420041180508
 20
-1200.0
 10
517.7920384351407
 20
-1200.0
 10
517.5420727522306
 20
-1200.0
 10
517.2921070693205
 20
-1200.0
 10
517.0421413864104
 20
-1200.0
 10
516.7921757035003
 20
-1200.0
 10
516.5422100205902
 20
-1200.0
 10
516.2922443376801
 20
-1200.0
 10
516.0422786547701
 20
-1200.0
 10
515.79231297186
 20
-1200.0
 10
515.5423472889499
 20
-1200.0
 10
515.2923816060398
 20
-1200.0
 10
515.0424159231297
 20
-1200.0
 10
514.7924502402196
 20
-1200.0
 10
514.5424845573095
 20
-1200.0
 10
514.2925188743994
 20
-1200.0
 10
514.0425531914893
 20
-1200.0
 10
513.7925875085793
 20
-1200.0
 10
513.5426218256692
 20
-1200.0
 10
513.2926561427591
 20
-1200.0
 10
513.042690459849
 20
-1200.0
 10
512.7927247769389
 20
-1200.0
 10
512.5427590940288
 20
-1200.0
 10
512.2927934111187
 20
-1200.0
 10
512.0428277282086
 20
-1200.0
 10
511.7928620452986
 20
-1200.0
 10
511.5428963623885
 20
-1200.0
 10
511.29293067947845
 20
-1200.0
 10
511.04296499656834
 20
-1200.0
 10
510.79299931365824
 20
-1200.0
 10
510.54303363074814
 20
-1200.0
 10
510.29306794783804
 20
-1200.0
 10
510.04310226492794
 20
-1200.0
 10
509.79313658201784
 20
-1200.0
 10
509.5431708991078
 20
-1200.0
 10
509.2932052161977
 20
-1200.0
 10
509.0432395332876
 20
-1200.0
 10
508.79327385037755
 20
-1200.0
 10
508.54330816746744
 20
-1200.0
 10
508.29334248455734
 20
-1200.0
 10
508.04337680164724
 20
-1200.0
 10
507.79341111873714
 20
-1200.0
 10
507.54344543582704
 20
-1200.0
 10
507.29347975291705
 20
-1200.0
 10
507.0435140700069
 20
-1200.0
 10
506.7935483870968
 20
-1200.0
 10
506.5435827041867
 20
-1200.0
 10
506.29361702127665
 20
-1200.0
 10
506.04365133836654
 20
-1200.0
 10
505.79368565545644
 20
-1200.0
 10
505.54371997254634
 20
-1200.0
 10
505.29375428963624
 20
-1200.0
 10
505.0437886067262
 20
-1200.0
 10
504.7938229238161
 20
-1200.0
 10
504.543857240906
 20
-1200.0
 10
504.2938915579959
 20
-1200.0
 10
504.0439258750858
 20
-1200.0
 10
503.79396019217575
 20
-1200.0
 10
503.54399450926564
 20
-1200.0
 10
503.29402882635554
 20
-1200.0
 10
503.04406314344544
 20
-1200.0
 10
502.7940974605354
 20
-1200.0
 10
502.54413177762524
 20
-1200.0
 10
502.2941660947152
 20
-1200.0
 10
502.0442004118051
 20
-1200.0
 10
501.794234728895
 20
-1200.0
 10
501.54426904598495
 20
-1200.0
 10
501.29430336307485
 20
-1200.0
 10
501.04433768016474
 20
-1200.0
 10
500.79437199725464
 20
-1200.0
 10
500.5444063143446
 20
-1200.0
 10
500.2944406314345
 20
-1200.0
 10
500.04447494852445
 20
-1200.0
 10
499.7945092656143
 20
-1200.0
 10
499.5445435827042
 20
-1200.0
 10
499.2945778997941
 20
-1200.0
 10
499.04461221688405
 20
-1200.0
 10
498.79464653397395
 20
-1200.0
 10
498.54468085106384
 20
-1200.0
 10
498.2947151681538
 20
-1200.0
 10
498.0447494852437
 20
-1200.0
 10
497.7947838023336
 20
-1200.0
 10
497.5448181194235
 20
-1200.0
 10
497.2948524365134
 20
-1200.0
 10
497.0448867536033
 20
-1200.0
 10
496.7949210706932
 20
-1200.0
 10
496.54495538778315
 20
-1200.0
 10
496.29498970487305
 20
-1200.0
 10
496.045024021963
 20
-1200.0
 10
495.7950583390529
 20
-1200.0
 10
495.5450926561428
 20
-1200.0
 10
495.29512697323264
 20
-1200.0
 10
495.0451612903226
 20
-1200.0
 10
494.7951956074125
 20
-1200.0
 10
494.5452299245024
 20
-1200.0
 10
494.2952642415923
 20
-1200.0
 10
494.04529855868225
 20
-1200.0
 10
493.7953328757722
 20
-1200.0
 10
493.5453671928621
 20
-1200.0
 10
493.295401509952
 20
-1200.0
 10
493.0454358270419
 20
-1200.0
 10
492.79547014413185
 20
-1200.0
 10
492.5455044612217
 20
-1200.0
 10
492.2955387783116
 20
-1200.0
 10
492.0455730954015
 20
-1200.0
 10
491.79560741249145
 20
-1200.0
 10
491.54564172958146
 20
-1200.0
 10
491.2956760466713
 20
-1200.0
 10
491.0457103637612
 20
-1200.0
 10
490.7957446808511
 20
-1200.0
 10
490.545778997941
 20
-1200.0
 10
490.2958133150309
 20
-1200.0
 10
490.0458476321208
 20
-1200.0
 10
489.7958819492107
 20
-1200.0
 10
489.5459162663006
 20
-1200.0
 10
489.29595058339055
 20
-1200.0
 10
489.0459849004805
 20
-1200.0
 10
488.7960192175704
 20
-1200.0
 10
488.5460535346603
 20
-1200.0
 10
488.2960878517502
 20
-1200.0
 10
488.04612216884004
 20
-1200.0
 10
487.79615648593
 20
-1200.0
 10
487.5461908030199
 20
-1200.0
 10
487.2962251201098
 20
-1200.0
 10
487.04625943719975
 20
-1200.0
 10
486.79629375428965
 20
-1200.0
 10
486.5463280713796
 20
-1200.0
 10
486.2963623884695
 20
-1200.0
 10
486.0463967055594
 20
-1200.0
 10
485.7964310226493
 20
-1200.0
 10
485.54646533973926
 20
-1200.0
 10
485.2964996568291
 20
-1200.0
 10
485.046533973919
 20
-1200.0
 10
484.79656829100895
 20
-1200.0
 10
484.54660260809885
 20
-1200.0
 10
484.29663692518886
 20
-1200.0
 10
484.0466712422787
 20
-1200.0
 10
483.7967055593686
 20
-1200.0
 10
483.5467398764585
 20
-1200.0
 10
483.29677419354834
 20
-1200.0
 10
483.04680851063836
 20
-1200.0
 10
482.7968428277282
 20
-1200.0
 10
482.54687714481815
 20
-1200.0
 10
482.29691146190805
 20
-1200.0
 10
482.04694577899795
 20
-1200.0
 10
481.7969800960879
 20
-1200.0
 10
481.5470144131778
 20
-1200.0
 10
481.2970487302677
 20
-1200.0
 10
481.0470830473576
 20
-1200.0
 10
480.79711736444744
 20
-1200.0
 10
480.5471516815374
 20
-1200.0
 10
480.29718599862736
 20
-1200.0
 10
480.04722031571725
 20
-1200.0
 10
480.0
 20
-1199.7972546328072
 10
480.0
 20
-1199.547288949897
 10
480.0
 20
-1199.297323266987
 10
480.0
 20
-1199.0473575840767
 10
480.0
 20
-1198.7973919011667
 10
480.0
 20
-1198.5474262182565
 10
480.0
 20
-1198.2974605353465
 10
480.0
 20
-1198.0474948524366
 10
480.0
 20
-1197.7975291695263
 10
480.0
 20
-1197.5475634866164
 10
480.0
 20
-1197.2975978037061
 10
480.0
 20
-1197.0476321207962
 10
480.0
 20
-1196.797666437886
 10
480.0
 20
-1196.547700754976
 10
480.0
 20
-1196.2977350720657
 10
480.0
 20
-1196.0477693891557
 10
480.0
 20
-1195.7978037062458
 10
480.0
 20
-1195.5478380233355
 10
480.0
 20
-1195.2978723404256
 10
480.0
 20
-1195.0479066575153
 10
480.0
 20
-1194.7979409746054
 10
480.0
 20
-1194.5479752916951
 10
480.0
 20
-1194.2980096087852
 10
480.0
 20
-1194.048043925875
 10
480.0
 20
-1193.798078242965
 10
480.0
 20
-1193.548112560055
 10
480.0
 20
-1193.2981468771447
 10
480.0
 20
-1193.0481811942348
 10
480.0
 20
-1192.7982155113245
 10
480.0
 20
-1192.5482498284146
 10
480.0
 20
-1192.2982841455043
 10
480.0
 20
-1192.0483184625944
 10
480.0
 20
-1191.7983527796841
 10
480.0
 20
-1191.5483870967741
 10
480.0
 20
-1191.2984214138642
 10
480.0
 20
-1191.048455730954
 10
480.0
 20
-1190.798490048044
 10
480.0
 20
-1190.5485243651337
 10
480.0
 20
-1190.2985586822238
 10
480.0
 20
-1190.0485929993135
 10
480.0
 20
-1189.7986273164036
 10
480.0
 20
-1189.5486616334933
 10
480.0
 20
-1189.2986959505834
 10
480.0
 20
-1189.0487302676734
 10
480.0
 20
-1188.7987645847631
 10
480.0
 20
-1188.5487989018532
 10
480.0
 20
-1188.298833218943
 10
480.0
 20
-1188.048867536033
 10
480.0
 20
-1187.7989018531227
 10
480.0
 20
-1187.5489361702128
 10
480.0
 20
-1187.2989704873025
 10
480.0
 20
-1187.0490048043926
 10
480.0
 20
-1186.7990391214826
 10
480.0
 20
-1186.5490734385723
 10
480.0
 20
-1186.2991077556624
 10
480.0
 20
-1186.0491420727521
 10
480.0
 20
-1185.7991763898422
 10
480.0
 20
-1185.549210706932
 10
480.0
 20
-1185.299245024022
 10
480.0
 20
-1185.0492793411117
 10
480.0
 20
-1184.7993136582018
 10
480.0
 20
-1184.5493479752918
 10
480.0
 20
-1184.2993822923816
 10
480.0
 20
-1184.0494166094716
 10
480.0
 20
-1183.7994509265613
 10
480.0
 20
-1183.5494852436514
 10
480.0
 20
-1183.2995195607411
 10
480.0
 20
-1183.0495538778312
 10
480.0
 20
-1182.799588194921
 10
480.0
 20
-1182.549622512011
 10
480.0
 20
-1182.299656829101
 10
480.0
 20
-1182.0496911461908
 10
480.0
 20
-1181.7997254632808
 10
480.0
 20
-1181.5497597803706
 10
480.0
 20
-1181.2997940974606
 10
480.0
 20
-1181.0498284145503
 10
480.0
 20
-1180.7998627316404
 10
480.0
 20
-1180.5498970487301
 10
480.0
 20
-1180.2999313658202
 10
480.0
 20
-1180.0499656829102
 10
480.0
 20
-1179.8
 10
480.0
 20
-1179.55003431709
 10
480.0
 20
-1179.3000686341798
 10
480.0
 20
-1179.0501029512698
 10
480.0
 20
-1178.8001372683595
 10
480.0
 20
-1178.5501715854496
 10
480.0
 20
-1178.3002059025393
 10
480.0
 20
-1178.0502402196294
 10
480.0
 20
-1177.8002745367191
 10
480.0
 20
-1177.5503088538092
 10
480.0
 20
-1177.3003431708992
 10
480.0
 20
-1177.050377487989
 10
480.0
 20
-1176.800411805079
 10
480.0
 20
-1176.5504461221688
 10
480.0
 20
-1176.3004804392588
 10
480.0
 20
-1176.0505147563485
 10
480.0
 20
-1175.8005490734386
 10
480.0
 20
-1175.5505833905283
 10
480.0
 20
-1175.3006177076184
 10
480.0
 20
-1175.0506520247084
 10
480.0
 20
-1174.8006863417982
 10
480.0
 20
-1174.5507206588882
 10
480.0
 20
-1174.300754975978
 10
480.0
 20
-1174.050789293068
 10
480.0
 20
-1173.8008236101577
 10
480.0
 20
-1173.5508579272478
 10
480.0
 20
-1173.3008922443375
 10
480.0
 20
-1173.0509265614276
 10
480.0
 20
-1172.8009608785176
 10
480.0
 20
-1172.5509951956074
 10
480.0
 20
-1172.3010295126974
 10
480.0
 20
-1172.0510638297872
 10
480.0
 20
-1171.8010981468772
 10
480.0
 20
-1171.551132463967
 10
480.0
 20
-1171.301166781057
 10
480.0
 20
-1171.0512010981467
 10
480.0
 20
-1170.8012354152368
 10
480.0
 20
-1170.5512697323265
 10
480.0
 20
-1170.3013040494166
 10
480.0
 20
-1170.0513383665066
 10
480.0
 20
-1169.8013726835964
 10
480.0
 20
-1169.5514070006864
 10
480.0
 20
-1169.3014413177762
 10
480.0
 20
-1169.0514756348662
 10
480.0
 20
-1168.801509951956
 10
480.0
 20
-1168.551544269046
 10
480.0
 20
-1168.3015785861357
 10
480.0
 20
-1168.0516129032258
 10
480.0
 20
-1167.8016472203158
 10
480.0
 20
-1167.5516815374056
 10
480.0
 20
-1167.3017158544956
 10
480.0
 20
-1167.0517501715854
 10
480.0
 20
-1166.8017844886754
 10
480.0
 20
-1166.5518188057652
 10
480.0
 20
-1166.3018531228552
 10
480.0
 20
-1166.051887439945
 10
480.0
 20
-1165.801921757035
 10
480.0
 20
-1165.551956074125
 10
480.0
 20
-1165.3019903912148
 10
480.0
 20
-1165.0520247083048
 10
480.0
 20
-1164.8020590253946
 10
480.0
 20
-1164.5520933424846
 10
480.0
 20
-1164.3021276595744
 10
480.0
 20
-1164.0521619766644
 10
480.0
 20
-1163.8021962937542
 10
480.0
 20
-1163.5522306108442
 10
480.0
 20
-1163.302264927934
 10
480.0
 20
-1163.052299245024
 10
480.0
 20
-1162.802333562114
 10
480.0
 20
-1162.5523678792038
 10
480.0
 20
-1162.3024021962938
 10
480.0
 20
-1162.0524365133836
 10
480.0
 20
-1161.8024708304736
 10
480.0
 20
-1161.5525051475634
 10
480.0
 20
-1161.3025394646534
 10
480.0
 20
-1161.0525737817431
 10
480.0
 20
-1160.8026080988332
 10
480.0
 20
-1160.5526424159232
 10
480.0
 20
-1160.302676733013
 10
480.0
 20
-1160.052711050103
 10
480.0
 20
-1159.8027453671928
 10
480.0
 20
-1159.5527796842828
 10
480.0
 20
-1159.3028140013726
 10
480.0
 20
-1159.0528483184626
 10
480.0
 20
-1158.8028826355524
 10
480.0
 20
-1158.5529169526424
 10
480.0
 20
-1158.3029512697324
 10
480.0
 20
-1158.0529855868222
 10
480.0
 20
-1157.8030199039122
 10
480.0
 20
-1157.553054221002
 10
480.0
 20
-1157.303088538092
 10
480.0
 20
-1157.0531228551818
 10
480.0
 20
-1156.8031571722718
 10
480.0
 20
-1156.5531914893616
 10
480.0
 20
-1156.3032258064516
 10
480.0
 20
-1156.0532601235413
 10
480.0
 20
-1155.8032944406314
 10
480.0
 20
-1155.5533287577214
 10
480.0
 20
-1155.3033630748112
 10
480.0
 20
-1155.0533973919012
 10
480.0
 20
-1154.803431708991
 10
480.0
 20
-1154.553466026081
 10
480.0
 20
-1154.3035003431708
 10
480.0
 20
-1154.0535346602608
 10
480.0
 20
-1153.8035689773506
 10
480.0
 20
-1153.5536032944406
 10
480.0
 20
-1153.3036376115306
 10
480.0
 20
-1153.0536719286204
 10
480.0
 20
-1152.8037062457104
 10
480.0
 20
-1152.5537405628002
 10
480.0
 20
-1152.3037748798902
 10
480.0
 20
-1152.05380919698
 10
480.0
 20
-1151.80384351407
 10
480.0
 20
-1151.5538778311598
 10
480.0
 20
-1151.3039121482498
 10
480.0
 20
-1151.0539464653395
 10
480.0
 20
-1150.8039807824296
 10
480.0
 20
-1150.5540150995196
 10
480.0
 20
-1150.3040494166094
 10
480.0
 20
-1150.0540837336994
 10
480.0
 20
-1149.8041180507892
 10
480.0
 20
-1149.5541523678792
 10
480.0
 20
-1149.304186684969
 10
480.0
 20
-1149.054221002059
 10
480.0
 20
-1148.8042553191488
 10
480.0
 20
-1148.5542896362388
 10
480.0
 20
-1148.3043239533288
 10
480.0
 20
-1148.0543582704186
 10
480.0
 20
-1147.8043925875086
 10
480.0
 20
-1147.5544269045984
 10
480.0
 20
-1147.3044612216884
 10
480.0
 20
-1147.0544955387782
 10
480.0
 20
-1146.8045298558682
 10
480.0
 20
-1146.554564172958
 10
480.0
 20
-1146.304598490048
 10
480.0
 20
-1146.054632807138
 10
480.0
 20
-1145.8046671242278
 10
480.0
 20
-1145.5547014413178
 10
480.0
 20
-1145.3047357584076
 10
480.0
 20
-1145.0547700754976
 10
480.0
 20
-1144.8048043925874
 10
480.0
 20
-1144.5548387096774
 10
480.0
 20
-1144.3048730267672
 10
480.0
 20
-1144.0549073438572
 10
480.0
 20
-1143.8049416609472
 10
480.0
 20
-1143.554975978037
 10
480.0
 20
-1143.305010295127
 10
480.0
 20
-1143.0550446122168
 10
480.0
 20
-1142.8050789293068
 10
480.0
 20
-1142.5551132463966
 10
480.0
 20
-1142.3051475634866
 10
480.0
 20
-1142.0551818805764
 10
480.0
 20
-1141.8052161976664
 10
480.0
 20
-1141.5552505147564
 10
480.0
 20
-1141.3052848318462
 10
480.0
 20
-1141.0553191489362
 10
480.0
 20
-1140.805353466026
 10
480.0
 20
-1140.555387783116
 10
480.0
 20
-1140.3054221002058
 10
480.0
 20
-1140.0554564172958
 10
480.0
 20
-1139.8054907343856
 10
480.0
 20
-1139.5555250514756
 10
480.0
 20
-1139.3055593685656
 10
480.0
 20
-1139.0555936856554
 10
480.0
 20
-1138.8056280027454
 10
480.0
 20
-1138.5556623198352
 10
480.0
 20
-1138.3056966369252
 10
480.0
 20
-1138.055730954015
 10
480.0
 20
-1137.805765271105
 10
480.0
 20
-1137.5557995881948
 10
480.0
 20
-1137.3058339052848
 10
480.0
 20
-1137.0558682223748
 10
480.0
 20
-1136.8059025394646
 10
480.0
 20
-1136.5559368565546
 10
480.0
 20
-1136.3059711736444
 10
480.0
 20
-1136.0560054907344
 10
480.0
 20
-1135.8060398078242
 10
480.0
 20
-1135.5560741249142
 10
480.0
 20
-1135.306108442004
 10
480.0
 20
-1135.056142759094
 10
480.0
 20
-1134.806177076184
 10
480.0
 20
-1134.5562113932738
 10
480.0
 20
-1134.3062457103638
 10
480.0
 20
-1134.0562800274536
 10
480.0
 20
-1133.8063143445436
 10
480.0
 20
-1133.5563486616334
 10
480.0
 20
-1133.3063829787234
 10
480.0
 20
-1133.0564172958132
 10
480.0
 20
-1132.8064516129032
 10
480.0
 20
-1132.5564859299932
 10
480.0
 20
-1132.306520247083
 10
480.0
 20
-1132.056554564173
 10
480.0
 20
-1131.8065888812628
 10
480.0
 20
-1131.5566231983528
 10
480.0
 20
-1131.3066575154426
 10
480.0
 20
-1131.0566918325326
 10
480.0
 20
-1130.8067261496224
 10
480.0
 20
-1130.5567604667124
 10
480.0
 20
-1130.3067947838024
 10
480.0
 20
-1130.0568291008922
 10
480.0
 20
-1129.8068634179822
 10
480.0
 20
-1129.556897735072
 10
480.0
 20
-1129.306932052162
 10
480.0
 20
-1129.0569663692518
 10
480.0
 20
-1128.8070006863418
 10
480.0
 20
-1128.5570350034316
 10
480.0
 20
-1128.3070693205216
 10
480.0
 20
-1128.0571036376116
 10
480.0
 20
-1127.8071379547014
 10
480.0
 20
-1127.5571722717914
 10
480.0
 20
-1127.3072065888812
 10
480.0
 20
-1127.0572409059712
 10
480.0
 20
-1126.807275223061
 10
480.0
 20
-1126.557309540151
 10
480.0
 20
-1126.3073438572408
 10
480.0
 20
-1126.0573781743308
 10
480.0
 20
-1125.8074124914208
 10
480.0
 20
-1125.5574468085106
 10
480.0
 20
-1125.3074811256006
 10
480.0
 20
-1125.0575154426904
 10
480.0
 20
-1124.8075497597804
 10
480.0
 20
-1124.5575840768702
 10
480.0
 20
-1124.3076183939602
 10
480.0
 20
-1124.05765271105
 10
480.0
 20
-1123.80768702814
 10
480.0
 20
-1123.55772134523
 10
480.0
 20
-1123.3077556623198
 10
480.0
 20
-1123.0577899794098
 10
480.0
 20
-1122.8078242964996
 10
480.0
 20
-1122.5578586135896
 10
480.0
 20
-1122.3078929306794
 10
480.0
 20
-1122.0579272477694
 10
480.0
 20
-1121.8079615648592
 10
480.0
 20
-1121.5579958819492
 10
480.0
 20
-1121.3080301990392
 10
480.0
 20
-1121.058064516129
 10
480.0
 20
-1120.808098833219
 10
480.0
 20
-1120.5581331503088
 10
480.0
 20
-1120.3081674673988
 10
480.0
 20
-1120.0582017844886
 10
480.0
 20
-1119.8082361015786
 10
480.0
 20
-1119.5582704186684
 10
480.0
 20
-1119.3083047357584
 10
480.0
 20
-1119.0583390528484
 10
480.0
 20
-1118.8083733699382
 10
480.0
 20
-1118.5584076870282
 10
480.0
 20
-1118.308442004118
 10
480.0
 20
-1118.058476321208
 10
480.0
 20
-1117.8085106382978
 10
480.0
 20
-1117.5585449553878
 10
480.0
 20
-1117.3085792724776
 10
480.0
 20
-1117.0586135895676
 10
480.0
 20
-1116.8086479066576
 10
480.0
 20
-1116.5586822237474
 10
480.0
 20
-1116.3087165408374
 10
480.0
 20
-1116.0587508579272
 10
480.0
 20
-1115.8087851750172
 10
480.0
 20
-1115.558819492107
 10
480.0
 20
-1115.308853809197
 10
480.0
 20
-1115.0588881262868
 10
480.0
 20
-1114.8089224433768
 10
480.0
 20
-1114.5589567604666
 10
480.0
 20
-1114.3089910775566
 10
480.0
 20
-1114.0590253946466
 10
480.0
 20
-1113.8090597117364
 10
480.0
 20
-1113.5590940288264
 10
480.0
 20
-1113.3091283459162
 10
480.0
 20
-1113.0591626630062
 10
480.0
 20
-1112.809196980096
 10
480.0
 20
-1112.559231297186
 10
480.0
 20
-1112.3092656142758
 10
480.0
 20
-1112.0592999313658
 10
480.0
 20
-1111.8093342484558
 10
480.0
 20
-1111.5593685655456
 10
480.0
 20
-1111.3094028826356
 10
480.0
 20
-1111.0594371997254
 10
480.0
 20
-1110.8094715168154
 10
480.0
 20
-1110.5595058339052
 10
480.0
 20
-1110.3095401509952
 10
480.0
 20
-1110.059574468085
 10
480.0
 20
-1109.809608785175
 10
480.0
 20
-1109.559643102265
 10
480.0
 20
-1109.3096774193548
 10
480.0
 20
-1109.0597117364448
 10
480.0
 20
-1108.8097460535346
 10
480.0
 20
-1108.5597803706246
 10
480.0
 20
-1108.3098146877144
 10
480.0
 20
-1108.0598490048044
 10
480.0
 20
-1107.8098833218942
 10
480.0
 20
-1107.5599176389842
 10
480.0
 20
-1107.309951956074
 10
480.0
 20
-1107.059986273164
 10
480.0
 20
-1106.810020590254
 10
480.0
 20
-1106.5600549073438
 10
480.0
 20
-1106.3100892244338
 10
480.0
 20
-1106.0601235415236
 10
480.0
 20
-1105.8101578586136
 10
480.0
 20
-1105.5601921757034
 10
480.0
 20
-1105.3102264927934
 10
480.0
 20
-1105.0602608098832
 10
480.0
 20
-1104.8102951269732
 10
480.0
 20
-1104.5603294440632
 10
480.0
 20
-1104.310363761153
 10
480.0
 20
-1104.060398078243
 10
480.0
 20
-1103.8104323953328
 10
480.0
 20
-1103.5604667124228
 10
480.0
 20
-1103.3105010295126
 10
480.0
 20
-1103.0605353466026
 10
480.0
 20
-1102.8105696636924
 10
480.0
 20
-1102.5606039807824
 10
480.0
 20
-1102.3106382978724
 10
480.0
 20
-1102.0606726149622
 10
480.0
 20
-1101.8107069320522
 10
480.0
 20
-1101.560741249142
 10
480.0
 20
-1101.310775566232
 10
480.0
 20
-1101.0608098833218
 10
480.0
 20
-1100.8108442004118
 10
480.0
 20
-1100.5608785175016
 10
480.0
 20
-1100.3109128345916
 10
480.0
 20
-1100.0609471516814
 10
480.0
 20
-1099.8109814687714
 10
480.0
 20
-1099.5610157858614
 10
480.0
 20
-1099.3110501029512
 10
480.0
 20
-1099.0610844200412
 10
480.0
 20
-1098.811118737131
 10
480.0
 20
-1098.561153054221
 10
480.0
 20
-1098.3111873713108
 10
480.0
 20
-1098.0612216884008
 10
480.0
 20
-1097.8112560054906
 10
480.0
 20
-1097.5612903225806
 10
480.0
 20
-1097.3113246396706
 10
480.0
 20
-1097.0613589567604
 10
480.0
 20
-1096.8113932738504
 10
480.0
 20
-1096.5614275909402
 10
480.0
 20
-1096.3114619080302
 10
480.0
 20
-1096.06149622512
 10
480.0
 20
-1095.81153054221
 10
480.0
 20
-1095.5615648592998
 10
480.0
 20
-1095.3115991763898
 10
480.0
 20
-1095.0616334934796
 10
480.0
 20
-1094.8116678105696
 10
480.0
 20
-1094.5617021276596
 10
480.0
 20
-1094.3117364447494
 10
480.0
 20
-1094.0617707618394
 10
480.0
 20
-1093.8118050789292
 10
480.0
 20
-1093.5618393960192
 10
480.0
 20
-1093.311873713109
 10
480.0
 20
-1093.061908030199
 10
480.0
 20
-1092.8119423472888
 10
480.0
 20
-1092.5619766643788
 10
480.0
 20
-1092.3120109814688
 10
480.0
 20
-1092.0620452985586
 10
480.0
 20
-1091.8120796156486
 10
480.0
 20
-1091.5621139327384
 10
480.0
 20
-1091.3121482498284
 10
480.0
 20
-1091.0621825669182
 10
480.0
 20
-1090.8122168840082
 10
480.0
 20
-1090.562251201098
 10
480.0
 20
-1090.312285518188
 10
480.0
 20
-1090.062319835278
 10
480.0
 20
-1089.8123541523678
 10
480.0
 20
-1089.5623884694578
 10
480.0
 20
-1089.3124227865476
 10
480.0
 20
-1089.0624571036376
 10
480.0
 20
-1088.8124914207274
 10
480.0
 20
-1088.5625257378174
 10
480.0
 20
-1088.3125600549072
 10
480.0
 20
-1088.0625943719972
 10
480.0
 20
-1087.812628689087
 10
480.0
 20
-1087.562663006177
 10
480.0
 20
-1087.312697323267
 10
480.0
 20
-1087.0627316403568
 10
480.0
 20
-1086.8127659574468
 10
480.0
 20
-1086.5628002745366
 10
480.0
 20
-1086.3128345916266
 10
480.0
 20
-1086.0628689087164
 10
480.0
 20
-1085.8129032258064
 10
480.0
 20
-1085.5629375428962
 10
480.0
 20
-1085.3129718599862
 10
480.0
 20
-1085.0630061770762
 10
480.0
 20
-1084.813040494166
 10
480.0
 20
-1084.563074811256
 10
480.0
 20
-1084.3131091283458
 10
480.0
 20
-1084.0631434454358
 10
480.0
 20
-1083.8131777625256
 10
480.0
 20
-1083.5632120796156
 10
480.0
 20
-1083.3132463967054
 10
480.0
 20
-1083.0632807137954
 10
480.0
 20
-1082.8133150308854
 10
480.0
 20
-1082.5633493479752
 10
480.0
 20
-1082.3133836650652
 10
480.0
 20
-1082.063417982155
 10
480.0
 20
-1081.813452299245
 10
480.0
 20
-1081.5634866163348
 10
480.0
 20
-1081.3135209334248
 10
480.0
 20
-1081.0635552505146
 10
480.0
 20
-1080.8135895676046
 10
480.0
 20
-1080.5636238846946
 10
480.0
 20
-1080.3136582017844
 10
480.0
 20
-1080.0636925188744
 10
480.0
 20
-1079.8137268359642
 10
480.0
 20
-1079.5637611530542
 10
480.0
 20
-1079.313795470144
 10
480.0
 20
-1079.063829787234
 10
480.0
 20
-1078.8138641043238
 10
480.0
 20
-1078.5638984214138
 10
480.0
 20
-1078.3139327385038
 10
480.0
 20
-1078.0639670555936
 10
480.0
 20
-1077.8140013726836
 10
480.0
 20
-1077.5640356897734
 10
480.0
 20
-1077.3140700068634
 10
480.0
 20
-1077.0641043239532
 10
480.0
 20
-1076.8141386410432
 10
480.0
 20
-1076.564172958133
 10
480.0
 20
-1076.314207275223
 10
480.0
 20
-1076.064241592313
 10
480.0
 20
-1075.8142759094028
 10
480.0
 20
-1075.5643102264928
 10
480.0
 20
-1075.3143445435826
 10
480.0
 20
-1075.0643788606726
 10
480.0
 20
-1074.8144131777624
 10
480.0
 20
-1074.5644474948524
 10
480.0
 20
-1074.3144818119422
 10
480.0
 20
-1074.0645161290322
 10
480.0
 20
-1073.8145504461222
 10
480.0
 20
-1073.564584763212
 10
480.0
 20
-1073.314619080302
 10
480.0
 20
-1073.0646533973918
 10
480.0
 20
-1072.8146877144818
 10
480.0
 20
-1072.5647220315716
 10
480.0
 20
-1072.3147563486616
 10
480.0
 20
-1072.0647906657514
 10
480.0
 20
-1071.8148249828414
 10
480.0
 20
-1071.5648592999314
 10
480.0
 20
-1071.3148936170212
 10
480.0
 20
-1071.0649279341112
 10
480.0
 20
-1070.814962251201
 10
480.0
 20
-1070.564996568291
 10
480.0
 20
-1070.3150308853808
 10
480.0
 20
-1070.0650652024708
 10
480.0
 20
-1069.8150995195606
 10
480.0
 20
-1069.5651338366506
 10
480.0
 20
-1069.3151681537406
 10
480.0
 20
-1069.0652024708304
 10
480.0
 20
-1068.8152367879204
 10
480.0
 20
-1068.5652711050102
 10
480.0
 20
-1068.3153054221002
 10
480.0
 20
-1068.06533973919
 10
480.0
 20
-1067.81537405628
 10
480.0
 20
-1067.56540837337
 10
480.0
 20
-1067.3154426904598
 10
480.0
 20
-1067.0654770075498
 10
480.0
 20
-1066.8155113246396
 10
480.0
 20
-1066.5655456417296
 10
480.0
 20
-1066.3155799588194
 10
480.0
 20
-1066.0656142759094
 10
480.0
 20
-1065.8156485929992
 10
480.0
 20
-1065.5656829100892
 10
480.0
 20
-1065.3157172271792
 10
480.0
 20
-1065.065751544269
 10
480.0
 20
-1064.815785861359
 10
480.0
 20
-1064.5658201784488
 10
480.0
 20
-1064.3158544955388
 10
480.0
 20
-1064.0658888126286
 10
480.0
 20
-1063.8159231297186
 10
480.0
 20
-1063.5659574468084
 10
480.0
 20
-1063.3159917638984
 10
480.0
 20
-1063.0660260809884
 10
480.0
 20
-1062.8160603980782
 10
480.0
 20
-1062.5660947151682
 10
480.0
 20
-1062.316129032258
 10
480.0
 20
-1062.066163349348
 10
480.0
 20
-1061.8161976664378
 10
480.0
 20
-1061.5662319835278
 10
480.0
 20
-1061.3162663006176
 10
480.0
 20
-1061.0663006177076
 10
480.0
 20
-1060.8163349347976
 10
480.0
 20
-1060.5663692518874
 10
480.0
 20
-1060.3164035689774
 10
480.0
 20
-1060.0664378860672
 10
480.0
 20
-1059.8164722031572
 10
480.0
 20
-1059.566506520247
 10
480.0
 20
-1059.316540837337
 10
480.0
 20
-1059.0665751544268
 10
480.0
 20
-1058.8166094715168
 10
480.0
 20
-1058.5666437886066
 10
480.0
 20
-1058.3166781056966
 10
480.0
 20
-1058.0667124227866
 10
480.0
 20
-1057.8167467398764
 10
480.0
 20
-1057.5667810569664
 10
480.0
 20
-1057.3168153740562
 10
480.0
 20
-1057.0668496911462
 10
480.0
 20
-1056.816884008236
 10
480.0
 20
-1056.566918325326
 10
480.0
 20
-1056.3169526424158
 10
480.0
 20
-1056.0669869595058
 10
480.0
 20
-1055.8170212765958
 10
480.0
 20
-1055.5670555936856
 10
480.0
 20
-1055.3170899107756
 10
480.0
 20
-1055.0671242278654
 10
480.0
 20
-1054.8171585449554
 10
480.0
 20
-1054.5671928620452
 10
480.0
 20
-1054.3172271791352
 10
480.0
 20
-1054.067261496225
 10
480.0
 20
-1053.817295813315
 10
480.0
 20
-1053.567330130405
 10
480.0
 20
-1053.3173644474948
 10
480.0
 20
-1053.0673987645848
 10
480.0
 20
-1052.8174330816746
 10
480.0
 20
-1052.5674673987646
 10
480.0
 20
-1052.3175017158544
 10
480.0
 20
-1052.0675360329444
 10
480.0
 20
-1051.8175703500342
 10
480.0
 20
-1051.5676046671242
 10
480.0
 20
-1051.317638984214
 10
480.0
 20
-1051.067673301304
 10
480.0
 20
-1050.817707618394
 10
480.0
 20
-1050.5677419354838
 10
480.0
 20
-1050.3177762525738
 10
480.0
 20
-1050.0678105696636
 10
480.0
 20
-1049.8178448867536
 10
480.0
 20
-1049.5678792038434
 10
480.0
 20
-1049.3179135209334
 10
480.0
 20
-1049.0679478380232
 10
480.0
 20
-1048.8179821551132
 10
480.0
 20
-1048.5680164722032
 10
480.0
 20
-1048.318050789293
 10
480.0
 20
-1048.068085106383
 10
480.0
 20
-1047.8181194234728
 10
480.0
 20
-1047.5681537405628
 10
480.0
 20
-1047.3181880576526
 10
480.0
 20
-1047.0682223747426
 10
480.0
 20
-1046.8182566918324
 10
480.0
 20
-1046.5682910089224
 10
480.0
 20
-1046.3183253260124
 10
480.0
 20
-1046.0683596431022
 10
480.0
 20
-1045.8183939601922
 10
480.0
 20
-1045.568428277282
 10
480.0
 20
-1045.318462594372
 10
480.0
 20
-1045.0684969114618
 10
480.0
 20
-1044.8185312285518
 10
480.0
 20
-1044.5685655456416
 10
480.0
 20
-1044.3185998627316
 10
480.0
 20
-1044.0686341798214
 10
480.0
 20
-1043.8186684969114
 10
480.0
 20
-1043.5687028140014
 10
480.0
 20
-1043.3187371310912
 10
480.0
 20
-1043.0687714481812
 10
480.0
 20
-1042.818805765271
 10
480.0
 20
-1042.568840082361
 10
480.0
 20
-1042.3188743994508
 10
480.0
 20
-1042.0689087165408
 10
480.0
 20
-1041.8189430336306
 10
480.0
 20
-1041.5689773507206
 10
480.0
 20
-1041.3190116678106
 10
480.0
 20
-1041.0690459849004
 10
480.0
 20
-1040.8190803019904
 10
480.0
 20
-1040.5691146190802
 10
480.0
 20
-1040.3191489361702
 10
480.0
 20
-1040.06918325326
 10
480.0
 20
-1039.81921757035
 10
480.0
 20
-1039.5692518874398
 10
480.0
 20
-1039.3192862045298
 10
480.0
 20
-1039.0693205216196
 10
480.0
 20
-1038.8193548387096
 10
480.0
 20
-1038.5693891557996
 10
480.0
 20
-1038.3194234728894
 10
480.0
 20
-1038.0694577899794
 10
480.0
 20
-1037.8194921070692
 10
480.0
 20
-1037.5695264241592
 10
480.0
 20
-1037.319560741249
 10
480.0
 20
-1037.069595058339
 10
480.0
 20
-1036.8196293754288
 10
480.0
 20
-1036.5696636925188
 10
480.0
 20
-1036.3196980096088
 10
480.0
 20
-1036.0697323266986
 10
480.0
 20
-1035.8197666437886
 10
480.0
 20
-1035.5698009608784
 10
480.0
 20
-1035.3198352779684
 10
480.0
 20
-1035.0698695950582
 10
480.0
 20
-1034.8199039121482
 10
480.0
 20
-1034.569938229238
 10
480.0
 20
-1034.319972546328
 10
480.0
 20
-1034.070006863418
 10
480.0
 20
-1033.8200411805078
 10
480.0
 20
-1033.5700754975978
 10
480.0
 20
-1033.3201098146876
 10
480.0
 20
-1033.0701441317776
 10
480.0
 20
-1032.8201784488674
 10
480.0
 20
-1032.5702127659574
 10
480.0
 20
-1032.3202470830472
 10
480.0
 20
-1032.0702814001372
 10
480.0
 20
-1031.8203157172272
 10
480.0
 20
-1031.570350034317
 10
480.0
 20
-1031.320384351407
 10
480.0
 20
-1031.0704186684968
 10
480.0
 20
-1030.8204529855868
 10
480.0
 20
-1030.5704873026766
 10
480.0
 20
-1030.3205216197666
 10
480.0
 20
-1030.0705559368566
 10
480.0
 20
-1029.8205902539464
 10
480.0
 20
-1029.5706245710364
 10
480.0
 20
-1029.3206588881262
 10
480.0
 20
-1029.0706932052162
 10
480.0
 20
-1028.820727522306
 10
480.0
 20
-1028.570761839396
 10
480.0
 20
-1028.3207961564858
 10
480.0
 20
-1028.0708304735758
 10
480.0
 20
-1027.8208647906658
 10
480.0
 20
-1027.5708991077556
 10
480.0
 20
-1027.3209334248456
 10
480.0
 20
-1027.0709677419354
 10
480.0
 20
-1026.8210020590254
 10
480.0
 20
-1026.5710363761152
 10
480.0
 20
-1026.3210706932052
 10
480.0
 20
-1026.071105010295
 10
480.0
 20
-1025.821139327385
 10
480.0
 20
-1025.571173644475
 10
480.0
 20
-1025.3212079615648
 10
480.0
 20
-1025.0712422786548
 10
480.0
 20
-1024.8212765957446
 10
480.0
 20
-1024.5713109128346
 10
480.0
 20
-1024.3213452299244
 10
480.0
 20
-1024.0713795470144
 10
480.0
 20
-1023.8214138641042
 10
480.0
 20
-1023.5714481811942
 10
480.0
 20
-1023.3214824982841
 10
480.0
 20
-1023.071516815374
 10
480.0
 20
-1022.8215511324639
 10
480.0
 20
-1022.5715854495538
 10
480.0
 20
-1022.3216197666437
 10
480.0
 20
-1022.0716540837336
 10
480.0
 20
-1021.8216884008235
 10
480.0
 20
-1021.5717227179134
 10
480.0
 20
-1021.3217570350034
 10
480.0
 20
-1021.0717913520933
 10
480.0
 20
-1020.8218256691832
 10
480.0
 20
-1020.5718599862731
 10
480.0
 20
-1020.321894303363
 10
480.0
 20
-1020.0719286204529
 10
480.0
 20
-1019.8219629375428
 10
480.0
 20
-1019.5719972546327
 10
480.0
 20
-1019.3220315717226
 10
480.0
 20
-1019.0720658888126
 10
480.0
 20
-1018.8221002059025
 10
480.0
 20
-1018.5721345229924
 10
480.0
 20
-1018.3221688400823
 10
480.0
 20
-1018.0722031571722
 10
480.0
 20
-1017.8222374742621
 10
480.0
 20
-1017.572271791352
 10
480.0
 20
-1017.3223061084419
 10
480.0
 20
-1017.0723404255318
 10
480.0
 20
-1016.8223747426218
 10
480.0
 20
-1016.5724090597117
 10
480.0
 20
-1016.3224433768016
 10
480.0
 20
-1016.0724776938915
 10
480.0
 20
-1015.8225120109814
 10
480.0
 20
-1015.5725463280713
 10
480.0
 20
-1015.3225806451612
 10
480.0
 20
-1015.0726149622511
 10
480.0
 20
-1014.822649279341
 10
480.0
 20
-1014.572683596431
 10
480.0
 20
-1014.3227179135209
 10
480.0
 20
-1014.0727522306108
 10
480.0
 20
-1013.8227865477007
 10
480.0
 20
-1013.5728208647906
 10
480.0
 20
-1013.3228551818805
 10
480.0
 20
-1013.0728894989704
 10
480.0
 20
-1012.8229238160603
 10
480.0
 20
-1012.5729581331502
 10
480.0
 20
-1012.3229924502401
 10
480.0
 20
-1012.0730267673301
 10
480.0
 20
-1011.82306108442
 10
480.0
 20
-1011.5730954015099
 10
480.0
 20
-1011.3231297185998
 10
480.0
 20
-1011.0731640356897
 10
480.0
 20
-1010.8231983527796
 10
480.0
 20
-1010.5732326698695
 10
480.0
 20
-1010.3232669869594
 10
480.0
 20
-1010.0733013040493
 10
480.0
 20
-1009.8233356211393
 10
480.0
 20
-1009.5733699382292
 10
480.0
 20
-1009.3234042553191
 10
480.0
 20
-1009.073438572409
 10
480.0
 20
-1008.8234728894989
 10
480.0
 20
-1008.5735072065888
 10
480.0
 20
-1008.3235415236787
 10
480.0
 20
-1008.0735758407686
 10
480.0
 20
-1007.8236101578585
 10
480.0
 20
-1007.5736444749484
 10
480.0
 20
-1007.3236787920384
 10
480.0
 20
-1007.0737131091283
 10
480.0
 20
-1006.8237474262182
 10
480.0
 20
-1006.5737817433081
 10
480.0
 20
-1006.323816060398
 10
480.0
 20
-1006.0738503774879
 10
480.0
 20
-1005.8238846945778
 10
480.0
 20
-1005.5739190116677
 10
480.0
 20
-1005.3239533287576
 10
480.0
 20
-1005.0739876458475
 10
480.0
 20
-1004.8240219629375
 10
480.0
 20
-1004.5740562800274
 10
480.0
 20
-1004.3240905971173
 10
480.0
 20
-1004.0741249142072
 10
480.0
 20
-1003.8241592312971
 10
480.0
 20
-1003.574193548387
 10
480.0
 20
-1003.3242278654769
 10
480.0
 20
-1003.0742621825668
 10
480.0
 20
-1002.8242964996567
 10
480.0
 20
-1002.5743308167466
 10
480.0
 20
-1002.3243651338366
 10
480.0
 20
-1002.0743994509265
 10
480.0
 20
-1001.8244337680164
 10
480.0
 20
-1001.5744680851063
 10
480.0
 20
-1001.3245024021962
 10
480.0
 20
-1001.0745367192861
 10
480.0
 20
-1000.824571036376
 10
480.0
 20
-1000.5746053534659
 10
480.0
 20
-1000.3246396705558
 10
480.0
 20
-1000.0746739876458
 10
480.0
 20
-999.8247083047357
 10
480.0
 20
-999.5747426218256
 10
480.0
 20
-999.3247769389155
 10
480.0
 20
-999.0748112560054
 10
480.0
 20
-998.8248455730953
 10
480.0
 20
-998.5748798901852
 10
480.0
 20
-998.3249142072751
 10
480.0
 20
-998.074948524365
 10
480.0
 20
-997.8249828414549
 10
480.1249828414551
 20
-997.6999999999999
 10
480.3749485243651
 20
-997.6999999999999
 10
480.6249142072753
 20
-997.6999999999999
 10
480.8748798901853
 20
-997.6999999999999
 10
481.1248455730955
 20
-997.6999999999999
 10
481.3748112560055
 20
-997.6999999999999
 10
481.6247769389155
 20
-997.6999999999999
 10
481.8747426218257
 20
-997.6999999999999
 10
482.1247083047357
 20
-997.6999999999999
 10
482.3746739876459
 20
-997.6999999999999
 10
482.6246396705559
 20
-997.6999999999999
 10
482.8746053534661
 20
-997.6999999999999
 10
483.1245710363761
 20
-997.6999999999999
 10
483.3745367192863
 20
-997.6999999999999
 10
483.6245024021963
 20
-997.6999999999999
 10
483.8744680851063
 20
-997.6999999999999
 10
484.1244337680165
 20
-997.6999999999999
 10
484.3743994509265
 20
-997.6999999999999
 10
484.6243651338367
 20
-997.6999999999999
 10
484.8743308167467
 20
-997.6999999999999
 10
485.1242964996569
 20
-997.6999999999999
 10
485.3742621825669
 20
-997.6999999999999
 10
485.6242278654771
 20
-997.6999999999999
 10
485.8741935483871
 20
-997.6999999999999
 10
486.1241592312971
 20
-997.6999999999999
 10
486.3741249142073
 20
-997.6999999999999
 10
486.6240905971173
 20
-997.6999999999999
 10
486.8740562800275
 20
-997.6999999999999
 10
487.1240219629375
 20
-997.6999999999999
 10
487.3739876458477
 20
-997.6999999999999
 10
487.6239533287577
 20
-997.6999999999999
 10
487.8739190116679
 20
-997.6999999999999
 10
488.1238846945779
 20
-997.6999999999999
 10
488.373850377488
 20
-997.6999999999999
 10
488.6238160603981
 20
-997.6999999999999
 10
488.8737817433081
 20
-997.6999999999999
 10
489.1237474262183
 20
-997.6999999999999
 10
489.3737131091283
 20
-997.6999999999999
 10
489.6236787920385
 20
-997.6999999999999
 10
489.8736444749485
 20
-997.6999999999999
 10
490.1236101578587
 20
-997.6999999999999
 10
490.3735758407687
 20
-997.6999999999999
 10
490.6235415236788
 20
-997.6999999999999
 10
490.8735072065889
 20
-997.6999999999999
 10
491.1234728894989
 20
-997.6999999999999
 10
491.3734385724091
 20
-997.6999999999999
 10
491.6234042553191
 20
-997.6999999999999
 10
491.8733699382293
 20
-997.6999999999999
 10
492.1233356211393
 20
-997.6999999999999
 10
492.3733013040495
 20
-997.6999999999999
 10
492.6232669869595
 20
-997.6999999999999
 10
492.8732326698696
 20
-997.6999999999999
 10
493.1231983527797
 20
-997.6999999999999
 10
493.3731640356898
 20
-997.6999999999999
 10
493.6231297185999
 20
-997.6999999999999
 10
493.8730954015099
 20
-997.6999999999999
 10
494.1230610844201
 20
-997.6999999999999
 10
494.3730267673301
 20
-997.6999999999999
 10
494.6229924502403
 20
-997.6999999999999
 10
494.8729581331503
 20
-997.6999999999999
 10
495.1229238160604
 20
-997.6999999999999
 10
495.3728894989705
 20
-997.6999999999999
 10
495.6228551818806
 20
-997.6999999999999
 10
495.8728208647907
 20
-997.6999999999999
 10
496.1227865477007
 20
-997.6999999999999
 10
496.3727522306109
 20
-997.6999999999999
 10
496.6227179135209
 20
-997.6999999999999
 10
496.8726835964311
 20
-997.6999999999999
 10
497.1226492793411
 20
-997.6999999999999
 10
497.3726149622512
 20
-997.6999999999999
 10
497.6225806451613
 20
-997.6999999999999
 10
497.8725463280714
 20
-997.6999999999999
 10
498.1225120109815
 20
-997.6999999999999
 10
498.3724776938915
 20
-997.6999999999999
 10
498.6224433768017
 20
-997.6999999999999
 10
498.8724090597117
 20
-997.6999999999999
 10
499.1223747426219
 20
-997.6999999999999
 10
499.3723404255319
 20
-997.6999999999999
 10
499.622306108442
 20
-997.6999999999999
 10
499.8722717913521
 20
-997.6999999999999
 10
500.1222374742622
 20
-997.6999999999999
 10
500.3722031571723
 20
-997.6999999999999
 10
500.6221688400824
 20
-997.6999999999999
 10
500.8721345229925
 20
-997.6999999999999
 10
501.1221002059025
 20
-997.6999999999999
 10
501.3720658888127
 20
-997.6999999999999
 10
501.6220315717227
 20
-997.6999999999999
 10
501.8719972546328
 20
-997.6999999999999
 10
502.1219629375429
 20
-997.6999999999999
 10
502.371928620453
 20
-997.6999999999999
 10
502.6218943033631
 20
-997.6999999999999
 10
502.8718599862732
 20
-997.6999999999999
 10
503.1218256691833
 20
-997.6999999999999
 10
503.3717913520933
 20
-997.6999999999999
 10
503.6217570350035
 20
-997.6999999999999
 10
503.8717227179135
 20
-997.6999999999999
 10
504.1216884008236
 20
-997.6999999999999
 10
504.3716540837337
 20
-997.6999999999999
 10
504.6216197666438
 20
-997.6999999999999
 10
504.8715854495539
 20
-997.6999999999999
 10
505.121551132464
 20
-997.6999999999999
 10
505.3715168153741
 20
-997.6999999999999
 10
505.6214824982841
 20
-997.6999999999999
 10
505.8714481811943
 20
-997.6999999999999
 10
506.1214138641043
 20
-997.6999999999999
 10
506.3713795470144
 20
-997.6999999999999
 10
506.6213452299245
 20
-997.6999999999999
 10
506.8713109128346
 20
-997.6999999999999
 10
507.1212765957447
 20
-997.6999999999999
 10
507.3712422786548
 20
-997.6999999999999
 10
507.6212079615649
 20
-997.6999999999999
 10
507.871173644475
 20
-997.6999999999999
 10
508.1211393273851
 20
-997.6999999999999
 10
508.3711050102951
 20
-997.6999999999999
 10
508.6210706932052
 20
-997.6999999999999
 10
508.8710363761153
 20
-997.6999999999999
 10
509.1210020590254
 20
-997.6999999999999
 10
509.3709677419355
 20
-997.6999999999999
 10
509.6209334248456
 20
-997.6999999999999
 10
509.8708991077557
 20
-997.6999999999999
 10
510.1208647906658
 20
-997.6999999999999
 10
510.3708304735759
 20
-997.6999999999999
 10
510.6207961564859
 20
-997.6999999999999
 10
510.870761839396
 20
-997.6999999999999
 10
511.1207275223061
 20
-997.6999999999999
 10
511.3706932052162
 20
-997.6999999999999
 10
511.6206588881263
 20
-997.6999999999999
 10
511.8706245710364
 20
-997.6999999999999
 10
512.1205902539465
 20
-997.6999999999999
 10
512.3705559368566
 20
-997.6999999999999
 10
512.6205216197667
 20
-997.6999999999999
 10
512.8704873026767
 20
-997.6999999999999
 10
513.1204529855868
 20
-997.6999999999999
 10
513.3704186684969
 20
-997.6999999999999
 10
513.620384351407
 20
-997.6999999999999
 10
513.8703500343171
 20
-997.6999999999999
 10
514.1203157172272
 20
-997.6999999999999
 10
514.3702814001373
 20
-997.6999999999999
 10
514.6202470830474
 20
-997.6999999999999
 10
514.8702127659575
 20
-997.6999999999999
 10
515.1201784488676
 20
-997.6999999999999
 10
515.3701441317776
 20
-997.6999999999999
 10
515.6201098146877
 20
-997.6999999999999
 10
515.8700754975978
 20
-997.6999999999999
 10
516.1200411805079
 20
-997.6999999999999
 10
516.370006863418
 20
-997.6999999999999
 10
516.6199725463281
 20
-997.6999999999999
 10
516.8699382292382
 20
-997.6999999999999
 10
517.1199039121483
 20
-997.6999999999999
 10
517.3698695950584
 20
-997.6999999999999
 10
517.6198352779684
 20
-997.6999999999999
 10
517.8698009608785
 20
-997.6999999999999
 10
518.1197666437886
 20
-997.6999999999999
 10
518.3697323266987
 20
-997.6999999999999
 10
518.6196980096088
 20
-997.6999999999999
 10
518.8696636925189
 20
-997.6999999999999
 10
519.119629375429
 20
-997.6999999999999
 10
519.3695950583391
 20
-997.6999999999999
 10
519.6195607412492
 20
-997.6999999999999
 10
519.8695264241592
 20
-997.6999999999999
 10
520.1194921070694
 20
-997.6999999999999
 10
520.3694577899794
 20
-997.6999999999999
 10
520.6194234728895
 20
-997.6999999999999
 10
520.8693891557996
 20
-997.6999999999999
 10
521.1193548387097
 20
-997.6999999999999
 10
521.3693205216198
 20
-997.6999999999999
 10
521.6192862045298
 20
-997.6999999999999
 10
521.86925188744
 20
-997.6999999999999
 10
522.11921757035
 20
-997.6999999999999
 10
522.3691832532602
 20
-997.6999999999999
 10
522.6191489361702
 20
-997.6999999999999
 10
522.8691146190803
 20
-997.6999999999999
 10
523.1190803019904
 20
-997.6999999999999
 10
523.3690459849005
 20
-997.6999999999999
 10
523.6190116678106
 20
-997.6999999999999
 10
523.8689773507206
 20
-997.6999999999999
 10
524.1189430336308
 20
-997.6999999999999
 10
524.3689087165408
 20
-997.6999999999999
 10
524.618874399451
 20
-997.6999999999999
 10
524.868840082361
 20
-997.6999999999999
 10
525.1188057652711
 20
-997.6999999999999
 10
525.3687714481812
 20
-997.6999999999999
 10
525.6187371310913
 20
-997.6999999999999
 10
525.8687028140014
 20
-997.6999999999999
 10
526.1186684969114
 20
-997.6999999999999
 10
526.3686341798216
 20
-997.6999999999999
 10
526.6185998627316
 20
-997.6999999999999
 10
526.8685655456418
 20
-997.6999999999999
 10
527.1185312285518
 20
-997.6999999999999
 10
527.368496911462
 20
-997.6999999999999
 10
527.618462594372
 20
-997.6999999999999
 10
527.8684282772821
 20
-997.6999999999999
 10
528.1183939601922
 20
-997.6999999999999
 10
528.3683596431022
 20
-997.6999999999999
 10
528.6183253260124
 20
-997.6999999999999
 10
528.8682910089224
 20
-997.6999999999999
 10
529.1182566918326
 20
-997.6999999999999
 10
529.3682223747426
 20
-997.6999999999999
 10
529.6181880576528
 20
-997.6999999999999
 10
529.8681537405628
 20
-997.6999999999999
 10
530.1181194234729
 20
-997.6999999999999
 10
530.368085106383
 20
-997.6999999999999
 10
530.618050789293
 20
-997.6999999999999
 10
530.8680164722032
 20
-997.6999999999999
 10
531.1179821551132
 20
-997.6999999999999
 10
531.3679478380234
 20
-997.6999999999999
 10
531.6179135209334
 20
-997.6999999999999
 10
531.8678792038436
 20
-997.6999999999999
 10
532.1178448867536
 20
-997.6999999999999
 10
532.3678105696637
 20
-997.6999999999999
 10
532.6177762525738
 20
-997.6999999999999
 10
532.8677419354838
 20
-997.6999999999999
 10
533.117707618394
 20
-997.6999999999999
 10
533.367673301304
 20
-997.6999999999999
 10
533.6176389842142
 20
-997.6999999999999
 10
533.8676046671242
 20
-997.6999999999999
 10
534.1175703500344
 20
-997.6999999999999
 10
534.3675360329444
 20
-997.6999999999999
 10
534.6175017158546
 20
-997.6999999999999
 10
534.8674673987646
 20
-997.6999999999999
 10
535.1174330816746
 20
-997.6999999999999
 10
535.3673987645848
 20
-997.6999999999999
 10
535.6173644474948
 20
-997.6999999999999
 10
535.867330130405
 20
-997.6999999999999
 10
536.117295813315
 20
-997.6999999999999
 10
536.3672614962252
 20
-997.6999999999999
 10
536.6172271791352
 20
-997.6999999999999
 10
536.8671928620454
 20
-997.6999999999999
 10
537.1171585449554
 20
-997.6999999999999
 10
537.3671242278654
 20
-997.6999999999999
 10
537.6170899107756
 20
-997.6999999999999
 10
537.8670555936856
 20
-997.6999999999999
 10
538.1170212765958
 20
-997.6999999999999
 10
538.3669869595058
 20
-997.6999999999999
 10
538.616952642416
 20
-997.6999999999999
 10
538.866918325326
 20
-997.6999999999999
 10
539.1168840082362
 20
-997.6999999999999
 10
539.3668496911462
 20
-997.6999999999999
 10
539.6168153740564
 20
-997.6999999999999
 10
539.8667810569664
 20
-997.6999999999999
 10
540.1167467398764
 20
-997.6999999999999
 10
540.3667124227866
 20
-997.6999999999999
 10
540.6166781056966
 20
-997.6999999999999
 10
540.8666437886068
 20
-997.6999999999999
 10
541.1166094715168
 20
-997.6999999999999
 10
541.366575154427
 20
-997.6999999999999
 10
541.616540837337
 20
-997.6999999999999
 10
541.8665065202472
 20
-997.6999999999999
 10
542.1164722031572
 20
-997.6999999999999
 10
542.3664378860672
 20
-997.6999999999999
 10
542.6164035689774
 20
-997.6999999999999
 10
542.8663692518874
 20
-997.6999999999999
 10
543.1163349347976
 20
-997.6999999999999
 10
543.3663006177076
 20
-997.6999999999999
 10
543.6162663006178
 20
-997.6999999999999
 10
543.8662319835278
 20
-997.6999999999999
 10
544.116197666438
 20
-997.6999999999999
 10
544.366163349348
 20
-997.6999999999999
 10
544.616129032258
 20
-997.6999999999999
 10
544.8660947151682
 20
-997.6999999999999
 10
545.1160603980782
 20
-997.6999999999999
 10
545.3660260809884
 20
-997.6999999999999
 10
545.6159917638984
 20
-997.6999999999999
 10
545.8659574468086
 20
-997.6999999999999
 10
546.1159231297186
 20
-997.6999999999999
 10
546.3658888126288
 20
-997.6999999999999
 10
546.6158544955388
 20
-997.6999999999999
 10
546.8658201784489
 20
-997.6999999999999
 10
547.115785861359
 20
-997.6999999999999
 10
547.365751544269
 20
-997.6999999999999
 10
547.6157172271792
 20
-997.6999999999999
 10
547.8656829100892
 20
-997.6999999999999
 10
548.1156485929994
 20
-997.6999999999999
 10
548.3656142759094
 20
-997.6999999999999
 10
548.6155799588196
 20
-997.6999999999999
 10
548.8655456417296
 20
-997.6999999999999
 10
549.1155113246397
 20
-997.6999999999999
 10
549.3654770075498
 20
-997.6999999999999
 10
549.6154426904598
 20
-997.6999999999999
 10
549.86540837337
 20
-997.6999999999999
 10
550.11537405628
 20
-997.6999999999999
 10
550.3653397391902
 20
-997.6999999999999
 10
550.6153054221002
 20
-997.6999999999999
 10
550.8652711050104
 20
-997.6999999999999
 10
551.1152367879204
 20
-997.6999999999999
 10
551.3652024708305
 20
-997.6999999999999
 10
551.6151681537406
 20
-997.6999999999999
 10
551.8651338366506
 20
-997.6999999999999
 10
552.1150995195608
 20
-997.6999999999999
 10
552.3650652024708
 20
-997.6999999999999
 10
552.615030885381
 20
-997.6999999999999
 10
552.864996568291
 20
-997.6999999999999
 10
553.1149622512012
 20
-997.6999999999999
 10
553.3649279341112
 20
-997.6999999999999
 10
553.6148936170213
 20
-997.6999999999999
 10
553.8648592999314
 20
-997.6999999999999
 10
554.1148249828415
 20
-997.6999999999999
 10
554.3647906657516
 20
-997.6999999999999
 10
554.6147563486616
 20
-997.6999999999999
 10
554.8647220315718
 20
-997.6999999999999
 10
555.1146877144818
 20
-997.6999999999999
 10
555.364653397392
 20
-997.6999999999999
 10
555.614619080302
 20
-997.6999999999999
 10
555.8645847632121
 20
-997.6999999999999
 10
556.1145504461222
 20
-997.6999999999999
 10
556.3645161290323
 20
-997.6999999999999
 10
556.6144818119424
 20
-997.6999999999999
 10
556.8644474948524
 20
-997.6999999999999
 10
557.1144131777626
 20
-997.6999999999999
 10
557.3643788606726
 20
-997.6999999999999
 10
557.6143445435828
 20
-997.6999999999999
 10
557.8643102264928
 20
-997.6999999999999
 10
558.1142759094029
 20
-997.6999999999999
 10
558.364241592313
 20
-997.6999999999999
 10
558.6142072752231
 20
-997.6999999999999
 10
558.8641729581332
 20
-997.6999999999999
 10
559.1141386410432
 20
-997.6999999999999
 10
559.3641043239534
 20
-997.6999999999999
 10
559.6140700068634
 20
-997.6999999999999
 10
559.8640356897736
 20
-997.6999999999999
 10
560.1140013726836
 20
-997.6999999999999
 10
560.3639670555937
 20
-997.6999999999999
 10
560.6139327385038
 20
-997.6999999999999
 10
560.8638984214139
 20
-997.6999999999999
 10
561.113864104324
 20
-997.6999999999999
 10
561.3638297872341
 20
-997.6999999999999
 10
561.6137954701442
 20
-997.6999999999999
 10
561.8637611530542
 20
-997.6999999999999
 10
562.1137268359644
 20
-997.6999999999999
 10
562.3636925188744
 20
-997.6999999999999
 10
562.6136582017845
 20
-997.6999999999999
 10
562.8636238846946
 20
-997.6999999999999
 10
563.1135895676047
 20
-997.6999999999999
 10
563.3635552505148
 20
-997.6999999999999
 10
563.6135209334249
 20
-997.6999999999999
 10
563.863486616335
 20
-997.6999999999999
 10
564.113452299245
 20
-997.6999999999999
 10
564.3634179821552
 20
-997.6999999999999
 10
564.6133836650652
 20
-997.6999999999999
 10
564.8633493479753
 20
-997.6999999999999
 10
565.1133150308854
 20
-997.6999999999999
 10
565.3632807137955
 20
-997.6999999999999
 10
565.6132463967056
 20
-997.6999999999999
 10
565.8632120796157
 20
-997.6999999999999
 10
566.1131777625258
 20
-997.6999999999999
 10
566.3631434454359
 20
-997.6999999999999
 10
566.613109128346
 20
-997.6999999999999
 10
566.863074811256
 20
-997.6999999999999
 10
567.1130404941661
 20
-997.6999999999999
 10
567.3630061770762
 20
-997.6999999999999
 10
567.6129718599863
 20
-997.6999999999999
 10
567.8629375428964
 20
-997.6999999999999
 10
568.1129032258065
 20
-997.6999999999999
 10
568.3628689087166
 20
-997.6999999999999
 10
568.6128345916267
 20
-997.6999999999999
 10
568.8628002745368
 20
-997.6999999999999
 10
569.1127659574468
 20
-997.6999999999999
 10
569.3627316403569
 20
-997.6999999999999
 10
569.612697323267
 20
-997.6999999999999
 10
569.8626630061771
 20
-997.6999999999999
 10
570.1126286890872
 20
-997.6999999999999
 10
570.3625943719973
 20
-997.6999999999999
 10
570.6125600549074
 20
-997.6999999999999
 10
570.8625257378175
 20
-997.6999999999999
 10
571.1124914207276
 20
-997.6999999999999
 10
571.3624571036376
 20
-997.6999999999999
 10
571.6124227865477
 20
-997.6999999999999
 10
571.8623884694578
 20
-997.6999999999999
 10
572.1123541523679
 20
-997.6999999999999
 10
572.362319835278
 20
-997.6999999999999
 10
572.6122855181881
 20
-997.6999999999999
 10
572.8622512010982
 20
-997.6999999999999
 10
573.1122168840083
 20
-997.6999999999999
 10
573.3621825669184
 20
-997.6999999999999
 10
573.6121482498285
 20
-997.6999999999999
 10
573.8621139327385
 20
-997.6999999999999
 10
574.1120796156486
 20
-997.6999999999999
 10
574.3620452985587
 20
-997.6999999999999
 10
574.6120109814688
 20
-997.6999999999999
 10
574.8619766643789
 20
-997.6999999999999
 10
575.111942347289
 20
-997.6999999999999
 10
575.3619080301991
 20
-997.6999999999999
 10
575.6118737131092
 20
-997.6999999999999
 10
575.8618393960193
 20
-997.6999999999999
 10
576.1118050789293
 20
-997.6999999999999
 10
576.3617707618394
 20
-997.6999999999999
 10
576.6117364447495
 20
-997.6999999999999
 10
576.8617021276596
 20
-997.6999999999999
 10
577.1116678105697
 20
-997.6999999999999
 10
577.3616334934798
 20
-997.6999999999999
 10
577.6115991763899
 20
-997.6999999999999
 10
577.8615648593
 20
-997.6999999999999
 10
578.1115305422101
 20
-997.6999999999999
 10
578.36149622512
 20
-997.6999999999999
 10
578.6114619080302
 20
-997.6999999999999
 10
578.8614275909403
 20
-997.6999999999999
 10
579.1113932738504
 20
-997.6999999999999
 10
579.3613589567605
 20
-997.6999999999999
 10
579.6113246396706
 20
-997.6999999999999
 10
579.8612903225807
 20
-997.6999999999999
 10
580.1112560054908
 20
-997.6999999999999
 10
580.3612216884009
 20
-997.6999999999999
 10
580.6111873713108
 20
-997.6999999999999
 10
580.8611530542211
 20
-997.6999999999999
 10
581.111118737131
 20
-997.6999999999999
 10
581.3610844200412
 20
-997.6999999999999
 10
581.6110501029513
 20
-997.6999999999999
 10
581.8610157858614
 20
-997.6999999999999
 10
582.1109814687715
 20
-997.6999999999999
 10
582.3609471516816
 20
-997.6999999999999
 10
582.6109128345917
 20
-997.6999999999999
 10
582.8608785175016
 20
-997.6999999999999
 10
583.1108442004119
 20
-997.6999999999999
 10
583.3608098833218
 20
-997.6999999999999
 10
583.610775566232
 20
-997.6999999999999
 10
583.860741249142
 20
-997.6999999999999
 10
584.1107069320522
 20
-997.6999999999999
 10
584.3606726149623
 20
-997.6999999999999
 10
584.6106382978724
 20
-997.6999999999999
 10
584.8606039807825
 20
-997.6999999999999
 10
585.1105696636924
 20
-997.6999999999999
 10
585.3605353466027
 20
-997.6999999999999
 10
585.6105010295126
 20
-997.6999999999999
 10
585.8604667124227
 20
-997.6999999999999
 10
586.1104323953329
 20
-997.6999999999999
 10
586.360398078243
 20
-997.6999999999999
 10
586.610363761153
 20
-997.6999999999999
 10
586.8603294440632
 20
-997.6999999999999
 10
587.1102951269733
 20
-997.6999999999999
 10
587.3602608098832
 20
-997.6999999999999
 10
587.6102264927935
 20
-997.6999999999999
 10
587.8601921757034
 20
-997.6999999999999
 10
588.1101578586137
 20
-997.6999999999999
 10
588.3601235415236
 20
-997.6999999999999
 10
588.6100892244338
 20
-997.6999999999999
 10
588.8600549073439
 20
-997.6999999999999
 10
589.110020590254
 20
-997.6999999999999
 10
589.359986273164
 20
-997.6999999999999
 10
589.609951956074
 20
-997.6999999999999
 10
589.8599176389843
 20
-997.6999999999999
 10
590.1098833218942
 20
-997.6999999999999
 10
590.3598490048045
 20
-997.6999999999999
 10
590.6098146877144
 20
-997.6999999999999
 10
590.8597803706245
 20
-997.6999999999999
 10
591.1097460535346
 20
-997.6999999999999
 10
591.3597117364448
 20
-997.6999999999999
 10
591.6096774193549
 20
-997.6999999999999
 10
591.8596431022648
 20
-997.6999999999999
 10
592.109608785175
 20
-997.6999999999999
 10
592.359574468085
 20
-997.6999999999999
 10
592.6095401509953
 20
-997.6999999999999
 10
592.8595058339052
 20
-997.6999999999999
 10
593.1094715168155
 20
-997.6999999999999
 10
593.3594371997254
 20
-997.6999999999999
 10
593.6094028826355
 20
-997.6999999999999
 10
593.8593685655457
 20
-997.6999999999999
 10
594.1093342484556
 20
-997.6999999999999
 10
594.3592999313659
 20
-997.6999999999999
 10
594.6092656142758
 20
-997.6999999999999
 10
594.859231297186
 20
-997.6999999999999
 10
595.109196980096
 20
-997.6999999999999
 10
595.3591626630063
 20
-997.6999999999999
 10
595.6091283459162
 20
-997.6999999999999
 10
595.8590940288263
 20
-997.6999999999999
 10
596.1090597117364
 20
-997.6999999999999
 10
596.3590253946464
 20
-997.6999999999999
 10
596.6089910775567
 20
-997.6999999999999
 10
596.8589567604666
 20
-997.6999999999999
 10
597.1089224433769
 20
-997.6999999999999
 10
597.3588881262868
 20
-997.6999999999999
 10
597.6088538091971
 20
-997.6999999999999
 10
597.858819492107
 20
-997.6999999999999
 10
598.1087851750171
 20
-997.6999999999999
 10
598.3587508579272
 20
-997.6999999999999
 10
598.6087165408372
 20
-997.6999999999999
 10
598.8586822237475
 20
-997.6999999999999
 10
599.1086479066574
 20
-997.6999999999999
 10
599.3586135895677
 20
-997.6999999999999
 10
599.6085792724776
 20
-997.6999999999999
 10
599.8585449553879
 20
-997.6999999999999
 10
600.1085106382978
 20
-997.6999999999999
 10
600.3584763212081
 20
-997.6999999999999
 10
600.608442004118
 20
-997.6999999999999
 10
600.858407687028
 20
-997.6999999999999
 10
601.1083733699382
 20
-997.6999999999999
 10
601.3583390528482
 20
-997.6999999999999
 10
601.6083047357585
 20
-997.6999999999999
 10
601.8582704186684
 20
-997.6999999999999
 10
602.1082361015787
 20
-997.6999999999999
 10
602.3582017844886
 20
-997.6999999999999
 10
602.6081674673989
 20
-997.6999999999999
 10
602.8581331503088
 20
-997.6999999999999
 10
603.1080988332188
 20
-997.6999999999999
 10
603.358064516129
 20
-997.6999999999999
 10
603.608030199039
 20
-997.6999999999999
 10
603.8579958819493
 20
-997.6999999999999
 10
604.1079615648592
 20
-997.6999999999999
 10
604.3579272477695
 20
-997.6999999999999
 10
604.6078929306794
 20
-997.6999999999999
 10
604.8578586135897
 20
-997.6999999999999
 10
605.1078242964996
 20
-997.6999999999999
 10
605.3577899794096
 20
-997.6999999999999
 10
605.6077556623198
 20
-997.6999999999999
 10
605.8577213452298
 20
-997.6999999999999
 10
606.10768702814
 20
-997.6999999999999
 10
606.35765271105
 20
-997.6999999999999
 10
606.6076183939603
 20
-997.6999999999999
 10
606.8575840768702
 20
-997.6999999999999
 10
607.1075497597805
 20
-997.6999999999999
 10
607.3575154426904
 20
-997.6999999999999
 10
607.6074811256005
 20
-997.6999999999999
 10
607.8574468085106
 20
-997.6999999999999
 10
608.1074124914206
 20
-997.6999999999999
 10
608.3573781743308
 20
-997.6999999999999
 10
608.6073438572408
 20
-997.6999999999999
 10
608.857309540151
 20
-997.6999999999999
 10
609.107275223061
 20
-997.6999999999999
 10
609.3572409059713
 20
-997.6999999999999
 10
609.6072065888812
 20
-997.6999999999999
 10
609.8571722717913
 20
-997.6999999999999
 10
610.1071379547014
 20
-997.6999999999999
 10
610.3571036376114
 20
-997.6999999999999
 10
610.6070693205216
 20
-997.6999999999999
 10
610.8570350034316
 20
-997.6999999999999
 10
611.1070006863418
 20
-997.6999999999999
 10
611.3569663692518
 20
-997.6999999999999
 10
611.606932052162
 20
-997.6999999999999
 10
611.856897735072
 20
-997.6999999999999
 10
612.1068634179821
 20
-997.6999999999999
 10
612.3568291008922
 20
-997.6999999999999
 10
612.6067947838023
 20
-997.6999999999999
 10
612.8567604667124
 20
-997.6999999999999
 10
613.1067261496224
 20
-997.6999999999999
 10
613.3566918325326
 20
-997.6999999999999
 10
613.6066575154426
 20
-997.6999999999999
 10
613.8566231983528
 20
-997.6999999999999
 10
614.1065888812628
 20
-997.6999999999999
 10
614.3565545641729
 20
-997.6999999999999
 10
614.606520247083
 20
-997.6999999999999
 10
614.8564859299931
 20
-997.6999999999999
 10
615.1064516129032
 20
-997.6999999999999
 10
615.3564172958132
 20
-997.6999999999999
 10
615.6063829787234
 20
-997.6999999999999
 10
615.8563486616334
 20
-997.6999999999999
 10
616.1063143445436
 20
-997.6999999999999
 10
616.3562800274536
 20
-997.6999999999999
 10
616.6062457103637
 20
-997.6999999999999
 10
616.8562113932738
 20
-997.6999999999999
 10
617.1061770761839
 20
-997.6999999999999
 10
617.356142759094
 20
-997.6999999999999
 10
617.606108442004
 20
-997.6999999999999
 10
617.8560741249142
 20
-997.6999999999999
 10
618.1060398078242
 20
-997.6999999999999
 10
618.3560054907344
 20
-997.6999999999999
 10
618.6059711736444
 20
-997.6999999999999
 10
618.8559368565545
 20
-997.6999999999999
 10
619.1059025394646
 20
-997.6999999999999
 10
619.3558682223747
 20
-997.6999999999999
 10
619.6058339052848
 20
-997.6999999999999
 10
619.8557995881949
 20
-997.6999999999999
 10
620.105765271105
 20
-997.6999999999999
 10
620.355730954015
 20
-997.6999999999999
 10
620.6056966369252
 20
-997.6999999999999
 10
620.8556623198352
 20
-997.6999999999999
 10
621.1056280027453
 20
-997.6999999999999
 10
621.3555936856554
 20
-997.6999999999999
 10
621.6055593685655
 20
-997.6999999999999
 10
621.8555250514756
 20
-997.6999999999999
 10
622.1054907343857
 20
-997.6999999999999
 10
622.3554564172958
 20
-997.6999999999999
 10
622.6054221002058
 20
-997.6999999999999
 10
622.855387783116
 20
-997.6999999999999
 10
623.105353466026
 20
-997.6999999999999
 10
623.3553191489361
 20
-997.6999999999999
 10
623.6052848318462
 20
-997.6999999999999
 10
623.8552505147563
 20
-997.6999999999999
 10
624.1052161976664
 20
-997.6999999999999
 10
624.3551818805765
 20
-997.6999999999999
 10
624.6051475634866
 20
-997.6999999999999
 10
624.8551132463966
 20
-997.6999999999999
 10
625.1050789293068
 20
-997.6999999999999
 10
625.3550446122168
 20
-997.6999999999999
 10
625.6050102951269
 20
-997.6999999999999
 10
625.854975978037
 20
-997.6999999999999
 10
626.1049416609471
 20
-997.6999999999999
 10
626.3549073438572
 20
-997.6999999999999
 10
626.6048730267673
 20
-997.6999999999999
 10
626.8548387096774
 20
-997.6999999999999
 10
627.1048043925875
 20
-997.6999999999999
 10
627.3547700754976
 20
-997.6999999999999
 10
627.6047357584076
 20
-997.6999999999999
 10
627.8547014413177
 20
-997.6999999999999
 10
628.1046671242278
 20
-997.6999999999999
 10
628.3546328071379
 20
-997.6999999999999
 10
628.604598490048
 20
-997.6999999999999
 10
628.8545641729581
 20
-997.6999999999999
 10
629.1045298558682
 20
-997.6999999999999
 10
629.3544955387783
 20
-997.6999999999999
 10
629.6044612216884
 20
-997.6999999999999
 10
629.8544269045984
 20
-997.6999999999999
 10
630.1043925875085
 20
-997.6999999999999
 10
630.3543582704186
 20
-997.6999999999999
 10
630.6043239533287
 20
-997.6999999999999
 10
630.8542896362388
 20
-997.6999999999999
 10
631.1042553191489
 20
-997.6999999999999
 10
631.354221002059
 20
-997.6999999999999
 10
631.6041866849691
 20
-997.6999999999999
 10
631.8541523678792
 20
-997.6999999999999
 10
632.1041180507892
 20
-997.6999999999999
 10
632.3540837336993
 20
-997.6999999999999
 10
632.6040494166094
 20
-997.6999999999999
 10
632.8540150995195
 20
-997.6999999999999
 10
633.1039807824296
 20
-997.6999999999999
 10
633.3539464653397
 20
-997.6999999999999
 10
633.6039121482498
 20
-997.6999999999999
 10
633.8538778311599
 20
-997.6999999999999
 10
634.10384351407
 20
-997.6999999999999
 10
634.3538091969801
 20
-997.6999999999999
 10
634.6037748798901
 20
-997.6999999999999
 10
634.8537405628002
 20
-997.6999999999999
 10
635.1037062457103
 20
-997.6999999999999
 10
635.3536719286204
 20
-997.6999999999999
 10
635.6036376115305
 20
-997.6999999999999
 10
635.8536032944406
 20
-997.6999999999999
 10
636.1035689773507
 20
-997.6999999999999
 10
636.3535346602608
 20
-997.6999999999999
 10
636.6035003431709
 20
-997.6999999999999
 10
636.8534660260809
 20
-997.6999999999999
 10
637.103431708991
 20
-997.6999999999999
 10
637.3533973919011
 20
-997.6999999999999
 10
637.6033630748112
 20
-997.6999999999999
 10
637.8533287577213
 20
-997.6999999999999
 10
638.1032944406314
 20
-997.6999999999999
 10
638.3532601235415
 20
-997.6999999999999
 10
638.6032258064516
 20
-997.6999999999999
 10
638.8531914893617
 20
-997.6999999999999
 10
639.1031571722717
 20
-997.6999999999999
 10
639.3531228551819
 20
-997.6999999999999
 10
639.6030885380919
 20
-997.6999999999999
 10
639.853054221002
 20
-997.6999999999999
 10
640.1030199039121
 20
-997.6999999999999
 10
640.3529855868222
 20
-997.6999999999999
 10
640.6029512697323
 20
-997.6999999999999
 10
640.8529169526424
 20
-997.6999999999999
 10
641.1028826355525
 20
-997.6999999999999
 10
641.3528483184625
 20
-997.6999999999999
 10
641.6028140013727
 20
-997.6999999999999
 10
641.8527796842827
 20
-997.6999999999999
 10
642.1027453671928
 20
-997.6999999999999
 10
642.3527110501029
 20
-997.6999999999999
 10
642.602676733013
 20
-997.6999999999999
 10
642.8526424159231
 20
-997.6999999999999
 10
643.1026080988332
 20
-997.6999999999999
 10
643.3525737817433
 20
-997.6999999999999
 10
643.6025394646533
 20
-997.6999999999999
 10
643.8525051475635
 20
-997.6999999999999
 10
644.1024708304735
 20
-997.6999999999999
 10
644.3524365133836
 20
-997.6999999999999
 10
644.6024021962937
 20
-997.6999999999999
 10
644.8523678792038
 20
-997.6999999999999
 10
645.1023335621139
 20
-997.6999999999999
 10
645.352299245024
 20
-997.6999999999999
 10
645.6022649279341
 20
-997.6999999999999
 10
645.8522306108441
 20
-997.6999999999999
 10
646.1021962937543
 20
-997.6999999999999
 10
646.3521619766643
 20
-997.6999999999999
 10
646.6021276595745
 20
-997.6999999999999
 10
646.8520933424845
 20
-997.6999999999999
 10
647.1020590253946
 20
-997.6999999999999
 10
647.3520247083047
 20
-997.6999999999999
 10
647.6019903912148
 20
-997.6999999999999
 10
647.8519560741249
 20
-997.6999999999999
 10
648.1019217570349
 20
-997.6999999999999
 10
648.3518874399451
 20
-997.6999999999999
 10
648.6018531228551
 20
-997.6999999999999
 10
648.8518188057653
 20
-997.6999999999999
 10
649.1017844886753
 20
-997.6999999999999
 10
649.3517501715854
 20
-997.6999999999999
 10
649.6017158544955
 20
-997.6999999999999
 10
649.8516815374056
 20
-997.6999999999999
 10
650.1016472203157
 20
-997.6999999999999
 10
650.3516129032257
 20
-997.6999999999999
 10
650.6015785861359
 20
-997.6999999999999
 10
650.8515442690459
 20
-997.6999999999999
 10
651.1015099519561
 20
-997.6999999999999
 10
651.3514756348661
 20
-997.6999999999999
 10
651.6014413177762
 20
-997.6999999999999
 10
651.8514070006863
 20
-997.6999999999999
 10
652.1013726835964
 20
-997.6999999999999
 10
652.3513383665065
 20
-997.6999999999999
 10
652.6013040494165
 20
-997.6999999999999
 10
652.8512697323267
 20
-997.6999999999999
 10
653.1012354152367
 20
-997.6999999999999
 10
653.3512010981469
 20
-997.6999999999999
 10
653.6011667810569
 20
-997.6999999999999
 10
653.8511324639671
 20
-997.6999999999999
 10
654.1010981468771
 20
-997.6999999999999
 10
654.3510638297872
 20
-997.6999999999999
 10
654.6010295126973
 20
-997.6999999999999
 10
654.8509951956073
 20
-997.6999999999999
 10
655.1009608785175
 20
-997.6999999999999
 10
655.3509265614275
 20
-997.6999999999999
 10
655.6008922443377
 20
-997.6999999999999
 10
655.8508579272477
 20
-997.6999999999999
 10
656.1008236101579
 20
-997.6999999999999
 10
656.3507892930679
 20
-997.6999999999999
 10
656.600754975978
 20
-997.6999999999999
 10
656.8507206588881
 20
-997.6999999999999
 10
657.1006863417981
 20
-997.6999999999999
 10
657.3506520247083
 20
-997.6999999999999
 10
657.6006177076183
 20
-997.6999999999999
 10
657.8505833905285
 20
-997.6999999999999
 10
658.1005490734385
 20
-997.6999999999999
 10
658.3505147563487
 20
-997.6999999999999
 10
658.6004804392587
 20
-997.6999999999999
 10
658.8504461221689
 20
-997.6999999999999
 10
659.1004118050789
 20
-997.6999999999999
 10
659.3503774879889
 20
-997.6999999999999
 10
659.6003431708991
 20
-997.6999999999999
 10
659.8503088538091
 20
-997.6999999999999
 10
660.1002745367193
 20
-997.6999999999999
 10
660.3502402196293
 20
-997.6999999999999
 10
660.6002059025395
 20
-997.6999999999999
 10
660.8501715854495
 20
-997.6999999999999
 10
661.1001372683597
 20
-997.6999999999999
 10
661.3501029512697
 20
-997.6999999999999
 10
661.6000686341797
 20
-997.6999999999999
 10
661.8500343170899
 20
-997.6999999999999
 10
662.0999999999999
 20
-997.6999999999999
 10
662.3499656829101
 20
-997.6999999999999
 10
662.5999313658201
 20
-997.6999999999999
 10
662.8498970487303
 20
-997.6999999999999
 10
663.0998627316403
 20
-997.6999999999999
 10
663.3498284145505
 20
-997.6999999999999
 10
663.5997940974605
 20
-997.6999999999999
 10
663.8497597803705
 20
-997.6999999999999
 10
664.0997254632807
 20
-997.6999999999999
 10
664.3496911461907
 20
-997.6999999999999
 10
664.5996568291009
 20
-997.6999999999999
 10
664.8496225120109
 20
-997.6999999999999
 10
665.0995881949211
 20
-997.6999999999999
 10
665.3495538778311
 20
-997.6999999999999
 10
665.5995195607413
 20
-997.6999999999999
 10
665.8494852436513
 20
-997.6999999999999
 10
666.0994509265614
 20
-997.6999999999999
 10
666.3494166094715
 20
-997.6999999999999
 10
666.5993822923815
 20
-997.6999999999999
 10
666.8493479752917
 20
-997.6999999999999
 10
667.0993136582017
 20
-997.6999999999999
 10
667.3492793411119
 20
-997.6999999999999
 10
667.5992450240219
 20
-997.6999999999999
 10
667.8492107069321
 20
-997.6999999999999
 10
668.0991763898421
 20
-997.6999999999999
 10
668.3491420727522
 20
-997.6999999999999
 10
668.5991077556623
 20
-997.6999999999999
 10
668.8490734385723
 20
-997.6999999999999
 10
669.0990391214825
 20
-997.6999999999999
 10
669.3490048043925
 20
-997.6999999999999
 10
669.5989704873027
 20
-997.6999999999999
 10
669.8489361702127
 20
-997.6999999999999
 10
670.0989018531229
 20
-997.6999999999999
 10
670.3488675360329
 20
-997.6999999999999
 10
670.598833218943
 20
-997.6999999999999
 10
670.8487989018531
 20
-997.6999999999999
 10
671.0987645847631
 20
-997.6999999999999
 10
671.3487302676733
 20
-997.6999999999999
 10
671.5986959505833
 20
-997.6999999999999
 10
671.8486616334935
 20
-997.6999999999999
 10
672.0986273164035
 20
-997.6999999999999
 10
672.3485929993137
 20
-997.6999999999999
 10
672.5985586822237
 20
-997.6999999999999
 10
672.8485243651338
 20
-997.6999999999999
 10
673.0984900480439
 20
-997.6999999999999
 10
673.348455730954
 20
-997.6999999999999
 10
673.5984214138641
 20
-997.6999999999999
 10
673.8483870967741
 20
-997.6999999999999
 10
674.0983527796843
 20
-997.6999999999999
 10
674.3483184625943
 20
-997.6999999999999
 10
674.5982841455045
 20
-997.6999999999999
 10
674.8482498284145
 20
-997.6999999999999
 10
675.0982155113246
 20
-997.6999999999999
 10
675.3481811942347
 20
-997.6999999999999
 10
675.5981468771448
 20
-997.6999999999999
 10
675.8481125600549
 20
-997.6999999999999
 10
676.0980782429649
 20
-997.6999999999999
 10
676.3480439258751
 20
-997.6999999999999
 10
676.5980096087851
 20
-997.6999999999999
 10
676.8479752916953
 20
-997.6999999999999
 10
677.0979409746053
 20
-997.6999999999999
 10
677.3479066575154
 20
-997.6999999999999
 10
677.5978723404255
 20
-997.6999999999999
 10
677.8478380233356
 20
-997.6999999999999
 10
678.0978037062457
 20
-997.6999999999999
 10
678.3477693891557
 20
-997.6999999999999
 10
678.5977350720659
 20
-997.6999999999999
 10
678.8477007549759
 20
-997.6999999999999
 10
679.0976664378861
 20
-997.6999999999999
 10
679.3476321207961
 20
-997.6999999999999
 10
679.5975978037062
 20
-997.6999999999999
 10
679.8475634866163
 20
-997.6999999999999
 10
680.0975291695264
 20
-997.6999999999999
 10
680.3474948524365
 20
-997.6999999999999
 10
680.5974605353466
 20
-997.6999999999999
 10
680.8474262182567
 20
-997.6999999999999
 10
681.0973919011667
 20
-997.6999999999999
 10
681.3473575840769
 20
-997.6999999999999
 10
681.5973232669869
 20
-997.6999999999999
 10
681.847288949897
 20
-997.6999999999999
 10
682.0972546328071
 20
-997.6999999999999
 10
682.3472203157172
 20
-997.6999999999999
 10
682.5971859986273
 20
-997.6999999999999
 10
682.8471516815374
 20
-997.6999999999999
 10
683.0971173644475
 20
-997.6999999999999
 10
683.3470830473575
 20
-997.6999999999999
 10
683.5970487302677
 20
-997.6999999999999
 10
683.8470144131777
 20
-997.6999999999999
 10
684.0969800960878
 20
-997.6999999999999
 10
684.3469457789979
 20
-997.6999999999999
 10
684.596911461908
 20
-997.6999999999999
 10
684.8468771448181
 20
-997.6999999999999
 10
685.0968428277282
 20
-997.6999999999999
 10
685.3468085106383
 20
-997.6999999999999
 10
685.5967741935484
 20
-997.6999999999999
 10
685.8467398764585
 20
-997.6999999999999
 10
686.0967055593685
 20
-997.6999999999999
 10
686.3466712422786
 20
-997.6999999999999
 10
686.5966369251887
 20
-997.6999999999999
 10
686.8466026080988
 20
-997.6999999999999
 10
687.0965682910089
 20
-997.6999999999999
 10
687.346533973919
 20
-997.6999999999999
 10
687.5964996568291
 20
-997.6999999999999
 10
687.8464653397392
 20
-997.6999999999999
 10
688.0964310226493
 20
-997.6999999999999
 10
688.3463967055593
 20
-997.6999999999999
 10
688.5963623884694
 20
-997.6999999999999
 10
688.8463280713795
 20
-997.6999999999999
 10
689.0962937542896
 20
-997.6999999999999
 10
689.3462594371997
 20
-997.6999999999999
 10
689.5962251201098
 20
-997.6999999999999
 10
689.8461908030199
 20
-997.6999999999999
 10
690.09615648593
 20
-997.6999999999999
 10
690.3461221688401
 20
-997.6999999999999
 10
690.5960878517501
 20
-997.6999999999999
 10
690.8460535346602
 20
-997.6999999999999
 10
691.0960192175703
 20
-997.6999999999999
 10
691.3459849004804
 20
-997.6999999999999
 10
691.5959505833905
 20
-997.6999999999999
 10
691.8459162663006
 20
-997.6999999999999
 10
692.0958819492107
 20
-997.6999999999999
 10
692.3458476321208
 20
-997.6999999999999
 10
692.5958133150309
 20
-997.6999999999999
 10
692.845778997941
 20
-997.6999999999999
 10
693.095744680851
 20
-997.6999999999999
 10
693.3457103637611
 20
-997.6999999999999
 10
693.5956760466712
 20
-997.6999999999999
 10
693.8456417295813
 20
-997.6999999999999
 10
694.0956074124914
 20
-997.6999999999999
 10
694.3455730954015
 20
-997.6999999999999
 10
694.5955387783116
 20
-997.6999999999999
 10
694.8455044612217
 20
-997.6999999999999
 10
695.0954701441318
 20
-997.6999999999999
 10
695.3454358270418
 20
-997.6999999999999
 10
695.5954015099519
 20
-997.6999999999999
 10
695.845367192862
 20
-997.6999999999999
 10
696.0953328757721
 20
-997.6999999999999
 10
696.3452985586822
 20
-997.6999999999999
 10
696.5952642415923
 20
-997.6999999999999
 10
696.8452299245024
 20
-997.6999999999999
 10
697.0951956074125
 20
-997.6999999999999
 10
697.3451612903226
 20
-997.6999999999999
 10
697.5951269732326
 20
-997.6999999999999
 10
697.8450926561427
 20
-997.6999999999999
 10
698.0950583390528
 20
-997.6999999999999
 10
698.3450240219629
 20
-997.6999999999999
 10
698.594989704873
 20
-997.6999999999999
 10
698.8449553877831
 20
-997.6999999999999
 10
699.0949210706932
 20
-997.6999999999999
 10
699.3448867536033
 20
-997.6999999999999
 10
699.5948524365134
 20
-997.6999999999999
 10
699.8448181194234
 20
-997.6999999999999
 10
700.0947838023336
 20
-997.6999999999999
 10
700.3447494852436
 20
-997.6999999999999
 10
700.5947151681537
 20
-997.6999999999999
 10
700.8446808510638
 20
-997.6999999999999
 10
701.0946465339739
 20
-997.6999999999999
 10
701.344612216884
 20
-997.6999999999999
 10
701.5945778997941
 20
-997.6999999999999
 10
701.8445435827042
 20
-997.6999999999999
 10
702.0945092656142
 20
-997.6999999999999
 10
702.3444749485244
 20
-997.6999999999999
 10
702.5944406314344
 20
-997.6999999999999
 10
702.8444063143445
 20
-997.6999999999999
 10
703.0943719972546
 20
-997.6999999999999
 10
703.3443376801647
 20
-997.6999999999999
 10
703.5943033630748
 20
-997.6999999999999
 10
703.8442690459849
 20
-997.6999999999999
 10
704.094234728895
 20
-997.6999999999999
 10
704.344200411805
 20
-997.6999999999999
 10
704.5941660947152
 20
-997.6999999999999
 10
704.8441317776252
 20
-997.6999999999999
 10
705.0940974605353
 20
-997.6999999999999
 10
705.3440631434454
 20
-997.6999999999999
 10
705.5940288263555
 20
-997.6999999999999
 10
705.8439945092656
 20
-997.6999999999999
 10
706.0939601921757
 20
-997.6999999999999
 10
706.3439258750858
 20
-997.6999999999999
 10
706.5938915579958
 20
-997.6999999999999
 10
706.843857240906
 20
-997.6999999999999
 10
707.093822923816
 20
-997.6999999999999
 10
707.3437886067262
 20
-997.6999999999999
 10
707.5937542896362
 20
-997.6999999999999
 10
707.8437199725463
 20
-997.6999999999999
 10
708.0936856554564
 20
-997.6999999999999
 10
708.3436513383665
 20
-997.6999999999999
 10
708.5936170212766
 20
-997.6999999999999
 10
708.8435827041866
 20
-997.6999999999999
 10
709.0935483870968
 20
-997.6999999999999
 10
709.3435140700068
 20
-997.6999999999999
 10
709.593479752917
 20
-997.6999999999999
 10
709.843445435827
 20
-997.6999999999999
 10
710.0934111187371
 20
-997.6999999999999
 10
710.3433768016472
 20
-997.6999999999999
 10
710.5933424845573
 20
-997.6999999999999
 10
710.8433081674674
 20
-997.6999999999999
 10
711.0932738503774
 20
-997.6999999999999
 10
711.3432395332876
 20
-997.6999999999999
 10
711.5932052161976
 20
-997.6999999999999
 10
711.8431708991078
 20
-997.6999999999999
 10
712.0931365820178
 20
-997.6999999999999
 10
712.343102264928
 20
-997.6999999999999
 10
712.593067947838
 20
-997.6999999999999
 10
712.8430336307481
 20
-997.6999999999999
 10
713.0929993136582
 20
-997.6999999999999
 10
713.3429649965682
 20
-997.6999999999999
 10
713.5929306794784
 20
-997.6999999999999
 10
713.8428963623884
 20
-997.6999999999999
 10
714.0928620452986
 20
-997.6999999999999
 10
714.3428277282086
 20
-997.6999999999999
 10
714.5927934111188
 20
-997.6999999999999
 10
714.8427590940288
 20
-997.6999999999999
 10
715.0927247769389
 20
-997.6999999999999
 10
715.342690459849
 20
-997.6999999999999
 10
715.592656142759
 20
-997.6999999999999
 10
715.8426218256692
 20
-997.6999999999999
 10
716.0925875085792
 20
-997.6999999999999
 10
716.3425531914894
 20
-997.6999999999999
 10
716.5925188743994
 20
-997.6999999999999
 10
716.8424845573096
 20
-997.6999999999999
 10
717.0924502402196
 20
-997.6999999999999
 10
717.3424159231297
 20
-997.6999999999999
 10
717.5923816060398
 20
-997.6999999999999
 10
717.8423472889498
 20
-997.6999999999999
 10
718.09231297186
 20
-997.6999999999999
 10
718.34227865477
 20
-997.6999999999999
 10
718.5922443376802
 20
-997.6999999999999
 10
718.8422100205902
 20
-997.6999999999999
 10
719.0921757035004
 20
-997.6999999999999
 10
719.3421413864104
 20
-997.6999999999999
 10
719.5921070693206
 20
-997.6999999999999
 10
719.8420727522306
 20
-997.6999999999999
 10
720.0920384351406
 20
-997.6999999999999
 10
720.3420041180508
 20
-997.6999999999999
 10
720.5919698009608
 20
-997.6999999999999
 10
720.841935483871
 20
-997.6999999999999
 10
721.091901166781
 20
-997.6999999999999
 10
721.3418668496912
 20
-997.6999999999999
 10
721.5918325326012
 20
-997.6999999999999
 10
721.8417982155114
 20
-997.6999999999999
 10
722.0917638984214
 20
-997.6999999999999
 10
722.3417295813314
 20
-997.6999999999999
 10
722.5916952642416
 20
-997.6999999999999
 10
722.8416609471516
 20
-997.6999999999999
 10
723.0916266300618
 20
-997.6999999999999
 10
723.3415923129718
 20
-997.6999999999999
 10
723.591557995882
 20
-997.6999999999999
 10
723.841523678792
 20
-997.6999999999999
 10
724.0914893617022
 20
-997.6999999999999
 10
724.3414550446122
 20
-997.6999999999999
 10
724.5914207275222
 20
-997.6999999999999
 10
724.8413864104324
 20
-997.6999999999999
 10
725.0913520933424
 20
-997.6999999999999
 10
725.3413177762526
 20
-997.6999999999999
 10
725.5912834591626
 20
-997.6999999999999
 10
725.8412491420728
 20
-997.6999999999999
 10
726.0912148249828
 20
-997.6999999999999
 10
726.341180507893
 20
-997.6999999999999
 10
726.591146190803
 20
-997.6999999999999
 10
726.8411118737131
 20
-997.6999999999999
 10
727.0910775566232
 20
-997.6999999999999
 10
727.3410432395332
 20
-997.6999999999999
 10
727.5910089224434
 20
-997.6999999999999
 10
727.8409746053534
 20
-997.6999999999999
 10
728.0909402882636
 20
-997.6999999999999
 10
728.3409059711736
 20
-997.6999999999999
 10
728.5908716540838
 20
-997.6999999999999
 10
728.8408373369938
 20
-997.6999999999999
 10
729.0908030199039
 20
-997.6999999999999
 10
729.340768702814
 20
-997.6999999999999
 10
729.590734385724
 20
-997.6999999999999
 10
729.8407000686342
 20
-997.6999999999999
 10
730.0906657515442
 20
-997.6999999999999
 10
730.3406314344544
 20
-997.6999999999999
 10
730.5905971173644
 20
-997.6999999999999
 10
730.8405628002746
 20
-997.6999999999999
 10
731.0905284831846
 20
-997.6999999999999
 10
731.3404941660947
 20
-997.6999999999999
 10
731.5904598490048
 20
-997.6999999999999
 10
731.8404255319149
 20
-997.6999999999999
 10
732.090391214825
 20
-997.6999999999999
 10
732.340356897735
 20
-997.6999999999999
 10
732.5903225806452
 20
-997.6999999999999
 10
732.8402882635552
 20
-997.6999999999999
 10
733.0902539464654
 20
-997.6999999999999
 10
733.3402196293754
 20
-997.6999999999999
 10
733.5901853122855
 20
-997.6999999999999
 10
733.8401509951956
 20
-997.6999999999999
 10
734.0901166781057
 20
-997.6999999999999
 10
734.3400823610158
 20
-997.6999999999999
 10
734.5900480439258
 20
-997.6999999999999
 10
734.840013726836
 20
-997.6999999999999
 10
735.089979409746
 20
-997.6999999999999
 10
735.3399450926562
 20
-997.6999999999999
 10
735.5899107755662
 20
-997.6999999999999
 10
735.8398764584763
 20
-997.6999999999999
 10
736.0898421413864
 20
-997.6999999999999
 10
736.3398078242965
 20
-997.6999999999999
 10
736.5897735072066
 20
-997.6999999999999
 10
736.8397391901166
 20
-997.6999999999999
 10
737.0897048730268
 20
-997.6999999999999
 10
737.3396705559368
 20
-997.6999999999999
 10
737.589636238847
 20
-997.6999999999999
 10
737.839601921757
 20
-997.6999999999999
 10
738.0895676046671
 20
-997.6999999999999
 10
738.3395332875772
 20
-997.6999999999999
 10
738.5894989704873
 20
-997.6999999999999
 10
738.8394646533974
 20
-997.6999999999999
 10
739.0894303363075
 20
-997.6999999999999
 10
739.3393960192176
 20
-997.6999999999999
 10
739.5893617021276
 20
-997.6999999999999
 10
739.8393273850378
 20
-997.6999999999999
 10
740.0892930679478
 20
-997.6999999999999
 10
740.3392587508579
 20
-997.6999999999999
 10
740.589224433768
 20
-997.6999999999999
 10
740.8391901166781
 20
-997.6999999999999
 10
741.0891557995882
 20
-997.6999999999999
 10
741.3391214824983
 20
-997.6999999999999
 10
741.5890871654084
 20
-997.6999999999999
 10
741.8390528483184
 20
-997.6999999999999
 10
742.0890185312286
 20
-997.6999999999999
 10
742.3389842141386
 20
-997.6999999999999
 10
742.5889498970487
 20
-997.6999999999999
 10
742.8389155799588
 20
-997.6999999999999
 10
743.0888812628689
 20
-997.6999999999999
 10
743.338846945779
 20
-997.6999999999999
 10
743.5888126286891
 20
-997.6999999999999
 10
743.8387783115992
 20
-997.6999999999999
 10
744.0887439945092
 20
-997.6999999999999
 10
744.3387096774194
 20
-997.6999999999999
 10
744.5886753603294
 20
-997.6999999999999
 10
744.8386410432395
 20
-997.6999999999999
 10
745.0886067261496
 20
-997.6999999999999
 10
745.3385724090597
 20
-997.6999999999999
 10
745.5885380919698
 20
-997.6999999999999
 10
745.8385037748799
 20
-997.6999999999999
 10
746.08846945779
 20
-997.6999999999999
 10
746.3384351407001
 20
-997.6999999999999
 10
746.5884008236102
 20
-997.6999999999999
 10
746.8383665065202
 20
-997.6999999999999
 10
747.0883321894303
 20
-997.6999999999999
 10
747.3382978723404
 20
-997.6999999999999
 10
747.5882635552505
 20
-997.6999999999999
 10
747.8382292381606
 20
-997.6999999999999
 10
748.0881949210707
 20
-997.6999999999999
 10
748.3381606039808
 20
-997.6999999999999
 10
748.5881262868909
 20
-997.6999999999999
 10
748.838091969801
 20
-997.6999999999999
 10
749.088057652711
 20
-997.6999999999999
 10
749.3380233356211
 20
-997.6999999999999
 10
749.5879890185312
 20
-997.6999999999999
 10
749.8379547014413
 20
-997.6999999999999
 10
750.0879203843514
 20
-997.6999999999999
 10
750.3378860672615
 20
-997.6999999999999
 10
750.5878517501716
 20
-997.6999999999999
 10
750.8378174330817
 20
-997.6999999999999
 10
751.0877831159918
 20
-997.6999999999999
 10
751.3377487989018
 20
-997.6999999999999
 10
751.5877144818119
 20
-997.6999999999999
 10
751.837680164722
 20
-997.6999999999999
 10
752.0876458476321
 20
-997.6999999999999
 10
752.3376115305422
 20
-997.6999999999999
 10
752.5875772134523
 20
-997.6999999999999
 10
752.8375428963624
 20
-997.6999999999999
 10
753.0875085792725
 20
-997.6999999999999
 10
753.3374742621826
 20
-997.6999999999999
 10
753.5874399450927
 20
-997.6999999999999
 10
753.8374056280027
 20
-997.6999999999999
 10
754.0873713109128
 20
-997.6999999999999
 10
754.3373369938229
 20
-997.6999999999999
 10
754.587302676733
 20
-997.6999999999999
 10
754.8372683596431
 20
-997.6999999999999
 10
755.0872340425532
 20
-997.6999999999999
 10
755.3371997254633
 20
-997.6999999999999
 10
755.5871654083734
 20
-997.6999999999999
 10
755.8371310912835
 20
-997.6999999999999
 10
756.0870967741935
 20
-997.6999999999999
 10
756.3370624571036
 20
-997.6999999999999
 10
756.5870281400137
 20
-997.6999999999999
 10
756.8369938229238
 20
-997.6999999999999
 10
757.0869595058339
 20
-997.6999999999999
 10
757.336925188744
 20
-997.6999999999999
 10
757.5868908716541
 20
-997.6999999999999
 10
757.8368565545642
 20
-997.6999999999999
 10
758.0868222374743
 20
-997.6999999999999
 10
758.3367879203843
 20
-997.6999999999999
 10
758.5867536032945
 20
-997.6999999999999
 10
758.8367192862045
 20
-997.6999999999999
 10
759.0866849691146
 20
-997.6999999999999
 10
759.3366506520247
 20
-997.6999999999999
 10
759.5866163349348
 20
-997.6999999999999
 10
759.8365820178449
 20
-997.6999999999999
 10
760.086547700755
 20
-997.6999999999999
 10
760.3365133836651
 20
-997.6999999999999
 10
760.5864790665751
 20
-997.6999999999999
 10
760.8364447494853
 20
-997.6999999999999
 10
761.0864104323953
 20
-997.6999999999999
 10
761.3363761153054
 20
-997.6999999999999
 10
761.5863417982155
 20
-997.6999999999999
 10
761.8363074811256
 20
-997.6999999999999
 10
762.0862731640357
 20
-997.6999999999999
 10
762.3362388469458
 20
-997.6999999999999
 10
762.5862045298559
 20
-997.6999999999999
 10
762.8361702127659
 20
-997.6999999999999
 10
763.0861358956761
 20
-997.6999999999999
 10
763.3361015785861
 20
-997.6999999999999
 10
763.5860672614962
 20
-997.6999999999999
 10
763.8360329444063
 20
-997.6999999999999
 10
764.0859986273164
 20
-997.6999999999999
 10
764.3359643102265
 20
-997.6999999999999
 10
764.5859299931366
 20
-997.6999999999999
 10
764.8358956760467
 20
-997.6999999999999
 10
765.0858613589567
 20
-997.6999999999999
 10
765.3358270418669
 20
-997.6999999999999
 10
765.5857927247769
 20
-997.6999999999999
 10
765.8357584076871
 20
-997.6999999999999
 10
766.0857240905971
 20
-997.6999999999999
 10
766.3356897735072
 20
-997.6999999999999
 10
766.5856554564173
 20
-997.6999999999999
 10
766.8356211393274
 20
-997.6999999999999
 10
767.0855868222375
 20
-997.6999999999999
 10
767.3355525051475
 20
-997.6999999999999
 10
767.5855181880577
 20
-997.6999999999999
 10
767.8354838709677
 20
-997.6999999999999
 10
768.0854495538779
 20
-997.6999999999999
 10
768.3354152367879
 20
-997.6999999999999
 10
768.585380919698
 20
-997.6999999999999
 10
768.8353466026081
 20
-997.6999999999999
 10
769.0853122855182
 20
-997.6999999999999
 10
769.3352779684283
 20
-997.6999999999999
 10
769.5852436513383
 20
-997.6999999999999
 10
769.8352093342485
 20
-997.6999999999999
 10
770.0851750171585
 20
-997.6999999999999
 10
770.3351407000687
 20
-997.6999999999999
 10
770.5851063829787
 20
-997.6999999999999
 10
770.8350720658888
 20
-997.6999999999999
 10
771.0850377487989
 20
-997.6999999999999
 10
771.335003431709
 20
-997.6999999999999
 10
771.5849691146191
 20
-997.6999999999999
 10
771.8349347975291
 20
-997.6999999999999
 10
772.0849004804393
 20
-997.6999999999999
 10
772.3348661633493
 20
-997.6999999999999
 10
772.5848318462595
 20
-997.6999999999999
 10
772.8347975291695
 20
-997.6999999999999
 10
773.0847632120797
 20
-997.6999999999999
 10
773.3347288949897
 20
-997.6999999999999
 10
773.5846945778998
 20
-997.6999999999999
 10
773.8346602608099
 20
-997.6999999999999
 10
774.0846259437199
 20
-997.6999999999999
 10
774.3345916266301
 20
-997.6999999999999
 10
774.5845573095401
 20
-997.6999999999999
 10
774.8345229924503
 20
-997.6999999999999
 10
775.0844886753603
 20
-997.6999999999999
 10
775.3344543582705
 20
-997.6999999999999
 10
775.5844200411805
 20
-997.6999999999999
 10
775.8343857240906
 20
-997.6999999999999
 10
776.0843514070007
 20
-997.6999999999999
 10
776.3343170899107
 20
-997.6999999999999
 10
776.5842827728209
 20
-997.6999999999999
 10
776.8342484557309
 20
-997.6999999999999
 10
777.0842141386411
 20
-997.6999999999999
 10
777.3341798215511
 20
-997.6999999999999
 10
777.5841455044613
 20
-997.6999999999999
 10
777.8341111873713
 20
-997.6999999999999
 10
778.0840768702815
 20
-997.6999999999999
 10
778.3340425531915
 20
-997.6999999999999
 10
778.5840082361015
 20
-997.6999999999999
 10
778.8339739190117
 20
-997.6999999999999
 10
779.0839396019217
 20
-997.6999999999999
 10
779.3339052848319
 20
-997.6999999999999
 10
779.5838709677419
 20
-997.6999999999999
 10
779.8338366506521
 20
-997.6999999999999
 10
780.0838023335621
 20
-997.6999999999999
 10
780.3337680164723
 20
-997.6999999999999
 10
780.5837336993823
 20
-997.6999999999999
 10
780.8336993822923
 20
-997.6999999999999
 10
781.0836650652025
 20
-997.6999999999999
 10
781.3336307481125
 20
-997.6999999999999
 10
781.5835964310227
 20
-997.6999999999999
 10
781.8335621139327
 20
-997.6999999999999
 10
782.0835277968429
 20
-997.6999999999999
 10
782.3334934797529
 20
-997.6999999999999
 10
782.5834591626631
 20
-997.6999999999999
 10
782.8334248455731
 20
-997.6999999999999
 10
783.083390528483
 20
-997.6999999999999
 10
783.3333562113933
 20
-997.6999999999999
 10
783.5833218943033
 20
-997.6999999999999
 10
783.8332875772135
 20
-997.6999999999999
 10
784.0832532601235
 20
-997.6999999999999
 10
784.3332189430337
 20
-997.6999999999999
 10
784.5831846259437
 20
-997.6999999999999
 10
784.8331503088539
 20
-997.6999999999999
 10
785.0831159917639
 20
-997.6999999999999
 10
785.3330816746741
 20
-997.6999999999999
 10
785.5830473575841
 20
-997.6999999999999
 10
785.833013040494
 20
-997.6999999999999
 10
786.0829787234043
 20
-997.6999999999999
 10
786.3329444063143
 20
-997.6999999999999
 10
786.5829100892245
 20
-997.6999999999999
 10
786.8328757721345
 20
-997.6999999999999
 10
787.0828414550447
 20
-997.6999999999999
 10
787.3328071379547
 20
-997.6999999999999
 10
787.5827728208649
 20
-997.6999999999999
 10
787.8327385037749
 20
-997.6999999999999
 10
788.0827041866849
 20
-997.6999999999999
 10
788.3326698695951
 20
-997.6999999999999
 10
788.582635552505
 20
-997.6999999999999
 10
788.8326012354153
 20
-997.6999999999999
 10
789.0825669183253
 20
-997.6999999999999
 10
789.3325326012355
 20
-997.6999999999999
 10
789.5824982841455
 20
-997.6999999999999
 10
789.8324639670557
 20
-997.6999999999999
 10
790.0824296499657
 20
-997.6999999999999
 10
790.3323953328756
 20
-997.6999999999999
 10
790.5823610157859
 20
-997.6999999999999
 10
790.8323266986959
 20
-997.6999999999999
 10
791.0822923816061
 20
-997.6999999999999
 10
791.332258064516
 20
-997.6999999999999
 10
791.5822237474263
 20
-997.6999999999999
 10
791.8321894303363
 20
-997.6999999999999
 10
792.0821551132465
 20
-997.6999999999999
 10
792.3321207961565
 20
-997.6999999999999
 10
792.5820864790666
 20
-997.6999999999999
 10
792.8320521619767
 20
-997.6999999999999
 10
793.0820178448866
 20
-997.6999999999999
 10
793.3319835277969
 20
-997.6999999999999
 10
793.5819492107069
 20
-997.6999999999999
 10
793.8319148936171
 20
-997.6999999999999
 10
794.081880576527
 20
-997.6999999999999
 10
794.3318462594373
 20
-997.6999999999999
 10
794.5818119423473
 20
-997.6999999999999
 10
794.8317776252574
 20
-997.6999999999999
 10
795.0817433081675
 20
-997.6999999999999
 10
795.3317089910774
 20
-997.6999999999999
 10
795.5816746739877
 20
-997.6999999999999
 10
795.8316403568977
 20
-997.6999999999999
 10
796.0816060398079
 20
-997.6999999999999
 10
796.3315717227179
 20
-997.6999999999999
 10
796.5815374056281
 20
-997.6999999999999
 10
796.831503088538
 20
-997.6999999999999
 10
797.0814687714482
 20
-997.6999999999999
 10
797.3314344543583
 20
-997.6999999999999
 10
797.5814001372682
 20
-997.6999999999999
 10
797.8313658201785
 20
-997.6999999999999
 10
798.0813315030884
 20
-997.6999999999999
 10
798.3312971859987
 20
-997.6999999999999
 10
798.5812628689087
 20
-997.6999999999999
 10
798.8312285518189
 20
-997.6999999999999
 10
799.0811942347289
 20
-997.6999999999999
 10
799.331159917639
 20
-997.6999999999999
 10
799.5811256005491
 20
-997.6999999999999
 10
799.8310912834592
 20
-997.6999999999999
 10
800.0810569663693
 20
-997.6999999999999
 10
800.3310226492792
 20
-997.6999999999999
 10
800.5809883321895
 20
-997.6999999999999
 10
800.8309540150995
 20
-997.6999999999999
 10
801.0809196980097
 20
-997.6999999999999
 10
801.3308853809197
 20
-997.6999999999999
 10
801.5808510638298
 20
-997.6999999999999
 10
801.8308167467399
 20
-997.6999999999999
 10
802.08078242965
 20
-997.6999999999999
 10
802.3307481125601
 20
-997.6999999999999
 10
802.58071379547
 20
-997.6999999999999
 10
802.8306794783803
 20
-997.6999999999999
 10
803.0806451612902
 20
-997.6999999999999
 10
803.3306108442004
 20
-997.6999999999999
 10
803.5805765271105
 20
-997.6999999999999
 10
803.8305422100206
 20
-997.6999999999999
 10
804.0805078929307
 20
-997.6999999999999
 10
804.3304735758408
 20
-997.6999999999999
 10
804.5804392587509
 20
-997.6999999999999
 10
804.830404941661
 20
-997.6999999999999
 10
805.0803706245711
 20
-997.6999999999999
 10
805.330336307481
 20
-997.6999999999999
 10
805.5803019903911
 20
-997.6999999999999
 10
805.8302676733013
 20
-997.6999999999999
 10
806.0802333562114
 20
-997.6999999999999
 10
806.3301990391215
 20
-997.6999999999999
 10
806.5801647220316
 20
-997.6999999999999
 10
806.8301304049417
 20
-997.6999999999999
 10
807.0800960878518
 20
-997.6999999999999
 10
807.3300617707619
 20
-997.6999999999999
 10
807.5800274536718
 20
-997.6999999999999
 10
807.829993136582
 20
-997.6999999999999
 10
808.079958819492
 20
-997.6999999999999
 10
808.3299245024022
 20
-997.6999999999999
 10
808.5798901853123
 20
-997.6999999999999
 10
808.8298558682224
 20
-997.6999999999999
 10
809.0798215511325
 20
-997.6999999999999
 10
809.3297872340426
 20
-997.6999999999999
 10
809.5797529169527
 20
-997.6999999999999
 10
809.8297185998626
 20
-997.6999999999999
 10
810.0796842827727
 20
-997.6999999999999
 10
810.3296499656828
 20
-997.6999999999999
 10
810.579615648593
 20
-997.6999999999999
 10
810.829581331503
 20
-997.6999999999999
 10
811.0795470144132
 20
-997.6999999999999
 10
811.3295126973233
 20
-997.6999999999999
 10
811.5794783802334
 20
-997.6999999999999
 10
811.8294440631435
 20
-997.6999999999999
 10
812.0794097460536
 20
-997.6999999999999
 10
812.3293754289635
 20
-997.6999999999999
 10
812.5793411118736
 20
-997.6999999999999
 10
812.8293067947837
 20
-997.6999999999999
 10
813.0792724776938
 20
-997.6999999999999
 10
813.329238160604
 20
-997.6999999999999
 10
813.579203843514
 20
-997.6999999999999
 10
813.8291695264242
 20
-997.6999999999999
 10
814.0791352093343
 20
-997.6999999999999
 10
814.3291008922444
 20
-997.6999999999999
 10
814.5790665751543
 20
-997.6999999999999
 10
814.8290322580644
 20
-997.6999999999999
 10
815.0789979409745
 20
-997.6999999999999
 10
815.3289636238846
 20
-997.6999999999999
 10
815.5789293067947
 20
-997.6999999999999
 10
815.8288949897048
 20
-997.6999999999999
 10
816.078860672615
 20
-997.6999999999999
 10
816.328826355525
 20
-997.6999999999999
 10
816.5787920384352
 20
-997.6999999999999
 10
816.8287577213451
 20
-997.6999999999999
 10
817.0787234042552
 20
-997.6999999999999
 10
817.3286890871653
 20
-997.6999999999999
 10
817.5786547700754
 20
-997.6999999999999
 10
817.8286204529855
 20
-997.6999999999999
 10
818.0785861358956
 20
-997.6999999999999
 10
818.3285518188057
 20
-997.6999999999999
 10
818.5785175017159
 20
-997.6999999999999
 10
818.828483184626
 20
-997.6999999999999
 10
819.0784488675359
 20
-997.6999999999999
 10
819.3284145504462
 20
-997.6999999999999
 10
819.5783802333561
 20
-997.6999999999999
 10
819.8283459162662
 20
-997.6999999999999
 10
820.0783115991763
 20
-997.6999999999999
 10
820.3282772820864
 20
-997.6999999999999
 10
820.5782429649965
 20
-997.6999999999999
 10
820.8282086479066
 20
-997.6999999999999
 10
821.0781743308168
 20
-997.6999999999999
 10
821.3281400137267
 20
-997.6999999999999
 10
821.578105696637
 20
-997.6999999999999
 10
821.8280713795469
 20
-997.6999999999999
 10
822.078037062457
 20
-997.6999999999999
 10
822.3280027453671
 20
-997.6999999999999
 10
822.5779684282772
 20
-997.6999999999999
 10
822.8279341111873
 20
-997.6999999999999
 10
823.0778997940974
 20
-997.6999999999999
 10
823.3278654770075
 20
-997.6999999999999
 10
823.5778311599175
 20
-997.6999999999999
 10
823.8277968428278
 20
-997.6999999999999
 10
824.0
 20
-997.7777625257377
 10
824.0
 20
-998.0277282086478
 10
824.0
 20
-998.2776938915579
 10
824.0
 20
-998.527659574468
 10
824.0
 20
-998.7776252573781
 10
824.0
 20
-999.0275909402882
 10
824.0
 20
-999.2775566231983
 10
824.0
 20
-999.5275223061083
 10
824.0
 20
-999.7774879890185
 10
824.0
 20
-1000.0274536719285
 10
824.0
 20
-1000.2774193548387
 10
824.0
 20
-1000.5273850377487
 10
824.0
 20
-1000.7773507206588
 10
824.0
 20
-1001.0273164035689
 10
824.0
 20
-1001.277282086479
 10
824.0
 20
-1001.5272477693891
 10
824.0
 20
-1001.7772134522991
 10
824.0
 20
-1002.0271791352093
 10
824.0
 20
-1002.2771448181193
 10
824.0
 20
-1002.5271105010295
 10
824.0
 20
-1002.7770761839395
 10
824.0
 20
-1003.0270418668496
 10
824.0
 20
-1003.2770075497597
 10
824.0
 20
-1003.5269732326698
 10
824.0
 20
-1003.7769389155799
 10
824.0
 20
-1004.0269045984899
 10
824.0
 20
-1004.2768702814001
 10
824.0
 20
-1004.5268359643101
 10
824.0
 20
-1004.7768016472203
 10
824.0
 20
-1005.0267673301303
 10
824.0
 20
-1005.2767330130405
 10
824.0
 20
-1005.5266986959505
 10
824.0
 20
-1005.7766643788606
 10
824.0
 20
-1006.0266300617707
 10
824.0
 20
-1006.2765957446807
 10
824.0
 20
-1006.5265614275909
 10
824.0
 20
-1006.7765271105009
 10
824.0
 20
-1007.0264927934111
 10
824.0
 20
-1007.2764584763211
 10
824.0
 20
-1007.5264241592313
 10
824.0
 20
-1007.7763898421413
 10
824.0
 20
-1008.0263555250514
 10
824.0
 20
-1008.2763212079615
 10
824.0
 20
-1008.5262868908715
 10
824.0
 20
-1008.7762525737817
 10
824.0
 20
-1009.0262182566917
 10
824.0
 20
-1009.2761839396019
 10
824.0
 20
-1009.5261496225119
 10
824.0
 20
-1009.7761153054221
 10
824.0
 20
-1010.0260809883321
 10
824.0
 20
-1010.2760466712422
 10
824.0
 20
-1010.5260123541523
 10
824.0
 20
-1010.7759780370623
 10
824.0
 20
-1011.0259437199725
 10
824.0
 20
-1011.2759094028825
 10
824.0
 20
-1011.5258750857927
 10
824.0
 20
-1011.7758407687027
 10
824.0
 20
-1012.0258064516129
 10
824.0
 20
-1012.2757721345229
 10
824.0
 20
-1012.5257378174331
 10
824.0
 20
-1012.7757035003431
 10
824.0
 20
-1013.0256691832531
 10
824.0
 20
-1013.2756348661633
 10
824.0
 20
-1013.5256005490733
 10
824.0
 20
-1013.7755662319835
 10
824.0
 20
-1014.0255319148935
 10
824.0
 20
-1014.2754975978037
 10
824.0
 20
-1014.5254632807137
 10
824.0
 20
-1014.7754289636239
 10
824.0
 20
-1015.0253946465339
 10
824.0
 20
-1015.2753603294439
 10
824.0
 20
-1015.5253260123541
 10
824.0
 20
-1015.7752916952641
 10
824.0
 20
-1016.0252573781743
 10
824.0
 20
-1016.2752230610843
 10
824.0
 20
-1016.5251887439945
 10
824.0
 20
-1016.7751544269045
 10
824.0
 20
-1017.0251201098147
 10
824.0
 20
-1017.2750857927247
 10
824.0
 20
-1017.5250514756347
 10
824.0
 20
-1017.7750171585449
 10
824.0
 20
-1018.0249828414549
 10
824.0
 20
-1018.2749485243651
 10
824.0
 20
-1018.5249142072751
 10
824.0
 20
-1018.7748798901853
 10
824.0
 20
-1019.0248455730953
 10
824.0
 20
-1019.2748112560055
 10
824.0
 20
-1019.5247769389155
 10
824.0
 20
-1019.7747426218257
 10
824.0
 20
-1020.0247083047357
 10
824.0
 20
-1020.2746739876457
 10
824.0
 20
-1020.5246396705559
 10
824.0
 20
-1020.7746053534659
 10
824.0
 20
-1021.0245710363761
 10
824.0
 20
-1021.2745367192861
 10
824.0
 20
-1021.5245024021963
 10
824.0
 20
-1021.7744680851063
 10
824.0
 20
-1022.0244337680165
 10
824.0
 20
-1022.2743994509265
 10
824.0
 20
-1022.5243651338365
 10
824.0
 20
-1022.7743308167467
 10
824.0
 20
-1023.0242964996567
 10
824.0
 20
-1023.2742621825669
 10
824.0
 20
-1023.5242278654769
 10
824.0
 20
-1023.7741935483871
 10
824.0
 20
-1024.024159231297
 10
824.0
 20
-1024.2741249142073
 10
824.0
 20
-1024.5240905971173
 10
824.0
 20
-1024.7740562800273
 10
824.0
 20
-1025.0240219629375
 10
824.0
 20
-1025.2739876458475
 10
824.0
 20
-1025.5239533287577
 10
824.0
 20
-1025.7739190116677
 10
824.0
 20
-1026.0238846945779
 10
824.0
 20
-1026.2738503774879
 10
824.0
 20
-1026.523816060398
 10
824.0
 20
-1026.773781743308
 10
824.0
 20
-1027.023747426218
 10
824.0
 20
-1027.2737131091283
 10
824.0
 20
-1027.5236787920383
 10
824.0
 20
-1027.7736444749485
 10
824.0
 20
-1028.0236101578585
 10
824.0
 20
-1028.2735758407687
 10
824.0
 20
-1028.5235415236787
 10
824.0
 20
-1028.7735072065889
 10
824.0
 20
-1029.0234728894989
 10
824.0
 20
-1029.2734385724088
 10
824.0
 20
-1029.523404255319
 10
824.0
 20
-1029.773369938229
 10
824.0
 20
-1030.0233356211393
 10
824.0
 20
-1030.2733013040493
 10
824.0
 20
-1030.5232669869595
 10
824.0
 20
-1030.7732326698695
 10
824.0
 20
-1031.0231983527797
 10
824.0
 20
-1031.2731640356897
 10
824.0
 20
-1031.5231297185996
 10
824.0
 20
-1031.7730954015099
 10
824.0
 20
-1032.0230610844199
 10
824.0
 20
-1032.27302676733
 10
824.0
 20
-1032.52299245024
 10
824.0
 20
-1032.7729581331503
 10
824.0
 20
-1033.0229238160603
 10
824.0
 20
-1033.2728894989705
 10
824.0
 20
-1033.5228551818805
 10
824.0
 20
-1033.7728208647904
 10
824.0
 20
-1034.0227865477007
 10
824.0
 20
-1034.2727522306106
 10
824.0
 20
-1034.5227179135209
 10
824.0
 20
-1034.7726835964309
 10
824.0
 20
-1035.022649279341
 10
824.0
 20
-1035.272614962251
 10
824.0
 20
-1035.5225806451613
 10
824.0
 20
-1035.7725463280713
 10
824.0
 20
-1036.0225120109812
 10
824.0
 20
-1036.2724776938915
 10
824.0
 20
-1036.5224433768014
 10
824.0
 20
-1036.7724090597117
 10
824.0
 20
-1037.0223747426217
 10
824.0
 20
-1037.2723404255319
 10
824.0
 20
-1037.5223061084419
 10
824.0
 20
-1037.772271791352
 10
824.0
 20
-1038.022237474262
 10
824.0
 20
-1038.272203157172
 10
824.0
 20
-1038.5221688400823
 10
824.0
 20
-1038.7721345229922
 10
824.0
 20
-1039.0221002059025
 10
824.0
 20
-1039.2720658888124
 10
824.0
 20
-1039.5220315717227
 10
824.0
 20
-1039.7719972546327
 10
824.0
 20
-1040.0219629375429
 10
824.0
 20
-1040.2719286204529
 10
824.0
 20
-1040.5218943033628
 10
824.0
 20
-1040.771859986273
 10
824.0
 20
-1041.021825669183
 10
824.0
 20
-1041.2717913520933
 10
824.0
 20
-1041.5217570350032
 10
824.0
 20
-1041.7717227179135
 10
824.0
 20
-1042.0216884008235
 10
824.0
 20
-1042.2716540837337
 10
824.0
 20
-1042.5216197666437
 10
824.0
 20
-1042.7715854495536
 10
824.0
 20
-1043.0215511324639
 10
824.0
 20
-1043.2715168153738
 10
824.0
 20
-1043.521482498284
 10
824.0
 20
-1043.771448181194
 10
824.0
 20
-1044.0214138641043
 10
824.0
 20
-1044.2713795470142
 10
824.0
 20
-1044.5213452299245
 10
824.0
 20
-1044.7713109128345
 10
824.0
 20
-1045.0212765957444
 10
824.0
 20
-1045.2712422786547
 10
824.0
 20
-1045.5212079615646
 10
824.0
 20
-1045.7711736444749
 10
824.0
 20
-1046.0211393273848
 10
824.0
 20
-1046.271105010295
 10
824.0
 20
-1046.521070693205
 10
824.0
 20
-1046.7710363761153
 10
824.0
 20
-1047.0210020590252
 10
824.0
 20
-1047.2709677419352
 10
824.0
 20
-1047.5209334248455
 10
824.0
 20
-1047.7708991077554
 10
824.0
 20
-1048.0208647906657
 10
824.0
 20
-1048.2708304735756
 10
824.0
 20
-1048.5207961564859
 10
824.0
 20
-1048.7707618393958
 10
824.0
 20
-1049.020727522306
 10
824.0
 20
-1049.270693205216
 10
824.0
 20
-1049.520658888126
 10
824.0
 20
-1049.7706245710363
 10
824.0
 20
-1050.0205902539462
 10
824.0
 20
-1050.2705559368565
 10
824.0
 20
-1050.5205216197664
 10
824.0
 20
-1050.7704873026767
 10
824.0
 20
-1051.0204529855866
 10
824.0
 20
-1051.2704186684969
 10
824.0
 20
-1051.5203843514068
 10
824.0
 20
-1051.7703500343168
 10
824.0
 20
-1052.020315717227
 10
824.0
 20
-1052.270281400137
 10
824.0
 20
-1052.5202470830473
 10
824.0
 20
-1052.7702127659572
 10
824.0
 20
-1053.0201784488675
 10
824.0
 20
-1053.2701441317774
 10
824.0
 20
-1053.5201098146877
 10
824.0
 20
-1053.7700754975976
 10
824.0
 20
-1054.0200411805076
 10
824.0
 20
-1054.2700068634178
 10
824.0
 20
-1054.5199725463278
 10
824.0
 20
-1054.769938229238
 10
824.0
 20
-1055.019903912148
 10
824.0
 20
-1055.2698695950583
 10
824.0
 20
-1055.5198352779682
 10
824.0
 20
-1055.7698009608785
 10
824.0
 20
-1056.0197666437884
 10
824.0
 20
-1056.2697323266984
 10
824.0
 20
-1056.5196980096086
 10
824.0
 20
-1056.7696636925186
 10
824.0
 20
-1057.0196293754288
 10
824.0
 20
-1057.2695950583388
 10
824.0
 20
-1057.519560741249
 10
824.0
 20
-1057.769526424159
 10
824.0
 20
-1058.0194921070693
 10
824.0
 20
-1058.2694577899792
 10
824.0
 20
-1058.5194234728892
 10
824.0
 20
-1058.7693891557994
 10
824.0
 20
-1059.0193548387094
 10
824.0
 20
-1059.2693205216196
 10
824.0
 20
-1059.5192862045296
 10
824.0
 20
-1059.7692518874399
 10
824.0
 20
-1060.01921757035
 10
824.0
 20
-1060.2691832532598
 10
824.0
 20
-1060.51914893617
 10
824.0
 20
-1060.76911461908
 10
824.0
 20
-1061.0190803019902
 10
824.0
 20
-1061.2690459849002
 10
824.0
 20
-1061.5190116678104
 10
824.0
 20
-1061.7689773507204
 10
824.0
 20
-1062.0189430336306
 10
824.0
 20
-1062.2689087165406
 10
824.0
 20
-1062.5188743994506
 10
824.0
 20
-1062.7688400823608
 10
824.0
 20
-1063.0188057652708
 10
824.0
 20
-1063.268771448181
 10
824.0
 20
-1063.518737131091
 10
824.0
 20
-1063.7687028140012
 10
824.0
 20
-1064.0186684969112
 10
824.0
 20
-1064.2686341798214
 10
824.0
 20
-1064.5185998627317
 10
824.0
 20
-1064.7685655456414
 10
824.0
 20
-1065.0185312285516
 10
824.0
 20
-1065.2684969114616
 10
824.0
 20
-1065.5184625943718
 10
824.0
 20
-1065.7684282772818
 10
824.0
 20
-1066.018393960192
 10
824.0
 20
-1066.268359643102
 10
824.0
 20
-1066.5183253260122
 10
824.0
 20
-1066.7682910089222
 10
824.0
 20
-1067.0182566918322
 10
824.0
 20
-1067.2682223747424
 10
824.0
 20
-1067.5181880576524
 10
824.0
 20
-1067.7681537405626
 10
824.0
 20
-1068.0181194234726
 10
824.0
 20
-1068.2680851063828
 10
824.0
 20
-1068.5180507892928
 10
824.0
 20
-1068.768016472203
 10
824.0
 20
-1069.0179821551133
 10
824.0
 20
-1069.267947838023
 10
824.0
 20
-1069.5179135209332
 10
824.0
 20
-1069.7678792038432
 10
824.0
 20
-1070.0178448867534
 10
824.0
 20
-1070.2678105696634
 10
824.0
 20
-1070.5177762525736
 10
824.0
 20
-1070.7677419354836
 10
824.0
 20
-1071.0177076183938
 10
824.0
 20
-1071.2676733013038
 10
824.0
 20
-1071.5176389842138
 10
824.0
 20
-1071.767604667124
 10
824.0
 20
-1072.017570350034
 10
824.0
 20
-1072.2675360329442
 10
824.0
 20
-1072.5175017158542
 10
824.0
 20
-1072.7674673987644
 10
824.0
 20
-1073.0174330816744
 10
824.0
 20
-1073.2673987645846
 10
824.0
 20
-1073.5173644474946
 10
824.0
 20
-1073.7673301304046
 10
824.0
 20
-1074.0172958133148
 10
824.0
 20
-1074.2672614962248
 10
824.0
 20
-1074.517227179135
 10
824.0
 20
-1074.767192862045
 10
824.0
 20
-1075.0171585449552
 10
824.0
 20
-1075.2671242278652
 10
824.0
 20
-1075.5170899107754
 10
824.0
 20
-1075.7670555936854
 10
824.0
 20
-1076.0170212765954
 10
824.0
 20
-1076.2669869595056
 10
824.0
 20
-1076.5169526424156
 10
824.0
 20
-1076.7669183253258
 10
824.0
 20
-1077.0168840082358
 10
824.0
 20
-1077.266849691146
 10
824.0
 20
-1077.516815374056
 10
824.0
 20
-1077.7667810569662
 10
824.0
 20
-1078.0167467398762
 10
824.0
 20
-1078.2667124227864
 10
824.0
 20
-1078.5166781056964
 10
824.0
 20
-1078.7666437886064
 10
824.0
 20
-1079.0166094715166
 10
824.0
 20
-1079.2665751544266
 10
824.0
 20
-1079.5165408373368
 10
824.0
 20
-1079.7665065202468
 10
824.0
 20
-1080.016472203157
 10
824.0
 20
-1080.266437886067
 10
824.0
 20
-1080.5164035689772
 10
824.0
 20
-1080.7663692518872
 10
824.0
 20
-1081.0163349347972
 10
824.0
 20
-1081.2663006177074
 10
824.0
 20
-1081.5162663006174
 10
824.0
 20
-1081.7662319835276
 10
824.0
 20
-1082.0161976664376
 10
824.0
 20
-1082.2661633493478
 10
824.0
 20
-1082.5161290322578
 10
824.0
 20
-1082.766094715168
 10
824.0
 20
-1083.016060398078
 10
824.0
 20
-1083.266026080988
 10
824.0
 20
-1083.5159917638982
 10
824.0
 20
-1083.7659574468082
 10
824.0
 20
-1084.0159231297184
 10
824.0
 20
-1084.2658888126284
 10
824.0
 20
-1084.5158544955386
 10
824.0
 20
-1084.7658201784486
 10
824.0
 20
-1085.0157858613588
 10
824.0
 20
-1085.2657515442688
 10
824.0
 20
-1085.515717227179
 10
824.0
 20
-1085.765682910089
 10
824.0
 20
-1086.015648592999
 10
824.0
 20
-1086.2656142759092
 10
824.0
 20
-1086.5155799588192
 10
824.0
 20
-1086.7655456417294
 10
824.0
 20
-1087.0155113246394
 10
824.0
 20
-1087.2654770075496
 10
824.0
 20
-1087.5154426904596
 10
824.0
 20
-1087.7654083733698
 10
824.0
 20
-1088.0153740562798
 10
824.0
 20
-1088.2653397391898
 10
824.0
 20
-1088.5153054221
 10
824.0
 20
-1088.76527110501
 10
824.0
 20
-1089.0152367879202
 10
824.0
 20
-1089.2652024708302
 10
824.0
 20
-1089.5151681537404
 10
824.0
 20
-1089.7651338366504
 10
824.0
 20
-1090.0150995195606
 10
824.0
 20
-1090.2650652024706
 10
824.0
 20
-1090.5150308853806
 10
824.0
 20
-1090.7649965682908
 10
824.0
 20
-1091.0149622512008
 10
824.0
 20
-1091.264927934111
 10
824.0
 20
-1091.514893617021
 10
824.0
 20
-1091.7648592999312
 10
824.0
 20
-1092.0148249828412
 10
824.0
 20
-1092.2647906657514
 10
824.0
 20
-1092.5147563486614
 10
824.0
 20
-1092.7647220315716
 10
824.0
 20
-1093.0146877144816
 10
824.0
 20
-1093.2646533973916
 10
824.0
 20
-1093.5146190803018
 10
824.0
 20
-1093.7645847632118
 10
824.0
 20
-1094.014550446122
 10
824.0
 20
-1094.264516129032
 10
824.0
 20
-1094.5144818119422
 10
824.0
 20
-1094.7644474948522
 10
824.0
 20
-1095.0144131777624
 10
824.0
 20
-1095.2643788606724
 10
824.0
 20
-1095.5143445435824
 10
824.0
 20
-1095.7643102264926
 10
824.0
 20
-1096.0142759094026
 10
824.0
 20
-1096.2642415923128
 10
824.0
 20
-1096.5142072752228
 10
824.0
 20
-1096.764172958133
 10
824.0
 20
-1097.014138641043
 10
824.0
 20
-1097.2641043239532
 10
824.0
 20
-1097.5140700068632
 10
824.0
 20
-1097.7640356897734
 10
824.0
 20
-1098.0140013726834
 10
824.0
 20
-1098.2639670555934
 10
824.0
 20
-1098.5139327385036
 10
824.0
 20
-1098.7638984214136
 10
824.0
 20
-1099.0138641043238
 10
824.0
 20
-1099.2638297872338
 10
824.0
 20
-1099.513795470144
 10
824.0
 20
-1099.763761153054
 10
824.0
 20
-1100.0137268359642
 10
824.0
 20
-1100.2636925188742
 10
824.0
 20
-1100.5136582017842
 10
824.0
 20
-1100.7636238846944
 10
824.0
 20
-1101.0135895676044
 10
824.0
 20
-1101.2635552505146
 10
824.0
 20
-1101.5135209334246
 10
824.0
 20
-1101.7634866163348
 10
824.0
 20
-1102.0134522992448
 10
824.0
 20
-1102.263417982155
 10
824.0
 20
-1102.513383665065
 10
824.0
 20
-1102.763349347975
 10
824.0
 20
-1103.0133150308852
 10
824.0
 20
-1103.2632807137952
 10
824.0
 20
-1103.5132463967054
 10
824.0
 20
-1103.7632120796154
 10
824.0
 20
-1104.0131777625256
 10
824.0
 20
-1104.2631434454356
 10
824.0
 20
-1104.5131091283458
 10
824.0
 20
-1104.7630748112558
 10
824.0
 20
-1105.013040494166
 10
824.0
 20
-1105.263006177076
 10
824.0
 20
-1105.512971859986
 10
824.0
 20
-1105.7629375428962
 10
824.0
 20
-1106.0129032258062
 10
824.0
 20
-1106.2628689087164
 10
824.0
 20
-1106.5128345916264
 10
824.0
 20
-1106.7628002745366
 10
824.0
 20
-1107.0127659574466
 10
824.0
 20
-1107.2627316403568
 10
824.0
 20
-1107.5126973232668
 10
824.0
 20
-1107.7626630061768
 10
824.0
 20
-1108.012628689087
 10
824.0
 20
-1108.262594371997
 10
824.0
 20
-1108.5125600549072
 10
824.0
 20
-1108.7625257378172
 10
824.0
 20
-1109.0124914207274
 10
824.0
 20
-1109.2624571036374
 10
824.0
 20
-1109.5124227865476
 10
824.0
 20
-1109.7623884694576
 10
824.0
 20
-1110.0123541523676
 10
824.0
 20
-1110.2623198352778
 10
824.0
 20
-1110.5122855181878
 10
824.0
 20
-1110.762251201098
 10
824.0
 20
-1111.012216884008
 10
824.0
 20
-1111.2621825669182
 10
824.0
 20
-1111.5121482498282
 10
824.0
 20
-1111.7621139327384
 10
824.0
 20
-1112.0120796156484
 10
824.0
 20
-1112.2620452985586
 10
824.0
 20
-1112.5120109814686
 10
824.0
 20
-1112.7619766643786
 10
824.0
 20
-1113.0119423472888
 10
824.0
 20
-1113.2619080301988
 10
824.0
 20
-1113.511873713109
 10
824.0
 20
-1113.761839396019
 10
824.0
 20
-1114.0118050789292
 10
824.0
 20
-1114.2617707618392
 10
824.0
 20
-1114.5117364447494
 10
824.0
 20
-1114.7617021276594
 10
824.0
 20
-1115.0116678105694
 10
824.0
 20
-1115.2616334934796
 10
824.0
 20
-1115.5115991763896
 10
824.0
 20
-1115.7615648592998
 10
824.0
 20
-1116.0115305422098
 10
824.0
 20
-1116.26149622512
 10
824.0
 20
-1116.51146190803
 10
824.0
 20
-1116.7614275909402
 10
824.0
 20
-1117.0113932738502
 10
824.0
 20
-1117.2613589567604
 10
824.0
 20
-1117.5113246396704
 10
824.0
 20
-1117.7612903225804
 10
824.0
 20
-1118.0112560054906
 10
824.0
 20
-1118.2612216884006
 10
824.0
 20
-1118.5111873713108
 10
824.0
 20
-1118.7611530542208
 10
824.0
 20
-1119.011118737131
 10
824.0
 20
-1119.261084420041
 10
824.0
 20
-1119.5110501029512
 10
824.0
 20
-1119.7610157858612
 10
824.0
 20
-1120.0109814687712
 10
824.0
 20
-1120.2609471516814
 10
824.0
 20
-1120.5109128345914
 10
824.0
 20
-1120.7608785175016
 10
824.0
 20
-1121.0108442004116
 10
824.0
 20
-1121.2608098833218
 10
824.0
 20
-1121.5107755662318
 10
824.0
 20
-1121.760741249142
 10
824.0
 20
-1122.010706932052
 10
824.0
 20
-1122.260672614962
 10
824.0
 20
-1122.5106382978722
 10
824.0
 20
-1122.7606039807822
 10
824.0
 20
-1123.0105696636924
 10
824.0
 20
-1123.2605353466024
 10
824.0
 20
-1123.5105010295126
 10
824.0
 20
-1123.7604667124226
 10
824.0
 20
-1124.0104323953328
 10
824.0
 20
-1124.2603980782428
 10
824.0
 20
-1124.510363761153
 10
824.0
 20
-1124.760329444063
 10
824.0
 20
-1125.010295126973
 10
824.0
 20
-1125.2602608098832
 10
824.0
 20
-1125.5102264927932
 10
824.0
 20
-1125.7601921757034
 10
824.0
 20
-1126.0101578586134
 10
824.0
 20
-1126.2601235415236
 10
824.0
 20
-1126.5100892244336
 10
824.0
 20
-1126.7600549073438
 10
824.0
 20
-1127.0100205902538
 10
824.0
 20
-1127.2599862731638
 10
824.0
 20
-1127.509951956074
 10
824.0
 20
-1127.759917638984
 10
824.0
 20
-1128.0098833218942
 10
824.0
 20
-1128.2598490048042
 10
824.0
 20
-1128.5098146877144
 10
824.0
 20
-1128.7597803706244
 10
824.0
 20
-1129.0097460535346
 10
824.0
 20
-1129.2597117364446
 10
824.0
 20
-1129.5096774193546
 10
824.0
 20
-1129.7596431022648
 10
824.0
 20
-1130.0096087851748
 10
824.0
 20
-1130.259574468085
 10
824.0
 20
-1130.509540150995
 10
824.0
 20
-1130.7595058339052
 10
824.0
 20
-1131.0094715168152
 10
824.0
 20
-1131.2594371997254
 10
824.0
 20
-1131.5094028826354
 10
824.0
 20
-1131.7593685655454
 10
824.0
 20
-1132.0093342484556
 10
824.0
 20
-1132.2592999313656
 10
824.0
 20
-1132.5092656142756
 10
824.0
 20
-1132.7592312971858
 10
824.0
 20
-1133.0091969800958
 10
824.0
 20
-1133.259162663006
 10
824.0
 20
-1133.509128345916
 10
824.0
 20
-1133.7590940288262
 10
824.0
 20
-1134.0090597117362
 10
824.0
 20
-1134.2590253946464
 10
824.0
 20
-1134.5089910775564
 10
824.0
 20
-1134.7589567604664
 10
824.0
 20
-1135.0089224433766
 10
824.0
 20
-1135.2588881262866
 10
824.0
 20
-1135.5088538091968
 10
824.0
 20
-1135.7588194921068
 10
824.0
 20
-1136.008785175017
 10
824.0
 20
-1136.258750857927
 10
824.0
 20
-1136.5087165408372
 10
824.0
 20
-1136.7586822237472
 10
824.0
 20
-1137.0086479066572
 10
824.0
 20
-1137.2586135895674
 10
824.0
 20
-1137.5085792724774
 10
824.0
 20
-1137.7585449553876
 10
824.0
 20
-1138.0085106382976
 10
824.0
 20
-1138.2584763212078
 10
824.0
 20
-1138.5084420041178
 10
824.0
 20
-1138.758407687028
 10
824.0
 20
-1139.008373369938
 10
824.0
 20
-1139.258339052848
 10
824.0
 20
-1139.5083047357582
 10
824.0
 20
-1139.7582704186682
 10
824.0
 20
-1140.0082361015784
 10
824.0
 20
-1140.2582017844884
 10
824.0
 20
-1140.5081674673986
 10
824.0
 20
-1140.7581331503086
 10
824.0
 20
-1141.0080988332188
 10
824.0
 20
-1141.2580645161288
 10
824.0
 20
-1141.5080301990388
 10
824.0
 20
-1141.757995881949
 10
824.0
 20
-1142.007961564859
 10
824.0
 20
-1142.2579272477692
 10
824.0
 20
-1142.5078929306792
 10
824.0
 20
-1142.7578586135894
 10
824.0
 20
-1143.0078242964994
 10
824.0
 20
-1143.2577899794096
 10
824.0
 20
-1143.5077556623196
 10
824.0
 20
-1143.7577213452296
 10
824.0
 20
-1144.0076870281398
 10
824.0
 20
-1144.2576527110498
 10
824.0
 20
-1144.50761839396
 10
824.0
 20
-1144.75758407687
 10
824.0
 20
-1145.0075497597802
 10
824.0
 20
-1145.2575154426902
 10
824.0
 20
-1145.5074811256004
 10
824.0
 20
-1145.7574468085104
 10
824.0
 20
-1146.0074124914204
 10
824.0
 20
-1146.2573781743306
 10
824.0
 20
-1146.5073438572406
 10
824.0
 20
-1146.7573095401508
 10
824.0
 20
-1147.0072752230608
 10
824.0
 20
-1147.257240905971
 10
824.0
 20
-1147.507206588881
 10
824.0
 20
-1147.7571722717912
 10
824.0
 20
-1148.0071379547012
 10
824.0
 20
-1148.2571036376112
 10
824.0
 20
-1148.5070693205214
 10
824.0
 20
-1148.7570350034314
 10
824.0
 20
-1149.0070006863416
 10
824.0
 20
-1149.2569663692516
 10
824.0
 20
-1149.5069320521618
 10
824.0
 20
-1149.7568977350718
 10
824.0
 20
-1150.006863417982
 10
824.0
 20
-1150.256829100892
 10
824.0
 20
-1150.506794783802
 10
824.0
 20
-1150.7567604667122
 10
824.0
 20
-1151.0067261496222
 10
824.0
 20
-1151.2566918325324
 10
824.0
 20
-1151.5066575154424
 10
824.0
 20
-1151.7566231983526
 10
824.0
 20
-1152.0065888812626
 10
824.0
 20
-1152.2565545641728
 10
824.0
 20
-1152.5065202470828
 10
824.0
 20
-1152.7564859299928
 10
824.0
 20
-1153.006451612903
 10
824.0
 20
-1153.256417295813
 10
824.0
 20
-1153.5063829787232
 10
824.0
 20
-1153.7563486616332
 10
824.0
 20
-1154.0063143445434
 10
824.0
 20
-1154.2562800274534
 10
824.0
 20
-1154.5062457103636
 10
824.0
 20
-1154.7562113932736
 10
824.0
 20
-1155.0061770761836
 10
824.0
 20
-1155.2561427590938
 10
824.0
 20
-1155.5061084420038
 10
824.0
 20
-1155.756074124914
 10
824.0
 20
-1156.006039807824
 10
824.0
 20
-1156.2560054907342
 10
824.0
 20
-1156.5059711736442
 10
824.0
 20
-1156.7559368565544
 10
824.0
 20
-1157.0059025394644
 10
824.0
 20
-1157.2558682223744
 10
824.0
 20
-1157.5058339052846
 10
824.0
 20
-1157.7557995881946
 10
824.0
 20
-1158.0057652711048
 10
824.0
 20
-1158.2557309540148
 10
824.0
 20
-1158.505696636925
 10
824.0
 20
-1158.755662319835
 10
824.0
 20
-1159.0056280027452
 10
824.0
 20
-1159.2555936856552
 10
824.0
 20
-1159.5055593685652
 10
824.0
 20
-1159.7555250514754
 10
824.0
 20
-1160.0054907343854
 10
824.0
 20
-1160.2554564172956
 10
824.0
 20
-1160.5054221002056
 10
824.0
 20
-1160.7553877831158
 10
824.0
 20
-1161.0053534660258
 10
824.0
 20
-1161.255319148936
 10
824.0
 20
-1161.505284831846
 10
824.0
 20
-1161.755250514756
 10
824.0
 20
-1162.0052161976662
 10
824.0
 20
-1162.2551818805762
 10
824.0
 20
-1162.5051475634864
 10
824.0
 20
-1162.7551132463964
 10
824.0
 20
-1163.0050789293066
 10
824.0
 20
-1163.2550446122166
 10
824.0
 20
-1163.5050102951268
 10
824.0
 20
-1163.7549759780368
 10
824.0
 20
-1164.0049416609468
 10
824.0
 20
-1164.254907343857
 10
824.0
 20
-1164.504873026767
 10
824.0
 20
-1164.7548387096772
 10
824.0
 20
-1165.0048043925872
 10
824.0
 20
-1165.2547700754974
 10
824.0
 20
-1165.5047357584074
 10
824.0
 20
-1165.7547014413176
 10
824.0
 20
-1166.0046671242276
 10
824.0
 20
-1166.2546328071376
 10
824.0
 20
-1166.5045984900478
 10
824.0
 20
-1166.7545641729578
 10
824.0
 20
-1167.004529855868
 10
824.0
 20
-1167.254495538778
 10
824.0
 20
-1167.5044612216882
 10
824.0
 20
-1167.7544269045982
 10
824.0
 20
-1168.0043925875084
 10
824.0
 20
-1168.2543582704184
 10
824.0
 20
-1168.5043239533284
 10
824.0
 20
-1168.7542896362386
 10
824.0
 20
-1169.0042553191486
 10
824.0
 20
-1169.2542210020588
 10
824.0
 20
-1169.5041866849688
 10
824.0
 20
-1169.754152367879
 10
824.0
 20
-1170.004118050789
 10
824.0
 20
-1170.2540837336992
 10
824.0
 20
-1170.5040494166092
 10
824.0
 20
-1170.7540150995194
 10
824.0
 20
-1171.0039807824294
 10
824.0
 20
-1171.2539464653394
 10
824.0
 20
-1171.5039121482496
 10
824.0
 20
-1171.7538778311596
 10
824.0
 20
-1172.0038435140698
 10
824.0
 20
-1172.2538091969798
 10
824.0
 20
-1172.50377487989
 10
824.0
 20
-1172.7537405628
 10
824.0
 20
-1173.0037062457102
 10
824.0
 20
-1173.2536719286202
 10
824.0
 20
-1173.5036376115302
 10
824.0
 20
-1173.7536032944404
 10
824.0
 20
-1174.0035689773504
 10
824.0
 20
-1174.2535346602606
 10
824.0
 20
-1174.5035003431706
 10
824.0
 20
-1174.7534660260808
 10
824.0
 20
-1175.0034317089908
 10
824.0
 20
-1175.253397391901
 10
824.0
 20
-1175.503363074811
 10
824.0
 20
-1175.753328757721
 10
824.0
 20
-1176.0032944406312
 10
824.0
 20
-1176.2532601235412
 10
824.0
 20
-1176.5032258064514
 10
824.0
 20
-1176.7531914893614
 10
824.0
 20
-1177.0031571722716
 10
824.0
 20
-1177.2531228551816
 10
824.0
 20
-1177.5030885380918
 10
824.0
 20
-1177.7530542210018
 10
824.0
 20
-1178.003019903912
 10
824.0
 20
-1178.252985586822
 10
824.0
 20
-1178.502951269732
 10
824.0
 20
-1178.7529169526422
 10
824.0
 20
-1179.0028826355522
 10
824.0
 20
-1179.2528483184624
 10
824.0
 20
-1179.5028140013724
 10
824.0
 20
-1179.7527796842826
 10
824.0
 20
-1180.0027453671926
 10
824.0
 20
-1180.2527110501028
 10
824.0
 20
-1180.5026767330128
 10
824.0
 20
-1180.7526424159228
 10
824.0
 20
-1181.002608098833
 10
824.0
 20
-1181.252573781743
 10
824.0
 20
-1181.5025394646532
 10
824.0
 20
-1181.7525051475632
 10
824.0
 20
-1182.0024708304734
 10
824.0
 20
-1182.2524365133834
 10
824.0
 20
-1182.5024021962936
 10
824.0
 20
-1182.7523678792036
 10
824.0
 20
-1183.0023335621136
 10
824.0
 20
-1183.2522992450238
 10
824.0
 20
-1183.5022649279338
 10
824.0
 20
-1183.752230610844
 10
824.0
 20
-1184.002196293754
 10
824.0
 20
-1184.2521619766642
 10
824.0
 20
-1184.5021276595742
 10
824.0
 20
-1184.7520933424844
 10
824.0
 20
-1185.0020590253944
 10
824.0
 20
-1185.2520247083046
 10
824.0
 20
-1185.5019903912146
 10
824.0
 20
-1185.7519560741246
 10
824.0
 20
-1186.0019217570348
 10
824.0
 20
-1186.2518874399448
 10
824.0
 20
-1186.501853122855
 10
824.0
 20
-1186.751818805765
 10
824.0
 20
-1187.0017844886752
 10
824.0
 20
-1187.2517501715852
 10
824.0
 20
-1187.5017158544954
 10
824.0
 20
-1187.7516815374054
 10
824.0
 20
-1188.0016472203154
 10
824.0
 20
-1188.2516129032256
 10
824.0
 20
-1188.5015785861356
 10
824.0
 20
-1188.7515442690458
 10
824.0
 20
-1189.0015099519558
 10
824.0
 20
-1189.251475634866
 10
824.0
 20
-1189.501441317776
 10
824.0
 20
-1189.7514070006862
 10
824.0
 20
-1190.0013726835962
 10
824.0
 20
-1190.2513383665064
 10
824.0
 20
-1190.5013040494164
 10
824.0
 20
-1190.7512697323264
 10
824.0
 20
-1191.0012354152366
 10
824.0
 20
-1191.2512010981466
 10
824.0
 20
-1191.5011667810568
 10
824.0
 20
-1191.7511324639668
 10
824.0
 20
-1192.001098146877
 10
824.0
 20
-1192.251063829787
 10
824.0
 20
-1192.5010295126972
 10
824.0
 20
-1192.7509951956072
 10
824.0
 20
-1193.0009608785172
 10
824.0
 20
-1193.2509265614274
 10
824.0
 20
-1193.5008922443374
 10
824.0
 20
-1193.7508579272476
 10
824.0
 20
-1194.0008236101576
 10
824.0
 20
-1194.2507892930678
 10
824.0
 20
-1194.5007549759778
 10
824.0
 20
-1194.750720658888
 10
824.0
 20
-1195.000686341798
 10
824.0
 20
-1195.250652024708
 10
824.0
 20
-1195.5006177076182
 10
824.0
 20
-1195.7505833905282
 10
824.0
 20
-1196.0005490734384
 10
824.0
 20
-1196.2505147563484
 10
824.0
 20
-1196.5004804392586
 10
824.0
 20
-1196.7504461221686
 10
824.0
 20
-1197.0004118050788
 10
824.0
 20
-1197.2503774879888
 10
824.0
 20
-1197.500343170899
 10
824.0
 20
-1197.750308853809
 10
824.0
 20
-1198.000274536719
 10
824.0
 20
-1198.2502402196292
 10
824.0
 20
-1198.5002059025392
 10
824.0
 20
-1198.7501715854494
 10
824.0
 20
-1199.0001372683594
 10
824.0
 20
-1199.2501029512696
 10
824.0
 20
-1199.5000686341796
 10
824.0
 20
-1199.7500343170898
  0
LWPOLYLINE
  5
1E8
330
17
100
AcDbEntity
  8
REFERENCE_GEOMETRY
100
AcDbPolyline
 90
72
 70
1
 10
807.7000000254521
 20
-1192.8499994832264
 10
807.6935310122077
 20
-1192.701834720546
 10
807.6741732055713
 20
-1192.554797581174
 10
807.64207393014
 20
-1192.4100071065245
 10
807.5974774807818
 20
-1192.2685652395362
 10
807.5407232634045
 20
-1192.1315484382221
 10
807.4722432118714
 20
-1191.999999483173
 10
807.3925585007241
 20
-1191.8749195413684
 10
807.3022755787294
 20
-1191.7572605466905
 10
807.202081553438
 20
-1191.6479179551336
 10
807.0927389618811
 20
-1191.5477239298423
 10
806.9750799672034
 20
-1191.4574410078476
 10
806.8500000253988
 20
-1191.3777562967002
 10
806.7184510703497
 20
-1191.3092762451672
 10
806.5814342690355
 20
-1191.25252202779
 10
806.4399924020473
 20
-1191.2079255784317
 10
806.2952019273977
 20
-1191.1758263030003
 10
806.1481647880257
 20
-1191.156468496364
 10
806.0000000253453
 20
-1191.1499994831195
 10
805.851835262665
 20
-1191.156468496364
 10
805.704798123293
 20
-1191.1758263030003
 10
805.5600076486434
 20
-1191.2079255784317
 10
805.4185657816552
 20
-1191.25252202779
 10
805.281548980341
 20
-1191.3092762451672
 10
805.1500000252919
 20
-1191.3777562967002
 10
805.0249200834872
 20
-1191.4574410078476
 10
804.9072610888096
 20
-1191.5477239298423
 10
804.7979184972527
 20
-1191.6479179551336
 10
804.6977244719612
 20
-1191.7572605466905
 10
804.6074415499666
 20
-1191.8749195413684
 10
804.5277568388193
 20
-1191.999999483173
 10
804.4592767872862
 20
-1192.1315484382221
 10
804.4025225699089
 20
-1192.2685652395362
 10
804.3579261205507
 20
-1192.4100071065245
 10
804.3258268451194
 20
-1192.554797581174
 10
804.306469038483
 20
-1192.701834720546
 10
804.3000000252385
 20
-1192.8499994832264
 10
804.306469038483
 20
-1192.9981642459068
 10
804.3258268451194
 20
-1193.1452013852788
 10
804.3579261205507
 20
-1193.2899918599283
 10
804.4025225699089
 20
-1193.4314337269166
 10
804.4592767872862
 20
-1193.5684505282306
 10
804.5277568388193
 20
-1193.6999994832797
 10
804.6074415499666
 20
-1193.8250794250844
 10
804.6977244719612
 20
-1193.9427384197622
 10
804.7979184972527
 20
-1194.0520810113192
 10
804.9072610888096
 20
-1194.1522750366105
 10
805.0249200834872
 20
-1194.2425579586052
 10
805.1500000252919
 20
-1194.3222426697525
 10
805.281548980341
 20
-1194.3907227212856
 10
805.4185657816552
 20
-1194.4474769386627
 10
805.5600076486434
 20
-1194.492073388021
 10
805.704798123293
 20
-1194.5241726634524
 10
805.851835262665
 20
-1194.5435304700889
 10
806.0000000253453
 20
-1194.5499994833333
 10
806.1481647880257
 20
-1194.5435304700889
 10
806.2952019273977
 20
-1194.5241726634524
 10
806.4399924020473
 20
-1194.492073388021
 10
806.5814342690355
 20
-1194.4474769386627
 10
806.7184510703497
 20
-1194.3907227212856
 10
806.8500000253988
 20
-1194.3222426697525
 10
806.9750799672034
 20
-1194.2425579586052
 10
807.0927389618811
 20
-1194.1522750366105
 10
807.202081553438
 20
-1194.0520810113192
 10
807.3022755787294
 20
-1193.9427384197622
 10
807.3925585007241
 20
-1193.8250794250844
 10
807.4722432118714
 20
-1193.6999994832797
 10
807.5407232634045
 20
-1193.5684505282306
 10
807.5974774807818
 20
-1193.4314337269166
 10
807.64207393014
 20
-1193.2899918599283
 10
807.6741732055713
 20
-1193.1452013852788
 10
807.6935310122077
 20
-1192.9981642459068
  0
LWPOLYLINE
  5
1E9
330
17
100
AcDbEntity
  8
REFERENCE_GEOMETRY
100
AcDbPolyline
 90
72
 70
1
 10
807.7000003715672
 20
-1004.850000245779
 10
807.6935313583232
 20
-1004.7018354831106
 10
807.6741735516883
 20
-1004.5547983437505
 10
807.6420742762596
 20
-1004.4100078691125
 10
807.597477826905
 20
-1004.2685660021357
 10
807.5407236095323
 20
-1004.1315492008325
 10
807.4722435580047
 20
-1004.0000002457941
 10
807.3925588468638
 20
-1003.8749203039995
 10
807.3022759248764
 20
-1003.7572613093313
 10
807.202081899593
 20
-1003.6479187177832
 10
807.092739308045
 20
-1003.5477246924999
 10
806.9750803133768
 20
-1003.4574417705124
 10
806.8500003715822
 20
-1003.3777570593716
 10
806.7184514165438
 20
-1003.309277007844
 10
806.5814346152406
 20
-1003.2525227904713
 10
806.4399927482638
 20
-1003.2079263411167
 10
806.2952022736258
 20
-1003.1758270656879
 10
806.1481651342657
 20
-1003.1564692590531
 10
806.0000003715973
 20
-1003.1500002458091
 10
805.8518356089288
 20
-1003.1564692590531
 10
805.7047984695687
 20
-1003.1758270656879
 10
805.5600079949307
 20
-1003.2079263411167
 10
805.4185661279539
 20
-1003.2525227904713
 10
805.2815493266507
 20
-1003.309277007844
 10
805.1500003716124
 20
-1003.3777570593716
 10
805.0249204298177
 20
-1003.4574417705124
 10
804.9072614351495
 20
-1003.5477246924999
 10
804.7979188436015
 20
-1003.6479187177832
 10
804.6977248183181
 20
-1003.7572613093313
 10
804.6074418963307
 20
-1003.8749203039995
 10
804.5277571851898
 20
-1004.0000002457941
 10
804.4592771336622
 20
-1004.1315492008325
 10
804.4025229162895
 20
-1004.2685660021357
 10
804.3579264669349
 20
-1004.4100078691125
 10
804.3258271915062
 20
-1004.5547983437505
 10
804.3064693848713
 20
-1004.7018354831106
 10
804.3000003716273
 20
-1004.850000245779
 10
804.3064693848713
 20
-1004.9981650084475
 10
804.3258271915062
 20
-1005.1452021478076
 10
804.3579264669349
 20
-1005.2899926224455
 10
804.4025229162895
 20
-1005.4314344894224
 10
804.4592771336622
 20
-1005.5684512907255
 10
804.5277571851898
 20
-1005.7000002457639
 10
804.6074418963307
 20
-1005.8250801875586
 10
804.6977248183181
 20
-1005.9427391822268
 10
804.7979188436015
 20
-1006.0520817737748
 10
804.9072614351495
 20
-1006.1522757990582
 10
805.0249204298177
 20
-1006.2425587210456
 10
805.1500003716124
 20
-1006.3222434321865
 10
805.2815493266507
 20
-1006.390723483714
 10
805.4185661279539
 20
-1006.4474777010868
 10
805.5600079949307
 20
-1006.4920741504413
 10
805.7047984695687
 20
-1006.5241734258701
 10
805.8518356089288
 20
-1006.543531232505
 10
806.0000003715973
 20
-1006.550000245749
 10
806.1481651342657
 20
-1006.543531232505
 10
806.2952022736258
 20
-1006.5241734258701
 10
806.4399927482638
 20
-1006.4920741504413
 10
806.5814346152406
 20
-1006.4474777010868
 10
806.7184514165438
 20
-1006.390723483714
 10
806.8500003715822
 20
-1006.3222434321865
 10
806.9750803133768
 20
-1006.2425587210456
 10
807.092739308045
 20
-1006.1522757990582
 10
807.202081899593
 20
-1006.0520817737748
 10
807.3022759248764
 20
-1005.9427391822268
 10
807.3925588468638
 20
-1005.8250801875586
 10
807.4722435580047
 20
-1005.7000002457639
 10
807.5407236095323
 20
-1005.5684512907255
 10
807.597477826905
 20
-1005.4314344894224
 10
807.6420742762596
 20
-1005.2899926224455
 10
807.6741735516883
 20
-1005.1452021478076
 10
807.6935313583232
 20
-1004.9981650084475
  0
LWPOLYLINE
  5
1EA
330
17
100
AcDbEntity
  8
REFERENCE_GEOMETRY
100
AcDbPolyline
 90
72
 70
1
 10
783.7000003951816
 20
-1193.0000003231357
 10
783.6935313819388
 20
-1192.8518355604913
 10
783.674173575307
 20
-1192.7047984211547
 10
783.6420742998835
 20
-1192.56000794654
 10
783.597477850536
 20
-1192.418566079586
 10
783.5407236331724
 20
-1192.281549278305
 10
783.4722435816559
 20
-1192.1500003232877
 10
783.392558870528
 20
-1192.0249203815133
 10
783.302275948555
 20
-1191.907261386864
 10
783.2020819232878
 20
-1191.7979187953335
 10
783.0927393317573
 20
-1191.6977247700663
 10
782.9750803371081
 20
-1191.6074418480935
 10
782.8500003953337
 20
-1191.5277571369654
 10
782.7184514403164
 20
-1191.459277085449
 10
782.5814346390354
 20
-1191.4025228680855
 10
782.4399927720813
 20
-1191.357926418738
 10
782.2952022974666
 20
-1191.3258271433144
 10
782.1481651581303
 20
-1191.3064693366828
 10
782.0000003954857
 20
-1191.3000003234397
 10
781.8518356328411
 20
-1191.3064693366828
 10
781.7047984935048
 20
-1191.3258271433144
 10
781.5600080188901
 20
-1191.357926418738
 10
781.418566151936
 20
-1191.4025228680855
 10
781.281549350655
 20
-1191.459277085449
 10
781.1500003956377
 20
-1191.5277571369654
 10
781.0249204538633
 20
-1191.6074418480935
 10
780.907261459214
 20
-1191.6977247700663
 10
780.7979188676836
 20
-1191.7979187953335
 10
780.6977248424164
 20
-1191.907261386864
 10
780.6074419204434
 20
-1192.0249203815133
 10
780.5277572093155
 20
-1192.1500003232877
 10
780.459277157799
 20
-1192.281549278305
 10
780.4025229404353
 20
-1192.418566079586
 10
780.3579264910879
 20
-1192.56000794654
 10
780.3258272156644
 20
-1192.7047984211547
 10
780.3064694090326
 20
-1192.8518355604913
 10
780.3000003957898
 20
-1193.0000003231357
 10
780.3064694090326
 20
-1193.1481650857802
 10
780.3258272156644
 20
-1193.2952022251168
 10
780.3579264910879
 20
-1193.4399926997314
 10
780.4025229404353
 20
-1193.5814345666854
 10
780.459277157799
 20
-1193.7184513679665
 10
780.5277572093155
 20
-1193.8500003229838
 10
780.6074419204434
 20
-1193.9750802647582
 10
780.6977248424164
 20
-1194.0927392594074
 10
780.7979188676836
 20
-1194.202081850938
 10
780.907261459214
 20
-1194.3022758762052
 10
781.0249204538633
 20
-1194.392558798178
 10
781.1500003956377
 20
-1194.472243509306
 10
781.281549350655
 20
-1194.5407235608225
 10
781.418566151936
 20
-1194.597477778186
 10
781.5600080188901
 20
-1194.6420742275334
 10
781.7047984935048
 20
-1194.674173502957
 10
781.8518356328411
 20
-1194.6935313095887
 10
782.0000003954857
 20
-1194.7000003228318
 10
782.1481651581303
 20
-1194.6935313095887
 10
782.2952022974666
 20
-1194.674173502957
 10
782.4399927720813
 20
-1194.6420742275334
 10
782.5814346390354
 20
-1194.597477778186
 10
782.7184514403164
 20
-1194.5407235608225
 10
782.8500003953337
 20
-1194.472243509306
 10
782.9750803371081
 20
-1194.392558798178
 10
783.0927393317573
 20
-1194.3022758762052
 10
783.2020819232878
 20
-1194.202081850938
 10
783.302275948555
 20
-1194.0927392594074
 10
783.392558870528
 20
-1193.9750802647582
 10
783.4722435816559
 20
-1193.8500003229838
 10
783.5407236331724
 20
-1193.7184513679665
 10
783.597477850536
 20
-1193.5814345666854
 10
783.6420742998835
 20
-1193.4399926997314
 10
783.674173575307
 20
-1193.2952022251168
 10
783.6935313819388
 20
-1193.1481650857802
  0
LWPOLYLINE
  5
1EB
330
17
100
AcDbEntity
  8
REFERENCE_GEOMETRY
100
AcDbPolyline
 90
72
 70
1
 10
783.6999998973997
 20
-1117.3499998410675
 10
783.6935308841555
 20
-1117.201835078393
 10
783.6741730775199
 20
-1117.0547979390271
 10
783.6420738020898
 20
-1116.9100074643834
 10
783.5974773527334
 20
-1116.7685655974008
 10
783.5407231353585
 20
-1116.6315487960921
 10
783.4722430838282
 20
-1116.4999998410483
 10
783.3925583726841
 20
-1116.3749198992487
 10
783.302275450693
 20
-1116.2572609045758
 10
783.2020814254056
 20
-1116.1479183130232
 10
783.0927388338531
 20
-1116.047724287736
 10
782.9750798391801
 20
-1115.957441365745
 10
782.8499998973805
 20
-1115.8777566546007
 10
782.7184509423367
 20
-1115.8092766030704
 10
782.5814341410281
 20
-1115.7525223856956
 10
782.4399922740456
 20
-1115.707925936339
 10
782.2952017994018
 20
-1115.675826660909
 10
782.1481646600357
 20
-1115.6564688542733
 10
781.9999998973614
 20
-1115.6499998410293
 10
781.851835134687
 20
-1115.6564688542733
 10
781.704797995321
 20
-1115.675826660909
 10
781.5600075206771
 20
-1115.707925936339
 10
781.4185656536946
 20
-1115.7525223856956
 10
781.281548852386
 20
-1115.8092766030704
 10
781.1499998973422
 20
-1115.8777566546007
 10
781.0249199555426
 20
-1115.957441365745
 10
780.9072609608696
 20
-1116.047724287736
 10
780.7979183693171
 20
-1116.1479183130232
 10
780.6977243440298
 20
-1116.2572609045758
 10
780.6074414220386
 20
-1116.3749198992487
 10
780.5277567108946
 20
-1116.4999998410483
 10
780.4592766593643
 20
-1116.6315487960921
 10
780.4025224419893
 20
-1116.7685655974008
 10
780.3579259926329
 20
-1116.9100074643834
 10
780.3258267172029
 20
-1117.0547979390271
 10
780.3064689105672
 20
-1117.201835078393
 10
780.299999897323
 20
-1117.3499998410675
 10
780.3064689105672
 20
-1117.498164603742
 10
780.3258267172029
 20
-1117.645201743108
 10
780.3579259926329
 20
-1117.7899922177517
 10
780.4025224419893
 20
-1117.9314340847343
 10
780.4592766593643
 20
-1118.068450886043
 10
780.5277567108946
 20
-1118.1999998410868
 10
780.6074414220386
 20
-1118.3250797828864
 10
780.6977243440297
 20
-1118.4427387775593
 10
780.7979183693171
 20
-1118.5520813691119
 10
780.9072609608696
 20
-1118.652275394399
 10
781.0249199555426
 20
-1118.7425583163902
 10
781.1499998973422
 20
-1118.8222430275343
 10
781.281548852386
 20
-1118.8907230790646
 10
781.4185656536946
 20
-1118.9474772964395
 10
781.5600075206771
 20
-1118.992073745796
 10
781.704797995321
 20
-1119.024173021226
 10
781.851835134687
 20
-1119.0435308278618
 10
781.9999998973614
 20
-1119.0499998411058
 10
782.1481646600357
 20
-1119.0435308278618
 10
782.2952017994018
 20
-1119.024173021226
 10
782.4399922740456
 20
-1118.992073745796
 10
782.5814341410281
 20
-1118.9474772964395
 10
782.7184509423367
 20
-1118.8907230790646
 10
782.8499998973805
 20
-1118.8222430275343
 10
782.9750798391801
 20
-1118.7425583163902
 10
783.0927388338531
 20
-1118.652275394399
 10
783.2020814254056
 20
-1118.5520813691119
 10
783.302275450693
 20
-1118.4427387775593
 10
783.3925583726841
 20
-1118.3250797828864
 10
783.4722430838282
 20
-1118.1999998410868
 10
783.5407231353585
 20
-1118.068450886043
 10
783.5974773527334
 20
-1117.9314340847343
 10
783.6420738020898
 20
-1117.7899922177517
 10
783.6741730775199
 20
-1117.645201743108
 10
783.6935308841555
 20
-1117.498164603742
  0
LWPOLYLINE
  5
1EC
330
17
100
AcDbEntity
  8
REFERENCE_GEOMETRY
100
AcDbPolyline
 90
72
 70
1
 10
747.6999995988721
 20
-1192.849999824496
 10
747.6935305856279
 20
-1192.7018350618216
 10
747.6741727789922
 20
-1192.5547979224557
 10
747.6420735035622
 20
-1192.410007447812
 10
747.5974770542058
 20
-1192.2685655808293
 10
747.5407228368308
 20
-1192.1315487795207
 10
747.4722427853005
 20
-1191.9999998244768
 10
747.3925580741565
 20
-1191.8749198826772
 10
747.3022751521653
 20
-1191.7572608880043
 10
747.2020811268779
 20
-1191.6479182964517
 10
747.0927385353255
 20
-1191.5477242711645
 10
746.9750795406525
 20
-1191.4574413491735
 10
746.8499995988528
 20
-1191.3777566380293
 10
746.7184506438091
 20
-1191.309276586499
 10
746.5814338425005
 20
-1191.252522369124
 10
746.439991975518
 20
-1191.2079259197676
 10
746.2952015008741
 20
-1191.1758266443376
 10
746.1481643615081
 20
-1191.1564688377018
 10
745.9999995988337
 20
-1191.1499998244578
 10
745.8518348361594
 20
-1191.1564688377018
 10
745.7047976967933
 20
-1191.1758266443376
 10
745.5600072221495
 20
-1191.2079259197676
 10
745.418565355167
 20
-1191.252522369124
 10
745.2815485538583
 20
-1191.309276586499
 10
745.1499995988146
 20
-1191.3777566380293
 10
745.024919657015
 20
-1191.4574413491735
 10
744.907260662342
 20
-1191.5477242711645
 10
744.7979180707895
 20
-1191.6479182964517
 10
744.6977240455021
 20
-1191.7572608880043
 10
744.607441123511
 20
-1191.8749198826772
 10
744.5277564123669
 20
-1191.9999998244768
 10
744.4592763608366
 20
-1192.1315487795207
 10
744.4025221434616
 20
-1192.2685655808293
 10
744.3579256941052
 20
-1192.410007447812
 10
744.3258264186752
 20
-1192.5547979224557
 10
744.3064686120396
 20
-1192.7018350618216
 10
744.2999995987954
 20
-1192.849999824496
 10
744.3064686120396
 20
-1192.9981645871705
 10
744.3258264186752
 20
-1193.1452017265365
 10
744.3579256941052
 20
-1193.2899922011802
 10
744.4025221434616
 20
-1193.4314340681628
 10
744.4592763608366
 20
-1193.5684508694715
 10
744.5277564123669
 20
-1193.6999998245153
 10
744.607441123511
 20
-1193.825079766315
 10
744.6977240455021
 20
-1193.9427387609878
 10
744.7979180707895
 20
-1194.0520813525404
 10
744.907260662342
 20
-1194.1522753778277
 10
745.024919657015
 20
-1194.2425582998187
 10
745.1499995988146
 20
-1194.322243010963
 10
745.2815485538583
 20
-1194.3907230624932
 10
745.418565355167
 20
-1194.447477279868
 10
745.5600072221495
 20
-1194.4920737292246
 10
745.7047976967933
 20
-1194.5241730046546
 10
745.8518348361594
 20
-1194.5435308112903
 10
745.9999995988337
 20
-1194.5499998245343
 10
746.1481643615081
 20
-1194.5435308112903
 10
746.2952015008741
 20
-1194.5241730046546
 10
746.439991975518
 20
-1194.4920737292246
 10
746.5814338425005
 20
-1194.447477279868
 10
746.7184506438091
 20
-1194.3907230624932
 10
746.8499995988528
 20
-1194.322243010963
 10
746.9750795406525
 20
-1194.2425582998187
 10
747.0927385353255
 20
-1194.1522753778277
 10
747.2020811268779
 20
-1194.0520813525404
 10
747.3022751521653
 20
-1193.9427387609878
 10
747.3925580741565
 20
-1193.825079766315
 10
747.4722427853005
 20
-1193.6999998245153
 10
747.5407228368308
 20
-1193.5684508694715
 10
747.5974770542058
 20
-1193.4314340681628
 10
747.6420735035622
 20
-1193.2899922011802
 10
747.6741727789922
 20
-1193.1452017265365
 10
747.6935305856279
 20
-1192.9981645871705
  0
LWPOLYLINE
  5
1ED
330
17
100
AcDbEntity
  8
REFERENCE_GEOMETRY
100
AcDbPolyline
 90
72
 70
1
 10
747.7000000083623
 20
-1004.8500000200931
 10
747.6935309951194
 20
-1004.7018352574486
 10
747.6741731884877
 20
-1004.5547981181122
 10
747.6420739130641
 20
-1004.4100076434976
 10
747.5974774637167
 20
-1004.2685657765435
 10
747.5407232463531
 20
-1004.1315489752625
 10
747.4722431948366
 20
-1004.0000000202451
 10
747.3925584837086
 20
-1003.8749200784707
 10
747.3022755617357
 20
-1003.7572610838215
 10
747.2020815364684
 20
-1003.6479184922911
 10
747.092738944938
 20
-1003.5477244670238
 10
746.9750799502888
 20
-1003.4574415450509
 10
746.8500000085144
 20
-1003.377756833923
 10
746.718451053497
 20
-1003.3092767824064
 10
746.581434252216
 20
-1003.2525225650428
 10
746.4399923852619
 20
-1003.2079261156954
 10
746.2952019106473
 20
-1003.1758268402718
 10
746.1481647713109
 20
-1003.1564690336401
 10
746.0000000086663
 20
-1003.1500000203972
 10
745.8518352460218
 20
-1003.1564690336401
 10
745.7047981066854
 20
-1003.1758268402718
 10
745.5600076320708
 20
-1003.2079261156954
 10
745.4185657651167
 20
-1003.2525225650428
 10
745.2815489638357
 20
-1003.3092767824064
 10
745.1500000088183
 20
-1003.377756833923
 10
745.0249200670439
 20
-1003.4574415450509
 10
744.9072610723947
 20
-1003.5477244670238
 10
744.7979184808643
 20
-1003.6479184922911
 10
744.697724455597
 20
-1003.7572610838215
 10
744.6074415336241
 20
-1003.8749200784707
 10
744.5277568224961
 20
-1004.0000000202451
 10
744.4592767709796
 20
-1004.1315489752625
 10
744.402522553616
 20
-1004.2685657765435
 10
744.3579261042686
 20
-1004.4100076434976
 10
744.325826828845
 20
-1004.5547981181122
 10
744.3064690222133
 20
-1004.7018352574486
 10
744.3000000089704
 20
-1004.8500000200931
 10
744.3064690222133
 20
-1004.9981647827377
 10
744.325826828845
 20
-1005.1452019220741
 10
744.3579261042686
 20
-1005.2899923966887
 10
744.402522553616
 20
-1005.4314342636428
 10
744.4592767709796
 20
-1005.5684510649238
 10
744.5277568224961
 20
-1005.7000000199412
 10
744.6074415336241
 20
-1005.8250799617156
 10
744.697724455597
 20
-1005.9427389563648
 10
744.7979184808643
 20
-1006.0520815478952
 10
744.9072610723947
 20
-1006.1522755731625
 10
745.0249200670439
 20
-1006.2425584951354
 10
745.1500000088183
 20
-1006.3222432062634
 10
745.2815489638357
 20
-1006.3907232577799
 10
745.4185657651167
 20
-1006.4474774751435
 10
745.5600076320708
 20
-1006.4920739244909
 10
745.7047981066854
 20
-1006.5241731999145
 10
745.8518352460218
 20
-1006.5435310065462
 10
746.0000000086663
 20
-1006.5500000197891
 10
746.1481647713109
 20
-1006.5435310065462
 10
746.2952019106473
 20
-1006.5241731999145
 10
746.4399923852619
 20
-1006.4920739244909
 10
746.581434252216
 20
-1006.4474774751435
 10
746.718451053497
 20
-1006.3907232577799
 10
746.8500000085144
 20
-1006.3222432062634
 10
746.9750799502888
 20
-1006.2425584951354
 10
747.092738944938
 20
-1006.1522755731625
 10
747.2020815364684
 20
-1006.0520815478952
 10
747.3022755617357
 20
-1005.9427389563648
 10
747.3925584837086
 20
-1005.8250799617156
 10
747.4722431948366
 20
-1005.7000000199412
 10
747.5407232463531
 20
-1005.5684510649238
 10
747.5974774637167
 20
-1005.4314342636428
 10
747.6420739130641
 20
-1005.2899923966887
 10
747.6741731884877
 20
-1005.1452019220741
 10
747.6935309951194
 20
-1004.9981647827377
  0
LWPOLYLINE
  5
1EE
330
17
100
AcDbEntity
  8
REFERENCE_GEOMETRY
100
AcDbPolyline
 90
72
 70
1
 10
713.7000000053487
 20
-1192.9999999497081
 10
713.6935309921058
 20
-1192.8518351870637
 10
713.674173185474
 20
-1192.704798047727
 10
713.6420739100505
 20
-1192.5600075731124
 10
713.5974774607031
 20
-1192.4185657061585
 10
713.5407232433395
 20
-1192.2815489048774
 10
713.4722431918229
 20
-1192.14999994986
 10
713.392558480695
 20
-1192.0249200080857
 10
713.302275558722
 20
-1191.9072610134365
 10
713.2020815334548
 20
-1191.797918421906
 10
713.0927389419244
 20
-1191.6977243966387
 10
712.9750799472752
 20
-1191.6074414746658
 10
712.8500000055008
 20
-1191.5277567635378
 10
712.7184510504834
 20
-1191.4592767120214
 10
712.5814342492024
 20
-1191.402522494658
 10
712.4399923822483
 20
-1191.3579260453105
 10
712.2952019076337
 20
-1191.3258267698868
 10
712.1481647682973
 20
-1191.3064689632552
 10
712.0000000056527
 20
-1191.299999950012
 10
711.8518352430082
 20
-1191.3064689632552
 10
711.7047981036718
 20
-1191.3258267698868
 10
711.5600076290572
 20
-1191.3579260453105
 10
711.4185657621031
 20
-1191.402522494658
 10
711.2815489608221
 20
-1191.4592767120214
 10
711.1500000058047
 20
-1191.5277567635378
 10
711.0249200640303
 20
-1191.6074414746658
 10
710.9072610693811
 20
-1191.6977243966387
 10
710.7979184778507
 20
-1191.797918421906
 10
710.6977244525834
 20
-1191.9072610134365
 10
710.6074415306105
 20
-1192.0249200080857
 10
710.5277568194825
 20
-1192.14999994986
 10
710.459276767966
 20
-1192.2815489048774
 10
710.4025225506024
 20
-1192.4185657061585
 10
710.357926101255
 20
-1192.5600075731124
 10
710.3258268258314
 20
-1192.704798047727
 10
710.3064690191997
 20
-1192.8518351870637
 10
710.3000000059568
 20
-1192.9999999497081
 10
710.3064690191997
 20
-1193.1481647123526
 10
710.3258268258314
 20
-1193.2952018516892
 10
710.357926101255
 20
-1193.4399923263038
 10
710.4025225506024
 20
-1193.5814341932578
 10
710.459276767966
 20
-1193.718450994539
 10
710.5277568194825
 20
-1193.8499999495561
 10
710.6074415306105
 20
-1193.9750798913306
 10
710.6977244525834
 20
-1194.0927388859798
 10
710.7979184778507
 20
-1194.2020814775103
 10
710.9072610693811
 20
-1194.3022755027775
 10
711.0249200640303
 20
-1194.3925584247504
 10
711.1500000058047
 20
-1194.4722431358784
 10
711.2815489608221
 20
-1194.5407231873949
 10
711.4185657621031
 20
-1194.5974774047584
 10
711.5600076290572
 20
-1194.6420738541058
 10
711.7047981036718
 20
-1194.6741731295294
 10
711.8518352430082
 20
-1194.693530936161
 10
712.0000000056527
 20
-1194.6999999494042
 10
712.1481647682973
 20
-1194.693530936161
 10
712.2952019076337
 20
-1194.6741731295294
 10
712.4399923822483
 20
-1194.6420738541058
 10
712.5814342492024
 20
-1194.5974774047584
 10
712.7184510504834
 20
-1194.5407231873949
 10
712.8500000055008
 20
-1194.4722431358784
 10
712.9750799472752
 20
-1194.3925584247504
 10
713.0927389419244
 20
-1194.3022755027775
 10
713.2020815334548
 20
-1194.2020814775103
 10
713.302275558722
 20
-1194.0927388859798
 10
713.392558480695
 20
-1193.9750798913306
 10
713.4722431918229
 20
-1193.8499999495561
 10
713.5407232433395
 20
-1193.718450994539
 10
713.5974774607031
 20
-1193.5814341932578
 10
713.6420739100505
 20
-1193.4399923263038
 10
713.674173185474
 20
-1193.2952018516892
 10
713.6935309921058
 20
-1193.1481647123526
  0
LWPOLYLINE
  5
1EF
330
17
100
AcDbEntity
  8
REFERENCE_GEOMETRY
100
AcDbPolyline
 90
72
 70
1
 10
713.6999995257847
 20
-1117.3499992174238
 10
713.693530512539
 20
-1117.2018344547137
 10
713.6741727058986
 20
-1117.054797315312
 10
713.6420734304609
 20
-1116.9100068406333
 10
713.5974769810937
 20
-1116.7685649736165
 10
713.5407227637049
 20
-1116.6315481722747
 10
713.472242712158
 20
-1116.4999992171993
 10
713.3925580009948
 20
-1116.3749192753694
 10
713.3022750789819
 20
-1116.2572602806679
 10
713.2020810536703
 20
-1116.1479176890891
 10
713.0927384620913
 20
-1116.0477236637773
 10
712.97507946739
 20
-1115.9574407417645
 10
712.8499995255602
 20
-1115.8777560306012
 10
712.7184505704846
 20
-1115.8092759790543
 10
712.5814337691428
 20
-1115.7525217616655
 10
712.439991902126
 20
-1115.7079253122986
 10
712.2952014274473
 20
-1115.6758260368606
 10
712.1481642880457
 20
-1115.6564682302203
 10
711.9999995253355
 20
-1115.6499992169745
 10
711.8518347626253
 20
-1115.6564682302203
 10
711.7047976232237
 20
-1115.6758260368606
 10
711.560007148545
 20
-1115.7079253122986
 10
711.4185652815282
 20
-1115.7525217616655
 10
711.2815484801864
 20
-1115.8092759790543
 10
711.1499995251108
 20
-1115.8777560306012
 10
711.0249195832811
 20
-1115.9574407417645
 10
710.9072605885797
 20
-1116.0477236637773
 10
710.7979179970007
 20
-1116.1479176890891
 10
710.6977239716891
 20
-1116.2572602806679
 10
710.6074410496763
 20
-1116.3749192753694
 10
710.527756338513
 20
-1116.4999992171993
 10
710.4592762869661
 20
-1116.6315481722747
 10
710.4025220695773
 20
-1116.7685649736165
 10
710.3579256202102
 20
-1116.9100068406333
 10
710.3258263447724
 20
-1117.054797315312
 10
710.306468538132
 20
-1117.2018344547137
 10
710.2999995248863
 20
-1117.3499992174238
 10
710.306468538132
 20
-1117.498163980134
 10
710.3258263447724
 20
-1117.6452011195356
 10
710.3579256202102
 20
-1117.7899915942144
 10
710.4025220695773
 20
-1117.931433461231
 10
710.4592762869661
 20
-1118.068450262573
 10
710.527756338513
 20
-1118.1999992176484
 10
710.6074410496763
 20
-1118.3250791594783
 10
710.6977239716891
 20
-1118.4427381541798
 10
710.7979179970007
 20
-1118.5520807457585
 10
710.9072605885797
 20
-1118.6522747710703
 10
711.0249195832811
 20
-1118.7425576930832
 10
711.1499995251108
 20
-1118.8222424042465
 10
711.2815484801864
 20
-1118.8907224557934
 10
711.4185652815282
 20
-1118.947476673182
 10
711.560007148545
 20
-1118.992073122549
 10
711.7047976232237
 20
-1119.024172397987
 10
711.8518347626253
 20
-1119.0435302046274
 10
711.9999995253355
 20
-1119.0499992178732
 10
712.1481642880457
 20
-1119.0435302046274
 10
712.2952014274473
 20
-1119.024172397987
 10
712.439991902126
 20
-1118.992073122549
 10
712.5814337691428
 20
-1118.947476673182
 10
712.7184505704846
 20
-1118.8907224557934
 10
712.8499995255602
 20
-1118.8222424042465
 10
712.97507946739
 20
-1118.7425576930832
 10
713.0927384620913
 20
-1118.6522747710703
 10
713.2020810536703
 20
-1118.5520807457585
 10
713.3022750789819
 20
-1118.4427381541798
 10
713.3925580009948
 20
-1118.3250791594783
 10
713.472242712158
 20
-1118.1999992176484
 10
713.5407227637049
 20
-1118.068450262573
 10
713.5974769810937
 20
-1117.931433461231
 10
713.6420734304609
 20
-1117.7899915942144
 10
713.6741727058986
 20
-1117.6452011195356
 10
713.693530512539
 20
-1117.498163980134
  0
LWPOLYLINE
  5
1F0
330
17
100
AcDbEntity
  8
REFERENCE_GEOMETRY
100
AcDbPolyline
 90
72
 70
1
 10
687.699999887084
 20
-1192.8499996123696
 10
687.693530873839
 20
-1192.7018348496774
 10
687.6741730672011
 20
-1192.5547977102935
 10
687.6420737917671
 20
-1192.4100072356323
 10
687.5974773424053
 20
-1192.2685653686326
 10
687.5407231250234
 20
-1192.1315485673074
 10
687.4722430734848
 20
-1191.9999996122478
 10
687.3925583623312
 20
-1191.874919670433
 10
687.3022754403293
 20
-1191.7572606757458
 10
687.2020814150297
 20
-1191.6479180841802
 10
687.0927388234641
 20
-1191.5477240588807
 10
686.9750798287769
 20
-1191.4574411368787
 10
686.8499998869621
 20
-1191.377756425725
 10
686.7184509319025
 20
-1191.3092763741863
 10
686.5814341305772
 20
-1191.2525221568044
 10
686.4399922635776
 20
-1191.2079257074427
 10
686.2952017889163
 20
-1191.1758264320088
 10
686.1481646495325
 20
-1191.1564686253707
 10
685.9999998868402
 20
-1191.1499996121258
 10
685.8518351241479
 20
-1191.1564686253707
 10
685.7047979847641
 20
-1191.1758264320088
 10
685.5600075101029
 20
-1191.2079257074427
 10
685.4185656431032
 20
-1191.2525221568044
 10
685.281548841778
 20
-1191.3092763741863
 10
685.1499998867183
 20
-1191.377756425725
 10
685.0249199449036
 20
-1191.4574411368787
 10
684.9072609502164
 20
-1191.5477240588807
 10
684.7979183586507
 20
-1191.6479180841802
 10
684.6977243333512
 20
-1191.7572606757458
 10
684.6074414113492
 20
-1191.874919670433
 10
684.5277567001956
 20
-1191.9999996122478
 10
684.459276648657
 20
-1192.1315485673074
 10
684.4025224312751
 20
-1192.2685653686326
 10
684.3579259819134
 20
-1192.4100072356323
 10
684.3258267064793
 20
-1192.5547977102935
 10
684.3064688998414
 20
-1192.7018348496774
 10
684.2999998865964
 20
-1192.8499996123696
 10
684.3064688998414
 20
-1192.9981643750618
 10
684.3258267064793
 20
-1193.1452015144457
 10
684.3579259819134
 20
-1193.289991989107
 10
684.4025224312751
 20
-1193.4314338561067
 10
684.459276648657
 20
-1193.5684506574319
 10
684.5277567001956
 20
-1193.6999996124914
 10
684.6074414113492
 20
-1193.8250795543063
 10
684.6977243333512
 20
-1193.9427385489935
 10
684.7979183586507
 20
-1194.052081140559
 10
684.9072609502164
 20
-1194.1522751658586
 10
685.0249199449036
 20
-1194.2425580878605
 10
685.1499998867183
 20
-1194.3222427990142
 10
685.281548841778
 20
-1194.390722850553
 10
685.4185656431032
 20
-1194.4474770679349
 10
685.5600075101029
 20
-1194.4920735172966
 10
685.7047979847641
 20
-1194.5241727927305
 10
685.8518351241479
 20
-1194.5435305993685
 10
685.9999998868402
 20
-1194.5499996126134
 10
686.1481646495325
 20
-1194.5435305993685
 10
686.2952017889163
 20
-1194.5241727927305
 10
686.4399922635776
 20
-1194.4920735172966
 10
686.5814341305772
 20
-1194.4474770679349
 10
686.7184509319025
 20
-1194.390722850553
 10
686.8499998869621
 20
-1194.3222427990142
 10
686.9750798287769
 20
-1194.2425580878605
 10
687.0927388234641
 20
-1194.1522751658586
 10
687.2020814150297
 20
-1194.052081140559
 10
687.3022754403293
 20
-1193.9427385489935
 10
687.3925583623312
 20
-1193.8250795543063
 10
687.4722430734848
 20
-1193.6999996124914
 10
687.5407231250234
 20
-1193.5684506574319
 10
687.5974773424053
 20
-1193.4314338561067
 10
687.6420737917671
 20
-1193.289991989107
 10
687.6741730672011
 20
-1193.1452015144457
 10
687.693530873839
 20
-1192.9981643750618
  0
LWPOLYLINE
  5
1F1
330
17
100
AcDbEntity
  8
REFERENCE_GEOMETRY
100
AcDbPolyline
 90
72
 70
1
 10
687.6999998078871
 20
-1004.849999903047
 10
687.6935307946427
 20
-1004.7018351403666
 10
687.6741729880063
 20
-1004.5547980009947
 10
687.642073712575
 20
-1004.410007526345
 10
687.5974772632168
 20
-1004.2685656593568
 10
687.5407230458395
 20
-1004.1315488580426
 10
687.4722429943064
 20
-1003.9999999029935
 10
687.3925582831591
 20
-1003.8749199611889
 10
687.3022753611644
 20
-1003.7572609665112
 10
687.202081335873
 20
-1003.6479183749543
 10
687.0927387443161
 20
-1003.5477243496629
 10
686.9750797496384
 20
-1003.4574414276682
 10
686.8499998078338
 20
-1003.3777567165209
 10
686.7184508527847
 20
-1003.3092766649878
 10
686.5814340514705
 20
-1003.2525224476105
 10
686.4399921844823
 20
-1003.2079259982523
 10
686.2952017098327
 20
-1003.1758267228211
 10
686.1481645704607
 20
-1003.1564689161846
 10
685.9999998077803
 20
-1003.1499999029402
 10
685.8518350451
 20
-1003.1564689161846
 10
685.704797905728
 20
-1003.1758267228211
 10
685.5600074310784
 20
-1003.2079259982523
 10
685.4185655640902
 20
-1003.2525224476105
 10
685.281548762776
 20
-1003.3092766649878
 10
685.1499998077269
 20
-1003.3777567165209
 10
685.0249198659222
 20
-1003.4574414276682
 10
684.9072608712446
 20
-1003.5477243496629
 10
684.7979182796877
 20
-1003.6479183749543
 10
684.6977242543962
 20
-1003.7572609665112
 10
684.6074413324015
 20
-1003.8749199611889
 10
684.5277566212543
 20
-1003.9999999029935
 10
684.4592765697212
 20
-1004.1315488580426
 10
684.4025223523439
 20
-1004.2685656593568
 10
684.3579259029857
 20
-1004.410007526345
 10
684.3258266275544
 20
-1004.5547980009947
 10
684.306468820918
 20
-1004.7018351403666
 10
684.2999998076735
 20
-1004.849999903047
 10
684.306468820918
 20
-1004.9981646657274
 10
684.3258266275544
 20
-1005.1452018050993
 10
684.3579259029857
 20
-1005.289992279749
 10
684.4025223523439
 20
-1005.4314341467372
 10
684.4592765697212
 20
-1005.5684509480513
 10
684.5277566212543
 20
-1005.6999999031004
 10
684.6074413324015
 20
-1005.8250798449051
 10
684.6977242543962
 20
-1005.9427388395827
 10
684.7979182796877
 20
-1006.0520814311396
 10
684.9072608712446
 20
-1006.1522754564311
 10
685.0249198659222
 20
-1006.2425583784258
 10
685.1499998077269
 20
-1006.322243089573
 10
685.281548762776
 20
-1006.3907231411062
 10
685.4185655640902
 20
-1006.4474773584834
 10
685.5600074310784
 20
-1006.4920738078416
 10
685.704797905728
 20
-1006.5241730832729
 10
685.8518350451
 20
-1006.5435308899093
 10
685.9999998077803
 20
-1006.5499999031538
 10
686.1481645704607
 20
-1006.5435308899093
 10
686.2952017098327
 20
-1006.5241730832729
 10
686.4399921844823
 20
-1006.4920738078416
 10
686.5814340514705
 20
-1006.4474773584834
 10
686.7184508527847
 20
-1006.3907231411062
 10
686.8499998078338
 20
-1006.322243089573
 10
686.9750797496384
 20
-1006.2425583784258
 10
687.0927387443161
 20
-1006.1522754564311
 10
687.202081335873
 20
-1006.0520814311396
 10
687.3022753611644
 20
-1005.9427388395827
 10
687.3925582831591
 20
-1005.8250798449051
 10
687.4722429943064
 20
-1005.6999999031004
 10
687.5407230458395
 20
-1005.5684509480513
 10
687.5974772632168
 20
-1005.4314341467372
 10
687.642073712575
 20
-1005.289992279749
 10
687.6741729880063
 20
-1005.1452018050993
 10
687.6935307946427
 20
-1004.9981646657274
  0
LWPOLYLINE
  5
1F2
330
17
100
AcDbEntity
  8
REFERENCE_GEOMETRY
100
AcDbPolyline
 90
72
 70
1
 10
627.6999998560892
 20
-1192.8499996691057
 10
627.693530842845
 20
-1192.7018349064313
 10
627.6741730362094
 20
-1192.5547977670653
 10
627.6420737607793
 20
-1192.4100072924216
 10
627.597477311423
 20
-1192.268565425439
 10
627.540723094048
 20
-1192.1315486241303
 10
627.4722430425177
 20
-1191.9999996690865
 10
627.3925583313736
 20
-1191.8749197272869
 10
627.3022754093824
 20
-1191.757260732614
 10
627.2020813840951
 20
-1191.6479181410614
 10
627.0927387925426
 20
-1191.5477241157741
 10
626.9750797978696
 20
-1191.457441193783
 10
626.84999985607
 20
-1191.377756482639
 10
626.7184509010262
 20
-1191.3092764311086
 10
626.5814340997176
 20
-1191.2525222137338
 10
626.4399922327351
 20
-1191.2079257643773
 10
626.2952017580913
 20
-1191.1758264889472
 10
626.1481646187252
 20
-1191.1564686823115
 10
625.9999998560509
 20
-1191.1499996690675
 10
625.8518350933765
 20
-1191.1564686823115
 10
625.7047979540105
 20
-1191.1758264889472
 10
625.5600074793666
 20
-1191.2079257643773
 10
625.4185656123841
 20
-1191.2525222137338
 10
625.2815488110755
 20
-1191.3092764311086
 10
625.1499998560317
 20
-1191.377756482639
 10
625.0249199142321
 20
-1191.457441193783
 10
624.9072609195591
 20
-1191.5477241157741
 10
624.7979183280066
 20
-1191.6479181410614
 10
624.6977243027193
 20
-1191.757260732614
 10
624.6074413807281
 20
-1191.8749197272869
 10
624.527756669584
 20
-1191.9999996690865
 10
624.4592766180538
 20
-1192.1315486241303
 10
624.4025224006788
 20
-1192.268565425439
 10
624.3579259513224
 20
-1192.4100072924216
 10
624.3258266758924
 20
-1192.5547977670653
 10
624.3064688692567
 20
-1192.7018349064313
 10
624.2999998560125
 20
-1192.8499996691057
 10
624.3064688692567
 20
-1192.9981644317802
 10
624.3258266758924
 20
-1193.1452015711461
 10
624.3579259513224
 20
-1193.2899920457899
 10
624.4025224006788
 20
-1193.4314339127725
 10
624.4592766180538
 20
-1193.568450714081
 10
624.527756669584
 20
-1193.699999669125
 10
624.6074413807281
 20
-1193.8250796109246
 10
624.6977243027193
 20
-1193.9427386055975
 10
624.7979183280066
 20
-1194.05208119715
 10
624.9072609195591
 20
-1194.1522752224373
 10
625.0249199142321
 20
-1194.2425581444284
 10
625.1499998560317
 20
-1194.3222428555725
 10
625.2815488110755
 20
-1194.3907229071028
 10
625.4185656123841
 20
-1194.4474771244777
 10
625.5600074793666
 20
-1194.4920735738342
 10
625.7047979540105
 20
-1194.5241728492642
 10
625.8518350933765
 20
-1194.5435306559
 10
625.9999998560509
 20
-1194.549999669144
 10
626.1481646187252
 20
-1194.5435306559
 10
626.2952017580913
 20
-1194.5241728492642
 10
626.4399922327351
 20
-1194.4920735738342
 10
626.5814340997176
 20
-1194.4474771244777
 10
626.7184509010262
 20
-1194.3907229071028
 10
626.84999985607
 20
-1194.3222428555725
 10
626.9750797978696
 20
-1194.2425581444284
 10
627.0927387925426
 20
-1194.1522752224373
 10
627.2020813840951
 20
-1194.05208119715
 10
627.3022754093824
 20
-1193.9427386055975
 10
627.3925583313736
 20
-1193.8250796109246
 10
627.4722430425177
 20
-1193.699999669125
 10
627.540723094048
 20
-1193.568450714081
 10
627.597477311423
 20
-1193.4314339127725
 10
627.6420737607793
 20
-1193.2899920457899
 10
627.6741730362094
 20
-1193.1452015711461
 10
627.693530842845
 20
-1192.9981644317802
  0
LWPOLYLINE
  5
1F3
330
17
100
AcDbEntity
  8
REFERENCE_GEOMETRY
100
AcDbPolyline
 90
72
 70
1
 10
627.6999999499038
 20
-1004.8500000128872
 10
627.6935309366596
 20
-1004.7018352502129
 10
627.674173130024
 20
-1004.5547981108468
 10
627.642073854594
 20
-1004.410007636203
 10
627.5974774052376
 20
-1004.2685657692205
 10
627.5407231878626
 20
-1004.1315489679118
 10
627.4722431363323
 20
-1004.0000000128681
 10
627.3925584251882
 20
-1003.8749200710685
 10
627.302275503197
 20
-1003.7572610763955
 10
627.2020814779097
 20
-1003.647918484843
 10
627.0927388863572
 20
-1003.5477244595556
 10
626.9750798916842
 20
-1003.4574415375645
 10
626.8499999498846
 20
-1003.3777568264204
 10
626.7184509948409
 20
-1003.3092767748901
 10
626.5814341935322
 20
-1003.2525225575151
 10
626.4399923265497
 20
-1003.2079261081587
 10
626.2952018519059
 20
-1003.1758268327287
 10
626.1481647125398
 20
-1003.1564690260931
 10
625.9999999498655
 20
-1003.1500000128489
 10
625.8518351871911
 20
-1003.1564690260931
 10
625.7047980478251
 20
-1003.1758268327287
 10
625.5600075731812
 20
-1003.2079261081587
 10
625.4185657061987
 20
-1003.2525225575151
 10
625.2815489048901
 20
-1003.3092767748901
 10
625.1499999498463
 20
-1003.3777568264204
 10
625.0249200080467
 20
-1003.4574415375645
 10
624.9072610133737
 20
-1003.5477244595556
 10
624.7979184218212
 20
-1003.647918484843
 10
624.6977243965339
 20
-1003.7572610763955
 10
624.6074414745427
 20
-1003.8749200710685
 10
624.5277567633987
 20
-1004.0000000128681
 10
624.4592767118684
 20
-1004.1315489679118
 10
624.4025224944934
 20
-1004.2685657692205
 10
624.357926045137
 20
-1004.410007636203
 10
624.325826769707
 20
-1004.5547981108468
 10
624.3064689630713
 20
-1004.7018352502129
 10
624.2999999498271
 20
-1004.8500000128872
 10
624.3064689630713
 20
-1004.9981647755616
 10
624.325826769707
 20
-1005.1452019149276
 10
624.357926045137
 20
-1005.2899923895715
 10
624.4025224944934
 20
-1005.431434256554
 10
624.4592767118684
 20
-1005.5684510578626
 10
624.5277567633987
 20
-1005.7000000129063
 10
624.6074414745427
 20
-1005.825079954706
 10
624.6977243965339
 20
-1005.942738949379
 10
624.7979184218212
 20
-1006.0520815409315
 10
624.9072610133737
 20
-1006.1522755662188
 10
625.0249200080467
 20
-1006.24255848821
 10
625.1499999498463
 20
-1006.322243199354
 10
625.2815489048901
 20
-1006.3907232508843
 10
625.4185657061987
 20
-1006.4474774682593
 10
625.5600075731812
 20
-1006.4920739176157
 10
625.7047980478251
 20
-1006.5241731930457
 10
625.8518351871911
 20
-1006.5435309996814
 10
625.9999999498655
 20
-1006.5500000129256
 10
626.1481647125398
 20
-1006.5435309996814
 10
626.2952018519059
 20
-1006.5241731930457
 10
626.4399923265497
 20
-1006.4920739176157
 10
626.5814341935322
 20
-1006.4474774682593
 10
626.7184509948409
 20
-1006.3907232508843
 10
626.8499999498846
 20
-1006.322243199354
 10
626.9750798916842
 20
-1006.24255848821
 10
627.0927388863572
 20
-1006.1522755662188
 10
627.2020814779097
 20
-1006.0520815409315
 10
627.302275503197
 20
-1005.942738949379
 10
627.3925584251882
 20
-1005.825079954706
 10
627.4722431363323
 20
-1005.7000000129063
 10
627.5407231878626
 20
-1005.5684510578626
 10
627.5974774052376
 20
-1005.431434256554
 10
627.642073854594
 20
-1005.2899923895715
 10
627.674173130024
 20
-1005.1452019149276
 10
627.6935309366596
 20
-1004.9981647755616
  0
LWPOLYLINE
  5
1F4
330
17
100
AcDbEntity
  8
REFERENCE_GEOMETRY
100
AcDbPolyline
 90
72
 70
1
 10
583.6999999043504
 20
-1192.9999998996018
 10
583.6935308911064
 20
-1192.8518351369335
 10
583.6741730844716
 20
-1192.7047979975732
 10
583.6420738090428
 20
-1192.5600075229354
 10
583.5974773596882
 20
-1192.4185656559584
 10
583.5407231423155
 20
-1192.2815488546553
 10
583.472243090788
 20
-1192.149999899617
 10
583.3925583796471
 20
-1192.0249199578222
 10
583.3022754576597
 20
-1191.907260963154
 10
583.2020814323763
 20
-1191.7979183716059
 10
583.0927388408282
 20
-1191.6977243463225
 10
582.97507984616
 20
-1191.607441424335
 10
582.8499999043654
 20
-1191.5277567131943
 10
582.718450949327
 20
-1191.4592766616668
 10
582.5814341480238
 20
-1191.4025224442942
 10
582.439992281047
 20
-1191.3579259949395
 10
582.2952018064091
 20
-1191.3258267195108
 10
582.148164667049
 20
-1191.3064689128757
 10
581.9999999043805
 20
-1191.299999899632
 10
581.8518351417121
 20
-1191.3064689128757
 10
581.7047980023519
 20
-1191.3258267195108
 10
581.560007527714
 20
-1191.3579259949395
 10
581.4185656607372
 20
-1191.4025224442942
 10
581.281548859434
 20
-1191.4592766616668
 10
581.1499999043956
 20
-1191.5277567131943
 10
581.024919962601
 20
-1191.607441424335
 10
580.9072609679328
 20
-1191.6977243463225
 10
580.7979183763847
 20
-1191.7979183716059
 10
580.6977243511013
 20
-1191.907260963154
 10
580.6074414291139
 20
-1192.0249199578222
 10
580.527756717973
 20
-1192.149999899617
 10
580.4592766664455
 20
-1192.2815488546553
 10
580.4025224490728
 20
-1192.4185656559584
 10
580.3579259997182
 20
-1192.5600075229354
 10
580.3258267242894
 20
-1192.7047979975732
 10
580.3064689176546
 20
-1192.8518351369335
 10
580.2999999044106
 20
-1192.9999998996018
 10
580.3064689176546
 20
-1193.1481646622701
 10
580.3258267242894
 20
-1193.2952018016304
 10
580.3579259997182
 20
-1193.4399922762682
 10
580.4025224490728
 20
-1193.5814341432451
 10
580.4592766664455
 20
-1193.7184509445483
 10
580.527756717973
 20
-1193.8499998995867
 10
580.6074414291139
 20
-1193.9750798413813
 10
580.6977243511013
 20
-1194.0927388360496
 10
580.7979183763847
 20
-1194.2020814275977
 10
580.9072609679328
 20
-1194.302275452881
 10
581.024919962601
 20
-1194.3925583748685
 10
581.1499999043956
 20
-1194.4722430860093
 10
581.281548859434
 20
-1194.5407231375368
 10
581.4185656607372
 20
-1194.5974773549094
 10
581.560007527714
 20
-1194.642073804264
 10
581.7047980023519
 20
-1194.6741730796928
 10
581.8518351417121
 20
-1194.6935308863278
 10
581.9999999043805
 20
-1194.6999998995716
 10
582.148164667049
 20
-1194.6935308863278
 10
582.2952018064091
 20
-1194.6741730796928
 10
582.439992281047
 20
-1194.642073804264
 10
582.5814341480238
 20
-1194.5974773549094
 10
582.718450949327
 20
-1194.5407231375368
 10
582.8499999043654
 20
-1194.4722430860093
 10
582.97507984616
 20
-1194.3925583748685
 10
583.0927388408282
 20
-1194.302275452881
 10
583.2020814323763
 20
-1194.2020814275977
 10
583.3022754576597
 20
-1194.0927388360496
 10
583.3925583796471
 20
-1193.9750798413813
 10
583.472243090788
 20
-1193.8499998995867
 10
583.5407231423155
 20
-1193.7184509445483
 10
583.5974773596882
 20
-1193.5814341432451
 10
583.6420738090428
 20
-1193.4399922762682
 10
583.6741730844716
 20
-1193.2952018016304
 10
583.6935308911064
 20
-1193.1481646622701
  0
LWPOLYLINE
  5
1F5
330
17
100
AcDbEntity
  8
REFERENCE_GEOMETRY
100
AcDbPolyline
 90
72
 70
1
 10
583.6999996450398
 20
-1117.3499994069457
 10
583.6935306317946
 20
-1117.2018346442474
 10
583.6741728251559
 20
-1117.0547975048578
 10
583.6420735497206
 20
-1116.9100070301906
 10
583.5974771003571
 20
-1116.7685651631853
 10
583.5407228829729
 20
-1116.6315483618546
 10
583.4722428314316
 20
-1116.4999994067896
 10
583.3925581202747
 20
-1116.3749194649697
 10
583.3022751982691
 20
-1116.257260470278
 10
583.2020811729656
 20
-1116.1479178787079
 10
583.0927385813955
 20
-1116.0477238534042
 10
582.9750795867035
 20
-1115.9574409313987
 10
582.8499996448837
 20
-1115.8777562202417
 10
582.7184506898187
 20
-1115.8092761687003
 10
582.581433888488
 20
-1115.752521951316
 10
582.4399920214827
 20
-1115.7079255019526
 10
582.2952015468156
 20
-1115.6758262265175
 10
582.1481644074258
 20
-1115.6564684198786
 10
581.9999996447276
 20
-1115.6499994066335
 10
581.8518348820294
 20
-1115.6564684198786
 10
581.7047977426396
 20
-1115.6758262265175
 10
581.5600072679725
 20
-1115.7079255019526
 10
581.4185654009672
 20
-1115.752521951316
 10
581.2815485996365
 20
-1115.8092761687003
 10
581.1499996445715
 20
-1115.8777562202417
 10
581.0249197027517
 20
-1115.9574409313987
 10
580.9072607080598
 20
-1116.0477238534042
 10
580.7979181164897
 20
-1116.1479178787079
 10
580.6977240911862
 20
-1116.257260470278
 10
580.6074411691806
 20
-1116.3749194649697
 10
580.5277564580236
 20
-1116.4999994067896
 10
580.4592764064823
 20
-1116.6315483618546
 10
580.4025221890981
 20
-1116.7685651631853
 10
580.3579257397346
 20
-1116.9100070301906
 10
580.3258264642993
 20
-1117.0547975048578
 10
580.3064686576606
 20
-1117.2018346442474
 10
580.2999996444154
 20
-1117.3499994069457
 10
580.3064686576606
 20
-1117.498164169644
 10
580.3258264642993
 20
-1117.6452013090336
 10
580.3579257397346
 20
-1117.7899917837008
 10
580.4025221890981
 20
-1117.9314336507061
 10
580.4592764064823
 20
-1118.0684504520368
 10
580.5277564580236
 20
-1118.1999994071018
 10
580.6074411691806
 20
-1118.3250793489217
 10
580.6977240911862
 20
-1118.4427383436134
 10
580.7979181164897
 20
-1118.5520809351835
 10
580.9072607080598
 20
-1118.6522749604871
 10
581.0249197027517
 20
-1118.7425578824927
 10
581.1499996445715
 20
-1118.8222425936497
 10
581.2815485996365
 20
-1118.890722645191
 10
581.4185654009672
 20
-1118.9474768625753
 10
581.5600072679725
 20
-1118.9920733119388
 10
581.7047977426396
 20
-1119.0241725873739
 10
581.8518348820294
 20
-1119.0435303940128
 10
581.9999996447276
 20
-1119.049999407258
 10
582.1481644074258
 20
-1119.0435303940128
 10
582.2952015468156
 20
-1119.0241725873739
 10
582.4399920214827
 20
-1118.9920733119388
 10
582.581433888488
 20
-1118.9474768625753
 10
582.7184506898187
 20
-1118.890722645191
 10
582.8499996448837
 20
-1118.8222425936497
 10
582.9750795867035
 20
-1118.7425578824927
 10
583.0927385813955
 20
-1118.6522749604871
 10
583.2020811729656
 20
-1118.5520809351835
 10
583.3022751982691
 20
-1118.4427383436134
 10
583.3925581202747
 20
-1118.3250793489217
 10
583.4722428314316
 20
-1118.1999994071018
 10
583.5407228829729
 20
-1118.0684504520368
 10
583.5974771003571
 20
-1117.9314336507061
 10
583.6420735497206
 20
-1117.7899917837008
 10
583.6741728251559
 20
-1117.6452013090336
 10
583.6935306317946
 20
-1117.498164169644
  0
LWPOLYLINE
  5
1F6
330
17
100
AcDbEntity
  8
REFERENCE_GEOMETRY
100
AcDbPolyline
 90
72
 70
1
 10
567.699999761021
 20
-1192.8499996262603
 10
567.693530747776
 20
-1192.7018348635681
 10
567.6741729411381
 20
-1192.5547977241843
 10
567.6420736657041
 20
-1192.410007249523
 10
567.5974772163423
 20
-1192.2685653825233
 10
567.5407229989604
 20
-1192.131548581198
 10
567.4722429474218
 20
-1191.9999996261386
 10
567.3925582362682
 20
-1191.8749196843237
 10
567.3022753142662
 20
-1191.7572606896365
 10
567.2020812889667
 20
-1191.647918098071
 10
567.092738697401
 20
-1191.5477240727714
 10
566.9750797027139
 20
-1191.4574411507695
 10
566.8499997608991
 20
-1191.3777564396157
 10
566.7184508058394
 20
-1191.309276388077
 10
566.5814340045142
 20
-1191.252522170695
 10
566.4399921375145
 20
-1191.2079257213334
 10
566.2952016628533
 20
-1191.1758264458995
 10
566.1481645234695
 20
-1191.1564686392614
 10
565.9999997607772
 20
-1191.1499996260166
 10
565.8518349980849
 20
-1191.1564686392614
 10
565.7047978587011
 20
-1191.1758264458995
 10
565.5600073840399
 20
-1191.2079257213334
 10
565.4185655170402
 20
-1191.252522170695
 10
565.281548715715
 20
-1191.309276388077
 10
565.1499997606553
 20
-1191.3777564396157
 10
565.0249198188405
 20
-1191.4574411507695
 10
564.9072608241534
 20
-1191.5477240727714
 10
564.7979182325877
 20
-1191.647918098071
 10
564.6977242072882
 20
-1191.7572606896365
 10
564.6074412852862
 20
-1191.8749196843237
 10
564.5277565741326
 20
-1191.9999996261386
 10
564.459276522594
 20
-1192.131548581198
 10
564.4025223052121
 20
-1192.2685653825233
 10
564.3579258558503
 20
-1192.410007249523
 10
564.3258265804163
 20
-1192.5547977241843
 10
564.3064687737784
 20
-1192.7018348635681
 10
564.2999997605334
 20
-1192.8499996262603
 10
564.3064687737784
 20
-1192.9981643889525
 10
564.3258265804163
 20
-1193.1452015283364
 10
564.3579258558503
 20
-1193.2899920029977
 10
564.4025223052121
 20
-1193.4314338699974
 10
564.459276522594
 20
-1193.5684506713226
 10
564.5277565741326
 20
-1193.6999996263821
 10
564.6074412852862
 20
-1193.825079568197
 10
564.6977242072882
 20
-1193.9427385628842
 10
564.7979182325877
 20
-1194.0520811544498
 10
564.9072608241534
 20
-1194.1522751797493
 10
565.0249198188405
 20
-1194.2425581017512
 10
565.1499997606553
 20
-1194.322242812905
 10
565.281548715715
 20
-1194.3907228644437
 10
565.4185655170402
 20
-1194.4474770818256
 10
565.5600073840399
 20
-1194.4920735311873
 10
565.7047978587011
 20
-1194.5241728066212
 10
565.8518349980849
 20
-1194.5435306132592
 10
565.9999997607772
 20
-1194.5499996265041
 10
566.1481645234695
 20
-1194.5435306132592
 10
566.2952016628533
 20
-1194.5241728066212
 10
566.4399921375145
 20
-1194.4920735311873
 10
566.5814340045142
 20
-1194.4474770818256
 10
566.7184508058394
 20
-1194.3907228644437
 10
566.8499997608991
 20
-1194.322242812905
 10
566.9750797027139
 20
-1194.2425581017512
 10
567.092738697401
 20
-1194.1522751797493
 10
567.2020812889667
 20
-1194.0520811544498
 10
567.3022753142662
 20
-1193.9427385628842
 10
567.3925582362682
 20
-1193.825079568197
 10
567.4722429474218
 20
-1193.6999996263821
 10
567.5407229989604
 20
-1193.5684506713226
 10
567.5974772163423
 20
-1193.4314338699974
 10
567.6420736657041
 20
-1193.2899920029977
 10
567.6741729411381
 20
-1193.1452015283364
 10
567.693530747776
 20
-1192.9981643889525
  0
LWPOLYLINE
  5
1F7
330
17
100
AcDbEntity
  8
REFERENCE_GEOMETRY
100
AcDbPolyline
 90
72
 70
1
 10
567.7000000670494
 20
-1004.8500001292692
 10
567.6935310538057
 20
-1004.7018353666068
 10
567.6741732471717
 20
-1004.5547982272526
 10
567.6420739717441
 20
-1004.4100077526205
 10
567.5974775223914
 20
-1004.2685658856493
 10
567.540723305021
 20
-1004.1315490843517
 10
567.4722432534961
 20
-1004.0000001293186
 10
567.3925585423585
 20
-1003.874920187529
 10
567.3022756203748
 20
-1003.7572611928655
 10
567.2020815950954
 20
-1003.6479186013219
 10
567.0927390035517
 20
-1003.5477245760425
 10
566.9750800088882
 20
-1003.4574416540587
 10
566.8500000670987
 20
-1003.3777569429211
 10
566.7184511120655
 20
-1003.3092768913963
 10
566.5814343107679
 20
-1003.2525226740258
 10
566.4399924437968
 20
-1003.2079262246731
 10
566.2952019691646
 20
-1003.1758269492456
 10
566.1481648298104
 20
-1003.1564691426115
 10
566.000000067148
 20
-1003.1500001293679
 10
565.8518353044856
 20
-1003.1564691426115
 10
565.7047981651314
 20
-1003.1758269492456
 10
565.5600076904992
 20
-1003.2079262246731
 10
565.4185658235281
 20
-1003.2525226740258
 10
565.2815490222305
 20
-1003.3092768913963
 10
565.1500000671973
 20
-1003.3777569429211
 10
565.0249201254078
 20
-1003.4574416540587
 10
564.9072611307442
 20
-1003.5477245760425
 10
564.7979185392006
 20
-1003.6479186013219
 10
564.6977245139212
 20
-1003.7572611928655
 10
564.6074415919375
 20
-1003.874920187529
 10
564.5277568807999
 20
-1004.0000001293186
 10
564.459276829275
 20
-1004.1315490843517
 10
564.4025226119046
 20
-1004.2685658856493
 10
564.3579261625518
 20
-1004.4100077526205
 10
564.3258268871243
 20
-1004.5547982272526
 10
564.3064690804903
 20
-1004.7018353666068
 10
564.3000000672466
 20
-1004.8500001292692
 10
564.3064690804903
 20
-1004.9981648919317
 10
564.3258268871243
 20
-1005.1452020312859
 10
564.3579261625518
 20
-1005.289992505918
 10
564.4025226119046
 20
-1005.4314343728892
 10
564.459276829275
 20
-1005.5684511741867
 10
564.5277568807999
 20
-1005.7000001292199
 10
564.6074415919375
 20
-1005.8250800710094
 10
564.6977245139212
 20
-1005.942739065673
 10
564.7979185392006
 20
-1006.0520816572166
 10
564.9072611307442
 20
-1006.152275682496
 10
565.0249201254078
 20
-1006.2425586044798
 10
565.1500000671973
 20
-1006.3222433156174
 10
565.2815490222305
 20
-1006.3907233671422
 10
565.4185658235281
 20
-1006.4474775845126
 10
565.5600076904992
 20
-1006.4920740338654
 10
565.7047981651314
 20
-1006.5241733092929
 10
565.8518353044856
 20
-1006.543531115927
 10
566.000000067148
 20
-1006.5500001291706
 10
566.1481648298104
 20
-1006.543531115927
 10
566.2952019691646
 20
-1006.5241733092929
 10
566.4399924437968
 20
-1006.4920740338654
 10
566.5814343107679
 20
-1006.4474775845126
 10
566.7184511120655
 20
-1006.3907233671422
 10
566.8500000670987
 20
-1006.3222433156174
 10
566.9750800088882
 20
-1006.2425586044798
 10
567.0927390035517
 20
-1006.152275682496
 10
567.2020815950954
 20
-1006.0520816572166
 10
567.3022756203748
 20
-1005.942739065673
 10
567.3925585423585
 20
-1005.8250800710094
 10
567.4722432534961
 20
-1005.7000001292199
 10
567.540723305021
 20
-1005.5684511741867
 10
567.5974775223914
 20
-1005.4314343728892
 10
567.6420739717441
 20
-1005.289992505918
 10
567.6741732471717
 20
-1005.1452020312859
 10
567.6935310538057
 20
-1004.9981648919317
  0
LWPOLYLINE
  5
1F8
330
17
100
AcDbEntity
  8
REFERENCE_GEOMETRY
100
AcDbPolyline
 90
72
 70
1
 10
523.6999999461888
 20
-1192.999999926099
 10
523.6935309329443
 20
-1192.8518351634186
 10
523.6741731263079
 20
-1192.7047980240466
 10
523.6420738508766
 20
-1192.5600075493971
 10
523.5974774015184
 20
-1192.4185656824088
 10
523.5407231841411
 20
-1192.2815488810947
 10
523.472243132608
 20
-1192.1499999260457
 10
523.3925584214608
 20
-1192.024919984241
 10
523.3022754994661
 20
-1191.9072609895632
 10
523.2020814741746
 20
-1191.7979183980062
 10
523.0927388826177
 20
-1191.697724372715
 10
522.9750798879401
 20
-1191.6074414507202
 10
522.8499999461354
 20
-1191.5277567395729
 10
522.7184509910863
 20
-1191.4592766880398
 10
522.5814341897722
 20
-1191.4025224706627
 10
522.439992322784
 20
-1191.3579260213044
 10
522.2952018481343
 20
-1191.325826745873
 10
522.1481647087624
 20
-1191.3064689392365
 10
521.999999946082
 20
-1191.299999925992
 10
521.8518351834016
 20
-1191.3064689392365
 10
521.7047980440296
 20
-1191.325826745873
 10
521.56000756938
 20
-1191.3579260213044
 10
521.4185657023918
 20
-1191.4025224706627
 10
521.2815489010776
 20
-1191.4592766880398
 10
521.1499999460285
 20
-1191.5277567395729
 10
521.0249200042239
 20
-1191.6074414507202
 10
520.9072610095462
 20
-1191.697724372715
 10
520.7979184179893
 20
-1191.7979183980062
 10
520.6977243926979
 20
-1191.9072609895632
 10
520.6074414707032
 20
-1192.024919984241
 10
520.5277567595559
 20
-1192.1499999260457
 10
520.4592767080228
 20
-1192.2815488810947
 10
520.4025224906455
 20
-1192.4185656824088
 10
520.3579260412873
 20
-1192.5600075493971
 10
520.325826765856
 20
-1192.7047980240466
 10
520.3064689592196
 20
-1192.8518351634186
 10
520.2999999459752
 20
-1192.999999926099
 10
520.3064689592196
 20
-1193.1481646887794
 10
520.325826765856
 20
-1193.2952018281514
 10
520.3579260412873
 20
-1193.4399923028009
 10
520.4025224906455
 20
-1193.5814341697892
 10
520.4592767080228
 20
-1193.7184509711033
 10
520.5277567595559
 20
-1193.8499999261523
 10
520.6074414707032
 20
-1193.975079867957
 10
520.6977243926979
 20
-1194.0927388626349
 10
520.7979184179893
 20
-1194.2020814541918
 10
520.9072610095462
 20
-1194.3022754794831
 10
521.0249200042239
 20
-1194.3925584014778
 10
521.1499999460285
 20
-1194.4722431126252
 10
521.2815489010776
 20
-1194.5407231641582
 10
521.4185657023918
 20
-1194.5974773815353
 10
521.56000756938
 20
-1194.6420738308937
 10
521.7047980440296
 20
-1194.674173106325
 10
521.8518351834016
 20
-1194.6935309129615
 10
521.999999946082
 20
-1194.699999926206
 10
522.1481647087624
 20
-1194.6935309129615
 10
522.2952018481343
 20
-1194.674173106325
 10
522.439992322784
 20
-1194.6420738308937
 10
522.5814341897722
 20
-1194.5974773815353
 10
522.7184509910863
 20
-1194.5407231641582
 10
522.8499999461354
 20
-1194.4722431126252
 10
522.9750798879401
 20
-1194.3925584014778
 10
523.0927388826177
 20
-1194.3022754794831
 10
523.2020814741746
 20
-1194.2020814541918
 10
523.3022754994661
 20
-1194.0927388626349
 10
523.3925584214608
 20
-1193.975079867957
 10
523.472243132608
 20
-1193.8499999261523
 10
523.5407231841411
 20
-1193.7184509711033
 10
523.5974774015184
 20
-1193.5814341697892
 10
523.6420738508766
 20
-1193.4399923028009
 10
523.6741731263079
 20
-1193.2952018281514
 10
523.6935309329443
 20
-1193.1481646887794
  0
LWPOLYLINE
  5
1F9
330
17
100
AcDbEntity
  8
REFERENCE_GEOMETRY
100
AcDbPolyline
 90
72
 70
1
 10
523.6999998399126
 20
-1117.349999555141
 10
523.6935308266674
 20
-1117.2018347924427
 10
523.6741730200287
 20
-1117.0547976530531
 10
523.6420737445934
 20
-1116.910007178386
 10
523.5974772952299
 20
-1116.7685653113806
 10
523.5407230778457
 20
-1116.63154851005
 10
523.4722430263043
 20
-1116.499999554985
 10
523.3925583151474
 20
-1116.374919613165
 10
523.3022753931418
 20
-1116.2572606184733
 10
523.2020813678383
 20
-1116.1479180269032
 10
523.0927387762682
 20
-1116.0477240015996
 10
522.9750797815763
 20
-1115.957441079594
 10
522.8499998397565
 20
-1115.877756368437
 10
522.7184508846915
 20
-1115.8092763168956
 10
522.5814340833608
 20
-1115.7525220995115
 10
522.4399922163554
 20
-1115.707925650148
 10
522.2952017416884
 20
-1115.6758263747129
 10
522.1481646022986
 20
-1115.656468568074
 10
521.9999998396004
 20
-1115.6499995548288
 10
521.8518350769021
 20
-1115.656468568074
 10
521.7047979375124
 20
-1115.6758263747129
 10
521.5600074628453
 20
-1115.707925650148
 10
521.4185655958399
 20
-1115.7525220995115
 10
521.2815487945093
 20
-1115.8092763168956
 10
521.1499998394443
 20
-1115.877756368437
 10
521.0249198976245
 20
-1115.957441079594
 10
520.9072609029325
 20
-1116.0477240015996
 10
520.7979183113624
 20
-1116.1479180269032
 10
520.6977242860589
 20
-1116.2572606184733
 10
520.6074413640533
 20
-1116.374919613165
 10
520.5277566528964
 20
-1116.499999554985
 10
520.4592766013551
 20
-1116.63154851005
 10
520.4025223839709
 20
-1116.7685653113806
 10
520.3579259346074
 20
-1116.910007178386
 10
520.3258266591721
 20
-1117.0547976530531
 10
520.3064688525334
 20
-1117.2018347924427
 10
520.2999998392881
 20
-1117.349999555141
 10
520.3064688525334
 20
-1117.4981643178394
 10
520.3258266591721
 20
-1117.645201457229
 10
520.3579259346074
 20
-1117.789991931896
 10
520.4025223839709
 20
-1117.9314337989015
 10
520.4592766013551
 20
-1118.0684506002322
 10
520.5277566528964
 20
-1118.1999995552972
 10
520.6074413640533
 20
-1118.325079497117
 10
520.6977242860589
 20
-1118.4427384918088
 10
520.7979183113624
 20
-1118.5520810833789
 10
520.9072609029325
 20
-1118.6522751086825
 10
521.0249198976245
 20
-1118.742558030688
 10
521.1499998394443
 20
-1118.822242741845
 10
521.2815487945093
 20
-1118.8907227933864
 10
521.4185655958399
 20
-1118.9474770107706
 10
521.5600074628453
 20
-1118.9920734601342
 10
521.7047979375124
 20
-1119.0241727355692
 10
521.8518350769021
 20
-1119.0435305422081
 10
521.9999998396004
 20
-1119.0499995554533
 10
522.1481646022986
 20
-1119.0435305422081
 10
522.2952017416884
 20
-1119.0241727355692
 10
522.4399922163554
 20
-1118.9920734601342
 10
522.5814340833608
 20
-1118.9474770107706
 10
522.7184508846915
 20
-1118.8907227933864
 10
522.8499998397565
 20
-1118.822242741845
 10
522.9750797815763
 20
-1118.742558030688
 10
523.0927387762682
 20
-1118.6522751086825
 10
523.2020813678383
 20
-1118.5520810833789
 10
523.3022753931418
 20
-1118.4427384918088
 10
523.3925583151474
 20
-1118.325079497117
 10
523.4722430263043
 20
-1118.1999995552972
 10
523.5407230778457
 20
-1118.0684506002322
 10
523.5974772952299
 20
-1117.9314337989015
 10
523.6420737445934
 20
-1117.789991931896
 10
523.6741730200287
 20
-1117.645201457229
 10
523.6935308266674
 20
-1117.4981643178394
  0
LWPOLYLINE
  5
1FA
330
17
100
AcDbEntity
  8
REFERENCE_GEOMETRY
100
AcDbPolyline
 90
72
 70
1
 10
507.70000009544975
 20
-1192.8499999880241
 10
507.6935310822053
 20
-1192.7018352253438
 10
507.6741732755689
 20
-1192.5547980859717
 10
507.6420740001375
 20
-1192.4100076113223
 10
507.59747755077933
 20
-1192.268565744334
 10
507.540723333402
 20
-1192.1315489430199
 10
507.47224328186894
 20
-1191.9999999879708
 10
507.3925585707217
 20
-1191.8749200461662
 10
507.302275648727
 20
-1191.7572610514883
 10
507.20208162343556
 20
-1191.6479184599314
 10
507.0927390318787
 20
-1191.54772443464
 10
506.97508003720094
 20
-1191.4574415126453
 10
506.8500000953963
 20
-1191.377756801498
 10
506.7184511403472
 20
-1191.309276749965
 10
506.5814343390331
 20
-1191.2525225325878
 10
506.4399924720448
 20
-1191.2079260832295
 10
506.2952019973952
 20
-1191.175826807798
 10
506.1481648580232
 20
-1191.1564690011617
 10
506.0000000953429
 20
-1191.1499999879172
 10
505.8518353326626
 20
-1191.1564690011617
 10
505.70479819329057
 20
-1191.175826807798
 10
505.560007718641
 20
-1191.2079260832295
 10
505.4185658516527
 20
-1191.2525225325878
 10
505.2815490503386
 20
-1191.309276749965
 10
505.1500000952895
 20
-1191.377756801498
 10
505.02492015348486
 20
-1191.4574415126453
 10
504.9072611588071
 20
-1191.54772443464
 10
504.79791856725024
 20
-1191.6479184599314
 10
504.6977245419588
 20
-1191.7572610514883
 10
504.6074416199641
 20
-1191.8749200461662
 10
504.52775690881685
 20
-1191.9999999879708
 10
504.4592768572838
 20
-1192.1315489430199
 10
504.40252263990646
 20
-1192.268565744334
 10
504.3579261905483
 20
-1192.4100076113223
 10
504.3258269151169
 20
-1192.5547980859717
 10
504.3064691084805
 20
-1192.7018352253438
 10
504.30000009523604
 20
-1192.8499999880241
 10
504.3064691084805
 20
-1192.9981647507045
 10
504.3258269151169
 20
-1193.1452018900766
 10
504.3579261905483
 20
-1193.289992364726
 10
504.40252263990646
 20
-1193.4314342317143
 10
504.4592768572838
 20
-1193.5684510330284
 10
504.52775690881685
 20
-1193.6999999880775
 10
504.6074416199641
 20
-1193.8250799298821
 10
504.6977245419588
 20
-1193.94273892456
 10
504.79791856725024
 20
-1194.052081516117
 10
504.9072611588071
 20
-1194.1522755414082
 10
505.02492015348486
 20
-1194.242558463403
 10
505.1500000952895
 20
-1194.3222431745503
 10
505.2815490503386
 20
-1194.3907232260833
 10
505.4185658516527
 20
-1194.4474774434605
 10
505.560007718641
 20
-1194.4920738928188
 10
505.70479819329057
 20
-1194.5241731682502
 10
505.8518353326626
 20
-1194.5435309748866
 10
506.0000000953429
 20
-1194.549999988131
 10
506.1481648580232
 20
-1194.5435309748866
 10
506.2952019973952
 20
-1194.5241731682502
 10
506.4399924720448
 20
-1194.4920738928188
 10
506.5814343390331
 20
-1194.4474774434605
 10
506.7184511403472
 20
-1194.3907232260833
 10
506.8500000953963
 20
-1194.3222431745503
 10
506.97508003720094
 20
-1194.242558463403
 10
507.0927390318787
 20
-1194.1522755414082
 10
507.20208162343556
 20
-1194.052081516117
 10
507.302275648727
 20
-1193.94273892456
 10
507.3925585707217
 20
-1193.8250799298821
 10
507.47224328186894
 20
-1193.6999999880775
 10
507.540723333402
 20
-1193.5684510330284
 10
507.59747755077933
 20
-1193.4314342317143
 10
507.6420740001375
 20
-1193.289992364726
 10
507.6741732755689
 20
-1193.1452018900766
 10
507.6935310822053
 20
-1192.9981647507045
  0
LWPOLYLINE
  5
1FB
330
17
100
AcDbEntity
  8
REFERENCE_GEOMETRY
100
AcDbPolyline
 90
72
 70
1
 10
507.6999998833247
 20
-1004.8499999733666
 10
507.6935308700803
 20
-1004.7018352106862
 10
507.67417306344385
 20
-1004.5547980713143
 10
507.64207378801245
 20
-1004.4100075966646
 10
507.5974773386543
 20
-1004.2685657296764
 10
507.540723121277
 20
-1004.1315489283622
 10
507.4722430697439
 20
-1003.9999999733132
 10
507.39255835859666
 20
-1003.8749200315085
 10
507.302275436602
 20
-1003.7572610368309
 10
507.20208141131053
 20
-1003.647918445274
 10
507.09273881975366
 20
-1003.5477244199825
 10
506.9750798250759
 20
-1003.4574414979878
 10
506.84999988327127
 20
-1003.3777567868406
 10
506.7184509282222
 20
-1003.3092767353074
 10
506.58143412690805
 20
-1003.2525225179302
 10
506.4399922599198
 20
-1003.207926068572
 10
506.2952017852702
 20
-1003.1758267931407
 10
506.1481646458982
 20
-1003.1564689865043
 10
505.99999988321787
 20
-1003.1499999732598
 10
505.85183512053754
 20
-1003.1564689865043
 10
505.70479798116554
 20
-1003.1758267931407
 10
505.56000750651594
 20
-1003.207926068572
 10
505.4185656395277
 20
-1003.2525225179302
 10
505.28154883821355
 20
-1003.3092767353074
 10
505.14999988316447
 20
-1003.3777567868406
 10
505.0249199413598
 20
-1003.4574414979878
 10
504.9072609466821
 20
-1003.5477244199825
 10
504.7979183551252
 20
-1003.647918445274
 10
504.69772432983376
 20
-1003.7572610368309
 10
504.6074414078391
 20
-1003.8749200315085
 10
504.5277566966918
 20
-1003.9999999733132
 10
504.45927664515875
 20
-1004.1315489283622
 10
504.40252242778143
 20
-1004.2685657296764
 10
504.3579259784233
 20
-1004.4100075966646
 10
504.3258267029919
 20
-1004.5547980713143
 10
504.30646889635545
 20
-1004.7018352106862
 10
504.299999883111
 20
-1004.8499999733666
 10
504.30646889635545
 20
-1004.998164736047
 10
504.3258267029919
 20
-1005.1452018754189
 10
504.3579259784233
 20
-1005.2899923500686
 10
504.40252242778143
 20
-1005.4314342170568
 10
504.45927664515875
 20
-1005.568451018371
 10
504.5277566966918
 20
-1005.6999999734201
 10
504.6074414078391
 20
-1005.8250799152247
 10
504.69772432983376
 20
-1005.9427389099023
 10
504.7979183551252
 20
-1006.0520815014593
 10
504.9072609466821
 20
-1006.1522755267507
 10
505.0249199413598
 20
-1006.2425584487454
 10
505.14999988316447
 20
-1006.3222431598927
 10
505.28154883821355
 20
-1006.3907232114258
 10
505.4185656395277
 20
-1006.447477428803
 10
505.56000750651594
 20
-1006.4920738781612
 10
505.70479798116554
 20
-1006.5241731535925
 10
505.85183512053754
 20
-1006.543530960229
 10
505.99999988321787
 20
-1006.5499999734734
 10
506.1481646458982
 20
-1006.543530960229
 10
506.2952017852702
 20
-1006.5241731535925
 10
506.4399922599198
 20
-1006.4920738781612
 10
506.58143412690805
 20
-1006.447477428803
 10
506.7184509282222
 20
-1006.3907232114258
 10
506.84999988327127
 20
-1006.3222431598927
 10
506.9750798250759
 20
-1006.2425584487454
 10
507.09273881975366
 20
-1006.1522755267507
 10
507.20208141131053
 20
-1006.0520815014593
 10
507.302275436602
 20
-1005.9427389099023
 10
507.39255835859666
 20
-1005.8250799152247
 10
507.4722430697439
 20
-1005.6999999734201
 10
507.540723121277
 20
-1005.568451018371
 10
507.5974773386543
 20
-1005.4314342170568
 10
507.64207378801245
 20
-1005.2899923500686
 10
507.67417306344385
 20
-1005.1452018754189
 10
507.6935308700803
 20
-1004.998164736047
  0
DIMENSION
  5
1FC
330
17
100
AcDbEntity
  8
REFERENCE_DIMENSIONS
100
AcDbDimension
280
0
  2
*D21
  3
Standard
 10
480.0
 20
-1216.0
 30
0.0
 11
652.0
 21
-1216.0
 31
0.0
 70
32
 71
5
  1
<>
100
AcDbAlignedDimension
 13
480.0
 23
-1200.0
 33
0.0
 14
824.0
 24
-1200.0
 34
0.0
 50
0.0
100
AcDbRotatedDimension
1001
ACAD
1000
DSTYLE
1002
{
1070
140
1040
3.0
1070
41
1040
2.0
1070
271
1070
3
1002
}
  0
DIMENSION
  5
20C
330
17
100
AcDbEntity
  8
REFERENCE_DIMENSIONS
100
AcDbDimension
280
0
  2
*D22
  3
Standard
 10
840.0
 20
-1200.0
 30
0.0
 11
840.0
 21
-1098.85
 31
0.0
 70
32
 71
5
  1
<>
100
AcDbAlignedDimension
 13
824.0
 23
-1200.0
 33
0.0
 14
824.0
 24
-997.6999999999999
 34
0.0
 50
90.0
100
AcDbRotatedDimension
1001
ACAD
1000
DSTYLE
1002
{
1070
140
1040
3.0
1070
41
1040
2.0
1070
271
1070
3
1002
}
  0
TEXT
  5
21C
330
17
100
AcDbEntity
  8
REFERENCE_NOTES
100
AcDbText
 10
480.0
 20
-1234.0
 30
0.0
 40
3.0
  1
shear_web_1
100
AcDbText
  0
TEXT
  5
21D
330
17
100
AcDbEntity
  8
REFERENCE_NOTES
100
AcDbText
 10
480.0
 20
-1241.0
 30
0.0
 40
3.0
  1
R01 CANDIDATE | mm 1:1 | NOT FOR MANUFACTURE
100
AcDbText
  0
TEXT
  5
21E
330
17
100
AcDbEntity
  8
REFERENCE_NOTES
100
AcDbText
 10
480.0
 20
-1248.0
 30
0.0
 40
3.0
  1
344 x 202.3 x 2 mm
100
AcDbText
  0
TEXT
  5
21F
330
17
100
AcDbEntity
  8
REFERENCE_NOTES
100
AcDbText
 10
480.0
 20
-1255.0
 30
0.0
 40
3.0
  1
New 8 x D3.4: X=-130,-70,60,130
100
AcDbText
  0
TEXT
  5
220
330
17
100
AcDbEntity
  8
REFERENCE_NOTES
100
AcDbText
 10
480.0
 20
-1262.0
 30
0.0
 40
3.0
  1
New Z=-94.15 and -18.5
100
AcDbText
  0
TEXT
  5
221
330
17
100
AcDbEntity
  8
REFERENCE_NOTES
100
AcDbText
 10
480.0
 20
-1269.0
 30
0.0
 40
3.0
  1
Existing 12 x D3.4 retained
100
AcDbText
  0
TEXT
  5
222
330
17
100
AcDbEntity
  8
REFERENCE_NOTES
100
AcDbText
 10
480.0
 20
-1276.0
 30
0.0
 40
3.0
  1
Opposite web mirrors Y only
100
AcDbText
  0
TEXT
  5
223
330
17
100
AcDbEntity
  8
REFERENCE_NOTES
100
AcDbText
 10
480.0
 20
-1283.0
 30
0.0
 40
3.0
  1
Material / tolerances / finish / preload: TBD
100
AcDbText
  0
ENDSEC
  0
SECTION
  2
OBJECTS
  0
DICTIONARY
  5
A
330
0
100
AcDbDictionary
281
1
  3
ACAD_COLOR
350
B
  3
ACAD_GROUP
350
C
  3
ACAD_LAYOUT
350
D
  3
ACAD_MATERIAL
350
E
  3
ACAD_MLEADERSTYLE
350
F
  3
ACAD_MLINESTYLE
350
10
  3
ACAD_PLOTSETTINGS
350
11
  3
ACAD_PLOTSTYLENAME
350
12
  3
ACAD_SCALELIST
350
14
  3
ACAD_TABLESTYLE
350
15
  3
ACAD_VISUALSTYLE
350
16
  3
EZDXF_META
350
2D
  0
DICTIONARY
  5
B
330
A
100
AcDbDictionary
281
1
  0
DICTIONARY
  5
C
330
A
100
AcDbDictionary
281
1
  0
DICTIONARY
  5
D
330
A
100
AcDbDictionary
281
1
  3
Model
350
1A
  3
Layout1
350
1E
  0
DICTIONARY
  5
E
330
A
100
AcDbDictionary
281
1
  3
ByBlock
350
1F
  3
ByLayer
350
20
  3
Global
350
21
  0
DICTIONARY
  5
F
330
A
100
AcDbDictionary
281
1
  3
Standard
350
2C
  0
DICTIONARY
  5
10
330
A
100
AcDbDictionary
281
1
  3
Standard
350
22
  0
DICTIONARY
  5
11
330
A
100
AcDbDictionary
281
1
  0
ACDBDICTIONARYWDFLT
  5
12
330
A
100
AcDbDictionary
281
1
  3
Normal
350
13
100
AcDbDictionaryWithDefault
340
13
  0
ACDBPLACEHOLDER
  5
13
330
12
  0
DICTIONARY
  5
14
330
A
100
AcDbDictionary
281
1
  0
DICTIONARY
  5
15
330
A
100
AcDbDictionary
281
1
  0
DICTIONARY
  5
16
330
A
100
AcDbDictionary
281
1
  0
LAYOUT
  5
1A
330
D
100
AcDbPlotSettings
  1

  4
A3
  6

 40
7.5
 41
20.0
 42
7.5
 43
20.0
 44
420.0
 45
297.0
 46
0.0
 47
0.0
 48
0.0
 49
0.0
140
0.0
141
0.0
142
1.0
143
1.0
 70
1024
 72
1
 73
0
 74
5
  7

 75
16
 76
0
 77
2
 78
300
147
1.0
148
0.0
149
0.0
100
AcDbLayout
  1
Model
 70
1
 71
0
 10
0.0
 20
0.0
 11
420.0
 21
297.0
 12
0.0
 22
0.0
 32
0.0
 14
1e+20
 24
1e+20
 34
1e+20
 15
-1e+20
 25
-1e+20
 35
-1e+20
146
0.0
 13
0.0
 23
0.0
 33
0.0
 16
1.0
 26
0.0
 36
0.0
 17
0.0
 27
1.0
 37
0.0
 76
1
330
17
  0
LAYOUT
  5
1E
330
D
100
AcDbPlotSettings
  1

  4
A3
  6

 40
7.5
 41
20.0
 42
7.5
 43
20.0
 44
420.0
 45
297.0
 46
0.0
 47
0.0
 48
0.0
 49
0.0
140
0.0
141
0.0
142
1.0
143
1.0
 70
0
 72
1
 73
0
 74
5
  7

 75
16
 76
0
 77
2
 78
300
147
1.0
148
0.0
149
0.0
100
AcDbLayout
  1
Layout1
 70
1
 71
1
 10
0.0
 20
0.0
 11
420.0
 21
297.0
 12
0.0
 22
0.0
 32
0.0
 14
1e+20
 24
1e+20
 34
1e+20
 15
-1e+20
 25
-1e+20
 35
-1e+20
146
0.0
 13
0.0
 23
0.0
 33
0.0
 16
1.0
 26
0.0
 36
0.0
 17
0.0
 27
1.0
 37
0.0
 76
1
330
1B
  0
MATERIAL
  5
1F
102
{ACAD_REACTORS
330
E
102
}
330
E
100
AcDbMaterial
  1
ByBlock
  2

 70
0
 40
1.0
 71
1
 41
1.0
 91
-1023410177
 42
1.0
 72
1
  3

 73
1
 74
1
 75
1
 44
0.5
 73
0
 45
1.0
 46
1.0
 77
1
  4

 78
1
 79
1
170
1
 48
1.0
171
1
  6

172
1
173
1
174
1
140
1.0
141
1.0
175
1
  7

176
1
177
1
178
1
143
1.0
179
1
  8

270
1
271
1
272
1
145
1.0
146
1.0
273
1
  9

274
1
275
1
276
1
 42
1.0
 72
1
  3

 73
1
 74
1
 75
1
 94
63
  0
MATERIAL
  5
20
102
{ACAD_REACTORS
330
E
102
}
330
E
100
AcDbMaterial
  1
ByLayer
  2

 70
0
 40
1.0
 71
1
 41
1.0
 91
-1023410177
 42
1.0
 72
1
  3

 73
1
 74
1
 75
1
 44
0.5
 73
0
 45
1.0
 46
1.0
 77
1
  4

 78
1
 79
1
170
1
 48
1.0
171
1
  6

172
1
173
1
174
1
140
1.0
141
1.0
175
1
  7

176
1
177
1
178
1
143
1.0
179
1
  8

270
1
271
1
272
1
145
1.0
146
1.0
273
1
  9

274
1
275
1
276
1
 42
1.0
 72
1
  3

 73
1
 74
1
 75
1
 94
63
  0
MATERIAL
  5
21
102
{ACAD_REACTORS
330
E
102
}
330
E
100
AcDbMaterial
  1
Global
  2

 70
0
 40
1.0
 71
1
 41
1.0
 91
-1023410177
 42
1.0
 72
1
  3

 73
1
 74
1
 75
1
 44
0.5
 73
0
 45
1.0
 46
1.0
 77
1
  4

 78
1
 79
1
170
1
 48
1.0
171
1
  6

172
1
173
1
174
1
140
1.0
141
1.0
175
1
  7

176
1
177
1
178
1
143
1.0
179
1
  8

270
1
271
1
272
1
145
1.0
146
1.0
273
1
  9

274
1
275
1
276
1
 42
1.0
 72
1
  3

 73
1
 74
1
 75
1
 94
63
  0
MLINESTYLE
  5
22
102
{ACAD_REACTORS
330
10
102
}
330
10
100
AcDbMlineStyle
  2
Standard
 70
0
  3

 62
256
 51
90.0
 52
90.0
 71
2
 49
0.5
 62
256
  6
BYLAYER
 49
-0.5
 62
256
  6
BYLAYER
  0
MLEADERSTYLE
  5
2C
102
{ACAD_REACTORS
330
F
102
}
330
F
100
AcDbMLeaderStyle
179
2
170
2
171
1
172
0
 90
2
 40
0.0
 41
0.0
173
1
 91
-1056964608
 92
-2
290
1
 42
2.0
291
1
 43
8.0
  3
Standard
 44
4.0
300

342
29
174
1
175
1
176
0
178
1
 93
-1056964608
 45
4.0
292
0
297
0
 46
4.0
 94
-1056964608
 47
1.0
 49
1.0
140
1.0
294
1
141
0.0
177
0
142
1.0
295
0
296
0
143
3.75
271
0
272
9
273
9
  0
DICTIONARY
  5
2D
330
A
100
AcDbDictionary
280
1
281
1
  3
CREATED_BY_EZDXF
350
2E
  3
WRITTEN_BY_EZDXF
350
226
  0
DICTIONARYVAR
  5
2E
330
2D
100
DictionaryVariables
280
0
  1
1.4.4 @ 2026-09-06T08:24:52.198032+00:00
  0
DICTIONARYVAR
  5
226
330
2D
100
DictionaryVariables
280
0
  1
1.4.4 @ 2026-09-06T08:25:01.589639+00:00
  0
ENDSEC
  0
EOF
