state,instance_id,T_S_step_m,transform_equation,source_frame,target_frame,translation_unit,source_translation_unit,rotation_valid,same_geometry_as_873,same_transform_as_873,native_whole_plan_current,source_hash_verified
service,RB_longeron_-1_-1,"[[1.0,0.0,0.0,0.0],[0.0,1.0,0.0,-0.10715000000000001],[0.0,0.0,1.0,-0.10715000000000001],[0.0,0.0,0.0,1.0]]",p_S_m = R_S_step * p_step_m + t_S_m,STEP_LOCAL:RB_longeron_-1_-1,S,m,mm,True,True,True,False,True
service,RB_longeron_-1_1,"[[1.0,0.0,0.0,0.0],[0.0,1.0,0.0,-0.10715000000000001],[0.0,0.0,1.0,0.10715000000000001],[0.0,0.0,0.0,1.0]]",p_S_m = R_S_step * p_step_m + t_S_m,STEP_LOCAL:RB_longeron_-1_1,S,m,mm,True,True,True,False,True
service,RB_longeron_1_-1,"[[1.0,0.0,0.0,0.0],[0.0,1.0,0.0,0.10715000000000001],[0.0,0.0,1.0,-0.10715000000000001],[0.0,0.0,0.0,1.0]]",p_S_m = R_S_step * p_step_m + t_S_m,STEP_LOCAL:RB_longeron_1_-1,S,m,mm,True,True,True,False,True
service,RB_longeron_1_1,"[[1.0,0.0,0.0,0.0],[0.0,1.0,0.0,0.10715000000000001],[0.0,0.0,1.0,0.10715000000000001],[0.0,0.0,0.0,1.0]]",p_S_m = R_S_step * p_step_m + t_S_m,STEP_LOCAL:RB_longeron_1_1,S,m,mm,True,True,True,False,True
service,RB_end_frame_-1,"[[1.0,0.0,0.0,-0.18],[0.0,1.0,0.0,0.0],[0.0,0.0,1.0,0.0],[0.0,0.0,0.0,1.0]]",p_S_m = R_S_step * p_step_m + t_S_m,STEP_LOCAL:RB_end_frame_-1,S,m,mm,True,True,True,False,True
service,RB_end_plug_-1_-1_-1,"[[1.0,0.0,0.0,-0.167],[0.0,1.0,0.0,-0.10715000000000001],[0.0,0.0,1.0,-0.10715000000000001],[0.0,0.0,0.0,1.0]]",p_S_m = R_S_step * p_step_m + t_S_m,STEP_LOCAL:RB_end_plug_-1_-1_-1,S,m,mm,True,True,True,False,True
service,RB_end_screw_-1_-1_-1,"[[0.0,0.0,-1.0,-0.19],[0.0,-1.0,0.0,-0.10715000000000001],[-1.0,0.0,0.0,-0.10715000000000001],[0.0,0.0,0.0,1.0]]",p_S_m = R_S_step * p_step_m + t_S_m,STEP_LOCAL:RB_end_screw_-1_-1_-1,S,m,mm,True,True,True,False,True
service,RB_end_plug_-1_-1_1,"[[1.0,0.0,0.0,-0.167],[0.0,1.0,0.0,-0.10715000000000001],[0.0,0.0,1.0,0.10715000000000001],[0.0,0.0,0.0,1.0]]",p_S_m = R_S_step * p_step_m + t_S_m,STEP_LOCAL:RB_end_plug_-1_-1_1,S,m,mm,True,True,True,False,True
service,RB_end_screw_-1_-1_1,"[[0.0,0.0,-1.0,-0.19],[0.0,-1.0,0.0,-0.10715000000000001],[-1.0,0.0,0.0,0.10715000000000001],[0.0,0.0,0.0,1.0]]",p_S_m = R_S_step * p_step_m + t_S_m,STEP_LOCAL:RB_end_screw_-1_-1_1,S,m,mm,True,True,True,False,True
service,RB_end_plug_-1_1_-1,"[[1.0,0.0,0.0,-0.167],[0.0,1.0,0.0,0.10715000000000001],[0.0,0.0,1.0,-0.10715000000000001],[0.0,0.0,0.0,1.0]]",p_S_m = R_S_step * p_step_m + t_S_m,STEP_LOCAL:RB_end_plug_-1_1_-1,S,m,mm,True,True,True,False,True
service,RB_end_screw_-1_1_-1,"[[0.0,0.0,-1.0,-0.19],[0.0,-1.0,0.0,0.10715000000000001],[-1.0,0.0,0.0,-0.10715000000000001],[0.0,0.0,0.0,1.0]]",p_S_m = R_S_step * p_step_m + t_S_m,STEP_LOCAL:RB_end_screw_-1_1_-1,S,m,mm,True,True,True,False,True
service,RB_end_plug_-1_1_1,"[[1.0,0.0,0.0,-0.167],[0.0,1.0,0.0,0.10715000000000001],[0.0,0.0,1.0,0.10715000000000001],[0.0,0.0,0.0,1.0]]",p_S_m = R_S_step * p_step_m + t_S_m,STEP_LOCAL:RB_end_plug_-1_1_1,S,m,mm,True,True,True,False,True
service,RB_end_screw_-1_1_1,"[[0.0,0.0,-1.0,-0.19],[0.0,-1.0,0.0,0.10715000000000001],[-1.0,0.0,0.0,0.10715000000000001],[0.0,0.0,0.0,1.0]]",p_S_m = R_S_step * p_step_m + t_S_m,STEP_LOCAL:RB_end_screw_-1_1_1,S,m,mm,True,True,True,False,True
service,RB_end_frame_1,"[[1.0,0.0,0.0,0.18],[0.0,1.0,0.0,0.0],[0.0,0.0,1.0,0.0],[0.0,0.0,0.0,1.0]]",p_S_m = R_S_step * p_step_m + t_S_m,STEP_LOCAL:RB_end_frame_1,S,m,mm,True,True,True,False,True
service,RB_end_plug_1_-1_-1,"[[1.0,0.0,0.0,0.167],[0.0,1.0,0.0,-0.10715000000000001],[0.0,0.0,1.0,-0.10715000000000001],[0.0,0.0,0.0,1.0]]",p_S_m = R_S_step * p_step_m + t_S_m,STEP_LOCAL:RB_end_plug_1_-1_-1,S,m,mm,True,True,True,False,True
service,RB_end_screw_1_-1_-1,"[[0.0,0.0,1.0,0.183],[0.0,-1.0,0.0,-0.10715000000000001],[1.0,0.0,0.0,-0.10715000000000001],[0.0,0.0,0.0,1.0]]",p_S_m = R_S_step * p_step_m + t_S_m,STEP_LOCAL:RB_end_screw_1_-1_-1,S,m,mm,True,True,True,False,True
service,RB_end_plug_1_-1_1,"[[1.0,0.0,0.0,0.167],[0.0,1.0,0.0,-0.10715000000000001],[0.0,0.0,1.0,0.10715000000000001],[0.0,0.0,0.0,1.0]]",p_S_m = R_S_step * p_step_m + t_S_m,STEP_LOCAL:RB_end_plug_1_-1_1,S,m,mm,True,True,True,False,True
service,RB_end_screw_1_-1_1,"[[0.0,0.0,1.0,0.183],[0.0,-1.0,0.0,-0.10715000000000001],[1.0,0.0,0.0,0.10715000000000001],[0.0,0.0,0.0,1.0]]",p_S_m = R_S_step * p_step_m + t_S_m,STEP_LOCAL:RB_end_screw_1_-1_1,S,m,mm,True,True,True,False,True
service,RB_end_plug_1_1_-1,"[[1.0,0.0,0.0,0.167],[0.0,1.0,0.0,0.10715000000000001],[0.0,0.0,1.0,-0.10715000000000001],[0.0,0.0,0.0,1.0]]",p_S_m = R_S_step * p_step_m + t_S_m,STEP_LOCAL:RB_end_plug_1_1_-1,S,m,mm,True,True,True,False,True
service,RB_end_screw_1_1_-1,"[[0.0,0.0,1.0,0.183],[0.0,-1.0,0.0,0.10715000000000001],[1.0,0.0,0.0,-0.10715000000000001],[0.0,0.0,0.0,1.0]]",p_S_m = R_S_step * p_step_m + t_S_m,STEP_LOCAL:RB_end_screw_1_1_-1,S,m,mm,True,True,True,False,True
service,RB_end_plug_1_1_1,"[[1.0,0.0,0.0,0.167],[0.0,1.0,0.0,0.10715000000000001],[0.0,0.0,1.0,0.10715000000000001],[0.0,0.0,0.0,1.0]]",p_S_m = R_S_step * p_step_m + t_S_m,STEP_LOCAL:RB_end_plug_1_1_1,S,m,mm,True,True,True,False,True
service,RB_end_screw_1_1_1,"[[0.0,0.0,1.0,0.183],[0.0,-1.0,0.0,0.10715000000000001],[1.0,0.0,0.0,0.10715000000000001],[0.0,0.0,0.0,1.0]]",p_S_m = R_S_step * p_step_m + t_S_m,STEP_LOCAL:RB_end_screw_1_1_1,S,m,mm,True,True,True,False,True
service,WP01-RB-BRIDGE-R2,"[[1.0,0.0,0.0,0.0],[0.0,1.0,0.0,0.0],[0.0,0.0,1.0,0.0],[0.0,0.0,0.0,1.0]]",p_S_m = R_S_step * p_step_m + t_S_m,STEP_LOCAL:WP01-RB-BRIDGE-R2,S,m,mm,True,False,False,False,True
service,RB_upper_beam_20,"[[1.0,0.0,0.0,0.02],[0.0,1.0,0.0,0.0],[0.0,0.0,1.0,0.10115],[0.0,0.0,0.0,1.0]]",p_S_m = R_S_step * p_step_m + t_S_m,STEP_LOCAL:RB_upper_beam_20,S,m,mm,True,True,True,False,True
service,RB_lower_beam_20,"[[1.0,0.0,0.0,0.02],[0.0,1.0,0.0,0.0],[0.0,0.0,1.0,-0.10415],[0.0,0.0,0.0,1.0]]",p_S_m = R_S_step * p_step_m + t_S_m,STEP_LOCAL:RB_lower_beam_20,S,m,mm,True,True,True,False,True
service,RB_upper_beam_160,"[[1.0,0.0,0.0,0.16],[0.0,1.0,0.0,0.0],[0.0,0.0,1.0,0.10115],[0.0,0.0,0.0,1.0]]",p_S_m = R_S_step * p_step_m + t_S_m,STEP_LOCAL:RB_upper_beam_160,S,m,mm,True,True,True,False,True
service,RB_lower_beam_160,"[[1.0,0.0,0.0,0.16],[0.0,1.0,0.0,0.0],[0.0,0.0,1.0,-0.10415],[0.0,0.0,0.0,1.0]]",p_S_m = R_S_step * p_step_m + t_S_m,STEP_LOCAL:RB_lower_beam_160,S,m,mm,True,True,True,False,True
service,RB_pillar_0,"[[1.0,0.0,0.0,0.02],[0.0,1.0,0.0,-0.09415000000000001],[0.0,0.0,1.0,-0.0015],[0.0,0.0,0.0,1.0]]",p_S_m = R_S_step * p_step_m + t_S_m,STEP_LOCAL:RB_pillar_0,S,m,mm,True,True,True,False,True
service,RB_pillar_plug_0_top,"[[1.0,0.0,0.0,0.02],[0.0,1.0,0.0,-0.09415000000000001],[0.0,0.0,1.0,0.08715],[0.0,0.0,0.0,1.0]]",p_S_m = R_S_step * p_step_m + t_S_m,STEP_LOCAL:RB_pillar_plug_0_top,S,m,mm,True,True,True,False,True
service,RB_pillar_plug_0_bottom,"[[1.0,0.0,0.0,0.02],[0.0,1.0,0.0,-0.09415000000000001],[0.0,0.0,1.0,-0.09015000000000001],[0.0,0.0,0.0,1.0]]",p_S_m = R_S_step * p_step_m + t_S_m,STEP_LOCAL:RB_pillar_plug_0_bottom,S,m,mm,True,True,True,False,True
service,RB_lower_spacer_0,"[[1.0,0.0,0.0,0.02],[0.0,1.0,0.0,-0.09415000000000001],[0.0,0.0,1.0,-0.09965],[0.0,0.0,0.0,1.0]]",p_S_m = R_S_step * p_step_m + t_S_m,STEP_LOCAL:RB_lower_spacer_0,S,m,mm,True,True,True,False,True
service,RB_pillar_tierod_0,"[[1.0,0.0,0.0,0.02],[0.0,1.0,0.0,-0.09415000000000001],[0.0,0.0,1.0,0.11715],[0.0,0.0,0.0,1.0]]",p_S_m = R_S_step * p_step_m + t_S_m,STEP_LOCAL:RB_pillar_tierod_0,S,m,mm,True,True,True,False,True
service,RB_pillar_top_washer_0,"[[1.0,0.0,0.0,0.02],[0.0,1.0,0.0,-0.09415000000000001],[0.0,0.0,1.0,0.11665],[0.0,0.0,0.0,1.0]]",p_S_m = R_S_step * p_step_m + t_S_m,STEP_LOCAL:RB_pillar_top_washer_0,S,m,mm,True,True,True,False,True
service,RB_pillar_bottom_washer_0,"[[1.0,0.0,0.0,0.02],[0.0,1.0,0.0,-0.09415000000000001],[0.0,0.0,1.0,-0.10765000000000001],[0.0,0.0,0.0,1.0]]",p_S_m = R_S_step * p_step_m + t_S_m,STEP_LOCAL:RB_pillar_bottom_washer_0,S,m,mm,True,True,True,False,True
service,RB_pillar_nut_0,"[[1.0,0.0,0.0,0.02],[0.0,1.0,0.0,-0.09415000000000001],[0.0,0.0,1.0,-0.11015000000000001],[0.0,0.0,0.0,1.0]]",p_S_m = R_S_step * p_step_m + t_S_m,STEP_LOCAL:RB_pillar_nut_0,S,m,mm,True,True,True,False,True
service,RB_pillar_1,"[[1.0,0.0,0.0,0.02],[0.0,1.0,0.0,0.09415000000000001],[0.0,0.0,1.0,-0.0015],[0.0,0.0,0.0,1.0]]",p_S_m = R_S_step * p_step_m + t_S_m,STEP_LOCAL:RB_pillar_1,S,m,mm,True,True,True,False,True
service,RB_pillar_plug_1_top,"[[1.0,0.0,0.0,0.02],[0.0,1.0,0.0,0.09415000000000001],[0.0,0.0,1.0,0.08715],[0.0,0.0,0.0,1.0]]",p_S_m = R_S_step * p_step_m + t_S_m,STEP_LOCAL:RB_pillar_plug_1_top,S,m,mm,True,True,True,False,True
service,RB_pillar_plug_1_bottom,"[[1.0,0.0,0.0,0.02],[0.0,1.0,0.0,0.09415000000000001],[0.0,0.0,1.0,-0.09015000000000001],[0.0,0.0,0.0,1.0]]",p_S_m = R_S_step * p_step_m + t_S_m,STEP_LOCAL:RB_pillar_plug_1_bottom,S,m,mm,True,True,True,False,True
service,RB_lower_spacer_1,"[[1.0,0.0,0.0,0.02],[0.0,1.0,0.0,0.09415000000000001],[0.0,0.0,1.0,-0.09965],[0.0,0.0,0.0,1.0]]",p_S_m = R_S_step * p_step_m + t_S_m,STEP_LOCAL:RB_lower_spacer_1,S,m,mm,True,True,True,False,True
service,RB_pillar_tierod_1,"[[1.0,0.0,0.0,0.02],[0.0,1.0,0.0,0.09415000000000001],[0.0,0.0,1.0,0.11715],[0.0,0.0,0.0,1.0]]",p_S_m = R_S_step * p_step_m + t_S_m,STEP_LOCAL:RB_pillar_tierod_1,S,m,mm,True,True,True,False,True
service,RB_pillar_top_washer_1,"[[1.0,0.0,0.0,0.02],[0.0,1.0,0.0,0.09415000000000001],[0.0,0.0,1.0,0.11665],[0.0,0.0,0.0,1.0]]",p_S_m = R_S_step * p_step_m + t_S_m,STEP_LOCAL:RB_pillar_top_washer_1,S,m,mm,True,True,True,False,True
service,RB_pillar_bottom_washer_1,"[[1.0,0.0,0.0,0.02],[0.0,1.0,0.0,0.09415000000000001],[0.0,0.0,1.0,-0.10765000000000001],[0.0,0.0,0.0,1.0]]",p_S_m = R_S_step * p_step_m + t_S_m,STEP_LOCAL:RB_pillar_bottom_washer_1,S,m,mm,True,True,True,False,True
service,RB_pillar_nut_1,"[[1.0,0.0,0.0,0.02],[0.0,1.0,0.0,0.09415000000000001],[0.0,0.0,1.0,-0.11015000000000001],[0.0,0.0,0.0,1.0]]",p_S_m = R_S_step * p_step_m + t_S_m,STEP_LOCAL:RB_pillar_nut_1,S,m,mm,True,True,True,False,True
service,RB_pillar_2,"[[1.0,0.0,0.0,0.16],[0.0,1.0,0.0,-0.09415000000000001],[0.0,0.0,1.0,-0.0015],[0.0,0.0,0.0,1.0]]",p_S_m = R_S_step * p_step_m + t_S_m,STEP_LOCAL:RB_pillar_2,S,m,mm,True,True,True,False,True
service,RB_pillar_plug_2_top,"[[1.0,0.0,0.0,0.16],[0.0,1.0,0.0,-0.09415000000000001],[0.0,0.0,1.0,0.08715],[0.0,0.0,0.0,1.0]]",p_S_m = R_S_step * p_step_m + t_S_m,STEP_LOCAL:RB_pillar_plug_2_top,S,m,mm,True,True,True,False,True
service,RB_pillar_plug_2_bottom,"[[1.0,0.0,0.0,0.16],[0.0,1.0,0.0,-0.09415000000000001],[0.0,0.0,1.0,-0.09015000000000001],[0.0,0.0,0.0,1.0]]",p_S_m = R_S_step * p_step_m + t_S_m,STEP_LOCAL:RB_pillar_plug_2_bottom,S,m,mm,True,True,True,False,True
service,RB_lower_spacer_2,"[[1.0,0.0,0.0,0.16],[0.0,1.0,0.0,-0.09415000000000001],[0.0,0.0,1.0,-0.09965],[0.0,0.0,0.0,1.0]]",p_S_m = R_S_step * p_step_m + t_S_m,STEP_LOCAL:RB_lower_spacer_2,S,m,mm,True,True,True,False,True
service,RB_pillar_tierod_2,"[[1.0,0.0,0.0,0.16],[0.0,1.0,0.0,-0.09415000000000001],[0.0,0.0,1.0,0.11715],[0.0,0.0,0.0,1.0]]",p_S_m = R_S_step * p_step_m + t_S_m,STEP_LOCAL:RB_pillar_tierod_2,S,m,mm,True,True,True,False,True
service,RB_pillar_top_washer_2,"[[1.0,0.0,0.0,0.16],[0.0,1.0,0.0,-0.09415000000000001],[0.0,0.0,1.0,0.11665],[0.0,0.0,0.0,1.0]]",p_S_m = R_S_step * p_step_m + t_S_m,STEP_LOCAL:RB_pillar_top_washer_2,S,m,mm,True,True,True,False,True
service,RB_pillar_bottom_washer_2,"[[1.0,0.0,0.0,0.16],[0.0,1.0,0.0,-0.09415000000000001],[0.0,0.0,1.0,-0.10765000000000001],[0.0,0.0,0.0,1.0]]",p_S_m = R_S_step * p_step_m + t_S_m,STEP_LOCAL:RB_pillar_bottom_washer_2,S,m,mm,True,True,True,False,True
service,RB_pillar_nut_2,"[[1.0,0.0,0.0,0.16],[0.0,1.0,0.0,-0.09415000000000001],[0.0,0.0,1.0,-0.11015000000000001],[0.0,0.0,0.0,1.0]]",p_S_m = R_S_step * p_step_m + t_S_m,STEP_LOCAL:RB_pillar_nut_2,S,m,mm,True,True,True,False,True
service,RB_pillar_3,"[[1.0,0.0,0.0,0.16],[0.0,1.0,0.0,0.09415000000000001],[0.0,0.0,1.0,-0.0015],[0.0,0.0,0.0,1.0]]",p_S_m = R_S_step * p_step_m + t_S_m,STEP_LOCAL:RB_pillar_3,S,m,mm,True,True,True,False,True
service,RB_pillar_plug_3_top,"[[1.0,0.0,0.0,0.16],[0.0,1.0,0.0,0.09415000000000001],[0.0,0.0,1.0,0.08715],[0.0,0.0,0.0,1.0]]",p_S_m = R_S_step * p_step_m + t_S_m,STEP_LOCAL:RB_pillar_plug_3_top,S,m,mm,True,True,True,False,True
service,RB_pillar_plug_3_bottom,"[[1.0,0.0,0.0,0.16],[0.0,1.0,0.0,0.09415000000000001],[0.0,0.0,1.0,-0.09015000000000001],[0.0,0.0,0.0,1.0]]",p_S_m = R_S_step * p_step_m + t_S_m,STEP_LOCAL:RB_pillar_plug_3_bottom,S,m,mm,True,True,True,False,True
service,RB_lower_spacer_3,"[[1.0,0.0,0.0,0.16],[0.0,1.0,0.0,0.09415000000000001],[0.0,0.0,1.0,-0.09965],[0.0,0.0,0.0,1.0]]",p_S_m = R_S_step * p_step_m + t_S_m,STEP_LOCAL:RB_lower_spacer_3,S,m,mm,True,True,True,False,True
service,RB_pillar_tierod_3,"[[1.0,0.0,0.0,0.16],[0.0,1.0,0.0,0.09415000000000001],[0.0,0.0,1.0,0.11715],[0.0,0.0,0.0,1.0]]",p_S_m = R_S_step * p_step_m + t_S_m,STEP_LOCAL:RB_pillar_tierod_3,S,m,mm,True,True,True,False,True
service,RB_pillar_top_washer_3,"[[1.0,0.0,0.0,0.16],[0.0,1.0,0.0,0.09415000000000001],[0.0,0.0,1.0,0.11665],[0.0,0.0,0.0,1.0]]",p_S_m = R_S_step * p_step_m + t_S_m,STEP_LOCAL:RB_pillar_top_washer_3,S,m,mm,True,True,True,False,True
service,RB_pillar_bottom_washer_3,"[[1.0,0.0,0.0,0.16],[0.0,1.0,0.0,0.09415000000000001],[0.0,0.0,1.0,-0.10765000000000001],[0.0,0.0,0.0,1.0]]",p_S_m = R_S_step * p_step_m + t_S_m,STEP_LOCAL:RB_pillar_bottom_washer_3,S,m,mm,True,True,True,False,True
service,RB_pillar_nut_3,"[[1.0,0.0,0.0,0.16],[0.0,1.0,0.0,0.09415000000000001],[0.0,0.0,1.0,-0.11015000000000001],[0.0,0.0,0.0,1.0]]",p_S_m = R_S_step * p_step_m + t_S_m,STEP_LOCAL:RB_pillar_nut_3,S,m,mm,True,True,True,False,True
service,WP01-MT-M3RA-REUSED,"[[1.0,0.0,0.0,0.09],[0.0,1.0,0.0,0.0],[0.0,0.0,1.0,0.12515],[0.0,0.0,0.0,1.0]]",p_S_m = R_S_step * p_step_m + t_S_m,STEP_LOCAL:WP01-MT-M3RA-REUSED,S,m,mm,True,True,True,False,True
service,WP01-MT-M3RB-REUSED,"[[1.0,0.0,0.0,0.0],[0.0,1.0,0.0,0.0],[0.0,0.0,1.0,0.0],[0.0,0.0,0.0,1.0]]",p_S_m = R_S_step * p_step_m + t_S_m,STEP_LOCAL:WP01-MT-M3RB-REUSED,S,m,mm,True,False,False,False,True
service,M6_top_washer_-70_-70,"[[1.0,0.0,0.0,0.02],[0.0,1.0,0.0,-0.07],[0.0,0.0,1.0,0.12565],[0.0,0.0,0.0,1.0]]",p_S_m = R_S_step * p_step_m + t_S_m,STEP_LOCAL:M6_top_washer_-70_-70,S,m,mm,True,True,True,False,True
service,M6_root_bolt_-70_-70,"[[1.0,0.0,0.0,0.02],[0.0,1.0,0.0,-0.07],[0.0,0.0,1.0,0.12615],[0.0,0.0,0.0,1.0]]",p_S_m = R_S_step * p_step_m + t_S_m,STEP_LOCAL:M6_root_bolt_-70_-70,S,m,mm,True,True,True,False,True
service,M6_bottom_washer_-70_-70,"[[1.0,0.0,0.0,0.02],[0.0,1.0,0.0,-0.07],[0.0,0.0,1.0,0.09465000000000001],[0.0,0.0,0.0,1.0]]",p_S_m = R_S_step * p_step_m + t_S_m,STEP_LOCAL:M6_bottom_washer_-70_-70,S,m,mm,True,True,True,False,True
service,M6_root_nut_-70_-70,"[[1.0,0.0,0.0,0.02],[0.0,1.0,0.0,-0.07],[0.0,0.0,1.0,0.09115000000000001],[0.0,0.0,0.0,1.0]]",p_S_m = R_S_step * p_step_m + t_S_m,STEP_LOCAL:M6_root_nut_-70_-70,S,m,mm,True,True,True,False,True
service,M6_top_washer_70_-70,"[[1.0,0.0,0.0,0.16],[0.0,1.0,0.0,-0.07],[0.0,0.0,1.0,0.12565],[0.0,0.0,0.0,1.0]]",p_S_m = R_S_step * p_step_m + t_S_m,STEP_LOCAL:M6_top_washer_70_-70,S,m,mm,True,True,True,False,True
service,M6_root_bolt_70_-70,"[[1.0,0.0,0.0,0.16],[0.0,1.0,0.0,-0.07],[0.0,0.0,1.0,0.12615],[0.0,0.0,0.0,1.0]]",p_S_m = R_S_step * p_step_m + t_S_m,STEP_LOCAL:M6_root_bolt_70_-70,S,m,mm,True,True,True,False,True
service,M6_bottom_washer_70_-70,"[[1.0,0.0,0.0,0.16],[0.0,1.0,0.0,-0.07],[0.0,0.0,1.0,0.09465000000000001],[0.0,0.0,0.0,1.0]]",p_S_m = R_S_step * p_step_m + t_S_m,STEP_LOCAL:M6_bottom_washer_70_-70,S,m,mm,True,True,True,False,True
service,M6_root_nut_70_-70,"[[1.0,0.0,0.0,0.16],[0.0,1.0,0.0,-0.07],[0.0,0.0,1.0,0.09115000000000001],[0.0,0.0,0.0,1.0]]",p_S_m = R_S_step * p_step_m + t_S_m,STEP_LOCAL:M6_root_nut_70_-70,S,m,mm,True,True,True,False,True
service,M6_top_washer_-70_70,"[[1.0,0.0,0.0,0.02],[0.0,1.0,0.0,0.07],[0.0,0.0,1.0,0.12565],[0.0,0.0,0.0,1.0]]",p_S_m = R_S_step * p_step_m + t_S_m,STEP_LOCAL:M6_top_washer_-70_70,S,m,mm,True,True,True,False,True
service,M6_root_bolt_-70_70,"[[1.0,0.0,0.0,0.02],[0.0,1.0,0.0,0.07],[0.0,0.0,1.0,0.12615],[0.0,0.0,0.0,1.0]]",p_S_m = R_S_step * p_step_m + t_S_m,STEP_LOCAL:M6_root_bolt_-70_70,S,m,mm,True,True,True,False,True
service,M6_bottom_washer_-70_70,"[[1.0,0.0,0.0,0.02],[0.0,1.0,0.0,0.07],[0.0,0.0,1.0,0.09465000000000001],[0.0,0.0,0.0,1.0]]",p_S_m = R_S_step * p_step_m + t_S_m,STEP_LOCAL:M6_bottom_washer_-70_70,S,m,mm,True,True,True,False,True
service,M6_root_nut_-70_70,"[[1.0,0.0,0.0,0.02],[0.0,1.0,0.0,0.07],[0.0,0.0,1.0,0.09115000000000001],[0.0,0.0,0.0,1.0]]",p_S_m = R_S_step * p_step_m + t_S_m,STEP_LOCAL:M6_root_nut_-70_70,S,m,mm,True,True,True,False,True
service,M6_top_washer_70_70,"[[1.0,0.0,0.0,0.16],[0.0,1.0,0.0,0.07],[0.0,0.0,1.0,0.12565],[0.0,0.0,0.0,1.0]]",p_S_m = R_S_step * p_step_m + t_S_m,STEP_LOCAL:M6_top_washer_70_70,S,m,mm,True,True,True,False,True
service,M6_root_bolt_70_70,"[[1.0,0.0,0.0,0.16],[0.0,1.0,0.0,0.07],[0.0,0.0,1.0,0.12615],[0.0,0.0,0.0,1.0]]",p_S_m = R_S_step * p_step_m + t_S_m,STEP_LOCAL:M6_root_bolt_70_70,S,m,mm,True,True,True,False,True
service,M6_bottom_washer_70_70,"[[1.0,0.0,0.0,0.16],[0.0,1.0,0.0,0.07],[0.0,0.0,1.0,0.09465000000000001],[0.0,0.0,0.0,1.0]]",p_S_m = R_S_step * p_step_m + t_S_m,STEP_LOCAL:M6_bottom_washer_70_70,S,m,mm,True,True,True,False,True
service,M6_root_nut_70_70,"[[1.0,0.0,0.0,0.16],[0.0,1.0,0.0,0.07],[0.0,0.0,1.0,0.09115000000000001],[0.0,0.0,0.0,1.0]]",p_S_m = R_S_step * p_step_m + t_S_m,STEP_LOCAL:M6_root_nut_70_70,S,m,mm,True,True,True,False,True
service,M5_interstage_bolt_0,"[[1.0,0.0,0.0,0.14774247078195543],[0.0,1.0,0.0,0.02391771452281811],[0.0,0.0,1.0,0.128555],[0.0,0.0,0.0,1.0]]",p_S_m = R_S_step * p_step_m + t_S_m,STEP_LOCAL:M5_interstage_bolt_0,S,m,mm,True,True,True,False,True
service,M5_top_washer_0,"[[1.0,0.0,0.0,0.14774247078195543],[0.0,1.0,0.0,0.02391771452281811],[0.0,0.0,1.0,0.128055],[0.0,0.0,0.0,1.0]]",p_S_m = R_S_step * p_step_m + t_S_m,STEP_LOCAL:M5_top_washer_0,S,m,mm,True,True,True,False,True
service,M5_bottom_washer_0,"[[1.0,0.0,0.0,0.14774247078195543],[0.0,1.0,0.0,0.02391771452281811],[0.0,0.0,1.0,0.11265000000000001],[0.0,0.0,0.0,1.0]]",p_S_m = R_S_step * p_step_m + t_S_m,STEP_LOCAL:M5_bottom_washer_0,S,m,mm,True,True,True,False,True
service,M5_interstage_nut_0,"[[1.0,0.0,0.0,0.14774247078195543],[0.0,1.0,0.0,0.02391771452281811],[0.0,0.0,1.0,0.11015000000000001],[0.0,0.0,0.0,1.0]]",p_S_m = R_S_step * p_step_m + t_S_m,STEP_LOCAL:M5_interstage_nut_0,S,m,mm,True,True,True,False,True
service,M5_interstage_bolt_1,"[[1.0,0.0,0.0,0.11391771452281811],[0.0,1.0,0.0,0.05774247078195542],[0.0,0.0,1.0,0.128555],[0.0,0.0,0.0,1.0]]",p_S_m = R_S_step * p_step_m + t_S_m,STEP_LOCAL:M5_interstage_bolt_1,S,m,mm,True,True,True,False,True
service,M5_top_washer_1,"[[1.0,0.0,0.0,0.11391771452281811],[0.0,1.0,0.0,0.05774247078195542],[0.0,0.0,1.0,0.128055],[0.0,0.0,0.0,1.0]]",p_S_m = R_S_step * p_step_m + t_S_m,STEP_LOCAL:M5_top_washer_1,S,m,mm,True,True,True,False,True
service,M5_bottom_washer_1,"[[1.0,0.0,0.0,0.11391771452281811],[0.0,1.0,0.0,0.05774247078195542],[0.0,0.0,1.0,0.11265000000000001],[0.0,0.0,0.0,1.0]]",p_S_m = R_S_step * p_step_m + t_S_m,STEP_LOCAL:M5_bottom_washer_1,S,m,mm,True,True,True,False,True
service,M5_interstage_nut_1,"[[1.0,0.0,0.0,0.11391771452281811],[0.0,1.0,0.0,0.05774247078195542],[0.0,0.0,1.0,0.11015000000000001],[0.0,0.0,0.0,1.0]]",p_S_m = R_S_step * p_step_m + t_S_m,STEP_LOCAL:M5_interstage_nut_1,S,m,mm,True,True,True,False,True
service,M5_interstage_bolt_2,"[[1.0,0.0,0.0,0.0660822854771819],[0.0,1.0,0.0,0.05774247078195542],[0.0,0.0,1.0,0.128555],[0.0,0.0,0.0,1.0]]",p_S_m = R_S_step * p_step_m + t_S_m,STEP_LOCAL:M5_interstage_bolt_2,S,m,mm,True,True,True,False,True
service,M5_top_washer_2,"[[1.0,0.0,0.0,0.0660822854771819],[0.0,1.0,0.0,0.05774247078195542],[0.0,0.0,1.0,0.128055],[0.0,0.0,0.0,1.0]]",p_S_m = R_S_step * p_step_m + t_S_m,STEP_LOCAL:M5_top_washer_2,S,m,mm,True,True,True,False,True
service,M5_bottom_washer_2,"[[1.0,0.0,0.0,0.0660822854771819],[0.0,1.0,0.0,0.05774247078195542],[0.0,0.0,1.0,0.11265000000000001],[0.0,0.0,0.0,1.0]]",p_S_m = R_S_step * p_step_m + t_S_m,STEP_LOCAL:M5_bottom_washer_2,S,m,mm,True,True,True,False,True
service,M5_interstage_nut_2,"[[1.0,0.0,0.0,0.0660822854771819],[0.0,1.0,0.0,0.05774247078195542],[0.0,0.0,1.0,0.11015000000000001],[0.0,0.0,0.0,1.0]]",p_S_m = R_S_step * p_step_m + t_S_m,STEP_LOCAL:M5_interstage_nut_2,S,m,mm,True,True,True,False,True
service,M5_interstage_bolt_3,"[[1.0,0.0,0.0,0.03225752921804458],[0.0,1.0,0.0,0.023917714522818122],[0.0,0.0,1.0,0.128555],[0.0,0.0,0.0,1.0]]",p_S_m = R_S_step * p_step_m + t_S_m,STEP_LOCAL:M5_interstage_bolt_3,S,m,mm,True,True,True,False,True
service,M5_top_washer_3,"[[1.0,0.0,0.0,0.03225752921804458],[0.0,1.0,0.0,0.023917714522818122],[0.0,0.0,1.0,0.128055],[0.0,0.0,0.0,1.0]]",p_S_m = R_S_step * p_step_m + t_S_m,STEP_LOCAL:M5_top_washer_3,S,m,mm,True,True,True,False,True
service,M5_bottom_washer_3,"[[1.0,0.0,0.0,0.03225752921804458],[0.0,1.0,0.0,0.023917714522818122],[0.0,0.0,1.0,0.11265000000000001],[0.0,0.0,0.0,1.0]]",p_S_m = R_S_step * p_step_m + t_S_m,STEP_LOCAL:M5_bottom_washer_3,S,m,mm,True,True,True,False,True
service,M5_interstage_nut_3,"[[1.0,0.0,0.0,0.03225752921804458],[0.0,1.0,0.0,0.023917714522818122],[0.0,0.0,1.0,0.11015000000000001],[0.0,0.0,0.0,1.0]]",p_S_m = R_S_step * p_step_m + t_S_m,STEP_LOCAL:M5_interstage_nut_3,S,m,mm,True,True,True,False,True
service,M5_interstage_bolt_4,"[[1.0,0.0,0.0,0.032257529218044576],[0.0,1.0,0.0,-0.023917714522818104],[0.0,0.0,1.0,0.128555],[0.0,0.0,0.0,1.0]]",p_S_m = R_S_step * p_step_m + t_S_m,STEP_LOCAL:M5_interstage_bolt_4,S,m,mm,True,True,True,False,True
service,M5_top_washer_4,"[[1.0,0.0,0.0,0.032257529218044576],[0.0,1.0,0.0,-0.023917714522818104],[0.0,0.0,1.0,0.128055],[0.0,0.0,0.0,1.0]]",p_S_m = R_S_step * p_step_m + t_S_m,STEP_LOCAL:M5_top_washer_4,S,m,mm,True,True,True,False,True
service,M5_bottom_washer_4,"[[1.0,0.0,0.0,0.032257529218044576],[0.0,1.0,0.0,-0.023917714522818104],[0.0,0.0,1.0,0.11265000000000001],[0.0,0.0,0.0,1.0]]",p_S_m = R_S_step * p_step_m + t_S_m,STEP_LOCAL:M5_bottom_washer_4,S,m,mm,True,True,True,False,True
service,M5_interstage_nut_4,"[[1.0,0.0,0.0,0.032257529218044576],[0.0,1.0,0.0,-0.023917714522818104],[0.0,0.0,1.0,0.11015000000000001],[0.0,0.0,0.0,1.0]]",p_S_m = R_S_step * p_step_m + t_S_m,STEP_LOCAL:M5_interstage_nut_4,S,m,mm,True,True,True,False,True
service,M5_interstage_bolt_5,"[[1.0,0.0,0.0,0.0660822854771819],[0.0,1.0,0.0,-0.05774247078195543],[0.0,0.0,1.0,0.128555],[0.0,0.0,0.0,1.0]]",p_S_m = R_S_step * p_step_m + t_S_m,STEP_LOCAL:M5_interstage_bolt_5,S,m,mm,True,True,True,False,True
service,M5_top_washer_5,"[[1.0,0.0,0.0,0.0660822854771819],[0.0,1.0,0.0,-0.05774247078195543],[0.0,0.0,1.0,0.128055],[0.0,0.0,0.0,1.0]]",p_S_m = R_S_step * p_step_m + t_S_m,STEP_LOCAL:M5_top_washer_5,S,m,mm,True,True,True,False,True
service,M5_bottom_washer_5,"[[1.0,0.0,0.0,0.0660822854771819],[0.0,1.0,0.0,-0.05774247078195543],[0.0,0.0,1.0,0.11265000000000001],[0.0,0.0,0.0,1.0]]",p_S_m = R_S_step * p_step_m + t_S_m,STEP_LOCAL:M5_bottom_washer_5,S,m,mm,True,True,True,False,True
service,M5_interstage_nut_5,"[[1.0,0.0,0.0,0.0660822854771819],[0.0,1.0,0.0,-0.05774247078195543],[0.0,0.0,1.0,0.11015000000000001],[0.0,0.0,0.0,1.0]]",p_S_m = R_S_step * p_step_m + t_S_m,STEP_LOCAL:M5_interstage_nut_5,S,m,mm,True,True,True,False,True
service,M5_interstage_bolt_6,"[[1.0,0.0,0.0,0.11391771452281814],[0.0,1.0,0.0,-0.057742470781955414],[0.0,0.0,1.0,0.128555],[0.0,0.0,0.0,1.0]]",p_S_m = R_S_step * p_step_m + t_S_m,STEP_LOCAL:M5_interstage_bolt_6,S,m,mm,True,True,True,False,True
service,M5_top_washer_6,"[[1.0,0.0,0.0,0.11391771452281814],[0.0,1.0,0.0,-0.057742470781955414],[0.0,0.0,1.0,0.128055],[0.0,0.0,0.0,1.0]]",p_S_m = R_S_step * p_step_m + t_S_m,STEP_LOCAL:M5_top_washer_6,S,m,mm,True,True,True,False,True
service,M5_bottom_washer_6,"[[1.0,0.0,0.0,0.11391771452281814],[0.0,1.0,0.0,-0.057742470781955414],[0.0,0.0,1.0,0.11265000000000001],[0.0,0.0,0.0,1.0]]",p_S_m = R_S_step * p_step_m + t_S_m,STEP_LOCAL:M5_bottom_washer_6,S,m,mm,True,True,True,False,True
service,M5_interstage_nut_6,"[[1.0,0.0,0.0,0.11391771452281814],[0.0,1.0,0.0,-0.057742470781955414],[0.0,0.0,1.0,0.11015000000000001],[0.0,0.0,0.0,1.0]]",p_S_m = R_S_step * p_step_m + t_S_m,STEP_LOCAL:M5_interstage_nut_6,S,m,mm,True,True,True,False,True
service,M5_interstage_bolt_7,"[[1.0,0.0,0.0,0.14774247078195543],[0.0,1.0,0.0,-0.023917714522818097],[0.0,0.0,1.0,0.128555],[0.0,0.0,0.0,1.0]]",p_S_m = R_S_step * p_step_m + t_S_m,STEP_LOCAL:M5_interstage_bolt_7,S,m,mm,True,True,True,False,True
service,M5_top_washer_7,"[[1.0,0.0,0.0,0.14774247078195543],[0.0,1.0,0.0,-0.023917714522818097],[0.0,0.0,1.0,0.128055],[0.0,0.0,0.0,1.0]]",p_S_m = R_S_step * p_step_m + t_S_m,STEP_LOCAL:M5_top_washer_7,S,m,mm,True,True,True,False,True
service,M5_bottom_washer_7,"[[1.0,0.0,0.0,0.14774247078195543],[0.0,1.0,0.0,-0.023917714522818097],[0.0,0.0,1.0,0.11265000000000001],[0.0,0.0,0.0,1.0]]",p_S_m = R_S_step * p_step_m + t_S_m,STEP_LOCAL:M5_bottom_washer_7,S,m,mm,True,True,True,False,True
service,M5_interstage_nut_7,"[[1.0,0.0,0.0,0.14774247078195543],[0.0,1.0,0.0,-0.023917714522818097],[0.0,0.0,1.0,0.11015000000000001],[0.0,0.0,0.0,1.0]]",p_S_m = R_S_step * p_step_m + t_S_m,STEP_LOCAL:M5_interstage_nut_7,S,m,mm,True,True,True,False,True
service,shear_web_-1,"[[1.0,0.0,0.0,0.0],[0.0,1.0,0.0,0.0],[0.0,0.0,1.0,0.0],[0.0,0.0,0.0,1.0]]",p_S_m = R_S_step * p_step_m + t_S_m,STEP_LOCAL:shear_web_-1,S,m,mm,True,False,True,False,True
service,shear_clip_-1_-150_-94,"[[1.0,0.0,0.0,-0.15],[0.0,1.0,0.0,-0.10615000000000001],[0.0,0.0,1.0,-0.094],[0.0,0.0,0.0,1.0]]",p_S_m = R_S_step * p_step_m + t_S_m,STEP_LOCAL:shear_clip_-1_-150_-94,S,m,mm,True,True,True,False,True
service,shear_rail_screw_-1_-150_-94,"[[1.0,0.0,0.0,0.0],[0.0,1.0,0.0,0.0],[0.0,0.0,1.0,0.0],[0.0,0.0,0.0,1.0]]",p_S_m = R_S_step * p_step_m + t_S_m,STEP_LOCAL:shear_rail_screw_-1_-150_-94,S,m,mm,True,True,True,False,True
service,shear_web_screw_-1_-150_-94,"[[1.0,0.0,0.0,0.0],[0.0,1.0,0.0,0.0],[0.0,0.0,1.0,0.0],[0.0,0.0,0.0,1.0]]",p_S_m = R_S_step * p_step_m + t_S_m,STEP_LOCAL:shear_web_screw_-1_-150_-94,S,m,mm,True,True,True,False,True
service,shear_clip_-1_-150_94,"[[1.0,0.0,0.0,-0.15],[0.0,1.0,0.0,-0.10615000000000001],[0.0,0.0,1.0,0.094],[0.0,0.0,0.0,1.0]]",p_S_m = R_S_step * p_step_m + t_S_m,STEP_LOCAL:shear_clip_-1_-150_94,S,m,mm,True,True,True,False,True
service,shear_rail_screw_-1_-150_94,"[[1.0,0.0,0.0,0.0],[0.0,1.0,0.0,0.0],[0.0,0.0,1.0,0.0],[0.0,0.0,0.0,1.0]]",p_S_m = R_S_step * p_step_m + t_S_m,STEP_LOCAL:shear_rail_screw_-1_-150_94,S,m,mm,True,True,True,False,True
service,shear_web_screw_-1_-150_94,"[[1.0,0.0,0.0,0.0],[0.0,1.0,0.0,0.0],[0.0,0.0,1.0,0.0],[0.0,0.0,0.0,1.0]]",p_S_m = R_S_step * p_step_m + t_S_m,STEP_LOCAL:shear_web_screw_-1_-150_94,S,m,mm,True,True,True,False,True
service,shear_clip_-1_-90_-94,"[[1.0,0.0,0.0,-0.09],[0.0,1.0,0.0,-0.10615000000000001],[0.0,0.0,1.0,-0.094],[0.0,0.0,0.0,1.0]]",p_S_m = R_S_step * p_step_m + t_S_m,STEP_LOCAL:shear_clip_-1_-90_-94,S,m,mm,True,True,True,False,True
service,shear_rail_screw_-1_-90_-94,"[[1.0,0.0,0.0,0.0],[0.0,1.0,0.0,0.0],[0.0,0.0,1.0,0.0],[0.0,0.0,0.0,1.0]]",p_S_m = R_S_step * p_step_m + t_S_m,STEP_LOCAL:shear_rail_screw_-1_-90_-94,S,m,mm,True,True,True,False,True
service,shear_web_screw_-1_-90_-94,"[[1.0,0.0,0.0,0.0],[0.0,1.0,0.0,0.0],[0.0,0.0,1.0,0.0],[0.0,0.0,0.0,1.0]]",p_S_m = R_S_step * p_step_m + t_S_m,STEP_LOCAL:shear_web_screw_-1_-90_-94,S,m,mm,True,True,True,False,True
service,shear_clip_-1_-90_94,"[[1.0,0.0,0.0,-0.09],[0.0,1.0,0.0,-0.10615000000000001],[0.0,0.0,1.0,0.094],[0.0,0.0,0.0,1.0]]",p_S_m = R_S_step * p_step_m + t_S_m,STEP_LOCAL:shear_clip_-1_-90_94,S,m,mm,True,True,True,False,True
service,shear_rail_screw_-1_-90_94,"[[1.0,0.0,0.0,0.0],[0.0,1.0,0.0,0.0],[0.0,0.0,1.0,0.0],[0.0,0.0,0.0,1.0]]",p_S_m = R_S_step * p_step_m + t_S_m,STEP_LOCAL:shear_rail_screw_-1_-90_94,S,m,mm,True,True,True,False,True
service,shear_web_screw_-1_-90_94,"[[1.0,0.0,0.0,0.0],[0.0,1.0,0.0,0.0],[0.0,0.0,1.0,0.0],[0.0,0.0,0.0,1.0]]",p_S_m = R_S_step * p_step_m + t_S_m,STEP_LOCAL:shear_web_screw_-1_-90_94,S,m,mm,True,True,True,False,True
service,shear_clip_-1_-30_-94,"[[1.0,0.0,0.0,-0.03],[0.0,1.0,0.0,-0.10615000000000001],[0.0,0.0,1.0,-0.094],[0.0,0.0,0.0,1.0]]",p_S_m = R_S_step * p_step_m + t_S_m,STEP_LOCAL:shear_clip_-1_-30_-94,S,m,mm,True,True,True,False,True
service,shear_rail_screw_-1_-30_-94,"[[1.0,0.0,0.0,0.0],[0.0,1.0,0.0,0.0],[0.0,0.0,1.0,0.0],[0.0,0.0,0.0,1.0]]",p_S_m = R_S_step * p_step_m + t_S_m,STEP_LOCAL:shear_rail_screw_-1_-30_-94,S,m,mm,True,True,True,False,True
service,shear_web_screw_-1_-30_-94,"[[1.0,0.0,0.0,0.0],[0.0,1.0,0.0,0.0],[0.0,0.0,1.0,0.0],[0.0,0.0,0.0,1.0]]",p_S_m = R_S_step * p_step_m + t_S_m,STEP_LOCAL:shear_web_screw_-1_-30_-94,S,m,mm,True,True,True,False,True
service,shear_clip_-1_-30_94,"[[1.0,0.0,0.0,-0.03],[0.0,1.0,0.0,-0.10615000000000001],[0.0,0.0,1.0,0.094],[0.0,0.0,0.0,1.0]]",p_S_m = R_S_step * p_step_m + t_S_m,STEP_LOCAL:shear_clip_-1_-30_94,S,m,mm,True,True,True,False,True
service,shear_rail_screw_-1_-30_94,"[[1.0,0.0,0.0,0.0],[0.0,1.0,0.0,0.0],[0.0,0.0,1.0,0.0],[0.0,0.0,0.0,1.0]]",p_S_m = R_S_step * p_step_m + t_S_m,STEP_LOCAL:shear_rail_screw_-1_-30_94,S,m,mm,True,True,True,False,True
service,shear_web_screw_-1_-30_94,"[[1.0,0.0,0.0,0.0],[0.0,1.0,0.0,0.0],[0.0,0.0,1.0,0.0],[0.0,0.0,0.0,1.0]]",p_S_m = R_S_step * p_step_m + t_S_m,STEP_LOCAL:shear_web_screw_-1_-30_94,S,m,mm,True,True,True,False,True
service,shear_clip_-1_30_-94,"[[1.0,0.0,0.0,0.03],[0.0,1.0,0.0,-0.10615000000000001],[0.0,0.0,1.0,-0.094],[0.0,0.0,0.0,1.0]]",p_S_m = R_S_step * p_step_m + t_S_m,STEP_LOCAL:shear_clip_-1_30_-94,S,m,mm,True,True,True,False,True
service,shear_rail_screw_-1_30_-94,"[[1.0,0.0,0.0,0.0],[0.0,1.0,0.0,0.0],[0.0,0.0,1.0,0.0],[0.0,0.0,0.0,1.0]]",p_S_m = R_S_step * p_step_m + t_S_m,STEP_LOCAL:shear_rail_screw_-1_30_-94,S,m,mm,True,True,True,False,True
service,shear_web_screw_-1_30_-94,"[[1.0,0.0,0.0,0.0],[0.0,1.0,0.0,0.0],[0.0,0.0,1.0,0.0],[0.0,0.0,0.0,1.0]]",p_S_m = R_S_step * p_step_m + t_S_m,STEP_LOCAL:shear_web_screw_-1_30_-94,S,m,mm,True,True,True,False,True
service,shear_clip_-1_30_94,"[[1.0,0.0,0.0,0.03],[0.0,1.0,0.0,-0.10615000000000001],[0.0,0.0,1.0,0.094],[0.0,0.0,0.0,1.0]]",p_S_m = R_S_step * p_step_m + t_S_m,STEP_LOCAL:shear_clip_-1_30_94,S,m,mm,True,True,True,False,True
service,shear_rail_screw_-1_30_94,"[[1.0,0.0,0.0,0.0],[0.0,1.0,0.0,0.0],[0.0,0.0,1.0,0.0],[0.0,0.0,0.0,1.0]]",p_S_m = R_S_step * p_step_m + t_S_m,STEP_LOCAL:shear_rail_screw_-1_30_94,S,m,mm,True,True,True,False,True
service,shear_web_screw_-1_30_94,"[[1.0,0.0,0.0,0.0],[0.0,1.0,0.0,0.0],[0.0,0.0,1.0,0.0],[0.0,0.0,0.0,1.0]]",p_S_m = R_S_step * p_step_m + t_S_m,STEP_LOCAL:shear_web_screw_-1_30_94,S,m,mm,True,True,True,False,True
service,shear_clip_-1_90_-94,"[[1.0,0.0,0.0,0.09],[0.0,1.0,0.0,-0.10615000000000001],[0.0,0.0,1.0,-0.094],[0.0,0.0,0.0,1.0]]",p_S_m = R_S_step * p_step_m + t_S_m,STEP_LOCAL:shear_clip_-1_90_-94,S,m,mm,True,True,True,False,True
service,shear_rail_screw_-1_90_-94,"[[1.0,0.0,0.0,0.0],[0.0,1.0,0.0,0.0],[0.0,0.0,1.0,0.0],[0.0,0.0,0.0,1.0]]",p_S_m = R_S_step * p_step_m + t_S_m,STEP_LOCAL:shear_rail_screw_-1_90_-94,S,m,mm,True,True,True,False,True
service,shear_web_screw_-1_90_-94,"[[1.0,0.0,0.0,0.0],[0.0,1.0,0.0,0.0],[0.0,0.0,1.0,0.0],[0.0,0.0,0.0,1.0]]",p_S_m = R_S_step * p_step_m + t_S_m,STEP_LOCAL:shear_web_screw_-1_90_-94,S,m,mm,True,True,True,False,True
service,shear_clip_-1_90_94,"[[1.0,0.0,0.0,0.09],[0.0,1.0,0.0,-0.10615000000000001],[0.0,0.0,1.0,0.094],[0.0,0.0,0.0,1.0]]",p_S_m = R_S_step * p_step_m + t_S_m,STEP_LOCAL:shear_clip_-1_90_94,S,m,mm,True,True,True,False,True
service,shear_rail_screw_-1_90_94,"[[1.0,0.0,0.0,0.0],[0.0,1.0,0.0,0.0],[0.0,0.0,1.0,0.0],[0.0,0.0,0.0,1.0]]",p_S_m = R_S_step * p_step_m + t_S_m,STEP_LOCAL:shear_rail_screw_-1_90_94,S,m,mm,True,True,True,False,True
service,shear_web_screw_-1_90_94,"[[1.0,0.0,0.0,0.0],[0.0,1.0,0.0,0.0],[0.0,0.0,1.0,0.0],[0.0,0.0,0.0,1.0]]",p_S_m = R_S_step * p_step_m + t_S_m,STEP_LOCAL:shear_web_screw_-1_90_94,S,m,mm,True,True,True,False,True
service,shear_clip_-1_150_-94,"[[1.0,0.0,0.0,0.0],[0.0,1.0,0.0,0.0],[0.0,0.0,1.0,0.0],[0.0,0.0,0.0,1.0]]",p_S_m = R_S_step * p_step_m + t_S_m,STEP_LOCAL:shear_clip_-1_150_-94,S,m,mm,True,True,True,False,True
service,shear_rail_screw_-1_150_-94,"[[1.0,0.0,0.0,0.0],[0.0,1.0,0.0,0.0],[0.0,0.0,1.0,0.0],[0.0,0.0,0.0,1.0]]",p_S_m = R_S_step * p_step_m + t_S_m,STEP_LOCAL:shear_rail_screw_-1_150_-94,S,m,mm,True,True,True,False,True
service,shear_clip_-1_150_94,"[[1.0,0.0,0.0,0.0],[0.0,1.0,0.0,0.0],[0.0,0.0,1.0,0.0],[0.0,0.0,0.0,1.0]]",p_S_m = R_S_step * p_step_m + t_S_m,STEP_LOCAL:shear_clip_-1_150_94,S,m,mm,True,True,True,False,True
service,shear_rail_screw_-1_150_94,"[[1.0,0.0,0.0,0.0],[0.0,1.0,0.0,0.0],[0.0,0.0,1.0,0.0],[0.0,0.0,0.0,1.0]]",p_S_m = R_S_step * p_step_m + t_S_m,STEP_LOCAL:shear_rail_screw_-1_150_94,S,m,mm,True,True,True,False,True
service,shear_web_1,"[[1.0,0.0,0.0,0.0],[0.0,1.0,0.0,0.0],[0.0,0.0,1.0,0.0],[0.0,0.0,0.0,1.0]]",p_S_m = R_S_step * p_step_m + t_S_m,STEP_LOCAL:shear_web_1,S,m,mm,True,False,True,False,True
service,shear_clip_1_-150_-94,"[[1.0,0.0,0.0,-0.15],[0.0,1.0,0.0,0.10615000000000001],[0.0,0.0,1.0,-0.094],[0.0,0.0,0.0,1.0]]",p_S_m = R_S_step * p_step_m + t_S_m,STEP_LOCAL:shear_clip_1_-150_-94,S,m,mm,True,True,True,False,True
service,shear_rail_screw_1_-150_-94,"[[1.0,0.0,0.0,0.0],[0.0,1.0,0.0,0.0],[0.0,0.0,1.0,0.0],[0.0,0.0,0.0,1.0]]",p_S_m = R_S_step * p_step_m + t_S_m,STEP_LOCAL:shear_rail_screw_1_-150_-94,S,m,mm,True,True,True,False,True
service,shear_web_screw_1_-150_-94,"[[1.0,0.0,0.0,0.0],[0.0,1.0,0.0,0.0],[0.0,0.0,1.0,0.0],[0.0,0.0,0.0,1.0]]",p_S_m = R_S_step * p_step_m + t_S_m,STEP_LOCAL:shear_web_screw_1_-150_-94,S,m,mm,True,True,True,False,True
service,shear_clip_1_-150_94,"[[1.0,0.0,0.0,-0.15],[0.0,1.0,0.0,0.10615000000000001],[0.0,0.0,1.0,0.094],[0.0,0.0,0.0,1.0]]",p_S_m = R_S_step * p_step_m + t_S_m,STEP_LOCAL:shear_clip_1_-150_94,S,m,mm,True,True,True,False,True
service,shear_rail_screw_1_-150_94,"[[1.0,0.0,0.0,0.0],[0.0,1.0,0.0,0.0],[0.0,0.0,1.0,0.0],[0.0,0.0,0.0,1.0]]",p_S_m = R_S_step * p_step_m + t_S_m,STEP_LOCAL:shear_rail_screw_1_-150_94,S,m,mm,True,True,True,False,True
service,shear_web_screw_1_-150_94,"[[1.0,0.0,0.0,0.0],[0.0,1.0,0.0,0.0],[0.0,0.0,1.0,0.0],[0.0,0.0,0.0,1.0]]",p_S_m = R_S_step * p_step_m + t_S_m,STEP_LOCAL:shear_web_screw_1_-150_94,S,m,mm,True,True,True,False,True
service,shear_clip_1_-90_-94,"[[1.0,0.0,0.0,-0.09],[0.0,1.0,0.0,0.10615000000000001],[0.0,0.0,1.0,-0.094],[0.0,0.0,0.0,1.0]]",p_S_m = R_S_step * p_step_m + t_S_m,STEP_LOCAL:shear_clip_1_-90_-94,S,m,mm,True,True,True,False,True
service,shear_rail_screw_1_-90_-94,"[[1.0,0.0,0.0,0.0],[0.0,1.0,0.0,0.0],[0.0,0.0,1.0,0.0],[0.0,0.0,0.0,1.0]]",p_S_m = R_S_step * p_step_m + t_S_m,STEP_LOCAL:shear_rail_screw_1_-90_-94,S,m,mm,True,True,True,False,True
service,shear_web_screw_1_-90_-94,"[[1.0,0.0,0.0,0.0],[0.0,1.0,0.0,0.0],[0.0,0.0,1.0,0.0],[0.0,0.0,0.0,1.0]]",p_S_m = R_S_step * p_step_m + t_S_m,STEP_LOCAL:shear_web_screw_1_-90_-94,S,m,mm,True,True,True,False,True
service,shear_clip_1_-90_94,"[[1.0,0.0,0.0,-0.09],[0.0,1.0,0.0,0.10615000000000001],[0.0,0.0,1.0,0.094],[0.0,0.0,0.0,1.0]]",p_S_m = R_S_step * p_step_m + t_S_m,STEP_LOCAL:shear_clip_1_-90_94,S,m,mm,True,True,True,False,True
service,shear_rail_screw_1_-90_94,"[[1.0,0.0,0.0,0.0],[0.0,1.0,0.0,0.0],[0.0,0.0,1.0,0.0],[0.0,0.0,0.0,1.0]]",p_S_m = R_S_step * p_step_m + t_S_m,STEP_LOCAL:shear_rail_screw_1_-90_94,S,m,mm,True,True,True,False,True
service,shear_web_screw_1_-90_94,"[[1.0,0.0,0.0,0.0],[0.0,1.0,0.0,0.0],[0.0,0.0,1.0,0.0],[0.0,0.0,0.0,1.0]]",p_S_m = R_S_step * p_step_m + t_S_m,STEP_LOCAL:shear_web_screw_1_-90_94,S,m,mm,True,True,True,False,True
service,shear_clip_1_-30_-94,"[[1.0,0.0,0.0,-0.03],[0.0,1.0,0.0,0.10615000000000001],[0.0,0.0,1.0,-0.094],[0.0,0.0,0.0,1.0]]",p_S_m = R_S_step * p_step_m + t_S_m,STEP_LOCAL:shear_clip_1_-30_-94,S,m,mm,True,True,True,False,True
service,shear_rail_screw_1_-30_-94,"[[1.0,0.0,0.0,0.0],[0.0,1.0,0.0,0.0],[0.0,0.0,1.0,0.0],[0.0,0.0,0.0,1.0]]",p_S_m = R_S_step * p_step_m + t_S_m,STEP_LOCAL:shear_rail_screw_1_-30_-94,S,m,mm,True,True,True,False,True
service,shear_web_screw_1_-30_-94,"[[1.0,0.0,0.0,0.0],[0.0,1.0,0.0,0.0],[0.0,0.0,1.0,0.0],[0.0,0.0,0.0,1.0]]",p_S_m = R_S_step * p_step_m + t_S_m,STEP_LOCAL:shear_web_screw_1_-30_-94,S,m,mm,True,True,True,False,True
service,shear_clip_1_-30_94,"[[1.0,0.0,0.0,-0.03],[0.0,1.0,0.0,0.10615000000000001],[0.0,0.0,1.0,0.094],[0.0,0.0,0.0,1.0]]",p_S_m = R_S_step * p_step_m + t_S_m,STEP_LOCAL:shear_clip_1_-30_94,S,m,mm,True,True,True,False,True
service,shear_rail_screw_1_-30_94,"[[1.0,0.0,0.0,0.0],[0.0,1.0,0.0,0.0],[0.0,0.0,1.0,0.0],[0.0,0.0,0.0,1.0]]",p_S_m = R_S_step * p_step_m + t_S_m,STEP_LOCAL:shear_rail_screw_1_-30_94,S,m,mm,True,True,True,False,True
service,shear_web_screw_1_-30_94,"[[1.0,0.0,0.0,0.0],[0.0,1.0,0.0,0.0],[0.0,0.0,1.0,0.0],[0.0,0.0,0.0,1.0]]",p_S_m = R_S_step * p_step_m + t_S_m,STEP_LOCAL:shear_web_screw_1_-30_94,S,m,mm,True,True,True,False,True
service,shear_clip_1_30_-94,"[[1.0,0.0,0.0,0.03],[0.0,1.0,0.0,0.10615000000000001],[0.0,0.0,1.0,-0.094],[0.0,0.0,0.0,1.0]]",p_S_m = R_S_step * p_step_m + t_S_m,STEP_LOCAL:shear_clip_1_30_-94,S,m,mm,True,True,True,False,True
service,shear_rail_screw_1_30_-94,"[[1.0,0.0,0.0,0.0],[0.0,1.0,0.0,0.0],[0.0,0.0,1.0,0.0],[0.0,0.0,0.0,1.0]]",p_S_m = R_S_step * p_step_m + t_S_m,STEP_LOCAL:shear_rail_screw_1_30_-94,S,m,mm,True,True,True,False,True
service,shear_web_screw_1_30_-94,"[[1.0,0.0,0.0,0.0],[0.0,1.0,0.0,0.0],[0.0,0.0,1.0,0.0],[0.0,0.0,0.0,1.0]]",p_S_m = R_S_step * p_step_m + t_S_m,STEP_LOCAL:shear_web_screw_1_30_-94,S,m,mm,True,True,True,False,True
service,shear_clip_1_30_94,"[[1.0,0.0,0.0,0.03],[0.0,1.0,0.0,0.10615000000000001],[0.0,0.0,1.0,0.094],[0.0,0.0,0.0,1.0]]",p_S_m = R_S_step * p_step_m + t_S_m,STEP_LOCAL:shear_clip_1_30_94,S,m,mm,True,True,True,False,True
service,shear_rail_screw_1_30_94,"[[1.0,0.0,0.0,0.0],[0.0,1.0,0.0,0.0],[0.0,0.0,1.0,0.0],[0.0,0.0,0.0,1.0]]",p_S_m = R_S_step * p_step_m + t_S_m,STEP_LOCAL:shear_rail_screw_1_30_94,S,m,mm,True,True,True,False,True
service,shear_web_screw_1_30_94,"[[1.0,0.0,0.0,0.0],[0.0,1.0,0.0,0.0],[0.0,0.0,1.0,0.0],[0.0,0.0,0.0,1.0]]",p_S_m = R_S_step * p_step_m + t_S_m,STEP_LOCAL:shear_web_screw_1_30_94,S,m,mm,True,True,True,False,True
service,shear_clip_1_90_-94,"[[1.0,0.0,0.0,0.09],[0.0,1.0,0.0,0.10615000000000001],[0.0,0.0,1.0,-0.094],[0.0,0.0,0.0,1.0]]",p_S_m = R_S_step * p_step_m + t_S_m,STEP_LOCAL:shear_clip_1_90_-94,S,m,mm,True,True,True,False,True
service,shear_rail_screw_1_90_-94,"[[1.0,0.0,0.0,0.0],[0.0,1.0,0.0,0.0],[0.0,0.0,1.0,0.0],[0.0,0.0,0.0,1.0]]",p_S_m = R_S_step * p_step_m + t_S_m,STEP_LOCAL:shear_rail_screw_1_90_-94,S,m,mm,True,True,True,False,True
service,shear_web_screw_1_90_-94,"[[1.0,0.0,0.0,0.0],[0.0,1.0,0.0,0.0],[0.0,0.0,1.0,0.0],[0.0,0.0,0.0,1.0]]",p_S_m = R_S_step * p_step_m + t_S_m,STEP_LOCAL:shear_web_screw_1_90_-94,S,m,mm,True,True,True,False,True
service,shear_clip_1_90_94,"[[1.0,0.0,0.0,0.09],[0.0,1.0,0.0,0.10615000000000001],[0.0,0.0,1.0,0.094],[0.0,0.0,0.0,1.0]]",p_S_m = R_S_step * p_step_m + t_S_m,STEP_LOCAL:shear_clip_1_90_94,S,m,mm,True,True,True,False,True
service,shear_rail_screw_1_90_94,"[[1.0,0.0,0.0,0.0],[0.0,1.0,0.0,0.0],[0.0,0.0,1.0,0.0],[0.0,0.0,0.0,1.0]]",p_S_m = R_S_step * p_step_m + t_S_m,STEP_LOCAL:shear_rail_screw_1_90_94,S,m,mm,True,True,True,False,True
service,shear_web_screw_1_90_94,"[[1.0,0.0,0.0,0.0],[0.0,1.0,0.0,0.0],[0.0,0.0,1.0,0.0],[0.0,0.0,0.0,1.0]]",p_S_m = R_S_step * p_step_m + t_S_m,STEP_LOCAL:shear_web_screw_1_90_94,S,m,mm,True,True,True,False,True
service,shear_clip_1_150_-94,"[[1.0,0.0,0.0,0.0],[0.0,1.0,0.0,0.0],[0.0,0.0,1.0,0.0],[0.0,0.0,0.0,1.0]]",p_S_m = R_S_step * p_step_m + t_S_m,STEP_LOCAL:shear_clip_1_150_-94,S,m,mm,True,True,True,False,True
service,shear_rail_screw_1_150_-94,"[[1.0,0.0,0.0,0.0],[0.0,1.0,0.0,0.0],[0.0,0.0,1.0,0.0],[0.0,0.0,0.0,1.0]]",p_S_m = R_S_step * p_step_m + t_S_m,STEP_LOCAL:shear_rail_screw_1_150_-94,S,m,mm,True,True,True,False,True
service,shear_clip_1_150_94,"[[1.0,0.0,0.0,0.0],[0.0,1.0,0.0,0.0],[0.0,0.0,1.0,0.0],[0.0,0.0,0.0,1.0]]",p_S_m = R_S_step * p_step_m + t_S_m,STEP_LOCAL:shear_clip_1_150_94,S,m,mm,True,True,True,False,True
service,shear_rail_screw_1_150_94,"[[1.0,0.0,0.0,0.0],[0.0,1.0,0.0,0.0],[0.0,0.0,1.0,0.0],[0.0,0.0,0.0,1.0]]",p_S_m = R_S_step * p_step_m + t_S_m,STEP_LOCAL:shear_rail_screw_1_150_94,S,m,mm,True,True,True,False,True
service,lower_deck_angle_-1_0,"[[1.0,0.0,0.0,0.0],[0.0,1.0,0.0,0.0],[0.0,0.0,1.0,0.0],[0.0,0.0,0.0,1.0]]",p_S_m = R_S_step * p_step_m + t_S_m,STEP_LOCAL:lower_deck_angle_-1_0,S,m,mm,True,False,False,False,True
service,lower_deck_angle_-1_1,"[[1.0,0.0,0.0,0.0],[0.0,1.0,0.0,0.0],[0.0,0.0,1.0,0.0],[0.0,0.0,0.0,1.0]]",p_S_m = R_S_step * p_step_m + t_S_m,STEP_LOCAL:lower_deck_angle_-1_1,S,m,mm,True,False,True,False,True
service,lower_deck_angle_1_0,"[[1.0,0.0,0.0,0.0],[0.0,1.0,0.0,0.0],[0.0,0.0,1.0,0.0],[0.0,0.0,0.0,1.0]]",p_S_m = R_S_step * p_step_m + t_S_m,STEP_LOCAL:lower_deck_angle_1_0,S,m,mm,True,False,False,False,True
service,lower_deck_angle_1_1,"[[1.0,0.0,0.0,0.0],[0.0,1.0,0.0,0.0],[0.0,0.0,1.0,0.0],[0.0,0.0,0.0,1.0]]",p_S_m = R_S_step * p_step_m + t_S_m,STEP_LOCAL:lower_deck_angle_1_1,S,m,mm,True,False,True,False,True
service,upper_deck_angle_-1_0,"[[1.0,0.0,0.0,-0.07775],[0.0,1.0,0.0,-0.09615000000000001],[0.0,0.0,1.0,-0.013000000000000001],[0.0,0.0,0.0,1.0]]",p_S_m = R_S_step * p_step_m + t_S_m,STEP_LOCAL:upper_deck_angle_-1_0,S,m,mm,True,True,True,False,True
service,upper_deck_angle_-1_1,"[[1.0,0.0,0.0,0.09],[0.0,1.0,0.0,-0.09615000000000001],[0.0,0.0,1.0,-0.013000000000000001],[0.0,0.0,0.0,1.0]]",p_S_m = R_S_step * p_step_m + t_S_m,STEP_LOCAL:upper_deck_angle_-1_1,S,m,mm,True,True,True,False,True
service,upper_deck_angle_1_0,"[[1.0,0.0,0.0,-0.07775],[0.0,1.0,0.0,0.09615000000000001],[0.0,0.0,1.0,-0.013000000000000001],[0.0,0.0,0.0,1.0]]",p_S_m = R_S_step * p_step_m + t_S_m,STEP_LOCAL:upper_deck_angle_1_0,S,m,mm,True,True,True,False,True
service,upper_deck_angle_1_1,"[[1.0,0.0,0.0,0.09],[0.0,1.0,0.0,0.09615000000000001],[0.0,0.0,1.0,-0.013000000000000001],[0.0,0.0,0.0,1.0]]",p_S_m = R_S_step * p_step_m + t_S_m,STEP_LOCAL:upper_deck_angle_1_1,S,m,mm,True,True,True,False,True
service,R01_D_lower_-1_-150_screw,"[[1.0,0.0,0.0,0.0],[0.0,1.0,0.0,0.0],[0.0,0.0,1.0,0.0],[0.0,0.0,0.0,1.0]]",p_S_m = R_S_step * p_step_m + t_S_m,STEP_LOCAL:R01_D_lower_-1_-150_screw,S,m,mm,True,True,True,False,True
service,R01_D_lower_-1_-150_washer_head,"[[1.0,0.0,0.0,0.0],[0.0,1.0,0.0,0.0],[0.0,0.0,1.0,0.0],[0.0,0.0,0.0,1.0]]",p_S_m = R_S_step * p_step_m + t_S_m,STEP_LOCAL:R01_D_lower_-1_-150_washer_head,S,m,mm,True,True,True,False,True
service,R01_D_lower_-1_-150_washer_nut,"[[1.0,0.0,0.0,0.0],[0.0,1.0,0.0,0.0],[0.0,0.0,1.0,0.0],[0.0,0.0,0.0,1.0]]",p_S_m = R_S_step * p_step_m + t_S_m,STEP_LOCAL:R01_D_lower_-1_-150_washer_nut,S,m,mm,True,True,True,False,True
service,R01_D_lower_-1_-150_nut,"[[1.0,0.0,0.0,0.0],[0.0,1.0,0.0,0.0],[0.0,0.0,1.0,0.0],[0.0,0.0,0.0,1.0]]",p_S_m = R_S_step * p_step_m + t_S_m,STEP_LOCAL:R01_D_lower_-1_-150_nut,S,m,mm,True,True,True,False,True
service,R01_D_lower_-1_-50_screw,"[[1.0,0.0,0.0,0.0],[0.0,1.0,0.0,0.0],[0.0,0.0,1.0,0.0],[0.0,0.0,0.0,1.0]]",p_S_m = R_S_step * p_step_m + t_S_m,STEP_LOCAL:R01_D_lower_-1_-50_screw,S,m,mm,True,True,True,False,True
service,R01_D_lower_-1_-50_washer_head,"[[1.0,0.0,0.0,0.0],[0.0,1.0,0.0,0.0],[0.0,0.0,1.0,0.0],[0.0,0.0,0.0,1.0]]",p_S_m = R_S_step * p_step_m + t_S_m,STEP_LOCAL:R01_D_lower_-1_-50_washer_head,S,m,mm,True,True,True,False,True
service,R01_D_lower_-1_-50_washer_nut,"[[1.0,0.0,0.0,0.0],[0.0,1.0,0.0,0.0],[0.0,0.0,1.0,0.0],[0.0,0.0,0.0,1.0]]",p_S_m = R_S_step * p_step_m + t_S_m,STEP_LOCAL:R01_D_lower_-1_-50_washer_nut,S,m,mm,True,True,True,False,True
service,R01_D_lower_-1_-50_nut,"[[1.0,0.0,0.0,0.0],[0.0,1.0,0.0,0.0],[0.0,0.0,1.0,0.0],[0.0,0.0,0.0,1.0]]",p_S_m = R_S_step * p_step_m + t_S_m,STEP_LOCAL:R01_D_lower_-1_-50_nut,S,m,mm,True,True,True,False,True
service,R01_W_lower_-1_-130_screw,"[[1.0,0.0,0.0,0.0],[0.0,1.0,0.0,0.0],[0.0,0.0,1.0,0.0],[0.0,0.0,0.0,1.0]]",p_S_m = R_S_step * p_step_m + t_S_m,STEP_LOCAL:R01_W_lower_-1_-130_screw,S,m,mm,True,True,True,False,True
service,R01_W_lower_-1_-130_washer_head,"[[1.0,0.0,0.0,0.0],[0.0,1.0,0.0,0.0],[0.0,0.0,1.0,0.0],[0.0,0.0,0.0,1.0]]",p_S_m = R_S_step * p_step_m + t_S_m,STEP_LOCAL:R01_W_lower_-1_-130_washer_head,S,m,mm,True,True,True,False,True
service,R01_W_lower_-1_-130_washer_nut,"[[1.0,0.0,0.0,0.0],[0.0,1.0,0.0,0.0],[0.0,0.0,1.0,0.0],[0.0,0.0,0.0,1.0]]",p_S_m = R_S_step * p_step_m + t_S_m,STEP_LOCAL:R01_W_lower_-1_-130_washer_nut,S,m,mm,True,True,True,False,True
service,R01_W_lower_-1_-130_nut,"[[1.0,0.0,0.0,0.0],[0.0,1.0,0.0,0.0],[0.0,0.0,1.0,0.0],[0.0,0.0,0.0,1.0]]",p_S_m = R_S_step * p_step_m + t_S_m,STEP_LOCAL:R01_W_lower_-1_-130_nut,S,m,mm,True,True,True,False,True
service,R01_W_lower_-1_-70_screw,"[[1.0,0.0,0.0,0.0],[0.0,1.0,0.0,0.0],[0.0,0.0,1.0,0.0],[0.0,0.0,0.0,1.0]]",p_S_m = R_S_step * p_step_m + t_S_m,STEP_LOCAL:R01_W_lower_-1_-70_screw,S,m,mm,True,True,True,False,True
service,R01_W_lower_-1_-70_washer_head,"[[1.0,0.0,0.0,0.0],[0.0,1.0,0.0,0.0],[0.0,0.0,1.0,0.0],[0.0,0.0,0.0,1.0]]",p_S_m = R_S_step * p_step_m + t_S_m,STEP_LOCAL:R01_W_lower_-1_-70_washer_head,S,m,mm,True,True,True,False,True
service,R01_W_lower_-1_-70_washer_nut,"[[1.0,0.0,0.0,0.0],[0.0,1.0,0.0,0.0],[0.0,0.0,1.0,0.0],[0.0,0.0,0.0,1.0]]",p_S_m = R_S_step * p_step_m + t_S_m,STEP_LOCAL:R01_W_lower_-1_-70_washer_nut,S,m,mm,True,True,True,False,True
service,R01_W_lower_-1_-70_nut,"[[1.0,0.0,0.0,0.0],[0.0,1.0,0.0,0.0],[0.0,0.0,1.0,0.0],[0.0,0.0,0.0,1.0]]",p_S_m = R_S_step * p_step_m + t_S_m,STEP_LOCAL:R01_W_lower_-1_-70_nut,S,m,mm,True,True,True,False,True
service,R01_D_lower_-1_50_screw,"[[1.0,0.0,0.0,0.0],[0.0,1.0,0.0,0.0],[0.0,0.0,1.0,0.0],[0.0,0.0,0.0,1.0]]",p_S_m = R_S_step * p_step_m + t_S_m,STEP_LOCAL:R01_D_lower_-1_50_screw,S,m,mm,True,True,True,False,True
service,R01_D_lower_-1_50_washer_head,"[[1.0,0.0,0.0,0.0],[0.0,1.0,0.0,0.0],[0.0,0.0,1.0,0.0],[0.0,0.0,0.0,1.0]]",p_S_m = R_S_step * p_step_m + t_S_m,STEP_LOCAL:R01_D_lower_-1_50_washer_head,S,m,mm,True,True,True,False,True
service,R01_D_lower_-1_50_washer_nut,"[[1.0,0.0,0.0,0.0],[0.0,1.0,0.0,0.0],[0.0,0.0,1.0,0.0],[0.0,0.0,0.0,1.0]]",p_S_m = R_S_step * p_step_m + t_S_m,STEP_LOCAL:R01_D_lower_-1_50_washer_nut,S,m,mm,True,True,True,False,True
service,R01_D_lower_-1_50_nut,"[[1.0,0.0,0.0,0.0],[0.0,1.0,0.0,0.0],[0.0,0.0,1.0,0.0],[0.0,0.0,0.0,1.0]]",p_S_m = R_S_step * p_step_m + t_S_m,STEP_LOCAL:R01_D_lower_-1_50_nut,S,m,mm,True,True,True,False,True
service,R01_D_lower_-1_140_screw,"[[1.0,0.0,0.0,0.0],[0.0,1.0,0.0,0.0],[0.0,0.0,1.0,0.0],[0.0,0.0,0.0,1.0]]",p_S_m = R_S_step * p_step_m + t_S_m,STEP_LOCAL:R01_D_lower_-1_140_screw,S,m,mm,True,True,True,False,True
service,R01_D_lower_-1_140_washer_head,"[[1.0,0.0,0.0,0.0],[0.0,1.0,0.0,0.0],[0.0,0.0,1.0,0.0],[0.0,0.0,0.0,1.0]]",p_S_m = R_S_step * p_step_m + t_S_m,STEP_LOCAL:R01_D_lower_-1_140_washer_head,S,m,mm,True,True,True,False,True
service,R01_D_lower_-1_140_washer_nut,"[[1.0,0.0,0.0,0.0],[0.0,1.0,0.0,0.0],[0.0,0.0,1.0,0.0],[0.0,0.0,0.0,1.0]]",p_S_m = R_S_step * p_step_m + t_S_m,STEP_LOCAL:R01_D_lower_-1_140_washer_nut,S,m,mm,True,True,True,False,True
service,R01_D_lower_-1_140_nut,"[[1.0,0.0,0.0,0.0],[0.0,1.0,0.0,0.0],[0.0,0.0,1.0,0.0],[0.0,0.0,0.0,1.0]]",p_S_m = R_S_step * p_step_m + t_S_m,STEP_LOCAL:R01_D_lower_-1_140_nut,S,m,mm,True,True,True,False,True
service,R01_W_lower_-1_60_screw,"[[1.0,0.0,0.0,0.0],[0.0,1.0,0.0,0.0],[0.0,0.0,1.0,0.0],[0.0,0.0,0.0,1.0]]",p_S_m = R_S_step * p_step_m + t_S_m,STEP_LOCAL:R01_W_lower_-1_60_screw,S,m,mm,True,True,True,False,True
service,R01_W_lower_-1_60_washer_head,"[[1.0,0.0,0.0,0.0],[0.0,1.0,0.0,0.0],[0.0,0.0,1.0,0.0],[0.0,0.0,0.0,1.0]]",p_S_m = R_S_step * p_step_m + t_S_m,STEP_LOCAL:R01_W_lower_-1_60_washer_head,S,m,mm,True,True,True,False,True
service,R01_W_lower_-1_60_washer_nut,"[[1.0,0.0,0.0,0.0],[0.0,1.0,0.0,0.0],[0.0,0.0,1.0,0.0],[0.0,0.0,0.0,1.0]]",p_S_m = R_S_step * p_step_m + t_S_m,STEP_LOCAL:R01_W_lower_-1_60_washer_nut,S,m,mm,True,True,True,False,True
service,R01_W_lower_-1_60_nut,"[[1.0,0.0,0.0,0.0],[0.0,1.0,0.0,0.0],[0.0,0.0,1.0,0.0],[0.0,0.0,0.0,1.0]]",p_S_m = R_S_step * p_step_m + t_S_m,STEP_LOCAL:R01_W_lower_-1_60_nut,S,m,mm,True,True,True,False,True
service,R01_W_lower_-1_130_screw,"[[1.0,0.0,0.0,0.0],[0.0,1.0,0.0,0.0],[0.0,0.0,1.0,0.0],[0.0,0.0,0.0,1.0]]",p_S_m = R_S_step * p_step_m + t_S_m,STEP_LOCAL:R01_W_lower_-1_130_screw,S,m,mm,True,True,True,False,True
service,R01_W_lower_-1_130_washer_head,"[[1.0,0.0,0.0,0.0],[0.0,1.0,0.0,0.0],[0.0,0.0,1.0,0.0],[0.0,0.0,0.0,1.0]]",p_S_m = R_S_step * p_step_m + t_S_m,STEP_LOCAL:R01_W_lower_-1_130_washer_head,S,m,mm,True,True,True,False,True
service,R01_W_lower_-1_130_washer_nut,"[[1.0,0.0,0.0,0.0],[0.0,1.0,0.0,0.0],[0.0,0.0,1.0,0.0],[0.0,0.0,0.0,1.0]]",p_S_m = R_S_step * p_step_m + t_S_m,STEP_LOCAL:R01_W_lower_-1_130_washer_nut,S,m,mm,True,True,True,False,True
service,R01_W_lower_-1_130_nut,"[[1.0,0.0,0.0,0.0],[0.0,1.0,0.0,0.0],[0.0,0.0,1.0,0.0],[0.0,0.0,0.0,1.0]]",p_S_m = R_S_step * p_step_m + t_S_m,STEP_LOCAL:R01_W_lower_-1_130_nut,S,m,mm,True,True,True,False,True
service,R01_D_lower_1_-150_screw,"[[1.0,0.0,0.0,0.0],[0.0,1.0,0.0,0.0],[0.0,0.0,1.0,0.0],[0.0,0.0,0.0,1.0]]",p_S_m = R_S_step * p_step_m + t_S_m,STEP_LOCAL:R01_D_lower_1_-150_screw,S,m,mm,True,True,True,False,True
service,R01_D_lower_1_-150_washer_head,"[[1.0,0.0,0.0,0.0],[0.0,1.0,0.0,0.0],[0.0,0.0,1.0,0.0],[0.0,0.0,0.0,1.0]]",p_S_m = R_S_step * p_step_m + t_S_m,STEP_LOCAL:R01_D_lower_1_-150_washer_head,S,m,mm,True,True,True,False,True
service,R01_D_lower_1_-150_washer_nut,"[[1.0,0.0,0.0,0.0],[0.0,1.0,0.0,0.0],[0.0,0.0,1.0,0.0],[0.0,0.0,0.0,1.0]]",p_S_m = R_S_step * p_step_m + t_S_m,STEP_LOCAL:R01_D_lower_1_-150_washer_nut,S,m,mm,True,True,True,False,True
service,R01_D_lower_1_-150_nut,"[[1.0,0.0,0.0,0.0],[0.0,1.0,0.0,0.0],[0.0,0.0,1.0,0.0],[0.0,0.0,0.0,1.0]]",p_S_m = R_S_step * p_step_m + t_S_m,STEP_LOCAL:R01_D_lower_1_-150_nut,S,m,mm,True,True,True,False,True
service,R01_D_lower_1_-50_screw,"[[1.0,0.0,0.0,0.0],[0.0,1.0,0.0,0.0],[0.0,0.0,1.0,0.0],[0.0,0.0,0.0,1.0]]",p_S_m = R_S_step * p_step_m + t_S_m,STEP_LOCAL:R01_D_lower_1_-50_screw,S,m,mm,True,True,True,False,True
service,R01_D_lower_1_-50_washer_head,"[[1.0,0.0,0.0,0.0],[0.0,1.0,0.0,0.0],[0.0,0.0,1.0,0.0],[0.0,0.0,0.0,1.0]]",p_S_m = R_S_step * p_step_m + t_S_m,STEP_LOCAL:R01_D_lower_1_-50_washer_head,S,m,mm,True,True,True,False,True
service,R01_D_lower_1_-50_washer_nut,"[[1.0,0.0,0.0,0.0],[0.0,1.0,0.0,0.0],[0.0,0.0,1.0,0.0],[0.0,0.0,0.0,1.0]]",p_S_m = R_S_step * p_step_m + t_S_m,STEP_LOCAL:R01_D_lower_1_-50_washer_nut,S,m,mm,True,True,True,False,True
service,R01_D_lower_1_-50_nut,"[[1.0,0.0,0.0,0.0],[0.0,1.0,0.0,0.0],[0.0,0.0,1.0,0.0],[0.0,0.0,0.0,1.0]]",p_S_m = R_S_step * p_step_m + t_S_m,STEP_LOCAL:R01_D_lower_1_-50_nut,S,m,mm,True,True,True,False,True
service,R01_W_lower_1_-130_screw,"[[1.0,0.0,0.0,0.0],[0.0,1.0,0.0,0.0],[0.0,0.0,1.0,0.0],[0.0,0.0,0.0,1.0]]",p_S_m = R_S_step * p_step_m + t_S_m,STEP_LOCAL:R01_W_lower_1_-130_screw,S,m,mm,True,True,True,False,True
service,R01_W_lower_1_-130_washer_head,"[[1.0,0.0,0.0,0.0],[0.0,1.0,0.0,0.0],[0.0,0.0,1.0,0.0],[0.0,0.0,0.0,1.0]]",p_S_m = R_S_step * p_step_m + t_S_m,STEP_LOCAL:R01_W_lower_1_-130_washer_head,S,m,mm,True,True,True,False,True
service,R01_W_lower_1_-130_washer_nut,"[[1.0,0.0,0.0,0.0],[0.0,1.0,0.0,0.0],[0.0,0.0,1.0,0.0],[0.0,0.0,0.0,1.0]]",p_S_m = R_S_step * p_step_m + t_S_m,STEP_LOCAL:R01_W_lower_1_-130_washer_nut,S,m,mm,True,True,True,False,True
service,R01_W_lower_1_-130_nut,"[[1.0,0.0,0.0,0.0],[0.0,1.0,0.0,0.0],[0.0,0.0,1.0,0.0],[0.0,0.0,0.0,1.0]]",p_S_m = R_S_step * p_step_m + t_S_m,STEP_LOCAL:R01_W_lower_1_-130_nut,S,m,mm,True,True,True,False,True
service,R01_W_lower_1_-70_screw,"[[1.0,0.0,0.0,0.0],[0.0,1.0,0.0,0.0],[0.0,0.0,1.0,0.0],[0.0,0.0,0.0,1.0]]",p_S_m = R_S_step * p_step_m + t_S_m,STEP_LOCAL:R01_W_lower_1_-70_screw,S,m,mm,True,True,True,False,True
service,R01_W_lower_1_-70_washer_head,"[[1.0,0.0,0.0,0.0],[0.0,1.0,0.0,0.0],[0.0,0.0,1.0,0.0],[0.0,0.0,0.0,1.0]]",p_S_m = R_S_step * p_step_m + t_S_m,STEP_LOCAL:R01_W_lower_1_-70_washer_head,S,m,mm,True,True,True,False,True
service,R01_W_lower_1_-70_washer_nut,"[[1.0,0.0,0.0,0.0],[0.0,1.0,0.0,0.0],[0.0,0.0,1.0,0.0],[0.0,0.0,0.0,1.0]]",p_S_m = R_S_step * p_step_m + t_S_m,STEP_LOCAL:R01_W_lower_1_-70_washer_nut,S,m,mm,True,True,True,False,True
service,R01_W_lower_1_-70_nut,"[[1.0,0.0,0.0,0.0],[0.0,1.0,0.0,0.0],[0.0,0.0,1.0,0.0],[0.0,0.0,0.0,1.0]]",p_S_m = R_S_step * p_step_m + t_S_m,STEP_LOCAL:R01_W_lower_1_-70_nut,S,m,mm,True,True,True,False,True
service,R01_D_lower_1_50_screw,"[[1.0,0.0,0.0,0.0],[0.0,1.0,0.0,0.0],[0.0,0.0,1.0,0.0],[0.0,0.0,0.0,1.0]]",p_S_m = R_S_step * p_step_m + t_S_m,STEP_LOCAL:R01_D_lower_1_50_screw,S,m,mm,True,True,True,False,True
service,R01_D_lower_1_50_washer_head,"[[1.0,0.0,0.0,0.0],[0.0,1.0,0.0,0.0],[0.0,0.0,1.0,0.0],[0.0,0.0,0.0,1.0]]",p_S_m = R_S_step * p_step_m + t_S_m,STEP_LOCAL:R01_D_lower_1_50_washer_head,S,m,mm,True,True,True,False,True
service,R01_D_lower_1_50_washer_nut,"[[1.0,0.0,0.0,0.0],[0.0,1.0,0.0,0.0],[0.0,0.0,1.0,0.0],[0.0,0.0,0.0,1.0]]",p_S_m = R_S_step * p_step_m + t_S_m,STEP_LOCAL:R01_D_lower_1_50_washer_nut,S,m,mm,True,True,True,False,True
service,R01_D_lower_1_50_nut,"[[1.0,0.0,0.0,0.0],[0.0,1.0,0.0,0.0],[0.0,0.0,1.0,0.0],[0.0,0.0,0.0,1.0]]",p_S_m = R_S_step * p_step_m + t_S_m,STEP_LOCAL:R01_D_lower_1_50_nut,S,m,mm,True,True,True,False,True
service,R01_D_lower_1_140_screw,"[[1.0,0.0,0.0,0.0],[0.0,1.0,0.0,0.0],[0.0,0.0,1.0,0.0],[0.0,0.0,0.0,1.0]]",p_S_m = R_S_step * p_step_m + t_S_m,STEP_LOCAL:R01_D_lower_1_140_screw,S,m,mm,True,True,True,False,True
service,R01_D_lower_1_140_washer_head,"[[1.0,0.0,0.0,0.0],[0.0,1.0,0.0,0.0],[0.0,0.0,1.0,0.0],[0.0,0.0,0.0,1.0]]",p_S_m = R_S_step * p_step_m + t_S_m,STEP_LOCAL:R01_D_lower_1_140_washer_head,S,m,mm,True,True,True,False,True
service,R01_D_lower_1_140_washer_nut,"[[1.0,0.0,0.0,0.0],[0.0,1.0,0.0,0.0],[0.0,0.0,1.0,0.0],[0.0,0.0,0.0,1.0]]",p_S_m = R_S_step * p_step_m + t_S_m,STEP_LOCAL:R01_D_lower_1_140_washer_nut,S,m,mm,True,True,True,False,True
service,R01_D_lower_1_140_nut,"[[1.0,0.0,0.0,0.0],[0.0,1.0,0.0,0.0],[0.0,0.0,1.0,0.0],[0.0,0.0,0.0,1.0]]",p_S_m = R_S_step * p_step_m + t_S_m,STEP_LOCAL:R01_D_lower_1_140_nut,S,m,mm,True,True,True,False,True
service,R01_W_lower_1_60_screw,"[[1.0,0.0,0.0,0.0],[0.0,1.0,0.0,0.0],[0.0,0.0,1.0,0.0],[0.0,0.0,0.0,1.0]]",p_S_m = R_S_step * p_step_m + t_S_m,STEP_LOCAL:R01_W_lower_1_60_screw,S,m,mm,True,True,True,False,True
service,R01_W_lower_1_60_washer_head,"[[1.0,0.0,0.0,0.0],[0.0,1.0,0.0,0.0],[0.0,0.0,1.0,0.0],[0.0,0.0,0.0,1.0]]",p_S_m = R_S_step * p_step_m + t_S_m,STEP_LOCAL:R01_W_lower_1_60_washer_head,S,m,mm,True,True,True,False,True
service,R01_W_lower_1_60_washer_nut,"[[1.0,0.0,0.0,0.0],[0.0,1.0,0.0,0.0],[0.0,0.0,1.0,0.0],[0.0,0.0,0.0,1.0]]",p_S_m = R_S_step * p_step_m + t_S_m,STEP_LOCAL:R01_W_lower_1_60_washer_nut,S,m,mm,True,True,True,False,True
service,R01_W_lower_1_60_nut,"[[1.0,0.0,0.0,0.0],[0.0,1.0,0.0,0.0],[0.0,0.0,1.0,0.0],[0.0,0.0,0.0,1.0]]",p_S_m = R_S_step * p_step_m + t_S_m,STEP_LOCAL:R01_W_lower_1_60_nut,S,m,mm,True,True,True,False,True
service,R01_W_lower_1_130_screw,"[[1.0,0.0,0.0,0.0],[0.0,1.0,0.0,0.0],[0.0,0.0,1.0,0.0],[0.0,0.0,0.0,1.0]]",p_S_m = R_S_step * p_step_m + t_S_m,STEP_LOCAL:R01_W_lower_1_130_screw,S,m,mm,True,True,True,False,True
service,R01_W_lower_1_130_washer_head,"[[1.0,0.0,0.0,0.0],[0.0,1.0,0.0,0.0],[0.0,0.0,1.0,0.0],[0.0,0.0,0.0,1.0]]",p_S_m = R_S_step * p_step_m + t_S_m,STEP_LOCAL:R01_W_lower_1_130_washer_head,S,m,mm,True,True,True,False,True
service,R01_W_lower_1_130_washer_nut,"[[1.0,0.0,0.0,0.0],[0.0,1.0,0.0,0.0],[0.0,0.0,1.0,0.0],[0.0,0.0,0.0,1.0]]",p_S_m = R_S_step * p_step_m + t_S_m,STEP_LOCAL:R01_W_lower_1_130_washer_nut,S,m,mm,True,True,True,False,True
service,R01_W_lower_1_130_nut,"[[1.0,0.0,0.0,0.0],[0.0,1.0,0.0,0.0],[0.0,0.0,1.0,0.0],[0.0,0.0,0.0,1.0]]",p_S_m = R_S_step * p_step_m + t_S_m,STEP_LOCAL:R01_W_lower_1_130_nut,S,m,mm,True,True,True,False,True
service,R01_D_upper_-1_-150_screw,"[[1.0,0.0,0.0,0.0],[0.0,1.0,0.0,0.0],[0.0,0.0,1.0,0.0],[0.0,0.0,0.0,1.0]]",p_S_m = R_S_step * p_step_m + t_S_m,STEP_LOCAL:R01_D_upper_-1_-150_screw,S,m,mm,True,True,True,False,True
service,R01_D_upper_-1_-150_washer_head,"[[1.0,0.0,0.0,0.0],[0.0,1.0,0.0,0.0],[0.0,0.0,1.0,0.0],[0.0,0.0,0.0,1.0]]",p_S_m = R_S_step * p_step_m + t_S_m,STEP_LOCAL:R01_D_upper_-1_-150_washer_head,S,m,mm,True,True,True,False,True
service,R01_D_upper_-1_-150_washer_nut,"[[1.0,0.0,0.0,0.0],[0.0,1.0,0.0,0.0],[0.0,0.0,1.0,0.0],[0.0,0.0,0.0,1.0]]",p_S_m = R_S_step * p_step_m + t_S_m,STEP_LOCAL:R01_D_upper_-1_-150_washer_nut,S,m,mm,True,True,True,False,True
service,R01_D_upper_-1_-150_nut,"[[1.0,0.0,0.0,0.0],[0.0,1.0,0.0,0.0],[0.0,0.0,1.0,0.0],[0.0,0.0,0.0,1.0]]",p_S_m = R_S_step * p_step_m + t_S_m,STEP_LOCAL:R01_D_upper_-1_-150_nut,S,m,mm,True,True,True,False,True
service,R01_D_upper_-1_-50_screw,"[[1.0,0.0,0.0,0.0],[0.0,1.0,0.0,0.0],[0.0,0.0,1.0,0.0],[0.0,0.0,0.0,1.0]]",p_S_m = R_S_step * p_step_m + t_S_m,STEP_LOCAL:R01_D_upper_-1_-50_screw,S,m,mm,True,True,True,False,True
service,R01_D_upper_-1_-50_washer_head,"[[1.0,0.0,0.0,0.0],[0.0,1.0,0.0,0.0],[0.0,0.0,1.0,0.0],[0.0,0.0,0.0,1.0]]",p_S_m = R_S_step * p_step_m + t_S_m,STEP_LOCAL:R01_D_upper_-1_-50_washer_head,S,m,mm,True,True,True,False,True
service,R01_D_upper_-1_-50_washer_nut,"[[1.0,0.0,0.0,0.0],[0.0,1.0,0.0,0.0],[0.0,0.0,1.0,0.0],[0.0,0.0,0.0,1.0]]",p_S_m = R_S_step * p_step_m + t_S_m,STEP_LOCAL:R01_D_upper_-1_-50_washer_nut,S,m,mm,True,True,True,False,True
service,R01_D_upper_-1_-50_nut,"[[1.0,0.0,0.0,0.0],[0.0,1.0,0.0,0.0],[0.0,0.0,1.0,0.0],[0.0,0.0,0.0,1.0]]",p_S_m = R_S_step * p_step_m + t_S_m,STEP_LOCAL:R01_D_upper_-1_-50_nut,S,m,mm,True,True,True,False,True
service,R01_W_upper_-1_-130_screw,"[[1.0,0.0,0.0,0.0],[0.0,1.0,0.0,0.0],[0.0,0.0,1.0,0.0],[0.0,0.0,0.0,1.0]]",p_S_m = R_S_step * p_step_m + t_S_m,STEP_LOCAL:R01_W_upper_-1_-130_screw,S,m,mm,True,True,True,False,True
service,R01_W_upper_-1_-130_washer_head,"[[1.0,0.0,0.0,0.0],[0.0,1.0,0.0,0.0],[0.0,0.0,1.0,0.0],[0.0,0.0,0.0,1.0]]",p_S_m = R_S_step * p_step_m + t_S_m,STEP_LOCAL:R01_W_upper_-1_-130_washer_head,S,m,mm,True,True,True,False,True
service,R01_W_upper_-1_-130_washer_nut,"[[1.0,0.0,0.0,0.0],[0.0,1.0,0.0,0.0],[0.0,0.0,1.0,0.0],[0.0,0.0,0.0,1.0]]",p_S_m = R_S_step * p_step_m + t_S_m,STEP_LOCAL:R01_W_upper_-1_-130_washer_nut,S,m,mm,True,True,True,False,True
service,R01_W_upper_-1_-130_nut,"[[1.0,0.0,0.0,0.0],[0.0,1.0,0.0,0.0],[0.0,0.0,1.0,0.0],[0.0,0.0,0.0,1.0]]",p_S_m = R_S_step * p_step_m + t_S_m,STEP_LOCAL:R01_W_upper_-1_-130_nut,S,m,mm,True,True,True,False,True
service,R01_W_upper_-1_-70_screw,"[[1.0,0.0,0.0,0.0],[0.0,1.0,0.0,0.0],[0.0,0.0,1.0,0.0],[0.0,0.0,0.0,1.0]]",p_S_m = R_S_step * p_step_m + t_S_m,STEP_LOCAL:R01_W_upper_-1_-70_screw,S,m,mm,True,True,True,False,True
service,R01_W_upper_-1_-70_washer_head,"[[1.0,0.0,0.0,0.0],[0.0,1.0,0.0,0.0],[0.0,0.0,1.0,0.0],[0.0,0.0,0.0,1.0]]",p_S_m = R_S_step * p_step_m + t_S_m,STEP_LOCAL:R01_W_upper_-1_-70_washer_head,S,m,mm,True,True,True,False,True
service,R01_W_upper_-1_-70_washer_nut,"[[1.0,0.0,0.0,0.0],[0.0,1.0,0.0,0.0],[0.0,0.0,1.0,0.0],[0.0,0.0,0.0,1.0]]",p_S_m = R_S_step * p_step_m + t_S_m,STEP_LOCAL:R01_W_upper_-1_-70_washer_nut,S,m,mm,True,True,True,False,True
service,R01_W_upper_-1_-70_nut,"[[1.0,0.0,0.0,0.0],[0.0,1.0,0.0,0.0],[0.0,0.0,1.0,0.0],[0.0,0.0,0.0,1.0]]",p_S_m = R_S_step * p_step_m + t_S_m,STEP_LOCAL:R01_W_upper_-1_-70_nut,S,m,mm,True,True,True,False,True
service,R01_D_upper_-1_50_screw,"[[1.0,0.0,0.0,0.0],[0.0,1.0,0.0,0.0],[0.0,0.0,1.0,0.0],[0.0,0.0,0.0,1.0]]",p_S_m = R_S_step * p_step_m + t_S_m,STEP_LOCAL:R01_D_upper_-1_50_screw,S,m,mm,True,True,True,False,True
service,R01_D_upper_-1_50_washer_head,"[[1.0,0.0,0.0,0.0],[0.0,1.0,0.0,0.0],[0.0,0.0,1.0,0.0],[0.0,0.0,0.0,1.0]]",p_S_m = R_S_step * p_step_m + t_S_m,STEP_LOCAL:R01_D_upper_-1_50_washer_head,S,m,mm,True,True,True,False,True
service,R01_D_upper_-1_50_washer_nut,"[[1.0,0.0,0.0,0.0],[0.0,1.0,0.0,0.0],[0.0,0.0,1.0,0.0],[0.0,0.0,0.0,1.0]]",p_S_m = R_S_step * p_step_m + t_S_m,STEP_LOCAL:R01_D_upper_-1_50_washer_nut,S,m,mm,True,True,True,False,True
service,R01_D_upper_-1_50_nut,"[[1.0,0.0,0.0,0.0],[0.0,1.0,0.0,0.0],[0.0,0.0,1.0,0.0],[0.0,0.0,0.0,1.0]]",p_S_m = R_S_step * p_step_m + t_S_m,STEP_LOCAL:R01_D_upper_-1_50_nut,S,m,mm,True,True,True,False,True
service,R01_D_upper_-1_140_screw,"[[1.0,0.0,0.0,0.0],[0.0,1.0,0.0,0.0],[0.0,0.0,1.0,0.0],[0.0,0.0,0.0,1.0]]",p_S_m = R_S_step * p_step_m + t_S_m,STEP_LOCAL:R01_D_upper_-1_140_screw,S,m,mm,True,True,True,False,True
service,R01_D_upper_-1_140_washer_head,"[[1.0,0.0,0.0,0.0],[0.0,1.0,0.0,0.0],[0.0,0.0,1.0,0.0],[0.0,0.0,0.0,1.0]]",p_S_m = R_S_step * p_step_m + t_S_m,STEP_LOCAL:R01_D_upper_-1_140_washer_head,S,m,mm,True,True,True,False,True
service,R01_D_upper_-1_140_washer_nut,"[[1.0,0.0,0.0,0.0],[0.0,1.0,0.0,0.0],[0.0,0.0,1.0,0.0],[0.0,0.0,0.0,1.0]]",p_S_m = R_S_step * p_step_m + t_S_m,STEP_LOCAL:R01_D_upper_-1_140_washer_nut,S,m,mm,True,True,True,False,True
service,R01_D_upper_-1_140_nut,"[[1.0,0.0,0.0,0.0],[0.0,1.0,0.0,0.0],[0.0,0.0,1.0,0.0],[0.0,0.0,0.0,1.0]]",p_S_m = R_S_step * p_step_m + t_S_m,STEP_LOCAL:R01_D_upper_-1_140_nut,S,m,mm,True,True,True,False,True
service,R01_W_upper_-1_60_screw,"[[1.0,0.0,0.0,0.0],[0.0,1.0,0.0,0.0],[0.0,0.0,1.0,0.0],[0.0,0.0,0.0,1.0]]",p_S_m = R_S_step * p_step_m + t_S_m,STEP_LOCAL:R01_W_upper_-1_60_screw,S,m,mm,True,True,True,False,True
service,R01_W_upper_-1_60_washer_head,"[[1.0,0.0,0.0,0.0],[0.0,1.0,0.0,0.0],[0.0,0.0,1.0,0.0],[0.0,0.0,0.0,1.0]]",p_S_m = R_S_step * p_step_m + t_S_m,STEP_LOCAL:R01_W_upper_-1_60_washer_head,S,m,mm,True,True,True,False,True
service,R01_W_upper_-1_60_washer_nut,"[[1.0,0.0,0.0,0.0],[0.0,1.0,0.0,0.0],[0.0,0.0,1.0,0.0],[0.0,0.0,0.0,1.0]]",p_S_m = R_S_step * p_step_m + t_S_m,STEP_LOCAL:R01_W_upper_-1_60_washer_nut,S,m,mm,True,True,True,False,True
service,R01_W_upper_-1_60_nut,"[[1.0,0.0,0.0,0.0],[0.0,1.0,0.0,0.0],[0.0,0.0,1.0,0.0],[0.0,0.0,0.0,1.0]]",p_S_m = R_S_step * p_step_m + t_S_m,STEP_LOCAL:R01_W_upper_-1_60_nut,S,m,mm,True,True,True,False,True
service,R01_W_upper_-1_130_screw,"[[1.0,0.0,0.0,0.0],[0.0,1.0,0.0,0.0],[0.0,0.0,1.0,0.0],[0.0,0.0,0.0,1.0]]",p_S_m = R_S_step * p_step_m + t_S_m,STEP_LOCAL:R01_W_upper_-1_130_screw,S,m,mm,True,True,True,False,True
service,R01_W_upper_-1_130_washer_head,"[[1.0,0.0,0.0,0.0],[0.0,1.0,0.0,0.0],[0.0,0.0,1.0,0.0],[0.0,0.0,0.0,1.0]]",p_S_m = R_S_step * p_step_m + t_S_m,STEP_LOCAL:R01_W_upper_-1_130_washer_head,S,m,mm,True,True,True,False,True
service,R01_W_upper_-1_130_washer_nut,"[[1.0,0.0,0.0,0.0],[0.0,1.0,0.0,0.0],[0.0,0.0,1.0,0.0],[0.0,0.0,0.0,1.0]]",p_S_m = R_S_step * p_step_m + t_S_m,STEP_LOCAL:R01_W_upper_-1_130_washer_nut,S,m,mm,True,True,True,False,True
service,R01_W_upper_-1_130_nut,"[[1.0,0.0,0.0,0.0],[0.0,1.0,0.0,0.0],[0.0,0.0,1.0,0.0],[0.0,0.0,0.0,1.0]]",p_S_m = R_S_step * p_step_m + t_S_m,STEP_LOCAL:R01_W_upper_-1_130_nut,S,m,mm,True,True,True,False,True
service,R01_D_upper_1_-150_screw,"[[1.0,0.0,0.0,0.0],[0.0,1.0,0.0,0.0],[0.0,0.0,1.0,0.0],[0.0,0.0,0.0,1.0]]",p_S_m = R_S_step * p_step_m + t_S_m,STEP_LOCAL:R01_D_upper_1_-150_screw,S,m,mm,True,True,True,False,True
service,R01_D_upper_1_-150_washer_head,"[[1.0,0.0,0.0,0.0],[0.0,1.0,0.0,0.0],[0.0,0.0,1.0,0.0],[0.0,0.0,0.0,1.0]]",p_S_m = R_S_step * p_step_m + t_S_m,STEP_LOCAL:R01_D_upper_1_-150_washer_head,S,m,mm,True,True,True,False,True
service,R01_D_upper_1_-150_washer_nut,"[[1.0,0.0,0.0,0.0],[0.0,1.0,0.0,0.0],[0.0,0.0,1.0,0.0],[0.0,0.0,0.0,1.0]]",p_S_m = R_S_step * p_step_m + t_S_m,STEP_LOCAL:R01_D_upper_1_-150_washer_nut,S,m,mm,True,True,True,False,True
service,R01_D_upper_1_-150_nut,"[[1.0,0.0,0.0,0.0],[0.0,1.0,0.0,0.0],[0.0,0.0,1.0,0.0],[0.0,0.0,0.0,1.0]]",p_S_m = R_S_step * p_step_m + t_S_m,STEP_LOCAL:R01_D_upper_1_-150_nut,S,m,mm,True,True,True,False,True
service,R01_D_upper_1_-50_screw,"[[1.0,0.0,0.0,0.0],[0.0,1.0,0.0,0.0],[0.0,0.0,1.0,0.0],[0.0,0.0,0.0,1.0]]",p_S_m = R_S_step * p_step_m + t_S_m,STEP_LOCAL:R01_D_upper_1_-50_screw,S,m,mm,True,True,True,False,True
service,R01_D_upper_1_-50_washer_head,"[[1.0,0.0,0.0,0.0],[0.0,1.0,0.0,0.0],[0.0,0.0,1.0,0.0],[0.0,0.0,0.0,1.0]]",p_S_m = R_S_step * p_step_m + t_S_m,STEP_LOCAL:R01_D_upper_1_-50_washer_head,S,m,mm,True,True,True,False,True
service,R01_D_upper_1_-50_washer_nut,"[[1.0,0.0,0.0,0.0],[0.0,1.0,0.0,0.0],[0.0,0.0,1.0,0.0],[0.0,0.0,0.0,1.0]]",p_S_m = R_S_step * p_step_m + t_S_m,STEP_LOCAL:R01_D_upper_1_-50_washer_nut,S,m,mm,True,True,True,False,True
service,R01_D_upper_1_-50_nut,"[[1.0,0.0,0.0,0.0],[0.0,1.0,0.0,0.0],[0.0,0.0,1.0,0.0],[0.0,0.0,0.0,1.0]]",p_S_m = R_S_step * p_step_m + t_S_m,STEP_LOCAL:R01_D_upper_1_-50_nut,S,m,mm,True,True,True,False,True
service,R01_W_upper_1_-130_screw,"[[1.0,0.0,0.0,0.0],[0.0,1.0,0.0,0.0],[0.0,0.0,1.0,0.0],[0.0,0.0,0.0,1.0]]",p_S_m = R_S_step * p_step_m + t_S_m,STEP_LOCAL:R01_W_upper_1_-130_screw,S,m,mm,True,True,True,False,True
service,R01_W_upper_1_-130_washer_head,"[[1.0,0.0,0.0,0.0],[0.0,1.0,0.0,0.0],[0.0,0.0,1.0,0.0],[0.0,0.0,0.0,1.0]]",p_S_m = R_S_step * p_step_m + t_S_m,STEP_LOCAL:R01_W_upper_1_-130_washer_head,S,m,mm,True,True,True,False,True
service,R01_W_upper_1_-130_washer_nut,"[[1.0,0.0,0.0,0.0],[0.0,1.0,0.0,0.0],[0.0,0.0,1.0,0.0],[0.0,0.0,0.0,1.0]]",p_S_m = R_S_step * p_step_m + t_S_m,STEP_LOCAL:R01_W_upper_1_-130_washer_nut,S,m,mm,True,True,True,False,True
service,R01_W_upper_1_-130_nut,"[[1.0,0.0,0.0,0.0],[0.0,1.0,0.0,0.0],[0.0,0.0,1.0,0.0],[0.0,0.0,0.0,1.0]]",p_S_m = R_S_step * p_step_m + t_S_m,STEP_LOCAL:R01_W_upper_1_-130_nut,S,m,mm,True,True,True,False,True
service,R01_W_upper_1_-70_screw,"[[1.0,0.0,0.0,0.0],[0.0,1.0,0.0,0.0],[0.0,0.0,1.0,0.0],[0.0,0.0,0.0,1.0]]",p_S_m = R_S_step * p_step_m + t_S_m,STEP_LOCAL:R01_W_upper_1_-70_screw,S,m,mm,True,True,True,False,True
service,R01_W_upper_1_-70_washer_head,"[[1.0,0.0,0.0,0.0],[0.0,1.0,0.0,0.0],[0.0,0.0,1.0,0.0],[0.0,0.0,0.0,1.0]]",p_S_m = R_S_step * p_step_m + t_S_m,STEP_LOCAL:R01_W_upper_1_-70_washer_head,S,m,mm,True,True,True,False,True
service,R01_W_upper_1_-70_washer_nut,"[[1.0,0.0,0.0,0.0],[0.0,1.0,0.0,0.0],[0.0,0.0,1.0,0.0],[0.0,0.0,0.0,1.0]]",p_S_m = R_S_step * p_step_m + t_S_m,STEP_LOCAL:R01_W_upper_1_-70_washer_nut,S,m,mm,True,True,True,False,True
service,R01_W_upper_1_-70_nut,"[[1.0,0.0,0.0,0.0],[0.0,1.0,0.0,0.0],[0.0,0.0,1.0,0.0],[0.0,0.0,0.0,1.0]]",p_S_m = R_S_step * p_step_m + t_S_m,STEP_LOCAL:R01_W_upper_1_-70_nut,S,m,mm,True,True,True,False,True
service,R01_D_upper_1_50_screw,"[[1.0,0.0,0.0,0.0],[0.0,1.0,0.0,0.0],[0.0,0.0,1.0,0.0],[0.0,0.0,0.0,1.0]]",p_S_m = R_S_step * p_step_m + t_S_m,STEP_LOCAL:R01_D_upper_1_50_screw,S,m,mm,True,True,True,False,True
service,R01_D_upper_1_50_washer_head,"[[1.0,0.0,0.0,0.0],[0.0,1.0,0.0,0.0],[0.0,0.0,1.0,0.0],[0.0,0.0,0.0,1.0]]",p_S_m = R_S_step * p_step_m + t_S_m,STEP_LOCAL:R01_D_upper_1_50_washer_head,S,m,mm,True,True,True,False,True
service,R01_D_upper_1_50_washer_nut,"[[1.0,0.0,0.0,0.0],[0.0,1.0,0.0,0.0],[0.0,0.0,1.0,0.0],[0.0,0.0,0.0,1.0]]",p_S_m = R_S_step * p_step_m + t_S_m,STEP_LOCAL:R01_D_upper_1_50_washer_nut,S,m,mm,True,True,True,False,True
service,R01_D_upper_1_50_nut,"[[1.0,0.0,0.0,0.0],[0.0,1.0,0.0,0.0],[0.0,0.0,1.0,0.0],[0.0,0.0,0.0,1.0]]",p_S_m = R_S_step * p_step_m + t_S_m,STEP_LOCAL:R01_D_upper_1_50_nut,S,m,mm,True,True,True,False,True
service,R01_D_upper_1_140_screw,"[[1.0,0.0,0.0,0.0],[0.0,1.0,0.0,0.0],[0.0,0.0,1.0,0.0],[0.0,0.0,0.0,1.0]]",p_S_m = R_S_step * p_step_m + t_S_m,STEP_LOCAL:R01_D_upper_1_140_screw,S,m,mm,True,True,True,False,True
service,R01_D_upper_1_140_washer_head,"[[1.0,0.0,0.0,0.0],[0.0,1.0,0.0,0.0],[0.0,0.0,1.0,0.0],[0.0,0.0,0.0,1.0]]",p_S_m = R_S_step * p_step_m + t_S_m,STEP_LOCAL:R01_D_upper_1_140_washer_head,S,m,mm,True,True,True,False,True
service,R01_D_upper_1_140_washer_nut,"[[1.0,0.0,0.0,0.0],[0.0,1.0,0.0,0.0],[0.0,0.0,1.0,0.0],[0.0,0.0,0.0,1.0]]",p_S_m = R_S_step * p_step_m + t_S_m,STEP_LOCAL:R01_D_upper_1_140_washer_nut,S,m,mm,True,True,True,False,True
service,R01_D_upper_1_140_nut,"[[1.0,0.0,0.0,0.0],[0.0,1.0,0.0,0.0],[0.0,0.0,1.0,0.0],[0.0,0.0,0.0,1.0]]",p_S_m = R_S_step * p_step_m + t_S_m,STEP_LOCAL:R01_D_upper_1_140_nut,S,m,mm,True,True,True,False,True
service,R01_W_upper_1_60_screw,"[[1.0,0.0,0.0,0.0],[0.0,1.0,0.0,0.0],[0.0,0.0,1.0,0.0],[0.0,0.0,0.0,1.0]]",p_S_m = R_S_step * p_step_m + t_S_m,STEP_LOCAL:R01_W_upper_1_60_screw,S,m,mm,True,True,True,False,True
service,R01_W_upper_1_60_washer_head,"[[1.0,0.0,0.0,0.0],[0.0,1.0,0.0,0.0],[0.0,0.0,1.0,0.0],[0.0,0.0,0.0,1.0]]",p_S_m = R_S_step * p_step_m + t_S_m,STEP_LOCAL:R01_W_upper_1_60_washer_head,S,m,mm,True,True,True,False,True
service,R01_W_upper_1_60_washer_nut,"[[1.0,0.0,0.0,0.0],[0.0,1.0,0.0,0.0],[0.0,0.0,1.0,0.0],[0.0,0.0,0.0,1.0]]",p_S_m = R_S_step * p_step_m + t_S_m,STEP_LOCAL:R01_W_upper_1_60_washer_nut,S,m,mm,True,True,True,False,True
service,R01_W_upper_1_60_nut,"[[1.0,0.0,0.0,0.0],[0.0,1.0,0.0,0.0],[0.0,0.0,1.0,0.0],[0.0,0.0,0.0,1.0]]",p_S_m = R_S_step * p_step_m + t_S_m,STEP_LOCAL:R01_W_upper_1_60_nut,S,m,mm,True,True,True,False,True
service,R01_W_upper_1_130_screw,"[[1.0,0.0,0.0,0.0],[0.0,1.0,0.0,0.0],[0.0,0.0,1.0,0.0],[0.0,0.0,0.0,1.0]]",p_S_m = R_S_step * p_step_m + t_S_m,STEP_LOCAL:R01_W_upper_1_130_screw,S,m,mm,True,True,True,False,True
service,R01_W_upper_1_130_washer_head,"[[1.0,0.0,0.0,0.0],[0.0,1.0,0.0,0.0],[0.0,0.0,1.0,0.0],[0.0,0.0,0.0,1.0]]",p_S_m = R_S_step * p_step_m + t_S_m,STEP_LOCAL:R01_W_upper_1_130_washer_head,S,m,mm,True,True,True,False,True
service,R01_W_upper_1_130_washer_nut,"[[1.0,0.0,0.0,0.0],[0.0,1.0,0.0,0.0],[0.0,0.0,1.0,0.0],[0.0,0.0,0.0,1.0]]",p_S_m = R_S_step * p_step_m + t_S_m,STEP_LOCAL:R01_W_upper_1_130_washer_nut,S,m,mm,True,True,True,False,True
service,R01_W_upper_1_130_nut,"[[1.0,0.0,0.0,0.0],[0.0,1.0,0.0,0.0],[0.0,0.0,1.0,0.0],[0.0,0.0,0.0,1.0]]",p_S_m = R_S_step * p_step_m + t_S_m,STEP_LOCAL:R01_W_upper_1_130_nut,S,m,mm,True,True,True,False,True
service,rear_launch_bulkhead,"[[1.0,0.0,0.0,-0.186],[0.0,1.0,0.0,0.0],[0.0,0.0,1.0,0.0],[0.0,0.0,0.0,1.0]]",p_S_m = R_S_step * p_step_m + t_S_m,STEP_LOCAL:rear_launch_bulkhead,S,m,mm,True,True,True,False,True
service,rear_vertical_rib_-86,"[[1.0,0.0,0.0,-0.192],[0.0,1.0,0.0,-0.08600000000000001],[0.0,0.0,1.0,0.0],[0.0,0.0,0.0,1.0]]",p_S_m = R_S_step * p_step_m + t_S_m,STEP_LOCAL:rear_vertical_rib_-86,S,m,mm,True,True,True,False,True
service,rear_vertical_rib_86,"[[1.0,0.0,0.0,-0.192],[0.0,1.0,0.0,0.08600000000000001],[0.0,0.0,1.0,0.0],[0.0,0.0,0.0,1.0]]",p_S_m = R_S_step * p_step_m + t_S_m,STEP_LOCAL:rear_vertical_rib_86,S,m,mm,True,True,True,False,True
service,rear_horizontal_rib_-86,"[[1.0,0.0,0.0,-0.192],[0.0,1.0,0.0,0.0],[0.0,0.0,1.0,-0.08600000000000001],[0.0,0.0,0.0,1.0]]",p_S_m = R_S_step * p_step_m + t_S_m,STEP_LOCAL:rear_horizontal_rib_-86,S,m,mm,True,True,True,False,True
service,rear_horizontal_rib_86,"[[1.0,0.0,0.0,-0.192],[0.0,1.0,0.0,0.0],[0.0,0.0,1.0,0.08600000000000001],[0.0,0.0,0.0,1.0]]",p_S_m = R_S_step * p_step_m + t_S_m,STEP_LOCAL:rear_horizontal_rib_86,S,m,mm,True,True,True,False,True
service,launch_interface_reserved_volume,"[[1.0,0.0,0.0,-0.20500000000000002],[0.0,1.0,0.0,0.0],[0.0,0.0,1.0,0.0],[0.0,0.0,0.0,1.0]]",p_S_m = R_S_step * p_step_m + t_S_m,STEP_LOCAL:launch_interface_reserved_volume,S,m,mm,True,True,True,False,True
service,forward_roof_access,"[[1.0,0.0,0.0,-0.088],[0.0,1.0,0.0,0.0],[0.0,0.0,1.0,0.11215000000000001],[0.0,0.0,0.0,1.0]]",p_S_m = R_S_step * p_step_m + t_S_m,STEP_LOCAL:forward_roof_access,S,m,mm,True,True,True,False,True
service,adapter_battery,"[[1.0,0.0,0.0,-0.114],[0.0,1.0,0.0,0.0],[0.0,0.0,1.0,-0.09715000000000001],[0.0,0.0,0.0,1.0]]",p_S_m = R_S_step * p_step_m + t_S_m,STEP_LOCAL:adapter_battery,S,m,mm,True,True,True,False,True
service,thermal_interface_battery,"[[1.0,0.0,0.0,-0.114],[0.0,1.0,0.0,0.0],[0.0,0.0,1.0,-0.09590000000000001],[0.0,0.0,0.0,1.0]]",p_S_m = R_S_step * p_step_m + t_S_m,STEP_LOCAL:thermal_interface_battery,S,m,mm,True,True,True,False,True
service,equipment_battery,"[[1.0,0.0,0.0,-0.114],[0.0,1.0,0.0,0.0],[0.0,0.0,1.0,-0.06315],[0.0,0.0,0.0,1.0]]",p_S_m = R_S_step * p_step_m + t_S_m,STEP_LOCAL:equipment_battery,S,m,mm,True,True,True,False,True
service,connector_battery,"[[1.0,0.0,0.0,-0.114],[0.0,1.0,0.0,-0.089],[0.0,0.0,1.0,-0.08415],[0.0,0.0,0.0,1.0]]",p_S_m = R_S_step * p_step_m + t_S_m,STEP_LOCAL:connector_battery,S,m,mm,True,True,True,False,True
service,adapter_adcs_propulsion_allocation,"[[1.0,0.0,0.0,0.075],[0.0,1.0,0.0,0.0],[0.0,0.0,1.0,-0.09715000000000001],[0.0,0.0,0.0,1.0]]",p_S_m = R_S_step * p_step_m + t_S_m,STEP_LOCAL:adapter_adcs_propulsion_allocation,S,m,mm,True,True,True,False,True
service,thermal_interface_adcs_propulsion_allocation,"[[1.0,0.0,0.0,0.075],[0.0,1.0,0.0,0.0],[0.0,0.0,1.0,-0.09590000000000001],[0.0,0.0,0.0,1.0]]",p_S_m = R_S_step * p_step_m + t_S_m,STEP_LOCAL:thermal_interface_adcs_propulsion_allocation,S,m,mm,True,True,True,False,True
service,equipment_adcs_propulsion_allocation,"[[1.0,0.0,0.0,0.075],[0.0,1.0,0.0,0.0],[0.0,0.0,1.0,-0.05815],[0.0,0.0,0.0,1.0]]",p_S_m = R_S_step * p_step_m + t_S_m,STEP_LOCAL:equipment_adcs_propulsion_allocation,S,m,mm,True,True,True,False,True
service,connector_adcs_propulsion_allocation,"[[1.0,0.0,0.0,0.075],[0.0,1.0,0.0,-0.084],[0.0,0.0,1.0,-0.08415],[0.0,0.0,0.0,1.0]]",p_S_m = R_S_step * p_step_m + t_S_m,STEP_LOCAL:connector_adcs_propulsion_allocation,S,m,mm,True,True,True,False,True
service,adapter_arm_drive,"[[1.0,0.0,0.0,0.0],[0.0,1.0,0.0,0.0],[0.0,0.0,1.0,0.0],[0.0,0.0,0.0,1.0]]",p_S_m = R_S_step * p_step_m + t_S_m,STEP_LOCAL:adapter_arm_drive,S,m,mm,True,False,False,False,True
service,thermal_interface_arm_drive,"[[1.0,0.0,0.0,-0.1135],[0.0,1.0,0.0,-0.051000000000000004],[0.0,0.0,1.0,-0.00625],[0.0,0.0,0.0,1.0]]",p_S_m = R_S_step * p_step_m + t_S_m,STEP_LOCAL:thermal_interface_arm_drive,S,m,mm,True,True,False,False,True
service,equipment_arm_drive,"[[1.0,0.0,0.0,-0.1135],[0.0,1.0,0.0,-0.051000000000000004],[0.0,0.0,1.0,0.014],[0.0,0.0,0.0,1.0]]",p_S_m = R_S_step * p_step_m + t_S_m,STEP_LOCAL:equipment_arm_drive,S,m,mm,True,True,False,False,True
service,connector_arm_drive,"[[1.0,0.0,0.0,-0.1135],[0.0,1.0,0.0,-0.012],[0.0,0.0,1.0,0.0055],[0.0,0.0,0.0,1.0]]",p_S_m = R_S_step * p_step_m + t_S_m,STEP_LOCAL:connector_arm_drive,S,m,mm,True,True,False,False,True
service,adapter_compute_communications,"[[1.0,0.0,0.0,0.0],[0.0,1.0,0.0,0.0],[0.0,0.0,1.0,0.0],[0.0,0.0,0.0,1.0]]",p_S_m = R_S_step * p_step_m + t_S_m,STEP_LOCAL:adapter_compute_communications,S,m,mm,True,False,False,False,True
service,thermal_interface_compute_communications,"[[0.0,-1.0,0.0,-0.115],[1.0,0.0,0.0,0.039],[0.0,0.0,1.0,-0.00625],[0.0,0.0,0.0,1.0]]",p_S_m = R_S_step * p_step_m + t_S_m,STEP_LOCAL:thermal_interface_compute_communications,S,m,mm,True,True,False,False,True
service,equipment_compute_communications,"[[0.0,-1.0,0.0,-0.115],[1.0,0.0,0.0,0.039],[0.0,0.0,1.0,0.014],[0.0,0.0,0.0,1.0]]",p_S_m = R_S_step * p_step_m + t_S_m,STEP_LOCAL:equipment_compute_communications,S,m,mm,True,True,False,False,True
service,connector_compute_communications,"[[0.0,-1.0,0.0,-0.1565],[1.0,0.0,0.0,0.039],[0.0,0.0,1.0,0.0055],[0.0,0.0,0.0,1.0]]",p_S_m = R_S_step * p_step_m + t_S_m,STEP_LOCAL:connector_compute_communications,S,m,mm,True,True,False,False,True
service,adapter_navigation_electronics,"[[1.0,0.0,0.0,0.1],[0.0,0.0,-1.0,0.0955],[0.0,1.0,0.0,0.035],[0.0,0.0,0.0,1.0]]",p_S_m = R_S_step * p_step_m + t_S_m,STEP_LOCAL:adapter_navigation_electronics,S,m,mm,True,True,False,False,True
service,thermal_interface_navigation_electronics,"[[1.0,0.0,0.0,0.1],[0.0,0.0,-1.0,0.09425],[0.0,1.0,0.0,0.035],[0.0,0.0,0.0,1.0]]",p_S_m = R_S_step * p_step_m + t_S_m,STEP_LOCAL:thermal_interface_navigation_electronics,S,m,mm,True,True,False,False,True
service,equipment_navigation_electronics,"[[1.0,0.0,0.0,0.1],[0.0,0.0,-1.0,0.074],[0.0,1.0,0.0,0.035],[0.0,0.0,0.0,1.0]]",p_S_m = R_S_step * p_step_m + t_S_m,STEP_LOCAL:equipment_navigation_electronics,S,m,mm,True,True,False,False,True
service,connector_navigation_electronics,"[[1.0,0.0,0.0,0.1],[0.0,0.0,-1.0,0.0825],[0.0,1.0,0.0,-0.004],[0.0,0.0,0.0,1.0]]",p_S_m = R_S_step * p_step_m + t_S_m,STEP_LOCAL:connector_navigation_electronics,S,m,mm,True,True,False,False,True
service,trunk_clip_-140,"[[1.0,-0.0,0.0,-0.095],[0.0,1.0,0.0,0.0015],[0.0,0.0,1.0,0.045],[0.0,0.0,0.0,1.0]]",p_S_m = R_S_step * p_step_m + t_S_m,STEP_LOCAL:trunk_clip_-140,S,m,mm,True,False,False,False,True
service,trunk_clip_standoff_-140,"[[1.0,-0.0,0.0,-0.095],[0.0,1.0,0.0,0.0015],[0.0,0.0,1.0,0.045],[0.0,0.0,0.0,1.0]]",p_S_m = R_S_step * p_step_m + t_S_m,STEP_LOCAL:trunk_clip_standoff_-140,S,m,mm,True,False,False,False,True
service,trunk_clip_-70,"[[1.0,-0.0,0.0,-0.03],[0.0,1.0,0.0,0.0015],[0.0,0.0,1.0,-0.002],[0.0,0.0,0.0,1.0]]",p_S_m = R_S_step * p_step_m + t_S_m,STEP_LOCAL:trunk_clip_-70,S,m,mm,True,False,False,False,True
service,trunk_clip_standoff_-70,"[[1.0,-0.0,0.0,-0.03],[0.0,1.0,0.0,0.0015],[0.0,0.0,1.0,-0.002],[0.0,0.0,0.0,1.0]]",p_S_m = R_S_step * p_step_m + t_S_m,STEP_LOCAL:trunk_clip_standoff_-70,S,m,mm,True,False,False,False,True
service,trunk_clip_0,"[[1.0,-0.0,0.0,0.025],[0.0,1.0,0.0,0.0015],[0.0,0.0,1.0,-0.002],[0.0,0.0,0.0,1.0]]",p_S_m = R_S_step * p_step_m + t_S_m,STEP_LOCAL:trunk_clip_0,S,m,mm,True,False,False,False,True
service,trunk_clip_standoff_0,"[[1.0,-0.0,0.0,0.025],[0.0,1.0,0.0,0.0015],[0.0,0.0,1.0,-0.002],[0.0,0.0,0.0,1.0]]",p_S_m = R_S_step * p_step_m + t_S_m,STEP_LOCAL:trunk_clip_standoff_0,S,m,mm,True,False,False,False,True
service,trunk_clip_65,"[[6.123233995736766e-17,1.0,0.0,0.065],[-1.0,6.123233995736766e-17,0.0,-0.04],[0.0,0.0,1.0,-0.002],[0.0,0.0,0.0,1.0]]",p_S_m = R_S_step * p_step_m + t_S_m,STEP_LOCAL:trunk_clip_65,S,m,mm,True,False,False,False,True
service,trunk_clip_standoff_65,"[[6.123233995736766e-17,1.0,0.0,0.065],[-1.0,6.123233995736766e-17,0.0,-0.04],[0.0,0.0,1.0,-0.002],[0.0,0.0,0.0,1.0]]",p_S_m = R_S_step * p_step_m + t_S_m,STEP_LOCAL:trunk_clip_standoff_65,S,m,mm,True,False,False,False,True
service,release_power_data_route_0_0,"[[1.0,0.0,0.0,0.0],[0.0,1.0,0.0,0.0],[0.0,0.0,1.0,0.0],[0.0,0.0,0.0,1.0]]",p_S_m = R_S_step * p_step_m + t_S_m,STEP_LOCAL:release_power_data_route_0_0,S,m,mm,True,True,True,False,True
service,release_power_data_route_0_1,"[[1.0,0.0,0.0,0.0],[0.0,1.0,0.0,0.0],[0.0,0.0,1.0,0.0],[0.0,0.0,0.0,1.0]]",p_S_m = R_S_step * p_step_m + t_S_m,STEP_LOCAL:release_power_data_route_0_1,S,m,mm,True,True,True,False,True
service,release_power_data_route_1_0,"[[1.0,0.0,0.0,0.0],[0.0,1.0,0.0,0.0],[0.0,0.0,1.0,0.0],[0.0,0.0,0.0,1.0]]",p_S_m = R_S_step * p_step_m + t_S_m,STEP_LOCAL:release_power_data_route_1_0,S,m,mm,True,True,True,False,True
service,release_power_data_route_1_1,"[[1.0,0.0,0.0,0.0],[0.0,1.0,0.0,0.0],[0.0,0.0,1.0,0.0],[0.0,0.0,0.0,1.0]]",p_S_m = R_S_step * p_step_m + t_S_m,STEP_LOCAL:release_power_data_route_1_1,S,m,mm,True,True,True,False,True
service,arm_service_loop_root_service_loop,"[[1.0,0.0,0.0,0.0],[0.0,1.0,0.0,0.0],[0.0,0.0,1.0,0.0],[0.0,0.0,0.0,1.0]]",p_S_m = R_S_step * p_step_m + t_S_m,STEP_LOCAL:arm_service_loop_root_service_loop,S,m,mm,True,True,True,False,True
service,arm_service_loop_joint2_loop,"[[1.0,0.0,0.0,0.0],[0.0,1.0,0.0,0.0],[0.0,0.0,1.0,0.0],[0.0,0.0,0.0,1.0]]",p_S_m = R_S_step * p_step_m + t_S_m,STEP_LOCAL:arm_service_loop_joint2_loop,S,m,mm,True,True,True,False,True
service,radiator_spreader,"[[1.0,0.0,0.0,0.0],[0.0,1.0,0.0,0.0],[0.0,0.0,1.0,0.0],[0.0,0.0,0.0,1.0]]",p_S_m = R_S_step * p_step_m + t_S_m,STEP_LOCAL:radiator_spreader,S,m,mm,True,False,False,False,True
service,navigation_camera_bracket,"[[1.0,0.0,0.0,0.187],[0.0,1.0,0.0,-0.07200000000000001],[0.0,0.0,1.0,0.062],[0.0,0.0,0.0,1.0]]",p_S_m = R_S_step * p_step_m + t_S_m,STEP_LOCAL:navigation_camera_bracket,S,m,mm,True,True,True,False,True
service,navigation_camera,"[[1.0,0.0,0.0,0.20650000000000002],[0.0,1.0,0.0,-0.07200000000000001],[0.0,0.0,1.0,0.062],[0.0,0.0,0.0,1.0]]",p_S_m = R_S_step * p_step_m + t_S_m,STEP_LOCAL:navigation_camera,S,m,mm,True,True,True,False,True
service,camera_lens,"[[1.0,0.0,0.0,0.226],[0.0,1.0,0.0,-0.07200000000000001],[0.0,0.0,1.0,0.062],[0.0,0.0,0.0,1.0]]",p_S_m = R_S_step * p_step_m + t_S_m,STEP_LOCAL:camera_lens,S,m,mm,True,True,True,False,True
service,antenna_mount,"[[1.0,0.0,0.0,-0.14200000000000002],[0.0,1.0,0.0,0.056],[0.0,0.0,1.0,0.11615],[0.0,0.0,0.0,1.0]]",p_S_m = R_S_step * p_step_m + t_S_m,STEP_LOCAL:antenna_mount,S,m,mm,True,True,True,False,True
service,communications_antenna,"[[1.0,0.0,0.0,-0.14200000000000002],[0.0,1.0,0.0,0.056],[0.0,0.0,1.0,0.12165000000000001],[0.0,0.0,0.0,1.0]]",p_S_m = R_S_step * p_step_m + t_S_m,STEP_LOCAL:communications_antenna,S,m,mm,True,True,True,False,True
service,hold_crossbeam_0,"[[1.0,0.0,0.0,-0.115],[0.0,1.0,0.0,0.0],[0.0,0.0,1.0,0.10115],[0.0,0.0,0.0,1.0]]",p_S_m = R_S_step * p_step_m + t_S_m,STEP_LOCAL:hold_crossbeam_0,S,m,mm,True,True,True,False,True
service,hold_roof_lug_0_-94.15,"[[1.0,0.0,0.0,-0.115],[0.0,1.0,0.0,-0.09415000000000001],[0.0,0.0,1.0,0.11215000000000001],[0.0,0.0,0.0,1.0]]",p_S_m = R_S_step * p_step_m + t_S_m,STEP_LOCAL:hold_roof_lug_0_-94.15,S,m,mm,True,True,True,False,True
service,hold_roof_lug_0_94.15,"[[1.0,0.0,0.0,-0.115],[0.0,1.0,0.0,0.09415000000000001],[0.0,0.0,1.0,0.11215000000000001],[0.0,0.0,0.0,1.0]]",p_S_m = R_S_step * p_step_m + t_S_m,STEP_LOCAL:hold_roof_lug_0_94.15,S,m,mm,True,True,True,False,True
service,hold_pivot_clevis_0,"[[1.0,0.0,0.0,-0.115],[0.0,1.0,0.0,-0.099],[0.0,0.0,1.0,0.13315000000000002],[0.0,0.0,0.0,1.0]]",p_S_m = R_S_step * p_step_m + t_S_m,STEP_LOCAL:hold_pivot_clevis_0,S,m,mm,True,True,True,False,True
service,hold_pivot_pin_0,"[[1.0,0.0,0.0,-0.115],[0.0,1.0,0.0,-0.099],[0.0,0.0,1.0,0.13515000000000002],[0.0,0.0,0.0,1.0]]",p_S_m = R_S_step * p_step_m + t_S_m,STEP_LOCAL:hold_pivot_pin_0,S,m,mm,True,True,True,False,True
service,hold_saddle_0,"[[1.0000000000000004,0.0,0.0,-0.115],[0.0,0.0,-1.0000000000000004,-0.099],[0.0,1.0000000000000004,0.0,0.13515000000000002],[0.0,0.0,0.0,1.0]]",p_S_m = R_S_step * p_step_m + t_S_m,STEP_LOCAL:hold_saddle_0,S,m,mm,True,True,True,False,True
service,hold_contact_pad_0_0,"[[1.0000000000000004,0.0,0.0,-0.115],[0.0,0.0,-1.0000000000000004,-0.099],[0.0,1.0000000000000004,0.0,0.13515000000000002],[0.0,0.0,0.0,1.0]]",p_S_m = R_S_step * p_step_m + t_S_m,STEP_LOCAL:hold_contact_pad_0_0,S,m,mm,True,True,True,False,True
service,hold_contact_pad_0_1,"[[1.0000000000000004,0.0,0.0,-0.115],[0.0,0.0,-1.0000000000000004,-0.099],[0.0,1.0000000000000004,0.0,0.13515000000000002],[0.0,0.0,0.0,1.0]]",p_S_m = R_S_step * p_step_m + t_S_m,STEP_LOCAL:hold_contact_pad_0_1,S,m,mm,True,True,True,False,True
service,hold_open_cap_0,"[[1.0000000000000004,0.0,0.0,-0.115],[0.0,-0.9848077530122088,0.1736481776669304,-0.461363134],[0.0,-0.17364817766693041,-0.9848077530122088,0.13515000000000005],[0.0,0.0,0.0,1.0]]",p_S_m = R_S_step * p_step_m + t_S_m,STEP_LOCAL:hold_open_cap_0,S,m,mm,True,True,True,False,True
service,hold_upper_pad_0,"[[1.0000000000000004,0.0,0.0,-0.115],[0.0,-0.9848077530122088,0.1736481776669304,-0.461363134],[0.0,-0.17364817766693041,-0.9848077530122088,0.13515000000000005],[0.0,0.0,0.0,1.0]]",p_S_m = R_S_step * p_step_m + t_S_m,STEP_LOCAL:hold_upper_pad_0,S,m,mm,True,True,True,False,True
service,hold_cap_pin_0,"[[1.0000000000000004,0.0,0.0,-0.115],[0.0,-0.9848077530122088,0.1736481776669304,-0.461363134],[0.0,-0.17364817766693041,-0.9848077530122088,0.13515000000000005],[0.0,0.0,0.0,1.0]]",p_S_m = R_S_step * p_step_m + t_S_m,STEP_LOCAL:hold_cap_pin_0,S,m,mm,True,True,True,False,True
service,hold_cap_tie_0,"[[1.0000000000000004,0.0,0.0,-0.115],[0.0,-0.9848077530122088,0.1736481776669304,-0.461363134],[0.0,-0.17364817766693041,-0.9848077530122088,0.13515000000000005],[0.0,0.0,0.0,1.0]]",p_S_m = R_S_step * p_step_m + t_S_m,STEP_LOCAL:hold_cap_tie_0,S,m,mm,True,True,True,False,True
service,hold_latch_clevis_0,"[[1.0000000000000004,0.0,0.0,-0.115],[0.0,0.0,-1.0000000000000004,-0.099],[0.0,1.0000000000000004,0.0,0.13515000000000002],[0.0,0.0,0.0,1.0]]",p_S_m = R_S_step * p_step_m + t_S_m,STEP_LOCAL:hold_latch_clevis_0,S,m,mm,True,True,True,False,True
service,hold_latch_pin_0,"[[1.0000000000000004,0.0,0.0,-0.115],[0.0,0.0,-1.0000000000000004,-0.099],[0.0,1.0000000000000004,0.0,0.13515000000000002],[0.0,0.0,0.0,1.0]]",p_S_m = R_S_step * p_step_m + t_S_m,STEP_LOCAL:hold_latch_pin_0,S,m,mm,True,True,True,False,True
service,hold_latch_puller_0,"[[1.0000000000000004,0.0,0.0,-0.115],[0.0,0.0,-1.0000000000000004,-0.099],[0.0,1.0000000000000004,0.0,0.13515000000000002],[0.0,0.0,0.0,1.0]]",p_S_m = R_S_step * p_step_m + t_S_m,STEP_LOCAL:hold_latch_puller_0,S,m,mm,True,True,True,False,True
service,hold_shoe_spring_release_0,"[[1.0000000000000004,0.0,0.0,-0.115],[0.0,0.0,-1.0000000000000004,-0.099],[0.0,1.0000000000000004,0.0,0.13515000000000002],[0.0,0.0,0.0,1.0]]",p_S_m = R_S_step * p_step_m + t_S_m,STEP_LOCAL:hold_shoe_spring_release_0,S,m,mm,True,True,True,False,True
service,hold_electric_release_0,"[[1.0,0.0,0.0,-0.115],[0.0,1.0,0.0,-0.122],[0.0,0.0,1.0,0.14915],[0.0,0.0,0.0,1.0]]",p_S_m = R_S_step * p_step_m + t_S_m,STEP_LOCAL:hold_electric_release_0,S,m,mm,True,True,True,False,True
service,hold_torsion_spring_0,"[[1.0,0.0,0.0,-0.137],[0.0,1.0,0.0,-0.099],[0.0,0.0,1.0,0.13515000000000002],[0.0,0.0,0.0,1.0]]",p_S_m = R_S_step * p_step_m + t_S_m,STEP_LOCAL:hold_torsion_spring_0,S,m,mm,True,True,True,False,True
service,hold_position_sensor_0,"[[1.0,0.0,0.0,-0.092],[0.0,1.0,0.0,-0.099],[0.0,0.0,1.0,0.13115000000000002],[0.0,0.0,0.0,1.0]]",p_S_m = R_S_step * p_step_m + t_S_m,STEP_LOCAL:hold_position_sensor_0,S,m,mm,True,True,True,False,True
service,hold_confirm_latch_0,"[[1.0000000000000004,0.0,0.0,-0.115],[0.0,0.0,-1.0000000000000004,-0.099],[0.0,1.0000000000000004,0.0,0.13515000000000002],[0.0,0.0,0.0,1.0]]",p_S_m = R_S_step * p_step_m + t_S_m,STEP_LOCAL:hold_confirm_latch_0,S,m,mm,True,True,True,False,True
service,hold_confirm_cap_0,"[[1.0000000000000004,0.0,0.0,-0.115],[0.0,0.0,-1.0000000000000004,-0.099],[0.0,1.0000000000000004,0.0,0.13515000000000002],[0.0,0.0,0.0,1.0]]",p_S_m = R_S_step * p_step_m + t_S_m,STEP_LOCAL:hold_confirm_cap_0,S,m,mm,True,True,True,False,True
service,hold_confirm_shoe_0,"[[1.0000000000000004,0.0,0.0,-0.115],[0.0,0.0,-1.0000000000000004,-0.099],[0.0,1.0000000000000004,0.0,0.13515000000000002],[0.0,0.0,0.0,1.0]]",p_S_m = R_S_step * p_step_m + t_S_m,STEP_LOCAL:hold_confirm_shoe_0,S,m,mm,True,True,True,False,True
service,hold_crossbeam_1,"[[1.0,0.0,0.0,-0.04],[0.0,1.0,0.0,0.0],[0.0,0.0,1.0,0.10115],[0.0,0.0,0.0,1.0]]",p_S_m = R_S_step * p_step_m + t_S_m,STEP_LOCAL:hold_crossbeam_1,S,m,mm,True,True,True,False,True
service,hold_roof_lug_1_-94.15,"[[1.0,0.0,0.0,-0.04],[0.0,1.0,0.0,-0.09415000000000001],[0.0,0.0,1.0,0.11215000000000001],[0.0,0.0,0.0,1.0]]",p_S_m = R_S_step * p_step_m + t_S_m,STEP_LOCAL:hold_roof_lug_1_-94.15,S,m,mm,True,True,True,False,True
service,hold_roof_lug_1_94.15,"[[1.0,0.0,0.0,-0.04],[0.0,1.0,0.0,0.09415000000000001],[0.0,0.0,1.0,0.11215000000000001],[0.0,0.0,0.0,1.0]]",p_S_m = R_S_step * p_step_m + t_S_m,STEP_LOCAL:hold_roof_lug_1_94.15,S,m,mm,True,True,True,False,True
service,hold_pivot_clevis_1,"[[1.0,0.0,0.0,-0.04],[0.0,1.0,0.0,-0.099],[0.0,0.0,1.0,0.13315000000000002],[0.0,0.0,0.0,1.0]]",p_S_m = R_S_step * p_step_m + t_S_m,STEP_LOCAL:hold_pivot_clevis_1,S,m,mm,True,True,True,False,True
service,hold_pivot_pin_1,"[[1.0,0.0,0.0,-0.04],[0.0,1.0,0.0,-0.099],[0.0,0.0,1.0,0.13515000000000002],[0.0,0.0,0.0,1.0]]",p_S_m = R_S_step * p_step_m + t_S_m,STEP_LOCAL:hold_pivot_pin_1,S,m,mm,True,True,True,False,True
service,hold_saddle_1,"[[1.0000000000000004,0.0,0.0,-0.04],[0.0,0.0,-1.0000000000000004,-0.099],[0.0,1.0000000000000004,0.0,0.13515000000000002],[0.0,0.0,0.0,1.0]]",p_S_m = R_S_step * p_step_m + t_S_m,STEP_LOCAL:hold_saddle_1,S,m,mm,True,True,True,False,True
service,hold_contact_pad_1_0,"[[1.0000000000000004,0.0,0.0,-0.04],[0.0,0.0,-1.0000000000000004,-0.099],[0.0,1.0000000000000004,0.0,0.13515000000000002],[0.0,0.0,0.0,1.0]]",p_S_m = R_S_step * p_step_m + t_S_m,STEP_LOCAL:hold_contact_pad_1_0,S,m,mm,True,True,True,False,True
service,hold_contact_pad_1_1,"[[1.0000000000000004,0.0,0.0,-0.04],[0.0,0.0,-1.0000000000000004,-0.099],[0.0,1.0000000000000004,0.0,0.13515000000000002],[0.0,0.0,0.0,1.0]]",p_S_m = R_S_step * p_step_m + t_S_m,STEP_LOCAL:hold_contact_pad_1_1,S,m,mm,True,True,True,False,True
service,hold_open_cap_1,"[[1.0000000000000004,0.0,0.0,-0.04],[0.0,-0.9848077530122088,0.1736481776669304,-0.504664321],[0.0,-0.17364817766693041,-0.9848077530122088,0.13515000000000005],[0.0,0.0,0.0,1.0]]",p_S_m = R_S_step * p_step_m + t_S_m,STEP_LOCAL:hold_open_cap_1,S,m,mm,True,True,True,False,True
service,hold_upper_pad_1,"[[1.0000000000000004,0.0,0.0,-0.04],[0.0,-0.9848077530122088,0.1736481776669304,-0.504664321],[0.0,-0.17364817766693041,-0.9848077530122088,0.13515000000000005],[0.0,0.0,0.0,1.0]]",p_S_m = R_S_step * p_step_m + t_S_m,STEP_LOCAL:hold_upper_pad_1,S,m,mm,True,True,True,False,True
service,hold_cap_pin_1,"[[1.0000000000000004,0.0,0.0,-0.04],[0.0,-0.9848077530122088,0.1736481776669304,-0.504664321],[0.0,-0.17364817766693041,-0.9848077530122088,0.13515000000000005],[0.0,0.0,0.0,1.0]]",p_S_m = R_S_step * p_step_m + t_S_m,STEP_LOCAL:hold_cap_pin_1,S,m,mm,True,True,True,False,True
service,hold_cap_tie_1,"[[1.0000000000000004,0.0,0.0,-0.04],[0.0,-0.9848077530122088,0.1736481776669304,-0.504664321],[0.0,-0.17364817766693041,-0.9848077530122088,0.13515000000000005],[0.0,0.0,0.0,1.0]]",p_S_m = R_S_step * p_step_m + t_S_m,STEP_LOCAL:hold_cap_tie_1,S,m,mm,True,True,True,False,True
service,hold_latch_clevis_1,"[[1.0000000000000004,0.0,0.0,-0.04],[0.0,0.0,-1.0000000000000004,-0.099],[0.0,1.0000000000000004,0.0,0.13515000000000002],[0.0,0.0,0.0,1.0]]",p_S_m = R_S_step * p_step_m + t_S_m,STEP_LOCAL:hold_latch_clevis_1,S,m,mm,True,True,True,False,True
service,hold_latch_pin_1,"[[1.0000000000000004,0.0,0.0,-0.04],[0.0,0.0,-1.0000000000000004,-0.099],[0.0,1.0000000000000004,0.0,0.13515000000000002],[0.0,0.0,0.0,1.0]]",p_S_m = R_S_step * p_step_m + t_S_m,STEP_LOCAL:hold_latch_pin_1,S,m,mm,True,True,True,False,True
service,hold_latch_puller_1,"[[1.0000000000000004,0.0,0.0,-0.04],[0.0,0.0,-1.0000000000000004,-0.099],[0.0,1.0000000000000004,0.0,0.13515000000000002],[0.0,0.0,0.0,1.0]]",p_S_m = R_S_step * p_step_m + t_S_m,STEP_LOCAL:hold_latch_puller_1,S,m,mm,True,True,True,False,True
service,hold_shoe_spring_release_1,"[[1.0000000000000004,0.0,0.0,-0.04],[0.0,0.0,-1.0000000000000004,-0.099],[0.0,1.0000000000000004,0.0,0.13515000000000002],[0.0,0.0,0.0,1.0]]",p_S_m = R_S_step * p_step_m + t_S_m,STEP_LOCAL:hold_shoe_spring_release_1,S,m,mm,True,True,True,False,True
service,hold_electric_release_1,"[[1.0,0.0,0.0,-0.04],[0.0,1.0,0.0,-0.122],[0.0,0.0,1.0,0.14915],[0.0,0.0,0.0,1.0]]",p_S_m = R_S_step * p_step_m + t_S_m,STEP_LOCAL:hold_electric_release_1,S,m,mm,True,True,True,False,True
service,hold_torsion_spring_1,"[[1.0,0.0,0.0,-0.062],[0.0,1.0,0.0,-0.099],[0.0,0.0,1.0,0.13515000000000002],[0.0,0.0,0.0,1.0]]",p_S_m = R_S_step * p_step_m + t_S_m,STEP_LOCAL:hold_torsion_spring_1,S,m,mm,True,True,True,False,True
service,hold_position_sensor_1,"[[1.0,0.0,0.0,-0.017],[0.0,1.0,0.0,-0.099],[0.0,0.0,1.0,0.13115000000000002],[0.0,0.0,0.0,1.0]]",p_S_m = R_S_step * p_step_m + t_S_m,STEP_LOCAL:hold_position_sensor_1,S,m,mm,True,True,True,False,True
service,hold_confirm_latch_1,"[[1.0000000000000004,0.0,0.0,-0.04],[0.0,0.0,-1.0000000000000004,-0.099],[0.0,1.0000000000000004,0.0,0.13515000000000002],[0.0,0.0,0.0,1.0]]",p_S_m = R_S_step * p_step_m + t_S_m,STEP_LOCAL:hold_confirm_latch_1,S,m,mm,True,True,True,False,True
service,hold_confirm_cap_1,"[[1.0000000000000004,0.0,0.0,-0.04],[0.0,0.0,-1.0000000000000004,-0.099],[0.0,1.0000000000000004,0.0,0.13515000000000002],[0.0,0.0,0.0,1.0]]",p_S_m = R_S_step * p_step_m + t_S_m,STEP_LOCAL:hold_confirm_cap_1,S,m,mm,True,True,True,False,True
service,hold_confirm_shoe_1,"[[1.0000000000000004,0.0,0.0,-0.04],[0.0,0.0,-1.0000000000000004,-0.099],[0.0,1.0000000000000004,0.0,0.13515000000000002],[0.0,0.0,0.0,1.0]]",p_S_m = R_S_step * p_step_m + t_S_m,STEP_LOCAL:hold_confirm_shoe_1,S,m,mm,True,True,True,False,True
service,wing_-1_leaf_1,"[[1.0,0.0,0.0,0.0],[0.0,-1.0,-6.123233995736766e-17,-0.22115],[0.0,6.123233995736766e-17,-1.0,-0.10815000000000001],[0.0,0.0,0.0,1.0]]",p_S_m = R_S_step * p_step_m + t_S_m,STEP_LOCAL:wing_-1_leaf_1,S,m,mm,True,True,True,False,True
service,wing_root_fork_-1_-1,"[[1.0,0.0,0.0,0.0],[0.0,1.0,0.0,0.0],[0.0,0.0,1.0,0.0],[0.0,0.0,0.0,1.0]]",p_S_m = R_S_step * p_step_m + t_S_m,STEP_LOCAL:wing_root_fork_-1_-1,S,m,mm,True,True,True,False,True
service,wing_hinge_pin_-1_1_-1,"[[1.0,0.0,0.0,-0.162],[0.0,1.0,0.0,-0.12115000000000001],[0.0,0.0,1.0,-0.10815000000000001],[0.0,0.0,0.0,1.0]]",p_S_m = R_S_step * p_step_m + t_S_m,STEP_LOCAL:wing_hinge_pin_-1_1_-1,S,m,mm,True,True,True,False,True
service,wing_root_fork_-1_1,"[[1.0,0.0,0.0,0.0],[0.0,1.0,0.0,0.0],[0.0,0.0,1.0,0.0],[0.0,0.0,0.0,1.0]]",p_S_m = R_S_step * p_step_m + t_S_m,STEP_LOCAL:wing_root_fork_-1_1,S,m,mm,True,True,True,False,True
service,wing_hinge_pin_-1_1_1,"[[1.0,0.0,0.0,0.162],[0.0,1.0,0.0,-0.12115000000000001],[0.0,0.0,1.0,-0.10815000000000001],[0.0,0.0,0.0,1.0]]",p_S_m = R_S_step * p_step_m + t_S_m,STEP_LOCAL:wing_hinge_pin_-1_1_1,S,m,mm,True,True,True,False,True
service,wing_-1_leaf_2,"[[1.0,0.0,0.0,0.0],[0.0,-1.0,-6.123233995736766e-17,-0.42114999999999997],[0.0,6.123233995736766e-17,-1.0,-0.11265],[0.0,0.0,0.0,1.0]]",p_S_m = R_S_step * p_step_m + t_S_m,STEP_LOCAL:wing_-1_leaf_2,S,m,mm,True,True,True,False,True
service,wing_hinge_pin_-1_2_-1,"[[1.0,0.0,0.0,-0.162],[0.0,1.0,0.0,-0.32115],[0.0,0.0,1.0,-0.11265],[0.0,0.0,0.0,1.0]]",p_S_m = R_S_step * p_step_m + t_S_m,STEP_LOCAL:wing_hinge_pin_-1_2_-1,S,m,mm,True,True,True,False,True
service,wing_hinge_pin_-1_2_1,"[[1.0,0.0,0.0,0.162],[0.0,1.0,0.0,-0.32115],[0.0,0.0,1.0,-0.11265],[0.0,0.0,0.0,1.0]]",p_S_m = R_S_step * p_step_m + t_S_m,STEP_LOCAL:wing_hinge_pin_-1_2_1,S,m,mm,True,True,True,False,True
service,wing_-1_leaf_3,"[[1.0,0.0,0.0,0.0],[0.0,-1.0,-6.123233995736766e-17,-0.62115],[0.0,6.123233995736766e-17,-1.0,-0.10814999999999998],[0.0,0.0,0.0,1.0]]",p_S_m = R_S_step * p_step_m + t_S_m,STEP_LOCAL:wing_-1_leaf_3,S,m,mm,True,True,True,False,True
service,wing_hinge_pin_-1_3_-1,"[[1.0,0.0,0.0,-0.188],[0.0,1.0,0.0,-0.52115],[0.0,0.0,1.0,-0.10814999999999998],[0.0,0.0,0.0,1.0]]",p_S_m = R_S_step * p_step_m + t_S_m,STEP_LOCAL:wing_hinge_pin_-1_3_-1,S,m,mm,True,True,True,False,True
service,wing_hinge_pin_-1_3_1,"[[1.0,0.0,0.0,0.188],[0.0,1.0,0.0,-0.52115],[0.0,0.0,1.0,-0.10814999999999998],[0.0,0.0,0.0,1.0]]",p_S_m = R_S_step * p_step_m + t_S_m,STEP_LOCAL:wing_hinge_pin_-1_3_1,S,m,mm,True,True,True,False,True
service,wing_edge_frame_-1_1_-1,"[[1.0,0.0,0.0,0.0],[0.0,-1.0,-6.123233995736766e-17,-0.22115],[0.0,6.123233995736766e-17,-1.0,-0.10815000000000001],[0.0,0.0,0.0,1.0]]",p_S_m = R_S_step * p_step_m + t_S_m,STEP_LOCAL:wing_edge_frame_-1_1_-1,S,m,mm,True,True,True,False,True
service,wing_edge_frame_-1_1_1,"[[1.0,0.0,0.0,0.0],[0.0,-1.0,-6.123233995736766e-17,-0.22115],[0.0,6.123233995736766e-17,-1.0,-0.10815000000000001],[0.0,0.0,0.0,1.0]]",p_S_m = R_S_step * p_step_m + t_S_m,STEP_LOCAL:wing_edge_frame_-1_1_1,S,m,mm,True,True,True,False,True
service,wing_edge_frame_-1_2_-1,"[[1.0,0.0,0.0,0.0],[0.0,-1.0,-6.123233995736766e-17,-0.42114999999999997],[0.0,6.123233995736766e-17,-1.0,-0.11265],[0.0,0.0,0.0,1.0]]",p_S_m = R_S_step * p_step_m + t_S_m,STEP_LOCAL:wing_edge_frame_-1_2_-1,S,m,mm,True,True,True,False,True
service,wing_edge_frame_-1_2_1,"[[1.0,0.0,0.0,0.0],[0.0,-1.0,-6.123233995736766e-17,-0.42114999999999997],[0.0,6.123233995736766e-17,-1.0,-0.11265],[0.0,0.0,0.0,1.0]]",p_S_m = R_S_step * p_step_m + t_S_m,STEP_LOCAL:wing_edge_frame_-1_2_1,S,m,mm,True,True,True,False,True
service,wing_edge_frame_-1_3_-1,"[[1.0,0.0,0.0,0.0],[0.0,-1.0,-6.123233995736766e-17,-0.62115],[0.0,6.123233995736766e-17,-1.0,-0.10814999999999998],[0.0,0.0,0.0,1.0]]",p_S_m = R_S_step * p_step_m + t_S_m,STEP_LOCAL:wing_edge_frame_-1_3_-1,S,m,mm,True,True,True,False,True
service,wing_edge_frame_-1_3_1,"[[1.0,0.0,0.0,0.0],[0.0,-1.0,-6.123233995736766e-17,-0.62115],[0.0,6.123233995736766e-17,-1.0,-0.10814999999999998],[0.0,0.0,0.0,1.0]]",p_S_m = R_S_step * p_step_m + t_S_m,STEP_LOCAL:wing_edge_frame_-1_3_1,S,m,mm,True,True,True,False,True
service,wing_release_budget_-1,"[[1.0,0.0,0.0,-0.176],[0.0,1.0,0.0,-0.128],[0.0,0.0,1.0,0.0],[0.0,0.0,0.0,1.0]]",p_S_m = R_S_step * p_step_m + t_S_m,STEP_LOCAL:wing_release_budget_-1,S,m,mm,True,True,True,False,True
service,wing_harness_budget_-1,"[[1.0,0.0,0.0,0.132],[0.0,1.0,0.0,-0.12115000000000001],[0.0,0.0,1.0,-0.1],[0.0,0.0,0.0,1.0]]",p_S_m = R_S_step * p_step_m + t_S_m,STEP_LOCAL:wing_harness_budget_-1,S,m,mm,True,True,True,False,True
service,wing_1_leaf_1,"[[1.0,0.0,0.0,0.0],[0.0,1.0,-1.2246467991473532e-16,0.22115],[0.0,1.2246467991473532e-16,1.0,-0.10815000000000001],[0.0,0.0,0.0,1.0]]",p_S_m = R_S_step * p_step_m + t_S_m,STEP_LOCAL:wing_1_leaf_1,S,m,mm,True,True,True,False,True
service,wing_root_fork_1_-1,"[[1.0,0.0,0.0,0.0],[0.0,1.0,0.0,0.0],[0.0,0.0,1.0,0.0],[0.0,0.0,0.0,1.0]]",p_S_m = R_S_step * p_step_m + t_S_m,STEP_LOCAL:wing_root_fork_1_-1,S,m,mm,True,True,True,False,True
service,wing_hinge_pin_1_1_-1,"[[1.0,0.0,0.0,-0.162],[0.0,1.0,0.0,0.12115000000000001],[0.0,0.0,1.0,-0.10815000000000001],[0.0,0.0,0.0,1.0]]",p_S_m = R_S_step * p_step_m + t_S_m,STEP_LOCAL:wing_hinge_pin_1_1_-1,S,m,mm,True,True,True,False,True
service,wing_root_fork_1_1,"[[1.0,0.0,0.0,0.0],[0.0,1.0,0.0,0.0],[0.0,0.0,1.0,0.0],[0.0,0.0,0.0,1.0]]",p_S_m = R_S_step * p_step_m + t_S_m,STEP_LOCAL:wing_root_fork_1_1,S,m,mm,True,True,True,False,True
service,wing_hinge_pin_1_1_1,"[[1.0,0.0,0.0,0.162],[0.0,1.0,0.0,0.12115000000000001],[0.0,0.0,1.0,-0.10815000000000001],[0.0,0.0,0.0,1.0]]",p_S_m = R_S_step * p_step_m + t_S_m,STEP_LOCAL:wing_hinge_pin_1_1_1,S,m,mm,True,True,True,False,True
service,wing_1_leaf_2,"[[1.0,0.0,0.0,0.0],[0.0,1.0,-1.2246467991473532e-16,0.42114999999999997],[0.0,1.2246467991473532e-16,1.0,-0.11265],[0.0,0.0,0.0,1.0]]",p_S_m = R_S_step * p_step_m + t_S_m,STEP_LOCAL:wing_1_leaf_2,S,m,mm,True,True,True,False,True
service,wing_hinge_pin_1_2_-1,"[[1.0,0.0,0.0,-0.162],[0.0,1.0,0.0,0.32115],[0.0,0.0,1.0,-0.11265],[0.0,0.0,0.0,1.0]]",p_S_m = R_S_step * p_step_m + t_S_m,STEP_LOCAL:wing_hinge_pin_1_2_-1,S,m,mm,True,True,True,False,True
service,wing_hinge_pin_1_2_1,"[[1.0,0.0,0.0,0.162],[0.0,1.0,0.0,0.32115],[0.0,0.0,1.0,-0.11265],[0.0,0.0,0.0,1.0]]",p_S_m = R_S_step * p_step_m + t_S_m,STEP_LOCAL:wing_hinge_pin_1_2_1,S,m,mm,True,True,True,False,True
service,wing_1_leaf_3,"[[1.0,0.0,0.0,0.0],[0.0,1.0,-1.2246467991473532e-16,0.62115],[0.0,1.2246467991473532e-16,1.0,-0.10814999999999998],[0.0,0.0,0.0,1.0]]",p_S_m = R_S_step * p_step_m + t_S_m,STEP_LOCAL:wing_1_leaf_3,S,m,mm,True,True,True,False,True
service,wing_hinge_pin_1_3_-1,"[[1.0,0.0,0.0,-0.188],[0.0,1.0,0.0,0.52115],[0.0,0.0,1.0,-0.10814999999999998],[0.0,0.0,0.0,1.0]]",p_S_m = R_S_step * p_step_m + t_S_m,STEP_LOCAL:wing_hinge_pin_1_3_-1,S,m,mm,True,True,True,False,True
service,wing_hinge_pin_1_3_1,"[[1.0,0.0,0.0,0.188],[0.0,1.0,0.0,0.52115],[0.0,0.0,1.0,-0.10814999999999998],[0.0,0.0,0.0,1.0]]",p_S_m = R_S_step * p_step_m + t_S_m,STEP_LOCAL:wing_hinge_pin_1_3_1,S,m,mm,True,True,True,False,True
service,wing_edge_frame_1_1_-1,"[[1.0,0.0,0.0,0.0],[0.0,1.0,-6.123233995736766e-17,0.22115],[0.0,6.123233995736766e-17,1.0,-0.10815000000000001],[0.0,0.0,0.0,1.0]]",p_S_m = R_S_step * p_step_m + t_S_m,STEP_LOCAL:wing_edge_frame_1_1_-1,S,m,mm,True,True,True,False,True
service,wing_edge_frame_1_1_1,"[[1.0,0.0,0.0,0.0],[0.0,1.0,-6.123233995736766e-17,0.22115],[0.0,6.123233995736766e-17,1.0,-0.10815000000000001],[0.0,0.0,0.0,1.0]]",p_S_m = R_S_step * p_step_m + t_S_m,STEP_LOCAL:wing_edge_frame_1_1_1,S,m,mm,True,True,True,False,True
service,wing_edge_frame_1_2_-1,"[[1.0,0.0,0.0,0.0],[0.0,1.0,-6.123233995736766e-17,0.42114999999999997],[0.0,6.123233995736766e-17,1.0,-0.11265],[0.0,0.0,0.0,1.0]]",p_S_m = R_S_step * p_step_m + t_S_m,STEP_LOCAL:wing_edge_frame_1_2_-1,S,m,mm,True,True,True,False,True
service,wing_edge_frame_1_2_1,"[[1.0,0.0,0.0,0.0],[0.0,1.0,-6.123233995736766e-17,0.42114999999999997],[0.0,6.123233995736766e-17,1.0,-0.11265],[0.0,0.0,0.0,1.0]]",p_S_m = R_S_step * p_step_m + t_S_m,STEP_LOCAL:wing_edge_frame_1_2_1,S,m,mm,True,True,True,False,True
service,wing_edge_frame_1_3_-1,"[[1.0,0.0,0.0,0.0],[0.0,1.0,-1.2246467991473532e-16,0.62115],[0.0,1.2246467991473532e-16,1.0,-0.10814999999999998],[0.0,0.0,0.0,1.0]]",p_S_m = R_S_step * p_step_m + t_S_m,STEP_LOCAL:wing_edge_frame_1_3_-1,S,m,mm,True,True,True,False,True
service,wing_edge_frame_1_3_1,"[[1.0,0.0,0.0,0.0],[0.0,1.0,-1.2246467991473532e-16,0.62115],[0.0,1.2246467991473532e-16,1.0,-0.10814999999999998],[0.0,0.0,0.0,1.0]]",p_S_m = R_S_step * p_step_m + t_S_m,STEP_LOCAL:wing_edge_frame_1_3_1,S,m,mm,True,True,True,False,True
service,wing_release_budget_1,"[[1.0,0.0,0.0,-0.176],[0.0,1.0,0.0,0.128],[0.0,0.0,1.0,0.0],[0.0,0.0,0.0,1.0]]",p_S_m = R_S_step * p_step_m + t_S_m,STEP_LOCAL:wing_release_budget_1,S,m,mm,True,True,True,False,True
service,wing_harness_budget_1,"[[1.0,0.0,0.0,0.132],[0.0,1.0,0.0,0.12115000000000001],[0.0,0.0,1.0,-0.1],[0.0,0.0,0.0,1.0]]",p_S_m = R_S_step * p_step_m + t_S_m,STEP_LOCAL:wing_harness_budget_1,S,m,mm,True,True,True,False,True
service,R07_upper_cap_20_-1,"[[1.0,0.0,0.0,0.0],[0.0,1.0,0.0,0.0],[0.0,0.0,1.0,0.0],[0.0,0.0,0.0,1.0]]",p_S_m = R_S_step * p_step_m + t_S_m,STEP_LOCAL:R07_upper_cap_20_-1,S,m,mm,True,True,True,False,True
service,R07_upper_cap_20_1,"[[1.0,0.0,0.0,0.0],[0.0,1.0,0.0,0.0],[0.0,0.0,1.0,0.0],[0.0,0.0,0.0,1.0]]",p_S_m = R_S_step * p_step_m + t_S_m,STEP_LOCAL:R07_upper_cap_20_1,S,m,mm,True,True,True,False,True
service,R07_upper_cap_160_-1,"[[1.0,0.0,0.0,0.0],[0.0,1.0,0.0,0.0],[0.0,0.0,1.0,0.0],[0.0,0.0,0.0,1.0]]",p_S_m = R_S_step * p_step_m + t_S_m,STEP_LOCAL:R07_upper_cap_160_-1,S,m,mm,True,True,True,False,True
service,R07_upper_cap_160_1,"[[1.0,0.0,0.0,0.0],[0.0,1.0,0.0,0.0],[0.0,0.0,1.0,0.0],[0.0,0.0,0.0,1.0]]",p_S_m = R_S_step * p_step_m + t_S_m,STEP_LOCAL:R07_upper_cap_160_1,S,m,mm,True,True,True,False,True
service,R07_RAIL_-1_-1_15_screw,"[[1.0,0.0,0.0,0.0],[0.0,1.0,0.0,0.0],[0.0,0.0,1.0,0.0],[0.0,0.0,0.0,1.0]]",p_S_m = R_S_step * p_step_m + t_S_m,STEP_LOCAL:R07_RAIL_-1_-1_15_screw,S,m,mm,True,True,True,False,True
service,R07_RAIL_-1_-1_15_washer_head,"[[1.0,0.0,0.0,0.0],[0.0,1.0,0.0,0.0],[0.0,0.0,1.0,0.0],[0.0,0.0,0.0,1.0]]",p_S_m = R_S_step * p_step_m + t_S_m,STEP_LOCAL:R07_RAIL_-1_-1_15_washer_head,S,m,mm,True,True,True,False,True
service,R07_RAIL_-1_-1_15_washer_nut,"[[1.0,0.0,0.0,0.0],[0.0,1.0,0.0,0.0],[0.0,0.0,1.0,0.0],[0.0,0.0,0.0,1.0]]",p_S_m = R_S_step * p_step_m + t_S_m,STEP_LOCAL:R07_RAIL_-1_-1_15_washer_nut,S,m,mm,True,True,True,False,True
service,R07_RAIL_-1_-1_15_nut,"[[1.0,0.0,0.0,0.0],[0.0,1.0,0.0,0.0],[0.0,0.0,1.0,0.0],[0.0,0.0,0.0,1.0]]",p_S_m = R_S_step * p_step_m + t_S_m,STEP_LOCAL:R07_RAIL_-1_-1_15_nut,S,m,mm,True,True,True,False,True
service,R07_RAIL_-1_-1_15_sleeve,"[[1.0,0.0,0.0,0.0],[0.0,1.0,0.0,0.0],[0.0,0.0,1.0,0.0],[0.0,0.0,0.0,1.0]]",p_S_m = R_S_step * p_step_m + t_S_m,STEP_LOCAL:R07_RAIL_-1_-1_15_sleeve,S,m,mm,True,True,True,False,True
service,R07_RAIL_-1_-1_164_screw,"[[1.0,0.0,0.0,0.0],[0.0,1.0,0.0,0.0],[0.0,0.0,1.0,0.0],[0.0,0.0,0.0,1.0]]",p_S_m = R_S_step * p_step_m + t_S_m,STEP_LOCAL:R07_RAIL_-1_-1_164_screw,S,m,mm,True,True,True,False,True
service,R07_RAIL_-1_-1_164_washer_head,"[[1.0,0.0,0.0,0.0],[0.0,1.0,0.0,0.0],[0.0,0.0,1.0,0.0],[0.0,0.0,0.0,1.0]]",p_S_m = R_S_step * p_step_m + t_S_m,STEP_LOCAL:R07_RAIL_-1_-1_164_washer_head,S,m,mm,True,True,True,False,True
service,R07_RAIL_-1_-1_164_washer_nut,"[[1.0,0.0,0.0,0.0],[0.0,1.0,0.0,0.0],[0.0,0.0,1.0,0.0],[0.0,0.0,0.0,1.0]]",p_S_m = R_S_step * p_step_m + t_S_m,STEP_LOCAL:R07_RAIL_-1_-1_164_washer_nut,S,m,mm,True,True,True,False,True
service,R07_RAIL_-1_-1_164_nut,"[[1.0,0.0,0.0,0.0],[0.0,1.0,0.0,0.0],[0.0,0.0,1.0,0.0],[0.0,0.0,0.0,1.0]]",p_S_m = R_S_step * p_step_m + t_S_m,STEP_LOCAL:R07_RAIL_-1_-1_164_nut,S,m,mm,True,True,True,False,True
service,R07_RAIL_-1_-1_-164_screw,"[[1.0,0.0,0.0,0.0],[0.0,1.0,0.0,0.0],[0.0,0.0,1.0,0.0],[0.0,0.0,0.0,1.0]]",p_S_m = R_S_step * p_step_m + t_S_m,STEP_LOCAL:R07_RAIL_-1_-1_-164_screw,S,m,mm,True,True,True,False,True
service,R07_RAIL_-1_-1_-164_washer_head,"[[1.0,0.0,0.0,0.0],[0.0,1.0,0.0,0.0],[0.0,0.0,1.0,0.0],[0.0,0.0,0.0,1.0]]",p_S_m = R_S_step * p_step_m + t_S_m,STEP_LOCAL:R07_RAIL_-1_-1_-164_washer_head,S,m,mm,True,True,True,False,True
service,R07_RAIL_-1_-1_-164_washer_nut,"[[1.0,0.0,0.0,0.0],[0.0,1.0,0.0,0.0],[0.0,0.0,1.0,0.0],[0.0,0.0,0.0,1.0]]",p_S_m = R_S_step * p_step_m + t_S_m,STEP_LOCAL:R07_RAIL_-1_-1_-164_washer_nut,S,m,mm,True,True,True,False,True
service,R07_RAIL_-1_-1_-164_nut,"[[1.0,0.0,0.0,0.0],[0.0,1.0,0.0,0.0],[0.0,0.0,1.0,0.0],[0.0,0.0,0.0,1.0]]",p_S_m = R_S_step * p_step_m + t_S_m,STEP_LOCAL:R07_RAIL_-1_-1_-164_nut,S,m,mm,True,True,True,False,True
service,R07_RAIL_-1_1_15_screw,"[[1.0,0.0,0.0,0.0],[0.0,1.0,0.0,0.0],[0.0,0.0,1.0,0.0],[0.0,0.0,0.0,1.0]]",p_S_m = R_S_step * p_step_m + t_S_m,STEP_LOCAL:R07_RAIL_-1_1_15_screw,S,m,mm,True,True,True,False,True
service,R07_RAIL_-1_1_15_washer_head,"[[1.0,0.0,0.0,0.0],[0.0,1.0,0.0,0.0],[0.0,0.0,1.0,0.0],[0.0,0.0,0.0,1.0]]",p_S_m = R_S_step * p_step_m + t_S_m,STEP_LOCAL:R07_RAIL_-1_1_15_washer_head,S,m,mm,True,True,True,False,True
service,R07_RAIL_-1_1_15_washer_nut,"[[1.0,0.0,0.0,0.0],[0.0,1.0,0.0,0.0],[0.0,0.0,1.0,0.0],[0.0,0.0,0.0,1.0]]",p_S_m = R_S_step * p_step_m + t_S_m,STEP_LOCAL:R07_RAIL_-1_1_15_washer_nut,S,m,mm,True,True,True,False,True
service,R07_RAIL_-1_1_15_nut,"[[1.0,0.0,0.0,0.0],[0.0,1.0,0.0,0.0],[0.0,0.0,1.0,0.0],[0.0,0.0,0.0,1.0]]",p_S_m = R_S_step * p_step_m + t_S_m,STEP_LOCAL:R07_RAIL_-1_1_15_nut,S,m,mm,True,True,True,False,True
service,R07_RAIL_-1_1_15_sleeve,"[[1.0,0.0,0.0,0.0],[0.0,1.0,0.0,0.0],[0.0,0.0,1.0,0.0],[0.0,0.0,0.0,1.0]]",p_S_m = R_S_step * p_step_m + t_S_m,STEP_LOCAL:R07_RAIL_-1_1_15_sleeve,S,m,mm,True,True,True,False,True
service,R07_RAIL_-1_1_164_screw,"[[1.0,0.0,0.0,0.0],[0.0,1.0,0.0,0.0],[0.0,0.0,1.0,0.0],[0.0,0.0,0.0,1.0]]",p_S_m = R_S_step * p_step_m + t_S_m,STEP_LOCAL:R07_RAIL_-1_1_164_screw,S,m,mm,True,True,True,False,True
service,R07_RAIL_-1_1_164_washer_head,"[[1.0,0.0,0.0,0.0],[0.0,1.0,0.0,0.0],[0.0,0.0,1.0,0.0],[0.0,0.0,0.0,1.0]]",p_S_m = R_S_step * p_step_m + t_S_m,STEP_LOCAL:R07_RAIL_-1_1_164_washer_head,S,m,mm,True,True,True,False,True
service,R07_RAIL_-1_1_164_washer_nut,"[[1.0,0.0,0.0,0.0],[0.0,1.0,0.0,0.0],[0.0,0.0,1.0,0.0],[0.0,0.0,0.0,1.0]]",p_S_m = R_S_step * p_step_m + t_S_m,STEP_LOCAL:R07_RAIL_-1_1_164_washer_nut,S,m,mm,True,True,True,False,True
service,R07_RAIL_-1_1_164_nut,"[[1.0,0.0,0.0,0.0],[0.0,1.0,0.0,0.0],[0.0,0.0,1.0,0.0],[0.0,0.0,0.0,1.0]]",p_S_m = R_S_step * p_step_m + t_S_m,STEP_LOCAL:R07_RAIL_-1_1_164_nut,S,m,mm,True,True,True,False,True
service,R07_RAIL_-1_1_-164_screw,"[[1.0,0.0,0.0,0.0],[0.0,1.0,0.0,0.0],[0.0,0.0,1.0,0.0],[0.0,0.0,0.0,1.0]]",p_S_m = R_S_step * p_step_m + t_S_m,STEP_LOCAL:R07_RAIL_-1_1_-164_screw,S,m,mm,True,True,True,False,True
service,R07_RAIL_-1_1_-164_washer_head,"[[1.0,0.0,0.0,0.0],[0.0,1.0,0.0,0.0],[0.0,0.0,1.0,0.0],[0.0,0.0,0.0,1.0]]",p_S_m = R_S_step * p_step_m + t_S_m,STEP_LOCAL:R07_RAIL_-1_1_-164_washer_head,S,m,mm,True,True,True,False,True
service,R07_RAIL_-1_1_-164_washer_nut,"[[1.0,0.0,0.0,0.0],[0.0,1.0,0.0,0.0],[0.0,0.0,1.0,0.0],[0.0,0.0,0.0,1.0]]",p_S_m = R_S_step * p_step_m + t_S_m,STEP_LOCAL:R07_RAIL_-1_1_-164_washer_nut,S,m,mm,True,True,True,False,True
service,R07_RAIL_-1_1_-164_nut,"[[1.0,0.0,0.0,0.0],[0.0,1.0,0.0,0.0],[0.0,0.0,1.0,0.0],[0.0,0.0,0.0,1.0]]",p_S_m = R_S_step * p_step_m + t_S_m,STEP_LOCAL:R07_RAIL_-1_1_-164_nut,S,m,mm,True,True,True,False,True
service,R07_RAIL_1_-1_15_screw,"[[1.0,0.0,0.0,0.0],[0.0,1.0,0.0,0.0],[0.0,0.0,1.0,0.0],[0.0,0.0,0.0,1.0]]",p_S_m = R_S_step * p_step_m + t_S_m,STEP_LOCAL:R07_RAIL_1_-1_15_screw,S,m,mm,True,True,True,False,True
service,R07_RAIL_1_-1_15_washer_head,"[[1.0,0.0,0.0,0.0],[0.0,1.0,0.0,0.0],[0.0,0.0,1.0,0.0],[0.0,0.0,0.0,1.0]]",p_S_m = R_S_step * p_step_m + t_S_m,STEP_LOCAL:R07_RAIL_1_-1_15_washer_head,S,m,mm,True,True,True,False,True
service,R07_RAIL_1_-1_15_washer_nut,"[[1.0,0.0,0.0,0.0],[0.0,1.0,0.0,0.0],[0.0,0.0,1.0,0.0],[0.0,0.0,0.0,1.0]]",p_S_m = R_S_step * p_step_m + t_S_m,STEP_LOCAL:R07_RAIL_1_-1_15_washer_nut,S,m,mm,True,True,True,False,True
service,R07_RAIL_1_-1_15_nut,"[[1.0,0.0,0.0,0.0],[0.0,1.0,0.0,0.0],[0.0,0.0,1.0,0.0],[0.0,0.0,0.0,1.0]]",p_S_m = R_S_step * p_step_m + t_S_m,STEP_LOCAL:R07_RAIL_1_-1_15_nut,S,m,mm,True,True,True,False,True
service,R07_RAIL_1_-1_15_sleeve,"[[1.0,0.0,0.0,0.0],[0.0,1.0,0.0,0.0],[0.0,0.0,1.0,0.0],[0.0,0.0,0.0,1.0]]",p_S_m = R_S_step * p_step_m + t_S_m,STEP_LOCAL:R07_RAIL_1_-1_15_sleeve,S,m,mm,True,True,True,False,True
service,R07_RAIL_1_-1_164_screw,"[[1.0,0.0,0.0,0.0],[0.0,1.0,0.0,0.0],[0.0,0.0,1.0,0.0],[0.0,0.0,0.0,1.0]]",p_S_m = R_S_step * p_step_m + t_S_m,STEP_LOCAL:R07_RAIL_1_-1_164_screw,S,m,mm,True,True,True,False,True
service,R07_RAIL_1_-1_164_washer_head,"[[1.0,0.0,0.0,0.0],[0.0,1.0,0.0,0.0],[0.0,0.0,1.0,0.0],[0.0,0.0,0.0,1.0]]",p_S_m = R_S_step * p_step_m + t_S_m,STEP_LOCAL:R07_RAIL_1_-1_164_washer_head,S,m,mm,True,True,True,False,True
service,R07_RAIL_1_-1_164_washer_nut,"[[1.0,0.0,0.0,0.0],[0.0,1.0,0.0,0.0],[0.0,0.0,1.0,0.0],[0.0,0.0,0.0,1.0]]",p_S_m = R_S_step * p_step_m + t_S_m,STEP_LOCAL:R07_RAIL_1_-1_164_washer_nut,S,m,mm,True,True,True,False,True
service,R07_RAIL_1_-1_164_nut,"[[1.0,0.0,0.0,0.0],[0.0,1.0,0.0,0.0],[0.0,0.0,1.0,0.0],[0.0,0.0,0.0,1.0]]",p_S_m = R_S_step * p_step_m + t_S_m,STEP_LOCAL:R07_RAIL_1_-1_164_nut,S,m,mm,True,True,True,False,True
service,R07_RAIL_1_-1_-164_screw,"[[1.0,0.0,0.0,0.0],[0.0,1.0,0.0,0.0],[0.0,0.0,1.0,0.0],[0.0,0.0,0.0,1.0]]",p_S_m = R_S_step * p_step_m + t_S_m,STEP_LOCAL:R07_RAIL_1_-1_-164_screw,S,m,mm,True,True,True,False,True
service,R07_RAIL_1_-1_-164_washer_head,"[[1.0,0.0,0.0,0.0],[0.0,1.0,0.0,0.0],[0.0,0.0,1.0,0.0],[0.0,0.0,0.0,1.0]]",p_S_m = R_S_step * p_step_m + t_S_m,STEP_LOCAL:R07_RAIL_1_-1_-164_washer_head,S,m,mm,True,True,True,False,True
service,R07_RAIL_1_-1_-164_washer_nut,"[[1.0,0.0,0.0,0.0],[0.0,1.0,0.0,0.0],[0.0,0.0,1.0,0.0],[0.0,0.0,0.0,1.0]]",p_S_m = R_S_step * p_step_m + t_S_m,STEP_LOCAL:R07_RAIL_1_-1_-164_washer_nut,S,m,mm,True,True,True,False,True
service,R07_RAIL_1_-1_-164_nut,"[[1.0,0.0,0.0,0.0],[0.0,1.0,0.0,0.0],[0.0,0.0,1.0,0.0],[0.0,0.0,0.0,1.0]]",p_S_m = R_S_step * p_step_m + t_S_m,STEP_LOCAL:R07_RAIL_1_-1_-164_nut,S,m,mm,True,True,True,False,True
service,R07_RAIL_1_1_15_screw,"[[1.0,0.0,0.0,0.0],[0.0,1.0,0.0,0.0],[0.0,0.0,1.0,0.0],[0.0,0.0,0.0,1.0]]",p_S_m = R_S_step * p_step_m + t_S_m,STEP_LOCAL:R07_RAIL_1_1_15_screw,S,m,mm,True,True,True,False,True
service,R07_RAIL_1_1_15_washer_head,"[[1.0,0.0,0.0,0.0],[0.0,1.0,0.0,0.0],[0.0,0.0,1.0,0.0],[0.0,0.0,0.0,1.0]]",p_S_m = R_S_step * p_step_m + t_S_m,STEP_LOCAL:R07_RAIL_1_1_15_washer_head,S,m,mm,True,True,True,False,True
service,R07_RAIL_1_1_15_washer_nut,"[[1.0,0.0,0.0,0.0],[0.0,1.0,0.0,0.0],[0.0,0.0,1.0,0.0],[0.0,0.0,0.0,1.0]]",p_S_m = R_S_step * p_step_m + t_S_m,STEP_LOCAL:R07_RAIL_1_1_15_washer_nut,S,m,mm,True,True,True,False,True
service,R07_RAIL_1_1_15_nut,"[[1.0,0.0,0.0,0.0],[0.0,1.0,0.0,0.0],[0.0,0.0,1.0,0.0],[0.0,0.0,0.0,1.0]]",p_S_m = R_S_step * p_step_m + t_S_m,STEP_LOCAL:R07_RAIL_1_1_15_nut,S,m,mm,True,True,True,False,True
service,R07_RAIL_1_1_15_sleeve,"[[1.0,0.0,0.0,0.0],[0.0,1.0,0.0,0.0],[0.0,0.0,1.0,0.0],[0.0,0.0,0.0,1.0]]",p_S_m = R_S_step * p_step_m + t_S_m,STEP_LOCAL:R07_RAIL_1_1_15_sleeve,S,m,mm,True,True,True,False,True
service,R07_RAIL_1_1_164_screw,"[[1.0,0.0,0.0,0.0],[0.0,1.0,0.0,0.0],[0.0,0.0,1.0,0.0],[0.0,0.0,0.0,1.0]]",p_S_m = R_S_step * p_step_m + t_S_m,STEP_LOCAL:R07_RAIL_1_1_164_screw,S,m,mm,True,True,True,False,True
service,R07_RAIL_1_1_164_washer_head,"[[1.0,0.0,0.0,0.0],[0.0,1.0,0.0,0.0],[0.0,0.0,1.0,0.0],[0.0,0.0,0.0,1.0]]",p_S_m = R_S_step * p_step_m + t_S_m,STEP_LOCAL:R07_RAIL_1_1_164_washer_head,S,m,mm,True,True,True,False,True
service,R07_RAIL_1_1_164_washer_nut,"[[1.0,0.0,0.0,0.0],[0.0,1.0,0.0,0.0],[0.0,0.0,1.0,0.0],[0.0,0.0,0.0,1.0]]",p_S_m = R_S_step * p_step_m + t_S_m,STEP_LOCAL:R07_RAIL_1_1_164_washer_nut,S,m,mm,True,True,True,False,True
service,R07_RAIL_1_1_164_nut,"[[1.0,0.0,0.0,0.0],[0.0,1.0,0.0,0.0],[0.0,0.0,1.0,0.0],[0.0,0.0,0.0,1.0]]",p_S_m = R_S_step * p_step_m + t_S_m,STEP_LOCAL:R07_RAIL_1_1_164_nut,S,m,mm,True,True,True,False,True
service,R07_RAIL_1_1_-164_screw,"[[1.0,0.0,0.0,0.0],[0.0,1.0,0.0,0.0],[0.0,0.0,1.0,0.0],[0.0,0.0,0.0,1.0]]",p_S_m = R_S_step * p_step_m + t_S_m,STEP_LOCAL:R07_RAIL_1_1_-164_screw,S,m,mm,True,True,True,False,True
service,R07_RAIL_1_1_-164_washer_head,"[[1.0,0.0,0.0,0.0],[0.0,1.0,0.0,0.0],[0.0,0.0,1.0,0.0],[0.0,0.0,0.0,1.0]]",p_S_m = R_S_step * p_step_m + t_S_m,STEP_LOCAL:R07_RAIL_1_1_-164_washer_head,S,m,mm,True,True,True,False,True
service,R07_RAIL_1_1_-164_washer_nut,"[[1.0,0.0,0.0,0.0],[0.0,1.0,0.0,0.0],[0.0,0.0,1.0,0.0],[0.0,0.0,0.0,1.0]]",p_S_m = R_S_step * p_step_m + t_S_m,STEP_LOCAL:R07_RAIL_1_1_-164_washer_nut,S,m,mm,True,True,True,False,True
service,R07_RAIL_1_1_-164_nut,"[[1.0,0.0,0.0,0.0],[0.0,1.0,0.0,0.0],[0.0,0.0,1.0,0.0],[0.0,0.0,0.0,1.0]]",p_S_m = R_S_step * p_step_m + t_S_m,STEP_LOCAL:R07_RAIL_1_1_-164_nut,S,m,mm,True,True,True,False,True
service,R07_HOLD_0_-1_INNER_screw,"[[1.0,0.0,0.0,0.0],[0.0,1.0,0.0,0.0],[0.0,0.0,1.0,0.0],[0.0,0.0,0.0,1.0]]",p_S_m = R_S_step * p_step_m + t_S_m,STEP_LOCAL:R07_HOLD_0_-1_INNER_screw,S,m,mm,True,True,True,False,True
service,R07_HOLD_0_-1_INNER_washer_head,"[[1.0,0.0,0.0,0.0],[0.0,1.0,0.0,0.0],[0.0,0.0,1.0,0.0],[0.0,0.0,0.0,1.0]]",p_S_m = R_S_step * p_step_m + t_S_m,STEP_LOCAL:R07_HOLD_0_-1_INNER_washer_head,S,m,mm,True,True,True,False,True
service,R07_HOLD_0_-1_INNER_washer_nut,"[[1.0,0.0,0.0,0.0],[0.0,1.0,0.0,0.0],[0.0,0.0,1.0,0.0],[0.0,0.0,0.0,1.0]]",p_S_m = R_S_step * p_step_m + t_S_m,STEP_LOCAL:R07_HOLD_0_-1_INNER_washer_nut,S,m,mm,True,True,True,False,True
service,R07_HOLD_0_-1_INNER_nut,"[[1.0,0.0,0.0,0.0],[0.0,1.0,0.0,0.0],[0.0,0.0,1.0,0.0],[0.0,0.0,0.0,1.0]]",p_S_m = R_S_step * p_step_m + t_S_m,STEP_LOCAL:R07_HOLD_0_-1_INNER_nut,S,m,mm,True,True,True,False,True
service,R07_HOLD_0_-1_OUTER_screw,"[[1.0,0.0,0.0,0.0],[0.0,1.0,0.0,0.0],[0.0,0.0,1.0,0.0],[0.0,0.0,0.0,1.0]]",p_S_m = R_S_step * p_step_m + t_S_m,STEP_LOCAL:R07_HOLD_0_-1_OUTER_screw,S,m,mm,True,True,True,False,True
service,R07_HOLD_0_-1_OUTER_washer_head,"[[1.0,0.0,0.0,0.0],[0.0,1.0,0.0,0.0],[0.0,0.0,1.0,0.0],[0.0,0.0,0.0,1.0]]",p_S_m = R_S_step * p_step_m + t_S_m,STEP_LOCAL:R07_HOLD_0_-1_OUTER_washer_head,S,m,mm,True,True,True,False,True
service,R07_HOLD_0_-1_OUTER_washer_nut,"[[1.0,0.0,0.0,0.0],[0.0,1.0,0.0,0.0],[0.0,0.0,1.0,0.0],[0.0,0.0,0.0,1.0]]",p_S_m = R_S_step * p_step_m + t_S_m,STEP_LOCAL:R07_HOLD_0_-1_OUTER_washer_nut,S,m,mm,True,True,True,False,True
service,R07_HOLD_0_-1_OUTER_nut,"[[1.0,0.0,0.0,0.0],[0.0,1.0,0.0,0.0],[0.0,0.0,1.0,0.0],[0.0,0.0,0.0,1.0]]",p_S_m = R_S_step * p_step_m + t_S_m,STEP_LOCAL:R07_HOLD_0_-1_OUTER_nut,S,m,mm,True,True,True,False,True
service,R07_HOLD_0_-1_OUTER_sleeve,"[[1.0,0.0,0.0,0.0],[0.0,1.0,0.0,0.0],[0.0,0.0,1.0,0.0],[0.0,0.0,0.0,1.0]]",p_S_m = R_S_step * p_step_m + t_S_m,STEP_LOCAL:R07_HOLD_0_-1_OUTER_sleeve,S,m,mm,True,True,True,False,True
service,R07_HOLD_0_1_INNER_screw,"[[1.0,0.0,0.0,0.0],[0.0,1.0,0.0,0.0],[0.0,0.0,1.0,0.0],[0.0,0.0,0.0,1.0]]",p_S_m = R_S_step * p_step_m + t_S_m,STEP_LOCAL:R07_HOLD_0_1_INNER_screw,S,m,mm,True,True,True,False,True
service,R07_HOLD_0_1_INNER_washer_head,"[[1.0,0.0,0.0,0.0],[0.0,1.0,0.0,0.0],[0.0,0.0,1.0,0.0],[0.0,0.0,0.0,1.0]]",p_S_m = R_S_step * p_step_m + t_S_m,STEP_LOCAL:R07_HOLD_0_1_INNER_washer_head,S,m,mm,True,True,True,False,True
service,R07_HOLD_0_1_INNER_washer_nut,"[[1.0,0.0,0.0,0.0],[0.0,1.0,0.0,0.0],[0.0,0.0,1.0,0.0],[0.0,0.0,0.0,1.0]]",p_S_m = R_S_step * p_step_m + t_S_m,STEP_LOCAL:R07_HOLD_0_1_INNER_washer_nut,S,m,mm,True,True,True,False,True
service,R07_HOLD_0_1_INNER_nut,"[[1.0,0.0,0.0,0.0],[0.0,1.0,0.0,0.0],[0.0,0.0,1.0,0.0],[0.0,0.0,0.0,1.0]]",p_S_m = R_S_step * p_step_m + t_S_m,STEP_LOCAL:R07_HOLD_0_1_INNER_nut,S,m,mm,True,True,True,False,True
service,R07_HOLD_0_1_OUTER_screw,"[[1.0,0.0,0.0,0.0],[0.0,1.0,0.0,0.0],[0.0,0.0,1.0,0.0],[0.0,0.0,0.0,1.0]]",p_S_m = R_S_step * p_step_m + t_S_m,STEP_LOCAL:R07_HOLD_0_1_OUTER_screw,S,m,mm,True,True,True,False,True
service,R07_HOLD_0_1_OUTER_washer_head,"[[1.0,0.0,0.0,0.0],[0.0,1.0,0.0,0.0],[0.0,0.0,1.0,0.0],[0.0,0.0,0.0,1.0]]",p_S_m = R_S_step * p_step_m + t_S_m,STEP_LOCAL:R07_HOLD_0_1_OUTER_washer_head,S,m,mm,True,True,True,False,True
service,R07_HOLD_0_1_OUTER_washer_nut,"[[1.0,0.0,0.0,0.0],[0.0,1.0,0.0,0.0],[0.0,0.0,1.0,0.0],[0.0,0.0,0.0,1.0]]",p_S_m = R_S_step * p_step_m + t_S_m,STEP_LOCAL:R07_HOLD_0_1_OUTER_washer_nut,S,m,mm,True,True,True,False,True
service,R07_HOLD_0_1_OUTER_nut,"[[1.0,0.0,0.0,0.0],[0.0,1.0,0.0,0.0],[0.0,0.0,1.0,0.0],[0.0,0.0,0.0,1.0]]",p_S_m = R_S_step * p_step_m + t_S_m,STEP_LOCAL:R07_HOLD_0_1_OUTER_nut,S,m,mm,True,True,True,False,True
service,R07_HOLD_0_1_OUTER_sleeve,"[[1.0,0.0,0.0,0.0],[0.0,1.0,0.0,0.0],[0.0,0.0,1.0,0.0],[0.0,0.0,0.0,1.0]]",p_S_m = R_S_step * p_step_m + t_S_m,STEP_LOCAL:R07_HOLD_0_1_OUTER_sleeve,S,m,mm,True,True,True,False,True
service,R07_HOLD_1_-1_INNER_screw,"[[1.0,0.0,0.0,0.0],[0.0,1.0,0.0,0.0],[0.0,0.0,1.0,0.0],[0.0,0.0,0.0,1.0]]",p_S_m = R_S_step * p_step_m + t_S_m,STEP_LOCAL:R07_HOLD_1_-1_INNER_screw,S,m,mm,True,True,True,False,True
service,R07_HOLD_1_-1_INNER_washer_head,"[[1.0,0.0,0.0,0.0],[0.0,1.0,0.0,0.0],[0.0,0.0,1.0,0.0],[0.0,0.0,0.0,1.0]]",p_S_m = R_S_step * p_step_m + t_S_m,STEP_LOCAL:R07_HOLD_1_-1_INNER_washer_head,S,m,mm,True,True,True,False,True
service,R07_HOLD_1_-1_INNER_washer_nut,"[[1.0,0.0,0.0,0.0],[0.0,1.0,0.0,0.0],[0.0,0.0,1.0,0.0],[0.0,0.0,0.0,1.0]]",p_S_m = R_S_step * p_step_m + t_S_m,STEP_LOCAL:R07_HOLD_1_-1_INNER_washer_nut,S,m,mm,True,True,True,False,True
service,R07_HOLD_1_-1_INNER_nut,"[[1.0,0.0,0.0,0.0],[0.0,1.0,0.0,0.0],[0.0,0.0,1.0,0.0],[0.0,0.0,0.0,1.0]]",p_S_m = R_S_step * p_step_m + t_S_m,STEP_LOCAL:R07_HOLD_1_-1_INNER_nut,S,m,mm,True,True,True,False,True
service,R07_HOLD_1_-1_OUTER_screw,"[[1.0,0.0,0.0,0.0],[0.0,1.0,0.0,0.0],[0.0,0.0,1.0,0.0],[0.0,0.0,0.0,1.0]]",p_S_m = R_S_step * p_step_m + t_S_m,STEP_LOCAL:R07_HOLD_1_-1_OUTER_screw,S,m,mm,True,True,True,False,True
service,R07_HOLD_1_-1_OUTER_washer_head,"[[1.0,0.0,0.0,0.0],[0.0,1.0,0.0,0.0],[0.0,0.0,1.0,0.0],[0.0,0.0,0.0,1.0]]",p_S_m = R_S_step * p_step_m + t_S_m,STEP_LOCAL:R07_HOLD_1_-1_OUTER_washer_head,S,m,mm,True,True,True,False,True
service,R07_HOLD_1_-1_OUTER_washer_nut,"[[1.0,0.0,0.0,0.0],[0.0,1.0,0.0,0.0],[0.0,0.0,1.0,0.0],[0.0,0.0,0.0,1.0]]",p_S_m = R_S_step * p_step_m + t_S_m,STEP_LOCAL:R07_HOLD_1_-1_OUTER_washer_nut,S,m,mm,True,True,True,False,True
service,R07_HOLD_1_-1_OUTER_nut,"[[1.0,0.0,0.0,0.0],[0.0,1.0,0.0,0.0],[0.0,0.0,1.0,0.0],[0.0,0.0,0.0,1.0]]",p_S_m = R_S_step * p_step_m + t_S_m,STEP_LOCAL:R07_HOLD_1_-1_OUTER_nut,S,m,mm,True,True,True,False,True
service,R07_HOLD_1_-1_OUTER_sleeve,"[[1.0,0.0,0.0,0.0],[0.0,1.0,0.0,0.0],[0.0,0.0,1.0,0.0],[0.0,0.0,0.0,1.0]]",p_S_m = R_S_step * p_step_m + t_S_m,STEP_LOCAL:R07_HOLD_1_-1_OUTER_sleeve,S,m,mm,True,True,True,False,True
service,R07_HOLD_1_1_INNER_screw,"[[1.0,0.0,0.0,0.0],[0.0,1.0,0.0,0.0],[0.0,0.0,1.0,0.0],[0.0,0.0,0.0,1.0]]",p_S_m = R_S_step * p_step_m + t_S_m,STEP_LOCAL:R07_HOLD_1_1_INNER_screw,S,m,mm,True,True,True,False,True
service,R07_HOLD_1_1_INNER_washer_head,"[[1.0,0.0,0.0,0.0],[0.0,1.0,0.0,0.0],[0.0,0.0,1.0,0.0],[0.0,0.0,0.0,1.0]]",p_S_m = R_S_step * p_step_m + t_S_m,STEP_LOCAL:R07_HOLD_1_1_INNER_washer_head,S,m,mm,True,True,True,False,True
service,R07_HOLD_1_1_INNER_washer_nut,"[[1.0,0.0,0.0,0.0],[0.0,1.0,0.0,0.0],[0.0,0.0,1.0,0.0],[0.0,0.0,0.0,1.0]]",p_S_m = R_S_step * p_step_m + t_S_m,STEP_LOCAL:R07_HOLD_1_1_INNER_washer_nut,S,m,mm,True,True,True,False,True
service,R07_HOLD_1_1_INNER_nut,"[[1.0,0.0,0.0,0.0],[0.0,1.0,0.0,0.0],[0.0,0.0,1.0,0.0],[0.0,0.0,0.0,1.0]]",p_S_m = R_S_step * p_step_m + t_S_m,STEP_LOCAL:R07_HOLD_1_1_INNER_nut,S,m,mm,True,True,True,False,True
service,R07_HOLD_1_1_OUTER_screw,"[[1.0,0.0,0.0,0.0],[0.0,1.0,0.0,0.0],[0.0,0.0,1.0,0.0],[0.0,0.0,0.0,1.0]]",p_S_m = R_S_step * p_step_m + t_S_m,STEP_LOCAL:R07_HOLD_1_1_OUTER_screw,S,m,mm,True,True,True,False,True
service,R07_HOLD_1_1_OUTER_washer_head,"[[1.0,0.0,0.0,0.0],[0.0,1.0,0.0,0.0],[0.0,0.0,1.0,0.0],[0.0,0.0,0.0,1.0]]",p_S_m = R_S_step * p_step_m + t_S_m,STEP_LOCAL:R07_HOLD_1_1_OUTER_washer_head,S,m,mm,True,True,True,False,True
service,R07_HOLD_1_1_OUTER_washer_nut,"[[1.0,0.0,0.0,0.0],[0.0,1.0,0.0,0.0],[0.0,0.0,1.0,0.0],[0.0,0.0,0.0,1.0]]",p_S_m = R_S_step * p_step_m + t_S_m,STEP_LOCAL:R07_HOLD_1_1_OUTER_washer_nut,S,m,mm,True,True,True,False,True
service,R07_HOLD_1_1_OUTER_nut,"[[1.0,0.0,0.0,0.0],[0.0,1.0,0.0,0.0],[0.0,0.0,1.0,0.0],[0.0,0.0,0.0,1.0]]",p_S_m = R_S_step * p_step_m + t_S_m,STEP_LOCAL:R07_HOLD_1_1_OUTER_nut,S,m,mm,True,True,True,False,True
service,R07_HOLD_1_1_OUTER_sleeve,"[[1.0,0.0,0.0,0.0],[0.0,1.0,0.0,0.0],[0.0,0.0,1.0,0.0],[0.0,0.0,0.0,1.0]]",p_S_m = R_S_step * p_step_m + t_S_m,STEP_LOCAL:R07_HOLD_1_1_OUTER_sleeve,S,m,mm,True,True,True,False,True
service,R07_rear_axial_washer_-1_-1,"[[1.0,0.0,0.0,0.0],[0.0,1.0,0.0,0.0],[0.0,0.0,1.0,0.0],[0.0,0.0,0.0,1.0]]",p_S_m = R_S_step * p_step_m + t_S_m,STEP_LOCAL:R07_rear_axial_washer_-1_-1,S,m,mm,True,True,True,False,True
service,R07_rear_axial_washer_-1_1,"[[1.0,0.0,0.0,0.0],[0.0,1.0,0.0,0.0],[0.0,0.0,1.0,0.0],[0.0,0.0,0.0,1.0]]",p_S_m = R_S_step * p_step_m + t_S_m,STEP_LOCAL:R07_rear_axial_washer_-1_1,S,m,mm,True,True,True,False,True
service,R07_rear_axial_washer_1_-1,"[[1.0,0.0,0.0,0.0],[0.0,1.0,0.0,0.0],[0.0,0.0,1.0,0.0],[0.0,0.0,0.0,1.0]]",p_S_m = R_S_step * p_step_m + t_S_m,STEP_LOCAL:R07_rear_axial_washer_1_-1,S,m,mm,True,True,True,False,True
service,R07_rear_axial_washer_1_1,"[[1.0,0.0,0.0,0.0],[0.0,1.0,0.0,0.0],[0.0,0.0,1.0,0.0],[0.0,0.0,0.0,1.0]]",p_S_m = R_S_step * p_step_m + t_S_m,STEP_LOCAL:R07_rear_axial_washer_1_1,S,m,mm,True,True,True,False,True
service,B601_base_link,"[[1.0,0.0,0.0,0.09],[0.0,1.0,0.0,0.0],[0.0,0.0,1.0,0.12515],[0.0,0.0,0.0,1.0]]",p_S_m = R_S_step * p_step_m + t_S_m,STEP_LOCAL:B601_base_link,S,m,mm,True,True,True,False,True
service,B601_link1,"[[1.0,0.0,0.0,0.08991584000000001],[0.0,1.0,0.0,0.0],[0.0,0.0,1.0,0.20980000000000001],[0.0,0.0,0.0,1.0]]",p_S_m = R_S_step * p_step_m + t_S_m,STEP_LOCAL:B601_link1,S,m,mm,True,True,True,False,True
service,B601_link2,"[[0.17364817766693036,-0.9848077530122076,-1.0587911840607324e-22,0.10999984],[-3.6174008641388143e-06,-6.378453723857897e-07,0.9999999999932535,0.031625],[-0.9848077530055638,-0.17364817766575893,-3.6732051033050426e-06,0.26535],[0.0,0.0,0.0,1.0]]",p_S_m = R_S_step * p_step_m + t_S_m,STEP_LOCAL:B601_link2,S,m,mm,True,True,True,False,True
service,B601_link3,"[[0.9848077530122077,-0.17364817766693016,2.0390384399299427e-22,0.06415672109593037],[-6.378453723857891e-07,-3.617400864138814e-06,0.9999999999932533,0.031625954993828136],[-0.1736481776657588,-0.984807753005564,-3.6732051033050422e-06,0.5253392467934689],[0.0,0.0,0.0,1.0]]",p_S_m = R_S_step * p_step_m + t_S_m,STEP_LOCAL:B601_link3,S,m,mm,True,True,True,False,True
service,B601_link4,"[[0.7660444431189776,-0.642787609686539,1.570878563830437e-23,0.31244808357070625],[-2.361090728241846e-06,-2.8138383578231e-06,0.9999999999932531,0.030000995592198414],[-0.6427876096822026,-0.7660444431138097,-3.673205103305042e-06,0.5363918235230145],[0.0,0.0,0.0,1.0]]",p_S_m = R_S_step * p_step_m + t_S_m,STEP_LOCAL:B601_link4,S,m,mm,True,True,True,False,True
service,B601_link5,"[[0.7660444431189773,2.361090728241844e-06,-0.642787609682202,0.3965400271857123],[-2.3610907282418452e-06,-0.9999999999761711,-6.487043461084379e-06,9.162190464842014e-07],[-0.6427876096822023,6.487043461084379e-06,-0.7660444430951492,0.5147831881969416],[0.0,0.0,0.0,1.0]]",p_S_m = R_S_step * p_step_m + t_S_m,STEP_LOCAL:B601_link5,S,m,mm,True,True,True,False,True
service,B601_link6,"[[0.6427847958395079,2.361090728241844e-06,0.7660468042045379,0.38897764774479904],[6.487052133811127e-06,-0.9999999999761711,-2.36106689998477e-06,6.007983465073198e-07],[0.7660468041807096,6.48704346108438e-06,-0.6427847958395081,0.46891248642454475],[0.0,0.0,0.0,1.0]]",p_S_m = R_S_step * p_step_m + t_S_m,STEP_LOCAL:B601_link6,S,m,mm,True,True,True,False,True
service,B601_gripper_link,"[[0.7660444431189772,2.361090728241844e-06,-0.6427876096822023,0.5113229828443059],[-2.3610907282418452e-06,-0.9999999999761708,-6.487043461084377e-06,2.237123519107522e-07],[-0.6427876096822022,6.487043461084379e-06,-0.7660444430951494,0.36625332668101696],[0.0,0.0,0.0,1.0]]",p_S_m = R_S_step * p_step_m + t_S_m,STEP_LOCAL:B601_gripper_link,S,m,mm,True,True,True,False,True
service,B601_gripper_left,"[[-5.174929086049012e-06,0.7660444431051365,-0.6427876096822018,0.47908770479539364],[0.9999999999780971,1.3121143749915966e-06,-6.487043461084374e-06,0.014972792177226538],[-4.125952732814696e-06,-0.642787609701694,-0.766044443095149,0.39331882057459233],[0.0,0.0,0.0,1.0]]",p_S_m = R_S_step * p_step_m + t_S_m,STEP_LOCAL:B601_gripper_left,S,m,mm,True,True,True,False,True
service,B601_gripper_right,"[[-4.527476295971826e-07,-0.7660444431224818,-0.6427876096822018,0.4790710231674255],[-0.9999999999607517,6.03429583144343e-06,-6.487043461084376e-06,-0.014972145990922852],[8.848134189266523e-06,0.6427876096540373,-0.7660444430951487,0.3932990501784304],[0.0,0.0,0.0,1.0]]",p_S_m = R_S_step * p_step_m + t_S_m,STEP_LOCAL:B601_gripper_right,S,m,mm,True,True,True,False,True
service,WP06_nut_-1_-94,"[[1.0,0.0,0.0,0.0],[0.0,1.0,0.0,0.0],[0.0,0.0,1.0,0.0],[0.0,0.0,0.0,1.0]]",p_S_m = R_S_step * p_step_m + t_S_m,STEP_LOCAL:WP06_nut_-1_-94,S,m,mm,True,True,True,False,True
service,WP06_nut_-1_94,"[[1.0,0.0,0.0,0.0],[0.0,1.0,0.0,0.0],[0.0,0.0,1.0,0.0],[0.0,0.0,0.0,1.0]]",p_S_m = R_S_step * p_step_m + t_S_m,STEP_LOCAL:WP06_nut_-1_94,S,m,mm,True,True,True,False,True
service,WP06_nut_1_-94,"[[1.0,0.0,0.0,0.0],[0.0,1.0,0.0,0.0],[0.0,0.0,1.0,0.0],[0.0,0.0,0.0,1.0]]",p_S_m = R_S_step * p_step_m + t_S_m,STEP_LOCAL:WP06_nut_1_-94,S,m,mm,True,True,True,False,True
service,WP06_nut_1_94,"[[1.0,0.0,0.0,0.0],[0.0,1.0,0.0,0.0],[0.0,0.0,1.0,0.0],[0.0,0.0,0.0,1.0]]",p_S_m = R_S_step * p_step_m + t_S_m,STEP_LOCAL:WP06_nut_1_94,S,m,mm,True,True,True,False,True
service,WP06_screw_-1_-94,"[[1.0,0.0,0.0,0.0],[0.0,1.0,0.0,0.0],[0.0,0.0,1.0,0.0],[0.0,0.0,0.0,1.0]]",p_S_m = R_S_step * p_step_m + t_S_m,STEP_LOCAL:WP06_screw_-1_-94,S,m,mm,True,True,True,False,True
service,WP06_screw_-1_94,"[[1.0,0.0,0.0,0.0],[0.0,1.0,0.0,0.0],[0.0,0.0,1.0,0.0],[0.0,0.0,0.0,1.0]]",p_S_m = R_S_step * p_step_m + t_S_m,STEP_LOCAL:WP06_screw_-1_94,S,m,mm,True,True,True,False,True
service,WP06_screw_1_-94,"[[1.0,0.0,0.0,0.0],[0.0,1.0,0.0,0.0],[0.0,0.0,1.0,0.0],[0.0,0.0,0.0,1.0]]",p_S_m = R_S_step * p_step_m + t_S_m,STEP_LOCAL:WP06_screw_1_-94,S,m,mm,True,True,True,False,True
service,WP06_screw_1_94,"[[1.0,0.0,0.0,0.0],[0.0,1.0,0.0,0.0],[0.0,0.0,1.0,0.0],[0.0,0.0,0.0,1.0]]",p_S_m = R_S_step * p_step_m + t_S_m,STEP_LOCAL:WP06_screw_1_94,S,m,mm,True,True,True,False,True
service,WP06_washer_inner_-1_-94,"[[1.0,0.0,0.0,0.0],[0.0,1.0,0.0,0.0],[0.0,0.0,1.0,0.0],[0.0,0.0,0.0,1.0]]",p_S_m = R_S_step * p_step_m + t_S_m,STEP_LOCAL:WP06_washer_inner_-1_-94,S,m,mm,True,True,True,False,True
service,WP06_washer_inner_-1_94,"[[1.0,0.0,0.0,0.0],[0.0,1.0,0.0,0.0],[0.0,0.0,1.0,0.0],[0.0,0.0,0.0,1.0]]",p_S_m = R_S_step * p_step_m + t_S_m,STEP_LOCAL:WP06_washer_inner_-1_94,S,m,mm,True,True,True,False,True
service,WP06_washer_inner_1_-94,"[[1.0,0.0,0.0,0.0],[0.0,1.0,0.0,0.0],[0.0,0.0,1.0,0.0],[0.0,0.0,0.0,1.0]]",p_S_m = R_S_step * p_step_m + t_S_m,STEP_LOCAL:WP06_washer_inner_1_-94,S,m,mm,True,True,True,False,True
service,WP06_washer_inner_1_94,"[[1.0,0.0,0.0,0.0],[0.0,1.0,0.0,0.0],[0.0,0.0,1.0,0.0],[0.0,0.0,0.0,1.0]]",p_S_m = R_S_step * p_step_m + t_S_m,STEP_LOCAL:WP06_washer_inner_1_94,S,m,mm,True,True,True,False,True
service,WP06_washer_outer_-1_-94,"[[1.0,0.0,0.0,0.0],[0.0,1.0,0.0,0.0],[0.0,0.0,1.0,0.0],[0.0,0.0,0.0,1.0]]",p_S_m = R_S_step * p_step_m + t_S_m,STEP_LOCAL:WP06_washer_outer_-1_-94,S,m,mm,True,True,True,False,True
service,WP06_washer_outer_-1_94,"[[1.0,0.0,0.0,0.0],[0.0,1.0,0.0,0.0],[0.0,0.0,1.0,0.0],[0.0,0.0,0.0,1.0]]",p_S_m = R_S_step * p_step_m + t_S_m,STEP_LOCAL:WP06_washer_outer_-1_94,S,m,mm,True,True,True,False,True
service,WP06_washer_outer_1_-94,"[[1.0,0.0,0.0,0.0],[0.0,1.0,0.0,0.0],[0.0,0.0,1.0,0.0],[0.0,0.0,0.0,1.0]]",p_S_m = R_S_step * p_step_m + t_S_m,STEP_LOCAL:WP06_washer_outer_1_-94,S,m,mm,True,True,True,False,True
service,WP06_washer_outer_1_94,"[[1.0,0.0,0.0,0.0],[0.0,1.0,0.0,0.0],[0.0,0.0,1.0,0.0],[0.0,0.0,0.0,1.0]]",p_S_m = R_S_step * p_step_m + t_S_m,STEP_LOCAL:WP06_washer_outer_1_94,S,m,mm,True,True,True,False,True
service,WP07_guide_screw_0_-10,"[[1.0000000000000004,0.0,0.0,-0.115],[0.0,0.0,-1.0000000000000004,-0.099],[0.0,1.0000000000000004,0.0,0.13515000000000002],[0.0,0.0,0.0,1.0]]",p_S_m = R_S_step * p_step_m + t_S_m,STEP_LOCAL:WP07_guide_screw_0_-10,S,m,mm,True,True,True,False,True
service,WP07_guide_screw_0_10,"[[1.0000000000000004,0.0,0.0,-0.115],[0.0,0.0,-1.0000000000000004,-0.099],[0.0,1.0000000000000004,0.0,0.13515000000000002],[0.0,0.0,0.0,1.0]]",p_S_m = R_S_step * p_step_m + t_S_m,STEP_LOCAL:WP07_guide_screw_0_10,S,m,mm,True,True,True,False,True
service,WP07_guide_washer_0_-10,"[[1.0000000000000004,0.0,0.0,-0.115],[0.0,0.0,-1.0000000000000004,-0.099],[0.0,1.0000000000000004,0.0,0.13515000000000002],[0.0,0.0,0.0,1.0]]",p_S_m = R_S_step * p_step_m + t_S_m,STEP_LOCAL:WP07_guide_washer_0_-10,S,m,mm,True,True,True,False,True
service,WP07_guide_washer_0_10,"[[1.0000000000000004,0.0,0.0,-0.115],[0.0,0.0,-1.0000000000000004,-0.099],[0.0,1.0000000000000004,0.0,0.13515000000000002],[0.0,0.0,0.0,1.0]]",p_S_m = R_S_step * p_step_m + t_S_m,STEP_LOCAL:WP07_guide_washer_0_10,S,m,mm,True,True,True,False,True
service,WP07_lower_collar_0_front,"[[1.0000000000000004,0.0,0.0,-0.115],[0.0,0.0,-1.0000000000000004,-0.099],[0.0,1.0000000000000004,0.0,0.13515000000000002],[0.0,0.0,0.0,1.0]]",p_S_m = R_S_step * p_step_m + t_S_m,STEP_LOCAL:WP07_lower_collar_0_front,S,m,mm,True,True,True,False,True
service,WP07_lower_collar_0_rear,"[[1.0000000000000004,0.0,0.0,-0.115],[0.0,0.0,-1.0000000000000004,-0.099],[0.0,1.0000000000000004,0.0,0.13515000000000002],[0.0,0.0,0.0,1.0]]",p_S_m = R_S_step * p_step_m + t_S_m,STEP_LOCAL:WP07_lower_collar_0_rear,S,m,mm,True,True,True,False,True
service,WP07_lower_nut_0_-17,"[[1.0000000000000004,0.0,0.0,-0.115],[0.0,0.0,-1.0000000000000004,-0.099],[0.0,1.0000000000000004,0.0,0.13515000000000002],[0.0,0.0,0.0,1.0]]",p_S_m = R_S_step * p_step_m + t_S_m,STEP_LOCAL:WP07_lower_nut_0_-17,S,m,mm,True,True,True,False,True
service,WP07_lower_nut_0_17,"[[1.0000000000000004,0.0,0.0,-0.115],[0.0,0.0,-1.0000000000000004,-0.099],[0.0,1.0000000000000004,0.0,0.13515000000000002],[0.0,0.0,0.0,1.0]]",p_S_m = R_S_step * p_step_m + t_S_m,STEP_LOCAL:WP07_lower_nut_0_17,S,m,mm,True,True,True,False,True
service,WP07_lower_screw_0_-17,"[[1.0000000000000004,0.0,0.0,-0.115],[0.0,0.0,-1.0000000000000004,-0.099],[0.0,1.0000000000000004,0.0,0.13515000000000002],[0.0,0.0,0.0,1.0]]",p_S_m = R_S_step * p_step_m + t_S_m,STEP_LOCAL:WP07_lower_screw_0_-17,S,m,mm,True,True,True,False,True
service,WP07_lower_screw_0_17,"[[1.0000000000000004,0.0,0.0,-0.115],[0.0,0.0,-1.0000000000000004,-0.099],[0.0,1.0000000000000004,0.0,0.13515000000000002],[0.0,0.0,0.0,1.0]]",p_S_m = R_S_step * p_step_m + t_S_m,STEP_LOCAL:WP07_lower_screw_0_17,S,m,mm,True,True,True,False,True
service,WP07_lower_washer_inner_0_-17,"[[1.0000000000000004,0.0,0.0,-0.115],[0.0,0.0,-1.0000000000000004,-0.099],[0.0,1.0000000000000004,0.0,0.13515000000000002],[0.0,0.0,0.0,1.0]]",p_S_m = R_S_step * p_step_m + t_S_m,STEP_LOCAL:WP07_lower_washer_inner_0_-17,S,m,mm,True,True,True,False,True
service,WP07_lower_washer_inner_0_17,"[[1.0000000000000004,0.0,0.0,-0.115],[0.0,0.0,-1.0000000000000004,-0.099],[0.0,1.0000000000000004,0.0,0.13515000000000002],[0.0,0.0,0.0,1.0]]",p_S_m = R_S_step * p_step_m + t_S_m,STEP_LOCAL:WP07_lower_washer_inner_0_17,S,m,mm,True,True,True,False,True
service,WP07_lower_washer_outer_0_-17,"[[1.0000000000000004,0.0,0.0,-0.115],[0.0,0.0,-1.0000000000000004,-0.099],[0.0,1.0000000000000004,0.0,0.13515000000000002],[0.0,0.0,0.0,1.0]]",p_S_m = R_S_step * p_step_m + t_S_m,STEP_LOCAL:WP07_lower_washer_outer_0_-17,S,m,mm,True,True,True,False,True
service,WP07_lower_washer_outer_0_17,"[[1.0000000000000004,0.0,0.0,-0.115],[0.0,0.0,-1.0000000000000004,-0.099],[0.0,1.0000000000000004,0.0,0.13515000000000002],[0.0,0.0,0.0,1.0]]",p_S_m = R_S_step * p_step_m + t_S_m,STEP_LOCAL:WP07_lower_washer_outer_0_17,S,m,mm,True,True,True,False,True
service,hold_fold_mast_0,"[[1.0000000000000004,0.0,0.0,-0.115],[0.0,0.0,-1.0000000000000004,-0.099],[0.0,1.0000000000000004,0.0,0.13515000000000002],[0.0,0.0,0.0,1.0]]",p_S_m = R_S_step * p_step_m + t_S_m,STEP_LOCAL:hold_fold_mast_0,S,m,mm,True,True,True,False,True
service,hold_shoe_guide_0_-10,"[[1.0000000000000004,0.0,0.0,-0.115],[0.0,0.0,-1.0000000000000004,-0.099],[0.0,1.0000000000000004,0.0,0.13515000000000002],[0.0,0.0,0.0,1.0]]",p_S_m = R_S_step * p_step_m + t_S_m,STEP_LOCAL:hold_shoe_guide_0_-10,S,m,mm,True,True,True,False,True
service,hold_shoe_guide_0_10,"[[1.0000000000000004,0.0,0.0,-0.115],[0.0,0.0,-1.0000000000000004,-0.099],[0.0,1.0000000000000004,0.0,0.13515000000000002],[0.0,0.0,0.0,1.0]]",p_S_m = R_S_step * p_step_m + t_S_m,STEP_LOCAL:hold_shoe_guide_0_10,S,m,mm,True,True,True,False,True
service,WP07_guide_screw_1_-10,"[[1.0000000000000004,0.0,0.0,-0.04],[0.0,0.0,-1.0000000000000004,-0.099],[0.0,1.0000000000000004,0.0,0.13515000000000002],[0.0,0.0,0.0,1.0]]",p_S_m = R_S_step * p_step_m + t_S_m,STEP_LOCAL:WP07_guide_screw_1_-10,S,m,mm,True,True,True,False,True
service,WP07_guide_screw_1_10,"[[1.0000000000000004,0.0,0.0,-0.04],[0.0,0.0,-1.0000000000000004,-0.099],[0.0,1.0000000000000004,0.0,0.13515000000000002],[0.0,0.0,0.0,1.0]]",p_S_m = R_S_step * p_step_m + t_S_m,STEP_LOCAL:WP07_guide_screw_1_10,S,m,mm,True,True,True,False,True
service,WP07_guide_washer_1_-10,"[[1.0000000000000004,0.0,0.0,-0.04],[0.0,0.0,-1.0000000000000004,-0.099],[0.0,1.0000000000000004,0.0,0.13515000000000002],[0.0,0.0,0.0,1.0]]",p_S_m = R_S_step * p_step_m + t_S_m,STEP_LOCAL:WP07_guide_washer_1_-10,S,m,mm,True,True,True,False,True
service,WP07_guide_washer_1_10,"[[1.0000000000000004,0.0,0.0,-0.04],[0.0,0.0,-1.0000000000000004,-0.099],[0.0,1.0000000000000004,0.0,0.13515000000000002],[0.0,0.0,0.0,1.0]]",p_S_m = R_S_step * p_step_m + t_S_m,STEP_LOCAL:WP07_guide_washer_1_10,S,m,mm,True,True,True,False,True
service,WP07_lower_collar_1_front,"[[1.0000000000000004,0.0,0.0,-0.04],[0.0,0.0,-1.0000000000000004,-0.099],[0.0,1.0000000000000004,0.0,0.13515000000000002],[0.0,0.0,0.0,1.0]]",p_S_m = R_S_step * p_step_m + t_S_m,STEP_LOCAL:WP07_lower_collar_1_front,S,m,mm,True,True,True,False,True
service,WP07_lower_collar_1_rear,"[[1.0000000000000004,0.0,0.0,-0.04],[0.0,0.0,-1.0000000000000004,-0.099],[0.0,1.0000000000000004,0.0,0.13515000000000002],[0.0,0.0,0.0,1.0]]",p_S_m = R_S_step * p_step_m + t_S_m,STEP_LOCAL:WP07_lower_collar_1_rear,S,m,mm,True,True,True,False,True
service,WP07_lower_nut_1_-17,"[[1.0000000000000004,0.0,0.0,-0.04],[0.0,0.0,-1.0000000000000004,-0.099],[0.0,1.0000000000000004,0.0,0.13515000000000002],[0.0,0.0,0.0,1.0]]",p_S_m = R_S_step * p_step_m + t_S_m,STEP_LOCAL:WP07_lower_nut_1_-17,S,m,mm,True,True,True,False,True
service,WP07_lower_nut_1_17,"[[1.0000000000000004,0.0,0.0,-0.04],[0.0,0.0,-1.0000000000000004,-0.099],[0.0,1.0000000000000004,0.0,0.13515000000000002],[0.0,0.0,0.0,1.0]]",p_S_m = R_S_step * p_step_m + t_S_m,STEP_LOCAL:WP07_lower_nut_1_17,S,m,mm,True,True,True,False,True
service,WP07_lower_screw_1_-17,"[[1.0000000000000004,0.0,0.0,-0.04],[0.0,0.0,-1.0000000000000004,-0.099],[0.0,1.0000000000000004,0.0,0.13515000000000002],[0.0,0.0,0.0,1.0]]",p_S_m = R_S_step * p_step_m + t_S_m,STEP_LOCAL:WP07_lower_screw_1_-17,S,m,mm,True,True,True,False,True
service,WP07_lower_screw_1_17,"[[1.0000000000000004,0.0,0.0,-0.04],[0.0,0.0,-1.0000000000000004,-0.099],[0.0,1.0000000000000004,0.0,0.13515000000000002],[0.0,0.0,0.0,1.0]]",p_S_m = R_S_step * p_step_m + t_S_m,STEP_LOCAL:WP07_lower_screw_1_17,S,m,mm,True,True,True,False,True
service,WP07_lower_washer_inner_1_-17,"[[1.0000000000000004,0.0,0.0,-0.04],[0.0,0.0,-1.0000000000000004,-0.099],[0.0,1.0000000000000004,0.0,0.13515000000000002],[0.0,0.0,0.0,1.0]]",p_S_m = R_S_step * p_step_m + t_S_m,STEP_LOCAL:WP07_lower_washer_inner_1_-17,S,m,mm,True,True,True,False,True
service,WP07_lower_washer_inner_1_17,"[[1.0000000000000004,0.0,0.0,-0.04],[0.0,0.0,-1.0000000000000004,-0.099],[0.0,1.0000000000000004,0.0,0.13515000000000002],[0.0,0.0,0.0,1.0]]",p_S_m = R_S_step * p_step_m + t_S_m,STEP_LOCAL:WP07_lower_washer_inner_1_17,S,m,mm,True,True,True,False,True
service,WP07_lower_washer_outer_1_-17,"[[1.0000000000000004,0.0,0.0,-0.04],[0.0,0.0,-1.0000000000000004,-0.099],[0.0,1.0000000000000004,0.0,0.13515000000000002],[0.0,0.0,0.0,1.0]]",p_S_m = R_S_step * p_step_m + t_S_m,STEP_LOCAL:WP07_lower_washer_outer_1_-17,S,m,mm,True,True,True,False,True
service,WP07_lower_washer_outer_1_17,"[[1.0000000000000004,0.0,0.0,-0.04],[0.0,0.0,-1.0000000000000004,-0.099],[0.0,1.0000000000000004,0.0,0.13515000000000002],[0.0,0.0,0.0,1.0]]",p_S_m = R_S_step * p_step_m + t_S_m,STEP_LOCAL:WP07_lower_washer_outer_1_17,S,m,mm,True,True,True,False,True
service,hold_fold_mast_1,"[[1.0000000000000004,0.0,0.0,-0.04],[0.0,0.0,-1.0000000000000004,-0.099],[0.0,1.0000000000000004,0.0,0.13515000000000002],[0.0,0.0,0.0,1.0]]",p_S_m = R_S_step * p_step_m + t_S_m,STEP_LOCAL:hold_fold_mast_1,S,m,mm,True,True,True,False,True
service,hold_shoe_guide_1_-10,"[[1.0000000000000004,0.0,0.0,-0.04],[0.0,0.0,-1.0000000000000004,-0.099],[0.0,1.0000000000000004,0.0,0.13515000000000002],[0.0,0.0,0.0,1.0]]",p_S_m = R_S_step * p_step_m + t_S_m,STEP_LOCAL:hold_shoe_guide_1_-10,S,m,mm,True,True,True,False,True
service,hold_shoe_guide_1_10,"[[1.0000000000000004,0.0,0.0,-0.04],[0.0,0.0,-1.0000000000000004,-0.099],[0.0,1.0000000000000004,0.0,0.13515000000000002],[0.0,0.0,0.0,1.0]]",p_S_m = R_S_step * p_step_m + t_S_m,STEP_LOCAL:hold_shoe_guide_1_10,S,m,mm,True,True,True,False,True
service,MIPS_CRADLE_B,"[[1.0,0.0,0.0,0.0],[0.0,1.0,0.0,0.0],[0.0,0.0,1.0,0.0],[0.0,0.0,0.0,1.0]]",p_S_m = R_S_step * p_step_m + t_S_m,STEP_LOCAL:MIPS_CRADLE_B,S,m,mm,True,True,False,False,True
service,MIPS_OEM_MAX_ENVELOPE,"[[1.0,0.0,0.0,0.0],[0.0,1.0,0.0,0.0],[0.0,0.0,1.0,0.0],[0.0,0.0,0.0,1.0]]",p_S_m = R_S_step * p_step_m + t_S_m,STEP_LOCAL:MIPS_OEM_MAX_ENVELOPE,S,m,mm,True,True,False,False,True
service,MIPS_INTERFACE_SHIM_-1_0,"[[1.0,0.0,0.0,0.0],[0.0,1.0,0.0,0.0],[0.0,0.0,1.0,0.0],[0.0,0.0,0.0,1.0]]",p_S_m = R_S_step * p_step_m + t_S_m,STEP_LOCAL:MIPS_INTERFACE_SHIM_-1_0,S,m,mm,True,True,False,False,True
service,MIPS_INTERFACE_SHIM_-1_1,"[[1.0,0.0,0.0,0.0],[0.0,1.0,0.0,0.0],[0.0,0.0,1.0,0.0],[0.0,0.0,0.0,1.0]]",p_S_m = R_S_step * p_step_m + t_S_m,STEP_LOCAL:MIPS_INTERFACE_SHIM_-1_1,S,m,mm,True,True,False,False,True
service,MIPS_INTERFACE_SHIM_1_0,"[[1.0,0.0,0.0,0.0],[0.0,1.0,0.0,0.0],[0.0,0.0,1.0,0.0],[0.0,0.0,0.0,1.0]]",p_S_m = R_S_step * p_step_m + t_S_m,STEP_LOCAL:MIPS_INTERFACE_SHIM_1_0,S,m,mm,True,True,False,False,True
service,MIPS_INTERFACE_SHIM_1_1,"[[1.0,0.0,0.0,0.0],[0.0,1.0,0.0,0.0],[0.0,0.0,1.0,0.0],[0.0,0.0,0.0,1.0]]",p_S_m = R_S_step * p_step_m + t_S_m,STEP_LOCAL:MIPS_INTERFACE_SHIM_1_1,S,m,mm,True,True,False,False,True
service,P60_REFERENCE_B,"[[1.0,0.0,0.0,-0.012],[0.0,1.0,0.0,0.0],[0.0,0.0,1.0,0.0],[0.0,0.0,0.0,1.0]]",p_S_m = R_S_step * p_step_m + t_S_m,STEP_LOCAL:P60_REFERENCE_B,S,m,mm,True,True,False,False,True
service,P60_TRAY_B,"[[1.0,0.0,0.0,-0.012],[0.0,1.0,0.0,0.0],[0.0,0.0,1.0,0.0],[0.0,0.0,0.0,1.0]]",p_S_m = R_S_step * p_step_m + t_S_m,STEP_LOCAL:P60_TRAY_B,S,m,mm,True,True,False,False,True
service,GROMMET_0,"[[1.0,0.0,0.0,0.0],[0.0,1.0,0.0,0.0],[0.0,0.0,1.0,0.0],[0.0,0.0,0.0,1.0]]",p_S_m = R_S_step * p_step_m + t_S_m,STEP_LOCAL:GROMMET_0,S,m,mm,True,True,False,False,True
service,GROMMET_1,"[[1.0,0.0,0.0,0.0],[0.0,1.0,0.0,0.0],[0.0,0.0,1.0,0.0],[0.0,0.0,0.0,1.0]]",p_S_m = R_S_step * p_step_m + t_S_m,STEP_LOCAL:GROMMET_1,S,m,mm,True,True,False,False,True
service,MIPS_FOOT_0_SCREW,"[[1.0,0.0,0.0,0.0],[0.0,1.0,0.0,0.0],[0.0,0.0,1.0,0.0],[0.0,0.0,0.0,1.0]]",p_S_m = R_S_step * p_step_m + t_S_m,STEP_LOCAL:MIPS_FOOT_0_SCREW,S,m,mm,True,True,False,False,True
service,MIPS_FOOT_0_TOP_WASHER,"[[1.0,0.0,0.0,0.0],[0.0,1.0,0.0,0.0],[0.0,0.0,1.0,0.0],[0.0,0.0,0.0,1.0]]",p_S_m = R_S_step * p_step_m + t_S_m,STEP_LOCAL:MIPS_FOOT_0_TOP_WASHER,S,m,mm,True,True,False,False,True
service,MIPS_FOOT_0_BOTTOM_WASHER,"[[1.0,0.0,0.0,0.0],[0.0,1.0,0.0,0.0],[0.0,0.0,1.0,0.0],[0.0,0.0,0.0,1.0]]",p_S_m = R_S_step * p_step_m + t_S_m,STEP_LOCAL:MIPS_FOOT_0_BOTTOM_WASHER,S,m,mm,True,True,False,False,True
service,MIPS_FOOT_0_NUT,"[[1.0,0.0,0.0,0.0],[0.0,1.0,0.0,0.0],[0.0,0.0,1.0,0.0],[0.0,0.0,0.0,1.0]]",p_S_m = R_S_step * p_step_m + t_S_m,STEP_LOCAL:MIPS_FOOT_0_NUT,S,m,mm,True,True,False,False,True
service,MIPS_FOOT_1_SCREW,"[[1.0,0.0,0.0,0.0],[0.0,1.0,0.0,0.0],[0.0,0.0,1.0,0.0],[0.0,0.0,0.0,1.0]]",p_S_m = R_S_step * p_step_m + t_S_m,STEP_LOCAL:MIPS_FOOT_1_SCREW,S,m,mm,True,True,False,False,True
service,MIPS_FOOT_1_TOP_WASHER,"[[1.0,0.0,0.0,0.0],[0.0,1.0,0.0,0.0],[0.0,0.0,1.0,0.0],[0.0,0.0,0.0,1.0]]",p_S_m = R_S_step * p_step_m + t_S_m,STEP_LOCAL:MIPS_FOOT_1_TOP_WASHER,S,m,mm,True,True,False,False,True
service,MIPS_FOOT_1_BOTTOM_WASHER,"[[1.0,0.0,0.0,0.0],[0.0,1.0,0.0,0.0],[0.0,0.0,1.0,0.0],[0.0,0.0,0.0,1.0]]",p_S_m = R_S_step * p_step_m + t_S_m,STEP_LOCAL:MIPS_FOOT_1_BOTTOM_WASHER,S,m,mm,True,True,False,False,True
service,MIPS_FOOT_1_NUT,"[[1.0,0.0,0.0,0.0],[0.0,1.0,0.0,0.0],[0.0,0.0,1.0,0.0],[0.0,0.0,0.0,1.0]]",p_S_m = R_S_step * p_step_m + t_S_m,STEP_LOCAL:MIPS_FOOT_1_NUT,S,m,mm,True,True,False,False,True
service,MIPS_FOOT_2_SCREW,"[[1.0,0.0,0.0,0.0],[0.0,1.0,0.0,0.0],[0.0,0.0,1.0,0.0],[0.0,0.0,0.0,1.0]]",p_S_m = R_S_step * p_step_m + t_S_m,STEP_LOCAL:MIPS_FOOT_2_SCREW,S,m,mm,True,True,False,False,True
service,MIPS_FOOT_2_TOP_WASHER,"[[1.0,0.0,0.0,0.0],[0.0,1.0,0.0,0.0],[0.0,0.0,1.0,0.0],[0.0,0.0,0.0,1.0]]",p_S_m = R_S_step * p_step_m + t_S_m,STEP_LOCAL:MIPS_FOOT_2_TOP_WASHER,S,m,mm,True,True,False,False,True
service,MIPS_FOOT_2_BOTTOM_WASHER,"[[1.0,0.0,0.0,0.0],[0.0,1.0,0.0,0.0],[0.0,0.0,1.0,0.0],[0.0,0.0,0.0,1.0]]",p_S_m = R_S_step * p_step_m + t_S_m,STEP_LOCAL:MIPS_FOOT_2_BOTTOM_WASHER,S,m,mm,True,True,False,False,True
service,MIPS_FOOT_2_NUT,"[[1.0,0.0,0.0,0.0],[0.0,1.0,0.0,0.0],[0.0,0.0,1.0,0.0],[0.0,0.0,0.0,1.0]]",p_S_m = R_S_step * p_step_m + t_S_m,STEP_LOCAL:MIPS_FOOT_2_NUT,S,m,mm,True,True,False,False,True
service,MIPS_FOOT_3_SCREW,"[[1.0,0.0,0.0,0.0],[0.0,1.0,0.0,0.0],[0.0,0.0,1.0,0.0],[0.0,0.0,0.0,1.0]]",p_S_m = R_S_step * p_step_m + t_S_m,STEP_LOCAL:MIPS_FOOT_3_SCREW,S,m,mm,True,True,False,False,True
service,MIPS_FOOT_3_TOP_WASHER,"[[1.0,0.0,0.0,0.0],[0.0,1.0,0.0,0.0],[0.0,0.0,1.0,0.0],[0.0,0.0,0.0,1.0]]",p_S_m = R_S_step * p_step_m + t_S_m,STEP_LOCAL:MIPS_FOOT_3_TOP_WASHER,S,m,mm,True,True,False,False,True
service,MIPS_FOOT_3_BOTTOM_WASHER,"[[1.0,0.0,0.0,0.0],[0.0,1.0,0.0,0.0],[0.0,0.0,1.0,0.0],[0.0,0.0,0.0,1.0]]",p_S_m = R_S_step * p_step_m + t_S_m,STEP_LOCAL:MIPS_FOOT_3_BOTTOM_WASHER,S,m,mm,True,True,False,False,True
service,MIPS_FOOT_3_NUT,"[[1.0,0.0,0.0,0.0],[0.0,1.0,0.0,0.0],[0.0,0.0,1.0,0.0],[0.0,0.0,0.0,1.0]]",p_S_m = R_S_step * p_step_m + t_S_m,STEP_LOCAL:MIPS_FOOT_3_NUT,S,m,mm,True,True,False,False,True
service,P60_HOST_0_POST,"[[1.0,0.0,0.0,-0.012],[0.0,1.0,0.0,0.0],[0.0,0.0,1.0,0.0],[0.0,0.0,0.0,1.0]]",p_S_m = R_S_step * p_step_m + t_S_m,STEP_LOCAL:P60_HOST_0_POST,S,m,mm,True,True,False,False,True
service,P60_HOST_0_ROD,"[[1.0,0.0,0.0,-0.012],[0.0,1.0,0.0,0.0],[0.0,0.0,1.0,0.0],[0.0,0.0,0.0,1.0]]",p_S_m = R_S_step * p_step_m + t_S_m,STEP_LOCAL:P60_HOST_0_ROD,S,m,mm,True,True,False,False,True
service,P60_HOST_0_TW,"[[1.0,0.0,0.0,-0.012],[0.0,1.0,0.0,0.0],[0.0,0.0,1.0,0.0],[0.0,0.0,0.0,1.0]]",p_S_m = R_S_step * p_step_m + t_S_m,STEP_LOCAL:P60_HOST_0_TW,S,m,mm,True,True,False,False,True
service,P60_HOST_0_TN,"[[1.0,0.0,0.0,-0.012],[0.0,1.0,0.0,0.0],[0.0,0.0,1.0,0.0],[0.0,0.0,0.0,1.0]]",p_S_m = R_S_step * p_step_m + t_S_m,STEP_LOCAL:P60_HOST_0_TN,S,m,mm,True,True,False,False,True
service,P60_HOST_0_BW,"[[1.0,0.0,0.0,-0.012],[0.0,1.0,0.0,0.0],[0.0,0.0,1.0,0.0],[0.0,0.0,0.0,1.0]]",p_S_m = R_S_step * p_step_m + t_S_m,STEP_LOCAL:P60_HOST_0_BW,S,m,mm,True,True,False,False,True
service,P60_HOST_0_BN,"[[1.0,0.0,0.0,-0.012],[0.0,1.0,0.0,0.0],[0.0,0.0,1.0,0.0],[0.0,0.0,0.0,1.0]]",p_S_m = R_S_step * p_step_m + t_S_m,STEP_LOCAL:P60_HOST_0_BN,S,m,mm,True,True,False,False,True
service,P60_HOST_1_POST,"[[1.0,0.0,0.0,-0.012],[0.0,1.0,0.0,0.0],[0.0,0.0,1.0,0.0],[0.0,0.0,0.0,1.0]]",p_S_m = R_S_step * p_step_m + t_S_m,STEP_LOCAL:P60_HOST_1_POST,S,m,mm,True,True,False,False,True
service,P60_HOST_1_ROD,"[[1.0,0.0,0.0,-0.012],[0.0,1.0,0.0,0.0],[0.0,0.0,1.0,0.0],[0.0,0.0,0.0,1.0]]",p_S_m = R_S_step * p_step_m + t_S_m,STEP_LOCAL:P60_HOST_1_ROD,S,m,mm,True,True,False,False,True
service,P60_HOST_1_TW,"[[1.0,0.0,0.0,-0.012],[0.0,1.0,0.0,0.0],[0.0,0.0,1.0,0.0],[0.0,0.0,0.0,1.0]]",p_S_m = R_S_step * p_step_m + t_S_m,STEP_LOCAL:P60_HOST_1_TW,S,m,mm,True,True,False,False,True
service,P60_HOST_1_TN,"[[1.0,0.0,0.0,-0.012],[0.0,1.0,0.0,0.0],[0.0,0.0,1.0,0.0],[0.0,0.0,0.0,1.0]]",p_S_m = R_S_step * p_step_m + t_S_m,STEP_LOCAL:P60_HOST_1_TN,S,m,mm,True,True,False,False,True
service,P60_HOST_1_BW,"[[1.0,0.0,0.0,-0.012],[0.0,1.0,0.0,0.0],[0.0,0.0,1.0,0.0],[0.0,0.0,0.0,1.0]]",p_S_m = R_S_step * p_step_m + t_S_m,STEP_LOCAL:P60_HOST_1_BW,S,m,mm,True,True,False,False,True
service,P60_HOST_1_BN,"[[1.0,0.0,0.0,-0.012],[0.0,1.0,0.0,0.0],[0.0,0.0,1.0,0.0],[0.0,0.0,0.0,1.0]]",p_S_m = R_S_step * p_step_m + t_S_m,STEP_LOCAL:P60_HOST_1_BN,S,m,mm,True,True,False,False,True
service,P60_HOST_2_POST,"[[1.0,0.0,0.0,-0.012],[0.0,1.0,0.0,0.0],[0.0,0.0,1.0,0.0],[0.0,0.0,0.0,1.0]]",p_S_m = R_S_step * p_step_m + t_S_m,STEP_LOCAL:P60_HOST_2_POST,S,m,mm,True,True,False,False,True
service,P60_HOST_2_ROD,"[[1.0,0.0,0.0,-0.012],[0.0,1.0,0.0,0.0],[0.0,0.0,1.0,0.0],[0.0,0.0,0.0,1.0]]",p_S_m = R_S_step * p_step_m + t_S_m,STEP_LOCAL:P60_HOST_2_ROD,S,m,mm,True,True,False,False,True
service,P60_HOST_2_TW,"[[1.0,0.0,0.0,-0.012],[0.0,1.0,0.0,0.0],[0.0,0.0,1.0,0.0],[0.0,0.0,0.0,1.0]]",p_S_m = R_S_step * p_step_m + t_S_m,STEP_LOCAL:P60_HOST_2_TW,S,m,mm,True,True,False,False,True
service,P60_HOST_2_TN,"[[1.0,0.0,0.0,-0.012],[0.0,1.0,0.0,0.0],[0.0,0.0,1.0,0.0],[0.0,0.0,0.0,1.0]]",p_S_m = R_S_step * p_step_m + t_S_m,STEP_LOCAL:P60_HOST_2_TN,S,m,mm,True,True,False,False,True
service,P60_HOST_2_BW,"[[1.0,0.0,0.0,-0.012],[0.0,1.0,0.0,0.0],[0.0,0.0,1.0,0.0],[0.0,0.0,0.0,1.0]]",p_S_m = R_S_step * p_step_m + t_S_m,STEP_LOCAL:P60_HOST_2_BW,S,m,mm,True,True,False,False,True
service,P60_HOST_2_BN,"[[1.0,0.0,0.0,-0.012],[0.0,1.0,0.0,0.0],[0.0,0.0,1.0,0.0],[0.0,0.0,0.0,1.0]]",p_S_m = R_S_step * p_step_m + t_S_m,STEP_LOCAL:P60_HOST_2_BN,S,m,mm,True,True,False,False,True
service,P60_HOST_3_POST,"[[1.0,0.0,0.0,-0.012],[0.0,1.0,0.0,0.0],[0.0,0.0,1.0,0.0],[0.0,0.0,0.0,1.0]]",p_S_m = R_S_step * p_step_m + t_S_m,STEP_LOCAL:P60_HOST_3_POST,S,m,mm,True,True,False,False,True
service,P60_HOST_3_ROD,"[[1.0,0.0,0.0,-0.012],[0.0,1.0,0.0,0.0],[0.0,0.0,1.0,0.0],[0.0,0.0,0.0,1.0]]",p_S_m = R_S_step * p_step_m + t_S_m,STEP_LOCAL:P60_HOST_3_ROD,S,m,mm,True,True,False,False,True
service,P60_HOST_3_TW,"[[1.0,0.0,0.0,-0.012],[0.0,1.0,0.0,0.0],[0.0,0.0,1.0,0.0],[0.0,0.0,0.0,1.0]]",p_S_m = R_S_step * p_step_m + t_S_m,STEP_LOCAL:P60_HOST_3_TW,S,m,mm,True,True,False,False,True
service,P60_HOST_3_TN,"[[1.0,0.0,0.0,-0.012],[0.0,1.0,0.0,0.0],[0.0,0.0,1.0,0.0],[0.0,0.0,0.0,1.0]]",p_S_m = R_S_step * p_step_m + t_S_m,STEP_LOCAL:P60_HOST_3_TN,S,m,mm,True,True,False,False,True
service,P60_HOST_3_BW,"[[1.0,0.0,0.0,-0.012],[0.0,1.0,0.0,0.0],[0.0,0.0,1.0,0.0],[0.0,0.0,0.0,1.0]]",p_S_m = R_S_step * p_step_m + t_S_m,STEP_LOCAL:P60_HOST_3_BW,S,m,mm,True,True,False,False,True
service,P60_HOST_3_BN,"[[1.0,0.0,0.0,-0.012],[0.0,1.0,0.0,0.0],[0.0,0.0,1.0,0.0],[0.0,0.0,0.0,1.0]]",p_S_m = R_S_step * p_step_m + t_S_m,STEP_LOCAL:P60_HOST_3_BN,S,m,mm,True,True,False,False,True
service,CLAMP_PWR_BASE,"[[1.0,0.0,0.0,0.0],[0.0,1.0,0.0,0.0],[0.0,0.0,1.0,0.0],[0.0,0.0,0.0,1.0]]",p_S_m = R_S_step * p_step_m + t_S_m,STEP_LOCAL:CLAMP_PWR_BASE,S,m,mm,True,True,False,False,True
service,CLAMP_PWR_LID,"[[1.0,0.0,0.0,0.0],[0.0,1.0,0.0,0.0],[0.0,0.0,1.0,0.0],[0.0,0.0,0.0,1.0]]",p_S_m = R_S_step * p_step_m + t_S_m,STEP_LOCAL:CLAMP_PWR_LID,S,m,mm,True,True,False,False,True
service,POST_PWR_0,"[[1.0,0.0,0.0,0.0],[0.0,1.0,0.0,0.0],[0.0,0.0,1.0,0.0],[0.0,0.0,0.0,1.0]]",p_S_m = R_S_step * p_step_m + t_S_m,STEP_LOCAL:POST_PWR_0,S,m,mm,True,True,False,False,True
service,TIEROD_PWR_0,"[[1.0,0.0,0.0,0.0],[0.0,1.0,0.0,0.0],[0.0,0.0,1.0,0.0],[0.0,0.0,0.0,1.0]]",p_S_m = R_S_step * p_step_m + t_S_m,STEP_LOCAL:TIEROD_PWR_0,S,m,mm,True,True,False,False,True
service,CLAMP_PWR_0_TW,"[[1.0,0.0,0.0,0.0],[0.0,1.0,0.0,0.0],[0.0,0.0,1.0,0.0],[0.0,0.0,0.0,1.0]]",p_S_m = R_S_step * p_step_m + t_S_m,STEP_LOCAL:CLAMP_PWR_0_TW,S,m,mm,True,True,False,False,True
service,CLAMP_PWR_0_TN,"[[1.0,0.0,0.0,0.0],[0.0,1.0,0.0,0.0],[0.0,0.0,1.0,0.0],[0.0,0.0,0.0,1.0]]",p_S_m = R_S_step * p_step_m + t_S_m,STEP_LOCAL:CLAMP_PWR_0_TN,S,m,mm,True,True,False,False,True
service,CLAMP_PWR_0_BW,"[[1.0,0.0,0.0,0.0],[0.0,1.0,0.0,0.0],[0.0,0.0,1.0,0.0],[0.0,0.0,0.0,1.0]]",p_S_m = R_S_step * p_step_m + t_S_m,STEP_LOCAL:CLAMP_PWR_0_BW,S,m,mm,True,True,False,False,True
service,CLAMP_PWR_0_BN,"[[1.0,0.0,0.0,0.0],[0.0,1.0,0.0,0.0],[0.0,0.0,1.0,0.0],[0.0,0.0,0.0,1.0]]",p_S_m = R_S_step * p_step_m + t_S_m,STEP_LOCAL:CLAMP_PWR_0_BN,S,m,mm,True,True,False,False,True
service,POST_PWR_1,"[[1.0,0.0,0.0,0.0],[0.0,1.0,0.0,0.0],[0.0,0.0,1.0,0.0],[0.0,0.0,0.0,1.0]]",p_S_m = R_S_step * p_step_m + t_S_m,STEP_LOCAL:POST_PWR_1,S,m,mm,True,True,False,False,True
service,TIEROD_PWR_1,"[[1.0,0.0,0.0,0.0],[0.0,1.0,0.0,0.0],[0.0,0.0,1.0,0.0],[0.0,0.0,0.0,1.0]]",p_S_m = R_S_step * p_step_m + t_S_m,STEP_LOCAL:TIEROD_PWR_1,S,m,mm,True,True,False,False,True
service,CLAMP_PWR_1_TW,"[[1.0,0.0,0.0,0.0],[0.0,1.0,0.0,0.0],[0.0,0.0,1.0,0.0],[0.0,0.0,0.0,1.0]]",p_S_m = R_S_step * p_step_m + t_S_m,STEP_LOCAL:CLAMP_PWR_1_TW,S,m,mm,True,True,False,False,True
service,CLAMP_PWR_1_TN,"[[1.0,0.0,0.0,0.0],[0.0,1.0,0.0,0.0],[0.0,0.0,1.0,0.0],[0.0,0.0,0.0,1.0]]",p_S_m = R_S_step * p_step_m + t_S_m,STEP_LOCAL:CLAMP_PWR_1_TN,S,m,mm,True,True,False,False,True
service,CLAMP_PWR_1_BW,"[[1.0,0.0,0.0,0.0],[0.0,1.0,0.0,0.0],[0.0,0.0,1.0,0.0],[0.0,0.0,0.0,1.0]]",p_S_m = R_S_step * p_step_m + t_S_m,STEP_LOCAL:CLAMP_PWR_1_BW,S,m,mm,True,True,False,False,True
service,CLAMP_PWR_1_BN,"[[1.0,0.0,0.0,0.0],[0.0,1.0,0.0,0.0],[0.0,0.0,1.0,0.0],[0.0,0.0,0.0,1.0]]",p_S_m = R_S_step * p_step_m + t_S_m,STEP_LOCAL:CLAMP_PWR_1_BN,S,m,mm,True,True,False,False,True
service,CLAMP_DUAL_BASE,"[[1.0,0.0,0.0,0.0],[0.0,1.0,0.0,0.0],[0.0,0.0,1.0,0.0],[0.0,0.0,0.0,1.0]]",p_S_m = R_S_step * p_step_m + t_S_m,STEP_LOCAL:CLAMP_DUAL_BASE,S,m,mm,True,False,False,False,True
service,CLAMP_DUAL_LID,"[[1.0,0.0,0.0,0.0],[0.0,1.0,0.0,0.0],[0.0,0.0,1.0,0.0],[0.0,0.0,0.0,1.0]]",p_S_m = R_S_step * p_step_m + t_S_m,STEP_LOCAL:CLAMP_DUAL_LID,S,m,mm,True,False,False,False,True
service,POST_DUAL_0,"[[1.0,0.0,0.0,0.07200000000000001],[0.0,1.0,0.0,0.041],[0.0,0.0,1.0,-0.0085],[0.0,0.0,0.0,1.0]]",p_S_m = R_S_step * p_step_m + t_S_m,STEP_LOCAL:POST_DUAL_0,S,m,mm,True,False,False,False,True
service,TIEROD_DUAL_0,"[[1.0,0.0,0.0,0.07200000000000001],[0.0,1.0,0.0,0.041],[0.0,0.0,1.0,-0.0175],[0.0,0.0,0.0,1.0]]",p_S_m = R_S_step * p_step_m + t_S_m,STEP_LOCAL:TIEROD_DUAL_0,S,m,mm,True,False,False,False,True
service,CLAMP_DUAL_0_TW,"[[1.0,0.0,0.0,-0.028],[0.0,1.0,0.0,-0.005],[0.0,0.0,1.0,0.014],[0.0,0.0,0.0,1.0]]",p_S_m = R_S_step * p_step_m + t_S_m,STEP_LOCAL:CLAMP_DUAL_0_TW,S,m,mm,True,True,False,False,True
service,CLAMP_DUAL_0_TN,"[[1.0,0.0,0.0,-0.028],[0.0,1.0,0.0,-0.005],[0.0,0.0,1.0,0.014],[0.0,0.0,0.0,1.0]]",p_S_m = R_S_step * p_step_m + t_S_m,STEP_LOCAL:CLAMP_DUAL_0_TN,S,m,mm,True,True,False,False,True
service,CLAMP_DUAL_0_BW,"[[1.0,0.0,0.0,-0.028],[0.0,1.0,0.0,-0.005],[0.0,0.0,1.0,0.0],[0.0,0.0,0.0,1.0]]",p_S_m = R_S_step * p_step_m + t_S_m,STEP_LOCAL:CLAMP_DUAL_0_BW,S,m,mm,True,True,False,False,True
service,CLAMP_DUAL_0_BN,"[[1.0,0.0,0.0,-0.028],[0.0,1.0,0.0,-0.005],[0.0,0.0,1.0,0.0],[0.0,0.0,0.0,1.0]]",p_S_m = R_S_step * p_step_m + t_S_m,STEP_LOCAL:CLAMP_DUAL_0_BN,S,m,mm,True,True,False,False,True
service,POST_DUAL_1,"[[1.0,0.0,0.0,0.088],[0.0,1.0,0.0,0.041],[0.0,0.0,1.0,-0.0085],[0.0,0.0,0.0,1.0]]",p_S_m = R_S_step * p_step_m + t_S_m,STEP_LOCAL:POST_DUAL_1,S,m,mm,True,False,False,False,True
service,TIEROD_DUAL_1,"[[1.0,0.0,0.0,0.088],[0.0,1.0,0.0,0.041],[0.0,0.0,1.0,-0.0175],[0.0,0.0,0.0,1.0]]",p_S_m = R_S_step * p_step_m + t_S_m,STEP_LOCAL:TIEROD_DUAL_1,S,m,mm,True,False,False,False,True
service,CLAMP_DUAL_1_TW,"[[1.0,0.0,0.0,-0.012],[0.0,1.0,0.0,-0.038],[0.0,0.0,1.0,0.014],[0.0,0.0,0.0,1.0]]",p_S_m = R_S_step * p_step_m + t_S_m,STEP_LOCAL:CLAMP_DUAL_1_TW,S,m,mm,True,True,False,False,True
service,CLAMP_DUAL_1_TN,"[[1.0,0.0,0.0,-0.012],[0.0,1.0,0.0,-0.038],[0.0,0.0,1.0,0.014],[0.0,0.0,0.0,1.0]]",p_S_m = R_S_step * p_step_m + t_S_m,STEP_LOCAL:CLAMP_DUAL_1_TN,S,m,mm,True,True,False,False,True
service,CLAMP_DUAL_1_BW,"[[1.0,0.0,0.0,-0.012],[0.0,1.0,0.0,-0.038],[0.0,0.0,1.0,0.0],[0.0,0.0,0.0,1.0]]",p_S_m = R_S_step * p_step_m + t_S_m,STEP_LOCAL:CLAMP_DUAL_1_BW,S,m,mm,True,True,False,False,True
service,CLAMP_DUAL_1_BN,"[[1.0,0.0,0.0,-0.012],[0.0,1.0,0.0,-0.038],[0.0,0.0,1.0,0.0],[0.0,0.0,0.0,1.0]]",p_S_m = R_S_step * p_step_m + t_S_m,STEP_LOCAL:CLAMP_DUAL_1_BN,S,m,mm,True,True,False,False,True
service,lower_equipment_deck_B,"[[1.0,0.0,0.0,0.0],[0.0,1.0,0.0,0.0],[0.0,0.0,1.0,0.0],[0.0,0.0,0.0,1.0]]",p_S_m = R_S_step * p_step_m + t_S_m,STEP_LOCAL:lower_equipment_deck_B,S,m,mm,True,False,False,False,True
service,upper_equipment_deck_B,"[[1.0,0.0,0.0,0.0],[0.0,1.0,0.0,0.0],[0.0,0.0,1.0,0.0],[0.0,0.0,0.0,1.0]]",p_S_m = R_S_step * p_step_m + t_S_m,STEP_LOCAL:upper_equipment_deck_B,S,m,mm,True,False,False,False,True
service,PROP_PWR_ROUTE,"[[1.0,0.0,0.0,0.0],[0.0,1.0,0.0,0.0],[0.0,0.0,1.0,0.0],[0.0,0.0,0.0,1.0]]",p_S_m = R_S_step * p_step_m + t_S_m,STEP_LOCAL:PROP_PWR_ROUTE,S,m,mm,True,False,False,False,True
service,PROP_DATA_ROUTE,"[[1.0,0.0,0.0,0.0],[0.0,1.0,0.0,0.0],[0.0,0.0,1.0,0.0],[0.0,0.0,0.0,1.0]]",p_S_m = R_S_step * p_step_m + t_S_m,STEP_LOCAL:PROP_DATA_ROUTE,S,m,mm,True,False,False,False,True
service,WP09F_PWR_GLAND,"[[1.0,0.0,0.0,0.0],[0.0,1.0,0.0,0.0],[0.0,0.0,1.0,0.0],[0.0,0.0,0.0,1.0]]",p_S_m = R_S_step * p_step_m + t_S_m,STEP_LOCAL:WP09F_PWR_GLAND,S,m,mm,True,True,True,False,True
service,WP09F_PWR_NUT,"[[1.0,0.0,0.0,0.0],[0.0,1.0,0.0,0.0],[0.0,0.0,1.0,0.0],[0.0,0.0,0.0,1.0]]",p_S_m = R_S_step * p_step_m + t_S_m,STEP_LOCAL:WP09F_PWR_NUT,S,m,mm,True,True,True,False,True
service,WP09F_RS422_GLAND,"[[1.0,0.0,0.0,0.0],[0.0,1.0,0.0,0.0],[0.0,0.0,1.0,0.0],[0.0,0.0,0.0,1.0]]",p_S_m = R_S_step * p_step_m + t_S_m,STEP_LOCAL:WP09F_RS422_GLAND,S,m,mm,True,True,True,False,True
service,WP09F_RS422_NUT,"[[1.0,0.0,0.0,0.0],[0.0,1.0,0.0,0.0],[0.0,0.0,1.0,0.0],[0.0,0.0,0.0,1.0]]",p_S_m = R_S_step * p_step_m + t_S_m,STEP_LOCAL:WP09F_RS422_NUT,S,m,mm,True,True,True,False,True
service,WP09F_front_service_cover_GSE,"[[1.0,0.0,0.0,0.0],[0.0,1.0,0.0,0.0],[0.0,0.0,1.0,0.0],[0.0,0.0,0.0,1.0]]",p_S_m = R_S_step * p_step_m + t_S_m,STEP_LOCAL:WP09F_front_service_cover_GSE,S,m,mm,True,True,True,False,True
service,PV0_S1_C01_CIC,"[[1.0,0.0,0.0,-0.12419999999999999],[0.0,1.0,6.123233995736766e-17,-0.17705],[0.0,-6.123233995736766e-17,1.0,-0.10665500000000001],[0.0,0.0,0.0,1.0]]",p_S_m = R_S_step * p_step_m + t_S_m,STEP_LOCAL:PV0_S1_C01_CIC,S,m,mm,True,True,True,False,True
service,PV0_S1_C01_BOND,"[[1.0,0.0,0.0,-0.12419999999999999],[0.0,1.0,6.123233995736766e-17,-0.17705],[0.0,-6.123233995736766e-17,1.0,-0.10685000000000001],[0.0,0.0,0.0,1.0]]",p_S_m = R_S_step * p_step_m + t_S_m,STEP_LOCAL:PV0_S1_C01_BOND,S,m,mm,True,True,True,False,True
service,PV0_S1_C02_CIC,"[[1.0,0.0,0.0,-0.0828],[0.0,1.0,6.123233995736766e-17,-0.17705],[0.0,-6.123233995736766e-17,1.0,-0.10665500000000001],[0.0,0.0,0.0,1.0]]",p_S_m = R_S_step * p_step_m + t_S_m,STEP_LOCAL:PV0_S1_C02_CIC,S,m,mm,True,True,True,False,True
service,PV0_S1_C02_BOND,"[[1.0,0.0,0.0,-0.0828],[0.0,1.0,6.123233995736766e-17,-0.17705],[0.0,-6.123233995736766e-17,1.0,-0.10685000000000001],[0.0,0.0,0.0,1.0]]",p_S_m = R_S_step * p_step_m + t_S_m,STEP_LOCAL:PV0_S1_C02_BOND,S,m,mm,True,True,True,False,True
service,PV0_S1_C03_CIC,"[[1.0,0.0,0.0,-0.0414],[0.0,1.0,6.123233995736766e-17,-0.17705],[0.0,-6.123233995736766e-17,1.0,-0.10665500000000001],[0.0,0.0,0.0,1.0]]",p_S_m = R_S_step * p_step_m + t_S_m,STEP_LOCAL:PV0_S1_C03_CIC,S,m,mm,True,True,True,False,True
service,PV0_S1_C03_BOND,"[[1.0,0.0,0.0,-0.0414],[0.0,1.0,6.123233995736766e-17,-0.17705],[0.0,-6.123233995736766e-17,1.0,-0.10685000000000001],[0.0,0.0,0.0,1.0]]",p_S_m = R_S_step * p_step_m + t_S_m,STEP_LOCAL:PV0_S1_C03_BOND,S,m,mm,True,True,True,False,True
service,PV0_S1_C04_CIC,"[[1.0,0.0,0.0,0.0],[0.0,1.0,6.123233995736766e-17,-0.17705],[0.0,-6.123233995736766e-17,1.0,-0.10665500000000001],[0.0,0.0,0.0,1.0]]",p_S_m = R_S_step * p_step_m + t_S_m,STEP_LOCAL:PV0_S1_C04_CIC,S,m,mm,True,True,True,False,True
service,PV0_S1_C04_BOND,"[[1.0,0.0,0.0,0.0],[0.0,1.0,6.123233995736766e-17,-0.17705],[0.0,-6.123233995736766e-17,1.0,-0.10685000000000001],[0.0,0.0,0.0,1.0]]",p_S_m = R_S_step * p_step_m + t_S_m,STEP_LOCAL:PV0_S1_C04_BOND,S,m,mm,True,True,True,False,True
service,PV0_S1_C05_CIC,"[[1.0,0.0,0.0,0.0414],[0.0,1.0,6.123233995736766e-17,-0.17705],[0.0,-6.123233995736766e-17,1.0,-0.10665500000000001],[0.0,0.0,0.0,1.0]]",p_S_m = R_S_step * p_step_m + t_S_m,STEP_LOCAL:PV0_S1_C05_CIC,S,m,mm,True,True,True,False,True
service,PV0_S1_C05_BOND,"[[1.0,0.0,0.0,0.0414],[0.0,1.0,6.123233995736766e-17,-0.17705],[0.0,-6.123233995736766e-17,1.0,-0.10685000000000001],[0.0,0.0,0.0,1.0]]",p_S_m = R_S_step * p_step_m + t_S_m,STEP_LOCAL:PV0_S1_C05_BOND,S,m,mm,True,True,True,False,True
service,PV0_S1_C06_CIC,"[[1.0,0.0,0.0,0.0828],[0.0,1.0,6.123233995736766e-17,-0.17705],[0.0,-6.123233995736766e-17,1.0,-0.10665500000000001],[0.0,0.0,0.0,1.0]]",p_S_m = R_S_step * p_step_m + t_S_m,STEP_LOCAL:PV0_S1_C06_CIC,S,m,mm,True,True,True,False,True
service,PV0_S1_C06_BOND,"[[1.0,0.0,0.0,0.0828],[0.0,1.0,6.123233995736766e-17,-0.17705],[0.0,-6.123233995736766e-17,1.0,-0.10685000000000001],[0.0,0.0,0.0,1.0]]",p_S_m = R_S_step * p_step_m + t_S_m,STEP_LOCAL:PV0_S1_C06_BOND,S,m,mm,True,True,True,False,True
service,PV0_S1_C07_CIC,"[[1.0,0.0,0.0,0.12419999999999999],[0.0,1.0,6.123233995736766e-17,-0.17705],[0.0,-6.123233995736766e-17,1.0,-0.10665500000000001],[0.0,0.0,0.0,1.0]]",p_S_m = R_S_step * p_step_m + t_S_m,STEP_LOCAL:PV0_S1_C07_CIC,S,m,mm,True,True,True,False,True
service,PV0_S1_C07_BOND,"[[1.0,0.0,0.0,0.12419999999999999],[0.0,1.0,6.123233995736766e-17,-0.17705],[0.0,-6.123233995736766e-17,1.0,-0.10685000000000001],[0.0,0.0,0.0,1.0]]",p_S_m = R_S_step * p_step_m + t_S_m,STEP_LOCAL:PV0_S1_C07_BOND,S,m,mm,True,True,True,False,True
service,PV0_S2_C01_CIC,"[[1.0,0.0,0.0,-0.12419999999999999],[0.0,1.0,6.123233995736766e-17,-0.26525],[0.0,-6.123233995736766e-17,1.0,-0.106655],[0.0,0.0,0.0,1.0]]",p_S_m = R_S_step * p_step_m + t_S_m,STEP_LOCAL:PV0_S2_C01_CIC,S,m,mm,True,True,True,False,True
service,PV0_S2_C01_BOND,"[[1.0,0.0,0.0,-0.12419999999999999],[0.0,1.0,6.123233995736766e-17,-0.26525],[0.0,-6.123233995736766e-17,1.0,-0.10685000000000001],[0.0,0.0,0.0,1.0]]",p_S_m = R_S_step * p_step_m + t_S_m,STEP_LOCAL:PV0_S2_C01_BOND,S,m,mm,True,True,True,False,True
service,PV0_S2_C02_CIC,"[[1.0,0.0,0.0,-0.0828],[0.0,1.0,6.123233995736766e-17,-0.26525],[0.0,-6.123233995736766e-17,1.0,-0.106655],[0.0,0.0,0.0,1.0]]",p_S_m = R_S_step * p_step_m + t_S_m,STEP_LOCAL:PV0_S2_C02_CIC,S,m,mm,True,True,True,False,True
service,PV0_S2_C02_BOND,"[[1.0,0.0,0.0,-0.0828],[0.0,1.0,6.123233995736766e-17,-0.26525],[0.0,-6.123233995736766e-17,1.0,-0.10685000000000001],[0.0,0.0,0.0,1.0]]",p_S_m = R_S_step * p_step_m + t_S_m,STEP_LOCAL:PV0_S2_C02_BOND,S,m,mm,True,True,True,False,True
service,PV0_S2_C03_CIC,"[[1.0,0.0,0.0,-0.0414],[0.0,1.0,6.123233995736766e-17,-0.26525],[0.0,-6.123233995736766e-17,1.0,-0.106655],[0.0,0.0,0.0,1.0]]",p_S_m = R_S_step * p_step_m + t_S_m,STEP_LOCAL:PV0_S2_C03_CIC,S,m,mm,True,True,True,False,True
service,PV0_S2_C03_BOND,"[[1.0,0.0,0.0,-0.0414],[0.0,1.0,6.123233995736766e-17,-0.26525],[0.0,-6.123233995736766e-17,1.0,-0.10685000000000001],[0.0,0.0,0.0,1.0]]",p_S_m = R_S_step * p_step_m + t_S_m,STEP_LOCAL:PV0_S2_C03_BOND,S,m,mm,True,True,True,False,True
service,PV0_S2_C04_CIC,"[[1.0,0.0,0.0,0.0],[0.0,1.0,6.123233995736766e-17,-0.26525],[0.0,-6.123233995736766e-17,1.0,-0.106655],[0.0,0.0,0.0,1.0]]",p_S_m = R_S_step * p_step_m + t_S_m,STEP_LOCAL:PV0_S2_C04_CIC,S,m,mm,True,True,True,False,True
service,PV0_S2_C04_BOND,"[[1.0,0.0,0.0,0.0],[0.0,1.0,6.123233995736766e-17,-0.26525],[0.0,-6.123233995736766e-17,1.0,-0.10685000000000001],[0.0,0.0,0.0,1.0]]",p_S_m = R_S_step * p_step_m + t_S_m,STEP_LOCAL:PV0_S2_C04_BOND,S,m,mm,True,True,True,False,True
service,PV0_S2_C05_CIC,"[[1.0,0.0,0.0,0.0414],[0.0,1.0,6.123233995736766e-17,-0.26525],[0.0,-6.123233995736766e-17,1.0,-0.106655],[0.0,0.0,0.0,1.0]]",p_S_m = R_S_step * p_step_m + t_S_m,STEP_LOCAL:PV0_S2_C05_CIC,S,m,mm,True,True,True,False,True
service,PV0_S2_C05_BOND,"[[1.0,0.0,0.0,0.0414],[0.0,1.0,6.123233995736766e-17,-0.26525],[0.0,-6.123233995736766e-17,1.0,-0.10685000000000001],[0.0,0.0,0.0,1.0]]",p_S_m = R_S_step * p_step_m + t_S_m,STEP_LOCAL:PV0_S2_C05_BOND,S,m,mm,True,True,True,False,True
service,PV0_S2_C06_CIC,"[[1.0,0.0,0.0,0.0828],[0.0,1.0,6.123233995736766e-17,-0.26525],[0.0,-6.123233995736766e-17,1.0,-0.106655],[0.0,0.0,0.0,1.0]]",p_S_m = R_S_step * p_step_m + t_S_m,STEP_LOCAL:PV0_S2_C06_CIC,S,m,mm,True,True,True,False,True
service,PV0_S2_C06_BOND,"[[1.0,0.0,0.0,0.0828],[0.0,1.0,6.123233995736766e-17,-0.26525],[0.0,-6.123233995736766e-17,1.0,-0.10685000000000001],[0.0,0.0,0.0,1.0]]",p_S_m = R_S_step * p_step_m + t_S_m,STEP_LOCAL:PV0_S2_C06_BOND,S,m,mm,True,True,True,False,True
service,PV0_S2_C07_CIC,"[[1.0,0.0,0.0,0.12419999999999999],[0.0,1.0,6.123233995736766e-17,-0.26525],[0.0,-6.123233995736766e-17,1.0,-0.106655],[0.0,0.0,0.0,1.0]]",p_S_m = R_S_step * p_step_m + t_S_m,STEP_LOCAL:PV0_S2_C07_CIC,S,m,mm,True,True,True,False,True
service,PV0_S2_C07_BOND,"[[1.0,0.0,0.0,0.12419999999999999],[0.0,1.0,6.123233995736766e-17,-0.26525],[0.0,-6.123233995736766e-17,1.0,-0.10685000000000001],[0.0,0.0,0.0,1.0]]",p_S_m = R_S_step * p_step_m + t_S_m,STEP_LOCAL:PV0_S2_C07_BOND,S,m,mm,True,True,True,False,True
service,PV1_S1_C01_CIC,"[[1.0,0.0,0.0,-0.12419999999999999],[0.0,1.0,6.123233995736766e-17,-0.37704999999999994],[0.0,-6.123233995736766e-17,1.0,-0.111155],[0.0,0.0,0.0,1.0]]",p_S_m = R_S_step * p_step_m + t_S_m,STEP_LOCAL:PV1_S1_C01_CIC,S,m,mm,True,True,True,False,True
service,PV1_S1_C01_BOND,"[[1.0,0.0,0.0,-0.12419999999999999],[0.0,1.0,6.123233995736766e-17,-0.37704999999999994],[0.0,-6.123233995736766e-17,1.0,-0.11134999999999999],[0.0,0.0,0.0,1.0]]",p_S_m = R_S_step * p_step_m + t_S_m,STEP_LOCAL:PV1_S1_C01_BOND,S,m,mm,True,True,True,False,True
service,PV1_S1_C02_CIC,"[[1.0,0.0,0.0,-0.0828],[0.0,1.0,6.123233995736766e-17,-0.37704999999999994],[0.0,-6.123233995736766e-17,1.0,-0.111155],[0.0,0.0,0.0,1.0]]",p_S_m = R_S_step * p_step_m + t_S_m,STEP_LOCAL:PV1_S1_C02_CIC,S,m,mm,True,True,True,False,True
service,PV1_S1_C02_BOND,"[[1.0,0.0,0.0,-0.0828],[0.0,1.0,6.123233995736766e-17,-0.37704999999999994],[0.0,-6.123233995736766e-17,1.0,-0.11134999999999999],[0.0,0.0,0.0,1.0]]",p_S_m = R_S_step * p_step_m + t_S_m,STEP_LOCAL:PV1_S1_C02_BOND,S,m,mm,True,True,True,False,True
service,PV1_S1_C03_CIC,"[[1.0,0.0,0.0,-0.0414],[0.0,1.0,6.123233995736766e-17,-0.37704999999999994],[0.0,-6.123233995736766e-17,1.0,-0.111155],[0.0,0.0,0.0,1.0]]",p_S_m = R_S_step * p_step_m + t_S_m,STEP_LOCAL:PV1_S1_C03_CIC,S,m,mm,True,True,True,False,True
service,PV1_S1_C03_BOND,"[[1.0,0.0,0.0,-0.0414],[0.0,1.0,6.123233995736766e-17,-0.37704999999999994],[0.0,-6.123233995736766e-17,1.0,-0.11134999999999999],[0.0,0.0,0.0,1.0]]",p_S_m = R_S_step * p_step_m + t_S_m,STEP_LOCAL:PV1_S1_C03_BOND,S,m,mm,True,True,True,False,True
service,PV1_S1_C04_CIC,"[[1.0,0.0,0.0,0.0],[0.0,1.0,6.123233995736766e-17,-0.37704999999999994],[0.0,-6.123233995736766e-17,1.0,-0.111155],[0.0,0.0,0.0,1.0]]",p_S_m = R_S_step * p_step_m + t_S_m,STEP_LOCAL:PV1_S1_C04_CIC,S,m,mm,True,True,True,False,True
service,PV1_S1_C04_BOND,"[[1.0,0.0,0.0,0.0],[0.0,1.0,6.123233995736766e-17,-0.37704999999999994],[0.0,-6.123233995736766e-17,1.0,-0.11134999999999999],[0.0,0.0,0.0,1.0]]",p_S_m = R_S_step * p_step_m + t_S_m,STEP_LOCAL:PV1_S1_C04_BOND,S,m,mm,True,True,True,False,True
service,PV1_S1_C05_CIC,"[[1.0,0.0,0.0,0.0414],[0.0,1.0,6.123233995736766e-17,-0.37704999999999994],[0.0,-6.123233995736766e-17,1.0,-0.111155],[0.0,0.0,0.0,1.0]]",p_S_m = R_S_step * p_step_m + t_S_m,STEP_LOCAL:PV1_S1_C05_CIC,S,m,mm,True,True,True,False,True
service,PV1_S1_C05_BOND,"[[1.0,0.0,0.0,0.0414],[0.0,1.0,6.123233995736766e-17,-0.37704999999999994],[0.0,-6.123233995736766e-17,1.0,-0.11134999999999999],[0.0,0.0,0.0,1.0]]",p_S_m = R_S_step * p_step_m + t_S_m,STEP_LOCAL:PV1_S1_C05_BOND,S,m,mm,True,True,True,False,True
service,PV1_S1_C06_CIC,"[[1.0,0.0,0.0,0.0828],[0.0,1.0,6.123233995736766e-17,-0.37704999999999994],[0.0,-6.123233995736766e-17,1.0,-0.111155],[0.0,0.0,0.0,1.0]]",p_S_m = R_S_step * p_step_m + t_S_m,STEP_LOCAL:PV1_S1_C06_CIC,S,m,mm,True,True,True,False,True
service,PV1_S1_C06_BOND,"[[1.0,0.0,0.0,0.0828],[0.0,1.0,6.123233995736766e-17,-0.37704999999999994],[0.0,-6.123233995736766e-17,1.0,-0.11134999999999999],[0.0,0.0,0.0,1.0]]",p_S_m = R_S_step * p_step_m + t_S_m,STEP_LOCAL:PV1_S1_C06_BOND,S,m,mm,True,True,True,False,True
service,PV1_S1_C07_CIC,"[[1.0,0.0,0.0,0.12419999999999999],[0.0,1.0,6.123233995736766e-17,-0.37704999999999994],[0.0,-6.123233995736766e-17,1.0,-0.111155],[0.0,0.0,0.0,1.0]]",p_S_m = R_S_step * p_step_m + t_S_m,STEP_LOCAL:PV1_S1_C07_CIC,S,m,mm,True,True,True,False,True
service,PV1_S1_C07_BOND,"[[1.0,0.0,0.0,0.12419999999999999],[0.0,1.0,6.123233995736766e-17,-0.37704999999999994],[0.0,-6.123233995736766e-17,1.0,-0.11134999999999999],[0.0,0.0,0.0,1.0]]",p_S_m = R_S_step * p_step_m + t_S_m,STEP_LOCAL:PV1_S1_C07_BOND,S,m,mm,True,True,True,False,True
service,PV1_S2_C01_CIC,"[[1.0,0.0,0.0,-0.12419999999999999],[0.0,1.0,6.123233995736766e-17,-0.46525],[0.0,-6.123233995736766e-17,1.0,-0.11115499999999999],[0.0,0.0,0.0,1.0]]",p_S_m = R_S_step * p_step_m + t_S_m,STEP_LOCAL:PV1_S2_C01_CIC,S,m,mm,True,True,True,False,True
service,PV1_S2_C01_BOND,"[[1.0,0.0,0.0,-0.12419999999999999],[0.0,1.0,6.123233995736766e-17,-0.46525],[0.0,-6.123233995736766e-17,1.0,-0.11134999999999999],[0.0,0.0,0.0,1.0]]",p_S_m = R_S_step * p_step_m + t_S_m,STEP_LOCAL:PV1_S2_C01_BOND,S,m,mm,True,True,True,False,True
service,PV1_S2_C02_CIC,"[[1.0,0.0,0.0,-0.0828],[0.0,1.0,6.123233995736766e-17,-0.46525],[0.0,-6.123233995736766e-17,1.0,-0.11115499999999999],[0.0,0.0,0.0,1.0]]",p_S_m = R_S_step * p_step_m + t_S_m,STEP_LOCAL:PV1_S2_C02_CIC,S,m,mm,True,True,True,False,True
service,PV1_S2_C02_BOND,"[[1.0,0.0,0.0,-0.0828],[0.0,1.0,6.123233995736766e-17,-0.46525],[0.0,-6.123233995736766e-17,1.0,-0.11134999999999999],[0.0,0.0,0.0,1.0]]",p_S_m = R_S_step * p_step_m + t_S_m,STEP_LOCAL:PV1_S2_C02_BOND,S,m,mm,True,True,True,False,True
service,PV1_S2_C03_CIC,"[[1.0,0.0,0.0,-0.0414],[0.0,1.0,6.123233995736766e-17,-0.46525],[0.0,-6.123233995736766e-17,1.0,-0.11115499999999999],[0.0,0.0,0.0,1.0]]",p_S_m = R_S_step * p_step_m + t_S_m,STEP_LOCAL:PV1_S2_C03_CIC,S,m,mm,True,True,True,False,True
service,PV1_S2_C03_BOND,"[[1.0,0.0,0.0,-0.0414],[0.0,1.0,6.123233995736766e-17,-0.46525],[0.0,-6.123233995736766e-17,1.0,-0.11134999999999999],[0.0,0.0,0.0,1.0]]",p_S_m = R_S_step * p_step_m + t_S_m,STEP_LOCAL:PV1_S2_C03_BOND,S,m,mm,True,True,True,False,True
service,PV1_S2_C04_CIC,"[[1.0,0.0,0.0,0.0],[0.0,1.0,6.123233995736766e-17,-0.46525],[0.0,-6.123233995736766e-17,1.0,-0.11115499999999999],[0.0,0.0,0.0,1.0]]",p_S_m = R_S_step * p_step_m + t_S_m,STEP_LOCAL:PV1_S2_C04_CIC,S,m,mm,True,True,True,False,True
service,PV1_S2_C04_BOND,"[[1.0,0.0,0.0,0.0],[0.0,1.0,6.123233995736766e-17,-0.46525],[0.0,-6.123233995736766e-17,1.0,-0.11134999999999999],[0.0,0.0,0.0,1.0]]",p_S_m = R_S_step * p_step_m + t_S_m,STEP_LOCAL:PV1_S2_C04_BOND,S,m,mm,True,True,True,False,True
service,PV1_S2_C05_CIC,"[[1.0,0.0,0.0,0.0414],[0.0,1.0,6.123233995736766e-17,-0.46525],[0.0,-6.123233995736766e-17,1.0,-0.11115499999999999],[0.0,0.0,0.0,1.0]]",p_S_m = R_S_step * p_step_m + t_S_m,STEP_LOCAL:PV1_S2_C05_CIC,S,m,mm,True,True,True,False,True
service,PV1_S2_C05_BOND,"[[1.0,0.0,0.0,0.0414],[0.0,1.0,6.123233995736766e-17,-0.46525],[0.0,-6.123233995736766e-17,1.0,-0.11134999999999999],[0.0,0.0,0.0,1.0]]",p_S_m = R_S_step * p_step_m + t_S_m,STEP_LOCAL:PV1_S2_C05_BOND,S,m,mm,True,True,True,False,True
service,PV1_S2_C06_CIC,"[[1.0,0.0,0.0,0.0828],[0.0,1.0,6.123233995736766e-17,-0.46525],[0.0,-6.123233995736766e-17,1.0,-0.11115499999999999],[0.0,0.0,0.0,1.0]]",p_S_m = R_S_step * p_step_m + t_S_m,STEP_LOCAL:PV1_S2_C06_CIC,S,m,mm,True,True,True,False,True
service,PV1_S2_C06_BOND,"[[1.0,0.0,0.0,0.0828],[0.0,1.0,6.123233995736766e-17,-0.46525],[0.0,-6.123233995736766e-17,1.0,-0.11134999999999999],[0.0,0.0,0.0,1.0]]",p_S_m = R_S_step * p_step_m + t_S_m,STEP_LOCAL:PV1_S2_C06_BOND,S,m,mm,True,True,True,False,True
service,PV1_S2_C07_CIC,"[[1.0,0.0,0.0,0.12419999999999999],[0.0,1.0,6.123233995736766e-17,-0.46525],[0.0,-6.123233995736766e-17,1.0,-0.11115499999999999],[0.0,0.0,0.0,1.0]]",p_S_m = R_S_step * p_step_m + t_S_m,STEP_LOCAL:PV1_S2_C07_CIC,S,m,mm,True,True,True,False,True
service,PV1_S2_C07_BOND,"[[1.0,0.0,0.0,0.12419999999999999],[0.0,1.0,6.123233995736766e-17,-0.46525],[0.0,-6.123233995736766e-17,1.0,-0.11134999999999999],[0.0,0.0,0.0,1.0]]",p_S_m = R_S_step * p_step_m + t_S_m,STEP_LOCAL:PV1_S2_C07_BOND,S,m,mm,True,True,True,False,True
service,PV2_S1_C01_CIC,"[[1.0,0.0,0.0,-0.12419999999999999],[0.0,1.0,6.123233995736766e-17,-0.57705],[0.0,-6.123233995736766e-17,1.0,-0.10665499999999999],[0.0,0.0,0.0,1.0]]",p_S_m = R_S_step * p_step_m + t_S_m,STEP_LOCAL:PV2_S1_C01_CIC,S,m,mm,True,True,True,False,True
service,PV2_S1_C01_BOND,"[[1.0,0.0,0.0,-0.12419999999999999],[0.0,1.0,6.123233995736766e-17,-0.57705],[0.0,-6.123233995736766e-17,1.0,-0.10684999999999999],[0.0,0.0,0.0,1.0]]",p_S_m = R_S_step * p_step_m + t_S_m,STEP_LOCAL:PV2_S1_C01_BOND,S,m,mm,True,True,True,False,True
service,PV2_S1_C02_CIC,"[[1.0,0.0,0.0,-0.0828],[0.0,1.0,6.123233995736766e-17,-0.57705],[0.0,-6.123233995736766e-17,1.0,-0.10665499999999999],[0.0,0.0,0.0,1.0]]",p_S_m = R_S_step * p_step_m + t_S_m,STEP_LOCAL:PV2_S1_C02_CIC,S,m,mm,True,True,True,False,True
service,PV2_S1_C02_BOND,"[[1.0,0.0,0.0,-0.0828],[0.0,1.0,6.123233995736766e-17,-0.57705],[0.0,-6.123233995736766e-17,1.0,-0.10684999999999999],[0.0,0.0,0.0,1.0]]",p_S_m = R_S_step * p_step_m + t_S_m,STEP_LOCAL:PV2_S1_C02_BOND,S,m,mm,True,True,True,False,True
service,PV2_S1_C03_CIC,"[[1.0,0.0,0.0,-0.0414],[0.0,1.0,6.123233995736766e-17,-0.57705],[0.0,-6.123233995736766e-17,1.0,-0.10665499999999999],[0.0,0.0,0.0,1.0]]",p_S_m = R_S_step * p_step_m + t_S_m,STEP_LOCAL:PV2_S1_C03_CIC,S,m,mm,True,True,True,False,True
service,PV2_S1_C03_BOND,"[[1.0,0.0,0.0,-0.0414],[0.0,1.0,6.123233995736766e-17,-0.57705],[0.0,-6.123233995736766e-17,1.0,-0.10684999999999999],[0.0,0.0,0.0,1.0]]",p_S_m = R_S_step * p_step_m + t_S_m,STEP_LOCAL:PV2_S1_C03_BOND,S,m,mm,True,True,True,False,True
service,PV2_S1_C04_CIC,"[[1.0,0.0,0.0,0.0],[0.0,1.0,6.123233995736766e-17,-0.57705],[0.0,-6.123233995736766e-17,1.0,-0.10665499999999999],[0.0,0.0,0.0,1.0]]",p_S_m = R_S_step * p_step_m + t_S_m,STEP_LOCAL:PV2_S1_C04_CIC,S,m,mm,True,True,True,False,True
service,PV2_S1_C04_BOND,"[[1.0,0.0,0.0,0.0],[0.0,1.0,6.123233995736766e-17,-0.57705],[0.0,-6.123233995736766e-17,1.0,-0.10684999999999999],[0.0,0.0,0.0,1.0]]",p_S_m = R_S_step * p_step_m + t_S_m,STEP_LOCAL:PV2_S1_C04_BOND,S,m,mm,True,True,True,False,True
service,PV2_S1_C05_CIC,"[[1.0,0.0,0.0,0.0414],[0.0,1.0,6.123233995736766e-17,-0.57705],[0.0,-6.123233995736766e-17,1.0,-0.10665499999999999],[0.0,0.0,0.0,1.0]]",p_S_m = R_S_step * p_step_m + t_S_m,STEP_LOCAL:PV2_S1_C05_CIC,S,m,mm,True,True,True,False,True
service,PV2_S1_C05_BOND,"[[1.0,0.0,0.0,0.0414],[0.0,1.0,6.123233995736766e-17,-0.57705],[0.0,-6.123233995736766e-17,1.0,-0.10684999999999999],[0.0,0.0,0.0,1.0]]",p_S_m = R_S_step * p_step_m + t_S_m,STEP_LOCAL:PV2_S1_C05_BOND,S,m,mm,True,True,True,False,True
service,PV2_S1_C06_CIC,"[[1.0,0.0,0.0,0.0828],[0.0,1.0,6.123233995736766e-17,-0.57705],[0.0,-6.123233995736766e-17,1.0,-0.10665499999999999],[0.0,0.0,0.0,1.0]]",p_S_m = R_S_step * p_step_m + t_S_m,STEP_LOCAL:PV2_S1_C06_CIC,S,m,mm,True,True,True,False,True
service,PV2_S1_C06_BOND,"[[1.0,0.0,0.0,0.0828],[0.0,1.0,6.123233995736766e-17,-0.57705],[0.0,-6.123233995736766e-17,1.0,-0.10684999999999999],[0.0,0.0,0.0,1.0]]",p_S_m = R_S_step * p_step_m + t_S_m,STEP_LOCAL:PV2_S1_C06_BOND,S,m,mm,True,True,True,False,True
service,PV2_S1_C07_CIC,"[[1.0,0.0,0.0,0.12419999999999999],[0.0,1.0,6.123233995736766e-17,-0.57705],[0.0,-6.123233995736766e-17,1.0,-0.10665499999999999],[0.0,0.0,0.0,1.0]]",p_S_m = R_S_step * p_step_m + t_S_m,STEP_LOCAL:PV2_S1_C07_CIC,S,m,mm,True,True,True,False,True
service,PV2_S1_C07_BOND,"[[1.0,0.0,0.0,0.12419999999999999],[0.0,1.0,6.123233995736766e-17,-0.57705],[0.0,-6.123233995736766e-17,1.0,-0.10684999999999999],[0.0,0.0,0.0,1.0]]",p_S_m = R_S_step * p_step_m + t_S_m,STEP_LOCAL:PV2_S1_C07_BOND,S,m,mm,True,True,True,False,True
service,PV2_S2_C01_CIC,"[[1.0,0.0,0.0,-0.12419999999999999],[0.0,1.0,6.123233995736766e-17,-0.66525],[0.0,-6.123233995736766e-17,1.0,-0.10665499999999997],[0.0,0.0,0.0,1.0]]",p_S_m = R_S_step * p_step_m + t_S_m,STEP_LOCAL:PV2_S2_C01_CIC,S,m,mm,True,True,True,False,True
service,PV2_S2_C01_BOND,"[[1.0,0.0,0.0,-0.12419999999999999],[0.0,1.0,6.123233995736766e-17,-0.66525],[0.0,-6.123233995736766e-17,1.0,-0.10684999999999999],[0.0,0.0,0.0,1.0]]",p_S_m = R_S_step * p_step_m + t_S_m,STEP_LOCAL:PV2_S2_C01_BOND,S,m,mm,True,True,True,False,True
service,PV2_S2_C02_CIC,"[[1.0,0.0,0.0,-0.0828],[0.0,1.0,6.123233995736766e-17,-0.66525],[0.0,-6.123233995736766e-17,1.0,-0.10665499999999997],[0.0,0.0,0.0,1.0]]",p_S_m = R_S_step * p_step_m + t_S_m,STEP_LOCAL:PV2_S2_C02_CIC,S,m,mm,True,True,True,False,True
service,PV2_S2_C02_BOND,"[[1.0,0.0,0.0,-0.0828],[0.0,1.0,6.123233995736766e-17,-0.66525],[0.0,-6.123233995736766e-17,1.0,-0.10684999999999999],[0.0,0.0,0.0,1.0]]",p_S_m = R_S_step * p_step_m + t_S_m,STEP_LOCAL:PV2_S2_C02_BOND,S,m,mm,True,True,True,False,True
service,PV2_S2_C03_CIC,"[[1.0,0.0,0.0,-0.0414],[0.0,1.0,6.123233995736766e-17,-0.66525],[0.0,-6.123233995736766e-17,1.0,-0.10665499999999997],[0.0,0.0,0.0,1.0]]",p_S_m = R_S_step * p_step_m + t_S_m,STEP_LOCAL:PV2_S2_C03_CIC,S,m,mm,True,True,True,False,True
service,PV2_S2_C03_BOND,"[[1.0,0.0,0.0,-0.0414],[0.0,1.0,6.123233995736766e-17,-0.66525],[0.0,-6.123233995736766e-17,1.0,-0.10684999999999999],[0.0,0.0,0.0,1.0]]",p_S_m = R_S_step * p_step_m + t_S_m,STEP_LOCAL:PV2_S2_C03_BOND,S,m,mm,True,True,True,False,True
service,PV2_S2_C04_CIC,"[[1.0,0.0,0.0,0.0],[0.0,1.0,6.123233995736766e-17,-0.66525],[0.0,-6.123233995736766e-17,1.0,-0.10665499999999997],[0.0,0.0,0.0,1.0]]",p_S_m = R_S_step * p_step_m + t_S_m,STEP_LOCAL:PV2_S2_C04_CIC,S,m,mm,True,True,True,False,True
service,PV2_S2_C04_BOND,"[[1.0,0.0,0.0,0.0],[0.0,1.0,6.123233995736766e-17,-0.66525],[0.0,-6.123233995736766e-17,1.0,-0.10684999999999999],[0.0,0.0,0.0,1.0]]",p_S_m = R_S_step * p_step_m + t_S_m,STEP_LOCAL:PV2_S2_C04_BOND,S,m,mm,True,True,True,False,True
service,PV2_S2_C05_CIC,"[[1.0,0.0,0.0,0.0414],[0.0,1.0,6.123233995736766e-17,-0.66525],[0.0,-6.123233995736766e-17,1.0,-0.10665499999999997],[0.0,0.0,0.0,1.0]]",p_S_m = R_S_step * p_step_m + t_S_m,STEP_LOCAL:PV2_S2_C05_CIC,S,m,mm,True,True,True,False,True
service,PV2_S2_C05_BOND,"[[1.0,0.0,0.0,0.0414],[0.0,1.0,6.123233995736766e-17,-0.66525],[0.0,-6.123233995736766e-17,1.0,-0.10684999999999999],[0.0,0.0,0.0,1.0]]",p_S_m = R_S_step * p_step_m + t_S_m,STEP_LOCAL:PV2_S2_C05_BOND,S,m,mm,True,True,True,False,True
service,PV2_S2_C06_CIC,"[[1.0,0.0,0.0,0.0828],[0.0,1.0,6.123233995736766e-17,-0.66525],[0.0,-6.123233995736766e-17,1.0,-0.10665499999999997],[0.0,0.0,0.0,1.0]]",p_S_m = R_S_step * p_step_m + t_S_m,STEP_LOCAL:PV2_S2_C06_CIC,S,m,mm,True,True,True,False,True
service,PV2_S2_C06_BOND,"[[1.0,0.0,0.0,0.0828],[0.0,1.0,6.123233995736766e-17,-0.66525],[0.0,-6.123233995736766e-17,1.0,-0.10684999999999999],[0.0,0.0,0.0,1.0]]",p_S_m = R_S_step * p_step_m + t_S_m,STEP_LOCAL:PV2_S2_C06_BOND,S,m,mm,True,True,True,False,True
service,PV2_S2_C07_CIC,"[[1.0,0.0,0.0,0.12419999999999999],[0.0,1.0,6.123233995736766e-17,-0.66525],[0.0,-6.123233995736766e-17,1.0,-0.10665499999999997],[0.0,0.0,0.0,1.0]]",p_S_m = R_S_step * p_step_m + t_S_m,STEP_LOCAL:PV2_S2_C07_CIC,S,m,mm,True,True,True,False,True
service,PV2_S2_C07_BOND,"[[1.0,0.0,0.0,0.12419999999999999],[0.0,1.0,6.123233995736766e-17,-0.66525],[0.0,-6.123233995736766e-17,1.0,-0.10684999999999999],[0.0,0.0,0.0,1.0]]",p_S_m = R_S_step * p_step_m + t_S_m,STEP_LOCAL:PV2_S2_C07_BOND,S,m,mm,True,True,True,False,True
service,PV3_S1_C01_CIC,"[[1.0,0.0,0.0,-0.12419999999999999],[0.0,1.0,-6.123233995736766e-17,0.17705],[0.0,6.123233995736766e-17,1.0,-0.10665500000000001],[0.0,0.0,0.0,1.0]]",p_S_m = R_S_step * p_step_m + t_S_m,STEP_LOCAL:PV3_S1_C01_CIC,S,m,mm,True,True,True,False,True
service,PV3_S1_C01_BOND,"[[1.0,0.0,0.0,-0.12419999999999999],[0.0,1.0,-6.123233995736766e-17,0.17705],[0.0,6.123233995736766e-17,1.0,-0.10685000000000001],[0.0,0.0,0.0,1.0]]",p_S_m = R_S_step * p_step_m + t_S_m,STEP_LOCAL:PV3_S1_C01_BOND,S,m,mm,True,True,True,False,True
service,PV3_S1_C02_CIC,"[[1.0,0.0,0.0,-0.0828],[0.0,1.0,-6.123233995736766e-17,0.17705],[0.0,6.123233995736766e-17,1.0,-0.10665500000000001],[0.0,0.0,0.0,1.0]]",p_S_m = R_S_step * p_step_m + t_S_m,STEP_LOCAL:PV3_S1_C02_CIC,S,m,mm,True,True,True,False,True
service,PV3_S1_C02_BOND,"[[1.0,0.0,0.0,-0.0828],[0.0,1.0,-6.123233995736766e-17,0.17705],[0.0,6.123233995736766e-17,1.0,-0.10685000000000001],[0.0,0.0,0.0,1.0]]",p_S_m = R_S_step * p_step_m + t_S_m,STEP_LOCAL:PV3_S1_C02_BOND,S,m,mm,True,True,True,False,True
service,PV3_S1_C03_CIC,"[[1.0,0.0,0.0,-0.0414],[0.0,1.0,-6.123233995736766e-17,0.17705],[0.0,6.123233995736766e-17,1.0,-0.10665500000000001],[0.0,0.0,0.0,1.0]]",p_S_m = R_S_step * p_step_m + t_S_m,STEP_LOCAL:PV3_S1_C03_CIC,S,m,mm,True,True,True,False,True
service,PV3_S1_C03_BOND,"[[1.0,0.0,0.0,-0.0414],[0.0,1.0,-6.123233995736766e-17,0.17705],[0.0,6.123233995736766e-17,1.0,-0.10685000000000001],[0.0,0.0,0.0,1.0]]",p_S_m = R_S_step * p_step_m + t_S_m,STEP_LOCAL:PV3_S1_C03_BOND,S,m,mm,True,True,True,False,True
service,PV3_S1_C04_CIC,"[[1.0,0.0,0.0,0.0],[0.0,1.0,-6.123233995736766e-17,0.17705],[0.0,6.123233995736766e-17,1.0,-0.10665500000000001],[0.0,0.0,0.0,1.0]]",p_S_m = R_S_step * p_step_m + t_S_m,STEP_LOCAL:PV3_S1_C04_CIC,S,m,mm,True,True,True,False,True
service,PV3_S1_C04_BOND,"[[1.0,0.0,0.0,0.0],[0.0,1.0,-6.123233995736766e-17,0.17705],[0.0,6.123233995736766e-17,1.0,-0.10685000000000001],[0.0,0.0,0.0,1.0]]",p_S_m = R_S_step * p_step_m + t_S_m,STEP_LOCAL:PV3_S1_C04_BOND,S,m,mm,True,True,True,False,True
service,PV3_S1_C05_CIC,"[[1.0,0.0,0.0,0.0414],[0.0,1.0,-6.123233995736766e-17,0.17705],[0.0,6.123233995736766e-17,1.0,-0.10665500000000001],[0.0,0.0,0.0,1.0]]",p_S_m = R_S_step * p_step_m + t_S_m,STEP_LOCAL:PV3_S1_C05_CIC,S,m,mm,True,True,True,False,True
service,PV3_S1_C05_BOND,"[[1.0,0.0,0.0,0.0414],[0.0,1.0,-6.123233995736766e-17,0.17705],[0.0,6.123233995736766e-17,1.0,-0.10685000000000001],[0.0,0.0,0.0,1.0]]",p_S_m = R_S_step * p_step_m + t_S_m,STEP_LOCAL:PV3_S1_C05_BOND,S,m,mm,True,True,True,False,True
service,PV3_S1_C06_CIC,"[[1.0,0.0,0.0,0.0828],[0.0,1.0,-6.123233995736766e-17,0.17705],[0.0,6.123233995736766e-17,1.0,-0.10665500000000001],[0.0,0.0,0.0,1.0]]",p_S_m = R_S_step * p_step_m + t_S_m,STEP_LOCAL:PV3_S1_C06_CIC,S,m,mm,True,True,True,False,True
service,PV3_S1_C06_BOND,"[[1.0,0.0,0.0,0.0828],[0.0,1.0,-6.123233995736766e-17,0.17705],[0.0,6.123233995736766e-17,1.0,-0.10685000000000001],[0.0,0.0,0.0,1.0]]",p_S_m = R_S_step * p_step_m + t_S_m,STEP_LOCAL:PV3_S1_C06_BOND,S,m,mm,True,True,True,False,True
service,PV3_S1_C07_CIC,"[[1.0,0.0,0.0,0.12419999999999999],[0.0,1.0,-6.123233995736766e-17,0.17705],[0.0,6.123233995736766e-17,1.0,-0.10665500000000001],[0.0,0.0,0.0,1.0]]",p_S_m = R_S_step * p_step_m + t_S_m,STEP_LOCAL:PV3_S1_C07_CIC,S,m,mm,True,True,True,False,True
service,PV3_S1_C07_BOND,"[[1.0,0.0,0.0,0.12419999999999999],[0.0,1.0,-6.123233995736766e-17,0.17705],[0.0,6.123233995736766e-17,1.0,-0.10685000000000001],[0.0,0.0,0.0,1.0]]",p_S_m = R_S_step * p_step_m + t_S_m,STEP_LOCAL:PV3_S1_C07_BOND,S,m,mm,True,True,True,False,True
service,PV3_S2_C01_CIC,"[[1.0,0.0,0.0,-0.12419999999999999],[0.0,1.0,-6.123233995736766e-17,0.26525],[0.0,6.123233995736766e-17,1.0,-0.106655],[0.0,0.0,0.0,1.0]]",p_S_m = R_S_step * p_step_m + t_S_m,STEP_LOCAL:PV3_S2_C01_CIC,S,m,mm,True,True,True,False,True
service,PV3_S2_C01_BOND,"[[1.0,0.0,0.0,-0.12419999999999999],[0.0,1.0,-6.123233995736766e-17,0.26525],[0.0,6.123233995736766e-17,1.0,-0.10685000000000001],[0.0,0.0,0.0,1.0]]",p_S_m = R_S_step * p_step_m + t_S_m,STEP_LOCAL:PV3_S2_C01_BOND,S,m,mm,True,True,True,False,True
service,PV3_S2_C02_CIC,"[[1.0,0.0,0.0,-0.0828],[0.0,1.0,-6.123233995736766e-17,0.26525],[0.0,6.123233995736766e-17,1.0,-0.106655],[0.0,0.0,0.0,1.0]]",p_S_m = R_S_step * p_step_m + t_S_m,STEP_LOCAL:PV3_S2_C02_CIC,S,m,mm,True,True,True,False,True
service,PV3_S2_C02_BOND,"[[1.0,0.0,0.0,-0.0828],[0.0,1.0,-6.123233995736766e-17,0.26525],[0.0,6.123233995736766e-17,1.0,-0.10685000000000001],[0.0,0.0,0.0,1.0]]",p_S_m = R_S_step * p_step_m + t_S_m,STEP_LOCAL:PV3_S2_C02_BOND,S,m,mm,True,True,True,False,True
service,PV3_S2_C03_CIC,"[[1.0,0.0,0.0,-0.0414],[0.0,1.0,-6.123233995736766e-17,0.26525],[0.0,6.123233995736766e-17,1.0,-0.106655],[0.0,0.0,0.0,1.0]]",p_S_m = R_S_step * p_step_m + t_S_m,STEP_LOCAL:PV3_S2_C03_CIC,S,m,mm,True,True,True,False,True
service,PV3_S2_C03_BOND,"[[1.0,0.0,0.0,-0.0414],[0.0,1.0,-6.123233995736766e-17,0.26525],[0.0,6.123233995736766e-17,1.0,-0.10685000000000001],[0.0,0.0,0.0,1.0]]",p_S_m = R_S_step * p_step_m + t_S_m,STEP_LOCAL:PV3_S2_C03_BOND,S,m,mm,True,True,True,False,True
service,PV3_S2_C04_CIC,"[[1.0,0.0,0.0,0.0],[0.0,1.0,-6.123233995736766e-17,0.26525],[0.0,6.123233995736766e-17,1.0,-0.106655],[0.0,0.0,0.0,1.0]]",p_S_m = R_S_step * p_step_m + t_S_m,STEP_LOCAL:PV3_S2_C04_CIC,S,m,mm,True,True,True,False,True
service,PV3_S2_C04_BOND,"[[1.0,0.0,0.0,0.0],[0.0,1.0,-6.123233995736766e-17,0.26525],[0.0,6.123233995736766e-17,1.0,-0.10685000000000001],[0.0,0.0,0.0,1.0]]",p_S_m = R_S_step * p_step_m + t_S_m,STEP_LOCAL:PV3_S2_C04_BOND,S,m,mm,True,True,True,False,True
service,PV3_S2_C05_CIC,"[[1.0,0.0,0.0,0.0414],[0.0,1.0,-6.123233995736766e-17,0.26525],[0.0,6.123233995736766e-17,1.0,-0.106655],[0.0,0.0,0.0,1.0]]",p_S_m = R_S_step * p_step_m + t_S_m,STEP_LOCAL:PV3_S2_C05_CIC,S,m,mm,True,True,True,False,True
service,PV3_S2_C05_BOND,"[[1.0,0.0,0.0,0.0414],[0.0,1.0,-6.123233995736766e-17,0.26525],[0.0,6.123233995736766e-17,1.0,-0.10685000000000001],[0.0,0.0,0.0,1.0]]",p_S_m = R_S_step * p_step_m + t_S_m,STEP_LOCAL:PV3_S2_C05_BOND,S,m,mm,True,True,True,False,True
service,PV3_S2_C06_CIC,"[[1.0,0.0,0.0,0.0828],[0.0,1.0,-6.123233995736766e-17,0.26525],[0.0,6.123233995736766e-17,1.0,-0.106655],[0.0,0.0,0.0,1.0]]",p_S_m = R_S_step * p_step_m + t_S_m,STEP_LOCAL:PV3_S2_C06_CIC,S,m,mm,True,True,True,False,True
service,PV3_S2_C06_BOND,"[[1.0,0.0,0.0,0.0828],[0.0,1.0,-6.123233995736766e-17,0.26525],[0.0,6.123233995736766e-17,1.0,-0.10685000000000001],[0.0,0.0,0.0,1.0]]",p_S_m = R_S_step * p_step_m + t_S_m,STEP_LOCAL:PV3_S2_C06_BOND,S,m,mm,True,True,True,False,True
service,PV3_S2_C07_CIC,"[[1.0,0.0,0.0,0.12419999999999999],[0.0,1.0,-6.123233995736766e-17,0.26525],[0.0,6.123233995736766e-17,1.0,-0.106655],[0.0,0.0,0.0,1.0]]",p_S_m = R_S_step * p_step_m + t_S_m,STEP_LOCAL:PV3_S2_C07_CIC,S,m,mm,True,True,True,False,True
service,PV3_S2_C07_BOND,"[[1.0,0.0,0.0,0.12419999999999999],[0.0,1.0,-6.123233995736766e-17,0.26525],[0.0,6.123233995736766e-17,1.0,-0.10685000000000001],[0.0,0.0,0.0,1.0]]",p_S_m = R_S_step * p_step_m + t_S_m,STEP_LOCAL:PV3_S2_C07_BOND,S,m,mm,True,True,True,False,True
service,PV4_S1_C01_CIC,"[[1.0,0.0,0.0,-0.12419999999999999],[0.0,1.0,-6.123233995736766e-17,0.37704999999999994],[0.0,6.123233995736766e-17,1.0,-0.111155],[0.0,0.0,0.0,1.0]]",p_S_m = R_S_step * p_step_m + t_S_m,STEP_LOCAL:PV4_S1_C01_CIC,S,m,mm,True,True,True,False,True
service,PV4_S1_C01_BOND,"[[1.0,0.0,0.0,-0.12419999999999999],[0.0,1.0,-6.123233995736766e-17,0.37704999999999994],[0.0,6.123233995736766e-17,1.0,-0.11134999999999999],[0.0,0.0,0.0,1.0]]",p_S_m = R_S_step * p_step_m + t_S_m,STEP_LOCAL:PV4_S1_C01_BOND,S,m,mm,True,True,True,False,True
service,PV4_S1_C02_CIC,"[[1.0,0.0,0.0,-0.0828],[0.0,1.0,-6.123233995736766e-17,0.37704999999999994],[0.0,6.123233995736766e-17,1.0,-0.111155],[0.0,0.0,0.0,1.0]]",p_S_m = R_S_step * p_step_m + t_S_m,STEP_LOCAL:PV4_S1_C02_CIC,S,m,mm,True,True,True,False,True
service,PV4_S1_C02_BOND,"[[1.0,0.0,0.0,-0.0828],[0.0,1.0,-6.123233995736766e-17,0.37704999999999994],[0.0,6.123233995736766e-17,1.0,-0.11134999999999999],[0.0,0.0,0.0,1.0]]",p_S_m = R_S_step * p_step_m + t_S_m,STEP_LOCAL:PV4_S1_C02_BOND,S,m,mm,True,True,True,False,True
service,PV4_S1_C03_CIC,"[[1.0,0.0,0.0,-0.0414],[0.0,1.0,-6.123233995736766e-17,0.37704999999999994],[0.0,6.123233995736766e-17,1.0,-0.111155],[0.0,0.0,0.0,1.0]]",p_S_m = R_S_step * p_step_m + t_S_m,STEP_LOCAL:PV4_S1_C03_CIC,S,m,mm,True,True,True,False,True
service,PV4_S1_C03_BOND,"[[1.0,0.0,0.0,-0.0414],[0.0,1.0,-6.123233995736766e-17,0.37704999999999994],[0.0,6.123233995736766e-17,1.0,-0.11134999999999999],[0.0,0.0,0.0,1.0]]",p_S_m = R_S_step * p_step_m + t_S_m,STEP_LOCAL:PV4_S1_C03_BOND,S,m,mm,True,True,True,False,True
service,PV4_S1_C04_CIC,"[[1.0,0.0,0.0,0.0],[0.0,1.0,-6.123233995736766e-17,0.37704999999999994],[0.0,6.123233995736766e-17,1.0,-0.111155],[0.0,0.0,0.0,1.0]]",p_S_m = R_S_step * p_step_m + t_S_m,STEP_LOCAL:PV4_S1_C04_CIC,S,m,mm,True,True,True,False,True
service,PV4_S1_C04_BOND,"[[1.0,0.0,0.0,0.0],[0.0,1.0,-6.123233995736766e-17,0.37704999999999994],[0.0,6.123233995736766e-17,1.0,-0.11134999999999999],[0.0,0.0,0.0,1.0]]",p_S_m = R_S_step * p_step_m + t_S_m,STEP_LOCAL:PV4_S1_C04_BOND,S,m,mm,True,True,True,False,True
service,PV4_S1_C05_CIC,"[[1.0,0.0,0.0,0.0414],[0.0,1.0,-6.123233995736766e-17,0.37704999999999994],[0.0,6.123233995736766e-17,1.0,-0.111155],[0.0,0.0,0.0,1.0]]",p_S_m = R_S_step * p_step_m + t_S_m,STEP_LOCAL:PV4_S1_C05_CIC,S,m,mm,True,True,True,False,True
service,PV4_S1_C05_BOND,"[[1.0,0.0,0.0,0.0414],[0.0,1.0,-6.123233995736766e-17,0.37704999999999994],[0.0,6.123233995736766e-17,1.0,-0.11134999999999999],[0.0,0.0,0.0,1.0]]",p_S_m = R_S_step * p_step_m + t_S_m,STEP_LOCAL:PV4_S1_C05_BOND,S,m,mm,True,True,True,False,True
service,PV4_S1_C06_CIC,"[[1.0,0.0,0.0,0.0828],[0.0,1.0,-6.123233995736766e-17,0.37704999999999994],[0.0,6.123233995736766e-17,1.0,-0.111155],[0.0,0.0,0.0,1.0]]",p_S_m = R_S_step * p_step_m + t_S_m,STEP_LOCAL:PV4_S1_C06_CIC,S,m,mm,True,True,True,False,True
service,PV4_S1_C06_BOND,"[[1.0,0.0,0.0,0.0828],[0.0,1.0,-6.123233995736766e-17,0.37704999999999994],[0.0,6.123233995736766e-17,1.0,-0.11134999999999999],[0.0,0.0,0.0,1.0]]",p_S_m = R_S_step * p_step_m + t_S_m,STEP_LOCAL:PV4_S1_C06_BOND,S,m,mm,True,True,True,False,True
service,PV4_S1_C07_CIC,"[[1.0,0.0,0.0,0.12419999999999999],[0.0,1.0,-6.123233995736766e-17,0.37704999999999994],[0.0,6.123233995736766e-17,1.0,-0.111155],[0.0,0.0,0.0,1.0]]",p_S_m = R_S_step * p_step_m + t_S_m,STEP_LOCAL:PV4_S1_C07_CIC,S,m,mm,True,True,True,False,True
service,PV4_S1_C07_BOND,"[[1.0,0.0,0.0,0.12419999999999999],[0.0,1.0,-6.123233995736766e-17,0.37704999999999994],[0.0,6.123233995736766e-17,1.0,-0.11134999999999999],[0.0,0.0,0.0,1.0]]",p_S_m = R_S_step * p_step_m + t_S_m,STEP_LOCAL:PV4_S1_C07_BOND,S,m,mm,True,True,True,False,True
service,PV4_S2_C01_CIC,"[[1.0,0.0,0.0,-0.12419999999999999],[0.0,1.0,-6.123233995736766e-17,0.46525],[0.0,6.123233995736766e-17,1.0,-0.11115499999999999],[0.0,0.0,0.0,1.0]]",p_S_m = R_S_step * p_step_m + t_S_m,STEP_LOCAL:PV4_S2_C01_CIC,S,m,mm,True,True,True,False,True
service,PV4_S2_C01_BOND,"[[1.0,0.0,0.0,-0.12419999999999999],[0.0,1.0,-6.123233995736766e-17,0.46525],[0.0,6.123233995736766e-17,1.0,-0.11134999999999999],[0.0,0.0,0.0,1.0]]",p_S_m = R_S_step * p_step_m + t_S_m,STEP_LOCAL:PV4_S2_C01_BOND,S,m,mm,True,True,True,False,True
service,PV4_S2_C02_CIC,"[[1.0,0.0,0.0,-0.0828],[0.0,1.0,-6.123233995736766e-17,0.46525],[0.0,6.123233995736766e-17,1.0,-0.11115499999999999],[0.0,0.0,0.0,1.0]]",p_S_m = R_S_step * p_step_m + t_S_m,STEP_LOCAL:PV4_S2_C02_CIC,S,m,mm,True,True,True,False,True
service,PV4_S2_C02_BOND,"[[1.0,0.0,0.0,-0.0828],[0.0,1.0,-6.123233995736766e-17,0.46525],[0.0,6.123233995736766e-17,1.0,-0.11134999999999999],[0.0,0.0,0.0,1.0]]",p_S_m = R_S_step * p_step_m + t_S_m,STEP_LOCAL:PV4_S2_C02_BOND,S,m,mm,True,True,True,False,True
service,PV4_S2_C03_CIC,"[[1.0,0.0,0.0,-0.0414],[0.0,1.0,-6.123233995736766e-17,0.46525],[0.0,6.123233995736766e-17,1.0,-0.11115499999999999],[0.0,0.0,0.0,1.0]]",p_S_m = R_S_step * p_step_m + t_S_m,STEP_LOCAL:PV4_S2_C03_CIC,S,m,mm,True,True,True,False,True
service,PV4_S2_C03_BOND,"[[1.0,0.0,0.0,-0.0414],[0.0,1.0,-6.123233995736766e-17,0.46525],[0.0,6.123233995736766e-17,1.0,-0.11134999999999999],[0.0,0.0,0.0,1.0]]",p_S_m = R_S_step * p_step_m + t_S_m,STEP_LOCAL:PV4_S2_C03_BOND,S,m,mm,True,True,True,False,True
service,PV4_S2_C04_CIC,"[[1.0,0.0,0.0,0.0],[0.0,1.0,-6.123233995736766e-17,0.46525],[0.0,6.123233995736766e-17,1.0,-0.11115499999999999],[0.0,0.0,0.0,1.0]]",p_S_m = R_S_step * p_step_m + t_S_m,STEP_LOCAL:PV4_S2_C04_CIC,S,m,mm,True,True,True,False,True
service,PV4_S2_C04_BOND,"[[1.0,0.0,0.0,0.0],[0.0,1.0,-6.123233995736766e-17,0.46525],[0.0,6.123233995736766e-17,1.0,-0.11134999999999999],[0.0,0.0,0.0,1.0]]",p_S_m = R_S_step * p_step_m + t_S_m,STEP_LOCAL:PV4_S2_C04_BOND,S,m,mm,True,True,True,False,True
service,PV4_S2_C05_CIC,"[[1.0,0.0,0.0,0.0414],[0.0,1.0,-6.123233995736766e-17,0.46525],[0.0,6.123233995736766e-17,1.0,-0.11115499999999999],[0.0,0.0,0.0,1.0]]",p_S_m = R_S_step * p_step_m + t_S_m,STEP_LOCAL:PV4_S2_C05_CIC,S,m,mm,True,True,True,False,True
service,PV4_S2_C05_BOND,"[[1.0,0.0,0.0,0.0414],[0.0,1.0,-6.123233995736766e-17,0.46525],[0.0,6.123233995736766e-17,1.0,-0.11134999999999999],[0.0,0.0,0.0,1.0]]",p_S_m = R_S_step * p_step_m + t_S_m,STEP_LOCAL:PV4_S2_C05_BOND,S,m,mm,True,True,True,False,True
service,PV4_S2_C06_CIC,"[[1.0,0.0,0.0,0.0828],[0.0,1.0,-6.123233995736766e-17,0.46525],[0.0,6.123233995736766e-17,1.0,-0.11115499999999999],[0.0,0.0,0.0,1.0]]",p_S_m = R_S_step * p_step_m + t_S_m,STEP_LOCAL:PV4_S2_C06_CIC,S,m,mm,True,True,True,False,True
service,PV4_S2_C06_BOND,"[[1.0,0.0,0.0,0.0828],[0.0,1.0,-6.123233995736766e-17,0.46525],[0.0,6.123233995736766e-17,1.0,-0.11134999999999999],[0.0,0.0,0.0,1.0]]",p_S_m = R_S_step * p_step_m + t_S_m,STEP_LOCAL:PV4_S2_C06_BOND,S,m,mm,True,True,True,False,True
service,PV4_S2_C07_CIC,"[[1.0,0.0,0.0,0.12419999999999999],[0.0,1.0,-6.123233995736766e-17,0.46525],[0.0,6.123233995736766e-17,1.0,-0.11115499999999999],[0.0,0.0,0.0,1.0]]",p_S_m = R_S_step * p_step_m + t_S_m,STEP_LOCAL:PV4_S2_C07_CIC,S,m,mm,True,True,True,False,True
service,PV4_S2_C07_BOND,"[[1.0,0.0,0.0,0.12419999999999999],[0.0,1.0,-6.123233995736766e-17,0.46525],[0.0,6.123233995736766e-17,1.0,-0.11134999999999999],[0.0,0.0,0.0,1.0]]",p_S_m = R_S_step * p_step_m + t_S_m,STEP_LOCAL:PV4_S2_C07_BOND,S,m,mm,True,True,True,False,True
service,PV5_S1_C01_CIC,"[[1.0,0.0,0.0,-0.12419999999999999],[0.0,1.0,-6.123233995736766e-17,0.57705],[0.0,6.123233995736766e-17,1.0,-0.10665499999999999],[0.0,0.0,0.0,1.0]]",p_S_m = R_S_step * p_step_m + t_S_m,STEP_LOCAL:PV5_S1_C01_CIC,S,m,mm,True,True,True,False,True
service,PV5_S1_C01_BOND,"[[1.0,0.0,0.0,-0.12419999999999999],[0.0,1.0,-6.123233995736766e-17,0.57705],[0.0,6.123233995736766e-17,1.0,-0.10684999999999999],[0.0,0.0,0.0,1.0]]",p_S_m = R_S_step * p_step_m + t_S_m,STEP_LOCAL:PV5_S1_C01_BOND,S,m,mm,True,True,True,False,True
service,PV5_S1_C02_CIC,"[[1.0,0.0,0.0,-0.0828],[0.0,1.0,-6.123233995736766e-17,0.57705],[0.0,6.123233995736766e-17,1.0,-0.10665499999999999],[0.0,0.0,0.0,1.0]]",p_S_m = R_S_step * p_step_m + t_S_m,STEP_LOCAL:PV5_S1_C02_CIC,S,m,mm,True,True,True,False,True
service,PV5_S1_C02_BOND,"[[1.0,0.0,0.0,-0.0828],[0.0,1.0,-6.123233995736766e-17,0.57705],[0.0,6.123233995736766e-17,1.0,-0.10684999999999999],[0.0,0.0,0.0,1.0]]",p_S_m = R_S_step * p_step_m + t_S_m,STEP_LOCAL:PV5_S1_C02_BOND,S,m,mm,True,True,True,False,True
service,PV5_S1_C03_CIC,"[[1.0,0.0,0.0,-0.0414],[0.0,1.0,-6.123233995736766e-17,0.57705],[0.0,6.123233995736766e-17,1.0,-0.10665499999999999],[0.0,0.0,0.0,1.0]]",p_S_m = R_S_step * p_step_m + t_S_m,STEP_LOCAL:PV5_S1_C03_CIC,S,m,mm,True,True,True,False,True
service,PV5_S1_C03_BOND,"[[1.0,0.0,0.0,-0.0414],[0.0,1.0,-6.123233995736766e-17,0.57705],[0.0,6.123233995736766e-17,1.0,-0.10684999999999999],[0.0,0.0,0.0,1.0]]",p_S_m = R_S_step * p_step_m + t_S_m,STEP_LOCAL:PV5_S1_C03_BOND,S,m,mm,True,True,True,False,True
service,PV5_S1_C04_CIC,"[[1.0,0.0,0.0,0.0],[0.0,1.0,-6.123233995736766e-17,0.57705],[0.0,6.123233995736766e-17,1.0,-0.10665499999999999],[0.0,0.0,0.0,1.0]]",p_S_m = R_S_step * p_step_m + t_S_m,STEP_LOCAL:PV5_S1_C04_CIC,S,m,mm,True,True,True,False,True
service,PV5_S1_C04_BOND,"[[1.0,0.0,0.0,0.0],[0.0,1.0,-6.123233995736766e-17,0.57705],[0.0,6.123233995736766e-17,1.0,-0.10684999999999999],[0.0,0.0,0.0,1.0]]",p_S_m = R_S_step * p_step_m + t_S_m,STEP_LOCAL:PV5_S1_C04_BOND,S,m,mm,True,True,True,False,True
service,PV5_S1_C05_CIC,"[[1.0,0.0,0.0,0.0414],[0.0,1.0,-6.123233995736766e-17,0.57705],[0.0,6.123233995736766e-17,1.0,-0.10665499999999999],[0.0,0.0,0.0,1.0]]",p_S_m = R_S_step * p_step_m + t_S_m,STEP_LOCAL:PV5_S1_C05_CIC,S,m,mm,True,True,True,False,True
service,PV5_S1_C05_BOND,"[[1.0,0.0,0.0,0.0414],[0.0,1.0,-6.123233995736766e-17,0.57705],[0.0,6.123233995736766e-17,1.0,-0.10684999999999999],[0.0,0.0,0.0,1.0]]",p_S_m = R_S_step * p_step_m + t_S_m,STEP_LOCAL:PV5_S1_C05_BOND,S,m,mm,True,True,True,False,True
service,PV5_S1_C06_CIC,"[[1.0,0.0,0.0,0.0828],[0.0,1.0,-6.123233995736766e-17,0.57705],[0.0,6.123233995736766e-17,1.0,-0.10665499999999999],[0.0,0.0,0.0,1.0]]",p_S_m = R_S_step * p_step_m + t_S_m,STEP_LOCAL:PV5_S1_C06_CIC,S,m,mm,True,True,True,False,True
service,PV5_S1_C06_BOND,"[[1.0,0.0,0.0,0.0828],[0.0,1.0,-6.123233995736766e-17,0.57705],[0.0,6.123233995736766e-17,1.0,-0.10684999999999999],[0.0,0.0,0.0,1.0]]",p_S_m = R_S_step * p_step_m + t_S_m,STEP_LOCAL:PV5_S1_C06_BOND,S,m,mm,True,True,True,False,True
service,PV5_S1_C07_CIC,"[[1.0,0.0,0.0,0.12419999999999999],[0.0,1.0,-6.123233995736766e-17,0.57705],[0.0,6.123233995736766e-17,1.0,-0.10665499999999999],[0.0,0.0,0.0,1.0]]",p_S_m = R_S_step * p_step_m + t_S_m,STEP_LOCAL:PV5_S1_C07_CIC,S,m,mm,True,True,True,False,True
service,PV5_S1_C07_BOND,"[[1.0,0.0,0.0,0.12419999999999999],[0.0,1.0,-6.123233995736766e-17,0.57705],[0.0,6.123233995736766e-17,1.0,-0.10684999999999999],[0.0,0.0,0.0,1.0]]",p_S_m = R_S_step * p_step_m + t_S_m,STEP_LOCAL:PV5_S1_C07_BOND,S,m,mm,True,True,True,False,True
service,PV5_S2_C01_CIC,"[[1.0,0.0,0.0,-0.12419999999999999],[0.0,1.0,-6.123233995736766e-17,0.66525],[0.0,6.123233995736766e-17,1.0,-0.10665499999999997],[0.0,0.0,0.0,1.0]]",p_S_m = R_S_step * p_step_m + t_S_m,STEP_LOCAL:PV5_S2_C01_CIC,S,m,mm,True,True,True,False,True
service,PV5_S2_C01_BOND,"[[1.0,0.0,0.0,-0.12419999999999999],[0.0,1.0,-6.123233995736766e-17,0.66525],[0.0,6.123233995736766e-17,1.0,-0.10684999999999999],[0.0,0.0,0.0,1.0]]",p_S_m = R_S_step * p_step_m + t_S_m,STEP_LOCAL:PV5_S2_C01_BOND,S,m,mm,True,True,True,False,True
service,PV5_S2_C02_CIC,"[[1.0,0.0,0.0,-0.0828],[0.0,1.0,-6.123233995736766e-17,0.66525],[0.0,6.123233995736766e-17,1.0,-0.10665499999999997],[0.0,0.0,0.0,1.0]]",p_S_m = R_S_step * p_step_m + t_S_m,STEP_LOCAL:PV5_S2_C02_CIC,S,m,mm,True,True,True,False,True
service,PV5_S2_C02_BOND,"[[1.0,0.0,0.0,-0.0828],[0.0,1.0,-6.123233995736766e-17,0.66525],[0.0,6.123233995736766e-17,1.0,-0.10684999999999999],[0.0,0.0,0.0,1.0]]",p_S_m = R_S_step * p_step_m + t_S_m,STEP_LOCAL:PV5_S2_C02_BOND,S,m,mm,True,True,True,False,True
service,PV5_S2_C03_CIC,"[[1.0,0.0,0.0,-0.0414],[0.0,1.0,-6.123233995736766e-17,0.66525],[0.0,6.123233995736766e-17,1.0,-0.10665499999999997],[0.0,0.0,0.0,1.0]]",p_S_m = R_S_step * p_step_m + t_S_m,STEP_LOCAL:PV5_S2_C03_CIC,S,m,mm,True,True,True,False,True
service,PV5_S2_C03_BOND,"[[1.0,0.0,0.0,-0.0414],[0.0,1.0,-6.123233995736766e-17,0.66525],[0.0,6.123233995736766e-17,1.0,-0.10684999999999999],[0.0,0.0,0.0,1.0]]",p_S_m = R_S_step * p_step_m + t_S_m,STEP_LOCAL:PV5_S2_C03_BOND,S,m,mm,True,True,True,False,True
service,PV5_S2_C04_CIC,"[[1.0,0.0,0.0,0.0],[0.0,1.0,-6.123233995736766e-17,0.66525],[0.0,6.123233995736766e-17,1.0,-0.10665499999999997],[0.0,0.0,0.0,1.0]]",p_S_m = R_S_step * p_step_m + t_S_m,STEP_LOCAL:PV5_S2_C04_CIC,S,m,mm,True,True,True,False,True
service,PV5_S2_C04_BOND,"[[1.0,0.0,0.0,0.0],[0.0,1.0,-6.123233995736766e-17,0.66525],[0.0,6.123233995736766e-17,1.0,-0.10684999999999999],[0.0,0.0,0.0,1.0]]",p_S_m = R_S_step * p_step_m + t_S_m,STEP_LOCAL:PV5_S2_C04_BOND,S,m,mm,True,True,True,False,True
service,PV5_S2_C05_CIC,"[[1.0,0.0,0.0,0.0414],[0.0,1.0,-6.123233995736766e-17,0.66525],[0.0,6.123233995736766e-17,1.0,-0.10665499999999997],[0.0,0.0,0.0,1.0]]",p_S_m = R_S_step * p_step_m + t_S_m,STEP_LOCAL:PV5_S2_C05_CIC,S,m,mm,True,True,True,False,True
service,PV5_S2_C05_BOND,"[[1.0,0.0,0.0,0.0414],[0.0,1.0,-6.123233995736766e-17,0.66525],[0.0,6.123233995736766e-17,1.0,-0.10684999999999999],[0.0,0.0,0.0,1.0]]",p_S_m = R_S_step * p_step_m + t_S_m,STEP_LOCAL:PV5_S2_C05_BOND,S,m,mm,True,True,True,False,True
service,PV5_S2_C06_CIC,"[[1.0,0.0,0.0,0.0828],[0.0,1.0,-6.123233995736766e-17,0.66525],[0.0,6.123233995736766e-17,1.0,-0.10665499999999997],[0.0,0.0,0.0,1.0]]",p_S_m = R_S_step * p_step_m + t_S_m,STEP_LOCAL:PV5_S2_C06_CIC,S,m,mm,True,True,True,False,True
service,PV5_S2_C06_BOND,"[[1.0,0.0,0.0,0.0828],[0.0,1.0,-6.123233995736766e-17,0.66525],[0.0,6.123233995736766e-17,1.0,-0.10684999999999999],[0.0,0.0,0.0,1.0]]",p_S_m = R_S_step * p_step_m + t_S_m,STEP_LOCAL:PV5_S2_C06_BOND,S,m,mm,True,True,True,False,True
service,PV5_S2_C07_CIC,"[[1.0,0.0,0.0,0.12419999999999999],[0.0,1.0,-6.123233995736766e-17,0.66525],[0.0,6.123233995736766e-17,1.0,-0.10665499999999997],[0.0,0.0,0.0,1.0]]",p_S_m = R_S_step * p_step_m + t_S_m,STEP_LOCAL:PV5_S2_C07_CIC,S,m,mm,True,True,True,False,True
service,PV5_S2_C07_BOND,"[[1.0,0.0,0.0,0.12419999999999999],[0.0,1.0,-6.123233995736766e-17,0.66525],[0.0,6.123233995736766e-17,1.0,-0.10684999999999999],[0.0,0.0,0.0,1.0]]",p_S_m = R_S_step * p_step_m + t_S_m,STEP_LOCAL:PV5_S2_C07_BOND,S,m,mm,True,True,True,False,True
service,U202_CHB_TIM,"[[1.0,0.0,0.0,-0.025],[0.0,1.0,0.0,0.0],[0.0,0.0,1.0,-0.096353],[0.0,0.0,0.0,1.0]]",p_S_m = R_S_step * p_step_m + t_S_m,STEP_LOCAL:U202_CHB_TIM,S,m,mm,True,False,False,False,True
service,U202_CHB,"[[1.0,0.0,0.0,-0.025],[0.0,0.0,-1.0,0.0],[0.0,1.0,0.0,-0.09455],[0.0,0.0,0.0,1.0]]",p_S_m = R_S_step * p_step_m + t_S_m,STEP_LOCAL:U202_CHB,S,m,mm,True,False,False,False,True
service,RB301_TIM,"[[0.0,1.0,0.0,-0.128],[0.0,0.0,1.0,-0.0835],[1.0,0.0,0.0,0.06507500000000001],[0.0,0.0,0.0,1.0]]",p_S_m = R_S_step * p_step_m + t_S_m,STEP_LOCAL:RB301_TIM,S,m,mm,True,False,False,False,True
service,RB301,"[[0.0,1.0,0.0,-0.128],[0.0,0.0,1.0,-0.083148],[1.0,0.0,0.0,0.06507500000000001],[0.0,0.0,0.0,1.0]]",p_S_m = R_S_step * p_step_m + t_S_m,STEP_LOCAL:RB301,S,m,mm,True,False,False,False,True
service,RB302_TIM,"[[0.0,1.0,0.0,-0.05],[0.0,0.0,1.0,-0.0835],[1.0,0.0,0.0,0.06507500000000001],[0.0,0.0,0.0,1.0]]",p_S_m = R_S_step * p_step_m + t_S_m,STEP_LOCAL:RB302_TIM,S,m,mm,True,False,False,False,True
service,RB302,"[[0.0,1.0,0.0,-0.05],[0.0,0.0,1.0,-0.083148],[1.0,0.0,0.0,0.06507500000000001],[0.0,0.0,0.0,1.0]]",p_S_m = R_S_step * p_step_m + t_S_m,STEP_LOCAL:RB302,S,m,mm,True,False,False,False,True
service,RB303_TIM,"[[0.0,1.0,0.0,0.10400000000000001],[0.0,0.0,1.0,-0.0835],[1.0,0.0,0.0,0.06507500000000001],[0.0,0.0,0.0,1.0]]",p_S_m = R_S_step * p_step_m + t_S_m,STEP_LOCAL:RB303_TIM,S,m,mm,True,False,False,False,True
service,RB303,"[[0.0,1.0,0.0,0.10400000000000001],[0.0,0.0,1.0,-0.083148],[1.0,0.0,0.0,0.06507500000000001],[0.0,0.0,0.0,1.0]]",p_S_m = R_S_step * p_step_m + t_S_m,STEP_LOCAL:RB303,S,m,mm,True,False,False,False,True
service,WP10_BOTTOM_0_SCREW,"[[1.0,0.0,0.0,-0.14],[0.0,1.0,0.0,-0.0935],[0.0,0.0,1.0,-0.11415],[0.0,0.0,0.0,1.0]]",p_S_m = R_S_step * p_step_m + t_S_m,STEP_LOCAL:WP10_BOTTOM_0_SCREW,S,m,mm,True,False,False,False,True
service,WP10_BOTTOM_0_WASHER,"[[1.0,0.0,0.0,-0.14],[0.0,1.0,0.0,-0.0935],[0.0,0.0,1.0,-0.09815],[0.0,0.0,0.0,1.0]]",p_S_m = R_S_step * p_step_m + t_S_m,STEP_LOCAL:WP10_BOTTOM_0_WASHER,S,m,mm,True,False,False,False,True
service,WP10_BOTTOM_0_NUT,"[[1.0,0.0,0.0,-0.14],[0.0,1.0,0.0,-0.0935],[0.0,0.0,1.0,-0.09765000000000001],[0.0,0.0,0.0,1.0]]",p_S_m = R_S_step * p_step_m + t_S_m,STEP_LOCAL:WP10_BOTTOM_0_NUT,S,m,mm,True,False,False,False,True
service,WP10_BOTTOM_1_SCREW,"[[1.0,0.0,0.0,-0.14],[0.0,1.0,0.0,0.0935],[0.0,0.0,1.0,-0.11415],[0.0,0.0,0.0,1.0]]",p_S_m = R_S_step * p_step_m + t_S_m,STEP_LOCAL:WP10_BOTTOM_1_SCREW,S,m,mm,True,False,False,False,True
service,WP10_BOTTOM_1_WASHER,"[[1.0,0.0,0.0,-0.14],[0.0,1.0,0.0,0.0935],[0.0,0.0,1.0,-0.09815],[0.0,0.0,0.0,1.0]]",p_S_m = R_S_step * p_step_m + t_S_m,STEP_LOCAL:WP10_BOTTOM_1_WASHER,S,m,mm,True,False,False,False,True
service,WP10_BOTTOM_1_NUT,"[[1.0,0.0,0.0,-0.14],[0.0,1.0,0.0,0.0935],[0.0,0.0,1.0,-0.09765000000000001],[0.0,0.0,0.0,1.0]]",p_S_m = R_S_step * p_step_m + t_S_m,STEP_LOCAL:WP10_BOTTOM_1_NUT,S,m,mm,True,False,False,False,True
service,WP10_BOTTOM_2_SCREW,"[[1.0,0.0,0.0,-0.06],[0.0,1.0,0.0,-0.033],[0.0,0.0,1.0,-0.11415],[0.0,0.0,0.0,1.0]]",p_S_m = R_S_step * p_step_m + t_S_m,STEP_LOCAL:WP10_BOTTOM_2_SCREW,S,m,mm,True,False,False,False,True
service,WP10_BOTTOM_2_WASHER,"[[1.0,0.0,0.0,-0.06],[0.0,1.0,0.0,-0.033],[0.0,0.0,1.0,-0.09815],[0.0,0.0,0.0,1.0]]",p_S_m = R_S_step * p_step_m + t_S_m,STEP_LOCAL:WP10_BOTTOM_2_WASHER,S,m,mm,True,False,False,False,True
service,WP10_BOTTOM_2_NUT,"[[1.0,0.0,0.0,-0.06],[0.0,1.0,0.0,-0.033],[0.0,0.0,1.0,-0.09765000000000001],[0.0,0.0,0.0,1.0]]",p_S_m = R_S_step * p_step_m + t_S_m,STEP_LOCAL:WP10_BOTTOM_2_NUT,S,m,mm,True,False,False,False,True
service,WP10_BOTTOM_3_SCREW,"[[1.0,0.0,0.0,-0.06],[0.0,1.0,0.0,0.033],[0.0,0.0,1.0,-0.11415],[0.0,0.0,0.0,1.0]]",p_S_m = R_S_step * p_step_m + t_S_m,STEP_LOCAL:WP10_BOTTOM_3_SCREW,S,m,mm,True,False,False,False,True
service,WP10_BOTTOM_3_WASHER,"[[1.0,0.0,0.0,-0.06],[0.0,1.0,0.0,0.033],[0.0,0.0,1.0,-0.09815],[0.0,0.0,0.0,1.0]]",p_S_m = R_S_step * p_step_m + t_S_m,STEP_LOCAL:WP10_BOTTOM_3_WASHER,S,m,mm,True,False,False,False,True
service,WP10_BOTTOM_3_NUT,"[[1.0,0.0,0.0,-0.06],[0.0,1.0,0.0,0.033],[0.0,0.0,1.0,-0.09765000000000001],[0.0,0.0,0.0,1.0]]",p_S_m = R_S_step * p_step_m + t_S_m,STEP_LOCAL:WP10_BOTTOM_3_NUT,S,m,mm,True,False,False,False,True
service,WP10_BOTTOM_4_SCREW,"[[1.0,0.0,0.0,0.12],[0.0,1.0,0.0,-0.0935],[0.0,0.0,1.0,-0.11415],[0.0,0.0,0.0,1.0]]",p_S_m = R_S_step * p_step_m + t_S_m,STEP_LOCAL:WP10_BOTTOM_4_SCREW,S,m,mm,True,False,False,False,True
service,WP10_BOTTOM_4_WASHER,"[[1.0,0.0,0.0,0.12],[0.0,1.0,0.0,-0.0935],[0.0,0.0,1.0,-0.09815],[0.0,0.0,0.0,1.0]]",p_S_m = R_S_step * p_step_m + t_S_m,STEP_LOCAL:WP10_BOTTOM_4_WASHER,S,m,mm,True,False,False,False,True
service,WP10_BOTTOM_4_NUT,"[[1.0,0.0,0.0,0.12],[0.0,1.0,0.0,-0.0935],[0.0,0.0,1.0,-0.09765000000000001],[0.0,0.0,0.0,1.0]]",p_S_m = R_S_step * p_step_m + t_S_m,STEP_LOCAL:WP10_BOTTOM_4_NUT,S,m,mm,True,False,False,False,True
service,WP10_BOTTOM_5_SCREW,"[[1.0,0.0,0.0,0.12],[0.0,1.0,0.0,0.0935],[0.0,0.0,1.0,-0.11415],[0.0,0.0,0.0,1.0]]",p_S_m = R_S_step * p_step_m + t_S_m,STEP_LOCAL:WP10_BOTTOM_5_SCREW,S,m,mm,True,False,False,False,True
service,WP10_BOTTOM_5_WASHER,"[[1.0,0.0,0.0,0.12],[0.0,1.0,0.0,0.0935],[0.0,0.0,1.0,-0.09815],[0.0,0.0,0.0,1.0]]",p_S_m = R_S_step * p_step_m + t_S_m,STEP_LOCAL:WP10_BOTTOM_5_WASHER,S,m,mm,True,False,False,False,True
service,WP10_BOTTOM_5_NUT,"[[1.0,0.0,0.0,0.12],[0.0,1.0,0.0,0.0935],[0.0,0.0,1.0,-0.09765000000000001],[0.0,0.0,0.0,1.0]]",p_S_m = R_S_step * p_step_m + t_S_m,STEP_LOCAL:WP10_BOTTOM_5_NUT,S,m,mm,True,False,False,False,True
service,WP10_CHB_0_SCREW,"[[1.0,0.0,0.0,-0.04912999999999999],[0.0,1.0,0.0,-0.0254],[0.0,0.0,1.0,-0.11415],[0.0,0.0,0.0,1.0]]",p_S_m = R_S_step * p_step_m + t_S_m,STEP_LOCAL:WP10_CHB_0_SCREW,S,m,mm,True,False,False,False,True
service,WP10_CHB_1_SCREW,"[[1.0,0.0,0.0,-0.04912999999999999],[0.0,1.0,0.0,0.0254],[0.0,0.0,1.0,-0.11415],[0.0,0.0,0.0,1.0]]",p_S_m = R_S_step * p_step_m + t_S_m,STEP_LOCAL:WP10_CHB_1_SCREW,S,m,mm,True,False,False,False,True
service,WP10_CHB_2_SCREW,"[[1.0,0.0,0.0,-0.000870000000000001],[0.0,1.0,0.0,-0.0254],[0.0,0.0,1.0,-0.11415],[0.0,0.0,0.0,1.0]]",p_S_m = R_S_step * p_step_m + t_S_m,STEP_LOCAL:WP10_CHB_2_SCREW,S,m,mm,True,False,False,False,True
service,WP10_CHB_3_SCREW,"[[1.0,0.0,0.0,-0.000870000000000001],[0.0,1.0,0.0,0.0254],[0.0,0.0,1.0,-0.11415],[0.0,0.0,0.0,1.0]]",p_S_m = R_S_step * p_step_m + t_S_m,STEP_LOCAL:WP10_CHB_3_SCREW,S,m,mm,True,False,False,False,True
service,WP10_COLD_-1_TIM,"[[1.0,0.0,0.0,-0.025],[0.0,0.0,1.0,-0.0965],[0.0,-1.0,0.0,-0.07],[0.0,0.0,0.0,1.0]]",p_S_m = R_S_step * p_step_m + t_S_m,STEP_LOCAL:WP10_COLD_-1_TIM,S,m,mm,True,False,False,False,True
service,WP10_COLD_-1_0_SCREW,"[[1.0,0.0,0.0,-0.043000000000000003],[0.0,0.0,1.0,-0.11315000000000001],[0.0,-1.0,0.0,-0.07],[0.0,0.0,0.0,1.0]]",p_S_m = R_S_step * p_step_m + t_S_m,STEP_LOCAL:WP10_COLD_-1_0_SCREW,S,m,mm,True,False,False,False,True
service,WP10_COLD_-1_1_SCREW,"[[1.0,0.0,0.0,-0.007],[0.0,0.0,1.0,-0.11315000000000001],[0.0,-1.0,0.0,-0.07],[0.0,0.0,0.0,1.0]]",p_S_m = R_S_step * p_step_m + t_S_m,STEP_LOCAL:WP10_COLD_-1_1_SCREW,S,m,mm,True,False,False,False,True
service,WP10_COLD_1_TIM,"[[1.0,0.0,0.0,-0.025],[0.0,0.0,-1.0,0.0965],[0.0,1.0,0.0,-0.07],[0.0,0.0,0.0,1.0]]",p_S_m = R_S_step * p_step_m + t_S_m,STEP_LOCAL:WP10_COLD_1_TIM,S,m,mm,True,False,False,False,True
service,WP10_COLD_1_0_SCREW,"[[1.0,0.0,0.0,-0.043000000000000003],[0.0,0.0,-1.0,0.11315000000000001],[0.0,1.0,0.0,-0.07],[0.0,0.0,0.0,1.0]]",p_S_m = R_S_step * p_step_m + t_S_m,STEP_LOCAL:WP10_COLD_1_0_SCREW,S,m,mm,True,False,False,False,True
service,WP10_COLD_1_1_SCREW,"[[1.0,0.0,0.0,-0.007],[0.0,0.0,-1.0,0.11315000000000001],[0.0,1.0,0.0,-0.07],[0.0,0.0,0.0,1.0]]",p_S_m = R_S_step * p_step_m + t_S_m,STEP_LOCAL:WP10_COLD_1_1_SCREW,S,m,mm,True,False,False,False,True
service,WP10_INTERNAL_BATTERY_BYPASS,"[[1.0,0.0,0.0,0.0],[0.0,1.0,0.0,0.0],[0.0,0.0,1.0,0.0],[0.0,0.0,0.0,1.0]]",p_S_m = R_S_step * p_step_m + t_S_m,STEP_LOCAL:WP10_INTERNAL_BATTERY_BYPASS,S,m,mm,True,False,False,False,True
service,WP10_RRC3570_4_D_MAX_ENVELOPE,"[[1.0,0.0,0.0,0.04075],[0.0,1.0,0.0,-0.014100000000000001],[0.0,0.0,1.0,0.04975],[0.0,0.0,0.0,1.0]]",p_S_m = R_S_step * p_step_m + t_S_m,STEP_LOCAL:WP10_RRC3570_4_D_MAX_ENVELOPE,S,m,mm,True,False,False,False,True
service,TRUNK_0_LINER_LOW,"[[1.0,-0.0,0.0,-0.095],[0.0,1.0,0.0,0.0015],[0.0,0.0,1.0,0.045],[0.0,0.0,0.0,1.0]]",p_S_m = R_S_step * p_step_m + t_S_m,STEP_LOCAL:TRUNK_0_LINER_LOW,S,m,mm,True,False,False,False,True
service,TRUNK_0_LINER_HIGH,"[[1.0,-0.0,0.0,-0.095],[0.0,1.0,0.0,0.0015],[0.0,0.0,1.0,0.045],[0.0,0.0,0.0,1.0]]",p_S_m = R_S_step * p_step_m + t_S_m,STEP_LOCAL:TRUNK_0_LINER_HIGH,S,m,mm,True,False,False,False,True
service,TRUNK_0_SCREW_0,"[[1.0,0.0,0.0,-0.095],[0.0,1.0,0.0,-0.006500000000000001],[0.0,0.0,1.0,0.049],[0.0,0.0,0.0,1.0]]",p_S_m = R_S_step * p_step_m + t_S_m,STEP_LOCAL:TRUNK_0_SCREW_0,S,m,mm,True,False,False,False,True
service,TRUNK_0_WASHER_0,"[[1.0,0.0,0.0,-0.195],[0.0,1.0,0.0,-0.0525],[0.0,0.0,1.0,0.051500000000000004],[0.0,0.0,0.0,1.0]]",p_S_m = R_S_step * p_step_m + t_S_m,STEP_LOCAL:TRUNK_0_WASHER_0,S,m,mm,True,False,False,False,True
service,TRUNK_0_NUT_0,"[[1.0,0.0,0.0,-0.195],[0.0,1.0,0.0,-0.0525],[0.0,0.0,1.0,0.051500000000000004],[0.0,0.0,0.0,1.0]]",p_S_m = R_S_step * p_step_m + t_S_m,STEP_LOCAL:TRUNK_0_NUT_0,S,m,mm,True,False,False,False,True
service,TRUNK_0_SCREW_1,"[[1.0,0.0,0.0,-0.095],[0.0,1.0,0.0,0.0095],[0.0,0.0,1.0,0.049],[0.0,0.0,0.0,1.0]]",p_S_m = R_S_step * p_step_m + t_S_m,STEP_LOCAL:TRUNK_0_SCREW_1,S,m,mm,True,False,False,False,True
service,TRUNK_0_WASHER_1,"[[1.0,0.0,0.0,-0.195],[0.0,1.0,0.0,-0.0365],[0.0,0.0,1.0,0.051500000000000004],[0.0,0.0,0.0,1.0]]",p_S_m = R_S_step * p_step_m + t_S_m,STEP_LOCAL:TRUNK_0_WASHER_1,S,m,mm,True,False,False,False,True
service,TRUNK_0_NUT_1,"[[1.0,0.0,0.0,-0.195],[0.0,1.0,0.0,-0.0365],[0.0,0.0,1.0,0.051500000000000004],[0.0,0.0,0.0,1.0]]",p_S_m = R_S_step * p_step_m + t_S_m,STEP_LOCAL:TRUNK_0_NUT_1,S,m,mm,True,False,False,False,True
service,TRUNK_1_LINER_LOW,"[[1.0,-0.0,0.0,-0.03],[0.0,1.0,0.0,0.0015],[0.0,0.0,1.0,-0.002],[0.0,0.0,0.0,1.0]]",p_S_m = R_S_step * p_step_m + t_S_m,STEP_LOCAL:TRUNK_1_LINER_LOW,S,m,mm,True,False,False,False,True
service,TRUNK_1_LINER_HIGH,"[[1.0,-0.0,0.0,-0.03],[0.0,1.0,0.0,0.0015],[0.0,0.0,1.0,-0.002],[0.0,0.0,0.0,1.0]]",p_S_m = R_S_step * p_step_m + t_S_m,STEP_LOCAL:TRUNK_1_LINER_HIGH,S,m,mm,True,False,False,False,True
service,TRUNK_1_SCREW_0,"[[1.0,0.0,0.0,-0.03],[0.0,1.0,0.0,-0.006500000000000001],[0.0,0.0,1.0,0.002],[0.0,0.0,0.0,1.0]]",p_S_m = R_S_step * p_step_m + t_S_m,STEP_LOCAL:TRUNK_1_SCREW_0,S,m,mm,True,False,False,False,True
service,TRUNK_1_WASHER_0,"[[1.0,0.0,0.0,-0.13],[0.0,1.0,0.0,-0.0525],[0.0,0.0,1.0,0.0],[0.0,0.0,0.0,1.0]]",p_S_m = R_S_step * p_step_m + t_S_m,STEP_LOCAL:TRUNK_1_WASHER_0,S,m,mm,True,False,False,False,True
service,TRUNK_1_NUT_0,"[[1.0,0.0,0.0,-0.13],[0.0,1.0,0.0,-0.0525],[0.0,0.0,1.0,0.0],[0.0,0.0,0.0,1.0]]",p_S_m = R_S_step * p_step_m + t_S_m,STEP_LOCAL:TRUNK_1_NUT_0,S,m,mm,True,False,False,False,True
service,TRUNK_1_SCREW_1,"[[1.0,0.0,0.0,-0.03],[0.0,1.0,0.0,0.0095],[0.0,0.0,1.0,0.002],[0.0,0.0,0.0,1.0]]",p_S_m = R_S_step * p_step_m + t_S_m,STEP_LOCAL:TRUNK_1_SCREW_1,S,m,mm,True,False,False,False,True
service,TRUNK_1_WASHER_1,"[[1.0,0.0,0.0,-0.13],[0.0,1.0,0.0,-0.0365],[0.0,0.0,1.0,0.0],[0.0,0.0,0.0,1.0]]",p_S_m = R_S_step * p_step_m + t_S_m,STEP_LOCAL:TRUNK_1_WASHER_1,S,m,mm,True,False,False,False,True
service,TRUNK_1_NUT_1,"[[1.0,0.0,0.0,-0.13],[0.0,1.0,0.0,-0.0365],[0.0,0.0,1.0,0.0],[0.0,0.0,0.0,1.0]]",p_S_m = R_S_step * p_step_m + t_S_m,STEP_LOCAL:TRUNK_1_NUT_1,S,m,mm,True,False,False,False,True
service,TRUNK_2_LINER_LOW,"[[1.0,-0.0,0.0,0.025],[0.0,1.0,0.0,0.0015],[0.0,0.0,1.0,-0.002],[0.0,0.0,0.0,1.0]]",p_S_m = R_S_step * p_step_m + t_S_m,STEP_LOCAL:TRUNK_2_LINER_LOW,S,m,mm,True,False,False,False,True
service,TRUNK_2_LINER_HIGH,"[[1.0,-0.0,0.0,0.025],[0.0,1.0,0.0,0.0015],[0.0,0.0,1.0,-0.002],[0.0,0.0,0.0,1.0]]",p_S_m = R_S_step * p_step_m + t_S_m,STEP_LOCAL:TRUNK_2_LINER_HIGH,S,m,mm,True,False,False,False,True
service,TRUNK_2_SCREW_0,"[[1.0,0.0,0.0,0.025],[0.0,1.0,0.0,-0.006500000000000001],[0.0,0.0,1.0,0.002],[0.0,0.0,0.0,1.0]]",p_S_m = R_S_step * p_step_m + t_S_m,STEP_LOCAL:TRUNK_2_SCREW_0,S,m,mm,True,False,False,False,True
service,TRUNK_2_WASHER_0,"[[1.0,0.0,0.0,-0.075],[0.0,1.0,0.0,-0.0525],[0.0,0.0,1.0,0.0],[0.0,0.0,0.0,1.0]]",p_S_m = R_S_step * p_step_m + t_S_m,STEP_LOCAL:TRUNK_2_WASHER_0,S,m,mm,True,False,False,False,True
service,TRUNK_2_NUT_0,"[[1.0,0.0,0.0,-0.075],[0.0,1.0,0.0,-0.0525],[0.0,0.0,1.0,0.0],[0.0,0.0,0.0,1.0]]",p_S_m = R_S_step * p_step_m + t_S_m,STEP_LOCAL:TRUNK_2_NUT_0,S,m,mm,True,False,False,False,True
service,TRUNK_2_SCREW_1,"[[1.0,0.0,0.0,0.025],[0.0,1.0,0.0,0.0095],[0.0,0.0,1.0,0.002],[0.0,0.0,0.0,1.0]]",p_S_m = R_S_step * p_step_m + t_S_m,STEP_LOCAL:TRUNK_2_SCREW_1,S,m,mm,True,False,False,False,True
service,TRUNK_2_WASHER_1,"[[1.0,0.0,0.0,-0.075],[0.0,1.0,0.0,-0.0365],[0.0,0.0,1.0,0.0],[0.0,0.0,0.0,1.0]]",p_S_m = R_S_step * p_step_m + t_S_m,STEP_LOCAL:TRUNK_2_WASHER_1,S,m,mm,True,False,False,False,True
service,TRUNK_2_NUT_1,"[[1.0,0.0,0.0,-0.075],[0.0,1.0,0.0,-0.0365],[0.0,0.0,1.0,0.0],[0.0,0.0,0.0,1.0]]",p_S_m = R_S_step * p_step_m + t_S_m,STEP_LOCAL:TRUNK_2_NUT_1,S,m,mm,True,False,False,False,True
service,TRUNK_3_LINER_LOW,"[[6.123233995736766e-17,1.0,0.0,0.065],[-1.0,6.123233995736766e-17,0.0,-0.04],[0.0,0.0,1.0,-0.002],[0.0,0.0,0.0,1.0]]",p_S_m = R_S_step * p_step_m + t_S_m,STEP_LOCAL:TRUNK_3_LINER_LOW,S,m,mm,True,False,False,False,True
service,TRUNK_3_LINER_HIGH,"[[6.123233995736766e-17,1.0,0.0,0.065],[-1.0,6.123233995736766e-17,0.0,-0.04],[0.0,0.0,1.0,-0.002],[0.0,0.0,0.0,1.0]]",p_S_m = R_S_step * p_step_m + t_S_m,STEP_LOCAL:TRUNK_3_LINER_HIGH,S,m,mm,True,False,False,False,True
service,TRUNK_3_SCREW_0,"[[1.0,0.0,0.0,0.057],[0.0,1.0,0.0,-0.04],[0.0,0.0,1.0,0.002],[0.0,0.0,0.0,1.0]]",p_S_m = R_S_step * p_step_m + t_S_m,STEP_LOCAL:TRUNK_3_SCREW_0,S,m,mm,True,False,False,False,True
service,TRUNK_3_WASHER_0,"[[1.0,0.0,0.0,-0.043000000000000003],[0.0,1.0,0.0,-0.08600000000000001],[0.0,0.0,1.0,0.0],[0.0,0.0,0.0,1.0]]",p_S_m = R_S_step * p_step_m + t_S_m,STEP_LOCAL:TRUNK_3_WASHER_0,S,m,mm,True,False,False,False,True
service,TRUNK_3_NUT_0,"[[1.0,0.0,0.0,-0.043000000000000003],[0.0,1.0,0.0,-0.08600000000000001],[0.0,0.0,1.0,0.0],[0.0,0.0,0.0,1.0]]",p_S_m = R_S_step * p_step_m + t_S_m,STEP_LOCAL:TRUNK_3_NUT_0,S,m,mm,True,False,False,False,True
service,TRUNK_3_SCREW_1,"[[1.0,0.0,0.0,0.073],[0.0,1.0,0.0,-0.04],[0.0,0.0,1.0,0.002],[0.0,0.0,0.0,1.0]]",p_S_m = R_S_step * p_step_m + t_S_m,STEP_LOCAL:TRUNK_3_SCREW_1,S,m,mm,True,False,False,False,True
service,TRUNK_3_WASHER_1,"[[1.0,0.0,0.0,-0.027],[0.0,1.0,0.0,-0.08600000000000001],[0.0,0.0,1.0,0.0],[0.0,0.0,0.0,1.0]]",p_S_m = R_S_step * p_step_m + t_S_m,STEP_LOCAL:TRUNK_3_WASHER_1,S,m,mm,True,False,False,False,True
service,TRUNK_3_NUT_1,"[[1.0,0.0,0.0,-0.027],[0.0,1.0,0.0,-0.08600000000000001],[0.0,0.0,1.0,0.0],[0.0,0.0,0.0,1.0]]",p_S_m = R_S_step * p_step_m + t_S_m,STEP_LOCAL:TRUNK_3_NUT_1,S,m,mm,True,False,False,False,True
service,TRUNK_HIGH_FOOT_SCREW_0,"[[1.0,0.0,0.0,-0.105],[0.0,1.0,0.0,-0.011],[0.0,0.0,1.0,-0.0055],[0.0,0.0,0.0,1.0]]",p_S_m = R_S_step * p_step_m + t_S_m,STEP_LOCAL:TRUNK_HIGH_FOOT_SCREW_0,S,m,mm,True,False,False,False,True
service,TRUNK_HIGH_FOOT_WASHER_0,"[[1.0,0.0,0.0,-0.20500000000000002],[0.0,1.0,0.0,-0.057],[0.0,0.0,1.0,0.0],[0.0,0.0,0.0,1.0]]",p_S_m = R_S_step * p_step_m + t_S_m,STEP_LOCAL:TRUNK_HIGH_FOOT_WASHER_0,S,m,mm,True,False,False,False,True
service,TRUNK_HIGH_FOOT_NUT_0,"[[1.0,0.0,0.0,-0.20500000000000002],[0.0,1.0,0.0,-0.057],[0.0,0.0,1.0,0.0],[0.0,0.0,0.0,1.0]]",p_S_m = R_S_step * p_step_m + t_S_m,STEP_LOCAL:TRUNK_HIGH_FOOT_NUT_0,S,m,mm,True,False,False,False,True
service,TRUNK_HIGH_FOOT_SCREW_1,"[[1.0,0.0,0.0,-0.085],[0.0,1.0,0.0,-0.011],[0.0,0.0,1.0,-0.0055],[0.0,0.0,0.0,1.0]]",p_S_m = R_S_step * p_step_m + t_S_m,STEP_LOCAL:TRUNK_HIGH_FOOT_SCREW_1,S,m,mm,True,False,False,False,True
service,TRUNK_HIGH_FOOT_WASHER_1,"[[1.0,0.0,0.0,-0.185],[0.0,1.0,0.0,-0.057],[0.0,0.0,1.0,0.0],[0.0,0.0,0.0,1.0]]",p_S_m = R_S_step * p_step_m + t_S_m,STEP_LOCAL:TRUNK_HIGH_FOOT_WASHER_1,S,m,mm,True,False,False,False,True
service,TRUNK_HIGH_FOOT_NUT_1,"[[1.0,0.0,0.0,-0.185],[0.0,1.0,0.0,-0.057],[0.0,0.0,1.0,0.0],[0.0,0.0,0.0,1.0]]",p_S_m = R_S_step * p_step_m + t_S_m,STEP_LOCAL:TRUNK_HIGH_FOOT_NUT_1,S,m,mm,True,False,False,False,True
service,ROOT_BUSH_LEFT,"[[1.0,0.0,0.0,0.065],[0.0,1.0,0.0,-0.08],[0.0,0.0,1.0,0.10715000000000001],[0.0,0.0,0.0,1.0]]",p_S_m = R_S_step * p_step_m + t_S_m,STEP_LOCAL:ROOT_BUSH_LEFT,S,m,mm,True,False,False,False,True
service,ROOT_BUSH_RIGHT,"[[1.0,0.0,0.0,0.065],[0.0,1.0,0.0,-0.08],[0.0,0.0,1.0,0.10715000000000001],[0.0,0.0,0.0,1.0]]",p_S_m = R_S_step * p_step_m + t_S_m,STEP_LOCAL:ROOT_BUSH_RIGHT,S,m,mm,True,False,False,False,True
service,ROOT_KEEPER,"[[1.0,0.0,0.0,0.065],[0.0,1.0,0.0,-0.08],[0.0,0.0,1.0,0.10715000000000001],[0.0,0.0,0.0,1.0]]",p_S_m = R_S_step * p_step_m + t_S_m,STEP_LOCAL:ROOT_KEEPER,S,m,mm,True,False,False,False,True
service,ROOT_SCREW_0,"[[1.0,0.0,0.0,0.053],[0.0,1.0,0.0,-0.08],[0.0,0.0,1.0,0.10315],[0.0,0.0,0.0,1.0]]",p_S_m = R_S_step * p_step_m + t_S_m,STEP_LOCAL:ROOT_SCREW_0,S,m,mm,True,False,False,False,True
service,ROOT_SCREW_1,"[[1.0,0.0,0.0,0.053],[0.0,1.0,0.0,-0.07],[0.0,0.0,1.0,0.10315],[0.0,0.0,0.0,1.0]]",p_S_m = R_S_step * p_step_m + t_S_m,STEP_LOCAL:ROOT_SCREW_1,S,m,mm,True,False,False,False,True
service,C203_BODY,"[[1.0,0.0,0.0,0.0],[0.0,1.0,0.0,0.0],[0.0,0.0,1.0,0.0],[0.0,0.0,0.0,1.0]]",p_S_m = R_S_step * p_step_m + t_S_m,STEP_LOCAL:C203_BODY,S,m,mm,True,False,False,False,True
service,C203_PCB,"[[1.0,0.0,0.0,0.0],[0.0,1.0,0.0,0.0],[0.0,0.0,1.0,0.0],[0.0,0.0,0.0,1.0]]",p_S_m = R_S_step * p_step_m + t_S_m,STEP_LOCAL:C203_PCB,S,m,mm,True,False,False,False,True
service,C203_CARRIER,"[[1.0,0.0,0.0,0.0],[0.0,1.0,0.0,0.0],[0.0,0.0,1.0,0.0],[0.0,0.0,0.0,1.0]]",p_S_m = R_S_step * p_step_m + t_S_m,STEP_LOCAL:C203_CARRIER,S,m,mm,True,False,False,False,True
service,C203_LOWER_A,"[[1.0,0.0,0.0,0.0],[0.0,1.0,0.0,0.0],[0.0,0.0,1.0,0.0],[0.0,0.0,0.0,1.0]]",p_S_m = R_S_step * p_step_m + t_S_m,STEP_LOCAL:C203_LOWER_A,S,m,mm,True,False,False,False,True
service,C203_LOWER_B,"[[1.0,0.0,0.0,0.0],[0.0,1.0,0.0,0.0],[0.0,0.0,1.0,0.0],[0.0,0.0,0.0,1.0]]",p_S_m = R_S_step * p_step_m + t_S_m,STEP_LOCAL:C203_LOWER_B,S,m,mm,True,False,False,False,True
service,C203_LINER_A_TOP,"[[1.0,0.0,0.0,0.0],[0.0,1.0,0.0,0.0],[0.0,0.0,1.0,0.0],[0.0,0.0,0.0,1.0]]",p_S_m = R_S_step * p_step_m + t_S_m,STEP_LOCAL:C203_LINER_A_TOP,S,m,mm,True,False,False,False,True
service,C203_LINER_A_BOTTOM,"[[1.0,0.0,0.0,0.0],[0.0,1.0,0.0,0.0],[0.0,0.0,1.0,0.0],[0.0,0.0,0.0,1.0]]",p_S_m = R_S_step * p_step_m + t_S_m,STEP_LOCAL:C203_LINER_A_BOTTOM,S,m,mm,True,False,False,False,True
service,C203_LINER_B_TOP,"[[1.0,0.0,0.0,0.0],[0.0,1.0,0.0,0.0],[0.0,0.0,1.0,0.0],[0.0,0.0,0.0,1.0]]",p_S_m = R_S_step * p_step_m + t_S_m,STEP_LOCAL:C203_LINER_B_TOP,S,m,mm,True,False,False,False,True
service,C203_LINER_B_BOTTOM,"[[1.0,0.0,0.0,0.0],[0.0,1.0,0.0,0.0],[0.0,0.0,1.0,0.0],[0.0,0.0,0.0,1.0]]",p_S_m = R_S_step * p_step_m + t_S_m,STEP_LOCAL:C203_LINER_B_BOTTOM,S,m,mm,True,False,False,False,True
service,C203_DECK_SCREW_0,"[[1.0,0.0,0.0,-0.048],[0.0,1.0,0.0,-0.0325],[0.0,0.0,1.0,-0.0155],[0.0,0.0,0.0,1.0]]",p_S_m = R_S_step * p_step_m + t_S_m,STEP_LOCAL:C203_DECK_SCREW_0,S,m,mm,True,False,False,False,True
service,C203_DECK_WASHER_0,"[[1.0,0.0,0.0,-0.048],[0.0,1.0,0.0,-0.0325],[0.0,0.0,1.0,-0.0085],[0.0,0.0,0.0,1.0]]",p_S_m = R_S_step * p_step_m + t_S_m,STEP_LOCAL:C203_DECK_WASHER_0,S,m,mm,True,False,False,False,True
service,C203_DECK_NUT_0,"[[1.0,0.0,0.0,-0.048],[0.0,1.0,0.0,-0.0325],[0.0,0.0,1.0,-0.008],[0.0,0.0,0.0,1.0]]",p_S_m = R_S_step * p_step_m + t_S_m,STEP_LOCAL:C203_DECK_NUT_0,S,m,mm,True,False,False,False,True
service,C203_DECK_SCREW_1,"[[1.0,0.0,0.0,-0.048],[0.0,1.0,0.0,0.0325],[0.0,0.0,1.0,-0.0155],[0.0,0.0,0.0,1.0]]",p_S_m = R_S_step * p_step_m + t_S_m,STEP_LOCAL:C203_DECK_SCREW_1,S,m,mm,True,False,False,False,True
service,C203_DECK_WASHER_1,"[[1.0,0.0,0.0,-0.048],[0.0,1.0,0.0,0.0325],[0.0,0.0,1.0,-0.0085],[0.0,0.0,0.0,1.0]]",p_S_m = R_S_step * p_step_m + t_S_m,STEP_LOCAL:C203_DECK_WASHER_1,S,m,mm,True,False,False,False,True
service,C203_DECK_NUT_1,"[[1.0,0.0,0.0,-0.048],[0.0,1.0,0.0,0.0325],[0.0,0.0,1.0,-0.008],[0.0,0.0,0.0,1.0]]",p_S_m = R_S_step * p_step_m + t_S_m,STEP_LOCAL:C203_DECK_NUT_1,S,m,mm,True,False,False,False,True
service,C203_DECK_SCREW_2,"[[1.0,0.0,0.0,-0.02],[0.0,1.0,0.0,-0.0325],[0.0,0.0,1.0,-0.0155],[0.0,0.0,0.0,1.0]]",p_S_m = R_S_step * p_step_m + t_S_m,STEP_LOCAL:C203_DECK_SCREW_2,S,m,mm,True,False,False,False,True
service,C203_DECK_WASHER_2,"[[1.0,0.0,0.0,-0.02],[0.0,1.0,0.0,-0.0325],[0.0,0.0,1.0,-0.0085],[0.0,0.0,0.0,1.0]]",p_S_m = R_S_step * p_step_m + t_S_m,STEP_LOCAL:C203_DECK_WASHER_2,S,m,mm,True,False,False,False,True
service,C203_DECK_NUT_2,"[[1.0,0.0,0.0,-0.02],[0.0,1.0,0.0,-0.0325],[0.0,0.0,1.0,-0.008],[0.0,0.0,0.0,1.0]]",p_S_m = R_S_step * p_step_m + t_S_m,STEP_LOCAL:C203_DECK_NUT_2,S,m,mm,True,False,False,False,True
service,C203_DECK_SCREW_3,"[[1.0,0.0,0.0,-0.02],[0.0,1.0,0.0,0.0325],[0.0,0.0,1.0,-0.0155],[0.0,0.0,0.0,1.0]]",p_S_m = R_S_step * p_step_m + t_S_m,STEP_LOCAL:C203_DECK_SCREW_3,S,m,mm,True,False,False,False,True
service,C203_DECK_WASHER_3,"[[1.0,0.0,0.0,-0.02],[0.0,1.0,0.0,0.0325],[0.0,0.0,1.0,-0.0085],[0.0,0.0,0.0,1.0]]",p_S_m = R_S_step * p_step_m + t_S_m,STEP_LOCAL:C203_DECK_WASHER_3,S,m,mm,True,False,False,False,True
service,C203_DECK_NUT_3,"[[1.0,0.0,0.0,-0.02],[0.0,1.0,0.0,0.0325],[0.0,0.0,1.0,-0.008],[0.0,0.0,0.0,1.0]]",p_S_m = R_S_step * p_step_m + t_S_m,STEP_LOCAL:C203_DECK_NUT_3,S,m,mm,True,False,False,False,True
service,C203_CLAMP_SCREW_0,"[[1.0,0.0,0.0,-0.048],[0.0,1.0,0.0,-0.0225],[0.0,0.0,1.0,-0.054],[0.0,0.0,0.0,1.0]]",p_S_m = R_S_step * p_step_m + t_S_m,STEP_LOCAL:C203_CLAMP_SCREW_0,S,m,mm,True,False,False,False,True
service,C203_CLAMP_SCREW_1,"[[1.0,0.0,0.0,-0.048],[0.0,1.0,0.0,0.0225],[0.0,0.0,1.0,-0.054],[0.0,0.0,0.0,1.0]]",p_S_m = R_S_step * p_step_m + t_S_m,STEP_LOCAL:C203_CLAMP_SCREW_1,S,m,mm,True,False,False,False,True
service,C203_CLAMP_SCREW_2,"[[1.0,0.0,0.0,-0.02],[0.0,1.0,0.0,-0.0225],[0.0,0.0,1.0,-0.054],[0.0,0.0,0.0,1.0]]",p_S_m = R_S_step * p_step_m + t_S_m,STEP_LOCAL:C203_CLAMP_SCREW_2,S,m,mm,True,False,False,False,True
service,C203_CLAMP_SCREW_3,"[[1.0,0.0,0.0,-0.02],[0.0,1.0,0.0,0.0225],[0.0,0.0,1.0,-0.054],[0.0,0.0,0.0,1.0]]",p_S_m = R_S_step * p_step_m + t_S_m,STEP_LOCAL:C203_CLAMP_SCREW_3,S,m,mm,True,False,False,False,True
service,C203_BOARD_SCREW_0,"[[0,0,-1,-0.005540000000000001],[1,0,0,-0.02],[0,-1,0,-0.069],[0,0,0,1]]",p_S_m = R_S_step * p_step_m + t_S_m,STEP_LOCAL:C203_BOARD_SCREW_0,S,m,mm,True,False,False,False,True
service,C203_BOARD_SCREW_1,"[[0,0,-1,-0.005540000000000001],[1,0,0,-0.02],[0,-1,0,-0.031],[0,0,0,1]]",p_S_m = R_S_step * p_step_m + t_S_m,STEP_LOCAL:C203_BOARD_SCREW_1,S,m,mm,True,False,False,False,True
service,C203_BOARD_SCREW_2,"[[0,0,-1,-0.005540000000000001],[1,0,0,0.02],[0,-1,0,-0.069],[0,0,0,1]]",p_S_m = R_S_step * p_step_m + t_S_m,STEP_LOCAL:C203_BOARD_SCREW_2,S,m,mm,True,False,False,False,True
service,C203_BOARD_SCREW_3,"[[0,0,-1,-0.005540000000000001],[1,0,0,0.02],[0,-1,0,-0.031],[0,0,0,1]]",p_S_m = R_S_step * p_step_m + t_S_m,STEP_LOCAL:C203_BOARD_SCREW_3,S,m,mm,True,False,False,False,True
service,CHB_INPUT_PCB,"[[1.0,0.0,0.0,0.0],[0.0,1.0,0.0,0.0],[0.0,0.0,1.0,0.0],[0.0,0.0,0.0,1.0]]",p_S_m = R_S_step * p_step_m + t_S_m,STEP_LOCAL:CHB_INPUT_PCB,S,m,mm,True,False,False,False,True
service,CHB_INPUT_SPACER_0,"[[1.0,0.0,0.0,-0.04913000000000001],[0.0,1.0,0.0,-0.0254],[0.0,0.0,1.0,-0.08395000000000001],[0.0,0.0,0.0,1.0]]",p_S_m = R_S_step * p_step_m + t_S_m,STEP_LOCAL:CHB_INPUT_SPACER_0,S,m,mm,True,False,False,False,True
service,CHB_INPUT_SCREW_0,"[[1.0,0.0,0.0,-0.04913000000000001],[0.0,1.0,0.0,-0.0254],[0.0,0.0,1.0,-0.07970000000000001],[0.0,0.0,0.0,1.0]]",p_S_m = R_S_step * p_step_m + t_S_m,STEP_LOCAL:CHB_INPUT_SCREW_0,S,m,mm,True,False,False,False,True
service,CHB_INPUT_SPACER_1,"[[1.0,0.0,0.0,-0.04913000000000001],[0.0,1.0,0.0,0.0254],[0.0,0.0,1.0,-0.08395000000000001],[0.0,0.0,0.0,1.0]]",p_S_m = R_S_step * p_step_m + t_S_m,STEP_LOCAL:CHB_INPUT_SPACER_1,S,m,mm,True,False,False,False,True
service,CHB_INPUT_SCREW_1,"[[1.0,0.0,0.0,-0.04913000000000001],[0.0,1.0,0.0,0.0254],[0.0,0.0,1.0,-0.07970000000000001],[0.0,0.0,0.0,1.0]]",p_S_m = R_S_step * p_step_m + t_S_m,STEP_LOCAL:CHB_INPUT_SCREW_1,S,m,mm,True,False,False,False,True
service,C203_W_PLUS,"[[1.0,0.0,0.0,0.0],[0.0,1.0,0.0,0.0],[0.0,0.0,1.0,0.0],[0.0,0.0,0.0,1.0]]",p_S_m = R_S_step * p_step_m + t_S_m,STEP_LOCAL:C203_W_PLUS,S,m,mm,True,False,False,False,True
service,C203_W_MINUS,"[[1.0,0.0,0.0,0.0],[0.0,1.0,0.0,0.0],[0.0,0.0,1.0,0.0],[0.0,0.0,0.0,1.0]]",p_S_m = R_S_step * p_step_m + t_S_m,STEP_LOCAL:C203_W_MINUS,S,m,mm,True,False,False,False,True
service,C203_LACE_PLUS,"[[1,0,0,0.0],[0,1,0,0.0],[0,0,1,0.0],[0,0,0,1]]",p_S_m = R_S_step * p_step_m + t_S_m,STEP_LOCAL:C203_LACE_PLUS,S,m,mm,True,False,False,False,True
service,C203_LACE_MINUS,"[[1,0,0,0.0],[0,1,0,0.0],[0,0,1,0.0],[0,0,0,1]]",p_S_m = R_S_step * p_step_m + t_S_m,STEP_LOCAL:C203_LACE_MINUS,S,m,mm,True,False,False,False,True
parking,RB_longeron_-1_-1,"[[1.0,0.0,0.0,0.0],[0.0,1.0,0.0,-0.10715000000000001],[0.0,0.0,1.0,-0.10715000000000001],[0.0,0.0,0.0,1.0]]",p_S_m = R_S_step * p_step_m + t_S_m,STEP_LOCAL:RB_longeron_-1_-1,S,m,mm,True,True,True,False,True
parking,RB_longeron_-1_1,"[[1.0,0.0,0.0,0.0],[0.0,1.0,0.0,-0.10715000000000001],[0.0,0.0,1.0,0.10715000000000001],[0.0,0.0,0.0,1.0]]",p_S_m = R_S_step * p_step_m + t_S_m,STEP_LOCAL:RB_longeron_-1_1,S,m,mm,True,True,True,False,True
parking,RB_longeron_1_-1,"[[1.0,0.0,0.0,0.0],[0.0,1.0,0.0,0.10715000000000001],[0.0,0.0,1.0,-0.10715000000000001],[0.0,0.0,0.0,1.0]]",p_S_m = R_S_step * p_step_m + t_S_m,STEP_LOCAL:RB_longeron_1_-1,S,m,mm,True,True,True,False,True
parking,RB_longeron_1_1,"[[1.0,0.0,0.0,0.0],[0.0,1.0,0.0,0.10715000000000001],[0.0,0.0,1.0,0.10715000000000001],[0.0,0.0,0.0,1.0]]",p_S_m = R_S_step * p_step_m + t_S_m,STEP_LOCAL:RB_longeron_1_1,S,m,mm,True,True,True,False,True
parking,RB_end_frame_-1,"[[1.0,0.0,0.0,-0.18],[0.0,1.0,0.0,0.0],[0.0,0.0,1.0,0.0],[0.0,0.0,0.0,1.0]]",p_S_m = R_S_step * p_step_m + t_S_m,STEP_LOCAL:RB_end_frame_-1,S,m,mm,True,True,True,False,True
parking,RB_end_plug_-1_-1_-1,"[[1.0,0.0,0.0,-0.167],[0.0,1.0,0.0,-0.10715000000000001],[0.0,0.0,1.0,-0.10715000000000001],[0.0,0.0,0.0,1.0]]",p_S_m = R_S_step * p_step_m + t_S_m,STEP_LOCAL:RB_end_plug_-1_-1_-1,S,m,mm,True,True,True,False,True
parking,RB_end_screw_-1_-1_-1,"[[0.0,0.0,-1.0,-0.19],[0.0,-1.0,0.0,-0.10715000000000001],[-1.0,0.0,0.0,-0.10715000000000001],[0.0,0.0,0.0,1.0]]",p_S_m = R_S_step * p_step_m + t_S_m,STEP_LOCAL:RB_end_screw_-1_-1_-1,S,m,mm,True,True,True,False,True
parking,RB_end_plug_-1_-1_1,"[[1.0,0.0,0.0,-0.167],[0.0,1.0,0.0,-0.10715000000000001],[0.0,0.0,1.0,0.10715000000000001],[0.0,0.0,0.0,1.0]]",p_S_m = R_S_step * p_step_m + t_S_m,STEP_LOCAL:RB_end_plug_-1_-1_1,S,m,mm,True,True,True,False,True
parking,RB_end_screw_-1_-1_1,"[[0.0,0.0,-1.0,-0.19],[0.0,-1.0,0.0,-0.10715000000000001],[-1.0,0.0,0.0,0.10715000000000001],[0.0,0.0,0.0,1.0]]",p_S_m = R_S_step * p_step_m + t_S_m,STEP_LOCAL:RB_end_screw_-1_-1_1,S,m,mm,True,True,True,False,True
parking,RB_end_plug_-1_1_-1,"[[1.0,0.0,0.0,-0.167],[0.0,1.0,0.0,0.10715000000000001],[0.0,0.0,1.0,-0.10715000000000001],[0.0,0.0,0.0,1.0]]",p_S_m = R_S_step * p_step_m + t_S_m,STEP_LOCAL:RB_end_plug_-1_1_-1,S,m,mm,True,True,True,False,True
parking,RB_end_screw_-1_1_-1,"[[0.0,0.0,-1.0,-0.19],[0.0,-1.0,0.0,0.10715000000000001],[-1.0,0.0,0.0,-0.10715000000000001],[0.0,0.0,0.0,1.0]]",p_S_m = R_S_step * p_step_m + t_S_m,STEP_LOCAL:RB_end_screw_-1_1_-1,S,m,mm,True,True,True,False,True
parking,RB_end_plug_-1_1_1,"[[1.0,0.0,0.0,-0.167],[0.0,1.0,0.0,0.10715000000000001],[0.0,0.0,1.0,0.10715000000000001],[0.0,0.0,0.0,1.0]]",p_S_m = R_S_step * p_step_m + t_S_m,STEP_LOCAL:RB_end_plug_-1_1_1,S,m,mm,True,True,True,False,True
parking,RB_end_screw_-1_1_1,"[[0.0,0.0,-1.0,-0.19],[0.0,-1.0,0.0,0.10715000000000001],[-1.0,0.0,0.0,0.10715000000000001],[0.0,0.0,0.0,1.0]]",p_S_m = R_S_step * p_step_m + t_S_m,STEP_LOCAL:RB_end_screw_-1_1_1,S,m,mm,True,True,True,False,True
parking,RB_end_frame_1,"[[1.0,0.0,0.0,0.18],[0.0,1.0,0.0,0.0],[0.0,0.0,1.0,0.0],[0.0,0.0,0.0,1.0]]",p_S_m = R_S_step * p_step_m + t_S_m,STEP_LOCAL:RB_end_frame_1,S,m,mm,True,True,True,False,True
parking,RB_end_plug_1_-1_-1,"[[1.0,0.0,0.0,0.167],[0.0,1.0,0.0,-0.10715000000000001],[0.0,0.0,1.0,-0.10715000000000001],[0.0,0.0,0.0,1.0]]",p_S_m = R_S_step * p_step_m + t_S_m,STEP_LOCAL:RB_end_plug_1_-1_-1,S,m,mm,True,True,True,False,True
parking,RB_end_screw_1_-1_-1,"[[0.0,0.0,1.0,0.183],[0.0,-1.0,0.0,-0.10715000000000001],[1.0,0.0,0.0,-0.10715000000000001],[0.0,0.0,0.0,1.0]]",p_S_m = R_S_step * p_step_m + t_S_m,STEP_LOCAL:RB_end_screw_1_-1_-1,S,m,mm,True,True,True,False,True
parking,RB_end_plug_1_-1_1,"[[1.0,0.0,0.0,0.167],[0.0,1.0,0.0,-0.10715000000000001],[0.0,0.0,1.0,0.10715000000000001],[0.0,0.0,0.0,1.0]]",p_S_m = R_S_step * p_step_m + t_S_m,STEP_LOCAL:RB_end_plug_1_-1_1,S,m,mm,True,True,True,False,True
parking,RB_end_screw_1_-1_1,"[[0.0,0.0,1.0,0.183],[0.0,-1.0,0.0,-0.10715000000000001],[1.0,0.0,0.0,0.10715000000000001],[0.0,0.0,0.0,1.0]]",p_S_m = R_S_step * p_step_m + t_S_m,STEP_LOCAL:RB_end_screw_1_-1_1,S,m,mm,True,True,True,False,True
parking,RB_end_plug_1_1_-1,"[[1.0,0.0,0.0,0.167],[0.0,1.0,0.0,0.10715000000000001],[0.0,0.0,1.0,-0.10715000000000001],[0.0,0.0,0.0,1.0]]",p_S_m = R_S_step * p_step_m + t_S_m,STEP_LOCAL:RB_end_plug_1_1_-1,S,m,mm,True,True,True,False,True
parking,RB_end_screw_1_1_-1,"[[0.0,0.0,1.0,0.183],[0.0,-1.0,0.0,0.10715000000000001],[1.0,0.0,0.0,-0.10715000000000001],[0.0,0.0,0.0,1.0]]",p_S_m = R_S_step * p_step_m + t_S_m,STEP_LOCAL:RB_end_screw_1_1_-1,S,m,mm,True,True,True,False,True
parking,RB_end_plug_1_1_1,"[[1.0,0.0,0.0,0.167],[0.0,1.0,0.0,0.10715000000000001],[0.0,0.0,1.0,0.10715000000000001],[0.0,0.0,0.0,1.0]]",p_S_m = R_S_step * p_step_m + t_S_m,STEP_LOCAL:RB_end_plug_1_1_1,S,m,mm,True,True,True,False,True
parking,RB_end_screw_1_1_1,"[[0.0,0.0,1.0,0.183],[0.0,-1.0,0.0,0.10715000000000001],[1.0,0.0,0.0,0.10715000000000001],[0.0,0.0,0.0,1.0]]",p_S_m = R_S_step * p_step_m + t_S_m,STEP_LOCAL:RB_end_screw_1_1_1,S,m,mm,True,True,True,False,True
parking,WP01-RB-BRIDGE-R2,"[[1.0,0.0,0.0,0.0],[0.0,1.0,0.0,0.0],[0.0,0.0,1.0,0.0],[0.0,0.0,0.0,1.0]]",p_S_m = R_S_step * p_step_m + t_S_m,STEP_LOCAL:WP01-RB-BRIDGE-R2,S,m,mm,True,False,False,False,True
parking,RB_upper_beam_20,"[[1.0,0.0,0.0,0.02],[0.0,1.0,0.0,0.0],[0.0,0.0,1.0,0.10115],[0.0,0.0,0.0,1.0]]",p_S_m = R_S_step * p_step_m + t_S_m,STEP_LOCAL:RB_upper_beam_20,S,m,mm,True,True,True,False,True
parking,RB_lower_beam_20,"[[1.0,0.0,0.0,0.02],[0.0,1.0,0.0,0.0],[0.0,0.0,1.0,-0.10415],[0.0,0.0,0.0,1.0]]",p_S_m = R_S_step * p_step_m + t_S_m,STEP_LOCAL:RB_lower_beam_20,S,m,mm,True,True,True,False,True
parking,RB_upper_beam_160,"[[1.0,0.0,0.0,0.16],[0.0,1.0,0.0,0.0],[0.0,0.0,1.0,0.10115],[0.0,0.0,0.0,1.0]]",p_S_m = R_S_step * p_step_m + t_S_m,STEP_LOCAL:RB_upper_beam_160,S,m,mm,True,True,True,False,True
parking,RB_lower_beam_160,"[[1.0,0.0,0.0,0.16],[0.0,1.0,0.0,0.0],[0.0,0.0,1.0,-0.10415],[0.0,0.0,0.0,1.0]]",p_S_m = R_S_step * p_step_m + t_S_m,STEP_LOCAL:RB_lower_beam_160,S,m,mm,True,True,True,False,True
parking,RB_pillar_0,"[[1.0,0.0,0.0,0.02],[0.0,1.0,0.0,-0.09415000000000001],[0.0,0.0,1.0,-0.0015],[0.0,0.0,0.0,1.0]]",p_S_m = R_S_step * p_step_m + t_S_m,STEP_LOCAL:RB_pillar_0,S,m,mm,True,True,True,False,True
parking,RB_pillar_plug_0_top,"[[1.0,0.0,0.0,0.02],[0.0,1.0,0.0,-0.09415000000000001],[0.0,0.0,1.0,0.08715],[0.0,0.0,0.0,1.0]]",p_S_m = R_S_step * p_step_m + t_S_m,STEP_LOCAL:RB_pillar_plug_0_top,S,m,mm,True,True,True,False,True
parking,RB_pillar_plug_0_bottom,"[[1.0,0.0,0.0,0.02],[0.0,1.0,0.0,-0.09415000000000001],[0.0,0.0,1.0,-0.09015000000000001],[0.0,0.0,0.0,1.0]]",p_S_m = R_S_step * p_step_m + t_S_m,STEP_LOCAL:RB_pillar_plug_0_bottom,S,m,mm,True,True,True,False,True
parking,RB_lower_spacer_0,"[[1.0,0.0,0.0,0.02],[0.0,1.0,0.0,-0.09415000000000001],[0.0,0.0,1.0,-0.09965],[0.0,0.0,0.0,1.0]]",p_S_m = R_S_step * p_step_m + t_S_m,STEP_LOCAL:RB_lower_spacer_0,S,m,mm,True,True,True,False,True
parking,RB_pillar_tierod_0,"[[1.0,0.0,0.0,0.02],[0.0,1.0,0.0,-0.09415000000000001],[0.0,0.0,1.0,0.11715],[0.0,0.0,0.0,1.0]]",p_S_m = R_S_step * p_step_m + t_S_m,STEP_LOCAL:RB_pillar_tierod_0,S,m,mm,True,True,True,False,True
parking,RB_pillar_top_washer_0,"[[1.0,0.0,0.0,0.02],[0.0,1.0,0.0,-0.09415000000000001],[0.0,0.0,1.0,0.11665],[0.0,0.0,0.0,1.0]]",p_S_m = R_S_step * p_step_m + t_S_m,STEP_LOCAL:RB_pillar_top_washer_0,S,m,mm,True,True,True,False,True
parking,RB_pillar_bottom_washer_0,"[[1.0,0.0,0.0,0.02],[0.0,1.0,0.0,-0.09415000000000001],[0.0,0.0,1.0,-0.10765000000000001],[0.0,0.0,0.0,1.0]]",p_S_m = R_S_step * p_step_m + t_S_m,STEP_LOCAL:RB_pillar_bottom_washer_0,S,m,mm,True,True,True,False,True
parking,RB_pillar_nut_0,"[[1.0,0.0,0.0,0.02],[0.0,1.0,0.0,-0.09415000000000001],[0.0,0.0,1.0,-0.11015000000000001],[0.0,0.0,0.0,1.0]]",p_S_m = R_S_step * p_step_m + t_S_m,STEP_LOCAL:RB_pillar_nut_0,S,m,mm,True,True,True,False,True
parking,RB_pillar_1,"[[1.0,0.0,0.0,0.02],[0.0,1.0,0.0,0.09415000000000001],[0.0,0.0,1.0,-0.0015],[0.0,0.0,0.0,1.0]]",p_S_m = R_S_step * p_step_m + t_S_m,STEP_LOCAL:RB_pillar_1,S,m,mm,True,True,True,False,True
parking,RB_pillar_plug_1_top,"[[1.0,0.0,0.0,0.02],[0.0,1.0,0.0,0.09415000000000001],[0.0,0.0,1.0,0.08715],[0.0,0.0,0.0,1.0]]",p_S_m = R_S_step * p_step_m + t_S_m,STEP_LOCAL:RB_pillar_plug_1_top,S,m,mm,True,True,True,False,True
parking,RB_pillar_plug_1_bottom,"[[1.0,0.0,0.0,0.02],[0.0,1.0,0.0,0.09415000000000001],[0.0,0.0,1.0,-0.09015000000000001],[0.0,0.0,0.0,1.0]]",p_S_m = R_S_step * p_step_m + t_S_m,STEP_LOCAL:RB_pillar_plug_1_bottom,S,m,mm,True,True,True,False,True
parking,RB_lower_spacer_1,"[[1.0,0.0,0.0,0.02],[0.0,1.0,0.0,0.09415000000000001],[0.0,0.0,1.0,-0.09965],[0.0,0.0,0.0,1.0]]",p_S_m = R_S_step * p_step_m + t_S_m,STEP_LOCAL:RB_lower_spacer_1,S,m,mm,True,True,True,False,True
parking,RB_pillar_tierod_1,"[[1.0,0.0,0.0,0.02],[0.0,1.0,0.0,0.09415000000000001],[0.0,0.0,1.0,0.11715],[0.0,0.0,0.0,1.0]]",p_S_m = R_S_step * p_step_m + t_S_m,STEP_LOCAL:RB_pillar_tierod_1,S,m,mm,True,True,True,False,True
parking,RB_pillar_top_washer_1,"[[1.0,0.0,0.0,0.02],[0.0,1.0,0.0,0.09415000000000001],[0.0,0.0,1.0,0.11665],[0.0,0.0,0.0,1.0]]",p_S_m = R_S_step * p_step_m + t_S_m,STEP_LOCAL:RB_pillar_top_washer_1,S,m,mm,True,True,True,False,True
parking,RB_pillar_bottom_washer_1,"[[1.0,0.0,0.0,0.02],[0.0,1.0,0.0,0.09415000000000001],[0.0,0.0,1.0,-0.10765000000000001],[0.0,0.0,0.0,1.0]]",p_S_m = R_S_step * p_step_m + t_S_m,STEP_LOCAL:RB_pillar_bottom_washer_1,S,m,mm,True,True,True,False,True
parking,RB_pillar_nut_1,"[[1.0,0.0,0.0,0.02],[0.0,1.0,0.0,0.09415000000000001],[0.0,0.0,1.0,-0.11015000000000001],[0.0,0.0,0.0,1.0]]",p_S_m = R_S_step * p_step_m + t_S_m,STEP_LOCAL:RB_pillar_nut_1,S,m,mm,True,True,True,False,True
parking,RB_pillar_2,"[[1.0,0.0,0.0,0.16],[0.0,1.0,0.0,-0.09415000000000001],[0.0,0.0,1.0,-0.0015],[0.0,0.0,0.0,1.0]]",p_S_m = R_S_step * p_step_m + t_S_m,STEP_LOCAL:RB_pillar_2,S,m,mm,True,True,True,False,True
parking,RB_pillar_plug_2_top,"[[1.0,0.0,0.0,0.16],[0.0,1.0,0.0,-0.09415000000000001],[0.0,0.0,1.0,0.08715],[0.0,0.0,0.0,1.0]]",p_S_m = R_S_step * p_step_m + t_S_m,STEP_LOCAL:RB_pillar_plug_2_top,S,m,mm,True,True,True,False,True
parking,RB_pillar_plug_2_bottom,"[[1.0,0.0,0.0,0.16],[0.0,1.0,0.0,-0.09415000000000001],[0.0,0.0,1.0,-0.09015000000000001],[0.0,0.0,0.0,1.0]]",p_S_m = R_S_step * p_step_m + t_S_m,STEP_LOCAL:RB_pillar_plug_2_bottom,S,m,mm,True,True,True,False,True
parking,RB_lower_spacer_2,"[[1.0,0.0,0.0,0.16],[0.0,1.0,0.0,-0.09415000000000001],[0.0,0.0,1.0,-0.09965],[0.0,0.0,0.0,1.0]]",p_S_m = R_S_step * p_step_m + t_S_m,STEP_LOCAL:RB_lower_spacer_2,S,m,mm,True,True,True,False,True
parking,RB_pillar_tierod_2,"[[1.0,0.0,0.0,0.16],[0.0,1.0,0.0,-0.09415000000000001],[0.0,0.0,1.0,0.11715],[0.0,0.0,0.0,1.0]]",p_S_m = R_S_step * p_step_m + t_S_m,STEP_LOCAL:RB_pillar_tierod_2,S,m,mm,True,True,True,False,True
parking,RB_pillar_top_washer_2,"[[1.0,0.0,0.0,0.16],[0.0,1.0,0.0,-0.09415000000000001],[0.0,0.0,1.0,0.11665],[0.0,0.0,0.0,1.0]]",p_S_m = R_S_step * p_step_m + t_S_m,STEP_LOCAL:RB_pillar_top_washer_2,S,m,mm,True,True,True,False,True
parking,RB_pillar_bottom_washer_2,"[[1.0,0.0,0.0,0.16],[0.0,1.0,0.0,-0.09415000000000001],[0.0,0.0,1.0,-0.10765000000000001],[0.0,0.0,0.0,1.0]]",p_S_m = R_S_step * p_step_m + t_S_m,STEP_LOCAL:RB_pillar_bottom_washer_2,S,m,mm,True,True,True,False,True
parking,RB_pillar_nut_2,"[[1.0,0.0,0.0,0.16],[0.0,1.0,0.0,-0.09415000000000001],[0.0,0.0,1.0,-0.11015000000000001],[0.0,0.0,0.0,1.0]]",p_S_m = R_S_step * p_step_m + t_S_m,STEP_LOCAL:RB_pillar_nut_2,S,m,mm,True,True,True,False,True
parking,RB_pillar_3,"[[1.0,0.0,0.0,0.16],[0.0,1.0,0.0,0.09415000000000001],[0.0,0.0,1.0,-0.0015],[0.0,0.0,0.0,1.0]]",p_S_m = R_S_step * p_step_m + t_S_m,STEP_LOCAL:RB_pillar_3,S,m,mm,True,True,True,False,True
parking,RB_pillar_plug_3_top,"[[1.0,0.0,0.0,0.16],[0.0,1.0,0.0,0.09415000000000001],[0.0,0.0,1.0,0.08715],[0.0,0.0,0.0,1.0]]",p_S_m = R_S_step * p_step_m + t_S_m,STEP_LOCAL:RB_pillar_plug_3_top,S,m,mm,True,True,True,False,True
parking,RB_pillar_plug_3_bottom,"[[1.0,0.0,0.0,0.16],[0.0,1.0,0.0,0.09415000000000001],[0.0,0.0,1.0,-0.09015000000000001],[0.0,0.0,0.0,1.0]]",p_S_m = R_S_step * p_step_m + t_S_m,STEP_LOCAL:RB_pillar_plug_3_bottom,S,m,mm,True,True,True,False,True
parking,RB_lower_spacer_3,"[[1.0,0.0,0.0,0.16],[0.0,1.0,0.0,0.09415000000000001],[0.0,0.0,1.0,-0.09965],[0.0,0.0,0.0,1.0]]",p_S_m = R_S_step * p_step_m + t_S_m,STEP_LOCAL:RB_lower_spacer_3,S,m,mm,True,True,True,False,True
parking,RB_pillar_tierod_3,"[[1.0,0.0,0.0,0.16],[0.0,1.0,0.0,0.09415000000000001],[0.0,0.0,1.0,0.11715],[0.0,0.0,0.0,1.0]]",p_S_m = R_S_step * p_step_m + t_S_m,STEP_LOCAL:RB_pillar_tierod_3,S,m,mm,True,True,True,False,True
parking,RB_pillar_top_washer_3,"[[1.0,0.0,0.0,0.16],[0.0,1.0,0.0,0.09415000000000001],[0.0,0.0,1.0,0.11665],[0.0,0.0,0.0,1.0]]",p_S_m = R_S_step * p_step_m + t_S_m,STEP_LOCAL:RB_pillar_top_washer_3,S,m,mm,True,True,True,False,True
parking,RB_pillar_bottom_washer_3,"[[1.0,0.0,0.0,0.16],[0.0,1.0,0.0,0.09415000000000001],[0.0,0.0,1.0,-0.10765000000000001],[0.0,0.0,0.0,1.0]]",p_S_m = R_S_step * p_step_m + t_S_m,STEP_LOCAL:RB_pillar_bottom_washer_3,S,m,mm,True,True,True,False,True
parking,RB_pillar_nut_3,"[[1.0,0.0,0.0,0.16],[0.0,1.0,0.0,0.09415000000000001],[0.0,0.0,1.0,-0.11015000000000001],[0.0,0.0,0.0,1.0]]",p_S_m = R_S_step * p_step_m + t_S_m,STEP_LOCAL:RB_pillar_nut_3,S,m,mm,True,True,True,False,True
parking,WP01-MT-M3RA-REUSED,"[[1.0,0.0,0.0,0.09],[0.0,1.0,0.0,0.0],[0.0,0.0,1.0,0.12515],[0.0,0.0,0.0,1.0]]",p_S_m = R_S_step * p_step_m + t_S_m,STEP_LOCAL:WP01-MT-M3RA-REUSED,S,m,mm,True,True,True,False,True
parking,WP01-MT-M3RB-REUSED,"[[1.0,0.0,0.0,0.0],[0.0,1.0,0.0,0.0],[0.0,0.0,1.0,0.0],[0.0,0.0,0.0,1.0]]",p_S_m = R_S_step * p_step_m + t_S_m,STEP_LOCAL:WP01-MT-M3RB-REUSED,S,m,mm,True,False,False,False,True
parking,M6_top_washer_-70_-70,"[[1.0,0.0,0.0,0.02],[0.0,1.0,0.0,-0.07],[0.0,0.0,1.0,0.12565],[0.0,0.0,0.0,1.0]]",p_S_m = R_S_step * p_step_m + t_S_m,STEP_LOCAL:M6_top_washer_-70_-70,S,m,mm,True,True,True,False,True
parking,M6_root_bolt_-70_-70,"[[1.0,0.0,0.0,0.02],[0.0,1.0,0.0,-0.07],[0.0,0.0,1.0,0.12615],[0.0,0.0,0.0,1.0]]",p_S_m = R_S_step * p_step_m + t_S_m,STEP_LOCAL:M6_root_bolt_-70_-70,S,m,mm,True,True,True,False,True
parking,M6_bottom_washer_-70_-70,"[[1.0,0.0,0.0,0.02],[0.0,1.0,0.0,-0.07],[0.0,0.0,1.0,0.09465000000000001],[0.0,0.0,0.0,1.0]]",p_S_m = R_S_step * p_step_m + t_S_m,STEP_LOCAL:M6_bottom_washer_-70_-70,S,m,mm,True,True,True,False,True
parking,M6_root_nut_-70_-70,"[[1.0,0.0,0.0,0.02],[0.0,1.0,0.0,-0.07],[0.0,0.0,1.0,0.09115000000000001],[0.0,0.0,0.0,1.0]]",p_S_m = R_S_step * p_step_m + t_S_m,STEP_LOCAL:M6_root_nut_-70_-70,S,m,mm,True,True,True,False,True
parking,M6_top_washer_70_-70,"[[1.0,0.0,0.0,0.16],[0.0,1.0,0.0,-0.07],[0.0,0.0,1.0,0.12565],[0.0,0.0,0.0,1.0]]",p_S_m = R_S_step * p_step_m + t_S_m,STEP_LOCAL:M6_top_washer_70_-70,S,m,mm,True,True,True,False,True
parking,M6_root_bolt_70_-70,"[[1.0,0.0,0.0,0.16],[0.0,1.0,0.0,-0.07],[0.0,0.0,1.0,0.12615],[0.0,0.0,0.0,1.0]]",p_S_m = R_S_step * p_step_m + t_S_m,STEP_LOCAL:M6_root_bolt_70_-70,S,m,mm,True,True,True,False,True
parking,M6_bottom_washer_70_-70,"[[1.0,0.0,0.0,0.16],[0.0,1.0,0.0,-0.07],[0.0,0.0,1.0,0.09465000000000001],[0.0,0.0,0.0,1.0]]",p_S_m = R_S_step * p_step_m + t_S_m,STEP_LOCAL:M6_bottom_washer_70_-70,S,m,mm,True,True,True,False,True
parking,M6_root_nut_70_-70,"[[1.0,0.0,0.0,0.16],[0.0,1.0,0.0,-0.07],[0.0,0.0,1.0,0.09115000000000001],[0.0,0.0,0.0,1.0]]",p_S_m = R_S_step * p_step_m + t_S_m,STEP_LOCAL:M6_root_nut_70_-70,S,m,mm,True,True,True,False,True
parking,M6_top_washer_-70_70,"[[1.0,0.0,0.0,0.02],[0.0,1.0,0.0,0.07],[0.0,0.0,1.0,0.12565],[0.0,0.0,0.0,1.0]]",p_S_m = R_S_step * p_step_m + t_S_m,STEP_LOCAL:M6_top_washer_-70_70,S,m,mm,True,True,True,False,True
parking,M6_root_bolt_-70_70,"[[1.0,0.0,0.0,0.02],[0.0,1.0,0.0,0.07],[0.0,0.0,1.0,0.12615],[0.0,0.0,0.0,1.0]]",p_S_m = R_S_step * p_step_m + t_S_m,STEP_LOCAL:M6_root_bolt_-70_70,S,m,mm,True,True,True,False,True
parking,M6_bottom_washer_-70_70,"[[1.0,0.0,0.0,0.02],[0.0,1.0,0.0,0.07],[0.0,0.0,1.0,0.09465000000000001],[0.0,0.0,0.0,1.0]]",p_S_m = R_S_step * p_step_m + t_S_m,STEP_LOCAL:M6_bottom_washer_-70_70,S,m,mm,True,True,True,False,True
parking,M6_root_nut_-70_70,"[[1.0,0.0,0.0,0.02],[0.0,1.0,0.0,0.07],[0.0,0.0,1.0,0.09115000000000001],[0.0,0.0,0.0,1.0]]",p_S_m = R_S_step * p_step_m + t_S_m,STEP_LOCAL:M6_root_nut_-70_70,S,m,mm,True,True,True,False,True
parking,M6_top_washer_70_70,"[[1.0,0.0,0.0,0.16],[0.0,1.0,0.0,0.07],[0.0,0.0,1.0,0.12565],[0.0,0.0,0.0,1.0]]",p_S_m = R_S_step * p_step_m + t_S_m,STEP_LOCAL:M6_top_washer_70_70,S,m,mm,True,True,True,False,True
parking,M6_root_bolt_70_70,"[[1.0,0.0,0.0,0.16],[0.0,1.0,0.0,0.07],[0.0,0.0,1.0,0.12615],[0.0,0.0,0.0,1.0]]",p_S_m = R_S_step * p_step_m + t_S_m,STEP_LOCAL:M6_root_bolt_70_70,S,m,mm,True,True,True,False,True
parking,M6_bottom_washer_70_70,"[[1.0,0.0,0.0,0.16],[0.0,1.0,0.0,0.07],[0.0,0.0,1.0,0.09465000000000001],[0.0,0.0,0.0,1.0]]",p_S_m = R_S_step * p_step_m + t_S_m,STEP_LOCAL:M6_bottom_washer_70_70,S,m,mm,True,True,True,False,True
parking,M6_root_nut_70_70,"[[1.0,0.0,0.0,0.16],[0.0,1.0,0.0,0.07],[0.0,0.0,1.0,0.09115000000000001],[0.0,0.0,0.0,1.0]]",p_S_m = R_S_step * p_step_m + t_S_m,STEP_LOCAL:M6_root_nut_70_70,S,m,mm,True,True,True,False,True
parking,M5_interstage_bolt_0,"[[1.0,0.0,0.0,0.14774247078195543],[0.0,1.0,0.0,0.02391771452281811],[0.0,0.0,1.0,0.128555],[0.0,0.0,0.0,1.0]]",p_S_m = R_S_step * p_step_m + t_S_m,STEP_LOCAL:M5_interstage_bolt_0,S,m,mm,True,True,True,False,True
parking,M5_top_washer_0,"[[1.0,0.0,0.0,0.14774247078195543],[0.0,1.0,0.0,0.02391771452281811],[0.0,0.0,1.0,0.128055],[0.0,0.0,0.0,1.0]]",p_S_m = R_S_step * p_step_m + t_S_m,STEP_LOCAL:M5_top_washer_0,S,m,mm,True,True,True,False,True
parking,M5_bottom_washer_0,"[[1.0,0.0,0.0,0.14774247078195543],[0.0,1.0,0.0,0.02391771452281811],[0.0,0.0,1.0,0.11265000000000001],[0.0,0.0,0.0,1.0]]",p_S_m = R_S_step * p_step_m + t_S_m,STEP_LOCAL:M5_bottom_washer_0,S,m,mm,True,True,True,False,True
parking,M5_interstage_nut_0,"[[1.0,0.0,0.0,0.14774247078195543],[0.0,1.0,0.0,0.02391771452281811],[0.0,0.0,1.0,0.11015000000000001],[0.0,0.0,0.0,1.0]]",p_S_m = R_S_step * p_step_m + t_S_m,STEP_LOCAL:M5_interstage_nut_0,S,m,mm,True,True,True,False,True
parking,M5_interstage_bolt_1,"[[1.0,0.0,0.0,0.11391771452281811],[0.0,1.0,0.0,0.05774247078195542],[0.0,0.0,1.0,0.128555],[0.0,0.0,0.0,1.0]]",p_S_m = R_S_step * p_step_m + t_S_m,STEP_LOCAL:M5_interstage_bolt_1,S,m,mm,True,True,True,False,True
parking,M5_top_washer_1,"[[1.0,0.0,0.0,0.11391771452281811],[0.0,1.0,0.0,0.05774247078195542],[0.0,0.0,1.0,0.128055],[0.0,0.0,0.0,1.0]]",p_S_m = R_S_step * p_step_m + t_S_m,STEP_LOCAL:M5_top_washer_1,S,m,mm,True,True,True,False,True
parking,M5_bottom_washer_1,"[[1.0,0.0,0.0,0.11391771452281811],[0.0,1.0,0.0,0.05774247078195542],[0.0,0.0,1.0,0.11265000000000001],[0.0,0.0,0.0,1.0]]",p_S_m = R_S_step * p_step_m + t_S_m,STEP_LOCAL:M5_bottom_washer_1,S,m,mm,True,True,True,False,True
parking,M5_interstage_nut_1,"[[1.0,0.0,0.0,0.11391771452281811],[0.0,1.0,0.0,0.05774247078195542],[0.0,0.0,1.0,0.11015000000000001],[0.0,0.0,0.0,1.0]]",p_S_m = R_S_step * p_step_m + t_S_m,STEP_LOCAL:M5_interstage_nut_1,S,m,mm,True,True,True,False,True
parking,M5_interstage_bolt_2,"[[1.0,0.0,0.0,0.0660822854771819],[0.0,1.0,0.0,0.05774247078195542],[0.0,0.0,1.0,0.128555],[0.0,0.0,0.0,1.0]]",p_S_m = R_S_step * p_step_m + t_S_m,STEP_LOCAL:M5_interstage_bolt_2,S,m,mm,True,True,True,False,True
parking,M5_top_washer_2,"[[1.0,0.0,0.0,0.0660822854771819],[0.0,1.0,0.0,0.05774247078195542],[0.0,0.0,1.0,0.128055],[0.0,0.0,0.0,1.0]]",p_S_m = R_S_step * p_step_m + t_S_m,STEP_LOCAL:M5_top_washer_2,S,m,mm,True,True,True,False,True
parking,M5_bottom_washer_2,"[[1.0,0.0,0.0,0.0660822854771819],[0.0,1.0,0.0,0.05774247078195542],[0.0,0.0,1.0,0.11265000000000001],[0.0,0.0,0.0,1.0]]",p_S_m = R_S_step * p_step_m + t_S_m,STEP_LOCAL:M5_bottom_washer_2,S,m,mm,True,True,True,False,True
parking,M5_interstage_nut_2,"[[1.0,0.0,0.0,0.0660822854771819],[0.0,1.0,0.0,0.05774247078195542],[0.0,0.0,1.0,0.11015000000000001],[0.0,0.0,0.0,1.0]]",p_S_m = R_S_step * p_step_m + t_S_m,STEP_LOCAL:M5_interstage_nut_2,S,m,mm,True,True,True,False,True
parking,M5_interstage_bolt_3,"[[1.0,0.0,0.0,0.03225752921804458],[0.0,1.0,0.0,0.023917714522818122],[0.0,0.0,1.0,0.128555],[0.0,0.0,0.0,1.0]]",p_S_m = R_S_step * p_step_m + t_S_m,STEP_LOCAL:M5_interstage_bolt_3,S,m,mm,True,True,True,False,True
parking,M5_top_washer_3,"[[1.0,0.0,0.0,0.03225752921804458],[0.0,1.0,0.0,0.023917714522818122],[0.0,0.0,1.0,0.128055],[0.0,0.0,0.0,1.0]]",p_S_m = R_S_step * p_step_m + t_S_m,STEP_LOCAL:M5_top_washer_3,S,m,mm,True,True,True,False,True
parking,M5_bottom_washer_3,"[[1.0,0.0,0.0,0.03225752921804458],[0.0,1.0,0.0,0.023917714522818122],[0.0,0.0,1.0,0.11265000000000001],[0.0,0.0,0.0,1.0]]",p_S_m = R_S_step * p_step_m + t_S_m,STEP_LOCAL:M5_bottom_washer_3,S,m,mm,True,True,True,False,True
parking,M5_interstage_nut_3,"[[1.0,0.0,0.0,0.03225752921804458],[0.0,1.0,0.0,0.023917714522818122],[0.0,0.0,1.0,0.11015000000000001],[0.0,0.0,0.0,1.0]]",p_S_m = R_S_step * p_step_m + t_S_m,STEP_LOCAL:M5_interstage_nut_3,S,m,mm,True,True,True,False,True
parking,M5_interstage_bolt_4,"[[1.0,0.0,0.0,0.032257529218044576],[0.0,1.0,0.0,-0.023917714522818104],[0.0,0.0,1.0,0.128555],[0.0,0.0,0.0,1.0]]",p_S_m = R_S_step * p_step_m + t_S_m,STEP_LOCAL:M5_interstage_bolt_4,S,m,mm,True,True,True,False,True
parking,M5_top_washer_4,"[[1.0,0.0,0.0,0.032257529218044576],[0.0,1.0,0.0,-0.023917714522818104],[0.0,0.0,1.0,0.128055],[0.0,0.0,0.0,1.0]]",p_S_m = R_S_step * p_step_m + t_S_m,STEP_LOCAL:M5_top_washer_4,S,m,mm,True,True,True,False,True
parking,M5_bottom_washer_4,"[[1.0,0.0,0.0,0.032257529218044576],[0.0,1.0,0.0,-0.023917714522818104],[0.0,0.0,1.0,0.11265000000000001],[0.0,0.0,0.0,1.0]]",p_S_m = R_S_step * p_step_m + t_S_m,STEP_LOCAL:M5_bottom_washer_4,S,m,mm,True,True,True,False,True
parking,M5_interstage_nut_4,"[[1.0,0.0,0.0,0.032257529218044576],[0.0,1.0,0.0,-0.023917714522818104],[0.0,0.0,1.0,0.11015000000000001],[0.0,0.0,0.0,1.0]]",p_S_m = R_S_step * p_step_m + t_S_m,STEP_LOCAL:M5_interstage_nut_4,S,m,mm,True,True,True,False,True
parking,M5_interstage_bolt_5,"[[1.0,0.0,0.0,0.0660822854771819],[0.0,1.0,0.0,-0.05774247078195543],[0.0,0.0,1.0,0.128555],[0.0,0.0,0.0,1.0]]",p_S_m = R_S_step * p_step_m + t_S_m,STEP_LOCAL:M5_interstage_bolt_5,S,m,mm,True,True,True,False,True
parking,M5_top_washer_5,"[[1.0,0.0,0.0,0.0660822854771819],[0.0,1.0,0.0,-0.05774247078195543],[0.0,0.0,1.0,0.128055],[0.0,0.0,0.0,1.0]]",p_S_m = R_S_step * p_step_m + t_S_m,STEP_LOCAL:M5_top_washer_5,S,m,mm,True,True,True,False,True
parking,M5_bottom_washer_5,"[[1.0,0.0,0.0,0.0660822854771819],[0.0,1.0,0.0,-0.05774247078195543],[0.0,0.0,1.0,0.11265000000000001],[0.0,0.0,0.0,1.0]]",p_S_m = R_S_step * p_step_m + t_S_m,STEP_LOCAL:M5_bottom_washer_5,S,m,mm,True,True,True,False,True
parking,M5_interstage_nut_5,"[[1.0,0.0,0.0,0.0660822854771819],[0.0,1.0,0.0,-0.05774247078195543],[0.0,0.0,1.0,0.11015000000000001],[0.0,0.0,0.0,1.0]]",p_S_m = R_S_step * p_step_m + t_S_m,STEP_LOCAL:M5_interstage_nut_5,S,m,mm,True,True,True,False,True
parking,M5_interstage_bolt_6,"[[1.0,0.0,0.0,0.11391771452281814],[0.0,1.0,0.0,-0.057742470781955414],[0.0,0.0,1.0,0.128555],[0.0,0.0,0.0,1.0]]",p_S_m = R_S_step * p_step_m + t_S_m,STEP_LOCAL:M5_interstage_bolt_6,S,m,mm,True,True,True,False,True
parking,M5_top_washer_6,"[[1.0,0.0,0.0,0.11391771452281814],[0.0,1.0,0.0,-0.057742470781955414],[0.0,0.0,1.0,0.128055],[0.0,0.0,0.0,1.0]]",p_S_m = R_S_step * p_step_m + t_S_m,STEP_LOCAL:M5_top_washer_6,S,m,mm,True,True,True,False,True
parking,M5_bottom_washer_6,"[[1.0,0.0,0.0,0.11391771452281814],[0.0,1.0,0.0,-0.057742470781955414],[0.0,0.0,1.0,0.11265000000000001],[0.0,0.0,0.0,1.0]]",p_S_m = R_S_step * p_step_m + t_S_m,STEP_LOCAL:M5_bottom_washer_6,S,m,mm,True,True,True,False,True
parking,M5_interstage_nut_6,"[[1.0,0.0,0.0,0.11391771452281814],[0.0,1.0,0.0,-0.057742470781955414],[0.0,0.0,1.0,0.11015000000000001],[0.0,0.0,0.0,1.0]]",p_S_m = R_S_step * p_step_m + t_S_m,STEP_LOCAL:M5_interstage_nut_6,S,m,mm,True,True,True,False,True
parking,M5_interstage_bolt_7,"[[1.0,0.0,0.0,0.14774247078195543],[0.0,1.0,0.0,-0.023917714522818097],[0.0,0.0,1.0,0.128555],[0.0,0.0,0.0,1.0]]",p_S_m = R_S_step * p_step_m + t_S_m,STEP_LOCAL:M5_interstage_bolt_7,S,m,mm,True,True,True,False,True
parking,M5_top_washer_7,"[[1.0,0.0,0.0,0.14774247078195543],[0.0,1.0,0.0,-0.023917714522818097],[0.0,0.0,1.0,0.128055],[0.0,0.0,0.0,1.0]]",p_S_m = R_S_step * p_step_m + t_S_m,STEP_LOCAL:M5_top_washer_7,S,m,mm,True,True,True,False,True
parking,M5_bottom_washer_7,"[[1.0,0.0,0.0,0.14774247078195543],[0.0,1.0,0.0,-0.023917714522818097],[0.0,0.0,1.0,0.11265000000000001],[0.0,0.0,0.0,1.0]]",p_S_m = R_S_step * p_step_m + t_S_m,STEP_LOCAL:M5_bottom_washer_7,S,m,mm,True,True,True,False,True
parking,M5_interstage_nut_7,"[[1.0,0.0,0.0,0.14774247078195543],[0.0,1.0,0.0,-0.023917714522818097],[0.0,0.0,1.0,0.11015000000000001],[0.0,0.0,0.0,1.0]]",p_S_m = R_S_step * p_step_m + t_S_m,STEP_LOCAL:M5_interstage_nut_7,S,m,mm,True,True,True,False,True
parking,shear_web_-1,"[[1.0,0.0,0.0,0.0],[0.0,1.0,0.0,0.0],[0.0,0.0,1.0,0.0],[0.0,0.0,0.0,1.0]]",p_S_m = R_S_step * p_step_m + t_S_m,STEP_LOCAL:shear_web_-1,S,m,mm,True,False,True,False,True
parking,shear_clip_-1_-150_-94,"[[1.0,0.0,0.0,-0.15],[0.0,1.0,0.0,-0.10615000000000001],[0.0,0.0,1.0,-0.094],[0.0,0.0,0.0,1.0]]",p_S_m = R_S_step * p_step_m + t_S_m,STEP_LOCAL:shear_clip_-1_-150_-94,S,m,mm,True,True,True,False,True
parking,shear_rail_screw_-1_-150_-94,"[[1.0,0.0,0.0,0.0],[0.0,1.0,0.0,0.0],[0.0,0.0,1.0,0.0],[0.0,0.0,0.0,1.0]]",p_S_m = R_S_step * p_step_m + t_S_m,STEP_LOCAL:shear_rail_screw_-1_-150_-94,S,m,mm,True,True,True,False,True
parking,shear_web_screw_-1_-150_-94,"[[1.0,0.0,0.0,0.0],[0.0,1.0,0.0,0.0],[0.0,0.0,1.0,0.0],[0.0,0.0,0.0,1.0]]",p_S_m = R_S_step * p_step_m + t_S_m,STEP_LOCAL:shear_web_screw_-1_-150_-94,S,m,mm,True,True,True,False,True
parking,shear_clip_-1_-150_94,"[[1.0,0.0,0.0,-0.15],[0.0,1.0,0.0,-0.10615000000000001],[0.0,0.0,1.0,0.094],[0.0,0.0,0.0,1.0]]",p_S_m = R_S_step * p_step_m + t_S_m,STEP_LOCAL:shear_clip_-1_-150_94,S,m,mm,True,True,True,False,True
parking,shear_rail_screw_-1_-150_94,"[[1.0,0.0,0.0,0.0],[0.0,1.0,0.0,0.0],[0.0,0.0,1.0,0.0],[0.0,0.0,0.0,1.0]]",p_S_m = R_S_step * p_step_m + t_S_m,STEP_LOCAL:shear_rail_screw_-1_-150_94,S,m,mm,True,True,True,False,True
parking,shear_web_screw_-1_-150_94,"[[1.0,0.0,0.0,0.0],[0.0,1.0,0.0,0.0],[0.0,0.0,1.0,0.0],[0.0,0.0,0.0,1.0]]",p_S_m = R_S_step * p_step_m + t_S_m,STEP_LOCAL:shear_web_screw_-1_-150_94,S,m,mm,True,True,True,False,True
parking,shear_clip_-1_-90_-94,"[[1.0,0.0,0.0,-0.09],[0.0,1.0,0.0,-0.10615000000000001],[0.0,0.0,1.0,-0.094],[0.0,0.0,0.0,1.0]]",p_S_m = R_S_step * p_step_m + t_S_m,STEP_LOCAL:shear_clip_-1_-90_-94,S,m,mm,True,True,True,False,True
parking,shear_rail_screw_-1_-90_-94,"[[1.0,0.0,0.0,0.0],[0.0,1.0,0.0,0.0],[0.0,0.0,1.0,0.0],[0.0,0.0,0.0,1.0]]",p_S_m = R_S_step * p_step_m + t_S_m,STEP_LOCAL:shear_rail_screw_-1_-90_-94,S,m,mm,True,True,True,False,True
parking,shear_web_screw_-1_-90_-94,"[[1.0,0.0,0.0,0.0],[0.0,1.0,0.0,0.0],[0.0,0.0,1.0,0.0],[0.0,0.0,0.0,1.0]]",p_S_m = R_S_step * p_step_m + t_S_m,STEP_LOCAL:shear_web_screw_-1_-90_-94,S,m,mm,True,True,True,False,True
parking,shear_clip_-1_-90_94,"[[1.0,0.0,0.0,-0.09],[0.0,1.0,0.0,-0.10615000000000001],[0.0,0.0,1.0,0.094],[0.0,0.0,0.0,1.0]]",p_S_m = R_S_step * p_step_m + t_S_m,STEP_LOCAL:shear_clip_-1_-90_94,S,m,mm,True,True,True,False,True
parking,shear_rail_screw_-1_-90_94,"[[1.0,0.0,0.0,0.0],[0.0,1.0,0.0,0.0],[0.0,0.0,1.0,0.0],[0.0,0.0,0.0,1.0]]",p_S_m = R_S_step * p_step_m + t_S_m,STEP_LOCAL:shear_rail_screw_-1_-90_94,S,m,mm,True,True,True,False,True
parking,shear_web_screw_-1_-90_94,"[[1.0,0.0,0.0,0.0],[0.0,1.0,0.0,0.0],[0.0,0.0,1.0,0.0],[0.0,0.0,0.0,1.0]]",p_S_m = R_S_step * p_step_m + t_S_m,STEP_LOCAL:shear_web_screw_-1_-90_94,S,m,mm,True,True,True,False,True
parking,shear_clip_-1_-30_-94,"[[1.0,0.0,0.0,-0.03],[0.0,1.0,0.0,-0.10615000000000001],[0.0,0.0,1.0,-0.094],[0.0,0.0,0.0,1.0]]",p_S_m = R_S_step * p_step_m + t_S_m,STEP_LOCAL:shear_clip_-1_-30_-94,S,m,mm,True,True,True,False,True
parking,shear_rail_screw_-1_-30_-94,"[[1.0,0.0,0.0,0.0],[0.0,1.0,0.0,0.0],[0.0,0.0,1.0,0.0],[0.0,0.0,0.0,1.0]]",p_S_m = R_S_step * p_step_m + t_S_m,STEP_LOCAL:shear_rail_screw_-1_-30_-94,S,m,mm,True,True,True,False,True
parking,shear_web_screw_-1_-30_-94,"[[1.0,0.0,0.0,0.0],[0.0,1.0,0.0,0.0],[0.0,0.0,1.0,0.0],[0.0,0.0,0.0,1.0]]",p_S_m = R_S_step * p_step_m + t_S_m,STEP_LOCAL:shear_web_screw_-1_-30_-94,S,m,mm,True,True,True,False,True
parking,shear_clip_-1_-30_94,"[[1.0,0.0,0.0,-0.03],[0.0,1.0,0.0,-0.10615000000000001],[0.0,0.0,1.0,0.094],[0.0,0.0,0.0,1.0]]",p_S_m = R_S_step * p_step_m + t_S_m,STEP_LOCAL:shear_clip_-1_-30_94,S,m,mm,True,True,True,False,True
parking,shear_rail_screw_-1_-30_94,"[[1.0,0.0,0.0,0.0],[0.0,1.0,0.0,0.0],[0.0,0.0,1.0,0.0],[0.0,0.0,0.0,1.0]]",p_S_m = R_S_step * p_step_m + t_S_m,STEP_LOCAL:shear_rail_screw_-1_-30_94,S,m,mm,True,True,True,False,True
parking,shear_web_screw_-1_-30_94,"[[1.0,0.0,0.0,0.0],[0.0,1.0,0.0,0.0],[0.0,0.0,1.0,0.0],[0.0,0.0,0.0,1.0]]",p_S_m = R_S_step * p_step_m + t_S_m,STEP_LOCAL:shear_web_screw_-1_-30_94,S,m,mm,True,True,True,False,True
parking,shear_clip_-1_30_-94,"[[1.0,0.0,0.0,0.03],[0.0,1.0,0.0,-0.10615000000000001],[0.0,0.0,1.0,-0.094],[0.0,0.0,0.0,1.0]]",p_S_m = R_S_step * p_step_m + t_S_m,STEP_LOCAL:shear_clip_-1_30_-94,S,m,mm,True,True,True,False,True
parking,shear_rail_screw_-1_30_-94,"[[1.0,0.0,0.0,0.0],[0.0,1.0,0.0,0.0],[0.0,0.0,1.0,0.0],[0.0,0.0,0.0,1.0]]",p_S_m = R_S_step * p_step_m + t_S_m,STEP_LOCAL:shear_rail_screw_-1_30_-94,S,m,mm,True,True,True,False,True
parking,shear_web_screw_-1_30_-94,"[[1.0,0.0,0.0,0.0],[0.0,1.0,0.0,0.0],[0.0,0.0,1.0,0.0],[0.0,0.0,0.0,1.0]]",p_S_m = R_S_step * p_step_m + t_S_m,STEP_LOCAL:shear_web_screw_-1_30_-94,S,m,mm,True,True,True,False,True
parking,shear_clip_-1_30_94,"[[1.0,0.0,0.0,0.03],[0.0,1.0,0.0,-0.10615000000000001],[0.0,0.0,1.0,0.094],[0.0,0.0,0.0,1.0]]",p_S_m = R_S_step * p_step_m + t_S_m,STEP_LOCAL:shear_clip_-1_30_94,S,m,mm,True,True,True,False,True
parking,shear_rail_screw_-1_30_94,"[[1.0,0.0,0.0,0.0],[0.0,1.0,0.0,0.0],[0.0,0.0,1.0,0.0],[0.0,0.0,0.0,1.0]]",p_S_m = R_S_step * p_step_m + t_S_m,STEP_LOCAL:shear_rail_screw_-1_30_94,S,m,mm,True,True,True,False,True
parking,shear_web_screw_-1_30_94,"[[1.0,0.0,0.0,0.0],[0.0,1.0,0.0,0.0],[0.0,0.0,1.0,0.0],[0.0,0.0,0.0,1.0]]",p_S_m = R_S_step * p_step_m + t_S_m,STEP_LOCAL:shear_web_screw_-1_30_94,S,m,mm,True,True,True,False,True
parking,shear_clip_-1_90_-94,"[[1.0,0.0,0.0,0.09],[0.0,1.0,0.0,-0.10615000000000001],[0.0,0.0,1.0,-0.094],[0.0,0.0,0.0,1.0]]",p_S_m = R_S_step * p_step_m + t_S_m,STEP_LOCAL:shear_clip_-1_90_-94,S,m,mm,True,True,True,False,True
parking,shear_rail_screw_-1_90_-94,"[[1.0,0.0,0.0,0.0],[0.0,1.0,0.0,0.0],[0.0,0.0,1.0,0.0],[0.0,0.0,0.0,1.0]]",p_S_m = R_S_step * p_step_m + t_S_m,STEP_LOCAL:shear_rail_screw_-1_90_-94,S,m,mm,True,True,True,False,True
parking,shear_web_screw_-1_90_-94,"[[1.0,0.0,0.0,0.0],[0.0,1.0,0.0,0.0],[0.0,0.0,1.0,0.0],[0.0,0.0,0.0,1.0]]",p_S_m = R_S_step * p_step_m + t_S_m,STEP_LOCAL:shear_web_screw_-1_90_-94,S,m,mm,True,True,True,False,True
parking,shear_clip_-1_90_94,"[[1.0,0.0,0.0,0.09],[0.0,1.0,0.0,-0.10615000000000001],[0.0,0.0,1.0,0.094],[0.0,0.0,0.0,1.0]]",p_S_m = R_S_step * p_step_m + t_S_m,STEP_LOCAL:shear_clip_-1_90_94,S,m,mm,True,True,True,False,True
parking,shear_rail_screw_-1_90_94,"[[1.0,0.0,0.0,0.0],[0.0,1.0,0.0,0.0],[0.0,0.0,1.0,0.0],[0.0,0.0,0.0,1.0]]",p_S_m = R_S_step * p_step_m + t_S_m,STEP_LOCAL:shear_rail_screw_-1_90_94,S,m,mm,True,True,True,False,True
parking,shear_web_screw_-1_90_94,"[[1.0,0.0,0.0,0.0],[0.0,1.0,0.0,0.0],[0.0,0.0,1.0,0.0],[0.0,0.0,0.0,1.0]]",p_S_m = R_S_step * p_step_m + t_S_m,STEP_LOCAL:shear_web_screw_-1_90_94,S,m,mm,True,True,True,False,True
parking,shear_clip_-1_150_-94,"[[1.0,0.0,0.0,0.0],[0.0,1.0,0.0,0.0],[0.0,0.0,1.0,0.0],[0.0,0.0,0.0,1.0]]",p_S_m = R_S_step * p_step_m + t_S_m,STEP_LOCAL:shear_clip_-1_150_-94,S,m,mm,True,True,True,False,True
parking,shear_rail_screw_-1_150_-94,"[[1.0,0.0,0.0,0.0],[0.0,1.0,0.0,0.0],[0.0,0.0,1.0,0.0],[0.0,0.0,0.0,1.0]]",p_S_m = R_S_step * p_step_m + t_S_m,STEP_LOCAL:shear_rail_screw_-1_150_-94,S,m,mm,True,True,True,False,True
parking,shear_clip_-1_150_94,"[[1.0,0.0,0.0,0.0],[0.0,1.0,0.0,0.0],[0.0,0.0,1.0,0.0],[0.0,0.0,0.0,1.0]]",p_S_m = R_S_step * p_step_m + t_S_m,STEP_LOCAL:shear_clip_-1_150_94,S,m,mm,True,True,True,False,True
parking,shear_rail_screw_-1_150_94,"[[1.0,0.0,0.0,0.0],[0.0,1.0,0.0,0.0],[0.0,0.0,1.0,0.0],[0.0,0.0,0.0,1.0]]",p_S_m = R_S_step * p_step_m + t_S_m,STEP_LOCAL:shear_rail_screw_-1_150_94,S,m,mm,True,True,True,False,True
parking,shear_web_1,"[[1.0,0.0,0.0,0.0],[0.0,1.0,0.0,0.0],[0.0,0.0,1.0,0.0],[0.0,0.0,0.0,1.0]]",p_S_m = R_S_step * p_step_m + t_S_m,STEP_LOCAL:shear_web_1,S,m,mm,True,False,True,False,True
parking,shear_clip_1_-150_-94,"[[1.0,0.0,0.0,-0.15],[0.0,1.0,0.0,0.10615000000000001],[0.0,0.0,1.0,-0.094],[0.0,0.0,0.0,1.0]]",p_S_m = R_S_step * p_step_m + t_S_m,STEP_LOCAL:shear_clip_1_-150_-94,S,m,mm,True,True,True,False,True
parking,shear_rail_screw_1_-150_-94,"[[1.0,0.0,0.0,0.0],[0.0,1.0,0.0,0.0],[0.0,0.0,1.0,0.0],[0.0,0.0,0.0,1.0]]",p_S_m = R_S_step * p_step_m + t_S_m,STEP_LOCAL:shear_rail_screw_1_-150_-94,S,m,mm,True,True,True,False,True
parking,shear_web_screw_1_-150_-94,"[[1.0,0.0,0.0,0.0],[0.0,1.0,0.0,0.0],[0.0,0.0,1.0,0.0],[0.0,0.0,0.0,1.0]]",p_S_m = R_S_step * p_step_m + t_S_m,STEP_LOCAL:shear_web_screw_1_-150_-94,S,m,mm,True,True,True,False,True
parking,shear_clip_1_-150_94,"[[1.0,0.0,0.0,-0.15],[0.0,1.0,0.0,0.10615000000000001],[0.0,0.0,1.0,0.094],[0.0,0.0,0.0,1.0]]",p_S_m = R_S_step * p_step_m + t_S_m,STEP_LOCAL:shear_clip_1_-150_94,S,m,mm,True,True,True,False,True
parking,shear_rail_screw_1_-150_94,"[[1.0,0.0,0.0,0.0],[0.0,1.0,0.0,0.0],[0.0,0.0,1.0,0.0],[0.0,0.0,0.0,1.0]]",p_S_m = R_S_step * p_step_m + t_S_m,STEP_LOCAL:shear_rail_screw_1_-150_94,S,m,mm,True,True,True,False,True
parking,shear_web_screw_1_-150_94,"[[1.0,0.0,0.0,0.0],[0.0,1.0,0.0,0.0],[0.0,0.0,1.0,0.0],[0.0,0.0,0.0,1.0]]",p_S_m = R_S_step * p_step_m + t_S_m,STEP_LOCAL:shear_web_screw_1_-150_94,S,m,mm,True,True,True,False,True
parking,shear_clip_1_-90_-94,"[[1.0,0.0,0.0,-0.09],[0.0,1.0,0.0,0.10615000000000001],[0.0,0.0,1.0,-0.094],[0.0,0.0,0.0,1.0]]",p_S_m = R_S_step * p_step_m + t_S_m,STEP_LOCAL:shear_clip_1_-90_-94,S,m,mm,True,True,True,False,True
parking,shear_rail_screw_1_-90_-94,"[[1.0,0.0,0.0,0.0],[0.0,1.0,0.0,0.0],[0.0,0.0,1.0,0.0],[0.0,0.0,0.0,1.0]]",p_S_m = R_S_step * p_step_m + t_S_m,STEP_LOCAL:shear_rail_screw_1_-90_-94,S,m,mm,True,True,True,False,True
parking,shear_web_screw_1_-90_-94,"[[1.0,0.0,0.0,0.0],[0.0,1.0,0.0,0.0],[0.0,0.0,1.0,0.0],[0.0,0.0,0.0,1.0]]",p_S_m = R_S_step * p_step_m + t_S_m,STEP_LOCAL:shear_web_screw_1_-90_-94,S,m,mm,True,True,True,False,True
parking,shear_clip_1_-90_94,"[[1.0,0.0,0.0,-0.09],[0.0,1.0,0.0,0.10615000000000001],[0.0,0.0,1.0,0.094],[0.0,0.0,0.0,1.0]]",p_S_m = R_S_step * p_step_m + t_S_m,STEP_LOCAL:shear_clip_1_-90_94,S,m,mm,True,True,True,False,True
parking,shear_rail_screw_1_-90_94,"[[1.0,0.0,0.0,0.0],[0.0,1.0,0.0,0.0],[0.0,0.0,1.0,0.0],[0.0,0.0,0.0,1.0]]",p_S_m = R_S_step * p_step_m + t_S_m,STEP_LOCAL:shear_rail_screw_1_-90_94,S,m,mm,True,True,True,False,True
parking,shear_web_screw_1_-90_94,"[[1.0,0.0,0.0,0.0],[0.0,1.0,0.0,0.0],[0.0,0.0,1.0,0.0],[0.0,0.0,0.0,1.0]]",p_S_m = R_S_step * p_step_m + t_S_m,STEP_LOCAL:shear_web_screw_1_-90_94,S,m,mm,True,True,True,False,True
parking,shear_clip_1_-30_-94,"[[1.0,0.0,0.0,-0.03],[0.0,1.0,0.0,0.10615000000000001],[0.0,0.0,1.0,-0.094],[0.0,0.0,0.0,1.0]]",p_S_m = R_S_step * p_step_m + t_S_m,STEP_LOCAL:shear_clip_1_-30_-94,S,m,mm,True,True,True,False,True
parking,shear_rail_screw_1_-30_-94,"[[1.0,0.0,0.0,0.0],[0.0,1.0,0.0,0.0],[0.0,0.0,1.0,0.0],[0.0,0.0,0.0,1.0]]",p_S_m = R_S_step * p_step_m + t_S_m,STEP_LOCAL:shear_rail_screw_1_-30_-94,S,m,mm,True,True,True,False,True
parking,shear_web_screw_1_-30_-94,"[[1.0,0.0,0.0,0.0],[0.0,1.0,0.0,0.0],[0.0,0.0,1.0,0.0],[0.0,0.0,0.0,1.0]]",p_S_m = R_S_step * p_step_m + t_S_m,STEP_LOCAL:shear_web_screw_1_-30_-94,S,m,mm,True,True,True,False,True
parking,shear_clip_1_-30_94,"[[1.0,0.0,0.0,-0.03],[0.0,1.0,0.0,0.10615000000000001],[0.0,0.0,1.0,0.094],[0.0,0.0,0.0,1.0]]",p_S_m = R_S_step * p_step_m + t_S_m,STEP_LOCAL:shear_clip_1_-30_94,S,m,mm,True,True,True,False,True
parking,shear_rail_screw_1_-30_94,"[[1.0,0.0,0.0,0.0],[0.0,1.0,0.0,0.0],[0.0,0.0,1.0,0.0],[0.0,0.0,0.0,1.0]]",p_S_m = R_S_step * p_step_m + t_S_m,STEP_LOCAL:shear_rail_screw_1_-30_94,S,m,mm,True,True,True,False,True
parking,shear_web_screw_1_-30_94,"[[1.0,0.0,0.0,0.0],[0.0,1.0,0.0,0.0],[0.0,0.0,1.0,0.0],[0.0,0.0,0.0,1.0]]",p_S_m = R_S_step * p_step_m + t_S_m,STEP_LOCAL:shear_web_screw_1_-30_94,S,m,mm,True,True,True,False,True
parking,shear_clip_1_30_-94,"[[1.0,0.0,0.0,0.03],[0.0,1.0,0.0,0.10615000000000001],[0.0,0.0,1.0,-0.094],[0.0,0.0,0.0,1.0]]",p_S_m = R_S_step * p_step_m + t_S_m,STEP_LOCAL:shear_clip_1_30_-94,S,m,mm,True,True,True,False,True
parking,shear_rail_screw_1_30_-94,"[[1.0,0.0,0.0,0.0],[0.0,1.0,0.0,0.0],[0.0,0.0,1.0,0.0],[0.0,0.0,0.0,1.0]]",p_S_m = R_S_step * p_step_m + t_S_m,STEP_LOCAL:shear_rail_screw_1_30_-94,S,m,mm,True,True,True,False,True
parking,shear_web_screw_1_30_-94,"[[1.0,0.0,0.0,0.0],[0.0,1.0,0.0,0.0],[0.0,0.0,1.0,0.0],[0.0,0.0,0.0,1.0]]",p_S_m = R_S_step * p_step_m + t_S_m,STEP_LOCAL:shear_web_screw_1_30_-94,S,m,mm,True,True,True,False,True
parking,shear_clip_1_30_94,"[[1.0,0.0,0.0,0.03],[0.0,1.0,0.0,0.10615000000000001],[0.0,0.0,1.0,0.094],[0.0,0.0,0.0,1.0]]",p_S_m = R_S_step * p_step_m + t_S_m,STEP_LOCAL:shear_clip_1_30_94,S,m,mm,True,True,True,False,True
parking,shear_rail_screw_1_30_94,"[[1.0,0.0,0.0,0.0],[0.0,1.0,0.0,0.0],[0.0,0.0,1.0,0.0],[0.0,0.0,0.0,1.0]]",p_S_m = R_S_step * p_step_m + t_S_m,STEP_LOCAL:shear_rail_screw_1_30_94,S,m,mm,True,True,True,False,True
parking,shear_web_screw_1_30_94,"[[1.0,0.0,0.0,0.0],[0.0,1.0,0.0,0.0],[0.0,0.0,1.0,0.0],[0.0,0.0,0.0,1.0]]",p_S_m = R_S_step * p_step_m + t_S_m,STEP_LOCAL:shear_web_screw_1_30_94,S,m,mm,True,True,True,False,True
parking,shear_clip_1_90_-94,"[[1.0,0.0,0.0,0.09],[0.0,1.0,0.0,0.10615000000000001],[0.0,0.0,1.0,-0.094],[0.0,0.0,0.0,1.0]]",p_S_m = R_S_step * p_step_m + t_S_m,STEP_LOCAL:shear_clip_1_90_-94,S,m,mm,True,True,True,False,True
parking,shear_rail_screw_1_90_-94,"[[1.0,0.0,0.0,0.0],[0.0,1.0,0.0,0.0],[0.0,0.0,1.0,0.0],[0.0,0.0,0.0,1.0]]",p_S_m = R_S_step * p_step_m + t_S_m,STEP_LOCAL:shear_rail_screw_1_90_-94,S,m,mm,True,True,True,False,True
parking,shear_web_screw_1_90_-94,"[[1.0,0.0,0.0,0.0],[0.0,1.0,0.0,0.0],[0.0,0.0,1.0,0.0],[0.0,0.0,0.0,1.0]]",p_S_m = R_S_step * p_step_m + t_S_m,STEP_LOCAL:shear_web_screw_1_90_-94,S,m,mm,True,True,True,False,True
parking,shear_clip_1_90_94,"[[1.0,0.0,0.0,0.09],[0.0,1.0,0.0,0.10615000000000001],[0.0,0.0,1.0,0.094],[0.0,0.0,0.0,1.0]]",p_S_m = R_S_step * p_step_m + t_S_m,STEP_LOCAL:shear_clip_1_90_94,S,m,mm,True,True,True,False,True
parking,shear_rail_screw_1_90_94,"[[1.0,0.0,0.0,0.0],[0.0,1.0,0.0,0.0],[0.0,0.0,1.0,0.0],[0.0,0.0,0.0,1.0]]",p_S_m = R_S_step * p_step_m + t_S_m,STEP_LOCAL:shear_rail_screw_1_90_94,S,m,mm,True,True,True,False,True
parking,shear_web_screw_1_90_94,"[[1.0,0.0,0.0,0.0],[0.0,1.0,0.0,0.0],[0.0,0.0,1.0,0.0],[0.0,0.0,0.0,1.0]]",p_S_m = R_S_step * p_step_m + t_S_m,STEP_LOCAL:shear_web_screw_1_90_94,S,m,mm,True,True,True,False,True
parking,shear_clip_1_150_-94,"[[1.0,0.0,0.0,0.0],[0.0,1.0,0.0,0.0],[0.0,0.0,1.0,0.0],[0.0,0.0,0.0,1.0]]",p_S_m = R_S_step * p_step_m + t_S_m,STEP_LOCAL:shear_clip_1_150_-94,S,m,mm,True,True,True,False,True
parking,shear_rail_screw_1_150_-94,"[[1.0,0.0,0.0,0.0],[0.0,1.0,0.0,0.0],[0.0,0.0,1.0,0.0],[0.0,0.0,0.0,1.0]]",p_S_m = R_S_step * p_step_m + t_S_m,STEP_LOCAL:shear_rail_screw_1_150_-94,S,m,mm,True,True,True,False,True
parking,shear_clip_1_150_94,"[[1.0,0.0,0.0,0.0],[0.0,1.0,0.0,0.0],[0.0,0.0,1.0,0.0],[0.0,0.0,0.0,1.0]]",p_S_m = R_S_step * p_step_m + t_S_m,STEP_LOCAL:shear_clip_1_150_94,S,m,mm,True,True,True,False,True
parking,shear_rail_screw_1_150_94,"[[1.0,0.0,0.0,0.0],[0.0,1.0,0.0,0.0],[0.0,0.0,1.0,0.0],[0.0,0.0,0.0,1.0]]",p_S_m = R_S_step * p_step_m + t_S_m,STEP_LOCAL:shear_rail_screw_1_150_94,S,m,mm,True,True,True,False,True
parking,lower_deck_angle_-1_0,"[[1.0,0.0,0.0,0.0],[0.0,1.0,0.0,0.0],[0.0,0.0,1.0,0.0],[0.0,0.0,0.0,1.0]]",p_S_m = R_S_step * p_step_m + t_S_m,STEP_LOCAL:lower_deck_angle_-1_0,S,m,mm,True,False,False,False,True
parking,lower_deck_angle_-1_1,"[[1.0,0.0,0.0,0.0],[0.0,1.0,0.0,0.0],[0.0,0.0,1.0,0.0],[0.0,0.0,0.0,1.0]]",p_S_m = R_S_step * p_step_m + t_S_m,STEP_LOCAL:lower_deck_angle_-1_1,S,m,mm,True,False,True,False,True
parking,lower_deck_angle_1_0,"[[1.0,0.0,0.0,0.0],[0.0,1.0,0.0,0.0],[0.0,0.0,1.0,0.0],[0.0,0.0,0.0,1.0]]",p_S_m = R_S_step * p_step_m + t_S_m,STEP_LOCAL:lower_deck_angle_1_0,S,m,mm,True,False,False,False,True
parking,lower_deck_angle_1_1,"[[1.0,0.0,0.0,0.0],[0.0,1.0,0.0,0.0],[0.0,0.0,1.0,0.0],[0.0,0.0,0.0,1.0]]",p_S_m = R_S_step * p_step_m + t_S_m,STEP_LOCAL:lower_deck_angle_1_1,S,m,mm,True,False,True,False,True
parking,upper_deck_angle_-1_0,"[[1.0,0.0,0.0,-0.07775],[0.0,1.0,0.0,-0.09615000000000001],[0.0,0.0,1.0,-0.013000000000000001],[0.0,0.0,0.0,1.0]]",p_S_m = R_S_step * p_step_m + t_S_m,STEP_LOCAL:upper_deck_angle_-1_0,S,m,mm,True,True,True,False,True
parking,upper_deck_angle_-1_1,"[[1.0,0.0,0.0,0.09],[0.0,1.0,0.0,-0.09615000000000001],[0.0,0.0,1.0,-0.013000000000000001],[0.0,0.0,0.0,1.0]]",p_S_m = R_S_step * p_step_m + t_S_m,STEP_LOCAL:upper_deck_angle_-1_1,S,m,mm,True,True,True,False,True
parking,upper_deck_angle_1_0,"[[1.0,0.0,0.0,-0.07775],[0.0,1.0,0.0,0.09615000000000001],[0.0,0.0,1.0,-0.013000000000000001],[0.0,0.0,0.0,1.0]]",p_S_m = R_S_step * p_step_m + t_S_m,STEP_LOCAL:upper_deck_angle_1_0,S,m,mm,True,True,True,False,True
parking,upper_deck_angle_1_1,"[[1.0,0.0,0.0,0.09],[0.0,1.0,0.0,0.09615000000000001],[0.0,0.0,1.0,-0.013000000000000001],[0.0,0.0,0.0,1.0]]",p_S_m = R_S_step * p_step_m + t_S_m,STEP_LOCAL:upper_deck_angle_1_1,S,m,mm,True,True,True,False,True
parking,R01_D_lower_-1_-150_screw,"[[1.0,0.0,0.0,0.0],[0.0,1.0,0.0,0.0],[0.0,0.0,1.0,0.0],[0.0,0.0,0.0,1.0]]",p_S_m = R_S_step * p_step_m + t_S_m,STEP_LOCAL:R01_D_lower_-1_-150_screw,S,m,mm,True,True,True,False,True
parking,R01_D_lower_-1_-150_washer_head,"[[1.0,0.0,0.0,0.0],[0.0,1.0,0.0,0.0],[0.0,0.0,1.0,0.0],[0.0,0.0,0.0,1.0]]",p_S_m = R_S_step * p_step_m + t_S_m,STEP_LOCAL:R01_D_lower_-1_-150_washer_head,S,m,mm,True,True,True,False,True
parking,R01_D_lower_-1_-150_washer_nut,"[[1.0,0.0,0.0,0.0],[0.0,1.0,0.0,0.0],[0.0,0.0,1.0,0.0],[0.0,0.0,0.0,1.0]]",p_S_m = R_S_step * p_step_m + t_S_m,STEP_LOCAL:R01_D_lower_-1_-150_washer_nut,S,m,mm,True,True,True,False,True
parking,R01_D_lower_-1_-150_nut,"[[1.0,0.0,0.0,0.0],[0.0,1.0,0.0,0.0],[0.0,0.0,1.0,0.0],[0.0,0.0,0.0,1.0]]",p_S_m = R_S_step * p_step_m + t_S_m,STEP_LOCAL:R01_D_lower_-1_-150_nut,S,m,mm,True,True,True,False,True
parking,R01_D_lower_-1_-50_screw,"[[1.0,0.0,0.0,0.0],[0.0,1.0,0.0,0.0],[0.0,0.0,1.0,0.0],[0.0,0.0,0.0,1.0]]",p_S_m = R_S_step * p_step_m + t_S_m,STEP_LOCAL:R01_D_lower_-1_-50_screw,S,m,mm,True,True,True,False,True
parking,R01_D_lower_-1_-50_washer_head,"[[1.0,0.0,0.0,0.0],[0.0,1.0,0.0,0.0],[0.0,0.0,1.0,0.0],[0.0,0.0,0.0,1.0]]",p_S_m = R_S_step * p_step_m + t_S_m,STEP_LOCAL:R01_D_lower_-1_-50_washer_head,S,m,mm,True,True,True,False,True
parking,R01_D_lower_-1_-50_washer_nut,"[[1.0,0.0,0.0,0.0],[0.0,1.0,0.0,0.0],[0.0,0.0,1.0,0.0],[0.0,0.0,0.0,1.0]]",p_S_m = R_S_step * p_step_m + t_S_m,STEP_LOCAL:R01_D_lower_-1_-50_washer_nut,S,m,mm,True,True,True,False,True
parking,R01_D_lower_-1_-50_nut,"[[1.0,0.0,0.0,0.0],[0.0,1.0,0.0,0.0],[0.0,0.0,1.0,0.0],[0.0,0.0,0.0,1.0]]",p_S_m = R_S_step * p_step_m + t_S_m,STEP_LOCAL:R01_D_lower_-1_-50_nut,S,m,mm,True,True,True,False,True
parking,R01_W_lower_-1_-130_screw,"[[1.0,0.0,0.0,0.0],[0.0,1.0,0.0,0.0],[0.0,0.0,1.0,0.0],[0.0,0.0,0.0,1.0]]",p_S_m = R_S_step * p_step_m + t_S_m,STEP_LOCAL:R01_W_lower_-1_-130_screw,S,m,mm,True,True,True,False,True
parking,R01_W_lower_-1_-130_washer_head,"[[1.0,0.0,0.0,0.0],[0.0,1.0,0.0,0.0],[0.0,0.0,1.0,0.0],[0.0,0.0,0.0,1.0]]",p_S_m = R_S_step * p_step_m + t_S_m,STEP_LOCAL:R01_W_lower_-1_-130_washer_head,S,m,mm,True,True,True,False,True
parking,R01_W_lower_-1_-130_washer_nut,"[[1.0,0.0,0.0,0.0],[0.0,1.0,0.0,0.0],[0.0,0.0,1.0,0.0],[0.0,0.0,0.0,1.0]]",p_S_m = R_S_step * p_step_m + t_S_m,STEP_LOCAL:R01_W_lower_-1_-130_washer_nut,S,m,mm,True,True,True,False,True
parking,R01_W_lower_-1_-130_nut,"[[1.0,0.0,0.0,0.0],[0.0,1.0,0.0,0.0],[0.0,0.0,1.0,0.0],[0.0,0.0,0.0,1.0]]",p_S_m = R_S_step * p_step_m + t_S_m,STEP_LOCAL:R01_W_lower_-1_-130_nut,S,m,mm,True,True,True,False,True
parking,R01_W_lower_-1_-70_screw,"[[1.0,0.0,0.0,0.0],[0.0,1.0,0.0,0.0],[0.0,0.0,1.0,0.0],[0.0,0.0,0.0,1.0]]",p_S_m = R_S_step * p_step_m + t_S_m,STEP_LOCAL:R01_W_lower_-1_-70_screw,S,m,mm,True,True,True,False,True
parking,R01_W_lower_-1_-70_washer_head,"[[1.0,0.0,0.0,0.0],[0.0,1.0,0.0,0.0],[0.0,0.0,1.0,0.0],[0.0,0.0,0.0,1.0]]",p_S_m = R_S_step * p_step_m + t_S_m,STEP_LOCAL:R01_W_lower_-1_-70_washer_head,S,m,mm,True,True,True,False,True
parking,R01_W_lower_-1_-70_washer_nut,"[[1.0,0.0,0.0,0.0],[0.0,1.0,0.0,0.0],[0.0,0.0,1.0,0.0],[0.0,0.0,0.0,1.0]]",p_S_m = R_S_step * p_step_m + t_S_m,STEP_LOCAL:R01_W_lower_-1_-70_washer_nut,S,m,mm,True,True,True,False,True
parking,R01_W_lower_-1_-70_nut,"[[1.0,0.0,0.0,0.0],[0.0,1.0,0.0,0.0],[0.0,0.0,1.0,0.0],[0.0,0.0,0.0,1.0]]",p_S_m = R_S_step * p_step_m + t_S_m,STEP_LOCAL:R01_W_lower_-1_-70_nut,S,m,mm,True,True,True,False,True
parking,R01_D_lower_-1_50_screw,"[[1.0,0.0,0.0,0.0],[0.0,1.0,0.0,0.0],[0.0,0.0,1.0,0.0],[0.0,0.0,0.0,1.0]]",p_S_m = R_S_step * p_step_m + t_S_m,STEP_LOCAL:R01_D_lower_-1_50_screw,S,m,mm,True,True,True,False,True
parking,R01_D_lower_-1_50_washer_head,"[[1.0,0.0,0.0,0.0],[0.0,1.0,0.0,0.0],[0.0,0.0,1.0,0.0],[0.0,0.0,0.0,1.0]]",p_S_m = R_S_step * p_step_m + t_S_m,STEP_LOCAL:R01_D_lower_-1_50_washer_head,S,m,mm,True,True,True,False,True
parking,R01_D_lower_-1_50_washer_nut,"[[1.0,0.0,0.0,0.0],[0.0,1.0,0.0,0.0],[0.0,0.0,1.0,0.0],[0.0,0.0,0.0,1.0]]",p_S_m = R_S_step * p_step_m + t_S_m,STEP_LOCAL:R01_D_lower_-1_50_washer_nut,S,m,mm,True,True,True,False,True
parking,R01_D_lower_-1_50_nut,"[[1.0,0.0,0.0,0.0],[0.0,1.0,0.0,0.0],[0.0,0.0,1.0,0.0],[0.0,0.0,0.0,1.0]]",p_S_m = R_S_step * p_step_m + t_S_m,STEP_LOCAL:R01_D_lower_-1_50_nut,S,m,mm,True,True,True,False,True
parking,R01_D_lower_-1_140_screw,"[[1.0,0.0,0.0,0.0],[0.0,1.0,0.0,0.0],[0.0,0.0,1.0,0.0],[0.0,0.0,0.0,1.0]]",p_S_m = R_S_step * p_step_m + t_S_m,STEP_LOCAL:R01_D_lower_-1_140_screw,S,m,mm,True,True,True,False,True
parking,R01_D_lower_-1_140_washer_head,"[[1.0,0.0,0.0,0.0],[0.0,1.0,0.0,0.0],[0.0,0.0,1.0,0.0],[0.0,0.0,0.0,1.0]]",p_S_m = R_S_step * p_step_m + t_S_m,STEP_LOCAL:R01_D_lower_-1_140_washer_head,S,m,mm,True,True,True,False,True
parking,R01_D_lower_-1_140_washer_nut,"[[1.0,0.0,0.0,0.0],[0.0,1.0,0.0,0.0],[0.0,0.0,1.0,0.0],[0.0,0.0,0.0,1.0]]",p_S_m = R_S_step * p_step_m + t_S_m,STEP_LOCAL:R01_D_lower_-1_140_washer_nut,S,m,mm,True,True,True,False,True
parking,R01_D_lower_-1_140_nut,"[[1.0,0.0,0.0,0.0],[0.0,1.0,0.0,0.0],[0.0,0.0,1.0,0.0],[0.0,0.0,0.0,1.0]]",p_S_m = R_S_step * p_step_m + t_S_m,STEP_LOCAL:R01_D_lower_-1_140_nut,S,m,mm,True,True,True,False,True
parking,R01_W_lower_-1_60_screw,"[[1.0,0.0,0.0,0.0],[0.0,1.0,0.0,0.0],[0.0,0.0,1.0,0.0],[0.0,0.0,0.0,1.0]]",p_S_m = R_S_step * p_step_m + t_S_m,STEP_LOCAL:R01_W_lower_-1_60_screw,S,m,mm,True,True,True,False,True
parking,R01_W_lower_-1_60_washer_head,"[[1.0,0.0,0.0,0.0],[0.0,1.0,0.0,0.0],[0.0,0.0,1.0,0.0],[0.0,0.0,0.0,1.0]]",p_S_m = R_S_step * p_step_m + t_S_m,STEP_LOCAL:R01_W_lower_-1_60_washer_head,S,m,mm,True,True,True,False,True
parking,R01_W_lower_-1_60_washer_nut,"[[1.0,0.0,0.0,0.0],[0.0,1.0,0.0,0.0],[0.0,0.0,1.0,0.0],[0.0,0.0,0.0,1.0]]",p_S_m = R_S_step * p_step_m + t_S_m,STEP_LOCAL:R01_W_lower_-1_60_washer_nut,S,m,mm,True,True,True,False,True
parking,R01_W_lower_-1_60_nut,"[[1.0,0.0,0.0,0.0],[0.0,1.0,0.0,0.0],[0.0,0.0,1.0,0.0],[0.0,0.0,0.0,1.0]]",p_S_m = R_S_step * p_step_m + t_S_m,STEP_LOCAL:R01_W_lower_-1_60_nut,S,m,mm,True,True,True,False,True
parking,R01_W_lower_-1_130_screw,"[[1.0,0.0,0.0,0.0],[0.0,1.0,0.0,0.0],[0.0,0.0,1.0,0.0],[0.0,0.0,0.0,1.0]]",p_S_m = R_S_step * p_step_m + t_S_m,STEP_LOCAL:R01_W_lower_-1_130_screw,S,m,mm,True,True,True,False,True
parking,R01_W_lower_-1_130_washer_head,"[[1.0,0.0,0.0,0.0],[0.0,1.0,0.0,0.0],[0.0,0.0,1.0,0.0],[0.0,0.0,0.0,1.0]]",p_S_m = R_S_step * p_step_m + t_S_m,STEP_LOCAL:R01_W_lower_-1_130_washer_head,S,m,mm,True,True,True,False,True
parking,R01_W_lower_-1_130_washer_nut,"[[1.0,0.0,0.0,0.0],[0.0,1.0,0.0,0.0],[0.0,0.0,1.0,0.0],[0.0,0.0,0.0,1.0]]",p_S_m = R_S_step * p_step_m + t_S_m,STEP_LOCAL:R01_W_lower_-1_130_washer_nut,S,m,mm,True,True,True,False,True
parking,R01_W_lower_-1_130_nut,"[[1.0,0.0,0.0,0.0],[0.0,1.0,0.0,0.0],[0.0,0.0,1.0,0.0],[0.0,0.0,0.0,1.0]]",p_S_m = R_S_step * p_step_m + t_S_m,STEP_LOCAL:R01_W_lower_-1_130_nut,S,m,mm,True,True,True,False,True
parking,R01_D_lower_1_-150_screw,"[[1.0,0.0,0.0,0.0],[0.0,1.0,0.0,0.0],[0.0,0.0,1.0,0.0],[0.0,0.0,0.0,1.0]]",p_S_m = R_S_step * p_step_m + t_S_m,STEP_LOCAL:R01_D_lower_1_-150_screw,S,m,mm,True,True,True,False,True
parking,R01_D_lower_1_-150_washer_head,"[[1.0,0.0,0.0,0.0],[0.0,1.0,0.0,0.0],[0.0,0.0,1.0,0.0],[0.0,0.0,0.0,1.0]]",p_S_m = R_S_step * p_step_m + t_S_m,STEP_LOCAL:R01_D_lower_1_-150_washer_head,S,m,mm,True,True,True,False,True
parking,R01_D_lower_1_-150_washer_nut,"[[1.0,0.0,0.0,0.0],[0.0,1.0,0.0,0.0],[0.0,0.0,1.0,0.0],[0.0,0.0,0.0,1.0]]",p_S_m = R_S_step * p_step_m + t_S_m,STEP_LOCAL:R01_D_lower_1_-150_washer_nut,S,m,mm,True,True,True,False,True
parking,R01_D_lower_1_-150_nut,"[[1.0,0.0,0.0,0.0],[0.0,1.0,0.0,0.0],[0.0,0.0,1.0,0.0],[0.0,0.0,0.0,1.0]]",p_S_m = R_S_step * p_step_m + t_S_m,STEP_LOCAL:R01_D_lower_1_-150_nut,S,m,mm,True,True,True,False,True
parking,R01_D_lower_1_-50_screw,"[[1.0,0.0,0.0,0.0],[0.0,1.0,0.0,0.0],[0.0,0.0,1.0,0.0],[0.0,0.0,0.0,1.0]]",p_S_m = R_S_step * p_step_m + t_S_m,STEP_LOCAL:R01_D_lower_1_-50_screw,S,m,mm,True,True,True,False,True
parking,R01_D_lower_1_-50_washer_head,"[[1.0,0.0,0.0,0.0],[0.0,1.0,0.0,0.0],[0.0,0.0,1.0,0.0],[0.0,0.0,0.0,1.0]]",p_S_m = R_S_step * p_step_m + t_S_m,STEP_LOCAL:R01_D_lower_1_-50_washer_head,S,m,mm,True,True,True,False,True
parking,R01_D_lower_1_-50_washer_nut,"[[1.0,0.0,0.0,0.0],[0.0,1.0,0.0,0.0],[0.0,0.0,1.0,0.0],[0.0,0.0,0.0,1.0]]",p_S_m = R_S_step * p_step_m + t_S_m,STEP_LOCAL:R01_D_lower_1_-50_washer_nut,S,m,mm,True,True,True,False,True
parking,R01_D_lower_1_-50_nut,"[[1.0,0.0,0.0,0.0],[0.0,1.0,0.0,0.0],[0.0,0.0,1.0,0.0],[0.0,0.0,0.0,1.0]]",p_S_m = R_S_step * p_step_m + t_S_m,STEP_LOCAL:R01_D_lower_1_-50_nut,S,m,mm,True,True,True,False,True
parking,R01_W_lower_1_-130_screw,"[[1.0,0.0,0.0,0.0],[0.0,1.0,0.0,0.0],[0.0,0.0,1.0,0.0],[0.0,0.0,0.0,1.0]]",p_S_m = R_S_step * p_step_m + t_S_m,STEP_LOCAL:R01_W_lower_1_-130_screw,S,m,mm,True,True,True,False,True
parking,R01_W_lower_1_-130_washer_head,"[[1.0,0.0,0.0,0.0],[0.0,1.0,0.0,0.0],[0.0,0.0,1.0,0.0],[0.0,0.0,0.0,1.0]]",p_S_m = R_S_step * p_step_m + t_S_m,STEP_LOCAL:R01_W_lower_1_-130_washer_head,S,m,mm,True,True,True,False,True
parking,R01_W_lower_1_-130_washer_nut,"[[1.0,0.0,0.0,0.0],[0.0,1.0,0.0,0.0],[0.0,0.0,1.0,0.0],[0.0,0.0,0.0,1.0]]",p_S_m = R_S_step * p_step_m + t_S_m,STEP_LOCAL:R01_W_lower_1_-130_washer_nut,S,m,mm,True,True,True,False,True
parking,R01_W_lower_1_-130_nut,"[[1.0,0.0,0.0,0.0],[0.0,1.0,0.0,0.0],[0.0,0.0,1.0,0.0],[0.0,0.0,0.0,1.0]]",p_S_m = R_S_step * p_step_m + t_S_m,STEP_LOCAL:R01_W_lower_1_-130_nut,S,m,mm,True,True,True,False,True
parking,R01_W_lower_1_-70_screw,"[[1.0,0.0,0.0,0.0],[0.0,1.0,0.0,0.0],[0.0,0.0,1.0,0.0],[0.0,0.0,0.0,1.0]]",p_S_m = R_S_step * p_step_m + t_S_m,STEP_LOCAL:R01_W_lower_1_-70_screw,S,m,mm,True,True,True,False,True
parking,R01_W_lower_1_-70_washer_head,"[[1.0,0.0,0.0,0.0],[0.0,1.0,0.0,0.0],[0.0,0.0,1.0,0.0],[0.0,0.0,0.0,1.0]]",p_S_m = R_S_step * p_step_m + t_S_m,STEP_LOCAL:R01_W_lower_1_-70_washer_head,S,m,mm,True,True,True,False,True
parking,R01_W_lower_1_-70_washer_nut,"[[1.0,0.0,0.0,0.0],[0.0,1.0,0.0,0.0],[0.0,0.0,1.0,0.0],[0.0,0.0,0.0,1.0]]",p_S_m = R_S_step * p_step_m + t_S_m,STEP_LOCAL:R01_W_lower_1_-70_washer_nut,S,m,mm,True,True,True,False,True
parking,R01_W_lower_1_-70_nut,"[[1.0,0.0,0.0,0.0],[0.0,1.0,0.0,0.0],[0.0,0.0,1.0,0.0],[0.0,0.0,0.0,1.0]]",p_S_m = R_S_step * p_step_m + t_S_m,STEP_LOCAL:R01_W_lower_1_-70_nut,S,m,mm,True,True,True,False,True
parking,R01_D_lower_1_50_screw,"[[1.0,0.0,0.0,0.0],[0.0,1.0,0.0,0.0],[0.0,0.0,1.0,0.0],[0.0,0.0,0.0,1.0]]",p_S_m = R_S_step * p_step_m + t_S_m,STEP_LOCAL:R01_D_lower_1_50_screw,S,m,mm,True,True,True,False,True
parking,R01_D_lower_1_50_washer_head,"[[1.0,0.0,0.0,0.0],[0.0,1.0,0.0,0.0],[0.0,0.0,1.0,0.0],[0.0,0.0,0.0,1.0]]",p_S_m = R_S_step * p_step_m + t_S_m,STEP_LOCAL:R01_D_lower_1_50_washer_head,S,m,mm,True,True,True,False,True
parking,R01_D_lower_1_50_washer_nut,"[[1.0,0.0,0.0,0.0],[0.0,1.0,0.0,0.0],[0.0,0.0,1.0,0.0],[0.0,0.0,0.0,1.0]]",p_S_m = R_S_step * p_step_m + t_S_m,STEP_LOCAL:R01_D_lower_1_50_washer_nut,S,m,mm,True,True,True,False,True
parking,R01_D_lower_1_50_nut,"[[1.0,0.0,0.0,0.0],[0.0,1.0,0.0,0.0],[0.0,0.0,1.0,0.0],[0.0,0.0,0.0,1.0]]",p_S_m = R_S_step * p_step_m + t_S_m,STEP_LOCAL:R01_D_lower_1_50_nut,S,m,mm,True,True,True,False,True
parking,R01_D_lower_1_140_screw,"[[1.0,0.0,0.0,0.0],[0.0,1.0,0.0,0.0],[0.0,0.0,1.0,0.0],[0.0,0.0,0.0,1.0]]",p_S_m = R_S_step * p_step_m + t_S_m,STEP_LOCAL:R01_D_lower_1_140_screw,S,m,mm,True,True,True,False,True
parking,R01_D_lower_1_140_washer_head,"[[1.0,0.0,0.0,0.0],[0.0,1.0,0.0,0.0],[0.0,0.0,1.0,0.0],[0.0,0.0,0.0,1.0]]",p_S_m = R_S_step * p_step_m + t_S_m,STEP_LOCAL:R01_D_lower_1_140_washer_head,S,m,mm,True,True,True,False,True
parking,R01_D_lower_1_140_washer_nut,"[[1.0,0.0,0.0,0.0],[0.0,1.0,0.0,0.0],[0.0,0.0,1.0,0.0],[0.0,0.0,0.0,1.0]]",p_S_m = R_S_step * p_step_m + t_S_m,STEP_LOCAL:R01_D_lower_1_140_washer_nut,S,m,mm,True,True,True,False,True
parking,R01_D_lower_1_140_nut,"[[1.0,0.0,0.0,0.0],[0.0,1.0,0.0,0.0],[0.0,0.0,1.0,0.0],[0.0,0.0,0.0,1.0]]",p_S_m = R_S_step * p_step_m + t_S_m,STEP_LOCAL:R01_D_lower_1_140_nut,S,m,mm,True,True,True,False,True
parking,R01_W_lower_1_60_screw,"[[1.0,0.0,0.0,0.0],[0.0,1.0,0.0,0.0],[0.0,0.0,1.0,0.0],[0.0,0.0,0.0,1.0]]",p_S_m = R_S_step * p_step_m + t_S_m,STEP_LOCAL:R01_W_lower_1_60_screw,S,m,mm,True,True,True,False,True
parking,R01_W_lower_1_60_washer_head,"[[1.0,0.0,0.0,0.0],[0.0,1.0,0.0,0.0],[0.0,0.0,1.0,0.0],[0.0,0.0,0.0,1.0]]",p_S_m = R_S_step * p_step_m + t_S_m,STEP_LOCAL:R01_W_lower_1_60_washer_head,S,m,mm,True,True,True,False,True
parking,R01_W_lower_1_60_washer_nut,"[[1.0,0.0,0.0,0.0],[0.0,1.0,0.0,0.0],[0.0,0.0,1.0,0.0],[0.0,0.0,0.0,1.0]]",p_S_m = R_S_step * p_step_m + t_S_m,STEP_LOCAL:R01_W_lower_1_60_washer_nut,S,m,mm,True,True,True,False,True
parking,R01_W_lower_1_60_nut,"[[1.0,0.0,0.0,0.0],[0.0,1.0,0.0,0.0],[0.0,0.0,1.0,0.0],[0.0,0.0,0.0,1.0]]",p_S_m = R_S_step * p_step_m + t_S_m,STEP_LOCAL:R01_W_lower_1_60_nut,S,m,mm,True,True,True,False,True
parking,R01_W_lower_1_130_screw,"[[1.0,0.0,0.0,0.0],[0.0,1.0,0.0,0.0],[0.0,0.0,1.0,0.0],[0.0,0.0,0.0,1.0]]",p_S_m = R_S_step * p_step_m + t_S_m,STEP_LOCAL:R01_W_lower_1_130_screw,S,m,mm,True,True,True,False,True
parking,R01_W_lower_1_130_washer_head,"[[1.0,0.0,0.0,0.0],[0.0,1.0,0.0,0.0],[0.0,0.0,1.0,0.0],[0.0,0.0,0.0,1.0]]",p_S_m = R_S_step * p_step_m + t_S_m,STEP_LOCAL:R01_W_lower_1_130_washer_head,S,m,mm,True,True,True,False,True
parking,R01_W_lower_1_130_washer_nut,"[[1.0,0.0,0.0,0.0],[0.0,1.0,0.0,0.0],[0.0,0.0,1.0,0.0],[0.0,0.0,0.0,1.0]]",p_S_m = R_S_step * p_step_m + t_S_m,STEP_LOCAL:R01_W_lower_1_130_washer_nut,S,m,mm,True,True,True,False,True
parking,R01_W_lower_1_130_nut,"[[1.0,0.0,0.0,0.0],[0.0,1.0,0.0,0.0],[0.0,0.0,1.0,0.0],[0.0,0.0,0.0,1.0]]",p_S_m = R_S_step * p_step_m + t_S_m,STEP_LOCAL:R01_W_lower_1_130_nut,S,m,mm,True,True,True,False,True
parking,R01_D_upper_-1_-150_screw,"[[1.0,0.0,0.0,0.0],[0.0,1.0,0.0,0.0],[0.0,0.0,1.0,0.0],[0.0,0.0,0.0,1.0]]",p_S_m = R_S_step * p_step_m + t_S_m,STEP_LOCAL:R01_D_upper_-1_-150_screw,S,m,mm,True,True,True,False,True
parking,R01_D_upper_-1_-150_washer_head,"[[1.0,0.0,0.0,0.0],[0.0,1.0,0.0,0.0],[0.0,0.0,1.0,0.0],[0.0,0.0,0.0,1.0]]",p_S_m = R_S_step * p_step_m + t_S_m,STEP_LOCAL:R01_D_upper_-1_-150_washer_head,S,m,mm,True,True,True,False,True
parking,R01_D_upper_-1_-150_washer_nut,"[[1.0,0.0,0.0,0.0],[0.0,1.0,0.0,0.0],[0.0,0.0,1.0,0.0],[0.0,0.0,0.0,1.0]]",p_S_m = R_S_step * p_step_m + t_S_m,STEP_LOCAL:R01_D_upper_-1_-150_washer_nut,S,m,mm,True,True,True,False,True
parking,R01_D_upper_-1_-150_nut,"[[1.0,0.0,0.0,0.0],[0.0,1.0,0.0,0.0],[0.0,0.0,1.0,0.0],[0.0,0.0,0.0,1.0]]",p_S_m = R_S_step * p_step_m + t_S_m,STEP_LOCAL:R01_D_upper_-1_-150_nut,S,m,mm,True,True,True,False,True
parking,R01_D_upper_-1_-50_screw,"[[1.0,0.0,0.0,0.0],[0.0,1.0,0.0,0.0],[0.0,0.0,1.0,0.0],[0.0,0.0,0.0,1.0]]",p_S_m = R_S_step * p_step_m + t_S_m,STEP_LOCAL:R01_D_upper_-1_-50_screw,S,m,mm,True,True,True,False,True
parking,R01_D_upper_-1_-50_washer_head,"[[1.0,0.0,0.0,0.0],[0.0,1.0,0.0,0.0],[0.0,0.0,1.0,0.0],[0.0,0.0,0.0,1.0]]",p_S_m = R_S_step * p_step_m + t_S_m,STEP_LOCAL:R01_D_upper_-1_-50_washer_head,S,m,mm,True,True,True,False,True
parking,R01_D_upper_-1_-50_washer_nut,"[[1.0,0.0,0.0,0.0],[0.0,1.0,0.0,0.0],[0.0,0.0,1.0,0.0],[0.0,0.0,0.0,1.0]]",p_S_m = R_S_step * p_step_m + t_S_m,STEP_LOCAL:R01_D_upper_-1_-50_washer_nut,S,m,mm,True,True,True,False,True
parking,R01_D_upper_-1_-50_nut,"[[1.0,0.0,0.0,0.0],[0.0,1.0,0.0,0.0],[0.0,0.0,1.0,0.0],[0.0,0.0,0.0,1.0]]",p_S_m = R_S_step * p_step_m + t_S_m,STEP_LOCAL:R01_D_upper_-1_-50_nut,S,m,mm,True,True,True,False,True
parking,R01_W_upper_-1_-130_screw,"[[1.0,0.0,0.0,0.0],[0.0,1.0,0.0,0.0],[0.0,0.0,1.0,0.0],[0.0,0.0,0.0,1.0]]",p_S_m = R_S_step * p_step_m + t_S_m,STEP_LOCAL:R01_W_upper_-1_-130_screw,S,m,mm,True,True,True,False,True
parking,R01_W_upper_-1_-130_washer_head,"[[1.0,0.0,0.0,0.0],[0.0,1.0,0.0,0.0],[0.0,0.0,1.0,0.0],[0.0,0.0,0.0,1.0]]",p_S_m = R_S_step * p_step_m + t_S_m,STEP_LOCAL:R01_W_upper_-1_-130_washer_head,S,m,mm,True,True,True,False,True
parking,R01_W_upper_-1_-130_washer_nut,"[[1.0,0.0,0.0,0.0],[0.0,1.0,0.0,0.0],[0.0,0.0,1.0,0.0],[0.0,0.0,0.0,1.0]]",p_S_m = R_S_step * p_step_m + t_S_m,STEP_LOCAL:R01_W_upper_-1_-130_washer_nut,S,m,mm,True,True,True,False,True
parking,R01_W_upper_-1_-130_nut,"[[1.0,0.0,0.0,0.0],[0.0,1.0,0.0,0.0],[0.0,0.0,1.0,0.0],[0.0,0.0,0.0,1.0]]",p_S_m = R_S_step * p_step_m + t_S_m,STEP_LOCAL:R01_W_upper_-1_-130_nut,S,m,mm,True,True,True,False,True
parking,R01_W_upper_-1_-70_screw,"[[1.0,0.0,0.0,0.0],[0.0,1.0,0.0,0.0],[0.0,0.0,1.0,0.0],[0.0,0.0,0.0,1.0]]",p_S_m = R_S_step * p_step_m + t_S_m,STEP_LOCAL:R01_W_upper_-1_-70_screw,S,m,mm,True,True,True,False,True
parking,R01_W_upper_-1_-70_washer_head,"[[1.0,0.0,0.0,0.0],[0.0,1.0,0.0,0.0],[0.0,0.0,1.0,0.0],[0.0,0.0,0.0,1.0]]",p_S_m = R_S_step * p_step_m + t_S_m,STEP_LOCAL:R01_W_upper_-1_-70_washer_head,S,m,mm,True,True,True,False,True
parking,R01_W_upper_-1_-70_washer_nut,"[[1.0,0.0,0.0,0.0],[0.0,1.0,0.0,0.0],[0.0,0.0,1.0,0.0],[0.0,0.0,0.0,1.0]]",p_S_m = R_S_step * p_step_m + t_S_m,STEP_LOCAL:R01_W_upper_-1_-70_washer_nut,S,m,mm,True,True,True,False,True
parking,R01_W_upper_-1_-70_nut,"[[1.0,0.0,0.0,0.0],[0.0,1.0,0.0,0.0],[0.0,0.0,1.0,0.0],[0.0,0.0,0.0,1.0]]",p_S_m = R_S_step * p_step_m + t_S_m,STEP_LOCAL:R01_W_upper_-1_-70_nut,S,m,mm,True,True,True,False,True
parking,R01_D_upper_-1_50_screw,"[[1.0,0.0,0.0,0.0],[0.0,1.0,0.0,0.0],[0.0,0.0,1.0,0.0],[0.0,0.0,0.0,1.0]]",p_S_m = R_S_step * p_step_m + t_S_m,STEP_LOCAL:R01_D_upper_-1_50_screw,S,m,mm,True,True,True,False,True
parking,R01_D_upper_-1_50_washer_head,"[[1.0,0.0,0.0,0.0],[0.0,1.0,0.0,0.0],[0.0,0.0,1.0,0.0],[0.0,0.0,0.0,1.0]]",p_S_m = R_S_step * p_step_m + t_S_m,STEP_LOCAL:R01_D_upper_-1_50_washer_head,S,m,mm,True,True,True,False,True
parking,R01_D_upper_-1_50_washer_nut,"[[1.0,0.0,0.0,0.0],[0.0,1.0,0.0,0.0],[0.0,0.0,1.0,0.0],[0.0,0.0,0.0,1.0]]",p_S_m = R_S_step * p_step_m + t_S_m,STEP_LOCAL:R01_D_upper_-1_50_washer_nut,S,m,mm,True,True,True,False,True
parking,R01_D_upper_-1_50_nut,"[[1.0,0.0,0.0,0.0],[0.0,1.0,0.0,0.0],[0.0,0.0,1.0,0.0],[0.0,0.0,0.0,1.0]]",p_S_m = R_S_step * p_step_m + t_S_m,STEP_LOCAL:R01_D_upper_-1_50_nut,S,m,mm,True,True,True,False,True
parking,R01_D_upper_-1_140_screw,"[[1.0,0.0,0.0,0.0],[0.0,1.0,0.0,0.0],[0.0,0.0,1.0,0.0],[0.0,0.0,0.0,1.0]]",p_S_m = R_S_step * p_step_m + t_S_m,STEP_LOCAL:R01_D_upper_-1_140_screw,S,m,mm,True,True,True,False,True
parking,R01_D_upper_-1_140_washer_head,"[[1.0,0.0,0.0,0.0],[0.0,1.0,0.0,0.0],[0.0,0.0,1.0,0.0],[0.0,0.0,0.0,1.0]]",p_S_m = R_S_step * p_step_m + t_S_m,STEP_LOCAL:R01_D_upper_-1_140_washer_head,S,m,mm,True,True,True,False,True
parking,R01_D_upper_-1_140_washer_nut,"[[1.0,0.0,0.0,0.0],[0.0,1.0,0.0,0.0],[0.0,0.0,1.0,0.0],[0.0,0.0,0.0,1.0]]",p_S_m = R_S_step * p_step_m + t_S_m,STEP_LOCAL:R01_D_upper_-1_140_washer_nut,S,m,mm,True,True,True,False,True
parking,R01_D_upper_-1_140_nut,"[[1.0,0.0,0.0,0.0],[0.0,1.0,0.0,0.0],[0.0,0.0,1.0,0.0],[0.0,0.0,0.0,1.0]]",p_S_m = R_S_step * p_step_m + t_S_m,STEP_LOCAL:R01_D_upper_-1_140_nut,S,m,mm,True,True,True,False,True
parking,R01_W_upper_-1_60_screw,"[[1.0,0.0,0.0,0.0],[0.0,1.0,0.0,0.0],[0.0,0.0,1.0,0.0],[0.0,0.0,0.0,1.0]]",p_S_m = R_S_step * p_step_m + t_S_m,STEP_LOCAL:R01_W_upper_-1_60_screw,S,m,mm,True,True,True,False,True
parking,R01_W_upper_-1_60_washer_head,"[[1.0,0.0,0.0,0.0],[0.0,1.0,0.0,0.0],[0.0,0.0,1.0,0.0],[0.0,0.0,0.0,1.0]]",p_S_m = R_S_step * p_step_m + t_S_m,STEP_LOCAL:R01_W_upper_-1_60_washer_head,S,m,mm,True,True,True,False,True
parking,R01_W_upper_-1_60_washer_nut,"[[1.0,0.0,0.0,0.0],[0.0,1.0,0.0,0.0],[0.0,0.0,1.0,0.0],[0.0,0.0,0.0,1.0]]",p_S_m = R_S_step * p_step_m + t_S_m,STEP_LOCAL:R01_W_upper_-1_60_washer_nut,S,m,mm,True,True,True,False,True
parking,R01_W_upper_-1_60_nut,"[[1.0,0.0,0.0,0.0],[0.0,1.0,0.0,0.0],[0.0,0.0,1.0,0.0],[0.0,0.0,0.0,1.0]]",p_S_m = R_S_step * p_step_m + t_S_m,STEP_LOCAL:R01_W_upper_-1_60_nut,S,m,mm,True,True,True,False,True
parking,R01_W_upper_-1_130_screw,"[[1.0,0.0,0.0,0.0],[0.0,1.0,0.0,0.0],[0.0,0.0,1.0,0.0],[0.0,0.0,0.0,1.0]]",p_S_m = R_S_step * p_step_m + t_S_m,STEP_LOCAL:R01_W_upper_-1_130_screw,S,m,mm,True,True,True,False,True
parking,R01_W_upper_-1_130_washer_head,"[[1.0,0.0,0.0,0.0],[0.0,1.0,0.0,0.0],[0.0,0.0,1.0,0.0],[0.0,0.0,0.0,1.0]]",p_S_m = R_S_step * p_step_m + t_S_m,STEP_LOCAL:R01_W_upper_-1_130_washer_head,S,m,mm,True,True,True,False,True
parking,R01_W_upper_-1_130_washer_nut,"[[1.0,0.0,0.0,0.0],[0.0,1.0,0.0,0.0],[0.0,0.0,1.0,0.0],[0.0,0.0,0.0,1.0]]",p_S_m = R_S_step * p_step_m + t_S_m,STEP_LOCAL:R01_W_upper_-1_130_washer_nut,S,m,mm,True,True,True,False,True
parking,R01_W_upper_-1_130_nut,"[[1.0,0.0,0.0,0.0],[0.0,1.0,0.0,0.0],[0.0,0.0,1.0,0.0],[0.0,0.0,0.0,1.0]]",p_S_m = R_S_step * p_step_m + t_S_m,STEP_LOCAL:R01_W_upper_-1_130_nut,S,m,mm,True,True,True,False,True
parking,R01_D_upper_1_-150_screw,"[[1.0,0.0,0.0,0.0],[0.0,1.0,0.0,0.0],[0.0,0.0,1.0,0.0],[0.0,0.0,0.0,1.0]]",p_S_m = R_S_step * p_step_m + t_S_m,STEP_LOCAL:R01_D_upper_1_-150_screw,S,m,mm,True,True,True,False,True
parking,R01_D_upper_1_-150_washer_head,"[[1.0,0.0,0.0,0.0],[0.0,1.0,0.0,0.0],[0.0,0.0,1.0,0.0],[0.0,0.0,0.0,1.0]]",p_S_m = R_S_step * p_step_m + t_S_m,STEP_LOCAL:R01_D_upper_1_-150_washer_head,S,m,mm,True,True,True,False,True
parking,R01_D_upper_1_-150_washer_nut,"[[1.0,0.0,0.0,0.0],[0.0,1.0,0.0,0.0],[0.0,0.0,1.0,0.0],[0.0,0.0,0.0,1.0]]",p_S_m = R_S_step * p_step_m + t_S_m,STEP_LOCAL:R01_D_upper_1_-150_washer_nut,S,m,mm,True,True,True,False,True
parking,R01_D_upper_1_-150_nut,"[[1.0,0.0,0.0,0.0],[0.0,1.0,0.0,0.0],[0.0,0.0,1.0,0.0],[0.0,0.0,0.0,1.0]]",p_S_m = R_S_step * p_step_m + t_S_m,STEP_LOCAL:R01_D_upper_1_-150_nut,S,m,mm,True,True,True,False,True
parking,R01_D_upper_1_-50_screw,"[[1.0,0.0,0.0,0.0],[0.0,1.0,0.0,0.0],[0.0,0.0,1.0,0.0],[0.0,0.0,0.0,1.0]]",p_S_m = R_S_step * p_step_m + t_S_m,STEP_LOCAL:R01_D_upper_1_-50_screw,S,m,mm,True,True,True,False,True
parking,R01_D_upper_1_-50_washer_head,"[[1.0,0.0,0.0,0.0],[0.0,1.0,0.0,0.0],[0.0,0.0,1.0,0.0],[0.0,0.0,0.0,1.0]]",p_S_m = R_S_step * p_step_m + t_S_m,STEP_LOCAL:R01_D_upper_1_-50_washer_head,S,m,mm,True,True,True,False,True
parking,R01_D_upper_1_-50_washer_nut,"[[1.0,0.0,0.0,0.0],[0.0,1.0,0.0,0.0],[0.0,0.0,1.0,0.0],[0.0,0.0,0.0,1.0]]",p_S_m = R_S_step * p_step_m + t_S_m,STEP_LOCAL:R01_D_upper_1_-50_washer_nut,S,m,mm,True,True,True,False,True
parking,R01_D_upper_1_-50_nut,"[[1.0,0.0,0.0,0.0],[0.0,1.0,0.0,0.0],[0.0,0.0,1.0,0.0],[0.0,0.0,0.0,1.0]]",p_S_m = R_S_step * p_step_m + t_S_m,STEP_LOCAL:R01_D_upper_1_-50_nut,S,m,mm,True,True,True,False,True
parking,R01_W_upper_1_-130_screw,"[[1.0,0.0,0.0,0.0],[0.0,1.0,0.0,0.0],[0.0,0.0,1.0,0.0],[0.0,0.0,0.0,1.0]]",p_S_m = R_S_step * p_step_m + t_S_m,STEP_LOCAL:R01_W_upper_1_-130_screw,S,m,mm,True,True,True,False,True
parking,R01_W_upper_1_-130_washer_head,"[[1.0,0.0,0.0,0.0],[0.0,1.0,0.0,0.0],[0.0,0.0,1.0,0.0],[0.0,0.0,0.0,1.0]]",p_S_m = R_S_step * p_step_m + t_S_m,STEP_LOCAL:R01_W_upper_1_-130_washer_head,S,m,mm,True,True,True,False,True
parking,R01_W_upper_1_-130_washer_nut,"[[1.0,0.0,0.0,0.0],[0.0,1.0,0.0,0.0],[0.0,0.0,1.0,0.0],[0.0,0.0,0.0,1.0]]",p_S_m = R_S_step * p_step_m + t_S_m,STEP_LOCAL:R01_W_upper_1_-130_washer_nut,S,m,mm,True,True,True,False,True
parking,R01_W_upper_1_-130_nut,"[[1.0,0.0,0.0,0.0],[0.0,1.0,0.0,0.0],[0.0,0.0,1.0,0.0],[0.0,0.0,0.0,1.0]]",p_S_m = R_S_step * p_step_m + t_S_m,STEP_LOCAL:R01_W_upper_1_-130_nut,S,m,mm,True,True,True,False,True
parking,R01_W_upper_1_-70_screw,"[[1.0,0.0,0.0,0.0],[0.0,1.0,0.0,0.0],[0.0,0.0,1.0,0.0],[0.0,0.0,0.0,1.0]]",p_S_m = R_S_step * p_step_m + t_S_m,STEP_LOCAL:R01_W_upper_1_-70_screw,S,m,mm,True,True,True,False,True
parking,R01_W_upper_1_-70_washer_head,"[[1.0,0.0,0.0,0.0],[0.0,1.0,0.0,0.0],[0.0,0.0,1.0,0.0],[0.0,0.0,0.0,1.0]]",p_S_m = R_S_step * p_step_m + t_S_m,STEP_LOCAL:R01_W_upper_1_-70_washer_head,S,m,mm,True,True,True,False,True
parking,R01_W_upper_1_-70_washer_nut,"[[1.0,0.0,0.0,0.0],[0.0,1.0,0.0,0.0],[0.0,0.0,1.0,0.0],[0.0,0.0,0.0,1.0]]",p_S_m = R_S_step * p_step_m + t_S_m,STEP_LOCAL:R01_W_upper_1_-70_washer_nut,S,m,mm,True,True,True,False,True
parking,R01_W_upper_1_-70_nut,"[[1.0,0.0,0.0,0.0],[0.0,1.0,0.0,0.0],[0.0,0.0,1.0,0.0],[0.0,0.0,0.0,1.0]]",p_S_m = R_S_step * p_step_m + t_S_m,STEP_LOCAL:R01_W_upper_1_-70_nut,S,m,mm,True,True,True,False,True
parking,R01_D_upper_1_50_screw,"[[1.0,0.0,0.0,0.0],[0.0,1.0,0.0,0.0],[0.0,0.0,1.0,0.0],[0.0,0.0,0.0,1.0]]",p_S_m = R_S_step * p_step_m + t_S_m,STEP_LOCAL:R01_D_upper_1_50_screw,S,m,mm,True,True,True,False,True
parking,R01_D_upper_1_50_washer_head,"[[1.0,0.0,0.0,0.0],[0.0,1.0,0.0,0.0],[0.0,0.0,1.0,0.0],[0.0,0.0,0.0,1.0]]",p_S_m = R_S_step * p_step_m + t_S_m,STEP_LOCAL:R01_D_upper_1_50_washer_head,S,m,mm,True,True,True,False,True
parking,R01_D_upper_1_50_washer_nut,"[[1.0,0.0,0.0,0.0],[0.0,1.0,0.0,0.0],[0.0,0.0,1.0,0.0],[0.0,0.0,0.0,1.0]]",p_S_m = R_S_step * p_step_m + t_S_m,STEP_LOCAL:R01_D_upper_1_50_washer_nut,S,m,mm,True,True,True,False,True
parking,R01_D_upper_1_50_nut,"[[1.0,0.0,0.0,0.0],[0.0,1.0,0.0,0.0],[0.0,0.0,1.0,0.0],[0.0,0.0,0.0,1.0]]",p_S_m = R_S_step * p_step_m + t_S_m,STEP_LOCAL:R01_D_upper_1_50_nut,S,m,mm,True,True,True,False,True
parking,R01_D_upper_1_140_screw,"[[1.0,0.0,0.0,0.0],[0.0,1.0,0.0,0.0],[0.0,0.0,1.0,0.0],[0.0,0.0,0.0,1.0]]",p_S_m = R_S_step * p_step_m + t_S_m,STEP_LOCAL:R01_D_upper_1_140_screw,S,m,mm,True,True,True,False,True
parking,R01_D_upper_1_140_washer_head,"[[1.0,0.0,0.0,0.0],[0.0,1.0,0.0,0.0],[0.0,0.0,1.0,0.0],[0.0,0.0,0.0,1.0]]",p_S_m = R_S_step * p_step_m + t_S_m,STEP_LOCAL:R01_D_upper_1_140_washer_head,S,m,mm,True,True,True,False,True
parking,R01_D_upper_1_140_washer_nut,"[[1.0,0.0,0.0,0.0],[0.0,1.0,0.0,0.0],[0.0,0.0,1.0,0.0],[0.0,0.0,0.0,1.0]]",p_S_m = R_S_step * p_step_m + t_S_m,STEP_LOCAL:R01_D_upper_1_140_washer_nut,S,m,mm,True,True,True,False,True
parking,R01_D_upper_1_140_nut,"[[1.0,0.0,0.0,0.0],[0.0,1.0,0.0,0.0],[0.0,0.0,1.0,0.0],[0.0,0.0,0.0,1.0]]",p_S_m = R_S_step * p_step_m + t_S_m,STEP_LOCAL:R01_D_upper_1_140_nut,S,m,mm,True,True,True,False,True
parking,R01_W_upper_1_60_screw,"[[1.0,0.0,0.0,0.0],[0.0,1.0,0.0,0.0],[0.0,0.0,1.0,0.0],[0.0,0.0,0.0,1.0]]",p_S_m = R_S_step * p_step_m + t_S_m,STEP_LOCAL:R01_W_upper_1_60_screw,S,m,mm,True,True,True,False,True
parking,R01_W_upper_1_60_washer_head,"[[1.0,0.0,0.0,0.0],[0.0,1.0,0.0,0.0],[0.0,0.0,1.0,0.0],[0.0,0.0,0.0,1.0]]",p_S_m = R_S_step * p_step_m + t_S_m,STEP_LOCAL:R01_W_upper_1_60_washer_head,S,m,mm,True,True,True,False,True
parking,R01_W_upper_1_60_washer_nut,"[[1.0,0.0,0.0,0.0],[0.0,1.0,0.0,0.0],[0.0,0.0,1.0,0.0],[0.0,0.0,0.0,1.0]]",p_S_m = R_S_step * p_step_m + t_S_m,STEP_LOCAL:R01_W_upper_1_60_washer_nut,S,m,mm,True,True,True,False,True
parking,R01_W_upper_1_60_nut,"[[1.0,0.0,0.0,0.0],[0.0,1.0,0.0,0.0],[0.0,0.0,1.0,0.0],[0.0,0.0,0.0,1.0]]",p_S_m = R_S_step * p_step_m + t_S_m,STEP_LOCAL:R01_W_upper_1_60_nut,S,m,mm,True,True,True,False,True
parking,R01_W_upper_1_130_screw,"[[1.0,0.0,0.0,0.0],[0.0,1.0,0.0,0.0],[0.0,0.0,1.0,0.0],[0.0,0.0,0.0,1.0]]",p_S_m = R_S_step * p_step_m + t_S_m,STEP_LOCAL:R01_W_upper_1_130_screw,S,m,mm,True,True,True,False,True
parking,R01_W_upper_1_130_washer_head,"[[1.0,0.0,0.0,0.0],[0.0,1.0,0.0,0.0],[0.0,0.0,1.0,0.0],[0.0,0.0,0.0,1.0]]",p_S_m = R_S_step * p_step_m + t_S_m,STEP_LOCAL:R01_W_upper_1_130_washer_head,S,m,mm,True,True,True,False,True
parking,R01_W_upper_1_130_washer_nut,"[[1.0,0.0,0.0,0.0],[0.0,1.0,0.0,0.0],[0.0,0.0,1.0,0.0],[0.0,0.0,0.0,1.0]]",p_S_m = R_S_step * p_step_m + t_S_m,STEP_LOCAL:R01_W_upper_1_130_washer_nut,S,m,mm,True,True,True,False,True
parking,R01_W_upper_1_130_nut,"[[1.0,0.0,0.0,0.0],[0.0,1.0,0.0,0.0],[0.0,0.0,1.0,0.0],[0.0,0.0,0.0,1.0]]",p_S_m = R_S_step * p_step_m + t_S_m,STEP_LOCAL:R01_W_upper_1_130_nut,S,m,mm,True,True,True,False,True
parking,rear_launch_bulkhead,"[[1.0,0.0,0.0,-0.186],[0.0,1.0,0.0,0.0],[0.0,0.0,1.0,0.0],[0.0,0.0,0.0,1.0]]",p_S_m = R_S_step * p_step_m + t_S_m,STEP_LOCAL:rear_launch_bulkhead,S,m,mm,True,True,True,False,True
parking,rear_vertical_rib_-86,"[[1.0,0.0,0.0,-0.192],[0.0,1.0,0.0,-0.08600000000000001],[0.0,0.0,1.0,0.0],[0.0,0.0,0.0,1.0]]",p_S_m = R_S_step * p_step_m + t_S_m,STEP_LOCAL:rear_vertical_rib_-86,S,m,mm,True,True,True,False,True
parking,rear_vertical_rib_86,"[[1.0,0.0,0.0,-0.192],[0.0,1.0,0.0,0.08600000000000001],[0.0,0.0,1.0,0.0],[0.0,0.0,0.0,1.0]]",p_S_m = R_S_step * p_step_m + t_S_m,STEP_LOCAL:rear_vertical_rib_86,S,m,mm,True,True,True,False,True
parking,rear_horizontal_rib_-86,"[[1.0,0.0,0.0,-0.192],[0.0,1.0,0.0,0.0],[0.0,0.0,1.0,-0.08600000000000001],[0.0,0.0,0.0,1.0]]",p_S_m = R_S_step * p_step_m + t_S_m,STEP_LOCAL:rear_horizontal_rib_-86,S,m,mm,True,True,True,False,True
parking,rear_horizontal_rib_86,"[[1.0,0.0,0.0,-0.192],[0.0,1.0,0.0,0.0],[0.0,0.0,1.0,0.08600000000000001],[0.0,0.0,0.0,1.0]]",p_S_m = R_S_step * p_step_m + t_S_m,STEP_LOCAL:rear_horizontal_rib_86,S,m,mm,True,True,True,False,True
parking,launch_interface_reserved_volume,"[[1.0,0.0,0.0,-0.20500000000000002],[0.0,1.0,0.0,0.0],[0.0,0.0,1.0,0.0],[0.0,0.0,0.0,1.0]]",p_S_m = R_S_step * p_step_m + t_S_m,STEP_LOCAL:launch_interface_reserved_volume,S,m,mm,True,True,True,False,True
parking,forward_roof_access,"[[1.0,0.0,0.0,-0.088],[0.0,1.0,0.0,0.0],[0.0,0.0,1.0,0.11215000000000001],[0.0,0.0,0.0,1.0]]",p_S_m = R_S_step * p_step_m + t_S_m,STEP_LOCAL:forward_roof_access,S,m,mm,True,True,True,False,True
parking,adapter_battery,"[[1.0,0.0,0.0,-0.114],[0.0,1.0,0.0,0.0],[0.0,0.0,1.0,-0.09715000000000001],[0.0,0.0,0.0,1.0]]",p_S_m = R_S_step * p_step_m + t_S_m,STEP_LOCAL:adapter_battery,S,m,mm,True,True,True,False,True
parking,thermal_interface_battery,"[[1.0,0.0,0.0,-0.114],[0.0,1.0,0.0,0.0],[0.0,0.0,1.0,-0.09590000000000001],[0.0,0.0,0.0,1.0]]",p_S_m = R_S_step * p_step_m + t_S_m,STEP_LOCAL:thermal_interface_battery,S,m,mm,True,True,True,False,True
parking,equipment_battery,"[[1.0,0.0,0.0,-0.114],[0.0,1.0,0.0,0.0],[0.0,0.0,1.0,-0.06315],[0.0,0.0,0.0,1.0]]",p_S_m = R_S_step * p_step_m + t_S_m,STEP_LOCAL:equipment_battery,S,m,mm,True,True,True,False,True
parking,connector_battery,"[[1.0,0.0,0.0,-0.114],[0.0,1.0,0.0,-0.089],[0.0,0.0,1.0,-0.08415],[0.0,0.0,0.0,1.0]]",p_S_m = R_S_step * p_step_m + t_S_m,STEP_LOCAL:connector_battery,S,m,mm,True,True,True,False,True
parking,adapter_adcs_propulsion_allocation,"[[1.0,0.0,0.0,0.075],[0.0,1.0,0.0,0.0],[0.0,0.0,1.0,-0.09715000000000001],[0.0,0.0,0.0,1.0]]",p_S_m = R_S_step * p_step_m + t_S_m,STEP_LOCAL:adapter_adcs_propulsion_allocation,S,m,mm,True,True,True,False,True
parking,thermal_interface_adcs_propulsion_allocation,"[[1.0,0.0,0.0,0.075],[0.0,1.0,0.0,0.0],[0.0,0.0,1.0,-0.09590000000000001],[0.0,0.0,0.0,1.0]]",p_S_m = R_S_step * p_step_m + t_S_m,STEP_LOCAL:thermal_interface_adcs_propulsion_allocation,S,m,mm,True,True,True,False,True
parking,equipment_adcs_propulsion_allocation,"[[1.0,0.0,0.0,0.075],[0.0,1.0,0.0,0.0],[0.0,0.0,1.0,-0.05815],[0.0,0.0,0.0,1.0]]",p_S_m = R_S_step * p_step_m + t_S_m,STEP_LOCAL:equipment_adcs_propulsion_allocation,S,m,mm,True,True,True,False,True
parking,connector_adcs_propulsion_allocation,"[[1.0,0.0,0.0,0.075],[0.0,1.0,0.0,-0.084],[0.0,0.0,1.0,-0.08415],[0.0,0.0,0.0,1.0]]",p_S_m = R_S_step * p_step_m + t_S_m,STEP_LOCAL:connector_adcs_propulsion_allocation,S,m,mm,True,True,True,False,True
parking,adapter_arm_drive,"[[1.0,0.0,0.0,0.0],[0.0,1.0,0.0,0.0],[0.0,0.0,1.0,0.0],[0.0,0.0,0.0,1.0]]",p_S_m = R_S_step * p_step_m + t_S_m,STEP_LOCAL:adapter_arm_drive,S,m,mm,True,False,False,False,True
parking,thermal_interface_arm_drive,"[[1.0,0.0,0.0,-0.1135],[0.0,1.0,0.0,-0.051000000000000004],[0.0,0.0,1.0,-0.00625],[0.0,0.0,0.0,1.0]]",p_S_m = R_S_step * p_step_m + t_S_m,STEP_LOCAL:thermal_interface_arm_drive,S,m,mm,True,True,False,False,True
parking,equipment_arm_drive,"[[1.0,0.0,0.0,-0.1135],[0.0,1.0,0.0,-0.051000000000000004],[0.0,0.0,1.0,0.014],[0.0,0.0,0.0,1.0]]",p_S_m = R_S_step * p_step_m + t_S_m,STEP_LOCAL:equipment_arm_drive,S,m,mm,True,True,False,False,True
parking,connector_arm_drive,"[[1.0,0.0,0.0,-0.1135],[0.0,1.0,0.0,-0.012],[0.0,0.0,1.0,0.0055],[0.0,0.0,0.0,1.0]]",p_S_m = R_S_step * p_step_m + t_S_m,STEP_LOCAL:connector_arm_drive,S,m,mm,True,True,False,False,True
parking,adapter_compute_communications,"[[1.0,0.0,0.0,0.0],[0.0,1.0,0.0,0.0],[0.0,0.0,1.0,0.0],[0.0,0.0,0.0,1.0]]",p_S_m = R_S_step * p_step_m + t_S_m,STEP_LOCAL:adapter_compute_communications,S,m,mm,True,False,False,False,True
parking,thermal_interface_compute_communications,"[[0.0,-1.0,0.0,-0.115],[1.0,0.0,0.0,0.039],[0.0,0.0,1.0,-0.00625],[0.0,0.0,0.0,1.0]]",p_S_m = R_S_step * p_step_m + t_S_m,STEP_LOCAL:thermal_interface_compute_communications,S,m,mm,True,True,False,False,True
parking,equipment_compute_communications,"[[0.0,-1.0,0.0,-0.115],[1.0,0.0,0.0,0.039],[0.0,0.0,1.0,0.014],[0.0,0.0,0.0,1.0]]",p_S_m = R_S_step * p_step_m + t_S_m,STEP_LOCAL:equipment_compute_communications,S,m,mm,True,True,False,False,True
parking,connector_compute_communications,"[[0.0,-1.0,0.0,-0.1565],[1.0,0.0,0.0,0.039],[0.0,0.0,1.0,0.0055],[0.0,0.0,0.0,1.0]]",p_S_m = R_S_step * p_step_m + t_S_m,STEP_LOCAL:connector_compute_communications,S,m,mm,True,True,False,False,True
parking,adapter_navigation_electronics,"[[1.0,0.0,0.0,0.1],[0.0,0.0,-1.0,0.0955],[0.0,1.0,0.0,0.035],[0.0,0.0,0.0,1.0]]",p_S_m = R_S_step * p_step_m + t_S_m,STEP_LOCAL:adapter_navigation_electronics,S,m,mm,True,True,False,False,True
parking,thermal_interface_navigation_electronics,"[[1.0,0.0,0.0,0.1],[0.0,0.0,-1.0,0.09425],[0.0,1.0,0.0,0.035],[0.0,0.0,0.0,1.0]]",p_S_m = R_S_step * p_step_m + t_S_m,STEP_LOCAL:thermal_interface_navigation_electronics,S,m,mm,True,True,False,False,True
parking,equipment_navigation_electronics,"[[1.0,0.0,0.0,0.1],[0.0,0.0,-1.0,0.074],[0.0,1.0,0.0,0.035],[0.0,0.0,0.0,1.0]]",p_S_m = R_S_step * p_step_m + t_S_m,STEP_LOCAL:equipment_navigation_electronics,S,m,mm,True,True,False,False,True
parking,connector_navigation_electronics,"[[1.0,0.0,0.0,0.1],[0.0,0.0,-1.0,0.0825],[0.0,1.0,0.0,-0.004],[0.0,0.0,0.0,1.0]]",p_S_m = R_S_step * p_step_m + t_S_m,STEP_LOCAL:connector_navigation_electronics,S,m,mm,True,True,False,False,True
parking,trunk_clip_-140,"[[1.0,-0.0,0.0,-0.095],[0.0,1.0,0.0,0.0015],[0.0,0.0,1.0,0.045],[0.0,0.0,0.0,1.0]]",p_S_m = R_S_step * p_step_m + t_S_m,STEP_LOCAL:trunk_clip_-140,S,m,mm,True,False,False,False,True
parking,trunk_clip_standoff_-140,"[[1.0,-0.0,0.0,-0.095],[0.0,1.0,0.0,0.0015],[0.0,0.0,1.0,0.045],[0.0,0.0,0.0,1.0]]",p_S_m = R_S_step * p_step_m + t_S_m,STEP_LOCAL:trunk_clip_standoff_-140,S,m,mm,True,False,False,False,True
parking,trunk_clip_-70,"[[1.0,-0.0,0.0,-0.03],[0.0,1.0,0.0,0.0015],[0.0,0.0,1.0,-0.002],[0.0,0.0,0.0,1.0]]",p_S_m = R_S_step * p_step_m + t_S_m,STEP_LOCAL:trunk_clip_-70,S,m,mm,True,False,False,False,True
parking,trunk_clip_standoff_-70,"[[1.0,-0.0,0.0,-0.03],[0.0,1.0,0.0,0.0015],[0.0,0.0,1.0,-0.002],[0.0,0.0,0.0,1.0]]",p_S_m = R_S_step * p_step_m + t_S_m,STEP_LOCAL:trunk_clip_standoff_-70,S,m,mm,True,False,False,False,True
parking,trunk_clip_0,"[[1.0,-0.0,0.0,0.025],[0.0,1.0,0.0,0.0015],[0.0,0.0,1.0,-0.002],[0.0,0.0,0.0,1.0]]",p_S_m = R_S_step * p_step_m + t_S_m,STEP_LOCAL:trunk_clip_0,S,m,mm,True,False,False,False,True
parking,trunk_clip_standoff_0,"[[1.0,-0.0,0.0,0.025],[0.0,1.0,0.0,0.0015],[0.0,0.0,1.0,-0.002],[0.0,0.0,0.0,1.0]]",p_S_m = R_S_step * p_step_m + t_S_m,STEP_LOCAL:trunk_clip_standoff_0,S,m,mm,True,False,False,False,True
parking,trunk_clip_65,"[[6.123233995736766e-17,1.0,0.0,0.065],[-1.0,6.123233995736766e-17,0.0,-0.04],[0.0,0.0,1.0,-0.002],[0.0,0.0,0.0,1.0]]",p_S_m = R_S_step * p_step_m + t_S_m,STEP_LOCAL:trunk_clip_65,S,m,mm,True,False,False,False,True
parking,trunk_clip_standoff_65,"[[6.123233995736766e-17,1.0,0.0,0.065],[-1.0,6.123233995736766e-17,0.0,-0.04],[0.0,0.0,1.0,-0.002],[0.0,0.0,0.0,1.0]]",p_S_m = R_S_step * p_step_m + t_S_m,STEP_LOCAL:trunk_clip_standoff_65,S,m,mm,True,False,False,False,True
parking,release_power_data_route_0_0,"[[1.0,0.0,0.0,0.0],[0.0,1.0,0.0,0.0],[0.0,0.0,1.0,0.0],[0.0,0.0,0.0,1.0]]",p_S_m = R_S_step * p_step_m + t_S_m,STEP_LOCAL:release_power_data_route_0_0,S,m,mm,True,True,True,False,True
parking,release_power_data_route_0_1,"[[1.0,0.0,0.0,0.0],[0.0,1.0,0.0,0.0],[0.0,0.0,1.0,0.0],[0.0,0.0,0.0,1.0]]",p_S_m = R_S_step * p_step_m + t_S_m,STEP_LOCAL:release_power_data_route_0_1,S,m,mm,True,True,True,False,True
parking,release_power_data_route_1_0,"[[1.0,0.0,0.0,0.0],[0.0,1.0,0.0,0.0],[0.0,0.0,1.0,0.0],[0.0,0.0,0.0,1.0]]",p_S_m = R_S_step * p_step_m + t_S_m,STEP_LOCAL:release_power_data_route_1_0,S,m,mm,True,True,True,False,True
parking,release_power_data_route_1_1,"[[1.0,0.0,0.0,0.0],[0.0,1.0,0.0,0.0],[0.0,0.0,1.0,0.0],[0.0,0.0,0.0,1.0]]",p_S_m = R_S_step * p_step_m + t_S_m,STEP_LOCAL:release_power_data_route_1_1,S,m,mm,True,True,True,False,True
parking,arm_service_loop_root_service_loop,"[[1.0,0.0,0.0,0.0],[0.0,1.0,0.0,0.0],[0.0,0.0,1.0,0.0],[0.0,0.0,0.0,1.0]]",p_S_m = R_S_step * p_step_m + t_S_m,STEP_LOCAL:arm_service_loop_root_service_loop,S,m,mm,True,True,True,False,True
parking,arm_service_loop_joint2_loop,"[[1.0,0.0,0.0,0.0],[0.0,1.0,0.0,0.0],[0.0,0.0,1.0,0.0],[0.0,0.0,0.0,1.0]]",p_S_m = R_S_step * p_step_m + t_S_m,STEP_LOCAL:arm_service_loop_joint2_loop,S,m,mm,True,True,True,False,True
parking,radiator_spreader,"[[1.0,0.0,0.0,0.0],[0.0,1.0,0.0,0.0],[0.0,0.0,1.0,0.0],[0.0,0.0,0.0,1.0]]",p_S_m = R_S_step * p_step_m + t_S_m,STEP_LOCAL:radiator_spreader,S,m,mm,True,False,False,False,True
parking,navigation_camera_bracket,"[[1.0,0.0,0.0,0.187],[0.0,1.0,0.0,-0.07200000000000001],[0.0,0.0,1.0,0.062],[0.0,0.0,0.0,1.0]]",p_S_m = R_S_step * p_step_m + t_S_m,STEP_LOCAL:navigation_camera_bracket,S,m,mm,True,True,True,False,True
parking,navigation_camera,"[[1.0,0.0,0.0,0.20650000000000002],[0.0,1.0,0.0,-0.07200000000000001],[0.0,0.0,1.0,0.062],[0.0,0.0,0.0,1.0]]",p_S_m = R_S_step * p_step_m + t_S_m,STEP_LOCAL:navigation_camera,S,m,mm,True,True,True,False,True
parking,camera_lens,"[[1.0,0.0,0.0,0.226],[0.0,1.0,0.0,-0.07200000000000001],[0.0,0.0,1.0,0.062],[0.0,0.0,0.0,1.0]]",p_S_m = R_S_step * p_step_m + t_S_m,STEP_LOCAL:camera_lens,S,m,mm,True,True,True,False,True
parking,antenna_mount,"[[1.0,0.0,0.0,-0.14200000000000002],[0.0,1.0,0.0,0.056],[0.0,0.0,1.0,0.11615],[0.0,0.0,0.0,1.0]]",p_S_m = R_S_step * p_step_m + t_S_m,STEP_LOCAL:antenna_mount,S,m,mm,True,True,True,False,True
parking,communications_antenna,"[[1.0,0.0,0.0,-0.14200000000000002],[0.0,1.0,0.0,0.056],[0.0,0.0,1.0,0.12165000000000001],[0.0,0.0,0.0,1.0]]",p_S_m = R_S_step * p_step_m + t_S_m,STEP_LOCAL:communications_antenna,S,m,mm,True,True,True,False,True
parking,hold_crossbeam_0,"[[1.0,0.0,0.0,-0.115],[0.0,1.0,0.0,0.0],[0.0,0.0,1.0,0.10115],[0.0,0.0,0.0,1.0]]",p_S_m = R_S_step * p_step_m + t_S_m,STEP_LOCAL:hold_crossbeam_0,S,m,mm,True,True,True,False,True
parking,hold_roof_lug_0_-94.15,"[[1.0,0.0,0.0,-0.115],[0.0,1.0,0.0,-0.09415000000000001],[0.0,0.0,1.0,0.11215000000000001],[0.0,0.0,0.0,1.0]]",p_S_m = R_S_step * p_step_m + t_S_m,STEP_LOCAL:hold_roof_lug_0_-94.15,S,m,mm,True,True,True,False,True
parking,hold_roof_lug_0_94.15,"[[1.0,0.0,0.0,-0.115],[0.0,1.0,0.0,0.09415000000000001],[0.0,0.0,1.0,0.11215000000000001],[0.0,0.0,0.0,1.0]]",p_S_m = R_S_step * p_step_m + t_S_m,STEP_LOCAL:hold_roof_lug_0_94.15,S,m,mm,True,True,True,False,True
parking,hold_pivot_clevis_0,"[[1.0,0.0,0.0,-0.115],[0.0,1.0,0.0,-0.099],[0.0,0.0,1.0,0.13315000000000002],[0.0,0.0,0.0,1.0]]",p_S_m = R_S_step * p_step_m + t_S_m,STEP_LOCAL:hold_pivot_clevis_0,S,m,mm,True,True,True,False,True
parking,hold_pivot_pin_0,"[[1.0,0.0,0.0,-0.115],[0.0,1.0,0.0,-0.099],[0.0,0.0,1.0,0.13515000000000002],[0.0,0.0,0.0,1.0]]",p_S_m = R_S_step * p_step_m + t_S_m,STEP_LOCAL:hold_pivot_pin_0,S,m,mm,True,True,True,False,True
parking,hold_saddle_0,"[[1.0,0.0,0.0,-0.115],[0.0,1.0,0.0,-0.099],[0.0,0.0,1.0,0.13515000000000002],[0.0,0.0,0.0,1.0]]",p_S_m = R_S_step * p_step_m + t_S_m,STEP_LOCAL:hold_saddle_0,S,m,mm,True,True,True,False,True
parking,hold_contact_pad_0_0,"[[1.0,0.0,0.0,-0.115],[0.0,1.0,0.0,-0.099],[0.0,0.0,1.0,0.13515000000000002],[0.0,0.0,0.0,1.0]]",p_S_m = R_S_step * p_step_m + t_S_m,STEP_LOCAL:hold_contact_pad_0_0,S,m,mm,True,True,True,False,True
parking,hold_contact_pad_0_1,"[[1.0,0.0,0.0,-0.115],[0.0,1.0,0.0,-0.099],[0.0,0.0,1.0,0.13515000000000002],[0.0,0.0,0.0,1.0]]",p_S_m = R_S_step * p_step_m + t_S_m,STEP_LOCAL:hold_contact_pad_0_1,S,m,mm,True,True,True,False,True
parking,hold_open_cap_0,"[[1.0,0.0,0.0,-0.115],[0.0,1.0,0.0,-0.099],[0.0,0.0,1.0,0.4975131339999999],[0.0,0.0,0.0,1.0]]",p_S_m = R_S_step * p_step_m + t_S_m,STEP_LOCAL:hold_open_cap_0,S,m,mm,True,True,True,False,True
parking,hold_upper_pad_0,"[[1.0,0.0,0.0,-0.115],[0.0,1.0,0.0,-0.099],[0.0,0.0,1.0,0.4975131339999999],[0.0,0.0,0.0,1.0]]",p_S_m = R_S_step * p_step_m + t_S_m,STEP_LOCAL:hold_upper_pad_0,S,m,mm,True,True,True,False,True
parking,hold_cap_pin_0,"[[1.0,0.0,0.0,-0.115],[0.0,1.0,0.0,-0.099],[0.0,0.0,1.0,0.4975131339999999],[0.0,0.0,0.0,1.0]]",p_S_m = R_S_step * p_step_m + t_S_m,STEP_LOCAL:hold_cap_pin_0,S,m,mm,True,True,True,False,True
parking,hold_cap_tie_0,"[[1.0,0.0,0.0,-0.115],[0.0,1.0,0.0,-0.099],[0.0,0.0,1.0,0.4975131339999999],[0.0,0.0,0.0,1.0]]",p_S_m = R_S_step * p_step_m + t_S_m,STEP_LOCAL:hold_cap_tie_0,S,m,mm,True,True,True,False,True
parking,hold_latch_clevis_0,"[[1.0,0.0,0.0,-0.115],[0.0,1.0,0.0,-0.099],[0.0,0.0,1.0,0.13515000000000002],[0.0,0.0,0.0,1.0]]",p_S_m = R_S_step * p_step_m + t_S_m,STEP_LOCAL:hold_latch_clevis_0,S,m,mm,True,True,True,False,True
parking,hold_latch_pin_0,"[[1.0,0.0,0.0,-0.115],[0.0,1.0,0.0,-0.099],[0.0,0.0,1.0,0.13515000000000002],[0.0,0.0,0.0,1.0]]",p_S_m = R_S_step * p_step_m + t_S_m,STEP_LOCAL:hold_latch_pin_0,S,m,mm,True,True,True,False,True
parking,hold_latch_puller_0,"[[1.0,0.0,0.0,-0.115],[0.0,1.0,0.0,-0.099],[0.0,0.0,1.0,0.13515000000000002],[0.0,0.0,0.0,1.0]]",p_S_m = R_S_step * p_step_m + t_S_m,STEP_LOCAL:hold_latch_puller_0,S,m,mm,True,True,True,False,True
parking,hold_shoe_spring_release_0,"[[1.0,0.0,0.0,-0.115],[0.0,1.0,0.0,-0.099],[0.0,0.0,1.0,0.13515000000000002],[0.0,0.0,0.0,1.0]]",p_S_m = R_S_step * p_step_m + t_S_m,STEP_LOCAL:hold_shoe_spring_release_0,S,m,mm,True,True,True,False,True
parking,hold_electric_release_0,"[[1.0,0.0,0.0,-0.115],[0.0,1.0,0.0,-0.122],[0.0,0.0,1.0,0.14915],[0.0,0.0,0.0,1.0]]",p_S_m = R_S_step * p_step_m + t_S_m,STEP_LOCAL:hold_electric_release_0,S,m,mm,True,True,True,False,True
parking,hold_torsion_spring_0,"[[1.0,0.0,0.0,-0.137],[0.0,1.0,0.0,-0.099],[0.0,0.0,1.0,0.13515000000000002],[0.0,0.0,0.0,1.0]]",p_S_m = R_S_step * p_step_m + t_S_m,STEP_LOCAL:hold_torsion_spring_0,S,m,mm,True,True,True,False,True
parking,hold_position_sensor_0,"[[1.0,0.0,0.0,-0.092],[0.0,1.0,0.0,-0.099],[0.0,0.0,1.0,0.13115000000000002],[0.0,0.0,0.0,1.0]]",p_S_m = R_S_step * p_step_m + t_S_m,STEP_LOCAL:hold_position_sensor_0,S,m,mm,True,True,True,False,True
parking,hold_confirm_latch_0,"[[1.0,0.0,0.0,-0.115],[0.0,1.0,0.0,-0.099],[0.0,0.0,1.0,0.13515000000000002],[0.0,0.0,0.0,1.0]]",p_S_m = R_S_step * p_step_m + t_S_m,STEP_LOCAL:hold_confirm_latch_0,S,m,mm,True,True,True,False,True
parking,hold_confirm_cap_0,"[[1.0,0.0,0.0,-0.115],[0.0,1.0,0.0,-0.099],[0.0,0.0,1.0,0.13515000000000002],[0.0,0.0,0.0,1.0]]",p_S_m = R_S_step * p_step_m + t_S_m,STEP_LOCAL:hold_confirm_cap_0,S,m,mm,True,True,True,False,True
parking,hold_confirm_shoe_0,"[[1.0,0.0,0.0,-0.115],[0.0,1.0,0.0,-0.099],[0.0,0.0,1.0,0.13515000000000002],[0.0,0.0,0.0,1.0]]",p_S_m = R_S_step * p_step_m + t_S_m,STEP_LOCAL:hold_confirm_shoe_0,S,m,mm,True,True,True,False,True
parking,hold_crossbeam_1,"[[1.0,0.0,0.0,-0.04],[0.0,1.0,0.0,0.0],[0.0,0.0,1.0,0.10115],[0.0,0.0,0.0,1.0]]",p_S_m = R_S_step * p_step_m + t_S_m,STEP_LOCAL:hold_crossbeam_1,S,m,mm,True,True,True,False,True
parking,hold_roof_lug_1_-94.15,"[[1.0,0.0,0.0,-0.04],[0.0,1.0,0.0,-0.09415000000000001],[0.0,0.0,1.0,0.11215000000000001],[0.0,0.0,0.0,1.0]]",p_S_m = R_S_step * p_step_m + t_S_m,STEP_LOCAL:hold_roof_lug_1_-94.15,S,m,mm,True,True,True,False,True
parking,hold_roof_lug_1_94.15,"[[1.0,0.0,0.0,-0.04],[0.0,1.0,0.0,0.09415000000000001],[0.0,0.0,1.0,0.11215000000000001],[0.0,0.0,0.0,1.0]]",p_S_m = R_S_step * p_step_m + t_S_m,STEP_LOCAL:hold_roof_lug_1_94.15,S,m,mm,True,True,True,False,True
parking,hold_pivot_clevis_1,"[[1.0,0.0,0.0,-0.04],[0.0,1.0,0.0,-0.099],[0.0,0.0,1.0,0.13315000000000002],[0.0,0.0,0.0,1.0]]",p_S_m = R_S_step * p_step_m + t_S_m,STEP_LOCAL:hold_pivot_clevis_1,S,m,mm,True,True,True,False,True
parking,hold_pivot_pin_1,"[[1.0,0.0,0.0,-0.04],[0.0,1.0,0.0,-0.099],[0.0,0.0,1.0,0.13515000000000002],[0.0,0.0,0.0,1.0]]",p_S_m = R_S_step * p_step_m + t_S_m,STEP_LOCAL:hold_pivot_pin_1,S,m,mm,True,True,True,False,True
parking,hold_saddle_1,"[[1.0,0.0,0.0,-0.04],[0.0,1.0,0.0,-0.099],[0.0,0.0,1.0,0.13515000000000002],[0.0,0.0,0.0,1.0]]",p_S_m = R_S_step * p_step_m + t_S_m,STEP_LOCAL:hold_saddle_1,S,m,mm,True,True,True,False,True
parking,hold_contact_pad_1_0,"[[1.0,0.0,0.0,-0.04],[0.0,1.0,0.0,-0.099],[0.0,0.0,1.0,0.13515000000000002],[0.0,0.0,0.0,1.0]]",p_S_m = R_S_step * p_step_m + t_S_m,STEP_LOCAL:hold_contact_pad_1_0,S,m,mm,True,True,True,False,True
parking,hold_contact_pad_1_1,"[[1.0,0.0,0.0,-0.04],[0.0,1.0,0.0,-0.099],[0.0,0.0,1.0,0.13515000000000002],[0.0,0.0,0.0,1.0]]",p_S_m = R_S_step * p_step_m + t_S_m,STEP_LOCAL:hold_contact_pad_1_1,S,m,mm,True,True,True,False,True
parking,hold_open_cap_1,"[[1.0,0.0,0.0,-0.04],[0.0,1.0,0.0,-0.099],[0.0,0.0,1.0,0.5408143209999999],[0.0,0.0,0.0,1.0]]",p_S_m = R_S_step * p_step_m + t_S_m,STEP_LOCAL:hold_open_cap_1,S,m,mm,True,True,True,False,True
parking,hold_upper_pad_1,"[[1.0,0.0,0.0,-0.04],[0.0,1.0,0.0,-0.099],[0.0,0.0,1.0,0.5408143209999999],[0.0,0.0,0.0,1.0]]",p_S_m = R_S_step * p_step_m + t_S_m,STEP_LOCAL:hold_upper_pad_1,S,m,mm,True,True,True,False,True
parking,hold_cap_pin_1,"[[1.0,0.0,0.0,-0.04],[0.0,1.0,0.0,-0.099],[0.0,0.0,1.0,0.5408143209999999],[0.0,0.0,0.0,1.0]]",p_S_m = R_S_step * p_step_m + t_S_m,STEP_LOCAL:hold_cap_pin_1,S,m,mm,True,True,True,False,True
parking,hold_cap_tie_1,"[[1.0,0.0,0.0,-0.04],[0.0,1.0,0.0,-0.099],[0.0,0.0,1.0,0.5408143209999999],[0.0,0.0,0.0,1.0]]",p_S_m = R_S_step * p_step_m + t_S_m,STEP_LOCAL:hold_cap_tie_1,S,m,mm,True,True,True,False,True
parking,hold_latch_clevis_1,"[[1.0,0.0,0.0,-0.04],[0.0,1.0,0.0,-0.099],[0.0,0.0,1.0,0.13515000000000002],[0.0,0.0,0.0,1.0]]",p_S_m = R_S_step * p_step_m + t_S_m,STEP_LOCAL:hold_latch_clevis_1,S,m,mm,True,True,True,False,True
parking,hold_latch_pin_1,"[[1.0,0.0,0.0,-0.04],[0.0,1.0,0.0,-0.099],[0.0,0.0,1.0,0.13515000000000002],[0.0,0.0,0.0,1.0]]",p_S_m = R_S_step * p_step_m + t_S_m,STEP_LOCAL:hold_latch_pin_1,S,m,mm,True,True,True,False,True
parking,hold_latch_puller_1,"[[1.0,0.0,0.0,-0.04],[0.0,1.0,0.0,-0.099],[0.0,0.0,1.0,0.13515000000000002],[0.0,0.0,0.0,1.0]]",p_S_m = R_S_step * p_step_m + t_S_m,STEP_LOCAL:hold_latch_puller_1,S,m,mm,True,True,True,False,True
parking,hold_shoe_spring_release_1,"[[1.0,0.0,0.0,-0.04],[0.0,1.0,0.0,-0.099],[0.0,0.0,1.0,0.13515000000000002],[0.0,0.0,0.0,1.0]]",p_S_m = R_S_step * p_step_m + t_S_m,STEP_LOCAL:hold_shoe_spring_release_1,S,m,mm,True,True,True,False,True
parking,hold_electric_release_1,"[[1.0,0.0,0.0,-0.04],[0.0,1.0,0.0,-0.122],[0.0,0.0,1.0,0.14915],[0.0,0.0,0.0,1.0]]",p_S_m = R_S_step * p_step_m + t_S_m,STEP_LOCAL:hold_electric_release_1,S,m,mm,True,True,True,False,True
parking,hold_torsion_spring_1,"[[1.0,0.0,0.0,-0.062],[0.0,1.0,0.0,-0.099],[0.0,0.0,1.0,0.13515000000000002],[0.0,0.0,0.0,1.0]]",p_S_m = R_S_step * p_step_m + t_S_m,STEP_LOCAL:hold_torsion_spring_1,S,m,mm,True,True,True,False,True
parking,hold_position_sensor_1,"[[1.0,0.0,0.0,-0.017],[0.0,1.0,0.0,-0.099],[0.0,0.0,1.0,0.13115000000000002],[0.0,0.0,0.0,1.0]]",p_S_m = R_S_step * p_step_m + t_S_m,STEP_LOCAL:hold_position_sensor_1,S,m,mm,True,True,True,False,True
parking,hold_confirm_latch_1,"[[1.0,0.0,0.0,-0.04],[0.0,1.0,0.0,-0.099],[0.0,0.0,1.0,0.13515000000000002],[0.0,0.0,0.0,1.0]]",p_S_m = R_S_step * p_step_m + t_S_m,STEP_LOCAL:hold_confirm_latch_1,S,m,mm,True,True,True,False,True
parking,hold_confirm_cap_1,"[[1.0,0.0,0.0,-0.04],[0.0,1.0,0.0,-0.099],[0.0,0.0,1.0,0.13515000000000002],[0.0,0.0,0.0,1.0]]",p_S_m = R_S_step * p_step_m + t_S_m,STEP_LOCAL:hold_confirm_cap_1,S,m,mm,True,True,True,False,True
parking,hold_confirm_shoe_1,"[[1.0,0.0,0.0,-0.04],[0.0,1.0,0.0,-0.099],[0.0,0.0,1.0,0.13515000000000002],[0.0,0.0,0.0,1.0]]",p_S_m = R_S_step * p_step_m + t_S_m,STEP_LOCAL:hold_confirm_shoe_1,S,m,mm,True,True,True,False,True
parking,wing_-1_leaf_1,"[[1.0,0.0,0.0,0.0],[0.0,0.0,-1.0,-0.12115000000000001],[0.0,1.0,0.0,-0.008150000000000006],[0.0,0.0,0.0,1.0]]",p_S_m = R_S_step * p_step_m + t_S_m,STEP_LOCAL:wing_-1_leaf_1,S,m,mm,True,True,True,False,True
parking,wing_root_fork_-1_-1,"[[1.0,0.0,0.0,0.0],[0.0,1.0,0.0,0.0],[0.0,0.0,1.0,0.0],[0.0,0.0,0.0,1.0]]",p_S_m = R_S_step * p_step_m + t_S_m,STEP_LOCAL:wing_root_fork_-1_-1,S,m,mm,True,True,True,False,True
parking,wing_hinge_pin_-1_1_-1,"[[1.0,0.0,0.0,-0.162],[0.0,1.0,0.0,-0.12115000000000001],[0.0,0.0,1.0,-0.10815000000000001],[0.0,0.0,0.0,1.0]]",p_S_m = R_S_step * p_step_m + t_S_m,STEP_LOCAL:wing_hinge_pin_-1_1_-1,S,m,mm,True,True,True,False,True
parking,wing_root_fork_-1_1,"[[1.0,0.0,0.0,0.0],[0.0,1.0,0.0,0.0],[0.0,0.0,1.0,0.0],[0.0,0.0,0.0,1.0]]",p_S_m = R_S_step * p_step_m + t_S_m,STEP_LOCAL:wing_root_fork_-1_1,S,m,mm,True,True,True,False,True
parking,wing_hinge_pin_-1_1_1,"[[1.0,0.0,0.0,0.162],[0.0,1.0,0.0,-0.12115000000000001],[0.0,0.0,1.0,-0.10815000000000001],[0.0,0.0,0.0,1.0]]",p_S_m = R_S_step * p_step_m + t_S_m,STEP_LOCAL:wing_hinge_pin_-1_1_1,S,m,mm,True,True,True,False,True
parking,wing_-1_leaf_2,"[[1.0,0.0,0.0,0.0],[0.0,-1.2246467991473532e-16,1.0,-0.12565],[0.0,-1.0,-1.2246467991473532e-16,-0.008150000000000006],[0.0,0.0,0.0,1.0]]",p_S_m = R_S_step * p_step_m + t_S_m,STEP_LOCAL:wing_-1_leaf_2,S,m,mm,True,True,True,False,True
parking,wing_hinge_pin_-1_2_-1,"[[1.0,0.0,0.0,-0.162],[0.0,1.0,0.0,-0.12565],[0.0,0.0,1.0,0.09185],[0.0,0.0,0.0,1.0]]",p_S_m = R_S_step * p_step_m + t_S_m,STEP_LOCAL:wing_hinge_pin_-1_2_-1,S,m,mm,True,True,True,False,True
parking,wing_hinge_pin_-1_2_1,"[[1.0,0.0,0.0,0.162],[0.0,1.0,0.0,-0.12565],[0.0,0.0,1.0,0.09185],[0.0,0.0,0.0,1.0]]",p_S_m = R_S_step * p_step_m + t_S_m,STEP_LOCAL:wing_hinge_pin_-1_2_1,S,m,mm,True,True,True,False,True
parking,wing_-1_leaf_3,"[[1.0,0.0,0.0,0.0],[0.0,0.0,-1.0,-0.13015000000000004],[0.0,1.0,0.0,-0.008150000000000006],[0.0,0.0,0.0,1.0]]",p_S_m = R_S_step * p_step_m + t_S_m,STEP_LOCAL:wing_-1_leaf_3,S,m,mm,True,True,True,False,True
parking,wing_hinge_pin_-1_3_-1,"[[1.0,0.0,0.0,-0.188],[0.0,1.0,0.0,-0.13015000000000004],[0.0,0.0,1.0,-0.10815000000000001],[0.0,0.0,0.0,1.0]]",p_S_m = R_S_step * p_step_m + t_S_m,STEP_LOCAL:wing_hinge_pin_-1_3_-1,S,m,mm,True,True,True,False,True
parking,wing_hinge_pin_-1_3_1,"[[1.0,0.0,0.0,0.188],[0.0,1.0,0.0,-0.13015000000000004],[0.0,0.0,1.0,-0.10815000000000001],[0.0,0.0,0.0,1.0]]",p_S_m = R_S_step * p_step_m + t_S_m,STEP_LOCAL:wing_hinge_pin_-1_3_1,S,m,mm,True,True,True,False,True
parking,wing_edge_frame_-1_1_-1,"[[1.0,0.0,0.0,0.0],[0.0,0.0,-1.0,-0.12115000000000001],[0.0,1.0,0.0,-0.008150000000000006],[0.0,0.0,0.0,1.0]]",p_S_m = R_S_step * p_step_m + t_S_m,STEP_LOCAL:wing_edge_frame_-1_1_-1,S,m,mm,True,True,True,False,True
parking,wing_edge_frame_-1_1_1,"[[1.0,0.0,0.0,0.0],[0.0,0.0,-1.0,-0.12115000000000001],[0.0,1.0,0.0,-0.008150000000000006],[0.0,0.0,0.0,1.0]]",p_S_m = R_S_step * p_step_m + t_S_m,STEP_LOCAL:wing_edge_frame_-1_1_1,S,m,mm,True,True,True,False,True
parking,wing_edge_frame_-1_2_-1,"[[1.0,0.0,0.0,0.0],[0.0,-1.2246467991473532e-16,1.0,-0.12565],[0.0,-1.0,-1.2246467991473532e-16,-0.008150000000000006],[0.0,0.0,0.0,1.0]]",p_S_m = R_S_step * p_step_m + t_S_m,STEP_LOCAL:wing_edge_frame_-1_2_-1,S,m,mm,True,True,True,False,True
parking,wing_edge_frame_-1_2_1,"[[1.0,0.0,0.0,0.0],[0.0,-1.2246467991473532e-16,1.0,-0.12565],[0.0,-1.0,-1.2246467991473532e-16,-0.008150000000000006],[0.0,0.0,0.0,1.0]]",p_S_m = R_S_step * p_step_m + t_S_m,STEP_LOCAL:wing_edge_frame_-1_2_1,S,m,mm,True,True,True,False,True
parking,wing_edge_frame_-1_3_-1,"[[1.0,0.0,0.0,0.0],[0.0,0.0,-1.0,-0.13015000000000004],[0.0,1.0,0.0,-0.008150000000000006],[0.0,0.0,0.0,1.0]]",p_S_m = R_S_step * p_step_m + t_S_m,STEP_LOCAL:wing_edge_frame_-1_3_-1,S,m,mm,True,True,True,False,True
parking,wing_edge_frame_-1_3_1,"[[1.0,0.0,0.0,0.0],[0.0,0.0,-1.0,-0.13015000000000004],[0.0,1.0,0.0,-0.008150000000000006],[0.0,0.0,0.0,1.0]]",p_S_m = R_S_step * p_step_m + t_S_m,STEP_LOCAL:wing_edge_frame_-1_3_1,S,m,mm,True,True,True,False,True
parking,wing_release_budget_-1,"[[1.0,0.0,0.0,-0.176],[0.0,1.0,0.0,-0.128],[0.0,0.0,1.0,0.0],[0.0,0.0,0.0,1.0]]",p_S_m = R_S_step * p_step_m + t_S_m,STEP_LOCAL:wing_release_budget_-1,S,m,mm,True,True,True,False,True
parking,wing_harness_budget_-1,"[[1.0,0.0,0.0,0.132],[0.0,1.0,0.0,-0.12115000000000001],[0.0,0.0,1.0,-0.1],[0.0,0.0,0.0,1.0]]",p_S_m = R_S_step * p_step_m + t_S_m,STEP_LOCAL:wing_harness_budget_-1,S,m,mm,True,True,True,False,True
parking,wing_1_leaf_1,"[[1.0,0.0,0.0,0.0],[0.0,0.0,-1.0,0.12115000000000001],[0.0,1.0,0.0,-0.008150000000000006],[0.0,0.0,0.0,1.0]]",p_S_m = R_S_step * p_step_m + t_S_m,STEP_LOCAL:wing_1_leaf_1,S,m,mm,True,True,True,False,True
parking,wing_root_fork_1_-1,"[[1.0,0.0,0.0,0.0],[0.0,1.0,0.0,0.0],[0.0,0.0,1.0,0.0],[0.0,0.0,0.0,1.0]]",p_S_m = R_S_step * p_step_m + t_S_m,STEP_LOCAL:wing_root_fork_1_-1,S,m,mm,True,True,True,False,True
parking,wing_hinge_pin_1_1_-1,"[[1.0,0.0,0.0,-0.162],[0.0,1.0,0.0,0.12115000000000001],[0.0,0.0,1.0,-0.10815000000000001],[0.0,0.0,0.0,1.0]]",p_S_m = R_S_step * p_step_m + t_S_m,STEP_LOCAL:wing_hinge_pin_1_1_-1,S,m,mm,True,True,True,False,True
parking,wing_root_fork_1_1,"[[1.0,0.0,0.0,0.0],[0.0,1.0,0.0,0.0],[0.0,0.0,1.0,0.0],[0.0,0.0,0.0,1.0]]",p_S_m = R_S_step * p_step_m + t_S_m,STEP_LOCAL:wing_root_fork_1_1,S,m,mm,True,True,True,False,True
parking,wing_hinge_pin_1_1_1,"[[1.0,0.0,0.0,0.162],[0.0,1.0,0.0,0.12115000000000001],[0.0,0.0,1.0,-0.10815000000000001],[0.0,0.0,0.0,1.0]]",p_S_m = R_S_step * p_step_m + t_S_m,STEP_LOCAL:wing_hinge_pin_1_1_1,S,m,mm,True,True,True,False,True
parking,wing_1_leaf_2,"[[1.0,0.0,0.0,0.0],[0.0,1.2246467991473532e-16,1.0,0.12565],[0.0,-1.0,1.2246467991473532e-16,-0.008150000000000006],[0.0,0.0,0.0,1.0]]",p_S_m = R_S_step * p_step_m + t_S_m,STEP_LOCAL:wing_1_leaf_2,S,m,mm,True,True,True,False,True
parking,wing_hinge_pin_1_2_-1,"[[1.0,0.0,0.0,-0.162],[0.0,1.0,0.0,0.12565],[0.0,0.0,1.0,0.09185],[0.0,0.0,0.0,1.0]]",p_S_m = R_S_step * p_step_m + t_S_m,STEP_LOCAL:wing_hinge_pin_1_2_-1,S,m,mm,True,True,True,False,True
parking,wing_hinge_pin_1_2_1,"[[1.0,0.0,0.0,0.162],[0.0,1.0,0.0,0.12565],[0.0,0.0,1.0,0.09185],[0.0,0.0,0.0,1.0]]",p_S_m = R_S_step * p_step_m + t_S_m,STEP_LOCAL:wing_hinge_pin_1_2_1,S,m,mm,True,True,True,False,True
parking,wing_1_leaf_3,"[[1.0,0.0,0.0,0.0],[0.0,0.0,-1.0,0.13015000000000004],[0.0,1.0,0.0,-0.008150000000000006],[0.0,0.0,0.0,1.0]]",p_S_m = R_S_step * p_step_m + t_S_m,STEP_LOCAL:wing_1_leaf_3,S,m,mm,True,True,True,False,True
parking,wing_hinge_pin_1_3_-1,"[[1.0,0.0,0.0,-0.188],[0.0,1.0,0.0,0.13015000000000004],[0.0,0.0,1.0,-0.10815000000000001],[0.0,0.0,0.0,1.0]]",p_S_m = R_S_step * p_step_m + t_S_m,STEP_LOCAL:wing_hinge_pin_1_3_-1,S,m,mm,True,True,True,False,True
parking,wing_hinge_pin_1_3_1,"[[1.0,0.0,0.0,0.188],[0.0,1.0,0.0,0.13015000000000004],[0.0,0.0,1.0,-0.10815000000000001],[0.0,0.0,0.0,1.0]]",p_S_m = R_S_step * p_step_m + t_S_m,STEP_LOCAL:wing_hinge_pin_1_3_1,S,m,mm,True,True,True,False,True
parking,wing_edge_frame_1_1_-1,"[[1.0,0.0,0.0,0.0],[0.0,0.0,-1.0,0.12115000000000001],[0.0,1.0,0.0,-0.008150000000000006],[0.0,0.0,0.0,1.0]]",p_S_m = R_S_step * p_step_m + t_S_m,STEP_LOCAL:wing_edge_frame_1_1_-1,S,m,mm,True,True,True,False,True
parking,wing_edge_frame_1_1_1,"[[1.0,0.0,0.0,0.0],[0.0,0.0,-1.0,0.12115000000000001],[0.0,1.0,0.0,-0.008150000000000006],[0.0,0.0,0.0,1.0]]",p_S_m = R_S_step * p_step_m + t_S_m,STEP_LOCAL:wing_edge_frame_1_1_1,S,m,mm,True,True,True,False,True
parking,wing_edge_frame_1_2_-1,"[[1.0,0.0,0.0,0.0],[0.0,1.2246467991473532e-16,1.0,0.12565],[0.0,-1.0,1.2246467991473532e-16,-0.008150000000000006],[0.0,0.0,0.0,1.0]]",p_S_m = R_S_step * p_step_m + t_S_m,STEP_LOCAL:wing_edge_frame_1_2_-1,S,m,mm,True,True,True,False,True
parking,wing_edge_frame_1_2_1,"[[1.0,0.0,0.0,0.0],[0.0,1.2246467991473532e-16,1.0,0.12565],[0.0,-1.0,1.2246467991473532e-16,-0.008150000000000006],[0.0,0.0,0.0,1.0]]",p_S_m = R_S_step * p_step_m + t_S_m,STEP_LOCAL:wing_edge_frame_1_2_1,S,m,mm,True,True,True,False,True
parking,wing_edge_frame_1_3_-1,"[[1.0,0.0,0.0,0.0],[0.0,0.0,-1.0,0.13015000000000004],[0.0,1.0,0.0,-0.008150000000000006],[0.0,0.0,0.0,1.0]]",p_S_m = R_S_step * p_step_m + t_S_m,STEP_LOCAL:wing_edge_frame_1_3_-1,S,m,mm,True,True,True,False,True
parking,wing_edge_frame_1_3_1,"[[1.0,0.0,0.0,0.0],[0.0,0.0,-1.0,0.13015000000000004],[0.0,1.0,0.0,-0.008150000000000006],[0.0,0.0,0.0,1.0]]",p_S_m = R_S_step * p_step_m + t_S_m,STEP_LOCAL:wing_edge_frame_1_3_1,S,m,mm,True,True,True,False,True
parking,wing_release_budget_1,"[[1.0,0.0,0.0,-0.176],[0.0,1.0,0.0,0.128],[0.0,0.0,1.0,0.0],[0.0,0.0,0.0,1.0]]",p_S_m = R_S_step * p_step_m + t_S_m,STEP_LOCAL:wing_release_budget_1,S,m,mm,True,True,True,False,True
parking,wing_harness_budget_1,"[[1.0,0.0,0.0,0.132],[0.0,1.0,0.0,0.12115000000000001],[0.0,0.0,1.0,-0.1],[0.0,0.0,0.0,1.0]]",p_S_m = R_S_step * p_step_m + t_S_m,STEP_LOCAL:wing_harness_budget_1,S,m,mm,True,True,True,False,True
parking,R07_upper_cap_20_-1,"[[1.0,0.0,0.0,0.0],[0.0,1.0,0.0,0.0],[0.0,0.0,1.0,0.0],[0.0,0.0,0.0,1.0]]",p_S_m = R_S_step * p_step_m + t_S_m,STEP_LOCAL:R07_upper_cap_20_-1,S,m,mm,True,True,True,False,True
parking,R07_upper_cap_20_1,"[[1.0,0.0,0.0,0.0],[0.0,1.0,0.0,0.0],[0.0,0.0,1.0,0.0],[0.0,0.0,0.0,1.0]]",p_S_m = R_S_step * p_step_m + t_S_m,STEP_LOCAL:R07_upper_cap_20_1,S,m,mm,True,True,True,False,True
parking,R07_upper_cap_160_-1,"[[1.0,0.0,0.0,0.0],[0.0,1.0,0.0,0.0],[0.0,0.0,1.0,0.0],[0.0,0.0,0.0,1.0]]",p_S_m = R_S_step * p_step_m + t_S_m,STEP_LOCAL:R07_upper_cap_160_-1,S,m,mm,True,True,True,False,True
parking,R07_upper_cap_160_1,"[[1.0,0.0,0.0,0.0],[0.0,1.0,0.0,0.0],[0.0,0.0,1.0,0.0],[0.0,0.0,0.0,1.0]]",p_S_m = R_S_step * p_step_m + t_S_m,STEP_LOCAL:R07_upper_cap_160_1,S,m,mm,True,True,True,False,True
parking,R07_RAIL_-1_-1_15_screw,"[[1.0,0.0,0.0,0.0],[0.0,1.0,0.0,0.0],[0.0,0.0,1.0,0.0],[0.0,0.0,0.0,1.0]]",p_S_m = R_S_step * p_step_m + t_S_m,STEP_LOCAL:R07_RAIL_-1_-1_15_screw,S,m,mm,True,True,True,False,True
parking,R07_RAIL_-1_-1_15_washer_head,"[[1.0,0.0,0.0,0.0],[0.0,1.0,0.0,0.0],[0.0,0.0,1.0,0.0],[0.0,0.0,0.0,1.0]]",p_S_m = R_S_step * p_step_m + t_S_m,STEP_LOCAL:R07_RAIL_-1_-1_15_washer_head,S,m,mm,True,True,True,False,True
parking,R07_RAIL_-1_-1_15_washer_nut,"[[1.0,0.0,0.0,0.0],[0.0,1.0,0.0,0.0],[0.0,0.0,1.0,0.0],[0.0,0.0,0.0,1.0]]",p_S_m = R_S_step * p_step_m + t_S_m,STEP_LOCAL:R07_RAIL_-1_-1_15_washer_nut,S,m,mm,True,True,True,False,True
parking,R07_RAIL_-1_-1_15_nut,"[[1.0,0.0,0.0,0.0],[0.0,1.0,0.0,0.0],[0.0,0.0,1.0,0.0],[0.0,0.0,0.0,1.0]]",p_S_m = R_S_step * p_step_m + t_S_m,STEP_LOCAL:R07_RAIL_-1_-1_15_nut,S,m,mm,True,True,True,False,True
parking,R07_RAIL_-1_-1_15_sleeve,"[[1.0,0.0,0.0,0.0],[0.0,1.0,0.0,0.0],[0.0,0.0,1.0,0.0],[0.0,0.0,0.0,1.0]]",p_S_m = R_S_step * p_step_m + t_S_m,STEP_LOCAL:R07_RAIL_-1_-1_15_sleeve,S,m,mm,True,True,True,False,True
parking,R07_RAIL_-1_-1_164_screw,"[[1.0,0.0,0.0,0.0],[0.0,1.0,0.0,0.0],[0.0,0.0,1.0,0.0],[0.0,0.0,0.0,1.0]]",p_S_m = R_S_step * p_step_m + t_S_m,STEP_LOCAL:R07_RAIL_-1_-1_164_screw,S,m,mm,True,True,True,False,True
parking,R07_RAIL_-1_-1_164_washer_head,"[[1.0,0.0,0.0,0.0],[0.0,1.0,0.0,0.0],[0.0,0.0,1.0,0.0],[0.0,0.0,0.0,1.0]]",p_S_m = R_S_step * p_step_m + t_S_m,STEP_LOCAL:R07_RAIL_-1_-1_164_washer_head,S,m,mm,True,True,True,False,True
parking,R07_RAIL_-1_-1_164_washer_nut,"[[1.0,0.0,0.0,0.0],[0.0,1.0,0.0,0.0],[0.0,0.0,1.0,0.0],[0.0,0.0,0.0,1.0]]",p_S_m = R_S_step * p_step_m + t_S_m,STEP_LOCAL:R07_RAIL_-1_-1_164_washer_nut,S,m,mm,True,True,True,False,True
parking,R07_RAIL_-1_-1_164_nut,"[[1.0,0.0,0.0,0.0],[0.0,1.0,0.0,0.0],[0.0,0.0,1.0,0.0],[0.0,0.0,0.0,1.0]]",p_S_m = R_S_step * p_step_m + t_S_m,STEP_LOCAL:R07_RAIL_-1_-1_164_nut,S,m,mm,True,True,True,False,True
parking,R07_RAIL_-1_-1_-164_screw,"[[1.0,0.0,0.0,0.0],[0.0,1.0,0.0,0.0],[0.0,0.0,1.0,0.0],[0.0,0.0,0.0,1.0]]",p_S_m = R_S_step * p_step_m + t_S_m,STEP_LOCAL:R07_RAIL_-1_-1_-164_screw,S,m,mm,True,True,True,False,True
parking,R07_RAIL_-1_-1_-164_washer_head,"[[1.0,0.0,0.0,0.0],[0.0,1.0,0.0,0.0],[0.0,0.0,1.0,0.0],[0.0,0.0,0.0,1.0]]",p_S_m = R_S_step * p_step_m + t_S_m,STEP_LOCAL:R07_RAIL_-1_-1_-164_washer_head,S,m,mm,True,True,True,False,True
parking,R07_RAIL_-1_-1_-164_washer_nut,"[[1.0,0.0,0.0,0.0],[0.0,1.0,0.0,0.0],[0.0,0.0,1.0,0.0],[0.0,0.0,0.0,1.0]]",p_S_m = R_S_step * p_step_m + t_S_m,STEP_LOCAL:R07_RAIL_-1_-1_-164_washer_nut,S,m,mm,True,True,True,False,True
parking,R07_RAIL_-1_-1_-164_nut,"[[1.0,0.0,0.0,0.0],[0.0,1.0,0.0,0.0],[0.0,0.0,1.0,0.0],[0.0,0.0,0.0,1.0]]",p_S_m = R_S_step * p_step_m + t_S_m,STEP_LOCAL:R07_RAIL_-1_-1_-164_nut,S,m,mm,True,True,True,False,True
parking,R07_RAIL_-1_1_15_screw,"[[1.0,0.0,0.0,0.0],[0.0,1.0,0.0,0.0],[0.0,0.0,1.0,0.0],[0.0,0.0,0.0,1.0]]",p_S_m = R_S_step * p_step_m + t_S_m,STEP_LOCAL:R07_RAIL_-1_1_15_screw,S,m,mm,True,True,True,False,True
parking,R07_RAIL_-1_1_15_washer_head,"[[1.0,0.0,0.0,0.0],[0.0,1.0,0.0,0.0],[0.0,0.0,1.0,0.0],[0.0,0.0,0.0,1.0]]",p_S_m = R_S_step * p_step_m + t_S_m,STEP_LOCAL:R07_RAIL_-1_1_15_washer_head,S,m,mm,True,True,True,False,True
parking,R07_RAIL_-1_1_15_washer_nut,"[[1.0,0.0,0.0,0.0],[0.0,1.0,0.0,0.0],[0.0,0.0,1.0,0.0],[0.0,0.0,0.0,1.0]]",p_S_m = R_S_step * p_step_m + t_S_m,STEP_LOCAL:R07_RAIL_-1_1_15_washer_nut,S,m,mm,True,True,True,False,True
parking,R07_RAIL_-1_1_15_nut,"[[1.0,0.0,0.0,0.0],[0.0,1.0,0.0,0.0],[0.0,0.0,1.0,0.0],[0.0,0.0,0.0,1.0]]",p_S_m = R_S_step * p_step_m + t_S_m,STEP_LOCAL:R07_RAIL_-1_1_15_nut,S,m,mm,True,True,True,False,True
parking,R07_RAIL_-1_1_15_sleeve,"[[1.0,0.0,0.0,0.0],[0.0,1.0,0.0,0.0],[0.0,0.0,1.0,0.0],[0.0,0.0,0.0,1.0]]",p_S_m = R_S_step * p_step_m + t_S_m,STEP_LOCAL:R07_RAIL_-1_1_15_sleeve,S,m,mm,True,True,True,False,True
parking,R07_RAIL_-1_1_164_screw,"[[1.0,0.0,0.0,0.0],[0.0,1.0,0.0,0.0],[0.0,0.0,1.0,0.0],[0.0,0.0,0.0,1.0]]",p_S_m = R_S_step * p_step_m + t_S_m,STEP_LOCAL:R07_RAIL_-1_1_164_screw,S,m,mm,True,True,True,False,True
parking,R07_RAIL_-1_1_164_washer_head,"[[1.0,0.0,0.0,0.0],[0.0,1.0,0.0,0.0],[0.0,0.0,1.0,0.0],[0.0,0.0,0.0,1.0]]",p_S_m = R_S_step * p_step_m + t_S_m,STEP_LOCAL:R07_RAIL_-1_1_164_washer_head,S,m,mm,True,True,True,False,True
parking,R07_RAIL_-1_1_164_washer_nut,"[[1.0,0.0,0.0,0.0],[0.0,1.0,0.0,0.0],[0.0,0.0,1.0,0.0],[0.0,0.0,0.0,1.0]]",p_S_m = R_S_step * p_step_m + t_S_m,STEP_LOCAL:R07_RAIL_-1_1_164_washer_nut,S,m,mm,True,True,True,False,True
parking,R07_RAIL_-1_1_164_nut,"[[1.0,0.0,0.0,0.0],[0.0,1.0,0.0,0.0],[0.0,0.0,1.0,0.0],[0.0,0.0,0.0,1.0]]",p_S_m = R_S_step * p_step_m + t_S_m,STEP_LOCAL:R07_RAIL_-1_1_164_nut,S,m,mm,True,True,True,False,True
parking,R07_RAIL_-1_1_-164_screw,"[[1.0,0.0,0.0,0.0],[0.0,1.0,0.0,0.0],[0.0,0.0,1.0,0.0],[0.0,0.0,0.0,1.0]]",p_S_m = R_S_step * p_step_m + t_S_m,STEP_LOCAL:R07_RAIL_-1_1_-164_screw,S,m,mm,True,True,True,False,True
parking,R07_RAIL_-1_1_-164_washer_head,"[[1.0,0.0,0.0,0.0],[0.0,1.0,0.0,0.0],[0.0,0.0,1.0,0.0],[0.0,0.0,0.0,1.0]]",p_S_m = R_S_step * p_step_m + t_S_m,STEP_LOCAL:R07_RAIL_-1_1_-164_washer_head,S,m,mm,True,True,True,False,True
parking,R07_RAIL_-1_1_-164_washer_nut,"[[1.0,0.0,0.0,0.0],[0.0,1.0,0.0,0.0],[0.0,0.0,1.0,0.0],[0.0,0.0,0.0,1.0]]",p_S_m = R_S_step * p_step_m + t_S_m,STEP_LOCAL:R07_RAIL_-1_1_-164_washer_nut,S,m,mm,True,True,True,False,True
parking,R07_RAIL_-1_1_-164_nut,"[[1.0,0.0,0.0,0.0],[0.0,1.0,0.0,0.0],[0.0,0.0,1.0,0.0],[0.0,0.0,0.0,1.0]]",p_S_m = R_S_step * p_step_m + t_S_m,STEP_LOCAL:R07_RAIL_-1_1_-164_nut,S,m,mm,True,True,True,False,True
parking,R07_RAIL_1_-1_15_screw,"[[1.0,0.0,0.0,0.0],[0.0,1.0,0.0,0.0],[0.0,0.0,1.0,0.0],[0.0,0.0,0.0,1.0]]",p_S_m = R_S_step * p_step_m + t_S_m,STEP_LOCAL:R07_RAIL_1_-1_15_screw,S,m,mm,True,True,True,False,True
parking,R07_RAIL_1_-1_15_washer_head,"[[1.0,0.0,0.0,0.0],[0.0,1.0,0.0,0.0],[0.0,0.0,1.0,0.0],[0.0,0.0,0.0,1.0]]",p_S_m = R_S_step * p_step_m + t_S_m,STEP_LOCAL:R07_RAIL_1_-1_15_washer_head,S,m,mm,True,True,True,False,True
parking,R07_RAIL_1_-1_15_washer_nut,"[[1.0,0.0,0.0,0.0],[0.0,1.0,0.0,0.0],[0.0,0.0,1.0,0.0],[0.0,0.0,0.0,1.0]]",p_S_m = R_S_step * p_step_m + t_S_m,STEP_LOCAL:R07_RAIL_1_-1_15_washer_nut,S,m,mm,True,True,True,False,True
parking,R07_RAIL_1_-1_15_nut,"[[1.0,0.0,0.0,0.0],[0.0,1.0,0.0,0.0],[0.0,0.0,1.0,0.0],[0.0,0.0,0.0,1.0]]",p_S_m = R_S_step * p_step_m + t_S_m,STEP_LOCAL:R07_RAIL_1_-1_15_nut,S,m,mm,True,True,True,False,True
parking,R07_RAIL_1_-1_15_sleeve,"[[1.0,0.0,0.0,0.0],[0.0,1.0,0.0,0.0],[0.0,0.0,1.0,0.0],[0.0,0.0,0.0,1.0]]",p_S_m = R_S_step * p_step_m + t_S_m,STEP_LOCAL:R07_RAIL_1_-1_15_sleeve,S,m,mm,True,True,True,False,True
parking,R07_RAIL_1_-1_164_screw,"[[1.0,0.0,0.0,0.0],[0.0,1.0,0.0,0.0],[0.0,0.0,1.0,0.0],[0.0,0.0,0.0,1.0]]",p_S_m = R_S_step * p_step_m + t_S_m,STEP_LOCAL:R07_RAIL_1_-1_164_screw,S,m,mm,True,True,True,False,True
parking,R07_RAIL_1_-1_164_washer_head,"[[1.0,0.0,0.0,0.0],[0.0,1.0,0.0,0.0],[0.0,0.0,1.0,0.0],[0.0,0.0,0.0,1.0]]",p_S_m = R_S_step * p_step_m + t_S_m,STEP_LOCAL:R07_RAIL_1_-1_164_washer_head,S,m,mm,True,True,True,False,True
parking,R07_RAIL_1_-1_164_washer_nut,"[[1.0,0.0,0.0,0.0],[0.0,1.0,0.0,0.0],[0.0,0.0,1.0,0.0],[0.0,0.0,0.0,1.0]]",p_S_m = R_S_step * p_step_m + t_S_m,STEP_LOCAL:R07_RAIL_1_-1_164_washer_nut,S,m,mm,True,True,True,False,True
parking,R07_RAIL_1_-1_164_nut,"[[1.0,0.0,0.0,0.0],[0.0,1.0,0.0,0.0],[0.0,0.0,1.0,0.0],[0.0,0.0,0.0,1.0]]",p_S_m = R_S_step * p_step_m + t_S_m,STEP_LOCAL:R07_RAIL_1_-1_164_nut,S,m,mm,True,True,True,False,True
parking,R07_RAIL_1_-1_-164_screw,"[[1.0,0.0,0.0,0.0],[0.0,1.0,0.0,0.0],[0.0,0.0,1.0,0.0],[0.0,0.0,0.0,1.0]]",p_S_m = R_S_step * p_step_m + t_S_m,STEP_LOCAL:R07_RAIL_1_-1_-164_screw,S,m,mm,True,True,True,False,True
parking,R07_RAIL_1_-1_-164_washer_head,"[[1.0,0.0,0.0,0.0],[0.0,1.0,0.0,0.0],[0.0,0.0,1.0,0.0],[0.0,0.0,0.0,1.0]]",p_S_m = R_S_step * p_step_m + t_S_m,STEP_LOCAL:R07_RAIL_1_-1_-164_washer_head,S,m,mm,True,True,True,False,True
parking,R07_RAIL_1_-1_-164_washer_nut,"[[1.0,0.0,0.0,0.0],[0.0,1.0,0.0,0.0],[0.0,0.0,1.0,0.0],[0.0,0.0,0.0,1.0]]",p_S_m = R_S_step * p_step_m + t_S_m,STEP_LOCAL:R07_RAIL_1_-1_-164_washer_nut,S,m,mm,True,True,True,False,True
parking,R07_RAIL_1_-1_-164_nut,"[[1.0,0.0,0.0,0.0],[0.0,1.0,0.0,0.0],[0.0,0.0,1.0,0.0],[0.0,0.0,0.0,1.0]]",p_S_m = R_S_step * p_step_m + t_S_m,STEP_LOCAL:R07_RAIL_1_-1_-164_nut,S,m,mm,True,True,True,False,True
parking,R07_RAIL_1_1_15_screw,"[[1.0,0.0,0.0,0.0],[0.0,1.0,0.0,0.0],[0.0,0.0,1.0,0.0],[0.0,0.0,0.0,1.0]]",p_S_m = R_S_step * p_step_m + t_S_m,STEP_LOCAL:R07_RAIL_1_1_15_screw,S,m,mm,True,True,True,False,True
parking,R07_RAIL_1_1_15_washer_head,"[[1.0,0.0,0.0,0.0],[0.0,1.0,0.0,0.0],[0.0,0.0,1.0,0.0],[0.0,0.0,0.0,1.0]]",p_S_m = R_S_step * p_step_m + t_S_m,STEP_LOCAL:R07_RAIL_1_1_15_washer_head,S,m,mm,True,True,True,False,True
parking,R07_RAIL_1_1_15_washer_nut,"[[1.0,0.0,0.0,0.0],[0.0,1.0,0.0,0.0],[0.0,0.0,1.0,0.0],[0.0,0.0,0.0,1.0]]",p_S_m = R_S_step * p_step_m + t_S_m,STEP_LOCAL:R07_RAIL_1_1_15_washer_nut,S,m,mm,True,True,True,False,True
parking,R07_RAIL_1_1_15_nut,"[[1.0,0.0,0.0,0.0],[0.0,1.0,0.0,0.0],[0.0,0.0,1.0,0.0],[0.0,0.0,0.0,1.0]]",p_S_m = R_S_step * p_step_m + t_S_m,STEP_LOCAL:R07_RAIL_1_1_15_nut,S,m,mm,True,True,True,False,True
parking,R07_RAIL_1_1_15_sleeve,"[[1.0,0.0,0.0,0.0],[0.0,1.0,0.0,0.0],[0.0,0.0,1.0,0.0],[0.0,0.0,0.0,1.0]]",p_S_m = R_S_step * p_step_m + t_S_m,STEP_LOCAL:R07_RAIL_1_1_15_sleeve,S,m,mm,True,True,True,False,True
parking,R07_RAIL_1_1_164_screw,"[[1.0,0.0,0.0,0.0],[0.0,1.0,0.0,0.0],[0.0,0.0,1.0,0.0],[0.0,0.0,0.0,1.0]]",p_S_m = R_S_step * p_step_m + t_S_m,STEP_LOCAL:R07_RAIL_1_1_164_screw,S,m,mm,True,True,True,False,True
parking,R07_RAIL_1_1_164_washer_head,"[[1.0,0.0,0.0,0.0],[0.0,1.0,0.0,0.0],[0.0,0.0,1.0,0.0],[0.0,0.0,0.0,1.0]]",p_S_m = R_S_step * p_step_m + t_S_m,STEP_LOCAL:R07_RAIL_1_1_164_washer_head,S,m,mm,True,True,True,False,True
parking,R07_RAIL_1_1_164_washer_nut,"[[1.0,0.0,0.0,0.0],[0.0,1.0,0.0,0.0],[0.0,0.0,1.0,0.0],[0.0,0.0,0.0,1.0]]",p_S_m = R_S_step * p_step_m + t_S_m,STEP_LOCAL:R07_RAIL_1_1_164_washer_nut,S,m,mm,True,True,True,False,True
parking,R07_RAIL_1_1_164_nut,"[[1.0,0.0,0.0,0.0],[0.0,1.0,0.0,0.0],[0.0,0.0,1.0,0.0],[0.0,0.0,0.0,1.0]]",p_S_m = R_S_step * p_step_m + t_S_m,STEP_LOCAL:R07_RAIL_1_1_164_nut,S,m,mm,True,True,True,False,True
parking,R07_RAIL_1_1_-164_screw,"[[1.0,0.0,0.0,0.0],[0.0,1.0,0.0,0.0],[0.0,0.0,1.0,0.0],[0.0,0.0,0.0,1.0]]",p_S_m = R_S_step * p_step_m + t_S_m,STEP_LOCAL:R07_RAIL_1_1_-164_screw,S,m,mm,True,True,True,False,True
parking,R07_RAIL_1_1_-164_washer_head,"[[1.0,0.0,0.0,0.0],[0.0,1.0,0.0,0.0],[0.0,0.0,1.0,0.0],[0.0,0.0,0.0,1.0]]",p_S_m = R_S_step * p_step_m + t_S_m,STEP_LOCAL:R07_RAIL_1_1_-164_washer_head,S,m,mm,True,True,True,False,True
parking,R07_RAIL_1_1_-164_washer_nut,"[[1.0,0.0,0.0,0.0],[0.0,1.0,0.0,0.0],[0.0,0.0,1.0,0.0],[0.0,0.0,0.0,1.0]]",p_S_m = R_S_step * p_step_m + t_S_m,STEP_LOCAL:R07_RAIL_1_1_-164_washer_nut,S,m,mm,True,True,True,False,True
parking,R07_RAIL_1_1_-164_nut,"[[1.0,0.0,0.0,0.0],[0.0,1.0,0.0,0.0],[0.0,0.0,1.0,0.0],[0.0,0.0,0.0,1.0]]",p_S_m = R_S_step * p_step_m + t_S_m,STEP_LOCAL:R07_RAIL_1_1_-164_nut,S,m,mm,True,True,True,False,True
parking,R07_HOLD_0_-1_INNER_screw,"[[1.0,0.0,0.0,0.0],[0.0,1.0,0.0,0.0],[0.0,0.0,1.0,0.0],[0.0,0.0,0.0,1.0]]",p_S_m = R_S_step * p_step_m + t_S_m,STEP_LOCAL:R07_HOLD_0_-1_INNER_screw,S,m,mm,True,True,True,False,True
parking,R07_HOLD_0_-1_INNER_washer_head,"[[1.0,0.0,0.0,0.0],[0.0,1.0,0.0,0.0],[0.0,0.0,1.0,0.0],[0.0,0.0,0.0,1.0]]",p_S_m = R_S_step * p_step_m + t_S_m,STEP_LOCAL:R07_HOLD_0_-1_INNER_washer_head,S,m,mm,True,True,True,False,True
parking,R07_HOLD_0_-1_INNER_washer_nut,"[[1.0,0.0,0.0,0.0],[0.0,1.0,0.0,0.0],[0.0,0.0,1.0,0.0],[0.0,0.0,0.0,1.0]]",p_S_m = R_S_step * p_step_m + t_S_m,STEP_LOCAL:R07_HOLD_0_-1_INNER_washer_nut,S,m,mm,True,True,True,False,True
parking,R07_HOLD_0_-1_INNER_nut,"[[1.0,0.0,0.0,0.0],[0.0,1.0,0.0,0.0],[0.0,0.0,1.0,0.0],[0.0,0.0,0.0,1.0]]",p_S_m = R_S_step * p_step_m + t_S_m,STEP_LOCAL:R07_HOLD_0_-1_INNER_nut,S,m,mm,True,True,True,False,True
parking,R07_HOLD_0_-1_OUTER_screw,"[[1.0,0.0,0.0,0.0],[0.0,1.0,0.0,0.0],[0.0,0.0,1.0,0.0],[0.0,0.0,0.0,1.0]]",p_S_m = R_S_step * p_step_m + t_S_m,STEP_LOCAL:R07_HOLD_0_-1_OUTER_screw,S,m,mm,True,True,True,False,True
parking,R07_HOLD_0_-1_OUTER_washer_head,"[[1.0,0.0,0.0,0.0],[0.0,1.0,0.0,0.0],[0.0,0.0,1.0,0.0],[0.0,0.0,0.0,1.0]]",p_S_m = R_S_step * p_step_m + t_S_m,STEP_LOCAL:R07_HOLD_0_-1_OUTER_washer_head,S,m,mm,True,True,True,False,True
parking,R07_HOLD_0_-1_OUTER_washer_nut,"[[1.0,0.0,0.0,0.0],[0.0,1.0,0.0,0.0],[0.0,0.0,1.0,0.0],[0.0,0.0,0.0,1.0]]",p_S_m = R_S_step * p_step_m + t_S_m,STEP_LOCAL:R07_HOLD_0_-1_OUTER_washer_nut,S,m,mm,True,True,True,False,True
parking,R07_HOLD_0_-1_OUTER_nut,"[[1.0,0.0,0.0,0.0],[0.0,1.0,0.0,0.0],[0.0,0.0,1.0,0.0],[0.0,0.0,0.0,1.0]]",p_S_m = R_S_step * p_step_m + t_S_m,STEP_LOCAL:R07_HOLD_0_-1_OUTER_nut,S,m,mm,True,True,True,False,True
parking,R07_HOLD_0_-1_OUTER_sleeve,"[[1.0,0.0,0.0,0.0],[0.0,1.0,0.0,0.0],[0.0,0.0,1.0,0.0],[0.0,0.0,0.0,1.0]]",p_S_m = R_S_step * p_step_m + t_S_m,STEP_LOCAL:R07_HOLD_0_-1_OUTER_sleeve,S,m,mm,True,True,True,False,True
parking,R07_HOLD_0_1_INNER_screw,"[[1.0,0.0,0.0,0.0],[0.0,1.0,0.0,0.0],[0.0,0.0,1.0,0.0],[0.0,0.0,0.0,1.0]]",p_S_m = R_S_step * p_step_m + t_S_m,STEP_LOCAL:R07_HOLD_0_1_INNER_screw,S,m,mm,True,True,True,False,True
parking,R07_HOLD_0_1_INNER_washer_head,"[[1.0,0.0,0.0,0.0],[0.0,1.0,0.0,0.0],[0.0,0.0,1.0,0.0],[0.0,0.0,0.0,1.0]]",p_S_m = R_S_step * p_step_m + t_S_m,STEP_LOCAL:R07_HOLD_0_1_INNER_washer_head,S,m,mm,True,True,True,False,True
parking,R07_HOLD_0_1_INNER_washer_nut,"[[1.0,0.0,0.0,0.0],[0.0,1.0,0.0,0.0],[0.0,0.0,1.0,0.0],[0.0,0.0,0.0,1.0]]",p_S_m = R_S_step * p_step_m + t_S_m,STEP_LOCAL:R07_HOLD_0_1_INNER_washer_nut,S,m,mm,True,True,True,False,True
parking,R07_HOLD_0_1_INNER_nut,"[[1.0,0.0,0.0,0.0],[0.0,1.0,0.0,0.0],[0.0,0.0,1.0,0.0],[0.0,0.0,0.0,1.0]]",p_S_m = R_S_step * p_step_m + t_S_m,STEP_LOCAL:R07_HOLD_0_1_INNER_nut,S,m,mm,True,True,True,False,True
parking,R07_HOLD_0_1_OUTER_screw,"[[1.0,0.0,0.0,0.0],[0.0,1.0,0.0,0.0],[0.0,0.0,1.0,0.0],[0.0,0.0,0.0,1.0]]",p_S_m = R_S_step * p_step_m + t_S_m,STEP_LOCAL:R07_HOLD_0_1_OUTER_screw,S,m,mm,True,True,True,False,True
parking,R07_HOLD_0_1_OUTER_washer_head,"[[1.0,0.0,0.0,0.0],[0.0,1.0,0.0,0.0],[0.0,0.0,1.0,0.0],[0.0,0.0,0.0,1.0]]",p_S_m = R_S_step * p_step_m + t_S_m,STEP_LOCAL:R07_HOLD_0_1_OUTER_washer_head,S,m,mm,True,True,True,False,True
parking,R07_HOLD_0_1_OUTER_washer_nut,"[[1.0,0.0,0.0,0.0],[0.0,1.0,0.0,0.0],[0.0,0.0,1.0,0.0],[0.0,0.0,0.0,1.0]]",p_S_m = R_S_step * p_step_m + t_S_m,STEP_LOCAL:R07_HOLD_0_1_OUTER_washer_nut,S,m,mm,True,True,True,False,True
parking,R07_HOLD_0_1_OUTER_nut,"[[1.0,0.0,0.0,0.0],[0.0,1.0,0.0,0.0],[0.0,0.0,1.0,0.0],[0.0,0.0,0.0,1.0]]",p_S_m = R_S_step * p_step_m + t_S_m,STEP_LOCAL:R07_HOLD_0_1_OUTER_nut,S,m,mm,True,True,True,False,True
parking,R07_HOLD_0_1_OUTER_sleeve,"[[1.0,0.0,0.0,0.0],[0.0,1.0,0.0,0.0],[0.0,0.0,1.0,0.0],[0.0,0.0,0.0,1.0]]",p_S_m = R_S_step * p_step_m + t_S_m,STEP_LOCAL:R07_HOLD_0_1_OUTER_sleeve,S,m,mm,True,True,True,False,True
parking,R07_HOLD_1_-1_INNER_screw,"[[1.0,0.0,0.0,0.0],[0.0,1.0,0.0,0.0],[0.0,0.0,1.0,0.0],[0.0,0.0,0.0,1.0]]",p_S_m = R_S_step * p_step_m + t_S_m,STEP_LOCAL:R07_HOLD_1_-1_INNER_screw,S,m,mm,True,True,True,False,True
parking,R07_HOLD_1_-1_INNER_washer_head,"[[1.0,0.0,0.0,0.0],[0.0,1.0,0.0,0.0],[0.0,0.0,1.0,0.0],[0.0,0.0,0.0,1.0]]",p_S_m = R_S_step * p_step_m + t_S_m,STEP_LOCAL:R07_HOLD_1_-1_INNER_washer_head,S,m,mm,True,True,True,False,True
parking,R07_HOLD_1_-1_INNER_washer_nut,"[[1.0,0.0,0.0,0.0],[0.0,1.0,0.0,0.0],[0.0,0.0,1.0,0.0],[0.0,0.0,0.0,1.0]]",p_S_m = R_S_step * p_step_m + t_S_m,STEP_LOCAL:R07_HOLD_1_-1_INNER_washer_nut,S,m,mm,True,True,True,False,True
parking,R07_HOLD_1_-1_INNER_nut,"[[1.0,0.0,0.0,0.0],[0.0,1.0,0.0,0.0],[0.0,0.0,1.0,0.0],[0.0,0.0,0.0,1.0]]",p_S_m = R_S_step * p_step_m + t_S_m,STEP_LOCAL:R07_HOLD_1_-1_INNER_nut,S,m,mm,True,True,True,False,True
parking,R07_HOLD_1_-1_OUTER_screw,"[[1.0,0.0,0.0,0.0],[0.0,1.0,0.0,0.0],[0.0,0.0,1.0,0.0],[0.0,0.0,0.0,1.0]]",p_S_m = R_S_step * p_step_m + t_S_m,STEP_LOCAL:R07_HOLD_1_-1_OUTER_screw,S,m,mm,True,True,True,False,True
parking,R07_HOLD_1_-1_OUTER_washer_head,"[[1.0,0.0,0.0,0.0],[0.0,1.0,0.0,0.0],[0.0,0.0,1.0,0.0],[0.0,0.0,0.0,1.0]]",p_S_m = R_S_step * p_step_m + t_S_m,STEP_LOCAL:R07_HOLD_1_-1_OUTER_washer_head,S,m,mm,True,True,True,False,True
parking,R07_HOLD_1_-1_OUTER_washer_nut,"[[1.0,0.0,0.0,0.0],[0.0,1.0,0.0,0.0],[0.0,0.0,1.0,0.0],[0.0,0.0,0.0,1.0]]",p_S_m = R_S_step * p_step_m + t_S_m,STEP_LOCAL:R07_HOLD_1_-1_OUTER_washer_nut,S,m,mm,True,True,True,False,True
parking,R07_HOLD_1_-1_OUTER_nut,"[[1.0,0.0,0.0,0.0],[0.0,1.0,0.0,0.0],[0.0,0.0,1.0,0.0],[0.0,0.0,0.0,1.0]]",p_S_m = R_S_step * p_step_m + t_S_m,STEP_LOCAL:R07_HOLD_1_-1_OUTER_nut,S,m,mm,True,True,True,False,True
parking,R07_HOLD_1_-1_OUTER_sleeve,"[[1.0,0.0,0.0,0.0],[0.0,1.0,0.0,0.0],[0.0,0.0,1.0,0.0],[0.0,0.0,0.0,1.0]]",p_S_m = R_S_step * p_step_m + t_S_m,STEP_LOCAL:R07_HOLD_1_-1_OUTER_sleeve,S,m,mm,True,True,True,False,True
parking,R07_HOLD_1_1_INNER_screw,"[[1.0,0.0,0.0,0.0],[0.0,1.0,0.0,0.0],[0.0,0.0,1.0,0.0],[0.0,0.0,0.0,1.0]]",p_S_m = R_S_step * p_step_m + t_S_m,STEP_LOCAL:R07_HOLD_1_1_INNER_screw,S,m,mm,True,True,True,False,True
parking,R07_HOLD_1_1_INNER_washer_head,"[[1.0,0.0,0.0,0.0],[0.0,1.0,0.0,0.0],[0.0,0.0,1.0,0.0],[0.0,0.0,0.0,1.0]]",p_S_m = R_S_step * p_step_m + t_S_m,STEP_LOCAL:R07_HOLD_1_1_INNER_washer_head,S,m,mm,True,True,True,False,True
parking,R07_HOLD_1_1_INNER_washer_nut,"[[1.0,0.0,0.0,0.0],[0.0,1.0,0.0,0.0],[0.0,0.0,1.0,0.0],[0.0,0.0,0.0,1.0]]",p_S_m = R_S_step * p_step_m + t_S_m,STEP_LOCAL:R07_HOLD_1_1_INNER_washer_nut,S,m,mm,True,True,True,False,True
parking,R07_HOLD_1_1_INNER_nut,"[[1.0,0.0,0.0,0.0],[0.0,1.0,0.0,0.0],[0.0,0.0,1.0,0.0],[0.0,0.0,0.0,1.0]]",p_S_m = R_S_step * p_step_m + t_S_m,STEP_LOCAL:R07_HOLD_1_1_INNER_nut,S,m,mm,True,True,True,False,True
parking,R07_HOLD_1_1_OUTER_screw,"[[1.0,0.0,0.0,0.0],[0.0,1.0,0.0,0.0],[0.0,0.0,1.0,0.0],[0.0,0.0,0.0,1.0]]",p_S_m = R_S_step * p_step_m + t_S_m,STEP_LOCAL:R07_HOLD_1_1_OUTER_screw,S,m,mm,True,True,True,False,True
parking,R07_HOLD_1_1_OUTER_washer_head,"[[1.0,0.0,0.0,0.0],[0.0,1.0,0.0,0.0],[0.0,0.0,1.0,0.0],[0.0,0.0,0.0,1.0]]",p_S_m = R_S_step * p_step_m + t_S_m,STEP_LOCAL:R07_HOLD_1_1_OUTER_washer_head,S,m,mm,True,True,True,False,True
parking,R07_HOLD_1_1_OUTER_washer_nut,"[[1.0,0.0,0.0,0.0],[0.0,1.0,0.0,0.0],[0.0,0.0,1.0,0.0],[0.0,0.0,0.0,1.0]]",p_S_m = R_S_step * p_step_m + t_S_m,STEP_LOCAL:R07_HOLD_1_1_OUTER_washer_nut,S,m,mm,True,True,True,False,True
parking,R07_HOLD_1_1_OUTER_nut,"[[1.0,0.0,0.0,0.0],[0.0,1.0,0.0,0.0],[0.0,0.0,1.0,0.0],[0.0,0.0,0.0,1.0]]",p_S_m = R_S_step * p_step_m + t_S_m,STEP_LOCAL:R07_HOLD_1_1_OUTER_nut,S,m,mm,True,True,True,False,True
parking,R07_HOLD_1_1_OUTER_sleeve,"[[1.0,0.0,0.0,0.0],[0.0,1.0,0.0,0.0],[0.0,0.0,1.0,0.0],[0.0,0.0,0.0,1.0]]",p_S_m = R_S_step * p_step_m + t_S_m,STEP_LOCAL:R07_HOLD_1_1_OUTER_sleeve,S,m,mm,True,True,True,False,True
parking,R07_rear_axial_washer_-1_-1,"[[1.0,0.0,0.0,0.0],[0.0,1.0,0.0,0.0],[0.0,0.0,1.0,0.0],[0.0,0.0,0.0,1.0]]",p_S_m = R_S_step * p_step_m + t_S_m,STEP_LOCAL:R07_rear_axial_washer_-1_-1,S,m,mm,True,True,True,False,True
parking,R07_rear_axial_washer_-1_1,"[[1.0,0.0,0.0,0.0],[0.0,1.0,0.0,0.0],[0.0,0.0,1.0,0.0],[0.0,0.0,0.0,1.0]]",p_S_m = R_S_step * p_step_m + t_S_m,STEP_LOCAL:R07_rear_axial_washer_-1_1,S,m,mm,True,True,True,False,True
parking,R07_rear_axial_washer_1_-1,"[[1.0,0.0,0.0,0.0],[0.0,1.0,0.0,0.0],[0.0,0.0,1.0,0.0],[0.0,0.0,0.0,1.0]]",p_S_m = R_S_step * p_step_m + t_S_m,STEP_LOCAL:R07_rear_axial_washer_1_-1,S,m,mm,True,True,True,False,True
parking,R07_rear_axial_washer_1_1,"[[1.0,0.0,0.0,0.0],[0.0,1.0,0.0,0.0],[0.0,0.0,1.0,0.0],[0.0,0.0,0.0,1.0]]",p_S_m = R_S_step * p_step_m + t_S_m,STEP_LOCAL:R07_rear_axial_washer_1_1,S,m,mm,True,True,True,False,True
parking,B601_base_link,"[[1.0,0.0,0.0,0.09],[0.0,1.0,0.0,0.0],[0.0,0.0,1.0,0.12515],[0.0,0.0,0.0,1.0]]",p_S_m = R_S_step * p_step_m + t_S_m,STEP_LOCAL:B601_base_link,S,m,mm,True,True,True,False,True
parking,B601_link1,"[[1.0,0.0,0.0,0.08991584000000001],[0.0,1.0,0.0,0.0],[0.0,0.0,1.0,0.20980000000000001],[0.0,0.0,0.0,1.0]]",p_S_m = R_S_step * p_step_m + t_S_m,STEP_LOCAL:B601_link1,S,m,mm,True,True,True,False,True
parking,B601_link2,"[[0.8660254037844386,-0.49999999999999983,-7.854392819152185e-24,0.10999983999999999],[-1.836602551652522e-06,-3.181088932772812e-06,0.9999999999932537,0.031625],[-0.4999999999966268,-0.8660254037785963,-3.673205103305044e-06,0.26535000000000003],[0.0,0.0,0.0,1.0]]",p_S_m = R_S_step * p_step_m + t_S_m,STEP_LOCAL:B601_link2,S,m,mm,True,True,True,False,True
parking,B601_link3,"[[0.8660254037844386,0.49999999999999983,2.117582368121465e-22,-0.11863086659909178],[1.8366025516525215e-06,-3.1810889327728117e-06,0.9999999999932537,0.03162548486307364],[0.49999999999662675,-0.8660254037785963,-3.6732051033050435e-06,0.3973499999991095],[0.0,0.0,0.0,1.0]]",p_S_m = R_S_step * p_step_m + t_S_m,STEP_LOCAL:B601_link3,S,m,mm,True,True,True,False,True
parking,B601_link4,"[[0.9848077530122079,-0.17364817766693041,1.0587911840607325e-22,0.06446689635901305],[-6.3784537238579e-07,-3.617400864138816e-06,0.9999999999932537,0.030001102201666],[-0.17364817766575902,-0.9848077530055644,-3.6732051033050435e-06,0.5654153777712937],[0.0,0.0,0.0,1.0]]",p_S_m = R_S_step * p_step_m + t_S_m,STEP_LOCAL:B601_link4,S,m,mm,True,True,True,False,True
parking,B601_link5,"[[0.9848077530122077,6.37845372385789e-07,-0.17364817766575888,0.14809702854440293],[-6.3784537238579e-07,-0.99999999997322,-7.2906059673946744e-06,1.1879060053736628e-06],[-0.17364817766575896,7.290605967394676e-06,-0.9848077529854288,0.5887477372085053],[0.0,0.0,0.0,1.0]]",p_S_m = R_S_step * p_step_m + t_S_m,STEP_LOCAL:B601_link5,S,m,mm,True,True,True,False,True
parking,B601_link6,"[[0.17364456026372335,6.378453723857902e-07,0.9848083908509363,0.16448316672213775],[7.290608310282369e-06,-0.9999999999732195,-6.378185924904416e-07,8.811699341153118e-07],[0.9848083908241572,7.2906059673946795e-06,-0.17364456026372355,0.5452413544638309],[0.0,0.0,0.0,1.0]]",p_S_m = R_S_step * p_step_m + t_S_m,STEP_LOCAL:B601_link6,S,m,mm,True,True,True,False,True
parking,B601_gripper_link,"[[0.9848077530122072,6.378453723857881e-07,-0.17364817766575877,0.3217669148249408],[-6.378453723857894e-07,-0.9999999999732193,-7.290605967394669e-06,7.793039267086619e-07],[-0.17364817766575885,7.290605967394671e-06,-0.9848077529854281,0.5175085817441115],[0.0,0.0,0.0,1.0]]",p_S_m = R_S_step * p_step_m + t_S_m,STEP_LOCAL:B601_gripper_link,S,m,mm,True,True,True,False,True
parking,B601_gripper_left,"[[-4.255246236520299e-06,0.9848077530032205,-0.17364817766575877,0.28031757069117413],[0.9999999999688161,3.0353597308251863e-06,-7.290605967394669e-06,0.014973275246013147],[-6.652760594964001e-06,-0.17364817769136726,-0.9848077529854279,0.5248303406293787],[0.0,0.0,0.0,1.0]]",p_S_m = R_S_step * p_step_m + t_S_m,STEP_LOCAL:B601_gripper_left,S,m,mm,True,True,True,False,True
parking,B601_gripper_right,"[[-2.9795554917573265e-06,-0.9848077530079062,-0.17364817766575874,0.2803130641726079],[-0.9999999999641302,4.311050475588159e-06,-7.29060596739467e-06,-0.014971662942990306],[7.928451339726973e-06,0.1736481776378075,-0.9848077529854279,0.5248048928864644],[0.0,0.0,0.0,1.0]]",p_S_m = R_S_step * p_step_m + t_S_m,STEP_LOCAL:B601_gripper_right,S,m,mm,True,True,True,False,True
parking,WP06_nut_-1_-94,"[[1.0,0.0,0.0,0.0],[0.0,1.0,0.0,0.0],[0.0,0.0,1.0,0.0],[0.0,0.0,0.0,1.0]]",p_S_m = R_S_step * p_step_m + t_S_m,STEP_LOCAL:WP06_nut_-1_-94,S,m,mm,True,True,True,False,True
parking,WP06_nut_-1_94,"[[1.0,0.0,0.0,0.0],[0.0,1.0,0.0,0.0],[0.0,0.0,1.0,0.0],[0.0,0.0,0.0,1.0]]",p_S_m = R_S_step * p_step_m + t_S_m,STEP_LOCAL:WP06_nut_-1_94,S,m,mm,True,True,True,False,True
parking,WP06_nut_1_-94,"[[1.0,0.0,0.0,0.0],[0.0,1.0,0.0,0.0],[0.0,0.0,1.0,0.0],[0.0,0.0,0.0,1.0]]",p_S_m = R_S_step * p_step_m + t_S_m,STEP_LOCAL:WP06_nut_1_-94,S,m,mm,True,True,True,False,True
parking,WP06_nut_1_94,"[[1.0,0.0,0.0,0.0],[0.0,1.0,0.0,0.0],[0.0,0.0,1.0,0.0],[0.0,0.0,0.0,1.0]]",p_S_m = R_S_step * p_step_m + t_S_m,STEP_LOCAL:WP06_nut_1_94,S,m,mm,True,True,True,False,True
parking,WP06_screw_-1_-94,"[[1.0,0.0,0.0,0.0],[0.0,1.0,0.0,0.0],[0.0,0.0,1.0,0.0],[0.0,0.0,0.0,1.0]]",p_S_m = R_S_step * p_step_m + t_S_m,STEP_LOCAL:WP06_screw_-1_-94,S,m,mm,True,True,True,False,True
parking,WP06_screw_-1_94,"[[1.0,0.0,0.0,0.0],[0.0,1.0,0.0,0.0],[0.0,0.0,1.0,0.0],[0.0,0.0,0.0,1.0]]",p_S_m = R_S_step * p_step_m + t_S_m,STEP_LOCAL:WP06_screw_-1_94,S,m,mm,True,True,True,False,True
parking,WP06_screw_1_-94,"[[1.0,0.0,0.0,0.0],[0.0,1.0,0.0,0.0],[0.0,0.0,1.0,0.0],[0.0,0.0,0.0,1.0]]",p_S_m = R_S_step * p_step_m + t_S_m,STEP_LOCAL:WP06_screw_1_-94,S,m,mm,True,True,True,False,True
parking,WP06_screw_1_94,"[[1.0,0.0,0.0,0.0],[0.0,1.0,0.0,0.0],[0.0,0.0,1.0,0.0],[0.0,0.0,0.0,1.0]]",p_S_m = R_S_step * p_step_m + t_S_m,STEP_LOCAL:WP06_screw_1_94,S,m,mm,True,True,True,False,True
parking,WP06_washer_inner_-1_-94,"[[1.0,0.0,0.0,0.0],[0.0,1.0,0.0,0.0],[0.0,0.0,1.0,0.0],[0.0,0.0,0.0,1.0]]",p_S_m = R_S_step * p_step_m + t_S_m,STEP_LOCAL:WP06_washer_inner_-1_-94,S,m,mm,True,True,True,False,True
parking,WP06_washer_inner_-1_94,"[[1.0,0.0,0.0,0.0],[0.0,1.0,0.0,0.0],[0.0,0.0,1.0,0.0],[0.0,0.0,0.0,1.0]]",p_S_m = R_S_step * p_step_m + t_S_m,STEP_LOCAL:WP06_washer_inner_-1_94,S,m,mm,True,True,True,False,True
parking,WP06_washer_inner_1_-94,"[[1.0,0.0,0.0,0.0],[0.0,1.0,0.0,0.0],[0.0,0.0,1.0,0.0],[0.0,0.0,0.0,1.0]]",p_S_m = R_S_step * p_step_m + t_S_m,STEP_LOCAL:WP06_washer_inner_1_-94,S,m,mm,True,True,True,False,True
parking,WP06_washer_inner_1_94,"[[1.0,0.0,0.0,0.0],[0.0,1.0,0.0,0.0],[0.0,0.0,1.0,0.0],[0.0,0.0,0.0,1.0]]",p_S_m = R_S_step * p_step_m + t_S_m,STEP_LOCAL:WP06_washer_inner_1_94,S,m,mm,True,True,True,False,True
parking,WP06_washer_outer_-1_-94,"[[1.0,0.0,0.0,0.0],[0.0,1.0,0.0,0.0],[0.0,0.0,1.0,0.0],[0.0,0.0,0.0,1.0]]",p_S_m = R_S_step * p_step_m + t_S_m,STEP_LOCAL:WP06_washer_outer_-1_-94,S,m,mm,True,True,True,False,True
parking,WP06_washer_outer_-1_94,"[[1.0,0.0,0.0,0.0],[0.0,1.0,0.0,0.0],[0.0,0.0,1.0,0.0],[0.0,0.0,0.0,1.0]]",p_S_m = R_S_step * p_step_m + t_S_m,STEP_LOCAL:WP06_washer_outer_-1_94,S,m,mm,True,True,True,False,True
parking,WP06_washer_outer_1_-94,"[[1.0,0.0,0.0,0.0],[0.0,1.0,0.0,0.0],[0.0,0.0,1.0,0.0],[0.0,0.0,0.0,1.0]]",p_S_m = R_S_step * p_step_m + t_S_m,STEP_LOCAL:WP06_washer_outer_1_-94,S,m,mm,True,True,True,False,True
parking,WP06_washer_outer_1_94,"[[1.0,0.0,0.0,0.0],[0.0,1.0,0.0,0.0],[0.0,0.0,1.0,0.0],[0.0,0.0,0.0,1.0]]",p_S_m = R_S_step * p_step_m + t_S_m,STEP_LOCAL:WP06_washer_outer_1_94,S,m,mm,True,True,True,False,True
parking,WP07_guide_screw_0_-10,"[[1.0,0.0,0.0,-0.115],[0.0,1.0,0.0,-0.099],[0.0,0.0,1.0,0.13515000000000002],[0.0,0.0,0.0,1.0]]",p_S_m = R_S_step * p_step_m + t_S_m,STEP_LOCAL:WP07_guide_screw_0_-10,S,m,mm,True,True,True,False,True
parking,WP07_guide_screw_0_10,"[[1.0,0.0,0.0,-0.115],[0.0,1.0,0.0,-0.099],[0.0,0.0,1.0,0.13515000000000002],[0.0,0.0,0.0,1.0]]",p_S_m = R_S_step * p_step_m + t_S_m,STEP_LOCAL:WP07_guide_screw_0_10,S,m,mm,True,True,True,False,True
parking,WP07_guide_washer_0_-10,"[[1.0,0.0,0.0,-0.115],[0.0,1.0,0.0,-0.099],[0.0,0.0,1.0,0.13515000000000002],[0.0,0.0,0.0,1.0]]",p_S_m = R_S_step * p_step_m + t_S_m,STEP_LOCAL:WP07_guide_washer_0_-10,S,m,mm,True,True,True,False,True
parking,WP07_guide_washer_0_10,"[[1.0,0.0,0.0,-0.115],[0.0,1.0,0.0,-0.099],[0.0,0.0,1.0,0.13515000000000002],[0.0,0.0,0.0,1.0]]",p_S_m = R_S_step * p_step_m + t_S_m,STEP_LOCAL:WP07_guide_washer_0_10,S,m,mm,True,True,True,False,True
parking,WP07_lower_collar_0_front,"[[1.0,0.0,0.0,-0.115],[0.0,1.0,0.0,-0.099],[0.0,0.0,1.0,0.13515000000000002],[0.0,0.0,0.0,1.0]]",p_S_m = R_S_step * p_step_m + t_S_m,STEP_LOCAL:WP07_lower_collar_0_front,S,m,mm,True,True,True,False,True
parking,WP07_lower_collar_0_rear,"[[1.0,0.0,0.0,-0.115],[0.0,1.0,0.0,-0.099],[0.0,0.0,1.0,0.13515000000000002],[0.0,0.0,0.0,1.0]]",p_S_m = R_S_step * p_step_m + t_S_m,STEP_LOCAL:WP07_lower_collar_0_rear,S,m,mm,True,True,True,False,True
parking,WP07_lower_nut_0_-17,"[[1.0,0.0,0.0,-0.115],[0.0,1.0,0.0,-0.099],[0.0,0.0,1.0,0.13515000000000002],[0.0,0.0,0.0,1.0]]",p_S_m = R_S_step * p_step_m + t_S_m,STEP_LOCAL:WP07_lower_nut_0_-17,S,m,mm,True,True,True,False,True
parking,WP07_lower_nut_0_17,"[[1.0,0.0,0.0,-0.115],[0.0,1.0,0.0,-0.099],[0.0,0.0,1.0,0.13515000000000002],[0.0,0.0,0.0,1.0]]",p_S_m = R_S_step * p_step_m + t_S_m,STEP_LOCAL:WP07_lower_nut_0_17,S,m,mm,True,True,True,False,True
parking,WP07_lower_screw_0_-17,"[[1.0,0.0,0.0,-0.115],[0.0,1.0,0.0,-0.099],[0.0,0.0,1.0,0.13515000000000002],[0.0,0.0,0.0,1.0]]",p_S_m = R_S_step * p_step_m + t_S_m,STEP_LOCAL:WP07_lower_screw_0_-17,S,m,mm,True,True,True,False,True
parking,WP07_lower_screw_0_17,"[[1.0,0.0,0.0,-0.115],[0.0,1.0,0.0,-0.099],[0.0,0.0,1.0,0.13515000000000002],[0.0,0.0,0.0,1.0]]",p_S_m = R_S_step * p_step_m + t_S_m,STEP_LOCAL:WP07_lower_screw_0_17,S,m,mm,True,True,True,False,True
parking,WP07_lower_washer_inner_0_-17,"[[1.0,0.0,0.0,-0.115],[0.0,1.0,0.0,-0.099],[0.0,0.0,1.0,0.13515000000000002],[0.0,0.0,0.0,1.0]]",p_S_m = R_S_step * p_step_m + t_S_m,STEP_LOCAL:WP07_lower_washer_inner_0_-17,S,m,mm,True,True,True,False,True
parking,WP07_lower_washer_inner_0_17,"[[1.0,0.0,0.0,-0.115],[0.0,1.0,0.0,-0.099],[0.0,0.0,1.0,0.13515000000000002],[0.0,0.0,0.0,1.0]]",p_S_m = R_S_step * p_step_m + t_S_m,STEP_LOCAL:WP07_lower_washer_inner_0_17,S,m,mm,True,True,True,False,True
parking,WP07_lower_washer_outer_0_-17,"[[1.0,0.0,0.0,-0.115],[0.0,1.0,0.0,-0.099],[0.0,0.0,1.0,0.13515000000000002],[0.0,0.0,0.0,1.0]]",p_S_m = R_S_step * p_step_m + t_S_m,STEP_LOCAL:WP07_lower_washer_outer_0_-17,S,m,mm,True,True,True,False,True
parking,WP07_lower_washer_outer_0_17,"[[1.0,0.0,0.0,-0.115],[0.0,1.0,0.0,-0.099],[0.0,0.0,1.0,0.13515000000000002],[0.0,0.0,0.0,1.0]]",p_S_m = R_S_step * p_step_m + t_S_m,STEP_LOCAL:WP07_lower_washer_outer_0_17,S,m,mm,True,True,True,False,True
parking,hold_fold_mast_0,"[[1.0,0.0,0.0,-0.115],[0.0,1.0,0.0,-0.099],[0.0,0.0,1.0,0.13515000000000002],[0.0,0.0,0.0,1.0]]",p_S_m = R_S_step * p_step_m + t_S_m,STEP_LOCAL:hold_fold_mast_0,S,m,mm,True,True,True,False,True
parking,hold_shoe_guide_0_-10,"[[1.0,0.0,0.0,-0.115],[0.0,1.0,0.0,-0.099],[0.0,0.0,1.0,0.13515000000000002],[0.0,0.0,0.0,1.0]]",p_S_m = R_S_step * p_step_m + t_S_m,STEP_LOCAL:hold_shoe_guide_0_-10,S,m,mm,True,True,True,False,True
parking,hold_shoe_guide_0_10,"[[1.0,0.0,0.0,-0.115],[0.0,1.0,0.0,-0.099],[0.0,0.0,1.0,0.13515000000000002],[0.0,0.0,0.0,1.0]]",p_S_m = R_S_step * p_step_m + t_S_m,STEP_LOCAL:hold_shoe_guide_0_10,S,m,mm,True,True,True,False,True
parking,WP07_guide_screw_1_-10,"[[1.0,0.0,0.0,-0.04],[0.0,1.0,0.0,-0.099],[0.0,0.0,1.0,0.13515000000000002],[0.0,0.0,0.0,1.0]]",p_S_m = R_S_step * p_step_m + t_S_m,STEP_LOCAL:WP07_guide_screw_1_-10,S,m,mm,True,True,True,False,True
parking,WP07_guide_screw_1_10,"[[1.0,0.0,0.0,-0.04],[0.0,1.0,0.0,-0.099],[0.0,0.0,1.0,0.13515000000000002],[0.0,0.0,0.0,1.0]]",p_S_m = R_S_step * p_step_m + t_S_m,STEP_LOCAL:WP07_guide_screw_1_10,S,m,mm,True,True,True,False,True
parking,WP07_guide_washer_1_-10,"[[1.0,0.0,0.0,-0.04],[0.0,1.0,0.0,-0.099],[0.0,0.0,1.0,0.13515000000000002],[0.0,0.0,0.0,1.0]]",p_S_m = R_S_step * p_step_m + t_S_m,STEP_LOCAL:WP07_guide_washer_1_-10,S,m,mm,True,True,True,False,True
parking,WP07_guide_washer_1_10,"[[1.0,0.0,0.0,-0.04],[0.0,1.0,0.0,-0.099],[0.0,0.0,1.0,0.13515000000000002],[0.0,0.0,0.0,1.0]]",p_S_m = R_S_step * p_step_m + t_S_m,STEP_LOCAL:WP07_guide_washer_1_10,S,m,mm,True,True,True,False,True
parking,WP07_lower_collar_1_front,"[[1.0,0.0,0.0,-0.04],[0.0,1.0,0.0,-0.099],[0.0,0.0,1.0,0.13515000000000002],[0.0,0.0,0.0,1.0]]",p_S_m = R_S_step * p_step_m + t_S_m,STEP_LOCAL:WP07_lower_collar_1_front,S,m,mm,True,True,True,False,True
parking,WP07_lower_collar_1_rear,"[[1.0,0.0,0.0,-0.04],[0.0,1.0,0.0,-0.099],[0.0,0.0,1.0,0.13515000000000002],[0.0,0.0,0.0,1.0]]",p_S_m = R_S_step * p_step_m + t_S_m,STEP_LOCAL:WP07_lower_collar_1_rear,S,m,mm,True,True,True,False,True
parking,WP07_lower_nut_1_-17,"[[1.0,0.0,0.0,-0.04],[0.0,1.0,0.0,-0.099],[0.0,0.0,1.0,0.13515000000000002],[0.0,0.0,0.0,1.0]]",p_S_m = R_S_step * p_step_m + t_S_m,STEP_LOCAL:WP07_lower_nut_1_-17,S,m,mm,True,True,True,False,True
parking,WP07_lower_nut_1_17,"[[1.0,0.0,0.0,-0.04],[0.0,1.0,0.0,-0.099],[0.0,0.0,1.0,0.13515000000000002],[0.0,0.0,0.0,1.0]]",p_S_m = R_S_step * p_step_m + t_S_m,STEP_LOCAL:WP07_lower_nut_1_17,S,m,mm,True,True,True,False,True
parking,WP07_lower_screw_1_-17,"[[1.0,0.0,0.0,-0.04],[0.0,1.0,0.0,-0.099],[0.0,0.0,1.0,0.13515000000000002],[0.0,0.0,0.0,1.0]]",p_S_m = R_S_step * p_step_m + t_S_m,STEP_LOCAL:WP07_lower_screw_1_-17,S,m,mm,True,True,True,False,True
parking,WP07_lower_screw_1_17,"[[1.0,0.0,0.0,-0.04],[0.0,1.0,0.0,-0.099],[0.0,0.0,1.0,0.13515000000000002],[0.0,0.0,0.0,1.0]]",p_S_m = R_S_step * p_step_m + t_S_m,STEP_LOCAL:WP07_lower_screw_1_17,S,m,mm,True,True,True,False,True
parking,WP07_lower_washer_inner_1_-17,"[[1.0,0.0,0.0,-0.04],[0.0,1.0,0.0,-0.099],[0.0,0.0,1.0,0.13515000000000002],[0.0,0.0,0.0,1.0]]",p_S_m = R_S_step * p_step_m + t_S_m,STEP_LOCAL:WP07_lower_washer_inner_1_-17,S,m,mm,True,True,True,False,True
parking,WP07_lower_washer_inner_1_17,"[[1.0,0.0,0.0,-0.04],[0.0,1.0,0.0,-0.099],[0.0,0.0,1.0,0.13515000000000002],[0.0,0.0,0.0,1.0]]",p_S_m = R_S_step * p_step_m + t_S_m,STEP_LOCAL:WP07_lower_washer_inner_1_17,S,m,mm,True,True,True,False,True
parking,WP07_lower_washer_outer_1_-17,"[[1.0,0.0,0.0,-0.04],[0.0,1.0,0.0,-0.099],[0.0,0.0,1.0,0.13515000000000002],[0.0,0.0,0.0,1.0]]",p_S_m = R_S_step * p_step_m + t_S_m,STEP_LOCAL:WP07_lower_washer_outer_1_-17,S,m,mm,True,True,True,False,True
parking,WP07_lower_washer_outer_1_17,"[[1.0,0.0,0.0,-0.04],[0.0,1.0,0.0,-0.099],[0.0,0.0,1.0,0.13515000000000002],[0.0,0.0,0.0,1.0]]",p_S_m = R_S_step * p_step_m + t_S_m,STEP_LOCAL:WP07_lower_washer_outer_1_17,S,m,mm,True,True,True,False,True
parking,hold_fold_mast_1,"[[1.0,0.0,0.0,-0.04],[0.0,1.0,0.0,-0.099],[0.0,0.0,1.0,0.13515000000000002],[0.0,0.0,0.0,1.0]]",p_S_m = R_S_step * p_step_m + t_S_m,STEP_LOCAL:hold_fold_mast_1,S,m,mm,True,True,True,False,True
parking,hold_shoe_guide_1_-10,"[[1.0,0.0,0.0,-0.04],[0.0,1.0,0.0,-0.099],[0.0,0.0,1.0,0.13515000000000002],[0.0,0.0,0.0,1.0]]",p_S_m = R_S_step * p_step_m + t_S_m,STEP_LOCAL:hold_shoe_guide_1_-10,S,m,mm,True,True,True,False,True
parking,hold_shoe_guide_1_10,"[[1.0,0.0,0.0,-0.04],[0.0,1.0,0.0,-0.099],[0.0,0.0,1.0,0.13515000000000002],[0.0,0.0,0.0,1.0]]",p_S_m = R_S_step * p_step_m + t_S_m,STEP_LOCAL:hold_shoe_guide_1_10,S,m,mm,True,True,True,False,True
parking,MIPS_CRADLE_B,"[[1.0,0.0,0.0,0.0],[0.0,1.0,0.0,0.0],[0.0,0.0,1.0,0.0],[0.0,0.0,0.0,1.0]]",p_S_m = R_S_step * p_step_m + t_S_m,STEP_LOCAL:MIPS_CRADLE_B,S,m,mm,True,True,False,False,True
parking,MIPS_OEM_MAX_ENVELOPE,"[[1.0,0.0,0.0,0.0],[0.0,1.0,0.0,0.0],[0.0,0.0,1.0,0.0],[0.0,0.0,0.0,1.0]]",p_S_m = R_S_step * p_step_m + t_S_m,STEP_LOCAL:MIPS_OEM_MAX_ENVELOPE,S,m,mm,True,True,False,False,True
parking,MIPS_INTERFACE_SHIM_-1_0,"[[1.0,0.0,0.0,0.0],[0.0,1.0,0.0,0.0],[0.0,0.0,1.0,0.0],[0.0,0.0,0.0,1.0]]",p_S_m = R_S_step * p_step_m + t_S_m,STEP_LOCAL:MIPS_INTERFACE_SHIM_-1_0,S,m,mm,True,True,False,False,True
parking,MIPS_INTERFACE_SHIM_-1_1,"[[1.0,0.0,0.0,0.0],[0.0,1.0,0.0,0.0],[0.0,0.0,1.0,0.0],[0.0,0.0,0.0,1.0]]",p_S_m = R_S_step * p_step_m + t_S_m,STEP_LOCAL:MIPS_INTERFACE_SHIM_-1_1,S,m,mm,True,True,False,False,True
parking,MIPS_INTERFACE_SHIM_1_0,"[[1.0,0.0,0.0,0.0],[0.0,1.0,0.0,0.0],[0.0,0.0,1.0,0.0],[0.0,0.0,0.0,1.0]]",p_S_m = R_S_step * p_step_m + t_S_m,STEP_LOCAL:MIPS_INTERFACE_SHIM_1_0,S,m,mm,True,True,False,False,True
parking,MIPS_INTERFACE_SHIM_1_1,"[[1.0,0.0,0.0,0.0],[0.0,1.0,0.0,0.0],[0.0,0.0,1.0,0.0],[0.0,0.0,0.0,1.0]]",p_S_m = R_S_step * p_step_m + t_S_m,STEP_LOCAL:MIPS_INTERFACE_SHIM_1_1,S,m,mm,True,True,False,False,True
parking,P60_REFERENCE_B,"[[1.0,0.0,0.0,-0.012],[0.0,1.0,0.0,0.0],[0.0,0.0,1.0,0.0],[0.0,0.0,0.0,1.0]]",p_S_m = R_S_step * p_step_m + t_S_m,STEP_LOCAL:P60_REFERENCE_B,S,m,mm,True,True,False,False,True
parking,P60_TRAY_B,"[[1.0,0.0,0.0,-0.012],[0.0,1.0,0.0,0.0],[0.0,0.0,1.0,0.0],[0.0,0.0,0.0,1.0]]",p_S_m = R_S_step * p_step_m + t_S_m,STEP_LOCAL:P60_TRAY_B,S,m,mm,True,True,False,False,True
parking,GROMMET_0,"[[1.0,0.0,0.0,0.0],[0.0,1.0,0.0,0.0],[0.0,0.0,1.0,0.0],[0.0,0.0,0.0,1.0]]",p_S_m = R_S_step * p_step_m + t_S_m,STEP_LOCAL:GROMMET_0,S,m,mm,True,True,False,False,True
parking,GROMMET_1,"[[1.0,0.0,0.0,0.0],[0.0,1.0,0.0,0.0],[0.0,0.0,1.0,0.0],[0.0,0.0,0.0,1.0]]",p_S_m = R_S_step * p_step_m + t_S_m,STEP_LOCAL:GROMMET_1,S,m,mm,True,True,False,False,True
parking,MIPS_FOOT_0_SCREW,"[[1.0,0.0,0.0,0.0],[0.0,1.0,0.0,0.0],[0.0,0.0,1.0,0.0],[0.0,0.0,0.0,1.0]]",p_S_m = R_S_step * p_step_m + t_S_m,STEP_LOCAL:MIPS_FOOT_0_SCREW,S,m,mm,True,True,False,False,True
parking,MIPS_FOOT_0_TOP_WASHER,"[[1.0,0.0,0.0,0.0],[0.0,1.0,0.0,0.0],[0.0,0.0,1.0,0.0],[0.0,0.0,0.0,1.0]]",p_S_m = R_S_step * p_step_m + t_S_m,STEP_LOCAL:MIPS_FOOT_0_TOP_WASHER,S,m,mm,True,True,False,False,True
parking,MIPS_FOOT_0_BOTTOM_WASHER,"[[1.0,0.0,0.0,0.0],[0.0,1.0,0.0,0.0],[0.0,0.0,1.0,0.0],[0.0,0.0,0.0,1.0]]",p_S_m = R_S_step * p_step_m + t_S_m,STEP_LOCAL:MIPS_FOOT_0_BOTTOM_WASHER,S,m,mm,True,True,False,False,True
parking,MIPS_FOOT_0_NUT,"[[1.0,0.0,0.0,0.0],[0.0,1.0,0.0,0.0],[0.0,0.0,1.0,0.0],[0.0,0.0,0.0,1.0]]",p_S_m = R_S_step * p_step_m + t_S_m,STEP_LOCAL:MIPS_FOOT_0_NUT,S,m,mm,True,True,False,False,True
parking,MIPS_FOOT_1_SCREW,"[[1.0,0.0,0.0,0.0],[0.0,1.0,0.0,0.0],[0.0,0.0,1.0,0.0],[0.0,0.0,0.0,1.0]]",p_S_m = R_S_step * p_step_m + t_S_m,STEP_LOCAL:MIPS_FOOT_1_SCREW,S,m,mm,True,True,False,False,True
parking,MIPS_FOOT_1_TOP_WASHER,"[[1.0,0.0,0.0,0.0],[0.0,1.0,0.0,0.0],[0.0,0.0,1.0,0.0],[0.0,0.0,0.0,1.0]]",p_S_m = R_S_step * p_step_m + t_S_m,STEP_LOCAL:MIPS_FOOT_1_TOP_WASHER,S,m,mm,True,True,False,False,True
parking,MIPS_FOOT_1_BOTTOM_WASHER,"[[1.0,0.0,0.0,0.0],[0.0,1.0,0.0,0.0],[0.0,0.0,1.0,0.0],[0.0,0.0,0.0,1.0]]",p_S_m = R_S_step * p_step_m + t_S_m,STEP_LOCAL:MIPS_FOOT_1_BOTTOM_WASHER,S,m,mm,True,True,False,False,True
parking,MIPS_FOOT_1_NUT,"[[1.0,0.0,0.0,0.0],[0.0,1.0,0.0,0.0],[0.0,0.0,1.0,0.0],[0.0,0.0,0.0,1.0]]",p_S_m = R_S_step * p_step_m + t_S_m,STEP_LOCAL:MIPS_FOOT_1_NUT,S,m,mm,True,True,False,False,True
parking,MIPS_FOOT_2_SCREW,"[[1.0,0.0,0.0,0.0],[0.0,1.0,0.0,0.0],[0.0,0.0,1.0,0.0],[0.0,0.0,0.0,1.0]]",p_S_m = R_S_step * p_step_m + t_S_m,STEP_LOCAL:MIPS_FOOT_2_SCREW,S,m,mm,True,True,False,False,True
parking,MIPS_FOOT_2_TOP_WASHER,"[[1.0,0.0,0.0,0.0],[0.0,1.0,0.0,0.0],[0.0,0.0,1.0,0.0],[0.0,0.0,0.0,1.0]]",p_S_m = R_S_step * p_step_m + t_S_m,STEP_LOCAL:MIPS_FOOT_2_TOP_WASHER,S,m,mm,True,True,False,False,True
parking,MIPS_FOOT_2_BOTTOM_WASHER,"[[1.0,0.0,0.0,0.0],[0.0,1.0,0.0,0.0],[0.0,0.0,1.0,0.0],[0.0,0.0,0.0,1.0]]",p_S_m = R_S_step * p_step_m + t_S_m,STEP_LOCAL:MIPS_FOOT_2_BOTTOM_WASHER,S,m,mm,True,True,False,False,True
parking,MIPS_FOOT_2_NUT,"[[1.0,0.0,0.0,0.0],[0.0,1.0,0.0,0.0],[0.0,0.0,1.0,0.0],[0.0,0.0,0.0,1.0]]",p_S_m = R_S_step * p_step_m + t_S_m,STEP_LOCAL:MIPS_FOOT_2_NUT,S,m,mm,True,True,False,False,True
parking,MIPS_FOOT_3_SCREW,"[[1.0,0.0,0.0,0.0],[0.0,1.0,0.0,0.0],[0.0,0.0,1.0,0.0],[0.0,0.0,0.0,1.0]]",p_S_m = R_S_step * p_step_m + t_S_m,STEP_LOCAL:MIPS_FOOT_3_SCREW,S,m,mm,True,True,False,False,True
parking,MIPS_FOOT_3_TOP_WASHER,"[[1.0,0.0,0.0,0.0],[0.0,1.0,0.0,0.0],[0.0,0.0,1.0,0.0],[0.0,0.0,0.0,1.0]]",p_S_m = R_S_step * p_step_m + t_S_m,STEP_LOCAL:MIPS_FOOT_3_TOP_WASHER,S,m,mm,True,True,False,False,True
parking,MIPS_FOOT_3_BOTTOM_WASHER,"[[1.0,0.0,0.0,0.0],[0.0,1.0,0.0,0.0],[0.0,0.0,1.0,0.0],[0.0,0.0,0.0,1.0]]",p_S_m = R_S_step * p_step_m + t_S_m,STEP_LOCAL:MIPS_FOOT_3_BOTTOM_WASHER,S,m,mm,True,True,False,False,True
parking,MIPS_FOOT_3_NUT,"[[1.0,0.0,0.0,0.0],[0.0,1.0,0.0,0.0],[0.0,0.0,1.0,0.0],[0.0,0.0,0.0,1.0]]",p_S_m = R_S_step * p_step_m + t_S_m,STEP_LOCAL:MIPS_FOOT_3_NUT,S,m,mm,True,True,False,False,True
parking,P60_HOST_0_POST,"[[1.0,0.0,0.0,-0.012],[0.0,1.0,0.0,0.0],[0.0,0.0,1.0,0.0],[0.0,0.0,0.0,1.0]]",p_S_m = R_S_step * p_step_m + t_S_m,STEP_LOCAL:P60_HOST_0_POST,S,m,mm,True,True,False,False,True
parking,P60_HOST_0_ROD,"[[1.0,0.0,0.0,-0.012],[0.0,1.0,0.0,0.0],[0.0,0.0,1.0,0.0],[0.0,0.0,0.0,1.0]]",p_S_m = R_S_step * p_step_m + t_S_m,STEP_LOCAL:P60_HOST_0_ROD,S,m,mm,True,True,False,False,True
parking,P60_HOST_0_TW,"[[1.0,0.0,0.0,-0.012],[0.0,1.0,0.0,0.0],[0.0,0.0,1.0,0.0],[0.0,0.0,0.0,1.0]]",p_S_m = R_S_step * p_step_m + t_S_m,STEP_LOCAL:P60_HOST_0_TW,S,m,mm,True,True,False,False,True
parking,P60_HOST_0_TN,"[[1.0,0.0,0.0,-0.012],[0.0,1.0,0.0,0.0],[0.0,0.0,1.0,0.0],[0.0,0.0,0.0,1.0]]",p_S_m = R_S_step * p_step_m + t_S_m,STEP_LOCAL:P60_HOST_0_TN,S,m,mm,True,True,False,False,True
parking,P60_HOST_0_BW,"[[1.0,0.0,0.0,-0.012],[0.0,1.0,0.0,0.0],[0.0,0.0,1.0,0.0],[0.0,0.0,0.0,1.0]]",p_S_m = R_S_step * p_step_m + t_S_m,STEP_LOCAL:P60_HOST_0_BW,S,m,mm,True,True,False,False,True
parking,P60_HOST_0_BN,"[[1.0,0.0,0.0,-0.012],[0.0,1.0,0.0,0.0],[0.0,0.0,1.0,0.0],[0.0,0.0,0.0,1.0]]",p_S_m = R_S_step * p_step_m + t_S_m,STEP_LOCAL:P60_HOST_0_BN,S,m,mm,True,True,False,False,True
parking,P60_HOST_1_POST,"[[1.0,0.0,0.0,-0.012],[0.0,1.0,0.0,0.0],[0.0,0.0,1.0,0.0],[0.0,0.0,0.0,1.0]]",p_S_m = R_S_step * p_step_m + t_S_m,STEP_LOCAL:P60_HOST_1_POST,S,m,mm,True,True,False,False,True
parking,P60_HOST_1_ROD,"[[1.0,0.0,0.0,-0.012],[0.0,1.0,0.0,0.0],[0.0,0.0,1.0,0.0],[0.0,0.0,0.0,1.0]]",p_S_m = R_S_step * p_step_m + t_S_m,STEP_LOCAL:P60_HOST_1_ROD,S,m,mm,True,True,False,False,True
parking,P60_HOST_1_TW,"[[1.0,0.0,0.0,-0.012],[0.0,1.0,0.0,0.0],[0.0,0.0,1.0,0.0],[0.0,0.0,0.0,1.0]]",p_S_m = R_S_step * p_step_m + t_S_m,STEP_LOCAL:P60_HOST_1_TW,S,m,mm,True,True,False,False,True
parking,P60_HOST_1_TN,"[[1.0,0.0,0.0,-0.012],[0.0,1.0,0.0,0.0],[0.0,0.0,1.0,0.0],[0.0,0.0,0.0,1.0]]",p_S_m = R_S_step * p_step_m + t_S_m,STEP_LOCAL:P60_HOST_1_TN,S,m,mm,True,True,False,False,True
parking,P60_HOST_1_BW,"[[1.0,0.0,0.0,-0.012],[0.0,1.0,0.0,0.0],[0.0,0.0,1.0,0.0],[0.0,0.0,0.0,1.0]]",p_S_m = R_S_step * p_step_m + t_S_m,STEP_LOCAL:P60_HOST_1_BW,S,m,mm,True,True,False,False,True
parking,P60_HOST_1_BN,"[[1.0,0.0,0.0,-0.012],[0.0,1.0,0.0,0.0],[0.0,0.0,1.0,0.0],[0.0,0.0,0.0,1.0]]",p_S_m = R_S_step * p_step_m + t_S_m,STEP_LOCAL:P60_HOST_1_BN,S,m,mm,True,True,False,False,True
parking,P60_HOST_2_POST,"[[1.0,0.0,0.0,-0.012],[0.0,1.0,0.0,0.0],[0.0,0.0,1.0,0.0],[0.0,0.0,0.0,1.0]]",p_S_m = R_S_step * p_step_m + t_S_m,STEP_LOCAL:P60_HOST_2_POST,S,m,mm,True,True,False,False,True
parking,P60_HOST_2_ROD,"[[1.0,0.0,0.0,-0.012],[0.0,1.0,0.0,0.0],[0.0,0.0,1.0,0.0],[0.0,0.0,0.0,1.0]]",p_S_m = R_S_step * p_step_m + t_S_m,STEP_LOCAL:P60_HOST_2_ROD,S,m,mm,True,True,False,False,True
parking,P60_HOST_2_TW,"[[1.0,0.0,0.0,-0.012],[0.0,1.0,0.0,0.0],[0.0,0.0,1.0,0.0],[0.0,0.0,0.0,1.0]]",p_S_m = R_S_step * p_step_m + t_S_m,STEP_LOCAL:P60_HOST_2_TW,S,m,mm,True,True,False,False,True
parking,P60_HOST_2_TN,"[[1.0,0.0,0.0,-0.012],[0.0,1.0,0.0,0.0],[0.0,0.0,1.0,0.0],[0.0,0.0,0.0,1.0]]",p_S_m = R_S_step * p_step_m + t_S_m,STEP_LOCAL:P60_HOST_2_TN,S,m,mm,True,True,False,False,True
parking,P60_HOST_2_BW,"[[1.0,0.0,0.0,-0.012],[0.0,1.0,0.0,0.0],[0.0,0.0,1.0,0.0],[0.0,0.0,0.0,1.0]]",p_S_m = R_S_step * p_step_m + t_S_m,STEP_LOCAL:P60_HOST_2_BW,S,m,mm,True,True,False,False,True
parking,P60_HOST_2_BN,"[[1.0,0.0,0.0,-0.012],[0.0,1.0,0.0,0.0],[0.0,0.0,1.0,0.0],[0.0,0.0,0.0,1.0]]",p_S_m = R_S_step * p_step_m + t_S_m,STEP_LOCAL:P60_HOST_2_BN,S,m,mm,True,True,False,False,True
parking,P60_HOST_3_POST,"[[1.0,0.0,0.0,-0.012],[0.0,1.0,0.0,0.0],[0.0,0.0,1.0,0.0],[0.0,0.0,0.0,1.0]]",p_S_m = R_S_step * p_step_m + t_S_m,STEP_LOCAL:P60_HOST_3_POST,S,m,mm,True,True,False,False,True
parking,P60_HOST_3_ROD,"[[1.0,0.0,0.0,-0.012],[0.0,1.0,0.0,0.0],[0.0,0.0,1.0,0.0],[0.0,0.0,0.0,1.0]]",p_S_m = R_S_step * p_step_m + t_S_m,STEP_LOCAL:P60_HOST_3_ROD,S,m,mm,True,True,False,False,True
parking,P60_HOST_3_TW,"[[1.0,0.0,0.0,-0.012],[0.0,1.0,0.0,0.0],[0.0,0.0,1.0,0.0],[0.0,0.0,0.0,1.0]]",p_S_m = R_S_step * p_step_m + t_S_m,STEP_LOCAL:P60_HOST_3_TW,S,m,mm,True,True,False,False,True
parking,P60_HOST_3_TN,"[[1.0,0.0,0.0,-0.012],[0.0,1.0,0.0,0.0],[0.0,0.0,1.0,0.0],[0.0,0.0,0.0,1.0]]",p_S_m = R_S_step * p_step_m + t_S_m,STEP_LOCAL:P60_HOST_3_TN,S,m,mm,True,True,False,False,True
parking,P60_HOST_3_BW,"[[1.0,0.0,0.0,-0.012],[0.0,1.0,0.0,0.0],[0.0,0.0,1.0,0.0],[0.0,0.0,0.0,1.0]]",p_S_m = R_S_step * p_step_m + t_S_m,STEP_LOCAL:P60_HOST_3_BW,S,m,mm,True,True,False,False,True
parking,P60_HOST_3_BN,"[[1.0,0.0,0.0,-0.012],[0.0,1.0,0.0,0.0],[0.0,0.0,1.0,0.0],[0.0,0.0,0.0,1.0]]",p_S_m = R_S_step * p_step_m + t_S_m,STEP_LOCAL:P60_HOST_3_BN,S,m,mm,True,True,False,False,True
parking,CLAMP_PWR_BASE,"[[1.0,0.0,0.0,0.0],[0.0,1.0,0.0,0.0],[0.0,0.0,1.0,0.0],[0.0,0.0,0.0,1.0]]",p_S_m = R_S_step * p_step_m + t_S_m,STEP_LOCAL:CLAMP_PWR_BASE,S,m,mm,True,True,False,False,True
parking,CLAMP_PWR_LID,"[[1.0,0.0,0.0,0.0],[0.0,1.0,0.0,0.0],[0.0,0.0,1.0,0.0],[0.0,0.0,0.0,1.0]]",p_S_m = R_S_step * p_step_m + t_S_m,STEP_LOCAL:CLAMP_PWR_LID,S,m,mm,True,True,False,False,True
parking,POST_PWR_0,"[[1.0,0.0,0.0,0.0],[0.0,1.0,0.0,0.0],[0.0,0.0,1.0,0.0],[0.0,0.0,0.0,1.0]]",p_S_m = R_S_step * p_step_m + t_S_m,STEP_LOCAL:POST_PWR_0,S,m,mm,True,True,False,False,True
parking,TIEROD_PWR_0,"[[1.0,0.0,0.0,0.0],[0.0,1.0,0.0,0.0],[0.0,0.0,1.0,0.0],[0.0,0.0,0.0,1.0]]",p_S_m = R_S_step * p_step_m + t_S_m,STEP_LOCAL:TIEROD_PWR_0,S,m,mm,True,True,False,False,True
parking,CLAMP_PWR_0_TW,"[[1.0,0.0,0.0,0.0],[0.0,1.0,0.0,0.0],[0.0,0.0,1.0,0.0],[0.0,0.0,0.0,1.0]]",p_S_m = R_S_step * p_step_m + t_S_m,STEP_LOCAL:CLAMP_PWR_0_TW,S,m,mm,True,True,False,False,True
parking,CLAMP_PWR_0_TN,"[[1.0,0.0,0.0,0.0],[0.0,1.0,0.0,0.0],[0.0,0.0,1.0,0.0],[0.0,0.0,0.0,1.0]]",p_S_m = R_S_step * p_step_m + t_S_m,STEP_LOCAL:CLAMP_PWR_0_TN,S,m,mm,True,True,False,False,True
parking,CLAMP_PWR_0_BW,"[[1.0,0.0,0.0,0.0],[0.0,1.0,0.0,0.0],[0.0,0.0,1.0,0.0],[0.0,0.0,0.0,1.0]]",p_S_m = R_S_step * p_step_m + t_S_m,STEP_LOCAL:CLAMP_PWR_0_BW,S,m,mm,True,True,False,False,True
parking,CLAMP_PWR_0_BN,"[[1.0,0.0,0.0,0.0],[0.0,1.0,0.0,0.0],[0.0,0.0,1.0,0.0],[0.0,0.0,0.0,1.0]]",p_S_m = R_S_step * p_step_m + t_S_m,STEP_LOCAL:CLAMP_PWR_0_BN,S,m,mm,True,True,False,False,True
parking,POST_PWR_1,"[[1.0,0.0,0.0,0.0],[0.0,1.0,0.0,0.0],[0.0,0.0,1.0,0.0],[0.0,0.0,0.0,1.0]]",p_S_m = R_S_step * p_step_m + t_S_m,STEP_LOCAL:POST_PWR_1,S,m,mm,True,True,False,False,True
parking,TIEROD_PWR_1,"[[1.0,0.0,0.0,0.0],[0.0,1.0,0.0,0.0],[0.0,0.0,1.0,0.0],[0.0,0.0,0.0,1.0]]",p_S_m = R_S_step * p_step_m + t_S_m,STEP_LOCAL:TIEROD_PWR_1,S,m,mm,True,True,False,False,True
parking,CLAMP_PWR_1_TW,"[[1.0,0.0,0.0,0.0],[0.0,1.0,0.0,0.0],[0.0,0.0,1.0,0.0],[0.0,0.0,0.0,1.0]]",p_S_m = R_S_step * p_step_m + t_S_m,STEP_LOCAL:CLAMP_PWR_1_TW,S,m,mm,True,True,False,False,True
parking,CLAMP_PWR_1_TN,"[[1.0,0.0,0.0,0.0],[0.0,1.0,0.0,0.0],[0.0,0.0,1.0,0.0],[0.0,0.0,0.0,1.0]]",p_S_m = R_S_step * p_step_m + t_S_m,STEP_LOCAL:CLAMP_PWR_1_TN,S,m,mm,True,True,False,False,True
parking,CLAMP_PWR_1_BW,"[[1.0,0.0,0.0,0.0],[0.0,1.0,0.0,0.0],[0.0,0.0,1.0,0.0],[0.0,0.0,0.0,1.0]]",p_S_m = R_S_step * p_step_m + t_S_m,STEP_LOCAL:CLAMP_PWR_1_BW,S,m,mm,True,True,False,False,True
parking,CLAMP_PWR_1_BN,"[[1.0,0.0,0.0,0.0],[0.0,1.0,0.0,0.0],[0.0,0.0,1.0,0.0],[0.0,0.0,0.0,1.0]]",p_S_m = R_S_step * p_step_m + t_S_m,STEP_LOCAL:CLAMP_PWR_1_BN,S,m,mm,True,True,False,False,True
parking,CLAMP_DUAL_BASE,"[[1.0,0.0,0.0,0.0],[0.0,1.0,0.0,0.0],[0.0,0.0,1.0,0.0],[0.0,0.0,0.0,1.0]]",p_S_m = R_S_step * p_step_m + t_S_m,STEP_LOCAL:CLAMP_DUAL_BASE,S,m,mm,True,False,False,False,True
parking,CLAMP_DUAL_LID,"[[1.0,0.0,0.0,0.0],[0.0,1.0,0.0,0.0],[0.0,0.0,1.0,0.0],[0.0,0.0,0.0,1.0]]",p_S_m = R_S_step * p_step_m + t_S_m,STEP_LOCAL:CLAMP_DUAL_LID,S,m,mm,True,False,False,False,True
parking,POST_DUAL_0,"[[1.0,0.0,0.0,0.07200000000000001],[0.0,1.0,0.0,0.041],[0.0,0.0,1.0,-0.0085],[0.0,0.0,0.0,1.0]]",p_S_m = R_S_step * p_step_m + t_S_m,STEP_LOCAL:POST_DUAL_0,S,m,mm,True,False,False,False,True
parking,TIEROD_DUAL_0,"[[1.0,0.0,0.0,0.07200000000000001],[0.0,1.0,0.0,0.041],[0.0,0.0,1.0,-0.0175],[0.0,0.0,0.0,1.0]]",p_S_m = R_S_step * p_step_m + t_S_m,STEP_LOCAL:TIEROD_DUAL_0,S,m,mm,True,False,False,False,True
parking,CLAMP_DUAL_0_TW,"[[1.0,0.0,0.0,-0.028],[0.0,1.0,0.0,-0.005],[0.0,0.0,1.0,0.014],[0.0,0.0,0.0,1.0]]",p_S_m = R_S_step * p_step_m + t_S_m,STEP_LOCAL:CLAMP_DUAL_0_TW,S,m,mm,True,True,False,False,True
parking,CLAMP_DUAL_0_TN,"[[1.0,0.0,0.0,-0.028],[0.0,1.0,0.0,-0.005],[0.0,0.0,1.0,0.014],[0.0,0.0,0.0,1.0]]",p_S_m = R_S_step * p_step_m + t_S_m,STEP_LOCAL:CLAMP_DUAL_0_TN,S,m,mm,True,True,False,False,True
parking,CLAMP_DUAL_0_BW,"[[1.0,0.0,0.0,-0.028],[0.0,1.0,0.0,-0.005],[0.0,0.0,1.0,0.0],[0.0,0.0,0.0,1.0]]",p_S_m = R_S_step * p_step_m + t_S_m,STEP_LOCAL:CLAMP_DUAL_0_BW,S,m,mm,True,True,False,False,True
parking,CLAMP_DUAL_0_BN,"[[1.0,0.0,0.0,-0.028],[0.0,1.0,0.0,-0.005],[0.0,0.0,1.0,0.0],[0.0,0.0,0.0,1.0]]",p_S_m = R_S_step * p_step_m + t_S_m,STEP_LOCAL:CLAMP_DUAL_0_BN,S,m,mm,True,True,False,False,True
parking,POST_DUAL_1,"[[1.0,0.0,0.0,0.088],[0.0,1.0,0.0,0.041],[0.0,0.0,1.0,-0.0085],[0.0,0.0,0.0,1.0]]",p_S_m = R_S_step * p_step_m + t_S_m,STEP_LOCAL:POST_DUAL_1,S,m,mm,True,False,False,False,True
parking,TIEROD_DUAL_1,"[[1.0,0.0,0.0,0.088],[0.0,1.0,0.0,0.041],[0.0,0.0,1.0,-0.0175],[0.0,0.0,0.0,1.0]]",p_S_m = R_S_step * p_step_m + t_S_m,STEP_LOCAL:TIEROD_DUAL_1,S,m,mm,True,False,False,False,True
parking,CLAMP_DUAL_1_TW,"[[1.0,0.0,0.0,-0.012],[0.0,1.0,0.0,-0.038],[0.0,0.0,1.0,0.014],[0.0,0.0,0.0,1.0]]",p_S_m = R_S_step * p_step_m + t_S_m,STEP_LOCAL:CLAMP_DUAL_1_TW,S,m,mm,True,True,False,False,True
parking,CLAMP_DUAL_1_TN,"[[1.0,0.0,0.0,-0.012],[0.0,1.0,0.0,-0.038],[0.0,0.0,1.0,0.014],[0.0,0.0,0.0,1.0]]",p_S_m = R_S_step * p_step_m + t_S_m,STEP_LOCAL:CLAMP_DUAL_1_TN,S,m,mm,True,True,False,False,True
parking,CLAMP_DUAL_1_BW,"[[1.0,0.0,0.0,-0.012],[0.0,1.0,0.0,-0.038],[0.0,0.0,1.0,0.0],[0.0,0.0,0.0,1.0]]",p_S_m = R_S_step * p_step_m + t_S_m,STEP_LOCAL:CLAMP_DUAL_1_BW,S,m,mm,True,True,False,False,True
parking,CLAMP_DUAL_1_BN,"[[1.0,0.0,0.0,-0.012],[0.0,1.0,0.0,-0.038],[0.0,0.0,1.0,0.0],[0.0,0.0,0.0,1.0]]",p_S_m = R_S_step * p_step_m + t_S_m,STEP_LOCAL:CLAMP_DUAL_1_BN,S,m,mm,True,True,False,False,True
parking,lower_equipment_deck_B,"[[1.0,0.0,0.0,0.0],[0.0,1.0,0.0,0.0],[0.0,0.0,1.0,0.0],[0.0,0.0,0.0,1.0]]",p_S_m = R_S_step * p_step_m + t_S_m,STEP_LOCAL:lower_equipment_deck_B,S,m,mm,True,False,False,False,True
parking,upper_equipment_deck_B,"[[1.0,0.0,0.0,0.0],[0.0,1.0,0.0,0.0],[0.0,0.0,1.0,0.0],[0.0,0.0,0.0,1.0]]",p_S_m = R_S_step * p_step_m + t_S_m,STEP_LOCAL:upper_equipment_deck_B,S,m,mm,True,False,False,False,True
parking,PROP_PWR_ROUTE,"[[1.0,0.0,0.0,0.0],[0.0,1.0,0.0,0.0],[0.0,0.0,1.0,0.0],[0.0,0.0,0.0,1.0]]",p_S_m = R_S_step * p_step_m + t_S_m,STEP_LOCAL:PROP_PWR_ROUTE,S,m,mm,True,False,False,False,True
parking,PROP_DATA_ROUTE,"[[1.0,0.0,0.0,0.0],[0.0,1.0,0.0,0.0],[0.0,0.0,1.0,0.0],[0.0,0.0,0.0,1.0]]",p_S_m = R_S_step * p_step_m + t_S_m,STEP_LOCAL:PROP_DATA_ROUTE,S,m,mm,True,False,False,False,True
parking,WP09F_PWR_GLAND,"[[1.0,0.0,0.0,0.0],[0.0,1.0,0.0,0.0],[0.0,0.0,1.0,0.0],[0.0,0.0,0.0,1.0]]",p_S_m = R_S_step * p_step_m + t_S_m,STEP_LOCAL:WP09F_PWR_GLAND,S,m,mm,True,True,True,False,True
parking,WP09F_PWR_NUT,"[[1.0,0.0,0.0,0.0],[0.0,1.0,0.0,0.0],[0.0,0.0,1.0,0.0],[0.0,0.0,0.0,1.0]]",p_S_m = R_S_step * p_step_m + t_S_m,STEP_LOCAL:WP09F_PWR_NUT,S,m,mm,True,True,True,False,True
parking,WP09F_RS422_GLAND,"[[1.0,0.0,0.0,0.0],[0.0,1.0,0.0,0.0],[0.0,0.0,1.0,0.0],[0.0,0.0,0.0,1.0]]",p_S_m = R_S_step * p_step_m + t_S_m,STEP_LOCAL:WP09F_RS422_GLAND,S,m,mm,True,True,True,False,True
parking,WP09F_RS422_NUT,"[[1.0,0.0,0.0,0.0],[0.0,1.0,0.0,0.0],[0.0,0.0,1.0,0.0],[0.0,0.0,0.0,1.0]]",p_S_m = R_S_step * p_step_m + t_S_m,STEP_LOCAL:WP09F_RS422_NUT,S,m,mm,True,True,True,False,True
parking,WP09F_front_service_cover_GSE,"[[1.0,0.0,0.0,0.0],[0.0,1.0,0.0,0.0],[0.0,0.0,1.0,0.0],[0.0,0.0,0.0,1.0]]",p_S_m = R_S_step * p_step_m + t_S_m,STEP_LOCAL:WP09F_front_service_cover_GSE,S,m,mm,True,True,True,False,True
parking,PV0_S1_C01_CIC,"[[1.0,0.0,0.0,-0.12419999999999999],[0.0,0.0,1.0,-0.119655],[0.0,-1.0,0.0,-0.052250000000000005],[0.0,0.0,0.0,1.0]]",p_S_m = R_S_step * p_step_m + t_S_m,STEP_LOCAL:PV0_S1_C01_CIC,S,m,mm,True,True,True,False,True
parking,PV0_S1_C01_BOND,"[[1.0,0.0,0.0,-0.12419999999999999],[0.0,0.0,1.0,-0.11985000000000001],[0.0,-1.0,0.0,-0.052250000000000005],[0.0,0.0,0.0,1.0]]",p_S_m = R_S_step * p_step_m + t_S_m,STEP_LOCAL:PV0_S1_C01_BOND,S,m,mm,True,True,True,False,True
parking,PV0_S1_C02_CIC,"[[1.0,0.0,0.0,-0.0828],[0.0,0.0,1.0,-0.119655],[0.0,-1.0,0.0,-0.052250000000000005],[0.0,0.0,0.0,1.0]]",p_S_m = R_S_step * p_step_m + t_S_m,STEP_LOCAL:PV0_S1_C02_CIC,S,m,mm,True,True,True,False,True
parking,PV0_S1_C02_BOND,"[[1.0,0.0,0.0,-0.0828],[0.0,0.0,1.0,-0.11985000000000001],[0.0,-1.0,0.0,-0.052250000000000005],[0.0,0.0,0.0,1.0]]",p_S_m = R_S_step * p_step_m + t_S_m,STEP_LOCAL:PV0_S1_C02_BOND,S,m,mm,True,True,True,False,True
parking,PV0_S1_C03_CIC,"[[1.0,0.0,0.0,-0.0414],[0.0,0.0,1.0,-0.119655],[0.0,-1.0,0.0,-0.052250000000000005],[0.0,0.0,0.0,1.0]]",p_S_m = R_S_step * p_step_m + t_S_m,STEP_LOCAL:PV0_S1_C03_CIC,S,m,mm,True,True,True,False,True
parking,PV0_S1_C03_BOND,"[[1.0,0.0,0.0,-0.0414],[0.0,0.0,1.0,-0.11985000000000001],[0.0,-1.0,0.0,-0.052250000000000005],[0.0,0.0,0.0,1.0]]",p_S_m = R_S_step * p_step_m + t_S_m,STEP_LOCAL:PV0_S1_C03_BOND,S,m,mm,True,True,True,False,True
parking,PV0_S1_C04_CIC,"[[1.0,0.0,0.0,0.0],[0.0,0.0,1.0,-0.119655],[0.0,-1.0,0.0,-0.052250000000000005],[0.0,0.0,0.0,1.0]]",p_S_m = R_S_step * p_step_m + t_S_m,STEP_LOCAL:PV0_S1_C04_CIC,S,m,mm,True,True,True,False,True
parking,PV0_S1_C04_BOND,"[[1.0,0.0,0.0,0.0],[0.0,0.0,1.0,-0.11985000000000001],[0.0,-1.0,0.0,-0.052250000000000005],[0.0,0.0,0.0,1.0]]",p_S_m = R_S_step * p_step_m + t_S_m,STEP_LOCAL:PV0_S1_C04_BOND,S,m,mm,True,True,True,False,True
parking,PV0_S1_C05_CIC,"[[1.0,0.0,0.0,0.0414],[0.0,0.0,1.0,-0.119655],[0.0,-1.0,0.0,-0.052250000000000005],[0.0,0.0,0.0,1.0]]",p_S_m = R_S_step * p_step_m + t_S_m,STEP_LOCAL:PV0_S1_C05_CIC,S,m,mm,True,True,True,False,True
parking,PV0_S1_C05_BOND,"[[1.0,0.0,0.0,0.0414],[0.0,0.0,1.0,-0.11985000000000001],[0.0,-1.0,0.0,-0.052250000000000005],[0.0,0.0,0.0,1.0]]",p_S_m = R_S_step * p_step_m + t_S_m,STEP_LOCAL:PV0_S1_C05_BOND,S,m,mm,True,True,True,False,True
parking,PV0_S1_C06_CIC,"[[1.0,0.0,0.0,0.0828],[0.0,0.0,1.0,-0.119655],[0.0,-1.0,0.0,-0.052250000000000005],[0.0,0.0,0.0,1.0]]",p_S_m = R_S_step * p_step_m + t_S_m,STEP_LOCAL:PV0_S1_C06_CIC,S,m,mm,True,True,True,False,True
parking,PV0_S1_C06_BOND,"[[1.0,0.0,0.0,0.0828],[0.0,0.0,1.0,-0.11985000000000001],[0.0,-1.0,0.0,-0.052250000000000005],[0.0,0.0,0.0,1.0]]",p_S_m = R_S_step * p_step_m + t_S_m,STEP_LOCAL:PV0_S1_C06_BOND,S,m,mm,True,True,True,False,True
parking,PV0_S1_C07_CIC,"[[1.0,0.0,0.0,0.12419999999999999],[0.0,0.0,1.0,-0.119655],[0.0,-1.0,0.0,-0.052250000000000005],[0.0,0.0,0.0,1.0]]",p_S_m = R_S_step * p_step_m + t_S_m,STEP_LOCAL:PV0_S1_C07_CIC,S,m,mm,True,True,True,False,True
parking,PV0_S1_C07_BOND,"[[1.0,0.0,0.0,0.12419999999999999],[0.0,0.0,1.0,-0.11985000000000001],[0.0,-1.0,0.0,-0.052250000000000005],[0.0,0.0,0.0,1.0]]",p_S_m = R_S_step * p_step_m + t_S_m,STEP_LOCAL:PV0_S1_C07_BOND,S,m,mm,True,True,True,False,True
parking,PV0_S2_C01_CIC,"[[1.0,0.0,0.0,-0.12419999999999999],[0.0,0.0,1.0,-0.119655],[0.0,-1.0,0.0,0.035949999999999996],[0.0,0.0,0.0,1.0]]",p_S_m = R_S_step * p_step_m + t_S_m,STEP_LOCAL:PV0_S2_C01_CIC,S,m,mm,True,True,True,False,True
parking,PV0_S2_C01_BOND,"[[1.0,0.0,0.0,-0.12419999999999999],[0.0,0.0,1.0,-0.11985000000000001],[0.0,-1.0,0.0,0.035949999999999996],[0.0,0.0,0.0,1.0]]",p_S_m = R_S_step * p_step_m + t_S_m,STEP_LOCAL:PV0_S2_C01_BOND,S,m,mm,True,True,True,False,True
parking,PV0_S2_C02_CIC,"[[1.0,0.0,0.0,-0.0828],[0.0,0.0,1.0,-0.119655],[0.0,-1.0,0.0,0.035949999999999996],[0.0,0.0,0.0,1.0]]",p_S_m = R_S_step * p_step_m + t_S_m,STEP_LOCAL:PV0_S2_C02_CIC,S,m,mm,True,True,True,False,True
parking,PV0_S2_C02_BOND,"[[1.0,0.0,0.0,-0.0828],[0.0,0.0,1.0,-0.11985000000000001],[0.0,-1.0,0.0,0.035949999999999996],[0.0,0.0,0.0,1.0]]",p_S_m = R_S_step * p_step_m + t_S_m,STEP_LOCAL:PV0_S2_C02_BOND,S,m,mm,True,True,True,False,True
parking,PV0_S2_C03_CIC,"[[1.0,0.0,0.0,-0.0414],[0.0,0.0,1.0,-0.119655],[0.0,-1.0,0.0,0.035949999999999996],[0.0,0.0,0.0,1.0]]",p_S_m = R_S_step * p_step_m + t_S_m,STEP_LOCAL:PV0_S2_C03_CIC,S,m,mm,True,True,True,False,True
parking,PV0_S2_C03_BOND,"[[1.0,0.0,0.0,-0.0414],[0.0,0.0,1.0,-0.11985000000000001],[0.0,-1.0,0.0,0.035949999999999996],[0.0,0.0,0.0,1.0]]",p_S_m = R_S_step * p_step_m + t_S_m,STEP_LOCAL:PV0_S2_C03_BOND,S,m,mm,True,True,True,False,True
parking,PV0_S2_C04_CIC,"[[1.0,0.0,0.0,0.0],[0.0,0.0,1.0,-0.119655],[0.0,-1.0,0.0,0.035949999999999996],[0.0,0.0,0.0,1.0]]",p_S_m = R_S_step * p_step_m + t_S_m,STEP_LOCAL:PV0_S2_C04_CIC,S,m,mm,True,True,True,False,True
parking,PV0_S2_C04_BOND,"[[1.0,0.0,0.0,0.0],[0.0,0.0,1.0,-0.11985000000000001],[0.0,-1.0,0.0,0.035949999999999996],[0.0,0.0,0.0,1.0]]",p_S_m = R_S_step * p_step_m + t_S_m,STEP_LOCAL:PV0_S2_C04_BOND,S,m,mm,True,True,True,False,True
parking,PV0_S2_C05_CIC,"[[1.0,0.0,0.0,0.0414],[0.0,0.0,1.0,-0.119655],[0.0,-1.0,0.0,0.035949999999999996],[0.0,0.0,0.0,1.0]]",p_S_m = R_S_step * p_step_m + t_S_m,STEP_LOCAL:PV0_S2_C05_CIC,S,m,mm,True,True,True,False,True
parking,PV0_S2_C05_BOND,"[[1.0,0.0,0.0,0.0414],[0.0,0.0,1.0,-0.11985000000000001],[0.0,-1.0,0.0,0.035949999999999996],[0.0,0.0,0.0,1.0]]",p_S_m = R_S_step * p_step_m + t_S_m,STEP_LOCAL:PV0_S2_C05_BOND,S,m,mm,True,True,True,False,True
parking,PV0_S2_C06_CIC,"[[1.0,0.0,0.0,0.0828],[0.0,0.0,1.0,-0.119655],[0.0,-1.0,0.0,0.035949999999999996],[0.0,0.0,0.0,1.0]]",p_S_m = R_S_step * p_step_m + t_S_m,STEP_LOCAL:PV0_S2_C06_CIC,S,m,mm,True,True,True,False,True
parking,PV0_S2_C06_BOND,"[[1.0,0.0,0.0,0.0828],[0.0,0.0,1.0,-0.11985000000000001],[0.0,-1.0,0.0,0.035949999999999996],[0.0,0.0,0.0,1.0]]",p_S_m = R_S_step * p_step_m + t_S_m,STEP_LOCAL:PV0_S2_C06_BOND,S,m,mm,True,True,True,False,True
parking,PV0_S2_C07_CIC,"[[1.0,0.0,0.0,0.12419999999999999],[0.0,0.0,1.0,-0.119655],[0.0,-1.0,0.0,0.035949999999999996],[0.0,0.0,0.0,1.0]]",p_S_m = R_S_step * p_step_m + t_S_m,STEP_LOCAL:PV0_S2_C07_CIC,S,m,mm,True,True,True,False,True
parking,PV0_S2_C07_BOND,"[[1.0,0.0,0.0,0.12419999999999999],[0.0,0.0,1.0,-0.11985000000000001],[0.0,-1.0,0.0,0.035949999999999996],[0.0,0.0,0.0,1.0]]",p_S_m = R_S_step * p_step_m + t_S_m,STEP_LOCAL:PV0_S2_C07_BOND,S,m,mm,True,True,True,False,True
parking,PV1_S1_C01_CIC,"[[1.0,0.0,0.0,-0.12419999999999999],[0.0,1.2246467991473532e-16,-1.0,-0.127145],[0.0,1.0,1.2246467991473532e-16,0.035949999999999996],[0.0,0.0,0.0,1.0]]",p_S_m = R_S_step * p_step_m + t_S_m,STEP_LOCAL:PV1_S1_C01_CIC,S,m,mm,True,True,True,False,True
parking,PV1_S1_C01_BOND,"[[1.0,0.0,0.0,-0.12419999999999999],[0.0,1.2246467991473532e-16,-1.0,-0.12695],[0.0,1.0,1.2246467991473532e-16,0.035949999999999996],[0.0,0.0,0.0,1.0]]",p_S_m = R_S_step * p_step_m + t_S_m,STEP_LOCAL:PV1_S1_C01_BOND,S,m,mm,True,True,True,False,True
parking,PV1_S1_C02_CIC,"[[1.0,0.0,0.0,-0.0828],[0.0,1.2246467991473532e-16,-1.0,-0.127145],[0.0,1.0,1.2246467991473532e-16,0.035949999999999996],[0.0,0.0,0.0,1.0]]",p_S_m = R_S_step * p_step_m + t_S_m,STEP_LOCAL:PV1_S1_C02_CIC,S,m,mm,True,True,True,False,True
parking,PV1_S1_C02_BOND,"[[1.0,0.0,0.0,-0.0828],[0.0,1.2246467991473532e-16,-1.0,-0.12695],[0.0,1.0,1.2246467991473532e-16,0.035949999999999996],[0.0,0.0,0.0,1.0]]",p_S_m = R_S_step * p_step_m + t_S_m,STEP_LOCAL:PV1_S1_C02_BOND,S,m,mm,True,True,True,False,True
parking,PV1_S1_C03_CIC,"[[1.0,0.0,0.0,-0.0414],[0.0,1.2246467991473532e-16,-1.0,-0.127145],[0.0,1.0,1.2246467991473532e-16,0.035949999999999996],[0.0,0.0,0.0,1.0]]",p_S_m = R_S_step * p_step_m + t_S_m,STEP_LOCAL:PV1_S1_C03_CIC,S,m,mm,True,True,True,False,True
parking,PV1_S1_C03_BOND,"[[1.0,0.0,0.0,-0.0414],[0.0,1.2246467991473532e-16,-1.0,-0.12695],[0.0,1.0,1.2246467991473532e-16,0.035949999999999996],[0.0,0.0,0.0,1.0]]",p_S_m = R_S_step * p_step_m + t_S_m,STEP_LOCAL:PV1_S1_C03_BOND,S,m,mm,True,True,True,False,True
parking,PV1_S1_C04_CIC,"[[1.0,0.0,0.0,0.0],[0.0,1.2246467991473532e-16,-1.0,-0.127145],[0.0,1.0,1.2246467991473532e-16,0.035949999999999996],[0.0,0.0,0.0,1.0]]",p_S_m = R_S_step * p_step_m + t_S_m,STEP_LOCAL:PV1_S1_C04_CIC,S,m,mm,True,True,True,False,True
parking,PV1_S1_C04_BOND,"[[1.0,0.0,0.0,0.0],[0.0,1.2246467991473532e-16,-1.0,-0.12695],[0.0,1.0,1.2246467991473532e-16,0.035949999999999996],[0.0,0.0,0.0,1.0]]",p_S_m = R_S_step * p_step_m + t_S_m,STEP_LOCAL:PV1_S1_C04_BOND,S,m,mm,True,True,True,False,True
parking,PV1_S1_C05_CIC,"[[1.0,0.0,0.0,0.0414],[0.0,1.2246467991473532e-16,-1.0,-0.127145],[0.0,1.0,1.2246467991473532e-16,0.035949999999999996],[0.0,0.0,0.0,1.0]]",p_S_m = R_S_step * p_step_m + t_S_m,STEP_LOCAL:PV1_S1_C05_CIC,S,m,mm,True,True,True,False,True
parking,PV1_S1_C05_BOND,"[[1.0,0.0,0.0,0.0414],[0.0,1.2246467991473532e-16,-1.0,-0.12695],[0.0,1.0,1.2246467991473532e-16,0.035949999999999996],[0.0,0.0,0.0,1.0]]",p_S_m = R_S_step * p_step_m + t_S_m,STEP_LOCAL:PV1_S1_C05_BOND,S,m,mm,True,True,True,False,True
parking,PV1_S1_C06_CIC,"[[1.0,0.0,0.0,0.0828],[0.0,1.2246467991473532e-16,-1.0,-0.127145],[0.0,1.0,1.2246467991473532e-16,0.035949999999999996],[0.0,0.0,0.0,1.0]]",p_S_m = R_S_step * p_step_m + t_S_m,STEP_LOCAL:PV1_S1_C06_CIC,S,m,mm,True,True,True,False,True
parking,PV1_S1_C06_BOND,"[[1.0,0.0,0.0,0.0828],[0.0,1.2246467991473532e-16,-1.0,-0.12695],[0.0,1.0,1.2246467991473532e-16,0.035949999999999996],[0.0,0.0,0.0,1.0]]",p_S_m = R_S_step * p_step_m + t_S_m,STEP_LOCAL:PV1_S1_C06_BOND,S,m,mm,True,True,True,False,True
parking,PV1_S1_C07_CIC,"[[1.0,0.0,0.0,0.12419999999999999],[0.0,1.2246467991473532e-16,-1.0,-0.127145],[0.0,1.0,1.2246467991473532e-16,0.035949999999999996],[0.0,0.0,0.0,1.0]]",p_S_m = R_S_step * p_step_m + t_S_m,STEP_LOCAL:PV1_S1_C07_CIC,S,m,mm,True,True,True,False,True
parking,PV1_S1_C07_BOND,"[[1.0,0.0,0.0,0.12419999999999999],[0.0,1.2246467991473532e-16,-1.0,-0.12695],[0.0,1.0,1.2246467991473532e-16,0.035949999999999996],[0.0,0.0,0.0,1.0]]",p_S_m = R_S_step * p_step_m + t_S_m,STEP_LOCAL:PV1_S1_C07_BOND,S,m,mm,True,True,True,False,True
parking,PV1_S2_C01_CIC,"[[1.0,0.0,0.0,-0.12419999999999999],[0.0,1.2246467991473532e-16,-1.0,-0.12714500000000004],[0.0,1.0,1.2246467991473532e-16,-0.052250000000000005],[0.0,0.0,0.0,1.0]]",p_S_m = R_S_step * p_step_m + t_S_m,STEP_LOCAL:PV1_S2_C01_CIC,S,m,mm,True,True,True,False,True
parking,PV1_S2_C01_BOND,"[[1.0,0.0,0.0,-0.12419999999999999],[0.0,1.2246467991473532e-16,-1.0,-0.12695000000000004],[0.0,1.0,1.2246467991473532e-16,-0.052250000000000005],[0.0,0.0,0.0,1.0]]",p_S_m = R_S_step * p_step_m + t_S_m,STEP_LOCAL:PV1_S2_C01_BOND,S,m,mm,True,True,True,False,True
parking,PV1_S2_C02_CIC,"[[1.0,0.0,0.0,-0.0828],[0.0,1.2246467991473532e-16,-1.0,-0.12714500000000004],[0.0,1.0,1.2246467991473532e-16,-0.052250000000000005],[0.0,0.0,0.0,1.0]]",p_S_m = R_S_step * p_step_m + t_S_m,STEP_LOCAL:PV1_S2_C02_CIC,S,m,mm,True,True,True,False,True
parking,PV1_S2_C02_BOND,"[[1.0,0.0,0.0,-0.0828],[0.0,1.2246467991473532e-16,-1.0,-0.12695000000000004],[0.0,1.0,1.2246467991473532e-16,-0.052250000000000005],[0.0,0.0,0.0,1.0]]",p_S_m = R_S_step * p_step_m + t_S_m,STEP_LOCAL:PV1_S2_C02_BOND,S,m,mm,True,True,True,False,True
parking,PV1_S2_C03_CIC,"[[1.0,0.0,0.0,-0.0414],[0.0,1.2246467991473532e-16,-1.0,-0.12714500000000004],[0.0,1.0,1.2246467991473532e-16,-0.052250000000000005],[0.0,0.0,0.0,1.0]]",p_S_m = R_S_step * p_step_m + t_S_m,STEP_LOCAL:PV1_S2_C03_CIC,S,m,mm,True,True,True,False,True
parking,PV1_S2_C03_BOND,"[[1.0,0.0,0.0,-0.0414],[0.0,1.2246467991473532e-16,-1.0,-0.12695000000000004],[0.0,1.0,1.2246467991473532e-16,-0.052250000000000005],[0.0,0.0,0.0,1.0]]",p_S_m = R_S_step * p_step_m + t_S_m,STEP_LOCAL:PV1_S2_C03_BOND,S,m,mm,True,True,True,False,True
parking,PV1_S2_C04_CIC,"[[1.0,0.0,0.0,0.0],[0.0,1.2246467991473532e-16,-1.0,-0.12714500000000004],[0.0,1.0,1.2246467991473532e-16,-0.052250000000000005],[0.0,0.0,0.0,1.0]]",p_S_m = R_S_step * p_step_m + t_S_m,STEP_LOCAL:PV1_S2_C04_CIC,S,m,mm,True,True,True,False,True
parking,PV1_S2_C04_BOND,"[[1.0,0.0,0.0,0.0],[0.0,1.2246467991473532e-16,-1.0,-0.12695000000000004],[0.0,1.0,1.2246467991473532e-16,-0.052250000000000005],[0.0,0.0,0.0,1.0]]",p_S_m = R_S_step * p_step_m + t_S_m,STEP_LOCAL:PV1_S2_C04_BOND,S,m,mm,True,True,True,False,True
parking,PV1_S2_C05_CIC,"[[1.0,0.0,0.0,0.0414],[0.0,1.2246467991473532e-16,-1.0,-0.12714500000000004],[0.0,1.0,1.2246467991473532e-16,-0.052250000000000005],[0.0,0.0,0.0,1.0]]",p_S_m = R_S_step * p_step_m + t_S_m,STEP_LOCAL:PV1_S2_C05_CIC,S,m,mm,True,True,True,False,True
parking,PV1_S2_C05_BOND,"[[1.0,0.0,0.0,0.0414],[0.0,1.2246467991473532e-16,-1.0,-0.12695000000000004],[0.0,1.0,1.2246467991473532e-16,-0.052250000000000005],[0.0,0.0,0.0,1.0]]",p_S_m = R_S_step * p_step_m + t_S_m,STEP_LOCAL:PV1_S2_C05_BOND,S,m,mm,True,True,True,False,True
parking,PV1_S2_C06_CIC,"[[1.0,0.0,0.0,0.0828],[0.0,1.2246467991473532e-16,-1.0,-0.12714500000000004],[0.0,1.0,1.2246467991473532e-16,-0.052250000000000005],[0.0,0.0,0.0,1.0]]",p_S_m = R_S_step * p_step_m + t_S_m,STEP_LOCAL:PV1_S2_C06_CIC,S,m,mm,True,True,True,False,True
parking,PV1_S2_C06_BOND,"[[1.0,0.0,0.0,0.0828],[0.0,1.2246467991473532e-16,-1.0,-0.12695000000000004],[0.0,1.0,1.2246467991473532e-16,-0.052250000000000005],[0.0,0.0,0.0,1.0]]",p_S_m = R_S_step * p_step_m + t_S_m,STEP_LOCAL:PV1_S2_C06_BOND,S,m,mm,True,True,True,False,True
parking,PV1_S2_C07_CIC,"[[1.0,0.0,0.0,0.12419999999999999],[0.0,1.2246467991473532e-16,-1.0,-0.12714500000000004],[0.0,1.0,1.2246467991473532e-16,-0.052250000000000005],[0.0,0.0,0.0,1.0]]",p_S_m = R_S_step * p_step_m + t_S_m,STEP_LOCAL:PV1_S2_C07_CIC,S,m,mm,True,True,True,False,True
parking,PV1_S2_C07_BOND,"[[1.0,0.0,0.0,0.12419999999999999],[0.0,1.2246467991473532e-16,-1.0,-0.12695000000000004],[0.0,1.0,1.2246467991473532e-16,-0.052250000000000005],[0.0,0.0,0.0,1.0]]",p_S_m = R_S_step * p_step_m + t_S_m,STEP_LOCAL:PV1_S2_C07_BOND,S,m,mm,True,True,True,False,True
parking,PV2_S1_C01_CIC,"[[1.0,0.0,0.0,-0.12419999999999999],[0.0,0.0,1.0,-0.12865500000000002],[0.0,-1.0,0.0,-0.052250000000000005],[0.0,0.0,0.0,1.0]]",p_S_m = R_S_step * p_step_m + t_S_m,STEP_LOCAL:PV2_S1_C01_CIC,S,m,mm,True,True,True,False,True
parking,PV2_S1_C01_BOND,"[[1.0,0.0,0.0,-0.12419999999999999],[0.0,0.0,1.0,-0.12885000000000002],[0.0,-1.0,0.0,-0.052250000000000005],[0.0,0.0,0.0,1.0]]",p_S_m = R_S_step * p_step_m + t_S_m,STEP_LOCAL:PV2_S1_C01_BOND,S,m,mm,True,True,True,False,True
parking,PV2_S1_C02_CIC,"[[1.0,0.0,0.0,-0.0828],[0.0,0.0,1.0,-0.12865500000000002],[0.0,-1.0,0.0,-0.052250000000000005],[0.0,0.0,0.0,1.0]]",p_S_m = R_S_step * p_step_m + t_S_m,STEP_LOCAL:PV2_S1_C02_CIC,S,m,mm,True,True,True,False,True
parking,PV2_S1_C02_BOND,"[[1.0,0.0,0.0,-0.0828],[0.0,0.0,1.0,-0.12885000000000002],[0.0,-1.0,0.0,-0.052250000000000005],[0.0,0.0,0.0,1.0]]",p_S_m = R_S_step * p_step_m + t_S_m,STEP_LOCAL:PV2_S1_C02_BOND,S,m,mm,True,True,True,False,True
parking,PV2_S1_C03_CIC,"[[1.0,0.0,0.0,-0.0414],[0.0,0.0,1.0,-0.12865500000000002],[0.0,-1.0,0.0,-0.052250000000000005],[0.0,0.0,0.0,1.0]]",p_S_m = R_S_step * p_step_m + t_S_m,STEP_LOCAL:PV2_S1_C03_CIC,S,m,mm,True,True,True,False,True
parking,PV2_S1_C03_BOND,"[[1.0,0.0,0.0,-0.0414],[0.0,0.0,1.0,-0.12885000000000002],[0.0,-1.0,0.0,-0.052250000000000005],[0.0,0.0,0.0,1.0]]",p_S_m = R_S_step * p_step_m + t_S_m,STEP_LOCAL:PV2_S1_C03_BOND,S,m,mm,True,True,True,False,True
parking,PV2_S1_C04_CIC,"[[1.0,0.0,0.0,0.0],[0.0,0.0,1.0,-0.12865500000000002],[0.0,-1.0,0.0,-0.052250000000000005],[0.0,0.0,0.0,1.0]]",p_S_m = R_S_step * p_step_m + t_S_m,STEP_LOCAL:PV2_S1_C04_CIC,S,m,mm,True,True,True,False,True
parking,PV2_S1_C04_BOND,"[[1.0,0.0,0.0,0.0],[0.0,0.0,1.0,-0.12885000000000002],[0.0,-1.0,0.0,-0.052250000000000005],[0.0,0.0,0.0,1.0]]",p_S_m = R_S_step * p_step_m + t_S_m,STEP_LOCAL:PV2_S1_C04_BOND,S,m,mm,True,True,True,False,True
parking,PV2_S1_C05_CIC,"[[1.0,0.0,0.0,0.0414],[0.0,0.0,1.0,-0.12865500000000002],[0.0,-1.0,0.0,-0.052250000000000005],[0.0,0.0,0.0,1.0]]",p_S_m = R_S_step * p_step_m + t_S_m,STEP_LOCAL:PV2_S1_C05_CIC,S,m,mm,True,True,True,False,True
parking,PV2_S1_C05_BOND,"[[1.0,0.0,0.0,0.0414],[0.0,0.0,1.0,-0.12885000000000002],[0.0,-1.0,0.0,-0.052250000000000005],[0.0,0.0,0.0,1.0]]",p_S_m = R_S_step * p_step_m + t_S_m,STEP_LOCAL:PV2_S1_C05_BOND,S,m,mm,True,True,True,False,True
parking,PV2_S1_C06_CIC,"[[1.0,0.0,0.0,0.0828],[0.0,0.0,1.0,-0.12865500000000002],[0.0,-1.0,0.0,-0.052250000000000005],[0.0,0.0,0.0,1.0]]",p_S_m = R_S_step * p_step_m + t_S_m,STEP_LOCAL:PV2_S1_C06_CIC,S,m,mm,True,True,True,False,True
parking,PV2_S1_C06_BOND,"[[1.0,0.0,0.0,0.0828],[0.0,0.0,1.0,-0.12885000000000002],[0.0,-1.0,0.0,-0.052250000000000005],[0.0,0.0,0.0,1.0]]",p_S_m = R_S_step * p_step_m + t_S_m,STEP_LOCAL:PV2_S1_C06_BOND,S,m,mm,True,True,True,False,True
parking,PV2_S1_C07_CIC,"[[1.0,0.0,0.0,0.12419999999999999],[0.0,0.0,1.0,-0.12865500000000002],[0.0,-1.0,0.0,-0.052250000000000005],[0.0,0.0,0.0,1.0]]",p_S_m = R_S_step * p_step_m + t_S_m,STEP_LOCAL:PV2_S1_C07_CIC,S,m,mm,True,True,True,False,True
parking,PV2_S1_C07_BOND,"[[1.0,0.0,0.0,0.12419999999999999],[0.0,0.0,1.0,-0.12885000000000002],[0.0,-1.0,0.0,-0.052250000000000005],[0.0,0.0,0.0,1.0]]",p_S_m = R_S_step * p_step_m + t_S_m,STEP_LOCAL:PV2_S1_C07_BOND,S,m,mm,True,True,True,False,True
parking,PV2_S2_C01_CIC,"[[1.0,0.0,0.0,-0.12419999999999999],[0.0,0.0,1.0,-0.12865500000000002],[0.0,-1.0,0.0,0.035949999999999996],[0.0,0.0,0.0,1.0]]",p_S_m = R_S_step * p_step_m + t_S_m,STEP_LOCAL:PV2_S2_C01_CIC,S,m,mm,True,True,True,False,True
parking,PV2_S2_C01_BOND,"[[1.0,0.0,0.0,-0.12419999999999999],[0.0,0.0,1.0,-0.12885000000000002],[0.0,-1.0,0.0,0.035949999999999996],[0.0,0.0,0.0,1.0]]",p_S_m = R_S_step * p_step_m + t_S_m,STEP_LOCAL:PV2_S2_C01_BOND,S,m,mm,True,True,True,False,True
parking,PV2_S2_C02_CIC,"[[1.0,0.0,0.0,-0.0828],[0.0,0.0,1.0,-0.12865500000000002],[0.0,-1.0,0.0,0.035949999999999996],[0.0,0.0,0.0,1.0]]",p_S_m = R_S_step * p_step_m + t_S_m,STEP_LOCAL:PV2_S2_C02_CIC,S,m,mm,True,True,True,False,True
parking,PV2_S2_C02_BOND,"[[1.0,0.0,0.0,-0.0828],[0.0,0.0,1.0,-0.12885000000000002],[0.0,-1.0,0.0,0.035949999999999996],[0.0,0.0,0.0,1.0]]",p_S_m = R_S_step * p_step_m + t_S_m,STEP_LOCAL:PV2_S2_C02_BOND,S,m,mm,True,True,True,False,True
parking,PV2_S2_C03_CIC,"[[1.0,0.0,0.0,-0.0414],[0.0,0.0,1.0,-0.12865500000000002],[0.0,-1.0,0.0,0.035949999999999996],[0.0,0.0,0.0,1.0]]",p_S_m = R_S_step * p_step_m + t_S_m,STEP_LOCAL:PV2_S2_C03_CIC,S,m,mm,True,True,True,False,True
parking,PV2_S2_C03_BOND,"[[1.0,0.0,0.0,-0.0414],[0.0,0.0,1.0,-0.12885000000000002],[0.0,-1.0,0.0,0.035949999999999996],[0.0,0.0,0.0,1.0]]",p_S_m = R_S_step * p_step_m + t_S_m,STEP_LOCAL:PV2_S2_C03_BOND,S,m,mm,True,True,True,False,True
parking,PV2_S2_C04_CIC,"[[1.0,0.0,0.0,0.0],[0.0,0.0,1.0,-0.12865500000000002],[0.0,-1.0,0.0,0.035949999999999996],[0.0,0.0,0.0,1.0]]",p_S_m = R_S_step * p_step_m + t_S_m,STEP_LOCAL:PV2_S2_C04_CIC,S,m,mm,True,True,True,False,True
parking,PV2_S2_C04_BOND,"[[1.0,0.0,0.0,0.0],[0.0,0.0,1.0,-0.12885000000000002],[0.0,-1.0,0.0,0.035949999999999996],[0.0,0.0,0.0,1.0]]",p_S_m = R_S_step * p_step_m + t_S_m,STEP_LOCAL:PV2_S2_C04_BOND,S,m,mm,True,True,True,False,True
parking,PV2_S2_C05_CIC,"[[1.0,0.0,0.0,0.0414],[0.0,0.0,1.0,-0.12865500000000002],[0.0,-1.0,0.0,0.035949999999999996],[0.0,0.0,0.0,1.0]]",p_S_m = R_S_step * p_step_m + t_S_m,STEP_LOCAL:PV2_S2_C05_CIC,S,m,mm,True,True,True,False,True
parking,PV2_S2_C05_BOND,"[[1.0,0.0,0.0,0.0414],[0.0,0.0,1.0,-0.12885000000000002],[0.0,-1.0,0.0,0.035949999999999996],[0.0,0.0,0.0,1.0]]",p_S_m = R_S_step * p_step_m + t_S_m,STEP_LOCAL:PV2_S2_C05_BOND,S,m,mm,True,True,True,False,True
parking,PV2_S2_C06_CIC,"[[1.0,0.0,0.0,0.0828],[0.0,0.0,1.0,-0.12865500000000002],[0.0,-1.0,0.0,0.035949999999999996],[0.0,0.0,0.0,1.0]]",p_S_m = R_S_step * p_step_m + t_S_m,STEP_LOCAL:PV2_S2_C06_CIC,S,m,mm,True,True,True,False,True
parking,PV2_S2_C06_BOND,"[[1.0,0.0,0.0,0.0828],[0.0,0.0,1.0,-0.12885000000000002],[0.0,-1.0,0.0,0.035949999999999996],[0.0,0.0,0.0,1.0]]",p_S_m = R_S_step * p_step_m + t_S_m,STEP_LOCAL:PV2_S2_C06_BOND,S,m,mm,True,True,True,False,True
parking,PV2_S2_C07_CIC,"[[1.0,0.0,0.0,0.12419999999999999],[0.0,0.0,1.0,-0.12865500000000002],[0.0,-1.0,0.0,0.035949999999999996],[0.0,0.0,0.0,1.0]]",p_S_m = R_S_step * p_step_m + t_S_m,STEP_LOCAL:PV2_S2_C07_CIC,S,m,mm,True,True,True,False,True
parking,PV2_S2_C07_BOND,"[[1.0,0.0,0.0,0.12419999999999999],[0.0,0.0,1.0,-0.12885000000000002],[0.0,-1.0,0.0,0.035949999999999996],[0.0,0.0,0.0,1.0]]",p_S_m = R_S_step * p_step_m + t_S_m,STEP_LOCAL:PV2_S2_C07_BOND,S,m,mm,True,True,True,False,True
parking,PV3_S1_C01_CIC,"[[1.0,0.0,0.0,-0.12419999999999999],[0.0,0.0,-1.0,0.119655],[0.0,1.0,0.0,-0.052250000000000005],[0.0,0.0,0.0,1.0]]",p_S_m = R_S_step * p_step_m + t_S_m,STEP_LOCAL:PV3_S1_C01_CIC,S,m,mm,True,True,True,False,True
parking,PV3_S1_C01_BOND,"[[1.0,0.0,0.0,-0.12419999999999999],[0.0,0.0,-1.0,0.11985000000000001],[0.0,1.0,0.0,-0.052250000000000005],[0.0,0.0,0.0,1.0]]",p_S_m = R_S_step * p_step_m + t_S_m,STEP_LOCAL:PV3_S1_C01_BOND,S,m,mm,True,True,True,False,True
parking,PV3_S1_C02_CIC,"[[1.0,0.0,0.0,-0.0828],[0.0,0.0,-1.0,0.119655],[0.0,1.0,0.0,-0.052250000000000005],[0.0,0.0,0.0,1.0]]",p_S_m = R_S_step * p_step_m + t_S_m,STEP_LOCAL:PV3_S1_C02_CIC,S,m,mm,True,True,True,False,True
parking,PV3_S1_C02_BOND,"[[1.0,0.0,0.0,-0.0828],[0.0,0.0,-1.0,0.11985000000000001],[0.0,1.0,0.0,-0.052250000000000005],[0.0,0.0,0.0,1.0]]",p_S_m = R_S_step * p_step_m + t_S_m,STEP_LOCAL:PV3_S1_C02_BOND,S,m,mm,True,True,True,False,True
parking,PV3_S1_C03_CIC,"[[1.0,0.0,0.0,-0.0414],[0.0,0.0,-1.0,0.119655],[0.0,1.0,0.0,-0.052250000000000005],[0.0,0.0,0.0,1.0]]",p_S_m = R_S_step * p_step_m + t_S_m,STEP_LOCAL:PV3_S1_C03_CIC,S,m,mm,True,True,True,False,True
parking,PV3_S1_C03_BOND,"[[1.0,0.0,0.0,-0.0414],[0.0,0.0,-1.0,0.11985000000000001],[0.0,1.0,0.0,-0.052250000000000005],[0.0,0.0,0.0,1.0]]",p_S_m = R_S_step * p_step_m + t_S_m,STEP_LOCAL:PV3_S1_C03_BOND,S,m,mm,True,True,True,False,True
parking,PV3_S1_C04_CIC,"[[1.0,0.0,0.0,0.0],[0.0,0.0,-1.0,0.119655],[0.0,1.0,0.0,-0.052250000000000005],[0.0,0.0,0.0,1.0]]",p_S_m = R_S_step * p_step_m + t_S_m,STEP_LOCAL:PV3_S1_C04_CIC,S,m,mm,True,True,True,False,True
parking,PV3_S1_C04_BOND,"[[1.0,0.0,0.0,0.0],[0.0,0.0,-1.0,0.11985000000000001],[0.0,1.0,0.0,-0.052250000000000005],[0.0,0.0,0.0,1.0]]",p_S_m = R_S_step * p_step_m + t_S_m,STEP_LOCAL:PV3_S1_C04_BOND,S,m,mm,True,True,True,False,True
parking,PV3_S1_C05_CIC,"[[1.0,0.0,0.0,0.0414],[0.0,0.0,-1.0,0.119655],[0.0,1.0,0.0,-0.052250000000000005],[0.0,0.0,0.0,1.0]]",p_S_m = R_S_step * p_step_m + t_S_m,STEP_LOCAL:PV3_S1_C05_CIC,S,m,mm,True,True,True,False,True
parking,PV3_S1_C05_BOND,"[[1.0,0.0,0.0,0.0414],[0.0,0.0,-1.0,0.11985000000000001],[0.0,1.0,0.0,-0.052250000000000005],[0.0,0.0,0.0,1.0]]",p_S_m = R_S_step * p_step_m + t_S_m,STEP_LOCAL:PV3_S1_C05_BOND,S,m,mm,True,True,True,False,True
parking,PV3_S1_C06_CIC,"[[1.0,0.0,0.0,0.0828],[0.0,0.0,-1.0,0.119655],[0.0,1.0,0.0,-0.052250000000000005],[0.0,0.0,0.0,1.0]]",p_S_m = R_S_step * p_step_m + t_S_m,STEP_LOCAL:PV3_S1_C06_CIC,S,m,mm,True,True,True,False,True
parking,PV3_S1_C06_BOND,"[[1.0,0.0,0.0,0.0828],[0.0,0.0,-1.0,0.11985000000000001],[0.0,1.0,0.0,-0.052250000000000005],[0.0,0.0,0.0,1.0]]",p_S_m = R_S_step * p_step_m + t_S_m,STEP_LOCAL:PV3_S1_C06_BOND,S,m,mm,True,True,True,False,True
parking,PV3_S1_C07_CIC,"[[1.0,0.0,0.0,0.12419999999999999],[0.0,0.0,-1.0,0.119655],[0.0,1.0,0.0,-0.052250000000000005],[0.0,0.0,0.0,1.0]]",p_S_m = R_S_step * p_step_m + t_S_m,STEP_LOCAL:PV3_S1_C07_CIC,S,m,mm,True,True,True,False,True
parking,PV3_S1_C07_BOND,"[[1.0,0.0,0.0,0.12419999999999999],[0.0,0.0,-1.0,0.11985000000000001],[0.0,1.0,0.0,-0.052250000000000005],[0.0,0.0,0.0,1.0]]",p_S_m = R_S_step * p_step_m + t_S_m,STEP_LOCAL:PV3_S1_C07_BOND,S,m,mm,True,True,True,False,True
parking,PV3_S2_C01_CIC,"[[1.0,0.0,0.0,-0.12419999999999999],[0.0,0.0,-1.0,0.119655],[0.0,1.0,0.0,0.035949999999999996],[0.0,0.0,0.0,1.0]]",p_S_m = R_S_step * p_step_m + t_S_m,STEP_LOCAL:PV3_S2_C01_CIC,S,m,mm,True,True,True,False,True
parking,PV3_S2_C01_BOND,"[[1.0,0.0,0.0,-0.12419999999999999],[0.0,0.0,-1.0,0.11985000000000001],[0.0,1.0,0.0,0.035949999999999996],[0.0,0.0,0.0,1.0]]",p_S_m = R_S_step * p_step_m + t_S_m,STEP_LOCAL:PV3_S2_C01_BOND,S,m,mm,True,True,True,False,True
parking,PV3_S2_C02_CIC,"[[1.0,0.0,0.0,-0.0828],[0.0,0.0,-1.0,0.119655],[0.0,1.0,0.0,0.035949999999999996],[0.0,0.0,0.0,1.0]]",p_S_m = R_S_step * p_step_m + t_S_m,STEP_LOCAL:PV3_S2_C02_CIC,S,m,mm,True,True,True,False,True
parking,PV3_S2_C02_BOND,"[[1.0,0.0,0.0,-0.0828],[0.0,0.0,-1.0,0.11985000000000001],[0.0,1.0,0.0,0.035949999999999996],[0.0,0.0,0.0,1.0]]",p_S_m = R_S_step * p_step_m + t_S_m,STEP_LOCAL:PV3_S2_C02_BOND,S,m,mm,True,True,True,False,True
parking,PV3_S2_C03_CIC,"[[1.0,0.0,0.0,-0.0414],[0.0,0.0,-1.0,0.119655],[0.0,1.0,0.0,0.035949999999999996],[0.0,0.0,0.0,1.0]]",p_S_m = R_S_step * p_step_m + t_S_m,STEP_LOCAL:PV3_S2_C03_CIC,S,m,mm,True,True,True,False,True
parking,PV3_S2_C03_BOND,"[[1.0,0.0,0.0,-0.0414],[0.0,0.0,-1.0,0.11985000000000001],[0.0,1.0,0.0,0.035949999999999996],[0.0,0.0,0.0,1.0]]",p_S_m = R_S_step * p_step_m + t_S_m,STEP_LOCAL:PV3_S2_C03_BOND,S,m,mm,True,True,True,False,True
parking,PV3_S2_C04_CIC,"[[1.0,0.0,0.0,0.0],[0.0,0.0,-1.0,0.119655],[0.0,1.0,0.0,0.035949999999999996],[0.0,0.0,0.0,1.0]]",p_S_m = R_S_step * p_step_m + t_S_m,STEP_LOCAL:PV3_S2_C04_CIC,S,m,mm,True,True,True,False,True
parking,PV3_S2_C04_BOND,"[[1.0,0.0,0.0,0.0],[0.0,0.0,-1.0,0.11985000000000001],[0.0,1.0,0.0,0.035949999999999996],[0.0,0.0,0.0,1.0]]",p_S_m = R_S_step * p_step_m + t_S_m,STEP_LOCAL:PV3_S2_C04_BOND,S,m,mm,True,True,True,False,True
parking,PV3_S2_C05_CIC,"[[1.0,0.0,0.0,0.0414],[0.0,0.0,-1.0,0.119655],[0.0,1.0,0.0,0.035949999999999996],[0.0,0.0,0.0,1.0]]",p_S_m = R_S_step * p_step_m + t_S_m,STEP_LOCAL:PV3_S2_C05_CIC,S,m,mm,True,True,True,False,True
parking,PV3_S2_C05_BOND,"[[1.0,0.0,0.0,0.0414],[0.0,0.0,-1.0,0.11985000000000001],[0.0,1.0,0.0,0.035949999999999996],[0.0,0.0,0.0,1.0]]",p_S_m = R_S_step * p_step_m + t_S_m,STEP_LOCAL:PV3_S2_C05_BOND,S,m,mm,True,True,True,False,True
parking,PV3_S2_C06_CIC,"[[1.0,0.0,0.0,0.0828],[0.0,0.0,-1.0,0.119655],[0.0,1.0,0.0,0.035949999999999996],[0.0,0.0,0.0,1.0]]",p_S_m = R_S_step * p_step_m + t_S_m,STEP_LOCAL:PV3_S2_C06_CIC,S,m,mm,True,True,True,False,True
parking,PV3_S2_C06_BOND,"[[1.0,0.0,0.0,0.0828],[0.0,0.0,-1.0,0.11985000000000001],[0.0,1.0,0.0,0.035949999999999996],[0.0,0.0,0.0,1.0]]",p_S_m = R_S_step * p_step_m + t_S_m,STEP_LOCAL:PV3_S2_C06_BOND,S,m,mm,True,True,True,False,True
parking,PV3_S2_C07_CIC,"[[1.0,0.0,0.0,0.12419999999999999],[0.0,0.0,-1.0,0.119655],[0.0,1.0,0.0,0.035949999999999996],[0.0,0.0,0.0,1.0]]",p_S_m = R_S_step * p_step_m + t_S_m,STEP_LOCAL:PV3_S2_C07_CIC,S,m,mm,True,True,True,False,True
parking,PV3_S2_C07_BOND,"[[1.0,0.0,0.0,0.12419999999999999],[0.0,0.0,-1.0,0.11985000000000001],[0.0,1.0,0.0,0.035949999999999996],[0.0,0.0,0.0,1.0]]",p_S_m = R_S_step * p_step_m + t_S_m,STEP_LOCAL:PV3_S2_C07_BOND,S,m,mm,True,True,True,False,True
parking,PV4_S1_C01_CIC,"[[1.0,0.0,0.0,-0.12419999999999999],[0.0,1.2246467991473532e-16,1.0,0.127145],[0.0,-1.0,1.2246467991473532e-16,0.035949999999999996],[0.0,0.0,0.0,1.0]]",p_S_m = R_S_step * p_step_m + t_S_m,STEP_LOCAL:PV4_S1_C01_CIC,S,m,mm,True,True,True,False,True
parking,PV4_S1_C01_BOND,"[[1.0,0.0,0.0,-0.12419999999999999],[0.0,1.2246467991473532e-16,1.0,0.12695],[0.0,-1.0,1.2246467991473532e-16,0.035949999999999996],[0.0,0.0,0.0,1.0]]",p_S_m = R_S_step * p_step_m + t_S_m,STEP_LOCAL:PV4_S1_C01_BOND,S,m,mm,True,True,True,False,True
parking,PV4_S1_C02_CIC,"[[1.0,0.0,0.0,-0.0828],[0.0,1.2246467991473532e-16,1.0,0.127145],[0.0,-1.0,1.2246467991473532e-16,0.035949999999999996],[0.0,0.0,0.0,1.0]]",p_S_m = R_S_step * p_step_m + t_S_m,STEP_LOCAL:PV4_S1_C02_CIC,S,m,mm,True,True,True,False,True
parking,PV4_S1_C02_BOND,"[[1.0,0.0,0.0,-0.0828],[0.0,1.2246467991473532e-16,1.0,0.12695],[0.0,-1.0,1.2246467991473532e-16,0.035949999999999996],[0.0,0.0,0.0,1.0]]",p_S_m = R_S_step * p_step_m + t_S_m,STEP_LOCAL:PV4_S1_C02_BOND,S,m,mm,True,True,True,False,True
parking,PV4_S1_C03_CIC,"[[1.0,0.0,0.0,-0.0414],[0.0,1.2246467991473532e-16,1.0,0.127145],[0.0,-1.0,1.2246467991473532e-16,0.035949999999999996],[0.0,0.0,0.0,1.0]]",p_S_m = R_S_step * p_step_m + t_S_m,STEP_LOCAL:PV4_S1_C03_CIC,S,m,mm,True,True,True,False,True
parking,PV4_S1_C03_BOND,"[[1.0,0.0,0.0,-0.0414],[0.0,1.2246467991473532e-16,1.0,0.12695],[0.0,-1.0,1.2246467991473532e-16,0.035949999999999996],[0.0,0.0,0.0,1.0]]",p_S_m = R_S_step * p_step_m + t_S_m,STEP_LOCAL:PV4_S1_C03_BOND,S,m,mm,True,True,True,False,True
parking,PV4_S1_C04_CIC,"[[1.0,0.0,0.0,0.0],[0.0,1.2246467991473532e-16,1.0,0.127145],[0.0,-1.0,1.2246467991473532e-16,0.035949999999999996],[0.0,0.0,0.0,1.0]]",p_S_m = R_S_step * p_step_m + t_S_m,STEP_LOCAL:PV4_S1_C04_CIC,S,m,mm,True,True,True,False,True
parking,PV4_S1_C04_BOND,"[[1.0,0.0,0.0,0.0],[0.0,1.2246467991473532e-16,1.0,0.12695],[0.0,-1.0,1.2246467991473532e-16,0.035949999999999996],[0.0,0.0,0.0,1.0]]",p_S_m = R_S_step * p_step_m + t_S_m,STEP_LOCAL:PV4_S1_C04_BOND,S,m,mm,True,True,True,False,True
parking,PV4_S1_C05_CIC,"[[1.0,0.0,0.0,0.0414],[0.0,1.2246467991473532e-16,1.0,0.127145],[0.0,-1.0,1.2246467991473532e-16,0.035949999999999996],[0.0,0.0,0.0,1.0]]",p_S_m = R_S_step * p_step_m + t_S_m,STEP_LOCAL:PV4_S1_C05_CIC,S,m,mm,True,True,True,False,True
parking,PV4_S1_C05_BOND,"[[1.0,0.0,0.0,0.0414],[0.0,1.2246467991473532e-16,1.0,0.12695],[0.0,-1.0,1.2246467991473532e-16,0.035949999999999996],[0.0,0.0,0.0,1.0]]",p_S_m = R_S_step * p_step_m + t_S_m,STEP_LOCAL:PV4_S1_C05_BOND,S,m,mm,True,True,True,False,True
parking,PV4_S1_C06_CIC,"[[1.0,0.0,0.0,0.0828],[0.0,1.2246467991473532e-16,1.0,0.127145],[0.0,-1.0,1.2246467991473532e-16,0.035949999999999996],[0.0,0.0,0.0,1.0]]",p_S_m = R_S_step * p_step_m + t_S_m,STEP_LOCAL:PV4_S1_C06_CIC,S,m,mm,True,True,True,False,True
parking,PV4_S1_C06_BOND,"[[1.0,0.0,0.0,0.0828],[0.0,1.2246467991473532e-16,1.0,0.12695],[0.0,-1.0,1.2246467991473532e-16,0.035949999999999996],[0.0,0.0,0.0,1.0]]",p_S_m = R_S_step * p_step_m + t_S_m,STEP_LOCAL:PV4_S1_C06_BOND,S,m,mm,True,True,True,False,True
parking,PV4_S1_C07_CIC,"[[1.0,0.0,0.0,0.12419999999999999],[0.0,1.2246467991473532e-16,1.0,0.127145],[0.0,-1.0,1.2246467991473532e-16,0.035949999999999996],[0.0,0.0,0.0,1.0]]",p_S_m = R_S_step * p_step_m + t_S_m,STEP_LOCAL:PV4_S1_C07_CIC,S,m,mm,True,True,True,False,True
parking,PV4_S1_C07_BOND,"[[1.0,0.0,0.0,0.12419999999999999],[0.0,1.2246467991473532e-16,1.0,0.12695],[0.0,-1.0,1.2246467991473532e-16,0.035949999999999996],[0.0,0.0,0.0,1.0]]",p_S_m = R_S_step * p_step_m + t_S_m,STEP_LOCAL:PV4_S1_C07_BOND,S,m,mm,True,True,True,False,True
parking,PV4_S2_C01_CIC,"[[1.0,0.0,0.0,-0.12419999999999999],[0.0,1.2246467991473532e-16,1.0,0.12714500000000004],[0.0,-1.0,1.2246467991473532e-16,-0.052250000000000005],[0.0,0.0,0.0,1.0]]",p_S_m = R_S_step * p_step_m + t_S_m,STEP_LOCAL:PV4_S2_C01_CIC,S,m,mm,True,True,True,False,True
parking,PV4_S2_C01_BOND,"[[1.0,0.0,0.0,-0.12419999999999999],[0.0,1.2246467991473532e-16,1.0,0.12695000000000004],[0.0,-1.0,1.2246467991473532e-16,-0.052250000000000005],[0.0,0.0,0.0,1.0]]",p_S_m = R_S_step * p_step_m + t_S_m,STEP_LOCAL:PV4_S2_C01_BOND,S,m,mm,True,True,True,False,True
parking,PV4_S2_C02_CIC,"[[1.0,0.0,0.0,-0.0828],[0.0,1.2246467991473532e-16,1.0,0.12714500000000004],[0.0,-1.0,1.2246467991473532e-16,-0.052250000000000005],[0.0,0.0,0.0,1.0]]",p_S_m = R_S_step * p_step_m + t_S_m,STEP_LOCAL:PV4_S2_C02_CIC,S,m,mm,True,True,True,False,True
parking,PV4_S2_C02_BOND,"[[1.0,0.0,0.0,-0.0828],[0.0,1.2246467991473532e-16,1.0,0.12695000000000004],[0.0,-1.0,1.2246467991473532e-16,-0.052250000000000005],[0.0,0.0,0.0,1.0]]",p_S_m = R_S_step * p_step_m + t_S_m,STEP_LOCAL:PV4_S2_C02_BOND,S,m,mm,True,True,True,False,True
parking,PV4_S2_C03_CIC,"[[1.0,0.0,0.0,-0.0414],[0.0,1.2246467991473532e-16,1.0,0.12714500000000004],[0.0,-1.0,1.2246467991473532e-16,-0.052250000000000005],[0.0,0.0,0.0,1.0]]",p_S_m = R_S_step * p_step_m + t_S_m,STEP_LOCAL:PV4_S2_C03_CIC,S,m,mm,True,True,True,False,True
parking,PV4_S2_C03_BOND,"[[1.0,0.0,0.0,-0.0414],[0.0,1.2246467991473532e-16,1.0,0.12695000000000004],[0.0,-1.0,1.2246467991473532e-16,-0.052250000000000005],[0.0,0.0,0.0,1.0]]",p_S_m = R_S_step * p_step_m + t_S_m,STEP_LOCAL:PV4_S2_C03_BOND,S,m,mm,True,True,True,False,True
parking,PV4_S2_C04_CIC,"[[1.0,0.0,0.0,0.0],[0.0,1.2246467991473532e-16,1.0,0.12714500000000004],[0.0,-1.0,1.2246467991473532e-16,-0.052250000000000005],[0.0,0.0,0.0,1.0]]",p_S_m = R_S_step * p_step_m + t_S_m,STEP_LOCAL:PV4_S2_C04_CIC,S,m,mm,True,True,True,False,True
parking,PV4_S2_C04_BOND,"[[1.0,0.0,0.0,0.0],[0.0,1.2246467991473532e-16,1.0,0.12695000000000004],[0.0,-1.0,1.2246467991473532e-16,-0.052250000000000005],[0.0,0.0,0.0,1.0]]",p_S_m = R_S_step * p_step_m + t_S_m,STEP_LOCAL:PV4_S2_C04_BOND,S,m,mm,True,True,True,False,True
parking,PV4_S2_C05_CIC,"[[1.0,0.0,0.0,0.0414],[0.0,1.2246467991473532e-16,1.0,0.12714500000000004],[0.0,-1.0,1.2246467991473532e-16,-0.052250000000000005],[0.0,0.0,0.0,1.0]]",p_S_m = R_S_step * p_step_m + t_S_m,STEP_LOCAL:PV4_S2_C05_CIC,S,m,mm,True,True,True,False,True
parking,PV4_S2_C05_BOND,"[[1.0,0.0,0.0,0.0414],[0.0,1.2246467991473532e-16,1.0,0.12695000000000004],[0.0,-1.0,1.2246467991473532e-16,-0.052250000000000005],[0.0,0.0,0.0,1.0]]",p_S_m = R_S_step * p_step_m + t_S_m,STEP_LOCAL:PV4_S2_C05_BOND,S,m,mm,True,True,True,False,True
parking,PV4_S2_C06_CIC,"[[1.0,0.0,0.0,0.0828],[0.0,1.2246467991473532e-16,1.0,0.12714500000000004],[0.0,-1.0,1.2246467991473532e-16,-0.052250000000000005],[0.0,0.0,0.0,1.0]]",p_S_m = R_S_step * p_step_m + t_S_m,STEP_LOCAL:PV4_S2_C06_CIC,S,m,mm,True,True,True,False,True
parking,PV4_S2_C06_BOND,"[[1.0,0.0,0.0,0.0828],[0.0,1.2246467991473532e-16,1.0,0.12695000000000004],[0.0,-1.0,1.2246467991473532e-16,-0.052250000000000005],[0.0,0.0,0.0,1.0]]",p_S_m = R_S_step * p_step_m + t_S_m,STEP_LOCAL:PV4_S2_C06_BOND,S,m,mm,True,True,True,False,True
parking,PV4_S2_C07_CIC,"[[1.0,0.0,0.0,0.12419999999999999],[0.0,1.2246467991473532e-16,1.0,0.12714500000000004],[0.0,-1.0,1.2246467991473532e-16,-0.052250000000000005],[0.0,0.0,0.0,1.0]]",p_S_m = R_S_step * p_step_m + t_S_m,STEP_LOCAL:PV4_S2_C07_CIC,S,m,mm,True,True,True,False,True
parking,PV4_S2_C07_BOND,"[[1.0,0.0,0.0,0.12419999999999999],[0.0,1.2246467991473532e-16,1.0,0.12695000000000004],[0.0,-1.0,1.2246467991473532e-16,-0.052250000000000005],[0.0,0.0,0.0,1.0]]",p_S_m = R_S_step * p_step_m + t_S_m,STEP_LOCAL:PV4_S2_C07_BOND,S,m,mm,True,True,True,False,True
parking,PV5_S1_C01_CIC,"[[1.0,0.0,0.0,-0.12419999999999999],[0.0,0.0,-1.0,0.12865500000000002],[0.0,1.0,0.0,-0.052250000000000005],[0.0,0.0,0.0,1.0]]",p_S_m = R_S_step * p_step_m + t_S_m,STEP_LOCAL:PV5_S1_C01_CIC,S,m,mm,True,True,True,False,True
parking,PV5_S1_C01_BOND,"[[1.0,0.0,0.0,-0.12419999999999999],[0.0,0.0,-1.0,0.12885000000000002],[0.0,1.0,0.0,-0.052250000000000005],[0.0,0.0,0.0,1.0]]",p_S_m = R_S_step * p_step_m + t_S_m,STEP_LOCAL:PV5_S1_C01_BOND,S,m,mm,True,True,True,False,True
parking,PV5_S1_C02_CIC,"[[1.0,0.0,0.0,-0.0828],[0.0,0.0,-1.0,0.12865500000000002],[0.0,1.0,0.0,-0.052250000000000005],[0.0,0.0,0.0,1.0]]",p_S_m = R_S_step * p_step_m + t_S_m,STEP_LOCAL:PV5_S1_C02_CIC,S,m,mm,True,True,True,False,True
parking,PV5_S1_C02_BOND,"[[1.0,0.0,0.0,-0.0828],[0.0,0.0,-1.0,0.12885000000000002],[0.0,1.0,0.0,-0.052250000000000005],[0.0,0.0,0.0,1.0]]",p_S_m = R_S_step * p_step_m + t_S_m,STEP_LOCAL:PV5_S1_C02_BOND,S,m,mm,True,True,True,False,True
parking,PV5_S1_C03_CIC,"[[1.0,0.0,0.0,-0.0414],[0.0,0.0,-1.0,0.12865500000000002],[0.0,1.0,0.0,-0.052250000000000005],[0.0,0.0,0.0,1.0]]",p_S_m = R_S_step * p_step_m + t_S_m,STEP_LOCAL:PV5_S1_C03_CIC,S,m,mm,True,True,True,False,True
parking,PV5_S1_C03_BOND,"[[1.0,0.0,0.0,-0.0414],[0.0,0.0,-1.0,0.12885000000000002],[0.0,1.0,0.0,-0.052250000000000005],[0.0,0.0,0.0,1.0]]",p_S_m = R_S_step * p_step_m + t_S_m,STEP_LOCAL:PV5_S1_C03_BOND,S,m,mm,True,True,True,False,True
parking,PV5_S1_C04_CIC,"[[1.0,0.0,0.0,0.0],[0.0,0.0,-1.0,0.12865500000000002],[0.0,1.0,0.0,-0.052250000000000005],[0.0,0.0,0.0,1.0]]",p_S_m = R_S_step * p_step_m + t_S_m,STEP_LOCAL:PV5_S1_C04_CIC,S,m,mm,True,True,True,False,True
parking,PV5_S1_C04_BOND,"[[1.0,0.0,0.0,0.0],[0.0,0.0,-1.0,0.12885000000000002],[0.0,1.0,0.0,-0.052250000000000005],[0.0,0.0,0.0,1.0]]",p_S_m = R_S_step * p_step_m + t_S_m,STEP_LOCAL:PV5_S1_C04_BOND,S,m,mm,True,True,True,False,True
parking,PV5_S1_C05_CIC,"[[1.0,0.0,0.0,0.0414],[0.0,0.0,-1.0,0.12865500000000002],[0.0,1.0,0.0,-0.052250000000000005],[0.0,0.0,0.0,1.0]]",p_S_m = R_S_step * p_step_m + t_S_m,STEP_LOCAL:PV5_S1_C05_CIC,S,m,mm,True,True,True,False,True
parking,PV5_S1_C05_BOND,"[[1.0,0.0,0.0,0.0414],[0.0,0.0,-1.0,0.12885000000000002],[0.0,1.0,0.0,-0.052250000000000005],[0.0,0.0,0.0,1.0]]",p_S_m = R_S_step * p_step_m + t_S_m,STEP_LOCAL:PV5_S1_C05_BOND,S,m,mm,True,True,True,False,True
parking,PV5_S1_C06_CIC,"[[1.0,0.0,0.0,0.0828],[0.0,0.0,-1.0,0.12865500000000002],[0.0,1.0,0.0,-0.052250000000000005],[0.0,0.0,0.0,1.0]]",p_S_m = R_S_step * p_step_m + t_S_m,STEP_LOCAL:PV5_S1_C06_CIC,S,m,mm,True,True,True,False,True
parking,PV5_S1_C06_BOND,"[[1.0,0.0,0.0,0.0828],[0.0,0.0,-1.0,0.12885000000000002],[0.0,1.0,0.0,-0.052250000000000005],[0.0,0.0,0.0,1.0]]",p_S_m = R_S_step * p_step_m + t_S_m,STEP_LOCAL:PV5_S1_C06_BOND,S,m,mm,True,True,True,False,True
parking,PV5_S1_C07_CIC,"[[1.0,0.0,0.0,0.12419999999999999],[0.0,0.0,-1.0,0.12865500000000002],[0.0,1.0,0.0,-0.052250000000000005],[0.0,0.0,0.0,1.0]]",p_S_m = R_S_step * p_step_m + t_S_m,STEP_LOCAL:PV5_S1_C07_CIC,S,m,mm,True,True,True,False,True
parking,PV5_S1_C07_BOND,"[[1.0,0.0,0.0,0.12419999999999999],[0.0,0.0,-1.0,0.12885000000000002],[0.0,1.0,0.0,-0.052250000000000005],[0.0,0.0,0.0,1.0]]",p_S_m = R_S_step * p_step_m + t_S_m,STEP_LOCAL:PV5_S1_C07_BOND,S,m,mm,True,True,True,False,True
parking,PV5_S2_C01_CIC,"[[1.0,0.0,0.0,-0.12419999999999999],[0.0,0.0,-1.0,0.12865500000000002],[0.0,1.0,0.0,0.035949999999999996],[0.0,0.0,0.0,1.0]]",p_S_m = R_S_step * p_step_m + t_S_m,STEP_LOCAL:PV5_S2_C01_CIC,S,m,mm,True,True,True,False,True
parking,PV5_S2_C01_BOND,"[[1.0,0.0,0.0,-0.12419999999999999],[0.0,0.0,-1.0,0.12885000000000002],[0.0,1.0,0.0,0.035949999999999996],[0.0,0.0,0.0,1.0]]",p_S_m = R_S_step * p_step_m + t_S_m,STEP_LOCAL:PV5_S2_C01_BOND,S,m,mm,True,True,True,False,True
parking,PV5_S2_C02_CIC,"[[1.0,0.0,0.0,-0.0828],[0.0,0.0,-1.0,0.12865500000000002],[0.0,1.0,0.0,0.035949999999999996],[0.0,0.0,0.0,1.0]]",p_S_m = R_S_step * p_step_m + t_S_m,STEP_LOCAL:PV5_S2_C02_CIC,S,m,mm,True,True,True,False,True
parking,PV5_S2_C02_BOND,"[[1.0,0.0,0.0,-0.0828],[0.0,0.0,-1.0,0.12885000000000002],[0.0,1.0,0.0,0.035949999999999996],[0.0,0.0,0.0,1.0]]",p_S_m = R_S_step * p_step_m + t_S_m,STEP_LOCAL:PV5_S2_C02_BOND,S,m,mm,True,True,True,False,True
parking,PV5_S2_C03_CIC,"[[1.0,0.0,0.0,-0.0414],[0.0,0.0,-1.0,0.12865500000000002],[0.0,1.0,0.0,0.035949999999999996],[0.0,0.0,0.0,1.0]]",p_S_m = R_S_step * p_step_m + t_S_m,STEP_LOCAL:PV5_S2_C03_CIC,S,m,mm,True,True,True,False,True
parking,PV5_S2_C03_BOND,"[[1.0,0.0,0.0,-0.0414],[0.0,0.0,-1.0,0.12885000000000002],[0.0,1.0,0.0,0.035949999999999996],[0.0,0.0,0.0,1.0]]",p_S_m = R_S_step * p_step_m + t_S_m,STEP_LOCAL:PV5_S2_C03_BOND,S,m,mm,True,True,True,False,True
parking,PV5_S2_C04_CIC,"[[1.0,0.0,0.0,0.0],[0.0,0.0,-1.0,0.12865500000000002],[0.0,1.0,0.0,0.035949999999999996],[0.0,0.0,0.0,1.0]]",p_S_m = R_S_step * p_step_m + t_S_m,STEP_LOCAL:PV5_S2_C04_CIC,S,m,mm,True,True,True,False,True
parking,PV5_S2_C04_BOND,"[[1.0,0.0,0.0,0.0],[0.0,0.0,-1.0,0.12885000000000002],[0.0,1.0,0.0,0.035949999999999996],[0.0,0.0,0.0,1.0]]",p_S_m = R_S_step * p_step_m + t_S_m,STEP_LOCAL:PV5_S2_C04_BOND,S,m,mm,True,True,True,False,True
parking,PV5_S2_C05_CIC,"[[1.0,0.0,0.0,0.0414],[0.0,0.0,-1.0,0.12865500000000002],[0.0,1.0,0.0,0.035949999999999996],[0.0,0.0,0.0,1.0]]",p_S_m = R_S_step * p_step_m + t_S_m,STEP_LOCAL:PV5_S2_C05_CIC,S,m,mm,True,True,True,False,True
parking,PV5_S2_C05_BOND,"[[1.0,0.0,0.0,0.0414],[0.0,0.0,-1.0,0.12885000000000002],[0.0,1.0,0.0,0.035949999999999996],[0.0,0.0,0.0,1.0]]",p_S_m = R_S_step * p_step_m + t_S_m,STEP_LOCAL:PV5_S2_C05_BOND,S,m,mm,True,True,True,False,True
parking,PV5_S2_C06_CIC,"[[1.0,0.0,0.0,0.0828],[0.0,0.0,-1.0,0.12865500000000002],[0.0,1.0,0.0,0.035949999999999996],[0.0,0.0,0.0,1.0]]",p_S_m = R_S_step * p_step_m + t_S_m,STEP_LOCAL:PV5_S2_C06_CIC,S,m,mm,True,True,True,False,True
parking,PV5_S2_C06_BOND,"[[1.0,0.0,0.0,0.0828],[0.0,0.0,-1.0,0.12885000000000002],[0.0,1.0,0.0,0.035949999999999996],[0.0,0.0,0.0,1.0]]",p_S_m = R_S_step * p_step_m + t_S_m,STEP_LOCAL:PV5_S2_C06_BOND,S,m,mm,True,True,True,False,True
parking,PV5_S2_C07_CIC,"[[1.0,0.0,0.0,0.12419999999999999],[0.0,0.0,-1.0,0.12865500000000002],[0.0,1.0,0.0,0.035949999999999996],[0.0,0.0,0.0,1.0]]",p_S_m = R_S_step * p_step_m + t_S_m,STEP_LOCAL:PV5_S2_C07_CIC,S,m,mm,True,True,True,False,True
parking,PV5_S2_C07_BOND,"[[1.0,0.0,0.0,0.12419999999999999],[0.0,0.0,-1.0,0.12885000000000002],[0.0,1.0,0.0,0.035949999999999996],[0.0,0.0,0.0,1.0]]",p_S_m = R_S_step * p_step_m + t_S_m,STEP_LOCAL:PV5_S2_C07_BOND,S,m,mm,True,True,True,False,True
parking,U202_CHB_TIM,"[[1.0,0.0,0.0,-0.025],[0.0,1.0,0.0,0.0],[0.0,0.0,1.0,-0.096353],[0.0,0.0,0.0,1.0]]",p_S_m = R_S_step * p_step_m + t_S_m,STEP_LOCAL:U202_CHB_TIM,S,m,mm,True,False,False,False,True
parking,U202_CHB,"[[1.0,0.0,0.0,-0.025],[0.0,0.0,-1.0,0.0],[0.0,1.0,0.0,-0.09455],[0.0,0.0,0.0,1.0]]",p_S_m = R_S_step * p_step_m + t_S_m,STEP_LOCAL:U202_CHB,S,m,mm,True,False,False,False,True
parking,RB301_TIM,"[[0.0,1.0,0.0,-0.128],[0.0,0.0,1.0,-0.0835],[1.0,0.0,0.0,0.06507500000000001],[0.0,0.0,0.0,1.0]]",p_S_m = R_S_step * p_step_m + t_S_m,STEP_LOCAL:RB301_TIM,S,m,mm,True,False,False,False,True
parking,RB301,"[[0.0,1.0,0.0,-0.128],[0.0,0.0,1.0,-0.083148],[1.0,0.0,0.0,0.06507500000000001],[0.0,0.0,0.0,1.0]]",p_S_m = R_S_step * p_step_m + t_S_m,STEP_LOCAL:RB301,S,m,mm,True,False,False,False,True
parking,RB302_TIM,"[[0.0,1.0,0.0,-0.05],[0.0,0.0,1.0,-0.0835],[1.0,0.0,0.0,0.06507500000000001],[0.0,0.0,0.0,1.0]]",p_S_m = R_S_step * p_step_m + t_S_m,STEP_LOCAL:RB302_TIM,S,m,mm,True,False,False,False,True
parking,RB302,"[[0.0,1.0,0.0,-0.05],[0.0,0.0,1.0,-0.083148],[1.0,0.0,0.0,0.06507500000000001],[0.0,0.0,0.0,1.0]]",p_S_m = R_S_step * p_step_m + t_S_m,STEP_LOCAL:RB302,S,m,mm,True,False,False,False,True
parking,RB303_TIM,"[[0.0,1.0,0.0,0.10400000000000001],[0.0,0.0,1.0,-0.0835],[1.0,0.0,0.0,0.06507500000000001],[0.0,0.0,0.0,1.0]]",p_S_m = R_S_step * p_step_m + t_S_m,STEP_LOCAL:RB303_TIM,S,m,mm,True,False,False,False,True
parking,RB303,"[[0.0,1.0,0.0,0.10400000000000001],[0.0,0.0,1.0,-0.083148],[1.0,0.0,0.0,0.06507500000000001],[0.0,0.0,0.0,1.0]]",p_S_m = R_S_step * p_step_m + t_S_m,STEP_LOCAL:RB303,S,m,mm,True,False,False,False,True
parking,WP10_BOTTOM_0_SCREW,"[[1.0,0.0,0.0,-0.14],[0.0,1.0,0.0,-0.0935],[0.0,0.0,1.0,-0.11415],[0.0,0.0,0.0,1.0]]",p_S_m = R_S_step * p_step_m + t_S_m,STEP_LOCAL:WP10_BOTTOM_0_SCREW,S,m,mm,True,False,False,False,True
parking,WP10_BOTTOM_0_WASHER,"[[1.0,0.0,0.0,-0.14],[0.0,1.0,0.0,-0.0935],[0.0,0.0,1.0,-0.09815],[0.0,0.0,0.0,1.0]]",p_S_m = R_S_step * p_step_m + t_S_m,STEP_LOCAL:WP10_BOTTOM_0_WASHER,S,m,mm,True,False,False,False,True
parking,WP10_BOTTOM_0_NUT,"[[1.0,0.0,0.0,-0.14],[0.0,1.0,0.0,-0.0935],[0.0,0.0,1.0,-0.09765000000000001],[0.0,0.0,0.0,1.0]]",p_S_m = R_S_step * p_step_m + t_S_m,STEP_LOCAL:WP10_BOTTOM_0_NUT,S,m,mm,True,False,False,False,True
parking,WP10_BOTTOM_1_SCREW,"[[1.0,0.0,0.0,-0.14],[0.0,1.0,0.0,0.0935],[0.0,0.0,1.0,-0.11415],[0.0,0.0,0.0,1.0]]",p_S_m = R_S_step * p_step_m + t_S_m,STEP_LOCAL:WP10_BOTTOM_1_SCREW,S,m,mm,True,False,False,False,True
parking,WP10_BOTTOM_1_WASHER,"[[1.0,0.0,0.0,-0.14],[0.0,1.0,0.0,0.0935],[0.0,0.0,1.0,-0.09815],[0.0,0.0,0.0,1.0]]",p_S_m = R_S_step * p_step_m + t_S_m,STEP_LOCAL:WP10_BOTTOM_1_WASHER,S,m,mm,True,False,False,False,True
parking,WP10_BOTTOM_1_NUT,"[[1.0,0.0,0.0,-0.14],[0.0,1.0,0.0,0.0935],[0.0,0.0,1.0,-0.09765000000000001],[0.0,0.0,0.0,1.0]]",p_S_m = R_S_step * p_step_m + t_S_m,STEP_LOCAL:WP10_BOTTOM_1_NUT,S,m,mm,True,False,False,False,True
parking,WP10_BOTTOM_2_SCREW,"[[1.0,0.0,0.0,-0.06],[0.0,1.0,0.0,-0.033],[0.0,0.0,1.0,-0.11415],[0.0,0.0,0.0,1.0]]",p_S_m = R_S_step * p_step_m + t_S_m,STEP_LOCAL:WP10_BOTTOM_2_SCREW,S,m,mm,True,False,False,False,True
parking,WP10_BOTTOM_2_WASHER,"[[1.0,0.0,0.0,-0.06],[0.0,1.0,0.0,-0.033],[0.0,0.0,1.0,-0.09815],[0.0,0.0,0.0,1.0]]",p_S_m = R_S_step * p_step_m + t_S_m,STEP_LOCAL:WP10_BOTTOM_2_WASHER,S,m,mm,True,False,False,False,True
parking,WP10_BOTTOM_2_NUT,"[[1.0,0.0,0.0,-0.06],[0.0,1.0,0.0,-0.033],[0.0,0.0,1.0,-0.09765000000000001],[0.0,0.0,0.0,1.0]]",p_S_m = R_S_step * p_step_m + t_S_m,STEP_LOCAL:WP10_BOTTOM_2_NUT,S,m,mm,True,False,False,False,True
parking,WP10_BOTTOM_3_SCREW,"[[1.0,0.0,0.0,-0.06],[0.0,1.0,0.0,0.033],[0.0,0.0,1.0,-0.11415],[0.0,0.0,0.0,1.0]]",p_S_m = R_S_step * p_step_m + t_S_m,STEP_LOCAL:WP10_BOTTOM_3_SCREW,S,m,mm,True,False,False,False,True
parking,WP10_BOTTOM_3_WASHER,"[[1.0,0.0,0.0,-0.06],[0.0,1.0,0.0,0.033],[0.0,0.0,1.0,-0.09815],[0.0,0.0,0.0,1.0]]",p_S_m = R_S_step * p_step_m + t_S_m,STEP_LOCAL:WP10_BOTTOM_3_WASHER,S,m,mm,True,False,False,False,True
parking,WP10_BOTTOM_3_NUT,"[[1.0,0.0,0.0,-0.06],[0.0,1.0,0.0,0.033],[0.0,0.0,1.0,-0.09765000000000001],[0.0,0.0,0.0,1.0]]",p_S_m = R_S_step * p_step_m + t_S_m,STEP_LOCAL:WP10_BOTTOM_3_NUT,S,m,mm,True,False,False,False,True
parking,WP10_BOTTOM_4_SCREW,"[[1.0,0.0,0.0,0.12],[0.0,1.0,0.0,-0.0935],[0.0,0.0,1.0,-0.11415],[0.0,0.0,0.0,1.0]]",p_S_m = R_S_step * p_step_m + t_S_m,STEP_LOCAL:WP10_BOTTOM_4_SCREW,S,m,mm,True,False,False,False,True
parking,WP10_BOTTOM_4_WASHER,"[[1.0,0.0,0.0,0.12],[0.0,1.0,0.0,-0.0935],[0.0,0.0,1.0,-0.09815],[0.0,0.0,0.0,1.0]]",p_S_m = R_S_step * p_step_m + t_S_m,STEP_LOCAL:WP10_BOTTOM_4_WASHER,S,m,mm,True,False,False,False,True
parking,WP10_BOTTOM_4_NUT,"[[1.0,0.0,0.0,0.12],[0.0,1.0,0.0,-0.0935],[0.0,0.0,1.0,-0.09765000000000001],[0.0,0.0,0.0,1.0]]",p_S_m = R_S_step * p_step_m + t_S_m,STEP_LOCAL:WP10_BOTTOM_4_NUT,S,m,mm,True,False,False,False,True
parking,WP10_BOTTOM_5_SCREW,"[[1.0,0.0,0.0,0.12],[0.0,1.0,0.0,0.0935],[0.0,0.0,1.0,-0.11415],[0.0,0.0,0.0,1.0]]",p_S_m = R_S_step * p_step_m + t_S_m,STEP_LOCAL:WP10_BOTTOM_5_SCREW,S,m,mm,True,False,False,False,True
parking,WP10_BOTTOM_5_WASHER,"[[1.0,0.0,0.0,0.12],[0.0,1.0,0.0,0.0935],[0.0,0.0,1.0,-0.09815],[0.0,0.0,0.0,1.0]]",p_S_m = R_S_step * p_step_m + t_S_m,STEP_LOCAL:WP10_BOTTOM_5_WASHER,S,m,mm,True,False,False,False,True
parking,WP10_BOTTOM_5_NUT,"[[1.0,0.0,0.0,0.12],[0.0,1.0,0.0,0.0935],[0.0,0.0,1.0,-0.09765000000000001],[0.0,0.0,0.0,1.0]]",p_S_m = R_S_step * p_step_m + t_S_m,STEP_LOCAL:WP10_BOTTOM_5_NUT,S,m,mm,True,False,False,False,True
parking,WP10_CHB_0_SCREW,"[[1.0,0.0,0.0,-0.04912999999999999],[0.0,1.0,0.0,-0.0254],[0.0,0.0,1.0,-0.11415],[0.0,0.0,0.0,1.0]]",p_S_m = R_S_step * p_step_m + t_S_m,STEP_LOCAL:WP10_CHB_0_SCREW,S,m,mm,True,False,False,False,True
parking,WP10_CHB_1_SCREW,"[[1.0,0.0,0.0,-0.04912999999999999],[0.0,1.0,0.0,0.0254],[0.0,0.0,1.0,-0.11415],[0.0,0.0,0.0,1.0]]",p_S_m = R_S_step * p_step_m + t_S_m,STEP_LOCAL:WP10_CHB_1_SCREW,S,m,mm,True,False,False,False,True
parking,WP10_CHB_2_SCREW,"[[1.0,0.0,0.0,-0.000870000000000001],[0.0,1.0,0.0,-0.0254],[0.0,0.0,1.0,-0.11415],[0.0,0.0,0.0,1.0]]",p_S_m = R_S_step * p_step_m + t_S_m,STEP_LOCAL:WP10_CHB_2_SCREW,S,m,mm,True,False,False,False,True
parking,WP10_CHB_3_SCREW,"[[1.0,0.0,0.0,-0.000870000000000001],[0.0,1.0,0.0,0.0254],[0.0,0.0,1.0,-0.11415],[0.0,0.0,0.0,1.0]]",p_S_m = R_S_step * p_step_m + t_S_m,STEP_LOCAL:WP10_CHB_3_SCREW,S,m,mm,True,False,False,False,True
parking,WP10_COLD_-1_TIM,"[[1.0,0.0,0.0,-0.025],[0.0,0.0,1.0,-0.0965],[0.0,-1.0,0.0,-0.07],[0.0,0.0,0.0,1.0]]",p_S_m = R_S_step * p_step_m + t_S_m,STEP_LOCAL:WP10_COLD_-1_TIM,S,m,mm,True,False,False,False,True
parking,WP10_COLD_-1_0_SCREW,"[[1.0,0.0,0.0,-0.043000000000000003],[0.0,0.0,1.0,-0.11315000000000001],[0.0,-1.0,0.0,-0.07],[0.0,0.0,0.0,1.0]]",p_S_m = R_S_step * p_step_m + t_S_m,STEP_LOCAL:WP10_COLD_-1_0_SCREW,S,m,mm,True,False,False,False,True
parking,WP10_COLD_-1_1_SCREW,"[[1.0,0.0,0.0,-0.007],[0.0,0.0,1.0,-0.11315000000000001],[0.0,-1.0,0.0,-0.07],[0.0,0.0,0.0,1.0]]",p_S_m = R_S_step * p_step_m + t_S_m,STEP_LOCAL:WP10_COLD_-1_1_SCREW,S,m,mm,True,False,False,False,True
parking,WP10_COLD_1_TIM,"[[1.0,0.0,0.0,-0.025],[0.0,0.0,-1.0,0.0965],[0.0,1.0,0.0,-0.07],[0.0,0.0,0.0,1.0]]",p_S_m = R_S_step * p_step_m + t_S_m,STEP_LOCAL:WP10_COLD_1_TIM,S,m,mm,True,False,False,False,True
parking,WP10_COLD_1_0_SCREW,"[[1.0,0.0,0.0,-0.043000000000000003],[0.0,0.0,-1.0,0.11315000000000001],[0.0,1.0,0.0,-0.07],[0.0,0.0,0.0,1.0]]",p_S_m = R_S_step * p_step_m + t_S_m,STEP_LOCAL:WP10_COLD_1_0_SCREW,S,m,mm,True,False,False,False,True
parking,WP10_COLD_1_1_SCREW,"[[1.0,0.0,0.0,-0.007],[0.0,0.0,-1.0,0.11315000000000001],[0.0,1.0,0.0,-0.07],[0.0,0.0,0.0,1.0]]",p_S_m = R_S_step * p_step_m + t_S_m,STEP_LOCAL:WP10_COLD_1_1_SCREW,S,m,mm,True,False,False,False,True
parking,WP10_INTERNAL_BATTERY_BYPASS,"[[1.0,0.0,0.0,0.0],[0.0,1.0,0.0,0.0],[0.0,0.0,1.0,0.0],[0.0,0.0,0.0,1.0]]",p_S_m = R_S_step * p_step_m + t_S_m,STEP_LOCAL:WP10_INTERNAL_BATTERY_BYPASS,S,m,mm,True,False,False,False,True
parking,WP10_RRC3570_4_D_MAX_ENVELOPE,"[[1.0,0.0,0.0,0.04075],[0.0,1.0,0.0,-0.014100000000000001],[0.0,0.0,1.0,0.04975],[0.0,0.0,0.0,1.0]]",p_S_m = R_S_step * p_step_m + t_S_m,STEP_LOCAL:WP10_RRC3570_4_D_MAX_ENVELOPE,S,m,mm,True,False,False,False,True
parking,TRUNK_0_LINER_LOW,"[[1.0,-0.0,0.0,-0.095],[0.0,1.0,0.0,0.0015],[0.0,0.0,1.0,0.045],[0.0,0.0,0.0,1.0]]",p_S_m = R_S_step * p_step_m + t_S_m,STEP_LOCAL:TRUNK_0_LINER_LOW,S,m,mm,True,False,False,False,True
parking,TRUNK_0_LINER_HIGH,"[[1.0,-0.0,0.0,-0.095],[0.0,1.0,0.0,0.0015],[0.0,0.0,1.0,0.045],[0.0,0.0,0.0,1.0]]",p_S_m = R_S_step * p_step_m + t_S_m,STEP_LOCAL:TRUNK_0_LINER_HIGH,S,m,mm,True,False,False,False,True
parking,TRUNK_0_SCREW_0,"[[1.0,0.0,0.0,-0.095],[0.0,1.0,0.0,-0.006500000000000001],[0.0,0.0,1.0,0.049],[0.0,0.0,0.0,1.0]]",p_S_m = R_S_step * p_step_m + t_S_m,STEP_LOCAL:TRUNK_0_SCREW_0,S,m,mm,True,False,False,False,True
parking,TRUNK_0_WASHER_0,"[[1.0,0.0,0.0,-0.195],[0.0,1.0,0.0,-0.0525],[0.0,0.0,1.0,0.051500000000000004],[0.0,0.0,0.0,1.0]]",p_S_m = R_S_step * p_step_m + t_S_m,STEP_LOCAL:TRUNK_0_WASHER_0,S,m,mm,True,False,False,False,True
parking,TRUNK_0_NUT_0,"[[1.0,0.0,0.0,-0.195],[0.0,1.0,0.0,-0.0525],[0.0,0.0,1.0,0.051500000000000004],[0.0,0.0,0.0,1.0]]",p_S_m = R_S_step * p_step_m + t_S_m,STEP_LOCAL:TRUNK_0_NUT_0,S,m,mm,True,False,False,False,True
parking,TRUNK_0_SCREW_1,"[[1.0,0.0,0.0,-0.095],[0.0,1.0,0.0,0.0095],[0.0,0.0,1.0,0.049],[0.0,0.0,0.0,1.0]]",p_S_m = R_S_step * p_step_m + t_S_m,STEP_LOCAL:TRUNK_0_SCREW_1,S,m,mm,True,False,False,False,True
parking,TRUNK_0_WASHER_1,"[[1.0,0.0,0.0,-0.195],[0.0,1.0,0.0,-0.0365],[0.0,0.0,1.0,0.051500000000000004],[0.0,0.0,0.0,1.0]]",p_S_m = R_S_step * p_step_m + t_S_m,STEP_LOCAL:TRUNK_0_WASHER_1,S,m,mm,True,False,False,False,True
parking,TRUNK_0_NUT_1,"[[1.0,0.0,0.0,-0.195],[0.0,1.0,0.0,-0.0365],[0.0,0.0,1.0,0.051500000000000004],[0.0,0.0,0.0,1.0]]",p_S_m = R_S_step * p_step_m + t_S_m,STEP_LOCAL:TRUNK_0_NUT_1,S,m,mm,True,False,False,False,True
parking,TRUNK_1_LINER_LOW,"[[1.0,-0.0,0.0,-0.03],[0.0,1.0,0.0,0.0015],[0.0,0.0,1.0,-0.002],[0.0,0.0,0.0,1.0]]",p_S_m = R_S_step * p_step_m + t_S_m,STEP_LOCAL:TRUNK_1_LINER_LOW,S,m,mm,True,False,False,False,True
parking,TRUNK_1_LINER_HIGH,"[[1.0,-0.0,0.0,-0.03],[0.0,1.0,0.0,0.0015],[0.0,0.0,1.0,-0.002],[0.0,0.0,0.0,1.0]]",p_S_m = R_S_step * p_step_m + t_S_m,STEP_LOCAL:TRUNK_1_LINER_HIGH,S,m,mm,True,False,False,False,True
parking,TRUNK_1_SCREW_0,"[[1.0,0.0,0.0,-0.03],[0.0,1.0,0.0,-0.006500000000000001],[0.0,0.0,1.0,0.002],[0.0,0.0,0.0,1.0]]",p_S_m = R_S_step * p_step_m + t_S_m,STEP_LOCAL:TRUNK_1_SCREW_0,S,m,mm,True,False,False,False,True
parking,TRUNK_1_WASHER_0,"[[1.0,0.0,0.0,-0.13],[0.0,1.0,0.0,-0.0525],[0.0,0.0,1.0,0.0],[0.0,0.0,0.0,1.0]]",p_S_m = R_S_step * p_step_m + t_S_m,STEP_LOCAL:TRUNK_1_WASHER_0,S,m,mm,True,False,False,False,True
parking,TRUNK_1_NUT_0,"[[1.0,0.0,0.0,-0.13],[0.0,1.0,0.0,-0.0525],[0.0,0.0,1.0,0.0],[0.0,0.0,0.0,1.0]]",p_S_m = R_S_step * p_step_m + t_S_m,STEP_LOCAL:TRUNK_1_NUT_0,S,m,mm,True,False,False,False,True
parking,TRUNK_1_SCREW_1,"[[1.0,0.0,0.0,-0.03],[0.0,1.0,0.0,0.0095],[0.0,0.0,1.0,0.002],[0.0,0.0,0.0,1.0]]",p_S_m = R_S_step * p_step_m + t_S_m,STEP_LOCAL:TRUNK_1_SCREW_1,S,m,mm,True,False,False,False,True
parking,TRUNK_1_WASHER_1,"[[1.0,0.0,0.0,-0.13],[0.0,1.0,0.0,-0.0365],[0.0,0.0,1.0,0.0],[0.0,0.0,0.0,1.0]]",p_S_m = R_S_step * p_step_m + t_S_m,STEP_LOCAL:TRUNK_1_WASHER_1,S,m,mm,True,False,False,False,True
parking,TRUNK_1_NUT_1,"[[1.0,0.0,0.0,-0.13],[0.0,1.0,0.0,-0.0365],[0.0,0.0,1.0,0.0],[0.0,0.0,0.0,1.0]]",p_S_m = R_S_step * p_step_m + t_S_m,STEP_LOCAL:TRUNK_1_NUT_1,S,m,mm,True,False,False,False,True
parking,TRUNK_2_LINER_LOW,"[[1.0,-0.0,0.0,0.025],[0.0,1.0,0.0,0.0015],[0.0,0.0,1.0,-0.002],[0.0,0.0,0.0,1.0]]",p_S_m = R_S_step * p_step_m + t_S_m,STEP_LOCAL:TRUNK_2_LINER_LOW,S,m,mm,True,False,False,False,True
parking,TRUNK_2_LINER_HIGH,"[[1.0,-0.0,0.0,0.025],[0.0,1.0,0.0,0.0015],[0.0,0.0,1.0,-0.002],[0.0,0.0,0.0,1.0]]",p_S_m = R_S_step * p_step_m + t_S_m,STEP_LOCAL:TRUNK_2_LINER_HIGH,S,m,mm,True,False,False,False,True
parking,TRUNK_2_SCREW_0,"[[1.0,0.0,0.0,0.025],[0.0,1.0,0.0,-0.006500000000000001],[0.0,0.0,1.0,0.002],[0.0,0.0,0.0,1.0]]",p_S_m = R_S_step * p_step_m + t_S_m,STEP_LOCAL:TRUNK_2_SCREW_0,S,m,mm,True,False,False,False,True
parking,TRUNK_2_WASHER_0,"[[1.0,0.0,0.0,-0.075],[0.0,1.0,0.0,-0.0525],[0.0,0.0,1.0,0.0],[0.0,0.0,0.0,1.0]]",p_S_m = R_S_step * p_step_m + t_S_m,STEP_LOCAL:TRUNK_2_WASHER_0,S,m,mm,True,False,False,False,True
parking,TRUNK_2_NUT_0,"[[1.0,0.0,0.0,-0.075],[0.0,1.0,0.0,-0.0525],[0.0,0.0,1.0,0.0],[0.0,0.0,0.0,1.0]]",p_S_m = R_S_step * p_step_m + t_S_m,STEP_LOCAL:TRUNK_2_NUT_0,S,m,mm,True,False,False,False,True
parking,TRUNK_2_SCREW_1,"[[1.0,0.0,0.0,0.025],[0.0,1.0,0.0,0.0095],[0.0,0.0,1.0,0.002],[0.0,0.0,0.0,1.0]]",p_S_m = R_S_step * p_step_m + t_S_m,STEP_LOCAL:TRUNK_2_SCREW_1,S,m,mm,True,False,False,False,True
parking,TRUNK_2_WASHER_1,"[[1.0,0.0,0.0,-0.075],[0.0,1.0,0.0,-0.0365],[0.0,0.0,1.0,0.0],[0.0,0.0,0.0,1.0]]",p_S_m = R_S_step * p_step_m + t_S_m,STEP_LOCAL:TRUNK_2_WASHER_1,S,m,mm,True,False,False,False,True
parking,TRUNK_2_NUT_1,"[[1.0,0.0,0.0,-0.075],[0.0,1.0,0.0,-0.0365],[0.0,0.0,1.0,0.0],[0.0,0.0,0.0,1.0]]",p_S_m = R_S_step * p_step_m + t_S_m,STEP_LOCAL:TRUNK_2_NUT_1,S,m,mm,True,False,False,False,True
parking,TRUNK_3_LINER_LOW,"[[6.123233995736766e-17,1.0,0.0,0.065],[-1.0,6.123233995736766e-17,0.0,-0.04],[0.0,0.0,1.0,-0.002],[0.0,0.0,0.0,1.0]]",p_S_m = R_S_step * p_step_m + t_S_m,STEP_LOCAL:TRUNK_3_LINER_LOW,S,m,mm,True,False,False,False,True
parking,TRUNK_3_LINER_HIGH,"[[6.123233995736766e-17,1.0,0.0,0.065],[-1.0,6.123233995736766e-17,0.0,-0.04],[0.0,0.0,1.0,-0.002],[0.0,0.0,0.0,1.0]]",p_S_m = R_S_step * p_step_m + t_S_m,STEP_LOCAL:TRUNK_3_LINER_HIGH,S,m,mm,True,False,False,False,True
parking,TRUNK_3_SCREW_0,"[[1.0,0.0,0.0,0.057],[0.0,1.0,0.0,-0.04],[0.0,0.0,1.0,0.002],[0.0,0.0,0.0,1.0]]",p_S_m = R_S_step * p_step_m + t_S_m,STEP_LOCAL:TRUNK_3_SCREW_0,S,m,mm,True,False,False,False,True
parking,TRUNK_3_WASHER_0,"[[1.0,0.0,0.0,-0.043000000000000003],[0.0,1.0,0.0,-0.08600000000000001],[0.0,0.0,1.0,0.0],[0.0,0.0,0.0,1.0]]",p_S_m = R_S_step * p_step_m + t_S_m,STEP_LOCAL:TRUNK_3_WASHER_0,S,m,mm,True,False,False,False,True
parking,TRUNK_3_NUT_0,"[[1.0,0.0,0.0,-0.043000000000000003],[0.0,1.0,0.0,-0.08600000000000001],[0.0,0.0,1.0,0.0],[0.0,0.0,0.0,1.0]]",p_S_m = R_S_step * p_step_m + t_S_m,STEP_LOCAL:TRUNK_3_NUT_0,S,m,mm,True,False,False,False,True
parking,TRUNK_3_SCREW_1,"[[1.0,0.0,0.0,0.073],[0.0,1.0,0.0,-0.04],[0.0,0.0,1.0,0.002],[0.0,0.0,0.0,1.0]]",p_S_m = R_S_step * p_step_m + t_S_m,STEP_LOCAL:TRUNK_3_SCREW_1,S,m,mm,True,False,False,False,True
parking,TRUNK_3_WASHER_1,"[[1.0,0.0,0.0,-0.027],[0.0,1.0,0.0,-0.08600000000000001],[0.0,0.0,1.0,0.0],[0.0,0.0,0.0,1.0]]",p_S_m = R_S_step * p_step_m + t_S_m,STEP_LOCAL:TRUNK_3_WASHER_1,S,m,mm,True,False,False,False,True
parking,TRUNK_3_NUT_1,"[[1.0,0.0,0.0,-0.027],[0.0,1.0,0.0,-0.08600000000000001],[0.0,0.0,1.0,0.0],[0.0,0.0,0.0,1.0]]",p_S_m = R_S_step * p_step_m + t_S_m,STEP_LOCAL:TRUNK_3_NUT_1,S,m,mm,True,False,False,False,True
parking,TRUNK_HIGH_FOOT_SCREW_0,"[[1.0,0.0,0.0,-0.105],[0.0,1.0,0.0,-0.011],[0.0,0.0,1.0,-0.0055],[0.0,0.0,0.0,1.0]]",p_S_m = R_S_step * p_step_m + t_S_m,STEP_LOCAL:TRUNK_HIGH_FOOT_SCREW_0,S,m,mm,True,False,False,False,True
parking,TRUNK_HIGH_FOOT_WASHER_0,"[[1.0,0.0,0.0,-0.20500000000000002],[0.0,1.0,0.0,-0.057],[0.0,0.0,1.0,0.0],[0.0,0.0,0.0,1.0]]",p_S_m = R_S_step * p_step_m + t_S_m,STEP_LOCAL:TRUNK_HIGH_FOOT_WASHER_0,S,m,mm,True,False,False,False,True
parking,TRUNK_HIGH_FOOT_NUT_0,"[[1.0,0.0,0.0,-0.20500000000000002],[0.0,1.0,0.0,-0.057],[0.0,0.0,1.0,0.0],[0.0,0.0,0.0,1.0]]",p_S_m = R_S_step * p_step_m + t_S_m,STEP_LOCAL:TRUNK_HIGH_FOOT_NUT_0,S,m,mm,True,False,False,False,True
parking,TRUNK_HIGH_FOOT_SCREW_1,"[[1.0,0.0,0.0,-0.085],[0.0,1.0,0.0,-0.011],[0.0,0.0,1.0,-0.0055],[0.0,0.0,0.0,1.0]]",p_S_m = R_S_step * p_step_m + t_S_m,STEP_LOCAL:TRUNK_HIGH_FOOT_SCREW_1,S,m,mm,True,False,False,False,True
parking,TRUNK_HIGH_FOOT_WASHER_1,"[[1.0,0.0,0.0,-0.185],[0.0,1.0,0.0,-0.057],[0.0,0.0,1.0,0.0],[0.0,0.0,0.0,1.0]]",p_S_m = R_S_step * p_step_m + t_S_m,STEP_LOCAL:TRUNK_HIGH_FOOT_WASHER_1,S,m,mm,True,False,False,False,True
parking,TRUNK_HIGH_FOOT_NUT_1,"[[1.0,0.0,0.0,-0.185],[0.0,1.0,0.0,-0.057],[0.0,0.0,1.0,0.0],[0.0,0.0,0.0,1.0]]",p_S_m = R_S_step * p_step_m + t_S_m,STEP_LOCAL:TRUNK_HIGH_FOOT_NUT_1,S,m,mm,True,False,False,False,True
parking,ROOT_BUSH_LEFT,"[[1.0,0.0,0.0,0.065],[0.0,1.0,0.0,-0.08],[0.0,0.0,1.0,0.10715000000000001],[0.0,0.0,0.0,1.0]]",p_S_m = R_S_step * p_step_m + t_S_m,STEP_LOCAL:ROOT_BUSH_LEFT,S,m,mm,True,False,False,False,True
parking,ROOT_BUSH_RIGHT,"[[1.0,0.0,0.0,0.065],[0.0,1.0,0.0,-0.08],[0.0,0.0,1.0,0.10715000000000001],[0.0,0.0,0.0,1.0]]",p_S_m = R_S_step * p_step_m + t_S_m,STEP_LOCAL:ROOT_BUSH_RIGHT,S,m,mm,True,False,False,False,True
parking,ROOT_KEEPER,"[[1.0,0.0,0.0,0.065],[0.0,1.0,0.0,-0.08],[0.0,0.0,1.0,0.10715000000000001],[0.0,0.0,0.0,1.0]]",p_S_m = R_S_step * p_step_m + t_S_m,STEP_LOCAL:ROOT_KEEPER,S,m,mm,True,False,False,False,True
parking,ROOT_SCREW_0,"[[1.0,0.0,0.0,0.053],[0.0,1.0,0.0,-0.08],[0.0,0.0,1.0,0.10315],[0.0,0.0,0.0,1.0]]",p_S_m = R_S_step * p_step_m + t_S_m,STEP_LOCAL:ROOT_SCREW_0,S,m,mm,True,False,False,False,True
parking,ROOT_SCREW_1,"[[1.0,0.0,0.0,0.053],[0.0,1.0,0.0,-0.07],[0.0,0.0,1.0,0.10315],[0.0,0.0,0.0,1.0]]",p_S_m = R_S_step * p_step_m + t_S_m,STEP_LOCAL:ROOT_SCREW_1,S,m,mm,True,False,False,False,True
parking,C203_BODY,"[[1.0,0.0,0.0,0.0],[0.0,1.0,0.0,0.0],[0.0,0.0,1.0,0.0],[0.0,0.0,0.0,1.0]]",p_S_m = R_S_step * p_step_m + t_S_m,STEP_LOCAL:C203_BODY,S,m,mm,True,False,False,False,True
parking,C203_PCB,"[[1.0,0.0,0.0,0.0],[0.0,1.0,0.0,0.0],[0.0,0.0,1.0,0.0],[0.0,0.0,0.0,1.0]]",p_S_m = R_S_step * p_step_m + t_S_m,STEP_LOCAL:C203_PCB,S,m,mm,True,False,False,False,True
parking,C203_CARRIER,"[[1.0,0.0,0.0,0.0],[0.0,1.0,0.0,0.0],[0.0,0.0,1.0,0.0],[0.0,0.0,0.0,1.0]]",p_S_m = R_S_step * p_step_m + t_S_m,STEP_LOCAL:C203_CARRIER,S,m,mm,True,False,False,False,True
parking,C203_LOWER_A,"[[1.0,0.0,0.0,0.0],[0.0,1.0,0.0,0.0],[0.0,0.0,1.0,0.0],[0.0,0.0,0.0,1.0]]",p_S_m = R_S_step * p_step_m + t_S_m,STEP_LOCAL:C203_LOWER_A,S,m,mm,True,False,False,False,True
parking,C203_LOWER_B,"[[1.0,0.0,0.0,0.0],[0.0,1.0,0.0,0.0],[0.0,0.0,1.0,0.0],[0.0,0.0,0.0,1.0]]",p_S_m = R_S_step * p_step_m + t_S_m,STEP_LOCAL:C203_LOWER_B,S,m,mm,True,False,False,False,True
parking,C203_LINER_A_TOP,"[[1.0,0.0,0.0,0.0],[0.0,1.0,0.0,0.0],[0.0,0.0,1.0,0.0],[0.0,0.0,0.0,1.0]]",p_S_m = R_S_step * p_step_m + t_S_m,STEP_LOCAL:C203_LINER_A_TOP,S,m,mm,True,False,False,False,True
parking,C203_LINER_A_BOTTOM,"[[1.0,0.0,0.0,0.0],[0.0,1.0,0.0,0.0],[0.0,0.0,1.0,0.0],[0.0,0.0,0.0,1.0]]",p_S_m = R_S_step * p_step_m + t_S_m,STEP_LOCAL:C203_LINER_A_BOTTOM,S,m,mm,True,False,False,False,True
parking,C203_LINER_B_TOP,"[[1.0,0.0,0.0,0.0],[0.0,1.0,0.0,0.0],[0.0,0.0,1.0,0.0],[0.0,0.0,0.0,1.0]]",p_S_m = R_S_step * p_step_m + t_S_m,STEP_LOCAL:C203_LINER_B_TOP,S,m,mm,True,False,False,False,True
parking,C203_LINER_B_BOTTOM,"[[1.0,0.0,0.0,0.0],[0.0,1.0,0.0,0.0],[0.0,0.0,1.0,0.0],[0.0,0.0,0.0,1.0]]",p_S_m = R_S_step * p_step_m + t_S_m,STEP_LOCAL:C203_LINER_B_BOTTOM,S,m,mm,True,False,False,False,True
parking,C203_DECK_SCREW_0,"[[1.0,0.0,0.0,-0.048],[0.0,1.0,0.0,-0.0325],[0.0,0.0,1.0,-0.0155],[0.0,0.0,0.0,1.0]]",p_S_m = R_S_step * p_step_m + t_S_m,STEP_LOCAL:C203_DECK_SCREW_0,S,m,mm,True,False,False,False,True
parking,C203_DECK_WASHER_0,"[[1.0,0.0,0.0,-0.048],[0.0,1.0,0.0,-0.0325],[0.0,0.0,1.0,-0.0085],[0.0,0.0,0.0,1.0]]",p_S_m = R_S_step * p_step_m + t_S_m,STEP_LOCAL:C203_DECK_WASHER_0,S,m,mm,True,False,False,False,True
parking,C203_DECK_NUT_0,"[[1.0,0.0,0.0,-0.048],[0.0,1.0,0.0,-0.0325],[0.0,0.0,1.0,-0.008],[0.0,0.0,0.0,1.0]]",p_S_m = R_S_step * p_step_m + t_S_m,STEP_LOCAL:C203_DECK_NUT_0,S,m,mm,True,False,False,False,True
parking,C203_DECK_SCREW_1,"[[1.0,0.0,0.0,-0.048],[0.0,1.0,0.0,0.0325],[0.0,0.0,1.0,-0.0155],[0.0,0.0,0.0,1.0]]",p_S_m = R_S_step * p_step_m + t_S_m,STEP_LOCAL:C203_DECK_SCREW_1,S,m,mm,True,False,False,False,True
parking,C203_DECK_WASHER_1,"[[1.0,0.0,0.0,-0.048],[0.0,1.0,0.0,0.0325],[0.0,0.0,1.0,-0.0085],[0.0,0.0,0.0,1.0]]",p_S_m = R_S_step * p_step_m + t_S_m,STEP_LOCAL:C203_DECK_WASHER_1,S,m,mm,True,False,False,False,True
parking,C203_DECK_NUT_1,"[[1.0,0.0,0.0,-0.048],[0.0,1.0,0.0,0.0325],[0.0,0.0,1.0,-0.008],[0.0,0.0,0.0,1.0]]",p_S_m = R_S_step * p_step_m + t_S_m,STEP_LOCAL:C203_DECK_NUT_1,S,m,mm,True,False,False,False,True
parking,C203_DECK_SCREW_2,"[[1.0,0.0,0.0,-0.02],[0.0,1.0,0.0,-0.0325],[0.0,0.0,1.0,-0.0155],[0.0,0.0,0.0,1.0]]",p_S_m = R_S_step * p_step_m + t_S_m,STEP_LOCAL:C203_DECK_SCREW_2,S,m,mm,True,False,False,False,True
parking,C203_DECK_WASHER_2,"[[1.0,0.0,0.0,-0.02],[0.0,1.0,0.0,-0.0325],[0.0,0.0,1.0,-0.0085],[0.0,0.0,0.0,1.0]]",p_S_m = R_S_step * p_step_m + t_S_m,STEP_LOCAL:C203_DECK_WASHER_2,S,m,mm,True,False,False,False,True
parking,C203_DECK_NUT_2,"[[1.0,0.0,0.0,-0.02],[0.0,1.0,0.0,-0.0325],[0.0,0.0,1.0,-0.008],[0.0,0.0,0.0,1.0]]",p_S_m = R_S_step * p_step_m + t_S_m,STEP_LOCAL:C203_DECK_NUT_2,S,m,mm,True,False,False,False,True
parking,C203_DECK_SCREW_3,"[[1.0,0.0,0.0,-0.02],[0.0,1.0,0.0,0.0325],[0.0,0.0,1.0,-0.0155],[0.0,0.0,0.0,1.0]]",p_S_m = R_S_step * p_step_m + t_S_m,STEP_LOCAL:C203_DECK_SCREW_3,S,m,mm,True,False,False,False,True
parking,C203_DECK_WASHER_3,"[[1.0,0.0,0.0,-0.02],[0.0,1.0,0.0,0.0325],[0.0,0.0,1.0,-0.0085],[0.0,0.0,0.0,1.0]]",p_S_m = R_S_step * p_step_m + t_S_m,STEP_LOCAL:C203_DECK_WASHER_3,S,m,mm,True,False,False,False,True
parking,C203_DECK_NUT_3,"[[1.0,0.0,0.0,-0.02],[0.0,1.0,0.0,0.0325],[0.0,0.0,1.0,-0.008],[0.0,0.0,0.0,1.0]]",p_S_m = R_S_step * p_step_m + t_S_m,STEP_LOCAL:C203_DECK_NUT_3,S,m,mm,True,False,False,False,True
parking,C203_CLAMP_SCREW_0,"[[1.0,0.0,0.0,-0.048],[0.0,1.0,0.0,-0.0225],[0.0,0.0,1.0,-0.054],[0.0,0.0,0.0,1.0]]",p_S_m = R_S_step * p_step_m + t_S_m,STEP_LOCAL:C203_CLAMP_SCREW_0,S,m,mm,True,False,False,False,True
parking,C203_CLAMP_SCREW_1,"[[1.0,0.0,0.0,-0.048],[0.0,1.0,0.0,0.0225],[0.0,0.0,1.0,-0.054],[0.0,0.0,0.0,1.0]]",p_S_m = R_S_step * p_step_m + t_S_m,STEP_LOCAL:C203_CLAMP_SCREW_1,S,m,mm,True,False,False,False,True
parking,C203_CLAMP_SCREW_2,"[[1.0,0.0,0.0,-0.02],[0.0,1.0,0.0,-0.0225],[0.0,0.0,1.0,-0.054],[0.0,0.0,0.0,1.0]]",p_S_m = R_S_step * p_step_m + t_S_m,STEP_LOCAL:C203_CLAMP_SCREW_2,S,m,mm,True,False,False,False,True
parking,C203_CLAMP_SCREW_3,"[[1.0,0.0,0.0,-0.02],[0.0,1.0,0.0,0.0225],[0.0,0.0,1.0,-0.054],[0.0,0.0,0.0,1.0]]",p_S_m = R_S_step * p_step_m + t_S_m,STEP_LOCAL:C203_CLAMP_SCREW_3,S,m,mm,True,False,False,False,True
parking,C203_BOARD_SCREW_0,"[[0,0,-1,-0.005540000000000001],[1,0,0,-0.02],[0,-1,0,-0.069],[0,0,0,1]]",p_S_m = R_S_step * p_step_m + t_S_m,STEP_LOCAL:C203_BOARD_SCREW_0,S,m,mm,True,False,False,False,True
parking,C203_BOARD_SCREW_1,"[[0,0,-1,-0.005540000000000001],[1,0,0,-0.02],[0,-1,0,-0.031],[0,0,0,1]]",p_S_m = R_S_step * p_step_m + t_S_m,STEP_LOCAL:C203_BOARD_SCREW_1,S,m,mm,True,False,False,False,True
parking,C203_BOARD_SCREW_2,"[[0,0,-1,-0.005540000000000001],[1,0,0,0.02],[0,-1,0,-0.069],[0,0,0,1]]",p_S_m = R_S_step * p_step_m + t_S_m,STEP_LOCAL:C203_BOARD_SCREW_2,S,m,mm,True,False,False,False,True
parking,C203_BOARD_SCREW_3,"[[0,0,-1,-0.005540000000000001],[1,0,0,0.02],[0,-1,0,-0.031],[0,0,0,1]]",p_S_m = R_S_step * p_step_m + t_S_m,STEP_LOCAL:C203_BOARD_SCREW_3,S,m,mm,True,False,False,False,True
parking,CHB_INPUT_PCB,"[[1.0,0.0,0.0,0.0],[0.0,1.0,0.0,0.0],[0.0,0.0,1.0,0.0],[0.0,0.0,0.0,1.0]]",p_S_m = R_S_step * p_step_m + t_S_m,STEP_LOCAL:CHB_INPUT_PCB,S,m,mm,True,False,False,False,True
parking,CHB_INPUT_SPACER_0,"[[1.0,0.0,0.0,-0.04913000000000001],[0.0,1.0,0.0,-0.0254],[0.0,0.0,1.0,-0.08395000000000001],[0.0,0.0,0.0,1.0]]",p_S_m = R_S_step * p_step_m + t_S_m,STEP_LOCAL:CHB_INPUT_SPACER_0,S,m,mm,True,False,False,False,True
parking,CHB_INPUT_SCREW_0,"[[1.0,0.0,0.0,-0.04913000000000001],[0.0,1.0,0.0,-0.0254],[0.0,0.0,1.0,-0.07970000000000001],[0.0,0.0,0.0,1.0]]",p_S_m = R_S_step * p_step_m + t_S_m,STEP_LOCAL:CHB_INPUT_SCREW_0,S,m,mm,True,False,False,False,True
parking,CHB_INPUT_SPACER_1,"[[1.0,0.0,0.0,-0.04913000000000001],[0.0,1.0,0.0,0.0254],[0.0,0.0,1.0,-0.08395000000000001],[0.0,0.0,0.0,1.0]]",p_S_m = R_S_step * p_step_m + t_S_m,STEP_LOCAL:CHB_INPUT_SPACER_1,S,m,mm,True,False,False,False,True
parking,CHB_INPUT_SCREW_1,"[[1.0,0.0,0.0,-0.04913000000000001],[0.0,1.0,0.0,0.0254],[0.0,0.0,1.0,-0.07970000000000001],[0.0,0.0,0.0,1.0]]",p_S_m = R_S_step * p_step_m + t_S_m,STEP_LOCAL:CHB_INPUT_SCREW_1,S,m,mm,True,False,False,False,True
parking,C203_W_PLUS,"[[1.0,0.0,0.0,0.0],[0.0,1.0,0.0,0.0],[0.0,0.0,1.0,0.0],[0.0,0.0,0.0,1.0]]",p_S_m = R_S_step * p_step_m + t_S_m,STEP_LOCAL:C203_W_PLUS,S,m,mm,True,False,False,False,True
parking,C203_W_MINUS,"[[1.0,0.0,0.0,0.0],[0.0,1.0,0.0,0.0],[0.0,0.0,1.0,0.0],[0.0,0.0,0.0,1.0]]",p_S_m = R_S_step * p_step_m + t_S_m,STEP_LOCAL:C203_W_MINUS,S,m,mm,True,False,False,False,True
parking,C203_LACE_PLUS,"[[1,0,0,0.0],[0,1,0,0.0],[0,0,1,0.0],[0,0,0,1]]",p_S_m = R_S_step * p_step_m + t_S_m,STEP_LOCAL:C203_LACE_PLUS,S,m,mm,True,False,False,False,True
parking,C203_LACE_MINUS,"[[1,0,0,0.0],[0,1,0,0.0],[0,0,1,0.0],[0,0,0,1]]",p_S_m = R_S_step * p_step_m + t_S_m,STEP_LOCAL:C203_LACE_MINUS,S,m,mm,True,False,False,False,True
released,RB_longeron_-1_-1,"[[1.0,0.0,0.0,0.0],[0.0,1.0,0.0,-0.10715000000000001],[0.0,0.0,1.0,-0.10715000000000001],[0.0,0.0,0.0,1.0]]",p_S_m = R_S_step * p_step_m + t_S_m,STEP_LOCAL:RB_longeron_-1_-1,S,m,mm,True,True,True,False,True
released,RB_longeron_-1_1,"[[1.0,0.0,0.0,0.0],[0.0,1.0,0.0,-0.10715000000000001],[0.0,0.0,1.0,0.10715000000000001],[0.0,0.0,0.0,1.0]]",p_S_m = R_S_step * p_step_m + t_S_m,STEP_LOCAL:RB_longeron_-1_1,S,m,mm,True,True,True,False,True
released,RB_longeron_1_-1,"[[1.0,0.0,0.0,0.0],[0.0,1.0,0.0,0.10715000000000001],[0.0,0.0,1.0,-0.10715000000000001],[0.0,0.0,0.0,1.0]]",p_S_m = R_S_step * p_step_m + t_S_m,STEP_LOCAL:RB_longeron_1_-1,S,m,mm,True,True,True,False,True
released,RB_longeron_1_1,"[[1.0,0.0,0.0,0.0],[0.0,1.0,0.0,0.10715000000000001],[0.0,0.0,1.0,0.10715000000000001],[0.0,0.0,0.0,1.0]]",p_S_m = R_S_step * p_step_m + t_S_m,STEP_LOCAL:RB_longeron_1_1,S,m,mm,True,True,True,False,True
released,RB_end_frame_-1,"[[1.0,0.0,0.0,-0.18],[0.0,1.0,0.0,0.0],[0.0,0.0,1.0,0.0],[0.0,0.0,0.0,1.0]]",p_S_m = R_S_step * p_step_m + t_S_m,STEP_LOCAL:RB_end_frame_-1,S,m,mm,True,True,True,False,True
released,RB_end_plug_-1_-1_-1,"[[1.0,0.0,0.0,-0.167],[0.0,1.0,0.0,-0.10715000000000001],[0.0,0.0,1.0,-0.10715000000000001],[0.0,0.0,0.0,1.0]]",p_S_m = R_S_step * p_step_m + t_S_m,STEP_LOCAL:RB_end_plug_-1_-1_-1,S,m,mm,True,True,True,False,True
released,RB_end_screw_-1_-1_-1,"[[0.0,0.0,-1.0,-0.19],[0.0,-1.0,0.0,-0.10715000000000001],[-1.0,0.0,0.0,-0.10715000000000001],[0.0,0.0,0.0,1.0]]",p_S_m = R_S_step * p_step_m + t_S_m,STEP_LOCAL:RB_end_screw_-1_-1_-1,S,m,mm,True,True,True,False,True
released,RB_end_plug_-1_-1_1,"[[1.0,0.0,0.0,-0.167],[0.0,1.0,0.0,-0.10715000000000001],[0.0,0.0,1.0,0.10715000000000001],[0.0,0.0,0.0,1.0]]",p_S_m = R_S_step * p_step_m + t_S_m,STEP_LOCAL:RB_end_plug_-1_-1_1,S,m,mm,True,True,True,False,True
released,RB_end_screw_-1_-1_1,"[[0.0,0.0,-1.0,-0.19],[0.0,-1.0,0.0,-0.10715000000000001],[-1.0,0.0,0.0,0.10715000000000001],[0.0,0.0,0.0,1.0]]",p_S_m = R_S_step * p_step_m + t_S_m,STEP_LOCAL:RB_end_screw_-1_-1_1,S,m,mm,True,True,True,False,True
released,RB_end_plug_-1_1_-1,"[[1.0,0.0,0.0,-0.167],[0.0,1.0,0.0,0.10715000000000001],[0.0,0.0,1.0,-0.10715000000000001],[0.0,0.0,0.0,1.0]]",p_S_m = R_S_step * p_step_m + t_S_m,STEP_LOCAL:RB_end_plug_-1_1_-1,S,m,mm,True,True,True,False,True
released,RB_end_screw_-1_1_-1,"[[0.0,0.0,-1.0,-0.19],[0.0,-1.0,0.0,0.10715000000000001],[-1.0,0.0,0.0,-0.10715000000000001],[0.0,0.0,0.0,1.0]]",p_S_m = R_S_step * p_step_m + t_S_m,STEP_LOCAL:RB_end_screw_-1_1_-1,S,m,mm,True,True,True,False,True
released,RB_end_plug_-1_1_1,"[[1.0,0.0,0.0,-0.167],[0.0,1.0,0.0,0.10715000000000001],[0.0,0.0,1.0,0.10715000000000001],[0.0,0.0,0.0,1.0]]",p_S_m = R_S_step * p_step_m + t_S_m,STEP_LOCAL:RB_end_plug_-1_1_1,S,m,mm,True,True,True,False,True
released,RB_end_screw_-1_1_1,"[[0.0,0.0,-1.0,-0.19],[0.0,-1.0,0.0,0.10715000000000001],[-1.0,0.0,0.0,0.10715000000000001],[0.0,0.0,0.0,1.0]]",p_S_m = R_S_step * p_step_m + t_S_m,STEP_LOCAL:RB_end_screw_-1_1_1,S,m,mm,True,True,True,False,True
released,RB_end_frame_1,"[[1.0,0.0,0.0,0.18],[0.0,1.0,0.0,0.0],[0.0,0.0,1.0,0.0],[0.0,0.0,0.0,1.0]]",p_S_m = R_S_step * p_step_m + t_S_m,STEP_LOCAL:RB_end_frame_1,S,m,mm,True,True,True,False,True
released,RB_end_plug_1_-1_-1,"[[1.0,0.0,0.0,0.167],[0.0,1.0,0.0,-0.10715000000000001],[0.0,0.0,1.0,-0.10715000000000001],[0.0,0.0,0.0,1.0]]",p_S_m = R_S_step * p_step_m + t_S_m,STEP_LOCAL:RB_end_plug_1_-1_-1,S,m,mm,True,True,True,False,True
released,RB_end_screw_1_-1_-1,"[[0.0,0.0,1.0,0.183],[0.0,-1.0,0.0,-0.10715000000000001],[1.0,0.0,0.0,-0.10715000000000001],[0.0,0.0,0.0,1.0]]",p_S_m = R_S_step * p_step_m + t_S_m,STEP_LOCAL:RB_end_screw_1_-1_-1,S,m,mm,True,True,True,False,True
released,RB_end_plug_1_-1_1,"[[1.0,0.0,0.0,0.167],[0.0,1.0,0.0,-0.10715000000000001],[0.0,0.0,1.0,0.10715000000000001],[0.0,0.0,0.0,1.0]]",p_S_m = R_S_step * p_step_m + t_S_m,STEP_LOCAL:RB_end_plug_1_-1_1,S,m,mm,True,True,True,False,True
released,RB_end_screw_1_-1_1,"[[0.0,0.0,1.0,0.183],[0.0,-1.0,0.0,-0.10715000000000001],[1.0,0.0,0.0,0.10715000000000001],[0.0,0.0,0.0,1.0]]",p_S_m = R_S_step * p_step_m + t_S_m,STEP_LOCAL:RB_end_screw_1_-1_1,S,m,mm,True,True,True,False,True
released,RB_end_plug_1_1_-1,"[[1.0,0.0,0.0,0.167],[0.0,1.0,0.0,0.10715000000000001],[0.0,0.0,1.0,-0.10715000000000001],[0.0,0.0,0.0,1.0]]",p_S_m = R_S_step * p_step_m + t_S_m,STEP_LOCAL:RB_end_plug_1_1_-1,S,m,mm,True,True,True,False,True
released,RB_end_screw_1_1_-1,"[[0.0,0.0,1.0,0.183],[0.0,-1.0,0.0,0.10715000000000001],[1.0,0.0,0.0,-0.10715000000000001],[0.0,0.0,0.0,1.0]]",p_S_m = R_S_step * p_step_m + t_S_m,STEP_LOCAL:RB_end_screw_1_1_-1,S,m,mm,True,True,True,False,True
released,RB_end_plug_1_1_1,"[[1.0,0.0,0.0,0.167],[0.0,1.0,0.0,0.10715000000000001],[0.0,0.0,1.0,0.10715000000000001],[0.0,0.0,0.0,1.0]]",p_S_m = R_S_step * p_step_m + t_S_m,STEP_LOCAL:RB_end_plug_1_1_1,S,m,mm,True,True,True,False,True
released,RB_end_screw_1_1_1,"[[0.0,0.0,1.0,0.183],[0.0,-1.0,0.0,0.10715000000000001],[1.0,0.0,0.0,0.10715000000000001],[0.0,0.0,0.0,1.0]]",p_S_m = R_S_step * p_step_m + t_S_m,STEP_LOCAL:RB_end_screw_1_1_1,S,m,mm,True,True,True,False,True
released,WP01-RB-BRIDGE-R2,"[[1.0,0.0,0.0,0.0],[0.0,1.0,0.0,0.0],[0.0,0.0,1.0,0.0],[0.0,0.0,0.0,1.0]]",p_S_m = R_S_step * p_step_m + t_S_m,STEP_LOCAL:WP01-RB-BRIDGE-R2,S,m,mm,True,False,False,False,True
released,RB_upper_beam_20,"[[1.0,0.0,0.0,0.02],[0.0,1.0,0.0,0.0],[0.0,0.0,1.0,0.10115],[0.0,0.0,0.0,1.0]]",p_S_m = R_S_step * p_step_m + t_S_m,STEP_LOCAL:RB_upper_beam_20,S,m,mm,True,True,True,False,True
released,RB_lower_beam_20,"[[1.0,0.0,0.0,0.02],[0.0,1.0,0.0,0.0],[0.0,0.0,1.0,-0.10415],[0.0,0.0,0.0,1.0]]",p_S_m = R_S_step * p_step_m + t_S_m,STEP_LOCAL:RB_lower_beam_20,S,m,mm,True,True,True,False,True
released,RB_upper_beam_160,"[[1.0,0.0,0.0,0.16],[0.0,1.0,0.0,0.0],[0.0,0.0,1.0,0.10115],[0.0,0.0,0.0,1.0]]",p_S_m = R_S_step * p_step_m + t_S_m,STEP_LOCAL:RB_upper_beam_160,S,m,mm,True,True,True,False,True
released,RB_lower_beam_160,"[[1.0,0.0,0.0,0.16],[0.0,1.0,0.0,0.0],[0.0,0.0,1.0,-0.10415],[0.0,0.0,0.0,1.0]]",p_S_m = R_S_step * p_step_m + t_S_m,STEP_LOCAL:RB_lower_beam_160,S,m,mm,True,True,True,False,True
released,RB_pillar_0,"[[1.0,0.0,0.0,0.02],[0.0,1.0,0.0,-0.09415000000000001],[0.0,0.0,1.0,-0.0015],[0.0,0.0,0.0,1.0]]",p_S_m = R_S_step * p_step_m + t_S_m,STEP_LOCAL:RB_pillar_0,S,m,mm,True,True,True,False,True
released,RB_pillar_plug_0_top,"[[1.0,0.0,0.0,0.02],[0.0,1.0,0.0,-0.09415000000000001],[0.0,0.0,1.0,0.08715],[0.0,0.0,0.0,1.0]]",p_S_m = R_S_step * p_step_m + t_S_m,STEP_LOCAL:RB_pillar_plug_0_top,S,m,mm,True,True,True,False,True
released,RB_pillar_plug_0_bottom,"[[1.0,0.0,0.0,0.02],[0.0,1.0,0.0,-0.09415000000000001],[0.0,0.0,1.0,-0.09015000000000001],[0.0,0.0,0.0,1.0]]",p_S_m = R_S_step * p_step_m + t_S_m,STEP_LOCAL:RB_pillar_plug_0_bottom,S,m,mm,True,True,True,False,True
released,RB_lower_spacer_0,"[[1.0,0.0,0.0,0.02],[0.0,1.0,0.0,-0.09415000000000001],[0.0,0.0,1.0,-0.09965],[0.0,0.0,0.0,1.0]]",p_S_m = R_S_step * p_step_m + t_S_m,STEP_LOCAL:RB_lower_spacer_0,S,m,mm,True,True,True,False,True
released,RB_pillar_tierod_0,"[[1.0,0.0,0.0,0.02],[0.0,1.0,0.0,-0.09415000000000001],[0.0,0.0,1.0,0.11715],[0.0,0.0,0.0,1.0]]",p_S_m = R_S_step * p_step_m + t_S_m,STEP_LOCAL:RB_pillar_tierod_0,S,m,mm,True,True,True,False,True
released,RB_pillar_top_washer_0,"[[1.0,0.0,0.0,0.02],[0.0,1.0,0.0,-0.09415000000000001],[0.0,0.0,1.0,0.11665],[0.0,0.0,0.0,1.0]]",p_S_m = R_S_step * p_step_m + t_S_m,STEP_LOCAL:RB_pillar_top_washer_0,S,m,mm,True,True,True,False,True
released,RB_pillar_bottom_washer_0,"[[1.0,0.0,0.0,0.02],[0.0,1.0,0.0,-0.09415000000000001],[0.0,0.0,1.0,-0.10765000000000001],[0.0,0.0,0.0,1.0]]",p_S_m = R_S_step * p_step_m + t_S_m,STEP_LOCAL:RB_pillar_bottom_washer_0,S,m,mm,True,True,True,False,True
released,RB_pillar_nut_0,"[[1.0,0.0,0.0,0.02],[0.0,1.0,0.0,-0.09415000000000001],[0.0,0.0,1.0,-0.11015000000000001],[0.0,0.0,0.0,1.0]]",p_S_m = R_S_step * p_step_m + t_S_m,STEP_LOCAL:RB_pillar_nut_0,S,m,mm,True,True,True,False,True
released,RB_pillar_1,"[[1.0,0.0,0.0,0.02],[0.0,1.0,0.0,0.09415000000000001],[0.0,0.0,1.0,-0.0015],[0.0,0.0,0.0,1.0]]",p_S_m = R_S_step * p_step_m + t_S_m,STEP_LOCAL:RB_pillar_1,S,m,mm,True,True,True,False,True
released,RB_pillar_plug_1_top,"[[1.0,0.0,0.0,0.02],[0.0,1.0,0.0,0.09415000000000001],[0.0,0.0,1.0,0.08715],[0.0,0.0,0.0,1.0]]",p_S_m = R_S_step * p_step_m + t_S_m,STEP_LOCAL:RB_pillar_plug_1_top,S,m,mm,True,True,True,False,True
released,RB_pillar_plug_1_bottom,"[[1.0,0.0,0.0,0.02],[0.0,1.0,0.0,0.09415000000000001],[0.0,0.0,1.0,-0.09015000000000001],[0.0,0.0,0.0,1.0]]",p_S_m = R_S_step * p_step_m + t_S_m,STEP_LOCAL:RB_pillar_plug_1_bottom,S,m,mm,True,True,True,False,True
released,RB_lower_spacer_1,"[[1.0,0.0,0.0,0.02],[0.0,1.0,0.0,0.09415000000000001],[0.0,0.0,1.0,-0.09965],[0.0,0.0,0.0,1.0]]",p_S_m = R_S_step * p_step_m + t_S_m,STEP_LOCAL:RB_lower_spacer_1,S,m,mm,True,True,True,False,True
released,RB_pillar_tierod_1,"[[1.0,0.0,0.0,0.02],[0.0,1.0,0.0,0.09415000000000001],[0.0,0.0,1.0,0.11715],[0.0,0.0,0.0,1.0]]",p_S_m = R_S_step * p_step_m + t_S_m,STEP_LOCAL:RB_pillar_tierod_1,S,m,mm,True,True,True,False,True
released,RB_pillar_top_washer_1,"[[1.0,0.0,0.0,0.02],[0.0,1.0,0.0,0.09415000000000001],[0.0,0.0,1.0,0.11665],[0.0,0.0,0.0,1.0]]",p_S_m = R_S_step * p_step_m + t_S_m,STEP_LOCAL:RB_pillar_top_washer_1,S,m,mm,True,True,True,False,True
released,RB_pillar_bottom_washer_1,"[[1.0,0.0,0.0,0.02],[0.0,1.0,0.0,0.09415000000000001],[0.0,0.0,1.0,-0.10765000000000001],[0.0,0.0,0.0,1.0]]",p_S_m = R_S_step * p_step_m + t_S_m,STEP_LOCAL:RB_pillar_bottom_washer_1,S,m,mm,True,True,True,False,True
released,RB_pillar_nut_1,"[[1.0,0.0,0.0,0.02],[0.0,1.0,0.0,0.09415000000000001],[0.0,0.0,1.0,-0.11015000000000001],[0.0,0.0,0.0,1.0]]",p_S_m = R_S_step * p_step_m + t_S_m,STEP_LOCAL:RB_pillar_nut_1,S,m,mm,True,True,True,False,True
released,RB_pillar_2,"[[1.0,0.0,0.0,0.16],[0.0,1.0,0.0,-0.09415000000000001],[0.0,0.0,1.0,-0.0015],[0.0,0.0,0.0,1.0]]",p_S_m = R_S_step * p_step_m + t_S_m,STEP_LOCAL:RB_pillar_2,S,m,mm,True,True,True,False,True
released,RB_pillar_plug_2_top,"[[1.0,0.0,0.0,0.16],[0.0,1.0,0.0,-0.09415000000000001],[0.0,0.0,1.0,0.08715],[0.0,0.0,0.0,1.0]]",p_S_m = R_S_step * p_step_m + t_S_m,STEP_LOCAL:RB_pillar_plug_2_top,S,m,mm,True,True,True,False,True
released,RB_pillar_plug_2_bottom,"[[1.0,0.0,0.0,0.16],[0.0,1.0,0.0,-0.09415000000000001],[0.0,0.0,1.0,-0.09015000000000001],[0.0,0.0,0.0,1.0]]",p_S_m = R_S_step * p_step_m + t_S_m,STEP_LOCAL:RB_pillar_plug_2_bottom,S,m,mm,True,True,True,False,True
released,RB_lower_spacer_2,"[[1.0,0.0,0.0,0.16],[0.0,1.0,0.0,-0.09415000000000001],[0.0,0.0,1.0,-0.09965],[0.0,0.0,0.0,1.0]]",p_S_m = R_S_step * p_step_m + t_S_m,STEP_LOCAL:RB_lower_spacer_2,S,m,mm,True,True,True,False,True
released,RB_pillar_tierod_2,"[[1.0,0.0,0.0,0.16],[0.0,1.0,0.0,-0.09415000000000001],[0.0,0.0,1.0,0.11715],[0.0,0.0,0.0,1.0]]",p_S_m = R_S_step * p_step_m + t_S_m,STEP_LOCAL:RB_pillar_tierod_2,S,m,mm,True,True,True,False,True
released,RB_pillar_top_washer_2,"[[1.0,0.0,0.0,0.16],[0.0,1.0,0.0,-0.09415000000000001],[0.0,0.0,1.0,0.11665],[0.0,0.0,0.0,1.0]]",p_S_m = R_S_step * p_step_m + t_S_m,STEP_LOCAL:RB_pillar_top_washer_2,S,m,mm,True,True,True,False,True
released,RB_pillar_bottom_washer_2,"[[1.0,0.0,0.0,0.16],[0.0,1.0,0.0,-0.09415000000000001],[0.0,0.0,1.0,-0.10765000000000001],[0.0,0.0,0.0,1.0]]",p_S_m = R_S_step * p_step_m + t_S_m,STEP_LOCAL:RB_pillar_bottom_washer_2,S,m,mm,True,True,True,False,True
released,RB_pillar_nut_2,"[[1.0,0.0,0.0,0.16],[0.0,1.0,0.0,-0.09415000000000001],[0.0,0.0,1.0,-0.11015000000000001],[0.0,0.0,0.0,1.0]]",p_S_m = R_S_step * p_step_m + t_S_m,STEP_LOCAL:RB_pillar_nut_2,S,m,mm,True,True,True,False,True
released,RB_pillar_3,"[[1.0,0.0,0.0,0.16],[0.0,1.0,0.0,0.09415000000000001],[0.0,0.0,1.0,-0.0015],[0.0,0.0,0.0,1.0]]",p_S_m = R_S_step * p_step_m + t_S_m,STEP_LOCAL:RB_pillar_3,S,m,mm,True,True,True,False,True
released,RB_pillar_plug_3_top,"[[1.0,0.0,0.0,0.16],[0.0,1.0,0.0,0.09415000000000001],[0.0,0.0,1.0,0.08715],[0.0,0.0,0.0,1.0]]",p_S_m = R_S_step * p_step_m + t_S_m,STEP_LOCAL:RB_pillar_plug_3_top,S,m,mm,True,True,True,False,True
released,RB_pillar_plug_3_bottom,"[[1.0,0.0,0.0,0.16],[0.0,1.0,0.0,0.09415000000000001],[0.0,0.0,1.0,-0.09015000000000001],[0.0,0.0,0.0,1.0]]",p_S_m = R_S_step * p_step_m + t_S_m,STEP_LOCAL:RB_pillar_plug_3_bottom,S,m,mm,True,True,True,False,True
released,RB_lower_spacer_3,"[[1.0,0.0,0.0,0.16],[0.0,1.0,0.0,0.09415000000000001],[0.0,0.0,1.0,-0.09965],[0.0,0.0,0.0,1.0]]",p_S_m = R_S_step * p_step_m + t_S_m,STEP_LOCAL:RB_lower_spacer_3,S,m,mm,True,True,True,False,True
released,RB_pillar_tierod_3,"[[1.0,0.0,0.0,0.16],[0.0,1.0,0.0,0.09415000000000001],[0.0,0.0,1.0,0.11715],[0.0,0.0,0.0,1.0]]",p_S_m = R_S_step * p_step_m + t_S_m,STEP_LOCAL:RB_pillar_tierod_3,S,m,mm,True,True,True,False,True
released,RB_pillar_top_washer_3,"[[1.0,0.0,0.0,0.16],[0.0,1.0,0.0,0.09415000000000001],[0.0,0.0,1.0,0.11665],[0.0,0.0,0.0,1.0]]",p_S_m = R_S_step * p_step_m + t_S_m,STEP_LOCAL:RB_pillar_top_washer_3,S,m,mm,True,True,True,False,True
released,RB_pillar_bottom_washer_3,"[[1.0,0.0,0.0,0.16],[0.0,1.0,0.0,0.09415000000000001],[0.0,0.0,1.0,-0.10765000000000001],[0.0,0.0,0.0,1.0]]",p_S_m = R_S_step * p_step_m + t_S_m,STEP_LOCAL:RB_pillar_bottom_washer_3,S,m,mm,True,True,True,False,True
released,RB_pillar_nut_3,"[[1.0,0.0,0.0,0.16],[0.0,1.0,0.0,0.09415000000000001],[0.0,0.0,1.0,-0.11015000000000001],[0.0,0.0,0.0,1.0]]",p_S_m = R_S_step * p_step_m + t_S_m,STEP_LOCAL:RB_pillar_nut_3,S,m,mm,True,True,True,False,True
released,WP01-MT-M3RA-REUSED,"[[1.0,0.0,0.0,0.09],[0.0,1.0,0.0,0.0],[0.0,0.0,1.0,0.12515],[0.0,0.0,0.0,1.0]]",p_S_m = R_S_step * p_step_m + t_S_m,STEP_LOCAL:WP01-MT-M3RA-REUSED,S,m,mm,True,True,True,False,True
released,WP01-MT-M3RB-REUSED,"[[1.0,0.0,0.0,0.0],[0.0,1.0,0.0,0.0],[0.0,0.0,1.0,0.0],[0.0,0.0,0.0,1.0]]",p_S_m = R_S_step * p_step_m + t_S_m,STEP_LOCAL:WP01-MT-M3RB-REUSED,S,m,mm,True,False,False,False,True
released,M6_top_washer_-70_-70,"[[1.0,0.0,0.0,0.02],[0.0,1.0,0.0,-0.07],[0.0,0.0,1.0,0.12565],[0.0,0.0,0.0,1.0]]",p_S_m = R_S_step * p_step_m + t_S_m,STEP_LOCAL:M6_top_washer_-70_-70,S,m,mm,True,True,True,False,True
released,M6_root_bolt_-70_-70,"[[1.0,0.0,0.0,0.02],[0.0,1.0,0.0,-0.07],[0.0,0.0,1.0,0.12615],[0.0,0.0,0.0,1.0]]",p_S_m = R_S_step * p_step_m + t_S_m,STEP_LOCAL:M6_root_bolt_-70_-70,S,m,mm,True,True,True,False,True
released,M6_bottom_washer_-70_-70,"[[1.0,0.0,0.0,0.02],[0.0,1.0,0.0,-0.07],[0.0,0.0,1.0,0.09465000000000001],[0.0,0.0,0.0,1.0]]",p_S_m = R_S_step * p_step_m + t_S_m,STEP_LOCAL:M6_bottom_washer_-70_-70,S,m,mm,True,True,True,False,True
released,M6_root_nut_-70_-70,"[[1.0,0.0,0.0,0.02],[0.0,1.0,0.0,-0.07],[0.0,0.0,1.0,0.09115000000000001],[0.0,0.0,0.0,1.0]]",p_S_m = R_S_step * p_step_m + t_S_m,STEP_LOCAL:M6_root_nut_-70_-70,S,m,mm,True,True,True,False,True
released,M6_top_washer_70_-70,"[[1.0,0.0,0.0,0.16],[0.0,1.0,0.0,-0.07],[0.0,0.0,1.0,0.12565],[0.0,0.0,0.0,1.0]]",p_S_m = R_S_step * p_step_m + t_S_m,STEP_LOCAL:M6_top_washer_70_-70,S,m,mm,True,True,True,False,True
released,M6_root_bolt_70_-70,"[[1.0,0.0,0.0,0.16],[0.0,1.0,0.0,-0.07],[0.0,0.0,1.0,0.12615],[0.0,0.0,0.0,1.0]]",p_S_m = R_S_step * p_step_m + t_S_m,STEP_LOCAL:M6_root_bolt_70_-70,S,m,mm,True,True,True,False,True
released,M6_bottom_washer_70_-70,"[[1.0,0.0,0.0,0.16],[0.0,1.0,0.0,-0.07],[0.0,0.0,1.0,0.09465000000000001],[0.0,0.0,0.0,1.0]]",p_S_m = R_S_step * p_step_m + t_S_m,STEP_LOCAL:M6_bottom_washer_70_-70,S,m,mm,True,True,True,False,True
released,M6_root_nut_70_-70,"[[1.0,0.0,0.0,0.16],[0.0,1.0,0.0,-0.07],[0.0,0.0,1.0,0.09115000000000001],[0.0,0.0,0.0,1.0]]",p_S_m = R_S_step * p_step_m + t_S_m,STEP_LOCAL:M6_root_nut_70_-70,S,m,mm,True,True,True,False,True
released,M6_top_washer_-70_70,"[[1.0,0.0,0.0,0.02],[0.0,1.0,0.0,0.07],[0.0,0.0,1.0,0.12565],[0.0,0.0,0.0,1.0]]",p_S_m = R_S_step * p_step_m + t_S_m,STEP_LOCAL:M6_top_washer_-70_70,S,m,mm,True,True,True,False,True
released,M6_root_bolt_-70_70,"[[1.0,0.0,0.0,0.02],[0.0,1.0,0.0,0.07],[0.0,0.0,1.0,0.12615],[0.0,0.0,0.0,1.0]]",p_S_m = R_S_step * p_step_m + t_S_m,STEP_LOCAL:M6_root_bolt_-70_70,S,m,mm,True,True,True,False,True
released,M6_bottom_washer_-70_70,"[[1.0,0.0,0.0,0.02],[0.0,1.0,0.0,0.07],[0.0,0.0,1.0,0.09465000000000001],[0.0,0.0,0.0,1.0]]",p_S_m = R_S_step * p_step_m + t_S_m,STEP_LOCAL:M6_bottom_washer_-70_70,S,m,mm,True,True,True,False,True
released,M6_root_nut_-70_70,"[[1.0,0.0,0.0,0.02],[0.0,1.0,0.0,0.07],[0.0,0.0,1.0,0.09115000000000001],[0.0,0.0,0.0,1.0]]",p_S_m = R_S_step * p_step_m + t_S_m,STEP_LOCAL:M6_root_nut_-70_70,S,m,mm,True,True,True,False,True
released,M6_top_washer_70_70,"[[1.0,0.0,0.0,0.16],[0.0,1.0,0.0,0.07],[0.0,0.0,1.0,0.12565],[0.0,0.0,0.0,1.0]]",p_S_m = R_S_step * p_step_m + t_S_m,STEP_LOCAL:M6_top_washer_70_70,S,m,mm,True,True,True,False,True
released,M6_root_bolt_70_70,"[[1.0,0.0,0.0,0.16],[0.0,1.0,0.0,0.07],[0.0,0.0,1.0,0.12615],[0.0,0.0,0.0,1.0]]",p_S_m = R_S_step * p_step_m + t_S_m,STEP_LOCAL:M6_root_bolt_70_70,S,m,mm,True,True,True,False,True
released,M6_bottom_washer_70_70,"[[1.0,0.0,0.0,0.16],[0.0,1.0,0.0,0.07],[0.0,0.0,1.0,0.09465000000000001],[0.0,0.0,0.0,1.0]]",p_S_m = R_S_step * p_step_m + t_S_m,STEP_LOCAL:M6_bottom_washer_70_70,S,m,mm,True,True,True,False,True
released,M6_root_nut_70_70,"[[1.0,0.0,0.0,0.16],[0.0,1.0,0.0,0.07],[0.0,0.0,1.0,0.09115000000000001],[0.0,0.0,0.0,1.0]]",p_S_m = R_S_step * p_step_m + t_S_m,STEP_LOCAL:M6_root_nut_70_70,S,m,mm,True,True,True,False,True
released,M5_interstage_bolt_0,"[[1.0,0.0,0.0,0.14774247078195543],[0.0,1.0,0.0,0.02391771452281811],[0.0,0.0,1.0,0.128555],[0.0,0.0,0.0,1.0]]",p_S_m = R_S_step * p_step_m + t_S_m,STEP_LOCAL:M5_interstage_bolt_0,S,m,mm,True,True,True,False,True
released,M5_top_washer_0,"[[1.0,0.0,0.0,0.14774247078195543],[0.0,1.0,0.0,0.02391771452281811],[0.0,0.0,1.0,0.128055],[0.0,0.0,0.0,1.0]]",p_S_m = R_S_step * p_step_m + t_S_m,STEP_LOCAL:M5_top_washer_0,S,m,mm,True,True,True,False,True
released,M5_bottom_washer_0,"[[1.0,0.0,0.0,0.14774247078195543],[0.0,1.0,0.0,0.02391771452281811],[0.0,0.0,1.0,0.11265000000000001],[0.0,0.0,0.0,1.0]]",p_S_m = R_S_step * p_step_m + t_S_m,STEP_LOCAL:M5_bottom_washer_0,S,m,mm,True,True,True,False,True
released,M5_interstage_nut_0,"[[1.0,0.0,0.0,0.14774247078195543],[0.0,1.0,0.0,0.02391771452281811],[0.0,0.0,1.0,0.11015000000000001],[0.0,0.0,0.0,1.0]]",p_S_m = R_S_step * p_step_m + t_S_m,STEP_LOCAL:M5_interstage_nut_0,S,m,mm,True,True,True,False,True
released,M5_interstage_bolt_1,"[[1.0,0.0,0.0,0.11391771452281811],[0.0,1.0,0.0,0.05774247078195542],[0.0,0.0,1.0,0.128555],[0.0,0.0,0.0,1.0]]",p_S_m = R_S_step * p_step_m + t_S_m,STEP_LOCAL:M5_interstage_bolt_1,S,m,mm,True,True,True,False,True
released,M5_top_washer_1,"[[1.0,0.0,0.0,0.11391771452281811],[0.0,1.0,0.0,0.05774247078195542],[0.0,0.0,1.0,0.128055],[0.0,0.0,0.0,1.0]]",p_S_m = R_S_step * p_step_m + t_S_m,STEP_LOCAL:M5_top_washer_1,S,m,mm,True,True,True,False,True
released,M5_bottom_washer_1,"[[1.0,0.0,0.0,0.11391771452281811],[0.0,1.0,0.0,0.05774247078195542],[0.0,0.0,1.0,0.11265000000000001],[0.0,0.0,0.0,1.0]]",p_S_m = R_S_step * p_step_m + t_S_m,STEP_LOCAL:M5_bottom_washer_1,S,m,mm,True,True,True,False,True
released,M5_interstage_nut_1,"[[1.0,0.0,0.0,0.11391771452281811],[0.0,1.0,0.0,0.05774247078195542],[0.0,0.0,1.0,0.11015000000000001],[0.0,0.0,0.0,1.0]]",p_S_m = R_S_step * p_step_m + t_S_m,STEP_LOCAL:M5_interstage_nut_1,S,m,mm,True,True,True,False,True
released,M5_interstage_bolt_2,"[[1.0,0.0,0.0,0.0660822854771819],[0.0,1.0,0.0,0.05774247078195542],[0.0,0.0,1.0,0.128555],[0.0,0.0,0.0,1.0]]",p_S_m = R_S_step * p_step_m + t_S_m,STEP_LOCAL:M5_interstage_bolt_2,S,m,mm,True,True,True,False,True
released,M5_top_washer_2,"[[1.0,0.0,0.0,0.0660822854771819],[0.0,1.0,0.0,0.05774247078195542],[0.0,0.0,1.0,0.128055],[0.0,0.0,0.0,1.0]]",p_S_m = R_S_step * p_step_m + t_S_m,STEP_LOCAL:M5_top_washer_2,S,m,mm,True,True,True,False,True
released,M5_bottom_washer_2,"[[1.0,0.0,0.0,0.0660822854771819],[0.0,1.0,0.0,0.05774247078195542],[0.0,0.0,1.0,0.11265000000000001],[0.0,0.0,0.0,1.0]]",p_S_m = R_S_step * p_step_m + t_S_m,STEP_LOCAL:M5_bottom_washer_2,S,m,mm,True,True,True,False,True
released,M5_interstage_nut_2,"[[1.0,0.0,0.0,0.0660822854771819],[0.0,1.0,0.0,0.05774247078195542],[0.0,0.0,1.0,0.11015000000000001],[0.0,0.0,0.0,1.0]]",p_S_m = R_S_step * p_step_m + t_S_m,STEP_LOCAL:M5_interstage_nut_2,S,m,mm,True,True,True,False,True
released,M5_interstage_bolt_3,"[[1.0,0.0,0.0,0.03225752921804458],[0.0,1.0,0.0,0.023917714522818122],[0.0,0.0,1.0,0.128555],[0.0,0.0,0.0,1.0]]",p_S_m = R_S_step * p_step_m + t_S_m,STEP_LOCAL:M5_interstage_bolt_3,S,m,mm,True,True,True,False,True
released,M5_top_washer_3,"[[1.0,0.0,0.0,0.03225752921804458],[0.0,1.0,0.0,0.023917714522818122],[0.0,0.0,1.0,0.128055],[0.0,0.0,0.0,1.0]]",p_S_m = R_S_step * p_step_m + t_S_m,STEP_LOCAL:M5_top_washer_3,S,m,mm,True,True,True,False,True
released,M5_bottom_washer_3,"[[1.0,0.0,0.0,0.03225752921804458],[0.0,1.0,0.0,0.023917714522818122],[0.0,0.0,1.0,0.11265000000000001],[0.0,0.0,0.0,1.0]]",p_S_m = R_S_step * p_step_m + t_S_m,STEP_LOCAL:M5_bottom_washer_3,S,m,mm,True,True,True,False,True
released,M5_interstage_nut_3,"[[1.0,0.0,0.0,0.03225752921804458],[0.0,1.0,0.0,0.023917714522818122],[0.0,0.0,1.0,0.11015000000000001],[0.0,0.0,0.0,1.0]]",p_S_m = R_S_step * p_step_m + t_S_m,STEP_LOCAL:M5_interstage_nut_3,S,m,mm,True,True,True,False,True
released,M5_interstage_bolt_4,"[[1.0,0.0,0.0,0.032257529218044576],[0.0,1.0,0.0,-0.023917714522818104],[0.0,0.0,1.0,0.128555],[0.0,0.0,0.0,1.0]]",p_S_m = R_S_step * p_step_m + t_S_m,STEP_LOCAL:M5_interstage_bolt_4,S,m,mm,True,True,True,False,True
released,M5_top_washer_4,"[[1.0,0.0,0.0,0.032257529218044576],[0.0,1.0,0.0,-0.023917714522818104],[0.0,0.0,1.0,0.128055],[0.0,0.0,0.0,1.0]]",p_S_m = R_S_step * p_step_m + t_S_m,STEP_LOCAL:M5_top_washer_4,S,m,mm,True,True,True,False,True
released,M5_bottom_washer_4,"[[1.0,0.0,0.0,0.032257529218044576],[0.0,1.0,0.0,-0.023917714522818104],[0.0,0.0,1.0,0.11265000000000001],[0.0,0.0,0.0,1.0]]",p_S_m = R_S_step * p_step_m + t_S_m,STEP_LOCAL:M5_bottom_washer_4,S,m,mm,True,True,True,False,True
released,M5_interstage_nut_4,"[[1.0,0.0,0.0,0.032257529218044576],[0.0,1.0,0.0,-0.023917714522818104],[0.0,0.0,1.0,0.11015000000000001],[0.0,0.0,0.0,1.0]]",p_S_m = R_S_step * p_step_m + t_S_m,STEP_LOCAL:M5_interstage_nut_4,S,m,mm,True,True,True,False,True
released,M5_interstage_bolt_5,"[[1.0,0.0,0.0,0.0660822854771819],[0.0,1.0,0.0,-0.05774247078195543],[0.0,0.0,1.0,0.128555],[0.0,0.0,0.0,1.0]]",p_S_m = R_S_step * p_step_m + t_S_m,STEP_LOCAL:M5_interstage_bolt_5,S,m,mm,True,True,True,False,True
released,M5_top_washer_5,"[[1.0,0.0,0.0,0.0660822854771819],[0.0,1.0,0.0,-0.05774247078195543],[0.0,0.0,1.0,0.128055],[0.0,0.0,0.0,1.0]]",p_S_m = R_S_step * p_step_m + t_S_m,STEP_LOCAL:M5_top_washer_5,S,m,mm,True,True,True,False,True
released,M5_bottom_washer_5,"[[1.0,0.0,0.0,0.0660822854771819],[0.0,1.0,0.0,-0.05774247078195543],[0.0,0.0,1.0,0.11265000000000001],[0.0,0.0,0.0,1.0]]",p_S_m = R_S_step * p_step_m + t_S_m,STEP_LOCAL:M5_bottom_washer_5,S,m,mm,True,True,True,False,True
released,M5_interstage_nut_5,"[[1.0,0.0,0.0,0.0660822854771819],[0.0,1.0,0.0,-0.05774247078195543],[0.0,0.0,1.0,0.11015000000000001],[0.0,0.0,0.0,1.0]]",p_S_m = R_S_step * p_step_m + t_S_m,STEP_LOCAL:M5_interstage_nut_5,S,m,mm,True,True,True,False,True
released,M5_interstage_bolt_6,"[[1.0,0.0,0.0,0.11391771452281814],[0.0,1.0,0.0,-0.057742470781955414],[0.0,0.0,1.0,0.128555],[0.0,0.0,0.0,1.0]]",p_S_m = R_S_step * p_step_m + t_S_m,STEP_LOCAL:M5_interstage_bolt_6,S,m,mm,True,True,True,False,True
released,M5_top_washer_6,"[[1.0,0.0,0.0,0.11391771452281814],[0.0,1.0,0.0,-0.057742470781955414],[0.0,0.0,1.0,0.128055],[0.0,0.0,0.0,1.0]]",p_S_m = R_S_step * p_step_m + t_S_m,STEP_LOCAL:M5_top_washer_6,S,m,mm,True,True,True,False,True
released,M5_bottom_washer_6,"[[1.0,0.0,0.0,0.11391771452281814],[0.0,1.0,0.0,-0.057742470781955414],[0.0,0.0,1.0,0.11265000000000001],[0.0,0.0,0.0,1.0]]",p_S_m = R_S_step * p_step_m + t_S_m,STEP_LOCAL:M5_bottom_washer_6,S,m,mm,True,True,True,False,True
released,M5_interstage_nut_6,"[[1.0,0.0,0.0,0.11391771452281814],[0.0,1.0,0.0,-0.057742470781955414],[0.0,0.0,1.0,0.11015000000000001],[0.0,0.0,0.0,1.0]]",p_S_m = R_S_step * p_step_m + t_S_m,STEP_LOCAL:M5_interstage_nut_6,S,m,mm,True,True,True,False,True
released,M5_interstage_bolt_7,"[[1.0,0.0,0.0,0.14774247078195543],[0.0,1.0,0.0,-0.023917714522818097],[0.0,0.0,1.0,0.128555],[0.0,0.0,0.0,1.0]]",p_S_m = R_S_step * p_step_m + t_S_m,STEP_LOCAL:M5_interstage_bolt_7,S,m,mm,True,True,True,False,True
released,M5_top_washer_7,"[[1.0,0.0,0.0,0.14774247078195543],[0.0,1.0,0.0,-0.023917714522818097],[0.0,0.0,1.0,0.128055],[0.0,0.0,0.0,1.0]]",p_S_m = R_S_step * p_step_m + t_S_m,STEP_LOCAL:M5_top_washer_7,S,m,mm,True,True,True,False,True
released,M5_bottom_washer_7,"[[1.0,0.0,0.0,0.14774247078195543],[0.0,1.0,0.0,-0.023917714522818097],[0.0,0.0,1.0,0.11265000000000001],[0.0,0.0,0.0,1.0]]",p_S_m = R_S_step * p_step_m + t_S_m,STEP_LOCAL:M5_bottom_washer_7,S,m,mm,True,True,True,False,True
released,M5_interstage_nut_7,"[[1.0,0.0,0.0,0.14774247078195543],[0.0,1.0,0.0,-0.023917714522818097],[0.0,0.0,1.0,0.11015000000000001],[0.0,0.0,0.0,1.0]]",p_S_m = R_S_step * p_step_m + t_S_m,STEP_LOCAL:M5_interstage_nut_7,S,m,mm,True,True,True,False,True
released,shear_web_-1,"[[1.0,0.0,0.0,0.0],[0.0,1.0,0.0,0.0],[0.0,0.0,1.0,0.0],[0.0,0.0,0.0,1.0]]",p_S_m = R_S_step * p_step_m + t_S_m,STEP_LOCAL:shear_web_-1,S,m,mm,True,False,True,False,True
released,shear_clip_-1_-150_-94,"[[1.0,0.0,0.0,-0.15],[0.0,1.0,0.0,-0.10615000000000001],[0.0,0.0,1.0,-0.094],[0.0,0.0,0.0,1.0]]",p_S_m = R_S_step * p_step_m + t_S_m,STEP_LOCAL:shear_clip_-1_-150_-94,S,m,mm,True,True,True,False,True
released,shear_rail_screw_-1_-150_-94,"[[1.0,0.0,0.0,0.0],[0.0,1.0,0.0,0.0],[0.0,0.0,1.0,0.0],[0.0,0.0,0.0,1.0]]",p_S_m = R_S_step * p_step_m + t_S_m,STEP_LOCAL:shear_rail_screw_-1_-150_-94,S,m,mm,True,True,True,False,True
released,shear_web_screw_-1_-150_-94,"[[1.0,0.0,0.0,0.0],[0.0,1.0,0.0,0.0],[0.0,0.0,1.0,0.0],[0.0,0.0,0.0,1.0]]",p_S_m = R_S_step * p_step_m + t_S_m,STEP_LOCAL:shear_web_screw_-1_-150_-94,S,m,mm,True,True,True,False,True
released,shear_clip_-1_-150_94,"[[1.0,0.0,0.0,-0.15],[0.0,1.0,0.0,-0.10615000000000001],[0.0,0.0,1.0,0.094],[0.0,0.0,0.0,1.0]]",p_S_m = R_S_step * p_step_m + t_S_m,STEP_LOCAL:shear_clip_-1_-150_94,S,m,mm,True,True,True,False,True
released,shear_rail_screw_-1_-150_94,"[[1.0,0.0,0.0,0.0],[0.0,1.0,0.0,0.0],[0.0,0.0,1.0,0.0],[0.0,0.0,0.0,1.0]]",p_S_m = R_S_step * p_step_m + t_S_m,STEP_LOCAL:shear_rail_screw_-1_-150_94,S,m,mm,True,True,True,False,True
released,shear_web_screw_-1_-150_94,"[[1.0,0.0,0.0,0.0],[0.0,1.0,0.0,0.0],[0.0,0.0,1.0,0.0],[0.0,0.0,0.0,1.0]]",p_S_m = R_S_step * p_step_m + t_S_m,STEP_LOCAL:shear_web_screw_-1_-150_94,S,m,mm,True,True,True,False,True
released,shear_clip_-1_-90_-94,"[[1.0,0.0,0.0,-0.09],[0.0,1.0,0.0,-0.10615000000000001],[0.0,0.0,1.0,-0.094],[0.0,0.0,0.0,1.0]]",p_S_m = R_S_step * p_step_m + t_S_m,STEP_LOCAL:shear_clip_-1_-90_-94,S,m,mm,True,True,True,False,True
released,shear_rail_screw_-1_-90_-94,"[[1.0,0.0,0.0,0.0],[0.0,1.0,0.0,0.0],[0.0,0.0,1.0,0.0],[0.0,0.0,0.0,1.0]]",p_S_m = R_S_step * p_step_m + t_S_m,STEP_LOCAL:shear_rail_screw_-1_-90_-94,S,m,mm,True,True,True,False,True
released,shear_web_screw_-1_-90_-94,"[[1.0,0.0,0.0,0.0],[0.0,1.0,0.0,0.0],[0.0,0.0,1.0,0.0],[0.0,0.0,0.0,1.0]]",p_S_m = R_S_step * p_step_m + t_S_m,STEP_LOCAL:shear_web_screw_-1_-90_-94,S,m,mm,True,True,True,False,True
released,shear_clip_-1_-90_94,"[[1.0,0.0,0.0,-0.09],[0.0,1.0,0.0,-0.10615000000000001],[0.0,0.0,1.0,0.094],[0.0,0.0,0.0,1.0]]",p_S_m = R_S_step * p_step_m + t_S_m,STEP_LOCAL:shear_clip_-1_-90_94,S,m,mm,True,True,True,False,True
released,shear_rail_screw_-1_-90_94,"[[1.0,0.0,0.0,0.0],[0.0,1.0,0.0,0.0],[0.0,0.0,1.0,0.0],[0.0,0.0,0.0,1.0]]",p_S_m = R_S_step * p_step_m + t_S_m,STEP_LOCAL:shear_rail_screw_-1_-90_94,S,m,mm,True,True,True,False,True
released,shear_web_screw_-1_-90_94,"[[1.0,0.0,0.0,0.0],[0.0,1.0,0.0,0.0],[0.0,0.0,1.0,0.0],[0.0,0.0,0.0,1.0]]",p_S_m = R_S_step * p_step_m + t_S_m,STEP_LOCAL:shear_web_screw_-1_-90_94,S,m,mm,True,True,True,False,True
released,shear_clip_-1_-30_-94,"[[1.0,0.0,0.0,-0.03],[0.0,1.0,0.0,-0.10615000000000001],[0.0,0.0,1.0,-0.094],[0.0,0.0,0.0,1.0]]",p_S_m = R_S_step * p_step_m + t_S_m,STEP_LOCAL:shear_clip_-1_-30_-94,S,m,mm,True,True,True,False,True
released,shear_rail_screw_-1_-30_-94,"[[1.0,0.0,0.0,0.0],[0.0,1.0,0.0,0.0],[0.0,0.0,1.0,0.0],[0.0,0.0,0.0,1.0]]",p_S_m = R_S_step * p_step_m + t_S_m,STEP_LOCAL:shear_rail_screw_-1_-30_-94,S,m,mm,True,True,True,False,True
released,shear_web_screw_-1_-30_-94,"[[1.0,0.0,0.0,0.0],[0.0,1.0,0.0,0.0],[0.0,0.0,1.0,0.0],[0.0,0.0,0.0,1.0]]",p_S_m = R_S_step * p_step_m + t_S_m,STEP_LOCAL:shear_web_screw_-1_-30_-94,S,m,mm,True,True,True,False,True
released,shear_clip_-1_-30_94,"[[1.0,0.0,0.0,-0.03],[0.0,1.0,0.0,-0.10615000000000001],[0.0,0.0,1.0,0.094],[0.0,0.0,0.0,1.0]]",p_S_m = R_S_step * p_step_m + t_S_m,STEP_LOCAL:shear_clip_-1_-30_94,S,m,mm,True,True,True,False,True
released,shear_rail_screw_-1_-30_94,"[[1.0,0.0,0.0,0.0],[0.0,1.0,0.0,0.0],[0.0,0.0,1.0,0.0],[0.0,0.0,0.0,1.0]]",p_S_m = R_S_step * p_step_m + t_S_m,STEP_LOCAL:shear_rail_screw_-1_-30_94,S,m,mm,True,True,True,False,True
released,shear_web_screw_-1_-30_94,"[[1.0,0.0,0.0,0.0],[0.0,1.0,0.0,0.0],[0.0,0.0,1.0,0.0],[0.0,0.0,0.0,1.0]]",p_S_m = R_S_step * p_step_m + t_S_m,STEP_LOCAL:shear_web_screw_-1_-30_94,S,m,mm,True,True,True,False,True
released,shear_clip_-1_30_-94,"[[1.0,0.0,0.0,0.03],[0.0,1.0,0.0,-0.10615000000000001],[0.0,0.0,1.0,-0.094],[0.0,0.0,0.0,1.0]]",p_S_m = R_S_step * p_step_m + t_S_m,STEP_LOCAL:shear_clip_-1_30_-94,S,m,mm,True,True,True,False,True
released,shear_rail_screw_-1_30_-94,"[[1.0,0.0,0.0,0.0],[0.0,1.0,0.0,0.0],[0.0,0.0,1.0,0.0],[0.0,0.0,0.0,1.0]]",p_S_m = R_S_step * p_step_m + t_S_m,STEP_LOCAL:shear_rail_screw_-1_30_-94,S,m,mm,True,True,True,False,True
released,shear_web_screw_-1_30_-94,"[[1.0,0.0,0.0,0.0],[0.0,1.0,0.0,0.0],[0.0,0.0,1.0,0.0],[0.0,0.0,0.0,1.0]]",p_S_m = R_S_step * p_step_m + t_S_m,STEP_LOCAL:shear_web_screw_-1_30_-94,S,m,mm,True,True,True,False,True
released,shear_clip_-1_30_94,"[[1.0,0.0,0.0,0.03],[0.0,1.0,0.0,-0.10615000000000001],[0.0,0.0,1.0,0.094],[0.0,0.0,0.0,1.0]]",p_S_m = R_S_step * p_step_m + t_S_m,STEP_LOCAL:shear_clip_-1_30_94,S,m,mm,True,True,True,False,True
released,shear_rail_screw_-1_30_94,"[[1.0,0.0,0.0,0.0],[0.0,1.0,0.0,0.0],[0.0,0.0,1.0,0.0],[0.0,0.0,0.0,1.0]]",p_S_m = R_S_step * p_step_m + t_S_m,STEP_LOCAL:shear_rail_screw_-1_30_94,S,m,mm,True,True,True,False,True
released,shear_web_screw_-1_30_94,"[[1.0,0.0,0.0,0.0],[0.0,1.0,0.0,0.0],[0.0,0.0,1.0,0.0],[0.0,0.0,0.0,1.0]]",p_S_m = R_S_step * p_step_m + t_S_m,STEP_LOCAL:shear_web_screw_-1_30_94,S,m,mm,True,True,True,False,True
released,shear_clip_-1_90_-94,"[[1.0,0.0,0.0,0.09],[0.0,1.0,0.0,-0.10615000000000001],[0.0,0.0,1.0,-0.094],[0.0,0.0,0.0,1.0]]",p_S_m = R_S_step * p_step_m + t_S_m,STEP_LOCAL:shear_clip_-1_90_-94,S,m,mm,True,True,True,False,True
released,shear_rail_screw_-1_90_-94,"[[1.0,0.0,0.0,0.0],[0.0,1.0,0.0,0.0],[0.0,0.0,1.0,0.0],[0.0,0.0,0.0,1.0]]",p_S_m = R_S_step * p_step_m + t_S_m,STEP_LOCAL:shear_rail_screw_-1_90_-94,S,m,mm,True,True,True,False,True
released,shear_web_screw_-1_90_-94,"[[1.0,0.0,0.0,0.0],[0.0,1.0,0.0,0.0],[0.0,0.0,1.0,0.0],[0.0,0.0,0.0,1.0]]",p_S_m = R_S_step * p_step_m + t_S_m,STEP_LOCAL:shear_web_screw_-1_90_-94,S,m,mm,True,True,True,False,True
released,shear_clip_-1_90_94,"[[1.0,0.0,0.0,0.09],[0.0,1.0,0.0,-0.10615000000000001],[0.0,0.0,1.0,0.094],[0.0,0.0,0.0,1.0]]",p_S_m = R_S_step * p_step_m + t_S_m,STEP_LOCAL:shear_clip_-1_90_94,S,m,mm,True,True,True,False,True
released,shear_rail_screw_-1_90_94,"[[1.0,0.0,0.0,0.0],[0.0,1.0,0.0,0.0],[0.0,0.0,1.0,0.0],[0.0,0.0,0.0,1.0]]",p_S_m = R_S_step * p_step_m + t_S_m,STEP_LOCAL:shear_rail_screw_-1_90_94,S,m,mm,True,True,True,False,True
released,shear_web_screw_-1_90_94,"[[1.0,0.0,0.0,0.0],[0.0,1.0,0.0,0.0],[0.0,0.0,1.0,0.0],[0.0,0.0,0.0,1.0]]",p_S_m = R_S_step * p_step_m + t_S_m,STEP_LOCAL:shear_web_screw_-1_90_94,S,m,mm,True,True,True,False,True
released,shear_clip_-1_150_-94,"[[1.0,0.0,0.0,0.0],[0.0,1.0,0.0,0.0],[0.0,0.0,1.0,0.0],[0.0,0.0,0.0,1.0]]",p_S_m = R_S_step * p_step_m + t_S_m,STEP_LOCAL:shear_clip_-1_150_-94,S,m,mm,True,True,True,False,True
released,shear_rail_screw_-1_150_-94,"[[1.0,0.0,0.0,0.0],[0.0,1.0,0.0,0.0],[0.0,0.0,1.0,0.0],[0.0,0.0,0.0,1.0]]",p_S_m = R_S_step * p_step_m + t_S_m,STEP_LOCAL:shear_rail_screw_-1_150_-94,S,m,mm,True,True,True,False,True
released,shear_clip_-1_150_94,"[[1.0,0.0,0.0,0.0],[0.0,1.0,0.0,0.0],[0.0,0.0,1.0,0.0],[0.0,0.0,0.0,1.0]]",p_S_m = R_S_step * p_step_m + t_S_m,STEP_LOCAL:shear_clip_-1_150_94,S,m,mm,True,True,True,False,True
released,shear_rail_screw_-1_150_94,"[[1.0,0.0,0.0,0.0],[0.0,1.0,0.0,0.0],[0.0,0.0,1.0,0.0],[0.0,0.0,0.0,1.0]]",p_S_m = R_S_step * p_step_m + t_S_m,STEP_LOCAL:shear_rail_screw_-1_150_94,S,m,mm,True,True,True,False,True
released,shear_web_1,"[[1.0,0.0,0.0,0.0],[0.0,1.0,0.0,0.0],[0.0,0.0,1.0,0.0],[0.0,0.0,0.0,1.0]]",p_S_m = R_S_step * p_step_m + t_S_m,STEP_LOCAL:shear_web_1,S,m,mm,True,False,True,False,True
released,shear_clip_1_-150_-94,"[[1.0,0.0,0.0,-0.15],[0.0,1.0,0.0,0.10615000000000001],[0.0,0.0,1.0,-0.094],[0.0,0.0,0.0,1.0]]",p_S_m = R_S_step * p_step_m + t_S_m,STEP_LOCAL:shear_clip_1_-150_-94,S,m,mm,True,True,True,False,True
released,shear_rail_screw_1_-150_-94,"[[1.0,0.0,0.0,0.0],[0.0,1.0,0.0,0.0],[0.0,0.0,1.0,0.0],[0.0,0.0,0.0,1.0]]",p_S_m = R_S_step * p_step_m + t_S_m,STEP_LOCAL:shear_rail_screw_1_-150_-94,S,m,mm,True,True,True,False,True
released,shear_web_screw_1_-150_-94,"[[1.0,0.0,0.0,0.0],[0.0,1.0,0.0,0.0],[0.0,0.0,1.0,0.0],[0.0,0.0,0.0,1.0]]",p_S_m = R_S_step * p_step_m + t_S_m,STEP_LOCAL:shear_web_screw_1_-150_-94,S,m,mm,True,True,True,False,True
released,shear_clip_1_-150_94,"[[1.0,0.0,0.0,-0.15],[0.0,1.0,0.0,0.10615000000000001],[0.0,0.0,1.0,0.094],[0.0,0.0,0.0,1.0]]",p_S_m = R_S_step * p_step_m + t_S_m,STEP_LOCAL:shear_clip_1_-150_94,S,m,mm,True,True,True,False,True
released,shear_rail_screw_1_-150_94,"[[1.0,0.0,0.0,0.0],[0.0,1.0,0.0,0.0],[0.0,0.0,1.0,0.0],[0.0,0.0,0.0,1.0]]",p_S_m = R_S_step * p_step_m + t_S_m,STEP_LOCAL:shear_rail_screw_1_-150_94,S,m,mm,True,True,True,False,True
released,shear_web_screw_1_-150_94,"[[1.0,0.0,0.0,0.0],[0.0,1.0,0.0,0.0],[0.0,0.0,1.0,0.0],[0.0,0.0,0.0,1.0]]",p_S_m = R_S_step * p_step_m + t_S_m,STEP_LOCAL:shear_web_screw_1_-150_94,S,m,mm,True,True,True,False,True
released,shear_clip_1_-90_-94,"[[1.0,0.0,0.0,-0.09],[0.0,1.0,0.0,0.10615000000000001],[0.0,0.0,1.0,-0.094],[0.0,0.0,0.0,1.0]]",p_S_m = R_S_step * p_step_m + t_S_m,STEP_LOCAL:shear_clip_1_-90_-94,S,m,mm,True,True,True,False,True
released,shear_rail_screw_1_-90_-94,"[[1.0,0.0,0.0,0.0],[0.0,1.0,0.0,0.0],[0.0,0.0,1.0,0.0],[0.0,0.0,0.0,1.0]]",p_S_m = R_S_step * p_step_m + t_S_m,STEP_LOCAL:shear_rail_screw_1_-90_-94,S,m,mm,True,True,True,False,True
released,shear_web_screw_1_-90_-94,"[[1.0,0.0,0.0,0.0],[0.0,1.0,0.0,0.0],[0.0,0.0,1.0,0.0],[0.0,0.0,0.0,1.0]]",p_S_m = R_S_step * p_step_m + t_S_m,STEP_LOCAL:shear_web_screw_1_-90_-94,S,m,mm,True,True,True,False,True
released,shear_clip_1_-90_94,"[[1.0,0.0,0.0,-0.09],[0.0,1.0,0.0,0.10615000000000001],[0.0,0.0,1.0,0.094],[0.0,0.0,0.0,1.0]]",p_S_m = R_S_step * p_step_m + t_S_m,STEP_LOCAL:shear_clip_1_-90_94,S,m,mm,True,True,True,False,True
released,shear_rail_screw_1_-90_94,"[[1.0,0.0,0.0,0.0],[0.0,1.0,0.0,0.0],[0.0,0.0,1.0,0.0],[0.0,0.0,0.0,1.0]]",p_S_m = R_S_step * p_step_m + t_S_m,STEP_LOCAL:shear_rail_screw_1_-90_94,S,m,mm,True,True,True,False,True
released,shear_web_screw_1_-90_94,"[[1.0,0.0,0.0,0.0],[0.0,1.0,0.0,0.0],[0.0,0.0,1.0,0.0],[0.0,0.0,0.0,1.0]]",p_S_m = R_S_step * p_step_m + t_S_m,STEP_LOCAL:shear_web_screw_1_-90_94,S,m,mm,True,True,True,False,True
released,shear_clip_1_-30_-94,"[[1.0,0.0,0.0,-0.03],[0.0,1.0,0.0,0.10615000000000001],[0.0,0.0,1.0,-0.094],[0.0,0.0,0.0,1.0]]",p_S_m = R_S_step * p_step_m + t_S_m,STEP_LOCAL:shear_clip_1_-30_-94,S,m,mm,True,True,True,False,True
released,shear_rail_screw_1_-30_-94,"[[1.0,0.0,0.0,0.0],[0.0,1.0,0.0,0.0],[0.0,0.0,1.0,0.0],[0.0,0.0,0.0,1.0]]",p_S_m = R_S_step * p_step_m + t_S_m,STEP_LOCAL:shear_rail_screw_1_-30_-94,S,m,mm,True,True,True,False,True
released,shear_web_screw_1_-30_-94,"[[1.0,0.0,0.0,0.0],[0.0,1.0,0.0,0.0],[0.0,0.0,1.0,0.0],[0.0,0.0,0.0,1.0]]",p_S_m = R_S_step * p_step_m + t_S_m,STEP_LOCAL:shear_web_screw_1_-30_-94,S,m,mm,True,True,True,False,True
released,shear_clip_1_-30_94,"[[1.0,0.0,0.0,-0.03],[0.0,1.0,0.0,0.10615000000000001],[0.0,0.0,1.0,0.094],[0.0,0.0,0.0,1.0]]",p_S_m = R_S_step * p_step_m + t_S_m,STEP_LOCAL:shear_clip_1_-30_94,S,m,mm,True,True,True,False,True
released,shear_rail_screw_1_-30_94,"[[1.0,0.0,0.0,0.0],[0.0,1.0,0.0,0.0],[0.0,0.0,1.0,0.0],[0.0,0.0,0.0,1.0]]",p_S_m = R_S_step * p_step_m + t_S_m,STEP_LOCAL:shear_rail_screw_1_-30_94,S,m,mm,True,True,True,False,True
released,shear_web_screw_1_-30_94,"[[1.0,0.0,0.0,0.0],[0.0,1.0,0.0,0.0],[0.0,0.0,1.0,0.0],[0.0,0.0,0.0,1.0]]",p_S_m = R_S_step * p_step_m + t_S_m,STEP_LOCAL:shear_web_screw_1_-30_94,S,m,mm,True,True,True,False,True
released,shear_clip_1_30_-94,"[[1.0,0.0,0.0,0.03],[0.0,1.0,0.0,0.10615000000000001],[0.0,0.0,1.0,-0.094],[0.0,0.0,0.0,1.0]]",p_S_m = R_S_step * p_step_m + t_S_m,STEP_LOCAL:shear_clip_1_30_-94,S,m,mm,True,True,True,False,True
released,shear_rail_screw_1_30_-94,"[[1.0,0.0,0.0,0.0],[0.0,1.0,0.0,0.0],[0.0,0.0,1.0,0.0],[0.0,0.0,0.0,1.0]]",p_S_m = R_S_step * p_step_m + t_S_m,STEP_LOCAL:shear_rail_screw_1_30_-94,S,m,mm,True,True,True,False,True
released,shear_web_screw_1_30_-94,"[[1.0,0.0,0.0,0.0],[0.0,1.0,0.0,0.0],[0.0,0.0,1.0,0.0],[0.0,0.0,0.0,1.0]]",p_S_m = R_S_step * p_step_m + t_S_m,STEP_LOCAL:shear_web_screw_1_30_-94,S,m,mm,True,True,True,False,True
released,shear_clip_1_30_94,"[[1.0,0.0,0.0,0.03],[0.0,1.0,0.0,0.10615000000000001],[0.0,0.0,1.0,0.094],[0.0,0.0,0.0,1.0]]",p_S_m = R_S_step * p_step_m + t_S_m,STEP_LOCAL:shear_clip_1_30_94,S,m,mm,True,True,True,False,True
released,shear_rail_screw_1_30_94,"[[1.0,0.0,0.0,0.0],[0.0,1.0,0.0,0.0],[0.0,0.0,1.0,0.0],[0.0,0.0,0.0,1.0]]",p_S_m = R_S_step * p_step_m + t_S_m,STEP_LOCAL:shear_rail_screw_1_30_94,S,m,mm,True,True,True,False,True
released,shear_web_screw_1_30_94,"[[1.0,0.0,0.0,0.0],[0.0,1.0,0.0,0.0],[0.0,0.0,1.0,0.0],[0.0,0.0,0.0,1.0]]",p_S_m = R_S_step * p_step_m + t_S_m,STEP_LOCAL:shear_web_screw_1_30_94,S,m,mm,True,True,True,False,True
released,shear_clip_1_90_-94,"[[1.0,0.0,0.0,0.09],[0.0,1.0,0.0,0.10615000000000001],[0.0,0.0,1.0,-0.094],[0.0,0.0,0.0,1.0]]",p_S_m = R_S_step * p_step_m + t_S_m,STEP_LOCAL:shear_clip_1_90_-94,S,m,mm,True,True,True,False,True
released,shear_rail_screw_1_90_-94,"[[1.0,0.0,0.0,0.0],[0.0,1.0,0.0,0.0],[0.0,0.0,1.0,0.0],[0.0,0.0,0.0,1.0]]",p_S_m = R_S_step * p_step_m + t_S_m,STEP_LOCAL:shear_rail_screw_1_90_-94,S,m,mm,True,True,True,False,True
released,shear_web_screw_1_90_-94,"[[1.0,0.0,0.0,0.0],[0.0,1.0,0.0,0.0],[0.0,0.0,1.0,0.0],[0.0,0.0,0.0,1.0]]",p_S_m = R_S_step * p_step_m + t_S_m,STEP_LOCAL:shear_web_screw_1_90_-94,S,m,mm,True,True,True,False,True
released,shear_clip_1_90_94,"[[1.0,0.0,0.0,0.09],[0.0,1.0,0.0,0.10615000000000001],[0.0,0.0,1.0,0.094],[0.0,0.0,0.0,1.0]]",p_S_m = R_S_step * p_step_m + t_S_m,STEP_LOCAL:shear_clip_1_90_94,S,m,mm,True,True,True,False,True
released,shear_rail_screw_1_90_94,"[[1.0,0.0,0.0,0.0],[0.0,1.0,0.0,0.0],[0.0,0.0,1.0,0.0],[0.0,0.0,0.0,1.0]]",p_S_m = R_S_step * p_step_m + t_S_m,STEP_LOCAL:shear_rail_screw_1_90_94,S,m,mm,True,True,True,False,True
released,shear_web_screw_1_90_94,"[[1.0,0.0,0.0,0.0],[0.0,1.0,0.0,0.0],[0.0,0.0,1.0,0.0],[0.0,0.0,0.0,1.0]]",p_S_m = R_S_step * p_step_m + t_S_m,STEP_LOCAL:shear_web_screw_1_90_94,S,m,mm,True,True,True,False,True
released,shear_clip_1_150_-94,"[[1.0,0.0,0.0,0.0],[0.0,1.0,0.0,0.0],[0.0,0.0,1.0,0.0],[0.0,0.0,0.0,1.0]]",p_S_m = R_S_step * p_step_m + t_S_m,STEP_LOCAL:shear_clip_1_150_-94,S,m,mm,True,True,True,False,True
released,shear_rail_screw_1_150_-94,"[[1.0,0.0,0.0,0.0],[0.0,1.0,0.0,0.0],[0.0,0.0,1.0,0.0],[0.0,0.0,0.0,1.0]]",p_S_m = R_S_step * p_step_m + t_S_m,STEP_LOCAL:shear_rail_screw_1_150_-94,S,m,mm,True,True,True,False,True
released,shear_clip_1_150_94,"[[1.0,0.0,0.0,0.0],[0.0,1.0,0.0,0.0],[0.0,0.0,1.0,0.0],[0.0,0.0,0.0,1.0]]",p_S_m = R_S_step * p_step_m + t_S_m,STEP_LOCAL:shear_clip_1_150_94,S,m,mm,True,True,True,False,True
released,shear_rail_screw_1_150_94,"[[1.0,0.0,0.0,0.0],[0.0,1.0,0.0,0.0],[0.0,0.0,1.0,0.0],[0.0,0.0,0.0,1.0]]",p_S_m = R_S_step * p_step_m + t_S_m,STEP_LOCAL:shear_rail_screw_1_150_94,S,m,mm,True,True,True,False,True
released,lower_deck_angle_-1_0,"[[1.0,0.0,0.0,0.0],[0.0,1.0,0.0,0.0],[0.0,0.0,1.0,0.0],[0.0,0.0,0.0,1.0]]",p_S_m = R_S_step * p_step_m + t_S_m,STEP_LOCAL:lower_deck_angle_-1_0,S,m,mm,True,False,False,False,True
released,lower_deck_angle_-1_1,"[[1.0,0.0,0.0,0.0],[0.0,1.0,0.0,0.0],[0.0,0.0,1.0,0.0],[0.0,0.0,0.0,1.0]]",p_S_m = R_S_step * p_step_m + t_S_m,STEP_LOCAL:lower_deck_angle_-1_1,S,m,mm,True,False,True,False,True
released,lower_deck_angle_1_0,"[[1.0,0.0,0.0,0.0],[0.0,1.0,0.0,0.0],[0.0,0.0,1.0,0.0],[0.0,0.0,0.0,1.0]]",p_S_m = R_S_step * p_step_m + t_S_m,STEP_LOCAL:lower_deck_angle_1_0,S,m,mm,True,False,False,False,True
released,lower_deck_angle_1_1,"[[1.0,0.0,0.0,0.0],[0.0,1.0,0.0,0.0],[0.0,0.0,1.0,0.0],[0.0,0.0,0.0,1.0]]",p_S_m = R_S_step * p_step_m + t_S_m,STEP_LOCAL:lower_deck_angle_1_1,S,m,mm,True,False,True,False,True
released,upper_deck_angle_-1_0,"[[1.0,0.0,0.0,-0.07775],[0.0,1.0,0.0,-0.09615000000000001],[0.0,0.0,1.0,-0.013000000000000001],[0.0,0.0,0.0,1.0]]",p_S_m = R_S_step * p_step_m + t_S_m,STEP_LOCAL:upper_deck_angle_-1_0,S,m,mm,True,True,True,False,True
released,upper_deck_angle_-1_1,"[[1.0,0.0,0.0,0.09],[0.0,1.0,0.0,-0.09615000000000001],[0.0,0.0,1.0,-0.013000000000000001],[0.0,0.0,0.0,1.0]]",p_S_m = R_S_step * p_step_m + t_S_m,STEP_LOCAL:upper_deck_angle_-1_1,S,m,mm,True,True,True,False,True
released,upper_deck_angle_1_0,"[[1.0,0.0,0.0,-0.07775],[0.0,1.0,0.0,0.09615000000000001],[0.0,0.0,1.0,-0.013000000000000001],[0.0,0.0,0.0,1.0]]",p_S_m = R_S_step * p_step_m + t_S_m,STEP_LOCAL:upper_deck_angle_1_0,S,m,mm,True,True,True,False,True
released,upper_deck_angle_1_1,"[[1.0,0.0,0.0,0.09],[0.0,1.0,0.0,0.09615000000000001],[0.0,0.0,1.0,-0.013000000000000001],[0.0,0.0,0.0,1.0]]",p_S_m = R_S_step * p_step_m + t_S_m,STEP_LOCAL:upper_deck_angle_1_1,S,m,mm,True,True,True,False,True
released,R01_D_lower_-1_-150_screw,"[[1.0,0.0,0.0,0.0],[0.0,1.0,0.0,0.0],[0.0,0.0,1.0,0.0],[0.0,0.0,0.0,1.0]]",p_S_m = R_S_step * p_step_m + t_S_m,STEP_LOCAL:R01_D_lower_-1_-150_screw,S,m,mm,True,True,True,False,True
released,R01_D_lower_-1_-150_washer_head,"[[1.0,0.0,0.0,0.0],[0.0,1.0,0.0,0.0],[0.0,0.0,1.0,0.0],[0.0,0.0,0.0,1.0]]",p_S_m = R_S_step * p_step_m + t_S_m,STEP_LOCAL:R01_D_lower_-1_-150_washer_head,S,m,mm,True,True,True,False,True
released,R01_D_lower_-1_-150_washer_nut,"[[1.0,0.0,0.0,0.0],[0.0,1.0,0.0,0.0],[0.0,0.0,1.0,0.0],[0.0,0.0,0.0,1.0]]",p_S_m = R_S_step * p_step_m + t_S_m,STEP_LOCAL:R01_D_lower_-1_-150_washer_nut,S,m,mm,True,True,True,False,True
released,R01_D_lower_-1_-150_nut,"[[1.0,0.0,0.0,0.0],[0.0,1.0,0.0,0.0],[0.0,0.0,1.0,0.0],[0.0,0.0,0.0,1.0]]",p_S_m = R_S_step * p_step_m + t_S_m,STEP_LOCAL:R01_D_lower_-1_-150_nut,S,m,mm,True,True,True,False,True
released,R01_D_lower_-1_-50_screw,"[[1.0,0.0,0.0,0.0],[0.0,1.0,0.0,0.0],[0.0,0.0,1.0,0.0],[0.0,0.0,0.0,1.0]]",p_S_m = R_S_step * p_step_m + t_S_m,STEP_LOCAL:R01_D_lower_-1_-50_screw,S,m,mm,True,True,True,False,True
released,R01_D_lower_-1_-50_washer_head,"[[1.0,0.0,0.0,0.0],[0.0,1.0,0.0,0.0],[0.0,0.0,1.0,0.0],[0.0,0.0,0.0,1.0]]",p_S_m = R_S_step * p_step_m + t_S_m,STEP_LOCAL:R01_D_lower_-1_-50_washer_head,S,m,mm,True,True,True,False,True
released,R01_D_lower_-1_-50_washer_nut,"[[1.0,0.0,0.0,0.0],[0.0,1.0,0.0,0.0],[0.0,0.0,1.0,0.0],[0.0,0.0,0.0,1.0]]",p_S_m = R_S_step * p_step_m + t_S_m,STEP_LOCAL:R01_D_lower_-1_-50_washer_nut,S,m,mm,True,True,True,False,True
released,R01_D_lower_-1_-50_nut,"[[1.0,0.0,0.0,0.0],[0.0,1.0,0.0,0.0],[0.0,0.0,1.0,0.0],[0.0,0.0,0.0,1.0]]",p_S_m = R_S_step * p_step_m + t_S_m,STEP_LOCAL:R01_D_lower_-1_-50_nut,S,m,mm,True,True,True,False,True
released,R01_W_lower_-1_-130_screw,"[[1.0,0.0,0.0,0.0],[0.0,1.0,0.0,0.0],[0.0,0.0,1.0,0.0],[0.0,0.0,0.0,1.0]]",p_S_m = R_S_step * p_step_m + t_S_m,STEP_LOCAL:R01_W_lower_-1_-130_screw,S,m,mm,True,True,True,False,True
released,R01_W_lower_-1_-130_washer_head,"[[1.0,0.0,0.0,0.0],[0.0,1.0,0.0,0.0],[0.0,0.0,1.0,0.0],[0.0,0.0,0.0,1.0]]",p_S_m = R_S_step * p_step_m + t_S_m,STEP_LOCAL:R01_W_lower_-1_-130_washer_head,S,m,mm,True,True,True,False,True
released,R01_W_lower_-1_-130_washer_nut,"[[1.0,0.0,0.0,0.0],[0.0,1.0,0.0,0.0],[0.0,0.0,1.0,0.0],[0.0,0.0,0.0,1.0]]",p_S_m = R_S_step * p_step_m + t_S_m,STEP_LOCAL:R01_W_lower_-1_-130_washer_nut,S,m,mm,True,True,True,False,True
released,R01_W_lower_-1_-130_nut,"[[1.0,0.0,0.0,0.0],[0.0,1.0,0.0,0.0],[0.0,0.0,1.0,0.0],[0.0,0.0,0.0,1.0]]",p_S_m = R_S_step * p_step_m + t_S_m,STEP_LOCAL:R01_W_lower_-1_-130_nut,S,m,mm,True,True,True,False,True
released,R01_W_lower_-1_-70_screw,"[[1.0,0.0,0.0,0.0],[0.0,1.0,0.0,0.0],[0.0,0.0,1.0,0.0],[0.0,0.0,0.0,1.0]]",p_S_m = R_S_step * p_step_m + t_S_m,STEP_LOCAL:R01_W_lower_-1_-70_screw,S,m,mm,True,True,True,False,True
released,R01_W_lower_-1_-70_washer_head,"[[1.0,0.0,0.0,0.0],[0.0,1.0,0.0,0.0],[0.0,0.0,1.0,0.0],[0.0,0.0,0.0,1.0]]",p_S_m = R_S_step * p_step_m + t_S_m,STEP_LOCAL:R01_W_lower_-1_-70_washer_head,S,m,mm,True,True,True,False,True
released,R01_W_lower_-1_-70_washer_nut,"[[1.0,0.0,0.0,0.0],[0.0,1.0,0.0,0.0],[0.0,0.0,1.0,0.0],[0.0,0.0,0.0,1.0]]",p_S_m = R_S_step * p_step_m + t_S_m,STEP_LOCAL:R01_W_lower_-1_-70_washer_nut,S,m,mm,True,True,True,False,True
released,R01_W_lower_-1_-70_nut,"[[1.0,0.0,0.0,0.0],[0.0,1.0,0.0,0.0],[0.0,0.0,1.0,0.0],[0.0,0.0,0.0,1.0]]",p_S_m = R_S_step * p_step_m + t_S_m,STEP_LOCAL:R01_W_lower_-1_-70_nut,S,m,mm,True,True,True,False,True
released,R01_D_lower_-1_50_screw,"[[1.0,0.0,0.0,0.0],[0.0,1.0,0.0,0.0],[0.0,0.0,1.0,0.0],[0.0,0.0,0.0,1.0]]",p_S_m = R_S_step * p_step_m + t_S_m,STEP_LOCAL:R01_D_lower_-1_50_screw,S,m,mm,True,True,True,False,True
released,R01_D_lower_-1_50_washer_head,"[[1.0,0.0,0.0,0.0],[0.0,1.0,0.0,0.0],[0.0,0.0,1.0,0.0],[0.0,0.0,0.0,1.0]]",p_S_m = R_S_step * p_step_m + t_S_m,STEP_LOCAL:R01_D_lower_-1_50_washer_head,S,m,mm,True,True,True,False,True
released,R01_D_lower_-1_50_washer_nut,"[[1.0,0.0,0.0,0.0],[0.0,1.0,0.0,0.0],[0.0,0.0,1.0,0.0],[0.0,0.0,0.0,1.0]]",p_S_m = R_S_step * p_step_m + t_S_m,STEP_LOCAL:R01_D_lower_-1_50_washer_nut,S,m,mm,True,True,True,False,True
released,R01_D_lower_-1_50_nut,"[[1.0,0.0,0.0,0.0],[0.0,1.0,0.0,0.0],[0.0,0.0,1.0,0.0],[0.0,0.0,0.0,1.0]]",p_S_m = R_S_step * p_step_m + t_S_m,STEP_LOCAL:R01_D_lower_-1_50_nut,S,m,mm,True,True,True,False,True
released,R01_D_lower_-1_140_screw,"[[1.0,0.0,0.0,0.0],[0.0,1.0,0.0,0.0],[0.0,0.0,1.0,0.0],[0.0,0.0,0.0,1.0]]",p_S_m = R_S_step * p_step_m + t_S_m,STEP_LOCAL:R01_D_lower_-1_140_screw,S,m,mm,True,True,True,False,True
released,R01_D_lower_-1_140_washer_head,"[[1.0,0.0,0.0,0.0],[0.0,1.0,0.0,0.0],[0.0,0.0,1.0,0.0],[0.0,0.0,0.0,1.0]]",p_S_m = R_S_step * p_step_m + t_S_m,STEP_LOCAL:R01_D_lower_-1_140_washer_head,S,m,mm,True,True,True,False,True
released,R01_D_lower_-1_140_washer_nut,"[[1.0,0.0,0.0,0.0],[0.0,1.0,0.0,0.0],[0.0,0.0,1.0,0.0],[0.0,0.0,0.0,1.0]]",p_S_m = R_S_step * p_step_m + t_S_m,STEP_LOCAL:R01_D_lower_-1_140_washer_nut,S,m,mm,True,True,True,False,True
released,R01_D_lower_-1_140_nut,"[[1.0,0.0,0.0,0.0],[0.0,1.0,0.0,0.0],[0.0,0.0,1.0,0.0],[0.0,0.0,0.0,1.0]]",p_S_m = R_S_step * p_step_m + t_S_m,STEP_LOCAL:R01_D_lower_-1_140_nut,S,m,mm,True,True,True,False,True
released,R01_W_lower_-1_60_screw,"[[1.0,0.0,0.0,0.0],[0.0,1.0,0.0,0.0],[0.0,0.0,1.0,0.0],[0.0,0.0,0.0,1.0]]",p_S_m = R_S_step * p_step_m + t_S_m,STEP_LOCAL:R01_W_lower_-1_60_screw,S,m,mm,True,True,True,False,True
released,R01_W_lower_-1_60_washer_head,"[[1.0,0.0,0.0,0.0],[0.0,1.0,0.0,0.0],[0.0,0.0,1.0,0.0],[0.0,0.0,0.0,1.0]]",p_S_m = R_S_step * p_step_m + t_S_m,STEP_LOCAL:R01_W_lower_-1_60_washer_head,S,m,mm,True,True,True,False,True
released,R01_W_lower_-1_60_washer_nut,"[[1.0,0.0,0.0,0.0],[0.0,1.0,0.0,0.0],[0.0,0.0,1.0,0.0],[0.0,0.0,0.0,1.0]]",p_S_m = R_S_step * p_step_m + t_S_m,STEP_LOCAL:R01_W_lower_-1_60_washer_nut,S,m,mm,True,True,True,False,True
released,R01_W_lower_-1_60_nut,"[[1.0,0.0,0.0,0.0],[0.0,1.0,0.0,0.0],[0.0,0.0,1.0,0.0],[0.0,0.0,0.0,1.0]]",p_S_m = R_S_step * p_step_m + t_S_m,STEP_LOCAL:R01_W_lower_-1_60_nut,S,m,mm,True,True,True,False,True
released,R01_W_lower_-1_130_screw,"[[1.0,0.0,0.0,0.0],[0.0,1.0,0.0,0.0],[0.0,0.0,1.0,0.0],[0.0,0.0,0.0,1.0]]",p_S_m = R_S_step * p_step_m + t_S_m,STEP_LOCAL:R01_W_lower_-1_130_screw,S,m,mm,True,True,True,False,True
released,R01_W_lower_-1_130_washer_head,"[[1.0,0.0,0.0,0.0],[0.0,1.0,0.0,0.0],[0.0,0.0,1.0,0.0],[0.0,0.0,0.0,1.0]]",p_S_m = R_S_step * p_step_m + t_S_m,STEP_LOCAL:R01_W_lower_-1_130_washer_head,S,m,mm,True,True,True,False,True
released,R01_W_lower_-1_130_washer_nut,"[[1.0,0.0,0.0,0.0],[0.0,1.0,0.0,0.0],[0.0,0.0,1.0,0.0],[0.0,0.0,0.0,1.0]]",p_S_m = R_S_step * p_step_m + t_S_m,STEP_LOCAL:R01_W_lower_-1_130_washer_nut,S,m,mm,True,True,True,False,True
released,R01_W_lower_-1_130_nut,"[[1.0,0.0,0.0,0.0],[0.0,1.0,0.0,0.0],[0.0,0.0,1.0,0.0],[0.0,0.0,0.0,1.0]]",p_S_m = R_S_step * p_step_m + t_S_m,STEP_LOCAL:R01_W_lower_-1_130_nut,S,m,mm,True,True,True,False,True
released,R01_D_lower_1_-150_screw,"[[1.0,0.0,0.0,0.0],[0.0,1.0,0.0,0.0],[0.0,0.0,1.0,0.0],[0.0,0.0,0.0,1.0]]",p_S_m = R_S_step * p_step_m + t_S_m,STEP_LOCAL:R01_D_lower_1_-150_screw,S,m,mm,True,True,True,False,True
released,R01_D_lower_1_-150_washer_head,"[[1.0,0.0,0.0,0.0],[0.0,1.0,0.0,0.0],[0.0,0.0,1.0,0.0],[0.0,0.0,0.0,1.0]]",p_S_m = R_S_step * p_step_m + t_S_m,STEP_LOCAL:R01_D_lower_1_-150_washer_head,S,m,mm,True,True,True,False,True
released,R01_D_lower_1_-150_washer_nut,"[[1.0,0.0,0.0,0.0],[0.0,1.0,0.0,0.0],[0.0,0.0,1.0,0.0],[0.0,0.0,0.0,1.0]]",p_S_m = R_S_step * p_step_m + t_S_m,STEP_LOCAL:R01_D_lower_1_-150_washer_nut,S,m,mm,True,True,True,False,True
released,R01_D_lower_1_-150_nut,"[[1.0,0.0,0.0,0.0],[0.0,1.0,0.0,0.0],[0.0,0.0,1.0,0.0],[0.0,0.0,0.0,1.0]]",p_S_m = R_S_step * p_step_m + t_S_m,STEP_LOCAL:R01_D_lower_1_-150_nut,S,m,mm,True,True,True,False,True
released,R01_D_lower_1_-50_screw,"[[1.0,0.0,0.0,0.0],[0.0,1.0,0.0,0.0],[0.0,0.0,1.0,0.0],[0.0,0.0,0.0,1.0]]",p_S_m = R_S_step * p_step_m + t_S_m,STEP_LOCAL:R01_D_lower_1_-50_screw,S,m,mm,True,True,True,False,True
released,R01_D_lower_1_-50_washer_head,"[[1.0,0.0,0.0,0.0],[0.0,1.0,0.0,0.0],[0.0,0.0,1.0,0.0],[0.0,0.0,0.0,1.0]]",p_S_m = R_S_step * p_step_m + t_S_m,STEP_LOCAL:R01_D_lower_1_-50_washer_head,S,m,mm,True,True,True,False,True
released,R01_D_lower_1_-50_washer_nut,"[[1.0,0.0,0.0,0.0],[0.0,1.0,0.0,0.0],[0.0,0.0,1.0,0.0],[0.0,0.0,0.0,1.0]]",p_S_m = R_S_step * p_step_m + t_S_m,STEP_LOCAL:R01_D_lower_1_-50_washer_nut,S,m,mm,True,True,True,False,True
released,R01_D_lower_1_-50_nut,"[[1.0,0.0,0.0,0.0],[0.0,1.0,0.0,0.0],[0.0,0.0,1.0,0.0],[0.0,0.0,0.0,1.0]]",p_S_m = R_S_step * p_step_m + t_S_m,STEP_LOCAL:R01_D_lower_1_-50_nut,S,m,mm,True,True,True,False,True
released,R01_W_lower_1_-130_screw,"[[1.0,0.0,0.0,0.0],[0.0,1.0,0.0,0.0],[0.0,0.0,1.0,0.0],[0.0,0.0,0.0,1.0]]",p_S_m = R_S_step * p_step_m + t_S_m,STEP_LOCAL:R01_W_lower_1_-130_screw,S,m,mm,True,True,True,False,True
released,R01_W_lower_1_-130_washer_head,"[[1.0,0.0,0.0,0.0],[0.0,1.0,0.0,0.0],[0.0,0.0,1.0,0.0],[0.0,0.0,0.0,1.0]]",p_S_m = R_S_step * p_step_m + t_S_m,STEP_LOCAL:R01_W_lower_1_-130_washer_head,S,m,mm,True,True,True,False,True
released,R01_W_lower_1_-130_washer_nut,"[[1.0,0.0,0.0,0.0],[0.0,1.0,0.0,0.0],[0.0,0.0,1.0,0.0],[0.0,0.0,0.0,1.0]]",p_S_m = R_S_step * p_step_m + t_S_m,STEP_LOCAL:R01_W_lower_1_-130_washer_nut,S,m,mm,True,True,True,False,True
released,R01_W_lower_1_-130_nut,"[[1.0,0.0,0.0,0.0],[0.0,1.0,0.0,0.0],[0.0,0.0,1.0,0.0],[0.0,0.0,0.0,1.0]]",p_S_m = R_S_step * p_step_m + t_S_m,STEP_LOCAL:R01_W_lower_1_-130_nut,S,m,mm,True,True,True,False,True
released,R01_W_lower_1_-70_screw,"[[1.0,0.0,0.0,0.0],[0.0,1.0,0.0,0.0],[0.0,0.0,1.0,0.0],[0.0,0.0,0.0,1.0]]",p_S_m = R_S_step * p_step_m + t_S_m,STEP_LOCAL:R01_W_lower_1_-70_screw,S,m,mm,True,True,True,False,True
released,R01_W_lower_1_-70_washer_head,"[[1.0,0.0,0.0,0.0],[0.0,1.0,0.0,0.0],[0.0,0.0,1.0,0.0],[0.0,0.0,0.0,1.0]]",p_S_m = R_S_step * p_step_m + t_S_m,STEP_LOCAL:R01_W_lower_1_-70_washer_head,S,m,mm,True,True,True,False,True
released,R01_W_lower_1_-70_washer_nut,"[[1.0,0.0,0.0,0.0],[0.0,1.0,0.0,0.0],[0.0,0.0,1.0,0.0],[0.0,0.0,0.0,1.0]]",p_S_m = R_S_step * p_step_m + t_S_m,STEP_LOCAL:R01_W_lower_1_-70_washer_nut,S,m,mm,True,True,True,False,True
released,R01_W_lower_1_-70_nut,"[[1.0,0.0,0.0,0.0],[0.0,1.0,0.0,0.0],[0.0,0.0,1.0,0.0],[0.0,0.0,0.0,1.0]]",p_S_m = R_S_step * p_step_m + t_S_m,STEP_LOCAL:R01_W_lower_1_-70_nut,S,m,mm,True,True,True,False,True
released,R01_D_lower_1_50_screw,"[[1.0,0.0,0.0,0.0],[0.0,1.0,0.0,0.0],[0.0,0.0,1.0,0.0],[0.0,0.0,0.0,1.0]]",p_S_m = R_S_step * p_step_m + t_S_m,STEP_LOCAL:R01_D_lower_1_50_screw,S,m,mm,True,True,True,False,True
released,R01_D_lower_1_50_washer_head,"[[1.0,0.0,0.0,0.0],[0.0,1.0,0.0,0.0],[0.0,0.0,1.0,0.0],[0.0,0.0,0.0,1.0]]",p_S_m = R_S_step * p_step_m + t_S_m,STEP_LOCAL:R01_D_lower_1_50_washer_head,S,m,mm,True,True,True,False,True
released,R01_D_lower_1_50_washer_nut,"[[1.0,0.0,0.0,0.0],[0.0,1.0,0.0,0.0],[0.0,0.0,1.0,0.0],[0.0,0.0,0.0,1.0]]",p_S_m = R_S_step * p_step_m + t_S_m,STEP_LOCAL:R01_D_lower_1_50_washer_nut,S,m,mm,True,True,True,False,True
released,R01_D_lower_1_50_nut,"[[1.0,0.0,0.0,0.0],[0.0,1.0,0.0,0.0],[0.0,0.0,1.0,0.0],[0.0,0.0,0.0,1.0]]",p_S_m = R_S_step * p_step_m + t_S_m,STEP_LOCAL:R01_D_lower_1_50_nut,S,m,mm,True,True,True,False,True
released,R01_D_lower_1_140_screw,"[[1.0,0.0,0.0,0.0],[0.0,1.0,0.0,0.0],[0.0,0.0,1.0,0.0],[0.0,0.0,0.0,1.0]]",p_S_m = R_S_step * p_step_m + t_S_m,STEP_LOCAL:R01_D_lower_1_140_screw,S,m,mm,True,True,True,False,True
released,R01_D_lower_1_140_washer_head,"[[1.0,0.0,0.0,0.0],[0.0,1.0,0.0,0.0],[0.0,0.0,1.0,0.0],[0.0,0.0,0.0,1.0]]",p_S_m = R_S_step * p_step_m + t_S_m,STEP_LOCAL:R01_D_lower_1_140_washer_head,S,m,mm,True,True,True,False,True
released,R01_D_lower_1_140_washer_nut,"[[1.0,0.0,0.0,0.0],[0.0,1.0,0.0,0.0],[0.0,0.0,1.0,0.0],[0.0,0.0,0.0,1.0]]",p_S_m = R_S_step * p_step_m + t_S_m,STEP_LOCAL:R01_D_lower_1_140_washer_nut,S,m,mm,True,True,True,False,True
released,R01_D_lower_1_140_nut,"[[1.0,0.0,0.0,0.0],[0.0,1.0,0.0,0.0],[0.0,0.0,1.0,0.0],[0.0,0.0,0.0,1.0]]",p_S_m = R_S_step * p_step_m + t_S_m,STEP_LOCAL:R01_D_lower_1_140_nut,S,m,mm,True,True,True,False,True
released,R01_W_lower_1_60_screw,"[[1.0,0.0,0.0,0.0],[0.0,1.0,0.0,0.0],[0.0,0.0,1.0,0.0],[0.0,0.0,0.0,1.0]]",p_S_m = R_S_step * p_step_m + t_S_m,STEP_LOCAL:R01_W_lower_1_60_screw,S,m,mm,True,True,True,False,True
released,R01_W_lower_1_60_washer_head,"[[1.0,0.0,0.0,0.0],[0.0,1.0,0.0,0.0],[0.0,0.0,1.0,0.0],[0.0,0.0,0.0,1.0]]",p_S_m = R_S_step * p_step_m + t_S_m,STEP_LOCAL:R01_W_lower_1_60_washer_head,S,m,mm,True,True,True,False,True
released,R01_W_lower_1_60_washer_nut,"[[1.0,0.0,0.0,0.0],[0.0,1.0,0.0,0.0],[0.0,0.0,1.0,0.0],[0.0,0.0,0.0,1.0]]",p_S_m = R_S_step * p_step_m + t_S_m,STEP_LOCAL:R01_W_lower_1_60_washer_nut,S,m,mm,True,True,True,False,True
released,R01_W_lower_1_60_nut,"[[1.0,0.0,0.0,0.0],[0.0,1.0,0.0,0.0],[0.0,0.0,1.0,0.0],[0.0,0.0,0.0,1.0]]",p_S_m = R_S_step * p_step_m + t_S_m,STEP_LOCAL:R01_W_lower_1_60_nut,S,m,mm,True,True,True,False,True
released,R01_W_lower_1_130_screw,"[[1.0,0.0,0.0,0.0],[0.0,1.0,0.0,0.0],[0.0,0.0,1.0,0.0],[0.0,0.0,0.0,1.0]]",p_S_m = R_S_step * p_step_m + t_S_m,STEP_LOCAL:R01_W_lower_1_130_screw,S,m,mm,True,True,True,False,True
released,R01_W_lower_1_130_washer_head,"[[1.0,0.0,0.0,0.0],[0.0,1.0,0.0,0.0],[0.0,0.0,1.0,0.0],[0.0,0.0,0.0,1.0]]",p_S_m = R_S_step * p_step_m + t_S_m,STEP_LOCAL:R01_W_lower_1_130_washer_head,S,m,mm,True,True,True,False,True
released,R01_W_lower_1_130_washer_nut,"[[1.0,0.0,0.0,0.0],[0.0,1.0,0.0,0.0],[0.0,0.0,1.0,0.0],[0.0,0.0,0.0,1.0]]",p_S_m = R_S_step * p_step_m + t_S_m,STEP_LOCAL:R01_W_lower_1_130_washer_nut,S,m,mm,True,True,True,False,True
released,R01_W_lower_1_130_nut,"[[1.0,0.0,0.0,0.0],[0.0,1.0,0.0,0.0],[0.0,0.0,1.0,0.0],[0.0,0.0,0.0,1.0]]",p_S_m = R_S_step * p_step_m + t_S_m,STEP_LOCAL:R01_W_lower_1_130_nut,S,m,mm,True,True,True,False,True
released,R01_D_upper_-1_-150_screw,"[[1.0,0.0,0.0,0.0],[0.0,1.0,0.0,0.0],[0.0,0.0,1.0,0.0],[0.0,0.0,0.0,1.0]]",p_S_m = R_S_step * p_step_m + t_S_m,STEP_LOCAL:R01_D_upper_-1_-150_screw,S,m,mm,True,True,True,False,True
released,R01_D_upper_-1_-150_washer_head,"[[1.0,0.0,0.0,0.0],[0.0,1.0,0.0,0.0],[0.0,0.0,1.0,0.0],[0.0,0.0,0.0,1.0]]",p_S_m = R_S_step * p_step_m + t_S_m,STEP_LOCAL:R01_D_upper_-1_-150_washer_head,S,m,mm,True,True,True,False,True
released,R01_D_upper_-1_-150_washer_nut,"[[1.0,0.0,0.0,0.0],[0.0,1.0,0.0,0.0],[0.0,0.0,1.0,0.0],[0.0,0.0,0.0,1.0]]",p_S_m = R_S_step * p_step_m + t_S_m,STEP_LOCAL:R01_D_upper_-1_-150_washer_nut,S,m,mm,True,True,True,False,True
released,R01_D_upper_-1_-150_nut,"[[1.0,0.0,0.0,0.0],[0.0,1.0,0.0,0.0],[0.0,0.0,1.0,0.0],[0.0,0.0,0.0,1.0]]",p_S_m = R_S_step * p_step_m + t_S_m,STEP_LOCAL:R01_D_upper_-1_-150_nut,S,m,mm,True,True,True,False,True
released,R01_D_upper_-1_-50_screw,"[[1.0,0.0,0.0,0.0],[0.0,1.0,0.0,0.0],[0.0,0.0,1.0,0.0],[0.0,0.0,0.0,1.0]]",p_S_m = R_S_step * p_step_m + t_S_m,STEP_LOCAL:R01_D_upper_-1_-50_screw,S,m,mm,True,True,True,False,True
released,R01_D_upper_-1_-50_washer_head,"[[1.0,0.0,0.0,0.0],[0.0,1.0,0.0,0.0],[0.0,0.0,1.0,0.0],[0.0,0.0,0.0,1.0]]",p_S_m = R_S_step * p_step_m + t_S_m,STEP_LOCAL:R01_D_upper_-1_-50_washer_head,S,m,mm,True,True,True,False,True
released,R01_D_upper_-1_-50_washer_nut,"[[1.0,0.0,0.0,0.0],[0.0,1.0,0.0,0.0],[0.0,0.0,1.0,0.0],[0.0,0.0,0.0,1.0]]",p_S_m = R_S_step * p_step_m + t_S_m,STEP_LOCAL:R01_D_upper_-1_-50_washer_nut,S,m,mm,True,True,True,False,True
released,R01_D_upper_-1_-50_nut,"[[1.0,0.0,0.0,0.0],[0.0,1.0,0.0,0.0],[0.0,0.0,1.0,0.0],[0.0,0.0,0.0,1.0]]",p_S_m = R_S_step * p_step_m + t_S_m,STEP_LOCAL:R01_D_upper_-1_-50_nut,S,m,mm,True,True,True,False,True
released,R01_W_upper_-1_-130_screw,"[[1.0,0.0,0.0,0.0],[0.0,1.0,0.0,0.0],[0.0,0.0,1.0,0.0],[0.0,0.0,0.0,1.0]]",p_S_m = R_S_step * p_step_m + t_S_m,STEP_LOCAL:R01_W_upper_-1_-130_screw,S,m,mm,True,True,True,False,True
released,R01_W_upper_-1_-130_washer_head,"[[1.0,0.0,0.0,0.0],[0.0,1.0,0.0,0.0],[0.0,0.0,1.0,0.0],[0.0,0.0,0.0,1.0]]",p_S_m = R_S_step * p_step_m + t_S_m,STEP_LOCAL:R01_W_upper_-1_-130_washer_head,S,m,mm,True,True,True,False,True
released,R01_W_upper_-1_-130_washer_nut,"[[1.0,0.0,0.0,0.0],[0.0,1.0,0.0,0.0],[0.0,0.0,1.0,0.0],[0.0,0.0,0.0,1.0]]",p_S_m = R_S_step * p_step_m + t_S_m,STEP_LOCAL:R01_W_upper_-1_-130_washer_nut,S,m,mm,True,True,True,False,True
released,R01_W_upper_-1_-130_nut,"[[1.0,0.0,0.0,0.0],[0.0,1.0,0.0,0.0],[0.0,0.0,1.0,0.0],[0.0,0.0,0.0,1.0]]",p_S_m = R_S_step * p_step_m + t_S_m,STEP_LOCAL:R01_W_upper_-1_-130_nut,S,m,mm,True,True,True,False,True
released,R01_W_upper_-1_-70_screw,"[[1.0,0.0,0.0,0.0],[0.0,1.0,0.0,0.0],[0.0,0.0,1.0,0.0],[0.0,0.0,0.0,1.0]]",p_S_m = R_S_step * p_step_m + t_S_m,STEP_LOCAL:R01_W_upper_-1_-70_screw,S,m,mm,True,True,True,False,True
released,R01_W_upper_-1_-70_washer_head,"[[1.0,0.0,0.0,0.0],[0.0,1.0,0.0,0.0],[0.0,0.0,1.0,0.0],[0.0,0.0,0.0,1.0]]",p_S_m = R_S_step * p_step_m + t_S_m,STEP_LOCAL:R01_W_upper_-1_-70_washer_head,S,m,mm,True,True,True,False,True
released,R01_W_upper_-1_-70_washer_nut,"[[1.0,0.0,0.0,0.0],[0.0,1.0,0.0,0.0],[0.0,0.0,1.0,0.0],[0.0,0.0,0.0,1.0]]",p_S_m = R_S_step * p_step_m + t_S_m,STEP_LOCAL:R01_W_upper_-1_-70_washer_nut,S,m,mm,True,True,True,False,True
released,R01_W_upper_-1_-70_nut,"[[1.0,0.0,0.0,0.0],[0.0,1.0,0.0,0.0],[0.0,0.0,1.0,0.0],[0.0,0.0,0.0,1.0]]",p_S_m = R_S_step * p_step_m + t_S_m,STEP_LOCAL:R01_W_upper_-1_-70_nut,S,m,mm,True,True,True,False,True
released,R01_D_upper_-1_50_screw,"[[1.0,0.0,0.0,0.0],[0.0,1.0,0.0,0.0],[0.0,0.0,1.0,0.0],[0.0,0.0,0.0,1.0]]",p_S_m = R_S_step * p_step_m + t_S_m,STEP_LOCAL:R01_D_upper_-1_50_screw,S,m,mm,True,True,True,False,True
released,R01_D_upper_-1_50_washer_head,"[[1.0,0.0,0.0,0.0],[0.0,1.0,0.0,0.0],[0.0,0.0,1.0,0.0],[0.0,0.0,0.0,1.0]]",p_S_m = R_S_step * p_step_m + t_S_m,STEP_LOCAL:R01_D_upper_-1_50_washer_head,S,m,mm,True,True,True,False,True
released,R01_D_upper_-1_50_washer_nut,"[[1.0,0.0,0.0,0.0],[0.0,1.0,0.0,0.0],[0.0,0.0,1.0,0.0],[0.0,0.0,0.0,1.0]]",p_S_m = R_S_step * p_step_m + t_S_m,STEP_LOCAL:R01_D_upper_-1_50_washer_nut,S,m,mm,True,True,True,False,True
released,R01_D_upper_-1_50_nut,"[[1.0,0.0,0.0,0.0],[0.0,1.0,0.0,0.0],[0.0,0.0,1.0,0.0],[0.0,0.0,0.0,1.0]]",p_S_m = R_S_step * p_step_m + t_S_m,STEP_LOCAL:R01_D_upper_-1_50_nut,S,m,mm,True,True,True,False,True
released,R01_D_upper_-1_140_screw,"[[1.0,0.0,0.0,0.0],[0.0,1.0,0.0,0.0],[0.0,0.0,1.0,0.0],[0.0,0.0,0.0,1.0]]",p_S_m = R_S_step * p_step_m + t_S_m,STEP_LOCAL:R01_D_upper_-1_140_screw,S,m,mm,True,True,True,False,True
released,R01_D_upper_-1_140_washer_head,"[[1.0,0.0,0.0,0.0],[0.0,1.0,0.0,0.0],[0.0,0.0,1.0,0.0],[0.0,0.0,0.0,1.0]]",p_S_m = R_S_step * p_step_m + t_S_m,STEP_LOCAL:R01_D_upper_-1_140_washer_head,S,m,mm,True,True,True,False,True
released,R01_D_upper_-1_140_washer_nut,"[[1.0,0.0,0.0,0.0],[0.0,1.0,0.0,0.0],[0.0,0.0,1.0,0.0],[0.0,0.0,0.0,1.0]]",p_S_m = R_S_step * p_step_m + t_S_m,STEP_LOCAL:R01_D_upper_-1_140_washer_nut,S,m,mm,True,True,True,False,True
released,R01_D_upper_-1_140_nut,"[[1.0,0.0,0.0,0.0],[0.0,1.0,0.0,0.0],[0.0,0.0,1.0,0.0],[0.0,0.0,0.0,1.0]]",p_S_m = R_S_step * p_step_m + t_S_m,STEP_LOCAL:R01_D_upper_-1_140_nut,S,m,mm,True,True,True,False,True
released,R01_W_upper_-1_60_screw,"[[1.0,0.0,0.0,0.0],[0.0,1.0,0.0,0.0],[0.0,0.0,1.0,0.0],[0.0,0.0,0.0,1.0]]",p_S_m = R_S_step * p_step_m + t_S_m,STEP_LOCAL:R01_W_upper_-1_60_screw,S,m,mm,True,True,True,False,True
released,R01_W_upper_-1_60_washer_head,"[[1.0,0.0,0.0,0.0],[0.0,1.0,0.0,0.0],[0.0,0.0,1.0,0.0],[0.0,0.0,0.0,1.0]]",p_S_m = R_S_step * p_step_m + t_S_m,STEP_LOCAL:R01_W_upper_-1_60_washer_head,S,m,mm,True,True,True,False,True
released,R01_W_upper_-1_60_washer_nut,"[[1.0,0.0,0.0,0.0],[0.0,1.0,0.0,0.0],[0.0,0.0,1.0,0.0],[0.0,0.0,0.0,1.0]]",p_S_m = R_S_step * p_step_m + t_S_m,STEP_LOCAL:R01_W_upper_-1_60_washer_nut,S,m,mm,True,True,True,False,True
released,R01_W_upper_-1_60_nut,"[[1.0,0.0,0.0,0.0],[0.0,1.0,0.0,0.0],[0.0,0.0,1.0,0.0],[0.0,0.0,0.0,1.0]]",p_S_m = R_S_step * p_step_m + t_S_m,STEP_LOCAL:R01_W_upper_-1_60_nut,S,m,mm,True,True,True,False,True
released,R01_W_upper_-1_130_screw,"[[1.0,0.0,0.0,0.0],[0.0,1.0,0.0,0.0],[0.0,0.0,1.0,0.0],[0.0,0.0,0.0,1.0]]",p_S_m = R_S_step * p_step_m + t_S_m,STEP_LOCAL:R01_W_upper_-1_130_screw,S,m,mm,True,True,True,False,True
released,R01_W_upper_-1_130_washer_head,"[[1.0,0.0,0.0,0.0],[0.0,1.0,0.0,0.0],[0.0,0.0,1.0,0.0],[0.0,0.0,0.0,1.0]]",p_S_m = R_S_step * p_step_m + t_S_m,STEP_LOCAL:R01_W_upper_-1_130_washer_head,S,m,mm,True,True,True,False,True
released,R01_W_upper_-1_130_washer_nut,"[[1.0,0.0,0.0,0.0],[0.0,1.0,0.0,0.0],[0.0,0.0,1.0,0.0],[0.0,0.0,0.0,1.0]]",p_S_m = R_S_step * p_step_m + t_S_m,STEP_LOCAL:R01_W_upper_-1_130_washer_nut,S,m,mm,True,True,True,False,True
released,R01_W_upper_-1_130_nut,"[[1.0,0.0,0.0,0.0],[0.0,1.0,0.0,0.0],[0.0,0.0,1.0,0.0],[0.0,0.0,0.0,1.0]]",p_S_m = R_S_step * p_step_m + t_S_m,STEP_LOCAL:R01_W_upper_-1_130_nut,S,m,mm,True,True,True,False,True
released,R01_D_upper_1_-150_screw,"[[1.0,0.0,0.0,0.0],[0.0,1.0,0.0,0.0],[0.0,0.0,1.0,0.0],[0.0,0.0,0.0,1.0]]",p_S_m = R_S_step * p_step_m + t_S_m,STEP_LOCAL:R01_D_upper_1_-150_screw,S,m,mm,True,True,True,False,True
released,R01_D_upper_1_-150_washer_head,"[[1.0,0.0,0.0,0.0],[0.0,1.0,0.0,0.0],[0.0,0.0,1.0,0.0],[0.0,0.0,0.0,1.0]]",p_S_m = R_S_step * p_step_m + t_S_m,STEP_LOCAL:R01_D_upper_1_-150_washer_head,S,m,mm,True,True,True,False,True
released,R01_D_upper_1_-150_washer_nut,"[[1.0,0.0,0.0,0.0],[0.0,1.0,0.0,0.0],[0.0,0.0,1.0,0.0],[0.0,0.0,0.0,1.0]]",p_S_m = R_S_step * p_step_m + t_S_m,STEP_LOCAL:R01_D_upper_1_-150_washer_nut,S,m,mm,True,True,True,False,True
released,R01_D_upper_1_-150_nut,"[[1.0,0.0,0.0,0.0],[0.0,1.0,0.0,0.0],[0.0,0.0,1.0,0.0],[0.0,0.0,0.0,1.0]]",p_S_m = R_S_step * p_step_m + t_S_m,STEP_LOCAL:R01_D_upper_1_-150_nut,S,m,mm,True,True,True,False,True
released,R01_D_upper_1_-50_screw,"[[1.0,0.0,0.0,0.0],[0.0,1.0,0.0,0.0],[0.0,0.0,1.0,0.0],[0.0,0.0,0.0,1.0]]",p_S_m = R_S_step * p_step_m + t_S_m,STEP_LOCAL:R01_D_upper_1_-50_screw,S,m,mm,True,True,True,False,True
released,R01_D_upper_1_-50_washer_head,"[[1.0,0.0,0.0,0.0],[0.0,1.0,0.0,0.0],[0.0,0.0,1.0,0.0],[0.0,0.0,0.0,1.0]]",p_S_m = R_S_step * p_step_m + t_S_m,STEP_LOCAL:R01_D_upper_1_-50_washer_head,S,m,mm,True,True,True,False,True
released,R01_D_upper_1_-50_washer_nut,"[[1.0,0.0,0.0,0.0],[0.0,1.0,0.0,0.0],[0.0,0.0,1.0,0.0],[0.0,0.0,0.0,1.0]]",p_S_m = R_S_step * p_step_m + t_S_m,STEP_LOCAL:R01_D_upper_1_-50_washer_nut,S,m,mm,True,True,True,False,True
released,R01_D_upper_1_-50_nut,"[[1.0,0.0,0.0,0.0],[0.0,1.0,0.0,0.0],[0.0,0.0,1.0,0.0],[0.0,0.0,0.0,1.0]]",p_S_m = R_S_step * p_step_m + t_S_m,STEP_LOCAL:R01_D_upper_1_-50_nut,S,m,mm,True,True,True,False,True
released,R01_W_upper_1_-130_screw,"[[1.0,0.0,0.0,0.0],[0.0,1.0,0.0,0.0],[0.0,0.0,1.0,0.0],[0.0,0.0,0.0,1.0]]",p_S_m = R_S_step * p_step_m + t_S_m,STEP_LOCAL:R01_W_upper_1_-130_screw,S,m,mm,True,True,True,False,True
released,R01_W_upper_1_-130_washer_head,"[[1.0,0.0,0.0,0.0],[0.0,1.0,0.0,0.0],[0.0,0.0,1.0,0.0],[0.0,0.0,0.0,1.0]]",p_S_m = R_S_step * p_step_m + t_S_m,STEP_LOCAL:R01_W_upper_1_-130_washer_head,S,m,mm,True,True,True,False,True
released,R01_W_upper_1_-130_washer_nut,"[[1.0,0.0,0.0,0.0],[0.0,1.0,0.0,0.0],[0.0,0.0,1.0,0.0],[0.0,0.0,0.0,1.0]]",p_S_m = R_S_step * p_step_m + t_S_m,STEP_LOCAL:R01_W_upper_1_-130_washer_nut,S,m,mm,True,True,True,False,True
released,R01_W_upper_1_-130_nut,"[[1.0,0.0,0.0,0.0],[0.0,1.0,0.0,0.0],[0.0,0.0,1.0,0.0],[0.0,0.0,0.0,1.0]]",p_S_m = R_S_step * p_step_m + t_S_m,STEP_LOCAL:R01_W_upper_1_-130_nut,S,m,mm,True,True,True,False,True
released,R01_W_upper_1_-70_screw,"[[1.0,0.0,0.0,0.0],[0.0,1.0,0.0,0.0],[0.0,0.0,1.0,0.0],[0.0,0.0,0.0,1.0]]",p_S_m = R_S_step * p_step_m + t_S_m,STEP_LOCAL:R01_W_upper_1_-70_screw,S,m,mm,True,True,True,False,True
released,R01_W_upper_1_-70_washer_head,"[[1.0,0.0,0.0,0.0],[0.0,1.0,0.0,0.0],[0.0,0.0,1.0,0.0],[0.0,0.0,0.0,1.0]]",p_S_m = R_S_step * p_step_m + t_S_m,STEP_LOCAL:R01_W_upper_1_-70_washer_head,S,m,mm,True,True,True,False,True
released,R01_W_upper_1_-70_washer_nut,"[[1.0,0.0,0.0,0.0],[0.0,1.0,0.0,0.0],[0.0,0.0,1.0,0.0],[0.0,0.0,0.0,1.0]]",p_S_m = R_S_step * p_step_m + t_S_m,STEP_LOCAL:R01_W_upper_1_-70_washer_nut,S,m,mm,True,True,True,False,True
released,R01_W_upper_1_-70_nut,"[[1.0,0.0,0.0,0.0],[0.0,1.0,0.0,0.0],[0.0,0.0,1.0,0.0],[0.0,0.0,0.0,1.0]]",p_S_m = R_S_step * p_step_m + t_S_m,STEP_LOCAL:R01_W_upper_1_-70_nut,S,m,mm,True,True,True,False,True
released,R01_D_upper_1_50_screw,"[[1.0,0.0,0.0,0.0],[0.0,1.0,0.0,0.0],[0.0,0.0,1.0,0.0],[0.0,0.0,0.0,1.0]]",p_S_m = R_S_step * p_step_m + t_S_m,STEP_LOCAL:R01_D_upper_1_50_screw,S,m,mm,True,True,True,False,True
released,R01_D_upper_1_50_washer_head,"[[1.0,0.0,0.0,0.0],[0.0,1.0,0.0,0.0],[0.0,0.0,1.0,0.0],[0.0,0.0,0.0,1.0]]",p_S_m = R_S_step * p_step_m + t_S_m,STEP_LOCAL:R01_D_upper_1_50_washer_head,S,m,mm,True,True,True,False,True
released,R01_D_upper_1_50_washer_nut,"[[1.0,0.0,0.0,0.0],[0.0,1.0,0.0,0.0],[0.0,0.0,1.0,0.0],[0.0,0.0,0.0,1.0]]",p_S_m = R_S_step * p_step_m + t_S_m,STEP_LOCAL:R01_D_upper_1_50_washer_nut,S,m,mm,True,True,True,False,True
released,R01_D_upper_1_50_nut,"[[1.0,0.0,0.0,0.0],[0.0,1.0,0.0,0.0],[0.0,0.0,1.0,0.0],[0.0,0.0,0.0,1.0]]",p_S_m = R_S_step * p_step_m + t_S_m,STEP_LOCAL:R01_D_upper_1_50_nut,S,m,mm,True,True,True,False,True
released,R01_D_upper_1_140_screw,"[[1.0,0.0,0.0,0.0],[0.0,1.0,0.0,0.0],[0.0,0.0,1.0,0.0],[0.0,0.0,0.0,1.0]]",p_S_m = R_S_step * p_step_m + t_S_m,STEP_LOCAL:R01_D_upper_1_140_screw,S,m,mm,True,True,True,False,True
released,R01_D_upper_1_140_washer_head,"[[1.0,0.0,0.0,0.0],[0.0,1.0,0.0,0.0],[0.0,0.0,1.0,0.0],[0.0,0.0,0.0,1.0]]",p_S_m = R_S_step * p_step_m + t_S_m,STEP_LOCAL:R01_D_upper_1_140_washer_head,S,m,mm,True,True,True,False,True
released,R01_D_upper_1_140_washer_nut,"[[1.0,0.0,0.0,0.0],[0.0,1.0,0.0,0.0],[0.0,0.0,1.0,0.0],[0.0,0.0,0.0,1.0]]",p_S_m = R_S_step * p_step_m + t_S_m,STEP_LOCAL:R01_D_upper_1_140_washer_nut,S,m,mm,True,True,True,False,True
released,R01_D_upper_1_140_nut,"[[1.0,0.0,0.0,0.0],[0.0,1.0,0.0,0.0],[0.0,0.0,1.0,0.0],[0.0,0.0,0.0,1.0]]",p_S_m = R_S_step * p_step_m + t_S_m,STEP_LOCAL:R01_D_upper_1_140_nut,S,m,mm,True,True,True,False,True
released,R01_W_upper_1_60_screw,"[[1.0,0.0,0.0,0.0],[0.0,1.0,0.0,0.0],[0.0,0.0,1.0,0.0],[0.0,0.0,0.0,1.0]]",p_S_m = R_S_step * p_step_m + t_S_m,STEP_LOCAL:R01_W_upper_1_60_screw,S,m,mm,True,True,True,False,True
released,R01_W_upper_1_60_washer_head,"[[1.0,0.0,0.0,0.0],[0.0,1.0,0.0,0.0],[0.0,0.0,1.0,0.0],[0.0,0.0,0.0,1.0]]",p_S_m = R_S_step * p_step_m + t_S_m,STEP_LOCAL:R01_W_upper_1_60_washer_head,S,m,mm,True,True,True,False,True
released,R01_W_upper_1_60_washer_nut,"[[1.0,0.0,0.0,0.0],[0.0,1.0,0.0,0.0],[0.0,0.0,1.0,0.0],[0.0,0.0,0.0,1.0]]",p_S_m = R_S_step * p_step_m + t_S_m,STEP_LOCAL:R01_W_upper_1_60_washer_nut,S,m,mm,True,True,True,False,True
released,R01_W_upper_1_60_nut,"[[1.0,0.0,0.0,0.0],[0.0,1.0,0.0,0.0],[0.0,0.0,1.0,0.0],[0.0,0.0,0.0,1.0]]",p_S_m = R_S_step * p_step_m + t_S_m,STEP_LOCAL:R01_W_upper_1_60_nut,S,m,mm,True,True,True,False,True
released,R01_W_upper_1_130_screw,"[[1.0,0.0,0.0,0.0],[0.0,1.0,0.0,0.0],[0.0,0.0,1.0,0.0],[0.0,0.0,0.0,1.0]]",p_S_m = R_S_step * p_step_m + t_S_m,STEP_LOCAL:R01_W_upper_1_130_screw,S,m,mm,True,True,True,False,True
released,R01_W_upper_1_130_washer_head,"[[1.0,0.0,0.0,0.0],[0.0,1.0,0.0,0.0],[0.0,0.0,1.0,0.0],[0.0,0.0,0.0,1.0]]",p_S_m = R_S_step * p_step_m + t_S_m,STEP_LOCAL:R01_W_upper_1_130_washer_head,S,m,mm,True,True,True,False,True
released,R01_W_upper_1_130_washer_nut,"[[1.0,0.0,0.0,0.0],[0.0,1.0,0.0,0.0],[0.0,0.0,1.0,0.0],[0.0,0.0,0.0,1.0]]",p_S_m = R_S_step * p_step_m + t_S_m,STEP_LOCAL:R01_W_upper_1_130_washer_nut,S,m,mm,True,True,True,False,True
released,R01_W_upper_1_130_nut,"[[1.0,0.0,0.0,0.0],[0.0,1.0,0.0,0.0],[0.0,0.0,1.0,0.0],[0.0,0.0,0.0,1.0]]",p_S_m = R_S_step * p_step_m + t_S_m,STEP_LOCAL:R01_W_upper_1_130_nut,S,m,mm,True,True,True,False,True
released,rear_launch_bulkhead,"[[1.0,0.0,0.0,-0.186],[0.0,1.0,0.0,0.0],[0.0,0.0,1.0,0.0],[0.0,0.0,0.0,1.0]]",p_S_m = R_S_step * p_step_m + t_S_m,STEP_LOCAL:rear_launch_bulkhead,S,m,mm,True,True,True,False,True
released,rear_vertical_rib_-86,"[[1.0,0.0,0.0,-0.192],[0.0,1.0,0.0,-0.08600000000000001],[0.0,0.0,1.0,0.0],[0.0,0.0,0.0,1.0]]",p_S_m = R_S_step * p_step_m + t_S_m,STEP_LOCAL:rear_vertical_rib_-86,S,m,mm,True,True,True,False,True
released,rear_vertical_rib_86,"[[1.0,0.0,0.0,-0.192],[0.0,1.0,0.0,0.08600000000000001],[0.0,0.0,1.0,0.0],[0.0,0.0,0.0,1.0]]",p_S_m = R_S_step * p_step_m + t_S_m,STEP_LOCAL:rear_vertical_rib_86,S,m,mm,True,True,True,False,True
released,rear_horizontal_rib_-86,"[[1.0,0.0,0.0,-0.192],[0.0,1.0,0.0,0.0],[0.0,0.0,1.0,-0.08600000000000001],[0.0,0.0,0.0,1.0]]",p_S_m = R_S_step * p_step_m + t_S_m,STEP_LOCAL:rear_horizontal_rib_-86,S,m,mm,True,True,True,False,True
released,rear_horizontal_rib_86,"[[1.0,0.0,0.0,-0.192],[0.0,1.0,0.0,0.0],[0.0,0.0,1.0,0.08600000000000001],[0.0,0.0,0.0,1.0]]",p_S_m = R_S_step * p_step_m + t_S_m,STEP_LOCAL:rear_horizontal_rib_86,S,m,mm,True,True,True,False,True
released,launch_interface_reserved_volume,"[[1.0,0.0,0.0,-0.20500000000000002],[0.0,1.0,0.0,0.0],[0.0,0.0,1.0,0.0],[0.0,0.0,0.0,1.0]]",p_S_m = R_S_step * p_step_m + t_S_m,STEP_LOCAL:launch_interface_reserved_volume,S,m,mm,True,True,True,False,True
released,forward_roof_access,"[[1.0,0.0,0.0,-0.088],[0.0,1.0,0.0,0.0],[0.0,0.0,1.0,0.11215000000000001],[0.0,0.0,0.0,1.0]]",p_S_m = R_S_step * p_step_m + t_S_m,STEP_LOCAL:forward_roof_access,S,m,mm,True,True,True,False,True
released,adapter_battery,"[[1.0,0.0,0.0,-0.114],[0.0,1.0,0.0,0.0],[0.0,0.0,1.0,-0.09715000000000001],[0.0,0.0,0.0,1.0]]",p_S_m = R_S_step * p_step_m + t_S_m,STEP_LOCAL:adapter_battery,S,m,mm,True,True,True,False,True
released,thermal_interface_battery,"[[1.0,0.0,0.0,-0.114],[0.0,1.0,0.0,0.0],[0.0,0.0,1.0,-0.09590000000000001],[0.0,0.0,0.0,1.0]]",p_S_m = R_S_step * p_step_m + t_S_m,STEP_LOCAL:thermal_interface_battery,S,m,mm,True,True,True,False,True
released,equipment_battery,"[[1.0,0.0,0.0,-0.114],[0.0,1.0,0.0,0.0],[0.0,0.0,1.0,-0.06315],[0.0,0.0,0.0,1.0]]",p_S_m = R_S_step * p_step_m + t_S_m,STEP_LOCAL:equipment_battery,S,m,mm,True,True,True,False,True
released,connector_battery,"[[1.0,0.0,0.0,-0.114],[0.0,1.0,0.0,-0.089],[0.0,0.0,1.0,-0.08415],[0.0,0.0,0.0,1.0]]",p_S_m = R_S_step * p_step_m + t_S_m,STEP_LOCAL:connector_battery,S,m,mm,True,True,True,False,True
released,adapter_adcs_propulsion_allocation,"[[1.0,0.0,0.0,0.075],[0.0,1.0,0.0,0.0],[0.0,0.0,1.0,-0.09715000000000001],[0.0,0.0,0.0,1.0]]",p_S_m = R_S_step * p_step_m + t_S_m,STEP_LOCAL:adapter_adcs_propulsion_allocation,S,m,mm,True,True,True,False,True
released,thermal_interface_adcs_propulsion_allocation,"[[1.0,0.0,0.0,0.075],[0.0,1.0,0.0,0.0],[0.0,0.0,1.0,-0.09590000000000001],[0.0,0.0,0.0,1.0]]",p_S_m = R_S_step * p_step_m + t_S_m,STEP_LOCAL:thermal_interface_adcs_propulsion_allocation,S,m,mm,True,True,True,False,True
released,equipment_adcs_propulsion_allocation,"[[1.0,0.0,0.0,0.075],[0.0,1.0,0.0,0.0],[0.0,0.0,1.0,-0.05815],[0.0,0.0,0.0,1.0]]",p_S_m = R_S_step * p_step_m + t_S_m,STEP_LOCAL:equipment_adcs_propulsion_allocation,S,m,mm,True,True,True,False,True
released,connector_adcs_propulsion_allocation,"[[1.0,0.0,0.0,0.075],[0.0,1.0,0.0,-0.084],[0.0,0.0,1.0,-0.08415],[0.0,0.0,0.0,1.0]]",p_S_m = R_S_step * p_step_m + t_S_m,STEP_LOCAL:connector_adcs_propulsion_allocation,S,m,mm,True,True,True,False,True
released,adapter_arm_drive,"[[1.0,0.0,0.0,0.0],[0.0,1.0,0.0,0.0],[0.0,0.0,1.0,0.0],[0.0,0.0,0.0,1.0]]",p_S_m = R_S_step * p_step_m + t_S_m,STEP_LOCAL:adapter_arm_drive,S,m,mm,True,False,False,False,True
released,thermal_interface_arm_drive,"[[1.0,0.0,0.0,-0.1135],[0.0,1.0,0.0,-0.051000000000000004],[0.0,0.0,1.0,-0.00625],[0.0,0.0,0.0,1.0]]",p_S_m = R_S_step * p_step_m + t_S_m,STEP_LOCAL:thermal_interface_arm_drive,S,m,mm,True,True,False,False,True
released,equipment_arm_drive,"[[1.0,0.0,0.0,-0.1135],[0.0,1.0,0.0,-0.051000000000000004],[0.0,0.0,1.0,0.014],[0.0,0.0,0.0,1.0]]",p_S_m = R_S_step * p_step_m + t_S_m,STEP_LOCAL:equipment_arm_drive,S,m,mm,True,True,False,False,True
released,connector_arm_drive,"[[1.0,0.0,0.0,-0.1135],[0.0,1.0,0.0,-0.012],[0.0,0.0,1.0,0.0055],[0.0,0.0,0.0,1.0]]",p_S_m = R_S_step * p_step_m + t_S_m,STEP_LOCAL:connector_arm_drive,S,m,mm,True,True,False,False,True
released,adapter_compute_communications,"[[1.0,0.0,0.0,0.0],[0.0,1.0,0.0,0.0],[0.0,0.0,1.0,0.0],[0.0,0.0,0.0,1.0]]",p_S_m = R_S_step * p_step_m + t_S_m,STEP_LOCAL:adapter_compute_communications,S,m,mm,True,False,False,False,True
released,thermal_interface_compute_communications,"[[0.0,-1.0,0.0,-0.115],[1.0,0.0,0.0,0.039],[0.0,0.0,1.0,-0.00625],[0.0,0.0,0.0,1.0]]",p_S_m = R_S_step * p_step_m + t_S_m,STEP_LOCAL:thermal_interface_compute_communications,S,m,mm,True,True,False,False,True
released,equipment_compute_communications,"[[0.0,-1.0,0.0,-0.115],[1.0,0.0,0.0,0.039],[0.0,0.0,1.0,0.014],[0.0,0.0,0.0,1.0]]",p_S_m = R_S_step * p_step_m + t_S_m,STEP_LOCAL:equipment_compute_communications,S,m,mm,True,True,False,False,True
released,connector_compute_communications,"[[0.0,-1.0,0.0,-0.1565],[1.0,0.0,0.0,0.039],[0.0,0.0,1.0,0.0055],[0.0,0.0,0.0,1.0]]",p_S_m = R_S_step * p_step_m + t_S_m,STEP_LOCAL:connector_compute_communications,S,m,mm,True,True,False,False,True
released,adapter_navigation_electronics,"[[1.0,0.0,0.0,0.1],[0.0,0.0,-1.0,0.0955],[0.0,1.0,0.0,0.035],[0.0,0.0,0.0,1.0]]",p_S_m = R_S_step * p_step_m + t_S_m,STEP_LOCAL:adapter_navigation_electronics,S,m,mm,True,True,False,False,True
released,thermal_interface_navigation_electronics,"[[1.0,0.0,0.0,0.1],[0.0,0.0,-1.0,0.09425],[0.0,1.0,0.0,0.035],[0.0,0.0,0.0,1.0]]",p_S_m = R_S_step * p_step_m + t_S_m,STEP_LOCAL:thermal_interface_navigation_electronics,S,m,mm,True,True,False,False,True
released,equipment_navigation_electronics,"[[1.0,0.0,0.0,0.1],[0.0,0.0,-1.0,0.074],[0.0,1.0,0.0,0.035],[0.0,0.0,0.0,1.0]]",p_S_m = R_S_step * p_step_m + t_S_m,STEP_LOCAL:equipment_navigation_electronics,S,m,mm,True,True,False,False,True
released,connector_navigation_electronics,"[[1.0,0.0,0.0,0.1],[0.0,0.0,-1.0,0.0825],[0.0,1.0,0.0,-0.004],[0.0,0.0,0.0,1.0]]",p_S_m = R_S_step * p_step_m + t_S_m,STEP_LOCAL:connector_navigation_electronics,S,m,mm,True,True,False,False,True
released,trunk_clip_-140,"[[1.0,-0.0,0.0,-0.095],[0.0,1.0,0.0,0.0015],[0.0,0.0,1.0,0.045],[0.0,0.0,0.0,1.0]]",p_S_m = R_S_step * p_step_m + t_S_m,STEP_LOCAL:trunk_clip_-140,S,m,mm,True,False,False,False,True
released,trunk_clip_standoff_-140,"[[1.0,-0.0,0.0,-0.095],[0.0,1.0,0.0,0.0015],[0.0,0.0,1.0,0.045],[0.0,0.0,0.0,1.0]]",p_S_m = R_S_step * p_step_m + t_S_m,STEP_LOCAL:trunk_clip_standoff_-140,S,m,mm,True,False,False,False,True
released,trunk_clip_-70,"[[1.0,-0.0,0.0,-0.03],[0.0,1.0,0.0,0.0015],[0.0,0.0,1.0,-0.002],[0.0,0.0,0.0,1.0]]",p_S_m = R_S_step * p_step_m + t_S_m,STEP_LOCAL:trunk_clip_-70,S,m,mm,True,False,False,False,True
released,trunk_clip_standoff_-70,"[[1.0,-0.0,0.0,-0.03],[0.0,1.0,0.0,0.0015],[0.0,0.0,1.0,-0.002],[0.0,0.0,0.0,1.0]]",p_S_m = R_S_step * p_step_m + t_S_m,STEP_LOCAL:trunk_clip_standoff_-70,S,m,mm,True,False,False,False,True
released,trunk_clip_0,"[[1.0,-0.0,0.0,0.025],[0.0,1.0,0.0,0.0015],[0.0,0.0,1.0,-0.002],[0.0,0.0,0.0,1.0]]",p_S_m = R_S_step * p_step_m + t_S_m,STEP_LOCAL:trunk_clip_0,S,m,mm,True,False,False,False,True
released,trunk_clip_standoff_0,"[[1.0,-0.0,0.0,0.025],[0.0,1.0,0.0,0.0015],[0.0,0.0,1.0,-0.002],[0.0,0.0,0.0,1.0]]",p_S_m = R_S_step * p_step_m + t_S_m,STEP_LOCAL:trunk_clip_standoff_0,S,m,mm,True,False,False,False,True
released,trunk_clip_65,"[[6.123233995736766e-17,1.0,0.0,0.065],[-1.0,6.123233995736766e-17,0.0,-0.04],[0.0,0.0,1.0,-0.002],[0.0,0.0,0.0,1.0]]",p_S_m = R_S_step * p_step_m + t_S_m,STEP_LOCAL:trunk_clip_65,S,m,mm,True,False,False,False,True
released,trunk_clip_standoff_65,"[[6.123233995736766e-17,1.0,0.0,0.065],[-1.0,6.123233995736766e-17,0.0,-0.04],[0.0,0.0,1.0,-0.002],[0.0,0.0,0.0,1.0]]",p_S_m = R_S_step * p_step_m + t_S_m,STEP_LOCAL:trunk_clip_standoff_65,S,m,mm,True,False,False,False,True
released,release_power_data_route_0_0,"[[1.0,0.0,0.0,0.0],[0.0,1.0,0.0,0.0],[0.0,0.0,1.0,0.0],[0.0,0.0,0.0,1.0]]",p_S_m = R_S_step * p_step_m + t_S_m,STEP_LOCAL:release_power_data_route_0_0,S,m,mm,True,True,True,False,True
released,release_power_data_route_0_1,"[[1.0,0.0,0.0,0.0],[0.0,1.0,0.0,0.0],[0.0,0.0,1.0,0.0],[0.0,0.0,0.0,1.0]]",p_S_m = R_S_step * p_step_m + t_S_m,STEP_LOCAL:release_power_data_route_0_1,S,m,mm,True,True,True,False,True
released,release_power_data_route_1_0,"[[1.0,0.0,0.0,0.0],[0.0,1.0,0.0,0.0],[0.0,0.0,1.0,0.0],[0.0,0.0,0.0,1.0]]",p_S_m = R_S_step * p_step_m + t_S_m,STEP_LOCAL:release_power_data_route_1_0,S,m,mm,True,True,True,False,True
released,release_power_data_route_1_1,"[[1.0,0.0,0.0,0.0],[0.0,1.0,0.0,0.0],[0.0,0.0,1.0,0.0],[0.0,0.0,0.0,1.0]]",p_S_m = R_S_step * p_step_m + t_S_m,STEP_LOCAL:release_power_data_route_1_1,S,m,mm,True,True,True,False,True
released,arm_service_loop_root_service_loop,"[[1.0,0.0,0.0,0.0],[0.0,1.0,0.0,0.0],[0.0,0.0,1.0,0.0],[0.0,0.0,0.0,1.0]]",p_S_m = R_S_step * p_step_m + t_S_m,STEP_LOCAL:arm_service_loop_root_service_loop,S,m,mm,True,True,True,False,True
released,arm_service_loop_joint2_loop,"[[1.0,0.0,0.0,0.0],[0.0,1.0,0.0,0.0],[0.0,0.0,1.0,0.0],[0.0,0.0,0.0,1.0]]",p_S_m = R_S_step * p_step_m + t_S_m,STEP_LOCAL:arm_service_loop_joint2_loop,S,m,mm,True,True,True,False,True
released,radiator_spreader,"[[1.0,0.0,0.0,0.0],[0.0,1.0,0.0,0.0],[0.0,0.0,1.0,0.0],[0.0,0.0,0.0,1.0]]",p_S_m = R_S_step * p_step_m + t_S_m,STEP_LOCAL:radiator_spreader,S,m,mm,True,False,False,False,True
released,navigation_camera_bracket,"[[1.0,0.0,0.0,0.187],[0.0,1.0,0.0,-0.07200000000000001],[0.0,0.0,1.0,0.062],[0.0,0.0,0.0,1.0]]",p_S_m = R_S_step * p_step_m + t_S_m,STEP_LOCAL:navigation_camera_bracket,S,m,mm,True,True,True,False,True
released,navigation_camera,"[[1.0,0.0,0.0,0.20650000000000002],[0.0,1.0,0.0,-0.07200000000000001],[0.0,0.0,1.0,0.062],[0.0,0.0,0.0,1.0]]",p_S_m = R_S_step * p_step_m + t_S_m,STEP_LOCAL:navigation_camera,S,m,mm,True,True,True,False,True
released,camera_lens,"[[1.0,0.0,0.0,0.226],[0.0,1.0,0.0,-0.07200000000000001],[0.0,0.0,1.0,0.062],[0.0,0.0,0.0,1.0]]",p_S_m = R_S_step * p_step_m + t_S_m,STEP_LOCAL:camera_lens,S,m,mm,True,True,True,False,True
released,antenna_mount,"[[1.0,0.0,0.0,-0.14200000000000002],[0.0,1.0,0.0,0.056],[0.0,0.0,1.0,0.11615],[0.0,0.0,0.0,1.0]]",p_S_m = R_S_step * p_step_m + t_S_m,STEP_LOCAL:antenna_mount,S,m,mm,True,True,True,False,True
released,communications_antenna,"[[1.0,0.0,0.0,-0.14200000000000002],[0.0,1.0,0.0,0.056],[0.0,0.0,1.0,0.12165000000000001],[0.0,0.0,0.0,1.0]]",p_S_m = R_S_step * p_step_m + t_S_m,STEP_LOCAL:communications_antenna,S,m,mm,True,True,True,False,True
released,hold_crossbeam_0,"[[1.0,0.0,0.0,-0.115],[0.0,1.0,0.0,0.0],[0.0,0.0,1.0,0.10115],[0.0,0.0,0.0,1.0]]",p_S_m = R_S_step * p_step_m + t_S_m,STEP_LOCAL:hold_crossbeam_0,S,m,mm,True,True,True,False,True
released,hold_roof_lug_0_-94.15,"[[1.0,0.0,0.0,-0.115],[0.0,1.0,0.0,-0.09415000000000001],[0.0,0.0,1.0,0.11215000000000001],[0.0,0.0,0.0,1.0]]",p_S_m = R_S_step * p_step_m + t_S_m,STEP_LOCAL:hold_roof_lug_0_-94.15,S,m,mm,True,True,True,False,True
released,hold_roof_lug_0_94.15,"[[1.0,0.0,0.0,-0.115],[0.0,1.0,0.0,0.09415000000000001],[0.0,0.0,1.0,0.11215000000000001],[0.0,0.0,0.0,1.0]]",p_S_m = R_S_step * p_step_m + t_S_m,STEP_LOCAL:hold_roof_lug_0_94.15,S,m,mm,True,True,True,False,True
released,hold_pivot_clevis_0,"[[1.0,0.0,0.0,-0.115],[0.0,1.0,0.0,-0.099],[0.0,0.0,1.0,0.13315000000000002],[0.0,0.0,0.0,1.0]]",p_S_m = R_S_step * p_step_m + t_S_m,STEP_LOCAL:hold_pivot_clevis_0,S,m,mm,True,True,True,False,True
released,hold_pivot_pin_0,"[[1.0,0.0,0.0,-0.115],[0.0,1.0,0.0,-0.099],[0.0,0.0,1.0,0.13515000000000002],[0.0,0.0,0.0,1.0]]",p_S_m = R_S_step * p_step_m + t_S_m,STEP_LOCAL:hold_pivot_pin_0,S,m,mm,True,True,True,False,True
released,hold_saddle_0,"[[1.0000000000000004,0.0,0.0,-0.115],[0.0,0.0,-1.0000000000000004,-0.099],[0.0,1.0000000000000004,0.0,0.13515000000000002],[0.0,0.0,0.0,1.0]]",p_S_m = R_S_step * p_step_m + t_S_m,STEP_LOCAL:hold_saddle_0,S,m,mm,True,True,True,False,True
released,hold_contact_pad_0_0,"[[1.0000000000000004,0.0,0.0,-0.115],[0.0,0.0,-1.0000000000000004,-0.099],[0.0,1.0000000000000004,0.0,0.13515000000000002],[0.0,0.0,0.0,1.0]]",p_S_m = R_S_step * p_step_m + t_S_m,STEP_LOCAL:hold_contact_pad_0_0,S,m,mm,True,True,True,False,True
released,hold_contact_pad_0_1,"[[1.0000000000000004,0.0,0.0,-0.115],[0.0,0.0,-1.0000000000000004,-0.099],[0.0,1.0000000000000004,0.0,0.13515000000000002],[0.0,0.0,0.0,1.0]]",p_S_m = R_S_step * p_step_m + t_S_m,STEP_LOCAL:hold_contact_pad_0_1,S,m,mm,True,True,True,False,True
released,hold_open_cap_0,"[[1.0000000000000004,0.0,0.0,-0.115],[0.0,-0.9848077530122088,0.1736481776669304,-0.461363134],[0.0,-0.17364817766693041,-0.9848077530122088,0.13515000000000005],[0.0,0.0,0.0,1.0]]",p_S_m = R_S_step * p_step_m + t_S_m,STEP_LOCAL:hold_open_cap_0,S,m,mm,True,True,True,False,True
released,hold_upper_pad_0,"[[1.0000000000000004,0.0,0.0,-0.115],[0.0,-0.9848077530122088,0.1736481776669304,-0.461363134],[0.0,-0.17364817766693041,-0.9848077530122088,0.13515000000000005],[0.0,0.0,0.0,1.0]]",p_S_m = R_S_step * p_step_m + t_S_m,STEP_LOCAL:hold_upper_pad_0,S,m,mm,True,True,True,False,True
released,hold_cap_pin_0,"[[1.0000000000000004,0.0,0.0,-0.115],[0.0,-0.9848077530122088,0.1736481776669304,-0.461363134],[0.0,-0.17364817766693041,-0.9848077530122088,0.13515000000000005],[0.0,0.0,0.0,1.0]]",p_S_m = R_S_step * p_step_m + t_S_m,STEP_LOCAL:hold_cap_pin_0,S,m,mm,True,True,True,False,True
released,hold_cap_tie_0,"[[1.0000000000000004,0.0,0.0,-0.115],[0.0,-0.9848077530122088,0.1736481776669304,-0.461363134],[0.0,-0.17364817766693041,-0.9848077530122088,0.13515000000000005],[0.0,0.0,0.0,1.0]]",p_S_m = R_S_step * p_step_m + t_S_m,STEP_LOCAL:hold_cap_tie_0,S,m,mm,True,True,True,False,True
released,hold_latch_clevis_0,"[[1.0000000000000004,0.0,0.0,-0.115],[0.0,0.0,-1.0000000000000004,-0.099],[0.0,1.0000000000000004,0.0,0.13515000000000002],[0.0,0.0,0.0,1.0]]",p_S_m = R_S_step * p_step_m + t_S_m,STEP_LOCAL:hold_latch_clevis_0,S,m,mm,True,True,True,False,True
released,hold_latch_pin_0,"[[1.0000000000000004,0.0,0.0,-0.115],[0.0,0.0,-1.0000000000000004,-0.099],[0.0,1.0000000000000004,0.0,0.13515000000000002],[0.0,0.0,0.0,1.0]]",p_S_m = R_S_step * p_step_m + t_S_m,STEP_LOCAL:hold_latch_pin_0,S,m,mm,True,True,True,False,True
released,hold_latch_puller_0,"[[1.0000000000000004,0.0,0.0,-0.115],[0.0,0.0,-1.0000000000000004,-0.099],[0.0,1.0000000000000004,0.0,0.13515000000000002],[0.0,0.0,0.0,1.0]]",p_S_m = R_S_step * p_step_m + t_S_m,STEP_LOCAL:hold_latch_puller_0,S,m,mm,True,True,True,False,True
released,hold_shoe_spring_release_0,"[[1.0000000000000004,0.0,0.0,-0.115],[0.0,0.0,-1.0000000000000004,-0.099],[0.0,1.0000000000000004,0.0,0.13515000000000002],[0.0,0.0,0.0,1.0]]",p_S_m = R_S_step * p_step_m + t_S_m,STEP_LOCAL:hold_shoe_spring_release_0,S,m,mm,True,True,True,False,True
released,hold_electric_release_0,"[[1.0,0.0,0.0,-0.115],[0.0,1.0,0.0,-0.122],[0.0,0.0,1.0,0.14915],[0.0,0.0,0.0,1.0]]",p_S_m = R_S_step * p_step_m + t_S_m,STEP_LOCAL:hold_electric_release_0,S,m,mm,True,True,True,False,True
released,hold_torsion_spring_0,"[[1.0,0.0,0.0,-0.137],[0.0,1.0,0.0,-0.099],[0.0,0.0,1.0,0.13515000000000002],[0.0,0.0,0.0,1.0]]",p_S_m = R_S_step * p_step_m + t_S_m,STEP_LOCAL:hold_torsion_spring_0,S,m,mm,True,True,True,False,True
released,hold_position_sensor_0,"[[1.0,0.0,0.0,-0.092],[0.0,1.0,0.0,-0.099],[0.0,0.0,1.0,0.13115000000000002],[0.0,0.0,0.0,1.0]]",p_S_m = R_S_step * p_step_m + t_S_m,STEP_LOCAL:hold_position_sensor_0,S,m,mm,True,True,True,False,True
released,hold_confirm_latch_0,"[[1.0000000000000004,0.0,0.0,-0.115],[0.0,0.0,-1.0000000000000004,-0.099],[0.0,1.0000000000000004,0.0,0.13515000000000002],[0.0,0.0,0.0,1.0]]",p_S_m = R_S_step * p_step_m + t_S_m,STEP_LOCAL:hold_confirm_latch_0,S,m,mm,True,True,True,False,True
released,hold_confirm_cap_0,"[[1.0000000000000004,0.0,0.0,-0.115],[0.0,0.0,-1.0000000000000004,-0.099],[0.0,1.0000000000000004,0.0,0.13515000000000002],[0.0,0.0,0.0,1.0]]",p_S_m = R_S_step * p_step_m + t_S_m,STEP_LOCAL:hold_confirm_cap_0,S,m,mm,True,True,True,False,True
released,hold_confirm_shoe_0,"[[1.0000000000000004,0.0,0.0,-0.115],[0.0,0.0,-1.0000000000000004,-0.099],[0.0,1.0000000000000004,0.0,0.13515000000000002],[0.0,0.0,0.0,1.0]]",p_S_m = R_S_step * p_step_m + t_S_m,STEP_LOCAL:hold_confirm_shoe_0,S,m,mm,True,True,True,False,True
released,hold_crossbeam_1,"[[1.0,0.0,0.0,-0.04],[0.0,1.0,0.0,0.0],[0.0,0.0,1.0,0.10115],[0.0,0.0,0.0,1.0]]",p_S_m = R_S_step * p_step_m + t_S_m,STEP_LOCAL:hold_crossbeam_1,S,m,mm,True,True,True,False,True
released,hold_roof_lug_1_-94.15,"[[1.0,0.0,0.0,-0.04],[0.0,1.0,0.0,-0.09415000000000001],[0.0,0.0,1.0,0.11215000000000001],[0.0,0.0,0.0,1.0]]",p_S_m = R_S_step * p_step_m + t_S_m,STEP_LOCAL:hold_roof_lug_1_-94.15,S,m,mm,True,True,True,False,True
released,hold_roof_lug_1_94.15,"[[1.0,0.0,0.0,-0.04],[0.0,1.0,0.0,0.09415000000000001],[0.0,0.0,1.0,0.11215000000000001],[0.0,0.0,0.0,1.0]]",p_S_m = R_S_step * p_step_m + t_S_m,STEP_LOCAL:hold_roof_lug_1_94.15,S,m,mm,True,True,True,False,True
released,hold_pivot_clevis_1,"[[1.0,0.0,0.0,-0.04],[0.0,1.0,0.0,-0.099],[0.0,0.0,1.0,0.13315000000000002],[0.0,0.0,0.0,1.0]]",p_S_m = R_S_step * p_step_m + t_S_m,STEP_LOCAL:hold_pivot_clevis_1,S,m,mm,True,True,True,False,True
released,hold_pivot_pin_1,"[[1.0,0.0,0.0,-0.04],[0.0,1.0,0.0,-0.099],[0.0,0.0,1.0,0.13515000000000002],[0.0,0.0,0.0,1.0]]",p_S_m = R_S_step * p_step_m + t_S_m,STEP_LOCAL:hold_pivot_pin_1,S,m,mm,True,True,True,False,True
released,hold_saddle_1,"[[1.0000000000000004,0.0,0.0,-0.04],[0.0,0.0,-1.0000000000000004,-0.099],[0.0,1.0000000000000004,0.0,0.13515000000000002],[0.0,0.0,0.0,1.0]]",p_S_m = R_S_step * p_step_m + t_S_m,STEP_LOCAL:hold_saddle_1,S,m,mm,True,True,True,False,True
released,hold_contact_pad_1_0,"[[1.0000000000000004,0.0,0.0,-0.04],[0.0,0.0,-1.0000000000000004,-0.099],[0.0,1.0000000000000004,0.0,0.13515000000000002],[0.0,0.0,0.0,1.0]]",p_S_m = R_S_step * p_step_m + t_S_m,STEP_LOCAL:hold_contact_pad_1_0,S,m,mm,True,True,True,False,True
released,hold_contact_pad_1_1,"[[1.0000000000000004,0.0,0.0,-0.04],[0.0,0.0,-1.0000000000000004,-0.099],[0.0,1.0000000000000004,0.0,0.13515000000000002],[0.0,0.0,0.0,1.0]]",p_S_m = R_S_step * p_step_m + t_S_m,STEP_LOCAL:hold_contact_pad_1_1,S,m,mm,True,True,True,False,True
released,hold_open_cap_1,"[[1.0000000000000004,0.0,0.0,-0.04],[0.0,-0.9848077530122088,0.1736481776669304,-0.504664321],[0.0,-0.17364817766693041,-0.9848077530122088,0.13515000000000005],[0.0,0.0,0.0,1.0]]",p_S_m = R_S_step * p_step_m + t_S_m,STEP_LOCAL:hold_open_cap_1,S,m,mm,True,True,True,False,True
released,hold_upper_pad_1,"[[1.0000000000000004,0.0,0.0,-0.04],[0.0,-0.9848077530122088,0.1736481776669304,-0.504664321],[0.0,-0.17364817766693041,-0.9848077530122088,0.13515000000000005],[0.0,0.0,0.0,1.0]]",p_S_m = R_S_step * p_step_m + t_S_m,STEP_LOCAL:hold_upper_pad_1,S,m,mm,True,True,True,False,True
released,hold_cap_pin_1,"[[1.0000000000000004,0.0,0.0,-0.04],[0.0,-0.9848077530122088,0.1736481776669304,-0.504664321],[0.0,-0.17364817766693041,-0.9848077530122088,0.13515000000000005],[0.0,0.0,0.0,1.0]]",p_S_m = R_S_step * p_step_m + t_S_m,STEP_LOCAL:hold_cap_pin_1,S,m,mm,True,True,True,False,True
released,hold_cap_tie_1,"[[1.0000000000000004,0.0,0.0,-0.04],[0.0,-0.9848077530122088,0.1736481776669304,-0.504664321],[0.0,-0.17364817766693041,-0.9848077530122088,0.13515000000000005],[0.0,0.0,0.0,1.0]]",p_S_m = R_S_step * p_step_m + t_S_m,STEP_LOCAL:hold_cap_tie_1,S,m,mm,True,True,True,False,True
released,hold_latch_clevis_1,"[[1.0000000000000004,0.0,0.0,-0.04],[0.0,0.0,-1.0000000000000004,-0.099],[0.0,1.0000000000000004,0.0,0.13515000000000002],[0.0,0.0,0.0,1.0]]",p_S_m = R_S_step * p_step_m + t_S_m,STEP_LOCAL:hold_latch_clevis_1,S,m,mm,True,True,True,False,True
released,hold_latch_pin_1,"[[1.0000000000000004,0.0,0.0,-0.04],[0.0,0.0,-1.0000000000000004,-0.099],[0.0,1.0000000000000004,0.0,0.13515000000000002],[0.0,0.0,0.0,1.0]]",p_S_m = R_S_step * p_step_m + t_S_m,STEP_LOCAL:hold_latch_pin_1,S,m,mm,True,True,True,False,True
released,hold_latch_puller_1,"[[1.0000000000000004,0.0,0.0,-0.04],[0.0,0.0,-1.0000000000000004,-0.099],[0.0,1.0000000000000004,0.0,0.13515000000000002],[0.0,0.0,0.0,1.0]]",p_S_m = R_S_step * p_step_m + t_S_m,STEP_LOCAL:hold_latch_puller_1,S,m,mm,True,True,True,False,True
released,hold_shoe_spring_release_1,"[[1.0000000000000004,0.0,0.0,-0.04],[0.0,0.0,-1.0000000000000004,-0.099],[0.0,1.0000000000000004,0.0,0.13515000000000002],[0.0,0.0,0.0,1.0]]",p_S_m = R_S_step * p_step_m + t_S_m,STEP_LOCAL:hold_shoe_spring_release_1,S,m,mm,True,True,True,False,True
released,hold_electric_release_1,"[[1.0,0.0,0.0,-0.04],[0.0,1.0,0.0,-0.122],[0.0,0.0,1.0,0.14915],[0.0,0.0,0.0,1.0]]",p_S_m = R_S_step * p_step_m + t_S_m,STEP_LOCAL:hold_electric_release_1,S,m,mm,True,True,True,False,True
released,hold_torsion_spring_1,"[[1.0,0.0,0.0,-0.062],[0.0,1.0,0.0,-0.099],[0.0,0.0,1.0,0.13515000000000002],[0.0,0.0,0.0,1.0]]",p_S_m = R_S_step * p_step_m + t_S_m,STEP_LOCAL:hold_torsion_spring_1,S,m,mm,True,True,True,False,True
released,hold_position_sensor_1,"[[1.0,0.0,0.0,-0.017],[0.0,1.0,0.0,-0.099],[0.0,0.0,1.0,0.13115000000000002],[0.0,0.0,0.0,1.0]]",p_S_m = R_S_step * p_step_m + t_S_m,STEP_LOCAL:hold_position_sensor_1,S,m,mm,True,True,True,False,True
released,hold_confirm_latch_1,"[[1.0000000000000004,0.0,0.0,-0.04],[0.0,0.0,-1.0000000000000004,-0.099],[0.0,1.0000000000000004,0.0,0.13515000000000002],[0.0,0.0,0.0,1.0]]",p_S_m = R_S_step * p_step_m + t_S_m,STEP_LOCAL:hold_confirm_latch_1,S,m,mm,True,True,True,False,True
released,hold_confirm_cap_1,"[[1.0000000000000004,0.0,0.0,-0.04],[0.0,0.0,-1.0000000000000004,-0.099],[0.0,1.0000000000000004,0.0,0.13515000000000002],[0.0,0.0,0.0,1.0]]",p_S_m = R_S_step * p_step_m + t_S_m,STEP_LOCAL:hold_confirm_cap_1,S,m,mm,True,True,True,False,True
released,hold_confirm_shoe_1,"[[1.0000000000000004,0.0,0.0,-0.04],[0.0,0.0,-1.0000000000000004,-0.099],[0.0,1.0000000000000004,0.0,0.13515000000000002],[0.0,0.0,0.0,1.0]]",p_S_m = R_S_step * p_step_m + t_S_m,STEP_LOCAL:hold_confirm_shoe_1,S,m,mm,True,True,True,False,True
released,wing_-1_leaf_1,"[[1.0,0.0,0.0,0.0],[0.0,0.0,-1.0,-0.12115000000000001],[0.0,1.0,0.0,-0.008150000000000006],[0.0,0.0,0.0,1.0]]",p_S_m = R_S_step * p_step_m + t_S_m,STEP_LOCAL:wing_-1_leaf_1,S,m,mm,True,True,True,False,True
released,wing_root_fork_-1_-1,"[[1.0,0.0,0.0,0.0],[0.0,1.0,0.0,0.0],[0.0,0.0,1.0,0.0],[0.0,0.0,0.0,1.0]]",p_S_m = R_S_step * p_step_m + t_S_m,STEP_LOCAL:wing_root_fork_-1_-1,S,m,mm,True,True,True,False,True
released,wing_hinge_pin_-1_1_-1,"[[1.0,0.0,0.0,-0.162],[0.0,1.0,0.0,-0.12115000000000001],[0.0,0.0,1.0,-0.10815000000000001],[0.0,0.0,0.0,1.0]]",p_S_m = R_S_step * p_step_m + t_S_m,STEP_LOCAL:wing_hinge_pin_-1_1_-1,S,m,mm,True,True,True,False,True
released,wing_root_fork_-1_1,"[[1.0,0.0,0.0,0.0],[0.0,1.0,0.0,0.0],[0.0,0.0,1.0,0.0],[0.0,0.0,0.0,1.0]]",p_S_m = R_S_step * p_step_m + t_S_m,STEP_LOCAL:wing_root_fork_-1_1,S,m,mm,True,True,True,False,True
released,wing_hinge_pin_-1_1_1,"[[1.0,0.0,0.0,0.162],[0.0,1.0,0.0,-0.12115000000000001],[0.0,0.0,1.0,-0.10815000000000001],[0.0,0.0,0.0,1.0]]",p_S_m = R_S_step * p_step_m + t_S_m,STEP_LOCAL:wing_hinge_pin_-1_1_1,S,m,mm,True,True,True,False,True
released,wing_-1_leaf_2,"[[1.0,0.0,0.0,0.0],[0.0,-1.2246467991473532e-16,1.0,-0.12565],[0.0,-1.0,-1.2246467991473532e-16,-0.008150000000000006],[0.0,0.0,0.0,1.0]]",p_S_m = R_S_step * p_step_m + t_S_m,STEP_LOCAL:wing_-1_leaf_2,S,m,mm,True,True,True,False,True
released,wing_hinge_pin_-1_2_-1,"[[1.0,0.0,0.0,-0.162],[0.0,1.0,0.0,-0.12565],[0.0,0.0,1.0,0.09185],[0.0,0.0,0.0,1.0]]",p_S_m = R_S_step * p_step_m + t_S_m,STEP_LOCAL:wing_hinge_pin_-1_2_-1,S,m,mm,True,True,True,False,True
released,wing_hinge_pin_-1_2_1,"[[1.0,0.0,0.0,0.162],[0.0,1.0,0.0,-0.12565],[0.0,0.0,1.0,0.09185],[0.0,0.0,0.0,1.0]]",p_S_m = R_S_step * p_step_m + t_S_m,STEP_LOCAL:wing_hinge_pin_-1_2_1,S,m,mm,True,True,True,False,True
released,wing_-1_leaf_3,"[[1.0,0.0,0.0,0.0],[0.0,0.0,-1.0,-0.13015000000000004],[0.0,1.0,0.0,-0.008150000000000006],[0.0,0.0,0.0,1.0]]",p_S_m = R_S_step * p_step_m + t_S_m,STEP_LOCAL:wing_-1_leaf_3,S,m,mm,True,True,True,False,True
released,wing_hinge_pin_-1_3_-1,"[[1.0,0.0,0.0,-0.188],[0.0,1.0,0.0,-0.13015000000000004],[0.0,0.0,1.0,-0.10815000000000001],[0.0,0.0,0.0,1.0]]",p_S_m = R_S_step * p_step_m + t_S_m,STEP_LOCAL:wing_hinge_pin_-1_3_-1,S,m,mm,True,True,True,False,True
released,wing_hinge_pin_-1_3_1,"[[1.0,0.0,0.0,0.188],[0.0,1.0,0.0,-0.13015000000000004],[0.0,0.0,1.0,-0.10815000000000001],[0.0,0.0,0.0,1.0]]",p_S_m = R_S_step * p_step_m + t_S_m,STEP_LOCAL:wing_hinge_pin_-1_3_1,S,m,mm,True,True,True,False,True
released,wing_edge_frame_-1_1_-1,"[[1.0,0.0,0.0,0.0],[0.0,0.0,-1.0,-0.12115000000000001],[0.0,1.0,0.0,-0.008150000000000006],[0.0,0.0,0.0,1.0]]",p_S_m = R_S_step * p_step_m + t_S_m,STEP_LOCAL:wing_edge_frame_-1_1_-1,S,m,mm,True,True,True,False,True
released,wing_edge_frame_-1_1_1,"[[1.0,0.0,0.0,0.0],[0.0,0.0,-1.0,-0.12115000000000001],[0.0,1.0,0.0,-0.008150000000000006],[0.0,0.0,0.0,1.0]]",p_S_m = R_S_step * p_step_m + t_S_m,STEP_LOCAL:wing_edge_frame_-1_1_1,S,m,mm,True,True,True,False,True
released,wing_edge_frame_-1_2_-1,"[[1.0,0.0,0.0,0.0],[0.0,-1.2246467991473532e-16,1.0,-0.12565],[0.0,-1.0,-1.2246467991473532e-16,-0.008150000000000006],[0.0,0.0,0.0,1.0]]",p_S_m = R_S_step * p_step_m + t_S_m,STEP_LOCAL:wing_edge_frame_-1_2_-1,S,m,mm,True,True,True,False,True
released,wing_edge_frame_-1_2_1,"[[1.0,0.0,0.0,0.0],[0.0,-1.2246467991473532e-16,1.0,-0.12565],[0.0,-1.0,-1.2246467991473532e-16,-0.008150000000000006],[0.0,0.0,0.0,1.0]]",p_S_m = R_S_step * p_step_m + t_S_m,STEP_LOCAL:wing_edge_frame_-1_2_1,S,m,mm,True,True,True,False,True
released,wing_edge_frame_-1_3_-1,"[[1.0,0.0,0.0,0.0],[0.0,0.0,-1.0,-0.13015000000000004],[0.0,1.0,0.0,-0.008150000000000006],[0.0,0.0,0.0,1.0]]",p_S_m = R_S_step * p_step_m + t_S_m,STEP_LOCAL:wing_edge_frame_-1_3_-1,S,m,mm,True,True,True,False,True
released,wing_edge_frame_-1_3_1,"[[1.0,0.0,0.0,0.0],[0.0,0.0,-1.0,-0.13015000000000004],[0.0,1.0,0.0,-0.008150000000000006],[0.0,0.0,0.0,1.0]]",p_S_m = R_S_step * p_step_m + t_S_m,STEP_LOCAL:wing_edge_frame_-1_3_1,S,m,mm,True,True,True,False,True
released,wing_release_budget_-1,"[[1.0,0.0,0.0,-0.176],[0.0,1.0,0.0,-0.128],[0.0,0.0,1.0,0.0],[0.0,0.0,0.0,1.0]]",p_S_m = R_S_step * p_step_m + t_S_m,STEP_LOCAL:wing_release_budget_-1,S,m,mm,True,True,True,False,True
released,wing_harness_budget_-1,"[[1.0,0.0,0.0,0.132],[0.0,1.0,0.0,-0.12115000000000001],[0.0,0.0,1.0,-0.1],[0.0,0.0,0.0,1.0]]",p_S_m = R_S_step * p_step_m + t_S_m,STEP_LOCAL:wing_harness_budget_-1,S,m,mm,True,True,True,False,True
released,wing_1_leaf_1,"[[1.0,0.0,0.0,0.0],[0.0,0.0,-1.0,0.12115000000000001],[0.0,1.0,0.0,-0.008150000000000006],[0.0,0.0,0.0,1.0]]",p_S_m = R_S_step * p_step_m + t_S_m,STEP_LOCAL:wing_1_leaf_1,S,m,mm,True,True,True,False,True
released,wing_root_fork_1_-1,"[[1.0,0.0,0.0,0.0],[0.0,1.0,0.0,0.0],[0.0,0.0,1.0,0.0],[0.0,0.0,0.0,1.0]]",p_S_m = R_S_step * p_step_m + t_S_m,STEP_LOCAL:wing_root_fork_1_-1,S,m,mm,True,True,True,False,True
released,wing_hinge_pin_1_1_-1,"[[1.0,0.0,0.0,-0.162],[0.0,1.0,0.0,0.12115000000000001],[0.0,0.0,1.0,-0.10815000000000001],[0.0,0.0,0.0,1.0]]",p_S_m = R_S_step * p_step_m + t_S_m,STEP_LOCAL:wing_hinge_pin_1_1_-1,S,m,mm,True,True,True,False,True
released,wing_root_fork_1_1,"[[1.0,0.0,0.0,0.0],[0.0,1.0,0.0,0.0],[0.0,0.0,1.0,0.0],[0.0,0.0,0.0,1.0]]",p_S_m = R_S_step * p_step_m + t_S_m,STEP_LOCAL:wing_root_fork_1_1,S,m,mm,True,True,True,False,True
released,wing_hinge_pin_1_1_1,"[[1.0,0.0,0.0,0.162],[0.0,1.0,0.0,0.12115000000000001],[0.0,0.0,1.0,-0.10815000000000001],[0.0,0.0,0.0,1.0]]",p_S_m = R_S_step * p_step_m + t_S_m,STEP_LOCAL:wing_hinge_pin_1_1_1,S,m,mm,True,True,True,False,True
released,wing_1_leaf_2,"[[1.0,0.0,0.0,0.0],[0.0,1.2246467991473532e-16,1.0,0.12565],[0.0,-1.0,1.2246467991473532e-16,-0.008150000000000006],[0.0,0.0,0.0,1.0]]",p_S_m = R_S_step * p_step_m + t_S_m,STEP_LOCAL:wing_1_leaf_2,S,m,mm,True,True,True,False,True
released,wing_hinge_pin_1_2_-1,"[[1.0,0.0,0.0,-0.162],[0.0,1.0,0.0,0.12565],[0.0,0.0,1.0,0.09185],[0.0,0.0,0.0,1.0]]",p_S_m = R_S_step * p_step_m + t_S_m,STEP_LOCAL:wing_hinge_pin_1_2_-1,S,m,mm,True,True,True,False,True
released,wing_hinge_pin_1_2_1,"[[1.0,0.0,0.0,0.162],[0.0,1.0,0.0,0.12565],[0.0,0.0,1.0,0.09185],[0.0,0.0,0.0,1.0]]",p_S_m = R_S_step * p_step_m + t_S_m,STEP_LOCAL:wing_hinge_pin_1_2_1,S,m,mm,True,True,True,False,True
released,wing_1_leaf_3,"[[1.0,0.0,0.0,0.0],[0.0,0.0,-1.0,0.13015000000000004],[0.0,1.0,0.0,-0.008150000000000006],[0.0,0.0,0.0,1.0]]",p_S_m = R_S_step * p_step_m + t_S_m,STEP_LOCAL:wing_1_leaf_3,S,m,mm,True,True,True,False,True
released,wing_hinge_pin_1_3_-1,"[[1.0,0.0,0.0,-0.188],[0.0,1.0,0.0,0.13015000000000004],[0.0,0.0,1.0,-0.10815000000000001],[0.0,0.0,0.0,1.0]]",p_S_m = R_S_step * p_step_m + t_S_m,STEP_LOCAL:wing_hinge_pin_1_3_-1,S,m,mm,True,True,True,False,True
released,wing_hinge_pin_1_3_1,"[[1.0,0.0,0.0,0.188],[0.0,1.0,0.0,0.13015000000000004],[0.0,0.0,1.0,-0.10815000000000001],[0.0,0.0,0.0,1.0]]",p_S_m = R_S_step * p_step_m + t_S_m,STEP_LOCAL:wing_hinge_pin_1_3_1,S,m,mm,True,True,True,False,True
released,wing_edge_frame_1_1_-1,"[[1.0,0.0,0.0,0.0],[0.0,0.0,-1.0,0.12115000000000001],[0.0,1.0,0.0,-0.008150000000000006],[0.0,0.0,0.0,1.0]]",p_S_m = R_S_step * p_step_m + t_S_m,STEP_LOCAL:wing_edge_frame_1_1_-1,S,m,mm,True,True,True,False,True
released,wing_edge_frame_1_1_1,"[[1.0,0.0,0.0,0.0],[0.0,0.0,-1.0,0.12115000000000001],[0.0,1.0,0.0,-0.008150000000000006],[0.0,0.0,0.0,1.0]]",p_S_m = R_S_step * p_step_m + t_S_m,STEP_LOCAL:wing_edge_frame_1_1_1,S,m,mm,True,True,True,False,True
released,wing_edge_frame_1_2_-1,"[[1.0,0.0,0.0,0.0],[0.0,1.2246467991473532e-16,1.0,0.12565],[0.0,-1.0,1.2246467991473532e-16,-0.008150000000000006],[0.0,0.0,0.0,1.0]]",p_S_m = R_S_step * p_step_m + t_S_m,STEP_LOCAL:wing_edge_frame_1_2_-1,S,m,mm,True,True,True,False,True
released,wing_edge_frame_1_2_1,"[[1.0,0.0,0.0,0.0],[0.0,1.2246467991473532e-16,1.0,0.12565],[0.0,-1.0,1.2246467991473532e-16,-0.008150000000000006],[0.0,0.0,0.0,1.0]]",p_S_m = R_S_step * p_step_m + t_S_m,STEP_LOCAL:wing_edge_frame_1_2_1,S,m,mm,True,True,True,False,True
released,wing_edge_frame_1_3_-1,"[[1.0,0.0,0.0,0.0],[0.0,0.0,-1.0,0.13015000000000004],[0.0,1.0,0.0,-0.008150000000000006],[0.0,0.0,0.0,1.0]]",p_S_m = R_S_step * p_step_m + t_S_m,STEP_LOCAL:wing_edge_frame_1_3_-1,S,m,mm,True,True,True,False,True
released,wing_edge_frame_1_3_1,"[[1.0,0.0,0.0,0.0],[0.0,0.0,-1.0,0.13015000000000004],[0.0,1.0,0.0,-0.008150000000000006],[0.0,0.0,0.0,1.0]]",p_S_m = R_S_step * p_step_m + t_S_m,STEP_LOCAL:wing_edge_frame_1_3_1,S,m,mm,True,True,True,False,True
released,wing_release_budget_1,"[[1.0,0.0,0.0,-0.176],[0.0,1.0,0.0,0.128],[0.0,0.0,1.0,0.0],[0.0,0.0,0.0,1.0]]",p_S_m = R_S_step * p_step_m + t_S_m,STEP_LOCAL:wing_release_budget_1,S,m,mm,True,True,True,False,True
released,wing_harness_budget_1,"[[1.0,0.0,0.0,0.132],[0.0,1.0,0.0,0.12115000000000001],[0.0,0.0,1.0,-0.1],[0.0,0.0,0.0,1.0]]",p_S_m = R_S_step * p_step_m + t_S_m,STEP_LOCAL:wing_harness_budget_1,S,m,mm,True,True,True,False,True
released,R07_upper_cap_20_-1,"[[1.0,0.0,0.0,0.0],[0.0,1.0,0.0,0.0],[0.0,0.0,1.0,0.0],[0.0,0.0,0.0,1.0]]",p_S_m = R_S_step * p_step_m + t_S_m,STEP_LOCAL:R07_upper_cap_20_-1,S,m,mm,True,True,True,False,True
released,R07_upper_cap_20_1,"[[1.0,0.0,0.0,0.0],[0.0,1.0,0.0,0.0],[0.0,0.0,1.0,0.0],[0.0,0.0,0.0,1.0]]",p_S_m = R_S_step * p_step_m + t_S_m,STEP_LOCAL:R07_upper_cap_20_1,S,m,mm,True,True,True,False,True
released,R07_upper_cap_160_-1,"[[1.0,0.0,0.0,0.0],[0.0,1.0,0.0,0.0],[0.0,0.0,1.0,0.0],[0.0,0.0,0.0,1.0]]",p_S_m = R_S_step * p_step_m + t_S_m,STEP_LOCAL:R07_upper_cap_160_-1,S,m,mm,True,True,True,False,True
released,R07_upper_cap_160_1,"[[1.0,0.0,0.0,0.0],[0.0,1.0,0.0,0.0],[0.0,0.0,1.0,0.0],[0.0,0.0,0.0,1.0]]",p_S_m = R_S_step * p_step_m + t_S_m,STEP_LOCAL:R07_upper_cap_160_1,S,m,mm,True,True,True,False,True
released,R07_RAIL_-1_-1_15_screw,"[[1.0,0.0,0.0,0.0],[0.0,1.0,0.0,0.0],[0.0,0.0,1.0,0.0],[0.0,0.0,0.0,1.0]]",p_S_m = R_S_step * p_step_m + t_S_m,STEP_LOCAL:R07_RAIL_-1_-1_15_screw,S,m,mm,True,True,True,False,True
released,R07_RAIL_-1_-1_15_washer_head,"[[1.0,0.0,0.0,0.0],[0.0,1.0,0.0,0.0],[0.0,0.0,1.0,0.0],[0.0,0.0,0.0,1.0]]",p_S_m = R_S_step * p_step_m + t_S_m,STEP_LOCAL:R07_RAIL_-1_-1_15_washer_head,S,m,mm,True,True,True,False,True
released,R07_RAIL_-1_-1_15_washer_nut,"[[1.0,0.0,0.0,0.0],[0.0,1.0,0.0,0.0],[0.0,0.0,1.0,0.0],[0.0,0.0,0.0,1.0]]",p_S_m = R_S_step * p_step_m + t_S_m,STEP_LOCAL:R07_RAIL_-1_-1_15_washer_nut,S,m,mm,True,True,True,False,True
released,R07_RAIL_-1_-1_15_nut,"[[1.0,0.0,0.0,0.0],[0.0,1.0,0.0,0.0],[0.0,0.0,1.0,0.0],[0.0,0.0,0.0,1.0]]",p_S_m = R_S_step * p_step_m + t_S_m,STEP_LOCAL:R07_RAIL_-1_-1_15_nut,S,m,mm,True,True,True,False,True
released,R07_RAIL_-1_-1_15_sleeve,"[[1.0,0.0,0.0,0.0],[0.0,1.0,0.0,0.0],[0.0,0.0,1.0,0.0],[0.0,0.0,0.0,1.0]]",p_S_m = R_S_step * p_step_m + t_S_m,STEP_LOCAL:R07_RAIL_-1_-1_15_sleeve,S,m,mm,True,True,True,False,True
released,R07_RAIL_-1_-1_164_screw,"[[1.0,0.0,0.0,0.0],[0.0,1.0,0.0,0.0],[0.0,0.0,1.0,0.0],[0.0,0.0,0.0,1.0]]",p_S_m = R_S_step * p_step_m + t_S_m,STEP_LOCAL:R07_RAIL_-1_-1_164_screw,S,m,mm,True,True,True,False,True
released,R07_RAIL_-1_-1_164_washer_head,"[[1.0,0.0,0.0,0.0],[0.0,1.0,0.0,0.0],[0.0,0.0,1.0,0.0],[0.0,0.0,0.0,1.0]]",p_S_m = R_S_step * p_step_m + t_S_m,STEP_LOCAL:R07_RAIL_-1_-1_164_washer_head,S,m,mm,True,True,True,False,True
released,R07_RAIL_-1_-1_164_washer_nut,"[[1.0,0.0,0.0,0.0],[0.0,1.0,0.0,0.0],[0.0,0.0,1.0,0.0],[0.0,0.0,0.0,1.0]]",p_S_m = R_S_step * p_step_m + t_S_m,STEP_LOCAL:R07_RAIL_-1_-1_164_washer_nut,S,m,mm,True,True,True,False,True
released,R07_RAIL_-1_-1_164_nut,"[[1.0,0.0,0.0,0.0],[0.0,1.0,0.0,0.0],[0.0,0.0,1.0,0.0],[0.0,0.0,0.0,1.0]]",p_S_m = R_S_step * p_step_m + t_S_m,STEP_LOCAL:R07_RAIL_-1_-1_164_nut,S,m,mm,True,True,True,False,True
released,R07_RAIL_-1_-1_-164_screw,"[[1.0,0.0,0.0,0.0],[0.0,1.0,0.0,0.0],[0.0,0.0,1.0,0.0],[0.0,0.0,0.0,1.0]]",p_S_m = R_S_step * p_step_m + t_S_m,STEP_LOCAL:R07_RAIL_-1_-1_-164_screw,S,m,mm,True,True,True,False,True
released,R07_RAIL_-1_-1_-164_washer_head,"[[1.0,0.0,0.0,0.0],[0.0,1.0,0.0,0.0],[0.0,0.0,1.0,0.0],[0.0,0.0,0.0,1.0]]",p_S_m = R_S_step * p_step_m + t_S_m,STEP_LOCAL:R07_RAIL_-1_-1_-164_washer_head,S,m,mm,True,True,True,False,True
released,R07_RAIL_-1_-1_-164_washer_nut,"[[1.0,0.0,0.0,0.0],[0.0,1.0,0.0,0.0],[0.0,0.0,1.0,0.0],[0.0,0.0,0.0,1.0]]",p_S_m = R_S_step * p_step_m + t_S_m,STEP_LOCAL:R07_RAIL_-1_-1_-164_washer_nut,S,m,mm,True,True,True,False,True
released,R07_RAIL_-1_-1_-164_nut,"[[1.0,0.0,0.0,0.0],[0.0,1.0,0.0,0.0],[0.0,0.0,1.0,0.0],[0.0,0.0,0.0,1.0]]",p_S_m = R_S_step * p_step_m + t_S_m,STEP_LOCAL:R07_RAIL_-1_-1_-164_nut,S,m,mm,True,True,True,False,True
released,R07_RAIL_-1_1_15_screw,"[[1.0,0.0,0.0,0.0],[0.0,1.0,0.0,0.0],[0.0,0.0,1.0,0.0],[0.0,0.0,0.0,1.0]]",p_S_m = R_S_step * p_step_m + t_S_m,STEP_LOCAL:R07_RAIL_-1_1_15_screw,S,m,mm,True,True,True,False,True
released,R07_RAIL_-1_1_15_washer_head,"[[1.0,0.0,0.0,0.0],[0.0,1.0,0.0,0.0],[0.0,0.0,1.0,0.0],[0.0,0.0,0.0,1.0]]",p_S_m = R_S_step * p_step_m + t_S_m,STEP_LOCAL:R07_RAIL_-1_1_15_washer_head,S,m,mm,True,True,True,False,True
released,R07_RAIL_-1_1_15_washer_nut,"[[1.0,0.0,0.0,0.0],[0.0,1.0,0.0,0.0],[0.0,0.0,1.0,0.0],[0.0,0.0,0.0,1.0]]",p_S_m = R_S_step * p_step_m + t_S_m,STEP_LOCAL:R07_RAIL_-1_1_15_washer_nut,S,m,mm,True,True,True,False,True
released,R07_RAIL_-1_1_15_nut,"[[1.0,0.0,0.0,0.0],[0.0,1.0,0.0,0.0],[0.0,0.0,1.0,0.0],[0.0,0.0,0.0,1.0]]",p_S_m = R_S_step * p_step_m + t_S_m,STEP_LOCAL:R07_RAIL_-1_1_15_nut,S,m,mm,True,True,True,False,True
released,R07_RAIL_-1_1_15_sleeve,"[[1.0,0.0,0.0,0.0],[0.0,1.0,0.0,0.0],[0.0,0.0,1.0,0.0],[0.0,0.0,0.0,1.0]]",p_S_m = R_S_step * p_step_m + t_S_m,STEP_LOCAL:R07_RAIL_-1_1_15_sleeve,S,m,mm,True,True,True,False,True
released,R07_RAIL_-1_1_164_screw,"[[1.0,0.0,0.0,0.0],[0.0,1.0,0.0,0.0],[0.0,0.0,1.0,0.0],[0.0,0.0,0.0,1.0]]",p_S_m = R_S_step * p_step_m + t_S_m,STEP_LOCAL:R07_RAIL_-1_1_164_screw,S,m,mm,True,True,True,False,True
released,R07_RAIL_-1_1_164_washer_head,"[[1.0,0.0,0.0,0.0],[0.0,1.0,0.0,0.0],[0.0,0.0,1.0,0.0],[0.0,0.0,0.0,1.0]]",p_S_m = R_S_step * p_step_m + t_S_m,STEP_LOCAL:R07_RAIL_-1_1_164_washer_head,S,m,mm,True,True,True,False,True
released,R07_RAIL_-1_1_164_washer_nut,"[[1.0,0.0,0.0,0.0],[0.0,1.0,0.0,0.0],[0.0,0.0,1.0,0.0],[0.0,0.0,0.0,1.0]]",p_S_m = R_S_step * p_step_m + t_S_m,STEP_LOCAL:R07_RAIL_-1_1_164_washer_nut,S,m,mm,True,True,True,False,True
released,R07_RAIL_-1_1_164_nut,"[[1.0,0.0,0.0,0.0],[0.0,1.0,0.0,0.0],[0.0,0.0,1.0,0.0],[0.0,0.0,0.0,1.0]]",p_S_m = R_S_step * p_step_m + t_S_m,STEP_LOCAL:R07_RAIL_-1_1_164_nut,S,m,mm,True,True,True,False,True
released,R07_RAIL_-1_1_-164_screw,"[[1.0,0.0,0.0,0.0],[0.0,1.0,0.0,0.0],[0.0,0.0,1.0,0.0],[0.0,0.0,0.0,1.0]]",p_S_m = R_S_step * p_step_m + t_S_m,STEP_LOCAL:R07_RAIL_-1_1_-164_screw,S,m,mm,True,True,True,False,True
released,R07_RAIL_-1_1_-164_washer_head,"[[1.0,0.0,0.0,0.0],[0.0,1.0,0.0,0.0],[0.0,0.0,1.0,0.0],[0.0,0.0,0.0,1.0]]",p_S_m = R_S_step * p_step_m + t_S_m,STEP_LOCAL:R07_RAIL_-1_1_-164_washer_head,S,m,mm,True,True,True,False,True
released,R07_RAIL_-1_1_-164_washer_nut,"[[1.0,0.0,0.0,0.0],[0.0,1.0,0.0,0.0],[0.0,0.0,1.0,0.0],[0.0,0.0,0.0,1.0]]",p_S_m = R_S_step * p_step_m + t_S_m,STEP_LOCAL:R07_RAIL_-1_1_-164_washer_nut,S,m,mm,True,True,True,False,True
released,R07_RAIL_-1_1_-164_nut,"[[1.0,0.0,0.0,0.0],[0.0,1.0,0.0,0.0],[0.0,0.0,1.0,0.0],[0.0,0.0,0.0,1.0]]",p_S_m = R_S_step * p_step_m + t_S_m,STEP_LOCAL:R07_RAIL_-1_1_-164_nut,S,m,mm,True,True,True,False,True
released,R07_RAIL_1_-1_15_screw,"[[1.0,0.0,0.0,0.0],[0.0,1.0,0.0,0.0],[0.0,0.0,1.0,0.0],[0.0,0.0,0.0,1.0]]",p_S_m = R_S_step * p_step_m + t_S_m,STEP_LOCAL:R07_RAIL_1_-1_15_screw,S,m,mm,True,True,True,False,True
released,R07_RAIL_1_-1_15_washer_head,"[[1.0,0.0,0.0,0.0],[0.0,1.0,0.0,0.0],[0.0,0.0,1.0,0.0],[0.0,0.0,0.0,1.0]]",p_S_m = R_S_step * p_step_m + t_S_m,STEP_LOCAL:R07_RAIL_1_-1_15_washer_head,S,m,mm,True,True,True,False,True
released,R07_RAIL_1_-1_15_washer_nut,"[[1.0,0.0,0.0,0.0],[0.0,1.0,0.0,0.0],[0.0,0.0,1.0,0.0],[0.0,0.0,0.0,1.0]]",p_S_m = R_S_step * p_step_m + t_S_m,STEP_LOCAL:R07_RAIL_1_-1_15_washer_nut,S,m,mm,True,True,True,False,True
released,R07_RAIL_1_-1_15_nut,"[[1.0,0.0,0.0,0.0],[0.0,1.0,0.0,0.0],[0.0,0.0,1.0,0.0],[0.0,0.0,0.0,1.0]]",p_S_m = R_S_step * p_step_m + t_S_m,STEP_LOCAL:R07_RAIL_1_-1_15_nut,S,m,mm,True,True,True,False,True
released,R07_RAIL_1_-1_15_sleeve,"[[1.0,0.0,0.0,0.0],[0.0,1.0,0.0,0.0],[0.0,0.0,1.0,0.0],[0.0,0.0,0.0,1.0]]",p_S_m = R_S_step * p_step_m + t_S_m,STEP_LOCAL:R07_RAIL_1_-1_15_sleeve,S,m,mm,True,True,True,False,True
released,R07_RAIL_1_-1_164_screw,"[[1.0,0.0,0.0,0.0],[0.0,1.0,0.0,0.0],[0.0,0.0,1.0,0.0],[0.0,0.0,0.0,1.0]]",p_S_m = R_S_step * p_step_m + t_S_m,STEP_LOCAL:R07_RAIL_1_-1_164_screw,S,m,mm,True,True,True,False,True
released,R07_RAIL_1_-1_164_washer_head,"[[1.0,0.0,0.0,0.0],[0.0,1.0,0.0,0.0],[0.0,0.0,1.0,0.0],[0.0,0.0,0.0,1.0]]",p_S_m = R_S_step * p_step_m + t_S_m,STEP_LOCAL:R07_RAIL_1_-1_164_washer_head,S,m,mm,True,True,True,False,True
released,R07_RAIL_1_-1_164_washer_nut,"[[1.0,0.0,0.0,0.0],[0.0,1.0,0.0,0.0],[0.0,0.0,1.0,0.0],[0.0,0.0,0.0,1.0]]",p_S_m = R_S_step * p_step_m + t_S_m,STEP_LOCAL:R07_RAIL_1_-1_164_washer_nut,S,m,mm,True,True,True,False,True
released,R07_RAIL_1_-1_164_nut,"[[1.0,0.0,0.0,0.0],[0.0,1.0,0.0,0.0],[0.0,0.0,1.0,0.0],[0.0,0.0,0.0,1.0]]",p_S_m = R_S_step * p_step_m + t_S_m,STEP_LOCAL:R07_RAIL_1_-1_164_nut,S,m,mm,True,True,True,False,True
released,R07_RAIL_1_-1_-164_screw,"[[1.0,0.0,0.0,0.0],[0.0,1.0,0.0,0.0],[0.0,0.0,1.0,0.0],[0.0,0.0,0.0,1.0]]",p_S_m = R_S_step * p_step_m + t_S_m,STEP_LOCAL:R07_RAIL_1_-1_-164_screw,S,m,mm,True,True,True,False,True
released,R07_RAIL_1_-1_-164_washer_head,"[[1.0,0.0,0.0,0.0],[0.0,1.0,0.0,0.0],[0.0,0.0,1.0,0.0],[0.0,0.0,0.0,1.0]]",p_S_m = R_S_step * p_step_m + t_S_m,STEP_LOCAL:R07_RAIL_1_-1_-164_washer_head,S,m,mm,True,True,True,False,True
released,R07_RAIL_1_-1_-164_washer_nut,"[[1.0,0.0,0.0,0.0],[0.0,1.0,0.0,0.0],[0.0,0.0,1.0,0.0],[0.0,0.0,0.0,1.0]]",p_S_m = R_S_step * p_step_m + t_S_m,STEP_LOCAL:R07_RAIL_1_-1_-164_washer_nut,S,m,mm,True,True,True,False,True
released,R07_RAIL_1_-1_-164_nut,"[[1.0,0.0,0.0,0.0],[0.0,1.0,0.0,0.0],[0.0,0.0,1.0,0.0],[0.0,0.0,0.0,1.0]]",p_S_m = R_S_step * p_step_m + t_S_m,STEP_LOCAL:R07_RAIL_1_-1_-164_nut,S,m,mm,True,True,True,False,True
released,R07_RAIL_1_1_15_screw,"[[1.0,0.0,0.0,0.0],[0.0,1.0,0.0,0.0],[0.0,0.0,1.0,0.0],[0.0,0.0,0.0,1.0]]",p_S_m = R_S_step * p_step_m + t_S_m,STEP_LOCAL:R07_RAIL_1_1_15_screw,S,m,mm,True,True,True,False,True
released,R07_RAIL_1_1_15_washer_head,"[[1.0,0.0,0.0,0.0],[0.0,1.0,0.0,0.0],[0.0,0.0,1.0,0.0],[0.0,0.0,0.0,1.0]]",p_S_m = R_S_step * p_step_m + t_S_m,STEP_LOCAL:R07_RAIL_1_1_15_washer_head,S,m,mm,True,True,True,False,True
released,R07_RAIL_1_1_15_washer_nut,"[[1.0,0.0,0.0,0.0],[0.0,1.0,0.0,0.0],[0.0,0.0,1.0,0.0],[0.0,0.0,0.0,1.0]]",p_S_m = R_S_step * p_step_m + t_S_m,STEP_LOCAL:R07_RAIL_1_1_15_washer_nut,S,m,mm,True,True,True,False,True
released,R07_RAIL_1_1_15_nut,"[[1.0,0.0,0.0,0.0],[0.0,1.0,0.0,0.0],[0.0,0.0,1.0,0.0],[0.0,0.0,0.0,1.0]]",p_S_m = R_S_step * p_step_m + t_S_m,STEP_LOCAL:R07_RAIL_1_1_15_nut,S,m,mm,True,True,True,False,True
released,R07_RAIL_1_1_15_sleeve,"[[1.0,0.0,0.0,0.0],[0.0,1.0,0.0,0.0],[0.0,0.0,1.0,0.0],[0.0,0.0,0.0,1.0]]",p_S_m = R_S_step * p_step_m + t_S_m,STEP_LOCAL:R07_RAIL_1_1_15_sleeve,S,m,mm,True,True,True,False,True
released,R07_RAIL_1_1_164_screw,"[[1.0,0.0,0.0,0.0],[0.0,1.0,0.0,0.0],[0.0,0.0,1.0,0.0],[0.0,0.0,0.0,1.0]]",p_S_m = R_S_step * p_step_m + t_S_m,STEP_LOCAL:R07_RAIL_1_1_164_screw,S,m,mm,True,True,True,False,True
released,R07_RAIL_1_1_164_washer_head,"[[1.0,0.0,0.0,0.0],[0.0,1.0,0.0,0.0],[0.0,0.0,1.0,0.0],[0.0,0.0,0.0,1.0]]",p_S_m = R_S_step * p_step_m + t_S_m,STEP_LOCAL:R07_RAIL_1_1_164_washer_head,S,m,mm,True,True,True,False,True
released,R07_RAIL_1_1_164_washer_nut,"[[1.0,0.0,0.0,0.0],[0.0,1.0,0.0,0.0],[0.0,0.0,1.0,0.0],[0.0,0.0,0.0,1.0]]",p_S_m = R_S_step * p_step_m + t_S_m,STEP_LOCAL:R07_RAIL_1_1_164_washer_nut,S,m,mm,True,True,True,False,True
released,R07_RAIL_1_1_164_nut,"[[1.0,0.0,0.0,0.0],[0.0,1.0,0.0,0.0],[0.0,0.0,1.0,0.0],[0.0,0.0,0.0,1.0]]",p_S_m = R_S_step * p_step_m + t_S_m,STEP_LOCAL:R07_RAIL_1_1_164_nut,S,m,mm,True,True,True,False,True
released,R07_RAIL_1_1_-164_screw,"[[1.0,0.0,0.0,0.0],[0.0,1.0,0.0,0.0],[0.0,0.0,1.0,0.0],[0.0,0.0,0.0,1.0]]",p_S_m = R_S_step * p_step_m + t_S_m,STEP_LOCAL:R07_RAIL_1_1_-164_screw,S,m,mm,True,True,True,False,True
released,R07_RAIL_1_1_-164_washer_head,"[[1.0,0.0,0.0,0.0],[0.0,1.0,0.0,0.0],[0.0,0.0,1.0,0.0],[0.0,0.0,0.0,1.0]]",p_S_m = R_S_step * p_step_m + t_S_m,STEP_LOCAL:R07_RAIL_1_1_-164_washer_head,S,m,mm,True,True,True,False,True
released,R07_RAIL_1_1_-164_washer_nut,"[[1.0,0.0,0.0,0.0],[0.0,1.0,0.0,0.0],[0.0,0.0,1.0,0.0],[0.0,0.0,0.0,1.0]]",p_S_m = R_S_step * p_step_m + t_S_m,STEP_LOCAL:R07_RAIL_1_1_-164_washer_nut,S,m,mm,True,True,True,False,True
released,R07_RAIL_1_1_-164_nut,"[[1.0,0.0,0.0,0.0],[0.0,1.0,0.0,0.0],[0.0,0.0,1.0,0.0],[0.0,0.0,0.0,1.0]]",p_S_m = R_S_step * p_step_m + t_S_m,STEP_LOCAL:R07_RAIL_1_1_-164_nut,S,m,mm,True,True,True,False,True
released,R07_HOLD_0_-1_INNER_screw,"[[1.0,0.0,0.0,0.0],[0.0,1.0,0.0,0.0],[0.0,0.0,1.0,0.0],[0.0,0.0,0.0,1.0]]",p_S_m = R_S_step * p_step_m + t_S_m,STEP_LOCAL:R07_HOLD_0_-1_INNER_screw,S,m,mm,True,True,True,False,True
released,R07_HOLD_0_-1_INNER_washer_head,"[[1.0,0.0,0.0,0.0],[0.0,1.0,0.0,0.0],[0.0,0.0,1.0,0.0],[0.0,0.0,0.0,1.0]]",p_S_m = R_S_step * p_step_m + t_S_m,STEP_LOCAL:R07_HOLD_0_-1_INNER_washer_head,S,m,mm,True,True,True,False,True
released,R07_HOLD_0_-1_INNER_washer_nut,"[[1.0,0.0,0.0,0.0],[0.0,1.0,0.0,0.0],[0.0,0.0,1.0,0.0],[0.0,0.0,0.0,1.0]]",p_S_m = R_S_step * p_step_m + t_S_m,STEP_LOCAL:R07_HOLD_0_-1_INNER_washer_nut,S,m,mm,True,True,True,False,True
released,R07_HOLD_0_-1_INNER_nut,"[[1.0,0.0,0.0,0.0],[0.0,1.0,0.0,0.0],[0.0,0.0,1.0,0.0],[0.0,0.0,0.0,1.0]]",p_S_m = R_S_step * p_step_m + t_S_m,STEP_LOCAL:R07_HOLD_0_-1_INNER_nut,S,m,mm,True,True,True,False,True
released,R07_HOLD_0_-1_OUTER_screw,"[[1.0,0.0,0.0,0.0],[0.0,1.0,0.0,0.0],[0.0,0.0,1.0,0.0],[0.0,0.0,0.0,1.0]]",p_S_m = R_S_step * p_step_m + t_S_m,STEP_LOCAL:R07_HOLD_0_-1_OUTER_screw,S,m,mm,True,True,True,False,True
released,R07_HOLD_0_-1_OUTER_washer_head,"[[1.0,0.0,0.0,0.0],[0.0,1.0,0.0,0.0],[0.0,0.0,1.0,0.0],[0.0,0.0,0.0,1.0]]",p_S_m = R_S_step * p_step_m + t_S_m,STEP_LOCAL:R07_HOLD_0_-1_OUTER_washer_head,S,m,mm,True,True,True,False,True
released,R07_HOLD_0_-1_OUTER_washer_nut,"[[1.0,0.0,0.0,0.0],[0.0,1.0,0.0,0.0],[0.0,0.0,1.0,0.0],[0.0,0.0,0.0,1.0]]",p_S_m = R_S_step * p_step_m + t_S_m,STEP_LOCAL:R07_HOLD_0_-1_OUTER_washer_nut,S,m,mm,True,True,True,False,True
released,R07_HOLD_0_-1_OUTER_nut,"[[1.0,0.0,0.0,0.0],[0.0,1.0,0.0,0.0],[0.0,0.0,1.0,0.0],[0.0,0.0,0.0,1.0]]",p_S_m = R_S_step * p_step_m + t_S_m,STEP_LOCAL:R07_HOLD_0_-1_OUTER_nut,S,m,mm,True,True,True,False,True
released,R07_HOLD_0_-1_OUTER_sleeve,"[[1.0,0.0,0.0,0.0],[0.0,1.0,0.0,0.0],[0.0,0.0,1.0,0.0],[0.0,0.0,0.0,1.0]]",p_S_m = R_S_step * p_step_m + t_S_m,STEP_LOCAL:R07_HOLD_0_-1_OUTER_sleeve,S,m,mm,True,True,True,False,True
released,R07_HOLD_0_1_INNER_screw,"[[1.0,0.0,0.0,0.0],[0.0,1.0,0.0,0.0],[0.0,0.0,1.0,0.0],[0.0,0.0,0.0,1.0]]",p_S_m = R_S_step * p_step_m + t_S_m,STEP_LOCAL:R07_HOLD_0_1_INNER_screw,S,m,mm,True,True,True,False,True
released,R07_HOLD_0_1_INNER_washer_head,"[[1.0,0.0,0.0,0.0],[0.0,1.0,0.0,0.0],[0.0,0.0,1.0,0.0],[0.0,0.0,0.0,1.0]]",p_S_m = R_S_step * p_step_m + t_S_m,STEP_LOCAL:R07_HOLD_0_1_INNER_washer_head,S,m,mm,True,True,True,False,True
released,R07_HOLD_0_1_INNER_washer_nut,"[[1.0,0.0,0.0,0.0],[0.0,1.0,0.0,0.0],[0.0,0.0,1.0,0.0],[0.0,0.0,0.0,1.0]]",p_S_m = R_S_step * p_step_m + t_S_m,STEP_LOCAL:R07_HOLD_0_1_INNER_washer_nut,S,m,mm,True,True,True,False,True
released,R07_HOLD_0_1_INNER_nut,"[[1.0,0.0,0.0,0.0],[0.0,1.0,0.0,0.0],[0.0,0.0,1.0,0.0],[0.0,0.0,0.0,1.0]]",p_S_m = R_S_step * p_step_m + t_S_m,STEP_LOCAL:R07_HOLD_0_1_INNER_nut,S,m,mm,True,True,True,False,True
released,R07_HOLD_0_1_OUTER_screw,"[[1.0,0.0,0.0,0.0],[0.0,1.0,0.0,0.0],[0.0,0.0,1.0,0.0],[0.0,0.0,0.0,1.0]]",p_S_m = R_S_step * p_step_m + t_S_m,STEP_LOCAL:R07_HOLD_0_1_OUTER_screw,S,m,mm,True,True,True,False,True
released,R07_HOLD_0_1_OUTER_washer_head,"[[1.0,0.0,0.0,0.0],[0.0,1.0,0.0,0.0],[0.0,0.0,1.0,0.0],[0.0,0.0,0.0,1.0]]",p_S_m = R_S_step * p_step_m + t_S_m,STEP_LOCAL:R07_HOLD_0_1_OUTER_washer_head,S,m,mm,True,True,True,False,True
released,R07_HOLD_0_1_OUTER_washer_nut,"[[1.0,0.0,0.0,0.0],[0.0,1.0,0.0,0.0],[0.0,0.0,1.0,0.0],[0.0,0.0,0.0,1.0]]",p_S_m = R_S_step * p_step_m + t_S_m,STEP_LOCAL:R07_HOLD_0_1_OUTER_washer_nut,S,m,mm,True,True,True,False,True
released,R07_HOLD_0_1_OUTER_nut,"[[1.0,0.0,0.0,0.0],[0.0,1.0,0.0,0.0],[0.0,0.0,1.0,0.0],[0.0,0.0,0.0,1.0]]",p_S_m = R_S_step * p_step_m + t_S_m,STEP_LOCAL:R07_HOLD_0_1_OUTER_nut,S,m,mm,True,True,True,False,True
released,R07_HOLD_0_1_OUTER_sleeve,"[[1.0,0.0,0.0,0.0],[0.0,1.0,0.0,0.0],[0.0,0.0,1.0,0.0],[0.0,0.0,0.0,1.0]]",p_S_m = R_S_step * p_step_m + t_S_m,STEP_LOCAL:R07_HOLD_0_1_OUTER_sleeve,S,m,mm,True,True,True,False,True
released,R07_HOLD_1_-1_INNER_screw,"[[1.0,0.0,0.0,0.0],[0.0,1.0,0.0,0.0],[0.0,0.0,1.0,0.0],[0.0,0.0,0.0,1.0]]",p_S_m = R_S_step * p_step_m + t_S_m,STEP_LOCAL:R07_HOLD_1_-1_INNER_screw,S,m,mm,True,True,True,False,True
released,R07_HOLD_1_-1_INNER_washer_head,"[[1.0,0.0,0.0,0.0],[0.0,1.0,0.0,0.0],[0.0,0.0,1.0,0.0],[0.0,0.0,0.0,1.0]]",p_S_m = R_S_step * p_step_m + t_S_m,STEP_LOCAL:R07_HOLD_1_-1_INNER_washer_head,S,m,mm,True,True,True,False,True
released,R07_HOLD_1_-1_INNER_washer_nut,"[[1.0,0.0,0.0,0.0],[0.0,1.0,0.0,0.0],[0.0,0.0,1.0,0.0],[0.0,0.0,0.0,1.0]]",p_S_m = R_S_step * p_step_m + t_S_m,STEP_LOCAL:R07_HOLD_1_-1_INNER_washer_nut,S,m,mm,True,True,True,False,True
released,R07_HOLD_1_-1_INNER_nut,"[[1.0,0.0,0.0,0.0],[0.0,1.0,0.0,0.0],[0.0,0.0,1.0,0.0],[0.0,0.0,0.0,1.0]]",p_S_m = R_S_step * p_step_m + t_S_m,STEP_LOCAL:R07_HOLD_1_-1_INNER_nut,S,m,mm,True,True,True,False,True
released,R07_HOLD_1_-1_OUTER_screw,"[[1.0,0.0,0.0,0.0],[0.0,1.0,0.0,0.0],[0.0,0.0,1.0,0.0],[0.0,0.0,0.0,1.0]]",p_S_m = R_S_step * p_step_m + t_S_m,STEP_LOCAL:R07_HOLD_1_-1_OUTER_screw,S,m,mm,True,True,True,False,True
released,R07_HOLD_1_-1_OUTER_washer_head,"[[1.0,0.0,0.0,0.0],[0.0,1.0,0.0,0.0],[0.0,0.0,1.0,0.0],[0.0,0.0,0.0,1.0]]",p_S_m = R_S_step * p_step_m + t_S_m,STEP_LOCAL:R07_HOLD_1_-1_OUTER_washer_head,S,m,mm,True,True,True,False,True
released,R07_HOLD_1_-1_OUTER_washer_nut,"[[1.0,0.0,0.0,0.0],[0.0,1.0,0.0,0.0],[0.0,0.0,1.0,0.0],[0.0,0.0,0.0,1.0]]",p_S_m = R_S_step * p_step_m + t_S_m,STEP_LOCAL:R07_HOLD_1_-1_OUTER_washer_nut,S,m,mm,True,True,True,False,True
released,R07_HOLD_1_-1_OUTER_nut,"[[1.0,0.0,0.0,0.0],[0.0,1.0,0.0,0.0],[0.0,0.0,1.0,0.0],[0.0,0.0,0.0,1.0]]",p_S_m = R_S_step * p_step_m + t_S_m,STEP_LOCAL:R07_HOLD_1_-1_OUTER_nut,S,m,mm,True,True,True,False,True
released,R07_HOLD_1_-1_OUTER_sleeve,"[[1.0,0.0,0.0,0.0],[0.0,1.0,0.0,0.0],[0.0,0.0,1.0,0.0],[0.0,0.0,0.0,1.0]]",p_S_m = R_S_step * p_step_m + t_S_m,STEP_LOCAL:R07_HOLD_1_-1_OUTER_sleeve,S,m,mm,True,True,True,False,True
released,R07_HOLD_1_1_INNER_screw,"[[1.0,0.0,0.0,0.0],[0.0,1.0,0.0,0.0],[0.0,0.0,1.0,0.0],[0.0,0.0,0.0,1.0]]",p_S_m = R_S_step * p_step_m + t_S_m,STEP_LOCAL:R07_HOLD_1_1_INNER_screw,S,m,mm,True,True,True,False,True
released,R07_HOLD_1_1_INNER_washer_head,"[[1.0,0.0,0.0,0.0],[0.0,1.0,0.0,0.0],[0.0,0.0,1.0,0.0],[0.0,0.0,0.0,1.0]]",p_S_m = R_S_step * p_step_m + t_S_m,STEP_LOCAL:R07_HOLD_1_1_INNER_washer_head,S,m,mm,True,True,True,False,True
released,R07_HOLD_1_1_INNER_washer_nut,"[[1.0,0.0,0.0,0.0],[0.0,1.0,0.0,0.0],[0.0,0.0,1.0,0.0],[0.0,0.0,0.0,1.0]]",p_S_m = R_S_step * p_step_m + t_S_m,STEP_LOCAL:R07_HOLD_1_1_INNER_washer_nut,S,m,mm,True,True,True,False,True
released,R07_HOLD_1_1_INNER_nut,"[[1.0,0.0,0.0,0.0],[0.0,1.0,0.0,0.0],[0.0,0.0,1.0,0.0],[0.0,0.0,0.0,1.0]]",p_S_m = R_S_step * p_step_m + t_S_m,STEP_LOCAL:R07_HOLD_1_1_INNER_nut,S,m,mm,True,True,True,False,True
released,R07_HOLD_1_1_OUTER_screw,"[[1.0,0.0,0.0,0.0],[0.0,1.0,0.0,0.0],[0.0,0.0,1.0,0.0],[0.0,0.0,0.0,1.0]]",p_S_m = R_S_step * p_step_m + t_S_m,STEP_LOCAL:R07_HOLD_1_1_OUTER_screw,S,m,mm,True,True,True,False,True
released,R07_HOLD_1_1_OUTER_washer_head,"[[1.0,0.0,0.0,0.0],[0.0,1.0,0.0,0.0],[0.0,0.0,1.0,0.0],[0.0,0.0,0.0,1.0]]",p_S_m = R_S_step * p_step_m + t_S_m,STEP_LOCAL:R07_HOLD_1_1_OUTER_washer_head,S,m,mm,True,True,True,False,True
released,R07_HOLD_1_1_OUTER_washer_nut,"[[1.0,0.0,0.0,0.0],[0.0,1.0,0.0,0.0],[0.0,0.0,1.0,0.0],[0.0,0.0,0.0,1.0]]",p_S_m = R_S_step * p_step_m + t_S_m,STEP_LOCAL:R07_HOLD_1_1_OUTER_washer_nut,S,m,mm,True,True,True,False,True
released,R07_HOLD_1_1_OUTER_nut,"[[1.0,0.0,0.0,0.0],[0.0,1.0,0.0,0.0],[0.0,0.0,1.0,0.0],[0.0,0.0,0.0,1.0]]",p_S_m = R_S_step * p_step_m + t_S_m,STEP_LOCAL:R07_HOLD_1_1_OUTER_nut,S,m,mm,True,True,True,False,True
released,R07_HOLD_1_1_OUTER_sleeve,"[[1.0,0.0,0.0,0.0],[0.0,1.0,0.0,0.0],[0.0,0.0,1.0,0.0],[0.0,0.0,0.0,1.0]]",p_S_m = R_S_step * p_step_m + t_S_m,STEP_LOCAL:R07_HOLD_1_1_OUTER_sleeve,S,m,mm,True,True,True,False,True
released,R07_rear_axial_washer_-1_-1,"[[1.0,0.0,0.0,0.0],[0.0,1.0,0.0,0.0],[0.0,0.0,1.0,0.0],[0.0,0.0,0.0,1.0]]",p_S_m = R_S_step * p_step_m + t_S_m,STEP_LOCAL:R07_rear_axial_washer_-1_-1,S,m,mm,True,True,True,False,True
released,R07_rear_axial_washer_-1_1,"[[1.0,0.0,0.0,0.0],[0.0,1.0,0.0,0.0],[0.0,0.0,1.0,0.0],[0.0,0.0,0.0,1.0]]",p_S_m = R_S_step * p_step_m + t_S_m,STEP_LOCAL:R07_rear_axial_washer_-1_1,S,m,mm,True,True,True,False,True
released,R07_rear_axial_washer_1_-1,"[[1.0,0.0,0.0,0.0],[0.0,1.0,0.0,0.0],[0.0,0.0,1.0,0.0],[0.0,0.0,0.0,1.0]]",p_S_m = R_S_step * p_step_m + t_S_m,STEP_LOCAL:R07_rear_axial_washer_1_-1,S,m,mm,True,True,True,False,True
released,R07_rear_axial_washer_1_1,"[[1.0,0.0,0.0,0.0],[0.0,1.0,0.0,0.0],[0.0,0.0,1.0,0.0],[0.0,0.0,0.0,1.0]]",p_S_m = R_S_step * p_step_m + t_S_m,STEP_LOCAL:R07_rear_axial_washer_1_1,S,m,mm,True,True,True,False,True
released,B601_base_link,"[[1.0,0.0,0.0,0.09],[0.0,1.0,0.0,0.0],[0.0,0.0,1.0,0.12515],[0.0,0.0,0.0,1.0]]",p_S_m = R_S_step * p_step_m + t_S_m,STEP_LOCAL:B601_base_link,S,m,mm,True,True,True,False,True
released,B601_link1,"[[1.0,0.0,0.0,0.08991584000000001],[0.0,1.0,0.0,0.0],[0.0,0.0,1.0,0.20980000000000001],[0.0,0.0,0.0,1.0]]",p_S_m = R_S_step * p_step_m + t_S_m,STEP_LOCAL:B601_link1,S,m,mm,True,True,True,False,True
released,B601_link2,"[[0.8660254037844386,-0.49999999999999983,-7.854392819152185e-24,0.10999983999999999],[-1.836602551652522e-06,-3.181088932772812e-06,0.9999999999932537,0.031625],[-0.4999999999966268,-0.8660254037785963,-3.673205103305044e-06,0.26535000000000003],[0.0,0.0,0.0,1.0]]",p_S_m = R_S_step * p_step_m + t_S_m,STEP_LOCAL:B601_link2,S,m,mm,True,True,True,False,True
released,B601_link3,"[[0.8660254037844386,0.49999999999999983,2.117582368121465e-22,-0.11863086659909178],[1.8366025516525215e-06,-3.1810889327728117e-06,0.9999999999932537,0.03162548486307364],[0.49999999999662675,-0.8660254037785963,-3.6732051033050435e-06,0.3973499999991095],[0.0,0.0,0.0,1.0]]",p_S_m = R_S_step * p_step_m + t_S_m,STEP_LOCAL:B601_link3,S,m,mm,True,True,True,False,True
released,B601_link4,"[[0.9848077530122079,-0.17364817766693041,1.0587911840607325e-22,0.06446689635901305],[-6.3784537238579e-07,-3.617400864138816e-06,0.9999999999932537,0.030001102201666],[-0.17364817766575902,-0.9848077530055644,-3.6732051033050435e-06,0.5654153777712937],[0.0,0.0,0.0,1.0]]",p_S_m = R_S_step * p_step_m + t_S_m,STEP_LOCAL:B601_link4,S,m,mm,True,True,True,False,True
released,B601_link5,"[[0.9848077530122077,6.37845372385789e-07,-0.17364817766575888,0.14809702854440293],[-6.3784537238579e-07,-0.99999999997322,-7.2906059673946744e-06,1.1879060053736628e-06],[-0.17364817766575896,7.290605967394676e-06,-0.9848077529854288,0.5887477372085053],[0.0,0.0,0.0,1.0]]",p_S_m = R_S_step * p_step_m + t_S_m,STEP_LOCAL:B601_link5,S,m,mm,True,True,True,False,True
released,B601_link6,"[[0.17364456026372335,6.378453723857902e-07,0.9848083908509363,0.16448316672213775],[7.290608310282369e-06,-0.9999999999732195,-6.378185924904416e-07,8.811699341153118e-07],[0.9848083908241572,7.2906059673946795e-06,-0.17364456026372355,0.5452413544638309],[0.0,0.0,0.0,1.0]]",p_S_m = R_S_step * p_step_m + t_S_m,STEP_LOCAL:B601_link6,S,m,mm,True,True,True,False,True
released,B601_gripper_link,"[[0.9848077530122072,6.378453723857881e-07,-0.17364817766575877,0.3217669148249408],[-6.378453723857894e-07,-0.9999999999732193,-7.290605967394669e-06,7.793039267086619e-07],[-0.17364817766575885,7.290605967394671e-06,-0.9848077529854281,0.5175085817441115],[0.0,0.0,0.0,1.0]]",p_S_m = R_S_step * p_step_m + t_S_m,STEP_LOCAL:B601_gripper_link,S,m,mm,True,True,True,False,True
released,B601_gripper_left,"[[-4.255246236520299e-06,0.9848077530032205,-0.17364817766575877,0.28031757069117413],[0.9999999999688161,3.0353597308251863e-06,-7.290605967394669e-06,0.014973275246013147],[-6.652760594964001e-06,-0.17364817769136726,-0.9848077529854279,0.5248303406293787],[0.0,0.0,0.0,1.0]]",p_S_m = R_S_step * p_step_m + t_S_m,STEP_LOCAL:B601_gripper_left,S,m,mm,True,True,True,False,True
released,B601_gripper_right,"[[-2.9795554917573265e-06,-0.9848077530079062,-0.17364817766575874,0.2803130641726079],[-0.9999999999641302,4.311050475588159e-06,-7.29060596739467e-06,-0.014971662942990306],[7.928451339726973e-06,0.1736481776378075,-0.9848077529854279,0.5248048928864644],[0.0,0.0,0.0,1.0]]",p_S_m = R_S_step * p_step_m + t_S_m,STEP_LOCAL:B601_gripper_right,S,m,mm,True,True,True,False,True
released,WP06_nut_-1_-94,"[[1.0,0.0,0.0,0.0],[0.0,1.0,0.0,0.0],[0.0,0.0,1.0,0.0],[0.0,0.0,0.0,1.0]]",p_S_m = R_S_step * p_step_m + t_S_m,STEP_LOCAL:WP06_nut_-1_-94,S,m,mm,True,True,True,False,True
released,WP06_nut_-1_94,"[[1.0,0.0,0.0,0.0],[0.0,1.0,0.0,0.0],[0.0,0.0,1.0,0.0],[0.0,0.0,0.0,1.0]]",p_S_m = R_S_step * p_step_m + t_S_m,STEP_LOCAL:WP06_nut_-1_94,S,m,mm,True,True,True,False,True
released,WP06_nut_1_-94,"[[1.0,0.0,0.0,0.0],[0.0,1.0,0.0,0.0],[0.0,0.0,1.0,0.0],[0.0,0.0,0.0,1.0]]",p_S_m = R_S_step * p_step_m + t_S_m,STEP_LOCAL:WP06_nut_1_-94,S,m,mm,True,True,True,False,True
released,WP06_nut_1_94,"[[1.0,0.0,0.0,0.0],[0.0,1.0,0.0,0.0],[0.0,0.0,1.0,0.0],[0.0,0.0,0.0,1.0]]",p_S_m = R_S_step * p_step_m + t_S_m,STEP_LOCAL:WP06_nut_1_94,S,m,mm,True,True,True,False,True
released,WP06_screw_-1_-94,"[[1.0,0.0,0.0,0.0],[0.0,1.0,0.0,0.0],[0.0,0.0,1.0,0.0],[0.0,0.0,0.0,1.0]]",p_S_m = R_S_step * p_step_m + t_S_m,STEP_LOCAL:WP06_screw_-1_-94,S,m,mm,True,True,True,False,True
released,WP06_screw_-1_94,"[[1.0,0.0,0.0,0.0],[0.0,1.0,0.0,0.0],[0.0,0.0,1.0,0.0],[0.0,0.0,0.0,1.0]]",p_S_m = R_S_step * p_step_m + t_S_m,STEP_LOCAL:WP06_screw_-1_94,S,m,mm,True,True,True,False,True
released,WP06_screw_1_-94,"[[1.0,0.0,0.0,0.0],[0.0,1.0,0.0,0.0],[0.0,0.0,1.0,0.0],[0.0,0.0,0.0,1.0]]",p_S_m = R_S_step * p_step_m + t_S_m,STEP_LOCAL:WP06_screw_1_-94,S,m,mm,True,True,True,False,True
released,WP06_screw_1_94,"[[1.0,0.0,0.0,0.0],[0.0,1.0,0.0,0.0],[0.0,0.0,1.0,0.0],[0.0,0.0,0.0,1.0]]",p_S_m = R_S_step * p_step_m + t_S_m,STEP_LOCAL:WP06_screw_1_94,S,m,mm,True,True,True,False,True
released,WP06_washer_inner_-1_-94,"[[1.0,0.0,0.0,0.0],[0.0,1.0,0.0,0.0],[0.0,0.0,1.0,0.0],[0.0,0.0,0.0,1.0]]",p_S_m = R_S_step * p_step_m + t_S_m,STEP_LOCAL:WP06_washer_inner_-1_-94,S,m,mm,True,True,True,False,True
released,WP06_washer_inner_-1_94,"[[1.0,0.0,0.0,0.0],[0.0,1.0,0.0,0.0],[0.0,0.0,1.0,0.0],[0.0,0.0,0.0,1.0]]",p_S_m = R_S_step * p_step_m + t_S_m,STEP_LOCAL:WP06_washer_inner_-1_94,S,m,mm,True,True,True,False,True
released,WP06_washer_inner_1_-94,"[[1.0,0.0,0.0,0.0],[0.0,1.0,0.0,0.0],[0.0,0.0,1.0,0.0],[0.0,0.0,0.0,1.0]]",p_S_m = R_S_step * p_step_m + t_S_m,STEP_LOCAL:WP06_washer_inner_1_-94,S,m,mm,True,True,True,False,True
released,WP06_washer_inner_1_94,"[[1.0,0.0,0.0,0.0],[0.0,1.0,0.0,0.0],[0.0,0.0,1.0,0.0],[0.0,0.0,0.0,1.0]]",p_S_m = R_S_step * p_step_m + t_S_m,STEP_LOCAL:WP06_washer_inner_1_94,S,m,mm,True,True,True,False,True
released,WP06_washer_outer_-1_-94,"[[1.0,0.0,0.0,0.0],[0.0,1.0,0.0,0.0],[0.0,0.0,1.0,0.0],[0.0,0.0,0.0,1.0]]",p_S_m = R_S_step * p_step_m + t_S_m,STEP_LOCAL:WP06_washer_outer_-1_-94,S,m,mm,True,True,True,False,True
released,WP06_washer_outer_-1_94,"[[1.0,0.0,0.0,0.0],[0.0,1.0,0.0,0.0],[0.0,0.0,1.0,0.0],[0.0,0.0,0.0,1.0]]",p_S_m = R_S_step * p_step_m + t_S_m,STEP_LOCAL:WP06_washer_outer_-1_94,S,m,mm,True,True,True,False,True
released,WP06_washer_outer_1_-94,"[[1.0,0.0,0.0,0.0],[0.0,1.0,0.0,0.0],[0.0,0.0,1.0,0.0],[0.0,0.0,0.0,1.0]]",p_S_m = R_S_step * p_step_m + t_S_m,STEP_LOCAL:WP06_washer_outer_1_-94,S,m,mm,True,True,True,False,True
released,WP06_washer_outer_1_94,"[[1.0,0.0,0.0,0.0],[0.0,1.0,0.0,0.0],[0.0,0.0,1.0,0.0],[0.0,0.0,0.0,1.0]]",p_S_m = R_S_step * p_step_m + t_S_m,STEP_LOCAL:WP06_washer_outer_1_94,S,m,mm,True,True,True,False,True
released,WP07_guide_screw_0_-10,"[[1.0000000000000004,0.0,0.0,-0.115],[0.0,0.0,-1.0000000000000004,-0.099],[0.0,1.0000000000000004,0.0,0.13515000000000002],[0.0,0.0,0.0,1.0]]",p_S_m = R_S_step * p_step_m + t_S_m,STEP_LOCAL:WP07_guide_screw_0_-10,S,m,mm,True,True,True,False,True
released,WP07_guide_screw_0_10,"[[1.0000000000000004,0.0,0.0,-0.115],[0.0,0.0,-1.0000000000000004,-0.099],[0.0,1.0000000000000004,0.0,0.13515000000000002],[0.0,0.0,0.0,1.0]]",p_S_m = R_S_step * p_step_m + t_S_m,STEP_LOCAL:WP07_guide_screw_0_10,S,m,mm,True,True,True,False,True
released,WP07_guide_washer_0_-10,"[[1.0000000000000004,0.0,0.0,-0.115],[0.0,0.0,-1.0000000000000004,-0.099],[0.0,1.0000000000000004,0.0,0.13515000000000002],[0.0,0.0,0.0,1.0]]",p_S_m = R_S_step * p_step_m + t_S_m,STEP_LOCAL:WP07_guide_washer_0_-10,S,m,mm,True,True,True,False,True
released,WP07_guide_washer_0_10,"[[1.0000000000000004,0.0,0.0,-0.115],[0.0,0.0,-1.0000000000000004,-0.099],[0.0,1.0000000000000004,0.0,0.13515000000000002],[0.0,0.0,0.0,1.0]]",p_S_m = R_S_step * p_step_m + t_S_m,STEP_LOCAL:WP07_guide_washer_0_10,S,m,mm,True,True,True,False,True
released,WP07_lower_collar_0_front,"[[1.0000000000000004,0.0,0.0,-0.115],[0.0,0.0,-1.0000000000000004,-0.099],[0.0,1.0000000000000004,0.0,0.13515000000000002],[0.0,0.0,0.0,1.0]]",p_S_m = R_S_step * p_step_m + t_S_m,STEP_LOCAL:WP07_lower_collar_0_front,S,m,mm,True,True,True,False,True
released,WP07_lower_collar_0_rear,"[[1.0000000000000004,0.0,0.0,-0.115],[0.0,0.0,-1.0000000000000004,-0.099],[0.0,1.0000000000000004,0.0,0.13515000000000002],[0.0,0.0,0.0,1.0]]",p_S_m = R_S_step * p_step_m + t_S_m,STEP_LOCAL:WP07_lower_collar_0_rear,S,m,mm,True,True,True,False,True
released,WP07_lower_nut_0_-17,"[[1.0000000000000004,0.0,0.0,-0.115],[0.0,0.0,-1.0000000000000004,-0.099],[0.0,1.0000000000000004,0.0,0.13515000000000002],[0.0,0.0,0.0,1.0]]",p_S_m = R_S_step * p_step_m + t_S_m,STEP_LOCAL:WP07_lower_nut_0_-17,S,m,mm,True,True,True,False,True
released,WP07_lower_nut_0_17,"[[1.0000000000000004,0.0,0.0,-0.115],[0.0,0.0,-1.0000000000000004,-0.099],[0.0,1.0000000000000004,0.0,0.13515000000000002],[0.0,0.0,0.0,1.0]]",p_S_m = R_S_step * p_step_m + t_S_m,STEP_LOCAL:WP07_lower_nut_0_17,S,m,mm,True,True,True,False,True
released,WP07_lower_screw_0_-17,"[[1.0000000000000004,0.0,0.0,-0.115],[0.0,0.0,-1.0000000000000004,-0.099],[0.0,1.0000000000000004,0.0,0.13515000000000002],[0.0,0.0,0.0,1.0]]",p_S_m = R_S_step * p_step_m + t_S_m,STEP_LOCAL:WP07_lower_screw_0_-17,S,m,mm,True,True,True,False,True
released,WP07_lower_screw_0_17,"[[1.0000000000000004,0.0,0.0,-0.115],[0.0,0.0,-1.0000000000000004,-0.099],[0.0,1.0000000000000004,0.0,0.13515000000000002],[0.0,0.0,0.0,1.0]]",p_S_m = R_S_step * p_step_m + t_S_m,STEP_LOCAL:WP07_lower_screw_0_17,S,m,mm,True,True,True,False,True
released,WP07_lower_washer_inner_0_-17,"[[1.0000000000000004,0.0,0.0,-0.115],[0.0,0.0,-1.0000000000000004,-0.099],[0.0,1.0000000000000004,0.0,0.13515000000000002],[0.0,0.0,0.0,1.0]]",p_S_m = R_S_step * p_step_m + t_S_m,STEP_LOCAL:WP07_lower_washer_inner_0_-17,S,m,mm,True,True,True,False,True
released,WP07_lower_washer_inner_0_17,"[[1.0000000000000004,0.0,0.0,-0.115],[0.0,0.0,-1.0000000000000004,-0.099],[0.0,1.0000000000000004,0.0,0.13515000000000002],[0.0,0.0,0.0,1.0]]",p_S_m = R_S_step * p_step_m + t_S_m,STEP_LOCAL:WP07_lower_washer_inner_0_17,S,m,mm,True,True,True,False,True
released,WP07_lower_washer_outer_0_-17,"[[1.0000000000000004,0.0,0.0,-0.115],[0.0,0.0,-1.0000000000000004,-0.099],[0.0,1.0000000000000004,0.0,0.13515000000000002],[0.0,0.0,0.0,1.0]]",p_S_m = R_S_step * p_step_m + t_S_m,STEP_LOCAL:WP07_lower_washer_outer_0_-17,S,m,mm,True,True,True,False,True
released,WP07_lower_washer_outer_0_17,"[[1.0000000000000004,0.0,0.0,-0.115],[0.0,0.0,-1.0000000000000004,-0.099],[0.0,1.0000000000000004,0.0,0.13515000000000002],[0.0,0.0,0.0,1.0]]",p_S_m = R_S_step * p_step_m + t_S_m,STEP_LOCAL:WP07_lower_washer_outer_0_17,S,m,mm,True,True,True,False,True
released,hold_fold_mast_0,"[[1.0000000000000004,0.0,0.0,-0.115],[0.0,0.0,-1.0000000000000004,-0.099],[0.0,1.0000000000000004,0.0,0.13515000000000002],[0.0,0.0,0.0,1.0]]",p_S_m = R_S_step * p_step_m + t_S_m,STEP_LOCAL:hold_fold_mast_0,S,m,mm,True,True,True,False,True
released,hold_shoe_guide_0_-10,"[[1.0000000000000004,0.0,0.0,-0.115],[0.0,0.0,-1.0000000000000004,-0.099],[0.0,1.0000000000000004,0.0,0.13515000000000002],[0.0,0.0,0.0,1.0]]",p_S_m = R_S_step * p_step_m + t_S_m,STEP_LOCAL:hold_shoe_guide_0_-10,S,m,mm,True,True,True,False,True
released,hold_shoe_guide_0_10,"[[1.0000000000000004,0.0,0.0,-0.115],[0.0,0.0,-1.0000000000000004,-0.099],[0.0,1.0000000000000004,0.0,0.13515000000000002],[0.0,0.0,0.0,1.0]]",p_S_m = R_S_step * p_step_m + t_S_m,STEP_LOCAL:hold_shoe_guide_0_10,S,m,mm,True,True,True,False,True
released,WP07_guide_screw_1_-10,"[[1.0000000000000004,0.0,0.0,-0.04],[0.0,0.0,-1.0000000000000004,-0.099],[0.0,1.0000000000000004,0.0,0.13515000000000002],[0.0,0.0,0.0,1.0]]",p_S_m = R_S_step * p_step_m + t_S_m,STEP_LOCAL:WP07_guide_screw_1_-10,S,m,mm,True,True,True,False,True
released,WP07_guide_screw_1_10,"[[1.0000000000000004,0.0,0.0,-0.04],[0.0,0.0,-1.0000000000000004,-0.099],[0.0,1.0000000000000004,0.0,0.13515000000000002],[0.0,0.0,0.0,1.0]]",p_S_m = R_S_step * p_step_m + t_S_m,STEP_LOCAL:WP07_guide_screw_1_10,S,m,mm,True,True,True,False,True
released,WP07_guide_washer_1_-10,"[[1.0000000000000004,0.0,0.0,-0.04],[0.0,0.0,-1.0000000000000004,-0.099],[0.0,1.0000000000000004,0.0,0.13515000000000002],[0.0,0.0,0.0,1.0]]",p_S_m = R_S_step * p_step_m + t_S_m,STEP_LOCAL:WP07_guide_washer_1_-10,S,m,mm,True,True,True,False,True
released,WP07_guide_washer_1_10,"[[1.0000000000000004,0.0,0.0,-0.04],[0.0,0.0,-1.0000000000000004,-0.099],[0.0,1.0000000000000004,0.0,0.13515000000000002],[0.0,0.0,0.0,1.0]]",p_S_m = R_S_step * p_step_m + t_S_m,STEP_LOCAL:WP07_guide_washer_1_10,S,m,mm,True,True,True,False,True
released,WP07_lower_collar_1_front,"[[1.0000000000000004,0.0,0.0,-0.04],[0.0,0.0,-1.0000000000000004,-0.099],[0.0,1.0000000000000004,0.0,0.13515000000000002],[0.0,0.0,0.0,1.0]]",p_S_m = R_S_step * p_step_m + t_S_m,STEP_LOCAL:WP07_lower_collar_1_front,S,m,mm,True,True,True,False,True
released,WP07_lower_collar_1_rear,"[[1.0000000000000004,0.0,0.0,-0.04],[0.0,0.0,-1.0000000000000004,-0.099],[0.0,1.0000000000000004,0.0,0.13515000000000002],[0.0,0.0,0.0,1.0]]",p_S_m = R_S_step * p_step_m + t_S_m,STEP_LOCAL:WP07_lower_collar_1_rear,S,m,mm,True,True,True,False,True
released,WP07_lower_nut_1_-17,"[[1.0000000000000004,0.0,0.0,-0.04],[0.0,0.0,-1.0000000000000004,-0.099],[0.0,1.0000000000000004,0.0,0.13515000000000002],[0.0,0.0,0.0,1.0]]",p_S_m = R_S_step * p_step_m + t_S_m,STEP_LOCAL:WP07_lower_nut_1_-17,S,m,mm,True,True,True,False,True
released,WP07_lower_nut_1_17,"[[1.0000000000000004,0.0,0.0,-0.04],[0.0,0.0,-1.0000000000000004,-0.099],[0.0,1.0000000000000004,0.0,0.13515000000000002],[0.0,0.0,0.0,1.0]]",p_S_m = R_S_step * p_step_m + t_S_m,STEP_LOCAL:WP07_lower_nut_1_17,S,m,mm,True,True,True,False,True
released,WP07_lower_screw_1_-17,"[[1.0000000000000004,0.0,0.0,-0.04],[0.0,0.0,-1.0000000000000004,-0.099],[0.0,1.0000000000000004,0.0,0.13515000000000002],[0.0,0.0,0.0,1.0]]",p_S_m = R_S_step * p_step_m + t_S_m,STEP_LOCAL:WP07_lower_screw_1_-17,S,m,mm,True,True,True,False,True
released,WP07_lower_screw_1_17,"[[1.0000000000000004,0.0,0.0,-0.04],[0.0,0.0,-1.0000000000000004,-0.099],[0.0,1.0000000000000004,0.0,0.13515000000000002],[0.0,0.0,0.0,1.0]]",p_S_m = R_S_step * p_step_m + t_S_m,STEP_LOCAL:WP07_lower_screw_1_17,S,m,mm,True,True,True,False,True
released,WP07_lower_washer_inner_1_-17,"[[1.0000000000000004,0.0,0.0,-0.04],[0.0,0.0,-1.0000000000000004,-0.099],[0.0,1.0000000000000004,0.0,0.13515000000000002],[0.0,0.0,0.0,1.0]]",p_S_m = R_S_step * p_step_m + t_S_m,STEP_LOCAL:WP07_lower_washer_inner_1_-17,S,m,mm,True,True,True,False,True
released,WP07_lower_washer_inner_1_17,"[[1.0000000000000004,0.0,0.0,-0.04],[0.0,0.0,-1.0000000000000004,-0.099],[0.0,1.0000000000000004,0.0,0.13515000000000002],[0.0,0.0,0.0,1.0]]",p_S_m = R_S_step * p_step_m + t_S_m,STEP_LOCAL:WP07_lower_washer_inner_1_17,S,m,mm,True,True,True,False,True
released,WP07_lower_washer_outer_1_-17,"[[1.0000000000000004,0.0,0.0,-0.04],[0.0,0.0,-1.0000000000000004,-0.099],[0.0,1.0000000000000004,0.0,0.13515000000000002],[0.0,0.0,0.0,1.0]]",p_S_m = R_S_step * p_step_m + t_S_m,STEP_LOCAL:WP07_lower_washer_outer_1_-17,S,m,mm,True,True,True,False,True
released,WP07_lower_washer_outer_1_17,"[[1.0000000000000004,0.0,0.0,-0.04],[0.0,0.0,-1.0000000000000004,-0.099],[0.0,1.0000000000000004,0.0,0.13515000000000002],[0.0,0.0,0.0,1.0]]",p_S_m = R_S_step * p_step_m + t_S_m,STEP_LOCAL:WP07_lower_washer_outer_1_17,S,m,mm,True,True,True,False,True
released,hold_fold_mast_1,"[[1.0000000000000004,0.0,0.0,-0.04],[0.0,0.0,-1.0000000000000004,-0.099],[0.0,1.0000000000000004,0.0,0.13515000000000002],[0.0,0.0,0.0,1.0]]",p_S_m = R_S_step * p_step_m + t_S_m,STEP_LOCAL:hold_fold_mast_1,S,m,mm,True,True,True,False,True
released,hold_shoe_guide_1_-10,"[[1.0000000000000004,0.0,0.0,-0.04],[0.0,0.0,-1.0000000000000004,-0.099],[0.0,1.0000000000000004,0.0,0.13515000000000002],[0.0,0.0,0.0,1.0]]",p_S_m = R_S_step * p_step_m + t_S_m,STEP_LOCAL:hold_shoe_guide_1_-10,S,m,mm,True,True,True,False,True
released,hold_shoe_guide_1_10,"[[1.0000000000000004,0.0,0.0,-0.04],[0.0,0.0,-1.0000000000000004,-0.099],[0.0,1.0000000000000004,0.0,0.13515000000000002],[0.0,0.0,0.0,1.0]]",p_S_m = R_S_step * p_step_m + t_S_m,STEP_LOCAL:hold_shoe_guide_1_10,S,m,mm,True,True,True,False,True
released,MIPS_CRADLE_B,"[[1.0,0.0,0.0,0.0],[0.0,1.0,0.0,0.0],[0.0,0.0,1.0,0.0],[0.0,0.0,0.0,1.0]]",p_S_m = R_S_step * p_step_m + t_S_m,STEP_LOCAL:MIPS_CRADLE_B,S,m,mm,True,True,False,False,True
released,MIPS_OEM_MAX_ENVELOPE,"[[1.0,0.0,0.0,0.0],[0.0,1.0,0.0,0.0],[0.0,0.0,1.0,0.0],[0.0,0.0,0.0,1.0]]",p_S_m = R_S_step * p_step_m + t_S_m,STEP_LOCAL:MIPS_OEM_MAX_ENVELOPE,S,m,mm,True,True,False,False,True
released,MIPS_INTERFACE_SHIM_-1_0,"[[1.0,0.0,0.0,0.0],[0.0,1.0,0.0,0.0],[0.0,0.0,1.0,0.0],[0.0,0.0,0.0,1.0]]",p_S_m = R_S_step * p_step_m + t_S_m,STEP_LOCAL:MIPS_INTERFACE_SHIM_-1_0,S,m,mm,True,True,False,False,True
released,MIPS_INTERFACE_SHIM_-1_1,"[[1.0,0.0,0.0,0.0],[0.0,1.0,0.0,0.0],[0.0,0.0,1.0,0.0],[0.0,0.0,0.0,1.0]]",p_S_m = R_S_step * p_step_m + t_S_m,STEP_LOCAL:MIPS_INTERFACE_SHIM_-1_1,S,m,mm,True,True,False,False,True
released,MIPS_INTERFACE_SHIM_1_0,"[[1.0,0.0,0.0,0.0],[0.0,1.0,0.0,0.0],[0.0,0.0,1.0,0.0],[0.0,0.0,0.0,1.0]]",p_S_m = R_S_step * p_step_m + t_S_m,STEP_LOCAL:MIPS_INTERFACE_SHIM_1_0,S,m,mm,True,True,False,False,True
released,MIPS_INTERFACE_SHIM_1_1,"[[1.0,0.0,0.0,0.0],[0.0,1.0,0.0,0.0],[0.0,0.0,1.0,0.0],[0.0,0.0,0.0,1.0]]",p_S_m = R_S_step * p_step_m + t_S_m,STEP_LOCAL:MIPS_INTERFACE_SHIM_1_1,S,m,mm,True,True,False,False,True
released,P60_REFERENCE_B,"[[1.0,0.0,0.0,-0.012],[0.0,1.0,0.0,0.0],[0.0,0.0,1.0,0.0],[0.0,0.0,0.0,1.0]]",p_S_m = R_S_step * p_step_m + t_S_m,STEP_LOCAL:P60_REFERENCE_B,S,m,mm,True,True,False,False,True
released,P60_TRAY_B,"[[1.0,0.0,0.0,-0.012],[0.0,1.0,0.0,0.0],[0.0,0.0,1.0,0.0],[0.0,0.0,0.0,1.0]]",p_S_m = R_S_step * p_step_m + t_S_m,STEP_LOCAL:P60_TRAY_B,S,m,mm,True,True,False,False,True
released,GROMMET_0,"[[1.0,0.0,0.0,0.0],[0.0,1.0,0.0,0.0],[0.0,0.0,1.0,0.0],[0.0,0.0,0.0,1.0]]",p_S_m = R_S_step * p_step_m + t_S_m,STEP_LOCAL:GROMMET_0,S,m,mm,True,True,False,False,True
released,GROMMET_1,"[[1.0,0.0,0.0,0.0],[0.0,1.0,0.0,0.0],[0.0,0.0,1.0,0.0],[0.0,0.0,0.0,1.0]]",p_S_m = R_S_step * p_step_m + t_S_m,STEP_LOCAL:GROMMET_1,S,m,mm,True,True,False,False,True
released,MIPS_FOOT_0_SCREW,"[[1.0,0.0,0.0,0.0],[0.0,1.0,0.0,0.0],[0.0,0.0,1.0,0.0],[0.0,0.0,0.0,1.0]]",p_S_m = R_S_step * p_step_m + t_S_m,STEP_LOCAL:MIPS_FOOT_0_SCREW,S,m,mm,True,True,False,False,True
released,MIPS_FOOT_0_TOP_WASHER,"[[1.0,0.0,0.0,0.0],[0.0,1.0,0.0,0.0],[0.0,0.0,1.0,0.0],[0.0,0.0,0.0,1.0]]",p_S_m = R_S_step * p_step_m + t_S_m,STEP_LOCAL:MIPS_FOOT_0_TOP_WASHER,S,m,mm,True,True,False,False,True
released,MIPS_FOOT_0_BOTTOM_WASHER,"[[1.0,0.0,0.0,0.0],[0.0,1.0,0.0,0.0],[0.0,0.0,1.0,0.0],[0.0,0.0,0.0,1.0]]",p_S_m = R_S_step * p_step_m + t_S_m,STEP_LOCAL:MIPS_FOOT_0_BOTTOM_WASHER,S,m,mm,True,True,False,False,True
released,MIPS_FOOT_0_NUT,"[[1.0,0.0,0.0,0.0],[0.0,1.0,0.0,0.0],[0.0,0.0,1.0,0.0],[0.0,0.0,0.0,1.0]]",p_S_m = R_S_step * p_step_m + t_S_m,STEP_LOCAL:MIPS_FOOT_0_NUT,S,m,mm,True,True,False,False,True
released,MIPS_FOOT_1_SCREW,"[[1.0,0.0,0.0,0.0],[0.0,1.0,0.0,0.0],[0.0,0.0,1.0,0.0],[0.0,0.0,0.0,1.0]]",p_S_m = R_S_step * p_step_m + t_S_m,STEP_LOCAL:MIPS_FOOT_1_SCREW,S,m,mm,True,True,False,False,True
released,MIPS_FOOT_1_TOP_WASHER,"[[1.0,0.0,0.0,0.0],[0.0,1.0,0.0,0.0],[0.0,0.0,1.0,0.0],[0.0,0.0,0.0,1.0]]",p_S_m = R_S_step * p_step_m + t_S_m,STEP_LOCAL:MIPS_FOOT_1_TOP_WASHER,S,m,mm,True,True,False,False,True
released,MIPS_FOOT_1_BOTTOM_WASHER,"[[1.0,0.0,0.0,0.0],[0.0,1.0,0.0,0.0],[0.0,0.0,1.0,0.0],[0.0,0.0,0.0,1.0]]",p_S_m = R_S_step * p_step_m + t_S_m,STEP_LOCAL:MIPS_FOOT_1_BOTTOM_WASHER,S,m,mm,True,True,False,False,True
released,MIPS_FOOT_1_NUT,"[[1.0,0.0,0.0,0.0],[0.0,1.0,0.0,0.0],[0.0,0.0,1.0,0.0],[0.0,0.0,0.0,1.0]]",p_S_m = R_S_step * p_step_m + t_S_m,STEP_LOCAL:MIPS_FOOT_1_NUT,S,m,mm,True,True,False,False,True
released,MIPS_FOOT_2_SCREW,"[[1.0,0.0,0.0,0.0],[0.0,1.0,0.0,0.0],[0.0,0.0,1.0,0.0],[0.0,0.0,0.0,1.0]]",p_S_m = R_S_step * p_step_m + t_S_m,STEP_LOCAL:MIPS_FOOT_2_SCREW,S,m,mm,True,True,False,False,True
released,MIPS_FOOT_2_TOP_WASHER,"[[1.0,0.0,0.0,0.0],[0.0,1.0,0.0,0.0],[0.0,0.0,1.0,0.0],[0.0,0.0,0.0,1.0]]",p_S_m = R_S_step * p_step_m + t_S_m,STEP_LOCAL:MIPS_FOOT_2_TOP_WASHER,S,m,mm,True,True,False,False,True
released,MIPS_FOOT_2_BOTTOM_WASHER,"[[1.0,0.0,0.0,0.0],[0.0,1.0,0.0,0.0],[0.0,0.0,1.0,0.0],[0.0,0.0,0.0,1.0]]",p_S_m = R_S_step * p_step_m + t_S_m,STEP_LOCAL:MIPS_FOOT_2_BOTTOM_WASHER,S,m,mm,True,True,False,False,True
released,MIPS_FOOT_2_NUT,"[[1.0,0.0,0.0,0.0],[0.0,1.0,0.0,0.0],[0.0,0.0,1.0,0.0],[0.0,0.0,0.0,1.0]]",p_S_m = R_S_step * p_step_m + t_S_m,STEP_LOCAL:MIPS_FOOT_2_NUT,S,m,mm,True,True,False,False,True
released,MIPS_FOOT_3_SCREW,"[[1.0,0.0,0.0,0.0],[0.0,1.0,0.0,0.0],[0.0,0.0,1.0,0.0],[0.0,0.0,0.0,1.0]]",p_S_m = R_S_step * p_step_m + t_S_m,STEP_LOCAL:MIPS_FOOT_3_SCREW,S,m,mm,True,True,False,False,True
released,MIPS_FOOT_3_TOP_WASHER,"[[1.0,0.0,0.0,0.0],[0.0,1.0,0.0,0.0],[0.0,0.0,1.0,0.0],[0.0,0.0,0.0,1.0]]",p_S_m = R_S_step * p_step_m + t_S_m,STEP_LOCAL:MIPS_FOOT_3_TOP_WASHER,S,m,mm,True,True,False,False,True
released,MIPS_FOOT_3_BOTTOM_WASHER,"[[1.0,0.0,0.0,0.0],[0.0,1.0,0.0,0.0],[0.0,0.0,1.0,0.0],[0.0,0.0,0.0,1.0]]",p_S_m = R_S_step * p_step_m + t_S_m,STEP_LOCAL:MIPS_FOOT_3_BOTTOM_WASHER,S,m,mm,True,True,False,False,True
released,MIPS_FOOT_3_NUT,"[[1.0,0.0,0.0,0.0],[0.0,1.0,0.0,0.0],[0.0,0.0,1.0,0.0],[0.0,0.0,0.0,1.0]]",p_S_m = R_S_step * p_step_m + t_S_m,STEP_LOCAL:MIPS_FOOT_3_NUT,S,m,mm,True,True,False,False,True
released,P60_HOST_0_POST,"[[1.0,0.0,0.0,-0.012],[0.0,1.0,0.0,0.0],[0.0,0.0,1.0,0.0],[0.0,0.0,0.0,1.0]]",p_S_m = R_S_step * p_step_m + t_S_m,STEP_LOCAL:P60_HOST_0_POST,S,m,mm,True,True,False,False,True
released,P60_HOST_0_ROD,"[[1.0,0.0,0.0,-0.012],[0.0,1.0,0.0,0.0],[0.0,0.0,1.0,0.0],[0.0,0.0,0.0,1.0]]",p_S_m = R_S_step * p_step_m + t_S_m,STEP_LOCAL:P60_HOST_0_ROD,S,m,mm,True,True,False,False,True
released,P60_HOST_0_TW,"[[1.0,0.0,0.0,-0.012],[0.0,1.0,0.0,0.0],[0.0,0.0,1.0,0.0],[0.0,0.0,0.0,1.0]]",p_S_m = R_S_step * p_step_m + t_S_m,STEP_LOCAL:P60_HOST_0_TW,S,m,mm,True,True,False,False,True
released,P60_HOST_0_TN,"[[1.0,0.0,0.0,-0.012],[0.0,1.0,0.0,0.0],[0.0,0.0,1.0,0.0],[0.0,0.0,0.0,1.0]]",p_S_m = R_S_step * p_step_m + t_S_m,STEP_LOCAL:P60_HOST_0_TN,S,m,mm,True,True,False,False,True
released,P60_HOST_0_BW,"[[1.0,0.0,0.0,-0.012],[0.0,1.0,0.0,0.0],[0.0,0.0,1.0,0.0],[0.0,0.0,0.0,1.0]]",p_S_m = R_S_step * p_step_m + t_S_m,STEP_LOCAL:P60_HOST_0_BW,S,m,mm,True,True,False,False,True
released,P60_HOST_0_BN,"[[1.0,0.0,0.0,-0.012],[0.0,1.0,0.0,0.0],[0.0,0.0,1.0,0.0],[0.0,0.0,0.0,1.0]]",p_S_m = R_S_step * p_step_m + t_S_m,STEP_LOCAL:P60_HOST_0_BN,S,m,mm,True,True,False,False,True
released,P60_HOST_1_POST,"[[1.0,0.0,0.0,-0.012],[0.0,1.0,0.0,0.0],[0.0,0.0,1.0,0.0],[0.0,0.0,0.0,1.0]]",p_S_m = R_S_step * p_step_m + t_S_m,STEP_LOCAL:P60_HOST_1_POST,S,m,mm,True,True,False,False,True
released,P60_HOST_1_ROD,"[[1.0,0.0,0.0,-0.012],[0.0,1.0,0.0,0.0],[0.0,0.0,1.0,0.0],[0.0,0.0,0.0,1.0]]",p_S_m = R_S_step * p_step_m + t_S_m,STEP_LOCAL:P60_HOST_1_ROD,S,m,mm,True,True,False,False,True
released,P60_HOST_1_TW,"[[1.0,0.0,0.0,-0.012],[0.0,1.0,0.0,0.0],[0.0,0.0,1.0,0.0],[0.0,0.0,0.0,1.0]]",p_S_m = R_S_step * p_step_m + t_S_m,STEP_LOCAL:P60_HOST_1_TW,S,m,mm,True,True,False,False,True
released,P60_HOST_1_TN,"[[1.0,0.0,0.0,-0.012],[0.0,1.0,0.0,0.0],[0.0,0.0,1.0,0.0],[0.0,0.0,0.0,1.0]]",p_S_m = R_S_step * p_step_m + t_S_m,STEP_LOCAL:P60_HOST_1_TN,S,m,mm,True,True,False,False,True
released,P60_HOST_1_BW,"[[1.0,0.0,0.0,-0.012],[0.0,1.0,0.0,0.0],[0.0,0.0,1.0,0.0],[0.0,0.0,0.0,1.0]]",p_S_m = R_S_step * p_step_m + t_S_m,STEP_LOCAL:P60_HOST_1_BW,S,m,mm,True,True,False,False,True
released,P60_HOST_1_BN,"[[1.0,0.0,0.0,-0.012],[0.0,1.0,0.0,0.0],[0.0,0.0,1.0,0.0],[0.0,0.0,0.0,1.0]]",p_S_m = R_S_step * p_step_m + t_S_m,STEP_LOCAL:P60_HOST_1_BN,S,m,mm,True,True,False,False,True
released,P60_HOST_2_POST,"[[1.0,0.0,0.0,-0.012],[0.0,1.0,0.0,0.0],[0.0,0.0,1.0,0.0],[0.0,0.0,0.0,1.0]]",p_S_m = R_S_step * p_step_m + t_S_m,STEP_LOCAL:P60_HOST_2_POST,S,m,mm,True,True,False,False,True
released,P60_HOST_2_ROD,"[[1.0,0.0,0.0,-0.012],[0.0,1.0,0.0,0.0],[0.0,0.0,1.0,0.0],[0.0,0.0,0.0,1.0]]",p_S_m = R_S_step * p_step_m + t_S_m,STEP_LOCAL:P60_HOST_2_ROD,S,m,mm,True,True,False,False,True
released,P60_HOST_2_TW,"[[1.0,0.0,0.0,-0.012],[0.0,1.0,0.0,0.0],[0.0,0.0,1.0,0.0],[0.0,0.0,0.0,1.0]]",p_S_m = R_S_step * p_step_m + t_S_m,STEP_LOCAL:P60_HOST_2_TW,S,m,mm,True,True,False,False,True
released,P60_HOST_2_TN,"[[1.0,0.0,0.0,-0.012],[0.0,1.0,0.0,0.0],[0.0,0.0,1.0,0.0],[0.0,0.0,0.0,1.0]]",p_S_m = R_S_step * p_step_m + t_S_m,STEP_LOCAL:P60_HOST_2_TN,S,m,mm,True,True,False,False,True
released,P60_HOST_2_BW,"[[1.0,0.0,0.0,-0.012],[0.0,1.0,0.0,0.0],[0.0,0.0,1.0,0.0],[0.0,0.0,0.0,1.0]]",p_S_m = R_S_step * p_step_m + t_S_m,STEP_LOCAL:P60_HOST_2_BW,S,m,mm,True,True,False,False,True
released,P60_HOST_2_BN,"[[1.0,0.0,0.0,-0.012],[0.0,1.0,0.0,0.0],[0.0,0.0,1.0,0.0],[0.0,0.0,0.0,1.0]]",p_S_m = R_S_step * p_step_m + t_S_m,STEP_LOCAL:P60_HOST_2_BN,S,m,mm,True,True,False,False,True
released,P60_HOST_3_POST,"[[1.0,0.0,0.0,-0.012],[0.0,1.0,0.0,0.0],[0.0,0.0,1.0,0.0],[0.0,0.0,0.0,1.0]]",p_S_m = R_S_step * p_step_m + t_S_m,STEP_LOCAL:P60_HOST_3_POST,S,m,mm,True,True,False,False,True
released,P60_HOST_3_ROD,"[[1.0,0.0,0.0,-0.012],[0.0,1.0,0.0,0.0],[0.0,0.0,1.0,0.0],[0.0,0.0,0.0,1.0]]",p_S_m = R_S_step * p_step_m + t_S_m,STEP_LOCAL:P60_HOST_3_ROD,S,m,mm,True,True,False,False,True
released,P60_HOST_3_TW,"[[1.0,0.0,0.0,-0.012],[0.0,1.0,0.0,0.0],[0.0,0.0,1.0,0.0],[0.0,0.0,0.0,1.0]]",p_S_m = R_S_step * p_step_m + t_S_m,STEP_LOCAL:P60_HOST_3_TW,S,m,mm,True,True,False,False,True
released,P60_HOST_3_TN,"[[1.0,0.0,0.0,-0.012],[0.0,1.0,0.0,0.0],[0.0,0.0,1.0,0.0],[0.0,0.0,0.0,1.0]]",p_S_m = R_S_step * p_step_m + t_S_m,STEP_LOCAL:P60_HOST_3_TN,S,m,mm,True,True,False,False,True
released,P60_HOST_3_BW,"[[1.0,0.0,0.0,-0.012],[0.0,1.0,0.0,0.0],[0.0,0.0,1.0,0.0],[0.0,0.0,0.0,1.0]]",p_S_m = R_S_step * p_step_m + t_S_m,STEP_LOCAL:P60_HOST_3_BW,S,m,mm,True,True,False,False,True
released,P60_HOST_3_BN,"[[1.0,0.0,0.0,-0.012],[0.0,1.0,0.0,0.0],[0.0,0.0,1.0,0.0],[0.0,0.0,0.0,1.0]]",p_S_m = R_S_step * p_step_m + t_S_m,STEP_LOCAL:P60_HOST_3_BN,S,m,mm,True,True,False,False,True
released,CLAMP_PWR_BASE,"[[1.0,0.0,0.0,0.0],[0.0,1.0,0.0,0.0],[0.0,0.0,1.0,0.0],[0.0,0.0,0.0,1.0]]",p_S_m = R_S_step * p_step_m + t_S_m,STEP_LOCAL:CLAMP_PWR_BASE,S,m,mm,True,True,False,False,True
released,CLAMP_PWR_LID,"[[1.0,0.0,0.0,0.0],[0.0,1.0,0.0,0.0],[0.0,0.0,1.0,0.0],[0.0,0.0,0.0,1.0]]",p_S_m = R_S_step * p_step_m + t_S_m,STEP_LOCAL:CLAMP_PWR_LID,S,m,mm,True,True,False,False,True
released,POST_PWR_0,"[[1.0,0.0,0.0,0.0],[0.0,1.0,0.0,0.0],[0.0,0.0,1.0,0.0],[0.0,0.0,0.0,1.0]]",p_S_m = R_S_step * p_step_m + t_S_m,STEP_LOCAL:POST_PWR_0,S,m,mm,True,True,False,False,True
released,TIEROD_PWR_0,"[[1.0,0.0,0.0,0.0],[0.0,1.0,0.0,0.0],[0.0,0.0,1.0,0.0],[0.0,0.0,0.0,1.0]]",p_S_m = R_S_step * p_step_m + t_S_m,STEP_LOCAL:TIEROD_PWR_0,S,m,mm,True,True,False,False,True
released,CLAMP_PWR_0_TW,"[[1.0,0.0,0.0,0.0],[0.0,1.0,0.0,0.0],[0.0,0.0,1.0,0.0],[0.0,0.0,0.0,1.0]]",p_S_m = R_S_step * p_step_m + t_S_m,STEP_LOCAL:CLAMP_PWR_0_TW,S,m,mm,True,True,False,False,True
released,CLAMP_PWR_0_TN,"[[1.0,0.0,0.0,0.0],[0.0,1.0,0.0,0.0],[0.0,0.0,1.0,0.0],[0.0,0.0,0.0,1.0]]",p_S_m = R_S_step * p_step_m + t_S_m,STEP_LOCAL:CLAMP_PWR_0_TN,S,m,mm,True,True,False,False,True
released,CLAMP_PWR_0_BW,"[[1.0,0.0,0.0,0.0],[0.0,1.0,0.0,0.0],[0.0,0.0,1.0,0.0],[0.0,0.0,0.0,1.0]]",p_S_m = R_S_step * p_step_m + t_S_m,STEP_LOCAL:CLAMP_PWR_0_BW,S,m,mm,True,True,False,False,True
released,CLAMP_PWR_0_BN,"[[1.0,0.0,0.0,0.0],[0.0,1.0,0.0,0.0],[0.0,0.0,1.0,0.0],[0.0,0.0,0.0,1.0]]",p_S_m = R_S_step * p_step_m + t_S_m,STEP_LOCAL:CLAMP_PWR_0_BN,S,m,mm,True,True,False,False,True
released,POST_PWR_1,"[[1.0,0.0,0.0,0.0],[0.0,1.0,0.0,0.0],[0.0,0.0,1.0,0.0],[0.0,0.0,0.0,1.0]]",p_S_m = R_S_step * p_step_m + t_S_m,STEP_LOCAL:POST_PWR_1,S,m,mm,True,True,False,False,True
released,TIEROD_PWR_1,"[[1.0,0.0,0.0,0.0],[0.0,1.0,0.0,0.0],[0.0,0.0,1.0,0.0],[0.0,0.0,0.0,1.0]]",p_S_m = R_S_step * p_step_m + t_S_m,STEP_LOCAL:TIEROD_PWR_1,S,m,mm,True,True,False,False,True
released,CLAMP_PWR_1_TW,"[[1.0,0.0,0.0,0.0],[0.0,1.0,0.0,0.0],[0.0,0.0,1.0,0.0],[0.0,0.0,0.0,1.0]]",p_S_m = R_S_step * p_step_m + t_S_m,STEP_LOCAL:CLAMP_PWR_1_TW,S,m,mm,True,True,False,False,True
released,CLAMP_PWR_1_TN,"[[1.0,0.0,0.0,0.0],[0.0,1.0,0.0,0.0],[0.0,0.0,1.0,0.0],[0.0,0.0,0.0,1.0]]",p_S_m = R_S_step * p_step_m + t_S_m,STEP_LOCAL:CLAMP_PWR_1_TN,S,m,mm,True,True,False,False,True
released,CLAMP_PWR_1_BW,"[[1.0,0.0,0.0,0.0],[0.0,1.0,0.0,0.0],[0.0,0.0,1.0,0.0],[0.0,0.0,0.0,1.0]]",p_S_m = R_S_step * p_step_m + t_S_m,STEP_LOCAL:CLAMP_PWR_1_BW,S,m,mm,True,True,False,False,True
released,CLAMP_PWR_1_BN,"[[1.0,0.0,0.0,0.0],[0.0,1.0,0.0,0.0],[0.0,0.0,1.0,0.0],[0.0,0.0,0.0,1.0]]",p_S_m = R_S_step * p_step_m + t_S_m,STEP_LOCAL:CLAMP_PWR_1_BN,S,m,mm,True,True,False,False,True
released,CLAMP_DUAL_BASE,"[[1.0,0.0,0.0,0.0],[0.0,1.0,0.0,0.0],[0.0,0.0,1.0,0.0],[0.0,0.0,0.0,1.0]]",p_S_m = R_S_step * p_step_m + t_S_m,STEP_LOCAL:CLAMP_DUAL_BASE,S,m,mm,True,False,False,False,True
released,CLAMP_DUAL_LID,"[[1.0,0.0,0.0,0.0],[0.0,1.0,0.0,0.0],[0.0,0.0,1.0,0.0],[0.0,0.0,0.0,1.0]]",p_S_m = R_S_step * p_step_m + t_S_m,STEP_LOCAL:CLAMP_DUAL_LID,S,m,mm,True,False,False,False,True
released,POST_DUAL_0,"[[1.0,0.0,0.0,0.07200000000000001],[0.0,1.0,0.0,0.041],[0.0,0.0,1.0,-0.0085],[0.0,0.0,0.0,1.0]]",p_S_m = R_S_step * p_step_m + t_S_m,STEP_LOCAL:POST_DUAL_0,S,m,mm,True,False,False,False,True
released,TIEROD_DUAL_0,"[[1.0,0.0,0.0,0.07200000000000001],[0.0,1.0,0.0,0.041],[0.0,0.0,1.0,-0.0175],[0.0,0.0,0.0,1.0]]",p_S_m = R_S_step * p_step_m + t_S_m,STEP_LOCAL:TIEROD_DUAL_0,S,m,mm,True,False,False,False,True
released,CLAMP_DUAL_0_TW,"[[1.0,0.0,0.0,-0.028],[0.0,1.0,0.0,-0.005],[0.0,0.0,1.0,0.014],[0.0,0.0,0.0,1.0]]",p_S_m = R_S_step * p_step_m + t_S_m,STEP_LOCAL:CLAMP_DUAL_0_TW,S,m,mm,True,True,False,False,True
released,CLAMP_DUAL_0_TN,"[[1.0,0.0,0.0,-0.028],[0.0,1.0,0.0,-0.005],[0.0,0.0,1.0,0.014],[0.0,0.0,0.0,1.0]]",p_S_m = R_S_step * p_step_m + t_S_m,STEP_LOCAL:CLAMP_DUAL_0_TN,S,m,mm,True,True,False,False,True
released,CLAMP_DUAL_0_BW,"[[1.0,0.0,0.0,-0.028],[0.0,1.0,0.0,-0.005],[0.0,0.0,1.0,0.0],[0.0,0.0,0.0,1.0]]",p_S_m = R_S_step * p_step_m + t_S_m,STEP_LOCAL:CLAMP_DUAL_0_BW,S,m,mm,True,True,False,False,True
released,CLAMP_DUAL_0_BN,"[[1.0,0.0,0.0,-0.028],[0.0,1.0,0.0,-0.005],[0.0,0.0,1.0,0.0],[0.0,0.0,0.0,1.0]]",p_S_m = R_S_step * p_step_m + t_S_m,STEP_LOCAL:CLAMP_DUAL_0_BN,S,m,mm,True,True,False,False,True
released,POST_DUAL_1,"[[1.0,0.0,0.0,0.088],[0.0,1.0,0.0,0.041],[0.0,0.0,1.0,-0.0085],[0.0,0.0,0.0,1.0]]",p_S_m = R_S_step * p_step_m + t_S_m,STEP_LOCAL:POST_DUAL_1,S,m,mm,True,False,False,False,True
released,TIEROD_DUAL_1,"[[1.0,0.0,0.0,0.088],[0.0,1.0,0.0,0.041],[0.0,0.0,1.0,-0.0175],[0.0,0.0,0.0,1.0]]",p_S_m = R_S_step * p_step_m + t_S_m,STEP_LOCAL:TIEROD_DUAL_1,S,m,mm,True,False,False,False,True
released,CLAMP_DUAL_1_TW,"[[1.0,0.0,0.0,-0.012],[0.0,1.0,0.0,-0.038],[0.0,0.0,1.0,0.014],[0.0,0.0,0.0,1.0]]",p_S_m = R_S_step * p_step_m + t_S_m,STEP_LOCAL:CLAMP_DUAL_1_TW,S,m,mm,True,True,False,False,True
released,CLAMP_DUAL_1_TN,"[[1.0,0.0,0.0,-0.012],[0.0,1.0,0.0,-0.038],[0.0,0.0,1.0,0.014],[0.0,0.0,0.0,1.0]]",p_S_m = R_S_step * p_step_m + t_S_m,STEP_LOCAL:CLAMP_DUAL_1_TN,S,m,mm,True,True,False,False,True
released,CLAMP_DUAL_1_BW,"[[1.0,0.0,0.0,-0.012],[0.0,1.0,0.0,-0.038],[0.0,0.0,1.0,0.0],[0.0,0.0,0.0,1.0]]",p_S_m = R_S_step * p_step_m + t_S_m,STEP_LOCAL:CLAMP_DUAL_1_BW,S,m,mm,True,True,False,False,True
released,CLAMP_DUAL_1_BN,"[[1.0,0.0,0.0,-0.012],[0.0,1.0,0.0,-0.038],[0.0,0.0,1.0,0.0],[0.0,0.0,0.0,1.0]]",p_S_m = R_S_step * p_step_m + t_S_m,STEP_LOCAL:CLAMP_DUAL_1_BN,S,m,mm,True,True,False,False,True
released,lower_equipment_deck_B,"[[1.0,0.0,0.0,0.0],[0.0,1.0,0.0,0.0],[0.0,0.0,1.0,0.0],[0.0,0.0,0.0,1.0]]",p_S_m = R_S_step * p_step_m + t_S_m,STEP_LOCAL:lower_equipment_deck_B,S,m,mm,True,False,False,False,True
released,upper_equipment_deck_B,"[[1.0,0.0,0.0,0.0],[0.0,1.0,0.0,0.0],[0.0,0.0,1.0,0.0],[0.0,0.0,0.0,1.0]]",p_S_m = R_S_step * p_step_m + t_S_m,STEP_LOCAL:upper_equipment_deck_B,S,m,mm,True,False,False,False,True
released,PROP_PWR_ROUTE,"[[1.0,0.0,0.0,0.0],[0.0,1.0,0.0,0.0],[0.0,0.0,1.0,0.0],[0.0,0.0,0.0,1.0]]",p_S_m = R_S_step * p_step_m + t_S_m,STEP_LOCAL:PROP_PWR_ROUTE,S,m,mm,True,False,False,False,True
released,PROP_DATA_ROUTE,"[[1.0,0.0,0.0,0.0],[0.0,1.0,0.0,0.0],[0.0,0.0,1.0,0.0],[0.0,0.0,0.0,1.0]]",p_S_m = R_S_step * p_step_m + t_S_m,STEP_LOCAL:PROP_DATA_ROUTE,S,m,mm,True,False,False,False,True
released,WP09F_PWR_GLAND,"[[1.0,0.0,0.0,0.0],[0.0,1.0,0.0,0.0],[0.0,0.0,1.0,0.0],[0.0,0.0,0.0,1.0]]",p_S_m = R_S_step * p_step_m + t_S_m,STEP_LOCAL:WP09F_PWR_GLAND,S,m,mm,True,True,True,False,True
released,WP09F_PWR_NUT,"[[1.0,0.0,0.0,0.0],[0.0,1.0,0.0,0.0],[0.0,0.0,1.0,0.0],[0.0,0.0,0.0,1.0]]",p_S_m = R_S_step * p_step_m + t_S_m,STEP_LOCAL:WP09F_PWR_NUT,S,m,mm,True,True,True,False,True
released,WP09F_RS422_GLAND,"[[1.0,0.0,0.0,0.0],[0.0,1.0,0.0,0.0],[0.0,0.0,1.0,0.0],[0.0,0.0,0.0,1.0]]",p_S_m = R_S_step * p_step_m + t_S_m,STEP_LOCAL:WP09F_RS422_GLAND,S,m,mm,True,True,True,False,True
released,WP09F_RS422_NUT,"[[1.0,0.0,0.0,0.0],[0.0,1.0,0.0,0.0],[0.0,0.0,1.0,0.0],[0.0,0.0,0.0,1.0]]",p_S_m = R_S_step * p_step_m + t_S_m,STEP_LOCAL:WP09F_RS422_NUT,S,m,mm,True,True,True,False,True
released,WP09F_front_service_cover_GSE,"[[1.0,0.0,0.0,0.0],[0.0,1.0,0.0,0.0],[0.0,0.0,1.0,0.0],[0.0,0.0,0.0,1.0]]",p_S_m = R_S_step * p_step_m + t_S_m,STEP_LOCAL:WP09F_front_service_cover_GSE,S,m,mm,True,True,True,False,True
released,PV0_S1_C01_CIC,"[[1.0,0.0,0.0,-0.12419999999999999],[0.0,0.0,1.0,-0.119655],[0.0,-1.0,0.0,-0.052250000000000005],[0.0,0.0,0.0,1.0]]",p_S_m = R_S_step * p_step_m + t_S_m,STEP_LOCAL:PV0_S1_C01_CIC,S,m,mm,True,True,True,False,True
released,PV0_S1_C01_BOND,"[[1.0,0.0,0.0,-0.12419999999999999],[0.0,0.0,1.0,-0.11985000000000001],[0.0,-1.0,0.0,-0.052250000000000005],[0.0,0.0,0.0,1.0]]",p_S_m = R_S_step * p_step_m + t_S_m,STEP_LOCAL:PV0_S1_C01_BOND,S,m,mm,True,True,True,False,True
released,PV0_S1_C02_CIC,"[[1.0,0.0,0.0,-0.0828],[0.0,0.0,1.0,-0.119655],[0.0,-1.0,0.0,-0.052250000000000005],[0.0,0.0,0.0,1.0]]",p_S_m = R_S_step * p_step_m + t_S_m,STEP_LOCAL:PV0_S1_C02_CIC,S,m,mm,True,True,True,False,True
released,PV0_S1_C02_BOND,"[[1.0,0.0,0.0,-0.0828],[0.0,0.0,1.0,-0.11985000000000001],[0.0,-1.0,0.0,-0.052250000000000005],[0.0,0.0,0.0,1.0]]",p_S_m = R_S_step * p_step_m + t_S_m,STEP_LOCAL:PV0_S1_C02_BOND,S,m,mm,True,True,True,False,True
released,PV0_S1_C03_CIC,"[[1.0,0.0,0.0,-0.0414],[0.0,0.0,1.0,-0.119655],[0.0,-1.0,0.0,-0.052250000000000005],[0.0,0.0,0.0,1.0]]",p_S_m = R_S_step * p_step_m + t_S_m,STEP_LOCAL:PV0_S1_C03_CIC,S,m,mm,True,True,True,False,True
released,PV0_S1_C03_BOND,"[[1.0,0.0,0.0,-0.0414],[0.0,0.0,1.0,-0.11985000000000001],[0.0,-1.0,0.0,-0.052250000000000005],[0.0,0.0,0.0,1.0]]",p_S_m = R_S_step * p_step_m + t_S_m,STEP_LOCAL:PV0_S1_C03_BOND,S,m,mm,True,True,True,False,True
released,PV0_S1_C04_CIC,"[[1.0,0.0,0.0,0.0],[0.0,0.0,1.0,-0.119655],[0.0,-1.0,0.0,-0.052250000000000005],[0.0,0.0,0.0,1.0]]",p_S_m = R_S_step * p_step_m + t_S_m,STEP_LOCAL:PV0_S1_C04_CIC,S,m,mm,True,True,True,False,True
released,PV0_S1_C04_BOND,"[[1.0,0.0,0.0,0.0],[0.0,0.0,1.0,-0.11985000000000001],[0.0,-1.0,0.0,-0.052250000000000005],[0.0,0.0,0.0,1.0]]",p_S_m = R_S_step * p_step_m + t_S_m,STEP_LOCAL:PV0_S1_C04_BOND,S,m,mm,True,True,True,False,True
released,PV0_S1_C05_CIC,"[[1.0,0.0,0.0,0.0414],[0.0,0.0,1.0,-0.119655],[0.0,-1.0,0.0,-0.052250000000000005],[0.0,0.0,0.0,1.0]]",p_S_m = R_S_step * p_step_m + t_S_m,STEP_LOCAL:PV0_S1_C05_CIC,S,m,mm,True,True,True,False,True
released,PV0_S1_C05_BOND,"[[1.0,0.0,0.0,0.0414],[0.0,0.0,1.0,-0.11985000000000001],[0.0,-1.0,0.0,-0.052250000000000005],[0.0,0.0,0.0,1.0]]",p_S_m = R_S_step * p_step_m + t_S_m,STEP_LOCAL:PV0_S1_C05_BOND,S,m,mm,True,True,True,False,True
released,PV0_S1_C06_CIC,"[[1.0,0.0,0.0,0.0828],[0.0,0.0,1.0,-0.119655],[0.0,-1.0,0.0,-0.052250000000000005],[0.0,0.0,0.0,1.0]]",p_S_m = R_S_step * p_step_m + t_S_m,STEP_LOCAL:PV0_S1_C06_CIC,S,m,mm,True,True,True,False,True
released,PV0_S1_C06_BOND,"[[1.0,0.0,0.0,0.0828],[0.0,0.0,1.0,-0.11985000000000001],[0.0,-1.0,0.0,-0.052250000000000005],[0.0,0.0,0.0,1.0]]",p_S_m = R_S_step * p_step_m + t_S_m,STEP_LOCAL:PV0_S1_C06_BOND,S,m,mm,True,True,True,False,True
released,PV0_S1_C07_CIC,"[[1.0,0.0,0.0,0.12419999999999999],[0.0,0.0,1.0,-0.119655],[0.0,-1.0,0.0,-0.052250000000000005],[0.0,0.0,0.0,1.0]]",p_S_m = R_S_step * p_step_m + t_S_m,STEP_LOCAL:PV0_S1_C07_CIC,S,m,mm,True,True,True,False,True
released,PV0_S1_C07_BOND,"[[1.0,0.0,0.0,0.12419999999999999],[0.0,0.0,1.0,-0.11985000000000001],[0.0,-1.0,0.0,-0.052250000000000005],[0.0,0.0,0.0,1.0]]",p_S_m = R_S_step * p_step_m + t_S_m,STEP_LOCAL:PV0_S1_C07_BOND,S,m,mm,True,True,True,False,True
released,PV0_S2_C01_CIC,"[[1.0,0.0,0.0,-0.12419999999999999],[0.0,0.0,1.0,-0.119655],[0.0,-1.0,0.0,0.035949999999999996],[0.0,0.0,0.0,1.0]]",p_S_m = R_S_step * p_step_m + t_S_m,STEP_LOCAL:PV0_S2_C01_CIC,S,m,mm,True,True,True,False,True
released,PV0_S2_C01_BOND,"[[1.0,0.0,0.0,-0.12419999999999999],[0.0,0.0,1.0,-0.11985000000000001],[0.0,-1.0,0.0,0.035949999999999996],[0.0,0.0,0.0,1.0]]",p_S_m = R_S_step * p_step_m + t_S_m,STEP_LOCAL:PV0_S2_C01_BOND,S,m,mm,True,True,True,False,True
released,PV0_S2_C02_CIC,"[[1.0,0.0,0.0,-0.0828],[0.0,0.0,1.0,-0.119655],[0.0,-1.0,0.0,0.035949999999999996],[0.0,0.0,0.0,1.0]]",p_S_m = R_S_step * p_step_m + t_S_m,STEP_LOCAL:PV0_S2_C02_CIC,S,m,mm,True,True,True,False,True
released,PV0_S2_C02_BOND,"[[1.0,0.0,0.0,-0.0828],[0.0,0.0,1.0,-0.11985000000000001],[0.0,-1.0,0.0,0.035949999999999996],[0.0,0.0,0.0,1.0]]",p_S_m = R_S_step * p_step_m + t_S_m,STEP_LOCAL:PV0_S2_C02_BOND,S,m,mm,True,True,True,False,True
released,PV0_S2_C03_CIC,"[[1.0,0.0,0.0,-0.0414],[0.0,0.0,1.0,-0.119655],[0.0,-1.0,0.0,0.035949999999999996],[0.0,0.0,0.0,1.0]]",p_S_m = R_S_step * p_step_m + t_S_m,STEP_LOCAL:PV0_S2_C03_CIC,S,m,mm,True,True,True,False,True
released,PV0_S2_C03_BOND,"[[1.0,0.0,0.0,-0.0414],[0.0,0.0,1.0,-0.11985000000000001],[0.0,-1.0,0.0,0.035949999999999996],[0.0,0.0,0.0,1.0]]",p_S_m = R_S_step * p_step_m + t_S_m,STEP_LOCAL:PV0_S2_C03_BOND,S,m,mm,True,True,True,False,True
released,PV0_S2_C04_CIC,"[[1.0,0.0,0.0,0.0],[0.0,0.0,1.0,-0.119655],[0.0,-1.0,0.0,0.035949999999999996],[0.0,0.0,0.0,1.0]]",p_S_m = R_S_step * p_step_m + t_S_m,STEP_LOCAL:PV0_S2_C04_CIC,S,m,mm,True,True,True,False,True
released,PV0_S2_C04_BOND,"[[1.0,0.0,0.0,0.0],[0.0,0.0,1.0,-0.11985000000000001],[0.0,-1.0,0.0,0.035949999999999996],[0.0,0.0,0.0,1.0]]",p_S_m = R_S_step * p_step_m + t_S_m,STEP_LOCAL:PV0_S2_C04_BOND,S,m,mm,True,True,True,False,True
released,PV0_S2_C05_CIC,"[[1.0,0.0,0.0,0.0414],[0.0,0.0,1.0,-0.119655],[0.0,-1.0,0.0,0.035949999999999996],[0.0,0.0,0.0,1.0]]",p_S_m = R_S_step * p_step_m + t_S_m,STEP_LOCAL:PV0_S2_C05_CIC,S,m,mm,True,True,True,False,True
released,PV0_S2_C05_BOND,"[[1.0,0.0,0.0,0.0414],[0.0,0.0,1.0,-0.11985000000000001],[0.0,-1.0,0.0,0.035949999999999996],[0.0,0.0,0.0,1.0]]",p_S_m = R_S_step * p_step_m + t_S_m,STEP_LOCAL:PV0_S2_C05_BOND,S,m,mm,True,True,True,False,True
released,PV0_S2_C06_CIC,"[[1.0,0.0,0.0,0.0828],[0.0,0.0,1.0,-0.119655],[0.0,-1.0,0.0,0.035949999999999996],[0.0,0.0,0.0,1.0]]",p_S_m = R_S_step * p_step_m + t_S_m,STEP_LOCAL:PV0_S2_C06_CIC,S,m,mm,True,True,True,False,True
released,PV0_S2_C06_BOND,"[[1.0,0.0,0.0,0.0828],[0.0,0.0,1.0,-0.11985000000000001],[0.0,-1.0,0.0,0.035949999999999996],[0.0,0.0,0.0,1.0]]",p_S_m = R_S_step * p_step_m + t_S_m,STEP_LOCAL:PV0_S2_C06_BOND,S,m,mm,True,True,True,False,True
released,PV0_S2_C07_CIC,"[[1.0,0.0,0.0,0.12419999999999999],[0.0,0.0,1.0,-0.119655],[0.0,-1.0,0.0,0.035949999999999996],[0.0,0.0,0.0,1.0]]",p_S_m = R_S_step * p_step_m + t_S_m,STEP_LOCAL:PV0_S2_C07_CIC,S,m,mm,True,True,True,False,True
released,PV0_S2_C07_BOND,"[[1.0,0.0,0.0,0.12419999999999999],[0.0,0.0,1.0,-0.11985000000000001],[0.0,-1.0,0.0,0.035949999999999996],[0.0,0.0,0.0,1.0]]",p_S_m = R_S_step * p_step_m + t_S_m,STEP_LOCAL:PV0_S2_C07_BOND,S,m,mm,True,True,True,False,True
released,PV1_S1_C01_CIC,"[[1.0,0.0,0.0,-0.12419999999999999],[0.0,1.2246467991473532e-16,-1.0,-0.127145],[0.0,1.0,1.2246467991473532e-16,0.035949999999999996],[0.0,0.0,0.0,1.0]]",p_S_m = R_S_step * p_step_m + t_S_m,STEP_LOCAL:PV1_S1_C01_CIC,S,m,mm,True,True,True,False,True
released,PV1_S1_C01_BOND,"[[1.0,0.0,0.0,-0.12419999999999999],[0.0,1.2246467991473532e-16,-1.0,-0.12695],[0.0,1.0,1.2246467991473532e-16,0.035949999999999996],[0.0,0.0,0.0,1.0]]",p_S_m = R_S_step * p_step_m + t_S_m,STEP_LOCAL:PV1_S1_C01_BOND,S,m,mm,True,True,True,False,True
released,PV1_S1_C02_CIC,"[[1.0,0.0,0.0,-0.0828],[0.0,1.2246467991473532e-16,-1.0,-0.127145],[0.0,1.0,1.2246467991473532e-16,0.035949999999999996],[0.0,0.0,0.0,1.0]]",p_S_m = R_S_step * p_step_m + t_S_m,STEP_LOCAL:PV1_S1_C02_CIC,S,m,mm,True,True,True,False,True
released,PV1_S1_C02_BOND,"[[1.0,0.0,0.0,-0.0828],[0.0,1.2246467991473532e-16,-1.0,-0.12695],[0.0,1.0,1.2246467991473532e-16,0.035949999999999996],[0.0,0.0,0.0,1.0]]",p_S_m = R_S_step * p_step_m + t_S_m,STEP_LOCAL:PV1_S1_C02_BOND,S,m,mm,True,True,True,False,True
released,PV1_S1_C03_CIC,"[[1.0,0.0,0.0,-0.0414],[0.0,1.2246467991473532e-16,-1.0,-0.127145],[0.0,1.0,1.2246467991473532e-16,0.035949999999999996],[0.0,0.0,0.0,1.0]]",p_S_m = R_S_step * p_step_m + t_S_m,STEP_LOCAL:PV1_S1_C03_CIC,S,m,mm,True,True,True,False,True
released,PV1_S1_C03_BOND,"[[1.0,0.0,0.0,-0.0414],[0.0,1.2246467991473532e-16,-1.0,-0.12695],[0.0,1.0,1.2246467991473532e-16,0.035949999999999996],[0.0,0.0,0.0,1.0]]",p_S_m = R_S_step * p_step_m + t_S_m,STEP_LOCAL:PV1_S1_C03_BOND,S,m,mm,True,True,True,False,True
released,PV1_S1_C04_CIC,"[[1.0,0.0,0.0,0.0],[0.0,1.2246467991473532e-16,-1.0,-0.127145],[0.0,1.0,1.2246467991473532e-16,0.035949999999999996],[0.0,0.0,0.0,1.0]]",p_S_m = R_S_step * p_step_m + t_S_m,STEP_LOCAL:PV1_S1_C04_CIC,S,m,mm,True,True,True,False,True
released,PV1_S1_C04_BOND,"[[1.0,0.0,0.0,0.0],[0.0,1.2246467991473532e-16,-1.0,-0.12695],[0.0,1.0,1.2246467991473532e-16,0.035949999999999996],[0.0,0.0,0.0,1.0]]",p_S_m = R_S_step * p_step_m + t_S_m,STEP_LOCAL:PV1_S1_C04_BOND,S,m,mm,True,True,True,False,True
released,PV1_S1_C05_CIC,"[[1.0,0.0,0.0,0.0414],[0.0,1.2246467991473532e-16,-1.0,-0.127145],[0.0,1.0,1.2246467991473532e-16,0.035949999999999996],[0.0,0.0,0.0,1.0]]",p_S_m = R_S_step * p_step_m + t_S_m,STEP_LOCAL:PV1_S1_C05_CIC,S,m,mm,True,True,True,False,True
released,PV1_S1_C05_BOND,"[[1.0,0.0,0.0,0.0414],[0.0,1.2246467991473532e-16,-1.0,-0.12695],[0.0,1.0,1.2246467991473532e-16,0.035949999999999996],[0.0,0.0,0.0,1.0]]",p_S_m = R_S_step * p_step_m + t_S_m,STEP_LOCAL:PV1_S1_C05_BOND,S,m,mm,True,True,True,False,True
released,PV1_S1_C06_CIC,"[[1.0,0.0,0.0,0.0828],[0.0,1.2246467991473532e-16,-1.0,-0.127145],[0.0,1.0,1.2246467991473532e-16,0.035949999999999996],[0.0,0.0,0.0,1.0]]",p_S_m = R_S_step * p_step_m + t_S_m,STEP_LOCAL:PV1_S1_C06_CIC,S,m,mm,True,True,True,False,True
released,PV1_S1_C06_BOND,"[[1.0,0.0,0.0,0.0828],[0.0,1.2246467991473532e-16,-1.0,-0.12695],[0.0,1.0,1.2246467991473532e-16,0.035949999999999996],[0.0,0.0,0.0,1.0]]",p_S_m = R_S_step * p_step_m + t_S_m,STEP_LOCAL:PV1_S1_C06_BOND,S,m,mm,True,True,True,False,True
released,PV1_S1_C07_CIC,"[[1.0,0.0,0.0,0.12419999999999999],[0.0,1.2246467991473532e-16,-1.0,-0.127145],[0.0,1.0,1.2246467991473532e-16,0.035949999999999996],[0.0,0.0,0.0,1.0]]",p_S_m = R_S_step * p_step_m + t_S_m,STEP_LOCAL:PV1_S1_C07_CIC,S,m,mm,True,True,True,False,True
released,PV1_S1_C07_BOND,"[[1.0,0.0,0.0,0.12419999999999999],[0.0,1.2246467991473532e-16,-1.0,-0.12695],[0.0,1.0,1.2246467991473532e-16,0.035949999999999996],[0.0,0.0,0.0,1.0]]",p_S_m = R_S_step * p_step_m + t_S_m,STEP_LOCAL:PV1_S1_C07_BOND,S,m,mm,True,True,True,False,True
released,PV1_S2_C01_CIC,"[[1.0,0.0,0.0,-0.12419999999999999],[0.0,1.2246467991473532e-16,-1.0,-0.12714500000000004],[0.0,1.0,1.2246467991473532e-16,-0.052250000000000005],[0.0,0.0,0.0,1.0]]",p_S_m = R_S_step * p_step_m + t_S_m,STEP_LOCAL:PV1_S2_C01_CIC,S,m,mm,True,True,True,False,True
released,PV1_S2_C01_BOND,"[[1.0,0.0,0.0,-0.12419999999999999],[0.0,1.2246467991473532e-16,-1.0,-0.12695000000000004],[0.0,1.0,1.2246467991473532e-16,-0.052250000000000005],[0.0,0.0,0.0,1.0]]",p_S_m = R_S_step * p_step_m + t_S_m,STEP_LOCAL:PV1_S2_C01_BOND,S,m,mm,True,True,True,False,True
released,PV1_S2_C02_CIC,"[[1.0,0.0,0.0,-0.0828],[0.0,1.2246467991473532e-16,-1.0,-0.12714500000000004],[0.0,1.0,1.2246467991473532e-16,-0.052250000000000005],[0.0,0.0,0.0,1.0]]",p_S_m = R_S_step * p_step_m + t_S_m,STEP_LOCAL:PV1_S2_C02_CIC,S,m,mm,True,True,True,False,True
released,PV1_S2_C02_BOND,"[[1.0,0.0,0.0,-0.0828],[0.0,1.2246467991473532e-16,-1.0,-0.12695000000000004],[0.0,1.0,1.2246467991473532e-16,-0.052250000000000005],[0.0,0.0,0.0,1.0]]",p_S_m = R_S_step * p_step_m + t_S_m,STEP_LOCAL:PV1_S2_C02_BOND,S,m,mm,True,True,True,False,True
released,PV1_S2_C03_CIC,"[[1.0,0.0,0.0,-0.0414],[0.0,1.2246467991473532e-16,-1.0,-0.12714500000000004],[0.0,1.0,1.2246467991473532e-16,-0.052250000000000005],[0.0,0.0,0.0,1.0]]",p_S_m = R_S_step * p_step_m + t_S_m,STEP_LOCAL:PV1_S2_C03_CIC,S,m,mm,True,True,True,False,True
released,PV1_S2_C03_BOND,"[[1.0,0.0,0.0,-0.0414],[0.0,1.2246467991473532e-16,-1.0,-0.12695000000000004],[0.0,1.0,1.2246467991473532e-16,-0.052250000000000005],[0.0,0.0,0.0,1.0]]",p_S_m = R_S_step * p_step_m + t_S_m,STEP_LOCAL:PV1_S2_C03_BOND,S,m,mm,True,True,True,False,True
released,PV1_S2_C04_CIC,"[[1.0,0.0,0.0,0.0],[0.0,1.2246467991473532e-16,-1.0,-0.12714500000000004],[0.0,1.0,1.2246467991473532e-16,-0.052250000000000005],[0.0,0.0,0.0,1.0]]",p_S_m = R_S_step * p_step_m + t_S_m,STEP_LOCAL:PV1_S2_C04_CIC,S,m,mm,True,True,True,False,True
released,PV1_S2_C04_BOND,"[[1.0,0.0,0.0,0.0],[0.0,1.2246467991473532e-16,-1.0,-0.12695000000000004],[0.0,1.0,1.2246467991473532e-16,-0.052250000000000005],[0.0,0.0,0.0,1.0]]",p_S_m = R_S_step * p_step_m + t_S_m,STEP_LOCAL:PV1_S2_C04_BOND,S,m,mm,True,True,True,False,True
released,PV1_S2_C05_CIC,"[[1.0,0.0,0.0,0.0414],[0.0,1.2246467991473532e-16,-1.0,-0.12714500000000004],[0.0,1.0,1.2246467991473532e-16,-0.052250000000000005],[0.0,0.0,0.0,1.0]]",p_S_m = R_S_step * p_step_m + t_S_m,STEP_LOCAL:PV1_S2_C05_CIC,S,m,mm,True,True,True,False,True
released,PV1_S2_C05_BOND,"[[1.0,0.0,0.0,0.0414],[0.0,1.2246467991473532e-16,-1.0,-0.12695000000000004],[0.0,1.0,1.2246467991473532e-16,-0.052250000000000005],[0.0,0.0,0.0,1.0]]",p_S_m = R_S_step * p_step_m + t_S_m,STEP_LOCAL:PV1_S2_C05_BOND,S,m,mm,True,True,True,False,True
released,PV1_S2_C06_CIC,"[[1.0,0.0,0.0,0.0828],[0.0,1.2246467991473532e-16,-1.0,-0.12714500000000004],[0.0,1.0,1.2246467991473532e-16,-0.052250000000000005],[0.0,0.0,0.0,1.0]]",p_S_m = R_S_step * p_step_m + t_S_m,STEP_LOCAL:PV1_S2_C06_CIC,S,m,mm,True,True,True,False,True
released,PV1_S2_C06_BOND,"[[1.0,0.0,0.0,0.0828],[0.0,1.2246467991473532e-16,-1.0,-0.12695000000000004],[0.0,1.0,1.2246467991473532e-16,-0.052250000000000005],[0.0,0.0,0.0,1.0]]",p_S_m = R_S_step * p_step_m + t_S_m,STEP_LOCAL:PV1_S2_C06_BOND,S,m,mm,True,True,True,False,True
released,PV1_S2_C07_CIC,"[[1.0,0.0,0.0,0.12419999999999999],[0.0,1.2246467991473532e-16,-1.0,-0.12714500000000004],[0.0,1.0,1.2246467991473532e-16,-0.052250000000000005],[0.0,0.0,0.0,1.0]]",p_S_m = R_S_step * p_step_m + t_S_m,STEP_LOCAL:PV1_S2_C07_CIC,S,m,mm,True,True,True,False,True
released,PV1_S2_C07_BOND,"[[1.0,0.0,0.0,0.12419999999999999],[0.0,1.2246467991473532e-16,-1.0,-0.12695000000000004],[0.0,1.0,1.2246467991473532e-16,-0.052250000000000005],[0.0,0.0,0.0,1.0]]",p_S_m = R_S_step * p_step_m + t_S_m,STEP_LOCAL:PV1_S2_C07_BOND,S,m,mm,True,True,True,False,True
released,PV2_S1_C01_CIC,"[[1.0,0.0,0.0,-0.12419999999999999],[0.0,0.0,1.0,-0.12865500000000002],[0.0,-1.0,0.0,-0.052250000000000005],[0.0,0.0,0.0,1.0]]",p_S_m = R_S_step * p_step_m + t_S_m,STEP_LOCAL:PV2_S1_C01_CIC,S,m,mm,True,True,True,False,True
released,PV2_S1_C01_BOND,"[[1.0,0.0,0.0,-0.12419999999999999],[0.0,0.0,1.0,-0.12885000000000002],[0.0,-1.0,0.0,-0.052250000000000005],[0.0,0.0,0.0,1.0]]",p_S_m = R_S_step * p_step_m + t_S_m,STEP_LOCAL:PV2_S1_C01_BOND,S,m,mm,True,True,True,False,True
released,PV2_S1_C02_CIC,"[[1.0,0.0,0.0,-0.0828],[0.0,0.0,1.0,-0.12865500000000002],[0.0,-1.0,0.0,-0.052250000000000005],[0.0,0.0,0.0,1.0]]",p_S_m = R_S_step * p_step_m + t_S_m,STEP_LOCAL:PV2_S1_C02_CIC,S,m,mm,True,True,True,False,True
released,PV2_S1_C02_BOND,"[[1.0,0.0,0.0,-0.0828],[0.0,0.0,1.0,-0.12885000000000002],[0.0,-1.0,0.0,-0.052250000000000005],[0.0,0.0,0.0,1.0]]",p_S_m = R_S_step * p_step_m + t_S_m,STEP_LOCAL:PV2_S1_C02_BOND,S,m,mm,True,True,True,False,True
released,PV2_S1_C03_CIC,"[[1.0,0.0,0.0,-0.0414],[0.0,0.0,1.0,-0.12865500000000002],[0.0,-1.0,0.0,-0.052250000000000005],[0.0,0.0,0.0,1.0]]",p_S_m = R_S_step * p_step_m + t_S_m,STEP_LOCAL:PV2_S1_C03_CIC,S,m,mm,True,True,True,False,True
released,PV2_S1_C03_BOND,"[[1.0,0.0,0.0,-0.0414],[0.0,0.0,1.0,-0.12885000000000002],[0.0,-1.0,0.0,-0.052250000000000005],[0.0,0.0,0.0,1.0]]",p_S_m = R_S_step * p_step_m + t_S_m,STEP_LOCAL:PV2_S1_C03_BOND,S,m,mm,True,True,True,False,True
released,PV2_S1_C04_CIC,"[[1.0,0.0,0.0,0.0],[0.0,0.0,1.0,-0.12865500000000002],[0.0,-1.0,0.0,-0.052250000000000005],[0.0,0.0,0.0,1.0]]",p_S_m = R_S_step * p_step_m + t_S_m,STEP_LOCAL:PV2_S1_C04_CIC,S,m,mm,True,True,True,False,True
released,PV2_S1_C04_BOND,"[[1.0,0.0,0.0,0.0],[0.0,0.0,1.0,-0.12885000000000002],[0.0,-1.0,0.0,-0.052250000000000005],[0.0,0.0,0.0,1.0]]",p_S_m = R_S_step * p_step_m + t_S_m,STEP_LOCAL:PV2_S1_C04_BOND,S,m,mm,True,True,True,False,True
released,PV2_S1_C05_CIC,"[[1.0,0.0,0.0,0.0414],[0.0,0.0,1.0,-0.12865500000000002],[0.0,-1.0,0.0,-0.052250000000000005],[0.0,0.0,0.0,1.0]]",p_S_m = R_S_step * p_step_m + t_S_m,STEP_LOCAL:PV2_S1_C05_CIC,S,m,mm,True,True,True,False,True
released,PV2_S1_C05_BOND,"[[1.0,0.0,0.0,0.0414],[0.0,0.0,1.0,-0.12885000000000002],[0.0,-1.0,0.0,-0.052250000000000005],[0.0,0.0,0.0,1.0]]",p_S_m = R_S_step * p_step_m + t_S_m,STEP_LOCAL:PV2_S1_C05_BOND,S,m,mm,True,True,True,False,True
released,PV2_S1_C06_CIC,"[[1.0,0.0,0.0,0.0828],[0.0,0.0,1.0,-0.12865500000000002],[0.0,-1.0,0.0,-0.052250000000000005],[0.0,0.0,0.0,1.0]]",p_S_m = R_S_step * p_step_m + t_S_m,STEP_LOCAL:PV2_S1_C06_CIC,S,m,mm,True,True,True,False,True
released,PV2_S1_C06_BOND,"[[1.0,0.0,0.0,0.0828],[0.0,0.0,1.0,-0.12885000000000002],[0.0,-1.0,0.0,-0.052250000000000005],[0.0,0.0,0.0,1.0]]",p_S_m = R_S_step * p_step_m + t_S_m,STEP_LOCAL:PV2_S1_C06_BOND,S,m,mm,True,True,True,False,True
released,PV2_S1_C07_CIC,"[[1.0,0.0,0.0,0.12419999999999999],[0.0,0.0,1.0,-0.12865500000000002],[0.0,-1.0,0.0,-0.052250000000000005],[0.0,0.0,0.0,1.0]]",p_S_m = R_S_step * p_step_m + t_S_m,STEP_LOCAL:PV2_S1_C07_CIC,S,m,mm,True,True,True,False,True
released,PV2_S1_C07_BOND,"[[1.0,0.0,0.0,0.12419999999999999],[0.0,0.0,1.0,-0.12885000000000002],[0.0,-1.0,0.0,-0.052250000000000005],[0.0,0.0,0.0,1.0]]",p_S_m = R_S_step * p_step_m + t_S_m,STEP_LOCAL:PV2_S1_C07_BOND,S,m,mm,True,True,True,False,True
released,PV2_S2_C01_CIC,"[[1.0,0.0,0.0,-0.12419999999999999],[0.0,0.0,1.0,-0.12865500000000002],[0.0,-1.0,0.0,0.035949999999999996],[0.0,0.0,0.0,1.0]]",p_S_m = R_S_step * p_step_m + t_S_m,STEP_LOCAL:PV2_S2_C01_CIC,S,m,mm,True,True,True,False,True
released,PV2_S2_C01_BOND,"[[1.0,0.0,0.0,-0.12419999999999999],[0.0,0.0,1.0,-0.12885000000000002],[0.0,-1.0,0.0,0.035949999999999996],[0.0,0.0,0.0,1.0]]",p_S_m = R_S_step * p_step_m + t_S_m,STEP_LOCAL:PV2_S2_C01_BOND,S,m,mm,True,True,True,False,True
released,PV2_S2_C02_CIC,"[[1.0,0.0,0.0,-0.0828],[0.0,0.0,1.0,-0.12865500000000002],[0.0,-1.0,0.0,0.035949999999999996],[0.0,0.0,0.0,1.0]]",p_S_m = R_S_step * p_step_m + t_S_m,STEP_LOCAL:PV2_S2_C02_CIC,S,m,mm,True,True,True,False,True
released,PV2_S2_C02_BOND,"[[1.0,0.0,0.0,-0.0828],[0.0,0.0,1.0,-0.12885000000000002],[0.0,-1.0,0.0,0.035949999999999996],[0.0,0.0,0.0,1.0]]",p_S_m = R_S_step * p_step_m + t_S_m,STEP_LOCAL:PV2_S2_C02_BOND,S,m,mm,True,True,True,False,True
released,PV2_S2_C03_CIC,"[[1.0,0.0,0.0,-0.0414],[0.0,0.0,1.0,-0.12865500000000002],[0.0,-1.0,0.0,0.035949999999999996],[0.0,0.0,0.0,1.0]]",p_S_m = R_S_step * p_step_m + t_S_m,STEP_LOCAL:PV2_S2_C03_CIC,S,m,mm,True,True,True,False,True
released,PV2_S2_C03_BOND,"[[1.0,0.0,0.0,-0.0414],[0.0,0.0,1.0,-0.12885000000000002],[0.0,-1.0,0.0,0.035949999999999996],[0.0,0.0,0.0,1.0]]",p_S_m = R_S_step * p_step_m + t_S_m,STEP_LOCAL:PV2_S2_C03_BOND,S,m,mm,True,True,True,False,True
released,PV2_S2_C04_CIC,"[[1.0,0.0,0.0,0.0],[0.0,0.0,1.0,-0.12865500000000002],[0.0,-1.0,0.0,0.035949999999999996],[0.0,0.0,0.0,1.0]]",p_S_m = R_S_step * p_step_m + t_S_m,STEP_LOCAL:PV2_S2_C04_CIC,S,m,mm,True,True,True,False,True
released,PV2_S2_C04_BOND,"[[1.0,0.0,0.0,0.0],[0.0,0.0,1.0,-0.12885000000000002],[0.0,-1.0,0.0,0.035949999999999996],[0.0,0.0,0.0,1.0]]",p_S_m = R_S_step * p_step_m + t_S_m,STEP_LOCAL:PV2_S2_C04_BOND,S,m,mm,True,True,True,False,True
released,PV2_S2_C05_CIC,"[[1.0,0.0,0.0,0.0414],[0.0,0.0,1.0,-0.12865500000000002],[0.0,-1.0,0.0,0.035949999999999996],[0.0,0.0,0.0,1.0]]",p_S_m = R_S_step * p_step_m + t_S_m,STEP_LOCAL:PV2_S2_C05_CIC,S,m,mm,True,True,True,False,True
released,PV2_S2_C05_BOND,"[[1.0,0.0,0.0,0.0414],[0.0,0.0,1.0,-0.12885000000000002],[0.0,-1.0,0.0,0.035949999999999996],[0.0,0.0,0.0,1.0]]",p_S_m = R_S_step * p_step_m + t_S_m,STEP_LOCAL:PV2_S2_C05_BOND,S,m,mm,True,True,True,False,True
released,PV2_S2_C06_CIC,"[[1.0,0.0,0.0,0.0828],[0.0,0.0,1.0,-0.12865500000000002],[0.0,-1.0,0.0,0.035949999999999996],[0.0,0.0,0.0,1.0]]",p_S_m = R_S_step * p_step_m + t_S_m,STEP_LOCAL:PV2_S2_C06_CIC,S,m,mm,True,True,True,False,True
released,PV2_S2_C06_BOND,"[[1.0,0.0,0.0,0.0828],[0.0,0.0,1.0,-0.12885000000000002],[0.0,-1.0,0.0,0.035949999999999996],[0.0,0.0,0.0,1.0]]",p_S_m = R_S_step * p_step_m + t_S_m,STEP_LOCAL:PV2_S2_C06_BOND,S,m,mm,True,True,True,False,True
released,PV2_S2_C07_CIC,"[[1.0,0.0,0.0,0.12419999999999999],[0.0,0.0,1.0,-0.12865500000000002],[0.0,-1.0,0.0,0.035949999999999996],[0.0,0.0,0.0,1.0]]",p_S_m = R_S_step * p_step_m + t_S_m,STEP_LOCAL:PV2_S2_C07_CIC,S,m,mm,True,True,True,False,True
released,PV2_S2_C07_BOND,"[[1.0,0.0,0.0,0.12419999999999999],[0.0,0.0,1.0,-0.12885000000000002],[0.0,-1.0,0.0,0.035949999999999996],[0.0,0.0,0.0,1.0]]",p_S_m = R_S_step * p_step_m + t_S_m,STEP_LOCAL:PV2_S2_C07_BOND,S,m,mm,True,True,True,False,True
released,PV3_S1_C01_CIC,"[[1.0,0.0,0.0,-0.12419999999999999],[0.0,0.0,-1.0,0.119655],[0.0,1.0,0.0,-0.052250000000000005],[0.0,0.0,0.0,1.0]]",p_S_m = R_S_step * p_step_m + t_S_m,STEP_LOCAL:PV3_S1_C01_CIC,S,m,mm,True,True,True,False,True
released,PV3_S1_C01_BOND,"[[1.0,0.0,0.0,-0.12419999999999999],[0.0,0.0,-1.0,0.11985000000000001],[0.0,1.0,0.0,-0.052250000000000005],[0.0,0.0,0.0,1.0]]",p_S_m = R_S_step * p_step_m + t_S_m,STEP_LOCAL:PV3_S1_C01_BOND,S,m,mm,True,True,True,False,True
released,PV3_S1_C02_CIC,"[[1.0,0.0,0.0,-0.0828],[0.0,0.0,-1.0,0.119655],[0.0,1.0,0.0,-0.052250000000000005],[0.0,0.0,0.0,1.0]]",p_S_m = R_S_step * p_step_m + t_S_m,STEP_LOCAL:PV3_S1_C02_CIC,S,m,mm,True,True,True,False,True
released,PV3_S1_C02_BOND,"[[1.0,0.0,0.0,-0.0828],[0.0,0.0,-1.0,0.11985000000000001],[0.0,1.0,0.0,-0.052250000000000005],[0.0,0.0,0.0,1.0]]",p_S_m = R_S_step * p_step_m + t_S_m,STEP_LOCAL:PV3_S1_C02_BOND,S,m,mm,True,True,True,False,True
released,PV3_S1_C03_CIC,"[[1.0,0.0,0.0,-0.0414],[0.0,0.0,-1.0,0.119655],[0.0,1.0,0.0,-0.052250000000000005],[0.0,0.0,0.0,1.0]]",p_S_m = R_S_step * p_step_m + t_S_m,STEP_LOCAL:PV3_S1_C03_CIC,S,m,mm,True,True,True,False,True
released,PV3_S1_C03_BOND,"[[1.0,0.0,0.0,-0.0414],[0.0,0.0,-1.0,0.11985000000000001],[0.0,1.0,0.0,-0.052250000000000005],[0.0,0.0,0.0,1.0]]",p_S_m = R_S_step * p_step_m + t_S_m,STEP_LOCAL:PV3_S1_C03_BOND,S,m,mm,True,True,True,False,True
released,PV3_S1_C04_CIC,"[[1.0,0.0,0.0,0.0],[0.0,0.0,-1.0,0.119655],[0.0,1.0,0.0,-0.052250000000000005],[0.0,0.0,0.0,1.0]]",p_S_m = R_S_step * p_step_m + t_S_m,STEP_LOCAL:PV3_S1_C04_CIC,S,m,mm,True,True,True,False,True
released,PV3_S1_C04_BOND,"[[1.0,0.0,0.0,0.0],[0.0,0.0,-1.0,0.11985000000000001],[0.0,1.0,0.0,-0.052250000000000005],[0.0,0.0,0.0,1.0]]",p_S_m = R_S_step * p_step_m + t_S_m,STEP_LOCAL:PV3_S1_C04_BOND,S,m,mm,True,True,True,False,True
released,PV3_S1_C05_CIC,"[[1.0,0.0,0.0,0.0414],[0.0,0.0,-1.0,0.119655],[0.0,1.0,0.0,-0.052250000000000005],[0.0,0.0,0.0,1.0]]",p_S_m = R_S_step * p_step_m + t_S_m,STEP_LOCAL:PV3_S1_C05_CIC,S,m,mm,True,True,True,False,True
released,PV3_S1_C05_BOND,"[[1.0,0.0,0.0,0.0414],[0.0,0.0,-1.0,0.11985000000000001],[0.0,1.0,0.0,-0.052250000000000005],[0.0,0.0,0.0,1.0]]",p_S_m = R_S_step * p_step_m + t_S_m,STEP_LOCAL:PV3_S1_C05_BOND,S,m,mm,True,True,True,False,True
released,PV3_S1_C06_CIC,"[[1.0,0.0,0.0,0.0828],[0.0,0.0,-1.0,0.119655],[0.0,1.0,0.0,-0.052250000000000005],[0.0,0.0,0.0,1.0]]",p_S_m = R_S_step * p_step_m + t_S_m,STEP_LOCAL:PV3_S1_C06_CIC,S,m,mm,True,True,True,False,True
released,PV3_S1_C06_BOND,"[[1.0,0.0,0.0,0.0828],[0.0,0.0,-1.0,0.11985000000000001],[0.0,1.0,0.0,-0.052250000000000005],[0.0,0.0,0.0,1.0]]",p_S_m = R_S_step * p_step_m + t_S_m,STEP_LOCAL:PV3_S1_C06_BOND,S,m,mm,True,True,True,False,True
released,PV3_S1_C07_CIC,"[[1.0,0.0,0.0,0.12419999999999999],[0.0,0.0,-1.0,0.119655],[0.0,1.0,0.0,-0.052250000000000005],[0.0,0.0,0.0,1.0]]",p_S_m = R_S_step * p_step_m + t_S_m,STEP_LOCAL:PV3_S1_C07_CIC,S,m,mm,True,True,True,False,True
released,PV3_S1_C07_BOND,"[[1.0,0.0,0.0,0.12419999999999999],[0.0,0.0,-1.0,0.11985000000000001],[0.0,1.0,0.0,-0.052250000000000005],[0.0,0.0,0.0,1.0]]",p_S_m = R_S_step * p_step_m + t_S_m,STEP_LOCAL:PV3_S1_C07_BOND,S,m,mm,True,True,True,False,True
released,PV3_S2_C01_CIC,"[[1.0,0.0,0.0,-0.12419999999999999],[0.0,0.0,-1.0,0.119655],[0.0,1.0,0.0,0.035949999999999996],[0.0,0.0,0.0,1.0]]",p_S_m = R_S_step * p_step_m + t_S_m,STEP_LOCAL:PV3_S2_C01_CIC,S,m,mm,True,True,True,False,True
released,PV3_S2_C01_BOND,"[[1.0,0.0,0.0,-0.12419999999999999],[0.0,0.0,-1.0,0.11985000000000001],[0.0,1.0,0.0,0.035949999999999996],[0.0,0.0,0.0,1.0]]",p_S_m = R_S_step * p_step_m + t_S_m,STEP_LOCAL:PV3_S2_C01_BOND,S,m,mm,True,True,True,False,True
released,PV3_S2_C02_CIC,"[[1.0,0.0,0.0,-0.0828],[0.0,0.0,-1.0,0.119655],[0.0,1.0,0.0,0.035949999999999996],[0.0,0.0,0.0,1.0]]",p_S_m = R_S_step * p_step_m + t_S_m,STEP_LOCAL:PV3_S2_C02_CIC,S,m,mm,True,True,True,False,True
released,PV3_S2_C02_BOND,"[[1.0,0.0,0.0,-0.0828],[0.0,0.0,-1.0,0.11985000000000001],[0.0,1.0,0.0,0.035949999999999996],[0.0,0.0,0.0,1.0]]",p_S_m = R_S_step * p_step_m + t_S_m,STEP_LOCAL:PV3_S2_C02_BOND,S,m,mm,True,True,True,False,True
released,PV3_S2_C03_CIC,"[[1.0,0.0,0.0,-0.0414],[0.0,0.0,-1.0,0.119655],[0.0,1.0,0.0,0.035949999999999996],[0.0,0.0,0.0,1.0]]",p_S_m = R_S_step * p_step_m + t_S_m,STEP_LOCAL:PV3_S2_C03_CIC,S,m,mm,True,True,True,False,True
released,PV3_S2_C03_BOND,"[[1.0,0.0,0.0,-0.0414],[0.0,0.0,-1.0,0.11985000000000001],[0.0,1.0,0.0,0.035949999999999996],[0.0,0.0,0.0,1.0]]",p_S_m = R_S_step * p_step_m + t_S_m,STEP_LOCAL:PV3_S2_C03_BOND,S,m,mm,True,True,True,False,True
released,PV3_S2_C04_CIC,"[[1.0,0.0,0.0,0.0],[0.0,0.0,-1.0,0.119655],[0.0,1.0,0.0,0.035949999999999996],[0.0,0.0,0.0,1.0]]",p_S_m = R_S_step * p_step_m + t_S_m,STEP_LOCAL:PV3_S2_C04_CIC,S,m,mm,True,True,True,False,True
released,PV3_S2_C04_BOND,"[[1.0,0.0,0.0,0.0],[0.0,0.0,-1.0,0.11985000000000001],[0.0,1.0,0.0,0.035949999999999996],[0.0,0.0,0.0,1.0]]",p_S_m = R_S_step * p_step_m + t_S_m,STEP_LOCAL:PV3_S2_C04_BOND,S,m,mm,True,True,True,False,True
released,PV3_S2_C05_CIC,"[[1.0,0.0,0.0,0.0414],[0.0,0.0,-1.0,0.119655],[0.0,1.0,0.0,0.035949999999999996],[0.0,0.0,0.0,1.0]]",p_S_m = R_S_step * p_step_m + t_S_m,STEP_LOCAL:PV3_S2_C05_CIC,S,m,mm,True,True,True,False,True
released,PV3_S2_C05_BOND,"[[1.0,0.0,0.0,0.0414],[0.0,0.0,-1.0,0.11985000000000001],[0.0,1.0,0.0,0.035949999999999996],[0.0,0.0,0.0,1.0]]",p_S_m = R_S_step * p_step_m + t_S_m,STEP_LOCAL:PV3_S2_C05_BOND,S,m,mm,True,True,True,False,True
released,PV3_S2_C06_CIC,"[[1.0,0.0,0.0,0.0828],[0.0,0.0,-1.0,0.119655],[0.0,1.0,0.0,0.035949999999999996],[0.0,0.0,0.0,1.0]]",p_S_m = R_S_step * p_step_m + t_S_m,STEP_LOCAL:PV3_S2_C06_CIC,S,m,mm,True,True,True,False,True
released,PV3_S2_C06_BOND,"[[1.0,0.0,0.0,0.0828],[0.0,0.0,-1.0,0.11985000000000001],[0.0,1.0,0.0,0.035949999999999996],[0.0,0.0,0.0,1.0]]",p_S_m = R_S_step * p_step_m + t_S_m,STEP_LOCAL:PV3_S2_C06_BOND,S,m,mm,True,True,True,False,True
released,PV3_S2_C07_CIC,"[[1.0,0.0,0.0,0.12419999999999999],[0.0,0.0,-1.0,0.119655],[0.0,1.0,0.0,0.035949999999999996],[0.0,0.0,0.0,1.0]]",p_S_m = R_S_step * p_step_m + t_S_m,STEP_LOCAL:PV3_S2_C07_CIC,S,m,mm,True,True,True,False,True
released,PV3_S2_C07_BOND,"[[1.0,0.0,0.0,0.12419999999999999],[0.0,0.0,-1.0,0.11985000000000001],[0.0,1.0,0.0,0.035949999999999996],[0.0,0.0,0.0,1.0]]",p_S_m = R_S_step * p_step_m + t_S_m,STEP_LOCAL:PV3_S2_C07_BOND,S,m,mm,True,True,True,False,True
released,PV4_S1_C01_CIC,"[[1.0,0.0,0.0,-0.12419999999999999],[0.0,1.2246467991473532e-16,1.0,0.127145],[0.0,-1.0,1.2246467991473532e-16,0.035949999999999996],[0.0,0.0,0.0,1.0]]",p_S_m = R_S_step * p_step_m + t_S_m,STEP_LOCAL:PV4_S1_C01_CIC,S,m,mm,True,True,True,False,True
released,PV4_S1_C01_BOND,"[[1.0,0.0,0.0,-0.12419999999999999],[0.0,1.2246467991473532e-16,1.0,0.12695],[0.0,-1.0,1.2246467991473532e-16,0.035949999999999996],[0.0,0.0,0.0,1.0]]",p_S_m = R_S_step * p_step_m + t_S_m,STEP_LOCAL:PV4_S1_C01_BOND,S,m,mm,True,True,True,False,True
released,PV4_S1_C02_CIC,"[[1.0,0.0,0.0,-0.0828],[0.0,1.2246467991473532e-16,1.0,0.127145],[0.0,-1.0,1.2246467991473532e-16,0.035949999999999996],[0.0,0.0,0.0,1.0]]",p_S_m = R_S_step * p_step_m + t_S_m,STEP_LOCAL:PV4_S1_C02_CIC,S,m,mm,True,True,True,False,True
released,PV4_S1_C02_BOND,"[[1.0,0.0,0.0,-0.0828],[0.0,1.2246467991473532e-16,1.0,0.12695],[0.0,-1.0,1.2246467991473532e-16,0.035949999999999996],[0.0,0.0,0.0,1.0]]",p_S_m = R_S_step * p_step_m + t_S_m,STEP_LOCAL:PV4_S1_C02_BOND,S,m,mm,True,True,True,False,True
released,PV4_S1_C03_CIC,"[[1.0,0.0,0.0,-0.0414],[0.0,1.2246467991473532e-16,1.0,0.127145],[0.0,-1.0,1.2246467991473532e-16,0.035949999999999996],[0.0,0.0,0.0,1.0]]",p_S_m = R_S_step * p_step_m + t_S_m,STEP_LOCAL:PV4_S1_C03_CIC,S,m,mm,True,True,True,False,True
released,PV4_S1_C03_BOND,"[[1.0,0.0,0.0,-0.0414],[0.0,1.2246467991473532e-16,1.0,0.12695],[0.0,-1.0,1.2246467991473532e-16,0.035949999999999996],[0.0,0.0,0.0,1.0]]",p_S_m = R_S_step * p_step_m + t_S_m,STEP_LOCAL:PV4_S1_C03_BOND,S,m,mm,True,True,True,False,True
released,PV4_S1_C04_CIC,"[[1.0,0.0,0.0,0.0],[0.0,1.2246467991473532e-16,1.0,0.127145],[0.0,-1.0,1.2246467991473532e-16,0.035949999999999996],[0.0,0.0,0.0,1.0]]",p_S_m = R_S_step * p_step_m + t_S_m,STEP_LOCAL:PV4_S1_C04_CIC,S,m,mm,True,True,True,False,True
released,PV4_S1_C04_BOND,"[[1.0,0.0,0.0,0.0],[0.0,1.2246467991473532e-16,1.0,0.12695],[0.0,-1.0,1.2246467991473532e-16,0.035949999999999996],[0.0,0.0,0.0,1.0]]",p_S_m = R_S_step * p_step_m + t_S_m,STEP_LOCAL:PV4_S1_C04_BOND,S,m,mm,True,True,True,False,True
released,PV4_S1_C05_CIC,"[[1.0,0.0,0.0,0.0414],[0.0,1.2246467991473532e-16,1.0,0.127145],[0.0,-1.0,1.2246467991473532e-16,0.035949999999999996],[0.0,0.0,0.0,1.0]]",p_S_m = R_S_step * p_step_m + t_S_m,STEP_LOCAL:PV4_S1_C05_CIC,S,m,mm,True,True,True,False,True
released,PV4_S1_C05_BOND,"[[1.0,0.0,0.0,0.0414],[0.0,1.2246467991473532e-16,1.0,0.12695],[0.0,-1.0,1.2246467991473532e-16,0.035949999999999996],[0.0,0.0,0.0,1.0]]",p_S_m = R_S_step * p_step_m + t_S_m,STEP_LOCAL:PV4_S1_C05_BOND,S,m,mm,True,True,True,False,True
released,PV4_S1_C06_CIC,"[[1.0,0.0,0.0,0.0828],[0.0,1.2246467991473532e-16,1.0,0.127145],[0.0,-1.0,1.2246467991473532e-16,0.035949999999999996],[0.0,0.0,0.0,1.0]]",p_S_m = R_S_step * p_step_m + t_S_m,STEP_LOCAL:PV4_S1_C06_CIC,S,m,mm,True,True,True,False,True
released,PV4_S1_C06_BOND,"[[1.0,0.0,0.0,0.0828],[0.0,1.2246467991473532e-16,1.0,0.12695],[0.0,-1.0,1.2246467991473532e-16,0.035949999999999996],[0.0,0.0,0.0,1.0]]",p_S_m = R_S_step * p_step_m + t_S_m,STEP_LOCAL:PV4_S1_C06_BOND,S,m,mm,True,True,True,False,True
released,PV4_S1_C07_CIC,"[[1.0,0.0,0.0,0.12419999999999999],[0.0,1.2246467991473532e-16,1.0,0.127145],[0.0,-1.0,1.2246467991473532e-16,0.035949999999999996],[0.0,0.0,0.0,1.0]]",p_S_m = R_S_step * p_step_m + t_S_m,STEP_LOCAL:PV4_S1_C07_CIC,S,m,mm,True,True,True,False,True
released,PV4_S1_C07_BOND,"[[1.0,0.0,0.0,0.12419999999999999],[0.0,1.2246467991473532e-16,1.0,0.12695],[0.0,-1.0,1.2246467991473532e-16,0.035949999999999996],[0.0,0.0,0.0,1.0]]",p_S_m = R_S_step * p_step_m + t_S_m,STEP_LOCAL:PV4_S1_C07_BOND,S,m,mm,True,True,True,False,True
released,PV4_S2_C01_CIC,"[[1.0,0.0,0.0,-0.12419999999999999],[0.0,1.2246467991473532e-16,1.0,0.12714500000000004],[0.0,-1.0,1.2246467991473532e-16,-0.052250000000000005],[0.0,0.0,0.0,1.0]]",p_S_m = R_S_step * p_step_m + t_S_m,STEP_LOCAL:PV4_S2_C01_CIC,S,m,mm,True,True,True,False,True
released,PV4_S2_C01_BOND,"[[1.0,0.0,0.0,-0.12419999999999999],[0.0,1.2246467991473532e-16,1.0,0.12695000000000004],[0.0,-1.0,1.2246467991473532e-16,-0.052250000000000005],[0.0,0.0,0.0,1.0]]",p_S_m = R_S_step * p_step_m + t_S_m,STEP_LOCAL:PV4_S2_C01_BOND,S,m,mm,True,True,True,False,True
released,PV4_S2_C02_CIC,"[[1.0,0.0,0.0,-0.0828],[0.0,1.2246467991473532e-16,1.0,0.12714500000000004],[0.0,-1.0,1.2246467991473532e-16,-0.052250000000000005],[0.0,0.0,0.0,1.0]]",p_S_m = R_S_step * p_step_m + t_S_m,STEP_LOCAL:PV4_S2_C02_CIC,S,m,mm,True,True,True,False,True
released,PV4_S2_C02_BOND,"[[1.0,0.0,0.0,-0.0828],[0.0,1.2246467991473532e-16,1.0,0.12695000000000004],[0.0,-1.0,1.2246467991473532e-16,-0.052250000000000005],[0.0,0.0,0.0,1.0]]",p_S_m = R_S_step * p_step_m + t_S_m,STEP_LOCAL:PV4_S2_C02_BOND,S,m,mm,True,True,True,False,True
released,PV4_S2_C03_CIC,"[[1.0,0.0,0.0,-0.0414],[0.0,1.2246467991473532e-16,1.0,0.12714500000000004],[0.0,-1.0,1.2246467991473532e-16,-0.052250000000000005],[0.0,0.0,0.0,1.0]]",p_S_m = R_S_step * p_step_m + t_S_m,STEP_LOCAL:PV4_S2_C03_CIC,S,m,mm,True,True,True,False,True
released,PV4_S2_C03_BOND,"[[1.0,0.0,0.0,-0.0414],[0.0,1.2246467991473532e-16,1.0,0.12695000000000004],[0.0,-1.0,1.2246467991473532e-16,-0.052250000000000005],[0.0,0.0,0.0,1.0]]",p_S_m = R_S_step * p_step_m + t_S_m,STEP_LOCAL:PV4_S2_C03_BOND,S,m,mm,True,True,True,False,True
released,PV4_S2_C04_CIC,"[[1.0,0.0,0.0,0.0],[0.0,1.2246467991473532e-16,1.0,0.12714500000000004],[0.0,-1.0,1.2246467991473532e-16,-0.052250000000000005],[0.0,0.0,0.0,1.0]]",p_S_m = R_S_step * p_step_m + t_S_m,STEP_LOCAL:PV4_S2_C04_CIC,S,m,mm,True,True,True,False,True
released,PV4_S2_C04_BOND,"[[1.0,0.0,0.0,0.0],[0.0,1.2246467991473532e-16,1.0,0.12695000000000004],[0.0,-1.0,1.2246467991473532e-16,-0.052250000000000005],[0.0,0.0,0.0,1.0]]",p_S_m = R_S_step * p_step_m + t_S_m,STEP_LOCAL:PV4_S2_C04_BOND,S,m,mm,True,True,True,False,True
released,PV4_S2_C05_CIC,"[[1.0,0.0,0.0,0.0414],[0.0,1.2246467991473532e-16,1.0,0.12714500000000004],[0.0,-1.0,1.2246467991473532e-16,-0.052250000000000005],[0.0,0.0,0.0,1.0]]",p_S_m = R_S_step * p_step_m + t_S_m,STEP_LOCAL:PV4_S2_C05_CIC,S,m,mm,True,True,True,False,True
released,PV4_S2_C05_BOND,"[[1.0,0.0,0.0,0.0414],[0.0,1.2246467991473532e-16,1.0,0.12695000000000004],[0.0,-1.0,1.2246467991473532e-16,-0.052250000000000005],[0.0,0.0,0.0,1.0]]",p_S_m = R_S_step * p_step_m + t_S_m,STEP_LOCAL:PV4_S2_C05_BOND,S,m,mm,True,True,True,False,True
released,PV4_S2_C06_CIC,"[[1.0,0.0,0.0,0.0828],[0.0,1.2246467991473532e-16,1.0,0.12714500000000004],[0.0,-1.0,1.2246467991473532e-16,-0.052250000000000005],[0.0,0.0,0.0,1.0]]",p_S_m = R_S_step * p_step_m + t_S_m,STEP_LOCAL:PV4_S2_C06_CIC,S,m,mm,True,True,True,False,True
released,PV4_S2_C06_BOND,"[[1.0,0.0,0.0,0.0828],[0.0,1.2246467991473532e-16,1.0,0.12695000000000004],[0.0,-1.0,1.2246467991473532e-16,-0.052250000000000005],[0.0,0.0,0.0,1.0]]",p_S_m = R_S_step * p_step_m + t_S_m,STEP_LOCAL:PV4_S2_C06_BOND,S,m,mm,True,True,True,False,True
released,PV4_S2_C07_CIC,"[[1.0,0.0,0.0,0.12419999999999999],[0.0,1.2246467991473532e-16,1.0,0.12714500000000004],[0.0,-1.0,1.2246467991473532e-16,-0.052250000000000005],[0.0,0.0,0.0,1.0]]",p_S_m = R_S_step * p_step_m + t_S_m,STEP_LOCAL:PV4_S2_C07_CIC,S,m,mm,True,True,True,False,True
released,PV4_S2_C07_BOND,"[[1.0,0.0,0.0,0.12419999999999999],[0.0,1.2246467991473532e-16,1.0,0.12695000000000004],[0.0,-1.0,1.2246467991473532e-16,-0.052250000000000005],[0.0,0.0,0.0,1.0]]",p_S_m = R_S_step * p_step_m + t_S_m,STEP_LOCAL:PV4_S2_C07_BOND,S,m,mm,True,True,True,False,True
released,PV5_S1_C01_CIC,"[[1.0,0.0,0.0,-0.12419999999999999],[0.0,0.0,-1.0,0.12865500000000002],[0.0,1.0,0.0,-0.052250000000000005],[0.0,0.0,0.0,1.0]]",p_S_m = R_S_step * p_step_m + t_S_m,STEP_LOCAL:PV5_S1_C01_CIC,S,m,mm,True,True,True,False,True
released,PV5_S1_C01_BOND,"[[1.0,0.0,0.0,-0.12419999999999999],[0.0,0.0,-1.0,0.12885000000000002],[0.0,1.0,0.0,-0.052250000000000005],[0.0,0.0,0.0,1.0]]",p_S_m = R_S_step * p_step_m + t_S_m,STEP_LOCAL:PV5_S1_C01_BOND,S,m,mm,True,True,True,False,True
released,PV5_S1_C02_CIC,"[[1.0,0.0,0.0,-0.0828],[0.0,0.0,-1.0,0.12865500000000002],[0.0,1.0,0.0,-0.052250000000000005],[0.0,0.0,0.0,1.0]]",p_S_m = R_S_step * p_step_m + t_S_m,STEP_LOCAL:PV5_S1_C02_CIC,S,m,mm,True,True,True,False,True
released,PV5_S1_C02_BOND,"[[1.0,0.0,0.0,-0.0828],[0.0,0.0,-1.0,0.12885000000000002],[0.0,1.0,0.0,-0.052250000000000005],[0.0,0.0,0.0,1.0]]",p_S_m = R_S_step * p_step_m + t_S_m,STEP_LOCAL:PV5_S1_C02_BOND,S,m,mm,True,True,True,False,True
released,PV5_S1_C03_CIC,"[[1.0,0.0,0.0,-0.0414],[0.0,0.0,-1.0,0.12865500000000002],[0.0,1.0,0.0,-0.052250000000000005],[0.0,0.0,0.0,1.0]]",p_S_m = R_S_step * p_step_m + t_S_m,STEP_LOCAL:PV5_S1_C03_CIC,S,m,mm,True,True,True,False,True
released,PV5_S1_C03_BOND,"[[1.0,0.0,0.0,-0.0414],[0.0,0.0,-1.0,0.12885000000000002],[0.0,1.0,0.0,-0.052250000000000005],[0.0,0.0,0.0,1.0]]",p_S_m = R_S_step * p_step_m + t_S_m,STEP_LOCAL:PV5_S1_C03_BOND,S,m,mm,True,True,True,False,True
released,PV5_S1_C04_CIC,"[[1.0,0.0,0.0,0.0],[0.0,0.0,-1.0,0.12865500000000002],[0.0,1.0,0.0,-0.052250000000000005],[0.0,0.0,0.0,1.0]]",p_S_m = R_S_step * p_step_m + t_S_m,STEP_LOCAL:PV5_S1_C04_CIC,S,m,mm,True,True,True,False,True
released,PV5_S1_C04_BOND,"[[1.0,0.0,0.0,0.0],[0.0,0.0,-1.0,0.12885000000000002],[0.0,1.0,0.0,-0.052250000000000005],[0.0,0.0,0.0,1.0]]",p_S_m = R_S_step * p_step_m + t_S_m,STEP_LOCAL:PV5_S1_C04_BOND,S,m,mm,True,True,True,False,True
released,PV5_S1_C05_CIC,"[[1.0,0.0,0.0,0.0414],[0.0,0.0,-1.0,0.12865500000000002],[0.0,1.0,0.0,-0.052250000000000005],[0.0,0.0,0.0,1.0]]",p_S_m = R_S_step * p_step_m + t_S_m,STEP_LOCAL:PV5_S1_C05_CIC,S,m,mm,True,True,True,False,True
released,PV5_S1_C05_BOND,"[[1.0,0.0,0.0,0.0414],[0.0,0.0,-1.0,0.12885000000000002],[0.0,1.0,0.0,-0.052250000000000005],[0.0,0.0,0.0,1.0]]",p_S_m = R_S_step * p_step_m + t_S_m,STEP_LOCAL:PV5_S1_C05_BOND,S,m,mm,True,True,True,False,True
released,PV5_S1_C06_CIC,"[[1.0,0.0,0.0,0.0828],[0.0,0.0,-1.0,0.12865500000000002],[0.0,1.0,0.0,-0.052250000000000005],[0.0,0.0,0.0,1.0]]",p_S_m = R_S_step * p_step_m + t_S_m,STEP_LOCAL:PV5_S1_C06_CIC,S,m,mm,True,True,True,False,True
released,PV5_S1_C06_BOND,"[[1.0,0.0,0.0,0.0828],[0.0,0.0,-1.0,0.12885000000000002],[0.0,1.0,0.0,-0.052250000000000005],[0.0,0.0,0.0,1.0]]",p_S_m = R_S_step * p_step_m + t_S_m,STEP_LOCAL:PV5_S1_C06_BOND,S,m,mm,True,True,True,False,True
released,PV5_S1_C07_CIC,"[[1.0,0.0,0.0,0.12419999999999999],[0.0,0.0,-1.0,0.12865500000000002],[0.0,1.0,0.0,-0.052250000000000005],[0.0,0.0,0.0,1.0]]",p_S_m = R_S_step * p_step_m + t_S_m,STEP_LOCAL:PV5_S1_C07_CIC,S,m,mm,True,True,True,False,True
released,PV5_S1_C07_BOND,"[[1.0,0.0,0.0,0.12419999999999999],[0.0,0.0,-1.0,0.12885000000000002],[0.0,1.0,0.0,-0.052250000000000005],[0.0,0.0,0.0,1.0]]",p_S_m = R_S_step * p_step_m + t_S_m,STEP_LOCAL:PV5_S1_C07_BOND,S,m,mm,True,True,True,False,True
released,PV5_S2_C01_CIC,"[[1.0,0.0,0.0,-0.12419999999999999],[0.0,0.0,-1.0,0.12865500000000002],[0.0,1.0,0.0,0.035949999999999996],[0.0,0.0,0.0,1.0]]",p_S_m = R_S_step * p_step_m + t_S_m,STEP_LOCAL:PV5_S2_C01_CIC,S,m,mm,True,True,True,False,True
released,PV5_S2_C01_BOND,"[[1.0,0.0,0.0,-0.12419999999999999],[0.0,0.0,-1.0,0.12885000000000002],[0.0,1.0,0.0,0.035949999999999996],[0.0,0.0,0.0,1.0]]",p_S_m = R_S_step * p_step_m + t_S_m,STEP_LOCAL:PV5_S2_C01_BOND,S,m,mm,True,True,True,False,True
released,PV5_S2_C02_CIC,"[[1.0,0.0,0.0,-0.0828],[0.0,0.0,-1.0,0.12865500000000002],[0.0,1.0,0.0,0.035949999999999996],[0.0,0.0,0.0,1.0]]",p_S_m = R_S_step * p_step_m + t_S_m,STEP_LOCAL:PV5_S2_C02_CIC,S,m,mm,True,True,True,False,True
released,PV5_S2_C02_BOND,"[[1.0,0.0,0.0,-0.0828],[0.0,0.0,-1.0,0.12885000000000002],[0.0,1.0,0.0,0.035949999999999996],[0.0,0.0,0.0,1.0]]",p_S_m = R_S_step * p_step_m + t_S_m,STEP_LOCAL:PV5_S2_C02_BOND,S,m,mm,True,True,True,False,True
released,PV5_S2_C03_CIC,"[[1.0,0.0,0.0,-0.0414],[0.0,0.0,-1.0,0.12865500000000002],[0.0,1.0,0.0,0.035949999999999996],[0.0,0.0,0.0,1.0]]",p_S_m = R_S_step * p_step_m + t_S_m,STEP_LOCAL:PV5_S2_C03_CIC,S,m,mm,True,True,True,False,True
released,PV5_S2_C03_BOND,"[[1.0,0.0,0.0,-0.0414],[0.0,0.0,-1.0,0.12885000000000002],[0.0,1.0,0.0,0.035949999999999996],[0.0,0.0,0.0,1.0]]",p_S_m = R_S_step * p_step_m + t_S_m,STEP_LOCAL:PV5_S2_C03_BOND,S,m,mm,True,True,True,False,True
released,PV5_S2_C04_CIC,"[[1.0,0.0,0.0,0.0],[0.0,0.0,-1.0,0.12865500000000002],[0.0,1.0,0.0,0.035949999999999996],[0.0,0.0,0.0,1.0]]",p_S_m = R_S_step * p_step_m + t_S_m,STEP_LOCAL:PV5_S2_C04_CIC,S,m,mm,True,True,True,False,True
released,PV5_S2_C04_BOND,"[[1.0,0.0,0.0,0.0],[0.0,0.0,-1.0,0.12885000000000002],[0.0,1.0,0.0,0.035949999999999996],[0.0,0.0,0.0,1.0]]",p_S_m = R_S_step * p_step_m + t_S_m,STEP_LOCAL:PV5_S2_C04_BOND,S,m,mm,True,True,True,False,True
released,PV5_S2_C05_CIC,"[[1.0,0.0,0.0,0.0414],[0.0,0.0,-1.0,0.12865500000000002],[0.0,1.0,0.0,0.035949999999999996],[0.0,0.0,0.0,1.0]]",p_S_m = R_S_step * p_step_m + t_S_m,STEP_LOCAL:PV5_S2_C05_CIC,S,m,mm,True,True,True,False,True
released,PV5_S2_C05_BOND,"[[1.0,0.0,0.0,0.0414],[0.0,0.0,-1.0,0.12885000000000002],[0.0,1.0,0.0,0.035949999999999996],[0.0,0.0,0.0,1.0]]",p_S_m = R_S_step * p_step_m + t_S_m,STEP_LOCAL:PV5_S2_C05_BOND,S,m,mm,True,True,True,False,True
released,PV5_S2_C06_CIC,"[[1.0,0.0,0.0,0.0828],[0.0,0.0,-1.0,0.12865500000000002],[0.0,1.0,0.0,0.035949999999999996],[0.0,0.0,0.0,1.0]]",p_S_m = R_S_step * p_step_m + t_S_m,STEP_LOCAL:PV5_S2_C06_CIC,S,m,mm,True,True,True,False,True
released,PV5_S2_C06_BOND,"[[1.0,0.0,0.0,0.0828],[0.0,0.0,-1.0,0.12885000000000002],[0.0,1.0,0.0,0.035949999999999996],[0.0,0.0,0.0,1.0]]",p_S_m = R_S_step * p_step_m + t_S_m,STEP_LOCAL:PV5_S2_C06_BOND,S,m,mm,True,True,True,False,True
released,PV5_S2_C07_CIC,"[[1.0,0.0,0.0,0.12419999999999999],[0.0,0.0,-1.0,0.12865500000000002],[0.0,1.0,0.0,0.035949999999999996],[0.0,0.0,0.0,1.0]]",p_S_m = R_S_step * p_step_m + t_S_m,STEP_LOCAL:PV5_S2_C07_CIC,S,m,mm,True,True,True,False,True
released,PV5_S2_C07_BOND,"[[1.0,0.0,0.0,0.12419999999999999],[0.0,0.0,-1.0,0.12885000000000002],[0.0,1.0,0.0,0.035949999999999996],[0.0,0.0,0.0,1.0]]",p_S_m = R_S_step * p_step_m + t_S_m,STEP_LOCAL:PV5_S2_C07_BOND,S,m,mm,True,True,True,False,True
released,U202_CHB_TIM,"[[1.0,0.0,0.0,-0.025],[0.0,1.0,0.0,0.0],[0.0,0.0,1.0,-0.096353],[0.0,0.0,0.0,1.0]]",p_S_m = R_S_step * p_step_m + t_S_m,STEP_LOCAL:U202_CHB_TIM,S,m,mm,True,False,False,False,True
released,U202_CHB,"[[1.0,0.0,0.0,-0.025],[0.0,0.0,-1.0,0.0],[0.0,1.0,0.0,-0.09455],[0.0,0.0,0.0,1.0]]",p_S_m = R_S_step * p_step_m + t_S_m,STEP_LOCAL:U202_CHB,S,m,mm,True,False,False,False,True
released,RB301_TIM,"[[0.0,1.0,0.0,-0.128],[0.0,0.0,1.0,-0.0835],[1.0,0.0,0.0,0.06507500000000001],[0.0,0.0,0.0,1.0]]",p_S_m = R_S_step * p_step_m + t_S_m,STEP_LOCAL:RB301_TIM,S,m,mm,True,False,False,False,True
released,RB301,"[[0.0,1.0,0.0,-0.128],[0.0,0.0,1.0,-0.083148],[1.0,0.0,0.0,0.06507500000000001],[0.0,0.0,0.0,1.0]]",p_S_m = R_S_step * p_step_m + t_S_m,STEP_LOCAL:RB301,S,m,mm,True,False,False,False,True
released,RB302_TIM,"[[0.0,1.0,0.0,-0.05],[0.0,0.0,1.0,-0.0835],[1.0,0.0,0.0,0.06507500000000001],[0.0,0.0,0.0,1.0]]",p_S_m = R_S_step * p_step_m + t_S_m,STEP_LOCAL:RB302_TIM,S,m,mm,True,False,False,False,True
released,RB302,"[[0.0,1.0,0.0,-0.05],[0.0,0.0,1.0,-0.083148],[1.0,0.0,0.0,0.06507500000000001],[0.0,0.0,0.0,1.0]]",p_S_m = R_S_step * p_step_m + t_S_m,STEP_LOCAL:RB302,S,m,mm,True,False,False,False,True
released,RB303_TIM,"[[0.0,1.0,0.0,0.10400000000000001],[0.0,0.0,1.0,-0.0835],[1.0,0.0,0.0,0.06507500000000001],[0.0,0.0,0.0,1.0]]",p_S_m = R_S_step * p_step_m + t_S_m,STEP_LOCAL:RB303_TIM,S,m,mm,True,False,False,False,True
released,RB303,"[[0.0,1.0,0.0,0.10400000000000001],[0.0,0.0,1.0,-0.083148],[1.0,0.0,0.0,0.06507500000000001],[0.0,0.0,0.0,1.0]]",p_S_m = R_S_step * p_step_m + t_S_m,STEP_LOCAL:RB303,S,m,mm,True,False,False,False,True
released,WP10_BOTTOM_0_SCREW,"[[1.0,0.0,0.0,-0.14],[0.0,1.0,0.0,-0.0935],[0.0,0.0,1.0,-0.11415],[0.0,0.0,0.0,1.0]]",p_S_m = R_S_step * p_step_m + t_S_m,STEP_LOCAL:WP10_BOTTOM_0_SCREW,S,m,mm,True,False,False,False,True
released,WP10_BOTTOM_0_WASHER,"[[1.0,0.0,0.0,-0.14],[0.0,1.0,0.0,-0.0935],[0.0,0.0,1.0,-0.09815],[0.0,0.0,0.0,1.0]]",p_S_m = R_S_step * p_step_m + t_S_m,STEP_LOCAL:WP10_BOTTOM_0_WASHER,S,m,mm,True,False,False,False,True
released,WP10_BOTTOM_0_NUT,"[[1.0,0.0,0.0,-0.14],[0.0,1.0,0.0,-0.0935],[0.0,0.0,1.0,-0.09765000000000001],[0.0,0.0,0.0,1.0]]",p_S_m = R_S_step * p_step_m + t_S_m,STEP_LOCAL:WP10_BOTTOM_0_NUT,S,m,mm,True,False,False,False,True
released,WP10_BOTTOM_1_SCREW,"[[1.0,0.0,0.0,-0.14],[0.0,1.0,0.0,0.0935],[0.0,0.0,1.0,-0.11415],[0.0,0.0,0.0,1.0]]",p_S_m = R_S_step * p_step_m + t_S_m,STEP_LOCAL:WP10_BOTTOM_1_SCREW,S,m,mm,True,False,False,False,True
released,WP10_BOTTOM_1_WASHER,"[[1.0,0.0,0.0,-0.14],[0.0,1.0,0.0,0.0935],[0.0,0.0,1.0,-0.09815],[0.0,0.0,0.0,1.0]]",p_S_m = R_S_step * p_step_m + t_S_m,STEP_LOCAL:WP10_BOTTOM_1_WASHER,S,m,mm,True,False,False,False,True
released,WP10_BOTTOM_1_NUT,"[[1.0,0.0,0.0,-0.14],[0.0,1.0,0.0,0.0935],[0.0,0.0,1.0,-0.09765000000000001],[0.0,0.0,0.0,1.0]]",p_S_m = R_S_step * p_step_m + t_S_m,STEP_LOCAL:WP10_BOTTOM_1_NUT,S,m,mm,True,False,False,False,True
released,WP10_BOTTOM_2_SCREW,"[[1.0,0.0,0.0,-0.06],[0.0,1.0,0.0,-0.033],[0.0,0.0,1.0,-0.11415],[0.0,0.0,0.0,1.0]]",p_S_m = R_S_step * p_step_m + t_S_m,STEP_LOCAL:WP10_BOTTOM_2_SCREW,S,m,mm,True,False,False,False,True
released,WP10_BOTTOM_2_WASHER,"[[1.0,0.0,0.0,-0.06],[0.0,1.0,0.0,-0.033],[0.0,0.0,1.0,-0.09815],[0.0,0.0,0.0,1.0]]",p_S_m = R_S_step * p_step_m + t_S_m,STEP_LOCAL:WP10_BOTTOM_2_WASHER,S,m,mm,True,False,False,False,True
released,WP10_BOTTOM_2_NUT,"[[1.0,0.0,0.0,-0.06],[0.0,1.0,0.0,-0.033],[0.0,0.0,1.0,-0.09765000000000001],[0.0,0.0,0.0,1.0]]",p_S_m = R_S_step * p_step_m + t_S_m,STEP_LOCAL:WP10_BOTTOM_2_NUT,S,m,mm,True,False,False,False,True
released,WP10_BOTTOM_3_SCREW,"[[1.0,0.0,0.0,-0.06],[0.0,1.0,0.0,0.033],[0.0,0.0,1.0,-0.11415],[0.0,0.0,0.0,1.0]]",p_S_m = R_S_step * p_step_m + t_S_m,STEP_LOCAL:WP10_BOTTOM_3_SCREW,S,m,mm,True,False,False,False,True
released,WP10_BOTTOM_3_WASHER,"[[1.0,0.0,0.0,-0.06],[0.0,1.0,0.0,0.033],[0.0,0.0,1.0,-0.09815],[0.0,0.0,0.0,1.0]]",p_S_m = R_S_step * p_step_m + t_S_m,STEP_LOCAL:WP10_BOTTOM_3_WASHER,S,m,mm,True,False,False,False,True
released,WP10_BOTTOM_3_NUT,"[[1.0,0.0,0.0,-0.06],[0.0,1.0,0.0,0.033],[0.0,0.0,1.0,-0.09765000000000001],[0.0,0.0,0.0,1.0]]",p_S_m = R_S_step * p_step_m + t_S_m,STEP_LOCAL:WP10_BOTTOM_3_NUT,S,m,mm,True,False,False,False,True
released,WP10_BOTTOM_4_SCREW,"[[1.0,0.0,0.0,0.12],[0.0,1.0,0.0,-0.0935],[0.0,0.0,1.0,-0.11415],[0.0,0.0,0.0,1.0]]",p_S_m = R_S_step * p_step_m + t_S_m,STEP_LOCAL:WP10_BOTTOM_4_SCREW,S,m,mm,True,False,False,False,True
released,WP10_BOTTOM_4_WASHER,"[[1.0,0.0,0.0,0.12],[0.0,1.0,0.0,-0.0935],[0.0,0.0,1.0,-0.09815],[0.0,0.0,0.0,1.0]]",p_S_m = R_S_step * p_step_m + t_S_m,STEP_LOCAL:WP10_BOTTOM_4_WASHER,S,m,mm,True,False,False,False,True
released,WP10_BOTTOM_4_NUT,"[[1.0,0.0,0.0,0.12],[0.0,1.0,0.0,-0.0935],[0.0,0.0,1.0,-0.09765000000000001],[0.0,0.0,0.0,1.0]]",p_S_m = R_S_step * p_step_m + t_S_m,STEP_LOCAL:WP10_BOTTOM_4_NUT,S,m,mm,True,False,False,False,True
released,WP10_BOTTOM_5_SCREW,"[[1.0,0.0,0.0,0.12],[0.0,1.0,0.0,0.0935],[0.0,0.0,1.0,-0.11415],[0.0,0.0,0.0,1.0]]",p_S_m = R_S_step * p_step_m + t_S_m,STEP_LOCAL:WP10_BOTTOM_5_SCREW,S,m,mm,True,False,False,False,True
released,WP10_BOTTOM_5_WASHER,"[[1.0,0.0,0.0,0.12],[0.0,1.0,0.0,0.0935],[0.0,0.0,1.0,-0.09815],[0.0,0.0,0.0,1.0]]",p_S_m = R_S_step * p_step_m + t_S_m,STEP_LOCAL:WP10_BOTTOM_5_WASHER,S,m,mm,True,False,False,False,True
released,WP10_BOTTOM_5_NUT,"[[1.0,0.0,0.0,0.12],[0.0,1.0,0.0,0.0935],[0.0,0.0,1.0,-0.09765000000000001],[0.0,0.0,0.0,1.0]]",p_S_m = R_S_step * p_step_m + t_S_m,STEP_LOCAL:WP10_BOTTOM_5_NUT,S,m,mm,True,False,False,False,True
released,WP10_CHB_0_SCREW,"[[1.0,0.0,0.0,-0.04912999999999999],[0.0,1.0,0.0,-0.0254],[0.0,0.0,1.0,-0.11415],[0.0,0.0,0.0,1.0]]",p_S_m = R_S_step * p_step_m + t_S_m,STEP_LOCAL:WP10_CHB_0_SCREW,S,m,mm,True,False,False,False,True
released,WP10_CHB_1_SCREW,"[[1.0,0.0,0.0,-0.04912999999999999],[0.0,1.0,0.0,0.0254],[0.0,0.0,1.0,-0.11415],[0.0,0.0,0.0,1.0]]",p_S_m = R_S_step * p_step_m + t_S_m,STEP_LOCAL:WP10_CHB_1_SCREW,S,m,mm,True,False,False,False,True
released,WP10_CHB_2_SCREW,"[[1.0,0.0,0.0,-0.000870000000000001],[0.0,1.0,0.0,-0.0254],[0.0,0.0,1.0,-0.11415],[0.0,0.0,0.0,1.0]]",p_S_m = R_S_step * p_step_m + t_S_m,STEP_LOCAL:WP10_CHB_2_SCREW,S,m,mm,True,False,False,False,True
released,WP10_CHB_3_SCREW,"[[1.0,0.0,0.0,-0.000870000000000001],[0.0,1.0,0.0,0.0254],[0.0,0.0,1.0,-0.11415],[0.0,0.0,0.0,1.0]]",p_S_m = R_S_step * p_step_m + t_S_m,STEP_LOCAL:WP10_CHB_3_SCREW,S,m,mm,True,False,False,False,True
released,WP10_COLD_-1_TIM,"[[1.0,0.0,0.0,-0.025],[0.0,0.0,1.0,-0.0965],[0.0,-1.0,0.0,-0.07],[0.0,0.0,0.0,1.0]]",p_S_m = R_S_step * p_step_m + t_S_m,STEP_LOCAL:WP10_COLD_-1_TIM,S,m,mm,True,False,False,False,True
released,WP10_COLD_-1_0_SCREW,"[[1.0,0.0,0.0,-0.043000000000000003],[0.0,0.0,1.0,-0.11315000000000001],[0.0,-1.0,0.0,-0.07],[0.0,0.0,0.0,1.0]]",p_S_m = R_S_step * p_step_m + t_S_m,STEP_LOCAL:WP10_COLD_-1_0_SCREW,S,m,mm,True,False,False,False,True
released,WP10_COLD_-1_1_SCREW,"[[1.0,0.0,0.0,-0.007],[0.0,0.0,1.0,-0.11315000000000001],[0.0,-1.0,0.0,-0.07],[0.0,0.0,0.0,1.0]]",p_S_m = R_S_step * p_step_m + t_S_m,STEP_LOCAL:WP10_COLD_-1_1_SCREW,S,m,mm,True,False,False,False,True
released,WP10_COLD_1_TIM,"[[1.0,0.0,0.0,-0.025],[0.0,0.0,-1.0,0.0965],[0.0,1.0,0.0,-0.07],[0.0,0.0,0.0,1.0]]",p_S_m = R_S_step * p_step_m + t_S_m,STEP_LOCAL:WP10_COLD_1_TIM,S,m,mm,True,False,False,False,True
released,WP10_COLD_1_0_SCREW,"[[1.0,0.0,0.0,-0.043000000000000003],[0.0,0.0,-1.0,0.11315000000000001],[0.0,1.0,0.0,-0.07],[0.0,0.0,0.0,1.0]]",p_S_m = R_S_step * p_step_m + t_S_m,STEP_LOCAL:WP10_COLD_1_0_SCREW,S,m,mm,True,False,False,False,True
released,WP10_COLD_1_1_SCREW,"[[1.0,0.0,0.0,-0.007],[0.0,0.0,-1.0,0.11315000000000001],[0.0,1.0,0.0,-0.07],[0.0,0.0,0.0,1.0]]",p_S_m = R_S_step * p_step_m + t_S_m,STEP_LOCAL:WP10_COLD_1_1_SCREW,S,m,mm,True,False,False,False,True
released,WP10_INTERNAL_BATTERY_BYPASS,"[[1.0,0.0,0.0,0.0],[0.0,1.0,0.0,0.0],[0.0,0.0,1.0,0.0],[0.0,0.0,0.0,1.0]]",p_S_m = R_S_step * p_step_m + t_S_m,STEP_LOCAL:WP10_INTERNAL_BATTERY_BYPASS,S,m,mm,True,False,False,False,True
released,WP10_RRC3570_4_D_MAX_ENVELOPE,"[[1.0,0.0,0.0,0.04075],[0.0,1.0,0.0,-0.014100000000000001],[0.0,0.0,1.0,0.04975],[0.0,0.0,0.0,1.0]]",p_S_m = R_S_step * p_step_m + t_S_m,STEP_LOCAL:WP10_RRC3570_4_D_MAX_ENVELOPE,S,m,mm,True,False,False,False,True
released,TRUNK_0_LINER_LOW,"[[1.0,-0.0,0.0,-0.095],[0.0,1.0,0.0,0.0015],[0.0,0.0,1.0,0.045],[0.0,0.0,0.0,1.0]]",p_S_m = R_S_step * p_step_m + t_S_m,STEP_LOCAL:TRUNK_0_LINER_LOW,S,m,mm,True,False,False,False,True
released,TRUNK_0_LINER_HIGH,"[[1.0,-0.0,0.0,-0.095],[0.0,1.0,0.0,0.0015],[0.0,0.0,1.0,0.045],[0.0,0.0,0.0,1.0]]",p_S_m = R_S_step * p_step_m + t_S_m,STEP_LOCAL:TRUNK_0_LINER_HIGH,S,m,mm,True,False,False,False,True
released,TRUNK_0_SCREW_0,"[[1.0,0.0,0.0,-0.095],[0.0,1.0,0.0,-0.006500000000000001],[0.0,0.0,1.0,0.049],[0.0,0.0,0.0,1.0]]",p_S_m = R_S_step * p_step_m + t_S_m,STEP_LOCAL:TRUNK_0_SCREW_0,S,m,mm,True,False,False,False,True
released,TRUNK_0_WASHER_0,"[[1.0,0.0,0.0,-0.195],[0.0,1.0,0.0,-0.0525],[0.0,0.0,1.0,0.051500000000000004],[0.0,0.0,0.0,1.0]]",p_S_m = R_S_step * p_step_m + t_S_m,STEP_LOCAL:TRUNK_0_WASHER_0,S,m,mm,True,False,False,False,True
released,TRUNK_0_NUT_0,"[[1.0,0.0,0.0,-0.195],[0.0,1.0,0.0,-0.0525],[0.0,0.0,1.0,0.051500000000000004],[0.0,0.0,0.0,1.0]]",p_S_m = R_S_step * p_step_m + t_S_m,STEP_LOCAL:TRUNK_0_NUT_0,S,m,mm,True,False,False,False,True
released,TRUNK_0_SCREW_1,"[[1.0,0.0,0.0,-0.095],[0.0,1.0,0.0,0.0095],[0.0,0.0,1.0,0.049],[0.0,0.0,0.0,1.0]]",p_S_m = R_S_step * p_step_m + t_S_m,STEP_LOCAL:TRUNK_0_SCREW_1,S,m,mm,True,False,False,False,True
released,TRUNK_0_WASHER_1,"[[1.0,0.0,0.0,-0.195],[0.0,1.0,0.0,-0.0365],[0.0,0.0,1.0,0.051500000000000004],[0.0,0.0,0.0,1.0]]",p_S_m = R_S_step * p_step_m + t_S_m,STEP_LOCAL:TRUNK_0_WASHER_1,S,m,mm,True,False,False,False,True
released,TRUNK_0_NUT_1,"[[1.0,0.0,0.0,-0.195],[0.0,1.0,0.0,-0.0365],[0.0,0.0,1.0,0.051500000000000004],[0.0,0.0,0.0,1.0]]",p_S_m = R_S_step * p_step_m + t_S_m,STEP_LOCAL:TRUNK_0_NUT_1,S,m,mm,True,False,False,False,True
released,TRUNK_1_LINER_LOW,"[[1.0,-0.0,0.0,-0.03],[0.0,1.0,0.0,0.0015],[0.0,0.0,1.0,-0.002],[0.0,0.0,0.0,1.0]]",p_S_m = R_S_step * p_step_m + t_S_m,STEP_LOCAL:TRUNK_1_LINER_LOW,S,m,mm,True,False,False,False,True
released,TRUNK_1_LINER_HIGH,"[[1.0,-0.0,0.0,-0.03],[0.0,1.0,0.0,0.0015],[0.0,0.0,1.0,-0.002],[0.0,0.0,0.0,1.0]]",p_S_m = R_S_step * p_step_m + t_S_m,STEP_LOCAL:TRUNK_1_LINER_HIGH,S,m,mm,True,False,False,False,True
released,TRUNK_1_SCREW_0,"[[1.0,0.0,0.0,-0.03],[0.0,1.0,0.0,-0.006500000000000001],[0.0,0.0,1.0,0.002],[0.0,0.0,0.0,1.0]]",p_S_m = R_S_step * p_step_m + t_S_m,STEP_LOCAL:TRUNK_1_SCREW_0,S,m,mm,True,False,False,False,True
released,TRUNK_1_WASHER_0,"[[1.0,0.0,0.0,-0.13],[0.0,1.0,0.0,-0.0525],[0.0,0.0,1.0,0.0],[0.0,0.0,0.0,1.0]]",p_S_m = R_S_step * p_step_m + t_S_m,STEP_LOCAL:TRUNK_1_WASHER_0,S,m,mm,True,False,False,False,True
released,TRUNK_1_NUT_0,"[[1.0,0.0,0.0,-0.13],[0.0,1.0,0.0,-0.0525],[0.0,0.0,1.0,0.0],[0.0,0.0,0.0,1.0]]",p_S_m = R_S_step * p_step_m + t_S_m,STEP_LOCAL:TRUNK_1_NUT_0,S,m,mm,True,False,False,False,True
released,TRUNK_1_SCREW_1,"[[1.0,0.0,0.0,-0.03],[0.0,1.0,0.0,0.0095],[0.0,0.0,1.0,0.002],[0.0,0.0,0.0,1.0]]",p_S_m = R_S_step * p_step_m + t_S_m,STEP_LOCAL:TRUNK_1_SCREW_1,S,m,mm,True,False,False,False,True
released,TRUNK_1_WASHER_1,"[[1.0,0.0,0.0,-0.13],[0.0,1.0,0.0,-0.0365],[0.0,0.0,1.0,0.0],[0.0,0.0,0.0,1.0]]",p_S_m = R_S_step * p_step_m + t_S_m,STEP_LOCAL:TRUNK_1_WASHER_1,S,m,mm,True,False,False,False,True
released,TRUNK_1_NUT_1,"[[1.0,0.0,0.0,-0.13],[0.0,1.0,0.0,-0.0365],[0.0,0.0,1.0,0.0],[0.0,0.0,0.0,1.0]]",p_S_m = R_S_step * p_step_m + t_S_m,STEP_LOCAL:TRUNK_1_NUT_1,S,m,mm,True,False,False,False,True
released,TRUNK_2_LINER_LOW,"[[1.0,-0.0,0.0,0.025],[0.0,1.0,0.0,0.0015],[0.0,0.0,1.0,-0.002],[0.0,0.0,0.0,1.0]]",p_S_m = R_S_step * p_step_m + t_S_m,STEP_LOCAL:TRUNK_2_LINER_LOW,S,m,mm,True,False,False,False,True
released,TRUNK_2_LINER_HIGH,"[[1.0,-0.0,0.0,0.025],[0.0,1.0,0.0,0.0015],[0.0,0.0,1.0,-0.002],[0.0,0.0,0.0,1.0]]",p_S_m = R_S_step * p_step_m + t_S_m,STEP_LOCAL:TRUNK_2_LINER_HIGH,S,m,mm,True,False,False,False,True
released,TRUNK_2_SCREW_0,"[[1.0,0.0,0.0,0.025],[0.0,1.0,0.0,-0.006500000000000001],[0.0,0.0,1.0,0.002],[0.0,0.0,0.0,1.0]]",p_S_m = R_S_step * p_step_m + t_S_m,STEP_LOCAL:TRUNK_2_SCREW_0,S,m,mm,True,False,False,False,True
released,TRUNK_2_WASHER_0,"[[1.0,0.0,0.0,-0.075],[0.0,1.0,0.0,-0.0525],[0.0,0.0,1.0,0.0],[0.0,0.0,0.0,1.0]]",p_S_m = R_S_step * p_step_m + t_S_m,STEP_LOCAL:TRUNK_2_WASHER_0,S,m,mm,True,False,False,False,True
released,TRUNK_2_NUT_0,"[[1.0,0.0,0.0,-0.075],[0.0,1.0,0.0,-0.0525],[0.0,0.0,1.0,0.0],[0.0,0.0,0.0,1.0]]",p_S_m = R_S_step * p_step_m + t_S_m,STEP_LOCAL:TRUNK_2_NUT_0,S,m,mm,True,False,False,False,True
released,TRUNK_2_SCREW_1,"[[1.0,0.0,0.0,0.025],[0.0,1.0,0.0,0.0095],[0.0,0.0,1.0,0.002],[0.0,0.0,0.0,1.0]]",p_S_m = R_S_step * p_step_m + t_S_m,STEP_LOCAL:TRUNK_2_SCREW_1,S,m,mm,True,False,False,False,True
released,TRUNK_2_WASHER_1,"[[1.0,0.0,0.0,-0.075],[0.0,1.0,0.0,-0.0365],[0.0,0.0,1.0,0.0],[0.0,0.0,0.0,1.0]]",p_S_m = R_S_step * p_step_m + t_S_m,STEP_LOCAL:TRUNK_2_WASHER_1,S,m,mm,True,False,False,False,True
released,TRUNK_2_NUT_1,"[[1.0,0.0,0.0,-0.075],[0.0,1.0,0.0,-0.0365],[0.0,0.0,1.0,0.0],[0.0,0.0,0.0,1.0]]",p_S_m = R_S_step * p_step_m + t_S_m,STEP_LOCAL:TRUNK_2_NUT_1,S,m,mm,True,False,False,False,True
released,TRUNK_3_LINER_LOW,"[[6.123233995736766e-17,1.0,0.0,0.065],[-1.0,6.123233995736766e-17,0.0,-0.04],[0.0,0.0,1.0,-0.002],[0.0,0.0,0.0,1.0]]",p_S_m = R_S_step * p_step_m + t_S_m,STEP_LOCAL:TRUNK_3_LINER_LOW,S,m,mm,True,False,False,False,True
released,TRUNK_3_LINER_HIGH,"[[6.123233995736766e-17,1.0,0.0,0.065],[-1.0,6.123233995736766e-17,0.0,-0.04],[0.0,0.0,1.0,-0.002],[0.0,0.0,0.0,1.0]]",p_S_m = R_S_step * p_step_m + t_S_m,STEP_LOCAL:TRUNK_3_LINER_HIGH,S,m,mm,True,False,False,False,True
released,TRUNK_3_SCREW_0,"[[1.0,0.0,0.0,0.057],[0.0,1.0,0.0,-0.04],[0.0,0.0,1.0,0.002],[0.0,0.0,0.0,1.0]]",p_S_m = R_S_step * p_step_m + t_S_m,STEP_LOCAL:TRUNK_3_SCREW_0,S,m,mm,True,False,False,False,True
released,TRUNK_3_WASHER_0,"[[1.0,0.0,0.0,-0.043000000000000003],[0.0,1.0,0.0,-0.08600000000000001],[0.0,0.0,1.0,0.0],[0.0,0.0,0.0,1.0]]",p_S_m = R_S_step * p_step_m + t_S_m,STEP_LOCAL:TRUNK_3_WASHER_0,S,m,mm,True,False,False,False,True
released,TRUNK_3_NUT_0,"[[1.0,0.0,0.0,-0.043000000000000003],[0.0,1.0,0.0,-0.08600000000000001],[0.0,0.0,1.0,0.0],[0.0,0.0,0.0,1.0]]",p_S_m = R_S_step * p_step_m + t_S_m,STEP_LOCAL:TRUNK_3_NUT_0,S,m,mm,True,False,False,False,True
released,TRUNK_3_SCREW_1,"[[1.0,0.0,0.0,0.073],[0.0,1.0,0.0,-0.04],[0.0,0.0,1.0,0.002],[0.0,0.0,0.0,1.0]]",p_S_m = R_S_step * p_step_m + t_S_m,STEP_LOCAL:TRUNK_3_SCREW_1,S,m,mm,True,False,False,False,True
released,TRUNK_3_WASHER_1,"[[1.0,0.0,0.0,-0.027],[0.0,1.0,0.0,-0.08600000000000001],[0.0,0.0,1.0,0.0],[0.0,0.0,0.0,1.0]]",p_S_m = R_S_step * p_step_m + t_S_m,STEP_LOCAL:TRUNK_3_WASHER_1,S,m,mm,True,False,False,False,True
released,TRUNK_3_NUT_1,"[[1.0,0.0,0.0,-0.027],[0.0,1.0,0.0,-0.08600000000000001],[0.0,0.0,1.0,0.0],[0.0,0.0,0.0,1.0]]",p_S_m = R_S_step * p_step_m + t_S_m,STEP_LOCAL:TRUNK_3_NUT_1,S,m,mm,True,False,False,False,True
released,TRUNK_HIGH_FOOT_SCREW_0,"[[1.0,0.0,0.0,-0.105],[0.0,1.0,0.0,-0.011],[0.0,0.0,1.0,-0.0055],[0.0,0.0,0.0,1.0]]",p_S_m = R_S_step * p_step_m + t_S_m,STEP_LOCAL:TRUNK_HIGH_FOOT_SCREW_0,S,m,mm,True,False,False,False,True
released,TRUNK_HIGH_FOOT_WASHER_0,"[[1.0,0.0,0.0,-0.20500000000000002],[0.0,1.0,0.0,-0.057],[0.0,0.0,1.0,0.0],[0.0,0.0,0.0,1.0]]",p_S_m = R_S_step * p_step_m + t_S_m,STEP_LOCAL:TRUNK_HIGH_FOOT_WASHER_0,S,m,mm,True,False,False,False,True
released,TRUNK_HIGH_FOOT_NUT_0,"[[1.0,0.0,0.0,-0.20500000000000002],[0.0,1.0,0.0,-0.057],[0.0,0.0,1.0,0.0],[0.0,0.0,0.0,1.0]]",p_S_m = R_S_step * p_step_m + t_S_m,STEP_LOCAL:TRUNK_HIGH_FOOT_NUT_0,S,m,mm,True,False,False,False,True
released,TRUNK_HIGH_FOOT_SCREW_1,"[[1.0,0.0,0.0,-0.085],[0.0,1.0,0.0,-0.011],[0.0,0.0,1.0,-0.0055],[0.0,0.0,0.0,1.0]]",p_S_m = R_S_step * p_step_m + t_S_m,STEP_LOCAL:TRUNK_HIGH_FOOT_SCREW_1,S,m,mm,True,False,False,False,True
released,TRUNK_HIGH_FOOT_WASHER_1,"[[1.0,0.0,0.0,-0.185],[0.0,1.0,0.0,-0.057],[0.0,0.0,1.0,0.0],[0.0,0.0,0.0,1.0]]",p_S_m = R_S_step * p_step_m + t_S_m,STEP_LOCAL:TRUNK_HIGH_FOOT_WASHER_1,S,m,mm,True,False,False,False,True
released,TRUNK_HIGH_FOOT_NUT_1,"[[1.0,0.0,0.0,-0.185],[0.0,1.0,0.0,-0.057],[0.0,0.0,1.0,0.0],[0.0,0.0,0.0,1.0]]",p_S_m = R_S_step * p_step_m + t_S_m,STEP_LOCAL:TRUNK_HIGH_FOOT_NUT_1,S,m,mm,True,False,False,False,True
released,ROOT_BUSH_LEFT,"[[1.0,0.0,0.0,0.065],[0.0,1.0,0.0,-0.08],[0.0,0.0,1.0,0.10715000000000001],[0.0,0.0,0.0,1.0]]",p_S_m = R_S_step * p_step_m + t_S_m,STEP_LOCAL:ROOT_BUSH_LEFT,S,m,mm,True,False,False,False,True
released,ROOT_BUSH_RIGHT,"[[1.0,0.0,0.0,0.065],[0.0,1.0,0.0,-0.08],[0.0,0.0,1.0,0.10715000000000001],[0.0,0.0,0.0,1.0]]",p_S_m = R_S_step * p_step_m + t_S_m,STEP_LOCAL:ROOT_BUSH_RIGHT,S,m,mm,True,False,False,False,True
released,ROOT_KEEPER,"[[1.0,0.0,0.0,0.065],[0.0,1.0,0.0,-0.08],[0.0,0.0,1.0,0.10715000000000001],[0.0,0.0,0.0,1.0]]",p_S_m = R_S_step * p_step_m + t_S_m,STEP_LOCAL:ROOT_KEEPER,S,m,mm,True,False,False,False,True
released,ROOT_SCREW_0,"[[1.0,0.0,0.0,0.053],[0.0,1.0,0.0,-0.08],[0.0,0.0,1.0,0.10315],[0.0,0.0,0.0,1.0]]",p_S_m = R_S_step * p_step_m + t_S_m,STEP_LOCAL:ROOT_SCREW_0,S,m,mm,True,False,False,False,True
released,ROOT_SCREW_1,"[[1.0,0.0,0.0,0.053],[0.0,1.0,0.0,-0.07],[0.0,0.0,1.0,0.10315],[0.0,0.0,0.0,1.0]]",p_S_m = R_S_step * p_step_m + t_S_m,STEP_LOCAL:ROOT_SCREW_1,S,m,mm,True,False,False,False,True
released,C203_BODY,"[[1.0,0.0,0.0,0.0],[0.0,1.0,0.0,0.0],[0.0,0.0,1.0,0.0],[0.0,0.0,0.0,1.0]]",p_S_m = R_S_step * p_step_m + t_S_m,STEP_LOCAL:C203_BODY,S,m,mm,True,False,False,False,True
released,C203_PCB,"[[1.0,0.0,0.0,0.0],[0.0,1.0,0.0,0.0],[0.0,0.0,1.0,0.0],[0.0,0.0,0.0,1.0]]",p_S_m = R_S_step * p_step_m + t_S_m,STEP_LOCAL:C203_PCB,S,m,mm,True,False,False,False,True
released,C203_CARRIER,"[[1.0,0.0,0.0,0.0],[0.0,1.0,0.0,0.0],[0.0,0.0,1.0,0.0],[0.0,0.0,0.0,1.0]]",p_S_m = R_S_step * p_step_m + t_S_m,STEP_LOCAL:C203_CARRIER,S,m,mm,True,False,False,False,True
released,C203_LOWER_A,"[[1.0,0.0,0.0,0.0],[0.0,1.0,0.0,0.0],[0.0,0.0,1.0,0.0],[0.0,0.0,0.0,1.0]]",p_S_m = R_S_step * p_step_m + t_S_m,STEP_LOCAL:C203_LOWER_A,S,m,mm,True,False,False,False,True
released,C203_LOWER_B,"[[1.0,0.0,0.0,0.0],[0.0,1.0,0.0,0.0],[0.0,0.0,1.0,0.0],[0.0,0.0,0.0,1.0]]",p_S_m = R_S_step * p_step_m + t_S_m,STEP_LOCAL:C203_LOWER_B,S,m,mm,True,False,False,False,True
released,C203_LINER_A_TOP,"[[1.0,0.0,0.0,0.0],[0.0,1.0,0.0,0.0],[0.0,0.0,1.0,0.0],[0.0,0.0,0.0,1.0]]",p_S_m = R_S_step * p_step_m + t_S_m,STEP_LOCAL:C203_LINER_A_TOP,S,m,mm,True,False,False,False,True
released,C203_LINER_A_BOTTOM,"[[1.0,0.0,0.0,0.0],[0.0,1.0,0.0,0.0],[0.0,0.0,1.0,0.0],[0.0,0.0,0.0,1.0]]",p_S_m = R_S_step * p_step_m + t_S_m,STEP_LOCAL:C203_LINER_A_BOTTOM,S,m,mm,True,False,False,False,True
released,C203_LINER_B_TOP,"[[1.0,0.0,0.0,0.0],[0.0,1.0,0.0,0.0],[0.0,0.0,1.0,0.0],[0.0,0.0,0.0,1.0]]",p_S_m = R_S_step * p_step_m + t_S_m,STEP_LOCAL:C203_LINER_B_TOP,S,m,mm,True,False,False,False,True
released,C203_LINER_B_BOTTOM,"[[1.0,0.0,0.0,0.0],[0.0,1.0,0.0,0.0],[0.0,0.0,1.0,0.0],[0.0,0.0,0.0,1.0]]",p_S_m = R_S_step * p_step_m + t_S_m,STEP_LOCAL:C203_LINER_B_BOTTOM,S,m,mm,True,False,False,False,True
released,C203_DECK_SCREW_0,"[[1.0,0.0,0.0,-0.048],[0.0,1.0,0.0,-0.0325],[0.0,0.0,1.0,-0.0155],[0.0,0.0,0.0,1.0]]",p_S_m = R_S_step * p_step_m + t_S_m,STEP_LOCAL:C203_DECK_SCREW_0,S,m,mm,True,False,False,False,True
released,C203_DECK_WASHER_0,"[[1.0,0.0,0.0,-0.048],[0.0,1.0,0.0,-0.0325],[0.0,0.0,1.0,-0.0085],[0.0,0.0,0.0,1.0]]",p_S_m = R_S_step * p_step_m + t_S_m,STEP_LOCAL:C203_DECK_WASHER_0,S,m,mm,True,False,False,False,True
released,C203_DECK_NUT_0,"[[1.0,0.0,0.0,-0.048],[0.0,1.0,0.0,-0.0325],[0.0,0.0,1.0,-0.008],[0.0,0.0,0.0,1.0]]",p_S_m = R_S_step * p_step_m + t_S_m,STEP_LOCAL:C203_DECK_NUT_0,S,m,mm,True,False,False,False,True
released,C203_DECK_SCREW_1,"[[1.0,0.0,0.0,-0.048],[0.0,1.0,0.0,0.0325],[0.0,0.0,1.0,-0.0155],[0.0,0.0,0.0,1.0]]",p_S_m = R_S_step * p_step_m + t_S_m,STEP_LOCAL:C203_DECK_SCREW_1,S,m,mm,True,False,False,False,True
released,C203_DECK_WASHER_1,"[[1.0,0.0,0.0,-0.048],[0.0,1.0,0.0,0.0325],[0.0,0.0,1.0,-0.0085],[0.0,0.0,0.0,1.0]]",p_S_m = R_S_step * p_step_m + t_S_m,STEP_LOCAL:C203_DECK_WASHER_1,S,m,mm,True,False,False,False,True
released,C203_DECK_NUT_1,"[[1.0,0.0,0.0,-0.048],[0.0,1.0,0.0,0.0325],[0.0,0.0,1.0,-0.008],[0.0,0.0,0.0,1.0]]",p_S_m = R_S_step * p_step_m + t_S_m,STEP_LOCAL:C203_DECK_NUT_1,S,m,mm,True,False,False,False,True
released,C203_DECK_SCREW_2,"[[1.0,0.0,0.0,-0.02],[0.0,1.0,0.0,-0.0325],[0.0,0.0,1.0,-0.0155],[0.0,0.0,0.0,1.0]]",p_S_m = R_S_step * p_step_m + t_S_m,STEP_LOCAL:C203_DECK_SCREW_2,S,m,mm,True,False,False,False,True
released,C203_DECK_WASHER_2,"[[1.0,0.0,0.0,-0.02],[0.0,1.0,0.0,-0.0325],[0.0,0.0,1.0,-0.0085],[0.0,0.0,0.0,1.0]]",p_S_m = R_S_step * p_step_m + t_S_m,STEP_LOCAL:C203_DECK_WASHER_2,S,m,mm,True,False,False,False,True
released,C203_DECK_NUT_2,"[[1.0,0.0,0.0,-0.02],[0.0,1.0,0.0,-0.0325],[0.0,0.0,1.0,-0.008],[0.0,0.0,0.0,1.0]]",p_S_m = R_S_step * p_step_m + t_S_m,STEP_LOCAL:C203_DECK_NUT_2,S,m,mm,True,False,False,False,True
released,C203_DECK_SCREW_3,"[[1.0,0.0,0.0,-0.02],[0.0,1.0,0.0,0.0325],[0.0,0.0,1.0,-0.0155],[0.0,0.0,0.0,1.0]]",p_S_m = R_S_step * p_step_m + t_S_m,STEP_LOCAL:C203_DECK_SCREW_3,S,m,mm,True,False,False,False,True
released,C203_DECK_WASHER_3,"[[1.0,0.0,0.0,-0.02],[0.0,1.0,0.0,0.0325],[0.0,0.0,1.0,-0.0085],[0.0,0.0,0.0,1.0]]",p_S_m = R_S_step * p_step_m + t_S_m,STEP_LOCAL:C203_DECK_WASHER_3,S,m,mm,True,False,False,False,True
released,C203_DECK_NUT_3,"[[1.0,0.0,0.0,-0.02],[0.0,1.0,0.0,0.0325],[0.0,0.0,1.0,-0.008],[0.0,0.0,0.0,1.0]]",p_S_m = R_S_step * p_step_m + t_S_m,STEP_LOCAL:C203_DECK_NUT_3,S,m,mm,True,False,False,False,True
released,C203_CLAMP_SCREW_0,"[[1.0,0.0,0.0,-0.048],[0.0,1.0,0.0,-0.0225],[0.0,0.0,1.0,-0.054],[0.0,0.0,0.0,1.0]]",p_S_m = R_S_step * p_step_m + t_S_m,STEP_LOCAL:C203_CLAMP_SCREW_0,S,m,mm,True,False,False,False,True
released,C203_CLAMP_SCREW_1,"[[1.0,0.0,0.0,-0.048],[0.0,1.0,0.0,0.0225],[0.0,0.0,1.0,-0.054],[0.0,0.0,0.0,1.0]]",p_S_m = R_S_step * p_step_m + t_S_m,STEP_LOCAL:C203_CLAMP_SCREW_1,S,m,mm,True,False,False,False,True
released,C203_CLAMP_SCREW_2,"[[1.0,0.0,0.0,-0.02],[0.0,1.0,0.0,-0.0225],[0.0,0.0,1.0,-0.054],[0.0,0.0,0.0,1.0]]",p_S_m = R_S_step * p_step_m + t_S_m,STEP_LOCAL:C203_CLAMP_SCREW_2,S,m,mm,True,False,False,False,True
released,C203_CLAMP_SCREW_3,"[[1.0,0.0,0.0,-0.02],[0.0,1.0,0.0,0.0225],[0.0,0.0,1.0,-0.054],[0.0,0.0,0.0,1.0]]",p_S_m = R_S_step * p_step_m + t_S_m,STEP_LOCAL:C203_CLAMP_SCREW_3,S,m,mm,True,False,False,False,True
released,C203_BOARD_SCREW_0,"[[0,0,-1,-0.005540000000000001],[1,0,0,-0.02],[0,-1,0,-0.069],[0,0,0,1]]",p_S_m = R_S_step * p_step_m + t_S_m,STEP_LOCAL:C203_BOARD_SCREW_0,S,m,mm,True,False,False,False,True
released,C203_BOARD_SCREW_1,"[[0,0,-1,-0.005540000000000001],[1,0,0,-0.02],[0,-1,0,-0.031],[0,0,0,1]]",p_S_m = R_S_step * p_step_m + t_S_m,STEP_LOCAL:C203_BOARD_SCREW_1,S,m,mm,True,False,False,False,True
released,C203_BOARD_SCREW_2,"[[0,0,-1,-0.005540000000000001],[1,0,0,0.02],[0,-1,0,-0.069],[0,0,0,1]]",p_S_m = R_S_step * p_step_m + t_S_m,STEP_LOCAL:C203_BOARD_SCREW_2,S,m,mm,True,False,False,False,True
released,C203_BOARD_SCREW_3,"[[0,0,-1,-0.005540000000000001],[1,0,0,0.02],[0,-1,0,-0.031],[0,0,0,1]]",p_S_m = R_S_step * p_step_m + t_S_m,STEP_LOCAL:C203_BOARD_SCREW_3,S,m,mm,True,False,False,False,True
released,CHB_INPUT_PCB,"[[1.0,0.0,0.0,0.0],[0.0,1.0,0.0,0.0],[0.0,0.0,1.0,0.0],[0.0,0.0,0.0,1.0]]",p_S_m = R_S_step * p_step_m + t_S_m,STEP_LOCAL:CHB_INPUT_PCB,S,m,mm,True,False,False,False,True
released,CHB_INPUT_SPACER_0,"[[1.0,0.0,0.0,-0.04913000000000001],[0.0,1.0,0.0,-0.0254],[0.0,0.0,1.0,-0.08395000000000001],[0.0,0.0,0.0,1.0]]",p_S_m = R_S_step * p_step_m + t_S_m,STEP_LOCAL:CHB_INPUT_SPACER_0,S,m,mm,True,False,False,False,True
released,CHB_INPUT_SCREW_0,"[[1.0,0.0,0.0,-0.04913000000000001],[0.0,1.0,0.0,-0.0254],[0.0,0.0,1.0,-0.07970000000000001],[0.0,0.0,0.0,1.0]]",p_S_m = R_S_step * p_step_m + t_S_m,STEP_LOCAL:CHB_INPUT_SCREW_0,S,m,mm,True,False,False,False,True
released,CHB_INPUT_SPACER_1,"[[1.0,0.0,0.0,-0.04913000000000001],[0.0,1.0,0.0,0.0254],[0.0,0.0,1.0,-0.08395000000000001],[0.0,0.0,0.0,1.0]]",p_S_m = R_S_step * p_step_m + t_S_m,STEP_LOCAL:CHB_INPUT_SPACER_1,S,m,mm,True,False,False,False,True
released,CHB_INPUT_SCREW_1,"[[1.0,0.0,0.0,-0.04913000000000001],[0.0,1.0,0.0,0.0254],[0.0,0.0,1.0,-0.07970000000000001],[0.0,0.0,0.0,1.0]]",p_S_m = R_S_step * p_step_m + t_S_m,STEP_LOCAL:CHB_INPUT_SCREW_1,S,m,mm,True,False,False,False,True
released,C203_W_PLUS,"[[1.0,0.0,0.0,0.0],[0.0,1.0,0.0,0.0],[0.0,0.0,1.0,0.0],[0.0,0.0,0.0,1.0]]",p_S_m = R_S_step * p_step_m + t_S_m,STEP_LOCAL:C203_W_PLUS,S,m,mm,True,False,False,False,True
released,C203_W_MINUS,"[[1.0,0.0,0.0,0.0],[0.0,1.0,0.0,0.0],[0.0,0.0,1.0,0.0],[0.0,0.0,0.0,1.0]]",p_S_m = R_S_step * p_step_m + t_S_m,STEP_LOCAL:C203_W_MINUS,S,m,mm,True,False,False,False,True
released,C203_LACE_PLUS,"[[1,0,0,0.0],[0,1,0,0.0],[0,0,1,0.0],[0,0,0,1]]",p_S_m = R_S_step * p_step_m + t_S_m,STEP_LOCAL:C203_LACE_PLUS,S,m,mm,True,False,False,False,True
released,C203_LACE_MINUS,"[[1,0,0,0.0],[0,1,0,0.0],[0,0,1,0.0],[0,0,0,1]]",p_S_m = R_S_step * p_step_m + t_S_m,STEP_LOCAL:C203_LACE_MINUS,S,m,mm,True,False,False,False,True
