t_s,cap_v,main_a,aux_a,fused_v,block_drop_v,block_w,mode
0.0,0.003125,3.053507760341412,0.7145983576404547,29.384717461198292,29.374726145170385,89.69595424218153,POWER_LIMIT
2.356002009315344e-05,0.028125,3.055770504202423,0.7145983576404547,29.384706147478987,29.349709743298156,89.68597734047297,POWER_LIMIT
4.7101013216243734e-05,0.053125000000000006,3.058037111209524,0.7145983576404547,29.38469481444395,29.32469331342327,89.67600042728614,POWER_LIMIT
7.062297766019057e-05,0.078125,3.0603075913277715,0.7145983576404547,29.38468346204336,29.299676855473507,89.66602350425619,POWER_LIMIT
9.412591171591752e-05,0.10312500000000001,3.0625819544437576,0.7145983576404547,29.38467209022778,29.274660369377195,89.65604656972442,POWER_LIMIT
0.00011760981367365037,0.12812500000000002,3.0648602105225367,0.7145983576404547,29.384660698947386,29.24964385506209,89.64606962333481,POWER_LIMIT
0.00014107468182402255,0.153125,3.0671423696076303,0.7145983576404547,29.38464928815196,29.224627312455407,89.63609266602435,POWER_LIMIT
0.00016452051445672202,0.178125,3.069428441664093,0.7145983576404547,29.384637857791677,29.1996107414849,89.62611569543411,POWER_LIMIT
0.0001879473098617606,0.203125,3.0717184368923762,0.7145983576404547,29.384626407815535,29.17459414207664,89.61613871506913,POWER_LIMIT
0.0002113550663282907,0.22812500000000002,3.0740123654144647,0.7145983576404547,29.384614938172927,29.149577514157254,89.60616172512684,POWER_LIMIT
0.0002347437821453846,0.253125,3.0763102371954165,0.7145983576404547,29.384603448814023,29.124560857654497,89.59618472022345,POWER_LIMIT
0.0002581134556021593,0.278125,3.078612062592609,0.7145983576404547,29.384591939687034,29.099544172493307,89.58620770538435,POWER_LIMIT
0.0002814640849870908,0.30312500000000003,3.0809178518064977,0.7145983576404547,29.384580410740966,29.074527458599732,89.57623068003812,POWER_LIMIT
0.0003047956685883064,0.328125,3.0832276150375284,0.7145983576404547,29.384568861924812,29.049510715899842,89.566253642591,POWER_LIMIT
0.000328108204693553,0.353125,3.0855413626430845,0.7145983576404547,29.384557293186784,29.024493944318557,89.55627659497864,POWER_LIMIT
0.000351401691590811,0.37812500000000004,3.0878591048236173,0.7145983576404547,29.38454570447588,28.99947714378193,89.54629953355142,POWER_LIMIT
0.000374676127567296,0.403125,3.090180852093435,0.7145983576404547,29.384534095739532,28.97446031421376,89.5363224627245,POWER_LIMIT
0.0003979315109102362,0.42812500000000003,3.0925066147314553,0.7145983576404547,29.38452246692634,28.949443455539527,89.52634537905023,POWER_LIMIT
0.0004211678399063625,0.453125,3.0948364031735247,0.7145983576404547,29.384510817984133,28.92442656768359,89.51636828258661,POWER_LIMIT
0.00044438511284236473,0.478125,3.097170227933952,0.7145983576404547,29.38449914886033,28.899409650569734,89.50639117461171,POWER_LIMIT
0.0004675833280043851,0.503125,3.0995080996055124,0.7145983576404547,29.384487459501972,28.874392704121174,89.49641405761389,POWER_LIMIT
0.0004907624836783162,0.5281250000000001,3.1018500285455897,0.7145983576404547,29.38447574985727,28.84937572826283,89.4864369262345,POWER_LIMIT
0.0005139225781499388,0.553125,3.104196025503888,0.7145983576404547,29.38446401987248,28.824358722916788,89.47645978537662,POWER_LIMIT
0.0005370636097044221,0.578125,3.106546100916253,0.7145983576404547,29.384452269495416,28.7993416880074,89.46648262983429,POWER_LIMIT
0.0005601855766271015,0.603125,3.108900265610856,0.7145983576404547,29.384440498671943,28.774324623456174,89.4565054646359,POWER_LIMIT
0.0005832884772025056,0.628125,3.1112585301804705,0.7145983576404547,29.384428707349095,28.749307529186325,89.44652828696258,POWER_LIMIT
0.0006063723097152934,0.6531250000000001,3.1136209053748054,0.7145983576404547,29.384416895473123,28.724290405119937,89.43655109743838,POWER_LIMIT
0.0006294370724496039,0.6781250000000001,3.115987401943565,0.7145983576404547,29.384405062990282,28.69927325117909,89.42657389560999,POWER_LIMIT
0.0006524827636895168,0.703125,3.1183580307149192,0.7145983576404547,29.384393209846422,28.674256067285285,89.41659668219506,POWER_LIMIT
0.0006755093817185667,0.728125,3.1207328025170415,0.7145983576404547,29.384381335987413,28.649238853360043,89.4066194568264,POWER_LIMIT
0.0006985169248198902,0.753125,3.123111728256565,0.7145983576404547,29.384369441358714,28.624221609324294,89.39664222029572,POWER_LIMIT
0.0007215053912766878,0.7781250000000001,3.125494818761662,0.7145983576404547,29.38435752590619,28.59920433509956,89.38666497005974,POWER_LIMIT
0.0007444747793717431,0.8031250000000001,3.127882085095898,0.7145983576404547,29.38434558957452,28.574187030605636,89.37668770921093,POWER_LIMIT
0.0007674250873874161,0.828125,3.130273538165908,0.7145983576404547,29.38433363230917,28.549169695763467,89.36671043525644,POWER_LIMIT
0.0007903563136059509,0.853125,3.1326691890352594,0.7145983576404547,29.384321654054823,28.52415233049286,89.35673314908327,POWER_LIMIT
0.0008132684563091586,0.878125,3.1350690488459803,0.7145983576404547,29.384309654755768,28.499134934713044,89.34675585270408,POWER_LIMIT
0.0008361615137785697,0.9031250000000001,3.137473128583176,0.7145983576404547,29.384297634357083,28.4741175083444,89.33677854255029,POWER_LIMIT
0.0008590354842955894,0.9281250000000001,3.139881439467336,0.7145983576404547,29.384285592802662,28.44910005130558,89.32680122064365,POWER_LIMIT
0.0008818903661411842,0.953125,3.1422939926404974,0.7145983576404547,29.384273530036797,28.424082563515835,89.31682388565332,POWER_LIMIT
0.0009047261575960396,0.978125,3.1447107993231525,0.7145983576404547,29.384261446003382,28.399065044893824,89.30684653735825,POWER_LIMIT
0.0009275428569404077,1.003125,3.1471318708927285,0.7145983576404547,29.384249340645535,28.374047495357075,89.29686917886225,POWER_LIMIT
0.0009503162902378936,1.028125,3.1495572185697194,0.7145983576404547,29.38423721390715,28.349029914824253,89.28689180768365,POWER_LIMIT
0.0009730240816024478,1.053125,3.1519868536530886,0.7145983576404547,29.384225065731734,28.32401230321346,89.27691442243717,POWER_LIMIT
0.0009956687508460352,1.078125,3.15442078767719,0.7145983576404547,29.384212896061612,28.29899466044109,89.26693702726118,POWER_LIMIT
0.0010182526295656547,1.1031250000000001,3.156859031940985,0.7145983576404547,29.384200704840293,28.273976986425236,89.25695961848805,POWER_LIMIT
0.0010407778794080333,1.128125,3.1593015979788275,0.7145983576404547,29.384188492010104,28.248959281082286,89.2469821979621,POWER_LIMIT
0.0010632465081699737,1.153125,3.161748497168147,0.7145983576404547,29.38417625751416,28.223941544329776,89.2370047619463,POWER_LIMIT
0.0010856603840386071,1.178125,3.1641997412786944,0.7145983576404547,29.384164001293605,28.19892377608238,89.2270273166175,POWER_LIMIT
0.001108021248217708,1.203125,3.166655341766357,0.7145983576404547,29.38415172329117,28.173905976257075,89.21704985813756,POWER_LIMIT
0.0011303307261621074,1.2281250000000001,3.1691153102439573,0.7145983576404547,29.38413942344878,28.14888814476967,89.20707238593418,POWER_LIMIT
0.0011525903375934174,1.253125,3.171579658481247,0.7145983576404547,29.38412710170759,28.123870281534852,89.19709490268119,POWER_LIMIT
0.0011748015054566948,1.2781250000000002,3.1740483980910454,0.7145983576404547,29.38411475800954,28.098852386468447,89.18711740546692,POWER_LIMIT
0.0011969655639480982,1.303125,3.1765215408431047,0.7145983576404547,29.384102392295784,28.07383445948514,89.177139894618,POWER_LIMIT
0.0012190837657269046,1.328125,3.178999098585641,0.7145983576404547,29.38409000450707,28.048816500499047,89.16716237148053,POWER_LIMIT
0.0012411572884101958,1.3531250000000001,3.181481083166868,0.7145983576404547,29.384077594584163,28.023798509424285,89.15718483621323,POWER_LIMIT
0.0012631872404318624,1.378125,3.1839675065134685,0.7145983576404547,29.384065162467433,27.998780486174397,89.14720728998266,POWER_LIMIT
0.0012851746663425383,1.4031250000000002,3.1864583803951927,0.7145983576404547,29.38405270809802,27.97376243066407,89.13722972837373,POWER_LIMIT
0.0013071205516108242,1.428125,3.188953716895651,0.7145983576404547,29.384040231415522,27.948744342805718,89.12725215455659,POWER_LIMIT
0.001329025826981477,1.453125,3.1914535280199905,0.7145983576404547,29.3840277323599,27.923726222512315,89.11727456830126,POWER_LIMIT
0.0013508913724389641,1.4781250000000001,3.1939578257733574,0.7145983576404547,29.38401521087113,27.898708069696838,89.10729696817454,POWER_LIMIT
0.001372718020818787,1.503125,3.1964666222393596,0.7145983576404547,29.3840026668888,27.873689884271702,89.09731935372537,POWER_LIMIT
0.0013945065611042353,1.5281250000000002,3.198979929737006,0.7145983576404547,29.383990100351312,27.84867166614761,89.08734172984182,POWER_LIMIT
0.0014162577414374158,1.553125,3.2014977601929777,0.7145983576404547,29.383977511199035,27.82365341523811,89.0773640892705,POWER_LIMIT
0.001437972271879318,1.578125,3.2040201260832077,0.7145983576404547,29.383964899369584,27.798635131452766,89.06738643881837,POWER_LIMIT
0.0014596508269373405,1.6031250000000001,3.2065470394913085,0.7145983576404547,29.38395226480254,27.773616814703985,89.05740877315509,POWER_LIMIT
0.0014812940478896204,1.628125,3.209078512814753,0.7145983576404547,29.383939607435924,27.748598464901903,89.04743109444114,POWER_LIMIT
0.0015029025449204661,1.6531250000000002,3.21161455845101,0.7145983576404547,29.383926927207742,27.723580081956666,89.03745340359447,POWER_LIMIT
0.0015244768990872802,1.678125,3.214155188719084,0.7145983576404547,29.383914224056404,27.69856166577896,89.02747569811895,POWER_LIMIT
0.001546017664135161,1.703125,3.216700416173378,0.7145983576404547,29.383901497919133,27.6735432162778,89.01749798079275,POWER_LIMIT
0.0015675253681709212,1.7281250000000001,3.219250253211362,0.7145983576404547,29.38388874873394,27.648524733363306,89.00752024880042,POWER_LIMIT
0.0015890005152128504,1.753125,3.221804712465903,0.7145983576404547,29.38387597643767,27.62350621694391,88.99754250458105,POWER_LIMIT
0.0016104435866232322,1.7781250000000002,3.224363806412936,0.7145983576404547,29.383863180967936,27.598487666929188,88.98756474498026,POWER_LIMIT
0.0016318550424363767,1.803125,3.2269275478422577,0.7145983576404547,29.383850362260787,27.573469083226417,88.97758697424013,POWER_LIMIT
0.0016532353225911193,1.828125,3.2294959493082676,0.7145983576404547,29.383837520253458,27.548450465744608,88.96760918884166,POWER_LIMIT
0.0016745848480761204,1.8531250000000001,3.232069023600764,0.7145983576404547,29.383824654881995,27.523431814391042,88.95763139048107,POWER_LIMIT
0.0016959040219930459,1.878125,3.2346467834310744,0.7145983576404547,29.383811766082843,27.49841312907358,88.94765357741667,POWER_LIMIT
0.0017171932305477065,1.9031250000000002,3.2372292417459274,0.7145983576404547,29.38379885379127,27.47339440969838,88.93767575309468,POWER_LIMIT
0.001738452843972742,1.928125,3.239816411256653,0.7145983576404547,29.383785917943715,27.448375656173294,88.92769791320784,POWER_LIMIT
0.0017596832173886782,1.953125,3.2424083049884427,0.7145983576404547,29.383772958475056,27.423356868403918,88.91772006077471,POWER_LIMIT
0.0017808846916068295,1.9781250000000001,3.2450049358095567,0.7145983576404547,29.383759975320952,27.39833804629697,88.90774219321244,POWER_LIMIT
0.0018020575938808387,2.0031250000000003,3.247606316823653,0.7145983576404547,29.38374696841588,27.37331918975746,88.89776431308644,POWER_LIMIT
0.0018232022386083992,2.028125,3.250212460977454,0.7145983576404547,29.383733937695112,27.348300298691548,88.88778641736069,POWER_LIMIT
0.0018443189279886267,2.053125,3.252823381531548,0.7145983576404547,29.38372088309234,27.32328137300311,88.87780851026993,POWER_LIMIT
0.0018654079526378203,2.078125,3.255439091511125,0.7145983576404547,29.383707804542443,27.29826241259773,88.86783058829944,POWER_LIMIT
0.0018864695921673668,2.103125,3.258059604176773,0.7145983576404547,29.383694701979113,27.273243417379287,88.85785265304354,POWER_LIMIT
0.001907504115725174,2.1281250000000003,3.2606849327106096,0.7145983576404547,29.383681575336446,27.248224387252233,88.84787470263113,POWER_LIMIT
0.0019285117825048163,2.153125,3.2633150905301536,0.7145983576404547,29.38366842454735,27.223205322119302,88.83789674027271,POWER_LIMIT
0.0019494928422237076,2.178125,3.265950090817525,0.7145983576404547,29.38365524954591,27.198186221884942,88.82791876143709,POWER_LIMIT
0.001970447535573402,2.203125,3.268589947147169,0.7145983576404547,29.383642050264264,27.17316708645076,88.81794077092329,POWER_LIMIT
0.0019913760946428417,2.228125,3.2712346727796726,0.7145983576404547,29.3836288266361,27.14814791572064,88.80796276365655,POWER_LIMIT
0.0020122787433178254,2.2531250000000003,3.2738842813679474,0.7145983576404547,29.383615578593158,27.123128709595594,88.79798474386472,POWER_LIMIT
0.0020331556976564387,2.278125,3.276538786407972,0.7145983576404547,29.38360230606796,27.09810946797782,88.78800671015843,POWER_LIMIT
0.0020540071662443356,2.303125,3.2791982014741956,0.7145983576404547,29.383589008992626,27.073090190768905,88.77802866191809,POWER_LIMIT
0.0020748333505298745,2.328125,3.2818625402195254,0.7145983576404547,29.3835756872989,27.048070877869897,88.76805059928387,POWER_LIMIT
0.002095634445139923,2.353125,3.284531816375341,0.7145983576404547,29.38356234091812,27.023051529181252,88.75807252314614,POWER_LIMIT
0.0021164106381792286,2.3781250000000003,3.2872060435945514,0.7145983576404547,29.383548969782026,26.998032144604007,88.74809443090226,POWER_LIMIT
0.0021371621115137004,2.403125,3.2898852358439274,0.7145983576404547,29.38353557382078,26.97301272403692,88.73811632703946,POWER_LIMIT
0.0021578890410368567,2.428125,3.292569406776381,0.7145983576404547,29.383522152966115,26.947993267381026,88.72813820619466,POWER_LIMIT
0.002178591596924512,2.453125,3.2952585704371495,0.7145983576404547,29.38350870714781,26.92297377453452,88.71816007218949,POWER_LIMIT
0.002199269943873976,2.4781250000000004,3.2979527407145355,0.7145983576404547,29.383495236296426,26.897954245396726,88.70818192322031,POWER_LIMIT
0.0022199242413326907,2.5031250000000003,3.3006519316537775,0.7145983576404547,29.38348174034173,26.872934679865836,88.69820376030495,POWER_LIMIT
0.002240554643713127,2.528125,3.3033561573001107,0.7145983576404547,29.383468219213498,26.847915077840042,88.68822558305338,POWER_LIMIT
0.002261161300598341,2.553125,3.3060654316987703,0.7145983576404547,29.383454672841506,26.822895439217532,88.67824738966769,POWER_LIMIT
0.002281744356936948,2.578125,3.308779769130388,0.7145983576404547,29.383441101154347,26.797875763894794,88.66826918324465,POWER_LIMIT
0.002302303953226996,2.6031250000000004,3.3114991837186674,0.7145983576404547,29.383427504081403,26.772856051769445,88.6582909612519,POWER_LIMIT
0.0023228402256929826,2.6281250000000003,3.3142236898227013,0.7145983576404547,29.383413881550887,26.74783630273741,88.64831272603199,POWER_LIMIT
0.002343353306451879,2.653125,3.3169533016446557,0.7145983576404547,29.383400233491777,26.722816516695733,88.63833447429825,POWER_LIMIT
0.00236384332367332,2.678125,3.3196880336220946,0.7145983576404547,29.383386559831887,26.69779669353976,88.62835620761948,POWER_LIMIT
0.002384310401730155,2.703125,3.32242790027104,0.7145983576404547,29.383372860498643,26.67277683316428,88.61837792820805,POWER_LIMIT
0.002404754661343311,2.7281250000000004,3.325172915950591,0.7145983576404547,29.383359135420246,26.647756935465196,88.6083996326434,POWER_LIMIT
0.0024251762197187365,2.7531250000000003,3.3279230951767733,0.7145983576404547,29.383345384524116,26.6227370003373,88.59842132023971,POWER_LIMIT
0.0024455751906793085,2.778125,3.330678452701007,0.7145983576404547,29.383331607736494,26.597717027673653,88.58844299511131,POWER_LIMIT
0.0024659516847889474,2.803125,3.3334390031177827,0.7145983576404547,29.383317804984408,26.572697017368462,88.5784646557276,POWER_LIMIT
0.002486305809472129,2.828125,3.3362047610215937,0.7145983576404547,29.38330397619489,26.547676969315948,88.56848629909518,POWER_LIMIT
0.002506637669128228,2.8531250000000004,3.3389757413207883,0.7145983576404547,29.383290121293395,26.52265688340804,88.55850792907427,POWER_LIMIT
0.002526947365239641,2.8781250000000003,3.3417519586883246,0.7145983576404547,29.383276240206555,26.49763675953837,88.5485295417991,POWER_LIMIT
0.0025472349964762897,2.903125,3.344533428189483,0.7145983576404547,29.38326233285905,26.472616597597753,88.53855114230943,POWER_LIMIT
0.002567500658794437,2.928125,3.3473201645756854,0.7145983576404547,29.38324839917712,26.44759639747924,88.52857272584151,POWER_LIMIT
0.002587744445532011,2.953125,3.350112182912211,0.7145983576404547,29.383234439085438,26.42257615907365,88.51859429443837,POWER_LIMIT
0.0026079664474992024,2.9781250000000004,3.352909498185878,0.7145983576404547,29.383220452509068,26.39755588227233,88.50861584656339,POWER_LIMIT
0.0026281667530656397,3.0031250000000003,3.3557121256188944,0.7145983576404547,29.383206439371904,26.37253556696495,88.49863738537984,POWER_LIMIT
0.0026483454482432497,3.028125,3.3585200801980815,0.7145983576404547,29.383192399599007,26.34751521304287,88.48865890632891,POWER_LIMIT
0.002668502616766573,3.053125,3.361333377302575,0.7145983576404547,29.383178333113484,26.32249482039461,88.47868041366655,POWER_LIMIT
0.0026886383401685233,3.078125,3.364152032154589,0.7145983576404547,29.383164239839225,26.29747438890984,88.4687019059843,POWER_LIMIT
0.002708752697853821,3.1031250000000004,3.3669760600547995,0.7145983576404547,29.383150119699724,26.272453918477638,88.45872338240711,POWER_LIMIT
0.0027288457671694097,3.1281250000000003,3.3698054763823455,0.7145983576404547,29.38313597261809,26.247433408986538,88.44874484258378,POWER_LIMIT
0.0027489176234716363,3.153125,3.3726402965948363,0.7145983576404547,29.383121798517024,26.222412860324482,88.43876628667701,POWER_LIMIT
0.0027689683401904705,3.178125,3.375480536228342,0.7145983576404547,29.38310759731886,26.19739227237886,88.42878771535362,POWER_LIMIT
0.002788997988891962,3.203125,3.378326210897396,0.7145983576404547,29.383093368945513,26.172371645036485,88.41880912977456,POWER_LIMIT
0.002809006639337147,3.2281250000000004,3.381177336059608,0.7145983576404547,29.3830791133197,26.147350978185308,88.40883052543619,POWER_LIMIT
0.0028289943595401546,3.2531250000000003,3.3840339276433733,0.7145983576404547,29.383064830361782,26.122330271709878,88.39885190857176,POWER_LIMIT
0.002848961215822038,3.278125,3.386896001184761,0.7145983576404547,29.383050519994075,26.09730952549757,88.3888732735887,POWER_LIMIT
0.002868907272864258,3.303125,3.3897635726121704,0.7145983576404547,29.383036182136937,26.072288739432928,88.37889462355622,POWER_LIMIT
0.0028888325937590537,3.328125,3.3926366577755287,0.7145983576404547,29.38302181671112,26.047267913401065,88.36891595790476,POWER_LIMIT
0.0029087372400584594,3.3531250000000004,3.3955152726032356,0.7145983576404547,29.383007423636982,26.022247047286513,88.3589372765158,POWER_LIMIT
0.0029286212718209956,3.3781250000000003,3.398399433023685,0.7145983576404547,29.38299300283488,25.99722614097382,88.34895857767394,POWER_LIMIT
0.002948484747656823,3.403125,3.401289155200671,0.7145983576404547,29.382978554223996,25.97220519434582,88.33897986417497,POWER_LIMIT
0.00296832772477132,3.428125,3.404184455219518,0.7145983576404547,29.3829640777239,25.947184207285904,88.32900113516004,POWER_LIMIT
0.002988150259006808,3.453125,3.407085349165551,0.7145983576404547,29.38294957325417,25.922163179677487,88.31902238815786,POWER_LIMIT
0.0030079524048828555,3.4781250000000004,3.4099918533594913,0.7145983576404547,29.3829350407332,25.897142111402268,88.30904362517475,POWER_LIMIT
0.00302773421563533,3.5031250000000003,3.412903984122062,0.7145983576404547,29.382920480079388,25.87212100234193,88.29906484658085,POWER_LIMIT
0.003047495743252997,3.528125,3.4158217577739824,0.7145983576404547,29.382905891211127,25.847099852378182,88.28908605111009,POWER_LIMIT
0.003067237038514739,3.553125,3.4187451907929063,0.7145983576404547,29.382891274046035,25.82207866139158,88.27910723990858,POWER_LIMIT
0.0030869581510230538,3.578125,3.421674299656482,0.7145983576404547,29.382876628501716,25.79705742926268,88.26912841247042,POWER_LIMIT
0.003106659129238274,3.6031250000000004,3.4246091009208275,0.7145983576404547,29.382861954495393,25.77203615587147,88.25914956865805,POWER_LIMIT
0.0031263400205111505,3.6281250000000003,3.427549611142058,0.7145983576404547,29.382847251944288,25.747014841097947,88.24917070667406,POWER_LIMIT
0.003146000871113252,3.653125,3.4304958471116844,0.7145983576404547,29.382832520764442,25.7219934848204,88.23919182911018,POWER_LIMIT
0.003165641726267556,3.678125,3.4334478255427534,0.7145983576404547,29.382817760872285,25.69697208691766,88.22921293486027,POWER_LIMIT
0.0031852626301774154,3.703125,3.436405563305242,0.7145983576404547,29.382802972183473,25.67195064726746,88.21923402516752,POWER_LIMIT
0.003204863626054417,3.7281250000000004,3.439369077190662,0.7145983576404547,29.382788154614044,25.646929165748084,88.20925509757326,POWER_LIMIT
0.0032244447561458546,3.7531250000000003,3.442338384225919,0.7145983576404547,29.382773308078868,25.621907642236103,88.19927615396075,POWER_LIMIT
0.00324400606176048,3.778125,3.4453135013594514,0.7145983576404547,29.3827584324932,25.59688607660867,88.18929719249961,POWER_LIMIT
0.0032635475832938354,3.803125,3.4482944457750984,0.7145983576404547,29.382743527771122,25.57186446874121,88.1793182156739,POWER_LIMIT
0.003283069360253079,3.828125,3.451281234499767,0.7145983576404547,29.3827285938275,25.546842818510324,88.16933922023982,POWER_LIMIT
0.00330257143128043,3.8531250000000004,3.4542738848742207,0.7145983576404547,29.382713630575626,25.521821125790296,88.1593602092486,POWER_LIMIT
0.0033220538341756077,3.8781250000000003,3.457272414082299,0.7145983576404547,29.382698637929586,25.496799390456573,88.14938118001588,POWER_LIMIT
0.003341516605918545,3.903125,3.460276839543229,0.7145983576404547,29.382683615802282,25.47177761238289,88.13940213412424,POWER_LIMIT
0.003360959782690359,3.928125,3.4632871786762447,0.7145983576404547,29.382668564106616,25.44675579144298,88.12942307140995,POWER_LIMIT
0.003380383399894088,3.953125,3.466303448979044,0.7145983576404547,29.382653482755103,25.421733927510004,88.1194439919555,POWER_LIMIT
0.003399787492174764,3.9781250000000004,3.4693256680277837,0.7145983576404547,29.38263837165986,25.39671202045656,88.1094648960797,POWER_LIMIT
0.003419172093438729,4.003125,3.4723538533201648,0.7145983576404547,29.382623230733397,25.37169007015582,88.09948578035053,POWER_LIMIT
0.0034385372368729004,4.028125,3.4753880227462037,0.7145983576404547,29.382608059886266,25.3466680764781,88.08950664951554,POWER_LIMIT
0.003457882954961881,4.0531250000000005,3.4784281939605304,0.7145983576404547,29.382592859030197,25.321646039295423,88.0795275005742,POWER_LIMIT
0.0034772092795062877,4.078125,3.4814743848531657,0.7145983576404547,29.382577628075733,25.29662395847812,88.06954833470446,POWER_LIMIT
0.00349651624163975,4.103125,3.4845266132356656,0.7145983576404547,29.38256236693382,25.271601833897066,88.05956914930958,POWER_LIMIT
0.0035158038718453837,4.128125,3.487584897233445,0.7145983576404547,29.38254707551383,25.246579665420892,88.0495899479229,POWER_LIMIT
0.0035350721999716428,4.153125,3.490649254893457,0.7145983576404547,29.38253175372553,25.221557452918777,88.03961073028344,POWER_LIMIT
0.0035543212552479127,4.1781250000000005,3.493719704262652,0.7145983576404547,29.382516401478686,25.196535196259898,88.02963149432064,POWER_LIMIT
0.0035735510662995157,4.203125,3.496796263544911,0.7145983576404547,29.382501018682273,25.171512895312308,88.01965224010063,POWER_LIMIT
0.003592761661162595,4.228125,3.4998789510225823,0.7145983576404547,29.382485605244884,25.146490549943486,88.00967296783548,POWER_LIMIT
0.0036119530672980133,4.253125,3.502967785056475,0.7145983576404547,29.382470161074718,25.12146816002033,87.99969367787318,POWER_LIMIT
0.0036311253116048272,4.278125,3.5060627840858665,0.7145983576404547,29.38245468607957,25.096445725409193,87.989714370688,POWER_LIMIT
0.003650278420434022,4.3031250000000005,3.509163966550032,0.7145983576404547,29.38243918016725,25.071423245976405,87.97973504490524,POWER_LIMIT
0.0036694124196014043,4.328125,3.5122713510451797,0.7145983576404547,29.382423643244774,25.046400721587176,87.96975570122795,POWER_LIMIT
0.0036885273343999093,4.353125,3.5153849562459794,0.7145983576404547,29.38240807521877,25.02137815210613,87.95977634045572,POWER_LIMIT
0.003707623189611758,4.378125,3.5185048008271043,0.7145983576404547,29.382392475995864,24.99635553739791,87.94979696151572,POWER_LIMIT
0.0037267000095204793,4.403125,3.5216309035416877,0.7145983576404547,29.38237684548229,24.971332877326578,87.93981756341985,POWER_LIMIT
0.003745757817922704,4.4281250000000005,3.524763283378264,0.7145983576404547,29.382361183583107,24.946310171754487,87.92983814916593,POWER_LIMIT
0.0037647966381384353,4.453125,3.5279019590899674,0.7145983576404547,29.38234549020455,24.921287420545713,87.91985871398738,POWER_LIMIT
0.003783816493022952,4.478125,3.531046949900726,0.7145983576404547,29.382329765250496,24.896264623560896,87.90987926294605,POWER_LIMIT
0.0038028174049761446,4.503125,3.5341982747990706,0.7145983576404547,29.382314008626004,24.8712417806624,87.89989979332762,POWER_LIMIT
0.003821799395953811,4.528125,3.537355952930464,0.7145983576404547,29.382298220235345,24.846218891711448,87.88992030440885,POWER_LIMIT
0.0038407624874771634,4.5531250000000005,3.540520003597294,0.7145983576404547,29.382282399982014,24.821195956568122,87.8799407974377,POWER_LIMIT
0.0038597067006424937,4.578125,3.5436904461019543,0.7145983576404547,29.38226654776949,24.796172975092507,87.8699612717268,POWER_LIMIT
0.003878632056130461,4.603125,3.5468672998253012,0.7145983576404547,29.382250663500873,24.77114994714411,87.85998172659468,POWER_LIMIT
0.0038975385742156575,4.628125,3.5500505843835866,0.7145983576404547,29.38223474707808,24.746126872580746,87.85000216523565,POWER_LIMIT
0.003916426274774652,4.653125,3.5532403191576654,0.7145983576404547,29.38221879840421,24.721103751261932,87.8400225830637,POWER_LIMIT
0.003935295177295801,4.6781250000000005,3.5564365239207216,0.7145983576404547,29.382202817380396,24.69608058304433,87.83004298322821,POWER_LIMIT
0.003954145300886616,4.703125,3.559639218367467,0.7145983576404547,29.382186803908162,24.671057367785192,87.82006336496181,POWER_LIMIT
0.003972976664282581,4.728125,3.562848422271089,0.7145983576404547,29.382170757888645,24.64603410534118,87.81008372745427,POWER_LIMIT
0.003991789285854711,4.753125,3.5660641554832315,0.7145983576404547,29.382154679222584,24.62101079556839,87.80010406984212,POWER_LIMIT
0.0040105831836179506,4.778125,3.5692864380909324,0.7145983576404547,29.382138567809545,24.595987438321234,87.79012439505492,POWER_LIMIT
0.004029358375237676,4.8031250000000005,3.572515290024308,0.7145983576404547,29.382122423549877,24.570964033455233,87.78014470015616,POWER_LIMIT
0.004048114878038117,4.828125,3.5757507315273287,0.7145983576404547,29.382106246342364,24.545940580823654,87.77016498790653,POWER_LIMIT
0.004066852709008584,4.853125,3.5789927826870347,0.7145983576404547,29.382090036086563,24.52091708028088,87.76018525519251,POWER_LIMIT
0.004085571884811289,4.878125000000001,3.582241463825863,0.7145983576404547,29.38207379268087,24.495893531679616,87.75020550264648,POWER_LIMIT
0.004104272421787636,4.903125,3.585496795423179,0.7145983576404547,29.382057516022883,24.470869934871402,87.74022573269883,POWER_LIMIT
0.0041229543359647515,4.9281250000000005,3.5887587978014226,0.7145983576404547,29.382041206010992,24.445846289708932,87.7302459418942,POWER_LIMIT
0.004141617643062367,4.953125,3.5920274915968866,0.7145983576404547,29.382024862542014,24.420822596042623,87.72026613239555,POWER_LIMIT
0.004160262358498399,4.978125,3.59530289744587,0.7145983576404547,29.38200848551277,24.395798853722887,87.71028630429653,POWER_LIMIT
0.004178888497395823,5.003125000000001,3.5985850359846685,0.7145983576404547,29.381992074820076,24.37077506260013,87.70030645562116,POWER_LIMIT
0.00419749607458825,5.028125,3.6018739280065075,0.7145983576404547,29.381975630359968,24.34575122252365,87.69032658614049,POWER_LIMIT
0.004216085104625774,5.0531250000000005,3.60516959454001,0.7145983576404547,29.3819591520273,24.32072733334099,87.68034669925908,POWER_LIMIT
0.004234655601780369,5.078125,3.6084720564568658,0.7145983576404547,29.381942639717714,24.29570339490088,87.67036679246404,POWER_LIMIT
0.004253207580051964,5.103125,3.6117813347856984,0.7145983576404547,29.38192609332607,24.270679407050885,87.660386864954,POWER_LIMIT
0.004271741053173561,5.128125000000001,3.6150974507905236,0.7145983576404547,29.381909512746045,24.24565536963686,87.65040691951978,POWER_LIMIT
0.0042902560346161295,5.153125,3.618420425578427,0.7145983576404547,29.381892897872106,24.220631282505824,87.6404269530229,POWER_LIMIT
0.004308752537594387,5.1781250000000005,3.6217502804918915,0.7145983576404547,29.38187624859754,24.195607145503054,87.6304469658973,POWER_LIMIT
0.0043272305750715395,5.203125,3.6250870370303288,0.7145983576404547,29.381859564814846,24.17058295847272,87.62046696022564,POWER_LIMIT
0.004345690159763804,5.228125,3.6284307166146847,0.7145983576404547,29.381842846416927,24.145558721259547,87.61048693404173,POWER_LIMIT
0.004364131304145626,5.253125000000001,3.631781340822836,0.7145983576404547,29.381826093295885,24.120534433707125,87.60050688701224,POWER_LIMIT
0.004382554020454074,5.278125,3.635138931389588,0.7145983576404547,29.38180930534305,24.095510095657897,87.59052682041688,POWER_LIMIT
0.004400958320693537,5.3031250000000005,3.63850351004975,0.7145983576404547,29.38179248244975,24.070485706954322,87.58054673335565,POWER_LIMIT
0.004419344216639899,5.328125,3.6418750986950563,0.7145983576404547,29.381775624506524,24.045461267437716,87.57056662651789,POWER_LIMIT
0.0044377117198452255,5.353125,3.6452537192172443,0.7145983576404547,29.381758731403913,24.02043677694939,87.56058649839744,POWER_LIMIT
0.004456060841641544,5.378125000000001,3.6486393937434443,0.7145983576404547,29.381741803031282,23.99541223532895,87.55060635093464,POWER_LIMIT
0.004474391593145227,5.403125,3.65203214440079,0.7145983576404547,29.381724839277993,23.970387642416004,87.54062618385072,POWER_LIMIT
0.004492703985261081,5.4281250000000005,3.655431993316413,0.7145983576404547,29.381707840033418,23.945362998050165,87.5306459946476,POWER_LIMIT
0.004510998028686051,5.453125,3.6588389628528395,0.7145983576404547,29.381690805185734,23.92033830206933,87.52066578423239,POWER_LIMIT
0.004529273733913327,5.478125,3.6622530755295246,0.7145983576404547,29.38167373462235,23.895313554310263,87.5106855550151,POWER_LIMIT
0.004547531111235468,5.503125000000001,3.6656743537874616,0.7145983576404547,29.38165662823106,23.8702887546103,87.50070530527623,POWER_LIMIT
0.004565770170749041,5.528125,3.6691028201461053,0.7145983576404547,29.381639485899267,23.845263902806206,87.49072503291437,POWER_LIMIT
0.0045839909223573845,5.5531250000000005,3.672538497438775,0.7145983576404547,29.381622307512806,23.820238998732464,87.48074474103743,POWER_LIMIT
0.004602193375774385,5.578125,3.6759814083418565,0.7145983576404547,29.38160509295829,23.7952140422247,87.47076442673307,POWER_LIMIT
0.00462037754052798,5.603125,3.6794315759240597,0.7145983576404547,29.38158784212038,23.770189033115706,87.46078409412972,POWER_LIMIT
0.004638543425963193,5.628125000000001,3.6828890229402393,0.7145983576404547,29.381570554885297,23.745163971240526,87.4508037375978,POWER_LIMIT
0.0046566910412459755,5.653125,3.686353772694499,0.7145983576404547,29.381553231136525,23.72013885643025,87.44082336223903,POWER_LIMIT
0.00467482039536571,5.6781250000000005,3.6898258481770867,0.7145983576404547,29.381535870759112,23.69511368851822,87.43084296338924,POWER_LIMIT
0.004692931497138815,5.703125,3.693305272849039,0.7145983576404547,29.381518473635754,23.670088467334384,87.4208625452093,POWER_LIMIT
0.004711024355211502,5.728125,3.696792070014463,0.7145983576404547,29.381501039649926,23.645063192709806,87.41088210580047,POWER_LIMIT
0.004729098978062858,5.753125000000001,3.7002862631343953,0.7145983576404547,29.381483568684327,23.620037864474437,87.40090164462904,POWER_LIMIT
0.0047471553740079655,5.778125,3.7037878757483362,0.7145983576404547,29.381466060621257,23.595012482457637,87.39092116065724,POWER_LIMIT
0.004765193551200471,5.8031250000000005,3.707296931631187,0.7145983576404547,29.38144851534184,23.569987046487075,87.38094065602836,POWER_LIMIT
0.004783213517635385,5.828125,3.7108134545578384,0.7145983576404547,29.38143093272721,23.544961556390415,87.37096013050062,POWER_LIMIT
0.004801215281151928,5.853125,3.714337468381654,0.7145983576404547,29.38141331265809,23.51993601199475,87.36097958329108,POWER_LIMIT
0.004819198849436214,5.878125000000001,3.717868997034464,0.7145983576404547,29.381395655014828,23.49491041312661,87.35099901306562,POWER_LIMIT
0.004837164230023786,5.903125,3.7214080646834864,0.7145983576404547,29.38137795967658,23.46988475961081,87.34101842160771,POWER_LIMIT
0.0048551114303022926,5.9281250000000005,3.7249546955744073,0.7145983576404547,29.381360226522126,23.4448590512716,87.33103781011428,POWER_LIMIT
0.004873040457513726,5.953125,3.728508913795989,0.7145983576404547,29.381342455431017,23.419833287934377,87.32105717367935,POWER_LIMIT
0.004890951318757193,5.978125,3.7320707439862364,0.7145983576404547,29.381324646280067,23.39480746942054,87.31107651781508,POWER_LIMIT
0.004908844020991139,6.003125000000001,3.735640210469306,0.7145983576404547,29.38130679894765,23.369781595553775,87.30109583823622,POWER_LIMIT
0.0049267185710355505,6.028125,3.739217337961672,0.7145983576404547,29.38128891331019,23.344755666154924,87.29111513736548,POWER_LIMIT
0.004944574975574657,6.0531250000000005,3.7428021511013476,0.7145983576404547,29.38127098924449,23.319729681045384,87.28113441331861,POWER_LIMIT
0.004962413241158751,6.078125,3.746394674761741,0.7145983576404547,29.38125302662619,23.29470364004487,87.27115366721705,POWER_LIMIT
0.004980233374206714,6.103125,3.74999493389472,0.7145983576404547,29.381235025330525,23.269677542972502,87.26117289951061,POWER_LIMIT
0.004998035381008029,6.128125000000001,3.753602953530624,0.7145983576404547,29.381216985232346,23.244651389646844,87.25119210996812,POWER_LIMIT
0.005015819267724653,6.153125,3.75721875869979,0.7145983576404547,29.3811989062065,23.219625179886467,87.24121129584742,POWER_LIMIT
0.005033585040393704,6.1781250000000005,3.760842374824878,0.7145983576404547,29.381180788125874,23.194598913507086,87.23123046098452,POWER_LIMIT
0.00505133270492888,6.203125,3.764473827171625,0.7145983576404547,29.38116263086414,23.16957259032556,87.22124960303366,POWER_LIMIT
0.00506906226712278,6.228125,3.7681131411626856,0.7145983576404547,29.381144434294185,23.144546210157614,87.21126872074194,POWER_LIMIT
0.0050867737326487136,6.253125000000001,3.7717603425345843,0.7145983576404547,29.381126198287326,23.11951977281668,87.20128781755413,POWER_LIMIT
0.0051044671070623986,6.278125,3.7754154568669165,0.7145983576404547,29.381107922715664,23.094493278117348,87.19130689071334,POWER_LIMIT
0.0051221423958045355,6.3031250000000005,3.7790785100531297,0.7145983576404547,29.381089607449734,23.069466725871923,87.18132594212831,POWER_LIMIT
0.0051397996042017715,6.328125,3.782749527908213,0.7145983576404547,29.381071252360456,23.044440115893284,87.17134496930441,POWER_LIMIT
0.005157438737469121,6.353125,3.786428536482547,0.7145983576404547,29.381052857317584,23.019413447992598,87.16136397256928,POWER_LIMIT
0.005175059800711423,6.378125000000001,3.79011556206191,0.7145983576404547,29.38103442218969,22.994386721979325,87.15138295504359,POWER_LIMIT
0.0051926627989250474,6.403125,3.793810630696683,0.7145983576404547,29.381015946846514,22.96935993766464,87.1414019118106,POWER_LIMIT
0.005210247736999751,6.4281250000000005,3.797513768908038,0.7145983576404547,29.380997431155457,22.944333094856294,87.13142084612916,POWER_LIMIT
0.005227814619720316,6.453125,3.8012250031386827,0.7145983576404547,29.380978874984304,22.919306193362623,87.12143975680127,POWER_LIMIT
0.0052453634517678925,6.478125,3.8049443600667185,0.7145983576404547,29.380960278199666,22.894279232990236,87.1114586453588,POWER_LIMIT
0.00526289423772195,6.503125000000001,3.808671866291782,0.7145983576404547,29.38094164066854,22.86925221354632,87.10147750886493,POWER_LIMIT
0.005280406982061649,6.528125,3.812407548805835,0.7145983576404547,29.38092296225597,22.844225134835234,87.09149635066584,POWER_LIMIT
0.005297901689167369,6.5531250000000005,3.8161514343654455,0.7145983576404547,29.380904242828173,22.819197996663014,87.08151516603466,POWER_LIMIT
0.0053153783633223955,6.578125,3.8199035502764342,0.7145983576404547,29.380885482248615,22.794170798831733,87.07153396006476,POWER_LIMIT
0.005332837008713944,6.603125,3.8236639235307637,0.7145983576404547,29.380866680382344,22.769143541145738,87.06155272797245,POWER_LIMIT
0.005350277629435242,6.628125000000001,3.8274325815911867,0.7145983576404547,29.38084783709204,22.744116223405957,87.05157147296066,POWER_LIMIT
0.00536770022948633,6.653125,3.8312095519204536,0.7145983576404547,29.380828952240396,22.719088845413328,87.04159019547697,POWER_LIMIT
0.005385104812775816,6.6781250000000005,3.834994861902852,0.7145983576404547,29.380810025690483,22.69406140696934,87.03160889143523,POWER_LIMIT
0.005402491383122358,6.703125,3.8387885393934615,0.7145983576404547,29.380791057303032,22.669033907872098,87.02162756466119,POWER_LIMIT
0.00541985994425538,6.728125,3.842590612090426,0.7145983576404547,29.380772046939548,22.644006347920808,87.0116462126365,POWER_LIMIT
0.005437210499817044,6.753125000000001,3.846401108005752,0.7145983576404547,29.38075299445997,22.618978726912438,87.00166483715454,POWER_LIMIT
0.005454543053363205,6.778125,3.850220055151448,0.7145983576404547,29.38073389972424,22.593951044643926,86.99168343719806,POWER_LIMIT
0.00547185760836488,6.8031250000000005,3.854047481696452,0.7145983576404547,29.380714762591516,22.568923300911084,86.98170201247675,POWER_LIMIT
0.005489154168209072,6.828125,3.857883415966631,0.7145983576404547,29.380695582920165,22.5438954955086,86.97172056340747,POWER_LIMIT
0.005506432736200478,6.853125,3.861727886366314,0.7145983576404547,29.380676360568167,22.518867628230574,86.96173908932965,POWER_LIMIT
0.005523693315562445,6.878125000000001,3.8655809214567656,0.7145983576404547,29.380657095392714,22.493839698869966,86.95175759025854,POWER_LIMIT
0.005540935909438281,6.903125,3.8694425499561778,0.7145983576404547,29.38063778725022,22.468811707218624,86.94177606686524,POWER_LIMIT
0.0055581605208920035,6.9281250000000005,3.8733128005827426,0.7145983576404547,29.380618435997086,22.443783653068362,86.93179451693939,POWER_LIMIT
0.005575367152910141,6.953125,3.877191702446976,0.7145983576404547,29.380599041487763,22.41875553620818,86.92181294417357,POWER_LIMIT
0.005592555808402007,6.978125,3.8810792845024675,0.7145983576404547,29.380579603577488,22.3937273564282,86.9118313458297,POWER_LIMIT
0.005609726490201466,7.003125000000001,3.8849755759381965,0.7145983576404547,29.380560122120308,22.36869911351684,86.9018497215233,POWER_LIMIT
0.005626879201067971,7.028125,3.888880606100077,0.7145983576404547,29.3805405969695,22.343670807261383,86.89186807144324,POWER_LIMIT
0.005644013943687148,7.0531250000000005,3.8927944045694147,0.7145983576404547,29.380521027977153,22.3186424374474,86.88188639808072,POWER_LIMIT
0.005661130720672242,7.078125,3.8967170007705887,0.7145983576404547,29.380501414996147,22.29361400386161,86.8719046974648,POWER_LIMIT
0.005678229534564936,7.103125,3.9006484245987627,0.7145983576404547,29.380481757877003,22.2685855062873,86.8619229731424,POWER_LIMIT
0.0056953103878362435,7.128125000000001,3.9045887057137136,0.7145983576404547,29.38046205647143,22.243556944509496,86.85194122043163,POWER_LIMIT
0.005712373282888082,7.153125,3.908537874324466,0.7145983576404547,29.380442310628375,22.218528318309207,86.84195944386222,POWER_LIMIT
0.005729418222053266,7.1781250000000005,3.912495960483116,0.7145983576404547,29.380422520197584,22.193499627468604,86.83197764145446,POWER_LIMIT
0.0057464452075973145,7.203125,3.9164629944771585,0.7145983576404547,29.38040268502761,22.168470871768136,86.82199581342469,POWER_LIMIT
0.0057634542417188545,7.228125,3.920439006672548,0.7145983576404547,29.380382804966636,22.143442050987694,86.81201395868533,POWER_LIMIT
0.005780445326550703,7.253125000000001,3.9244240276706375,0.7145983576404547,29.380362879861647,22.118413164905462,86.80203207830155,POWER_LIMIT
0.005797418464160941,7.278125,3.928418088151246,0.7145983576404547,29.380342909559243,22.09338421329905,86.79205017199918,POWER_LIMIT
0.005814373656553455,7.3031250000000005,3.932421218951121,0.7145983576404547,29.380322893905245,22.068355195944932,86.78206823988407,POWER_LIMIT
0.005831310905669067,7.328125,3.9364334509854704,0.7145983576404547,29.38030283274507,22.04332611261901,86.77208628069498,POWER_LIMIT
0.005848230213386229,7.353125,3.9404548154049044,0.7145983576404547,29.380282725922974,22.018296963095494,86.76210429524482,POWER_LIMIT
0.005865131581521964,7.378125000000001,3.9444853434384957,0.7145983576404547,29.380262573282806,21.993267747148003,86.75212228294389,POWER_LIMIT
0.005882015011832446,7.403125,3.9485250665507126,0.7145983576404547,29.380242374667244,21.96823846454847,86.74214024523317,POWER_LIMIT
0.005898880506014172,7.4281250000000005,3.952574016206021,0.7145983576404547,29.38022212991897,21.943209115068818,86.73215818039613,POWER_LIMIT
0.005915728065704618,7.453125,3.9566322240258147,0.7145983576404547,29.38020183887987,21.918179698479832,86.72217608699373,POWER_LIMIT
0.005932557692482875,7.478125,3.960699722023821,0.7145983576404547,29.38018150138988,21.893150214549458,86.7121939689918,POWER_LIMIT
0.005949369387870283,7.503125000000001,3.964776542056831,0.7145983576404547,29.380161117289713,21.868120663046767,86.7022118237161,POWER_LIMIT
0.005966163153331732,7.528125,3.968862716217032,0.7145983576404547,29.380140686418912,21.84309104373915,86.69222965043049,POWER_LIMIT
0.005982938990276102,7.5531250000000005,3.9729582768320055,0.7145983576404547,29.38012020861584,21.818061356392267,86.68224745030719,POWER_LIMIT
0.005999696900056788,7.578125,3.9770632563077983,0.7145983576404547,29.38009968371846,21.793031600771215,86.67226522298192,POWER_LIMIT
0.006016436883972636,7.603125,3.9811776872073903,0.7145983576404547,29.380079111563962,21.768001776639956,86.66228296824983,POWER_LIMIT
0.0060331589432685295,7.628125000000001,3.9853016022506873,0.7145983576404547,29.380058491988745,21.74297188376132,86.65230068604563,POWER_LIMIT
0.006049863079136386,7.653125,3.989435034392991,0.7145983576404547,29.380037824828033,21.717941921896422,86.64231837812584,POWER_LIMIT
0.006066549292715155,7.6781250000000005,3.993578016432675,0.7145983576404547,29.380017109917834,21.692911890807512,86.63233603953985,POWER_LIMIT
0.006083217585092544,7.703125,3.9977305817958317,0.7145983576404547,29.37999634709102,21.667881790252306,86.62235367562866,POWER_LIMIT
0.006099867957304502,7.728125,4.001892763673158,0.7145983576404547,29.379975536181632,21.642851619990203,86.61237128329068,POWER_LIMIT
0.00611650041033685,7.753125000000001,4.00606459556921,0.7145983576404547,29.379954677022152,21.617821379778356,86.6023888628692,POWER_LIMIT
0.006133114945125247,7.778125,4.010246111145477,0.7145983576404547,29.37993376944427,21.592791069372755,86.59240641472888,POWER_LIMIT
0.006149711562556226,7.8031250000000005,4.014437344141912,0.7145983576404547,29.37991281327929,21.567760688528825,86.582423937546,POWER_LIMIT
0.006166290263467566,7.828125,4.018638328612328,0.7145983576404547,29.379891808356938,21.542730236999727,86.57244143336284,POWER_LIMIT
0.006182851048648982,7.853125,4.022849098610532,0.7145983576404547,29.379870754506946,21.517699714538615,86.56245890080378,POWER_LIMIT
0.006199393918842812,7.878125000000001,4.027069688347272,0.7145983576404547,29.379849651558263,21.492669120897514,86.55247633844378,POWER_LIMIT
0.00621591887474445,7.903125,4.031300132347152,0.7145983576404547,29.379828499338263,21.467638455826158,86.5424937481528,POWER_LIMIT
0.0062324259170030245,7.9281250000000005,4.0355404652132325,0.7145983576404547,29.37980729767393,21.44260771907372,86.5325111300156,POWER_LIMIT
0.006248915046221826,7.953125,4.0397907217055185,0.7145983576404547,29.37978604639147,21.417576910388245,86.52252848400077,POWER_LIMIT
0.006265386262958963,7.978125,4.044050936584002,0.7145983576404547,29.37976474531708,21.392546029517767,86.5125458065877,POWER_LIMIT
0.006281839567728111,8.003125,4.04832114515794,0.7145983576404547,29.379743394274207,21.36751507620633,86.50256310248717,POWER_LIMIT
0.0062982749609987515,8.028125000000001,4.052601382501184,0.7145983576404547,29.379721993087493,21.342484050199708,86.4925803678488,POWER_LIMIT
0.006314692443196829,8.053125,4.056891684158389,0.7145983576404547,29.379700541579208,21.31745295124025,86.48259760532427,POWER_LIMIT
0.006331092014705394,8.078125,4.061192085674197,0.7145983576404547,29.379679039571627,21.292421779070295,86.47261481399718,POWER_LIMIT
0.0063474736758646,8.103125,4.065502622750186,0.7145983576404547,29.37965748688625,21.267390533431062,86.46263199271645,POWER_LIMIT
0.0063638374269728995,8.128125,4.069823331323329,0.7145983576404547,29.379635883343383,21.242359214062052,86.45264914174084,POWER_LIMIT
0.006380183268287277,8.153125000000001,4.074154247487536,0.7145983576404547,29.37961422876256,21.217327820701634,86.44266626104704,POWER_LIMIT
0.006396511200023713,8.178125,4.07849540757209,0.7145983576404547,29.379592522962138,21.19229635308647,86.43268335196991,POWER_LIMIT
0.006412821222357495,8.203125,4.082846847906303,0.7145983576404547,29.379570765760466,21.16726481095322,86.42270041219837,POWER_LIMIT
0.0064291133354239935,8.228125,4.087208605133325,0.7145983576404547,29.379548956974332,21.142233194036272,86.41271744240048,POWER_LIMIT
0.006445387539318882,8.253125,4.091580716053246,0.7145983576404547,29.379527096419732,21.117201502068866,86.4027344428756,POWER_LIMIT
0.00646164383409891,8.278125000000001,4.095963217623085,0.7145983576404547,29.379505183911885,21.092169734783127,86.39275141353455,POWER_LIMIT
0.00647788221978196,8.303125,4.100356146956784,0.7145983576404547,29.379483219265214,21.067137891910015,86.38276835387941,POWER_LIMIT
0.006494102696347967,8.328125,4.104759541325226,0.7145983576404547,29.379461202293374,21.04210597317938,86.37278526298458,POWER_LIMIT
0.006510305263738899,8.353125,4.109173438313148,0.7145983576404547,29.379439132808432,21.01707397831877,86.36280214276992,POWER_LIMIT
0.0065264899218593535,8.378125,4.11359787558375,0.7145983576404547,29.37941701062208,20.99204190705518,86.35281899302724,POWER_LIMIT
0.006542656670577158,8.403125000000001,4.118032890878702,0.7145983576404547,29.379394835545604,20.967009759115037,86.34283581141045,POWER_LIMIT
0.006558805509723653,8.428125,4.122478522331997,0.7145983576404547,29.379372607388337,20.94197753422192,86.33285259998907,POWER_LIMIT
0.0065749364390940545,8.453125,4.126934808077628,0.7145983576404547,29.37935032595961,20.916945232099405,86.32286935700442,POWER_LIMIT
0.006591049458447885,8.478125,4.131401786563444,0.7145983576404547,29.379327991067182,20.8919128524688,86.31288608341737,POWER_LIMIT
0.00660714456750957,8.503125,4.13587949631577,0.7145983576404547,29.37930560251842,20.86688039505084,86.30290277796428,POWER_LIMIT
0.006623221765968705,8.528125000000001,4.140367976174778,0.7145983576404547,29.379283160119126,20.841847859563977,86.29291944204553,POWER_LIMIT
0.006639281053480184,8.553125,4.144867265137577,0.7145983576404547,29.379260663674312,20.81681524572555,86.28293607642469,POWER_LIMIT
0.006655322429664942,8.578125,4.149377402201276,0.7145983576404547,29.379238112988993,20.791782553252872,86.27295267795022,POWER_LIMIT
0.006671345894110294,8.603125,4.153898426755308,0.7145983576404547,29.37921550786622,20.76674978186042,86.26296924769113,POWER_LIMIT
0.0066873514463701425,8.628125,4.158430378346033,0.7145983576404547,29.379192848108268,20.741716931261543,86.25298578601225,POWER_LIMIT
0.0067033390859654735,8.653125000000001,4.162973296676748,0.7145983576404547,29.379170133516613,20.71668400116844,86.24300229255462,POWER_LIMIT
0.006719308812384706,8.678125,4.167527221686136,0.7145983576404547,29.37914736389157,20.691650991291617,86.23301876783673,POWER_LIMIT
0.006735260625083964,8.703125,4.172092193469821,0.7145983576404547,29.37912453903265,20.66661790134042,86.22303521160602,POWER_LIMIT
0.006751194523487499,8.728125,4.17666825220188,0.7145983576404547,29.37910165873899,20.64158473102365,86.21305162120156,POWER_LIMIT
0.006767110506988189,8.753125,4.181255438605655,0.7145983576404547,29.37907872280697,20.616551480046116,86.20306800123629,POWER_LIMIT
0.006783008574947429,8.778125000000001,4.185853793169086,0.7145983576404547,29.379055731034153,20.59151814811434,86.19308434739447,POWER_LIMIT
0.00679888872669608,8.803125,4.190463356850911,0.7145983576404547,29.379032683215744,20.566484734931414,86.18310066096372,POWER_LIMIT
0.006814750961534362,8.828125,4.195084170766785,0.7145983576404547,29.379009579146164,20.541451240199308,86.17311694233787,POWER_LIMIT
0.006830595278732279,8.853125,4.199716276267775,0.7145983576404547,29.37898641861866,20.516417663618284,86.16313319260539,POWER_LIMIT
0.006846421677529882,8.878125,4.204359714704934,0.7145983576404547,29.378963201426473,20.491384004888605,86.1531494087027,POWER_LIMIT
0.006862230157137921,8.903125000000001,4.209014527821644,0.7145983576404547,29.37893992736089,20.46635026370768,86.14316559143197,POWER_LIMIT
0.0068780207167376635,8.928125,4.213680757596684,0.7145983576404547,29.378916596212015,20.441316439771235,86.1331817422088,POWER_LIMIT
0.006893793355481611,8.953125,4.218358446087299,0.7145983576404547,29.37889320776956,20.41628253277439,86.12319785983344,POWER_LIMIT
0.0069095480724936246,8.978125,4.223047635586125,0.7145983576404547,29.378869761822067,20.391248542410594,86.11321394367609,POWER_LIMIT
0.00692528486686927,9.003125,4.227748368621196,0.7145983576404547,29.378846258156894,20.366214468371567,86.10322999364729,POWER_LIMIT
0.0069410037376760195,9.028125000000001,4.232460687955944,0.7145983576404547,29.37882269656022,20.34118031034734,86.09324601016861,POWER_LIMIT
0.006956704683953743,9.053125,4.237184636589184,0.7145983576404547,29.378799076817053,20.31614606802622,86.08326199414246,POWER_LIMIT
0.0069723877047146885,9.078125,4.24192025759821,0.7145983576404547,29.37877539871201,20.291111741095957,86.07327794374382,POWER_LIMIT
0.0069880527989441285,9.103125,4.246667594374166,0.7145983576404547,29.37875166202813,20.266077329242023,86.06329385917306,POWER_LIMIT
0.007003699965600337,9.128125,4.251426690543601,0.7145983576404547,29.37872786654728,20.24104283214819,86.05330974103106,POWER_LIMIT
0.007019329203615092,9.153125000000001,4.256197589889981,0.7145983576404547,29.378704012050548,20.21600824949708,86.04332558870544,POWER_LIMIT
0.007034940511893808,9.178125,4.260980336510643,0.7145983576404547,29.378680098317446,20.190973580969043,86.03334140351498,POWER_LIMIT
0.007050533889315809,9.203125,4.265774974502925,0.7145983576404547,29.378656125127485,20.165938826244442,86.02335718235044,POWER_LIMIT
0.007066109334734691,9.228125,4.270581548434942,0.7145983576404547,29.378632092257824,20.140903985000215,86.0133729271417,POWER_LIMIT
0.007081666846978525,9.253125,4.275400102953288,0.7145983576404547,29.378607999485233,20.115869056912725,86.00338863691952,POWER_LIMIT
0.0070972064248501455,9.278125000000001,4.280230683018408,0.7145983576404547,29.378583846584906,20.090834041656073,85.99340431252705,POWER_LIMIT
0.00711272806712722,9.303125,4.285073333669214,0.7145983576404547,29.37855963333165,20.065798938903797,85.98341995186466,POWER_LIMIT
0.007128231772562891,9.328125,4.289928100415413,0.7145983576404547,29.37853535949792,20.040763748326,85.97343555773023,POWER_LIMIT
0.007143717539885496,9.353125,4.294795028766707,0.7145983576404547,29.378511024856167,20.0157284695928,85.96345112835141,POWER_LIMIT
0.007159185367799355,9.378125,4.299674164468195,0.7145983576404547,29.378486629177658,19.990693102372614,85.95346666208408,POWER_LIMIT
0.007174635254984782,9.403125000000001,4.304565553735765,0.7145983576404547,29.37846217223132,19.965657646330428,85.94348216207504,POWER_LIMIT
0.007190067200098085,9.428125,4.3094692427068395,0.7145983576404547,29.378437653786463,19.940622101131815,85.93349762526779,POWER_LIMIT
0.00720548120177209,9.453125,4.314385277989631,0.7145983576404547,29.37841307361005,19.91558646643892,85.92351305333362,POWER_LIMIT
0.007220877258616425,9.478125,4.319313706349282,0.7145983576404547,29.378388431468252,19.89055074191276,85.91352844637967,POWER_LIMIT
0.007236255369217473,9.503125,4.324254574707872,0.7145983576404547,29.37836372712646,19.865514927213223,85.9035438029293,POWER_LIMIT
0.007251615532138679,9.528125000000001,4.329207930301333,0.7145983576404547,29.378338960348493,19.8404790219979,85.89355912301055,POWER_LIMIT
0.007266957745921124,9.553125,4.334173820600988,0.7145983576404547,29.378314130896992,19.81544302592269,85.88357440656455,POWER_LIMIT
0.00728228200908328,9.578125,4.339152293392026,0.7145983576404547,29.37828923853304,19.79040693864122,85.87358965496651,POWER_LIMIT
0.007297588320121388,9.603125,4.344143396538106,0.7145983576404547,29.37826428301731,19.76537075980653,85.8636048663409,POWER_LIMIT
0.007312876677509627,9.628125,4.349147178216736,0.7145983576404547,29.378239264108913,19.740334489069408,85.85362004019073,POWER_LIMIT
0.0073281470797005675,9.653125000000001,4.354163686997758,0.7145983576404547,29.37821418156501,19.715298126077784,85.84363517890283,POWER_LIMIT
0.007343399525125073,9.678125000000001,4.359192971372547,0.7145983576404547,29.378189035143137,19.690261670480165,85.8336502784434,POWER_LIMIT
0.007358634012192757,9.703125,4.364235080460194,0.7145983576404547,29.3781638245977,19.665225121920496,85.82366534223253,POWER_LIMIT
0.007373850539291821,9.728125,4.3692900633797915,0.7145983576404547,29.3781385496831,19.64018848004273,85.81368036875696,POWER_LIMIT
0.00738904910478972,9.753125,4.374357969564294,0.7145983576404547,29.378113210152176,19.615151744488543,85.8036953577164,POWER_LIMIT
0.007404229707033013,9.778125000000001,4.379438848760515,0.7145983576404547,29.378087805756195,19.59011491489735,85.79371030998423,POWER_LIMIT
0.00741939234434776,9.803125000000001,4.3845327508722,0.7145983576404547,29.378062336245637,19.565077990907398,85.78372522450235,POWER_LIMIT
0.00743453701503951,9.828125,4.389639726038485,0.7145983576404547,29.378036801369806,19.540040972155253,85.77374009979236,POWER_LIMIT
0.007449663717393778,9.853125,4.3947598248693005,0.7145983576404547,29.37801120087565,19.515003858274063,85.76375493851225,POWER_LIMIT
0.0074647724496759,9.878125,4.399893097974575,0.7145983576404547,29.377985534510124,19.489966648896967,85.75376973823641,POWER_LIMIT
0.007479863210131449,9.903125000000001,4.405039596435026,0.7145983576404547,29.377959802017823,19.464929343653708,85.74378450060463,POWER_LIMIT
0.007494935996986169,9.928125000000001,4.410199371409835,0.7145983576404547,29.37793400314295,19.43989194217344,85.73379922364842,POWER_LIMIT
0.0075099908084467985,9.953125,4.415372474528983,0.7145983576404547,29.377908137627355,19.414854444081918,85.723813909386,POWER_LIMIT
0.007525027642700271,9.978125,4.420558957500907,0.7145983576404547,29.377882205212494,19.389816849004326,85.71382855616808,POWER_LIMIT
0.007540046497914747,10.003125,4.425758872347899,0.7145983576404547,29.37785620563826,19.36477915656357,85.70384316321889,POWER_LIMIT
0.007555047372239363,10.028125000000001,4.4309722714845865,0.7145983576404547,29.377830138642576,19.33974136637972,85.69385773211197,POWER_LIMIT
0.0075700302638043275,10.053125000000001,4.43619920740406,0.7145983576404547,29.37780400396298,19.31470347807226,85.68387226066861,POWER_LIMIT
0.007584995170721418,10.078125,4.441439733070199,0.7145983576404547,29.37777780133465,19.289665491257285,85.67388675050319,POWER_LIMIT
0.007599942091083945,10.103125,4.446693901682272,0.7145983576404547,29.377751530491587,19.264627405549163,85.66390120243663,POWER_LIMIT
0.007614871022966864,10.128125,4.451961766518027,0.7145983576404547,29.377725191167407,19.239589220561697,85.65391561345304,POWER_LIMIT
0.00762978196442708,10.153125000000001,4.457243381325984,0.7145983576404547,29.37769878309337,19.2145509359053,85.64392998421489,POWER_LIMIT
0.007644674913503561,10.178125000000001,4.462538800168534,0.7145983576404547,29.377672305999155,19.189512551188074,85.63394431599785,POWER_LIMIT
0.007659549868217454,10.203125,4.467848077265,0.7145983576404547,29.377645759613674,19.16447406601701,85.62395860764906,POWER_LIMIT
0.00767440682657228,10.228125,4.473171267148556,0.7145983576404547,29.377619143664255,19.139435479996813,85.61397285856538,POWER_LIMIT
0.007689245786554053,10.253125,4.478508424666245,0.7145983576404547,29.377592457876666,19.114396792729913,85.60398706865436,POWER_LIMIT
0.007704066746131612,10.278125000000001,4.483859605057429,0.7145983576404547,29.37756570197471,19.089358003815903,85.59400123978985,POWER_LIMIT
0.007718869703256296,10.303125000000001,4.489224863561473,0.7145983576404547,29.37753887568219,19.06431911285437,85.58401536829605,POWER_LIMIT
0.007733654655862739,10.328125,4.494604256045459,0.7145983576404547,29.37751197871977,19.03928011944035,85.57402945687829,POWER_LIMIT
0.007748421601868495,10.353125,4.499997838533403,0.7145983576404547,29.37748501080733,19.01424102316774,85.564043505608,POWER_LIMIT
0.007763170539174378,10.378125,4.505405667206251,0.7145983576404547,29.37745797166397,18.98920182362932,85.55405751190281,POWER_LIMIT
0.007777901465664813,10.403125000000001,4.510827798715729,0.7145983576404547,29.37743086100642,18.96416252041442,85.54407147644831,POWER_LIMIT
0.007792614379207477,10.428125000000001,4.516264290027445,0.7145983576404547,29.37740367854986,18.939123113110124,85.53408540017267,POWER_LIMIT
0.0078073092776539755,10.453125,4.5217151983423705,0.7145983576404547,29.377376424008286,18.914083601301805,85.52409928272456,POWER_LIMIT
0.00782198615883957,10.478125,4.527180581096905,0.7145983576404547,29.377349097094513,18.88904398457312,85.51411312244474,POWER_LIMIT
0.007836645020583528,10.503125,4.532660496198218,0.7145983576404547,29.377321697519008,18.864004262504324,85.50412692076816,POWER_LIMIT
0.007851285860689316,10.528125000000001,4.538155001710413,0.7145983576404547,29.377294224991445,18.838964434674523,85.49414067626276,POWER_LIMIT
0.007865908676944458,10.553125000000001,4.543664156089912,0.7145983576404547,29.37726667921955,18.813924500659994,85.4841543890306,POWER_LIMIT
0.007880513467120907,10.578125,4.5491880181854825,0.7145983576404547,29.377239059909073,18.78888446003416,85.47416806065881,POWER_LIMIT
0.007895100228975183,10.603125,4.5547266470028,0.7145983576404547,29.377211366764985,18.7638443123693,85.4641816897604,POWER_LIMIT
0.00790966896024826,10.628125,4.560280101861412,0.7145983576404547,29.377183599490692,18.738804057235438,85.45419527489067,POWER_LIMIT
0.007924219658666,10.653125000000001,4.565848442551653,0.7145983576404547,29.37715575778724,18.713763694199166,85.44420881743893,POWER_LIMIT
0.007938752321938945,10.678125000000001,4.571431729020784,0.7145983576404547,29.377127841354895,18.688723222825956,85.43422231571414,POWER_LIMIT
0.00795326694776289,10.703125,4.5770300217653315,0.7145983576404547,29.37709984989117,18.663682642677276,85.42423577223441,POWER_LIMIT
0.007967763533818546,10.728125,4.5826433813602705,0.7145983576404547,29.377071783093196,18.63864195331405,85.4142491848985,POWER_LIMIT
0.007982242077771887,10.753125,4.588271868772916,0.7145983576404547,29.377043640656133,18.613601154294336,85.40426255280778,POWER_LIMIT
0.007996702577274195,10.778125000000001,4.593915545441366,0.7145983576404547,29.37701542227279,18.5885602451728,85.3942758776727,POWER_LIMIT
0.00801114502996241,10.803125000000001,4.5995744729606525,0.7145983576404547,29.376987127635196,18.563519225502954,85.38428915793769,POWER_LIMIT
0.00802556943345882,10.828125,4.605248713396593,0.7145983576404547,29.376958756433016,18.538478094834907,85.37430239456938,POWER_LIMIT
0.008039975785371493,10.853125,4.610938329050402,0.7145983576404547,29.376930308354748,18.513436852717057,85.36431558664732,POWER_LIMIT
0.008054364083294395,10.878125,4.616643382615619,0.7145983576404547,29.37690178308692,18.488395498694953,85.35432873423045,POWER_LIMIT
0.00806873432480735,10.903125000000001,4.622363937021181,0.7145983576404547,29.37687318031489,18.463354032312452,85.34434183541568,POWER_LIMIT
0.008083086507476172,10.928125000000001,4.628100055823737,0.7145983576404547,29.376844499720878,18.438312453108846,85.33435489352856,POWER_LIMIT
0.00809742062885287,10.953125,4.633851802579947,0.7145983576404547,29.376815740987098,18.41327076062345,85.32436790550761,POWER_LIMIT
0.008111736686475683,10.978125,4.639619241395719,0.7145983576404547,29.37678690379302,18.388228954391565,85.314380871985,POWER_LIMIT
0.008126034677869237,11.003125,4.645402436769286,0.7145983576404547,29.376757987816152,18.363187033945675,85.3043937943414,POWER_LIMIT
0.008140314600544518,11.028125000000001,4.65120145327735,0.7145983576404547,29.37672899273361,18.338144998817675,85.29440666891155,POWER_LIMIT
0.00815457645199923,11.053125000000001,4.657016356202796,0.7145983576404547,29.376699918218986,18.313102848534363,85.28441949844854,POWER_LIMIT
0.008168820229717667,11.078125,4.662847210985438,0.7145983576404547,29.37667076394507,18.28806058262138,85.27443228200883,POWER_LIMIT
0.008183045931170894,11.103125,4.668694083535879,0.7145983576404547,29.37664152958232,18.263018200600968,85.26444502065381,POWER_LIMIT
0.00819725355381681,11.128125,4.674557039843188,0.7145983576404547,29.376612214800783,18.237975701994785,85.25445771024873,POWER_LIMIT
0.008211443095100409,11.153125000000001,4.680436146681091,0.7145983576404547,29.37658281926659,18.212933086318813,85.24447035429057,POWER_LIMIT
0.00822561455245362,11.178125000000001,4.686331470980232,0.7145983576404547,29.376553342645096,18.1878903530879,85.23448295241359,POWER_LIMIT
0.008239767923295626,11.203125,4.69224307990666,0.7145983576404547,29.376523784600465,18.162847501815186,85.22449550179228,POWER_LIMIT
0.008253903205032788,11.228125,4.698171041254133,0.7145983576404547,29.37649414479373,18.13780453200925,85.21450800421383,POWER_LIMIT
0.008268020395058914,11.253125,4.704115423130286,0.7145983576404547,29.376464422884347,18.112761443176392,85.20452046032565,POWER_LIMIT
0.0082821194907552,11.278125000000001,4.710076293878133,0.7145983576404547,29.37643461853061,18.08771823482123,85.19453286817871,POWER_LIMIT
0.0082962004894904,11.303125000000001,4.716053722311484,0.7145983576404547,29.37640473138844,18.062674906444958,85.18454522744197,POWER_LIMIT
0.008310263388621002,11.328125,4.722047777714939,0.7145983576404547,29.376374761111425,18.03763145754535,85.1745575393431,POWER_LIMIT
0.008324308185491116,11.353125,4.728058529608493,0.7145983576404547,29.376344707351954,18.012587887618473,85.16456980237714,POWER_LIMIT
0.008338334877432562,11.378125,4.734086048061398,0.7145983576404547,29.376314569759693,17.987544196156428,85.15458201791192,POWER_LIMIT
0.008352343461765298,11.403125000000001,4.7401304033782985,0.7145983576404547,29.376284347983106,17.962500382649594,85.14459418449167,POWER_LIMIT
0.00836633393579704,11.428125000000001,4.74619166633463,0.7145983576404547,29.376254041668325,17.937456446584946,85.13460630202185,POWER_LIMIT
0.00838030629682378,11.453125,4.752269908098151,0.7145983576404547,29.376223650459508,17.912412387446615,85.12461837030712,POWER_LIMIT
0.008394260542129587,11.478125,4.758365200228949,0.7145983576404547,29.376193173998853,17.887368204715877,85.1146303890018,POWER_LIMIT
0.008408196668986774,11.503125,4.764477614757894,0.7145983576404547,29.37616261192621,17.862323897870617,85.10464235895952,POWER_LIMIT
0.008422114674655977,11.528125000000001,4.770607224029726,0.7145983576404547,29.37613196387985,17.837279466386427,85.0946542793802,POWER_LIMIT
0.008436014556386214,11.553125000000001,4.776754100781508,0.7145983576404547,29.37610122949609,17.812234909736055,85.08466614916523,POWER_LIMIT
0.008449896311415012,11.578125,4.7829183182210855,0.7145983576404547,29.376070408408893,17.78719022738885,85.07467796826121,POWER_LIMIT
0.008463759936968622,11.603125,4.789099950027101,0.7145983576404547,29.376039500249863,17.762145418810732,85.06468973760057,POWER_LIMIT
0.008477605430261695,11.628125,4.795299070270515,0.7145983576404547,29.376008504648645,17.737100483464793,85.05470145765342,POWER_LIMIT
0.008491432788497734,11.653125000000001,4.801515753257695,0.7145983576404547,29.37597742123371,17.712055420812412,85.04471312560415,POWER_LIMIT
0.008505242008869082,11.678125000000001,4.8077500739227155,0.7145983576404547,29.375946249630385,17.687010230310406,85.03472474224668,POWER_LIMIT
0.008519033088556983,11.703125,4.814002107591989,0.7145983576404547,29.37591498946204,17.66196491141277,85.02473630775684,POWER_LIMIT
0.008532806024731594,11.728125,4.820271930062702,0.7145983576404547,29.375883640349684,17.636919463570067,85.01474782302333,POWER_LIMIT
0.008546560814552049,11.753125,4.8265596173674545,0.7145983576404547,29.375852201913162,17.611873886231173,85.0047592854518,POWER_LIMIT
0.008560297455166723,11.778125000000001,4.832865246245017,0.7145983576404547,29.375820673768775,17.586828178839824,84.99477069719754,POWER_LIMIT
0.008574015943712975,11.803125000000001,4.839188893591091,0.7145983576404547,29.375789055532042,17.561782340838633,84.98478205545047,POWER_LIMIT
0.00858771627731776,11.828125,4.845530637007576,0.7145983576404547,29.37575734681496,17.536736371665093,84.97479336202828,POWER_LIMIT
0.008601398453097053,11.853125,4.851890554410216,0.7145983576404547,29.375725547227947,17.511690270754414,84.96480461643063,POWER_LIMIT
0.008615062468156251,11.878125,4.858268724185555,0.7145983576404547,29.37569365637907,17.486644037538397,84.9548158185386,POWER_LIMIT
0.008628708319590409,11.903125000000001,4.864665225033994,0.7145983576404547,29.375661673874827,17.461597671446576,84.94482696582072,POWER_LIMIT
0.008642336004484026,11.928125000000001,4.871080136440584,0.7145983576404547,29.375629599317797,17.436551171902785,84.93483806148545,POWER_LIMIT
0.008655945519911147,11.953125,4.877513538047301,0.7145983576404547,29.37559743230976,17.411504538329726,84.92484910347527,POWER_LIMIT
0.008669536862935548,11.978125,4.883965510045384,0.7145983576404547,29.37556517244977,17.386457770146123,84.91486009125423,POWER_LIMIT
0.008683110030610739,12.003125,4.890436133175324,0.7145983576404547,29.375532819334122,17.361410866766715,84.90487102573867,POWER_LIMIT
0.008696665019980015,12.028125000000001,4.896925488491473,0.7145983576404547,29.375500372557543,17.33636382760396,84.89488190515542,POWER_LIMIT
0.008710201828076629,12.053125000000001,4.903433657675901,0.7145983576404547,29.375467831711617,17.311316652065777,84.88489273042462,POWER_LIMIT
0.008723720451923699,12.078125,4.909960722803005,0.7145983576404547,29.375435196385983,17.28626933955724,84.87490350101989,POWER_LIMIT
0.008737220888534458,12.103125,4.916506766496434,0.7145983576404547,29.375402466167518,17.261221889479437,84.86491421762202,POWER_LIMIT
0.00875070313491201,12.128125,4.923071871693699,0.7145983576404547,29.37536964064153,17.236174301231166,84.85492487800094,POWER_LIMIT
0.008764167188049708,12.153125000000001,4.929656122038496,0.7145983576404547,29.375336719389807,17.21112657420614,84.84493548371475,POWER_LIMIT
0.008777613044931042,12.178125000000001,4.936259601566853,0.7145983576404547,29.375303701992163,17.186078707795204,84.83494603463772,POWER_LIMIT
0.008791040702529755,12.203125,4.942882394628638,0.7145983576404547,29.375270588026854,17.161030701386938,84.82495652756705,POWER_LIMIT
0.008804450157810027,12.228125,4.949524586515324,0.7145983576404547,29.37523737706742,17.135982554363082,84.81496696691774,POWER_LIMIT
0.008817841407726177,12.253125,4.956186262518369,0.7145983576404547,29.375204068687406,17.1109342661054,84.8049773485264,POWER_LIMIT
0.008831214449223239,12.278125000000001,4.962867508713879,0.7145983576404547,29.37517066245643,17.08588583598995,84.7949876730292,POWER_LIMIT
0.008844569279236627,12.303125000000001,4.969568411727227,0.7145983576404547,29.375137157941364,17.060837263388805,84.7849979417558,POWER_LIMIT
0.0088579058946921,12.328125,4.976289058497633,0.7145983576404547,29.37510355470751,17.035788547671785,84.77500815265839,POWER_LIMIT
0.008871224292506294,12.353125,4.983029536670516,0.7145983576404547,29.375069852316646,17.01073968820357,84.76501830693181,POWER_LIMIT
0.008884524469586322,12.378125,4.989789934283605,0.7145983576404547,29.375036050328582,16.985690684346004,84.75502840360448,POWER_LIMIT
0.008897806422830131,12.403125000000001,4.996570339923897,0.7145983576404547,29.37500214830038,16.96064153545695,84.7450384421455,POWER_LIMIT
0.00891107014912643,12.428125000000001,5.0033708427276355,0.7145983576404547,29.37496814578636,16.935592240890298,84.7350484223949,POWER_LIMIT
0.008924315645354643,12.453125,5.010191532380324,0.7145983576404547,29.374934042338097,16.910542799995937,84.7250583444947,POWER_LIMIT
0.008937542908385283,12.478125,5.017032499038249,0.7145983576404547,29.374899837504806,16.88549321212036,84.7150682074976,POWER_LIMIT
0.008950751935079606,12.503125,5.023893833485431,0.7145983576404547,29.374865530832572,16.860443476605496,84.70507801194802,POWER_LIMIT
0.008963942722289847,12.528125000000001,5.030775626976665,0.7145983576404547,29.374831121865114,16.835393592789877,84.69508775716642,POWER_LIMIT
0.008977115266859428,12.553125000000001,5.037677971394471,0.7145983576404547,29.374796610143026,16.810343560007478,84.68509744382258,POWER_LIMIT
0.008990269565622629,12.578125,5.044600959013705,0.7145983576404547,29.37476199520493,16.78529337758943,84.67510706991402,POWER_LIMIT
0.009003405615405127,12.603125,5.051544682815388,0.7145983576404547,29.374727276585922,16.76024304486174,84.6651166359649,POWER_LIMIT
0.009016523413023702,12.628125,5.058509236329815,0.7145983576404547,29.374692453818348,16.735192561146434,84.65512614231726,POWER_LIMIT
0.009029622955286372,12.653125000000001,5.065494713558055,0.7145983576404547,29.37465752643221,16.710141925762144,84.64513558775295,POWER_LIMIT
0.009042704238992371,12.678125000000001,5.072501209207378,0.7145983576404547,29.37462249395396,16.685091138022358,84.6351449733537,POWER_LIMIT
0.009055767260932367,12.703125,5.0795288183773675,0.7145983576404547,29.374587355908112,16.660040197237734,84.62515429719443,POWER_LIMIT
0.009068812017888322,12.728125,5.086577636873795,0.7145983576404547,29.37455211181563,16.63498910271381,84.61516355950334,POWER_LIMIT
0.009081838506633709,12.753125,5.093647761051686,0.7145983576404547,29.37451676119474,16.609937853752136,84.60517275997222,POWER_LIMIT
0.009094846723933495,12.778125000000001,5.100739287972255,0.7145983576404547,29.374481303560138,16.584886449649147,84.59518190028409,POWER_LIMIT
0.009107836666544083,12.803125000000001,5.107852314932108,0.7145983576404547,29.374445738425337,16.559834889699577,84.58519097624547,POWER_LIMIT
0.009120808331213577,12.828125,5.114986940247897,0.7145983576404547,29.374410065298758,16.534783173190764,84.57519999070145,POWER_LIMIT
0.009133761714681688,12.853125,5.122143262628599,0.7145983576404547,29.374374283686855,16.509731299407193,84.56520894306706,POWER_LIMIT
0.00914669681367961,12.878125,5.129321381332451,0.7145983576404547,29.374338393093335,16.48467926762938,84.55521783185915,POWER_LIMIT
0.009159613624930372,12.903125000000001,5.1365213963238645,0.7145983576404547,29.37430239301838,16.459627077132716,84.54522665720383,POWER_LIMIT
0.009172512145148866,12.928125000000001,5.143743408194975,0.7145983576404547,29.374266282959024,16.434574727188032,84.53523541946117,POWER_LIMIT
0.009185392371041578,12.953125,5.1509875180087175,0.7145983576404547,29.374230062409953,16.409522217062772,84.52524411657707,POWER_LIMIT
0.009198254299306947,12.978125,5.15825382769113,0.7145983576404547,29.374193730861542,16.384469546018096,84.51525275043659,POWER_LIMIT
0.009211097926635357,13.003125,5.165542439639044,0.7145983576404547,29.374157287801804,16.359416713311774,84.50526132035225,POWER_LIMIT
0.009223923249708978,13.028125000000001,5.172853456877013,0.7145983576404547,29.374120732715614,16.334363718197004,84.49526982556182,POWER_LIMIT
0.00923673026520198,13.053125000000001,5.180186982978844,0.7145983576404547,29.374084065085103,16.309310559923023,84.48527826387264,POWER_LIMIT
0.009249518969780593,13.078125,5.187543122538392,0.7145983576404547,29.374047284387306,16.284257237731662,84.4752866392409,POWER_LIMIT
0.009262289360103001,13.103125,5.194921980306438,0.7145983576404547,29.374010390098466,16.25920375086362,84.46529494764229,POWER_LIMIT
0.009275041432819679,13.128125,5.2023236619753455,0.7145983576404547,29.37397338169012,16.234150098552764,84.45530318976043,POWER_LIMIT
0.009287775184572999,13.153125000000001,5.209748273865195,0.7145983576404547,29.37393625863067,16.20909628002842,84.4453113657928,POWER_LIMIT
0.00930049061199756,13.178125000000001,5.217195922923791,0.7145983576404547,29.37389902038538,16.184042294515358,84.43531947537171,POWER_LIMIT
0.009313187711720254,13.203125,5.224666716726656,0.7145983576404547,29.373861666416364,16.158988141233795,84.42532751748494,POWER_LIMIT
0.009325866480360222,13.228125,5.232160763712429,0.7145983576404547,29.373824196181438,16.133933819397704,84.41533549418567,POWER_LIMIT
0.009338526914528664,13.253125,5.239678172633603,0.7145983576404547,29.37378660913683,16.108879328218762,84.40534340165651,POWER_LIMIT
0.009351169010829396,13.278125000000001,5.247219053262729,0.7145983576404547,29.373748904733684,16.08382466690128,84.39535124150146,POWER_LIMIT
0.009363792765858353,13.303125000000001,5.2547835159215985,0.7145983576404547,29.37371108242039,16.058769834645556,84.38535901307448,POWER_LIMIT
0.009376398176204018,13.328125,5.262371671716664,0.7145983576404547,29.373673141641415,16.033714830646236,84.3753667171761,POWER_LIMIT
0.009388985238447245,13.353125,5.269983632225159,0.7145983576404547,29.373635081838874,16.008659654094515,84.36537435094138,POWER_LIMIT
0.009401553949161335,13.378125,5.277619510044371,0.7145983576404547,29.373596902449776,15.983604304174222,84.35538191653905,POWER_LIMIT
0.009414104304912158,13.403125000000001,5.2852794183208385,0.7145983576404547,29.373558602908396,15.958548780065195,84.34538941354771,POWER_LIMIT
0.00942663630225798,13.428125000000001,5.2929634707503475,0.7145983576404547,29.373520182646246,15.93349308094329,84.33539683888624,POWER_LIMIT
0.009439149937749759,13.453125,5.300671782127209,0.7145983576404547,29.373481641089363,15.908437205976405,84.32540419546174,POWER_LIMIT
0.009451645207931028,13.478125,5.30840446763805,0.7145983576404547,29.37344297766181,15.883381154329589,84.3154114808412,POWER_LIMIT
0.009464122109337999,13.503125,5.3161616434110766,0.7145983576404547,29.373404191782942,15.85832492516106,84.30541869589106,POWER_LIMIT
0.009476580638499417,13.528125000000001,5.32394342620222,0.7145983576404547,29.37336528286899,15.833268517624505,84.29542583970155,POWER_LIMIT
0.009489020791936876,13.553125000000001,5.331749933552059,0.7145983576404547,29.373326250332237,15.808211930867905,84.28543291198183,POWER_LIMIT
0.009501442566164623,13.578125,5.3395812837073535,0.7145983576404547,29.37328709358146,15.783155164034131,84.27543991172571,POWER_LIMIT
0.009513845957689653,13.603125,5.347437595777983,0.7145983576404547,29.37324781202111,15.758098216259798,84.26544683958961,POWER_LIMIT
0.009526230963011913,13.628125,5.355318989580015,0.7145983576404547,29.373208405052097,15.73304108667639,84.25545369532067,POWER_LIMIT
0.009538597578623971,13.653125000000001,5.363225585714158,0.7145983576404547,29.373168872071428,15.707983774409728,84.2454604788971,POWER_LIMIT
0.009550945801011379,13.678125000000001,5.371157505408851,0.7145983576404547,29.373129212472953,15.682926278581053,84.23546718797432,POWER_LIMIT
0.009563275626652554,13.703125,5.3791148709125665,0.7145983576404547,29.373089425645436,15.657868598304233,84.2254738239332,POWER_LIMIT
0.0095755870520189,13.728125,5.387097805179977,0.7145983576404547,29.3730495109741,15.632810732688013,84.21548038685758,POWER_LIMIT
0.00958788007357458,13.753125,5.395106431793463,0.7145983576404547,29.37300946784103,15.60775268083658,84.2054868742231,POWER_LIMIT
0.00960015468777694,13.778125000000001,5.403140875433916,0.7145983576404547,29.37296929562283,15.58269444184617,84.19549328813594,POWER_LIMIT
0.009612410891076298,13.803125000000001,5.411201261253018,0.7145983576404547,29.372928993693733,15.557636014809596,84.18549962545306,POWER_LIMIT
0.009624648679915958,13.828125,5.419287715579433,0.7145983576404547,29.3728885614221,15.53257739881115,84.175505888664,POWER_LIMIT
0.009636868050732349,13.853125,5.427400365291074,0.7145983576404547,29.372847998173544,15.507518592931126,84.16551207603251,POWER_LIMIT
0.00964906899995492,13.878125,5.4355393382074375,0.7145983576404547,29.37280730330896,15.482459596243007,84.15551818758611,POWER_LIMIT
0.009661251524006225,13.903125000000001,5.4437047628542,0.7145983576404547,29.372766476185728,15.457400407815163,84.14552422136785,POWER_LIMIT
0.009673415619302118,13.928125000000001,5.451896768855551,0.7145983576404547,29.37272551615572,15.43234102670798,84.13553017938621,POWER_LIMIT
0.009685561282251553,13.953125,5.460115486463399,0.7145983576404547,29.37268442256768,15.407281451977312,84.12553606024161,POWER_LIMIT
0.009697688509256635,13.978125,5.468361046792774,0.7145983576404547,29.372643194766034,15.382221682672748,84.11554186265886,POWER_LIMIT
0.009709797296712758,14.003125,5.47663358197874,0.7145983576404547,29.372601832090105,15.357161717836483,84.1055475877816,POWER_LIMIT
0.009721887641008472,14.028125000000001,5.4849332248625515,0.7145983576404547,29.372560333875686,15.3321015565056,84.0955532342444,POWER_LIMIT
0.009733959538525823,14.053125000000001,5.493260109305513,0.7145983576404547,29.372518699453472,15.30704119770978,84.08555880287521,POWER_LIMIT
0.00974601298563994,14.078125,5.501614369875105,0.7145983576404547,29.372476928150622,15.281980640473588,84.07556429178265,POWER_LIMIT
0.009758047978719417,14.103125,5.509996142080395,0.7145983576404547,29.372435019289597,15.256919883814765,84.06556969984902,POWER_LIMIT
0.009770064514126233,14.128125,5.5184055626074215,0.7145983576404547,29.37239297218696,15.231858926742522,84.05557503018744,POWER_LIMIT
0.009782062588215597,14.153125000000001,5.5268427685345465,0.7145983576404547,29.372350786157327,15.20679776826322,84.04558027809286,POWER_LIMIT
0.00979404219733629,14.178125000000001,5.535307898352512,0.7145983576404547,29.372308460508236,15.181736407372988,84.0355854464376,POWER_LIMIT
0.009806003337830384,14.203125,5.543801091179768,0.7145983576404547,29.3722659945441,15.156674843063403,84.02559053363183,POWER_LIMIT
0.009817946006033513,14.228125,5.5523224871548145,0.7145983576404547,29.372223387564226,15.131613074318649,84.01559553946522,POWER_LIMIT
0.009829870198274677,14.253125,5.560872227279271,0.7145983576404547,29.372180638863604,15.106551100116647,84.00560046261377,POWER_LIMIT
0.009841775910876547,14.278125000000001,5.569450453653259,0.7145983576404547,29.37213774773173,15.081488919427366,83.99560530407135,POWER_LIMIT
0.009853663140155119,14.303125000000001,5.578057309161556,0.7145983576404547,29.372094713454192,15.056426531215084,83.98561006229828,POWER_LIMIT
0.009865531882420071,14.328125,5.586692937787447,0.7145983576404547,29.372051535311062,15.031363934436111,83.97561473782716,POWER_LIMIT
0.009877382133974615,14.353125,5.595357484377331,0.7145983576404547,29.372008212578113,15.006301128040503,83.96561932960141,POWER_LIMIT
0.009889213891115545,14.378125,5.604051094797654,0.7145983576404547,29.37196474452601,14.981238110970928,83.95562383721096,POWER_LIMIT
0.009901027150133206,14.403125000000001,5.612773915934907,0.7145983576404547,29.371921130420326,14.956174882162648,83.94562826076334,POWER_LIMIT
0.009912821907311627,14.428125000000001,5.621526095617163,0.7145983576404547,29.37187736952191,14.931111440544107,83.93563259958667,POWER_LIMIT
0.009924598158928526,14.453125,5.63030778261407,0.7145983576404547,29.37183346108693,14.906047785036936,83.92563685211067,POWER_LIMIT
0.009936355901255217,14.478125,5.639119126872252,0.7145983576404547,29.371789404365636,14.880983914554209,83.91564101924097,POWER_LIMIT
0.00994809513055674,14.503125,5.647960279279925,0.7145983576404547,29.3717451986036,14.85591982800219,83.90564510072342,POWER_LIMIT
0.009959815843091887,14.528125000000001,5.656831391666863,0.7145983576404547,29.371700843041666,14.830855524280322,83.89564909502484,POWER_LIMIT
0.009971518035113125,14.553125000000001,5.665732617039833,0.7145983576404547,29.3716563369148,14.805791002279502,83.88565300268985,POWER_LIMIT
0.009983201702866687,14.578125,5.674664109347177,0.7145983576404547,29.371611679453263,14.780726260883817,83.87565682272269,POWER_LIMIT
0.00999486684259254,14.603125,5.683626023635741,0.7145983576404547,29.37156686988182,14.75566129896938,83.86566055477714,POWER_LIMIT
0.010006513450524558,14.628125,5.692618515972429,0.7145983576404547,29.371521907420135,14.730596115404914,83.85566419786555,POWER_LIMIT
0.010018141522890272,14.653125000000001,5.70164174367957,0.7145983576404547,29.3714767912816,14.70553070905005,83.8456677536816,POWER_LIMIT
0.010029751055911045,14.678125000000001,5.71069586478569,0.7145983576404547,29.37143152067607,14.68046507875928,83.83567121840134,POWER_LIMIT
0.010041342045802223,14.703125,5.719781038810144,0.7145983576404547,29.37138609480595,14.655399223376314,83.82567459406074,POWER_LIMIT
0.010052914488772907,14.728125,5.728897426213869,0.7145983576404547,29.37134051286893,14.630333141738012,83.81567788035437,POWER_LIMIT
0.010064468381026101,14.753125,5.738045188399385,0.7145983576404547,29.371294774058,14.605266832674427,83.80568107451661,POWER_LIMIT
0.010076003718758718,14.778125000000001,5.747224488181569,0.7145983576404547,29.37124887755909,14.58020029500537,83.79568417804701,POWER_LIMIT
0.01008752049816153,14.803125000000001,5.756435489395367,0.7145983576404547,29.371202822553023,14.555133527543262,83.7856871908384,POWER_LIMIT
0.010099018715419293,14.828125,5.765678356817279,0.7145983576404547,29.371156608215912,14.53006652909368,83.7756901099106,POWER_LIMIT
0.010110498366710735,14.853125,5.774953256714658,0.7145983576404547,29.371110233716426,14.504999298451414,83.76569293723583,POWER_LIMIT
0.010121959448208408,14.878125,5.7842603562964285,0.7145983576404547,29.371063698218517,14.479931834404425,83.75569567162015,POWER_LIMIT
0.01013340195607899,14.903125000000001,5.793599823948497,0.7145983576404547,29.371017000880258,14.454864135732139,83.74569831197716,POWER_LIMIT
0.010144825886483059,14.928125000000001,5.802971829312204,0.7145983576404547,29.370970140853437,14.429796201204876,83.73570085830815,POWER_LIMIT
0.010156231235575193,14.953125,5.812376543205865,0.7145983576404547,29.37092311728397,14.40472802958444,83.72570331041663,POWER_LIMIT
0.01016761799950411,14.978125,5.821814137624768,0.7145983576404547,29.370875929311875,14.379659619624094,83.71570566775955,POWER_LIMIT
0.010178986174412378,15.003125,5.83128478574119,0.7145983576404547,29.370828576071293,14.354590970068564,83.70570792929868,POWER_LIMIT
0.010190335756436778,15.028125000000001,5.840788661982836,0.7145983576404547,29.370781056690085,14.329522079653485,83.69571009447279,POWER_LIMIT
0.010201666741708068,15.053125000000001,5.8503259420328515,0.7145983576404547,29.370733370289834,14.304452947105393,83.68571216303896,POWER_LIMIT
0.010212979126351123,15.078125,5.859896802829825,0.7145983576404547,29.370685515985848,14.279383571141711,83.67571413491405,POWER_LIMIT
0.010224272906484953,15.103125,5.869501422489318,0.7145983576404547,29.370637492887553,14.254313950471351,83.66571600890093,POWER_LIMIT
0.010235548078222589,15.128125,5.879139980460803,0.7145983576404547,29.370589300097695,14.229244083793532,83.6557177847659,POWER_LIMIT
0.010246804637671194,15.153125000000001,5.888812657449185,0.7145983576404547,29.370540936712754,14.204173969798388,83.64571946195898,POWER_LIMIT
0.010258042580932086,15.178125000000001,5.89851963549328,0.7145983576404547,29.37049240182253,14.179103607166383,83.63572104056449,POWER_LIMIT
0.010269261904100758,15.203125,5.90826109780887,0.7145983576404547,29.370443694510953,14.154032994569448,83.62572251891785,POWER_LIMIT
0.010280462603266781,15.228125,5.918037229024117,0.7145983576404547,29.37039481385488,14.128962130669274,83.61572389677268,POWER_LIMIT
0.010291644674513984,15.253125,5.927848215179553,0.7145983576404547,29.3703457589241,14.103891014117313,83.60572517512225,POWER_LIMIT
0.010302808113920302,15.278125000000001,5.9376942433357485,0.7145983576404547,29.37029652878332,14.078819643557628,83.59572635051438,POWER_LIMIT
0.010313952917557906,15.303125000000001,5.947575502279507,0.7145983576404547,29.3702471224886,14.053748017621764,83.5857274248164,POWER_LIMIT
0.010325079081493145,15.328125,5.95749218197461,0.7145983576404547,29.370197539090125,14.028676134932745,83.57572839731561,POWER_LIMIT
0.010336186601786613,15.353125,5.9674444736402705,0.7145983576404547,29.370147777631797,14.003603994104479,83.5657292656656,POWER_LIMIT
0.010347275474493121,15.378125,5.977432570143478,0.7145983576404547,29.37009783714928,13.97853159373894,83.55573003119476,POWER_LIMIT
0.010358345695661759,15.403125000000001,5.987456665606656,0.7145983576404547,29.370047716671966,13.953458932429,83.54573069324074,POWER_LIMIT
0.01036939726133572,15.428125000000001,5.9975169554861285,0.7145983576404547,29.369997415222567,13.928386008757858,83.53573125008101,POWER_LIMIT
0.010380430167552612,15.453125,6.007613636807534,0.7145983576404547,29.36994693181596,13.903312821297348,83.52573170202697,POWER_LIMIT
0.010391444410344253,15.478125,6.017746907851935,0.7145983576404547,29.36989626546074,13.878239368610194,83.51573204688297,POWER_LIMIT
0.010402439985736757,15.503125,6.027916968626629,0.7145983576404547,29.369845415156867,13.853165649246609,83.50573228628916,POWER_LIMIT
0.010413416889750482,15.528125000000001,6.038124020394363,0.7145983576404547,29.36979437989803,13.828091661747708,83.49573241901385,POWER_LIMIT
0.010424375118400135,15.553125000000001,6.048368265908708,0.7145983576404547,29.369743158670456,13.803017404643796,83.48573244403312,POWER_LIMIT
0.010435314667694696,15.578125,6.058649909492539,0.7145983576404547,29.369691750452535,13.777942876453807,83.47573236142023,POWER_LIMIT
0.010446235533637433,15.603125,6.068969156802636,0.7145983576404547,29.369640154215986,13.752868075687003,83.46573216892004,POWER_LIMIT
0.010457137712226046,15.628125,6.079326215300474,0.7145983576404547,29.369588368923495,13.727793000839565,83.45573186822233,POWER_LIMIT
0.010468021199452417,15.653125000000001,6.089721293702972,0.7145983576404547,29.369536393531483,13.702717650398577,83.44573145723177,POWER_LIMIT
0.010478885991302872,15.678125000000001,6.100154602374804,0.7145983576404547,29.369484226988124,13.677642022839173,83.43573093525741,POWER_LIMIT
0.010489732083758087,15.703125,6.110626353328417,0.7145983576404547,29.369431868233356,13.652566116624548,83.42573030280457,POWER_LIMIT
0.010500559472792985,15.728125,6.121136759988627,0.7145983576404547,29.369379316200057,13.627489930207657,83.41572955816893,POWER_LIMIT
0.010511368154376971,15.753125,6.131686037506482,0.7145983576404547,29.369326569812465,13.602413462028935,83.40572870151303,POWER_LIMIT
0.010522158124473806,15.778125000000001,6.142274402523862,0.7145983576404547,29.36927362798738,13.577336710518027,83.39572773146242,POWER_LIMIT
0.01053292937904158,15.803125000000001,6.152902073408875,0.7145983576404547,29.369220489632955,13.552259674092053,83.38572664809647,POWER_LIMIT
0.010543681914032751,15.828125,6.163569270098932,0.7145983576404547,29.369167153649503,13.527182351156757,83.37572545061441,POWER_LIMIT
0.01055441572539421,15.853125,6.174276214179216,0.7145983576404547,29.369113618929102,13.502104740105944,83.36572413819256,POWER_LIMIT
0.010565130809067251,15.878125,6.18502312888266,0.7145983576404547,29.369059884355586,13.477026839321475,83.3557227097757,POWER_LIMIT
0.010575827160987561,15.903125000000001,6.195810239246905,0.7145983576404547,29.369005948803764,13.451948647172125,83.3457211659726,POWER_LIMIT
0.010586504777085223,15.928125000000001,6.20663777180042,0.7145983576404547,29.368951811140995,13.426870162015867,83.3357195046277,POWER_LIMIT
0.010597163653284744,15.953125,6.21750595495484,0.7145983576404547,29.368897470225225,13.401791382197025,83.32571772587245,POWER_LIMIT
0.010607803785505049,15.978125,6.228415018769557,0.7145983576404547,29.36884292490615,13.376712306047969,83.31571582874872,POWER_LIMIT
0.010618425169659504,16.003125,6.239365195108665,0.7145983576404547,29.368788174024456,13.351632931887995,83.30571381308862,POWER_LIMIT
0.010629027801655856,16.028125,6.250356717562488,0.7145983576404547,29.368733216412185,13.326553258023889,83.29571167824388,POWER_LIMIT
0.010639611677396278,16.053125,6.26138982144758,0.7145983576404547,29.36867805089276,13.301473282749914,83.28570942286723,POWER_LIMIT
0.010650176792777485,16.078125,6.27246474388518,0.7145983576404547,29.368622676280573,13.276393004347266,83.27570704573208,POWER_LIMIT
0.010660723143690544,16.103125000000002,6.283581724036631,0.7145983576404547,29.368567091379816,13.251312421082332,83.26570454861255,POWER_LIMIT
0.010671250726020994,16.128125,6.294741002475639,0.7145983576404547,29.36851129498762,13.226231531211287,83.25570192775184,POWER_LIMIT
0.010681759535648783,16.153125,6.305942822051399,0.7145983576404547,29.36845528588974,13.201150332973793,83.24569918503752,POWER_LIMIT
0.01069224956844837,16.178125,6.317187427103935,0.7145983576404547,29.36839906286448,13.176068824598708,83.23569631741108,POWER_LIMIT
0.010702720820288704,16.203125,6.3284750641702985,0.7145983576404547,29.368342624679148,13.150987004298976,83.22569332593372,POWER_LIMIT
0.010713173287033077,16.228125000000002,6.339805981592233,0.7145983576404547,29.36828597009204,13.12590487027444,83.21569021037652,POWER_LIMIT
0.010723606964539329,16.253125,6.351180429437706,0.7145983576404547,29.36822909785281,13.10082242071245,83.20568696796764,POWER_LIMIT
0.010734021848659733,16.278125,6.362598659971718,0.7145983576404547,29.36817200670014,13.075739653784414,83.19568359930777,POWER_LIMIT
0.010744417935241035,16.303125,6.374060927263953,0.7145983576404547,29.36811469536368,13.050656567648673,83.18568010299009,POWER_LIMIT
0.010754795220124463,16.328125,6.38556748742419,0.7145983576404547,29.368057162562877,13.025573160448769,83.17567647842681,POWER_LIMIT
0.010765153699145732,16.353125000000002,6.397118598602299,0.7145983576404547,29.367999407006987,13.000489430313458,83.16567272559082,POWER_LIMIT
0.010775493368134952,16.378125,6.408714520831312,0.7145983576404547,29.36794142739584,12.975405375357855,83.15566884272855,POWER_LIMIT
0.010785814222916792,16.403125,6.420355516341269,0.7145983576404547,29.367883222418293,12.950320993681139,83.14566483017084,POWER_LIMIT
0.010796116259310342,16.428125,6.432041849245387,0.7145983576404547,29.367824790753772,12.925236283368836,83.13566068601325,POWER_LIMIT
0.010806399473129225,16.453125,6.443773785932356,0.7145983576404547,29.367766131070336,12.900151242489994,83.12565641091973,POWER_LIMIT
0.010816663860181461,16.478125000000002,6.455551594674034,0.7145983576404547,29.36770724202663,12.875065869099988,83.11565200280165,POWER_LIMIT
0.010826909416269626,16.503125,6.467375545939296,0.7145983576404547,29.367648122270303,12.849980161238292,83.10564746059762,POWER_LIMIT
0.010837136137190744,16.528125,6.4792459124725035,0.7145983576404547,29.367588770437635,12.824894116927865,83.09564278499752,POWER_LIMIT
0.01084734401873632,16.553125,6.491162968979632,0.7145983576404547,29.3675291851551,12.799807734177456,83.0856379741518,POWER_LIMIT
0.010857533056692277,16.578125,6.503126992442162,0.7145983576404547,29.36746936503779,12.774721010979327,83.0756330274177,POWER_LIMIT
0.010867703246839113,16.603125000000002,6.51513826203858,0.7145983576404547,29.367409308689805,12.749633945309796,83.06562794407374,POWER_LIMIT
0.010877854584951805,16.628125,6.52719705914439,0.7145983576404547,29.367349014704278,12.724546535129274,83.05562272304174,POWER_LIMIT
0.010887987066799687,16.653125,6.539303667489063,0.7145983576404547,29.367288481662552,12.6994587783811,83.04561736459371,POWER_LIMIT
0.01089810068814668,16.678125,6.551458372920614,0.7145983576404547,29.367227708135395,12.674370672993252,83.03561186708112,POWER_LIMIT
0.010908195444751086,16.703125,6.563661463562537,0.7145983576404547,29.367166692682186,12.649282216877225,83.02560622864395,POWER_LIMIT
0.010918271332365788,16.728125000000002,6.575913230049215,0.7145983576404547,29.36710543384975,12.624193407926299,83.01560044988264,POWER_LIMIT
0.01092832834673803,16.753125,6.588213965290517,0.7145983576404547,29.367043930173548,12.599104244017287,83.00559453058571,POWER_LIMIT
0.010938366483609548,16.778125,6.6005639643148655,0.7145983576404547,29.366982180178425,12.574014723011611,82.995588467475,POWER_LIMIT
0.010948385738716667,16.803125,6.612963524896955,0.7145983576404547,29.366920182375512,12.5489248427508,82.9855822617843,POWER_LIMIT
0.010958386107790012,16.828125,6.625412947008501,0.7145983576404547,29.366857935264957,12.523834601060472,82.97557591205909,POWER_LIMIT
0.010968367586554686,16.853125000000002,6.637912533132102,0.7145983576404547,29.36679543733434,12.498743995748022,82.9655694177854,POWER_LIMIT
0.010978330170730329,16.878125,6.650462588025842,0.7145983576404547,29.36673268705987,12.473653024604367,82.95556277614673,POWER_LIMIT
0.010988273856031034,16.903125,6.6630634192725395,0.7145983576404547,29.366669682903638,12.448561685399941,82.94555598854606,POWER_LIMIT
0.010998198638165249,16.928125,6.675715336730507,0.7145983576404547,29.366606423316345,12.423469975888676,82.93554905345101,POWER_LIMIT
0.01100810451283592,16.953125,6.688418652847391,0.7145983576404547,29.366542906735763,12.398377893805758,82.92554196998118,POWER_LIMIT
0.01101799147574046,16.978125000000002,6.701173682581729,0.7145983576404547,29.36647913158709,12.373285436868148,82.9155347366126,POWER_LIMIT
0.011027859522570654,17.003125,6.713980743559862,0.7145983576404547,29.3664150962822,12.348192602773484,82.9055273527895,POWER_LIMIT
0.011037708649012786,17.028125,6.726840155997481,0.7145983576404547,29.36635079922001,12.323099389200625,82.8955198176228,POWER_LIMIT
0.011047538850747555,17.053125,6.739752242778081,0.7145983576404547,29.36628623878611,12.2980057938091,82.88551213052273,POWER_LIMIT
0.01105735012345003,17.078125,6.752717329374507,0.7145983576404547,29.366221413353127,12.27291181423967,82.87550428990134,POWER_LIMIT
0.011067142462789765,17.103125000000002,6.765735744005882,0.7145983576404547,29.36615632127997,12.247817448113175,82.86549629475822,POWER_LIMIT
0.011076915864430695,17.128125,6.778807817716057,0.7145983576404547,29.366090960911418,12.222722693029993,82.85548814528718,POWER_LIMIT
0.011086670324031099,17.153125,6.791933884059777,0.7145983576404547,29.3660253305797,12.1976275465723,82.84547983870532,POWER_LIMIT
0.01109640583724379,17.178125,6.805114279651917,0.7145983576404547,29.365959428601737,12.17253200630008,82.83547137559268,POWER_LIMIT
0.011106122399715833,17.203125,6.818349343775157,0.7145983576404547,29.365893253281122,12.147436069754,82.82546275475787,POWER_LIMIT
0.011115820007088736,17.228125000000002,6.831639418536923,0.7145983576404547,29.365826802907314,12.12233973445423,82.81545397479393,POWER_LIMIT
0.011125498654998432,17.253125,6.844984848947853,0.7145983576404547,29.365760075755258,12.097242997899897,82.8054450346653,POWER_LIMIT
0.011135158339075123,17.278125,6.858385982921773,0.7145983576404547,29.36569307008539,12.072145857569101,82.79543593333906,POWER_LIMIT
0.011144799054943467,17.303125,6.87184317135419,0.7145983576404547,29.365625784143226,12.047048310918314,82.78542667035804,POWER_LIMIT
0.011154420798222476,17.328125,6.885356768043817,0.7145983576404547,29.36555821615978,12.021950355382966,82.77541724452287,POWER_LIMIT
0.011164023564525428,17.353125000000002,6.898927129692568,0.7145983576404547,29.365490364351537,11.996851988377443,82.76540765352338,POWER_LIMIT
0.01117360734946003,17.378125,6.912554616297891,0.7145983576404547,29.365422226918508,11.971753207292249,82.75539789824711,POWER_LIMIT
0.011183172148628236,17.403125,6.926239590681977,0.7145983576404547,29.365353802046588,11.946654009497408,82.74538797676053,POWER_LIMIT
0.011192717957626372,17.428125,6.939982418805602,0.7145983576404547,29.36528508790597,11.921554392340187,82.73537788767561,POWER_LIMIT
0.011202244772045135,17.453125,6.953783469846623,0.7145983576404547,29.365216082650765,11.896454353144541,82.72536763068142,POWER_LIMIT
0.011211752587469388,17.478125000000002,6.967643115964565,0.7145983576404547,29.365146784420176,11.871353889212813,82.71535720335282,POWER_LIMIT
0.011221241399478386,17.503125,6.981561732771411,0.7145983576404547,29.36507719133614,11.846252997822319,82.70534660632491,POWER_LIMIT
0.011230711203645676,17.528125,6.995539698939268,0.7145983576404547,29.3650073015053,11.821151676228187,82.69533583823676,POWER_LIMIT
0.01124016199553898,17.553125,7.009577396278866,0.7145983576404547,29.364937113018605,11.7960499216628,82.68532489626465,POWER_LIMIT
0.011249593770720448,17.578125,7.023675210210307,0.7145983576404547,29.36486662394895,11.770947731332381,82.67531378124049,POWER_LIMIT
0.011259006524746278,17.603125000000002,7.0378335292138345,0.7145983576404547,29.36479583235393,11.745845102420958,82.66530249077033,POWER_LIMIT
0.01126840025316709,17.628125,7.052052745379084,0.7145983576404547,29.364724736273104,11.720742032086417,82.65529102525504,POWER_LIMIT
0.011277774951527552,17.653125,7.066333253934285,0.7145983576404547,29.364653333730327,11.69563851746387,82.64527938194962,POWER_LIMIT
0.011287130615366753,17.678125,7.080675453717069,0.7145983576404547,29.364581622731414,11.670534555662279,82.63526756003473,POWER_LIMIT
0.011296467240217857,17.703125,7.095079747095982,0.7145983576404547,29.36450960126452,11.645430143765015,82.6252555592482,POWER_LIMIT
0.011305784821608248,17.728125000000002,7.109546539735099,0.7145983576404547,29.364437267301323,11.620325278831547,82.61524337671312,POWER_LIMIT
0.011315083355059504,17.753125,7.124076241221752,0.7145983576404547,29.36436461879389,11.595219957892922,82.60523101376526,POWER_LIMIT
0.011324362836087357,17.778125,7.138669264281878,0.7145983576404547,29.36429165367859,11.570114177957421,82.59521846641664,POWER_LIMIT
0.011333623260201708,17.803125,7.153326025721578,0.7145983576404547,29.36421836987139,11.54500793600376,82.58520573577785,POWER_LIMIT
0.01134286462290658,17.828125,7.1680469457209615,0.7145983576404547,29.364144765271394,11.519901228986196,82.57519281944165,POWER_LIMIT
0.011352086919700117,17.853125000000002,7.182832448226453,0.7145983576404547,29.364070837758867,11.494794053831672,82.56517971554263,POWER_LIMIT
0.011361290146074598,17.878125,7.197682961186194,0.7145983576404547,29.363996585194066,11.46968640743815,82.55516642496646,POWER_LIMIT
0.011370474297516399,17.903125,7.2125989160007915,0.7145983576404547,29.363922005419994,11.444578286678546,82.54515294458388,POWER_LIMIT
0.01137963936950597,17.928125,7.22758074815102,0.7145983576404547,29.363847096259242,11.419469688396198,82.53513927394648,POWER_LIMIT
0.01138878535751782,17.953125,7.242628896883984,0.7145983576404547,29.36377185551558,11.394360609407169,82.52512541120896,POWER_LIMIT
0.01139791225702052,17.978125000000002,7.257743805526966,0.7145983576404547,29.363696280972363,11.369251046497904,82.51511135620113,POWER_LIMIT
0.011407020063476679,18.003125,7.272925921173565,0.7145983576404547,29.36362037039413,11.344140996427594,82.50509710636597,POWER_LIMIT
0.011416108772342904,18.028125,7.288175695076037,0.7145983576404547,29.36354412152462,11.319030455925251,82.49508266069985,POWER_LIMIT
0.011425178379069895,18.053125,7.303493582566798,0.7145983576404547,29.363467532087164,11.293919421690319,82.48506801834176,POWER_LIMIT
0.011434228879102212,18.078125,7.318880043058469,0.7145983576404547,29.363390599784708,11.268807890392683,82.47505317805481,POWER_LIMIT
0.011443260267878463,18.103125000000002,7.334335540043831,0.7145983576404547,29.363313322299778,11.243695858672623,82.46503813770626,POWER_LIMIT
0.011452272540831155,18.128125,7.349860541409717,0.7145983576404547,29.36323569729295,11.2185833231386,82.45502289725349,POWER_LIMIT
0.01146126569338678,18.153125,7.365455519044669,0.7145983576404547,29.363157722404775,11.193470280370043,82.44500745381401,POWER_LIMIT
0.011470239720965746,18.178125,7.381120949309734,0.7145983576404547,29.36307939525345,11.16835672691397,82.434991806389,POWER_LIMIT
0.011479194618982363,18.203125,7.396857312960011,0.7145983576404547,29.3630007134352,11.143242659285551,82.42497595442428,POWER_LIMIT
0.01148813038284473,18.228125000000002,7.412665095066155,0.7145983576404547,29.362921674524667,11.11812807396867,82.41495989638265,POWER_LIMIT
0.011497047007954887,18.253125,7.4285447850928765,0.7145983576404547,29.362842276074534,11.093012967415362,82.40494363006104,POWER_LIMIT
0.011505944489708698,18.278125,7.444496877134318,0.7145983576404547,29.362762515614328,11.067897336044108,82.3949271546236,POWER_LIMIT
0.011514822823495835,18.303125,7.460521869757123,0.7145983576404547,29.362682390651212,11.042781176240954,82.38491046828793,POWER_LIMIT
0.01152368200469982,18.328125,7.476620266157374,0.7145983576404547,29.36260189866921,11.017664484358413,82.37489356947644,POWER_LIMIT
0.01153252202869785,18.353125000000002,7.492792574239052,0.7145983576404547,29.362521037128804,10.99254725671485,82.3648764570849,POWER_LIMIT
0.011541342890860973,18.378125,7.509039306614044,0.7145983576404547,29.362439803466927,10.967429489594519,82.35485912988324,POWER_LIMIT
0.011550144586553906,18.403125,7.525360980602125,0.7145983576404547,29.362358195096988,10.942311179247543,82.34484158591589,POWER_LIMIT
0.011558927111135125,18.428125,7.541758118387911,0.7145983576404547,29.36227620940806,10.917192321888773,82.33482382360683,POWER_LIMIT
0.011567690459956783,18.453125,7.558231247020849,0.7145983576404547,29.362193843764896,10.892072913697813,82.32480584114023,POWER_LIMIT
0.011576434628364716,18.478125000000002,7.574780898650603,0.7145983576404547,29.362111095506744,10.866952950817279,82.31478763838552,POWER_LIMIT
0.011585159611698355,18.503125,7.591407610213208,0.7145983576404547,29.362027961948932,10.841832429355112,82.30476921286275,POWER_LIMIT
0.011593865405290744,18.528125,7.608111923744929,0.7145983576404547,29.361944440381272,10.816711345382267,82.29475056250988,POWER_LIMIT
0.011602552004468617,18.553125,7.624894386460708,0.7145983576404547,29.361860528067695,10.791589694932163,82.28473168587549,POWER_LIMIT
0.011611219404552191,18.578125,7.641755550832654,0.7145983576404547,29.361776222245837,10.766467474000123,82.27471258229967,POWER_LIMIT
0.011619867600855243,18.603125000000002,7.658695974433098,0.7145983576404547,29.361691520127835,10.741344678544483,82.264693249567,POWER_LIMIT
0.011628496588685094,18.628125,7.675716220169987,0.7145983576404547,29.36160641889915,10.716221304484922,82.2546736857661,POWER_LIMIT
0.011637106363342574,18.653125,7.692816856443827,0.7145983576404547,29.36152091571778,10.691097347701284,82.24465389027833,POWER_LIMIT
0.011645696920121915,18.678125,7.709998456833809,0.7145983576404547,29.36143500771583,10.665972804035892,82.2346338597481,POWER_LIMIT
0.011654268254310898,18.703125,7.72726160072553,0.7145983576404547,29.361348691996373,10.640847669288977,82.22461359406647,POWER_LIMIT
0.011662820361190623,18.728125000000002,7.744606872918686,0.7145983576404547,29.361261965635403,10.615721939221508,82.21459309148857,POWER_LIMIT
0.01167135323603559,18.753125,7.762034863705514,0.7145983576404547,29.36117482568147,10.590595609554676,82.20457234876994,POWER_LIMIT
0.011679866874113707,18.778125,7.779546169420048,0.7145983576404547,29.361087269152897,10.565468675965839,82.19455136623755,POWER_LIMIT
0.011688361270686154,18.803125,7.797141391810422,0.7145983576404547,29.360999293040948,10.54034113409313,82.18453014043955,POWER_LIMIT
0.011696836421007462,18.828125,7.814821138666575,0.7145983576404547,29.360910894306667,10.515212979530887,82.17450867001912,POWER_LIMIT
0.011705292320325416,18.853125000000002,7.832586023741779,0.7145983576404547,29.36082206988129,10.490084207830211,82.16448695412527,POWER_LIMIT
0.011713728963881054,18.878125,7.850436666595714,0.7145983576404547,29.36073281666702,10.464954814500128,82.15446499001915,POWER_LIMIT
0.011722146346908584,18.903125,7.868373692908342,0.7145983576404547,29.360643131535458,10.439824795005293,82.14444277559188,POWER_LIMIT
0.011730544464635447,18.928125,7.886397734636814,0.7145983576404547,29.360553011326814,10.414694144764855,82.13442031020885,POWER_LIMIT
0.011738923312282204,18.953125,7.904509429780097,0.7145983576404547,29.3604624528511,10.389562859154182,82.1243975914773,POWER_LIMIT
0.011747282885062518,18.978125000000002,7.92270942269281,0.7145983576404547,29.360371452886536,10.364430933502554,82.11437461770952,POWER_LIMIT
0.011755623178183176,19.003125,7.94099836400679,0.7145983576404547,29.360280008179963,10.339298363093764,82.10435138630567,POWER_LIMIT
0.011763944186843997,19.028125,7.959376910944918,0.7145983576404547,29.360188115445276,10.314165143163827,82.09432789617105,POWER_LIMIT
0.011772245906237806,19.053125,7.977845727164214,0.7145983576404547,29.36009577136418,10.289031268902104,82.08430414526964,POWER_LIMIT
0.011780528331550405,19.078125,7.996405482912754,0.7145983576404547,29.360002972585434,10.2638967354502,82.0742801314043,POWER_LIMIT
0.011788791457960577,19.103125000000002,8.015056855108153,0.7145983576404547,29.35990971572446,10.238761537901365,82.06425585217403,POWER_LIMIT
0.011797035280640009,19.128125,8.033800527572918,0.7145983576404547,29.359815997362134,10.213625671298797,82.05423130651258,POWER_LIMIT
0.011805259794753267,19.153125,8.052637190799114,0.7145983576404547,29.359721814046004,10.188489130637358,82.04420649142291,POWER_LIMIT
0.011813464995457728,19.178125,8.071567542497569,0.7145983576404547,29.35962716228751,10.163351910859557,82.03418140667465,POWER_LIMIT
0.011821650877903612,19.203125,8.090592287048633,0.7145983576404547,29.359532038564755,10.138214006859599,82.02415604834668,POWER_LIMIT
0.011829817437233898,19.228125000000002,8.109712136208383,0.7145983576404547,29.359436439318955,10.113075413478185,82.01413041507465,POWER_LIMIT
0.011837964668584264,19.253125,8.128927808873186,0.7145983576404547,29.35934036095563,10.087936125504292,82.00410450474827,POWER_LIMIT
0.011846092567083114,19.278125000000003,8.148240031236682,0.7145983576404547,29.359243799843814,10.06279613767397,81.99407831516892,POWER_LIMIT
0.01185420112785149,19.303125,8.167649536946676,0.7145983576404547,29.359146752315265,10.037655444669266,81.98405184468321,POWER_LIMIT
0.011862290346003014,19.328125,8.187157067026675,0.7145983576404547,29.359049214664864,10.012514041118738,81.97402509044909,POWER_LIMIT
0.011870360216643925,19.353125000000002,8.206763370268227,0.7145983576404547,29.35895118314866,9.98737192159465,81.96399805138837,POWER_LIMIT
0.011878410734872969,19.378125,8.22646920291707,0.7145983576404547,29.358852653985412,9.962229080615234,81.95397072408606,POWER_LIMIT
0.01188644189578137,19.403125000000003,8.246275329143877,0.7145983576404547,29.35875362335428,9.937085512641268,81.94394310648673,POWER_LIMIT
0.011894453694452835,19.428125,8.26618252112278,0.7145983576404547,29.358654087394385,9.911941212075522,81.93391519765521,POWER_LIMIT
0.011902446125963419,19.453125,8.28619155871747,0.7145983576404547,29.35855404220641,9.886796173265026,81.92388699366883,POWER_LIMIT
0.011910419185381575,19.478125000000002,8.306303230187392,0.7145983576404547,29.35845348384906,9.86165039049595,81.91385849355527,POWER_LIMIT
0.01191837286776804,19.503125,8.326518331716965,0.7145983576404547,29.358352408341414,9.836503857997023,81.90382969361687,POWER_LIMIT
0.011926307168175847,19.528125000000003,8.34683766812174,0.7145983576404547,29.35825081165939,9.8113565699344,81.89380059330216,POWER_LIMIT
0.011934222081650188,19.553125,8.367262052299182,0.7145983576404547,29.358148689738503,9.786208520415666,81.88377118876093,POWER_LIMIT
0.011942117603228518,19.578125,8.387792305856372,0.7145983576404547,29.358046038470718,9.76105970348527,81.87374147789842,POWER_LIMIT
0.011949993727940362,19.603125000000002,8.408429259109997,0.7145983576404547,29.357942853704447,9.735910113124508,81.86371145926104,POWER_LIMIT
0.01195785045080735,19.628125,8.429173750929426,0.7145983576404547,29.357839131245353,9.71075974325272,81.85368112940799,POWER_LIMIT
0.01196568776684312,19.653125000000003,8.450026629129056,0.7145983576404547,29.357734866854354,9.68560858772436,81.84365048559191,POWER_LIMIT
0.011973505671053323,19.678125,8.470988750703675,0.7145983576404547,29.35763005624648,9.660456640327379,81.83361952687385,POWER_LIMIT
0.011981304158435499,19.703125,8.49206098151462,0.7145983576404547,29.357524695092426,9.63530389478543,81.8235882499432,POWER_LIMIT
0.011989083223979086,19.728125000000002,8.513244196682095,0.7145983576404547,29.357418779016587,9.610150344755052,81.81355665172838,POWER_LIMIT
0.011996842862665355,19.753125,8.53453928074212,0.7145983576404547,29.357312303596288,9.584995983824559,81.80352472970615,POWER_LIMIT
0.012004583069467344,19.778125000000003,8.555947127803428,0.7145983576404547,29.35720526436098,9.559840805512838,81.79349248218557,POWER_LIMIT
0.012012303839349842,19.803125,8.577468641469029,0.7145983576404547,29.357097656792654,9.534684803269982,81.78345990633957,POWER_LIMIT
0.012020005167269239,19.828125,8.599104735071585,0.7145983576404547,29.356989476324642,9.509527970475553,81.773426999212,POWER_LIMIT
0.012027687048173577,19.853125000000002,8.62085633183035,0.7145983576404547,29.356880718340847,9.48437030043743,81.76339375794973,POWER_LIMIT
0.012035349477002445,19.878125,8.642724365008117,0.7145983576404547,29.356771378174958,9.459211786390718,81.75336018001101,POWER_LIMIT
0.012042992448686977,19.903125000000003,8.664709777989632,0.7145983576404547,29.35666145111005,9.434052421497125,81.7433262626129,POWER_LIMIT
0.012050615958149668,19.928125,8.686813524438591,0.7145983576404547,29.356550932377807,9.408892198843873,81.7332920029017,POWER_LIMIT
0.012058220000304445,19.953125,8.709036568532966,0.7145983576404547,29.356439817157334,9.383731111441953,81.72325739882847,POWER_LIMIT
0.012065804570056552,19.978125000000002,8.731379884886604,0.7145983576404547,29.356328100575567,9.358569152226718,81.71322244707264,POWER_LIMIT
0.012073369662302495,20.003125,8.753844458863046,0.7145983576404547,29.356215777705682,9.33340631405559,81.7031871446129,POWER_LIMIT
0.01208091527192994,20.028125000000003,8.776431286732471,0.7145983576404547,29.356102843566337,9.308242589706953,81.69315148879978,POWER_LIMIT
0.012088441393817744,20.053125,8.799141375750153,0.7145983576404547,29.355989293121247,9.283077971879546,81.68311547668013,POWER_LIMIT
0.012095948022835819,20.078125,8.821975744313402,0.7145983576404547,29.35587512127843,9.257912453191345,81.67307910503104,POWER_LIMIT
0.012103435153845076,20.103125000000002,8.844935422275423,0.7145983576404547,29.35576032288862,9.232746026177288,81.66304237180815,POWER_LIMIT
0.012110902781697368,20.128125,8.8680214507099,0.7145983576404547,29.35564489274645,9.20757868329099,81.65300527252371,POWER_LIMIT
0.01211835090123546,20.153125000000003,8.89123488261722,0.7145983576404547,29.355528825586912,9.18241041689959,81.64296780524535,POWER_LIMIT
0.012125779507292893,20.178125,8.914576782689043,0.7145983576404547,29.355412116086555,9.15724121928551,81.6329299669257,POWER_LIMIT
0.012133188594693953,20.203125,8.938048227543707,0.7145983576404547,29.35529475886228,9.13207108264469,81.6228917540355,POWER_LIMIT
0.012140578158253616,20.228125000000002,8.961650305961637,0.7145983576404547,29.35517674847019,9.10689999908493,81.6128531631615,POWER_LIMIT
0.012147948192777458,20.253125,8.985384119120738,0.7145983576404547,29.355058079404394,9.081727960624171,81.60281419156719,POWER_LIMIT
0.01215529869306158,20.278125000000003,9.00925078059634,0.7145983576404547,29.354938746097016,9.056554959190464,81.59277483560034,POWER_LIMIT
0.012162629653892547,20.303125,9.033251416753611,0.7145983576404547,29.35481874291623,9.031380986619173,81.58273509261926,POWER_LIMIT
0.012169941070047296,20.328125,9.057387166747525,0.7145983576404547,29.35469806416626,9.006206034652948,81.57269495934972,POWER_LIMIT
0.012177232936293064,20.353125000000002,9.08165918267973,0.7145983576404547,29.3545767040866,8.981030094940579,81.56265443164011,POWER_LIMIT
0.01218450524738735,20.378125,9.10606863006944,0.7145983576404547,29.35445465684965,8.955853159033616,81.55261350698431,POWER_LIMIT
0.012191757998077776,20.403125000000003,9.130616687696428,0.7145983576404547,29.354331916561517,8.930675218387474,81.54257218140562,POWER_LIMIT
0.012198991183102064,20.428125,9.155304548071857,0.7145983576404547,29.35420847725964,8.90549626435805,81.53253045191418,POWER_LIMIT
0.012206204797187915,20.453125,9.180133417438256,0.7145983576404547,29.35408433291281,8.880316288201684,81.52248831474154,POWER_LIMIT
0.012213398835052984,20.478125000000002,9.205104516083388,0.7145983576404547,29.353959477419583,8.855135281072922,81.5124457663337,POWER_LIMIT
0.012220573291404689,20.503125,9.230219078497196,0.7145983576404547,29.353833904607512,8.829953234023364,81.50240280292047,POWER_LIMIT
0.012227728160940277,20.528125000000003,9.255478353685643,0.7145983576404547,29.35370760823157,8.804770137999377,81.49235942143098,POWER_LIMIT
0.012234863438346578,20.553125,9.280883605170704,0.7145983576404547,29.353580581974146,8.779585983842125,81.48231561762688,POWER_LIMIT
0.012241979118300102,20.578125,9.306436111461199,0.7145983576404547,29.353452819442694,8.754400762284114,81.47227138832432,POWER_LIMIT
0.012249075195466738,20.603125000000002,9.3321371661312,0.7145983576404547,29.353324314169342,8.729214463948662,81.46222673014535,POWER_LIMIT
0.012256151664501828,20.628125,9.35798807789853,0.7145983576404547,29.353195059610506,8.704027079349316,81.45218163825686,POWER_LIMIT
0.012263208520050027,20.653125000000003,9.383990171174037,0.7145983576404547,29.353065049144128,8.67883859888586,81.44213610915077,POWER_LIMIT
0.01227024575674521,20.678125,9.410144786140009,0.7145983576404547,29.3529342760693,8.653649012843772,81.43209013929746,POWER_LIMIT
0.012277263369210362,20.703125,9.436453278907145,0.7145983576404547,29.35280273360546,8.628458311393047,81.42204372445852,POWER_LIMIT
0.012284261352057525,20.728125000000002,9.462917021906865,0.7145983576404547,29.352670414890465,8.603266484585397,81.41199686098399,POWER_LIMIT
0.01229123969988762,20.753125,9.489537404048214,0.7145983576404547,29.352537312979756,8.57807352235308,81.40194954504516,POWER_LIMIT
0.012298198407290437,20.778125000000003,9.516315830874856,0.7145983576404547,29.352403420845626,8.552879414507789,81.39190177184413,POWER_LIMIT
0.01230513746884452,20.803125,9.543253725035807,0.7145983576404547,29.35226873137482,8.527684150737212,81.38185353745172,POWER_LIMIT
0.01231205687911704,20.828125,9.570352526442388,0.7145983576404547,29.352133237367788,8.502487720603916,81.37180483792707,POWER_LIMIT
0.012318956632663684,20.853125000000002,9.597613692503614,0.7145983576404547,29.35199693153748,8.477290113543624,81.36175566907181,POWER_LIMIT
0.012325836724028564,20.878125,9.62503869844005,0.7145983576404547,29.351859806507797,8.45209131886297,81.35170602680529,POWER_LIMIT
0.01233269714774413,20.903125000000003,9.652629037519233,0.7145983576404547,29.351721854812403,8.42689132573775,81.34165590683514,POWER_LIMIT
0.012339537898331017,20.928125,9.680386221291023,0.7145983576404547,29.351583068893543,8.401690123211242,81.33160530429099,POWER_LIMIT
0.012346358970298,20.953125,9.708311779979965,0.7145983576404547,29.3514434411001,8.376487700191369,81.32155421462515,POWER_LIMIT
0.012353160358141832,20.978125000000002,9.736407262799133,0.7145983576404547,29.351302963686003,8.351284045448399,81.31150263380232,POWER_LIMIT
0.012359942056347127,21.003125,9.764674238185517,0.7145983576404547,29.35116162880907,8.32607914761326,81.30145055779283,POWER_LIMIT
0.012366704059386287,21.028125000000003,9.793114293878517,0.7145983576404547,29.351019428530606,8.30087299517696,81.29139798073766,POWER_LIMIT
0.012373446361719352,21.053125,9.821729037704571,0.7145983576404547,29.350876354811476,8.275665576484904,81.28134489889392,POWER_LIMIT
0.012380168957793907,21.078125,9.850520097498666,0.7145983576404547,29.350732399512506,8.250456879737463,81.27129130740002,POWER_LIMIT
0.012386871842044898,21.103125000000002,9.879489121575201,0.7145983576404547,29.350587554392124,8.225246892986554,81.26123720153089,POWER_LIMIT
0.012393555008894597,21.128125,9.908637779041761,0.7145983576404547,29.35044181110479,8.20003560413338,81.25118257660354,POWER_LIMIT
0.012400218452752425,21.153125000000003,9.937967760034574,0.7145983576404547,29.350295161199824,8.174823000926704,81.24112742719868,POWER_LIMIT
0.012406862168014832,21.178125,9.96748077618927,0.7145983576404547,29.35014759611905,8.14960907095946,81.23107174824611,POWER_LIMIT
0.01241348614906519,21.203125,9.9971785611117,0.7145983576404547,29.34999910719444,8.124393801665317,81.22101553603729,POWER_LIMIT
0.012420090390273614,21.228125000000002,10.027062870220956,0.7145983576404547,29.349849685648895,8.099177180319828,81.2109587841258,POWER_LIMIT
0.012426674885996872,21.253125,10.057135481612537,0.7145983576404547,29.349699322591935,8.073959194034174,81.20090148741285,POWER_LIMIT
0.012433239630578246,21.278125000000003,10.087398196372192,0.7145983576404547,29.349548009018136,8.048739829752886,81.19084364171829,POWER_LIMIT
0.012439784618347358,21.303125,10.117852838654361,0.7145983576404547,29.349395735806727,8.023519074253294,81.1807852414311,POWER_LIMIT
0.012446309843620072,21.328125,10.148501256153,0.7145983576404547,29.349242493719235,7.998296914142067,81.17072628025544,POWER_LIMIT
0.012452815300698378,21.353125000000002,10.179345320807766,0.7145983576404547,29.34908827339596,7.973073335850145,81.16066675374334,POWER_LIMIT
0.012459300983870136,21.378125,10.210386928803967,0.7145983576404547,29.34893306535598,7.9478483256327195,81.15060665615681,POWER_LIMIT
0.01246576688740901,21.403125000000003,10.24162800120035,0.7145983576404547,29.348776859993997,7.922621869564676,81.14054598225586,POWER_LIMIT
0.012472213005574327,21.428125,10.273070484164446,0.7145983576404547,29.348619647579177,7.897393953538902,81.13048472591926,POWER_LIMIT
0.01247863933261088,21.453125,10.30471634960032,0.7145983576404547,29.348461418251997,7.872164563261723,81.12042288178733,POWER_LIMIT
0.012485045862748817,21.478125000000002,10.336567595305475,0.7145983576404547,29.348302162023472,7.846933684251773,81.11036044314788,POWER_LIMIT
0.012491432590203473,21.503125,10.368626245912452,0.7145983576404547,29.348141868770437,7.821701301833173,81.10029740587503,POWER_LIMIT
0.012497799509175152,21.528125000000003,10.40089435257498,0.7145983576404547,29.347980528237123,7.796467401137786,81.09023376252892,POWER_LIMIT
0.012504146613849054,21.553125,10.433373994144898,0.7145983576404547,29.347818130029275,7.771231967096728,81.0801695079745,POWER_LIMIT
0.012510473898395042,21.578125,10.466067277172229,0.7145983576404547,29.347654663614136,7.7459949844403155,81.070104635791,POWER_LIMIT
0.012516781356967505,21.603125000000002,10.498976336532849,0.7145983576404547,29.347490118317335,7.720756437693542,81.06003913947815,POWER_LIMIT
0.012523068983705178,21.628125,10.53210333605621,0.7145983576404547,29.347324483319717,7.695516311171545,81.04997301356481,POWER_LIMIT
0.012529336772730963,21.653125000000003,10.5654504686823,0.7145983576404547,29.34715774765659,7.670274588978426,81.03990625104404,POWER_LIMIT
0.012535584718151761,21.678125,10.59901995724627,0.7145983576404547,29.346989900213767,7.645031255001605,81.0298388455335,POWER_LIMIT
0.012541812814058272,21.703125,10.632814054949211,0.7145983576404547,29.346820929725254,7.619786292908383,81.0197707909456,POWER_LIMIT
0.012548021054524832,21.728125000000002,10.666835045750524,0.7145983576404547,29.346650824771245,7.59453968614309,81.00970208049429,POWER_LIMIT
0.012554209433609218,21.753125,10.701085244995578,0.7145983576404547,29.34647957377502,7.569291417922582,80.999632707403,POWER_LIMIT
0.012560377945352459,21.778125000000003,10.735566999965041,0.7145983576404547,29.346307165000173,7.544041471232195,80.98956266492806,POWER_LIMIT
0.012566526583778631,21.803125,10.77028269042405,0.7145983576404547,29.34613358654788,7.5187898288218165,80.97949194629602,POWER_LIMIT
0.01257265534289468,21.828125,10.805234729093087,0.7145983576404547,29.345958826354533,7.493536473202436,80.96942054397269,POWER_LIMIT
0.012578764216690205,21.853125000000002,10.840425562511008,0.7145983576404547,29.345782872187442,7.468281386639916,80.9593484517565,POWER_LIMIT
0.012584853199137254,21.878125,10.875857671192058,0.7145983576404547,29.345605711644037,7.443024551153844,80.94927566153736,POWER_LIMIT
0.012590922284190105,21.903125000000003,10.911533570724309,0.7145983576404547,29.34542733214638,7.417765948509562,80.93920216693773,POWER_LIMIT
0.012596971465785098,21.928125,10.9474558120051,0.7145983576404547,29.345247720939973,7.39250556021647,80.92912796047182,POWER_LIMIT
0.01260300073784035,21.953125,10.983626981947204,0.7145983576404547,29.345066865090264,7.367243367522903,80.91905303409614,POWER_LIMIT
0.012609010094255609,21.978125000000002,11.020049704263478,0.7145983576404547,29.34488475147868,7.341979351410441,80.90897738021918,POWER_LIMIT
0.012614999528912001,22.003125,11.056726640173057,0.7145983576404547,29.344701366799132,7.316713492588807,80.89890099202032,POWER_LIMIT
0.012620969035671746,22.028125000000003,11.09366048863675,0.7145983576404547,29.344516697556816,7.291445771494132,80.88882386026197,POWER_LIMIT
0.012626918608378028,22.053125,11.130853987769392,0.7145983576404547,29.344330730061152,7.266176168278744,80.87874597852037,POWER_LIMIT
0.012632848240854666,22.078125,11.168309914839853,0.7145983576404547,29.3441434504258,7.240904662811147,80.86866733808385,POWER_LIMIT
0.012638757926905933,22.103125000000002,11.20603108736957,0.7145983576404547,29.34395484456315,7.215631234668066,80.85858793068523,POWER_LIMIT
0.012644647660316276,22.128125,11.244020363917155,0.7145983576404547,29.343764898180414,7.1903558631287865,80.84850774883118,POWER_LIMIT
0.012650517434850107,22.153125000000003,11.28228064439229,0.7145983576404547,29.343573596778036,7.16507852717281,80.83842678267261,POWER_LIMIT
0.012656367244251508,22.178125,11.32081487154656,0.7145983576404547,29.343380925642265,7.139799205469139,80.82834502513134,POWER_LIMIT
0.012662197082243979,22.203125,11.359626031051889,0.7145983576404547,29.34318686984474,7.114517876375626,80.81826246686056,POWER_LIMIT
0.012668006942530188,22.228125000000002,11.398717152756003,0.7145983576404547,29.34299141423622,7.089234517929917,80.80817909943768,POWER_LIMIT
0.012673796818791683,22.253125,11.438091311231698,0.7145983576404547,29.34279454344384,7.06394910784547,80.79809491343018,POWER_LIMIT
0.012679566704688651,22.278125000000003,11.477751626875307,0.7145983576404547,29.34259624186562,7.038661623503572,80.7880099001929,POWER_LIMIT
0.01268531659385961,22.303125,11.517701266612942,0.7145983576404547,29.342396493666932,7.013372041948241,80.77792405077506,POWER_LIMIT
0.012691046479921132,22.328125,11.557943444763545,0.7145983576404547,29.34219528277618,6.988080339879961,80.7678373557966,POWER_LIMIT
0.012696756356467527,22.353125000000002,11.598481423902058,0.7145983576404547,29.341992592880487,6.962786493649407,80.7577498051888,POWER_LIMIT
0.012702446217070607,22.378125,11.639318516114844,0.7145983576404547,29.341788407419426,6.937490479248385,80.74766139048617,POWER_LIMIT
0.012708116055279316,22.403125000000003,11.680458083392008,0.7145983576404547,29.34158270958304,6.912192272306946,80.73757210102744,POWER_LIMIT
0.012713765864619484,22.428125,11.72190353903974,0.7145983576404547,29.3413754823048,6.886891848083184,80.72748192703021,POWER_LIMIT
0.012719395638593468,22.453125,11.763658348621963,0.7145983576404547,29.34116670825689,6.8615891814563845,80.71739085925354,POWER_LIMIT
0.012725005370679865,22.478125000000002,11.805726030666463,0.7145983576404547,29.340956369846666,6.836284246921913,80.70729888692111,POWER_LIMIT
0.012730595054333133,22.503125,11.848110157920345,0.7145983576404547,29.340744449210398,6.810977018582136,80.69720599922503,POWER_LIMIT
0.012736164682983359,22.528125000000003,11.890814358605471,0.7145983576404547,29.34053092820697,6.785667470137273,80.68711218663036,POWER_LIMIT
0.012741714250035792,22.553125,11.933842317124647,0.7145983576404547,29.340315788414376,6.760355574880336,80.67701743831647,POWER_LIMIT
0.012747243748870613,22.578125,11.977197775317066,0.7145983576404547,29.340099011123414,6.735041305687979,80.6669217431546,POWER_LIMIT
0.012752753172842506,22.603125000000002,12.020884533635282,0.7145983576404547,29.339880577331822,6.709724635011995,80.65682508996733,POWER_LIMIT
0.012758242515280347,22.628125,12.064906452400642,0.7145983576404547,29.339660467737996,6.6844055348702085,80.64672746811814,POWER_LIMIT
0.012763711769486779,22.653125000000003,12.109267452744891,0.7145983576404547,29.339438662736274,6.659083976839646,80.63662886583934,POWER_LIMIT
0.012769160928737915,22.678125,12.15397151810095,0.7145983576404547,29.339215142409493,6.633759932045741,80.62652927200322,POWER_LIMIT
0.012774589986282892,22.703125,12.199022695223043,0.7145983576404547,29.338989886523883,6.608433371154931,80.61642867458832,POWER_LIMIT
0.012779998935343522,22.728125000000002,12.244425095677453,0.7145983576404547,29.33876287452161,6.583104264363836,80.60632706203782,POWER_LIMIT
0.01278538776911386,22.753125,12.2901828969411,0.7145983576404547,29.338534085515292,6.55777258139134,80.59622442184514,POWER_LIMIT
0.012790756480759845,22.778125000000003,12.336300343970777,0.7145983576404547,29.338303498280144,6.532438291467166,80.58612074199428,POWER_LIMIT
0.012796105063418823,22.803125,12.382781750458655,0.7145983576404547,29.338071091247706,6.5071013633228105,80.57601601013833,POWER_LIMIT
0.012801433510199182,22.828125,12.429631500166124,0.7145983576404547,29.33783684249917,6.481761765181847,80.56591021307668,POWER_LIMIT
0.012806741814179906,22.853125000000002,12.476854048650072,0.7145983576404547,29.337600729756748,6.456419464747437,80.5558033385172,POWER_LIMIT
0.012812029968410108,22.878125,12.52445392443985,0.7145983576404547,29.337362730377798,6.431074429193796,80.545695373081,POWER_LIMIT
0.012817297965908619,22.903125000000003,12.572435730763459,0.7145983576404547,29.33712282134618,6.405726625153662,80.53558630358472,POWER_LIMIT
0.0128225457996635,22.928125,12.62080414703847,0.7145983576404547,29.336880979264805,6.380376018707505,80.52547611656848,POWER_LIMIT
0.012827773462631588,22.953125,12.669563930441228,0.7145983576404547,29.336637180347793,6.355022575372146,80.51536479807467,POWER_LIMIT
0.012832980947738014,22.978125000000002,12.718719917633162,0.7145983576404547,29.336391400411834,6.329666260088249,80.50525233415502,POWER_LIMIT
0.012838168247875726,23.003125,12.768277026486963,0.7145983576404547,29.336143614867563,6.304307037207796,80.4951387111004,POWER_LIMIT
0.012843335355904949,23.028125000000003,12.818240257499,0.7145983576404547,29.335893798712505,6.278944870483873,80.48502391345322,POWER_LIMIT
0.012848482264652739,23.053125,12.868614696064729,0.7145983576404547,29.335641926519674,6.253579723054145,80.47490792710697,POWER_LIMIT
0.012853608966912433,23.078125,12.919405513969615,0.7145983576404547,29.33538797243015,6.2282115574300825,80.4647907372315,POWER_LIMIT
0.012858715455443086,23.103125000000002,12.970617971272265,0.7145983576404547,29.335131910143637,6.202840335483263,80.45467232835169,POWER_LIMIT
0.012863801722968958,23.128125,13.02225741834446,0.7145983576404547,29.334873712908276,6.177466018430653,80.44455268507939,POWER_LIMIT
0.012868867762178965,23.153125000000003,13.074329297832875,0.7145983576404547,29.334613353510836,6.152088566820321,80.4344317920416,POWER_LIMIT
0.012873913565726106,23.178125,13.126839146463706,0.7145983576404547,29.33435080426768,6.1267079405183935,80.42430963254688,POWER_LIMIT
0.01287893912622687,23.203125,13.179792597475096,0.7145983576404547,29.33408603701262,6.101324098691421,80.41418619072961,POWER_LIMIT
0.012883944436260654,23.228125000000002,13.233195382421865,0.7145983576404547,29.33381902308789,6.075936999793274,80.40406144955053,POWER_LIMIT
0.012888929488369175,23.253125,13.287053333764817,0.7145983576404547,29.333549733331175,6.0505466015464044,80.39393539317653,POWER_LIMIT
0.0128938942750558,23.278125000000003,13.341372386518504,0.7145983576404547,29.333278138067406,6.025152860929872,80.38380800336276,POWER_LIMIT
0.012898838788784953,23.303125,13.396158581232939,0.7145983576404547,29.333004207093833,5.9997557341577625,80.37367926343904,POWER_LIMIT
0.012903763021981455,23.328125,13.451418065798247,0.7145983576404547,29.332727909671007,5.97435517666608,80.36354915490139,POWER_LIMIT
0.012908666967029874,23.353125000000002,13.507157098426358,0.7145983576404547,29.332449214507868,5.948951143091133,80.35341766059499,POWER_LIMIT
0.012913550616273828,23.378125,13.563382049534145,0.7145983576404547,29.33216808975233,5.923543587255914,80.34328476101996,POWER_LIMIT
0.012918413962015306,23.403125000000003,13.620099405038985,0.7145983576404547,29.331884502974802,5.898132462146165,80.3331504385181,POWER_LIMIT
0.012923256996513942,23.428125,13.677315768241897,0.7145983576404547,29.331598421158787,5.872717719896791,80.32301467277797,POWER_LIMIT
0.012928079711986312,23.453125,13.735037863358482,0.7145983576404547,29.331309810683205,5.847299311766196,80.3128774454987,POWER_LIMIT
0.012932882100605161,23.478125000000002,13.793272537637453,0.7145983576404547,29.33101863731181,5.821877188120961,80.30273873640681,POWER_LIMIT
0.012937664154498693,23.503125,13.852026764577733,0.7145983576404547,29.33072486617711,5.796451298412542,80.29259852518189,POWER_LIMIT
0.012942425865749738,23.528125000000003,13.911307646910107,0.7145983576404547,29.330428461765447,5.7710215911556055,80.2824567915263,POWER_LIMIT
0.012947167226394983,23.553125,13.971122419578883,0.7145983576404547,29.330129387902105,5.745588013906481,80.27231351475254,POWER_LIMIT
0.01295188822842416,23.578125,14.031478452723594,0.7145983576404547,29.32982760773638,5.720150513241485,80.2621686728837,POWER_LIMIT
0.012956588863779206,23.603125000000002,14.09238325528834,0.7145983576404547,29.329523083723558,5.694709034730803,80.25202224477958,POWER_LIMIT
0.012961269124353407,23.628125,14.153844477925048,0.7145983576404547,29.329215777610372,5.669263522917419,80.2418742077466,POWER_LIMIT
0.01296592900199053,23.653125000000003,14.215869916916688,0.7145983576404547,29.328905650415415,5.6438139212886895,80.23172454032348,POWER_LIMIT
0.012970568488483892,23.678125,14.278467517002014,0.7145983576404547,29.328592662414987,5.618360172255866,80.22157321837321,POWER_LIMIT
0.012975187575575519,23.703125,14.341645375691144,0.7145983576404547,29.328276773121544,5.592902217122816,80.21142021889219,POWER_LIMIT
0.012979786254955132,23.728125000000002,14.405411746718045,0.7145983576404547,29.32795794126641,5.567439996060973,80.2012655184046,POWER_LIMIT
0.012984364518259205,23.753125,14.469775043728337,0.7145983576404547,29.327636124781357,5.541973448082651,80.19110909207141,POWER_LIMIT
0.012988922357069986,23.778125000000003,14.534743844594907,0.7145983576404547,29.327311280777025,5.5165025110097154,80.18095091559081,POWER_LIMIT
0.01299345976291449,23.803125,14.600326895105756,0.7145983576404547,29.32698336552447,5.4910271214468835,80.17079096301607,POWER_LIMIT
0.012997976727263437,23.828125,14.666533113593452,0.7145983576404547,29.32665233443203,5.4655472147481525,80.16062920901224,POWER_LIMIT
0.013002473241530236,23.853125000000002,14.73337159501525,0.7145983576404547,29.326318142024924,5.440062724987218,80.15046562742793,POWER_LIMIT
0.013006949297069819,23.878125,14.800851615425664,0.7145983576404547,29.32598074192287,5.414573584925069,80.14030019127934,POWER_LIMIT
0.013011404885177602,23.903125000000003,14.868982636605878,0.7145983576404547,29.325640086816968,5.389079725976423,80.1301328728282,POWER_LIMIT
0.013015839997088283,23.928125,14.937774311085498,0.7145983576404547,29.32529612844457,5.363581078173333,80.11996364496187,POWER_LIMIT
0.013020254623974697,23.953125,15.007236486536595,0.7145983576404547,29.324948817567314,5.338077570133315,80.1097924784673,POWER_LIMIT
0.013024648756946608,23.978125000000002,15.077379211344741,0.7145983576404547,29.324598103943273,5.312569129018993,80.0996193447028,POWER_LIMIT
0.01302902238704945,24.003125,15.148212739473802,0.7145983576404547,29.32424393630263,5.287055680502821,80.08944421370016,POWER_LIMIT
0.013033375505263078,24.028125000000003,15.219747536115456,0.7145983576404547,29.323886262319423,5.26153714872612,80.0792670555043,POWER_LIMIT
0.013037708102500458,24.053125,15.29199428310325,0.7145983576404547,29.32352502858448,5.236013456259865,80.06908783937754,POWER_LIMIT
0.013042020169606323,24.078125,15.364963884562098,0.7145983576404547,29.323160180577187,5.210484524063709,80.05890653330862,POWER_LIMIT
0.013046311697355803,24.103125000000002,15.43866747310702,0.7145983576404547,29.322791662634465,5.18495027144105,80.04872310537435,POWER_LIMIT
0.013050582676453024,24.128125,15.51311641580645,0.7145983576404547,29.322419417920965,5.159410615995814,80.03853752289073,POWER_LIMIT
0.013054833097529642,24.153125000000003,15.588322320459476,0.7145983576404547,29.322043388397702,5.133865473586962,80.0283497521519,POWER_LIMIT
0.013059062951143379,24.178125,15.664297042186881,0.7145983576404547,29.321663514789066,5.108314758280695,80.01815975869589,POWER_LIMIT
0.013063272227776484,24.203125,15.741052690257607,0.7145983576404547,29.32127973654871,5.082758382300973,80.00796750764813,POWER_LIMIT
0.013067460917834152,24.228125000000002,15.818601634993655,0.7145983576404547,29.32089199182503,5.057196255979473,79.99777296332068,POWER_LIMIT
0.013071629011642931,24.253125,15.896956514988897,0.7145983576404547,29.320500217425053,5.031628287703274,79.987576089207,POWER_LIMIT
0.013075776499449052,24.278125000000003,15.976130244563223,0.7145983576404547,29.320104348777182,5.006054383860789,79.97737684792666,POWER_LIMIT
0.013079903371416728,24.303125,16.056136021530595,0.7145983576404547,29.319704319892345,4.98047444878549,79.96717520145744,POWER_LIMIT
0.013084009617626397,24.328125,16.136987335045536,0.7145983576404547,29.31930006332477,4.954888384699011,79.95697111045217,POWER_LIMIT
0.01308809522807294,24.353125000000002,16.21869797407737,0.7145983576404547,29.31889151012961,4.929296091649729,79.94676453526695,POWER_LIMIT
0.013092160192663814,24.378125,16.30128203572747,0.7145983576404547,29.31847858982136,4.903697467452492,79.9365554348256,POWER_LIMIT
0.013096204501217146,24.403125000000003,16.38475393440972,0.7145983576404547,29.31806123032795,4.878092407622027,79.92634376819919,POWER_LIMIT
0.013100228143459772,24.428125,16.46912841048164,0.7145983576404547,29.31763935794759,4.852480805310435,79.91612949205492,POWER_LIMIT
0.013104231109025236,24.453125,16.554420540287875,0.7145983576404547,29.31721289729856,4.826862551234335,79.9059125633,POWER_LIMIT
0.013108213387451694,24.478125000000002,16.64064574557605,0.7145983576404547,29.31678177127212,4.801237533606642,79.89569293711142,POWER_LIMIT
0.013112174968179792,24.503125,16.72781980393258,0.7145983576404547,29.316345900980334,4.775605638060924,79.8854705681276,POWER_LIMIT
0.01311611584055045,24.528125000000003,16.8159588590616,0.7145983576404547,29.31590520570469,4.749966747576877,79.8752454091634,POWER_LIMIT
0.013120035993802627,24.553125,16.90507943200544,0.7145983576404547,29.315459602839972,4.7243207423990015,79.86501741252603,POWER_LIMIT
0.013123935417070964,24.578125,16.995198432443654,0.7145983576404547,29.31500900783778,4.698667499954688,79.85478652980386,POWER_LIMIT
0.013127814099383388,24.603125000000002,17.086333170227267,0.7145983576404547,29.31455333414886,4.67300689477063,79.84455271082014,POWER_LIMIT
0.01313167202965863,24.628125,17.178501367697873,0.7145983576404547,29.31409249316151,4.647338798383515,79.83431590418661,POWER_LIMIT
0.01313550919670369,24.653125000000003,17.271721172398916,0.7145983576404547,29.313626394138005,4.62166307924787,79.82407605753981,POWER_LIMIT
0.013139325589211178,24.678125,17.366011170100922,0.7145983576404547,29.313154944149495,4.59597960264168,79.81383311703142,POWER_LIMIT
0.013143121195756644,24.703125,17.461390398532803,0.7145983576404547,29.312678048007335,4.570288230566817,79.80358702774689,POWER_LIMIT
0.013146896004795747,24.728125000000002,17.557878361427175,0.7145983576404547,29.312195608192862,4.544588821647263,79.7933377331843,POWER_LIMIT
0.01315065000466139,24.753125,17.65549504335024,0.7145983576404547,29.311707524783248,4.518881231021592,79.78308517579013,POWER_LIMIT
0.013154383183560726,24.778125000000003,17.754260924766935,0.7145983576404547,29.311213695376164,4.4931653102337705,79.77282929600173,POWER_LIMIT
0.013158095529572127,24.803125,17.854196998126472,0.7145983576404547,29.310714015009367,4.467440907116572,79.76257003314811,POWER_LIMIT
0.013161787030641978,24.828125,17.955324784418274,0.7145983576404547,29.310208376077906,4.441707865671553,79.75230732563803,POWER_LIMIT
0.013165457674581417,24.853125000000002,18.057666349885096,0.7145983576404547,29.309696668250574,4.415966025947906,79.74204110899532,POWER_LIMIT
0.013169107449062965,24.878125,18.161244324383862,0.7145983576404547,29.30917877837808,4.390215223909387,79.73177131804798,POWER_LIMIT
0.013172736341617034,24.903125000000003,18.2660819197464,0.7145983576404547,29.308654590401268,4.364455291301198,79.72149788597832,POWER_LIMIT
0.013176344339628322,24.928125,18.372202948924997,0.7145983576404547,29.308123985255374,4.3386860555112285,79.71122074352316,POWER_LIMIT
0.013179931430332102,24.953125,18.479631846393186,0.7145983576404547,29.307586840768032,4.312907339422161,79.70093982012867,POWER_LIMIT
0.01318349760081036,24.978125000000002,18.58839368893908,0.7145983576404547,29.307043031555303,4.287118961260763,79.69065504323063,POWER_LIMIT
0.013187042837987828,25.003125,18.698514217635545,0.7145983576404547,29.30649242891182,4.26132073443862,79.68036633880567,POWER_LIMIT
0.013190567128627862,25.028125000000003,18.810019860281127,0.7145983576404547,29.305934900698592,4.235512467389469,79.67007363006424,POWER_LIMIT
0.01319407045932819,25.053125,18.922937755410427,0.7145983576404547,29.305370311222948,4.209693963395175,79.65977683865391,POWER_LIMIT
0.01319755281651652,25.078125,19.03729577685362,0.7145983576404547,29.304798521115732,4.183865020407673,79.64947588393258,POWER_LIMIT
0.013201014186445972,25.103125000000002,19.15312255962988,0.7145983576404547,29.30421938720185,4.158025430861297,79.63917068334428,POWER_LIMIT
0.013204454555190367,25.128125,19.270447526703972,0.7145983576404547,29.30363276236648,4.132174981478844,79.62886115174702,POWER_LIMIT
0.013207873908639346,25.153125000000003,19.38930091715522,0.7145983576404547,29.303038495414224,4.106313453067347,79.61854720168554,POWER_LIMIT
0.01321127223249332,25.178125,19.509713815444858,0.7145983576404547,29.302436430922775,4.080440620305968,79.60822874308573,POWER_LIMIT
0.013214649512258219,25.203125,19.63171818225288,0.7145983576404547,29.301826409088733,4.054556251522438,79.59790568398013,POWER_LIMIT
0.013218005733240066,25.228125000000002,19.7553468860994,0.7145983576404547,29.301208265569503,4.028660108463871,79.5875779288946,POWER_LIMIT
0.01322134088053936,25.253125,19.8806337372415,0.7145983576404547,29.300581831313792,4.002751946051038,79.57724538047134,POWER_LIMIT
0.013224654939045215,25.278125000000003,20.007613522354827,0.7145983576404547,29.299946932388224,3.9768315121269744,79.56690793815845,POWER_LIMIT
0.013227947893429333,25.303125,20.136322041098225,0.7145983576404547,29.299303389794506,3.950898547191958,79.55656549796439,POWER_LIMIT
0.013231219728139705,25.328125,20.26679614479703,0.7145983576404547,29.298651019276015,3.924952784123075,79.54621795377591,POWER_LIMIT
0.013234470427394106,25.353125000000002,20.399073776224785,0.7145983576404547,29.297989631118874,3.898993947885856,79.53586519597751,POWER_LIMIT
0.013237699975173305,25.378125,20.533194011582065,0.7145983576404547,29.297319029942088,3.8730217552300346,79.5255071112164,POWER_LIMIT
0.01324090835521406,25.403125000000003,20.669197104907628,0.7145983576404547,29.29663901447546,3.8470359143675488,79.51514358372141,POWER_LIMIT
0.013244095551001785,25.428125,20.807124533588134,0.7145983576404547,29.295949377332057,3.8210361246427347,79.50477449278037,POWER_LIMIT
0.013247261545762992,25.453125,20.947019047555738,0.7145983576404547,29.29524990476222,3.7950220761756484,79.49439971554582,POWER_LIMIT
0.013250406322457362,25.478125000000002,21.088924719348686,0.7145983576404547,29.294540376403255,3.76899344949922,79.48401912420738,POWER_LIMIT
0.01325352986376957,25.503125,21.232886997859918,0.7145983576404547,29.293820565010698,3.7429499151696533,79.47363258744662,POWER_LIMIT
0.013256632152100722,25.528125000000003,21.3789527642041,0.7145983576404547,29.29309023617898,3.7168911333614574,79.46323996982365,POWER_LIMIT
0.01325971316955947,25.553125,21.527170390487967,0.7145983576404547,29.29234914804756,3.690816753441432,79.45284113140131,POWER_LIMIT
0.013262776622477023,25.578125,21.568352778203952,0.7145983576404547,29.292143236108977,3.6655182361089764,79.0591904313383,CURRENT_LIMIT
0.013265838474336605,25.603125000000002,21.568352778203952,0.7145983576404547,29.292143236108977,3.6405182361089743,78.51998161188314,CURRENT_LIMIT
0.013268900324841544,25.628125,21.568352778203952,0.7145983576404547,29.292143236108977,3.6155182361089757,77.98077279242808,CURRENT_LIMIT
0.013271962173994485,25.653125000000003,21.568352778203952,0.7145983576404547,29.292143236108977,3.5905182361089736,77.44156397297293,CURRENT_LIMIT
0.013275024021798063,25.678125,21.568352778203952,0.7145983576404547,29.292143236108977,3.565518236108975,76.90235515351786,CURRENT_LIMIT
0.013278085868254904,25.703125,21.568352778203952,0.7145983576404547,29.292143236108977,3.5405182361089764,76.36314633406279,CURRENT_LIMIT
0.01328114771336763,25.728125000000002,21.568352778203952,0.7145983576404547,29.292143236108977,3.5155182361089743,75.82393751460765,CURRENT_LIMIT
0.013284209557138854,25.753125,21.568352778203952,0.7145983576404547,29.292143236108977,3.4905182361089757,75.28472869515258,CURRENT_LIMIT
0.013287271399571178,25.778125000000003,21.568352778203952,0.7145983576404547,29.292143236108977,3.4655182361089736,74.74551987569744,CURRENT_LIMIT
0.0132903332406672,25.803125,21.568352778203952,0.7145983576404547,29.292143236108977,3.440518236108975,74.20631105624237,CURRENT_LIMIT
0.01329339508042951,25.828125,21.568352778203952,0.7145983576404547,29.292143236108977,3.4155182361089764,73.6671022367873,CURRENT_LIMIT
0.01329645691886069,25.853125000000002,21.568352778203952,0.7145983576404547,29.292143236108977,3.3905182361089743,73.12789341733216,CURRENT_LIMIT
0.013299518755963316,25.878125,21.568352778203952,0.7145983576404547,29.292143236108977,3.3655182361089757,72.58868459787709,CURRENT_LIMIT
0.013302580591739955,25.903125000000003,21.568352778203952,0.7145983576404547,29.292143236108977,3.3405182361089736,72.04947577842195,CURRENT_LIMIT
0.013305642426193165,25.928125,21.568352778203952,0.7145983576404547,29.292143236108977,3.315518236108975,71.51026695896688,CURRENT_LIMIT
0.0133087042593255,25.953125,21.568352778203952,0.7145983576404547,29.292143236108977,3.2905182361089764,70.97105813951181,CURRENT_LIMIT
0.013311766091139501,25.978125000000002,21.568352778203952,0.7145983576404547,29.292143236108977,3.2655182361089743,70.43184932005667,CURRENT_LIMIT
0.013314827921637712,26.003125,21.568352778203952,0.7145983576404547,29.292143236108977,3.2405182361089757,69.8926405006016,CURRENT_LIMIT
0.01331788975082266,26.028125000000003,21.568352778203952,0.7145983576404547,29.292143236108977,3.2155182361089736,69.35343168114645,CURRENT_LIMIT
0.01332095157869687,26.053125,21.568352778203952,0.7145983576404547,29.292143236108977,3.190518236108975,68.81422286169138,CURRENT_LIMIT
0.013324013405262852,26.078125,21.568352778203952,0.7145983576404547,29.292143236108977,3.1655182361089764,68.27501404223632,CURRENT_LIMIT
0.013327075230523122,26.103125000000002,21.568352778203952,0.7145983576404547,29.292143236108977,3.1405182361089743,67.73580522278117,CURRENT_LIMIT
0.013330137054480178,26.128125,21.568352778203952,0.7145983576404547,29.292143236108977,3.1155182361089757,67.1965964033261,CURRENT_LIMIT
0.01333319887713651,26.153125000000003,21.568352778203952,0.7145983576404547,29.292143236108977,3.0905182361089736,66.65738758387096,CURRENT_LIMIT
0.013336260698494612,26.178125,21.568352778203952,0.7145983576404547,29.292143236108977,3.065518236108975,66.11817876441589,CURRENT_LIMIT
0.013339322518556957,26.203125,21.568352778203952,0.7145983576404547,29.292143236108977,3.0405182361089764,65.57896994496082,CURRENT_LIMIT
0.013342384337326022,26.228125000000002,21.568352778203952,0.7145983576404547,29.292143236108977,3.0155182361089743,65.03976112550568,CURRENT_LIMIT
0.013345446154804272,26.253125,21.568352778203952,0.7145983576404547,29.292143236108977,2.9905182361089757,64.50055230605061,CURRENT_LIMIT
0.013348507970994166,26.278125000000003,21.568352778203952,0.7145983576404547,29.292143236108977,2.9655182361089736,63.96134348659546,CURRENT_LIMIT
0.013351569785898156,26.303125,21.568352778203952,0.7145983576404547,29.292143236108977,2.940518236108975,63.4221346671404,CURRENT_LIMIT
0.013354631599518683,26.328125,21.568352778203952,0.7145983576404547,29.292143236108977,2.9155182361089764,62.88292584768533,CURRENT_LIMIT
0.01335769341185819,26.353125000000002,21.568352778203952,0.7145983576404547,29.292143236108977,2.8905182361089743,62.34371702823018,CURRENT_LIMIT
0.013360755222919105,26.378125,21.568352778203952,0.7145983576404547,29.292143236108977,2.8655182361089757,61.80450820877511,CURRENT_LIMIT
0.013363817032703852,26.403125000000003,21.568352778203952,0.7145983576404547,29.292143236108977,2.8405182361089736,61.26529938931997,CURRENT_LIMIT
0.013366878841214845,26.428125,21.568352778203952,0.7145983576404547,29.292143236108977,2.815518236108975,60.7260905698649,CURRENT_LIMIT
0.013369940648454499,26.453125,21.568352778203952,0.7145983576404547,29.292143236108977,2.7905182361089764,60.18688175040983,CURRENT_LIMIT
0.013373002454425213,26.478125000000002,21.568352778203952,0.7145983576404547,29.292143236108977,2.7655182361089743,59.64767293095469,CURRENT_LIMIT
0.013376064259129386,26.503125,21.568352778203952,0.7145983576404547,29.292143236108977,2.7405182361089757,59.10846411149962,CURRENT_LIMIT
0.013379126062569408,26.528125000000003,21.568352778203952,0.7145983576404547,29.292143236108977,2.7155182361089736,58.569255292044474,CURRENT_LIMIT
0.013382187864747661,26.553125,21.568352778203952,0.7145983576404547,29.292143236108977,2.690518236108975,58.030046472589405,CURRENT_LIMIT
0.013385249665666519,26.578125,21.568352778203952,0.7145983576404547,29.292143236108977,2.6655182361089764,57.49083765313434,CURRENT_LIMIT
0.013388311465328354,26.603125000000002,21.568352778203952,0.7145983576404547,29.292143236108977,2.6405182361089743,56.951628833679194,CURRENT_LIMIT
0.013391373263735528,26.628125,21.568352778203952,0.7145983576404547,29.292143236108977,2.6155182361089757,56.412420014224125,CURRENT_LIMIT
0.013394435060890398,26.653125000000003,21.568352778203952,0.7145983576404547,29.292143236108977,2.5905182361089736,55.873211194768984,CURRENT_LIMIT
0.013397496856795312,26.678125,21.568352778203952,0.7145983576404547,29.292143236108977,2.565518236108975,55.334002375313915,CURRENT_LIMIT
0.013400558651452612,26.703125,21.568352778203952,0.7145983576404547,29.292143236108977,2.5405182361089764,54.794793555858845,CURRENT_LIMIT
0.013403620444864638,26.728125000000002,21.568352778203952,0.7145983576404547,29.292143236108977,2.5155182361089743,54.2555847364037,CURRENT_LIMIT
0.013406682237033719,26.753125,21.568352778203952,0.7145983576404547,29.292143236108977,2.4905182361089757,53.716375916948635,CURRENT_LIMIT
0.013409744027962174,26.778125000000003,21.568352778203952,0.7145983576404547,29.292143236108977,2.4655182361089736,53.17716709749349,CURRENT_LIMIT
0.013412805817652324,26.803125,21.568352778203952,0.7145983576404547,29.292143236108977,2.440518236108975,52.63795827803842,CURRENT_LIMIT
0.013415867606106475,26.828125,21.568352778203952,0.7145983576404547,29.292143236108977,2.4155182361089764,52.09874945858335,CURRENT_LIMIT
0.013418929393326937,26.853125000000002,21.568352778203952,0.7145983576404547,29.292143236108977,2.3905182361089743,51.55954063912821,CURRENT_LIMIT
0.013421991179316002,26.878125,21.568352778203952,0.7145983576404547,29.292143236108977,2.3655182361089757,51.02033181967314,CURRENT_LIMIT
0.013425052964075963,26.903125000000003,21.568352778203952,0.7145983576404547,29.292143236108977,2.3405182361089736,50.48112300021799,CURRENT_LIMIT
0.013428114747609105,26.928125,21.568352778203952,0.7145983576404547,29.292143236108977,2.315518236108975,49.94191418076293,CURRENT_LIMIT
0.013431176529917703,26.953125,21.568352778203952,0.7145983576404547,29.292143236108977,2.2905182361089764,49.40270536130786,CURRENT_LIMIT
0.013434238311004031,26.978125000000002,21.568352778203952,0.7145983576404547,29.292143236108977,2.2655182361089743,48.86349654185271,CURRENT_LIMIT
0.013437300090870354,27.003125,21.568352778203952,0.7145983576404547,29.292143236108977,2.2405182361089757,48.32428772239764,CURRENT_LIMIT
0.013440361869518934,27.028125000000003,21.568352778203952,0.7145983576404547,29.292143236108977,2.2155182361089736,47.7850789029425,CURRENT_LIMIT
0.01344342364695202,27.053125,21.568352778203952,0.7145983576404547,29.292143236108977,2.190518236108975,47.24587008348743,CURRENT_LIMIT
0.01344648542317186,27.078125,21.568352778203952,0.7145983576404547,29.292143236108977,2.1655182361089764,46.70666126403236,CURRENT_LIMIT
0.013449547198180695,27.103125000000002,21.568352778203952,0.7145983576404547,29.292143236108977,2.1405182361089743,46.167452444577215,CURRENT_LIMIT
0.01345260897198076,27.128125,21.568352778203952,0.7145983576404547,29.292143236108977,2.1155182361089757,45.62824362512215,CURRENT_LIMIT
0.01345567074457428,27.153125000000003,21.568352778203952,0.7145983576404547,29.292143236108977,2.0905182361089736,45.089034805667005,CURRENT_LIMIT
0.01345873251596348,27.178125,21.568352778203952,0.7145983576404547,29.292143236108977,2.065518236108975,44.549825986211935,CURRENT_LIMIT
0.013461794286150573,27.203125,21.568352778203952,0.7145983576404547,29.292143236108977,2.0405182361089764,44.010617166756866,CURRENT_LIMIT
0.013464856055137772,27.228125000000002,21.568352778203952,0.7145983576404547,29.292143236108977,2.0155182361089743,43.471408347301725,CURRENT_LIMIT
0.01346791782292728,27.253125,21.568352778203952,0.7145983576404547,29.292143236108977,1.9905182361089757,42.932199527846656,CURRENT_LIMIT
0.01347097958952129,27.278125000000003,21.568352778203952,0.7145983576404547,29.292143236108977,1.9655182361089736,42.39299070839151,CURRENT_LIMIT
0.013474041354921999,27.303125,21.568352778203952,0.7145983576404547,29.292143236108977,1.940518236108975,41.853781888936446,CURRENT_LIMIT
0.01347710311913159,27.328125,21.568352778203952,0.7145983576404547,29.292143236108977,1.9155182361089764,41.314573069481376,CURRENT_LIMIT
0.013480164882152245,27.353125000000002,21.568352778203952,0.7145983576404547,29.292143236108977,1.8905182361089743,40.77536425002623,CURRENT_LIMIT
0.013483226643986133,27.378125,21.568352778203952,0.7145983576404547,29.292143236108977,1.8655182361089757,40.23615543057116,CURRENT_LIMIT
0.013486288404635427,27.403125000000003,21.568352778203952,0.7145983576404547,29.292143236108977,1.8405182361089736,39.69694661111602,CURRENT_LIMIT
0.013489350164102284,27.428125,21.568352778203952,0.7145983576404547,29.292143236108977,1.815518236108975,39.15773779166095,CURRENT_LIMIT
0.013492411922388862,27.453125,21.568352778203952,0.7145983576404547,29.292143236108977,1.7905182361089764,38.61852897220588,CURRENT_LIMIT
0.01349547367949731,27.478125000000002,21.568352778203952,0.7145983576404547,29.292143236108977,1.7655182361089743,38.07932015275074,CURRENT_LIMIT
0.013498535435429771,27.503125,21.568352778203952,0.7145983576404547,29.292143236108977,1.7405182361089757,37.54011133329567,CURRENT_LIMIT
0.013501597190188383,27.528125000000003,21.568352778203952,0.7145983576404547,29.292143236108977,1.7155182361089736,37.00090251384052,CURRENT_LIMIT
0.01350465894377528,27.553125,21.568352778203952,0.7145983576404547,29.292143236108977,1.690518236108975,36.46169369438545,CURRENT_LIMIT
0.013507720696192589,27.578125,21.568352778203952,0.7145983576404547,29.292143236108977,1.6655182361089764,35.92248487493039,CURRENT_LIMIT
0.013510782447442428,27.603125000000002,21.568352778203952,0.7145983576404547,29.292143236108977,1.6405182361089743,35.38327605547524,CURRENT_LIMIT
0.013513844197526914,27.628125,21.568352778203952,0.7145983576404547,29.292143236108977,1.6155182361089757,34.84406723602017,CURRENT_LIMIT
0.013516905946448155,27.653125000000003,21.568352778203952,0.7145983576404547,29.292143236108977,1.5905182361089736,34.30485841656503,CURRENT_LIMIT
0.013519967694208256,27.678125,21.568352778203952,0.7145983576404547,29.292143236108977,1.565518236108975,33.76564959710996,CURRENT_LIMIT
0.013523029440809313,27.703125,21.568352778203952,0.7145983576404547,29.292143236108977,1.5405182361089764,33.226440777654894,CURRENT_LIMIT
0.013526091186253418,27.728125000000002,21.568352778203952,0.7145983576404547,29.292143236108977,1.5155182361089743,32.687231958199746,CURRENT_LIMIT
0.013529152930542658,27.753125,21.568352778203952,0.7145983576404547,29.292143236108977,1.4905182361089757,32.14802313874468,CURRENT_LIMIT
0.013532214673679115,27.778125000000003,21.568352778203952,0.7145983576404547,29.292143236108977,1.4655182361089736,31.608814319289536,CURRENT_LIMIT
0.013535276415664863,27.803125,21.568352778203952,0.7145983576404547,29.292143236108977,1.440518236108975,31.069605499834466,CURRENT_LIMIT
0.013538338156501972,27.828125,21.568352778203952,0.7145983576404547,29.292143236108977,1.4155182361089764,30.5303966803794,CURRENT_LIMIT
0.013541399896192506,27.853125000000002,21.568352778203952,0.7145983576404547,29.292143236108977,1.3905182361089743,29.991187860924253,CURRENT_LIMIT
0.013544461634738523,27.878125,21.568352778203952,0.7145983576404547,29.292143236108977,1.3655182361089757,29.451979041469187,CURRENT_LIMIT
0.013547523372142075,27.903125000000003,21.568352778203952,0.7145983576404547,29.292143236108977,1.3405182361089736,28.912770222014043,CURRENT_LIMIT
0.01355058510840521,27.928125,21.568352778203952,0.7145983576404547,29.292143236108977,1.315518236108975,28.373561402558973,CURRENT_LIMIT
0.01355364684352997,27.953125,21.568352778203952,0.7145983576404547,29.292143236108977,1.2905182361089764,27.834352583103904,CURRENT_LIMIT
0.013556708577518395,27.978125000000002,21.568352778203952,0.7145983576404547,29.292143236108977,1.2655182361089743,27.29514376364876,CURRENT_LIMIT
0.01355977031037251,28.003125,21.568352778203952,0.7145983576404547,29.292143236108977,1.2405182361089757,26.755934944193694,CURRENT_LIMIT
0.013562832042094342,28.028125000000003,21.568352778203952,0.7145983576404547,29.292143236108977,1.2155182361089736,26.216726124738546,CURRENT_LIMIT
0.013565893772685913,28.053125,21.568352778203952,0.7145983576404547,29.292143236108977,1.190518236108975,25.67751730528348,CURRENT_LIMIT
0.013568955502149238,28.078125,21.568352778203952,0.7145983576404547,29.292143236108977,1.1655182361089764,25.13830848582841,CURRENT_LIMIT
0.013572017230486325,28.103125000000002,21.568352778203952,0.7145983576404547,29.292143236108977,1.1405182361089743,24.599099666373267,CURRENT_LIMIT
0.013575078957699176,28.128125,21.568352778203952,0.7145983576404547,29.292143236108977,1.1155182361089757,24.059890846918197,CURRENT_LIMIT
0.013578140683789793,28.153125000000003,21.568352778203952,0.7145983576404547,29.292143236108977,1.0905182361089736,23.520682027463053,CURRENT_LIMIT
0.013581202408760167,28.178125,21.568352778203952,0.7145983576404547,29.292143236108977,1.065518236108975,22.981473208007987,CURRENT_LIMIT
0.013584264132612286,28.203125,21.568352778203952,0.7145983576404547,29.292143236108977,1.0405182361089764,22.442264388552918,CURRENT_LIMIT
0.013587325855348133,28.228125000000002,21.568352778203952,0.7145983576404547,29.292143236108977,1.0155182361089743,21.903055569097774,CURRENT_LIMIT
0.013590387576969688,28.253125,21.568352778203952,0.7145983576404547,29.292143236108977,0.9905182361089757,21.363846749642704,CURRENT_LIMIT
0.01359344929747892,28.278125000000003,21.568352778203952,0.7145983576404547,29.292143236108977,0.9655182361089736,20.82463793018756,CURRENT_LIMIT
0.013596511016877795,28.303125,21.568352778203952,0.7145983576404547,29.292143236108977,0.940518236108975,20.28542911073249,CURRENT_LIMIT
0.013599572735168278,28.328125,21.568352778203952,0.7145983576404547,29.292143236108977,0.9155182361089764,19.746220291277425,CURRENT_LIMIT
0.013602634452352323,28.353125000000002,21.568352778203952,0.7145983576404547,29.292143236108977,0.8905182361089743,19.207011471822277,CURRENT_LIMIT
0.013605696168431883,28.378125,21.568352778203952,0.7145983576404547,29.292143236108977,0.8655182361089757,18.66780265236721,CURRENT_LIMIT
0.013608757883408902,28.403125000000003,21.568352778203952,0.7145983576404547,29.292143236108977,0.8405182361089736,18.128593832912067,CURRENT_LIMIT
0.013611819597285323,28.428125,21.568352778203952,0.7145983576404547,29.292143236108977,0.815518236108975,17.589385013456997,CURRENT_LIMIT
0.013614881310063083,28.453125,21.568352778203952,0.7145983576404547,29.292143236108977,0.7905182361089764,17.050176194001928,CURRENT_LIMIT
0.01361794302174411,28.478125000000002,21.568352778203952,0.7145983576404547,29.292143236108977,0.7655182361089743,16.510967374546784,CURRENT_LIMIT
0.013621004732330333,28.503125,21.568352778203952,0.7145983576404547,29.292143236108977,0.7405182361089757,15.971758555091716,CURRENT_LIMIT
0.01362406644182367,28.528125000000003,21.568352778203952,0.7145983576404547,29.292143236108977,0.7155182361089736,15.432549735636572,CURRENT_LIMIT
