case_id,target_type,tumble_rate_deg_s,approach_velocity_m_s,arm_speed_scale,pose_error_deg,inertia_scale,reaction_aware,visibility_ratio,capture_window_s,reach_time_s,base_peak_deg,v_max_m_s,post_capture_rate_dps,clearance_min_m,result,failure_reason
C0001,target_satellite_v0,0.5,0.005,0.5,1.0,0.8,0,1.0,90.1,16.0,6.807,0.024,0.217,0.47,FAIL,BASE_REACTION_FAIL
C0002,target_satellite_v0,0.5,0.005,0.5,1.0,0.8,1,1.0,90.1,16.0,1.021,0.024,0.217,0.47,SAFE,SAFE
C0003,target_satellite_v0,0.5,0.005,0.5,1.0,1.0,0,1.0,90.1,16.0,6.807,0.024,0.271,0.47,FAIL,BASE_REACTION_FAIL
C0004,target_satellite_v0,0.5,0.005,0.5,1.0,1.0,1,1.0,90.1,16.0,1.021,0.024,0.271,0.47,SAFE,SAFE
C0005,target_satellite_v0,0.5,0.005,0.5,1.0,1.2,0,1.0,90.1,16.0,6.807,0.024,0.325,0.47,FAIL,BASE_REACTION_FAIL
C0006,target_satellite_v0,0.5,0.005,0.5,1.0,1.2,1,1.0,90.1,16.0,1.021,0.024,0.325,0.47,SAFE,SAFE
C0007,target_satellite_v0,0.5,0.005,0.5,2.0,0.8,0,1.0,90.1,16.0,6.807,0.024,0.217,0.47,FAIL,BASE_REACTION_FAIL
C0008,target_satellite_v0,0.5,0.005,0.5,2.0,0.8,1,1.0,90.1,16.0,1.021,0.024,0.217,0.47,SAFE,SAFE
C0009,target_satellite_v0,0.5,0.005,0.5,2.0,1.0,0,1.0,90.1,16.0,6.807,0.024,0.271,0.47,FAIL,BASE_REACTION_FAIL
C0010,target_satellite_v0,0.5,0.005,0.5,2.0,1.0,1,1.0,90.1,16.0,1.021,0.024,0.271,0.47,SAFE,SAFE
C0011,target_satellite_v0,0.5,0.005,0.5,2.0,1.2,0,1.0,90.1,16.0,6.807,0.024,0.325,0.47,FAIL,BASE_REACTION_FAIL
C0012,target_satellite_v0,0.5,0.005,0.5,2.0,1.2,1,1.0,90.1,16.0,1.021,0.024,0.325,0.47,SAFE,SAFE
C0013,target_satellite_v0,0.5,0.005,0.5,3.0,0.8,0,1.0,90.1,16.0,6.807,0.024,0.217,0.47,FAIL,POSE_UNCERTAINTY_FAIL
C0014,target_satellite_v0,0.5,0.005,0.5,3.0,0.8,1,1.0,90.1,16.0,1.021,0.024,0.217,0.47,FAIL,POSE_UNCERTAINTY_FAIL
C0015,target_satellite_v0,0.5,0.005,0.5,3.0,1.0,0,1.0,90.1,16.0,6.807,0.024,0.271,0.47,FAIL,POSE_UNCERTAINTY_FAIL
C0016,target_satellite_v0,0.5,0.005,0.5,3.0,1.0,1,1.0,90.1,16.0,1.021,0.024,0.271,0.47,FAIL,POSE_UNCERTAINTY_FAIL
C0017,target_satellite_v0,0.5,0.005,0.5,3.0,1.2,0,1.0,90.1,16.0,6.807,0.024,0.325,0.47,FAIL,POSE_UNCERTAINTY_FAIL
C0018,target_satellite_v0,0.5,0.005,0.5,3.0,1.2,1,1.0,90.1,16.0,1.021,0.024,0.325,0.47,FAIL,POSE_UNCERTAINTY_FAIL
C0019,target_satellite_v0,0.5,0.005,1.0,1.0,0.8,0,1.0,90.1,8.0,13.133,0.024,0.217,0.47,FAIL,BASE_REACTION_FAIL
C0020,target_satellite_v0,0.5,0.005,1.0,1.0,0.8,1,1.0,90.1,8.0,1.97,0.024,0.217,0.47,SAFE,SAFE
C0021,target_satellite_v0,0.5,0.005,1.0,1.0,1.0,0,1.0,90.1,8.0,13.133,0.024,0.271,0.47,FAIL,BASE_REACTION_FAIL
C0022,target_satellite_v0,0.5,0.005,1.0,1.0,1.0,1,1.0,90.1,8.0,1.97,0.024,0.271,0.47,SAFE,SAFE
C0023,target_satellite_v0,0.5,0.005,1.0,1.0,1.2,0,1.0,90.1,8.0,13.133,0.024,0.325,0.47,FAIL,BASE_REACTION_FAIL
C0024,target_satellite_v0,0.5,0.005,1.0,1.0,1.2,1,1.0,90.1,8.0,1.97,0.024,0.325,0.47,SAFE,SAFE
C0025,target_satellite_v0,0.5,0.005,1.0,2.0,0.8,0,1.0,90.1,8.0,13.133,0.024,0.217,0.47,FAIL,BASE_REACTION_FAIL
C0026,target_satellite_v0,0.5,0.005,1.0,2.0,0.8,1,1.0,90.1,8.0,1.97,0.024,0.217,0.47,SAFE,SAFE
C0027,target_satellite_v0,0.5,0.005,1.0,2.0,1.0,0,1.0,90.1,8.0,13.133,0.024,0.271,0.47,FAIL,BASE_REACTION_FAIL
C0028,target_satellite_v0,0.5,0.005,1.0,2.0,1.0,1,1.0,90.1,8.0,1.97,0.024,0.271,0.47,SAFE,SAFE
C0029,target_satellite_v0,0.5,0.005,1.0,2.0,1.2,0,1.0,90.1,8.0,13.133,0.024,0.325,0.47,FAIL,BASE_REACTION_FAIL
C0030,target_satellite_v0,0.5,0.005,1.0,2.0,1.2,1,1.0,90.1,8.0,1.97,0.024,0.325,0.47,SAFE,SAFE
C0031,target_satellite_v0,0.5,0.005,1.0,3.0,0.8,0,1.0,90.1,8.0,13.133,0.024,0.217,0.47,FAIL,POSE_UNCERTAINTY_FAIL
C0032,target_satellite_v0,0.5,0.005,1.0,3.0,0.8,1,1.0,90.1,8.0,1.97,0.024,0.217,0.47,FAIL,POSE_UNCERTAINTY_FAIL
C0033,target_satellite_v0,0.5,0.005,1.0,3.0,1.0,0,1.0,90.1,8.0,13.133,0.024,0.271,0.47,FAIL,POSE_UNCERTAINTY_FAIL
C0034,target_satellite_v0,0.5,0.005,1.0,3.0,1.0,1,1.0,90.1,8.0,1.97,0.024,0.271,0.47,FAIL,POSE_UNCERTAINTY_FAIL
C0035,target_satellite_v0,0.5,0.005,1.0,3.0,1.2,0,1.0,90.1,8.0,13.133,0.024,0.325,0.47,FAIL,POSE_UNCERTAINTY_FAIL
C0036,target_satellite_v0,0.5,0.005,1.0,3.0,1.2,1,1.0,90.1,8.0,1.97,0.024,0.325,0.47,FAIL,POSE_UNCERTAINTY_FAIL
C0037,target_satellite_v0,0.5,0.005,1.5,1.0,0.8,0,1.0,90.1,5.33,18.502,0.024,0.217,0.47,FAIL,BASE_REACTION_FAIL
C0038,target_satellite_v0,0.5,0.005,1.5,1.0,0.8,1,1.0,90.1,5.33,2.775,0.024,0.217,0.47,SAFE,SAFE
C0039,target_satellite_v0,0.5,0.005,1.5,1.0,1.0,0,1.0,90.1,5.33,18.502,0.024,0.271,0.47,FAIL,BASE_REACTION_FAIL
C0040,target_satellite_v0,0.5,0.005,1.5,1.0,1.0,1,1.0,90.1,5.33,2.775,0.024,0.271,0.47,SAFE,SAFE
C0041,target_satellite_v0,0.5,0.005,1.5,1.0,1.2,0,1.0,90.1,5.33,18.502,0.024,0.325,0.47,FAIL,BASE_REACTION_FAIL
C0042,target_satellite_v0,0.5,0.005,1.5,1.0,1.2,1,1.0,90.1,5.33,2.775,0.024,0.325,0.47,SAFE,SAFE
C0043,target_satellite_v0,0.5,0.005,1.5,2.0,0.8,0,1.0,90.1,5.33,18.502,0.024,0.217,0.47,FAIL,BASE_REACTION_FAIL
C0044,target_satellite_v0,0.5,0.005,1.5,2.0,0.8,1,1.0,90.1,5.33,2.775,0.024,0.217,0.47,SAFE,SAFE
C0045,target_satellite_v0,0.5,0.005,1.5,2.0,1.0,0,1.0,90.1,5.33,18.502,0.024,0.271,0.47,FAIL,BASE_REACTION_FAIL
C0046,target_satellite_v0,0.5,0.005,1.5,2.0,1.0,1,1.0,90.1,5.33,2.775,0.024,0.271,0.47,SAFE,SAFE
C0047,target_satellite_v0,0.5,0.005,1.5,2.0,1.2,0,1.0,90.1,5.33,18.502,0.024,0.325,0.47,FAIL,BASE_REACTION_FAIL
C0048,target_satellite_v0,0.5,0.005,1.5,2.0,1.2,1,1.0,90.1,5.33,2.775,0.024,0.325,0.47,SAFE,SAFE
C0049,target_satellite_v0,0.5,0.005,1.5,3.0,0.8,0,1.0,90.1,5.33,18.502,0.024,0.217,0.47,FAIL,POSE_UNCERTAINTY_FAIL
C0050,target_satellite_v0,0.5,0.005,1.5,3.0,0.8,1,1.0,90.1,5.33,2.775,0.024,0.217,0.47,FAIL,POSE_UNCERTAINTY_FAIL
C0051,target_satellite_v0,0.5,0.005,1.5,3.0,1.0,0,1.0,90.1,5.33,18.502,0.024,0.271,0.47,FAIL,POSE_UNCERTAINTY_FAIL
C0052,target_satellite_v0,0.5,0.005,1.5,3.0,1.0,1,1.0,90.1,5.33,2.775,0.024,0.271,0.47,FAIL,POSE_UNCERTAINTY_FAIL
C0053,target_satellite_v0,0.5,0.005,1.5,3.0,1.2,0,1.0,90.1,5.33,18.502,0.024,0.325,0.47,FAIL,POSE_UNCERTAINTY_FAIL
C0054,target_satellite_v0,0.5,0.005,1.5,3.0,1.2,1,1.0,90.1,5.33,2.775,0.024,0.325,0.47,FAIL,POSE_UNCERTAINTY_FAIL
C0055,target_satellite_v0,0.5,0.01,0.5,1.0,0.8,0,1.0,90.1,16.0,6.807,0.024,0.217,0.47,FAIL,BASE_REACTION_FAIL
C0056,target_satellite_v0,0.5,0.01,0.5,1.0,0.8,1,1.0,90.1,16.0,1.021,0.024,0.217,0.47,SAFE,SAFE
C0057,target_satellite_v0,0.5,0.01,0.5,1.0,1.0,0,1.0,90.1,16.0,6.807,0.024,0.271,0.47,FAIL,BASE_REACTION_FAIL
C0058,target_satellite_v0,0.5,0.01,0.5,1.0,1.0,1,1.0,90.1,16.0,1.021,0.024,0.271,0.47,SAFE,SAFE
C0059,target_satellite_v0,0.5,0.01,0.5,1.0,1.2,0,1.0,90.1,16.0,6.807,0.024,0.325,0.47,FAIL,BASE_REACTION_FAIL
C0060,target_satellite_v0,0.5,0.01,0.5,1.0,1.2,1,1.0,90.1,16.0,1.021,0.024,0.325,0.47,SAFE,SAFE
C0061,target_satellite_v0,0.5,0.01,0.5,2.0,0.8,0,1.0,90.1,16.0,6.807,0.024,0.217,0.47,FAIL,BASE_REACTION_FAIL
C0062,target_satellite_v0,0.5,0.01,0.5,2.0,0.8,1,1.0,90.1,16.0,1.021,0.024,0.217,0.47,SAFE,SAFE
C0063,target_satellite_v0,0.5,0.01,0.5,2.0,1.0,0,1.0,90.1,16.0,6.807,0.024,0.271,0.47,FAIL,BASE_REACTION_FAIL
C0064,target_satellite_v0,0.5,0.01,0.5,2.0,1.0,1,1.0,90.1,16.0,1.021,0.024,0.271,0.47,SAFE,SAFE
C0065,target_satellite_v0,0.5,0.01,0.5,2.0,1.2,0,1.0,90.1,16.0,6.807,0.024,0.325,0.47,FAIL,BASE_REACTION_FAIL
C0066,target_satellite_v0,0.5,0.01,0.5,2.0,1.2,1,1.0,90.1,16.0,1.021,0.024,0.325,0.47,SAFE,SAFE
C0067,target_satellite_v0,0.5,0.01,0.5,3.0,0.8,0,1.0,90.1,16.0,6.807,0.024,0.217,0.47,FAIL,POSE_UNCERTAINTY_FAIL
C0068,target_satellite_v0,0.5,0.01,0.5,3.0,0.8,1,1.0,90.1,16.0,1.021,0.024,0.217,0.47,FAIL,POSE_UNCERTAINTY_FAIL
C0069,target_satellite_v0,0.5,0.01,0.5,3.0,1.0,0,1.0,90.1,16.0,6.807,0.024,0.271,0.47,FAIL,POSE_UNCERTAINTY_FAIL
C0070,target_satellite_v0,0.5,0.01,0.5,3.0,1.0,1,1.0,90.1,16.0,1.021,0.024,0.271,0.47,FAIL,POSE_UNCERTAINTY_FAIL
C0071,target_satellite_v0,0.5,0.01,0.5,3.0,1.2,0,1.0,90.1,16.0,6.807,0.024,0.325,0.47,FAIL,POSE_UNCERTAINTY_FAIL
C0072,target_satellite_v0,0.5,0.01,0.5,3.0,1.2,1,1.0,90.1,16.0,1.021,0.024,0.325,0.47,FAIL,POSE_UNCERTAINTY_FAIL
C0073,target_satellite_v0,0.5,0.01,1.0,1.0,0.8,0,1.0,90.1,8.0,13.133,0.024,0.217,0.47,FAIL,BASE_REACTION_FAIL
C0074,target_satellite_v0,0.5,0.01,1.0,1.0,0.8,1,1.0,90.1,8.0,1.97,0.024,0.217,0.47,SAFE,SAFE
C0075,target_satellite_v0,0.5,0.01,1.0,1.0,1.0,0,1.0,90.1,8.0,13.133,0.024,0.271,0.47,FAIL,BASE_REACTION_FAIL
C0076,target_satellite_v0,0.5,0.01,1.0,1.0,1.0,1,1.0,90.1,8.0,1.97,0.024,0.271,0.47,SAFE,SAFE
C0077,target_satellite_v0,0.5,0.01,1.0,1.0,1.2,0,1.0,90.1,8.0,13.133,0.024,0.325,0.47,FAIL,BASE_REACTION_FAIL
C0078,target_satellite_v0,0.5,0.01,1.0,1.0,1.2,1,1.0,90.1,8.0,1.97,0.024,0.325,0.47,SAFE,SAFE
C0079,target_satellite_v0,0.5,0.01,1.0,2.0,0.8,0,1.0,90.1,8.0,13.133,0.024,0.217,0.47,FAIL,BASE_REACTION_FAIL
C0080,target_satellite_v0,0.5,0.01,1.0,2.0,0.8,1,1.0,90.1,8.0,1.97,0.024,0.217,0.47,SAFE,SAFE
C0081,target_satellite_v0,0.5,0.01,1.0,2.0,1.0,0,1.0,90.1,8.0,13.133,0.024,0.271,0.47,FAIL,BASE_REACTION_FAIL
C0082,target_satellite_v0,0.5,0.01,1.0,2.0,1.0,1,1.0,90.1,8.0,1.97,0.024,0.271,0.47,SAFE,SAFE
C0083,target_satellite_v0,0.5,0.01,1.0,2.0,1.2,0,1.0,90.1,8.0,13.133,0.024,0.325,0.47,FAIL,BASE_REACTION_FAIL
C0084,target_satellite_v0,0.5,0.01,1.0,2.0,1.2,1,1.0,90.1,8.0,1.97,0.024,0.325,0.47,SAFE,SAFE
C0085,target_satellite_v0,0.5,0.01,1.0,3.0,0.8,0,1.0,90.1,8.0,13.133,0.024,0.217,0.47,FAIL,POSE_UNCERTAINTY_FAIL
C0086,target_satellite_v0,0.5,0.01,1.0,3.0,0.8,1,1.0,90.1,8.0,1.97,0.024,0.217,0.47,FAIL,POSE_UNCERTAINTY_FAIL
C0087,target_satellite_v0,0.5,0.01,1.0,3.0,1.0,0,1.0,90.1,8.0,13.133,0.024,0.271,0.47,FAIL,POSE_UNCERTAINTY_FAIL
C0088,target_satellite_v0,0.5,0.01,1.0,3.0,1.0,1,1.0,90.1,8.0,1.97,0.024,0.271,0.47,FAIL,POSE_UNCERTAINTY_FAIL
C0089,target_satellite_v0,0.5,0.01,1.0,3.0,1.2,0,1.0,90.1,8.0,13.133,0.024,0.325,0.47,FAIL,POSE_UNCERTAINTY_FAIL
C0090,target_satellite_v0,0.5,0.01,1.0,3.0,1.2,1,1.0,90.1,8.0,1.97,0.024,0.325,0.47,FAIL,POSE_UNCERTAINTY_FAIL
C0091,target_satellite_v0,0.5,0.01,1.5,1.0,0.8,0,1.0,90.1,5.33,18.502,0.024,0.217,0.47,FAIL,BASE_REACTION_FAIL
C0092,target_satellite_v0,0.5,0.01,1.5,1.0,0.8,1,1.0,90.1,5.33,2.775,0.024,0.217,0.47,SAFE,SAFE
C0093,target_satellite_v0,0.5,0.01,1.5,1.0,1.0,0,1.0,90.1,5.33,18.502,0.024,0.271,0.47,FAIL,BASE_REACTION_FAIL
C0094,target_satellite_v0,0.5,0.01,1.5,1.0,1.0,1,1.0,90.1,5.33,2.775,0.024,0.271,0.47,SAFE,SAFE
C0095,target_satellite_v0,0.5,0.01,1.5,1.0,1.2,0,1.0,90.1,5.33,18.502,0.024,0.325,0.47,FAIL,BASE_REACTION_FAIL
C0096,target_satellite_v0,0.5,0.01,1.5,1.0,1.2,1,1.0,90.1,5.33,2.775,0.024,0.325,0.47,SAFE,SAFE
C0097,target_satellite_v0,0.5,0.01,1.5,2.0,0.8,0,1.0,90.1,5.33,18.502,0.024,0.217,0.47,FAIL,BASE_REACTION_FAIL
C0098,target_satellite_v0,0.5,0.01,1.5,2.0,0.8,1,1.0,90.1,5.33,2.775,0.024,0.217,0.47,SAFE,SAFE
C0099,target_satellite_v0,0.5,0.01,1.5,2.0,1.0,0,1.0,90.1,5.33,18.502,0.024,0.271,0.47,FAIL,BASE_REACTION_FAIL
C0100,target_satellite_v0,0.5,0.01,1.5,2.0,1.0,1,1.0,90.1,5.33,2.775,0.024,0.271,0.47,SAFE,SAFE
C0101,target_satellite_v0,0.5,0.01,1.5,2.0,1.2,0,1.0,90.1,5.33,18.502,0.024,0.325,0.47,FAIL,BASE_REACTION_FAIL
C0102,target_satellite_v0,0.5,0.01,1.5,2.0,1.2,1,1.0,90.1,5.33,2.775,0.024,0.325,0.47,SAFE,SAFE
C0103,target_satellite_v0,0.5,0.01,1.5,3.0,0.8,0,1.0,90.1,5.33,18.502,0.024,0.217,0.47,FAIL,POSE_UNCERTAINTY_FAIL
C0104,target_satellite_v0,0.5,0.01,1.5,3.0,0.8,1,1.0,90.1,5.33,2.775,0.024,0.217,0.47,FAIL,POSE_UNCERTAINTY_FAIL
C0105,target_satellite_v0,0.5,0.01,1.5,3.0,1.0,0,1.0,90.1,5.33,18.502,0.024,0.271,0.47,FAIL,POSE_UNCERTAINTY_FAIL
C0106,target_satellite_v0,0.5,0.01,1.5,3.0,1.0,1,1.0,90.1,5.33,2.775,0.024,0.271,0.47,FAIL,POSE_UNCERTAINTY_FAIL
C0107,target_satellite_v0,0.5,0.01,1.5,3.0,1.2,0,1.0,90.1,5.33,18.502,0.024,0.325,0.47,FAIL,POSE_UNCERTAINTY_FAIL
C0108,target_satellite_v0,0.5,0.01,1.5,3.0,1.2,1,1.0,90.1,5.33,2.775,0.024,0.325,0.47,FAIL,POSE_UNCERTAINTY_FAIL
C0109,target_satellite_v0,0.5,0.02,0.5,1.0,0.8,0,1.0,90.1,16.0,6.807,0.024,0.217,0.47,FAIL,BASE_REACTION_FAIL
C0110,target_satellite_v0,0.5,0.02,0.5,1.0,0.8,1,1.0,90.1,16.0,1.021,0.024,0.217,0.47,SAFE,SAFE
C0111,target_satellite_v0,0.5,0.02,0.5,1.0,1.0,0,1.0,90.1,16.0,6.807,0.024,0.271,0.47,FAIL,BASE_REACTION_FAIL
C0112,target_satellite_v0,0.5,0.02,0.5,1.0,1.0,1,1.0,90.1,16.0,1.021,0.024,0.271,0.47,SAFE,SAFE
C0113,target_satellite_v0,0.5,0.02,0.5,1.0,1.2,0,1.0,90.1,16.0,6.807,0.024,0.325,0.47,FAIL,BASE_REACTION_FAIL
C0114,target_satellite_v0,0.5,0.02,0.5,1.0,1.2,1,1.0,90.1,16.0,1.021,0.024,0.325,0.47,SAFE,SAFE
C0115,target_satellite_v0,0.5,0.02,0.5,2.0,0.8,0,1.0,90.1,16.0,6.807,0.024,0.217,0.47,FAIL,BASE_REACTION_FAIL
C0116,target_satellite_v0,0.5,0.02,0.5,2.0,0.8,1,1.0,90.1,16.0,1.021,0.024,0.217,0.47,SAFE,SAFE
C0117,target_satellite_v0,0.5,0.02,0.5,2.0,1.0,0,1.0,90.1,16.0,6.807,0.024,0.271,0.47,FAIL,BASE_REACTION_FAIL
C0118,target_satellite_v0,0.5,0.02,0.5,2.0,1.0,1,1.0,90.1,16.0,1.021,0.024,0.271,0.47,SAFE,SAFE
C0119,target_satellite_v0,0.5,0.02,0.5,2.0,1.2,0,1.0,90.1,16.0,6.807,0.024,0.325,0.47,FAIL,BASE_REACTION_FAIL
C0120,target_satellite_v0,0.5,0.02,0.5,2.0,1.2,1,1.0,90.1,16.0,1.021,0.024,0.325,0.47,SAFE,SAFE
C0121,target_satellite_v0,0.5,0.02,0.5,3.0,0.8,0,1.0,90.1,16.0,6.807,0.024,0.217,0.47,FAIL,POSE_UNCERTAINTY_FAIL
C0122,target_satellite_v0,0.5,0.02,0.5,3.0,0.8,1,1.0,90.1,16.0,1.021,0.024,0.217,0.47,FAIL,POSE_UNCERTAINTY_FAIL
C0123,target_satellite_v0,0.5,0.02,0.5,3.0,1.0,0,1.0,90.1,16.0,6.807,0.024,0.271,0.47,FAIL,POSE_UNCERTAINTY_FAIL
C0124,target_satellite_v0,0.5,0.02,0.5,3.0,1.0,1,1.0,90.1,16.0,1.021,0.024,0.271,0.47,FAIL,POSE_UNCERTAINTY_FAIL
C0125,target_satellite_v0,0.5,0.02,0.5,3.0,1.2,0,1.0,90.1,16.0,6.807,0.024,0.325,0.47,FAIL,POSE_UNCERTAINTY_FAIL
C0126,target_satellite_v0,0.5,0.02,0.5,3.0,1.2,1,1.0,90.1,16.0,1.021,0.024,0.325,0.47,FAIL,POSE_UNCERTAINTY_FAIL
C0127,target_satellite_v0,0.5,0.02,1.0,1.0,0.8,0,1.0,90.1,8.0,13.133,0.024,0.217,0.47,FAIL,BASE_REACTION_FAIL
C0128,target_satellite_v0,0.5,0.02,1.0,1.0,0.8,1,1.0,90.1,8.0,1.97,0.024,0.217,0.47,SAFE,SAFE
C0129,target_satellite_v0,0.5,0.02,1.0,1.0,1.0,0,1.0,90.1,8.0,13.133,0.024,0.271,0.47,FAIL,BASE_REACTION_FAIL
C0130,target_satellite_v0,0.5,0.02,1.0,1.0,1.0,1,1.0,90.1,8.0,1.97,0.024,0.271,0.47,SAFE,SAFE
C0131,target_satellite_v0,0.5,0.02,1.0,1.0,1.2,0,1.0,90.1,8.0,13.133,0.024,0.325,0.47,FAIL,BASE_REACTION_FAIL
C0132,target_satellite_v0,0.5,0.02,1.0,1.0,1.2,1,1.0,90.1,8.0,1.97,0.024,0.325,0.47,SAFE,SAFE
C0133,target_satellite_v0,0.5,0.02,1.0,2.0,0.8,0,1.0,90.1,8.0,13.133,0.024,0.217,0.47,FAIL,BASE_REACTION_FAIL
C0134,target_satellite_v0,0.5,0.02,1.0,2.0,0.8,1,1.0,90.1,8.0,1.97,0.024,0.217,0.47,SAFE,SAFE
C0135,target_satellite_v0,0.5,0.02,1.0,2.0,1.0,0,1.0,90.1,8.0,13.133,0.024,0.271,0.47,FAIL,BASE_REACTION_FAIL
C0136,target_satellite_v0,0.5,0.02,1.0,2.0,1.0,1,1.0,90.1,8.0,1.97,0.024,0.271,0.47,SAFE,SAFE
C0137,target_satellite_v0,0.5,0.02,1.0,2.0,1.2,0,1.0,90.1,8.0,13.133,0.024,0.325,0.47,FAIL,BASE_REACTION_FAIL
C0138,target_satellite_v0,0.5,0.02,1.0,2.0,1.2,1,1.0,90.1,8.0,1.97,0.024,0.325,0.47,SAFE,SAFE
C0139,target_satellite_v0,0.5,0.02,1.0,3.0,0.8,0,1.0,90.1,8.0,13.133,0.024,0.217,0.47,FAIL,POSE_UNCERTAINTY_FAIL
C0140,target_satellite_v0,0.5,0.02,1.0,3.0,0.8,1,1.0,90.1,8.0,1.97,0.024,0.217,0.47,FAIL,POSE_UNCERTAINTY_FAIL
C0141,target_satellite_v0,0.5,0.02,1.0,3.0,1.0,0,1.0,90.1,8.0,13.133,0.024,0.271,0.47,FAIL,POSE_UNCERTAINTY_FAIL
C0142,target_satellite_v0,0.5,0.02,1.0,3.0,1.0,1,1.0,90.1,8.0,1.97,0.024,0.271,0.47,FAIL,POSE_UNCERTAINTY_FAIL
C0143,target_satellite_v0,0.5,0.02,1.0,3.0,1.2,0,1.0,90.1,8.0,13.133,0.024,0.325,0.47,FAIL,POSE_UNCERTAINTY_FAIL
C0144,target_satellite_v0,0.5,0.02,1.0,3.0,1.2,1,1.0,90.1,8.0,1.97,0.024,0.325,0.47,FAIL,POSE_UNCERTAINTY_FAIL
C0145,target_satellite_v0,0.5,0.02,1.5,1.0,0.8,0,1.0,90.1,5.33,18.502,0.024,0.217,0.47,FAIL,BASE_REACTION_FAIL
C0146,target_satellite_v0,0.5,0.02,1.5,1.0,0.8,1,1.0,90.1,5.33,2.775,0.024,0.217,0.47,SAFE,SAFE
C0147,target_satellite_v0,0.5,0.02,1.5,1.0,1.0,0,1.0,90.1,5.33,18.502,0.024,0.271,0.47,FAIL,BASE_REACTION_FAIL
C0148,target_satellite_v0,0.5,0.02,1.5,1.0,1.0,1,1.0,90.1,5.33,2.775,0.024,0.271,0.47,SAFE,SAFE
C0149,target_satellite_v0,0.5,0.02,1.5,1.0,1.2,0,1.0,90.1,5.33,18.502,0.024,0.325,0.47,FAIL,BASE_REACTION_FAIL
C0150,target_satellite_v0,0.5,0.02,1.5,1.0,1.2,1,1.0,90.1,5.33,2.775,0.024,0.325,0.47,SAFE,SAFE
C0151,target_satellite_v0,0.5,0.02,1.5,2.0,0.8,0,1.0,90.1,5.33,18.502,0.024,0.217,0.47,FAIL,BASE_REACTION_FAIL
C0152,target_satellite_v0,0.5,0.02,1.5,2.0,0.8,1,1.0,90.1,5.33,2.775,0.024,0.217,0.47,SAFE,SAFE
C0153,target_satellite_v0,0.5,0.02,1.5,2.0,1.0,0,1.0,90.1,5.33,18.502,0.024,0.271,0.47,FAIL,BASE_REACTION_FAIL
C0154,target_satellite_v0,0.5,0.02,1.5,2.0,1.0,1,1.0,90.1,5.33,2.775,0.024,0.271,0.47,SAFE,SAFE
C0155,target_satellite_v0,0.5,0.02,1.5,2.0,1.2,0,1.0,90.1,5.33,18.502,0.024,0.325,0.47,FAIL,BASE_REACTION_FAIL
C0156,target_satellite_v0,0.5,0.02,1.5,2.0,1.2,1,1.0,90.1,5.33,2.775,0.024,0.325,0.47,SAFE,SAFE
C0157,target_satellite_v0,0.5,0.02,1.5,3.0,0.8,0,1.0,90.1,5.33,18.502,0.024,0.217,0.47,FAIL,POSE_UNCERTAINTY_FAIL
C0158,target_satellite_v0,0.5,0.02,1.5,3.0,0.8,1,1.0,90.1,5.33,2.775,0.024,0.217,0.47,FAIL,POSE_UNCERTAINTY_FAIL
C0159,target_satellite_v0,0.5,0.02,1.5,3.0,1.0,0,1.0,90.1,5.33,18.502,0.024,0.271,0.47,FAIL,POSE_UNCERTAINTY_FAIL
C0160,target_satellite_v0,0.5,0.02,1.5,3.0,1.0,1,1.0,90.1,5.33,2.775,0.024,0.271,0.47,FAIL,POSE_UNCERTAINTY_FAIL
C0161,target_satellite_v0,0.5,0.02,1.5,3.0,1.2,0,1.0,90.1,5.33,18.502,0.024,0.325,0.47,FAIL,POSE_UNCERTAINTY_FAIL
C0162,target_satellite_v0,0.5,0.02,1.5,3.0,1.2,1,1.0,90.1,5.33,2.775,0.024,0.325,0.47,FAIL,POSE_UNCERTAINTY_FAIL
C0163,target_satellite_v0,1.0,0.005,0.5,1.0,0.8,0,1.0,84.79,16.0,6.807,0.02,0.433,0.47,FAIL,BASE_REACTION_FAIL
C0164,target_satellite_v0,1.0,0.005,0.5,1.0,0.8,1,1.0,84.79,16.0,1.021,0.02,0.433,0.47,SAFE,SAFE
C0165,target_satellite_v0,1.0,0.005,0.5,1.0,1.0,0,1.0,84.79,16.0,6.807,0.02,0.542,0.47,FAIL,BASE_REACTION_FAIL
C0166,target_satellite_v0,1.0,0.005,0.5,1.0,1.0,1,1.0,84.79,16.0,1.021,0.02,0.542,0.47,SAFE,SAFE
C0167,target_satellite_v0,1.0,0.005,0.5,1.0,1.2,0,1.0,84.79,16.0,6.807,0.02,0.65,0.47,FAIL,BASE_REACTION_FAIL
C0168,target_satellite_v0,1.0,0.005,0.5,1.0,1.2,1,1.0,84.79,16.0,1.021,0.02,0.65,0.47,SAFE,SAFE
C0169,target_satellite_v0,1.0,0.005,0.5,2.0,0.8,0,1.0,84.79,16.0,6.807,0.02,0.433,0.47,FAIL,BASE_REACTION_FAIL
C0170,target_satellite_v0,1.0,0.005,0.5,2.0,0.8,1,1.0,84.79,16.0,1.021,0.02,0.433,0.47,SAFE,SAFE
C0171,target_satellite_v0,1.0,0.005,0.5,2.0,1.0,0,1.0,84.79,16.0,6.807,0.02,0.542,0.47,FAIL,BASE_REACTION_FAIL
C0172,target_satellite_v0,1.0,0.005,0.5,2.0,1.0,1,1.0,84.79,16.0,1.021,0.02,0.542,0.47,SAFE,SAFE
C0173,target_satellite_v0,1.0,0.005,0.5,2.0,1.2,0,1.0,84.79,16.0,6.807,0.02,0.65,0.47,FAIL,BASE_REACTION_FAIL
C0174,target_satellite_v0,1.0,0.005,0.5,2.0,1.2,1,1.0,84.79,16.0,1.021,0.02,0.65,0.47,SAFE,SAFE
C0175,target_satellite_v0,1.0,0.005,0.5,3.0,0.8,0,1.0,84.79,16.0,6.807,0.02,0.433,0.47,FAIL,POSE_UNCERTAINTY_FAIL
C0176,target_satellite_v0,1.0,0.005,0.5,3.0,0.8,1,1.0,84.79,16.0,1.021,0.02,0.433,0.47,FAIL,POSE_UNCERTAINTY_FAIL
C0177,target_satellite_v0,1.0,0.005,0.5,3.0,1.0,0,1.0,84.79,16.0,6.807,0.02,0.542,0.47,FAIL,POSE_UNCERTAINTY_FAIL
C0178,target_satellite_v0,1.0,0.005,0.5,3.0,1.0,1,1.0,84.79,16.0,1.021,0.02,0.542,0.47,FAIL,POSE_UNCERTAINTY_FAIL
C0179,target_satellite_v0,1.0,0.005,0.5,3.0,1.2,0,1.0,84.79,16.0,6.807,0.02,0.65,0.47,FAIL,POSE_UNCERTAINTY_FAIL
C0180,target_satellite_v0,1.0,0.005,0.5,3.0,1.2,1,1.0,84.79,16.0,1.021,0.02,0.65,0.47,FAIL,POSE_UNCERTAINTY_FAIL
C0181,target_satellite_v0,1.0,0.005,1.0,1.0,0.8,0,1.0,84.79,8.0,13.133,0.02,0.433,0.47,FAIL,BASE_REACTION_FAIL
C0182,target_satellite_v0,1.0,0.005,1.0,1.0,0.8,1,1.0,84.79,8.0,1.97,0.02,0.433,0.47,SAFE,SAFE
C0183,target_satellite_v0,1.0,0.005,1.0,1.0,1.0,0,1.0,84.79,8.0,13.133,0.02,0.542,0.47,FAIL,BASE_REACTION_FAIL
C0184,target_satellite_v0,1.0,0.005,1.0,1.0,1.0,1,1.0,84.79,8.0,1.97,0.02,0.542,0.47,SAFE,SAFE
C0185,target_satellite_v0,1.0,0.005,1.0,1.0,1.2,0,1.0,84.79,8.0,13.133,0.02,0.65,0.47,FAIL,BASE_REACTION_FAIL
C0186,target_satellite_v0,1.0,0.005,1.0,1.0,1.2,1,1.0,84.79,8.0,1.97,0.02,0.65,0.47,SAFE,SAFE
C0187,target_satellite_v0,1.0,0.005,1.0,2.0,0.8,0,1.0,84.79,8.0,13.133,0.02,0.433,0.47,FAIL,BASE_REACTION_FAIL
C0188,target_satellite_v0,1.0,0.005,1.0,2.0,0.8,1,1.0,84.79,8.0,1.97,0.02,0.433,0.47,SAFE,SAFE
C0189,target_satellite_v0,1.0,0.005,1.0,2.0,1.0,0,1.0,84.79,8.0,13.133,0.02,0.542,0.47,FAIL,BASE_REACTION_FAIL
C0190,target_satellite_v0,1.0,0.005,1.0,2.0,1.0,1,1.0,84.79,8.0,1.97,0.02,0.542,0.47,SAFE,SAFE
C0191,target_satellite_v0,1.0,0.005,1.0,2.0,1.2,0,1.0,84.79,8.0,13.133,0.02,0.65,0.47,FAIL,BASE_REACTION_FAIL
C0192,target_satellite_v0,1.0,0.005,1.0,2.0,1.2,1,1.0,84.79,8.0,1.97,0.02,0.65,0.47,SAFE,SAFE
C0193,target_satellite_v0,1.0,0.005,1.0,3.0,0.8,0,1.0,84.79,8.0,13.133,0.02,0.433,0.47,FAIL,POSE_UNCERTAINTY_FAIL
C0194,target_satellite_v0,1.0,0.005,1.0,3.0,0.8,1,1.0,84.79,8.0,1.97,0.02,0.433,0.47,FAIL,POSE_UNCERTAINTY_FAIL
C0195,target_satellite_v0,1.0,0.005,1.0,3.0,1.0,0,1.0,84.79,8.0,13.133,0.02,0.542,0.47,FAIL,POSE_UNCERTAINTY_FAIL
C0196,target_satellite_v0,1.0,0.005,1.0,3.0,1.0,1,1.0,84.79,8.0,1.97,0.02,0.542,0.47,FAIL,POSE_UNCERTAINTY_FAIL
C0197,target_satellite_v0,1.0,0.005,1.0,3.0,1.2,0,1.0,84.79,8.0,13.133,0.02,0.65,0.47,FAIL,POSE_UNCERTAINTY_FAIL
C0198,target_satellite_v0,1.0,0.005,1.0,3.0,1.2,1,1.0,84.79,8.0,1.97,0.02,0.65,0.47,FAIL,POSE_UNCERTAINTY_FAIL
C0199,target_satellite_v0,1.0,0.005,1.5,1.0,0.8,0,1.0,84.79,5.33,18.502,0.02,0.433,0.47,FAIL,BASE_REACTION_FAIL
C0200,target_satellite_v0,1.0,0.005,1.5,1.0,0.8,1,1.0,84.79,5.33,2.775,0.02,0.433,0.47,SAFE,SAFE
C0201,target_satellite_v0,1.0,0.005,1.5,1.0,1.0,0,1.0,84.79,5.33,18.502,0.02,0.542,0.47,FAIL,BASE_REACTION_FAIL
C0202,target_satellite_v0,1.0,0.005,1.5,1.0,1.0,1,1.0,84.79,5.33,2.775,0.02,0.542,0.47,SAFE,SAFE
C0203,target_satellite_v0,1.0,0.005,1.5,1.0,1.2,0,1.0,84.79,5.33,18.502,0.02,0.65,0.47,FAIL,BASE_REACTION_FAIL
C0204,target_satellite_v0,1.0,0.005,1.5,1.0,1.2,1,1.0,84.79,5.33,2.775,0.02,0.65,0.47,SAFE,SAFE
C0205,target_satellite_v0,1.0,0.005,1.5,2.0,0.8,0,1.0,84.79,5.33,18.502,0.02,0.433,0.47,FAIL,BASE_REACTION_FAIL
C0206,target_satellite_v0,1.0,0.005,1.5,2.0,0.8,1,1.0,84.79,5.33,2.775,0.02,0.433,0.47,SAFE,SAFE
C0207,target_satellite_v0,1.0,0.005,1.5,2.0,1.0,0,1.0,84.79,5.33,18.502,0.02,0.542,0.47,FAIL,BASE_REACTION_FAIL
C0208,target_satellite_v0,1.0,0.005,1.5,2.0,1.0,1,1.0,84.79,5.33,2.775,0.02,0.542,0.47,SAFE,SAFE
C0209,target_satellite_v0,1.0,0.005,1.5,2.0,1.2,0,1.0,84.79,5.33,18.502,0.02,0.65,0.47,FAIL,BASE_REACTION_FAIL
C0210,target_satellite_v0,1.0,0.005,1.5,2.0,1.2,1,1.0,84.79,5.33,2.775,0.02,0.65,0.47,SAFE,SAFE
C0211,target_satellite_v0,1.0,0.005,1.5,3.0,0.8,0,1.0,84.79,5.33,18.502,0.02,0.433,0.47,FAIL,POSE_UNCERTAINTY_FAIL
C0212,target_satellite_v0,1.0,0.005,1.5,3.0,0.8,1,1.0,84.79,5.33,2.775,0.02,0.433,0.47,FAIL,POSE_UNCERTAINTY_FAIL
C0213,target_satellite_v0,1.0,0.005,1.5,3.0,1.0,0,1.0,84.79,5.33,18.502,0.02,0.542,0.47,FAIL,POSE_UNCERTAINTY_FAIL
C0214,target_satellite_v0,1.0,0.005,1.5,3.0,1.0,1,1.0,84.79,5.33,2.775,0.02,0.542,0.47,FAIL,POSE_UNCERTAINTY_FAIL
C0215,target_satellite_v0,1.0,0.005,1.5,3.0,1.2,0,1.0,84.79,5.33,18.502,0.02,0.65,0.47,FAIL,POSE_UNCERTAINTY_FAIL
C0216,target_satellite_v0,1.0,0.005,1.5,3.0,1.2,1,1.0,84.79,5.33,2.775,0.02,0.65,0.47,FAIL,POSE_UNCERTAINTY_FAIL
C0217,target_satellite_v0,1.0,0.01,0.5,1.0,0.8,0,1.0,84.79,16.0,6.807,0.02,0.433,0.47,FAIL,BASE_REACTION_FAIL
C0218,target_satellite_v0,1.0,0.01,0.5,1.0,0.8,1,1.0,84.79,16.0,1.021,0.02,0.433,0.47,SAFE,SAFE
C0219,target_satellite_v0,1.0,0.01,0.5,1.0,1.0,0,1.0,84.79,16.0,6.807,0.02,0.542,0.47,FAIL,BASE_REACTION_FAIL
C0220,target_satellite_v0,1.0,0.01,0.5,1.0,1.0,1,1.0,84.79,16.0,1.021,0.02,0.542,0.47,SAFE,SAFE
C0221,target_satellite_v0,1.0,0.01,0.5,1.0,1.2,0,1.0,84.79,16.0,6.807,0.02,0.65,0.47,FAIL,BASE_REACTION_FAIL
C0222,target_satellite_v0,1.0,0.01,0.5,1.0,1.2,1,1.0,84.79,16.0,1.021,0.02,0.65,0.47,SAFE,SAFE
C0223,target_satellite_v0,1.0,0.01,0.5,2.0,0.8,0,1.0,84.79,16.0,6.807,0.02,0.433,0.47,FAIL,BASE_REACTION_FAIL
C0224,target_satellite_v0,1.0,0.01,0.5,2.0,0.8,1,1.0,84.79,16.0,1.021,0.02,0.433,0.47,SAFE,SAFE
C0225,target_satellite_v0,1.0,0.01,0.5,2.0,1.0,0,1.0,84.79,16.0,6.807,0.02,0.542,0.47,FAIL,BASE_REACTION_FAIL
C0226,target_satellite_v0,1.0,0.01,0.5,2.0,1.0,1,1.0,84.79,16.0,1.021,0.02,0.542,0.47,SAFE,SAFE
C0227,target_satellite_v0,1.0,0.01,0.5,2.0,1.2,0,1.0,84.79,16.0,6.807,0.02,0.65,0.47,FAIL,BASE_REACTION_FAIL
C0228,target_satellite_v0,1.0,0.01,0.5,2.0,1.2,1,1.0,84.79,16.0,1.021,0.02,0.65,0.47,SAFE,SAFE
C0229,target_satellite_v0,1.0,0.01,0.5,3.0,0.8,0,1.0,84.79,16.0,6.807,0.02,0.433,0.47,FAIL,POSE_UNCERTAINTY_FAIL
C0230,target_satellite_v0,1.0,0.01,0.5,3.0,0.8,1,1.0,84.79,16.0,1.021,0.02,0.433,0.47,FAIL,POSE_UNCERTAINTY_FAIL
C0231,target_satellite_v0,1.0,0.01,0.5,3.0,1.0,0,1.0,84.79,16.0,6.807,0.02,0.542,0.47,FAIL,POSE_UNCERTAINTY_FAIL
C0232,target_satellite_v0,1.0,0.01,0.5,3.0,1.0,1,1.0,84.79,16.0,1.021,0.02,0.542,0.47,FAIL,POSE_UNCERTAINTY_FAIL
C0233,target_satellite_v0,1.0,0.01,0.5,3.0,1.2,0,1.0,84.79,16.0,6.807,0.02,0.65,0.47,FAIL,POSE_UNCERTAINTY_FAIL
C0234,target_satellite_v0,1.0,0.01,0.5,3.0,1.2,1,1.0,84.79,16.0,1.021,0.02,0.65,0.47,FAIL,POSE_UNCERTAINTY_FAIL
C0235,target_satellite_v0,1.0,0.01,1.0,1.0,0.8,0,1.0,84.79,8.0,13.133,0.02,0.433,0.47,FAIL,BASE_REACTION_FAIL
C0236,target_satellite_v0,1.0,0.01,1.0,1.0,0.8,1,1.0,84.79,8.0,1.97,0.02,0.433,0.47,SAFE,SAFE
C0237,target_satellite_v0,1.0,0.01,1.0,1.0,1.0,0,1.0,84.79,8.0,13.133,0.02,0.542,0.47,FAIL,BASE_REACTION_FAIL
C0238,target_satellite_v0,1.0,0.01,1.0,1.0,1.0,1,1.0,84.79,8.0,1.97,0.02,0.542,0.47,SAFE,SAFE
C0239,target_satellite_v0,1.0,0.01,1.0,1.0,1.2,0,1.0,84.79,8.0,13.133,0.02,0.65,0.47,FAIL,BASE_REACTION_FAIL
C0240,target_satellite_v0,1.0,0.01,1.0,1.0,1.2,1,1.0,84.79,8.0,1.97,0.02,0.65,0.47,SAFE,SAFE
C0241,target_satellite_v0,1.0,0.01,1.0,2.0,0.8,0,1.0,84.79,8.0,13.133,0.02,0.433,0.47,FAIL,BASE_REACTION_FAIL
C0242,target_satellite_v0,1.0,0.01,1.0,2.0,0.8,1,1.0,84.79,8.0,1.97,0.02,0.433,0.47,SAFE,SAFE
C0243,target_satellite_v0,1.0,0.01,1.0,2.0,1.0,0,1.0,84.79,8.0,13.133,0.02,0.542,0.47,FAIL,BASE_REACTION_FAIL
C0244,target_satellite_v0,1.0,0.01,1.0,2.0,1.0,1,1.0,84.79,8.0,1.97,0.02,0.542,0.47,SAFE,SAFE
C0245,target_satellite_v0,1.0,0.01,1.0,2.0,1.2,0,1.0,84.79,8.0,13.133,0.02,0.65,0.47,FAIL,BASE_REACTION_FAIL
C0246,target_satellite_v0,1.0,0.01,1.0,2.0,1.2,1,1.0,84.79,8.0,1.97,0.02,0.65,0.47,SAFE,SAFE
C0247,target_satellite_v0,1.0,0.01,1.0,3.0,0.8,0,1.0,84.79,8.0,13.133,0.02,0.433,0.47,FAIL,POSE_UNCERTAINTY_FAIL
C0248,target_satellite_v0,1.0,0.01,1.0,3.0,0.8,1,1.0,84.79,8.0,1.97,0.02,0.433,0.47,FAIL,POSE_UNCERTAINTY_FAIL
C0249,target_satellite_v0,1.0,0.01,1.0,3.0,1.0,0,1.0,84.79,8.0,13.133,0.02,0.542,0.47,FAIL,POSE_UNCERTAINTY_FAIL
C0250,target_satellite_v0,1.0,0.01,1.0,3.0,1.0,1,1.0,84.79,8.0,1.97,0.02,0.542,0.47,FAIL,POSE_UNCERTAINTY_FAIL
C0251,target_satellite_v0,1.0,0.01,1.0,3.0,1.2,0,1.0,84.79,8.0,13.133,0.02,0.65,0.47,FAIL,POSE_UNCERTAINTY_FAIL
C0252,target_satellite_v0,1.0,0.01,1.0,3.0,1.2,1,1.0,84.79,8.0,1.97,0.02,0.65,0.47,FAIL,POSE_UNCERTAINTY_FAIL
C0253,target_satellite_v0,1.0,0.01,1.5,1.0,0.8,0,1.0,84.79,5.33,18.502,0.02,0.433,0.47,FAIL,BASE_REACTION_FAIL
C0254,target_satellite_v0,1.0,0.01,1.5,1.0,0.8,1,1.0,84.79,5.33,2.775,0.02,0.433,0.47,SAFE,SAFE
C0255,target_satellite_v0,1.0,0.01,1.5,1.0,1.0,0,1.0,84.79,5.33,18.502,0.02,0.542,0.47,FAIL,BASE_REACTION_FAIL
C0256,target_satellite_v0,1.0,0.01,1.5,1.0,1.0,1,1.0,84.79,5.33,2.775,0.02,0.542,0.47,SAFE,SAFE
C0257,target_satellite_v0,1.0,0.01,1.5,1.0,1.2,0,1.0,84.79,5.33,18.502,0.02,0.65,0.47,FAIL,BASE_REACTION_FAIL
C0258,target_satellite_v0,1.0,0.01,1.5,1.0,1.2,1,1.0,84.79,5.33,2.775,0.02,0.65,0.47,SAFE,SAFE
C0259,target_satellite_v0,1.0,0.01,1.5,2.0,0.8,0,1.0,84.79,5.33,18.502,0.02,0.433,0.47,FAIL,BASE_REACTION_FAIL
C0260,target_satellite_v0,1.0,0.01,1.5,2.0,0.8,1,1.0,84.79,5.33,2.775,0.02,0.433,0.47,SAFE,SAFE
C0261,target_satellite_v0,1.0,0.01,1.5,2.0,1.0,0,1.0,84.79,5.33,18.502,0.02,0.542,0.47,FAIL,BASE_REACTION_FAIL
C0262,target_satellite_v0,1.0,0.01,1.5,2.0,1.0,1,1.0,84.79,5.33,2.775,0.02,0.542,0.47,SAFE,SAFE
C0263,target_satellite_v0,1.0,0.01,1.5,2.0,1.2,0,1.0,84.79,5.33,18.502,0.02,0.65,0.47,FAIL,BASE_REACTION_FAIL
C0264,target_satellite_v0,1.0,0.01,1.5,2.0,1.2,1,1.0,84.79,5.33,2.775,0.02,0.65,0.47,SAFE,SAFE
C0265,target_satellite_v0,1.0,0.01,1.5,3.0,0.8,0,1.0,84.79,5.33,18.502,0.02,0.433,0.47,FAIL,POSE_UNCERTAINTY_FAIL
C0266,target_satellite_v0,1.0,0.01,1.5,3.0,0.8,1,1.0,84.79,5.33,2.775,0.02,0.433,0.47,FAIL,POSE_UNCERTAINTY_FAIL
C0267,target_satellite_v0,1.0,0.01,1.5,3.0,1.0,0,1.0,84.79,5.33,18.502,0.02,0.542,0.47,FAIL,POSE_UNCERTAINTY_FAIL
C0268,target_satellite_v0,1.0,0.01,1.5,3.0,1.0,1,1.0,84.79,5.33,2.775,0.02,0.542,0.47,FAIL,POSE_UNCERTAINTY_FAIL
C0269,target_satellite_v0,1.0,0.01,1.5,3.0,1.2,0,1.0,84.79,5.33,18.502,0.02,0.65,0.47,FAIL,POSE_UNCERTAINTY_FAIL
C0270,target_satellite_v0,1.0,0.01,1.5,3.0,1.2,1,1.0,84.79,5.33,2.775,0.02,0.65,0.47,FAIL,POSE_UNCERTAINTY_FAIL
C0271,target_satellite_v0,1.0,0.02,0.5,1.0,0.8,0,1.0,84.79,16.0,6.807,0.02,0.433,0.47,FAIL,BASE_REACTION_FAIL
C0272,target_satellite_v0,1.0,0.02,0.5,1.0,0.8,1,1.0,84.79,16.0,1.021,0.02,0.433,0.47,SAFE,SAFE
C0273,target_satellite_v0,1.0,0.02,0.5,1.0,1.0,0,1.0,84.79,16.0,6.807,0.02,0.542,0.47,FAIL,BASE_REACTION_FAIL
C0274,target_satellite_v0,1.0,0.02,0.5,1.0,1.0,1,1.0,84.79,16.0,1.021,0.02,0.542,0.47,SAFE,SAFE
C0275,target_satellite_v0,1.0,0.02,0.5,1.0,1.2,0,1.0,84.79,16.0,6.807,0.02,0.65,0.47,FAIL,BASE_REACTION_FAIL
C0276,target_satellite_v0,1.0,0.02,0.5,1.0,1.2,1,1.0,84.79,16.0,1.021,0.02,0.65,0.47,SAFE,SAFE
C0277,target_satellite_v0,1.0,0.02,0.5,2.0,0.8,0,1.0,84.79,16.0,6.807,0.02,0.433,0.47,FAIL,BASE_REACTION_FAIL
C0278,target_satellite_v0,1.0,0.02,0.5,2.0,0.8,1,1.0,84.79,16.0,1.021,0.02,0.433,0.47,SAFE,SAFE
C0279,target_satellite_v0,1.0,0.02,0.5,2.0,1.0,0,1.0,84.79,16.0,6.807,0.02,0.542,0.47,FAIL,BASE_REACTION_FAIL
C0280,target_satellite_v0,1.0,0.02,0.5,2.0,1.0,1,1.0,84.79,16.0,1.021,0.02,0.542,0.47,SAFE,SAFE
C0281,target_satellite_v0,1.0,0.02,0.5,2.0,1.2,0,1.0,84.79,16.0,6.807,0.02,0.65,0.47,FAIL,BASE_REACTION_FAIL
C0282,target_satellite_v0,1.0,0.02,0.5,2.0,1.2,1,1.0,84.79,16.0,1.021,0.02,0.65,0.47,SAFE,SAFE
C0283,target_satellite_v0,1.0,0.02,0.5,3.0,0.8,0,1.0,84.79,16.0,6.807,0.02,0.433,0.47,FAIL,POSE_UNCERTAINTY_FAIL
C0284,target_satellite_v0,1.0,0.02,0.5,3.0,0.8,1,1.0,84.79,16.0,1.021,0.02,0.433,0.47,FAIL,POSE_UNCERTAINTY_FAIL
C0285,target_satellite_v0,1.0,0.02,0.5,3.0,1.0,0,1.0,84.79,16.0,6.807,0.02,0.542,0.47,FAIL,POSE_UNCERTAINTY_FAIL
C0286,target_satellite_v0,1.0,0.02,0.5,3.0,1.0,1,1.0,84.79,16.0,1.021,0.02,0.542,0.47,FAIL,POSE_UNCERTAINTY_FAIL
C0287,target_satellite_v0,1.0,0.02,0.5,3.0,1.2,0,1.0,84.79,16.0,6.807,0.02,0.65,0.47,FAIL,POSE_UNCERTAINTY_FAIL
C0288,target_satellite_v0,1.0,0.02,0.5,3.0,1.2,1,1.0,84.79,16.0,1.021,0.02,0.65,0.47,FAIL,POSE_UNCERTAINTY_FAIL
C0289,target_satellite_v0,1.0,0.02,1.0,1.0,0.8,0,1.0,84.79,8.0,13.133,0.02,0.433,0.47,FAIL,BASE_REACTION_FAIL
C0290,target_satellite_v0,1.0,0.02,1.0,1.0,0.8,1,1.0,84.79,8.0,1.97,0.02,0.433,0.47,SAFE,SAFE
C0291,target_satellite_v0,1.0,0.02,1.0,1.0,1.0,0,1.0,84.79,8.0,13.133,0.02,0.542,0.47,FAIL,BASE_REACTION_FAIL
C0292,target_satellite_v0,1.0,0.02,1.0,1.0,1.0,1,1.0,84.79,8.0,1.97,0.02,0.542,0.47,SAFE,SAFE
C0293,target_satellite_v0,1.0,0.02,1.0,1.0,1.2,0,1.0,84.79,8.0,13.133,0.02,0.65,0.47,FAIL,BASE_REACTION_FAIL
C0294,target_satellite_v0,1.0,0.02,1.0,1.0,1.2,1,1.0,84.79,8.0,1.97,0.02,0.65,0.47,SAFE,SAFE
C0295,target_satellite_v0,1.0,0.02,1.0,2.0,0.8,0,1.0,84.79,8.0,13.133,0.02,0.433,0.47,FAIL,BASE_REACTION_FAIL
C0296,target_satellite_v0,1.0,0.02,1.0,2.0,0.8,1,1.0,84.79,8.0,1.97,0.02,0.433,0.47,SAFE,SAFE
C0297,target_satellite_v0,1.0,0.02,1.0,2.0,1.0,0,1.0,84.79,8.0,13.133,0.02,0.542,0.47,FAIL,BASE_REACTION_FAIL
C0298,target_satellite_v0,1.0,0.02,1.0,2.0,1.0,1,1.0,84.79,8.0,1.97,0.02,0.542,0.47,SAFE,SAFE
C0299,target_satellite_v0,1.0,0.02,1.0,2.0,1.2,0,1.0,84.79,8.0,13.133,0.02,0.65,0.47,FAIL,BASE_REACTION_FAIL
C0300,target_satellite_v0,1.0,0.02,1.0,2.0,1.2,1,1.0,84.79,8.0,1.97,0.02,0.65,0.47,SAFE,SAFE
C0301,target_satellite_v0,1.0,0.02,1.0,3.0,0.8,0,1.0,84.79,8.0,13.133,0.02,0.433,0.47,FAIL,POSE_UNCERTAINTY_FAIL
C0302,target_satellite_v0,1.0,0.02,1.0,3.0,0.8,1,1.0,84.79,8.0,1.97,0.02,0.433,0.47,FAIL,POSE_UNCERTAINTY_FAIL
C0303,target_satellite_v0,1.0,0.02,1.0,3.0,1.0,0,1.0,84.79,8.0,13.133,0.02,0.542,0.47,FAIL,POSE_UNCERTAINTY_FAIL
C0304,target_satellite_v0,1.0,0.02,1.0,3.0,1.0,1,1.0,84.79,8.0,1.97,0.02,0.542,0.47,FAIL,POSE_UNCERTAINTY_FAIL
C0305,target_satellite_v0,1.0,0.02,1.0,3.0,1.2,0,1.0,84.79,8.0,13.133,0.02,0.65,0.47,FAIL,POSE_UNCERTAINTY_FAIL
C0306,target_satellite_v0,1.0,0.02,1.0,3.0,1.2,1,1.0,84.79,8.0,1.97,0.02,0.65,0.47,FAIL,POSE_UNCERTAINTY_FAIL
C0307,target_satellite_v0,1.0,0.02,1.5,1.0,0.8,0,1.0,84.79,5.33,18.502,0.02,0.433,0.47,FAIL,BASE_REACTION_FAIL
C0308,target_satellite_v0,1.0,0.02,1.5,1.0,0.8,1,1.0,84.79,5.33,2.775,0.02,0.433,0.47,SAFE,SAFE
C0309,target_satellite_v0,1.0,0.02,1.5,1.0,1.0,0,1.0,84.79,5.33,18.502,0.02,0.542,0.47,FAIL,BASE_REACTION_FAIL
C0310,target_satellite_v0,1.0,0.02,1.5,1.0,1.0,1,1.0,84.79,5.33,2.775,0.02,0.542,0.47,SAFE,SAFE
C0311,target_satellite_v0,1.0,0.02,1.5,1.0,1.2,0,1.0,84.79,5.33,18.502,0.02,0.65,0.47,FAIL,BASE_REACTION_FAIL
C0312,target_satellite_v0,1.0,0.02,1.5,1.0,1.2,1,1.0,84.79,5.33,2.775,0.02,0.65,0.47,SAFE,SAFE
C0313,target_satellite_v0,1.0,0.02,1.5,2.0,0.8,0,1.0,84.79,5.33,18.502,0.02,0.433,0.47,FAIL,BASE_REACTION_FAIL
C0314,target_satellite_v0,1.0,0.02,1.5,2.0,0.8,1,1.0,84.79,5.33,2.775,0.02,0.433,0.47,SAFE,SAFE
C0315,target_satellite_v0,1.0,0.02,1.5,2.0,1.0,0,1.0,84.79,5.33,18.502,0.02,0.542,0.47,FAIL,BASE_REACTION_FAIL
C0316,target_satellite_v0,1.0,0.02,1.5,2.0,1.0,1,1.0,84.79,5.33,2.775,0.02,0.542,0.47,SAFE,SAFE
C0317,target_satellite_v0,1.0,0.02,1.5,2.0,1.2,0,1.0,84.79,5.33,18.502,0.02,0.65,0.47,FAIL,BASE_REACTION_FAIL
C0318,target_satellite_v0,1.0,0.02,1.5,2.0,1.2,1,1.0,84.79,5.33,2.775,0.02,0.65,0.47,SAFE,SAFE
C0319,target_satellite_v0,1.0,0.02,1.5,3.0,0.8,0,1.0,84.79,5.33,18.502,0.02,0.433,0.47,FAIL,POSE_UNCERTAINTY_FAIL
C0320,target_satellite_v0,1.0,0.02,1.5,3.0,0.8,1,1.0,84.79,5.33,2.775,0.02,0.433,0.47,FAIL,POSE_UNCERTAINTY_FAIL
C0321,target_satellite_v0,1.0,0.02,1.5,3.0,1.0,0,1.0,84.79,5.33,18.502,0.02,0.542,0.47,FAIL,POSE_UNCERTAINTY_FAIL
C0322,target_satellite_v0,1.0,0.02,1.5,3.0,1.0,1,1.0,84.79,5.33,2.775,0.02,0.542,0.47,FAIL,POSE_UNCERTAINTY_FAIL
C0323,target_satellite_v0,1.0,0.02,1.5,3.0,1.2,0,1.0,84.79,5.33,18.502,0.02,0.65,0.47,FAIL,POSE_UNCERTAINTY_FAIL
C0324,target_satellite_v0,1.0,0.02,1.5,3.0,1.2,1,1.0,84.79,5.33,2.775,0.02,0.65,0.47,FAIL,POSE_UNCERTAINTY_FAIL
C0325,target_satellite_v0,2.0,0.005,0.5,1.0,0.8,0,1.0,42.45,16.0,6.807,0.015,0.867,0.47,FAIL,BASE_REACTION_FAIL
C0326,target_satellite_v0,2.0,0.005,0.5,1.0,0.8,1,1.0,42.45,16.0,1.021,0.015,0.867,0.47,SAFE,SAFE
C0327,target_satellite_v0,2.0,0.005,0.5,1.0,1.0,0,1.0,42.45,16.0,6.807,0.015,1.083,0.47,FAIL,BASE_REACTION_FAIL
C0328,target_satellite_v0,2.0,0.005,0.5,1.0,1.0,1,1.0,42.45,16.0,1.021,0.015,1.083,0.47,SAFE,SAFE
C0329,target_satellite_v0,2.0,0.005,0.5,1.0,1.2,0,1.0,42.45,16.0,6.807,0.015,1.3,0.47,FAIL,BASE_REACTION_FAIL
C0330,target_satellite_v0,2.0,0.005,0.5,1.0,1.2,1,1.0,42.45,16.0,1.021,0.015,1.3,0.47,SAFE,SAFE
C0331,target_satellite_v0,2.0,0.005,0.5,2.0,0.8,0,1.0,42.45,16.0,6.807,0.015,0.867,0.47,FAIL,BASE_REACTION_FAIL
C0332,target_satellite_v0,2.0,0.005,0.5,2.0,0.8,1,1.0,42.45,16.0,1.021,0.015,0.867,0.47,SAFE,SAFE
C0333,target_satellite_v0,2.0,0.005,0.5,2.0,1.0,0,1.0,42.45,16.0,6.807,0.015,1.083,0.47,FAIL,BASE_REACTION_FAIL
C0334,target_satellite_v0,2.0,0.005,0.5,2.0,1.0,1,1.0,42.45,16.0,1.021,0.015,1.083,0.47,SAFE,SAFE
C0335,target_satellite_v0,2.0,0.005,0.5,2.0,1.2,0,1.0,42.45,16.0,6.807,0.015,1.3,0.47,FAIL,BASE_REACTION_FAIL
C0336,target_satellite_v0,2.0,0.005,0.5,2.0,1.2,1,1.0,42.45,16.0,1.021,0.015,1.3,0.47,SAFE,SAFE
C0337,target_satellite_v0,2.0,0.005,0.5,3.0,0.8,0,1.0,42.45,16.0,6.807,0.015,0.867,0.47,FAIL,POSE_UNCERTAINTY_FAIL
C0338,target_satellite_v0,2.0,0.005,0.5,3.0,0.8,1,1.0,42.45,16.0,1.021,0.015,0.867,0.47,FAIL,POSE_UNCERTAINTY_FAIL
C0339,target_satellite_v0,2.0,0.005,0.5,3.0,1.0,0,1.0,42.45,16.0,6.807,0.015,1.083,0.47,FAIL,POSE_UNCERTAINTY_FAIL
C0340,target_satellite_v0,2.0,0.005,0.5,3.0,1.0,1,1.0,42.45,16.0,1.021,0.015,1.083,0.47,FAIL,POSE_UNCERTAINTY_FAIL
C0341,target_satellite_v0,2.0,0.005,0.5,3.0,1.2,0,1.0,42.45,16.0,6.807,0.015,1.3,0.47,FAIL,POSE_UNCERTAINTY_FAIL
C0342,target_satellite_v0,2.0,0.005,0.5,3.0,1.2,1,1.0,42.45,16.0,1.021,0.015,1.3,0.47,FAIL,POSE_UNCERTAINTY_FAIL
C0343,target_satellite_v0,2.0,0.005,1.0,1.0,0.8,0,1.0,42.45,8.0,13.133,0.015,0.867,0.47,FAIL,BASE_REACTION_FAIL
C0344,target_satellite_v0,2.0,0.005,1.0,1.0,0.8,1,1.0,42.45,8.0,1.97,0.015,0.867,0.47,SAFE,SAFE
C0345,target_satellite_v0,2.0,0.005,1.0,1.0,1.0,0,1.0,42.45,8.0,13.133,0.015,1.083,0.47,FAIL,BASE_REACTION_FAIL
C0346,target_satellite_v0,2.0,0.005,1.0,1.0,1.0,1,1.0,42.45,8.0,1.97,0.015,1.083,0.47,SAFE,SAFE
C0347,target_satellite_v0,2.0,0.005,1.0,1.0,1.2,0,1.0,42.45,8.0,13.133,0.015,1.3,0.47,FAIL,BASE_REACTION_FAIL
C0348,target_satellite_v0,2.0,0.005,1.0,1.0,1.2,1,1.0,42.45,8.0,1.97,0.015,1.3,0.47,SAFE,SAFE
C0349,target_satellite_v0,2.0,0.005,1.0,2.0,0.8,0,1.0,42.45,8.0,13.133,0.015,0.867,0.47,FAIL,BASE_REACTION_FAIL
C0350,target_satellite_v0,2.0,0.005,1.0,2.0,0.8,1,1.0,42.45,8.0,1.97,0.015,0.867,0.47,SAFE,SAFE
C0351,target_satellite_v0,2.0,0.005,1.0,2.0,1.0,0,1.0,42.45,8.0,13.133,0.015,1.083,0.47,FAIL,BASE_REACTION_FAIL
C0352,target_satellite_v0,2.0,0.005,1.0,2.0,1.0,1,1.0,42.45,8.0,1.97,0.015,1.083,0.47,SAFE,SAFE
C0353,target_satellite_v0,2.0,0.005,1.0,2.0,1.2,0,1.0,42.45,8.0,13.133,0.015,1.3,0.47,FAIL,BASE_REACTION_FAIL
C0354,target_satellite_v0,2.0,0.005,1.0,2.0,1.2,1,1.0,42.45,8.0,1.97,0.015,1.3,0.47,SAFE,SAFE
C0355,target_satellite_v0,2.0,0.005,1.0,3.0,0.8,0,1.0,42.45,8.0,13.133,0.015,0.867,0.47,FAIL,POSE_UNCERTAINTY_FAIL
C0356,target_satellite_v0,2.0,0.005,1.0,3.0,0.8,1,1.0,42.45,8.0,1.97,0.015,0.867,0.47,FAIL,POSE_UNCERTAINTY_FAIL
C0357,target_satellite_v0,2.0,0.005,1.0,3.0,1.0,0,1.0,42.45,8.0,13.133,0.015,1.083,0.47,FAIL,POSE_UNCERTAINTY_FAIL
C0358,target_satellite_v0,2.0,0.005,1.0,3.0,1.0,1,1.0,42.45,8.0,1.97,0.015,1.083,0.47,FAIL,POSE_UNCERTAINTY_FAIL
C0359,target_satellite_v0,2.0,0.005,1.0,3.0,1.2,0,1.0,42.45,8.0,13.133,0.015,1.3,0.47,FAIL,POSE_UNCERTAINTY_FAIL
C0360,target_satellite_v0,2.0,0.005,1.0,3.0,1.2,1,1.0,42.45,8.0,1.97,0.015,1.3,0.47,FAIL,POSE_UNCERTAINTY_FAIL
C0361,target_satellite_v0,2.0,0.005,1.5,1.0,0.8,0,1.0,42.45,5.33,18.502,0.015,0.867,0.47,FAIL,BASE_REACTION_FAIL
C0362,target_satellite_v0,2.0,0.005,1.5,1.0,0.8,1,1.0,42.45,5.33,2.775,0.015,0.867,0.47,SAFE,SAFE
C0363,target_satellite_v0,2.0,0.005,1.5,1.0,1.0,0,1.0,42.45,5.33,18.502,0.015,1.083,0.47,FAIL,BASE_REACTION_FAIL
C0364,target_satellite_v0,2.0,0.005,1.5,1.0,1.0,1,1.0,42.45,5.33,2.775,0.015,1.083,0.47,SAFE,SAFE
C0365,target_satellite_v0,2.0,0.005,1.5,1.0,1.2,0,1.0,42.45,5.33,18.502,0.015,1.3,0.47,FAIL,BASE_REACTION_FAIL
C0366,target_satellite_v0,2.0,0.005,1.5,1.0,1.2,1,1.0,42.45,5.33,2.775,0.015,1.3,0.47,SAFE,SAFE
C0367,target_satellite_v0,2.0,0.005,1.5,2.0,0.8,0,1.0,42.45,5.33,18.502,0.015,0.867,0.47,FAIL,BASE_REACTION_FAIL
C0368,target_satellite_v0,2.0,0.005,1.5,2.0,0.8,1,1.0,42.45,5.33,2.775,0.015,0.867,0.47,SAFE,SAFE
C0369,target_satellite_v0,2.0,0.005,1.5,2.0,1.0,0,1.0,42.45,5.33,18.502,0.015,1.083,0.47,FAIL,BASE_REACTION_FAIL
C0370,target_satellite_v0,2.0,0.005,1.5,2.0,1.0,1,1.0,42.45,5.33,2.775,0.015,1.083,0.47,SAFE,SAFE
C0371,target_satellite_v0,2.0,0.005,1.5,2.0,1.2,0,1.0,42.45,5.33,18.502,0.015,1.3,0.47,FAIL,BASE_REACTION_FAIL
C0372,target_satellite_v0,2.0,0.005,1.5,2.0,1.2,1,1.0,42.45,5.33,2.775,0.015,1.3,0.47,SAFE,SAFE
C0373,target_satellite_v0,2.0,0.005,1.5,3.0,0.8,0,1.0,42.45,5.33,18.502,0.015,0.867,0.47,FAIL,POSE_UNCERTAINTY_FAIL
C0374,target_satellite_v0,2.0,0.005,1.5,3.0,0.8,1,1.0,42.45,5.33,2.775,0.015,0.867,0.47,FAIL,POSE_UNCERTAINTY_FAIL
C0375,target_satellite_v0,2.0,0.005,1.5,3.0,1.0,0,1.0,42.45,5.33,18.502,0.015,1.083,0.47,FAIL,POSE_UNCERTAINTY_FAIL
C0376,target_satellite_v0,2.0,0.005,1.5,3.0,1.0,1,1.0,42.45,5.33,2.775,0.015,1.083,0.47,FAIL,POSE_UNCERTAINTY_FAIL
C0377,target_satellite_v0,2.0,0.005,1.5,3.0,1.2,0,1.0,42.45,5.33,18.502,0.015,1.3,0.47,FAIL,POSE_UNCERTAINTY_FAIL
C0378,target_satellite_v0,2.0,0.005,1.5,3.0,1.2,1,1.0,42.45,5.33,2.775,0.015,1.3,0.47,FAIL,POSE_UNCERTAINTY_FAIL
C0379,target_satellite_v0,2.0,0.01,0.5,1.0,0.8,0,1.0,42.45,16.0,6.807,0.015,0.867,0.47,FAIL,BASE_REACTION_FAIL
C0380,target_satellite_v0,2.0,0.01,0.5,1.0,0.8,1,1.0,42.45,16.0,1.021,0.015,0.867,0.47,SAFE,SAFE
C0381,target_satellite_v0,2.0,0.01,0.5,1.0,1.0,0,1.0,42.45,16.0,6.807,0.015,1.083,0.47,FAIL,BASE_REACTION_FAIL
C0382,target_satellite_v0,2.0,0.01,0.5,1.0,1.0,1,1.0,42.45,16.0,1.021,0.015,1.083,0.47,SAFE,SAFE
C0383,target_satellite_v0,2.0,0.01,0.5,1.0,1.2,0,1.0,42.45,16.0,6.807,0.015,1.3,0.47,FAIL,BASE_REACTION_FAIL
C0384,target_satellite_v0,2.0,0.01,0.5,1.0,1.2,1,1.0,42.45,16.0,1.021,0.015,1.3,0.47,SAFE,SAFE
C0385,target_satellite_v0,2.0,0.01,0.5,2.0,0.8,0,1.0,42.45,16.0,6.807,0.015,0.867,0.47,FAIL,BASE_REACTION_FAIL
C0386,target_satellite_v0,2.0,0.01,0.5,2.0,0.8,1,1.0,42.45,16.0,1.021,0.015,0.867,0.47,SAFE,SAFE
C0387,target_satellite_v0,2.0,0.01,0.5,2.0,1.0,0,1.0,42.45,16.0,6.807,0.015,1.083,0.47,FAIL,BASE_REACTION_FAIL
C0388,target_satellite_v0,2.0,0.01,0.5,2.0,1.0,1,1.0,42.45,16.0,1.021,0.015,1.083,0.47,SAFE,SAFE
C0389,target_satellite_v0,2.0,0.01,0.5,2.0,1.2,0,1.0,42.45,16.0,6.807,0.015,1.3,0.47,FAIL,BASE_REACTION_FAIL
C0390,target_satellite_v0,2.0,0.01,0.5,2.0,1.2,1,1.0,42.45,16.0,1.021,0.015,1.3,0.47,SAFE,SAFE
C0391,target_satellite_v0,2.0,0.01,0.5,3.0,0.8,0,1.0,42.45,16.0,6.807,0.015,0.867,0.47,FAIL,POSE_UNCERTAINTY_FAIL
C0392,target_satellite_v0,2.0,0.01,0.5,3.0,0.8,1,1.0,42.45,16.0,1.021,0.015,0.867,0.47,FAIL,POSE_UNCERTAINTY_FAIL
C0393,target_satellite_v0,2.0,0.01,0.5,3.0,1.0,0,1.0,42.45,16.0,6.807,0.015,1.083,0.47,FAIL,POSE_UNCERTAINTY_FAIL
C0394,target_satellite_v0,2.0,0.01,0.5,3.0,1.0,1,1.0,42.45,16.0,1.021,0.015,1.083,0.47,FAIL,POSE_UNCERTAINTY_FAIL
C0395,target_satellite_v0,2.0,0.01,0.5,3.0,1.2,0,1.0,42.45,16.0,6.807,0.015,1.3,0.47,FAIL,POSE_UNCERTAINTY_FAIL
C0396,target_satellite_v0,2.0,0.01,0.5,3.0,1.2,1,1.0,42.45,16.0,1.021,0.015,1.3,0.47,FAIL,POSE_UNCERTAINTY_FAIL
C0397,target_satellite_v0,2.0,0.01,1.0,1.0,0.8,0,1.0,42.45,8.0,13.133,0.015,0.867,0.47,FAIL,BASE_REACTION_FAIL
C0398,target_satellite_v0,2.0,0.01,1.0,1.0,0.8,1,1.0,42.45,8.0,1.97,0.015,0.867,0.47,SAFE,SAFE
C0399,target_satellite_v0,2.0,0.01,1.0,1.0,1.0,0,1.0,42.45,8.0,13.133,0.015,1.083,0.47,FAIL,BASE_REACTION_FAIL
C0400,target_satellite_v0,2.0,0.01,1.0,1.0,1.0,1,1.0,42.45,8.0,1.97,0.015,1.083,0.47,SAFE,SAFE
C0401,target_satellite_v0,2.0,0.01,1.0,1.0,1.2,0,1.0,42.45,8.0,13.133,0.015,1.3,0.47,FAIL,BASE_REACTION_FAIL
C0402,target_satellite_v0,2.0,0.01,1.0,1.0,1.2,1,1.0,42.45,8.0,1.97,0.015,1.3,0.47,SAFE,SAFE
C0403,target_satellite_v0,2.0,0.01,1.0,2.0,0.8,0,1.0,42.45,8.0,13.133,0.015,0.867,0.47,FAIL,BASE_REACTION_FAIL
C0404,target_satellite_v0,2.0,0.01,1.0,2.0,0.8,1,1.0,42.45,8.0,1.97,0.015,0.867,0.47,SAFE,SAFE
C0405,target_satellite_v0,2.0,0.01,1.0,2.0,1.0,0,1.0,42.45,8.0,13.133,0.015,1.083,0.47,FAIL,BASE_REACTION_FAIL
C0406,target_satellite_v0,2.0,0.01,1.0,2.0,1.0,1,1.0,42.45,8.0,1.97,0.015,1.083,0.47,SAFE,SAFE
C0407,target_satellite_v0,2.0,0.01,1.0,2.0,1.2,0,1.0,42.45,8.0,13.133,0.015,1.3,0.47,FAIL,BASE_REACTION_FAIL
C0408,target_satellite_v0,2.0,0.01,1.0,2.0,1.2,1,1.0,42.45,8.0,1.97,0.015,1.3,0.47,SAFE,SAFE
C0409,target_satellite_v0,2.0,0.01,1.0,3.0,0.8,0,1.0,42.45,8.0,13.133,0.015,0.867,0.47,FAIL,POSE_UNCERTAINTY_FAIL
C0410,target_satellite_v0,2.0,0.01,1.0,3.0,0.8,1,1.0,42.45,8.0,1.97,0.015,0.867,0.47,FAIL,POSE_UNCERTAINTY_FAIL
C0411,target_satellite_v0,2.0,0.01,1.0,3.0,1.0,0,1.0,42.45,8.0,13.133,0.015,1.083,0.47,FAIL,POSE_UNCERTAINTY_FAIL
C0412,target_satellite_v0,2.0,0.01,1.0,3.0,1.0,1,1.0,42.45,8.0,1.97,0.015,1.083,0.47,FAIL,POSE_UNCERTAINTY_FAIL
C0413,target_satellite_v0,2.0,0.01,1.0,3.0,1.2,0,1.0,42.45,8.0,13.133,0.015,1.3,0.47,FAIL,POSE_UNCERTAINTY_FAIL
C0414,target_satellite_v0,2.0,0.01,1.0,3.0,1.2,1,1.0,42.45,8.0,1.97,0.015,1.3,0.47,FAIL,POSE_UNCERTAINTY_FAIL
C0415,target_satellite_v0,2.0,0.01,1.5,1.0,0.8,0,1.0,42.45,5.33,18.502,0.015,0.867,0.47,FAIL,BASE_REACTION_FAIL
C0416,target_satellite_v0,2.0,0.01,1.5,1.0,0.8,1,1.0,42.45,5.33,2.775,0.015,0.867,0.47,SAFE,SAFE
C0417,target_satellite_v0,2.0,0.01,1.5,1.0,1.0,0,1.0,42.45,5.33,18.502,0.015,1.083,0.47,FAIL,BASE_REACTION_FAIL
C0418,target_satellite_v0,2.0,0.01,1.5,1.0,1.0,1,1.0,42.45,5.33,2.775,0.015,1.083,0.47,SAFE,SAFE
C0419,target_satellite_v0,2.0,0.01,1.5,1.0,1.2,0,1.0,42.45,5.33,18.502,0.015,1.3,0.47,FAIL,BASE_REACTION_FAIL
C0420,target_satellite_v0,2.0,0.01,1.5,1.0,1.2,1,1.0,42.45,5.33,2.775,0.015,1.3,0.47,SAFE,SAFE
C0421,target_satellite_v0,2.0,0.01,1.5,2.0,0.8,0,1.0,42.45,5.33,18.502,0.015,0.867,0.47,FAIL,BASE_REACTION_FAIL
C0422,target_satellite_v0,2.0,0.01,1.5,2.0,0.8,1,1.0,42.45,5.33,2.775,0.015,0.867,0.47,SAFE,SAFE
C0423,target_satellite_v0,2.0,0.01,1.5,2.0,1.0,0,1.0,42.45,5.33,18.502,0.015,1.083,0.47,FAIL,BASE_REACTION_FAIL
C0424,target_satellite_v0,2.0,0.01,1.5,2.0,1.0,1,1.0,42.45,5.33,2.775,0.015,1.083,0.47,SAFE,SAFE
C0425,target_satellite_v0,2.0,0.01,1.5,2.0,1.2,0,1.0,42.45,5.33,18.502,0.015,1.3,0.47,FAIL,BASE_REACTION_FAIL
C0426,target_satellite_v0,2.0,0.01,1.5,2.0,1.2,1,1.0,42.45,5.33,2.775,0.015,1.3,0.47,SAFE,SAFE
C0427,target_satellite_v0,2.0,0.01,1.5,3.0,0.8,0,1.0,42.45,5.33,18.502,0.015,0.867,0.47,FAIL,POSE_UNCERTAINTY_FAIL
C0428,target_satellite_v0,2.0,0.01,1.5,3.0,0.8,1,1.0,42.45,5.33,2.775,0.015,0.867,0.47,FAIL,POSE_UNCERTAINTY_FAIL
C0429,target_satellite_v0,2.0,0.01,1.5,3.0,1.0,0,1.0,42.45,5.33,18.502,0.015,1.083,0.47,FAIL,POSE_UNCERTAINTY_FAIL
C0430,target_satellite_v0,2.0,0.01,1.5,3.0,1.0,1,1.0,42.45,5.33,2.775,0.015,1.083,0.47,FAIL,POSE_UNCERTAINTY_FAIL
C0431,target_satellite_v0,2.0,0.01,1.5,3.0,1.2,0,1.0,42.45,5.33,18.502,0.015,1.3,0.47,FAIL,POSE_UNCERTAINTY_FAIL
C0432,target_satellite_v0,2.0,0.01,1.5,3.0,1.2,1,1.0,42.45,5.33,2.775,0.015,1.3,0.47,FAIL,POSE_UNCERTAINTY_FAIL
C0433,target_satellite_v0,2.0,0.02,0.5,1.0,0.8,0,1.0,42.45,16.0,6.807,0.015,0.867,0.47,FAIL,BASE_REACTION_FAIL
C0434,target_satellite_v0,2.0,0.02,0.5,1.0,0.8,1,1.0,42.45,16.0,1.021,0.015,0.867,0.47,FAIL,APPROACH_SPEED_FAIL
C0435,target_satellite_v0,2.0,0.02,0.5,1.0,1.0,0,1.0,42.45,16.0,6.807,0.015,1.083,0.47,FAIL,BASE_REACTION_FAIL
C0436,target_satellite_v0,2.0,0.02,0.5,1.0,1.0,1,1.0,42.45,16.0,1.021,0.015,1.083,0.47,FAIL,APPROACH_SPEED_FAIL
C0437,target_satellite_v0,2.0,0.02,0.5,1.0,1.2,0,1.0,42.45,16.0,6.807,0.015,1.3,0.47,FAIL,BASE_REACTION_FAIL
C0438,target_satellite_v0,2.0,0.02,0.5,1.0,1.2,1,1.0,42.45,16.0,1.021,0.015,1.3,0.47,FAIL,APPROACH_SPEED_FAIL
C0439,target_satellite_v0,2.0,0.02,0.5,2.0,0.8,0,1.0,42.45,16.0,6.807,0.015,0.867,0.47,FAIL,BASE_REACTION_FAIL
C0440,target_satellite_v0,2.0,0.02,0.5,2.0,0.8,1,1.0,42.45,16.0,1.021,0.015,0.867,0.47,FAIL,APPROACH_SPEED_FAIL
C0441,target_satellite_v0,2.0,0.02,0.5,2.0,1.0,0,1.0,42.45,16.0,6.807,0.015,1.083,0.47,FAIL,BASE_REACTION_FAIL
C0442,target_satellite_v0,2.0,0.02,0.5,2.0,1.0,1,1.0,42.45,16.0,1.021,0.015,1.083,0.47,FAIL,APPROACH_SPEED_FAIL
C0443,target_satellite_v0,2.0,0.02,0.5,2.0,1.2,0,1.0,42.45,16.0,6.807,0.015,1.3,0.47,FAIL,BASE_REACTION_FAIL
C0444,target_satellite_v0,2.0,0.02,0.5,2.0,1.2,1,1.0,42.45,16.0,1.021,0.015,1.3,0.47,FAIL,APPROACH_SPEED_FAIL
C0445,target_satellite_v0,2.0,0.02,0.5,3.0,0.8,0,1.0,42.45,16.0,6.807,0.015,0.867,0.47,FAIL,POSE_UNCERTAINTY_FAIL
C0446,target_satellite_v0,2.0,0.02,0.5,3.0,0.8,1,1.0,42.45,16.0,1.021,0.015,0.867,0.47,FAIL,POSE_UNCERTAINTY_FAIL
C0447,target_satellite_v0,2.0,0.02,0.5,3.0,1.0,0,1.0,42.45,16.0,6.807,0.015,1.083,0.47,FAIL,POSE_UNCERTAINTY_FAIL
C0448,target_satellite_v0,2.0,0.02,0.5,3.0,1.0,1,1.0,42.45,16.0,1.021,0.015,1.083,0.47,FAIL,POSE_UNCERTAINTY_FAIL
C0449,target_satellite_v0,2.0,0.02,0.5,3.0,1.2,0,1.0,42.45,16.0,6.807,0.015,1.3,0.47,FAIL,POSE_UNCERTAINTY_FAIL
C0450,target_satellite_v0,2.0,0.02,0.5,3.0,1.2,1,1.0,42.45,16.0,1.021,0.015,1.3,0.47,FAIL,POSE_UNCERTAINTY_FAIL
C0451,target_satellite_v0,2.0,0.02,1.0,1.0,0.8,0,1.0,42.45,8.0,13.133,0.015,0.867,0.47,FAIL,BASE_REACTION_FAIL
C0452,target_satellite_v0,2.0,0.02,1.0,1.0,0.8,1,1.0,42.45,8.0,1.97,0.015,0.867,0.47,FAIL,APPROACH_SPEED_FAIL
C0453,target_satellite_v0,2.0,0.02,1.0,1.0,1.0,0,1.0,42.45,8.0,13.133,0.015,1.083,0.47,FAIL,BASE_REACTION_FAIL
C0454,target_satellite_v0,2.0,0.02,1.0,1.0,1.0,1,1.0,42.45,8.0,1.97,0.015,1.083,0.47,FAIL,APPROACH_SPEED_FAIL
C0455,target_satellite_v0,2.0,0.02,1.0,1.0,1.2,0,1.0,42.45,8.0,13.133,0.015,1.3,0.47,FAIL,BASE_REACTION_FAIL
C0456,target_satellite_v0,2.0,0.02,1.0,1.0,1.2,1,1.0,42.45,8.0,1.97,0.015,1.3,0.47,FAIL,APPROACH_SPEED_FAIL
C0457,target_satellite_v0,2.0,0.02,1.0,2.0,0.8,0,1.0,42.45,8.0,13.133,0.015,0.867,0.47,FAIL,BASE_REACTION_FAIL
C0458,target_satellite_v0,2.0,0.02,1.0,2.0,0.8,1,1.0,42.45,8.0,1.97,0.015,0.867,0.47,FAIL,APPROACH_SPEED_FAIL
C0459,target_satellite_v0,2.0,0.02,1.0,2.0,1.0,0,1.0,42.45,8.0,13.133,0.015,1.083,0.47,FAIL,BASE_REACTION_FAIL
C0460,target_satellite_v0,2.0,0.02,1.0,2.0,1.0,1,1.0,42.45,8.0,1.97,0.015,1.083,0.47,FAIL,APPROACH_SPEED_FAIL
C0461,target_satellite_v0,2.0,0.02,1.0,2.0,1.2,0,1.0,42.45,8.0,13.133,0.015,1.3,0.47,FAIL,BASE_REACTION_FAIL
C0462,target_satellite_v0,2.0,0.02,1.0,2.0,1.2,1,1.0,42.45,8.0,1.97,0.015,1.3,0.47,FAIL,APPROACH_SPEED_FAIL
C0463,target_satellite_v0,2.0,0.02,1.0,3.0,0.8,0,1.0,42.45,8.0,13.133,0.015,0.867,0.47,FAIL,POSE_UNCERTAINTY_FAIL
C0464,target_satellite_v0,2.0,0.02,1.0,3.0,0.8,1,1.0,42.45,8.0,1.97,0.015,0.867,0.47,FAIL,POSE_UNCERTAINTY_FAIL
C0465,target_satellite_v0,2.0,0.02,1.0,3.0,1.0,0,1.0,42.45,8.0,13.133,0.015,1.083,0.47,FAIL,POSE_UNCERTAINTY_FAIL
C0466,target_satellite_v0,2.0,0.02,1.0,3.0,1.0,1,1.0,42.45,8.0,1.97,0.015,1.083,0.47,FAIL,POSE_UNCERTAINTY_FAIL
C0467,target_satellite_v0,2.0,0.02,1.0,3.0,1.2,0,1.0,42.45,8.0,13.133,0.015,1.3,0.47,FAIL,POSE_UNCERTAINTY_FAIL
C0468,target_satellite_v0,2.0,0.02,1.0,3.0,1.2,1,1.0,42.45,8.0,1.97,0.015,1.3,0.47,FAIL,POSE_UNCERTAINTY_FAIL
C0469,target_satellite_v0,2.0,0.02,1.5,1.0,0.8,0,1.0,42.45,5.33,18.502,0.015,0.867,0.47,FAIL,BASE_REACTION_FAIL
C0470,target_satellite_v0,2.0,0.02,1.5,1.0,0.8,1,1.0,42.45,5.33,2.775,0.015,0.867,0.47,FAIL,APPROACH_SPEED_FAIL
C0471,target_satellite_v0,2.0,0.02,1.5,1.0,1.0,0,1.0,42.45,5.33,18.502,0.015,1.083,0.47,FAIL,BASE_REACTION_FAIL
C0472,target_satellite_v0,2.0,0.02,1.5,1.0,1.0,1,1.0,42.45,5.33,2.775,0.015,1.083,0.47,FAIL,APPROACH_SPEED_FAIL
C0473,target_satellite_v0,2.0,0.02,1.5,1.0,1.2,0,1.0,42.45,5.33,18.502,0.015,1.3,0.47,FAIL,BASE_REACTION_FAIL
C0474,target_satellite_v0,2.0,0.02,1.5,1.0,1.2,1,1.0,42.45,5.33,2.775,0.015,1.3,0.47,FAIL,APPROACH_SPEED_FAIL
C0475,target_satellite_v0,2.0,0.02,1.5,2.0,0.8,0,1.0,42.45,5.33,18.502,0.015,0.867,0.47,FAIL,BASE_REACTION_FAIL
C0476,target_satellite_v0,2.0,0.02,1.5,2.0,0.8,1,1.0,42.45,5.33,2.775,0.015,0.867,0.47,FAIL,APPROACH_SPEED_FAIL
C0477,target_satellite_v0,2.0,0.02,1.5,2.0,1.0,0,1.0,42.45,5.33,18.502,0.015,1.083,0.47,FAIL,BASE_REACTION_FAIL
C0478,target_satellite_v0,2.0,0.02,1.5,2.0,1.0,1,1.0,42.45,5.33,2.775,0.015,1.083,0.47,FAIL,APPROACH_SPEED_FAIL
C0479,target_satellite_v0,2.0,0.02,1.5,2.0,1.2,0,1.0,42.45,5.33,18.502,0.015,1.3,0.47,FAIL,BASE_REACTION_FAIL
C0480,target_satellite_v0,2.0,0.02,1.5,2.0,1.2,1,1.0,42.45,5.33,2.775,0.015,1.3,0.47,FAIL,APPROACH_SPEED_FAIL
C0481,target_satellite_v0,2.0,0.02,1.5,3.0,0.8,0,1.0,42.45,5.33,18.502,0.015,0.867,0.47,FAIL,POSE_UNCERTAINTY_FAIL
C0482,target_satellite_v0,2.0,0.02,1.5,3.0,0.8,1,1.0,42.45,5.33,2.775,0.015,0.867,0.47,FAIL,POSE_UNCERTAINTY_FAIL
C0483,target_satellite_v0,2.0,0.02,1.5,3.0,1.0,0,1.0,42.45,5.33,18.502,0.015,1.083,0.47,FAIL,POSE_UNCERTAINTY_FAIL
C0484,target_satellite_v0,2.0,0.02,1.5,3.0,1.0,1,1.0,42.45,5.33,2.775,0.015,1.083,0.47,FAIL,POSE_UNCERTAINTY_FAIL
C0485,target_satellite_v0,2.0,0.02,1.5,3.0,1.2,0,1.0,42.45,5.33,18.502,0.015,1.3,0.47,FAIL,POSE_UNCERTAINTY_FAIL
C0486,target_satellite_v0,2.0,0.02,1.5,3.0,1.2,1,1.0,42.45,5.33,2.775,0.015,1.3,0.47,FAIL,POSE_UNCERTAINTY_FAIL
C0487,target_satellite_v0,3.0,0.005,0.5,1.0,0.8,0,1.0,28.33,16.0,6.807,0.012,1.3,0.47,FAIL,BASE_REACTION_FAIL
C0488,target_satellite_v0,3.0,0.005,0.5,1.0,0.8,1,1.0,28.33,16.0,1.021,0.012,1.3,0.47,SAFE,SAFE
C0489,target_satellite_v0,3.0,0.005,0.5,1.0,1.0,0,1.0,28.33,16.0,6.807,0.012,1.625,0.47,FAIL,BASE_REACTION_FAIL
C0490,target_satellite_v0,3.0,0.005,0.5,1.0,1.0,1,1.0,28.33,16.0,1.021,0.012,1.625,0.47,SAFE,SAFE
C0491,target_satellite_v0,3.0,0.005,0.5,1.0,1.2,0,1.0,28.33,16.0,6.807,0.012,1.95,0.47,FAIL,BASE_REACTION_FAIL
C0492,target_satellite_v0,3.0,0.005,0.5,1.0,1.2,1,1.0,28.33,16.0,1.021,0.012,1.95,0.47,SAFE,SAFE
C0493,target_satellite_v0,3.0,0.005,0.5,2.0,0.8,0,1.0,28.33,16.0,6.807,0.012,1.3,0.47,FAIL,BASE_REACTION_FAIL
C0494,target_satellite_v0,3.0,0.005,0.5,2.0,0.8,1,1.0,28.33,16.0,1.021,0.012,1.3,0.47,SAFE,SAFE
C0495,target_satellite_v0,3.0,0.005,0.5,2.0,1.0,0,1.0,28.33,16.0,6.807,0.012,1.625,0.47,FAIL,BASE_REACTION_FAIL
C0496,target_satellite_v0,3.0,0.005,0.5,2.0,1.0,1,1.0,28.33,16.0,1.021,0.012,1.625,0.47,SAFE,SAFE
C0497,target_satellite_v0,3.0,0.005,0.5,2.0,1.2,0,1.0,28.33,16.0,6.807,0.012,1.95,0.47,FAIL,BASE_REACTION_FAIL
C0498,target_satellite_v0,3.0,0.005,0.5,2.0,1.2,1,1.0,28.33,16.0,1.021,0.012,1.95,0.47,SAFE,SAFE
C0499,target_satellite_v0,3.0,0.005,0.5,3.0,0.8,0,1.0,28.33,16.0,6.807,0.012,1.3,0.47,FAIL,POSE_UNCERTAINTY_FAIL
C0500,target_satellite_v0,3.0,0.005,0.5,3.0,0.8,1,1.0,28.33,16.0,1.021,0.012,1.3,0.47,FAIL,POSE_UNCERTAINTY_FAIL
C0501,target_satellite_v0,3.0,0.005,0.5,3.0,1.0,0,1.0,28.33,16.0,6.807,0.012,1.625,0.47,FAIL,POSE_UNCERTAINTY_FAIL
C0502,target_satellite_v0,3.0,0.005,0.5,3.0,1.0,1,1.0,28.33,16.0,1.021,0.012,1.625,0.47,FAIL,POSE_UNCERTAINTY_FAIL
C0503,target_satellite_v0,3.0,0.005,0.5,3.0,1.2,0,1.0,28.33,16.0,6.807,0.012,1.95,0.47,FAIL,POSE_UNCERTAINTY_FAIL
C0504,target_satellite_v0,3.0,0.005,0.5,3.0,1.2,1,1.0,28.33,16.0,1.021,0.012,1.95,0.47,FAIL,POSE_UNCERTAINTY_FAIL
C0505,target_satellite_v0,3.0,0.005,1.0,1.0,0.8,0,1.0,28.33,8.0,13.133,0.012,1.3,0.47,FAIL,BASE_REACTION_FAIL
C0506,target_satellite_v0,3.0,0.005,1.0,1.0,0.8,1,1.0,28.33,8.0,1.97,0.012,1.3,0.47,SAFE,SAFE
C0507,target_satellite_v0,3.0,0.005,1.0,1.0,1.0,0,1.0,28.33,8.0,13.133,0.012,1.625,0.47,FAIL,BASE_REACTION_FAIL
C0508,target_satellite_v0,3.0,0.005,1.0,1.0,1.0,1,1.0,28.33,8.0,1.97,0.012,1.625,0.47,SAFE,SAFE
C0509,target_satellite_v0,3.0,0.005,1.0,1.0,1.2,0,1.0,28.33,8.0,13.133,0.012,1.95,0.47,FAIL,BASE_REACTION_FAIL
C0510,target_satellite_v0,3.0,0.005,1.0,1.0,1.2,1,1.0,28.33,8.0,1.97,0.012,1.95,0.47,SAFE,SAFE
C0511,target_satellite_v0,3.0,0.005,1.0,2.0,0.8,0,1.0,28.33,8.0,13.133,0.012,1.3,0.47,FAIL,BASE_REACTION_FAIL
C0512,target_satellite_v0,3.0,0.005,1.0,2.0,0.8,1,1.0,28.33,8.0,1.97,0.012,1.3,0.47,SAFE,SAFE
C0513,target_satellite_v0,3.0,0.005,1.0,2.0,1.0,0,1.0,28.33,8.0,13.133,0.012,1.625,0.47,FAIL,BASE_REACTION_FAIL
C0514,target_satellite_v0,3.0,0.005,1.0,2.0,1.0,1,1.0,28.33,8.0,1.97,0.012,1.625,0.47,SAFE,SAFE
C0515,target_satellite_v0,3.0,0.005,1.0,2.0,1.2,0,1.0,28.33,8.0,13.133,0.012,1.95,0.47,FAIL,BASE_REACTION_FAIL
C0516,target_satellite_v0,3.0,0.005,1.0,2.0,1.2,1,1.0,28.33,8.0,1.97,0.012,1.95,0.47,SAFE,SAFE
C0517,target_satellite_v0,3.0,0.005,1.0,3.0,0.8,0,1.0,28.33,8.0,13.133,0.012,1.3,0.47,FAIL,POSE_UNCERTAINTY_FAIL
C0518,target_satellite_v0,3.0,0.005,1.0,3.0,0.8,1,1.0,28.33,8.0,1.97,0.012,1.3,0.47,FAIL,POSE_UNCERTAINTY_FAIL
C0519,target_satellite_v0,3.0,0.005,1.0,3.0,1.0,0,1.0,28.33,8.0,13.133,0.012,1.625,0.47,FAIL,POSE_UNCERTAINTY_FAIL
C0520,target_satellite_v0,3.0,0.005,1.0,3.0,1.0,1,1.0,28.33,8.0,1.97,0.012,1.625,0.47,FAIL,POSE_UNCERTAINTY_FAIL
C0521,target_satellite_v0,3.0,0.005,1.0,3.0,1.2,0,1.0,28.33,8.0,13.133,0.012,1.95,0.47,FAIL,POSE_UNCERTAINTY_FAIL
C0522,target_satellite_v0,3.0,0.005,1.0,3.0,1.2,1,1.0,28.33,8.0,1.97,0.012,1.95,0.47,FAIL,POSE_UNCERTAINTY_FAIL
C0523,target_satellite_v0,3.0,0.005,1.5,1.0,0.8,0,1.0,28.33,5.33,18.502,0.012,1.3,0.47,FAIL,BASE_REACTION_FAIL
C0524,target_satellite_v0,3.0,0.005,1.5,1.0,0.8,1,1.0,28.33,5.33,2.775,0.012,1.3,0.47,SAFE,SAFE
C0525,target_satellite_v0,3.0,0.005,1.5,1.0,1.0,0,1.0,28.33,5.33,18.502,0.012,1.625,0.47,FAIL,BASE_REACTION_FAIL
C0526,target_satellite_v0,3.0,0.005,1.5,1.0,1.0,1,1.0,28.33,5.33,2.775,0.012,1.625,0.47,SAFE,SAFE
C0527,target_satellite_v0,3.0,0.005,1.5,1.0,1.2,0,1.0,28.33,5.33,18.502,0.012,1.95,0.47,FAIL,BASE_REACTION_FAIL
C0528,target_satellite_v0,3.0,0.005,1.5,1.0,1.2,1,1.0,28.33,5.33,2.775,0.012,1.95,0.47,SAFE,SAFE
C0529,target_satellite_v0,3.0,0.005,1.5,2.0,0.8,0,1.0,28.33,5.33,18.502,0.012,1.3,0.47,FAIL,BASE_REACTION_FAIL
C0530,target_satellite_v0,3.0,0.005,1.5,2.0,0.8,1,1.0,28.33,5.33,2.775,0.012,1.3,0.47,SAFE,SAFE
C0531,target_satellite_v0,3.0,0.005,1.5,2.0,1.0,0,1.0,28.33,5.33,18.502,0.012,1.625,0.47,FAIL,BASE_REACTION_FAIL
C0532,target_satellite_v0,3.0,0.005,1.5,2.0,1.0,1,1.0,28.33,5.33,2.775,0.012,1.625,0.47,SAFE,SAFE
C0533,target_satellite_v0,3.0,0.005,1.5,2.0,1.2,0,1.0,28.33,5.33,18.502,0.012,1.95,0.47,FAIL,BASE_REACTION_FAIL
C0534,target_satellite_v0,3.0,0.005,1.5,2.0,1.2,1,1.0,28.33,5.33,2.775,0.012,1.95,0.47,SAFE,SAFE
C0535,target_satellite_v0,3.0,0.005,1.5,3.0,0.8,0,1.0,28.33,5.33,18.502,0.012,1.3,0.47,FAIL,POSE_UNCERTAINTY_FAIL
C0536,target_satellite_v0,3.0,0.005,1.5,3.0,0.8,1,1.0,28.33,5.33,2.775,0.012,1.3,0.47,FAIL,POSE_UNCERTAINTY_FAIL
C0537,target_satellite_v0,3.0,0.005,1.5,3.0,1.0,0,1.0,28.33,5.33,18.502,0.012,1.625,0.47,FAIL,POSE_UNCERTAINTY_FAIL
C0538,target_satellite_v0,3.0,0.005,1.5,3.0,1.0,1,1.0,28.33,5.33,2.775,0.012,1.625,0.47,FAIL,POSE_UNCERTAINTY_FAIL
C0539,target_satellite_v0,3.0,0.005,1.5,3.0,1.2,0,1.0,28.33,5.33,18.502,0.012,1.95,0.47,FAIL,POSE_UNCERTAINTY_FAIL
C0540,target_satellite_v0,3.0,0.005,1.5,3.0,1.2,1,1.0,28.33,5.33,2.775,0.012,1.95,0.47,FAIL,POSE_UNCERTAINTY_FAIL
C0541,target_satellite_v0,3.0,0.01,0.5,1.0,0.8,0,1.0,28.33,16.0,6.807,0.012,1.3,0.47,FAIL,BASE_REACTION_FAIL
C0542,target_satellite_v0,3.0,0.01,0.5,1.0,0.8,1,1.0,28.33,16.0,1.021,0.012,1.3,0.47,SAFE,SAFE
C0543,target_satellite_v0,3.0,0.01,0.5,1.0,1.0,0,1.0,28.33,16.0,6.807,0.012,1.625,0.47,FAIL,BASE_REACTION_FAIL
C0544,target_satellite_v0,3.0,0.01,0.5,1.0,1.0,1,1.0,28.33,16.0,1.021,0.012,1.625,0.47,SAFE,SAFE
C0545,target_satellite_v0,3.0,0.01,0.5,1.0,1.2,0,1.0,28.33,16.0,6.807,0.012,1.95,0.47,FAIL,BASE_REACTION_FAIL
C0546,target_satellite_v0,3.0,0.01,0.5,1.0,1.2,1,1.0,28.33,16.0,1.021,0.012,1.95,0.47,SAFE,SAFE
C0547,target_satellite_v0,3.0,0.01,0.5,2.0,0.8,0,1.0,28.33,16.0,6.807,0.012,1.3,0.47,FAIL,BASE_REACTION_FAIL
C0548,target_satellite_v0,3.0,0.01,0.5,2.0,0.8,1,1.0,28.33,16.0,1.021,0.012,1.3,0.47,SAFE,SAFE
C0549,target_satellite_v0,3.0,0.01,0.5,2.0,1.0,0,1.0,28.33,16.0,6.807,0.012,1.625,0.47,FAIL,BASE_REACTION_FAIL
C0550,target_satellite_v0,3.0,0.01,0.5,2.0,1.0,1,1.0,28.33,16.0,1.021,0.012,1.625,0.47,SAFE,SAFE
C0551,target_satellite_v0,3.0,0.01,0.5,2.0,1.2,0,1.0,28.33,16.0,6.807,0.012,1.95,0.47,FAIL,BASE_REACTION_FAIL
C0552,target_satellite_v0,3.0,0.01,0.5,2.0,1.2,1,1.0,28.33,16.0,1.021,0.012,1.95,0.47,SAFE,SAFE
C0553,target_satellite_v0,3.0,0.01,0.5,3.0,0.8,0,1.0,28.33,16.0,6.807,0.012,1.3,0.47,FAIL,POSE_UNCERTAINTY_FAIL
C0554,target_satellite_v0,3.0,0.01,0.5,3.0,0.8,1,1.0,28.33,16.0,1.021,0.012,1.3,0.47,FAIL,POSE_UNCERTAINTY_FAIL
C0555,target_satellite_v0,3.0,0.01,0.5,3.0,1.0,0,1.0,28.33,16.0,6.807,0.012,1.625,0.47,FAIL,POSE_UNCERTAINTY_FAIL
C0556,target_satellite_v0,3.0,0.01,0.5,3.0,1.0,1,1.0,28.33,16.0,1.021,0.012,1.625,0.47,FAIL,POSE_UNCERTAINTY_FAIL
C0557,target_satellite_v0,3.0,0.01,0.5,3.0,1.2,0,1.0,28.33,16.0,6.807,0.012,1.95,0.47,FAIL,POSE_UNCERTAINTY_FAIL
C0558,target_satellite_v0,3.0,0.01,0.5,3.0,1.2,1,1.0,28.33,16.0,1.021,0.012,1.95,0.47,FAIL,POSE_UNCERTAINTY_FAIL
C0559,target_satellite_v0,3.0,0.01,1.0,1.0,0.8,0,1.0,28.33,8.0,13.133,0.012,1.3,0.47,FAIL,BASE_REACTION_FAIL
C0560,target_satellite_v0,3.0,0.01,1.0,1.0,0.8,1,1.0,28.33,8.0,1.97,0.012,1.3,0.47,SAFE,SAFE
C0561,target_satellite_v0,3.0,0.01,1.0,1.0,1.0,0,1.0,28.33,8.0,13.133,0.012,1.625,0.47,FAIL,BASE_REACTION_FAIL
C0562,target_satellite_v0,3.0,0.01,1.0,1.0,1.0,1,1.0,28.33,8.0,1.97,0.012,1.625,0.47,SAFE,SAFE
C0563,target_satellite_v0,3.0,0.01,1.0,1.0,1.2,0,1.0,28.33,8.0,13.133,0.012,1.95,0.47,FAIL,BASE_REACTION_FAIL
C0564,target_satellite_v0,3.0,0.01,1.0,1.0,1.2,1,1.0,28.33,8.0,1.97,0.012,1.95,0.47,SAFE,SAFE
C0565,target_satellite_v0,3.0,0.01,1.0,2.0,0.8,0,1.0,28.33,8.0,13.133,0.012,1.3,0.47,FAIL,BASE_REACTION_FAIL
C0566,target_satellite_v0,3.0,0.01,1.0,2.0,0.8,1,1.0,28.33,8.0,1.97,0.012,1.3,0.47,SAFE,SAFE
C0567,target_satellite_v0,3.0,0.01,1.0,2.0,1.0,0,1.0,28.33,8.0,13.133,0.012,1.625,0.47,FAIL,BASE_REACTION_FAIL
C0568,target_satellite_v0,3.0,0.01,1.0,2.0,1.0,1,1.0,28.33,8.0,1.97,0.012,1.625,0.47,SAFE,SAFE
C0569,target_satellite_v0,3.0,0.01,1.0,2.0,1.2,0,1.0,28.33,8.0,13.133,0.012,1.95,0.47,FAIL,BASE_REACTION_FAIL
C0570,target_satellite_v0,3.0,0.01,1.0,2.0,1.2,1,1.0,28.33,8.0,1.97,0.012,1.95,0.47,SAFE,SAFE
C0571,target_satellite_v0,3.0,0.01,1.0,3.0,0.8,0,1.0,28.33,8.0,13.133,0.012,1.3,0.47,FAIL,POSE_UNCERTAINTY_FAIL
C0572,target_satellite_v0,3.0,0.01,1.0,3.0,0.8,1,1.0,28.33,8.0,1.97,0.012,1.3,0.47,FAIL,POSE_UNCERTAINTY_FAIL
C0573,target_satellite_v0,3.0,0.01,1.0,3.0,1.0,0,1.0,28.33,8.0,13.133,0.012,1.625,0.47,FAIL,POSE_UNCERTAINTY_FAIL
C0574,target_satellite_v0,3.0,0.01,1.0,3.0,1.0,1,1.0,28.33,8.0,1.97,0.012,1.625,0.47,FAIL,POSE_UNCERTAINTY_FAIL
C0575,target_satellite_v0,3.0,0.01,1.0,3.0,1.2,0,1.0,28.33,8.0,13.133,0.012,1.95,0.47,FAIL,POSE_UNCERTAINTY_FAIL
C0576,target_satellite_v0,3.0,0.01,1.0,3.0,1.2,1,1.0,28.33,8.0,1.97,0.012,1.95,0.47,FAIL,POSE_UNCERTAINTY_FAIL
C0577,target_satellite_v0,3.0,0.01,1.5,1.0,0.8,0,1.0,28.33,5.33,18.502,0.012,1.3,0.47,FAIL,BASE_REACTION_FAIL
C0578,target_satellite_v0,3.0,0.01,1.5,1.0,0.8,1,1.0,28.33,5.33,2.775,0.012,1.3,0.47,SAFE,SAFE
C0579,target_satellite_v0,3.0,0.01,1.5,1.0,1.0,0,1.0,28.33,5.33,18.502,0.012,1.625,0.47,FAIL,BASE_REACTION_FAIL
C0580,target_satellite_v0,3.0,0.01,1.5,1.0,1.0,1,1.0,28.33,5.33,2.775,0.012,1.625,0.47,SAFE,SAFE
C0581,target_satellite_v0,3.0,0.01,1.5,1.0,1.2,0,1.0,28.33,5.33,18.502,0.012,1.95,0.47,FAIL,BASE_REACTION_FAIL
C0582,target_satellite_v0,3.0,0.01,1.5,1.0,1.2,1,1.0,28.33,5.33,2.775,0.012,1.95,0.47,SAFE,SAFE
C0583,target_satellite_v0,3.0,0.01,1.5,2.0,0.8,0,1.0,28.33,5.33,18.502,0.012,1.3,0.47,FAIL,BASE_REACTION_FAIL
C0584,target_satellite_v0,3.0,0.01,1.5,2.0,0.8,1,1.0,28.33,5.33,2.775,0.012,1.3,0.47,SAFE,SAFE
C0585,target_satellite_v0,3.0,0.01,1.5,2.0,1.0,0,1.0,28.33,5.33,18.502,0.012,1.625,0.47,FAIL,BASE_REACTION_FAIL
C0586,target_satellite_v0,3.0,0.01,1.5,2.0,1.0,1,1.0,28.33,5.33,2.775,0.012,1.625,0.47,SAFE,SAFE
C0587,target_satellite_v0,3.0,0.01,1.5,2.0,1.2,0,1.0,28.33,5.33,18.502,0.012,1.95,0.47,FAIL,BASE_REACTION_FAIL
C0588,target_satellite_v0,3.0,0.01,1.5,2.0,1.2,1,1.0,28.33,5.33,2.775,0.012,1.95,0.47,SAFE,SAFE
C0589,target_satellite_v0,3.0,0.01,1.5,3.0,0.8,0,1.0,28.33,5.33,18.502,0.012,1.3,0.47,FAIL,POSE_UNCERTAINTY_FAIL
C0590,target_satellite_v0,3.0,0.01,1.5,3.0,0.8,1,1.0,28.33,5.33,2.775,0.012,1.3,0.47,FAIL,POSE_UNCERTAINTY_FAIL
C0591,target_satellite_v0,3.0,0.01,1.5,3.0,1.0,0,1.0,28.33,5.33,18.502,0.012,1.625,0.47,FAIL,POSE_UNCERTAINTY_FAIL
C0592,target_satellite_v0,3.0,0.01,1.5,3.0,1.0,1,1.0,28.33,5.33,2.775,0.012,1.625,0.47,FAIL,POSE_UNCERTAINTY_FAIL
C0593,target_satellite_v0,3.0,0.01,1.5,3.0,1.2,0,1.0,28.33,5.33,18.502,0.012,1.95,0.47,FAIL,POSE_UNCERTAINTY_FAIL
C0594,target_satellite_v0,3.0,0.01,1.5,3.0,1.2,1,1.0,28.33,5.33,2.775,0.012,1.95,0.47,FAIL,POSE_UNCERTAINTY_FAIL
C0595,target_satellite_v0,3.0,0.02,0.5,1.0,0.8,0,1.0,28.33,16.0,6.807,0.012,1.3,0.47,FAIL,BASE_REACTION_FAIL
C0596,target_satellite_v0,3.0,0.02,0.5,1.0,0.8,1,1.0,28.33,16.0,1.021,0.012,1.3,0.47,FAIL,APPROACH_SPEED_FAIL
C0597,target_satellite_v0,3.0,0.02,0.5,1.0,1.0,0,1.0,28.33,16.0,6.807,0.012,1.625,0.47,FAIL,BASE_REACTION_FAIL
C0598,target_satellite_v0,3.0,0.02,0.5,1.0,1.0,1,1.0,28.33,16.0,1.021,0.012,1.625,0.47,FAIL,APPROACH_SPEED_FAIL
C0599,target_satellite_v0,3.0,0.02,0.5,1.0,1.2,0,1.0,28.33,16.0,6.807,0.012,1.95,0.47,FAIL,BASE_REACTION_FAIL
C0600,target_satellite_v0,3.0,0.02,0.5,1.0,1.2,1,1.0,28.33,16.0,1.021,0.012,1.95,0.47,FAIL,APPROACH_SPEED_FAIL
C0601,target_satellite_v0,3.0,0.02,0.5,2.0,0.8,0,1.0,28.33,16.0,6.807,0.012,1.3,0.47,FAIL,BASE_REACTION_FAIL
C0602,target_satellite_v0,3.0,0.02,0.5,2.0,0.8,1,1.0,28.33,16.0,1.021,0.012,1.3,0.47,FAIL,APPROACH_SPEED_FAIL
C0603,target_satellite_v0,3.0,0.02,0.5,2.0,1.0,0,1.0,28.33,16.0,6.807,0.012,1.625,0.47,FAIL,BASE_REACTION_FAIL
C0604,target_satellite_v0,3.0,0.02,0.5,2.0,1.0,1,1.0,28.33,16.0,1.021,0.012,1.625,0.47,FAIL,APPROACH_SPEED_FAIL
C0605,target_satellite_v0,3.0,0.02,0.5,2.0,1.2,0,1.0,28.33,16.0,6.807,0.012,1.95,0.47,FAIL,BASE_REACTION_FAIL
C0606,target_satellite_v0,3.0,0.02,0.5,2.0,1.2,1,1.0,28.33,16.0,1.021,0.012,1.95,0.47,FAIL,APPROACH_SPEED_FAIL
C0607,target_satellite_v0,3.0,0.02,0.5,3.0,0.8,0,1.0,28.33,16.0,6.807,0.012,1.3,0.47,FAIL,POSE_UNCERTAINTY_FAIL
C0608,target_satellite_v0,3.0,0.02,0.5,3.0,0.8,1,1.0,28.33,16.0,1.021,0.012,1.3,0.47,FAIL,POSE_UNCERTAINTY_FAIL
C0609,target_satellite_v0,3.0,0.02,0.5,3.0,1.0,0,1.0,28.33,16.0,6.807,0.012,1.625,0.47,FAIL,POSE_UNCERTAINTY_FAIL
C0610,target_satellite_v0,3.0,0.02,0.5,3.0,1.0,1,1.0,28.33,16.0,1.021,0.012,1.625,0.47,FAIL,POSE_UNCERTAINTY_FAIL
C0611,target_satellite_v0,3.0,0.02,0.5,3.0,1.2,0,1.0,28.33,16.0,6.807,0.012,1.95,0.47,FAIL,POSE_UNCERTAINTY_FAIL
C0612,target_satellite_v0,3.0,0.02,0.5,3.0,1.2,1,1.0,28.33,16.0,1.021,0.012,1.95,0.47,FAIL,POSE_UNCERTAINTY_FAIL
C0613,target_satellite_v0,3.0,0.02,1.0,1.0,0.8,0,1.0,28.33,8.0,13.133,0.012,1.3,0.47,FAIL,BASE_REACTION_FAIL
C0614,target_satellite_v0,3.0,0.02,1.0,1.0,0.8,1,1.0,28.33,8.0,1.97,0.012,1.3,0.47,FAIL,APPROACH_SPEED_FAIL
C0615,target_satellite_v0,3.0,0.02,1.0,1.0,1.0,0,1.0,28.33,8.0,13.133,0.012,1.625,0.47,FAIL,BASE_REACTION_FAIL
C0616,target_satellite_v0,3.0,0.02,1.0,1.0,1.0,1,1.0,28.33,8.0,1.97,0.012,1.625,0.47,FAIL,APPROACH_SPEED_FAIL
C0617,target_satellite_v0,3.0,0.02,1.0,1.0,1.2,0,1.0,28.33,8.0,13.133,0.012,1.95,0.47,FAIL,BASE_REACTION_FAIL
C0618,target_satellite_v0,3.0,0.02,1.0,1.0,1.2,1,1.0,28.33,8.0,1.97,0.012,1.95,0.47,FAIL,APPROACH_SPEED_FAIL
C0619,target_satellite_v0,3.0,0.02,1.0,2.0,0.8,0,1.0,28.33,8.0,13.133,0.012,1.3,0.47,FAIL,BASE_REACTION_FAIL
C0620,target_satellite_v0,3.0,0.02,1.0,2.0,0.8,1,1.0,28.33,8.0,1.97,0.012,1.3,0.47,FAIL,APPROACH_SPEED_FAIL
C0621,target_satellite_v0,3.0,0.02,1.0,2.0,1.0,0,1.0,28.33,8.0,13.133,0.012,1.625,0.47,FAIL,BASE_REACTION_FAIL
C0622,target_satellite_v0,3.0,0.02,1.0,2.0,1.0,1,1.0,28.33,8.0,1.97,0.012,1.625,0.47,FAIL,APPROACH_SPEED_FAIL
C0623,target_satellite_v0,3.0,0.02,1.0,2.0,1.2,0,1.0,28.33,8.0,13.133,0.012,1.95,0.47,FAIL,BASE_REACTION_FAIL
C0624,target_satellite_v0,3.0,0.02,1.0,2.0,1.2,1,1.0,28.33,8.0,1.97,0.012,1.95,0.47,FAIL,APPROACH_SPEED_FAIL
C0625,target_satellite_v0,3.0,0.02,1.0,3.0,0.8,0,1.0,28.33,8.0,13.133,0.012,1.3,0.47,FAIL,POSE_UNCERTAINTY_FAIL
C0626,target_satellite_v0,3.0,0.02,1.0,3.0,0.8,1,1.0,28.33,8.0,1.97,0.012,1.3,0.47,FAIL,POSE_UNCERTAINTY_FAIL
C0627,target_satellite_v0,3.0,0.02,1.0,3.0,1.0,0,1.0,28.33,8.0,13.133,0.012,1.625,0.47,FAIL,POSE_UNCERTAINTY_FAIL
C0628,target_satellite_v0,3.0,0.02,1.0,3.0,1.0,1,1.0,28.33,8.0,1.97,0.012,1.625,0.47,FAIL,POSE_UNCERTAINTY_FAIL
C0629,target_satellite_v0,3.0,0.02,1.0,3.0,1.2,0,1.0,28.33,8.0,13.133,0.012,1.95,0.47,FAIL,POSE_UNCERTAINTY_FAIL
C0630,target_satellite_v0,3.0,0.02,1.0,3.0,1.2,1,1.0,28.33,8.0,1.97,0.012,1.95,0.47,FAIL,POSE_UNCERTAINTY_FAIL
C0631,target_satellite_v0,3.0,0.02,1.5,1.0,0.8,0,1.0,28.33,5.33,18.502,0.012,1.3,0.47,FAIL,BASE_REACTION_FAIL
C0632,target_satellite_v0,3.0,0.02,1.5,1.0,0.8,1,1.0,28.33,5.33,2.775,0.012,1.3,0.47,FAIL,APPROACH_SPEED_FAIL
C0633,target_satellite_v0,3.0,0.02,1.5,1.0,1.0,0,1.0,28.33,5.33,18.502,0.012,1.625,0.47,FAIL,BASE_REACTION_FAIL
C0634,target_satellite_v0,3.0,0.02,1.5,1.0,1.0,1,1.0,28.33,5.33,2.775,0.012,1.625,0.47,FAIL,APPROACH_SPEED_FAIL
C0635,target_satellite_v0,3.0,0.02,1.5,1.0,1.2,0,1.0,28.33,5.33,18.502,0.012,1.95,0.47,FAIL,BASE_REACTION_FAIL
C0636,target_satellite_v0,3.0,0.02,1.5,1.0,1.2,1,1.0,28.33,5.33,2.775,0.012,1.95,0.47,FAIL,APPROACH_SPEED_FAIL
C0637,target_satellite_v0,3.0,0.02,1.5,2.0,0.8,0,1.0,28.33,5.33,18.502,0.012,1.3,0.47,FAIL,BASE_REACTION_FAIL
C0638,target_satellite_v0,3.0,0.02,1.5,2.0,0.8,1,1.0,28.33,5.33,2.775,0.012,1.3,0.47,FAIL,APPROACH_SPEED_FAIL
C0639,target_satellite_v0,3.0,0.02,1.5,2.0,1.0,0,1.0,28.33,5.33,18.502,0.012,1.625,0.47,FAIL,BASE_REACTION_FAIL
C0640,target_satellite_v0,3.0,0.02,1.5,2.0,1.0,1,1.0,28.33,5.33,2.775,0.012,1.625,0.47,FAIL,APPROACH_SPEED_FAIL
C0641,target_satellite_v0,3.0,0.02,1.5,2.0,1.2,0,1.0,28.33,5.33,18.502,0.012,1.95,0.47,FAIL,BASE_REACTION_FAIL
C0642,target_satellite_v0,3.0,0.02,1.5,2.0,1.2,1,1.0,28.33,5.33,2.775,0.012,1.95,0.47,FAIL,APPROACH_SPEED_FAIL
C0643,target_satellite_v0,3.0,0.02,1.5,3.0,0.8,0,1.0,28.33,5.33,18.502,0.012,1.3,0.47,FAIL,POSE_UNCERTAINTY_FAIL
C0644,target_satellite_v0,3.0,0.02,1.5,3.0,0.8,1,1.0,28.33,5.33,2.775,0.012,1.3,0.47,FAIL,POSE_UNCERTAINTY_FAIL
C0645,target_satellite_v0,3.0,0.02,1.5,3.0,1.0,0,1.0,28.33,5.33,18.502,0.012,1.625,0.47,FAIL,POSE_UNCERTAINTY_FAIL
C0646,target_satellite_v0,3.0,0.02,1.5,3.0,1.0,1,1.0,28.33,5.33,2.775,0.012,1.625,0.47,FAIL,POSE_UNCERTAINTY_FAIL
C0647,target_satellite_v0,3.0,0.02,1.5,3.0,1.2,0,1.0,28.33,5.33,18.502,0.012,1.95,0.47,FAIL,POSE_UNCERTAINTY_FAIL
C0648,target_satellite_v0,3.0,0.02,1.5,3.0,1.2,1,1.0,28.33,5.33,2.775,0.012,1.95,0.47,FAIL,POSE_UNCERTAINTY_FAIL
C0649,target_satellite_v0,5.0,0.005,0.5,1.0,0.8,0,1.0,17.02,16.0,6.807,0.0086,2.167,0.47,FAIL,BASE_REACTION_FAIL
C0650,target_satellite_v0,5.0,0.005,0.5,1.0,0.8,1,1.0,17.02,16.0,1.021,0.0086,2.167,0.47,FAIL,INERTIA_UNCERTAINTY_FAIL
C0651,target_satellite_v0,5.0,0.005,0.5,1.0,1.0,0,1.0,17.02,16.0,6.807,0.0086,2.708,0.47,FAIL,BASE_REACTION_FAIL
C0652,target_satellite_v0,5.0,0.005,0.5,1.0,1.0,1,1.0,17.02,16.0,1.021,0.0086,2.708,0.47,FAIL,INERTIA_UNCERTAINTY_FAIL
C0653,target_satellite_v0,5.0,0.005,0.5,1.0,1.2,0,1.0,17.02,16.0,6.807,0.0086,3.25,0.47,FAIL,BASE_REACTION_FAIL
C0654,target_satellite_v0,5.0,0.005,0.5,1.0,1.2,1,1.0,17.02,16.0,1.021,0.0086,3.25,0.47,FAIL,INERTIA_UNCERTAINTY_FAIL
C0655,target_satellite_v0,5.0,0.005,0.5,2.0,0.8,0,1.0,17.02,16.0,6.807,0.0086,2.167,0.47,FAIL,BASE_REACTION_FAIL
C0656,target_satellite_v0,5.0,0.005,0.5,2.0,0.8,1,1.0,17.02,16.0,1.021,0.0086,2.167,0.47,FAIL,INERTIA_UNCERTAINTY_FAIL
C0657,target_satellite_v0,5.0,0.005,0.5,2.0,1.0,0,1.0,17.02,16.0,6.807,0.0086,2.708,0.47,FAIL,BASE_REACTION_FAIL
C0658,target_satellite_v0,5.0,0.005,0.5,2.0,1.0,1,1.0,17.02,16.0,1.021,0.0086,2.708,0.47,FAIL,INERTIA_UNCERTAINTY_FAIL
C0659,target_satellite_v0,5.0,0.005,0.5,2.0,1.2,0,1.0,17.02,16.0,6.807,0.0086,3.25,0.47,FAIL,BASE_REACTION_FAIL
C0660,target_satellite_v0,5.0,0.005,0.5,2.0,1.2,1,1.0,17.02,16.0,1.021,0.0086,3.25,0.47,FAIL,INERTIA_UNCERTAINTY_FAIL
C0661,target_satellite_v0,5.0,0.005,0.5,3.0,0.8,0,1.0,17.02,16.0,6.807,0.0086,2.167,0.47,FAIL,POSE_UNCERTAINTY_FAIL
C0662,target_satellite_v0,5.0,0.005,0.5,3.0,0.8,1,1.0,17.02,16.0,1.021,0.0086,2.167,0.47,FAIL,POSE_UNCERTAINTY_FAIL
C0663,target_satellite_v0,5.0,0.005,0.5,3.0,1.0,0,1.0,17.02,16.0,6.807,0.0086,2.708,0.47,FAIL,POSE_UNCERTAINTY_FAIL
C0664,target_satellite_v0,5.0,0.005,0.5,3.0,1.0,1,1.0,17.02,16.0,1.021,0.0086,2.708,0.47,FAIL,POSE_UNCERTAINTY_FAIL
C0665,target_satellite_v0,5.0,0.005,0.5,3.0,1.2,0,1.0,17.02,16.0,6.807,0.0086,3.25,0.47,FAIL,POSE_UNCERTAINTY_FAIL
C0666,target_satellite_v0,5.0,0.005,0.5,3.0,1.2,1,1.0,17.02,16.0,1.021,0.0086,3.25,0.47,FAIL,POSE_UNCERTAINTY_FAIL
C0667,target_satellite_v0,5.0,0.005,1.0,1.0,0.8,0,1.0,17.02,8.0,13.133,0.0086,2.167,0.47,FAIL,BASE_REACTION_FAIL
C0668,target_satellite_v0,5.0,0.005,1.0,1.0,0.8,1,1.0,17.02,8.0,1.97,0.0086,2.167,0.47,FAIL,INERTIA_UNCERTAINTY_FAIL
C0669,target_satellite_v0,5.0,0.005,1.0,1.0,1.0,0,1.0,17.02,8.0,13.133,0.0086,2.708,0.47,FAIL,BASE_REACTION_FAIL
C0670,target_satellite_v0,5.0,0.005,1.0,1.0,1.0,1,1.0,17.02,8.0,1.97,0.0086,2.708,0.47,FAIL,INERTIA_UNCERTAINTY_FAIL
C0671,target_satellite_v0,5.0,0.005,1.0,1.0,1.2,0,1.0,17.02,8.0,13.133,0.0086,3.25,0.47,FAIL,BASE_REACTION_FAIL
C0672,target_satellite_v0,5.0,0.005,1.0,1.0,1.2,1,1.0,17.02,8.0,1.97,0.0086,3.25,0.47,FAIL,INERTIA_UNCERTAINTY_FAIL
C0673,target_satellite_v0,5.0,0.005,1.0,2.0,0.8,0,1.0,17.02,8.0,13.133,0.0086,2.167,0.47,FAIL,BASE_REACTION_FAIL
C0674,target_satellite_v0,5.0,0.005,1.0,2.0,0.8,1,1.0,17.02,8.0,1.97,0.0086,2.167,0.47,FAIL,INERTIA_UNCERTAINTY_FAIL
C0675,target_satellite_v0,5.0,0.005,1.0,2.0,1.0,0,1.0,17.02,8.0,13.133,0.0086,2.708,0.47,FAIL,BASE_REACTION_FAIL
C0676,target_satellite_v0,5.0,0.005,1.0,2.0,1.0,1,1.0,17.02,8.0,1.97,0.0086,2.708,0.47,FAIL,INERTIA_UNCERTAINTY_FAIL
C0677,target_satellite_v0,5.0,0.005,1.0,2.0,1.2,0,1.0,17.02,8.0,13.133,0.0086,3.25,0.47,FAIL,BASE_REACTION_FAIL
C0678,target_satellite_v0,5.0,0.005,1.0,2.0,1.2,1,1.0,17.02,8.0,1.97,0.0086,3.25,0.47,FAIL,INERTIA_UNCERTAINTY_FAIL
C0679,target_satellite_v0,5.0,0.005,1.0,3.0,0.8,0,1.0,17.02,8.0,13.133,0.0086,2.167,0.47,FAIL,POSE_UNCERTAINTY_FAIL
C0680,target_satellite_v0,5.0,0.005,1.0,3.0,0.8,1,1.0,17.02,8.0,1.97,0.0086,2.167,0.47,FAIL,POSE_UNCERTAINTY_FAIL
C0681,target_satellite_v0,5.0,0.005,1.0,3.0,1.0,0,1.0,17.02,8.0,13.133,0.0086,2.708,0.47,FAIL,POSE_UNCERTAINTY_FAIL
C0682,target_satellite_v0,5.0,0.005,1.0,3.0,1.0,1,1.0,17.02,8.0,1.97,0.0086,2.708,0.47,FAIL,POSE_UNCERTAINTY_FAIL
C0683,target_satellite_v0,5.0,0.005,1.0,3.0,1.2,0,1.0,17.02,8.0,13.133,0.0086,3.25,0.47,FAIL,POSE_UNCERTAINTY_FAIL
C0684,target_satellite_v0,5.0,0.005,1.0,3.0,1.2,1,1.0,17.02,8.0,1.97,0.0086,3.25,0.47,FAIL,POSE_UNCERTAINTY_FAIL
C0685,target_satellite_v0,5.0,0.005,1.5,1.0,0.8,0,1.0,17.02,5.33,18.502,0.0086,2.167,0.47,FAIL,BASE_REACTION_FAIL
C0686,target_satellite_v0,5.0,0.005,1.5,1.0,0.8,1,1.0,17.02,5.33,2.775,0.0086,2.167,0.47,FAIL,INERTIA_UNCERTAINTY_FAIL
C0687,target_satellite_v0,5.0,0.005,1.5,1.0,1.0,0,1.0,17.02,5.33,18.502,0.0086,2.708,0.47,FAIL,BASE_REACTION_FAIL
C0688,target_satellite_v0,5.0,0.005,1.5,1.0,1.0,1,1.0,17.02,5.33,2.775,0.0086,2.708,0.47,FAIL,INERTIA_UNCERTAINTY_FAIL
C0689,target_satellite_v0,5.0,0.005,1.5,1.0,1.2,0,1.0,17.02,5.33,18.502,0.0086,3.25,0.47,FAIL,BASE_REACTION_FAIL
C0690,target_satellite_v0,5.0,0.005,1.5,1.0,1.2,1,1.0,17.02,5.33,2.775,0.0086,3.25,0.47,FAIL,INERTIA_UNCERTAINTY_FAIL
C0691,target_satellite_v0,5.0,0.005,1.5,2.0,0.8,0,1.0,17.02,5.33,18.502,0.0086,2.167,0.47,FAIL,BASE_REACTION_FAIL
C0692,target_satellite_v0,5.0,0.005,1.5,2.0,0.8,1,1.0,17.02,5.33,2.775,0.0086,2.167,0.47,FAIL,INERTIA_UNCERTAINTY_FAIL
C0693,target_satellite_v0,5.0,0.005,1.5,2.0,1.0,0,1.0,17.02,5.33,18.502,0.0086,2.708,0.47,FAIL,BASE_REACTION_FAIL
C0694,target_satellite_v0,5.0,0.005,1.5,2.0,1.0,1,1.0,17.02,5.33,2.775,0.0086,2.708,0.47,FAIL,INERTIA_UNCERTAINTY_FAIL
C0695,target_satellite_v0,5.0,0.005,1.5,2.0,1.2,0,1.0,17.02,5.33,18.502,0.0086,3.25,0.47,FAIL,BASE_REACTION_FAIL
C0696,target_satellite_v0,5.0,0.005,1.5,2.0,1.2,1,1.0,17.02,5.33,2.775,0.0086,3.25,0.47,FAIL,INERTIA_UNCERTAINTY_FAIL
C0697,target_satellite_v0,5.0,0.005,1.5,3.0,0.8,0,1.0,17.02,5.33,18.502,0.0086,2.167,0.47,FAIL,POSE_UNCERTAINTY_FAIL
C0698,target_satellite_v0,5.0,0.005,1.5,3.0,0.8,1,1.0,17.02,5.33,2.775,0.0086,2.167,0.47,FAIL,POSE_UNCERTAINTY_FAIL
C0699,target_satellite_v0,5.0,0.005,1.5,3.0,1.0,0,1.0,17.02,5.33,18.502,0.0086,2.708,0.47,FAIL,POSE_UNCERTAINTY_FAIL
C0700,target_satellite_v0,5.0,0.005,1.5,3.0,1.0,1,1.0,17.02,5.33,2.775,0.0086,2.708,0.47,FAIL,POSE_UNCERTAINTY_FAIL
C0701,target_satellite_v0,5.0,0.005,1.5,3.0,1.2,0,1.0,17.02,5.33,18.502,0.0086,3.25,0.47,FAIL,POSE_UNCERTAINTY_FAIL
C0702,target_satellite_v0,5.0,0.005,1.5,3.0,1.2,1,1.0,17.02,5.33,2.775,0.0086,3.25,0.47,FAIL,POSE_UNCERTAINTY_FAIL
C0703,target_satellite_v0,5.0,0.01,0.5,1.0,0.8,0,1.0,17.02,16.0,6.807,0.0086,2.167,0.47,FAIL,BASE_REACTION_FAIL
C0704,target_satellite_v0,5.0,0.01,0.5,1.0,0.8,1,1.0,17.02,16.0,1.021,0.0086,2.167,0.47,FAIL,APPROACH_SPEED_FAIL
C0705,target_satellite_v0,5.0,0.01,0.5,1.0,1.0,0,1.0,17.02,16.0,6.807,0.0086,2.708,0.47,FAIL,BASE_REACTION_FAIL
C0706,target_satellite_v0,5.0,0.01,0.5,1.0,1.0,1,1.0,17.02,16.0,1.021,0.0086,2.708,0.47,FAIL,APPROACH_SPEED_FAIL
C0707,target_satellite_v0,5.0,0.01,0.5,1.0,1.2,0,1.0,17.02,16.0,6.807,0.0086,3.25,0.47,FAIL,BASE_REACTION_FAIL
C0708,target_satellite_v0,5.0,0.01,0.5,1.0,1.2,1,1.0,17.02,16.0,1.021,0.0086,3.25,0.47,FAIL,APPROACH_SPEED_FAIL
C0709,target_satellite_v0,5.0,0.01,0.5,2.0,0.8,0,1.0,17.02,16.0,6.807,0.0086,2.167,0.47,FAIL,BASE_REACTION_FAIL
C0710,target_satellite_v0,5.0,0.01,0.5,2.0,0.8,1,1.0,17.02,16.0,1.021,0.0086,2.167,0.47,FAIL,APPROACH_SPEED_FAIL
C0711,target_satellite_v0,5.0,0.01,0.5,2.0,1.0,0,1.0,17.02,16.0,6.807,0.0086,2.708,0.47,FAIL,BASE_REACTION_FAIL
C0712,target_satellite_v0,5.0,0.01,0.5,2.0,1.0,1,1.0,17.02,16.0,1.021,0.0086,2.708,0.47,FAIL,APPROACH_SPEED_FAIL
C0713,target_satellite_v0,5.0,0.01,0.5,2.0,1.2,0,1.0,17.02,16.0,6.807,0.0086,3.25,0.47,FAIL,BASE_REACTION_FAIL
C0714,target_satellite_v0,5.0,0.01,0.5,2.0,1.2,1,1.0,17.02,16.0,1.021,0.0086,3.25,0.47,FAIL,APPROACH_SPEED_FAIL
C0715,target_satellite_v0,5.0,0.01,0.5,3.0,0.8,0,1.0,17.02,16.0,6.807,0.0086,2.167,0.47,FAIL,POSE_UNCERTAINTY_FAIL
C0716,target_satellite_v0,5.0,0.01,0.5,3.0,0.8,1,1.0,17.02,16.0,1.021,0.0086,2.167,0.47,FAIL,POSE_UNCERTAINTY_FAIL
C0717,target_satellite_v0,5.0,0.01,0.5,3.0,1.0,0,1.0,17.02,16.0,6.807,0.0086,2.708,0.47,FAIL,POSE_UNCERTAINTY_FAIL
C0718,target_satellite_v0,5.0,0.01,0.5,3.0,1.0,1,1.0,17.02,16.0,1.021,0.0086,2.708,0.47,FAIL,POSE_UNCERTAINTY_FAIL
C0719,target_satellite_v0,5.0,0.01,0.5,3.0,1.2,0,1.0,17.02,16.0,6.807,0.0086,3.25,0.47,FAIL,POSE_UNCERTAINTY_FAIL
C0720,target_satellite_v0,5.0,0.01,0.5,3.0,1.2,1,1.0,17.02,16.0,1.021,0.0086,3.25,0.47,FAIL,POSE_UNCERTAINTY_FAIL
C0721,target_satellite_v0,5.0,0.01,1.0,1.0,0.8,0,1.0,17.02,8.0,13.133,0.0086,2.167,0.47,FAIL,BASE_REACTION_FAIL
C0722,target_satellite_v0,5.0,0.01,1.0,1.0,0.8,1,1.0,17.02,8.0,1.97,0.0086,2.167,0.47,FAIL,APPROACH_SPEED_FAIL
C0723,target_satellite_v0,5.0,0.01,1.0,1.0,1.0,0,1.0,17.02,8.0,13.133,0.0086,2.708,0.47,FAIL,BASE_REACTION_FAIL
C0724,target_satellite_v0,5.0,0.01,1.0,1.0,1.0,1,1.0,17.02,8.0,1.97,0.0086,2.708,0.47,FAIL,APPROACH_SPEED_FAIL
C0725,target_satellite_v0,5.0,0.01,1.0,1.0,1.2,0,1.0,17.02,8.0,13.133,0.0086,3.25,0.47,FAIL,BASE_REACTION_FAIL
C0726,target_satellite_v0,5.0,0.01,1.0,1.0,1.2,1,1.0,17.02,8.0,1.97,0.0086,3.25,0.47,FAIL,APPROACH_SPEED_FAIL
C0727,target_satellite_v0,5.0,0.01,1.0,2.0,0.8,0,1.0,17.02,8.0,13.133,0.0086,2.167,0.47,FAIL,BASE_REACTION_FAIL
C0728,target_satellite_v0,5.0,0.01,1.0,2.0,0.8,1,1.0,17.02,8.0,1.97,0.0086,2.167,0.47,FAIL,APPROACH_SPEED_FAIL
C0729,target_satellite_v0,5.0,0.01,1.0,2.0,1.0,0,1.0,17.02,8.0,13.133,0.0086,2.708,0.47,FAIL,BASE_REACTION_FAIL
C0730,target_satellite_v0,5.0,0.01,1.0,2.0,1.0,1,1.0,17.02,8.0,1.97,0.0086,2.708,0.47,FAIL,APPROACH_SPEED_FAIL
C0731,target_satellite_v0,5.0,0.01,1.0,2.0,1.2,0,1.0,17.02,8.0,13.133,0.0086,3.25,0.47,FAIL,BASE_REACTION_FAIL
C0732,target_satellite_v0,5.0,0.01,1.0,2.0,1.2,1,1.0,17.02,8.0,1.97,0.0086,3.25,0.47,FAIL,APPROACH_SPEED_FAIL
C0733,target_satellite_v0,5.0,0.01,1.0,3.0,0.8,0,1.0,17.02,8.0,13.133,0.0086,2.167,0.47,FAIL,POSE_UNCERTAINTY_FAIL
C0734,target_satellite_v0,5.0,0.01,1.0,3.0,0.8,1,1.0,17.02,8.0,1.97,0.0086,2.167,0.47,FAIL,POSE_UNCERTAINTY_FAIL
C0735,target_satellite_v0,5.0,0.01,1.0,3.0,1.0,0,1.0,17.02,8.0,13.133,0.0086,2.708,0.47,FAIL,POSE_UNCERTAINTY_FAIL
C0736,target_satellite_v0,5.0,0.01,1.0,3.0,1.0,1,1.0,17.02,8.0,1.97,0.0086,2.708,0.47,FAIL,POSE_UNCERTAINTY_FAIL
C0737,target_satellite_v0,5.0,0.01,1.0,3.0,1.2,0,1.0,17.02,8.0,13.133,0.0086,3.25,0.47,FAIL,POSE_UNCERTAINTY_FAIL
C0738,target_satellite_v0,5.0,0.01,1.0,3.0,1.2,1,1.0,17.02,8.0,1.97,0.0086,3.25,0.47,FAIL,POSE_UNCERTAINTY_FAIL
C0739,target_satellite_v0,5.0,0.01,1.5,1.0,0.8,0,1.0,17.02,5.33,18.502,0.0086,2.167,0.47,FAIL,BASE_REACTION_FAIL
C0740,target_satellite_v0,5.0,0.01,1.5,1.0,0.8,1,1.0,17.02,5.33,2.775,0.0086,2.167,0.47,FAIL,APPROACH_SPEED_FAIL
C0741,target_satellite_v0,5.0,0.01,1.5,1.0,1.0,0,1.0,17.02,5.33,18.502,0.0086,2.708,0.47,FAIL,BASE_REACTION_FAIL
C0742,target_satellite_v0,5.0,0.01,1.5,1.0,1.0,1,1.0,17.02,5.33,2.775,0.0086,2.708,0.47,FAIL,APPROACH_SPEED_FAIL
C0743,target_satellite_v0,5.0,0.01,1.5,1.0,1.2,0,1.0,17.02,5.33,18.502,0.0086,3.25,0.47,FAIL,BASE_REACTION_FAIL
C0744,target_satellite_v0,5.0,0.01,1.5,1.0,1.2,1,1.0,17.02,5.33,2.775,0.0086,3.25,0.47,FAIL,APPROACH_SPEED_FAIL
C0745,target_satellite_v0,5.0,0.01,1.5,2.0,0.8,0,1.0,17.02,5.33,18.502,0.0086,2.167,0.47,FAIL,BASE_REACTION_FAIL
C0746,target_satellite_v0,5.0,0.01,1.5,2.0,0.8,1,1.0,17.02,5.33,2.775,0.0086,2.167,0.47,FAIL,APPROACH_SPEED_FAIL
C0747,target_satellite_v0,5.0,0.01,1.5,2.0,1.0,0,1.0,17.02,5.33,18.502,0.0086,2.708,0.47,FAIL,BASE_REACTION_FAIL
C0748,target_satellite_v0,5.0,0.01,1.5,2.0,1.0,1,1.0,17.02,5.33,2.775,0.0086,2.708,0.47,FAIL,APPROACH_SPEED_FAIL
C0749,target_satellite_v0,5.0,0.01,1.5,2.0,1.2,0,1.0,17.02,5.33,18.502,0.0086,3.25,0.47,FAIL,BASE_REACTION_FAIL
C0750,target_satellite_v0,5.0,0.01,1.5,2.0,1.2,1,1.0,17.02,5.33,2.775,0.0086,3.25,0.47,FAIL,APPROACH_SPEED_FAIL
C0751,target_satellite_v0,5.0,0.01,1.5,3.0,0.8,0,1.0,17.02,5.33,18.502,0.0086,2.167,0.47,FAIL,POSE_UNCERTAINTY_FAIL
C0752,target_satellite_v0,5.0,0.01,1.5,3.0,0.8,1,1.0,17.02,5.33,2.775,0.0086,2.167,0.47,FAIL,POSE_UNCERTAINTY_FAIL
C0753,target_satellite_v0,5.0,0.01,1.5,3.0,1.0,0,1.0,17.02,5.33,18.502,0.0086,2.708,0.47,FAIL,POSE_UNCERTAINTY_FAIL
C0754,target_satellite_v0,5.0,0.01,1.5,3.0,1.0,1,1.0,17.02,5.33,2.775,0.0086,2.708,0.47,FAIL,POSE_UNCERTAINTY_FAIL
C0755,target_satellite_v0,5.0,0.01,1.5,3.0,1.2,0,1.0,17.02,5.33,18.502,0.0086,3.25,0.47,FAIL,POSE_UNCERTAINTY_FAIL
C0756,target_satellite_v0,5.0,0.01,1.5,3.0,1.2,1,1.0,17.02,5.33,2.775,0.0086,3.25,0.47,FAIL,POSE_UNCERTAINTY_FAIL
C0757,target_satellite_v0,5.0,0.02,0.5,1.0,0.8,0,1.0,17.02,16.0,6.807,0.0086,2.167,0.47,FAIL,BASE_REACTION_FAIL
C0758,target_satellite_v0,5.0,0.02,0.5,1.0,0.8,1,1.0,17.02,16.0,1.021,0.0086,2.167,0.47,FAIL,APPROACH_SPEED_FAIL
C0759,target_satellite_v0,5.0,0.02,0.5,1.0,1.0,0,1.0,17.02,16.0,6.807,0.0086,2.708,0.47,FAIL,BASE_REACTION_FAIL
C0760,target_satellite_v0,5.0,0.02,0.5,1.0,1.0,1,1.0,17.02,16.0,1.021,0.0086,2.708,0.47,FAIL,APPROACH_SPEED_FAIL
C0761,target_satellite_v0,5.0,0.02,0.5,1.0,1.2,0,1.0,17.02,16.0,6.807,0.0086,3.25,0.47,FAIL,BASE_REACTION_FAIL
C0762,target_satellite_v0,5.0,0.02,0.5,1.0,1.2,1,1.0,17.02,16.0,1.021,0.0086,3.25,0.47,FAIL,APPROACH_SPEED_FAIL
C0763,target_satellite_v0,5.0,0.02,0.5,2.0,0.8,0,1.0,17.02,16.0,6.807,0.0086,2.167,0.47,FAIL,BASE_REACTION_FAIL
C0764,target_satellite_v0,5.0,0.02,0.5,2.0,0.8,1,1.0,17.02,16.0,1.021,0.0086,2.167,0.47,FAIL,APPROACH_SPEED_FAIL
C0765,target_satellite_v0,5.0,0.02,0.5,2.0,1.0,0,1.0,17.02,16.0,6.807,0.0086,2.708,0.47,FAIL,BASE_REACTION_FAIL
C0766,target_satellite_v0,5.0,0.02,0.5,2.0,1.0,1,1.0,17.02,16.0,1.021,0.0086,2.708,0.47,FAIL,APPROACH_SPEED_FAIL
C0767,target_satellite_v0,5.0,0.02,0.5,2.0,1.2,0,1.0,17.02,16.0,6.807,0.0086,3.25,0.47,FAIL,BASE_REACTION_FAIL
C0768,target_satellite_v0,5.0,0.02,0.5,2.0,1.2,1,1.0,17.02,16.0,1.021,0.0086,3.25,0.47,FAIL,APPROACH_SPEED_FAIL
C0769,target_satellite_v0,5.0,0.02,0.5,3.0,0.8,0,1.0,17.02,16.0,6.807,0.0086,2.167,0.47,FAIL,POSE_UNCERTAINTY_FAIL
C0770,target_satellite_v0,5.0,0.02,0.5,3.0,0.8,1,1.0,17.02,16.0,1.021,0.0086,2.167,0.47,FAIL,POSE_UNCERTAINTY_FAIL
C0771,target_satellite_v0,5.0,0.02,0.5,3.0,1.0,0,1.0,17.02,16.0,6.807,0.0086,2.708,0.47,FAIL,POSE_UNCERTAINTY_FAIL
C0772,target_satellite_v0,5.0,0.02,0.5,3.0,1.0,1,1.0,17.02,16.0,1.021,0.0086,2.708,0.47,FAIL,POSE_UNCERTAINTY_FAIL
C0773,target_satellite_v0,5.0,0.02,0.5,3.0,1.2,0,1.0,17.02,16.0,6.807,0.0086,3.25,0.47,FAIL,POSE_UNCERTAINTY_FAIL
C0774,target_satellite_v0,5.0,0.02,0.5,3.0,1.2,1,1.0,17.02,16.0,1.021,0.0086,3.25,0.47,FAIL,POSE_UNCERTAINTY_FAIL
C0775,target_satellite_v0,5.0,0.02,1.0,1.0,0.8,0,1.0,17.02,8.0,13.133,0.0086,2.167,0.47,FAIL,BASE_REACTION_FAIL
C0776,target_satellite_v0,5.0,0.02,1.0,1.0,0.8,1,1.0,17.02,8.0,1.97,0.0086,2.167,0.47,FAIL,APPROACH_SPEED_FAIL
C0777,target_satellite_v0,5.0,0.02,1.0,1.0,1.0,0,1.0,17.02,8.0,13.133,0.0086,2.708,0.47,FAIL,BASE_REACTION_FAIL
C0778,target_satellite_v0,5.0,0.02,1.0,1.0,1.0,1,1.0,17.02,8.0,1.97,0.0086,2.708,0.47,FAIL,APPROACH_SPEED_FAIL
C0779,target_satellite_v0,5.0,0.02,1.0,1.0,1.2,0,1.0,17.02,8.0,13.133,0.0086,3.25,0.47,FAIL,BASE_REACTION_FAIL
C0780,target_satellite_v0,5.0,0.02,1.0,1.0,1.2,1,1.0,17.02,8.0,1.97,0.0086,3.25,0.47,FAIL,APPROACH_SPEED_FAIL
C0781,target_satellite_v0,5.0,0.02,1.0,2.0,0.8,0,1.0,17.02,8.0,13.133,0.0086,2.167,0.47,FAIL,BASE_REACTION_FAIL
C0782,target_satellite_v0,5.0,0.02,1.0,2.0,0.8,1,1.0,17.02,8.0,1.97,0.0086,2.167,0.47,FAIL,APPROACH_SPEED_FAIL
C0783,target_satellite_v0,5.0,0.02,1.0,2.0,1.0,0,1.0,17.02,8.0,13.133,0.0086,2.708,0.47,FAIL,BASE_REACTION_FAIL
C0784,target_satellite_v0,5.0,0.02,1.0,2.0,1.0,1,1.0,17.02,8.0,1.97,0.0086,2.708,0.47,FAIL,APPROACH_SPEED_FAIL
C0785,target_satellite_v0,5.0,0.02,1.0,2.0,1.2,0,1.0,17.02,8.0,13.133,0.0086,3.25,0.47,FAIL,BASE_REACTION_FAIL
C0786,target_satellite_v0,5.0,0.02,1.0,2.0,1.2,1,1.0,17.02,8.0,1.97,0.0086,3.25,0.47,FAIL,APPROACH_SPEED_FAIL
C0787,target_satellite_v0,5.0,0.02,1.0,3.0,0.8,0,1.0,17.02,8.0,13.133,0.0086,2.167,0.47,FAIL,POSE_UNCERTAINTY_FAIL
C0788,target_satellite_v0,5.0,0.02,1.0,3.0,0.8,1,1.0,17.02,8.0,1.97,0.0086,2.167,0.47,FAIL,POSE_UNCERTAINTY_FAIL
C0789,target_satellite_v0,5.0,0.02,1.0,3.0,1.0,0,1.0,17.02,8.0,13.133,0.0086,2.708,0.47,FAIL,POSE_UNCERTAINTY_FAIL
C0790,target_satellite_v0,5.0,0.02,1.0,3.0,1.0,1,1.0,17.02,8.0,1.97,0.0086,2.708,0.47,FAIL,POSE_UNCERTAINTY_FAIL
C0791,target_satellite_v0,5.0,0.02,1.0,3.0,1.2,0,1.0,17.02,8.0,13.133,0.0086,3.25,0.47,FAIL,POSE_UNCERTAINTY_FAIL
C0792,target_satellite_v0,5.0,0.02,1.0,3.0,1.2,1,1.0,17.02,8.0,1.97,0.0086,3.25,0.47,FAIL,POSE_UNCERTAINTY_FAIL
C0793,target_satellite_v0,5.0,0.02,1.5,1.0,0.8,0,1.0,17.02,5.33,18.502,0.0086,2.167,0.47,FAIL,BASE_REACTION_FAIL
C0794,target_satellite_v0,5.0,0.02,1.5,1.0,0.8,1,1.0,17.02,5.33,2.775,0.0086,2.167,0.47,FAIL,APPROACH_SPEED_FAIL
C0795,target_satellite_v0,5.0,0.02,1.5,1.0,1.0,0,1.0,17.02,5.33,18.502,0.0086,2.708,0.47,FAIL,BASE_REACTION_FAIL
C0796,target_satellite_v0,5.0,0.02,1.5,1.0,1.0,1,1.0,17.02,5.33,2.775,0.0086,2.708,0.47,FAIL,APPROACH_SPEED_FAIL
C0797,target_satellite_v0,5.0,0.02,1.5,1.0,1.2,0,1.0,17.02,5.33,18.502,0.0086,3.25,0.47,FAIL,BASE_REACTION_FAIL
C0798,target_satellite_v0,5.0,0.02,1.5,1.0,1.2,1,1.0,17.02,5.33,2.775,0.0086,3.25,0.47,FAIL,APPROACH_SPEED_FAIL
C0799,target_satellite_v0,5.0,0.02,1.5,2.0,0.8,0,1.0,17.02,5.33,18.502,0.0086,2.167,0.47,FAIL,BASE_REACTION_FAIL
C0800,target_satellite_v0,5.0,0.02,1.5,2.0,0.8,1,1.0,17.02,5.33,2.775,0.0086,2.167,0.47,FAIL,APPROACH_SPEED_FAIL
C0801,target_satellite_v0,5.0,0.02,1.5,2.0,1.0,0,1.0,17.02,5.33,18.502,0.0086,2.708,0.47,FAIL,BASE_REACTION_FAIL
C0802,target_satellite_v0,5.0,0.02,1.5,2.0,1.0,1,1.0,17.02,5.33,2.775,0.0086,2.708,0.47,FAIL,APPROACH_SPEED_FAIL
C0803,target_satellite_v0,5.0,0.02,1.5,2.0,1.2,0,1.0,17.02,5.33,18.502,0.0086,3.25,0.47,FAIL,BASE_REACTION_FAIL
C0804,target_satellite_v0,5.0,0.02,1.5,2.0,1.2,1,1.0,17.02,5.33,2.775,0.0086,3.25,0.47,FAIL,APPROACH_SPEED_FAIL
C0805,target_satellite_v0,5.0,0.02,1.5,3.0,0.8,0,1.0,17.02,5.33,18.502,0.0086,2.167,0.47,FAIL,POSE_UNCERTAINTY_FAIL
C0806,target_satellite_v0,5.0,0.02,1.5,3.0,0.8,1,1.0,17.02,5.33,2.775,0.0086,2.167,0.47,FAIL,POSE_UNCERTAINTY_FAIL
C0807,target_satellite_v0,5.0,0.02,1.5,3.0,1.0,0,1.0,17.02,5.33,18.502,0.0086,2.708,0.47,FAIL,POSE_UNCERTAINTY_FAIL
C0808,target_satellite_v0,5.0,0.02,1.5,3.0,1.0,1,1.0,17.02,5.33,2.775,0.0086,2.708,0.47,FAIL,POSE_UNCERTAINTY_FAIL
C0809,target_satellite_v0,5.0,0.02,1.5,3.0,1.2,0,1.0,17.02,5.33,18.502,0.0086,3.25,0.47,FAIL,POSE_UNCERTAINTY_FAIL
C0810,target_satellite_v0,5.0,0.02,1.5,3.0,1.2,1,1.0,17.02,5.33,2.775,0.0086,3.25,0.47,FAIL,POSE_UNCERTAINTY_FAIL
C0811,target_debris_v0,0.5,0.005,0.5,1.0,0.8,0,1.0,90.1,16.0,6.807,0.024,0.398,0.47,FAIL,BASE_REACTION_FAIL
C0812,target_debris_v0,0.5,0.005,0.5,1.0,0.8,1,1.0,90.1,16.0,1.021,0.024,0.398,0.47,SAFE,SAFE
C0813,target_debris_v0,0.5,0.005,0.5,1.0,1.0,0,1.0,90.1,16.0,6.807,0.024,0.497,0.47,FAIL,BASE_REACTION_FAIL
C0814,target_debris_v0,0.5,0.005,0.5,1.0,1.0,1,1.0,90.1,16.0,1.021,0.024,0.497,0.47,SAFE,SAFE
C0815,target_debris_v0,0.5,0.005,0.5,1.0,1.2,0,1.0,90.1,16.0,6.807,0.024,0.597,0.47,FAIL,BASE_REACTION_FAIL
C0816,target_debris_v0,0.5,0.005,0.5,1.0,1.2,1,1.0,90.1,16.0,1.021,0.024,0.597,0.47,SAFE,SAFE
C0817,target_debris_v0,0.5,0.005,0.5,2.0,0.8,0,1.0,90.1,16.0,6.807,0.024,0.398,0.47,FAIL,BASE_REACTION_FAIL
C0818,target_debris_v0,0.5,0.005,0.5,2.0,0.8,1,1.0,90.1,16.0,1.021,0.024,0.398,0.47,SAFE,SAFE
C0819,target_debris_v0,0.5,0.005,0.5,2.0,1.0,0,1.0,90.1,16.0,6.807,0.024,0.497,0.47,FAIL,BASE_REACTION_FAIL
C0820,target_debris_v0,0.5,0.005,0.5,2.0,1.0,1,1.0,90.1,16.0,1.021,0.024,0.497,0.47,SAFE,SAFE
C0821,target_debris_v0,0.5,0.005,0.5,2.0,1.2,0,1.0,90.1,16.0,6.807,0.024,0.597,0.47,FAIL,BASE_REACTION_FAIL
C0822,target_debris_v0,0.5,0.005,0.5,2.0,1.2,1,1.0,90.1,16.0,1.021,0.024,0.597,0.47,SAFE,SAFE
C0823,target_debris_v0,0.5,0.005,0.5,3.0,0.8,0,1.0,90.1,16.0,6.807,0.024,0.398,0.47,FAIL,POSE_UNCERTAINTY_FAIL
C0824,target_debris_v0,0.5,0.005,0.5,3.0,0.8,1,1.0,90.1,16.0,1.021,0.024,0.398,0.47,FAIL,POSE_UNCERTAINTY_FAIL
C0825,target_debris_v0,0.5,0.005,0.5,3.0,1.0,0,1.0,90.1,16.0,6.807,0.024,0.497,0.47,FAIL,POSE_UNCERTAINTY_FAIL
C0826,target_debris_v0,0.5,0.005,0.5,3.0,1.0,1,1.0,90.1,16.0,1.021,0.024,0.497,0.47,FAIL,POSE_UNCERTAINTY_FAIL
C0827,target_debris_v0,0.5,0.005,0.5,3.0,1.2,0,1.0,90.1,16.0,6.807,0.024,0.597,0.47,FAIL,POSE_UNCERTAINTY_FAIL
C0828,target_debris_v0,0.5,0.005,0.5,3.0,1.2,1,1.0,90.1,16.0,1.021,0.024,0.597,0.47,FAIL,POSE_UNCERTAINTY_FAIL
C0829,target_debris_v0,0.5,0.005,1.0,1.0,0.8,0,1.0,90.1,8.0,13.133,0.024,0.398,0.47,FAIL,BASE_REACTION_FAIL
C0830,target_debris_v0,0.5,0.005,1.0,1.0,0.8,1,1.0,90.1,8.0,1.97,0.024,0.398,0.47,SAFE,SAFE
C0831,target_debris_v0,0.5,0.005,1.0,1.0,1.0,0,1.0,90.1,8.0,13.133,0.024,0.497,0.47,FAIL,BASE_REACTION_FAIL
C0832,target_debris_v0,0.5,0.005,1.0,1.0,1.0,1,1.0,90.1,8.0,1.97,0.024,0.497,0.47,SAFE,SAFE
C0833,target_debris_v0,0.5,0.005,1.0,1.0,1.2,0,1.0,90.1,8.0,13.133,0.024,0.597,0.47,FAIL,BASE_REACTION_FAIL
C0834,target_debris_v0,0.5,0.005,1.0,1.0,1.2,1,1.0,90.1,8.0,1.97,0.024,0.597,0.47,SAFE,SAFE
C0835,target_debris_v0,0.5,0.005,1.0,2.0,0.8,0,1.0,90.1,8.0,13.133,0.024,0.398,0.47,FAIL,BASE_REACTION_FAIL
C0836,target_debris_v0,0.5,0.005,1.0,2.0,0.8,1,1.0,90.1,8.0,1.97,0.024,0.398,0.47,SAFE,SAFE
C0837,target_debris_v0,0.5,0.005,1.0,2.0,1.0,0,1.0,90.1,8.0,13.133,0.024,0.497,0.47,FAIL,BASE_REACTION_FAIL
C0838,target_debris_v0,0.5,0.005,1.0,2.0,1.0,1,1.0,90.1,8.0,1.97,0.024,0.497,0.47,SAFE,SAFE
C0839,target_debris_v0,0.5,0.005,1.0,2.0,1.2,0,1.0,90.1,8.0,13.133,0.024,0.597,0.47,FAIL,BASE_REACTION_FAIL
C0840,target_debris_v0,0.5,0.005,1.0,2.0,1.2,1,1.0,90.1,8.0,1.97,0.024,0.597,0.47,SAFE,SAFE
C0841,target_debris_v0,0.5,0.005,1.0,3.0,0.8,0,1.0,90.1,8.0,13.133,0.024,0.398,0.47,FAIL,POSE_UNCERTAINTY_FAIL
C0842,target_debris_v0,0.5,0.005,1.0,3.0,0.8,1,1.0,90.1,8.0,1.97,0.024,0.398,0.47,FAIL,POSE_UNCERTAINTY_FAIL
C0843,target_debris_v0,0.5,0.005,1.0,3.0,1.0,0,1.0,90.1,8.0,13.133,0.024,0.497,0.47,FAIL,POSE_UNCERTAINTY_FAIL
C0844,target_debris_v0,0.5,0.005,1.0,3.0,1.0,1,1.0,90.1,8.0,1.97,0.024,0.497,0.47,FAIL,POSE_UNCERTAINTY_FAIL
C0845,target_debris_v0,0.5,0.005,1.0,3.0,1.2,0,1.0,90.1,8.0,13.133,0.024,0.597,0.47,FAIL,POSE_UNCERTAINTY_FAIL
C0846,target_debris_v0,0.5,0.005,1.0,3.0,1.2,1,1.0,90.1,8.0,1.97,0.024,0.597,0.47,FAIL,POSE_UNCERTAINTY_FAIL
C0847,target_debris_v0,0.5,0.005,1.5,1.0,0.8,0,1.0,90.1,5.33,18.502,0.024,0.398,0.47,FAIL,BASE_REACTION_FAIL
C0848,target_debris_v0,0.5,0.005,1.5,1.0,0.8,1,1.0,90.1,5.33,2.775,0.024,0.398,0.47,SAFE,SAFE
C0849,target_debris_v0,0.5,0.005,1.5,1.0,1.0,0,1.0,90.1,5.33,18.502,0.024,0.497,0.47,FAIL,BASE_REACTION_FAIL
C0850,target_debris_v0,0.5,0.005,1.5,1.0,1.0,1,1.0,90.1,5.33,2.775,0.024,0.497,0.47,SAFE,SAFE
C0851,target_debris_v0,0.5,0.005,1.5,1.0,1.2,0,1.0,90.1,5.33,18.502,0.024,0.597,0.47,FAIL,BASE_REACTION_FAIL
C0852,target_debris_v0,0.5,0.005,1.5,1.0,1.2,1,1.0,90.1,5.33,2.775,0.024,0.597,0.47,SAFE,SAFE
C0853,target_debris_v0,0.5,0.005,1.5,2.0,0.8,0,1.0,90.1,5.33,18.502,0.024,0.398,0.47,FAIL,BASE_REACTION_FAIL
C0854,target_debris_v0,0.5,0.005,1.5,2.0,0.8,1,1.0,90.1,5.33,2.775,0.024,0.398,0.47,SAFE,SAFE
C0855,target_debris_v0,0.5,0.005,1.5,2.0,1.0,0,1.0,90.1,5.33,18.502,0.024,0.497,0.47,FAIL,BASE_REACTION_FAIL
C0856,target_debris_v0,0.5,0.005,1.5,2.0,1.0,1,1.0,90.1,5.33,2.775,0.024,0.497,0.47,SAFE,SAFE
C0857,target_debris_v0,0.5,0.005,1.5,2.0,1.2,0,1.0,90.1,5.33,18.502,0.024,0.597,0.47,FAIL,BASE_REACTION_FAIL
C0858,target_debris_v0,0.5,0.005,1.5,2.0,1.2,1,1.0,90.1,5.33,2.775,0.024,0.597,0.47,SAFE,SAFE
C0859,target_debris_v0,0.5,0.005,1.5,3.0,0.8,0,1.0,90.1,5.33,18.502,0.024,0.398,0.47,FAIL,POSE_UNCERTAINTY_FAIL
C0860,target_debris_v0,0.5,0.005,1.5,3.0,0.8,1,1.0,90.1,5.33,2.775,0.024,0.398,0.47,FAIL,POSE_UNCERTAINTY_FAIL
C0861,target_debris_v0,0.5,0.005,1.5,3.0,1.0,0,1.0,90.1,5.33,18.502,0.024,0.497,0.47,FAIL,POSE_UNCERTAINTY_FAIL
C0862,target_debris_v0,0.5,0.005,1.5,3.0,1.0,1,1.0,90.1,5.33,2.775,0.024,0.497,0.47,FAIL,POSE_UNCERTAINTY_FAIL
C0863,target_debris_v0,0.5,0.005,1.5,3.0,1.2,0,1.0,90.1,5.33,18.502,0.024,0.597,0.47,FAIL,POSE_UNCERTAINTY_FAIL
C0864,target_debris_v0,0.5,0.005,1.5,3.0,1.2,1,1.0,90.1,5.33,2.775,0.024,0.597,0.47,FAIL,POSE_UNCERTAINTY_FAIL
C0865,target_debris_v0,0.5,0.01,0.5,1.0,0.8,0,1.0,90.1,16.0,6.807,0.024,0.398,0.47,FAIL,BASE_REACTION_FAIL
C0866,target_debris_v0,0.5,0.01,0.5,1.0,0.8,1,1.0,90.1,16.0,1.021,0.024,0.398,0.47,SAFE,SAFE
C0867,target_debris_v0,0.5,0.01,0.5,1.0,1.0,0,1.0,90.1,16.0,6.807,0.024,0.497,0.47,FAIL,BASE_REACTION_FAIL
C0868,target_debris_v0,0.5,0.01,0.5,1.0,1.0,1,1.0,90.1,16.0,1.021,0.024,0.497,0.47,SAFE,SAFE
C0869,target_debris_v0,0.5,0.01,0.5,1.0,1.2,0,1.0,90.1,16.0,6.807,0.024,0.597,0.47,FAIL,BASE_REACTION_FAIL
C0870,target_debris_v0,0.5,0.01,0.5,1.0,1.2,1,1.0,90.1,16.0,1.021,0.024,0.597,0.47,SAFE,SAFE
C0871,target_debris_v0,0.5,0.01,0.5,2.0,0.8,0,1.0,90.1,16.0,6.807,0.024,0.398,0.47,FAIL,BASE_REACTION_FAIL
C0872,target_debris_v0,0.5,0.01,0.5,2.0,0.8,1,1.0,90.1,16.0,1.021,0.024,0.398,0.47,SAFE,SAFE
C0873,target_debris_v0,0.5,0.01,0.5,2.0,1.0,0,1.0,90.1,16.0,6.807,0.024,0.497,0.47,FAIL,BASE_REACTION_FAIL
C0874,target_debris_v0,0.5,0.01,0.5,2.0,1.0,1,1.0,90.1,16.0,1.021,0.024,0.497,0.47,SAFE,SAFE
C0875,target_debris_v0,0.5,0.01,0.5,2.0,1.2,0,1.0,90.1,16.0,6.807,0.024,0.597,0.47,FAIL,BASE_REACTION_FAIL
C0876,target_debris_v0,0.5,0.01,0.5,2.0,1.2,1,1.0,90.1,16.0,1.021,0.024,0.597,0.47,SAFE,SAFE
C0877,target_debris_v0,0.5,0.01,0.5,3.0,0.8,0,1.0,90.1,16.0,6.807,0.024,0.398,0.47,FAIL,POSE_UNCERTAINTY_FAIL
C0878,target_debris_v0,0.5,0.01,0.5,3.0,0.8,1,1.0,90.1,16.0,1.021,0.024,0.398,0.47,FAIL,POSE_UNCERTAINTY_FAIL
C0879,target_debris_v0,0.5,0.01,0.5,3.0,1.0,0,1.0,90.1,16.0,6.807,0.024,0.497,0.47,FAIL,POSE_UNCERTAINTY_FAIL
C0880,target_debris_v0,0.5,0.01,0.5,3.0,1.0,1,1.0,90.1,16.0,1.021,0.024,0.497,0.47,FAIL,POSE_UNCERTAINTY_FAIL
C0881,target_debris_v0,0.5,0.01,0.5,3.0,1.2,0,1.0,90.1,16.0,6.807,0.024,0.597,0.47,FAIL,POSE_UNCERTAINTY_FAIL
C0882,target_debris_v0,0.5,0.01,0.5,3.0,1.2,1,1.0,90.1,16.0,1.021,0.024,0.597,0.47,FAIL,POSE_UNCERTAINTY_FAIL
C0883,target_debris_v0,0.5,0.01,1.0,1.0,0.8,0,1.0,90.1,8.0,13.133,0.024,0.398,0.47,FAIL,BASE_REACTION_FAIL
C0884,target_debris_v0,0.5,0.01,1.0,1.0,0.8,1,1.0,90.1,8.0,1.97,0.024,0.398,0.47,SAFE,SAFE
C0885,target_debris_v0,0.5,0.01,1.0,1.0,1.0,0,1.0,90.1,8.0,13.133,0.024,0.497,0.47,FAIL,BASE_REACTION_FAIL
C0886,target_debris_v0,0.5,0.01,1.0,1.0,1.0,1,1.0,90.1,8.0,1.97,0.024,0.497,0.47,SAFE,SAFE
C0887,target_debris_v0,0.5,0.01,1.0,1.0,1.2,0,1.0,90.1,8.0,13.133,0.024,0.597,0.47,FAIL,BASE_REACTION_FAIL
C0888,target_debris_v0,0.5,0.01,1.0,1.0,1.2,1,1.0,90.1,8.0,1.97,0.024,0.597,0.47,SAFE,SAFE
C0889,target_debris_v0,0.5,0.01,1.0,2.0,0.8,0,1.0,90.1,8.0,13.133,0.024,0.398,0.47,FAIL,BASE_REACTION_FAIL
C0890,target_debris_v0,0.5,0.01,1.0,2.0,0.8,1,1.0,90.1,8.0,1.97,0.024,0.398,0.47,SAFE,SAFE
C0891,target_debris_v0,0.5,0.01,1.0,2.0,1.0,0,1.0,90.1,8.0,13.133,0.024,0.497,0.47,FAIL,BASE_REACTION_FAIL
C0892,target_debris_v0,0.5,0.01,1.0,2.0,1.0,1,1.0,90.1,8.0,1.97,0.024,0.497,0.47,SAFE,SAFE
C0893,target_debris_v0,0.5,0.01,1.0,2.0,1.2,0,1.0,90.1,8.0,13.133,0.024,0.597,0.47,FAIL,BASE_REACTION_FAIL
C0894,target_debris_v0,0.5,0.01,1.0,2.0,1.2,1,1.0,90.1,8.0,1.97,0.024,0.597,0.47,SAFE,SAFE
C0895,target_debris_v0,0.5,0.01,1.0,3.0,0.8,0,1.0,90.1,8.0,13.133,0.024,0.398,0.47,FAIL,POSE_UNCERTAINTY_FAIL
C0896,target_debris_v0,0.5,0.01,1.0,3.0,0.8,1,1.0,90.1,8.0,1.97,0.024,0.398,0.47,FAIL,POSE_UNCERTAINTY_FAIL
C0897,target_debris_v0,0.5,0.01,1.0,3.0,1.0,0,1.0,90.1,8.0,13.133,0.024,0.497,0.47,FAIL,POSE_UNCERTAINTY_FAIL
C0898,target_debris_v0,0.5,0.01,1.0,3.0,1.0,1,1.0,90.1,8.0,1.97,0.024,0.497,0.47,FAIL,POSE_UNCERTAINTY_FAIL
C0899,target_debris_v0,0.5,0.01,1.0,3.0,1.2,0,1.0,90.1,8.0,13.133,0.024,0.597,0.47,FAIL,POSE_UNCERTAINTY_FAIL
C0900,target_debris_v0,0.5,0.01,1.0,3.0,1.2,1,1.0,90.1,8.0,1.97,0.024,0.597,0.47,FAIL,POSE_UNCERTAINTY_FAIL
C0901,target_debris_v0,0.5,0.01,1.5,1.0,0.8,0,1.0,90.1,5.33,18.502,0.024,0.398,0.47,FAIL,BASE_REACTION_FAIL
C0902,target_debris_v0,0.5,0.01,1.5,1.0,0.8,1,1.0,90.1,5.33,2.775,0.024,0.398,0.47,SAFE,SAFE
C0903,target_debris_v0,0.5,0.01,1.5,1.0,1.0,0,1.0,90.1,5.33,18.502,0.024,0.497,0.47,FAIL,BASE_REACTION_FAIL
C0904,target_debris_v0,0.5,0.01,1.5,1.0,1.0,1,1.0,90.1,5.33,2.775,0.024,0.497,0.47,SAFE,SAFE
C0905,target_debris_v0,0.5,0.01,1.5,1.0,1.2,0,1.0,90.1,5.33,18.502,0.024,0.597,0.47,FAIL,BASE_REACTION_FAIL
C0906,target_debris_v0,0.5,0.01,1.5,1.0,1.2,1,1.0,90.1,5.33,2.775,0.024,0.597,0.47,SAFE,SAFE
C0907,target_debris_v0,0.5,0.01,1.5,2.0,0.8,0,1.0,90.1,5.33,18.502,0.024,0.398,0.47,FAIL,BASE_REACTION_FAIL
C0908,target_debris_v0,0.5,0.01,1.5,2.0,0.8,1,1.0,90.1,5.33,2.775,0.024,0.398,0.47,SAFE,SAFE
C0909,target_debris_v0,0.5,0.01,1.5,2.0,1.0,0,1.0,90.1,5.33,18.502,0.024,0.497,0.47,FAIL,BASE_REACTION_FAIL
C0910,target_debris_v0,0.5,0.01,1.5,2.0,1.0,1,1.0,90.1,5.33,2.775,0.024,0.497,0.47,SAFE,SAFE
C0911,target_debris_v0,0.5,0.01,1.5,2.0,1.2,0,1.0,90.1,5.33,18.502,0.024,0.597,0.47,FAIL,BASE_REACTION_FAIL
C0912,target_debris_v0,0.5,0.01,1.5,2.0,1.2,1,1.0,90.1,5.33,2.775,0.024,0.597,0.47,SAFE,SAFE
C0913,target_debris_v0,0.5,0.01,1.5,3.0,0.8,0,1.0,90.1,5.33,18.502,0.024,0.398,0.47,FAIL,POSE_UNCERTAINTY_FAIL
C0914,target_debris_v0,0.5,0.01,1.5,3.0,0.8,1,1.0,90.1,5.33,2.775,0.024,0.398,0.47,FAIL,POSE_UNCERTAINTY_FAIL
C0915,target_debris_v0,0.5,0.01,1.5,3.0,1.0,0,1.0,90.1,5.33,18.502,0.024,0.497,0.47,FAIL,POSE_UNCERTAINTY_FAIL
C0916,target_debris_v0,0.5,0.01,1.5,3.0,1.0,1,1.0,90.1,5.33,2.775,0.024,0.497,0.47,FAIL,POSE_UNCERTAINTY_FAIL
C0917,target_debris_v0,0.5,0.01,1.5,3.0,1.2,0,1.0,90.1,5.33,18.502,0.024,0.597,0.47,FAIL,POSE_UNCERTAINTY_FAIL
C0918,target_debris_v0,0.5,0.01,1.5,3.0,1.2,1,1.0,90.1,5.33,2.775,0.024,0.597,0.47,FAIL,POSE_UNCERTAINTY_FAIL
C0919,target_debris_v0,0.5,0.02,0.5,1.0,0.8,0,1.0,90.1,16.0,6.807,0.024,0.398,0.47,FAIL,BASE_REACTION_FAIL
C0920,target_debris_v0,0.5,0.02,0.5,1.0,0.8,1,1.0,90.1,16.0,1.021,0.024,0.398,0.47,SAFE,SAFE
C0921,target_debris_v0,0.5,0.02,0.5,1.0,1.0,0,1.0,90.1,16.0,6.807,0.024,0.497,0.47,FAIL,BASE_REACTION_FAIL
C0922,target_debris_v0,0.5,0.02,0.5,1.0,1.0,1,1.0,90.1,16.0,1.021,0.024,0.497,0.47,SAFE,SAFE
C0923,target_debris_v0,0.5,0.02,0.5,1.0,1.2,0,1.0,90.1,16.0,6.807,0.024,0.597,0.47,FAIL,BASE_REACTION_FAIL
C0924,target_debris_v0,0.5,0.02,0.5,1.0,1.2,1,1.0,90.1,16.0,1.021,0.024,0.597,0.47,SAFE,SAFE
C0925,target_debris_v0,0.5,0.02,0.5,2.0,0.8,0,1.0,90.1,16.0,6.807,0.024,0.398,0.47,FAIL,BASE_REACTION_FAIL
C0926,target_debris_v0,0.5,0.02,0.5,2.0,0.8,1,1.0,90.1,16.0,1.021,0.024,0.398,0.47,SAFE,SAFE
C0927,target_debris_v0,0.5,0.02,0.5,2.0,1.0,0,1.0,90.1,16.0,6.807,0.024,0.497,0.47,FAIL,BASE_REACTION_FAIL
C0928,target_debris_v0,0.5,0.02,0.5,2.0,1.0,1,1.0,90.1,16.0,1.021,0.024,0.497,0.47,SAFE,SAFE
C0929,target_debris_v0,0.5,0.02,0.5,2.0,1.2,0,1.0,90.1,16.0,6.807,0.024,0.597,0.47,FAIL,BASE_REACTION_FAIL
C0930,target_debris_v0,0.5,0.02,0.5,2.0,1.2,1,1.0,90.1,16.0,1.021,0.024,0.597,0.47,SAFE,SAFE
C0931,target_debris_v0,0.5,0.02,0.5,3.0,0.8,0,1.0,90.1,16.0,6.807,0.024,0.398,0.47,FAIL,POSE_UNCERTAINTY_FAIL
C0932,target_debris_v0,0.5,0.02,0.5,3.0,0.8,1,1.0,90.1,16.0,1.021,0.024,0.398,0.47,FAIL,POSE_UNCERTAINTY_FAIL
C0933,target_debris_v0,0.5,0.02,0.5,3.0,1.0,0,1.0,90.1,16.0,6.807,0.024,0.497,0.47,FAIL,POSE_UNCERTAINTY_FAIL
C0934,target_debris_v0,0.5,0.02,0.5,3.0,1.0,1,1.0,90.1,16.0,1.021,0.024,0.497,0.47,FAIL,POSE_UNCERTAINTY_FAIL
C0935,target_debris_v0,0.5,0.02,0.5,3.0,1.2,0,1.0,90.1,16.0,6.807,0.024,0.597,0.47,FAIL,POSE_UNCERTAINTY_FAIL
C0936,target_debris_v0,0.5,0.02,0.5,3.0,1.2,1,1.0,90.1,16.0,1.021,0.024,0.597,0.47,FAIL,POSE_UNCERTAINTY_FAIL
C0937,target_debris_v0,0.5,0.02,1.0,1.0,0.8,0,1.0,90.1,8.0,13.133,0.024,0.398,0.47,FAIL,BASE_REACTION_FAIL
C0938,target_debris_v0,0.5,0.02,1.0,1.0,0.8,1,1.0,90.1,8.0,1.97,0.024,0.398,0.47,SAFE,SAFE
C0939,target_debris_v0,0.5,0.02,1.0,1.0,1.0,0,1.0,90.1,8.0,13.133,0.024,0.497,0.47,FAIL,BASE_REACTION_FAIL
C0940,target_debris_v0,0.5,0.02,1.0,1.0,1.0,1,1.0,90.1,8.0,1.97,0.024,0.497,0.47,SAFE,SAFE
C0941,target_debris_v0,0.5,0.02,1.0,1.0,1.2,0,1.0,90.1,8.0,13.133,0.024,0.597,0.47,FAIL,BASE_REACTION_FAIL
C0942,target_debris_v0,0.5,0.02,1.0,1.0,1.2,1,1.0,90.1,8.0,1.97,0.024,0.597,0.47,SAFE,SAFE
C0943,target_debris_v0,0.5,0.02,1.0,2.0,0.8,0,1.0,90.1,8.0,13.133,0.024,0.398,0.47,FAIL,BASE_REACTION_FAIL
C0944,target_debris_v0,0.5,0.02,1.0,2.0,0.8,1,1.0,90.1,8.0,1.97,0.024,0.398,0.47,SAFE,SAFE
C0945,target_debris_v0,0.5,0.02,1.0,2.0,1.0,0,1.0,90.1,8.0,13.133,0.024,0.497,0.47,FAIL,BASE_REACTION_FAIL
C0946,target_debris_v0,0.5,0.02,1.0,2.0,1.0,1,1.0,90.1,8.0,1.97,0.024,0.497,0.47,SAFE,SAFE
C0947,target_debris_v0,0.5,0.02,1.0,2.0,1.2,0,1.0,90.1,8.0,13.133,0.024,0.597,0.47,FAIL,BASE_REACTION_FAIL
C0948,target_debris_v0,0.5,0.02,1.0,2.0,1.2,1,1.0,90.1,8.0,1.97,0.024,0.597,0.47,SAFE,SAFE
C0949,target_debris_v0,0.5,0.02,1.0,3.0,0.8,0,1.0,90.1,8.0,13.133,0.024,0.398,0.47,FAIL,POSE_UNCERTAINTY_FAIL
C0950,target_debris_v0,0.5,0.02,1.0,3.0,0.8,1,1.0,90.1,8.0,1.97,0.024,0.398,0.47,FAIL,POSE_UNCERTAINTY_FAIL
C0951,target_debris_v0,0.5,0.02,1.0,3.0,1.0,0,1.0,90.1,8.0,13.133,0.024,0.497,0.47,FAIL,POSE_UNCERTAINTY_FAIL
C0952,target_debris_v0,0.5,0.02,1.0,3.0,1.0,1,1.0,90.1,8.0,1.97,0.024,0.497,0.47,FAIL,POSE_UNCERTAINTY_FAIL
C0953,target_debris_v0,0.5,0.02,1.0,3.0,1.2,0,1.0,90.1,8.0,13.133,0.024,0.597,0.47,FAIL,POSE_UNCERTAINTY_FAIL
C0954,target_debris_v0,0.5,0.02,1.0,3.0,1.2,1,1.0,90.1,8.0,1.97,0.024,0.597,0.47,FAIL,POSE_UNCERTAINTY_FAIL
C0955,target_debris_v0,0.5,0.02,1.5,1.0,0.8,0,1.0,90.1,5.33,18.502,0.024,0.398,0.47,FAIL,BASE_REACTION_FAIL
C0956,target_debris_v0,0.5,0.02,1.5,1.0,0.8,1,1.0,90.1,5.33,2.775,0.024,0.398,0.47,SAFE,SAFE
C0957,target_debris_v0,0.5,0.02,1.5,1.0,1.0,0,1.0,90.1,5.33,18.502,0.024,0.497,0.47,FAIL,BASE_REACTION_FAIL
C0958,target_debris_v0,0.5,0.02,1.5,1.0,1.0,1,1.0,90.1,5.33,2.775,0.024,0.497,0.47,SAFE,SAFE
C0959,target_debris_v0,0.5,0.02,1.5,1.0,1.2,0,1.0,90.1,5.33,18.502,0.024,0.597,0.47,FAIL,BASE_REACTION_FAIL
C0960,target_debris_v0,0.5,0.02,1.5,1.0,1.2,1,1.0,90.1,5.33,2.775,0.024,0.597,0.47,SAFE,SAFE
C0961,target_debris_v0,0.5,0.02,1.5,2.0,0.8,0,1.0,90.1,5.33,18.502,0.024,0.398,0.47,FAIL,BASE_REACTION_FAIL
C0962,target_debris_v0,0.5,0.02,1.5,2.0,0.8,1,1.0,90.1,5.33,2.775,0.024,0.398,0.47,SAFE,SAFE
C0963,target_debris_v0,0.5,0.02,1.5,2.0,1.0,0,1.0,90.1,5.33,18.502,0.024,0.497,0.47,FAIL,BASE_REACTION_FAIL
C0964,target_debris_v0,0.5,0.02,1.5,2.0,1.0,1,1.0,90.1,5.33,2.775,0.024,0.497,0.47,SAFE,SAFE
C0965,target_debris_v0,0.5,0.02,1.5,2.0,1.2,0,1.0,90.1,5.33,18.502,0.024,0.597,0.47,FAIL,BASE_REACTION_FAIL
C0966,target_debris_v0,0.5,0.02,1.5,2.0,1.2,1,1.0,90.1,5.33,2.775,0.024,0.597,0.47,SAFE,SAFE
C0967,target_debris_v0,0.5,0.02,1.5,3.0,0.8,0,1.0,90.1,5.33,18.502,0.024,0.398,0.47,FAIL,POSE_UNCERTAINTY_FAIL
C0968,target_debris_v0,0.5,0.02,1.5,3.0,0.8,1,1.0,90.1,5.33,2.775,0.024,0.398,0.47,FAIL,POSE_UNCERTAINTY_FAIL
C0969,target_debris_v0,0.5,0.02,1.5,3.0,1.0,0,1.0,90.1,5.33,18.502,0.024,0.497,0.47,FAIL,POSE_UNCERTAINTY_FAIL
C0970,target_debris_v0,0.5,0.02,1.5,3.0,1.0,1,1.0,90.1,5.33,2.775,0.024,0.497,0.47,FAIL,POSE_UNCERTAINTY_FAIL
C0971,target_debris_v0,0.5,0.02,1.5,3.0,1.2,0,1.0,90.1,5.33,18.502,0.024,0.597,0.47,FAIL,POSE_UNCERTAINTY_FAIL
C0972,target_debris_v0,0.5,0.02,1.5,3.0,1.2,1,1.0,90.1,5.33,2.775,0.024,0.597,0.47,FAIL,POSE_UNCERTAINTY_FAIL
C0973,target_debris_v0,1.0,0.005,0.5,1.0,0.8,0,1.0,90.1,16.0,6.807,0.02,0.796,0.47,FAIL,BASE_REACTION_FAIL
C0974,target_debris_v0,1.0,0.005,0.5,1.0,0.8,1,1.0,90.1,16.0,1.021,0.02,0.796,0.47,SAFE,SAFE
C0975,target_debris_v0,1.0,0.005,0.5,1.0,1.0,0,1.0,90.1,16.0,6.807,0.02,0.995,0.47,FAIL,BASE_REACTION_FAIL
C0976,target_debris_v0,1.0,0.005,0.5,1.0,1.0,1,1.0,90.1,16.0,1.021,0.02,0.995,0.47,SAFE,SAFE
C0977,target_debris_v0,1.0,0.005,0.5,1.0,1.2,0,1.0,90.1,16.0,6.807,0.02,1.193,0.47,FAIL,BASE_REACTION_FAIL
C0978,target_debris_v0,1.0,0.005,0.5,1.0,1.2,1,1.0,90.1,16.0,1.021,0.02,1.193,0.47,SAFE,SAFE
C0979,target_debris_v0,1.0,0.005,0.5,2.0,0.8,0,1.0,90.1,16.0,6.807,0.02,0.796,0.47,FAIL,BASE_REACTION_FAIL
C0980,target_debris_v0,1.0,0.005,0.5,2.0,0.8,1,1.0,90.1,16.0,1.021,0.02,0.796,0.47,SAFE,SAFE
C0981,target_debris_v0,1.0,0.005,0.5,2.0,1.0,0,1.0,90.1,16.0,6.807,0.02,0.995,0.47,FAIL,BASE_REACTION_FAIL
C0982,target_debris_v0,1.0,0.005,0.5,2.0,1.0,1,1.0,90.1,16.0,1.021,0.02,0.995,0.47,SAFE,SAFE
C0983,target_debris_v0,1.0,0.005,0.5,2.0,1.2,0,1.0,90.1,16.0,6.807,0.02,1.193,0.47,FAIL,BASE_REACTION_FAIL
C0984,target_debris_v0,1.0,0.005,0.5,2.0,1.2,1,1.0,90.1,16.0,1.021,0.02,1.193,0.47,SAFE,SAFE
C0985,target_debris_v0,1.0,0.005,0.5,3.0,0.8,0,1.0,90.1,16.0,6.807,0.02,0.796,0.47,FAIL,POSE_UNCERTAINTY_FAIL
C0986,target_debris_v0,1.0,0.005,0.5,3.0,0.8,1,1.0,90.1,16.0,1.021,0.02,0.796,0.47,FAIL,POSE_UNCERTAINTY_FAIL
C0987,target_debris_v0,1.0,0.005,0.5,3.0,1.0,0,1.0,90.1,16.0,6.807,0.02,0.995,0.47,FAIL,POSE_UNCERTAINTY_FAIL
C0988,target_debris_v0,1.0,0.005,0.5,3.0,1.0,1,1.0,90.1,16.0,1.021,0.02,0.995,0.47,FAIL,POSE_UNCERTAINTY_FAIL
C0989,target_debris_v0,1.0,0.005,0.5,3.0,1.2,0,1.0,90.1,16.0,6.807,0.02,1.193,0.47,FAIL,POSE_UNCERTAINTY_FAIL
C0990,target_debris_v0,1.0,0.005,0.5,3.0,1.2,1,1.0,90.1,16.0,1.021,0.02,1.193,0.47,FAIL,POSE_UNCERTAINTY_FAIL
C0991,target_debris_v0,1.0,0.005,1.0,1.0,0.8,0,1.0,90.1,8.0,13.133,0.02,0.796,0.47,FAIL,BASE_REACTION_FAIL
C0992,target_debris_v0,1.0,0.005,1.0,1.0,0.8,1,1.0,90.1,8.0,1.97,0.02,0.796,0.47,SAFE,SAFE
C0993,target_debris_v0,1.0,0.005,1.0,1.0,1.0,0,1.0,90.1,8.0,13.133,0.02,0.995,0.47,FAIL,BASE_REACTION_FAIL
C0994,target_debris_v0,1.0,0.005,1.0,1.0,1.0,1,1.0,90.1,8.0,1.97,0.02,0.995,0.47,SAFE,SAFE
C0995,target_debris_v0,1.0,0.005,1.0,1.0,1.2,0,1.0,90.1,8.0,13.133,0.02,1.193,0.47,FAIL,BASE_REACTION_FAIL
C0996,target_debris_v0,1.0,0.005,1.0,1.0,1.2,1,1.0,90.1,8.0,1.97,0.02,1.193,0.47,SAFE,SAFE
C0997,target_debris_v0,1.0,0.005,1.0,2.0,0.8,0,1.0,90.1,8.0,13.133,0.02,0.796,0.47,FAIL,BASE_REACTION_FAIL
C0998,target_debris_v0,1.0,0.005,1.0,2.0,0.8,1,1.0,90.1,8.0,1.97,0.02,0.796,0.47,SAFE,SAFE
C0999,target_debris_v0,1.0,0.005,1.0,2.0,1.0,0,1.0,90.1,8.0,13.133,0.02,0.995,0.47,FAIL,BASE_REACTION_FAIL
C1000,target_debris_v0,1.0,0.005,1.0,2.0,1.0,1,1.0,90.1,8.0,1.97,0.02,0.995,0.47,SAFE,SAFE
C1001,target_debris_v0,1.0,0.005,1.0,2.0,1.2,0,1.0,90.1,8.0,13.133,0.02,1.193,0.47,FAIL,BASE_REACTION_FAIL
C1002,target_debris_v0,1.0,0.005,1.0,2.0,1.2,1,1.0,90.1,8.0,1.97,0.02,1.193,0.47,SAFE,SAFE
C1003,target_debris_v0,1.0,0.005,1.0,3.0,0.8,0,1.0,90.1,8.0,13.133,0.02,0.796,0.47,FAIL,POSE_UNCERTAINTY_FAIL
C1004,target_debris_v0,1.0,0.005,1.0,3.0,0.8,1,1.0,90.1,8.0,1.97,0.02,0.796,0.47,FAIL,POSE_UNCERTAINTY_FAIL
C1005,target_debris_v0,1.0,0.005,1.0,3.0,1.0,0,1.0,90.1,8.0,13.133,0.02,0.995,0.47,FAIL,POSE_UNCERTAINTY_FAIL
C1006,target_debris_v0,1.0,0.005,1.0,3.0,1.0,1,1.0,90.1,8.0,1.97,0.02,0.995,0.47,FAIL,POSE_UNCERTAINTY_FAIL
C1007,target_debris_v0,1.0,0.005,1.0,3.0,1.2,0,1.0,90.1,8.0,13.133,0.02,1.193,0.47,FAIL,POSE_UNCERTAINTY_FAIL
C1008,target_debris_v0,1.0,0.005,1.0,3.0,1.2,1,1.0,90.1,8.0,1.97,0.02,1.193,0.47,FAIL,POSE_UNCERTAINTY_FAIL
C1009,target_debris_v0,1.0,0.005,1.5,1.0,0.8,0,1.0,90.1,5.33,18.502,0.02,0.796,0.47,FAIL,BASE_REACTION_FAIL
C1010,target_debris_v0,1.0,0.005,1.5,1.0,0.8,1,1.0,90.1,5.33,2.775,0.02,0.796,0.47,SAFE,SAFE
C1011,target_debris_v0,1.0,0.005,1.5,1.0,1.0,0,1.0,90.1,5.33,18.502,0.02,0.995,0.47,FAIL,BASE_REACTION_FAIL
C1012,target_debris_v0,1.0,0.005,1.5,1.0,1.0,1,1.0,90.1,5.33,2.775,0.02,0.995,0.47,SAFE,SAFE
C1013,target_debris_v0,1.0,0.005,1.5,1.0,1.2,0,1.0,90.1,5.33,18.502,0.02,1.193,0.47,FAIL,BASE_REACTION_FAIL
C1014,target_debris_v0,1.0,0.005,1.5,1.0,1.2,1,1.0,90.1,5.33,2.775,0.02,1.193,0.47,SAFE,SAFE
C1015,target_debris_v0,1.0,0.005,1.5,2.0,0.8,0,1.0,90.1,5.33,18.502,0.02,0.796,0.47,FAIL,BASE_REACTION_FAIL
C1016,target_debris_v0,1.0,0.005,1.5,2.0,0.8,1,1.0,90.1,5.33,2.775,0.02,0.796,0.47,SAFE,SAFE
C1017,target_debris_v0,1.0,0.005,1.5,2.0,1.0,0,1.0,90.1,5.33,18.502,0.02,0.995,0.47,FAIL,BASE_REACTION_FAIL
C1018,target_debris_v0,1.0,0.005,1.5,2.0,1.0,1,1.0,90.1,5.33,2.775,0.02,0.995,0.47,SAFE,SAFE
C1019,target_debris_v0,1.0,0.005,1.5,2.0,1.2,0,1.0,90.1,5.33,18.502,0.02,1.193,0.47,FAIL,BASE_REACTION_FAIL
C1020,target_debris_v0,1.0,0.005,1.5,2.0,1.2,1,1.0,90.1,5.33,2.775,0.02,1.193,0.47,SAFE,SAFE
C1021,target_debris_v0,1.0,0.005,1.5,3.0,0.8,0,1.0,90.1,5.33,18.502,0.02,0.796,0.47,FAIL,POSE_UNCERTAINTY_FAIL
C1022,target_debris_v0,1.0,0.005,1.5,3.0,0.8,1,1.0,90.1,5.33,2.775,0.02,0.796,0.47,FAIL,POSE_UNCERTAINTY_FAIL
C1023,target_debris_v0,1.0,0.005,1.5,3.0,1.0,0,1.0,90.1,5.33,18.502,0.02,0.995,0.47,FAIL,POSE_UNCERTAINTY_FAIL
C1024,target_debris_v0,1.0,0.005,1.5,3.0,1.0,1,1.0,90.1,5.33,2.775,0.02,0.995,0.47,FAIL,POSE_UNCERTAINTY_FAIL
C1025,target_debris_v0,1.0,0.005,1.5,3.0,1.2,0,1.0,90.1,5.33,18.502,0.02,1.193,0.47,FAIL,POSE_UNCERTAINTY_FAIL
C1026,target_debris_v0,1.0,0.005,1.5,3.0,1.2,1,1.0,90.1,5.33,2.775,0.02,1.193,0.47,FAIL,POSE_UNCERTAINTY_FAIL
C1027,target_debris_v0,1.0,0.01,0.5,1.0,0.8,0,1.0,90.1,16.0,6.807,0.02,0.796,0.47,FAIL,BASE_REACTION_FAIL
C1028,target_debris_v0,1.0,0.01,0.5,1.0,0.8,1,1.0,90.1,16.0,1.021,0.02,0.796,0.47,SAFE,SAFE
C1029,target_debris_v0,1.0,0.01,0.5,1.0,1.0,0,1.0,90.1,16.0,6.807,0.02,0.995,0.47,FAIL,BASE_REACTION_FAIL
C1030,target_debris_v0,1.0,0.01,0.5,1.0,1.0,1,1.0,90.1,16.0,1.021,0.02,0.995,0.47,SAFE,SAFE
C1031,target_debris_v0,1.0,0.01,0.5,1.0,1.2,0,1.0,90.1,16.0,6.807,0.02,1.193,0.47,FAIL,BASE_REACTION_FAIL
C1032,target_debris_v0,1.0,0.01,0.5,1.0,1.2,1,1.0,90.1,16.0,1.021,0.02,1.193,0.47,SAFE,SAFE
C1033,target_debris_v0,1.0,0.01,0.5,2.0,0.8,0,1.0,90.1,16.0,6.807,0.02,0.796,0.47,FAIL,BASE_REACTION_FAIL
C1034,target_debris_v0,1.0,0.01,0.5,2.0,0.8,1,1.0,90.1,16.0,1.021,0.02,0.796,0.47,SAFE,SAFE
C1035,target_debris_v0,1.0,0.01,0.5,2.0,1.0,0,1.0,90.1,16.0,6.807,0.02,0.995,0.47,FAIL,BASE_REACTION_FAIL
C1036,target_debris_v0,1.0,0.01,0.5,2.0,1.0,1,1.0,90.1,16.0,1.021,0.02,0.995,0.47,SAFE,SAFE
C1037,target_debris_v0,1.0,0.01,0.5,2.0,1.2,0,1.0,90.1,16.0,6.807,0.02,1.193,0.47,FAIL,BASE_REACTION_FAIL
C1038,target_debris_v0,1.0,0.01,0.5,2.0,1.2,1,1.0,90.1,16.0,1.021,0.02,1.193,0.47,SAFE,SAFE
C1039,target_debris_v0,1.0,0.01,0.5,3.0,0.8,0,1.0,90.1,16.0,6.807,0.02,0.796,0.47,FAIL,POSE_UNCERTAINTY_FAIL
C1040,target_debris_v0,1.0,0.01,0.5,3.0,0.8,1,1.0,90.1,16.0,1.021,0.02,0.796,0.47,FAIL,POSE_UNCERTAINTY_FAIL
C1041,target_debris_v0,1.0,0.01,0.5,3.0,1.0,0,1.0,90.1,16.0,6.807,0.02,0.995,0.47,FAIL,POSE_UNCERTAINTY_FAIL
C1042,target_debris_v0,1.0,0.01,0.5,3.0,1.0,1,1.0,90.1,16.0,1.021,0.02,0.995,0.47,FAIL,POSE_UNCERTAINTY_FAIL
C1043,target_debris_v0,1.0,0.01,0.5,3.0,1.2,0,1.0,90.1,16.0,6.807,0.02,1.193,0.47,FAIL,POSE_UNCERTAINTY_FAIL
C1044,target_debris_v0,1.0,0.01,0.5,3.0,1.2,1,1.0,90.1,16.0,1.021,0.02,1.193,0.47,FAIL,POSE_UNCERTAINTY_FAIL
C1045,target_debris_v0,1.0,0.01,1.0,1.0,0.8,0,1.0,90.1,8.0,13.133,0.02,0.796,0.47,FAIL,BASE_REACTION_FAIL
C1046,target_debris_v0,1.0,0.01,1.0,1.0,0.8,1,1.0,90.1,8.0,1.97,0.02,0.796,0.47,SAFE,SAFE
C1047,target_debris_v0,1.0,0.01,1.0,1.0,1.0,0,1.0,90.1,8.0,13.133,0.02,0.995,0.47,FAIL,BASE_REACTION_FAIL
C1048,target_debris_v0,1.0,0.01,1.0,1.0,1.0,1,1.0,90.1,8.0,1.97,0.02,0.995,0.47,SAFE,SAFE
C1049,target_debris_v0,1.0,0.01,1.0,1.0,1.2,0,1.0,90.1,8.0,13.133,0.02,1.193,0.47,FAIL,BASE_REACTION_FAIL
C1050,target_debris_v0,1.0,0.01,1.0,1.0,1.2,1,1.0,90.1,8.0,1.97,0.02,1.193,0.47,SAFE,SAFE
C1051,target_debris_v0,1.0,0.01,1.0,2.0,0.8,0,1.0,90.1,8.0,13.133,0.02,0.796,0.47,FAIL,BASE_REACTION_FAIL
C1052,target_debris_v0,1.0,0.01,1.0,2.0,0.8,1,1.0,90.1,8.0,1.97,0.02,0.796,0.47,SAFE,SAFE
C1053,target_debris_v0,1.0,0.01,1.0,2.0,1.0,0,1.0,90.1,8.0,13.133,0.02,0.995,0.47,FAIL,BASE_REACTION_FAIL
C1054,target_debris_v0,1.0,0.01,1.0,2.0,1.0,1,1.0,90.1,8.0,1.97,0.02,0.995,0.47,SAFE,SAFE
C1055,target_debris_v0,1.0,0.01,1.0,2.0,1.2,0,1.0,90.1,8.0,13.133,0.02,1.193,0.47,FAIL,BASE_REACTION_FAIL
C1056,target_debris_v0,1.0,0.01,1.0,2.0,1.2,1,1.0,90.1,8.0,1.97,0.02,1.193,0.47,SAFE,SAFE
C1057,target_debris_v0,1.0,0.01,1.0,3.0,0.8,0,1.0,90.1,8.0,13.133,0.02,0.796,0.47,FAIL,POSE_UNCERTAINTY_FAIL
C1058,target_debris_v0,1.0,0.01,1.0,3.0,0.8,1,1.0,90.1,8.0,1.97,0.02,0.796,0.47,FAIL,POSE_UNCERTAINTY_FAIL
C1059,target_debris_v0,1.0,0.01,1.0,3.0,1.0,0,1.0,90.1,8.0,13.133,0.02,0.995,0.47,FAIL,POSE_UNCERTAINTY_FAIL
C1060,target_debris_v0,1.0,0.01,1.0,3.0,1.0,1,1.0,90.1,8.0,1.97,0.02,0.995,0.47,FAIL,POSE_UNCERTAINTY_FAIL
C1061,target_debris_v0,1.0,0.01,1.0,3.0,1.2,0,1.0,90.1,8.0,13.133,0.02,1.193,0.47,FAIL,POSE_UNCERTAINTY_FAIL
C1062,target_debris_v0,1.0,0.01,1.0,3.0,1.2,1,1.0,90.1,8.0,1.97,0.02,1.193,0.47,FAIL,POSE_UNCERTAINTY_FAIL
C1063,target_debris_v0,1.0,0.01,1.5,1.0,0.8,0,1.0,90.1,5.33,18.502,0.02,0.796,0.47,FAIL,BASE_REACTION_FAIL
C1064,target_debris_v0,1.0,0.01,1.5,1.0,0.8,1,1.0,90.1,5.33,2.775,0.02,0.796,0.47,SAFE,SAFE
C1065,target_debris_v0,1.0,0.01,1.5,1.0,1.0,0,1.0,90.1,5.33,18.502,0.02,0.995,0.47,FAIL,BASE_REACTION_FAIL
C1066,target_debris_v0,1.0,0.01,1.5,1.0,1.0,1,1.0,90.1,5.33,2.775,0.02,0.995,0.47,SAFE,SAFE
C1067,target_debris_v0,1.0,0.01,1.5,1.0,1.2,0,1.0,90.1,5.33,18.502,0.02,1.193,0.47,FAIL,BASE_REACTION_FAIL
C1068,target_debris_v0,1.0,0.01,1.5,1.0,1.2,1,1.0,90.1,5.33,2.775,0.02,1.193,0.47,SAFE,SAFE
C1069,target_debris_v0,1.0,0.01,1.5,2.0,0.8,0,1.0,90.1,5.33,18.502,0.02,0.796,0.47,FAIL,BASE_REACTION_FAIL
C1070,target_debris_v0,1.0,0.01,1.5,2.0,0.8,1,1.0,90.1,5.33,2.775,0.02,0.796,0.47,SAFE,SAFE
C1071,target_debris_v0,1.0,0.01,1.5,2.0,1.0,0,1.0,90.1,5.33,18.502,0.02,0.995,0.47,FAIL,BASE_REACTION_FAIL
C1072,target_debris_v0,1.0,0.01,1.5,2.0,1.0,1,1.0,90.1,5.33,2.775,0.02,0.995,0.47,SAFE,SAFE
C1073,target_debris_v0,1.0,0.01,1.5,2.0,1.2,0,1.0,90.1,5.33,18.502,0.02,1.193,0.47,FAIL,BASE_REACTION_FAIL
C1074,target_debris_v0,1.0,0.01,1.5,2.0,1.2,1,1.0,90.1,5.33,2.775,0.02,1.193,0.47,SAFE,SAFE
C1075,target_debris_v0,1.0,0.01,1.5,3.0,0.8,0,1.0,90.1,5.33,18.502,0.02,0.796,0.47,FAIL,POSE_UNCERTAINTY_FAIL
C1076,target_debris_v0,1.0,0.01,1.5,3.0,0.8,1,1.0,90.1,5.33,2.775,0.02,0.796,0.47,FAIL,POSE_UNCERTAINTY_FAIL
C1077,target_debris_v0,1.0,0.01,1.5,3.0,1.0,0,1.0,90.1,5.33,18.502,0.02,0.995,0.47,FAIL,POSE_UNCERTAINTY_FAIL
C1078,target_debris_v0,1.0,0.01,1.5,3.0,1.0,1,1.0,90.1,5.33,2.775,0.02,0.995,0.47,FAIL,POSE_UNCERTAINTY_FAIL
C1079,target_debris_v0,1.0,0.01,1.5,3.0,1.2,0,1.0,90.1,5.33,18.502,0.02,1.193,0.47,FAIL,POSE_UNCERTAINTY_FAIL
C1080,target_debris_v0,1.0,0.01,1.5,3.0,1.2,1,1.0,90.1,5.33,2.775,0.02,1.193,0.47,FAIL,POSE_UNCERTAINTY_FAIL
C1081,target_debris_v0,1.0,0.02,0.5,1.0,0.8,0,1.0,90.1,16.0,6.807,0.02,0.796,0.47,FAIL,BASE_REACTION_FAIL
C1082,target_debris_v0,1.0,0.02,0.5,1.0,0.8,1,1.0,90.1,16.0,1.021,0.02,0.796,0.47,SAFE,SAFE
C1083,target_debris_v0,1.0,0.02,0.5,1.0,1.0,0,1.0,90.1,16.0,6.807,0.02,0.995,0.47,FAIL,BASE_REACTION_FAIL
C1084,target_debris_v0,1.0,0.02,0.5,1.0,1.0,1,1.0,90.1,16.0,1.021,0.02,0.995,0.47,SAFE,SAFE
C1085,target_debris_v0,1.0,0.02,0.5,1.0,1.2,0,1.0,90.1,16.0,6.807,0.02,1.193,0.47,FAIL,BASE_REACTION_FAIL
C1086,target_debris_v0,1.0,0.02,0.5,1.0,1.2,1,1.0,90.1,16.0,1.021,0.02,1.193,0.47,SAFE,SAFE
C1087,target_debris_v0,1.0,0.02,0.5,2.0,0.8,0,1.0,90.1,16.0,6.807,0.02,0.796,0.47,FAIL,BASE_REACTION_FAIL
C1088,target_debris_v0,1.0,0.02,0.5,2.0,0.8,1,1.0,90.1,16.0,1.021,0.02,0.796,0.47,SAFE,SAFE
C1089,target_debris_v0,1.0,0.02,0.5,2.0,1.0,0,1.0,90.1,16.0,6.807,0.02,0.995,0.47,FAIL,BASE_REACTION_FAIL
C1090,target_debris_v0,1.0,0.02,0.5,2.0,1.0,1,1.0,90.1,16.0,1.021,0.02,0.995,0.47,SAFE,SAFE
C1091,target_debris_v0,1.0,0.02,0.5,2.0,1.2,0,1.0,90.1,16.0,6.807,0.02,1.193,0.47,FAIL,BASE_REACTION_FAIL
C1092,target_debris_v0,1.0,0.02,0.5,2.0,1.2,1,1.0,90.1,16.0,1.021,0.02,1.193,0.47,SAFE,SAFE
C1093,target_debris_v0,1.0,0.02,0.5,3.0,0.8,0,1.0,90.1,16.0,6.807,0.02,0.796,0.47,FAIL,POSE_UNCERTAINTY_FAIL
C1094,target_debris_v0,1.0,0.02,0.5,3.0,0.8,1,1.0,90.1,16.0,1.021,0.02,0.796,0.47,FAIL,POSE_UNCERTAINTY_FAIL
C1095,target_debris_v0,1.0,0.02,0.5,3.0,1.0,0,1.0,90.1,16.0,6.807,0.02,0.995,0.47,FAIL,POSE_UNCERTAINTY_FAIL
C1096,target_debris_v0,1.0,0.02,0.5,3.0,1.0,1,1.0,90.1,16.0,1.021,0.02,0.995,0.47,FAIL,POSE_UNCERTAINTY_FAIL
C1097,target_debris_v0,1.0,0.02,0.5,3.0,1.2,0,1.0,90.1,16.0,6.807,0.02,1.193,0.47,FAIL,POSE_UNCERTAINTY_FAIL
C1098,target_debris_v0,1.0,0.02,0.5,3.0,1.2,1,1.0,90.1,16.0,1.021,0.02,1.193,0.47,FAIL,POSE_UNCERTAINTY_FAIL
C1099,target_debris_v0,1.0,0.02,1.0,1.0,0.8,0,1.0,90.1,8.0,13.133,0.02,0.796,0.47,FAIL,BASE_REACTION_FAIL
C1100,target_debris_v0,1.0,0.02,1.0,1.0,0.8,1,1.0,90.1,8.0,1.97,0.02,0.796,0.47,SAFE,SAFE
C1101,target_debris_v0,1.0,0.02,1.0,1.0,1.0,0,1.0,90.1,8.0,13.133,0.02,0.995,0.47,FAIL,BASE_REACTION_FAIL
C1102,target_debris_v0,1.0,0.02,1.0,1.0,1.0,1,1.0,90.1,8.0,1.97,0.02,0.995,0.47,SAFE,SAFE
C1103,target_debris_v0,1.0,0.02,1.0,1.0,1.2,0,1.0,90.1,8.0,13.133,0.02,1.193,0.47,FAIL,BASE_REACTION_FAIL
C1104,target_debris_v0,1.0,0.02,1.0,1.0,1.2,1,1.0,90.1,8.0,1.97,0.02,1.193,0.47,SAFE,SAFE
C1105,target_debris_v0,1.0,0.02,1.0,2.0,0.8,0,1.0,90.1,8.0,13.133,0.02,0.796,0.47,FAIL,BASE_REACTION_FAIL
C1106,target_debris_v0,1.0,0.02,1.0,2.0,0.8,1,1.0,90.1,8.0,1.97,0.02,0.796,0.47,SAFE,SAFE
C1107,target_debris_v0,1.0,0.02,1.0,2.0,1.0,0,1.0,90.1,8.0,13.133,0.02,0.995,0.47,FAIL,BASE_REACTION_FAIL
C1108,target_debris_v0,1.0,0.02,1.0,2.0,1.0,1,1.0,90.1,8.0,1.97,0.02,0.995,0.47,SAFE,SAFE
C1109,target_debris_v0,1.0,0.02,1.0,2.0,1.2,0,1.0,90.1,8.0,13.133,0.02,1.193,0.47,FAIL,BASE_REACTION_FAIL
C1110,target_debris_v0,1.0,0.02,1.0,2.0,1.2,1,1.0,90.1,8.0,1.97,0.02,1.193,0.47,SAFE,SAFE
C1111,target_debris_v0,1.0,0.02,1.0,3.0,0.8,0,1.0,90.1,8.0,13.133,0.02,0.796,0.47,FAIL,POSE_UNCERTAINTY_FAIL
C1112,target_debris_v0,1.0,0.02,1.0,3.0,0.8,1,1.0,90.1,8.0,1.97,0.02,0.796,0.47,FAIL,POSE_UNCERTAINTY_FAIL
C1113,target_debris_v0,1.0,0.02,1.0,3.0,1.0,0,1.0,90.1,8.0,13.133,0.02,0.995,0.47,FAIL,POSE_UNCERTAINTY_FAIL
C1114,target_debris_v0,1.0,0.02,1.0,3.0,1.0,1,1.0,90.1,8.0,1.97,0.02,0.995,0.47,FAIL,POSE_UNCERTAINTY_FAIL
C1115,target_debris_v0,1.0,0.02,1.0,3.0,1.2,0,1.0,90.1,8.0,13.133,0.02,1.193,0.47,FAIL,POSE_UNCERTAINTY_FAIL
C1116,target_debris_v0,1.0,0.02,1.0,3.0,1.2,1,1.0,90.1,8.0,1.97,0.02,1.193,0.47,FAIL,POSE_UNCERTAINTY_FAIL
C1117,target_debris_v0,1.0,0.02,1.5,1.0,0.8,0,1.0,90.1,5.33,18.502,0.02,0.796,0.47,FAIL,BASE_REACTION_FAIL
C1118,target_debris_v0,1.0,0.02,1.5,1.0,0.8,1,1.0,90.1,5.33,2.775,0.02,0.796,0.47,SAFE,SAFE
C1119,target_debris_v0,1.0,0.02,1.5,1.0,1.0,0,1.0,90.1,5.33,18.502,0.02,0.995,0.47,FAIL,BASE_REACTION_FAIL
C1120,target_debris_v0,1.0,0.02,1.5,1.0,1.0,1,1.0,90.1,5.33,2.775,0.02,0.995,0.47,SAFE,SAFE
C1121,target_debris_v0,1.0,0.02,1.5,1.0,1.2,0,1.0,90.1,5.33,18.502,0.02,1.193,0.47,FAIL,BASE_REACTION_FAIL
C1122,target_debris_v0,1.0,0.02,1.5,1.0,1.2,1,1.0,90.1,5.33,2.775,0.02,1.193,0.47,SAFE,SAFE
C1123,target_debris_v0,1.0,0.02,1.5,2.0,0.8,0,1.0,90.1,5.33,18.502,0.02,0.796,0.47,FAIL,BASE_REACTION_FAIL
C1124,target_debris_v0,1.0,0.02,1.5,2.0,0.8,1,1.0,90.1,5.33,2.775,0.02,0.796,0.47,SAFE,SAFE
C1125,target_debris_v0,1.0,0.02,1.5,2.0,1.0,0,1.0,90.1,5.33,18.502,0.02,0.995,0.47,FAIL,BASE_REACTION_FAIL
C1126,target_debris_v0,1.0,0.02,1.5,2.0,1.0,1,1.0,90.1,5.33,2.775,0.02,0.995,0.47,SAFE,SAFE
C1127,target_debris_v0,1.0,0.02,1.5,2.0,1.2,0,1.0,90.1,5.33,18.502,0.02,1.193,0.47,FAIL,BASE_REACTION_FAIL
C1128,target_debris_v0,1.0,0.02,1.5,2.0,1.2,1,1.0,90.1,5.33,2.775,0.02,1.193,0.47,SAFE,SAFE
C1129,target_debris_v0,1.0,0.02,1.5,3.0,0.8,0,1.0,90.1,5.33,18.502,0.02,0.796,0.47,FAIL,POSE_UNCERTAINTY_FAIL
C1130,target_debris_v0,1.0,0.02,1.5,3.0,0.8,1,1.0,90.1,5.33,2.775,0.02,0.796,0.47,FAIL,POSE_UNCERTAINTY_FAIL
C1131,target_debris_v0,1.0,0.02,1.5,3.0,1.0,0,1.0,90.1,5.33,18.502,0.02,0.995,0.47,FAIL,POSE_UNCERTAINTY_FAIL
C1132,target_debris_v0,1.0,0.02,1.5,3.0,1.0,1,1.0,90.1,5.33,2.775,0.02,0.995,0.47,FAIL,POSE_UNCERTAINTY_FAIL
C1133,target_debris_v0,1.0,0.02,1.5,3.0,1.2,0,1.0,90.1,5.33,18.502,0.02,1.193,0.47,FAIL,POSE_UNCERTAINTY_FAIL
C1134,target_debris_v0,1.0,0.02,1.5,3.0,1.2,1,1.0,90.1,5.33,2.775,0.02,1.193,0.47,FAIL,POSE_UNCERTAINTY_FAIL
C1135,target_debris_v0,2.0,0.005,0.5,1.0,0.8,0,1.0,90.1,16.0,6.807,0.015,1.591,0.47,FAIL,BASE_REACTION_FAIL
C1136,target_debris_v0,2.0,0.005,0.5,1.0,0.8,1,1.0,90.1,16.0,1.021,0.015,1.591,0.47,SAFE,SAFE
C1137,target_debris_v0,2.0,0.005,0.5,1.0,1.0,0,1.0,90.1,16.0,6.807,0.015,1.989,0.47,FAIL,BASE_REACTION_FAIL
C1138,target_debris_v0,2.0,0.005,0.5,1.0,1.0,1,1.0,90.1,16.0,1.021,0.015,1.989,0.47,SAFE,SAFE
C1139,target_debris_v0,2.0,0.005,0.5,1.0,1.2,0,1.0,90.1,16.0,6.807,0.015,2.387,0.47,FAIL,BASE_REACTION_FAIL
C1140,target_debris_v0,2.0,0.005,0.5,1.0,1.2,1,1.0,90.1,16.0,1.021,0.015,2.387,0.47,FAIL,INERTIA_UNCERTAINTY_FAIL
C1141,target_debris_v0,2.0,0.005,0.5,2.0,0.8,0,1.0,90.1,16.0,6.807,0.015,1.591,0.47,FAIL,BASE_REACTION_FAIL
C1142,target_debris_v0,2.0,0.005,0.5,2.0,0.8,1,1.0,90.1,16.0,1.021,0.015,1.591,0.47,SAFE,SAFE
C1143,target_debris_v0,2.0,0.005,0.5,2.0,1.0,0,1.0,90.1,16.0,6.807,0.015,1.989,0.47,FAIL,BASE_REACTION_FAIL
C1144,target_debris_v0,2.0,0.005,0.5,2.0,1.0,1,1.0,90.1,16.0,1.021,0.015,1.989,0.47,SAFE,SAFE
C1145,target_debris_v0,2.0,0.005,0.5,2.0,1.2,0,1.0,90.1,16.0,6.807,0.015,2.387,0.47,FAIL,BASE_REACTION_FAIL
C1146,target_debris_v0,2.0,0.005,0.5,2.0,1.2,1,1.0,90.1,16.0,1.021,0.015,2.387,0.47,FAIL,INERTIA_UNCERTAINTY_FAIL
C1147,target_debris_v0,2.0,0.005,0.5,3.0,0.8,0,1.0,90.1,16.0,6.807,0.015,1.591,0.47,FAIL,POSE_UNCERTAINTY_FAIL
C1148,target_debris_v0,2.0,0.005,0.5,3.0,0.8,1,1.0,90.1,16.0,1.021,0.015,1.591,0.47,FAIL,POSE_UNCERTAINTY_FAIL
C1149,target_debris_v0,2.0,0.005,0.5,3.0,1.0,0,1.0,90.1,16.0,6.807,0.015,1.989,0.47,FAIL,POSE_UNCERTAINTY_FAIL
C1150,target_debris_v0,2.0,0.005,0.5,3.0,1.0,1,1.0,90.1,16.0,1.021,0.015,1.989,0.47,FAIL,POSE_UNCERTAINTY_FAIL
C1151,target_debris_v0,2.0,0.005,0.5,3.0,1.2,0,1.0,90.1,16.0,6.807,0.015,2.387,0.47,FAIL,POSE_UNCERTAINTY_FAIL
C1152,target_debris_v0,2.0,0.005,0.5,3.0,1.2,1,1.0,90.1,16.0,1.021,0.015,2.387,0.47,FAIL,POSE_UNCERTAINTY_FAIL
C1153,target_debris_v0,2.0,0.005,1.0,1.0,0.8,0,1.0,90.1,8.0,13.133,0.015,1.591,0.47,FAIL,BASE_REACTION_FAIL
C1154,target_debris_v0,2.0,0.005,1.0,1.0,0.8,1,1.0,90.1,8.0,1.97,0.015,1.591,0.47,SAFE,SAFE
C1155,target_debris_v0,2.0,0.005,1.0,1.0,1.0,0,1.0,90.1,8.0,13.133,0.015,1.989,0.47,FAIL,BASE_REACTION_FAIL
C1156,target_debris_v0,2.0,0.005,1.0,1.0,1.0,1,1.0,90.1,8.0,1.97,0.015,1.989,0.47,SAFE,SAFE
C1157,target_debris_v0,2.0,0.005,1.0,1.0,1.2,0,1.0,90.1,8.0,13.133,0.015,2.387,0.47,FAIL,BASE_REACTION_FAIL
C1158,target_debris_v0,2.0,0.005,1.0,1.0,1.2,1,1.0,90.1,8.0,1.97,0.015,2.387,0.47,FAIL,INERTIA_UNCERTAINTY_FAIL
C1159,target_debris_v0,2.0,0.005,1.0,2.0,0.8,0,1.0,90.1,8.0,13.133,0.015,1.591,0.47,FAIL,BASE_REACTION_FAIL
C1160,target_debris_v0,2.0,0.005,1.0,2.0,0.8,1,1.0,90.1,8.0,1.97,0.015,1.591,0.47,SAFE,SAFE
C1161,target_debris_v0,2.0,0.005,1.0,2.0,1.0,0,1.0,90.1,8.0,13.133,0.015,1.989,0.47,FAIL,BASE_REACTION_FAIL
C1162,target_debris_v0,2.0,0.005,1.0,2.0,1.0,1,1.0,90.1,8.0,1.97,0.015,1.989,0.47,SAFE,SAFE
C1163,target_debris_v0,2.0,0.005,1.0,2.0,1.2,0,1.0,90.1,8.0,13.133,0.015,2.387,0.47,FAIL,BASE_REACTION_FAIL
C1164,target_debris_v0,2.0,0.005,1.0,2.0,1.2,1,1.0,90.1,8.0,1.97,0.015,2.387,0.47,FAIL,INERTIA_UNCERTAINTY_FAIL
C1165,target_debris_v0,2.0,0.005,1.0,3.0,0.8,0,1.0,90.1,8.0,13.133,0.015,1.591,0.47,FAIL,POSE_UNCERTAINTY_FAIL
C1166,target_debris_v0,2.0,0.005,1.0,3.0,0.8,1,1.0,90.1,8.0,1.97,0.015,1.591,0.47,FAIL,POSE_UNCERTAINTY_FAIL
C1167,target_debris_v0,2.0,0.005,1.0,3.0,1.0,0,1.0,90.1,8.0,13.133,0.015,1.989,0.47,FAIL,POSE_UNCERTAINTY_FAIL
C1168,target_debris_v0,2.0,0.005,1.0,3.0,1.0,1,1.0,90.1,8.0,1.97,0.015,1.989,0.47,FAIL,POSE_UNCERTAINTY_FAIL
C1169,target_debris_v0,2.0,0.005,1.0,3.0,1.2,0,1.0,90.1,8.0,13.133,0.015,2.387,0.47,FAIL,POSE_UNCERTAINTY_FAIL
C1170,target_debris_v0,2.0,0.005,1.0,3.0,1.2,1,1.0,90.1,8.0,1.97,0.015,2.387,0.47,FAIL,POSE_UNCERTAINTY_FAIL
C1171,target_debris_v0,2.0,0.005,1.5,1.0,0.8,0,1.0,90.1,5.33,18.502,0.015,1.591,0.47,FAIL,BASE_REACTION_FAIL
C1172,target_debris_v0,2.0,0.005,1.5,1.0,0.8,1,1.0,90.1,5.33,2.775,0.015,1.591,0.47,SAFE,SAFE
C1173,target_debris_v0,2.0,0.005,1.5,1.0,1.0,0,1.0,90.1,5.33,18.502,0.015,1.989,0.47,FAIL,BASE_REACTION_FAIL
C1174,target_debris_v0,2.0,0.005,1.5,1.0,1.0,1,1.0,90.1,5.33,2.775,0.015,1.989,0.47,SAFE,SAFE
C1175,target_debris_v0,2.0,0.005,1.5,1.0,1.2,0,1.0,90.1,5.33,18.502,0.015,2.387,0.47,FAIL,BASE_REACTION_FAIL
C1176,target_debris_v0,2.0,0.005,1.5,1.0,1.2,1,1.0,90.1,5.33,2.775,0.015,2.387,0.47,FAIL,INERTIA_UNCERTAINTY_FAIL
C1177,target_debris_v0,2.0,0.005,1.5,2.0,0.8,0,1.0,90.1,5.33,18.502,0.015,1.591,0.47,FAIL,BASE_REACTION_FAIL
C1178,target_debris_v0,2.0,0.005,1.5,2.0,0.8,1,1.0,90.1,5.33,2.775,0.015,1.591,0.47,SAFE,SAFE
C1179,target_debris_v0,2.0,0.005,1.5,2.0,1.0,0,1.0,90.1,5.33,18.502,0.015,1.989,0.47,FAIL,BASE_REACTION_FAIL
C1180,target_debris_v0,2.0,0.005,1.5,2.0,1.0,1,1.0,90.1,5.33,2.775,0.015,1.989,0.47,SAFE,SAFE
C1181,target_debris_v0,2.0,0.005,1.5,2.0,1.2,0,1.0,90.1,5.33,18.502,0.015,2.387,0.47,FAIL,BASE_REACTION_FAIL
C1182,target_debris_v0,2.0,0.005,1.5,2.0,1.2,1,1.0,90.1,5.33,2.775,0.015,2.387,0.47,FAIL,INERTIA_UNCERTAINTY_FAIL
C1183,target_debris_v0,2.0,0.005,1.5,3.0,0.8,0,1.0,90.1,5.33,18.502,0.015,1.591,0.47,FAIL,POSE_UNCERTAINTY_FAIL
C1184,target_debris_v0,2.0,0.005,1.5,3.0,0.8,1,1.0,90.1,5.33,2.775,0.015,1.591,0.47,FAIL,POSE_UNCERTAINTY_FAIL
C1185,target_debris_v0,2.0,0.005,1.5,3.0,1.0,0,1.0,90.1,5.33,18.502,0.015,1.989,0.47,FAIL,POSE_UNCERTAINTY_FAIL
C1186,target_debris_v0,2.0,0.005,1.5,3.0,1.0,1,1.0,90.1,5.33,2.775,0.015,1.989,0.47,FAIL,POSE_UNCERTAINTY_FAIL
C1187,target_debris_v0,2.0,0.005,1.5,3.0,1.2,0,1.0,90.1,5.33,18.502,0.015,2.387,0.47,FAIL,POSE_UNCERTAINTY_FAIL
C1188,target_debris_v0,2.0,0.005,1.5,3.0,1.2,1,1.0,90.1,5.33,2.775,0.015,2.387,0.47,FAIL,POSE_UNCERTAINTY_FAIL
C1189,target_debris_v0,2.0,0.01,0.5,1.0,0.8,0,1.0,90.1,16.0,6.807,0.015,1.591,0.47,FAIL,BASE_REACTION_FAIL
C1190,target_debris_v0,2.0,0.01,0.5,1.0,0.8,1,1.0,90.1,16.0,1.021,0.015,1.591,0.47,SAFE,SAFE
C1191,target_debris_v0,2.0,0.01,0.5,1.0,1.0,0,1.0,90.1,16.0,6.807,0.015,1.989,0.47,FAIL,BASE_REACTION_FAIL
C1192,target_debris_v0,2.0,0.01,0.5,1.0,1.0,1,1.0,90.1,16.0,1.021,0.015,1.989,0.47,SAFE,SAFE
C1193,target_debris_v0,2.0,0.01,0.5,1.0,1.2,0,1.0,90.1,16.0,6.807,0.015,2.387,0.47,FAIL,BASE_REACTION_FAIL
C1194,target_debris_v0,2.0,0.01,0.5,1.0,1.2,1,1.0,90.1,16.0,1.021,0.015,2.387,0.47,FAIL,INERTIA_UNCERTAINTY_FAIL
C1195,target_debris_v0,2.0,0.01,0.5,2.0,0.8,0,1.0,90.1,16.0,6.807,0.015,1.591,0.47,FAIL,BASE_REACTION_FAIL
C1196,target_debris_v0,2.0,0.01,0.5,2.0,0.8,1,1.0,90.1,16.0,1.021,0.015,1.591,0.47,SAFE,SAFE
C1197,target_debris_v0,2.0,0.01,0.5,2.0,1.0,0,1.0,90.1,16.0,6.807,0.015,1.989,0.47,FAIL,BASE_REACTION_FAIL
C1198,target_debris_v0,2.0,0.01,0.5,2.0,1.0,1,1.0,90.1,16.0,1.021,0.015,1.989,0.47,SAFE,SAFE
C1199,target_debris_v0,2.0,0.01,0.5,2.0,1.2,0,1.0,90.1,16.0,6.807,0.015,2.387,0.47,FAIL,BASE_REACTION_FAIL
C1200,target_debris_v0,2.0,0.01,0.5,2.0,1.2,1,1.0,90.1,16.0,1.021,0.015,2.387,0.47,FAIL,INERTIA_UNCERTAINTY_FAIL
C1201,target_debris_v0,2.0,0.01,0.5,3.0,0.8,0,1.0,90.1,16.0,6.807,0.015,1.591,0.47,FAIL,POSE_UNCERTAINTY_FAIL
C1202,target_debris_v0,2.0,0.01,0.5,3.0,0.8,1,1.0,90.1,16.0,1.021,0.015,1.591,0.47,FAIL,POSE_UNCERTAINTY_FAIL
C1203,target_debris_v0,2.0,0.01,0.5,3.0,1.0,0,1.0,90.1,16.0,6.807,0.015,1.989,0.47,FAIL,POSE_UNCERTAINTY_FAIL
C1204,target_debris_v0,2.0,0.01,0.5,3.0,1.0,1,1.0,90.1,16.0,1.021,0.015,1.989,0.47,FAIL,POSE_UNCERTAINTY_FAIL
C1205,target_debris_v0,2.0,0.01,0.5,3.0,1.2,0,1.0,90.1,16.0,6.807,0.015,2.387,0.47,FAIL,POSE_UNCERTAINTY_FAIL
C1206,target_debris_v0,2.0,0.01,0.5,3.0,1.2,1,1.0,90.1,16.0,1.021,0.015,2.387,0.47,FAIL,POSE_UNCERTAINTY_FAIL
C1207,target_debris_v0,2.0,0.01,1.0,1.0,0.8,0,1.0,90.1,8.0,13.133,0.015,1.591,0.47,FAIL,BASE_REACTION_FAIL
C1208,target_debris_v0,2.0,0.01,1.0,1.0,0.8,1,1.0,90.1,8.0,1.97,0.015,1.591,0.47,SAFE,SAFE
C1209,target_debris_v0,2.0,0.01,1.0,1.0,1.0,0,1.0,90.1,8.0,13.133,0.015,1.989,0.47,FAIL,BASE_REACTION_FAIL
C1210,target_debris_v0,2.0,0.01,1.0,1.0,1.0,1,1.0,90.1,8.0,1.97,0.015,1.989,0.47,SAFE,SAFE
C1211,target_debris_v0,2.0,0.01,1.0,1.0,1.2,0,1.0,90.1,8.0,13.133,0.015,2.387,0.47,FAIL,BASE_REACTION_FAIL
C1212,target_debris_v0,2.0,0.01,1.0,1.0,1.2,1,1.0,90.1,8.0,1.97,0.015,2.387,0.47,FAIL,INERTIA_UNCERTAINTY_FAIL
C1213,target_debris_v0,2.0,0.01,1.0,2.0,0.8,0,1.0,90.1,8.0,13.133,0.015,1.591,0.47,FAIL,BASE_REACTION_FAIL
C1214,target_debris_v0,2.0,0.01,1.0,2.0,0.8,1,1.0,90.1,8.0,1.97,0.015,1.591,0.47,SAFE,SAFE
C1215,target_debris_v0,2.0,0.01,1.0,2.0,1.0,0,1.0,90.1,8.0,13.133,0.015,1.989,0.47,FAIL,BASE_REACTION_FAIL
C1216,target_debris_v0,2.0,0.01,1.0,2.0,1.0,1,1.0,90.1,8.0,1.97,0.015,1.989,0.47,SAFE,SAFE
C1217,target_debris_v0,2.0,0.01,1.0,2.0,1.2,0,1.0,90.1,8.0,13.133,0.015,2.387,0.47,FAIL,BASE_REACTION_FAIL
C1218,target_debris_v0,2.0,0.01,1.0,2.0,1.2,1,1.0,90.1,8.0,1.97,0.015,2.387,0.47,FAIL,INERTIA_UNCERTAINTY_FAIL
C1219,target_debris_v0,2.0,0.01,1.0,3.0,0.8,0,1.0,90.1,8.0,13.133,0.015,1.591,0.47,FAIL,POSE_UNCERTAINTY_FAIL
C1220,target_debris_v0,2.0,0.01,1.0,3.0,0.8,1,1.0,90.1,8.0,1.97,0.015,1.591,0.47,FAIL,POSE_UNCERTAINTY_FAIL
C1221,target_debris_v0,2.0,0.01,1.0,3.0,1.0,0,1.0,90.1,8.0,13.133,0.015,1.989,0.47,FAIL,POSE_UNCERTAINTY_FAIL
C1222,target_debris_v0,2.0,0.01,1.0,3.0,1.0,1,1.0,90.1,8.0,1.97,0.015,1.989,0.47,FAIL,POSE_UNCERTAINTY_FAIL
C1223,target_debris_v0,2.0,0.01,1.0,3.0,1.2,0,1.0,90.1,8.0,13.133,0.015,2.387,0.47,FAIL,POSE_UNCERTAINTY_FAIL
C1224,target_debris_v0,2.0,0.01,1.0,3.0,1.2,1,1.0,90.1,8.0,1.97,0.015,2.387,0.47,FAIL,POSE_UNCERTAINTY_FAIL
C1225,target_debris_v0,2.0,0.01,1.5,1.0,0.8,0,1.0,90.1,5.33,18.502,0.015,1.591,0.47,FAIL,BASE_REACTION_FAIL
C1226,target_debris_v0,2.0,0.01,1.5,1.0,0.8,1,1.0,90.1,5.33,2.775,0.015,1.591,0.47,SAFE,SAFE
C1227,target_debris_v0,2.0,0.01,1.5,1.0,1.0,0,1.0,90.1,5.33,18.502,0.015,1.989,0.47,FAIL,BASE_REACTION_FAIL
C1228,target_debris_v0,2.0,0.01,1.5,1.0,1.0,1,1.0,90.1,5.33,2.775,0.015,1.989,0.47,SAFE,SAFE
C1229,target_debris_v0,2.0,0.01,1.5,1.0,1.2,0,1.0,90.1,5.33,18.502,0.015,2.387,0.47,FAIL,BASE_REACTION_FAIL
C1230,target_debris_v0,2.0,0.01,1.5,1.0,1.2,1,1.0,90.1,5.33,2.775,0.015,2.387,0.47,FAIL,INERTIA_UNCERTAINTY_FAIL
C1231,target_debris_v0,2.0,0.01,1.5,2.0,0.8,0,1.0,90.1,5.33,18.502,0.015,1.591,0.47,FAIL,BASE_REACTION_FAIL
C1232,target_debris_v0,2.0,0.01,1.5,2.0,0.8,1,1.0,90.1,5.33,2.775,0.015,1.591,0.47,SAFE,SAFE
C1233,target_debris_v0,2.0,0.01,1.5,2.0,1.0,0,1.0,90.1,5.33,18.502,0.015,1.989,0.47,FAIL,BASE_REACTION_FAIL
C1234,target_debris_v0,2.0,0.01,1.5,2.0,1.0,1,1.0,90.1,5.33,2.775,0.015,1.989,0.47,SAFE,SAFE
C1235,target_debris_v0,2.0,0.01,1.5,2.0,1.2,0,1.0,90.1,5.33,18.502,0.015,2.387,0.47,FAIL,BASE_REACTION_FAIL
C1236,target_debris_v0,2.0,0.01,1.5,2.0,1.2,1,1.0,90.1,5.33,2.775,0.015,2.387,0.47,FAIL,INERTIA_UNCERTAINTY_FAIL
C1237,target_debris_v0,2.0,0.01,1.5,3.0,0.8,0,1.0,90.1,5.33,18.502,0.015,1.591,0.47,FAIL,POSE_UNCERTAINTY_FAIL
C1238,target_debris_v0,2.0,0.01,1.5,3.0,0.8,1,1.0,90.1,5.33,2.775,0.015,1.591,0.47,FAIL,POSE_UNCERTAINTY_FAIL
C1239,target_debris_v0,2.0,0.01,1.5,3.0,1.0,0,1.0,90.1,5.33,18.502,0.015,1.989,0.47,FAIL,POSE_UNCERTAINTY_FAIL
C1240,target_debris_v0,2.0,0.01,1.5,3.0,1.0,1,1.0,90.1,5.33,2.775,0.015,1.989,0.47,FAIL,POSE_UNCERTAINTY_FAIL
C1241,target_debris_v0,2.0,0.01,1.5,3.0,1.2,0,1.0,90.1,5.33,18.502,0.015,2.387,0.47,FAIL,POSE_UNCERTAINTY_FAIL
C1242,target_debris_v0,2.0,0.01,1.5,3.0,1.2,1,1.0,90.1,5.33,2.775,0.015,2.387,0.47,FAIL,POSE_UNCERTAINTY_FAIL
C1243,target_debris_v0,2.0,0.02,0.5,1.0,0.8,0,1.0,90.1,16.0,6.807,0.015,1.591,0.47,FAIL,BASE_REACTION_FAIL
C1244,target_debris_v0,2.0,0.02,0.5,1.0,0.8,1,1.0,90.1,16.0,1.021,0.015,1.591,0.47,FAIL,APPROACH_SPEED_FAIL
C1245,target_debris_v0,2.0,0.02,0.5,1.0,1.0,0,1.0,90.1,16.0,6.807,0.015,1.989,0.47,FAIL,BASE_REACTION_FAIL
C1246,target_debris_v0,2.0,0.02,0.5,1.0,1.0,1,1.0,90.1,16.0,1.021,0.015,1.989,0.47,FAIL,APPROACH_SPEED_FAIL
C1247,target_debris_v0,2.0,0.02,0.5,1.0,1.2,0,1.0,90.1,16.0,6.807,0.015,2.387,0.47,FAIL,BASE_REACTION_FAIL
C1248,target_debris_v0,2.0,0.02,0.5,1.0,1.2,1,1.0,90.1,16.0,1.021,0.015,2.387,0.47,FAIL,APPROACH_SPEED_FAIL
C1249,target_debris_v0,2.0,0.02,0.5,2.0,0.8,0,1.0,90.1,16.0,6.807,0.015,1.591,0.47,FAIL,BASE_REACTION_FAIL
C1250,target_debris_v0,2.0,0.02,0.5,2.0,0.8,1,1.0,90.1,16.0,1.021,0.015,1.591,0.47,FAIL,APPROACH_SPEED_FAIL
C1251,target_debris_v0,2.0,0.02,0.5,2.0,1.0,0,1.0,90.1,16.0,6.807,0.015,1.989,0.47,FAIL,BASE_REACTION_FAIL
C1252,target_debris_v0,2.0,0.02,0.5,2.0,1.0,1,1.0,90.1,16.0,1.021,0.015,1.989,0.47,FAIL,APPROACH_SPEED_FAIL
C1253,target_debris_v0,2.0,0.02,0.5,2.0,1.2,0,1.0,90.1,16.0,6.807,0.015,2.387,0.47,FAIL,BASE_REACTION_FAIL
C1254,target_debris_v0,2.0,0.02,0.5,2.0,1.2,1,1.0,90.1,16.0,1.021,0.015,2.387,0.47,FAIL,APPROACH_SPEED_FAIL
C1255,target_debris_v0,2.0,0.02,0.5,3.0,0.8,0,1.0,90.1,16.0,6.807,0.015,1.591,0.47,FAIL,POSE_UNCERTAINTY_FAIL
C1256,target_debris_v0,2.0,0.02,0.5,3.0,0.8,1,1.0,90.1,16.0,1.021,0.015,1.591,0.47,FAIL,POSE_UNCERTAINTY_FAIL
C1257,target_debris_v0,2.0,0.02,0.5,3.0,1.0,0,1.0,90.1,16.0,6.807,0.015,1.989,0.47,FAIL,POSE_UNCERTAINTY_FAIL
C1258,target_debris_v0,2.0,0.02,0.5,3.0,1.0,1,1.0,90.1,16.0,1.021,0.015,1.989,0.47,FAIL,POSE_UNCERTAINTY_FAIL
C1259,target_debris_v0,2.0,0.02,0.5,3.0,1.2,0,1.0,90.1,16.0,6.807,0.015,2.387,0.47,FAIL,POSE_UNCERTAINTY_FAIL
C1260,target_debris_v0,2.0,0.02,0.5,3.0,1.2,1,1.0,90.1,16.0,1.021,0.015,2.387,0.47,FAIL,POSE_UNCERTAINTY_FAIL
C1261,target_debris_v0,2.0,0.02,1.0,1.0,0.8,0,1.0,90.1,8.0,13.133,0.015,1.591,0.47,FAIL,BASE_REACTION_FAIL
C1262,target_debris_v0,2.0,0.02,1.0,1.0,0.8,1,1.0,90.1,8.0,1.97,0.015,1.591,0.47,FAIL,APPROACH_SPEED_FAIL
C1263,target_debris_v0,2.0,0.02,1.0,1.0,1.0,0,1.0,90.1,8.0,13.133,0.015,1.989,0.47,FAIL,BASE_REACTION_FAIL
C1264,target_debris_v0,2.0,0.02,1.0,1.0,1.0,1,1.0,90.1,8.0,1.97,0.015,1.989,0.47,FAIL,APPROACH_SPEED_FAIL
C1265,target_debris_v0,2.0,0.02,1.0,1.0,1.2,0,1.0,90.1,8.0,13.133,0.015,2.387,0.47,FAIL,BASE_REACTION_FAIL
C1266,target_debris_v0,2.0,0.02,1.0,1.0,1.2,1,1.0,90.1,8.0,1.97,0.015,2.387,0.47,FAIL,APPROACH_SPEED_FAIL
C1267,target_debris_v0,2.0,0.02,1.0,2.0,0.8,0,1.0,90.1,8.0,13.133,0.015,1.591,0.47,FAIL,BASE_REACTION_FAIL
C1268,target_debris_v0,2.0,0.02,1.0,2.0,0.8,1,1.0,90.1,8.0,1.97,0.015,1.591,0.47,FAIL,APPROACH_SPEED_FAIL
C1269,target_debris_v0,2.0,0.02,1.0,2.0,1.0,0,1.0,90.1,8.0,13.133,0.015,1.989,0.47,FAIL,BASE_REACTION_FAIL
C1270,target_debris_v0,2.0,0.02,1.0,2.0,1.0,1,1.0,90.1,8.0,1.97,0.015,1.989,0.47,FAIL,APPROACH_SPEED_FAIL
C1271,target_debris_v0,2.0,0.02,1.0,2.0,1.2,0,1.0,90.1,8.0,13.133,0.015,2.387,0.47,FAIL,BASE_REACTION_FAIL
C1272,target_debris_v0,2.0,0.02,1.0,2.0,1.2,1,1.0,90.1,8.0,1.97,0.015,2.387,0.47,FAIL,APPROACH_SPEED_FAIL
C1273,target_debris_v0,2.0,0.02,1.0,3.0,0.8,0,1.0,90.1,8.0,13.133,0.015,1.591,0.47,FAIL,POSE_UNCERTAINTY_FAIL
C1274,target_debris_v0,2.0,0.02,1.0,3.0,0.8,1,1.0,90.1,8.0,1.97,0.015,1.591,0.47,FAIL,POSE_UNCERTAINTY_FAIL
C1275,target_debris_v0,2.0,0.02,1.0,3.0,1.0,0,1.0,90.1,8.0,13.133,0.015,1.989,0.47,FAIL,POSE_UNCERTAINTY_FAIL
C1276,target_debris_v0,2.0,0.02,1.0,3.0,1.0,1,1.0,90.1,8.0,1.97,0.015,1.989,0.47,FAIL,POSE_UNCERTAINTY_FAIL
C1277,target_debris_v0,2.0,0.02,1.0,3.0,1.2,0,1.0,90.1,8.0,13.133,0.015,2.387,0.47,FAIL,POSE_UNCERTAINTY_FAIL
C1278,target_debris_v0,2.0,0.02,1.0,3.0,1.2,1,1.0,90.1,8.0,1.97,0.015,2.387,0.47,FAIL,POSE_UNCERTAINTY_FAIL
C1279,target_debris_v0,2.0,0.02,1.5,1.0,0.8,0,1.0,90.1,5.33,18.502,0.015,1.591,0.47,FAIL,BASE_REACTION_FAIL
C1280,target_debris_v0,2.0,0.02,1.5,1.0,0.8,1,1.0,90.1,5.33,2.775,0.015,1.591,0.47,FAIL,APPROACH_SPEED_FAIL
C1281,target_debris_v0,2.0,0.02,1.5,1.0,1.0,0,1.0,90.1,5.33,18.502,0.015,1.989,0.47,FAIL,BASE_REACTION_FAIL
C1282,target_debris_v0,2.0,0.02,1.5,1.0,1.0,1,1.0,90.1,5.33,2.775,0.015,1.989,0.47,FAIL,APPROACH_SPEED_FAIL
C1283,target_debris_v0,2.0,0.02,1.5,1.0,1.2,0,1.0,90.1,5.33,18.502,0.015,2.387,0.47,FAIL,BASE_REACTION_FAIL
C1284,target_debris_v0,2.0,0.02,1.5,1.0,1.2,1,1.0,90.1,5.33,2.775,0.015,2.387,0.47,FAIL,APPROACH_SPEED_FAIL
C1285,target_debris_v0,2.0,0.02,1.5,2.0,0.8,0,1.0,90.1,5.33,18.502,0.015,1.591,0.47,FAIL,BASE_REACTION_FAIL
C1286,target_debris_v0,2.0,0.02,1.5,2.0,0.8,1,1.0,90.1,5.33,2.775,0.015,1.591,0.47,FAIL,APPROACH_SPEED_FAIL
C1287,target_debris_v0,2.0,0.02,1.5,2.0,1.0,0,1.0,90.1,5.33,18.502,0.015,1.989,0.47,FAIL,BASE_REACTION_FAIL
C1288,target_debris_v0,2.0,0.02,1.5,2.0,1.0,1,1.0,90.1,5.33,2.775,0.015,1.989,0.47,FAIL,APPROACH_SPEED_FAIL
C1289,target_debris_v0,2.0,0.02,1.5,2.0,1.2,0,1.0,90.1,5.33,18.502,0.015,2.387,0.47,FAIL,BASE_REACTION_FAIL
C1290,target_debris_v0,2.0,0.02,1.5,2.0,1.2,1,1.0,90.1,5.33,2.775,0.015,2.387,0.47,FAIL,APPROACH_SPEED_FAIL
C1291,target_debris_v0,2.0,0.02,1.5,3.0,0.8,0,1.0,90.1,5.33,18.502,0.015,1.591,0.47,FAIL,POSE_UNCERTAINTY_FAIL
C1292,target_debris_v0,2.0,0.02,1.5,3.0,0.8,1,1.0,90.1,5.33,2.775,0.015,1.591,0.47,FAIL,POSE_UNCERTAINTY_FAIL
C1293,target_debris_v0,2.0,0.02,1.5,3.0,1.0,0,1.0,90.1,5.33,18.502,0.015,1.989,0.47,FAIL,POSE_UNCERTAINTY_FAIL
C1294,target_debris_v0,2.0,0.02,1.5,3.0,1.0,1,1.0,90.1,5.33,2.775,0.015,1.989,0.47,FAIL,POSE_UNCERTAINTY_FAIL
C1295,target_debris_v0,2.0,0.02,1.5,3.0,1.2,0,1.0,90.1,5.33,18.502,0.015,2.387,0.47,FAIL,POSE_UNCERTAINTY_FAIL
C1296,target_debris_v0,2.0,0.02,1.5,3.0,1.2,1,1.0,90.1,5.33,2.775,0.015,2.387,0.47,FAIL,POSE_UNCERTAINTY_FAIL
C1297,target_debris_v0,3.0,0.005,0.5,1.0,0.8,0,1.0,75.88,16.0,6.807,0.012,2.387,0.47,FAIL,BASE_REACTION_FAIL
C1298,target_debris_v0,3.0,0.005,0.5,1.0,0.8,1,1.0,75.88,16.0,1.021,0.012,2.387,0.47,FAIL,INERTIA_UNCERTAINTY_FAIL
C1299,target_debris_v0,3.0,0.005,0.5,1.0,1.0,0,1.0,75.88,16.0,6.807,0.012,2.984,0.47,FAIL,BASE_REACTION_FAIL
C1300,target_debris_v0,3.0,0.005,0.5,1.0,1.0,1,1.0,75.88,16.0,1.021,0.012,2.984,0.47,FAIL,INERTIA_UNCERTAINTY_FAIL
C1301,target_debris_v0,3.0,0.005,0.5,1.0,1.2,0,1.0,75.88,16.0,6.807,0.012,3.58,0.47,FAIL,BASE_REACTION_FAIL
C1302,target_debris_v0,3.0,0.005,0.5,1.0,1.2,1,1.0,75.88,16.0,1.021,0.012,3.58,0.47,FAIL,INERTIA_UNCERTAINTY_FAIL
C1303,target_debris_v0,3.0,0.005,0.5,2.0,0.8,0,1.0,75.88,16.0,6.807,0.012,2.387,0.47,FAIL,BASE_REACTION_FAIL
C1304,target_debris_v0,3.0,0.005,0.5,2.0,0.8,1,1.0,75.88,16.0,1.021,0.012,2.387,0.47,FAIL,INERTIA_UNCERTAINTY_FAIL
C1305,target_debris_v0,3.0,0.005,0.5,2.0,1.0,0,1.0,75.88,16.0,6.807,0.012,2.984,0.47,FAIL,BASE_REACTION_FAIL
C1306,target_debris_v0,3.0,0.005,0.5,2.0,1.0,1,1.0,75.88,16.0,1.021,0.012,2.984,0.47,FAIL,INERTIA_UNCERTAINTY_FAIL
C1307,target_debris_v0,3.0,0.005,0.5,2.0,1.2,0,1.0,75.88,16.0,6.807,0.012,3.58,0.47,FAIL,BASE_REACTION_FAIL
C1308,target_debris_v0,3.0,0.005,0.5,2.0,1.2,1,1.0,75.88,16.0,1.021,0.012,3.58,0.47,FAIL,INERTIA_UNCERTAINTY_FAIL
C1309,target_debris_v0,3.0,0.005,0.5,3.0,0.8,0,1.0,75.88,16.0,6.807,0.012,2.387,0.47,FAIL,POSE_UNCERTAINTY_FAIL
C1310,target_debris_v0,3.0,0.005,0.5,3.0,0.8,1,1.0,75.88,16.0,1.021,0.012,2.387,0.47,FAIL,POSE_UNCERTAINTY_FAIL
C1311,target_debris_v0,3.0,0.005,0.5,3.0,1.0,0,1.0,75.88,16.0,6.807,0.012,2.984,0.47,FAIL,POSE_UNCERTAINTY_FAIL
C1312,target_debris_v0,3.0,0.005,0.5,3.0,1.0,1,1.0,75.88,16.0,1.021,0.012,2.984,0.47,FAIL,POSE_UNCERTAINTY_FAIL
C1313,target_debris_v0,3.0,0.005,0.5,3.0,1.2,0,1.0,75.88,16.0,6.807,0.012,3.58,0.47,FAIL,POSE_UNCERTAINTY_FAIL
C1314,target_debris_v0,3.0,0.005,0.5,3.0,1.2,1,1.0,75.88,16.0,1.021,0.012,3.58,0.47,FAIL,POSE_UNCERTAINTY_FAIL
C1315,target_debris_v0,3.0,0.005,1.0,1.0,0.8,0,1.0,75.88,8.0,13.133,0.012,2.387,0.47,FAIL,BASE_REACTION_FAIL
C1316,target_debris_v0,3.0,0.005,1.0,1.0,0.8,1,1.0,75.88,8.0,1.97,0.012,2.387,0.47,FAIL,INERTIA_UNCERTAINTY_FAIL
C1317,target_debris_v0,3.0,0.005,1.0,1.0,1.0,0,1.0,75.88,8.0,13.133,0.012,2.984,0.47,FAIL,BASE_REACTION_FAIL
C1318,target_debris_v0,3.0,0.005,1.0,1.0,1.0,1,1.0,75.88,8.0,1.97,0.012,2.984,0.47,FAIL,INERTIA_UNCERTAINTY_FAIL
C1319,target_debris_v0,3.0,0.005,1.0,1.0,1.2,0,1.0,75.88,8.0,13.133,0.012,3.58,0.47,FAIL,BASE_REACTION_FAIL
C1320,target_debris_v0,3.0,0.005,1.0,1.0,1.2,1,1.0,75.88,8.0,1.97,0.012,3.58,0.47,FAIL,INERTIA_UNCERTAINTY_FAIL
C1321,target_debris_v0,3.0,0.005,1.0,2.0,0.8,0,1.0,75.88,8.0,13.133,0.012,2.387,0.47,FAIL,BASE_REACTION_FAIL
C1322,target_debris_v0,3.0,0.005,1.0,2.0,0.8,1,1.0,75.88,8.0,1.97,0.012,2.387,0.47,FAIL,INERTIA_UNCERTAINTY_FAIL
C1323,target_debris_v0,3.0,0.005,1.0,2.0,1.0,0,1.0,75.88,8.0,13.133,0.012,2.984,0.47,FAIL,BASE_REACTION_FAIL
C1324,target_debris_v0,3.0,0.005,1.0,2.0,1.0,1,1.0,75.88,8.0,1.97,0.012,2.984,0.47,FAIL,INERTIA_UNCERTAINTY_FAIL
C1325,target_debris_v0,3.0,0.005,1.0,2.0,1.2,0,1.0,75.88,8.0,13.133,0.012,3.58,0.47,FAIL,BASE_REACTION_FAIL
C1326,target_debris_v0,3.0,0.005,1.0,2.0,1.2,1,1.0,75.88,8.0,1.97,0.012,3.58,0.47,FAIL,INERTIA_UNCERTAINTY_FAIL
C1327,target_debris_v0,3.0,0.005,1.0,3.0,0.8,0,1.0,75.88,8.0,13.133,0.012,2.387,0.47,FAIL,POSE_UNCERTAINTY_FAIL
C1328,target_debris_v0,3.0,0.005,1.0,3.0,0.8,1,1.0,75.88,8.0,1.97,0.012,2.387,0.47,FAIL,POSE_UNCERTAINTY_FAIL
C1329,target_debris_v0,3.0,0.005,1.0,3.0,1.0,0,1.0,75.88,8.0,13.133,0.012,2.984,0.47,FAIL,POSE_UNCERTAINTY_FAIL
C1330,target_debris_v0,3.0,0.005,1.0,3.0,1.0,1,1.0,75.88,8.0,1.97,0.012,2.984,0.47,FAIL,POSE_UNCERTAINTY_FAIL
C1331,target_debris_v0,3.0,0.005,1.0,3.0,1.2,0,1.0,75.88,8.0,13.133,0.012,3.58,0.47,FAIL,POSE_UNCERTAINTY_FAIL
C1332,target_debris_v0,3.0,0.005,1.0,3.0,1.2,1,1.0,75.88,8.0,1.97,0.012,3.58,0.47,FAIL,POSE_UNCERTAINTY_FAIL
C1333,target_debris_v0,3.0,0.005,1.5,1.0,0.8,0,1.0,75.88,5.33,18.502,0.012,2.387,0.47,FAIL,BASE_REACTION_FAIL
C1334,target_debris_v0,3.0,0.005,1.5,1.0,0.8,1,1.0,75.88,5.33,2.775,0.012,2.387,0.47,FAIL,INERTIA_UNCERTAINTY_FAIL
C1335,target_debris_v0,3.0,0.005,1.5,1.0,1.0,0,1.0,75.88,5.33,18.502,0.012,2.984,0.47,FAIL,BASE_REACTION_FAIL
C1336,target_debris_v0,3.0,0.005,1.5,1.0,1.0,1,1.0,75.88,5.33,2.775,0.012,2.984,0.47,FAIL,INERTIA_UNCERTAINTY_FAIL
C1337,target_debris_v0,3.0,0.005,1.5,1.0,1.2,0,1.0,75.88,5.33,18.502,0.012,3.58,0.47,FAIL,BASE_REACTION_FAIL
C1338,target_debris_v0,3.0,0.005,1.5,1.0,1.2,1,1.0,75.88,5.33,2.775,0.012,3.58,0.47,FAIL,INERTIA_UNCERTAINTY_FAIL
C1339,target_debris_v0,3.0,0.005,1.5,2.0,0.8,0,1.0,75.88,5.33,18.502,0.012,2.387,0.47,FAIL,BASE_REACTION_FAIL
C1340,target_debris_v0,3.0,0.005,1.5,2.0,0.8,1,1.0,75.88,5.33,2.775,0.012,2.387,0.47,FAIL,INERTIA_UNCERTAINTY_FAIL
C1341,target_debris_v0,3.0,0.005,1.5,2.0,1.0,0,1.0,75.88,5.33,18.502,0.012,2.984,0.47,FAIL,BASE_REACTION_FAIL
C1342,target_debris_v0,3.0,0.005,1.5,2.0,1.0,1,1.0,75.88,5.33,2.775,0.012,2.984,0.47,FAIL,INERTIA_UNCERTAINTY_FAIL
C1343,target_debris_v0,3.0,0.005,1.5,2.0,1.2,0,1.0,75.88,5.33,18.502,0.012,3.58,0.47,FAIL,BASE_REACTION_FAIL
C1344,target_debris_v0,3.0,0.005,1.5,2.0,1.2,1,1.0,75.88,5.33,2.775,0.012,3.58,0.47,FAIL,INERTIA_UNCERTAINTY_FAIL
C1345,target_debris_v0,3.0,0.005,1.5,3.0,0.8,0,1.0,75.88,5.33,18.502,0.012,2.387,0.47,FAIL,POSE_UNCERTAINTY_FAIL
C1346,target_debris_v0,3.0,0.005,1.5,3.0,0.8,1,1.0,75.88,5.33,2.775,0.012,2.387,0.47,FAIL,POSE_UNCERTAINTY_FAIL
C1347,target_debris_v0,3.0,0.005,1.5,3.0,1.0,0,1.0,75.88,5.33,18.502,0.012,2.984,0.47,FAIL,POSE_UNCERTAINTY_FAIL
C1348,target_debris_v0,3.0,0.005,1.5,3.0,1.0,1,1.0,75.88,5.33,2.775,0.012,2.984,0.47,FAIL,POSE_UNCERTAINTY_FAIL
C1349,target_debris_v0,3.0,0.005,1.5,3.0,1.2,0,1.0,75.88,5.33,18.502,0.012,3.58,0.47,FAIL,POSE_UNCERTAINTY_FAIL
C1350,target_debris_v0,3.0,0.005,1.5,3.0,1.2,1,1.0,75.88,5.33,2.775,0.012,3.58,0.47,FAIL,POSE_UNCERTAINTY_FAIL
C1351,target_debris_v0,3.0,0.01,0.5,1.0,0.8,0,1.0,75.88,16.0,6.807,0.012,2.387,0.47,FAIL,BASE_REACTION_FAIL
C1352,target_debris_v0,3.0,0.01,0.5,1.0,0.8,1,1.0,75.88,16.0,1.021,0.012,2.387,0.47,FAIL,INERTIA_UNCERTAINTY_FAIL
C1353,target_debris_v0,3.0,0.01,0.5,1.0,1.0,0,1.0,75.88,16.0,6.807,0.012,2.984,0.47,FAIL,BASE_REACTION_FAIL
C1354,target_debris_v0,3.0,0.01,0.5,1.0,1.0,1,1.0,75.88,16.0,1.021,0.012,2.984,0.47,FAIL,INERTIA_UNCERTAINTY_FAIL
C1355,target_debris_v0,3.0,0.01,0.5,1.0,1.2,0,1.0,75.88,16.0,6.807,0.012,3.58,0.47,FAIL,BASE_REACTION_FAIL
C1356,target_debris_v0,3.0,0.01,0.5,1.0,1.2,1,1.0,75.88,16.0,1.021,0.012,3.58,0.47,FAIL,INERTIA_UNCERTAINTY_FAIL
C1357,target_debris_v0,3.0,0.01,0.5,2.0,0.8,0,1.0,75.88,16.0,6.807,0.012,2.387,0.47,FAIL,BASE_REACTION_FAIL
C1358,target_debris_v0,3.0,0.01,0.5,2.0,0.8,1,1.0,75.88,16.0,1.021,0.012,2.387,0.47,FAIL,INERTIA_UNCERTAINTY_FAIL
C1359,target_debris_v0,3.0,0.01,0.5,2.0,1.0,0,1.0,75.88,16.0,6.807,0.012,2.984,0.47,FAIL,BASE_REACTION_FAIL
C1360,target_debris_v0,3.0,0.01,0.5,2.0,1.0,1,1.0,75.88,16.0,1.021,0.012,2.984,0.47,FAIL,INERTIA_UNCERTAINTY_FAIL
C1361,target_debris_v0,3.0,0.01,0.5,2.0,1.2,0,1.0,75.88,16.0,6.807,0.012,3.58,0.47,FAIL,BASE_REACTION_FAIL
C1362,target_debris_v0,3.0,0.01,0.5,2.0,1.2,1,1.0,75.88,16.0,1.021,0.012,3.58,0.47,FAIL,INERTIA_UNCERTAINTY_FAIL
C1363,target_debris_v0,3.0,0.01,0.5,3.0,0.8,0,1.0,75.88,16.0,6.807,0.012,2.387,0.47,FAIL,POSE_UNCERTAINTY_FAIL
C1364,target_debris_v0,3.0,0.01,0.5,3.0,0.8,1,1.0,75.88,16.0,1.021,0.012,2.387,0.47,FAIL,POSE_UNCERTAINTY_FAIL
C1365,target_debris_v0,3.0,0.01,0.5,3.0,1.0,0,1.0,75.88,16.0,6.807,0.012,2.984,0.47,FAIL,POSE_UNCERTAINTY_FAIL
C1366,target_debris_v0,3.0,0.01,0.5,3.0,1.0,1,1.0,75.88,16.0,1.021,0.012,2.984,0.47,FAIL,POSE_UNCERTAINTY_FAIL
C1367,target_debris_v0,3.0,0.01,0.5,3.0,1.2,0,1.0,75.88,16.0,6.807,0.012,3.58,0.47,FAIL,POSE_UNCERTAINTY_FAIL
C1368,target_debris_v0,3.0,0.01,0.5,3.0,1.2,1,1.0,75.88,16.0,1.021,0.012,3.58,0.47,FAIL,POSE_UNCERTAINTY_FAIL
C1369,target_debris_v0,3.0,0.01,1.0,1.0,0.8,0,1.0,75.88,8.0,13.133,0.012,2.387,0.47,FAIL,BASE_REACTION_FAIL
C1370,target_debris_v0,3.0,0.01,1.0,1.0,0.8,1,1.0,75.88,8.0,1.97,0.012,2.387,0.47,FAIL,INERTIA_UNCERTAINTY_FAIL
C1371,target_debris_v0,3.0,0.01,1.0,1.0,1.0,0,1.0,75.88,8.0,13.133,0.012,2.984,0.47,FAIL,BASE_REACTION_FAIL
C1372,target_debris_v0,3.0,0.01,1.0,1.0,1.0,1,1.0,75.88,8.0,1.97,0.012,2.984,0.47,FAIL,INERTIA_UNCERTAINTY_FAIL
C1373,target_debris_v0,3.0,0.01,1.0,1.0,1.2,0,1.0,75.88,8.0,13.133,0.012,3.58,0.47,FAIL,BASE_REACTION_FAIL
C1374,target_debris_v0,3.0,0.01,1.0,1.0,1.2,1,1.0,75.88,8.0,1.97,0.012,3.58,0.47,FAIL,INERTIA_UNCERTAINTY_FAIL
C1375,target_debris_v0,3.0,0.01,1.0,2.0,0.8,0,1.0,75.88,8.0,13.133,0.012,2.387,0.47,FAIL,BASE_REACTION_FAIL
C1376,target_debris_v0,3.0,0.01,1.0,2.0,0.8,1,1.0,75.88,8.0,1.97,0.012,2.387,0.47,FAIL,INERTIA_UNCERTAINTY_FAIL
C1377,target_debris_v0,3.0,0.01,1.0,2.0,1.0,0,1.0,75.88,8.0,13.133,0.012,2.984,0.47,FAIL,BASE_REACTION_FAIL
C1378,target_debris_v0,3.0,0.01,1.0,2.0,1.0,1,1.0,75.88,8.0,1.97,0.012,2.984,0.47,FAIL,INERTIA_UNCERTAINTY_FAIL
C1379,target_debris_v0,3.0,0.01,1.0,2.0,1.2,0,1.0,75.88,8.0,13.133,0.012,3.58,0.47,FAIL,BASE_REACTION_FAIL
C1380,target_debris_v0,3.0,0.01,1.0,2.0,1.2,1,1.0,75.88,8.0,1.97,0.012,3.58,0.47,FAIL,INERTIA_UNCERTAINTY_FAIL
C1381,target_debris_v0,3.0,0.01,1.0,3.0,0.8,0,1.0,75.88,8.0,13.133,0.012,2.387,0.47,FAIL,POSE_UNCERTAINTY_FAIL
C1382,target_debris_v0,3.0,0.01,1.0,3.0,0.8,1,1.0,75.88,8.0,1.97,0.012,2.387,0.47,FAIL,POSE_UNCERTAINTY_FAIL
C1383,target_debris_v0,3.0,0.01,1.0,3.0,1.0,0,1.0,75.88,8.0,13.133,0.012,2.984,0.47,FAIL,POSE_UNCERTAINTY_FAIL
C1384,target_debris_v0,3.0,0.01,1.0,3.0,1.0,1,1.0,75.88,8.0,1.97,0.012,2.984,0.47,FAIL,POSE_UNCERTAINTY_FAIL
C1385,target_debris_v0,3.0,0.01,1.0,3.0,1.2,0,1.0,75.88,8.0,13.133,0.012,3.58,0.47,FAIL,POSE_UNCERTAINTY_FAIL
C1386,target_debris_v0,3.0,0.01,1.0,3.0,1.2,1,1.0,75.88,8.0,1.97,0.012,3.58,0.47,FAIL,POSE_UNCERTAINTY_FAIL
C1387,target_debris_v0,3.0,0.01,1.5,1.0,0.8,0,1.0,75.88,5.33,18.502,0.012,2.387,0.47,FAIL,BASE_REACTION_FAIL
C1388,target_debris_v0,3.0,0.01,1.5,1.0,0.8,1,1.0,75.88,5.33,2.775,0.012,2.387,0.47,FAIL,INERTIA_UNCERTAINTY_FAIL
C1389,target_debris_v0,3.0,0.01,1.5,1.0,1.0,0,1.0,75.88,5.33,18.502,0.012,2.984,0.47,FAIL,BASE_REACTION_FAIL
C1390,target_debris_v0,3.0,0.01,1.5,1.0,1.0,1,1.0,75.88,5.33,2.775,0.012,2.984,0.47,FAIL,INERTIA_UNCERTAINTY_FAIL
C1391,target_debris_v0,3.0,0.01,1.5,1.0,1.2,0,1.0,75.88,5.33,18.502,0.012,3.58,0.47,FAIL,BASE_REACTION_FAIL
C1392,target_debris_v0,3.0,0.01,1.5,1.0,1.2,1,1.0,75.88,5.33,2.775,0.012,3.58,0.47,FAIL,INERTIA_UNCERTAINTY_FAIL
C1393,target_debris_v0,3.0,0.01,1.5,2.0,0.8,0,1.0,75.88,5.33,18.502,0.012,2.387,0.47,FAIL,BASE_REACTION_FAIL
C1394,target_debris_v0,3.0,0.01,1.5,2.0,0.8,1,1.0,75.88,5.33,2.775,0.012,2.387,0.47,FAIL,INERTIA_UNCERTAINTY_FAIL
C1395,target_debris_v0,3.0,0.01,1.5,2.0,1.0,0,1.0,75.88,5.33,18.502,0.012,2.984,0.47,FAIL,BASE_REACTION_FAIL
C1396,target_debris_v0,3.0,0.01,1.5,2.0,1.0,1,1.0,75.88,5.33,2.775,0.012,2.984,0.47,FAIL,INERTIA_UNCERTAINTY_FAIL
C1397,target_debris_v0,3.0,0.01,1.5,2.0,1.2,0,1.0,75.88,5.33,18.502,0.012,3.58,0.47,FAIL,BASE_REACTION_FAIL
C1398,target_debris_v0,3.0,0.01,1.5,2.0,1.2,1,1.0,75.88,5.33,2.775,0.012,3.58,0.47,FAIL,INERTIA_UNCERTAINTY_FAIL
C1399,target_debris_v0,3.0,0.01,1.5,3.0,0.8,0,1.0,75.88,5.33,18.502,0.012,2.387,0.47,FAIL,POSE_UNCERTAINTY_FAIL
C1400,target_debris_v0,3.0,0.01,1.5,3.0,0.8,1,1.0,75.88,5.33,2.775,0.012,2.387,0.47,FAIL,POSE_UNCERTAINTY_FAIL
C1401,target_debris_v0,3.0,0.01,1.5,3.0,1.0,0,1.0,75.88,5.33,18.502,0.012,2.984,0.47,FAIL,POSE_UNCERTAINTY_FAIL
C1402,target_debris_v0,3.0,0.01,1.5,3.0,1.0,1,1.0,75.88,5.33,2.775,0.012,2.984,0.47,FAIL,POSE_UNCERTAINTY_FAIL
C1403,target_debris_v0,3.0,0.01,1.5,3.0,1.2,0,1.0,75.88,5.33,18.502,0.012,3.58,0.47,FAIL,POSE_UNCERTAINTY_FAIL
C1404,target_debris_v0,3.0,0.01,1.5,3.0,1.2,1,1.0,75.88,5.33,2.775,0.012,3.58,0.47,FAIL,POSE_UNCERTAINTY_FAIL
C1405,target_debris_v0,3.0,0.02,0.5,1.0,0.8,0,1.0,75.88,16.0,6.807,0.012,2.387,0.47,FAIL,BASE_REACTION_FAIL
C1406,target_debris_v0,3.0,0.02,0.5,1.0,0.8,1,1.0,75.88,16.0,1.021,0.012,2.387,0.47,FAIL,APPROACH_SPEED_FAIL
C1407,target_debris_v0,3.0,0.02,0.5,1.0,1.0,0,1.0,75.88,16.0,6.807,0.012,2.984,0.47,FAIL,BASE_REACTION_FAIL
C1408,target_debris_v0,3.0,0.02,0.5,1.0,1.0,1,1.0,75.88,16.0,1.021,0.012,2.984,0.47,FAIL,APPROACH_SPEED_FAIL
C1409,target_debris_v0,3.0,0.02,0.5,1.0,1.2,0,1.0,75.88,16.0,6.807,0.012,3.58,0.47,FAIL,BASE_REACTION_FAIL
C1410,target_debris_v0,3.0,0.02,0.5,1.0,1.2,1,1.0,75.88,16.0,1.021,0.012,3.58,0.47,FAIL,APPROACH_SPEED_FAIL
C1411,target_debris_v0,3.0,0.02,0.5,2.0,0.8,0,1.0,75.88,16.0,6.807,0.012,2.387,0.47,FAIL,BASE_REACTION_FAIL
C1412,target_debris_v0,3.0,0.02,0.5,2.0,0.8,1,1.0,75.88,16.0,1.021,0.012,2.387,0.47,FAIL,APPROACH_SPEED_FAIL
C1413,target_debris_v0,3.0,0.02,0.5,2.0,1.0,0,1.0,75.88,16.0,6.807,0.012,2.984,0.47,FAIL,BASE_REACTION_FAIL
C1414,target_debris_v0,3.0,0.02,0.5,2.0,1.0,1,1.0,75.88,16.0,1.021,0.012,2.984,0.47,FAIL,APPROACH_SPEED_FAIL
C1415,target_debris_v0,3.0,0.02,0.5,2.0,1.2,0,1.0,75.88,16.0,6.807,0.012,3.58,0.47,FAIL,BASE_REACTION_FAIL
C1416,target_debris_v0,3.0,0.02,0.5,2.0,1.2,1,1.0,75.88,16.0,1.021,0.012,3.58,0.47,FAIL,APPROACH_SPEED_FAIL
C1417,target_debris_v0,3.0,0.02,0.5,3.0,0.8,0,1.0,75.88,16.0,6.807,0.012,2.387,0.47,FAIL,POSE_UNCERTAINTY_FAIL
C1418,target_debris_v0,3.0,0.02,0.5,3.0,0.8,1,1.0,75.88,16.0,1.021,0.012,2.387,0.47,FAIL,POSE_UNCERTAINTY_FAIL
C1419,target_debris_v0,3.0,0.02,0.5,3.0,1.0,0,1.0,75.88,16.0,6.807,0.012,2.984,0.47,FAIL,POSE_UNCERTAINTY_FAIL
C1420,target_debris_v0,3.0,0.02,0.5,3.0,1.0,1,1.0,75.88,16.0,1.021,0.012,2.984,0.47,FAIL,POSE_UNCERTAINTY_FAIL
C1421,target_debris_v0,3.0,0.02,0.5,3.0,1.2,0,1.0,75.88,16.0,6.807,0.012,3.58,0.47,FAIL,POSE_UNCERTAINTY_FAIL
C1422,target_debris_v0,3.0,0.02,0.5,3.0,1.2,1,1.0,75.88,16.0,1.021,0.012,3.58,0.47,FAIL,POSE_UNCERTAINTY_FAIL
C1423,target_debris_v0,3.0,0.02,1.0,1.0,0.8,0,1.0,75.88,8.0,13.133,0.012,2.387,0.47,FAIL,BASE_REACTION_FAIL
C1424,target_debris_v0,3.0,0.02,1.0,1.0,0.8,1,1.0,75.88,8.0,1.97,0.012,2.387,0.47,FAIL,APPROACH_SPEED_FAIL
C1425,target_debris_v0,3.0,0.02,1.0,1.0,1.0,0,1.0,75.88,8.0,13.133,0.012,2.984,0.47,FAIL,BASE_REACTION_FAIL
C1426,target_debris_v0,3.0,0.02,1.0,1.0,1.0,1,1.0,75.88,8.0,1.97,0.012,2.984,0.47,FAIL,APPROACH_SPEED_FAIL
C1427,target_debris_v0,3.0,0.02,1.0,1.0,1.2,0,1.0,75.88,8.0,13.133,0.012,3.58,0.47,FAIL,BASE_REACTION_FAIL
C1428,target_debris_v0,3.0,0.02,1.0,1.0,1.2,1,1.0,75.88,8.0,1.97,0.012,3.58,0.47,FAIL,APPROACH_SPEED_FAIL
C1429,target_debris_v0,3.0,0.02,1.0,2.0,0.8,0,1.0,75.88,8.0,13.133,0.012,2.387,0.47,FAIL,BASE_REACTION_FAIL
C1430,target_debris_v0,3.0,0.02,1.0,2.0,0.8,1,1.0,75.88,8.0,1.97,0.012,2.387,0.47,FAIL,APPROACH_SPEED_FAIL
C1431,target_debris_v0,3.0,0.02,1.0,2.0,1.0,0,1.0,75.88,8.0,13.133,0.012,2.984,0.47,FAIL,BASE_REACTION_FAIL
C1432,target_debris_v0,3.0,0.02,1.0,2.0,1.0,1,1.0,75.88,8.0,1.97,0.012,2.984,0.47,FAIL,APPROACH_SPEED_FAIL
C1433,target_debris_v0,3.0,0.02,1.0,2.0,1.2,0,1.0,75.88,8.0,13.133,0.012,3.58,0.47,FAIL,BASE_REACTION_FAIL
C1434,target_debris_v0,3.0,0.02,1.0,2.0,1.2,1,1.0,75.88,8.0,1.97,0.012,3.58,0.47,FAIL,APPROACH_SPEED_FAIL
C1435,target_debris_v0,3.0,0.02,1.0,3.0,0.8,0,1.0,75.88,8.0,13.133,0.012,2.387,0.47,FAIL,POSE_UNCERTAINTY_FAIL
C1436,target_debris_v0,3.0,0.02,1.0,3.0,0.8,1,1.0,75.88,8.0,1.97,0.012,2.387,0.47,FAIL,POSE_UNCERTAINTY_FAIL
C1437,target_debris_v0,3.0,0.02,1.0,3.0,1.0,0,1.0,75.88,8.0,13.133,0.012,2.984,0.47,FAIL,POSE_UNCERTAINTY_FAIL
C1438,target_debris_v0,3.0,0.02,1.0,3.0,1.0,1,1.0,75.88,8.0,1.97,0.012,2.984,0.47,FAIL,POSE_UNCERTAINTY_FAIL
C1439,target_debris_v0,3.0,0.02,1.0,3.0,1.2,0,1.0,75.88,8.0,13.133,0.012,3.58,0.47,FAIL,POSE_UNCERTAINTY_FAIL
C1440,target_debris_v0,3.0,0.02,1.0,3.0,1.2,1,1.0,75.88,8.0,1.97,0.012,3.58,0.47,FAIL,POSE_UNCERTAINTY_FAIL
C1441,target_debris_v0,3.0,0.02,1.5,1.0,0.8,0,1.0,75.88,5.33,18.502,0.012,2.387,0.47,FAIL,BASE_REACTION_FAIL
C1442,target_debris_v0,3.0,0.02,1.5,1.0,0.8,1,1.0,75.88,5.33,2.775,0.012,2.387,0.47,FAIL,APPROACH_SPEED_FAIL
C1443,target_debris_v0,3.0,0.02,1.5,1.0,1.0,0,1.0,75.88,5.33,18.502,0.012,2.984,0.47,FAIL,BASE_REACTION_FAIL
C1444,target_debris_v0,3.0,0.02,1.5,1.0,1.0,1,1.0,75.88,5.33,2.775,0.012,2.984,0.47,FAIL,APPROACH_SPEED_FAIL
C1445,target_debris_v0,3.0,0.02,1.5,1.0,1.2,0,1.0,75.88,5.33,18.502,0.012,3.58,0.47,FAIL,BASE_REACTION_FAIL
C1446,target_debris_v0,3.0,0.02,1.5,1.0,1.2,1,1.0,75.88,5.33,2.775,0.012,3.58,0.47,FAIL,APPROACH_SPEED_FAIL
C1447,target_debris_v0,3.0,0.02,1.5,2.0,0.8,0,1.0,75.88,5.33,18.502,0.012,2.387,0.47,FAIL,BASE_REACTION_FAIL
C1448,target_debris_v0,3.0,0.02,1.5,2.0,0.8,1,1.0,75.88,5.33,2.775,0.012,2.387,0.47,FAIL,APPROACH_SPEED_FAIL
C1449,target_debris_v0,3.0,0.02,1.5,2.0,1.0,0,1.0,75.88,5.33,18.502,0.012,2.984,0.47,FAIL,BASE_REACTION_FAIL
C1450,target_debris_v0,3.0,0.02,1.5,2.0,1.0,1,1.0,75.88,5.33,2.775,0.012,2.984,0.47,FAIL,APPROACH_SPEED_FAIL
C1451,target_debris_v0,3.0,0.02,1.5,2.0,1.2,0,1.0,75.88,5.33,18.502,0.012,3.58,0.47,FAIL,BASE_REACTION_FAIL
C1452,target_debris_v0,3.0,0.02,1.5,2.0,1.2,1,1.0,75.88,5.33,2.775,0.012,3.58,0.47,FAIL,APPROACH_SPEED_FAIL
C1453,target_debris_v0,3.0,0.02,1.5,3.0,0.8,0,1.0,75.88,5.33,18.502,0.012,2.387,0.47,FAIL,POSE_UNCERTAINTY_FAIL
C1454,target_debris_v0,3.0,0.02,1.5,3.0,0.8,1,1.0,75.88,5.33,2.775,0.012,2.387,0.47,FAIL,POSE_UNCERTAINTY_FAIL
C1455,target_debris_v0,3.0,0.02,1.5,3.0,1.0,0,1.0,75.88,5.33,18.502,0.012,2.984,0.47,FAIL,POSE_UNCERTAINTY_FAIL
C1456,target_debris_v0,3.0,0.02,1.5,3.0,1.0,1,1.0,75.88,5.33,2.775,0.012,2.984,0.47,FAIL,POSE_UNCERTAINTY_FAIL
C1457,target_debris_v0,3.0,0.02,1.5,3.0,1.2,0,1.0,75.88,5.33,18.502,0.012,3.58,0.47,FAIL,POSE_UNCERTAINTY_FAIL
C1458,target_debris_v0,3.0,0.02,1.5,3.0,1.2,1,1.0,75.88,5.33,2.775,0.012,3.58,0.47,FAIL,POSE_UNCERTAINTY_FAIL
C1459,target_debris_v0,5.0,0.005,0.5,1.0,0.8,0,0.91,45.55,16.0,6.807,0.0086,3.978,0.47,FAIL,BASE_REACTION_FAIL
C1460,target_debris_v0,5.0,0.005,0.5,1.0,0.8,1,0.91,45.55,16.0,1.021,0.0086,3.978,0.47,FAIL,INERTIA_UNCERTAINTY_FAIL
C1461,target_debris_v0,5.0,0.005,0.5,1.0,1.0,0,0.91,45.55,16.0,6.807,0.0086,4.973,0.47,FAIL,BASE_REACTION_FAIL
C1462,target_debris_v0,5.0,0.005,0.5,1.0,1.0,1,0.91,45.55,16.0,1.021,0.0086,4.973,0.47,FAIL,INERTIA_UNCERTAINTY_FAIL
C1463,target_debris_v0,5.0,0.005,0.5,1.0,1.2,0,0.91,45.55,16.0,6.807,0.0086,5.967,0.47,FAIL,BASE_REACTION_FAIL
C1464,target_debris_v0,5.0,0.005,0.5,1.0,1.2,1,0.91,45.55,16.0,1.021,0.0086,5.967,0.47,FAIL,INERTIA_UNCERTAINTY_FAIL
C1465,target_debris_v0,5.0,0.005,0.5,2.0,0.8,0,0.91,45.55,16.0,6.807,0.0086,3.978,0.47,FAIL,BASE_REACTION_FAIL
C1466,target_debris_v0,5.0,0.005,0.5,2.0,0.8,1,0.91,45.55,16.0,1.021,0.0086,3.978,0.47,FAIL,INERTIA_UNCERTAINTY_FAIL
C1467,target_debris_v0,5.0,0.005,0.5,2.0,1.0,0,0.91,45.55,16.0,6.807,0.0086,4.973,0.47,FAIL,BASE_REACTION_FAIL
C1468,target_debris_v0,5.0,0.005,0.5,2.0,1.0,1,0.91,45.55,16.0,1.021,0.0086,4.973,0.47,FAIL,INERTIA_UNCERTAINTY_FAIL
C1469,target_debris_v0,5.0,0.005,0.5,2.0,1.2,0,0.91,45.55,16.0,6.807,0.0086,5.967,0.47,FAIL,BASE_REACTION_FAIL
C1470,target_debris_v0,5.0,0.005,0.5,2.0,1.2,1,0.91,45.55,16.0,1.021,0.0086,5.967,0.47,FAIL,INERTIA_UNCERTAINTY_FAIL
C1471,target_debris_v0,5.0,0.005,0.5,3.0,0.8,0,0.91,45.55,16.0,6.807,0.0086,3.978,0.47,FAIL,POSE_UNCERTAINTY_FAIL
C1472,target_debris_v0,5.0,0.005,0.5,3.0,0.8,1,0.91,45.55,16.0,1.021,0.0086,3.978,0.47,FAIL,POSE_UNCERTAINTY_FAIL
C1473,target_debris_v0,5.0,0.005,0.5,3.0,1.0,0,0.91,45.55,16.0,6.807,0.0086,4.973,0.47,FAIL,POSE_UNCERTAINTY_FAIL
C1474,target_debris_v0,5.0,0.005,0.5,3.0,1.0,1,0.91,45.55,16.0,1.021,0.0086,4.973,0.47,FAIL,POSE_UNCERTAINTY_FAIL
C1475,target_debris_v0,5.0,0.005,0.5,3.0,1.2,0,0.91,45.55,16.0,6.807,0.0086,5.967,0.47,FAIL,POSE_UNCERTAINTY_FAIL
C1476,target_debris_v0,5.0,0.005,0.5,3.0,1.2,1,0.91,45.55,16.0,1.021,0.0086,5.967,0.47,FAIL,POSE_UNCERTAINTY_FAIL
C1477,target_debris_v0,5.0,0.005,1.0,1.0,0.8,0,0.91,45.55,8.0,13.133,0.0086,3.978,0.47,FAIL,BASE_REACTION_FAIL
C1478,target_debris_v0,5.0,0.005,1.0,1.0,0.8,1,0.91,45.55,8.0,1.97,0.0086,3.978,0.47,FAIL,INERTIA_UNCERTAINTY_FAIL
C1479,target_debris_v0,5.0,0.005,1.0,1.0,1.0,0,0.91,45.55,8.0,13.133,0.0086,4.973,0.47,FAIL,BASE_REACTION_FAIL
C1480,target_debris_v0,5.0,0.005,1.0,1.0,1.0,1,0.91,45.55,8.0,1.97,0.0086,4.973,0.47,FAIL,INERTIA_UNCERTAINTY_FAIL
C1481,target_debris_v0,5.0,0.005,1.0,1.0,1.2,0,0.91,45.55,8.0,13.133,0.0086,5.967,0.47,FAIL,BASE_REACTION_FAIL
C1482,target_debris_v0,5.0,0.005,1.0,1.0,1.2,1,0.91,45.55,8.0,1.97,0.0086,5.967,0.47,FAIL,INERTIA_UNCERTAINTY_FAIL
C1483,target_debris_v0,5.0,0.005,1.0,2.0,0.8,0,0.91,45.55,8.0,13.133,0.0086,3.978,0.47,FAIL,BASE_REACTION_FAIL
C1484,target_debris_v0,5.0,0.005,1.0,2.0,0.8,1,0.91,45.55,8.0,1.97,0.0086,3.978,0.47,FAIL,INERTIA_UNCERTAINTY_FAIL
C1485,target_debris_v0,5.0,0.005,1.0,2.0,1.0,0,0.91,45.55,8.0,13.133,0.0086,4.973,0.47,FAIL,BASE_REACTION_FAIL
C1486,target_debris_v0,5.0,0.005,1.0,2.0,1.0,1,0.91,45.55,8.0,1.97,0.0086,4.973,0.47,FAIL,INERTIA_UNCERTAINTY_FAIL
C1487,target_debris_v0,5.0,0.005,1.0,2.0,1.2,0,0.91,45.55,8.0,13.133,0.0086,5.967,0.47,FAIL,BASE_REACTION_FAIL
C1488,target_debris_v0,5.0,0.005,1.0,2.0,1.2,1,0.91,45.55,8.0,1.97,0.0086,5.967,0.47,FAIL,INERTIA_UNCERTAINTY_FAIL
C1489,target_debris_v0,5.0,0.005,1.0,3.0,0.8,0,0.91,45.55,8.0,13.133,0.0086,3.978,0.47,FAIL,POSE_UNCERTAINTY_FAIL
C1490,target_debris_v0,5.0,0.005,1.0,3.0,0.8,1,0.91,45.55,8.0,1.97,0.0086,3.978,0.47,FAIL,POSE_UNCERTAINTY_FAIL
C1491,target_debris_v0,5.0,0.005,1.0,3.0,1.0,0,0.91,45.55,8.0,13.133,0.0086,4.973,0.47,FAIL,POSE_UNCERTAINTY_FAIL
C1492,target_debris_v0,5.0,0.005,1.0,3.0,1.0,1,0.91,45.55,8.0,1.97,0.0086,4.973,0.47,FAIL,POSE_UNCERTAINTY_FAIL
C1493,target_debris_v0,5.0,0.005,1.0,3.0,1.2,0,0.91,45.55,8.0,13.133,0.0086,5.967,0.47,FAIL,POSE_UNCERTAINTY_FAIL
C1494,target_debris_v0,5.0,0.005,1.0,3.0,1.2,1,0.91,45.55,8.0,1.97,0.0086,5.967,0.47,FAIL,POSE_UNCERTAINTY_FAIL
C1495,target_debris_v0,5.0,0.005,1.5,1.0,0.8,0,0.91,45.55,5.33,18.502,0.0086,3.978,0.47,FAIL,BASE_REACTION_FAIL
C1496,target_debris_v0,5.0,0.005,1.5,1.0,0.8,1,0.91,45.55,5.33,2.775,0.0086,3.978,0.47,FAIL,INERTIA_UNCERTAINTY_FAIL
C1497,target_debris_v0,5.0,0.005,1.5,1.0,1.0,0,0.91,45.55,5.33,18.502,0.0086,4.973,0.47,FAIL,BASE_REACTION_FAIL
C1498,target_debris_v0,5.0,0.005,1.5,1.0,1.0,1,0.91,45.55,5.33,2.775,0.0086,4.973,0.47,FAIL,INERTIA_UNCERTAINTY_FAIL
C1499,target_debris_v0,5.0,0.005,1.5,1.0,1.2,0,0.91,45.55,5.33,18.502,0.0086,5.967,0.47,FAIL,BASE_REACTION_FAIL
C1500,target_debris_v0,5.0,0.005,1.5,1.0,1.2,1,0.91,45.55,5.33,2.775,0.0086,5.967,0.47,FAIL,INERTIA_UNCERTAINTY_FAIL
C1501,target_debris_v0,5.0,0.005,1.5,2.0,0.8,0,0.91,45.55,5.33,18.502,0.0086,3.978,0.47,FAIL,BASE_REACTION_FAIL
C1502,target_debris_v0,5.0,0.005,1.5,2.0,0.8,1,0.91,45.55,5.33,2.775,0.0086,3.978,0.47,FAIL,INERTIA_UNCERTAINTY_FAIL
C1503,target_debris_v0,5.0,0.005,1.5,2.0,1.0,0,0.91,45.55,5.33,18.502,0.0086,4.973,0.47,FAIL,BASE_REACTION_FAIL
C1504,target_debris_v0,5.0,0.005,1.5,2.0,1.0,1,0.91,45.55,5.33,2.775,0.0086,4.973,0.47,FAIL,INERTIA_UNCERTAINTY_FAIL
C1505,target_debris_v0,5.0,0.005,1.5,2.0,1.2,0,0.91,45.55,5.33,18.502,0.0086,5.967,0.47,FAIL,BASE_REACTION_FAIL
C1506,target_debris_v0,5.0,0.005,1.5,2.0,1.2,1,0.91,45.55,5.33,2.775,0.0086,5.967,0.47,FAIL,INERTIA_UNCERTAINTY_FAIL
C1507,target_debris_v0,5.0,0.005,1.5,3.0,0.8,0,0.91,45.55,5.33,18.502,0.0086,3.978,0.47,FAIL,POSE_UNCERTAINTY_FAIL
C1508,target_debris_v0,5.0,0.005,1.5,3.0,0.8,1,0.91,45.55,5.33,2.775,0.0086,3.978,0.47,FAIL,POSE_UNCERTAINTY_FAIL
C1509,target_debris_v0,5.0,0.005,1.5,3.0,1.0,0,0.91,45.55,5.33,18.502,0.0086,4.973,0.47,FAIL,POSE_UNCERTAINTY_FAIL
C1510,target_debris_v0,5.0,0.005,1.5,3.0,1.0,1,0.91,45.55,5.33,2.775,0.0086,4.973,0.47,FAIL,POSE_UNCERTAINTY_FAIL
C1511,target_debris_v0,5.0,0.005,1.5,3.0,1.2,0,0.91,45.55,5.33,18.502,0.0086,5.967,0.47,FAIL,POSE_UNCERTAINTY_FAIL
C1512,target_debris_v0,5.0,0.005,1.5,3.0,1.2,1,0.91,45.55,5.33,2.775,0.0086,5.967,0.47,FAIL,POSE_UNCERTAINTY_FAIL
C1513,target_debris_v0,5.0,0.01,0.5,1.0,0.8,0,0.91,45.55,16.0,6.807,0.0086,3.978,0.47,FAIL,BASE_REACTION_FAIL
C1514,target_debris_v0,5.0,0.01,0.5,1.0,0.8,1,0.91,45.55,16.0,1.021,0.0086,3.978,0.47,FAIL,APPROACH_SPEED_FAIL
C1515,target_debris_v0,5.0,0.01,0.5,1.0,1.0,0,0.91,45.55,16.0,6.807,0.0086,4.973,0.47,FAIL,BASE_REACTION_FAIL
C1516,target_debris_v0,5.0,0.01,0.5,1.0,1.0,1,0.91,45.55,16.0,1.021,0.0086,4.973,0.47,FAIL,APPROACH_SPEED_FAIL
C1517,target_debris_v0,5.0,0.01,0.5,1.0,1.2,0,0.91,45.55,16.0,6.807,0.0086,5.967,0.47,FAIL,BASE_REACTION_FAIL
C1518,target_debris_v0,5.0,0.01,0.5,1.0,1.2,1,0.91,45.55,16.0,1.021,0.0086,5.967,0.47,FAIL,APPROACH_SPEED_FAIL
C1519,target_debris_v0,5.0,0.01,0.5,2.0,0.8,0,0.91,45.55,16.0,6.807,0.0086,3.978,0.47,FAIL,BASE_REACTION_FAIL
C1520,target_debris_v0,5.0,0.01,0.5,2.0,0.8,1,0.91,45.55,16.0,1.021,0.0086,3.978,0.47,FAIL,APPROACH_SPEED_FAIL
C1521,target_debris_v0,5.0,0.01,0.5,2.0,1.0,0,0.91,45.55,16.0,6.807,0.0086,4.973,0.47,FAIL,BASE_REACTION_FAIL
C1522,target_debris_v0,5.0,0.01,0.5,2.0,1.0,1,0.91,45.55,16.0,1.021,0.0086,4.973,0.47,FAIL,APPROACH_SPEED_FAIL
C1523,target_debris_v0,5.0,0.01,0.5,2.0,1.2,0,0.91,45.55,16.0,6.807,0.0086,5.967,0.47,FAIL,BASE_REACTION_FAIL
C1524,target_debris_v0,5.0,0.01,0.5,2.0,1.2,1,0.91,45.55,16.0,1.021,0.0086,5.967,0.47,FAIL,APPROACH_SPEED_FAIL
C1525,target_debris_v0,5.0,0.01,0.5,3.0,0.8,0,0.91,45.55,16.0,6.807,0.0086,3.978,0.47,FAIL,POSE_UNCERTAINTY_FAIL
C1526,target_debris_v0,5.0,0.01,0.5,3.0,0.8,1,0.91,45.55,16.0,1.021,0.0086,3.978,0.47,FAIL,POSE_UNCERTAINTY_FAIL
C1527,target_debris_v0,5.0,0.01,0.5,3.0,1.0,0,0.91,45.55,16.0,6.807,0.0086,4.973,0.47,FAIL,POSE_UNCERTAINTY_FAIL
C1528,target_debris_v0,5.0,0.01,0.5,3.0,1.0,1,0.91,45.55,16.0,1.021,0.0086,4.973,0.47,FAIL,POSE_UNCERTAINTY_FAIL
C1529,target_debris_v0,5.0,0.01,0.5,3.0,1.2,0,0.91,45.55,16.0,6.807,0.0086,5.967,0.47,FAIL,POSE_UNCERTAINTY_FAIL
C1530,target_debris_v0,5.0,0.01,0.5,3.0,1.2,1,0.91,45.55,16.0,1.021,0.0086,5.967,0.47,FAIL,POSE_UNCERTAINTY_FAIL
C1531,target_debris_v0,5.0,0.01,1.0,1.0,0.8,0,0.91,45.55,8.0,13.133,0.0086,3.978,0.47,FAIL,BASE_REACTION_FAIL
C1532,target_debris_v0,5.0,0.01,1.0,1.0,0.8,1,0.91,45.55,8.0,1.97,0.0086,3.978,0.47,FAIL,APPROACH_SPEED_FAIL
C1533,target_debris_v0,5.0,0.01,1.0,1.0,1.0,0,0.91,45.55,8.0,13.133,0.0086,4.973,0.47,FAIL,BASE_REACTION_FAIL
C1534,target_debris_v0,5.0,0.01,1.0,1.0,1.0,1,0.91,45.55,8.0,1.97,0.0086,4.973,0.47,FAIL,APPROACH_SPEED_FAIL
C1535,target_debris_v0,5.0,0.01,1.0,1.0,1.2,0,0.91,45.55,8.0,13.133,0.0086,5.967,0.47,FAIL,BASE_REACTION_FAIL
C1536,target_debris_v0,5.0,0.01,1.0,1.0,1.2,1,0.91,45.55,8.0,1.97,0.0086,5.967,0.47,FAIL,APPROACH_SPEED_FAIL
C1537,target_debris_v0,5.0,0.01,1.0,2.0,0.8,0,0.91,45.55,8.0,13.133,0.0086,3.978,0.47,FAIL,BASE_REACTION_FAIL
C1538,target_debris_v0,5.0,0.01,1.0,2.0,0.8,1,0.91,45.55,8.0,1.97,0.0086,3.978,0.47,FAIL,APPROACH_SPEED_FAIL
C1539,target_debris_v0,5.0,0.01,1.0,2.0,1.0,0,0.91,45.55,8.0,13.133,0.0086,4.973,0.47,FAIL,BASE_REACTION_FAIL
C1540,target_debris_v0,5.0,0.01,1.0,2.0,1.0,1,0.91,45.55,8.0,1.97,0.0086,4.973,0.47,FAIL,APPROACH_SPEED_FAIL
C1541,target_debris_v0,5.0,0.01,1.0,2.0,1.2,0,0.91,45.55,8.0,13.133,0.0086,5.967,0.47,FAIL,BASE_REACTION_FAIL
C1542,target_debris_v0,5.0,0.01,1.0,2.0,1.2,1,0.91,45.55,8.0,1.97,0.0086,5.967,0.47,FAIL,APPROACH_SPEED_FAIL
C1543,target_debris_v0,5.0,0.01,1.0,3.0,0.8,0,0.91,45.55,8.0,13.133,0.0086,3.978,0.47,FAIL,POSE_UNCERTAINTY_FAIL
C1544,target_debris_v0,5.0,0.01,1.0,3.0,0.8,1,0.91,45.55,8.0,1.97,0.0086,3.978,0.47,FAIL,POSE_UNCERTAINTY_FAIL
C1545,target_debris_v0,5.0,0.01,1.0,3.0,1.0,0,0.91,45.55,8.0,13.133,0.0086,4.973,0.47,FAIL,POSE_UNCERTAINTY_FAIL
C1546,target_debris_v0,5.0,0.01,1.0,3.0,1.0,1,0.91,45.55,8.0,1.97,0.0086,4.973,0.47,FAIL,POSE_UNCERTAINTY_FAIL
C1547,target_debris_v0,5.0,0.01,1.0,3.0,1.2,0,0.91,45.55,8.0,13.133,0.0086,5.967,0.47,FAIL,POSE_UNCERTAINTY_FAIL
C1548,target_debris_v0,5.0,0.01,1.0,3.0,1.2,1,0.91,45.55,8.0,1.97,0.0086,5.967,0.47,FAIL,POSE_UNCERTAINTY_FAIL
C1549,target_debris_v0,5.0,0.01,1.5,1.0,0.8,0,0.91,45.55,5.33,18.502,0.0086,3.978,0.47,FAIL,BASE_REACTION_FAIL
C1550,target_debris_v0,5.0,0.01,1.5,1.0,0.8,1,0.91,45.55,5.33,2.775,0.0086,3.978,0.47,FAIL,APPROACH_SPEED_FAIL
C1551,target_debris_v0,5.0,0.01,1.5,1.0,1.0,0,0.91,45.55,5.33,18.502,0.0086,4.973,0.47,FAIL,BASE_REACTION_FAIL
C1552,target_debris_v0,5.0,0.01,1.5,1.0,1.0,1,0.91,45.55,5.33,2.775,0.0086,4.973,0.47,FAIL,APPROACH_SPEED_FAIL
C1553,target_debris_v0,5.0,0.01,1.5,1.0,1.2,0,0.91,45.55,5.33,18.502,0.0086,5.967,0.47,FAIL,BASE_REACTION_FAIL
C1554,target_debris_v0,5.0,0.01,1.5,1.0,1.2,1,0.91,45.55,5.33,2.775,0.0086,5.967,0.47,FAIL,APPROACH_SPEED_FAIL
C1555,target_debris_v0,5.0,0.01,1.5,2.0,0.8,0,0.91,45.55,5.33,18.502,0.0086,3.978,0.47,FAIL,BASE_REACTION_FAIL
C1556,target_debris_v0,5.0,0.01,1.5,2.0,0.8,1,0.91,45.55,5.33,2.775,0.0086,3.978,0.47,FAIL,APPROACH_SPEED_FAIL
C1557,target_debris_v0,5.0,0.01,1.5,2.0,1.0,0,0.91,45.55,5.33,18.502,0.0086,4.973,0.47,FAIL,BASE_REACTION_FAIL
C1558,target_debris_v0,5.0,0.01,1.5,2.0,1.0,1,0.91,45.55,5.33,2.775,0.0086,4.973,0.47,FAIL,APPROACH_SPEED_FAIL
C1559,target_debris_v0,5.0,0.01,1.5,2.0,1.2,0,0.91,45.55,5.33,18.502,0.0086,5.967,0.47,FAIL,BASE_REACTION_FAIL
C1560,target_debris_v0,5.0,0.01,1.5,2.0,1.2,1,0.91,45.55,5.33,2.775,0.0086,5.967,0.47,FAIL,APPROACH_SPEED_FAIL
C1561,target_debris_v0,5.0,0.01,1.5,3.0,0.8,0,0.91,45.55,5.33,18.502,0.0086,3.978,0.47,FAIL,POSE_UNCERTAINTY_FAIL
C1562,target_debris_v0,5.0,0.01,1.5,3.0,0.8,1,0.91,45.55,5.33,2.775,0.0086,3.978,0.47,FAIL,POSE_UNCERTAINTY_FAIL
C1563,target_debris_v0,5.0,0.01,1.5,3.0,1.0,0,0.91,45.55,5.33,18.502,0.0086,4.973,0.47,FAIL,POSE_UNCERTAINTY_FAIL
C1564,target_debris_v0,5.0,0.01,1.5,3.0,1.0,1,0.91,45.55,5.33,2.775,0.0086,4.973,0.47,FAIL,POSE_UNCERTAINTY_FAIL
C1565,target_debris_v0,5.0,0.01,1.5,3.0,1.2,0,0.91,45.55,5.33,18.502,0.0086,5.967,0.47,FAIL,POSE_UNCERTAINTY_FAIL
C1566,target_debris_v0,5.0,0.01,1.5,3.0,1.2,1,0.91,45.55,5.33,2.775,0.0086,5.967,0.47,FAIL,POSE_UNCERTAINTY_FAIL
C1567,target_debris_v0,5.0,0.02,0.5,1.0,0.8,0,0.91,45.55,16.0,6.807,0.0086,3.978,0.47,FAIL,BASE_REACTION_FAIL
C1568,target_debris_v0,5.0,0.02,0.5,1.0,0.8,1,0.91,45.55,16.0,1.021,0.0086,3.978,0.47,FAIL,APPROACH_SPEED_FAIL
C1569,target_debris_v0,5.0,0.02,0.5,1.0,1.0,0,0.91,45.55,16.0,6.807,0.0086,4.973,0.47,FAIL,BASE_REACTION_FAIL
C1570,target_debris_v0,5.0,0.02,0.5,1.0,1.0,1,0.91,45.55,16.0,1.021,0.0086,4.973,0.47,FAIL,APPROACH_SPEED_FAIL
C1571,target_debris_v0,5.0,0.02,0.5,1.0,1.2,0,0.91,45.55,16.0,6.807,0.0086,5.967,0.47,FAIL,BASE_REACTION_FAIL
C1572,target_debris_v0,5.0,0.02,0.5,1.0,1.2,1,0.91,45.55,16.0,1.021,0.0086,5.967,0.47,FAIL,APPROACH_SPEED_FAIL
C1573,target_debris_v0,5.0,0.02,0.5,2.0,0.8,0,0.91,45.55,16.0,6.807,0.0086,3.978,0.47,FAIL,BASE_REACTION_FAIL
C1574,target_debris_v0,5.0,0.02,0.5,2.0,0.8,1,0.91,45.55,16.0,1.021,0.0086,3.978,0.47,FAIL,APPROACH_SPEED_FAIL
C1575,target_debris_v0,5.0,0.02,0.5,2.0,1.0,0,0.91,45.55,16.0,6.807,0.0086,4.973,0.47,FAIL,BASE_REACTION_FAIL
C1576,target_debris_v0,5.0,0.02,0.5,2.0,1.0,1,0.91,45.55,16.0,1.021,0.0086,4.973,0.47,FAIL,APPROACH_SPEED_FAIL
C1577,target_debris_v0,5.0,0.02,0.5,2.0,1.2,0,0.91,45.55,16.0,6.807,0.0086,5.967,0.47,FAIL,BASE_REACTION_FAIL
C1578,target_debris_v0,5.0,0.02,0.5,2.0,1.2,1,0.91,45.55,16.0,1.021,0.0086,5.967,0.47,FAIL,APPROACH_SPEED_FAIL
C1579,target_debris_v0,5.0,0.02,0.5,3.0,0.8,0,0.91,45.55,16.0,6.807,0.0086,3.978,0.47,FAIL,POSE_UNCERTAINTY_FAIL
C1580,target_debris_v0,5.0,0.02,0.5,3.0,0.8,1,0.91,45.55,16.0,1.021,0.0086,3.978,0.47,FAIL,POSE_UNCERTAINTY_FAIL
C1581,target_debris_v0,5.0,0.02,0.5,3.0,1.0,0,0.91,45.55,16.0,6.807,0.0086,4.973,0.47,FAIL,POSE_UNCERTAINTY_FAIL
C1582,target_debris_v0,5.0,0.02,0.5,3.0,1.0,1,0.91,45.55,16.0,1.021,0.0086,4.973,0.47,FAIL,POSE_UNCERTAINTY_FAIL
C1583,target_debris_v0,5.0,0.02,0.5,3.0,1.2,0,0.91,45.55,16.0,6.807,0.0086,5.967,0.47,FAIL,POSE_UNCERTAINTY_FAIL
C1584,target_debris_v0,5.0,0.02,0.5,3.0,1.2,1,0.91,45.55,16.0,1.021,0.0086,5.967,0.47,FAIL,POSE_UNCERTAINTY_FAIL
C1585,target_debris_v0,5.0,0.02,1.0,1.0,0.8,0,0.91,45.55,8.0,13.133,0.0086,3.978,0.47,FAIL,BASE_REACTION_FAIL
C1586,target_debris_v0,5.0,0.02,1.0,1.0,0.8,1,0.91,45.55,8.0,1.97,0.0086,3.978,0.47,FAIL,APPROACH_SPEED_FAIL
C1587,target_debris_v0,5.0,0.02,1.0,1.0,1.0,0,0.91,45.55,8.0,13.133,0.0086,4.973,0.47,FAIL,BASE_REACTION_FAIL
C1588,target_debris_v0,5.0,0.02,1.0,1.0,1.0,1,0.91,45.55,8.0,1.97,0.0086,4.973,0.47,FAIL,APPROACH_SPEED_FAIL
C1589,target_debris_v0,5.0,0.02,1.0,1.0,1.2,0,0.91,45.55,8.0,13.133,0.0086,5.967,0.47,FAIL,BASE_REACTION_FAIL
C1590,target_debris_v0,5.0,0.02,1.0,1.0,1.2,1,0.91,45.55,8.0,1.97,0.0086,5.967,0.47,FAIL,APPROACH_SPEED_FAIL
C1591,target_debris_v0,5.0,0.02,1.0,2.0,0.8,0,0.91,45.55,8.0,13.133,0.0086,3.978,0.47,FAIL,BASE_REACTION_FAIL
C1592,target_debris_v0,5.0,0.02,1.0,2.0,0.8,1,0.91,45.55,8.0,1.97,0.0086,3.978,0.47,FAIL,APPROACH_SPEED_FAIL
C1593,target_debris_v0,5.0,0.02,1.0,2.0,1.0,0,0.91,45.55,8.0,13.133,0.0086,4.973,0.47,FAIL,BASE_REACTION_FAIL
C1594,target_debris_v0,5.0,0.02,1.0,2.0,1.0,1,0.91,45.55,8.0,1.97,0.0086,4.973,0.47,FAIL,APPROACH_SPEED_FAIL
C1595,target_debris_v0,5.0,0.02,1.0,2.0,1.2,0,0.91,45.55,8.0,13.133,0.0086,5.967,0.47,FAIL,BASE_REACTION_FAIL
C1596,target_debris_v0,5.0,0.02,1.0,2.0,1.2,1,0.91,45.55,8.0,1.97,0.0086,5.967,0.47,FAIL,APPROACH_SPEED_FAIL
C1597,target_debris_v0,5.0,0.02,1.0,3.0,0.8,0,0.91,45.55,8.0,13.133,0.0086,3.978,0.47,FAIL,POSE_UNCERTAINTY_FAIL
C1598,target_debris_v0,5.0,0.02,1.0,3.0,0.8,1,0.91,45.55,8.0,1.97,0.0086,3.978,0.47,FAIL,POSE_UNCERTAINTY_FAIL
C1599,target_debris_v0,5.0,0.02,1.0,3.0,1.0,0,0.91,45.55,8.0,13.133,0.0086,4.973,0.47,FAIL,POSE_UNCERTAINTY_FAIL
C1600,target_debris_v0,5.0,0.02,1.0,3.0,1.0,1,0.91,45.55,8.0,1.97,0.0086,4.973,0.47,FAIL,POSE_UNCERTAINTY_FAIL
C1601,target_debris_v0,5.0,0.02,1.0,3.0,1.2,0,0.91,45.55,8.0,13.133,0.0086,5.967,0.47,FAIL,POSE_UNCERTAINTY_FAIL
C1602,target_debris_v0,5.0,0.02,1.0,3.0,1.2,1,0.91,45.55,8.0,1.97,0.0086,5.967,0.47,FAIL,POSE_UNCERTAINTY_FAIL
C1603,target_debris_v0,5.0,0.02,1.5,1.0,0.8,0,0.91,45.55,5.33,18.502,0.0086,3.978,0.47,FAIL,BASE_REACTION_FAIL
C1604,target_debris_v0,5.0,0.02,1.5,1.0,0.8,1,0.91,45.55,5.33,2.775,0.0086,3.978,0.47,FAIL,APPROACH_SPEED_FAIL
C1605,target_debris_v0,5.0,0.02,1.5,1.0,1.0,0,0.91,45.55,5.33,18.502,0.0086,4.973,0.47,FAIL,BASE_REACTION_FAIL
C1606,target_debris_v0,5.0,0.02,1.5,1.0,1.0,1,0.91,45.55,5.33,2.775,0.0086,4.973,0.47,FAIL,APPROACH_SPEED_FAIL
C1607,target_debris_v0,5.0,0.02,1.5,1.0,1.2,0,0.91,45.55,5.33,18.502,0.0086,5.967,0.47,FAIL,BASE_REACTION_FAIL
C1608,target_debris_v0,5.0,0.02,1.5,1.0,1.2,1,0.91,45.55,5.33,2.775,0.0086,5.967,0.47,FAIL,APPROACH_SPEED_FAIL
C1609,target_debris_v0,5.0,0.02,1.5,2.0,0.8,0,0.91,45.55,5.33,18.502,0.0086,3.978,0.47,FAIL,BASE_REACTION_FAIL
C1610,target_debris_v0,5.0,0.02,1.5,2.0,0.8,1,0.91,45.55,5.33,2.775,0.0086,3.978,0.47,FAIL,APPROACH_SPEED_FAIL
C1611,target_debris_v0,5.0,0.02,1.5,2.0,1.0,0,0.91,45.55,5.33,18.502,0.0086,4.973,0.47,FAIL,BASE_REACTION_FAIL
C1612,target_debris_v0,5.0,0.02,1.5,2.0,1.0,1,0.91,45.55,5.33,2.775,0.0086,4.973,0.47,FAIL,APPROACH_SPEED_FAIL
C1613,target_debris_v0,5.0,0.02,1.5,2.0,1.2,0,0.91,45.55,5.33,18.502,0.0086,5.967,0.47,FAIL,BASE_REACTION_FAIL
C1614,target_debris_v0,5.0,0.02,1.5,2.0,1.2,1,0.91,45.55,5.33,2.775,0.0086,5.967,0.47,FAIL,APPROACH_SPEED_FAIL
C1615,target_debris_v0,5.0,0.02,1.5,3.0,0.8,0,0.91,45.55,5.33,18.502,0.0086,3.978,0.47,FAIL,POSE_UNCERTAINTY_FAIL
C1616,target_debris_v0,5.0,0.02,1.5,3.0,0.8,1,0.91,45.55,5.33,2.775,0.0086,3.978,0.47,FAIL,POSE_UNCERTAINTY_FAIL
C1617,target_debris_v0,5.0,0.02,1.5,3.0,1.0,0,0.91,45.55,5.33,18.502,0.0086,4.973,0.47,FAIL,POSE_UNCERTAINTY_FAIL
C1618,target_debris_v0,5.0,0.02,1.5,3.0,1.0,1,0.91,45.55,5.33,2.775,0.0086,4.973,0.47,FAIL,POSE_UNCERTAINTY_FAIL
C1619,target_debris_v0,5.0,0.02,1.5,3.0,1.2,0,0.91,45.55,5.33,18.502,0.0086,5.967,0.47,FAIL,POSE_UNCERTAINTY_FAIL
C1620,target_debris_v0,5.0,0.02,1.5,3.0,1.2,1,0.91,45.55,5.33,2.775,0.0086,5.967,0.47,FAIL,POSE_UNCERTAINTY_FAIL
