sample_index,t_s,joint1_q_rad,joint2_q_rad,joint3_q_rad,joint4_q_rad,joint5_q_rad,joint6_q_rad,joint1_dq_rad_s,joint2_dq_rad_s,joint3_dq_rad_s,joint4_dq_rad_s,joint5_dq_rad_s,joint6_dq_rad_s,joint1_ddq_rad_s2,joint2_ddq_rad_s2,joint3_ddq_rad_s2,joint4_ddq_rad_s2,joint5_ddq_rad_s2,joint6_ddq_rad_s2,segment_id,candidate_state,authority_class,released_for_mission_gate
0,0,2.540711,-2.932153,-0.994838,-0.718081,-0.365716,-0.05236,-0,0,-0,-0,-0,0,-0,0,-0,-0,-0,0,M01,HELD_STOW_QSPACE_ONLY,NON_RELEASE_DIAGNOSTIC_CANDIDATE,false
1,0.01,2.540710973001423,-2.932152994498788,-0.9948380072203389,-0.7180810021611761,-0.3657160010367528,-0.0523599996561734,-8.09604930438095e-06,1.649645755957506e-06,-2.16515931627435e-06,-6.480707582183239e-07,-3.108905207563985e-07,1.031031058873028e-07,-0.001617800626880649,0.0003296420065864607,-0.000432654986089287,-0.0001295013455934962,-6.212398917812804e-05,2.060267459680132e-05,M01,HELD_STOW_QSPACE_ONLY,NON_RELEASE_DIAGNOSTIC_CANDIDATE,false
2,0.02,2.540710784293184,-2.932152956047719,-0.994838057687349,-0.7180810172668513,-0.3657160082832011,-0.05235999725297588,-3.23278523874497e-05,6.587102237793852e-06,-8.645568738563993e-06,-2.58777275441834e-06,-1.241398426048581e-06,4.11694872708928e-07,-0.003227153208712313,0.0006575626449923131,-0.0008630506772120503,-0.0002583264439515173,-0.0001239235711020622,4.109776342547313e-05,M01,HELD_STOW_QSPACE_ONLY,NON_RELEASE_DIAGNOSTIC_CANDIDATE,false
3,0.03,2.540710272939902,-2.932152851854706,-0.9948381944406322,-0.7180810581995454,-0.3657160279193078,-0.05235999074089701,-7.261100238795897e-05,1.47951707581993e-05,-1.941865499747343e-05,-5.812349406900658e-06,-2.78828246918177e-06,9.247003799418393e-07,-0.004828072463343509,0.0009837649141168268,-0.001291191009422239,-0.0003864764732051354,-0.0001853993109412349,6.148545391766722e-05,M01,HELD_STOW_QSPACE_ONLY,NON_RELEASE_DIAGNOSTIC_CANDIDATE,false
4,0.04,2.540709278849529,-2.932152649299496,-0.9948384602942543,-0.718081137774271,-0.3657160660926516,-0.05235997808116618,-0.0001288612396231467,2.625668261885683e-05,-3.446188418414668e-05,-1.031505591527661e-05,-4.948307055155515e-06,1.641046581379519e-06,-0.006420573108622756,0.001308251812859271,-0.001717079918773801,-0.0005139526114854229,-0.0002465517738650784,8.176593350503538e-05,M01,HELD_STOW_QSPACE_ONLY,NON_RELEASE_DIAGNOSTIC_CANDIDATE,false
5,0.05,2.540707642771877,-2.932152315933375,-0.9948388978371393,-0.7180812687386517,-0.3657161289184836,-0.05235995724573386,-0.000200994451588736,4.095449911044206e-05,-5.375276175026719e-05,-1.608915926046826e-05,-7.718242240663683e-06,2.559662305131967e-06,-0.008004669862398568,0.001631026340118915,-0.002140721341320684,-0.0006407560369234518,-0.0003073815250430252,0.0001019393896192294,M01,HELD_STOW_QSPACE_ONLY,NON_RELEASE_DIAGNOSTIC_CANDIDATE,false
6,0.06,2.540705206297149,-2.932151819478864,-0.9948395494334622,-0.7180814637730402,-0.3657162224797835,-0.05235992621725287,-0.000288926672958935,5.887151151262335e-05,-7.726883250805793e-05,-2.312793820470836e-05,-1.109486373409447e-05,3.679478253625699e-06,-0.009580377442519468,0.001952091494795029,-0.00256211921311684,-0.000766887927650295,-0.0003678891296445079,0.0001220060096919011,M01,HELD_STOW_QSPACE_ONLY,NON_RELEASE_DIAGNOSTIC_CANDIDATE,false
7,0.07000000000000001,2.540701811854463,-2.932151127829424,-0.994840457223043,-0.718081735490635,-0.3657163528273165,-0.05235988298905965,-0.0003925740855864374,7.999064109406179e-05,-0.0001049876806302814,-3.142468329154044e-05,-1.50749528955304e-05,4.999427003603756e-06,-0.01114771056683397,0.002271450275786882,-0.002981277470216215,-0.0008923494617970241,-0.0004280751528389586,0.0001419659811547023,M01,HELD_STOW_QSPACE_ONLY,NON_RELEASE_DIAGNOSTIC_CANDIDATE,false
8,0.08,2.540697302710386,-2.932150209049151,-0.9948416631217402,-0.7180820964375996,-0.3657165259796897,-0.0523598255651555,-0.0005118530185024214,0.000104294839112411,-0.0001368869296502395,-4.097269684581871e-05,-1.965529673674831e-05,6.518443006125683e-06,-0.01270668395319059,0.002589105681993741,-0.003398200048672757,-0.001017141817494711,-0.0004879401597958097,0.0001618194914392847,M01,HELD_STOW_QSPACE_ONLY,NON_RELEASE_DIAGNOSTIC_CANDIDATE,false
9,0.09,2.540691522967454,-2.93214903137248,-0.9948432088218443,-0.7180825590931792,-0.3657167479234085,-0.05235975196018781,-0.000646679947916551,0.0001317670868143175,-0.0001729442424617735,-5.176529297370808e-05,-2.483268792121936e-05,8.235462586567555e-06,-0.01425731231943784,0.002905060712314878,-0.003812890884540416,-0.001141266172874429,-0.0005474847156844936,0.0001815667279773001,M01,HELD_STOW_QSPACE_ONLY,NON_RELEASE_DIAGNOSTIC_CANDIDATE,false
10,0.1,2.540684317562711,-2.932147563203881,-0.9948451357924718,-0.7180831358698193,-0.365717024612933,-0.05235966019943138,-0.0007969714972169754,0.0001623903954354204,-0.0002131373213192647,-6.379579756268429e-05,-3.060392476410907e-05,1.014942394462197e-05,-0.01579961038342425,0.003219318365649562,-0.004225353913873141,-0.00126472370606725,-0.000606709385674443,0.0002012078782004004,M01,HELD_STOW_QSPACE_ONLY,NON_RELEASE_DIAGNOSTIC_CANDIDATE,false
11,0.11,2.540675532266225,-2.932145773117567,-0.9948474852799585,-0.718083839113283,-0.3657173619707352,-0.05235954831876962,-0.0009626444369703283,0.0001961478062003515,-0.0002574439078376331,-7.705754828153368e-05,-3.696581123227722e-05,1.225926715429802e-05,-0.01733359286299833,0.003531881640897062,-0.00463559307272488,-0.001387515595204246,-0.0006656147349350898,0.0002207431295402373,M01,HELD_STOW_QSPACE_ONLY,NON_RELEASE_DIAGNOSTIC_CANDIDATE,false
12,0.12,2.540665013679627,-2.932143629857183,-0.994850298308253,-0.7180846811027689,-0.3657177658873546,-0.05235941436467584,-0.001143615684921729,0.0002330223903227352,-0.0003058417829923388,-9.154389458035336e-05,-4.391515694427796e-05,1.456393416392134e-05,-0.0188592744760086,0.003842753536956647,-0.005043612297149582,-0.001509643018416489,-0.0007242013286358668,0.0002401726694284627,M01,HELD_STOW_QSPACE_ONLY,NON_RELEASE_DIAGNOSTIC_CANDIDATE,false
13,0.13,2.540652609234633,-2.932141102335515,-0.9948536156793105,-0.7180856740510293,-0.3657182422214552,-0.05235925639419448,-0.001339802305994783,0.0002729972490051889,-0.0003583087671193812,-0.0001072481976905512,-5.144877717035978e-05,1.706236879613408e-05,-0.02037666994030358,0.004151937052727588,-0.005449415523201197,-0.001631107153835053,-0.0007824697319462064,0.0002594966852967283,M01,HELD_STOW_QSPACE_ONLY,NON_RELEASE_DIAGNOSTIC_CANDIDATE,false
14,0.14,2.540638167191573,-2.932138159634187,-0.9948574779734866,-0.7180868301044875,-0.3657187967998821,-0.05235907247492239,-0.001551121512291579,0.0003160555134393225,-0.0004148227199152991,-0.0001241638306248458,-5.956349283246543e-05,1.975351674789489e-05,-0.02188579397373178,0.004459435187109152,-0.00585300668693367,-0.001751909179591007,-0.0008404205100355406,0.0002787153645766859,M01,HELD_STOW_QSPACE_ONLY,NON_RELEASE_DIAGNOSTIC_CANDIDATE,false
15,0.15,2.540621536637921,-2.93213477100336,-0.9948619255499302,-0.7180881613433558,-0.3657194354177179,-0.05235886068499009,-0.001777490663092691,0.0003621803448057382,-0.0004753615404371705,-0.0001422841781772662,-6.825613050423199e-05,2.263632559047894e-05,-0.02338666129414171,0.004765250939000609,-0.006254389724400951,-0.001872050273815426,-0.000898054228073302,0.0002978288946999871,M01,HELD_STOW_QSPACE_ONLY,NON_RELEASE_DIAGNOSTIC_CANDIDATE,false
16,0.16,2.540602567486824,-2.932130905861434,-0.9948669985469781,-0.7180896797817536,-0.365720163838339,-0.052358619113043,-0.00201882726485718,0.0004113549342740318,-0.0005399031671026139,-0.0001616026369231527,-7.752352241099098e-05,2.570974476947795e-05,-0.02487928661938192,0.00506938730730123,-0.006653568571656992,-0.001991531614639382,-0.0009553714512289234,0.0003168374630982842,M01,HELD_STOW_QSPACE_ONLY,NON_RELEASE_DIAGNOSTIC_CANDIDATE,false
17,0.17,2.540581110475626,-2.932126533794747,-0.9948727368825476,-0.7180913973678249,-0.3657209877934725,-0.05235834585822272,-0.002275048971222592,0.000463562503002791,-0.0006084255776897862,-0.0001821126152191559,-8.736250642976812e-05,2.897272560480012e-05,-0.02636368466730089,0.005371847290910283,-0.007050547164755738,-0.002110354380193946,-0.001012372744671837,0.0003357412572032286,M01,HELD_STOW_QSPACE_ONLY,NON_RELEASE_DIAGNOSTIC_CANDIDATE,false
18,0.18,2.540557017164398,-2.932121624557276,-0.994879180254531,-0.7180933259838558,-0.3657219129832525,-0.05235803903014828,-0.002546073583004955,0.0005187863021395962,-0.0006809067893373839,-0.0002038075332032372,-9.776992608928343e-05,3.242422129067017e-05,-0.02783987015574716,0.005672633888727036,-0.007445329439751137,-0.002228519748610191,-0.001069058673571474,0.0003545404644464721,M01,HELD_STOW_QSPACE_ONLY,NON_RELEASE_DIAGNOSTIC_CANDIDATE,false
19,0.19,2.54053013993447,-2.932116148070336,-0.9948863681411886,-0.718095477446393,-0.3657229450762764,-0.05235769674889738,-0.002831819048198788,0.0005770096128210216,-0.0007573248585446442,-0.0002266808227946689,-0.0001087426305699514,3.606318689562939e-05,-0.02930785780256924,0.005971750099650761,-0.007837919332697141,-0.002346028898019189,-0.001125429803097268,0.0003732352722596667,M01,HELD_STOW_QSPACE_ONLY,NON_RELEASE_DIAGNOSTIC_CANDIDATE,false
20,0.2,2.540500331986955,-2.932110074422281,-0.9948943398015423,-0.7180978635063613,-0.3657240897096621,-0.0523573171449877,-0.003132203461977089,0.0006382157461726326,-0.0008376578811713422,-0.0002507259276940338,-0.0001202774747038808,3.988857936253553e-05,-0.03076766232561564,0.006269198922580726,-0.008228320779647696,-0.002462883006552013,-0.001181486698418652,0.000391825868074464,M01,HELD_STOW_QSPACE_ONLY,NON_RELEASE_DIAGNOSTIC_CANDIDATE,false
21,0.21,2.540467447341277,-2.932103373868203,-0.9949031342757697,-0.7181004958491816,-0.3657253524891037,-0.05235689835935808,-0.003447145066691342,0.0007023880433089876,-0.0009218839924377927,-0.0002759363033832254,-0.0001323713189748745,4.389935750856284e-05,-0.03221929844273489,0.0065649833564162,-0.008616537716656752,-0.002579083252339734,-0.001237229924705057,0.0004103124393225158,M01,HELD_STOW_QSPACE_ONLY,NON_RELEASE_DIAGNOSTIC_CANDIDATE,false
22,0.22,2.540431340833702,-2.932096016829635,-0.9949127903855974,-0.7181033860948879,-0.3657267389889285,-0.05235643854334984,-0.003776562251871523,0.000769509875333639,-0.001009981366924852,-0.0003023054171254483,-0.0001450210295184301,4.809448202520219e-05,-0.03366278087177552,0.006859106400056456,-0.00900257407977826,-0.002694630813513427,-0.001292660047125917,0.0004286951734354742,M01,HELD_STOW_QSPACE_ONLY,NON_RELEASE_DIAGNOSTIC_CANDIDATE,false
23,0.23,2.540391868115865,-2.932087973894246,-0.9949233467346944,-0.7181065457982464,-0.3657282547521536,-0.05235593585868799,-0.004120373554226086,0.0008395646433391303,-0.001101928218573913,-0.0003298267479652175,-0.0001582234781217392,5.247291547826086e-05,-0.035098124330586,0.007151571052400755,-0.009386433805066161,-0.002809526868204159,-0.001347777630850662,0.0004469742578449905,M01,HELD_STOW_QSPACE_ONLY,NON_RELEASE_DIAGNOSTIC_CANDIDATE,false
24,0.24,2.540348885653298,-2.932079215815548,-0.9949348417090661,-0.7181099864488723,-0.3657299052905419,-0.05235538847746256,-0.004478497657641971,0.0009125357784069984,-0.001197702800686909,-0.0003584937867283585,-0.0001719755422236877,5.703362230786269e-05,-0.03652534353701489,0.007442380312348374,-0.009768120828574409,-0.002923772594543007,-0.001402583241048726,0.0004651498799827168,M01,HELD_STOW_QSPACE_ONLY,NON_RELEASE_DIAGNOSTIC_CANDIDATE,false
25,0.25,2.540302250723955,-2.932069713512588,-0.9949473134774475,-0.7181137194713481,-0.3657316960846594,-0.05235479458210975,-0.004850853393184606,0.0009884067416077731,-0.001297283405926315,-0.0003883000360220082,-0.0001862741049148562,6.177556882844806e-05,-0.03794445320891071,0.007731537178798582,-0.01014763908635696,-0.003037369170661042,-0.001457077442889542,0.000483222227280305,M01,HELD_STOW_QSPACE_ONLY,NON_RELEASE_DIAGNOSTIC_CANDIDATE,false
26,0.26,2.540251821416749,-2.932059438069655,-0.9949607999916974,-0.7181177562253411,-0.3657336325839308,-0.05235415236539327,-0.005237359739097905,0.001067161024000977,-0.001400648366315143,-0.0004192390102346137,-0.0002011160549375192,6.669772322877385e-05,-0.03935546806412195,0.008019044650650646,-0.01052499251446775,-0.003150317774689336,-0.001511260801542541,0.0005011914871694066,M01,HELD_STOW_QSPACE_ONLY,NON_RELEASE_DIAGNOSTIC_CANDIDATE,false
27,0.27,2.54019745663007,-2.932048360735977,-0.9949753389871913,-0.7181221080057217,-0.3657357202066966,-0.05235346003038557,-0.005637935820804262,0.001148782146635124,-0.001507776053236945,-0.0004513042355359329,-0.0002164982866856458,7.179905557191345e-05,-0.04075840282049713,0.008304905726803832,-0.01090018504896073,-0.003262619584758961,-0.001565133882177156,0.0005190578470816734,M01,HELD_STOW_QSPACE_ONLY,NON_RELEASE_DIAGNOSTIC_CANDIDATE,false
28,0.28,2.540139016070321,-2.932036452925421,-0.9949909679832153,-0.7181267860426807,-0.3657379643402697,-0.0523527157904491,-0.006052500910904557,0.001233253660547721,-0.001618644877435812,-0.0004844892498770344,-0.0002324177002048992,7.707853779525673e-05,-0.04215327219588481,0.008589123406157417,-0.01127322062588985,-0.00337427577900099,-0.00161869724996282,0.0005368214944487577,M01,HELD_STOW_QSPACE_ONLY,NON_RELEASE_DIAGNOSTIC_CANDIDATE,false
29,0.29,2.540076360250441,-2.932023686216195,-0.9950077242833602,-0.7181318015018472,-0.3657403703409917,-0.05235191786921756,-0.006480974429178158,0.00132055914676527,-0.001733233289016375,-0.0005187876029902974,-0.0002488712011926371,8.253514371051012e-05,-0.04354009090813343,0.008871700687610663,-0.01164410318130906,-0.003485287535546494,-0.001671951470068964,0.0005544826167023106,M01,HELD_STOW_QSPACE_ONLY,NON_RELEASE_DIAGNOSTIC_CANDIDATE,false
30,0.3,2.540009350488437,-2.932010032350545,-0.9950256449759141,-0.7181371654844068,-0.365742943534289,-0.05235106450057717,-0.006923275942582921,0.001410682216303264,-0.001851519777443806,-0.0005541928563894125,-0.0002658557009979114,8.816784900369665e-05,-0.04491887367509157,0.009152640570062842,-0.01201283665127231,-0.003595656032526545,-0.001724897107665021,0.0005720414012739842,M01,HELD_STOW_QSPACE_ONLY,NON_RELEASE_DIAGNOSTIC_CANDIDATE,false
31,0.31,2.539937848905908,-2.931995463234458,-0.9950447669342569,-0.718142889027219,-0.3657456892147304,-0.05235015392864791,-0.007379325165255184,0.001503606510166188,-0.001973482871543814,-0.0005906985833693804,-0.0002833681166214687,9.397563123515573e-05,-0.04628963521460774,0.00943194605241323,-0.01237942497183355,-0.003705382448072219,-0.001777534727920424,0.0005894980355954305,M01,HELD_STOW_QSPACE_ONLY,NON_RELEASE_DIAGNOSTIC_CANDIDATE,false
32,0.32,2.53986171842658,-2.931979950937361,-0.9950651268172535,-0.7181489831029351,-0.3657486126460824,-0.05234918440776477,-0.007849041958509766,0.00159931569934752,-0.00209910113950265,-0.0006282983690065126,-0.0003014053707157493,9.995746983954336e-05,-0.04765239024453045,0.009709620133561086,-0.01274387207904673,-0.003814467960314584,-0.001829864896004605,0.000606852707098301,M01,HELD_STOW_QSPACE_ONLY,NON_RELEASE_DIAGNOSTIC_CANDIDATE,false
33,0.33,2.539780822774825,-2.93196346769182,-0.9950867610696473,-0.7181554586201162,-0.3657517190613666,-0.05234815420245905,-0.008332346330839978,0.001697793484829733,-0.002228353188867103,-0.0006669858101584315,-0.0003199643915848882,0.000106112346125832,-0.0490071534827082,0.009985665812405684,-0.01310618190896578,-0.003922913747384713,-0.001881888177086995,0.0006241056032142476,M01,HELD_STOW_QSPACE_ONLY,NON_RELEASE_DIAGNOSTIC_CANDIDATE,false
34,0.34,2.539695026474197,-2.931945985893243,-0.9951097059224542,-0.7181623264233508,-0.3657550136629159,-0.05234706158743958,-0.008829158437917612,0.001799023597584288,-0.002361217666544499,-0.0007067545154640699,-0.0003390421131847147,0.0001124392432773108,-0.05035393964698952,0.01026008608784629,-0.01346635839764467,-0.00403072098741368,-0.001933605136337029,0.000641256911374922,M01,HELD_STOW_QSPACE_ONLY,NON_RELEASE_DIAGNOSTIC_CANDIDATE,false
35,0.35,2.539604194845957,-2.931927478099578,-0.9951339973933557,-0.7181695972933727,-0.3657585016224308,-0.05234590484757397,-0.009339398582592941,0.001902989798571643,-0.002497673258802708,-0.0007475981053436714,-0.0003586354751227523,0.0001189371463515851,-0.05169276345522295,0.01053288395878219,-0.01382440548113735,-0.004137890858532557,-0.001985016338924138,0.0006583068190119763,M01,HELD_STOW_QSPACE_ONLY,NON_RELEASE_DIAGNOSTIC_CANDIDATE,false
36,0.36,2.539508194007603,-2.931907917031011,-0.9951596712870932,-0.7181772819471789,-0.3657621880810364,-0.0523446822778699,-0.009862987214894732,0.002009675878741246,-0.002637698691270137,-0.0007895102119987905,-0.000378741422658219,0.000125605042280577,-0.05302363962525695,0.01080406242411262,-0.01418032709549775,-0.004244424538872413,-0.002036122350017754,0.0006752555135570617,M01,HELD_STOW_QSPACE_ONLY,NON_RELEASE_DIAGNOSTIC_CANDIDATE,false
37,0.37,2.539406890871393,-2.931887275569672,-0.9951867631958607,-0.7181853910381473,-0.3657660781493384,-0.05234339218345636,-0.01039984493203024,0.002119065659031541,-0.002781272728935736,-0.0008324844794122932,-0.0003993569067020272,0.0001324419198705252,-0.05434658287494011,0.01107362448273688,-0.01453412717677983,-0.004350323206564326,-0.002086923734787311,0.0006921031824418308,M01,HELD_STOW_QSPACE_ONLY,NON_RELEASE_DIAGNOSTIC_CANDIDATE,false
38,0.38,2.539300153142881,-2.93186552675933,-0.9952153084996994,-0.7181939351561543,-0.36577017690748,-0.0523420328795649,-0.01094989247838519,0.00223114299036996,-0.002928374176148986,-0.0008765145633483542,-0.0004204788838167831,0.0001394467698019847,-0.05566160792212089,0.01134157313355423,-0.01488580966103754,-0.004455588039739363,-0.002137421058402239,0.0007088500130979346,M01,HELD_STOW_QSPACE_ONLY,NON_RELEASE_DIAGNOSTIC_CANDIDATE,false
39,0.39,2.539187849319439,-2.931842643805095,-0.9952453423668902,-0.7182029248276931,-0.3657744894051984,-0.05234060269151088,-0.01151305074552381,0.002345891753672933,-0.003078981876619918,-0.0009215941313524609,-0.0004421043162167879,0.0001466185846298272,-0.05696872948464785,0.01160791137546394,-0.01523537848432483,-0.004560220216528599,-0.002187614886031973,0.0007254961929570255,M01,HELD_STOW_QSPACE_ONLY,NON_RELEASE_DIAGNOSTIC_CANDIDATE,false
40,0.4,2.539069848688788,-2.931818600073117,-0.9952768997543485,-0.7182123705159913,-0.3657790206618809,-0.05233909995467476,-0.0120892407721888,0.002463295859845878,-0.003233074713419095,-0.0009677168627514107,-0.0004642301717680368,0.0001539563587832407,-0.05826796228036945,0.01187264220736527,-0.01558283758269564,-0.004664220915063104,-0.002237505782845943,0.0007420419094507548,M01,HELD_STOW_QSPACE_ONLY,NON_RELEASE_DIAGNOSTIC_CANDIDATE,false
41,0.41,2.538946021327527,-2.931793369090289,-0.9953100154080168,-0.7182222826211285,-0.365783775666622,-0.05233752301448332,-0.01267838374430135,0.002583339249783209,-0.003390631608977623,-0.001014876448653311,-0.0004868534239882192,0.00016145908856573,-0.05955932102713427,0.0121357686281575,-0.01592819089220392,-0.004767591313473954,-0.002287094314013582,0.0007584873500107747,M01,HELD_STOW_QSPACE_ONLY,NON_RELEASE_DIAGNOSTIC_CANDIDATE,false
42,0.42,2.538816238099657,-2.931766924543943,-0.9953447238632588,-0.7182326714801543,-0.3657887593782795,-0.05233587022639096,-0.01328040099496112,0.002706005894368328,-0.003551631525087144,-0.001063066591947581,-0.0005099710520467186,0.000169125772155116,-0.06084282044279078,0.01239729363673989,-0.01627144234890363,-0.004870332589892217,-0.002336381044704324,0.0007748327020687367,M01,HELD_STOW_QSPACE_ONLY,NON_RELEASE_DIAGNOSTIC_CANDIDATE,false
43,0.43,2.538680370655114,-2.931739240281553,-0.9953810594452531,-0.7182435473672064,-0.3657939767255312,-0.0523341399558609,-0.0138952140044463,0.002831279794473638,-0.003716053462899846,-0.00111228100730495,-0.0005335800407646141,0.0001769554096035367,-0.06211847524518754,0.01265722023201172,-0.01661259588884871,-0.004972445922448969,-0.0023853665400876,0.0007910781530562929,M01,HELD_STOW_QSPACE_ONLY,NON_RELEASE_DIAGNOSTIC_CANDIDATE,false
44,0.44,2.538538291428297,-2.931710290310436,-0.9954190562693865,-0.7182549204936276,-0.3657994326069313,-0.05233233057834648,-0.0145227444002135,0.002959144980960525,-0.003883876462928449,-0.001162513421177459,-0.0005576773806146772,0.000184947002837446,-0.06338630015217304,0.01291555141287226,-0.0169516554480931,-0.005073932489275281,-0.002434051365332843,0.0008072238904050948,M01,HELD_STOW_QSPACE_ONLY,NON_RELEASE_DIAGNOSTIC_CANDIDATE,false
45,0.45,2.53838987363659,-2.931680048797447,-0.9954587482416476,-0.7182668010080845,-0.365805131890967,-0.05233044047927241,-0.01516291395689789,0.003089585514679377,-0.004055079605046221,-0.001213757571798458,-0.0005822600677213757,0.000193099555657615,-0.06464630988159581,0.01317229017822077,-0.01728862496269077,-0.005174793468502224,-0.002482436085609485,0.0008232701015467946,M01,HELD_STOW_QSPACE_ONLY,NON_RELEASE_DIAGNOSTIC_CANDIDATE,false
46,0.46,2.538234991278899,-2.931648490068685,-0.9955001690590208,-0.7182791989966848,-0.3658110794161152,-0.052328468054016,-0.01581564459631304,0.003222585486469565,-0.004229642008486956,-0.001266007209182609,-0.0006073251038608698,0.0002014120737391304,-0.06589851915130435,0.01342743952695652,-0.01762350836869565,-0.005275030038260872,-0.002530521266086958,0.0008392169739130436,M01,HELD_STOW_QSPACE_ONLY,NON_RELEASE_DIAGNOSTIC_CANDIDATE,false
47,0.47,2.538073519134175,-2.931615588609191,-0.9955433522098794,-0.7182921244830953,-0.3658172799908985,-0.05232641170788846,-0.01648085838745109,0.003358129017159463,-0.004407542831845005,-0.001319256095125885,-0.0006328694964610158,0.0002098835646313965,-0.06714294267914719,0.01368100245797879,-0.0179563096021617,-0.005374643376682296,-0.002578307471934695,0.0008550646949354937,M01,HELD_STOW_QSPACE_ONLY,NON_RELEASE_DIAGNOSTIC_CANDIDATE,false
48,0.48,2.53790533275994,-2.931581319062646,-0.9955883309743796,-0.7183055874286598,-0.3658237383939422,-0.05232426985611613,-0.01715847754648259,0.003496200257566427,-0.00458876127307524,-0.001373498003205568,-0.0006588902586013625,0.0002185130377581331,-0.06837959518297285,0.01393298197018684,-0.01828703259914286,-0.005473634661897568,-0.002625795268322128,0.0008708134520457969,M01,HELD_STOW_QSPACE_ONLY,NON_RELEASE_DIAGNOSTIC_CANDIDATE,false
49,0.49,2.537730308490823,-2.931545656231074,-0.9956351384248538,-0.7183195977325164,-0.3658304593740308,-0.05232204092382173,-0.01784842443675664,0.003636783388496815,-0.00477327656949309,-0.001428726718780252,-0.0006853844090131552,0.0002272995044173774,-0.06960849138062983,0.01418338106247994,-0.01861568129569309,-0.005572005072037761,-0.002672985220418689,0.0008864634326756049,M01,HELD_STOW_QSPACE_ONLY,NON_RELEASE_DIAGNOSTIC_CANDIDATE,false
50,0.5,2.537548323437082,-2.931508575074542,-0.9956838074262045,-0.7183341652317162,-0.3658374476501641,-0.05231972334600564,-0.01855062156880079,0.003779862620745973,-0.004961067997774512,-0.001484936038989843,-0.0007123489720793315,0.0002362419777814824,-0.07082964598996665,0.01443220273375735,-0.01894225962786632,-0.005669755785233946,-0.002719877893393812,0.0009020148242565692,M01,HELD_STOW_QSPACE_ONLY,NON_RELEASE_DIAGNOSTIC_CANDIDATE,false
51,0.51,2.537359255483132,-2.931470050710856,-0.9957343706362979,-0.7183492997013401,-0.3658447079116141,-0.05231731556752714,-0.01926499160032108,0.003925422195098242,-0.005152114873956008,-0.001542119772755555,-0.0007397809778345249,0.0002453394728971182,-0.07204307372883186,0.01467944998291836,-0.01926677153171651,-0.005766887979617197,-0.002766473852416928,0.0009174678142203421,M01,HELD_STOW_QSPACE_ONLY,NON_RELEASE_DIAGNOSTIC_CANDIDATE,false
52,0.52,2.537162983286077,-2.931430058415267,-0.995786860506357,-0.7183650108546175,-0.3658522448179814,-0.05231481604308567,-0.01999145733620202,0.00407344638232695,-0.005346396553434613,-0.001600271740779914,-0.0007676774619650617,0.0002545910066852708,-0.07324878931507395,0.01492512580886223,-0.01958922094329762,-0.005863402833318586,-0.002812773662657469,0.0009328225899985752,M01,HELD_STOW_QSPACE_ONLY,NON_RELEASE_DIAGNOSTIC_CANDIDATE,false
53,0.53,2.536959386274237,-2.931388573620167,-0.9958413092813557,-0.7183813083430436,-0.3658600629992518,-0.05231222323720208,-0.02072994172850664,0.004223919483194426,-0.005543892430967909,-0.001659385775546757,-0.0007960354658089636,0.0002639955979412433,-0.07444680746654143,0.01516923321048823,-0.01990961179866358,-0.005959301524469185,-0.00285877788928487,0.0009480793390229203,M01,HELD_STOW_QSPACE_ONLY,NON_RELEASE_DIAGNOSTIC_CANDIDATE,false
54,0.54,2.536748344645671,-2.931345571914791,-0.9958977490004126,-0.7183982017564972,-0.3658681670558526,-0.05230953562419993,-0.02148036787647643,0.004376825828451988,-0.005744581940674015,-0.001719455721321233,-0.0008248520363559468,0.0002735522673346552,-0.07563714290108285,0.01541177518669563,-0.02022794803386835,-0.006054585231200067,-0.00290448709746856,0.000963238248725029,M01,HELD_STOW_QSPACE_ONLY,NON_RELEASE_DIAGNOSTIC_CANDIDATE,false
55,0.55,2.536529739366717,-2.931301029044918,-0.9959562114971837,-0.7184157006233588,-0.3658765615587094,-0.05230675168818666,-0.02224265902653137,0.004532149778839941,-0.005948444556031584,-0.001780475434149797,-0.0008541242262474206,0.0002832600374094419,-0.07681981033654671,0.01565275473638369,-0.02054423358496588,-0.006149255131642304,-0.002949901852377975,0.0009782995065365536,M01,HELD_STOW_QSPACE_ONLY,NON_RELEASE_DIAGNOSTIC_CANDIDATE,false
56,0.5600000000000001,2.536303452170505,-2.931254920912565,-0.9960167284002571,-0.7184338144106285,-0.3658852510493024,-0.05230386992303494,-0.02301673857226994,0.004689875725087595,-0.006155459789879822,-0.001842438781860221,-0.0008838490937764904,0.0002931179325838565,-0.0779948244907815,0.01589217485845169,-0.0208584723880101,-0.006243312403926966,-0.002995022719182543,0.0009932632998891451,M01,HELD_STOW_QSPACE_ONLY,NON_RELEASE_DIAGNOSTIC_CANDIDATE,false
57,0.5700000000000001,2.536069365555499,-2.931207223575697,-0.9960793311335459,-0.7184525525240431,-0.3658942400397229,-0.05230088883236388,-0.02380253005446907,0.00484998808791324,-0.006365607194418457,-0.001905339644061581,-0.0009140237028879537,0.0003031249791504674,-0.07916220008163577,0.01613003855179889,-0.02117066837905498,-0.006336758226185126,-0.0030398502630517,0.001008129816214456,M01,HELD_STOW_QSPACE_ONLY,NON_RELEASE_DIAGNOSTIC_CANDIDATE,false
58,0.58,2.535827362784017,-2.931157913247919,-0.996144050916682,-0.7184719243081946,-0.3659035330127301,-0.05229780692952028,-0.0245999571610842,0.005012471318024164,-0.006578866361207766,-0.00196917191214427,-0.0009446451231783037,0.00031328020527616,-0.08032195182695803,0.01636634881532458,-0.02148082549415445,-0.006429593776547859,-0.003084385049154877,0.001022899242944138,M01,HELD_STOW_QSPACE_ONLY,NON_RELEASE_DIAGNOSTIC_CANDIDATE,false
59,0.59,2.535577327880762,-2.93110696629818,-0.9962109187654096,-0.7184919390466481,-0.3659131344218073,-0.0522946227375599,-0.02540894372724928,0.005177309896116655,-0.006795216921168573,-0.00203392948927999,-0.0009757104298957291,0.0003235826410021367,-0.0814740944445968,0.01660110864792801,-0.02178894766936248,-0.006521820233146234,-0.003128627642661506,0.001037571767509842,M01,HELD_STOW_QSPACE_ONLY,NON_RELEASE_DIAGNOSTIC_CANDIDATE,false
60,0.6,2.535319145631349,-2.931054359250471,-0.9962799654919792,-0.7185126059620589,-0.3659230486912185,-0.05229133478922873,-0.02622941373527669,0.005344488332875982,-0.007014638544582224,-0.00209960629042175,-0.00100721670394011,0.0003340313182439157,-0.08261864265240058,0.01683432104850845,-0.022095038840733,-0.006613438774111326,-0.00317257860874102,0.001052147577343221,M01,HELD_STOW_QSPACE_ONLY,NON_RELEASE_DIAGNOSTIC_CANDIDATE,false
61,0.61,2.535052701580835,-2.931000068783528,-0.9963512217055405,-0.7185339342162911,-0.365933280216065,-0.05228794162694421,-0.02706129131465734,0.005513991168976413,-0.007237110941090622,-0.002166196242303876,-0.001039161031863024,0.0003446252707913323,-0.08375561116821793,0.01706598901596517,-0.02239910294431998,-0.006704450577574206,-0.003216238512562853,0.001066626859875927,M01,HELD_STOW_QSPACE_ONLY,NON_RELEASE_DIAGNOSTIC_CANDIDATE,false
62,0.62,2.534777882032246,-2.930944071730528,-0.9964247178125369,-0.7185559329105345,-0.365943833362342,-0.05228444180277654,-0.02790450074206059,0.005685802975081204,-0.007462613859696193,-0.002233693283441998,-0.00107154050586774,0.0003553635343085376,-0.08488501470989732,0.01729611554919745,-0.02270114391617735,-0.006794856821665946,-0.003259607919296434,0.00108100980253961,M01,HELD_STOW_QSPACE_ONLY,NON_RELEASE_DIAGNOSTIC_CANDIDATE,false
63,0.63,2.534494574045104,-2.930886345078794,-0.9965004840170982,-0.7185786110854238,-0.3659547124669949,-0.05228083387842989,-0.02875896644133431,0.005859908351842608,-0.007691127088761913,-0.002302091364133061,-0.001104352223809223,0.0003662451463339998,-0.08600686799528727,0.01752470364710455,-0.02300116569235905,-0.006884658684517617,-0.003302687394111197,0.001095296592765923,M01,HELD_STOW_QSPACE_ONLY,NON_RELEASE_DIAGNOSTIC_CANDIDATE,false
64,0.64,2.534202665433959,-2.93082686596949,-0.9965785503214351,-0.7186019777211547,-0.3659659218379758,-0.05227711642522367,-0.02962461298350486,0.006036291929901875,-0.0079226304560113,-0.00237138444645532,-0.001137593289194133,0.0003772691462805036,-0.08712118574223635,0.01775175630858574,-0.02329917220891906,-0.006973857344260295,-0.003345477502176576,0.001109487417986518,M01,HELD_STOW_QSPACE_ONLY,NON_RELEASE_DIAGNOSTIC_CANDIDATE,false
65,0.65,2.533902044766913,-2.930765611697327,-0.9966589465262317,-0.7186260417376032,-0.3659774657543002,-0.05227328802407379,-0.03050136508677706,0.006214938369889236,-0.008157103828528403,-0.00244156650426834,-0.001171260811180821,0.00038843457543515,-0.08822798266859301,0.0179772765325403,-0.0235951674019113,-0.007062453979025048,-0.003387978808662001,0.001123582465633047,M01,HELD_STOW_QSPACE_ONLY,NON_RELEASE_DIAGNOSTIC_CANDIDATE,false
66,0.66,2.533592601364151,-2.930702559710254,-0.9967417022310403,-0.7186508119944426,-0.3659893484661035,-0.05226934726547394,-0.03138914761653425,0.006395832362423925,-0.008394527112757816,-0.002512631523212999,-0.001205351904579338,0.0003997404769593566,-0.08932727349220582,0.01820126731786748,-0.02388915520738974,-0.007150449766942951,-0.003430191878736905,0.00113758192313716,M01,HELD_STOW_QSPACE_ONLY,NON_RELEASE_DIAGNOSTIC_CANDIDATE,false
67,0.67,2.533274225296469,-2.930637687609171,-0.9968268468346742,-0.7186762972912614,-0.3660015741946974,-0.0522652927494768,-0.0322878855853382,0.006578958628114159,-0.008634880254504665,-0.00258457350071148,-0.001239863689851423,0.0004111858958888573,-0.09041907293092327,0.01842373166346657,-0.02418113956140831,-0.007237845886145077,-0.003472117277570721,0.001151485977930511,M01,HELD_STOW_QSPACE_ONLY,NON_RELEASE_DIAGNOSTIC_CANDIDATE,false
68,0.68,2.532946807383798,-2.930570973147616,-0.9969144095356016,-0.7187025063676813,-0.3660141471326265,-0.05226112308567532,-0.03319750415292923,0.006764301917557161,-0.008878143238934631,-0.002657386445967285,-0.001274793293110513,0.0004227698791337031,-0.09150339570259387,0.01864467256823682,-0.02447112440002097,-0.007324643514762495,-0.003513755570332882,0.001165294817444751,M01,HELD_STOW_QSPACE_ONLY,NON_RELEASE_DIAGNOSTIC_CANDIDATE,false
69,0.6900000000000001,2.532610239193741,-2.930502394231475,-0.9970044193323392,-0.7187294479034751,-0.3660270714437248,-0.052256836893184,-0.03411792862622609,0.006951847011339132,-0.009124296090573913,-0.002731064379965219,-0.00131013784612174,0.0004344914754782609,-0.09258025652506616,0.01886409303107751,-0.02475911365928166,-0.007410843830926279,-0.003555107322192818,0.001179008629111531,M01,HELD_STOW_QSPACE_ONLY,NON_RELEASE_DIAGNOSTIC_CANDIDATE,false
70,0.7000000000000001,2.532264413040091,-2.930431928918676,-0.9970969050238457,-0.7187571305186843,-0.3660403512631722,-0.0522524328006201,-0.03504908445932605,0.007141578720035275,-0.009373318873309269,-0.002805601335471402,-0.001345894486301927,0.0004463497355812144,-0.09364967011618865,0.01908199605088791,-0.02504511127524434,-0.007496448012767502,-0.003596173098319964,0.001192627600362504,M01,HELD_STOW_QSPACE_ONLY,NON_RELEASE_DIAGNOSTIC_CANDIDATE,false
71,0.71,2.531909221981367,-2.930359555418893,-0.9971918952099155,-0.7187855627737368,-0.366053990697551,-0.05224790944608494,-0.03599089725350485,0.007333481884209785,-0.009625191690387985,-0.002880991357033263,-0.001382060356719594,0.0004583437119755637,-0.09471165119380984,0.01929838462656728,-0.02532912118396295,-0.007581457238417234,-0.00363695346388375,0.001206151918629321,M01,HELD_STOW_QSPACE_ONLY,NON_RELEASE_DIAGNOSTIC_CANDIDATE,false
72,0.72,2.531544559819339,-2.930285252093242,-0.9972894182915722,-0.718814753169565,-0.3660679938249025,-0.05224326547714513,-0.03694329275721672,0.007527541374415844,-0.009879894684417889,-0.002957228500979544,-0.001418632606094955,0.0004704724590686256,-0.09576621447577827,0.0195132617570149,-0.02561114732149145,-0.00766587268600655,-0.003677448984053611,0.001219581771343634,M01,HELD_STOW_QSPACE_ONLY,NON_RELEASE_DIAGNOSTIC_CANDIDATE,false
73,0.73,2.531170321097555,-2.930208997453986,-0.9973895024714625,-0.7188447101477234,-0.3660823646947833,-0.05223849955081385,-0.03790619686609441,0.007723742091195643,-0.01013740803736736,-0.003034306835420297,-0.001455608388799918,0.0004827350331420336,-0.09681337467994247,0.01972663044113004,-0.02589119362388377,-0.007749695533666521,-0.003717660223998977,0.001232917345937095,M01,HELD_STOW_QSPACE_ONLY,NON_RELEASE_DIAGNOSTIC_CANDIDATE,false
74,0.74,2.530786401099873,-2.930130770164231,-0.9974921757542494,-0.7188754420905067,-0.3660971073283223,-0.05223361033353205,-0.03887953562294907,0.007922068965080338,-0.0103977119705653,-0.003112220440246881,-0.001492984864858085,0.0004951304923517369,-0.09785314652415091,0.01993849367781196,-0.02616926402719387,-0.00783292695952822,-0.003757587748889282,0.001246158829841355,M01,HELD_STOW_QSPACE_ONLY,NON_RELEASE_DIAGNOSTIC_CANDIDATE,false
75,0.75,2.530392695848986,-2.930050549037629,-0.9975974659470059,-0.7189069573210672,-0.3661122257182767,-0.0522285965011498,-0.0398632352177704,0.0081225069565901,-0.01066078674470114,-0.00319096340713197,-0.001530759199944752,0.0005076578967280021,-0.09888554472625215,0.02014885446595994,-0.0264453624674757,-0.007915568141722716,-0.003797232123893958,0.001259306410488067,M01,HELD_STOW_QSPACE_ONLY,NON_RELEASE_DIAGNOSTIC_CANDIDATE,false
76,0.76,2.52998910210495,-2.929968313038076,-0.997705400659609,-0.718939264103533,-0.3661277238290885,-0.05222345673890746,-0.04085722198772658,0.008325041056234089,-0.01092661265982489,-0.003270529839529548,-0.00156892856538691,0.000520316308175412,-0.09991058400409468,0.02035771580447324,-0.02671949288078321,-0.007997620258381086,-0.003836593914182436,0.001272360275308882,M01,HELD_STOW_QSPACE_ONLY,NON_RELEASE_DIAGNOSTIC_CANDIDATE,false
77,0.77,2.529575517363716,-2.929884041279412,-0.9978160073051328,-0.7189723706431257,-0.3661436055969415,-0.052218189741417,-0.04186142241716426,0.00852965628451045,-0.01119517005534708,-0.003350913852674909,-0.001607490138163245,0.0005331047904728658,-0.1009282790755271,0.02056508069225114,-0.02699165920317035,-0.008079084487634402,-0.003875673684924153,0.001285320611735453,M01,HELD_STOW_QSPACE_ONLY,NON_RELEASE_DIAGNOSTIC_CANDIDATE,false
78,0.78,2.529151839855654,-2.929797713025125,-0.9979293131002421,-0.7190062850862778,-0.3661598749298177,-0.0522127942126432,-0.04287576313760858,0.008736337691906324,-0.01146643931003875,-0.003432109573584656,-0.001646441100904135,0.0005460224092735791,-0.1019386446583978,0.0207709521281929,-0.02726186537069105,-0.008159962007613732,-0.003914472001288535,0.00129818760719943,M01,HELD_STOW_QSPACE_ONLY,NON_RELEASE_DIAGNOSTIC_CANDIDATE,false
79,0.79,2.528717968544081,-2.929709307688046,-0.9980453450655868,-0.7190410155207513,-0.3661765357075532,-0.05220726886588496,-0.04390017092776317,0.00894507035889785,-0.01174040084203152,-0.003514111141056707,-0.001685778641891656,0.0005590682321050845,-0.1029416954705553,0.02097533311119779,-0.02753011531939928,-0.008240253996450149,-0.003952989428445018,0.001310961449132466,M01,HELD_STOW_QSPACE_ONLY,NON_RELEASE_DIAGNOSTIC_CANDIDATE,false
80,0.8,2.528273803123796,-2.92961880483005,-0.9981641300261944,-0.7190765699757548,-0.3661935917818955,-0.05220161242375653,-0.04493457271351014,0.009155839395950154,-0.01201703510881754,-0.003596912705670286,-0.001725499955059574,0.0005722413283692307,-0.1039374462298482,0.02117822664016508,-0.02779641298534897,-0.008319961632274726,-0.003991226531563033,0.001323642324966211,M01,HELD_STOW_QSPACE_ONLY,NON_RELEASE_DIAGNOSTIC_CANDIDATE,false
81,0.8100000000000001,2.527819244019599,-2.929526184161761,-0.9982856946118642,-0.7191129564220617,-0.3662110469765596,-0.05219582361816875,-0.04597889556791008,0.009368629943517356,-0.01229632260724948,-0.003680508429785932,-0.001765602239993353,0.0005855407693421832,-0.104925911654125,0.02137963571399404,-0.02806076230459409,-0.008399086093218539,-0.004029183875812014,0.001336230422132319,M01,HELD_STOW_QSPACE_ONLY,NON_RELEASE_DIAGNOSTIC_CANDIDATE,false
82,0.8200000000000001,2.527354192384824,-2.929431425542246,-0.9984100652575612,-0.7191501827721279,-0.3662289050872847,-0.05218990119031036,-0.04703306671120208,0.009583427172042571,-0.01257824387354058,-0.003764892487545492,-0.001806082701930149,0.0005989656281744239,-0.1059071064612342,0.02157956333158394,-0.02832316721318858,-0.008477628557412657,-0.004066862026361393,0.001348725928062442,M01,HELD_STOW_QSPACE_ONLY,NON_RELEASE_DIAGNOSTIC_CANDIDATE,false
83,0.8300000000000001,2.52687855009987,-2.929334508978719,-0.9985372682038088,-0.7191882568802098,-0.3662471698818905,-0.0521838438906292,-0.04809701351080371,0.009800216281957904,-0.0128627794832646,-0.003850059064872124,-0.001846938551758814,0.0006125149798907511,-0.1068810453690244,0.02177801249183406,-0.02858363164718639,-0.008555590202988154,-0.004104261548380603,0.00136112903018823,M01,HELD_STOW_QSPACE_ONLY,NON_RELEASE_DIAGNOSTIC_CANDIDATE,false
84,0.84,2.526392219770722,-2.929235414626238,-0.9986673294970834,-0.7192271865424816,-0.3662658451003341,-0.05217765047881348,-0.04917066348131099,0.01001898250368445,-0.01314991005135583,-0.003936002359470295,-0.001888167006019891,0.0006261879013902793,-0.107847743095344,0.02197498619364364,-0.02884215954264145,-0.008632972208076097,-0.004141383007039073,0.001373439915941335,M01,HELD_STOW_QSPACE_ONLY,NON_RELEASE_DIAGNOSTIC_CANDIDATE,false
85,0.85,2.525895104727484,-2.929134122787408,-0.9988002749902071,-0.7192669794971538,-0.3662849344547657,-0.05217131972377308,-0.05025394428449852,0.01023971109763231,-0.01343961623210914,-0.004022716580825791,-0.001929765286905624,0.000639983471446441,-0.1088072143580415,0.02217048743591198,-0.02909875483560773,-0.008709775750807567,-0.004178226967506239,0.00138565877275341,M01,HELD_STOW_QSPACE_ONLY,NON_RELEASE_DIAGNOSTIC_CANDIDATE,false
86,0.86,2.525387109022909,-2.92903061391208,-0.9989361303427422,-0.7193076434245903,-0.3663044416295864,-0.05216485040362075,-0.05134678372931925,0.01046238735420055,-0.01373187871917987,-0.004110195950205696,-0.001971730622259944,0.0006539007707069832,-0.1097594738749655,0.02236451921753833,-0.02935342146213917,-0.008786002009313626,-0.004214793994951531,0.001397785788056105,M01,HELD_STOW_QSPACE_ONLY,NON_RELEASE_DIAGNOSTIC_CANDIDATE,false
87,0.87,2.524868137430922,-2.928924868597051,-0.9990749210213841,-0.7193491859474268,-0.3663243702815035,-0.05215824130565339,-0.05244910977190472,0.01068699659377726,-0.01402667824558398,-0.004198434700658414,-0.002014060245578479,0.0006679388816939705,-0.1107045363639645,0.02255708453742197,-0.02960616335828973,-0.008861652161725355,-0.004251084654544384,0.001409821149281074,M01,HELD_STOW_QSPACE_ONLY,NON_RELEASE_DIAGNOSTIC_CANDIDATE,false
88,0.88,2.524338095445151,-2.928816867585763,-0.9992166723003552,-0.7193916146306885,-0.3663447240395877,-0.05215149122633333,-0.05356085051556495,0.01091352416673951,-0.01432399558369791,-0.004287427077013658,-0.002056751396008554,0.0006820968888037844,-0.111642416542887,0.02274818639446217,-0.02985698446011335,-0.008936727386173822,-0.00428709951145423,0.001421765043859968,M01,HELD_STOW_QSPACE_ONLY,NON_RELEASE_DIAGNOSTIC_CANDIDATE,false
89,0.89,2.523796889277455,-2.928706591768007,-0.9993614092617985,-0.7194349369819075,-0.3663655065053295,-0.05214459897126954,-0.05468193421078837,0.01114195545345335,-0.01462381154525867,-0.00437716733588245,-0.002099801318349185,0.0006963738783071217,-0.1125731291295816,0.02293782778755819,-0.03010588870366397,-0.0090112288607901,-0.004322839130850498,0.001433617659224438,M01,HELD_STOW_QSPACE_ONLY,NON_RELEASE_DIAGNOSTIC_CANDIDATE,false
90,0.9,2.523244425856454,-2.928594022179617,-0.9995091567961711,-0.7194791604512412,-0.3663867212526953,-0.05213756335519894,-0.055812289255242,0.01137227586427386,-0.0149261069813638,-0.004467649745657124,-0.002143207263051085,0.0007107689383489973,-0.1134966888418967,0.02312601171560932,-0.03035288002499556,-0.009085157763705264,-0.004358304077902625,0.001445379182806137,M01,HELD_STOW_QSPACE_ONLY,NON_RELEASE_DIAGNOSTIC_CANDIDATE,false
91,0.91,2.522680612826053,-2.928479140002176,-0.9996599396026381,-0.7195242924315897,-0.3664083718281847,-0.05213038320196758,-0.05695184419377122,0.01160447083954506,-0.01523086278247137,-0.004558868586511323,-0.002186966486216656,0.0007252811589487409,-0.1144131103976809,0.0233127411775148,-0.03059796236016205,-0.00915851527305038,-0.004393494917780039,0.001457049802036716,M01,HELD_STOW_QSPACE_ONLY,NON_RELEASE_DIAGNOSTIC_CANDIDATE,false
92,0.92,2.522105358543974,-2.928361926562713,-0.9998137821894656,-0.7195703402587136,-0.3664304617508864,-0.052123057344512,-0.05810052771839999,0.0118385258496,-0.0155380598784,-0.004650818150400002,-0.002231076249600001,0.0007399096319999999,-0.1153224085147826,0.02349801917217391,-0.03084113964521739,-0.009231302566956524,-0.004428412215652175,0.001468629704347826,M01,HELD_STOW_QSPACE_ONLY,NON_RELEASE_DIAGNOSTIC_CANDIDATE,false
93,0.93,2.521518572080284,-2.928242363333404,-0.9999707088744151,-0.7196173112113522,-0.3664529945125348,-0.05211558462484039,-0.05925826866833075,0.01207442639476071,-0.01584767923832885,-0.004743492741059426,-0.002275533820606913,0.0007546534512707379,-0.1162245979110504,0.02368184869848593,-0.03108241581621553,-0.009303520823554769,-0.004463056536688465,0.00148011907717112,M01,HELD_STOW_QSPACE_ONLY,NON_RELEASE_DIAGNOSTIC_CANDIDATE,false
94,0.9400000000000001,2.520920163215918,-2.92812043193127,-1.000130743785136,-0.7196652125113411,-0.3664759735775668,-0.05210796389401392,-0.0604249960299444,0.01231215800533823,-0.01615970187079763,-0.004836886674007175,-0.002320336472294883,0.0007695117124032353,-0.1171196933043329,0.02386423275535013,-0.03132179480921043,-0.009375171220976189,-0.004497428446058343,0.00149151810793825,M01,HELD_STOW_QSPACE_ONLY,NON_RELEASE_DIAGNOSTIC_CANDIDATE,false
95,0.9500000000000001,2.520310042441217,-2.927996114117882,-1.000293910859561,-0.7197140513237297,-0.3664994023831781,-0.05210019401212794,-0.0616006389368003,0.01255170624163256,-0.01647410882370657,-0.004930994276542131,-0.00236548148337309,0.000784483512914088,-0.1180077094124785,0.02404517434166576,-0.03155928056025604,-0.009446254937351852,-0.004531528508931238,0.001502826984080867,M01,HELD_STOW_QSPACE_ONLY,NON_RELEASE_DIAGNOSTIC_CANDIDATE,false
96,0.96,2.519688120954445,-2.927869391799054,-1.000460233846298,-0.7197638347568995,-0.3665232843393795,-0.05209227384829328,-0.06278512666963632,0.01279305669393271,-0.01679088118431643,-0.005025809887744494,-0.002410966138202414,0.0007995679521942094,-0.1188886609533357,0.0242246764563321,-0.03179487700540628,-0.00951677315081283,-0.004565357290476585,0.001514045893030623,M01,HELD_STOW_QSPACE_ONLY,NON_RELEASE_DIAGNOSTIC_CANDIDATE,false
97,0.97,2.519054310660327,-2.927740247024552,-1.000629736305024,-0.7198145698626817,-0.366547622829054,-0.05208420228061748,-0.06397838865636887,0.0130361949825167,-0.01711000007924855,-0.005121327858475776,-0.002456787726795428,0.0008147641315088297,-0.1197625626447531,0.02440274209824842,-0.03202858808071513,-0.009586727039490197,-0.004598915355863814,0.00152517502221917,M01,HELD_STOW_QSPACE_ONLY,NON_RELEASE_DIAGNOSTIC_CANDIDATE,false
98,0.98,2.518408524168571,-2.927608661987786,-1.00080244160688,-0.719866263636475,-0.3665724212080129,-0.05207597819618606,-0.06518035447209275,0.01328110675765151,-0.01743144667448478,-0.005217542551378791,-0.002502943544816396,0.0008300711539974946,-0.1206294292045792,0.024579374266314,-0.03226041772223651,-0.009656117781515027,-0.00463220327026236,0.00153621455907816,M01,HELD_STOW_QSPACE_ONLY,NON_RELEASE_DIAGNOSTIC_CANDIDATE,false
99,0.99,2.517750674792398,-2.927474619025513,-1.000978372934862,-0.7199189230173633,-0.3665976828050522,-0.05206760049104378,-0.06639095383908131,0.01352777769959314,-0.01775520217536751,-0.005314448340877671,-0.002549430893581278,0.0008454881246740666,-0.1214892753506625,0.02475457595942809,-0.0324903698660244,-0.009724946555018392,-0.004665221598841655,0.001547164691039244,M01,HELD_STOW_QSPACE_ONLY,NON_RELEASE_DIAGNOSTIC_CANDIDATE,false
100,1,2.51708067654707,-2.92733810061754,-1.001157553284217,-0.7199725548882339,-0.3666234109220096,-0.05205906807017587,-0.06761011662678634,0.01377619351858656,-0.01808124782659967,-0.005412039613177857,-0.002596247080057729,0.0008610141504267251,-0.1223421158008515,0.02492835017648997,-0.03271844844813274,-0.009793214538131362,-0.00469797090677113,0.001558025605534074,M01,HELD_STOW_QSPACE_ONLY,NON_RELEASE_DIAGNOSTIC_CANDIDATE,false
101,1.01,2.516398444148421,-2.92719908938642,-1.001340005462838,-0.7200271660758948,-0.3666496088338205,-0.05205037984748932,-0.06883777285183817,0.01402633995486576,-0.01840956491224474,-0.005510310766266099,-0.002643389416865098,0.0008766483400179659,-0.1231879652729947,0.02510069991639891,-0.03294465740461545,-0.009860922908985008,-0.004730451759220217,0.001568797489994303,M01,HELD_STOW_QSPACE_ONLY,NON_RELEASE_DIAGNOSTIC_CANDIDATE,false
102,1.02,2.515703893011379,-2.927057568097154,-1.001525752091651,-0.720082763351193,-0.3666762797885749,-0.05204153474579414,-0.07007385267804561,0.0142782027786537,-0.01874013475572674,-0.005609256209910466,-0.002690855222274431,0.0008923898040846017,-0.1240268384849407,0.02527162817805418,-0.03316900067152652,-0.009928072845710408,-0.00476266472135835,0.001579480531851581,M01,HELD_STOW_QSPACE_ONLY,NON_RELEASE_DIAGNOSTIC_CANDIDATE,false
103,1.03,2.514996939248502,-2.926913519656892,-1.001714815605016,-0.720139353429132,-0.3667034270075738,-0.05203253169678455,-0.07131828641639584,0.01453176779016233,-0.01907293871983021,-0.005708870365660318,-0.002738641820208461,0.00090823765513776,-0.124858750154538,0.02544113796035504,-0.03339148218491988,-0.00999466552643863,-0.004794610358354962,0.001590074918537561,M01,HELD_STOW_QSPACE_ONLY,NON_RELEASE_DIAGNOSTIC_CANDIDATE,false
104,1.04,2.5142774996685,-2.926766927114628,-1.001907218251119,-0.7201969429689897,-0.3667310536853854,-0.05202336964102035,-0.0725710045250547,0.01478702081959262,-0.01940795820670026,-0.00580914766684635,-0.002786746540241623,0.0009241910075628873,-0.1256837149996351,0.02560923226220077,-0.03361210588084947,-0.01006070212930074,-0.004826289235379482,0.001600580837483894,M01,HELD_STOW_QSPACE_ONLY,NON_RELEASE_DIAGNOSTIC_CANDIDATE,false
105,1.05,2.513545491774765,-2.926617773660909,-1.00210298209236,-0.7202555385744361,-0.3667591629899024,-0.05201404752790807,-0.07383193760936636,0.01504394772713449,-0.0197451746578425,-0.00591008255858055,-0.002835166717600042,0.0009402489776197445,-0.1265017477380805,0.02577591408249063,-0.03383087569536924,-0.01012618383242783,-0.004857701917601347,0.001610998476122233,M01,HELD_STOW_QSPACE_ONLY,NON_RELEASE_DIAGNOSTIC_CANDIDATE,false
106,1.06,2.512800833763902,-2.926466042627528,-1.002302129005755,-0.7203151467936515,-0.3667877580623975,-0.05200456431568228,-0.07510101642185363,0.01530253440296691,-0.02008456955412313,-0.006011669497756227,-0.00288389969316154,0.0009564106834424108,-0.1273128630877227,0.0259411864201239,-0.03404779556453316,-0.01019111181395095,-0.004888848970189987,0.001621328021884228,M01,HELD_STOW_QSPACE_ONLY,NON_RELEASE_DIAGNOSTIC_CANDIDATE,false
107,1.07,2.512043444524252,-2.926311717487225,-1.002504680683323,-0.7203757741194438,-0.3668168420175808,-0.05199491897138685,-0.07637817186221765,0.01556276676725778,-0.02042612441576883,-0.006113902953047994,-0.00293294281345563,0.0009726752450392804,-0.1281170757664102,0.02610505227399985,-0.03426286942439517,-0.01025548725200119,-0.004919730958314834,0.001631569662201533,M01,HELD_STOW_QSPACE_ONLY,NON_RELEASE_DIAGNOSTIC_CANDIDATE,false
108,1.08,2.511273243634425,-2.92615478185339,-1.002710658632483,-0.7204374269893664,-0.3668464179436557,-0.05198511047085617,-0.07766333497733814,0.01582463077016404,-0.02076982080236687,-0.006216777404911777,-0.002982293430663521,0.0009890417842930645,-0.1289144004919916,0.02626751464301773,-0.0344761012110092,-0.0103193113247096,-0.004950348447145321,0.001641723584505798,M01,HELD_STOW_QSPACE_ONLY,NON_RELEASE_DIAGNOSTIC_CANDIDATE,false
109,1.09,2.510490151361825,-2.925995219479763,-1.002920084176446,-0.7205001117858367,-0.3668764889023759,-0.05197513779869648,-0.07895643696127327,0.0160881123918316,-0.02111564031286503,-0.006320287345584815,-0.003031948902618119,0.001005509424960792,-0.1297048519823154,0.02642857652607682,-0.03468749486042921,-0.01038258521020728,-0.004980702001850879,0.001651789976228675,M01,HELD_STOW_QSPACE_ONLY,NON_RELEASE_DIAGNOSTIC_CANDIDATE,false
110,1.1,2.509694088661182,-2.925833014260128,-1.00313297845461,-0.7205638348362529,-0.3669070579291016,-0.05196499994826702,-0.08025740915525975,0.01635319764239538,-0.02146356458557165,-0.006424427279085657,-0.00308190659280402,0.001022077292673806,-0.13048844495523,0.02658824092207641,-0.03489705430870915,-0.01044531008662528,-0.005010792187600943,0.001661769024801817,M01,HELD_STOW_QSPACE_ONLY,NON_RELEASE_DIAGNOSTIC_CANDIDATE,false
111,1.11,2.508884977173075,-2.925668150228021,-1.003349362422952,-0.7206286024131126,-0.3669381280328559,-0.05195469592166137,-0.08156618304771268,0.01661987256197927,-0.0218135752981556,-0.00652919172121416,-0.003132163870357518,0.001038744514937768,-0.1312651941285841,0.02674651082991574,-0.03510478349190298,-0.01050748713209469,-0.005040619569564943,0.001671660917656875,M01,HELD_STOW_QSPACE_ONLY,NON_RELEASE_DIAGNOSTIC_CANDIDATE,false
112,1.12,2.508062739222464,-2.925500611556428,-1.003569256854425,-0.7206944207341299,-0.3669697021963819,-0.0519442247296887,-0.08288269027422573,0.01688812322069616,-0.02216565416764627,-0.006634575199551493,-0.003182718110066598,0.001055510221132655,-0.1320351142202261,0.02690338924849408,-0.03531068634606462,-0.01056911752474656,-0.005070184712912312,0.001681465842225499,M01,HELD_STOW_QSPACE_ONLY,NON_RELEASE_DIAGNOSTIC_CANDIDATE,false
113,1.13,2.507227297817217,-2.92533038255748,-1.003792682339345,-0.7207612959623542,-0.3670017833761986,-0.05193358539185498,-0.084206862617571,0.01715793571864794,-0.02251978295043363,-0.006740572253460137,-0.00323356669237094,0.001072373542512762,-0.1327982199480045,0.02705887917671073,-0.03551476680724806,-0.01063020244271199,-0.005099488182812485,0.001691183985939345,M01,HELD_STOW_QSPACE_ONLY,NON_RELEASE_DIAGNOSTIC_CANDIDATE,false
114,1.14,2.50637857664664,-2.92515744768216,-1.004019659285792,-0.7208292342062869,-0.3670343745026577,-0.05192277693634428,-0.08553863200769911,0.0174292961859255,-0.02287594344226816,-0.006847177434083882,-0.003284707003361922,0.001089333612206698,-0.1335545260297679,0.02721298361346493,-0.03571702881150721,-0.01069074306412203,-0.00512853054443489,0.001700815536230061,M01,HELD_STOW_QSPACE_ONLY,NON_RELEASE_DIAGNOSTIC_CANDIDATE,false
115,1.15,2.50551650008,-2.92498179152,-1.00425020792,-0.7208982415199999,-0.36706747848,-0.05191179839999999,-0.08687793052173914,0.0177021907826087,-0.02323411747826087,-0.006954385304347829,-0.00333613643478261,0.001106389565217391,-0.1343040471833648,0.02736570555765595,-0.03591747629489602,-0.01075074056710775,-0.005157312362948962,0.0017103606805293,M01,HELD_STOW_QSPACE_ONLY,NON_RELEASE_DIAGNOSTIC_CANDIDATE,false
116,1.16,2.504640993165061,-2.92480339879878,-1.004484348286749,-0.7209683239032536,-0.3671010981864121,-0.05190064882830615,-0.08822469038399865,0.0179766056987664,-0.02359428693288334,-0.00706219043895839,-0.00338785238402777,0.001123540538422084,-0.1350467981266437,0.02751704800818308,-0.03611611319346848,-0.01081019612980025,-0.005185834203524134,0.001719819606268715,M01,HELD_STOW_QSPACE_ONLY,NON_RELEASE_DIAGNOSTIC_CANDIDATE,false
117,1.17,2.503751981626604,-2.92462225438423,-1.004722100249761,-0.7210394873016139,-0.3671352364740828,-0.05188932727536861,-0.08957884396596374,0.01825252715445647,-0.02395643371996769,-0.007170587424403291,-0.00343985225414386,0.001140785670572338,-0.1357827935774531,0.02766701396394557,-0.03631294344327849,-0.01086911093033057,-0.005214096631329835,0.001729192500879956,M01,HELD_STOW_QSPACE_ONLY,NON_RELEASE_DIAGNOSTIC_CANDIDATE,false
118,1.18,2.502849391864963,-2.924438343279729,-1.004963483492096,-0.7211117376065708,-0.3671698961692596,-0.05187783280389634,-0.09094032378629899,0.01852994139972576,-0.02432053979270656,-0.007279570858951565,-0.003492133453829034,0.001158124102294029,-0.1365120482536415,0.02781560642384271,-0.03650797098038003,-0.0109274861468298,-0.005242100211535502,0.001738479551794676,M01,HELD_STOW_QSPACE_ONLY,NON_RELEASE_DIAGNOSTIC_CANDIDATE,false
119,1.19,2.501933150954547,-2.924251650626006,-1.005208517516539,-0.7211850806556556,-0.3672050800723052,-0.0518661644851827,-0.09230906251084736,0.01880883471461011,-0.02468658714365312,-0.007389135352653555,-0.003544693397433136,0.001175554976087349,-0.1372345768730575,0.02796282838677374,-0.03670119974082703,-0.01098532295742902,-0.005269845509310565,0.001747680946444526,M01,HELD_STOW_QSPACE_ONLY,NON_RELEASE_DIAGNOSTIC_CANDIDATE,false
120,1.2,2.501003186642372,-2.924062161700841,-1.005457221645998,-0.7212595222325591,-0.367240790957754,-0.05185432139908665,-0.09368499295263037,0.01908919340913435,-0.02505455780472109,-0.007499275527340915,-0.003597529504957707,0.001193077436326808,-0.1379503941535496,0.02810868285163795,-0.03689263366067345,-0.01104262254025928,-0.005297333089824456,0.001756796872261158,M01,HELD_STOW_QSPACE_ONLY,NON_RELEASE_DIAGNOSTIC_CANDIDATE,false
121,1.21,2.500059427346586,-2.923869861918762,-1.0057096150239,-0.7213350680672497,-0.3672770315743689,-0.05184230263401406,-0.09506804807184809,0.01937100382331231,-0.02542443384718476,-0.007609986016626614,-0.003650639202055985,0.001210690629261233,-0.1386595148129662,0.02825317281733461,-0.03708227667597324,-0.01109938607345166,-0.005324563518246608,0.001765827516676224,M01,HELD_STOW_QSPACE_ONLY,NON_RELEASE_DIAGNOSTIC_CANDIDATE,false
122,1.22,2.499101802155002,-2.923674736830746,-1.005965716614578,-0.7214117238360903,-0.3673138046451975,-0.05183010728689891,-0.09645816097587896,0.01965425232714681,-0.02579619738167892,-0.007721261465904927,-0.003704019920032899,0.001228393703013767,-0.139361953569156,0.02839630128276299,-0.03727013272278035,-0.01115561473513724,-0.005351537359746454,0.001774773067121376,M01,HELD_STOW_QSPACE_ONLY,NON_RELEASE_DIAGNOSTIC_CANDIDATE,false
123,1.23,2.49813024082362,-2.923476772123923,-1.006225545203669,-0.721489495161957,-0.3673511128676284,-0.05181773446318461,-0.09785526491927994,0.01993892532062967,-0.0261698305581989,-0.00783309653235144,-0.003757669095845071,0.001246185807581867,-0.1400577251399673,0.02853807124682234,-0.0374562057371487,-0.01121130970344709,-0.005378255179493424,0.001783633711028265,M01,HELD_STOW_QSPACE_ONLY,NON_RELEASE_DIAGNOSTIC_CANDIDATE,false
124,1.24,2.497144673775162,-2.923275953621271,-1.006489119398509,-0.7215683876143565,-0.3673889589134485,-0.05180518327680519,-0.09925929330378655,0.02022500923374169,-0.02654531556610061,-0.007945485884923054,-0.003811584172100823,0.00126406609483731,-0.1407468442432488,0.02867848570841194,-0.03764049965513228,-0.01126647215651228,-0.005404717542656954,0.001792409635828544,M01,HELD_STOW_QSPACE_ONLY,NON_RELEASE_DIAGNOSTIC_CANDIDATE,false
125,1.25,2.496145032097594,-2.92307226728132,-1.006756457628521,-0.7216484067095438,-0.3674273454288988,-0.05179245285016662,-0.1006701796783127,0.02051249052645268,-0.02692263463410045,-0.008058424204357975,-0.003865762597060164,0.001282033718526188,-0.141429325596849,0.02881754766643108,-0.03782301841278501,-0.01132110327246389,-0.005430925014406474,0.001801101028953864,M01,HELD_STOW_QSPACE_ONLY,NON_RELEASE_DIAGNOSTIC_CANDIDATE,false
126,1.26,2.495131247542658,-2.922865699197847,-1.007027578145614,-0.7217295579106403,-0.3674662750347312,-0.05177954231412803,-0.1020878577389507,0.02080135568872141,-0.02730177003027538,-0.008171906183175721,-0.003920201824634802,0.001300087834268909,-0.1421051839186163,0.028955260119779,-0.03800376594616086,-0.01137520422943297,-0.005456878159911417,0.001809708077835876,M01,HELD_STOW_QSPACE_ONLY,NON_RELEASE_DIAGNOSTIC_CANDIDATE,false
127,1.27,2.4941032525244,-2.922656235599583,-1.007302499024574,-0.7218118466277516,-0.3675057503262648,-0.05176645080798296,-0.1035122613289717,0.02109159124049569,-0.02768270406206293,-0.008285926525677131,-0.003974899314388143,0.0013182275995602,-0.1427744339263993,0.02909162606735497,-0.03818274619131375,-0.01142877620555061,-0.005482577544341214,0.001818230969906233,M01,HELD_STOW_QSPACE_ONLY,NON_RELEASE_DIAGNOSTIC_CANDIDATE,false
128,1.28,2.493060980117696,-2.922443862849909,-1.007581238163459,-0.7218952782180851,-0.3675457738734429,-0.05175317747944064,-0.104943324438825,0.02138318373171227,-0.0280654190762611,-0.008400479947944335,-0.004029852531535276,0.001336452173769101,-0.1434370903380466,0.0292266485080583,-0.03835996308429768,-0.01148182037894789,-0.005508023732865302,0.001826669892596588,M01,HELD_STOW_QSPACE_ONLY,NON_RELEASE_DIAGNOSTIC_CANDIDATE,false
129,1.29,2.492004364056782,-2.922228567446555,-1.00786381328399,-0.7219798579860679,-0.3675863482208891,-0.05173972148460725,-0.1063809812061383,0.02167611974229694,-0.02844989745902849,-0.008515561177840789,-0.004085058946942994,0.00135476071813897,-0.1440931678714065,0.0293603304407882,-0.03853542056116652,-0.01153433792775586,-0.005533217290653106,0.001835025033338589,M01,HELD_STOW_QSPACE_ONLY,NON_RELEASE_DIAGNOSTIC_CANDIDATE,false
130,1.3,2.490933338733782,-2.922010336021302,-1.008150241931948,-0.7220655911834648,-0.3676274758879638,-0.05172608198796714,-0.1078251659157183,0.02197038588216445,-0.02883612163588423,-0.008631164955011258,-0.004140516037129781,0.001373152395787484,-0.1447426812443277,0.02949267486444398,-0.03870912255797429,-0.01158633003010561,-0.005558158782874064,0.001843296579563892,M01,HELD_STOW_QSPACE_ONLY,NON_RELEASE_DIAGNOSTIC_CANDIDATE,false
131,1.31,2.489847839197236,-2.921789155339684,-1.008440541477566,-0.7221524830094959,-0.3676691593688209,-0.05171225816236413,-0.1092758129995496,0.02226596879121857,-0.02922407407170796,-0.008747286030881813,-0.004196221284265818,0.001391626371706632,-0.1453856451746587,0.02962368477792491,-0.03888107301077492,-0.0116377978641282,-0.00558284877469761,0.001851484718704146,M01,HELD_STOW_QSPACE_ONLY,NON_RELEASE_DIAGNOSTIC_CANDIDATE,false
132,1.32,2.488747801150629,-2.921565012300684,-1.008734729115922,-0.7222405386109542,-0.3677114011324644,-0.05169824918898276,-0.1107328570367956,0.02256285513935203,-0.02961373727073988,-0.008863919168659834,-0.004252172176172974,0.001410181812762722,-0.1460220743802479,0.02975336318013023,-0.03905127585562233,-0.01168874260795471,-0.00560728783129317,0.001859589638191004,M01,HELD_STOW_QSPACE_ONLY,NON_RELEASE_DIAGNOSTIC_CANDIDATE,false
133,1.33,2.487633160950918,-2.921337893936437,-1.009032821867333,-0.722329763082324,-0.3677542036228045,-0.0516840542573295,-0.1121962327537983,0.02286103162644659,-0.03000509377658074,-0.008981059143334023,-0.004308366206324819,0.001428817887696379,-0.1466519835789439,0.02988171306995924,-0.03921973502857051,-0.01173916543971622,-0.00563147651783018,0.001867611525456117,M01,HELD_STOW_QSPACE_ONLY,NON_RELEASE_DIAGNOSTIC_CANDIDATE,false
134,1.34,2.486503855607058,-2.921107787411929,-1.009334836577749,-0.7224201614658984,-0.3677975692587148,-0.05166967256521406,-0.1136658750240777,0.02316048498237296,-0.03039812617219181,-0.009098700741674379,-0.004364800873846613,0.001447533767122544,-0.1472753874885952,0.03000873744631119,-0.03938645446567337,-0.01178906753754378,-0.005655415399478073,0.001875550567931137,M01,HELD_STOW_QSPACE_ONLY,NON_RELEASE_DIAGNOSTIC_CANDIDATE,false
135,1.35,2.485359822778539,-2.920874680024697,-1.009640789919146,-0.7225117387518969,-0.367841500434088,-0.05165510331873065,-0.1151417188683328,0.02346120196699088,-0.0307928170798949,-0.00921683876223222,-0.004421473683515314,0.001466328623530474,-0.1478923008270504,0.03013443930808535,-0.03955143810298488,-0.01183845007956848,-0.005679105041406279,0.001883406953047717,M01,HELD_STOW_QSPACE_ONLY,NON_RELEASE_DIAGNOSTIC_CANDIDATE,false
136,1.36,2.484201000773902,-2.920638559204531,-1.009950698389921,-0.7226044998785836,-0.3678859995178931,-0.05164034573223918,-0.1166236994544409,0.02376316937014908,-0.03118914916137239,-0.009335468015340178,-0.004478382145759573,0.001485201631283743,-0.1485027383121579,0.03025882165418101,-0.03971468987655898,-0.01188731424392139,-0.005702546008784233,0.001891180868237507,M01,HELD_STOW_QSPACE_ONLY,NON_RELEASE_DIAGNOSTIC_CANDIDATE,false
137,1.37,2.483027328549277,-2.92039941251317,-1.010264578315285,-0.7226984497323846,-0.3679310688542314,-0.05162539902834657,-0.1181117520974577,0.02406637401168524,-0.03158710511766714,-0.009454583323112182,-0.004535523776659731,0.00150415196662024,-0.1491067146617662,0.03038188748349741,-0.03987621372244963,-0.01193566120873357,-0.005725738866781365,0.001898872500932159,M01,HELD_STOW_QSPACE_ONLY,NON_RELEASE_DIAGNOSTIC_CANDIDATE,false
138,1.38,2.481838745706905,-2.920157227644006,-1.010582445847654,-0.7227935931480064,-0.3679767107623936,-0.05161026243788799,-0.1196058122596174,0.02437080274142609,-0.03198666768918261,-0.009574179519443483,-0.004592896097947829,0.001523178807652174,-0.149704244593724,0.03050363979493384,-0.04003601357671078,-0.01198349215213611,-0.00574868418056711,0.001906482038563327,M01,HELD_STOW_QSPACE_ONLY,NON_RELEASE_DIAGNOSTIC_CANDIDATE,false
139,1.39,2.480635192493672,-2.919911992421785,-1.010904316967048,-0.722889934908553,-0.3680229275369157,-0.05159493519990813,-0.1211058155503328,0.02467644243918731,-0.03238781965568276,-0.009694251450010639,-0.004650496637007598,0.001542281334366067,-0.1502953428258796,0.03062408158738956,-0.04019409337539636,-0.01203080825226007,-0.005771382515310898,0.001914009668562661,M01,HELD_STOW_QSPACE_ONLY,NON_RELEASE_DIAGNOSTIC_CANDIDATE,false
140,1.4,2.479416609799631,-2.9196636948023,-1.011230207481477,-0.7229874797456443,-0.3680697214476358,-0.05157941656164241,-0.1226116977261951,0.02498328001477361,-0.03279054383629213,-0.009814793972271524,-0.00470832292687447,0.00156145872862276,-0.1508800240760817,0.03074321585976385,-0.04035045705456033,-0.01207761068723653,-0.005793834436182164,0.001921455578361812,M01,HELD_STOW_QSPACE_ONLY,NON_RELEASE_DIAGNOSTIC_CANDIDATE,false
141,1.41,2.478182939156535,-2.919412322872101,-1.011560133027344,-0.7230862323395335,-0.3681170947397508,-0.05156370577849829,-0.1241233946909741,0.02529130240797865,-0.03319482308949574,-0.009935801955465316,-0.004766372506235564,0.001580710174157408,-0.1514583030621787,0.03086104561095596,-0.04050510855025664,-0.01212390063519656,-0.005816040508350337,0.001928819955392433,M01,HELD_STOW_QSPACE_ONLY,NON_RELEASE_DIAGNOSTIC_CANDIDATE,false
142,1.42,2.476934122736362,-2.919157864848186,-1.011894109069831,-0.7231861973192254,-0.3681650496338726,-0.05154780211403651,-0.1256408424956178,0.02560049658858512,-0.03360064031313921,-0.0100572702806125,-0.004824642919429698,0.001600034856579485,-0.1520301945020191,0.03097757383986518,-0.04065805179853924,-0.01216967927427122,-0.005838001296984851,0.001936102987086176,M01,HELD_STOW_QSPACE_ONLY,NON_RELEASE_DIAGNOSTIC_CANDIDATE,false
143,1.43,2.475670103349846,-2.918900309077708,-1.012232150903295,-0.7232873792625937,-0.3682135883260849,-0.05153170483995233,-0.1271639773382531,0.02591084955636467,-0.03400797844442866,-0.01017919384051489,-0.004883131716447381,0.001619431963372781,-0.1525957131134515,0.03109280354539076,-0.04080929073546206,-0.0122149477825916,-0.00585971736725514,0.001943304860874692,M01,HELD_STOW_QSPACE_ONLY,NON_RELEASE_DIAGNOSTIC_CANDIDATE,false
144,1.44,2.474390824445003,-2.918639644037672,-1.012574273651663,-0.7233897826964989,-0.3682627129879992,-0.05151541323605683,-0.128692735564185,0.02622234834107798,-0.03441682045993076,-0.01030156753975559,-0.004941836452930818,0.0016389006838954,-0.1531548736143244,0.031206737726432,-0.04095882929707909,-0.01225970733828877,-0.005881189284330636,0.001950425764189634,M01,HELD_STOW_QSPACE_ONLY,NON_RELEASE_DIAGNOSTIC_CANDIDATE,false
145,1.45,2.473096230105659,-2.918375858334634,-1.012920492268823,-0.7234934120969064,-0.3683124257668121,-0.0514989265902581,-0.1302270536658972,0.0265349800024747,-0.03482714937557274,-0.01042438629469903,-0.005000754690173909,0.001658440209379767,-0.1537076907224863,0.03131937938188813,-0.04110667141944423,-0.01230395911949379,-0.005902417613380768,0.001957465884462652,M01,HELD_STOW_QSPACE_ONLY,NON_RELEASE_DIAGNOSTIC_CANDIDATE,false
146,1.46,2.471786265049983,-2.918108940704404,-1.013270821539021,-0.7235982718890044,-0.3683627287853611,-0.05148224419854255,-0.1317668682830519,0.02684873163029347,-0.03523894824664234,-0.01054764503349093,-0.005059883995122249,0.00167804973293262,-0.1542541791557858,0.03143073151065845,-0.04125282103861147,-0.01234770430433774,-0.005923402919574972,0.001964425409125399,M01,HELD_STOW_QSPACE_ONLY,NON_RELEASE_DIAGNOSTIC_CANDIDATE,false
147,1.47,2.470460874629007,-2.917838880011745,-1.013625276077252,-0.7237043664473209,-0.3684136241421815,-0.05146536536495615,-0.1333121162024895,0.02716359034426191,-0.03565220016778781,-0.01067133869605835,-0.00511922194037312,0.001697728449535013,-0.1547943536320712,0.03154079711164221,-0.04139728209063474,-0.0123909440709517,-0.00594414576808268,0.001971304525609527,M01,HELD_STOW_QSPACE_ONLY,NON_RELEASE_DIAGNOSTIC_CANDIDATE,false
148,1.48,2.469120004825161,-2.917565665250069,-1.013983870329653,-0.7238117000958425,-0.3684651139115631,-0.05144828940158571,-0.1348627343582294,0.02747954329409668,-0.03606688827301806,-0.01079546223410963,-0.005178766104175511,0.00171747555604232,-0.1553282288691912,0.03164957918373869,-0.04154005851156797,-0.01243367959746673,-0.005964646724073321,0.001978103421346687,M01,HELD_STOW_QSPACE_ONLY,NON_RELEASE_DIAGNOSTIC_CANDIDATE,false
149,1.49,2.4677636022508,-2.917289285541147,-1.014346618573899,-0.7239202771081317,-0.3685172001436059,-0.05143101562854007,-0.136418659831469,0.02779657765950339,-0.03648299573570239,-0.01092001061113446,-0.005238514070430095,0.001737290251184229,-0.1558558195849943,0.03175708072584716,-0.04168115423746514,-0.0124759120620139,-0.005984906352716332,0.001984822283768531,M01,HELD_STOW_QSPACE_ONLY,NON_RELEASE_DIAGNOSTIC_CANDIDATE,false
150,1.5,2.466391614146729,-2.917009730134799,-1.014713534919596,-0.7240301017074448,-0.3685698848642777,-0.05141354337393143,-0.1379798298505844,0.02811468065017666,-0.03690050576857076,-0.01104497880240379,-0.005298463428689244,0.001757171735564745,-0.156377140497329,0.03186330473686688,-0.04182057320438019,-0.0125176426427243,-0.006004925219181142,0.001991461300306711,M01,HELD_STOW_QSPACE_ONLY,NON_RELEASE_DIAGNOSTIC_CANDIDATE,false
151,1.51,2.465003988380734,-2.916726988408597,-1.015084633308674,-0.7241411780668494,-0.3686231700754698,-0.0513958719738566,-0.1395461817911302,0.0284338395058001,-0.03731940162371358,-0.01117036179496993,-0.005358611774157022,0.00177711921166219,-0.1568922063240438,0.03196825421569714,-0.04195831934836706,-0.01255887251772898,-0.006024703888637187,0.001998020658392879,M01,HELD_STOW_QSPACE_ONLY,NON_RELEASE_DIAGNOSTIC_CANDIDATE,false
152,1.52,2.463600673446109,-2.91644104986757,-1.015459927515779,-0.7242535103093433,-0.3686770577550538,-0.05137800077237817,-0.1411176531758394,0.0287540414960463,-0.03773966659258184,-0.01129615458766645,-0.005418956707689189,0.001797131883829202,-0.1574010317829872,0.03207193216123718,-0.04209439660547971,-0.01259960286515903,-0.006044242926253896,0.002004500545458687,M01,HELD_STOW_QSPACE_ONLY,NON_RELEASE_DIAGNOSTIC_CANDIDATE,false
153,1.53,2.462181618460186,-2.916151904143899,-1.01583943114867,-0.7243671025079707,-0.3687315498569382,-0.05135992912150589,-0.1426941816746235,0.02907527392057687,-0.0381612840059871,-0.01142235219110829,-0.005479495835793199,0.001817208958292735,-0.1579036315920077,0.03217434157238628,-0.04222880891177206,-0.01263983486314551,-0.006063542897200701,0.002010901148935785,M01,HELD_STOW_QSPACE_ONLY,NON_RELEASE_DIAGNOSTIC_CANDIDATE,false
154,1.54,2.460746773162862,-2.915859540996616,-1.01622315764861,-0.7244819586859412,-0.3687866483111248,-0.05134165638117786,-0.1442757051045726,0.02939752410904239,-0.0385842372341014,-0.01154894962769166,-0.005540226770628202,0.001837349643154061,-0.1584000204689539,0.03227548544804373,-0.04236156020329811,-0.01267956968981951,-0.006082604366647038,0.002017222656255827,M01,HELD_STOW_QSPACE_ONLY,NON_RELEASE_DIAGNOSTIC_CANDIDATE,false
155,1.55,2.459296087915126,-2.915563950311309,-1.016611120290761,-0.7245980828167475,-0.3688423550237653,-0.05132318191924178,-0.1458621614299552,0.02972077942108244,-0.03900850968645735,-0.01167594193159408,-0.005601147130005037,0.001857553148388767,-0.1588902131316743,0.03237536678710877,-0.04249265441611175,-0.01271880852331208,-0.006101427899762336,0.002023465254850464,M01,HELD_STOW_QSPACE_ONLY,NON_RELEASE_DIAGNOSTIC_CANDIDATE,false
156,1.56,2.45782951369759,-2.91526512209982,-1.017003332184578,-0.7247154788242828,-0.3688986718772176,-0.05130450511143621,-0.1474534887622181,0.03004502724632559,-0.0394340848119481,-0.0118033241487744,-0.005662254537386243,0.001877818685846757,-0.1593742242980174,0.03247398858848069,-0.04262209548626698,-0.0127575525417543,-0.006120014061716031,0.002029629132151348,M01,HELD_STOW_QSPACE_ONLY,NON_RELEASE_DIAGNOSTIC_CANDIDATE,false
157,1.57,2.456347002109013,-2.914963046499943,-1.017399806274201,-0.7248341505829584,-0.3689556007301028,-0.05128562534137189,-0.149049625359987,0.0303702550043894,-0.03986094609882733,-0.01193109133697276,-0.005723546621886049,0.001898145469252253,-0.1598520686858316,0.03257135385105873,-0.04274988734981772,-0.01279580292327725,-0.006138363417677549,0.002035714475590129,M01,HELD_STOW_QSPACE_ONLY,NON_RELEASE_DIAGNOSTIC_CANDIDATE,false
158,1.58,2.454848505364835,-2.914657713775128,-1.017800555338847,-0.7249541019178227,-0.369013143417361,-0.05126654200051289,-0.1506505096290659,0.03069645014488044,-0.04028907707470929,-0.01205923856571065,-0.005785021018270385,0.001918532714203792,-0.1603237610129657,0.03266746557374221,-0.04287603394281792,-0.012833560846012,-0.006156476532816329,0.002041721472598461,M01,HELD_STOW_QSPACE_ONLY,NON_RELEASE_DIAGNOSTIC_CANDIDATE,false
159,1.59,2.4533339762957,-2.914349114314176,-1.01820559199321,-0.7250753366046775,-0.3690713017503086,-0.05124725448815796,-0.152256080122437,0.03102360014739427,-0.04071846130656872,-0.01218776091629082,-0.005846675366956867,0.001938979638174227,-0.1607893159972679,0.03276232675543035,-0.04300053920132153,-0.01287082748808961,-0.0061743539723018,0.002047650310607995,M01,HELD_STOW_QSPACE_ONLY,NON_RELEASE_DIAGNOSTIC_CANDIDATE,false
160,1.6,2.451803368345988,-2.914037238630944,-1.018614928687849,-0.7251978583701969,-0.3691300775166941,-0.05122776221142173,-0.1538662755402613,0.03135169252151541,-0.04114908240074092,-0.01231665348179736,-0.005908507314014809,0.001959485460510728,-0.1612487483565869,0.03285594039502245,-0.04312340706138251,-0.01290760402764116,-0.006191996301303395,0.002053501177050383,M01,HELD_STOW_QSPACE_ONLY,NON_RELEASE_DIAGNOSTIC_CANDIDATE,false
161,1.61,2.450256635572339,-2.913722077364045,-1.019028577709581,-0.7253216708920448,-0.3691894724807552,-0.051208064585216,-0.1554810347298783,0.0316807148068174,-0.04158092400292174,-0.01244591136709566,-0.00597051451116522,0.001980049402434783,-0.1617020728087712,0.03294830949141777,-0.04324464145905482,-0.01294389164279773,-0.006209404084990549,0.002059274259357278,M01,HELD_STOW_QSPACE_ONLY,NON_RELEASE_DIAGNOSTIC_CANDIDATE,false
162,1.62,2.448693732642186,-2.913403621276542,-1.01944655118188,-0.7254467777989924,-0.369249488383275,-0.05118816103223096,-0.1571002966858057,0.03201065457286276,-0.04201396979816756,-0.01257552968883243,-0.006032694615780801,0.002000670687042194,-0.1621493040716693,0.03303943704351557,-0.04336424633039237,-0.01297969151169039,-0.006226577888532692,0.002064969744960329,M01,HELD_STOW_QSPACE_ONLY,NON_RELEASE_DIAGNOSTIC_CANDIDATE,false
163,1.63,2.447114614832279,-2.913081861255657,-1.019868861065265,-0.7255731826710363,-0.3693101269416385,-0.05116805098291652,-0.1587240005497402,0.03234149941920304,-0.04244820351089532,-0.01270550357543569,-0.006095045290885955,0.002021348539303082,-0.1625904568631298,0.03312932605021514,-0.04348222561144913,-0.0130150048124502,-0.006243518277099256,0.00207058782129119,M01,HELD_STOW_QSPACE_ONLY,NON_RELEASE_DIAGNOSTIC_CANDIDATE,false
164,1.64,2.445519238027218,-2.912756788312462,-1.020295519157697,-0.7257008890395167,-0.3693713898498893,-0.05114773387546345,-0.1603520856105564,0.03267323697537874,-0.04288360890488246,-0.01283582816711476,-0.006157564205156769,0.002042082186061883,-0.163025545901001,0.03321797951041572,-0.04359858323827905,-0.01304983272320825,-0.006260225815859672,0.002076128675781511,M01,HELD_STOW_QSPACE_ONLY,NON_RELEASE_DIAGNOSTIC_CANDIDATE,false
165,1.65,2.443907558717975,-2.912428393581588,-1.020726537094973,-0.7258299003872342,-0.369433278778786,-0.05112720915578477,-0.1619844913043077,0.03300585490091936,-0.04332016978326698,-0.01296649861586028,-0.006220249032921026,0.002062870856037349,-0.1634545859031317,0.03330540042301661,-0.04371332314693608,-0.0130841764220956,-0.006276701069983378,0.002081592495862946,M01,HELD_STOW_QSPACE_ONLY,NON_RELEASE_DIAGNOSTIC_CANDIDATE,false
166,1.66,2.442279534000428,-2.912096668320917,-1.021161926351114,-0.7259602201485686,-0.3694957953758586,-0.05110647627749688,-0.1636211572142261,0.03333934088534341,-0.04375786998854746,-0.01309751008544421,-0.006283097454158212,0.002083713779822551,-0.1638775915873701,0.03339159178691706,-0.04382644927347416,-0.01311803708724332,-0.006292944604639799,0.002086979468967145,M01,HELD_STOW_QSPACE_ONLY,NON_RELEASE_DIAGNOSTIC_CANDIDATE,false
167,1.67,2.440635121573885,-2.91176160391129,-1.021601698238768,-0.7260918517095964,-0.3695589412654655,-0.05108553470190093,-0.1652620230707217,0.03367368264815836,-0.04419669340258292,-0.01322885775141979,-0.006346107154499496,0.002104610189884874,-0.164294577671565,0.03347655660101635,-0.04393796555394724,-0.01315141589678249,-0.006308956984998373,0.002092289782525761,M01,HELD_STOW_QSPACE_ONLY,NON_RELEASE_DIAGNOSTIC_CANDIDATE,false
168,1.68,2.438974279739615,-2.911423191856198,-1.022045863909595,-0.7262247984082082,-0.3696227180488493,-0.051064383897964,-0.1669070287513833,0.03400886793886072,-0.04463662394659301,-0.0133605368011216,-0.006409275825227749,0.002125559320566019,-0.1647055588735647,0.03356029786421374,-0.04404787592440927,-0.01318431402884417,-0.006324738776228528,0.002097523623970444,M01,HELD_STOW_QSPACE_ONLY,NON_RELEASE_DIAGNOSTIC_CANDIDATE,false
169,1.69,2.437296967399377,-2.911081423781491,-1.022494434354664,-0.726359063534227,-0.3696871273041938,-0.05104302334230037,-0.1685561142809784,0.03434488453693596,-0.04507764558115791,-0.01349254243366552,-0.006472601163277535,0.002146560408082008,-0.1651105499112179,0.0336428185754085,-0.0441561843209142,-0.01321673266155945,-0.0063402905434997,0.002102681180732847,M01,HELD_STOW_QSPACE_ONLY,NON_RELEASE_DIAGNOSTIC_CANDIDATE,false
170,1.7,2.435603144053943,-2.910736291435073,-1.022947420404849,-0.726494650329526,-0.3697521705866806,-0.05102145251915281,-0.1702092198314528,0.03468172025185856,-0.04551974230621831,-0.01362486985994874,-0.006536080871235114,0.002167612690523175,-0.165509565502373,0.03372412173349991,-0.04426289467951599,-0.0132486729730594,-0.006355612851981321,0.002107762640244623,M01,HELD_STOW_QSPACE_ONLY,NON_RELEASE_DIAGNOSTIC_CANDIDATE,false
171,1.71,2.433892769801631,-2.910387786686603,-1.023404832731217,-0.726631561988146,-0.3698178494285451,-0.05099967092037382,-0.1718662857219304,0.03501936292309194,-0.0459628981610754,-0.01375751430264976,-0.006599712657338428,0.00218871540785417,-0.1659026203648785,0.03380421033738722,-0.04436801093626857,-0.01328013614147507,-0.006370706266842822,0.002112768189937422,M01,HELD_STOW_QSPACE_ONLY,NON_RELEASE_DIAGNOSTIC_CANDIDATE,false
172,1.72,2.432165805336833,-2.910035901527195,-1.023866681845428,-0.7267698016564139,-0.3698841653391335,-0.05097767804540684,-0.1735272524187143,0.03535780042008862,-0.04640709722439102,-0.0138904709962284,-0.006663494235477134,0.002209867801913965,-0.1662897292165831,0.03388308738596972,-0.04447153702722589,-0.01331112334493756,-0.006385571353253636,0.002117698017242897,M01,HELD_STOW_QSPACE_ONLY,NON_RELEASE_DIAGNOSTIC_CANDIDATE,false
173,1.73,2.430422211948541,-2.909680628069121,-1.024332978100122,-0.7269093724330598,-0.3699511198049593,-0.0509554734012676,-0.1751920605352855,0.03569702064228998,-0.04685232361418745,-0.01402373518692577,-0.006727423325192563,0.002231069116415843,-0.1666709067753351,0.03396075587814668,-0.04457347688844191,-0.01334163576157793,-0.006400208676383195,0.002122552309592698,M01,HELD_STOW_QSPACE_ONLY,NON_RELEASE_DIAGNOSTIC_CANDIDATE,false
174,1.74,2.428661951518875,-2.909321958545504,-1.02480373168932,-0.7270502773693349,-0.3700187142897593,-0.0509330565025253,-0.176860650832304,0.03603701151912652,-0.04729856148784756,-0.01415730213276432,-0.006791497651677757,0.002252318596947406,-0.1670461677589831,0.03403721881281735,-0.04467383445597058,-0.01337167456952725,-0.006414618801400934,0.002127331254418479,M01,HELD_STOW_QSPACE_ONLY,NON_RELEASE_DIAGNOSTIC_CANDIDATE,false
175,1.75,2.426884986521616,-2.908959885310028,-1.02527895264881,-0.7271925194691302,-0.3700869502345509,-0.05091042687128389,-0.1785329642176077,0.03637776101001765,-0.04774579504211476,-0.01429116710354778,-0.006855714945777442,0.002273615490970572,-0.1674155268853757,0.03411247918888101,-0.04477261366586584,-0.0134012409469166,-0.006428802293476281,0.002132035039151891,M01,HELD_STOW_QSPACE_ONLY,NON_RELEASE_DIAGNOSTIC_CANDIDATE,false
176,1.76,2.425091280020728,-2.908594400836629,-1.025758650856547,-0.727336101689093,-0.3701558290576879,-0.05088758403716334,-0.1802089417462134,0.03671925710437178,-0.04819400851309294,-0.01442532538086122,-0.006920072943988039,0.002294959047821574,-0.1677789988723614,0.03418654000523694,-0.04486981845418166,-0.01343033607187705,-0.006442759717778673,0.002136663851224585,M01,HELD_STOW_QSPACE_ONLY,NON_RELEASE_DIAGNOSTIC_CANDIDATE,false
177,1.77,2.42328079566889,-2.908225497719201,-1.026242836033041,-0.7274810269387457,-0.3702253521549175,-0.05086452753728087,-0.1818885246203165,0.03706148782158637,-0.04864318617624664,-0.014559772258071,-0.006984569388457671,0.002316348518710966,-0.1681365984377885,0.03425940426078439,-0.04496545275697194,-0.01345896112253966,-0.006456491639477539,0.002141217878068214,M01,HELD_STOW_QSPACE_ONLY,NON_RELEASE_DIAGNOSTIC_CANDIDATE,false
178,1.78,2.421453497706022,-2.907853168671293,-1.026731517741757,-0.7276272980806033,-0.3702955208994366,-0.05084125691623225,-0.1835716541892902,0.03740444121104777,-0.0490933123464008,-0.01469450304032479,-0.007049202026986142,0.002337783156723613,-0.1684883402995058,0.03433107495442264,-0.04505952051029067,-0.01348711727703552,-0.006469998623742312,0.002145697307114428,M01,HELD_STOW_QSPACE_ONLY,NON_RELEASE_DIAGNOSTIC_CANDIDATE,false
179,1.79,2.419609350957816,-2.907477406525811,-1.027224705389502,-0.7277749179302908,-0.3703663366419483,-0.050817771726073,-0.185258271949687,0.03774810535213145,-0.04954437137774106,-0.01482951304455159,-0.007113968613024968,0.002359262216818702,-0.1688342391753616,0.03440155508505095,-0.04515202565019178,-0.01351480571349568,-0.006483281235742423,0.002150102325794881,M01,HELD_STOW_QSPACE_ONLY,NON_RELEASE_DIAGNOSTIC_CANDIDATE,false
180,1.8,2.417748320834261,-2.907098204234717,-1.027722408226823,-0.727923889256662,-0.3704378007107186,-0.05079407152629969,-0.1869483195452375,0.03809246835420178,-0.04999634766381346,-0.01496479759946169,-0.007178866905677344,0.002380784955829732,-0.1691743097832045,0.0344708476515686,-0.04524297211272923,-0.01354202761005124,-0.006496340040647307,0.002154433121541223,M01,HELD_STOW_QSPACE_ONLY,NON_RELEASE_DIAGNOSTIC_CANDIDATE,false
181,1.81,2.415870373328174,-2.906715554868729,-1.0282246353484,-0.728074214781916,-0.3705099144116325,-0.0507701558838312,-0.1886417387668505,0.03843751835661211,-0.0504492256375246,-0.0151003520455467,-0.00724389466969816,0.002402350632464518,-0.1695085668408831,0.03453895565287485,-0.04533236383395696,-0.01356878414483326,-0.006509175603626396,0.002158689881785106,M01,HELD_STOW_QSPACE_ONLY,NON_RELEASE_DIAGNOSTIC_CANDIDATE,false
182,1.82,2.413975475013726,-2.906329451617022,-1.028731395693436,-0.7282258971817164,-0.3705826790282511,-0.05074602437298993,-0.190338471552614,0.03878324352870488,-0.05090298977114172,-0.01523617173507954,-0.007309049675494015,0.002423958507305197,-0.1698370250662458,0.03460588208786899,-0.04542020474992893,-0.0135950764959728,-0.006521788489849124,0.002162872793958184,M01,HELD_STOW_QSPACE_ONLY,NON_RELEASE_DIAGNOSTIC_CANDIDATE,false
183,1.83,2.412063593044973,-2.905939887786928,-1.029242698046057,-0.728378939085308,-0.3706560958218679,-0.0507216765754831,-0.192038459987794,0.03912963206981146,-0.05135762457629253,-0.01537225203211446,-0.007374329699123189,0.002445607842808219,-0.1701596991771412,0.03467162995545027,-0.04550649879669908,-0.01362090584160095,-0.006534179264484919,0.002166982045492106,M01,HELD_STOW_QSPACE_ONLY,NON_RELEASE_DIAGNOSTIC_CANDIDATE,false
184,1.84,2.410134695154381,-2.905546856803635,-1.029758551035699,-0.7285333430756352,-0.3707301660315648,-0.05069711208038399,-0.1937416463048348,0.03947667220925218,-0.05181311460396523,-0.01550858831248696,-0.007439732522295656,0.002467297903304348,-0.1704766038914177,0.03473620225451796,-0.04559124991032135,-0.01364627335984877,-0.006546348492703215,0.002171017823818525,M01,HELD_STOW_QSPACE_ONLY,NON_RELEASE_DIAGNOSTIC_CANDIDATE,false
185,1.85,2.408188749651355,-2.905150352209888,-1.030278963137508,-0.7286891116894596,-0.3708048908742695,-0.05067233048411322,-0.1954479728833597,0.03982435220633643,-0.05226944444450864,-0.01564517596381393,-0.007505255932373093,0.00248902795499867,-0.170787753926924,0.03479960198397133,-0.04567446202684971,-0.01367118022884735,-0.006558296739673447,0.002174980316369093,M01,HELD_STOW_QSPACE_ONLY,NON_RELEASE_DIAGNOSTIC_CANDIDATE,false
186,1.86,2.406225725420769,-2.904750367665689,-1.030803942672727,-0.7288462474174779,-0.3708802715448113,-0.05064733139041997,-0.1971573822501702,0.04017266035036256,-0.05272659872763208,-0.01578201038549351,-0.007570897722368862,0.002510797265970582,-0.1710931640015085,0.03486183214270966,-0.0457561390823381,-0.01369562762672774,-0.006570024570565044,0.002178869710575461,M01,HELD_STOW_QSPACE_ONLY,NON_RELEASE_DIAGNOSTIC_CANDIDATE,false
187,1.87,2.404245591921494,-2.904346896947997,-1.031333497809095,-0.72900475270444,-0.3709563092159782,-0.05062211441036325,-0.1988698170792463,0.0405215849606179,-0.05318456212240543,-0.01591908698870519,-0.007636655690948028,0.002532605106173803,-0.1713928488330198,0.03492289572963222,-0.04583628501284048,-0.01371961673162103,-0.006581532550547444,0.002182686193869283,M01,HELD_STOW_QSPACE_ONLY,NON_RELEASE_DIAGNOSTIC_CANDIDATE,false
188,1.88,2.402248319184922,-2.903939933950428,-1.031867636561238,-0.7291646299492658,-0.3710330050385727,-0.05059667916229317,-0.2005852201917465,0.04087111438637881,-0.05364331933725911,-0.01605640119640975,-0.007702527642427345,0.002554450747436365,-0.1716868231393062,0.03498279574363825,-0.04591490375441076,-0.01374314872165828,-0.006592821244790071,0.002186429953682208,M01,HELD_STOW_QSPACE_ONLY,NON_RELEASE_DIAGNOSTIC_CANDIDATE,false
189,1.89,2.400233877813502,-2.903529472682957,-1.032406366791062,-0.7293258815051643,-0.371110360141469,-0.05057102527183219,-0.2023035345560078,0.04122123700691061,-0.05410285511998406,-0.01619394844334928,-0.007768511386775263,0.002576333463460617,-0.1719751016382164,0.03504153518362706,-0.04599199924310291,-0.01376622477497056,-0.006603891218462363,0.002190101177445888,M01,HELD_STOW_QSPACE_ONLY,NON_RELEASE_DIAGNOSTIC_CANDIDATE,false
190,1.9,2.398202238979261,-2.903115507271613,-1.03294969620815,-0.7294885096797507,-0.3711883756316692,-0.05054515237185637,-0.2040247032875457,0.04157194123146762,-0.05456315425773176,-0.01633172417604718,-0.007834604739611922,0.002598252529823224,-0.1722576990475989,0.03509911704849789,-0.04606757541497089,-0.01378884606968896,-0.00661474303673375,0.002193700052591977,M01,HELD_STOW_QSPACE_ONLY,NON_RELEASE_DIAGNOSTIC_CANDIDATE,false
191,1.91,2.396153374422334,-2.902698031958186,-1.033497632370151,-0.7296525167351641,-0.3712670525943598,-0.05051906010247664,-0.2057486696490542,0.04192321549929317,-0.05502420157701424,-0.01646972385280818,-0.007900805522209165,0.002620207223975169,-0.1725346300853022,0.03515554433715001,-0.04614163620606864,-0.01381101378394453,-0.006625377264773667,0.002197226766552124,M01,HELD_STOW_QSPACE_ONLY,NON_RELEASE_DIAGNOSTIC_CANDIDATE,false
192,1.92,2.394087256449497,-2.902277041099922,-1.034050182683177,-0.729817904888186,-0.3713463920929684,-0.05049274811102003,-0.2074753770504057,0.04227504827961956,-0.05548598194370407,-0.0166079429437183,-0.007967111561490521,0.002642196825241752,-0.1728059094691749,0.03521082004848271,-0.04621418555245011,-0.01383272909586836,-0.006635794467751544,0.002200681506757984,M01,HELD_STOW_QSPACE_ONLY,NON_RELEASE_DIAGNOSTIC_CANDIDATE,false
193,1.93,2.392003857932687,-2.901852529169225,-1.034607354402196,-0.7299846763103572,-0.3714263951692198,-0.05046621605201097,-0.2092047690486511,0.04262742807166809,-0.05594848026303437,-0.01674637693064488,-0.00803352069003122,0.002664220614822587,-0.1730715519170653,0.03526494718139524,-0.04628522739016925,-0.01385399318359152,-0.006645995210836814,0.002204064460641206,M01,HELD_STOW_QSPACE_ONLY,NON_RELEASE_DIAGNOSTIC_CANDIDATE,false
194,1.94,2.389903152307536,-2.901424490753356,-1.035169154631424,-0.7301528331280964,-0.3715070628431933,-0.0504394635871525,-0.2109367893480198,0.04298034340464905,-0.05641168147959875,-0.01688502130723656,-0.00810003074605818,0.002686277875791606,-0.1733315721468222,0.03531792873478689,-0.04635476565528,-0.01387480722524507,-0.00665598005919891,0.002207375815633442,M01,HELD_STOW_QSPACE_ONLY,NON_RELEASE_DIAGNOSTIC_CANDIDATE,false
195,1.95,2.387785113571901,-2.900992920554135,-1.035735590324721,-0.7303223774228176,-0.3715883961133783,-0.05041249038530755,-0.2126713817999199,0.04333378283776176,-0.05687557057735145,-0.01702387157892332,-0.00816663957345002,0.002708367893097058,-0.1735859848762938,0.03536976770755691,-0.04642280428383632,-0.01389517239896009,-0.006665749578007263,0.002210615759166346,M01,HELD_STOW_QSPACE_ONLY,NON_RELEASE_DIAGNOSTIC_CANDIDATE,false
196,1.96,2.385649716284384,-2.90055781338764,-1.036306668285982,-0.730493311231048,-0.3716703959567313,-0.05038529612248023,-0.2144084904029376,0.04368773496019445,-0.05734013257960715,-0.0171629232629164,-0.008233345021737044,0.002730489953561508,-0.1738348048233289,0.03542046709860458,-0.04648934721189216,-0.01391508988286766,-0.006675304332431309,0.002213784478671568,M01,HELD_STOW_QSPACE_ONLY,NON_RELEASE_DIAGNOSTIC_CANDIDATE,false
197,1.97,2.383496935562869,-2.900119164183906,-1.036882395169533,-0.7306656365445456,-0.3717530633287326,-0.05035788048179701,-0.2161480593028378,0.04404218839112443,-0.05780535254904114,-0.01730217188820841,-0.008300144946101262,0.002752643345881836,-0.1740780467057759,0.03547002990682916,-0.04655439837550146,-0.01393456085509884,-0.006684644887640477,0.002216882161580761,M01,HELD_STOW_QSPACE_ONLY,NON_RELEASE_DIAGNOSTIC_CANDIDATE,false
198,1.98,2.381326747083044,-2.899676967986628,-1.037462777480522,-0.7308393553104178,-0.3718363991634424,-0.05033024315348805,-0.217890032792564,0.04439713177971796,-0.0582712155876892,-0.01744161299557323,-0.008367037207376369,0.002774827360629241,-0.1743157252414834,0.03551845913112994,-0.04661796171071818,-0.01395358649378471,-0.006693771808804201,0.002219908995325575,M01,HELD_STOW_QSPACE_ONLY,NON_RELEASE_DIAGNOSTIC_CANDIDATE,false
199,1.99,2.379139127076934,-2.899231219952858,-1.038047821575317,-0.7310144694312379,-0.3719204043735576,-0.0503023838348684,-0.2196343553122379,0.0447525538051303,-0.05873770683694772,-0.01758124213756607,-0.008434019672047762,0.002797041290249239,-0.1745478551482997,0.03556575777040616,-0.04668004115359624,-0.01397216797705634,-0.006702685661091911,0.002222865167337663,M01,HELD_STOW_QSPACE_ONLY,NON_RELEASE_DIAGNOSTIC_CANDIDATE,false
200,2,2.376934052331425,-2.898781915352709,-1.038637533661895,-0.7311909807651643,-0.3720050798504679,-0.0502743022303193,-0.2213809714491598,0.04510844317650566,-0.05920481147757351,-0.01772105487852341,-0.008501090212252519,0.002819284429061658,-0.1747744511440736,0.03561192882355711,-0.04674064064018962,-0.0139903064830448,-0.006711387009673042,0.002225750865048678,M01,HELD_STOW_QSPACE_ONLY,NON_RELEASE_DIAGNOSTIC_CANDIDATE,false
201,2.01,2.374711500186795,-2.898329049569048,-1.039231919800236,-0.7313688911260573,-0.372090426464313,-0.05024599805126941,-0.2231298259378087,0.04546478863297734,-0.05967251472968406,-0.01786104679456312,-0.00856824670577943,0.002841556073260647,-0.1749955279466534,0.03565697528948204,-0.04679976410655225,-0.01400800318988116,-0.006719876419717025,0.002228566275890268,M01,HELD_STOW_QSPACE_ONLY,NON_RELEASE_DIAGNOSTIC_CANDIDATE,false
202,2.02,2.372471448535241,-2.897872618097205,-1.03983098590272,-0.7315482022835975,-0.3721764450640387,-0.05021747101617611,-0.2248808636598418,0.04582157894366755,-0.0601408018527573,-0.0180012134735843,-0.008635487036068966,0.002863855520914671,-0.1752111002738876,0.03570090016708024,-0.04685741548873809,-0.0140252592756965,-0.006728154456393292,0.002231311587294089,M01,HELD_STOW_QSPACE_ONLY,NON_RELEASE_DIAGNOSTIC_CANDIDATE,false
203,2.03,2.370213875819406,-2.897412616544667,-1.040434737734519,-0.7317289159634033,-0.3722631364774533,-0.05018872085050667,-0.2266340296440948,0.04617880290768753,-0.06060965814563175,-0.01814155051526742,-0.008702809092213304,0.002886182071966509,-0.175421182843625,0.03574370645525098,-0.0469135987228011,-0.01404207591862189,-0.006736221684871278,0.002233986986691791,M01,HELD_STOW_QSPACE_ONLY,NON_RELEASE_DIAGNOSTIC_CANDIDATE,false
204,2.04,2.367938761030914,-2.89694904063078,-1.041043180913989,-0.7319110338471486,-0.3723505015112843,-0.0501597472867196,-0.2283892690665822,0.0465364493541375,-0.06107906894650646,-0.01828205353107422,-0.008770210768956302,0.00290853502823326,-0.1756257903737138,0.03578539715289351,-0.04696831774479519,-0.0140584542967884,-0.006744078670320413,0.002236592661515025,M01,HELD_STOW_QSPACE_ONLY,NON_RELEASE_DIAGNOSTIC_CANDIDATE,false
205,2.05,2.365646083708887,-2.896481886186449,-1.041656320913064,-0.7320945575726813,-0.3724385409512351,-0.05013055006424586,-0.2301465272504964,0.04689450714210663,-0.06154901963294094,-0.01842271814424776,-0.008837689966693513,0.002930913693406333,-0.1758249375820027,0.03582597525890711,-0.04702157649077434,-0.0140743955883271,-0.006751725977910129,0.002239128799195444,M01,HELD_STOW_QSPACE_ONLY,NON_RELEASE_DIAGNOSTIC_CANDIDATE,false
206,2.06,2.363335823938481,-2.896011149153839,-1.042274163057652,-0.7322794887341403,-0.3725272555620411,-0.05010112892947011,-0.2319057496662089,0.04725296516067318,-0.06201949562185537,-0.01856353998981243,-0.008905244591472197,0.002953317373051463,-0.1760186391863401,0.03586544377219106,-0.04707337889679249,-0.01408990097136907,-0.006759164172809861,0.002241595587164699,M01,HELD_STOW_QSPACE_ONLY,NON_RELEASE_DIAGNOSTIC_CANDIDATE,false
207,2.07,2.361007962349414,-2.895536825586074,-1.042896712528026,-0.7324658288820736,-0.3726166460875264,-0.050071483635712,-0.2336668819312695,0.04761181232890434,-0.06249048236953043,-0.01870451471457392,-0.008972872554991306,0.002975745374608695,-0.1762069099045746,0.03590380569164461,-0.04712372889890358,-0.01410497162404537,-0.006766393820189037,0.002243993212854442,M01,HELD_STOW_QSPACE_ONLY,NON_RELEASE_DIAGNOSTIC_CANDIDATE,false
208,2.08,2.358662480114492,-2.895058911646935,-1.043523974359219,-0.7326535795235564,-0.3727067132506606,-0.05004161394320739,-0.2354298698104063,0.04797103759585632,-0.0629619653716073,-0.01884563797711922,-0.009040571774601479,0.002998197007392393,-0.1763897644545548,0.03594106401616704,-0.04717263043316158,-0.01411960872448709,-0.006773415485217094,0.002246321863696325,M01,HELD_STOW_QSPACE_ONLY,NON_RELEASE_DIAGNOSTIC_CANDIDATE,false
209,2.09,2.356299358948136,-2.894577403610567,-1.044155953441418,-0.7328427421223085,-0.3727974577536148,-0.05001151961908964,-0.237194659215526,0.04833062994057425,-0.06343393016308767,-0.01898690544781665,-0.009108340173305043,0.003020671582591235,-0.176567217554129,0.03597722174465762,-0.04722008743562043,-0.01413381345082528,-0.006780229733063464,0.002248581727122001,M01,HELD_STOW_QSPACE_ONLY,NON_RELEASE_DIAGNOSTIC_CANDIDATE,false
210,2.1,2.353918581104914,-2.894092297861171,-1.044792654520356,-0.7330333180988124,-0.3728888802778185,-0.04998120043737084,-0.2389611962057137,0.04869057837209236,-0.06390636231833387,-0.01912831280881582,-0.009176175679756038,0.003043168413268218,-0.1767392839211459,0.03601228187601562,-0.04726610384233407,-0.01414758698119103,-0.006786837128897577,0.002250772990563119,M01,HELD_STOW_QSPACE_ONLY,NON_RELEASE_DIAGNOSTIC_CANDIDATE,false
211,2.11,2.351520129378067,-2.893603590892709,-1.045434082197705,-0.7332253088304309,-0.3729809814840161,-0.0499506561789231,-0.2407294269872331,0.04905087192943377,-0.0643792474510687,-0.01926985575404766,-0.009244076228260184,0.003065686814360653,-0.1769059782734539,0.0360462474091403,-0.04731068358935645,-0.01416093049371541,-0.006793238237888866,0.002252895841451334,M01,HELD_STOW_QSPACE_ONLY,NON_RELEASE_DIAGNOSTIC_CANDIDATE,false
212,2.12,2.349103987098037,-2.893111279308603,-1.046080240931475,-0.7334187156515252,-0.3730737620123231,-0.04991988663145975,-0.2424992979135266,0.04941149968161071,-0.06485257121437553,-0.01941152998922442,-0.009312039758774903,0.003088226102680173,-0.1770673153289016,0.03607912134293094,-0.04735383061274152,-0.01417384516652948,-0.006799433625206763,0.002254950467218294,M01,HELD_STOW_QSPACE_ONLY,NON_RELEASE_DIAGNOSTIC_CANDIDATE,false
213,2.13,2.346670138130995,-2.892615359821434,-1.046731135036399,-0.7336135398535722,-0.373167222482283,-0.04988889158951666,-0.2442707554852144,0.04977245072762428,-0.06532631930069825,-0.01955333123183965,-0.009380064216909305,0.003110785596912721,-0.1772233098053375,0.03611090667628681,-0.04739554884854324,-0.01418633217776433,-0.006805423856020703,0.002256937055295655,M01,HELD_STOW_QSPACE_ONLY,NON_RELEASE_DIAGNOSTIC_CANDIDATE,false
214,2.14,2.344218566877371,-2.892115829252645,-1.047386768684334,-0.7338097826852831,-0.3732613634929236,-0.04985767085443346,-0.2460437463500962,0.05013371419646467,-0.06580047744184132,-0.01969525521116822,-0.009448147553924206,0.003133364617618561,-0.1773739764206101,0.03614160640810717,-0.04743584223281554,-0.01419839270555102,-0.006811209495500115,0.002258855793115066,M01,HELD_STOW_QSPACE_ONLY,NON_RELEASE_DIAGNOSTIC_CANDIDATE,false
215,2.15,2.341749258270382,-2.891612684532236,-1.048047145904651,-0.7340074453527202,-0.3733561856228135,-0.0498262242343348,-0.247818217303149,0.05049527924711098,-0.06627503140896966,-0.01983729766826629,-0.009516287726732095,0.003155962487232269,-0.1775193298925679,0.03617122353729128,-0.04747471470161239,-0.01421002792802062,-0.006816791108814433,0.002260706868108179,M01,HELD_STOW_QSPACE_ONLY,NON_RELEASE_DIAGNOSTIC_CANDIDATE,false
216,2.16,2.339262197774557,-2.89110592269847,-1.04871227058463,-0.7342065290194157,-0.3734516894301188,-0.04979455154411163,-0.2495941152865293,0.05085713506853138,-0.06674996701260884,-0.01997945435597135,-0.009584482697897176,0.003178578530062742,-0.1776593849390594,0.03619976106273844,-0.04751217019098771,-0.01422123902330421,-0.006822169261133089,0.002262490467706646,M01,HELD_STOW_QSPACE_ONLY,NON_RELEASE_DIAGNOSTIC_CANDIDATE,false
217,2.17,2.336757371384269,-2.890595540897569,-1.049382146469853,-0.7344070348064891,-0.3735478754526594,-0.04976265260540243,-0.2513713873895714,0.05121927087968295,-0.06722527010264484,-0.02012172103890219,-0.009652730435635333,0.003201212072293191,-0.1777941562779332,0.03622722198334789,-0.04754821263699548,-0.01423202716953286,-0.006827344517625516,0.00226420677934212,M01,HELD_STOW_QSPACE_ONLY,NON_RELEASE_DIAGNOSTIC_CANDIDATE,false
218,2.18,2.334234765622261,-2.890081536383417,-1.050056777164598,-0.7346089637927646,-0.3736447442079657,-0.04973052724657445,-0.2531499808487886,0.05158167592951186,-0.06770092656832434,-0.02026409349345892,-0.009721028913814159,0.003223862441981146,-0.1779236586270378,0.03625360929801893,-0.04758284597568963,-0.01424239354483765,-0.006832317443461148,0.002265855990446252,M01,HELD_STOW_QSPACE_ONLY,NON_RELEASE_DIAGNOSTIC_CANDIDATE,false
219,2.19,2.331694367538176,-2.889563906517257,-1.05073616613223,-0.7348123170148896,-0.3737422961933349,-0.04969817530270505,-0.2549298430478724,0.05194433949695319,-0.06817692233825443,-0.02040656750782296,-0.009789376111952929,0.00324652896905845,-0.1780479067042216,0.03627892600565079,-0.0476160741431241,-0.01425233932734963,-0.006837088603809413,0.002267438288450693,M01,HELD_STOW_QSPACE_ONLY,NON_RELEASE_DIAGNOSTIC_CANDIDATE,false
220,2.2,2.329136164707085,-2.889042648767393,-1.051420316695599,-0.7350170954674523,-0.3738405318858879,-0.04966559661556284,-0.2567109215176929,0.05230725089093107,-0.06865324338040281,-0.02054913888195704,-0.009857770015222622,0.003269210985331266,-0.1781669152273333,0.0363031751051428,-0.0476479010753529,-0.01426186569519991,-0.006841658563839751,0.002268953860787097,M01,HELD_STOW_QSPACE_ONLY,NON_RELEASE_DIAGNOSTIC_CANDIDATE,false
221,2.21,2.32656014522801,-2.88851776070889,-1.052109232037432,-0.7352233001030992,-0.3739394517426253,-0.04963279103358904,-0.2584931639362983,0.05267039945035857,-0.06912987570209764,-0.02069180342760519,-0.009926208614445896,0.00329190782448007,-0.1782806989142213,0.03632635959539415,-0.04767833070842989,-0.01427097382651952,-0.006846027888721584,0.002270402894887113,M01,HELD_STOW_QSPACE_ONLY,NON_RELEASE_DIAGNOSTIC_CANDIDATE,false
222,2.22,2.323966297722461,-2.887989240023275,-1.052802915200724,-0.7354309318326532,-0.3740390562004843,-0.04959975841187868,-0.2602765181289161,0.05303377454413783,-0.06960680535002776,-0.02083455696829277,-0.009994689906097125,0.00331461882205966,-0.1783892724827341,0.03634848247530417,-0.04770736697840906,-0.01427966489943956,-0.006850197143624352,0.002271785578182394,M01,HELD_STOW_QSPACE_ONLY,NON_RELEASE_DIAGNOSTIC_CANDIDATE,false
223,2.23,2.32135461133296,-2.887457084498233,-1.053501369089135,-0.7356399915252315,-0.3741393456763951,-0.04956649861216186,-0.2620609320679512,0.05339736557115984,-0.07008401841024234,-0.02097739533932642,-0.01006321189230235,0.003337343315499141,-0.1784926506507203,0.03636954674377209,-0.04773501382134435,-0.01428794009209108,-0.006854166893717482,0.002273102098104592,M01,HELD_STOW_QSPACE_ONLY,NON_RELEASE_DIAGNOSTIC_CANDIDATE,false
224,2.24,2.318725075721565,-2.886921292027314,-1.054204596467384,-0.7358504800083632,-0.3742403205673375,-0.04953301150278502,-0.2638463538729883,0.0537611619603048,-0.07056150100815135,-0.02112031438779414,-0.01013177258083934,0.003360080644101947,-0.1785908481360284,0.0363895553996972,-0.04776127517328972,-0.01429580058260518,-0.006857937704170411,0.002274352642085358,M01,HELD_STOW_QSPACE_ONLY,NON_RELEASE_DIAGNOSTIC_CANDIDATE,false
225,2.25,2.316077681068407,-2.886381860609627,-1.054912599961636,-0.7360623980681071,-0.3743419812503971,-0.04949929695869222,-0.2656327318107892,0.05412515317044168,-0.07103923930852506,-0.02126330997256518,-0.01020036998513753,0.003382830149045818,-0.1786838796565068,0.03640851144197877,-0.04778615497029912,-0.01430324754911291,-0.00686151014015257,0.002275537397556345,M01,HELD_STOW_QSPACE_ONLY,NON_RELEASE_DIAGNOSTIC_CANDIDATE,false
226,2.26,2.31341241807021,-2.885838788349543,-1.055625382059905,-0.7362757464491697,-0.3744443280828224,-0.04946535486140634,-0.267420014295295,0.05448932869042854,-0.07151721951549436,-0.02140637796429014,-0.01026900212427805,0.003405591173382813,-0.1787717599300042,0.03642641786951608,-0.0478096571484265,-0.01431028216974535,-0.006864884766833392,0.002276656551949205,M01,HELD_STOW_QSPACE_ONLY,NON_RELEASE_DIAGNOSTIC_CANDIDATE,false
227,2.27,2.310729277938825,-2.885292073456393,-1.056342945112442,-0.7364905258550229,-0.3745473614020807,-0.04943118509901038,-0.2692081498876254,0.05485367803911251,-0.07199542787255081,-0.02154951424540093,-0.01033766702299375,0.003428363062039313,-0.178854503674369,0.03644327768120838,-0.0478317856437258,-0.01431690562263358,-0.006868062149382309,0.002277710292695588,M01,HELD_STOW_QSPACE_ONLY,NON_RELEASE_DIAGNOSTIC_CANDIDATE,false
228,2.28,2.308028252399754,-2.884741714244172,-1.057065291332128,-0.7367067369480218,-0.3746510815259149,-0.0493967875661287,-0.2709970872960782,0.05521819076532958,-0.07247385066254633,-0.02169271471011077,-0.01040636271166916,0.00345114516181601,-0.1789321256074497,0.03645909387595494,-0.04785254439225096,-0.01432311908590866,-0.006871042852968752,0.002278698807227147,M01,HELD_STOW_QSPACE_ONLY,NON_RELEASE_DIAGNOSTIC_CANDIDATE,false
229,2.29,2.305309333690681,-2.884187709131235,-1.057792422794872,-0.7369243803495225,-0.3747554887524001,-0.04936216216390828,-0.2727867753761297,0.05558285644790479,-0.07295247420769344,-0.02183597526441417,-0.01047508722634049,0.003473936821387912,-0.1790046404470949,0.03647386945265503,-0.04787193733005594,-0.01432892373770166,-0.006873827442762153,0.002279622282975534,M01,HELD_STOW_QSPACE_ONLY,NON_RELEASE_DIAGNOSTIC_CANDIDATE,false
230,2.3,2.30257251456,-2.88363005664,-1.05852434144,-0.73714345664,-0.37486058336,-0.0493273088,-0.2745771631304348,0.05594766469565218,-0.07343128486956522,-0.02197929182608697,-0.01054383860869566,0.003496737391304348,-0.179072062911153,0.03648760741020793,-0.04788996839319469,-0.01433432075614367,-0.006876416483931947,0.0022804809073724,M01,HELD_STOW_QSPACE_ONLY,NON_RELEASE_DIAGNOSTIC_CANDIDATE,false
231,2.31,2.299817788265341,-2.883068755396645,-1.059261049070651,-0.737363966359166,-0.3749663656076234,-0.04929222738853984,-0.2763681997088269,0.05631260514737478,-0.07391026904909528,-0.02212266032468631,-0.01061261490607428,0.00351954622398896,-0.1791344077174728,0.03650031074751292,-0.04790664151772118,-0.01433931131936575,-0.006878810541647569,0.002281274867849398,M01,HELD_STOW_QSPACE_ONLY,NON_RELEASE_DIAGNOSTIC_CANDIDATE,false
232,2.32,2.297045148572103,-2.882503804130813,-1.060002547354171,-0.7375859100060866,-0.3750728357346809,-0.04925691785013021,-0.2781598344083179,0.0566776674718646,-0.07438941318657775,-0.02226607670155065,-0.01068141417146766,0.003542362673739708,-0.1791916895839025,0.03651198246346924,-0.04792196063968931,-0.01434389660549897,-0.006881010181078445,0.002282004351838179,M01,HELD_STOW_QSPACE_ONLY,NON_RELEASE_DIAGNOSTIC_CANDIDATE,false
233,2.33,2.294254589751974,-2.881935201675307,-1.060748837822504,-0.7378092880393003,-0.375179993961141,-0.04922138011182113,-0.2799520166730982,0.05704284136790268,-0.0748687037616674,-0.02240953690979976,-0.0107502344635188,0.003565186096728869,-0.1792439232282907,0.03652262555697617,-0.04793592969515307,-0.01434807779267441,-0.00688301596739401,0.002282669546770394,M01,HELD_STOW_QSPACE_ONLY,NON_RELEASE_DIAGNOSTIC_CANDIDATE,false
234,2.34,2.291446106581468,-2.881362946965791,-1.061499921872588,-0.7380341008769356,-0.3752878404875872,-0.04918561410709155,-0.2817446960945364,0.05740811656425896,-0.07534812729337934,-0.02255303691433471,-0.01081907384652239,0.003588015851003033,-0.1792911233684861,0.03653224302693299,-0.04794855262016639,-0.01435185605902314,-0.006884828465763697,0.002283270640077697,M01,HELD_STOW_QSPACE_ONLY,NON_RELEASE_DIAGNOSTIC_CANDIDATE,false
235,2.35,2.288619694340449,-2.880787039040494,-1.06225580076675,-0.7382603488968289,-0.3753963754952738,-0.04914961977583059,-0.28353782241118,0.05777348281969248,-0.07582767034008937,-0.0226965726918379,-0.01088793039042481,0.003610851296483111,-0.1793333047223369,0.03654083787223895,-0.04795983335078321,-0.01435523258267623,-0.006886448241356936,0.002283807819191737,M01,HELD_STOW_QSPACE_ONLY,NON_RELEASE_DIAGNOSTIC_CANDIDATE,false
236,2.36,2.285775348810658,-2.880207477039908,-1.063016475633095,-0.7384880324366425,-0.3755055991461834,-0.04911339706431876,-0.2853313455087548,0.05813892992295124,-0.07630731949953386,-0.02284014023077302,-0.01095680217082417,0.003633691794964329,-0.1793704820076918,0.03654841309179333,-0.04796977582305749,-0.01435820854176474,-0.006887875859343162,0.002284281271544167,M01,HELD_STOW_QSPACE_ONLY,NON_RELEASE_DIAGNOSTIC_CANDIDATE,false
237,2.37,2.282913066274244,-2.879624260206484,-1.063781947465903,-0.738717151793982,-0.3756155115830822,-0.04907694592520927,-0.2871252154201651,0.05850444769277218,-0.07678706140880957,-0.02298373553138509,-0.01102568726897022,0.003656536710116228,-0.1794026699423993,0.0365549716844954,-0.04797838397304317,-0.01436078511441977,-0.006889111884891805,0.002284691184566639,M01,HELD_STOW_QSPACE_ONLY,NON_RELEASE_DIAGNOSTIC_CANDIDATE,false
238,2.38,2.280032843512291,-2.879037387884338,-1.064552217126021,-0.7389477072265145,-0.3757261129295776,-0.04904026631750927,-0.2889193823254935,0.0588700259778813,-0.07726688274437395,-0.02312735460570041,-0.01109458377176444,0.003679385407482668,-0.179429883244308,0.03656051664924443,-0.04798566173679422,-0.01436296347877237,-0.006890156883172301,0.002285037745690806,M01,HELD_STOW_QSPACE_ONLY,NON_RELEASE_DIAGNOSTIC_CANDIDATE,false
239,2.39,2.277134677803347,-2.878446859518949,-1.065327285341259,-0.7391796989520864,-0.3758374032901742,-0.04900335820656106,-0.2907137965520014,0.05923565465699355,-0.07774677022204485,-0.02327099347752663,-0.01116348977176,0.003702237254481822,-0.1794521366312663,0.03656505098493969,-0.04799161305036458,-0.01436474481295362,-0.006891011419354079,0.002285321142348318,M01,HELD_STOW_QSPACE_ONLY,NON_RELEASE_DIAGNOSTIC_CANDIDATE,false
240,2.4,2.274218566921949,-2.877852674656859,-1.066107152706782,-0.7394131271488408,-0.3759493827503302,-0.04896622156402342,-0.2925084085741284,0.0596013236388129,-0.07822671059700079,-0.02341464818245268,-0.01123240336716176,0.003725091620406183,-0.1794694448211228,0.03656857769048044,-0.04799624184980818,-0.01436613029509459,-0.006891676058606573,0.002285541561970827,M01,HELD_STOW_QSPACE_ONLY,NON_RELEASE_DIAGNOSTIC_CANDIDATE,false
241,2.41,2.271284509137156,-2.877254832945372,-1.066891819685501,-0.7396479919553357,-0.3760620513765143,-0.04892885636785283,-0.294303169013493,0.05996702286203232,-0.07870669066378078,-0.02355831476784882,-0.01130132266182627,0.003747947876422561,-0.1794818225317259,0.03657109976476598,-0.047999552071179,-0.01436712110332636,-0.006892151366099217,0.002285699191989986,M01,HELD_STOW_QSPACE_ONLY,NON_RELEASE_DIAGNOSTIC_CANDIDATE,false
242,2.42,2.268332503211075,-2.876653334132255,-1.067681286608472,-0.7398842934706619,-0.376175409216262,-0.04889126260228473,-0.2960980286388917,0.06033274229533372,-0.07918669725628433,-0.02370198929286662,-0.01137024576526178,0.003770805395572078,-0.1794892844809242,0.03657262020669554,-0.04800154765053097,-0.01436771841578,-0.006892437907001441,0.002285794219837445,M01,HELD_STOW_QSPACE_ONLY,NON_RELEASE_DIAGNOSTIC_CANDIDATE,false
243,2.43,2.265362548397388,-2.876048178065439,-1.068475553675286,-0.7401220317545603,-0.376289456298232,-0.04885344025781477,-0.2978929383662997,0.06069847193738804,-0.07966671724777152,-0.02384566782843894,-0.01143917079262823,0.003793663552770176,-0.1794918453865662,0.03657314201516839,-0.04800223252391801,-0.01436792341058657,-0.006892536246482676,0.002285826832944856,M01,HELD_STOW_QSPACE_ONLY,NON_RELEASE_DIAGNOSTIC_CANDIDATE,false
244,2.44,2.262374644439882,-2.875439364692719,-1.069274620954462,-0.7403612068275403,-0.3764041926322631,-0.04881538933118008,-0.2996878492588707,0.06106420181685523,-0.08014673755086299,-0.02398934645727996,-0.01150809586473726,0.003816521724806614,-0.1794895199665005,0.03657266818908385,-0.04800161062739415,-0.01436773726587715,-0.00689244694971236,0.002285797218743874,M01,HELD_STOW_QSPACE_ONLY,NON_RELEASE_DIAGNOSTIC_CANDIDATE,false
245,2.45,2.259368791570975,-2.874826894061452,-1.070078488383844,-0.7406018186709971,-0.3765196182094302,-0.0487771098253405,-0.3014827125269368,0.06142992199238419,-0.08062674511753989,-0.0241330212738852,-0.0115770191080522,0.003839379290345465,-0.1794823229385755,0.03657120172734112,-0.04799968589701324,-0.01436716115978282,-0.006892170581859917,0.002285705564666146,M01,HELD_STOW_QSPACE_ONLY,NON_RELEASE_DIAGNOSTIC_CANDIDATE,false
246,2.46,2.256344990510249,-2.874210766318259,-1.070887155770991,-0.7408438672273301,-0.3766357330021012,-0.0487386017494599,-0.3032774795280088,0.06179562255261285,-0.08110672693914389,-0.02427668838453144,-0.01164593865468808,0.003862235629925119,-0.1794702690206398,0.03656874562883954,-0.04799646226882931,-0.01436619627043464,-0.006891707708094788,0.002285552058143328,M01,HELD_STOW_QSPACE_ONLY,NON_RELEASE_DIAGNOSTIC_CANDIDATE,false
247,2.47,2.253303242462973,-2.873590981708725,-1.071700622793575,-0.7410873524000601,-0.3767525369639936,-0.04869986511888737,-0.3050721017667757,0.06216129361616812,-0.0815866700463773,-0.02442034390727681,-0.01171485264241162,0.003885090125958287,-0.1794533729305418,0.03656530289247831,-0.04799194367889627,-0.01436484377596369,-0.006891058893586401,0.002285336886607069,M01,HELD_STOW_QSPACE_ONLY,NON_RELEASE_DIAGNOSTIC_CANDIDATE,false
248,2.48,2.250243549118632,-2.872967540577099,-1.072518888999767,-0.7413322740539474,-0.3768700300302305,-0.04866089995513848,-0.3068665308951052,0.06252692533166587,-0.08206656150930285,-0.02456398397196074,-0.01178375921464123,0.003907942162731989,-0.1794316493861301,0.03656087651715675,-0.04798613406326806,-0.01436310485450104,-0.006890224703504188,0.002285060237489021,M01,HELD_STOW_QSPACE_ONLY,NON_RELEASE_DIAGNOSTIC_CANDIDATE,false
249,2.49,2.247165912649458,-2.872340443365993,-1.07334195380864,-0.7415786320151099,-0.3769882121173977,-0.04862170628587659,-0.3086607187120435,0.06289250787771106,-0.08254638843734388,-0.02470760472020397,-0.01185265652044702,0.003930791126407567,-0.1794051131052532,0.0365554695017741,-0.04797903735799864,-0.01436098068417776,-0.006889205703017581,0.002284722298220837,M01,HELD_STOW_QSPACE_ONLY,NON_RELEASE_DIAGNOSTIC_CANDIDATE,false
250,2.5,2.244070335708958,-2.871709690616084,-1.074169816510556,-0.74182642607114,-0.3771070831235998,-0.04858228414489408,-0.3104546171638149,0.06325803146289749,-0.0830261379792842,-0.02485120230540853,-0.0119215427145508,0.003953636405020678,-0.1793737788057597,0.03654908484522965,-0.04797065749914197,-0.01435847244312493,-0.006888002457296015,0.002284323256234168,M01,HELD_STOW_QSPACE_ONLY,NON_RELEASE_DIAGNOSTIC_CANDIDATE,false
251,2.51,2.240956821430437,-2.871075282965813,-1.075002476267561,-0.7420756559712238,-0.377226642928517,-0.04854263357209356,-0.3122481783438228,0.06362348632580811,-0.08350579732326828,-0.02499477289275781,-0.01199041595732606,0.003976477388481295,-0.179337661205498,0.03654172554642266,-0.04796099842275199,-0.01435558130947361,-0.006886615531508922,0.002283863298960667,M01,HELD_STOW_QSPACE_ONLY,NON_RELEASE_DIAGNOSTIC_CANDIDATE,false
252,2.52,2.237825373425535,-2.870437221151084,-1.075839932113782,-0.7423263214262577,-0.3773468913934614,-0.04850275461346922,-0.3140413544926484,0.06398886273501471,-0.08398535369680095,-0.02513831265921644,-0.01205927441479799,0.003999313468573705,-0.1792967750223167,0.03653339460425242,-0.04795006406488266,-0.01435230846135489,-0.006885045490825734,0.002283342613831985,M01,HELD_STOW_QSPACE_ONLY,NON_RELEASE_DIAGNOSTIC_CANDIDATE,false
253,2.53,2.234675995782745,-2.869795506004966,-1.076682182955814,-0.7425784221089664,-0.3774678283614336,-0.04846264732108799,-0.3158340979980522,0.06435415098907826,-0.08446479436674782,-0.02528181779353044,-0.01212811625864348,0.004022144038956522,-0.1792511349740643,0.03652409501761815,-0.0479378583615879,-0.01434865507689982,-0.006883292900415882,0.002282761388279773,M01,HELD_STOW_QSPACE_ONLY,NON_RELEASE_DIAGNOSTIC_CANDIDATE,false
254,2.54,2.231508693065952,-2.869150138457394,-1.077529227573121,-0.7428319576540215,-0.3775894536571793,-0.04842231175307089,-0.3176263613949724,0.06471934141654855,-0.08494410663933483,-0.02542528449622709,-0.01219693966619112,0.004044968495162663,-0.1792007557785892,0.03651382978541914,-0.04792438524892166,-0.01434462233423948,-0.006881358325448796,0.002282119809735683,M01,HELD_STOW_QSPACE_ONLY,NON_RELEASE_DIAGNOSTIC_CANDIDATE,false
255,2.55,2.22832347031295,-2.868501119534866,-1.078381064618424,-0.7430869276581585,-0.3777117670872457,-0.04838174797357418,-0.319418097365526,0.06508442437596443,-0.08542327786014853,-0.02556870897961499,-0.01226574282042117,0.004067786234599368,-0.1791456521537401,0.03650260190655471,-0.04790964866293795,-0.01434021141150496,-0.006879242331093918,0.002281418065631369,M01,HELD_STOW_QSPACE_ONLY,NON_RELEASE_DIAGNOSTIC_CANDIDATE,false
256,2.56,2.225120333033981,-2.867848450360143,-1.079237692618097,-0.7433433316802951,-0.3778347684400382,-0.04834095605277074,-0.3212092587390087,0.06544939025585375,-0.08590229541413603,-0.02571208746778405,-0.0123345239099656,0.004090596656548194,-0.1790858388173654,0.03649041437992406,-0.04789365253969063,-0.0143354234868273,-0.00687694548252067,0.00228065634339848,M01,HELD_STOW_QSPACE_ONLY,NON_RELEASE_DIAGNOSTIC_CANDIDATE,false
257,2.57,2.221899287210255,-2.867192132151955,-1.080099109972561,-0.7436011692416484,-0.3779584574858764,-0.0482999360668312,-0.3229997984918944,0.06581422947473334,-0.08638114672560496,-0.02585541619660549,-0.01240328112910808,0.004113399162165013,-0.1790213304873137,0.03647727020442649,-0.04787640081523372,-0.01433025973833761,-0.00687446834489849,0.002279834830468669,M01,HELD_STOW_QSPACE_ONLY,NON_RELEASE_DIAGNOSTIC_CANDIDATE,false
258,2.58,2.218660339292483,-2.866532166224694,-1.080965314956675,-0.7438604398258536,-0.3780828339770514,-0.04825868809790532,-0.3247896697478356,0.06617893248110907,-0.08685981925822353,-0.02599869141373186,-0.01247201267778397,0.004136193154480017,-0.1789521418814334,0.03646317237896126,-0.04785789742562113,-0.01432472134416693,-0.006871811483396807,0.002278953714273587,M01,HELD_STOW_QSPACE_ONLY,NON_RELEASE_DIAGNOSTIC_CANDIDATE,false
259,2.59,2.215403496199402,-2.865868553988117,-1.081836305720135,-0.7441211428790809,-0.3782078976478819,-0.04821721223410314,-0.3265788257776631,0.06654348975347567,-0.08733830051502038,-0.02614190937859699,-0.01254071676158032,0.004158978038397707,-0.1788782877175731,0.03644812390242765,-0.04783814630690682,-0.01431880948244635,-0.006868975463185057,0.002278013182244887,M01,HELD_STOW_QSPACE_ONLY,NON_RELEASE_DIAGNOSTIC_CANDIDATE,false
260,2.6,2.212128765316306,-2.865201296947046,-1.08271208028786,-0.7443832778101541,-0.3783336482147703,-0.0481755085694763,-0.3283672199993866,0.06690789180031703,-0.08781657803838483,-0.02628506636241605,-0.01260939159173587,0.004181753220696908,-0.1787997827135813,0.03643212777372492,-0.04781715139514472,-0.01431252533130693,-0.006865960849432669,0.002277013421814219,M01,HELD_STOW_QSPACE_ONLY,NON_RELEASE_DIAGNOSTIC_CANDIDATE,false
261,2.61,2.208836154493574,-2.86453039670107,-1.083592636560393,-0.7446468439906677,-0.3784600853762601,-0.04813357720399929,-0.3301548059781938,0.06727212916010594,-0.08829463941006663,-0.02642815864818551,-0.01267803538514107,0.004204518110030757,-0.1787166415873065,0.03641518699175236,-0.04779491662638881,-0.01430587006887975,-0.006862768207309078,0.002275954620413237,M01,HELD_STOW_QSPACE_ONLY,NON_RELEASE_DIAGNOSTIC_CANDIDATE,false
262,2.62,2.205525672045194,-2.863855854944243,-1.084477972314288,-0.7449118407551055,-0.3785872088130918,-0.04809141824355068,-0.3319415374264513,0.06763619240130421,-0.08877247225117617,-0.02657118253068314,-0.01274664636433805,0.004227272116926712,-0.1786288790565972,0.0363973045554092,-0.04777144593669302,-0.01429884487329588,-0.006859398101983714,0.002274836965473592,M01,HELD_STOW_QSPACE_ONLY,NON_RELEASE_DIAGNOSTIC_CANDIDATE,false
263,2.63,2.202197326747298,-2.863177673464781,-1.085368085202511,-0.7451782674009577,-0.3787150181882595,-0.04804903179989442,-0.3337273682037038,0.06800007212236256,-0.08925006422218422,-0.02671413431646801,-0.01281522275752063,0.004250014653786539,-0.1785365098393021,0.03637848346359474,-0.04774674326211131,-0.0142914509226864,-0.006855851098626012,0.002273660644426936,M01,HELD_STOW_QSPACE_ONLY,NON_RELEASE_DIAGNOSTIC_CANDIDATE,false
264,2.64,2.198851127836684,-2.862495854144771,-1.086262972754827,-0.7454461231888391,-0.3788435131470677,-0.04800641799066103,-0.3355122523166749,0.06836375895172085,-0.08972740302292227,-0.02685701032388054,-0.01288376279853436,0.004272745134886332,-0.1784395486532695,0.03635872671520826,-0.04772081253869763,-0.01428368939518238,-0.006852127762405406,0.00227242584470492,M01,HELD_STOW_QSPACE_ONLY,NON_RELEASE_DIAGNOSTIC_CANDIDATE,false
265,2.65,2.195487085009348,-2.861810398959861,-1.087162632378195,-0.7457154073426066,-0.3789726933171874,-0.04796357693932893,-0.3372961439192662,0.06872724354780781,-0.09020447639258222,-0.02699980688304244,-0.01295226472687643,0.004295462976376491,-0.178338010216348,0.03633803730914899,-0.04769365770250589,-0.01427556146891488,-0.006848228658491321,0.002271132753739196,M01,HELD_STOW_QSPACE_ONLY,NON_RELEASE_DIAGNOSTIC_CANDIDATE,false
266,2.66,2.192105208419012,-2.861121309978968,-1.088067061357166,-0.7459861190494774,-0.3791025583087129,-0.04792050877520566,-0.3390789973125584,0.06909051659904127,-0.09068127210971666,-0.02714252033585674,-0.01302072678769577,0.004318167596281743,-0.1782319092463861,0.03631641824431625,-0.04766528268959012,-0.01426706832201499,-0.006844154352053199,0.002269781558961417,M01,HELD_STOW_QSPACE_ONLY,NON_RELEASE_DIAGNOSTIC_CANDIDATE,false
267,2.67,2.188705508675651,-2.860428589363972,-1.08897625685427,-0.7462582574601468,-0.3792331077142183,-0.04787721363340913,-0.34086076694481,0.06945356882382789,-0.09115777799223848,-0.02728514703600774,-0.01308914723179298,0.004340858414501119,-0.1781212604612323,0.03629387251960925,-0.04763569143600418,-0.01425821113261376,-0.006839905408260464,0.002268372447803232,M01,HELD_STOW_QSPACE_ONLY,NON_RELEASE_DIAGNOSTIC_CANDIDATE,false
268,2.68,2.185287996844018,-2.859732239369421,-1.089890215910415,-0.7465318216889056,-0.3793643411088138,-0.04783369165484888,-0.3426414074114585,0.06981639097056351,-0.09163398189742133,-0.02742768334896111,-0.01315752431562036,0.004363534852807978,-0.1780060785787352,0.0362704031339273,-0.04760488787780206,-0.01424899107884229,-0.006835482392282552,0.002266905607696296,M01,HELD_STOW_QSPACE_ONLY,NON_RELEASE_DIAGNOSTIC_CANDIDATE,false
269,2.69,2.181852684442181,-2.859032262342229,-1.090808935445278,-0.7468068108137582,-0.3794962580502028,-0.04778994298620739,-0.3444208734551197,0.07017897381763286,-0.09210987172189931,-0.02757012565196379,-0.01322585630128191,0.004386196334849988,-0.1778863783167432,0.03624601308616966,-0.04757287595103771,-0.01423940933883162,-0.006830885869288894,0.002265381226072258,M01,HELD_STOW_QSPACE_ONLY,NON_RELEASE_DIAGNOSTIC_CANDIDATE,false
270,2.7,2.178399583440043,-2.858328660721376,-1.091732412257699,-0.7470832238765405,-0.3796288580787375,-0.04774596777992123,-0.3461991199655879,0.07054130817340964,-0.09258543540166705,-0.02771247033404405,-0.01329414145653332,0.004408842286149137,-0.1777621743931049,0.0362207053752356,-0.04753965959176507,-0.01422946709071285,-0.006826116404448926,0.002263799490362772,M01,HELD_STOW_QSPACE_ONLY,NON_RELEASE_DIAGNOSTIC_CANDIDATE,false
271,2.71,2.174928706257873,-2.857621437037608,-1.092660643026076,-0.7473610598830375,-0.3797621407174762,-0.04770176619416244,-0.3479761019798358,0.07090338487625665,-0.09306066091207976,-0.02785471379601145,-0.01336237805478197,0.00443147213410173,-0.1776334815256688,0.03619448300002438,-0.04750524273603809,-0.01421916551261704,-0.006821174562932077,0.00226216058799949,M01,HELD_STOW_QSPACE_ONLY,NON_RELEASE_DIAGNOSTIC_CANDIDATE,false
272,2.72,2.171440065764835,-2.856910593913136,-1.093593624308755,-0.747640317803101,-0.3798961054722393,-0.04765733839281966,-0.3497517746820148,0.07126519479452556,-0.09353553626785317,-0.02799685245045691,-0.01343056437508694,0.004454085307978388,-0.1775003144322834,0.03616734895943528,-0.04746962931991073,-0.01420850578267526,-0.00681606090990778,0.002260464706414061,M01,HELD_STOW_QSPACE_ONLY,NON_RELEASE_DIAGNOSTIC_CANDIDATE,false
273,2.73,2.167933675277518,-2.856196134061341,-1.094531352544427,-0.747920996570768,-0.3800307518316665,-0.04761268454547951,-0.3515260934034545,0.07162672882655709,-0.09401004952306349,-0.02813888272175258,-0.013498698702159,0.004476681238924043,-0.1773626878307972,0.03613930625236757,-0.04743282327943692,-0.01419748907901859,-0.006810776010545467,0.002258712033038139,M01,HELD_STOW_QSPACE_ONLY,NON_RELEASE_DIAGNOSTIC_CANDIDATE,false
274,2.74,2.164409548558457,-2.855478060286468,-1.095473824052521,-0.7482030950843781,-0.3801660792672724,-0.04756780482740776,-0.3532990136226633,0.071987977900681,-0.09448418877114761,-0.028280801046052,-0.01356677932636062,0.004499259359957955,-0.1772206164390588,0.03611035787772051,-0.04739482855067063,-0.0141861165797781,-0.006805320430014574,0.002256902755303376,M01,HELD_STOW_QSPACE_ONLY,NON_RELEASE_DIAGNOSTIC_CANDIDATE,false
275,2.75,2.160867699814669,-2.854756375483329,-1.096421035033597,-0.748486612206691,-0.3803020872335036,-0.04752269941953062,-0.3550704909653276,0.07234893297521588,-0.09495794214490276,-0.02842260387128996,-0.01363480454370596,0.004521819105973686,-0.1770741149749166,0.03608050683439337,-0.04735564906966579,-0.01417438946308486,-0.006799694733484528,0.002255037060641423,M01,HELD_STOW_QSPACE_ONLY,NON_RELEASE_DIAGNOSTIC_CANDIDATE,false
276,2.76,2.157308143696179,-2.854031082637005,-1.097372981569741,-0.7487715467650048,-0.3804387751677952,-0.047477368508416,-0.3568404812043131,0.07270958503846958,-0.09543129781648697,-0.02856428765718262,-0.01370277265586088,0.004544359913739132,-0.1769231981562192,0.03604975612128544,-0.04731528877247636,-0.01416230890706994,-0.006793899486124765,0.002253115136483931,M01,HELD_STOW_QSPACE_ONLY,NON_RELEASE_DIAGNOSTIC_CANDIDATE,false
277,2.77,2.153730895294545,-2.85330218482254,-1.098329659624954,-0.7490578975512738,-0.3805761424906272,-0.04743181228625474,-0.358608940259663,0.07306992510873866,-0.09590424399741854,-0.02870584887522739,-0.01377068197014292,0.004566881221896486,-0.1767678807008152,0.03601810873729597,-0.0472737515951563,-0.01414987608986443,-0.006787935253104718,0.002251137170262554,M01,HELD_STOW_QSPACE_ONLY,NON_RELEASE_DIAGNOSTIC_CANDIDATE,false
278,2.78,2.15013597014139,-2.852569685204649,-1.099291065045552,-0.7493456633222262,-0.3807141886055811,-0.04738603095084191,-0.3603758241985998,0.07342994423430887,-0.09637676893857648,-0.02884728400870304,-0.01383853079952133,0.004589382470962274,-0.176608177326553,0.03598556768132424,-0.04723104147375953,-0.01413709218959937,-0.006781802599593816,0.002249103349408943,M01,HELD_STOW_QSPACE_ONLY,NON_RELEASE_DIAGNOSTIC_CANDIDATE,false
279,2.79,2.14652338420693,-2.851833587037412,-1.100257193560556,-0.7496348427994816,-0.3808529128993961,-0.04734002470555804,-0.362141089235524,0.07378963349345488,-0.09684886093020031,-0.02898858955266962,-0.01390631746261706,0.00461186310332733,-0.176444102751281,0.0359521359522695,-0.04718716234433999,-0.01412395838440586,-0.006775502090761492,0.002247013861354747,M01,HELD_STOW_QSPACE_ONLY,NON_RELEASE_DIAGNOSTIC_CANDIDATE,false
280,2.8,2.142893153898497,-2.851093893663977,-1.101228040782085,-0.7499254346696693,-0.3809923147420261,-0.04729379375935036,-0.3639046917320148,0.07414898399444031,-0.09732050830189005,-0.0291297620139685,-0.01397404028370272,0.004634322563256806,-0.176275671692848,0.03591781654903103,-0.04714211814295168,-0.01411047585241496,-0.006769034291777182,0.002244868893531622,M01,HELD_STOW_QSPACE_ONLY,NON_RELEASE_DIAGNOSTIC_CANDIDATE,false
281,2.81,2.139245296059078,-2.85035060851626,-1.102203602205753,-0.7502174375845461,-0.3811323934866959,-0.0472473383267141,-0.36566658819683,0.07450798687551788,-0.09779169942260629,-0.02927079791122237,-0.01404169759270266,0.004656760296890172,-0.1761028988691022,0.03588261247050809,-0.04709591280564848,-0.01409664577175773,-0.006762399767810312,0.002242668633371217,M01,HELD_STOW_QSPACE_ONLY,NON_RELEASE_DIAGNOSTIC_CANDIDATE,false
282,2.82,2.13557982796583,-2.849603735114642,-1.103183873211058,-0.7505108501611136,-0.3812731484699578,-0.04720065862767371,-0.3674267352859054,0.07486663330492919,-0.09826242270067016,-0.02941169377483521,-0.01410928772519288,0.004679175752241211,-0.1759257989978924,0.03584652671559998,-0.04704855026848441,-0.01408246932056527,-0.006755599084030321,0.002240413268305185,M01,HELD_STOW_QSPACE_ONLY,NON_RELEASE_DIAGNOSTIC_CANDIDATE,false
283,2.83,2.131896767328618,-2.848853277067676,-1.104168849061779,-0.7508056709817367,-0.3814145790117482,-0.04715375488776413,-0.3691850898023558,0.07522491448090494,-0.09873266658376331,-0.02955244614699233,-0.01417680902240112,0.004701568379198029,-0.1757443867970669,0.03580956228320595,-0.04700003446751339,-0.01406794767696864,-0.006748632805606639,0.002238102985765177,M01,HELD_STOW_QSPACE_ONLY,NON_RELEASE_DIAGNOSTIC_CANDIDATE,false
284,2.84,2.12819613228854,-2.848099238071778,-1.105158524906369,-0.7511018985942606,-0.3815566844154439,-0.04710662733801206,-0.3709416086964741,0.07558282163166469,-0.0992024195589279,-0.02969305158166033,-0.01424425983120677,0.00472393762952304,-0.1755586769844745,0.03577172217222527,-0.04695036933878936,-0.01405308201909891,-0.006741501497708699,0.002235737973182847,M01,HELD_STOW_QSPACE_ONLY,NON_RELEASE_DIAGNOSTIC_CANDIDATE,false
285,2.85,2.124477941416455,-2.847341621910936,-1.106152895778348,-0.7513995315121295,-0.3816994639679188,-0.04705927621491719,-0.3726962490657322,0.07594034601541713,-0.09967167015256675,-0.02983350664458716,-0.01431163850414094,0.004746282956852982,-0.1753686842779635,0.03573300938155721,-0.04689955881836627,-0.01403787352508716,-0.006734205725505931,0.002233318417989843,M01,HELD_STOW_QSPACE_ONLY,NON_RELEASE_DIAGNOSTIC_CANDIDATE,false
286,2.86,2.120742213711509,-2.846580432456403,-1.107151956596697,-0.7516985682145036,-0.3818429169396004,-0.04701170176043349,-0.3744489681547798,0.07629747892035987,-0.1001404069304431,-0.02997380791330204,-0.01437894339938644,0.004768603816698906,-0.1751744233953823,0.03569342691010102,-0.04684760684229806,-0.01402232337306444,-0.006726746054167768,0.002230844507617819,M01,HELD_STOW_QSPACE_ONLY,NON_RELEASE_DIAGNOSTIC_CANDIDATE,false
287,2.87,2.11698896859967,-2.845815673666401,-1.10815570216625,-0.7519990071463778,-0.3819870425845264,-0.04696390422195042,-0.3761997233554457,0.07665421166467952,-0.1006086184976807,-0.03011395197711551,-0.01444617288077774,0.004790899666446181,-0.1749759090545796,0.03565297775675599,-0.0467945173466387,-0.01400643274116184,-0.006719123048863643,0.002228316429498427,M01,HELD_STOW_QSPACE_ONLY,NON_RELEASE_DIAGNOSTIC_CANDIDATE,false
288,2.88,2.113218225932248,-2.84504734958582,-1.109164127178092,-0.7523008467186986,-0.3821318401404008,-0.04691588385227424,-0.3779484722067367,0.07701053559655167,-0.101076293498764,-0.03025393543711944,-0.01451332531780105,0.004813169965354488,-0.1747731559734041,0.03561166492042141,-0.04674029426744215,-0.01399020280751045,-0.006711337274762992,0.00222573437106332,M01,HELD_STOW_QSPACE_ONLY,NON_RELEASE_DIAGNOSTIC_CANDIDATE,false
289,2.89,2.109430005984429,-2.84427546434592,-1.110177226209947,-0.7526040853084824,-0.382277308828651,-0.04686764090960922,-0.3796951723948387,0.07736644209414099,-0.101543420617538,-0.030393754906187,-0.01458039908559425,0.004835414174557834,-0.1745661788697039,0.0355694913999965,-0.04668494154076231,-0.0139736347502413,-0.006703389297035242,0.002223098519744147,M01,HELD_STOW_QSPACE_ONLY,NON_RELEASE_DIAGNOSTIC_CANDIDATE,false
290,2.9,2.1056243294538,-2.843500022164028,-1.111194993726575,-0.7529087212589334,-0.3824234478544839,-0.04681917565753894,-0.3814397817531154,0.077721922565601,-0.1020099885772079,-0.03053340700897265,-0.0146473925649469,0.004857631757064531,-0.1743549924613278,0.03552646019438057,-0.04662846310265317,-0.01395672974748549,-0.006695279680849826,0.002220409062972561,M01,HELD_STOW_QSPACE_ONLY,NON_RELEASE_DIAGNOSTIC_CANDIDATE,false
291,2.91,2.10180121745888,-2.842721027343238,-1.112217424080165,-0.7532147528795611,-0.3825702564069426,-0.04677048836500752,-0.3831822582621092,0.0780769684490743,-0.1024759861403398,-0.03067288838191219,-0.01471430414230028,0.004879822177757216,-0.1741396114661243,0.03548257430247287,-0.04657086288916866,-0.0139394889773741,-0.00668700899137618,0.002217666188180214,M01,HELD_STOW_QSPACE_ONLY,NON_RELEASE_DIAGNOSTIC_CANDIDATE,false
292,2.92,2.097960691537646,-2.841938484272116,-1.113244511510728,-0.7535221784462982,-0.3827177336589629,-0.04672157930630087,-0.3849225600495413,0.07843157121269251,-0.1029414021088602,-0.03081219567322273,-0.01478113220974737,0.00490198490339284,-0.1739200506019417,0.03543783672317266,-0.04651214483636271,-0.01392191361803817,-0.00667857779378373,0.002214870082798756,M01,HELD_STOW_QSPACE_ONLY,NON_RELEASE_DIAGNOSTIC_CANDIDATE,false
293,2.93,2.094102773646061,-2.841152397424394,-1.114276250146493,-0.7538309962016188,-0.3828658787674298,-0.04667244876102795,-0.3866606453903109,0.07878572235457609,-0.1034062253240561,-0.03095132554290264,-0.01484787516503279,0.004924119402602666,-0.1736963245866288,0.03539225045537925,-0.04645231288028934,-0.0139040048476088,-0.00666998665324192,0.002212020934259843,M01,HELD_STOW_QSPACE_ONLY,NON_RELEASE_DIAGNOSTIC_CANDIDATE,false
294,2.94,2.090227486156605,-2.840362771358673,-1.115312634004296,-0.7541412043546555,-0.3830146908732338,-0.04662309701410209,-0.3883964727064962,0.07913941340283476,-0.1038704446665753,-0.03109027466273169,-0.01491453141155293,0.004946225145892283,-0.173468448138034,0.03534581849799187,-0.04639137095700244,-0.01388576384421706,-0.006661236134920171,0.002209118929995123,M01,HELD_STOW_QSPACE_ONLY,NON_RELEASE_DIAGNOSTIC_CANDIDATE,false
295,2.95,2.086334851856799,-2.839569610718125,-1.116353656989978,-0.7544528010813178,-0.3831641691013278,-0.04657352435572212,-0.3901300005673536,0.07949263591556699,-0.1043340490564257,-0.03122903971627089,-0.01498109935835583,0.004968301605641589,-0.1732364359740057,0.0352985438499098,-0.04632932300255594,-0.01386719178599401,-0.006652326803987918,0.002206164257436249,M01,HELD_STOW_QSPACE_ONLY,NON_RELEASE_DIAGNOSTIC_CANDIDATE,false
296,2.96,2.082424893947737,-2.83877292023019,-1.117399312898776,-0.7547657845244098,-0.3833143125607835,-0.04652373108135375,-0.3918611876893177,0.0798453814808603,-0.104797027452976,-0.03136761739886257,-0.01504757742014122,0.0049903482561048,-0.1730003028123926,0.03525042951003232,-0.04626617295300386,-0.01384828985107073,-0.006643259225614598,0.002203157104014873,M01,HELD_STOW_QSPACE_ONLY,NON_RELEASE_DIAGNOSTIC_CANDIDATE,false
297,2.97,2.078497636042613,-2.837972704706276,-1.118449595415718,-0.7550801527937477,-0.3834651203448478,-0.04647371749171075,-0.3935899929360023,0.08019764171679129,-0.1052593688549556,-0.0315060044176304,-0.01511396401726055,0.00501236457341045,-0.1727600633710432,0.03520147847725868,-0.04620192474440007,-0.01382905921757828,-0.006634033964969638,0.002200097657162647,M01,HELD_STOW_QSPACE_ONLY,NON_RELEASE_DIAGNOSTIC_CANDIDATE,false
298,2.98,2.074553102165249,-2.837168969041462,-1.119504498116016,-0.755395903966278,-0.3836165915309993,-0.04642348389273626,-0.395316375318199,0.08054940827142548,-0.105721062300454,-0.03164419749147934,-0.01518025757571694,0.005034350035561389,-0.1725157323678058,0.03515169375048816,-0.04613658231279856,-0.01380950106364775,-0.006624651587222471,0.002196986104311221,M01,HELD_STOW_QSPACE_ONLY,NON_RELEASE_DIAGNOSTIC_CANDIDATE,false
299,2.99,2.070591316748621,-2.836361718214195,-1.120564014465459,-0.7557130360861952,-0.3837687251810048,-0.04637303059558399,-0.3970402939938782,0.08090067282281738,-0.1061820968669217,-0.03178219335109566,-0.01524645652716522,0.005056304122434781,-0.1722673245205293,0.03510107832862005,-0.04607014959425332,-0.01378961656741022,-0.006615112657542537,0.00219382263289225,M01,HELD_STOW_QSPACE_ONLY,NON_RELEASE_DIAGNOSTIC_CANDIDATE,false
300,3,2.066612304633392,-2.835550957285993,-1.121628137820809,-0.7560315471650594,-0.3839215203409762,-0.04632235791659953,-0.3987617082681889,0.08125142707901054,-0.1066424616711695,-0.03191998873894695,-0.01531255930891191,0.005078226315782113,-0.1720148545470619,0.03504963521055357,-0.04600263052481821,-0.01376940690699673,-0.006605417741099257,0.002190607430337382,M01,HELD_STOW_QSPACE_ONLY,NON_RELEASE_DIAGNOSTIC_CANDIDATE,false
301,3.01,2.062616091066436,-2.834736691401142,-1.122696861430192,-0.7563514351819144,-0.3840749760414266,-0.04627146617730156,-0.4004805775934584,0.08160166277803749,-0.1071021458693687,-0.03205758040928212,-0.01537856436391523,0.005100116099229184,-0.1717583371652522,0.03499736739518804,-0.04593402904054723,-0.01374887326053837,-0.006595567403062071,0.002187340684078272,M01,HELD_STOW_QSPACE_ONLY,NON_RELEASE_DIAGNOSTIC_CANDIDATE,false
302,3.02,2.058602701699371,-2.833918925786399,-1.12377017843349,-0.7566726980834054,-0.3842290912973268,-0.04622035570436316,-0.4021968615691924,0.08195137168791966,-0.1075611386570512,-0.03219496512813135,-0.01544447014078508,0.005121972958276105,-0.1714977870929487,0.03494427788142269,-0.04586434907749432,-0.01372801680616621,-0.006585562208600407,0.00218402258154657,M01,HELD_STOW_QSPACE_ONLY,NON_RELEASE_DIAGNOSTIC_CANDIDATE,false
303,3.03,2.054572162587079,-2.833097665750691,-1.124848081862743,-0.7569953337838968,-0.3843838651081621,-0.046169026829593,-0.4039105199420751,0.08230054560666758,-0.1080194292691094,-0.03233213967330616,-0.01551027509378305,0.00514379638029731,-0.171233219048,0.03489036966815682,-0.04579359457171343,-0.01370683872201134,-0.006575402722883703,0.00218065331017393,M01,HELD_STOW_QSPACE_ONLY,NON_RELEASE_DIAGNOSTIC_CANDIDATE,false
304,3.04,2.050524500186242,-2.832272916684813,-1.12593056464253,-0.75731934016559,-0.3845392964579886,-0.04611747988991668,-0.4056215126059696,0.08264917636228078,-0.1084770069797965,-0.0324691008343994,-0.01557597768282246,0.005165585854541552,-0.1709646477482546,0.03483564575428967,-0.0457217694592585,-0.0136853401862048,-0.006565089511081384,0.002177233057392,M01,HELD_STOW_QSPACE_ONLY,NON_RELEASE_DIAGNOSTIC_CANDIDATE,false
305,3.05,2.046459741353869,-2.831444684061132,-1.127017619590375,-0.7576447150786412,-0.3846953843154899,-0.04606571522735789,-0.4073297996019171,0.08299725581274771,-0.1089338611027259,-0.03260584541278519,-0.0156415763734683,0.005187340872131892,-0.170692087911561,0.03478010913872055,-0.04564887767618351,-0.01366352237687768,-0.00655462313836289,0.002173762010632435,M01,HELD_STOW_QSPACE_ONLY,NON_RELEASE_DIAGNOSTIC_CANDIDATE,false
306,3.06,2.04237791334582,-2.830612973433285,-1.128109239417131,-0.7579714563412792,-0.3848521276340334,-0.04601373318901977,-0.4090353411181371,0.08334477584604583,-0.1093899809908716,-0.03274237022161898,-0.01570706963693723,0.005209060926065713,-0.1704155542557676,0.03472376282034868,-0.04557492315854236,-0.01364138647216106,-0.006544004169897647,0.002170240357326885,M01,HELD_STOW_QSPACE_ONLY,NON_RELEASE_DIAGNOSTIC_CANDIDATE,false
307,3.07,2.038279043815337,-2.829777790435879,-1.12920541672738,-0.7582995617399235,-0.3850095253517271,-0.04596153412706606,-0.4107380974900283,0.08369172838014168,-0.1098453560365684,-0.03287867208583756,-0.01577245595009766,0.005230745511214716,-0.170135061498723,0.03466660979807336,-0.04549990984238902,-0.01361893365018599,-0.006533233170855089,0.002166668284907003,M01,HELD_STOW_QSPACE_ONLY,NON_RELEASE_DIAGNOSTIC_CANDIDATE,false
308,3.08,2.034163160811574,-2.82893914078419,-1.130306144019822,-0.7586290290293016,-0.3851675763914755,-0.04590911839870247,-0.412438029200167,0.08403810536299064,-0.1102999756715112,-0.03301474784215895,-0.01583773379546964,0.005252394124324912,-0.169850624358276,0.03460865307079389,-0.0454238416637775,-0.01359616508908357,-0.006522310706404658,0.002163045980804442,M01,HELD_STOW_QSPACE_ONLY,NON_RELEASE_DIAGNOSTIC_CANDIDATE,false
309,3.09,2.030030292778124,-2.828097030273867,-1.131411413687673,-0.7589598559325674,-0.3853262796610371,-0.04585648636615784,-0.4141350968783086,0.0843838987725372,-0.1107538293667559,-0.03315059433908257,-0.01590290166122495,0.005274006264016634,-0.1695622575522746,0.03454989563740946,-0.04534672255876163,-0.01357308196698485,-0.006511237341715769,0.00215937363245085,M01,HELD_STOW_QSPACE_ONLY,NON_RELEASE_DIAGNOSTIC_CANDIDATE,false
310,3.1,2.025880468551541,-2.827251464780627,-1.132521218019055,-0.7592920401414183,-0.38548563405308,-0.04580363839666543,-0.4158292613013869,0.08472910061671483,-0.1112069066327186,-0.03328620843688911,-0.01596795804118707,0.005295581430784533,-0.1692699757985676,0.03449034049681939,-0.04526855646339543,-0.01354968546202091,-0.006500013641957865,0.002155651427277881,M01,HELD_STOW_QSPACE_ONLY,NON_RELEASE_DIAGNOSTIC_CANDIDATE,false
311,3.11,2.021713717359882,-2.826402450259961,-1.133635549197392,-0.7596255793162137,-0.3856456384452391,-0.04575057486244421,-0.4175204833935138,0.0850737029334459,-0.1116591970191761,-0.03342158700764054,-0.01603290143483111,0.005317119126997566,-0.1689737938150035,0.03442999064792295,-0.04518934731373286,-0.01352597675232282,-0.006488640172300378,0.002151879552717187,M01,HELD_STOW_QSPACE_ONLY,NON_RELEASE_DIAGNOSTIC_CANDIDATE,false
312,3.12,2.01753006882122,-2.825549992746827,-1.1347543993018,-0.7599604710860924,-0.3858062917001721,-0.04569729614068006,-0.41920872422598,0.08541769779064189,-0.1121106901152658,-0.0335567269351802,-0.01609773034728396,0.005338618856899019,-0.1686737263194309,0.0343688490896194,-0.04510909904582783,-0.01350195701602166,-0.006477117497912741,0.00214805819620042,M01,HELD_STOW_QSPACE_ONLY,NON_RELEASE_DIAGNOSTIC_CANDIDATE,false
313,3.13,2.013329552942182,-2.824694098355357,-1.135877760307486,-0.7602967130490906,-0.3859675926656161,-0.04564380261350708,-0.4208939450172552,0.08576107728620327,-0.1125613755494854,-0.03369162511513274,-0.01616244328932417,0.005360080126606494,-0.1683697880296981,0.034306918820808,-0.04502781559573431,-0.01347762743124849,-0.006465446183964382,0.002144187545159231,M01,HELD_STOW_QSPACE_ONLY,NON_RELEASE_DIAGNOSTIC_CANDIDATE,false
314,3.14,2.009112200116476,-2.823834773278552,-1.137005624086139,-0.7606343027722599,-0.3861295401744446,-0.04559009466798881,-0.4225761071329864,0.08610383354801936,-0.1130112429896933,-0.03382627845490404,-0.01622703877738195,0.005381502444111896,-0.1680619936636539,0.03424420284038805,-0.04494550089950626,-0.0134529891761344,-0.006453626795624738,0.002140267787025273,M01,HELD_STOW_QSPACE_ONLY,NON_RELEASE_DIAGNOSTIC_CANDIDATE,false
315,3.15,2.004878041123415,-2.822972023787986,-1.13813798240632,-0.7609732377917842,-0.3862921330447235,-0.04553617269609951,-0.424255172086,0.08644595873396865,-0.1134602821431086,-0.03396068387368138,-0.01629151533353925,0.005402885319281461,-0.1677503579391464,0.03418070414725877,-0.04486215889319757,-0.01342804342881043,-0.006441659898063234,0.002136299109230194,M01,HELD_STOW_QSPACE_ONLY,NON_RELEASE_DIAGNOSTIC_CANDIDATE,false
316,3.16,2.000627107126448,-2.822105856233502,-1.139274826933862,-0.7613135156130987,-0.3864553700797676,-0.04548203709470538,-0.4259311015363007,0.08678744503191853,-0.1139084827563106,-0.03409483830243332,-0.01635587148552971,0.005424228263855736,-0.1674348955740246,0.03411642574031949,-0.04477779351286227,-0.01340279136740769,-0.006429546056449312,0.002132281699205651,M01,HELD_STOW_QSPACE_ONLY,NON_RELEASE_DIAGNOSTIC_CANDIDATE,false
317,3.17,1.99635942967169,-2.821236277042918,-1.140416149232261,-0.7616551337110072,-0.3866192500681975,-0.04542768826554587,-0.4276038572910713,0.08712828465972533,-0.1143558346152392,-0.03422873868390971,-0.01642010576673862,0.005445530791449581,-0.1671156212861368,0.03405137061846944,-0.04469240869455427,-0.01337723417005724,-0.006417285835952402,0.002128215744383294,M01,HELD_STOW_QSPACE_ONLY,NON_RELEASE_DIAGNOSTIC_CANDIDATE,false
318,3.18,1.992075040686447,-2.820363292721719,-1.141561940763066,-0.7619980895297997,-0.3867837717839959,-0.0453731266152149,-0.4292734013046737,0.08746846986523454,-0.1148023275451952,-0.03436238197264175,-0.01648421671620304,0.005466792417552181,-0.1667925497933314,0.03398554178060786,-0.04460600837432747,-0.01335137301489013,-0.006404879801741927,0.002124101432194772,M01,HELD_STOW_QSPACE_ONLY,NON_RELEASE_DIAGNOSTIC_CANDIDATE,false
319,3.19,1.987773972477745,-2.819486909852765,-1.142712192886279,-0.7623423804833707,-0.3869489339865641,-0.04531835255514212,-0.4309396956786476,0.08780799292628044,-0.1152479514108396,-0.0344957651349419,-0.01654820287861165,0.005488012659527028,-0.166465695813457,0.0339189422256341,-0.04451859648823592,-0.01332520908003746,-0.006392328518987333,0.00211993895007174,M01,HELD_STOW_QSPACE_ONLY,NON_RELEASE_DIAGNOSTIC_CANDIDATE,false
320,3.2,1.98345625773086,-2.818607135095986,-1.143866896860744,-0.7626880039553362,-0.3871147354207785,-0.0452633665015742,-0.4326027026617122,0.08814684615068653,-0.115692696116194,-0.03462888514890399,-0.01661206280430488,0.005509191036611941,-0.1661350740643623,0.03385157495244737,-0.0444301769723335,-0.01329874354363029,-0.006379632552858045,0.00211572848544585,M01,HELD_STOW_QSPACE_ONLY,NON_RELEASE_DIAGNOSTIC_CANDIDATE,false
321,3.21,1.979121929507844,-2.817723975188084,-1.145026043844543,-0.7630349572991526,-0.3872811748170472,-0.04520816887555602,-0.4342623846497636,0.088485021876265,-0.1161365516046404,-0.03476173900440308,-0.01667579504927479,0.005530327069919041,-0.1658006992638957,0.03378344295994697,-0.0443407537626742,-0.0132719775837997,-0.0063667924685235,0.002111470225748753,M01,HELD_STOW_QSPACE_ONLY,NON_RELEASE_DIAGNOSTIC_CANDIDATE,false
322,3.22,1.974771021246054,-2.816837436942234,-1.146189624895386,-0.7633832378382336,-0.3874482508913664,-0.045152760102912,-0.4359187041858782,0.08882251247081739,-0.1165795078589217,-0.03489432370309566,-0.01673939817516523,0.005551420282434783,-0.1654625861299054,0.03371454924703213,-0.04425033079531189,-0.01324491237867675,-0.006353808831153119,0.002107164358412098,M01,HELD_STOW_QSPACE_ONLY,NON_RELEASE_DIAGNOSTIC_CANDIDATE,false
323,3.23,1.970403566756682,-2.815947527247781,-1.14735763097101,-0.7637328428660686,-0.3876159623453772,-0.0450971406142273,-0.4375716239603097,0.08915931033213398,-0.1170215549011412,-0.03502663625841944,-0.01680287074927165,0.005572470199019926,-0.1651207493802404,0.03364489681260216,-0.04415891200630061,-0.01321754910639252,-0.006340682205916348,0.00210281107086754,M01,HELD_STOW_QSPACE_ONLY,NON_RELEASE_DIAGNOSTIC_CANDIDATE,false
324,3.24,1.966019600223279,-2.815054253069946,-1.148530052929569,-0.7640837696463402,-0.3877843078664218,-0.04504131084482912,-0.4392211068104903,0.08949540788799404,-0.1174626827927624,-0.03515867369559341,-0.01686621134454122,0.005593476346409545,-0.164775203732749,0.0335744886555563,-0.04406650133169426,-0.01318988894507809,-0.006327413157982612,0.00209841055054673,M01,HELD_STOW_QSPACE_ONLY,NON_RELEASE_DIAGNOSTIC_CANDIDATE,false
325,3.25,1.961619156200287,-2.814157621449517,-1.149706881530028,-0.764436015413042,-0.3879532861275999,-0.04498527123476794,-0.4408671157210313,0.08983079759616602,-0.1179028816346099,-0.03529043305161799,-0.01692941853957287,0.005614438253213044,-0.1644259639052798,0.03350332777479387,-0.04397310270754683,-0.01316193307286452,-0.00631400225252135,0.002093962984881322,M01,HELD_STOW_QSPACE_ONLY,NON_RELEASE_DIAGNOSTIC_CANDIDATE,false
326,3.26,1.957202269611567,-2.813257639502559,-1.150888107432558,-0.7647895773705966,-0.3881228957878259,-0.04492902222879875,-0.4425096138237221,0.09016547194440719,-0.1183421415668684,-0.0354219113752748,-0.01699249091861713,0.005635355449914128,-0.1640730446156811,0.03343141716921405,-0.04387872006991218,-0.01313368266788288,-0.006300450054701983,0.002089468561302963,M01,HELD_STOW_QSPACE_ONLY,NON_RELEASE_DIAGNOSTIC_CANDIDATE,false
327,3.27,1.952768975748925,-2.812354314420106,-1.152073721198928,-0.7651444526939735,-0.3882931354918847,-0.04487256427636235,-0.4441485643975305,0.09049942345046388,-0.1187804527690833,-0.03555310572712685,-0.01705542707157627,0.00565622746887083,-0.1637164605818017,0.0333587598377162,-0.04378335735484437,-0.01310513890826426,-0.006286757129693955,0.002084927467243309,M01,HELD_STOW_QSPACE_ONLY,NON_RELEASE_DIAGNOSTIC_CANDIDATE,false
328,3.28,1.948319310270642,-2.811447653467868,-1.153263713292898,-0.7655006385288063,-0.3884640038704884,-0.04481589783156657,-0.4457839308686034,0.09083264466207146,-0.1192178054601607,-0.03568401317951841,-0.01711822559400427,0.005677053844315496,-0.1633562265214898,0.03328535877919952,-0.04368701849839725,-0.0130763029721397,-0.006272924042666688,0.002080339890134008,M01,HELD_STOW_QSPACE_ONLY,NON_RELEASE_DIAGNOSTIC_CANDIDATE,false
329,3.29,1.943853309200001,-2.810537663985924,-1.154458074080617,-0.7658581319915114,-0.3886354995403331,-0.04475902335316759,-0.4474156768102653,0.0911651281569542,-0.1196541898983669,-0.03581463081657508,-0.01718088508710678,0.005697834112354788,-0.1629923571525943,0.03321121699256334,-0.04358970743662485,-0.01304717603764031,-0.006258951358789625,0.002075706017406717,M01,HELD_STOW_QSPACE_ONLY,NON_RELEASE_DIAGNOSTIC_CANDIDATE,false
330,3.3,1.939371008923816,-2.809624353388429,-1.15565679383101,-0.7662169301694051,-0.388807621104155,-0.04470194130455111,-0.4490437659430194,0.09149686654282532,-0.1200895963813289,-0.03594495573420373,-0.01724340415774113,0.005718567810969676,-0.1626248671929635,0.03313633747670688,-0.04349142810558107,-0.01301775928289714,-0.006244839643232192,0.002071026036493083,M01,HELD_STOW_QSPACE_ONLY,NON_RELEASE_DIAGNOSTIC_CANDIDATE,false
331,3.31,1.934872446190961,-2.808707729163308,-1.156859862716178,-0.7665770301208217,-0.3889803671507874,-0.04464465215371364,-0.4506681621345481,0.09182785245738723,-0.1205240152460344,-0.03607498504009263,-0.01730578141841638,0.005739254480015463,-0.1622537713604458,0.03306072323052944,-0.04339218444131987,-0.01298805388604127,-0.006230589461163821,0.00206630013482476,M01,HELD_STOW_QSPACE_ONLY,NON_RELEASE_DIAGNOSTIC_CANDIDATE,false
332,3.32,1.930357658110896,-2.807787798871963,-1.158067270811787,-0.7669384288752314,-0.3891537362552167,-0.0445871563732438,-0.4522888293997118,0.09215807856833122,-0.1209574368688315,-0.03620471585371131,-0.01736801548729328,0.005759893661221764,-0.1618790843728899,0.03298437725293027,-0.0432919803798952,-0.01295806102520376,-0.006216201377753946,0.002061528499833399,M01,HELD_STOW_QSPACE_ONLY,NON_RELEASE_DIAGNOSTIC_CANDIDATE,false
333,3.33,1.925826682152197,-2.806864570148965,-1.159279008097463,-0.767301123433358,-0.3893277269786394,-0.04452945444030353,-0.4539057319005486,0.09248753757333741,-0.1213898516654286,-0.03633414530631054,-0.01743010498818422,0.005780484898192493,-0.1615008209481444,0.03290730254280864,-0.04319081985736101,-0.0129277818785157,-0.006201675958172001,0.002056711318950652,M01,HELD_STOW_QSPACE_ONLY,NON_RELEASE_DIAGNOSTIC_CANDIDATE,false
334,3.34,1.921279556141085,-2.80593805070176,-1.160495064457187,-0.7676651107672964,-0.3895023378685181,-0.04447154683660935,-0.4555188339462767,0.09281622220007528,-0.1218212500908952,-0.03646327054092254,-0.01749204855055337,0.005801027736405909,-0.1611189958040576,0.03282950209906385,-0.04308870680977125,-0.01289721762410816,-0.006187013767587417,0.002051848779608172,M01,HELD_STOW_QSPACE_ONLY,NON_RELEASE_DIAGNOSTIC_CANDIDATE,false
335,3.35,1.916716318259951,-2.805008248310369,-1.161715429679687,-0.7680303878206312,-0.3896775674586384,-0.04441343404841364,-0.4571280999932915,0.09314412520620297,-0.1222516226396607,-0.03659208871236074,-0.01755384480951653,0.005821521723214564,-0.160733623658478,0.03275097892059511,-0.04298564517317983,-0.01286636944011218,-0.00617221537116962,0.002046941069237607,M01,HELD_STOW_QSPACE_ONLY,NON_RELEASE_DIAGNOSTIC_CANDIDATE,false
336,3.36,1.912137007045887,-2.804075170827083,-1.162940093458833,-0.7683969515085537,-0.3898534142691656,-0.04435511656648587,-0.4587334946451674,0.09347123937936776,-0.1226809598455156,-0.03672059698721992,-0.01761549240584121,0.005841966407845339,-0.1603447192292545,0.03267173600630177,-0.04288163888364081,-0.01283523850465889,-0.00615728133408806,0.002041988375270616,M01,HELD_STOW_QSPACE_ONLY,NON_RELEASE_DIAGNOSTIC_CANDIDATE,false
337,3.37,1.907541661389212,-2.803138826176169,-1.164169045394028,-0.7687647987179802,-0.3900298768067006,-0.04429659488609386,-0.4603349826526573,0.09379755753720591,-0.1231092522816106,-0.03684879254387616,-0.01767698998594664,0.005862361341399427,-0.1599522972342351,0.03259177635508302,-0.04277669187720799,-0.01280382599587931,-0.006142212221512148,0.002036990885138843,M01,HELD_STOW_QSPACE_ONLY,NON_RELEASE_DIAGNOSTIC_CANDIDATE,false
338,3.38,1.902930320532004,-2.802199222353568,-1.165402274990603,-0.7691339263076697,-0.3902069535643368,-0.04423786950698508,-0.4619325289136924,0.0941230725273427,-0.123536490560457,-0.03697667257248687,-0.01773833620190371,0.00588270607685234,-0.1595563723912686,0.03251110296583818,-0.04267080808993544,-0.01277213309190455,-0.006127008598611331,0.002031948786273944,M01,HELD_STOW_QSPACE_ONLY,NON_RELEASE_DIAGNOSTIC_CANDIDATE,false
339,3.39,1.898303024066625,-2.801256367426593,-1.166639771660215,-0.7695043311083416,-0.3903846430217166,-0.04417894093336786,-0.4635260984733824,0.09444777722739227,-0.1239626653339267,-0.03710423427499072,-0.01779952971143502,0.005903000169053902,-0.1591569594182036,0.03242971883746652,-0.04256399145787706,-0.01274016097086566,-0.006111671030555038,0.002026862266107571,M01,HELD_STOW_QSPACE_ONLY,NON_RELEASE_DIAGNOSTIC_CANDIDATE,false
340,3.4,1.89365981193425,-2.800310269533631,-1.16788152472123,-0.7698760099227936,-0.390562943645088,-0.04411980967389264,-0.4651156565240157,0.09477166454495793,-0.1243877672932521,-0.03723147486510774,-0.01786056917791486,0.005923243174728259,-0.1587540730328884,0.03234762696886725,-0.04245624591708676,-0.0127079108108937,-0.006096200082512695,0.002021731512071373,M01,HELD_STOW_QSPACE_ONLY,NON_RELEASE_DIAGNOSTIC_CANDIDATE,false
341,3.41,1.889000724423394,-2.799360936883847,-1.16912752339913,-0.7702489595260196,-0.3907418538873608,-0.04406047624163327,-0.4667011684050588,0.09509472741763185,-0.1248117871690262,-0.03735839156833925,-0.01792145327036922,0.005943434652473868,-0.1583477279531716,0.03226483035893972,-0.04234757540361856,-0.01267538379011978,-0.006080596319653744,0.002016556711597005,M01,HELD_STOW_QSPACE_ONLY,NON_RELEASE_DIAGNOSTIC_CANDIDATE,false
342,3.42,1.884325802168442,-2.798408377756874,-1.170377756826894,-0.7706231766653271,-0.3909213721881636,-0.04400094115406823,-0.468282599603157,0.09541695881299525,-0.1252347157312023,-0.03748498162196788,-0.01798218066347577,0.005963574162763509,-0.1579379388969018,0.03218133200658314,-0.04223798385352637,-0.01264258108667494,-0.006064860307147611,0.002011338052116116,M01,HELD_STOW_QSPACE_ONLY,NON_RELEASE_DIAGNOSTIC_CANDIDATE,false
343,3.43,1.879635086148177,-2.797452600502522,-1.171632214045402,-0.7709986580604558,-0.3911014969738997,-0.0439412049330619,-0.4698599157521345,0.09573835172861843,-0.1256565437890948,-0.03761124227505762,-0.01804275003756391,0.005983661267944276,-0.1575247205819273,0.03209713491069681,-0.04212747520286413,-0.01260950387869027,-0.00604899261016373,0.00200607572106036,M01,HELD_STOW_QSPACE_ONLY,NON_RELEASE_DIAGNOSTIC_CANDIDATE,false
344,3.44,1.874928617684309,-2.796493613540478,-1.17289088400382,-0.7713754004036946,-0.3912822266578041,-0.04388126810484584,-0.4714330826329929,0.09605889919206045,-0.126077262191378,-0.03773717078845367,-0.01810316007861469,0.006003695532237573,-0.1571080877260969,0.03201224207017998,-0.0420160533876858,-0.01257615334429683,-0.006032993793871531,0.002000769905861387,M01,HELD_STOW_QSPACE_ONLY,NON_RELEASE_DIAGNOSTIC_CANDIDATE,false
345,3.45,1.87020643844,-2.79553142536,-1.17415375556,-0.77175340036,-0.39146355964,-0.0438211312,-0.473002066173913,0.09637859426086956,-0.1264968618260869,-0.03786276443478262,-0.01816340947826088,0.006023676521739131,-0.156688055047259,0.03192665648393195,-0.04190372234404537,-0.01254253066162571,-0.006016864423440457,0.001995420793950851,M01,HELD_STOW_QSPACE_ONLY,NON_RELEASE_DIAGNOSTIC_CANDIDATE,false
346,3.46,1.865468590418396,-2.794566044519621,-1.17542081748087,-0.7721326545671134,-0.391645494307555,-0.04376079475343401,-0.4745668324502541,0.09669743002258295,-0.1269153336206174,-0.03798802049845235,-0.01822349693378693,0.006043603804418989,-0.1562646372632619,0.03184038115085193,-0.04179048600799669,-0.01250863700880796,-0.006000605064039922,0.001990028572760399,M01,HELD_STOW_QSPACE_ONLY,NON_RELEASE_DIAGNOSTIC_CANDIDATE,false
347,3.47,1.860715115961151,-2.79359747964685,-1.17669205844283,-0.7725131596356795,-0.3918280290345378,-0.04370025930436842,-0.476127347684554,0.09701539959472685,-0.1273326685417257,-0.03811293627565207,-0.01828342114812901,0.006063476950121512,-0.1558378490919545,0.03175341906983927,-0.04167634831559383,-0.01247447356397467,-0.005984216280839377,0.001984593429721691,M01,HELD_STOW_QSPACE_ONLY,NON_RELEASE_DIAGNOSTIC_CANDIDATE,false
348,3.48,1.855946057746962,-2.79262573943787,-1.177967467032143,-0.7728949121493635,-0.3920111621820749,-0.04363952539631598,-0.4776835782465284,0.09733249612481631,-0.1277488575955284,-0.03823750907435224,-0.01834318082987495,0.006083295530565368,-0.1554077052511852,0.0316657732397932,-0.04156131320289067,-0.01244004150525691,-0.005967698639008247,0.001979115552266372,M01,HELD_STOW_QSPACE_ONLY,NON_RELEASE_DIAGNOSTIC_CANDIDATE,false
349,3.49,1.851161458790089,-2.791650832657239,-1.17924703174533,-0.7732779086649694,-0.3921948920984069,-0.04357859357706287,-0.4792354906530723,0.0976487127903556,-0.1281638918275027,-0.03836173621430469,-0.0184027746932643,0.006103059119343556,-0.1549742204588023,0.03157744665961296,-0.04144538460594115,-0.01240534201078575,-0.005951052703715961,0.001973595127826096,M01,HELD_STOW_QSPACE_ONLY,NON_RELEASE_DIAGNOSTIC_CANDIDATE,false
350,3.5,1.846361362438888,-2.79067276813759,-1.180530740989565,-0.7736621457125575,-0.3923792171189447,-0.04351746439864998,-0.4807830515682585,0.09796404279883779,-0.1285777623224865,-0.03848561502704254,-0.0184622014581883,0.006122767291923379,-0.1545374094326545,0.03148844232819786,-0.04132856646079924,-0.01237037625869225,-0.005934279040131953,0.001968032343832515,M01,HELD_STOW_QSPACE_ONLY,NON_RELEASE_DIAGNOSTIC_CANDIDATE,false
351,3.51,1.84154581237434,-2.789691554779331,-1.181818583083066,-0.7740476197955626,-0.3925641355663269,-0.04345613841735413,-0.4823262278033388,0.09827847938774507,-0.1289904602046782,-0.03860914285588022,-0.01852145985018986,0.006142419625646466,-0.1540972868905903,0.03139876324444715,-0.04121086270351888,-0.01233514542710749,-0.005917378213425657,0.00196242738771728,M01,HELD_STOW_QSPACE_ONLY,NON_RELEASE_DIAGNOSTIC_CANDIDATE,false
352,3.52,1.836714852608577,-2.788707201550345,-1.18311054625549,-0.7744343273909111,-0.3927496457504754,-0.04339461619366939,-0.4838649863167434,0.0985920158245486,-0.1294019766376366,-0.03873231705591348,-0.01858054860046363,0.006162015699728757,-0.1536538675504582,0.03130841240726011,-0.04109227727015403,-0.01229965069416255,-0.005900350788766505,0.001956780446912043,M01,HELD_STOW_QSPACE_ONLY,NON_RELEASE_DIAGNOSTIC_CANDIDATE,false
353,3.53,1.831868527483408,-2.787719717485692,-1.184406618648327,-0.7748222649491399,-0.3929357459686526,-0.04333289829228826,-0.4853992942140807,0.0989046454067085,-0.1298123028242812,-0.03885513499401939,-0.01863946644585592,0.006181555095260513,-0.1532071661301068,0.031217392815536,-0.04097281409675863,-0.01226389323798849,-0.005883197331323929,0.001951091708848456,M01,HELD_STOW_QSPACE_ONLY,NON_RELEASE_DIAGNOSTIC_CANDIDATE,false
354,3.54,1.827006881668856,-2.786729111687305,-1.185706788315291,-0.7752114288945127,-0.3931224345055173,-0.04327098528208301,-0.4869291187481378,0.0992163614616739,-0.1302214300068919,-0.03897759404885628,-0.01869821212886474,0.006201037395206306,-0.1527571973473844,0.0311257074681741,-0.04085247711938662,-0.0122278742367164,-0.005865918406267361,0.001945361360958171,M01,HELD_STOW_QSPACE_ONLY,NON_RELEASE_DIAGNOSTIC_CANDIDATE,false
355,3.55,1.822129960161673,-2.785735393323694,-1.187011043222719,-0.7756018156251395,-0.3933097096331818,-0.04320887773608684,-0.4884544273188801,0.09952715734688289,-0.1306293494671092,-0.03909969161086383,-0.01875678439763979,0.006220462184405028,-0.1523039759201397,0.03103335936407366,-0.04073127027409196,-0.01219159486847733,-0.005848514578766234,0.001939589590672839,M01,HELD_STOW_QSPACE_ONLY,NON_RELEASE_DIAGNOSTIC_CANDIDATE,false
356,3.56,1.817237808283882,-2.784738571629645,-1.188319371249958,-0.7759934215130933,-0.3934975696112681,-0.04314657623147523,-0.4899751874734514,0.09983702644976251,-0.1310360525259341,-0.03922142508226301,-0.01881518200598247,0.006239829049569882,-0.1518475165662213,0.030940351502134,-0.04060919749692864,-0.01215505631140238,-0.005830986413989987,0.001933776585424115,M01,HELD_STOW_QSPACE_ONLY,NON_RELEASE_DIAGNOSTIC_CANDIDATE,false
357,3.57,1.812330471681293,-2.783738655905919,-1.189631760189763,-0.7763862429045282,-0.3936860126869642,-0.04308408134954714,-0.491491366906175,0.1001459621877291,-0.1314415305437284,-0.03934279187705619,-0.0188734037133459,0.006259137579288403,-0.1513878340034774,0.03084668688125429,-0.0404862627239505,-0.01211825974362259,-0.005813334477108035,0.001927922532643645,M01,HELD_STOW_QSPACE_ONLY,NON_RELEASE_DIAGNOSTIC_CANDIDATE,false
358,3.58,1.807407996322042,-2.782735655518953,-1.19094819774869,-0.7767802761197971,-0.3938750370950814,-0.04302139367570629,-0.4930029334585512,0.1004539580081875,-0.131845774920214,-0.03946378942102691,-0.01893144828483485,0.006278387364022423,-0.1509249429497568,0.03075236850033391,-0.04036246989121161,-0.01208120634326906,-0.005795559333289829,0.001922027619763086,M01,HELD_STOW_QSPACE_ONLY,NON_RELEASE_DIAGNOSTIC_CANDIDATE,false
359,3.59,1.802470428495111,-2.781729579900559,-1.192268671547489,-0.7771755174535698,-0.3940646410581099,-0.0429585137994424,-0.4945098551192598,0.100761007388532,-0.1322487770944736,-0.0395844151517401,-0.01898931449120581,0.006297577996108104,-0.1504588581229078,0.03065739935827204,-0.0402378229347658,-0.01204389728847283,-0.005777661547704786,0.001916092034214085,M01,HELD_STOW_QSPACE_ONLY,NON_RELEASE_DIAGNOSTIC_CANDIDATE,false
360,3.6,1.797517814808859,-2.780720438547628,-1.193593169121496,-0.7775719631749508,-0.3942548227862759,-0.04289544231431246,-0.4960121000241585,0.1010671038361455,-0.1326505285449505,-0.03970466651854199,-0.01904700110886695,0.006316709069755917,-0.1499895942407792,0.03056178245396803,-0.04011232579066713,-0.01200633375736501,-0.005759641685522353,0.0019101159634283,M01,HELD_STOW_QSPACE_ONLY,NON_RELEASE_DIAGNOSTIC_CANDIDATE,false
361,3.61,1.792550202189553,-2.779708241021824,-1.19492167792103,-0.7779696095275968,-0.3944455804775978,-0.04283217981792199,-0.4975096364562839,0.1013722408884002,-0.1330510207894483,-0.03982454098256013,-0.01910450691987816,0.006335780181050652,-0.1495171660212195,0.03046552078632112,-0.03998598239496954,-0.01196851692807667,-0.005741500311911959,0.00190409959483738,M01,HELD_STOW_QSPACE_ONLY,NON_RELEASE_DIAGNOSTIC_CANDIDATE,false
362,3.62,1.787567637879892,-2.77869299694929,-1.196254185311785,-0.7783684527298345,-0.394636912317943,-0.0427687269119063,-0.4990024328458508,0.1016764121126571,-0.1334502453851313,-0.03994403601670336,-0.019161830711951,0.006354790927951418,-0.1490415881820768,0.03036861735423053,-0.03985879668372687,-0.01193044797873884,-0.005723237992043024,0.001898043115872973,M01,HELD_STOW_QSPACE_ONLY,NON_RELEASE_DIAGNOSTIC_CANDIDATE,false
363,3.63,1.782570169437537,-2.777674716020343,-1.197590678575221,-0.7787684889747789,-0.3948288164810843,-0.04270508420191171,-0.5004904577702529,0.1019796111062663,-0.1338481939285245,-0.04006314910566184,-0.01921897127844872,0.006373740910291638,-0.1485628754411999,0.03027107515659557,-0.03973077259299315,-0.01189212808748262,-0.00570485529108499,0.001891946713966735,M01,HELD_STOW_QSPACE_ONLY,NON_RELEASE_DIAGNOSTIC_CANDIDATE,false
364,3.64,1.777557844733638,-2.776653407989178,-1.198931144908963,-0.7791697144304507,-0.3950212911287562,-0.04264125229757685,-0.5019736799540618,0.1022818314965668,-0.1342448580555131,-0.04018187774590705,-0.0192759274183863,0.006392629729779052,-0.1480810425164375,0.03017289719231553,-0.03960191405882234,-0.0118535584324391,-0.005686352774207294,0.001885810576550318,M01,HELD_STOW_QSPACE_ONLY,NON_RELEASE_DIAGNOSTIC_CANDIDATE,false
365,3.65,1.772530711951368,-2.775629082673568,-1.20027557142719,-0.7795721252398942,-0.3952143344107117,-0.0425772318125139,-0.5034520682690281,0.1025830669408868,-0.134640229441343,-0.04030021944569177,-0.01933269793643037,0.006411456989995716,-0.1475961041256378,0.03007408646028964,-0.03947222501726835,-0.01181474019173932,-0.00566773100657936,0.001879634891055371,M01,HELD_STOW_QSPACE_ONLY,NON_RELEASE_DIAGNOSTIC_CANDIDATE,false
366,3.66,1.76748881958444,-2.774601749954559,-1.20162394516103,-0.7799757175212951,-0.3954079444647789,-0.04251302336428986,-0.5049255917340807,0.1028833111265431,-0.1350342998006207,-0.04041817172505009,-0.01938928164289928,0.006430222296398004,-0.1471080749866495,0.02997464595941719,-0.03934170940438514,-0.01177567454351437,-0.005648990553370622,0.001873419844913548,M01,HELD_STOW_QSPACE_ONLY,NON_RELEASE_DIAGNOSTIC_CANDIDATE,false
367,3.67,1.762432216435649,-2.773571419776179,-1.202976253058956,-0.7803804873680985,-0.3956021194169171,-0.04244862757440777,-0.5063942195153267,0.103182557770842,-0.1354270608873131,-0.0405357321157974,-0.01944567735376308,0.006448925256316603,-0.146616969817321,0.02987457868859745,-0.03921037115622666,-0.01173636266589532,-0.005630131979750515,0.0018671656255565,M01,HELD_STOW_QSPACE_ONLY,NON_RELEASE_DIAGNOSTIC_CANDIDATE,false
368,3.68,1.757360951615385,-2.772538102145127,-1.204332481987175,-0.7807864308491265,-0.3957968573812736,-0.042384045068288,-0.5078579209260521,0.1034808006210783,-0.1358185044947478,-0.04065289816153044,-0.01950188389064348,0.006467565478956521,-0.1461228033355009,0.02977388764672967,-0.03907821420884686,-0.01169680573701323,-0.005611155850888468,0.001860872420415878,M01,HELD_STOW_QSPACE_ONLY,NON_RELEASE_DIAGNOSTIC_CANDIDATE,false
369,3.69,1.752275074540178,-2.771501807130483,-1.205692618730024,-0.7811935440086957,-0.3959921564602403,-0.04231927647524951,-0.5093166654267213,0.1037780334545361,-0.1362086224556128,-0.04076966741762723,-0.01955790008081393,0.006486142575397081,-0.1456255902590378,0.02967257583271316,-0.03894524249829972,-0.0116570049349992,-0.00559206273195392,0.001854540416923337,M01,HELD_STOW_QSPACE_ONLY,NON_RELEASE_DIAGNOSTIC_CANDIDATE,false
370,3.7,1.747174634931209,-2.770462544863404,-1.207056649990367,-0.7816018228667361,-0.39618801474451,-0.04225432242849108,-0.510770422624977,0.1040742500784884,-0.1365974066419568,-0.0408860374512471,-0.01961372475719956,0.006504656158591921,-0.1451253453057799,0.02957064624544712,-0.0388114599606391,-0.01161696143798427,-0.005572853188116293,0.001848169802510524,M01,HELD_STOW_QSPACE_ONLY,NON_RELEASE_DIAGNOSTIC_CANDIDATE,false
371,3.71,1.742059682812853,-2.769420325536824,-1.208424562389982,-0.7820112634189076,-0.396384430313133,-0.0421891835650726,-0.5122191622756405,0.1043694443301972,-0.1369848489651888,-0.04100200584133069,-0.01966935675837715,0.006523105843368997,-0.1446220831935761,0.0294681018838309,-0.03867687053191906,-0.01157667642409953,-0.00555352778454503,0.001841760764609095,M01,HELD_STOW_QSPACE_ONLY,NON_RELEASE_DIAGNOSTIC_CANDIDATE,false
372,3.72,1.736930268511198,-2.768375159405153,-1.209796342469959,-0.7824218616367187,-0.3965814012335736,-0.0421238605258963,-0.5136628542807115,0.1046636100769135,-0.1373709413760785,-0.04111757017859996,-0.01972479492857524,0.006541491246430579,-0.1441158186402748,0.02936494574676374,-0.0385414781481935,-0.01153615107147606,-0.005534087086409561,0.0018353134906507,M01,HELD_STOW_QSPACE_ONLY,NON_RELEASE_DIAGNOSTIC_CANDIDATE,false
373,3.73,1.731786442652577,-2.767327056783981,-1.211171976691092,-0.7828336134676438,-0.3967789255617668,-0.042058353955688,-0.5151014686893683,0.1049567412158773,-0.1377556758647561,-0.04123272806555818,-0.01978003811767403,0.006559811986353259,-0.1436065663637243,0.02926118083314487,-0.03840528674551633,-0.01149538655824492,-0.00551453165887931,0.00182882816806699,M01,HELD_STOW_QSPACE_ONLY,NON_RELEASE_DIAGNOSTIC_CANDIDATE,false
374,3.74,1.726628256162094,-2.766276028049774,-1.212551451434274,-0.7832465148352418,-0.3969770013421746,-0.0419926645029784,-0.5165349756979679,0.1052488316743175,-0.1381390444607125,-0.04134747711648993,-0.01983508518120541,0.00657806768358794,-0.1430943410817735,0.02915681014187363,-0.03826830025994158,-0.01145438406253718,-0.005494862067123723,0.00182230498428962,M01,HELD_STOW_QSPACE_ONLY,NON_RELEASE_DIAGNOSTIC_CANDIDATE,false
375,3.75,1.721455760262155,-2.765222083639576,-1.213934753000889,-0.7836605616392724,-0.3971756266078424,-0.04192679282008432,-0.5179633456500453,0.1055398754094522,-0.1385210392327988,-0.0414618149574611,-0.01988993498035298,0.006596257960459844,-0.1425791575122705,0.0290518366718492,-0.0381305226275231,-0.01141314476248391,-0.005475078876312216,0.001815744126750236,M01,HELD_STOW_QSPACE_ONLY,NON_RELEASE_DIAGNOSTIC_CANDIDATE,false
376,3.76,1.716269006470995,-2.764165234050709,-1.215321867613207,-0.784075749755816,-0.3973747993804558,-0.04186073956308995,-0.5193865490363144,0.1058298664084883,-0.138901652289227,-0.0415757392263189,-0.01994458638195203,0.006614382441168512,-0.1420610303730641,0.02894626342197093,-0.0379919577843149,-0.0113716698362162,-0.005455182651614234,0.001809145782880495,M01,HELD_STOW_QSPACE_ONLY,NON_RELEASE_DIAGNOSTIC_CANDIDATE,false
377,3.77,1.711068046601205,-2.763105489840473,-1.216712781414775,-0.7844920750373893,-0.3975745176703973,-0.04179450539182812,-0.5208045564946673,0.1061187986886218,-0.1392808757775694,-0.04168924757269183,-0.01999903825848955,0.006632440751787794,-0.1415399743820027,0.02884009339113805,-0.03785260966637093,-0.0113299604618651,-0.005435173958199205,0.001802510140112047,M01,HELD_STOW_QSPACE_ONLY,NON_RELEASE_DIAGNOSTIC_CANDIDATE,false
378,3.78,1.705852932758261,-2.762042861625845,-1.218107480470817,-0.7849095333130649,-0.397774779476802,-0.04172809096986154,-0.5222173388101743,0.1064066662970376,-0.1396587018847588,-0.04180233765798969,-0.02005328948810419,0.006650432520265861,-0.141016004256935,0.02873332957824987,-0.03771248220974516,-0.01128801781756171,-0.005415053361236569,0.001795837385876545,M01,HELD_STOW_QSPACE_ONLY,NON_RELEASE_DIAGNOSTIC_CANDIDATE,false
379,3.79,1.700623717339053,-2.760977360083184,-1.219505950768617,-0.7853281203885881,-0.3979755827876149,-0.04166149696446408,-0.5236248669150853,0.1066934633109096,-0.1400351228370888,-0.04191500715540365,-0.02010733895458634,0.006668357376425205,-0.1404891347157093,0.0286259749822056,-0.03757157935049148,-0.01124584308143708,-0.005394821425895745,0.001789127707605639,M01,HELD_STOW_QSPACE_ONLY,NON_RELEASE_DIAGNOSTIC_CANDIDATE,false
380,3.8,1.695380453030412,-2.759908995947922,-1.220908178217923,-0.7857478320464952,-0.3981769255796474,-0.04159472404660199,-0.5250271118888274,0.1069791838374008,-0.1404101309002133,-0.04202725374990612,-0.02016118554737807,0.006686214951962627,-0.1399593804761741,0.02851803260190453,-0.03742990502466385,-0.01120343743162228,-0.005374478717346172,0.001782381292730981,M01,HELD_STOW_QSPACE_ONLY,NON_RELEASE_DIAGNOSTIC_CANDIDATE,false
381,3.81,1.690123192807641,-2.758837780014273,-1.222314148651336,-0.7861686640462311,-0.3983788058186332,-0.04152777289091521,-0.5264240449580071,0.1072638220136632,-0.140783718379147,-0.04213907513825089,-0.02021482816157313,0.00670400488044925,-0.139426756256178,0.02840950543624594,-0.03728746316831623,-0.01116080204624839,-0.005354025800757281,0.001775598328684223,M01,HELD_STOW_QSPACE_ONLY,NON_RELEASE_DIAGNOSTIC_CANDIDATE,false
382,3.82,1.684851989933038,-2.757763723134929,-1.223723847824702,-0.786590612124267,-0.3985812214592854,-0.04146064417569856,-0.5278156374964089,0.1075473720068375,-0.1411558776182648,-0.042250469028973,-0.02026826569791699,0.006721726797330511,-0.1388912767735696,0.02830039648412909,-0.03714425771750258,-0.01111793810344648,-0.005333463241298507,0.001768779002897017,M01,HELD_STOW_QSPACE_ONLY,NON_RELEASE_DIAGNOSTIC_CANDIDATE,false
383,3.83,1.679566897954429,-2.756686836220759,-1.22513726141751,-0.7870136719942182,-0.3987841704453527,-0.04139333858288309,-0.5292018610249959,0.1078298280140539,-0.1415266010013023,-0.04236143314238883,-0.02032149706280677,0.006739380339926161,-0.1383529567461975,0.02819070874445329,-0.03700029260827688,-0.01107484678134764,-0.005312791604139285,0.001761923502801017,M01,HELD_STOW_QSPACE_ONLY,NON_RELEASE_DIAGNOSTIC_CANDIDATE,false
384,3.84,1.674267970703694,-2.755607130240514,-1.226554375033281,-0.7874378393469627,-0.3989876507096762,-0.04132585679801722,-0.5305826872119098,0.1081111842624311,-0.1418958809513558,-0.04247196521059606,-0.02037452116829133,0.006756965147430273,-0.1378118108919099,0.02808044521611775,-0.03685557177669301,-0.01103152925808292,-0.005292011454449042,0.001755032015827871,M01,HELD_STOW_QSPACE_ONLY,NON_RELEASE_DIAGNOSTIC_CANDIDATE,false
385,3.85,1.668955262295295,-2.75452461622052,-1.227975174199964,-0.7878631098507578,-0.3991916601742456,-0.0412581995102481,-0.5319580878724706,0.108391435009077,-0.1422637099308818,-0.0425820629774737,-0.02042733693207121,0.006774480860911233,-0.1372678539285554,0.02796960889802174,-0.03671009915880492,-0.01098798671178339,-0.005271123357397206,0.001748104729409231,M01,HELD_STOW_QSPACE_ONLY,NON_RELEASE_DIAGNOSTIC_CANDIDATE,false
386,3.86,1.663628827124807,-2.753439305244385,-1.229399644370332,-0.7882894791513586,-0.3993961967502558,-0.0411903674123028,-0.5333280349691768,0.1086705745410886,-0.1426300804416977,-0.04269172419868205,-0.02047994327749864,0.006791927123311744,-0.1367211005739827,0.02785820278906459,-0.03656387869066663,-0.01094422032058014,-0.005250127878153221,0.001741141830976752,M01,HELD_STOW_QSPACE_ONLY,NON_RELEASE_DIAGNOSTIC_CANDIDATE,false
387,3.87,1.658288719867441,-2.752351208452693,-1.230827770922369,-0.788716942872136,-0.3996012583381638,-0.04112236120046961,-0.5346925006117057,0.1089485971755518,-0.1429949850249812,-0.04280094664166274,-0.02053233913357753,0.006809303579448828,-0.1361715655460402,0.02774622988814554,-0.03641691430833205,-0.01090023126260423,-0.005229025581886516,0.001734143507962085,M01,HELD_STOW_QSPACE_ONLY,NON_RELEASE_DIAGNOSTIC_CANDIDATE,false
388,3.88,1.65293499547658,-2.751260337042712,-1.23225953915967,-0.7891454966141939,-0.3998068428277445,-0.04105418157457928,-0.5360514570569125,0.1092254972595413,-0.1433584162612705,-0.04290972808563866,-0.02058452343496352,0.006826609876013817,-0.1356192635625763,0.0276336931941638,-0.03626920994785507,-0.01085602071598673,-0.005207817033766511,0.001727109947796878,M01,HELD_STOW_QSPACE_ONLY,NON_RELEASE_DIAGNOSTIC_CANDIDATE,false
389,3.89,1.647567709182297,-2.750166702268084,-1.233694934311833,-0.7895751359564874,-0.4000129480981478,-0.04098582923798624,-0.5374048767088317,0.1095012691701212,-0.1437203667704647,-0.0430180663216141,-0.02063649512196392,0.00684384566157237,-0.1350642093414398,0.02752059570601873,-0.03612076954528973,-0.01081158985885873,-0.005186502798962656,0.001720041337912787,M01,HELD_STOW_QSPACE_ONLY,NON_RELEASE_DIAGNOSTIC_CANDIDATE,false
390,3.9,1.642186916489893,-2.749070315438534,-1.235133941534849,-0.7900058564559408,-0.400219572017955,-0.04091730489754992,-0.5387527321186756,0.1097759073143442,-0.144080829211823,-0.0431259591523746,-0.02068825314053774,0.006861010586564453,-0.134506417600479,0.02740694042260954,-0.03597159703668992,-0.01076693986935127,-0.005165083442644371,0.001712937865741461,M01,HELD_STOW_QSPACE_ONLY,NON_RELEASE_DIAGNOSTIC_CANDIDATE,false
391,3.91,1.636792673178419,-2.747971187919565,-1.236576545911501,-0.7904376536475648,-0.4004267124452352,-0.040848609263616,-0.5400949959848349,0.1100494061292522,-0.1444397962839652,-0.04323340439248699,-0.02073979644229567,0.00687810430330435,-0.1339459030575425,0.02729273034283554,-0.03582169635810963,-0.01072207192559547,-0.005143559529981098,0.001705799718714556,M01,HELD_STOW_QSPACE_ONLY,NON_RELEASE_DIAGNOSTIC_CANDIDATE,false
392,3.92,1.631385035299207,-2.74686933113216,-1.238022732451753,-0.7908705230445749,-0.4006343672276018,-0.04077974304999759,-0.5414316411528791,0.110321760081876,-0.144797260724872,-0.04334039986829943,-0.0207911239845001,0.006895126465980662,-0.1333826804304788,0.02717796846559596,-0.03567107144560279,-0.01067698720572236,-0.005121931626142262,0.001698627084263719,M01,HELD_STOW_QSPACE_ONLY,NON_RELEASE_DIAGNOSTIC_CANDIDATE,false
393,3.93,1.625964059174396,-2.745764756552481,-1.239472486093148,-0.7913044601385089,-0.4008425342022691,-0.0407107069739566,-0.5427626406155568,0.1105929636692355,-0.1451532153118844,-0.04344694341794147,-0.02084223473006515,0.006912076730656315,-0.1328167644371364,0.02706265778979011,-0.03551972623522335,-0.01063168688786303,-0.0051002002962973,0.001691420149820605,M01,HELD_STOW_QSPACE_ONLY,NON_RELEASE_DIAGNOSTIC_CANDIDATE,false
394,3.94,1.620529801395464,-2.744657475711572,-1.240925791701196,-0.7917394603993448,-0.4010512111961089,-0.04064150175618489,-0.5440879675127938,0.1108630114183396,-0.1455076528617038,-0.04355303289132384,-0.02089312764755659,0.006928954755268538,-0.1322481697953638,0.02694680131431721,-0.03536766466302523,-0.01058617215014854,-0.005078366105615639,0.001684179102816863,M01,HELD_STOW_QSPACE_ONLY,NON_RELEASE_DIAGNOSTIC_CANDIDATE,false
395,3.95,1.615082318821751,-2.743547500195056,-1.242382634069773,-0.7921755192756188,-0.4012603960257067,-0.0405721281207856,-0.5454075951316956,0.111131897886186,-0.1458605662303923,-0.0436586661501387,-0.02094380171119191,0.00694576019962889,-0.1316769112230096,0.02683040203807658,-0.03521489066506243,-0.01054044417070998,-0.005056429619266717,0.001676904130684147,M01,HELD_STOW_QSPACE_ONLY,NON_RELEASE_DIAGNOSTIC_CANDIDATE,false
396,3.96,1.609621668578993,-2.742434841642833,-1.243842997921514,-0.7926126321945427,-0.4014700864974188,-0.0405025867952544,-0.5467214969065448,0.1113996176597616,-0.1462119483133726,-0.0437638410678594,-0.02099425590084026,0.00696249272542323,-0.1311030034379224,0.02671346295996748,-0.03506140817738889,-0.01049450412767842,-0.005034391402419967,0.00166959542085411,M01,HELD_STOW_QSPACE_ONLY,NON_RELEASE_DIAGNOSTIC_CANDIDATE,false
397,3.97,1.604147908057844,-2.741319511748788,-1.2453068679082,-0.793050794562122,-0.4016802804074281,-0.04043287851046069,-0.5480296464188041,0.1116661653560421,-0.1465617920454279,-0.04386855552974071,-0.02104448920202254,0.006979151996211751,-0.1305264611579504,0.02659598707888914,-0.03490722113605851,-0.01044835319918492,-0.005012252020244815,0.0016622531607584,M01,HELD_STOW_QSPACE_ONLY,NON_RELEASE_DIAGNOSTIC_CANDIDATE,false
398,3.98,1.598661094912412,-2.740201522260483,-1.246774228611162,-0.7934900017632736,-0.401890975541801,-0.04036300400062894,-0.5493320173971139,0.1119315356219925,-0.1469100904007018,-0.04397280743281867,-0.02109450060591131,0.006995737677428953,-0.1299472991009424,0.02647797739374087,-0.03475233347712529,-0.01040199256336056,-0.004990012037910698,0.001654877537828671,M01,HELD_STOW_QSPACE_ONLY,NON_RELEASE_DIAGNOSTIC_CANDIDATE,false
399,3.99,1.593161287058779,-2.739080884978863,-1.248245064541666,-0.7939302491619438,-0.4021021696765441,-0.04029296400331987,-0.5506285837172923,0.1121957231345663,-0.1472568363926985,-0.04407659468591058,-0.02114428910933079,0.007012249436383649,-0.1293655319847468,0.02635943690342191,-0.03459674913664313,-0.01035542339833641,-0.004967672020587045,0.001647468739496574,M01,HELD_STOW_QSPACE_ONLY,NON_RELEASE_DIAGNOSTIC_CANDIDATE,false
400,4,1.587648542673534,-2.73795761175795,-1.24971936014131,-0.7943715321012258,-0.4023138605776603,-0.04022275925941175,-0.5519193194023375,0.1124587226007066,-0.147602023074283,-0.04417991520961516,-0.02119385371475697,0.00702868694225898,-0.1287811745272122,0.02624036860683156,-0.03444047205066605,-0.01030864688224354,-0.004945232533443296,0.001640026953193763,M01,HELD_STOW_QSPACE_ONLY,NON_RELEASE_DIAGNOSTIC_CANDIDATE,false
401,4.01,1.582122920192299,-2.73683171450455,-1.25119709978242,-0.794813845903478,-0.4025260460012057,-0.04015239051308164,-0.553204198622425,0.1127205287573451,-0.1479456435376804,-0.04428276693631233,-0.02124319343031749,0.007045049866112395,-0.1281942414461869,0.02612077550286906,-0.03428350615524793,-0.01026166419321303,-0.004922694141648874,0.001632552366351887,M01,HELD_STOW_QSPACE_ONLY,NON_RELEASE_DIAGNOSTIC_CANDIDATE,false
402,4.02,1.57658447830826,-2.735703205177948,-1.252678267768437,-0.7952571858704413,-0.4027387236933458,-0.04008185851178667,-0.554483195694909,0.1129811363714024,-0.1482876909144766,-0.04438514781016339,-0.02129230726979168,0.007061337880875659,-0.1276047474595197,0.0260006605904337,-0.03412585538644275,-0.01021447650937594,-0.004900057410373217,0.001625045166402599,M01,HELD_STOW_QSPACE_ONLY,NON_RELEASE_DIAGNOSTIC_CANDIDATE,false
403,4.03,1.571033275970694,-2.734572095789611,-1.254162848334319,-0.795701547283357,-0.402951891390412,-0.04001116400624528,-0.5557562850843227,0.1132405402397885,-0.1486281583756181,-0.04448705578711093,-0.02134119425261058,0.00707755066135486,-0.1270127072850588,0.02588002686842472,-0.03396752368030442,-0.01016708500886335,-0.004877322904785751,0.001617505540777549,M01,HELD_STOW_QSPACE_ONLY,NON_RELEASE_DIAGNOSTIC_CANDIDATE,false
404,4.04,1.565469372383495,-2.733438398402885,-1.255650825646927,-0.7961469254030848,-0.4031655468189588,-0.03994030775041847,-0.5570234414023773,0.113498735189402,-0.1489670391314118,-0.04458848883487886,-0.02138985340385692,0.007093687884230399,-0.1264181356406531,0.02575887733574144,-0.03380851497288698,-0.01011949086980634,-0.00485449119005592,0.001609933676908393,M01,HELD_STOW_QSPACE_ONLY,NON_RELEASE_DIAGNOSTIC_CANDIDATE,false
405,4.05,1.559892827003705,-2.7323021251327,-1.257142183805424,-0.7965933154702209,-0.4033796876958191,-0.03986929050149105,-0.5582846394079622,0.1137557160771308,-0.1493043264315252,-0.04468944493297235,-0.02143828375426512,0.007109749228056988,-0.125821047244151,0.02563721499128311,-0.03364883320024432,-0.01007169527033597,-0.004831562831353151,0.001602329762226781,M01,HELD_STOW_QSPACE_ONLY,NON_RELEASE_DIAGNOSTIC_CANDIDATE,false
406,4.06,1.554303699540039,-2.731163288145263,-1.258636906841665,-0.7970407127052151,-0.403594311728162,-0.03979811301985293,-0.559539854007146,0.1140114777898514,-0.1496400135649861,-0.04478992207267796,-0.0214864843402213,0.007125734373263664,-0.1252214568134007,0.02551504283394896,-0.03348848229843035,-0.01002369938858332,-0.004808538393846869,0.001594693984164362,M01,HELD_STOW_QSPACE_ONLY,NON_RELEASE_DIAGNOSTIC_CANDIDATE,false
407,4.07,1.548702049951421,-2.730021899657766,-1.260134978720592,-0.7974891123084888,-0.4038094166135482,-0.03972677606908037,-0.5607890602531758,0.1142660152444298,-0.1499740938601834,-0.04488991825706353,-0.02153445420376329,0.00714164300215378,-0.124619379066251,0.02539236386263828,-0.03332746620349904,-0.009975504402679443,-0.00478541844270651,0.001587026530152789,M01,HELD_STOW_QSPACE_ONLY,NON_RELEASE_DIAGNOSTIC_CANDIDATE,false
408,4.08,1.543087938445502,-2.728877971938082,-1.261636383340629,-0.7979385094605534,-0.4040250000399875,-0.03965528041591719,-0.562032233346476,0.1145193233877206,-0.1503065606848659,-0.04498943150097817,-0.02158219239258056,0.007157474798904996,-0.1240148287205505,0.02526918107625038,-0.03316578885150442,-0.009927111490755444,-0.004762203543101516,0.001579327587623717,M01,HELD_STOW_QSPACE_ONLY,NON_RELEASE_DIAGNOSTIC_CANDIDATE,false
409,4.09,1.537461425477192,-2.727731517304463,-1.263141104534073,-0.7983888993221276,-0.4042410596859946,-0.0395836268302561,-0.5632693486346512,0.1147713971965676,-0.1506374074461435,-0.04508845983105236,-0.02162969796001434,0.007173229449569303,-0.1234078204941475,0.02514549747368448,-0.03300345417850033,-0.009878521830942368,-0.004738894260201308,0.001571597344008794,M01,HELD_STOW_QSPACE_ONLY,NON_RELEASE_DIAGNOSTIC_CANDIDATE,false
410,4.1,1.531822571747193,-2.726582548125246,-1.264649126067491,-0.7988402770342551,-0.4044575932206458,-0.03951181608511989,-0.5645003816124828,0.1150222316778034,-0.1509666275904861,-0.04518700128569782,-0.0216769699650575,0.007188906642072993,-0.1227983691048908,0.02502131605383989,-0.03284046612054081,-0.009829736601371309,-0.004715491159175328,0.001563835986739675,M01,HELD_STOW_QSPACE_ONLY,NON_RELEASE_DIAGNOSTIC_CANDIDATE,false
411,4.11,1.52617143820052,-2.725431076818547,-1.266160431642108,-0.7992926377184228,-0.4046745983036359,-0.03943984895664272,-0.5657253079219322,0.1152718218682498,-0.1512942146037246,-0.04528505391510768,-0.02172400747235465,0.007204506066216687,-0.1221864892706285,0.02489663981561584,-0.03267682861367973,-0.009780756980173321,-0.004691994805193,0.001556043703248009,M01,HELD_STOW_QSPACE_ONLY,NON_RELEASE_DIAGNOSTIC_CANDIDATE,false
412,4.12,1.520508086025034,-2.724277115851964,-1.267675004894208,-0.7997459764766784,-0.4048920725853342,-0.03936772622405137,-0.5669441033521379,0.1155201628347174,-0.1516201620110501,-0.04538261578125628,-0.02177080955220206,0.007220027413675312,-0.1215721957092095,0.02477147175791163,-0.03251254559397109,-0.009731584145479488,-0.00466840576342376,0.001548220680965449,M01,HELD_STOW_QSPACE_ONLY,NON_RELEASE_DIAGNOSTIC_CANDIDATE,false
413,4.13,1.51483257664997,-2.723120677742279,-1.269192829395521,-0.8002002883917483,-0.405110013706841,-0.03929544866964654,-0.5681567438394185,0.115767249674006,-0.1519444633770147,-0.04547968495789937,-0.02181737528054773,0.007235470377998128,-0.1209555031384821,0.02464581487962649,-0.0323476209974688,-0.009682219275420867,-0.004644724599037037,0.001540367107323646,M01,HELD_STOW_QSPACE_ONLY,NON_RELEASE_DIAGNOSTIC_CANDIDATE,false
414,4.14,1.509144971744461,-2.721961775055155,-1.270713888653619,-0.8006555685271552,-0.4053284193000448,-0.039223017078784,-0.5693632054672695,0.1160130775129044,-0.1522671123055304,-0.04557625953057393,-0.02186370373899131,0.007250834654608695,-0.1203364262762948,0.02451967217965972,-0.03218205876022683,-0.009632663548128542,-0.004620951877202267,0.001532483169754252,M01,HELD_STOW_QSPACE_ONLY,NON_RELEASE_DIAGNOSTIC_CANDIDATE,false
415,4.15,1.50344533321607,-2.720800420404836,-1.272238166112313,-0.8011118119273363,-0.4055472869876781,-0.03915043223985595,-0.5705634644663655,0.11625764150819,-0.1525881024398702,-0.04567233759659826,-0.02190979401478417,0.007266119940804893,-0.1197149798404964,0.02439304665691061,-0.03201586281829915,-0.009582918141733595,-0.004597088163088887,0.001524569055688922,M01,HELD_STOW_QSPACE_ONLY,NON_RELEASE_DIAGNOSTIC_CANDIDATE,false
416,4.16,1.49773372320932,-2.719636626453851,-1.27376564515204,-0.8015690136177607,-0.405766614383374,-0.03907769494427225,-0.5717574972145604,0.1165009368466296,-0.1529074274626677,-0.04576791726507203,-0.02195564520082939,0.007281325935758927,-0.119091178548935,0.02426594131027837,-0.03184903710773964,-0.00953298423436707,-0.004573134021866316,0.001516624952559301,M01,HELD_STOW_QSPACE_ONLY,NON_RELEASE_DIAGNOSTIC_CANDIDATE,false
417,4.17,1.492010204104215,-2.718470405912708,-1.275296309090263,-0.8020271686050475,-0.4059863990917233,-0.03900480598644163,-0.5729452802368847,0.1167429587449789,-0.1532250810959165,-0.04586299665687615,-0.02200125639568171,0.007296452340517305,-0.1184650371194595,0.02413835913866233,-0.03168158556460235,-0.009482863004160071,-0.004549090018704001,0.001508651047797048,M01,HELD_STOW_QSPACE_ONLY,NON_RELEASE_DIAGNOSTIC_CANDIDATE,false
418,4.18,1.486274838514777,-2.717301771539599,-1.27683014118186,-0.8024862718770835,-0.4062066387083304,-0.03893176616375302,-0.5741267902055494,0.1169837024499826,-0.1535410571009713,-0.04595757390467288,-0.02204662670354758,0.007311498858000866,-0.1178365702699182,0.02401030314096173,-0.03151351212494116,-0.009432555629243652,-0.004524956718771366,0.001500647528833811,M01,HELD_STOW_QSPACE_ONLY,NON_RELEASE_DIAGNOSTIC_CANDIDATE,false
419,4.19,1.480527689287568,-2.7161307361401,-1.27836712461952,-0.8029463184031411,-0.4064273308198699,-0.03885857627655676,-0.5753020039399422,0.1172231632383742,-0.153855349278547,-0.04605164715290575,-0.02209175523428513,0.007326465193004749,-0.1172057927181597,0.02388177631607585,-0.03134482072481004,-0.009382063287748895,-0.004500734687237848,0.001492614583101243,M01,HELD_STOW_QSPACE_ONLY,NON_RELEASE_DIAGNOSTIC_CANDIDATE,false
420,4.2,1.47476881950022,-2.714957312566868,-1.279907242534136,-0.8034073031339959,-0.4066484730041434,-0.03878523712814584,-0.5764708984066312,0.1174613364168765,-0.1541679514687194,-0.04614521455779969,-0.02213664110340422,0.00734135105219843,-0.1165727191820323,0.02375278166290391,-0.03117551530026288,-0.009331387157806846,-0.004476424489272868,0.001484552398030993,M01,HELD_STOW_QSPACE_ONLY,NON_RELEASE_DIAGNOSTIC_CANDIDATE,false
421,4.21,1.468998292459965,-2.713781513719343,-1.281450477995197,-0.8038692210020447,-0.4068700628301358,-0.03871174952473722,-0.5776334507193611,0.117698217322201,-0.1544788575509244,-0.04623827428736083,-0.02218128343206638,0.007356156144125682,-0.1159373643793849,0.02362332218034525,-0.03100559978735373,-0.009280528417548613,-0.004452026690045874,0.001476461161054717,M01,HELD_STOW_QSPACE_ONLY,NON_RELEASE_DIAGNOSTIC_CANDIDATE,false
422,4.22,1.463216171702159,-2.712603352543449,-1.282996814011186,-0.8043320669214233,-0.407092097858072,-0.03863811427545303,-0.5787896381390566,0.1179338013210484,-0.1547880614439588,-0.0463308245213767,-0.02222568134708483,0.007370880179204608,-0.1152997430280659,0.02349340086729912,-0.03083507812213648,-0.009229488245105253,-0.004427541854726291,0.001468341059604064,M01,HELD_STOW_QSPACE_ONLY,NON_RELEASE_DIAGNOSTIC_CANDIDATE,false
423,4.23,1.457422520988816,-2.711422842031292,-1.284546233529968,-0.8047958357881243,-0.407314575639473,-0.03856433219230185,-0.5799394380738201,0.1181680838101084,-0.1550955571059797,-0.04642286345141611,-0.0222698339809245,0.007385522869727625,-0.1146598698459235,0.02336302072266474,-0.03066395424066505,-0.009178267818607826,-0.004402970548483546,0.001460192281110686,M01,HELD_STOW_QSPACE_ONLY,NON_RELEASE_DIAGNOSTIC_CANDIDATE,false
424,4.24,1.451617404307131,-2.71023999522086,-1.28609871943919,-0.8052605224801149,-0.407537493717213,-0.03849040409015998,-0.581082828078932,0.1184010602160595,-0.1554013385345048,-0.04651438928082913,-0.022313740471702,0.007400083929861454,-0.1140177595508065,0.02323218474534145,-0.03049223207899347,-0.009126868316187425,-0.004378313336487083,0.001452015013006236,M01,HELD_STOW_QSPACE_ONLY,NON_RELEASE_DIAGNOSTIC_CANDIDATE,false
425,4.25,1.445800885868011,-2.709054825195728,-1.287654254566665,-0.8057261218574546,-0.4077608496255754,-0.03841633078675266,-0.5822197858568521,0.1186327259955692,-0.1557053997664123,-0.04660540022474719,-0.02235739996318562,0.007414563075647147,-0.1133734268605636,0.02310089593422851,-0.03031991557317566,-0.009075290915975124,-0.004353570783906332,0.001443809442722367,M01,HELD_STOW_QSPACE_ONLY,NON_RELEASE_DIAGNOSTIC_CANDIDATE,false
426,4.26,1.439973030104603,-2.707867345084752,-1.289212821680779,-0.8061926287624133,-0.4079846408903098,-0.03834211310263536,-0.5833502892572187,0.1188630766352943,-0.1560077348779412,-0.04669589451008307,-0.02240081160479539,0.007428960025000072,-0.112726886493043,0.02296915728822514,-0.03014700865926553,-0.009023536796101973,-0.004328743455910718,0.001435575757690727,M01,HELD_STOW_QSPACE_ONLY,NON_RELEASE_DIAGNOSTIC_CANDIDATE,false
427,4.27,1.434133901670819,-2.70667756806177,-1.290774403490871,-0.8066600380195887,-0.408208865028688,-0.03826775186117501,-0.5844743162768484,0.1190921076518805,-0.1563083379846909,-0.04678587037553082,-0.02244397455160303,0.007443274497709911,-0.112078153166093,0.02283697180623059,-0.02997351527331698,-0.008971607134699036,-0.004303831917669668,0.001427314145342967,M01,HELD_STOW_QSPACE_ONLY,NON_RELEASE_DIAGNOSTIC_CANDIDATE,false
428,4.28,1.428283565439871,-2.705485507345306,-1.292338982647635,-0.8071283444360245,-0.408433519549561,-0.03819324788853129,-0.5855918450597356,0.119319814591962,-0.1566072032416211,-0.04687532607156575,-0.02248688796433188,0.007457506215440653,-0.1114272415975627,0.02270434248714424,-0.02979943935138412,-0.008919503109897432,-0.004278836734352635,0.001419024793110746,M01,HELD_STOW_QSPACE_ONLY,NON_RELEASE_DIAGNOSTIC_CANDIDATE,false
429,4.29,1.422422086502793,-2.704291176198267,-1.293906541743514,-0.8075975428013282,-0.408658601953415,-0.03811860201363787,-0.586702853897054,0.1195461930321627,-0.1569043248430522,-0.04696425986044455,-0.02252955100935706,0.007471654901730618,-0.1107741665053003,0.02257127232986527,-0.02962478482952078,-0.008867225899828199,-0.004253758471129038,0.00141070788842571,M01,HELD_STOW_QSPACE_ONLY,NON_RELEASE_DIAGNOSTIC_CANDIDATE,false
430,4.3,1.416549530166971,-2.703094587927644,-1.295477063313086,-0.8080676278877884,-0.4088841097324286,-0.03804381506818365,-0.5878073212271553,0.119771238579095,-0.1571996970226652,-0.04705267001620519,-0.02257196285870534,0.007485720281992431,-0.1101189426071544,0.02243776433329299,-0.02944955564378094,-0.008814776682622417,-0.004228597693168311,0.001402363618719512,M01,HELD_STOW_QSPACE_ONLY,NON_RELEASE_DIAGNOSTIC_CANDIDATE,false
431,4.31,1.410665961954671,-2.70189575588421,-1.297050529833467,-0.8085385944504933,-0.4091100403705285,-0.03796888788659403,-0.5889052256355702,0.1199949468693606,-0.1574933140535017,-0.04714055482466697,-0.0226141226900552,0.007499702083513042,-0.1094615846209734,0.02230382149632663,-0.02927375573021853,-0.008762156636411151,-0.004203354965639884,0.001393992171423803,M01,HELD_STOW_QSPACE_ONLY,NON_RELEASE_DIAGNOSTIC_CANDIDATE,false
432,4.32,1.404771447601572,-2.700694693462226,-1.298626923724697,-0.809010437227448,-0.4093363913434468,-0.0378938213060122,-0.5899965458550076,0.1202173135695499,-0.1577851702479637,-0.04722791258343051,-0.02265602968673681,0.007513600035453716,-0.1088021072646059,0.0221694468178655,-0.02909738902488754,-0.008709366939325489,-0.004178030853713197,0.001385593733970237,M01,HELD_STOW_QSPACE_ONLY,NON_RELEASE_DIAGNOSTIC_CANDIDATE,false
433,4.33,1.398866053055285,-2.699491414099134,-1.30020622735014,-0.8094831509396929,-0.409563160118777,-0.03781861616628032,-0.5910812607653543,0.1204383343762425,-0.1580752599578137,-0.04731474160187765,-0.02269768303773202,0.007527413868850022,-0.1081405252559006,0.02203464329680888,-0.02892045946384192,-0.0086564087694965,-0.00415262592255768,0.001377168493790466,M01,HELD_STOW_QSPACE_ONLY,NON_RELEASE_DIAGNOSTIC_CANDIDATE,false
434,4.34,1.392949844473888,-2.698285931275261,-1.301788423016871,-0.8099567302914205,-0.4097903441560307,-0.03774327330992086,-0.5921593493936771,0.1206580050160071,-0.158363577574175,-0.04740104020117172,-0.02273908193767443,0.007541143316611874,-0.1074768533127056,0.02189941393205596,-0.02874297098313553,-0.008603283305055234,-0.004127140737342756,0.001368716638316137,M01,HELD_STOW_QSPACE_ONLY,NON_RELEASE_DIAGNOSTIC_CANDIDATE,false
435,4.350000000000001,1.387022888224454,-2.697078258513518,-1.303373492976075,-0.8104311699700943,-0.410017940906694,-0.03766779358211779,-0.5932307909142195,0.120876321245401,-0.158650117527531,-0.04748680671425715,-0.02278022558684924,0.007554788113523468,-0.1068111061528697,0.02176376172250609,-0.02856492751882241,-0.00854999172413279,-0.004101575863237867,0.001360238354978906,M01,HELD_STOW_QSPACE_ONLY,NON_RELEASE_DIAGNOSTIC_CANDIDATE,false
436,4.36,1.381085250881575,-2.695868409379103,-1.30496141942344,-0.810906464646566,-0.4102459478142843,-0.0375921778306979,-0.5942955646484052,0.1210932788509708,-0.1589348742877262,-0.04757203948585986,-0.02282111319119344,0.007568347996243346,-0.1061432984942415,0.02162768966705851,-0.02838633300695649,-0.008496535204860232,-0.004075931865412446,0.001351733831210426,M01,HELD_STOW_QSPACE_ONLY,NON_RELEASE_DIAGNOSTIC_CANDIDATE,false
437,4.37,1.375136999225894,-2.694656397479194,-1.306552184499546,-0.8113826089751937,-0.4104743623144064,-0.037516426906112,-0.5953536500648346,0.1213088736492521,-0.1592178423639652,-0.04765673687248696,-0.02286174396229566,0.007581822703304346,-0.1054734450546692,0.02149120076461248,-0.02820719138359168,-0.008442914925368623,-0.004050209309035918,0.001343203254442344,M01,HELD_STOW_QSPACE_ONLY,NON_RELEASE_DIAGNOSTIC_CANDIDATE,false
438,4.38,1.369178200242634,-2.693442236462657,-1.308145770290263,-0.8118595975939589,-0.4107031818348095,-0.03744054166141619,-0.5964050267792881,0.1215231014867694,-0.1594990163048132,-0.04774089724242694,-0.02290211711739622,0.007595211975113632,-0.1048015605520015,0.02135429801406728,-0.02802750658478197,-0.008389132063789044,-0.004024408759277721,0.001334646812106315,M01,HELD_STOW_QSPACE_ONLY,NON_RELEASE_DIAGNOSTIC_CANDIDATE,false
439,4.39,1.363208921120122,-2.692225940019743,-1.309742158827146,-0.8123374251245854,-0.4109324037954433,-0.03736452295225317,-0.5974496745547239,0.1217359582400362,-0.1597783906981962,-0.04782451897574955,-0.02294223187938717,0.007608515553952685,-0.104127659704087,0.02121698441432219,-0.0278472825465813,-0.008335187798252571,-0.003998530781307287,0.001326064691633992,M01,HELD_STOW_QSPACE_ONLY,NON_RELEASE_DIAGNOSTIC_CANDIDATE,false
440,4.4,1.357229229248319,-2.691007521881785,-1.311341332087822,-0.8128160861726567,-0.4111620256085148,-0.03728837163683339,-0.5984875733012787,0.1219474398155549,-0.1600559601714004,-0.04790760046430591,-0.02298208747681223,0.007621733183977299,-0.1034517572287743,0.02107926296427648,-0.02766652320504365,-0.008281083306890279,-0.003972575940294053,0.001317457080457025,M01,HELD_STOW_QSPACE_ONLY,NON_RELEASE_DIAGNOSTIC_CANDIDATE,false
441,4.41,1.351239192217351,-2.689786995820906,-1.312943271996391,-0.8132955753277331,-0.4113920446785444,-0.03721208857591644,-0.5995187030762678,0.1221575421498171,-0.1603317193910729,-0.0479901401117284,-0.02302168314386682,0.007634864611217585,-0.1027738678439114,0.02094113666282936,-0.02748523249622285,-0.008226819767833207,-0.003946544801407433,0.001308824166007063,M01,HELD_STOW_QSPACE_ONLY,NON_RELEASE_DIAGNOSTIC_CANDIDATE,false
442,4.42,1.345238877816034,-2.688564375649708,-1.314547960423814,-0.8137758871634708,-0.4116224584024231,-0.03713567463279219,-0.6005430440841842,0.1223662612093031,-0.1606056630632207,-0.04807213633343068,-0.02306101812039802,0.007647909583577966,-0.1020940062673476,0.02080260850888022,-0.02730341435617303,-0.008172398359212484,-0.003920437929816888,0.001300166135715765,M01,HELD_STOW_QSPACE_ONLY,NON_RELEASE_DIAGNOSTIC_CANDIDATE,false
443,4.43,1.339228354030402,-2.687339675220984,-1.31615537918831,-0.8142570162377386,-0.4118532641694683,-0.0370591306732621,-0.6015605766767018,0.1225735929904827,-0.1608777859332124,-0.04815358755660787,-0.0231000916519047,0.007660867850837201,-0.1014121872169305,0.02066368150132816,-0.02712107272094792,-0.008117820259159116,-0.003894255890691817,0.001291483177014773,M01,HELD_STOW_QSPACE_ONLY,NON_RELEASE_DIAGNOSTIC_CANDIDATE,false
444,4.44,1.333207689042238,-2.686112908427408,-1.317765510055749,-0.8147389570927366,-0.412084459361481,-0.03698245756562048,-0.6025712813526697,0.122779533519814,-0.161148082785776,-0.0482344922202362,-0.02313890298953732,0.007673739164648336,-0.1007284254105094,0.02052435863907261,-0.02693821152660168,-0.008063086645804235,-0.003867999249201682,0.001282775477335749,M01,HELD_STOW_QSPACE_ONLY,NON_RELEASE_DIAGNOSTIC_CANDIDATE,false
445,4.45,1.327176951227599,-2.684884089201242,-1.319378334740044,-0.8152217042551129,-0.4123160413528015,-0.03690565618063574,-0.6035751387581182,0.1229840788537448,-0.1614165484450009,-0.04831484877507339,-0.02317745139009809,0.007686523278538762,-0.1000427355659323,0.02038464292101273,-0.02675483470918808,-0.008008198697278866,-0.003841668570515894,0.001274043224110335,M01,HELD_STOW_QSPACE_ONLY,NON_RELEASE_DIAGNOSTIC_CANDIDATE,false
446,4.46,1.32113620915535,-2.683653231514033,-1.320993834903545,-0.8157052522360825,-0.4125480075103669,-0.03682872739153165,-0.6045721296862538,0.1231872250787112,-0.1616831777743363,-0.0483946556836583,-0.02321573611604087,0.007699219947910158,-0.09935513240104826,0.02024453734604791,-0.02657094620476128,-0.007953157591714137,-0.003815264419803909,0.001265286604770194,M01,HELD_STOW_QSPACE_ONLY,NON_RELEASE_DIAGNOSTIC_CANDIDATE,false
447,4.47,1.315085531585681,-2.682420349376313,-1.322611992157436,-0.8161895955315448,-0.4127803551937667,-0.03675167207396856,-0.6055622350774641,0.123388968311139,-0.1619479656765928,-0.04847391142031129,-0.0232537564354713,0.007711828930038554,-0.09866563063370529,0.02010404491307729,-0.02638654994937503,-0.007897964507241067,-0.003788787362235136,0.001256505806746969,M01,HELD_STOW_QSPACE_ONLY,NON_RELEASE_DIAGNOSTIC_CANDIDATE,false
448,4.48,1.309024987468647,-2.681185456837301,-1.324232788062123,-0.8166747286222014,-0.4130130817552998,-0.03667449110602472,-0.6065454360193131,0.1235893046974425,-0.162210907093941,-0.0485526144711339,-0.02329151162214664,0.007724349984074266,-0.09797424498175196,0.01996316862100017,-0.02620164987908332,-0.007842620621990738,-0.003762237962979013,0.001247701017472312,M01,HELD_STOW_QSPACE_ONLY,NON_RELEASE_DIAGNOSTIC_CANDIDATE,false
449,4.49,1.302954645942693,-2.6799485679846,-1.325856204127632,-0.8171606459736731,-0.4132461845400311,-0.03659718536817751,-0.6075217137465433,0.123788230414025,-0.1624719970079117,-0.04863076333400896,-0.02332900095547582,0.007736782871041934,-0.09728099016303704,0.01982191146871587,-0.02601624992994017,-0.007787127114094241,-0.003735616787204979,0.001238872424377879,M01,HELD_STOW_QSPACE_ONLY,NON_RELEASE_DIAGNOSTIC_CANDIDATE,false
450,4.5,1.296874576333175,-2.678709696943901,-1.327482221814002,-0.8176473420366193,-0.4134796608858478,-0.03651975574328465,-0.6084910496410774,0.1239857416672791,-0.1627312304393971,-0.04870835651860073,-0.02336622372051957,0.007749127353840529,-0.09658588089540901,0.01968027645512365,-0.02583035403799951,-0.007731485161682648,-0.003708924400082468,0.001230020214895321,M01,HELD_STOW_QSPACE_ONLY,NON_RELEASE_DIAGNOSTIC_CANDIDATE,false
451,4.51,1.2907848481509,-2.677468857878681,-1.329110822531675,-0.8181348112468543,-0.4137135081235156,-0.03644220311656556,-0.6094534252320144,0.1241818346935861,-0.1629886024486492,-0.04878539254635465,-0.0234031792079902,0.007761383197243316,-0.09588893189671632,0.01953826657912276,-0.02564396613931527,-0.007675695942887023,-0.003682161366780907,0.001221144576456289,M01,HELD_STOW_QSPACE_ONLY,NON_RELEASE_DIAGNOSTIC_CANDIDATE,false
452,4.52,1.284685531090642,-2.676226064989901,-1.330741987641896,-0.8186230480254664,-0.4139477235767363,-0.03636452837558248,-0.610408822195634,0.1243765057593165,-0.163244108135281,-0.0488618699504976,-0.02343986671425181,0.007773550167897901,-0.09519015788480741,0.01939588483961246,-0.02545709016994138,-0.007619760635838435,-0.003655328252469728,0.001212245696492434,M01,HELD_STOW_QSPACE_ONLY,NON_RELEASE_DIAGNOSTIC_CANDIDATE,false
453,4.53,1.278576695029683,-2.674981332515712,-1.332375698457098,-0.8191120467789343,-0.4141823045622028,-0.03628673241022189,-0.6113572223553928,0.1245697511608296,-0.1634977426382659,-0.04893778727603769,-0.02347628554132013,0.007785628034326189,-0.09448957357753095,0.01925313423549204,-0.02526973006593183,-0.007563680418667964,-0.003628425622318368,0.001203323762435409,M01,HELD_STOW_QSPACE_ONLY,NON_RELEASE_DIAGNOSTIC_CANDIDATE,false
454,4.54,1.272458410026329,-2.673734674731148,-1.334011936241305,-0.8196018018992464,-0.4144172483896569,-0.03620881611267561,-0.6122986076819263,0.124761567224474,-0.1637495011359377,-0.04901314307976434,-0.02351243499686261,0.007797616566924406,-0.09378719369273522,0.01911001776566074,-0.02508188976334052,-0.007507456469506668,-0.00360145404149625,0.001194378961716864,M01,HELD_STOW_QSPACE_ONLY,NON_RELEASE_DIAGNOSTIC_CANDIDATE,false
455,4.55,1.266330746318446,-2.672486105947831,-1.33565068221052,-0.8200923077640174,-0.4146525523619454,-0.03613078037742215,-0.613232960293049,0.1249519503065869,-0.163999378845991,-0.04908793593024832,-0.0235483143941984,0.007809515537963098,-0.0930830329482689,0.01896653842901784,-0.02489357319822141,-0.007451089966485629,-0.003574414075172813,0.001185411481768451,M01,HELD_STOW_QSPACE_ONLY,NON_RELEASE_DIAGNOSTIC_CANDIDATE,false
456,4.56,1.260193774321985,-2.67123564051367,-1.337291917533119,-0.8205835587366072,-0.4148882137750762,-0.03605262610120794,-0.6141602624537524,0.1251408967934946,-0.1642473710254806,-0.04916216440784163,-0.0235839230522983,0.007821324721587116,-0.09237710606198052,0.01882269922446263,-0.02470478430662847,-0.007394582087735921,-0.003547306288517489,0.001176421510021824,M01,HELD_STOW_QSPACE_ONLY,NON_RELEASE_DIAGNOSTIC_CANDIDATE,false
457,4.57,1.254047564629514,-2.669983292812561,-1.338935623330245,-0.8210755491662372,-0.4151242299182754,-0.03597435418302859,-0.6150804965762082,0.1253284031015127,-0.1644934729708221,-0.04923582710467768,-0.02361926029578486,0.007833043893815641,-0.0916694277517186,0.01867850315089438,-0.02451552702461566,-0.007337934011388618,-0.003520131246699712,0.001167409233908634,M01,HELD_STOW_QSPACE_ONLY,NON_RELEASE_DIAGNOSTIC_CANDIDATE,false
458,4.58,1.24789218800874,-2.668729077264085,-1.340581780676203,-0.8215682733881099,-0.4153605980740434,-0.03589596552411017,-0.6159936452197664,0.1255144656769455,-0.1647376800177917,-0.04930892262467118,-0.02365432545493232,0.007844672832542173,-0.09096001273533152,0.01853395320721231,-0.02432580528823687,-0.007281146915574781,-0.003492889514888909,0.001158374840860531,M01,HELD_STOW_QSPACE_ONLY,NON_RELEASE_DIAGNOSTIC_CANDIDATE,false
459,4.59,1.241727715401043,-2.667473008323213,-1.342230370598852,-0.8220617257235254,-0.4155973155182119,-0.03581746102789041,-0.6168996910909539,0.1256990809960862,-0.1649799875415258,-0.04938144958351805,-0.02368911786566656,0.007856211317534507,-0.09024887573066807,0.01838905239231577,-0.02413562303354614,-0.007224221978425501,-0.003465581658254522,0.00114931851830917,M01,HELD_STOW_QSPACE_ONLY,NON_RELEASE_DIAGNOSTIC_CANDIDATE,false
460,4.600000000000001,1.23555421792,-2.66621510048,-1.34388137408,-0.82255590048,-0.41583437952,-0.03573884159999999,-0.6177986170434783,0.1258822455652174,-0.1652203909565217,-0.04945340660869568,-0.02372363686956523,0.007867659130434784,-0.08953603145557647,0.01824380370510395,-0.02394498419659733,-0.00716716037807183,-0.003438208241965971,0.001140240453686199,M01,HELD_STOW_QSPACE_ONLY,NON_RELEASE_DIAGNOSTIC_CANDIDATE,false
461,4.61,1.229371766849916,-2.664955368259291,-1.345534772055795,-0.8230507919513833,-0.4160717873420706,-0.03566010814824384,-0.6186904060782235,0.1260639559206102,-0.165458885716637,-0.04952479233946257,-0.02375788181385759,0.00787901605475943,-0.08882149462790555,0.0180982101444762,-0.02375389271344447,-0.007109963292644863,-0.003410769831192703,0.001131140834423274,M01,HELD_STOW_QSPACE_ONLY,NON_RELEASE_DIAGNOSTIC_CANDIDATE,false
462,4.62,1.223180433644351,-2.663693826220416,-1.347190545417123,-0.8235463944179767,-0.4163095362405875,-0.0355812615825823,-0.6195750413432541,0.1262442086285253,-0.1656954673150902,-0.04959560542685878,-0.0237918520514247,0.007890281875899224,-0.08810527996550351,0.01795227470933171,-0.02356235252014143,-0.007052631900275648,-0.003383266991104137,0.001122019847952044,M01,HELD_STOW_QSPACE_ONLY,NON_RELEASE_DIAGNOSTIC_CANDIDATE,false
463,4.63,1.216980289924649,-2.662430488956895,-1.348848675009996,-0.8240427021466507,-0.4165476234652712,-0.03550230281511246,-0.6204525061338108,0.1264230002852115,-0.1659301312844596,-0.0496658445337054,-0.0238255469407992,0.007901456381119219,-0.08738740218621904,0.01780600039856979,-0.02337036755274221,-0.006995167379095272,-0.003355700286869712,0.001112877681704161,M01,HELD_STOW_QSPACE_ONLY,NON_RELEASE_DIAGNOSTIC_CANDIDATE,false
464,4.64,1.210771407478465,-2.661165371096132,-1.35050914163595,-0.824539709390963,-0.4167860462594561,-0.0354232327600494,-0.621322783892315,0.1266003275169076,-0.1661628731966849,-0.04973550833460508,-0.02385896584616551,0.007912539359558822,-0.08666787600790064,0.01765939021108971,-0.02317794174730074,-0.006937570907234803,-0.003328070283658858,0.001103714523111277,M01,HELD_STOW_QSPACE_ONLY,NON_RELEASE_DIAGNOSTIC_CANDIDATE,false
465,4.65,1.204553858258293,-2.659898487299122,-1.352171926052439,-0.8250374103912763,-0.4170248018601467,-0.03534405233370737,-0.6221858582083648,0.1267761869798406,-0.1663936886630656,-0.0498045955159416,-0.02389210813735968,0.007923530602231731,-0.08594671614839668,0.01751244714579071,-0.02298507903987093,-0.006879843662825305,-0.003300377546641005,0.001094530559605043,M01,HELD_STOW_QSPACE_ONLY,NON_RELEASE_DIAGNOSTIC_CANDIDATE,false
466,4.66,1.198327714379999,-2.658629852260147,-1.353837008973223,-0.8255357993748759,-0.4172638874980737,-0.03526476245448123,-0.6230417128187384,0.126950575360227,-0.1666225733342625,-0.04987310477588018,-0.02392497318986953,0.007934429902025983,-0.08522393732555586,0.01736517420157208,-0.02279178336650679,-0.006821986823997862,-0.00327262264098559,0.001085325978617112,M01,HELD_STOW_QSPACE_ONLY,NON_RELEASE_DIAGNOSTIC_CANDIDATE,false
467,4.67,1.192093048121341,-2.657359480706476,-1.355504371068769,-0.8260348705560877,-0.4175033003977516,-0.03518536404282746,-0.6238903316073912,0.127123489374272,-0.1668495229002962,-0.04994103482436728,-0.02395756038483451,0.00794523705370391,-0.08449955425722669,0.01721757437733311,-0.02259805866326226,-0.006764001568883548,-0.003244806131862047,0.001076100967579136,M01,HELD_STOW_QSPACE_ONLY,NON_RELEASE_DIAGNOSTIC_CANDIDATE,false
468,4.68,1.185849931920503,-2.656087387398065,-1.357173992966639,-0.8265346181363962,-0.4177430377775339,-0.03510585802124562,-0.6247316986054573,0.1272949257681699,-0.1670745330905483,-0.05000838438313066,-0.02398986910904577,0.00795595185390217,-0.0837735816612578,0.01706965067197308,-0.02240390886619131,-0.006705889075613441,-0.00321692858443981,0.001066855713922768,M01,HELD_STOW_QSPACE_ONLY,NON_RELEASE_DIAGNOSTIC_CANDIDATE,false
469,4.69,1.179598438374623,-2.654813587127262,-1.358845855251886,-0.8270350363045617,-0.4179830968496708,-0.03502624531425953,-0.6255657979912506,0.1274648813181041,-0.1672975996737609,-0.05007515218567949,-0.02402189875494622,0.007966574101131746,-0.0830460342554971,0.01692140608439114,-0.02220933791134774,-0.006647650522318568,-0.00318899056388829,0.001057590405079653,M01,HELD_STOW_QSPACE_ONLY,NON_RELEASE_DIAGNOSTIC_CANDIDATE,false
470,4.7,1.173338640238317,-2.653538094718499,-1.360519938467447,-0.8275361192367388,-0.4182234748203649,-0.03494652684839847,-0.6263926140902608,0.1276333528302466,-0.1675187184580362,-0.05014133697730405,-0.02405364872063034,0.007977103595777912,-0.08231692675779405,0.01677284361348674,-0.02201434973478575,-0.006589287087130076,-0.003160992635376956,0.001048305228481454,M01,HELD_STOW_QSPACE_ONLY,NON_RELEASE_DIAGNOSTIC_CANDIDATE,false
471,4.71,1.167070610422214,-2.652260925027999,-1.362196223114537,-0.8280378610965936,-0.4184641688898279,-0.03486670355217858,-0.6272121313751587,0.1278003371407589,-0.1677378852908375,-0.05020693751507615,-0.02408511840984442,0.007987540140100287,-0.08158627388599642,0.01662396625815902,-0.02181894827255908,-0.006530799948178976,-0.003132935364075211,0.001039000371559813,M01,HELD_STOW_QSPACE_ONLY,NON_RELEASE_DIAGNOSTIC_CANDIDATE,false
472,4.72,1.160794421991478,-2.650982092943472,-1.363874689653044,-0.8285402560354223,-0.4187051762523375,-0.03478677635608398,-0.6280243344657933,0.1279658311157914,-0.1679550960589887,-0.05027195256784887,-0.02411630723198645,0.007997883538232805,-0.080854090357953,0.01647477701730728,-0.02162313746072176,-0.006472190283596363,-0.003104819315152498,0.001029676021746386,M01,HELD_STOW_QSPACE_ONLY,NON_RELEASE_DIAGNOSTIC_CANDIDATE,false
473,4.73,1.154510148164339,-2.649701613383818,-1.365555318501918,-0.8290432981922681,-0.4189464940962936,-0.03470674619254807,-0.62882920812919,0.128129831651483,-0.1681703466886734,-0.05033638091625642,-0.02414721460210598,0.008008133596183683,-0.08012039089151227,0.01632527888983079,-0.02142692123532772,-0.006413459271513305,-0.003076645053778246,0.001020332366472824,M01,HELD_STOW_QSPACE_ONLY,NON_RELEASE_DIAGNOSTIC_CANDIDATE,false
474,4.74,1.148217862310621,-2.648419501298823,-1.36723809003957,-0.8295469816940396,-0.4191881196042746,-0.03462661399593484,-0.6296267372795551,0.1282923356739623,-0.1683836331454369,-0.05040022135271457,-0.0241778399409044,0.008018290121835499,-0.07938519020452277,0.01617547487462884,-0.02123030353243091,-0.006354608090060877,-0.003048413145121891,0.001010969593170779,M01,HELD_STOW_QSPACE_ONLY,NON_RELEASE_DIAGNOSTIC_CANDIDATE,false
475,4.75,1.141917637950269,-2.647135771668865,-1.368922984604262,-0.8300513006556285,-0.4194300499530945,-0.03454638070252004,-0.6304169069782714,0.1284533401393461,-0.1685949514341839,-0.05046347268142017,-0.0242081826747347,0.008028352924945109,-0.07864850301483325,0.01602536797060073,-0.02103328828808537,-0.006295637917370174,-0.003020124154352875,0.001001587889271907,M01,HELD_STOW_QSPACE_ONLY,NON_RELEASE_DIAGNOSTIC_CANDIDATE,false
476,4.76,1.135609548751882,-2.64585043950461,-1.370609982494503,-0.8305562491800274,-0.4196722823138588,-0.03446604725047252,-0.6311997024339024,0.1286128420337412,-0.1688042975991806,-0.05052613371835163,-0.02423824223560166,0.008038321817143722,-0.0779103440402916,0.0158749611766456,-0.02083587943834484,-0.006236549931572209,-0.002991778646640602,0.0009921874422078494,M01,HELD_STOW_QSPACE_ONLY,NON_RELEASE_DIAGNOSTIC_CANDIDATE,false
477,4.77,1.129293668531232,-2.64456351984671,-1.372299063969441,-0.8310618213584475,-0.4199148138520215,-0.0343856145798354,-0.6319751090021877,0.1287708383732424,-0.1690116677240531,-0.0505882032912684,-0.02426801806116162,0.008048196611936826,-0.07717072799874693,0.01572425749166285,-0.02063808091926347,-0.006177345310798109,-0.002963377187154532,0.0009827684394102673,M01,HELD_STOW_QSPACE_ONLY,NON_RELEASE_DIAGNOSTIC_CANDIDATE,false
478,4.78,1.122970071249802,-2.643275027765511,-1.373990209249256,-0.8315680112704366,-0.4201576417274414,-0.03430508363250741,-0.6327431121860466,0.128927326203934,-0.1692170579317882,-0.05064968023971143,-0.02429750959472272,0.008057977124704251,-0.07642966960804753,0.01557325991455169,-0.02043989666689511,-0.006118025233178927,-0.002934920341064085,0.0009733310683108089,M01,HELD_STOW_QSPACE_ONLY,NON_RELEASE_DIAGNOSTIC_CANDIDATE,false
479,4.79,1.116638831013309,-2.641984978360744,-1.375683398515556,-0.8320748129839965,-0.4204007630944385,-0.0342244553522241,-0.6335036976355775,0.1290823026018893,-0.1694204643847335,-0.05071056341500293,-0.02432671628524478,0.00806766317270014,-0.07568718358604203,0.01542197144421143,-0.02024133061729376,-0.006058590876845742,-0.0029064086735387,0.0009638755163411276,M01,HELD_STOW_QSPACE_ONLY,NON_RELEASE_DIAGNOSTIC_CANDIDATE,false
480,4.8,1.110300022070231,-2.640693386761232,-1.377378611911769,-0.8325822205557019,-0.4206441751018509,-0.03414373068453909,-0.6342568511480555,0.1292357646731704,-0.1696218832845967,-0.05077085168024636,-0.02435563758733926,0.00807725457505294,-0.07494328465057873,0.01527039507954128,-0.02004238670651331,-0.00599904341992961,-0.0028778427497478,0.0009544019709328726,M01,HELD_STOW_QSPACE_ONLY,NON_RELEASE_DIAGNOSTIC_CANDIDATE,false
481,4.81,1.103953718810339,-2.639400268124586,-1.379075829543537,-0.8330902280308163,-0.4208878748930909,-0.03406291057680537,-0.635002558667937,0.1293877095538287,-0.1698213108724467,-0.05083054391032667,-0.02438427296126942,0.008086751152765442,-0.07419798751950632,0.01511853381944056,-0.01984306887060774,-0.005939384040561617,-0.002849223134860824,0.0009449106195176978,M01,HELD_STOW_QSPACE_ONLY,NON_RELEASE_DIAGNOSTIC_CANDIDATE,false
482,4.82,1.097599995763225,-2.638105637636907,-1.380775031479109,-0.833598829443412,-0.4211318596062015,-0.03398199597815654,-0.6357408062868534,0.1295381344099041,-0.1700187434287121,-0.05088963899190988,-0.02441262187295007,0.008096152728714714,-0.07345130691067334,0.01496639066280852,-0.01964338104563102,-0.005879613916872837,-0.002820550394047206,0.0009354016495272552,M01,HELD_STOW_QSPACE_ONLY,NON_RELEASE_DIAGNOSTIC_CANDIDATE,false
483,4.83,1.091238927596826,-2.636809510512486,-1.382476197749734,-0.8341080188164863,-0.4213761263739136,-0.033900987839488,-0.6364715802436171,0.129687036437426,-0.1702141772731825,-0.05094813582344347,-0.02444068379394783,0.008105459127652171,-0.07270325754192825,0.01481396860854444,-0.01944332716763707,-0.005819734226994338,-0.002791825092476375,0.0009258752483931958,M01,HELD_STOW_QSPACE_ONLY,NON_RELEASE_DIAGNOSTIC_CANDIDATE,false
484,4.84,1.084870589115956,-2.635511901993504,-1.384179308350059,-0.8346177901620802,-0.4216206723237016,-0.03381988711343832,-0.6371948669242187,0.1298344128624127,-0.1704076087650083,-0.05100603331515626,-0.02446845820148098,0.008114670176203541,-0.07195385413111947,0.01466127065554756,-0.01924291117267983,-0.005759746149057185,-0.002763047795317761,0.0009163316035471704,M01,HELD_STOW_QSPACE_ONLY,NON_RELEASE_DIAGNOSTIC_CANDIDATE,false
485,4.850000000000001,1.078495055260834,-2.63421282734973,-1.385884343238517,-0.8351281374813956,-0.4218654945778406,-0.03373869475437041,-0.637910652861826,0.129980260940871,-0.1705990343026999,-0.05106333038905824,-0.02449594457841947,0.008123785702868853,-0.07120311139609564,0.01450829980271718,-0.01904213699681327,-0.005699650861192457,-0.002734219067740799,0.000906770902420832,M01,HELD_STOW_QSPACE_ONLY,NON_RELEASE_DIAGNOSTIC_CANDIDATE,false
486,4.86,1.072112401105611,-2.632912301878225,-1.387591282337721,-0.8356390547649134,-0.4221105902534625,-0.03365741171835285,-0.6386189247367857,0.1301245779587971,-0.1707884503241283,-0.05112002597894076,-0.02452314241328496,0.008132805538022458,-0.07045104405470499,0.0143550590489525,-0.01884100857609126,-0.005639449541531209,-0.002705339474914914,0.0008971933324458292,M01,HELD_STOW_QSPACE_ONLY,NON_RELEASE_DIAGNOSTIC_CANDIDATE,false
487,4.87,1.065722701856899,-2.631610340903039,-1.389300105534864,-0.8361505359925115,-0.4223559564626127,-0.03357603896314106,-0.6393196693766248,0.1302673612321765,-0.1709758533065256,-0.05117611903037662,-0.02455005120025083,0.008141729513913043,-0.06969766682479667,0.01420155139315293,-0.01863952984656793,-0.005579143368204557,-0.002676409582009559,0.0008875990810538213,M01,HELD_STOW_QSPACE_ONLY,NON_RELEASE_DIAGNOSTIC_CANDIDATE,false
488,4.88,1.059326032852297,-2.630306959774913,-1.391010792682106,-0.8366625751335826,-0.4226015903123066,-0.03349457744815861,-0.6400128737560464,0.1304086081069832,-0.171161239766484,-0.05123160850071977,-0.02457667043914213,0.008150557464663588,-0.06894299442421878,0.01404777983421764,-0.0184377047442971,-0.005518733519343544,-0.002647429954194152,0.0008779883356764552,M01,HELD_STOW_QSPACE_ONLY,NON_RELEASE_DIAGNOSTIC_CANDIDATE,false
489,4.89,1.052922469558923,-2.629002173870978,-1.392723323596968,-0.8371751661471514,-0.4228474889045862,-0.03341302813447847,-0.6406985249969329,0.1305483159591801,-0.1713446062599559,-0.05128649335910547,-0.02460299963543557,0.008159289226271391,-0.0681870415708197,0.01389374737104589,-0.01823553720533269,-0.005458221173079232,-0.002618401156638121,0.0008683612837453808,M01,HELD_STOW_QSPACE_ONLY,NON_RELEASE_DIAGNOSTIC_CANDIDATE,false
490,4.9,1.046512087571939,-2.627695998594455,-1.39443767806273,-0.8376883029819933,-0.4230936493365765,-0.03333139198480428,-0.641376610368346,0.1306864821947196,-0.1715259493822551,-0.05134077258645043,-0.02462903830025964,0.008167924636608086,-0.06742982298244815,0.01373945700253698,-0.01803303116572871,-0.005397607507542708,-0.002589323754510904,0.0008587181126922525,M01,HELD_STOW_QSPACE_ONLY,NON_RELEASE_DIAGNOSTIC_CANDIDATE,false
491,4.91,1.040094962613083,-2.626388449374356,-1.396153835828821,-0.8382019795767514,-0.4233400687005419,-0.03324966996345161,-0.6420471172865251,0.1308231042495427,-0.1717052657680553,-0.05139444517545255,-0.02465478595039446,0.008176463535419606,-0.06667135337695279,0.0135849117275902,-0.01783019056153913,-0.005336893700865055,-0.002560198312981941,0.000849059009948724,M01,HELD_STOW_QSPACE_ONLY,NON_RELEASE_DIAGNOSTIC_CANDIDATE,false
492,4.92,1.033671170529191,-2.625079541665183,-1.397871776611212,-0.8387161898600548,-0.4235867440839429,-0.03316786303632911,-0.6427100333148874,0.1309581795895796,-0.1718825520913908,-0.05144751013059102,-0.02468024210827184,0.008184905764326197,-0.06591164747218187,0.01343011454510478,-0.01762701932881785,-0.005276080931177324,-0.002531025397220652,0.0008393841629464433,M01,HELD_STOW_QSPACE_ONLY,NON_RELEASE_DIAGNOSTIC_CANDIDATE,false
493,4.93,1.027240787290732,-2.623769290946631,-1.399591480092814,-0.8392309277506365,-0.4238336725694927,-0.03308597217091998,-0.6433653461640304,0.1310917057107493,-0.1720578050656566,-0.05149996646812647,-0.02470540630197532,0.00819325116682244,-0.06515071998598397,0.01327506845398,-0.01742352140361881,-0.005215170376610594,-0.002501805572396474,0.0008296937591170635,M01,HELD_STOW_QSPACE_ONLY,NON_RELEASE_DIAGNOSTIC_CANDIDATE,false
494,4.94,1.020803888990331,-2.622457712723282,-1.401312925923866,-0.8397461871574509,-0.4240808512352137,-0.03300399833626301,-0.6440130436917285,0.13122368013896,-0.1722310214436084,-0.05155181321610074,-0.02473027806524012,0.00820149958827722,-0.0643885856362077,0.01311977645311515,-0.01721970072199601,-0.005154163215295943,-0.002472539403678842,0.0008199879858922374,M01,HELD_STOW_QSPACE_ONLY,NON_RELEASE_DIAGNOSTIC_CANDIDATE,false
495,4.95,1.014360551841302,-2.621144822524312,-1.403036093722334,-0.8402619619797914,-0.4243282771544934,-0.03292194250293397,-0.6446531139029352,0.1313541004301088,-0.172402198017362,-0.05160304941433699,-0.02475485693745315,0.008209650875933738,-0.06362525914070151,0.01296424154140947,-0.01701556122000335,-0.005093060625364439,-0.002443227456237185,0.0008102670307036158,M01,HELD_STOW_QSPACE_ONLY,NON_RELEASE_DIAGNOSTIC_CANDIDATE,false
496,4.96,1.00791085217617,-2.619830635903187,-1.4047609630743,-0.8407782461074091,-0.4245759473961421,-0.03283980564302681,-0.6452855449497829,0.1314829641700817,-0.172571331618394,-0.05165367411443974,-0.02477914246365301,0.008217704878909517,-0.06286075521731396,0.01280846671776225,-0.01681110683369482,-0.005031863784947156,-0.002413870295240938,0.000800531080982851,M01,HELD_STOW_QSPACE_ONLY,NON_RELEASE_DIAGNOSTIC_CANDIDATE,false
497,4.97,1.001454866445206,-2.618515168437364,-1.406487513534358,-0.8412950334206297,-0.4248238590244481,-0.03275758873013496,-0.6459103251315811,0.1316102689747538,-0.1727384191175416,-0.05170368637979473,-0.02480313419453,0.008225661448196388,-0.06209508858389349,0.01265245498107274,-0.01660634149912433,-0.004970573872175161,-0.00238446848585953,0.0007907803241615941,M01,HELD_STOW_QSPACE_ONLY,NON_RELEASE_DIAGNOSTIC_CANDIDATE,false
498,4.98,0.9949926712149502,-2.617198435727993,-1.408215724626008,-0.8418123177904718,-0.4250720090992354,-0.03267529273933251,-0.6465274428948207,0.1317360124899895,-0.1729034574250026,-0.0517530852855692,-0.02482683168642617,0.008233520436660527,-0.06132827395828837,0.01249620933024016,-0.01640126915234576,-0.004909192065179507,-0.002355022593262384,0.0007810149476714934,M01,HELD_STOW_QSPACE_ONLY,NON_RELEASE_DIAGNOSTIC_CANDIDATE,false
499,4.99,0.9885243431667421,-2.615880453399613,-1.409945575842047,-0.8423300930787644,-0.4253203946759194,-0.03259291864715556,-0.6471368868331661,0.1318601923916412,-0.1730664434903347,-0.05180186991871136,-0.0248502345013351,0.008241281699042364,-0.06056032605834798,0.01233973276416397,-0.01619589372941331,-0.004847719542091336,-0.002325533182618966,0.000771235138944212,M01,HELD_STOW_QSPACE_ONLY,NON_RELEASE_DIAGNOSTIC_CANDIDATE,false
500,5,0.9820499590952503,-2.614561237099856,-1.411677046644966,-0.842848353138265,-0.4255690128055636,-0.03251046743158343,-0.6477386456874658,0.1319828063855516,-0.1732273743024572,-0.05185003937795114,-0.02487334220690228,0.008248945091956722,-0.05979125960191979,0.0121830282817432,-0.01599021916638063,-0.004786157481041634,-0.002296000819098668,0.0007614410854113882,M01,HELD_STOW_QSPACE_ONLY,NON_RELEASE_DIAGNOSTIC_CANDIDATE,false
501,5.01,0.9755695959069965,-2.613240802499145,-1.413410116467342,-0.8433670918127775,-0.4258178605349366,-0.0324279400720199,-0.6483327083457425,0.1321038522075513,-0.1733862468896489,-0.05189759277379945,-0.02489615437642473,0.008256510473892684,-0.05902108930685328,0.01202609888187733,-0.01578424939930193,-0.004724507060161551,-0.002266426067870958,0.0007516329745046859,M01,HELD_STOW_QSPACE_ONLY,NON_RELEASE_DIAGNOSTIC_CANDIDATE,false
502,5.02,0.9690833306188871,-2.611919165290395,-1.41514476471223,-0.8438863029372694,-0.4260669349065679,-0.03234533754927449,-0.6489190638432003,0.1322233276234606,-0.1735430583195499,-0.05194452922854871,-0.02491867058885125,0.008263977705213676,-0.05824982989099583,0.01186894756346539,-0.01557798836423085,-0.00466276945758207,-0.002236809494105227,0.0007418109936557427,M01,HELD_STOW_QSPACE_ONLY,NON_RELEASE_DIAGNOSTIC_CANDIDATE,false
503,5.03,0.9625912403567436,-2.610596341188714,-1.416880970753561,-0.8444059803379903,-0.4263162329588047,-0.03226266084554376,-0.6494977013622194,0.1323412304290885,-0.1736978056991604,-0.05199084787627253,-0.02494089042878228,0.008271346648157429,-0.05747749607219711,0.01171157732540689,-0.01537143999722166,-0.004600945851434354,-0.00220715166297095,0.000731975330296225,M01,HELD_STOW_QSPACE_ONLY,NON_RELEASE_DIAGNOSTIC_CANDIDATE,false
504,5.04,0.956093402353823,-2.609272345931099,-1.418618713936529,-0.8449261178325895,-0.4265657517258687,-0.03217991094439245,-0.6500686102323602,0.1324575584502329,-0.1738504861748413,-0.05203654786282591,-0.02496281348646999,0.008278617166836,-0.05670410256830513,0.011553991166601,-0.01516460823432816,-0.004539037419849435,-0.00217745313963754,0.0007221261718577779,M01,HELD_STOW_QSPACE_ONLY,NON_RELEASE_DIAGNOSTIC_CANDIDATE,false
505,5.05,0.949589893949353,-2.607947195276141,-1.420357973577993,-0.8454467092302338,-0.4268154882379124,-0.03209708883073484,-0.6506317799303611,0.132572309542681,-0.1740010969323142,-0.05208162834584516,-0.02498443935781825,0.008285789127235758,-0.05592966409716828,0.01139619208594696,-0.01495749701160427,-0.004477045340958373,-0.002147714489274425,0.0007122637057720518,M01,HELD_STOW_QSPACE_ONLY,NON_RELEASE_DIAGNOSTIC_CANDIDATE,false
506,5.06,0.943080792587059,-2.606620905003725,-1.422098728966861,-0.8459677483317248,-0.4270654395210752,-0.03201419549081599,-0.651187200080139,0.1326854815922087,-0.1741496351966608,-0.05212608849474783,-0.02500576764438261,0.008292862397217389,-0.0551541953766352,0.01123818308234405,-0.01475011026510398,-0.004414970792892254,-0.002117936277051042,0.0007023881194707,M01,HELD_STOW_QSPACE_ONLY,NON_RELEASE_DIAGNOSTIC_CANDIDATE,false
507,5.07,0.9365661758136898,-2.605293490914724,-1.423840959364493,-0.8464892289296178,-0.4273156025975408,-0.03193123191219297,-0.6517348604527887,0.132797072514581,-0.1742960982323238,-0.05216992749073285,-0.02502679795337031,0.008299836846515892,-0.0543777111245544,0.01107996715469156,-0.01454245193088122,-0.004352814953782148,-0.002088119068136823,0.0006924996003853742,M01,HELD_STOW_QSPACE_ONLY,NON_RELEASE_DIAGNOSTIC_CANDIDATE,false
508,5.08,0.9300461212775488,-2.603964968830708,-1.425584644005087,-0.8470111448083384,-0.427565974485593,-0.03184819908371612,-0.6522747509665844,0.132907080255552,-0.1744404833431062,-0.05221314452678043,-0.02504752989764028,0.008306712346740588,-0.05360022605877428,0.01092154730188873,-0.01433452594498992,-0.004290579001759117,-0.002058263427701197,0.0006825983359477247,M01,HELD_STOW_QSPACE_ONLY,NON_RELEASE_DIAGNOSTIC_CANDIDATE,false
509,5.09,0.9235207067270197,-2.602635354593636,-1.427329762096078,-0.8475334897443014,-0.4278165521996723,-0.03176509799551034,-0.6528068616869782,0.1330155027908647,-0.1745827878721716,-0.05225573880765211,-0.02506796309570316,0.008313488771375114,-0.05282175489714388,0.01076292652283493,-0.01412633624348416,-0.004228264114954276,-0.002028369920913614,0.0006726845135894098,M01,HELD_STOW_QSPACE_ONLY,NON_RELEASE_DIAGNOSTIC_CANDIDATE,false
510,5.100000000000001,0.9169900100090953,-2.60130466406556,-1.429076292818528,-0.848056257506028,-0.4280673327504329,-0.03168192963895627,-0.6533311828266006,0.1331223381262509,-0.174723009202044,-0.05229770954989069,-0.02508809717172128,0.008320165995777415,-0.05204231235751109,0.0106041078164293,-0.01391788676241773,-0.004165871471498646,-0.001998439112943485,0.0006627583207420736,M01,HELD_STOW_QSPACE_ONLY,NON_RELEASE_DIAGNOSTIC_CANDIDATE,false
511,5.11,0.910454109067907,-2.599972913128328,-1.430824215327523,-0.8485794418542636,-0.4283183131447986,-0.03159869500667167,-0.6538477047452614,0.1332275842974318,-0.1748611447546083,-0.05233905598182036,-0.02510793175550866,0.008326743897179766,-0.05126191315772464,0.01044509418157116,-0.01370918143784462,-0.004103402249523318,-0.001968471568960248,0.0006528199448373704,M01,HELD_STOW_QSPACE_ONLY,NON_RELEASE_DIAGNOSTIC_CANDIDATE,false
512,5.12,0.9039130819432526,-2.598640117683277,-1.432573508752563,-0.8491030365420957,-0.4285694903860199,-0.03151539509249253,-0.6543564179499475,0.1333312393701171,-0.1749971919911094,-0.05237977734354652,-0.025127466482531,0.008333222354688743,-0.05048057201563317,0.0102858886171598,-0.01350022420581883,-0.004040857627159372,-0.001938467854133342,0.0006428695733069537,M01,HELD_STOW_QSPACE_ONLY,NON_RELEASE_DIAGNOSTIC_CANDIDATE,false
513,5.13,0.897367006769124,-2.597306293650938,-1.434324152197956,-0.8496270353150721,-0.4288208614737298,-0.03143203089145448,-0.6548573130948256,0.1334333014400061,-0.1751311484121533,-0.05241987288695601,-0.02514670099390574,0.008339601249285256,-0.04969830364908509,0.01012649412209446,-0.01329101900239427,-0.003978238782537873,-0.001908428533632195,0.0006329073935824736,M01,HELD_STOW_QSPACE_ONLY,NON_RELEASE_DIAGNOSTIC_CANDIDATE,false
514,5.14,0.8908159617722347,-2.595971456970737,-1.436076124743216,-0.850151431911318,-0.4290724234040011,-0.0313486033997739,-0.6553503809812402,0.1335337686327864,-0.1752630115577061,-0.05245934187571684,-0.02516563493640195,0.008345880463824513,-0.04891512277592901,0.009966913695274443,-0.01308156976362491,-0.003915546893789901,-0.001878354172626242,0.0006229335930955835,M01,HELD_STOW_QSPACE_ONLY,NON_RELEASE_DIAGNOSTIC_CANDIDATE,false
515,5.15,0.8842600252705481,-2.59463562360069,-1.437829405443452,-0.8506762200616546,-0.4293241731694024,-0.03126511361482928,-0.6558356125577146,0.1336326391041353,-0.1753927790070947,-0.05249818358527845,-0.02518426796244046,0.008352059883036059,-0.04813104411401314,0.009807150335598949,-0.01287188042556463,-0.003852783139046503,-0.001848245336284905,0.000612948359277931,M01,HELD_STOW_QSPACE_ONLY,NON_RELEASE_DIAGNOSTIC_CANDIDATE,false
516,5.16,0.8776992756718107,-2.59329880951711,-1.439583973329762,-0.8512013934897158,-0.4295761077590546,-0.03118156253514247,-0.6563129989199513,0.1337299110397187,-0.1755204483790067,-0.0525363973028716,-0.02520259973009379,0.008358139393523749,-0.04734608238118637,0.009647207041967322,-0.01266195492426746,-0.00378994869643878,-0.001818102589777629,0.0006029518795611727,M01,HELD_STOW_QSPACE_ONLY,NON_RELEASE_DIAGNOSTIC_CANDIDATE,false
517,5.17,0.8711337914720705,-2.5919610307143,-1.44133980740963,-0.8517269459120674,-0.4298282241586881,-0.03109795116035984,-0.6567825313108288,0.1338255826551912,-0.1756460173314897,-0.05257398232750817,-0.02522062990308605,0.008364118883765733,-0.04656025229529698,0.009487086813278783,-0.0124517971957873,-0.003727044744097787,-0.001787926498273839,0.0005929443413769574,M01,HELD_STOW_QSPACE_ONLY,NON_RELEASE_DIAGNOSTIC_CANDIDATE,false
518,5.18,0.864563651254215,-2.590622303204258,-1.443096886667314,-0.852252871038324,-0.4300805193506981,-0.03101428049123367,-0.657244201120406,0.1339196521961969,-0.1757694835619519,-0.05261093796998151,-0.02523835815079315,0.008369998244114496,-0.04577356857419385,0.009326792648432678,-0.01224141117617819,-0.003664072460154625,-0.00175771762694298,0.0005829259321569415,M01,HELD_STOW_QSPACE_ONLY,NON_RELEASE_DIAGNOSTIC_CANDIDATE,false
519,5.19,0.8579889336864921,-2.589282643016375,-1.444855190064247,-0.8527791625712672,-0.4303329903142025,-0.03093055152960331,-0.6576979998859213,0.134012117938369,-0.1758908448071629,-0.05264726355286634,-0.02525578414824271,0.008375777366796854,-0.04498604593572509,0.009166327546328191,-0.01203080080149397,-0.003601033022740333,-0.001727476540954469,0.0005728968393327716,M01,HELD_STOW_QSPACE_ONLY,NON_RELEASE_DIAGNOSTIC_CANDIDATE,false
520,5.2,0.8514097175210451,-2.587942066197138,-1.446614696539423,-0.8533058142069626,-0.4305856340250971,-0.03084676527837649,-0.6581439192917891,0.1341029781873291,-0.1760100988432518,-0.05268295841051854,-0.02527290757611396,0.008381456145913914,-0.04419769909773915,0.009005694505864579,-0.01181997000778857,-0.003537927609985979,-0.001697203805477737,0.0005628572503360987,M01,HELD_STOW_QSPACE_ONLY,NON_RELEASE_DIAGNOSTIC_CANDIDATE,false
521,5.21,0.8448260815924336,-2.586600588809824,-1.448375385009795,-0.8538328196348792,-0.4308384474561133,-0.03076292274151055,-0.6585819511696036,0.134192231278688,-0.1761272434857087,-0.05271802188907535,-0.02528972812073787,0.008387034477441106,-0.04340854277808502,0.008844896525941207,-0.01160892273111607,-0.003474757400022671,-0.001666899985682233,0.0005528073525985805,M01,HELD_STOW_QSPACE_ONLY,NON_RELEASE_DIAGNOSTIC_CANDIDATE,false
522,5.22,0.8382381048161669,-2.585258226934207,-1.45013723437067,-0.8543601725380056,-0.4310914275768737,-0.03067902492399368,-0.659012087498138,0.134279875578046,-0.1762422765893844,-0.0527524533464554,-0.02530624547409711,0.008392512259228187,-0.04261859169461077,0.008683936605457252,-0.01139766290753029,-0.003411523570981448,-0.001636565646737373,0.0005427473335518631,M01,HELD_STOW_QSPACE_ONLY,NON_RELEASE_DIAGNOSTIC_CANDIDATE,false
523,5.23,0.8316458661872312,-2.583914996666254,-1.451900223496097,-0.8548878665929687,-0.4313445713539492,-0.03059507283182624,-0.659434320403343,0.1343659094809918,-0.1763551960484899,-0.05278625215235853,-0.02532245933382603,0.008397889390999223,-0.0418278605651651,0.008522817743312023,-0.01118619447308523,-0.003348227300993394,-0.001606201353812596,0.0005326773806276008,M01,HELD_STOW_QSPACE_ONLY,NON_RELEASE_DIAGNOSTIC_CANDIDATE,false
524,5.24,0.8250494447786167,-2.582570914117827,-1.453664331239265,-0.8554158954701515,-0.4315978757509151,-0.03051106747200196,-0.6598486421583478,0.1344503314131031,-0.1764659997965968,-0.0528194176882659,-0.02533836940321067,0.00840316577435259,-0.04103636410759658,0.0083615429384048,-0.01097452136383486,-0.003284869768189588,-0.001575807672077337,0.0005225976812574457,M01,HELD_STOW_QSPACE_ONLY,NON_RELEASE_DIAGNOSTIC_CANDIDATE,false
525,5.25,0.8184489197398472,-2.58122599541638,-1.455429536432897,-0.8559442528338103,-0.431851337728408,-0.03042700985248922,-0.6602550451834603,0.1345331398299469,-0.1765746858066373,-0.05285194934744,-0.02535397539118876,0.008408341312760987,-0.04024411703975386,0.008200115189634876,-0.01076264751583316,-0.003221452150701112,-0.001545385166701033,0.0005125084228730517,M01,HELD_STOW_QSPACE_ONLY,NON_RELEASE_DIAGNOSTIC_CANDIDATE,false
526,5.26,0.8118443702955063,-2.579880256704664,-1.457195817889641,-0.8564729323421932,-0.4321049542441822,-0.03034290098221229,-0.6606535220461681,0.1346143332170792,-0.1766812520909045,-0.05288384653492473,-0.02536927701234978,0.008413415911571442,-0.0394511340794849,0.008038537495901409,-0.01055057686513392,-0.003157975626658993,-0.001514934402853094,0.0005024097929060632,M01,HELD_STOW_QSPACE_ONLY,NON_RELEASE_DIAGNOSTIC_CANDIDATE,false
527,5.27,0.8052358757437657,-2.578533714140423,-1.458963154402464,-0.8570019276476579,-0.4323587222531659,-0.03025874187103258,-0.6610440654611349,0.1346939100900447,-0.1767856967010513,-0.05291510866754512,-0.02538427398693482,0.008418389478005273,-0.03865742994463885,0.007876812856103798,-0.01033831334779127,-0.003094441374194355,-0.001484455945702979,0.0004923019787881403,M01,HELD_STOW_QSPACE_ONLY,NON_RELEASE_DIAGNOSTIC_CANDIDATE,false
528,5.28,0.7986235154549188,-2.577186383896095,-1.460731524745047,-0.8575312323967887,-0.432612638707518,-0.03017453352972999,-0.6614266682902049,0.1347718689943774,-0.1768880177280916,-0.05294573517390763,-0.02539896604083672,0.008423261921158137,-0.03786301935306393,0.00771494426914125,-0.01012586089985908,-0.003030850571438246,-0.001453950360420107,0.0004821851679509307,M01,HELD_STOW_QSPACE_ONLY,NON_RELEASE_DIAGNOSTIC_CANDIDATE,false
529,5.29,0.7920073688699012,-2.575838282158515,-1.462500907672179,-0.8580608402305152,-0.4328667005566848,-0.030090276969984,-0.6618013235424003,0.1348482085056001,-0.1769882133024001,-0.05297572549440004,-0.02541335290560002,0.008428033152000004,-0.03706791702260871,0.007552934733913047,-0.009913223457391308,-0.002967204396521741,-0.001423418212173914,0.0004720595478260872,M01,HELD_STOW_QSPACE_ONLY,NON_RELEASE_DIAGNOSTIC_CANDIDATE,false
530,5.3,0.7853875154988226,-2.574489425128612,-1.464271281920148,-0.8585907447842298,-0.4331209047474562,-0.03000597320435508,-0.6621680243739202,0.1349229272292244,-0.1770862815937112,-0.0530050790811913,-0.02542743431842088,0.008432703083375138,-0.03627213767112156,0.007390787249318428,-0.009700404956441862,-0.002903504027575904,-0.001392860066133826,0.0004619253058452595,M01,HELD_STOW_QSPACE_ONLY,NON_RELEASE_DIAGNOSTIC_CANDIDATE,false
531,5.31,0.778764034919496,-2.573139829021108,-1.466042626207136,-0.8591209396879053,-0.4333752482240223,-0.02992162324626586,-0.6625267640881448,0.1349960238007514,-0.1771822208111206,-0.05303379539823185,-0.02544121002214726,0.008437271630002153,-0.03547569601645138,0.007228504814256737,-0.009487409333064793,-0.002839750642731833,-0.001362276487469289,0.0004517826294401041,M01,HELD_STOW_QSPACE_ONLY,NON_RELEASE_DIAGNOSTIC_CANDIDATE,false
532,5.32,0.7721370067759654,-2.571789510064222,-1.467814919233614,-0.859651418566213,-0.4336297279280299,-0.02983722810998243,-0.6628775361356317,0.135067496885671,-0.1772760292030846,-0.0530618739212534,-0.02545467976527876,0.008441738708473968,-0.03467860677644627,0.007066090427627164,-0.009274240523313942,-0.002775945420120572,-0.001331668041349721,0.0004416317060422679,M01,HELD_STOW_QSPACE_ONLY,NON_RELEASE_DIAGNOSTIC_CANDIDATE,false
533,5.33,0.7655065107770307,-2.570438484499368,-1.469588139682734,-0.8601821750386406,-0.4338843407986391,-0.02975278881059556,-0.6632203341141156,0.1351373451794618,-0.1773677050574193,-0.05308931413776883,-0.02546784330196664,0.008446104237257798,-0.03388088466895474,0.006903547088328971,-0.00906090246324325,-0.002712089537873189,-0.001301035292944554,0.0004314727230834023,M01,HELD_STOW_QSPACE_ONLY,NON_RELEASE_DIAGNOSTIC_CANDIDATE,false
534,5.34,0.7588726266947794,-2.569086768580855,-1.471362266220724,-0.8607132027196097,-0.4341390837725798,-0.02966830636400197,-0.6635551517685119,0.1352055674075917,-0.1774572467013019,-0.0531161155470725,-0.02548070039201393,0.008450368136695204,-0.03308254441182577,0.006740877795261527,-0.008847399088906794,-0.002648184174120795,-0.001270378807423237,0.0004213058679951651,M01,HELD_STOW_QSPACE_ONLY,NON_RELEASE_DIAGNOSTIC_CANDIDATE,false
535,5.350000000000001,0.7522354343631159,-2.567734378575587,-1.473137277497277,-0.8612444952185937,-0.4343939537842081,-0.02958378178688562,-0.6638819829909126,0.1352721623255174,-0.1775446525012699,-0.05314227766023997,-0.02549325080087527,0.008454530329002039,-0.03228360072290738,0.006578085547323995,-0.008633734336358386,-0.002584230506994421,-0.001239699149955184,0.0004111313282092016,M01,HELD_STOW_QSPACE_ONLY,NON_RELEASE_DIAGNOSTIC_CANDIDATE,false
536,5.36,0.7455950136762868,-2.566381330762764,-1.474913152145951,-0.8617760461402356,-0.4346489477655631,-0.02949921609669894,-0.6642008218205901,0.1353371287186849,-0.1776299208632218,-0.05316780000012824,-0.0255054942996571,0.008458590738268499,-0.03148406832004849,0.006415173343415732,-0.008419912141652089,-0.002520229714625173,-0.001208996885709843,0.0004009492911571691,M01,HELD_STOW_QSPACE_ONLY,NON_RELEASE_DIAGNOSTIC_CANDIDATE,false
537,5.37,0.7389514445874081,-2.565027641433581,-1.476689868784561,-0.8623078490844661,-0.4349040626464229,-0.02941461031164404,-0.6645116624439934,0.1354004654025288,-0.177713050232416,-0.05319268210137545,-0.02551743066511745,0.00846254929045907,-0.03068396192109706,0.006252144182435889,-0.008205936440841697,-0.002456182975144079,-0.001178272579856624,0.000390759944270712,M01,HELD_STOW_QSPACE_ONLY,NON_RELEASE_DIAGNOSTIC_CANDIDATE,false
538,5.38,0.7323048071069989,-2.56367332689093,-1.478467406015568,-0.8628398976466211,-0.4351592953543617,-0.02932996545065409,-0.6648144991947516,0.1354621712224731,-0.1777940390934719,-0.05321692351040121,-0.02552905967966612,0.008466405913412575,-0.02988329624390236,0.00608900106328389,-0.007991811169981359,-0.002392091466682269,-0.00114752679756499,0.0003805634749814916,M01,HELD_STOW_QSPACE_ONLY,NON_RELEASE_DIAGNOSTIC_CANDIDATE,false
539,5.39,0.7256551813015035,-2.562318403449097,-1.480245742426478,-0.8633721854175593,-0.435414642814806,-0.02924528253337443,-0.6651093265536704,0.1355222450539303,-0.1778728859703691,-0.05324052378540629,-0.02554038113136453,0.008470160536842132,-0.02908208600631233,0.005925746984858887,-0.007777540265124873,-0.002327956367370772,-0.00111676010400435,0.0003703600707211525,M01,HELD_STOW_QSPACE_ONLY,NON_RELEASE_DIAGNOSTIC_CANDIDATE,false
540,5.4,0.7190026472918207,-2.560962887433464,-1.482024856590235,-0.8639047059837811,-0.4356701019510913,-0.0291605625801439,-0.6653961391487355,0.1355806858023023,-0.1779495894264478,-0.05326348249637286,-0.02555139481392586,0.008473813092335193,-0.02828034592617581,0.005762384946060215,-0.00756312766232627,-0.002263778855340683,-0.001085973064344149,0.0003601499189213506,M01,HELD_STOW_QSPACE_ONLY,NON_RELEASE_DIAGNOSTIC_CANDIDATE,false
541,5.41,0.7123472852518398,-2.559606795180213,-1.483804727065609,-0.8644374529275447,-0.4359256696845181,-0.02907580661197617,-0.6656749317551115,0.1356374924029799,-0.1780241480644093,-0.05328579922506447,-0.02556210052671498,0.008477363513353533,-0.02747809072134118,0.005598917945787116,-0.007348577297639465,-0.002199560108723067,-0.001055166243753814,0.0003499332070137359,M01,HELD_STOW_QSPACE_ONLY,NON_RELEASE_DIAGNOSTIC_CANDIDATE,false
542,5.42,0.7056891754069561,-2.558250143036016,-1.485585332397599,-0.8649704198269853,-0.4361813429344091,-0.02899101565054084,-0.6659456992951398,0.1356926638213428,-0.1780965605263146,-0.05330747356502583,-0.02557249807474841,0.008480811735233218,-0.02667533510965683,0.005435348982938832,-0.007133893107118372,-0.002135301305648982,-0.001024340207402773,0.0003397101224299585,M01,HELD_STOW_QSPACE_ONLY,NON_RELEASE_DIAGNOSTIC_CANDIDATE,false
543,5.43,0.6990283980326095,-2.556892947357746,-1.487366651117816,-0.8655036002562325,-0.4364371186181655,-0.02890619071814481,-0.6662084368383415,0.1357461990527598,-0.1781668254935858,-0.05332850512158305,-0.0255825872686944,0.008484157695184652,-0.02587209380897137,0.005271681056414653,-0.006919079026816963,-0.002071003624249511,-0.000993495520460461,0.0003294808526016716,M01,HELD_STOW_QSPACE_ONLY,NON_RELEASE_DIAGNOSTIC_CANDIDATE,false
544,5.44,0.6923650334528055,-2.555535224512169,-1.489148661744887,-0.8660369877855281,-0.4366929936513232,-0.02882133283771349,-0.6664631396014153,0.1357980971225885,-0.1782349416870052,-0.0533488935118435,-0.02559236792487288,0.008487401332292541,-0.0250683815371333,0.005107917165113843,-0.006704138992789183,-0.002006668242655723,-0.0009626327480963108,0.0003192455849605265,M01,HELD_STOW_QSPACE_ONLY,NON_RELEASE_DIAGNOSTIC_CANDIDATE,false
545,5.45,0.6856991620386517,-2.554176990875651,-1.490931342784839,-0.8665705759813433,-0.4369489649476096,-0.02873644303277212,-0.6667098029482398,0.1358483570861758,-0.178300907866716,-0.05336863836469594,-0.02560183986525549,0.008490542587515925,-0.02426421301199133,0.004944060307935712,-0.006489076941089035,-0.001942296338998706,-0.0009317524554797619,0.0003090045069381777,M01,HELD_STOW_QSPACE_ONLY,NON_RELEASE_DIAGNOSTIC_CANDIDATE,false
546,5.46,0.6790308642068745,-2.552818262833852,-1.492714672731502,-0.8671043584064981,-0.4372050294190004,-0.02865152232742689,-0.6669484223898702,0.1358969780288573,-0.1783647228322215,-0.05338773932081035,-0.02561100291746552,0.008493581403688137,-0.02345960295139386,0.004780113483779504,-0.006273896807770431,-0.001877889091409524,-0.0009008552077802417,0.0002987578059662753,M01,HELD_STOW_QSPACE_ONLY,NON_RELEASE_DIAGNOSTIC_CANDIDATE,false
547,5.47,0.6723602204183605,-2.55145905678143,-1.494498630066895,-0.8676383286202773,-0.4374611839757753,-0.02856657174634638,-0.667178993584542,0.1359439590659578,-0.1784263854223861,-0.0534061960326381,-0.02561985691477803,0.008496517725516853,-0.0226545660731896,0.004616079691544529,-0.006058602528887373,-0.001813447678019263,-0.0008699415701671905,0.0002885056694764736,M01,HELD_STOW_QSPACE_ONLY,NON_RELEASE_DIAGNOSTIC_CANDIDATE,false
548,5.48,0.6656873111766728,-2.550099389121737,-1.496283193261622,-0.8681724801785494,-0.4377174255265754,-0.02848159231474264,-0.6674015123376684,0.135989299342791,-0.1784858945154343,-0.05342400816441186,-0.02562840169611973,0.00849935149958405,-0.02184911709522634,0.004451961930129908,-0.005843198040493616,-0.001748973276958937,-0.0008390121078100125,0.0002782482849004151,M01,HELD_STOW_QSPACE_ONLY,NON_RELEASE_DIAGNOSTIC_CANDIDATE,false
549,5.49,0.6590122170265866,-2.548739276266527,-1.498068340775268,-0.8687068066338841,-0.4379737509784591,-0.02839658505835259,-0.6676159746018402,0.1360329980346594,-0.1785432490289511,-0.0534411753921455,-0.02563663710606899,0.008502082674346014,-0.0210432707353535,0.004287763198435096,-0.005627687278643352,-0.001684467066359693,-0.0008080673858781752,0.0002679858396697633,M01,HELD_STOW_QSPACE_ONLY,NON_RELEASE_DIAGNOSTIC_CANDIDATE,false
550,5.5,0.652335018552616,-2.547378734635646,-1.499854051056788,-0.8692413015356701,-0.438230157236959,-0.02831155100341917,-0.6678223764768283,0.136075054346855,-0.1785984479198824,-0.05345769740363433,-0.02564456299485593,0.008504711200133365,-0.020237041711419,0.004123486495359234,-0.005412074179390364,-0.001619930224352552,-0.0007771079695410873,0.000257718521216162,M01,HELD_STOW_QSPACE_ONLY,NON_RELEASE_DIAGNOSTIC_CANDIDATE,false
551,5.51,0.6456557963775409,-2.546017780656741,-1.501640302544906,-0.8697759584302333,-0.438486641206138,-0.0282264911766727,-0.6680207142095815,0.1361154675146584,-0.1786514901845345,-0.05347357389845498,-0.02565217921836237,0.008507237029151037,-0.01943044474127153,0.003959134819801634,-0.005196362678788654,-0.001555363929068603,-0.0007461344239681884,0.0002474465169712656,M01,HELD_STOW_QSPACE_ONLY,NON_RELEASE_DIAGNOSTIC_CANDIDATE,false
552,5.52,0.6389746311609343,-2.544656430764954,-1.503427073668506,-0.8703107708609537,-0.4387431997886464,-0.028141406605312,-0.6682109841942263,0.1361542368033392,-0.178702374858574,-0.05348880458796526,-0.02565948563812176,0.008509660115478265,-0.01862349454275977,0.003794711170661595,-0.004980556712892209,-0.00149076935863893,-0.0007151473143289169,0.0002371700143667277,M01,HELD_STOW_QSPACE_ONLY,NON_RELEASE_DIAGNOSTIC_CANDIDATE,false
553,5.53,0.6322916035976944,-2.543294701402623,-1.505214342847022,-0.870845732368384,-0.438999829885778,-0.02805629831698579,-0.6683931829720681,0.136191361508156,-0.1787511010170281,-0.05350338919530435,-0.02566648212131928,0.008511980415068607,-0.01781620583373233,0.003630218546838405,-0.004764660217755002,-0.001426147691194612,-0.0006841472057927087,0.0002268892008342013,M01,HELD_STOW_QSPACE_ONLY,NON_RELEASE_DIAGNOSTIC_CANDIDATE,false
554,5.54,0.6256067944165702,-2.541932609018989,-1.507002088490838,-0.8713808364903676,-0.4392565283975264,-0.02797116733977386,-0.6685673072315919,0.1362268409543566,-0.178797667774285,-0.05351732745539285,-0.02567316854079185,0.008514197885749957,-0.01700859333203714,0.003465659947231216,-0.004548677129430831,-0.001361500104866676,-0.000653134663528974,0.0002166042638053309,M01,HELD_STOW_QSPACE_ONLY,NON_RELEASE_DIAGNOSTIC_CANDIDATE,false
555,5.55,0.6189202843786887,-2.540570170069885,-1.508790289001678,-0.8719160767621554,-0.4395132922226423,-0.02788601470216836,-0.6687333538084594,0.1362606744971777,-0.178842074284093,-0.05353061911493252,-0.025679544775028,0.0085163124872245,-0.01620067175552338,0.003301038370739429,-0.004332611383973813,-0.001296827777786245,-0.0006221102527071701,0.0002063153907117765,M01,HELD_STOW_QSPACE_ONLY,NON_RELEASE_DIAGNOSTIC_CANDIDATE,false
556,5.56,0.6122321542760834,-2.539207401017443,-1.510578922773001,-0.8724514467165247,-0.4397701182586894,-0.02780084143305501,-0.668891319685512,0.1362928615218447,-0.1788843197395608,-0.05354326393240647,-0.02568561070816801,0.008518324181068744,-0.01539245582203915,0.003136356816262232,-0.004116466917437792,-0.00123213188808436,-0.0005910745384967139,0.0001960227689851848,M01,HELD_STOW_QSPACE_ONLY,NON_RELEASE_DIAGNOSTIC_CANDIDATE,false
557,5.57,0.6055424849302273,-2.537844318329794,-1.512367968190392,-0.8729869398838962,-0.4400270034021008,-0.02771564856169445,-0.6690412019927701,0.1363234014435727,-0.1789244033731584,-0.05355526167807925,-0.02569136623000388,0.008520232930733534,-0.01458396024943296,0.002971618282698888,-0.00390024766587671,-0.001167413613892091,-0.0005600280860670369,0.0001857265860572072,M01,HELD_STOW_QSPACE_ONLY,NON_RELEASE_DIAGNOSTIC_CANDIDATE,false
558,5.58,0.598851357190554,-2.536480938480767,-1.514157403631959,-0.8735225497924524,-0.4402839445482359,-0.02763043711770341,-0.6691829980074303,0.1363522937075649,-0.1789623244567153,-0.05356661213399649,-0.0256968112359792,0.008522038701543996,-0.01377519975555357,0.002806825768948722,-0.003683957565344586,-0.001102674133340531,-0.0005289714605875816,0.0001754270293594989,M01,HELD_STOW_QSPACE_ONLY,NON_RELEASE_DIAGNOSTIC_CANDIDATE,false
559,5.59,0.5921588519329892,-2.535117277949588,-1.515947207468726,-0.8740582699682551,-0.4405409385914371,-0.02754520813103597,-0.6693167051538695,0.136379537789014,-0.1789980823014221,-0.05357731509398529,-0.02570194562718936,0.008523741460699594,-0.01296618905824938,0.002641982273910974,-0.003467600551895331,-0.001037914624560742,-0.0004979052272277751,0.0001651242863237099,M01,HELD_STOW_QSPACE_ONLY,NON_RELEASE_DIAGNOSTIC_CANDIDATE,false
560,5.600000000000001,0.5854650500584815,-2.533753353220582,-1.517737358065022,-0.8745940939353631,-0.4407979824250857,-0.02745996263196489,-0.6694423210036431,0.1364051331931017,-0.1790316762578302,-0.05358737036365403,-0.02570676931038138,0.008525341177274113,-0.01215694287536899,0.002477090796484933,-0.00325118056158292,-0.0009731362656838038,-0.0004668299511570535,0.0001548185443814933,M01,HELD_STOW_QSPACE_ONLY,NON_RELEASE_DIAGNOSTIC_CANDIDATE,false
561,5.61,0.5787700324915259,-2.53238918078287,-1.519527833778883,-0.8751300152159505,-0.4410550729416587,-0.02737470165106281,-0.6695598432754846,0.1364290794549987,-0.1790631057158511,-0.05359677776039241,-0.02571128219795403,0.008526837822215643,-0.01134747592476058,0.002312154335569798,-0.003034701530461207,-0.00090834023484076,-0.0004357461975448358,0.0001445099909644964,M01,HELD_STOW_QSPACE_ONLY,NON_RELEASE_DIAGNOSTIC_CANDIDATE,false
562,5.62,0.5720738801786946,-2.531024777130075,-1.521318612962438,-0.8756660273304238,-0.4413122070327856,-0.02728942621918349,-0.6696692698353056,0.1364513761398645,-0.179092370104757,-0.05360553711337142,-0.02571548420795772,0.008528231368346595,-0.01053780292427296,0.002147175890064901,-0.002818167394584226,-0.0008435277101627083,-0.0004046545315605662,0.000134198813504375,M01,HELD_STOW_QSPACE_ONLY,NON_RELEASE_DIAGNOSTIC_CANDIDATE,false
563,5.63,0.565376674087166,-2.529660158760016,-1.523109673962306,-0.8762021237975405,-0.4415693815893044,-0.02720413736744313,-0.6697705986961964,0.1364720228428477,-0.1791194688931805,-0.05361364826354331,-0.02571937526409456,0.008529521790363691,-0.00972793859175498,0.001982158458869575,-0.002601582090006008,-0.0007786998697807459,-0.0003735555183736893,0.0001238851994327848,M01,HELD_STOW_QSPACE_ONLY,NON_RELEASE_DIAGNOSTIC_CANDIDATE,false
564,5.64,0.5586784952032493,-2.528295342174411,-1.524900995119989,-0.8767382981345264,-0.4418265935013185,-0.02711883612720157,-0.6698638280184264,0.1364910191890859,-0.1791444015891148,-0.05362111106364175,-0.0257229552957184,0.00853070906483798,-0.008917897645054407,0.001817105040882939,-0.002384949552780304,-0.0007138578918258859,-0.000342449723153609,0.0001135693361813682,M01,HELD_STOW_QSPACE_ONLY,NON_RELEASE_DIAGNOSTIC_CANDIDATE,false
565,5.65,0.5519794245309169,-2.526930343878576,-1.526692554772267,-0.8772745438571936,-0.4420838396582532,-0.02703352353004355,-0.6699489561094432,0.1365083648337057,-0.1791671677399141,-0.0536279253781817,-0.02572622423783476,0.008531793170214826,-0.008107694802020241,0.001652018635004361,-0.002168273718961191,-0.0006490029544292389,-0.0003113377110697762,0.0001032514111817832,M01,HELD_STOW_QSPACE_ONLY,NON_RELEASE_DIAGNOSTIC_CANDIDATE,false
566,5.66,0.5452795430903319,-2.525565180381128,-1.528484331251588,-0.8778108544800579,-0.4423411169489117,-0.02694820060776007,-0.6700259814238722,0.1365240594618227,-0.1791877669322924,-0.05363409108345933,-0.02572918203110083,0.008532774086813898,-0.007297344780500924,0.001486902240133093,-0.001951558524602598,-0.0005841362357218712,-0.0002802200472916203,9.29316118656805e-05,M01,HELD_STOW_QSPACE_ONLY,NON_RELEASE_DIAGNOSTIC_CANDIDATE,false
567,5.67,0.5385789319163719,-2.524199868193681,-1.530276302886467,-0.8783472235164574,-0.4425984222615327,-0.02686286839232944,-0.6700949025635174,0.1365381027885414,-0.1792061987923245,-0.05363960806755218,-0.0257318286218255,0.008533651796829186,-0.006486862298345122,0.001321758855168437,-0.001734807905758513,-0.000519258913834867,-0.0002490972969885794,8.261012566471385e-05,M01,HELD_STOW_QSPACE_ONLY,NON_RELEASE_DIAGNOSTIC_CANDIDATE,false
568,5.68,0.5318776720571639,-2.522834423830548,-1.532068448001874,-0.8788836444786698,-0.4428557524838457,-0.02677752791589874,-0.6701557182773629,0.1365504945589554,-0.1792224629854461,-0.05364447623031918,-0.0257341639619694,0.008534426284329013,-0.005676262073401168,0.001156591479009622,-0.001518025798482836,-0.0004543721668992836,-0.0002179700253300789,7.228714001053266e-05,M01,HELD_STOW_QSPACE_ONLY,NON_RELEASE_DIAGNOSTIC_CANDIDATE,false
569,5.69,0.5251758445726069,-2.521468863808443,-1.533860744919631,-0.8794201108780302,-0.4431131045031282,-0.02669218021076498,-0.6702084274615691,0.1365612345481473,-0.1792365592164529,-0.05364869548340045,-0.02573618800914481,0.008535097535255992,-0.004865558823517226,0.0009914031105558484,-0.00130121613882942,-0.0003894771730461652,-0.0001868387974855376,6.196284233478428e-05,M01,HELD_STOW_QSPACE_ONLY,NON_RELEASE_DIAGNOSTIC_CANDIDATE,false
570,5.7,0.5184735305329031,-2.520103204646176,-1.535653171958806,-0.8799566162250491,-0.4433704752062623,-0.02660682630935635,-0.6702530291594763,0.1365703225611885,-0.1792484872295015,-0.05365226575021748,-0.02573790072661572,0.008535665537427075,-0.00405476726654257,0.0008261967487065377,-0.001084382862852416,-0.0003245751104066445,-0.000155704178624417,5.163742006913012e-05,M01,HELD_STOW_QSPACE_ONLY,NON_RELEASE_DIAGNOSTIC_CANDIDATE,false
571,5.71,0.5117708110170867,-2.518737462864359,-1.537445707436102,-0.8804931540295298,-0.4436278614797906,-0.02652146724421353,-0.6702895225616025,0.1365777584331397,-0.179258246808109,-0.05365518696597306,-0.02573930208329781,0.008536130280533514,-0.003243902120325146,0.0006609753923608433,-0.0008675299066056209,-0.000259667157111748,-0.0001245667339161274,4.131106064521468e-05,M01,HELD_STOW_QSPACE_ONLY,NON_RELEASE_DIAGNOSTIC_CANDIDATE,false
572,5.72,0.505067767111548,-2.517371654985103,-1.539238329666258,-0.881029717800687,-0.4438852602099735,-0.02643610404797089,-0.6703179070056448,0.1365835420290504,-0.179265837775153,-0.05365745907765131,-0.02574039205375845,0.00853649175614089,-0.002432978102713673,0.0004957420404180758,-0.0006506612061430366,-0.0001947544912925641,-9.342702853010903e-05,3.098395149469232e-05,M01,HELD_STOW_QSPACE_ONLY,NON_RELEASE_DIAGNOSTIC_CANDIDATE,false
573,5.73,0.4983644799085662,-2.516005797531718,-1.541031016962437,-0.8815663010472639,-0.4441426682828452,-0.02635073775333777,-0.6703381819764781,0.1365876732439591,-0.1792712599928713,-0.05365908204401759,-0.02574117061821671,0.008536749957689089,-0.001622009931556539,0.000330499691777478,-0.0004337806975185774,-0.0001298382910801547,-6.228562763578931e-05,2.06562800492132e-05,M01,HELD_STOW_QSPACE_ONLY,NON_RELEASE_DIAGNOSTIC_CANDIDATE,false
574,5.74,0.4916610305048388,-2.514639907028414,-1.542823747636619,-0.88210289727765,-0.4444000825842701,-0.0262653693930798,-0.6703503471061569,0.1365901520028933,-0.179274513362863,-0.0536600558356187,-0.02574163776254338,0.00853690488049233,-0.0008110123247025188,0.0001652513453383717,-0.0002168923167862605,-6.491973460561273e-05,-3.114309640261049e-05,1.032823374043237e-05,M01,HELD_STOW_QSPACE_ONLY,NON_RELEASE_DIAGNOSTIC_CANDIDATE,false
575,5.75,0.4849575000000002,-2.513274,-1.5446165,-0.8826395,-0.4446575,-0.02618,-0.670354402173913,0.1365909782608696,-0.1792755978260869,-0.05366038043478263,-0.02574179347826088,0.008536956521739129,-0,0,-0,-0,-0,0,M01,HELD_STOW_QSPACE_ONLY,NON_RELEASE_DIAGNOSTIC_CANDIDATE,false
576,5.76,0.478253969495162,-2.511908092971586,-1.546409252363381,-0.8831761027223499,-0.4449149174157299,-0.0260946306069202,-0.6703503471061568,0.1365901520028933,-0.1792745133628629,-0.0536600558356187,-0.02574163776254337,0.00853690488049233,0.0008110123247024084,-0.0001652513453383492,0.000216892316786231,6.491973460560389e-05,3.114309640260624e-05,-1.032823374043097e-05,M01,HELD_STOW_QSPACE_ONLY,NON_RELEASE_DIAGNOSTIC_CANDIDATE,false
577,5.77,0.4715505200914327,-2.510542202468282,-1.548201983037564,-0.8837126989527364,-0.4451723317171549,-0.02600926224666221,-0.6703381819764787,0.1365876732439592,-0.1792712599928715,-0.05365908204401764,-0.02574117061821673,0.008536749957689096,0.001622009931556594,-0.0003304996917774892,0.0004337806975185921,0.0001298382910801591,6.228562763579142e-05,-2.06562800492139e-05,M01,HELD_STOW_QSPACE_ONLY,NON_RELEASE_DIAGNOSTIC_CANDIDATE,false
578,5.78,0.4648472328884528,-2.509176345014897,-1.549994670333742,-0.8842492821993131,-0.4454297397900265,-0.02592389595202911,-0.6703179070056451,0.1365835420290505,-0.179265837775153,-0.05365745907765133,-0.02574039205375847,0.008536491756140895,0.002432978102713618,-0.0004957420404180645,0.0006506612061430219,0.0001947544912925597,9.34270285301069e-05,-3.098395149469161e-05,M01,HELD_STOW_QSPACE_ONLY,NON_RELEASE_DIAGNOSTIC_CANDIDATE,false
579,5.79,0.4581441889829145,-2.507810537135641,-1.551787292563898,-0.8847858459704703,-0.4456871385202094,-0.02583853275578648,-0.6702895225616028,0.1365777584331398,-0.1792582468081091,-0.05365518696597309,-0.02573930208329782,0.008536130280533518,0.003243902120325367,-0.0006609753923608883,0.00086752990660568,0.0002596671571117656,0.0001245667339161359,-4.131106064521748e-05,M01,HELD_STOW_QSPACE_ONLY,NON_RELEASE_DIAGNOSTIC_CANDIDATE,false
580,5.8,0.4514414694670972,-2.506444795353824,-1.553579828041194,-0.885322383774951,-0.4459445247937378,-0.02575317369064365,-0.6702530291594766,0.1365703225611886,-0.1792484872295017,-0.05365226575021751,-0.02573790072661574,0.008535665537427078,0.004054767266542515,-0.0008261967487065264,0.001084382862852401,0.00032457511040664,0.0001557041786244149,-5.163742006912941e-05,M01,HELD_STOW_QSPACE_ONLY,NON_RELEASE_DIAGNOSTIC_CANDIDATE,false
581,5.81,0.4447391554273925,-2.505079136191557,-1.555372255080369,-0.8858588891219699,-0.4462018954968718,-0.02566781978923501,-0.6702084274615698,0.1365612345481474,-0.1792365592164531,-0.0536486954834005,-0.02573618800914484,0.008535097535256001,0.004865558823517447,-0.0009914031105558933,0.001301216138829479,0.0003894771730461828,0.0001868387974855461,-6.19628423347871e-05,M01,HELD_STOW_QSPACE_ONLY,NON_RELEASE_DIAGNOSTIC_CANDIDATE,false
582,5.82,0.4380373279428351,-2.503713576169452,-1.557164551998126,-0.8863953555213303,-0.4464592475161544,-0.02558247208410124,-0.6701557182773628,0.1365504945589554,-0.179222462985446,-0.05364447623031918,-0.0257341639619694,0.008534426284329011,0.005676262073400891,-0.001156591479009566,0.001518025798482762,0.0004543721668992615,0.0002179700253300683,-7.228714001052915e-05,M01,HELD_STOW_QSPACE_ONLY,NON_RELEASE_DIAGNOSTIC_CANDIDATE,false
583,5.83,0.4313360680836285,-2.502348131806319,-1.558956697113533,-0.8869317764835426,-0.4467165777384673,-0.02549713160767056,-0.6700949025635179,0.1365381027885414,-0.1792061987923246,-0.05363960806755222,-0.02573182862182551,0.008533651796829193,0.006486862298345122,-0.001321758855168437,0.001734807905758513,0.000519258913834867,0.0002490972969885794,-8.261012566471385e-05,M01,HELD_STOW_QSPACE_ONLY,NON_RELEASE_DIAGNOSTIC_CANDIDATE,false
584,5.84,0.4246354569096691,-2.500982819618872,-1.560748668748412,-0.8874681455199421,-0.4469738830510883,-0.02541179939223994,-0.6700259814238727,0.1365240594618228,-0.1791877669322925,-0.05363409108345937,-0.02572918203110084,0.008532774086813903,0.00729734478050131,-0.001486902240133172,0.001951558524602701,0.0005841362357219021,0.0002802200472916352,-9.293161186568542e-05,M01,HELD_STOW_QSPACE_ONLY,NON_RELEASE_DIAGNOSTIC_CANDIDATE,false
585,5.850000000000001,0.4179355754690821,-2.499617656121424,-1.562540445227733,-0.8880044561428065,-0.4472311603417469,-0.02532647646995643,-0.6699489561094434,0.1365083648337058,-0.1791671677399142,-0.05362792537818172,-0.02572622423783476,0.008531793170214829,0.008107694802020516,-0.001652018635004417,0.002168273718961265,0.000649002954429261,0.0003113377110697868,-0.0001032514111817867,M01,HELD_STOW_QSPACE_ONLY,NON_RELEASE_DIAGNOSTIC_CANDIDATE,false
586,5.86,0.4112365047967508,-2.498252657825589,-1.564332004880011,-0.8885407018654736,-0.4474884064986815,-0.02524116387279843,-0.6698638280184266,0.1364910191890859,-0.1791444015891149,-0.05362111106364177,-0.0257229552957184,0.008530709064837981,0.008917897645054462,-0.001817105040882951,0.002384949552780318,0.0007138578918258903,0.0003424497231536111,-0.0001135693361813689,M01,HELD_STOW_QSPACE_ONLY,NON_RELEASE_DIAGNOSTIC_CANDIDATE,false
587,5.87,0.4045383259128341,-2.496887841239984,-1.566123326037694,-0.8890768762024596,-0.4477456184106957,-0.02515586263255687,-0.6697705986961959,0.1364720228428476,-0.1791194688931803,-0.05361364826354328,-0.02571937526409454,0.008529521790363684,0.009727938591754758,-0.00198215845886953,0.002601582090005948,0.0007786998697807281,0.0003735555183736808,-0.000123885199432782,M01,HELD_STOW_QSPACE_ONLY,NON_RELEASE_DIAGNOSTIC_CANDIDATE,false
588,5.88,0.3978411198213054,-2.495523222869925,-1.567914387037562,-0.8896129726695763,-0.4480027929672145,-0.02507057378081651,-0.6696692698353055,0.1364513761398645,-0.179092370104757,-0.05360553711337141,-0.02571548420795771,0.008528231368346594,0.01053780292427302,-0.002147175890064912,0.002818167394584241,0.0008435277101627128,0.0004046545315605684,-0.0001341988135043757,M01,HELD_STOW_QSPACE_ONLY,NON_RELEASE_DIAGNOSTIC_CANDIDATE,false
589,5.89,0.3911449675084744,-2.49415881921713,-1.569705166221117,-0.8901489847840497,-0.4482599270583413,-0.02498529834893719,-0.6695598432754845,0.1364290794549987,-0.1790631057158511,-0.05359677776039241,-0.02571128219795402,0.008526837822215642,0.01134747592476069,-0.00231215433556982,0.003034701530461237,0.0009083402348407689,0.00043574619754484,-0.0001445099909644978,M01,HELD_STOW_QSPACE_ONLY,NON_RELEASE_DIAGNOSTIC_CANDIDATE,false
590,5.9,0.3844499499415202,-2.492794646779419,-1.571495641934977,-0.8906849060646369,-0.4485170175749142,-0.02490003736803512,-0.6694423210036435,0.1364051331931018,-0.1790316762578303,-0.05358737036365406,-0.0257067693103814,0.008525341177274118,0.01215694287536894,-0.002477090796484922,0.003251180561582905,0.0009731362656837994,0.0004668299511570514,-0.0001548185443814926,M01,HELD_STOW_QSPACE_ONLY,NON_RELEASE_DIAGNOSTIC_CANDIDATE,false
591,5.91,0.3777561480670113,-2.491430722050412,-1.573285792531274,-0.891220730031745,-0.4487740614085629,-0.02481479186896403,-0.6693167051538695,0.136379537789014,-0.1789980823014221,-0.05357731509398529,-0.02570194562718936,0.008523741460699594,0.01296618905824922,-0.00264198227391094,0.003467600551895286,0.001037914624560729,0.0004979052272277687,-0.0001651242863237078,M01,HELD_STOW_QSPACE_ONLY,NON_RELEASE_DIAGNOSTIC_CANDIDATE,false
592,5.92,0.3710636428094465,-2.490067061519233,-1.575075596368041,-0.8917564502075477,-0.4490310554517641,-0.02472956288229659,-0.6691829980074302,0.1363522937075648,-0.1789623244567152,-0.05356661213399648,-0.0256968112359792,0.008522038701543994,0.01377519975555341,-0.002806825768948688,0.003683957565344541,0.001102674133340518,0.0005289714605875752,-0.0001754270293594968,M01,HELD_STOW_QSPACE_ONLY,NON_RELEASE_DIAGNOSTIC_CANDIDATE,false
593,5.93,0.3643725150697739,-2.488703681670206,-1.576865031809608,-0.8922920601161037,-0.4492879965978993,-0.02464435143830555,-0.6690412019927697,0.1363234014435726,-0.1789244033731583,-0.05355526167807922,-0.02569136623000387,0.008520232930733529,0.01458396024943274,-0.002971618282698844,0.003900247665876652,0.001167413613892073,0.0005600280860670286,-0.0001857265860572044,M01,HELD_STOW_QSPACE_ONLY,NON_RELEASE_DIAGNOSTIC_CANDIDATE,false
594,5.94,0.3576828457239154,-2.487340598982557,-1.578654077226999,-0.8928275532834754,-0.4495448817413107,-0.02455915856694497,-0.6688913196855121,0.1362928615218447,-0.1788843197395609,-0.05354326393240649,-0.02568561070816801,0.008518324181068746,0.01539245582203899,-0.003136356816262198,0.004116466917437748,0.001232131888084347,0.0005910745384967075,-0.0001960227689851827,M01,HELD_STOW_QSPACE_ONLY,NON_RELEASE_DIAGNOSTIC_CANDIDATE,false
595,5.95,0.350994715621312,-2.485977829930115,-1.580442710998322,-0.8933629232378446,-0.4498017077773577,-0.02447398529783164,-0.6687333538084593,0.1362606744971776,-0.178842074284093,-0.05353061911493251,-0.025679544775028,0.008516312487224498,0.01620067175552327,-0.003301038370739406,0.004332611383973783,0.001296827777786236,0.0006221102527071659,-0.0002063153907117751,M01,HELD_STOW_QSPACE_ONLY,NON_RELEASE_DIAGNOSTIC_CANDIDATE,false
596,5.96,0.3443082055834288,-2.48461539098101,-1.582230911509162,-0.8938981635096326,-0.4500584716024736,-0.02438883266022612,-0.6685673072315915,0.1362268409543566,-0.178797667774285,-0.05351732745539282,-0.02567316854079183,0.008514197885749952,0.01700859333203737,-0.003465659947231261,0.00454867712943089,0.001361500104866693,0.0006531346635289825,-0.0002166042638053338,M01,HELD_STOW_QSPACE_ONLY,NON_RELEASE_DIAGNOSTIC_CANDIDATE,false
597,5.97,0.3376233964023059,-2.483253298597377,-1.584018657152978,-0.894433267631616,-0.4503151701142221,-0.02430370168301421,-0.6683931829720686,0.1361913615081561,-0.1787511010170283,-0.0535033891953044,-0.0256664821213193,0.008511980415068614,0.01781620583373216,-0.00363021854683837,0.004764660217754958,0.001426147691194598,0.0006841472057927022,-0.0002268892008341992,M01,HELD_STOW_QSPACE_ONLY,NON_RELEASE_DIAGNOSTIC_CANDIDATE,false
598,5.98,0.3309403688390655,-2.481891569235046,-1.585805926331494,-0.8949682291390464,-0.4505718002113536,-0.02421859339468799,-0.6682109841942256,0.136154236803339,-0.1787023748585738,-0.05348880458796521,-0.02565948563812173,0.008509660115478256,0.01862349454275988,-0.003794711170661617,0.004980556712892238,0.001490769358638939,0.0007151473143289211,-0.0002371700143667291,M01,HELD_STOW_QSPACE_ONLY,NON_RELEASE_DIAGNOSTIC_CANDIDATE,false
599,5.99,0.324259203622459,-2.480530219343259,-1.587592697455094,-0.8955030415697669,-0.4508283587938621,-0.02413350882332729,-0.6680207142095814,0.1361154675146584,-0.1786514901845344,-0.05347357389845497,-0.02565217921836236,0.008507237029151035,0.01943044474127175,-0.003959134819801679,0.005196362678788713,0.001555363929068621,0.000746134423968197,-0.0002474465169712684,M01,HELD_STOW_QSPACE_ONLY,NON_RELEASE_DIAGNOSTIC_CANDIDATE,false
600,6,0.3175799814473845,-2.479169265364354,-1.589378948943212,-0.8960376984643298,-0.4510848427630411,-0.02404844899658082,-0.6678223764768284,0.136075054346855,-0.1785984479198824,-0.05345769740363434,-0.02564456299485594,0.008504711200133366,0.020237041711419,-0.004123486495359234,0.005412074179390364,0.001619930224352552,0.0007771079695410873,-0.000257718521216162,M01,HELD_STOW_QSPACE_ONLY,NON_RELEASE_DIAGNOSTIC_CANDIDATE,false
601,6.01,0.3109027829734146,-2.477808723733473,-1.591164659224732,-0.8965721933661158,-0.4513412490215409,-0.02396341494164743,-0.6676159746018401,0.1360329980346594,-0.1785432490289511,-0.05344117539214548,-0.02563663710606898,0.008502082674346012,0.0210432707353535,-0.004287763198435096,0.005627687278643352,0.001684467066359693,0.0008080673858781752,-0.0002679858396697633,M01,HELD_STOW_QSPACE_ONLY,NON_RELEASE_DIAGNOSTIC_CANDIDATE,false
602,6.02,0.3042276888233264,-2.476448610878262,-1.592949806738378,-0.8971065198214507,-0.4515975744734247,-0.02387840768525734,-0.6674015123376682,0.1359892993427909,-0.1784858945154342,-0.05342400816441184,-0.02562840169611972,0.008499351499584046,0.02184911709522639,-0.004451961930129919,0.00584319804049363,0.001748973276958942,0.0008390121078100146,-0.0002782482849004158,M01,HELD_STOW_QSPACE_ONLY,NON_RELEASE_DIAGNOSTIC_CANDIDATE,false
603,6.03,0.2975547795816404,-2.475088943218571,-1.594734369933105,-0.8976406713797227,-0.4518538160242247,-0.02379342825365363,-0.6671789935845425,0.1359439590659579,-0.1784263854223862,-0.05340619603263815,-0.02561985691477805,0.008496517725516859,0.02265456607318955,-0.004616079691544519,0.006058602528887359,0.001813447678019258,0.0008699415701671885,-0.0002885056694764729,M01,HELD_STOW_QSPACE_ONLY,NON_RELEASE_DIAGNOSTIC_CANDIDATE,false
604,6.04,0.2908841357931249,-2.473729737166148,-1.596518327268498,-0.8981746415935019,-0.4521099705809997,-0.0237084776725731,-0.6669484223898705,0.1358969780288574,-0.1783647228322216,-0.05338773932081037,-0.02561100291746553,0.008493581403688142,0.02345960295139397,-0.004780113483779527,0.00627389680777046,0.001877889091409532,0.000900855207780246,-0.0002987578059662767,M01,HELD_STOW_QSPACE_ONLY,NON_RELEASE_DIAGNOSTIC_CANDIDATE,false
605,6.05,0.2842158379613493,-2.472371009124349,-1.59830165721516,-0.8987084240186566,-0.4523660350523904,-0.02362355696722789,-0.6667098029482392,0.1358483570861757,-0.1783009078667158,-0.05336863836469589,-0.02560183986525546,0.008490542587515916,0.02426421301199144,-0.004944060307935734,0.006489076941089063,0.001942296338998715,0.0009317524554797659,-0.0003090045069381791,M01,HELD_STOW_QSPACE_ONLY,NON_RELEASE_DIAGNOSTIC_CANDIDATE,false
606,6.06,0.2775499665471943,-2.471012775487831,-1.600084338255114,-0.899242012214472,-0.4526220063486769,-0.0235386671622865,-0.6664631396014151,0.1357980971225885,-0.1782349416870051,-0.05334889351184348,-0.02559236792487287,0.008487401332292539,0.02506838153713341,-0.005107917165113865,0.006704138992789213,0.002006668242655732,0.000962632748096315,-0.0003192455849605279,M01,HELD_STOW_QSPACE_ONLY,NON_RELEASE_DIAGNOSTIC_CANDIDATE,false
607,6.07,0.270886601967391,-2.469655052642254,-1.601866348882184,-0.8997753997437675,-0.4528778813818345,-0.02345380928185519,-0.6662084368383414,0.1357461990527598,-0.1781668254935857,-0.05332850512158303,-0.0255825872686944,0.00848415769518465,0.02587209380897143,-0.005271681056414664,0.006919079026816979,0.002071003624249515,0.0009934955204604632,-0.0003294808526016723,M01,HELD_STOW_QSPACE_ONLY,NON_RELEASE_DIAGNOSTIC_CANDIDATE,false
608,6.08,0.2642258245930442,-2.468297856963984,-1.603647667602401,-0.9003085801730147,-0.4531336570655909,-0.02336898434945916,-0.6659456992951398,0.1356926638213428,-0.1780965605263146,-0.05330747356502583,-0.02557249807474841,0.008480811735233218,0.02667533510965683,-0.005435348982938832,0.007133893107118372,0.002135301305648982,0.001024340207402773,-0.0003397101224299585,M01,HELD_STOW_QSPACE_ONLY,NON_RELEASE_DIAGNOSTIC_CANDIDATE,false
609,6.09,0.257567714748161,-2.466941204819788,-1.60542827293439,-0.9008415470724553,-0.4533893303154819,-0.02328419338802383,-0.6656749317551122,0.13563749240298,-0.1780241480644094,-0.05328579922506452,-0.025562100526715,0.00847736351335354,0.02747809072134118,-0.005598917945787116,0.007348577297639465,0.002199560108723067,0.001055166243753814,-0.0003499332070137359,M01,HELD_STOW_QSPACE_ONLY,NON_RELEASE_DIAGNOSTIC_CANDIDATE,false
610,6.100000000000001,0.2509123527081778,-2.465585112566535,-1.607208143409765,-0.901374294016219,-0.4536448980489088,-0.02319943741985607,-0.6653961391487357,0.1355806858023023,-0.1779495894264479,-0.05326348249637288,-0.02555139481392587,0.008473813092335197,0.0282803459261757,-0.005762384946060193,0.00756312766232624,0.002263778855340675,0.001085973064344144,-0.0003601499189213492,M01,HELD_STOW_QSPACE_ONLY,NON_RELEASE_DIAGNOSTIC_CANDIDATE,false
611,6.11,0.2442598186984988,-2.464229596550904,-1.608987257573521,-0.9019068145824405,-0.4539003571851939,-0.02311471746662559,-0.6651093265536709,0.1355222450539304,-0.1778728859703692,-0.05324052378540633,-0.02554038113136456,0.008470160536842139,0.02908208600631261,-0.005925746984858944,0.007777540265124947,0.002327956367370794,0.00111676010400436,-0.0003703600707211561,M01,HELD_STOW_QSPACE_ONLY,NON_RELEASE_DIAGNOSTIC_CANDIDATE,false
612,6.12,0.2376101928930017,-2.46287467310907,-1.610765593984432,-0.902439102353379,-0.4541557046456383,-0.02303003454934591,-0.6648144991947511,0.135462171222473,-0.1777940390934718,-0.05321692351040117,-0.0255290596796661,0.008466405913412568,0.02988329624390236,-0.00608900106328389,0.007991811169981359,0.002392091466682269,0.00114752679756499,-0.0003805634749814916,M01,HELD_STOW_QSPACE_ONLY,NON_RELEASE_DIAGNOSTIC_CANDIDATE,false
613,6.13,0.2309635554125919,-2.461520358566419,-1.612543131215439,-0.9029711509155339,-0.4544109373535771,-0.02294538968835595,-0.6645116624439935,0.1354004654025288,-0.177713050232416,-0.05319268210137546,-0.02551743066511745,0.008462549290459071,0.03068396192109717,-0.006252144182435911,0.008205936440841726,0.002456182975144087,0.001178272579856628,-0.0003907599442707134,M01,HELD_STOW_QSPACE_ONLY,NON_RELEASE_DIAGNOSTIC_CANDIDATE,false
614,6.140000000000001,0.2243199863237133,-2.460166669237236,-1.614319847854049,-0.9035029538597645,-0.454666052234437,-0.02286078390330105,-0.6642008218205903,0.1353371287186849,-0.1776299208632219,-0.05316780000012825,-0.02550549429965711,0.0084585907382685,0.03148406832004871,-0.006415173343415776,0.008419912141652148,0.002520229714625191,0.001208996885709851,-0.0004009492911571719,M01,HELD_STOW_QSPACE_ONLY,NON_RELEASE_DIAGNOSTIC_CANDIDATE,false
615,6.15,0.217679565636884,-2.458813621424413,-1.616095722502723,-0.9040345047814065,-0.4549210462157919,-0.02277621821311437,-0.6638819829909132,0.1352721623255175,-0.1775446525012701,-0.05314227766024002,-0.0254932508008753,0.008454530329002046,0.03228360072290743,-0.006578085547324007,0.008633734336358402,0.002584230506994425,0.001239699149955186,-0.0004111313282092024,M01,HELD_STOW_QSPACE_ONLY,NON_RELEASE_DIAGNOSTIC_CANDIDATE,false
616,6.16,0.2110423733052196,-2.457461231419145,-1.617870733779277,-0.9045657972803904,-0.4551759162274203,-0.02269169363599801,-0.6635551517685117,0.1352055674075916,-0.1774572467013018,-0.05311611554707248,-0.02548070039201392,0.0084503681366952,0.03308254441182554,-0.006740877795261482,0.008847399088906735,0.002648184174120777,0.001270378807423228,-0.0004213058679951623,M01,HELD_STOW_QSPACE_ONLY,NON_RELEASE_DIAGNOSTIC_CANDIDATE,false
617,6.17,0.2044084892229692,-2.456109515500632,-1.619644860317266,-0.9050968249613595,-0.4554306592013609,-0.02260721118940443,-0.6632203341141154,0.1351373451794617,-0.1773677050574192,-0.05308931413776881,-0.02546784330196664,0.008446104237257794,0.03388088466895495,-0.006903547088329016,0.009060902463243309,0.002712089537873206,0.001301035292944562,-0.0004314727230834051,M01,HELD_STOW_QSPACE_ONLY,NON_RELEASE_DIAGNOSTIC_CANDIDATE,false
618,6.18,0.1977779932240353,-2.454758489935778,-1.621418080766385,-0.9056275814337871,-0.4556852720719701,-0.02252277189001757,-0.6628775361356317,0.135067496885671,-0.1772760292030846,-0.0530618739212534,-0.02545467976527876,0.008441738708473968,0.03467860677644621,-0.007066090427627153,0.009274240523313926,0.002775945420120567,0.001331668041349719,-0.0004416317060422672,M01,HELD_STOW_QSPACE_ONLY,NON_RELEASE_DIAGNOSTIC_CANDIDATE,false
619,6.19,0.1911509650805034,-2.453408170978892,-1.623190373792864,-0.9061580603120949,-0.4559397517759778,-0.02243837675373413,-0.6625267640881449,0.1349960238007514,-0.1771822208111207,-0.05303379539823186,-0.02544121002214726,0.008437271630002154,0.03547569601645121,-0.007228504814256704,0.009487409333064748,0.00283975064273182,0.001362276487469283,-0.000451782629440102,M01,HELD_STOW_QSPACE_ONLY,NON_RELEASE_DIAGNOSTIC_CANDIDATE,false
620,6.2,0.1845274845011775,-2.452058574871388,-1.624961718079852,-0.9066882552157702,-0.4561940952525438,-0.02235402679564492,-0.6621680243739209,0.1349229272292245,-0.1770862815937113,-0.05300507908119134,-0.02542743431842091,0.008432703083375145,0.03627213767112173,-0.007390787249318461,0.009700404956441906,0.002903504027575917,0.001392860066133832,-0.0004619253058452615,M01,HELD_STOW_QSPACE_ONLY,NON_RELEASE_DIAGNOSTIC_CANDIDATE,false
621,6.21,0.1779076311300987,-2.450709717841485,-1.626732092327821,-0.9072181597694848,-0.4564482994433152,-0.02226972303001599,-0.6618013235424001,0.1348482085056,-0.1769882133024,-0.05297572549440003,-0.02541335290560001,0.008428033152000001,0.03706791702260865,-0.007552934733913035,0.009913223457391294,0.002967204396521737,0.001423418212173912,-0.0004720595478260865,M01,HELD_STOW_QSPACE_ONLY,NON_RELEASE_DIAGNOSTIC_CANDIDATE,false
622,6.22,0.1712914845450824,-2.449361616103905,-1.628501475254952,-0.9077477676032113,-0.456702361292482,-0.02218546647027003,-0.6614266682902055,0.1347718689943775,-0.1768880177280918,-0.05294573517390768,-0.02539896604083674,0.008423261921158144,0.03786301935306399,-0.007714944269141262,0.0101258608998591,0.00303085057143825,0.00145395036042011,-0.0004821851679509315,M01,HELD_STOW_QSPACE_ONLY,NON_RELEASE_DIAGNOSTIC_CANDIDATE,false
623,6.23,0.1646791242562347,-2.448014285859577,-1.630269845597536,-0.9082770723523421,-0.4569562777468342,-0.02210125812896742,-0.6610440654611349,0.1346939100900447,-0.1767856967010513,-0.05291510866754512,-0.02538427398693482,0.008418389478005273,0.03865742994463896,-0.007876812856103818,0.0103383133477913,0.003094441374194363,0.001484455945702983,-0.0004923019787881416,M01,HELD_STOW_QSPACE_ONLY,NON_RELEASE_DIAGNOSTIC_CANDIDATE,false
624,6.24,0.1580706297044943,-2.446667743295336,-1.632037182110359,-0.9088060676578068,-0.4572100457558179,-0.02201709901778771,-0.6606535220461671,0.134614333217079,-0.1766812520909042,-0.05288384653492467,-0.02536927701234974,0.00841341591157143,0.0394511340794849,-0.008038537495901409,0.01055057686513392,0.003157975626658993,0.001514934402853094,-0.0005024097929060632,M01,HELD_STOW_QSPACE_ONLY,NON_RELEASE_DIAGNOSTIC_CANDIDATE,false
625,6.25,0.1514660802601537,-2.44532200458362,-1.633803463567102,-0.9093347471661897,-0.457463662271592,-0.02193299014751079,-0.6602550451834602,0.1345331398299469,-0.1765746858066373,-0.05285194934744,-0.02535397539118875,0.008408341312760985,0.04024411703975381,-0.008200115189634864,0.01076264751583314,0.003221452150701107,0.00154538516670103,-0.000512508422873051,M01,HELD_STOW_QSPACE_ONLY,NON_RELEASE_DIAGNOSTIC_CANDIDATE,false
626,6.26,0.1448655552213838,-2.443977085882173,-1.635568668760734,-0.9098631045298485,-0.4577171242490849,-0.02184893252799804,-0.6598486421583477,0.1344503314131031,-0.1764659997965968,-0.05281941768826589,-0.02533836940321066,0.008403165774352588,0.04103636410759658,-0.0083615429384048,0.01097452136383486,0.003284869768189588,0.001575807672077337,-0.0005225976812574457,M01,HELD_STOW_QSPACE_ONLY,NON_RELEASE_DIAGNOSTIC_CANDIDATE,false
627,6.27,0.1382691338127686,-2.442633003333746,-1.637332776503903,-0.9103911334070314,-0.4579704286460509,-0.02176492716817375,-0.6594343204033422,0.1343659094809916,-0.1763551960484897,-0.05278625215235845,-0.02532245933382599,0.008397889390999211,0.04182786056516521,-0.008522817743312046,0.01118619447308526,0.003348227300993403,0.0016062013538126,-0.0005326773806276021,M01,HELD_STOW_QSPACE_ONLY,NON_RELEASE_DIAGNOSTIC_CANDIDATE,false
628,6.28,0.131676895183833,-2.441289773065793,-1.63909576562933,-0.9109188274619945,-0.4582235724231264,-0.02168097507600631,-0.6590120874981379,0.134279875578046,-0.1762422765893844,-0.05275245334645539,-0.0253062454740971,0.008392512259228187,0.0426185916946106,-0.008683936605457219,0.01139766290753024,0.003411523570981434,0.001636565646737366,-0.0005427473335518609,M01,HELD_STOW_QSPACE_ONLY,NON_RELEASE_DIAGNOSTIC_CANDIDATE,false
629,6.29,0.1250889184075681,-2.439947411190176,-1.640857614990204,-0.9114461803651208,-0.4584765525438867,-0.02159707725848947,-0.6585819511696043,0.1341922312786882,-0.1761272434857089,-0.0527180218890754,-0.02528972812073789,0.008387034477441112,0.04340854277808508,-0.008844896525941219,0.01160892273111608,0.003474757400022676,0.001666899985682235,-0.0005528073525985812,M01,HELD_STOW_QSPACE_ONLY,NON_RELEASE_DIAGNOSTIC_CANDIDATE,false
630,6.3,0.1185052824789552,-2.438605933802862,-1.642618303460577,-0.9119731857930374,-0.4587293659749029,-0.0215132347216235,-0.6581439192917893,0.1341029781873291,-0.1760100988432519,-0.05268295841051856,-0.02527290757611397,0.008381456145913917,0.04419769909773921,-0.009005694505864591,0.01181997000778859,0.003537927609985983,0.001697203805477739,-0.0005628572503360993,M01,HELD_STOW_QSPACE_ONLY,NON_RELEASE_DIAGNOSTIC_CANDIDATE,false
631,6.31,0.111926066313508,-2.437265356983625,-1.644377809935753,-0.9124998374287329,-0.4589820096857976,-0.02142944847039669,-0.6576979998859214,0.134012117938369,-0.1758908448071629,-0.05264726355286635,-0.02525578414824271,0.008375777366796856,0.04498604593572509,-0.009166327546328191,0.01203080080149397,0.003601033022740333,0.001727476540954469,-0.0005728968393327716,M01,HELD_STOW_QSPACE_ONLY,NON_RELEASE_DIAGNOSTIC_CANDIDATE,false
632,6.32,0.1053513487457849,-2.435925696795742,-1.646136113332686,-0.913026128961676,-0.4592344806493019,-0.02134571950876632,-0.6572442011204062,0.133919652196197,-0.175769483561952,-0.05261093796998152,-0.02523835815079316,0.008369998244114498,0.04577356857419373,-0.009326792648432655,0.01224141117617816,0.003664072460154616,0.001757717626942975,-0.00058292593215694,M01,HELD_STOW_QSPACE_ONLY,NON_RELEASE_DIAGNOSTIC_CANDIDATE,false
633,6.33,0.09878120852792938,-2.4345869692857,-1.64789319259037,-0.9135520540879327,-0.459486775841312,-0.02126204883964015,-0.6567825313108285,0.1338255826551912,-0.1756460173314896,-0.05257398232750815,-0.02522062990308604,0.008364118883765729,0.04656025229529703,-0.009487086813278794,0.01245179719578732,0.003727044744097792,0.001787926498273841,-0.000592944341376958,M01,HELD_STOW_QSPACE_ONLY,NON_RELEASE_DIAGNOSTIC_CANDIDATE,false
634,6.34,0.09221572432819025,-2.43324919048289,-1.649649026670237,-0.9140776065102842,-0.4597388922409453,-0.02117843746485754,-0.656312998919951,0.1337299110397186,-0.1755204483790067,-0.05253639730287157,-0.02520259973009377,0.008358139393523745,0.04734608238118621,-0.009647207041967289,0.01266195492426742,0.003789948696438767,0.001818102589777623,-0.0006029518795611706,M01,HELD_STOW_QSPACE_ONLY,NON_RELEASE_DIAGNOSTIC_CANDIDATE,false
635,6.350000000000001,0.08565497472945083,-2.43191237639931,-1.651403594556548,-0.9146027799383456,-0.4599908268305977,-0.0210948863851707,-0.6558356125577149,0.1336326391041354,-0.1753927790070948,-0.05249818358527848,-0.02518426796244048,0.008352059883036065,0.04813104411401337,-0.009807150335598994,0.01287188042556469,0.003852783139046521,0.001848245336284913,-0.0006129483592779338,M01,HELD_STOW_QSPACE_ONLY,NON_RELEASE_DIAGNOSTIC_CANDIDATE,false
636,6.36,0.07909903822776609,-2.430576543029263,-1.653156875256784,-0.9151275680886819,-0.4602425765959989,-0.0210113966002261,-0.6553503809812405,0.1335337686327865,-0.1752630115577062,-0.05245934187571687,-0.02516563493640197,0.008345880463824519,0.04891512277592917,-0.009966913695274476,0.01308156976362496,0.003915546893789914,0.001878354172626248,-0.0006229335930955855,M01,HELD_STOW_QSPACE_ONLY,NON_RELEASE_DIAGNOSTIC_CANDIDATE,false
637,6.37,0.07254799323087635,-2.429241706349062,-1.654908847802044,-0.9156519646849279,-0.4604941385262702,-0.02092796910854552,-0.6548573130948253,0.133433301440006,-0.1751311484121532,-0.05241987288695598,-0.02514670099390573,0.008339601249285251,0.04969830364908499,-0.01012649412209444,0.01329101900239424,0.003978238782537865,0.001908428533632191,-0.0006329073935824723,M01,HELD_STOW_QSPACE_ONLY,NON_RELEASE_DIAGNOSTIC_CANDIDATE,false
638,6.38,0.06600191805674616,-2.427907882316723,-1.656659491247437,-0.9161759634579043,-0.4607455096139802,-0.02084460490750745,-0.6543564179499469,0.133331239370117,-0.1749971919911093,-0.05237977734354649,-0.02512746648253098,0.008333222354688736,0.05048057201563323,-0.01028588861715981,0.01350022420581885,0.004040857627159377,0.001938467854133344,-0.0006428695733069543,M01,HELD_STOW_QSPACE_ONLY,NON_RELEASE_DIAGNOSTIC_CANDIDATE,false
639,6.390000000000001,0.05946089093209039,-2.426575086871672,-1.658408784672477,-0.9166995581457367,-0.4609966868552015,-0.0207613049933283,-0.6538477047452607,0.1332275842974316,-0.1748611447546081,-0.0523390559818203,-0.02510793175550863,0.008326743897179757,0.0512619131577248,-0.01044509418157119,0.01370918143784467,0.004103402249523331,0.001968471568960254,-0.0006528199448373724,M01,HELD_STOW_QSPACE_ONLY,NON_RELEASE_DIAGNOSTIC_CANDIDATE,false
640,6.4,0.05292498999090522,-2.42524333593444,-1.660156707181471,-0.9172227424939721,-0.4612476672495671,-0.02067807036104372,-0.6533311828266015,0.133122338126251,-0.1747230092020443,-0.05229770954989076,-0.02508809717172131,0.008320165995777425,0.05204231235751126,-0.01060410781642933,0.01391788676241777,0.004165871471498659,0.001998439112943491,-0.0006627583207420757,M01,HELD_STOW_QSPACE_ONLY,NON_RELEASE_DIAGNOSTIC_CANDIDATE,false
641,6.41,0.0463942932729795,-2.423912645406364,-1.661903237903922,-0.9177455102556987,-0.4614984478003278,-0.02059490200448964,-0.6528068616869784,0.1330155027908647,-0.1745827878721717,-0.05225573880765213,-0.02506796309570317,0.008313488771375117,0.05282175489714393,-0.01076292652283494,0.01412633624348418,0.00422826411495428,0.002028369920913616,-0.0006726845135894106,M01,HELD_STOW_QSPACE_ONLY,NON_RELEASE_DIAGNOSTIC_CANDIDATE,false
642,6.42,0.03986887872244971,-2.422583031169292,-1.663648355994914,-0.9182678551916618,-0.4617490255144072,-0.02051180091628384,-0.6522747509665843,0.132907080255552,-0.1744404833431062,-0.05221314452678042,-0.02504752989764027,0.008306712346740587,0.05360022605877417,-0.01092154730188871,0.01433452594498989,0.004290579001759109,0.002058263427701192,-0.0006825983359477233,M01,HELD_STOW_QSPACE_ONLY,NON_RELEASE_DIAGNOSTIC_CANDIDATE,false
643,6.43,0.03334882418630913,-2.421254509085276,-1.665392040635508,-0.9187897710703824,-0.4619993974024593,-0.020428768087807,-0.6517348604527896,0.1327970725145812,-0.1742960982323241,-0.05216992749073292,-0.02502679795337034,0.008299836846515904,0.05437771112455463,-0.01107996715469161,0.01454245193088128,0.004352814953782166,0.002088119068136832,-0.000692499600385377,M01,HELD_STOW_QSPACE_ONLY,NON_RELEASE_DIAGNOSTIC_CANDIDATE,false
644,6.44,0.02683420741294151,-2.419927094996275,-1.667134271033139,-0.9193112516682752,-0.4622495604789248,-0.020345804509184,-0.6511872000801392,0.1326854815922087,-0.1741496351966609,-0.05212608849474785,-0.02500576764438262,0.008292862397217392,0.0551541953766352,-0.01123818308234405,0.01475011026510398,0.004414970792892254,0.002117936277051042,-0.0007023881194707,M01,HELD_STOW_QSPACE_ONLY,NON_RELEASE_DIAGNOSTIC_CANDIDATE,false
645,6.45,0.02032510605064664,-2.418600804723859,-1.668875026422008,-0.9198322907697662,-0.4624995117620877,-0.02026291116926515,-0.6506317799303618,0.1325723095426811,-0.1740010969323143,-0.0520816283458452,-0.02498443935781828,0.008285789127235767,0.05592966409716833,-0.01139619208594697,0.01495749701160429,0.004477045340958378,0.002147714489274427,-0.0007122637057720524,M01,HELD_STOW_QSPACE_ONLY,NON_RELEASE_DIAGNOSTIC_CANDIDATE,false
646,6.46,0.01382159764617752,-2.417275654068901,-1.670614286063471,-0.9203528821674105,-0.4627492482741313,-0.02018008905560755,-0.650068610232361,0.132457558450233,-0.1738504861748415,-0.05203654786282597,-0.02496281348647002,0.008278617166836011,0.05670410256830525,-0.01155399116660102,0.0151646082343282,0.004539037419849444,0.002177453139637544,-0.0007221261718577793,M01,HELD_STOW_QSPACE_ONLY,NON_RELEASE_DIAGNOSTIC_CANDIDATE,false
647,6.47,0.007323759643257599,-2.415951658811287,-1.672352029246439,-0.9208730196620096,-0.4629987670411952,-0.02009733915445625,-0.6494977013622198,0.1323412304290886,-0.1736978056991605,-0.05199084787627257,-0.02494089042878229,0.008271346648157436,0.05747749607219717,-0.0117115773254069,0.01537143999722168,0.004600945851434358,0.002207151662970952,-0.0007319753302962256,M01,HELD_STOW_QSPACE_ONLY,NON_RELEASE_DIAGNOSTIC_CANDIDATE,false
648,6.48,0.0008316693811125653,-2.414628834709605,-1.67408823528777,-0.9213926970627306,-0.4632480650934321,-0.02001466245072549,-0.6489190638431998,0.1322233276234605,-0.1735430583195498,-0.05194452922854867,-0.02491867058885123,0.008263977705213669,0.05824982989099611,-0.01186894756346545,0.01557798836423093,0.004662769457582092,0.002236809494105237,-0.0007418109936557463,M01,HELD_STOW_QSPACE_ONLY,NON_RELEASE_DIAGNOSTIC_CANDIDATE,false
649,6.49,-0.005654595906996462,-2.413307197500854,-1.675822883532658,-0.9219119081872227,-0.4634971394650634,-0.01993205992798009,-0.6483327083457425,0.1321038522075513,-0.1733862468896489,-0.05189759277379945,-0.02489615437642473,0.008256510473892684,0.05902108930685328,-0.01202609888187733,0.01578424939930193,0.004724507060161551,0.002266426067870958,-0.0007516329745046859,M01,HELD_STOW_QSPACE_ONLY,NON_RELEASE_DIAGNOSTIC_CANDIDATE,false
650,6.5,-0.01213495909525042,-2.411986762900144,-1.677555953355034,-0.922430646861735,-0.4637459871944364,-0.01984953256841657,-0.6477386456874658,0.1319828063855516,-0.1732273743024572,-0.05185003937795114,-0.02487334220690228,0.008248945091956722,0.05979125960191979,-0.0121830282817432,0.01599021916638063,0.004786157481041634,0.002296000819098668,-0.0007614410854113882,M01,HELD_STOW_QSPACE_ONLY,NON_RELEASE_DIAGNOSTIC_CANDIDATE,false
651,6.51,-0.01860934316674312,-2.410667546600386,-1.679287424157953,-0.9229489069212358,-0.4639946053240807,-0.01976708135284442,-0.6471368868331658,0.1318601923916412,-0.1730664434903346,-0.05180186991871135,-0.0248502345013351,0.008241281699042364,0.06056032605834776,-0.01233973276416392,0.01619589372941325,0.004847719542091318,0.002325533182618958,-0.0007712351389442092,M01,HELD_STOW_QSPACE_ONLY,NON_RELEASE_DIAGNOSTIC_CANDIDATE,false
652,6.52,-0.02507767121495075,-2.409349564272007,-1.681017275373992,-0.9234666822095283,-0.4642429909007647,-0.01968470726066748,-0.6465274428948202,0.1317360124899894,-0.1729034574250025,-0.05175308528556916,-0.02482683168642615,0.00823352043666052,0.06132827395828853,-0.0124962093302402,0.01640126915234581,0.004909192065179521,0.002355022593262391,-0.0007810149476714957,M01,HELD_STOW_QSPACE_ONLY,NON_RELEASE_DIAGNOSTIC_CANDIDATE,false
653,6.53,-0.03153986644520668,-2.408032831562635,-1.682745486465642,-0.9239839665793703,-0.4644911409755519,-0.01960241126986503,-0.6459103251315816,0.1316102689747539,-0.1727384191175417,-0.05170368637979476,-0.02480313419453002,0.008225661448196395,0.06209508858389354,-0.01265245498107275,0.01660634149912434,0.004970573872175166,0.002384468485859533,-0.0007907803241615947,M01,HELD_STOW_QSPACE_ONLY,NON_RELEASE_DIAGNOSTIC_CANDIDATE,false
654,6.54,-0.03799585217617052,-2.406717364096813,-1.6844720369257,-0.9245007538925909,-0.464739052603858,-0.01952019435697317,-0.6452855449497825,0.1314829641700817,-0.1725713316183939,-0.05165367411443971,-0.024779142463653,0.008217704878909512,0.0628607552173138,-0.01280846671776222,0.01681110683369478,0.005031863784947143,0.002413870295240932,-0.0008005310809828489,M01,HELD_STOW_QSPACE_ONLY,NON_RELEASE_DIAGNOSTIC_CANDIDATE,false
655,6.55,-0.04444555184130161,-2.405403177475688,-1.686196906277666,-0.9250170380202086,-0.4649867228455066,-0.01943805749706602,-0.6446531139029353,0.1313541004301088,-0.172402198017362,-0.051603049414337,-0.02475485693745315,0.008209650875933739,0.06362525914070151,-0.01296424154140947,0.01701556122000335,0.005093060625364439,0.002443227456237185,-0.0008102670307036158,M01,HELD_STOW_QSPACE_ONLY,NON_RELEASE_DIAGNOSTIC_CANDIDATE,false
656,6.56,-0.05088888899033206,-2.404090287276718,-1.687920074076134,-0.9255328128425493,-0.4652341487647864,-0.01935600166373697,-0.6440130436917285,0.13122368013896,-0.1722310214436084,-0.05155181321610074,-0.02473027806524012,0.00820149958827722,0.06438858563620781,-0.01311977645311517,0.01721970072199603,0.005154163215295952,0.002472539403678846,-0.0008199879858922387,M01,HELD_STOW_QSPACE_ONLY,NON_RELEASE_DIAGNOSTIC_CANDIDATE,false
657,6.57,-0.05732578729073134,-2.402778709053369,-1.689641519907186,-0.9260480722493635,-0.4654813274305073,-0.01927402782908002,-0.6433653461640306,0.1310917057107494,-0.1720578050656567,-0.05149996646812649,-0.02470540630197533,0.008193251166822443,0.06515071998598412,-0.01327506845398004,0.01742352140361885,0.005215170376610606,0.00250180557239648,-0.0008296937591170656,M01,HELD_STOW_QSPACE_ONLY,NON_RELEASE_DIAGNOSTIC_CANDIDATE,false
658,6.58,-0.06375617052919091,-2.401468458334816,-1.691361223388788,-0.9265628101399452,-0.4657282559160572,-0.01919213696367087,-0.6427100333148879,0.1309581795895797,-0.1718825520913909,-0.05144751013059106,-0.02468024210827185,0.008184905764326202,0.06591164747218192,-0.0134301145451048,0.01762701932881786,0.005276080931177329,0.002531025397220654,-0.0008393841629464441,M01,HELD_STOW_QSPACE_ONLY,NON_RELEASE_DIAGNOSTIC_CANDIDATE,false
659,6.59,-0.07017996261308168,-2.400159550625644,-1.693079164171179,-0.9270770204232487,-0.4659749312994582,-0.0191103300365484,-0.6420471172865247,0.1308231042495427,-0.1717052657680552,-0.05139444517545252,-0.02465478595039445,0.008176463535419601,0.06667135337695264,-0.01358491172759017,0.01783019056153909,0.005336893700865043,0.002560198312981935,-0.000849059009948722,M01,HELD_STOW_QSPACE_ONLY,NON_RELEASE_DIAGNOSTIC_CANDIDATE,false
660,6.600000000000001,-0.07659708757193906,-2.398852001405545,-1.69479532193727,-0.9275906970180068,-0.4662213506634235,-0.01902860801519571,-0.641376610368346,0.1306864821947196,-0.1715259493822551,-0.05134077258645043,-0.02462903830025964,0.008167924636608086,0.06742982298244815,-0.01373945700253698,0.01803303116572871,0.005397607507542708,0.002589323754510904,-0.0008587181126922525,M01,HELD_STOW_QSPACE_ONLY,NON_RELEASE_DIAGNOSTIC_CANDIDATE,false
661,6.61,-0.08300746955892313,-2.397545826129022,-1.696509676403032,-0.9281038338528487,-0.4664675110954138,-0.01894697186552152,-0.6406985249969331,0.1305483159591801,-0.171344606259956,-0.05128649335910549,-0.02460299963543558,0.008159289226271394,0.06818704157081991,-0.01389374737104593,0.01823553720533275,0.00545822117307925,0.002618401156638129,-0.0008683612837453836,M01,HELD_STOW_QSPACE_ONLY,NON_RELEASE_DIAGNOSTIC_CANDIDATE,false
662,6.62,-0.08941103285229746,-2.396241040225087,-1.698222207317894,-0.9286164248664175,-0.4667134096876934,-0.01886542255184138,-0.6400128737560454,0.130408608106983,-0.1711612397664837,-0.05123160850071969,-0.02457667043914209,0.008150557464663574,0.06894299442421861,-0.01404777983421761,0.01843770474429705,0.005518733519343532,0.002647429954194146,-0.0008779883356764531,M01,HELD_STOW_QSPACE_ONLY,NON_RELEASE_DIAGNOSTIC_CANDIDATE,false
663,6.63,-0.09580770185689902,-2.394937659096961,-1.699932894465136,-0.9291284640074886,-0.4669590435373874,-0.01878396103685893,-0.6393196693766251,0.1302673612321766,-0.1709758533065258,-0.05117611903037665,-0.02455005120025084,0.008141729513913048,0.06969766682479689,-0.01420155139315297,0.01863952984656798,0.005579143368204575,0.002676409582009568,-0.0008875990810538242,M01,HELD_STOW_QSPACE_ONLY,NON_RELEASE_DIAGNOSTIC_CANDIDATE,false
664,6.640000000000001,-0.1021974011056117,-2.393635698121775,-1.701641717662279,-0.9296399452350868,-0.4672044097465375,-0.01870258828164713,-0.6386189247367864,0.1301245779587973,-0.1707884503241285,-0.05112002597894082,-0.02452314241328498,0.008132805538022467,0.07045104405470533,-0.01435505904895257,0.01884100857609135,0.005639449541531235,0.002705339474914927,-0.0008971933324458334,M01,HELD_STOW_QSPACE_ONLY,NON_RELEASE_DIAGNOSTIC_CANDIDATE,false
665,6.65,-0.108580055260834,-2.39233517265027,-1.703348656761484,-0.9301508625186046,-0.4674495054221594,-0.01862130524562957,-0.6379106528618252,0.1299802609408708,-0.1705990343026997,-0.05106333038905818,-0.02449594457841944,0.008123785702868843,0.07120311139609535,-0.01450829980271712,0.01904213699681319,0.005699650861192435,0.002734219067740789,-0.0009067709024208284,M01,HELD_STOW_QSPACE_ONLY,NON_RELEASE_DIAGNOSTIC_CANDIDATE,false
666,6.66,-0.1149555891159566,-2.391036098006496,-1.705053691649941,-0.9306612098379199,-0.4676943276762984,-0.01854011288656167,-0.6371948669242179,0.1298344128624125,-0.1704076087650081,-0.0510060333151562,-0.02446845820148095,0.00811467017620353,0.07195385413111931,-0.01466127065554753,0.01924291117267979,0.005759746149057171,0.002763047795317754,-0.0009163316035471682,M01,HELD_STOW_QSPACE_ONLY,NON_RELEASE_DIAGNOSTIC_CANDIDATE,false
667,6.67,-0.1213239275968245,-2.389738489487514,-1.706756802250265,-0.9311709811835136,-0.4679388736260864,-0.01845901216051201,-0.6364715802436175,0.1296870364374261,-0.1702141772731826,-0.05094813582344351,-0.02444068379394784,0.008105459127652176,0.07270325754192819,-0.01481396860854443,0.01944332716763706,0.005819734226994334,0.002791825092476373,-0.0009258752483931952,M01,HELD_STOW_QSPACE_ONLY,NON_RELEASE_DIAGNOSTIC_CANDIDATE,false
668,6.68,-0.1276849957632251,-2.388442362363093,-1.708457968520891,-0.931680170556588,-0.4681831403937985,-0.01837800402184345,-0.6357408062868536,0.1295381344099042,-0.1700187434287121,-0.0508896389919099,-0.02441262187295008,0.008096152728714716,0.07345130691067323,-0.0149663906628085,0.01964338104563099,0.005879613916872828,0.002820550394047201,-0.0009354016495272537,M01,HELD_STOW_QSPACE_ONLY,NON_RELEASE_DIAGNOSTIC_CANDIDATE,false
669,6.69,-0.1340387188103396,-2.387147731875414,-1.710157170456463,-0.9321887719691837,-0.4684271251069092,-0.01829708942319461,-0.6350025586679372,0.1293877095538288,-0.1698213108724468,-0.05083054391032669,-0.02438427296126943,0.008086751152765444,0.07419798751950632,-0.01511853381944056,0.01984306887060774,0.005939384040561617,0.002849223134860824,-0.0009449106195176978,M01,HELD_STOW_QSPACE_ONLY,NON_RELEASE_DIAGNOSTIC_CANDIDATE,false
670,6.7,-0.1403850220702298,-2.385854613238768,-1.71185438808823,-0.9326967794442982,-0.468670824898149,-0.01821626931546091,-0.6342568511480565,0.1292357646731706,-0.169621883284597,-0.05077085168024644,-0.0243556375873393,0.008077254575052952,0.07494328465057901,-0.01527039507954134,0.02004238670651338,0.005999043419929632,0.00287784274974781,-0.0009544019709328761,M01,HELD_STOW_QSPACE_ONLY,NON_RELEASE_DIAGNOSTIC_CANDIDATE,false
671,6.71,-0.1467238310133085,-2.384563021639256,-1.713549601484444,-0.9332041870160035,-0.4689142369055614,-0.0181355446477759,-0.6335036976355777,0.1290823026018894,-0.1694204643847336,-0.05071056341500294,-0.02432671628524479,0.008067663172700143,0.07568718358604197,-0.01542197144421142,0.02024133061729374,0.006058590876845737,0.002906408673538698,-0.0009638755163411269,M01,HELD_STOW_QSPACE_ONLY,NON_RELEASE_DIAGNOSTIC_CANDIDATE,false
672,6.72,-0.1530550712498013,-2.383272972234489,-1.715242790750744,-0.9337109887295634,-0.4691573582725586,-0.0180549163674926,-0.6327431121860466,0.128927326203934,-0.1692170579317882,-0.05064968023971143,-0.02429750959472272,0.008057977124704251,0.07642966960804742,-0.01557325991455167,0.02043989666689508,0.006118025233178918,0.002934920341064081,-0.0009733310683108074,M01,HELD_STOW_QSPACE_ONLY,NON_RELEASE_DIAGNOSTIC_CANDIDATE,false
673,6.73,-0.1593786685312328,-2.38198448015329,-1.716933936030559,-0.9342171786415526,-0.4694001861479785,-0.01797438542016459,-0.631975109002187,0.1287708383732423,-0.1690116677240529,-0.05058820329126835,-0.0242680180611616,0.008048196611936818,0.07717072799874682,-0.01572425749166282,0.02063808091926344,0.006177345310798101,0.002963377187154527,-0.0009827684394102657,M01,HELD_STOW_QSPACE_ONLY,NON_RELEASE_DIAGNOSTIC_CANDIDATE,false
674,6.74,-0.1656945487518806,-2.380697560495391,-1.718623017505497,-0.9347227508199726,-0.4696427176861412,-0.01789395274952749,-0.631199702433902,0.1286128420337411,-0.1688042975991805,-0.05052613371835159,-0.02423824223560164,0.008038321817143715,0.07791034404029171,-0.01587496117664562,0.02083587943834488,0.006236549931572218,0.002991778646640607,-0.0009921874422078507,M01,HELD_STOW_QSPACE_ONLY,NON_RELEASE_DIAGNOSTIC_CANDIDATE,false
675,6.75,-0.1720026379502686,-2.379412228331135,-1.720310015395738,-0.9352276993443714,-0.4698849500469055,-0.01781361929747995,-0.6304169069782716,0.1284533401393462,-0.168594951434184,-0.05046347268142019,-0.02420818267473471,0.008028352924945111,0.07864850301483332,-0.01602536797060074,0.02103328828808539,0.006295637917370178,0.003020124154352877,-0.001001587889271908,M01,HELD_STOW_QSPACE_ONLY,NON_RELEASE_DIAGNOSTIC_CANDIDATE,false
676,6.76,-0.1783028623106198,-2.378128498701177,-1.72199490996043,-0.9357320183059604,-0.4701268803957254,-0.01773338600406515,-0.6296267372795555,0.1282923356739624,-0.168383633145437,-0.0504002213527146,-0.02417783994090442,0.008018290121835504,0.07938519020452299,-0.01617547487462889,0.02123030353243098,0.006354608090060896,0.0030484131451219,-0.001010969593170782,M01,HELD_STOW_QSPACE_ONLY,NON_RELEASE_DIAGNOSTIC_CANDIDATE,false
677,6.77,-0.1845951481643375,-2.376846386616183,-1.723677681498082,-0.936235701807732,-0.4703685059037064,-0.01765325380745193,-0.6288292081291903,0.1281298316514831,-0.1681703466886735,-0.05033638091625645,-0.02414721460210599,0.008008133596183688,0.08012039089151227,-0.01632527888983079,0.02142692123532772,0.006413459271513305,0.003076645053778246,-0.001020332366472824,M01,HELD_STOW_QSPACE_ONLY,NON_RELEASE_DIAGNOSTIC_CANDIDATE,false
678,6.78,-0.1908794219914771,-2.375565907056528,-1.725358310346956,-0.9367387439645778,-0.4706098237476625,-0.01757322364391602,-0.6280243344657935,0.1279658311157914,-0.1679550960589887,-0.05027195256784888,-0.02411630723198645,0.007997883538232806,0.08085409035795284,-0.01647477701730725,0.02162313746072171,0.00647219028359635,0.003104819315152491,-0.001029676021746384,M01,HELD_STOW_QSPACE_ONLY,NON_RELEASE_DIAGNOSTIC_CANDIDATE,false
679,6.79,-0.1971556104222141,-2.374287074972001,-1.727036776885463,-0.9372411389034065,-0.4708508311101721,-0.0174932964478214,-0.6272121313751593,0.127800337140759,-0.1677378852908377,-0.0502069375150762,-0.02408511840984445,0.007987540140100294,0.08158627388599646,-0.01662396625815902,0.02181894827255909,0.006530799948178979,0.003132935364075213,-0.001039000371559814,M01,HELD_STOW_QSPACE_ONLY,NON_RELEASE_DIAGNOSTIC_CANDIDATE,false
680,6.8,-0.2034236402383178,-2.373009905281501,-1.728713061532553,-0.9377428807632614,-0.4710915251796352,-0.01741347315160151,-0.6263926140902613,0.1276333528302467,-0.1675187184580363,-0.05014133697730409,-0.02405364872063036,0.007977103595777919,0.08231692675779416,-0.01677284361348676,0.02201434973478578,0.006589287087130084,0.003160992635376961,-0.001048305228481455,M01,HELD_STOW_QSPACE_ONLY,NON_RELEASE_DIAGNOSTIC_CANDIDATE,false
681,6.81,-0.2096834383746229,-2.371734412872738,-1.730387144748114,-0.9382439636954385,-0.4713319031503292,-0.01733375468574046,-0.6255657979912501,0.127464881318104,-0.1672975996737608,-0.05007515218567945,-0.0240218987549462,0.007966574101131741,0.08304603425549714,-0.01692140608439114,0.02220933791134775,0.006647650522318572,0.003188990563888292,-0.001057590405079653,M01,HELD_STOW_QSPACE_ONLY,NON_RELEASE_DIAGNOSTIC_CANDIDATE,false
682,6.82,-0.2159349319205028,-2.370460612601935,-1.732059007033361,-0.9387443818636039,-0.4715719622224661,-0.01725414197875437,-0.6247316986054573,0.1272949257681699,-0.1670745330905483,-0.05000838438313066,-0.02398986910904577,0.00795595185390217,0.08377358166125763,-0.01706965067197305,0.02240390886619127,0.006705889075613429,0.003216928584439804,-0.001066855713922766,M01,HELD_STOW_QSPACE_ONLY,NON_RELEASE_DIAGNOSTIC_CANDIDATE,false
683,6.83,-0.2221780481213411,-2.369188519293524,-1.733728628931231,-0.9392441294439123,-0.4718116996022484,-0.01717463595717253,-0.6238903316073907,0.1271234893742719,-0.1668495229002961,-0.04994103482436725,-0.02395756038483449,0.007945237053703905,0.08449955425722663,-0.0172175743773331,0.02259805866326224,0.006764001568883543,0.003244806131862045,-0.001076100967579135,M01,HELD_STOW_QSPACE_ONLY,NON_RELEASE_DIAGNOSTIC_CANDIDATE,false
684,6.84,-0.2284127143799992,-2.367918147739853,-1.735395991026776,-0.9397432006251242,-0.4720511125019263,-0.01709523754551877,-0.6230417128187385,0.126950575360227,-0.1666225733342625,-0.04987310477588019,-0.02392497318986954,0.007934429902025985,0.08522393732555582,-0.01736517420157208,0.02279178336650678,0.00682198682399786,0.003272622640985589,-0.001085325978617111,M01,HELD_STOW_QSPACE_ONLY,NON_RELEASE_DIAGNOSTIC_CANDIDATE,false
685,6.850000000000001,-0.2346388582582923,-2.366649512700878,-1.737061073947561,-0.9402415896087237,-0.4722901981398534,-0.01701594766629262,-0.6221858582083648,0.1267761869798406,-0.1663936886630656,-0.0498045955159416,-0.02389210813735968,0.007923530602231731,0.08594671614839665,-0.0175124471457907,0.02298507903987092,0.006879843662825303,0.003300377546641004,-0.001094530559605042,M01,HELD_STOW_QSPACE_ONLY,NON_RELEASE_DIAGNOSTIC_CANDIDATE,false
686,6.86,-0.2408564074784656,-2.365382628903868,-1.73872385836405,-0.9407392906090372,-0.472528953740544,-0.01693676723995059,-0.6213227838923151,0.1266003275169076,-0.1661628731966849,-0.04973550833460508,-0.02385896584616551,0.007912539359558823,0.08666787600790064,-0.01765939021108971,0.02317794174730074,0.006937570907234803,0.003328070283658858,-0.001103714523111277,M01,HELD_STOW_QSPACE_ONLY,NON_RELEASE_DIAGNOSTIC_CANDIDATE,false
687,6.87,-0.2470652899246484,-2.364117511043106,-1.740384324990004,-0.9412362978533493,-0.4727673765347288,-0.01685769718488753,-0.6204525061338111,0.1264230002852116,-0.1659301312844597,-0.04966584453370543,-0.02382554694079921,0.007901456381119222,0.08738740218621915,-0.01780600039856982,0.02337036755274224,0.006995167379095281,0.003355700286869716,-0.001112877681704162,M01,HELD_STOW_QSPACE_ONLY,NON_RELEASE_DIAGNOSTIC_CANDIDATE,false
688,6.88,-0.2532654336443505,-2.362854173779584,-1.742042454582877,-0.9417326055820233,-0.4730054637594125,-0.0167787384174177,-0.6195750413432546,0.1262442086285253,-0.1656954673150903,-0.04959560542685881,-0.02379185205142472,0.007890281875899229,0.08810527996550375,-0.01795227470933176,0.0235623525201415,0.007052631900275668,0.003383266991104146,-0.001122019847952047,M01,HELD_STOW_QSPACE_ONLY,NON_RELEASE_DIAGNOSTIC_CANDIDATE,false
689,6.890000000000001,-0.259456766849917,-2.361592631740709,-1.743698227944205,-0.9422282080486168,-0.4732432126579295,-0.01669989185175614,-0.618690406078224,0.1260639559206103,-0.1654588857166372,-0.04952479233946262,-0.02375788181385761,0.007879016054759437,0.08882149462790555,-0.0180982101444762,0.02375389271344447,0.007109963292644863,0.003410769831192703,-0.001131140834423274,M01,HELD_STOW_QSPACE_ONLY,NON_RELEASE_DIAGNOSTIC_CANDIDATE,false
690,6.9,-0.2656392179199982,-2.36033289952,-1.745351625919999,-0.9427230995199999,-0.4734806204799999,-0.01662115840000002,-0.6177986170434788,0.1258822455652175,-0.1652203909565219,-0.04945340660869571,-0.02372363686956525,0.007867659130434789,0.08953603145557663,-0.01824380370510399,0.02394498419659737,0.007167160378071842,0.003438208241965978,-0.001140240453686201,M01,HELD_STOW_QSPACE_ONLY,NON_RELEASE_DIAGNOSTIC_CANDIDATE,false
691,6.91,-0.2718127154010435,-2.359074991676787,-1.747002629401148,-0.9432172742764746,-0.4737176844817881,-0.01654253897210958,-0.6168996910909537,0.1256990809960861,-0.1649799875415257,-0.04938144958351803,-0.02368911786566655,0.007856211317534504,0.09024887573066803,-0.01838905239231576,0.02413562303354613,0.007224221978425498,0.00346558165825452,-0.001149318518309169,M01,HELD_STOW_QSPACE_ONLY,NON_RELEASE_DIAGNOSTIC_CANDIDATE,false
692,6.92,-0.2779771880087401,-2.357818922735915,-1.748651219323797,-0.9437107266118901,-0.4739544019259566,-0.01646403447588983,-0.6159936452197661,0.1255144656769454,-0.1647376800177916,-0.04930892262467115,-0.02365432545493231,0.007844672832542168,0.09096001273533194,-0.0185339532072124,0.02432580528823699,0.007281146915574814,0.003492889514888925,-0.001158374840860536,M01,HELD_STOW_QSPACE_ONLY,NON_RELEASE_DIAGNOSTIC_CANDIDATE,false
693,6.93,-0.2841325646295152,-2.356564707187439,-1.750297376669755,-0.944203450833763,-0.4741907700817247,-0.01638564581697138,-0.6150804965762086,0.1253284031015127,-0.1644934729708222,-0.04923582710467771,-0.02361926029578487,0.007833043893815644,0.09166942775171862,-0.01867850315089438,0.02451552702461566,0.007337934011388619,0.003520131246699713,-0.001167409233908634,M01,HELD_STOW_QSPACE_ONLY,NON_RELEASE_DIAGNOSTIC_CANDIDATE,false
694,6.94,-0.2902787743219846,-2.35531235948633,-1.751941082466881,-0.944695441263393,-0.4744267862249238,-0.01630737389879206,-0.6141602624537528,0.1251408967934947,-0.1642473710254807,-0.04916216440784166,-0.02358392305229831,0.007821324721587121,0.09237710606198071,-0.01882269922446267,0.02470478430662853,0.007394582087735937,0.003547306288517496,-0.001176421510021827,M01,HELD_STOW_QSPACE_ONLY,NON_RELEASE_DIAGNOSTIC_CANDIDATE,false
695,6.95,-0.2964157463184431,-2.35406189405217,-1.753582317789479,-0.9451866922359824,-0.4746624476380546,-0.01622921962257788,-0.6132329602930486,0.1249519503065868,-0.1639993788459909,-0.04908793593024829,-0.02354831439419839,0.007809515537963094,0.0930830329482689,-0.01896653842901784,0.02489357319822141,0.007451089966485629,0.003574414075172813,-0.001185411481768451,M01,HELD_STOW_QSPACE_ONLY,NON_RELEASE_DIAGNOSTIC_CANDIDATE,false
696,6.96,-0.3025434100263262,-2.352813325268853,-1.755221063758694,-0.9456771981007535,-0.474897751610343,-0.01615118388732441,-0.6122986076819265,0.124761567224474,-0.1637495011359378,-0.04901314307976434,-0.02351243499686262,0.007797616566924407,0.09378719369273505,-0.0191100177656607,0.02508188976334047,0.007507456469506654,0.003601454041496244,-0.001194378961716861,M01,HELD_STOW_QSPACE_ONLY,NON_RELEASE_DIAGNOSTIC_CANDIDATE,false
697,6.97,-0.3086616950296825,-2.351566667484288,-1.756857301542902,-0.9461669532210657,-0.4751326954377972,-0.0160732675897781,-0.6113572223553931,0.1245697511608297,-0.163497742638266,-0.04893778727603772,-0.02347628554132015,0.007785628034326193,0.09448957357753077,-0.019253134235492,0.02526973006593179,0.007563680418667949,0.003628425622318361,-0.001203323762435407,M01,HELD_STOW_QSPACE_ONLY,NON_RELEASE_DIAGNOSTIC_CANDIDATE,false
698,6.98,-0.3147705310906406,-2.350321935010099,-1.758491012358104,-0.9466559519745336,-0.4753672764232637,-0.01599547162441753,-0.6104088221956341,0.1243765057593165,-0.163244108135281,-0.04886186995049761,-0.02343986671425181,0.007773550167897903,0.09519015788480732,-0.01939588483961244,0.02545709016994136,0.007619760635838428,0.003655328252469725,-0.001212245696492433,M01,HELD_STOW_QSPACE_ONLY,NON_RELEASE_DIAGNOSTIC_CANDIDATE,false
699,6.99,-0.3208698481508989,-2.349079142121319,-1.760122177468324,-0.9471441887531457,-0.4756014918764844,-0.01591779688343445,-0.6094534252320145,0.1241818346935861,-0.1629886024486492,-0.04878539254635466,-0.02340317920799021,0.007761383197243318,0.09588893189671621,-0.01953826657912274,0.02564396613931524,0.007675695942887016,0.003682161366780904,-0.001221144576456288,M01,HELD_STOW_QSPACE_ONLY,NON_RELEASE_DIAGNOSTIC_CANDIDATE,false
700,7,-0.326959576333175,-2.347838303056099,-1.761750778185998,-0.9476316579633808,-0.4758353391141523,-0.01584024425671535,-0.6084910496410769,0.123985741667279,-0.162731230439397,-0.0487083565186007,-0.02336622372051956,0.007749127353840524,0.09658588089540898,-0.01968027645512364,0.0258303540379995,0.007731485161682646,0.003708924400082466,-0.00123002021489532,M01,HELD_STOW_QSPACE_ONLY,NON_RELEASE_DIAGNOSTIC_CANDIDATE,false
701,7.01,-0.3330396459426943,-2.3465994320154,-1.763376795872368,-0.9481183540263272,-0.4760688154599689,-0.01576281463182247,-0.607521713746543,0.1237882304140249,-0.1624719970079116,-0.04863076333400893,-0.02332900095547581,0.00773678287104193,0.09728099016303718,-0.0198219114687159,0.02601624992994021,0.007787127114094253,0.003735616787204985,-0.001238872424377881,M01,HELD_STOW_QSPACE_ONLY,NON_RELEASE_DIAGNOSTIC_CANDIDATE,false
702,7.02,-0.3391099874686478,-2.345362543162699,-1.765000211937877,-0.9486042713777987,-0.4763019182447002,-0.01568550889397527,-0.6065454360193124,0.1235893046974424,-0.1622109070939408,-0.04855261447113385,-0.02329151162214661,0.007724349984074257,0.09797424498175203,-0.01996316862100019,0.02620164987908334,0.007842620621990743,0.003762237962979015,-0.001247701017472313,M01,HELD_STOW_QSPACE_ONLY,NON_RELEASE_DIAGNOSTIC_CANDIDATE,false
703,7.03,-0.3451705315856795,-2.344127650623687,-1.766621007842564,-0.949089404468455,-0.4765346448062333,-0.01560832792603145,-0.6055622350774644,0.1233889683111391,-0.1619479656765929,-0.04847391142031132,-0.02325375643547132,0.007711828930038558,0.09866563063370531,-0.0201040449130773,0.02638654994937504,0.007897964507241069,0.003788787362235137,-0.001256505806746969,M01,HELD_STOW_QSPACE_ONLY,NON_RELEASE_DIAGNOSTIC_CANDIDATE,false
704,7.04,-0.3512212091553493,-2.342894768485967,-1.768239165096455,-0.9495737477639176,-0.4767669924896332,-0.01553127260846835,-0.6045721296862537,0.1231872250787112,-0.1616831777743363,-0.04839465568365828,-0.02321573611604087,0.007699219947910157,0.09935513240104814,-0.02024453734604788,0.02657094620476124,0.007953157591714126,0.003815264419803904,-0.001265286604770193,M01,HELD_STOW_QSPACE_ONLY,NON_RELEASE_DIAGNOSTIC_CANDIDATE,false
705,7.05,-0.3572619512275996,-2.341663910798758,-1.769854665259956,-0.9500572957448873,-0.4769989586471985,-0.01545434381936425,-0.6035751387581176,0.1229840788537447,-0.1614165484450007,-0.04831484877507335,-0.02317745139009807,0.007686523278538755,0.1000427355659324,-0.02038464292101276,0.02675483470918813,0.00800819869727888,0.0038416685705159,-0.001274043224110338,M01,HELD_STOW_QSPACE_ONLY,NON_RELEASE_DIAGNOSTIC_CANDIDATE,false
706,7.06,-0.3632926890422374,-2.340435091572592,-1.77146748994425,-0.9505400429072636,-0.4772305406385191,-0.01537754243437952,-0.6025712813526699,0.1227795335198141,-0.1611480827857761,-0.04823449222023622,-0.02313890298953732,0.00767373916464834,0.1007284254105092,-0.02052435863907259,0.02693821152660164,0.008063086645804223,0.003867999249201677,-0.001282775477335747,M01,HELD_STOW_QSPACE_ONLY,NON_RELEASE_DIAGNOSTIC_CANDIDATE,false
707,7.07,-0.369313354030401,-2.339208324779016,-1.773077620811689,-0.9510219837622613,-0.4774617358305317,-0.0153008693267379,-0.6015605766767017,0.1225735929904826,-0.1608777859332124,-0.04815358755660786,-0.0231000916519047,0.0076608678508372,0.1014121872169305,-0.02066368150132817,0.02712107272094793,0.008117820259159121,0.003894255890691819,-0.001291483177014774,M01,HELD_STOW_QSPACE_ONLY,NON_RELEASE_DIAGNOSTIC_CANDIDATE,false
708,7.08,-0.3753238778160339,-2.337983624350292,-1.774685039576186,-0.9515031128365292,-0.477692541597577,-0.0152243253672078,-0.6005430440841845,0.1223662612093031,-0.1606056630632208,-0.04807213633343069,-0.02306101812039803,0.007647909583577969,0.1020940062673475,-0.02080260850888019,0.027303414356173,0.008172398359212475,0.003920437929816884,-0.001300166135715764,M01,HELD_STOW_QSPACE_ONLY,NON_RELEASE_DIAGNOSTIC_CANDIDATE,false
709,7.09,-0.3813241922173507,-2.336761004179094,-1.776289728003609,-0.9519834246722669,-0.4779229553214556,-0.01514791142408355,-0.5995187030762676,0.1221575421498171,-0.1603317193910728,-0.04799014011172839,-0.02302168314386681,0.007634864611217583,0.1027738678439115,-0.02094113666282938,0.02748523249622287,0.008226819767833213,0.003946544801407437,-0.001308824166007064,M01,HELD_STOW_QSPACE_ONLY,NON_RELEASE_DIAGNOSTIC_CANDIDATE,false
710,7.100000000000001,-0.3873142292483194,-2.335540478118215,-1.777891667912178,-0.9524629138273435,-0.4781529743914853,-0.01507162836316659,-0.5984875733012786,0.1219474398155549,-0.1600559601714004,-0.04790760046430591,-0.02298208747681223,0.007621733183977297,0.1034517572287743,-0.02107926296427649,0.02766652320504365,0.00828108330689028,0.003972575940294054,-0.001317457080457026,M01,HELD_STOW_QSPACE_ONLY,NON_RELEASE_DIAGNOSTIC_CANDIDATE,false
711,7.11,-0.3932939211201218,-2.334322059980257,-1.779490841172854,-0.9529415748754146,-0.4783825962045567,-0.01499547704774683,-0.5974496745547236,0.1217359582400361,-0.1597783906981961,-0.04782451897574954,-0.02294223187938716,0.007608515553952682,0.1041276597040869,-0.02121698441432216,0.02784728254658127,0.00833518779825256,0.003998530781307283,-0.00132606469163399,M01,HELD_STOW_QSPACE_ONLY,NON_RELEASE_DIAGNOSTIC_CANDIDATE,false
712,7.12,-0.3992632002426344,-2.333105763537343,-1.781087229709737,-0.9534194024060412,-0.4786118181651905,-0.0149194583385838,-0.5964050267792878,0.1215231014867694,-0.1594990163048131,-0.04774089724242691,-0.02290211711739621,0.007595211975113628,0.1048015605520012,-0.02135429801406722,0.02802750658478189,0.00838913206378902,0.004024408759277709,-0.001334646812106312,M01,HELD_STOW_QSPACE_ONLY,NON_RELEASE_DIAGNOSTIC_CANDIDATE,false
713,7.13,-0.405221999225895,-2.331891602520806,-1.782680815500455,-0.9538963910248065,-0.4788406376855937,-0.01484357309388799,-0.5953536500648351,0.1213088736492522,-0.1592178423639653,-0.047656736872487,-0.02286174396229567,0.007581822703304352,0.1054734450546694,-0.02149120076461252,0.02820719138359174,0.00844291492536864,0.004050209309035926,-0.001343203254442347,M01,HELD_STOW_QSPACE_ONLY,NON_RELEASE_DIAGNOSTIC_CANDIDATE,false
714,7.140000000000001,-0.4111702508815744,-2.330679590620897,-1.78427158057656,-0.954372535353434,-0.4790690521857158,-0.01476782216930209,-0.5942955646484053,0.1210932788509709,-0.1589348742877263,-0.04757203948585987,-0.02282111319119345,0.007568347996243348,0.1061432984942415,-0.02162768966705852,0.0283863330069565,0.008496535204860234,0.004075931865412447,-0.001351733831210426,M01,HELD_STOW_QSPACE_ONLY,NON_RELEASE_DIAGNOSTIC_CANDIDATE,false
715,7.15,-0.4171078882244541,-2.329469741486481,-1.785859507023925,-0.9548478300299058,-0.4792970590933061,-0.01469220641788219,-0.5932307909142195,0.120876321245401,-0.158650117527531,-0.04748680671425715,-0.02278022558684924,0.007554788113523468,0.1068111061528699,-0.02176376172250613,0.02856492751882246,0.008549991724132806,0.004101575863237875,-0.001360238354978909,M01,HELD_STOW_QSPACE_ONLY,NON_RELEASE_DIAGNOSTIC_CANDIDATE,false
716,7.16,-0.4230348444738876,-2.328262068724739,-1.787444576983129,-0.9553222697085796,-0.4795246558439694,-0.01461672669007914,-0.5921593493936771,0.1206580050160071,-0.158363577574175,-0.04740104020117172,-0.02273908193767443,0.007541143316611874,0.1074768533127055,-0.02189941393205594,0.0287429709831355,0.008603283305055226,0.004127140737342751,-0.001368716638316135,M01,HELD_STOW_QSPACE_ONLY,NON_RELEASE_DIAGNOSTIC_CANDIDATE,false
717,7.17,-0.4289510530552856,-2.327056585900865,-1.789026772649861,-0.9557958490603072,-0.4797518398812231,-0.01454138383371967,-0.5910812607653546,0.1204383343762426,-0.1580752599578138,-0.04731474160187768,-0.02269768303773203,0.007527413868850027,0.1081405252559005,-0.02203464329680885,0.02892045946384188,0.00865640876949649,0.004152625922557675,-0.001377168493790464,M01,HELD_STOW_QSPACE_ONLY,NON_RELEASE_DIAGNOSTIC_CANDIDATE,false
718,7.18,-0.4348564476015699,-2.325853306537774,-1.790606076275302,-0.9562685627725518,-0.4799786086565531,-0.01446617869398782,-0.5899965458550077,0.12021731356955,-0.1577851702479638,-0.04722791258343052,-0.02265602968673682,0.007513600035453718,0.1088021072646062,-0.02216944681786557,0.02909738902488763,0.008709366939325515,0.00417803085371321,-0.001385593733970241,M01,HELD_STOW_QSPACE_ONLY,NON_RELEASE_DIAGNOSTIC_CANDIDATE,false
719,7.19,-0.4407509619546732,-2.324652244115789,-1.792182470166534,-0.9567404055495069,-0.4802049596294716,-0.01439111211340593,-0.5889052256355697,0.1199949468693605,-0.1574933140535016,-0.04714055482466694,-0.02261412269005518,0.007499702083513036,0.1094615846209734,-0.02230382149632664,0.02927375573021855,0.008762156636411157,0.004203354965639887,-0.001393992171423804,M01,HELD_STOW_QSPACE_ONLY,NON_RELEASE_DIAGNOSTIC_CANDIDATE,false
720,7.2,-0.4466345301669721,-2.323453412072356,-1.793755936686914,-0.9572113721122117,-0.4804308902675715,-0.01431618493181632,-0.5878073212271552,0.119771238579095,-0.1571996970226652,-0.04705267001620518,-0.02257196285870533,0.007485720281992429,0.1101189426071546,-0.02243776433329303,0.029449555643781,0.008814776682622432,0.004228597693168318,-0.001402363618719514,M01,HELD_STOW_QSPACE_ONLY,NON_RELEASE_DIAGNOSTIC_CANDIDATE,false
721,7.21,-0.4525070865027931,-2.322256823801733,-1.795326458256486,-0.9576814571986719,-0.480656398046585,-0.01424139798636211,-0.5867028538970535,0.1195461930321626,-0.1569043248430521,-0.04696425986044451,-0.02252955100935704,0.007471654901730611,0.1107741665053001,-0.02257127232986524,0.02962478482952073,0.008867225899828184,0.00425375847112903,-0.001410707888425707,M01,HELD_STOW_QSPACE_ONLY,NON_RELEASE_DIAGNOSTIC_CANDIDATE,false
722,7.22,-0.4583685654398701,-2.321062492654694,-1.796894017352364,-0.9581506555639755,-0.480881480450439,-0.01416675211146871,-0.5855918450597359,0.1193198145919621,-0.1566072032416211,-0.04687532607156578,-0.02248688796433189,0.007457506215440658,0.1114272415975626,-0.02270434248714421,0.02979943935138408,0.00891950310989742,0.004278836734352629,-0.001419024793110744,M01,HELD_STOW_QSPACE_ONLY,NON_RELEASE_DIAGNOSTIC_CANDIDATE,false
723,7.23,-0.4642189016708191,-2.31987043193823,-1.798458596509129,-0.9586189619804114,-0.481106134971312,-0.01409224813882499,-0.5844743162768481,0.1190921076518804,-0.1563083379846908,-0.04678587037553079,-0.02244397455160301,0.007443274497709907,0.1120781531660931,-0.02283697180623062,0.02997351527331702,0.00897160713469905,0.004303831917669674,-0.001427314145342969,M01,HELD_STOW_QSPACE_ONLY,NON_RELEASE_DIAGNOSTIC_CANDIDATE,false
724,7.24,-0.4700580301046027,-2.318680654915248,-1.800020178319221,-0.9590863712375868,-0.4813303591096902,-0.01401788689736463,-0.583350289257219,0.1188630766352944,-0.1560077348779413,-0.0466958945100831,-0.0224008116047954,0.007428960025000076,0.1127268864930428,-0.02296915728822512,0.0301470086592655,0.009023536796101963,0.004328743455910713,-0.001435575757690726,M01,HELD_STOW_QSPACE_ONLY,NON_RELEASE_DIAGNOSTIC_CANDIDATE,false
725,7.25,-0.4758858858680113,-2.317493174804272,-1.801578745433335,-0.9595528781425454,-0.4815541503744246,-0.01394366921324734,-0.5822197858568523,0.1186327259955692,-0.1557053997664124,-0.04660540022474721,-0.02235739996318563,0.00741456307564715,0.1133734268605637,-0.02310089593422852,0.03031991557317568,0.009075290915975129,0.004353570783906335,-0.001443809442722368,M01,HELD_STOW_QSPACE_ONLY,NON_RELEASE_DIAGNOSTIC_CANDIDATE,false
726,7.26,-0.4817024043071321,-2.31630800477914,-1.803134280560811,-0.9600184775198852,-0.4817775062827871,-0.01386959590984001,-0.581082828078932,0.1184010602160595,-0.1554013385345048,-0.04651438928082913,-0.022313740471702,0.007400083929861454,0.1140177595508068,-0.0232321847453415,0.03049223207899353,0.009126868316187446,0.004378313336487093,-0.001452015013006239,M01,HELD_STOW_QSPACE_ONLY,NON_RELEASE_DIAGNOSTIC_CANDIDATE,false
727,7.27,-0.4875075209888138,-2.315125157968709,-1.804686766470031,-0.9604831642118755,-0.4820004243605269,-0.01379566780769818,-0.5799394380738202,0.1181680838101084,-0.1550955571059797,-0.04642286345141612,-0.02226983398092451,0.007385522869727627,0.1146598698459239,-0.02336302072266484,0.03066395424066518,0.009178267818607862,0.004402970548483564,-0.001460192281110692,M01,HELD_STOW_QSPACE_ONLY,NON_RELEASE_DIAGNOSTIC_CANDIDATE,false
728,7.28,-0.4933011717021589,-2.313944647456551,-1.806236185988814,-0.9609469330785767,-0.482222902141928,-0.01372188572454697,-0.5787896381390566,0.1179338013210484,-0.1547880614439588,-0.0463308245213767,-0.02222568134708483,0.007370880179204608,0.1152997430280658,-0.0234934008672991,0.03083507812213646,0.009229488245105246,0.004427541854726287,-0.001468341059604063,M01,HELD_STOW_QSPACE_ONLY,NON_RELEASE_DIAGNOSTIC_CANDIDATE,false
729,7.29,-0.4990832924599649,-2.312766486280657,-1.807782522004803,-0.9614097789979554,-0.4824449371698642,-0.01364825047526277,-0.5776334507193605,0.1176982173222008,-0.1544788575509242,-0.04623827428736078,-0.02218128343206635,0.007356156144125673,0.1159373643793846,-0.0236233221803452,0.03100559978735365,0.009280528417548591,0.004452026690045862,-0.001476461161054713,M01,HELD_STOW_QSPACE_ONLY,NON_RELEASE_DIAGNOSTIC_CANDIDATE,false
730,7.3,-0.5048538195002208,-2.311590687433132,-1.809325757465865,-0.9618716968660043,-0.4826665269958567,-0.01357476287185415,-0.5764708984066309,0.1174613364168764,-0.1541679514687193,-0.04614521455779966,-0.02213664110340421,0.007341351052198426,0.1165727191820323,-0.0237527816629039,0.03117551530026287,0.009331387157806844,0.004476424489272867,-0.001484552398030993,M01,HELD_STOW_QSPACE_ONLY,NON_RELEASE_DIAGNOSTIC_CANDIDATE,false
731,7.31,-0.5106126892875675,-2.3104172638599,-1.81086587538048,-0.9623326815968589,-0.4828876691801301,-0.01350142372344324,-0.5753020039399422,0.1172231632383742,-0.153855349278547,-0.04605164715290575,-0.02209175523428513,0.007326465193004749,0.1172057927181597,-0.02388177631607585,0.03134482072481003,0.009382063287748892,0.004500734687237847,-0.001492614583101243,M01,HELD_STOW_QSPACE_ONLY,NON_RELEASE_DIAGNOSTIC_CANDIDATE,false
732,7.32,-0.5163598385147767,-2.309246228460401,-1.812402858818139,-0.9627927281229165,-0.4831083612916696,-0.01342823383624697,-0.5741267902055488,0.1169837024499825,-0.1535410571009712,-0.04595757390467283,-0.02204662670354756,0.007311498858000859,0.117836570269918,-0.02401030314096169,0.03151351212494111,0.009432555629243639,0.004524956718771359,-0.001500647528833809,M01,HELD_STOW_QSPACE_ONLY,NON_RELEASE_DIAGNOSTIC_CANDIDATE,false
733,7.33,-0.5220952041042146,-2.308077594087292,-1.813936690909737,-0.9632518313949525,-0.4833286009082767,-0.01335519401355836,-0.5729452802368847,0.1167429587449789,-0.1532250810959165,-0.04586299665687615,-0.02200125639568171,0.007296452340517305,0.1184650371194597,-0.02413835913866238,0.03168158556460241,0.00948286300416009,0.004549090018704009,-0.001508651047797051,M01,HELD_STOW_QSPACE_ONLY,NON_RELEASE_DIAGNOSTIC_CANDIDATE,false
734,7.34,-0.5278187232093177,-2.30691137354615,-1.815467354847959,-0.9637099863822393,-0.4835483856166259,-0.01328230505572777,-0.5717574972145607,0.1165009368466297,-0.1529074274626677,-0.04576791726507206,-0.02195564520082941,0.007281325935758931,0.1190911785489352,-0.02426594131027842,0.03184903710773971,0.009532984234367091,0.004573134021866325,-0.001516624952559305,M01,HELD_STOW_QSPACE_ONLY,NON_RELEASE_DIAGNOSTIC_CANDIDATE,false
735,7.350000000000001,-0.5335303332160688,-2.305747579595164,-1.816994833887687,-0.9641671880726637,-0.4837677130123219,-0.01320956776014406,-0.5705634644663654,0.1162576415081899,-0.1525881024398702,-0.04567233759659825,-0.02190979401478417,0.007266119940804891,0.1197149798404964,-0.02439304665691061,0.03201586281829914,0.009582918141733591,0.004597088163088885,-0.001524569055688921,M01,HELD_STOW_QSPACE_ONLY,NON_RELEASE_DIAGNOSTIC_CANDIDATE,false
736,7.36,-0.5392299717444642,-2.304586224944844,-1.818519111346382,-0.9646234314728451,-0.4839865806999554,-0.01313698292121596,-0.5693632054672687,0.1160130775129042,-0.1522671123055302,-0.04557625953057386,-0.02186370373899128,0.007250834654608685,0.1203364262762951,-0.02451967217965977,0.03218205876022689,0.009632663548128561,0.004620951877202277,-0.001532483169754255,M01,HELD_STOW_QSPACE_ONLY,NON_RELEASE_DIAGNOSTIC_CANDIDATE,false
737,7.37,-0.5449175766499685,-2.303427322257721,-1.820040170604479,-0.9650787116082516,-0.4842049862931589,-0.01306455133035347,-0.5681567438394188,0.1157672496740061,-0.1519444633770148,-0.0454796849578994,-0.02181737528054774,0.007235470377998133,0.1209555031384823,-0.02464581487962653,0.03234762099746885,0.009682219275420883,0.004644724599037045,-0.001540367107323648,M01,HELD_STOW_QSPACE_ONLY,NON_RELEASE_DIAGNOSTIC_CANDIDATE,false
738,7.38,-0.5505930860250348,-2.302270884148036,-1.821557995105792,-0.9655330235233217,-0.4844229274146659,-0.01299227377594862,-0.566944103352138,0.1155201628347174,-0.1516201620110502,-0.04538261578125628,-0.02177080955220206,0.007220027413675314,0.1215721957092094,-0.0247714717579116,0.03251254559397106,0.009731584145479477,0.004668405763423756,-0.001548220680965448,M01,HELD_STOW_QSPACE_ONLY,NON_RELEASE_DIAGNOSTIC_CANDIDATE,false
739,7.390000000000001,-0.556256438200518,-2.301116923181454,-1.823072568357891,-0.9659863622815771,-0.484640401696364,-0.0129201510433573,-0.5657253079219325,0.1152718218682499,-0.1512942146037247,-0.04528505391510771,-0.02172400747235467,0.007204506066216691,0.1221864892706286,-0.02489663981561585,0.03267682861367975,0.009780756980173326,0.004691994805193002,-0.00155604370324801,M01,HELD_STOW_QSPACE_ONLY,NON_RELEASE_DIAGNOSTIC_CANDIDATE,false
740,7.4,-0.5619075717471929,-2.299965451874754,-1.824583873932509,-0.966438722965745,-0.4848574067793542,-0.01284818391488011,-0.5645003816124825,0.1150222316778033,-0.150966627590486,-0.0451870012856978,-0.02167696996505749,0.007188906642072989,0.1227983691048911,-0.02502131605383996,0.0328404661205409,0.009829736601371335,0.004715491159175341,-0.001563835986739679,M01,HELD_STOW_QSPACE_ONLY,NON_RELEASE_DIAGNOSTIC_CANDIDATE,false
741,7.41,-0.5675464254771909,-2.298816482695537,-1.826091895465926,-0.9668901006778723,-0.4850739403140054,-0.01277637316974391,-0.5632693486346507,0.1147713971965675,-0.1506374074461434,-0.04508845983105231,-0.02162969796001432,0.007173229449569297,0.1234078204941476,-0.0251454974736845,0.03300345417850036,0.009878521830942377,0.004738894260201312,-0.001571597344008795,M01,HELD_STOW_QSPACE_ONLY,NON_RELEASE_DIAGNOSTIC_CANDIDATE,false
742,7.42,-0.5731729384455013,-2.297670028061918,-1.827596616659371,-0.9673404905394466,-0.4852899999600125,-0.01270471958408281,-0.5620322333464757,0.1145193233877206,-0.1503065606848659,-0.04498943150097814,-0.02158219239258054,0.007157474798904992,0.1240148287205509,-0.02526918107625046,0.03316578885150451,0.009927111490755473,0.00476220354310153,-0.001579327587623722,M01,HELD_STOW_QSPACE_ONLY,NON_RELEASE_DIAGNOSTIC_CANDIDATE,false
743,7.43,-0.5787870499514218,-2.296526100342234,-1.829098021279408,-0.9677898876915112,-0.4855055833864518,-0.01263322393091962,-0.5607890602531754,0.1142660152444298,-0.1499740938601833,-0.0448899182570635,-0.02153445420376328,0.007141643002153776,0.1246193790662512,-0.02539236386263832,0.0333274662034991,0.009975504402679459,0.004785418442706518,-0.001587026530152791,M01,HELD_STOW_QSPACE_ONLY,NON_RELEASE_DIAGNOSTIC_CANDIDATE,false
744,7.44,-0.5843886995400394,-2.295384711854737,-1.830596093158335,-0.968238287294785,-0.4857206882718381,-0.01256188698014706,-0.559539854007146,0.1140114777898514,-0.1496400135649861,-0.04478992207267796,-0.0214864843402213,0.007125734373263664,0.1252214568134007,-0.02551504283394895,0.03348848229843034,0.01002369938858331,0.004808538393846866,-0.001594693984164361,M01,HELD_STOW_QSPACE_ONLY,NON_RELEASE_DIAGNOSTIC_CANDIDATE,false
745,7.45,-0.5899778270037057,-2.2942458748673,-1.832090816194576,-0.9686856845297792,-0.485935312304181,-0.01249070949850893,-0.558284639407961,0.1137557160771305,-0.1493043264315249,-0.04468944493297226,-0.02143828375426508,0.007109749228056973,0.1258210472441508,-0.02563721499128307,0.03364883320024426,0.01007169527033596,0.004831562831353143,-0.001602329762226778,M01,HELD_STOW_QSPACE_ONLY,NON_RELEASE_DIAGNOSTIC_CANDIDATE,false
746,7.46,-0.5955543723834928,-2.293109601597115,-1.833582174353072,-0.969132074596915,-0.4861494531810412,-0.01241969224958155,-0.5570234414023778,0.1134987351894022,-0.148967039131412,-0.0445884888348789,-0.02138985340385694,0.007093687884230405,0.1264181356406534,-0.0257588773357415,0.03380851497288705,0.01011949086980636,0.00485449119005593,-0.001609933676908397,M01,HELD_STOW_QSPACE_ONLY,NON_RELEASE_DIAGNOSTIC_CANDIDATE,false
747,7.47,-0.6011182759706917,-2.291975904210389,-1.83507015166568,-0.969577452716643,-0.4863631086095879,-0.01234883599375474,-0.555756285084324,0.1132405402397887,-0.1486281583756185,-0.04448705578711103,-0.02134119425261062,0.007077550661354876,0.1270127072850591,-0.02588002686842477,0.03396752368030449,0.01016708500886337,0.00487732290478576,-0.001617505540777552,M01,HELD_STOW_QSPACE_ONLY,NON_RELEASE_DIAGNOSTIC_CANDIDATE,false
748,7.48,-0.6066694783082593,-2.290844794822052,-1.836554732231563,-0.9700218141295587,-0.4865762763066542,-0.01227814148821333,-0.5544831956949088,0.1129811363714024,-0.1482876909144766,-0.04438514781016337,-0.02129230726979167,0.007061337880875656,0.1276047474595195,-0.02600066059043366,0.03412585538644269,0.01021447650937593,0.004900057410373209,-0.001625045166402596,M01,HELD_STOW_QSPACE_ONLY,NON_RELEASE_DIAGNOSTIC_CANDIDATE,false
749,7.49,-0.6122079201922972,-2.28971628549545,-1.83803590021758,-0.9704651540965219,-0.4867889539987943,-0.01220760948691837,-0.5532041986224252,0.1127205287573451,-0.1479456435376805,-0.04428276693631236,-0.0212431934303175,0.007045049866112398,0.1281942414461869,-0.02612077550286907,0.03428350615524794,0.01026166419321303,0.004922694141648875,-0.001632552366351887,M01,HELD_STOW_QSPACE_ONLY,NON_RELEASE_DIAGNOSTIC_CANDIDATE,false
750,7.5,-0.6177335426735322,-2.28859038824205,-1.83951363985869,-0.9709074678987741,-0.4870011394223396,-0.01213724074058826,-0.5519193194023377,0.1124587226007067,-0.1476020230742831,-0.04417991520961517,-0.02119385371475698,0.007028686942258983,0.1287811745272123,-0.02624036860683159,0.03444047205066608,0.01030864688224355,0.0049452325334433,-0.001640026953193764,M01,HELD_STOW_QSPACE_ONLY,NON_RELEASE_DIAGNOSTIC_CANDIDATE,false
751,7.51,-0.623246287058778,-2.287467115021137,-1.840987935458334,-0.9713487508380563,-0.4872128303234559,-0.01206703599668014,-0.5506285837172933,0.1121957231345665,-0.1472568363926988,-0.04407659468591067,-0.02114428910933083,0.007012249436383662,0.1293655319847471,-0.02635943690342198,0.03459674913664323,0.01035542339833643,0.004967672020587059,-0.001647468739496579,M01,HELD_STOW_QSPACE_ONLY,NON_RELEASE_DIAGNOSTIC_CANDIDATE,false
752,7.52,-0.6287460949124126,-2.286346477739517,-1.842458771388838,-0.9717889982367265,-0.487424024458199,-0.01199699599937105,-0.5493320173971141,0.1119315356219925,-0.1469100904007019,-0.04397280743281869,-0.02109450060591131,0.006995737677428957,0.1299472991009427,-0.02647797739374092,0.03475233347712536,0.01040199256336058,0.004990012037910709,-0.001654877537828674,M01,HELD_STOW_QSPACE_ONLY,NON_RELEASE_DIAGNOSTIC_CANDIDATE,false
753,7.53,-0.6342329080578444,-2.285228488251212,-1.8439261320918,-0.9722282054378781,-0.487634719592572,-0.0119271214895393,-0.5480296464188044,0.1116661653560422,-0.1465617920454279,-0.04386855552974073,-0.02104448920202255,0.006979151996211754,0.1305264611579507,-0.02659598707888919,0.03490722113605858,0.01044835319918494,0.005012252020244824,-0.001662253160758403,M01,HELD_STOW_QSPACE_ONLY,NON_RELEASE_DIAGNOSTIC_CANDIDATE,false
754,7.54,-0.6397066685789921,-2.284113158357167,-1.845390002078486,-0.9726663678054573,-0.4878449135025812,-0.0118574132047456,-0.5467214969065455,0.1113996176597617,-0.1462119483133728,-0.04376384106785945,-0.02099425590084029,0.006962492725423239,0.1311030034379227,-0.02671346295996755,0.03506140817738897,0.01049450412767845,0.005034391402419979,-0.001669595420854114,M01,HELD_STOW_QSPACE_ONLY,NON_RELEASE_DIAGNOSTIC_CANDIDATE,false
755,7.55,-0.6451673188217524,-2.283000499804944,-1.846850365930227,-0.9731034807243814,-0.4880546039742933,-0.01178787187921437,-0.5454075951316945,0.1111318978861858,-0.1458605662303921,-0.04365866615013862,-0.02094380171119187,0.006945760199628877,0.1316769112230094,-0.02683040203807654,0.03521489066506236,0.01054044417070996,0.005056429619266709,-0.001676904130684144,M01,HELD_STOW_QSPACE_ONLY,NON_RELEASE_DIAGNOSTIC_CANDIDATE,false
756,7.56,-0.6506148013954642,-2.281890524288427,-1.848307208298805,-0.9735395396006552,-0.4882637888038912,-0.01171849824381509,-0.5440879675127932,0.1108630114183395,-0.1455076528617036,-0.0435530328913238,-0.02089312764755657,0.006928954755268531,0.1322481697953638,-0.0269468013143172,0.03536766466302521,0.01058617215014854,0.005078366105615636,-0.001684179102816862,M01,HELD_STOW_QSPACE_ONLY,NON_RELEASE_DIAGNOSTIC_CANDIDATE,false
757,7.57,-0.6560490591743964,-2.280783243447519,-1.849760513906852,-0.9739745398614912,-0.488472465797731,-0.01164929302604339,-0.5427626406155567,0.1105929636692355,-0.1451532153118843,-0.04344694341794146,-0.02084223473006515,0.006912076730656314,0.1328167644371365,-0.02706265778979013,0.03551972623522337,0.01063168688786303,0.005100200296297304,-0.001691420149820606,M01,HELD_STOW_QSPACE_ONLY,NON_RELEASE_DIAGNOSTIC_CANDIDATE,false
758,7.58,-0.6614700352992062,-2.27967866886784,-1.851210267548247,-0.9744084769554251,-0.4886806327723983,-0.01158025695000241,-0.5414316411528792,0.110321760081876,-0.144797260724872,-0.04334039986829944,-0.0207911239845001,0.006895126465980663,0.1333826804304787,-0.02717796846559594,0.03567107144560275,0.01067698720572235,0.005121931626142258,-0.001698627084263718,M01,HELD_STOW_QSPACE_ONLY,NON_RELEASE_DIAGNOSTIC_CANDIDATE,false
759,7.59,-0.6668776731784192,-2.278576812080435,-1.852656454088499,-0.9748413463524352,-0.4888882875547648,-0.011511390736384,-0.5400949959848348,0.1100494061292522,-0.1444397962839652,-0.04323340439248698,-0.02073979644229566,0.006878104303304349,0.1339459030575424,-0.02729273034283551,0.0358216963581096,0.01072207192559546,0.005143559529981094,-0.001705799718714554,M01,HELD_STOW_QSPACE_ONLY,NON_RELEASE_DIAGNOSTIC_CANDIDATE,false
760,7.600000000000001,-0.6722719164898949,-2.277477684561465,-1.854099058465152,-0.9752731435440594,-0.4890954279820451,-0.01144269510245004,-0.5387527321186744,0.109775907314344,-0.1440808292118226,-0.0431259591523745,-0.02068825314053769,0.006861010586564437,0.1345064176004789,-0.02740694042260951,0.03597159703668988,0.01076693986935126,0.005165083442644366,-0.00171293786574146,M01,HELD_STOW_QSPACE_ONLY,NON_RELEASE_DIAGNOSTIC_CANDIDATE,false
761,7.61,-0.6776527091822966,-2.276381297731916,-1.855538065688167,-0.9757038640435125,-0.4893020519018522,-0.01137417076201377,-0.5374048767088326,0.1095012691701214,-0.1437203667704649,-0.04301806632161418,-0.02063649512196396,0.006843845661572381,0.1350642093414399,-0.02752059570601875,0.03612076954528976,0.01081158985885874,0.00518650279896266,-0.001720041337912788,M01,HELD_STOW_QSPACE_ONLY,NON_RELEASE_DIAGNOSTIC_CANDIDATE,false
762,7.62,-0.6830199954765797,-2.275287662957288,-1.85697346084033,-0.9761335033858062,-0.4895081571722556,-0.01130581842542072,-0.5360514570569126,0.1092254972595414,-0.1433584162612705,-0.04290972808563867,-0.02058452343496352,0.006826609876013819,0.1356192635625764,-0.02763369319416382,0.0362692099478551,0.01085602071598674,0.005207817033766516,-0.001727109947796879,M01,HELD_STOW_QSPACE_ONLY,NON_RELEASE_DIAGNOSTIC_CANDIDATE,false
763,7.63,-0.6883737198674438,-2.274196791547306,-1.858405229077632,-0.9765620571278643,-0.4897137416618363,-0.01123763879953035,-0.534692500611705,0.1089485971755517,-0.142994985024981,-0.04280094664166268,-0.02053233913357751,0.006809303579448819,0.1361715655460403,-0.02774622988814555,0.03641691430833206,0.01090023126260424,0.005229025581886517,-0.001734143507962086,M01,HELD_STOW_QSPACE_ONLY,NON_RELEASE_DIAGNOSTIC_CANDIDATE,false
764,7.640000000000001,-0.6937138271248076,-2.273108694755615,-1.859833355629669,-0.9769895208486415,-0.4899188032497442,-0.01116963258769717,-0.5333280349691768,0.1086705745410886,-0.1426300804416977,-0.04269172419868205,-0.02047994327749864,0.006791927123311744,0.1367211005739829,-0.02785820278906464,0.03656387869066668,0.01094422032058015,0.005250127878153229,-0.001741141830976755,M01,HELD_STOW_QSPACE_ONLY,NON_RELEASE_DIAGNOSTIC_CANDIDATE,false
765,7.65,-0.6990402622952936,-2.27202338377948,-1.861257825800035,-0.9774158901492422,-0.4901233398257544,-0.01110180048975191,-0.5319580878724706,0.108391435009077,-0.1422637099308818,-0.0425820629774737,-0.02042733693207121,0.006774480860911233,0.1372678539285552,-0.02796960889802172,0.03671009915880489,0.01098798671178338,0.005271123357397201,-0.00174810472940923,M01,HELD_STOW_QSPACE_ONLY,NON_RELEASE_DIAGNOSTIC_CANDIDATE,false
766,7.66,-0.7043529707036935,-2.270940869759486,-1.862678624966719,-0.9778411606530374,-0.4903273492903238,-0.01103414320198277,-0.5305826872119094,0.108111184262431,-0.1418958809513557,-0.04247196521059603,-0.02037452116829131,0.006756965147430267,0.1378118108919097,-0.02808044521611772,0.03685557177669296,0.0110315292580829,0.005292011454449035,-0.001755032015827868,M01,HELD_STOW_QSPACE_ONLY,NON_RELEASE_DIAGNOSTIC_CANDIDATE,false
767,7.67,-0.7096518979544282,-2.269861163779241,-1.86409573858249,-0.9782653280057818,-0.4905308295546473,-0.01096666141711691,-0.5292018610249968,0.107829828014054,-0.1415266010013025,-0.04236143314238889,-0.0203214970628068,0.006739380339926171,0.1383529567461975,-0.02819070874445329,0.03700029260827688,0.01107484678134764,0.005312791604139285,-0.001761923502801017,M01,HELD_STOW_QSPACE_ONLY,NON_RELEASE_DIAGNOSTIC_CANDIDATE,false
768,7.68,-0.7149369899330371,-2.268784276865071,-1.865509152175297,-0.9786883878757331,-0.4907337785407146,-0.01089935582430145,-0.5278156374964084,0.1075473720068374,-0.1411558776182646,-0.04225046902897295,-0.02026826569791696,0.006721726797330503,0.1388912767735693,-0.02830039648412903,0.0371442577175025,0.01111793810344646,0.005333463241298496,-0.001768779002897013,M01,HELD_STOW_QSPACE_ONLY,NON_RELEASE_DIAGNOSTIC_CANDIDATE,false
769,7.69,-0.7202081928076418,-2.267710219985727,-1.866918851348664,-0.979110335953769,-0.4909361941813669,-0.01083222710908478,-0.526424044958007,0.1072638220136631,-0.1407837183791469,-0.04213907513825088,-0.02021482816157313,0.006704004880449249,0.1394267562561779,-0.0284095054362459,0.03728746316831619,0.01116080204624837,0.005354025800757275,-0.001775598328684221,M01,HELD_STOW_QSPACE_ONLY,NON_RELEASE_DIAGNOSTIC_CANDIDATE,false
770,7.7,-0.7254654530304139,-2.266639004052078,-1.868324821782077,-0.9795311679535049,-0.4911380744203527,-0.01076527595339799,-0.5250271118888269,0.1069791838374007,-0.1404101309002132,-0.04202725374990609,-0.02016118554737805,0.006686214951962621,0.1399593804761743,-0.02851803260190456,0.03742990502466389,0.01120343743162229,0.005374478717346178,-0.001782381292730983,M01,HELD_STOW_QSPACE_ONLY,NON_RELEASE_DIAGNOSTIC_CANDIDATE,false
771,7.71,-0.7307087173390534,-2.265570639916816,-1.869727049231384,-0.979950879611412,-0.4913394172123851,-0.01069850303553591,-0.5236248669150855,0.1066934633109096,-0.1400351228370888,-0.04191500715540367,-0.02010733895458635,0.006668357376425208,0.1404891347157094,-0.02862597498220561,0.0375715793504915,0.01124584308143708,0.005394821425895749,-0.00178912770760564,M01,HELD_STOW_QSPACE_ONLY,NON_RELEASE_DIAGNOSTIC_CANDIDATE,false
772,7.72,-0.7359379327582611,-2.264505138374155,-1.871125519529184,-0.9803694666869351,-0.4915402205231981,-0.01063190903013844,-0.5222173388101735,0.1064066662970374,-0.1396587018847585,-0.04180233765798963,-0.02005328948810416,0.006650432520265851,0.1410160042569348,-0.02873332957824981,0.03771248220974509,0.01128801781756169,0.005415053361236558,-0.001795837385876542,M01,HELD_STOW_QSPACE_ONLY,NON_RELEASE_DIAGNOSTIC_CANDIDATE,false
773,7.73,-0.7411530466012062,-2.263442510159527,-1.872520218585225,-0.9807869249626109,-0.4917404823296029,-0.01056549460817185,-0.5208045564946672,0.1061187986886218,-0.1392808757775693,-0.04168924757269182,-0.01999903825848954,0.006632440751787793,0.141539974382003,-0.02884009339113812,0.03785260966637102,0.01132996046186513,0.005435173958199218,-0.001802510140112051,M01,HELD_STOW_QSPACE_ONLY,NON_RELEASE_DIAGNOSTIC_CANDIDATE,false
774,7.74,-0.7463540064709977,-2.26238276594929,-1.873911132386794,-0.9812032502441843,-0.4919402006195443,-0.01049926043691,-0.5193865490363133,0.1058298664084881,-0.1389016522892267,-0.04157573922631881,-0.01994458638195199,0.006614382441168497,0.1420610303730637,-0.02894626342197085,0.0379919577843148,0.01137166983621616,0.005455182651614219,-0.00180914578288049,M01,HELD_STOW_QSPACE_ONLY,NON_RELEASE_DIAGNOSTIC_CANDIDATE,false
775,7.75,-0.7515407602621571,-2.261325916360423,-1.875298246999112,-0.9816184383607278,-0.4921393733921577,-0.01043320717991564,-0.5179633456500444,0.1055398754094521,-0.1385210392327986,-0.04146181495746104,-0.01988993498035295,0.006596257960459834,0.1425791575122707,-0.02905183667184925,0.03813052262752317,0.01141314476248393,0.005475078876312225,-0.001815744126750239,M01,HELD_STOW_QSPACE_ONLY,NON_RELEASE_DIAGNOSTIC_CANDIDATE,false
776,7.76,-0.7567132561620928,-2.260271971950226,-1.876681548565726,-0.9820324851647583,-0.4923379986578255,-0.0103673354970216,-0.5165349756979674,0.1052488316743174,-0.1381390444607123,-0.04134747711648989,-0.01983508518120539,0.006578067683587933,0.1430943410817735,-0.02915681014187362,0.03826830025994157,0.01145438406253718,0.005494862067123722,-0.001822304984289619,M01,HELD_STOW_QSPACE_ONLY,NON_RELEASE_DIAGNOSTIC_CANDIDATE,false
777,7.77,-0.7618714426525748,-2.259220943216019,-1.878061023308908,-0.9824453865323561,-0.4925360744382331,-0.01030164604431202,-0.5151014686893688,0.1049567412158774,-0.1377556758647562,-0.04123272806555821,-0.01978003811767404,0.006559811986353264,0.1436065663637242,-0.02926118083314485,0.03840528674551631,0.01149538655824491,0.005514531658879306,-0.001828828168066989,M01,HELD_STOW_QSPACE_ONLY,NON_RELEASE_DIAGNOSTIC_CANDIDATE,false
778,7.78,-0.7670152685111984,-2.258172840594846,-1.879436657530041,-0.9828571383632815,-0.4927335987664264,-0.01023613947410369,-0.5136628542807115,0.1046636100769135,-0.1373709413760785,-0.04111757017859996,-0.01972479492857524,0.006541491246430579,0.1441158186402749,-0.02936494574676375,0.03854147814819352,0.01153615107147607,0.005534087086409564,-0.001835313490650701,M01,HELD_STOW_QSPACE_ONLY,NON_RELEASE_DIAGNOSTIC_CANDIDATE,false
779,7.79,-0.7721446828128524,-2.257127674463176,-1.880808437610018,-0.9832677365810925,-0.4929305696868671,-0.01017081643492739,-0.512219162275641,0.1043694443301973,-0.1369848489651889,-0.04100200584133074,-0.01966935675837718,0.006523105843369004,0.1446220831935762,-0.02946810188383092,0.03867687053191909,0.01157667642409954,0.005553527784545034,-0.001841760764609096,M01,HELD_STOW_QSPACE_ONLY,NON_RELEASE_DIAGNOSTIC_CANDIDATE,false
780,7.8,-0.7772596349312075,-2.256085455136596,-1.882176350009632,-0.983677177133264,-0.49312698525549,-0.01010567757150892,-0.510770422624978,0.1040742500784886,-0.136597406641957,-0.04088603745124718,-0.01961372475719959,0.006504656158591934,0.1451253453057803,-0.0295706462454472,0.03881145996063921,0.0116169614379843,0.005572853188116307,-0.001848169802510528,M01,HELD_STOW_QSPACE_ONLY,NON_RELEASE_DIAGNOSTIC_CANDIDATE,false
781,7.81,-0.7823600745401751,-2.255046192869518,-1.883540381269975,-0.9840854559913041,-0.4933228435397596,-0.01004072352475052,-0.5093166654267222,0.1037780334545362,-0.1362086224556131,-0.0407696674176273,-0.01955790008081397,0.006486142575397092,0.1456255902590382,-0.02967257583271324,0.03894524249829982,0.01165700493499923,0.005592062731953936,-0.001854540416923342,M01,HELD_STOW_QSPACE_ONLY,NON_RELEASE_DIAGNOSTIC_CANDIDATE,false
782,7.82,-0.7874459516153824,-2.254009897854874,-1.884900518012825,-0.9844925691508735,-0.4935181426187263,-0.009975954931712036,-0.5078579209260533,0.1034808006210785,-0.1358185044947481,-0.04065289816153055,-0.01950188389064353,0.006467565478956537,0.1461228033355011,-0.02977388764672971,0.03907821420884691,0.01169680573701325,0.005611155850888476,-0.00186087242041588,M01,HELD_STOW_QSPACE_ONLY,NON_RELEASE_DIAGNOSTIC_CANDIDATE,false
783,7.83,-0.7925172164356464,-2.252976580223822,-1.886256746941044,-0.9848985126319014,-0.4937128805830829,-0.009911372425592258,-0.5063942195153271,0.1031825577708421,-0.1354270608873132,-0.04053573211579744,-0.01944567735376309,0.006448925256316609,0.1466169698173209,-0.02987457868859742,0.03921037115622663,0.01173636266589531,0.00563013197975051,-0.001867165625556498,M01,HELD_STOW_QSPACE_ONLY,NON_RELEASE_DIAGNOSTIC_CANDIDATE,false
784,7.84,-0.7975738195844411,-2.25194625004544,-1.88760905483897,-0.9853032824787049,-0.4939070555352211,-0.009846976635710131,-0.5049255917340805,0.1028833111265431,-0.1350342998006206,-0.04041817172505007,-0.01938928164289927,0.006430222296398001,0.1471080749866494,-0.02997464595941719,0.03934170940438513,0.01177567454351437,0.005648990553370621,-0.001873419844913547,M01,HELD_STOW_QSPACE_ONLY,NON_RELEASE_DIAGNOSTIC_CANDIDATE,false
785,7.850000000000001,-0.8026157119513693,-2.250918917326432,-1.888957428572811,-0.985706874760106,-0.4941006655892883,-0.009782768187486073,-0.5034520682690273,0.1025830669408866,-0.1346402294413428,-0.0403002194456917,-0.01933269793643033,0.006411456989995705,0.1475961041256376,-0.03007408646028961,0.0394722250172683,0.01181474019173931,0.005667731006579353,-0.001879634891055369,M01,HELD_STOW_QSPACE_ONLY,NON_RELEASE_DIAGNOSTIC_CANDIDATE,false
786,7.86,-0.8076428447336395,-2.249894592010821,-1.890301855091038,-0.9861092855695495,-0.4942937088712439,-0.009718747702423133,-0.5019736799540619,0.1022818314965668,-0.1342448580555131,-0.04018187774590706,-0.0192759274183863,0.006392629729779053,0.1480810425164375,-0.03017289719231553,0.03960191405882234,0.0118535584324391,0.005686352774207294,-0.001885810576550318,M01,HELD_STOW_QSPACE_ONLY,NON_RELEASE_DIAGNOSTIC_CANDIDATE,false
787,7.87,-0.8126551694375355,-2.248873283979657,-1.891642321424779,-0.986510511025221,-0.4944861835189157,-0.009654915798088297,-0.5004904577702529,0.1019796111062663,-0.1338481939285245,-0.04006314910566184,-0.01921897127844872,0.006373740910291639,0.1485628754411998,-0.03027107515659554,0.03973077259299311,0.01189212808748261,0.005704855291084986,-0.001891946713966733,M01,HELD_STOW_QSPACE_ONLY,NON_RELEASE_DIAGNOSTIC_CANDIDATE,false
788,7.88,-0.817652637879891,-2.247855003050711,-1.892978814688215,-0.9869105472701656,-0.494678087682057,-0.009591273088093703,-0.4990024328458508,0.1016764121126571,-0.1334502453851313,-0.03994403601670336,-0.019161830711951,0.006354790927951418,0.1490415881820769,-0.03036861735423056,0.0398587966837269,0.01193044797873885,0.005723237992043029,-0.001898043115872975,M01,HELD_STOW_QSPACE_ONLY,NON_RELEASE_DIAGNOSTIC_CANDIDATE,false
789,7.890000000000001,-0.8226352021895535,-2.246839758978176,-1.89431132207897,-0.9873093904724033,-0.4948694195224023,-0.009527820182077998,-0.4975096364562839,0.1013722408884002,-0.1330510207894483,-0.03982454098256013,-0.01910450691987816,0.006335780181050652,0.1495171660212196,-0.03046552078632116,0.03998598239496958,0.01196851692807668,0.005741500311911966,-0.001904099594837382,M01,HELD_STOW_QSPACE_ONLY,NON_RELEASE_DIAGNOSTIC_CANDIDATE,false
790,7.9,-0.8276028148088597,-2.245827561452372,-1.895639830878504,-0.9877070368250493,-0.4950601772137242,-0.009464557685687533,-0.4960121000241585,0.1010671038361455,-0.1326505285449505,-0.03970466651854199,-0.01904700110886695,0.006316709069755917,0.1499895942407794,-0.03056178245396806,0.04011232579066717,0.01200633375736503,0.00575964168552236,-0.001910115963428302,M01,HELD_STOW_QSPACE_ONLY,NON_RELEASE_DIAGNOSTIC_CANDIDATE,false
791,7.91,-0.8325554284951115,-2.244818420099441,-1.896964328452511,-0.9881034825464303,-0.4952503589418901,-0.009401486200557592,-0.4945098551192595,0.1007610073885319,-0.1322487770944736,-0.03958441515174008,-0.0189893144912058,0.006297577996108101,0.150458858122908,-0.03065739935827208,0.04023782293476586,0.01204389728847285,0.005777661547704795,-0.001916092034214088,M01,HELD_STOW_QSPACE_ONLY,NON_RELEASE_DIAGNOSTIC_CANDIDATE,false
792,7.92,-0.8374929963220414,-2.243812344481048,-1.89828480225131,-0.988498723880203,-0.4954399629049185,-0.009338606324293716,-0.4930029334585513,0.1004539580081875,-0.131845774920214,-0.03946378942102691,-0.01893144828483485,0.006278387364022425,0.1509249429497568,-0.03075236850033391,0.0403624698912116,0.01208120634326906,0.005795559333289829,-0.001922027619763086,M01,HELD_STOW_QSPACE_ONLY,NON_RELEASE_DIAGNOSTIC_CANDIDATE,false
793,7.930000000000001,-0.8424154716812935,-2.242809344094081,-1.899601239810237,-0.988892757095472,-0.4956289873130358,-0.009275918650452852,-0.4914913669061752,0.1001459621877291,-0.1314415305437285,-0.03934279187705621,-0.01887340371334591,0.006259137579288406,0.1513878340034779,-0.03084668688125439,0.04048626272395063,0.01211825974362263,0.005813334477108053,-0.001927922532643651,M01,HELD_STOW_QSPACE_ONLY,NON_RELEASE_DIAGNOSTIC_CANDIDATE,false
794,7.94,-0.8473228082838848,-2.241809428370354,-1.900913628750043,-0.989285578486907,-0.4958174303887321,-0.009213423768524721,-0.4899751874734508,0.09983702644976239,-0.1310360525259339,-0.03922142508226297,-0.01881518200598245,0.006239829049569874,0.151847516566221,-0.03094035150213394,0.04060919749692857,0.01215505631140236,0.005830986413989976,-0.001933776585424112,M01,HELD_STOW_QSPACE_ONLY,NON_RELEASE_DIAGNOSTIC_CANDIDATE,false
795,7.95,-0.8522149601616733,-2.240812606676306,-1.902221956777281,-0.9896771843748605,-0.4960052903668182,-0.009151122263913153,-0.4884544273188803,0.09952715734688293,-0.1306293494671093,-0.03909969161086385,-0.0187567843976398,0.006220462184405031,0.15230397592014,-0.03103335936407373,0.04073127027409205,0.01219159486847736,0.005848514578766247,-0.001939589590672844,M01,HELD_STOW_QSPACE_ONLY,NON_RELEASE_DIAGNOSTIC_CANDIDATE,false
796,7.96,-0.8570918816688553,-2.239818888312695,-1.903526211684709,-0.9900675711054874,-0.4961925654944827,-0.009089014717916982,-0.4869291187481376,0.09921636146167385,-0.1302214300068919,-0.03897759404885626,-0.01869821212886473,0.006201037395206304,0.1527571973473843,-0.03112570746817407,0.0408524771193866,0.01222787423671639,0.005865918406267357,-0.00194536136095817,M01,HELD_STOW_QSPACE_ONLY,NON_RELEASE_DIAGNOSTIC_CANDIDATE,false
797,7.97,-0.86195352748341,-2.238828282514308,-1.904826381351674,-0.9904567350508604,-0.4963792540313475,-0.009027101707711711,-0.4853992942140811,0.09890464540670857,-0.1298123028242813,-0.03885513499401941,-0.01863946644585593,0.006181555095260517,0.153207166130107,-0.03121739281553606,0.0409728140967587,0.01226389323798852,0.005883197331323939,-0.00195109170884846,M01,HELD_STOW_QSPACE_ONLY,NON_RELEASE_DIAGNOSTIC_CANDIDATE,false
798,7.98,-0.8667998526085769,-2.237840798449654,-1.90612245374451,-0.9908446726090889,-0.4965653542495246,-0.008965383806330593,-0.4838649863167426,0.09859201582454843,-0.1294019766376364,-0.03873231705591342,-0.0185805486004636,0.006162015699728747,0.1536538675504581,-0.03130841240726009,0.041092277270154,0.01229965069416254,0.0059003507887665,-0.001956780446912042,M01,HELD_STOW_QSPACE_ONLY,NON_RELEASE_DIAGNOSTIC_CANDIDATE,false
799,7.99,-0.8716308123743386,-2.236856445220669,-1.907414416916934,-0.9912313802044374,-0.4967508644336731,-0.008903861582645875,-0.4823262278033392,0.09827847938774514,-0.1289904602046783,-0.03860914285588025,-0.01852145985018988,0.00614241962564647,0.1540972868905904,-0.03139876324444717,0.0412108627035189,0.01233514542710749,0.005917378213425659,-0.00196242738771728,M01,HELD_STOW_QSPACE_ONLY,NON_RELEASE_DIAGNOSTIC_CANDIDATE,false
800,8,-0.8764463624388874,-2.23587523186241,-1.908702259010435,-0.9916168542874424,-0.4969357828810553,-0.008842535601350024,-0.480783051568258,0.09796404279883768,-0.1285777623224864,-0.03848561502704249,-0.01846220145818828,0.006122767291923372,0.1545374094326544,-0.03148844232819783,0.0413285664607992,0.01237037625869223,0.005934279040131947,-0.001968032343832513,M01,HELD_STOW_QSPACE_ONLY,NON_RELEASE_DIAGNOSTIC_CANDIDATE,false
801,8.01,-0.8812464587900863,-2.234897167342761,-1.909985968254669,-0.9920010913350306,-0.4971201079015931,-0.008781406422937156,-0.4792354906530729,0.09764871279035572,-0.1281638918275029,-0.03836173621430475,-0.01840277469326433,0.006103059119343564,0.1549742204588026,-0.03157744665961303,0.04144538460594123,0.01240534201078577,0.005951052703715972,-0.0019735951278261,M01,HELD_STOW_QSPACE_ONLY,NON_RELEASE_DIAGNOSTIC_CANDIDATE,false
802,8.02,-0.886031057746961,-2.23392226056213,-1.911265532967857,-0.9923840878506365,-0.4973038378179251,-0.008720474603684025,-0.4776835782465285,0.09733249612481633,-0.1277488575955284,-0.03823750907435224,-0.01834318082987495,0.006083295530565369,0.155407705251185,-0.03166577323979317,0.04156131320289063,0.0124400415052569,0.00596769863900824,-0.00197911555226637,M01,HELD_STOW_QSPACE_ONLY,NON_RELEASE_DIAGNOSTIC_CANDIDATE,false
803,8.029999999999999,-0.8908001159611514,-2.23295052035315,-1.91254094155717,-0.9927658403643206,-0.4974869709654622,-0.008659740695631579,-0.4761273476845544,0.09701539959472694,-0.1273326685417258,-0.03811293627565211,-0.01828342114812903,0.006063476950121517,0.1558378490919548,-0.03175341906983933,0.0416763483155939,0.01247447356397469,0.005984216280839388,-0.001984593429721694,M01,HELD_STOW_QSPACE_ONLY,NON_RELEASE_DIAGNOSTIC_CANDIDATE,false
804,8.040000000000001,-0.8955535904183987,-2.231981955480378,-1.913812182519131,-0.9931463454328868,-0.4976695056924452,-0.008599205246565954,-0.4745668324502531,0.09669743002258276,-0.1269153336206172,-0.03798802049845227,-0.01822349693378689,0.006043603804418976,0.1562646372632618,-0.03184038115085192,0.04179048600799668,0.01250863700880796,0.00600060506403992,-0.001990028572760399,M01,HELD_STOW_QSPACE_ONLY,NON_RELEASE_DIAGNOSTIC_CANDIDATE,false
805,8.050000000000001,-0.9002914384399983,-2.23101657464,-1.91507924444,-0.9935255996399999,-0.49785144036,-0.008538868800000016,-0.4730020661739131,0.09637859426086959,-0.126496861826087,-0.03786276443478263,-0.01816340947826088,0.006023676521739131,0.1566880550472589,-0.03192665648393195,0.04190372234404536,0.01254253066162571,0.006016864423440455,-0.00199542079395085,M01,HELD_STOW_QSPACE_ONLY,NON_RELEASE_DIAGNOSTIC_CANDIDATE,false
806,8.06,-0.9050136176843075,-2.230054386459522,-1.91634211599618,-0.9939035995963054,-0.4980327733421959,-0.008478731895154169,-0.4714330826329926,0.09605889919206038,-0.1260772621913779,-0.03773717078845364,-0.01810316007861468,0.006003695532237569,0.1571080877260971,-0.03201224207018002,0.04201605338768586,0.01257615334429685,0.006032993793871541,-0.002000769905861389,M01,HELD_STOW_QSPACE_ONLY,NON_RELEASE_DIAGNOSTIC_CANDIDATE,false
807,8.07,-0.909720086148178,-2.229095399497477,-1.917600785954598,-0.9942803419395443,-0.4982135030261004,-0.00841879506693808,-0.4698599157521331,0.09573835172861814,-0.1256565437890944,-0.03761124227505751,-0.01804275003756386,0.005983661267944257,0.1575247205819271,-0.03209713491069676,0.04212747520286406,0.01260950387869025,0.00604899261016372,-0.002006075721060356,M01,HELD_STOW_QSPACE_ONLY,NON_RELEASE_DIAGNOSTIC_CANDIDATE,false
808,8.08,-0.9144108021684403,-2.228139622243127,-1.918855243173105,-0.994655823334673,-0.4983936278118364,-0.008359058845931785,-0.4682825996031576,0.09541695881299538,-0.1252347157312025,-0.03748498162196793,-0.01798218066347579,0.005963574162763515,0.1579379388969019,-0.03218133200658317,0.0422379838535264,0.01264258108667496,0.006064860307147616,-0.002011338052116118,M01,HELD_STOW_QSPACE_ONLY,NON_RELEASE_DIAGNOSTIC_CANDIDATE,false
809,8.09,-0.9190857244233928,-2.227187063116153,-1.92010547660087,-0.9950300404739805,-0.4985731461126391,-0.008299523758366734,-0.4667011684050594,0.09509472741763196,-0.1248117871690263,-0.03735839156833929,-0.01792145327036924,0.005943434652473876,0.1583477279531717,-0.03226483035893973,0.04234757540361857,0.01267538379011978,0.006080596319653746,-0.002016556711597005,M01,HELD_STOW_QSPACE_ONLY,NON_RELEASE_DIAGNOSTIC_CANDIDATE,false
810,8.1,-0.9237448119342466,-2.226237730466369,-1.921351475278769,-0.9954029900772061,-0.4987520563549119,-0.008240190326107392,-0.4651156565240161,0.09477166454495801,-0.1243877672932522,-0.03723147486510777,-0.01786056917791488,0.005923243174728265,0.1587540730328883,-0.03234762696886724,0.04245624591708674,0.0127079108108937,0.006096200082512692,-0.002021731512071372,M01,HELD_STOW_QSPACE_ONLY,NON_RELEASE_DIAGNOSTIC_CANDIDATE,false
811,8.109999999999999,-0.9283880240666229,-2.225291632573408,-1.922593228339785,-0.9957746688916582,-0.4989303569782834,-0.008181059066632163,-0.4635260984733819,0.09444777722739219,-0.1239626653339266,-0.03710423427499068,-0.017799529711435,0.005903000169053896,0.1591569594182036,-0.03242971883746652,0.04256399145787706,0.01274016097086566,0.006111671030555038,-0.002026862266107571,M01,HELD_STOW_QSPACE_ONLY,NON_RELEASE_DIAGNOSTIC_CANDIDATE,false
812,8.120000000000001,-0.9330153205320046,-2.224348777646432,-1.923830725009397,-0.9961450736923303,-0.4991080464356633,-0.008122130493014898,-0.4619325289136915,0.09412307252734251,-0.1235364905604568,-0.0369766725724868,-0.01773833620190368,0.005882706076852329,0.1595563723912685,-0.03251110296583815,0.04267080808993539,0.01277213309190453,0.006127008598611324,-0.002031948786273942,M01,HELD_STOW_QSPACE_ONLY,NON_RELEASE_DIAGNOSTIC_CANDIDATE,false
813,8.130000000000001,-0.9376266613892126,-2.223409173823831,-1.925063954605972,-0.9965142012820198,-0.4992851231932995,-0.008063405113906123,-0.4603349826526574,0.09379755753720595,-0.1231092522816106,-0.03684879254387618,-0.01767698998594665,0.00586236134139943,0.1599522972342352,-0.03259177635508304,0.04277669187720802,0.01280382599587932,0.006142212221512151,-0.002036990885138844,M01,HELD_STOW_QSPACE_ONLY,NON_RELEASE_DIAGNOSTIC_CANDIDATE,false
814,8.140000000000001,-0.9422220070458849,-2.222472829172917,-1.926292906541167,-0.9968820484914462,-0.4994615857308344,-0.008004883433514146,-0.4587334946451682,0.09347123937936791,-0.1226809598455158,-0.03672059698721998,-0.01761549240584124,0.005841966407845348,0.1603447192292547,-0.03267173600630181,0.04288163888364086,0.01283523850465891,0.006157281334088068,-0.002041988375270619,M01,HELD_STOW_QSPACE_ONLY,NON_RELEASE_DIAGNOSTIC_CANDIDATE,false
815,8.15,-0.9468013182599528,-2.22153975168963,-1.927517570320313,-0.9972486121793691,-0.4996374325413617,-0.007946565951586326,-0.4571280999932915,0.09314412520620295,-0.1222516226396607,-0.03659208871236074,-0.01755384480951653,0.005821521723214563,0.1607336236584785,-0.03275097892059521,0.04298564517317997,0.01286636944011223,0.00617221537116964,-0.002046941069237614,M01,HELD_STOW_QSPACE_ONLY,NON_RELEASE_DIAGNOSTIC_CANDIDATE,false
816,8.16,-0.9513645561410864,-2.220609949298239,-1.928737935542813,-0.9976138892327038,-0.499812662131482,-0.007888453163390624,-0.455518833946277,0.09281622220007534,-0.1218212500908953,-0.03646327054092256,-0.01749204855055338,0.005801027736405912,0.1611189958040576,-0.03282950209906385,0.04308870680977125,0.01289721762410816,0.006187013767587417,-0.002051848779608172,M01,HELD_STOW_QSPACE_ONLY,NON_RELEASE_DIAGNOSTIC_CANDIDATE,false
817,8.17,-0.9559116821521991,-2.219683429851035,-1.929953991902537,-0.9979778765666423,-0.4999872730213607,-0.007830545559696443,-0.4539057319005487,0.09248753757333744,-0.1213898516654287,-0.03633414530631054,-0.01743010498818422,0.005780484898192495,0.1615008209481441,-0.0329073025428086,0.04319081985736094,0.01292778187851568,0.006201675958171993,-0.002056711318950649,M01,HELD_STOW_QSPACE_ONLY,NON_RELEASE_DIAGNOSTIC_CANDIDATE,false
818,8.18,-0.9604426581108942,-2.218760201128037,-1.931165729188212,-0.9983405711247685,-0.5001612637447832,-0.007772843626756218,-0.4522888293997128,0.09215807856833143,-0.1209574368688318,-0.03620471585371139,-0.01736801548729332,0.005759893661221777,0.1618790843728904,-0.03298437725293035,0.04329198037989531,0.0129580610252038,0.006216201377753963,-0.002061528499833404,M01,HELD_STOW_QSPACE_ONLY,NON_RELEASE_DIAGNOSTIC_CANDIDATE,false
819,8.19,-0.9649574461909598,-2.217840270836692,-1.932373137283822,-0.9987019698791781,-0.5003346328492126,-0.007715347846286372,-0.4506681621345484,0.0918278524573873,-0.1205240152460345,-0.03607498504009266,-0.01730578141841639,0.005739254480015468,0.1622537713604458,-0.03306072323052944,0.04339218444131987,0.01298805388604127,0.006230589461163821,-0.00206630013482476,M01,HELD_STOW_QSPACE_ONLY,NON_RELEASE_DIAGNOSTIC_CANDIDATE,false
820,8.199999999999999,-0.9694560089238164,-2.216923646611571,-1.93357620616899,-0.999062069830595,-0.500507378895845,-0.007658058695448881,-0.4490437659430206,0.09149686654282556,-0.1200895963813293,-0.03594495573420382,-0.01724340415774117,0.005718567810969691,0.1626248671929635,-0.03313633747670688,0.04349142810558107,0.01301775928289714,0.006244839643232192,-0.002071026036493083,M01,HELD_STOW_QSPACE_ONLY,NON_RELEASE_DIAGNOSTIC_CANDIDATE,false
821,8.210000000000001,-0.973938309200002,-2.216010336014076,-1.934774925919383,-0.9994208680084887,-0.500679500459667,-0.007600976646832382,-0.4474156768102639,0.09116512815695391,-0.1196541898983666,-0.03581463081657497,-0.01718088508710673,0.005697834112354769,0.1629923571525941,-0.03321121699256329,0.04358970743662479,0.01304717603764029,0.006258951358789617,-0.002075706017406714,M01,HELD_STOW_QSPACE_ONLY,NON_RELEASE_DIAGNOSTIC_CANDIDATE,false
822,8.220000000000001,-0.9784043102706423,-2.215100346532132,-1.935969286707102,-0.9997783614711937,-0.5008509961295117,-0.00754410216843341,-0.4457839308686039,0.09083264466207157,-0.1192178054601608,-0.03568401317951845,-0.01711822559400429,0.005677053844315503,0.16335622652149,-0.03328535877919955,0.04368701849839729,0.01307630297213971,0.006272924042666694,-0.00208033989013401,M01,HELD_STOW_QSPACE_ONLY,NON_RELEASE_DIAGNOSTIC_CANDIDATE,false
823,8.23,-0.9828539757489239,-2.214193685579894,-1.937159278801072,-1.000134547306026,-0.5010218645081153,-0.007487435723637664,-0.4441485643975311,0.09049942345046399,-0.1187804527690835,-0.03555310572712689,-0.01705542707157629,0.005656227468870837,0.1637164605818015,-0.03335875983771616,0.04378335735484432,0.01310513890826424,0.006286757129693949,-0.002084927467243307,M01,HELD_STOW_QSPACE_ONLY,NON_RELEASE_DIAGNOSTIC_CANDIDATE,false
824,8.24,-0.9872872696115689,-2.213290360497441,-1.938344892567442,-1.000489422629403,-0.5011921042121741,-0.007430977771201226,-0.4425096138237206,0.0901654719444069,-0.118342141566868,-0.03542191137527469,-0.01699249091861707,0.00563535544991411,0.1640730446156808,-0.03343141716921399,0.04387872006991211,0.01313368266788286,0.006300450054701972,-0.002089468561302959,M01,HELD_STOW_QSPACE_ONLY,NON_RELEASE_DIAGNOSTIC_CANDIDATE,false
825,8.25,-0.9917041562002855,-2.212390378550483,-1.939526118469971,-1.000842984586958,-0.5013617138724,-0.007374728765232076,-0.4408671157210322,0.0898307975961662,-0.1179028816346101,-0.03529043305161806,-0.0169294185395729,0.005614438253213054,0.1644259639052799,-0.0335033277747939,0.04397310270754687,0.01316193307286453,0.006314002252521356,-0.002093962984881324,M01,HELD_STOW_QSPACE_ONLY,NON_RELEASE_DIAGNOSTIC_CANDIDATE,false
826,8.26,-0.996104600223279,-2.211493746930054,-1.940702947070431,-1.00119523035366,-0.5015306921335783,-0.007318689155170865,-0.4392211068104896,0.08949540788799393,-0.1174626827927623,-0.03515867369559336,-0.0168662113445412,0.005593476346409538,0.1647752037327491,-0.03357448865555632,0.04406650133169428,0.01318988894507809,0.006327413157982616,-0.002098410550546732,M01,HELD_STOW_QSPACE_ONLY,NON_RELEASE_DIAGNOSTIC_CANDIDATE,false
827,8.27,-1.000488566756684,-2.210600472752218,-1.941875369028991,-1.001546157133932,-0.5016990376546229,-0.007262859385772667,-0.4375716239603104,0.08915931033213412,-0.1170215549011414,-0.03502663625841949,-0.01680287074927167,0.005572470199019934,0.1651207493802407,-0.03364489681260223,0.0441589120063007,0.01321754910639255,0.006340682205916361,-0.002102811070867544,M01,HELD_STOW_QSPACE_ONLY,NON_RELEASE_DIAGNOSTIC_CANDIDATE,false
828,8.279999999999999,-1.004856021246056,-2.209710563057766,-1.943043375104615,-1.001895762161767,-0.5018667491086337,-0.007207239897087978,-0.4359187041858786,0.08882251247081747,-0.1165795078589218,-0.0348943237030957,-0.01673939817516524,0.005551420282434788,0.1654625861299057,-0.03371454924703218,0.04425033079531197,0.01324491237867677,0.006353808831153131,-0.002107164358412101,M01,HELD_STOW_QSPACE_ONLY,NON_RELEASE_DIAGNOSTIC_CANDIDATE,false
829,8.290000000000001,-1.009206929507845,-2.208824024811916,-1.944206956155458,-1.002244042700847,-0.5020338251829529,-0.007151831124443966,-0.4342623846497635,0.08848502187626499,-0.1161365516046403,-0.03476173900440307,-0.01667579504927479,0.005530327069919039,0.1658006992638957,-0.03378344295994697,0.0443407537626742,0.0132719775837997,0.0063667924685235,-0.002111470225748753,M01,HELD_STOW_QSPACE_ONLY,NON_RELEASE_DIAGNOSTIC_CANDIDATE,false
830,8.300000000000001,-1.013541257730862,-2.207940864904014,-1.945366103139256,-1.002590996044664,-0.5022002645792216,-0.007096633498425771,-0.4326027026617105,0.08814684615068619,-0.1156926961161935,-0.03462888514890386,-0.01661206280430481,0.00550919103661192,0.166135074064362,-0.03385157495244732,0.04443017697233344,0.01329874354363027,0.006379632552858036,-0.002115728485445847,M01,HELD_STOW_QSPACE_ONLY,NON_RELEASE_DIAGNOSTIC_CANDIDATE,false
831,8.31,-1.017858972477747,-2.207061090147235,-1.946520807113721,-1.00293661951663,-0.502366066013436,-0.007041647444857843,-0.4309396956786465,0.08780799292628021,-0.1152479514108393,-0.0344957651349418,-0.01654820287861161,0.005488012659527013,0.1664656958134565,-0.03391894222563399,0.04451859648823578,0.01332520908003742,0.006392328518987312,-0.002119938950071734,M01,HELD_STOW_QSPACE_ONLY,NON_RELEASE_DIAGNOSTIC_CANDIDATE,false
832,8.32,-1.022160040686447,-2.206184707278281,-1.947671059236934,-1.0032809104702,-0.5025312282160042,-0.006986873384785104,-0.4292734013046742,0.08746846986523463,-0.1148023275451954,-0.03436238197264178,-0.01648421671620306,0.005466792417552187,0.1667925497933316,-0.03398554178060793,0.04460600837432755,0.01335137301489015,0.006404879801741938,-0.002124101432194775,M01,HELD_STOW_QSPACE_ONLY,NON_RELEASE_DIAGNOSTIC_CANDIDATE,false
833,8.33,-1.02644442967169,-2.205311722957082,-1.948816850767739,-1.003623866288993,-0.5026957499318025,-0.006932311734454133,-0.42760385729107,0.08712828465972508,-0.1143558346152389,-0.03422873868390961,-0.01642010576673858,0.005445530791449565,0.1671156212861367,-0.03405137061846941,0.04469240869455422,0.01337723417005722,0.006417285835952395,-0.002128215744383292,M01,HELD_STOW_QSPACE_ONLY,NON_RELEASE_DIAGNOSTIC_CANDIDATE,false
834,8.34,-1.030712107126449,-2.204442143766497,-1.949958173066138,-1.003965484386901,-0.5028596299202325,-0.006877962905294605,-0.4259311015363004,0.08678744503191846,-0.1139084827563105,-0.0340948383024333,-0.01635587148552969,0.005424228263855731,0.1674348955740247,-0.03411642574031951,0.0447777935128623,0.0134027913674077,0.006429546056449317,-0.002132281699205653,M01,HELD_STOW_QSPACE_ONLY,NON_RELEASE_DIAGNOSTIC_CANDIDATE,false
835,8.35,-1.034963041123415,-2.203575976212014,-1.95109501759368,-1.004305762208216,-0.5030228669552765,-0.006823827303900493,-0.4242551720860014,0.08644595873396894,-0.113460282143109,-0.0339606838736815,-0.01629151533353931,0.005402885319281479,0.1677503579391467,-0.03418070414725883,0.04486215889319765,0.01342804342881045,0.006441659898063244,-0.002136299109230198,M01,HELD_STOW_QSPACE_ONLY,NON_RELEASE_DIAGNOSTIC_CANDIDATE,false
836,8.359999999999999,-1.039197200116478,-2.202713226721448,-1.952227375913862,-1.00464469722774,-0.5031854598255554,-0.006769905332011161,-0.4225761071329873,0.08610383354801955,-0.1130112429896936,-0.03382627845490412,-0.01622703877738198,0.005381502444111908,0.168061993663654,-0.03424420284038809,0.0449455008995063,0.01345298917613441,0.006453626795624744,-0.002140267787025275,M01,HELD_STOW_QSPACE_ONLY,NON_RELEASE_DIAGNOSTIC_CANDIDATE,false
837,8.370000000000001,-1.04341455294218,-2.201853901644644,-1.953355239692513,-1.004982286950909,-0.5033474073343838,-0.006716197386492949,-0.4208939450172552,0.08576107728620327,-0.1125613755494854,-0.03369162511513274,-0.01616244328932417,0.005360080126606494,0.1683697880296981,-0.034306918820808,0.04502781559573431,0.01347762743124849,0.006465446183964382,-0.002144187545159231,M01,HELD_STOW_QSPACE_ONLY,NON_RELEASE_DIAGNOSTIC_CANDIDATE,false
838,8.380000000000001,-1.047615068821222,-2.200998007253173,-1.9544786006982,-1.005318528913908,-0.5035087082998281,-0.006662703859319906,-0.4192087242259796,0.08541769779064179,-0.1121106901152656,-0.03355672693518016,-0.01609773034728394,0.005338618856899013,0.1686737263194304,-0.0343688490896193,0.04510909904582772,0.01350195701602162,0.006477117497912722,-0.002148058196200414,M01,HELD_STOW_QSPACE_ONLY,NON_RELEASE_DIAGNOSTIC_CANDIDATE,false
839,8.390000000000001,-1.051798717359882,-2.200145549740039,-1.955597450802608,-1.005653420683786,-0.5036693615547609,-0.006609425137555788,-0.4175204833935144,0.08507370293344603,-0.1116591970191763,-0.03342158700764059,-0.01603290143483114,0.005317119126997574,0.1689737938150039,-0.03442999064792304,0.04518934731373297,0.01352597675232285,0.006488640172300395,-0.002151879552717193,M01,HELD_STOW_QSPACE_ONLY,NON_RELEASE_DIAGNOSTIC_CANDIDATE,false
840,8.4,-1.05596546855154,-2.199296535219373,-1.956711781980944,-1.005986959858582,-0.50382936594692,-0.00655636160333458,-0.4158292613013874,0.08472910061671492,-0.1112069066327188,-0.03328620843688914,-0.01596795804118708,0.005295581430784538,0.1692699757985679,-0.03449034049681945,0.04526855646339552,0.01354968546202093,0.006500013641957878,-0.002155651427277885,M01,HELD_STOW_QSPACE_ONLY,NON_RELEASE_DIAGNOSTIC_CANDIDATE,false
841,8.41,-1.060115292778119,-2.198450969726134,-1.957821586312325,-1.006319144067432,-0.5039887203389628,-0.006503513633842203,-0.4141350968783091,0.0843838987725373,-0.110753829366756,-0.03315059433908261,-0.01590290166122497,0.005274006264016641,0.1695622575522746,-0.03454989563740948,0.04534672255876165,0.01357308196698485,0.006511237341715772,-0.002159373632450851,M01,HELD_STOW_QSPACE_ONLY,NON_RELEASE_DIAGNOSTIC_CANDIDATE,false
842,8.42,-1.064248160811575,-2.19760885921581,-1.958926855980178,-1.006649970970698,-0.5041474236085246,-0.006450881601297503,-0.4124380292001665,0.08403810536299053,-0.1102999756715111,-0.03301474784215891,-0.01583773379546962,0.005252394124324905,0.1698506243582759,-0.03460865307079387,0.04542384166377747,0.01359616508908356,0.006522310706404653,-0.002163045980804441,M01,HELD_STOW_QSPACE_ONLY,NON_RELEASE_DIAGNOSTIC_CANDIDATE,false
843,8.43,-1.068364043815339,-2.196770209564121,-1.960027583272621,-1.006979438260077,-0.5043054746482731,-0.006398465872933898,-0.410738097490028,0.08369172838014161,-0.1098453560365683,-0.03287867208583753,-0.01577245595009764,0.005230745511214711,0.1701350614987232,-0.03466660979807339,0.04549990984238907,0.013618933650186,0.006533233170855095,-0.002166668284907005,M01,HELD_STOW_QSPACE_ONLY,NON_RELEASE_DIAGNOSTIC_CANDIDATE,false
844,8.44,-1.07246291334582,-2.195935026566715,-1.961123760582869,-1.007307543658721,-0.5044628723659667,-0.006346266810980217,-0.4090353411181371,0.08334477584604583,-0.1093899809908716,-0.03274237022161898,-0.01570706963693723,0.005209060926065713,0.1704155542557676,-0.03472376282034868,0.04557492315854236,0.01364138647216105,0.006544004169897646,-0.002170240357326885,M01,HELD_STOW_QSPACE_ONLY,NON_RELEASE_DIAGNOSTIC_CANDIDATE,false
845,8.449999999999999,-1.07654474135387,-2.195103315938868,-1.962215380409625,-1.007634284921359,-0.5046196156845102,-0.006294284772642086,-0.4073297996019163,0.08299725581274754,-0.1089338611027257,-0.03260584541278513,-0.01564157637346826,0.005187340872131882,0.170692087911561,-0.03478010913872055,0.04564887767618352,0.01366352237687769,0.006554623138362891,-0.002173762010632436,M01,HELD_STOW_QSPACE_ONLY,NON_RELEASE_DIAGNOSTIC_CANDIDATE,false
846,8.460000000000001,-1.080609500186241,-2.194275083315187,-1.963302435357469,-1.00795965983441,-0.5047757035420113,-0.00624252011008334,-0.4056215126059702,0.08264917636228089,-0.1084770069797966,-0.03246910083439945,-0.01557597768282248,0.005165585854541558,0.1709646477482547,-0.03483564575428969,0.04572176945925853,0.0136853401862048,0.006565089511081388,-0.002177233057392001,M01,HELD_STOW_QSPACE_ONLY,NON_RELEASE_DIAGNOSTIC_CANDIDATE,false
847,8.470000000000001,-1.084657162587078,-2.193450334249309,-1.964384918137257,-1.008283666216103,-0.5049311348918379,-0.006190973170406996,-0.4039105199420746,0.08230054560666748,-0.1080194292691093,-0.03233213967330612,-0.01551027509378303,0.005143796380297304,0.171233219048,-0.03489036966815681,0.04579359457171342,0.01370683872201133,0.0065754027228837,-0.002180653310173929,M01,HELD_STOW_QSPACE_ONLY,NON_RELEASE_DIAGNOSTIC_CANDIDATE,false
848,8.48,-1.088687701699373,-2.1926290742136,-1.96546282156651,-1.008606301916595,-0.5050859087026733,-0.006139644295636806,-0.4021968615691927,0.08195137168791973,-0.1075611386570512,-0.03219496512813138,-0.01544447014078509,0.005121972958276109,0.1714977870929489,-0.03494427788142272,0.04586434907749436,0.01372801680616623,0.006585562208600414,-0.002184022581546572,M01,HELD_STOW_QSPACE_ONLY,NON_RELEASE_DIAGNOSTIC_CANDIDATE,false
849,8.49,-1.092701091066434,-2.191811308598858,-1.966536138569808,-1.008927564818086,-0.5052400239585734,-0.006088533822698458,-0.4004805775934595,0.0816016627780377,-0.1071021458693689,-0.0320575804092822,-0.01537856436391527,0.005100116099229197,0.1717583371652524,-0.03499736739518807,0.04593402904054728,0.01374887326053838,0.006595567403062077,-0.002187340684078275,M01,HELD_STOW_QSPACE_ONLY,NON_RELEASE_DIAGNOSTIC_CANDIDATE,false
850,8.5,-1.096697304633396,-2.190997042714006,-1.967604862179192,-1.009247452834941,-0.5053934796590239,-0.006037642083400407,-0.3987617082681882,0.0812514270790104,-0.1066424616711693,-0.0319199887389469,-0.01531255930891189,0.005078226315782104,0.1720148545470614,-0.03504963521055348,0.04600263052481808,0.01376940690699669,0.006605417741099239,-0.002190607430337377,M01,HELD_STOW_QSPACE_ONLY,NON_RELEASE_DIAGNOSTIC_CANDIDATE,false
851,8.51,-1.10067631674862,-2.190186281785805,-1.968668985534541,-1.009565963913805,-0.5055462748189952,-0.005986969404416002,-0.3970402939938781,0.08090067282281738,-0.1061820968669217,-0.03178219335109565,-0.01524645652716522,0.005056304122434781,0.1722673245205293,-0.03510107832862003,0.0460701495942533,0.01378961656741021,0.006615112657542535,-0.002193822632892249,M01,HELD_STOW_QSPACE_ONLY,NON_RELEASE_DIAGNOSTIC_CANDIDATE,false
852,8.52,-1.104638102165246,-2.189379030958539,-1.969728501883984,-1.009883096033722,-0.5056984084690007,-0.005936516107263756,-0.3953163753181986,0.0805494082714254,-0.1057210623004539,-0.03164419749147931,-0.01518025757571693,0.005034350035561384,0.1725157323678056,-0.0351516937504881,0.0461365823127985,0.01380950106364773,0.006624651587222461,-0.002196986104311217,M01,HELD_STOW_QSPACE_ONLY,NON_RELEASE_DIAGNOSTIC_CANDIDATE,false
853,8.529999999999999,-1.108582636042613,-2.188575295293724,-1.970783404584282,-1.010198847206252,-0.5058498796551523,-0.005886282508289237,-0.3935899929360016,0.08019764171679117,-0.1052593688549554,-0.03150600441763035,-0.01511396401726053,0.005012364573410442,0.1727600633710429,-0.03520147847725862,0.0462019247444,0.01382905921757826,0.006634033964969627,-0.002200097657162643,M01,HELD_STOW_QSPACE_ONLY,NON_RELEASE_DIAGNOSTIC_CANDIDATE,false
854,8.540000000000001,-1.11250989394774,-2.187775079769809,-1.971833687101225,-1.01051321547559,-0.5060006874392167,-0.005836268918646213,-0.3918611876893182,0.07984538148086039,-0.1047970274529762,-0.0313676173988626,-0.01504757742014124,0.004990348256104805,0.1730003028123929,-0.03525042951003237,0.04626617295300392,0.01384828985107075,0.006643259225614608,-0.002203157104014876,M01,HELD_STOW_QSPACE_ONLY,NON_RELEASE_DIAGNOSTIC_CANDIDATE,false
855,8.550000000000001,-1.116419851856802,-2.186978389281874,-1.972879343010023,-1.010826198918683,-0.5061508308986724,-0.005786475644277832,-0.3901300005673538,0.07949263591556702,-0.1043340490564257,-0.0312290397162709,-0.01498109935835584,0.004968301605641592,0.1732364359740062,-0.03529854384990989,0.04632932300255607,0.01386719178599404,0.006652326803987936,-0.002206164257436255,M01,HELD_STOW_QSPACE_ONLY,NON_RELEASE_DIAGNOSTIC_CANDIDATE,false
856,8.56,-1.120312486156608,-2.186185228641326,-1.973920365995705,-1.011137795645345,-0.5063003091267664,-0.005736902985897872,-0.3883964727064959,0.07913941340283469,-0.1038704446665752,-0.03109027466273166,-0.01491453141155292,0.004946225145892279,0.1734684481380339,-0.03534581849799186,0.04639137095700242,0.01388576384421705,0.006661236134920169,-0.002209118929995123,M01,HELD_STOW_QSPACE_ONLY,NON_RELEASE_DIAGNOSTIC_CANDIDATE,false
857,8.57,-1.124187773646063,-2.185395602575606,-1.974956749853507,-1.011448003798381,-0.5064491212325704,-0.005687551238972015,-0.386660645390311,0.07878572235457612,-0.1034062253240562,-0.03095132554290265,-0.0148478751650328,0.004924119402602668,0.1736963245866287,-0.03539225045537923,0.04645231288028931,0.01390400484760879,0.006669986653241915,-0.002212020934259841,M01,HELD_STOW_QSPACE_ONLY,NON_RELEASE_DIAGNOSTIC_CANDIDATE,false
858,8.58,-1.128045691537646,-2.184609515727884,-1.975988488489272,-1.011756821553702,-0.5065972663410371,-0.005638420693699131,-0.3849225600495422,0.07843157121269266,-0.1029414021088604,-0.03081219567322279,-0.0147811322097474,0.004901984903392851,0.1739200506019417,-0.03543783672317266,0.04651214483636272,0.01392191361803817,0.006678577793783732,-0.002214870082798756,M01,HELD_STOW_QSPACE_ONLY,NON_RELEASE_DIAGNOSTIC_CANDIDATE,false
859,8.59,-1.131886217458879,-2.183826972656762,-1.977015575919835,-1.012064247120439,-0.5067447435930573,-0.005589511634992488,-0.3831822582621092,0.07807696844907429,-0.1024759861403398,-0.03067288838191218,-0.01471430414230028,0.004879822177757216,0.1741396114661244,-0.0354825743024729,0.0465708628891687,0.01393948897737411,0.006687008991376186,-0.002217666188180215,M01,HELD_STOW_QSPACE_ONLY,NON_RELEASE_DIAGNOSTIC_CANDIDATE,false
860,8.6,-1.135709329453799,-2.183047977835972,-1.978038006273425,-1.012370278741066,-0.5068915521455161,-0.005540824342461066,-0.3814397817531159,0.07772192256560111,-0.102009988577208,-0.0305334070089727,-0.01464739256494692,0.004857631757064539,0.1743549924613278,-0.03552646019438057,0.04662846310265317,0.01395672974748549,0.006695279680849826,-0.002220409062972561,M01,HELD_STOW_QSPACE_ONLY,NON_RELEASE_DIAGNOSTIC_CANDIDATE,false
861,8.609999999999999,-1.139515005984431,-2.182272535654079,-1.979055773790054,-1.012674914691518,-0.5070376911713491,-0.005492359090390746,-0.3796951723948384,0.07736644209414091,-0.1015434206175379,-0.03039375490618697,-0.01458039908559423,0.00483541417455783,0.1745661788697038,-0.03556949139999648,0.04668494154076228,0.01397363475024129,0.006703389297035237,-0.002223098519744145,M01,HELD_STOW_QSPACE_ONLY,NON_RELEASE_DIAGNOSTIC_CANDIDATE,false
862,8.620000000000001,-1.143303225932248,-2.18150065041418,-1.980068872821908,-1.012978153281301,-0.5071831598595993,-0.005444116147725761,-0.3779484722067371,0.07701053559655174,-0.1010762934987641,-0.03025393543711946,-0.01451332531780106,0.004813169965354492,0.1747731559734043,-0.03561166492042146,0.04674029426744221,0.01399020280751046,0.006711337274763001,-0.002225734371063323,M01,HELD_STOW_QSPACE_ONLY,NON_RELEASE_DIAGNOSTIC_CANDIDATE,false
863,8.630000000000001,-1.147073968599667,-2.1807323263336,-1.981077297833749,-1.013279992853622,-0.5073279574154735,-0.0053960957780496,-0.3761997233554451,0.07665421166467939,-0.1006086184976806,-0.03011395197711546,-0.01444617288077772,0.004790899666446173,0.1749759090545798,-0.03565297775675602,0.04679451734663875,0.01400643274116186,0.00671912304886365,-0.00222831642949843,M01,HELD_STOW_QSPACE_ONLY,NON_RELEASE_DIAGNOSTIC_CANDIDATE,false
864,8.640000000000001,-1.15082721371151,-2.179967567543597,-1.982081043403304,-1.013580431785496,-0.5074720830603996,-0.005348298239566493,-0.3744489681547808,0.07629747892036008,-0.1001404069304433,-0.02997380791330212,-0.01437894339938648,0.00476860381669892,0.1751744233953825,-0.03569342691010105,0.04684760684229811,0.01402232337306446,0.006726746054167774,-0.002230844507617822,M01,HELD_STOW_QSPACE_ONLY,NON_RELEASE_DIAGNOSTIC_CANDIDATE,false
865,8.65,-1.154562941416454,-2.179206378089064,-1.983080104221652,-1.01387946848787,-0.5076155360320812,-0.005300723785082812,-0.3726962490657322,0.07594034601541713,-0.09967167015256675,-0.02983350664458716,-0.01431163850414094,0.004746282956852982,0.1753686842779631,-0.03573300938155713,0.04689955881836617,0.01403787352508713,0.006734205725505917,-0.002233318417989839,M01,HELD_STOW_QSPACE_ONLY,NON_RELEASE_DIAGNOSTIC_CANDIDATE,false
866,8.66,-1.158281132288539,-2.178448761928222,-1.984074475093631,-1.014177101405739,-0.5077583155845561,-0.005253372661987943,-0.3709416086964734,0.07558282163166455,-0.09920241955892772,-0.02969305158166028,-0.01424425983120674,0.004723937629523031,0.1755586769844742,-0.0357717221722252,0.04695036933878927,0.01405308201909889,0.006741501497708685,-0.002235737973182842,M01,HELD_STOW_QSPACE_ONLY,NON_RELEASE_DIAGNOSTIC_CANDIDATE,false
867,8.67,-1.16198176732862,-2.177694722932324,-1.985064150938222,-1.014473329018263,-0.5079004209882519,-0.005206245112235844,-0.3691850898023553,0.07522491448090483,-0.09873266658376317,-0.02955244614699229,-0.0141768090224011,0.004701568379198023,0.1757443867970667,-0.0358095622832059,0.04700003446751332,0.01406794767696862,0.00674863280560663,-0.002238102985765174,M01,HELD_STOW_QSPACE_ONLY,NON_RELEASE_DIAGNOSTIC_CANDIDATE,false
868,8.68,-1.165664827965828,-2.176944264885358,-1.986049126788942,-1.014768149838886,-0.5080418515300421,-0.005159341372326307,-0.3674267352859057,0.07486663330492926,-0.09826242270067025,-0.02941169377483523,-0.0141092877251929,0.004679175752241215,0.1759257989978925,-0.03584652671560001,0.04704855026848444,0.01408246932056528,0.006755599084030325,-0.002240413268305186,M01,HELD_STOW_QSPACE_ONLY,NON_RELEASE_DIAGNOSTIC_CANDIDATE,false
869,8.69,-1.169330296059078,-2.17619739148374,-1.987029397794247,-1.015061562415454,-0.5081826065133042,-0.005112661673285897,-0.3656665881968293,0.07450798687551775,-0.09779169942260613,-0.02927079791122231,-0.01404169759270263,0.004656760296890163,0.1761028988691024,-0.03588261247050813,0.04709591280564853,0.01409664577175775,0.006762399767810318,-0.002242668633371219,M01,HELD_STOW_QSPACE_ONLY,NON_RELEASE_DIAGNOSTIC_CANDIDATE,false
870,8.700000000000001,-1.172978153898498,-2.175454106336023,-1.988004959217915,-1.015353565330331,-0.508322685257974,-0.005066206240649629,-0.3639046917320138,0.0741489839944401,-0.09732050830188978,-0.02912976201396842,-0.01397404028370268,0.004634322563256793,0.1762756716928479,-0.03591781654903101,0.04714211814295165,0.01411047585241495,0.006769034291777177,-0.002244868893531621,M01,HELD_STOW_QSPACE_ONLY,NON_RELEASE_DIAGNOSTIC_CANDIDATE,false
871,8.710000000000001,-1.176608384206931,-2.174714412962587,-1.988975806439444,-1.015644157200519,-0.508462087100604,-0.005019975294441939,-0.3621410892355237,0.07378963349345481,-0.09684886093020025,-0.0289885895526696,-0.01390631746261705,0.004611863103327326,0.1764441027512811,-0.0359521359522695,0.04718716234434001,0.01412395838440586,0.006775502090761495,-0.002247013861354748,M01,HELD_STOW_QSPACE_ONLY,NON_RELEASE_DIAGNOSTIC_CANDIDATE,false
872,8.720000000000001,-1.180220970141391,-2.173978314795351,-1.989941934954448,-1.015933336677774,-0.5086008113944189,-0.004973969049158068,-0.3603758241985988,0.07342994423430868,-0.09637676893857622,-0.02884728400870296,-0.01383853079952129,0.004589382470962261,0.1766081773265526,-0.03598556768132416,0.04723104147375942,0.01413709218959934,0.006781802599593801,-0.002249103349408938,M01,HELD_STOW_QSPACE_ONLY,NON_RELEASE_DIAGNOSTIC_CANDIDATE,false
873,8.73,-1.183815895294545,-2.17324581517746,-1.990903340375046,-1.016221102448726,-0.5087388575093728,-0.004928187713745258,-0.3586089402596627,0.07306992510873861,-0.09590424399741845,-0.02870584887522737,-0.01377068197014291,0.004566881221896482,0.1767678807008151,-0.03601810873729595,0.04727375159515627,0.01414987608986442,0.006787935253104714,-0.002251137170262553,M01,HELD_STOW_QSPACE_ONLY,NON_RELEASE_DIAGNOSTIC_CANDIDATE,false
874,8.74,-1.187393143696182,-2.172516917362994,-1.99186001843026,-1.016507453234996,-0.508876224832205,-0.004882631491583966,-0.3568404812043124,0.07270958503846946,-0.09543129781648681,-0.02856428765718257,-0.01370277265586085,0.004544359913739123,0.1769231981562192,-0.03604975612128544,0.04731528877247636,0.01416230890706995,0.006793899486124765,-0.002253115136483932,M01,HELD_STOW_QSPACE_ONLY,NON_RELEASE_DIAGNOSTIC_CANDIDATE,false
875,8.75,-1.190952699814666,-2.171791624516671,-1.992811964966402,-1.016792387793309,-0.5090129127664964,-0.004837300580469411,-0.3550704909653271,0.07234893297521579,-0.09495794214490262,-0.02842260387128992,-0.01363480454370593,0.00452181910597368,0.1770741149749165,-0.03608050683439334,0.04735564906966575,0.01417438946308485,0.006799694733484522,-0.002255037060641421,M01,HELD_STOW_QSPACE_ONLY,NON_RELEASE_DIAGNOSTIC_CANDIDATE,false
876,8.76,-1.194494548558457,-2.171069939713532,-1.993759175947479,-1.017075904915622,-0.5091489207327277,-0.004792195172592238,-0.3532990136226632,0.07198797790068098,-0.0944841887711476,-0.028280801046052,-0.01356677932636062,0.004499259359957954,0.1772206164390589,-0.03611035787772053,0.04739482855067065,0.01418611657977811,0.006805320430014577,-0.002256902755303377,M01,HELD_STOW_QSPACE_ONLY,NON_RELEASE_DIAGNOSTIC_CANDIDATE,false
877,8.77,-1.198018675277519,-2.170351865938659,-1.994701647455574,-1.017358003429232,-0.5092842481683336,-0.004747315454520472,-0.3515260934034541,0.07162672882655702,-0.0940100495230634,-0.02813888272175255,-0.01349869870215898,0.004476681238924039,0.1773626878307976,-0.03613930625236766,0.04743282327943704,0.01419748907901863,0.006810776010545486,-0.002258712033038145,M01,HELD_STOW_QSPACE_ONLY,NON_RELEASE_DIAGNOSTIC_CANDIDATE,false
878,8.779999999999999,-1.201525065764836,-2.169637406086864,-1.995639375691246,-1.017638682196899,-0.5094188945277607,-0.004702661607180324,-0.3497517746820143,0.07126519479452546,-0.09353553626785303,-0.02799685245045687,-0.01343056437508692,0.004454085307978382,0.1775003144322834,-0.03616734895943528,0.04746962931991073,0.01420850578267526,0.00681606090990778,-0.002260464706414061,M01,HELD_STOW_QSPACE_ONLY,NON_RELEASE_DIAGNOSTIC_CANDIDATE,false
879,8.790000000000001,-1.205013706257874,-2.168926562962392,-1.996572356973924,-1.017917940116963,-0.5095528592825239,-0.004658233805837547,-0.3479761019798354,0.07090338487625655,-0.09306066091207964,-0.02785471379601142,-0.01336237805478195,0.004431472134101725,0.1776334815256688,-0.03619448300002439,0.04750524273603812,0.01421916551261705,0.00682117456293208,-0.00226216058799949,M01,HELD_STOW_QSPACE_ONLY,NON_RELEASE_DIAGNOSTIC_CANDIDATE,false
880,8.800000000000001,-1.208484583440044,-2.168219339278624,-1.997500587742301,-1.01819577612346,-0.5096861419212626,-0.004614032220078744,-0.3461991199655879,0.07054130817340966,-0.09258543540166707,-0.02771247033404405,-0.01329414145653332,0.004408842286149138,0.1777621743931044,-0.03622070537523549,0.04753965959176493,0.01422946709071281,0.006826116404448906,-0.002263799490362766,M01,HELD_STOW_QSPACE_ONLY,NON_RELEASE_DIAGNOSTIC_CANDIDATE,false
881,8.81,-1.211937684442182,-2.16751573765777,-1.998424064554722,-1.018472189186242,-0.5098187419497973,-0.004570057013792594,-0.3444208734551182,0.07017897381763255,-0.0921098717218989,-0.02757012565196367,-0.01322585630128185,0.004386196334849968,0.1778863783167432,-0.03624601308616966,0.04757287595103771,0.01423940933883162,0.006830885869288894,-0.002265381226072258,M01,HELD_STOW_QSPACE_ONLY,NON_RELEASE_DIAGNOSTIC_CANDIDATE,false
882,8.82,-1.215372996844016,-2.166815760630579,-1.999342784089585,-1.018747178311094,-0.5099506588911862,-0.004526308345151137,-0.3426414074114591,0.06981639097056364,-0.09163398189742149,-0.02742768334896115,-0.01315752431562038,0.004363534852807984,0.1780060785787352,-0.0362704031339273,0.04760488787780206,0.01424899107884229,0.006835482392282552,-0.002266905607696296,M01,HELD_STOW_QSPACE_ONLY,NON_RELEASE_DIAGNOSTIC_CANDIDATE,false
883,8.83,-1.218790508675652,-2.166119410636028,-2.000256743145731,-1.019020742539853,-0.5100818922857818,-0.00448278636659085,-0.3408607669448109,0.0694535688238281,-0.09115777799223873,-0.02728514703600782,-0.01308914723179302,0.004340858414501131,0.1781212604612325,-0.03629387251960928,0.04763569143600422,0.01425821113261378,0.00683990540826047,-0.002268372447803234,M01,HELD_STOW_QSPACE_ONLY,NON_RELEASE_DIAGNOSTIC_CANDIDATE,false
884,8.84,-1.222190208419013,-2.165426690021032,-2.001165938642834,-1.019292880950523,-0.5102124416912872,-0.004439491224794333,-0.339078997312557,0.06909051659904097,-0.09068127210971627,-0.02714252033585663,-0.01302072678769572,0.004318167596281725,0.1782319092463854,-0.03631641824431611,0.04766528268958992,0.01426706832201493,0.006844154352053172,-0.002269781558961408,M01,HELD_STOW_QSPACE_ONLY,NON_RELEASE_DIAGNOSTIC_CANDIDATE,false
885,8.85,-1.225572085009348,-2.164737601040139,-2.002070367621805,-1.019563592657394,-0.5103423066828127,-0.004396423060671076,-0.3372961439192661,0.06872724354780778,-0.09020447639258219,-0.02699980688304243,-0.01295226472687643,0.00429546297637649,0.1783380102163483,-0.03633803730914906,0.04769365770250598,0.01427556146891491,0.006848228658491334,-0.0022711327537392,M01,HELD_STOW_QSPACE_ONLY,NON_RELEASE_DIAGNOSTIC_CANDIDATE,false
886,8.859999999999999,-1.22893612783668,-2.16405214585523,-2.002970027245172,-1.019832876811161,-0.5104714868529322,-0.004353582009339017,-0.3355122523166761,0.0683637589517211,-0.08972740302292261,-0.02685701032388065,-0.01288376279853441,0.004272745134886347,0.1784395486532697,-0.0363587267152083,0.04772081253869767,0.01428368939518239,0.006852127762405413,-0.002272425844704922,M01,HELD_STOW_QSPACE_ONLY,NON_RELEASE_DIAGNOSTIC_CANDIDATE,false
887,8.870000000000001,-1.232282326747298,-2.163370326535218,-2.003864914797489,-1.020100732599042,-0.5105999818117405,-0.004310968200105569,-0.3337273682037038,0.06800007212236256,-0.08925006422218422,-0.02671413431646801,-0.01281522275752063,0.004250014653786539,0.1785365098393022,-0.03637848346359477,0.04774674326211133,0.01429145092268641,0.006855851098626017,-0.002273660644426937,M01,HELD_STOW_QSPACE_ONLY,NON_RELEASE_DIAGNOSTIC_CANDIDATE,false
888,8.880000000000001,-1.235610672045194,-2.162692145055757,-2.004755027685712,-1.020367159244894,-0.5107277911869083,-0.004268581756449306,-0.3319415374264506,0.06763619240130404,-0.08877247225117595,-0.02657118253068307,-0.01274664636433802,0.004227272116926702,0.178628879056597,-0.03639730455540914,0.04777144593669294,0.01429884487329586,0.006859398101983703,-0.002274836965473588,M01,HELD_STOW_QSPACE_ONLY,NON_RELEASE_DIAGNOSTIC_CANDIDATE,false
889,8.890000000000001,-1.238921154493571,-2.16201760329893,-2.005640363439607,-1.020632156009332,-0.5108549146237398,-0.004226422796000738,-0.3301548059781941,0.06727212916010601,-0.08829463941006672,-0.02642815864818553,-0.01267803538514108,0.004204518110030761,0.1787166415873066,-0.03641518699175238,0.04779491662638884,0.01430587006887976,0.006862768207309082,-0.002275954620413239,M01,HELD_STOW_QSPACE_ONLY,NON_RELEASE_DIAGNOSTIC_CANDIDATE,false
890,8.9,-1.242213765316306,-2.161346703052954,-2.00652091971214,-1.020895722189846,-0.5109813517852297,-0.004184491430523705,-0.3283672199993874,0.06690789180031723,-0.08781657803838507,-0.02628506636241613,-0.0126093915917359,0.004181753220696919,0.1787997827135817,-0.036432127773725,0.04781715139514483,0.01431252533130696,0.006865960849432684,-0.002277013421814225,M01,HELD_STOW_QSPACE_ONLY,NON_RELEASE_DIAGNOSTIC_CANDIDATE,false
891,8.91,-1.245488496199401,-2.160679446011883,-2.007396694279865,-1.021157857120919,-0.5111071023521182,-0.004142787765896862,-0.326578825777663,0.06654348975347565,-0.08733830051502035,-0.02614190937859698,-0.01254071676158031,0.004158978038397705,0.1788782877175734,-0.03644812390242771,0.04783814630690689,0.01431880948244637,0.006868975463185068,-0.00227801318224489,M01,HELD_STOW_QSPACE_ONLY,NON_RELEASE_DIAGNOSTIC_CANDIDATE,false
892,8.92,-1.248745339292481,-2.160015833775307,-2.008267685043324,-1.021418560174146,-0.5112321660229485,-0.004101311902094708,-0.3247896697478352,0.066178932481109,-0.08685981925822343,-0.02599869141373183,-0.01247201267778396,0.004136193154480013,0.1789521418814332,-0.03646317237896122,0.04785789742562107,0.01432472134416691,0.006871811483396799,-0.002278953714273584,M01,HELD_STOW_QSPACE_ONLY,NON_RELEASE_DIAGNOSTIC_CANDIDATE,false
893,8.93,-1.251984287210259,-2.159355867848044,-2.00913389002744,-1.021677830758352,-0.5113565425141238,-0.004060063933168739,-0.322999798491894,0.06581422947473327,-0.08638114672560487,-0.02585541619660546,-0.01240328112910807,0.004113399162165009,0.1790213304873138,-0.03647727020442652,0.04787640081523376,0.01433025973833762,0.006874468344898496,-0.002279834830468671,M01,HELD_STOW_QSPACE_ONLY,NON_RELEASE_DIAGNOSTIC_CANDIDATE,false
894,8.94,-1.255205333033981,-2.158699549639857,-2.009995307381903,-1.021935668319705,-0.5114802315599618,-0.004019043947229267,-0.3212092587390092,0.06544939025585385,-0.08590229541413616,-0.02571208746778408,-0.01233452390996562,0.004090596656548201,0.1790858388173652,-0.03649041437992402,0.0478936525396906,0.01433542348682729,0.006876945482520664,-0.002280656343398477,M01,HELD_STOW_QSPACE_ONLY,NON_RELEASE_DIAGNOSTIC_CANDIDATE,false
895,8.950000000000001,-1.258408470312948,-2.158046880465135,-2.010851935381575,-1.022192072341841,-0.5116032329127542,-0.003978252026425835,-0.3194180973655265,0.06508442437596451,-0.08542327786014864,-0.02556870897961502,-0.01226574282042118,0.004067786234599373,0.17914565215374,-0.03650260190655468,0.04790964866293791,0.01434021141150494,0.006879242331093913,-0.002281418065631367,M01,HELD_STOW_QSPACE_ONLY,NON_RELEASE_DIAGNOSTIC_CANDIDATE,false
896,8.960000000000001,-1.261593693065953,-2.157397861542606,-2.011703772426879,-1.022447042345979,-0.5117255463428207,-0.003937688246929097,-0.3176263613949729,0.06471934141654866,-0.08494410663933497,-0.02542528449622713,-0.01219693966619114,0.004044968495162669,0.1792007557785895,-0.03651382978541921,0.04792438524892174,0.0143446223342395,0.006881358325448807,-0.002282119809735686,M01,HELD_STOW_QSPACE_ONLY,NON_RELEASE_DIAGNOSTIC_CANDIDATE,false
897,8.970000000000001,-1.264760995782741,-2.156752493995034,-2.012550817044184,-1.022700577891033,-0.5118471716385663,-0.003897352678912051,-0.3158340979980534,0.06435415098907851,-0.08446479436674814,-0.02528181779353054,-0.01212811625864353,0.004022144038956537,0.1792511349740645,-0.0365240950176182,0.04793785836158796,0.01434865507689984,0.00688329290041589,-0.002282761388279776,M01,HELD_STOW_QSPACE_ONLY,NON_RELEASE_DIAGNOSTIC_CANDIDATE,false
898,8.98,-1.267910373425532,-2.156110778848917,-2.013393067886217,-1.022952678573742,-0.5119681086065385,-0.00385724538653081,-0.3140413544926484,0.06398886273501472,-0.08398535369680096,-0.02513831265921644,-0.01205927441479799,0.003999313468573706,0.1792967750223169,-0.03653339460425246,0.04795006406488272,0.0143523084613549,0.006885045490825742,-0.002283342613831988,M01,HELD_STOW_QSPACE_ONLY,NON_RELEASE_DIAGNOSTIC_CANDIDATE,false
899,8.99,-1.271041821430436,-2.155472717034187,-2.014230523732438,-1.023203344028776,-0.5120883570714829,-0.003817366427906442,-0.3122481783438239,0.06362348632580833,-0.08350579732326857,-0.02499477289275789,-0.0119904159573261,0.003976477388481309,0.1793376612054983,-0.03654172554642272,0.04796099842275207,0.01435558130947363,0.006886615531508933,-0.002283863298960671,M01,HELD_STOW_QSPACE_ONLY,NON_RELEASE_DIAGNOSTIC_CANDIDATE,false
900,9,-1.27415533570896,-2.154838309383915,-2.015063183489445,-1.02345257392886,-0.5122079168764003,-0.003777715855105883,-0.3104546171638151,0.06325803146289752,-0.08302613797928424,-0.02485120230540854,-0.0119215427145508,0.003953636405020678,0.1793737788057599,-0.0365490848452297,0.04797065749914203,0.01435847244312495,0.006888002457296025,-0.002284323256234171,M01,HELD_STOW_QSPACE_ONLY,NON_RELEASE_DIAGNOSTIC_CANDIDATE,false
901,9.01,-1.277250912649457,-2.154207556634007,-2.01589104619136,-1.02370036798489,-0.5123267878826023,-0.00373829371412341,-0.3086607187120424,0.06289250787771083,-0.08254638843734359,-0.02470760472020388,-0.01185265652044698,0.003930791126407553,0.1794051131052529,-0.03655546950177404,0.04797903735799856,0.01436098068417773,0.006889205703017569,-0.002284722298220833,M01,HELD_STOW_QSPACE_ONLY,NON_RELEASE_DIAGNOSTIC_CANDIDATE,false
902,9.02,-1.28032854911863,-2.153580459422901,-2.016714111000232,-1.023946725946053,-0.5124449699697694,-0.003699100044861535,-0.3068665308951042,0.06252692533166568,-0.08206656150930258,-0.02456398397196066,-0.01178375921464119,0.003907942162731976,0.17943164938613,-0.03656087651715673,0.04798613406326802,0.01436310485450103,0.006890224703504183,-0.00228506023748902,M01,HELD_STOW_QSPACE_ONLY,NON_RELEASE_DIAGNOSTIC_CANDIDATE,false
903,9.029999999999999,-1.283388242462967,-2.152957018291276,-2.017532377206424,-1.02419164759994,-0.5125624630360062,-0.003660134881112706,-0.3050721017667763,0.06216129361616823,-0.08158667004637746,-0.02442034390727686,-0.01171485264241164,0.003885090125958294,0.1794533729305417,-0.03656530289247831,0.04799194367889625,0.01436484377596369,0.006891058893586399,-0.002285336886607068,M01,HELD_STOW_QSPACE_ONLY,NON_RELEASE_DIAGNOSTIC_CANDIDATE,false
904,9.040000000000001,-1.286429990510253,-2.15233723368174,-2.018345844229009,-1.02443513277267,-0.5126792669978989,-0.003621398250540045,-0.3032774795280072,0.06179562255261252,-0.08110672693914348,-0.02427668838453131,-0.01164593865468802,0.003862235629925099,0.1794702690206396,-0.0365687456288395,0.04799646226882927,0.01436619627043463,0.006891707708094782,-0.002285552058143325,M01,HELD_STOW_QSPACE_ONLY,NON_RELEASE_DIAGNOSTIC_CANDIDATE,false
905,9.050000000000001,-1.289453791570973,-2.151721105938549,-2.019154511616156,-1.024677181329003,-0.5127953817905697,-0.003582890174659514,-0.3014827125269381,0.06142992199238446,-0.08062674511754024,-0.0241330212738853,-0.01157701910805225,0.003839379290345482,0.1794823229385759,-0.03657120172734121,0.04799968589701335,0.01436716115978285,0.006892170581859932,-0.002285705564666151,M01,HELD_STOW_QSPACE_ONLY,NON_RELEASE_DIAGNOSTIC_CANDIDATE,false
906,9.06,-1.292459644439883,-2.151108635307281,-2.019958379045538,-1.02491779317246,-0.512910807367737,-0.003544610668819906,-0.2996878492588704,0.06106420181685518,-0.08014673755086292,-0.02398934645727994,-0.01150809586473725,0.003816521724806611,0.1794895199665005,-0.03657266818908384,0.04800161062739413,0.01436773726587715,0.006892446949712358,-0.002285797218743873,M01,HELD_STOW_QSPACE_ONLY,NON_RELEASE_DIAGNOSTIC_CANDIDATE,false
907,9.07,-1.295447548397391,-2.15049982193456,-2.020757446324715,-1.02515696824544,-0.5130255437017681,-0.003506559742185188,-0.2978929383663001,0.06069847193738814,-0.07966671724777165,-0.02384566782843897,-0.01143917079262825,0.003793663552770183,0.1794918453865664,-0.03657314201516844,0.04800223252391807,0.01436792341058658,0.006892536246482684,-0.002285826832944859,M01,HELD_STOW_QSPACE_ONLY,NON_RELEASE_DIAGNOSTIC_CANDIDATE,false
908,9.08,-1.298417503211077,-2.149894665867745,-2.021551713391528,-1.025394706529338,-0.5131395907837381,-0.003468737397715242,-0.2960980286388914,0.06033274229533366,-0.07918669725628426,-0.0237019892928666,-0.01137024576526177,0.003770805395572075,0.1794892844809239,-0.03657262020669546,0.04800154765053086,0.01436771841577997,0.006892437907001427,-0.00228579421983744,M01,HELD_STOW_QSPACE_ONLY,NON_RELEASE_DIAGNOSTIC_CANDIDATE,false
909,9.09,-1.301369509137156,-2.149293167054628,-2.022341180314499,-1.025631008044664,-0.5132529486234857,-0.003431143632147172,-0.2943031690134925,0.05996702286203221,-0.07870669066378064,-0.02355831476784878,-0.01130132266182625,0.003747947876422554,0.1794818225317259,-0.03657109976476598,0.047999552071179,0.01436712110332636,0.006892151366099217,-0.002285699191989986,M01,HELD_STOW_QSPACE_ONLY,NON_RELEASE_DIAGNOSTIC_CANDIDATE,false
910,9.1,-1.304303566921948,-2.148695325343141,-2.023125847293218,-1.025865872851159,-0.5133656172496698,-0.003393778435976588,-0.2925084085741305,0.05960132363881333,-0.07822671059700134,-0.02341464818245284,-0.01123240336716184,0.00372509162040621,0.179469444821123,-0.03656857769048049,0.04799624184980825,0.01436613029509461,0.006891676058606582,-0.00228554156197083,M01,HELD_STOW_QSPACE_ONLY,NON_RELEASE_DIAGNOSTIC_CANDIDATE,false
911,9.109999999999999,-1.307219677803348,-2.14810114048105,-2.023905714658741,-1.026099301047914,-0.513477596709826,-0.003356641793438919,-0.2907137965520007,0.05923565465699341,-0.07774677022204467,-0.02327099347752657,-0.01116348977175998,0.003702237254481813,0.1794521366312663,-0.03656505098493969,0.04799161305036458,0.01436474481295362,0.006891011419354079,-0.002285321142348318,M01,HELD_STOW_QSPACE_ONLY,NON_RELEASE_DIAGNOSTIC_CANDIDATE,false
912,9.120000000000001,-1.310117843512292,-2.147510612115662,-2.024680782873979,-1.026331292773486,-0.5135888870704224,-0.003319733682490722,-0.2889193823254938,0.05887002597788137,-0.07726688274437402,-0.02312735460570044,-0.01109458377176445,0.003679385407482672,0.1794298832443082,-0.03656051664924446,0.04798566173679426,0.01436296347877238,0.006890156883172307,-0.002285037745690808,M01,HELD_STOW_QSPACE_ONLY,NON_RELEASE_DIAGNOSTIC_CANDIDATE,false
913,9.130000000000001,-1.312998066274249,-2.146923739793515,-2.025451052534098,-1.026561848206018,-0.513699488416918,-0.00328305407479066,-0.2871252154201636,0.05850444769277189,-0.0767870614088092,-0.02298373553138497,-0.01102568726897016,0.00365653671011621,0.1794026699423992,-0.03655497168449536,0.04797838397304312,0.01436078511441975,0.006889111884891798,-0.002284691184566637,M01,HELD_STOW_QSPACE_ONLY,NON_RELEASE_DIAGNOSTIC_CANDIDATE,false
914,9.140000000000001,-1.315860348810656,-2.146340522960092,-2.026216524366904,-1.026790967563358,-0.5138094008538167,-0.003246602935681256,-0.2853313455087543,0.05813892992295112,-0.0763073194995337,-0.02284014023077298,-0.01095680217082415,0.003633691794964322,0.1793704820076919,-0.03654841309179333,0.0479697758230575,0.01435820854176475,0.006887875859343163,-0.002284281271544168,M01,HELD_STOW_QSPACE_ONLY,NON_RELEASE_DIAGNOSTIC_CANDIDATE,false
915,9.15,-1.318704694340449,-2.145760960959505,-2.02697719923325,-1.027018651103171,-0.5139186245047263,-0.003210380224169404,-0.2835378224111813,0.05777348281969274,-0.07582767034008972,-0.022696572691838,-0.01088793039042486,0.003610851296483127,0.1793333047223374,-0.03654083787223905,0.04795983335078335,0.01435523258267627,0.006886448241356955,-0.002283807819191744,M01,HELD_STOW_QSPACE_ONLY,NON_RELEASE_DIAGNOSTIC_CANDIDATE,false
916,9.16,-1.321531106581469,-2.145185053034209,-2.027733078127412,-1.027244899123064,-0.514027159512413,-0.00317438589290843,-0.2817446960945363,0.05740811656425895,-0.07534812729337932,-0.02255303691433471,-0.01081907384652238,0.003588015851003032,0.1792911233684862,-0.03653224302693302,0.04794855262016643,0.01435185605902315,0.006884828465763703,-0.002283270640077699,M01,HELD_STOW_QSPACE_ONLY,NON_RELEASE_DIAGNOSTIC_CANDIDATE,false
917,9.17,-1.324339589751972,-2.144612798324694,-2.028484162177496,-1.0274697119607,-0.514135006038859,-0.003138619888178887,-0.279952016673098,0.05704284136790263,-0.07486870376166734,-0.02240953690979975,-0.01075023446351879,0.003565186096728866,0.1792439232282909,-0.0365226255569762,0.0479359296951531,0.01434807779267442,0.006883015967394014,-0.002282669546770396,M01,HELD_STOW_QSPACE_ONLY,NON_RELEASE_DIAGNOSTIC_CANDIDATE,false
918,9.18,-1.327130148572105,-2.144044195869186,-2.02923045264583,-1.027693089993914,-0.5142421642653192,-0.003103082149869762,-0.2781598344083165,0.05667766747186433,-0.07438941318657741,-0.02226607670155054,-0.01068141417146761,0.003542362673739691,0.1791916895839023,-0.03651198246346919,0.04792196063968925,0.01434389660549895,0.006881010181078436,-0.002282004351838176,M01,HELD_STOW_QSPACE_ONLY,NON_RELEASE_DIAGNOSTIC_CANDIDATE,false
919,9.19,-1.329902788265343,-2.143479244603354,-2.029971950929349,-1.027915033640834,-0.5143486343923767,-0.003067772611460136,-0.2763681997088251,0.05631260514737441,-0.0739102690490948,-0.02212266032468616,-0.01061261490607421,0.003519546223988937,0.1791344077174719,-0.03650031074751274,0.04790664151772094,0.01433931131936568,0.006878810541647535,-0.002281274867849387,M01,HELD_STOW_QSPACE_ONLY,NON_RELEASE_DIAGNOSTIC_CANDIDATE,false
920,9.200000000000001,-1.332657514560001,-2.14291794336,-2.03070865856,-1.02813554336,-0.5144544166400001,-0.003032691199999972,-0.2745771631304344,0.0559476646956521,-0.07343128486956511,-0.02197929182608693,-0.01054383860869564,0.003496737391304343,0.1790720629111533,-0.03648760741020797,0.04788996839319475,0.01433432075614368,0.006876416483931955,-0.002280480907372403,M01,HELD_STOW_QSPACE_ONLY,NON_RELEASE_DIAGNOSTIC_CANDIDATE,false
921,9.210000000000001,-1.335394333690676,-2.142360290868766,-2.031440577205127,-1.028354619650477,-0.5145595112475998,-0.002997837836091775,-0.2727867753761309,0.05558285644790504,-0.07295247420769377,-0.02183597526441427,-0.01047508722634054,0.003473936821387928,0.1790046404470953,-0.03647386945265511,0.04787193733005605,0.0143289237377017,0.006873827442762169,-0.002279622282975539,M01,HELD_STOW_QSPACE_ONLY,NON_RELEASE_DIAGNOSTIC_CANDIDATE,false
922,9.220000000000001,-1.338113252399754,-2.141806285755828,-2.032167708667872,-1.028572263051978,-0.5146639184740852,-0.002963212433871293,-0.2709970872960764,0.05521819076532921,-0.07247385066254584,-0.02169271471011063,-0.01040636271166909,0.003451145161815986,0.1789321256074493,-0.03645909387595485,0.04785254439225084,0.01432311908590862,0.006871042852968734,-0.002278698807227141,M01,HELD_STOW_QSPACE_ONLY,NON_RELEASE_DIAGNOSTIC_CANDIDATE,false
923,9.23,-1.340814277938827,-2.141255926543606,-2.032890054887559,-1.028788474144977,-0.5147676385979194,-0.00292881490098959,-0.269208149887626,0.05485367803911262,-0.07199542787255096,-0.02154951424540098,-0.01033766702299378,0.00342836306203932,0.1788545036743694,-0.03644327768120847,0.04783178564372591,0.01431690562263361,0.006868062149382326,-0.002277710292695594,M01,HELD_STOW_QSPACE_ONLY,NON_RELEASE_DIAGNOSTIC_CANDIDATE,false
924,9.24,-1.343497418070213,-2.140709211650456,-2.033607617940096,-1.02900325355083,-0.5148706719171777,-0.002894645138593617,-0.267420014295296,0.05448932869042875,-0.07151721951549464,-0.02140637796429022,-0.01026900212427809,0.003405591173382826,0.1787717599300042,-0.03642641786951609,0.04780965714842651,0.01431028216974536,0.006864884766833394,-0.002276656551949205,M01,HELD_STOW_QSPACE_ONLY,NON_RELEASE_DIAGNOSTIC_CANDIDATE,false
925,9.25,-1.346162681068405,-2.140166139390373,-2.034320400038363,-1.029216601931893,-0.5149730187496028,-0.002860703041307797,-0.26563273181079,0.05412515317044184,-0.07103923930852528,-0.02126330997256524,-0.01020036998513756,0.003382830149045828,0.178683879656507,-0.03640851144197883,0.04778615497029919,0.01430324754911293,0.006861510140152579,-0.002275537397556348,M01,HELD_STOW_QSPACE_ONLY,NON_RELEASE_DIAGNOSTIC_CANDIDATE,false
926,9.26,-1.348810075721566,-2.139626707972686,-2.035028403532617,-1.029428519991637,-0.5150746794326626,-0.002826988497214959,-0.2638463538729885,0.05376116196030486,-0.07056150100815142,-0.02112031438779416,-0.01013177258083935,0.003360080644101951,0.1785908481360282,-0.03638955539969718,0.04776127517328969,0.01429580058260517,0.006857937704170406,-0.002274352642085356,M01,HELD_STOW_QSPACE_ONLY,NON_RELEASE_DIAGNOSTIC_CANDIDATE,false
927,9.27,-1.351439611332959,-2.139090915501767,-2.035731630910864,-1.029639008474768,-0.5151756543236049,-0.002793501387838147,-0.2620609320679504,0.05339736557115968,-0.07008401841024212,-0.02097739533932635,-0.01006321189230232,0.003337343315499131,0.1784926506507205,-0.03636954674377214,0.04773501382134441,0.0142879400920911,0.006854166893717491,-0.002273102098104594,M01,HELD_STOW_QSPACE_ONLY,NON_RELEASE_DIAGNOSTIC_CANDIDATE,false
928,9.279999999999999,-1.354051297722461,-2.138558759976726,-2.036430084799276,-1.029848068167347,-0.5152759437995157,-0.002760241588121326,-0.2602765181289179,0.05303377454413819,-0.06960680535002824,-0.02083455696829292,-0.009994689906097195,0.003314618822059683,0.1783892724827339,-0.03634848247530411,0.04770736697840899,0.01427966489943954,0.006850197143624341,-0.002271785578182391,M01,HELD_STOW_QSPACE_ONLY,NON_RELEASE_DIAGNOSTIC_CANDIDATE,false
929,9.290000000000001,-1.356645145228014,-2.138030239291109,-2.037123767962569,-1.030055699896901,-0.5153755482573749,-0.002727208966410898,-0.2584931639362981,0.05267039945035853,-0.0691298757020976,-0.02069180342760518,-0.009926208614445889,0.003291907824480068,0.1782806989142215,-0.03632635959539419,0.04767833070842994,0.01427097382651954,0.006846027888721592,-0.002270402894887115,M01,HELD_STOW_QSPACE_ONLY,NON_RELEASE_DIAGNOSTIC_CANDIDATE,false
930,9.300000000000001,-1.359221164707091,-2.137505351232606,-2.037812683304403,-1.030261904532548,-0.5154744681141123,-0.002694403384437064,-0.2567109215176913,0.05230725089093075,-0.06865324338040239,-0.02054913888195692,-0.009857770015222561,0.003269210985331246,0.1781669152273328,-0.03630317510514269,0.04764790107535276,0.01426186569519987,0.006841658563839731,-0.00226895386078709,M01,HELD_STOW_QSPACE_ONLY,NON_RELEASE_DIAGNOSTIC_CANDIDATE,false
931,9.31,-1.361779367538177,-2.136984093482743,-2.03849683386777,-1.03046668298511,-0.5155727038066651,-0.002661824697294944,-0.2549298430478725,0.05194433949695322,-0.06817692233825447,-0.02040656750782297,-0.009789376111952935,0.003246528969058452,0.178047906704222,-0.03627892600565087,0.04761607414312421,0.01425233932734967,0.006837088603809428,-0.002267438288450698,M01,HELD_STOW_QSPACE_ONLY,NON_RELEASE_DIAGNOSTIC_CANDIDATE,false
932,9.32,-1.364319765622257,-2.136466463616584,-2.039176222835401,-1.030670036207235,-0.5156702557920342,-0.002629472753425594,-0.2531499808487891,0.05158167592951195,-0.06770092656832447,-0.02026409349345896,-0.009721028913814177,0.003223862441981151,0.1779236586270379,-0.03625360929801896,0.04758284597568968,0.01424239354483766,0.006832317443461154,-0.002265855990446254,M01,HELD_STOW_QSPACE_ONLY,NON_RELEASE_DIAGNOSTIC_CANDIDATE,false
933,9.33,-1.366842371384266,-2.135952459102431,-2.039850853530146,-1.030871965193511,-0.5157671245473405,-0.002597347394597604,-0.2513713873895728,0.05121927087968323,-0.0672252701026452,-0.02012172103890229,-0.009652730435635385,0.003201212072293208,0.1777941562779335,-0.03622722198334796,0.04754821263699557,0.01423202716953289,0.006827344517625529,-0.002264206779342124,M01,HELD_STOW_QSPACE_ONLY,NON_RELEASE_DIAGNOSTIC_CANDIDATE,false
934,9.34,-1.369347197774556,-2.13544207730153,-2.040520729415369,-1.031072470980584,-0.5158633105698811,-0.002565448455888367,-0.2495941152865299,0.05085713506853149,-0.06674996701260898,-0.0199794543559714,-0.009584482697897197,0.003178578530062749,0.1776593849390594,-0.03619976106273845,0.04751217019098773,0.01422123902330422,0.006822169261133091,-0.002262490467706647,M01,HELD_STOW_QSPACE_ONLY,NON_RELEASE_DIAGNOSTIC_CANDIDATE,false
935,9.35,-1.371834258270382,-2.134935315467764,-2.041185854095349,-1.03127155464728,-0.5159588143771865,-0.002533775765665186,-0.2478182173031482,0.05049527924711081,-0.06627503140896944,-0.01983729766826622,-0.009516287726732062,0.003155962487232258,0.1775193298925674,-0.0361712235372912,0.04747471470161227,0.01421002792802059,0.006816791108814417,-0.002260706868108173,M01,HELD_STOW_QSPACE_ONLY,NON_RELEASE_DIAGNOSTIC_CANDIDATE,false
936,9.359999999999999,-1.374303566877373,-2.134432170747355,-2.041846231315667,-1.031469217314717,-0.5160536365070765,-0.002502329145566515,-0.2460437463500969,0.05013371419646483,-0.06580047744184152,-0.01969525521116828,-0.009448147553924233,0.00313336461761857,0.1773739764206098,-0.03614160640810711,0.04743584223281547,0.014198392705551,0.006811209495500105,-0.002258855793115062,M01,HELD_STOW_QSPACE_ONLY,NON_RELEASE_DIAGNOSTIC_CANDIDATE,false
937,9.370000000000001,-1.376755138130993,-2.133932640178566,-2.042501864963601,-1.031665460146428,-0.5161477775177169,-0.002471108410483362,-0.2442707554852142,0.04977245072762422,-0.06532631930069817,-0.01955333123183963,-0.009380064216909295,0.003110785596912717,0.1772233098053375,-0.03611090667628682,0.04739554884854325,0.01418633217776433,0.006805423856020705,-0.002256937055295655,M01,HELD_STOW_QSPACE_ONLY,NON_RELEASE_DIAGNOSTIC_CANDIDATE,false
938,9.380000000000001,-1.379188987098031,-2.133436720691398,-2.043152759068524,-1.031860284348475,-0.5162412379876766,-0.002440113368540317,-0.2424992979135289,0.0494114996816112,-0.06485257121437618,-0.01941152998922462,-0.009312039758774995,0.003088226102680204,0.1770673153289021,-0.03607912134293105,0.04735383061274166,0.01417384516652953,0.006799433625206784,-0.002254950467218301,M01,HELD_STOW_QSPACE_ONLY,NON_RELEASE_DIAGNOSTIC_CANDIDATE,false
939,9.390000000000001,-1.381605129378071,-2.13294440910729,-2.043798917802296,-1.032053691169569,-0.516334018515984,-0.002409343821076847,-0.2407294269872314,0.04905087192943342,-0.06437924745106824,-0.01926985575404752,-0.009244076228260118,0.003065686814360632,0.1769059782734537,-0.03604624740914025,0.04731068358935639,0.01416093049371539,0.006793238237888857,-0.00225289584145133,M01,HELD_STOW_QSPACE_ONLY,NON_RELEASE_DIAGNOSTIC_CANDIDATE,false
940,9.4,-1.384003581104915,-2.132455702138829,-2.044440345479645,-1.032245681901188,-0.5164261197221816,-0.002378799562629139,-0.2389611962057136,0.04869057837209233,-0.06390636231833384,-0.01912831280881581,-0.009176175679756034,0.003043168413268216,0.1767392839211458,-0.0360122818760156,0.04726610384233405,0.01414758698119103,0.006786837128897574,-0.002250772990563118,M01,HELD_STOW_QSPACE_ONLY,NON_RELEASE_DIAGNOSTIC_CANDIDATE,false
941,9.41,-1.386384358948134,-2.131970596389433,-2.045077046558581,-1.032436257877691,-0.5165175422463852,-0.002348480380910373,-0.237194659215526,0.04833062994057426,-0.06343393016308768,-0.01898690544781665,-0.009108340173305047,0.003020671582591236,0.1765672175541287,-0.03597722174465755,0.04722008743562034,0.01413381345082525,0.006780229733063451,-0.002248581727121996,M01,HELD_STOW_QSPACE_ONLY,NON_RELEASE_DIAGNOSTIC_CANDIDATE,false
942,9.42,-1.388747480114493,-2.131489088353064,-2.045709025640781,-1.032625420476444,-0.5166082867493396,-0.002318386056792583,-0.235429869810404,0.04797103759585584,-0.06296196537160666,-0.01884563797711904,-0.009040571774601387,0.002998197007392363,0.1763897644545546,-0.03594106401616701,0.04717263043316154,0.01411960872448707,0.006773415485217089,-0.002246321863696324,M01,HELD_STOW_QSPACE_ONLY,NON_RELEASE_DIAGNOSTIC_CANDIDATE,false
943,9.43,-1.391092962349413,-2.131011174413926,-2.046336287471974,-1.032813171117926,-0.5166983539124737,-0.002288516364288007,-0.2336668819312705,0.04761181232890455,-0.06249048236953068,-0.018704514714574,-0.008972872554991344,0.002975745374608708,0.176206909904575,-0.03590380569164469,0.04712372889890369,0.0141049716240454,0.006766393820189053,-0.002243993212854447,M01,HELD_STOW_QSPACE_ONLY,NON_RELEASE_DIAGNOSTIC_CANDIDATE,false
944,9.44,-1.393420823938479,-2.130536850846161,-2.046958836942348,-1.03299951126586,-0.5167877444379589,-0.002258871070529911,-0.2319057496662099,0.04725296516067336,-0.06201949562185562,-0.0185635399898125,-0.008905244591472234,0.002953317373051474,0.1760186391863401,-0.03586544377219105,0.04707337889679248,0.01408990097136907,0.006759164172809858,-0.002241595587164698,M01,HELD_STOW_QSPACE_ONLY,NON_RELEASE_DIAGNOSTIC_CANDIDATE,false
945,9.450000000000001,-1.395731083708886,-2.130066113813551,-2.047576679086936,-1.033184442427319,-0.5168764590487649,-0.002229449935754142,-0.2301465272504959,0.04689450714210654,-0.06154901963294081,-0.01842271814424772,-0.008837689966693494,0.002930913693406327,0.1758249375820025,-0.03582597525890709,0.0470215764907743,0.01407439558832709,0.006751725977910124,-0.002239128799195442,M01,HELD_STOW_QSPACE_ONLY,NON_RELEASE_DIAGNOSTIC_CANDIDATE,false
946,9.460000000000001,-1.398023761030911,-2.129598959369221,-2.04818981908601,-1.033367966152851,-0.5169644984887156,-0.002200252713280434,-0.2283892690665811,0.04653644935413726,-0.06107906894650615,-0.01828205353107413,-0.008770210768956257,0.002908535028233245,0.1756257903737138,-0.03578539715289351,0.04696831774479519,0.0140584542967884,0.006744078670320413,-0.002236592661515025,M01,HELD_STOW_QSPACE_ONLY,NON_RELEASE_DIAGNOSTIC_CANDIDATE,false
947,9.470000000000001,-1.400298875819401,-2.129135383455334,-2.048798262265479,-1.033550084036596,-0.5170518635225465,-0.002171279149493402,-0.226634029644097,0.04617880290768796,-0.06060965814563233,-0.01814155051526759,-0.008702809092213385,0.002886182071966536,0.175421182843625,-0.03574370645525098,0.04691359872280109,0.01404207591862189,0.006736221684871277,-0.002233986986691791,M01,HELD_STOW_QSPACE_ONLY,NON_RELEASE_DIAGNOSTIC_CANDIDATE,false
948,9.48,-1.402556448535238,-2.128675381902795,-2.049402014097279,-1.033730797716403,-0.5171385549359613,-0.002142528983823909,-0.2248808636598418,0.04582157894366755,-0.0601408018527573,-0.0180012134735843,-0.008635487036068966,0.002863855520914671,0.1752111002738878,-0.03570090016708028,0.04685741548873815,0.01402525927569652,0.0067281544563933,-0.002231311587294092,M01,HELD_STOW_QSPACE_ONLY,NON_RELEASE_DIAGNOSTIC_CANDIDATE,false
949,9.49,-1.404796500186795,-2.128218950430952,-2.050001080199764,-1.033910108873943,-0.5172245735356871,-0.002114001948730571,-0.2231298259378101,0.04546478863297763,-0.05967251472968444,-0.01786104679456323,-0.008568246705779485,0.002841556073260666,0.1749955279466535,-0.03565697528948206,0.04679976410655227,0.01400800318988117,0.006719876419717028,-0.00222856627589027,M01,HELD_STOW_QSPACE_ONLY,NON_RELEASE_DIAGNOSTIC_CANDIDATE,false
950,9.5,-1.407019052331424,-2.127766084647291,-2.050595466338105,-1.034088019234836,-0.5173099201495321,-0.002085697769680706,-0.2213809714491587,0.04510844317650543,-0.05920481147757321,-0.01772105487852332,-0.008501090212252475,0.002819284429061643,0.1747744511440733,-0.03561192882355704,0.04674064064018953,0.01399030648304478,0.006711387009673029,-0.002225750865048673,M01,HELD_STOW_QSPACE_ONLY,NON_RELEASE_DIAGNOSTIC_CANDIDATE,false
951,9.51,-1.409224127076937,-2.127316780047141,-2.051185178424684,-1.034264530568762,-0.5173945956264426,-0.002057616165131559,-0.2196343553122363,0.04475255380512996,-0.05873770683694728,-0.01758124213756593,-0.008434019672047698,0.002797041290249218,0.1745478551482996,-0.03556575777040612,0.0466800411535962,0.01397216797705633,0.006702685661091904,-0.002222865167337661,M01,HELD_STOW_QSPACE_ONLY,NON_RELEASE_DIAGNOSTIC_CANDIDATE,false
952,9.52,-1.411411747083043,-2.126871032013372,-2.051770222519477,-1.034439644689582,-0.5174786008365575,-0.002029756846511965,-0.2178900327925649,0.04439713177971814,-0.05827121558768945,-0.0174416129955733,-0.008367037207376403,0.002774827360629253,0.1743157252414834,-0.03551845913112994,0.04661796171071818,0.01395358649378471,0.006693771808804201,-0.002219908995325575,M01,HELD_STOW_QSPACE_ONLY,NON_RELEASE_DIAGNOSTIC_CANDIDATE,false
953,9.529999999999999,-1.413581935562866,-2.126428835816095,-2.052350604830467,-1.034613363455454,-0.5175619366712674,-0.002002119518203005,-0.2161480593028392,0.04404218839112471,-0.05780535254904149,-0.01730217188820852,-0.008300144946101312,0.002752643345881853,0.1740780467057762,-0.03547002990682922,0.04655439837550152,0.01393456085509886,0.006684644887640486,-0.002216882161580764,M01,HELD_STOW_QSPACE_ONLY,NON_RELEASE_DIAGNOSTIC_CANDIDATE,false
954,9.540000000000001,-1.415734716284382,-2.125990186612361,-2.052926331714018,-1.034785688768952,-0.5176446040432686,-0.001974703877519787,-0.214408490402939,0.04368773496019474,-0.05734013257960753,-0.01716292326291652,-0.0082333450217371,0.002730489953561526,0.173834804823329,-0.03542046709860459,0.04648934721189217,0.01391508988286766,0.00667530433243131,-0.002213784478671568,M01,HELD_STOW_QSPACE_ONLY,NON_RELEASE_DIAGNOSTIC_CANDIDATE,false
955,9.550000000000001,-1.417870113571901,-2.125555079445865,-2.053497409675279,-1.034956622577182,-0.5177266038866217,-0.001947509614692436,-0.2126713817999201,0.0433337828377618,-0.05687557057735151,-0.01702387157892333,-0.008166639573450027,0.002708367893097061,0.1735859848762941,-0.03536976770755695,0.04642280428383638,0.01389517239896011,0.006665749578007272,-0.002210615759166349,M01,HELD_STOW_QSPACE_ONLY,NON_RELEASE_DIAGNOSTIC_CANDIDATE,false
956,9.56,-1.419988152307535,-2.125123509246645,-2.054063845368576,-1.035126166871903,-0.5178079371568067,-0.001920536412847514,-0.2109367893480196,0.04298034340464901,-0.05641168147959869,-0.01688502130723654,-0.008100030746058171,0.002686277875791603,0.173331572146822,-0.03531792873478685,0.04635476565527995,0.01387480722524506,0.006655980059198903,-0.00220737581563344,M01,HELD_STOW_QSPACE_ONLY,NON_RELEASE_DIAGNOSTIC_CANDIDATE,false
957,9.57,-1.422088857932687,-2.124695470830775,-2.054625645597804,-1.035294323689643,-0.5178886048307803,-0.001893783947989024,-0.2092047690486535,0.04262742807166858,-0.05594848026303501,-0.01674637693064507,-0.008033520690031314,0.002664220614822618,0.173071551917066,-0.03526494718139539,0.04628522739016943,0.01385399318359157,0.00664599521083684,-0.002204064460641214,M01,HELD_STOW_QSPACE_ONLY,NON_RELEASE_DIAGNOSTIC_CANDIDATE,false
958,9.58,-1.424172256449491,-2.124270958900079,-2.055182817316822,-1.035461095111814,-0.5179686079070315,-0.001867251888980029,-0.2074753770504067,0.04227504827961977,-0.05548598194370435,-0.01660794294371838,-0.007967111561490563,0.002642196825241765,0.1728059094691749,-0.03521082004848272,0.04621418555245013,0.01383272909586837,0.006635794467751545,-0.002200681506757984,M01,HELD_STOW_QSPACE_ONLY,NON_RELEASE_DIAGNOSTIC_CANDIDATE,false
959,9.59,-1.42623837442233,-2.123849968041815,-2.055735367629848,-1.035626483264836,-0.5180479474056401,-0.00184093989752341,-0.2057486696490538,0.04192321549929309,-0.05502420157701414,-0.01646972385280815,-0.00790080552220915,0.002620207223975165,0.1725346300853023,-0.03515554433715003,0.04614163620606866,0.01381101378394454,0.006625377264773669,-0.002197226766552125,M01,HELD_STOW_QSPACE_ONLY,NON_RELEASE_DIAGNOSTIC_CANDIDATE,false
960,9.6,-1.428287238979263,-2.123432492728387,-2.056283303791851,-1.03579049032025,-0.5181266243683309,-0.001814847628143594,-0.2040247032875432,0.04157194123146712,-0.05456315425773109,-0.01633172417604698,-0.007834604739611827,0.002598252529823192,0.1722576990475988,-0.03509911704849786,0.04606757541497086,0.01378884606968895,0.006614743036733746,-0.002193700052591975,M01,HELD_STOW_QSPACE_ONLY,NON_RELEASE_DIAGNOSTIC_CANDIDATE,false
961,9.609999999999999,-1.430318877813503,-2.123018527317043,-2.056826633208938,-1.035953118494836,-0.518204639858531,-0.001788974728167796,-0.2023035345560061,0.04122123700691026,-0.0541028551199836,-0.01619394844334914,-0.007768511386775197,0.002576333463460595,0.1719751016382163,-0.03504153518362703,0.04599199924310288,0.01376622477497055,0.006603891218462358,-0.002190101177445887,M01,HELD_STOW_QSPACE_ONLY,NON_RELEASE_DIAGNOSTIC_CANDIDATE,false
962,9.620000000000001,-1.432333319184923,-2.122608066049572,-2.057365363438763,-1.036114370050734,-0.5182819949614274,-0.001763320837706812,-0.2005852201917469,0.04087111438637889,-0.05364331933725922,-0.01605640119640978,-0.00770252764242736,0.00255445074743637,0.1716868231393062,-0.03498279574363826,0.04591490375441076,0.01374314872165828,0.006592821244790072,-0.002186429953682208,M01,HELD_STOW_QSPACE_ONLY,NON_RELEASE_DIAGNOSTIC_CANDIDATE,false
963,9.630000000000001,-1.434330591921495,-2.122201103052003,-2.057899502190906,-1.03627424729556,-0.518358690784022,-0.001737885589636709,-0.1988698170792438,0.0405215849606174,-0.05318456212240478,-0.015919086988705,-0.007636655690947933,0.002532605106173772,0.1713928488330191,-0.03492289572963209,0.0458362850128403,0.01371961673162098,0.006581532550547419,-0.002182686193869275,M01,HELD_STOW_QSPACE_ONLY,NON_RELEASE_DIAGNOSTIC_CANDIDATE,false
964,9.640000000000001,-1.43631072542077,-2.121797632334311,-2.058429057327273,-1.036432752582522,-0.5184347284551887,-0.001712668609580012,-0.1971573822501693,0.04017266035036237,-0.05272659872763184,-0.01578201038549344,-0.007570897722368827,0.002510797265970571,0.1710931640015082,-0.0348618321427096,0.04575613908233803,0.01369562762672772,0.006570024570565034,-0.002178869710575458,M01,HELD_STOW_QSPACE_ONLY,NON_RELEASE_DIAGNOSTIC_CANDIDATE,false
965,9.65,-1.438273749651356,-2.121397647790112,-2.058954036862493,-1.03658988831054,-0.5185101091257306,-0.001687669515886753,-0.1954479728833594,0.03982435220633637,-0.05226944444450855,-0.01564517596381391,-0.00750525593237308,0.002489027954998666,0.1707877539269236,-0.03479960198397125,0.04567446202684961,0.01367118022884732,0.006558296739673432,-0.002174980316369088,M01,HELD_STOW_QSPACE_ONLY,NON_RELEASE_DIAGNOSTIC_CANDIDATE,false
966,9.66,-1.440219695154377,-2.121001143196366,-2.0594744489643,-1.036745656924364,-0.5185848339684351,-0.001662887919616045,-0.1937416463048343,0.03947667220925209,-0.05181311460396509,-0.01550858831248693,-0.007439732522295637,0.002467297903304342,0.1704766038914173,-0.03473620225451787,0.04559124991032123,0.01364627335984874,0.006546348492703197,-0.002171017823818519,M01,HELD_STOW_QSPACE_ONLY,NON_RELEASE_DIAGNOSTIC_CANDIDATE,false
967,9.67,-1.442148593044975,-2.120608112213071,-2.059990301953944,-1.036900060914692,-0.5186589041781322,-0.00163832342451687,-0.1920384599877937,0.03912963206981141,-0.05135762457629247,-0.01537225203211444,-0.00737432969912318,0.002445607842808216,0.1701596991771414,-0.03467162995545032,0.04550649879669914,0.01362090584160097,0.006534179264484928,-0.002166982045492109,M01,HELD_STOW_QSPACE_ONLY,NON_RELEASE_DIAGNOSTIC_CANDIDATE,false
968,9.68,-1.444060475013724,-2.120218548382978,-2.060501604306563,-1.037053102818283,-0.5187323209717488,-0.001613975627010093,-0.1903384715526156,0.03878324352870521,-0.05090298977114216,-0.01523617173507967,-0.007309049675494077,0.002423958507305218,0.1698370250662458,-0.034605882087869,0.04542020474992894,0.0135950764959728,0.006521788489849125,-0.002162872793958184,M01,HELD_STOW_QSPACE_ONLY,NON_RELEASE_DIAGNOSTIC_CANDIDATE,false
969,9.69,-1.445955373328178,-2.11983244513127,-2.061008364651602,-1.037204785218084,-0.5188050855883677,-0.001589844116168734,-0.1886417387668474,0.03843751835661148,-0.05044922563752378,-0.01510035204554645,-0.007243894669698042,0.002402350632464479,0.1695085668408828,-0.0345389556528748,0.04533236383395688,0.01356878414483323,0.006509175603626386,-0.002158689881785103,M01,HELD_STOW_QSPACE_ONLY,NON_RELEASE_DIAGNOSTIC_CANDIDATE,false
970,9.700000000000001,-1.447833320834264,-2.119449795765282,-2.061510591773177,-1.037355110743338,-0.5188771992892816,-0.001565928473700254,-0.1869483195452383,0.03809246835420195,-0.04999634766381369,-0.01496479759946176,-0.007178866905677377,0.002380784955829743,0.1691743097832042,-0.03447084765156853,0.04524297211272914,0.01354202761005121,0.006496340040647294,-0.002154433121541218,M01,HELD_STOW_QSPACE_ONLY,NON_RELEASE_DIAGNOSTIC_CANDIDATE,false
971,9.710000000000001,-1.449694350957814,-2.119070593474189,-2.062008294610497,-1.037504082069709,-0.5189486633580517,-0.001542228273927013,-0.1852582719496853,0.03774810535213111,-0.04954437137774061,-0.01482951304455145,-0.007113968613024903,0.002359262216818681,0.1688342391753614,-0.03440155508505092,0.04515202565019174,0.01351480571349567,0.006483281235742418,-0.002150102325794879,M01,HELD_STOW_QSPACE_ONLY,NON_RELEASE_DIAGNOSTIC_CANDIDATE,false
972,9.720000000000001,-1.451538497706022,-2.118694831328707,-2.062501482258243,-1.037651701919397,-0.5190194791005633,-0.001518743083767746,-0.1835716541892892,0.03740444121104757,-0.04909331234640055,-0.01469450304032471,-0.007049202026986104,0.002337783156723601,0.168488340299506,-0.0343310749544227,0.04505952051029074,0.01348711727703554,0.006469998623742322,-0.002145697307114432,M01,HELD_STOW_QSPACE_ONLY,NON_RELEASE_DIAGNOSTIC_CANDIDATE,false
973,9.73,-1.453365795668891,-2.118322502280799,-2.062990163966959,-1.037797973061254,-0.5190896478450826,-0.001495472462719104,-0.1818885246203168,0.03706148782158644,-0.04864318617624674,-0.01455977225807103,-0.006984569388457687,0.002316348518710972,0.168136598437789,-0.03425940426078448,0.04496545275697206,0.0134589611225397,0.006456491639477556,-0.00214121787806822,M01,HELD_STOW_QSPACE_ONLY,NON_RELEASE_DIAGNOSTIC_CANDIDATE,false
974,9.74,-1.455176280020724,-2.117953599163372,-2.063474349143452,-1.037942898310907,-0.519159170942312,-0.001472415962836711,-0.1802089417462148,0.03671925710437206,-0.04819400851309331,-0.01442532538086133,-0.006920072943988092,0.002294959047821591,0.1677789988723613,-0.03418654000523692,0.04486981845418162,0.01343033607187704,0.006442759717778669,-0.002136663851224584,M01,HELD_STOW_QSPACE_ONLY,NON_RELEASE_DIAGNOSTIC_CANDIDATE,false
975,9.75,-1.456969986521617,-2.117588114689972,-2.06395404735119,-1.03808648053087,-0.5192280497654491,-0.001449573128716096,-0.1785329642176085,0.03637776101001781,-0.04774579504211496,-0.01429116710354785,-0.006855714945777473,0.002273615490970582,0.1674155268853756,-0.034112479188881,0.04477261366586582,0.01340124094691659,0.006428802293476278,-0.00213203503915189,M01,HELD_STOW_QSPACE_ONLY,NON_RELEASE_DIAGNOSTIC_CANDIDATE,false
976,9.76,-1.458746951518872,-2.117226041454496,-2.06442926831068,-1.038228722630665,-0.5192962857102406,-0.001426943497474735,-0.1768606508323056,0.03603701151912685,-0.04729856148784799,-0.01415730213276444,-0.006791497651677818,0.002252318596947426,0.1670461677589831,-0.03403721881281734,0.04467383445597058,0.01337167456952725,0.006414618801400932,-0.002127331254418479,M01,HELD_STOW_QSPACE_ONLY,NON_RELEASE_DIAGNOSTIC_CANDIDATE,false
977,9.77,-1.460507211948546,-2.116867371930878,-2.064900021899879,-1.038369627566941,-0.519363880195041,-0.00140452659873231,-0.1751920605352848,0.03569702064228984,-0.04685232361418724,-0.01402373518692571,-0.006727423325192535,0.002231069116415833,0.1666709067753352,-0.0339607558781467,0.04457347688844194,0.01334163576157794,0.0064002086763832,-0.0021225523095927,M01,HELD_STOW_QSPACE_ONLY,NON_RELEASE_DIAGNOSTIC_CANDIDATE,false
978,9.779999999999999,-1.462250805336829,-2.116512098472805,-2.065366318154572,-1.038509198343586,-0.5194308346608664,-0.001382321954593188,-0.1735272524187142,0.0353578004200886,-0.046407097224391,-0.01389047099622839,-0.006663494235477131,0.002209867801913964,0.1662897292165833,-0.03388308738596976,0.04447153702722594,0.01331112334493758,0.006385571353253644,-0.002117698017242899,M01,HELD_STOW_QSPACE_ONLY,NON_RELEASE_DIAGNOSTIC_CANDIDATE,false
979,9.790000000000001,-1.463977769801631,-2.116160213313397,-2.065828167268783,-1.038647438011854,-0.519497150571455,-0.001360329079626181,-0.17186628572193,0.03501936292309185,-0.04596289816107528,-0.01375751430264972,-0.006599712657338412,0.002188715407854165,0.1659026203648784,-0.03380421033738719,0.04436801093626852,0.01328013614147506,0.006370706266842815,-0.00211276818993742,M01,HELD_STOW_QSPACE_ONLY,NON_RELEASE_DIAGNOSTIC_CANDIDATE,false
980,9.800000000000001,-1.465688144053942,-2.115811708564927,-2.066285579595151,-1.038784349670474,-0.5195628294133194,-0.001338547480847184,-0.1702092198314521,0.03468172025185842,-0.04551974230621812,-0.01362486985994868,-0.006536080871235087,0.002167612690523166,0.1655095655023732,-0.03372412173349996,0.04426289467951605,0.01324867297305941,0.00635561285198133,-0.002107762640244626,M01,HELD_STOW_QSPACE_ONLY,NON_RELEASE_DIAGNOSTIC_CANDIDATE,false
981,9.81,-1.467381967399377,-2.115466576218509,-2.066738565645336,-1.038919936465773,-0.5196278726958062,-0.001316976657699621,-0.1685561142809778,0.03434488453693582,-0.04507764558115773,-0.01349254243366546,-0.00647260116327751,0.002146560408081999,0.165110549911218,-0.03364281857540853,0.04415618432091424,0.01321673266155946,0.006340290543499705,-0.00210268118073285,M01,HELD_STOW_QSPACE_ONLY,NON_RELEASE_DIAGNOSTIC_CANDIDATE,false
982,9.82,-1.469059279739615,-2.115124808143802,-2.067187136090405,-1.039054201591792,-0.5196922819511507,-0.001295616102036004,-0.1669070287513844,0.03400886793886093,-0.0446366239465933,-0.01336053680112168,-0.006409275825227789,0.002125559320566032,0.1647055588735646,-0.03356029786421372,0.04404787592440924,0.01318431402884416,0.006324738776228524,-0.002097523623970443,M01,HELD_STOW_QSPACE_ONLY,NON_RELEASE_DIAGNOSTIC_CANDIDATE,false
983,9.83,-1.470720121573884,-2.11478639608871,-2.067631301761232,-1.039187148290404,-0.5197560587345345,-0.001274465298099069,-0.1652620230707212,0.03367368264815828,-0.04419669340258281,-0.01322885775141975,-0.006346107154499479,0.002104610189884868,0.1642945776715648,-0.03347655660101632,0.04393796555394721,0.01315141589678248,0.006308956984998368,-0.002092289782525759,M01,HELD_STOW_QSPACE_ONLY,NON_RELEASE_DIAGNOSTIC_CANDIDATE,false
984,9.84,-1.472364534000431,-2.114451331679082,-2.068071073648886,-1.039318779851432,-0.5198192046241416,-0.001253523722503064,-0.1636211572142248,0.03333934088534314,-0.04375786998854711,-0.01309751008544411,-0.006283097454158162,0.002083713779822535,0.1638775915873698,-0.033391591786917,0.04382644927347407,0.01311803708724329,0.006292944604639786,-0.002086979468967141,M01,HELD_STOW_QSPACE_ONLY,NON_RELEASE_DIAGNOSTIC_CANDIDATE,false
985,9.85,-1.473992558717974,-2.114119606418412,-2.068506462905027,-1.039449099612766,-0.519881721221214,-0.001232790844215244,-0.1619844913043073,0.03300585490091928,-0.04332016978326688,-0.01296649861586025,-0.00622024903292101,0.002062870856037344,0.1634545859031309,-0.03330540042301645,0.04371332314693587,0.01308417642209553,0.006276701069983346,-0.002081592495862936,M01,HELD_STOW_QSPACE_ONLY,NON_RELEASE_DIAGNOSTIC_CANDIDATE,false
986,9.859999999999999,-1.475604238027218,-2.113791211687538,-2.068937480842303,-1.039578110960484,-0.5199436101501108,-0.00121226612453653,-0.1603520856105562,0.03267323697537871,-0.04288360890488242,-0.01283582816711475,-0.006157564205156761,0.00204208218606188,0.1630255459010008,-0.03321797951041568,0.043598583238279,0.01304983272320823,0.006260225815859665,-0.002076128675781509,M01,HELD_STOW_QSPACE_ONLY,NON_RELEASE_DIAGNOSTIC_CANDIDATE,false
987,9.870000000000001,-1.477199614832277,-2.113466138744344,-2.069364138934735,-1.039705817328963,-0.5200048730583615,-0.001191949017083499,-0.1587240005497391,0.03234149941920281,-0.04244820351089501,-0.0127055035754356,-0.006095045290885911,0.002021348539303068,0.1625904568631298,-0.03312932605021515,0.04348222561144915,0.01301500481245021,0.006243518277099258,-0.00207058782129119,M01,HELD_STOW_QSPACE_ONLY,NON_RELEASE_DIAGNOSTIC_CANDIDATE,false
988,9.880000000000001,-1.478778732642184,-2.113144378723458,-2.06978644881812,-1.039832222201008,-0.520065511616725,-0.001171838967769047,-0.1571002966858049,0.03201065457286258,-0.04201396979816733,-0.01257552968883236,-0.006032694615780769,0.002000670687042183,0.1621493040716693,-0.03303943704351556,0.04336424633039236,0.01297969151169039,0.006226577888532691,-0.002064969744960329,M01,HELD_STOW_QSPACE_ONLY,NON_RELEASE_DIAGNOSTIC_CANDIDATE,false
989,9.890000000000001,-1.480341635572334,-2.112825922635956,-2.070204422290418,-1.039957329107955,-0.5201255275192447,-0.001151935414784054,-0.1554810347298791,0.03168071480681758,-0.04158092400292197,-0.01244591136709573,-0.005970514511165254,0.001980049402434794,0.1617020728087707,-0.03294830949141766,0.04324464145905468,0.01294389164279769,0.00620940408499053,-0.002059274259357271,M01,HELD_STOW_QSPACE_ONLY,NON_RELEASE_DIAGNOSTIC_CANDIDATE,false
990,9.9,-1.481888368345989,-2.112510761369055,-2.070618071312152,-1.040081141629803,-0.5201849224833059,-0.001132237788578253,-0.1538662755402599,0.03135169252151512,-0.04114908240074054,-0.01231665348179724,-0.005908507314014755,0.00195948546051071,0.1612487483565868,-0.03285594039502242,0.04312340706138248,0.01290760402764116,0.006191996301303392,-0.002053501177050382,M01,HELD_STOW_QSPACE_ONLY,NON_RELEASE_DIAGNOSTIC_CANDIDATE,false
991,9.91,-1.483418976295695,-2.112198885685825,-2.071027408006788,-1.040203663395322,-0.5202436982496913,-0.001112745511842102,-0.152256080122438,0.03102360014739448,-0.040718461306569,-0.0121877609162909,-0.005846675366956908,0.00193897963817424,0.1607893159972681,-0.0327623267554304,0.0430005392013216,0.01287082748808963,0.00617435397230181,-0.002047650310607999,M01,HELD_STOW_QSPACE_ONLY,NON_RELEASE_DIAGNOSTIC_CANDIDATE,false
992,9.92,-1.484933505364842,-2.111890286224871,-2.071432444661154,-1.040324898082178,-0.5203018565826393,-0.001093457999487013,-0.1506505096290644,0.03069645014488016,-0.04028907707470891,-0.01205923856571053,-0.00578502101827033,0.001918532714203774,0.1603237610129653,-0.03266746557374213,0.04287603394281782,0.01283356084601197,0.006156476532816316,-0.002041721472598457,M01,HELD_STOW_QSPACE_ONLY,NON_RELEASE_DIAGNOSTIC_CANDIDATE,false
993,9.93,-1.48643200210901,-2.111584953500057,-2.071833193725798,-1.040444849417041,-0.5203593992698972,-0.001074374658628141,-0.1490496253599891,0.03037025500438982,-0.03986094609882789,-0.01193109133697293,-0.005723546621886129,0.001898145469252279,0.1598520686858324,-0.03257135385105889,0.04274988734981791,0.01279580292327731,0.006138363417677577,-0.002035714475590139,M01,HELD_STOW_QSPACE_ONLY,NON_RELEASE_DIAGNOSTIC_CANDIDATE,false
994,9.94,-1.48791451369759,-2.11128287790018,-2.072229667815422,-1.040563521175717,-0.5204163281227825,-0.001055494888563768,-0.1474534887622157,0.03004502724632509,-0.03943408481194745,-0.0118033241487742,-0.00566225453738615,0.001877818685846726,0.1593742242980168,-0.03247398858848057,0.04262209548626683,0.01275755254175426,0.006120014061716008,-0.00202962913215134,M01,HELD_STOW_QSPACE_ONLY,NON_RELEASE_DIAGNOSTIC_CANDIDATE,false
995,9.950000000000001,-1.489381087915127,-2.110984049688691,-2.072621879709239,-1.040680917183253,-0.5204726449762348,-0.001036818080758208,-0.1458621614299535,0.0297207794210821,-0.0390085096864569,-0.01167594193159394,-0.005601147130004973,0.001857553148388745,0.1588902131316741,-0.03237536678710872,0.04249265441611169,0.01271880852331206,0.006101427899762328,-0.002023465254850461,M01,HELD_STOW_QSPACE_ONLY,NON_RELEASE_DIAGNOSTIC_CANDIDATE,false
996,9.960000000000001,-1.490831773162864,-2.110688459003384,-2.073009842351391,-1.040797041314059,-0.5205283516888752,-0.00101834361882211,-0.144275705104574,0.02939752410904267,-0.03858423723410177,-0.01154894962769177,-0.005540226770628254,0.001837349643154078,0.1584000204689547,-0.03227548544804389,0.04236156020329832,0.01267956968981957,0.006082604366647068,-0.002017222656255837,M01,HELD_STOW_QSPACE_ONLY,NON_RELEASE_DIAGNOSTIC_CANDIDATE,false
997,9.970000000000001,-1.492266618460185,-2.110396095856101,-2.07339356885133,-1.040911897492029,-0.5205834501430618,-0.00100007087849411,-0.1426941816746253,0.02907527392057723,-0.03816128400598758,-0.01142235219110844,-0.005479495835793269,0.001817208958292757,0.1579036315920079,-0.03217434157238633,0.04222880891177212,0.01263983486314553,0.00606354289720071,-0.002010901148935788,M01,HELD_STOW_QSPACE_ONLY,NON_RELEASE_DIAGNOSTIC_CANDIDATE,false
998,9.98,-1.493685673446113,-2.110106950132429,-2.073773072484222,-1.041025489690657,-0.5206379422449464,-0.0009819992276217659,-0.1411176531758369,0.0287540414960458,-0.03773966659258118,-0.01129615458766626,-0.005418956707689094,0.00179713188382917,0.157401031782987,-0.03207193216123714,0.04209439660547965,0.01259960286515902,0.006044242926253888,-0.002004500545458685,M01,HELD_STOW_QSPACE_ONLY,NON_RELEASE_DIAGNOSTIC_CANDIDATE,false
999,9.99,-1.495088988380738,-2.109821011591402,-2.074148366691327,-1.041137821933151,-0.5206918299245304,-0.000964128026143346,-0.1395461817911299,0.02843383950580005,-0.03731940162371351,-0.0111703617949699,-0.005358611774157012,0.001777119211662187,0.1568922063240442,-0.03196825421569722,0.04195831934836717,0.01255887251772901,0.006024703888637202,-0.001998020658392885,M01,HELD_STOW_QSPACE_ONLY,NON_RELEASE_DIAGNOSTIC_CANDIDATE,false
1000,10,-1.49647661414673,-2.109538269865201,-2.074519465080404,-1.041248898292555,-0.5207451151357223,-0.0009464566260685425,-0.1379798298505842,0.02811468065017662,-0.03690050576857069,-0.01104497880240377,-0.005298463428689235,0.001757171735564742,0.1563771404973296,-0.03186330473686702,0.04182057320438037,0.01251764264272435,0.006004925219181168,-0.00199146130030672,M01,HELD_STOW_QSPACE_ONLY,NON_RELEASE_DIAGNOSTIC_CANDIDATE,false
1001,10.01,-1.497848602250794,-2.109258714458853,-2.074886381426099,-1.041358722891868,-0.5207977998563939,-0.0009289843714599955,-0.1364186598314697,0.02779657765950354,-0.03648299573570259,-0.01092001061113452,-0.005238514070430123,0.001737290251184238,0.1558558195849944,-0.03175708072584718,0.04168115423746516,0.01247591206201391,0.005984906352716335,-0.001984822283768532,M01,HELD_STOW_QSPACE_ONLY,NON_RELEASE_DIAGNOSTIC_CANDIDATE,false
1002,10.02,-1.499205004825162,-2.108982334749931,-2.075249129670347,-1.041467299904157,-0.520849886088437,-0.0009117105984142865,-0.1348627343582293,0.02747954329409666,-0.03606688827301802,-0.01079546223410963,-0.005178766104175506,0.001717475556042319,0.1553282288691908,-0.0316495791837386,0.04154005851156785,0.01243367959746669,0.005964646724073304,-0.001978103421346681,M01,HELD_STOW_QSPACE_ONLY,NON_RELEASE_DIAGNOSTIC_CANDIDATE,false
1003,10.03,-1.500545874629007,-2.108709119988255,-2.075607723922748,-1.041574633552679,-0.5209013758578185,-0.0008946346350438353,-0.1333121162024908,0.02716359034426217,-0.03565220016778817,-0.01067133869605845,-0.00511922194037317,0.00169772844953503,0.1547943536320719,-0.03154079711164236,0.04139728209063492,0.01239094407095175,0.005944145768082706,-0.001971304525609536,M01,HELD_STOW_QSPACE_ONLY,NON_RELEASE_DIAGNOSTIC_CANDIDATE,false
1004,10.04,-1.501871265049988,-2.108439059295595,-2.07596217846098,-1.041680728110996,-0.5209522712146392,-0.0008777558014573805,-0.1317668682830524,0.02684873163029357,-0.03523894824664247,-0.01054764503349098,-0.005059883995122268,0.001678049732932627,0.1542541791557863,-0.03143073151065855,0.0412528210386116,0.01234770430433778,0.00592340291957499,-0.001964425409125406,M01,HELD_STOW_QSPACE_ONLY,NON_RELEASE_DIAGNOSTIC_CANDIDATE,false
1005,10.05,-1.50318123010566,-2.108172141665366,-2.076312507731177,-1.041785587903094,-0.521002574233188,-0.0008610734097418901,-0.1302270536658973,0.02653498000247472,-0.03482714937557277,-0.01042438629469904,-0.005000754690173913,0.001658440209379769,0.1537076907224861,-0.03131937938188808,0.04110667141944417,0.01230395911949377,0.005902417613380759,-0.001957465884462649,M01,HELD_STOW_QSPACE_ONLY,NON_RELEASE_DIAGNOSTIC_CANDIDATE,false
1006,10.06,-1.504475824445,-2.107908355962329,-2.076658726348337,-1.041889217303501,-0.5210522870120007,-0.0008445867639432017,-0.1286927355641853,0.02622234834107804,-0.03441682045993084,-0.01030156753975561,-0.004941836452930828,0.001638900683895404,0.1531548736143247,-0.03120673772643204,0.04095882929707915,0.01225970733828879,0.005881189284330643,-0.001950425764189636,M01,HELD_STOW_QSPACE_ONLY,NON_RELEASE_DIAGNOSTIC_CANDIDATE,false
1007,10.07,-1.505755103349843,-2.107647690922292,-2.077000849096704,-1.041991620737406,-0.5211014116739151,-0.0008282951600476832,-0.1271639773382549,0.02591084955636504,-0.03400797844442915,-0.01017919384051504,-0.004883131716447451,0.001619431963372804,0.1525957131134525,-0.03109280354539096,0.04080929073546232,0.01221494778259168,0.005859717367255176,-0.001943304860874704,M01,HELD_STOW_QSPACE_ONLY,NON_RELEASE_DIAGNOSTIC_CANDIDATE,false
1008,10.08,-1.507019122736361,-2.107390135151815,-2.077338890930169,-1.042092802680775,-0.5211499503661273,-0.0008121978859634976,-0.1256408424956174,0.02560049658858503,-0.03360064031313911,-0.01005727028061247,-0.004824642919429682,0.00160003485657948,0.1520301945020188,-0.03097757383986511,0.04065805179853915,0.0121696792742712,0.00583800129698484,-0.001936102987086172,M01,HELD_STOW_QSPACE_ONLY,NON_RELEASE_DIAGNOSTIC_CANDIDATE,false
1009,10.09,-1.508267939156532,-2.1071356771279,-2.077672866972655,-1.042192767660466,-0.5211979052602491,-0.0007962942215017435,-0.1241233946909757,0.02529130240797899,-0.03319482308949619,-0.009935801955465447,-0.004766372506235629,0.001580710174157429,0.1514583030621791,-0.03086104561095605,0.04050510855025675,0.01212390063519659,0.005816040508350353,-0.001928819955392439,M01,HELD_STOW_QSPACE_ONLY,NON_RELEASE_DIAGNOSTIC_CANDIDATE,false
1010,10.1,-1.509501609799636,-2.106884305197699,-2.078002792518524,-1.042291520254356,-0.5212452785523644,-0.0007805834383575322,-0.1226116977261938,0.02498328001477333,-0.03279054383629177,-0.009814793972271417,-0.004708322926874418,0.001561458728622743,0.1508800240760817,-0.03074321585976384,0.04035045705456033,0.01207761068723653,0.005793834436182163,-0.001921455578361812,M01,HELD_STOW_QSPACE_ONLY,NON_RELEASE_DIAGNOSTIC_CANDIDATE,false
1011,10.11,-1.510720192493672,-2.106636007578215,-2.078328683032952,-1.042389065091447,-0.5212920724630844,-0.0007650648000918706,-0.1211058155503311,0.02467644243918696,-0.03238781965568231,-0.009694251450010502,-0.004650496637007533,0.001542281334366045,0.1502953428258789,-0.03062408158738941,0.04019409337539616,0.01203080825226001,0.005771382515310871,-0.001914009668562651,M01,HELD_STOW_QSPACE_ONLY,NON_RELEASE_DIAGNOSTIC_CANDIDATE,false
1012,10.12,-1.511923745706903,-2.106390772355994,-2.078650554152345,-1.042485406851994,-0.5213382892376064,-0.0007497375621120239,-0.1196058122596158,0.02437080274142577,-0.03198666768918219,-0.009574179519443357,-0.004592896097947768,0.001523178807652154,0.1497042445937231,-0.03050363979493365,0.04003601357671052,0.01198349215213603,0.005748684180567074,-0.001906482038563315,M01,HELD_STOW_QSPACE_ONLY,NON_RELEASE_DIAGNOSTIC_CANDIDATE,false
1013,10.13,-1.513112328549273,-2.106148587486831,-2.078968421684714,-1.042580550267615,-0.5213839311457684,-0.0007346009716534749,-0.1181117520974603,0.02406637401168577,-0.03158710511766783,-0.009454583323112388,-0.00453552377665983,0.001504151966620273,0.149106714661766,-0.03038188748349737,0.03987621372244957,0.01193566120873355,0.005725738866781357,-0.001898872500932157,M01,HELD_STOW_QSPACE_ONLY,NON_RELEASE_DIAGNOSTIC_CANDIDATE,false
1014,10.14,-1.514286000773907,-2.105909440795468,-2.07928230161008,-1.042674500121417,-0.5214290004821072,-0.0007196542677607581,-0.1166236994544391,0.0237631693701487,-0.03118914916137189,-0.009335468015340031,-0.004478382145759502,0.001485201631283719,0.1485027383121576,-0.03025882165418094,0.03971468987655889,0.01188731424392136,0.00570254600878422,-0.001891180868237503,M01,HELD_STOW_QSPACE_ONLY,NON_RELEASE_DIAGNOSTIC_CANDIDATE,false
1015,10.15,-1.515444822778536,-2.105673319975303,-2.079592210080853,-1.042767261248103,-0.5214734995659119,-0.0007048966812693777,-0.1151417188683338,0.02346120196699108,-0.03079281707989516,-0.009216838762232298,-0.004421473683515352,0.001466328623530486,0.1478923008270503,-0.03013443930808535,0.03955143810298487,0.01183845007956848,0.005679105041406278,-0.001883406953047716,M01,HELD_STOW_QSPACE_ONLY,NON_RELEASE_DIAGNOSTIC_CANDIDATE,false
1016,10.16,-1.516588855607064,-2.10544021258807,-2.079898163422253,-1.042858838534102,-0.5215174307412854,-0.0006903274347858646,-0.1136658750240757,0.02316048498237255,-0.03039812617219127,-0.009098700741674216,-0.004364800873846536,0.001447533767122518,0.1472753874885955,-0.03000873744631124,0.03938645446567343,0.0117890675375438,0.005655415399478081,-0.00187555056793114,M01,HELD_STOW_QSPACE_ONLY,NON_RELEASE_DIAGNOSTIC_CANDIDATE,false
1017,10.17,-1.517718160950917,-2.105210106063563,-2.080200178132667,-1.042949236917676,-0.5215607963771955,-0.0006759457426704987,-0.1121962327537965,0.02286103162644624,-0.03000509377658028,-0.008981059143333884,-0.004308366206324753,0.001428817887696357,0.1466519835789439,-0.02988171306995923,0.03921973502857049,0.01173916543971621,0.005631476517830178,-0.001867611525456116,M01,HELD_STOW_QSPACE_ONLY,NON_RELEASE_DIAGNOSTIC_CANDIDATE,false
1018,10.18,-1.518832801150629,-2.104982987699316,-2.080498270884078,-1.043038461389046,-0.5216035988675356,-0.0006617508110172352,-0.1107328570367956,0.02256285513935203,-0.02961373727073988,-0.008863919168659834,-0.004252172176172974,0.001410181812762722,0.1460220743802479,-0.02975336318013023,0.03905127585562233,0.01168874260795471,0.00560728783129317,-0.001859589638191004,M01,HELD_STOW_QSPACE_ONLY,NON_RELEASE_DIAGNOSTIC_CANDIDATE,false
1019,10.19,-1.519932839197231,-2.104758844660317,-2.080792458522432,-1.043126516990504,-0.5216458406311789,-0.0006477418376359262,-0.1092758129995525,0.02226596879121916,-0.02922407407170873,-0.008747286030882042,-0.004196221284265928,0.001391626371706668,0.1453856451746594,-0.02962368477792507,0.03888107301077513,0.01163779786412827,0.005582848774697639,-0.001851484718704156,M01,HELD_STOW_QSPACE_ONLY,NON_RELEASE_DIAGNOSTIC_CANDIDATE,false
1020,10.2,-1.521018338733779,-2.104537663978698,-2.081082758068051,-1.043213408816535,-0.5216875241120361,-0.0006339180120328927,-0.1078251659157179,0.02197038588216438,-0.02883612163588413,-0.008631164955011228,-0.004140516037129767,0.001373152395787479,0.1447426812443273,-0.0294926748644439,0.03870912255797419,0.01158633003010558,0.00555815878287405,-0.001843296579563887,M01,HELD_STOW_QSPACE_ONLY,NON_RELEASE_DIAGNOSTIC_CANDIDATE,false
1021,10.21,-1.522089364056783,-2.104319432553445,-2.08136918671601,-1.043299142013932,-0.521728651779111,-0.0006202785153927304,-0.1063809812061369,0.02167611974229664,-0.0284498974590281,-0.008515561177840671,-0.004085058946942937,0.001354760718138952,0.144093167871406,-0.0293603304407881,0.0385354205611664,0.01153433792775582,0.005533217290653088,-0.001835025033338583,M01,HELD_STOW_QSPACE_ONLY,NON_RELEASE_DIAGNOSTIC_CANDIDATE,false
1022,10.22,-1.523145980117699,-2.10410413715009,-2.081651761836542,-1.043383721781915,-0.5217692261265572,-0.0006068225205593247,-0.1049433244388257,0.02138318373171242,-0.02806541907626129,-0.008400479947944392,-0.004029852531535303,0.00133645217376911,0.1434370903380466,-0.02922664850805829,0.03835996308429767,0.01148182037894789,0.005508023732865301,-0.001826669892596588,M01,HELD_STOW_QSPACE_ONLY,NON_RELEASE_DIAGNOSTIC_CANDIDATE,false
1023,10.23,-1.524188252524396,-2.103891764400418,-2.081930500975425,-1.043467153372248,-0.5218092496737351,-0.0005935491920170885,-0.1035122613289719,0.02109159124049573,-0.02768270406206298,-0.008285926525677147,-0.003974899314388151,0.001318227599560203,0.1427744339263991,-0.02909162606735493,0.0381827461913137,0.0114287762055506,0.005482577544341206,-0.001818230969906231,M01,HELD_STOW_QSPACE_ONLY,NON_RELEASE_DIAGNOSTIC_CANDIDATE,false
1024,10.24,-1.525216247542664,-2.103682300802152,-2.082205421854388,-1.04354944208936,-0.521848724965269,-0.0005804576858719004,-0.1020878577389498,0.02080135568872122,-0.02730177003027514,-0.008171906183175648,-0.003920201824634767,0.001300087834268898,0.1421051839186164,-0.02895526011977901,0.03800376594616088,0.01137520422943298,0.00545687815991142,-0.001809708077835877,M01,HELD_STOW_QSPACE_ONLY,NON_RELEASE_DIAGNOSTIC_CANDIDATE,false
1025,10.25,-1.526230032097594,-2.10347573271868,-2.082476542371479,-1.043630593290456,-0.5218876545711012,-0.0005675471498333765,-0.1006701796783124,0.02051249052645263,-0.02692263463410038,-0.008058424204357954,-0.003865762597060154,0.001282033718526185,0.141429325596849,-0.02881754766643108,0.03782301841278503,0.01132110327246389,0.005430925014406475,-0.001801101028953864,M01,HELD_STOW_QSPACE_ONLY,NON_RELEASE_DIAGNOSTIC_CANDIDATE,false
1026,10.26,-1.527229673775162,-2.103272046378729,-2.082743880601492,-1.043710612385644,-0.5219260410865515,-0.0005548167231948023,-0.09925929330378667,0.02022500923374172,-0.02654531556610065,-0.007945485884923064,-0.003811584172100828,0.001264066094837312,0.1407468442432488,-0.02867848570841194,0.03764049965513228,0.01126647215651228,0.005404717542656953,-0.001792409635828544,M01,HELD_STOW_QSPACE_ONLY,NON_RELEASE_DIAGNOSTIC_CANDIDATE,false
1027,10.27,-1.528215240823618,-2.103071227876077,-2.08300745479633,-1.043789504838043,-0.5219638871323715,-0.0005422655368154117,-0.09785526491927979,0.01993892532062964,-0.02616983055819886,-0.007833096532351426,-0.003757669095845065,0.001246185807581865,0.1400577251399668,-0.02853807124682223,0.03745620573714857,0.01121130970344705,0.005378255179493406,-0.001783633711028259,M01,HELD_STOW_QSPACE_ONLY,NON_RELEASE_DIAGNOSTIC_CANDIDATE,false
1028,10.28,-1.529186802155004,-2.102873263169254,-2.083267283385423,-1.04386727616391,-0.5220011953548027,-0.0005298927131010545,-0.09645816097587655,0.01965425232714632,-0.02579619738167827,-0.007721261465904734,-0.003704019920032806,0.001228393703013736,0.1393619535691558,-0.02839630128276295,0.0372701327227803,0.01115561473513723,0.005351537359746447,-0.001774773067121374,M01,HELD_STOW_QSPACE_ONLY,NON_RELEASE_DIAGNOSTIC_CANDIDATE,false
1029,10.29,-1.530144427346586,-2.102678138081238,-2.0835233849761,-1.04394393193275,-0.5220379684256311,-0.0005176973659859405,-0.09506804807184834,0.01937100382331236,-0.02542443384718483,-0.007609986016626634,-0.003650639202055995,0.001210690629261237,0.1386595148129663,-0.02825317281733463,0.03708227667597327,0.01109938607345167,0.005324563518246612,-0.001765827516676226,M01,HELD_STOW_QSPACE_ONLY,NON_RELEASE_DIAGNOSTIC_CANDIDATE,false
1030,10.3,-1.531088186642374,-2.102485838299158,-2.083775778354002,-1.044019477767441,-0.5220742090422461,-0.0005056786009133077,-0.09368499295262768,0.0190891934091338,-0.02505455780472037,-0.007499275527340699,-0.003597529504957604,0.001193077436326774,0.1379503941535494,-0.02810868285163792,0.03689263366067341,0.01104262254025926,0.005297333089824449,-0.001756796872261156,M01,HELD_STOW_QSPACE_ONLY,NON_RELEASE_DIAGNOSTIC_CANDIDATE,false
1031,10.31,-1.532018150954547,-2.102296349373994,-2.084024482483461,-1.044093919344345,-0.5221099199276948,-0.0004938355148172979,-0.09230906251084764,0.01880883471461017,-0.02468658714365319,-0.007389135352653578,-0.003544693397433147,0.001175554976087353,0.1372345768730569,-0.02796282838677362,0.03670119974082687,0.01098532295742897,0.005269845509310541,-0.001747680946444518,M01,HELD_STOW_QSPACE_ONLY,NON_RELEASE_DIAGNOSTIC_CANDIDATE,false
1032,10.32,-1.53293439186496,-2.102109656720272,-2.084269516507903,-1.044167262393429,-0.5221451038307403,-0.0004821671961036805,-0.09094032378630117,0.01852994139972621,-0.02432053979270714,-0.00727957085895174,-0.003492133453829117,0.001158124102294056,0.1365120482536416,-0.02781560642384272,0.03650797098038005,0.01092748614682981,0.005242100211535506,-0.001738479551794677,M01,HELD_STOW_QSPACE_ONLY,NON_RELEASE_DIAGNOSTIC_CANDIDATE,false
1033,10.33,-1.533836981626601,-2.101925745615771,-2.084510899750238,-1.044239512698386,-0.5221797635259171,-0.0004706727246314157,-0.0895788439659639,0.0182525271544565,-0.02395643371996773,-0.007170587424403303,-0.003439852254143866,0.00114078567057234,0.1357827935774528,-0.02766701396394551,0.0363129434432784,0.01086911093033054,0.005214096631329823,-0.001729192500879952,M01,HELD_STOW_QSPACE_ONLY,NON_RELEASE_DIAGNOSTIC_CANDIDATE,false
1034,10.34,-1.534725993165065,-2.10174460120122,-2.084748651713253,-1.044310676096747,-0.5222139018135881,-0.0004593511716937879,-0.08822469038399938,0.01797660569876655,-0.02359428693288354,-0.00706219043895845,-0.003387852384027799,0.001123540538422094,0.135046798126644,-0.02751704800818314,0.03611611319346856,0.01081019612980027,0.005185834203524145,-0.001719819606268719,M01,HELD_STOW_QSPACE_ONLY,NON_RELEASE_DIAGNOSTIC_CANDIDATE,false
1035,10.35,-1.535601500080007,-2.101566208479999,-2.084982792080002,-1.044380758480001,-0.5222475215200003,-0.0004482015999999131,-0.08687793052173606,0.01770219078260807,-0.02323411747826005,-0.006954385304347583,-0.003336136434782492,0.001106389565217352,0.1343040471833646,-0.02736570555765591,0.03591747629489597,0.01075074056710774,0.005157312362948954,-0.001710360680529298,M01,HELD_STOW_QSPACE_ONLY,NON_RELEASE_DIAGNOSTIC_CANDIDATE,false
1036,10.36,-1.53646357664664,-2.10139055231784,-2.085213340714207,-1.044449765793713,-0.5222806254973423,-0.0004372230636557131,-0.08553863200769786,0.01742929618592524,-0.02287594344226782,-0.006847177434083782,-0.003284707003361874,0.001089333612206682,0.1335545260297678,-0.02721298361346489,0.03571702881150715,0.01069074306412201,0.005128530544434883,-0.001700815536230059,M01,HELD_STOW_QSPACE_ONLY,NON_RELEASE_DIAGNOSTIC_CANDIDATE,false
1037,10.37,-1.537312297817214,-2.101217617442521,-2.085440317660654,-1.044517704037646,-0.5223132166238014,-0.0004264146081450551,-0.08420686261757113,0.01715793571864797,-0.02251978295043366,-0.006740572253460147,-0.003233566692370945,0.001072373542512763,0.132798219948004,-0.02705887917671061,0.0355147668072479,0.01063020244271194,0.005099488182812463,-0.001691183985939338,M01,HELD_STOW_QSPACE_ONLY,NON_RELEASE_DIAGNOSTIC_CANDIDATE,false
1038,10.38,-1.538147739222467,-2.101047388443572,-2.085663743145576,-1.04458457926587,-0.5223452978036183,-0.0004157752703112597,-0.08288269027422492,0.01688812322069599,-0.02216565416764605,-0.006634575199551428,-0.003182718110066566,0.001055510221132645,0.1320351142202257,-0.026903389248494,0.03531068634606451,0.01056911752474653,0.005070184712912296,-0.001681465842225494,M01,HELD_STOW_QSPACE_ONLY,NON_RELEASE_DIAGNOSTIC_CANDIDATE,false
1039,10.39,-1.538969977173069,-2.10087984977198,-2.085883637577046,-1.044650397586887,-0.5223768719671439,-0.0004053040783386919,-0.08156618304771487,0.01661987256197971,-0.02181357529815618,-0.006529191721214336,-0.003132163870357602,0.001038744514937796,0.1312651941285842,-0.02674651082991576,0.03510478349190301,0.0105074871320947,0.005040619569564948,-0.001671660917656876,M01,HELD_STOW_QSPACE_ONLY,NON_RELEASE_DIAGNOSTIC_CANDIDATE,false
1040,10.4,-1.53977908866118,-2.100714985739873,-2.08610002154539,-1.044715165163747,-0.5224079420708985,-0.0003950000517330063,-0.08025740915526033,0.0163531976423955,-0.02146356458557181,-0.006424427279085704,-0.003081906592804043,0.001022077292673813,0.1304884449552302,-0.02658824092207645,0.03489705430870921,0.0104453100866253,0.005010792187600951,-0.00166176902480182,M01,HELD_STOW_QSPACE_ONLY,NON_RELEASE_DIAGNOSTIC_CANDIDATE,false
1041,10.41,-1.540575151361827,-2.100552780520237,-2.086312915823555,-1.044778888214164,-0.5224385110976242,-0.0003848622013034944,-0.07895643696127352,0.01608811239183165,-0.02111564031286509,-0.006320287345584835,-0.003031948902618128,0.001005509424960795,0.1297048519823147,-0.0264285765260767,0.03468749486042904,0.01038258521020723,0.004980702001850855,-0.001651789976228667,M01,HELD_STOW_QSPACE_ONLY,NON_RELEASE_DIAGNOSTIC_CANDIDATE,false
1042,10.42,-1.541358243634423,-2.10039321814661,-2.086522341367517,-1.044841573010634,-0.5224685820563443,-0.0003748895291438431,-0.07766333497733797,0.01582463077016401,-0.02076982080236683,-0.006216777404911764,-0.002982293430663515,0.0009890417842930625,0.1289144004919913,-0.02626751464301767,0.03447610121100912,0.01031931132470958,0.004950348447145309,-0.001641723584505794,M01,HELD_STOW_QSPACE_ONLY,NON_RELEASE_DIAGNOSTIC_CANDIDATE,false
1043,10.43,-1.542128444524251,-2.100236282512775,-2.086728319316677,-1.044903225880556,-0.5224981579824193,-0.0003650810286131567,-0.07637817186221749,0.01556276676725775,-0.02042612441576878,-0.00611390295304798,-0.002932942813455623,0.0009726752450392781,0.1281170757664097,-0.02610505227399973,0.03426286942439502,0.01025548725200114,0.004919730958314813,-0.001631569662201526,M01,HELD_STOW_QSPACE_ONLY,NON_RELEASE_DIAGNOSTIC_CANDIDATE,false
1044,10.44,-1.542885833763904,-2.100081957372472,-2.086930870994245,-1.044963853206349,-0.5225272419376026,-0.000355435684317687,-0.07510101642185342,0.01530253440296686,-0.02008456955412307,-0.006011669497756209,-0.002883899693161531,0.0009564106834424081,0.1273128630877226,-0.02594118642012389,0.03404779556453314,0.01019111181395094,0.004888848970189984,-0.001621328021884227,M01,HELD_STOW_QSPACE_ONLY,NON_RELEASE_DIAGNOSTIC_CANDIDATE,false
1045,10.45,-1.543630491774766,-2.099930226339091,-2.08713001790764,-1.045023461425564,-0.5225558370100977,-0.0003459524720919177,-0.07383193760936613,0.01504394772713444,-0.01974517465784244,-0.005910082558580531,-0.002835166717600033,0.0009402489776197415,0.1265017477380802,-0.02577591408249058,0.03383087569536918,0.01012618383242781,0.004857701917601337,-0.001610998476122229,M01,HELD_STOW_QSPACE_ONLY,NON_RELEASE_DIAGNOSTIC_CANDIDATE,false
1046,10.46,-1.544362499668496,-2.099781072885373,-2.08732578174888,-1.04508205703101,-0.5225839463146145,-0.0003366303589796907,-0.07257100452505619,0.01478702081959292,-0.01940795820670066,-0.00580914766684647,-0.002786746540241681,0.0009241910075629063,0.1256837149996352,-0.0256092322622008,0.03361210588084951,0.01006070212930076,0.004826289235379489,-0.001600580837483896,M01,HELD_STOW_QSPACE_ONLY,NON_RELEASE_DIAGNOSTIC_CANDIDATE,false
1047,10.47,-1.545081939248495,-2.09963448034311,-2.087518184394981,-1.045139646570867,-0.5226115729924259,-0.0003274683032155404,-0.07131828641639673,0.01453176779016251,-0.01907293871983045,-0.00570887036566039,-0.002738641820208495,0.0009082376551377714,0.1248587501545387,-0.02544113796035519,0.03339148218492007,0.009994665526438688,0.00479461035835499,-0.00159007491853757,M01,HELD_STOW_QSPACE_ONLY,NON_RELEASE_DIAGNOSTIC_CANDIDATE,false
1048,10.48,-1.545788893011377,-2.099490431902846,-2.087707247908348,-1.045196236648807,-0.522638720211425,-0.0003184652542058825,-0.07007385267804617,0.01427820277865382,-0.01874013475572689,-0.00560925620991051,-0.002690855222274453,0.0008923898040846088,0.1240268384849409,-0.0252716281780542,0.03316900067152655,0.009928072845710416,0.004762664721358355,-0.001579480531851582,M01,HELD_STOW_QSPACE_ONLY,NON_RELEASE_DIAGNOSTIC_CANDIDATE,false
1049,10.49,-1.546483444148423,-2.099348910613579,-2.087892994537163,-1.045251833924105,-0.5226653911661796,-0.0003096201525106396,-0.06883777285183805,0.01402633995486573,-0.01840956491224471,-0.005510310766266091,-0.002643389416865094,0.0008766483400179644,0.1231879652729947,-0.02510069991639891,0.03294465740461545,0.009860922908985008,0.004730451759220216,-0.001568797489994302,M01,HELD_STOW_QSPACE_ONLY,NON_RELEASE_DIAGNOSTIC_CANDIDATE,false
1050,10.5,-1.547165676547068,-2.09920989938246,-2.088075446715782,-1.045306445111766,-0.5226915890779904,-0.0003009319298241456,-0.06761011662678612,0.01377619351858652,-0.01808124782659961,-0.005412039613177839,-0.00259624708005772,0.0008610141504267222,0.1223421158008514,-0.02492835017648995,0.03271844844813271,0.009793214538131353,0.004697970906771125,-0.001558025605534073,M01,HELD_STOW_QSPACE_ONLY,NON_RELEASE_DIAGNOSTIC_CANDIDATE,false
1051,10.51,-1.547835674792402,-2.099073380974486,-2.088254627065139,-1.045360076982637,-0.522717317194948,-0.0002923995089561676,-0.06639095383907924,0.01352777769959272,-0.01775520217536695,-0.005314448340877505,-0.002549430893581198,0.0008454881246740402,0.1214892753506615,-0.02475457595942788,0.03249036986602413,0.009724946555018309,0.004665221598841615,-0.001547164691039231,M01,HELD_STOW_QSPACE_ONLY,NON_RELEASE_DIAGNOSTIC_CANDIDATE,false
1052,10.52,-1.548493524168563,-2.098939338012216,-2.088430558393118,-1.045412736363525,-0.5227425787919868,-0.0002840218038140246,-0.06518035447209412,0.01328110675765179,-0.01743144667448515,-0.005217542551378901,-0.002502943544816449,0.0008300711539975119,0.1206294292045798,-0.02457937426631413,0.03226041772223669,0.009656117781515079,0.004632203270262384,-0.001536214559078168,M01,HELD_STOW_QSPACE_ONLY,NON_RELEASE_DIAGNOSTIC_CANDIDATE,false
1053,10.53,-1.549139310660322,-2.098807752975449,-2.088603263694974,-1.045464430137318,-0.5227673771709458,-0.0002757977193825825,-0.06397838865636987,0.0130361949825169,-0.01711000007924882,-0.005121327858475857,-0.002456787726795467,0.0008147641315088425,0.1197625626447531,-0.02440274209824843,0.03202858808071513,0.009586727039490201,0.004598915355863815,-0.00152517502221917,M01,HELD_STOW_QSPACE_ONLY,NON_RELEASE_DIAGNOSTIC_CANDIDATE,false
1054,10.54,-1.549773120954442,-2.098678608200946,-2.088772766153701,-1.0455151652431,-0.5227917156606204,-0.0002677261517067542,-0.06278512666963598,0.01279305669393264,-0.01679088118431634,-0.005025809887744467,-0.002410966138202401,0.0007995679521942052,0.1188886609533359,-0.02422467645633214,0.03179487700540633,0.009516773150812846,0.004565357290476591,-0.001514045893030626,M01,HELD_STOW_QSPACE_ONLY,NON_RELEASE_DIAGNOSTIC_CANDIDATE,false
1055,10.55,-1.55039504244122,-2.098551885882117,-2.088939089140439,-1.045564948676271,-0.5228155976168221,-0.0002598059878720083,-0.06160063893679832,0.01255170624163215,-0.01647410882370604,-0.004930994276541974,-0.002365481483373014,0.0007844835129140629,0.1180077094124778,-0.02404517434166562,0.03155928056025586,0.009446254937351798,0.004531528508931212,-0.001502826984080859,M01,HELD_STOW_QSPACE_ONLY,NON_RELEASE_DIAGNOSTIC_CANDIDATE,false
1056,10.56,-1.551005163215915,-2.098427568068731,-2.089102256214863,-1.045613787488659,-0.5228390264224331,-0.0002520361059861337,-0.06042499602994424,0.0123121580053382,-0.01615970187079759,-0.004836886674007163,-0.002320336472294876,0.0007695117124032333,0.117119693304333,-0.02386423275535014,0.03132179480921046,0.009375171220976196,0.004497428446058346,-0.001491518107938251,M01,HELD_STOW_QSPACE_ONLY,NON_RELEASE_DIAGNOSTIC_CANDIDATE,false
1057,10.57,-1.551603572080285,-2.098305636666596,-2.089262291125585,-1.045661688788648,-0.5228620054874652,-0.0002444153751595957,-0.05925826866832987,0.01207442639476054,-0.01584767923832862,-0.004743492741059356,-0.002275533820606879,0.0007546534512707268,0.1162245979110506,-0.02368184869848597,0.03108241581621558,0.009303520823554784,0.004463056536688472,-0.001480119077171123,M01,HELD_STOW_QSPACE_ONLY,NON_RELEASE_DIAGNOSTIC_CANDIDATE,false
1058,10.58,-1.552190358543973,-2.098186073437287,-2.089419217810534,-1.045708659741286,-0.5228845382491136,-0.0002369426554880219,-0.05810052771840171,0.01183852584960035,-0.01553805987840046,-0.004650818150400139,-0.002231076249600067,0.0007399096320000217,0.1153224085147826,-0.02349801917217392,0.03084113964521739,0.009231302566956525,0.004428412215652176,-0.001468629704347826,M01,HELD_STOW_QSPACE_ONLY,NON_RELEASE_DIAGNOSTIC_CANDIDATE,false
1059,10.59,-1.552765612826054,-2.098068859997823,-2.089573060397362,-1.045754707568411,-0.5229066281718153,-0.000229616798032399,-0.05695184419376992,0.0116044708395448,-0.01523086278247102,-0.004558868586511219,-0.002186966486216606,0.0007252811589487244,0.1144131103976809,-0.0233127411775148,0.03059796236016205,0.009158515273050382,0.00439349491778004,-0.001457049802036716,M01,HELD_STOW_QSPACE_ONLY,NON_RELEASE_DIAGNOSTIC_CANDIDATE,false
1060,10.6,-1.553329425856455,-2.097953977820383,-2.089723843203829,-1.045799839548759,-0.5229282787473047,-0.0002224366448010523,-0.05581228925524141,0.01137227586427374,-0.01492610698136364,-0.004467649745657078,-0.002143207263051062,0.0007107689383489898,0.1134966888418968,-0.02312601171560934,0.03035288002499559,0.009085157763705274,0.00435830407790263,-0.001445379182806139,M01,HELD_STOW_QSPACE_ONLY,NON_RELEASE_DIAGNOSTIC_CANDIDATE,false
1061,10.61,-1.553881889277458,-2.097841408231992,-2.089871590738202,-1.045844063018093,-0.5229494934946707,-0.0002154010287304109,-0.05468193421078803,0.01114195545345329,-0.01462381154525858,-0.004377167335882423,-0.002099801318349172,0.0006963738783071174,0.1125731291295815,-0.02293782778755818,0.03010588870366395,0.009011228860790093,0.004322839130850495,-0.001433617659224437,M01,HELD_STOW_QSPACE_ONLY,NON_RELEASE_DIAGNOSTIC_CANDIDATE,false
1062,10.62,-1.554423095445151,-2.097731132414236,-2.090016327699645,-1.045887385369312,-0.5229702759604123,-0.0002085087736666547,-0.05356085051556312,0.01091352416673914,-0.01432399558369742,-0.004287427077013513,-0.002056751396008485,0.000682096888803761,0.1116424165428863,-0.02274818639446202,0.02985698446011316,0.008936727386173763,0.004287099511454201,-0.001421765043859959,M01,HELD_STOW_QSPACE_ONLY,NON_RELEASE_DIAGNOSTIC_CANDIDATE,false
1063,10.63,-1.554953137430917,-2.09762313140295,-2.090158078978614,-1.045929814052573,-0.5229906297184963,-0.0002017586943466668,-0.05244910977190658,0.01068699659377764,-0.01402667824558447,-0.004198434700658562,-0.002014060245578551,0.000667938881693994,0.1107045363639649,-0.02255708453742206,0.02960616335828984,0.008861652161725388,0.004251084654544401,-0.00140982114928108,M01,HELD_STOW_QSPACE_ONLY,NON_RELEASE_DIAGNOSTIC_CANDIDATE,false
1064,10.64,-1.555472109022904,-2.097517386087921,-2.090296869657256,-1.045971356575409,-0.5230105583704134,-0.0001951495963793057,-0.05134678372932071,0.01046238735420085,-0.01373187871918026,-0.004110195950205812,-0.00197173062226,0.0006539007707070017,0.1097594738749653,-0.02236451921753829,0.02935342146213912,0.00878600200931361,0.004214793994951524,-0.001397785788056103,M01,HELD_STOW_QSPACE_ONLY,NON_RELEASE_DIAGNOSTIC_CANDIDATE,false
1065,10.65,-1.555980104727483,-2.097413877212592,-2.090432725009792,-1.046012020502846,-0.5230300655452342,-0.0001886802762269338,-0.05025394428449945,0.0102397110976325,-0.01343961623210939,-0.004022716580825867,-0.00192976528690566,0.000639983471446453,0.1088072143580423,-0.02217048743591215,0.02909875483560796,0.008709775750807633,0.004178226967506271,-0.00138565877275342,M01,HELD_STOW_QSPACE_ONLY,NON_RELEASE_DIAGNOSTIC_CANDIDATE,false
1066,10.66,-1.556477219770716,-2.097312585373763,-2.090565670502915,-1.046051813457518,-0.5230491548996657,-0.0001823495211865922,-0.04917066348131188,0.01001898250368463,-0.01314991005135607,-0.003936002359470367,-0.001888167006019926,0.0006261879013902908,0.1078477430953445,-0.02197498619364374,0.02884215954264158,0.008632972208076137,0.004141383007039092,-0.001373439915941341,M01,HELD_STOW_QSPACE_ONLY,NON_RELEASE_DIAGNOSTIC_CANDIDATE,false
1067,10.67,-1.556963550099871,-2.097213491021281,-2.090695731796191,-1.04609074311979,-0.5230678301181095,-0.00017615610937078,-0.04809701351080347,0.009800216281957857,-0.01286277948326454,-0.003850059064872105,-0.001846938551758805,0.0006125149798907481,0.1068810453690248,-0.02177801249183414,0.0285836316471865,0.008555590202988187,0.004104261548380618,-0.001361129030188235,M01,HELD_STOW_QSPACE_ONLY,NON_RELEASE_DIAGNOSTIC_CANDIDATE,false
1068,10.68,-1.557439192384825,-2.097116574457753,-2.090822934742439,-1.046128817227872,-0.5230860949127154,-0.0001700988096896214,-0.04703306671120114,0.009583427172042381,-0.01257824387354033,-0.003764892487545417,-0.001806082701930113,0.0005989656281744119,0.105907106461234,-0.02157956333158389,0.02832316721318852,0.00847762855741264,0.004066862026361385,-0.001348725928062439,M01,HELD_STOW_QSPACE_ONLY,NON_RELEASE_DIAGNOSTIC_CANDIDATE,false
1069,10.69,-1.557904244019597,-2.097021815838239,-2.090947305388135,-1.046166043577938,-0.5231039530234404,-0.0001641763818312561,-0.04597889556791206,0.009368629943517759,-0.01229632260725001,-0.00368050842978609,-0.001765602239993429,0.0005855407693422084,0.1049259116541257,-0.02137963571399417,0.02806076230459427,0.008399086093218593,0.00402918387581204,-0.001336230422132328,M01,HELD_STOW_QSPACE_ONLY,NON_RELEASE_DIAGNOSTIC_CANDIDATE,false
1070,10.7,-1.558358803123797,-2.09692919516995,-2.091068869973806,-1.046202430024245,-0.5231214082181046,-0.0001583875762434517,-0.04493457271350829,0.009155839395949779,-0.01201703510881704,-0.003596912705670139,-0.001725499955059503,0.0005722413283692073,0.1039374462298478,-0.02117822664016498,0.02779641298534885,0.008319961632274692,0.003991226531563016,-0.001323642324966206,M01,HELD_STOW_QSPACE_ONLY,NON_RELEASE_DIAGNOSTIC_CANDIDATE,false
1071,10.71,-1.558802968544079,-2.096838692311955,-2.091187654934413,-1.046237984479249,-0.5231384642924468,-0.0001527311341150694,-0.04390017092776122,0.008945070358897455,-0.011740400842031,-0.003514111141056551,-0.001685778641891581,0.0005590682321050598,0.1029416954705543,-0.02097533311119759,0.02753011531939903,0.008240253996450073,0.003952989428444981,-0.001310961449132453,M01,HELD_STOW_QSPACE_ONLY,NON_RELEASE_DIAGNOSTIC_CANDIDATE,false
1072,10.72,-1.559236839855654,-2.096750286974875,-2.091303686899758,-1.046272714913722,-0.5231551250701825,-0.0001472057873567884,-0.04287576313760718,0.008736337691906038,-0.01146643931003837,-0.003432109573584544,-0.001646441100904082,0.0005460224092735613,0.1019386446583973,-0.02077095212819281,0.02726186537069093,0.008159962007613694,0.003914472001288517,-0.001298187607199424,M01,HELD_STOW_QSPACE_ONLY,NON_RELEASE_DIAGNOSTIC_CANDIDATE,false
1073,10.73,-1.559660517363714,-2.096663958720588,-2.091416992694866,-1.046306629356874,-0.5231713944030584,-0.0001418102585830361,-0.04186142241716396,0.008529656284510388,-0.01119517005534699,-0.003350913852674885,-0.001607490138163233,0.0005331047904728619,0.1009282790755272,-0.02056508069225117,0.02699165920317039,0.008079084487634414,0.003875673684924158,-0.001285320611735455,M01,HELD_STOW_QSPACE_ONLY,NON_RELEASE_DIAGNOSTIC_CANDIDATE,false
1074,10.74,-1.560074102104954,-2.096579686961924,-2.091527599340392,-1.046339735896467,-0.5231872761709118,-0.0001365432610924838,-0.04085722198772447,0.008325041056233658,-0.01092661265982433,-0.003270529839529379,-0.001568928565386829,0.0005203163081753851,0.09991058400409505,-0.02035771580447332,0.02671949288078331,0.007997620258381116,0.003836593914182451,-0.001272360275308887,M01,HELD_STOW_QSPACE_ONLY,NON_RELEASE_DIAGNOSTIC_CANDIDATE,false
1075,10.75,-1.560477695848981,-2.096497450962372,-2.091635534052993,-1.046372042678932,-0.5232027742817231,-0.0001314034988502619,-0.03986323521777073,0.008122506956590168,-0.01066078674470123,-0.003190963407131997,-0.001530759199944764,0.0005076578967280064,0.09888554472625187,-0.02014885446595989,0.02644536246747563,0.007915568141722696,0.003797232123893947,-0.001259306410488064,M01,HELD_STOW_QSPACE_ONLY,NON_RELEASE_DIAGNOSTIC_CANDIDATE,false
1076,10.76,-1.560871401099874,-2.096417229835769,-2.091740824245751,-1.046403557909493,-0.5232178926716777,-0.000126389666467934,-0.03887953562294972,0.007922068965080471,-0.01039771197056547,-0.003112220440246933,-0.00149298486485811,0.0004951304923517453,0.09785314652415129,-0.01993849367781204,0.02616926402719398,0.007832926959528249,0.003757587748889297,-0.00124615882984136,M01,HELD_STOW_QSPACE_ONLY,NON_RELEASE_DIAGNOSTIC_CANDIDATE,false
1077,10.77,-1.561255321097558,-2.096339002546014,-2.091843497528538,-1.046434289852277,-0.5232326353052168,-0.0001215004491861085,-0.03790619686609498,0.007723742091195759,-0.01013740803736751,-0.003034306835420342,-0.00145560838879994,0.0004827350331420409,0.09681337467994257,-0.01972663044113006,0.0258911936238838,0.007749695533666529,0.003717660223998981,-0.001232917345937096,M01,HELD_STOW_QSPACE_ONLY,NON_RELEASE_DIAGNOSTIC_CANDIDATE,false
1078,10.78,-1.561629559819333,-2.096262747906759,-2.091943581708426,-1.046464246830435,-0.5232470061750973,-0.0001167345228549332,-0.0369432927572177,0.007527541374416045,-0.009879894684418153,-0.002957228500979622,-0.001418632606094993,0.0004704724590686381,0.09576621447577889,-0.01951326175701502,0.02561114732149161,0.007665872686006599,0.003677448984053634,-0.001219581771343642,M01,HELD_STOW_QSPACE_ONLY,NON_RELEASE_DIAGNOSTIC_CANDIDATE,false
1079,10.79,-1.561994221981361,-2.096188444581108,-2.092041104790083,-1.046493437226263,-0.5232610093024488,-0.0001120905539151243,-0.03599089725350547,0.00733348188420991,-0.009625191690388149,-0.002880991357033312,-0.001382060356719618,0.0004583437119755715,0.09471165119380952,-0.01929838462656721,0.02532912118396287,0.007581457238417208,0.003636953463883737,-0.001206151918629317,M01,HELD_STOW_QSPACE_ONLY,NON_RELEASE_DIAGNOSTIC_CANDIDATE,false
1080,10.8,-1.562349413040096,-2.096116071081322,-2.092136094976156,-1.046521869481316,-0.5232746487368281,-0.000107567199379828,-0.03504908445932355,0.007141578720034765,-0.009373318873308599,-0.002805601335471201,-0.001345894486301831,0.0004463497355811825,0.09364967011618809,-0.01908199605088779,0.02504511127524419,0.007496448012767457,0.003596173098319942,-0.001192627600362497,M01,HELD_STOW_QSPACE_ONLY,NON_RELEASE_DIAGNOSTIC_CANDIDATE,false
1081,10.81,-1.562695239193745,-2.096045605768524,-2.092228580667662,-1.046549552096525,-0.5232879285562754,-0.0001031631068159414,-0.03411792862622755,0.006951847011339428,-0.009124296090574304,-0.002731064379965335,-0.001310137846121796,0.0004344914754782795,0.09258025652506652,-0.01886409303107758,0.02475911365928176,0.007410843830926307,0.003555107322192832,-0.001179008629111536,M01,HELD_STOW_QSPACE_ONLY,NON_RELEASE_DIAGNOSTIC_CANDIDATE,false
1082,10.82,-1.563031807383801,-2.095977026852383,-2.092318590464399,-1.046576493632319,-0.5233008528673737,-9.887691432464152e-05,-0.03319750415292917,0.006764301917557148,-0.008878143238934613,-0.00265738644596728,-0.001274793293110511,0.0004227698791337023,0.09150339570259358,-0.01864467256823676,0.02447112440002089,0.007324643514762471,0.00351375557033287,-0.001165294817444747,M01,HELD_STOW_QSPACE_ONLY,NON_RELEASE_DIAGNOSTIC_CANDIDATE,false
1083,10.83,-1.56335922529647,-2.095910312390829,-2.092406153165326,-1.046602702708739,-0.5233134258053027,-9.470725052318496e-05,-0.0322878855853368,0.006578958628113874,-0.008634880254504292,-0.002584573500711368,-0.001239863689851369,0.0004111858958888395,0.09041907293092337,-0.01842373166346659,0.02418113956140834,0.007237845886145085,0.003472117277570725,-0.001151485977930512,M01,HELD_STOW_QSPACE_ONLY,NON_RELEASE_DIAGNOSTIC_CANDIDATE,false
1084,10.84,-1.563677601364156,-2.095845440289745,-2.092491297768961,-1.046628188005558,-0.5233256515338968,-9.065273452599915e-05,-0.031389147616534,0.006395832362423873,-0.008394527112757748,-0.002512631523212979,-0.001205351904579328,0.0003997404769593534,0.08932727349220558,-0.01820126731786743,0.02388915520738967,0.007150449766942932,0.003430191878736896,-0.001137581923137157,M01,HELD_STOW_QSPACE_ONLY,NON_RELEASE_DIAGNOSTIC_CANDIDATE,false
1085,10.85,-1.563987044766911,-2.095782388302674,-2.092574053473768,-1.046652958262397,-0.5233375342456998,-8.671197592622498e-05,-0.03050136508677559,0.006214938369888935,-0.008157103828528009,-0.002441566504268222,-0.001171260811180765,0.0003884345754351312,0.08822798266859253,-0.0179772765325402,0.02359516740191117,0.007062453979025009,0.003387978808661982,-0.001123582465633041,M01,HELD_STOW_QSPACE_ONLY,NON_RELEASE_DIAGNOSTIC_CANDIDATE,false
1086,10.86,-1.564287665433961,-2.095721134030509,-2.092654449678566,-1.046677022278846,-0.5233490781620244,-8.288357477628794e-05,-0.02962461298350678,0.006036291929902266,-0.007922630456011815,-0.002371384446455474,-0.001137593289194206,0.0003772691462805281,0.087121185742237,-0.01775175630858588,0.02329917220891923,0.006973857344260347,0.003345477502176601,-0.001109487417986526,M01,HELD_STOW_QSPACE_ONLY,NON_RELEASE_DIAGNOSTIC_CANDIDATE,false
1087,10.87,-1.564579574045101,-2.095661654921206,-2.092732515982901,-1.046700388914576,-0.523360287533005,-7.916612157013447e-05,-0.02875896644133395,0.005859908351842536,-0.007691127088761816,-0.002302091364133031,-0.001104352223809209,0.0003662451463339952,0.08600686799528688,-0.01752470364710447,0.02300116569235895,0.006884658684517586,0.003302687394111182,-0.001095296592765918,M01,HELD_STOW_QSPACE_ONLY,NON_RELEASE_DIAGNOSTIC_CANDIDATE,false
1088,10.88,-1.564862882032247,-2.095603928269471,-2.092808282187463,-1.046723067089466,-0.523371166637658,-7.555819722342844e-05,-0.02790450074206015,0.005685802975081115,-0.007462613859696075,-0.002233693283441963,-0.001071540505867723,0.000355363534308532,0.08488501470989719,-0.01729611554919742,0.02270114391617731,0.006794856821665935,0.003259607919296429,-0.001081009802539608,M01,HELD_STOW_QSPACE_ONLY,NON_RELEASE_DIAGNOSTIC_CANDIDATE,false
1089,10.89,-1.565137701580833,-2.095547931216472,-2.092881778294459,-1.046745065783709,-0.5233817197839349,-7.205837305580137e-05,-0.02706129131465852,0.005513991168976654,-0.007237110941090938,-0.002166196242303971,-0.00103916103186307,0.0003446252707913473,0.08375561116821759,-0.0170659890159651,0.02239910294431989,0.006704450577574178,0.00321623851256284,-0.001066626859875922,M01,HELD_STOW_QSPACE_ONLY,NON_RELEASE_DIAGNOSTIC_CANDIDATE,false
1090,10.9,-1.565404145631348,-2.095493640749529,-2.092953034508021,-1.046766394037941,-0.5233919513087815,-6.866521077129178e-05,-0.02622941373527729,0.005344488332876106,-0.007014638544582387,-0.002099606290421799,-0.001007216703940134,0.0003340313182439235,0.08261864265240082,-0.0168343210485085,0.02209503884073307,0.006613438774111345,0.003172578608741029,-0.001052147577343224,M01,HELD_STOW_QSPACE_ONLY,NON_RELEASE_DIAGNOSTIC_CANDIDATE,false
1091,10.91,-1.56566232788076,-2.09544103370182,-2.09302208123459,-1.046787060953352,-0.5234018655781927,-6.537726244010972e-05,-0.02540894372724746,0.005177309896116286,-0.006795216921168087,-0.002033929489279845,-0.0009757104298956594,0.0003235826410021136,0.08147409444459661,-0.01660110864792797,0.02178894766936243,0.00652182023314622,0.003128627642661499,-0.00103757176750984,M01,HELD_STOW_QSPACE_ONLY,NON_RELEASE_DIAGNOSTIC_CANDIDATE,false
1092,10.92,-1.565912362784023,-2.095390086752079,-2.093088949083319,-1.046807075691806,-0.5234114669872701,-6.219307047964501e-05,-0.02459995716108275,0.00501247131802387,-0.006578866361207379,-0.001969171912144155,-0.0009446451231782482,0.0003132802052761416,0.08032195182695814,-0.0163663488153246,0.02148082549415448,0.006429593776547868,0.003084385049154881,-0.001022899242944139,M01,HELD_STOW_QSPACE_ONLY,NON_RELEASE_DIAGNOSTIC_CANDIDATE,false
1093,10.93,-1.566154365555506,-2.095340776424301,-2.093153668866456,-1.046826447475958,-0.5234207599602774,-5.91111676360237e-05,-0.02380253005446821,0.004849988087913065,-0.006365607194418229,-0.001905339644061513,-0.0009140237028879209,0.0003031249791504565,0.07916220008163556,-0.01613003855179886,0.02117066837905492,0.00633675822618511,0.003039850263051692,-0.001008129816214453,M01,HELD_STOW_QSPACE_ONLY,NON_RELEASE_DIAGNOSTIC_CANDIDATE,false
1094,10.94,-1.56638845217051,-2.095293079087434,-2.093216271599744,-1.046845185589372,-0.5234297489506978,-5.613007696499139e-05,-0.0230167385722691,0.004689875725087423,-0.006155459789879597,-0.001842438781860153,-0.0008838490937764579,0.0002931179325838458,0.07799482449078117,-0.01589217485845162,0.02085847238801001,0.006243312403926939,0.002995022719182531,-0.000993263299889141,M01,HELD_STOW_QSPACE_ONLY,NON_RELEASE_DIAGNOSTIC_CANDIDATE,false
1095,10.95,-1.566614739366707,-2.095246970955084,-2.093276788502814,-1.04686329937664,-0.5234384384412902,-5.32483118134558e-05,-0.02224265902653212,0.004532149778840094,-0.005948444556031785,-0.001780475434149857,-0.0008541242262474495,0.0002832600374094515,0.07681981033654643,-0.01565275473638364,0.0205442335849658,0.006149255131642281,0.002949901852377964,-0.0009782995065365501,M01,HELD_STOW_QSPACE_ONLY,NON_RELEASE_DIAGNOSTIC_CANDIDATE,false
1096,10.96,-1.566833344645666,-2.09520242808521,-2.093335250999586,-1.046880798243502,-0.5234468329441472,-5.046437580014107e-05,-0.02148036787647659,0.00437682582845202,-0.005744581940674057,-0.001719455721321245,-0.000824852036355953,0.0002735522673346572,0.07563714290108278,-0.01541177518669561,0.02022794803386833,0.006054585231200062,0.002904487097468558,-0.0009632382487250284,M01,HELD_STOW_QSPACE_ONLY,NON_RELEASE_DIAGNOSTIC_CANDIDATE,false
1097,10.97,-1.567044386274235,-2.095159426379833,-2.093391690718644,-1.046897691656956,-0.5234549370007482,-4.777676279792836e-05,-0.02072994172850711,0.004223919483194522,-0.005543892430968035,-0.001659385775546795,-0.0007960354658089817,0.0002639955979412494,0.0744468074665417,-0.01516923321048828,0.01990961179866365,0.005959301524469206,0.00285877788928488,-0.0009480793390229236,M01,HELD_STOW_QSPACE_ONLY,NON_RELEASE_DIAGNOSTIC_CANDIDATE,false
1098,10.98,-1.567247983286078,-2.095117941584733,-2.093446139493643,-1.046913989145382,-0.5234627551820187,-4.518395691432975e-05,-0.01999145733620083,0.004073446382326708,-0.005346396553434296,-0.001600271740779819,-0.0007676774619650161,0.0002545910066852557,0.07324878931507324,-0.01492512580886209,0.01958922094329743,0.005863402833318531,0.002812773662657443,-0.0009328225899985663,M01,HELD_STOW_QSPACE_ONLY,NON_RELEASE_DIAGNOSTIC_CANDIDATE,false
1099,10.99,-1.567444255483133,-2.095077949289144,-2.093498629363702,-1.04692970029866,-0.523470292088386,-4.268443247285036e-05,-0.01926499160032151,0.003925422195098329,-0.005152114873956122,-0.00154211977275559,-0.0007397809778345414,0.0002453394728971237,0.07204307372883201,-0.01467944998291839,0.01926677153171655,0.005766887979617209,0.002766473852416934,-0.0009174678142203441,M01,HELD_STOW_QSPACE_ONLY,NON_RELEASE_DIAGNOSTIC_CANDIDATE,false
1100,11,-1.567633323437083,-2.095039424925458,-2.093549192573796,-1.046944834768284,-0.5234775523498361,-4.027665399433666e-05,-0.01855062156879908,0.003779862620745625,-0.004961067997774055,-0.001484936038989706,-0.0007123489720792659,0.0002362419777814607,0.07082964598996633,-0.01443220273375728,0.01894225962786623,0.005669755785233919,0.002719877893393799,-0.000902014824256565,M01,HELD_STOW_QSPACE_ONLY,NON_RELEASE_DIAGNOSTIC_CANDIDATE,false
1101,11.01,-1.567815308490821,-2.095002343768926,-2.093597861575145,-1.046959402267484,-0.5234845406259692,-3.795907617829691e-05,-0.01784842443675643,0.003636783388496771,-0.004773276569493033,-0.001428726718780235,-0.000685384409013147,0.0002272995044173746,0.06960849138062941,-0.01418338106247985,0.01861568129569298,0.005572005072037728,0.002672985220418673,-0.0008864634326755995,M01,HELD_STOW_QSPACE_ONLY,NON_RELEASE_DIAGNOSTIC_CANDIDATE,false
1102,11.02,-1.56799033275994,-2.094966680937354,-2.09364466902562,-1.04697341257134,-0.5234912616060577,-3.57301438838678e-05,-0.01715847754648392,0.003496200257566698,-0.004588761273075595,-0.001373498003205674,-0.0006588902586014137,0.0002185130377581501,0.0683795951829736,-0.01393298197018699,0.01828703259914306,0.005473634661897629,0.002625795268322157,-0.0008708134520458065,M01,HELD_STOW_QSPACE_ONLY,NON_RELEASE_DIAGNOSTIC_CANDIDATE,false
1103,11.03,-1.56815851913417,-2.09493241139081,-2.09368964779012,-1.046986875516904,-0.5234977200091013,-3.358829211158598e-05,-0.01648085838745086,0.003358129017159416,-0.004407542831844943,-0.001319256095125867,-0.0006328694964610071,0.0002098835646313936,0.06714294267914679,-0.01368100245797871,0.0179563096021616,0.005374643376682264,0.002578307471934679,-0.0008550646949354886,M01,HELD_STOW_QSPACE_ONLY,NON_RELEASE_DIAGNOSTIC_CANDIDATE,false
1104,11.04,-1.568319991278896,-2.094899509931316,-2.093732830940978,-1.046999801003315,-0.5235039205838847,-3.153194598403547e-05,-0.01581564459631438,0.003222585486469838,-0.004229642008487314,-0.001266007209182716,-0.0006073251038609211,0.0002014120737391475,0.06589851915130486,-0.01342743952695663,0.01762350836869579,0.005275030038260913,0.002530521266086978,-0.0008392169739130501,M01,HELD_STOW_QSPACE_ONLY,NON_RELEASE_DIAGNOSTIC_CANDIDATE,false
1105,11.05,-1.568474873636584,-2.094867951202555,-2.09377425175835,-1.047012198991915,-0.5235098681090328,-2.95595207276747e-05,-0.01516291395689783,0.003089585514679366,-0.004055079605046205,-0.001213757571798454,-0.0005822600677213736,0.0001930995556576142,0.06464630988159571,-0.01317229017822075,0.01728862496269075,0.005174793468502217,0.002482436085609481,-0.0008232701015467933,M01,HELD_STOW_QSPACE_ONLY,NON_RELEASE_DIAGNOSTIC_CANDIDATE,false
1106,11.06,-1.568623291428302,-2.094837709689564,-2.093813943730615,-1.047024079506373,-0.5235155673930689,-2.766942165344233e-05,-0.01452274440021241,0.002959144980960302,-0.003883876462928156,-0.001162513421177371,-0.000557677380614635,0.000184947002837432,0.06338630015217257,-0.01291555141287217,0.01695165544809298,0.005073932489275244,0.002434051365332825,-0.000807223890405089,M01,HELD_STOW_QSPACE_ONLY,NON_RELEASE_DIAGNOSTIC_CANDIDATE,false
1107,11.07,-1.568765370655108,-2.094808759718448,-2.093851940554745,-1.047035452632793,-0.5235210232744686,-2.586004413917403e-05,-0.01389521400444696,0.002831279794473772,-0.003716053462900022,-0.001112281007305003,-0.0005335800407646392,0.000176955409603545,0.06211847524518732,-0.01265722023201168,0.01661259588884865,0.004972445922448952,0.002385366540087592,-0.0007910781530562902,M01,HELD_STOW_QSPACE_ONLY,NON_RELEASE_DIAGNOSTIC_CANDIDATE,false
1108,11.08,-1.568901238099659,-2.094781075456057,-2.093888276136742,-1.047046328519846,-0.5235262406217206,-2.412977360900792e-05,-0.01328040099496164,0.002706005894368434,-0.003551631525087283,-0.001063066591947622,-0.0005099710520467386,0.0001691257721551226,0.06084282044279096,-0.01239729363673993,0.01627144234890367,0.004870332589892231,0.002336381044704331,-0.0007748327020687389,M01,HELD_STOW_QSPACE_ONLY,NON_RELEASE_DIAGNOSTIC_CANDIDATE,false
1109,11.09,-1.569031021327525,-2.094754630909711,-2.093922984591983,-1.047056717378871,-0.523531224333378,-2.247698551668259e-05,-0.01267838374430191,0.002583339249783323,-0.003390631608977773,-0.001014876448653356,-0.0004868534239882408,0.0001614590885657371,0.05955932102713449,-0.01213576862815754,0.01592819089220398,0.004767591313473972,0.002287094314013592,-0.0007584873500107776,M01,HELD_STOW_QSPACE_ONLY,NON_RELEASE_DIAGNOSTIC_CANDIDATE,false
1110,11.1,-1.569154848688787,-2.094729399926883,-2.093956100245651,-1.047066629484009,-0.5235359793381191,-2.090004532525475e-05,-0.01208924077218961,0.002463295859846043,-0.003233074713419311,-0.0009677168627514752,-0.0004642301717680678,0.000153956358783251,0.05826796228036893,-0.01187264220736516,0.0155828375826955,0.004664220915063063,0.002237505782845923,-0.0007420419094507481,M01,HELD_STOW_QSPACE_ONLY,NON_RELEASE_DIAGNOSTIC_CANDIDATE,false
1111,11.11,-1.569272849319442,-2.094705356194904,-2.09398765763311,-1.047076075172307,-0.5235405105948018,-1.939730848907889e-05,-0.01151305074552424,0.00234589175367302,-0.003078981876620031,-0.0009215941313524949,-0.0004421043162168042,0.0001466185846298326,0.05696872948464792,-0.01160791137546396,0.01523537848432485,0.004560220216528606,0.002187614886031976,-0.0007254961929570265,M01,HELD_STOW_QSPACE_ONLY,NON_RELEASE_DIAGNOSTIC_CANDIDATE,false
1112,11.12,-1.569385153142882,-2.094682473240669,-2.094017691500301,-1.047085064843846,-0.52354482309252,-1.796712043507925e-05,-0.01094989247838297,0.002231142990369507,-0.002928374176148391,-0.0008765145633481758,-0.0004204788838166976,0.0001394467698019564,0.05566160792212027,-0.0113415731335541,0.01488580966103738,0.004455588039739313,0.002137421058402215,-0.0007088500130979267,M01,HELD_STOW_QSPACE_ONLY,NON_RELEASE_DIAGNOSTIC_CANDIDATE,false
1113,11.13,-1.569491890871397,-2.094660724430327,-2.09404623680414,-1.047093608961853,-0.5235489218506618,-1.660781654357069e-05,-0.01039984493202825,0.002119065659031135,-0.002781272728935203,-0.0008324844794121337,-0.0003993569067019507,0.0001324419198704999,0.05434658287494008,-0.01107362448273688,0.01453412717677982,0.004350323206564323,0.00208692373478731,-0.0006921031824418303,M01,HELD_STOW_QSPACE_ONLY,NON_RELEASE_DIAGNOSTIC_CANDIDATE,false
1114,11.14,-1.5695931940076,-2.094640082968989,-2.094073328712907,-1.047101718052821,-0.5235528119189636,-1.531772213011345e-05,-0.009862987214896398,0.002009675878741585,-0.002637698691270582,-0.0007895102119989238,-0.0003787414226582829,0.0001256050422805982,0.053023639625257,-0.01080406242411263,0.01418032709549776,0.004244424538872417,0.002036122350017756,-0.0006752555135570624,M01,HELD_STOW_QSPACE_ONLY,NON_RELEASE_DIAGNOSTIC_CANDIDATE,false
1115,11.15,-1.569689194845962,-2.094620521900421,-2.094099002606645,-1.047109402706628,-0.5235564983775693,-1.409515242596637e-05,-0.009339398582591217,0.001902989798571291,-0.002497673258802247,-0.0007475981053435334,-0.0003586354751226861,0.0001189371463515631,0.05169276345522295,-0.01053288395878219,0.01382440548113735,0.004137890858532557,0.001985016338924138,-0.0006583068190119763,M01,HELD_STOW_QSPACE_ONLY,NON_RELEASE_DIAGNOSTIC_CANDIDATE,false
1116,11.16,-1.569780026474194,-2.094602014106758,-2.094123294077545,-1.047116673576649,-0.523559986337084,-1.293841256044814e-05,-0.008829158437918315,0.001799023597584431,-0.002361217666544687,-0.0007067545154641262,-0.0003390421131847417,0.0001124392432773197,0.05035393964698935,-0.01026008608784626,0.01346635839764463,0.004030720987413666,0.001933605136337023,-0.0006412569113749199,M01,HELD_STOW_QSPACE_ONLY,NON_RELEASE_DIAGNOSTIC_CANDIDATE,false
1117,11.17,-1.569865822774835,-2.094584532308178,-2.094146238930355,-1.047123541379885,-0.5235632809386338,-1.184579754081455e-05,-0.008332346330839367,0.001697793484829608,-0.002228353188866939,-0.0006669858101583826,-0.0003199643915848647,0.0001061123461258242,0.04900715348270812,-0.009985665812405668,0.01310618190896576,0.003922913747384707,0.001881888177086992,-0.0006241056032142466,M01,HELD_STOW_QSPACE_ONLY,NON_RELEASE_DIAGNOSTIC_CANDIDATE,false
1118,11.18,-1.569946718426579,-2.094568049062639,-2.094167873182746,-1.047130016897065,-0.5235663873539176,-1.081559223524431e-05,-0.007849041958510229,0.001599315699347615,-0.002099101139502774,-0.0006282983690065497,-0.000301405370715767,9.995746983954924e-05,0.04765239024453023,-0.009709620133561043,0.01274387207904667,0.003814467960314567,0.001829864896004596,-0.0006068527070982983,M01,HELD_STOW_QSPACE_ONLY,NON_RELEASE_DIAGNOSTIC_CANDIDATE,false
1119,11.19,-1.570022848905906,-2.094552536765542,-2.094188233065743,-1.047136110972781,-0.5235693107852696,-9.846071352112573e-06,-0.007379325165255527,0.001503606510166258,-0.001973482871543906,-0.000590698583369408,-0.0002833681166214818,9.39756312351601e-05,0.04628963521460715,-0.009431946052413109,0.01237942497183339,0.003705382448072171,0.001777534727920401,-0.0005894980355954229,M01,HELD_STOW_QSPACE_ONLY,NON_RELEASE_DIAGNOSTIC_CANDIDATE,false
1120,11.2,-1.570094350488433,-2.094537967649456,-2.094207355024085,-1.047141834515593,-0.5235720564657109,-8.935499422872695e-06,-0.006923275942582632,0.001410682216303205,-0.001851519777443729,-0.0005541928563893894,-0.0002658557009979004,8.816784900369296e-05,0.04491887367509076,-0.009152640570062678,0.01201283665127209,0.00359565603252648,0.001724897107664989,-0.0005720414012739738,M01,HELD_STOW_QSPACE_ONLY,NON_RELEASE_DIAGNOSTIC_CANDIDATE,false
1121,11.21,-1.570161360250447,-2.094524313783804,-2.094225275716641,-1.047147198498153,-0.5235746296590086,-8.082130782363639e-06,-0.006480974429177848,0.001320559146765207,-0.001733233289016292,-0.0005187876029902727,-0.0002488712011926252,8.253514371050619e-05,0.04354009090813384,-0.008871700687610744,0.01164410318130917,0.003485287535546526,0.001671951470068979,-0.0005544826167023156,M01,HELD_STOW_QSPACE_ONLY,NON_RELEASE_DIAGNOSTIC_CANDIDATE,false
1122,11.22,-1.570224016070318,-2.094511547074579,-2.094242032016784,-1.047152213957319,-0.5235770356597301,-7.284209550935394e-06,-0.006052500910905144,0.001233253660547841,-0.001618644877435969,-0.0004844892498770814,-0.0002324177002049218,7.707853779526421e-05,0.04215327219588473,-0.008589123406157402,0.01127322062588983,0.003374275779000984,0.001618697249962817,-0.0005368214944487567,M01,HELD_STOW_QSPACE_ONLY,NON_RELEASE_DIAGNOSTIC_CANDIDATE,false
1123,11.23,-1.570282456630073,-2.094499639264022,-2.09425766101281,-1.047156891994279,-0.5235792797933035,-6.53996961438863e-06,-0.005637935820804883,0.00114878214663525,-0.001507776053237111,-0.0004513042355359827,-0.0002164982866856697,7.179905557192137e-05,0.04075840282049754,-0.008304905726803914,0.01090018504896083,0.003262619584758993,0.001565133882177171,-0.0005190578470816785,M01,HELD_STOW_QSPACE_ONLY,NON_RELEASE_DIAGNOSTIC_CANDIDATE,false
1124,11.24,-1.570336821416749,-2.094488561930345,-2.094272200008302,-1.047161243774659,-0.5235813674160693,-5.847634606724605e-06,-0.005237359739098899,0.001067161024001179,-0.001400648366315409,-0.0004192390102346933,-0.0002011160549375574,6.669772322878651e-05,0.03935546806412282,-0.008019044650650821,0.01052499251446798,0.003150317774689406,0.001511260801542574,-0.0005011914871694176,M01,HELD_STOW_QSPACE_ONLY,NON_RELEASE_DIAGNOSTIC_CANDIDATE,false
1125,11.25,-1.570387250723952,-2.094478286487413,-2.094285686522552,-1.047165280528652,-0.5235833039153406,-5.205417890286057e-06,-0.004850853393184153,0.0009884067416076807,-0.001297283405926194,-0.0003883000360219719,-0.0001862741049148388,6.17755688284423e-05,0.0379444532089098,-0.007731537178798397,0.01014763908635672,0.00303736917066097,0.001457077442889507,-0.0004832222272802934,M01,HELD_STOW_QSPACE_ONLY,NON_RELEASE_DIAGNOSTIC_CANDIDATE,false
1126,11.26,-1.570433885653298,-2.094468784184452,-2.094298158290934,-1.047169013551128,-0.523585094709458,-4.611522537431578e-06,-0.004478497657641621,0.0009125357784069269,-0.001197702800686816,-0.0003584937867283305,-0.0001719755422236743,5.703362230785823e-05,0.03652534353701482,-0.007442380312348359,0.00976812082857439,0.002923772594543001,0.001402583241048723,-0.0004651498799827159,M01,HELD_STOW_QSPACE_ONLY,NON_RELEASE_DIAGNOSTIC_CANDIDATE,false
1127,11.27,-1.570476868115862,-2.094460026105754,-2.094309653265304,-1.047172454201753,-0.5235867452478463,-4.064141312036529e-06,-0.004120373554224857,0.0008395646433388799,-0.001101928218573584,-0.0003298267479651191,-0.000158223478121692,5.24729154782452e-05,0.03509812433058576,-0.007151571052400706,0.009386433805066097,0.00280952686820414,0.001347777630850653,-0.0004469742578449874,M01,HELD_STOW_QSPACE_ONLY,NON_RELEASE_DIAGNOSTIC_CANDIDATE,false
1128,11.28,-1.570516340833704,-2.094451983170365,-2.094320209614403,-1.047175613905112,-0.5235882610110716,-3.56145665014046e-06,-0.003776562251870165,0.0007695098753333623,-0.001009981366924488,-0.0003023054171253396,-0.000145021029518378,4.809448202518489e-05,0.03366278087177586,-0.006859106400056525,0.00900257407977835,0.002694630813513454,0.00129266004712593,-0.0004286951734354785,M01,HELD_STOW_QSPACE_ONLY,NON_RELEASE_DIAGNOSTIC_CANDIDATE,false
1129,11.29,-1.570552447341278,-2.094444626131797,-2.094329865724231,-1.047178504150819,-0.5235896475108964,-3.101640641899051e-06,-0.003447145066690242,0.0007023880433087634,-0.0009218839924374986,-0.0002759363033831373,-0.0001323713189748323,4.389935750854883e-05,0.03221929844273477,-0.006564983356416176,0.008616537716656719,0.002579083252339725,0.001237229924705053,-0.0004103124393225143,M01,HELD_STOW_QSPACE_ONLY,NON_RELEASE_DIAGNOSTIC_CANDIDATE,false
1130,11.3,-1.570585331986958,-2.094437925577719,-2.094338660198459,-1.047181136493639,-0.5235909102903381,-2.68285501225235e-06,-0.003132203461977986,0.0006382157461728154,-0.0008376578811715822,-0.0002507259276941057,-0.0001202774747039153,3.988857936254696e-05,0.03076766232561572,-0.006269198922580742,0.008228320779647717,0.00246288300655202,0.001181486698418655,-0.000391825868074465,M01,HELD_STOW_QSPACE_ONLY,NON_RELEASE_DIAGNOSTIC_CANDIDATE,false
1131,11.31,-1.570615139934472,-2.094431851929664,-2.094346631858812,-1.047183522553607,-0.5235920549237237,-2.303251102578341e-06,-0.002831819048200151,0.0005770096128212994,-0.0007573248585450087,-0.000226680822794778,-0.0001087426305700038,3.606318689564676e-05,0.02930785780256972,-0.005971750099650859,0.00783791933269727,0.002346028898019228,0.001125429803097287,-0.0003732352722596728,M01,HELD_STOW_QSPACE_ONLY,NON_RELEASE_DIAGNOSTIC_CANDIDATE,false
1132,11.32,-1.570642017164399,-2.094426375442724,-2.094353819745469,-1.047185674016144,-0.5235930870167477,-1.96096985169425e-06,-0.002546073583006234,0.0005187863021398569,-0.0006809067893377259,-0.0002038075332033395,-9.776992608933254e-05,3.242422129068646e-05,0.02783987015574776,-0.005672633888727159,0.007445329439751299,0.00222851974861024,0.001069058673571497,-0.0003545404644464798,M01,HELD_STOW_QSPACE_ONLY,NON_RELEASE_DIAGNOSTIC_CANDIDATE,false
1133,11.33,-1.570666110475623,-2.094421466205254,-2.094360263117452,-1.047187602632175,-0.5235940122065275,-1.654141777295004e-06,-0.002275048971224666,0.0004635625030032137,-0.0006084255776903409,-0.000182112615219322,-8.736250642984777e-05,2.897272560482654e-05,0.0263636846673013,-0.005371847290910365,0.007050547164755846,0.002110354380193979,0.001012372744671852,-0.0003357412572032337,M01,HELD_STOW_QSPACE_ONLY,NON_RELEASE_DIAGNOSTIC_CANDIDATE,false
1134,11.34,-1.570687567486821,-2.094417094138566,-2.094366001453021,-1.047189320218246,-0.5235948361616609,-1.38088695702393e-06,-0.002018827264856463,0.0004113549342738857,-0.0005399031671024221,-0.0001616026369230953,-7.752352241096344e-05,2.570974476946881e-05,0.02487928661938178,-0.005069387307301201,0.006653568571656954,0.001991531614639371,0.0009553714512289179,-0.0003168374630982824,M01,HELD_STOW_QSPACE_ONLY,NON_RELEASE_DIAGNOSTIC_CANDIDATE,false
1135,11.35,-1.570706536637921,-2.09441322899664,-2.09437107445007,-1.047190838656644,-0.5235955645822822,-1.139315009904274e-06,-0.001777490663093004,0.0003621803448058022,-0.0004753615404372545,-0.0001422841781772913,-6.825613050424405e-05,2.263632559048293e-05,0.0233866612941424,-0.00476525093900075,0.006254389724401135,0.001872050273815481,0.0008980542280733286,-0.000297828894699996,M01,HELD_STOW_QSPACE_ONLY,NON_RELEASE_DIAGNOSTIC_CANDIDATE,false
1136,11.36,-1.570723167191578,-2.094409840365812,-2.094375522026515,-1.047192169895513,-0.5235962032001181,-9.275250775347965e-07,-0.001551121512290632,0.0003160555134391297,-0.0004148227199150459,-0.00012416383062477,-5.956349283242909e-05,1.975351674788284e-05,0.0218857939737311,-0.004459435187109013,0.005853006686933488,0.001751909179590953,0.0008404205100355145,-0.0002787153645766772,M01,HELD_STOW_QSPACE_ONLY,NON_RELEASE_DIAGNOSTIC_CANDIDATE,false
1137,11.37,-1.570737609234627,-2.094406897664486,-2.094379384320688,-1.04719332594897,-0.5235967577785446,-7.436058055976247e-07,-0.001339802305994785,0.0002729972490051893,-0.0003583087671193816,-0.0001072481976905513,-5.144877717035984e-05,1.70623687961341e-05,0.02037666994030328,-0.004151937052727527,0.005449415523201116,0.001631107153835029,0.0007824697319461949,-0.0002594966852967245,M01,HELD_STOW_QSPACE_ONLY,NON_RELEASE_DIAGNOSTIC_CANDIDATE,false
1138,11.38,-1.570750013679623,-2.094404370142818,-2.094382701691746,-1.047194318897231,-0.5235972341126454,-5.856353242073009e-07,-0.001143615684920941,0.0002330223903225747,-0.0003058417829921281,-9.154389458029028e-05,-4.391515694424771e-05,1.456393416391131e-05,0.01885927447600863,-0.003842753536956653,0.00504361229714959,0.001509643018416492,0.0007242013286358679,-0.0002401726694284631,M01,HELD_STOW_QSPACE_ONLY,NON_RELEASE_DIAGNOSTIC_CANDIDATE,false
1139,11.39,-1.570760532266222,-2.094402226882433,-2.094385514720041,-1.047195160886717,-0.5235976380292647,-4.516812304039552e-07,-0.0009626444369711377,0.0001961478062005164,-0.0002574439078378495,-7.705754828159846e-05,-3.696581123230829e-05,1.225926715430833e-05,0.01733359286299815,-0.003531881640897025,0.004635593072724833,0.001387515595204232,0.000665614734935083,-0.000220743129540235,M01,HELD_STOW_QSPACE_ONLY,NON_RELEASE_DIAGNOSTIC_CANDIDATE,false
1140,11.4,-1.570769317562712,-2.094400436796118,-2.094387864207528,-1.047195864130181,-0.523597975387067,-3.39800568599502e-07,-0.0007969714972161818,0.0001623903954352587,-0.0002131373213190524,-6.379579756262076e-05,-3.060392476407859e-05,1.014942394461186e-05,0.01579961038342373,-0.003219318365649456,0.004225353913873002,0.001264723706067208,0.0006067093856744229,-0.0002012078782003938,M01,HELD_STOW_QSPACE_ONLY,NON_RELEASE_DIAGNOSTIC_CANDIDATE,false
1141,11.41,-1.570776522967449,-2.094398968627521,-2.094389791178154,-1.04719644090682,-0.5235982520765914,-2.480398122450822e-07,-0.0006466799479185172,0.0001317670868147181,-0.0001729442424622993,-5.176529297386547e-05,-2.483268792129486e-05,8.235462586592595e-06,0.01425731231943814,-0.002905060712314939,0.003812890884540497,0.001141266172874453,0.0005474847156845052,-0.000181566727977304,M01,HELD_STOW_QSPACE_ONLY,NON_RELEASE_DIAGNOSTIC_CANDIDATE,false
1142,11.42,-1.570782302710381,-2.09439779095085,-2.094391336878259,-1.0471969035624,-0.5235984740203101,-1.744348445548161e-07,-0.0005118530185017388,0.0001042948391122719,-0.0001368869296500569,-4.097269684576406e-05,-1.96552967367221e-05,6.518443006116989e-06,0.01270668395319062,-0.002589105681993748,0.003398200048672766,0.001017141817494714,0.000487940159795811,-0.0001618194914392852,M01,HELD_STOW_QSPACE_ONLY,NON_RELEASE_DIAGNOSTIC_CANDIDATE,false
1143,11.43,-1.570786811854465,-2.094396872170575,-2.094392542776957,-1.047197264509365,-0.5235986471726836,-1.170109403189623e-07,-0.0003925740855861583,7.999064109400492e-05,-0.0001049876806302068,-3.14246832915181e-05,-1.507495289551969e-05,4.999427003600201e-06,0.01114771056683394,-0.002271450275786875,0.002981277470216207,0.0008923494617970218,0.0004280751528389576,-0.0001419659811547019,M01,HELD_STOW_QSPACE_ONLY,NON_RELEASE_DIAGNOSTIC_CANDIDATE,false
1144,11.44,-1.570790206297151,-2.094396180521135,-2.094393450566538,-1.04719753622696,-0.5235987775202167,-7.378274708563781e-08,-0.0002889266729583194,5.887151151249792e-05,-7.726883250789329e-05,-2.312793820465908e-05,-1.109486373407083e-05,3.67947825361786e-06,0.009580377442519548,-0.001952091494795045,0.002562119213116861,0.0007668879276503014,0.000367889129644511,-0.0001220060096919022,M01,HELD_STOW_QSPACE_ONLY,NON_RELEASE_DIAGNOSTIC_CANDIDATE,false
1145,11.45,-1.570792642771881,-2.094395684066624,-2.094394102162862,-1.047197731261349,-0.5235988710815166,-4.275426609273714e-08,-0.0002009944515887804,4.09544991104511e-05,-5.375276175027906e-05,-1.608915926047181e-05,-7.718242240665388e-06,2.559662305132532e-06,0.008004669862398006,-0.0016310263401188,0.002140721341320534,0.0006407560369234067,0.0003073815250430037,-0.0001019393896192222,M01,HELD_STOW_QSPACE_ONLY,NON_RELEASE_DIAGNOSTIC_CANDIDATE,false
1146,11.46,-1.570794278849536,-2.094395350700502,-2.094394539705748,-1.04719786222573,-0.5235989339073487,-2.191883372720804e-08,-0.0001288612396206828,2.625668261835477e-05,-3.446188418348773e-05,-1.031505591507938e-05,-4.948307055060897e-06,1.64104658134814e-06,0.006420573108622526,-0.001308251812859224,0.001717079918773739,0.0005139526114854044,0.0002465517738650696,-8.176593350503244e-05,M01,HELD_STOW_QSPACE_ONLY,NON_RELEASE_DIAGNOSTIC_CANDIDATE,false
1147,11.47,-1.570795272939903,-2.094395148145294,-2.094394805559368,-1.047197941800455,-0.5235989720806923,-9.259102970449185e-09,-7.261100238753358e-05,1.479517075811263e-05,-1.941865499735967e-05,-5.812349406866606e-06,-2.788282469165435e-06,9.24700379936422e-07,0.004828072463343229,-0.0009837649141167697,0.001291191009422163,0.0003864764732051129,0.0001853993109412241,-6.148545391766364e-05,M01,HELD_STOW_QSPACE_ONLY,NON_RELEASE_DIAGNOSTIC_CANDIDATE,false
1148,11.48,-1.570795784293184,-2.094395043952281,-2.094394942312651,-1.047197982733149,-0.5235989917167989,-2.747024122062847e-09,-3.232785238653168e-05,6.587102237606798e-06,-8.645568738318486e-06,-2.587772754344855e-06,-1.241398426013329e-06,4.116948726972371e-07,0.003227153208712005,-0.0006575626449922502,0.0008630506772119677,0.0002583264439514926,0.0001239235711020503,-4.109776342546919e-05,M01,HELD_STOW_QSPACE_ONLY,NON_RELEASE_DIAGNOSTIC_CANDIDATE,false
1149,11.49,-1.57079597300143,-2.094395005501211,-2.094394992779663,-1.047197997838825,-0.5235989989632476,-3.438265089306114e-10,-8.096049305241501e-06,1.649645756132851e-06,-2.165159316504491e-06,-6.480707582872091e-07,-3.10890520789444e-07,1.031031058982619e-07,0.001617800626880741,-0.0003296420065864794,0.0004326549860893115,0.0001295013455935036,6.212398917813155e-05,-2.060267459680248e-05,M01,HELD_STOW_QSPACE_ONLY,NON_RELEASE_DIAGNOSTIC_CANDIDATE,false
1150,11.5,-1.570796,-2.094395,-2.094395,-1.047198,-0.523599,0,-0,0,-0,-0,-0,0,-0,0,-0,-0,-0,0,M01,HELD_STOW_QSPACE_ONLY,NON_RELEASE_DIAGNOSTIC_CANDIDATE,false
