configuration,mesh_set,arm_part,link,env_part,env_role,tier,aabb_gap_mm,mesh_gap_mm,effective_gap_mm,classification,counts_as_real,q_deg
STOWED_ENGINEERING_CANDIDATE,STOWED,B51_REF_base_link_LINKLOCAL,base_link,Adapter_Plate,ARM_MOUNT_INTERFACE,AABB_CLEAR,12.405,,12.405,EXCLUDED_BOLTED_MOUNT_INTERFACE,False,"[145.572, -168.0, -57.0, -41.143, -20.954, -3.0]"
STOWED_ENGINEERING_CANDIDATE,STOWED,B51_REF_base_link_LINKLOCAL,base_link,Aft_Saddle,SADDLE_PLACEHOLDER,AABB_CLEAR,216.7609,,216.7609,CLEAR,False,"[145.572, -168.0, -57.0, -41.143, -20.954, -3.0]"
STOWED_ENGINEERING_CANDIDATE,STOWED,B51_REF_base_link_LINKLOCAL,base_link,Central_Boss,ARM_MOUNT_INTERFACE,MESH,2.405,2.7142,2.7142,EXCLUDED_BOLTED_MOUNT_INTERFACE,False,"[145.572, -168.0, -57.0, -41.143, -20.954, -3.0]"
STOWED_ENGINEERING_CANDIDATE,STOWED,B51_REF_base_link_LINKLOCAL,base_link,Deck_Front_Bay,BUS_STRUCTURE,AABB_CLEAR,91.405,,91.405,CLEAR,False,"[145.572, -168.0, -57.0, -41.143, -20.954, -3.0]"
STOWED_ENGINEERING_CANDIDATE,STOWED,B51_REF_base_link_LINKLOCAL,base_link,Deck_Mid_Bay,BUS_STRUCTURE,AABB_CLEAR,152.405,,152.405,CLEAR,False,"[145.572, -168.0, -57.0, -41.143, -20.954, -3.0]"
STOWED_ENGINEERING_CANDIDATE,STOWED,B51_REF_base_link_LINKLOCAL,base_link,Deck_Rear_Bay,BUS_STRUCTURE,AABB_CLEAR,274.405,,274.405,CLEAR,False,"[145.572, -168.0, -57.0, -41.143, -20.954, -3.0]"
STOWED_ENGINEERING_CANDIDATE,STOWED,B51_REF_base_link_LINKLOCAL,base_link,Front_End_Frame,BUS_STRUCTURE,AABB_CLEAR,27.405,,27.405,CLEAR,False,"[145.572, -168.0, -57.0, -41.143, -20.954, -3.0]"
STOWED_ENGINEERING_CANDIDATE,STOWED,B51_REF_base_link_LINKLOCAL,base_link,Front_Transverse_Frame,BUS_STRUCTURE,AABB_CLEAR,85.405,,85.405,CLEAR,False,"[145.572, -168.0, -57.0, -41.143, -20.954, -3.0]"
STOWED_ENGINEERING_CANDIDATE,STOWED,B51_REF_base_link_LINKLOCAL,base_link,Fwd_Saddle,SADDLE_PLACEHOLDER,AABB_CLEAR,60.328,,60.328,CLEAR,False,"[145.572, -168.0, -57.0, -41.143, -20.954, -3.0]"
STOWED_ENGINEERING_CANDIDATE,STOWED,B51_REF_base_link_LINKLOCAL,base_link,HDRM_Base_1_Left,BUS_STRUCTURE,AABB_CLEAR,363.1471,,363.1471,CLEAR,False,"[145.572, -168.0, -57.0, -41.143, -20.954, -3.0]"
STOWED_ENGINEERING_CANDIDATE,STOWED,B51_REF_base_link_LINKLOCAL,base_link,HDRM_Base_1_Right,BUS_STRUCTURE,AABB_CLEAR,363.1517,,363.1517,CLEAR,False,"[145.572, -168.0, -57.0, -41.143, -20.954, -3.0]"
STOWED_ENGINEERING_CANDIDATE,STOWED,B51_REF_base_link_LINKLOCAL,base_link,HDRM_Base_2_Left,BUS_STRUCTURE,AABB_CLEAR,168.8604,,168.8604,CLEAR,False,"[145.572, -168.0, -57.0, -41.143, -20.954, -3.0]"
STOWED_ENGINEERING_CANDIDATE,STOWED,B51_REF_base_link_LINKLOCAL,base_link,HDRM_Base_2_Right,BUS_STRUCTURE,AABB_CLEAR,168.8702,,168.8702,CLEAR,False,"[145.572, -168.0, -57.0, -41.143, -20.954, -3.0]"
STOWED_ENGINEERING_CANDIDATE,STOWED,B51_REF_base_link_LINKLOCAL,base_link,HDRM_Rod_1_Left,BUS_STRUCTURE,AABB_CLEAR,371.8367,,371.8367,CLEAR,False,"[145.572, -168.0, -57.0, -41.143, -20.954, -3.0]"
STOWED_ENGINEERING_CANDIDATE,STOWED,B51_REF_base_link_LINKLOCAL,base_link,HDRM_Rod_1_Right,BUS_STRUCTURE,AABB_CLEAR,371.8418,,371.8418,CLEAR,False,"[145.572, -168.0, -57.0, -41.143, -20.954, -3.0]"
STOWED_ENGINEERING_CANDIDATE,STOWED,B51_REF_base_link_LINKLOCAL,base_link,HDRM_Rod_2_Left,BUS_STRUCTURE,AABB_CLEAR,179.1662,,179.1662,CLEAR,False,"[145.572, -168.0, -57.0, -41.143, -20.954, -3.0]"
STOWED_ENGINEERING_CANDIDATE,STOWED,B51_REF_base_link_LINKLOCAL,base_link,HDRM_Rod_2_Right,BUS_STRUCTURE,AABB_CLEAR,179.1769,,179.1769,CLEAR,False,"[145.572, -168.0, -57.0, -41.143, -20.954, -3.0]"
STOWED_ENGINEERING_CANDIDATE,STOWED,B51_REF_base_link_LINKLOCAL,base_link,Hard_Stop_Left,BUS_STRUCTURE,AABB_CLEAR,275.0303,,275.0303,CLEAR,False,"[145.572, -168.0, -57.0, -41.143, -20.954, -3.0]"
STOWED_ENGINEERING_CANDIDATE,STOWED,B51_REF_base_link_LINKLOCAL,base_link,Hard_Stop_Right,BUS_STRUCTURE,AABB_CLEAR,275.0373,,275.0373,CLEAR,False,"[145.572, -168.0, -57.0, -41.143, -20.954, -3.0]"
STOWED_ENGINEERING_CANDIDATE,STOWED,B51_REF_base_link_LINKLOCAL,base_link,Harness_Passage,ARM_MOUNT_INTERFACE,AABB_CLEAR,39.405,,39.405,EXCLUDED_BOLTED_MOUNT_INTERFACE,False,"[145.572, -168.0, -57.0, -41.143, -20.954, -3.0]"
STOWED_ENGINEERING_CANDIDATE,STOWED,B51_REF_base_link_LINKLOCAL,base_link,Harness_Service_Loop_Left,BUS_STRUCTURE,AABB_CLEAR,304.873,,304.873,CLEAR,False,"[145.572, -168.0, -57.0, -41.143, -20.954, -3.0]"
STOWED_ENGINEERING_CANDIDATE,STOWED,B51_REF_base_link_LINKLOCAL,base_link,Harness_Service_Loop_Right,BUS_STRUCTURE,AABB_CLEAR,304.8784,,304.8784,CLEAR,False,"[145.572, -168.0, -57.0, -41.143, -20.954, -3.0]"
STOWED_ENGINEERING_CANDIDATE,STOWED,B51_REF_base_link_LINKLOCAL,base_link,Hinge_Ear_1_Left,BUS_STRUCTURE,AABB_CLEAR,281.8658,,281.8658,CLEAR,False,"[145.572, -168.0, -57.0, -41.143, -20.954, -3.0]"
STOWED_ENGINEERING_CANDIDATE,STOWED,B51_REF_base_link_LINKLOCAL,base_link,Hinge_Ear_1_Right,BUS_STRUCTURE,AABB_CLEAR,281.8726,,281.8726,CLEAR,False,"[145.572, -168.0, -57.0, -41.143, -20.954, -3.0]"
STOWED_ENGINEERING_CANDIDATE,STOWED,B51_REF_base_link_LINKLOCAL,base_link,Hinge_Ear_2_Left,BUS_STRUCTURE,AABB_CLEAR,264.3062,,264.3062,CLEAR,False,"[145.572, -168.0, -57.0, -41.143, -20.954, -3.0]"
STOWED_ENGINEERING_CANDIDATE,STOWED,B51_REF_base_link_LINKLOCAL,base_link,Hinge_Ear_2_Right,BUS_STRUCTURE,AABB_CLEAR,264.3134,,264.3134,CLEAR,False,"[145.572, -168.0, -57.0, -41.143, -20.954, -3.0]"
STOWED_ENGINEERING_CANDIDATE,STOWED,B51_REF_base_link_LINKLOCAL,base_link,Hinge_Pin_Left,BUS_STRUCTURE,AABB_CLEAR,262.2731,,262.2731,CLEAR,False,"[145.572, -168.0, -57.0, -41.143, -20.954, -3.0]"
STOWED_ENGINEERING_CANDIDATE,STOWED,B51_REF_base_link_LINKLOCAL,base_link,Hinge_Pin_Right,BUS_STRUCTURE,AABB_CLEAR,262.2826,,262.2826,CLEAR,False,"[145.572, -168.0, -57.0, -41.143, -20.954, -3.0]"
STOWED_ENGINEERING_CANDIDATE,STOWED,B51_REF_base_link_LINKLOCAL,base_link,Launch_Lock_Interface_Reference,REFERENCE_ONLY,AABB_CLEAR,212.5956,,212.5956,EXCLUDED_REFERENCE_ONLY_BODY,False,"[145.572, -168.0, -57.0, -41.143, -20.954, -3.0]"
STOWED_ENGINEERING_CANDIDATE,STOWED,B51_REF_base_link_LINKLOCAL,base_link,Load_Bridge_Left,ARM_MOUNT_INTERFACE,AABB_CLEAR,39.9965,,39.9965,EXCLUDED_BOLTED_MOUNT_INTERFACE,False,"[145.572, -168.0, -57.0, -41.143, -20.954, -3.0]"
STOWED_ENGINEERING_CANDIDATE,STOWED,B51_REF_base_link_LINKLOCAL,base_link,Load_Bridge_Right,ARM_MOUNT_INTERFACE,AABB_CLEAR,40.002,,40.002,EXCLUDED_BOLTED_MOUNT_INTERFACE,False,"[145.572, -168.0, -57.0, -41.143, -20.954, -3.0]"
STOWED_ENGINEERING_CANDIDATE,STOWED,B51_REF_base_link_LINKLOCAL,base_link,Load_Spreading_Frame,ARM_MOUNT_INTERFACE,AABB_CLEAR,35.405,,35.405,EXCLUDED_BOLTED_MOUNT_INTERFACE,False,"[145.572, -168.0, -57.0, -41.143, -20.954, -3.0]"
STOWED_ENGINEERING_CANDIDATE,STOWED,B51_REF_base_link_LINKLOCAL,base_link,Longerons_4X,BUS_STRUCTURE,AABB_CLEAR,27.405,,27.405,CLEAR,False,"[145.572, -168.0, -57.0, -41.143, -20.954, -3.0]"
STOWED_ENGINEERING_CANDIDATE,STOWED,B51_REF_base_link_LINKLOCAL,base_link,Maintenance_Access_Cover,BUS_STRUCTURE,AABB_CLEAR,61.1753,,61.1753,CLEAR,False,"[145.572, -168.0, -57.0, -41.143, -20.954, -3.0]"
STOWED_ENGINEERING_CANDIDATE,STOWED,B51_REF_base_link_LINKLOCAL,base_link,Mid_Saddle,SADDLE_PLACEHOLDER,AABB_CLEAR,122.083,,122.083,CLEAR,False,"[145.572, -168.0, -57.0, -41.143, -20.954, -3.0]"
STOWED_ENGINEERING_CANDIDATE,STOWED,B51_REF_base_link_LINKLOCAL,base_link,Mid_Transverse_Frame_,BUS_STRUCTURE,AABB_CLEAR,146.405,,146.405,CLEAR,False,"[145.572, -168.0, -57.0, -41.143, -20.954, -3.0]"
STOWED_ENGINEERING_CANDIDATE,STOWED,B51_REF_base_link_LINKLOCAL,base_link,Rear_End_Frame,BUS_STRUCTURE,AABB_CLEAR,385.405,,385.405,CLEAR,False,"[145.572, -168.0, -57.0, -41.143, -20.954, -3.0]"
STOWED_ENGINEERING_CANDIDATE,STOWED,B51_REF_base_link_LINKLOCAL,base_link,Release_Clearance_Envelope,REFERENCE_ONLY,AABB_CLEAR,246.8543,,246.8543,EXCLUDED_REFERENCE_ONLY_BODY,False,"[145.572, -168.0, -57.0, -41.143, -20.954, -3.0]"
STOWED_ENGINEERING_CANDIDATE,STOWED,B51_REF_base_link_LINKLOCAL,base_link,Root_Base_Left,BUS_STRUCTURE,AABB_CLEAR,258.686,,258.686,CLEAR,False,"[145.572, -168.0, -57.0, -41.143, -20.954, -3.0]"
STOWED_ENGINEERING_CANDIDATE,STOWED,B51_REF_base_link_LINKLOCAL,base_link,Root_Base_Right,BUS_STRUCTURE,AABB_CLEAR,258.6924,,258.6924,CLEAR,False,"[145.572, -168.0, -57.0, -41.143, -20.954, -3.0]"
STOWED_ENGINEERING_CANDIDATE,STOWED,B51_REF_base_link_LINKLOCAL,base_link,Root_Node_Spine_Left,BUS_STRUCTURE,AABB_CLEAR,269.891,,269.891,CLEAR,False,"[145.572, -168.0, -57.0, -41.143, -20.954, -3.0]"
STOWED_ENGINEERING_CANDIDATE,STOWED,B51_REF_base_link_LINKLOCAL,base_link,Root_Node_Spine_Right,BUS_STRUCTURE,AABB_CLEAR,269.8968,,269.8968,CLEAR,False,"[145.572, -168.0, -57.0, -41.143, -20.954, -3.0]"
STOWED_ENGINEERING_CANDIDATE,STOWED,B51_REF_base_link_LINKLOCAL,base_link,Spacecraft_Flange,ARM_MOUNT_INTERFACE,AABB_CLEAR,24.405,,24.405,EXCLUDED_BOLTED_MOUNT_INTERFACE,False,"[145.572, -168.0, -57.0, -41.143, -20.954, -3.0]"
STOWED_ENGINEERING_CANDIDATE,STOWED,B51_REF_base_link_LINKLOCAL,base_link,Torsion_Spring_1_Left,BUS_STRUCTURE,AABB_CLEAR,294.8432,,294.8432,CLEAR,False,"[145.572, -168.0, -57.0, -41.143, -20.954, -3.0]"
STOWED_ENGINEERING_CANDIDATE,STOWED,B51_REF_base_link_LINKLOCAL,base_link,Torsion_Spring_1_Right,BUS_STRUCTURE,AABB_CLEAR,294.8512,,294.8512,CLEAR,False,"[145.572, -168.0, -57.0, -41.143, -20.954, -3.0]"
STOWED_ENGINEERING_CANDIDATE,STOWED,B51_REF_base_link_LINKLOCAL,base_link,Torsion_Spring_2_Left,BUS_STRUCTURE,AABB_CLEAR,250.5818,,250.5818,CLEAR,False,"[145.572, -168.0, -57.0, -41.143, -20.954, -3.0]"
STOWED_ENGINEERING_CANDIDATE,STOWED,B51_REF_base_link_LINKLOCAL,base_link,Torsion_Spring_2_Right,BUS_STRUCTURE,AABB_CLEAR,250.5913,,250.5913,CLEAR,False,"[145.572, -168.0, -57.0, -41.143, -20.954, -3.0]"
STOWED_ENGINEERING_CANDIDATE,STOWED,B51_REF_base_link_LINKLOCAL,base_link,WING_L_STOWED,SOLAR_WING,AABB_CLEAR,166.2478,,166.2478,CLEAR,False,"[145.572, -168.0, -57.0, -41.143, -20.954, -3.0]"
STOWED_ENGINEERING_CANDIDATE,STOWED,B51_REF_base_link_LINKLOCAL,base_link,WING_R_STOWED,SOLAR_WING,AABB_CLEAR,166.2578,,166.2578,CLEAR,False,"[145.572, -168.0, -57.0, -41.143, -20.954, -3.0]"
STOWED_ENGINEERING_CANDIDATE,STOWED,B51_REF_link1_LINKLOCAL,link1,Adapter_Plate,ARM_MOUNT_INTERFACE,AABB_CLEAR,84.05,,84.05,CLEAR,False,"[145.572, -168.0, -57.0, -41.143, -20.954, -3.0]"
STOWED_ENGINEERING_CANDIDATE,STOWED,B51_REF_link1_LINKLOCAL,link1,Aft_Saddle,SADDLE_PLACEHOLDER,AABB_CLEAR,283.8346,,283.8346,CLEAR,False,"[145.572, -168.0, -57.0, -41.143, -20.954, -3.0]"
STOWED_ENGINEERING_CANDIDATE,STOWED,B51_REF_link1_LINKLOCAL,link1,Central_Boss,ARM_MOUNT_INTERFACE,AABB_CLEAR,74.05,,74.05,CLEAR,False,"[145.572, -168.0, -57.0, -41.143, -20.954, -3.0]"
STOWED_ENGINEERING_CANDIDATE,STOWED,B51_REF_link1_LINKLOCAL,link1,Deck_Front_Bay,BUS_STRUCTURE,AABB_CLEAR,163.05,,163.05,CLEAR,False,"[145.572, -168.0, -57.0, -41.143, -20.954, -3.0]"
STOWED_ENGINEERING_CANDIDATE,STOWED,B51_REF_link1_LINKLOCAL,link1,Deck_Mid_Bay,BUS_STRUCTURE,AABB_CLEAR,224.05,,224.05,CLEAR,False,"[145.572, -168.0, -57.0, -41.143, -20.954, -3.0]"
STOWED_ENGINEERING_CANDIDATE,STOWED,B51_REF_link1_LINKLOCAL,link1,Deck_Rear_Bay,BUS_STRUCTURE,AABB_CLEAR,346.05,,346.05,CLEAR,False,"[145.572, -168.0, -57.0, -41.143, -20.954, -3.0]"
STOWED_ENGINEERING_CANDIDATE,STOWED,B51_REF_link1_LINKLOCAL,link1,Front_End_Frame,BUS_STRUCTURE,AABB_CLEAR,99.05,,99.05,CLEAR,False,"[145.572, -168.0, -57.0, -41.143, -20.954, -3.0]"
STOWED_ENGINEERING_CANDIDATE,STOWED,B51_REF_link1_LINKLOCAL,link1,Front_Transverse_Frame,BUS_STRUCTURE,AABB_CLEAR,157.05,,157.05,CLEAR,False,"[145.572, -168.0, -57.0, -41.143, -20.954, -3.0]"
STOWED_ENGINEERING_CANDIDATE,STOWED,B51_REF_link1_LINKLOCAL,link1,Fwd_Saddle,SADDLE_PLACEHOLDER,AABB_CLEAR,106.8835,,106.8835,CLEAR,False,"[145.572, -168.0, -57.0, -41.143, -20.954, -3.0]"
STOWED_ENGINEERING_CANDIDATE,STOWED,B51_REF_link1_LINKLOCAL,link1,HDRM_Base_1_Left,BUS_STRUCTURE,AABB_CLEAR,432.2893,,432.2893,CLEAR,False,"[145.572, -168.0, -57.0, -41.143, -20.954, -3.0]"
STOWED_ENGINEERING_CANDIDATE,STOWED,B51_REF_link1_LINKLOCAL,link1,HDRM_Base_1_Right,BUS_STRUCTURE,AABB_CLEAR,432.541,,432.541,CLEAR,False,"[145.572, -168.0, -57.0, -41.143, -20.954, -3.0]"
STOWED_ENGINEERING_CANDIDATE,STOWED,B51_REF_link1_LINKLOCAL,link1,HDRM_Base_2_Left,BUS_STRUCTURE,AABB_CLEAR,234.2094,,234.2094,CLEAR,False,"[145.572, -168.0, -57.0, -41.143, -20.954, -3.0]"
STOWED_ENGINEERING_CANDIDATE,STOWED,B51_REF_link1_LINKLOCAL,link1,HDRM_Base_2_Right,BUS_STRUCTURE,AABB_CLEAR,234.6736,,234.6736,CLEAR,False,"[145.572, -168.0, -57.0, -41.143, -20.954, -3.0]"
STOWED_ENGINEERING_CANDIDATE,STOWED,B51_REF_link1_LINKLOCAL,link1,HDRM_Rod_1_Left,BUS_STRUCTURE,AABB_CLEAR,440.4221,,440.4221,CLEAR,False,"[145.572, -168.0, -57.0, -41.143, -20.954, -3.0]"
STOWED_ENGINEERING_CANDIDATE,STOWED,B51_REF_link1_LINKLOCAL,link1,HDRM_Rod_1_Right,BUS_STRUCTURE,AABB_CLEAR,440.719,,440.719,CLEAR,False,"[145.572, -168.0, -57.0, -41.143, -20.954, -3.0]"
STOWED_ENGINEERING_CANDIDATE,STOWED,B51_REF_link1_LINKLOCAL,link1,HDRM_Rod_2_Left,BUS_STRUCTURE,AABB_CLEAR,243.2111,,243.2111,CLEAR,False,"[145.572, -168.0, -57.0, -41.143, -20.954, -3.0]"
STOWED_ENGINEERING_CANDIDATE,STOWED,B51_REF_link1_LINKLOCAL,link1,HDRM_Rod_2_Right,BUS_STRUCTURE,AABB_CLEAR,243.7483,,243.7483,CLEAR,False,"[145.572, -168.0, -57.0, -41.143, -20.954, -3.0]"
STOWED_ENGINEERING_CANDIDATE,STOWED,B51_REF_link1_LINKLOCAL,link1,Hard_Stop_Left,BUS_STRUCTURE,AABB_CLEAR,343.1802,,343.1802,CLEAR,False,"[145.572, -168.0, -57.0, -41.143, -20.954, -3.0]"
STOWED_ENGINEERING_CANDIDATE,STOWED,B51_REF_link1_LINKLOCAL,link1,Hard_Stop_Right,BUS_STRUCTURE,AABB_CLEAR,343.5611,,343.5611,CLEAR,False,"[145.572, -168.0, -57.0, -41.143, -20.954, -3.0]"
STOWED_ENGINEERING_CANDIDATE,STOWED,B51_REF_link1_LINKLOCAL,link1,Harness_Passage,ARM_MOUNT_INTERFACE,AABB_CLEAR,111.05,,111.05,CLEAR,False,"[145.572, -168.0, -57.0, -41.143, -20.954, -3.0]"
STOWED_ENGINEERING_CANDIDATE,STOWED,B51_REF_link1_LINKLOCAL,link1,Harness_Service_Loop_Left,BUS_STRUCTURE,AABB_CLEAR,374.0106,,374.0106,CLEAR,False,"[145.572, -168.0, -57.0, -41.143, -20.954, -3.0]"
STOWED_ENGINEERING_CANDIDATE,STOWED,B51_REF_link1_LINKLOCAL,link1,Harness_Service_Loop_Right,BUS_STRUCTURE,AABB_CLEAR,374.3014,,374.3014,CLEAR,False,"[145.572, -168.0, -57.0, -41.143, -20.954, -3.0]"
STOWED_ENGINEERING_CANDIDATE,STOWED,B51_REF_link1_LINKLOCAL,link1,Hinge_Ear_1_Left,BUS_STRUCTURE,AABB_CLEAR,350.1176,,350.1176,CLEAR,False,"[145.572, -168.0, -57.0, -41.143, -20.954, -3.0]"
STOWED_ENGINEERING_CANDIDATE,STOWED,B51_REF_link1_LINKLOCAL,link1,Hinge_Ear_1_Right,BUS_STRUCTURE,AABB_CLEAR,350.491,,350.491,CLEAR,False,"[145.572, -168.0, -57.0, -41.143, -20.954, -3.0]"
STOWED_ENGINEERING_CANDIDATE,STOWED,B51_REF_link1_LINKLOCAL,link1,Hinge_Ear_2_Left,BUS_STRUCTURE,AABB_CLEAR,332.2839,,332.2839,CLEAR,False,"[145.572, -168.0, -57.0, -41.143, -20.954, -3.0]"
STOWED_ENGINEERING_CANDIDATE,STOWED,B51_REF_link1_LINKLOCAL,link1,Hinge_Ear_2_Right,BUS_STRUCTURE,AABB_CLEAR,332.6772,,332.6772,CLEAR,False,"[145.572, -168.0, -57.0, -41.143, -20.954, -3.0]"
STOWED_ENGINEERING_CANDIDATE,STOWED,B51_REF_link1_LINKLOCAL,link1,Hinge_Pin_Left,BUS_STRUCTURE,AABB_CLEAR,328.3957,,328.3957,CLEAR,False,"[145.572, -168.0, -57.0, -41.143, -20.954, -3.0]"
STOWED_ENGINEERING_CANDIDATE,STOWED,B51_REF_link1_LINKLOCAL,link1,Hinge_Pin_Right,BUS_STRUCTURE,AABB_CLEAR,328.944,,328.944,CLEAR,False,"[145.572, -168.0, -57.0, -41.143, -20.954, -3.0]"
STOWED_ENGINEERING_CANDIDATE,STOWED,B51_REF_link1_LINKLOCAL,link1,Launch_Lock_Interface_Reference,REFERENCE_ONLY,AABB_CLEAR,276.7209,,276.7209,EXCLUDED_REFERENCE_ONLY_BODY,False,"[145.572, -168.0, -57.0, -41.143, -20.954, -3.0]"
STOWED_ENGINEERING_CANDIDATE,STOWED,B51_REF_link1_LINKLOCAL,link1,Load_Bridge_Left,ARM_MOUNT_INTERFACE,AABB_CLEAR,111.05,,111.05,CLEAR,False,"[145.572, -168.0, -57.0, -41.143, -20.954, -3.0]"
STOWED_ENGINEERING_CANDIDATE,STOWED,B51_REF_link1_LINKLOCAL,link1,Load_Bridge_Right,ARM_MOUNT_INTERFACE,AABB_CLEAR,111.05,,111.05,CLEAR,False,"[145.572, -168.0, -57.0, -41.143, -20.954, -3.0]"
STOWED_ENGINEERING_CANDIDATE,STOWED,B51_REF_link1_LINKLOCAL,link1,Load_Spreading_Frame,ARM_MOUNT_INTERFACE,AABB_CLEAR,107.05,,107.05,CLEAR,False,"[145.572, -168.0, -57.0, -41.143, -20.954, -3.0]"
STOWED_ENGINEERING_CANDIDATE,STOWED,B51_REF_link1_LINKLOCAL,link1,Longerons_4X,BUS_STRUCTURE,AABB_CLEAR,99.05,,99.05,CLEAR,False,"[145.572, -168.0, -57.0, -41.143, -20.954, -3.0]"
STOWED_ENGINEERING_CANDIDATE,STOWED,B51_REF_link1_LINKLOCAL,link1,Maintenance_Access_Cover,BUS_STRUCTURE,AABB_CLEAR,119.2438,,119.2438,CLEAR,False,"[145.572, -168.0, -57.0, -41.143, -20.954, -3.0]"
STOWED_ENGINEERING_CANDIDATE,STOWED,B51_REF_link1_LINKLOCAL,link1,Mid_Saddle,SADDLE_PLACEHOLDER,AABB_CLEAR,184.8028,,184.8028,CLEAR,False,"[145.572, -168.0, -57.0, -41.143, -20.954, -3.0]"
STOWED_ENGINEERING_CANDIDATE,STOWED,B51_REF_link1_LINKLOCAL,link1,Mid_Transverse_Frame_,BUS_STRUCTURE,AABB_CLEAR,218.05,,218.05,CLEAR,False,"[145.572, -168.0, -57.0, -41.143, -20.954, -3.0]"
STOWED_ENGINEERING_CANDIDATE,STOWED,B51_REF_link1_LINKLOCAL,link1,Rear_End_Frame,BUS_STRUCTURE,AABB_CLEAR,457.05,,457.05,CLEAR,False,"[145.572, -168.0, -57.0, -41.143, -20.954, -3.0]"
STOWED_ENGINEERING_CANDIDATE,STOWED,B51_REF_link1_LINKLOCAL,link1,Release_Clearance_Envelope,REFERENCE_ONLY,AABB_CLEAR,279.9064,,279.9064,EXCLUDED_REFERENCE_ONLY_BODY,False,"[145.572, -168.0, -57.0, -41.143, -20.954, -3.0]"
STOWED_ENGINEERING_CANDIDATE,STOWED,B51_REF_link1_LINKLOCAL,link1,Root_Base_Left,BUS_STRUCTURE,AABB_CLEAR,327.2923,,327.2923,CLEAR,False,"[145.572, -168.0, -57.0, -41.143, -20.954, -3.0]"
STOWED_ENGINEERING_CANDIDATE,STOWED,B51_REF_link1_LINKLOCAL,link1,Root_Base_Right,BUS_STRUCTURE,AABB_CLEAR,327.6246,,327.6246,CLEAR,False,"[145.572, -168.0, -57.0, -41.143, -20.954, -3.0]"
STOWED_ENGINEERING_CANDIDATE,STOWED,B51_REF_link1_LINKLOCAL,link1,Root_Node_Spine_Left,BUS_STRUCTURE,AABB_CLEAR,338.8878,,338.8878,CLEAR,False,"[145.572, -168.0, -57.0, -41.143, -20.954, -3.0]"
STOWED_ENGINEERING_CANDIDATE,STOWED,B51_REF_link1_LINKLOCAL,link1,Root_Node_Spine_Right,BUS_STRUCTURE,AABB_CLEAR,339.1845,,339.1845,CLEAR,False,"[145.572, -168.0, -57.0, -41.143, -20.954, -3.0]"
STOWED_ENGINEERING_CANDIDATE,STOWED,B51_REF_link1_LINKLOCAL,link1,Spacecraft_Flange,ARM_MOUNT_INTERFACE,AABB_CLEAR,96.05,,96.05,CLEAR,False,"[145.572, -168.0, -57.0, -41.143, -20.954, -3.0]"
STOWED_ENGINEERING_CANDIDATE,STOWED,B51_REF_link1_LINKLOCAL,link1,Torsion_Spring_1_Left,BUS_STRUCTURE,AABB_CLEAR,362.097,,362.097,CLEAR,False,"[145.572, -168.0, -57.0, -41.143, -20.954, -3.0]"
STOWED_ENGINEERING_CANDIDATE,STOWED,B51_REF_link1_LINKLOCAL,link1,Torsion_Spring_1_Right,BUS_STRUCTURE,AABB_CLEAR,362.5641,,362.5641,CLEAR,False,"[145.572, -168.0, -57.0, -41.143, -20.954, -3.0]"
STOWED_ENGINEERING_CANDIDATE,STOWED,B51_REF_link1_LINKLOCAL,link1,Torsion_Spring_2_Left,BUS_STRUCTURE,AABB_CLEAR,316.8306,,316.8306,CLEAR,False,"[145.572, -168.0, -57.0, -41.143, -20.954, -3.0]"
STOWED_ENGINEERING_CANDIDATE,STOWED,B51_REF_link1_LINKLOCAL,link1,Torsion_Spring_2_Right,BUS_STRUCTURE,AABB_CLEAR,317.3643,,317.3643,CLEAR,False,"[145.572, -168.0, -57.0, -41.143, -20.954, -3.0]"
STOWED_ENGINEERING_CANDIDATE,STOWED,B51_REF_link1_LINKLOCAL,link1,WING_L_STOWED,SOLAR_WING,AABB_CLEAR,232.7143,,232.7143,CLEAR,False,"[145.572, -168.0, -57.0, -41.143, -20.954, -3.0]"
STOWED_ENGINEERING_CANDIDATE,STOWED,B51_REF_link1_LINKLOCAL,link1,WING_R_STOWED,SOLAR_WING,AABB_CLEAR,233.1814,,233.1814,CLEAR,False,"[145.572, -168.0, -57.0, -41.143, -20.954, -3.0]"
STOWED_ENGINEERING_CANDIDATE,STOWED,B51_REF_link2_LINKLOCAL,link2,Adapter_Plate,ARM_MOUNT_INTERFACE,AABB_CLEAR,121.6134,,121.6134,CLEAR,False,"[145.572, -168.0, -57.0, -41.143, -20.954, -3.0]"
STOWED_ENGINEERING_CANDIDATE,STOWED,B51_REF_link2_LINKLOCAL,link2,Aft_Saddle,SADDLE_PLACEHOLDER,AABB_CLEAR,319.6134,,319.6134,CLEAR,False,"[145.572, -168.0, -57.0, -41.143, -20.954, -3.0]"
STOWED_ENGINEERING_CANDIDATE,STOWED,B51_REF_link2_LINKLOCAL,link2,Central_Boss,ARM_MOUNT_INTERFACE,AABB_CLEAR,111.6134,,111.6134,CLEAR,False,"[145.572, -168.0, -57.0, -41.143, -20.954, -3.0]"
STOWED_ENGINEERING_CANDIDATE,STOWED,B51_REF_link2_LINKLOCAL,link2,Deck_Front_Bay,BUS_STRUCTURE,AABB_CLEAR,200.6134,,200.6134,CLEAR,False,"[145.572, -168.0, -57.0, -41.143, -20.954, -3.0]"
STOWED_ENGINEERING_CANDIDATE,STOWED,B51_REF_link2_LINKLOCAL,link2,Deck_Mid_Bay,BUS_STRUCTURE,AABB_CLEAR,261.6134,,261.6134,CLEAR,False,"[145.572, -168.0, -57.0, -41.143, -20.954, -3.0]"
STOWED_ENGINEERING_CANDIDATE,STOWED,B51_REF_link2_LINKLOCAL,link2,Deck_Rear_Bay,BUS_STRUCTURE,AABB_CLEAR,383.6134,,383.6134,CLEAR,False,"[145.572, -168.0, -57.0, -41.143, -20.954, -3.0]"
STOWED_ENGINEERING_CANDIDATE,STOWED,B51_REF_link2_LINKLOCAL,link2,Front_End_Frame,BUS_STRUCTURE,AABB_CLEAR,136.6134,,136.6134,CLEAR,False,"[145.572, -168.0, -57.0, -41.143, -20.954, -3.0]"
STOWED_ENGINEERING_CANDIDATE,STOWED,B51_REF_link2_LINKLOCAL,link2,Front_Transverse_Frame,BUS_STRUCTURE,AABB_CLEAR,194.6134,,194.6134,CLEAR,False,"[145.572, -168.0, -57.0, -41.143, -20.954, -3.0]"
STOWED_ENGINEERING_CANDIDATE,STOWED,B51_REF_link2_LINKLOCAL,link2,Fwd_Saddle,SADDLE_PLACEHOLDER,AABB_CLEAR,139.6134,,139.6134,CLEAR,False,"[145.572, -168.0, -57.0, -41.143, -20.954, -3.0]"
STOWED_ENGINEERING_CANDIDATE,STOWED,B51_REF_link2_LINKLOCAL,link2,HDRM_Base_1_Left,BUS_STRUCTURE,AABB_CLEAR,470.4109,,470.4109,CLEAR,False,"[145.572, -168.0, -57.0, -41.143, -20.954, -3.0]"
STOWED_ENGINEERING_CANDIDATE,STOWED,B51_REF_link2_LINKLOCAL,link2,HDRM_Base_1_Right,BUS_STRUCTURE,AABB_CLEAR,470.4109,,470.4109,CLEAR,False,"[145.572, -168.0, -57.0, -41.143, -20.954, -3.0]"
STOWED_ENGINEERING_CANDIDATE,STOWED,B51_REF_link2_LINKLOCAL,link2,HDRM_Base_2_Left,BUS_STRUCTURE,AABB_CLEAR,272.4721,,272.4721,CLEAR,False,"[145.572, -168.0, -57.0, -41.143, -20.954, -3.0]"
STOWED_ENGINEERING_CANDIDATE,STOWED,B51_REF_link2_LINKLOCAL,link2,HDRM_Base_2_Right,BUS_STRUCTURE,AABB_CLEAR,272.4721,,272.4721,CLEAR,False,"[145.572, -168.0, -57.0, -41.143, -20.954, -3.0]"
STOWED_ENGINEERING_CANDIDATE,STOWED,B51_REF_link2_LINKLOCAL,link2,HDRM_Rod_1_Left,BUS_STRUCTURE,AABB_CLEAR,478.1717,,478.1717,CLEAR,False,"[145.572, -168.0, -57.0, -41.143, -20.954, -3.0]"
STOWED_ENGINEERING_CANDIDATE,STOWED,B51_REF_link2_LINKLOCAL,link2,HDRM_Rod_1_Right,BUS_STRUCTURE,AABB_CLEAR,478.1717,,478.1717,CLEAR,False,"[145.572, -168.0, -57.0, -41.143, -20.954, -3.0]"
STOWED_ENGINEERING_CANDIDATE,STOWED,B51_REF_link2_LINKLOCAL,link2,HDRM_Rod_2_Left,BUS_STRUCTURE,AABB_CLEAR,280.7183,,280.7183,CLEAR,False,"[145.572, -168.0, -57.0, -41.143, -20.954, -3.0]"
STOWED_ENGINEERING_CANDIDATE,STOWED,B51_REF_link2_LINKLOCAL,link2,HDRM_Rod_2_Right,BUS_STRUCTURE,AABB_CLEAR,280.7183,,280.7183,CLEAR,False,"[145.572, -168.0, -57.0, -41.143, -20.954, -3.0]"
STOWED_ENGINEERING_CANDIDATE,STOWED,B51_REF_link2_LINKLOCAL,link2,Hard_Stop_Left,BUS_STRUCTURE,AABB_CLEAR,377.6134,,377.6134,CLEAR,False,"[145.572, -168.0, -57.0, -41.143, -20.954, -3.0]"
STOWED_ENGINEERING_CANDIDATE,STOWED,B51_REF_link2_LINKLOCAL,link2,Hard_Stop_Right,BUS_STRUCTURE,AABB_CLEAR,377.6134,,377.6134,CLEAR,False,"[145.572, -168.0, -57.0, -41.143, -20.954, -3.0]"
STOWED_ENGINEERING_CANDIDATE,STOWED,B51_REF_link2_LINKLOCAL,link2,Harness_Passage,ARM_MOUNT_INTERFACE,AABB_CLEAR,150.1216,,150.1216,CLEAR,False,"[145.572, -168.0, -57.0, -41.143, -20.954, -3.0]"
STOWED_ENGINEERING_CANDIDATE,STOWED,B51_REF_link2_LINKLOCAL,link2,Harness_Service_Loop_Left,BUS_STRUCTURE,AABB_CLEAR,409.6134,,409.6134,CLEAR,False,"[145.572, -168.0, -57.0, -41.143, -20.954, -3.0]"
STOWED_ENGINEERING_CANDIDATE,STOWED,B51_REF_link2_LINKLOCAL,link2,Harness_Service_Loop_Right,BUS_STRUCTURE,AABB_CLEAR,409.6134,,409.6134,CLEAR,False,"[145.572, -168.0, -57.0, -41.143, -20.954, -3.0]"
STOWED_ENGINEERING_CANDIDATE,STOWED,B51_REF_link2_LINKLOCAL,link2,Hinge_Ear_1_Left,BUS_STRUCTURE,AABB_CLEAR,384.6134,,384.6134,CLEAR,False,"[145.572, -168.0, -57.0, -41.143, -20.954, -3.0]"
STOWED_ENGINEERING_CANDIDATE,STOWED,B51_REF_link2_LINKLOCAL,link2,Hinge_Ear_1_Right,BUS_STRUCTURE,AABB_CLEAR,384.6134,,384.6134,CLEAR,False,"[145.572, -168.0, -57.0, -41.143, -20.954, -3.0]"
STOWED_ENGINEERING_CANDIDATE,STOWED,B51_REF_link2_LINKLOCAL,link2,Hinge_Ear_2_Left,BUS_STRUCTURE,AABB_CLEAR,366.6134,,366.6134,CLEAR,False,"[145.572, -168.0, -57.0, -41.143, -20.954, -3.0]"
STOWED_ENGINEERING_CANDIDATE,STOWED,B51_REF_link2_LINKLOCAL,link2,Hinge_Ear_2_Right,BUS_STRUCTURE,AABB_CLEAR,366.6134,,366.6134,CLEAR,False,"[145.572, -168.0, -57.0, -41.143, -20.954, -3.0]"
STOWED_ENGINEERING_CANDIDATE,STOWED,B51_REF_link2_LINKLOCAL,link2,Hinge_Pin_Left,BUS_STRUCTURE,AABB_CLEAR,359.6134,,359.6134,CLEAR,False,"[145.572, -168.0, -57.0, -41.143, -20.954, -3.0]"
STOWED_ENGINEERING_CANDIDATE,STOWED,B51_REF_link2_LINKLOCAL,link2,Hinge_Pin_Right,BUS_STRUCTURE,AABB_CLEAR,359.6134,,359.6134,CLEAR,False,"[145.572, -168.0, -57.0, -41.143, -20.954, -3.0]"
STOWED_ENGINEERING_CANDIDATE,STOWED,B51_REF_link2_LINKLOCAL,link2,Launch_Lock_Interface_Reference,REFERENCE_ONLY,AABB_CLEAR,309.6134,,309.6134,EXCLUDED_REFERENCE_ONLY_BODY,False,"[145.572, -168.0, -57.0, -41.143, -20.954, -3.0]"
STOWED_ENGINEERING_CANDIDATE,STOWED,B51_REF_link2_LINKLOCAL,link2,Load_Bridge_Left,ARM_MOUNT_INTERFACE,AABB_CLEAR,148.6134,,148.6134,CLEAR,False,"[145.572, -168.0, -57.0, -41.143, -20.954, -3.0]"
STOWED_ENGINEERING_CANDIDATE,STOWED,B51_REF_link2_LINKLOCAL,link2,Load_Bridge_Right,ARM_MOUNT_INTERFACE,AABB_CLEAR,148.6134,,148.6134,CLEAR,False,"[145.572, -168.0, -57.0, -41.143, -20.954, -3.0]"
STOWED_ENGINEERING_CANDIDATE,STOWED,B51_REF_link2_LINKLOCAL,link2,Load_Spreading_Frame,ARM_MOUNT_INTERFACE,AABB_CLEAR,144.6134,,144.6134,CLEAR,False,"[145.572, -168.0, -57.0, -41.143, -20.954, -3.0]"
STOWED_ENGINEERING_CANDIDATE,STOWED,B51_REF_link2_LINKLOCAL,link2,Longerons_4X,BUS_STRUCTURE,AABB_CLEAR,136.6134,,136.6134,CLEAR,False,"[145.572, -168.0, -57.0, -41.143, -20.954, -3.0]"
STOWED_ENGINEERING_CANDIDATE,STOWED,B51_REF_link2_LINKLOCAL,link2,Maintenance_Access_Cover,BUS_STRUCTURE,AABB_CLEAR,165.3389,,165.3389,CLEAR,False,"[145.572, -168.0, -57.0, -41.143, -20.954, -3.0]"
STOWED_ENGINEERING_CANDIDATE,STOWED,B51_REF_link2_LINKLOCAL,link2,Mid_Saddle,SADDLE_PLACEHOLDER,AABB_CLEAR,219.6134,,219.6134,CLEAR,False,"[145.572, -168.0, -57.0, -41.143, -20.954, -3.0]"
STOWED_ENGINEERING_CANDIDATE,STOWED,B51_REF_link2_LINKLOCAL,link2,Mid_Transverse_Frame_,BUS_STRUCTURE,AABB_CLEAR,255.6134,,255.6134,CLEAR,False,"[145.572, -168.0, -57.0, -41.143, -20.954, -3.0]"
STOWED_ENGINEERING_CANDIDATE,STOWED,B51_REF_link2_LINKLOCAL,link2,Rear_End_Frame,BUS_STRUCTURE,AABB_CLEAR,494.6134,,494.6134,CLEAR,False,"[145.572, -168.0, -57.0, -41.143, -20.954, -3.0]"
STOWED_ENGINEERING_CANDIDATE,STOWED,B51_REF_link2_LINKLOCAL,link2,Release_Clearance_Envelope,REFERENCE_ONLY,AABB_CLEAR,249.6134,,249.6134,EXCLUDED_REFERENCE_ONLY_BODY,False,"[145.572, -168.0, -57.0, -41.143, -20.954, -3.0]"
STOWED_ENGINEERING_CANDIDATE,STOWED,B51_REF_link2_LINKLOCAL,link2,Root_Base_Left,BUS_STRUCTURE,AABB_CLEAR,362.6134,,362.6134,CLEAR,False,"[145.572, -168.0, -57.0, -41.143, -20.954, -3.0]"
STOWED_ENGINEERING_CANDIDATE,STOWED,B51_REF_link2_LINKLOCAL,link2,Root_Base_Right,BUS_STRUCTURE,AABB_CLEAR,362.6134,,362.6134,CLEAR,False,"[145.572, -168.0, -57.0, -41.143, -20.954, -3.0]"
STOWED_ENGINEERING_CANDIDATE,STOWED,B51_REF_link2_LINKLOCAL,link2,Root_Node_Spine_Left,BUS_STRUCTURE,AABB_CLEAR,374.6134,,374.6134,CLEAR,False,"[145.572, -168.0, -57.0, -41.143, -20.954, -3.0]"
STOWED_ENGINEERING_CANDIDATE,STOWED,B51_REF_link2_LINKLOCAL,link2,Root_Node_Spine_Right,BUS_STRUCTURE,AABB_CLEAR,374.6134,,374.6134,CLEAR,False,"[145.572, -168.0, -57.0, -41.143, -20.954, -3.0]"
STOWED_ENGINEERING_CANDIDATE,STOWED,B51_REF_link2_LINKLOCAL,link2,Spacecraft_Flange,ARM_MOUNT_INTERFACE,AABB_CLEAR,133.6134,,133.6134,CLEAR,False,"[145.572, -168.0, -57.0, -41.143, -20.954, -3.0]"
STOWED_ENGINEERING_CANDIDATE,STOWED,B51_REF_link2_LINKLOCAL,link2,Torsion_Spring_1_Left,BUS_STRUCTURE,AABB_CLEAR,394.6134,,394.6134,CLEAR,False,"[145.572, -168.0, -57.0, -41.143, -20.954, -3.0]"
STOWED_ENGINEERING_CANDIDATE,STOWED,B51_REF_link2_LINKLOCAL,link2,Torsion_Spring_1_Right,BUS_STRUCTURE,AABB_CLEAR,394.6134,,394.6134,CLEAR,False,"[145.572, -168.0, -57.0, -41.143, -20.954, -3.0]"
STOWED_ENGINEERING_CANDIDATE,STOWED,B51_REF_link2_LINKLOCAL,link2,Torsion_Spring_2_Left,BUS_STRUCTURE,AABB_CLEAR,348.6134,,348.6134,CLEAR,False,"[145.572, -168.0, -57.0, -41.143, -20.954, -3.0]"
STOWED_ENGINEERING_CANDIDATE,STOWED,B51_REF_link2_LINKLOCAL,link2,Torsion_Spring_2_Right,BUS_STRUCTURE,AABB_CLEAR,348.6134,,348.6134,CLEAR,False,"[145.572, -168.0, -57.0, -41.143, -20.954, -3.0]"
STOWED_ENGINEERING_CANDIDATE,STOWED,B51_REF_link2_LINKLOCAL,link2,WING_L_STOWED,SOLAR_WING,AABB_CLEAR,267.1134,,267.1134,CLEAR,False,"[145.572, -168.0, -57.0, -41.143, -20.954, -3.0]"
STOWED_ENGINEERING_CANDIDATE,STOWED,B51_REF_link2_LINKLOCAL,link2,WING_R_STOWED,SOLAR_WING,AABB_CLEAR,267.1134,,267.1134,CLEAR,False,"[145.572, -168.0, -57.0, -41.143, -20.954, -3.0]"
STOWED_ENGINEERING_CANDIDATE,STOWED,B51_REF_link3_LINKLOCAL,link3,Adapter_Plate,ARM_MOUNT_INTERFACE,AABB_CLEAR,105.3075,,105.3075,CLEAR,False,"[145.572, -168.0, -57.0, -41.143, -20.954, -3.0]"
STOWED_ENGINEERING_CANDIDATE,STOWED,B51_REF_link3_LINKLOCAL,link3,Aft_Saddle,SADDLE_PLACEHOLDER,AABB_CLEAR,129.156,,129.156,CLEAR,False,"[145.572, -168.0, -57.0, -41.143, -20.954, -3.0]"
STOWED_ENGINEERING_CANDIDATE,STOWED,B51_REF_link3_LINKLOCAL,link3,Central_Boss,ARM_MOUNT_INTERFACE,AABB_CLEAR,130.3075,,130.3075,CLEAR,False,"[145.572, -168.0, -57.0, -41.143, -20.954, -3.0]"
STOWED_ENGINEERING_CANDIDATE,STOWED,B51_REF_link3_LINKLOCAL,link3,Deck_Front_Bay,BUS_STRUCTURE,AABB_CLEAR,221.5404,,221.5404,CLEAR,False,"[145.572, -168.0, -57.0, -41.143, -20.954, -3.0]"
STOWED_ENGINEERING_CANDIDATE,STOWED,B51_REF_link3_LINKLOCAL,link3,Deck_Mid_Bay,BUS_STRUCTURE,AABB_CLEAR,232.4655,,232.4655,CLEAR,False,"[145.572, -168.0, -57.0, -41.143, -20.954, -3.0]"
STOWED_ENGINEERING_CANDIDATE,STOWED,B51_REF_link3_LINKLOCAL,link3,Deck_Rear_Bay,BUS_STRUCTURE,AABB_CLEAR,293.7452,,293.7452,CLEAR,False,"[145.572, -168.0, -57.0, -41.143, -20.954, -3.0]"
STOWED_ENGINEERING_CANDIDATE,STOWED,B51_REF_link3_LINKLOCAL,link3,Front_End_Frame,BUS_STRUCTURE,AABB_CLEAR,75.1575,,75.1575,CLEAR,False,"[145.572, -168.0, -57.0, -41.143, -20.954, -3.0]"
STOWED_ENGINEERING_CANDIDATE,STOWED,B51_REF_link3_LINKLOCAL,link3,Front_Transverse_Frame,BUS_STRUCTURE,AABB_CLEAR,75.2723,,75.2723,CLEAR,False,"[145.572, -168.0, -57.0, -41.143, -20.954, -3.0]"
STOWED_ENGINEERING_CANDIDATE,STOWED,B51_REF_link3_LINKLOCAL,link3,Fwd_Saddle,SADDLE_PLACEHOLDER,MESH,-24.1125,0.0393,0.0393,TOO_CLOSE_TO_CALL,True,"[145.572, -168.0, -57.0, -41.143, -20.954, -3.0]"
STOWED_ENGINEERING_CANDIDATE,STOWED,B51_REF_link3_LINKLOCAL,link3,HDRM_Base_1_Left,BUS_STRUCTURE,AABB_CLEAR,389.246,,389.246,CLEAR,False,"[145.572, -168.0, -57.0, -41.143, -20.954, -3.0]"
STOWED_ENGINEERING_CANDIDATE,STOWED,B51_REF_link3_LINKLOCAL,link3,HDRM_Base_1_Right,BUS_STRUCTURE,AABB_CLEAR,395.2489,,395.2489,CLEAR,False,"[145.572, -168.0, -57.0, -41.143, -20.954, -3.0]"
STOWED_ENGINEERING_CANDIDATE,STOWED,B51_REF_link3_LINKLOCAL,link3,HDRM_Base_2_Left,BUS_STRUCTURE,AABB_CLEAR,283.9895,,283.9895,CLEAR,False,"[145.572, -168.0, -57.0, -41.143, -20.954, -3.0]"
STOWED_ENGINEERING_CANDIDATE,STOWED,B51_REF_link3_LINKLOCAL,link3,HDRM_Base_2_Right,BUS_STRUCTURE,AABB_CLEAR,292.1631,,292.1631,CLEAR,False,"[145.572, -168.0, -57.0, -41.143, -20.954, -3.0]"
STOWED_ENGINEERING_CANDIDATE,STOWED,B51_REF_link3_LINKLOCAL,link3,HDRM_Rod_1_Left,BUS_STRUCTURE,AABB_CLEAR,399.1452,,399.1452,CLEAR,False,"[145.572, -168.0, -57.0, -41.143, -20.954, -3.0]"
STOWED_ENGINEERING_CANDIDATE,STOWED,B51_REF_link3_LINKLOCAL,link3,HDRM_Rod_1_Right,BUS_STRUCTURE,AABB_CLEAR,406.4335,,406.4335,CLEAR,False,"[145.572, -168.0, -57.0, -41.143, -20.954, -3.0]"
STOWED_ENGINEERING_CANDIDATE,STOWED,B51_REF_link3_LINKLOCAL,link3,HDRM_Rod_2_Left,BUS_STRUCTURE,AABB_CLEAR,292.6679,,292.6679,CLEAR,False,"[145.572, -168.0, -57.0, -41.143, -20.954, -3.0]"
STOWED_ENGINEERING_CANDIDATE,STOWED,B51_REF_link3_LINKLOCAL,link3,HDRM_Rod_2_Right,BUS_STRUCTURE,AABB_CLEAR,302.5323,,302.5323,CLEAR,False,"[145.572, -168.0, -57.0, -41.143, -20.954, -3.0]"
STOWED_ENGINEERING_CANDIDATE,STOWED,B51_REF_link3_LINKLOCAL,link3,Hard_Stop_Left,BUS_STRUCTURE,AABB_CLEAR,238.7938,,238.7938,CLEAR,False,"[145.572, -168.0, -57.0, -41.143, -20.954, -3.0]"
STOWED_ENGINEERING_CANDIDATE,STOWED,B51_REF_link3_LINKLOCAL,link3,Hard_Stop_Right,BUS_STRUCTURE,AABB_CLEAR,250.7862,,250.7862,CLEAR,False,"[145.572, -168.0, -57.0, -41.143, -20.954, -3.0]"
STOWED_ENGINEERING_CANDIDATE,STOWED,B51_REF_link3_LINKLOCAL,link3,Harness_Passage,ARM_MOUNT_INTERFACE,AABB_CLEAR,243.3075,,243.3075,CLEAR,False,"[145.572, -168.0, -57.0, -41.143, -20.954, -3.0]"
STOWED_ENGINEERING_CANDIDATE,STOWED,B51_REF_link3_LINKLOCAL,link3,Harness_Service_Loop_Left,BUS_STRUCTURE,AABB_CLEAR,293.5547,,293.5547,CLEAR,False,"[145.572, -168.0, -57.0, -41.143, -20.954, -3.0]"
STOWED_ENGINEERING_CANDIDATE,STOWED,B51_REF_link3_LINKLOCAL,link3,Harness_Service_Loop_Right,BUS_STRUCTURE,AABB_CLEAR,301.4691,,301.4691,CLEAR,False,"[145.572, -168.0, -57.0, -41.143, -20.954, -3.0]"
STOWED_ENGINEERING_CANDIDATE,STOWED,B51_REF_link3_LINKLOCAL,link3,Hinge_Ear_1_Left,BUS_STRUCTURE,AABB_CLEAR,264.9667,,264.9667,CLEAR,False,"[145.572, -168.0, -57.0, -41.143, -20.954, -3.0]"
STOWED_ENGINEERING_CANDIDATE,STOWED,B51_REF_link3_LINKLOCAL,link3,Hinge_Ear_1_Right,BUS_STRUCTURE,AABB_CLEAR,275.8235,,275.8235,CLEAR,False,"[145.572, -168.0, -57.0, -41.143, -20.954, -3.0]"
STOWED_ENGINEERING_CANDIDATE,STOWED,B51_REF_link3_LINKLOCAL,link3,Hinge_Ear_2_Left,BUS_STRUCTURE,AABB_CLEAR,252.0749,,252.0749,CLEAR,False,"[145.572, -168.0, -57.0, -41.143, -20.954, -3.0]"
STOWED_ENGINEERING_CANDIDATE,STOWED,B51_REF_link3_LINKLOCAL,link3,Hinge_Ear_2_Right,BUS_STRUCTURE,AABB_CLEAR,263.4634,,263.4634,CLEAR,False,"[145.572, -168.0, -57.0, -41.143, -20.954, -3.0]"
STOWED_ENGINEERING_CANDIDATE,STOWED,B51_REF_link3_LINKLOCAL,link3,Hinge_Pin_Left,BUS_STRUCTURE,AABB_CLEAR,247.964,,247.964,CLEAR,False,"[145.572, -168.0, -57.0, -41.143, -20.954, -3.0]"
STOWED_ENGINEERING_CANDIDATE,STOWED,B51_REF_link3_LINKLOCAL,link3,Hinge_Pin_Right,BUS_STRUCTURE,AABB_CLEAR,265.4051,,265.4051,CLEAR,False,"[145.572, -168.0, -57.0, -41.143, -20.954, -3.0]"
STOWED_ENGINEERING_CANDIDATE,STOWED,B51_REF_link3_LINKLOCAL,link3,Launch_Lock_Interface_Reference,REFERENCE_ONLY,AABB_CLEAR,120.4064,,120.4064,EXCLUDED_REFERENCE_ONLY_BODY,False,"[145.572, -168.0, -57.0, -41.143, -20.954, -3.0]"
STOWED_ENGINEERING_CANDIDATE,STOWED,B51_REF_link3_LINKLOCAL,link3,Load_Bridge_Left,ARM_MOUNT_INTERFACE,AABB_CLEAR,170.3075,,170.3075,CLEAR,False,"[145.572, -168.0, -57.0, -41.143, -20.954, -3.0]"
STOWED_ENGINEERING_CANDIDATE,STOWED,B51_REF_link3_LINKLOCAL,link3,Load_Bridge_Right,ARM_MOUNT_INTERFACE,AABB_CLEAR,171.9176,,171.9176,CLEAR,False,"[145.572, -168.0, -57.0, -41.143, -20.954, -3.0]"
STOWED_ENGINEERING_CANDIDATE,STOWED,B51_REF_link3_LINKLOCAL,link3,Load_Spreading_Frame,ARM_MOUNT_INTERFACE,AABB_CLEAR,92.1575,,92.1575,CLEAR,False,"[145.572, -168.0, -57.0, -41.143, -20.954, -3.0]"
STOWED_ENGINEERING_CANDIDATE,STOWED,B51_REF_link3_LINKLOCAL,link3,Longerons_4X,BUS_STRUCTURE,AABB_CLEAR,75.1575,,75.1575,CLEAR,False,"[145.572, -168.0, -57.0, -41.143, -20.954, -3.0]"
STOWED_ENGINEERING_CANDIDATE,STOWED,B51_REF_link3_LINKLOCAL,link3,Maintenance_Access_Cover,BUS_STRUCTURE,AABB_CLEAR,292.4575,,292.4575,CLEAR,False,"[145.572, -168.0, -57.0, -41.143, -20.954, -3.0]"
STOWED_ENGINEERING_CANDIDATE,STOWED,B51_REF_link3_LINKLOCAL,link3,Mid_Saddle,SADDLE_PLACEHOLDER,AABB_CLEAR,29.156,,29.156,CLEAR,False,"[145.572, -168.0, -57.0, -41.143, -20.954, -3.0]"
STOWED_ENGINEERING_CANDIDATE,STOWED,B51_REF_link3_LINKLOCAL,link3,Mid_Transverse_Frame_,BUS_STRUCTURE,AABB_CLEAR,99.4684,,99.4684,CLEAR,False,"[145.572, -168.0, -57.0, -41.143, -20.954, -3.0]"
STOWED_ENGINEERING_CANDIDATE,STOWED,B51_REF_link3_LINKLOCAL,link3,Rear_End_Frame,BUS_STRUCTURE,AABB_CLEAR,313.3042,,313.3042,CLEAR,False,"[145.572, -168.0, -57.0, -41.143, -20.954, -3.0]"
STOWED_ENGINEERING_CANDIDATE,STOWED,B51_REF_link3_LINKLOCAL,link3,Release_Clearance_Envelope,REFERENCE_ONLY,AABB_CLEAR,59.156,,59.156,EXCLUDED_REFERENCE_ONLY_BODY,False,"[145.572, -168.0, -57.0, -41.143, -20.954, -3.0]"
STOWED_ENGINEERING_CANDIDATE,STOWED,B51_REF_link3_LINKLOCAL,link3,Root_Base_Left,BUS_STRUCTURE,AABB_CLEAR,225.282,,225.282,CLEAR,False,"[145.572, -168.0, -57.0, -41.143, -20.954, -3.0]"
STOWED_ENGINEERING_CANDIDATE,STOWED,B51_REF_link3_LINKLOCAL,link3,Root_Base_Right,BUS_STRUCTURE,AABB_CLEAR,235.5021,,235.5021,CLEAR,False,"[145.572, -168.0, -57.0, -41.143, -20.954, -3.0]"
STOWED_ENGINEERING_CANDIDATE,STOWED,B51_REF_link3_LINKLOCAL,link3,Root_Node_Spine_Left,BUS_STRUCTURE,AABB_CLEAR,214.6653,,214.6653,CLEAR,False,"[145.572, -168.0, -57.0, -41.143, -20.954, -3.0]"
STOWED_ENGINEERING_CANDIDATE,STOWED,B51_REF_link3_LINKLOCAL,link3,Root_Node_Spine_Right,BUS_STRUCTURE,AABB_CLEAR,224.472,,224.472,CLEAR,False,"[145.572, -168.0, -57.0, -41.143, -20.954, -3.0]"
STOWED_ENGINEERING_CANDIDATE,STOWED,B51_REF_link3_LINKLOCAL,link3,Spacecraft_Flange,ARM_MOUNT_INTERFACE,AABB_CLEAR,110.3075,,110.3075,CLEAR,False,"[145.572, -168.0, -57.0, -41.143, -20.954, -3.0]"
STOWED_ENGINEERING_CANDIDATE,STOWED,B51_REF_link3_LINKLOCAL,link3,Torsion_Spring_1_Left,BUS_STRUCTURE,AABB_CLEAR,270.4027,,270.4027,CLEAR,False,"[145.572, -168.0, -57.0, -41.143, -20.954, -3.0]"
STOWED_ENGINEERING_CANDIDATE,STOWED,B51_REF_link3_LINKLOCAL,link3,Torsion_Spring_1_Right,BUS_STRUCTURE,AABB_CLEAR,285.1848,,285.1848,CLEAR,False,"[145.572, -168.0, -57.0, -41.143, -20.954, -3.0]"
STOWED_ENGINEERING_CANDIDATE,STOWED,B51_REF_link3_LINKLOCAL,link3,Torsion_Spring_2_Left,BUS_STRUCTURE,AABB_CLEAR,237.5948,,237.5948,CLEAR,False,"[145.572, -168.0, -57.0, -41.143, -20.954, -3.0]"
STOWED_ENGINEERING_CANDIDATE,STOWED,B51_REF_link3_LINKLOCAL,link3,Torsion_Spring_2_Right,BUS_STRUCTURE,AABB_CLEAR,254.2912,,254.2912,CLEAR,False,"[145.572, -168.0, -57.0, -41.143, -20.954, -3.0]"
STOWED_ENGINEERING_CANDIDATE,STOWED,B51_REF_link3_LINKLOCAL,link3,WING_L_STOWED,SOLAR_WING,AABB_CLEAR,200.5368,,200.5368,CLEAR,False,"[145.572, -168.0, -57.0, -41.143, -20.954, -3.0]"
STOWED_ENGINEERING_CANDIDATE,STOWED,B51_REF_link3_LINKLOCAL,link3,WING_R_STOWED,SOLAR_WING,AABB_CLEAR,211.9535,,211.9535,CLEAR,False,"[145.572, -168.0, -57.0, -41.143, -20.954, -3.0]"
STOWED_ENGINEERING_CANDIDATE,STOWED,B51_REF_link4_LINKLOCAL,link4,Adapter_Plate,ARM_MOUNT_INTERFACE,AABB_CLEAR,101.853,,101.853,CLEAR,False,"[145.572, -168.0, -57.0, -41.143, -20.954, -3.0]"
STOWED_ENGINEERING_CANDIDATE,STOWED,B51_REF_link4_LINKLOCAL,link4,Aft_Saddle,SADDLE_PLACEHOLDER,AABB_CLEAR,63.9988,,63.9988,CLEAR,False,"[145.572, -168.0, -57.0, -41.143, -20.954, -3.0]"
STOWED_ENGINEERING_CANDIDATE,STOWED,B51_REF_link4_LINKLOCAL,link4,Central_Boss,ARM_MOUNT_INTERFACE,AABB_CLEAR,127.39,,127.39,CLEAR,False,"[145.572, -168.0, -57.0, -41.143, -20.954, -3.0]"
STOWED_ENGINEERING_CANDIDATE,STOWED,B51_REF_link4_LINKLOCAL,link4,Deck_Front_Bay,BUS_STRUCTURE,AABB_CLEAR,217.853,,217.853,CLEAR,False,"[145.572, -168.0, -57.0, -41.143, -20.954, -3.0]"
STOWED_ENGINEERING_CANDIDATE,STOWED,B51_REF_link4_LINKLOCAL,link4,Deck_Mid_Bay,BUS_STRUCTURE,AABB_CLEAR,217.9356,,217.9356,CLEAR,False,"[145.572, -168.0, -57.0, -41.143, -20.954, -3.0]"
STOWED_ENGINEERING_CANDIDATE,STOWED,B51_REF_link4_LINKLOCAL,link4,Deck_Rear_Bay,BUS_STRUCTURE,AABB_CLEAR,252.673,,252.673,CLEAR,False,"[145.572, -168.0, -57.0, -41.143, -20.954, -3.0]"
STOWED_ENGINEERING_CANDIDATE,STOWED,B51_REF_link4_LINKLOCAL,link4,Front_End_Frame,BUS_STRUCTURE,AABB_CLEAR,71.703,,71.703,CLEAR,False,"[145.572, -168.0, -57.0, -41.143, -20.954, -3.0]"
STOWED_ENGINEERING_CANDIDATE,STOWED,B51_REF_link4_LINKLOCAL,link4,Front_Transverse_Frame,BUS_STRUCTURE,AABB_CLEAR,71.703,,71.703,CLEAR,False,"[145.572, -168.0, -57.0, -41.143, -20.954, -3.0]"
STOWED_ENGINEERING_CANDIDATE,STOWED,B51_REF_link4_LINKLOCAL,link4,Fwd_Saddle,SADDLE_PLACEHOLDER,MESH,-26.3159,0.3185,0.3185,TOO_CLOSE_TO_CALL,True,"[145.572, -168.0, -57.0, -41.143, -20.954, -3.0]"
STOWED_ENGINEERING_CANDIDATE,STOWED,B51_REF_link4_LINKLOCAL,link4,HDRM_Base_1_Left,BUS_STRUCTURE,AABB_CLEAR,343.1678,,343.1678,CLEAR,False,"[145.572, -168.0, -57.0, -41.143, -20.954, -3.0]"
STOWED_ENGINEERING_CANDIDATE,STOWED,B51_REF_link4_LINKLOCAL,link4,HDRM_Base_1_Right,BUS_STRUCTURE,AABB_CLEAR,349.7558,,349.7558,CLEAR,False,"[145.572, -168.0, -57.0, -41.143, -20.954, -3.0]"
STOWED_ENGINEERING_CANDIDATE,STOWED,B51_REF_link4_LINKLOCAL,link4,HDRM_Base_2_Left,BUS_STRUCTURE,AABB_CLEAR,270.1196,,270.1196,CLEAR,False,"[145.572, -168.0, -57.0, -41.143, -20.954, -3.0]"
STOWED_ENGINEERING_CANDIDATE,STOWED,B51_REF_link4_LINKLOCAL,link4,HDRM_Base_2_Right,BUS_STRUCTURE,AABB_CLEAR,278.4414,,278.4414,CLEAR,False,"[145.572, -168.0, -57.0, -41.143, -20.954, -3.0]"
STOWED_ENGINEERING_CANDIDATE,STOWED,B51_REF_link4_LINKLOCAL,link4,HDRM_Rod_1_Left,BUS_STRUCTURE,AABB_CLEAR,352.9987,,352.9987,CLEAR,False,"[145.572, -168.0, -57.0, -41.143, -20.954, -3.0]"
STOWED_ENGINEERING_CANDIDATE,STOWED,B51_REF_link4_LINKLOCAL,link4,HDRM_Rod_1_Right,BUS_STRUCTURE,AABB_CLEAR,360.996,,360.996,CLEAR,False,"[145.572, -168.0, -57.0, -41.143, -20.954, -3.0]"
STOWED_ENGINEERING_CANDIDATE,STOWED,B51_REF_link4_LINKLOCAL,link4,HDRM_Rod_2_Left,BUS_STRUCTURE,AABB_CLEAR,277.5041,,277.5041,CLEAR,False,"[145.572, -168.0, -57.0, -41.143, -20.954, -3.0]"
STOWED_ENGINEERING_CANDIDATE,STOWED,B51_REF_link4_LINKLOCAL,link4,HDRM_Rod_2_Right,BUS_STRUCTURE,AABB_CLEAR,287.6083,,287.6083,CLEAR,False,"[145.572, -168.0, -57.0, -41.143, -20.954, -3.0]"
STOWED_ENGINEERING_CANDIDATE,STOWED,B51_REF_link4_LINKLOCAL,link4,Hard_Stop_Left,BUS_STRUCTURE,AABB_CLEAR,189.3835,,189.3835,CLEAR,False,"[145.572, -168.0, -57.0, -41.143, -20.954, -3.0]"
STOWED_ENGINEERING_CANDIDATE,STOWED,B51_REF_link4_LINKLOCAL,link4,Hard_Stop_Right,BUS_STRUCTURE,AABB_CLEAR,203.9022,,203.9022,CLEAR,False,"[145.572, -168.0, -57.0, -41.143, -20.954, -3.0]"
STOWED_ENGINEERING_CANDIDATE,STOWED,B51_REF_link4_LINKLOCAL,link4,Harness_Passage,ARM_MOUNT_INTERFACE,AABB_CLEAR,239.853,,239.853,CLEAR,False,"[145.572, -168.0, -57.0, -41.143, -20.954, -3.0]"
STOWED_ENGINEERING_CANDIDATE,STOWED,B51_REF_link4_LINKLOCAL,link4,Harness_Service_Loop_Left,BUS_STRUCTURE,AABB_CLEAR,246.0146,,246.0146,CLEAR,False,"[145.572, -168.0, -57.0, -41.143, -20.954, -3.0]"
STOWED_ENGINEERING_CANDIDATE,STOWED,B51_REF_link4_LINKLOCAL,link4,Harness_Service_Loop_Right,BUS_STRUCTURE,AABB_CLEAR,255.1239,,255.1239,CLEAR,False,"[145.572, -168.0, -57.0, -41.143, -20.954, -3.0]"
STOWED_ENGINEERING_CANDIDATE,STOWED,B51_REF_link4_LINKLOCAL,link4,Hinge_Ear_1_Left,BUS_STRUCTURE,AABB_CLEAR,218.9011,,218.9011,CLEAR,False,"[145.572, -168.0, -57.0, -41.143, -20.954, -3.0]"
STOWED_ENGINEERING_CANDIDATE,STOWED,B51_REF_link4_LINKLOCAL,link4,Hinge_Ear_1_Right,BUS_STRUCTURE,AABB_CLEAR,231.5765,,231.5765,CLEAR,False,"[145.572, -168.0, -57.0, -41.143, -20.954, -3.0]"
STOWED_ENGINEERING_CANDIDATE,STOWED,B51_REF_link4_LINKLOCAL,link4,Hinge_Ear_2_Left,BUS_STRUCTURE,AABB_CLEAR,208.8007,,208.8007,CLEAR,False,"[145.572, -168.0, -57.0, -41.143, -20.954, -3.0]"
STOWED_ENGINEERING_CANDIDATE,STOWED,B51_REF_link4_LINKLOCAL,link4,Hinge_Ear_2_Right,BUS_STRUCTURE,AABB_CLEAR,222.0535,,222.0535,CLEAR,False,"[145.572, -168.0, -57.0, -41.143, -20.954, -3.0]"
STOWED_ENGINEERING_CANDIDATE,STOWED,B51_REF_link4_LINKLOCAL,link4,Hinge_Pin_Left,BUS_STRUCTURE,AABB_CLEAR,206.0415,,206.0415,CLEAR,False,"[145.572, -168.0, -57.0, -41.143, -20.954, -3.0]"
STOWED_ENGINEERING_CANDIDATE,STOWED,B51_REF_link4_LINKLOCAL,link4,Hinge_Pin_Right,BUS_STRUCTURE,AABB_CLEAR,226.2781,,226.2781,CLEAR,False,"[145.572, -168.0, -57.0, -41.143, -20.954, -3.0]"
STOWED_ENGINEERING_CANDIDATE,STOWED,B51_REF_link4_LINKLOCAL,link4,Launch_Lock_Interface_Reference,REFERENCE_ONLY,AABB_CLEAR,55.7474,,55.7474,EXCLUDED_REFERENCE_ONLY_BODY,False,"[145.572, -168.0, -57.0, -41.143, -20.954, -3.0]"
STOWED_ENGINEERING_CANDIDATE,STOWED,B51_REF_link4_LINKLOCAL,link4,Load_Bridge_Left,ARM_MOUNT_INTERFACE,AABB_CLEAR,166.853,,166.853,CLEAR,False,"[145.572, -168.0, -57.0, -41.143, -20.954, -3.0]"
STOWED_ENGINEERING_CANDIDATE,STOWED,B51_REF_link4_LINKLOCAL,link4,Load_Bridge_Right,ARM_MOUNT_INTERFACE,AABB_CLEAR,168.3518,,168.3518,CLEAR,False,"[145.572, -168.0, -57.0, -41.143, -20.954, -3.0]"
STOWED_ENGINEERING_CANDIDATE,STOWED,B51_REF_link4_LINKLOCAL,link4,Load_Spreading_Frame,ARM_MOUNT_INTERFACE,AABB_CLEAR,88.703,,88.703,CLEAR,False,"[145.572, -168.0, -57.0, -41.143, -20.954, -3.0]"
STOWED_ENGINEERING_CANDIDATE,STOWED,B51_REF_link4_LINKLOCAL,link4,Longerons_4X,BUS_STRUCTURE,AABB_CLEAR,71.703,,71.703,CLEAR,False,"[145.572, -168.0, -57.0, -41.143, -20.954, -3.0]"
STOWED_ENGINEERING_CANDIDATE,STOWED,B51_REF_link4_LINKLOCAL,link4,Maintenance_Access_Cover,BUS_STRUCTURE,AABB_CLEAR,289.003,,289.003,CLEAR,False,"[145.572, -168.0, -57.0, -41.143, -20.954, -3.0]"
STOWED_ENGINEERING_CANDIDATE,STOWED,B51_REF_link4_LINKLOCAL,link4,Mid_Saddle,SADDLE_PLACEHOLDER,MESH,-33.067,31.9077,31.9077,CLEAR,False,"[145.572, -168.0, -57.0, -41.143, -20.954, -3.0]"
STOWED_ENGINEERING_CANDIDATE,STOWED,B51_REF_link4_LINKLOCAL,link4,Mid_Transverse_Frame_,BUS_STRUCTURE,AABB_CLEAR,71.703,,71.703,CLEAR,False,"[145.572, -168.0, -57.0, -41.143, -20.954, -3.0]"
STOWED_ENGINEERING_CANDIDATE,STOWED,B51_REF_link4_LINKLOCAL,link4,Rear_End_Frame,BUS_STRUCTURE,AABB_CLEAR,249.523,,249.523,CLEAR,False,"[145.572, -168.0, -57.0, -41.143, -20.954, -3.0]"
STOWED_ENGINEERING_CANDIDATE,STOWED,B51_REF_link4_LINKLOCAL,link4,Release_Clearance_Envelope,REFERENCE_ONLY,MESH,-6.0012,0.9882,0.9882,EXCLUDED_REFERENCE_ONLY_BODY,False,"[145.572, -168.0, -57.0, -41.143, -20.954, -3.0]"
STOWED_ENGINEERING_CANDIDATE,STOWED,B51_REF_link4_LINKLOCAL,link4,Root_Base_Left,BUS_STRUCTURE,AABB_CLEAR,177.6823,,177.6823,CLEAR,False,"[145.572, -168.0, -57.0, -41.143, -20.954, -3.0]"
STOWED_ENGINEERING_CANDIDATE,STOWED,B51_REF_link4_LINKLOCAL,link4,Root_Base_Right,BUS_STRUCTURE,AABB_CLEAR,190.0947,,190.0947,CLEAR,False,"[145.572, -168.0, -57.0, -41.143, -20.954, -3.0]"
STOWED_ENGINEERING_CANDIDATE,STOWED,B51_REF_link4_LINKLOCAL,link4,Root_Node_Spine_Left,BUS_STRUCTURE,AABB_CLEAR,159.9321,,159.9321,CLEAR,False,"[145.572, -168.0, -57.0, -41.143, -20.954, -3.0]"
STOWED_ENGINEERING_CANDIDATE,STOWED,B51_REF_link4_LINKLOCAL,link4,Root_Node_Spine_Right,BUS_STRUCTURE,AABB_CLEAR,172.4728,,172.4728,CLEAR,False,"[145.572, -168.0, -57.0, -41.143, -20.954, -3.0]"
STOWED_ENGINEERING_CANDIDATE,STOWED,B51_REF_link4_LINKLOCAL,link4,Spacecraft_Flange,ARM_MOUNT_INTERFACE,AABB_CLEAR,106.853,,106.853,CLEAR,False,"[145.572, -168.0, -57.0, -41.143, -20.954, -3.0]"
STOWED_ENGINEERING_CANDIDATE,STOWED,B51_REF_link4_LINKLOCAL,link4,Torsion_Spring_1_Left,BUS_STRUCTURE,AABB_CLEAR,222.5883,,222.5883,CLEAR,False,"[145.572, -168.0, -57.0, -41.143, -20.954, -3.0]"
STOWED_ENGINEERING_CANDIDATE,STOWED,B51_REF_link4_LINKLOCAL,link4,Torsion_Spring_1_Right,BUS_STRUCTURE,AABB_CLEAR,239.932,,239.932,CLEAR,False,"[145.572, -168.0, -57.0, -41.143, -20.954, -3.0]"
STOWED_ENGINEERING_CANDIDATE,STOWED,B51_REF_link4_LINKLOCAL,link4,Torsion_Spring_2_Left,BUS_STRUCTURE,AABB_CLEAR,197.164,,197.164,CLEAR,False,"[145.572, -168.0, -57.0, -41.143, -20.954, -3.0]"
STOWED_ENGINEERING_CANDIDATE,STOWED,B51_REF_link4_LINKLOCAL,link4,Torsion_Spring_2_Right,BUS_STRUCTURE,AABB_CLEAR,216.5536,,216.5536,CLEAR,False,"[145.572, -168.0, -57.0, -41.143, -20.954, -3.0]"
STOWED_ENGINEERING_CANDIDATE,STOWED,B51_REF_link4_LINKLOCAL,link4,WING_L_STOWED,SOLAR_WING,AABB_CLEAR,182.2162,,182.2162,CLEAR,False,"[145.572, -168.0, -57.0, -41.143, -20.954, -3.0]"
STOWED_ENGINEERING_CANDIDATE,STOWED,B51_REF_link4_LINKLOCAL,link4,WING_R_STOWED,SOLAR_WING,AABB_CLEAR,194.3392,,194.3392,CLEAR,False,"[145.572, -168.0, -57.0, -41.143, -20.954, -3.0]"
STOWED_ENGINEERING_CANDIDATE,STOWED,B51_REF_link5_LINKLOCAL,link5,Adapter_Plate,ARM_MOUNT_INTERFACE,AABB_CLEAR,133.8224,,133.8224,CLEAR,False,"[145.572, -168.0, -57.0, -41.143, -20.954, -3.0]"
STOWED_ENGINEERING_CANDIDATE,STOWED,B51_REF_link5_LINKLOCAL,link5,Aft_Saddle,SADDLE_PLACEHOLDER,AABB_CLEAR,47.948,,47.948,CLEAR,False,"[145.572, -168.0, -57.0, -41.143, -20.954, -3.0]"
STOWED_ENGINEERING_CANDIDATE,STOWED,B51_REF_link5_LINKLOCAL,link5,Central_Boss,ARM_MOUNT_INTERFACE,AABB_CLEAR,161.5509,,161.5509,CLEAR,False,"[145.572, -168.0, -57.0, -41.143, -20.954, -3.0]"
STOWED_ENGINEERING_CANDIDATE,STOWED,B51_REF_link5_LINKLOCAL,link5,Deck_Front_Bay,BUS_STRUCTURE,AABB_CLEAR,235.8023,,235.8023,CLEAR,False,"[145.572, -168.0, -57.0, -41.143, -20.954, -3.0]"
STOWED_ENGINEERING_CANDIDATE,STOWED,B51_REF_link5_LINKLOCAL,link5,Deck_Mid_Bay,BUS_STRUCTURE,AABB_CLEAR,235.8023,,235.8023,CLEAR,False,"[145.572, -168.0, -57.0, -41.143, -20.954, -3.0]"
STOWED_ENGINEERING_CANDIDATE,STOWED,B51_REF_link5_LINKLOCAL,link5,Deck_Rear_Bay,BUS_STRUCTURE,AABB_CLEAR,261.027,,261.027,CLEAR,False,"[145.572, -168.0, -57.0, -41.143, -20.954, -3.0]"
STOWED_ENGINEERING_CANDIDATE,STOWED,B51_REF_link5_LINKLOCAL,link5,Front_End_Frame,BUS_STRUCTURE,AABB_CLEAR,101.9927,,101.9927,CLEAR,False,"[145.572, -168.0, -57.0, -41.143, -20.954, -3.0]"
STOWED_ENGINEERING_CANDIDATE,STOWED,B51_REF_link5_LINKLOCAL,link5,Front_Transverse_Frame,BUS_STRUCTURE,AABB_CLEAR,89.6523,,89.6523,CLEAR,False,"[145.572, -168.0, -57.0, -41.143, -20.954, -3.0]"
STOWED_ENGINEERING_CANDIDATE,STOWED,B51_REF_link5_LINKLOCAL,link5,Fwd_Saddle,SADDLE_PLACEHOLDER,AABB_CLEAR,33.631,,33.631,CLEAR,False,"[145.572, -168.0, -57.0, -41.143, -20.954, -3.0]"
STOWED_ENGINEERING_CANDIDATE,STOWED,B51_REF_link5_LINKLOCAL,link5,HDRM_Base_1_Left,BUS_STRUCTURE,AABB_CLEAR,348.2745,,348.2745,CLEAR,False,"[145.572, -168.0, -57.0, -41.143, -20.954, -3.0]"
STOWED_ENGINEERING_CANDIDATE,STOWED,B51_REF_link5_LINKLOCAL,link5,HDRM_Base_1_Right,BUS_STRUCTURE,AABB_CLEAR,363.0721,,363.0721,CLEAR,False,"[145.572, -168.0, -57.0, -41.143, -20.954, -3.0]"
STOWED_ENGINEERING_CANDIDATE,STOWED,B51_REF_link5_LINKLOCAL,link5,HDRM_Base_2_Left,BUS_STRUCTURE,AABB_CLEAR,287.9228,,287.9228,CLEAR,False,"[145.572, -168.0, -57.0, -41.143, -20.954, -3.0]"
STOWED_ENGINEERING_CANDIDATE,STOWED,B51_REF_link5_LINKLOCAL,link5,HDRM_Base_2_Right,BUS_STRUCTURE,AABB_CLEAR,305.6562,,305.6562,CLEAR,False,"[145.572, -168.0, -57.0, -41.143, -20.954, -3.0]"
STOWED_ENGINEERING_CANDIDATE,STOWED,B51_REF_link5_LINKLOCAL,link5,HDRM_Rod_1_Left,BUS_STRUCTURE,AABB_CLEAR,358.2777,,358.2777,CLEAR,False,"[145.572, -168.0, -57.0, -41.143, -20.954, -3.0]"
STOWED_ENGINEERING_CANDIDATE,STOWED,B51_REF_link5_LINKLOCAL,link5,HDRM_Rod_1_Right,BUS_STRUCTURE,AABB_CLEAR,374.7036,,374.7036,CLEAR,False,"[145.572, -168.0, -57.0, -41.143, -20.954, -3.0]"
STOWED_ENGINEERING_CANDIDATE,STOWED,B51_REF_link5_LINKLOCAL,link5,HDRM_Rod_2_Left,BUS_STRUCTURE,AABB_CLEAR,295.2689,,295.2689,CLEAR,False,"[145.572, -168.0, -57.0, -41.143, -20.954, -3.0]"
STOWED_ENGINEERING_CANDIDATE,STOWED,B51_REF_link5_LINKLOCAL,link5,HDRM_Rod_2_Right,BUS_STRUCTURE,AABB_CLEAR,314.9978,,314.9978,CLEAR,False,"[145.572, -168.0, -57.0, -41.143, -20.954, -3.0]"
STOWED_ENGINEERING_CANDIDATE,STOWED,B51_REF_link5_LINKLOCAL,link5,Hard_Stop_Left,BUS_STRUCTURE,AABB_CLEAR,194.9262,,194.9262,CLEAR,False,"[145.572, -168.0, -57.0, -41.143, -20.954, -3.0]"
STOWED_ENGINEERING_CANDIDATE,STOWED,B51_REF_link5_LINKLOCAL,link5,Hard_Stop_Right,BUS_STRUCTURE,AABB_CLEAR,223.6875,,223.6875,CLEAR,False,"[145.572, -168.0, -57.0, -41.143, -20.954, -3.0]"
STOWED_ENGINEERING_CANDIDATE,STOWED,B51_REF_link5_LINKLOCAL,link5,Harness_Passage,ARM_MOUNT_INTERFACE,AABB_CLEAR,257.8023,,257.8023,CLEAR,False,"[145.572, -168.0, -57.0, -41.143, -20.954, -3.0]"
STOWED_ENGINEERING_CANDIDATE,STOWED,B51_REF_link5_LINKLOCAL,link5,Harness_Service_Loop_Left,BUS_STRUCTURE,AABB_CLEAR,251.229,,251.229,CLEAR,False,"[145.572, -168.0, -57.0, -41.143, -20.954, -3.0]"
STOWED_ENGINEERING_CANDIDATE,STOWED,B51_REF_link5_LINKLOCAL,link5,Harness_Service_Loop_Right,BUS_STRUCTURE,AABB_CLEAR,271.371,,271.371,CLEAR,False,"[145.572, -168.0, -57.0, -41.143, -20.954, -3.0]"
STOWED_ENGINEERING_CANDIDATE,STOWED,B51_REF_link5_LINKLOCAL,link5,Hinge_Ear_1_Left,BUS_STRUCTURE,AABB_CLEAR,225.7694,,225.7694,CLEAR,False,"[145.572, -168.0, -57.0, -41.143, -20.954, -3.0]"
STOWED_ENGINEERING_CANDIDATE,STOWED,B51_REF_link5_LINKLOCAL,link5,Hinge_Ear_1_Right,BUS_STRUCTURE,AABB_CLEAR,251.0213,,251.0213,CLEAR,False,"[145.572, -168.0, -57.0, -41.143, -20.954, -3.0]"
STOWED_ENGINEERING_CANDIDATE,STOWED,B51_REF_link5_LINKLOCAL,link5,Hinge_Ear_2_Left,BUS_STRUCTURE,AABB_CLEAR,217.324,,217.324,CLEAR,False,"[145.572, -168.0, -57.0, -41.143, -20.954, -3.0]"
STOWED_ENGINEERING_CANDIDATE,STOWED,B51_REF_link5_LINKLOCAL,link5,Hinge_Ear_2_Right,BUS_STRUCTURE,AABB_CLEAR,243.4535,,243.4535,CLEAR,False,"[145.572, -168.0, -57.0, -41.143, -20.954, -3.0]"
STOWED_ENGINEERING_CANDIDATE,STOWED,B51_REF_link5_LINKLOCAL,link5,Hinge_Pin_Left,BUS_STRUCTURE,AABB_CLEAR,217.375,,217.375,CLEAR,False,"[145.572, -168.0, -57.0, -41.143, -20.954, -3.0]"
STOWED_ENGINEERING_CANDIDATE,STOWED,B51_REF_link5_LINKLOCAL,link5,Hinge_Pin_Right,BUS_STRUCTURE,AABB_CLEAR,250.3948,,250.3948,CLEAR,False,"[145.572, -168.0, -57.0, -41.143, -20.954, -3.0]"
STOWED_ENGINEERING_CANDIDATE,STOWED,B51_REF_link5_LINKLOCAL,link5,Launch_Lock_Interface_Reference,REFERENCE_ONLY,AABB_CLEAR,49.512,,49.512,EXCLUDED_REFERENCE_ONLY_BODY,False,"[145.572, -168.0, -57.0, -41.143, -20.954, -3.0]"
STOWED_ENGINEERING_CANDIDATE,STOWED,B51_REF_link5_LINKLOCAL,link5,Load_Bridge_Left,ARM_MOUNT_INTERFACE,AABB_CLEAR,184.8023,,184.8023,CLEAR,False,"[145.572, -168.0, -57.0, -41.143, -20.954, -3.0]"
STOWED_ENGINEERING_CANDIDATE,STOWED,B51_REF_link5_LINKLOCAL,link5,Load_Bridge_Right,ARM_MOUNT_INTERFACE,AABB_CLEAR,193.6259,,193.6259,CLEAR,False,"[145.572, -168.0, -57.0, -41.143, -20.954, -3.0]"
STOWED_ENGINEERING_CANDIDATE,STOWED,B51_REF_link5_LINKLOCAL,link5,Load_Spreading_Frame,ARM_MOUNT_INTERFACE,AABB_CLEAR,115.6142,,115.6142,CLEAR,False,"[145.572, -168.0, -57.0, -41.143, -20.954, -3.0]"
STOWED_ENGINEERING_CANDIDATE,STOWED,B51_REF_link5_LINKLOCAL,link5,Longerons_4X,BUS_STRUCTURE,AABB_CLEAR,89.6523,,89.6523,CLEAR,False,"[145.572, -168.0, -57.0, -41.143, -20.954, -3.0]"
STOWED_ENGINEERING_CANDIDATE,STOWED,B51_REF_link5_LINKLOCAL,link5,Maintenance_Access_Cover,BUS_STRUCTURE,AABB_CLEAR,306.9523,,306.9523,CLEAR,False,"[145.572, -168.0, -57.0, -41.143, -20.954, -3.0]"
STOWED_ENGINEERING_CANDIDATE,STOWED,B51_REF_link5_LINKLOCAL,link5,Mid_Saddle,SADDLE_PLACEHOLDER,MESH,-15.1177,0.0011,0.0011,TOO_CLOSE_TO_CALL,True,"[145.572, -168.0, -57.0, -41.143, -20.954, -3.0]"
STOWED_ENGINEERING_CANDIDATE,STOWED,B51_REF_link5_LINKLOCAL,link5,Mid_Transverse_Frame_,BUS_STRUCTURE,AABB_CLEAR,89.6523,,89.6523,CLEAR,False,"[145.572, -168.0, -57.0, -41.143, -20.954, -3.0]"
STOWED_ENGINEERING_CANDIDATE,STOWED,B51_REF_link5_LINKLOCAL,link5,Rear_End_Frame,BUS_STRUCTURE,AABB_CLEAR,240.2985,,240.2985,CLEAR,False,"[145.572, -168.0, -57.0, -41.143, -20.954, -3.0]"
STOWED_ENGINEERING_CANDIDATE,STOWED,B51_REF_link5_LINKLOCAL,link5,Release_Clearance_Envelope,REFERENCE_ONLY,MESH,-22.052,0.0,0.0,EXCLUDED_REFERENCE_ONLY_BODY,False,"[145.572, -168.0, -57.0, -41.143, -20.954, -3.0]"
STOWED_ENGINEERING_CANDIDATE,STOWED,B51_REF_link5_LINKLOCAL,link5,Root_Base_Left,BUS_STRUCTURE,AABB_CLEAR,184.0589,,184.0589,CLEAR,False,"[145.572, -168.0, -57.0, -41.143, -20.954, -3.0]"
STOWED_ENGINEERING_CANDIDATE,STOWED,B51_REF_link5_LINKLOCAL,link5,Root_Base_Right,BUS_STRUCTURE,AABB_CLEAR,210.7223,,210.7223,CLEAR,False,"[145.572, -168.0, -57.0, -41.143, -20.954, -3.0]"
STOWED_ENGINEERING_CANDIDATE,STOWED,B51_REF_link5_LINKLOCAL,link5,Root_Node_Spine_Left,BUS_STRUCTURE,AABB_CLEAR,161.8713,,161.8713,CLEAR,False,"[145.572, -168.0, -57.0, -41.143, -20.954, -3.0]"
STOWED_ENGINEERING_CANDIDATE,STOWED,B51_REF_link5_LINKLOCAL,link5,Root_Node_Spine_Right,BUS_STRUCTURE,AABB_CLEAR,190.1601,,190.1601,CLEAR,False,"[145.572, -168.0, -57.0, -41.143, -20.954, -3.0]"
STOWED_ENGINEERING_CANDIDATE,STOWED,B51_REF_link5_LINKLOCAL,link5,Spacecraft_Flange,ARM_MOUNT_INTERFACE,AABB_CLEAR,137.0499,,137.0499,CLEAR,False,"[145.572, -168.0, -57.0, -41.143, -20.954, -3.0]"
STOWED_ENGINEERING_CANDIDATE,STOWED,B51_REF_link5_LINKLOCAL,link5,Torsion_Spring_1_Left,BUS_STRUCTURE,AABB_CLEAR,229.8352,,229.8352,CLEAR,False,"[145.572, -168.0, -57.0, -41.143, -20.954, -3.0]"
STOWED_ENGINEERING_CANDIDATE,STOWED,B51_REF_link5_LINKLOCAL,link5,Torsion_Spring_1_Right,BUS_STRUCTURE,AABB_CLEAR,259.8327,,259.8327,CLEAR,False,"[145.572, -168.0, -57.0, -41.143, -20.954, -3.0]"
STOWED_ENGINEERING_CANDIDATE,STOWED,B51_REF_link5_LINKLOCAL,link5,Torsion_Spring_2_Left,BUS_STRUCTURE,AABB_CLEAR,208.8755,,208.8755,CLEAR,False,"[145.572, -168.0, -57.0, -41.143, -20.954, -3.0]"
STOWED_ENGINEERING_CANDIDATE,STOWED,B51_REF_link5_LINKLOCAL,link5,Torsion_Spring_2_Right,BUS_STRUCTURE,AABB_CLEAR,241.4908,,241.4908,CLEAR,False,"[145.572, -168.0, -57.0, -41.143, -20.954, -3.0]"
STOWED_ENGINEERING_CANDIDATE,STOWED,B51_REF_link5_LINKLOCAL,link5,WING_L_STOWED,SOLAR_WING,AABB_CLEAR,199.9758,,199.9758,CLEAR,False,"[145.572, -168.0, -57.0, -41.143, -20.954, -3.0]"
STOWED_ENGINEERING_CANDIDATE,STOWED,B51_REF_link5_LINKLOCAL,link5,WING_R_STOWED,SOLAR_WING,AABB_CLEAR,224.7588,,224.7588,CLEAR,False,"[145.572, -168.0, -57.0, -41.143, -20.954, -3.0]"
STOWED_ENGINEERING_CANDIDATE,STOWED,B51_REF_link6_LINKLOCAL,link6,Adapter_Plate,ARM_MOUNT_INTERFACE,AABB_CLEAR,188.7104,,188.7104,CLEAR,False,"[145.572, -168.0, -57.0, -41.143, -20.954, -3.0]"
STOWED_ENGINEERING_CANDIDATE,STOWED,B51_REF_link6_LINKLOCAL,link6,Aft_Saddle,SADDLE_PLACEHOLDER,MESH,-1.1453,5.9409,5.9409,CLEAR,False,"[145.572, -168.0, -57.0, -41.143, -20.954, -3.0]"
STOWED_ENGINEERING_CANDIDATE,STOWED,B51_REF_link6_LINKLOCAL,link6,Central_Boss,ARM_MOUNT_INTERFACE,AABB_CLEAR,216.0724,,216.0724,CLEAR,False,"[145.572, -168.0, -57.0, -41.143, -20.954, -3.0]"
STOWED_ENGINEERING_CANDIDATE,STOWED,B51_REF_link6_LINKLOCAL,link6,Deck_Front_Bay,BUS_STRUCTURE,AABB_CLEAR,269.33,,269.33,CLEAR,False,"[145.572, -168.0, -57.0, -41.143, -20.954, -3.0]"
STOWED_ENGINEERING_CANDIDATE,STOWED,B51_REF_link6_LINKLOCAL,link6,Deck_Mid_Bay,BUS_STRUCTURE,AABB_CLEAR,269.33,,269.33,CLEAR,False,"[145.572, -168.0, -57.0, -41.143, -20.954, -3.0]"
STOWED_ENGINEERING_CANDIDATE,STOWED,B51_REF_link6_LINKLOCAL,link6,Deck_Rear_Bay,BUS_STRUCTURE,AABB_CLEAR,276.5671,,276.5671,CLEAR,False,"[145.572, -168.0, -57.0, -41.143, -20.954, -3.0]"
STOWED_ENGINEERING_CANDIDATE,STOWED,B51_REF_link6_LINKLOCAL,link6,Front_End_Frame,BUS_STRUCTURE,AABB_CLEAR,158.037,,158.037,CLEAR,False,"[145.572, -168.0, -57.0, -41.143, -20.954, -3.0]"
STOWED_ENGINEERING_CANDIDATE,STOWED,B51_REF_link6_LINKLOCAL,link6,Front_Transverse_Frame,BUS_STRUCTURE,AABB_CLEAR,130.4719,,130.4719,CLEAR,False,"[145.572, -168.0, -57.0, -41.143, -20.954, -3.0]"
STOWED_ENGINEERING_CANDIDATE,STOWED,B51_REF_link6_LINKLOCAL,link6,Fwd_Saddle,SADDLE_PLACEHOLDER,AABB_CLEAR,87.3433,,87.3433,CLEAR,False,"[145.572, -168.0, -57.0, -41.143, -20.954, -3.0]"
STOWED_ENGINEERING_CANDIDATE,STOWED,B51_REF_link6_LINKLOCAL,link6,HDRM_Base_1_Left,BUS_STRUCTURE,AABB_CLEAR,355.3322,,355.3322,CLEAR,False,"[145.572, -168.0, -57.0, -41.143, -20.954, -3.0]"
STOWED_ENGINEERING_CANDIDATE,STOWED,B51_REF_link6_LINKLOCAL,link6,HDRM_Base_1_Right,BUS_STRUCTURE,AABB_CLEAR,366.2132,,366.2132,CLEAR,False,"[145.572, -168.0, -57.0, -41.143, -20.954, -3.0]"
STOWED_ENGINEERING_CANDIDATE,STOWED,B51_REF_link6_LINKLOCAL,link6,HDRM_Base_2_Left,BUS_STRUCTURE,AABB_CLEAR,323.5656,,323.5656,CLEAR,False,"[145.572, -168.0, -57.0, -41.143, -20.954, -3.0]"
STOWED_ENGINEERING_CANDIDATE,STOWED,B51_REF_link6_LINKLOCAL,link6,HDRM_Base_2_Right,BUS_STRUCTURE,AABB_CLEAR,335.4785,,335.4785,CLEAR,False,"[145.572, -168.0, -57.0, -41.143, -20.954, -3.0]"
STOWED_ENGINEERING_CANDIDATE,STOWED,B51_REF_link6_LINKLOCAL,link6,HDRM_Rod_1_Left,BUS_STRUCTURE,AABB_CLEAR,365.493,,365.493,CLEAR,False,"[145.572, -168.0, -57.0, -41.143, -20.954, -3.0]"
STOWED_ENGINEERING_CANDIDATE,STOWED,B51_REF_link6_LINKLOCAL,link6,HDRM_Rod_1_Right,BUS_STRUCTURE,AABB_CLEAR,377.3209,,377.3209,CLEAR,False,"[145.572, -168.0, -57.0, -41.143, -20.954, -3.0]"
STOWED_ENGINEERING_CANDIDATE,STOWED,B51_REF_link6_LINKLOCAL,link6,HDRM_Rod_2_Left,BUS_STRUCTURE,AABB_CLEAR,331.5325,,331.5325,CLEAR,False,"[145.572, -168.0, -57.0, -41.143, -20.954, -3.0]"
STOWED_ENGINEERING_CANDIDATE,STOWED,B51_REF_link6_LINKLOCAL,link6,HDRM_Rod_2_Right,BUS_STRUCTURE,AABB_CLEAR,344.5284,,344.5284,CLEAR,False,"[145.572, -168.0, -57.0, -41.143, -20.954, -3.0]"
STOWED_ENGINEERING_CANDIDATE,STOWED,B51_REF_link6_LINKLOCAL,link6,Hard_Stop_Left,BUS_STRUCTURE,AABB_CLEAR,209.5022,,209.5022,CLEAR,False,"[145.572, -168.0, -57.0, -41.143, -20.954, -3.0]"
STOWED_ENGINEERING_CANDIDATE,STOWED,B51_REF_link6_LINKLOCAL,link6,Hard_Stop_Right,BUS_STRUCTURE,AABB_CLEAR,229.5151,,229.5151,CLEAR,False,"[145.572, -168.0, -57.0, -41.143, -20.954, -3.0]"
STOWED_ENGINEERING_CANDIDATE,STOWED,B51_REF_link6_LINKLOCAL,link6,Harness_Passage,ARM_MOUNT_INTERFACE,AABB_CLEAR,291.33,,291.33,CLEAR,False,"[145.572, -168.0, -57.0, -41.143, -20.954, -3.0]"
STOWED_ENGINEERING_CANDIDATE,STOWED,B51_REF_link6_LINKLOCAL,link6,Harness_Service_Loop_Left,BUS_STRUCTURE,AABB_CLEAR,261.8136,,261.8136,CLEAR,False,"[145.572, -168.0, -57.0, -41.143, -20.954, -3.0]"
STOWED_ENGINEERING_CANDIDATE,STOWED,B51_REF_link6_LINKLOCAL,link6,Harness_Service_Loop_Right,BUS_STRUCTURE,AABB_CLEAR,276.401,,276.401,CLEAR,False,"[145.572, -168.0, -57.0, -41.143, -20.954, -3.0]"
STOWED_ENGINEERING_CANDIDATE,STOWED,B51_REF_link6_LINKLOCAL,link6,Hinge_Ear_1_Left,BUS_STRUCTURE,AABB_CLEAR,241.5062,,241.5062,CLEAR,False,"[145.572, -168.0, -57.0, -41.143, -20.954, -3.0]"
STOWED_ENGINEERING_CANDIDATE,STOWED,B51_REF_link6_LINKLOCAL,link6,Hinge_Ear_1_Right,BUS_STRUCTURE,AABB_CLEAR,259.0584,,259.0584,CLEAR,False,"[145.572, -168.0, -57.0, -41.143, -20.954, -3.0]"
STOWED_ENGINEERING_CANDIDATE,STOWED,B51_REF_link6_LINKLOCAL,link6,Hinge_Ear_2_Left,BUS_STRUCTURE,AABB_CLEAR,237.3826,,237.3826,CLEAR,False,"[145.572, -168.0, -57.0, -41.143, -20.954, -3.0]"
STOWED_ENGINEERING_CANDIDATE,STOWED,B51_REF_link6_LINKLOCAL,link6,Hinge_Ear_2_Right,BUS_STRUCTURE,AABB_CLEAR,255.2185,,255.2185,CLEAR,False,"[145.572, -168.0, -57.0, -41.143, -20.954, -3.0]"
STOWED_ENGINEERING_CANDIDATE,STOWED,B51_REF_link6_LINKLOCAL,link6,Hinge_Pin_Left,BUS_STRUCTURE,AABB_CLEAR,241.2345,,241.2345,CLEAR,False,"[145.572, -168.0, -57.0, -41.143, -20.954, -3.0]"
STOWED_ENGINEERING_CANDIDATE,STOWED,B51_REF_link6_LINKLOCAL,link6,Hinge_Pin_Right,BUS_STRUCTURE,AABB_CLEAR,262.8375,,262.8375,CLEAR,False,"[145.572, -168.0, -57.0, -41.143, -20.954, -3.0]"
STOWED_ENGINEERING_CANDIDATE,STOWED,B51_REF_link6_LINKLOCAL,link6,Launch_Lock_Interface_Reference,REFERENCE_ONLY,AABB_CLEAR,65.33,,65.33,EXCLUDED_REFERENCE_ONLY_BODY,False,"[145.572, -168.0, -57.0, -41.143, -20.954, -3.0]"
STOWED_ENGINEERING_CANDIDATE,STOWED,B51_REF_link6_LINKLOCAL,link6,Load_Bridge_Left,ARM_MOUNT_INTERFACE,AABB_CLEAR,218.33,,218.33,CLEAR,False,"[145.572, -168.0, -57.0, -41.143, -20.954, -3.0]"
STOWED_ENGINEERING_CANDIDATE,STOWED,B51_REF_link6_LINKLOCAL,link6,Load_Bridge_Right,ARM_MOUNT_INTERFACE,AABB_CLEAR,224.2643,,224.2643,CLEAR,False,"[145.572, -168.0, -57.0, -41.143, -20.954, -3.0]"
STOWED_ENGINEERING_CANDIDATE,STOWED,B51_REF_link6_LINKLOCAL,link6,Load_Spreading_Frame,ARM_MOUNT_INTERFACE,AABB_CLEAR,169.3421,,169.3421,CLEAR,False,"[145.572, -168.0, -57.0, -41.143, -20.954, -3.0]"
STOWED_ENGINEERING_CANDIDATE,STOWED,B51_REF_link6_LINKLOCAL,link6,Longerons_4X,BUS_STRUCTURE,AABB_CLEAR,123.18,,123.18,CLEAR,False,"[145.572, -168.0, -57.0, -41.143, -20.954, -3.0]"
STOWED_ENGINEERING_CANDIDATE,STOWED,B51_REF_link6_LINKLOCAL,link6,Maintenance_Access_Cover,BUS_STRUCTURE,AABB_CLEAR,344.1327,,344.1327,CLEAR,False,"[145.572, -168.0, -57.0, -41.143, -20.954, -3.0]"
STOWED_ENGINEERING_CANDIDATE,STOWED,B51_REF_link6_LINKLOCAL,link6,Mid_Saddle,SADDLE_PLACEHOLDER,AABB_CLEAR,18.841,,18.841,CLEAR,False,"[145.572, -168.0, -57.0, -41.143, -20.954, -3.0]"
STOWED_ENGINEERING_CANDIDATE,STOWED,B51_REF_link6_LINKLOCAL,link6,Mid_Transverse_Frame_,BUS_STRUCTURE,AABB_CLEAR,123.18,,123.18,CLEAR,False,"[145.572, -168.0, -57.0, -41.143, -20.954, -3.0]"
STOWED_ENGINEERING_CANDIDATE,STOWED,B51_REF_link6_LINKLOCAL,link6,Rear_End_Frame,BUS_STRUCTURE,AABB_CLEAR,213.0699,,213.0699,CLEAR,False,"[145.572, -168.0, -57.0, -41.143, -20.954, -3.0]"
STOWED_ENGINEERING_CANDIDATE,STOWED,B51_REF_link6_LINKLOCAL,link6,Release_Clearance_Envelope,REFERENCE_ONLY,MESH,-67.2934,0.0014,0.0014,EXCLUDED_REFERENCE_ONLY_BODY,False,"[145.572, -168.0, -57.0, -41.143, -20.954, -3.0]"
STOWED_ENGINEERING_CANDIDATE,STOWED,B51_REF_link6_LINKLOCAL,link6,Root_Base_Left,BUS_STRUCTURE,AABB_CLEAR,201.42,,201.42,CLEAR,False,"[145.572, -168.0, -57.0, -41.143, -20.954, -3.0]"
STOWED_ENGINEERING_CANDIDATE,STOWED,B51_REF_link6_LINKLOCAL,link6,Root_Base_Right,BUS_STRUCTURE,AABB_CLEAR,220.0481,,220.0481,CLEAR,False,"[145.572, -168.0, -57.0, -41.143, -20.954, -3.0]"
STOWED_ENGINEERING_CANDIDATE,STOWED,B51_REF_link6_LINKLOCAL,link6,Root_Node_Spine_Left,BUS_STRUCTURE,AABB_CLEAR,170.8555,,170.8555,CLEAR,False,"[145.572, -168.0, -57.0, -41.143, -20.954, -3.0]"
STOWED_ENGINEERING_CANDIDATE,STOWED,B51_REF_link6_LINKLOCAL,link6,Root_Node_Spine_Right,BUS_STRUCTURE,AABB_CLEAR,191.552,,191.552,CLEAR,False,"[145.572, -168.0, -57.0, -41.143, -20.954, -3.0]"
STOWED_ENGINEERING_CANDIDATE,STOWED,B51_REF_link6_LINKLOCAL,link6,Spacecraft_Flange,ARM_MOUNT_INTERFACE,AABB_CLEAR,191.0991,,191.0991,CLEAR,False,"[145.572, -168.0, -57.0, -41.143, -20.954, -3.0]"
STOWED_ENGINEERING_CANDIDATE,STOWED,B51_REF_link6_LINKLOCAL,link6,Torsion_Spring_1_Left,BUS_STRUCTURE,AABB_CLEAR,244.5905,,244.5905,CLEAR,False,"[145.572, -168.0, -57.0, -41.143, -20.954, -3.0]"
STOWED_ENGINEERING_CANDIDATE,STOWED,B51_REF_link6_LINKLOCAL,link6,Torsion_Spring_1_Right,BUS_STRUCTURE,AABB_CLEAR,265.0406,,265.0406,CLEAR,False,"[145.572, -168.0, -57.0, -41.143, -20.954, -3.0]"
STOWED_ENGINEERING_CANDIDATE,STOWED,B51_REF_link6_LINKLOCAL,link6,Torsion_Spring_2_Left,BUS_STRUCTURE,AABB_CLEAR,234.8316,,234.8316,CLEAR,False,"[145.572, -168.0, -57.0, -41.143, -20.954, -3.0]"
STOWED_ENGINEERING_CANDIDATE,STOWED,B51_REF_link6_LINKLOCAL,link6,Torsion_Spring_2_Right,BUS_STRUCTURE,AABB_CLEAR,256.0623,,256.0623,CLEAR,False,"[145.572, -168.0, -57.0, -41.143, -20.954, -3.0]"
STOWED_ENGINEERING_CANDIDATE,STOWED,B51_REF_link6_LINKLOCAL,link6,WING_L_STOWED,SOLAR_WING,AABB_CLEAR,236.3993,,236.3993,CLEAR,False,"[145.572, -168.0, -57.0, -41.143, -20.954, -3.0]"
STOWED_ENGINEERING_CANDIDATE,STOWED,B51_REF_link6_LINKLOCAL,link6,WING_R_STOWED,SOLAR_WING,AABB_CLEAR,252.4594,,252.4594,CLEAR,False,"[145.572, -168.0, -57.0, -41.143, -20.954, -3.0]"
STOWED_ENGINEERING_CANDIDATE,STOWED,B51_REF_gripper_detail_LINKLOCAL,gripper_link,Adapter_Plate,ARM_MOUNT_INTERFACE,AABB_CLEAR,195.7217,,195.7217,CLEAR,False,"[145.572, -168.0, -57.0, -41.143, -20.954, -3.0]"
STOWED_ENGINEERING_CANDIDATE,STOWED,B51_REF_gripper_detail_LINKLOCAL,gripper_link,Aft_Saddle,SADDLE_PLACEHOLDER,MESH,-44.8936,1.5478,1.5478,TIGHT_CLEARANCE,False,"[145.572, -168.0, -57.0, -41.143, -20.954, -3.0]"
STOWED_ENGINEERING_CANDIDATE,STOWED,B51_REF_gripper_detail_LINKLOCAL,gripper_link,Central_Boss,ARM_MOUNT_INTERFACE,AABB_CLEAR,221.9437,,221.9437,CLEAR,False,"[145.572, -168.0, -57.0, -41.143, -20.954, -3.0]"
STOWED_ENGINEERING_CANDIDATE,STOWED,B51_REF_gripper_detail_LINKLOCAL,gripper_link,Deck_Front_Bay,BUS_STRUCTURE,AABB_CLEAR,252.8693,,252.8693,CLEAR,False,"[145.572, -168.0, -57.0, -41.143, -20.954, -3.0]"
STOWED_ENGINEERING_CANDIDATE,STOWED,B51_REF_gripper_detail_LINKLOCAL,gripper_link,Deck_Mid_Bay,BUS_STRUCTURE,AABB_CLEAR,252.1864,,252.1864,CLEAR,False,"[145.572, -168.0, -57.0, -41.143, -20.954, -3.0]"
STOWED_ENGINEERING_CANDIDATE,STOWED,B51_REF_gripper_detail_LINKLOCAL,gripper_link,Deck_Rear_Bay,BUS_STRUCTURE,AABB_CLEAR,252.1864,,252.1864,CLEAR,False,"[145.572, -168.0, -57.0, -41.143, -20.954, -3.0]"
STOWED_ENGINEERING_CANDIDATE,STOWED,B51_REF_gripper_detail_LINKLOCAL,gripper_link,Front_End_Frame,BUS_STRUCTURE,AABB_CLEAR,167.4288,,167.4288,CLEAR,False,"[145.572, -168.0, -57.0, -41.143, -20.954, -3.0]"
STOWED_ENGINEERING_CANDIDATE,STOWED,B51_REF_gripper_detail_LINKLOCAL,gripper_link,Front_Transverse_Frame,BUS_STRUCTURE,AABB_CLEAR,129.0598,,129.0598,CLEAR,False,"[145.572, -168.0, -57.0, -41.143, -20.954, -3.0]"
STOWED_ENGINEERING_CANDIDATE,STOWED,B51_REF_gripper_detail_LINKLOCAL,gripper_link,Fwd_Saddle,SADDLE_PLACEHOLDER,AABB_CLEAR,114.7708,,114.7708,CLEAR,False,"[145.572, -168.0, -57.0, -41.143, -20.954, -3.0]"
STOWED_ENGINEERING_CANDIDATE,STOWED,B51_REF_gripper_detail_LINKLOCAL,gripper_link,HDRM_Base_1_Left,BUS_STRUCTURE,AABB_CLEAR,312.1218,,312.1218,CLEAR,False,"[145.572, -168.0, -57.0, -41.143, -20.954, -3.0]"
STOWED_ENGINEERING_CANDIDATE,STOWED,B51_REF_gripper_detail_LINKLOCAL,gripper_link,HDRM_Base_1_Right,BUS_STRUCTURE,AABB_CLEAR,313.4119,,313.4119,CLEAR,False,"[145.572, -168.0, -57.0, -41.143, -20.954, -3.0]"
STOWED_ENGINEERING_CANDIDATE,STOWED,B51_REF_gripper_detail_LINKLOCAL,gripper_link,HDRM_Base_2_Left,BUS_STRUCTURE,AABB_CLEAR,304.1864,,304.1864,CLEAR,False,"[145.572, -168.0, -57.0, -41.143, -20.954, -3.0]"
STOWED_ENGINEERING_CANDIDATE,STOWED,B51_REF_gripper_detail_LINKLOCAL,gripper_link,HDRM_Base_2_Right,BUS_STRUCTURE,AABB_CLEAR,305.5101,,305.5101,CLEAR,False,"[145.572, -168.0, -57.0, -41.143, -20.954, -3.0]"
STOWED_ENGINEERING_CANDIDATE,STOWED,B51_REF_gripper_detail_LINKLOCAL,gripper_link,HDRM_Rod_1_Left,BUS_STRUCTURE,AABB_CLEAR,320.6182,,320.6182,CLEAR,False,"[145.572, -168.0, -57.0, -41.143, -20.954, -3.0]"
STOWED_ENGINEERING_CANDIDATE,STOWED,B51_REF_gripper_detail_LINKLOCAL,gripper_link,HDRM_Rod_1_Right,BUS_STRUCTURE,AABB_CLEAR,322.6162,,322.6162,CLEAR,False,"[145.572, -168.0, -57.0, -41.143, -20.954, -3.0]"
STOWED_ENGINEERING_CANDIDATE,STOWED,B51_REF_gripper_detail_LINKLOCAL,gripper_link,HDRM_Rod_2_Left,BUS_STRUCTURE,AABB_CLEAR,311.2513,,311.2513,CLEAR,False,"[145.572, -168.0, -57.0, -41.143, -20.954, -3.0]"
STOWED_ENGINEERING_CANDIDATE,STOWED,B51_REF_gripper_detail_LINKLOCAL,gripper_link,HDRM_Rod_2_Right,BUS_STRUCTURE,AABB_CLEAR,313.309,,313.309,CLEAR,False,"[145.572, -168.0, -57.0, -41.143, -20.954, -3.0]"
STOWED_ENGINEERING_CANDIDATE,STOWED,B51_REF_gripper_detail_LINKLOCAL,gripper_link,Hard_Stop_Left,BUS_STRUCTURE,AABB_CLEAR,179.299,,179.299,CLEAR,False,"[145.572, -168.0, -57.0, -41.143, -20.954, -3.0]"
STOWED_ENGINEERING_CANDIDATE,STOWED,B51_REF_gripper_detail_LINKLOCAL,gripper_link,Hard_Stop_Right,BUS_STRUCTURE,AABB_CLEAR,182.8478,,182.8478,CLEAR,False,"[145.572, -168.0, -57.0, -41.143, -20.954, -3.0]"
STOWED_ENGINEERING_CANDIDATE,STOWED,B51_REF_gripper_detail_LINKLOCAL,gripper_link,Harness_Passage,ARM_MOUNT_INTERFACE,AABB_CLEAR,274.8146,,274.8146,CLEAR,False,"[145.572, -168.0, -57.0, -41.143, -20.954, -3.0]"
STOWED_ENGINEERING_CANDIDATE,STOWED,B51_REF_gripper_detail_LINKLOCAL,gripper_link,Harness_Service_Loop_Left,BUS_STRUCTURE,AABB_CLEAR,226.501,,226.501,CLEAR,False,"[145.572, -168.0, -57.0, -41.143, -20.954, -3.0]"
STOWED_ENGINEERING_CANDIDATE,STOWED,B51_REF_gripper_detail_LINKLOCAL,gripper_link,Harness_Service_Loop_Right,BUS_STRUCTURE,AABB_CLEAR,228.2755,,228.2755,CLEAR,False,"[145.572, -168.0, -57.0, -41.143, -20.954, -3.0]"
STOWED_ENGINEERING_CANDIDATE,STOWED,B51_REF_gripper_detail_LINKLOCAL,gripper_link,Hinge_Ear_1_Left,BUS_STRUCTURE,AABB_CLEAR,211.282,,211.282,CLEAR,False,"[145.572, -168.0, -57.0, -41.143, -20.954, -3.0]"
STOWED_ENGINEERING_CANDIDATE,STOWED,B51_REF_gripper_detail_LINKLOCAL,gripper_link,Hinge_Ear_1_Right,BUS_STRUCTURE,AABB_CLEAR,214.3018,,214.3018,CLEAR,False,"[145.572, -168.0, -57.0, -41.143, -20.954, -3.0]"
STOWED_ENGINEERING_CANDIDATE,STOWED,B51_REF_gripper_detail_LINKLOCAL,gripper_link,Hinge_Ear_2_Left,BUS_STRUCTURE,AABB_CLEAR,211.282,,211.282,CLEAR,False,"[145.572, -168.0, -57.0, -41.143, -20.954, -3.0]"
STOWED_ENGINEERING_CANDIDATE,STOWED,B51_REF_gripper_detail_LINKLOCAL,gripper_link,Hinge_Ear_2_Right,BUS_STRUCTURE,AABB_CLEAR,214.3018,,214.3018,CLEAR,False,"[145.572, -168.0, -57.0, -41.143, -20.954, -3.0]"
STOWED_ENGINEERING_CANDIDATE,STOWED,B51_REF_gripper_detail_LINKLOCAL,gripper_link,Hinge_Pin_Left,BUS_STRUCTURE,AABB_CLEAR,213.5795,,213.5795,CLEAR,False,"[145.572, -168.0, -57.0, -41.143, -20.954, -3.0]"
STOWED_ENGINEERING_CANDIDATE,STOWED,B51_REF_gripper_detail_LINKLOCAL,gripper_link,Hinge_Pin_Right,BUS_STRUCTURE,AABB_CLEAR,219.051,,219.051,CLEAR,False,"[145.572, -168.0, -57.0, -41.143, -20.954, -3.0]"
STOWED_ENGINEERING_CANDIDATE,STOWED,B51_REF_gripper_detail_LINKLOCAL,gripper_link,Launch_Lock_Interface_Reference,REFERENCE_ONLY,AABB_CLEAR,48.1864,,48.1864,EXCLUDED_REFERENCE_ONLY_BODY,False,"[145.572, -168.0, -57.0, -41.143, -20.954, -3.0]"
STOWED_ENGINEERING_CANDIDATE,STOWED,B51_REF_gripper_detail_LINKLOCAL,gripper_link,Load_Bridge_Left,ARM_MOUNT_INTERFACE,AABB_CLEAR,202.0417,,202.0417,CLEAR,False,"[145.572, -168.0, -57.0, -41.143, -20.954, -3.0]"
STOWED_ENGINEERING_CANDIDATE,STOWED,B51_REF_gripper_detail_LINKLOCAL,gripper_link,Load_Bridge_Right,ARM_MOUNT_INTERFACE,AABB_CLEAR,202.0417,,202.0417,CLEAR,False,"[145.572, -168.0, -57.0, -41.143, -20.954, -3.0]"
STOWED_ENGINEERING_CANDIDATE,STOWED,B51_REF_gripper_detail_LINKLOCAL,gripper_link,Load_Spreading_Frame,ARM_MOUNT_INTERFACE,AABB_CLEAR,175.8013,,175.8013,CLEAR,False,"[145.572, -168.0, -57.0, -41.143, -20.954, -3.0]"
STOWED_ENGINEERING_CANDIDATE,STOWED,B51_REF_gripper_detail_LINKLOCAL,gripper_link,Longerons_4X,BUS_STRUCTURE,AABB_CLEAR,106.0364,,106.0364,CLEAR,False,"[145.572, -168.0, -57.0, -41.143, -20.954, -3.0]"
STOWED_ENGINEERING_CANDIDATE,STOWED,B51_REF_gripper_detail_LINKLOCAL,gripper_link,Maintenance_Access_Cover,BUS_STRUCTURE,AABB_CLEAR,333.2239,,333.2239,CLEAR,False,"[145.572, -168.0, -57.0, -41.143, -20.954, -3.0]"
STOWED_ENGINEERING_CANDIDATE,STOWED,B51_REF_gripper_detail_LINKLOCAL,gripper_link,Mid_Saddle,SADDLE_PLACEHOLDER,AABB_CLEAR,34.5944,,34.5944,CLEAR,False,"[145.572, -168.0, -57.0, -41.143, -20.954, -3.0]"
STOWED_ENGINEERING_CANDIDATE,STOWED,B51_REF_gripper_detail_LINKLOCAL,gripper_link,Mid_Transverse_Frame_,BUS_STRUCTURE,AABB_CLEAR,106.0364,,106.0364,CLEAR,False,"[145.572, -168.0, -57.0, -41.143, -20.954, -3.0]"
STOWED_ENGINEERING_CANDIDATE,STOWED,B51_REF_gripper_detail_LINKLOCAL,gripper_link,Rear_End_Frame,BUS_STRUCTURE,AABB_CLEAR,143.6654,,143.6654,CLEAR,False,"[145.572, -168.0, -57.0, -41.143, -20.954, -3.0]"
STOWED_ENGINEERING_CANDIDATE,STOWED,B51_REF_gripper_detail_LINKLOCAL,gripper_link,Release_Clearance_Envelope,REFERENCE_ONLY,MESH,-117.0224,0.0053,0.0053,EXCLUDED_REFERENCE_ONLY_BODY,False,"[145.572, -168.0, -57.0, -41.143, -20.954, -3.0]"
STOWED_ENGINEERING_CANDIDATE,STOWED,B51_REF_gripper_detail_LINKLOCAL,gripper_link,Root_Base_Left,BUS_STRUCTURE,AABB_CLEAR,176.1864,,176.1864,CLEAR,False,"[145.572, -168.0, -57.0, -41.143, -20.954, -3.0]"
STOWED_ENGINEERING_CANDIDATE,STOWED,B51_REF_gripper_detail_LINKLOCAL,gripper_link,Root_Base_Right,BUS_STRUCTURE,AABB_CLEAR,178.462,,178.462,CLEAR,False,"[145.572, -168.0, -57.0, -41.143, -20.954, -3.0]"
STOWED_ENGINEERING_CANDIDATE,STOWED,B51_REF_gripper_detail_LINKLOCAL,gripper_link,Root_Node_Spine_Left,BUS_STRUCTURE,AABB_CLEAR,141.1864,,141.1864,CLEAR,False,"[145.572, -168.0, -57.0, -41.143, -20.954, -3.0]"
STOWED_ENGINEERING_CANDIDATE,STOWED,B51_REF_gripper_detail_LINKLOCAL,gripper_link,Root_Node_Spine_Right,BUS_STRUCTURE,AABB_CLEAR,143.4544,,143.4544,CLEAR,False,"[145.572, -168.0, -57.0, -41.143, -20.954, -3.0]"
STOWED_ENGINEERING_CANDIDATE,STOWED,B51_REF_gripper_detail_LINKLOCAL,gripper_link,Spacecraft_Flange,ARM_MOUNT_INTERFACE,AABB_CLEAR,197.128,,197.128,CLEAR,False,"[145.572, -168.0, -57.0, -41.143, -20.954, -3.0]"
STOWED_ENGINEERING_CANDIDATE,STOWED,B51_REF_gripper_detail_LINKLOCAL,gripper_link,Torsion_Spring_1_Left,BUS_STRUCTURE,AABB_CLEAR,209.179,,209.179,CLEAR,False,"[145.572, -168.0, -57.0, -41.143, -20.954, -3.0]"
STOWED_ENGINEERING_CANDIDATE,STOWED,B51_REF_gripper_detail_LINKLOCAL,gripper_link,Torsion_Spring_1_Right,BUS_STRUCTURE,AABB_CLEAR,214.2022,,214.2022,CLEAR,False,"[145.572, -168.0, -57.0, -41.143, -20.954, -3.0]"
STOWED_ENGINEERING_CANDIDATE,STOWED,B51_REF_gripper_detail_LINKLOCAL,gripper_link,Torsion_Spring_2_Left,BUS_STRUCTURE,AABB_CLEAR,209.179,,209.179,CLEAR,False,"[145.572, -168.0, -57.0, -41.143, -20.954, -3.0]"
STOWED_ENGINEERING_CANDIDATE,STOWED,B51_REF_gripper_detail_LINKLOCAL,gripper_link,Torsion_Spring_2_Right,BUS_STRUCTURE,AABB_CLEAR,214.2022,,214.2022,CLEAR,False,"[145.572, -168.0, -57.0, -41.143, -20.954, -3.0]"
STOWED_ENGINEERING_CANDIDATE,STOWED,B51_REF_gripper_detail_LINKLOCAL,gripper_link,WING_L_STOWED,SOLAR_WING,AABB_CLEAR,216.1864,,216.1864,CLEAR,False,"[145.572, -168.0, -57.0, -41.143, -20.954, -3.0]"
STOWED_ENGINEERING_CANDIDATE,STOWED,B51_REF_gripper_detail_LINKLOCAL,gripper_link,WING_R_STOWED,SOLAR_WING,AABB_CLEAR,218.0449,,218.0449,CLEAR,False,"[145.572, -168.0, -57.0, -41.143, -20.954, -3.0]"
SOLAR_DEPLOY_ARM_LOCKED,STOWED,B51_REF_base_link_LINKLOCAL,base_link,Adapter_Plate,ARM_MOUNT_INTERFACE,AABB_CLEAR,12.405,,12.405,EXCLUDED_BOLTED_MOUNT_INTERFACE,False,"[145.572, -168.0, -57.0, -41.143, -20.954, -3.0]"
SOLAR_DEPLOY_ARM_LOCKED,STOWED,B51_REF_base_link_LINKLOCAL,base_link,Aft_Saddle,SADDLE_PLACEHOLDER,AABB_CLEAR,216.7609,,216.7609,CLEAR,False,"[145.572, -168.0, -57.0, -41.143, -20.954, -3.0]"
SOLAR_DEPLOY_ARM_LOCKED,STOWED,B51_REF_base_link_LINKLOCAL,base_link,Central_Boss,ARM_MOUNT_INTERFACE,MESH,2.405,2.7142,2.7142,EXCLUDED_BOLTED_MOUNT_INTERFACE,False,"[145.572, -168.0, -57.0, -41.143, -20.954, -3.0]"
SOLAR_DEPLOY_ARM_LOCKED,STOWED,B51_REF_base_link_LINKLOCAL,base_link,Deck_Front_Bay,BUS_STRUCTURE,AABB_CLEAR,91.405,,91.405,CLEAR,False,"[145.572, -168.0, -57.0, -41.143, -20.954, -3.0]"
SOLAR_DEPLOY_ARM_LOCKED,STOWED,B51_REF_base_link_LINKLOCAL,base_link,Deck_Mid_Bay,BUS_STRUCTURE,AABB_CLEAR,152.405,,152.405,CLEAR,False,"[145.572, -168.0, -57.0, -41.143, -20.954, -3.0]"
SOLAR_DEPLOY_ARM_LOCKED,STOWED,B51_REF_base_link_LINKLOCAL,base_link,Deck_Rear_Bay,BUS_STRUCTURE,AABB_CLEAR,274.405,,274.405,CLEAR,False,"[145.572, -168.0, -57.0, -41.143, -20.954, -3.0]"
SOLAR_DEPLOY_ARM_LOCKED,STOWED,B51_REF_base_link_LINKLOCAL,base_link,Front_End_Frame,BUS_STRUCTURE,AABB_CLEAR,27.405,,27.405,CLEAR,False,"[145.572, -168.0, -57.0, -41.143, -20.954, -3.0]"
SOLAR_DEPLOY_ARM_LOCKED,STOWED,B51_REF_base_link_LINKLOCAL,base_link,Front_Transverse_Frame,BUS_STRUCTURE,AABB_CLEAR,85.405,,85.405,CLEAR,False,"[145.572, -168.0, -57.0, -41.143, -20.954, -3.0]"
SOLAR_DEPLOY_ARM_LOCKED,STOWED,B51_REF_base_link_LINKLOCAL,base_link,Fwd_Saddle,SADDLE_PLACEHOLDER,AABB_CLEAR,60.328,,60.328,CLEAR,False,"[145.572, -168.0, -57.0, -41.143, -20.954, -3.0]"
SOLAR_DEPLOY_ARM_LOCKED,STOWED,B51_REF_base_link_LINKLOCAL,base_link,HDRM_Base_1_Left,BUS_STRUCTURE,AABB_CLEAR,363.1471,,363.1471,CLEAR,False,"[145.572, -168.0, -57.0, -41.143, -20.954, -3.0]"
SOLAR_DEPLOY_ARM_LOCKED,STOWED,B51_REF_base_link_LINKLOCAL,base_link,HDRM_Base_1_Right,BUS_STRUCTURE,AABB_CLEAR,363.1517,,363.1517,CLEAR,False,"[145.572, -168.0, -57.0, -41.143, -20.954, -3.0]"
SOLAR_DEPLOY_ARM_LOCKED,STOWED,B51_REF_base_link_LINKLOCAL,base_link,HDRM_Base_2_Left,BUS_STRUCTURE,AABB_CLEAR,168.8604,,168.8604,CLEAR,False,"[145.572, -168.0, -57.0, -41.143, -20.954, -3.0]"
SOLAR_DEPLOY_ARM_LOCKED,STOWED,B51_REF_base_link_LINKLOCAL,base_link,HDRM_Base_2_Right,BUS_STRUCTURE,AABB_CLEAR,168.8702,,168.8702,CLEAR,False,"[145.572, -168.0, -57.0, -41.143, -20.954, -3.0]"
SOLAR_DEPLOY_ARM_LOCKED,STOWED,B51_REF_base_link_LINKLOCAL,base_link,HDRM_Rod_1_Left,BUS_STRUCTURE,AABB_CLEAR,371.8367,,371.8367,CLEAR,False,"[145.572, -168.0, -57.0, -41.143, -20.954, -3.0]"
SOLAR_DEPLOY_ARM_LOCKED,STOWED,B51_REF_base_link_LINKLOCAL,base_link,HDRM_Rod_1_Right,BUS_STRUCTURE,AABB_CLEAR,371.8418,,371.8418,CLEAR,False,"[145.572, -168.0, -57.0, -41.143, -20.954, -3.0]"
SOLAR_DEPLOY_ARM_LOCKED,STOWED,B51_REF_base_link_LINKLOCAL,base_link,HDRM_Rod_2_Left,BUS_STRUCTURE,AABB_CLEAR,179.1662,,179.1662,CLEAR,False,"[145.572, -168.0, -57.0, -41.143, -20.954, -3.0]"
SOLAR_DEPLOY_ARM_LOCKED,STOWED,B51_REF_base_link_LINKLOCAL,base_link,HDRM_Rod_2_Right,BUS_STRUCTURE,AABB_CLEAR,179.1769,,179.1769,CLEAR,False,"[145.572, -168.0, -57.0, -41.143, -20.954, -3.0]"
SOLAR_DEPLOY_ARM_LOCKED,STOWED,B51_REF_base_link_LINKLOCAL,base_link,Hard_Stop_Left,BUS_STRUCTURE,AABB_CLEAR,275.0303,,275.0303,CLEAR,False,"[145.572, -168.0, -57.0, -41.143, -20.954, -3.0]"
SOLAR_DEPLOY_ARM_LOCKED,STOWED,B51_REF_base_link_LINKLOCAL,base_link,Hard_Stop_Right,BUS_STRUCTURE,AABB_CLEAR,275.0373,,275.0373,CLEAR,False,"[145.572, -168.0, -57.0, -41.143, -20.954, -3.0]"
SOLAR_DEPLOY_ARM_LOCKED,STOWED,B51_REF_base_link_LINKLOCAL,base_link,Harness_Passage,ARM_MOUNT_INTERFACE,AABB_CLEAR,39.405,,39.405,EXCLUDED_BOLTED_MOUNT_INTERFACE,False,"[145.572, -168.0, -57.0, -41.143, -20.954, -3.0]"
SOLAR_DEPLOY_ARM_LOCKED,STOWED,B51_REF_base_link_LINKLOCAL,base_link,Harness_Service_Loop_Left,BUS_STRUCTURE,AABB_CLEAR,304.873,,304.873,CLEAR,False,"[145.572, -168.0, -57.0, -41.143, -20.954, -3.0]"
SOLAR_DEPLOY_ARM_LOCKED,STOWED,B51_REF_base_link_LINKLOCAL,base_link,Harness_Service_Loop_Right,BUS_STRUCTURE,AABB_CLEAR,304.8784,,304.8784,CLEAR,False,"[145.572, -168.0, -57.0, -41.143, -20.954, -3.0]"
SOLAR_DEPLOY_ARM_LOCKED,STOWED,B51_REF_base_link_LINKLOCAL,base_link,Hinge_Ear_1_Left,BUS_STRUCTURE,AABB_CLEAR,281.8658,,281.8658,CLEAR,False,"[145.572, -168.0, -57.0, -41.143, -20.954, -3.0]"
SOLAR_DEPLOY_ARM_LOCKED,STOWED,B51_REF_base_link_LINKLOCAL,base_link,Hinge_Ear_1_Right,BUS_STRUCTURE,AABB_CLEAR,281.8726,,281.8726,CLEAR,False,"[145.572, -168.0, -57.0, -41.143, -20.954, -3.0]"
SOLAR_DEPLOY_ARM_LOCKED,STOWED,B51_REF_base_link_LINKLOCAL,base_link,Hinge_Ear_2_Left,BUS_STRUCTURE,AABB_CLEAR,264.3062,,264.3062,CLEAR,False,"[145.572, -168.0, -57.0, -41.143, -20.954, -3.0]"
SOLAR_DEPLOY_ARM_LOCKED,STOWED,B51_REF_base_link_LINKLOCAL,base_link,Hinge_Ear_2_Right,BUS_STRUCTURE,AABB_CLEAR,264.3134,,264.3134,CLEAR,False,"[145.572, -168.0, -57.0, -41.143, -20.954, -3.0]"
SOLAR_DEPLOY_ARM_LOCKED,STOWED,B51_REF_base_link_LINKLOCAL,base_link,Hinge_Pin_Left,BUS_STRUCTURE,AABB_CLEAR,262.2731,,262.2731,CLEAR,False,"[145.572, -168.0, -57.0, -41.143, -20.954, -3.0]"
SOLAR_DEPLOY_ARM_LOCKED,STOWED,B51_REF_base_link_LINKLOCAL,base_link,Hinge_Pin_Right,BUS_STRUCTURE,AABB_CLEAR,262.2826,,262.2826,CLEAR,False,"[145.572, -168.0, -57.0, -41.143, -20.954, -3.0]"
SOLAR_DEPLOY_ARM_LOCKED,STOWED,B51_REF_base_link_LINKLOCAL,base_link,Launch_Lock_Interface_Reference,REFERENCE_ONLY,AABB_CLEAR,212.5956,,212.5956,EXCLUDED_REFERENCE_ONLY_BODY,False,"[145.572, -168.0, -57.0, -41.143, -20.954, -3.0]"
SOLAR_DEPLOY_ARM_LOCKED,STOWED,B51_REF_base_link_LINKLOCAL,base_link,Load_Bridge_Left,ARM_MOUNT_INTERFACE,AABB_CLEAR,39.9965,,39.9965,EXCLUDED_BOLTED_MOUNT_INTERFACE,False,"[145.572, -168.0, -57.0, -41.143, -20.954, -3.0]"
SOLAR_DEPLOY_ARM_LOCKED,STOWED,B51_REF_base_link_LINKLOCAL,base_link,Load_Bridge_Right,ARM_MOUNT_INTERFACE,AABB_CLEAR,40.002,,40.002,EXCLUDED_BOLTED_MOUNT_INTERFACE,False,"[145.572, -168.0, -57.0, -41.143, -20.954, -3.0]"
SOLAR_DEPLOY_ARM_LOCKED,STOWED,B51_REF_base_link_LINKLOCAL,base_link,Load_Spreading_Frame,ARM_MOUNT_INTERFACE,AABB_CLEAR,35.405,,35.405,EXCLUDED_BOLTED_MOUNT_INTERFACE,False,"[145.572, -168.0, -57.0, -41.143, -20.954, -3.0]"
SOLAR_DEPLOY_ARM_LOCKED,STOWED,B51_REF_base_link_LINKLOCAL,base_link,Longerons_4X,BUS_STRUCTURE,AABB_CLEAR,27.405,,27.405,CLEAR,False,"[145.572, -168.0, -57.0, -41.143, -20.954, -3.0]"
SOLAR_DEPLOY_ARM_LOCKED,STOWED,B51_REF_base_link_LINKLOCAL,base_link,Maintenance_Access_Cover,BUS_STRUCTURE,AABB_CLEAR,61.1753,,61.1753,CLEAR,False,"[145.572, -168.0, -57.0, -41.143, -20.954, -3.0]"
SOLAR_DEPLOY_ARM_LOCKED,STOWED,B51_REF_base_link_LINKLOCAL,base_link,Mid_Saddle,SADDLE_PLACEHOLDER,AABB_CLEAR,122.083,,122.083,CLEAR,False,"[145.572, -168.0, -57.0, -41.143, -20.954, -3.0]"
SOLAR_DEPLOY_ARM_LOCKED,STOWED,B51_REF_base_link_LINKLOCAL,base_link,Mid_Transverse_Frame_,BUS_STRUCTURE,AABB_CLEAR,146.405,,146.405,CLEAR,False,"[145.572, -168.0, -57.0, -41.143, -20.954, -3.0]"
SOLAR_DEPLOY_ARM_LOCKED,STOWED,B51_REF_base_link_LINKLOCAL,base_link,Rear_End_Frame,BUS_STRUCTURE,AABB_CLEAR,385.405,,385.405,CLEAR,False,"[145.572, -168.0, -57.0, -41.143, -20.954, -3.0]"
SOLAR_DEPLOY_ARM_LOCKED,STOWED,B51_REF_base_link_LINKLOCAL,base_link,Release_Clearance_Envelope,REFERENCE_ONLY,AABB_CLEAR,246.8543,,246.8543,EXCLUDED_REFERENCE_ONLY_BODY,False,"[145.572, -168.0, -57.0, -41.143, -20.954, -3.0]"
SOLAR_DEPLOY_ARM_LOCKED,STOWED,B51_REF_base_link_LINKLOCAL,base_link,Root_Base_Left,BUS_STRUCTURE,AABB_CLEAR,258.686,,258.686,CLEAR,False,"[145.572, -168.0, -57.0, -41.143, -20.954, -3.0]"
SOLAR_DEPLOY_ARM_LOCKED,STOWED,B51_REF_base_link_LINKLOCAL,base_link,Root_Base_Right,BUS_STRUCTURE,AABB_CLEAR,258.6924,,258.6924,CLEAR,False,"[145.572, -168.0, -57.0, -41.143, -20.954, -3.0]"
SOLAR_DEPLOY_ARM_LOCKED,STOWED,B51_REF_base_link_LINKLOCAL,base_link,Root_Node_Spine_Left,BUS_STRUCTURE,AABB_CLEAR,269.891,,269.891,CLEAR,False,"[145.572, -168.0, -57.0, -41.143, -20.954, -3.0]"
SOLAR_DEPLOY_ARM_LOCKED,STOWED,B51_REF_base_link_LINKLOCAL,base_link,Root_Node_Spine_Right,BUS_STRUCTURE,AABB_CLEAR,269.8968,,269.8968,CLEAR,False,"[145.572, -168.0, -57.0, -41.143, -20.954, -3.0]"
SOLAR_DEPLOY_ARM_LOCKED,STOWED,B51_REF_base_link_LINKLOCAL,base_link,Spacecraft_Flange,ARM_MOUNT_INTERFACE,AABB_CLEAR,24.405,,24.405,EXCLUDED_BOLTED_MOUNT_INTERFACE,False,"[145.572, -168.0, -57.0, -41.143, -20.954, -3.0]"
SOLAR_DEPLOY_ARM_LOCKED,STOWED,B51_REF_base_link_LINKLOCAL,base_link,Torsion_Spring_1_Left,BUS_STRUCTURE,AABB_CLEAR,294.8432,,294.8432,CLEAR,False,"[145.572, -168.0, -57.0, -41.143, -20.954, -3.0]"
SOLAR_DEPLOY_ARM_LOCKED,STOWED,B51_REF_base_link_LINKLOCAL,base_link,Torsion_Spring_1_Right,BUS_STRUCTURE,AABB_CLEAR,294.8512,,294.8512,CLEAR,False,"[145.572, -168.0, -57.0, -41.143, -20.954, -3.0]"
SOLAR_DEPLOY_ARM_LOCKED,STOWED,B51_REF_base_link_LINKLOCAL,base_link,Torsion_Spring_2_Left,BUS_STRUCTURE,AABB_CLEAR,250.5818,,250.5818,CLEAR,False,"[145.572, -168.0, -57.0, -41.143, -20.954, -3.0]"
SOLAR_DEPLOY_ARM_LOCKED,STOWED,B51_REF_base_link_LINKLOCAL,base_link,Torsion_Spring_2_Right,BUS_STRUCTURE,AABB_CLEAR,250.5913,,250.5913,CLEAR,False,"[145.572, -168.0, -57.0, -41.143, -20.954, -3.0]"
SOLAR_DEPLOY_ARM_LOCKED,STOWED,B51_REF_base_link_LINKLOCAL,base_link,WING_L_DEPLOYED,SOLAR_WING,AABB_CLEAR,166.2478,,166.2478,CLEAR,False,"[145.572, -168.0, -57.0, -41.143, -20.954, -3.0]"
SOLAR_DEPLOY_ARM_LOCKED,STOWED,B51_REF_base_link_LINKLOCAL,base_link,WING_R_DEPLOYED,SOLAR_WING,AABB_CLEAR,166.2578,,166.2578,CLEAR,False,"[145.572, -168.0, -57.0, -41.143, -20.954, -3.0]"
SOLAR_DEPLOY_ARM_LOCKED,STOWED,B51_REF_link1_LINKLOCAL,link1,Adapter_Plate,ARM_MOUNT_INTERFACE,AABB_CLEAR,84.05,,84.05,CLEAR,False,"[145.572, -168.0, -57.0, -41.143, -20.954, -3.0]"
SOLAR_DEPLOY_ARM_LOCKED,STOWED,B51_REF_link1_LINKLOCAL,link1,Aft_Saddle,SADDLE_PLACEHOLDER,AABB_CLEAR,283.8346,,283.8346,CLEAR,False,"[145.572, -168.0, -57.0, -41.143, -20.954, -3.0]"
SOLAR_DEPLOY_ARM_LOCKED,STOWED,B51_REF_link1_LINKLOCAL,link1,Central_Boss,ARM_MOUNT_INTERFACE,AABB_CLEAR,74.05,,74.05,CLEAR,False,"[145.572, -168.0, -57.0, -41.143, -20.954, -3.0]"
SOLAR_DEPLOY_ARM_LOCKED,STOWED,B51_REF_link1_LINKLOCAL,link1,Deck_Front_Bay,BUS_STRUCTURE,AABB_CLEAR,163.05,,163.05,CLEAR,False,"[145.572, -168.0, -57.0, -41.143, -20.954, -3.0]"
SOLAR_DEPLOY_ARM_LOCKED,STOWED,B51_REF_link1_LINKLOCAL,link1,Deck_Mid_Bay,BUS_STRUCTURE,AABB_CLEAR,224.05,,224.05,CLEAR,False,"[145.572, -168.0, -57.0, -41.143, -20.954, -3.0]"
SOLAR_DEPLOY_ARM_LOCKED,STOWED,B51_REF_link1_LINKLOCAL,link1,Deck_Rear_Bay,BUS_STRUCTURE,AABB_CLEAR,346.05,,346.05,CLEAR,False,"[145.572, -168.0, -57.0, -41.143, -20.954, -3.0]"
SOLAR_DEPLOY_ARM_LOCKED,STOWED,B51_REF_link1_LINKLOCAL,link1,Front_End_Frame,BUS_STRUCTURE,AABB_CLEAR,99.05,,99.05,CLEAR,False,"[145.572, -168.0, -57.0, -41.143, -20.954, -3.0]"
SOLAR_DEPLOY_ARM_LOCKED,STOWED,B51_REF_link1_LINKLOCAL,link1,Front_Transverse_Frame,BUS_STRUCTURE,AABB_CLEAR,157.05,,157.05,CLEAR,False,"[145.572, -168.0, -57.0, -41.143, -20.954, -3.0]"
SOLAR_DEPLOY_ARM_LOCKED,STOWED,B51_REF_link1_LINKLOCAL,link1,Fwd_Saddle,SADDLE_PLACEHOLDER,AABB_CLEAR,106.8835,,106.8835,CLEAR,False,"[145.572, -168.0, -57.0, -41.143, -20.954, -3.0]"
SOLAR_DEPLOY_ARM_LOCKED,STOWED,B51_REF_link1_LINKLOCAL,link1,HDRM_Base_1_Left,BUS_STRUCTURE,AABB_CLEAR,432.2893,,432.2893,CLEAR,False,"[145.572, -168.0, -57.0, -41.143, -20.954, -3.0]"
SOLAR_DEPLOY_ARM_LOCKED,STOWED,B51_REF_link1_LINKLOCAL,link1,HDRM_Base_1_Right,BUS_STRUCTURE,AABB_CLEAR,432.541,,432.541,CLEAR,False,"[145.572, -168.0, -57.0, -41.143, -20.954, -3.0]"
SOLAR_DEPLOY_ARM_LOCKED,STOWED,B51_REF_link1_LINKLOCAL,link1,HDRM_Base_2_Left,BUS_STRUCTURE,AABB_CLEAR,234.2094,,234.2094,CLEAR,False,"[145.572, -168.0, -57.0, -41.143, -20.954, -3.0]"
SOLAR_DEPLOY_ARM_LOCKED,STOWED,B51_REF_link1_LINKLOCAL,link1,HDRM_Base_2_Right,BUS_STRUCTURE,AABB_CLEAR,234.6736,,234.6736,CLEAR,False,"[145.572, -168.0, -57.0, -41.143, -20.954, -3.0]"
SOLAR_DEPLOY_ARM_LOCKED,STOWED,B51_REF_link1_LINKLOCAL,link1,HDRM_Rod_1_Left,BUS_STRUCTURE,AABB_CLEAR,440.4221,,440.4221,CLEAR,False,"[145.572, -168.0, -57.0, -41.143, -20.954, -3.0]"
SOLAR_DEPLOY_ARM_LOCKED,STOWED,B51_REF_link1_LINKLOCAL,link1,HDRM_Rod_1_Right,BUS_STRUCTURE,AABB_CLEAR,440.719,,440.719,CLEAR,False,"[145.572, -168.0, -57.0, -41.143, -20.954, -3.0]"
SOLAR_DEPLOY_ARM_LOCKED,STOWED,B51_REF_link1_LINKLOCAL,link1,HDRM_Rod_2_Left,BUS_STRUCTURE,AABB_CLEAR,243.2111,,243.2111,CLEAR,False,"[145.572, -168.0, -57.0, -41.143, -20.954, -3.0]"
SOLAR_DEPLOY_ARM_LOCKED,STOWED,B51_REF_link1_LINKLOCAL,link1,HDRM_Rod_2_Right,BUS_STRUCTURE,AABB_CLEAR,243.7483,,243.7483,CLEAR,False,"[145.572, -168.0, -57.0, -41.143, -20.954, -3.0]"
SOLAR_DEPLOY_ARM_LOCKED,STOWED,B51_REF_link1_LINKLOCAL,link1,Hard_Stop_Left,BUS_STRUCTURE,AABB_CLEAR,343.1802,,343.1802,CLEAR,False,"[145.572, -168.0, -57.0, -41.143, -20.954, -3.0]"
SOLAR_DEPLOY_ARM_LOCKED,STOWED,B51_REF_link1_LINKLOCAL,link1,Hard_Stop_Right,BUS_STRUCTURE,AABB_CLEAR,343.5611,,343.5611,CLEAR,False,"[145.572, -168.0, -57.0, -41.143, -20.954, -3.0]"
SOLAR_DEPLOY_ARM_LOCKED,STOWED,B51_REF_link1_LINKLOCAL,link1,Harness_Passage,ARM_MOUNT_INTERFACE,AABB_CLEAR,111.05,,111.05,CLEAR,False,"[145.572, -168.0, -57.0, -41.143, -20.954, -3.0]"
SOLAR_DEPLOY_ARM_LOCKED,STOWED,B51_REF_link1_LINKLOCAL,link1,Harness_Service_Loop_Left,BUS_STRUCTURE,AABB_CLEAR,374.0106,,374.0106,CLEAR,False,"[145.572, -168.0, -57.0, -41.143, -20.954, -3.0]"
SOLAR_DEPLOY_ARM_LOCKED,STOWED,B51_REF_link1_LINKLOCAL,link1,Harness_Service_Loop_Right,BUS_STRUCTURE,AABB_CLEAR,374.3014,,374.3014,CLEAR,False,"[145.572, -168.0, -57.0, -41.143, -20.954, -3.0]"
SOLAR_DEPLOY_ARM_LOCKED,STOWED,B51_REF_link1_LINKLOCAL,link1,Hinge_Ear_1_Left,BUS_STRUCTURE,AABB_CLEAR,350.1176,,350.1176,CLEAR,False,"[145.572, -168.0, -57.0, -41.143, -20.954, -3.0]"
SOLAR_DEPLOY_ARM_LOCKED,STOWED,B51_REF_link1_LINKLOCAL,link1,Hinge_Ear_1_Right,BUS_STRUCTURE,AABB_CLEAR,350.491,,350.491,CLEAR,False,"[145.572, -168.0, -57.0, -41.143, -20.954, -3.0]"
SOLAR_DEPLOY_ARM_LOCKED,STOWED,B51_REF_link1_LINKLOCAL,link1,Hinge_Ear_2_Left,BUS_STRUCTURE,AABB_CLEAR,332.2839,,332.2839,CLEAR,False,"[145.572, -168.0, -57.0, -41.143, -20.954, -3.0]"
SOLAR_DEPLOY_ARM_LOCKED,STOWED,B51_REF_link1_LINKLOCAL,link1,Hinge_Ear_2_Right,BUS_STRUCTURE,AABB_CLEAR,332.6772,,332.6772,CLEAR,False,"[145.572, -168.0, -57.0, -41.143, -20.954, -3.0]"
SOLAR_DEPLOY_ARM_LOCKED,STOWED,B51_REF_link1_LINKLOCAL,link1,Hinge_Pin_Left,BUS_STRUCTURE,AABB_CLEAR,328.3957,,328.3957,CLEAR,False,"[145.572, -168.0, -57.0, -41.143, -20.954, -3.0]"
SOLAR_DEPLOY_ARM_LOCKED,STOWED,B51_REF_link1_LINKLOCAL,link1,Hinge_Pin_Right,BUS_STRUCTURE,AABB_CLEAR,328.944,,328.944,CLEAR,False,"[145.572, -168.0, -57.0, -41.143, -20.954, -3.0]"
SOLAR_DEPLOY_ARM_LOCKED,STOWED,B51_REF_link1_LINKLOCAL,link1,Launch_Lock_Interface_Reference,REFERENCE_ONLY,AABB_CLEAR,276.7209,,276.7209,EXCLUDED_REFERENCE_ONLY_BODY,False,"[145.572, -168.0, -57.0, -41.143, -20.954, -3.0]"
SOLAR_DEPLOY_ARM_LOCKED,STOWED,B51_REF_link1_LINKLOCAL,link1,Load_Bridge_Left,ARM_MOUNT_INTERFACE,AABB_CLEAR,111.05,,111.05,CLEAR,False,"[145.572, -168.0, -57.0, -41.143, -20.954, -3.0]"
SOLAR_DEPLOY_ARM_LOCKED,STOWED,B51_REF_link1_LINKLOCAL,link1,Load_Bridge_Right,ARM_MOUNT_INTERFACE,AABB_CLEAR,111.05,,111.05,CLEAR,False,"[145.572, -168.0, -57.0, -41.143, -20.954, -3.0]"
SOLAR_DEPLOY_ARM_LOCKED,STOWED,B51_REF_link1_LINKLOCAL,link1,Load_Spreading_Frame,ARM_MOUNT_INTERFACE,AABB_CLEAR,107.05,,107.05,CLEAR,False,"[145.572, -168.0, -57.0, -41.143, -20.954, -3.0]"
SOLAR_DEPLOY_ARM_LOCKED,STOWED,B51_REF_link1_LINKLOCAL,link1,Longerons_4X,BUS_STRUCTURE,AABB_CLEAR,99.05,,99.05,CLEAR,False,"[145.572, -168.0, -57.0, -41.143, -20.954, -3.0]"
SOLAR_DEPLOY_ARM_LOCKED,STOWED,B51_REF_link1_LINKLOCAL,link1,Maintenance_Access_Cover,BUS_STRUCTURE,AABB_CLEAR,119.2438,,119.2438,CLEAR,False,"[145.572, -168.0, -57.0, -41.143, -20.954, -3.0]"
SOLAR_DEPLOY_ARM_LOCKED,STOWED,B51_REF_link1_LINKLOCAL,link1,Mid_Saddle,SADDLE_PLACEHOLDER,AABB_CLEAR,184.8028,,184.8028,CLEAR,False,"[145.572, -168.0, -57.0, -41.143, -20.954, -3.0]"
SOLAR_DEPLOY_ARM_LOCKED,STOWED,B51_REF_link1_LINKLOCAL,link1,Mid_Transverse_Frame_,BUS_STRUCTURE,AABB_CLEAR,218.05,,218.05,CLEAR,False,"[145.572, -168.0, -57.0, -41.143, -20.954, -3.0]"
SOLAR_DEPLOY_ARM_LOCKED,STOWED,B51_REF_link1_LINKLOCAL,link1,Rear_End_Frame,BUS_STRUCTURE,AABB_CLEAR,457.05,,457.05,CLEAR,False,"[145.572, -168.0, -57.0, -41.143, -20.954, -3.0]"
SOLAR_DEPLOY_ARM_LOCKED,STOWED,B51_REF_link1_LINKLOCAL,link1,Release_Clearance_Envelope,REFERENCE_ONLY,AABB_CLEAR,279.9064,,279.9064,EXCLUDED_REFERENCE_ONLY_BODY,False,"[145.572, -168.0, -57.0, -41.143, -20.954, -3.0]"
SOLAR_DEPLOY_ARM_LOCKED,STOWED,B51_REF_link1_LINKLOCAL,link1,Root_Base_Left,BUS_STRUCTURE,AABB_CLEAR,327.2923,,327.2923,CLEAR,False,"[145.572, -168.0, -57.0, -41.143, -20.954, -3.0]"
SOLAR_DEPLOY_ARM_LOCKED,STOWED,B51_REF_link1_LINKLOCAL,link1,Root_Base_Right,BUS_STRUCTURE,AABB_CLEAR,327.6246,,327.6246,CLEAR,False,"[145.572, -168.0, -57.0, -41.143, -20.954, -3.0]"
SOLAR_DEPLOY_ARM_LOCKED,STOWED,B51_REF_link1_LINKLOCAL,link1,Root_Node_Spine_Left,BUS_STRUCTURE,AABB_CLEAR,338.8878,,338.8878,CLEAR,False,"[145.572, -168.0, -57.0, -41.143, -20.954, -3.0]"
SOLAR_DEPLOY_ARM_LOCKED,STOWED,B51_REF_link1_LINKLOCAL,link1,Root_Node_Spine_Right,BUS_STRUCTURE,AABB_CLEAR,339.1845,,339.1845,CLEAR,False,"[145.572, -168.0, -57.0, -41.143, -20.954, -3.0]"
SOLAR_DEPLOY_ARM_LOCKED,STOWED,B51_REF_link1_LINKLOCAL,link1,Spacecraft_Flange,ARM_MOUNT_INTERFACE,AABB_CLEAR,96.05,,96.05,CLEAR,False,"[145.572, -168.0, -57.0, -41.143, -20.954, -3.0]"
SOLAR_DEPLOY_ARM_LOCKED,STOWED,B51_REF_link1_LINKLOCAL,link1,Torsion_Spring_1_Left,BUS_STRUCTURE,AABB_CLEAR,362.097,,362.097,CLEAR,False,"[145.572, -168.0, -57.0, -41.143, -20.954, -3.0]"
SOLAR_DEPLOY_ARM_LOCKED,STOWED,B51_REF_link1_LINKLOCAL,link1,Torsion_Spring_1_Right,BUS_STRUCTURE,AABB_CLEAR,362.5641,,362.5641,CLEAR,False,"[145.572, -168.0, -57.0, -41.143, -20.954, -3.0]"
SOLAR_DEPLOY_ARM_LOCKED,STOWED,B51_REF_link1_LINKLOCAL,link1,Torsion_Spring_2_Left,BUS_STRUCTURE,AABB_CLEAR,316.8306,,316.8306,CLEAR,False,"[145.572, -168.0, -57.0, -41.143, -20.954, -3.0]"
SOLAR_DEPLOY_ARM_LOCKED,STOWED,B51_REF_link1_LINKLOCAL,link1,Torsion_Spring_2_Right,BUS_STRUCTURE,AABB_CLEAR,317.3643,,317.3643,CLEAR,False,"[145.572, -168.0, -57.0, -41.143, -20.954, -3.0]"
SOLAR_DEPLOY_ARM_LOCKED,STOWED,B51_REF_link1_LINKLOCAL,link1,WING_L_DEPLOYED,SOLAR_WING,AABB_CLEAR,232.7143,,232.7143,CLEAR,False,"[145.572, -168.0, -57.0, -41.143, -20.954, -3.0]"
SOLAR_DEPLOY_ARM_LOCKED,STOWED,B51_REF_link1_LINKLOCAL,link1,WING_R_DEPLOYED,SOLAR_WING,AABB_CLEAR,233.1814,,233.1814,CLEAR,False,"[145.572, -168.0, -57.0, -41.143, -20.954, -3.0]"
SOLAR_DEPLOY_ARM_LOCKED,STOWED,B51_REF_link2_LINKLOCAL,link2,Adapter_Plate,ARM_MOUNT_INTERFACE,AABB_CLEAR,121.6134,,121.6134,CLEAR,False,"[145.572, -168.0, -57.0, -41.143, -20.954, -3.0]"
SOLAR_DEPLOY_ARM_LOCKED,STOWED,B51_REF_link2_LINKLOCAL,link2,Aft_Saddle,SADDLE_PLACEHOLDER,AABB_CLEAR,319.6134,,319.6134,CLEAR,False,"[145.572, -168.0, -57.0, -41.143, -20.954, -3.0]"
SOLAR_DEPLOY_ARM_LOCKED,STOWED,B51_REF_link2_LINKLOCAL,link2,Central_Boss,ARM_MOUNT_INTERFACE,AABB_CLEAR,111.6134,,111.6134,CLEAR,False,"[145.572, -168.0, -57.0, -41.143, -20.954, -3.0]"
SOLAR_DEPLOY_ARM_LOCKED,STOWED,B51_REF_link2_LINKLOCAL,link2,Deck_Front_Bay,BUS_STRUCTURE,AABB_CLEAR,200.6134,,200.6134,CLEAR,False,"[145.572, -168.0, -57.0, -41.143, -20.954, -3.0]"
SOLAR_DEPLOY_ARM_LOCKED,STOWED,B51_REF_link2_LINKLOCAL,link2,Deck_Mid_Bay,BUS_STRUCTURE,AABB_CLEAR,261.6134,,261.6134,CLEAR,False,"[145.572, -168.0, -57.0, -41.143, -20.954, -3.0]"
SOLAR_DEPLOY_ARM_LOCKED,STOWED,B51_REF_link2_LINKLOCAL,link2,Deck_Rear_Bay,BUS_STRUCTURE,AABB_CLEAR,383.6134,,383.6134,CLEAR,False,"[145.572, -168.0, -57.0, -41.143, -20.954, -3.0]"
SOLAR_DEPLOY_ARM_LOCKED,STOWED,B51_REF_link2_LINKLOCAL,link2,Front_End_Frame,BUS_STRUCTURE,AABB_CLEAR,136.6134,,136.6134,CLEAR,False,"[145.572, -168.0, -57.0, -41.143, -20.954, -3.0]"
SOLAR_DEPLOY_ARM_LOCKED,STOWED,B51_REF_link2_LINKLOCAL,link2,Front_Transverse_Frame,BUS_STRUCTURE,AABB_CLEAR,194.6134,,194.6134,CLEAR,False,"[145.572, -168.0, -57.0, -41.143, -20.954, -3.0]"
SOLAR_DEPLOY_ARM_LOCKED,STOWED,B51_REF_link2_LINKLOCAL,link2,Fwd_Saddle,SADDLE_PLACEHOLDER,AABB_CLEAR,139.6134,,139.6134,CLEAR,False,"[145.572, -168.0, -57.0, -41.143, -20.954, -3.0]"
SOLAR_DEPLOY_ARM_LOCKED,STOWED,B51_REF_link2_LINKLOCAL,link2,HDRM_Base_1_Left,BUS_STRUCTURE,AABB_CLEAR,470.4109,,470.4109,CLEAR,False,"[145.572, -168.0, -57.0, -41.143, -20.954, -3.0]"
SOLAR_DEPLOY_ARM_LOCKED,STOWED,B51_REF_link2_LINKLOCAL,link2,HDRM_Base_1_Right,BUS_STRUCTURE,AABB_CLEAR,470.4109,,470.4109,CLEAR,False,"[145.572, -168.0, -57.0, -41.143, -20.954, -3.0]"
SOLAR_DEPLOY_ARM_LOCKED,STOWED,B51_REF_link2_LINKLOCAL,link2,HDRM_Base_2_Left,BUS_STRUCTURE,AABB_CLEAR,272.4721,,272.4721,CLEAR,False,"[145.572, -168.0, -57.0, -41.143, -20.954, -3.0]"
SOLAR_DEPLOY_ARM_LOCKED,STOWED,B51_REF_link2_LINKLOCAL,link2,HDRM_Base_2_Right,BUS_STRUCTURE,AABB_CLEAR,272.4721,,272.4721,CLEAR,False,"[145.572, -168.0, -57.0, -41.143, -20.954, -3.0]"
SOLAR_DEPLOY_ARM_LOCKED,STOWED,B51_REF_link2_LINKLOCAL,link2,HDRM_Rod_1_Left,BUS_STRUCTURE,AABB_CLEAR,478.1717,,478.1717,CLEAR,False,"[145.572, -168.0, -57.0, -41.143, -20.954, -3.0]"
SOLAR_DEPLOY_ARM_LOCKED,STOWED,B51_REF_link2_LINKLOCAL,link2,HDRM_Rod_1_Right,BUS_STRUCTURE,AABB_CLEAR,478.1717,,478.1717,CLEAR,False,"[145.572, -168.0, -57.0, -41.143, -20.954, -3.0]"
SOLAR_DEPLOY_ARM_LOCKED,STOWED,B51_REF_link2_LINKLOCAL,link2,HDRM_Rod_2_Left,BUS_STRUCTURE,AABB_CLEAR,280.7183,,280.7183,CLEAR,False,"[145.572, -168.0, -57.0, -41.143, -20.954, -3.0]"
SOLAR_DEPLOY_ARM_LOCKED,STOWED,B51_REF_link2_LINKLOCAL,link2,HDRM_Rod_2_Right,BUS_STRUCTURE,AABB_CLEAR,280.7183,,280.7183,CLEAR,False,"[145.572, -168.0, -57.0, -41.143, -20.954, -3.0]"
SOLAR_DEPLOY_ARM_LOCKED,STOWED,B51_REF_link2_LINKLOCAL,link2,Hard_Stop_Left,BUS_STRUCTURE,AABB_CLEAR,377.6134,,377.6134,CLEAR,False,"[145.572, -168.0, -57.0, -41.143, -20.954, -3.0]"
SOLAR_DEPLOY_ARM_LOCKED,STOWED,B51_REF_link2_LINKLOCAL,link2,Hard_Stop_Right,BUS_STRUCTURE,AABB_CLEAR,377.6134,,377.6134,CLEAR,False,"[145.572, -168.0, -57.0, -41.143, -20.954, -3.0]"
SOLAR_DEPLOY_ARM_LOCKED,STOWED,B51_REF_link2_LINKLOCAL,link2,Harness_Passage,ARM_MOUNT_INTERFACE,AABB_CLEAR,150.1216,,150.1216,CLEAR,False,"[145.572, -168.0, -57.0, -41.143, -20.954, -3.0]"
SOLAR_DEPLOY_ARM_LOCKED,STOWED,B51_REF_link2_LINKLOCAL,link2,Harness_Service_Loop_Left,BUS_STRUCTURE,AABB_CLEAR,409.6134,,409.6134,CLEAR,False,"[145.572, -168.0, -57.0, -41.143, -20.954, -3.0]"
SOLAR_DEPLOY_ARM_LOCKED,STOWED,B51_REF_link2_LINKLOCAL,link2,Harness_Service_Loop_Right,BUS_STRUCTURE,AABB_CLEAR,409.6134,,409.6134,CLEAR,False,"[145.572, -168.0, -57.0, -41.143, -20.954, -3.0]"
SOLAR_DEPLOY_ARM_LOCKED,STOWED,B51_REF_link2_LINKLOCAL,link2,Hinge_Ear_1_Left,BUS_STRUCTURE,AABB_CLEAR,384.6134,,384.6134,CLEAR,False,"[145.572, -168.0, -57.0, -41.143, -20.954, -3.0]"
SOLAR_DEPLOY_ARM_LOCKED,STOWED,B51_REF_link2_LINKLOCAL,link2,Hinge_Ear_1_Right,BUS_STRUCTURE,AABB_CLEAR,384.6134,,384.6134,CLEAR,False,"[145.572, -168.0, -57.0, -41.143, -20.954, -3.0]"
SOLAR_DEPLOY_ARM_LOCKED,STOWED,B51_REF_link2_LINKLOCAL,link2,Hinge_Ear_2_Left,BUS_STRUCTURE,AABB_CLEAR,366.6134,,366.6134,CLEAR,False,"[145.572, -168.0, -57.0, -41.143, -20.954, -3.0]"
SOLAR_DEPLOY_ARM_LOCKED,STOWED,B51_REF_link2_LINKLOCAL,link2,Hinge_Ear_2_Right,BUS_STRUCTURE,AABB_CLEAR,366.6134,,366.6134,CLEAR,False,"[145.572, -168.0, -57.0, -41.143, -20.954, -3.0]"
SOLAR_DEPLOY_ARM_LOCKED,STOWED,B51_REF_link2_LINKLOCAL,link2,Hinge_Pin_Left,BUS_STRUCTURE,AABB_CLEAR,359.6134,,359.6134,CLEAR,False,"[145.572, -168.0, -57.0, -41.143, -20.954, -3.0]"
SOLAR_DEPLOY_ARM_LOCKED,STOWED,B51_REF_link2_LINKLOCAL,link2,Hinge_Pin_Right,BUS_STRUCTURE,AABB_CLEAR,359.6134,,359.6134,CLEAR,False,"[145.572, -168.0, -57.0, -41.143, -20.954, -3.0]"
SOLAR_DEPLOY_ARM_LOCKED,STOWED,B51_REF_link2_LINKLOCAL,link2,Launch_Lock_Interface_Reference,REFERENCE_ONLY,AABB_CLEAR,309.6134,,309.6134,EXCLUDED_REFERENCE_ONLY_BODY,False,"[145.572, -168.0, -57.0, -41.143, -20.954, -3.0]"
SOLAR_DEPLOY_ARM_LOCKED,STOWED,B51_REF_link2_LINKLOCAL,link2,Load_Bridge_Left,ARM_MOUNT_INTERFACE,AABB_CLEAR,148.6134,,148.6134,CLEAR,False,"[145.572, -168.0, -57.0, -41.143, -20.954, -3.0]"
SOLAR_DEPLOY_ARM_LOCKED,STOWED,B51_REF_link2_LINKLOCAL,link2,Load_Bridge_Right,ARM_MOUNT_INTERFACE,AABB_CLEAR,148.6134,,148.6134,CLEAR,False,"[145.572, -168.0, -57.0, -41.143, -20.954, -3.0]"
SOLAR_DEPLOY_ARM_LOCKED,STOWED,B51_REF_link2_LINKLOCAL,link2,Load_Spreading_Frame,ARM_MOUNT_INTERFACE,AABB_CLEAR,144.6134,,144.6134,CLEAR,False,"[145.572, -168.0, -57.0, -41.143, -20.954, -3.0]"
SOLAR_DEPLOY_ARM_LOCKED,STOWED,B51_REF_link2_LINKLOCAL,link2,Longerons_4X,BUS_STRUCTURE,AABB_CLEAR,136.6134,,136.6134,CLEAR,False,"[145.572, -168.0, -57.0, -41.143, -20.954, -3.0]"
SOLAR_DEPLOY_ARM_LOCKED,STOWED,B51_REF_link2_LINKLOCAL,link2,Maintenance_Access_Cover,BUS_STRUCTURE,AABB_CLEAR,165.3389,,165.3389,CLEAR,False,"[145.572, -168.0, -57.0, -41.143, -20.954, -3.0]"
SOLAR_DEPLOY_ARM_LOCKED,STOWED,B51_REF_link2_LINKLOCAL,link2,Mid_Saddle,SADDLE_PLACEHOLDER,AABB_CLEAR,219.6134,,219.6134,CLEAR,False,"[145.572, -168.0, -57.0, -41.143, -20.954, -3.0]"
SOLAR_DEPLOY_ARM_LOCKED,STOWED,B51_REF_link2_LINKLOCAL,link2,Mid_Transverse_Frame_,BUS_STRUCTURE,AABB_CLEAR,255.6134,,255.6134,CLEAR,False,"[145.572, -168.0, -57.0, -41.143, -20.954, -3.0]"
SOLAR_DEPLOY_ARM_LOCKED,STOWED,B51_REF_link2_LINKLOCAL,link2,Rear_End_Frame,BUS_STRUCTURE,AABB_CLEAR,494.6134,,494.6134,CLEAR,False,"[145.572, -168.0, -57.0, -41.143, -20.954, -3.0]"
SOLAR_DEPLOY_ARM_LOCKED,STOWED,B51_REF_link2_LINKLOCAL,link2,Release_Clearance_Envelope,REFERENCE_ONLY,AABB_CLEAR,249.6134,,249.6134,EXCLUDED_REFERENCE_ONLY_BODY,False,"[145.572, -168.0, -57.0, -41.143, -20.954, -3.0]"
SOLAR_DEPLOY_ARM_LOCKED,STOWED,B51_REF_link2_LINKLOCAL,link2,Root_Base_Left,BUS_STRUCTURE,AABB_CLEAR,362.6134,,362.6134,CLEAR,False,"[145.572, -168.0, -57.0, -41.143, -20.954, -3.0]"
SOLAR_DEPLOY_ARM_LOCKED,STOWED,B51_REF_link2_LINKLOCAL,link2,Root_Base_Right,BUS_STRUCTURE,AABB_CLEAR,362.6134,,362.6134,CLEAR,False,"[145.572, -168.0, -57.0, -41.143, -20.954, -3.0]"
SOLAR_DEPLOY_ARM_LOCKED,STOWED,B51_REF_link2_LINKLOCAL,link2,Root_Node_Spine_Left,BUS_STRUCTURE,AABB_CLEAR,374.6134,,374.6134,CLEAR,False,"[145.572, -168.0, -57.0, -41.143, -20.954, -3.0]"
SOLAR_DEPLOY_ARM_LOCKED,STOWED,B51_REF_link2_LINKLOCAL,link2,Root_Node_Spine_Right,BUS_STRUCTURE,AABB_CLEAR,374.6134,,374.6134,CLEAR,False,"[145.572, -168.0, -57.0, -41.143, -20.954, -3.0]"
SOLAR_DEPLOY_ARM_LOCKED,STOWED,B51_REF_link2_LINKLOCAL,link2,Spacecraft_Flange,ARM_MOUNT_INTERFACE,AABB_CLEAR,133.6134,,133.6134,CLEAR,False,"[145.572, -168.0, -57.0, -41.143, -20.954, -3.0]"
SOLAR_DEPLOY_ARM_LOCKED,STOWED,B51_REF_link2_LINKLOCAL,link2,Torsion_Spring_1_Left,BUS_STRUCTURE,AABB_CLEAR,394.6134,,394.6134,CLEAR,False,"[145.572, -168.0, -57.0, -41.143, -20.954, -3.0]"
SOLAR_DEPLOY_ARM_LOCKED,STOWED,B51_REF_link2_LINKLOCAL,link2,Torsion_Spring_1_Right,BUS_STRUCTURE,AABB_CLEAR,394.6134,,394.6134,CLEAR,False,"[145.572, -168.0, -57.0, -41.143, -20.954, -3.0]"
SOLAR_DEPLOY_ARM_LOCKED,STOWED,B51_REF_link2_LINKLOCAL,link2,Torsion_Spring_2_Left,BUS_STRUCTURE,AABB_CLEAR,348.6134,,348.6134,CLEAR,False,"[145.572, -168.0, -57.0, -41.143, -20.954, -3.0]"
SOLAR_DEPLOY_ARM_LOCKED,STOWED,B51_REF_link2_LINKLOCAL,link2,Torsion_Spring_2_Right,BUS_STRUCTURE,AABB_CLEAR,348.6134,,348.6134,CLEAR,False,"[145.572, -168.0, -57.0, -41.143, -20.954, -3.0]"
SOLAR_DEPLOY_ARM_LOCKED,STOWED,B51_REF_link2_LINKLOCAL,link2,WING_L_DEPLOYED,SOLAR_WING,AABB_CLEAR,267.1134,,267.1134,CLEAR,False,"[145.572, -168.0, -57.0, -41.143, -20.954, -3.0]"
SOLAR_DEPLOY_ARM_LOCKED,STOWED,B51_REF_link2_LINKLOCAL,link2,WING_R_DEPLOYED,SOLAR_WING,AABB_CLEAR,267.1134,,267.1134,CLEAR,False,"[145.572, -168.0, -57.0, -41.143, -20.954, -3.0]"
SOLAR_DEPLOY_ARM_LOCKED,STOWED,B51_REF_link3_LINKLOCAL,link3,Adapter_Plate,ARM_MOUNT_INTERFACE,AABB_CLEAR,105.3075,,105.3075,CLEAR,False,"[145.572, -168.0, -57.0, -41.143, -20.954, -3.0]"
SOLAR_DEPLOY_ARM_LOCKED,STOWED,B51_REF_link3_LINKLOCAL,link3,Aft_Saddle,SADDLE_PLACEHOLDER,AABB_CLEAR,129.156,,129.156,CLEAR,False,"[145.572, -168.0, -57.0, -41.143, -20.954, -3.0]"
SOLAR_DEPLOY_ARM_LOCKED,STOWED,B51_REF_link3_LINKLOCAL,link3,Central_Boss,ARM_MOUNT_INTERFACE,AABB_CLEAR,130.3075,,130.3075,CLEAR,False,"[145.572, -168.0, -57.0, -41.143, -20.954, -3.0]"
SOLAR_DEPLOY_ARM_LOCKED,STOWED,B51_REF_link3_LINKLOCAL,link3,Deck_Front_Bay,BUS_STRUCTURE,AABB_CLEAR,221.5404,,221.5404,CLEAR,False,"[145.572, -168.0, -57.0, -41.143, -20.954, -3.0]"
SOLAR_DEPLOY_ARM_LOCKED,STOWED,B51_REF_link3_LINKLOCAL,link3,Deck_Mid_Bay,BUS_STRUCTURE,AABB_CLEAR,232.4655,,232.4655,CLEAR,False,"[145.572, -168.0, -57.0, -41.143, -20.954, -3.0]"
SOLAR_DEPLOY_ARM_LOCKED,STOWED,B51_REF_link3_LINKLOCAL,link3,Deck_Rear_Bay,BUS_STRUCTURE,AABB_CLEAR,293.7452,,293.7452,CLEAR,False,"[145.572, -168.0, -57.0, -41.143, -20.954, -3.0]"
SOLAR_DEPLOY_ARM_LOCKED,STOWED,B51_REF_link3_LINKLOCAL,link3,Front_End_Frame,BUS_STRUCTURE,AABB_CLEAR,75.1575,,75.1575,CLEAR,False,"[145.572, -168.0, -57.0, -41.143, -20.954, -3.0]"
SOLAR_DEPLOY_ARM_LOCKED,STOWED,B51_REF_link3_LINKLOCAL,link3,Front_Transverse_Frame,BUS_STRUCTURE,AABB_CLEAR,75.2723,,75.2723,CLEAR,False,"[145.572, -168.0, -57.0, -41.143, -20.954, -3.0]"
SOLAR_DEPLOY_ARM_LOCKED,STOWED,B51_REF_link3_LINKLOCAL,link3,Fwd_Saddle,SADDLE_PLACEHOLDER,MESH,-24.1125,0.0393,0.0393,TOO_CLOSE_TO_CALL,True,"[145.572, -168.0, -57.0, -41.143, -20.954, -3.0]"
SOLAR_DEPLOY_ARM_LOCKED,STOWED,B51_REF_link3_LINKLOCAL,link3,HDRM_Base_1_Left,BUS_STRUCTURE,AABB_CLEAR,389.246,,389.246,CLEAR,False,"[145.572, -168.0, -57.0, -41.143, -20.954, -3.0]"
SOLAR_DEPLOY_ARM_LOCKED,STOWED,B51_REF_link3_LINKLOCAL,link3,HDRM_Base_1_Right,BUS_STRUCTURE,AABB_CLEAR,395.2489,,395.2489,CLEAR,False,"[145.572, -168.0, -57.0, -41.143, -20.954, -3.0]"
SOLAR_DEPLOY_ARM_LOCKED,STOWED,B51_REF_link3_LINKLOCAL,link3,HDRM_Base_2_Left,BUS_STRUCTURE,AABB_CLEAR,283.9895,,283.9895,CLEAR,False,"[145.572, -168.0, -57.0, -41.143, -20.954, -3.0]"
SOLAR_DEPLOY_ARM_LOCKED,STOWED,B51_REF_link3_LINKLOCAL,link3,HDRM_Base_2_Right,BUS_STRUCTURE,AABB_CLEAR,292.1631,,292.1631,CLEAR,False,"[145.572, -168.0, -57.0, -41.143, -20.954, -3.0]"
SOLAR_DEPLOY_ARM_LOCKED,STOWED,B51_REF_link3_LINKLOCAL,link3,HDRM_Rod_1_Left,BUS_STRUCTURE,AABB_CLEAR,399.1452,,399.1452,CLEAR,False,"[145.572, -168.0, -57.0, -41.143, -20.954, -3.0]"
SOLAR_DEPLOY_ARM_LOCKED,STOWED,B51_REF_link3_LINKLOCAL,link3,HDRM_Rod_1_Right,BUS_STRUCTURE,AABB_CLEAR,406.4335,,406.4335,CLEAR,False,"[145.572, -168.0, -57.0, -41.143, -20.954, -3.0]"
SOLAR_DEPLOY_ARM_LOCKED,STOWED,B51_REF_link3_LINKLOCAL,link3,HDRM_Rod_2_Left,BUS_STRUCTURE,AABB_CLEAR,292.6679,,292.6679,CLEAR,False,"[145.572, -168.0, -57.0, -41.143, -20.954, -3.0]"
SOLAR_DEPLOY_ARM_LOCKED,STOWED,B51_REF_link3_LINKLOCAL,link3,HDRM_Rod_2_Right,BUS_STRUCTURE,AABB_CLEAR,302.5323,,302.5323,CLEAR,False,"[145.572, -168.0, -57.0, -41.143, -20.954, -3.0]"
SOLAR_DEPLOY_ARM_LOCKED,STOWED,B51_REF_link3_LINKLOCAL,link3,Hard_Stop_Left,BUS_STRUCTURE,AABB_CLEAR,238.7938,,238.7938,CLEAR,False,"[145.572, -168.0, -57.0, -41.143, -20.954, -3.0]"
SOLAR_DEPLOY_ARM_LOCKED,STOWED,B51_REF_link3_LINKLOCAL,link3,Hard_Stop_Right,BUS_STRUCTURE,AABB_CLEAR,250.7862,,250.7862,CLEAR,False,"[145.572, -168.0, -57.0, -41.143, -20.954, -3.0]"
SOLAR_DEPLOY_ARM_LOCKED,STOWED,B51_REF_link3_LINKLOCAL,link3,Harness_Passage,ARM_MOUNT_INTERFACE,AABB_CLEAR,243.3075,,243.3075,CLEAR,False,"[145.572, -168.0, -57.0, -41.143, -20.954, -3.0]"
SOLAR_DEPLOY_ARM_LOCKED,STOWED,B51_REF_link3_LINKLOCAL,link3,Harness_Service_Loop_Left,BUS_STRUCTURE,AABB_CLEAR,293.5547,,293.5547,CLEAR,False,"[145.572, -168.0, -57.0, -41.143, -20.954, -3.0]"
SOLAR_DEPLOY_ARM_LOCKED,STOWED,B51_REF_link3_LINKLOCAL,link3,Harness_Service_Loop_Right,BUS_STRUCTURE,AABB_CLEAR,301.4691,,301.4691,CLEAR,False,"[145.572, -168.0, -57.0, -41.143, -20.954, -3.0]"
SOLAR_DEPLOY_ARM_LOCKED,STOWED,B51_REF_link3_LINKLOCAL,link3,Hinge_Ear_1_Left,BUS_STRUCTURE,AABB_CLEAR,264.9667,,264.9667,CLEAR,False,"[145.572, -168.0, -57.0, -41.143, -20.954, -3.0]"
SOLAR_DEPLOY_ARM_LOCKED,STOWED,B51_REF_link3_LINKLOCAL,link3,Hinge_Ear_1_Right,BUS_STRUCTURE,AABB_CLEAR,275.8235,,275.8235,CLEAR,False,"[145.572, -168.0, -57.0, -41.143, -20.954, -3.0]"
SOLAR_DEPLOY_ARM_LOCKED,STOWED,B51_REF_link3_LINKLOCAL,link3,Hinge_Ear_2_Left,BUS_STRUCTURE,AABB_CLEAR,252.0749,,252.0749,CLEAR,False,"[145.572, -168.0, -57.0, -41.143, -20.954, -3.0]"
SOLAR_DEPLOY_ARM_LOCKED,STOWED,B51_REF_link3_LINKLOCAL,link3,Hinge_Ear_2_Right,BUS_STRUCTURE,AABB_CLEAR,263.4634,,263.4634,CLEAR,False,"[145.572, -168.0, -57.0, -41.143, -20.954, -3.0]"
SOLAR_DEPLOY_ARM_LOCKED,STOWED,B51_REF_link3_LINKLOCAL,link3,Hinge_Pin_Left,BUS_STRUCTURE,AABB_CLEAR,247.964,,247.964,CLEAR,False,"[145.572, -168.0, -57.0, -41.143, -20.954, -3.0]"
SOLAR_DEPLOY_ARM_LOCKED,STOWED,B51_REF_link3_LINKLOCAL,link3,Hinge_Pin_Right,BUS_STRUCTURE,AABB_CLEAR,265.4051,,265.4051,CLEAR,False,"[145.572, -168.0, -57.0, -41.143, -20.954, -3.0]"
SOLAR_DEPLOY_ARM_LOCKED,STOWED,B51_REF_link3_LINKLOCAL,link3,Launch_Lock_Interface_Reference,REFERENCE_ONLY,AABB_CLEAR,120.4064,,120.4064,EXCLUDED_REFERENCE_ONLY_BODY,False,"[145.572, -168.0, -57.0, -41.143, -20.954, -3.0]"
SOLAR_DEPLOY_ARM_LOCKED,STOWED,B51_REF_link3_LINKLOCAL,link3,Load_Bridge_Left,ARM_MOUNT_INTERFACE,AABB_CLEAR,170.3075,,170.3075,CLEAR,False,"[145.572, -168.0, -57.0, -41.143, -20.954, -3.0]"
SOLAR_DEPLOY_ARM_LOCKED,STOWED,B51_REF_link3_LINKLOCAL,link3,Load_Bridge_Right,ARM_MOUNT_INTERFACE,AABB_CLEAR,171.9176,,171.9176,CLEAR,False,"[145.572, -168.0, -57.0, -41.143, -20.954, -3.0]"
SOLAR_DEPLOY_ARM_LOCKED,STOWED,B51_REF_link3_LINKLOCAL,link3,Load_Spreading_Frame,ARM_MOUNT_INTERFACE,AABB_CLEAR,92.1575,,92.1575,CLEAR,False,"[145.572, -168.0, -57.0, -41.143, -20.954, -3.0]"
SOLAR_DEPLOY_ARM_LOCKED,STOWED,B51_REF_link3_LINKLOCAL,link3,Longerons_4X,BUS_STRUCTURE,AABB_CLEAR,75.1575,,75.1575,CLEAR,False,"[145.572, -168.0, -57.0, -41.143, -20.954, -3.0]"
SOLAR_DEPLOY_ARM_LOCKED,STOWED,B51_REF_link3_LINKLOCAL,link3,Maintenance_Access_Cover,BUS_STRUCTURE,AABB_CLEAR,292.4575,,292.4575,CLEAR,False,"[145.572, -168.0, -57.0, -41.143, -20.954, -3.0]"
SOLAR_DEPLOY_ARM_LOCKED,STOWED,B51_REF_link3_LINKLOCAL,link3,Mid_Saddle,SADDLE_PLACEHOLDER,AABB_CLEAR,29.156,,29.156,CLEAR,False,"[145.572, -168.0, -57.0, -41.143, -20.954, -3.0]"
SOLAR_DEPLOY_ARM_LOCKED,STOWED,B51_REF_link3_LINKLOCAL,link3,Mid_Transverse_Frame_,BUS_STRUCTURE,AABB_CLEAR,99.4684,,99.4684,CLEAR,False,"[145.572, -168.0, -57.0, -41.143, -20.954, -3.0]"
SOLAR_DEPLOY_ARM_LOCKED,STOWED,B51_REF_link3_LINKLOCAL,link3,Rear_End_Frame,BUS_STRUCTURE,AABB_CLEAR,313.3042,,313.3042,CLEAR,False,"[145.572, -168.0, -57.0, -41.143, -20.954, -3.0]"
SOLAR_DEPLOY_ARM_LOCKED,STOWED,B51_REF_link3_LINKLOCAL,link3,Release_Clearance_Envelope,REFERENCE_ONLY,AABB_CLEAR,59.156,,59.156,EXCLUDED_REFERENCE_ONLY_BODY,False,"[145.572, -168.0, -57.0, -41.143, -20.954, -3.0]"
SOLAR_DEPLOY_ARM_LOCKED,STOWED,B51_REF_link3_LINKLOCAL,link3,Root_Base_Left,BUS_STRUCTURE,AABB_CLEAR,225.282,,225.282,CLEAR,False,"[145.572, -168.0, -57.0, -41.143, -20.954, -3.0]"
SOLAR_DEPLOY_ARM_LOCKED,STOWED,B51_REF_link3_LINKLOCAL,link3,Root_Base_Right,BUS_STRUCTURE,AABB_CLEAR,235.5021,,235.5021,CLEAR,False,"[145.572, -168.0, -57.0, -41.143, -20.954, -3.0]"
SOLAR_DEPLOY_ARM_LOCKED,STOWED,B51_REF_link3_LINKLOCAL,link3,Root_Node_Spine_Left,BUS_STRUCTURE,AABB_CLEAR,214.6653,,214.6653,CLEAR,False,"[145.572, -168.0, -57.0, -41.143, -20.954, -3.0]"
SOLAR_DEPLOY_ARM_LOCKED,STOWED,B51_REF_link3_LINKLOCAL,link3,Root_Node_Spine_Right,BUS_STRUCTURE,AABB_CLEAR,224.472,,224.472,CLEAR,False,"[145.572, -168.0, -57.0, -41.143, -20.954, -3.0]"
SOLAR_DEPLOY_ARM_LOCKED,STOWED,B51_REF_link3_LINKLOCAL,link3,Spacecraft_Flange,ARM_MOUNT_INTERFACE,AABB_CLEAR,110.3075,,110.3075,CLEAR,False,"[145.572, -168.0, -57.0, -41.143, -20.954, -3.0]"
SOLAR_DEPLOY_ARM_LOCKED,STOWED,B51_REF_link3_LINKLOCAL,link3,Torsion_Spring_1_Left,BUS_STRUCTURE,AABB_CLEAR,270.4027,,270.4027,CLEAR,False,"[145.572, -168.0, -57.0, -41.143, -20.954, -3.0]"
SOLAR_DEPLOY_ARM_LOCKED,STOWED,B51_REF_link3_LINKLOCAL,link3,Torsion_Spring_1_Right,BUS_STRUCTURE,AABB_CLEAR,285.1848,,285.1848,CLEAR,False,"[145.572, -168.0, -57.0, -41.143, -20.954, -3.0]"
SOLAR_DEPLOY_ARM_LOCKED,STOWED,B51_REF_link3_LINKLOCAL,link3,Torsion_Spring_2_Left,BUS_STRUCTURE,AABB_CLEAR,237.5948,,237.5948,CLEAR,False,"[145.572, -168.0, -57.0, -41.143, -20.954, -3.0]"
SOLAR_DEPLOY_ARM_LOCKED,STOWED,B51_REF_link3_LINKLOCAL,link3,Torsion_Spring_2_Right,BUS_STRUCTURE,AABB_CLEAR,254.2912,,254.2912,CLEAR,False,"[145.572, -168.0, -57.0, -41.143, -20.954, -3.0]"
SOLAR_DEPLOY_ARM_LOCKED,STOWED,B51_REF_link3_LINKLOCAL,link3,WING_L_DEPLOYED,SOLAR_WING,AABB_CLEAR,197.768,,197.768,CLEAR,False,"[145.572, -168.0, -57.0, -41.143, -20.954, -3.0]"
SOLAR_DEPLOY_ARM_LOCKED,STOWED,B51_REF_link3_LINKLOCAL,link3,WING_R_DEPLOYED,SOLAR_WING,AABB_CLEAR,209.3357,,209.3357,CLEAR,False,"[145.572, -168.0, -57.0, -41.143, -20.954, -3.0]"
SOLAR_DEPLOY_ARM_LOCKED,STOWED,B51_REF_link4_LINKLOCAL,link4,Adapter_Plate,ARM_MOUNT_INTERFACE,AABB_CLEAR,101.853,,101.853,CLEAR,False,"[145.572, -168.0, -57.0, -41.143, -20.954, -3.0]"
SOLAR_DEPLOY_ARM_LOCKED,STOWED,B51_REF_link4_LINKLOCAL,link4,Aft_Saddle,SADDLE_PLACEHOLDER,AABB_CLEAR,63.9988,,63.9988,CLEAR,False,"[145.572, -168.0, -57.0, -41.143, -20.954, -3.0]"
SOLAR_DEPLOY_ARM_LOCKED,STOWED,B51_REF_link4_LINKLOCAL,link4,Central_Boss,ARM_MOUNT_INTERFACE,AABB_CLEAR,127.39,,127.39,CLEAR,False,"[145.572, -168.0, -57.0, -41.143, -20.954, -3.0]"
SOLAR_DEPLOY_ARM_LOCKED,STOWED,B51_REF_link4_LINKLOCAL,link4,Deck_Front_Bay,BUS_STRUCTURE,AABB_CLEAR,217.853,,217.853,CLEAR,False,"[145.572, -168.0, -57.0, -41.143, -20.954, -3.0]"
SOLAR_DEPLOY_ARM_LOCKED,STOWED,B51_REF_link4_LINKLOCAL,link4,Deck_Mid_Bay,BUS_STRUCTURE,AABB_CLEAR,217.9356,,217.9356,CLEAR,False,"[145.572, -168.0, -57.0, -41.143, -20.954, -3.0]"
SOLAR_DEPLOY_ARM_LOCKED,STOWED,B51_REF_link4_LINKLOCAL,link4,Deck_Rear_Bay,BUS_STRUCTURE,AABB_CLEAR,252.673,,252.673,CLEAR,False,"[145.572, -168.0, -57.0, -41.143, -20.954, -3.0]"
SOLAR_DEPLOY_ARM_LOCKED,STOWED,B51_REF_link4_LINKLOCAL,link4,Front_End_Frame,BUS_STRUCTURE,AABB_CLEAR,71.703,,71.703,CLEAR,False,"[145.572, -168.0, -57.0, -41.143, -20.954, -3.0]"
SOLAR_DEPLOY_ARM_LOCKED,STOWED,B51_REF_link4_LINKLOCAL,link4,Front_Transverse_Frame,BUS_STRUCTURE,AABB_CLEAR,71.703,,71.703,CLEAR,False,"[145.572, -168.0, -57.0, -41.143, -20.954, -3.0]"
SOLAR_DEPLOY_ARM_LOCKED,STOWED,B51_REF_link4_LINKLOCAL,link4,Fwd_Saddle,SADDLE_PLACEHOLDER,MESH,-26.3159,0.3185,0.3185,TOO_CLOSE_TO_CALL,True,"[145.572, -168.0, -57.0, -41.143, -20.954, -3.0]"
SOLAR_DEPLOY_ARM_LOCKED,STOWED,B51_REF_link4_LINKLOCAL,link4,HDRM_Base_1_Left,BUS_STRUCTURE,AABB_CLEAR,343.1678,,343.1678,CLEAR,False,"[145.572, -168.0, -57.0, -41.143, -20.954, -3.0]"
SOLAR_DEPLOY_ARM_LOCKED,STOWED,B51_REF_link4_LINKLOCAL,link4,HDRM_Base_1_Right,BUS_STRUCTURE,AABB_CLEAR,349.7558,,349.7558,CLEAR,False,"[145.572, -168.0, -57.0, -41.143, -20.954, -3.0]"
SOLAR_DEPLOY_ARM_LOCKED,STOWED,B51_REF_link4_LINKLOCAL,link4,HDRM_Base_2_Left,BUS_STRUCTURE,AABB_CLEAR,270.1196,,270.1196,CLEAR,False,"[145.572, -168.0, -57.0, -41.143, -20.954, -3.0]"
SOLAR_DEPLOY_ARM_LOCKED,STOWED,B51_REF_link4_LINKLOCAL,link4,HDRM_Base_2_Right,BUS_STRUCTURE,AABB_CLEAR,278.4414,,278.4414,CLEAR,False,"[145.572, -168.0, -57.0, -41.143, -20.954, -3.0]"
SOLAR_DEPLOY_ARM_LOCKED,STOWED,B51_REF_link4_LINKLOCAL,link4,HDRM_Rod_1_Left,BUS_STRUCTURE,AABB_CLEAR,352.9987,,352.9987,CLEAR,False,"[145.572, -168.0, -57.0, -41.143, -20.954, -3.0]"
SOLAR_DEPLOY_ARM_LOCKED,STOWED,B51_REF_link4_LINKLOCAL,link4,HDRM_Rod_1_Right,BUS_STRUCTURE,AABB_CLEAR,360.996,,360.996,CLEAR,False,"[145.572, -168.0, -57.0, -41.143, -20.954, -3.0]"
SOLAR_DEPLOY_ARM_LOCKED,STOWED,B51_REF_link4_LINKLOCAL,link4,HDRM_Rod_2_Left,BUS_STRUCTURE,AABB_CLEAR,277.5041,,277.5041,CLEAR,False,"[145.572, -168.0, -57.0, -41.143, -20.954, -3.0]"
SOLAR_DEPLOY_ARM_LOCKED,STOWED,B51_REF_link4_LINKLOCAL,link4,HDRM_Rod_2_Right,BUS_STRUCTURE,AABB_CLEAR,287.6083,,287.6083,CLEAR,False,"[145.572, -168.0, -57.0, -41.143, -20.954, -3.0]"
SOLAR_DEPLOY_ARM_LOCKED,STOWED,B51_REF_link4_LINKLOCAL,link4,Hard_Stop_Left,BUS_STRUCTURE,AABB_CLEAR,189.3835,,189.3835,CLEAR,False,"[145.572, -168.0, -57.0, -41.143, -20.954, -3.0]"
SOLAR_DEPLOY_ARM_LOCKED,STOWED,B51_REF_link4_LINKLOCAL,link4,Hard_Stop_Right,BUS_STRUCTURE,AABB_CLEAR,203.9022,,203.9022,CLEAR,False,"[145.572, -168.0, -57.0, -41.143, -20.954, -3.0]"
SOLAR_DEPLOY_ARM_LOCKED,STOWED,B51_REF_link4_LINKLOCAL,link4,Harness_Passage,ARM_MOUNT_INTERFACE,AABB_CLEAR,239.853,,239.853,CLEAR,False,"[145.572, -168.0, -57.0, -41.143, -20.954, -3.0]"
SOLAR_DEPLOY_ARM_LOCKED,STOWED,B51_REF_link4_LINKLOCAL,link4,Harness_Service_Loop_Left,BUS_STRUCTURE,AABB_CLEAR,246.0146,,246.0146,CLEAR,False,"[145.572, -168.0, -57.0, -41.143, -20.954, -3.0]"
SOLAR_DEPLOY_ARM_LOCKED,STOWED,B51_REF_link4_LINKLOCAL,link4,Harness_Service_Loop_Right,BUS_STRUCTURE,AABB_CLEAR,255.1239,,255.1239,CLEAR,False,"[145.572, -168.0, -57.0, -41.143, -20.954, -3.0]"
SOLAR_DEPLOY_ARM_LOCKED,STOWED,B51_REF_link4_LINKLOCAL,link4,Hinge_Ear_1_Left,BUS_STRUCTURE,AABB_CLEAR,218.9011,,218.9011,CLEAR,False,"[145.572, -168.0, -57.0, -41.143, -20.954, -3.0]"
SOLAR_DEPLOY_ARM_LOCKED,STOWED,B51_REF_link4_LINKLOCAL,link4,Hinge_Ear_1_Right,BUS_STRUCTURE,AABB_CLEAR,231.5765,,231.5765,CLEAR,False,"[145.572, -168.0, -57.0, -41.143, -20.954, -3.0]"
SOLAR_DEPLOY_ARM_LOCKED,STOWED,B51_REF_link4_LINKLOCAL,link4,Hinge_Ear_2_Left,BUS_STRUCTURE,AABB_CLEAR,208.8007,,208.8007,CLEAR,False,"[145.572, -168.0, -57.0, -41.143, -20.954, -3.0]"
SOLAR_DEPLOY_ARM_LOCKED,STOWED,B51_REF_link4_LINKLOCAL,link4,Hinge_Ear_2_Right,BUS_STRUCTURE,AABB_CLEAR,222.0535,,222.0535,CLEAR,False,"[145.572, -168.0, -57.0, -41.143, -20.954, -3.0]"
SOLAR_DEPLOY_ARM_LOCKED,STOWED,B51_REF_link4_LINKLOCAL,link4,Hinge_Pin_Left,BUS_STRUCTURE,AABB_CLEAR,206.0415,,206.0415,CLEAR,False,"[145.572, -168.0, -57.0, -41.143, -20.954, -3.0]"
SOLAR_DEPLOY_ARM_LOCKED,STOWED,B51_REF_link4_LINKLOCAL,link4,Hinge_Pin_Right,BUS_STRUCTURE,AABB_CLEAR,226.2781,,226.2781,CLEAR,False,"[145.572, -168.0, -57.0, -41.143, -20.954, -3.0]"
SOLAR_DEPLOY_ARM_LOCKED,STOWED,B51_REF_link4_LINKLOCAL,link4,Launch_Lock_Interface_Reference,REFERENCE_ONLY,AABB_CLEAR,55.7474,,55.7474,EXCLUDED_REFERENCE_ONLY_BODY,False,"[145.572, -168.0, -57.0, -41.143, -20.954, -3.0]"
SOLAR_DEPLOY_ARM_LOCKED,STOWED,B51_REF_link4_LINKLOCAL,link4,Load_Bridge_Left,ARM_MOUNT_INTERFACE,AABB_CLEAR,166.853,,166.853,CLEAR,False,"[145.572, -168.0, -57.0, -41.143, -20.954, -3.0]"
SOLAR_DEPLOY_ARM_LOCKED,STOWED,B51_REF_link4_LINKLOCAL,link4,Load_Bridge_Right,ARM_MOUNT_INTERFACE,AABB_CLEAR,168.3518,,168.3518,CLEAR,False,"[145.572, -168.0, -57.0, -41.143, -20.954, -3.0]"
SOLAR_DEPLOY_ARM_LOCKED,STOWED,B51_REF_link4_LINKLOCAL,link4,Load_Spreading_Frame,ARM_MOUNT_INTERFACE,AABB_CLEAR,88.703,,88.703,CLEAR,False,"[145.572, -168.0, -57.0, -41.143, -20.954, -3.0]"
SOLAR_DEPLOY_ARM_LOCKED,STOWED,B51_REF_link4_LINKLOCAL,link4,Longerons_4X,BUS_STRUCTURE,AABB_CLEAR,71.703,,71.703,CLEAR,False,"[145.572, -168.0, -57.0, -41.143, -20.954, -3.0]"
SOLAR_DEPLOY_ARM_LOCKED,STOWED,B51_REF_link4_LINKLOCAL,link4,Maintenance_Access_Cover,BUS_STRUCTURE,AABB_CLEAR,289.003,,289.003,CLEAR,False,"[145.572, -168.0, -57.0, -41.143, -20.954, -3.0]"
SOLAR_DEPLOY_ARM_LOCKED,STOWED,B51_REF_link4_LINKLOCAL,link4,Mid_Saddle,SADDLE_PLACEHOLDER,MESH,-33.067,31.9077,31.9077,CLEAR,False,"[145.572, -168.0, -57.0, -41.143, -20.954, -3.0]"
SOLAR_DEPLOY_ARM_LOCKED,STOWED,B51_REF_link4_LINKLOCAL,link4,Mid_Transverse_Frame_,BUS_STRUCTURE,AABB_CLEAR,71.703,,71.703,CLEAR,False,"[145.572, -168.0, -57.0, -41.143, -20.954, -3.0]"
SOLAR_DEPLOY_ARM_LOCKED,STOWED,B51_REF_link4_LINKLOCAL,link4,Rear_End_Frame,BUS_STRUCTURE,AABB_CLEAR,249.523,,249.523,CLEAR,False,"[145.572, -168.0, -57.0, -41.143, -20.954, -3.0]"
SOLAR_DEPLOY_ARM_LOCKED,STOWED,B51_REF_link4_LINKLOCAL,link4,Release_Clearance_Envelope,REFERENCE_ONLY,MESH,-6.0012,0.9882,0.9882,EXCLUDED_REFERENCE_ONLY_BODY,False,"[145.572, -168.0, -57.0, -41.143, -20.954, -3.0]"
SOLAR_DEPLOY_ARM_LOCKED,STOWED,B51_REF_link4_LINKLOCAL,link4,Root_Base_Left,BUS_STRUCTURE,AABB_CLEAR,177.6823,,177.6823,CLEAR,False,"[145.572, -168.0, -57.0, -41.143, -20.954, -3.0]"
SOLAR_DEPLOY_ARM_LOCKED,STOWED,B51_REF_link4_LINKLOCAL,link4,Root_Base_Right,BUS_STRUCTURE,AABB_CLEAR,190.0947,,190.0947,CLEAR,False,"[145.572, -168.0, -57.0, -41.143, -20.954, -3.0]"
SOLAR_DEPLOY_ARM_LOCKED,STOWED,B51_REF_link4_LINKLOCAL,link4,Root_Node_Spine_Left,BUS_STRUCTURE,AABB_CLEAR,159.9321,,159.9321,CLEAR,False,"[145.572, -168.0, -57.0, -41.143, -20.954, -3.0]"
SOLAR_DEPLOY_ARM_LOCKED,STOWED,B51_REF_link4_LINKLOCAL,link4,Root_Node_Spine_Right,BUS_STRUCTURE,AABB_CLEAR,172.4728,,172.4728,CLEAR,False,"[145.572, -168.0, -57.0, -41.143, -20.954, -3.0]"
SOLAR_DEPLOY_ARM_LOCKED,STOWED,B51_REF_link4_LINKLOCAL,link4,Spacecraft_Flange,ARM_MOUNT_INTERFACE,AABB_CLEAR,106.853,,106.853,CLEAR,False,"[145.572, -168.0, -57.0, -41.143, -20.954, -3.0]"
SOLAR_DEPLOY_ARM_LOCKED,STOWED,B51_REF_link4_LINKLOCAL,link4,Torsion_Spring_1_Left,BUS_STRUCTURE,AABB_CLEAR,222.5883,,222.5883,CLEAR,False,"[145.572, -168.0, -57.0, -41.143, -20.954, -3.0]"
SOLAR_DEPLOY_ARM_LOCKED,STOWED,B51_REF_link4_LINKLOCAL,link4,Torsion_Spring_1_Right,BUS_STRUCTURE,AABB_CLEAR,239.932,,239.932,CLEAR,False,"[145.572, -168.0, -57.0, -41.143, -20.954, -3.0]"
SOLAR_DEPLOY_ARM_LOCKED,STOWED,B51_REF_link4_LINKLOCAL,link4,Torsion_Spring_2_Left,BUS_STRUCTURE,AABB_CLEAR,197.164,,197.164,CLEAR,False,"[145.572, -168.0, -57.0, -41.143, -20.954, -3.0]"
SOLAR_DEPLOY_ARM_LOCKED,STOWED,B51_REF_link4_LINKLOCAL,link4,Torsion_Spring_2_Right,BUS_STRUCTURE,AABB_CLEAR,216.5536,,216.5536,CLEAR,False,"[145.572, -168.0, -57.0, -41.143, -20.954, -3.0]"
SOLAR_DEPLOY_ARM_LOCKED,STOWED,B51_REF_link4_LINKLOCAL,link4,WING_L_DEPLOYED,SOLAR_WING,AABB_CLEAR,179.2223,,179.2223,CLEAR,False,"[145.572, -168.0, -57.0, -41.143, -20.954, -3.0]"
SOLAR_DEPLOY_ARM_LOCKED,STOWED,B51_REF_link4_LINKLOCAL,link4,WING_R_DEPLOYED,SOLAR_WING,AABB_CLEAR,191.5349,,191.5349,CLEAR,False,"[145.572, -168.0, -57.0, -41.143, -20.954, -3.0]"
SOLAR_DEPLOY_ARM_LOCKED,STOWED,B51_REF_link5_LINKLOCAL,link5,Adapter_Plate,ARM_MOUNT_INTERFACE,AABB_CLEAR,133.8224,,133.8224,CLEAR,False,"[145.572, -168.0, -57.0, -41.143, -20.954, -3.0]"
SOLAR_DEPLOY_ARM_LOCKED,STOWED,B51_REF_link5_LINKLOCAL,link5,Aft_Saddle,SADDLE_PLACEHOLDER,AABB_CLEAR,47.948,,47.948,CLEAR,False,"[145.572, -168.0, -57.0, -41.143, -20.954, -3.0]"
SOLAR_DEPLOY_ARM_LOCKED,STOWED,B51_REF_link5_LINKLOCAL,link5,Central_Boss,ARM_MOUNT_INTERFACE,AABB_CLEAR,161.5509,,161.5509,CLEAR,False,"[145.572, -168.0, -57.0, -41.143, -20.954, -3.0]"
SOLAR_DEPLOY_ARM_LOCKED,STOWED,B51_REF_link5_LINKLOCAL,link5,Deck_Front_Bay,BUS_STRUCTURE,AABB_CLEAR,235.8023,,235.8023,CLEAR,False,"[145.572, -168.0, -57.0, -41.143, -20.954, -3.0]"
SOLAR_DEPLOY_ARM_LOCKED,STOWED,B51_REF_link5_LINKLOCAL,link5,Deck_Mid_Bay,BUS_STRUCTURE,AABB_CLEAR,235.8023,,235.8023,CLEAR,False,"[145.572, -168.0, -57.0, -41.143, -20.954, -3.0]"
SOLAR_DEPLOY_ARM_LOCKED,STOWED,B51_REF_link5_LINKLOCAL,link5,Deck_Rear_Bay,BUS_STRUCTURE,AABB_CLEAR,261.027,,261.027,CLEAR,False,"[145.572, -168.0, -57.0, -41.143, -20.954, -3.0]"
SOLAR_DEPLOY_ARM_LOCKED,STOWED,B51_REF_link5_LINKLOCAL,link5,Front_End_Frame,BUS_STRUCTURE,AABB_CLEAR,101.9927,,101.9927,CLEAR,False,"[145.572, -168.0, -57.0, -41.143, -20.954, -3.0]"
SOLAR_DEPLOY_ARM_LOCKED,STOWED,B51_REF_link5_LINKLOCAL,link5,Front_Transverse_Frame,BUS_STRUCTURE,AABB_CLEAR,89.6523,,89.6523,CLEAR,False,"[145.572, -168.0, -57.0, -41.143, -20.954, -3.0]"
SOLAR_DEPLOY_ARM_LOCKED,STOWED,B51_REF_link5_LINKLOCAL,link5,Fwd_Saddle,SADDLE_PLACEHOLDER,AABB_CLEAR,33.631,,33.631,CLEAR,False,"[145.572, -168.0, -57.0, -41.143, -20.954, -3.0]"
SOLAR_DEPLOY_ARM_LOCKED,STOWED,B51_REF_link5_LINKLOCAL,link5,HDRM_Base_1_Left,BUS_STRUCTURE,AABB_CLEAR,348.2745,,348.2745,CLEAR,False,"[145.572, -168.0, -57.0, -41.143, -20.954, -3.0]"
SOLAR_DEPLOY_ARM_LOCKED,STOWED,B51_REF_link5_LINKLOCAL,link5,HDRM_Base_1_Right,BUS_STRUCTURE,AABB_CLEAR,363.0721,,363.0721,CLEAR,False,"[145.572, -168.0, -57.0, -41.143, -20.954, -3.0]"
SOLAR_DEPLOY_ARM_LOCKED,STOWED,B51_REF_link5_LINKLOCAL,link5,HDRM_Base_2_Left,BUS_STRUCTURE,AABB_CLEAR,287.9228,,287.9228,CLEAR,False,"[145.572, -168.0, -57.0, -41.143, -20.954, -3.0]"
SOLAR_DEPLOY_ARM_LOCKED,STOWED,B51_REF_link5_LINKLOCAL,link5,HDRM_Base_2_Right,BUS_STRUCTURE,AABB_CLEAR,305.6562,,305.6562,CLEAR,False,"[145.572, -168.0, -57.0, -41.143, -20.954, -3.0]"
SOLAR_DEPLOY_ARM_LOCKED,STOWED,B51_REF_link5_LINKLOCAL,link5,HDRM_Rod_1_Left,BUS_STRUCTURE,AABB_CLEAR,358.2777,,358.2777,CLEAR,False,"[145.572, -168.0, -57.0, -41.143, -20.954, -3.0]"
SOLAR_DEPLOY_ARM_LOCKED,STOWED,B51_REF_link5_LINKLOCAL,link5,HDRM_Rod_1_Right,BUS_STRUCTURE,AABB_CLEAR,374.7036,,374.7036,CLEAR,False,"[145.572, -168.0, -57.0, -41.143, -20.954, -3.0]"
SOLAR_DEPLOY_ARM_LOCKED,STOWED,B51_REF_link5_LINKLOCAL,link5,HDRM_Rod_2_Left,BUS_STRUCTURE,AABB_CLEAR,295.2689,,295.2689,CLEAR,False,"[145.572, -168.0, -57.0, -41.143, -20.954, -3.0]"
SOLAR_DEPLOY_ARM_LOCKED,STOWED,B51_REF_link5_LINKLOCAL,link5,HDRM_Rod_2_Right,BUS_STRUCTURE,AABB_CLEAR,314.9978,,314.9978,CLEAR,False,"[145.572, -168.0, -57.0, -41.143, -20.954, -3.0]"
SOLAR_DEPLOY_ARM_LOCKED,STOWED,B51_REF_link5_LINKLOCAL,link5,Hard_Stop_Left,BUS_STRUCTURE,AABB_CLEAR,194.9262,,194.9262,CLEAR,False,"[145.572, -168.0, -57.0, -41.143, -20.954, -3.0]"
SOLAR_DEPLOY_ARM_LOCKED,STOWED,B51_REF_link5_LINKLOCAL,link5,Hard_Stop_Right,BUS_STRUCTURE,AABB_CLEAR,223.6875,,223.6875,CLEAR,False,"[145.572, -168.0, -57.0, -41.143, -20.954, -3.0]"
SOLAR_DEPLOY_ARM_LOCKED,STOWED,B51_REF_link5_LINKLOCAL,link5,Harness_Passage,ARM_MOUNT_INTERFACE,AABB_CLEAR,257.8023,,257.8023,CLEAR,False,"[145.572, -168.0, -57.0, -41.143, -20.954, -3.0]"
SOLAR_DEPLOY_ARM_LOCKED,STOWED,B51_REF_link5_LINKLOCAL,link5,Harness_Service_Loop_Left,BUS_STRUCTURE,AABB_CLEAR,251.229,,251.229,CLEAR,False,"[145.572, -168.0, -57.0, -41.143, -20.954, -3.0]"
SOLAR_DEPLOY_ARM_LOCKED,STOWED,B51_REF_link5_LINKLOCAL,link5,Harness_Service_Loop_Right,BUS_STRUCTURE,AABB_CLEAR,271.371,,271.371,CLEAR,False,"[145.572, -168.0, -57.0, -41.143, -20.954, -3.0]"
SOLAR_DEPLOY_ARM_LOCKED,STOWED,B51_REF_link5_LINKLOCAL,link5,Hinge_Ear_1_Left,BUS_STRUCTURE,AABB_CLEAR,225.7694,,225.7694,CLEAR,False,"[145.572, -168.0, -57.0, -41.143, -20.954, -3.0]"
SOLAR_DEPLOY_ARM_LOCKED,STOWED,B51_REF_link5_LINKLOCAL,link5,Hinge_Ear_1_Right,BUS_STRUCTURE,AABB_CLEAR,251.0213,,251.0213,CLEAR,False,"[145.572, -168.0, -57.0, -41.143, -20.954, -3.0]"
SOLAR_DEPLOY_ARM_LOCKED,STOWED,B51_REF_link5_LINKLOCAL,link5,Hinge_Ear_2_Left,BUS_STRUCTURE,AABB_CLEAR,217.324,,217.324,CLEAR,False,"[145.572, -168.0, -57.0, -41.143, -20.954, -3.0]"
SOLAR_DEPLOY_ARM_LOCKED,STOWED,B51_REF_link5_LINKLOCAL,link5,Hinge_Ear_2_Right,BUS_STRUCTURE,AABB_CLEAR,243.4535,,243.4535,CLEAR,False,"[145.572, -168.0, -57.0, -41.143, -20.954, -3.0]"
SOLAR_DEPLOY_ARM_LOCKED,STOWED,B51_REF_link5_LINKLOCAL,link5,Hinge_Pin_Left,BUS_STRUCTURE,AABB_CLEAR,217.375,,217.375,CLEAR,False,"[145.572, -168.0, -57.0, -41.143, -20.954, -3.0]"
SOLAR_DEPLOY_ARM_LOCKED,STOWED,B51_REF_link5_LINKLOCAL,link5,Hinge_Pin_Right,BUS_STRUCTURE,AABB_CLEAR,250.3948,,250.3948,CLEAR,False,"[145.572, -168.0, -57.0, -41.143, -20.954, -3.0]"
SOLAR_DEPLOY_ARM_LOCKED,STOWED,B51_REF_link5_LINKLOCAL,link5,Launch_Lock_Interface_Reference,REFERENCE_ONLY,AABB_CLEAR,49.512,,49.512,EXCLUDED_REFERENCE_ONLY_BODY,False,"[145.572, -168.0, -57.0, -41.143, -20.954, -3.0]"
SOLAR_DEPLOY_ARM_LOCKED,STOWED,B51_REF_link5_LINKLOCAL,link5,Load_Bridge_Left,ARM_MOUNT_INTERFACE,AABB_CLEAR,184.8023,,184.8023,CLEAR,False,"[145.572, -168.0, -57.0, -41.143, -20.954, -3.0]"
SOLAR_DEPLOY_ARM_LOCKED,STOWED,B51_REF_link5_LINKLOCAL,link5,Load_Bridge_Right,ARM_MOUNT_INTERFACE,AABB_CLEAR,193.6259,,193.6259,CLEAR,False,"[145.572, -168.0, -57.0, -41.143, -20.954, -3.0]"
SOLAR_DEPLOY_ARM_LOCKED,STOWED,B51_REF_link5_LINKLOCAL,link5,Load_Spreading_Frame,ARM_MOUNT_INTERFACE,AABB_CLEAR,115.6142,,115.6142,CLEAR,False,"[145.572, -168.0, -57.0, -41.143, -20.954, -3.0]"
SOLAR_DEPLOY_ARM_LOCKED,STOWED,B51_REF_link5_LINKLOCAL,link5,Longerons_4X,BUS_STRUCTURE,AABB_CLEAR,89.6523,,89.6523,CLEAR,False,"[145.572, -168.0, -57.0, -41.143, -20.954, -3.0]"
SOLAR_DEPLOY_ARM_LOCKED,STOWED,B51_REF_link5_LINKLOCAL,link5,Maintenance_Access_Cover,BUS_STRUCTURE,AABB_CLEAR,306.9523,,306.9523,CLEAR,False,"[145.572, -168.0, -57.0, -41.143, -20.954, -3.0]"
SOLAR_DEPLOY_ARM_LOCKED,STOWED,B51_REF_link5_LINKLOCAL,link5,Mid_Saddle,SADDLE_PLACEHOLDER,MESH,-15.1177,0.0011,0.0011,TOO_CLOSE_TO_CALL,True,"[145.572, -168.0, -57.0, -41.143, -20.954, -3.0]"
SOLAR_DEPLOY_ARM_LOCKED,STOWED,B51_REF_link5_LINKLOCAL,link5,Mid_Transverse_Frame_,BUS_STRUCTURE,AABB_CLEAR,89.6523,,89.6523,CLEAR,False,"[145.572, -168.0, -57.0, -41.143, -20.954, -3.0]"
SOLAR_DEPLOY_ARM_LOCKED,STOWED,B51_REF_link5_LINKLOCAL,link5,Rear_End_Frame,BUS_STRUCTURE,AABB_CLEAR,240.2985,,240.2985,CLEAR,False,"[145.572, -168.0, -57.0, -41.143, -20.954, -3.0]"
SOLAR_DEPLOY_ARM_LOCKED,STOWED,B51_REF_link5_LINKLOCAL,link5,Release_Clearance_Envelope,REFERENCE_ONLY,MESH,-22.052,0.0,0.0,EXCLUDED_REFERENCE_ONLY_BODY,False,"[145.572, -168.0, -57.0, -41.143, -20.954, -3.0]"
SOLAR_DEPLOY_ARM_LOCKED,STOWED,B51_REF_link5_LINKLOCAL,link5,Root_Base_Left,BUS_STRUCTURE,AABB_CLEAR,184.0589,,184.0589,CLEAR,False,"[145.572, -168.0, -57.0, -41.143, -20.954, -3.0]"
SOLAR_DEPLOY_ARM_LOCKED,STOWED,B51_REF_link5_LINKLOCAL,link5,Root_Base_Right,BUS_STRUCTURE,AABB_CLEAR,210.7223,,210.7223,CLEAR,False,"[145.572, -168.0, -57.0, -41.143, -20.954, -3.0]"
SOLAR_DEPLOY_ARM_LOCKED,STOWED,B51_REF_link5_LINKLOCAL,link5,Root_Node_Spine_Left,BUS_STRUCTURE,AABB_CLEAR,161.8713,,161.8713,CLEAR,False,"[145.572, -168.0, -57.0, -41.143, -20.954, -3.0]"
SOLAR_DEPLOY_ARM_LOCKED,STOWED,B51_REF_link5_LINKLOCAL,link5,Root_Node_Spine_Right,BUS_STRUCTURE,AABB_CLEAR,190.1601,,190.1601,CLEAR,False,"[145.572, -168.0, -57.0, -41.143, -20.954, -3.0]"
SOLAR_DEPLOY_ARM_LOCKED,STOWED,B51_REF_link5_LINKLOCAL,link5,Spacecraft_Flange,ARM_MOUNT_INTERFACE,AABB_CLEAR,137.0499,,137.0499,CLEAR,False,"[145.572, -168.0, -57.0, -41.143, -20.954, -3.0]"
SOLAR_DEPLOY_ARM_LOCKED,STOWED,B51_REF_link5_LINKLOCAL,link5,Torsion_Spring_1_Left,BUS_STRUCTURE,AABB_CLEAR,229.8352,,229.8352,CLEAR,False,"[145.572, -168.0, -57.0, -41.143, -20.954, -3.0]"
SOLAR_DEPLOY_ARM_LOCKED,STOWED,B51_REF_link5_LINKLOCAL,link5,Torsion_Spring_1_Right,BUS_STRUCTURE,AABB_CLEAR,259.8327,,259.8327,CLEAR,False,"[145.572, -168.0, -57.0, -41.143, -20.954, -3.0]"
SOLAR_DEPLOY_ARM_LOCKED,STOWED,B51_REF_link5_LINKLOCAL,link5,Torsion_Spring_2_Left,BUS_STRUCTURE,AABB_CLEAR,208.8755,,208.8755,CLEAR,False,"[145.572, -168.0, -57.0, -41.143, -20.954, -3.0]"
SOLAR_DEPLOY_ARM_LOCKED,STOWED,B51_REF_link5_LINKLOCAL,link5,Torsion_Spring_2_Right,BUS_STRUCTURE,AABB_CLEAR,241.4908,,241.4908,CLEAR,False,"[145.572, -168.0, -57.0, -41.143, -20.954, -3.0]"
SOLAR_DEPLOY_ARM_LOCKED,STOWED,B51_REF_link5_LINKLOCAL,link5,WING_L_DEPLOYED,SOLAR_WING,AABB_CLEAR,196.9785,,196.9785,CLEAR,False,"[145.572, -168.0, -57.0, -41.143, -20.954, -3.0]"
SOLAR_DEPLOY_ARM_LOCKED,STOWED,B51_REF_link5_LINKLOCAL,link5,WING_R_DEPLOYED,SOLAR_WING,AABB_CLEAR,222.0962,,222.0962,CLEAR,False,"[145.572, -168.0, -57.0, -41.143, -20.954, -3.0]"
SOLAR_DEPLOY_ARM_LOCKED,STOWED,B51_REF_link6_LINKLOCAL,link6,Adapter_Plate,ARM_MOUNT_INTERFACE,AABB_CLEAR,188.7104,,188.7104,CLEAR,False,"[145.572, -168.0, -57.0, -41.143, -20.954, -3.0]"
SOLAR_DEPLOY_ARM_LOCKED,STOWED,B51_REF_link6_LINKLOCAL,link6,Aft_Saddle,SADDLE_PLACEHOLDER,MESH,-1.1453,5.9409,5.9409,CLEAR,False,"[145.572, -168.0, -57.0, -41.143, -20.954, -3.0]"
SOLAR_DEPLOY_ARM_LOCKED,STOWED,B51_REF_link6_LINKLOCAL,link6,Central_Boss,ARM_MOUNT_INTERFACE,AABB_CLEAR,216.0724,,216.0724,CLEAR,False,"[145.572, -168.0, -57.0, -41.143, -20.954, -3.0]"
SOLAR_DEPLOY_ARM_LOCKED,STOWED,B51_REF_link6_LINKLOCAL,link6,Deck_Front_Bay,BUS_STRUCTURE,AABB_CLEAR,269.33,,269.33,CLEAR,False,"[145.572, -168.0, -57.0, -41.143, -20.954, -3.0]"
SOLAR_DEPLOY_ARM_LOCKED,STOWED,B51_REF_link6_LINKLOCAL,link6,Deck_Mid_Bay,BUS_STRUCTURE,AABB_CLEAR,269.33,,269.33,CLEAR,False,"[145.572, -168.0, -57.0, -41.143, -20.954, -3.0]"
SOLAR_DEPLOY_ARM_LOCKED,STOWED,B51_REF_link6_LINKLOCAL,link6,Deck_Rear_Bay,BUS_STRUCTURE,AABB_CLEAR,276.5671,,276.5671,CLEAR,False,"[145.572, -168.0, -57.0, -41.143, -20.954, -3.0]"
SOLAR_DEPLOY_ARM_LOCKED,STOWED,B51_REF_link6_LINKLOCAL,link6,Front_End_Frame,BUS_STRUCTURE,AABB_CLEAR,158.037,,158.037,CLEAR,False,"[145.572, -168.0, -57.0, -41.143, -20.954, -3.0]"
SOLAR_DEPLOY_ARM_LOCKED,STOWED,B51_REF_link6_LINKLOCAL,link6,Front_Transverse_Frame,BUS_STRUCTURE,AABB_CLEAR,130.4719,,130.4719,CLEAR,False,"[145.572, -168.0, -57.0, -41.143, -20.954, -3.0]"
SOLAR_DEPLOY_ARM_LOCKED,STOWED,B51_REF_link6_LINKLOCAL,link6,Fwd_Saddle,SADDLE_PLACEHOLDER,AABB_CLEAR,87.3433,,87.3433,CLEAR,False,"[145.572, -168.0, -57.0, -41.143, -20.954, -3.0]"
SOLAR_DEPLOY_ARM_LOCKED,STOWED,B51_REF_link6_LINKLOCAL,link6,HDRM_Base_1_Left,BUS_STRUCTURE,AABB_CLEAR,355.3322,,355.3322,CLEAR,False,"[145.572, -168.0, -57.0, -41.143, -20.954, -3.0]"
SOLAR_DEPLOY_ARM_LOCKED,STOWED,B51_REF_link6_LINKLOCAL,link6,HDRM_Base_1_Right,BUS_STRUCTURE,AABB_CLEAR,366.2132,,366.2132,CLEAR,False,"[145.572, -168.0, -57.0, -41.143, -20.954, -3.0]"
SOLAR_DEPLOY_ARM_LOCKED,STOWED,B51_REF_link6_LINKLOCAL,link6,HDRM_Base_2_Left,BUS_STRUCTURE,AABB_CLEAR,323.5656,,323.5656,CLEAR,False,"[145.572, -168.0, -57.0, -41.143, -20.954, -3.0]"
SOLAR_DEPLOY_ARM_LOCKED,STOWED,B51_REF_link6_LINKLOCAL,link6,HDRM_Base_2_Right,BUS_STRUCTURE,AABB_CLEAR,335.4785,,335.4785,CLEAR,False,"[145.572, -168.0, -57.0, -41.143, -20.954, -3.0]"
SOLAR_DEPLOY_ARM_LOCKED,STOWED,B51_REF_link6_LINKLOCAL,link6,HDRM_Rod_1_Left,BUS_STRUCTURE,AABB_CLEAR,365.493,,365.493,CLEAR,False,"[145.572, -168.0, -57.0, -41.143, -20.954, -3.0]"
SOLAR_DEPLOY_ARM_LOCKED,STOWED,B51_REF_link6_LINKLOCAL,link6,HDRM_Rod_1_Right,BUS_STRUCTURE,AABB_CLEAR,377.3209,,377.3209,CLEAR,False,"[145.572, -168.0, -57.0, -41.143, -20.954, -3.0]"
SOLAR_DEPLOY_ARM_LOCKED,STOWED,B51_REF_link6_LINKLOCAL,link6,HDRM_Rod_2_Left,BUS_STRUCTURE,AABB_CLEAR,331.5325,,331.5325,CLEAR,False,"[145.572, -168.0, -57.0, -41.143, -20.954, -3.0]"
SOLAR_DEPLOY_ARM_LOCKED,STOWED,B51_REF_link6_LINKLOCAL,link6,HDRM_Rod_2_Right,BUS_STRUCTURE,AABB_CLEAR,344.5284,,344.5284,CLEAR,False,"[145.572, -168.0, -57.0, -41.143, -20.954, -3.0]"
SOLAR_DEPLOY_ARM_LOCKED,STOWED,B51_REF_link6_LINKLOCAL,link6,Hard_Stop_Left,BUS_STRUCTURE,AABB_CLEAR,209.5022,,209.5022,CLEAR,False,"[145.572, -168.0, -57.0, -41.143, -20.954, -3.0]"
SOLAR_DEPLOY_ARM_LOCKED,STOWED,B51_REF_link6_LINKLOCAL,link6,Hard_Stop_Right,BUS_STRUCTURE,AABB_CLEAR,229.5151,,229.5151,CLEAR,False,"[145.572, -168.0, -57.0, -41.143, -20.954, -3.0]"
SOLAR_DEPLOY_ARM_LOCKED,STOWED,B51_REF_link6_LINKLOCAL,link6,Harness_Passage,ARM_MOUNT_INTERFACE,AABB_CLEAR,291.33,,291.33,CLEAR,False,"[145.572, -168.0, -57.0, -41.143, -20.954, -3.0]"
SOLAR_DEPLOY_ARM_LOCKED,STOWED,B51_REF_link6_LINKLOCAL,link6,Harness_Service_Loop_Left,BUS_STRUCTURE,AABB_CLEAR,261.8136,,261.8136,CLEAR,False,"[145.572, -168.0, -57.0, -41.143, -20.954, -3.0]"
SOLAR_DEPLOY_ARM_LOCKED,STOWED,B51_REF_link6_LINKLOCAL,link6,Harness_Service_Loop_Right,BUS_STRUCTURE,AABB_CLEAR,276.401,,276.401,CLEAR,False,"[145.572, -168.0, -57.0, -41.143, -20.954, -3.0]"
SOLAR_DEPLOY_ARM_LOCKED,STOWED,B51_REF_link6_LINKLOCAL,link6,Hinge_Ear_1_Left,BUS_STRUCTURE,AABB_CLEAR,241.5062,,241.5062,CLEAR,False,"[145.572, -168.0, -57.0, -41.143, -20.954, -3.0]"
SOLAR_DEPLOY_ARM_LOCKED,STOWED,B51_REF_link6_LINKLOCAL,link6,Hinge_Ear_1_Right,BUS_STRUCTURE,AABB_CLEAR,259.0584,,259.0584,CLEAR,False,"[145.572, -168.0, -57.0, -41.143, -20.954, -3.0]"
SOLAR_DEPLOY_ARM_LOCKED,STOWED,B51_REF_link6_LINKLOCAL,link6,Hinge_Ear_2_Left,BUS_STRUCTURE,AABB_CLEAR,237.3826,,237.3826,CLEAR,False,"[145.572, -168.0, -57.0, -41.143, -20.954, -3.0]"
SOLAR_DEPLOY_ARM_LOCKED,STOWED,B51_REF_link6_LINKLOCAL,link6,Hinge_Ear_2_Right,BUS_STRUCTURE,AABB_CLEAR,255.2185,,255.2185,CLEAR,False,"[145.572, -168.0, -57.0, -41.143, -20.954, -3.0]"
SOLAR_DEPLOY_ARM_LOCKED,STOWED,B51_REF_link6_LINKLOCAL,link6,Hinge_Pin_Left,BUS_STRUCTURE,AABB_CLEAR,241.2345,,241.2345,CLEAR,False,"[145.572, -168.0, -57.0, -41.143, -20.954, -3.0]"
SOLAR_DEPLOY_ARM_LOCKED,STOWED,B51_REF_link6_LINKLOCAL,link6,Hinge_Pin_Right,BUS_STRUCTURE,AABB_CLEAR,262.8375,,262.8375,CLEAR,False,"[145.572, -168.0, -57.0, -41.143, -20.954, -3.0]"
SOLAR_DEPLOY_ARM_LOCKED,STOWED,B51_REF_link6_LINKLOCAL,link6,Launch_Lock_Interface_Reference,REFERENCE_ONLY,AABB_CLEAR,65.33,,65.33,EXCLUDED_REFERENCE_ONLY_BODY,False,"[145.572, -168.0, -57.0, -41.143, -20.954, -3.0]"
SOLAR_DEPLOY_ARM_LOCKED,STOWED,B51_REF_link6_LINKLOCAL,link6,Load_Bridge_Left,ARM_MOUNT_INTERFACE,AABB_CLEAR,218.33,,218.33,CLEAR,False,"[145.572, -168.0, -57.0, -41.143, -20.954, -3.0]"
SOLAR_DEPLOY_ARM_LOCKED,STOWED,B51_REF_link6_LINKLOCAL,link6,Load_Bridge_Right,ARM_MOUNT_INTERFACE,AABB_CLEAR,224.2643,,224.2643,CLEAR,False,"[145.572, -168.0, -57.0, -41.143, -20.954, -3.0]"
SOLAR_DEPLOY_ARM_LOCKED,STOWED,B51_REF_link6_LINKLOCAL,link6,Load_Spreading_Frame,ARM_MOUNT_INTERFACE,AABB_CLEAR,169.3421,,169.3421,CLEAR,False,"[145.572, -168.0, -57.0, -41.143, -20.954, -3.0]"
SOLAR_DEPLOY_ARM_LOCKED,STOWED,B51_REF_link6_LINKLOCAL,link6,Longerons_4X,BUS_STRUCTURE,AABB_CLEAR,123.18,,123.18,CLEAR,False,"[145.572, -168.0, -57.0, -41.143, -20.954, -3.0]"
SOLAR_DEPLOY_ARM_LOCKED,STOWED,B51_REF_link6_LINKLOCAL,link6,Maintenance_Access_Cover,BUS_STRUCTURE,AABB_CLEAR,344.1327,,344.1327,CLEAR,False,"[145.572, -168.0, -57.0, -41.143, -20.954, -3.0]"
SOLAR_DEPLOY_ARM_LOCKED,STOWED,B51_REF_link6_LINKLOCAL,link6,Mid_Saddle,SADDLE_PLACEHOLDER,AABB_CLEAR,18.841,,18.841,CLEAR,False,"[145.572, -168.0, -57.0, -41.143, -20.954, -3.0]"
SOLAR_DEPLOY_ARM_LOCKED,STOWED,B51_REF_link6_LINKLOCAL,link6,Mid_Transverse_Frame_,BUS_STRUCTURE,AABB_CLEAR,123.18,,123.18,CLEAR,False,"[145.572, -168.0, -57.0, -41.143, -20.954, -3.0]"
SOLAR_DEPLOY_ARM_LOCKED,STOWED,B51_REF_link6_LINKLOCAL,link6,Rear_End_Frame,BUS_STRUCTURE,AABB_CLEAR,213.0699,,213.0699,CLEAR,False,"[145.572, -168.0, -57.0, -41.143, -20.954, -3.0]"
SOLAR_DEPLOY_ARM_LOCKED,STOWED,B51_REF_link6_LINKLOCAL,link6,Release_Clearance_Envelope,REFERENCE_ONLY,MESH,-67.2934,0.0014,0.0014,EXCLUDED_REFERENCE_ONLY_BODY,False,"[145.572, -168.0, -57.0, -41.143, -20.954, -3.0]"
SOLAR_DEPLOY_ARM_LOCKED,STOWED,B51_REF_link6_LINKLOCAL,link6,Root_Base_Left,BUS_STRUCTURE,AABB_CLEAR,201.42,,201.42,CLEAR,False,"[145.572, -168.0, -57.0, -41.143, -20.954, -3.0]"
SOLAR_DEPLOY_ARM_LOCKED,STOWED,B51_REF_link6_LINKLOCAL,link6,Root_Base_Right,BUS_STRUCTURE,AABB_CLEAR,220.0481,,220.0481,CLEAR,False,"[145.572, -168.0, -57.0, -41.143, -20.954, -3.0]"
SOLAR_DEPLOY_ARM_LOCKED,STOWED,B51_REF_link6_LINKLOCAL,link6,Root_Node_Spine_Left,BUS_STRUCTURE,AABB_CLEAR,170.8555,,170.8555,CLEAR,False,"[145.572, -168.0, -57.0, -41.143, -20.954, -3.0]"
SOLAR_DEPLOY_ARM_LOCKED,STOWED,B51_REF_link6_LINKLOCAL,link6,Root_Node_Spine_Right,BUS_STRUCTURE,AABB_CLEAR,191.552,,191.552,CLEAR,False,"[145.572, -168.0, -57.0, -41.143, -20.954, -3.0]"
SOLAR_DEPLOY_ARM_LOCKED,STOWED,B51_REF_link6_LINKLOCAL,link6,Spacecraft_Flange,ARM_MOUNT_INTERFACE,AABB_CLEAR,191.0991,,191.0991,CLEAR,False,"[145.572, -168.0, -57.0, -41.143, -20.954, -3.0]"
SOLAR_DEPLOY_ARM_LOCKED,STOWED,B51_REF_link6_LINKLOCAL,link6,Torsion_Spring_1_Left,BUS_STRUCTURE,AABB_CLEAR,244.5905,,244.5905,CLEAR,False,"[145.572, -168.0, -57.0, -41.143, -20.954, -3.0]"
SOLAR_DEPLOY_ARM_LOCKED,STOWED,B51_REF_link6_LINKLOCAL,link6,Torsion_Spring_1_Right,BUS_STRUCTURE,AABB_CLEAR,265.0406,,265.0406,CLEAR,False,"[145.572, -168.0, -57.0, -41.143, -20.954, -3.0]"
SOLAR_DEPLOY_ARM_LOCKED,STOWED,B51_REF_link6_LINKLOCAL,link6,Torsion_Spring_2_Left,BUS_STRUCTURE,AABB_CLEAR,234.8316,,234.8316,CLEAR,False,"[145.572, -168.0, -57.0, -41.143, -20.954, -3.0]"
SOLAR_DEPLOY_ARM_LOCKED,STOWED,B51_REF_link6_LINKLOCAL,link6,Torsion_Spring_2_Right,BUS_STRUCTURE,AABB_CLEAR,256.0623,,256.0623,CLEAR,False,"[145.572, -168.0, -57.0, -41.143, -20.954, -3.0]"
SOLAR_DEPLOY_ARM_LOCKED,STOWED,B51_REF_link6_LINKLOCAL,link6,WING_L_DEPLOYED,SOLAR_WING,AABB_CLEAR,233.4387,,233.4387,CLEAR,False,"[145.572, -168.0, -57.0, -41.143, -20.954, -3.0]"
SOLAR_DEPLOY_ARM_LOCKED,STOWED,B51_REF_link6_LINKLOCAL,link6,WING_R_DEPLOYED,SOLAR_WING,AABB_CLEAR,249.6893,,249.6893,CLEAR,False,"[145.572, -168.0, -57.0, -41.143, -20.954, -3.0]"
SOLAR_DEPLOY_ARM_LOCKED,STOWED,B51_REF_gripper_detail_LINKLOCAL,gripper_link,Adapter_Plate,ARM_MOUNT_INTERFACE,AABB_CLEAR,195.7217,,195.7217,CLEAR,False,"[145.572, -168.0, -57.0, -41.143, -20.954, -3.0]"
SOLAR_DEPLOY_ARM_LOCKED,STOWED,B51_REF_gripper_detail_LINKLOCAL,gripper_link,Aft_Saddle,SADDLE_PLACEHOLDER,MESH,-44.8936,1.5478,1.5478,TIGHT_CLEARANCE,False,"[145.572, -168.0, -57.0, -41.143, -20.954, -3.0]"
SOLAR_DEPLOY_ARM_LOCKED,STOWED,B51_REF_gripper_detail_LINKLOCAL,gripper_link,Central_Boss,ARM_MOUNT_INTERFACE,AABB_CLEAR,221.9437,,221.9437,CLEAR,False,"[145.572, -168.0, -57.0, -41.143, -20.954, -3.0]"
SOLAR_DEPLOY_ARM_LOCKED,STOWED,B51_REF_gripper_detail_LINKLOCAL,gripper_link,Deck_Front_Bay,BUS_STRUCTURE,AABB_CLEAR,252.8693,,252.8693,CLEAR,False,"[145.572, -168.0, -57.0, -41.143, -20.954, -3.0]"
SOLAR_DEPLOY_ARM_LOCKED,STOWED,B51_REF_gripper_detail_LINKLOCAL,gripper_link,Deck_Mid_Bay,BUS_STRUCTURE,AABB_CLEAR,252.1864,,252.1864,CLEAR,False,"[145.572, -168.0, -57.0, -41.143, -20.954, -3.0]"
SOLAR_DEPLOY_ARM_LOCKED,STOWED,B51_REF_gripper_detail_LINKLOCAL,gripper_link,Deck_Rear_Bay,BUS_STRUCTURE,AABB_CLEAR,252.1864,,252.1864,CLEAR,False,"[145.572, -168.0, -57.0, -41.143, -20.954, -3.0]"
SOLAR_DEPLOY_ARM_LOCKED,STOWED,B51_REF_gripper_detail_LINKLOCAL,gripper_link,Front_End_Frame,BUS_STRUCTURE,AABB_CLEAR,167.4288,,167.4288,CLEAR,False,"[145.572, -168.0, -57.0, -41.143, -20.954, -3.0]"
SOLAR_DEPLOY_ARM_LOCKED,STOWED,B51_REF_gripper_detail_LINKLOCAL,gripper_link,Front_Transverse_Frame,BUS_STRUCTURE,AABB_CLEAR,129.0598,,129.0598,CLEAR,False,"[145.572, -168.0, -57.0, -41.143, -20.954, -3.0]"
SOLAR_DEPLOY_ARM_LOCKED,STOWED,B51_REF_gripper_detail_LINKLOCAL,gripper_link,Fwd_Saddle,SADDLE_PLACEHOLDER,AABB_CLEAR,114.7708,,114.7708,CLEAR,False,"[145.572, -168.0, -57.0, -41.143, -20.954, -3.0]"
SOLAR_DEPLOY_ARM_LOCKED,STOWED,B51_REF_gripper_detail_LINKLOCAL,gripper_link,HDRM_Base_1_Left,BUS_STRUCTURE,AABB_CLEAR,312.1218,,312.1218,CLEAR,False,"[145.572, -168.0, -57.0, -41.143, -20.954, -3.0]"
SOLAR_DEPLOY_ARM_LOCKED,STOWED,B51_REF_gripper_detail_LINKLOCAL,gripper_link,HDRM_Base_1_Right,BUS_STRUCTURE,AABB_CLEAR,313.4119,,313.4119,CLEAR,False,"[145.572, -168.0, -57.0, -41.143, -20.954, -3.0]"
SOLAR_DEPLOY_ARM_LOCKED,STOWED,B51_REF_gripper_detail_LINKLOCAL,gripper_link,HDRM_Base_2_Left,BUS_STRUCTURE,AABB_CLEAR,304.1864,,304.1864,CLEAR,False,"[145.572, -168.0, -57.0, -41.143, -20.954, -3.0]"
SOLAR_DEPLOY_ARM_LOCKED,STOWED,B51_REF_gripper_detail_LINKLOCAL,gripper_link,HDRM_Base_2_Right,BUS_STRUCTURE,AABB_CLEAR,305.5101,,305.5101,CLEAR,False,"[145.572, -168.0, -57.0, -41.143, -20.954, -3.0]"
SOLAR_DEPLOY_ARM_LOCKED,STOWED,B51_REF_gripper_detail_LINKLOCAL,gripper_link,HDRM_Rod_1_Left,BUS_STRUCTURE,AABB_CLEAR,320.6182,,320.6182,CLEAR,False,"[145.572, -168.0, -57.0, -41.143, -20.954, -3.0]"
SOLAR_DEPLOY_ARM_LOCKED,STOWED,B51_REF_gripper_detail_LINKLOCAL,gripper_link,HDRM_Rod_1_Right,BUS_STRUCTURE,AABB_CLEAR,322.6162,,322.6162,CLEAR,False,"[145.572, -168.0, -57.0, -41.143, -20.954, -3.0]"
SOLAR_DEPLOY_ARM_LOCKED,STOWED,B51_REF_gripper_detail_LINKLOCAL,gripper_link,HDRM_Rod_2_Left,BUS_STRUCTURE,AABB_CLEAR,311.2513,,311.2513,CLEAR,False,"[145.572, -168.0, -57.0, -41.143, -20.954, -3.0]"
SOLAR_DEPLOY_ARM_LOCKED,STOWED,B51_REF_gripper_detail_LINKLOCAL,gripper_link,HDRM_Rod_2_Right,BUS_STRUCTURE,AABB_CLEAR,313.309,,313.309,CLEAR,False,"[145.572, -168.0, -57.0, -41.143, -20.954, -3.0]"
SOLAR_DEPLOY_ARM_LOCKED,STOWED,B51_REF_gripper_detail_LINKLOCAL,gripper_link,Hard_Stop_Left,BUS_STRUCTURE,AABB_CLEAR,179.299,,179.299,CLEAR,False,"[145.572, -168.0, -57.0, -41.143, -20.954, -3.0]"
SOLAR_DEPLOY_ARM_LOCKED,STOWED,B51_REF_gripper_detail_LINKLOCAL,gripper_link,Hard_Stop_Right,BUS_STRUCTURE,AABB_CLEAR,182.8478,,182.8478,CLEAR,False,"[145.572, -168.0, -57.0, -41.143, -20.954, -3.0]"
SOLAR_DEPLOY_ARM_LOCKED,STOWED,B51_REF_gripper_detail_LINKLOCAL,gripper_link,Harness_Passage,ARM_MOUNT_INTERFACE,AABB_CLEAR,274.8146,,274.8146,CLEAR,False,"[145.572, -168.0, -57.0, -41.143, -20.954, -3.0]"
SOLAR_DEPLOY_ARM_LOCKED,STOWED,B51_REF_gripper_detail_LINKLOCAL,gripper_link,Harness_Service_Loop_Left,BUS_STRUCTURE,AABB_CLEAR,226.501,,226.501,CLEAR,False,"[145.572, -168.0, -57.0, -41.143, -20.954, -3.0]"
SOLAR_DEPLOY_ARM_LOCKED,STOWED,B51_REF_gripper_detail_LINKLOCAL,gripper_link,Harness_Service_Loop_Right,BUS_STRUCTURE,AABB_CLEAR,228.2755,,228.2755,CLEAR,False,"[145.572, -168.0, -57.0, -41.143, -20.954, -3.0]"
SOLAR_DEPLOY_ARM_LOCKED,STOWED,B51_REF_gripper_detail_LINKLOCAL,gripper_link,Hinge_Ear_1_Left,BUS_STRUCTURE,AABB_CLEAR,211.282,,211.282,CLEAR,False,"[145.572, -168.0, -57.0, -41.143, -20.954, -3.0]"
SOLAR_DEPLOY_ARM_LOCKED,STOWED,B51_REF_gripper_detail_LINKLOCAL,gripper_link,Hinge_Ear_1_Right,BUS_STRUCTURE,AABB_CLEAR,214.3018,,214.3018,CLEAR,False,"[145.572, -168.0, -57.0, -41.143, -20.954, -3.0]"
SOLAR_DEPLOY_ARM_LOCKED,STOWED,B51_REF_gripper_detail_LINKLOCAL,gripper_link,Hinge_Ear_2_Left,BUS_STRUCTURE,AABB_CLEAR,211.282,,211.282,CLEAR,False,"[145.572, -168.0, -57.0, -41.143, -20.954, -3.0]"
SOLAR_DEPLOY_ARM_LOCKED,STOWED,B51_REF_gripper_detail_LINKLOCAL,gripper_link,Hinge_Ear_2_Right,BUS_STRUCTURE,AABB_CLEAR,214.3018,,214.3018,CLEAR,False,"[145.572, -168.0, -57.0, -41.143, -20.954, -3.0]"
SOLAR_DEPLOY_ARM_LOCKED,STOWED,B51_REF_gripper_detail_LINKLOCAL,gripper_link,Hinge_Pin_Left,BUS_STRUCTURE,AABB_CLEAR,213.5795,,213.5795,CLEAR,False,"[145.572, -168.0, -57.0, -41.143, -20.954, -3.0]"
SOLAR_DEPLOY_ARM_LOCKED,STOWED,B51_REF_gripper_detail_LINKLOCAL,gripper_link,Hinge_Pin_Right,BUS_STRUCTURE,AABB_CLEAR,219.051,,219.051,CLEAR,False,"[145.572, -168.0, -57.0, -41.143, -20.954, -3.0]"
SOLAR_DEPLOY_ARM_LOCKED,STOWED,B51_REF_gripper_detail_LINKLOCAL,gripper_link,Launch_Lock_Interface_Reference,REFERENCE_ONLY,AABB_CLEAR,48.1864,,48.1864,EXCLUDED_REFERENCE_ONLY_BODY,False,"[145.572, -168.0, -57.0, -41.143, -20.954, -3.0]"
SOLAR_DEPLOY_ARM_LOCKED,STOWED,B51_REF_gripper_detail_LINKLOCAL,gripper_link,Load_Bridge_Left,ARM_MOUNT_INTERFACE,AABB_CLEAR,202.0417,,202.0417,CLEAR,False,"[145.572, -168.0, -57.0, -41.143, -20.954, -3.0]"
SOLAR_DEPLOY_ARM_LOCKED,STOWED,B51_REF_gripper_detail_LINKLOCAL,gripper_link,Load_Bridge_Right,ARM_MOUNT_INTERFACE,AABB_CLEAR,202.0417,,202.0417,CLEAR,False,"[145.572, -168.0, -57.0, -41.143, -20.954, -3.0]"
SOLAR_DEPLOY_ARM_LOCKED,STOWED,B51_REF_gripper_detail_LINKLOCAL,gripper_link,Load_Spreading_Frame,ARM_MOUNT_INTERFACE,AABB_CLEAR,175.8013,,175.8013,CLEAR,False,"[145.572, -168.0, -57.0, -41.143, -20.954, -3.0]"
SOLAR_DEPLOY_ARM_LOCKED,STOWED,B51_REF_gripper_detail_LINKLOCAL,gripper_link,Longerons_4X,BUS_STRUCTURE,AABB_CLEAR,106.0364,,106.0364,CLEAR,False,"[145.572, -168.0, -57.0, -41.143, -20.954, -3.0]"
SOLAR_DEPLOY_ARM_LOCKED,STOWED,B51_REF_gripper_detail_LINKLOCAL,gripper_link,Maintenance_Access_Cover,BUS_STRUCTURE,AABB_CLEAR,333.2239,,333.2239,CLEAR,False,"[145.572, -168.0, -57.0, -41.143, -20.954, -3.0]"
SOLAR_DEPLOY_ARM_LOCKED,STOWED,B51_REF_gripper_detail_LINKLOCAL,gripper_link,Mid_Saddle,SADDLE_PLACEHOLDER,AABB_CLEAR,34.5944,,34.5944,CLEAR,False,"[145.572, -168.0, -57.0, -41.143, -20.954, -3.0]"
SOLAR_DEPLOY_ARM_LOCKED,STOWED,B51_REF_gripper_detail_LINKLOCAL,gripper_link,Mid_Transverse_Frame_,BUS_STRUCTURE,AABB_CLEAR,106.0364,,106.0364,CLEAR,False,"[145.572, -168.0, -57.0, -41.143, -20.954, -3.0]"
SOLAR_DEPLOY_ARM_LOCKED,STOWED,B51_REF_gripper_detail_LINKLOCAL,gripper_link,Rear_End_Frame,BUS_STRUCTURE,AABB_CLEAR,143.6654,,143.6654,CLEAR,False,"[145.572, -168.0, -57.0, -41.143, -20.954, -3.0]"
SOLAR_DEPLOY_ARM_LOCKED,STOWED,B51_REF_gripper_detail_LINKLOCAL,gripper_link,Release_Clearance_Envelope,REFERENCE_ONLY,MESH,-117.0224,0.0053,0.0053,EXCLUDED_REFERENCE_ONLY_BODY,False,"[145.572, -168.0, -57.0, -41.143, -20.954, -3.0]"
SOLAR_DEPLOY_ARM_LOCKED,STOWED,B51_REF_gripper_detail_LINKLOCAL,gripper_link,Root_Base_Left,BUS_STRUCTURE,AABB_CLEAR,176.1864,,176.1864,CLEAR,False,"[145.572, -168.0, -57.0, -41.143, -20.954, -3.0]"
SOLAR_DEPLOY_ARM_LOCKED,STOWED,B51_REF_gripper_detail_LINKLOCAL,gripper_link,Root_Base_Right,BUS_STRUCTURE,AABB_CLEAR,178.462,,178.462,CLEAR,False,"[145.572, -168.0, -57.0, -41.143, -20.954, -3.0]"
SOLAR_DEPLOY_ARM_LOCKED,STOWED,B51_REF_gripper_detail_LINKLOCAL,gripper_link,Root_Node_Spine_Left,BUS_STRUCTURE,AABB_CLEAR,141.1864,,141.1864,CLEAR,False,"[145.572, -168.0, -57.0, -41.143, -20.954, -3.0]"
SOLAR_DEPLOY_ARM_LOCKED,STOWED,B51_REF_gripper_detail_LINKLOCAL,gripper_link,Root_Node_Spine_Right,BUS_STRUCTURE,AABB_CLEAR,143.4544,,143.4544,CLEAR,False,"[145.572, -168.0, -57.0, -41.143, -20.954, -3.0]"
SOLAR_DEPLOY_ARM_LOCKED,STOWED,B51_REF_gripper_detail_LINKLOCAL,gripper_link,Spacecraft_Flange,ARM_MOUNT_INTERFACE,AABB_CLEAR,197.128,,197.128,CLEAR,False,"[145.572, -168.0, -57.0, -41.143, -20.954, -3.0]"
SOLAR_DEPLOY_ARM_LOCKED,STOWED,B51_REF_gripper_detail_LINKLOCAL,gripper_link,Torsion_Spring_1_Left,BUS_STRUCTURE,AABB_CLEAR,209.179,,209.179,CLEAR,False,"[145.572, -168.0, -57.0, -41.143, -20.954, -3.0]"
SOLAR_DEPLOY_ARM_LOCKED,STOWED,B51_REF_gripper_detail_LINKLOCAL,gripper_link,Torsion_Spring_1_Right,BUS_STRUCTURE,AABB_CLEAR,214.2022,,214.2022,CLEAR,False,"[145.572, -168.0, -57.0, -41.143, -20.954, -3.0]"
SOLAR_DEPLOY_ARM_LOCKED,STOWED,B51_REF_gripper_detail_LINKLOCAL,gripper_link,Torsion_Spring_2_Left,BUS_STRUCTURE,AABB_CLEAR,209.179,,209.179,CLEAR,False,"[145.572, -168.0, -57.0, -41.143, -20.954, -3.0]"
SOLAR_DEPLOY_ARM_LOCKED,STOWED,B51_REF_gripper_detail_LINKLOCAL,gripper_link,Torsion_Spring_2_Right,BUS_STRUCTURE,AABB_CLEAR,214.2022,,214.2022,CLEAR,False,"[145.572, -168.0, -57.0, -41.143, -20.954, -3.0]"
SOLAR_DEPLOY_ARM_LOCKED,STOWED,B51_REF_gripper_detail_LINKLOCAL,gripper_link,WING_L_DEPLOYED,SOLAR_WING,AABB_CLEAR,213.1864,,213.1864,CLEAR,False,"[145.572, -168.0, -57.0, -41.143, -20.954, -3.0]"
SOLAR_DEPLOY_ARM_LOCKED,STOWED,B51_REF_gripper_detail_LINKLOCAL,gripper_link,WING_R_DEPLOYED,SOLAR_WING,AABB_CLEAR,215.0708,,215.0708,CLEAR,False,"[145.572, -168.0, -57.0, -41.143, -20.954, -3.0]"
DEPLOYED_NOMINAL,DEPLOYED,B51_REF_base_link_LINKLOCAL,base_link,Adapter_Plate,ARM_MOUNT_INTERFACE,AABB_CLEAR,12.405,,12.405,EXCLUDED_BOLTED_MOUNT_INTERFACE,False,"[0.0, 0.0, 0.0, 0.0, 0.0, 0.0]"
DEPLOYED_NOMINAL,DEPLOYED,B51_REF_base_link_LINKLOCAL,base_link,Aft_Saddle,SADDLE_PLACEHOLDER,AABB_CLEAR,216.7609,,216.7609,CLEAR,False,"[0.0, 0.0, 0.0, 0.0, 0.0, 0.0]"
DEPLOYED_NOMINAL,DEPLOYED,B51_REF_base_link_LINKLOCAL,base_link,Central_Boss,ARM_MOUNT_INTERFACE,MESH,2.405,2.7142,2.7142,EXCLUDED_BOLTED_MOUNT_INTERFACE,False,"[0.0, 0.0, 0.0, 0.0, 0.0, 0.0]"
DEPLOYED_NOMINAL,DEPLOYED,B51_REF_base_link_LINKLOCAL,base_link,Deck_Front_Bay,BUS_STRUCTURE,AABB_CLEAR,91.405,,91.405,CLEAR,False,"[0.0, 0.0, 0.0, 0.0, 0.0, 0.0]"
DEPLOYED_NOMINAL,DEPLOYED,B51_REF_base_link_LINKLOCAL,base_link,Deck_Mid_Bay,BUS_STRUCTURE,AABB_CLEAR,152.405,,152.405,CLEAR,False,"[0.0, 0.0, 0.0, 0.0, 0.0, 0.0]"
DEPLOYED_NOMINAL,DEPLOYED,B51_REF_base_link_LINKLOCAL,base_link,Deck_Rear_Bay,BUS_STRUCTURE,AABB_CLEAR,274.405,,274.405,CLEAR,False,"[0.0, 0.0, 0.0, 0.0, 0.0, 0.0]"
DEPLOYED_NOMINAL,DEPLOYED,B51_REF_base_link_LINKLOCAL,base_link,Front_End_Frame,BUS_STRUCTURE,AABB_CLEAR,27.405,,27.405,CLEAR,False,"[0.0, 0.0, 0.0, 0.0, 0.0, 0.0]"
DEPLOYED_NOMINAL,DEPLOYED,B51_REF_base_link_LINKLOCAL,base_link,Front_Transverse_Frame,BUS_STRUCTURE,AABB_CLEAR,85.405,,85.405,CLEAR,False,"[0.0, 0.0, 0.0, 0.0, 0.0, 0.0]"
DEPLOYED_NOMINAL,DEPLOYED,B51_REF_base_link_LINKLOCAL,base_link,Fwd_Saddle,SADDLE_PLACEHOLDER,AABB_CLEAR,60.328,,60.328,CLEAR,False,"[0.0, 0.0, 0.0, 0.0, 0.0, 0.0]"
DEPLOYED_NOMINAL,DEPLOYED,B51_REF_base_link_LINKLOCAL,base_link,HDRM_Base_1_Left,BUS_STRUCTURE,AABB_CLEAR,363.1471,,363.1471,CLEAR,False,"[0.0, 0.0, 0.0, 0.0, 0.0, 0.0]"
DEPLOYED_NOMINAL,DEPLOYED,B51_REF_base_link_LINKLOCAL,base_link,HDRM_Base_1_Right,BUS_STRUCTURE,AABB_CLEAR,363.1517,,363.1517,CLEAR,False,"[0.0, 0.0, 0.0, 0.0, 0.0, 0.0]"
DEPLOYED_NOMINAL,DEPLOYED,B51_REF_base_link_LINKLOCAL,base_link,HDRM_Base_2_Left,BUS_STRUCTURE,AABB_CLEAR,168.8604,,168.8604,CLEAR,False,"[0.0, 0.0, 0.0, 0.0, 0.0, 0.0]"
DEPLOYED_NOMINAL,DEPLOYED,B51_REF_base_link_LINKLOCAL,base_link,HDRM_Base_2_Right,BUS_STRUCTURE,AABB_CLEAR,168.8702,,168.8702,CLEAR,False,"[0.0, 0.0, 0.0, 0.0, 0.0, 0.0]"
DEPLOYED_NOMINAL,DEPLOYED,B51_REF_base_link_LINKLOCAL,base_link,HDRM_Rod_1_Left,BUS_STRUCTURE,AABB_CLEAR,371.8367,,371.8367,CLEAR,False,"[0.0, 0.0, 0.0, 0.0, 0.0, 0.0]"
DEPLOYED_NOMINAL,DEPLOYED,B51_REF_base_link_LINKLOCAL,base_link,HDRM_Rod_1_Right,BUS_STRUCTURE,AABB_CLEAR,371.8418,,371.8418,CLEAR,False,"[0.0, 0.0, 0.0, 0.0, 0.0, 0.0]"
DEPLOYED_NOMINAL,DEPLOYED,B51_REF_base_link_LINKLOCAL,base_link,HDRM_Rod_2_Left,BUS_STRUCTURE,AABB_CLEAR,179.1662,,179.1662,CLEAR,False,"[0.0, 0.0, 0.0, 0.0, 0.0, 0.0]"
DEPLOYED_NOMINAL,DEPLOYED,B51_REF_base_link_LINKLOCAL,base_link,HDRM_Rod_2_Right,BUS_STRUCTURE,AABB_CLEAR,179.1769,,179.1769,CLEAR,False,"[0.0, 0.0, 0.0, 0.0, 0.0, 0.0]"
DEPLOYED_NOMINAL,DEPLOYED,B51_REF_base_link_LINKLOCAL,base_link,Hard_Stop_Left,BUS_STRUCTURE,AABB_CLEAR,275.0303,,275.0303,CLEAR,False,"[0.0, 0.0, 0.0, 0.0, 0.0, 0.0]"
DEPLOYED_NOMINAL,DEPLOYED,B51_REF_base_link_LINKLOCAL,base_link,Hard_Stop_Right,BUS_STRUCTURE,AABB_CLEAR,275.0373,,275.0373,CLEAR,False,"[0.0, 0.0, 0.0, 0.0, 0.0, 0.0]"
DEPLOYED_NOMINAL,DEPLOYED,B51_REF_base_link_LINKLOCAL,base_link,Harness_Passage,ARM_MOUNT_INTERFACE,AABB_CLEAR,39.405,,39.405,EXCLUDED_BOLTED_MOUNT_INTERFACE,False,"[0.0, 0.0, 0.0, 0.0, 0.0, 0.0]"
DEPLOYED_NOMINAL,DEPLOYED,B51_REF_base_link_LINKLOCAL,base_link,Harness_Service_Loop_Left,BUS_STRUCTURE,AABB_CLEAR,304.873,,304.873,CLEAR,False,"[0.0, 0.0, 0.0, 0.0, 0.0, 0.0]"
DEPLOYED_NOMINAL,DEPLOYED,B51_REF_base_link_LINKLOCAL,base_link,Harness_Service_Loop_Right,BUS_STRUCTURE,AABB_CLEAR,304.8784,,304.8784,CLEAR,False,"[0.0, 0.0, 0.0, 0.0, 0.0, 0.0]"
DEPLOYED_NOMINAL,DEPLOYED,B51_REF_base_link_LINKLOCAL,base_link,Hinge_Ear_1_Left,BUS_STRUCTURE,AABB_CLEAR,281.8658,,281.8658,CLEAR,False,"[0.0, 0.0, 0.0, 0.0, 0.0, 0.0]"
DEPLOYED_NOMINAL,DEPLOYED,B51_REF_base_link_LINKLOCAL,base_link,Hinge_Ear_1_Right,BUS_STRUCTURE,AABB_CLEAR,281.8726,,281.8726,CLEAR,False,"[0.0, 0.0, 0.0, 0.0, 0.0, 0.0]"
DEPLOYED_NOMINAL,DEPLOYED,B51_REF_base_link_LINKLOCAL,base_link,Hinge_Ear_2_Left,BUS_STRUCTURE,AABB_CLEAR,264.3062,,264.3062,CLEAR,False,"[0.0, 0.0, 0.0, 0.0, 0.0, 0.0]"
DEPLOYED_NOMINAL,DEPLOYED,B51_REF_base_link_LINKLOCAL,base_link,Hinge_Ear_2_Right,BUS_STRUCTURE,AABB_CLEAR,264.3134,,264.3134,CLEAR,False,"[0.0, 0.0, 0.0, 0.0, 0.0, 0.0]"
DEPLOYED_NOMINAL,DEPLOYED,B51_REF_base_link_LINKLOCAL,base_link,Hinge_Pin_Left,BUS_STRUCTURE,AABB_CLEAR,262.2731,,262.2731,CLEAR,False,"[0.0, 0.0, 0.0, 0.0, 0.0, 0.0]"
DEPLOYED_NOMINAL,DEPLOYED,B51_REF_base_link_LINKLOCAL,base_link,Hinge_Pin_Right,BUS_STRUCTURE,AABB_CLEAR,262.2826,,262.2826,CLEAR,False,"[0.0, 0.0, 0.0, 0.0, 0.0, 0.0]"
DEPLOYED_NOMINAL,DEPLOYED,B51_REF_base_link_LINKLOCAL,base_link,Launch_Lock_Interface_Reference,REFERENCE_ONLY,AABB_CLEAR,212.5956,,212.5956,EXCLUDED_REFERENCE_ONLY_BODY,False,"[0.0, 0.0, 0.0, 0.0, 0.0, 0.0]"
DEPLOYED_NOMINAL,DEPLOYED,B51_REF_base_link_LINKLOCAL,base_link,Load_Bridge_Left,ARM_MOUNT_INTERFACE,AABB_CLEAR,39.9965,,39.9965,EXCLUDED_BOLTED_MOUNT_INTERFACE,False,"[0.0, 0.0, 0.0, 0.0, 0.0, 0.0]"
DEPLOYED_NOMINAL,DEPLOYED,B51_REF_base_link_LINKLOCAL,base_link,Load_Bridge_Right,ARM_MOUNT_INTERFACE,AABB_CLEAR,40.002,,40.002,EXCLUDED_BOLTED_MOUNT_INTERFACE,False,"[0.0, 0.0, 0.0, 0.0, 0.0, 0.0]"
DEPLOYED_NOMINAL,DEPLOYED,B51_REF_base_link_LINKLOCAL,base_link,Load_Spreading_Frame,ARM_MOUNT_INTERFACE,AABB_CLEAR,35.405,,35.405,EXCLUDED_BOLTED_MOUNT_INTERFACE,False,"[0.0, 0.0, 0.0, 0.0, 0.0, 0.0]"
DEPLOYED_NOMINAL,DEPLOYED,B51_REF_base_link_LINKLOCAL,base_link,Longerons_4X,BUS_STRUCTURE,AABB_CLEAR,27.405,,27.405,CLEAR,False,"[0.0, 0.0, 0.0, 0.0, 0.0, 0.0]"
DEPLOYED_NOMINAL,DEPLOYED,B51_REF_base_link_LINKLOCAL,base_link,Maintenance_Access_Cover,BUS_STRUCTURE,AABB_CLEAR,61.1753,,61.1753,CLEAR,False,"[0.0, 0.0, 0.0, 0.0, 0.0, 0.0]"
DEPLOYED_NOMINAL,DEPLOYED,B51_REF_base_link_LINKLOCAL,base_link,Mid_Saddle,SADDLE_PLACEHOLDER,AABB_CLEAR,122.083,,122.083,CLEAR,False,"[0.0, 0.0, 0.0, 0.0, 0.0, 0.0]"
DEPLOYED_NOMINAL,DEPLOYED,B51_REF_base_link_LINKLOCAL,base_link,Mid_Transverse_Frame_,BUS_STRUCTURE,AABB_CLEAR,146.405,,146.405,CLEAR,False,"[0.0, 0.0, 0.0, 0.0, 0.0, 0.0]"
DEPLOYED_NOMINAL,DEPLOYED,B51_REF_base_link_LINKLOCAL,base_link,Rear_End_Frame,BUS_STRUCTURE,AABB_CLEAR,385.405,,385.405,CLEAR,False,"[0.0, 0.0, 0.0, 0.0, 0.0, 0.0]"
DEPLOYED_NOMINAL,DEPLOYED,B51_REF_base_link_LINKLOCAL,base_link,Release_Clearance_Envelope,REFERENCE_ONLY,AABB_CLEAR,246.8543,,246.8543,EXCLUDED_REFERENCE_ONLY_BODY,False,"[0.0, 0.0, 0.0, 0.0, 0.0, 0.0]"
DEPLOYED_NOMINAL,DEPLOYED,B51_REF_base_link_LINKLOCAL,base_link,Root_Base_Left,BUS_STRUCTURE,AABB_CLEAR,258.686,,258.686,CLEAR,False,"[0.0, 0.0, 0.0, 0.0, 0.0, 0.0]"
DEPLOYED_NOMINAL,DEPLOYED,B51_REF_base_link_LINKLOCAL,base_link,Root_Base_Right,BUS_STRUCTURE,AABB_CLEAR,258.6924,,258.6924,CLEAR,False,"[0.0, 0.0, 0.0, 0.0, 0.0, 0.0]"
DEPLOYED_NOMINAL,DEPLOYED,B51_REF_base_link_LINKLOCAL,base_link,Root_Node_Spine_Left,BUS_STRUCTURE,AABB_CLEAR,269.891,,269.891,CLEAR,False,"[0.0, 0.0, 0.0, 0.0, 0.0, 0.0]"
DEPLOYED_NOMINAL,DEPLOYED,B51_REF_base_link_LINKLOCAL,base_link,Root_Node_Spine_Right,BUS_STRUCTURE,AABB_CLEAR,269.8968,,269.8968,CLEAR,False,"[0.0, 0.0, 0.0, 0.0, 0.0, 0.0]"
DEPLOYED_NOMINAL,DEPLOYED,B51_REF_base_link_LINKLOCAL,base_link,Spacecraft_Flange,ARM_MOUNT_INTERFACE,AABB_CLEAR,24.405,,24.405,EXCLUDED_BOLTED_MOUNT_INTERFACE,False,"[0.0, 0.0, 0.0, 0.0, 0.0, 0.0]"
DEPLOYED_NOMINAL,DEPLOYED,B51_REF_base_link_LINKLOCAL,base_link,Torsion_Spring_1_Left,BUS_STRUCTURE,AABB_CLEAR,294.8432,,294.8432,CLEAR,False,"[0.0, 0.0, 0.0, 0.0, 0.0, 0.0]"
DEPLOYED_NOMINAL,DEPLOYED,B51_REF_base_link_LINKLOCAL,base_link,Torsion_Spring_1_Right,BUS_STRUCTURE,AABB_CLEAR,294.8512,,294.8512,CLEAR,False,"[0.0, 0.0, 0.0, 0.0, 0.0, 0.0]"
DEPLOYED_NOMINAL,DEPLOYED,B51_REF_base_link_LINKLOCAL,base_link,Torsion_Spring_2_Left,BUS_STRUCTURE,AABB_CLEAR,250.5818,,250.5818,CLEAR,False,"[0.0, 0.0, 0.0, 0.0, 0.0, 0.0]"
DEPLOYED_NOMINAL,DEPLOYED,B51_REF_base_link_LINKLOCAL,base_link,Torsion_Spring_2_Right,BUS_STRUCTURE,AABB_CLEAR,250.5913,,250.5913,CLEAR,False,"[0.0, 0.0, 0.0, 0.0, 0.0, 0.0]"
DEPLOYED_NOMINAL,DEPLOYED,B51_REF_base_link_LINKLOCAL,base_link,WING_L_DEPLOYED,SOLAR_WING,AABB_CLEAR,166.2478,,166.2478,CLEAR,False,"[0.0, 0.0, 0.0, 0.0, 0.0, 0.0]"
DEPLOYED_NOMINAL,DEPLOYED,B51_REF_base_link_LINKLOCAL,base_link,WING_R_DEPLOYED,SOLAR_WING,AABB_CLEAR,166.2578,,166.2578,CLEAR,False,"[0.0, 0.0, 0.0, 0.0, 0.0, 0.0]"
DEPLOYED_NOMINAL,DEPLOYED,B51_REF_link1_LINKLOCAL,link1,Adapter_Plate,ARM_MOUNT_INTERFACE,AABB_CLEAR,84.05,,84.05,CLEAR,False,"[0.0, 0.0, 0.0, 0.0, 0.0, 0.0]"
DEPLOYED_NOMINAL,DEPLOYED,B51_REF_link1_LINKLOCAL,link1,Aft_Saddle,SADDLE_PLACEHOLDER,AABB_CLEAR,288.8288,,288.8288,CLEAR,False,"[0.0, 0.0, 0.0, 0.0, 0.0, 0.0]"
DEPLOYED_NOMINAL,DEPLOYED,B51_REF_link1_LINKLOCAL,link1,Central_Boss,ARM_MOUNT_INTERFACE,AABB_CLEAR,74.05,,74.05,CLEAR,False,"[0.0, 0.0, 0.0, 0.0, 0.0, 0.0]"
DEPLOYED_NOMINAL,DEPLOYED,B51_REF_link1_LINKLOCAL,link1,Deck_Front_Bay,BUS_STRUCTURE,AABB_CLEAR,163.05,,163.05,CLEAR,False,"[0.0, 0.0, 0.0, 0.0, 0.0, 0.0]"
DEPLOYED_NOMINAL,DEPLOYED,B51_REF_link1_LINKLOCAL,link1,Deck_Mid_Bay,BUS_STRUCTURE,AABB_CLEAR,224.05,,224.05,CLEAR,False,"[0.0, 0.0, 0.0, 0.0, 0.0, 0.0]"
DEPLOYED_NOMINAL,DEPLOYED,B51_REF_link1_LINKLOCAL,link1,Deck_Rear_Bay,BUS_STRUCTURE,AABB_CLEAR,346.05,,346.05,CLEAR,False,"[0.0, 0.0, 0.0, 0.0, 0.0, 0.0]"
DEPLOYED_NOMINAL,DEPLOYED,B51_REF_link1_LINKLOCAL,link1,Front_End_Frame,BUS_STRUCTURE,AABB_CLEAR,99.05,,99.05,CLEAR,False,"[0.0, 0.0, 0.0, 0.0, 0.0, 0.0]"
DEPLOYED_NOMINAL,DEPLOYED,B51_REF_link1_LINKLOCAL,link1,Front_Transverse_Frame,BUS_STRUCTURE,AABB_CLEAR,157.05,,157.05,CLEAR,False,"[0.0, 0.0, 0.0, 0.0, 0.0, 0.0]"
DEPLOYED_NOMINAL,DEPLOYED,B51_REF_link1_LINKLOCAL,link1,Fwd_Saddle,SADDLE_PLACEHOLDER,AABB_CLEAR,119.5161,,119.5161,CLEAR,False,"[0.0, 0.0, 0.0, 0.0, 0.0, 0.0]"
DEPLOYED_NOMINAL,DEPLOYED,B51_REF_link1_LINKLOCAL,link1,HDRM_Base_1_Left,BUS_STRUCTURE,AABB_CLEAR,434.7793,,434.7793,CLEAR,False,"[0.0, 0.0, 0.0, 0.0, 0.0, 0.0]"
DEPLOYED_NOMINAL,DEPLOYED,B51_REF_link1_LINKLOCAL,link1,HDRM_Base_1_Right,BUS_STRUCTURE,AABB_CLEAR,435.3445,,435.3445,CLEAR,False,"[0.0, 0.0, 0.0, 0.0, 0.0, 0.0]"
DEPLOYED_NOMINAL,DEPLOYED,B51_REF_link1_LINKLOCAL,link1,HDRM_Base_2_Left,BUS_STRUCTURE,AABB_CLEAR,238.7741,,238.7741,CLEAR,False,"[0.0, 0.0, 0.0, 0.0, 0.0, 0.0]"
DEPLOYED_NOMINAL,DEPLOYED,B51_REF_link1_LINKLOCAL,link1,HDRM_Base_2_Right,BUS_STRUCTURE,AABB_CLEAR,239.8017,,239.8017,CLEAR,False,"[0.0, 0.0, 0.0, 0.0, 0.0, 0.0]"
DEPLOYED_NOMINAL,DEPLOYED,B51_REF_link1_LINKLOCAL,link1,HDRM_Rod_1_Left,BUS_STRUCTURE,AABB_CLEAR,443.3112,,443.3112,CLEAR,False,"[0.0, 0.0, 0.0, 0.0, 0.0, 0.0]"
DEPLOYED_NOMINAL,DEPLOYED,B51_REF_link1_LINKLOCAL,link1,HDRM_Rod_1_Right,BUS_STRUCTURE,AABB_CLEAR,443.9396,,443.9396,CLEAR,False,"[0.0, 0.0, 0.0, 0.0, 0.0, 0.0]"
DEPLOYED_NOMINAL,DEPLOYED,B51_REF_link1_LINKLOCAL,link1,HDRM_Rod_2_Left,BUS_STRUCTURE,AABB_CLEAR,248.4045,,248.4045,CLEAR,False,"[0.0, 0.0, 0.0, 0.0, 0.0, 0.0]"
DEPLOYED_NOMINAL,DEPLOYED,B51_REF_link1_LINKLOCAL,link1,HDRM_Rod_2_Right,BUS_STRUCTURE,AABB_CLEAR,249.5243,,249.5243,CLEAR,False,"[0.0, 0.0, 0.0, 0.0, 0.0, 0.0]"
DEPLOYED_NOMINAL,DEPLOYED,B51_REF_link1_LINKLOCAL,link1,Hard_Stop_Left,BUS_STRUCTURE,AABB_CLEAR,346.3432,,346.3432,CLEAR,False,"[0.0, 0.0, 0.0, 0.0, 0.0, 0.0]"
DEPLOYED_NOMINAL,DEPLOYED,B51_REF_link1_LINKLOCAL,link1,Hard_Stop_Right,BUS_STRUCTURE,AABB_CLEAR,347.1472,,347.1472,CLEAR,False,"[0.0, 0.0, 0.0, 0.0, 0.0, 0.0]"
DEPLOYED_NOMINAL,DEPLOYED,B51_REF_link1_LINKLOCAL,link1,Harness_Passage,ARM_MOUNT_INTERFACE,AABB_CLEAR,111.05,,111.05,CLEAR,False,"[0.0, 0.0, 0.0, 0.0, 0.0, 0.0]"
DEPLOYED_NOMINAL,DEPLOYED,B51_REF_link1_LINKLOCAL,link1,Harness_Service_Loop_Left,BUS_STRUCTURE,AABB_CLEAR,376.5013,,376.5013,CLEAR,False,"[0.0, 0.0, 0.0, 0.0, 0.0, 0.0]"
DEPLOYED_NOMINAL,DEPLOYED,B51_REF_link1_LINKLOCAL,link1,Harness_Service_Loop_Right,BUS_STRUCTURE,AABB_CLEAR,377.1538,,377.1538,CLEAR,False,"[0.0, 0.0, 0.0, 0.0, 0.0, 0.0]"
DEPLOYED_NOMINAL,DEPLOYED,B51_REF_link1_LINKLOCAL,link1,Hinge_Ear_1_Left,BUS_STRUCTURE,AABB_CLEAR,353.2185,,353.2185,CLEAR,False,"[0.0, 0.0, 0.0, 0.0, 0.0, 0.0]"
DEPLOYED_NOMINAL,DEPLOYED,B51_REF_link1_LINKLOCAL,link1,Hinge_Ear_1_Right,BUS_STRUCTURE,AABB_CLEAR,354.0069,,354.0069,CLEAR,False,"[0.0, 0.0, 0.0, 0.0, 0.0, 0.0]"
DEPLOYED_NOMINAL,DEPLOYED,B51_REF_link1_LINKLOCAL,link1,Hinge_Ear_2_Left,BUS_STRUCTURE,AABB_CLEAR,335.5496,,335.5496,CLEAR,False,"[0.0, 0.0, 0.0, 0.0, 0.0, 0.0]"
DEPLOYED_NOMINAL,DEPLOYED,B51_REF_link1_LINKLOCAL,link1,Hinge_Ear_2_Right,BUS_STRUCTURE,AABB_CLEAR,336.3794,,336.3794,CLEAR,False,"[0.0, 0.0, 0.0, 0.0, 0.0, 0.0]"
DEPLOYED_NOMINAL,DEPLOYED,B51_REF_link1_LINKLOCAL,link1,Hinge_Pin_Left,BUS_STRUCTURE,AABB_CLEAR,332.755,,332.755,CLEAR,False,"[0.0, 0.0, 0.0, 0.0, 0.0, 0.0]"
DEPLOYED_NOMINAL,DEPLOYED,B51_REF_link1_LINKLOCAL,link1,Hinge_Pin_Right,BUS_STRUCTURE,AABB_CLEAR,333.8136,,333.8136,CLEAR,False,"[0.0, 0.0, 0.0, 0.0, 0.0, 0.0]"
DEPLOYED_NOMINAL,DEPLOYED,B51_REF_link1_LINKLOCAL,link1,Launch_Lock_Interface_Reference,REFERENCE_ONLY,AABB_CLEAR,283.8691,,283.8691,EXCLUDED_REFERENCE_ONLY_BODY,False,"[0.0, 0.0, 0.0, 0.0, 0.0, 0.0]"
DEPLOYED_NOMINAL,DEPLOYED,B51_REF_link1_LINKLOCAL,link1,Load_Bridge_Left,ARM_MOUNT_INTERFACE,AABB_CLEAR,111.7596,,111.7596,CLEAR,False,"[0.0, 0.0, 0.0, 0.0, 0.0, 0.0]"
DEPLOYED_NOMINAL,DEPLOYED,B51_REF_link1_LINKLOCAL,link1,Load_Bridge_Right,ARM_MOUNT_INTERFACE,AABB_CLEAR,112.2967,,112.2967,CLEAR,False,"[0.0, 0.0, 0.0, 0.0, 0.0, 0.0]"
DEPLOYED_NOMINAL,DEPLOYED,B51_REF_link1_LINKLOCAL,link1,Load_Spreading_Frame,ARM_MOUNT_INTERFACE,AABB_CLEAR,107.05,,107.05,CLEAR,False,"[0.0, 0.0, 0.0, 0.0, 0.0, 0.0]"
DEPLOYED_NOMINAL,DEPLOYED,B51_REF_link1_LINKLOCAL,link1,Longerons_4X,BUS_STRUCTURE,AABB_CLEAR,99.05,,99.05,CLEAR,False,"[0.0, 0.0, 0.0, 0.0, 0.0, 0.0]"
DEPLOYED_NOMINAL,DEPLOYED,B51_REF_link1_LINKLOCAL,link1,Maintenance_Access_Cover,BUS_STRUCTURE,AABB_CLEAR,121.3856,,121.3856,CLEAR,False,"[0.0, 0.0, 0.0, 0.0, 0.0, 0.0]"
DEPLOYED_NOMINAL,DEPLOYED,B51_REF_link1_LINKLOCAL,link1,Mid_Saddle,SADDLE_PLACEHOLDER,AABB_CLEAR,192.3853,,192.3853,CLEAR,False,"[0.0, 0.0, 0.0, 0.0, 0.0, 0.0]"
DEPLOYED_NOMINAL,DEPLOYED,B51_REF_link1_LINKLOCAL,link1,Mid_Transverse_Frame_,BUS_STRUCTURE,AABB_CLEAR,218.05,,218.05,CLEAR,False,"[0.0, 0.0, 0.0, 0.0, 0.0, 0.0]"
DEPLOYED_NOMINAL,DEPLOYED,B51_REF_link1_LINKLOCAL,link1,Rear_End_Frame,BUS_STRUCTURE,AABB_CLEAR,457.05,,457.05,CLEAR,False,"[0.0, 0.0, 0.0, 0.0, 0.0, 0.0]"
DEPLOYED_NOMINAL,DEPLOYED,B51_REF_link1_LINKLOCAL,link1,Release_Clearance_Envelope,REFERENCE_ONLY,AABB_CLEAR,300.6546,,300.6546,EXCLUDED_REFERENCE_ONLY_BODY,False,"[0.0, 0.0, 0.0, 0.0, 0.0, 0.0]"
DEPLOYED_NOMINAL,DEPLOYED,B51_REF_link1_LINKLOCAL,link1,Root_Base_Left,BUS_STRUCTURE,AABB_CLEAR,330.1356,,330.1356,CLEAR,False,"[0.0, 0.0, 0.0, 0.0, 0.0, 0.0]"
DEPLOYED_NOMINAL,DEPLOYED,B51_REF_link1_LINKLOCAL,link1,Root_Base_Right,BUS_STRUCTURE,AABB_CLEAR,330.8796,,330.8796,CLEAR,False,"[0.0, 0.0, 0.0, 0.0, 0.0, 0.0]"
DEPLOYED_NOMINAL,DEPLOYED,B51_REF_link1_LINKLOCAL,link1,Root_Node_Spine_Left,BUS_STRUCTURE,AABB_CLEAR,341.4636,,341.4636,CLEAR,False,"[0.0, 0.0, 0.0, 0.0, 0.0, 0.0]"
DEPLOYED_NOMINAL,DEPLOYED,B51_REF_link1_LINKLOCAL,link1,Root_Node_Spine_Right,BUS_STRUCTURE,AABB_CLEAR,342.1469,,342.1469,CLEAR,False,"[0.0, 0.0, 0.0, 0.0, 0.0, 0.0]"
DEPLOYED_NOMINAL,DEPLOYED,B51_REF_link1_LINKLOCAL,link1,Spacecraft_Flange,ARM_MOUNT_INTERFACE,AABB_CLEAR,96.05,,96.05,CLEAR,False,"[0.0, 0.0, 0.0, 0.0, 0.0, 0.0]"
DEPLOYED_NOMINAL,DEPLOYED,B51_REF_link1_LINKLOCAL,link1,Torsion_Spring_1_Left,BUS_STRUCTURE,AABB_CLEAR,365.8423,,365.8423,CLEAR,False,"[0.0, 0.0, 0.0, 0.0, 0.0, 0.0]"
DEPLOYED_NOMINAL,DEPLOYED,B51_REF_link1_LINKLOCAL,link1,Torsion_Spring_1_Right,BUS_STRUCTURE,AABB_CLEAR,366.7606,,366.7606,CLEAR,False,"[0.0, 0.0, 0.0, 0.0, 0.0, 0.0]"
DEPLOYED_NOMINAL,DEPLOYED,B51_REF_link1_LINKLOCAL,link1,Torsion_Spring_2_Left,BUS_STRUCTURE,AABB_CLEAR,321.1043,,321.1043,CLEAR,False,"[0.0, 0.0, 0.0, 0.0, 0.0, 0.0]"
DEPLOYED_NOMINAL,DEPLOYED,B51_REF_link1_LINKLOCAL,link1,Torsion_Spring_2_Right,BUS_STRUCTURE,AABB_CLEAR,322.1501,,322.1501,CLEAR,False,"[0.0, 0.0, 0.0, 0.0, 0.0, 0.0]"
DEPLOYED_NOMINAL,DEPLOYED,B51_REF_link1_LINKLOCAL,link1,WING_L_DEPLOYED,SOLAR_WING,AABB_CLEAR,236.6965,,236.6965,CLEAR,False,"[0.0, 0.0, 0.0, 0.0, 0.0, 0.0]"
DEPLOYED_NOMINAL,DEPLOYED,B51_REF_link1_LINKLOCAL,link1,WING_R_DEPLOYED,SOLAR_WING,AABB_CLEAR,237.733,,237.733,CLEAR,False,"[0.0, 0.0, 0.0, 0.0, 0.0, 0.0]"
DEPLOYED_NOMINAL,DEPLOYED,B51_REF_link2_LINKLOCAL,link2,Adapter_Plate,ARM_MOUNT_INTERFACE,AABB_CLEAR,121.736,,121.736,CLEAR,False,"[0.0, 0.0, 0.0, 0.0, 0.0, 0.0]"
DEPLOYED_NOMINAL,DEPLOYED,B51_REF_link2_LINKLOCAL,link2,Aft_Saddle,SADDLE_PLACEHOLDER,AABB_CLEAR,319.736,,319.736,CLEAR,False,"[0.0, 0.0, 0.0, 0.0, 0.0, 0.0]"
DEPLOYED_NOMINAL,DEPLOYED,B51_REF_link2_LINKLOCAL,link2,Central_Boss,ARM_MOUNT_INTERFACE,AABB_CLEAR,111.736,,111.736,CLEAR,False,"[0.0, 0.0, 0.0, 0.0, 0.0, 0.0]"
DEPLOYED_NOMINAL,DEPLOYED,B51_REF_link2_LINKLOCAL,link2,Deck_Front_Bay,BUS_STRUCTURE,AABB_CLEAR,200.736,,200.736,CLEAR,False,"[0.0, 0.0, 0.0, 0.0, 0.0, 0.0]"
DEPLOYED_NOMINAL,DEPLOYED,B51_REF_link2_LINKLOCAL,link2,Deck_Mid_Bay,BUS_STRUCTURE,AABB_CLEAR,261.736,,261.736,CLEAR,False,"[0.0, 0.0, 0.0, 0.0, 0.0, 0.0]"
DEPLOYED_NOMINAL,DEPLOYED,B51_REF_link2_LINKLOCAL,link2,Deck_Rear_Bay,BUS_STRUCTURE,AABB_CLEAR,383.736,,383.736,CLEAR,False,"[0.0, 0.0, 0.0, 0.0, 0.0, 0.0]"
DEPLOYED_NOMINAL,DEPLOYED,B51_REF_link2_LINKLOCAL,link2,Front_End_Frame,BUS_STRUCTURE,AABB_CLEAR,136.736,,136.736,CLEAR,False,"[0.0, 0.0, 0.0, 0.0, 0.0, 0.0]"
DEPLOYED_NOMINAL,DEPLOYED,B51_REF_link2_LINKLOCAL,link2,Front_Transverse_Frame,BUS_STRUCTURE,AABB_CLEAR,194.736,,194.736,CLEAR,False,"[0.0, 0.0, 0.0, 0.0, 0.0, 0.0]"
DEPLOYED_NOMINAL,DEPLOYED,B51_REF_link2_LINKLOCAL,link2,Fwd_Saddle,SADDLE_PLACEHOLDER,AABB_CLEAR,139.736,,139.736,CLEAR,False,"[0.0, 0.0, 0.0, 0.0, 0.0, 0.0]"
DEPLOYED_NOMINAL,DEPLOYED,B51_REF_link2_LINKLOCAL,link2,HDRM_Base_1_Left,BUS_STRUCTURE,AABB_CLEAR,472.6853,,472.6853,CLEAR,False,"[0.0, 0.0, 0.0, 0.0, 0.0, 0.0]"
DEPLOYED_NOMINAL,DEPLOYED,B51_REF_link2_LINKLOCAL,link2,HDRM_Base_1_Right,BUS_STRUCTURE,AABB_CLEAR,468.6691,,468.6691,CLEAR,False,"[0.0, 0.0, 0.0, 0.0, 0.0, 0.0]"
DEPLOYED_NOMINAL,DEPLOYED,B51_REF_link2_LINKLOCAL,link2,HDRM_Base_2_Left,BUS_STRUCTURE,AABB_CLEAR,276.2915,,276.2915,CLEAR,False,"[0.0, 0.0, 0.0, 0.0, 0.0, 0.0]"
DEPLOYED_NOMINAL,DEPLOYED,B51_REF_link2_LINKLOCAL,link2,HDRM_Base_2_Right,BUS_STRUCTURE,AABB_CLEAR,269.3629,,269.3629,CLEAR,False,"[0.0, 0.0, 0.0, 0.0, 0.0, 0.0]"
DEPLOYED_NOMINAL,DEPLOYED,B51_REF_link2_LINKLOCAL,link2,HDRM_Rod_1_Left,BUS_STRUCTURE,AABB_CLEAR,481.1854,,481.1854,CLEAR,False,"[0.0, 0.0, 0.0, 0.0, 0.0, 0.0]"
DEPLOYED_NOMINAL,DEPLOYED,B51_REF_link2_LINKLOCAL,link2,HDRM_Rod_1_Right,BUS_STRUCTURE,AABB_CLEAR,476.1417,,476.1417,CLEAR,False,"[0.0, 0.0, 0.0, 0.0, 0.0, 0.0]"
DEPLOYED_NOMINAL,DEPLOYED,B51_REF_link2_LINKLOCAL,link2,HDRM_Rod_2_Left,BUS_STRUCTURE,AABB_CLEAR,285.7358,,285.7358,CLEAR,False,"[0.0, 0.0, 0.0, 0.0, 0.0, 0.0]"
DEPLOYED_NOMINAL,DEPLOYED,B51_REF_link2_LINKLOCAL,link2,HDRM_Rod_2_Right,BUS_STRUCTURE,AABB_CLEAR,277.1579,,277.1579,CLEAR,False,"[0.0, 0.0, 0.0, 0.0, 0.0, 0.0]"
DEPLOYED_NOMINAL,DEPLOYED,B51_REF_link2_LINKLOCAL,link2,Hard_Stop_Left,BUS_STRUCTURE,AABB_CLEAR,384.0741,,384.0741,CLEAR,False,"[0.0, 0.0, 0.0, 0.0, 0.0, 0.0]"
DEPLOYED_NOMINAL,DEPLOYED,B51_REF_link2_LINKLOCAL,link2,Hard_Stop_Right,BUS_STRUCTURE,AABB_CLEAR,377.736,,377.736,CLEAR,False,"[0.0, 0.0, 0.0, 0.0, 0.0, 0.0]"
DEPLOYED_NOMINAL,DEPLOYED,B51_REF_link2_LINKLOCAL,link2,Harness_Passage,ARM_MOUNT_INTERFACE,AABB_CLEAR,148.736,,148.736,CLEAR,False,"[0.0, 0.0, 0.0, 0.0, 0.0, 0.0]"
DEPLOYED_NOMINAL,DEPLOYED,B51_REF_link2_LINKLOCAL,link2,Harness_Service_Loop_Left,BUS_STRUCTURE,AABB_CLEAR,414.3238,,414.3238,CLEAR,False,"[0.0, 0.0, 0.0, 0.0, 0.0, 0.0]"
DEPLOYED_NOMINAL,DEPLOYED,B51_REF_link2_LINKLOCAL,link2,Harness_Service_Loop_Right,BUS_STRUCTURE,AABB_CLEAR,409.736,,409.736,CLEAR,False,"[0.0, 0.0, 0.0, 0.0, 0.0, 0.0]"
DEPLOYED_NOMINAL,DEPLOYED,B51_REF_link2_LINKLOCAL,link2,Hinge_Ear_1_Left,BUS_STRUCTURE,AABB_CLEAR,390.9607,,390.9607,CLEAR,False,"[0.0, 0.0, 0.0, 0.0, 0.0, 0.0]"
DEPLOYED_NOMINAL,DEPLOYED,B51_REF_link2_LINKLOCAL,link2,Hinge_Ear_1_Right,BUS_STRUCTURE,AABB_CLEAR,384.736,,384.736,CLEAR,False,"[0.0, 0.0, 0.0, 0.0, 0.0, 0.0]"
DEPLOYED_NOMINAL,DEPLOYED,B51_REF_link2_LINKLOCAL,link2,Hinge_Ear_2_Left,BUS_STRUCTURE,AABB_CLEAR,373.261,,373.261,CLEAR,False,"[0.0, 0.0, 0.0, 0.0, 0.0, 0.0]"
DEPLOYED_NOMINAL,DEPLOYED,B51_REF_link2_LINKLOCAL,link2,Hinge_Ear_2_Right,BUS_STRUCTURE,AABB_CLEAR,366.736,,366.736,CLEAR,False,"[0.0, 0.0, 0.0, 0.0, 0.0, 0.0]"
DEPLOYED_NOMINAL,DEPLOYED,B51_REF_link2_LINKLOCAL,link2,Hinge_Pin_Left,BUS_STRUCTURE,AABB_CLEAR,370.2215,,370.2215,CLEAR,False,"[0.0, 0.0, 0.0, 0.0, 0.0, 0.0]"
DEPLOYED_NOMINAL,DEPLOYED,B51_REF_link2_LINKLOCAL,link2,Hinge_Pin_Right,BUS_STRUCTURE,AABB_CLEAR,359.736,,359.736,CLEAR,False,"[0.0, 0.0, 0.0, 0.0, 0.0, 0.0]"
DEPLOYED_NOMINAL,DEPLOYED,B51_REF_link2_LINKLOCAL,link2,Launch_Lock_Interface_Reference,REFERENCE_ONLY,AABB_CLEAR,309.736,,309.736,EXCLUDED_REFERENCE_ONLY_BODY,False,"[0.0, 0.0, 0.0, 0.0, 0.0, 0.0]"
DEPLOYED_NOMINAL,DEPLOYED,B51_REF_link2_LINKLOCAL,link2,Load_Bridge_Left,ARM_MOUNT_INTERFACE,AABB_CLEAR,149.6305,,149.6305,CLEAR,False,"[0.0, 0.0, 0.0, 0.0, 0.0, 0.0]"
DEPLOYED_NOMINAL,DEPLOYED,B51_REF_link2_LINKLOCAL,link2,Load_Bridge_Right,ARM_MOUNT_INTERFACE,AABB_CLEAR,148.736,,148.736,CLEAR,False,"[0.0, 0.0, 0.0, 0.0, 0.0, 0.0]"
DEPLOYED_NOMINAL,DEPLOYED,B51_REF_link2_LINKLOCAL,link2,Load_Spreading_Frame,ARM_MOUNT_INTERFACE,AABB_CLEAR,144.736,,144.736,CLEAR,False,"[0.0, 0.0, 0.0, 0.0, 0.0, 0.0]"
DEPLOYED_NOMINAL,DEPLOYED,B51_REF_link2_LINKLOCAL,link2,Longerons_4X,BUS_STRUCTURE,AABB_CLEAR,136.736,,136.736,CLEAR,False,"[0.0, 0.0, 0.0, 0.0, 0.0, 0.0]"
DEPLOYED_NOMINAL,DEPLOYED,B51_REF_link2_LINKLOCAL,link2,Maintenance_Access_Cover,BUS_STRUCTURE,AABB_CLEAR,157.4596,,157.4596,CLEAR,False,"[0.0, 0.0, 0.0, 0.0, 0.0, 0.0]"
DEPLOYED_NOMINAL,DEPLOYED,B51_REF_link2_LINKLOCAL,link2,Mid_Saddle,SADDLE_PLACEHOLDER,AABB_CLEAR,219.736,,219.736,CLEAR,False,"[0.0, 0.0, 0.0, 0.0, 0.0, 0.0]"
DEPLOYED_NOMINAL,DEPLOYED,B51_REF_link2_LINKLOCAL,link2,Mid_Transverse_Frame_,BUS_STRUCTURE,AABB_CLEAR,255.736,,255.736,CLEAR,False,"[0.0, 0.0, 0.0, 0.0, 0.0, 0.0]"
DEPLOYED_NOMINAL,DEPLOYED,B51_REF_link2_LINKLOCAL,link2,Rear_End_Frame,BUS_STRUCTURE,AABB_CLEAR,494.736,,494.736,CLEAR,False,"[0.0, 0.0, 0.0, 0.0, 0.0, 0.0]"
DEPLOYED_NOMINAL,DEPLOYED,B51_REF_link2_LINKLOCAL,link2,Release_Clearance_Envelope,REFERENCE_ONLY,AABB_CLEAR,249.7523,,249.7523,EXCLUDED_REFERENCE_ONLY_BODY,False,"[0.0, 0.0, 0.0, 0.0, 0.0, 0.0]"
DEPLOYED_NOMINAL,DEPLOYED,B51_REF_link2_LINKLOCAL,link2,Root_Base_Left,BUS_STRUCTURE,AABB_CLEAR,367.9104,,367.9104,CLEAR,False,"[0.0, 0.0, 0.0, 0.0, 0.0, 0.0]"
DEPLOYED_NOMINAL,DEPLOYED,B51_REF_link2_LINKLOCAL,link2,Root_Base_Right,BUS_STRUCTURE,AABB_CLEAR,362.736,,362.736,CLEAR,False,"[0.0, 0.0, 0.0, 0.0, 0.0, 0.0]"
DEPLOYED_NOMINAL,DEPLOYED,B51_REF_link2_LINKLOCAL,link2,Root_Node_Spine_Left,BUS_STRUCTURE,AABB_CLEAR,379.2727,,379.2727,CLEAR,False,"[0.0, 0.0, 0.0, 0.0, 0.0, 0.0]"
DEPLOYED_NOMINAL,DEPLOYED,B51_REF_link2_LINKLOCAL,link2,Root_Node_Spine_Right,BUS_STRUCTURE,AABB_CLEAR,374.736,,374.736,CLEAR,False,"[0.0, 0.0, 0.0, 0.0, 0.0, 0.0]"
DEPLOYED_NOMINAL,DEPLOYED,B51_REF_link2_LINKLOCAL,link2,Spacecraft_Flange,ARM_MOUNT_INTERFACE,AABB_CLEAR,133.736,,133.736,CLEAR,False,"[0.0, 0.0, 0.0, 0.0, 0.0, 0.0]"
DEPLOYED_NOMINAL,DEPLOYED,B51_REF_link2_LINKLOCAL,link2,Torsion_Spring_1_Left,BUS_STRUCTURE,AABB_CLEAR,403.4682,,403.4682,CLEAR,False,"[0.0, 0.0, 0.0, 0.0, 0.0, 0.0]"
DEPLOYED_NOMINAL,DEPLOYED,B51_REF_link2_LINKLOCAL,link2,Torsion_Spring_1_Right,BUS_STRUCTURE,AABB_CLEAR,394.736,,394.736,CLEAR,False,"[0.0, 0.0, 0.0, 0.0, 0.0, 0.0]"
DEPLOYED_NOMINAL,DEPLOYED,B51_REF_link2_LINKLOCAL,link2,Torsion_Spring_2_Left,BUS_STRUCTURE,AABB_CLEAR,358.5901,,358.5901,CLEAR,False,"[0.0, 0.0, 0.0, 0.0, 0.0, 0.0]"
DEPLOYED_NOMINAL,DEPLOYED,B51_REF_link2_LINKLOCAL,link2,Torsion_Spring_2_Right,BUS_STRUCTURE,AABB_CLEAR,348.736,,348.736,CLEAR,False,"[0.0, 0.0, 0.0, 0.0, 0.0, 0.0]"
DEPLOYED_NOMINAL,DEPLOYED,B51_REF_link2_LINKLOCAL,link2,WING_L_DEPLOYED,SOLAR_WING,AABB_CLEAR,274.2184,,274.2184,CLEAR,False,"[0.0, 0.0, 0.0, 0.0, 0.0, 0.0]"
DEPLOYED_NOMINAL,DEPLOYED,B51_REF_link2_LINKLOCAL,link2,WING_R_DEPLOYED,SOLAR_WING,AABB_CLEAR,267.236,,267.236,CLEAR,False,"[0.0, 0.0, 0.0, 0.0, 0.0, 0.0]"
DEPLOYED_NOMINAL,DEPLOYED,B51_REF_link3_LINKLOCAL,link3,Adapter_Plate,ARM_MOUNT_INTERFACE,AABB_CLEAR,126.5279,,126.5279,CLEAR,False,"[0.0, 0.0, 0.0, 0.0, 0.0, 0.0]"
DEPLOYED_NOMINAL,DEPLOYED,B51_REF_link3_LINKLOCAL,link3,Aft_Saddle,SADDLE_PLACEHOLDER,AABB_CLEAR,324.5279,,324.5279,CLEAR,False,"[0.0, 0.0, 0.0, 0.0, 0.0, 0.0]"
DEPLOYED_NOMINAL,DEPLOYED,B51_REF_link3_LINKLOCAL,link3,Central_Boss,ARM_MOUNT_INTERFACE,AABB_CLEAR,116.5279,,116.5279,CLEAR,False,"[0.0, 0.0, 0.0, 0.0, 0.0, 0.0]"
DEPLOYED_NOMINAL,DEPLOYED,B51_REF_link3_LINKLOCAL,link3,Deck_Front_Bay,BUS_STRUCTURE,AABB_CLEAR,205.5279,,205.5279,CLEAR,False,"[0.0, 0.0, 0.0, 0.0, 0.0, 0.0]"
DEPLOYED_NOMINAL,DEPLOYED,B51_REF_link3_LINKLOCAL,link3,Deck_Mid_Bay,BUS_STRUCTURE,AABB_CLEAR,266.5279,,266.5279,CLEAR,False,"[0.0, 0.0, 0.0, 0.0, 0.0, 0.0]"
DEPLOYED_NOMINAL,DEPLOYED,B51_REF_link3_LINKLOCAL,link3,Deck_Rear_Bay,BUS_STRUCTURE,AABB_CLEAR,388.5279,,388.5279,CLEAR,False,"[0.0, 0.0, 0.0, 0.0, 0.0, 0.0]"
DEPLOYED_NOMINAL,DEPLOYED,B51_REF_link3_LINKLOCAL,link3,Front_End_Frame,BUS_STRUCTURE,AABB_CLEAR,141.5279,,141.5279,CLEAR,False,"[0.0, 0.0, 0.0, 0.0, 0.0, 0.0]"
DEPLOYED_NOMINAL,DEPLOYED,B51_REF_link3_LINKLOCAL,link3,Front_Transverse_Frame,BUS_STRUCTURE,AABB_CLEAR,199.5279,,199.5279,CLEAR,False,"[0.0, 0.0, 0.0, 0.0, 0.0, 0.0]"
DEPLOYED_NOMINAL,DEPLOYED,B51_REF_link3_LINKLOCAL,link3,Fwd_Saddle,SADDLE_PLACEHOLDER,AABB_CLEAR,144.5279,,144.5279,CLEAR,False,"[0.0, 0.0, 0.0, 0.0, 0.0, 0.0]"
DEPLOYED_NOMINAL,DEPLOYED,B51_REF_link3_LINKLOCAL,link3,HDRM_Base_1_Left,BUS_STRUCTURE,AABB_CLEAR,479.2312,,479.2312,CLEAR,False,"[0.0, 0.0, 0.0, 0.0, 0.0, 0.0]"
DEPLOYED_NOMINAL,DEPLOYED,B51_REF_link3_LINKLOCAL,link3,HDRM_Base_1_Right,BUS_STRUCTURE,AABB_CLEAR,474.8311,,474.8311,CLEAR,False,"[0.0, 0.0, 0.0, 0.0, 0.0, 0.0]"
DEPLOYED_NOMINAL,DEPLOYED,B51_REF_link3_LINKLOCAL,link3,HDRM_Base_2_Left,BUS_STRUCTURE,AABB_CLEAR,283.9918,,283.9918,CLEAR,False,"[0.0, 0.0, 0.0, 0.0, 0.0, 0.0]"
DEPLOYED_NOMINAL,DEPLOYED,B51_REF_link3_LINKLOCAL,link3,HDRM_Base_2_Right,BUS_STRUCTURE,AABB_CLEAR,276.5021,,276.5021,CLEAR,False,"[0.0, 0.0, 0.0, 0.0, 0.0, 0.0]"
DEPLOYED_NOMINAL,DEPLOYED,B51_REF_link3_LINKLOCAL,link3,HDRM_Rod_1_Left,BUS_STRUCTURE,AABB_CLEAR,487.9862,,487.9862,CLEAR,False,"[0.0, 0.0, 0.0, 0.0, 0.0, 0.0]"
DEPLOYED_NOMINAL,DEPLOYED,B51_REF_link3_LINKLOCAL,link3,HDRM_Rod_1_Right,BUS_STRUCTURE,AABB_CLEAR,482.5266,,482.5266,CLEAR,False,"[0.0, 0.0, 0.0, 0.0, 0.0, 0.0]"
DEPLOYED_NOMINAL,DEPLOYED,B51_REF_link3_LINKLOCAL,link3,HDRM_Rod_2_Left,BUS_STRUCTURE,AABB_CLEAR,293.8016,,293.8016,CLEAR,False,"[0.0, 0.0, 0.0, 0.0, 0.0, 0.0]"
DEPLOYED_NOMINAL,DEPLOYED,B51_REF_link3_LINKLOCAL,link3,HDRM_Rod_2_Right,BUS_STRUCTURE,AABB_CLEAR,284.6414,,284.6414,CLEAR,False,"[0.0, 0.0, 0.0, 0.0, 0.0, 0.0]"
DEPLOYED_NOMINAL,DEPLOYED,B51_REF_link3_LINKLOCAL,link3,Hard_Stop_Left,BUS_STRUCTURE,AABB_CLEAR,389.3921,,389.3921,CLEAR,False,"[0.0, 0.0, 0.0, 0.0, 0.0, 0.0]"
DEPLOYED_NOMINAL,DEPLOYED,B51_REF_link3_LINKLOCAL,link3,Hard_Stop_Right,BUS_STRUCTURE,AABB_CLEAR,382.5279,,382.5279,CLEAR,False,"[0.0, 0.0, 0.0, 0.0, 0.0, 0.0]"
DEPLOYED_NOMINAL,DEPLOYED,B51_REF_link3_LINKLOCAL,link3,Harness_Passage,ARM_MOUNT_INTERFACE,AABB_CLEAR,154.4347,,154.4347,CLEAR,False,"[0.0, 0.0, 0.0, 0.0, 0.0, 0.0]"
DEPLOYED_NOMINAL,DEPLOYED,B51_REF_link3_LINKLOCAL,link3,Harness_Service_Loop_Left,BUS_STRUCTURE,AABB_CLEAR,419.5609,,419.5609,CLEAR,False,"[0.0, 0.0, 0.0, 0.0, 0.0, 0.0]"
DEPLOYED_NOMINAL,DEPLOYED,B51_REF_link3_LINKLOCAL,link3,Harness_Service_Loop_Right,BUS_STRUCTURE,AABB_CLEAR,414.5279,,414.5279,CLEAR,False,"[0.0, 0.0, 0.0, 0.0, 0.0, 0.0]"
DEPLOYED_NOMINAL,DEPLOYED,B51_REF_link3_LINKLOCAL,link3,Hinge_Ear_1_Left,BUS_STRUCTURE,AABB_CLEAR,396.2709,,396.2709,CLEAR,False,"[0.0, 0.0, 0.0, 0.0, 0.0, 0.0]"
DEPLOYED_NOMINAL,DEPLOYED,B51_REF_link3_LINKLOCAL,link3,Hinge_Ear_1_Right,BUS_STRUCTURE,AABB_CLEAR,389.5279,,389.5279,CLEAR,False,"[0.0, 0.0, 0.0, 0.0, 0.0, 0.0]"
DEPLOYED_NOMINAL,DEPLOYED,B51_REF_link3_LINKLOCAL,link3,Hinge_Ear_2_Left,BUS_STRUCTURE,AABB_CLEAR,378.5916,,378.5916,CLEAR,False,"[0.0, 0.0, 0.0, 0.0, 0.0, 0.0]"
DEPLOYED_NOMINAL,DEPLOYED,B51_REF_link3_LINKLOCAL,link3,Hinge_Ear_2_Right,BUS_STRUCTURE,AABB_CLEAR,371.5279,,371.5279,CLEAR,False,"[0.0, 0.0, 0.0, 0.0, 0.0, 0.0]"
DEPLOYED_NOMINAL,DEPLOYED,B51_REF_link3_LINKLOCAL,link3,Hinge_Pin_Left,BUS_STRUCTURE,AABB_CLEAR,375.6644,,375.6644,CLEAR,False,"[0.0, 0.0, 0.0, 0.0, 0.0, 0.0]"
DEPLOYED_NOMINAL,DEPLOYED,B51_REF_link3_LINKLOCAL,link3,Hinge_Pin_Right,BUS_STRUCTURE,AABB_CLEAR,364.5279,,364.5279,CLEAR,False,"[0.0, 0.0, 0.0, 0.0, 0.0, 0.0]"
DEPLOYED_NOMINAL,DEPLOYED,B51_REF_link3_LINKLOCAL,link3,Launch_Lock_Interface_Reference,REFERENCE_ONLY,AABB_CLEAR,314.5279,,314.5279,EXCLUDED_REFERENCE_ONLY_BODY,False,"[0.0, 0.0, 0.0, 0.0, 0.0, 0.0]"
DEPLOYED_NOMINAL,DEPLOYED,B51_REF_link3_LINKLOCAL,link3,Load_Bridge_Left,ARM_MOUNT_INTERFACE,AABB_CLEAR,154.7792,,154.7792,CLEAR,False,"[0.0, 0.0, 0.0, 0.0, 0.0, 0.0]"
DEPLOYED_NOMINAL,DEPLOYED,B51_REF_link3_LINKLOCAL,link3,Load_Bridge_Right,ARM_MOUNT_INTERFACE,AABB_CLEAR,153.5279,,153.5279,CLEAR,False,"[0.0, 0.0, 0.0, 0.0, 0.0, 0.0]"
DEPLOYED_NOMINAL,DEPLOYED,B51_REF_link3_LINKLOCAL,link3,Load_Spreading_Frame,ARM_MOUNT_INTERFACE,AABB_CLEAR,149.5279,,149.5279,CLEAR,False,"[0.0, 0.0, 0.0, 0.0, 0.0, 0.0]"
DEPLOYED_NOMINAL,DEPLOYED,B51_REF_link3_LINKLOCAL,link3,Longerons_4X,BUS_STRUCTURE,AABB_CLEAR,141.5279,,141.5279,CLEAR,False,"[0.0, 0.0, 0.0, 0.0, 0.0, 0.0]"
DEPLOYED_NOMINAL,DEPLOYED,B51_REF_link3_LINKLOCAL,link3,Maintenance_Access_Cover,BUS_STRUCTURE,AABB_CLEAR,167.9779,,167.9779,CLEAR,False,"[0.0, 0.0, 0.0, 0.0, 0.0, 0.0]"
DEPLOYED_NOMINAL,DEPLOYED,B51_REF_link3_LINKLOCAL,link3,Mid_Saddle,SADDLE_PLACEHOLDER,AABB_CLEAR,224.5279,,224.5279,CLEAR,False,"[0.0, 0.0, 0.0, 0.0, 0.0, 0.0]"
DEPLOYED_NOMINAL,DEPLOYED,B51_REF_link3_LINKLOCAL,link3,Mid_Transverse_Frame_,BUS_STRUCTURE,AABB_CLEAR,260.5279,,260.5279,CLEAR,False,"[0.0, 0.0, 0.0, 0.0, 0.0, 0.0]"
DEPLOYED_NOMINAL,DEPLOYED,B51_REF_link3_LINKLOCAL,link3,Rear_End_Frame,BUS_STRUCTURE,AABB_CLEAR,499.5279,,499.5279,CLEAR,False,"[0.0, 0.0, 0.0, 0.0, 0.0, 0.0]"
DEPLOYED_NOMINAL,DEPLOYED,B51_REF_link3_LINKLOCAL,link3,Release_Clearance_Envelope,REFERENCE_ONLY,AABB_CLEAR,254.5325,,254.5325,EXCLUDED_REFERENCE_ONLY_BODY,False,"[0.0, 0.0, 0.0, 0.0, 0.0, 0.0]"
DEPLOYED_NOMINAL,DEPLOYED,B51_REF_link3_LINKLOCAL,link3,Root_Base_Left,BUS_STRUCTURE,AABB_CLEAR,373.1953,,373.1953,CLEAR,False,"[0.0, 0.0, 0.0, 0.0, 0.0, 0.0]"
DEPLOYED_NOMINAL,DEPLOYED,B51_REF_link3_LINKLOCAL,link3,Root_Base_Right,BUS_STRUCTURE,AABB_CLEAR,367.5279,,367.5279,CLEAR,False,"[0.0, 0.0, 0.0, 0.0, 0.0, 0.0]"
DEPLOYED_NOMINAL,DEPLOYED,B51_REF_link3_LINKLOCAL,link3,Root_Node_Spine_Left,BUS_STRUCTURE,AABB_CLEAR,384.5252,,384.5252,CLEAR,False,"[0.0, 0.0, 0.0, 0.0, 0.0, 0.0]"
DEPLOYED_NOMINAL,DEPLOYED,B51_REF_link3_LINKLOCAL,link3,Root_Node_Spine_Right,BUS_STRUCTURE,AABB_CLEAR,379.5279,,379.5279,CLEAR,False,"[0.0, 0.0, 0.0, 0.0, 0.0, 0.0]"
DEPLOYED_NOMINAL,DEPLOYED,B51_REF_link3_LINKLOCAL,link3,Spacecraft_Flange,ARM_MOUNT_INTERFACE,AABB_CLEAR,138.5279,,138.5279,CLEAR,False,"[0.0, 0.0, 0.0, 0.0, 0.0, 0.0]"
DEPLOYED_NOMINAL,DEPLOYED,B51_REF_link3_LINKLOCAL,link3,Torsion_Spring_1_Left,BUS_STRUCTURE,AABB_CLEAR,408.8464,,408.8464,CLEAR,False,"[0.0, 0.0, 0.0, 0.0, 0.0, 0.0]"
DEPLOYED_NOMINAL,DEPLOYED,B51_REF_link3_LINKLOCAL,link3,Torsion_Spring_1_Right,BUS_STRUCTURE,AABB_CLEAR,399.5279,,399.5279,CLEAR,False,"[0.0, 0.0, 0.0, 0.0, 0.0, 0.0]"
DEPLOYED_NOMINAL,DEPLOYED,B51_REF_link3_LINKLOCAL,link3,Torsion_Spring_2_Left,BUS_STRUCTURE,AABB_CLEAR,364.0258,,364.0258,CLEAR,False,"[0.0, 0.0, 0.0, 0.0, 0.0, 0.0]"
DEPLOYED_NOMINAL,DEPLOYED,B51_REF_link3_LINKLOCAL,link3,Torsion_Spring_2_Right,BUS_STRUCTURE,AABB_CLEAR,353.5279,,353.5279,CLEAR,False,"[0.0, 0.0, 0.0, 0.0, 0.0, 0.0]"
DEPLOYED_NOMINAL,DEPLOYED,B51_REF_link3_LINKLOCAL,link3,WING_L_DEPLOYED,SOLAR_WING,AABB_CLEAR,279.6375,,279.6375,CLEAR,False,"[0.0, 0.0, 0.0, 0.0, 0.0, 0.0]"
DEPLOYED_NOMINAL,DEPLOYED,B51_REF_link3_LINKLOCAL,link3,WING_R_DEPLOYED,SOLAR_WING,AABB_CLEAR,272.0279,,272.0279,CLEAR,False,"[0.0, 0.0, 0.0, 0.0, 0.0, 0.0]"
DEPLOYED_NOMINAL,DEPLOYED,B51_REF_link4_LINKLOCAL,link4,Adapter_Plate,ARM_MOUNT_INTERFACE,AABB_CLEAR,174.5756,,174.5756,CLEAR,False,"[0.0, 0.0, 0.0, 0.0, 0.0, 0.0]"
DEPLOYED_NOMINAL,DEPLOYED,B51_REF_link4_LINKLOCAL,link4,Aft_Saddle,SADDLE_PLACEHOLDER,AABB_CLEAR,379.2818,,379.2818,CLEAR,False,"[0.0, 0.0, 0.0, 0.0, 0.0, 0.0]"
DEPLOYED_NOMINAL,DEPLOYED,B51_REF_link4_LINKLOCAL,link4,Central_Boss,ARM_MOUNT_INTERFACE,AABB_CLEAR,164.5756,,164.5756,CLEAR,False,"[0.0, 0.0, 0.0, 0.0, 0.0, 0.0]"
DEPLOYED_NOMINAL,DEPLOYED,B51_REF_link4_LINKLOCAL,link4,Deck_Front_Bay,BUS_STRUCTURE,AABB_CLEAR,253.5756,,253.5756,CLEAR,False,"[0.0, 0.0, 0.0, 0.0, 0.0, 0.0]"
DEPLOYED_NOMINAL,DEPLOYED,B51_REF_link4_LINKLOCAL,link4,Deck_Mid_Bay,BUS_STRUCTURE,AABB_CLEAR,314.5756,,314.5756,CLEAR,False,"[0.0, 0.0, 0.0, 0.0, 0.0, 0.0]"
DEPLOYED_NOMINAL,DEPLOYED,B51_REF_link4_LINKLOCAL,link4,Deck_Rear_Bay,BUS_STRUCTURE,AABB_CLEAR,436.5756,,436.5756,CLEAR,False,"[0.0, 0.0, 0.0, 0.0, 0.0, 0.0]"
DEPLOYED_NOMINAL,DEPLOYED,B51_REF_link4_LINKLOCAL,link4,Front_End_Frame,BUS_STRUCTURE,AABB_CLEAR,189.5756,,189.5756,CLEAR,False,"[0.0, 0.0, 0.0, 0.0, 0.0, 0.0]"
DEPLOYED_NOMINAL,DEPLOYED,B51_REF_link4_LINKLOCAL,link4,Front_Transverse_Frame,BUS_STRUCTURE,AABB_CLEAR,247.5756,,247.5756,CLEAR,False,"[0.0, 0.0, 0.0, 0.0, 0.0, 0.0]"
DEPLOYED_NOMINAL,DEPLOYED,B51_REF_link4_LINKLOCAL,link4,Fwd_Saddle,SADDLE_PLACEHOLDER,AABB_CLEAR,205.2498,,205.2498,CLEAR,False,"[0.0, 0.0, 0.0, 0.0, 0.0, 0.0]"
DEPLOYED_NOMINAL,DEPLOYED,B51_REF_link4_LINKLOCAL,link4,HDRM_Base_1_Left,BUS_STRUCTURE,AABB_CLEAR,521.7047,,521.7047,CLEAR,False,"[0.0, 0.0, 0.0, 0.0, 0.0, 0.0]"
DEPLOYED_NOMINAL,DEPLOYED,B51_REF_link4_LINKLOCAL,link4,HDRM_Base_1_Right,BUS_STRUCTURE,AABB_CLEAR,525.239,,525.239,CLEAR,False,"[0.0, 0.0, 0.0, 0.0, 0.0, 0.0]"
DEPLOYED_NOMINAL,DEPLOYED,B51_REF_link4_LINKLOCAL,link4,HDRM_Base_2_Left,BUS_STRUCTURE,AABB_CLEAR,322.4059,,322.4059,CLEAR,False,"[0.0, 0.0, 0.0, 0.0, 0.0, 0.0]"
DEPLOYED_NOMINAL,DEPLOYED,B51_REF_link4_LINKLOCAL,link4,HDRM_Base_2_Right,BUS_STRUCTURE,AABB_CLEAR,328.0941,,328.0941,CLEAR,False,"[0.0, 0.0, 0.0, 0.0, 0.0, 0.0]"
DEPLOYED_NOMINAL,DEPLOYED,B51_REF_link4_LINKLOCAL,link4,HDRM_Rod_1_Left,BUS_STRUCTURE,AABB_CLEAR,529.2691,,529.2691,CLEAR,False,"[0.0, 0.0, 0.0, 0.0, 0.0, 0.0]"
DEPLOYED_NOMINAL,DEPLOYED,B51_REF_link4_LINKLOCAL,link4,HDRM_Rod_1_Right,BUS_STRUCTURE,AABB_CLEAR,533.2864,,533.2864,CLEAR,False,"[0.0, 0.0, 0.0, 0.0, 0.0, 0.0]"
DEPLOYED_NOMINAL,DEPLOYED,B51_REF_link4_LINKLOCAL,link4,HDRM_Rod_2_Left,BUS_STRUCTURE,AABB_CLEAR,330.2961,,330.2961,CLEAR,False,"[0.0, 0.0, 0.0, 0.0, 0.0, 0.0]"
DEPLOYED_NOMINAL,DEPLOYED,B51_REF_link4_LINKLOCAL,link4,HDRM_Rod_2_Right,BUS_STRUCTURE,AABB_CLEAR,336.696,,336.696,CLEAR,False,"[0.0, 0.0, 0.0, 0.0, 0.0, 0.0]"
DEPLOYED_NOMINAL,DEPLOYED,B51_REF_link4_LINKLOCAL,link4,Hard_Stop_Left,BUS_STRUCTURE,AABB_CLEAR,432.649,,432.649,CLEAR,False,"[0.0, 0.0, 0.0, 0.0, 0.0, 0.0]"
DEPLOYED_NOMINAL,DEPLOYED,B51_REF_link4_LINKLOCAL,link4,Hard_Stop_Right,BUS_STRUCTURE,AABB_CLEAR,437.5543,,437.5543,CLEAR,False,"[0.0, 0.0, 0.0, 0.0, 0.0, 0.0]"
DEPLOYED_NOMINAL,DEPLOYED,B51_REF_link4_LINKLOCAL,link4,Harness_Passage,ARM_MOUNT_INTERFACE,AABB_CLEAR,201.5756,,201.5756,CLEAR,False,"[0.0, 0.0, 0.0, 0.0, 0.0, 0.0]"
DEPLOYED_NOMINAL,DEPLOYED,B51_REF_link4_LINKLOCAL,link4,Harness_Service_Loop_Left,BUS_STRUCTURE,AABB_CLEAR,463.846,,463.846,CLEAR,False,"[0.0, 0.0, 0.0, 0.0, 0.0, 0.0]"
DEPLOYED_NOMINAL,DEPLOYED,B51_REF_link4_LINKLOCAL,link4,Harness_Service_Loop_Right,BUS_STRUCTURE,AABB_CLEAR,467.8175,,467.8175,CLEAR,False,"[0.0, 0.0, 0.0, 0.0, 0.0, 0.0]"
DEPLOYED_NOMINAL,DEPLOYED,B51_REF_link4_LINKLOCAL,link4,Hinge_Ear_1_Left,BUS_STRUCTURE,AABB_CLEAR,439.6159,,439.6159,CLEAR,False,"[0.0, 0.0, 0.0, 0.0, 0.0, 0.0]"
DEPLOYED_NOMINAL,DEPLOYED,B51_REF_link4_LINKLOCAL,link4,Hinge_Ear_1_Right,BUS_STRUCTURE,AABB_CLEAR,444.4444,,444.4444,CLEAR,False,"[0.0, 0.0, 0.0, 0.0, 0.0, 0.0]"
DEPLOYED_NOMINAL,DEPLOYED,B51_REF_link4_LINKLOCAL,link4,Hinge_Ear_2_Left,BUS_STRUCTURE,AABB_CLEAR,421.703,,421.703,CLEAR,False,"[0.0, 0.0, 0.0, 0.0, 0.0, 0.0]"
DEPLOYED_NOMINAL,DEPLOYED,B51_REF_link4_LINKLOCAL,link4,Hinge_Ear_2_Right,BUS_STRUCTURE,AABB_CLEAR,426.7342,,426.7342,CLEAR,False,"[0.0, 0.0, 0.0, 0.0, 0.0, 0.0]"
DEPLOYED_NOMINAL,DEPLOYED,B51_REF_link4_LINKLOCAL,link4,Hinge_Pin_Left,BUS_STRUCTURE,AABB_CLEAR,416.9597,,416.9597,CLEAR,False,"[0.0, 0.0, 0.0, 0.0, 0.0, 0.0]"
DEPLOYED_NOMINAL,DEPLOYED,B51_REF_link4_LINKLOCAL,link4,Hinge_Pin_Right,BUS_STRUCTURE,AABB_CLEAR,423.56,,423.56,CLEAR,False,"[0.0, 0.0, 0.0, 0.0, 0.0, 0.0]"
DEPLOYED_NOMINAL,DEPLOYED,B51_REF_link4_LINKLOCAL,link4,Launch_Lock_Interface_Reference,REFERENCE_ONLY,AABB_CLEAR,373.5445,,373.5445,EXCLUDED_REFERENCE_ONLY_BODY,False,"[0.0, 0.0, 0.0, 0.0, 0.0, 0.0]"
DEPLOYED_NOMINAL,DEPLOYED,B51_REF_link4_LINKLOCAL,link4,Load_Bridge_Left,ARM_MOUNT_INTERFACE,AABB_CLEAR,201.5756,,201.5756,CLEAR,False,"[0.0, 0.0, 0.0, 0.0, 0.0, 0.0]"
DEPLOYED_NOMINAL,DEPLOYED,B51_REF_link4_LINKLOCAL,link4,Load_Bridge_Right,ARM_MOUNT_INTERFACE,AABB_CLEAR,203.0815,,203.0815,CLEAR,False,"[0.0, 0.0, 0.0, 0.0, 0.0, 0.0]"
DEPLOYED_NOMINAL,DEPLOYED,B51_REF_link4_LINKLOCAL,link4,Load_Spreading_Frame,ARM_MOUNT_INTERFACE,AABB_CLEAR,197.5756,,197.5756,CLEAR,False,"[0.0, 0.0, 0.0, 0.0, 0.0, 0.0]"
DEPLOYED_NOMINAL,DEPLOYED,B51_REF_link4_LINKLOCAL,link4,Longerons_4X,BUS_STRUCTURE,AABB_CLEAR,189.5756,,189.5756,CLEAR,False,"[0.0, 0.0, 0.0, 0.0, 0.0, 0.0]"
DEPLOYED_NOMINAL,DEPLOYED,B51_REF_link4_LINKLOCAL,link4,Maintenance_Access_Cover,BUS_STRUCTURE,AABB_CLEAR,202.5756,,202.5756,CLEAR,False,"[0.0, 0.0, 0.0, 0.0, 0.0, 0.0]"
DEPLOYED_NOMINAL,DEPLOYED,B51_REF_link4_LINKLOCAL,link4,Mid_Saddle,SADDLE_PLACEHOLDER,AABB_CLEAR,281.6728,,281.6728,CLEAR,False,"[0.0, 0.0, 0.0, 0.0, 0.0, 0.0]"
DEPLOYED_NOMINAL,DEPLOYED,B51_REF_link4_LINKLOCAL,link4,Mid_Transverse_Frame_,BUS_STRUCTURE,AABB_CLEAR,308.5756,,308.5756,CLEAR,False,"[0.0, 0.0, 0.0, 0.0, 0.0, 0.0]"
DEPLOYED_NOMINAL,DEPLOYED,B51_REF_link4_LINKLOCAL,link4,Rear_End_Frame,BUS_STRUCTURE,AABB_CLEAR,547.5756,,547.5756,CLEAR,False,"[0.0, 0.0, 0.0, 0.0, 0.0, 0.0]"
DEPLOYED_NOMINAL,DEPLOYED,B51_REF_link4_LINKLOCAL,link4,Release_Clearance_Envelope,REFERENCE_ONLY,AABB_CLEAR,375.2445,,375.2445,EXCLUDED_REFERENCE_ONLY_BODY,False,"[0.0, 0.0, 0.0, 0.0, 0.0, 0.0]"
DEPLOYED_NOMINAL,DEPLOYED,B51_REF_link4_LINKLOCAL,link4,Root_Base_Left,BUS_STRUCTURE,AABB_CLEAR,416.9892,,416.9892,CLEAR,False,"[0.0, 0.0, 0.0, 0.0, 0.0, 0.0]"
DEPLOYED_NOMINAL,DEPLOYED,B51_REF_link4_LINKLOCAL,link4,Root_Base_Right,BUS_STRUCTURE,AABB_CLEAR,421.4025,,421.4025,CLEAR,False,"[0.0, 0.0, 0.0, 0.0, 0.0, 0.0]"
DEPLOYED_NOMINAL,DEPLOYED,B51_REF_link4_LINKLOCAL,link4,Root_Node_Spine_Left,BUS_STRUCTURE,AABB_CLEAR,428.7201,,428.7201,CLEAR,False,"[0.0, 0.0, 0.0, 0.0, 0.0, 0.0]"
DEPLOYED_NOMINAL,DEPLOYED,B51_REF_link4_LINKLOCAL,link4,Root_Node_Spine_Right,BUS_STRUCTURE,AABB_CLEAR,432.7677,,432.7677,CLEAR,False,"[0.0, 0.0, 0.0, 0.0, 0.0, 0.0]"
DEPLOYED_NOMINAL,DEPLOYED,B51_REF_link4_LINKLOCAL,link4,Spacecraft_Flange,ARM_MOUNT_INTERFACE,AABB_CLEAR,186.5756,,186.5756,CLEAR,False,"[0.0, 0.0, 0.0, 0.0, 0.0, 0.0]"
DEPLOYED_NOMINAL,DEPLOYED,B51_REF_link4_LINKLOCAL,link4,Torsion_Spring_1_Left,BUS_STRUCTURE,AABB_CLEAR,451.1034,,451.1034,CLEAR,False,"[0.0, 0.0, 0.0, 0.0, 0.0, 0.0]"
DEPLOYED_NOMINAL,DEPLOYED,B51_REF_link4_LINKLOCAL,link4,Torsion_Spring_1_Right,BUS_STRUCTURE,AABB_CLEAR,456.9001,,456.9001,CLEAR,False,"[0.0, 0.0, 0.0, 0.0, 0.0, 0.0]"
DEPLOYED_NOMINAL,DEPLOYED,B51_REF_link4_LINKLOCAL,link4,Torsion_Spring_2_Left,BUS_STRUCTURE,AABB_CLEAR,405.5038,,405.5038,CLEAR,False,"[0.0, 0.0, 0.0, 0.0, 0.0, 0.0]"
DEPLOYED_NOMINAL,DEPLOYED,B51_REF_link4_LINKLOCAL,link4,Torsion_Spring_2_Right,BUS_STRUCTURE,AABB_CLEAR,411.9427,,411.9427,CLEAR,False,"[0.0, 0.0, 0.0, 0.0, 0.0, 0.0]"
DEPLOYED_NOMINAL,DEPLOYED,B51_REF_link4_LINKLOCAL,link4,WING_L_DEPLOYED,SOLAR_WING,AABB_CLEAR,321.9088,,321.9088,CLEAR,False,"[0.0, 0.0, 0.0, 0.0, 0.0, 0.0]"
DEPLOYED_NOMINAL,DEPLOYED,B51_REF_link4_LINKLOCAL,link4,WING_R_DEPLOYED,SOLAR_WING,AABB_CLEAR,327.6056,,327.6056,CLEAR,False,"[0.0, 0.0, 0.0, 0.0, 0.0, 0.0]"
DEPLOYED_NOMINAL,DEPLOYED,B51_REF_link5_LINKLOCAL,link5,Adapter_Plate,ARM_MOUNT_INTERFACE,AABB_CLEAR,162.441,,162.441,CLEAR,False,"[0.0, 0.0, 0.0, 0.0, 0.0, 0.0]"
DEPLOYED_NOMINAL,DEPLOYED,B51_REF_link5_LINKLOCAL,link5,Aft_Saddle,SADDLE_PLACEHOLDER,AABB_CLEAR,384.3021,,384.3021,CLEAR,False,"[0.0, 0.0, 0.0, 0.0, 0.0, 0.0]"
DEPLOYED_NOMINAL,DEPLOYED,B51_REF_link5_LINKLOCAL,link5,Central_Boss,ARM_MOUNT_INTERFACE,AABB_CLEAR,152.441,,152.441,CLEAR,False,"[0.0, 0.0, 0.0, 0.0, 0.0, 0.0]"
DEPLOYED_NOMINAL,DEPLOYED,B51_REF_link5_LINKLOCAL,link5,Deck_Front_Bay,BUS_STRUCTURE,AABB_CLEAR,241.441,,241.441,CLEAR,False,"[0.0, 0.0, 0.0, 0.0, 0.0, 0.0]"
DEPLOYED_NOMINAL,DEPLOYED,B51_REF_link5_LINKLOCAL,link5,Deck_Mid_Bay,BUS_STRUCTURE,AABB_CLEAR,302.441,,302.441,CLEAR,False,"[0.0, 0.0, 0.0, 0.0, 0.0, 0.0]"
DEPLOYED_NOMINAL,DEPLOYED,B51_REF_link5_LINKLOCAL,link5,Deck_Rear_Bay,BUS_STRUCTURE,AABB_CLEAR,424.441,,424.441,CLEAR,False,"[0.0, 0.0, 0.0, 0.0, 0.0, 0.0]"
DEPLOYED_NOMINAL,DEPLOYED,B51_REF_link5_LINKLOCAL,link5,Front_End_Frame,BUS_STRUCTURE,AABB_CLEAR,177.441,,177.441,CLEAR,False,"[0.0, 0.0, 0.0, 0.0, 0.0, 0.0]"
DEPLOYED_NOMINAL,DEPLOYED,B51_REF_link5_LINKLOCAL,link5,Front_Transverse_Frame,BUS_STRUCTURE,AABB_CLEAR,235.441,,235.441,CLEAR,False,"[0.0, 0.0, 0.0, 0.0, 0.0, 0.0]"
DEPLOYED_NOMINAL,DEPLOYED,B51_REF_link5_LINKLOCAL,link5,Fwd_Saddle,SADDLE_PLACEHOLDER,AABB_CLEAR,224.3421,,224.3421,CLEAR,False,"[0.0, 0.0, 0.0, 0.0, 0.0, 0.0]"
DEPLOYED_NOMINAL,DEPLOYED,B51_REF_link5_LINKLOCAL,link5,HDRM_Base_1_Left,BUS_STRUCTURE,AABB_CLEAR,509.4215,,509.4215,CLEAR,False,"[0.0, 0.0, 0.0, 0.0, 0.0, 0.0]"
DEPLOYED_NOMINAL,DEPLOYED,B51_REF_link5_LINKLOCAL,link5,HDRM_Base_1_Right,BUS_STRUCTURE,AABB_CLEAR,517.3024,,517.3024,CLEAR,False,"[0.0, 0.0, 0.0, 0.0, 0.0, 0.0]"
DEPLOYED_NOMINAL,DEPLOYED,B51_REF_link5_LINKLOCAL,link5,HDRM_Base_2_Left,BUS_STRUCTURE,AABB_CLEAR,310.0547,,310.0547,CLEAR,False,"[0.0, 0.0, 0.0, 0.0, 0.0, 0.0]"
DEPLOYED_NOMINAL,DEPLOYED,B51_REF_link5_LINKLOCAL,link5,HDRM_Base_2_Right,BUS_STRUCTURE,AABB_CLEAR,322.8396,,322.8396,CLEAR,False,"[0.0, 0.0, 0.0, 0.0, 0.0, 0.0]"
DEPLOYED_NOMINAL,DEPLOYED,B51_REF_link5_LINKLOCAL,link5,HDRM_Rod_1_Left,BUS_STRUCTURE,AABB_CLEAR,516.9593,,516.9593,CLEAR,False,"[0.0, 0.0, 0.0, 0.0, 0.0, 0.0]"
DEPLOYED_NOMINAL,DEPLOYED,B51_REF_link5_LINKLOCAL,link5,HDRM_Rod_1_Right,BUS_STRUCTURE,AABB_CLEAR,525.698,,525.698,CLEAR,False,"[0.0, 0.0, 0.0, 0.0, 0.0, 0.0]"
DEPLOYED_NOMINAL,DEPLOYED,B51_REF_link5_LINKLOCAL,link5,HDRM_Rod_2_Left,BUS_STRUCTURE,AABB_CLEAR,317.9159,,317.9159,CLEAR,False,"[0.0, 0.0, 0.0, 0.0, 0.0, 0.0]"
DEPLOYED_NOMINAL,DEPLOYED,B51_REF_link5_LINKLOCAL,link5,HDRM_Rod_2_Right,BUS_STRUCTURE,AABB_CLEAR,331.9368,,331.9368,CLEAR,False,"[0.0, 0.0, 0.0, 0.0, 0.0, 0.0]"
DEPLOYED_NOMINAL,DEPLOYED,B51_REF_link5_LINKLOCAL,link5,Hard_Stop_Left,BUS_STRUCTURE,AABB_CLEAR,422.5196,,422.5196,CLEAR,False,"[0.0, 0.0, 0.0, 0.0, 0.0, 0.0]"
DEPLOYED_NOMINAL,DEPLOYED,B51_REF_link5_LINKLOCAL,link5,Hard_Stop_Right,BUS_STRUCTURE,AABB_CLEAR,433.1677,,433.1677,CLEAR,False,"[0.0, 0.0, 0.0, 0.0, 0.0, 0.0]"
DEPLOYED_NOMINAL,DEPLOYED,B51_REF_link5_LINKLOCAL,link5,Harness_Passage,ARM_MOUNT_INTERFACE,AABB_CLEAR,189.441,,189.441,CLEAR,False,"[0.0, 0.0, 0.0, 0.0, 0.0, 0.0]"
DEPLOYED_NOMINAL,DEPLOYED,B51_REF_link5_LINKLOCAL,link5,Harness_Service_Loop_Left,BUS_STRUCTURE,AABB_CLEAR,451.5475,,451.5475,CLEAR,False,"[0.0, 0.0, 0.0, 0.0, 0.0, 0.0]"
DEPLOYED_NOMINAL,DEPLOYED,B51_REF_link5_LINKLOCAL,link5,Harness_Service_Loop_Right,BUS_STRUCTURE,AABB_CLEAR,460.4201,,460.4201,CLEAR,False,"[0.0, 0.0, 0.0, 0.0, 0.0, 0.0]"
DEPLOYED_NOMINAL,DEPLOYED,B51_REF_link5_LINKLOCAL,link5,Hinge_Ear_1_Left,BUS_STRUCTURE,AABB_CLEAR,427.548,,427.548,CLEAR,False,"[0.0, 0.0, 0.0, 0.0, 0.0, 0.0]"
DEPLOYED_NOMINAL,DEPLOYED,B51_REF_link5_LINKLOCAL,link5,Hinge_Ear_1_Right,BUS_STRUCTURE,AABB_CLEAR,438.0739,,438.0739,CLEAR,False,"[0.0, 0.0, 0.0, 0.0, 0.0, 0.0]"
DEPLOYED_NOMINAL,DEPLOYED,B51_REF_link5_LINKLOCAL,link5,Hinge_Ear_2_Left,BUS_STRUCTURE,AABB_CLEAR,409.6406,,409.6406,CLEAR,False,"[0.0, 0.0, 0.0, 0.0, 0.0, 0.0]"
DEPLOYED_NOMINAL,DEPLOYED,B51_REF_link5_LINKLOCAL,link5,Hinge_Ear_2_Right,BUS_STRUCTURE,AABB_CLEAR,420.6149,,420.6149,CLEAR,False,"[0.0, 0.0, 0.0, 0.0, 0.0, 0.0]"
DEPLOYED_NOMINAL,DEPLOYED,B51_REF_link5_LINKLOCAL,link5,Hinge_Pin_Left,BUS_STRUCTURE,AABB_CLEAR,404.8837,,404.8837,CLEAR,False,"[0.0, 0.0, 0.0, 0.0, 0.0, 0.0]"
DEPLOYED_NOMINAL,DEPLOYED,B51_REF_link5_LINKLOCAL,link5,Hinge_Pin_Right,BUS_STRUCTURE,AABB_CLEAR,418.7329,,418.7329,CLEAR,False,"[0.0, 0.0, 0.0, 0.0, 0.0, 0.0]"
DEPLOYED_NOMINAL,DEPLOYED,B51_REF_link5_LINKLOCAL,link5,Launch_Lock_Interface_Reference,REFERENCE_ONLY,AABB_CLEAR,382.0474,,382.0474,EXCLUDED_REFERENCE_ONLY_BODY,False,"[0.0, 0.0, 0.0, 0.0, 0.0, 0.0]"
DEPLOYED_NOMINAL,DEPLOYED,B51_REF_link5_LINKLOCAL,link5,Load_Bridge_Left,ARM_MOUNT_INTERFACE,AABB_CLEAR,189.5111,,189.5111,CLEAR,False,"[0.0, 0.0, 0.0, 0.0, 0.0, 0.0]"
DEPLOYED_NOMINAL,DEPLOYED,B51_REF_link5_LINKLOCAL,link5,Load_Bridge_Right,ARM_MOUNT_INTERFACE,AABB_CLEAR,196.0445,,196.0445,CLEAR,False,"[0.0, 0.0, 0.0, 0.0, 0.0, 0.0]"
DEPLOYED_NOMINAL,DEPLOYED,B51_REF_link5_LINKLOCAL,link5,Load_Spreading_Frame,ARM_MOUNT_INTERFACE,AABB_CLEAR,185.441,,185.441,CLEAR,False,"[0.0, 0.0, 0.0, 0.0, 0.0, 0.0]"
DEPLOYED_NOMINAL,DEPLOYED,B51_REF_link5_LINKLOCAL,link5,Longerons_4X,BUS_STRUCTURE,AABB_CLEAR,177.441,,177.441,CLEAR,False,"[0.0, 0.0, 0.0, 0.0, 0.0, 0.0]"
DEPLOYED_NOMINAL,DEPLOYED,B51_REF_link5_LINKLOCAL,link5,Maintenance_Access_Cover,BUS_STRUCTURE,AABB_CLEAR,190.441,,190.441,CLEAR,False,"[0.0, 0.0, 0.0, 0.0, 0.0, 0.0]"
DEPLOYED_NOMINAL,DEPLOYED,B51_REF_link5_LINKLOCAL,link5,Mid_Saddle,SADDLE_PLACEHOLDER,AABB_CLEAR,292.5746,,292.5746,CLEAR,False,"[0.0, 0.0, 0.0, 0.0, 0.0, 0.0]"
DEPLOYED_NOMINAL,DEPLOYED,B51_REF_link5_LINKLOCAL,link5,Mid_Transverse_Frame_,BUS_STRUCTURE,AABB_CLEAR,296.441,,296.441,CLEAR,False,"[0.0, 0.0, 0.0, 0.0, 0.0, 0.0]"
DEPLOYED_NOMINAL,DEPLOYED,B51_REF_link5_LINKLOCAL,link5,Rear_End_Frame,BUS_STRUCTURE,AABB_CLEAR,535.441,,535.441,CLEAR,False,"[0.0, 0.0, 0.0, 0.0, 0.0, 0.0]"
DEPLOYED_NOMINAL,DEPLOYED,B51_REF_link5_LINKLOCAL,link5,Release_Clearance_Envelope,REFERENCE_ONLY,AABB_CLEAR,406.3815,,406.3815,EXCLUDED_REFERENCE_ONLY_BODY,False,"[0.0, 0.0, 0.0, 0.0, 0.0, 0.0]"
DEPLOYED_NOMINAL,DEPLOYED,B51_REF_link5_LINKLOCAL,link5,Root_Base_Left,BUS_STRUCTURE,AABB_CLEAR,404.676,,404.676,CLEAR,False,"[0.0, 0.0, 0.0, 0.0, 0.0, 0.0]"
DEPLOYED_NOMINAL,DEPLOYED,B51_REF_link5_LINKLOCAL,link5,Root_Base_Right,BUS_STRUCTURE,AABB_CLEAR,414.553,,414.553,CLEAR,False,"[0.0, 0.0, 0.0, 0.0, 0.0, 0.0]"
DEPLOYED_NOMINAL,DEPLOYED,B51_REF_link5_LINKLOCAL,link5,Root_Node_Spine_Left,BUS_STRUCTURE,AABB_CLEAR,416.4237,,416.4237,CLEAR,False,"[0.0, 0.0, 0.0, 0.0, 0.0, 0.0]"
DEPLOYED_NOMINAL,DEPLOYED,B51_REF_link5_LINKLOCAL,link5,Root_Node_Spine_Right,BUS_STRUCTURE,AABB_CLEAR,425.5793,,425.5793,CLEAR,False,"[0.0, 0.0, 0.0, 0.0, 0.0, 0.0]"
DEPLOYED_NOMINAL,DEPLOYED,B51_REF_link5_LINKLOCAL,link5,Spacecraft_Flange,ARM_MOUNT_INTERFACE,AABB_CLEAR,174.441,,174.441,CLEAR,False,"[0.0, 0.0, 0.0, 0.0, 0.0, 0.0]"
DEPLOYED_NOMINAL,DEPLOYED,B51_REF_link5_LINKLOCAL,link5,Torsion_Spring_1_Left,BUS_STRUCTURE,AABB_CLEAR,438.8949,,438.8949,CLEAR,False,"[0.0, 0.0, 0.0, 0.0, 0.0, 0.0]"
DEPLOYED_NOMINAL,DEPLOYED,B51_REF_link5_LINKLOCAL,link5,Torsion_Spring_1_Right,BUS_STRUCTURE,AABB_CLEAR,451.1376,,451.1376,CLEAR,False,"[0.0, 0.0, 0.0, 0.0, 0.0, 0.0]"
DEPLOYED_NOMINAL,DEPLOYED,B51_REF_link5_LINKLOCAL,link5,Torsion_Spring_2_Left,BUS_STRUCTURE,AABB_CLEAR,393.2991,,393.2991,CLEAR,False,"[0.0, 0.0, 0.0, 0.0, 0.0, 0.0]"
DEPLOYED_NOMINAL,DEPLOYED,B51_REF_link5_LINKLOCAL,link5,Torsion_Spring_2_Right,BUS_STRUCTURE,AABB_CLEAR,406.9159,,406.9159,CLEAR,False,"[0.0, 0.0, 0.0, 0.0, 0.0, 0.0]"
DEPLOYED_NOMINAL,DEPLOYED,B51_REF_link5_LINKLOCAL,link5,WING_L_DEPLOYED,SOLAR_WING,AABB_CLEAR,310.0323,,310.0323,CLEAR,False,"[0.0, 0.0, 0.0, 0.0, 0.0, 0.0]"
DEPLOYED_NOMINAL,DEPLOYED,B51_REF_link5_LINKLOCAL,link5,WING_R_DEPLOYED,SOLAR_WING,AABB_CLEAR,322.8181,,322.8181,CLEAR,False,"[0.0, 0.0, 0.0, 0.0, 0.0, 0.0]"
DEPLOYED_NOMINAL,DEPLOYED,B51_REF_link6_LINKLOCAL,link6,Adapter_Plate,ARM_MOUNT_INTERFACE,AABB_CLEAR,163.1637,,163.1637,CLEAR,False,"[0.0, 0.0, 0.0, 0.0, 0.0, 0.0]"
DEPLOYED_NOMINAL,DEPLOYED,B51_REF_link6_LINKLOCAL,link6,Aft_Saddle,SADDLE_PLACEHOLDER,AABB_CLEAR,406.8534,,406.8534,CLEAR,False,"[0.0, 0.0, 0.0, 0.0, 0.0, 0.0]"
DEPLOYED_NOMINAL,DEPLOYED,B51_REF_link6_LINKLOCAL,link6,Central_Boss,ARM_MOUNT_INTERFACE,AABB_CLEAR,154.3593,,154.3593,CLEAR,False,"[0.0, 0.0, 0.0, 0.0, 0.0, 0.0]"
DEPLOYED_NOMINAL,DEPLOYED,B51_REF_link6_LINKLOCAL,link6,Deck_Front_Bay,BUS_STRUCTURE,AABB_CLEAR,244.5632,,244.5632,CLEAR,False,"[0.0, 0.0, 0.0, 0.0, 0.0, 0.0]"
DEPLOYED_NOMINAL,DEPLOYED,B51_REF_link6_LINKLOCAL,link6,Deck_Mid_Bay,BUS_STRUCTURE,AABB_CLEAR,305.0838,,305.0838,CLEAR,False,"[0.0, 0.0, 0.0, 0.0, 0.0, 0.0]"
DEPLOYED_NOMINAL,DEPLOYED,B51_REF_link6_LINKLOCAL,link6,Deck_Rear_Bay,BUS_STRUCTURE,AABB_CLEAR,426.535,,426.535,CLEAR,False,"[0.0, 0.0, 0.0, 0.0, 0.0, 0.0]"
DEPLOYED_NOMINAL,DEPLOYED,B51_REF_link6_LINKLOCAL,link6,Front_End_Frame,BUS_STRUCTURE,AABB_CLEAR,178.1637,,178.1637,CLEAR,False,"[0.0, 0.0, 0.0, 0.0, 0.0, 0.0]"
DEPLOYED_NOMINAL,DEPLOYED,B51_REF_link6_LINKLOCAL,link6,Front_Transverse_Frame,BUS_STRUCTURE,AABB_CLEAR,236.1637,,236.1637,CLEAR,False,"[0.0, 0.0, 0.0, 0.0, 0.0, 0.0]"
DEPLOYED_NOMINAL,DEPLOYED,B51_REF_link6_LINKLOCAL,link6,Fwd_Saddle,SADDLE_PLACEHOLDER,AABB_CLEAR,260.597,,260.597,CLEAR,False,"[0.0, 0.0, 0.0, 0.0, 0.0, 0.0]"
DEPLOYED_NOMINAL,DEPLOYED,B51_REF_link6_LINKLOCAL,link6,HDRM_Base_1_Left,BUS_STRUCTURE,AABB_CLEAR,509.4659,,509.4659,CLEAR,False,"[0.0, 0.0, 0.0, 0.0, 0.0, 0.0]"
DEPLOYED_NOMINAL,DEPLOYED,B51_REF_link6_LINKLOCAL,link6,HDRM_Base_1_Right,BUS_STRUCTURE,AABB_CLEAR,524.3331,,524.3331,CLEAR,False,"[0.0, 0.0, 0.0, 0.0, 0.0, 0.0]"
DEPLOYED_NOMINAL,DEPLOYED,B51_REF_link6_LINKLOCAL,link6,HDRM_Base_2_Left,BUS_STRUCTURE,AABB_CLEAR,309.6611,,309.6611,CLEAR,False,"[0.0, 0.0, 0.0, 0.0, 0.0, 0.0]"
DEPLOYED_NOMINAL,DEPLOYED,B51_REF_link6_LINKLOCAL,link6,HDRM_Base_2_Right,BUS_STRUCTURE,AABB_CLEAR,333.5562,,333.5562,CLEAR,False,"[0.0, 0.0, 0.0, 0.0, 0.0, 0.0]"
DEPLOYED_NOMINAL,DEPLOYED,B51_REF_link6_LINKLOCAL,link6,HDRM_Rod_1_Left,BUS_STRUCTURE,AABB_CLEAR,516.7954,,516.7954,CLEAR,False,"[0.0, 0.0, 0.0, 0.0, 0.0, 0.0]"
DEPLOYED_NOMINAL,DEPLOYED,B51_REF_link6_LINKLOCAL,link6,HDRM_Rod_1_Right,BUS_STRUCTURE,AABB_CLEAR,533.0759,,533.0759,CLEAR,False,"[0.0, 0.0, 0.0, 0.0, 0.0, 0.0]"
DEPLOYED_NOMINAL,DEPLOYED,B51_REF_link6_LINKLOCAL,link6,HDRM_Rod_2_Left,BUS_STRUCTURE,AABB_CLEAR,317.1939,,317.1939,CLEAR,False,"[0.0, 0.0, 0.0, 0.0, 0.0, 0.0]"
DEPLOYED_NOMINAL,DEPLOYED,B51_REF_link6_LINKLOCAL,link6,HDRM_Rod_2_Right,BUS_STRUCTURE,AABB_CLEAR,343.0808,,343.0808,CLEAR,False,"[0.0, 0.0, 0.0, 0.0, 0.0, 0.0]"
DEPLOYED_NOMINAL,DEPLOYED,B51_REF_link6_LINKLOCAL,link6,Hard_Stop_Left,BUS_STRUCTURE,AABB_CLEAR,431.0378,,431.0378,CLEAR,False,"[0.0, 0.0, 0.0, 0.0, 0.0, 0.0]"
DEPLOYED_NOMINAL,DEPLOYED,B51_REF_link6_LINKLOCAL,link6,Hard_Stop_Right,BUS_STRUCTURE,AABB_CLEAR,450.4287,,450.4287,CLEAR,False,"[0.0, 0.0, 0.0, 0.0, 0.0, 0.0]"
DEPLOYED_NOMINAL,DEPLOYED,B51_REF_link6_LINKLOCAL,link6,Harness_Passage,ARM_MOUNT_INTERFACE,AABB_CLEAR,190.1637,,190.1637,CLEAR,False,"[0.0, 0.0, 0.0, 0.0, 0.0, 0.0]"
DEPLOYED_NOMINAL,DEPLOYED,B51_REF_link6_LINKLOCAL,link6,Harness_Service_Loop_Left,BUS_STRUCTURE,AABB_CLEAR,453.6605,,453.6605,CLEAR,False,"[0.0, 0.0, 0.0, 0.0, 0.0, 0.0]"
DEPLOYED_NOMINAL,DEPLOYED,B51_REF_link6_LINKLOCAL,link6,Harness_Service_Loop_Right,BUS_STRUCTURE,AABB_CLEAR,470.2953,,470.2953,CLEAR,False,"[0.0, 0.0, 0.0, 0.0, 0.0, 0.0]"
DEPLOYED_NOMINAL,DEPLOYED,B51_REF_link6_LINKLOCAL,link6,Hinge_Ear_1_Left,BUS_STRUCTURE,AABB_CLEAR,432.4964,,432.4964,CLEAR,False,"[0.0, 0.0, 0.0, 0.0, 0.0, 0.0]"
DEPLOYED_NOMINAL,DEPLOYED,B51_REF_link6_LINKLOCAL,link6,Hinge_Ear_1_Right,BUS_STRUCTURE,AABB_CLEAR,451.8247,,451.8247,CLEAR,False,"[0.0, 0.0, 0.0, 0.0, 0.0, 0.0]"
DEPLOYED_NOMINAL,DEPLOYED,B51_REF_link6_LINKLOCAL,link6,Hinge_Ear_2_Left,BUS_STRUCTURE,AABB_CLEAR,414.7713,,414.7713,CLEAR,False,"[0.0, 0.0, 0.0, 0.0, 0.0, 0.0]"
DEPLOYED_NOMINAL,DEPLOYED,B51_REF_link6_LINKLOCAL,link6,Hinge_Ear_2_Right,BUS_STRUCTURE,AABB_CLEAR,434.8881,,434.8881,CLEAR,False,"[0.0, 0.0, 0.0, 0.0, 0.0, 0.0]"
DEPLOYED_NOMINAL,DEPLOYED,B51_REF_link6_LINKLOCAL,link6,Hinge_Pin_Left,BUS_STRUCTURE,AABB_CLEAR,409.5765,,409.5765,CLEAR,False,"[0.0, 0.0, 0.0, 0.0, 0.0, 0.0]"
DEPLOYED_NOMINAL,DEPLOYED,B51_REF_link6_LINKLOCAL,link6,Hinge_Pin_Right,BUS_STRUCTURE,AABB_CLEAR,434.4206,,434.4206,CLEAR,False,"[0.0, 0.0, 0.0, 0.0, 0.0, 0.0]"
DEPLOYED_NOMINAL,DEPLOYED,B51_REF_link6_LINKLOCAL,link6,Launch_Lock_Interface_Reference,REFERENCE_ONLY,AABB_CLEAR,407.2148,,407.2148,EXCLUDED_REFERENCE_ONLY_BODY,False,"[0.0, 0.0, 0.0, 0.0, 0.0, 0.0]"
DEPLOYED_NOMINAL,DEPLOYED,B51_REF_link6_LINKLOCAL,link6,Load_Bridge_Left,ARM_MOUNT_INTERFACE,AABB_CLEAR,199.1579,,199.1579,CLEAR,False,"[0.0, 0.0, 0.0, 0.0, 0.0, 0.0]"
DEPLOYED_NOMINAL,DEPLOYED,B51_REF_link6_LINKLOCAL,link6,Load_Bridge_Right,ARM_MOUNT_INTERFACE,AABB_CLEAR,214.6474,,214.6474,CLEAR,False,"[0.0, 0.0, 0.0, 0.0, 0.0, 0.0]"
DEPLOYED_NOMINAL,DEPLOYED,B51_REF_link6_LINKLOCAL,link6,Load_Spreading_Frame,ARM_MOUNT_INTERFACE,AABB_CLEAR,186.1637,,186.1637,CLEAR,False,"[0.0, 0.0, 0.0, 0.0, 0.0, 0.0]"
DEPLOYED_NOMINAL,DEPLOYED,B51_REF_link6_LINKLOCAL,link6,Longerons_4X,BUS_STRUCTURE,AABB_CLEAR,178.1637,,178.1637,CLEAR,False,"[0.0, 0.0, 0.0, 0.0, 0.0, 0.0]"
DEPLOYED_NOMINAL,DEPLOYED,B51_REF_link6_LINKLOCAL,link6,Maintenance_Access_Cover,BUS_STRUCTURE,AABB_CLEAR,191.1637,,191.1637,CLEAR,False,"[0.0, 0.0, 0.0, 0.0, 0.0, 0.0]"
DEPLOYED_NOMINAL,DEPLOYED,B51_REF_link6_LINKLOCAL,link6,Mid_Saddle,SADDLE_PLACEHOLDER,AABB_CLEAR,321.3985,,321.3985,CLEAR,False,"[0.0, 0.0, 0.0, 0.0, 0.0, 0.0]"
DEPLOYED_NOMINAL,DEPLOYED,B51_REF_link6_LINKLOCAL,link6,Mid_Transverse_Frame_,BUS_STRUCTURE,AABB_CLEAR,297.1637,,297.1637,CLEAR,False,"[0.0, 0.0, 0.0, 0.0, 0.0, 0.0]"
DEPLOYED_NOMINAL,DEPLOYED,B51_REF_link6_LINKLOCAL,link6,Rear_End_Frame,BUS_STRUCTURE,AABB_CLEAR,536.1637,,536.1637,CLEAR,False,"[0.0, 0.0, 0.0, 0.0, 0.0, 0.0]"
DEPLOYED_NOMINAL,DEPLOYED,B51_REF_link6_LINKLOCAL,link6,Release_Clearance_Envelope,REFERENCE_ONLY,AABB_CLEAR,446.3098,,446.3098,EXCLUDED_REFERENCE_ONLY_BODY,False,"[0.0, 0.0, 0.0, 0.0, 0.0, 0.0]"
DEPLOYED_NOMINAL,DEPLOYED,B51_REF_link6_LINKLOCAL,link6,Root_Base_Left,BUS_STRUCTURE,AABB_CLEAR,405.9852,,405.9852,CLEAR,False,"[0.0, 0.0, 0.0, 0.0, 0.0, 0.0]"
DEPLOYED_NOMINAL,DEPLOYED,B51_REF_link6_LINKLOCAL,link6,Root_Base_Right,BUS_STRUCTURE,AABB_CLEAR,424.4924,,424.4924,CLEAR,False,"[0.0, 0.0, 0.0, 0.0, 0.0, 0.0]"
DEPLOYED_NOMINAL,DEPLOYED,B51_REF_link6_LINKLOCAL,link6,Root_Node_Spine_Left,BUS_STRUCTURE,AABB_CLEAR,416.4178,,416.4178,CLEAR,False,"[0.0, 0.0, 0.0, 0.0, 0.0, 0.0]"
DEPLOYED_NOMINAL,DEPLOYED,B51_REF_link6_LINKLOCAL,link6,Root_Node_Spine_Right,BUS_STRUCTURE,AABB_CLEAR,433.7367,,433.7367,CLEAR,False,"[0.0, 0.0, 0.0, 0.0, 0.0, 0.0]"
DEPLOYED_NOMINAL,DEPLOYED,B51_REF_link6_LINKLOCAL,link6,Spacecraft_Flange,ARM_MOUNT_INTERFACE,AABB_CLEAR,175.1637,,175.1637,CLEAR,False,"[0.0, 0.0, 0.0, 0.0, 0.0, 0.0]"
DEPLOYED_NOMINAL,DEPLOYED,B51_REF_link6_LINKLOCAL,link6,Torsion_Spring_1_Left,BUS_STRUCTURE,AABB_CLEAR,442.9239,,442.9239,CLEAR,False,"[0.0, 0.0, 0.0, 0.0, 0.0, 0.0]"
DEPLOYED_NOMINAL,DEPLOYED,B51_REF_link6_LINKLOCAL,link6,Torsion_Spring_1_Right,BUS_STRUCTURE,AABB_CLEAR,465.0685,,465.0685,CLEAR,False,"[0.0, 0.0, 0.0, 0.0, 0.0, 0.0]"
DEPLOYED_NOMINAL,DEPLOYED,B51_REF_link6_LINKLOCAL,link6,Torsion_Spring_2_Left,BUS_STRUCTURE,AABB_CLEAR,397.7066,,397.7066,CLEAR,False,"[0.0, 0.0, 0.0, 0.0, 0.0, 0.0]"
DEPLOYED_NOMINAL,DEPLOYED,B51_REF_link6_LINKLOCAL,link6,Torsion_Spring_2_Right,BUS_STRUCTURE,AABB_CLEAR,422.2293,,422.2293,CLEAR,False,"[0.0, 0.0, 0.0, 0.0, 0.0, 0.0]"
DEPLOYED_NOMINAL,DEPLOYED,B51_REF_link6_LINKLOCAL,link6,WING_L_DEPLOYED,SOLAR_WING,AABB_CLEAR,317.249,,317.249,CLEAR,False,"[0.0, 0.0, 0.0, 0.0, 0.0, 0.0]"
DEPLOYED_NOMINAL,DEPLOYED,B51_REF_link6_LINKLOCAL,link6,WING_R_DEPLOYED,SOLAR_WING,AABB_CLEAR,340.6122,,340.6122,CLEAR,False,"[0.0, 0.0, 0.0, 0.0, 0.0, 0.0]"
DEPLOYED_NOMINAL,DEPLOYED,B51_REF_gripper_detail_LINKLOCAL,gripper_link,Adapter_Plate,ARM_MOUNT_INTERFACE,AABB_CLEAR,168.6094,,168.6094,CLEAR,False,"[0.0, 0.0, 0.0, 0.0, 0.0, 0.0]"
DEPLOYED_NOMINAL,DEPLOYED,B51_REF_gripper_detail_LINKLOCAL,gripper_link,Aft_Saddle,SADDLE_PLACEHOLDER,AABB_CLEAR,423.0032,,423.0032,CLEAR,False,"[0.0, 0.0, 0.0, 0.0, 0.0, 0.0]"
DEPLOYED_NOMINAL,DEPLOYED,B51_REF_gripper_detail_LINKLOCAL,gripper_link,Central_Boss,ARM_MOUNT_INTERFACE,AABB_CLEAR,163.7094,,163.7094,CLEAR,False,"[0.0, 0.0, 0.0, 0.0, 0.0, 0.0]"
DEPLOYED_NOMINAL,DEPLOYED,B51_REF_gripper_detail_LINKLOCAL,gripper_link,Deck_Front_Bay,BUS_STRUCTURE,AABB_CLEAR,253.607,,253.607,CLEAR,False,"[0.0, 0.0, 0.0, 0.0, 0.0, 0.0]"
DEPLOYED_NOMINAL,DEPLOYED,B51_REF_gripper_detail_LINKLOCAL,gripper_link,Deck_Mid_Bay,BUS_STRUCTURE,AABB_CLEAR,313.2124,,313.2124,CLEAR,False,"[0.0, 0.0, 0.0, 0.0, 0.0, 0.0]"
DEPLOYED_NOMINAL,DEPLOYED,B51_REF_gripper_detail_LINKLOCAL,gripper_link,Deck_Rear_Bay,BUS_STRUCTURE,AABB_CLEAR,433.5886,,433.5886,CLEAR,False,"[0.0, 0.0, 0.0, 0.0, 0.0, 0.0]"
DEPLOYED_NOMINAL,DEPLOYED,B51_REF_gripper_detail_LINKLOCAL,gripper_link,Front_End_Frame,BUS_STRUCTURE,AABB_CLEAR,182.4304,,182.4304,CLEAR,False,"[0.0, 0.0, 0.0, 0.0, 0.0, 0.0]"
DEPLOYED_NOMINAL,DEPLOYED,B51_REF_gripper_detail_LINKLOCAL,gripper_link,Front_Transverse_Frame,BUS_STRUCTURE,AABB_CLEAR,240.4304,,240.4304,CLEAR,False,"[0.0, 0.0, 0.0, 0.0, 0.0, 0.0]"
DEPLOYED_NOMINAL,DEPLOYED,B51_REF_gripper_detail_LINKLOCAL,gripper_link,Fwd_Saddle,SADDLE_PLACEHOLDER,AABB_CLEAR,282.4478,,282.4478,CLEAR,False,"[0.0, 0.0, 0.0, 0.0, 0.0, 0.0]"
DEPLOYED_NOMINAL,DEPLOYED,B51_REF_gripper_detail_LINKLOCAL,gripper_link,HDRM_Base_1_Left,BUS_STRUCTURE,AABB_CLEAR,513.4304,,513.4304,CLEAR,False,"[0.0, 0.0, 0.0, 0.0, 0.0, 0.0]"
DEPLOYED_NOMINAL,DEPLOYED,B51_REF_gripper_detail_LINKLOCAL,gripper_link,HDRM_Base_1_Right,BUS_STRUCTURE,AABB_CLEAR,522.0462,,522.0462,CLEAR,False,"[0.0, 0.0, 0.0, 0.0, 0.0, 0.0]"
DEPLOYED_NOMINAL,DEPLOYED,B51_REF_gripper_detail_LINKLOCAL,gripper_link,HDRM_Base_2_Left,BUS_STRUCTURE,AABB_CLEAR,313.4304,,313.4304,CLEAR,False,"[0.0, 0.0, 0.0, 0.0, 0.0, 0.0]"
DEPLOYED_NOMINAL,DEPLOYED,B51_REF_gripper_detail_LINKLOCAL,gripper_link,HDRM_Base_2_Right,BUS_STRUCTURE,AABB_CLEAR,327.3532,,327.3532,CLEAR,False,"[0.0, 0.0, 0.0, 0.0, 0.0, 0.0]"
DEPLOYED_NOMINAL,DEPLOYED,B51_REF_gripper_detail_LINKLOCAL,gripper_link,HDRM_Rod_1_Left,BUS_STRUCTURE,AABB_CLEAR,520.4304,,520.4304,CLEAR,False,"[0.0, 0.0, 0.0, 0.0, 0.0, 0.0]"
DEPLOYED_NOMINAL,DEPLOYED,B51_REF_gripper_detail_LINKLOCAL,gripper_link,HDRM_Rod_1_Right,BUS_STRUCTURE,AABB_CLEAR,530.4192,,530.4192,CLEAR,False,"[0.0, 0.0, 0.0, 0.0, 0.0, 0.0]"
DEPLOYED_NOMINAL,DEPLOYED,B51_REF_gripper_detail_LINKLOCAL,gripper_link,HDRM_Rod_2_Left,BUS_STRUCTURE,AABB_CLEAR,320.4304,,320.4304,CLEAR,False,"[0.0, 0.0, 0.0, 0.0, 0.0, 0.0]"
DEPLOYED_NOMINAL,DEPLOYED,B51_REF_gripper_detail_LINKLOCAL,gripper_link,HDRM_Rod_2_Right,BUS_STRUCTURE,AABB_CLEAR,336.4111,,336.4111,CLEAR,False,"[0.0, 0.0, 0.0, 0.0, 0.0, 0.0]"
DEPLOYED_NOMINAL,DEPLOYED,B51_REF_gripper_detail_LINKLOCAL,gripper_link,Hard_Stop_Left,BUS_STRUCTURE,AABB_CLEAR,440.9069,,440.9069,CLEAR,False,"[0.0, 0.0, 0.0, 0.0, 0.0, 0.0]"
DEPLOYED_NOMINAL,DEPLOYED,B51_REF_gripper_detail_LINKLOCAL,gripper_link,Hard_Stop_Right,BUS_STRUCTURE,AABB_CLEAR,452.654,,452.654,CLEAR,False,"[0.0, 0.0, 0.0, 0.0, 0.0, 0.0]"
DEPLOYED_NOMINAL,DEPLOYED,B51_REF_gripper_detail_LINKLOCAL,gripper_link,Harness_Passage,ARM_MOUNT_INTERFACE,AABB_CLEAR,195.2531,,195.2531,CLEAR,False,"[0.0, 0.0, 0.0, 0.0, 0.0, 0.0]"
DEPLOYED_NOMINAL,DEPLOYED,B51_REF_gripper_detail_LINKLOCAL,gripper_link,Harness_Service_Loop_Left,BUS_STRUCTURE,AABB_CLEAR,460.7641,,460.7641,CLEAR,False,"[0.0, 0.0, 0.0, 0.0, 0.0, 0.0]"
DEPLOYED_NOMINAL,DEPLOYED,B51_REF_gripper_detail_LINKLOCAL,gripper_link,Harness_Service_Loop_Right,BUS_STRUCTURE,AABB_CLEAR,470.3457,,470.3457,CLEAR,False,"[0.0, 0.0, 0.0, 0.0, 0.0, 0.0]"
DEPLOYED_NOMINAL,DEPLOYED,B51_REF_gripper_detail_LINKLOCAL,gripper_link,Hinge_Ear_1_Left,BUS_STRUCTURE,AABB_CLEAR,440.7689,,440.7689,CLEAR,False,"[0.0, 0.0, 0.0, 0.0, 0.0, 0.0]"
DEPLOYED_NOMINAL,DEPLOYED,B51_REF_gripper_detail_LINKLOCAL,gripper_link,Hinge_Ear_1_Right,BUS_STRUCTURE,AABB_CLEAR,452.5196,,452.5196,CLEAR,False,"[0.0, 0.0, 0.0, 0.0, 0.0, 0.0]"
DEPLOYED_NOMINAL,DEPLOYED,B51_REF_gripper_detail_LINKLOCAL,gripper_link,Hinge_Ear_2_Left,BUS_STRUCTURE,AABB_CLEAR,423.2089,,423.2089,CLEAR,False,"[0.0, 0.0, 0.0, 0.0, 0.0, 0.0]"
DEPLOYED_NOMINAL,DEPLOYED,B51_REF_gripper_detail_LINKLOCAL,gripper_link,Hinge_Ear_2_Right,BUS_STRUCTURE,AABB_CLEAR,435.4337,,435.4337,CLEAR,False,"[0.0, 0.0, 0.0, 0.0, 0.0, 0.0]"
DEPLOYED_NOMINAL,DEPLOYED,B51_REF_gripper_detail_LINKLOCAL,gripper_link,Hinge_Pin_Left,BUS_STRUCTURE,AABB_CLEAR,416.6192,,416.6192,CLEAR,False,"[0.0, 0.0, 0.0, 0.0, 0.0, 0.0]"
DEPLOYED_NOMINAL,DEPLOYED,B51_REF_gripper_detail_LINKLOCAL,gripper_link,Hinge_Pin_Right,BUS_STRUCTURE,AABB_CLEAR,433.6826,,433.6826,CLEAR,False,"[0.0, 0.0, 0.0, 0.0, 0.0, 0.0]"
DEPLOYED_NOMINAL,DEPLOYED,B51_REF_gripper_detail_LINKLOCAL,gripper_link,Launch_Lock_Interface_Reference,REFERENCE_ONLY,AABB_CLEAR,424.3944,,424.3944,EXCLUDED_REFERENCE_ONLY_BODY,False,"[0.0, 0.0, 0.0, 0.0, 0.0, 0.0]"
DEPLOYED_NOMINAL,DEPLOYED,B51_REF_gripper_detail_LINKLOCAL,gripper_link,Load_Bridge_Left,ARM_MOUNT_INTERFACE,AABB_CLEAR,212.1603,,212.1603,CLEAR,False,"[0.0, 0.0, 0.0, 0.0, 0.0, 0.0]"
DEPLOYED_NOMINAL,DEPLOYED,B51_REF_gripper_detail_LINKLOCAL,gripper_link,Load_Bridge_Right,ARM_MOUNT_INTERFACE,AABB_CLEAR,217.8138,,217.8138,CLEAR,False,"[0.0, 0.0, 0.0, 0.0, 0.0, 0.0]"
DEPLOYED_NOMINAL,DEPLOYED,B51_REF_gripper_detail_LINKLOCAL,gripper_link,Load_Spreading_Frame,ARM_MOUNT_INTERFACE,AABB_CLEAR,190.5502,,190.5502,CLEAR,False,"[0.0, 0.0, 0.0, 0.0, 0.0, 0.0]"
DEPLOYED_NOMINAL,DEPLOYED,B51_REF_gripper_detail_LINKLOCAL,gripper_link,Longerons_4X,BUS_STRUCTURE,AABB_CLEAR,182.4304,,182.4304,CLEAR,False,"[0.0, 0.0, 0.0, 0.0, 0.0, 0.0]"
DEPLOYED_NOMINAL,DEPLOYED,B51_REF_gripper_detail_LINKLOCAL,gripper_link,Maintenance_Access_Cover,BUS_STRUCTURE,AABB_CLEAR,195.4304,,195.4304,CLEAR,False,"[0.0, 0.0, 0.0, 0.0, 0.0, 0.0]"
DEPLOYED_NOMINAL,DEPLOYED,B51_REF_gripper_detail_LINKLOCAL,gripper_link,Mid_Saddle,SADDLE_PLACEHOLDER,AABB_CLEAR,340.3611,,340.3611,CLEAR,False,"[0.0, 0.0, 0.0, 0.0, 0.0, 0.0]"
DEPLOYED_NOMINAL,DEPLOYED,B51_REF_gripper_detail_LINKLOCAL,gripper_link,Mid_Transverse_Frame_,BUS_STRUCTURE,AABB_CLEAR,301.4304,,301.4304,CLEAR,False,"[0.0, 0.0, 0.0, 0.0, 0.0, 0.0]"
DEPLOYED_NOMINAL,DEPLOYED,B51_REF_gripper_detail_LINKLOCAL,gripper_link,Rear_End_Frame,BUS_STRUCTURE,AABB_CLEAR,540.4304,,540.4304,CLEAR,False,"[0.0, 0.0, 0.0, 0.0, 0.0, 0.0]"
DEPLOYED_NOMINAL,DEPLOYED,B51_REF_gripper_detail_LINKLOCAL,gripper_link,Release_Clearance_Envelope,REFERENCE_ONLY,AABB_CLEAR,468.79,,468.79,EXCLUDED_REFERENCE_ONLY_BODY,False,"[0.0, 0.0, 0.0, 0.0, 0.0, 0.0]"
DEPLOYED_NOMINAL,DEPLOYED,B51_REF_gripper_detail_LINKLOCAL,gripper_link,Root_Base_Left,BUS_STRUCTURE,AABB_CLEAR,412.8002,,412.8002,CLEAR,False,"[0.0, 0.0, 0.0, 0.0, 0.0, 0.0]"
DEPLOYED_NOMINAL,DEPLOYED,B51_REF_gripper_detail_LINKLOCAL,gripper_link,Root_Base_Right,BUS_STRUCTURE,AABB_CLEAR,423.4684,,423.4684,CLEAR,False,"[0.0, 0.0, 0.0, 0.0, 0.0, 0.0]"
DEPLOYED_NOMINAL,DEPLOYED,B51_REF_gripper_detail_LINKLOCAL,gripper_link,Root_Node_Spine_Left,BUS_STRUCTURE,AABB_CLEAR,421.1674,,421.1674,CLEAR,False,"[0.0, 0.0, 0.0, 0.0, 0.0, 0.0]"
DEPLOYED_NOMINAL,DEPLOYED,B51_REF_gripper_detail_LINKLOCAL,gripper_link,Root_Node_Spine_Right,BUS_STRUCTURE,AABB_CLEAR,430.9823,,430.9823,CLEAR,False,"[0.0, 0.0, 0.0, 0.0, 0.0, 0.0]"
DEPLOYED_NOMINAL,DEPLOYED,B51_REF_gripper_detail_LINKLOCAL,gripper_link,Spacecraft_Flange,ARM_MOUNT_INTERFACE,AABB_CLEAR,181.1505,,181.1505,CLEAR,False,"[0.0, 0.0, 0.0, 0.0, 0.0, 0.0]"
DEPLOYED_NOMINAL,DEPLOYED,B51_REF_gripper_detail_LINKLOCAL,gripper_link,Torsion_Spring_1_Left,BUS_STRUCTURE,AABB_CLEAR,449.9171,,449.9171,CLEAR,False,"[0.0, 0.0, 0.0, 0.0, 0.0, 0.0]"
DEPLOYED_NOMINAL,DEPLOYED,B51_REF_gripper_detail_LINKLOCAL,gripper_link,Torsion_Spring_1_Right,BUS_STRUCTURE,AABB_CLEAR,464.7439,,464.7439,CLEAR,False,"[0.0, 0.0, 0.0, 0.0, 0.0, 0.0]"
DEPLOYED_NOMINAL,DEPLOYED,B51_REF_gripper_detail_LINKLOCAL,gripper_link,Torsion_Spring_2_Left,BUS_STRUCTURE,AABB_CLEAR,404.9961,,404.9961,CLEAR,False,"[0.0, 0.0, 0.0, 0.0, 0.0, 0.0]"
DEPLOYED_NOMINAL,DEPLOYED,B51_REF_gripper_detail_LINKLOCAL,gripper_link,Torsion_Spring_2_Right,BUS_STRUCTURE,AABB_CLEAR,421.4063,,421.4063,CLEAR,False,"[0.0, 0.0, 0.0, 0.0, 0.0, 0.0]"
DEPLOYED_NOMINAL,DEPLOYED,B51_REF_gripper_detail_LINKLOCAL,gripper_link,WING_L_DEPLOYED,SOLAR_WING,AABB_CLEAR,327.5912,,327.5912,CLEAR,False,"[0.0, 0.0, 0.0, 0.0, 0.0, 0.0]"
DEPLOYED_NOMINAL,DEPLOYED,B51_REF_gripper_detail_LINKLOCAL,gripper_link,WING_R_DEPLOYED,SOLAR_WING,AABB_CLEAR,340.9362,,340.9362,CLEAR,False,"[0.0, 0.0, 0.0, 0.0, 0.0, 0.0]"
L_FAIL,STOWED,B51_REF_base_link_LINKLOCAL,base_link,Adapter_Plate,ARM_MOUNT_INTERFACE,AABB_CLEAR,12.405,,12.405,EXCLUDED_BOLTED_MOUNT_INTERFACE,False,"[145.572, -168.0, -57.0, -41.143, -20.954, -3.0]"
L_FAIL,STOWED,B51_REF_base_link_LINKLOCAL,base_link,Aft_Saddle,SADDLE_PLACEHOLDER,AABB_CLEAR,216.7609,,216.7609,CLEAR,False,"[145.572, -168.0, -57.0, -41.143, -20.954, -3.0]"
L_FAIL,STOWED,B51_REF_base_link_LINKLOCAL,base_link,Central_Boss,ARM_MOUNT_INTERFACE,MESH,2.405,2.7142,2.7142,EXCLUDED_BOLTED_MOUNT_INTERFACE,False,"[145.572, -168.0, -57.0, -41.143, -20.954, -3.0]"
L_FAIL,STOWED,B51_REF_base_link_LINKLOCAL,base_link,Deck_Front_Bay,BUS_STRUCTURE,AABB_CLEAR,91.405,,91.405,CLEAR,False,"[145.572, -168.0, -57.0, -41.143, -20.954, -3.0]"
L_FAIL,STOWED,B51_REF_base_link_LINKLOCAL,base_link,Deck_Mid_Bay,BUS_STRUCTURE,AABB_CLEAR,152.405,,152.405,CLEAR,False,"[145.572, -168.0, -57.0, -41.143, -20.954, -3.0]"
L_FAIL,STOWED,B51_REF_base_link_LINKLOCAL,base_link,Deck_Rear_Bay,BUS_STRUCTURE,AABB_CLEAR,274.405,,274.405,CLEAR,False,"[145.572, -168.0, -57.0, -41.143, -20.954, -3.0]"
L_FAIL,STOWED,B51_REF_base_link_LINKLOCAL,base_link,Front_End_Frame,BUS_STRUCTURE,AABB_CLEAR,27.405,,27.405,CLEAR,False,"[145.572, -168.0, -57.0, -41.143, -20.954, -3.0]"
L_FAIL,STOWED,B51_REF_base_link_LINKLOCAL,base_link,Front_Transverse_Frame,BUS_STRUCTURE,AABB_CLEAR,85.405,,85.405,CLEAR,False,"[145.572, -168.0, -57.0, -41.143, -20.954, -3.0]"
L_FAIL,STOWED,B51_REF_base_link_LINKLOCAL,base_link,Fwd_Saddle,SADDLE_PLACEHOLDER,AABB_CLEAR,60.328,,60.328,CLEAR,False,"[145.572, -168.0, -57.0, -41.143, -20.954, -3.0]"
L_FAIL,STOWED,B51_REF_base_link_LINKLOCAL,base_link,HDRM_Base_1_Left,BUS_STRUCTURE,AABB_CLEAR,363.1471,,363.1471,CLEAR,False,"[145.572, -168.0, -57.0, -41.143, -20.954, -3.0]"
L_FAIL,STOWED,B51_REF_base_link_LINKLOCAL,base_link,HDRM_Base_1_Right,BUS_STRUCTURE,AABB_CLEAR,363.1517,,363.1517,CLEAR,False,"[145.572, -168.0, -57.0, -41.143, -20.954, -3.0]"
L_FAIL,STOWED,B51_REF_base_link_LINKLOCAL,base_link,HDRM_Base_2_Left,BUS_STRUCTURE,AABB_CLEAR,168.8604,,168.8604,CLEAR,False,"[145.572, -168.0, -57.0, -41.143, -20.954, -3.0]"
L_FAIL,STOWED,B51_REF_base_link_LINKLOCAL,base_link,HDRM_Base_2_Right,BUS_STRUCTURE,AABB_CLEAR,168.8702,,168.8702,CLEAR,False,"[145.572, -168.0, -57.0, -41.143, -20.954, -3.0]"
L_FAIL,STOWED,B51_REF_base_link_LINKLOCAL,base_link,HDRM_Rod_1_Left,BUS_STRUCTURE,AABB_CLEAR,371.8367,,371.8367,CLEAR,False,"[145.572, -168.0, -57.0, -41.143, -20.954, -3.0]"
L_FAIL,STOWED,B51_REF_base_link_LINKLOCAL,base_link,HDRM_Rod_1_Right,BUS_STRUCTURE,AABB_CLEAR,371.8418,,371.8418,CLEAR,False,"[145.572, -168.0, -57.0, -41.143, -20.954, -3.0]"
L_FAIL,STOWED,B51_REF_base_link_LINKLOCAL,base_link,HDRM_Rod_2_Left,BUS_STRUCTURE,AABB_CLEAR,179.1662,,179.1662,CLEAR,False,"[145.572, -168.0, -57.0, -41.143, -20.954, -3.0]"
L_FAIL,STOWED,B51_REF_base_link_LINKLOCAL,base_link,HDRM_Rod_2_Right,BUS_STRUCTURE,AABB_CLEAR,179.1769,,179.1769,CLEAR,False,"[145.572, -168.0, -57.0, -41.143, -20.954, -3.0]"
L_FAIL,STOWED,B51_REF_base_link_LINKLOCAL,base_link,Hard_Stop_Left,BUS_STRUCTURE,AABB_CLEAR,275.0303,,275.0303,CLEAR,False,"[145.572, -168.0, -57.0, -41.143, -20.954, -3.0]"
L_FAIL,STOWED,B51_REF_base_link_LINKLOCAL,base_link,Hard_Stop_Right,BUS_STRUCTURE,AABB_CLEAR,275.0373,,275.0373,CLEAR,False,"[145.572, -168.0, -57.0, -41.143, -20.954, -3.0]"
L_FAIL,STOWED,B51_REF_base_link_LINKLOCAL,base_link,Harness_Passage,ARM_MOUNT_INTERFACE,AABB_CLEAR,39.405,,39.405,EXCLUDED_BOLTED_MOUNT_INTERFACE,False,"[145.572, -168.0, -57.0, -41.143, -20.954, -3.0]"
L_FAIL,STOWED,B51_REF_base_link_LINKLOCAL,base_link,Harness_Service_Loop_Left,BUS_STRUCTURE,AABB_CLEAR,304.873,,304.873,CLEAR,False,"[145.572, -168.0, -57.0, -41.143, -20.954, -3.0]"
L_FAIL,STOWED,B51_REF_base_link_LINKLOCAL,base_link,Harness_Service_Loop_Right,BUS_STRUCTURE,AABB_CLEAR,304.8784,,304.8784,CLEAR,False,"[145.572, -168.0, -57.0, -41.143, -20.954, -3.0]"
L_FAIL,STOWED,B51_REF_base_link_LINKLOCAL,base_link,Hinge_Ear_1_Left,BUS_STRUCTURE,AABB_CLEAR,281.8658,,281.8658,CLEAR,False,"[145.572, -168.0, -57.0, -41.143, -20.954, -3.0]"
L_FAIL,STOWED,B51_REF_base_link_LINKLOCAL,base_link,Hinge_Ear_1_Right,BUS_STRUCTURE,AABB_CLEAR,281.8726,,281.8726,CLEAR,False,"[145.572, -168.0, -57.0, -41.143, -20.954, -3.0]"
L_FAIL,STOWED,B51_REF_base_link_LINKLOCAL,base_link,Hinge_Ear_2_Left,BUS_STRUCTURE,AABB_CLEAR,264.3062,,264.3062,CLEAR,False,"[145.572, -168.0, -57.0, -41.143, -20.954, -3.0]"
L_FAIL,STOWED,B51_REF_base_link_LINKLOCAL,base_link,Hinge_Ear_2_Right,BUS_STRUCTURE,AABB_CLEAR,264.3134,,264.3134,CLEAR,False,"[145.572, -168.0, -57.0, -41.143, -20.954, -3.0]"
L_FAIL,STOWED,B51_REF_base_link_LINKLOCAL,base_link,Hinge_Pin_Left,BUS_STRUCTURE,AABB_CLEAR,262.2731,,262.2731,CLEAR,False,"[145.572, -168.0, -57.0, -41.143, -20.954, -3.0]"
L_FAIL,STOWED,B51_REF_base_link_LINKLOCAL,base_link,Hinge_Pin_Right,BUS_STRUCTURE,AABB_CLEAR,262.2826,,262.2826,CLEAR,False,"[145.572, -168.0, -57.0, -41.143, -20.954, -3.0]"
L_FAIL,STOWED,B51_REF_base_link_LINKLOCAL,base_link,Launch_Lock_Interface_Reference,REFERENCE_ONLY,AABB_CLEAR,212.5956,,212.5956,EXCLUDED_REFERENCE_ONLY_BODY,False,"[145.572, -168.0, -57.0, -41.143, -20.954, -3.0]"
L_FAIL,STOWED,B51_REF_base_link_LINKLOCAL,base_link,Load_Bridge_Left,ARM_MOUNT_INTERFACE,AABB_CLEAR,39.9965,,39.9965,EXCLUDED_BOLTED_MOUNT_INTERFACE,False,"[145.572, -168.0, -57.0, -41.143, -20.954, -3.0]"
L_FAIL,STOWED,B51_REF_base_link_LINKLOCAL,base_link,Load_Bridge_Right,ARM_MOUNT_INTERFACE,AABB_CLEAR,40.002,,40.002,EXCLUDED_BOLTED_MOUNT_INTERFACE,False,"[145.572, -168.0, -57.0, -41.143, -20.954, -3.0]"
L_FAIL,STOWED,B51_REF_base_link_LINKLOCAL,base_link,Load_Spreading_Frame,ARM_MOUNT_INTERFACE,AABB_CLEAR,35.405,,35.405,EXCLUDED_BOLTED_MOUNT_INTERFACE,False,"[145.572, -168.0, -57.0, -41.143, -20.954, -3.0]"
L_FAIL,STOWED,B51_REF_base_link_LINKLOCAL,base_link,Longerons_4X,BUS_STRUCTURE,AABB_CLEAR,27.405,,27.405,CLEAR,False,"[145.572, -168.0, -57.0, -41.143, -20.954, -3.0]"
L_FAIL,STOWED,B51_REF_base_link_LINKLOCAL,base_link,Maintenance_Access_Cover,BUS_STRUCTURE,AABB_CLEAR,61.1753,,61.1753,CLEAR,False,"[145.572, -168.0, -57.0, -41.143, -20.954, -3.0]"
L_FAIL,STOWED,B51_REF_base_link_LINKLOCAL,base_link,Mid_Saddle,SADDLE_PLACEHOLDER,AABB_CLEAR,122.083,,122.083,CLEAR,False,"[145.572, -168.0, -57.0, -41.143, -20.954, -3.0]"
L_FAIL,STOWED,B51_REF_base_link_LINKLOCAL,base_link,Mid_Transverse_Frame_,BUS_STRUCTURE,AABB_CLEAR,146.405,,146.405,CLEAR,False,"[145.572, -168.0, -57.0, -41.143, -20.954, -3.0]"
L_FAIL,STOWED,B51_REF_base_link_LINKLOCAL,base_link,Rear_End_Frame,BUS_STRUCTURE,AABB_CLEAR,385.405,,385.405,CLEAR,False,"[145.572, -168.0, -57.0, -41.143, -20.954, -3.0]"
L_FAIL,STOWED,B51_REF_base_link_LINKLOCAL,base_link,Release_Clearance_Envelope,REFERENCE_ONLY,AABB_CLEAR,246.8543,,246.8543,EXCLUDED_REFERENCE_ONLY_BODY,False,"[145.572, -168.0, -57.0, -41.143, -20.954, -3.0]"
L_FAIL,STOWED,B51_REF_base_link_LINKLOCAL,base_link,Root_Base_Left,BUS_STRUCTURE,AABB_CLEAR,258.686,,258.686,CLEAR,False,"[145.572, -168.0, -57.0, -41.143, -20.954, -3.0]"
L_FAIL,STOWED,B51_REF_base_link_LINKLOCAL,base_link,Root_Base_Right,BUS_STRUCTURE,AABB_CLEAR,258.6924,,258.6924,CLEAR,False,"[145.572, -168.0, -57.0, -41.143, -20.954, -3.0]"
L_FAIL,STOWED,B51_REF_base_link_LINKLOCAL,base_link,Root_Node_Spine_Left,BUS_STRUCTURE,AABB_CLEAR,269.891,,269.891,CLEAR,False,"[145.572, -168.0, -57.0, -41.143, -20.954, -3.0]"
L_FAIL,STOWED,B51_REF_base_link_LINKLOCAL,base_link,Root_Node_Spine_Right,BUS_STRUCTURE,AABB_CLEAR,269.8968,,269.8968,CLEAR,False,"[145.572, -168.0, -57.0, -41.143, -20.954, -3.0]"
L_FAIL,STOWED,B51_REF_base_link_LINKLOCAL,base_link,Spacecraft_Flange,ARM_MOUNT_INTERFACE,AABB_CLEAR,24.405,,24.405,EXCLUDED_BOLTED_MOUNT_INTERFACE,False,"[145.572, -168.0, -57.0, -41.143, -20.954, -3.0]"
L_FAIL,STOWED,B51_REF_base_link_LINKLOCAL,base_link,Torsion_Spring_1_Left,BUS_STRUCTURE,AABB_CLEAR,294.8432,,294.8432,CLEAR,False,"[145.572, -168.0, -57.0, -41.143, -20.954, -3.0]"
L_FAIL,STOWED,B51_REF_base_link_LINKLOCAL,base_link,Torsion_Spring_1_Right,BUS_STRUCTURE,AABB_CLEAR,294.8512,,294.8512,CLEAR,False,"[145.572, -168.0, -57.0, -41.143, -20.954, -3.0]"
L_FAIL,STOWED,B51_REF_base_link_LINKLOCAL,base_link,Torsion_Spring_2_Left,BUS_STRUCTURE,AABB_CLEAR,250.5818,,250.5818,CLEAR,False,"[145.572, -168.0, -57.0, -41.143, -20.954, -3.0]"
L_FAIL,STOWED,B51_REF_base_link_LINKLOCAL,base_link,Torsion_Spring_2_Right,BUS_STRUCTURE,AABB_CLEAR,250.5913,,250.5913,CLEAR,False,"[145.572, -168.0, -57.0, -41.143, -20.954, -3.0]"
L_FAIL,STOWED,B51_REF_base_link_LINKLOCAL,base_link,WING_L_STOWED,SOLAR_WING,AABB_CLEAR,166.2478,,166.2478,CLEAR,False,"[145.572, -168.0, -57.0, -41.143, -20.954, -3.0]"
L_FAIL,STOWED,B51_REF_base_link_LINKLOCAL,base_link,WING_R_DEPLOYED,SOLAR_WING,AABB_CLEAR,166.2578,,166.2578,CLEAR,False,"[145.572, -168.0, -57.0, -41.143, -20.954, -3.0]"
L_FAIL,STOWED,B51_REF_link1_LINKLOCAL,link1,Adapter_Plate,ARM_MOUNT_INTERFACE,AABB_CLEAR,84.05,,84.05,CLEAR,False,"[145.572, -168.0, -57.0, -41.143, -20.954, -3.0]"
L_FAIL,STOWED,B51_REF_link1_LINKLOCAL,link1,Aft_Saddle,SADDLE_PLACEHOLDER,AABB_CLEAR,283.8346,,283.8346,CLEAR,False,"[145.572, -168.0, -57.0, -41.143, -20.954, -3.0]"
L_FAIL,STOWED,B51_REF_link1_LINKLOCAL,link1,Central_Boss,ARM_MOUNT_INTERFACE,AABB_CLEAR,74.05,,74.05,CLEAR,False,"[145.572, -168.0, -57.0, -41.143, -20.954, -3.0]"
L_FAIL,STOWED,B51_REF_link1_LINKLOCAL,link1,Deck_Front_Bay,BUS_STRUCTURE,AABB_CLEAR,163.05,,163.05,CLEAR,False,"[145.572, -168.0, -57.0, -41.143, -20.954, -3.0]"
L_FAIL,STOWED,B51_REF_link1_LINKLOCAL,link1,Deck_Mid_Bay,BUS_STRUCTURE,AABB_CLEAR,224.05,,224.05,CLEAR,False,"[145.572, -168.0, -57.0, -41.143, -20.954, -3.0]"
L_FAIL,STOWED,B51_REF_link1_LINKLOCAL,link1,Deck_Rear_Bay,BUS_STRUCTURE,AABB_CLEAR,346.05,,346.05,CLEAR,False,"[145.572, -168.0, -57.0, -41.143, -20.954, -3.0]"
L_FAIL,STOWED,B51_REF_link1_LINKLOCAL,link1,Front_End_Frame,BUS_STRUCTURE,AABB_CLEAR,99.05,,99.05,CLEAR,False,"[145.572, -168.0, -57.0, -41.143, -20.954, -3.0]"
L_FAIL,STOWED,B51_REF_link1_LINKLOCAL,link1,Front_Transverse_Frame,BUS_STRUCTURE,AABB_CLEAR,157.05,,157.05,CLEAR,False,"[145.572, -168.0, -57.0, -41.143, -20.954, -3.0]"
L_FAIL,STOWED,B51_REF_link1_LINKLOCAL,link1,Fwd_Saddle,SADDLE_PLACEHOLDER,AABB_CLEAR,106.8835,,106.8835,CLEAR,False,"[145.572, -168.0, -57.0, -41.143, -20.954, -3.0]"
L_FAIL,STOWED,B51_REF_link1_LINKLOCAL,link1,HDRM_Base_1_Left,BUS_STRUCTURE,AABB_CLEAR,432.2893,,432.2893,CLEAR,False,"[145.572, -168.0, -57.0, -41.143, -20.954, -3.0]"
L_FAIL,STOWED,B51_REF_link1_LINKLOCAL,link1,HDRM_Base_1_Right,BUS_STRUCTURE,AABB_CLEAR,432.541,,432.541,CLEAR,False,"[145.572, -168.0, -57.0, -41.143, -20.954, -3.0]"
L_FAIL,STOWED,B51_REF_link1_LINKLOCAL,link1,HDRM_Base_2_Left,BUS_STRUCTURE,AABB_CLEAR,234.2094,,234.2094,CLEAR,False,"[145.572, -168.0, -57.0, -41.143, -20.954, -3.0]"
L_FAIL,STOWED,B51_REF_link1_LINKLOCAL,link1,HDRM_Base_2_Right,BUS_STRUCTURE,AABB_CLEAR,234.6736,,234.6736,CLEAR,False,"[145.572, -168.0, -57.0, -41.143, -20.954, -3.0]"
L_FAIL,STOWED,B51_REF_link1_LINKLOCAL,link1,HDRM_Rod_1_Left,BUS_STRUCTURE,AABB_CLEAR,440.4221,,440.4221,CLEAR,False,"[145.572, -168.0, -57.0, -41.143, -20.954, -3.0]"
L_FAIL,STOWED,B51_REF_link1_LINKLOCAL,link1,HDRM_Rod_1_Right,BUS_STRUCTURE,AABB_CLEAR,440.719,,440.719,CLEAR,False,"[145.572, -168.0, -57.0, -41.143, -20.954, -3.0]"
L_FAIL,STOWED,B51_REF_link1_LINKLOCAL,link1,HDRM_Rod_2_Left,BUS_STRUCTURE,AABB_CLEAR,243.2111,,243.2111,CLEAR,False,"[145.572, -168.0, -57.0, -41.143, -20.954, -3.0]"
L_FAIL,STOWED,B51_REF_link1_LINKLOCAL,link1,HDRM_Rod_2_Right,BUS_STRUCTURE,AABB_CLEAR,243.7483,,243.7483,CLEAR,False,"[145.572, -168.0, -57.0, -41.143, -20.954, -3.0]"
L_FAIL,STOWED,B51_REF_link1_LINKLOCAL,link1,Hard_Stop_Left,BUS_STRUCTURE,AABB_CLEAR,343.1802,,343.1802,CLEAR,False,"[145.572, -168.0, -57.0, -41.143, -20.954, -3.0]"
L_FAIL,STOWED,B51_REF_link1_LINKLOCAL,link1,Hard_Stop_Right,BUS_STRUCTURE,AABB_CLEAR,343.5611,,343.5611,CLEAR,False,"[145.572, -168.0, -57.0, -41.143, -20.954, -3.0]"
L_FAIL,STOWED,B51_REF_link1_LINKLOCAL,link1,Harness_Passage,ARM_MOUNT_INTERFACE,AABB_CLEAR,111.05,,111.05,CLEAR,False,"[145.572, -168.0, -57.0, -41.143, -20.954, -3.0]"
L_FAIL,STOWED,B51_REF_link1_LINKLOCAL,link1,Harness_Service_Loop_Left,BUS_STRUCTURE,AABB_CLEAR,374.0106,,374.0106,CLEAR,False,"[145.572, -168.0, -57.0, -41.143, -20.954, -3.0]"
L_FAIL,STOWED,B51_REF_link1_LINKLOCAL,link1,Harness_Service_Loop_Right,BUS_STRUCTURE,AABB_CLEAR,374.3014,,374.3014,CLEAR,False,"[145.572, -168.0, -57.0, -41.143, -20.954, -3.0]"
L_FAIL,STOWED,B51_REF_link1_LINKLOCAL,link1,Hinge_Ear_1_Left,BUS_STRUCTURE,AABB_CLEAR,350.1176,,350.1176,CLEAR,False,"[145.572, -168.0, -57.0, -41.143, -20.954, -3.0]"
L_FAIL,STOWED,B51_REF_link1_LINKLOCAL,link1,Hinge_Ear_1_Right,BUS_STRUCTURE,AABB_CLEAR,350.491,,350.491,CLEAR,False,"[145.572, -168.0, -57.0, -41.143, -20.954, -3.0]"
L_FAIL,STOWED,B51_REF_link1_LINKLOCAL,link1,Hinge_Ear_2_Left,BUS_STRUCTURE,AABB_CLEAR,332.2839,,332.2839,CLEAR,False,"[145.572, -168.0, -57.0, -41.143, -20.954, -3.0]"
L_FAIL,STOWED,B51_REF_link1_LINKLOCAL,link1,Hinge_Ear_2_Right,BUS_STRUCTURE,AABB_CLEAR,332.6772,,332.6772,CLEAR,False,"[145.572, -168.0, -57.0, -41.143, -20.954, -3.0]"
L_FAIL,STOWED,B51_REF_link1_LINKLOCAL,link1,Hinge_Pin_Left,BUS_STRUCTURE,AABB_CLEAR,328.3957,,328.3957,CLEAR,False,"[145.572, -168.0, -57.0, -41.143, -20.954, -3.0]"
L_FAIL,STOWED,B51_REF_link1_LINKLOCAL,link1,Hinge_Pin_Right,BUS_STRUCTURE,AABB_CLEAR,328.944,,328.944,CLEAR,False,"[145.572, -168.0, -57.0, -41.143, -20.954, -3.0]"
L_FAIL,STOWED,B51_REF_link1_LINKLOCAL,link1,Launch_Lock_Interface_Reference,REFERENCE_ONLY,AABB_CLEAR,276.7209,,276.7209,EXCLUDED_REFERENCE_ONLY_BODY,False,"[145.572, -168.0, -57.0, -41.143, -20.954, -3.0]"
L_FAIL,STOWED,B51_REF_link1_LINKLOCAL,link1,Load_Bridge_Left,ARM_MOUNT_INTERFACE,AABB_CLEAR,111.05,,111.05,CLEAR,False,"[145.572, -168.0, -57.0, -41.143, -20.954, -3.0]"
L_FAIL,STOWED,B51_REF_link1_LINKLOCAL,link1,Load_Bridge_Right,ARM_MOUNT_INTERFACE,AABB_CLEAR,111.05,,111.05,CLEAR,False,"[145.572, -168.0, -57.0, -41.143, -20.954, -3.0]"
L_FAIL,STOWED,B51_REF_link1_LINKLOCAL,link1,Load_Spreading_Frame,ARM_MOUNT_INTERFACE,AABB_CLEAR,107.05,,107.05,CLEAR,False,"[145.572, -168.0, -57.0, -41.143, -20.954, -3.0]"
L_FAIL,STOWED,B51_REF_link1_LINKLOCAL,link1,Longerons_4X,BUS_STRUCTURE,AABB_CLEAR,99.05,,99.05,CLEAR,False,"[145.572, -168.0, -57.0, -41.143, -20.954, -3.0]"
L_FAIL,STOWED,B51_REF_link1_LINKLOCAL,link1,Maintenance_Access_Cover,BUS_STRUCTURE,AABB_CLEAR,119.2438,,119.2438,CLEAR,False,"[145.572, -168.0, -57.0, -41.143, -20.954, -3.0]"
L_FAIL,STOWED,B51_REF_link1_LINKLOCAL,link1,Mid_Saddle,SADDLE_PLACEHOLDER,AABB_CLEAR,184.8028,,184.8028,CLEAR,False,"[145.572, -168.0, -57.0, -41.143, -20.954, -3.0]"
L_FAIL,STOWED,B51_REF_link1_LINKLOCAL,link1,Mid_Transverse_Frame_,BUS_STRUCTURE,AABB_CLEAR,218.05,,218.05,CLEAR,False,"[145.572, -168.0, -57.0, -41.143, -20.954, -3.0]"
L_FAIL,STOWED,B51_REF_link1_LINKLOCAL,link1,Rear_End_Frame,BUS_STRUCTURE,AABB_CLEAR,457.05,,457.05,CLEAR,False,"[145.572, -168.0, -57.0, -41.143, -20.954, -3.0]"
L_FAIL,STOWED,B51_REF_link1_LINKLOCAL,link1,Release_Clearance_Envelope,REFERENCE_ONLY,AABB_CLEAR,279.9064,,279.9064,EXCLUDED_REFERENCE_ONLY_BODY,False,"[145.572, -168.0, -57.0, -41.143, -20.954, -3.0]"
L_FAIL,STOWED,B51_REF_link1_LINKLOCAL,link1,Root_Base_Left,BUS_STRUCTURE,AABB_CLEAR,327.2923,,327.2923,CLEAR,False,"[145.572, -168.0, -57.0, -41.143, -20.954, -3.0]"
L_FAIL,STOWED,B51_REF_link1_LINKLOCAL,link1,Root_Base_Right,BUS_STRUCTURE,AABB_CLEAR,327.6246,,327.6246,CLEAR,False,"[145.572, -168.0, -57.0, -41.143, -20.954, -3.0]"
L_FAIL,STOWED,B51_REF_link1_LINKLOCAL,link1,Root_Node_Spine_Left,BUS_STRUCTURE,AABB_CLEAR,338.8878,,338.8878,CLEAR,False,"[145.572, -168.0, -57.0, -41.143, -20.954, -3.0]"
L_FAIL,STOWED,B51_REF_link1_LINKLOCAL,link1,Root_Node_Spine_Right,BUS_STRUCTURE,AABB_CLEAR,339.1845,,339.1845,CLEAR,False,"[145.572, -168.0, -57.0, -41.143, -20.954, -3.0]"
L_FAIL,STOWED,B51_REF_link1_LINKLOCAL,link1,Spacecraft_Flange,ARM_MOUNT_INTERFACE,AABB_CLEAR,96.05,,96.05,CLEAR,False,"[145.572, -168.0, -57.0, -41.143, -20.954, -3.0]"
L_FAIL,STOWED,B51_REF_link1_LINKLOCAL,link1,Torsion_Spring_1_Left,BUS_STRUCTURE,AABB_CLEAR,362.097,,362.097,CLEAR,False,"[145.572, -168.0, -57.0, -41.143, -20.954, -3.0]"
L_FAIL,STOWED,B51_REF_link1_LINKLOCAL,link1,Torsion_Spring_1_Right,BUS_STRUCTURE,AABB_CLEAR,362.5641,,362.5641,CLEAR,False,"[145.572, -168.0, -57.0, -41.143, -20.954, -3.0]"
L_FAIL,STOWED,B51_REF_link1_LINKLOCAL,link1,Torsion_Spring_2_Left,BUS_STRUCTURE,AABB_CLEAR,316.8306,,316.8306,CLEAR,False,"[145.572, -168.0, -57.0, -41.143, -20.954, -3.0]"
L_FAIL,STOWED,B51_REF_link1_LINKLOCAL,link1,Torsion_Spring_2_Right,BUS_STRUCTURE,AABB_CLEAR,317.3643,,317.3643,CLEAR,False,"[145.572, -168.0, -57.0, -41.143, -20.954, -3.0]"
L_FAIL,STOWED,B51_REF_link1_LINKLOCAL,link1,WING_L_STOWED,SOLAR_WING,AABB_CLEAR,232.7143,,232.7143,CLEAR,False,"[145.572, -168.0, -57.0, -41.143, -20.954, -3.0]"
L_FAIL,STOWED,B51_REF_link1_LINKLOCAL,link1,WING_R_DEPLOYED,SOLAR_WING,AABB_CLEAR,233.1814,,233.1814,CLEAR,False,"[145.572, -168.0, -57.0, -41.143, -20.954, -3.0]"
L_FAIL,STOWED,B51_REF_link2_LINKLOCAL,link2,Adapter_Plate,ARM_MOUNT_INTERFACE,AABB_CLEAR,121.6134,,121.6134,CLEAR,False,"[145.572, -168.0, -57.0, -41.143, -20.954, -3.0]"
L_FAIL,STOWED,B51_REF_link2_LINKLOCAL,link2,Aft_Saddle,SADDLE_PLACEHOLDER,AABB_CLEAR,319.6134,,319.6134,CLEAR,False,"[145.572, -168.0, -57.0, -41.143, -20.954, -3.0]"
L_FAIL,STOWED,B51_REF_link2_LINKLOCAL,link2,Central_Boss,ARM_MOUNT_INTERFACE,AABB_CLEAR,111.6134,,111.6134,CLEAR,False,"[145.572, -168.0, -57.0, -41.143, -20.954, -3.0]"
L_FAIL,STOWED,B51_REF_link2_LINKLOCAL,link2,Deck_Front_Bay,BUS_STRUCTURE,AABB_CLEAR,200.6134,,200.6134,CLEAR,False,"[145.572, -168.0, -57.0, -41.143, -20.954, -3.0]"
L_FAIL,STOWED,B51_REF_link2_LINKLOCAL,link2,Deck_Mid_Bay,BUS_STRUCTURE,AABB_CLEAR,261.6134,,261.6134,CLEAR,False,"[145.572, -168.0, -57.0, -41.143, -20.954, -3.0]"
L_FAIL,STOWED,B51_REF_link2_LINKLOCAL,link2,Deck_Rear_Bay,BUS_STRUCTURE,AABB_CLEAR,383.6134,,383.6134,CLEAR,False,"[145.572, -168.0, -57.0, -41.143, -20.954, -3.0]"
L_FAIL,STOWED,B51_REF_link2_LINKLOCAL,link2,Front_End_Frame,BUS_STRUCTURE,AABB_CLEAR,136.6134,,136.6134,CLEAR,False,"[145.572, -168.0, -57.0, -41.143, -20.954, -3.0]"
L_FAIL,STOWED,B51_REF_link2_LINKLOCAL,link2,Front_Transverse_Frame,BUS_STRUCTURE,AABB_CLEAR,194.6134,,194.6134,CLEAR,False,"[145.572, -168.0, -57.0, -41.143, -20.954, -3.0]"
L_FAIL,STOWED,B51_REF_link2_LINKLOCAL,link2,Fwd_Saddle,SADDLE_PLACEHOLDER,AABB_CLEAR,139.6134,,139.6134,CLEAR,False,"[145.572, -168.0, -57.0, -41.143, -20.954, -3.0]"
L_FAIL,STOWED,B51_REF_link2_LINKLOCAL,link2,HDRM_Base_1_Left,BUS_STRUCTURE,AABB_CLEAR,470.4109,,470.4109,CLEAR,False,"[145.572, -168.0, -57.0, -41.143, -20.954, -3.0]"
L_FAIL,STOWED,B51_REF_link2_LINKLOCAL,link2,HDRM_Base_1_Right,BUS_STRUCTURE,AABB_CLEAR,470.4109,,470.4109,CLEAR,False,"[145.572, -168.0, -57.0, -41.143, -20.954, -3.0]"
L_FAIL,STOWED,B51_REF_link2_LINKLOCAL,link2,HDRM_Base_2_Left,BUS_STRUCTURE,AABB_CLEAR,272.4721,,272.4721,CLEAR,False,"[145.572, -168.0, -57.0, -41.143, -20.954, -3.0]"
L_FAIL,STOWED,B51_REF_link2_LINKLOCAL,link2,HDRM_Base_2_Right,BUS_STRUCTURE,AABB_CLEAR,272.4721,,272.4721,CLEAR,False,"[145.572, -168.0, -57.0, -41.143, -20.954, -3.0]"
L_FAIL,STOWED,B51_REF_link2_LINKLOCAL,link2,HDRM_Rod_1_Left,BUS_STRUCTURE,AABB_CLEAR,478.1717,,478.1717,CLEAR,False,"[145.572, -168.0, -57.0, -41.143, -20.954, -3.0]"
L_FAIL,STOWED,B51_REF_link2_LINKLOCAL,link2,HDRM_Rod_1_Right,BUS_STRUCTURE,AABB_CLEAR,478.1717,,478.1717,CLEAR,False,"[145.572, -168.0, -57.0, -41.143, -20.954, -3.0]"
L_FAIL,STOWED,B51_REF_link2_LINKLOCAL,link2,HDRM_Rod_2_Left,BUS_STRUCTURE,AABB_CLEAR,280.7183,,280.7183,CLEAR,False,"[145.572, -168.0, -57.0, -41.143, -20.954, -3.0]"
L_FAIL,STOWED,B51_REF_link2_LINKLOCAL,link2,HDRM_Rod_2_Right,BUS_STRUCTURE,AABB_CLEAR,280.7183,,280.7183,CLEAR,False,"[145.572, -168.0, -57.0, -41.143, -20.954, -3.0]"
L_FAIL,STOWED,B51_REF_link2_LINKLOCAL,link2,Hard_Stop_Left,BUS_STRUCTURE,AABB_CLEAR,377.6134,,377.6134,CLEAR,False,"[145.572, -168.0, -57.0, -41.143, -20.954, -3.0]"
L_FAIL,STOWED,B51_REF_link2_LINKLOCAL,link2,Hard_Stop_Right,BUS_STRUCTURE,AABB_CLEAR,377.6134,,377.6134,CLEAR,False,"[145.572, -168.0, -57.0, -41.143, -20.954, -3.0]"
L_FAIL,STOWED,B51_REF_link2_LINKLOCAL,link2,Harness_Passage,ARM_MOUNT_INTERFACE,AABB_CLEAR,150.1216,,150.1216,CLEAR,False,"[145.572, -168.0, -57.0, -41.143, -20.954, -3.0]"
L_FAIL,STOWED,B51_REF_link2_LINKLOCAL,link2,Harness_Service_Loop_Left,BUS_STRUCTURE,AABB_CLEAR,409.6134,,409.6134,CLEAR,False,"[145.572, -168.0, -57.0, -41.143, -20.954, -3.0]"
L_FAIL,STOWED,B51_REF_link2_LINKLOCAL,link2,Harness_Service_Loop_Right,BUS_STRUCTURE,AABB_CLEAR,409.6134,,409.6134,CLEAR,False,"[145.572, -168.0, -57.0, -41.143, -20.954, -3.0]"
L_FAIL,STOWED,B51_REF_link2_LINKLOCAL,link2,Hinge_Ear_1_Left,BUS_STRUCTURE,AABB_CLEAR,384.6134,,384.6134,CLEAR,False,"[145.572, -168.0, -57.0, -41.143, -20.954, -3.0]"
L_FAIL,STOWED,B51_REF_link2_LINKLOCAL,link2,Hinge_Ear_1_Right,BUS_STRUCTURE,AABB_CLEAR,384.6134,,384.6134,CLEAR,False,"[145.572, -168.0, -57.0, -41.143, -20.954, -3.0]"
L_FAIL,STOWED,B51_REF_link2_LINKLOCAL,link2,Hinge_Ear_2_Left,BUS_STRUCTURE,AABB_CLEAR,366.6134,,366.6134,CLEAR,False,"[145.572, -168.0, -57.0, -41.143, -20.954, -3.0]"
L_FAIL,STOWED,B51_REF_link2_LINKLOCAL,link2,Hinge_Ear_2_Right,BUS_STRUCTURE,AABB_CLEAR,366.6134,,366.6134,CLEAR,False,"[145.572, -168.0, -57.0, -41.143, -20.954, -3.0]"
L_FAIL,STOWED,B51_REF_link2_LINKLOCAL,link2,Hinge_Pin_Left,BUS_STRUCTURE,AABB_CLEAR,359.6134,,359.6134,CLEAR,False,"[145.572, -168.0, -57.0, -41.143, -20.954, -3.0]"
L_FAIL,STOWED,B51_REF_link2_LINKLOCAL,link2,Hinge_Pin_Right,BUS_STRUCTURE,AABB_CLEAR,359.6134,,359.6134,CLEAR,False,"[145.572, -168.0, -57.0, -41.143, -20.954, -3.0]"
L_FAIL,STOWED,B51_REF_link2_LINKLOCAL,link2,Launch_Lock_Interface_Reference,REFERENCE_ONLY,AABB_CLEAR,309.6134,,309.6134,EXCLUDED_REFERENCE_ONLY_BODY,False,"[145.572, -168.0, -57.0, -41.143, -20.954, -3.0]"
L_FAIL,STOWED,B51_REF_link2_LINKLOCAL,link2,Load_Bridge_Left,ARM_MOUNT_INTERFACE,AABB_CLEAR,148.6134,,148.6134,CLEAR,False,"[145.572, -168.0, -57.0, -41.143, -20.954, -3.0]"
L_FAIL,STOWED,B51_REF_link2_LINKLOCAL,link2,Load_Bridge_Right,ARM_MOUNT_INTERFACE,AABB_CLEAR,148.6134,,148.6134,CLEAR,False,"[145.572, -168.0, -57.0, -41.143, -20.954, -3.0]"
L_FAIL,STOWED,B51_REF_link2_LINKLOCAL,link2,Load_Spreading_Frame,ARM_MOUNT_INTERFACE,AABB_CLEAR,144.6134,,144.6134,CLEAR,False,"[145.572, -168.0, -57.0, -41.143, -20.954, -3.0]"
L_FAIL,STOWED,B51_REF_link2_LINKLOCAL,link2,Longerons_4X,BUS_STRUCTURE,AABB_CLEAR,136.6134,,136.6134,CLEAR,False,"[145.572, -168.0, -57.0, -41.143, -20.954, -3.0]"
L_FAIL,STOWED,B51_REF_link2_LINKLOCAL,link2,Maintenance_Access_Cover,BUS_STRUCTURE,AABB_CLEAR,165.3389,,165.3389,CLEAR,False,"[145.572, -168.0, -57.0, -41.143, -20.954, -3.0]"
L_FAIL,STOWED,B51_REF_link2_LINKLOCAL,link2,Mid_Saddle,SADDLE_PLACEHOLDER,AABB_CLEAR,219.6134,,219.6134,CLEAR,False,"[145.572, -168.0, -57.0, -41.143, -20.954, -3.0]"
L_FAIL,STOWED,B51_REF_link2_LINKLOCAL,link2,Mid_Transverse_Frame_,BUS_STRUCTURE,AABB_CLEAR,255.6134,,255.6134,CLEAR,False,"[145.572, -168.0, -57.0, -41.143, -20.954, -3.0]"
L_FAIL,STOWED,B51_REF_link2_LINKLOCAL,link2,Rear_End_Frame,BUS_STRUCTURE,AABB_CLEAR,494.6134,,494.6134,CLEAR,False,"[145.572, -168.0, -57.0, -41.143, -20.954, -3.0]"
L_FAIL,STOWED,B51_REF_link2_LINKLOCAL,link2,Release_Clearance_Envelope,REFERENCE_ONLY,AABB_CLEAR,249.6134,,249.6134,EXCLUDED_REFERENCE_ONLY_BODY,False,"[145.572, -168.0, -57.0, -41.143, -20.954, -3.0]"
L_FAIL,STOWED,B51_REF_link2_LINKLOCAL,link2,Root_Base_Left,BUS_STRUCTURE,AABB_CLEAR,362.6134,,362.6134,CLEAR,False,"[145.572, -168.0, -57.0, -41.143, -20.954, -3.0]"
L_FAIL,STOWED,B51_REF_link2_LINKLOCAL,link2,Root_Base_Right,BUS_STRUCTURE,AABB_CLEAR,362.6134,,362.6134,CLEAR,False,"[145.572, -168.0, -57.0, -41.143, -20.954, -3.0]"
L_FAIL,STOWED,B51_REF_link2_LINKLOCAL,link2,Root_Node_Spine_Left,BUS_STRUCTURE,AABB_CLEAR,374.6134,,374.6134,CLEAR,False,"[145.572, -168.0, -57.0, -41.143, -20.954, -3.0]"
L_FAIL,STOWED,B51_REF_link2_LINKLOCAL,link2,Root_Node_Spine_Right,BUS_STRUCTURE,AABB_CLEAR,374.6134,,374.6134,CLEAR,False,"[145.572, -168.0, -57.0, -41.143, -20.954, -3.0]"
L_FAIL,STOWED,B51_REF_link2_LINKLOCAL,link2,Spacecraft_Flange,ARM_MOUNT_INTERFACE,AABB_CLEAR,133.6134,,133.6134,CLEAR,False,"[145.572, -168.0, -57.0, -41.143, -20.954, -3.0]"
L_FAIL,STOWED,B51_REF_link2_LINKLOCAL,link2,Torsion_Spring_1_Left,BUS_STRUCTURE,AABB_CLEAR,394.6134,,394.6134,CLEAR,False,"[145.572, -168.0, -57.0, -41.143, -20.954, -3.0]"
L_FAIL,STOWED,B51_REF_link2_LINKLOCAL,link2,Torsion_Spring_1_Right,BUS_STRUCTURE,AABB_CLEAR,394.6134,,394.6134,CLEAR,False,"[145.572, -168.0, -57.0, -41.143, -20.954, -3.0]"
L_FAIL,STOWED,B51_REF_link2_LINKLOCAL,link2,Torsion_Spring_2_Left,BUS_STRUCTURE,AABB_CLEAR,348.6134,,348.6134,CLEAR,False,"[145.572, -168.0, -57.0, -41.143, -20.954, -3.0]"
L_FAIL,STOWED,B51_REF_link2_LINKLOCAL,link2,Torsion_Spring_2_Right,BUS_STRUCTURE,AABB_CLEAR,348.6134,,348.6134,CLEAR,False,"[145.572, -168.0, -57.0, -41.143, -20.954, -3.0]"
L_FAIL,STOWED,B51_REF_link2_LINKLOCAL,link2,WING_L_STOWED,SOLAR_WING,AABB_CLEAR,267.1134,,267.1134,CLEAR,False,"[145.572, -168.0, -57.0, -41.143, -20.954, -3.0]"
L_FAIL,STOWED,B51_REF_link2_LINKLOCAL,link2,WING_R_DEPLOYED,SOLAR_WING,AABB_CLEAR,267.1134,,267.1134,CLEAR,False,"[145.572, -168.0, -57.0, -41.143, -20.954, -3.0]"
L_FAIL,STOWED,B51_REF_link3_LINKLOCAL,link3,Adapter_Plate,ARM_MOUNT_INTERFACE,AABB_CLEAR,105.3075,,105.3075,CLEAR,False,"[145.572, -168.0, -57.0, -41.143, -20.954, -3.0]"
L_FAIL,STOWED,B51_REF_link3_LINKLOCAL,link3,Aft_Saddle,SADDLE_PLACEHOLDER,AABB_CLEAR,129.156,,129.156,CLEAR,False,"[145.572, -168.0, -57.0, -41.143, -20.954, -3.0]"
L_FAIL,STOWED,B51_REF_link3_LINKLOCAL,link3,Central_Boss,ARM_MOUNT_INTERFACE,AABB_CLEAR,130.3075,,130.3075,CLEAR,False,"[145.572, -168.0, -57.0, -41.143, -20.954, -3.0]"
L_FAIL,STOWED,B51_REF_link3_LINKLOCAL,link3,Deck_Front_Bay,BUS_STRUCTURE,AABB_CLEAR,221.5404,,221.5404,CLEAR,False,"[145.572, -168.0, -57.0, -41.143, -20.954, -3.0]"
L_FAIL,STOWED,B51_REF_link3_LINKLOCAL,link3,Deck_Mid_Bay,BUS_STRUCTURE,AABB_CLEAR,232.4655,,232.4655,CLEAR,False,"[145.572, -168.0, -57.0, -41.143, -20.954, -3.0]"
L_FAIL,STOWED,B51_REF_link3_LINKLOCAL,link3,Deck_Rear_Bay,BUS_STRUCTURE,AABB_CLEAR,293.7452,,293.7452,CLEAR,False,"[145.572, -168.0, -57.0, -41.143, -20.954, -3.0]"
L_FAIL,STOWED,B51_REF_link3_LINKLOCAL,link3,Front_End_Frame,BUS_STRUCTURE,AABB_CLEAR,75.1575,,75.1575,CLEAR,False,"[145.572, -168.0, -57.0, -41.143, -20.954, -3.0]"
L_FAIL,STOWED,B51_REF_link3_LINKLOCAL,link3,Front_Transverse_Frame,BUS_STRUCTURE,AABB_CLEAR,75.2723,,75.2723,CLEAR,False,"[145.572, -168.0, -57.0, -41.143, -20.954, -3.0]"
L_FAIL,STOWED,B51_REF_link3_LINKLOCAL,link3,Fwd_Saddle,SADDLE_PLACEHOLDER,MESH,-24.1125,0.0393,0.0393,TOO_CLOSE_TO_CALL,True,"[145.572, -168.0, -57.0, -41.143, -20.954, -3.0]"
L_FAIL,STOWED,B51_REF_link3_LINKLOCAL,link3,HDRM_Base_1_Left,BUS_STRUCTURE,AABB_CLEAR,389.246,,389.246,CLEAR,False,"[145.572, -168.0, -57.0, -41.143, -20.954, -3.0]"
L_FAIL,STOWED,B51_REF_link3_LINKLOCAL,link3,HDRM_Base_1_Right,BUS_STRUCTURE,AABB_CLEAR,395.2489,,395.2489,CLEAR,False,"[145.572, -168.0, -57.0, -41.143, -20.954, -3.0]"
L_FAIL,STOWED,B51_REF_link3_LINKLOCAL,link3,HDRM_Base_2_Left,BUS_STRUCTURE,AABB_CLEAR,283.9895,,283.9895,CLEAR,False,"[145.572, -168.0, -57.0, -41.143, -20.954, -3.0]"
L_FAIL,STOWED,B51_REF_link3_LINKLOCAL,link3,HDRM_Base_2_Right,BUS_STRUCTURE,AABB_CLEAR,292.1631,,292.1631,CLEAR,False,"[145.572, -168.0, -57.0, -41.143, -20.954, -3.0]"
L_FAIL,STOWED,B51_REF_link3_LINKLOCAL,link3,HDRM_Rod_1_Left,BUS_STRUCTURE,AABB_CLEAR,399.1452,,399.1452,CLEAR,False,"[145.572, -168.0, -57.0, -41.143, -20.954, -3.0]"
L_FAIL,STOWED,B51_REF_link3_LINKLOCAL,link3,HDRM_Rod_1_Right,BUS_STRUCTURE,AABB_CLEAR,406.4335,,406.4335,CLEAR,False,"[145.572, -168.0, -57.0, -41.143, -20.954, -3.0]"
L_FAIL,STOWED,B51_REF_link3_LINKLOCAL,link3,HDRM_Rod_2_Left,BUS_STRUCTURE,AABB_CLEAR,292.6679,,292.6679,CLEAR,False,"[145.572, -168.0, -57.0, -41.143, -20.954, -3.0]"
L_FAIL,STOWED,B51_REF_link3_LINKLOCAL,link3,HDRM_Rod_2_Right,BUS_STRUCTURE,AABB_CLEAR,302.5323,,302.5323,CLEAR,False,"[145.572, -168.0, -57.0, -41.143, -20.954, -3.0]"
L_FAIL,STOWED,B51_REF_link3_LINKLOCAL,link3,Hard_Stop_Left,BUS_STRUCTURE,AABB_CLEAR,238.7938,,238.7938,CLEAR,False,"[145.572, -168.0, -57.0, -41.143, -20.954, -3.0]"
L_FAIL,STOWED,B51_REF_link3_LINKLOCAL,link3,Hard_Stop_Right,BUS_STRUCTURE,AABB_CLEAR,250.7862,,250.7862,CLEAR,False,"[145.572, -168.0, -57.0, -41.143, -20.954, -3.0]"
L_FAIL,STOWED,B51_REF_link3_LINKLOCAL,link3,Harness_Passage,ARM_MOUNT_INTERFACE,AABB_CLEAR,243.3075,,243.3075,CLEAR,False,"[145.572, -168.0, -57.0, -41.143, -20.954, -3.0]"
L_FAIL,STOWED,B51_REF_link3_LINKLOCAL,link3,Harness_Service_Loop_Left,BUS_STRUCTURE,AABB_CLEAR,293.5547,,293.5547,CLEAR,False,"[145.572, -168.0, -57.0, -41.143, -20.954, -3.0]"
L_FAIL,STOWED,B51_REF_link3_LINKLOCAL,link3,Harness_Service_Loop_Right,BUS_STRUCTURE,AABB_CLEAR,301.4691,,301.4691,CLEAR,False,"[145.572, -168.0, -57.0, -41.143, -20.954, -3.0]"
L_FAIL,STOWED,B51_REF_link3_LINKLOCAL,link3,Hinge_Ear_1_Left,BUS_STRUCTURE,AABB_CLEAR,264.9667,,264.9667,CLEAR,False,"[145.572, -168.0, -57.0, -41.143, -20.954, -3.0]"
L_FAIL,STOWED,B51_REF_link3_LINKLOCAL,link3,Hinge_Ear_1_Right,BUS_STRUCTURE,AABB_CLEAR,275.8235,,275.8235,CLEAR,False,"[145.572, -168.0, -57.0, -41.143, -20.954, -3.0]"
L_FAIL,STOWED,B51_REF_link3_LINKLOCAL,link3,Hinge_Ear_2_Left,BUS_STRUCTURE,AABB_CLEAR,252.0749,,252.0749,CLEAR,False,"[145.572, -168.0, -57.0, -41.143, -20.954, -3.0]"
L_FAIL,STOWED,B51_REF_link3_LINKLOCAL,link3,Hinge_Ear_2_Right,BUS_STRUCTURE,AABB_CLEAR,263.4634,,263.4634,CLEAR,False,"[145.572, -168.0, -57.0, -41.143, -20.954, -3.0]"
L_FAIL,STOWED,B51_REF_link3_LINKLOCAL,link3,Hinge_Pin_Left,BUS_STRUCTURE,AABB_CLEAR,247.964,,247.964,CLEAR,False,"[145.572, -168.0, -57.0, -41.143, -20.954, -3.0]"
L_FAIL,STOWED,B51_REF_link3_LINKLOCAL,link3,Hinge_Pin_Right,BUS_STRUCTURE,AABB_CLEAR,265.4051,,265.4051,CLEAR,False,"[145.572, -168.0, -57.0, -41.143, -20.954, -3.0]"
L_FAIL,STOWED,B51_REF_link3_LINKLOCAL,link3,Launch_Lock_Interface_Reference,REFERENCE_ONLY,AABB_CLEAR,120.4064,,120.4064,EXCLUDED_REFERENCE_ONLY_BODY,False,"[145.572, -168.0, -57.0, -41.143, -20.954, -3.0]"
L_FAIL,STOWED,B51_REF_link3_LINKLOCAL,link3,Load_Bridge_Left,ARM_MOUNT_INTERFACE,AABB_CLEAR,170.3075,,170.3075,CLEAR,False,"[145.572, -168.0, -57.0, -41.143, -20.954, -3.0]"
L_FAIL,STOWED,B51_REF_link3_LINKLOCAL,link3,Load_Bridge_Right,ARM_MOUNT_INTERFACE,AABB_CLEAR,171.9176,,171.9176,CLEAR,False,"[145.572, -168.0, -57.0, -41.143, -20.954, -3.0]"
L_FAIL,STOWED,B51_REF_link3_LINKLOCAL,link3,Load_Spreading_Frame,ARM_MOUNT_INTERFACE,AABB_CLEAR,92.1575,,92.1575,CLEAR,False,"[145.572, -168.0, -57.0, -41.143, -20.954, -3.0]"
L_FAIL,STOWED,B51_REF_link3_LINKLOCAL,link3,Longerons_4X,BUS_STRUCTURE,AABB_CLEAR,75.1575,,75.1575,CLEAR,False,"[145.572, -168.0, -57.0, -41.143, -20.954, -3.0]"
L_FAIL,STOWED,B51_REF_link3_LINKLOCAL,link3,Maintenance_Access_Cover,BUS_STRUCTURE,AABB_CLEAR,292.4575,,292.4575,CLEAR,False,"[145.572, -168.0, -57.0, -41.143, -20.954, -3.0]"
L_FAIL,STOWED,B51_REF_link3_LINKLOCAL,link3,Mid_Saddle,SADDLE_PLACEHOLDER,AABB_CLEAR,29.156,,29.156,CLEAR,False,"[145.572, -168.0, -57.0, -41.143, -20.954, -3.0]"
L_FAIL,STOWED,B51_REF_link3_LINKLOCAL,link3,Mid_Transverse_Frame_,BUS_STRUCTURE,AABB_CLEAR,99.4684,,99.4684,CLEAR,False,"[145.572, -168.0, -57.0, -41.143, -20.954, -3.0]"
L_FAIL,STOWED,B51_REF_link3_LINKLOCAL,link3,Rear_End_Frame,BUS_STRUCTURE,AABB_CLEAR,313.3042,,313.3042,CLEAR,False,"[145.572, -168.0, -57.0, -41.143, -20.954, -3.0]"
L_FAIL,STOWED,B51_REF_link3_LINKLOCAL,link3,Release_Clearance_Envelope,REFERENCE_ONLY,AABB_CLEAR,59.156,,59.156,EXCLUDED_REFERENCE_ONLY_BODY,False,"[145.572, -168.0, -57.0, -41.143, -20.954, -3.0]"
L_FAIL,STOWED,B51_REF_link3_LINKLOCAL,link3,Root_Base_Left,BUS_STRUCTURE,AABB_CLEAR,225.282,,225.282,CLEAR,False,"[145.572, -168.0, -57.0, -41.143, -20.954, -3.0]"
L_FAIL,STOWED,B51_REF_link3_LINKLOCAL,link3,Root_Base_Right,BUS_STRUCTURE,AABB_CLEAR,235.5021,,235.5021,CLEAR,False,"[145.572, -168.0, -57.0, -41.143, -20.954, -3.0]"
L_FAIL,STOWED,B51_REF_link3_LINKLOCAL,link3,Root_Node_Spine_Left,BUS_STRUCTURE,AABB_CLEAR,214.6653,,214.6653,CLEAR,False,"[145.572, -168.0, -57.0, -41.143, -20.954, -3.0]"
L_FAIL,STOWED,B51_REF_link3_LINKLOCAL,link3,Root_Node_Spine_Right,BUS_STRUCTURE,AABB_CLEAR,224.472,,224.472,CLEAR,False,"[145.572, -168.0, -57.0, -41.143, -20.954, -3.0]"
L_FAIL,STOWED,B51_REF_link3_LINKLOCAL,link3,Spacecraft_Flange,ARM_MOUNT_INTERFACE,AABB_CLEAR,110.3075,,110.3075,CLEAR,False,"[145.572, -168.0, -57.0, -41.143, -20.954, -3.0]"
L_FAIL,STOWED,B51_REF_link3_LINKLOCAL,link3,Torsion_Spring_1_Left,BUS_STRUCTURE,AABB_CLEAR,270.4027,,270.4027,CLEAR,False,"[145.572, -168.0, -57.0, -41.143, -20.954, -3.0]"
L_FAIL,STOWED,B51_REF_link3_LINKLOCAL,link3,Torsion_Spring_1_Right,BUS_STRUCTURE,AABB_CLEAR,285.1848,,285.1848,CLEAR,False,"[145.572, -168.0, -57.0, -41.143, -20.954, -3.0]"
L_FAIL,STOWED,B51_REF_link3_LINKLOCAL,link3,Torsion_Spring_2_Left,BUS_STRUCTURE,AABB_CLEAR,237.5948,,237.5948,CLEAR,False,"[145.572, -168.0, -57.0, -41.143, -20.954, -3.0]"
L_FAIL,STOWED,B51_REF_link3_LINKLOCAL,link3,Torsion_Spring_2_Right,BUS_STRUCTURE,AABB_CLEAR,254.2912,,254.2912,CLEAR,False,"[145.572, -168.0, -57.0, -41.143, -20.954, -3.0]"
L_FAIL,STOWED,B51_REF_link3_LINKLOCAL,link3,WING_L_STOWED,SOLAR_WING,AABB_CLEAR,200.5368,,200.5368,CLEAR,False,"[145.572, -168.0, -57.0, -41.143, -20.954, -3.0]"
L_FAIL,STOWED,B51_REF_link3_LINKLOCAL,link3,WING_R_DEPLOYED,SOLAR_WING,AABB_CLEAR,209.3357,,209.3357,CLEAR,False,"[145.572, -168.0, -57.0, -41.143, -20.954, -3.0]"
L_FAIL,STOWED,B51_REF_link4_LINKLOCAL,link4,Adapter_Plate,ARM_MOUNT_INTERFACE,AABB_CLEAR,101.853,,101.853,CLEAR,False,"[145.572, -168.0, -57.0, -41.143, -20.954, -3.0]"
L_FAIL,STOWED,B51_REF_link4_LINKLOCAL,link4,Aft_Saddle,SADDLE_PLACEHOLDER,AABB_CLEAR,63.9988,,63.9988,CLEAR,False,"[145.572, -168.0, -57.0, -41.143, -20.954, -3.0]"
L_FAIL,STOWED,B51_REF_link4_LINKLOCAL,link4,Central_Boss,ARM_MOUNT_INTERFACE,AABB_CLEAR,127.39,,127.39,CLEAR,False,"[145.572, -168.0, -57.0, -41.143, -20.954, -3.0]"
L_FAIL,STOWED,B51_REF_link4_LINKLOCAL,link4,Deck_Front_Bay,BUS_STRUCTURE,AABB_CLEAR,217.853,,217.853,CLEAR,False,"[145.572, -168.0, -57.0, -41.143, -20.954, -3.0]"
L_FAIL,STOWED,B51_REF_link4_LINKLOCAL,link4,Deck_Mid_Bay,BUS_STRUCTURE,AABB_CLEAR,217.9356,,217.9356,CLEAR,False,"[145.572, -168.0, -57.0, -41.143, -20.954, -3.0]"
L_FAIL,STOWED,B51_REF_link4_LINKLOCAL,link4,Deck_Rear_Bay,BUS_STRUCTURE,AABB_CLEAR,252.673,,252.673,CLEAR,False,"[145.572, -168.0, -57.0, -41.143, -20.954, -3.0]"
L_FAIL,STOWED,B51_REF_link4_LINKLOCAL,link4,Front_End_Frame,BUS_STRUCTURE,AABB_CLEAR,71.703,,71.703,CLEAR,False,"[145.572, -168.0, -57.0, -41.143, -20.954, -3.0]"
L_FAIL,STOWED,B51_REF_link4_LINKLOCAL,link4,Front_Transverse_Frame,BUS_STRUCTURE,AABB_CLEAR,71.703,,71.703,CLEAR,False,"[145.572, -168.0, -57.0, -41.143, -20.954, -3.0]"
L_FAIL,STOWED,B51_REF_link4_LINKLOCAL,link4,Fwd_Saddle,SADDLE_PLACEHOLDER,MESH,-26.3159,0.3185,0.3185,TOO_CLOSE_TO_CALL,True,"[145.572, -168.0, -57.0, -41.143, -20.954, -3.0]"
L_FAIL,STOWED,B51_REF_link4_LINKLOCAL,link4,HDRM_Base_1_Left,BUS_STRUCTURE,AABB_CLEAR,343.1678,,343.1678,CLEAR,False,"[145.572, -168.0, -57.0, -41.143, -20.954, -3.0]"
L_FAIL,STOWED,B51_REF_link4_LINKLOCAL,link4,HDRM_Base_1_Right,BUS_STRUCTURE,AABB_CLEAR,349.7558,,349.7558,CLEAR,False,"[145.572, -168.0, -57.0, -41.143, -20.954, -3.0]"
L_FAIL,STOWED,B51_REF_link4_LINKLOCAL,link4,HDRM_Base_2_Left,BUS_STRUCTURE,AABB_CLEAR,270.1196,,270.1196,CLEAR,False,"[145.572, -168.0, -57.0, -41.143, -20.954, -3.0]"
L_FAIL,STOWED,B51_REF_link4_LINKLOCAL,link4,HDRM_Base_2_Right,BUS_STRUCTURE,AABB_CLEAR,278.4414,,278.4414,CLEAR,False,"[145.572, -168.0, -57.0, -41.143, -20.954, -3.0]"
L_FAIL,STOWED,B51_REF_link4_LINKLOCAL,link4,HDRM_Rod_1_Left,BUS_STRUCTURE,AABB_CLEAR,352.9987,,352.9987,CLEAR,False,"[145.572, -168.0, -57.0, -41.143, -20.954, -3.0]"
L_FAIL,STOWED,B51_REF_link4_LINKLOCAL,link4,HDRM_Rod_1_Right,BUS_STRUCTURE,AABB_CLEAR,360.996,,360.996,CLEAR,False,"[145.572, -168.0, -57.0, -41.143, -20.954, -3.0]"
L_FAIL,STOWED,B51_REF_link4_LINKLOCAL,link4,HDRM_Rod_2_Left,BUS_STRUCTURE,AABB_CLEAR,277.5041,,277.5041,CLEAR,False,"[145.572, -168.0, -57.0, -41.143, -20.954, -3.0]"
L_FAIL,STOWED,B51_REF_link4_LINKLOCAL,link4,HDRM_Rod_2_Right,BUS_STRUCTURE,AABB_CLEAR,287.6083,,287.6083,CLEAR,False,"[145.572, -168.0, -57.0, -41.143, -20.954, -3.0]"
L_FAIL,STOWED,B51_REF_link4_LINKLOCAL,link4,Hard_Stop_Left,BUS_STRUCTURE,AABB_CLEAR,189.3835,,189.3835,CLEAR,False,"[145.572, -168.0, -57.0, -41.143, -20.954, -3.0]"
L_FAIL,STOWED,B51_REF_link4_LINKLOCAL,link4,Hard_Stop_Right,BUS_STRUCTURE,AABB_CLEAR,203.9022,,203.9022,CLEAR,False,"[145.572, -168.0, -57.0, -41.143, -20.954, -3.0]"
L_FAIL,STOWED,B51_REF_link4_LINKLOCAL,link4,Harness_Passage,ARM_MOUNT_INTERFACE,AABB_CLEAR,239.853,,239.853,CLEAR,False,"[145.572, -168.0, -57.0, -41.143, -20.954, -3.0]"
L_FAIL,STOWED,B51_REF_link4_LINKLOCAL,link4,Harness_Service_Loop_Left,BUS_STRUCTURE,AABB_CLEAR,246.0146,,246.0146,CLEAR,False,"[145.572, -168.0, -57.0, -41.143, -20.954, -3.0]"
L_FAIL,STOWED,B51_REF_link4_LINKLOCAL,link4,Harness_Service_Loop_Right,BUS_STRUCTURE,AABB_CLEAR,255.1239,,255.1239,CLEAR,False,"[145.572, -168.0, -57.0, -41.143, -20.954, -3.0]"
L_FAIL,STOWED,B51_REF_link4_LINKLOCAL,link4,Hinge_Ear_1_Left,BUS_STRUCTURE,AABB_CLEAR,218.9011,,218.9011,CLEAR,False,"[145.572, -168.0, -57.0, -41.143, -20.954, -3.0]"
L_FAIL,STOWED,B51_REF_link4_LINKLOCAL,link4,Hinge_Ear_1_Right,BUS_STRUCTURE,AABB_CLEAR,231.5765,,231.5765,CLEAR,False,"[145.572, -168.0, -57.0, -41.143, -20.954, -3.0]"
L_FAIL,STOWED,B51_REF_link4_LINKLOCAL,link4,Hinge_Ear_2_Left,BUS_STRUCTURE,AABB_CLEAR,208.8007,,208.8007,CLEAR,False,"[145.572, -168.0, -57.0, -41.143, -20.954, -3.0]"
L_FAIL,STOWED,B51_REF_link4_LINKLOCAL,link4,Hinge_Ear_2_Right,BUS_STRUCTURE,AABB_CLEAR,222.0535,,222.0535,CLEAR,False,"[145.572, -168.0, -57.0, -41.143, -20.954, -3.0]"
L_FAIL,STOWED,B51_REF_link4_LINKLOCAL,link4,Hinge_Pin_Left,BUS_STRUCTURE,AABB_CLEAR,206.0415,,206.0415,CLEAR,False,"[145.572, -168.0, -57.0, -41.143, -20.954, -3.0]"
L_FAIL,STOWED,B51_REF_link4_LINKLOCAL,link4,Hinge_Pin_Right,BUS_STRUCTURE,AABB_CLEAR,226.2781,,226.2781,CLEAR,False,"[145.572, -168.0, -57.0, -41.143, -20.954, -3.0]"
L_FAIL,STOWED,B51_REF_link4_LINKLOCAL,link4,Launch_Lock_Interface_Reference,REFERENCE_ONLY,AABB_CLEAR,55.7474,,55.7474,EXCLUDED_REFERENCE_ONLY_BODY,False,"[145.572, -168.0, -57.0, -41.143, -20.954, -3.0]"
L_FAIL,STOWED,B51_REF_link4_LINKLOCAL,link4,Load_Bridge_Left,ARM_MOUNT_INTERFACE,AABB_CLEAR,166.853,,166.853,CLEAR,False,"[145.572, -168.0, -57.0, -41.143, -20.954, -3.0]"
L_FAIL,STOWED,B51_REF_link4_LINKLOCAL,link4,Load_Bridge_Right,ARM_MOUNT_INTERFACE,AABB_CLEAR,168.3518,,168.3518,CLEAR,False,"[145.572, -168.0, -57.0, -41.143, -20.954, -3.0]"
L_FAIL,STOWED,B51_REF_link4_LINKLOCAL,link4,Load_Spreading_Frame,ARM_MOUNT_INTERFACE,AABB_CLEAR,88.703,,88.703,CLEAR,False,"[145.572, -168.0, -57.0, -41.143, -20.954, -3.0]"
L_FAIL,STOWED,B51_REF_link4_LINKLOCAL,link4,Longerons_4X,BUS_STRUCTURE,AABB_CLEAR,71.703,,71.703,CLEAR,False,"[145.572, -168.0, -57.0, -41.143, -20.954, -3.0]"
L_FAIL,STOWED,B51_REF_link4_LINKLOCAL,link4,Maintenance_Access_Cover,BUS_STRUCTURE,AABB_CLEAR,289.003,,289.003,CLEAR,False,"[145.572, -168.0, -57.0, -41.143, -20.954, -3.0]"
L_FAIL,STOWED,B51_REF_link4_LINKLOCAL,link4,Mid_Saddle,SADDLE_PLACEHOLDER,MESH,-33.067,31.9077,31.9077,CLEAR,False,"[145.572, -168.0, -57.0, -41.143, -20.954, -3.0]"
L_FAIL,STOWED,B51_REF_link4_LINKLOCAL,link4,Mid_Transverse_Frame_,BUS_STRUCTURE,AABB_CLEAR,71.703,,71.703,CLEAR,False,"[145.572, -168.0, -57.0, -41.143, -20.954, -3.0]"
L_FAIL,STOWED,B51_REF_link4_LINKLOCAL,link4,Rear_End_Frame,BUS_STRUCTURE,AABB_CLEAR,249.523,,249.523,CLEAR,False,"[145.572, -168.0, -57.0, -41.143, -20.954, -3.0]"
L_FAIL,STOWED,B51_REF_link4_LINKLOCAL,link4,Release_Clearance_Envelope,REFERENCE_ONLY,MESH,-6.0012,0.9882,0.9882,EXCLUDED_REFERENCE_ONLY_BODY,False,"[145.572, -168.0, -57.0, -41.143, -20.954, -3.0]"
L_FAIL,STOWED,B51_REF_link4_LINKLOCAL,link4,Root_Base_Left,BUS_STRUCTURE,AABB_CLEAR,177.6823,,177.6823,CLEAR,False,"[145.572, -168.0, -57.0, -41.143, -20.954, -3.0]"
L_FAIL,STOWED,B51_REF_link4_LINKLOCAL,link4,Root_Base_Right,BUS_STRUCTURE,AABB_CLEAR,190.0947,,190.0947,CLEAR,False,"[145.572, -168.0, -57.0, -41.143, -20.954, -3.0]"
L_FAIL,STOWED,B51_REF_link4_LINKLOCAL,link4,Root_Node_Spine_Left,BUS_STRUCTURE,AABB_CLEAR,159.9321,,159.9321,CLEAR,False,"[145.572, -168.0, -57.0, -41.143, -20.954, -3.0]"
L_FAIL,STOWED,B51_REF_link4_LINKLOCAL,link4,Root_Node_Spine_Right,BUS_STRUCTURE,AABB_CLEAR,172.4728,,172.4728,CLEAR,False,"[145.572, -168.0, -57.0, -41.143, -20.954, -3.0]"
L_FAIL,STOWED,B51_REF_link4_LINKLOCAL,link4,Spacecraft_Flange,ARM_MOUNT_INTERFACE,AABB_CLEAR,106.853,,106.853,CLEAR,False,"[145.572, -168.0, -57.0, -41.143, -20.954, -3.0]"
L_FAIL,STOWED,B51_REF_link4_LINKLOCAL,link4,Torsion_Spring_1_Left,BUS_STRUCTURE,AABB_CLEAR,222.5883,,222.5883,CLEAR,False,"[145.572, -168.0, -57.0, -41.143, -20.954, -3.0]"
L_FAIL,STOWED,B51_REF_link4_LINKLOCAL,link4,Torsion_Spring_1_Right,BUS_STRUCTURE,AABB_CLEAR,239.932,,239.932,CLEAR,False,"[145.572, -168.0, -57.0, -41.143, -20.954, -3.0]"
L_FAIL,STOWED,B51_REF_link4_LINKLOCAL,link4,Torsion_Spring_2_Left,BUS_STRUCTURE,AABB_CLEAR,197.164,,197.164,CLEAR,False,"[145.572, -168.0, -57.0, -41.143, -20.954, -3.0]"
L_FAIL,STOWED,B51_REF_link4_LINKLOCAL,link4,Torsion_Spring_2_Right,BUS_STRUCTURE,AABB_CLEAR,216.5536,,216.5536,CLEAR,False,"[145.572, -168.0, -57.0, -41.143, -20.954, -3.0]"
L_FAIL,STOWED,B51_REF_link4_LINKLOCAL,link4,WING_L_STOWED,SOLAR_WING,AABB_CLEAR,182.2162,,182.2162,CLEAR,False,"[145.572, -168.0, -57.0, -41.143, -20.954, -3.0]"
L_FAIL,STOWED,B51_REF_link4_LINKLOCAL,link4,WING_R_DEPLOYED,SOLAR_WING,AABB_CLEAR,191.5349,,191.5349,CLEAR,False,"[145.572, -168.0, -57.0, -41.143, -20.954, -3.0]"
L_FAIL,STOWED,B51_REF_link5_LINKLOCAL,link5,Adapter_Plate,ARM_MOUNT_INTERFACE,AABB_CLEAR,133.8224,,133.8224,CLEAR,False,"[145.572, -168.0, -57.0, -41.143, -20.954, -3.0]"
L_FAIL,STOWED,B51_REF_link5_LINKLOCAL,link5,Aft_Saddle,SADDLE_PLACEHOLDER,AABB_CLEAR,47.948,,47.948,CLEAR,False,"[145.572, -168.0, -57.0, -41.143, -20.954, -3.0]"
L_FAIL,STOWED,B51_REF_link5_LINKLOCAL,link5,Central_Boss,ARM_MOUNT_INTERFACE,AABB_CLEAR,161.5509,,161.5509,CLEAR,False,"[145.572, -168.0, -57.0, -41.143, -20.954, -3.0]"
L_FAIL,STOWED,B51_REF_link5_LINKLOCAL,link5,Deck_Front_Bay,BUS_STRUCTURE,AABB_CLEAR,235.8023,,235.8023,CLEAR,False,"[145.572, -168.0, -57.0, -41.143, -20.954, -3.0]"
L_FAIL,STOWED,B51_REF_link5_LINKLOCAL,link5,Deck_Mid_Bay,BUS_STRUCTURE,AABB_CLEAR,235.8023,,235.8023,CLEAR,False,"[145.572, -168.0, -57.0, -41.143, -20.954, -3.0]"
L_FAIL,STOWED,B51_REF_link5_LINKLOCAL,link5,Deck_Rear_Bay,BUS_STRUCTURE,AABB_CLEAR,261.027,,261.027,CLEAR,False,"[145.572, -168.0, -57.0, -41.143, -20.954, -3.0]"
L_FAIL,STOWED,B51_REF_link5_LINKLOCAL,link5,Front_End_Frame,BUS_STRUCTURE,AABB_CLEAR,101.9927,,101.9927,CLEAR,False,"[145.572, -168.0, -57.0, -41.143, -20.954, -3.0]"
L_FAIL,STOWED,B51_REF_link5_LINKLOCAL,link5,Front_Transverse_Frame,BUS_STRUCTURE,AABB_CLEAR,89.6523,,89.6523,CLEAR,False,"[145.572, -168.0, -57.0, -41.143, -20.954, -3.0]"
L_FAIL,STOWED,B51_REF_link5_LINKLOCAL,link5,Fwd_Saddle,SADDLE_PLACEHOLDER,AABB_CLEAR,33.631,,33.631,CLEAR,False,"[145.572, -168.0, -57.0, -41.143, -20.954, -3.0]"
L_FAIL,STOWED,B51_REF_link5_LINKLOCAL,link5,HDRM_Base_1_Left,BUS_STRUCTURE,AABB_CLEAR,348.2745,,348.2745,CLEAR,False,"[145.572, -168.0, -57.0, -41.143, -20.954, -3.0]"
L_FAIL,STOWED,B51_REF_link5_LINKLOCAL,link5,HDRM_Base_1_Right,BUS_STRUCTURE,AABB_CLEAR,363.0721,,363.0721,CLEAR,False,"[145.572, -168.0, -57.0, -41.143, -20.954, -3.0]"
L_FAIL,STOWED,B51_REF_link5_LINKLOCAL,link5,HDRM_Base_2_Left,BUS_STRUCTURE,AABB_CLEAR,287.9228,,287.9228,CLEAR,False,"[145.572, -168.0, -57.0, -41.143, -20.954, -3.0]"
L_FAIL,STOWED,B51_REF_link5_LINKLOCAL,link5,HDRM_Base_2_Right,BUS_STRUCTURE,AABB_CLEAR,305.6562,,305.6562,CLEAR,False,"[145.572, -168.0, -57.0, -41.143, -20.954, -3.0]"
L_FAIL,STOWED,B51_REF_link5_LINKLOCAL,link5,HDRM_Rod_1_Left,BUS_STRUCTURE,AABB_CLEAR,358.2777,,358.2777,CLEAR,False,"[145.572, -168.0, -57.0, -41.143, -20.954, -3.0]"
L_FAIL,STOWED,B51_REF_link5_LINKLOCAL,link5,HDRM_Rod_1_Right,BUS_STRUCTURE,AABB_CLEAR,374.7036,,374.7036,CLEAR,False,"[145.572, -168.0, -57.0, -41.143, -20.954, -3.0]"
L_FAIL,STOWED,B51_REF_link5_LINKLOCAL,link5,HDRM_Rod_2_Left,BUS_STRUCTURE,AABB_CLEAR,295.2689,,295.2689,CLEAR,False,"[145.572, -168.0, -57.0, -41.143, -20.954, -3.0]"
L_FAIL,STOWED,B51_REF_link5_LINKLOCAL,link5,HDRM_Rod_2_Right,BUS_STRUCTURE,AABB_CLEAR,314.9978,,314.9978,CLEAR,False,"[145.572, -168.0, -57.0, -41.143, -20.954, -3.0]"
L_FAIL,STOWED,B51_REF_link5_LINKLOCAL,link5,Hard_Stop_Left,BUS_STRUCTURE,AABB_CLEAR,194.9262,,194.9262,CLEAR,False,"[145.572, -168.0, -57.0, -41.143, -20.954, -3.0]"
L_FAIL,STOWED,B51_REF_link5_LINKLOCAL,link5,Hard_Stop_Right,BUS_STRUCTURE,AABB_CLEAR,223.6875,,223.6875,CLEAR,False,"[145.572, -168.0, -57.0, -41.143, -20.954, -3.0]"
L_FAIL,STOWED,B51_REF_link5_LINKLOCAL,link5,Harness_Passage,ARM_MOUNT_INTERFACE,AABB_CLEAR,257.8023,,257.8023,CLEAR,False,"[145.572, -168.0, -57.0, -41.143, -20.954, -3.0]"
L_FAIL,STOWED,B51_REF_link5_LINKLOCAL,link5,Harness_Service_Loop_Left,BUS_STRUCTURE,AABB_CLEAR,251.229,,251.229,CLEAR,False,"[145.572, -168.0, -57.0, -41.143, -20.954, -3.0]"
L_FAIL,STOWED,B51_REF_link5_LINKLOCAL,link5,Harness_Service_Loop_Right,BUS_STRUCTURE,AABB_CLEAR,271.371,,271.371,CLEAR,False,"[145.572, -168.0, -57.0, -41.143, -20.954, -3.0]"
L_FAIL,STOWED,B51_REF_link5_LINKLOCAL,link5,Hinge_Ear_1_Left,BUS_STRUCTURE,AABB_CLEAR,225.7694,,225.7694,CLEAR,False,"[145.572, -168.0, -57.0, -41.143, -20.954, -3.0]"
L_FAIL,STOWED,B51_REF_link5_LINKLOCAL,link5,Hinge_Ear_1_Right,BUS_STRUCTURE,AABB_CLEAR,251.0213,,251.0213,CLEAR,False,"[145.572, -168.0, -57.0, -41.143, -20.954, -3.0]"
L_FAIL,STOWED,B51_REF_link5_LINKLOCAL,link5,Hinge_Ear_2_Left,BUS_STRUCTURE,AABB_CLEAR,217.324,,217.324,CLEAR,False,"[145.572, -168.0, -57.0, -41.143, -20.954, -3.0]"
L_FAIL,STOWED,B51_REF_link5_LINKLOCAL,link5,Hinge_Ear_2_Right,BUS_STRUCTURE,AABB_CLEAR,243.4535,,243.4535,CLEAR,False,"[145.572, -168.0, -57.0, -41.143, -20.954, -3.0]"
L_FAIL,STOWED,B51_REF_link5_LINKLOCAL,link5,Hinge_Pin_Left,BUS_STRUCTURE,AABB_CLEAR,217.375,,217.375,CLEAR,False,"[145.572, -168.0, -57.0, -41.143, -20.954, -3.0]"
L_FAIL,STOWED,B51_REF_link5_LINKLOCAL,link5,Hinge_Pin_Right,BUS_STRUCTURE,AABB_CLEAR,250.3948,,250.3948,CLEAR,False,"[145.572, -168.0, -57.0, -41.143, -20.954, -3.0]"
L_FAIL,STOWED,B51_REF_link5_LINKLOCAL,link5,Launch_Lock_Interface_Reference,REFERENCE_ONLY,AABB_CLEAR,49.512,,49.512,EXCLUDED_REFERENCE_ONLY_BODY,False,"[145.572, -168.0, -57.0, -41.143, -20.954, -3.0]"
L_FAIL,STOWED,B51_REF_link5_LINKLOCAL,link5,Load_Bridge_Left,ARM_MOUNT_INTERFACE,AABB_CLEAR,184.8023,,184.8023,CLEAR,False,"[145.572, -168.0, -57.0, -41.143, -20.954, -3.0]"
L_FAIL,STOWED,B51_REF_link5_LINKLOCAL,link5,Load_Bridge_Right,ARM_MOUNT_INTERFACE,AABB_CLEAR,193.6259,,193.6259,CLEAR,False,"[145.572, -168.0, -57.0, -41.143, -20.954, -3.0]"
L_FAIL,STOWED,B51_REF_link5_LINKLOCAL,link5,Load_Spreading_Frame,ARM_MOUNT_INTERFACE,AABB_CLEAR,115.6142,,115.6142,CLEAR,False,"[145.572, -168.0, -57.0, -41.143, -20.954, -3.0]"
L_FAIL,STOWED,B51_REF_link5_LINKLOCAL,link5,Longerons_4X,BUS_STRUCTURE,AABB_CLEAR,89.6523,,89.6523,CLEAR,False,"[145.572, -168.0, -57.0, -41.143, -20.954, -3.0]"
L_FAIL,STOWED,B51_REF_link5_LINKLOCAL,link5,Maintenance_Access_Cover,BUS_STRUCTURE,AABB_CLEAR,306.9523,,306.9523,CLEAR,False,"[145.572, -168.0, -57.0, -41.143, -20.954, -3.0]"
L_FAIL,STOWED,B51_REF_link5_LINKLOCAL,link5,Mid_Saddle,SADDLE_PLACEHOLDER,MESH,-15.1177,0.0011,0.0011,TOO_CLOSE_TO_CALL,True,"[145.572, -168.0, -57.0, -41.143, -20.954, -3.0]"
L_FAIL,STOWED,B51_REF_link5_LINKLOCAL,link5,Mid_Transverse_Frame_,BUS_STRUCTURE,AABB_CLEAR,89.6523,,89.6523,CLEAR,False,"[145.572, -168.0, -57.0, -41.143, -20.954, -3.0]"
L_FAIL,STOWED,B51_REF_link5_LINKLOCAL,link5,Rear_End_Frame,BUS_STRUCTURE,AABB_CLEAR,240.2985,,240.2985,CLEAR,False,"[145.572, -168.0, -57.0, -41.143, -20.954, -3.0]"
L_FAIL,STOWED,B51_REF_link5_LINKLOCAL,link5,Release_Clearance_Envelope,REFERENCE_ONLY,MESH,-22.052,0.0,0.0,EXCLUDED_REFERENCE_ONLY_BODY,False,"[145.572, -168.0, -57.0, -41.143, -20.954, -3.0]"
L_FAIL,STOWED,B51_REF_link5_LINKLOCAL,link5,Root_Base_Left,BUS_STRUCTURE,AABB_CLEAR,184.0589,,184.0589,CLEAR,False,"[145.572, -168.0, -57.0, -41.143, -20.954, -3.0]"
L_FAIL,STOWED,B51_REF_link5_LINKLOCAL,link5,Root_Base_Right,BUS_STRUCTURE,AABB_CLEAR,210.7223,,210.7223,CLEAR,False,"[145.572, -168.0, -57.0, -41.143, -20.954, -3.0]"
L_FAIL,STOWED,B51_REF_link5_LINKLOCAL,link5,Root_Node_Spine_Left,BUS_STRUCTURE,AABB_CLEAR,161.8713,,161.8713,CLEAR,False,"[145.572, -168.0, -57.0, -41.143, -20.954, -3.0]"
L_FAIL,STOWED,B51_REF_link5_LINKLOCAL,link5,Root_Node_Spine_Right,BUS_STRUCTURE,AABB_CLEAR,190.1601,,190.1601,CLEAR,False,"[145.572, -168.0, -57.0, -41.143, -20.954, -3.0]"
L_FAIL,STOWED,B51_REF_link5_LINKLOCAL,link5,Spacecraft_Flange,ARM_MOUNT_INTERFACE,AABB_CLEAR,137.0499,,137.0499,CLEAR,False,"[145.572, -168.0, -57.0, -41.143, -20.954, -3.0]"
L_FAIL,STOWED,B51_REF_link5_LINKLOCAL,link5,Torsion_Spring_1_Left,BUS_STRUCTURE,AABB_CLEAR,229.8352,,229.8352,CLEAR,False,"[145.572, -168.0, -57.0, -41.143, -20.954, -3.0]"
L_FAIL,STOWED,B51_REF_link5_LINKLOCAL,link5,Torsion_Spring_1_Right,BUS_STRUCTURE,AABB_CLEAR,259.8327,,259.8327,CLEAR,False,"[145.572, -168.0, -57.0, -41.143, -20.954, -3.0]"
L_FAIL,STOWED,B51_REF_link5_LINKLOCAL,link5,Torsion_Spring_2_Left,BUS_STRUCTURE,AABB_CLEAR,208.8755,,208.8755,CLEAR,False,"[145.572, -168.0, -57.0, -41.143, -20.954, -3.0]"
L_FAIL,STOWED,B51_REF_link5_LINKLOCAL,link5,Torsion_Spring_2_Right,BUS_STRUCTURE,AABB_CLEAR,241.4908,,241.4908,CLEAR,False,"[145.572, -168.0, -57.0, -41.143, -20.954, -3.0]"
L_FAIL,STOWED,B51_REF_link5_LINKLOCAL,link5,WING_L_STOWED,SOLAR_WING,AABB_CLEAR,199.9758,,199.9758,CLEAR,False,"[145.572, -168.0, -57.0, -41.143, -20.954, -3.0]"
L_FAIL,STOWED,B51_REF_link5_LINKLOCAL,link5,WING_R_DEPLOYED,SOLAR_WING,AABB_CLEAR,222.0962,,222.0962,CLEAR,False,"[145.572, -168.0, -57.0, -41.143, -20.954, -3.0]"
L_FAIL,STOWED,B51_REF_link6_LINKLOCAL,link6,Adapter_Plate,ARM_MOUNT_INTERFACE,AABB_CLEAR,188.7104,,188.7104,CLEAR,False,"[145.572, -168.0, -57.0, -41.143, -20.954, -3.0]"
L_FAIL,STOWED,B51_REF_link6_LINKLOCAL,link6,Aft_Saddle,SADDLE_PLACEHOLDER,MESH,-1.1453,5.9409,5.9409,CLEAR,False,"[145.572, -168.0, -57.0, -41.143, -20.954, -3.0]"
L_FAIL,STOWED,B51_REF_link6_LINKLOCAL,link6,Central_Boss,ARM_MOUNT_INTERFACE,AABB_CLEAR,216.0724,,216.0724,CLEAR,False,"[145.572, -168.0, -57.0, -41.143, -20.954, -3.0]"
L_FAIL,STOWED,B51_REF_link6_LINKLOCAL,link6,Deck_Front_Bay,BUS_STRUCTURE,AABB_CLEAR,269.33,,269.33,CLEAR,False,"[145.572, -168.0, -57.0, -41.143, -20.954, -3.0]"
L_FAIL,STOWED,B51_REF_link6_LINKLOCAL,link6,Deck_Mid_Bay,BUS_STRUCTURE,AABB_CLEAR,269.33,,269.33,CLEAR,False,"[145.572, -168.0, -57.0, -41.143, -20.954, -3.0]"
L_FAIL,STOWED,B51_REF_link6_LINKLOCAL,link6,Deck_Rear_Bay,BUS_STRUCTURE,AABB_CLEAR,276.5671,,276.5671,CLEAR,False,"[145.572, -168.0, -57.0, -41.143, -20.954, -3.0]"
L_FAIL,STOWED,B51_REF_link6_LINKLOCAL,link6,Front_End_Frame,BUS_STRUCTURE,AABB_CLEAR,158.037,,158.037,CLEAR,False,"[145.572, -168.0, -57.0, -41.143, -20.954, -3.0]"
L_FAIL,STOWED,B51_REF_link6_LINKLOCAL,link6,Front_Transverse_Frame,BUS_STRUCTURE,AABB_CLEAR,130.4719,,130.4719,CLEAR,False,"[145.572, -168.0, -57.0, -41.143, -20.954, -3.0]"
L_FAIL,STOWED,B51_REF_link6_LINKLOCAL,link6,Fwd_Saddle,SADDLE_PLACEHOLDER,AABB_CLEAR,87.3433,,87.3433,CLEAR,False,"[145.572, -168.0, -57.0, -41.143, -20.954, -3.0]"
L_FAIL,STOWED,B51_REF_link6_LINKLOCAL,link6,HDRM_Base_1_Left,BUS_STRUCTURE,AABB_CLEAR,355.3322,,355.3322,CLEAR,False,"[145.572, -168.0, -57.0, -41.143, -20.954, -3.0]"
L_FAIL,STOWED,B51_REF_link6_LINKLOCAL,link6,HDRM_Base_1_Right,BUS_STRUCTURE,AABB_CLEAR,366.2132,,366.2132,CLEAR,False,"[145.572, -168.0, -57.0, -41.143, -20.954, -3.0]"
L_FAIL,STOWED,B51_REF_link6_LINKLOCAL,link6,HDRM_Base_2_Left,BUS_STRUCTURE,AABB_CLEAR,323.5656,,323.5656,CLEAR,False,"[145.572, -168.0, -57.0, -41.143, -20.954, -3.0]"
L_FAIL,STOWED,B51_REF_link6_LINKLOCAL,link6,HDRM_Base_2_Right,BUS_STRUCTURE,AABB_CLEAR,335.4785,,335.4785,CLEAR,False,"[145.572, -168.0, -57.0, -41.143, -20.954, -3.0]"
L_FAIL,STOWED,B51_REF_link6_LINKLOCAL,link6,HDRM_Rod_1_Left,BUS_STRUCTURE,AABB_CLEAR,365.493,,365.493,CLEAR,False,"[145.572, -168.0, -57.0, -41.143, -20.954, -3.0]"
L_FAIL,STOWED,B51_REF_link6_LINKLOCAL,link6,HDRM_Rod_1_Right,BUS_STRUCTURE,AABB_CLEAR,377.3209,,377.3209,CLEAR,False,"[145.572, -168.0, -57.0, -41.143, -20.954, -3.0]"
L_FAIL,STOWED,B51_REF_link6_LINKLOCAL,link6,HDRM_Rod_2_Left,BUS_STRUCTURE,AABB_CLEAR,331.5325,,331.5325,CLEAR,False,"[145.572, -168.0, -57.0, -41.143, -20.954, -3.0]"
L_FAIL,STOWED,B51_REF_link6_LINKLOCAL,link6,HDRM_Rod_2_Right,BUS_STRUCTURE,AABB_CLEAR,344.5284,,344.5284,CLEAR,False,"[145.572, -168.0, -57.0, -41.143, -20.954, -3.0]"
L_FAIL,STOWED,B51_REF_link6_LINKLOCAL,link6,Hard_Stop_Left,BUS_STRUCTURE,AABB_CLEAR,209.5022,,209.5022,CLEAR,False,"[145.572, -168.0, -57.0, -41.143, -20.954, -3.0]"
L_FAIL,STOWED,B51_REF_link6_LINKLOCAL,link6,Hard_Stop_Right,BUS_STRUCTURE,AABB_CLEAR,229.5151,,229.5151,CLEAR,False,"[145.572, -168.0, -57.0, -41.143, -20.954, -3.0]"
L_FAIL,STOWED,B51_REF_link6_LINKLOCAL,link6,Harness_Passage,ARM_MOUNT_INTERFACE,AABB_CLEAR,291.33,,291.33,CLEAR,False,"[145.572, -168.0, -57.0, -41.143, -20.954, -3.0]"
L_FAIL,STOWED,B51_REF_link6_LINKLOCAL,link6,Harness_Service_Loop_Left,BUS_STRUCTURE,AABB_CLEAR,261.8136,,261.8136,CLEAR,False,"[145.572, -168.0, -57.0, -41.143, -20.954, -3.0]"
L_FAIL,STOWED,B51_REF_link6_LINKLOCAL,link6,Harness_Service_Loop_Right,BUS_STRUCTURE,AABB_CLEAR,276.401,,276.401,CLEAR,False,"[145.572, -168.0, -57.0, -41.143, -20.954, -3.0]"
L_FAIL,STOWED,B51_REF_link6_LINKLOCAL,link6,Hinge_Ear_1_Left,BUS_STRUCTURE,AABB_CLEAR,241.5062,,241.5062,CLEAR,False,"[145.572, -168.0, -57.0, -41.143, -20.954, -3.0]"
L_FAIL,STOWED,B51_REF_link6_LINKLOCAL,link6,Hinge_Ear_1_Right,BUS_STRUCTURE,AABB_CLEAR,259.0584,,259.0584,CLEAR,False,"[145.572, -168.0, -57.0, -41.143, -20.954, -3.0]"
L_FAIL,STOWED,B51_REF_link6_LINKLOCAL,link6,Hinge_Ear_2_Left,BUS_STRUCTURE,AABB_CLEAR,237.3826,,237.3826,CLEAR,False,"[145.572, -168.0, -57.0, -41.143, -20.954, -3.0]"
L_FAIL,STOWED,B51_REF_link6_LINKLOCAL,link6,Hinge_Ear_2_Right,BUS_STRUCTURE,AABB_CLEAR,255.2185,,255.2185,CLEAR,False,"[145.572, -168.0, -57.0, -41.143, -20.954, -3.0]"
L_FAIL,STOWED,B51_REF_link6_LINKLOCAL,link6,Hinge_Pin_Left,BUS_STRUCTURE,AABB_CLEAR,241.2345,,241.2345,CLEAR,False,"[145.572, -168.0, -57.0, -41.143, -20.954, -3.0]"
L_FAIL,STOWED,B51_REF_link6_LINKLOCAL,link6,Hinge_Pin_Right,BUS_STRUCTURE,AABB_CLEAR,262.8375,,262.8375,CLEAR,False,"[145.572, -168.0, -57.0, -41.143, -20.954, -3.0]"
L_FAIL,STOWED,B51_REF_link6_LINKLOCAL,link6,Launch_Lock_Interface_Reference,REFERENCE_ONLY,AABB_CLEAR,65.33,,65.33,EXCLUDED_REFERENCE_ONLY_BODY,False,"[145.572, -168.0, -57.0, -41.143, -20.954, -3.0]"
L_FAIL,STOWED,B51_REF_link6_LINKLOCAL,link6,Load_Bridge_Left,ARM_MOUNT_INTERFACE,AABB_CLEAR,218.33,,218.33,CLEAR,False,"[145.572, -168.0, -57.0, -41.143, -20.954, -3.0]"
L_FAIL,STOWED,B51_REF_link6_LINKLOCAL,link6,Load_Bridge_Right,ARM_MOUNT_INTERFACE,AABB_CLEAR,224.2643,,224.2643,CLEAR,False,"[145.572, -168.0, -57.0, -41.143, -20.954, -3.0]"
L_FAIL,STOWED,B51_REF_link6_LINKLOCAL,link6,Load_Spreading_Frame,ARM_MOUNT_INTERFACE,AABB_CLEAR,169.3421,,169.3421,CLEAR,False,"[145.572, -168.0, -57.0, -41.143, -20.954, -3.0]"
L_FAIL,STOWED,B51_REF_link6_LINKLOCAL,link6,Longerons_4X,BUS_STRUCTURE,AABB_CLEAR,123.18,,123.18,CLEAR,False,"[145.572, -168.0, -57.0, -41.143, -20.954, -3.0]"
L_FAIL,STOWED,B51_REF_link6_LINKLOCAL,link6,Maintenance_Access_Cover,BUS_STRUCTURE,AABB_CLEAR,344.1327,,344.1327,CLEAR,False,"[145.572, -168.0, -57.0, -41.143, -20.954, -3.0]"
L_FAIL,STOWED,B51_REF_link6_LINKLOCAL,link6,Mid_Saddle,SADDLE_PLACEHOLDER,AABB_CLEAR,18.841,,18.841,CLEAR,False,"[145.572, -168.0, -57.0, -41.143, -20.954, -3.0]"
L_FAIL,STOWED,B51_REF_link6_LINKLOCAL,link6,Mid_Transverse_Frame_,BUS_STRUCTURE,AABB_CLEAR,123.18,,123.18,CLEAR,False,"[145.572, -168.0, -57.0, -41.143, -20.954, -3.0]"
L_FAIL,STOWED,B51_REF_link6_LINKLOCAL,link6,Rear_End_Frame,BUS_STRUCTURE,AABB_CLEAR,213.0699,,213.0699,CLEAR,False,"[145.572, -168.0, -57.0, -41.143, -20.954, -3.0]"
L_FAIL,STOWED,B51_REF_link6_LINKLOCAL,link6,Release_Clearance_Envelope,REFERENCE_ONLY,MESH,-67.2934,0.0014,0.0014,EXCLUDED_REFERENCE_ONLY_BODY,False,"[145.572, -168.0, -57.0, -41.143, -20.954, -3.0]"
L_FAIL,STOWED,B51_REF_link6_LINKLOCAL,link6,Root_Base_Left,BUS_STRUCTURE,AABB_CLEAR,201.42,,201.42,CLEAR,False,"[145.572, -168.0, -57.0, -41.143, -20.954, -3.0]"
L_FAIL,STOWED,B51_REF_link6_LINKLOCAL,link6,Root_Base_Right,BUS_STRUCTURE,AABB_CLEAR,220.0481,,220.0481,CLEAR,False,"[145.572, -168.0, -57.0, -41.143, -20.954, -3.0]"
L_FAIL,STOWED,B51_REF_link6_LINKLOCAL,link6,Root_Node_Spine_Left,BUS_STRUCTURE,AABB_CLEAR,170.8555,,170.8555,CLEAR,False,"[145.572, -168.0, -57.0, -41.143, -20.954, -3.0]"
L_FAIL,STOWED,B51_REF_link6_LINKLOCAL,link6,Root_Node_Spine_Right,BUS_STRUCTURE,AABB_CLEAR,191.552,,191.552,CLEAR,False,"[145.572, -168.0, -57.0, -41.143, -20.954, -3.0]"
L_FAIL,STOWED,B51_REF_link6_LINKLOCAL,link6,Spacecraft_Flange,ARM_MOUNT_INTERFACE,AABB_CLEAR,191.0991,,191.0991,CLEAR,False,"[145.572, -168.0, -57.0, -41.143, -20.954, -3.0]"
L_FAIL,STOWED,B51_REF_link6_LINKLOCAL,link6,Torsion_Spring_1_Left,BUS_STRUCTURE,AABB_CLEAR,244.5905,,244.5905,CLEAR,False,"[145.572, -168.0, -57.0, -41.143, -20.954, -3.0]"
L_FAIL,STOWED,B51_REF_link6_LINKLOCAL,link6,Torsion_Spring_1_Right,BUS_STRUCTURE,AABB_CLEAR,265.0406,,265.0406,CLEAR,False,"[145.572, -168.0, -57.0, -41.143, -20.954, -3.0]"
L_FAIL,STOWED,B51_REF_link6_LINKLOCAL,link6,Torsion_Spring_2_Left,BUS_STRUCTURE,AABB_CLEAR,234.8316,,234.8316,CLEAR,False,"[145.572, -168.0, -57.0, -41.143, -20.954, -3.0]"
L_FAIL,STOWED,B51_REF_link6_LINKLOCAL,link6,Torsion_Spring_2_Right,BUS_STRUCTURE,AABB_CLEAR,256.0623,,256.0623,CLEAR,False,"[145.572, -168.0, -57.0, -41.143, -20.954, -3.0]"
L_FAIL,STOWED,B51_REF_link6_LINKLOCAL,link6,WING_L_STOWED,SOLAR_WING,AABB_CLEAR,236.3993,,236.3993,CLEAR,False,"[145.572, -168.0, -57.0, -41.143, -20.954, -3.0]"
L_FAIL,STOWED,B51_REF_link6_LINKLOCAL,link6,WING_R_DEPLOYED,SOLAR_WING,AABB_CLEAR,249.6893,,249.6893,CLEAR,False,"[145.572, -168.0, -57.0, -41.143, -20.954, -3.0]"
L_FAIL,STOWED,B51_REF_gripper_detail_LINKLOCAL,gripper_link,Adapter_Plate,ARM_MOUNT_INTERFACE,AABB_CLEAR,195.7217,,195.7217,CLEAR,False,"[145.572, -168.0, -57.0, -41.143, -20.954, -3.0]"
L_FAIL,STOWED,B51_REF_gripper_detail_LINKLOCAL,gripper_link,Aft_Saddle,SADDLE_PLACEHOLDER,MESH,-44.8936,1.5478,1.5478,TIGHT_CLEARANCE,False,"[145.572, -168.0, -57.0, -41.143, -20.954, -3.0]"
L_FAIL,STOWED,B51_REF_gripper_detail_LINKLOCAL,gripper_link,Central_Boss,ARM_MOUNT_INTERFACE,AABB_CLEAR,221.9437,,221.9437,CLEAR,False,"[145.572, -168.0, -57.0, -41.143, -20.954, -3.0]"
L_FAIL,STOWED,B51_REF_gripper_detail_LINKLOCAL,gripper_link,Deck_Front_Bay,BUS_STRUCTURE,AABB_CLEAR,252.8693,,252.8693,CLEAR,False,"[145.572, -168.0, -57.0, -41.143, -20.954, -3.0]"
L_FAIL,STOWED,B51_REF_gripper_detail_LINKLOCAL,gripper_link,Deck_Mid_Bay,BUS_STRUCTURE,AABB_CLEAR,252.1864,,252.1864,CLEAR,False,"[145.572, -168.0, -57.0, -41.143, -20.954, -3.0]"
L_FAIL,STOWED,B51_REF_gripper_detail_LINKLOCAL,gripper_link,Deck_Rear_Bay,BUS_STRUCTURE,AABB_CLEAR,252.1864,,252.1864,CLEAR,False,"[145.572, -168.0, -57.0, -41.143, -20.954, -3.0]"
L_FAIL,STOWED,B51_REF_gripper_detail_LINKLOCAL,gripper_link,Front_End_Frame,BUS_STRUCTURE,AABB_CLEAR,167.4288,,167.4288,CLEAR,False,"[145.572, -168.0, -57.0, -41.143, -20.954, -3.0]"
L_FAIL,STOWED,B51_REF_gripper_detail_LINKLOCAL,gripper_link,Front_Transverse_Frame,BUS_STRUCTURE,AABB_CLEAR,129.0598,,129.0598,CLEAR,False,"[145.572, -168.0, -57.0, -41.143, -20.954, -3.0]"
L_FAIL,STOWED,B51_REF_gripper_detail_LINKLOCAL,gripper_link,Fwd_Saddle,SADDLE_PLACEHOLDER,AABB_CLEAR,114.7708,,114.7708,CLEAR,False,"[145.572, -168.0, -57.0, -41.143, -20.954, -3.0]"
L_FAIL,STOWED,B51_REF_gripper_detail_LINKLOCAL,gripper_link,HDRM_Base_1_Left,BUS_STRUCTURE,AABB_CLEAR,312.1218,,312.1218,CLEAR,False,"[145.572, -168.0, -57.0, -41.143, -20.954, -3.0]"
L_FAIL,STOWED,B51_REF_gripper_detail_LINKLOCAL,gripper_link,HDRM_Base_1_Right,BUS_STRUCTURE,AABB_CLEAR,313.4119,,313.4119,CLEAR,False,"[145.572, -168.0, -57.0, -41.143, -20.954, -3.0]"
L_FAIL,STOWED,B51_REF_gripper_detail_LINKLOCAL,gripper_link,HDRM_Base_2_Left,BUS_STRUCTURE,AABB_CLEAR,304.1864,,304.1864,CLEAR,False,"[145.572, -168.0, -57.0, -41.143, -20.954, -3.0]"
L_FAIL,STOWED,B51_REF_gripper_detail_LINKLOCAL,gripper_link,HDRM_Base_2_Right,BUS_STRUCTURE,AABB_CLEAR,305.5101,,305.5101,CLEAR,False,"[145.572, -168.0, -57.0, -41.143, -20.954, -3.0]"
L_FAIL,STOWED,B51_REF_gripper_detail_LINKLOCAL,gripper_link,HDRM_Rod_1_Left,BUS_STRUCTURE,AABB_CLEAR,320.6182,,320.6182,CLEAR,False,"[145.572, -168.0, -57.0, -41.143, -20.954, -3.0]"
L_FAIL,STOWED,B51_REF_gripper_detail_LINKLOCAL,gripper_link,HDRM_Rod_1_Right,BUS_STRUCTURE,AABB_CLEAR,322.6162,,322.6162,CLEAR,False,"[145.572, -168.0, -57.0, -41.143, -20.954, -3.0]"
L_FAIL,STOWED,B51_REF_gripper_detail_LINKLOCAL,gripper_link,HDRM_Rod_2_Left,BUS_STRUCTURE,AABB_CLEAR,311.2513,,311.2513,CLEAR,False,"[145.572, -168.0, -57.0, -41.143, -20.954, -3.0]"
L_FAIL,STOWED,B51_REF_gripper_detail_LINKLOCAL,gripper_link,HDRM_Rod_2_Right,BUS_STRUCTURE,AABB_CLEAR,313.309,,313.309,CLEAR,False,"[145.572, -168.0, -57.0, -41.143, -20.954, -3.0]"
L_FAIL,STOWED,B51_REF_gripper_detail_LINKLOCAL,gripper_link,Hard_Stop_Left,BUS_STRUCTURE,AABB_CLEAR,179.299,,179.299,CLEAR,False,"[145.572, -168.0, -57.0, -41.143, -20.954, -3.0]"
L_FAIL,STOWED,B51_REF_gripper_detail_LINKLOCAL,gripper_link,Hard_Stop_Right,BUS_STRUCTURE,AABB_CLEAR,182.8478,,182.8478,CLEAR,False,"[145.572, -168.0, -57.0, -41.143, -20.954, -3.0]"
L_FAIL,STOWED,B51_REF_gripper_detail_LINKLOCAL,gripper_link,Harness_Passage,ARM_MOUNT_INTERFACE,AABB_CLEAR,274.8146,,274.8146,CLEAR,False,"[145.572, -168.0, -57.0, -41.143, -20.954, -3.0]"
L_FAIL,STOWED,B51_REF_gripper_detail_LINKLOCAL,gripper_link,Harness_Service_Loop_Left,BUS_STRUCTURE,AABB_CLEAR,226.501,,226.501,CLEAR,False,"[145.572, -168.0, -57.0, -41.143, -20.954, -3.0]"
L_FAIL,STOWED,B51_REF_gripper_detail_LINKLOCAL,gripper_link,Harness_Service_Loop_Right,BUS_STRUCTURE,AABB_CLEAR,228.2755,,228.2755,CLEAR,False,"[145.572, -168.0, -57.0, -41.143, -20.954, -3.0]"
L_FAIL,STOWED,B51_REF_gripper_detail_LINKLOCAL,gripper_link,Hinge_Ear_1_Left,BUS_STRUCTURE,AABB_CLEAR,211.282,,211.282,CLEAR,False,"[145.572, -168.0, -57.0, -41.143, -20.954, -3.0]"
L_FAIL,STOWED,B51_REF_gripper_detail_LINKLOCAL,gripper_link,Hinge_Ear_1_Right,BUS_STRUCTURE,AABB_CLEAR,214.3018,,214.3018,CLEAR,False,"[145.572, -168.0, -57.0, -41.143, -20.954, -3.0]"
L_FAIL,STOWED,B51_REF_gripper_detail_LINKLOCAL,gripper_link,Hinge_Ear_2_Left,BUS_STRUCTURE,AABB_CLEAR,211.282,,211.282,CLEAR,False,"[145.572, -168.0, -57.0, -41.143, -20.954, -3.0]"
L_FAIL,STOWED,B51_REF_gripper_detail_LINKLOCAL,gripper_link,Hinge_Ear_2_Right,BUS_STRUCTURE,AABB_CLEAR,214.3018,,214.3018,CLEAR,False,"[145.572, -168.0, -57.0, -41.143, -20.954, -3.0]"
L_FAIL,STOWED,B51_REF_gripper_detail_LINKLOCAL,gripper_link,Hinge_Pin_Left,BUS_STRUCTURE,AABB_CLEAR,213.5795,,213.5795,CLEAR,False,"[145.572, -168.0, -57.0, -41.143, -20.954, -3.0]"
L_FAIL,STOWED,B51_REF_gripper_detail_LINKLOCAL,gripper_link,Hinge_Pin_Right,BUS_STRUCTURE,AABB_CLEAR,219.051,,219.051,CLEAR,False,"[145.572, -168.0, -57.0, -41.143, -20.954, -3.0]"
L_FAIL,STOWED,B51_REF_gripper_detail_LINKLOCAL,gripper_link,Launch_Lock_Interface_Reference,REFERENCE_ONLY,AABB_CLEAR,48.1864,,48.1864,EXCLUDED_REFERENCE_ONLY_BODY,False,"[145.572, -168.0, -57.0, -41.143, -20.954, -3.0]"
L_FAIL,STOWED,B51_REF_gripper_detail_LINKLOCAL,gripper_link,Load_Bridge_Left,ARM_MOUNT_INTERFACE,AABB_CLEAR,202.0417,,202.0417,CLEAR,False,"[145.572, -168.0, -57.0, -41.143, -20.954, -3.0]"
L_FAIL,STOWED,B51_REF_gripper_detail_LINKLOCAL,gripper_link,Load_Bridge_Right,ARM_MOUNT_INTERFACE,AABB_CLEAR,202.0417,,202.0417,CLEAR,False,"[145.572, -168.0, -57.0, -41.143, -20.954, -3.0]"
L_FAIL,STOWED,B51_REF_gripper_detail_LINKLOCAL,gripper_link,Load_Spreading_Frame,ARM_MOUNT_INTERFACE,AABB_CLEAR,175.8013,,175.8013,CLEAR,False,"[145.572, -168.0, -57.0, -41.143, -20.954, -3.0]"
L_FAIL,STOWED,B51_REF_gripper_detail_LINKLOCAL,gripper_link,Longerons_4X,BUS_STRUCTURE,AABB_CLEAR,106.0364,,106.0364,CLEAR,False,"[145.572, -168.0, -57.0, -41.143, -20.954, -3.0]"
L_FAIL,STOWED,B51_REF_gripper_detail_LINKLOCAL,gripper_link,Maintenance_Access_Cover,BUS_STRUCTURE,AABB_CLEAR,333.2239,,333.2239,CLEAR,False,"[145.572, -168.0, -57.0, -41.143, -20.954, -3.0]"
L_FAIL,STOWED,B51_REF_gripper_detail_LINKLOCAL,gripper_link,Mid_Saddle,SADDLE_PLACEHOLDER,AABB_CLEAR,34.5944,,34.5944,CLEAR,False,"[145.572, -168.0, -57.0, -41.143, -20.954, -3.0]"
L_FAIL,STOWED,B51_REF_gripper_detail_LINKLOCAL,gripper_link,Mid_Transverse_Frame_,BUS_STRUCTURE,AABB_CLEAR,106.0364,,106.0364,CLEAR,False,"[145.572, -168.0, -57.0, -41.143, -20.954, -3.0]"
L_FAIL,STOWED,B51_REF_gripper_detail_LINKLOCAL,gripper_link,Rear_End_Frame,BUS_STRUCTURE,AABB_CLEAR,143.6654,,143.6654,CLEAR,False,"[145.572, -168.0, -57.0, -41.143, -20.954, -3.0]"
L_FAIL,STOWED,B51_REF_gripper_detail_LINKLOCAL,gripper_link,Release_Clearance_Envelope,REFERENCE_ONLY,MESH,-117.0224,0.0053,0.0053,EXCLUDED_REFERENCE_ONLY_BODY,False,"[145.572, -168.0, -57.0, -41.143, -20.954, -3.0]"
L_FAIL,STOWED,B51_REF_gripper_detail_LINKLOCAL,gripper_link,Root_Base_Left,BUS_STRUCTURE,AABB_CLEAR,176.1864,,176.1864,CLEAR,False,"[145.572, -168.0, -57.0, -41.143, -20.954, -3.0]"
L_FAIL,STOWED,B51_REF_gripper_detail_LINKLOCAL,gripper_link,Root_Base_Right,BUS_STRUCTURE,AABB_CLEAR,178.462,,178.462,CLEAR,False,"[145.572, -168.0, -57.0, -41.143, -20.954, -3.0]"
L_FAIL,STOWED,B51_REF_gripper_detail_LINKLOCAL,gripper_link,Root_Node_Spine_Left,BUS_STRUCTURE,AABB_CLEAR,141.1864,,141.1864,CLEAR,False,"[145.572, -168.0, -57.0, -41.143, -20.954, -3.0]"
L_FAIL,STOWED,B51_REF_gripper_detail_LINKLOCAL,gripper_link,Root_Node_Spine_Right,BUS_STRUCTURE,AABB_CLEAR,143.4544,,143.4544,CLEAR,False,"[145.572, -168.0, -57.0, -41.143, -20.954, -3.0]"
L_FAIL,STOWED,B51_REF_gripper_detail_LINKLOCAL,gripper_link,Spacecraft_Flange,ARM_MOUNT_INTERFACE,AABB_CLEAR,197.128,,197.128,CLEAR,False,"[145.572, -168.0, -57.0, -41.143, -20.954, -3.0]"
L_FAIL,STOWED,B51_REF_gripper_detail_LINKLOCAL,gripper_link,Torsion_Spring_1_Left,BUS_STRUCTURE,AABB_CLEAR,209.179,,209.179,CLEAR,False,"[145.572, -168.0, -57.0, -41.143, -20.954, -3.0]"
L_FAIL,STOWED,B51_REF_gripper_detail_LINKLOCAL,gripper_link,Torsion_Spring_1_Right,BUS_STRUCTURE,AABB_CLEAR,214.2022,,214.2022,CLEAR,False,"[145.572, -168.0, -57.0, -41.143, -20.954, -3.0]"
L_FAIL,STOWED,B51_REF_gripper_detail_LINKLOCAL,gripper_link,Torsion_Spring_2_Left,BUS_STRUCTURE,AABB_CLEAR,209.179,,209.179,CLEAR,False,"[145.572, -168.0, -57.0, -41.143, -20.954, -3.0]"
L_FAIL,STOWED,B51_REF_gripper_detail_LINKLOCAL,gripper_link,Torsion_Spring_2_Right,BUS_STRUCTURE,AABB_CLEAR,214.2022,,214.2022,CLEAR,False,"[145.572, -168.0, -57.0, -41.143, -20.954, -3.0]"
L_FAIL,STOWED,B51_REF_gripper_detail_LINKLOCAL,gripper_link,WING_L_STOWED,SOLAR_WING,AABB_CLEAR,216.1864,,216.1864,CLEAR,False,"[145.572, -168.0, -57.0, -41.143, -20.954, -3.0]"
L_FAIL,STOWED,B51_REF_gripper_detail_LINKLOCAL,gripper_link,WING_R_DEPLOYED,SOLAR_WING,AABB_CLEAR,215.0708,,215.0708,CLEAR,False,"[145.572, -168.0, -57.0, -41.143, -20.954, -3.0]"
R_FAIL,STOWED,B51_REF_base_link_LINKLOCAL,base_link,Adapter_Plate,ARM_MOUNT_INTERFACE,AABB_CLEAR,12.405,,12.405,EXCLUDED_BOLTED_MOUNT_INTERFACE,False,"[145.572, -168.0, -57.0, -41.143, -20.954, -3.0]"
R_FAIL,STOWED,B51_REF_base_link_LINKLOCAL,base_link,Aft_Saddle,SADDLE_PLACEHOLDER,AABB_CLEAR,216.7609,,216.7609,CLEAR,False,"[145.572, -168.0, -57.0, -41.143, -20.954, -3.0]"
R_FAIL,STOWED,B51_REF_base_link_LINKLOCAL,base_link,Central_Boss,ARM_MOUNT_INTERFACE,MESH,2.405,2.7142,2.7142,EXCLUDED_BOLTED_MOUNT_INTERFACE,False,"[145.572, -168.0, -57.0, -41.143, -20.954, -3.0]"
R_FAIL,STOWED,B51_REF_base_link_LINKLOCAL,base_link,Deck_Front_Bay,BUS_STRUCTURE,AABB_CLEAR,91.405,,91.405,CLEAR,False,"[145.572, -168.0, -57.0, -41.143, -20.954, -3.0]"
R_FAIL,STOWED,B51_REF_base_link_LINKLOCAL,base_link,Deck_Mid_Bay,BUS_STRUCTURE,AABB_CLEAR,152.405,,152.405,CLEAR,False,"[145.572, -168.0, -57.0, -41.143, -20.954, -3.0]"
R_FAIL,STOWED,B51_REF_base_link_LINKLOCAL,base_link,Deck_Rear_Bay,BUS_STRUCTURE,AABB_CLEAR,274.405,,274.405,CLEAR,False,"[145.572, -168.0, -57.0, -41.143, -20.954, -3.0]"
R_FAIL,STOWED,B51_REF_base_link_LINKLOCAL,base_link,Front_End_Frame,BUS_STRUCTURE,AABB_CLEAR,27.405,,27.405,CLEAR,False,"[145.572, -168.0, -57.0, -41.143, -20.954, -3.0]"
R_FAIL,STOWED,B51_REF_base_link_LINKLOCAL,base_link,Front_Transverse_Frame,BUS_STRUCTURE,AABB_CLEAR,85.405,,85.405,CLEAR,False,"[145.572, -168.0, -57.0, -41.143, -20.954, -3.0]"
R_FAIL,STOWED,B51_REF_base_link_LINKLOCAL,base_link,Fwd_Saddle,SADDLE_PLACEHOLDER,AABB_CLEAR,60.328,,60.328,CLEAR,False,"[145.572, -168.0, -57.0, -41.143, -20.954, -3.0]"
R_FAIL,STOWED,B51_REF_base_link_LINKLOCAL,base_link,HDRM_Base_1_Left,BUS_STRUCTURE,AABB_CLEAR,363.1471,,363.1471,CLEAR,False,"[145.572, -168.0, -57.0, -41.143, -20.954, -3.0]"
R_FAIL,STOWED,B51_REF_base_link_LINKLOCAL,base_link,HDRM_Base_1_Right,BUS_STRUCTURE,AABB_CLEAR,363.1517,,363.1517,CLEAR,False,"[145.572, -168.0, -57.0, -41.143, -20.954, -3.0]"
R_FAIL,STOWED,B51_REF_base_link_LINKLOCAL,base_link,HDRM_Base_2_Left,BUS_STRUCTURE,AABB_CLEAR,168.8604,,168.8604,CLEAR,False,"[145.572, -168.0, -57.0, -41.143, -20.954, -3.0]"
R_FAIL,STOWED,B51_REF_base_link_LINKLOCAL,base_link,HDRM_Base_2_Right,BUS_STRUCTURE,AABB_CLEAR,168.8702,,168.8702,CLEAR,False,"[145.572, -168.0, -57.0, -41.143, -20.954, -3.0]"
R_FAIL,STOWED,B51_REF_base_link_LINKLOCAL,base_link,HDRM_Rod_1_Left,BUS_STRUCTURE,AABB_CLEAR,371.8367,,371.8367,CLEAR,False,"[145.572, -168.0, -57.0, -41.143, -20.954, -3.0]"
R_FAIL,STOWED,B51_REF_base_link_LINKLOCAL,base_link,HDRM_Rod_1_Right,BUS_STRUCTURE,AABB_CLEAR,371.8418,,371.8418,CLEAR,False,"[145.572, -168.0, -57.0, -41.143, -20.954, -3.0]"
R_FAIL,STOWED,B51_REF_base_link_LINKLOCAL,base_link,HDRM_Rod_2_Left,BUS_STRUCTURE,AABB_CLEAR,179.1662,,179.1662,CLEAR,False,"[145.572, -168.0, -57.0, -41.143, -20.954, -3.0]"
R_FAIL,STOWED,B51_REF_base_link_LINKLOCAL,base_link,HDRM_Rod_2_Right,BUS_STRUCTURE,AABB_CLEAR,179.1769,,179.1769,CLEAR,False,"[145.572, -168.0, -57.0, -41.143, -20.954, -3.0]"
R_FAIL,STOWED,B51_REF_base_link_LINKLOCAL,base_link,Hard_Stop_Left,BUS_STRUCTURE,AABB_CLEAR,275.0303,,275.0303,CLEAR,False,"[145.572, -168.0, -57.0, -41.143, -20.954, -3.0]"
R_FAIL,STOWED,B51_REF_base_link_LINKLOCAL,base_link,Hard_Stop_Right,BUS_STRUCTURE,AABB_CLEAR,275.0373,,275.0373,CLEAR,False,"[145.572, -168.0, -57.0, -41.143, -20.954, -3.0]"
R_FAIL,STOWED,B51_REF_base_link_LINKLOCAL,base_link,Harness_Passage,ARM_MOUNT_INTERFACE,AABB_CLEAR,39.405,,39.405,EXCLUDED_BOLTED_MOUNT_INTERFACE,False,"[145.572, -168.0, -57.0, -41.143, -20.954, -3.0]"
R_FAIL,STOWED,B51_REF_base_link_LINKLOCAL,base_link,Harness_Service_Loop_Left,BUS_STRUCTURE,AABB_CLEAR,304.873,,304.873,CLEAR,False,"[145.572, -168.0, -57.0, -41.143, -20.954, -3.0]"
R_FAIL,STOWED,B51_REF_base_link_LINKLOCAL,base_link,Harness_Service_Loop_Right,BUS_STRUCTURE,AABB_CLEAR,304.8784,,304.8784,CLEAR,False,"[145.572, -168.0, -57.0, -41.143, -20.954, -3.0]"
R_FAIL,STOWED,B51_REF_base_link_LINKLOCAL,base_link,Hinge_Ear_1_Left,BUS_STRUCTURE,AABB_CLEAR,281.8658,,281.8658,CLEAR,False,"[145.572, -168.0, -57.0, -41.143, -20.954, -3.0]"
R_FAIL,STOWED,B51_REF_base_link_LINKLOCAL,base_link,Hinge_Ear_1_Right,BUS_STRUCTURE,AABB_CLEAR,281.8726,,281.8726,CLEAR,False,"[145.572, -168.0, -57.0, -41.143, -20.954, -3.0]"
R_FAIL,STOWED,B51_REF_base_link_LINKLOCAL,base_link,Hinge_Ear_2_Left,BUS_STRUCTURE,AABB_CLEAR,264.3062,,264.3062,CLEAR,False,"[145.572, -168.0, -57.0, -41.143, -20.954, -3.0]"
R_FAIL,STOWED,B51_REF_base_link_LINKLOCAL,base_link,Hinge_Ear_2_Right,BUS_STRUCTURE,AABB_CLEAR,264.3134,,264.3134,CLEAR,False,"[145.572, -168.0, -57.0, -41.143, -20.954, -3.0]"
R_FAIL,STOWED,B51_REF_base_link_LINKLOCAL,base_link,Hinge_Pin_Left,BUS_STRUCTURE,AABB_CLEAR,262.2731,,262.2731,CLEAR,False,"[145.572, -168.0, -57.0, -41.143, -20.954, -3.0]"
R_FAIL,STOWED,B51_REF_base_link_LINKLOCAL,base_link,Hinge_Pin_Right,BUS_STRUCTURE,AABB_CLEAR,262.2826,,262.2826,CLEAR,False,"[145.572, -168.0, -57.0, -41.143, -20.954, -3.0]"
R_FAIL,STOWED,B51_REF_base_link_LINKLOCAL,base_link,Launch_Lock_Interface_Reference,REFERENCE_ONLY,AABB_CLEAR,212.5956,,212.5956,EXCLUDED_REFERENCE_ONLY_BODY,False,"[145.572, -168.0, -57.0, -41.143, -20.954, -3.0]"
R_FAIL,STOWED,B51_REF_base_link_LINKLOCAL,base_link,Load_Bridge_Left,ARM_MOUNT_INTERFACE,AABB_CLEAR,39.9965,,39.9965,EXCLUDED_BOLTED_MOUNT_INTERFACE,False,"[145.572, -168.0, -57.0, -41.143, -20.954, -3.0]"
R_FAIL,STOWED,B51_REF_base_link_LINKLOCAL,base_link,Load_Bridge_Right,ARM_MOUNT_INTERFACE,AABB_CLEAR,40.002,,40.002,EXCLUDED_BOLTED_MOUNT_INTERFACE,False,"[145.572, -168.0, -57.0, -41.143, -20.954, -3.0]"
R_FAIL,STOWED,B51_REF_base_link_LINKLOCAL,base_link,Load_Spreading_Frame,ARM_MOUNT_INTERFACE,AABB_CLEAR,35.405,,35.405,EXCLUDED_BOLTED_MOUNT_INTERFACE,False,"[145.572, -168.0, -57.0, -41.143, -20.954, -3.0]"
R_FAIL,STOWED,B51_REF_base_link_LINKLOCAL,base_link,Longerons_4X,BUS_STRUCTURE,AABB_CLEAR,27.405,,27.405,CLEAR,False,"[145.572, -168.0, -57.0, -41.143, -20.954, -3.0]"
R_FAIL,STOWED,B51_REF_base_link_LINKLOCAL,base_link,Maintenance_Access_Cover,BUS_STRUCTURE,AABB_CLEAR,61.1753,,61.1753,CLEAR,False,"[145.572, -168.0, -57.0, -41.143, -20.954, -3.0]"
R_FAIL,STOWED,B51_REF_base_link_LINKLOCAL,base_link,Mid_Saddle,SADDLE_PLACEHOLDER,AABB_CLEAR,122.083,,122.083,CLEAR,False,"[145.572, -168.0, -57.0, -41.143, -20.954, -3.0]"
R_FAIL,STOWED,B51_REF_base_link_LINKLOCAL,base_link,Mid_Transverse_Frame_,BUS_STRUCTURE,AABB_CLEAR,146.405,,146.405,CLEAR,False,"[145.572, -168.0, -57.0, -41.143, -20.954, -3.0]"
R_FAIL,STOWED,B51_REF_base_link_LINKLOCAL,base_link,Rear_End_Frame,BUS_STRUCTURE,AABB_CLEAR,385.405,,385.405,CLEAR,False,"[145.572, -168.0, -57.0, -41.143, -20.954, -3.0]"
R_FAIL,STOWED,B51_REF_base_link_LINKLOCAL,base_link,Release_Clearance_Envelope,REFERENCE_ONLY,AABB_CLEAR,246.8543,,246.8543,EXCLUDED_REFERENCE_ONLY_BODY,False,"[145.572, -168.0, -57.0, -41.143, -20.954, -3.0]"
R_FAIL,STOWED,B51_REF_base_link_LINKLOCAL,base_link,Root_Base_Left,BUS_STRUCTURE,AABB_CLEAR,258.686,,258.686,CLEAR,False,"[145.572, -168.0, -57.0, -41.143, -20.954, -3.0]"
R_FAIL,STOWED,B51_REF_base_link_LINKLOCAL,base_link,Root_Base_Right,BUS_STRUCTURE,AABB_CLEAR,258.6924,,258.6924,CLEAR,False,"[145.572, -168.0, -57.0, -41.143, -20.954, -3.0]"
R_FAIL,STOWED,B51_REF_base_link_LINKLOCAL,base_link,Root_Node_Spine_Left,BUS_STRUCTURE,AABB_CLEAR,269.891,,269.891,CLEAR,False,"[145.572, -168.0, -57.0, -41.143, -20.954, -3.0]"
R_FAIL,STOWED,B51_REF_base_link_LINKLOCAL,base_link,Root_Node_Spine_Right,BUS_STRUCTURE,AABB_CLEAR,269.8968,,269.8968,CLEAR,False,"[145.572, -168.0, -57.0, -41.143, -20.954, -3.0]"
R_FAIL,STOWED,B51_REF_base_link_LINKLOCAL,base_link,Spacecraft_Flange,ARM_MOUNT_INTERFACE,AABB_CLEAR,24.405,,24.405,EXCLUDED_BOLTED_MOUNT_INTERFACE,False,"[145.572, -168.0, -57.0, -41.143, -20.954, -3.0]"
R_FAIL,STOWED,B51_REF_base_link_LINKLOCAL,base_link,Torsion_Spring_1_Left,BUS_STRUCTURE,AABB_CLEAR,294.8432,,294.8432,CLEAR,False,"[145.572, -168.0, -57.0, -41.143, -20.954, -3.0]"
R_FAIL,STOWED,B51_REF_base_link_LINKLOCAL,base_link,Torsion_Spring_1_Right,BUS_STRUCTURE,AABB_CLEAR,294.8512,,294.8512,CLEAR,False,"[145.572, -168.0, -57.0, -41.143, -20.954, -3.0]"
R_FAIL,STOWED,B51_REF_base_link_LINKLOCAL,base_link,Torsion_Spring_2_Left,BUS_STRUCTURE,AABB_CLEAR,250.5818,,250.5818,CLEAR,False,"[145.572, -168.0, -57.0, -41.143, -20.954, -3.0]"
R_FAIL,STOWED,B51_REF_base_link_LINKLOCAL,base_link,Torsion_Spring_2_Right,BUS_STRUCTURE,AABB_CLEAR,250.5913,,250.5913,CLEAR,False,"[145.572, -168.0, -57.0, -41.143, -20.954, -3.0]"
R_FAIL,STOWED,B51_REF_base_link_LINKLOCAL,base_link,WING_L_DEPLOYED,SOLAR_WING,AABB_CLEAR,166.2478,,166.2478,CLEAR,False,"[145.572, -168.0, -57.0, -41.143, -20.954, -3.0]"
R_FAIL,STOWED,B51_REF_base_link_LINKLOCAL,base_link,WING_R_STOWED,SOLAR_WING,AABB_CLEAR,166.2578,,166.2578,CLEAR,False,"[145.572, -168.0, -57.0, -41.143, -20.954, -3.0]"
R_FAIL,STOWED,B51_REF_link1_LINKLOCAL,link1,Adapter_Plate,ARM_MOUNT_INTERFACE,AABB_CLEAR,84.05,,84.05,CLEAR,False,"[145.572, -168.0, -57.0, -41.143, -20.954, -3.0]"
R_FAIL,STOWED,B51_REF_link1_LINKLOCAL,link1,Aft_Saddle,SADDLE_PLACEHOLDER,AABB_CLEAR,283.8346,,283.8346,CLEAR,False,"[145.572, -168.0, -57.0, -41.143, -20.954, -3.0]"
R_FAIL,STOWED,B51_REF_link1_LINKLOCAL,link1,Central_Boss,ARM_MOUNT_INTERFACE,AABB_CLEAR,74.05,,74.05,CLEAR,False,"[145.572, -168.0, -57.0, -41.143, -20.954, -3.0]"
R_FAIL,STOWED,B51_REF_link1_LINKLOCAL,link1,Deck_Front_Bay,BUS_STRUCTURE,AABB_CLEAR,163.05,,163.05,CLEAR,False,"[145.572, -168.0, -57.0, -41.143, -20.954, -3.0]"
R_FAIL,STOWED,B51_REF_link1_LINKLOCAL,link1,Deck_Mid_Bay,BUS_STRUCTURE,AABB_CLEAR,224.05,,224.05,CLEAR,False,"[145.572, -168.0, -57.0, -41.143, -20.954, -3.0]"
R_FAIL,STOWED,B51_REF_link1_LINKLOCAL,link1,Deck_Rear_Bay,BUS_STRUCTURE,AABB_CLEAR,346.05,,346.05,CLEAR,False,"[145.572, -168.0, -57.0, -41.143, -20.954, -3.0]"
R_FAIL,STOWED,B51_REF_link1_LINKLOCAL,link1,Front_End_Frame,BUS_STRUCTURE,AABB_CLEAR,99.05,,99.05,CLEAR,False,"[145.572, -168.0, -57.0, -41.143, -20.954, -3.0]"
R_FAIL,STOWED,B51_REF_link1_LINKLOCAL,link1,Front_Transverse_Frame,BUS_STRUCTURE,AABB_CLEAR,157.05,,157.05,CLEAR,False,"[145.572, -168.0, -57.0, -41.143, -20.954, -3.0]"
R_FAIL,STOWED,B51_REF_link1_LINKLOCAL,link1,Fwd_Saddle,SADDLE_PLACEHOLDER,AABB_CLEAR,106.8835,,106.8835,CLEAR,False,"[145.572, -168.0, -57.0, -41.143, -20.954, -3.0]"
R_FAIL,STOWED,B51_REF_link1_LINKLOCAL,link1,HDRM_Base_1_Left,BUS_STRUCTURE,AABB_CLEAR,432.2893,,432.2893,CLEAR,False,"[145.572, -168.0, -57.0, -41.143, -20.954, -3.0]"
R_FAIL,STOWED,B51_REF_link1_LINKLOCAL,link1,HDRM_Base_1_Right,BUS_STRUCTURE,AABB_CLEAR,432.541,,432.541,CLEAR,False,"[145.572, -168.0, -57.0, -41.143, -20.954, -3.0]"
R_FAIL,STOWED,B51_REF_link1_LINKLOCAL,link1,HDRM_Base_2_Left,BUS_STRUCTURE,AABB_CLEAR,234.2094,,234.2094,CLEAR,False,"[145.572, -168.0, -57.0, -41.143, -20.954, -3.0]"
R_FAIL,STOWED,B51_REF_link1_LINKLOCAL,link1,HDRM_Base_2_Right,BUS_STRUCTURE,AABB_CLEAR,234.6736,,234.6736,CLEAR,False,"[145.572, -168.0, -57.0, -41.143, -20.954, -3.0]"
R_FAIL,STOWED,B51_REF_link1_LINKLOCAL,link1,HDRM_Rod_1_Left,BUS_STRUCTURE,AABB_CLEAR,440.4221,,440.4221,CLEAR,False,"[145.572, -168.0, -57.0, -41.143, -20.954, -3.0]"
R_FAIL,STOWED,B51_REF_link1_LINKLOCAL,link1,HDRM_Rod_1_Right,BUS_STRUCTURE,AABB_CLEAR,440.719,,440.719,CLEAR,False,"[145.572, -168.0, -57.0, -41.143, -20.954, -3.0]"
R_FAIL,STOWED,B51_REF_link1_LINKLOCAL,link1,HDRM_Rod_2_Left,BUS_STRUCTURE,AABB_CLEAR,243.2111,,243.2111,CLEAR,False,"[145.572, -168.0, -57.0, -41.143, -20.954, -3.0]"
R_FAIL,STOWED,B51_REF_link1_LINKLOCAL,link1,HDRM_Rod_2_Right,BUS_STRUCTURE,AABB_CLEAR,243.7483,,243.7483,CLEAR,False,"[145.572, -168.0, -57.0, -41.143, -20.954, -3.0]"
R_FAIL,STOWED,B51_REF_link1_LINKLOCAL,link1,Hard_Stop_Left,BUS_STRUCTURE,AABB_CLEAR,343.1802,,343.1802,CLEAR,False,"[145.572, -168.0, -57.0, -41.143, -20.954, -3.0]"
R_FAIL,STOWED,B51_REF_link1_LINKLOCAL,link1,Hard_Stop_Right,BUS_STRUCTURE,AABB_CLEAR,343.5611,,343.5611,CLEAR,False,"[145.572, -168.0, -57.0, -41.143, -20.954, -3.0]"
R_FAIL,STOWED,B51_REF_link1_LINKLOCAL,link1,Harness_Passage,ARM_MOUNT_INTERFACE,AABB_CLEAR,111.05,,111.05,CLEAR,False,"[145.572, -168.0, -57.0, -41.143, -20.954, -3.0]"
R_FAIL,STOWED,B51_REF_link1_LINKLOCAL,link1,Harness_Service_Loop_Left,BUS_STRUCTURE,AABB_CLEAR,374.0106,,374.0106,CLEAR,False,"[145.572, -168.0, -57.0, -41.143, -20.954, -3.0]"
R_FAIL,STOWED,B51_REF_link1_LINKLOCAL,link1,Harness_Service_Loop_Right,BUS_STRUCTURE,AABB_CLEAR,374.3014,,374.3014,CLEAR,False,"[145.572, -168.0, -57.0, -41.143, -20.954, -3.0]"
R_FAIL,STOWED,B51_REF_link1_LINKLOCAL,link1,Hinge_Ear_1_Left,BUS_STRUCTURE,AABB_CLEAR,350.1176,,350.1176,CLEAR,False,"[145.572, -168.0, -57.0, -41.143, -20.954, -3.0]"
R_FAIL,STOWED,B51_REF_link1_LINKLOCAL,link1,Hinge_Ear_1_Right,BUS_STRUCTURE,AABB_CLEAR,350.491,,350.491,CLEAR,False,"[145.572, -168.0, -57.0, -41.143, -20.954, -3.0]"
R_FAIL,STOWED,B51_REF_link1_LINKLOCAL,link1,Hinge_Ear_2_Left,BUS_STRUCTURE,AABB_CLEAR,332.2839,,332.2839,CLEAR,False,"[145.572, -168.0, -57.0, -41.143, -20.954, -3.0]"
R_FAIL,STOWED,B51_REF_link1_LINKLOCAL,link1,Hinge_Ear_2_Right,BUS_STRUCTURE,AABB_CLEAR,332.6772,,332.6772,CLEAR,False,"[145.572, -168.0, -57.0, -41.143, -20.954, -3.0]"
R_FAIL,STOWED,B51_REF_link1_LINKLOCAL,link1,Hinge_Pin_Left,BUS_STRUCTURE,AABB_CLEAR,328.3957,,328.3957,CLEAR,False,"[145.572, -168.0, -57.0, -41.143, -20.954, -3.0]"
R_FAIL,STOWED,B51_REF_link1_LINKLOCAL,link1,Hinge_Pin_Right,BUS_STRUCTURE,AABB_CLEAR,328.944,,328.944,CLEAR,False,"[145.572, -168.0, -57.0, -41.143, -20.954, -3.0]"
R_FAIL,STOWED,B51_REF_link1_LINKLOCAL,link1,Launch_Lock_Interface_Reference,REFERENCE_ONLY,AABB_CLEAR,276.7209,,276.7209,EXCLUDED_REFERENCE_ONLY_BODY,False,"[145.572, -168.0, -57.0, -41.143, -20.954, -3.0]"
R_FAIL,STOWED,B51_REF_link1_LINKLOCAL,link1,Load_Bridge_Left,ARM_MOUNT_INTERFACE,AABB_CLEAR,111.05,,111.05,CLEAR,False,"[145.572, -168.0, -57.0, -41.143, -20.954, -3.0]"
R_FAIL,STOWED,B51_REF_link1_LINKLOCAL,link1,Load_Bridge_Right,ARM_MOUNT_INTERFACE,AABB_CLEAR,111.05,,111.05,CLEAR,False,"[145.572, -168.0, -57.0, -41.143, -20.954, -3.0]"
R_FAIL,STOWED,B51_REF_link1_LINKLOCAL,link1,Load_Spreading_Frame,ARM_MOUNT_INTERFACE,AABB_CLEAR,107.05,,107.05,CLEAR,False,"[145.572, -168.0, -57.0, -41.143, -20.954, -3.0]"
R_FAIL,STOWED,B51_REF_link1_LINKLOCAL,link1,Longerons_4X,BUS_STRUCTURE,AABB_CLEAR,99.05,,99.05,CLEAR,False,"[145.572, -168.0, -57.0, -41.143, -20.954, -3.0]"
R_FAIL,STOWED,B51_REF_link1_LINKLOCAL,link1,Maintenance_Access_Cover,BUS_STRUCTURE,AABB_CLEAR,119.2438,,119.2438,CLEAR,False,"[145.572, -168.0, -57.0, -41.143, -20.954, -3.0]"
R_FAIL,STOWED,B51_REF_link1_LINKLOCAL,link1,Mid_Saddle,SADDLE_PLACEHOLDER,AABB_CLEAR,184.8028,,184.8028,CLEAR,False,"[145.572, -168.0, -57.0, -41.143, -20.954, -3.0]"
R_FAIL,STOWED,B51_REF_link1_LINKLOCAL,link1,Mid_Transverse_Frame_,BUS_STRUCTURE,AABB_CLEAR,218.05,,218.05,CLEAR,False,"[145.572, -168.0, -57.0, -41.143, -20.954, -3.0]"
R_FAIL,STOWED,B51_REF_link1_LINKLOCAL,link1,Rear_End_Frame,BUS_STRUCTURE,AABB_CLEAR,457.05,,457.05,CLEAR,False,"[145.572, -168.0, -57.0, -41.143, -20.954, -3.0]"
R_FAIL,STOWED,B51_REF_link1_LINKLOCAL,link1,Release_Clearance_Envelope,REFERENCE_ONLY,AABB_CLEAR,279.9064,,279.9064,EXCLUDED_REFERENCE_ONLY_BODY,False,"[145.572, -168.0, -57.0, -41.143, -20.954, -3.0]"
R_FAIL,STOWED,B51_REF_link1_LINKLOCAL,link1,Root_Base_Left,BUS_STRUCTURE,AABB_CLEAR,327.2923,,327.2923,CLEAR,False,"[145.572, -168.0, -57.0, -41.143, -20.954, -3.0]"
R_FAIL,STOWED,B51_REF_link1_LINKLOCAL,link1,Root_Base_Right,BUS_STRUCTURE,AABB_CLEAR,327.6246,,327.6246,CLEAR,False,"[145.572, -168.0, -57.0, -41.143, -20.954, -3.0]"
R_FAIL,STOWED,B51_REF_link1_LINKLOCAL,link1,Root_Node_Spine_Left,BUS_STRUCTURE,AABB_CLEAR,338.8878,,338.8878,CLEAR,False,"[145.572, -168.0, -57.0, -41.143, -20.954, -3.0]"
R_FAIL,STOWED,B51_REF_link1_LINKLOCAL,link1,Root_Node_Spine_Right,BUS_STRUCTURE,AABB_CLEAR,339.1845,,339.1845,CLEAR,False,"[145.572, -168.0, -57.0, -41.143, -20.954, -3.0]"
R_FAIL,STOWED,B51_REF_link1_LINKLOCAL,link1,Spacecraft_Flange,ARM_MOUNT_INTERFACE,AABB_CLEAR,96.05,,96.05,CLEAR,False,"[145.572, -168.0, -57.0, -41.143, -20.954, -3.0]"
R_FAIL,STOWED,B51_REF_link1_LINKLOCAL,link1,Torsion_Spring_1_Left,BUS_STRUCTURE,AABB_CLEAR,362.097,,362.097,CLEAR,False,"[145.572, -168.0, -57.0, -41.143, -20.954, -3.0]"
R_FAIL,STOWED,B51_REF_link1_LINKLOCAL,link1,Torsion_Spring_1_Right,BUS_STRUCTURE,AABB_CLEAR,362.5641,,362.5641,CLEAR,False,"[145.572, -168.0, -57.0, -41.143, -20.954, -3.0]"
R_FAIL,STOWED,B51_REF_link1_LINKLOCAL,link1,Torsion_Spring_2_Left,BUS_STRUCTURE,AABB_CLEAR,316.8306,,316.8306,CLEAR,False,"[145.572, -168.0, -57.0, -41.143, -20.954, -3.0]"
R_FAIL,STOWED,B51_REF_link1_LINKLOCAL,link1,Torsion_Spring_2_Right,BUS_STRUCTURE,AABB_CLEAR,317.3643,,317.3643,CLEAR,False,"[145.572, -168.0, -57.0, -41.143, -20.954, -3.0]"
R_FAIL,STOWED,B51_REF_link1_LINKLOCAL,link1,WING_L_DEPLOYED,SOLAR_WING,AABB_CLEAR,232.7143,,232.7143,CLEAR,False,"[145.572, -168.0, -57.0, -41.143, -20.954, -3.0]"
R_FAIL,STOWED,B51_REF_link1_LINKLOCAL,link1,WING_R_STOWED,SOLAR_WING,AABB_CLEAR,233.1814,,233.1814,CLEAR,False,"[145.572, -168.0, -57.0, -41.143, -20.954, -3.0]"
R_FAIL,STOWED,B51_REF_link2_LINKLOCAL,link2,Adapter_Plate,ARM_MOUNT_INTERFACE,AABB_CLEAR,121.6134,,121.6134,CLEAR,False,"[145.572, -168.0, -57.0, -41.143, -20.954, -3.0]"
R_FAIL,STOWED,B51_REF_link2_LINKLOCAL,link2,Aft_Saddle,SADDLE_PLACEHOLDER,AABB_CLEAR,319.6134,,319.6134,CLEAR,False,"[145.572, -168.0, -57.0, -41.143, -20.954, -3.0]"
R_FAIL,STOWED,B51_REF_link2_LINKLOCAL,link2,Central_Boss,ARM_MOUNT_INTERFACE,AABB_CLEAR,111.6134,,111.6134,CLEAR,False,"[145.572, -168.0, -57.0, -41.143, -20.954, -3.0]"
R_FAIL,STOWED,B51_REF_link2_LINKLOCAL,link2,Deck_Front_Bay,BUS_STRUCTURE,AABB_CLEAR,200.6134,,200.6134,CLEAR,False,"[145.572, -168.0, -57.0, -41.143, -20.954, -3.0]"
R_FAIL,STOWED,B51_REF_link2_LINKLOCAL,link2,Deck_Mid_Bay,BUS_STRUCTURE,AABB_CLEAR,261.6134,,261.6134,CLEAR,False,"[145.572, -168.0, -57.0, -41.143, -20.954, -3.0]"
R_FAIL,STOWED,B51_REF_link2_LINKLOCAL,link2,Deck_Rear_Bay,BUS_STRUCTURE,AABB_CLEAR,383.6134,,383.6134,CLEAR,False,"[145.572, -168.0, -57.0, -41.143, -20.954, -3.0]"
R_FAIL,STOWED,B51_REF_link2_LINKLOCAL,link2,Front_End_Frame,BUS_STRUCTURE,AABB_CLEAR,136.6134,,136.6134,CLEAR,False,"[145.572, -168.0, -57.0, -41.143, -20.954, -3.0]"
R_FAIL,STOWED,B51_REF_link2_LINKLOCAL,link2,Front_Transverse_Frame,BUS_STRUCTURE,AABB_CLEAR,194.6134,,194.6134,CLEAR,False,"[145.572, -168.0, -57.0, -41.143, -20.954, -3.0]"
R_FAIL,STOWED,B51_REF_link2_LINKLOCAL,link2,Fwd_Saddle,SADDLE_PLACEHOLDER,AABB_CLEAR,139.6134,,139.6134,CLEAR,False,"[145.572, -168.0, -57.0, -41.143, -20.954, -3.0]"
R_FAIL,STOWED,B51_REF_link2_LINKLOCAL,link2,HDRM_Base_1_Left,BUS_STRUCTURE,AABB_CLEAR,470.4109,,470.4109,CLEAR,False,"[145.572, -168.0, -57.0, -41.143, -20.954, -3.0]"
R_FAIL,STOWED,B51_REF_link2_LINKLOCAL,link2,HDRM_Base_1_Right,BUS_STRUCTURE,AABB_CLEAR,470.4109,,470.4109,CLEAR,False,"[145.572, -168.0, -57.0, -41.143, -20.954, -3.0]"
R_FAIL,STOWED,B51_REF_link2_LINKLOCAL,link2,HDRM_Base_2_Left,BUS_STRUCTURE,AABB_CLEAR,272.4721,,272.4721,CLEAR,False,"[145.572, -168.0, -57.0, -41.143, -20.954, -3.0]"
R_FAIL,STOWED,B51_REF_link2_LINKLOCAL,link2,HDRM_Base_2_Right,BUS_STRUCTURE,AABB_CLEAR,272.4721,,272.4721,CLEAR,False,"[145.572, -168.0, -57.0, -41.143, -20.954, -3.0]"
R_FAIL,STOWED,B51_REF_link2_LINKLOCAL,link2,HDRM_Rod_1_Left,BUS_STRUCTURE,AABB_CLEAR,478.1717,,478.1717,CLEAR,False,"[145.572, -168.0, -57.0, -41.143, -20.954, -3.0]"
R_FAIL,STOWED,B51_REF_link2_LINKLOCAL,link2,HDRM_Rod_1_Right,BUS_STRUCTURE,AABB_CLEAR,478.1717,,478.1717,CLEAR,False,"[145.572, -168.0, -57.0, -41.143, -20.954, -3.0]"
R_FAIL,STOWED,B51_REF_link2_LINKLOCAL,link2,HDRM_Rod_2_Left,BUS_STRUCTURE,AABB_CLEAR,280.7183,,280.7183,CLEAR,False,"[145.572, -168.0, -57.0, -41.143, -20.954, -3.0]"
R_FAIL,STOWED,B51_REF_link2_LINKLOCAL,link2,HDRM_Rod_2_Right,BUS_STRUCTURE,AABB_CLEAR,280.7183,,280.7183,CLEAR,False,"[145.572, -168.0, -57.0, -41.143, -20.954, -3.0]"
R_FAIL,STOWED,B51_REF_link2_LINKLOCAL,link2,Hard_Stop_Left,BUS_STRUCTURE,AABB_CLEAR,377.6134,,377.6134,CLEAR,False,"[145.572, -168.0, -57.0, -41.143, -20.954, -3.0]"
R_FAIL,STOWED,B51_REF_link2_LINKLOCAL,link2,Hard_Stop_Right,BUS_STRUCTURE,AABB_CLEAR,377.6134,,377.6134,CLEAR,False,"[145.572, -168.0, -57.0, -41.143, -20.954, -3.0]"
R_FAIL,STOWED,B51_REF_link2_LINKLOCAL,link2,Harness_Passage,ARM_MOUNT_INTERFACE,AABB_CLEAR,150.1216,,150.1216,CLEAR,False,"[145.572, -168.0, -57.0, -41.143, -20.954, -3.0]"
R_FAIL,STOWED,B51_REF_link2_LINKLOCAL,link2,Harness_Service_Loop_Left,BUS_STRUCTURE,AABB_CLEAR,409.6134,,409.6134,CLEAR,False,"[145.572, -168.0, -57.0, -41.143, -20.954, -3.0]"
R_FAIL,STOWED,B51_REF_link2_LINKLOCAL,link2,Harness_Service_Loop_Right,BUS_STRUCTURE,AABB_CLEAR,409.6134,,409.6134,CLEAR,False,"[145.572, -168.0, -57.0, -41.143, -20.954, -3.0]"
R_FAIL,STOWED,B51_REF_link2_LINKLOCAL,link2,Hinge_Ear_1_Left,BUS_STRUCTURE,AABB_CLEAR,384.6134,,384.6134,CLEAR,False,"[145.572, -168.0, -57.0, -41.143, -20.954, -3.0]"
R_FAIL,STOWED,B51_REF_link2_LINKLOCAL,link2,Hinge_Ear_1_Right,BUS_STRUCTURE,AABB_CLEAR,384.6134,,384.6134,CLEAR,False,"[145.572, -168.0, -57.0, -41.143, -20.954, -3.0]"
R_FAIL,STOWED,B51_REF_link2_LINKLOCAL,link2,Hinge_Ear_2_Left,BUS_STRUCTURE,AABB_CLEAR,366.6134,,366.6134,CLEAR,False,"[145.572, -168.0, -57.0, -41.143, -20.954, -3.0]"
R_FAIL,STOWED,B51_REF_link2_LINKLOCAL,link2,Hinge_Ear_2_Right,BUS_STRUCTURE,AABB_CLEAR,366.6134,,366.6134,CLEAR,False,"[145.572, -168.0, -57.0, -41.143, -20.954, -3.0]"
R_FAIL,STOWED,B51_REF_link2_LINKLOCAL,link2,Hinge_Pin_Left,BUS_STRUCTURE,AABB_CLEAR,359.6134,,359.6134,CLEAR,False,"[145.572, -168.0, -57.0, -41.143, -20.954, -3.0]"
R_FAIL,STOWED,B51_REF_link2_LINKLOCAL,link2,Hinge_Pin_Right,BUS_STRUCTURE,AABB_CLEAR,359.6134,,359.6134,CLEAR,False,"[145.572, -168.0, -57.0, -41.143, -20.954, -3.0]"
R_FAIL,STOWED,B51_REF_link2_LINKLOCAL,link2,Launch_Lock_Interface_Reference,REFERENCE_ONLY,AABB_CLEAR,309.6134,,309.6134,EXCLUDED_REFERENCE_ONLY_BODY,False,"[145.572, -168.0, -57.0, -41.143, -20.954, -3.0]"
R_FAIL,STOWED,B51_REF_link2_LINKLOCAL,link2,Load_Bridge_Left,ARM_MOUNT_INTERFACE,AABB_CLEAR,148.6134,,148.6134,CLEAR,False,"[145.572, -168.0, -57.0, -41.143, -20.954, -3.0]"
R_FAIL,STOWED,B51_REF_link2_LINKLOCAL,link2,Load_Bridge_Right,ARM_MOUNT_INTERFACE,AABB_CLEAR,148.6134,,148.6134,CLEAR,False,"[145.572, -168.0, -57.0, -41.143, -20.954, -3.0]"
R_FAIL,STOWED,B51_REF_link2_LINKLOCAL,link2,Load_Spreading_Frame,ARM_MOUNT_INTERFACE,AABB_CLEAR,144.6134,,144.6134,CLEAR,False,"[145.572, -168.0, -57.0, -41.143, -20.954, -3.0]"
R_FAIL,STOWED,B51_REF_link2_LINKLOCAL,link2,Longerons_4X,BUS_STRUCTURE,AABB_CLEAR,136.6134,,136.6134,CLEAR,False,"[145.572, -168.0, -57.0, -41.143, -20.954, -3.0]"
R_FAIL,STOWED,B51_REF_link2_LINKLOCAL,link2,Maintenance_Access_Cover,BUS_STRUCTURE,AABB_CLEAR,165.3389,,165.3389,CLEAR,False,"[145.572, -168.0, -57.0, -41.143, -20.954, -3.0]"
R_FAIL,STOWED,B51_REF_link2_LINKLOCAL,link2,Mid_Saddle,SADDLE_PLACEHOLDER,AABB_CLEAR,219.6134,,219.6134,CLEAR,False,"[145.572, -168.0, -57.0, -41.143, -20.954, -3.0]"
R_FAIL,STOWED,B51_REF_link2_LINKLOCAL,link2,Mid_Transverse_Frame_,BUS_STRUCTURE,AABB_CLEAR,255.6134,,255.6134,CLEAR,False,"[145.572, -168.0, -57.0, -41.143, -20.954, -3.0]"
R_FAIL,STOWED,B51_REF_link2_LINKLOCAL,link2,Rear_End_Frame,BUS_STRUCTURE,AABB_CLEAR,494.6134,,494.6134,CLEAR,False,"[145.572, -168.0, -57.0, -41.143, -20.954, -3.0]"
R_FAIL,STOWED,B51_REF_link2_LINKLOCAL,link2,Release_Clearance_Envelope,REFERENCE_ONLY,AABB_CLEAR,249.6134,,249.6134,EXCLUDED_REFERENCE_ONLY_BODY,False,"[145.572, -168.0, -57.0, -41.143, -20.954, -3.0]"
R_FAIL,STOWED,B51_REF_link2_LINKLOCAL,link2,Root_Base_Left,BUS_STRUCTURE,AABB_CLEAR,362.6134,,362.6134,CLEAR,False,"[145.572, -168.0, -57.0, -41.143, -20.954, -3.0]"
R_FAIL,STOWED,B51_REF_link2_LINKLOCAL,link2,Root_Base_Right,BUS_STRUCTURE,AABB_CLEAR,362.6134,,362.6134,CLEAR,False,"[145.572, -168.0, -57.0, -41.143, -20.954, -3.0]"
R_FAIL,STOWED,B51_REF_link2_LINKLOCAL,link2,Root_Node_Spine_Left,BUS_STRUCTURE,AABB_CLEAR,374.6134,,374.6134,CLEAR,False,"[145.572, -168.0, -57.0, -41.143, -20.954, -3.0]"
R_FAIL,STOWED,B51_REF_link2_LINKLOCAL,link2,Root_Node_Spine_Right,BUS_STRUCTURE,AABB_CLEAR,374.6134,,374.6134,CLEAR,False,"[145.572, -168.0, -57.0, -41.143, -20.954, -3.0]"
R_FAIL,STOWED,B51_REF_link2_LINKLOCAL,link2,Spacecraft_Flange,ARM_MOUNT_INTERFACE,AABB_CLEAR,133.6134,,133.6134,CLEAR,False,"[145.572, -168.0, -57.0, -41.143, -20.954, -3.0]"
R_FAIL,STOWED,B51_REF_link2_LINKLOCAL,link2,Torsion_Spring_1_Left,BUS_STRUCTURE,AABB_CLEAR,394.6134,,394.6134,CLEAR,False,"[145.572, -168.0, -57.0, -41.143, -20.954, -3.0]"
R_FAIL,STOWED,B51_REF_link2_LINKLOCAL,link2,Torsion_Spring_1_Right,BUS_STRUCTURE,AABB_CLEAR,394.6134,,394.6134,CLEAR,False,"[145.572, -168.0, -57.0, -41.143, -20.954, -3.0]"
R_FAIL,STOWED,B51_REF_link2_LINKLOCAL,link2,Torsion_Spring_2_Left,BUS_STRUCTURE,AABB_CLEAR,348.6134,,348.6134,CLEAR,False,"[145.572, -168.0, -57.0, -41.143, -20.954, -3.0]"
R_FAIL,STOWED,B51_REF_link2_LINKLOCAL,link2,Torsion_Spring_2_Right,BUS_STRUCTURE,AABB_CLEAR,348.6134,,348.6134,CLEAR,False,"[145.572, -168.0, -57.0, -41.143, -20.954, -3.0]"
R_FAIL,STOWED,B51_REF_link2_LINKLOCAL,link2,WING_L_DEPLOYED,SOLAR_WING,AABB_CLEAR,267.1134,,267.1134,CLEAR,False,"[145.572, -168.0, -57.0, -41.143, -20.954, -3.0]"
R_FAIL,STOWED,B51_REF_link2_LINKLOCAL,link2,WING_R_STOWED,SOLAR_WING,AABB_CLEAR,267.1134,,267.1134,CLEAR,False,"[145.572, -168.0, -57.0, -41.143, -20.954, -3.0]"
R_FAIL,STOWED,B51_REF_link3_LINKLOCAL,link3,Adapter_Plate,ARM_MOUNT_INTERFACE,AABB_CLEAR,105.3075,,105.3075,CLEAR,False,"[145.572, -168.0, -57.0, -41.143, -20.954, -3.0]"
R_FAIL,STOWED,B51_REF_link3_LINKLOCAL,link3,Aft_Saddle,SADDLE_PLACEHOLDER,AABB_CLEAR,129.156,,129.156,CLEAR,False,"[145.572, -168.0, -57.0, -41.143, -20.954, -3.0]"
R_FAIL,STOWED,B51_REF_link3_LINKLOCAL,link3,Central_Boss,ARM_MOUNT_INTERFACE,AABB_CLEAR,130.3075,,130.3075,CLEAR,False,"[145.572, -168.0, -57.0, -41.143, -20.954, -3.0]"
R_FAIL,STOWED,B51_REF_link3_LINKLOCAL,link3,Deck_Front_Bay,BUS_STRUCTURE,AABB_CLEAR,221.5404,,221.5404,CLEAR,False,"[145.572, -168.0, -57.0, -41.143, -20.954, -3.0]"
R_FAIL,STOWED,B51_REF_link3_LINKLOCAL,link3,Deck_Mid_Bay,BUS_STRUCTURE,AABB_CLEAR,232.4655,,232.4655,CLEAR,False,"[145.572, -168.0, -57.0, -41.143, -20.954, -3.0]"
R_FAIL,STOWED,B51_REF_link3_LINKLOCAL,link3,Deck_Rear_Bay,BUS_STRUCTURE,AABB_CLEAR,293.7452,,293.7452,CLEAR,False,"[145.572, -168.0, -57.0, -41.143, -20.954, -3.0]"
R_FAIL,STOWED,B51_REF_link3_LINKLOCAL,link3,Front_End_Frame,BUS_STRUCTURE,AABB_CLEAR,75.1575,,75.1575,CLEAR,False,"[145.572, -168.0, -57.0, -41.143, -20.954, -3.0]"
R_FAIL,STOWED,B51_REF_link3_LINKLOCAL,link3,Front_Transverse_Frame,BUS_STRUCTURE,AABB_CLEAR,75.2723,,75.2723,CLEAR,False,"[145.572, -168.0, -57.0, -41.143, -20.954, -3.0]"
R_FAIL,STOWED,B51_REF_link3_LINKLOCAL,link3,Fwd_Saddle,SADDLE_PLACEHOLDER,MESH,-24.1125,0.0393,0.0393,TOO_CLOSE_TO_CALL,True,"[145.572, -168.0, -57.0, -41.143, -20.954, -3.0]"
R_FAIL,STOWED,B51_REF_link3_LINKLOCAL,link3,HDRM_Base_1_Left,BUS_STRUCTURE,AABB_CLEAR,389.246,,389.246,CLEAR,False,"[145.572, -168.0, -57.0, -41.143, -20.954, -3.0]"
R_FAIL,STOWED,B51_REF_link3_LINKLOCAL,link3,HDRM_Base_1_Right,BUS_STRUCTURE,AABB_CLEAR,395.2489,,395.2489,CLEAR,False,"[145.572, -168.0, -57.0, -41.143, -20.954, -3.0]"
R_FAIL,STOWED,B51_REF_link3_LINKLOCAL,link3,HDRM_Base_2_Left,BUS_STRUCTURE,AABB_CLEAR,283.9895,,283.9895,CLEAR,False,"[145.572, -168.0, -57.0, -41.143, -20.954, -3.0]"
R_FAIL,STOWED,B51_REF_link3_LINKLOCAL,link3,HDRM_Base_2_Right,BUS_STRUCTURE,AABB_CLEAR,292.1631,,292.1631,CLEAR,False,"[145.572, -168.0, -57.0, -41.143, -20.954, -3.0]"
R_FAIL,STOWED,B51_REF_link3_LINKLOCAL,link3,HDRM_Rod_1_Left,BUS_STRUCTURE,AABB_CLEAR,399.1452,,399.1452,CLEAR,False,"[145.572, -168.0, -57.0, -41.143, -20.954, -3.0]"
R_FAIL,STOWED,B51_REF_link3_LINKLOCAL,link3,HDRM_Rod_1_Right,BUS_STRUCTURE,AABB_CLEAR,406.4335,,406.4335,CLEAR,False,"[145.572, -168.0, -57.0, -41.143, -20.954, -3.0]"
R_FAIL,STOWED,B51_REF_link3_LINKLOCAL,link3,HDRM_Rod_2_Left,BUS_STRUCTURE,AABB_CLEAR,292.6679,,292.6679,CLEAR,False,"[145.572, -168.0, -57.0, -41.143, -20.954, -3.0]"
R_FAIL,STOWED,B51_REF_link3_LINKLOCAL,link3,HDRM_Rod_2_Right,BUS_STRUCTURE,AABB_CLEAR,302.5323,,302.5323,CLEAR,False,"[145.572, -168.0, -57.0, -41.143, -20.954, -3.0]"
R_FAIL,STOWED,B51_REF_link3_LINKLOCAL,link3,Hard_Stop_Left,BUS_STRUCTURE,AABB_CLEAR,238.7938,,238.7938,CLEAR,False,"[145.572, -168.0, -57.0, -41.143, -20.954, -3.0]"
R_FAIL,STOWED,B51_REF_link3_LINKLOCAL,link3,Hard_Stop_Right,BUS_STRUCTURE,AABB_CLEAR,250.7862,,250.7862,CLEAR,False,"[145.572, -168.0, -57.0, -41.143, -20.954, -3.0]"
R_FAIL,STOWED,B51_REF_link3_LINKLOCAL,link3,Harness_Passage,ARM_MOUNT_INTERFACE,AABB_CLEAR,243.3075,,243.3075,CLEAR,False,"[145.572, -168.0, -57.0, -41.143, -20.954, -3.0]"
R_FAIL,STOWED,B51_REF_link3_LINKLOCAL,link3,Harness_Service_Loop_Left,BUS_STRUCTURE,AABB_CLEAR,293.5547,,293.5547,CLEAR,False,"[145.572, -168.0, -57.0, -41.143, -20.954, -3.0]"
R_FAIL,STOWED,B51_REF_link3_LINKLOCAL,link3,Harness_Service_Loop_Right,BUS_STRUCTURE,AABB_CLEAR,301.4691,,301.4691,CLEAR,False,"[145.572, -168.0, -57.0, -41.143, -20.954, -3.0]"
R_FAIL,STOWED,B51_REF_link3_LINKLOCAL,link3,Hinge_Ear_1_Left,BUS_STRUCTURE,AABB_CLEAR,264.9667,,264.9667,CLEAR,False,"[145.572, -168.0, -57.0, -41.143, -20.954, -3.0]"
R_FAIL,STOWED,B51_REF_link3_LINKLOCAL,link3,Hinge_Ear_1_Right,BUS_STRUCTURE,AABB_CLEAR,275.8235,,275.8235,CLEAR,False,"[145.572, -168.0, -57.0, -41.143, -20.954, -3.0]"
R_FAIL,STOWED,B51_REF_link3_LINKLOCAL,link3,Hinge_Ear_2_Left,BUS_STRUCTURE,AABB_CLEAR,252.0749,,252.0749,CLEAR,False,"[145.572, -168.0, -57.0, -41.143, -20.954, -3.0]"
R_FAIL,STOWED,B51_REF_link3_LINKLOCAL,link3,Hinge_Ear_2_Right,BUS_STRUCTURE,AABB_CLEAR,263.4634,,263.4634,CLEAR,False,"[145.572, -168.0, -57.0, -41.143, -20.954, -3.0]"
R_FAIL,STOWED,B51_REF_link3_LINKLOCAL,link3,Hinge_Pin_Left,BUS_STRUCTURE,AABB_CLEAR,247.964,,247.964,CLEAR,False,"[145.572, -168.0, -57.0, -41.143, -20.954, -3.0]"
R_FAIL,STOWED,B51_REF_link3_LINKLOCAL,link3,Hinge_Pin_Right,BUS_STRUCTURE,AABB_CLEAR,265.4051,,265.4051,CLEAR,False,"[145.572, -168.0, -57.0, -41.143, -20.954, -3.0]"
R_FAIL,STOWED,B51_REF_link3_LINKLOCAL,link3,Launch_Lock_Interface_Reference,REFERENCE_ONLY,AABB_CLEAR,120.4064,,120.4064,EXCLUDED_REFERENCE_ONLY_BODY,False,"[145.572, -168.0, -57.0, -41.143, -20.954, -3.0]"
R_FAIL,STOWED,B51_REF_link3_LINKLOCAL,link3,Load_Bridge_Left,ARM_MOUNT_INTERFACE,AABB_CLEAR,170.3075,,170.3075,CLEAR,False,"[145.572, -168.0, -57.0, -41.143, -20.954, -3.0]"
R_FAIL,STOWED,B51_REF_link3_LINKLOCAL,link3,Load_Bridge_Right,ARM_MOUNT_INTERFACE,AABB_CLEAR,171.9176,,171.9176,CLEAR,False,"[145.572, -168.0, -57.0, -41.143, -20.954, -3.0]"
R_FAIL,STOWED,B51_REF_link3_LINKLOCAL,link3,Load_Spreading_Frame,ARM_MOUNT_INTERFACE,AABB_CLEAR,92.1575,,92.1575,CLEAR,False,"[145.572, -168.0, -57.0, -41.143, -20.954, -3.0]"
R_FAIL,STOWED,B51_REF_link3_LINKLOCAL,link3,Longerons_4X,BUS_STRUCTURE,AABB_CLEAR,75.1575,,75.1575,CLEAR,False,"[145.572, -168.0, -57.0, -41.143, -20.954, -3.0]"
R_FAIL,STOWED,B51_REF_link3_LINKLOCAL,link3,Maintenance_Access_Cover,BUS_STRUCTURE,AABB_CLEAR,292.4575,,292.4575,CLEAR,False,"[145.572, -168.0, -57.0, -41.143, -20.954, -3.0]"
R_FAIL,STOWED,B51_REF_link3_LINKLOCAL,link3,Mid_Saddle,SADDLE_PLACEHOLDER,AABB_CLEAR,29.156,,29.156,CLEAR,False,"[145.572, -168.0, -57.0, -41.143, -20.954, -3.0]"
R_FAIL,STOWED,B51_REF_link3_LINKLOCAL,link3,Mid_Transverse_Frame_,BUS_STRUCTURE,AABB_CLEAR,99.4684,,99.4684,CLEAR,False,"[145.572, -168.0, -57.0, -41.143, -20.954, -3.0]"
R_FAIL,STOWED,B51_REF_link3_LINKLOCAL,link3,Rear_End_Frame,BUS_STRUCTURE,AABB_CLEAR,313.3042,,313.3042,CLEAR,False,"[145.572, -168.0, -57.0, -41.143, -20.954, -3.0]"
R_FAIL,STOWED,B51_REF_link3_LINKLOCAL,link3,Release_Clearance_Envelope,REFERENCE_ONLY,AABB_CLEAR,59.156,,59.156,EXCLUDED_REFERENCE_ONLY_BODY,False,"[145.572, -168.0, -57.0, -41.143, -20.954, -3.0]"
R_FAIL,STOWED,B51_REF_link3_LINKLOCAL,link3,Root_Base_Left,BUS_STRUCTURE,AABB_CLEAR,225.282,,225.282,CLEAR,False,"[145.572, -168.0, -57.0, -41.143, -20.954, -3.0]"
R_FAIL,STOWED,B51_REF_link3_LINKLOCAL,link3,Root_Base_Right,BUS_STRUCTURE,AABB_CLEAR,235.5021,,235.5021,CLEAR,False,"[145.572, -168.0, -57.0, -41.143, -20.954, -3.0]"
R_FAIL,STOWED,B51_REF_link3_LINKLOCAL,link3,Root_Node_Spine_Left,BUS_STRUCTURE,AABB_CLEAR,214.6653,,214.6653,CLEAR,False,"[145.572, -168.0, -57.0, -41.143, -20.954, -3.0]"
R_FAIL,STOWED,B51_REF_link3_LINKLOCAL,link3,Root_Node_Spine_Right,BUS_STRUCTURE,AABB_CLEAR,224.472,,224.472,CLEAR,False,"[145.572, -168.0, -57.0, -41.143, -20.954, -3.0]"
R_FAIL,STOWED,B51_REF_link3_LINKLOCAL,link3,Spacecraft_Flange,ARM_MOUNT_INTERFACE,AABB_CLEAR,110.3075,,110.3075,CLEAR,False,"[145.572, -168.0, -57.0, -41.143, -20.954, -3.0]"
R_FAIL,STOWED,B51_REF_link3_LINKLOCAL,link3,Torsion_Spring_1_Left,BUS_STRUCTURE,AABB_CLEAR,270.4027,,270.4027,CLEAR,False,"[145.572, -168.0, -57.0, -41.143, -20.954, -3.0]"
R_FAIL,STOWED,B51_REF_link3_LINKLOCAL,link3,Torsion_Spring_1_Right,BUS_STRUCTURE,AABB_CLEAR,285.1848,,285.1848,CLEAR,False,"[145.572, -168.0, -57.0, -41.143, -20.954, -3.0]"
R_FAIL,STOWED,B51_REF_link3_LINKLOCAL,link3,Torsion_Spring_2_Left,BUS_STRUCTURE,AABB_CLEAR,237.5948,,237.5948,CLEAR,False,"[145.572, -168.0, -57.0, -41.143, -20.954, -3.0]"
R_FAIL,STOWED,B51_REF_link3_LINKLOCAL,link3,Torsion_Spring_2_Right,BUS_STRUCTURE,AABB_CLEAR,254.2912,,254.2912,CLEAR,False,"[145.572, -168.0, -57.0, -41.143, -20.954, -3.0]"
R_FAIL,STOWED,B51_REF_link3_LINKLOCAL,link3,WING_L_DEPLOYED,SOLAR_WING,AABB_CLEAR,197.768,,197.768,CLEAR,False,"[145.572, -168.0, -57.0, -41.143, -20.954, -3.0]"
R_FAIL,STOWED,B51_REF_link3_LINKLOCAL,link3,WING_R_STOWED,SOLAR_WING,AABB_CLEAR,211.9535,,211.9535,CLEAR,False,"[145.572, -168.0, -57.0, -41.143, -20.954, -3.0]"
R_FAIL,STOWED,B51_REF_link4_LINKLOCAL,link4,Adapter_Plate,ARM_MOUNT_INTERFACE,AABB_CLEAR,101.853,,101.853,CLEAR,False,"[145.572, -168.0, -57.0, -41.143, -20.954, -3.0]"
R_FAIL,STOWED,B51_REF_link4_LINKLOCAL,link4,Aft_Saddle,SADDLE_PLACEHOLDER,AABB_CLEAR,63.9988,,63.9988,CLEAR,False,"[145.572, -168.0, -57.0, -41.143, -20.954, -3.0]"
R_FAIL,STOWED,B51_REF_link4_LINKLOCAL,link4,Central_Boss,ARM_MOUNT_INTERFACE,AABB_CLEAR,127.39,,127.39,CLEAR,False,"[145.572, -168.0, -57.0, -41.143, -20.954, -3.0]"
R_FAIL,STOWED,B51_REF_link4_LINKLOCAL,link4,Deck_Front_Bay,BUS_STRUCTURE,AABB_CLEAR,217.853,,217.853,CLEAR,False,"[145.572, -168.0, -57.0, -41.143, -20.954, -3.0]"
R_FAIL,STOWED,B51_REF_link4_LINKLOCAL,link4,Deck_Mid_Bay,BUS_STRUCTURE,AABB_CLEAR,217.9356,,217.9356,CLEAR,False,"[145.572, -168.0, -57.0, -41.143, -20.954, -3.0]"
R_FAIL,STOWED,B51_REF_link4_LINKLOCAL,link4,Deck_Rear_Bay,BUS_STRUCTURE,AABB_CLEAR,252.673,,252.673,CLEAR,False,"[145.572, -168.0, -57.0, -41.143, -20.954, -3.0]"
R_FAIL,STOWED,B51_REF_link4_LINKLOCAL,link4,Front_End_Frame,BUS_STRUCTURE,AABB_CLEAR,71.703,,71.703,CLEAR,False,"[145.572, -168.0, -57.0, -41.143, -20.954, -3.0]"
R_FAIL,STOWED,B51_REF_link4_LINKLOCAL,link4,Front_Transverse_Frame,BUS_STRUCTURE,AABB_CLEAR,71.703,,71.703,CLEAR,False,"[145.572, -168.0, -57.0, -41.143, -20.954, -3.0]"
R_FAIL,STOWED,B51_REF_link4_LINKLOCAL,link4,Fwd_Saddle,SADDLE_PLACEHOLDER,MESH,-26.3159,0.3185,0.3185,TOO_CLOSE_TO_CALL,True,"[145.572, -168.0, -57.0, -41.143, -20.954, -3.0]"
R_FAIL,STOWED,B51_REF_link4_LINKLOCAL,link4,HDRM_Base_1_Left,BUS_STRUCTURE,AABB_CLEAR,343.1678,,343.1678,CLEAR,False,"[145.572, -168.0, -57.0, -41.143, -20.954, -3.0]"
R_FAIL,STOWED,B51_REF_link4_LINKLOCAL,link4,HDRM_Base_1_Right,BUS_STRUCTURE,AABB_CLEAR,349.7558,,349.7558,CLEAR,False,"[145.572, -168.0, -57.0, -41.143, -20.954, -3.0]"
R_FAIL,STOWED,B51_REF_link4_LINKLOCAL,link4,HDRM_Base_2_Left,BUS_STRUCTURE,AABB_CLEAR,270.1196,,270.1196,CLEAR,False,"[145.572, -168.0, -57.0, -41.143, -20.954, -3.0]"
R_FAIL,STOWED,B51_REF_link4_LINKLOCAL,link4,HDRM_Base_2_Right,BUS_STRUCTURE,AABB_CLEAR,278.4414,,278.4414,CLEAR,False,"[145.572, -168.0, -57.0, -41.143, -20.954, -3.0]"
R_FAIL,STOWED,B51_REF_link4_LINKLOCAL,link4,HDRM_Rod_1_Left,BUS_STRUCTURE,AABB_CLEAR,352.9987,,352.9987,CLEAR,False,"[145.572, -168.0, -57.0, -41.143, -20.954, -3.0]"
R_FAIL,STOWED,B51_REF_link4_LINKLOCAL,link4,HDRM_Rod_1_Right,BUS_STRUCTURE,AABB_CLEAR,360.996,,360.996,CLEAR,False,"[145.572, -168.0, -57.0, -41.143, -20.954, -3.0]"
R_FAIL,STOWED,B51_REF_link4_LINKLOCAL,link4,HDRM_Rod_2_Left,BUS_STRUCTURE,AABB_CLEAR,277.5041,,277.5041,CLEAR,False,"[145.572, -168.0, -57.0, -41.143, -20.954, -3.0]"
R_FAIL,STOWED,B51_REF_link4_LINKLOCAL,link4,HDRM_Rod_2_Right,BUS_STRUCTURE,AABB_CLEAR,287.6083,,287.6083,CLEAR,False,"[145.572, -168.0, -57.0, -41.143, -20.954, -3.0]"
R_FAIL,STOWED,B51_REF_link4_LINKLOCAL,link4,Hard_Stop_Left,BUS_STRUCTURE,AABB_CLEAR,189.3835,,189.3835,CLEAR,False,"[145.572, -168.0, -57.0, -41.143, -20.954, -3.0]"
R_FAIL,STOWED,B51_REF_link4_LINKLOCAL,link4,Hard_Stop_Right,BUS_STRUCTURE,AABB_CLEAR,203.9022,,203.9022,CLEAR,False,"[145.572, -168.0, -57.0, -41.143, -20.954, -3.0]"
R_FAIL,STOWED,B51_REF_link4_LINKLOCAL,link4,Harness_Passage,ARM_MOUNT_INTERFACE,AABB_CLEAR,239.853,,239.853,CLEAR,False,"[145.572, -168.0, -57.0, -41.143, -20.954, -3.0]"
R_FAIL,STOWED,B51_REF_link4_LINKLOCAL,link4,Harness_Service_Loop_Left,BUS_STRUCTURE,AABB_CLEAR,246.0146,,246.0146,CLEAR,False,"[145.572, -168.0, -57.0, -41.143, -20.954, -3.0]"
R_FAIL,STOWED,B51_REF_link4_LINKLOCAL,link4,Harness_Service_Loop_Right,BUS_STRUCTURE,AABB_CLEAR,255.1239,,255.1239,CLEAR,False,"[145.572, -168.0, -57.0, -41.143, -20.954, -3.0]"
R_FAIL,STOWED,B51_REF_link4_LINKLOCAL,link4,Hinge_Ear_1_Left,BUS_STRUCTURE,AABB_CLEAR,218.9011,,218.9011,CLEAR,False,"[145.572, -168.0, -57.0, -41.143, -20.954, -3.0]"
R_FAIL,STOWED,B51_REF_link4_LINKLOCAL,link4,Hinge_Ear_1_Right,BUS_STRUCTURE,AABB_CLEAR,231.5765,,231.5765,CLEAR,False,"[145.572, -168.0, -57.0, -41.143, -20.954, -3.0]"
R_FAIL,STOWED,B51_REF_link4_LINKLOCAL,link4,Hinge_Ear_2_Left,BUS_STRUCTURE,AABB_CLEAR,208.8007,,208.8007,CLEAR,False,"[145.572, -168.0, -57.0, -41.143, -20.954, -3.0]"
R_FAIL,STOWED,B51_REF_link4_LINKLOCAL,link4,Hinge_Ear_2_Right,BUS_STRUCTURE,AABB_CLEAR,222.0535,,222.0535,CLEAR,False,"[145.572, -168.0, -57.0, -41.143, -20.954, -3.0]"
R_FAIL,STOWED,B51_REF_link4_LINKLOCAL,link4,Hinge_Pin_Left,BUS_STRUCTURE,AABB_CLEAR,206.0415,,206.0415,CLEAR,False,"[145.572, -168.0, -57.0, -41.143, -20.954, -3.0]"
R_FAIL,STOWED,B51_REF_link4_LINKLOCAL,link4,Hinge_Pin_Right,BUS_STRUCTURE,AABB_CLEAR,226.2781,,226.2781,CLEAR,False,"[145.572, -168.0, -57.0, -41.143, -20.954, -3.0]"
R_FAIL,STOWED,B51_REF_link4_LINKLOCAL,link4,Launch_Lock_Interface_Reference,REFERENCE_ONLY,AABB_CLEAR,55.7474,,55.7474,EXCLUDED_REFERENCE_ONLY_BODY,False,"[145.572, -168.0, -57.0, -41.143, -20.954, -3.0]"
R_FAIL,STOWED,B51_REF_link4_LINKLOCAL,link4,Load_Bridge_Left,ARM_MOUNT_INTERFACE,AABB_CLEAR,166.853,,166.853,CLEAR,False,"[145.572, -168.0, -57.0, -41.143, -20.954, -3.0]"
R_FAIL,STOWED,B51_REF_link4_LINKLOCAL,link4,Load_Bridge_Right,ARM_MOUNT_INTERFACE,AABB_CLEAR,168.3518,,168.3518,CLEAR,False,"[145.572, -168.0, -57.0, -41.143, -20.954, -3.0]"
R_FAIL,STOWED,B51_REF_link4_LINKLOCAL,link4,Load_Spreading_Frame,ARM_MOUNT_INTERFACE,AABB_CLEAR,88.703,,88.703,CLEAR,False,"[145.572, -168.0, -57.0, -41.143, -20.954, -3.0]"
R_FAIL,STOWED,B51_REF_link4_LINKLOCAL,link4,Longerons_4X,BUS_STRUCTURE,AABB_CLEAR,71.703,,71.703,CLEAR,False,"[145.572, -168.0, -57.0, -41.143, -20.954, -3.0]"
R_FAIL,STOWED,B51_REF_link4_LINKLOCAL,link4,Maintenance_Access_Cover,BUS_STRUCTURE,AABB_CLEAR,289.003,,289.003,CLEAR,False,"[145.572, -168.0, -57.0, -41.143, -20.954, -3.0]"
R_FAIL,STOWED,B51_REF_link4_LINKLOCAL,link4,Mid_Saddle,SADDLE_PLACEHOLDER,MESH,-33.067,31.9077,31.9077,CLEAR,False,"[145.572, -168.0, -57.0, -41.143, -20.954, -3.0]"
R_FAIL,STOWED,B51_REF_link4_LINKLOCAL,link4,Mid_Transverse_Frame_,BUS_STRUCTURE,AABB_CLEAR,71.703,,71.703,CLEAR,False,"[145.572, -168.0, -57.0, -41.143, -20.954, -3.0]"
R_FAIL,STOWED,B51_REF_link4_LINKLOCAL,link4,Rear_End_Frame,BUS_STRUCTURE,AABB_CLEAR,249.523,,249.523,CLEAR,False,"[145.572, -168.0, -57.0, -41.143, -20.954, -3.0]"
R_FAIL,STOWED,B51_REF_link4_LINKLOCAL,link4,Release_Clearance_Envelope,REFERENCE_ONLY,MESH,-6.0012,0.9882,0.9882,EXCLUDED_REFERENCE_ONLY_BODY,False,"[145.572, -168.0, -57.0, -41.143, -20.954, -3.0]"
R_FAIL,STOWED,B51_REF_link4_LINKLOCAL,link4,Root_Base_Left,BUS_STRUCTURE,AABB_CLEAR,177.6823,,177.6823,CLEAR,False,"[145.572, -168.0, -57.0, -41.143, -20.954, -3.0]"
R_FAIL,STOWED,B51_REF_link4_LINKLOCAL,link4,Root_Base_Right,BUS_STRUCTURE,AABB_CLEAR,190.0947,,190.0947,CLEAR,False,"[145.572, -168.0, -57.0, -41.143, -20.954, -3.0]"
R_FAIL,STOWED,B51_REF_link4_LINKLOCAL,link4,Root_Node_Spine_Left,BUS_STRUCTURE,AABB_CLEAR,159.9321,,159.9321,CLEAR,False,"[145.572, -168.0, -57.0, -41.143, -20.954, -3.0]"
R_FAIL,STOWED,B51_REF_link4_LINKLOCAL,link4,Root_Node_Spine_Right,BUS_STRUCTURE,AABB_CLEAR,172.4728,,172.4728,CLEAR,False,"[145.572, -168.0, -57.0, -41.143, -20.954, -3.0]"
R_FAIL,STOWED,B51_REF_link4_LINKLOCAL,link4,Spacecraft_Flange,ARM_MOUNT_INTERFACE,AABB_CLEAR,106.853,,106.853,CLEAR,False,"[145.572, -168.0, -57.0, -41.143, -20.954, -3.0]"
R_FAIL,STOWED,B51_REF_link4_LINKLOCAL,link4,Torsion_Spring_1_Left,BUS_STRUCTURE,AABB_CLEAR,222.5883,,222.5883,CLEAR,False,"[145.572, -168.0, -57.0, -41.143, -20.954, -3.0]"
R_FAIL,STOWED,B51_REF_link4_LINKLOCAL,link4,Torsion_Spring_1_Right,BUS_STRUCTURE,AABB_CLEAR,239.932,,239.932,CLEAR,False,"[145.572, -168.0, -57.0, -41.143, -20.954, -3.0]"
R_FAIL,STOWED,B51_REF_link4_LINKLOCAL,link4,Torsion_Spring_2_Left,BUS_STRUCTURE,AABB_CLEAR,197.164,,197.164,CLEAR,False,"[145.572, -168.0, -57.0, -41.143, -20.954, -3.0]"
R_FAIL,STOWED,B51_REF_link4_LINKLOCAL,link4,Torsion_Spring_2_Right,BUS_STRUCTURE,AABB_CLEAR,216.5536,,216.5536,CLEAR,False,"[145.572, -168.0, -57.0, -41.143, -20.954, -3.0]"
R_FAIL,STOWED,B51_REF_link4_LINKLOCAL,link4,WING_L_DEPLOYED,SOLAR_WING,AABB_CLEAR,179.2223,,179.2223,CLEAR,False,"[145.572, -168.0, -57.0, -41.143, -20.954, -3.0]"
R_FAIL,STOWED,B51_REF_link4_LINKLOCAL,link4,WING_R_STOWED,SOLAR_WING,AABB_CLEAR,194.3392,,194.3392,CLEAR,False,"[145.572, -168.0, -57.0, -41.143, -20.954, -3.0]"
R_FAIL,STOWED,B51_REF_link5_LINKLOCAL,link5,Adapter_Plate,ARM_MOUNT_INTERFACE,AABB_CLEAR,133.8224,,133.8224,CLEAR,False,"[145.572, -168.0, -57.0, -41.143, -20.954, -3.0]"
R_FAIL,STOWED,B51_REF_link5_LINKLOCAL,link5,Aft_Saddle,SADDLE_PLACEHOLDER,AABB_CLEAR,47.948,,47.948,CLEAR,False,"[145.572, -168.0, -57.0, -41.143, -20.954, -3.0]"
R_FAIL,STOWED,B51_REF_link5_LINKLOCAL,link5,Central_Boss,ARM_MOUNT_INTERFACE,AABB_CLEAR,161.5509,,161.5509,CLEAR,False,"[145.572, -168.0, -57.0, -41.143, -20.954, -3.0]"
R_FAIL,STOWED,B51_REF_link5_LINKLOCAL,link5,Deck_Front_Bay,BUS_STRUCTURE,AABB_CLEAR,235.8023,,235.8023,CLEAR,False,"[145.572, -168.0, -57.0, -41.143, -20.954, -3.0]"
R_FAIL,STOWED,B51_REF_link5_LINKLOCAL,link5,Deck_Mid_Bay,BUS_STRUCTURE,AABB_CLEAR,235.8023,,235.8023,CLEAR,False,"[145.572, -168.0, -57.0, -41.143, -20.954, -3.0]"
R_FAIL,STOWED,B51_REF_link5_LINKLOCAL,link5,Deck_Rear_Bay,BUS_STRUCTURE,AABB_CLEAR,261.027,,261.027,CLEAR,False,"[145.572, -168.0, -57.0, -41.143, -20.954, -3.0]"
R_FAIL,STOWED,B51_REF_link5_LINKLOCAL,link5,Front_End_Frame,BUS_STRUCTURE,AABB_CLEAR,101.9927,,101.9927,CLEAR,False,"[145.572, -168.0, -57.0, -41.143, -20.954, -3.0]"
R_FAIL,STOWED,B51_REF_link5_LINKLOCAL,link5,Front_Transverse_Frame,BUS_STRUCTURE,AABB_CLEAR,89.6523,,89.6523,CLEAR,False,"[145.572, -168.0, -57.0, -41.143, -20.954, -3.0]"
R_FAIL,STOWED,B51_REF_link5_LINKLOCAL,link5,Fwd_Saddle,SADDLE_PLACEHOLDER,AABB_CLEAR,33.631,,33.631,CLEAR,False,"[145.572, -168.0, -57.0, -41.143, -20.954, -3.0]"
R_FAIL,STOWED,B51_REF_link5_LINKLOCAL,link5,HDRM_Base_1_Left,BUS_STRUCTURE,AABB_CLEAR,348.2745,,348.2745,CLEAR,False,"[145.572, -168.0, -57.0, -41.143, -20.954, -3.0]"
R_FAIL,STOWED,B51_REF_link5_LINKLOCAL,link5,HDRM_Base_1_Right,BUS_STRUCTURE,AABB_CLEAR,363.0721,,363.0721,CLEAR,False,"[145.572, -168.0, -57.0, -41.143, -20.954, -3.0]"
R_FAIL,STOWED,B51_REF_link5_LINKLOCAL,link5,HDRM_Base_2_Left,BUS_STRUCTURE,AABB_CLEAR,287.9228,,287.9228,CLEAR,False,"[145.572, -168.0, -57.0, -41.143, -20.954, -3.0]"
R_FAIL,STOWED,B51_REF_link5_LINKLOCAL,link5,HDRM_Base_2_Right,BUS_STRUCTURE,AABB_CLEAR,305.6562,,305.6562,CLEAR,False,"[145.572, -168.0, -57.0, -41.143, -20.954, -3.0]"
R_FAIL,STOWED,B51_REF_link5_LINKLOCAL,link5,HDRM_Rod_1_Left,BUS_STRUCTURE,AABB_CLEAR,358.2777,,358.2777,CLEAR,False,"[145.572, -168.0, -57.0, -41.143, -20.954, -3.0]"
R_FAIL,STOWED,B51_REF_link5_LINKLOCAL,link5,HDRM_Rod_1_Right,BUS_STRUCTURE,AABB_CLEAR,374.7036,,374.7036,CLEAR,False,"[145.572, -168.0, -57.0, -41.143, -20.954, -3.0]"
R_FAIL,STOWED,B51_REF_link5_LINKLOCAL,link5,HDRM_Rod_2_Left,BUS_STRUCTURE,AABB_CLEAR,295.2689,,295.2689,CLEAR,False,"[145.572, -168.0, -57.0, -41.143, -20.954, -3.0]"
R_FAIL,STOWED,B51_REF_link5_LINKLOCAL,link5,HDRM_Rod_2_Right,BUS_STRUCTURE,AABB_CLEAR,314.9978,,314.9978,CLEAR,False,"[145.572, -168.0, -57.0, -41.143, -20.954, -3.0]"
R_FAIL,STOWED,B51_REF_link5_LINKLOCAL,link5,Hard_Stop_Left,BUS_STRUCTURE,AABB_CLEAR,194.9262,,194.9262,CLEAR,False,"[145.572, -168.0, -57.0, -41.143, -20.954, -3.0]"
R_FAIL,STOWED,B51_REF_link5_LINKLOCAL,link5,Hard_Stop_Right,BUS_STRUCTURE,AABB_CLEAR,223.6875,,223.6875,CLEAR,False,"[145.572, -168.0, -57.0, -41.143, -20.954, -3.0]"
R_FAIL,STOWED,B51_REF_link5_LINKLOCAL,link5,Harness_Passage,ARM_MOUNT_INTERFACE,AABB_CLEAR,257.8023,,257.8023,CLEAR,False,"[145.572, -168.0, -57.0, -41.143, -20.954, -3.0]"
R_FAIL,STOWED,B51_REF_link5_LINKLOCAL,link5,Harness_Service_Loop_Left,BUS_STRUCTURE,AABB_CLEAR,251.229,,251.229,CLEAR,False,"[145.572, -168.0, -57.0, -41.143, -20.954, -3.0]"
R_FAIL,STOWED,B51_REF_link5_LINKLOCAL,link5,Harness_Service_Loop_Right,BUS_STRUCTURE,AABB_CLEAR,271.371,,271.371,CLEAR,False,"[145.572, -168.0, -57.0, -41.143, -20.954, -3.0]"
R_FAIL,STOWED,B51_REF_link5_LINKLOCAL,link5,Hinge_Ear_1_Left,BUS_STRUCTURE,AABB_CLEAR,225.7694,,225.7694,CLEAR,False,"[145.572, -168.0, -57.0, -41.143, -20.954, -3.0]"
R_FAIL,STOWED,B51_REF_link5_LINKLOCAL,link5,Hinge_Ear_1_Right,BUS_STRUCTURE,AABB_CLEAR,251.0213,,251.0213,CLEAR,False,"[145.572, -168.0, -57.0, -41.143, -20.954, -3.0]"
R_FAIL,STOWED,B51_REF_link5_LINKLOCAL,link5,Hinge_Ear_2_Left,BUS_STRUCTURE,AABB_CLEAR,217.324,,217.324,CLEAR,False,"[145.572, -168.0, -57.0, -41.143, -20.954, -3.0]"
R_FAIL,STOWED,B51_REF_link5_LINKLOCAL,link5,Hinge_Ear_2_Right,BUS_STRUCTURE,AABB_CLEAR,243.4535,,243.4535,CLEAR,False,"[145.572, -168.0, -57.0, -41.143, -20.954, -3.0]"
R_FAIL,STOWED,B51_REF_link5_LINKLOCAL,link5,Hinge_Pin_Left,BUS_STRUCTURE,AABB_CLEAR,217.375,,217.375,CLEAR,False,"[145.572, -168.0, -57.0, -41.143, -20.954, -3.0]"
R_FAIL,STOWED,B51_REF_link5_LINKLOCAL,link5,Hinge_Pin_Right,BUS_STRUCTURE,AABB_CLEAR,250.3948,,250.3948,CLEAR,False,"[145.572, -168.0, -57.0, -41.143, -20.954, -3.0]"
R_FAIL,STOWED,B51_REF_link5_LINKLOCAL,link5,Launch_Lock_Interface_Reference,REFERENCE_ONLY,AABB_CLEAR,49.512,,49.512,EXCLUDED_REFERENCE_ONLY_BODY,False,"[145.572, -168.0, -57.0, -41.143, -20.954, -3.0]"
R_FAIL,STOWED,B51_REF_link5_LINKLOCAL,link5,Load_Bridge_Left,ARM_MOUNT_INTERFACE,AABB_CLEAR,184.8023,,184.8023,CLEAR,False,"[145.572, -168.0, -57.0, -41.143, -20.954, -3.0]"
R_FAIL,STOWED,B51_REF_link5_LINKLOCAL,link5,Load_Bridge_Right,ARM_MOUNT_INTERFACE,AABB_CLEAR,193.6259,,193.6259,CLEAR,False,"[145.572, -168.0, -57.0, -41.143, -20.954, -3.0]"
R_FAIL,STOWED,B51_REF_link5_LINKLOCAL,link5,Load_Spreading_Frame,ARM_MOUNT_INTERFACE,AABB_CLEAR,115.6142,,115.6142,CLEAR,False,"[145.572, -168.0, -57.0, -41.143, -20.954, -3.0]"
R_FAIL,STOWED,B51_REF_link5_LINKLOCAL,link5,Longerons_4X,BUS_STRUCTURE,AABB_CLEAR,89.6523,,89.6523,CLEAR,False,"[145.572, -168.0, -57.0, -41.143, -20.954, -3.0]"
R_FAIL,STOWED,B51_REF_link5_LINKLOCAL,link5,Maintenance_Access_Cover,BUS_STRUCTURE,AABB_CLEAR,306.9523,,306.9523,CLEAR,False,"[145.572, -168.0, -57.0, -41.143, -20.954, -3.0]"
R_FAIL,STOWED,B51_REF_link5_LINKLOCAL,link5,Mid_Saddle,SADDLE_PLACEHOLDER,MESH,-15.1177,0.0011,0.0011,TOO_CLOSE_TO_CALL,True,"[145.572, -168.0, -57.0, -41.143, -20.954, -3.0]"
R_FAIL,STOWED,B51_REF_link5_LINKLOCAL,link5,Mid_Transverse_Frame_,BUS_STRUCTURE,AABB_CLEAR,89.6523,,89.6523,CLEAR,False,"[145.572, -168.0, -57.0, -41.143, -20.954, -3.0]"
R_FAIL,STOWED,B51_REF_link5_LINKLOCAL,link5,Rear_End_Frame,BUS_STRUCTURE,AABB_CLEAR,240.2985,,240.2985,CLEAR,False,"[145.572, -168.0, -57.0, -41.143, -20.954, -3.0]"
R_FAIL,STOWED,B51_REF_link5_LINKLOCAL,link5,Release_Clearance_Envelope,REFERENCE_ONLY,MESH,-22.052,0.0,0.0,EXCLUDED_REFERENCE_ONLY_BODY,False,"[145.572, -168.0, -57.0, -41.143, -20.954, -3.0]"
R_FAIL,STOWED,B51_REF_link5_LINKLOCAL,link5,Root_Base_Left,BUS_STRUCTURE,AABB_CLEAR,184.0589,,184.0589,CLEAR,False,"[145.572, -168.0, -57.0, -41.143, -20.954, -3.0]"
R_FAIL,STOWED,B51_REF_link5_LINKLOCAL,link5,Root_Base_Right,BUS_STRUCTURE,AABB_CLEAR,210.7223,,210.7223,CLEAR,False,"[145.572, -168.0, -57.0, -41.143, -20.954, -3.0]"
R_FAIL,STOWED,B51_REF_link5_LINKLOCAL,link5,Root_Node_Spine_Left,BUS_STRUCTURE,AABB_CLEAR,161.8713,,161.8713,CLEAR,False,"[145.572, -168.0, -57.0, -41.143, -20.954, -3.0]"
R_FAIL,STOWED,B51_REF_link5_LINKLOCAL,link5,Root_Node_Spine_Right,BUS_STRUCTURE,AABB_CLEAR,190.1601,,190.1601,CLEAR,False,"[145.572, -168.0, -57.0, -41.143, -20.954, -3.0]"
R_FAIL,STOWED,B51_REF_link5_LINKLOCAL,link5,Spacecraft_Flange,ARM_MOUNT_INTERFACE,AABB_CLEAR,137.0499,,137.0499,CLEAR,False,"[145.572, -168.0, -57.0, -41.143, -20.954, -3.0]"
R_FAIL,STOWED,B51_REF_link5_LINKLOCAL,link5,Torsion_Spring_1_Left,BUS_STRUCTURE,AABB_CLEAR,229.8352,,229.8352,CLEAR,False,"[145.572, -168.0, -57.0, -41.143, -20.954, -3.0]"
R_FAIL,STOWED,B51_REF_link5_LINKLOCAL,link5,Torsion_Spring_1_Right,BUS_STRUCTURE,AABB_CLEAR,259.8327,,259.8327,CLEAR,False,"[145.572, -168.0, -57.0, -41.143, -20.954, -3.0]"
R_FAIL,STOWED,B51_REF_link5_LINKLOCAL,link5,Torsion_Spring_2_Left,BUS_STRUCTURE,AABB_CLEAR,208.8755,,208.8755,CLEAR,False,"[145.572, -168.0, -57.0, -41.143, -20.954, -3.0]"
R_FAIL,STOWED,B51_REF_link5_LINKLOCAL,link5,Torsion_Spring_2_Right,BUS_STRUCTURE,AABB_CLEAR,241.4908,,241.4908,CLEAR,False,"[145.572, -168.0, -57.0, -41.143, -20.954, -3.0]"
R_FAIL,STOWED,B51_REF_link5_LINKLOCAL,link5,WING_L_DEPLOYED,SOLAR_WING,AABB_CLEAR,196.9785,,196.9785,CLEAR,False,"[145.572, -168.0, -57.0, -41.143, -20.954, -3.0]"
R_FAIL,STOWED,B51_REF_link5_LINKLOCAL,link5,WING_R_STOWED,SOLAR_WING,AABB_CLEAR,224.7588,,224.7588,CLEAR,False,"[145.572, -168.0, -57.0, -41.143, -20.954, -3.0]"
R_FAIL,STOWED,B51_REF_link6_LINKLOCAL,link6,Adapter_Plate,ARM_MOUNT_INTERFACE,AABB_CLEAR,188.7104,,188.7104,CLEAR,False,"[145.572, -168.0, -57.0, -41.143, -20.954, -3.0]"
R_FAIL,STOWED,B51_REF_link6_LINKLOCAL,link6,Aft_Saddle,SADDLE_PLACEHOLDER,MESH,-1.1453,5.9409,5.9409,CLEAR,False,"[145.572, -168.0, -57.0, -41.143, -20.954, -3.0]"
R_FAIL,STOWED,B51_REF_link6_LINKLOCAL,link6,Central_Boss,ARM_MOUNT_INTERFACE,AABB_CLEAR,216.0724,,216.0724,CLEAR,False,"[145.572, -168.0, -57.0, -41.143, -20.954, -3.0]"
R_FAIL,STOWED,B51_REF_link6_LINKLOCAL,link6,Deck_Front_Bay,BUS_STRUCTURE,AABB_CLEAR,269.33,,269.33,CLEAR,False,"[145.572, -168.0, -57.0, -41.143, -20.954, -3.0]"
R_FAIL,STOWED,B51_REF_link6_LINKLOCAL,link6,Deck_Mid_Bay,BUS_STRUCTURE,AABB_CLEAR,269.33,,269.33,CLEAR,False,"[145.572, -168.0, -57.0, -41.143, -20.954, -3.0]"
R_FAIL,STOWED,B51_REF_link6_LINKLOCAL,link6,Deck_Rear_Bay,BUS_STRUCTURE,AABB_CLEAR,276.5671,,276.5671,CLEAR,False,"[145.572, -168.0, -57.0, -41.143, -20.954, -3.0]"
R_FAIL,STOWED,B51_REF_link6_LINKLOCAL,link6,Front_End_Frame,BUS_STRUCTURE,AABB_CLEAR,158.037,,158.037,CLEAR,False,"[145.572, -168.0, -57.0, -41.143, -20.954, -3.0]"
R_FAIL,STOWED,B51_REF_link6_LINKLOCAL,link6,Front_Transverse_Frame,BUS_STRUCTURE,AABB_CLEAR,130.4719,,130.4719,CLEAR,False,"[145.572, -168.0, -57.0, -41.143, -20.954, -3.0]"
R_FAIL,STOWED,B51_REF_link6_LINKLOCAL,link6,Fwd_Saddle,SADDLE_PLACEHOLDER,AABB_CLEAR,87.3433,,87.3433,CLEAR,False,"[145.572, -168.0, -57.0, -41.143, -20.954, -3.0]"
R_FAIL,STOWED,B51_REF_link6_LINKLOCAL,link6,HDRM_Base_1_Left,BUS_STRUCTURE,AABB_CLEAR,355.3322,,355.3322,CLEAR,False,"[145.572, -168.0, -57.0, -41.143, -20.954, -3.0]"
R_FAIL,STOWED,B51_REF_link6_LINKLOCAL,link6,HDRM_Base_1_Right,BUS_STRUCTURE,AABB_CLEAR,366.2132,,366.2132,CLEAR,False,"[145.572, -168.0, -57.0, -41.143, -20.954, -3.0]"
R_FAIL,STOWED,B51_REF_link6_LINKLOCAL,link6,HDRM_Base_2_Left,BUS_STRUCTURE,AABB_CLEAR,323.5656,,323.5656,CLEAR,False,"[145.572, -168.0, -57.0, -41.143, -20.954, -3.0]"
R_FAIL,STOWED,B51_REF_link6_LINKLOCAL,link6,HDRM_Base_2_Right,BUS_STRUCTURE,AABB_CLEAR,335.4785,,335.4785,CLEAR,False,"[145.572, -168.0, -57.0, -41.143, -20.954, -3.0]"
R_FAIL,STOWED,B51_REF_link6_LINKLOCAL,link6,HDRM_Rod_1_Left,BUS_STRUCTURE,AABB_CLEAR,365.493,,365.493,CLEAR,False,"[145.572, -168.0, -57.0, -41.143, -20.954, -3.0]"
R_FAIL,STOWED,B51_REF_link6_LINKLOCAL,link6,HDRM_Rod_1_Right,BUS_STRUCTURE,AABB_CLEAR,377.3209,,377.3209,CLEAR,False,"[145.572, -168.0, -57.0, -41.143, -20.954, -3.0]"
R_FAIL,STOWED,B51_REF_link6_LINKLOCAL,link6,HDRM_Rod_2_Left,BUS_STRUCTURE,AABB_CLEAR,331.5325,,331.5325,CLEAR,False,"[145.572, -168.0, -57.0, -41.143, -20.954, -3.0]"
R_FAIL,STOWED,B51_REF_link6_LINKLOCAL,link6,HDRM_Rod_2_Right,BUS_STRUCTURE,AABB_CLEAR,344.5284,,344.5284,CLEAR,False,"[145.572, -168.0, -57.0, -41.143, -20.954, -3.0]"
R_FAIL,STOWED,B51_REF_link6_LINKLOCAL,link6,Hard_Stop_Left,BUS_STRUCTURE,AABB_CLEAR,209.5022,,209.5022,CLEAR,False,"[145.572, -168.0, -57.0, -41.143, -20.954, -3.0]"
R_FAIL,STOWED,B51_REF_link6_LINKLOCAL,link6,Hard_Stop_Right,BUS_STRUCTURE,AABB_CLEAR,229.5151,,229.5151,CLEAR,False,"[145.572, -168.0, -57.0, -41.143, -20.954, -3.0]"
R_FAIL,STOWED,B51_REF_link6_LINKLOCAL,link6,Harness_Passage,ARM_MOUNT_INTERFACE,AABB_CLEAR,291.33,,291.33,CLEAR,False,"[145.572, -168.0, -57.0, -41.143, -20.954, -3.0]"
R_FAIL,STOWED,B51_REF_link6_LINKLOCAL,link6,Harness_Service_Loop_Left,BUS_STRUCTURE,AABB_CLEAR,261.8136,,261.8136,CLEAR,False,"[145.572, -168.0, -57.0, -41.143, -20.954, -3.0]"
R_FAIL,STOWED,B51_REF_link6_LINKLOCAL,link6,Harness_Service_Loop_Right,BUS_STRUCTURE,AABB_CLEAR,276.401,,276.401,CLEAR,False,"[145.572, -168.0, -57.0, -41.143, -20.954, -3.0]"
R_FAIL,STOWED,B51_REF_link6_LINKLOCAL,link6,Hinge_Ear_1_Left,BUS_STRUCTURE,AABB_CLEAR,241.5062,,241.5062,CLEAR,False,"[145.572, -168.0, -57.0, -41.143, -20.954, -3.0]"
R_FAIL,STOWED,B51_REF_link6_LINKLOCAL,link6,Hinge_Ear_1_Right,BUS_STRUCTURE,AABB_CLEAR,259.0584,,259.0584,CLEAR,False,"[145.572, -168.0, -57.0, -41.143, -20.954, -3.0]"
R_FAIL,STOWED,B51_REF_link6_LINKLOCAL,link6,Hinge_Ear_2_Left,BUS_STRUCTURE,AABB_CLEAR,237.3826,,237.3826,CLEAR,False,"[145.572, -168.0, -57.0, -41.143, -20.954, -3.0]"
R_FAIL,STOWED,B51_REF_link6_LINKLOCAL,link6,Hinge_Ear_2_Right,BUS_STRUCTURE,AABB_CLEAR,255.2185,,255.2185,CLEAR,False,"[145.572, -168.0, -57.0, -41.143, -20.954, -3.0]"
R_FAIL,STOWED,B51_REF_link6_LINKLOCAL,link6,Hinge_Pin_Left,BUS_STRUCTURE,AABB_CLEAR,241.2345,,241.2345,CLEAR,False,"[145.572, -168.0, -57.0, -41.143, -20.954, -3.0]"
R_FAIL,STOWED,B51_REF_link6_LINKLOCAL,link6,Hinge_Pin_Right,BUS_STRUCTURE,AABB_CLEAR,262.8375,,262.8375,CLEAR,False,"[145.572, -168.0, -57.0, -41.143, -20.954, -3.0]"
R_FAIL,STOWED,B51_REF_link6_LINKLOCAL,link6,Launch_Lock_Interface_Reference,REFERENCE_ONLY,AABB_CLEAR,65.33,,65.33,EXCLUDED_REFERENCE_ONLY_BODY,False,"[145.572, -168.0, -57.0, -41.143, -20.954, -3.0]"
R_FAIL,STOWED,B51_REF_link6_LINKLOCAL,link6,Load_Bridge_Left,ARM_MOUNT_INTERFACE,AABB_CLEAR,218.33,,218.33,CLEAR,False,"[145.572, -168.0, -57.0, -41.143, -20.954, -3.0]"
R_FAIL,STOWED,B51_REF_link6_LINKLOCAL,link6,Load_Bridge_Right,ARM_MOUNT_INTERFACE,AABB_CLEAR,224.2643,,224.2643,CLEAR,False,"[145.572, -168.0, -57.0, -41.143, -20.954, -3.0]"
R_FAIL,STOWED,B51_REF_link6_LINKLOCAL,link6,Load_Spreading_Frame,ARM_MOUNT_INTERFACE,AABB_CLEAR,169.3421,,169.3421,CLEAR,False,"[145.572, -168.0, -57.0, -41.143, -20.954, -3.0]"
R_FAIL,STOWED,B51_REF_link6_LINKLOCAL,link6,Longerons_4X,BUS_STRUCTURE,AABB_CLEAR,123.18,,123.18,CLEAR,False,"[145.572, -168.0, -57.0, -41.143, -20.954, -3.0]"
R_FAIL,STOWED,B51_REF_link6_LINKLOCAL,link6,Maintenance_Access_Cover,BUS_STRUCTURE,AABB_CLEAR,344.1327,,344.1327,CLEAR,False,"[145.572, -168.0, -57.0, -41.143, -20.954, -3.0]"
R_FAIL,STOWED,B51_REF_link6_LINKLOCAL,link6,Mid_Saddle,SADDLE_PLACEHOLDER,AABB_CLEAR,18.841,,18.841,CLEAR,False,"[145.572, -168.0, -57.0, -41.143, -20.954, -3.0]"
R_FAIL,STOWED,B51_REF_link6_LINKLOCAL,link6,Mid_Transverse_Frame_,BUS_STRUCTURE,AABB_CLEAR,123.18,,123.18,CLEAR,False,"[145.572, -168.0, -57.0, -41.143, -20.954, -3.0]"
R_FAIL,STOWED,B51_REF_link6_LINKLOCAL,link6,Rear_End_Frame,BUS_STRUCTURE,AABB_CLEAR,213.0699,,213.0699,CLEAR,False,"[145.572, -168.0, -57.0, -41.143, -20.954, -3.0]"
R_FAIL,STOWED,B51_REF_link6_LINKLOCAL,link6,Release_Clearance_Envelope,REFERENCE_ONLY,MESH,-67.2934,0.0014,0.0014,EXCLUDED_REFERENCE_ONLY_BODY,False,"[145.572, -168.0, -57.0, -41.143, -20.954, -3.0]"
R_FAIL,STOWED,B51_REF_link6_LINKLOCAL,link6,Root_Base_Left,BUS_STRUCTURE,AABB_CLEAR,201.42,,201.42,CLEAR,False,"[145.572, -168.0, -57.0, -41.143, -20.954, -3.0]"
R_FAIL,STOWED,B51_REF_link6_LINKLOCAL,link6,Root_Base_Right,BUS_STRUCTURE,AABB_CLEAR,220.0481,,220.0481,CLEAR,False,"[145.572, -168.0, -57.0, -41.143, -20.954, -3.0]"
R_FAIL,STOWED,B51_REF_link6_LINKLOCAL,link6,Root_Node_Spine_Left,BUS_STRUCTURE,AABB_CLEAR,170.8555,,170.8555,CLEAR,False,"[145.572, -168.0, -57.0, -41.143, -20.954, -3.0]"
R_FAIL,STOWED,B51_REF_link6_LINKLOCAL,link6,Root_Node_Spine_Right,BUS_STRUCTURE,AABB_CLEAR,191.552,,191.552,CLEAR,False,"[145.572, -168.0, -57.0, -41.143, -20.954, -3.0]"
R_FAIL,STOWED,B51_REF_link6_LINKLOCAL,link6,Spacecraft_Flange,ARM_MOUNT_INTERFACE,AABB_CLEAR,191.0991,,191.0991,CLEAR,False,"[145.572, -168.0, -57.0, -41.143, -20.954, -3.0]"
R_FAIL,STOWED,B51_REF_link6_LINKLOCAL,link6,Torsion_Spring_1_Left,BUS_STRUCTURE,AABB_CLEAR,244.5905,,244.5905,CLEAR,False,"[145.572, -168.0, -57.0, -41.143, -20.954, -3.0]"
R_FAIL,STOWED,B51_REF_link6_LINKLOCAL,link6,Torsion_Spring_1_Right,BUS_STRUCTURE,AABB_CLEAR,265.0406,,265.0406,CLEAR,False,"[145.572, -168.0, -57.0, -41.143, -20.954, -3.0]"
R_FAIL,STOWED,B51_REF_link6_LINKLOCAL,link6,Torsion_Spring_2_Left,BUS_STRUCTURE,AABB_CLEAR,234.8316,,234.8316,CLEAR,False,"[145.572, -168.0, -57.0, -41.143, -20.954, -3.0]"
R_FAIL,STOWED,B51_REF_link6_LINKLOCAL,link6,Torsion_Spring_2_Right,BUS_STRUCTURE,AABB_CLEAR,256.0623,,256.0623,CLEAR,False,"[145.572, -168.0, -57.0, -41.143, -20.954, -3.0]"
R_FAIL,STOWED,B51_REF_link6_LINKLOCAL,link6,WING_L_DEPLOYED,SOLAR_WING,AABB_CLEAR,233.4387,,233.4387,CLEAR,False,"[145.572, -168.0, -57.0, -41.143, -20.954, -3.0]"
R_FAIL,STOWED,B51_REF_link6_LINKLOCAL,link6,WING_R_STOWED,SOLAR_WING,AABB_CLEAR,252.4594,,252.4594,CLEAR,False,"[145.572, -168.0, -57.0, -41.143, -20.954, -3.0]"
R_FAIL,STOWED,B51_REF_gripper_detail_LINKLOCAL,gripper_link,Adapter_Plate,ARM_MOUNT_INTERFACE,AABB_CLEAR,195.7217,,195.7217,CLEAR,False,"[145.572, -168.0, -57.0, -41.143, -20.954, -3.0]"
R_FAIL,STOWED,B51_REF_gripper_detail_LINKLOCAL,gripper_link,Aft_Saddle,SADDLE_PLACEHOLDER,MESH,-44.8936,1.5478,1.5478,TIGHT_CLEARANCE,False,"[145.572, -168.0, -57.0, -41.143, -20.954, -3.0]"
R_FAIL,STOWED,B51_REF_gripper_detail_LINKLOCAL,gripper_link,Central_Boss,ARM_MOUNT_INTERFACE,AABB_CLEAR,221.9437,,221.9437,CLEAR,False,"[145.572, -168.0, -57.0, -41.143, -20.954, -3.0]"
R_FAIL,STOWED,B51_REF_gripper_detail_LINKLOCAL,gripper_link,Deck_Front_Bay,BUS_STRUCTURE,AABB_CLEAR,252.8693,,252.8693,CLEAR,False,"[145.572, -168.0, -57.0, -41.143, -20.954, -3.0]"
R_FAIL,STOWED,B51_REF_gripper_detail_LINKLOCAL,gripper_link,Deck_Mid_Bay,BUS_STRUCTURE,AABB_CLEAR,252.1864,,252.1864,CLEAR,False,"[145.572, -168.0, -57.0, -41.143, -20.954, -3.0]"
R_FAIL,STOWED,B51_REF_gripper_detail_LINKLOCAL,gripper_link,Deck_Rear_Bay,BUS_STRUCTURE,AABB_CLEAR,252.1864,,252.1864,CLEAR,False,"[145.572, -168.0, -57.0, -41.143, -20.954, -3.0]"
R_FAIL,STOWED,B51_REF_gripper_detail_LINKLOCAL,gripper_link,Front_End_Frame,BUS_STRUCTURE,AABB_CLEAR,167.4288,,167.4288,CLEAR,False,"[145.572, -168.0, -57.0, -41.143, -20.954, -3.0]"
R_FAIL,STOWED,B51_REF_gripper_detail_LINKLOCAL,gripper_link,Front_Transverse_Frame,BUS_STRUCTURE,AABB_CLEAR,129.0598,,129.0598,CLEAR,False,"[145.572, -168.0, -57.0, -41.143, -20.954, -3.0]"
R_FAIL,STOWED,B51_REF_gripper_detail_LINKLOCAL,gripper_link,Fwd_Saddle,SADDLE_PLACEHOLDER,AABB_CLEAR,114.7708,,114.7708,CLEAR,False,"[145.572, -168.0, -57.0, -41.143, -20.954, -3.0]"
R_FAIL,STOWED,B51_REF_gripper_detail_LINKLOCAL,gripper_link,HDRM_Base_1_Left,BUS_STRUCTURE,AABB_CLEAR,312.1218,,312.1218,CLEAR,False,"[145.572, -168.0, -57.0, -41.143, -20.954, -3.0]"
R_FAIL,STOWED,B51_REF_gripper_detail_LINKLOCAL,gripper_link,HDRM_Base_1_Right,BUS_STRUCTURE,AABB_CLEAR,313.4119,,313.4119,CLEAR,False,"[145.572, -168.0, -57.0, -41.143, -20.954, -3.0]"
R_FAIL,STOWED,B51_REF_gripper_detail_LINKLOCAL,gripper_link,HDRM_Base_2_Left,BUS_STRUCTURE,AABB_CLEAR,304.1864,,304.1864,CLEAR,False,"[145.572, -168.0, -57.0, -41.143, -20.954, -3.0]"
R_FAIL,STOWED,B51_REF_gripper_detail_LINKLOCAL,gripper_link,HDRM_Base_2_Right,BUS_STRUCTURE,AABB_CLEAR,305.5101,,305.5101,CLEAR,False,"[145.572, -168.0, -57.0, -41.143, -20.954, -3.0]"
R_FAIL,STOWED,B51_REF_gripper_detail_LINKLOCAL,gripper_link,HDRM_Rod_1_Left,BUS_STRUCTURE,AABB_CLEAR,320.6182,,320.6182,CLEAR,False,"[145.572, -168.0, -57.0, -41.143, -20.954, -3.0]"
R_FAIL,STOWED,B51_REF_gripper_detail_LINKLOCAL,gripper_link,HDRM_Rod_1_Right,BUS_STRUCTURE,AABB_CLEAR,322.6162,,322.6162,CLEAR,False,"[145.572, -168.0, -57.0, -41.143, -20.954, -3.0]"
R_FAIL,STOWED,B51_REF_gripper_detail_LINKLOCAL,gripper_link,HDRM_Rod_2_Left,BUS_STRUCTURE,AABB_CLEAR,311.2513,,311.2513,CLEAR,False,"[145.572, -168.0, -57.0, -41.143, -20.954, -3.0]"
R_FAIL,STOWED,B51_REF_gripper_detail_LINKLOCAL,gripper_link,HDRM_Rod_2_Right,BUS_STRUCTURE,AABB_CLEAR,313.309,,313.309,CLEAR,False,"[145.572, -168.0, -57.0, -41.143, -20.954, -3.0]"
R_FAIL,STOWED,B51_REF_gripper_detail_LINKLOCAL,gripper_link,Hard_Stop_Left,BUS_STRUCTURE,AABB_CLEAR,179.299,,179.299,CLEAR,False,"[145.572, -168.0, -57.0, -41.143, -20.954, -3.0]"
R_FAIL,STOWED,B51_REF_gripper_detail_LINKLOCAL,gripper_link,Hard_Stop_Right,BUS_STRUCTURE,AABB_CLEAR,182.8478,,182.8478,CLEAR,False,"[145.572, -168.0, -57.0, -41.143, -20.954, -3.0]"
R_FAIL,STOWED,B51_REF_gripper_detail_LINKLOCAL,gripper_link,Harness_Passage,ARM_MOUNT_INTERFACE,AABB_CLEAR,274.8146,,274.8146,CLEAR,False,"[145.572, -168.0, -57.0, -41.143, -20.954, -3.0]"
R_FAIL,STOWED,B51_REF_gripper_detail_LINKLOCAL,gripper_link,Harness_Service_Loop_Left,BUS_STRUCTURE,AABB_CLEAR,226.501,,226.501,CLEAR,False,"[145.572, -168.0, -57.0, -41.143, -20.954, -3.0]"
R_FAIL,STOWED,B51_REF_gripper_detail_LINKLOCAL,gripper_link,Harness_Service_Loop_Right,BUS_STRUCTURE,AABB_CLEAR,228.2755,,228.2755,CLEAR,False,"[145.572, -168.0, -57.0, -41.143, -20.954, -3.0]"
R_FAIL,STOWED,B51_REF_gripper_detail_LINKLOCAL,gripper_link,Hinge_Ear_1_Left,BUS_STRUCTURE,AABB_CLEAR,211.282,,211.282,CLEAR,False,"[145.572, -168.0, -57.0, -41.143, -20.954, -3.0]"
R_FAIL,STOWED,B51_REF_gripper_detail_LINKLOCAL,gripper_link,Hinge_Ear_1_Right,BUS_STRUCTURE,AABB_CLEAR,214.3018,,214.3018,CLEAR,False,"[145.572, -168.0, -57.0, -41.143, -20.954, -3.0]"
R_FAIL,STOWED,B51_REF_gripper_detail_LINKLOCAL,gripper_link,Hinge_Ear_2_Left,BUS_STRUCTURE,AABB_CLEAR,211.282,,211.282,CLEAR,False,"[145.572, -168.0, -57.0, -41.143, -20.954, -3.0]"
R_FAIL,STOWED,B51_REF_gripper_detail_LINKLOCAL,gripper_link,Hinge_Ear_2_Right,BUS_STRUCTURE,AABB_CLEAR,214.3018,,214.3018,CLEAR,False,"[145.572, -168.0, -57.0, -41.143, -20.954, -3.0]"
R_FAIL,STOWED,B51_REF_gripper_detail_LINKLOCAL,gripper_link,Hinge_Pin_Left,BUS_STRUCTURE,AABB_CLEAR,213.5795,,213.5795,CLEAR,False,"[145.572, -168.0, -57.0, -41.143, -20.954, -3.0]"
R_FAIL,STOWED,B51_REF_gripper_detail_LINKLOCAL,gripper_link,Hinge_Pin_Right,BUS_STRUCTURE,AABB_CLEAR,219.051,,219.051,CLEAR,False,"[145.572, -168.0, -57.0, -41.143, -20.954, -3.0]"
R_FAIL,STOWED,B51_REF_gripper_detail_LINKLOCAL,gripper_link,Launch_Lock_Interface_Reference,REFERENCE_ONLY,AABB_CLEAR,48.1864,,48.1864,EXCLUDED_REFERENCE_ONLY_BODY,False,"[145.572, -168.0, -57.0, -41.143, -20.954, -3.0]"
R_FAIL,STOWED,B51_REF_gripper_detail_LINKLOCAL,gripper_link,Load_Bridge_Left,ARM_MOUNT_INTERFACE,AABB_CLEAR,202.0417,,202.0417,CLEAR,False,"[145.572, -168.0, -57.0, -41.143, -20.954, -3.0]"
R_FAIL,STOWED,B51_REF_gripper_detail_LINKLOCAL,gripper_link,Load_Bridge_Right,ARM_MOUNT_INTERFACE,AABB_CLEAR,202.0417,,202.0417,CLEAR,False,"[145.572, -168.0, -57.0, -41.143, -20.954, -3.0]"
R_FAIL,STOWED,B51_REF_gripper_detail_LINKLOCAL,gripper_link,Load_Spreading_Frame,ARM_MOUNT_INTERFACE,AABB_CLEAR,175.8013,,175.8013,CLEAR,False,"[145.572, -168.0, -57.0, -41.143, -20.954, -3.0]"
R_FAIL,STOWED,B51_REF_gripper_detail_LINKLOCAL,gripper_link,Longerons_4X,BUS_STRUCTURE,AABB_CLEAR,106.0364,,106.0364,CLEAR,False,"[145.572, -168.0, -57.0, -41.143, -20.954, -3.0]"
R_FAIL,STOWED,B51_REF_gripper_detail_LINKLOCAL,gripper_link,Maintenance_Access_Cover,BUS_STRUCTURE,AABB_CLEAR,333.2239,,333.2239,CLEAR,False,"[145.572, -168.0, -57.0, -41.143, -20.954, -3.0]"
R_FAIL,STOWED,B51_REF_gripper_detail_LINKLOCAL,gripper_link,Mid_Saddle,SADDLE_PLACEHOLDER,AABB_CLEAR,34.5944,,34.5944,CLEAR,False,"[145.572, -168.0, -57.0, -41.143, -20.954, -3.0]"
R_FAIL,STOWED,B51_REF_gripper_detail_LINKLOCAL,gripper_link,Mid_Transverse_Frame_,BUS_STRUCTURE,AABB_CLEAR,106.0364,,106.0364,CLEAR,False,"[145.572, -168.0, -57.0, -41.143, -20.954, -3.0]"
R_FAIL,STOWED,B51_REF_gripper_detail_LINKLOCAL,gripper_link,Rear_End_Frame,BUS_STRUCTURE,AABB_CLEAR,143.6654,,143.6654,CLEAR,False,"[145.572, -168.0, -57.0, -41.143, -20.954, -3.0]"
R_FAIL,STOWED,B51_REF_gripper_detail_LINKLOCAL,gripper_link,Release_Clearance_Envelope,REFERENCE_ONLY,MESH,-117.0224,0.0053,0.0053,EXCLUDED_REFERENCE_ONLY_BODY,False,"[145.572, -168.0, -57.0, -41.143, -20.954, -3.0]"
R_FAIL,STOWED,B51_REF_gripper_detail_LINKLOCAL,gripper_link,Root_Base_Left,BUS_STRUCTURE,AABB_CLEAR,176.1864,,176.1864,CLEAR,False,"[145.572, -168.0, -57.0, -41.143, -20.954, -3.0]"
R_FAIL,STOWED,B51_REF_gripper_detail_LINKLOCAL,gripper_link,Root_Base_Right,BUS_STRUCTURE,AABB_CLEAR,178.462,,178.462,CLEAR,False,"[145.572, -168.0, -57.0, -41.143, -20.954, -3.0]"
R_FAIL,STOWED,B51_REF_gripper_detail_LINKLOCAL,gripper_link,Root_Node_Spine_Left,BUS_STRUCTURE,AABB_CLEAR,141.1864,,141.1864,CLEAR,False,"[145.572, -168.0, -57.0, -41.143, -20.954, -3.0]"
R_FAIL,STOWED,B51_REF_gripper_detail_LINKLOCAL,gripper_link,Root_Node_Spine_Right,BUS_STRUCTURE,AABB_CLEAR,143.4544,,143.4544,CLEAR,False,"[145.572, -168.0, -57.0, -41.143, -20.954, -3.0]"
R_FAIL,STOWED,B51_REF_gripper_detail_LINKLOCAL,gripper_link,Spacecraft_Flange,ARM_MOUNT_INTERFACE,AABB_CLEAR,197.128,,197.128,CLEAR,False,"[145.572, -168.0, -57.0, -41.143, -20.954, -3.0]"
R_FAIL,STOWED,B51_REF_gripper_detail_LINKLOCAL,gripper_link,Torsion_Spring_1_Left,BUS_STRUCTURE,AABB_CLEAR,209.179,,209.179,CLEAR,False,"[145.572, -168.0, -57.0, -41.143, -20.954, -3.0]"
R_FAIL,STOWED,B51_REF_gripper_detail_LINKLOCAL,gripper_link,Torsion_Spring_1_Right,BUS_STRUCTURE,AABB_CLEAR,214.2022,,214.2022,CLEAR,False,"[145.572, -168.0, -57.0, -41.143, -20.954, -3.0]"
R_FAIL,STOWED,B51_REF_gripper_detail_LINKLOCAL,gripper_link,Torsion_Spring_2_Left,BUS_STRUCTURE,AABB_CLEAR,209.179,,209.179,CLEAR,False,"[145.572, -168.0, -57.0, -41.143, -20.954, -3.0]"
R_FAIL,STOWED,B51_REF_gripper_detail_LINKLOCAL,gripper_link,Torsion_Spring_2_Right,BUS_STRUCTURE,AABB_CLEAR,214.2022,,214.2022,CLEAR,False,"[145.572, -168.0, -57.0, -41.143, -20.954, -3.0]"
R_FAIL,STOWED,B51_REF_gripper_detail_LINKLOCAL,gripper_link,WING_L_DEPLOYED,SOLAR_WING,AABB_CLEAR,213.1864,,213.1864,CLEAR,False,"[145.572, -168.0, -57.0, -41.143, -20.954, -3.0]"
R_FAIL,STOWED,B51_REF_gripper_detail_LINKLOCAL,gripper_link,WING_R_STOWED,SOLAR_WING,AABB_CLEAR,218.0449,,218.0449,CLEAR,False,"[145.572, -168.0, -57.0, -41.143, -20.954, -3.0]"
DEPLOY_FAILED_BOTH,STOWED,B51_REF_base_link_LINKLOCAL,base_link,Adapter_Plate,ARM_MOUNT_INTERFACE,AABB_CLEAR,12.405,,12.405,EXCLUDED_BOLTED_MOUNT_INTERFACE,False,"[145.572, -168.0, -57.0, -41.143, -20.954, -3.0]"
DEPLOY_FAILED_BOTH,STOWED,B51_REF_base_link_LINKLOCAL,base_link,Aft_Saddle,SADDLE_PLACEHOLDER,AABB_CLEAR,216.7609,,216.7609,CLEAR,False,"[145.572, -168.0, -57.0, -41.143, -20.954, -3.0]"
DEPLOY_FAILED_BOTH,STOWED,B51_REF_base_link_LINKLOCAL,base_link,Central_Boss,ARM_MOUNT_INTERFACE,MESH,2.405,2.7142,2.7142,EXCLUDED_BOLTED_MOUNT_INTERFACE,False,"[145.572, -168.0, -57.0, -41.143, -20.954, -3.0]"
DEPLOY_FAILED_BOTH,STOWED,B51_REF_base_link_LINKLOCAL,base_link,Deck_Front_Bay,BUS_STRUCTURE,AABB_CLEAR,91.405,,91.405,CLEAR,False,"[145.572, -168.0, -57.0, -41.143, -20.954, -3.0]"
DEPLOY_FAILED_BOTH,STOWED,B51_REF_base_link_LINKLOCAL,base_link,Deck_Mid_Bay,BUS_STRUCTURE,AABB_CLEAR,152.405,,152.405,CLEAR,False,"[145.572, -168.0, -57.0, -41.143, -20.954, -3.0]"
DEPLOY_FAILED_BOTH,STOWED,B51_REF_base_link_LINKLOCAL,base_link,Deck_Rear_Bay,BUS_STRUCTURE,AABB_CLEAR,274.405,,274.405,CLEAR,False,"[145.572, -168.0, -57.0, -41.143, -20.954, -3.0]"
DEPLOY_FAILED_BOTH,STOWED,B51_REF_base_link_LINKLOCAL,base_link,Front_End_Frame,BUS_STRUCTURE,AABB_CLEAR,27.405,,27.405,CLEAR,False,"[145.572, -168.0, -57.0, -41.143, -20.954, -3.0]"
DEPLOY_FAILED_BOTH,STOWED,B51_REF_base_link_LINKLOCAL,base_link,Front_Transverse_Frame,BUS_STRUCTURE,AABB_CLEAR,85.405,,85.405,CLEAR,False,"[145.572, -168.0, -57.0, -41.143, -20.954, -3.0]"
DEPLOY_FAILED_BOTH,STOWED,B51_REF_base_link_LINKLOCAL,base_link,Fwd_Saddle,SADDLE_PLACEHOLDER,AABB_CLEAR,60.328,,60.328,CLEAR,False,"[145.572, -168.0, -57.0, -41.143, -20.954, -3.0]"
DEPLOY_FAILED_BOTH,STOWED,B51_REF_base_link_LINKLOCAL,base_link,HDRM_Base_1_Left,BUS_STRUCTURE,AABB_CLEAR,363.1471,,363.1471,CLEAR,False,"[145.572, -168.0, -57.0, -41.143, -20.954, -3.0]"
DEPLOY_FAILED_BOTH,STOWED,B51_REF_base_link_LINKLOCAL,base_link,HDRM_Base_1_Right,BUS_STRUCTURE,AABB_CLEAR,363.1517,,363.1517,CLEAR,False,"[145.572, -168.0, -57.0, -41.143, -20.954, -3.0]"
DEPLOY_FAILED_BOTH,STOWED,B51_REF_base_link_LINKLOCAL,base_link,HDRM_Base_2_Left,BUS_STRUCTURE,AABB_CLEAR,168.8604,,168.8604,CLEAR,False,"[145.572, -168.0, -57.0, -41.143, -20.954, -3.0]"
DEPLOY_FAILED_BOTH,STOWED,B51_REF_base_link_LINKLOCAL,base_link,HDRM_Base_2_Right,BUS_STRUCTURE,AABB_CLEAR,168.8702,,168.8702,CLEAR,False,"[145.572, -168.0, -57.0, -41.143, -20.954, -3.0]"
DEPLOY_FAILED_BOTH,STOWED,B51_REF_base_link_LINKLOCAL,base_link,HDRM_Rod_1_Left,BUS_STRUCTURE,AABB_CLEAR,371.8367,,371.8367,CLEAR,False,"[145.572, -168.0, -57.0, -41.143, -20.954, -3.0]"
DEPLOY_FAILED_BOTH,STOWED,B51_REF_base_link_LINKLOCAL,base_link,HDRM_Rod_1_Right,BUS_STRUCTURE,AABB_CLEAR,371.8418,,371.8418,CLEAR,False,"[145.572, -168.0, -57.0, -41.143, -20.954, -3.0]"
DEPLOY_FAILED_BOTH,STOWED,B51_REF_base_link_LINKLOCAL,base_link,HDRM_Rod_2_Left,BUS_STRUCTURE,AABB_CLEAR,179.1662,,179.1662,CLEAR,False,"[145.572, -168.0, -57.0, -41.143, -20.954, -3.0]"
DEPLOY_FAILED_BOTH,STOWED,B51_REF_base_link_LINKLOCAL,base_link,HDRM_Rod_2_Right,BUS_STRUCTURE,AABB_CLEAR,179.1769,,179.1769,CLEAR,False,"[145.572, -168.0, -57.0, -41.143, -20.954, -3.0]"
DEPLOY_FAILED_BOTH,STOWED,B51_REF_base_link_LINKLOCAL,base_link,Hard_Stop_Left,BUS_STRUCTURE,AABB_CLEAR,275.0303,,275.0303,CLEAR,False,"[145.572, -168.0, -57.0, -41.143, -20.954, -3.0]"
DEPLOY_FAILED_BOTH,STOWED,B51_REF_base_link_LINKLOCAL,base_link,Hard_Stop_Right,BUS_STRUCTURE,AABB_CLEAR,275.0373,,275.0373,CLEAR,False,"[145.572, -168.0, -57.0, -41.143, -20.954, -3.0]"
DEPLOY_FAILED_BOTH,STOWED,B51_REF_base_link_LINKLOCAL,base_link,Harness_Passage,ARM_MOUNT_INTERFACE,AABB_CLEAR,39.405,,39.405,EXCLUDED_BOLTED_MOUNT_INTERFACE,False,"[145.572, -168.0, -57.0, -41.143, -20.954, -3.0]"
DEPLOY_FAILED_BOTH,STOWED,B51_REF_base_link_LINKLOCAL,base_link,Harness_Service_Loop_Left,BUS_STRUCTURE,AABB_CLEAR,304.873,,304.873,CLEAR,False,"[145.572, -168.0, -57.0, -41.143, -20.954, -3.0]"
DEPLOY_FAILED_BOTH,STOWED,B51_REF_base_link_LINKLOCAL,base_link,Harness_Service_Loop_Right,BUS_STRUCTURE,AABB_CLEAR,304.8784,,304.8784,CLEAR,False,"[145.572, -168.0, -57.0, -41.143, -20.954, -3.0]"
DEPLOY_FAILED_BOTH,STOWED,B51_REF_base_link_LINKLOCAL,base_link,Hinge_Ear_1_Left,BUS_STRUCTURE,AABB_CLEAR,281.8658,,281.8658,CLEAR,False,"[145.572, -168.0, -57.0, -41.143, -20.954, -3.0]"
DEPLOY_FAILED_BOTH,STOWED,B51_REF_base_link_LINKLOCAL,base_link,Hinge_Ear_1_Right,BUS_STRUCTURE,AABB_CLEAR,281.8726,,281.8726,CLEAR,False,"[145.572, -168.0, -57.0, -41.143, -20.954, -3.0]"
DEPLOY_FAILED_BOTH,STOWED,B51_REF_base_link_LINKLOCAL,base_link,Hinge_Ear_2_Left,BUS_STRUCTURE,AABB_CLEAR,264.3062,,264.3062,CLEAR,False,"[145.572, -168.0, -57.0, -41.143, -20.954, -3.0]"
DEPLOY_FAILED_BOTH,STOWED,B51_REF_base_link_LINKLOCAL,base_link,Hinge_Ear_2_Right,BUS_STRUCTURE,AABB_CLEAR,264.3134,,264.3134,CLEAR,False,"[145.572, -168.0, -57.0, -41.143, -20.954, -3.0]"
DEPLOY_FAILED_BOTH,STOWED,B51_REF_base_link_LINKLOCAL,base_link,Hinge_Pin_Left,BUS_STRUCTURE,AABB_CLEAR,262.2731,,262.2731,CLEAR,False,"[145.572, -168.0, -57.0, -41.143, -20.954, -3.0]"
DEPLOY_FAILED_BOTH,STOWED,B51_REF_base_link_LINKLOCAL,base_link,Hinge_Pin_Right,BUS_STRUCTURE,AABB_CLEAR,262.2826,,262.2826,CLEAR,False,"[145.572, -168.0, -57.0, -41.143, -20.954, -3.0]"
DEPLOY_FAILED_BOTH,STOWED,B51_REF_base_link_LINKLOCAL,base_link,Launch_Lock_Interface_Reference,REFERENCE_ONLY,AABB_CLEAR,212.5956,,212.5956,EXCLUDED_REFERENCE_ONLY_BODY,False,"[145.572, -168.0, -57.0, -41.143, -20.954, -3.0]"
DEPLOY_FAILED_BOTH,STOWED,B51_REF_base_link_LINKLOCAL,base_link,Load_Bridge_Left,ARM_MOUNT_INTERFACE,AABB_CLEAR,39.9965,,39.9965,EXCLUDED_BOLTED_MOUNT_INTERFACE,False,"[145.572, -168.0, -57.0, -41.143, -20.954, -3.0]"
DEPLOY_FAILED_BOTH,STOWED,B51_REF_base_link_LINKLOCAL,base_link,Load_Bridge_Right,ARM_MOUNT_INTERFACE,AABB_CLEAR,40.002,,40.002,EXCLUDED_BOLTED_MOUNT_INTERFACE,False,"[145.572, -168.0, -57.0, -41.143, -20.954, -3.0]"
DEPLOY_FAILED_BOTH,STOWED,B51_REF_base_link_LINKLOCAL,base_link,Load_Spreading_Frame,ARM_MOUNT_INTERFACE,AABB_CLEAR,35.405,,35.405,EXCLUDED_BOLTED_MOUNT_INTERFACE,False,"[145.572, -168.0, -57.0, -41.143, -20.954, -3.0]"
DEPLOY_FAILED_BOTH,STOWED,B51_REF_base_link_LINKLOCAL,base_link,Longerons_4X,BUS_STRUCTURE,AABB_CLEAR,27.405,,27.405,CLEAR,False,"[145.572, -168.0, -57.0, -41.143, -20.954, -3.0]"
DEPLOY_FAILED_BOTH,STOWED,B51_REF_base_link_LINKLOCAL,base_link,Maintenance_Access_Cover,BUS_STRUCTURE,AABB_CLEAR,61.1753,,61.1753,CLEAR,False,"[145.572, -168.0, -57.0, -41.143, -20.954, -3.0]"
DEPLOY_FAILED_BOTH,STOWED,B51_REF_base_link_LINKLOCAL,base_link,Mid_Saddle,SADDLE_PLACEHOLDER,AABB_CLEAR,122.083,,122.083,CLEAR,False,"[145.572, -168.0, -57.0, -41.143, -20.954, -3.0]"
DEPLOY_FAILED_BOTH,STOWED,B51_REF_base_link_LINKLOCAL,base_link,Mid_Transverse_Frame_,BUS_STRUCTURE,AABB_CLEAR,146.405,,146.405,CLEAR,False,"[145.572, -168.0, -57.0, -41.143, -20.954, -3.0]"
DEPLOY_FAILED_BOTH,STOWED,B51_REF_base_link_LINKLOCAL,base_link,Rear_End_Frame,BUS_STRUCTURE,AABB_CLEAR,385.405,,385.405,CLEAR,False,"[145.572, -168.0, -57.0, -41.143, -20.954, -3.0]"
DEPLOY_FAILED_BOTH,STOWED,B51_REF_base_link_LINKLOCAL,base_link,Release_Clearance_Envelope,REFERENCE_ONLY,AABB_CLEAR,246.8543,,246.8543,EXCLUDED_REFERENCE_ONLY_BODY,False,"[145.572, -168.0, -57.0, -41.143, -20.954, -3.0]"
DEPLOY_FAILED_BOTH,STOWED,B51_REF_base_link_LINKLOCAL,base_link,Root_Base_Left,BUS_STRUCTURE,AABB_CLEAR,258.686,,258.686,CLEAR,False,"[145.572, -168.0, -57.0, -41.143, -20.954, -3.0]"
DEPLOY_FAILED_BOTH,STOWED,B51_REF_base_link_LINKLOCAL,base_link,Root_Base_Right,BUS_STRUCTURE,AABB_CLEAR,258.6924,,258.6924,CLEAR,False,"[145.572, -168.0, -57.0, -41.143, -20.954, -3.0]"
DEPLOY_FAILED_BOTH,STOWED,B51_REF_base_link_LINKLOCAL,base_link,Root_Node_Spine_Left,BUS_STRUCTURE,AABB_CLEAR,269.891,,269.891,CLEAR,False,"[145.572, -168.0, -57.0, -41.143, -20.954, -3.0]"
DEPLOY_FAILED_BOTH,STOWED,B51_REF_base_link_LINKLOCAL,base_link,Root_Node_Spine_Right,BUS_STRUCTURE,AABB_CLEAR,269.8968,,269.8968,CLEAR,False,"[145.572, -168.0, -57.0, -41.143, -20.954, -3.0]"
DEPLOY_FAILED_BOTH,STOWED,B51_REF_base_link_LINKLOCAL,base_link,Spacecraft_Flange,ARM_MOUNT_INTERFACE,AABB_CLEAR,24.405,,24.405,EXCLUDED_BOLTED_MOUNT_INTERFACE,False,"[145.572, -168.0, -57.0, -41.143, -20.954, -3.0]"
DEPLOY_FAILED_BOTH,STOWED,B51_REF_base_link_LINKLOCAL,base_link,Torsion_Spring_1_Left,BUS_STRUCTURE,AABB_CLEAR,294.8432,,294.8432,CLEAR,False,"[145.572, -168.0, -57.0, -41.143, -20.954, -3.0]"
DEPLOY_FAILED_BOTH,STOWED,B51_REF_base_link_LINKLOCAL,base_link,Torsion_Spring_1_Right,BUS_STRUCTURE,AABB_CLEAR,294.8512,,294.8512,CLEAR,False,"[145.572, -168.0, -57.0, -41.143, -20.954, -3.0]"
DEPLOY_FAILED_BOTH,STOWED,B51_REF_base_link_LINKLOCAL,base_link,Torsion_Spring_2_Left,BUS_STRUCTURE,AABB_CLEAR,250.5818,,250.5818,CLEAR,False,"[145.572, -168.0, -57.0, -41.143, -20.954, -3.0]"
DEPLOY_FAILED_BOTH,STOWED,B51_REF_base_link_LINKLOCAL,base_link,Torsion_Spring_2_Right,BUS_STRUCTURE,AABB_CLEAR,250.5913,,250.5913,CLEAR,False,"[145.572, -168.0, -57.0, -41.143, -20.954, -3.0]"
DEPLOY_FAILED_BOTH,STOWED,B51_REF_base_link_LINKLOCAL,base_link,WING_L_STOWED,SOLAR_WING,AABB_CLEAR,166.2478,,166.2478,CLEAR,False,"[145.572, -168.0, -57.0, -41.143, -20.954, -3.0]"
DEPLOY_FAILED_BOTH,STOWED,B51_REF_base_link_LINKLOCAL,base_link,WING_R_STOWED,SOLAR_WING,AABB_CLEAR,166.2578,,166.2578,CLEAR,False,"[145.572, -168.0, -57.0, -41.143, -20.954, -3.0]"
DEPLOY_FAILED_BOTH,STOWED,B51_REF_link1_LINKLOCAL,link1,Adapter_Plate,ARM_MOUNT_INTERFACE,AABB_CLEAR,84.05,,84.05,CLEAR,False,"[145.572, -168.0, -57.0, -41.143, -20.954, -3.0]"
DEPLOY_FAILED_BOTH,STOWED,B51_REF_link1_LINKLOCAL,link1,Aft_Saddle,SADDLE_PLACEHOLDER,AABB_CLEAR,283.8346,,283.8346,CLEAR,False,"[145.572, -168.0, -57.0, -41.143, -20.954, -3.0]"
DEPLOY_FAILED_BOTH,STOWED,B51_REF_link1_LINKLOCAL,link1,Central_Boss,ARM_MOUNT_INTERFACE,AABB_CLEAR,74.05,,74.05,CLEAR,False,"[145.572, -168.0, -57.0, -41.143, -20.954, -3.0]"
DEPLOY_FAILED_BOTH,STOWED,B51_REF_link1_LINKLOCAL,link1,Deck_Front_Bay,BUS_STRUCTURE,AABB_CLEAR,163.05,,163.05,CLEAR,False,"[145.572, -168.0, -57.0, -41.143, -20.954, -3.0]"
DEPLOY_FAILED_BOTH,STOWED,B51_REF_link1_LINKLOCAL,link1,Deck_Mid_Bay,BUS_STRUCTURE,AABB_CLEAR,224.05,,224.05,CLEAR,False,"[145.572, -168.0, -57.0, -41.143, -20.954, -3.0]"
DEPLOY_FAILED_BOTH,STOWED,B51_REF_link1_LINKLOCAL,link1,Deck_Rear_Bay,BUS_STRUCTURE,AABB_CLEAR,346.05,,346.05,CLEAR,False,"[145.572, -168.0, -57.0, -41.143, -20.954, -3.0]"
DEPLOY_FAILED_BOTH,STOWED,B51_REF_link1_LINKLOCAL,link1,Front_End_Frame,BUS_STRUCTURE,AABB_CLEAR,99.05,,99.05,CLEAR,False,"[145.572, -168.0, -57.0, -41.143, -20.954, -3.0]"
DEPLOY_FAILED_BOTH,STOWED,B51_REF_link1_LINKLOCAL,link1,Front_Transverse_Frame,BUS_STRUCTURE,AABB_CLEAR,157.05,,157.05,CLEAR,False,"[145.572, -168.0, -57.0, -41.143, -20.954, -3.0]"
DEPLOY_FAILED_BOTH,STOWED,B51_REF_link1_LINKLOCAL,link1,Fwd_Saddle,SADDLE_PLACEHOLDER,AABB_CLEAR,106.8835,,106.8835,CLEAR,False,"[145.572, -168.0, -57.0, -41.143, -20.954, -3.0]"
DEPLOY_FAILED_BOTH,STOWED,B51_REF_link1_LINKLOCAL,link1,HDRM_Base_1_Left,BUS_STRUCTURE,AABB_CLEAR,432.2893,,432.2893,CLEAR,False,"[145.572, -168.0, -57.0, -41.143, -20.954, -3.0]"
DEPLOY_FAILED_BOTH,STOWED,B51_REF_link1_LINKLOCAL,link1,HDRM_Base_1_Right,BUS_STRUCTURE,AABB_CLEAR,432.541,,432.541,CLEAR,False,"[145.572, -168.0, -57.0, -41.143, -20.954, -3.0]"
DEPLOY_FAILED_BOTH,STOWED,B51_REF_link1_LINKLOCAL,link1,HDRM_Base_2_Left,BUS_STRUCTURE,AABB_CLEAR,234.2094,,234.2094,CLEAR,False,"[145.572, -168.0, -57.0, -41.143, -20.954, -3.0]"
DEPLOY_FAILED_BOTH,STOWED,B51_REF_link1_LINKLOCAL,link1,HDRM_Base_2_Right,BUS_STRUCTURE,AABB_CLEAR,234.6736,,234.6736,CLEAR,False,"[145.572, -168.0, -57.0, -41.143, -20.954, -3.0]"
DEPLOY_FAILED_BOTH,STOWED,B51_REF_link1_LINKLOCAL,link1,HDRM_Rod_1_Left,BUS_STRUCTURE,AABB_CLEAR,440.4221,,440.4221,CLEAR,False,"[145.572, -168.0, -57.0, -41.143, -20.954, -3.0]"
DEPLOY_FAILED_BOTH,STOWED,B51_REF_link1_LINKLOCAL,link1,HDRM_Rod_1_Right,BUS_STRUCTURE,AABB_CLEAR,440.719,,440.719,CLEAR,False,"[145.572, -168.0, -57.0, -41.143, -20.954, -3.0]"
DEPLOY_FAILED_BOTH,STOWED,B51_REF_link1_LINKLOCAL,link1,HDRM_Rod_2_Left,BUS_STRUCTURE,AABB_CLEAR,243.2111,,243.2111,CLEAR,False,"[145.572, -168.0, -57.0, -41.143, -20.954, -3.0]"
DEPLOY_FAILED_BOTH,STOWED,B51_REF_link1_LINKLOCAL,link1,HDRM_Rod_2_Right,BUS_STRUCTURE,AABB_CLEAR,243.7483,,243.7483,CLEAR,False,"[145.572, -168.0, -57.0, -41.143, -20.954, -3.0]"
DEPLOY_FAILED_BOTH,STOWED,B51_REF_link1_LINKLOCAL,link1,Hard_Stop_Left,BUS_STRUCTURE,AABB_CLEAR,343.1802,,343.1802,CLEAR,False,"[145.572, -168.0, -57.0, -41.143, -20.954, -3.0]"
DEPLOY_FAILED_BOTH,STOWED,B51_REF_link1_LINKLOCAL,link1,Hard_Stop_Right,BUS_STRUCTURE,AABB_CLEAR,343.5611,,343.5611,CLEAR,False,"[145.572, -168.0, -57.0, -41.143, -20.954, -3.0]"
DEPLOY_FAILED_BOTH,STOWED,B51_REF_link1_LINKLOCAL,link1,Harness_Passage,ARM_MOUNT_INTERFACE,AABB_CLEAR,111.05,,111.05,CLEAR,False,"[145.572, -168.0, -57.0, -41.143, -20.954, -3.0]"
DEPLOY_FAILED_BOTH,STOWED,B51_REF_link1_LINKLOCAL,link1,Harness_Service_Loop_Left,BUS_STRUCTURE,AABB_CLEAR,374.0106,,374.0106,CLEAR,False,"[145.572, -168.0, -57.0, -41.143, -20.954, -3.0]"
DEPLOY_FAILED_BOTH,STOWED,B51_REF_link1_LINKLOCAL,link1,Harness_Service_Loop_Right,BUS_STRUCTURE,AABB_CLEAR,374.3014,,374.3014,CLEAR,False,"[145.572, -168.0, -57.0, -41.143, -20.954, -3.0]"
DEPLOY_FAILED_BOTH,STOWED,B51_REF_link1_LINKLOCAL,link1,Hinge_Ear_1_Left,BUS_STRUCTURE,AABB_CLEAR,350.1176,,350.1176,CLEAR,False,"[145.572, -168.0, -57.0, -41.143, -20.954, -3.0]"
DEPLOY_FAILED_BOTH,STOWED,B51_REF_link1_LINKLOCAL,link1,Hinge_Ear_1_Right,BUS_STRUCTURE,AABB_CLEAR,350.491,,350.491,CLEAR,False,"[145.572, -168.0, -57.0, -41.143, -20.954, -3.0]"
DEPLOY_FAILED_BOTH,STOWED,B51_REF_link1_LINKLOCAL,link1,Hinge_Ear_2_Left,BUS_STRUCTURE,AABB_CLEAR,332.2839,,332.2839,CLEAR,False,"[145.572, -168.0, -57.0, -41.143, -20.954, -3.0]"
DEPLOY_FAILED_BOTH,STOWED,B51_REF_link1_LINKLOCAL,link1,Hinge_Ear_2_Right,BUS_STRUCTURE,AABB_CLEAR,332.6772,,332.6772,CLEAR,False,"[145.572, -168.0, -57.0, -41.143, -20.954, -3.0]"
DEPLOY_FAILED_BOTH,STOWED,B51_REF_link1_LINKLOCAL,link1,Hinge_Pin_Left,BUS_STRUCTURE,AABB_CLEAR,328.3957,,328.3957,CLEAR,False,"[145.572, -168.0, -57.0, -41.143, -20.954, -3.0]"
DEPLOY_FAILED_BOTH,STOWED,B51_REF_link1_LINKLOCAL,link1,Hinge_Pin_Right,BUS_STRUCTURE,AABB_CLEAR,328.944,,328.944,CLEAR,False,"[145.572, -168.0, -57.0, -41.143, -20.954, -3.0]"
DEPLOY_FAILED_BOTH,STOWED,B51_REF_link1_LINKLOCAL,link1,Launch_Lock_Interface_Reference,REFERENCE_ONLY,AABB_CLEAR,276.7209,,276.7209,EXCLUDED_REFERENCE_ONLY_BODY,False,"[145.572, -168.0, -57.0, -41.143, -20.954, -3.0]"
DEPLOY_FAILED_BOTH,STOWED,B51_REF_link1_LINKLOCAL,link1,Load_Bridge_Left,ARM_MOUNT_INTERFACE,AABB_CLEAR,111.05,,111.05,CLEAR,False,"[145.572, -168.0, -57.0, -41.143, -20.954, -3.0]"
DEPLOY_FAILED_BOTH,STOWED,B51_REF_link1_LINKLOCAL,link1,Load_Bridge_Right,ARM_MOUNT_INTERFACE,AABB_CLEAR,111.05,,111.05,CLEAR,False,"[145.572, -168.0, -57.0, -41.143, -20.954, -3.0]"
DEPLOY_FAILED_BOTH,STOWED,B51_REF_link1_LINKLOCAL,link1,Load_Spreading_Frame,ARM_MOUNT_INTERFACE,AABB_CLEAR,107.05,,107.05,CLEAR,False,"[145.572, -168.0, -57.0, -41.143, -20.954, -3.0]"
DEPLOY_FAILED_BOTH,STOWED,B51_REF_link1_LINKLOCAL,link1,Longerons_4X,BUS_STRUCTURE,AABB_CLEAR,99.05,,99.05,CLEAR,False,"[145.572, -168.0, -57.0, -41.143, -20.954, -3.0]"
DEPLOY_FAILED_BOTH,STOWED,B51_REF_link1_LINKLOCAL,link1,Maintenance_Access_Cover,BUS_STRUCTURE,AABB_CLEAR,119.2438,,119.2438,CLEAR,False,"[145.572, -168.0, -57.0, -41.143, -20.954, -3.0]"
DEPLOY_FAILED_BOTH,STOWED,B51_REF_link1_LINKLOCAL,link1,Mid_Saddle,SADDLE_PLACEHOLDER,AABB_CLEAR,184.8028,,184.8028,CLEAR,False,"[145.572, -168.0, -57.0, -41.143, -20.954, -3.0]"
DEPLOY_FAILED_BOTH,STOWED,B51_REF_link1_LINKLOCAL,link1,Mid_Transverse_Frame_,BUS_STRUCTURE,AABB_CLEAR,218.05,,218.05,CLEAR,False,"[145.572, -168.0, -57.0, -41.143, -20.954, -3.0]"
DEPLOY_FAILED_BOTH,STOWED,B51_REF_link1_LINKLOCAL,link1,Rear_End_Frame,BUS_STRUCTURE,AABB_CLEAR,457.05,,457.05,CLEAR,False,"[145.572, -168.0, -57.0, -41.143, -20.954, -3.0]"
DEPLOY_FAILED_BOTH,STOWED,B51_REF_link1_LINKLOCAL,link1,Release_Clearance_Envelope,REFERENCE_ONLY,AABB_CLEAR,279.9064,,279.9064,EXCLUDED_REFERENCE_ONLY_BODY,False,"[145.572, -168.0, -57.0, -41.143, -20.954, -3.0]"
DEPLOY_FAILED_BOTH,STOWED,B51_REF_link1_LINKLOCAL,link1,Root_Base_Left,BUS_STRUCTURE,AABB_CLEAR,327.2923,,327.2923,CLEAR,False,"[145.572, -168.0, -57.0, -41.143, -20.954, -3.0]"
DEPLOY_FAILED_BOTH,STOWED,B51_REF_link1_LINKLOCAL,link1,Root_Base_Right,BUS_STRUCTURE,AABB_CLEAR,327.6246,,327.6246,CLEAR,False,"[145.572, -168.0, -57.0, -41.143, -20.954, -3.0]"
DEPLOY_FAILED_BOTH,STOWED,B51_REF_link1_LINKLOCAL,link1,Root_Node_Spine_Left,BUS_STRUCTURE,AABB_CLEAR,338.8878,,338.8878,CLEAR,False,"[145.572, -168.0, -57.0, -41.143, -20.954, -3.0]"
DEPLOY_FAILED_BOTH,STOWED,B51_REF_link1_LINKLOCAL,link1,Root_Node_Spine_Right,BUS_STRUCTURE,AABB_CLEAR,339.1845,,339.1845,CLEAR,False,"[145.572, -168.0, -57.0, -41.143, -20.954, -3.0]"
DEPLOY_FAILED_BOTH,STOWED,B51_REF_link1_LINKLOCAL,link1,Spacecraft_Flange,ARM_MOUNT_INTERFACE,AABB_CLEAR,96.05,,96.05,CLEAR,False,"[145.572, -168.0, -57.0, -41.143, -20.954, -3.0]"
DEPLOY_FAILED_BOTH,STOWED,B51_REF_link1_LINKLOCAL,link1,Torsion_Spring_1_Left,BUS_STRUCTURE,AABB_CLEAR,362.097,,362.097,CLEAR,False,"[145.572, -168.0, -57.0, -41.143, -20.954, -3.0]"
DEPLOY_FAILED_BOTH,STOWED,B51_REF_link1_LINKLOCAL,link1,Torsion_Spring_1_Right,BUS_STRUCTURE,AABB_CLEAR,362.5641,,362.5641,CLEAR,False,"[145.572, -168.0, -57.0, -41.143, -20.954, -3.0]"
DEPLOY_FAILED_BOTH,STOWED,B51_REF_link1_LINKLOCAL,link1,Torsion_Spring_2_Left,BUS_STRUCTURE,AABB_CLEAR,316.8306,,316.8306,CLEAR,False,"[145.572, -168.0, -57.0, -41.143, -20.954, -3.0]"
DEPLOY_FAILED_BOTH,STOWED,B51_REF_link1_LINKLOCAL,link1,Torsion_Spring_2_Right,BUS_STRUCTURE,AABB_CLEAR,317.3643,,317.3643,CLEAR,False,"[145.572, -168.0, -57.0, -41.143, -20.954, -3.0]"
DEPLOY_FAILED_BOTH,STOWED,B51_REF_link1_LINKLOCAL,link1,WING_L_STOWED,SOLAR_WING,AABB_CLEAR,232.7143,,232.7143,CLEAR,False,"[145.572, -168.0, -57.0, -41.143, -20.954, -3.0]"
DEPLOY_FAILED_BOTH,STOWED,B51_REF_link1_LINKLOCAL,link1,WING_R_STOWED,SOLAR_WING,AABB_CLEAR,233.1814,,233.1814,CLEAR,False,"[145.572, -168.0, -57.0, -41.143, -20.954, -3.0]"
DEPLOY_FAILED_BOTH,STOWED,B51_REF_link2_LINKLOCAL,link2,Adapter_Plate,ARM_MOUNT_INTERFACE,AABB_CLEAR,121.6134,,121.6134,CLEAR,False,"[145.572, -168.0, -57.0, -41.143, -20.954, -3.0]"
DEPLOY_FAILED_BOTH,STOWED,B51_REF_link2_LINKLOCAL,link2,Aft_Saddle,SADDLE_PLACEHOLDER,AABB_CLEAR,319.6134,,319.6134,CLEAR,False,"[145.572, -168.0, -57.0, -41.143, -20.954, -3.0]"
DEPLOY_FAILED_BOTH,STOWED,B51_REF_link2_LINKLOCAL,link2,Central_Boss,ARM_MOUNT_INTERFACE,AABB_CLEAR,111.6134,,111.6134,CLEAR,False,"[145.572, -168.0, -57.0, -41.143, -20.954, -3.0]"
DEPLOY_FAILED_BOTH,STOWED,B51_REF_link2_LINKLOCAL,link2,Deck_Front_Bay,BUS_STRUCTURE,AABB_CLEAR,200.6134,,200.6134,CLEAR,False,"[145.572, -168.0, -57.0, -41.143, -20.954, -3.0]"
DEPLOY_FAILED_BOTH,STOWED,B51_REF_link2_LINKLOCAL,link2,Deck_Mid_Bay,BUS_STRUCTURE,AABB_CLEAR,261.6134,,261.6134,CLEAR,False,"[145.572, -168.0, -57.0, -41.143, -20.954, -3.0]"
DEPLOY_FAILED_BOTH,STOWED,B51_REF_link2_LINKLOCAL,link2,Deck_Rear_Bay,BUS_STRUCTURE,AABB_CLEAR,383.6134,,383.6134,CLEAR,False,"[145.572, -168.0, -57.0, -41.143, -20.954, -3.0]"
DEPLOY_FAILED_BOTH,STOWED,B51_REF_link2_LINKLOCAL,link2,Front_End_Frame,BUS_STRUCTURE,AABB_CLEAR,136.6134,,136.6134,CLEAR,False,"[145.572, -168.0, -57.0, -41.143, -20.954, -3.0]"
DEPLOY_FAILED_BOTH,STOWED,B51_REF_link2_LINKLOCAL,link2,Front_Transverse_Frame,BUS_STRUCTURE,AABB_CLEAR,194.6134,,194.6134,CLEAR,False,"[145.572, -168.0, -57.0, -41.143, -20.954, -3.0]"
DEPLOY_FAILED_BOTH,STOWED,B51_REF_link2_LINKLOCAL,link2,Fwd_Saddle,SADDLE_PLACEHOLDER,AABB_CLEAR,139.6134,,139.6134,CLEAR,False,"[145.572, -168.0, -57.0, -41.143, -20.954, -3.0]"
DEPLOY_FAILED_BOTH,STOWED,B51_REF_link2_LINKLOCAL,link2,HDRM_Base_1_Left,BUS_STRUCTURE,AABB_CLEAR,470.4109,,470.4109,CLEAR,False,"[145.572, -168.0, -57.0, -41.143, -20.954, -3.0]"
DEPLOY_FAILED_BOTH,STOWED,B51_REF_link2_LINKLOCAL,link2,HDRM_Base_1_Right,BUS_STRUCTURE,AABB_CLEAR,470.4109,,470.4109,CLEAR,False,"[145.572, -168.0, -57.0, -41.143, -20.954, -3.0]"
DEPLOY_FAILED_BOTH,STOWED,B51_REF_link2_LINKLOCAL,link2,HDRM_Base_2_Left,BUS_STRUCTURE,AABB_CLEAR,272.4721,,272.4721,CLEAR,False,"[145.572, -168.0, -57.0, -41.143, -20.954, -3.0]"
DEPLOY_FAILED_BOTH,STOWED,B51_REF_link2_LINKLOCAL,link2,HDRM_Base_2_Right,BUS_STRUCTURE,AABB_CLEAR,272.4721,,272.4721,CLEAR,False,"[145.572, -168.0, -57.0, -41.143, -20.954, -3.0]"
DEPLOY_FAILED_BOTH,STOWED,B51_REF_link2_LINKLOCAL,link2,HDRM_Rod_1_Left,BUS_STRUCTURE,AABB_CLEAR,478.1717,,478.1717,CLEAR,False,"[145.572, -168.0, -57.0, -41.143, -20.954, -3.0]"
DEPLOY_FAILED_BOTH,STOWED,B51_REF_link2_LINKLOCAL,link2,HDRM_Rod_1_Right,BUS_STRUCTURE,AABB_CLEAR,478.1717,,478.1717,CLEAR,False,"[145.572, -168.0, -57.0, -41.143, -20.954, -3.0]"
DEPLOY_FAILED_BOTH,STOWED,B51_REF_link2_LINKLOCAL,link2,HDRM_Rod_2_Left,BUS_STRUCTURE,AABB_CLEAR,280.7183,,280.7183,CLEAR,False,"[145.572, -168.0, -57.0, -41.143, -20.954, -3.0]"
DEPLOY_FAILED_BOTH,STOWED,B51_REF_link2_LINKLOCAL,link2,HDRM_Rod_2_Right,BUS_STRUCTURE,AABB_CLEAR,280.7183,,280.7183,CLEAR,False,"[145.572, -168.0, -57.0, -41.143, -20.954, -3.0]"
DEPLOY_FAILED_BOTH,STOWED,B51_REF_link2_LINKLOCAL,link2,Hard_Stop_Left,BUS_STRUCTURE,AABB_CLEAR,377.6134,,377.6134,CLEAR,False,"[145.572, -168.0, -57.0, -41.143, -20.954, -3.0]"
DEPLOY_FAILED_BOTH,STOWED,B51_REF_link2_LINKLOCAL,link2,Hard_Stop_Right,BUS_STRUCTURE,AABB_CLEAR,377.6134,,377.6134,CLEAR,False,"[145.572, -168.0, -57.0, -41.143, -20.954, -3.0]"
DEPLOY_FAILED_BOTH,STOWED,B51_REF_link2_LINKLOCAL,link2,Harness_Passage,ARM_MOUNT_INTERFACE,AABB_CLEAR,150.1216,,150.1216,CLEAR,False,"[145.572, -168.0, -57.0, -41.143, -20.954, -3.0]"
DEPLOY_FAILED_BOTH,STOWED,B51_REF_link2_LINKLOCAL,link2,Harness_Service_Loop_Left,BUS_STRUCTURE,AABB_CLEAR,409.6134,,409.6134,CLEAR,False,"[145.572, -168.0, -57.0, -41.143, -20.954, -3.0]"
DEPLOY_FAILED_BOTH,STOWED,B51_REF_link2_LINKLOCAL,link2,Harness_Service_Loop_Right,BUS_STRUCTURE,AABB_CLEAR,409.6134,,409.6134,CLEAR,False,"[145.572, -168.0, -57.0, -41.143, -20.954, -3.0]"
DEPLOY_FAILED_BOTH,STOWED,B51_REF_link2_LINKLOCAL,link2,Hinge_Ear_1_Left,BUS_STRUCTURE,AABB_CLEAR,384.6134,,384.6134,CLEAR,False,"[145.572, -168.0, -57.0, -41.143, -20.954, -3.0]"
DEPLOY_FAILED_BOTH,STOWED,B51_REF_link2_LINKLOCAL,link2,Hinge_Ear_1_Right,BUS_STRUCTURE,AABB_CLEAR,384.6134,,384.6134,CLEAR,False,"[145.572, -168.0, -57.0, -41.143, -20.954, -3.0]"
DEPLOY_FAILED_BOTH,STOWED,B51_REF_link2_LINKLOCAL,link2,Hinge_Ear_2_Left,BUS_STRUCTURE,AABB_CLEAR,366.6134,,366.6134,CLEAR,False,"[145.572, -168.0, -57.0, -41.143, -20.954, -3.0]"
DEPLOY_FAILED_BOTH,STOWED,B51_REF_link2_LINKLOCAL,link2,Hinge_Ear_2_Right,BUS_STRUCTURE,AABB_CLEAR,366.6134,,366.6134,CLEAR,False,"[145.572, -168.0, -57.0, -41.143, -20.954, -3.0]"
DEPLOY_FAILED_BOTH,STOWED,B51_REF_link2_LINKLOCAL,link2,Hinge_Pin_Left,BUS_STRUCTURE,AABB_CLEAR,359.6134,,359.6134,CLEAR,False,"[145.572, -168.0, -57.0, -41.143, -20.954, -3.0]"
DEPLOY_FAILED_BOTH,STOWED,B51_REF_link2_LINKLOCAL,link2,Hinge_Pin_Right,BUS_STRUCTURE,AABB_CLEAR,359.6134,,359.6134,CLEAR,False,"[145.572, -168.0, -57.0, -41.143, -20.954, -3.0]"
DEPLOY_FAILED_BOTH,STOWED,B51_REF_link2_LINKLOCAL,link2,Launch_Lock_Interface_Reference,REFERENCE_ONLY,AABB_CLEAR,309.6134,,309.6134,EXCLUDED_REFERENCE_ONLY_BODY,False,"[145.572, -168.0, -57.0, -41.143, -20.954, -3.0]"
DEPLOY_FAILED_BOTH,STOWED,B51_REF_link2_LINKLOCAL,link2,Load_Bridge_Left,ARM_MOUNT_INTERFACE,AABB_CLEAR,148.6134,,148.6134,CLEAR,False,"[145.572, -168.0, -57.0, -41.143, -20.954, -3.0]"
DEPLOY_FAILED_BOTH,STOWED,B51_REF_link2_LINKLOCAL,link2,Load_Bridge_Right,ARM_MOUNT_INTERFACE,AABB_CLEAR,148.6134,,148.6134,CLEAR,False,"[145.572, -168.0, -57.0, -41.143, -20.954, -3.0]"
DEPLOY_FAILED_BOTH,STOWED,B51_REF_link2_LINKLOCAL,link2,Load_Spreading_Frame,ARM_MOUNT_INTERFACE,AABB_CLEAR,144.6134,,144.6134,CLEAR,False,"[145.572, -168.0, -57.0, -41.143, -20.954, -3.0]"
DEPLOY_FAILED_BOTH,STOWED,B51_REF_link2_LINKLOCAL,link2,Longerons_4X,BUS_STRUCTURE,AABB_CLEAR,136.6134,,136.6134,CLEAR,False,"[145.572, -168.0, -57.0, -41.143, -20.954, -3.0]"
DEPLOY_FAILED_BOTH,STOWED,B51_REF_link2_LINKLOCAL,link2,Maintenance_Access_Cover,BUS_STRUCTURE,AABB_CLEAR,165.3389,,165.3389,CLEAR,False,"[145.572, -168.0, -57.0, -41.143, -20.954, -3.0]"
DEPLOY_FAILED_BOTH,STOWED,B51_REF_link2_LINKLOCAL,link2,Mid_Saddle,SADDLE_PLACEHOLDER,AABB_CLEAR,219.6134,,219.6134,CLEAR,False,"[145.572, -168.0, -57.0, -41.143, -20.954, -3.0]"
DEPLOY_FAILED_BOTH,STOWED,B51_REF_link2_LINKLOCAL,link2,Mid_Transverse_Frame_,BUS_STRUCTURE,AABB_CLEAR,255.6134,,255.6134,CLEAR,False,"[145.572, -168.0, -57.0, -41.143, -20.954, -3.0]"
DEPLOY_FAILED_BOTH,STOWED,B51_REF_link2_LINKLOCAL,link2,Rear_End_Frame,BUS_STRUCTURE,AABB_CLEAR,494.6134,,494.6134,CLEAR,False,"[145.572, -168.0, -57.0, -41.143, -20.954, -3.0]"
DEPLOY_FAILED_BOTH,STOWED,B51_REF_link2_LINKLOCAL,link2,Release_Clearance_Envelope,REFERENCE_ONLY,AABB_CLEAR,249.6134,,249.6134,EXCLUDED_REFERENCE_ONLY_BODY,False,"[145.572, -168.0, -57.0, -41.143, -20.954, -3.0]"
DEPLOY_FAILED_BOTH,STOWED,B51_REF_link2_LINKLOCAL,link2,Root_Base_Left,BUS_STRUCTURE,AABB_CLEAR,362.6134,,362.6134,CLEAR,False,"[145.572, -168.0, -57.0, -41.143, -20.954, -3.0]"
DEPLOY_FAILED_BOTH,STOWED,B51_REF_link2_LINKLOCAL,link2,Root_Base_Right,BUS_STRUCTURE,AABB_CLEAR,362.6134,,362.6134,CLEAR,False,"[145.572, -168.0, -57.0, -41.143, -20.954, -3.0]"
DEPLOY_FAILED_BOTH,STOWED,B51_REF_link2_LINKLOCAL,link2,Root_Node_Spine_Left,BUS_STRUCTURE,AABB_CLEAR,374.6134,,374.6134,CLEAR,False,"[145.572, -168.0, -57.0, -41.143, -20.954, -3.0]"
DEPLOY_FAILED_BOTH,STOWED,B51_REF_link2_LINKLOCAL,link2,Root_Node_Spine_Right,BUS_STRUCTURE,AABB_CLEAR,374.6134,,374.6134,CLEAR,False,"[145.572, -168.0, -57.0, -41.143, -20.954, -3.0]"
DEPLOY_FAILED_BOTH,STOWED,B51_REF_link2_LINKLOCAL,link2,Spacecraft_Flange,ARM_MOUNT_INTERFACE,AABB_CLEAR,133.6134,,133.6134,CLEAR,False,"[145.572, -168.0, -57.0, -41.143, -20.954, -3.0]"
DEPLOY_FAILED_BOTH,STOWED,B51_REF_link2_LINKLOCAL,link2,Torsion_Spring_1_Left,BUS_STRUCTURE,AABB_CLEAR,394.6134,,394.6134,CLEAR,False,"[145.572, -168.0, -57.0, -41.143, -20.954, -3.0]"
DEPLOY_FAILED_BOTH,STOWED,B51_REF_link2_LINKLOCAL,link2,Torsion_Spring_1_Right,BUS_STRUCTURE,AABB_CLEAR,394.6134,,394.6134,CLEAR,False,"[145.572, -168.0, -57.0, -41.143, -20.954, -3.0]"
DEPLOY_FAILED_BOTH,STOWED,B51_REF_link2_LINKLOCAL,link2,Torsion_Spring_2_Left,BUS_STRUCTURE,AABB_CLEAR,348.6134,,348.6134,CLEAR,False,"[145.572, -168.0, -57.0, -41.143, -20.954, -3.0]"
DEPLOY_FAILED_BOTH,STOWED,B51_REF_link2_LINKLOCAL,link2,Torsion_Spring_2_Right,BUS_STRUCTURE,AABB_CLEAR,348.6134,,348.6134,CLEAR,False,"[145.572, -168.0, -57.0, -41.143, -20.954, -3.0]"
DEPLOY_FAILED_BOTH,STOWED,B51_REF_link2_LINKLOCAL,link2,WING_L_STOWED,SOLAR_WING,AABB_CLEAR,267.1134,,267.1134,CLEAR,False,"[145.572, -168.0, -57.0, -41.143, -20.954, -3.0]"
DEPLOY_FAILED_BOTH,STOWED,B51_REF_link2_LINKLOCAL,link2,WING_R_STOWED,SOLAR_WING,AABB_CLEAR,267.1134,,267.1134,CLEAR,False,"[145.572, -168.0, -57.0, -41.143, -20.954, -3.0]"
DEPLOY_FAILED_BOTH,STOWED,B51_REF_link3_LINKLOCAL,link3,Adapter_Plate,ARM_MOUNT_INTERFACE,AABB_CLEAR,105.3075,,105.3075,CLEAR,False,"[145.572, -168.0, -57.0, -41.143, -20.954, -3.0]"
DEPLOY_FAILED_BOTH,STOWED,B51_REF_link3_LINKLOCAL,link3,Aft_Saddle,SADDLE_PLACEHOLDER,AABB_CLEAR,129.156,,129.156,CLEAR,False,"[145.572, -168.0, -57.0, -41.143, -20.954, -3.0]"
DEPLOY_FAILED_BOTH,STOWED,B51_REF_link3_LINKLOCAL,link3,Central_Boss,ARM_MOUNT_INTERFACE,AABB_CLEAR,130.3075,,130.3075,CLEAR,False,"[145.572, -168.0, -57.0, -41.143, -20.954, -3.0]"
DEPLOY_FAILED_BOTH,STOWED,B51_REF_link3_LINKLOCAL,link3,Deck_Front_Bay,BUS_STRUCTURE,AABB_CLEAR,221.5404,,221.5404,CLEAR,False,"[145.572, -168.0, -57.0, -41.143, -20.954, -3.0]"
DEPLOY_FAILED_BOTH,STOWED,B51_REF_link3_LINKLOCAL,link3,Deck_Mid_Bay,BUS_STRUCTURE,AABB_CLEAR,232.4655,,232.4655,CLEAR,False,"[145.572, -168.0, -57.0, -41.143, -20.954, -3.0]"
DEPLOY_FAILED_BOTH,STOWED,B51_REF_link3_LINKLOCAL,link3,Deck_Rear_Bay,BUS_STRUCTURE,AABB_CLEAR,293.7452,,293.7452,CLEAR,False,"[145.572, -168.0, -57.0, -41.143, -20.954, -3.0]"
DEPLOY_FAILED_BOTH,STOWED,B51_REF_link3_LINKLOCAL,link3,Front_End_Frame,BUS_STRUCTURE,AABB_CLEAR,75.1575,,75.1575,CLEAR,False,"[145.572, -168.0, -57.0, -41.143, -20.954, -3.0]"
DEPLOY_FAILED_BOTH,STOWED,B51_REF_link3_LINKLOCAL,link3,Front_Transverse_Frame,BUS_STRUCTURE,AABB_CLEAR,75.2723,,75.2723,CLEAR,False,"[145.572, -168.0, -57.0, -41.143, -20.954, -3.0]"
DEPLOY_FAILED_BOTH,STOWED,B51_REF_link3_LINKLOCAL,link3,Fwd_Saddle,SADDLE_PLACEHOLDER,MESH,-24.1125,0.0393,0.0393,TOO_CLOSE_TO_CALL,True,"[145.572, -168.0, -57.0, -41.143, -20.954, -3.0]"
DEPLOY_FAILED_BOTH,STOWED,B51_REF_link3_LINKLOCAL,link3,HDRM_Base_1_Left,BUS_STRUCTURE,AABB_CLEAR,389.246,,389.246,CLEAR,False,"[145.572, -168.0, -57.0, -41.143, -20.954, -3.0]"
DEPLOY_FAILED_BOTH,STOWED,B51_REF_link3_LINKLOCAL,link3,HDRM_Base_1_Right,BUS_STRUCTURE,AABB_CLEAR,395.2489,,395.2489,CLEAR,False,"[145.572, -168.0, -57.0, -41.143, -20.954, -3.0]"
DEPLOY_FAILED_BOTH,STOWED,B51_REF_link3_LINKLOCAL,link3,HDRM_Base_2_Left,BUS_STRUCTURE,AABB_CLEAR,283.9895,,283.9895,CLEAR,False,"[145.572, -168.0, -57.0, -41.143, -20.954, -3.0]"
DEPLOY_FAILED_BOTH,STOWED,B51_REF_link3_LINKLOCAL,link3,HDRM_Base_2_Right,BUS_STRUCTURE,AABB_CLEAR,292.1631,,292.1631,CLEAR,False,"[145.572, -168.0, -57.0, -41.143, -20.954, -3.0]"
DEPLOY_FAILED_BOTH,STOWED,B51_REF_link3_LINKLOCAL,link3,HDRM_Rod_1_Left,BUS_STRUCTURE,AABB_CLEAR,399.1452,,399.1452,CLEAR,False,"[145.572, -168.0, -57.0, -41.143, -20.954, -3.0]"
DEPLOY_FAILED_BOTH,STOWED,B51_REF_link3_LINKLOCAL,link3,HDRM_Rod_1_Right,BUS_STRUCTURE,AABB_CLEAR,406.4335,,406.4335,CLEAR,False,"[145.572, -168.0, -57.0, -41.143, -20.954, -3.0]"
DEPLOY_FAILED_BOTH,STOWED,B51_REF_link3_LINKLOCAL,link3,HDRM_Rod_2_Left,BUS_STRUCTURE,AABB_CLEAR,292.6679,,292.6679,CLEAR,False,"[145.572, -168.0, -57.0, -41.143, -20.954, -3.0]"
DEPLOY_FAILED_BOTH,STOWED,B51_REF_link3_LINKLOCAL,link3,HDRM_Rod_2_Right,BUS_STRUCTURE,AABB_CLEAR,302.5323,,302.5323,CLEAR,False,"[145.572, -168.0, -57.0, -41.143, -20.954, -3.0]"
DEPLOY_FAILED_BOTH,STOWED,B51_REF_link3_LINKLOCAL,link3,Hard_Stop_Left,BUS_STRUCTURE,AABB_CLEAR,238.7938,,238.7938,CLEAR,False,"[145.572, -168.0, -57.0, -41.143, -20.954, -3.0]"
DEPLOY_FAILED_BOTH,STOWED,B51_REF_link3_LINKLOCAL,link3,Hard_Stop_Right,BUS_STRUCTURE,AABB_CLEAR,250.7862,,250.7862,CLEAR,False,"[145.572, -168.0, -57.0, -41.143, -20.954, -3.0]"
DEPLOY_FAILED_BOTH,STOWED,B51_REF_link3_LINKLOCAL,link3,Harness_Passage,ARM_MOUNT_INTERFACE,AABB_CLEAR,243.3075,,243.3075,CLEAR,False,"[145.572, -168.0, -57.0, -41.143, -20.954, -3.0]"
DEPLOY_FAILED_BOTH,STOWED,B51_REF_link3_LINKLOCAL,link3,Harness_Service_Loop_Left,BUS_STRUCTURE,AABB_CLEAR,293.5547,,293.5547,CLEAR,False,"[145.572, -168.0, -57.0, -41.143, -20.954, -3.0]"
DEPLOY_FAILED_BOTH,STOWED,B51_REF_link3_LINKLOCAL,link3,Harness_Service_Loop_Right,BUS_STRUCTURE,AABB_CLEAR,301.4691,,301.4691,CLEAR,False,"[145.572, -168.0, -57.0, -41.143, -20.954, -3.0]"
DEPLOY_FAILED_BOTH,STOWED,B51_REF_link3_LINKLOCAL,link3,Hinge_Ear_1_Left,BUS_STRUCTURE,AABB_CLEAR,264.9667,,264.9667,CLEAR,False,"[145.572, -168.0, -57.0, -41.143, -20.954, -3.0]"
DEPLOY_FAILED_BOTH,STOWED,B51_REF_link3_LINKLOCAL,link3,Hinge_Ear_1_Right,BUS_STRUCTURE,AABB_CLEAR,275.8235,,275.8235,CLEAR,False,"[145.572, -168.0, -57.0, -41.143, -20.954, -3.0]"
DEPLOY_FAILED_BOTH,STOWED,B51_REF_link3_LINKLOCAL,link3,Hinge_Ear_2_Left,BUS_STRUCTURE,AABB_CLEAR,252.0749,,252.0749,CLEAR,False,"[145.572, -168.0, -57.0, -41.143, -20.954, -3.0]"
DEPLOY_FAILED_BOTH,STOWED,B51_REF_link3_LINKLOCAL,link3,Hinge_Ear_2_Right,BUS_STRUCTURE,AABB_CLEAR,263.4634,,263.4634,CLEAR,False,"[145.572, -168.0, -57.0, -41.143, -20.954, -3.0]"
DEPLOY_FAILED_BOTH,STOWED,B51_REF_link3_LINKLOCAL,link3,Hinge_Pin_Left,BUS_STRUCTURE,AABB_CLEAR,247.964,,247.964,CLEAR,False,"[145.572, -168.0, -57.0, -41.143, -20.954, -3.0]"
DEPLOY_FAILED_BOTH,STOWED,B51_REF_link3_LINKLOCAL,link3,Hinge_Pin_Right,BUS_STRUCTURE,AABB_CLEAR,265.4051,,265.4051,CLEAR,False,"[145.572, -168.0, -57.0, -41.143, -20.954, -3.0]"
DEPLOY_FAILED_BOTH,STOWED,B51_REF_link3_LINKLOCAL,link3,Launch_Lock_Interface_Reference,REFERENCE_ONLY,AABB_CLEAR,120.4064,,120.4064,EXCLUDED_REFERENCE_ONLY_BODY,False,"[145.572, -168.0, -57.0, -41.143, -20.954, -3.0]"
DEPLOY_FAILED_BOTH,STOWED,B51_REF_link3_LINKLOCAL,link3,Load_Bridge_Left,ARM_MOUNT_INTERFACE,AABB_CLEAR,170.3075,,170.3075,CLEAR,False,"[145.572, -168.0, -57.0, -41.143, -20.954, -3.0]"
DEPLOY_FAILED_BOTH,STOWED,B51_REF_link3_LINKLOCAL,link3,Load_Bridge_Right,ARM_MOUNT_INTERFACE,AABB_CLEAR,171.9176,,171.9176,CLEAR,False,"[145.572, -168.0, -57.0, -41.143, -20.954, -3.0]"
DEPLOY_FAILED_BOTH,STOWED,B51_REF_link3_LINKLOCAL,link3,Load_Spreading_Frame,ARM_MOUNT_INTERFACE,AABB_CLEAR,92.1575,,92.1575,CLEAR,False,"[145.572, -168.0, -57.0, -41.143, -20.954, -3.0]"
DEPLOY_FAILED_BOTH,STOWED,B51_REF_link3_LINKLOCAL,link3,Longerons_4X,BUS_STRUCTURE,AABB_CLEAR,75.1575,,75.1575,CLEAR,False,"[145.572, -168.0, -57.0, -41.143, -20.954, -3.0]"
DEPLOY_FAILED_BOTH,STOWED,B51_REF_link3_LINKLOCAL,link3,Maintenance_Access_Cover,BUS_STRUCTURE,AABB_CLEAR,292.4575,,292.4575,CLEAR,False,"[145.572, -168.0, -57.0, -41.143, -20.954, -3.0]"
DEPLOY_FAILED_BOTH,STOWED,B51_REF_link3_LINKLOCAL,link3,Mid_Saddle,SADDLE_PLACEHOLDER,AABB_CLEAR,29.156,,29.156,CLEAR,False,"[145.572, -168.0, -57.0, -41.143, -20.954, -3.0]"
DEPLOY_FAILED_BOTH,STOWED,B51_REF_link3_LINKLOCAL,link3,Mid_Transverse_Frame_,BUS_STRUCTURE,AABB_CLEAR,99.4684,,99.4684,CLEAR,False,"[145.572, -168.0, -57.0, -41.143, -20.954, -3.0]"
DEPLOY_FAILED_BOTH,STOWED,B51_REF_link3_LINKLOCAL,link3,Rear_End_Frame,BUS_STRUCTURE,AABB_CLEAR,313.3042,,313.3042,CLEAR,False,"[145.572, -168.0, -57.0, -41.143, -20.954, -3.0]"
DEPLOY_FAILED_BOTH,STOWED,B51_REF_link3_LINKLOCAL,link3,Release_Clearance_Envelope,REFERENCE_ONLY,AABB_CLEAR,59.156,,59.156,EXCLUDED_REFERENCE_ONLY_BODY,False,"[145.572, -168.0, -57.0, -41.143, -20.954, -3.0]"
DEPLOY_FAILED_BOTH,STOWED,B51_REF_link3_LINKLOCAL,link3,Root_Base_Left,BUS_STRUCTURE,AABB_CLEAR,225.282,,225.282,CLEAR,False,"[145.572, -168.0, -57.0, -41.143, -20.954, -3.0]"
DEPLOY_FAILED_BOTH,STOWED,B51_REF_link3_LINKLOCAL,link3,Root_Base_Right,BUS_STRUCTURE,AABB_CLEAR,235.5021,,235.5021,CLEAR,False,"[145.572, -168.0, -57.0, -41.143, -20.954, -3.0]"
DEPLOY_FAILED_BOTH,STOWED,B51_REF_link3_LINKLOCAL,link3,Root_Node_Spine_Left,BUS_STRUCTURE,AABB_CLEAR,214.6653,,214.6653,CLEAR,False,"[145.572, -168.0, -57.0, -41.143, -20.954, -3.0]"
DEPLOY_FAILED_BOTH,STOWED,B51_REF_link3_LINKLOCAL,link3,Root_Node_Spine_Right,BUS_STRUCTURE,AABB_CLEAR,224.472,,224.472,CLEAR,False,"[145.572, -168.0, -57.0, -41.143, -20.954, -3.0]"
DEPLOY_FAILED_BOTH,STOWED,B51_REF_link3_LINKLOCAL,link3,Spacecraft_Flange,ARM_MOUNT_INTERFACE,AABB_CLEAR,110.3075,,110.3075,CLEAR,False,"[145.572, -168.0, -57.0, -41.143, -20.954, -3.0]"
DEPLOY_FAILED_BOTH,STOWED,B51_REF_link3_LINKLOCAL,link3,Torsion_Spring_1_Left,BUS_STRUCTURE,AABB_CLEAR,270.4027,,270.4027,CLEAR,False,"[145.572, -168.0, -57.0, -41.143, -20.954, -3.0]"
DEPLOY_FAILED_BOTH,STOWED,B51_REF_link3_LINKLOCAL,link3,Torsion_Spring_1_Right,BUS_STRUCTURE,AABB_CLEAR,285.1848,,285.1848,CLEAR,False,"[145.572, -168.0, -57.0, -41.143, -20.954, -3.0]"
DEPLOY_FAILED_BOTH,STOWED,B51_REF_link3_LINKLOCAL,link3,Torsion_Spring_2_Left,BUS_STRUCTURE,AABB_CLEAR,237.5948,,237.5948,CLEAR,False,"[145.572, -168.0, -57.0, -41.143, -20.954, -3.0]"
DEPLOY_FAILED_BOTH,STOWED,B51_REF_link3_LINKLOCAL,link3,Torsion_Spring_2_Right,BUS_STRUCTURE,AABB_CLEAR,254.2912,,254.2912,CLEAR,False,"[145.572, -168.0, -57.0, -41.143, -20.954, -3.0]"
DEPLOY_FAILED_BOTH,STOWED,B51_REF_link3_LINKLOCAL,link3,WING_L_STOWED,SOLAR_WING,AABB_CLEAR,200.5368,,200.5368,CLEAR,False,"[145.572, -168.0, -57.0, -41.143, -20.954, -3.0]"
DEPLOY_FAILED_BOTH,STOWED,B51_REF_link3_LINKLOCAL,link3,WING_R_STOWED,SOLAR_WING,AABB_CLEAR,211.9535,,211.9535,CLEAR,False,"[145.572, -168.0, -57.0, -41.143, -20.954, -3.0]"
DEPLOY_FAILED_BOTH,STOWED,B51_REF_link4_LINKLOCAL,link4,Adapter_Plate,ARM_MOUNT_INTERFACE,AABB_CLEAR,101.853,,101.853,CLEAR,False,"[145.572, -168.0, -57.0, -41.143, -20.954, -3.0]"
DEPLOY_FAILED_BOTH,STOWED,B51_REF_link4_LINKLOCAL,link4,Aft_Saddle,SADDLE_PLACEHOLDER,AABB_CLEAR,63.9988,,63.9988,CLEAR,False,"[145.572, -168.0, -57.0, -41.143, -20.954, -3.0]"
DEPLOY_FAILED_BOTH,STOWED,B51_REF_link4_LINKLOCAL,link4,Central_Boss,ARM_MOUNT_INTERFACE,AABB_CLEAR,127.39,,127.39,CLEAR,False,"[145.572, -168.0, -57.0, -41.143, -20.954, -3.0]"
DEPLOY_FAILED_BOTH,STOWED,B51_REF_link4_LINKLOCAL,link4,Deck_Front_Bay,BUS_STRUCTURE,AABB_CLEAR,217.853,,217.853,CLEAR,False,"[145.572, -168.0, -57.0, -41.143, -20.954, -3.0]"
DEPLOY_FAILED_BOTH,STOWED,B51_REF_link4_LINKLOCAL,link4,Deck_Mid_Bay,BUS_STRUCTURE,AABB_CLEAR,217.9356,,217.9356,CLEAR,False,"[145.572, -168.0, -57.0, -41.143, -20.954, -3.0]"
DEPLOY_FAILED_BOTH,STOWED,B51_REF_link4_LINKLOCAL,link4,Deck_Rear_Bay,BUS_STRUCTURE,AABB_CLEAR,252.673,,252.673,CLEAR,False,"[145.572, -168.0, -57.0, -41.143, -20.954, -3.0]"
DEPLOY_FAILED_BOTH,STOWED,B51_REF_link4_LINKLOCAL,link4,Front_End_Frame,BUS_STRUCTURE,AABB_CLEAR,71.703,,71.703,CLEAR,False,"[145.572, -168.0, -57.0, -41.143, -20.954, -3.0]"
DEPLOY_FAILED_BOTH,STOWED,B51_REF_link4_LINKLOCAL,link4,Front_Transverse_Frame,BUS_STRUCTURE,AABB_CLEAR,71.703,,71.703,CLEAR,False,"[145.572, -168.0, -57.0, -41.143, -20.954, -3.0]"
DEPLOY_FAILED_BOTH,STOWED,B51_REF_link4_LINKLOCAL,link4,Fwd_Saddle,SADDLE_PLACEHOLDER,MESH,-26.3159,0.3185,0.3185,TOO_CLOSE_TO_CALL,True,"[145.572, -168.0, -57.0, -41.143, -20.954, -3.0]"
DEPLOY_FAILED_BOTH,STOWED,B51_REF_link4_LINKLOCAL,link4,HDRM_Base_1_Left,BUS_STRUCTURE,AABB_CLEAR,343.1678,,343.1678,CLEAR,False,"[145.572, -168.0, -57.0, -41.143, -20.954, -3.0]"
DEPLOY_FAILED_BOTH,STOWED,B51_REF_link4_LINKLOCAL,link4,HDRM_Base_1_Right,BUS_STRUCTURE,AABB_CLEAR,349.7558,,349.7558,CLEAR,False,"[145.572, -168.0, -57.0, -41.143, -20.954, -3.0]"
DEPLOY_FAILED_BOTH,STOWED,B51_REF_link4_LINKLOCAL,link4,HDRM_Base_2_Left,BUS_STRUCTURE,AABB_CLEAR,270.1196,,270.1196,CLEAR,False,"[145.572, -168.0, -57.0, -41.143, -20.954, -3.0]"
DEPLOY_FAILED_BOTH,STOWED,B51_REF_link4_LINKLOCAL,link4,HDRM_Base_2_Right,BUS_STRUCTURE,AABB_CLEAR,278.4414,,278.4414,CLEAR,False,"[145.572, -168.0, -57.0, -41.143, -20.954, -3.0]"
DEPLOY_FAILED_BOTH,STOWED,B51_REF_link4_LINKLOCAL,link4,HDRM_Rod_1_Left,BUS_STRUCTURE,AABB_CLEAR,352.9987,,352.9987,CLEAR,False,"[145.572, -168.0, -57.0, -41.143, -20.954, -3.0]"
DEPLOY_FAILED_BOTH,STOWED,B51_REF_link4_LINKLOCAL,link4,HDRM_Rod_1_Right,BUS_STRUCTURE,AABB_CLEAR,360.996,,360.996,CLEAR,False,"[145.572, -168.0, -57.0, -41.143, -20.954, -3.0]"
DEPLOY_FAILED_BOTH,STOWED,B51_REF_link4_LINKLOCAL,link4,HDRM_Rod_2_Left,BUS_STRUCTURE,AABB_CLEAR,277.5041,,277.5041,CLEAR,False,"[145.572, -168.0, -57.0, -41.143, -20.954, -3.0]"
DEPLOY_FAILED_BOTH,STOWED,B51_REF_link4_LINKLOCAL,link4,HDRM_Rod_2_Right,BUS_STRUCTURE,AABB_CLEAR,287.6083,,287.6083,CLEAR,False,"[145.572, -168.0, -57.0, -41.143, -20.954, -3.0]"
DEPLOY_FAILED_BOTH,STOWED,B51_REF_link4_LINKLOCAL,link4,Hard_Stop_Left,BUS_STRUCTURE,AABB_CLEAR,189.3835,,189.3835,CLEAR,False,"[145.572, -168.0, -57.0, -41.143, -20.954, -3.0]"
DEPLOY_FAILED_BOTH,STOWED,B51_REF_link4_LINKLOCAL,link4,Hard_Stop_Right,BUS_STRUCTURE,AABB_CLEAR,203.9022,,203.9022,CLEAR,False,"[145.572, -168.0, -57.0, -41.143, -20.954, -3.0]"
DEPLOY_FAILED_BOTH,STOWED,B51_REF_link4_LINKLOCAL,link4,Harness_Passage,ARM_MOUNT_INTERFACE,AABB_CLEAR,239.853,,239.853,CLEAR,False,"[145.572, -168.0, -57.0, -41.143, -20.954, -3.0]"
DEPLOY_FAILED_BOTH,STOWED,B51_REF_link4_LINKLOCAL,link4,Harness_Service_Loop_Left,BUS_STRUCTURE,AABB_CLEAR,246.0146,,246.0146,CLEAR,False,"[145.572, -168.0, -57.0, -41.143, -20.954, -3.0]"
DEPLOY_FAILED_BOTH,STOWED,B51_REF_link4_LINKLOCAL,link4,Harness_Service_Loop_Right,BUS_STRUCTURE,AABB_CLEAR,255.1239,,255.1239,CLEAR,False,"[145.572, -168.0, -57.0, -41.143, -20.954, -3.0]"
DEPLOY_FAILED_BOTH,STOWED,B51_REF_link4_LINKLOCAL,link4,Hinge_Ear_1_Left,BUS_STRUCTURE,AABB_CLEAR,218.9011,,218.9011,CLEAR,False,"[145.572, -168.0, -57.0, -41.143, -20.954, -3.0]"
DEPLOY_FAILED_BOTH,STOWED,B51_REF_link4_LINKLOCAL,link4,Hinge_Ear_1_Right,BUS_STRUCTURE,AABB_CLEAR,231.5765,,231.5765,CLEAR,False,"[145.572, -168.0, -57.0, -41.143, -20.954, -3.0]"
DEPLOY_FAILED_BOTH,STOWED,B51_REF_link4_LINKLOCAL,link4,Hinge_Ear_2_Left,BUS_STRUCTURE,AABB_CLEAR,208.8007,,208.8007,CLEAR,False,"[145.572, -168.0, -57.0, -41.143, -20.954, -3.0]"
DEPLOY_FAILED_BOTH,STOWED,B51_REF_link4_LINKLOCAL,link4,Hinge_Ear_2_Right,BUS_STRUCTURE,AABB_CLEAR,222.0535,,222.0535,CLEAR,False,"[145.572, -168.0, -57.0, -41.143, -20.954, -3.0]"
DEPLOY_FAILED_BOTH,STOWED,B51_REF_link4_LINKLOCAL,link4,Hinge_Pin_Left,BUS_STRUCTURE,AABB_CLEAR,206.0415,,206.0415,CLEAR,False,"[145.572, -168.0, -57.0, -41.143, -20.954, -3.0]"
DEPLOY_FAILED_BOTH,STOWED,B51_REF_link4_LINKLOCAL,link4,Hinge_Pin_Right,BUS_STRUCTURE,AABB_CLEAR,226.2781,,226.2781,CLEAR,False,"[145.572, -168.0, -57.0, -41.143, -20.954, -3.0]"
DEPLOY_FAILED_BOTH,STOWED,B51_REF_link4_LINKLOCAL,link4,Launch_Lock_Interface_Reference,REFERENCE_ONLY,AABB_CLEAR,55.7474,,55.7474,EXCLUDED_REFERENCE_ONLY_BODY,False,"[145.572, -168.0, -57.0, -41.143, -20.954, -3.0]"
DEPLOY_FAILED_BOTH,STOWED,B51_REF_link4_LINKLOCAL,link4,Load_Bridge_Left,ARM_MOUNT_INTERFACE,AABB_CLEAR,166.853,,166.853,CLEAR,False,"[145.572, -168.0, -57.0, -41.143, -20.954, -3.0]"
DEPLOY_FAILED_BOTH,STOWED,B51_REF_link4_LINKLOCAL,link4,Load_Bridge_Right,ARM_MOUNT_INTERFACE,AABB_CLEAR,168.3518,,168.3518,CLEAR,False,"[145.572, -168.0, -57.0, -41.143, -20.954, -3.0]"
DEPLOY_FAILED_BOTH,STOWED,B51_REF_link4_LINKLOCAL,link4,Load_Spreading_Frame,ARM_MOUNT_INTERFACE,AABB_CLEAR,88.703,,88.703,CLEAR,False,"[145.572, -168.0, -57.0, -41.143, -20.954, -3.0]"
DEPLOY_FAILED_BOTH,STOWED,B51_REF_link4_LINKLOCAL,link4,Longerons_4X,BUS_STRUCTURE,AABB_CLEAR,71.703,,71.703,CLEAR,False,"[145.572, -168.0, -57.0, -41.143, -20.954, -3.0]"
DEPLOY_FAILED_BOTH,STOWED,B51_REF_link4_LINKLOCAL,link4,Maintenance_Access_Cover,BUS_STRUCTURE,AABB_CLEAR,289.003,,289.003,CLEAR,False,"[145.572, -168.0, -57.0, -41.143, -20.954, -3.0]"
DEPLOY_FAILED_BOTH,STOWED,B51_REF_link4_LINKLOCAL,link4,Mid_Saddle,SADDLE_PLACEHOLDER,MESH,-33.067,31.9077,31.9077,CLEAR,False,"[145.572, -168.0, -57.0, -41.143, -20.954, -3.0]"
DEPLOY_FAILED_BOTH,STOWED,B51_REF_link4_LINKLOCAL,link4,Mid_Transverse_Frame_,BUS_STRUCTURE,AABB_CLEAR,71.703,,71.703,CLEAR,False,"[145.572, -168.0, -57.0, -41.143, -20.954, -3.0]"
DEPLOY_FAILED_BOTH,STOWED,B51_REF_link4_LINKLOCAL,link4,Rear_End_Frame,BUS_STRUCTURE,AABB_CLEAR,249.523,,249.523,CLEAR,False,"[145.572, -168.0, -57.0, -41.143, -20.954, -3.0]"
DEPLOY_FAILED_BOTH,STOWED,B51_REF_link4_LINKLOCAL,link4,Release_Clearance_Envelope,REFERENCE_ONLY,MESH,-6.0012,0.9882,0.9882,EXCLUDED_REFERENCE_ONLY_BODY,False,"[145.572, -168.0, -57.0, -41.143, -20.954, -3.0]"
DEPLOY_FAILED_BOTH,STOWED,B51_REF_link4_LINKLOCAL,link4,Root_Base_Left,BUS_STRUCTURE,AABB_CLEAR,177.6823,,177.6823,CLEAR,False,"[145.572, -168.0, -57.0, -41.143, -20.954, -3.0]"
DEPLOY_FAILED_BOTH,STOWED,B51_REF_link4_LINKLOCAL,link4,Root_Base_Right,BUS_STRUCTURE,AABB_CLEAR,190.0947,,190.0947,CLEAR,False,"[145.572, -168.0, -57.0, -41.143, -20.954, -3.0]"
DEPLOY_FAILED_BOTH,STOWED,B51_REF_link4_LINKLOCAL,link4,Root_Node_Spine_Left,BUS_STRUCTURE,AABB_CLEAR,159.9321,,159.9321,CLEAR,False,"[145.572, -168.0, -57.0, -41.143, -20.954, -3.0]"
DEPLOY_FAILED_BOTH,STOWED,B51_REF_link4_LINKLOCAL,link4,Root_Node_Spine_Right,BUS_STRUCTURE,AABB_CLEAR,172.4728,,172.4728,CLEAR,False,"[145.572, -168.0, -57.0, -41.143, -20.954, -3.0]"
DEPLOY_FAILED_BOTH,STOWED,B51_REF_link4_LINKLOCAL,link4,Spacecraft_Flange,ARM_MOUNT_INTERFACE,AABB_CLEAR,106.853,,106.853,CLEAR,False,"[145.572, -168.0, -57.0, -41.143, -20.954, -3.0]"
DEPLOY_FAILED_BOTH,STOWED,B51_REF_link4_LINKLOCAL,link4,Torsion_Spring_1_Left,BUS_STRUCTURE,AABB_CLEAR,222.5883,,222.5883,CLEAR,False,"[145.572, -168.0, -57.0, -41.143, -20.954, -3.0]"
DEPLOY_FAILED_BOTH,STOWED,B51_REF_link4_LINKLOCAL,link4,Torsion_Spring_1_Right,BUS_STRUCTURE,AABB_CLEAR,239.932,,239.932,CLEAR,False,"[145.572, -168.0, -57.0, -41.143, -20.954, -3.0]"
DEPLOY_FAILED_BOTH,STOWED,B51_REF_link4_LINKLOCAL,link4,Torsion_Spring_2_Left,BUS_STRUCTURE,AABB_CLEAR,197.164,,197.164,CLEAR,False,"[145.572, -168.0, -57.0, -41.143, -20.954, -3.0]"
DEPLOY_FAILED_BOTH,STOWED,B51_REF_link4_LINKLOCAL,link4,Torsion_Spring_2_Right,BUS_STRUCTURE,AABB_CLEAR,216.5536,,216.5536,CLEAR,False,"[145.572, -168.0, -57.0, -41.143, -20.954, -3.0]"
DEPLOY_FAILED_BOTH,STOWED,B51_REF_link4_LINKLOCAL,link4,WING_L_STOWED,SOLAR_WING,AABB_CLEAR,182.2162,,182.2162,CLEAR,False,"[145.572, -168.0, -57.0, -41.143, -20.954, -3.0]"
DEPLOY_FAILED_BOTH,STOWED,B51_REF_link4_LINKLOCAL,link4,WING_R_STOWED,SOLAR_WING,AABB_CLEAR,194.3392,,194.3392,CLEAR,False,"[145.572, -168.0, -57.0, -41.143, -20.954, -3.0]"
DEPLOY_FAILED_BOTH,STOWED,B51_REF_link5_LINKLOCAL,link5,Adapter_Plate,ARM_MOUNT_INTERFACE,AABB_CLEAR,133.8224,,133.8224,CLEAR,False,"[145.572, -168.0, -57.0, -41.143, -20.954, -3.0]"
DEPLOY_FAILED_BOTH,STOWED,B51_REF_link5_LINKLOCAL,link5,Aft_Saddle,SADDLE_PLACEHOLDER,AABB_CLEAR,47.948,,47.948,CLEAR,False,"[145.572, -168.0, -57.0, -41.143, -20.954, -3.0]"
DEPLOY_FAILED_BOTH,STOWED,B51_REF_link5_LINKLOCAL,link5,Central_Boss,ARM_MOUNT_INTERFACE,AABB_CLEAR,161.5509,,161.5509,CLEAR,False,"[145.572, -168.0, -57.0, -41.143, -20.954, -3.0]"
DEPLOY_FAILED_BOTH,STOWED,B51_REF_link5_LINKLOCAL,link5,Deck_Front_Bay,BUS_STRUCTURE,AABB_CLEAR,235.8023,,235.8023,CLEAR,False,"[145.572, -168.0, -57.0, -41.143, -20.954, -3.0]"
DEPLOY_FAILED_BOTH,STOWED,B51_REF_link5_LINKLOCAL,link5,Deck_Mid_Bay,BUS_STRUCTURE,AABB_CLEAR,235.8023,,235.8023,CLEAR,False,"[145.572, -168.0, -57.0, -41.143, -20.954, -3.0]"
DEPLOY_FAILED_BOTH,STOWED,B51_REF_link5_LINKLOCAL,link5,Deck_Rear_Bay,BUS_STRUCTURE,AABB_CLEAR,261.027,,261.027,CLEAR,False,"[145.572, -168.0, -57.0, -41.143, -20.954, -3.0]"
DEPLOY_FAILED_BOTH,STOWED,B51_REF_link5_LINKLOCAL,link5,Front_End_Frame,BUS_STRUCTURE,AABB_CLEAR,101.9927,,101.9927,CLEAR,False,"[145.572, -168.0, -57.0, -41.143, -20.954, -3.0]"
DEPLOY_FAILED_BOTH,STOWED,B51_REF_link5_LINKLOCAL,link5,Front_Transverse_Frame,BUS_STRUCTURE,AABB_CLEAR,89.6523,,89.6523,CLEAR,False,"[145.572, -168.0, -57.0, -41.143, -20.954, -3.0]"
DEPLOY_FAILED_BOTH,STOWED,B51_REF_link5_LINKLOCAL,link5,Fwd_Saddle,SADDLE_PLACEHOLDER,AABB_CLEAR,33.631,,33.631,CLEAR,False,"[145.572, -168.0, -57.0, -41.143, -20.954, -3.0]"
DEPLOY_FAILED_BOTH,STOWED,B51_REF_link5_LINKLOCAL,link5,HDRM_Base_1_Left,BUS_STRUCTURE,AABB_CLEAR,348.2745,,348.2745,CLEAR,False,"[145.572, -168.0, -57.0, -41.143, -20.954, -3.0]"
DEPLOY_FAILED_BOTH,STOWED,B51_REF_link5_LINKLOCAL,link5,HDRM_Base_1_Right,BUS_STRUCTURE,AABB_CLEAR,363.0721,,363.0721,CLEAR,False,"[145.572, -168.0, -57.0, -41.143, -20.954, -3.0]"
DEPLOY_FAILED_BOTH,STOWED,B51_REF_link5_LINKLOCAL,link5,HDRM_Base_2_Left,BUS_STRUCTURE,AABB_CLEAR,287.9228,,287.9228,CLEAR,False,"[145.572, -168.0, -57.0, -41.143, -20.954, -3.0]"
DEPLOY_FAILED_BOTH,STOWED,B51_REF_link5_LINKLOCAL,link5,HDRM_Base_2_Right,BUS_STRUCTURE,AABB_CLEAR,305.6562,,305.6562,CLEAR,False,"[145.572, -168.0, -57.0, -41.143, -20.954, -3.0]"
DEPLOY_FAILED_BOTH,STOWED,B51_REF_link5_LINKLOCAL,link5,HDRM_Rod_1_Left,BUS_STRUCTURE,AABB_CLEAR,358.2777,,358.2777,CLEAR,False,"[145.572, -168.0, -57.0, -41.143, -20.954, -3.0]"
DEPLOY_FAILED_BOTH,STOWED,B51_REF_link5_LINKLOCAL,link5,HDRM_Rod_1_Right,BUS_STRUCTURE,AABB_CLEAR,374.7036,,374.7036,CLEAR,False,"[145.572, -168.0, -57.0, -41.143, -20.954, -3.0]"
DEPLOY_FAILED_BOTH,STOWED,B51_REF_link5_LINKLOCAL,link5,HDRM_Rod_2_Left,BUS_STRUCTURE,AABB_CLEAR,295.2689,,295.2689,CLEAR,False,"[145.572, -168.0, -57.0, -41.143, -20.954, -3.0]"
DEPLOY_FAILED_BOTH,STOWED,B51_REF_link5_LINKLOCAL,link5,HDRM_Rod_2_Right,BUS_STRUCTURE,AABB_CLEAR,314.9978,,314.9978,CLEAR,False,"[145.572, -168.0, -57.0, -41.143, -20.954, -3.0]"
DEPLOY_FAILED_BOTH,STOWED,B51_REF_link5_LINKLOCAL,link5,Hard_Stop_Left,BUS_STRUCTURE,AABB_CLEAR,194.9262,,194.9262,CLEAR,False,"[145.572, -168.0, -57.0, -41.143, -20.954, -3.0]"
DEPLOY_FAILED_BOTH,STOWED,B51_REF_link5_LINKLOCAL,link5,Hard_Stop_Right,BUS_STRUCTURE,AABB_CLEAR,223.6875,,223.6875,CLEAR,False,"[145.572, -168.0, -57.0, -41.143, -20.954, -3.0]"
DEPLOY_FAILED_BOTH,STOWED,B51_REF_link5_LINKLOCAL,link5,Harness_Passage,ARM_MOUNT_INTERFACE,AABB_CLEAR,257.8023,,257.8023,CLEAR,False,"[145.572, -168.0, -57.0, -41.143, -20.954, -3.0]"
DEPLOY_FAILED_BOTH,STOWED,B51_REF_link5_LINKLOCAL,link5,Harness_Service_Loop_Left,BUS_STRUCTURE,AABB_CLEAR,251.229,,251.229,CLEAR,False,"[145.572, -168.0, -57.0, -41.143, -20.954, -3.0]"
DEPLOY_FAILED_BOTH,STOWED,B51_REF_link5_LINKLOCAL,link5,Harness_Service_Loop_Right,BUS_STRUCTURE,AABB_CLEAR,271.371,,271.371,CLEAR,False,"[145.572, -168.0, -57.0, -41.143, -20.954, -3.0]"
DEPLOY_FAILED_BOTH,STOWED,B51_REF_link5_LINKLOCAL,link5,Hinge_Ear_1_Left,BUS_STRUCTURE,AABB_CLEAR,225.7694,,225.7694,CLEAR,False,"[145.572, -168.0, -57.0, -41.143, -20.954, -3.0]"
DEPLOY_FAILED_BOTH,STOWED,B51_REF_link5_LINKLOCAL,link5,Hinge_Ear_1_Right,BUS_STRUCTURE,AABB_CLEAR,251.0213,,251.0213,CLEAR,False,"[145.572, -168.0, -57.0, -41.143, -20.954, -3.0]"
DEPLOY_FAILED_BOTH,STOWED,B51_REF_link5_LINKLOCAL,link5,Hinge_Ear_2_Left,BUS_STRUCTURE,AABB_CLEAR,217.324,,217.324,CLEAR,False,"[145.572, -168.0, -57.0, -41.143, -20.954, -3.0]"
DEPLOY_FAILED_BOTH,STOWED,B51_REF_link5_LINKLOCAL,link5,Hinge_Ear_2_Right,BUS_STRUCTURE,AABB_CLEAR,243.4535,,243.4535,CLEAR,False,"[145.572, -168.0, -57.0, -41.143, -20.954, -3.0]"
DEPLOY_FAILED_BOTH,STOWED,B51_REF_link5_LINKLOCAL,link5,Hinge_Pin_Left,BUS_STRUCTURE,AABB_CLEAR,217.375,,217.375,CLEAR,False,"[145.572, -168.0, -57.0, -41.143, -20.954, -3.0]"
DEPLOY_FAILED_BOTH,STOWED,B51_REF_link5_LINKLOCAL,link5,Hinge_Pin_Right,BUS_STRUCTURE,AABB_CLEAR,250.3948,,250.3948,CLEAR,False,"[145.572, -168.0, -57.0, -41.143, -20.954, -3.0]"
DEPLOY_FAILED_BOTH,STOWED,B51_REF_link5_LINKLOCAL,link5,Launch_Lock_Interface_Reference,REFERENCE_ONLY,AABB_CLEAR,49.512,,49.512,EXCLUDED_REFERENCE_ONLY_BODY,False,"[145.572, -168.0, -57.0, -41.143, -20.954, -3.0]"
DEPLOY_FAILED_BOTH,STOWED,B51_REF_link5_LINKLOCAL,link5,Load_Bridge_Left,ARM_MOUNT_INTERFACE,AABB_CLEAR,184.8023,,184.8023,CLEAR,False,"[145.572, -168.0, -57.0, -41.143, -20.954, -3.0]"
DEPLOY_FAILED_BOTH,STOWED,B51_REF_link5_LINKLOCAL,link5,Load_Bridge_Right,ARM_MOUNT_INTERFACE,AABB_CLEAR,193.6259,,193.6259,CLEAR,False,"[145.572, -168.0, -57.0, -41.143, -20.954, -3.0]"
DEPLOY_FAILED_BOTH,STOWED,B51_REF_link5_LINKLOCAL,link5,Load_Spreading_Frame,ARM_MOUNT_INTERFACE,AABB_CLEAR,115.6142,,115.6142,CLEAR,False,"[145.572, -168.0, -57.0, -41.143, -20.954, -3.0]"
DEPLOY_FAILED_BOTH,STOWED,B51_REF_link5_LINKLOCAL,link5,Longerons_4X,BUS_STRUCTURE,AABB_CLEAR,89.6523,,89.6523,CLEAR,False,"[145.572, -168.0, -57.0, -41.143, -20.954, -3.0]"
DEPLOY_FAILED_BOTH,STOWED,B51_REF_link5_LINKLOCAL,link5,Maintenance_Access_Cover,BUS_STRUCTURE,AABB_CLEAR,306.9523,,306.9523,CLEAR,False,"[145.572, -168.0, -57.0, -41.143, -20.954, -3.0]"
DEPLOY_FAILED_BOTH,STOWED,B51_REF_link5_LINKLOCAL,link5,Mid_Saddle,SADDLE_PLACEHOLDER,MESH,-15.1177,0.0011,0.0011,TOO_CLOSE_TO_CALL,True,"[145.572, -168.0, -57.0, -41.143, -20.954, -3.0]"
DEPLOY_FAILED_BOTH,STOWED,B51_REF_link5_LINKLOCAL,link5,Mid_Transverse_Frame_,BUS_STRUCTURE,AABB_CLEAR,89.6523,,89.6523,CLEAR,False,"[145.572, -168.0, -57.0, -41.143, -20.954, -3.0]"
DEPLOY_FAILED_BOTH,STOWED,B51_REF_link5_LINKLOCAL,link5,Rear_End_Frame,BUS_STRUCTURE,AABB_CLEAR,240.2985,,240.2985,CLEAR,False,"[145.572, -168.0, -57.0, -41.143, -20.954, -3.0]"
DEPLOY_FAILED_BOTH,STOWED,B51_REF_link5_LINKLOCAL,link5,Release_Clearance_Envelope,REFERENCE_ONLY,MESH,-22.052,0.0,0.0,EXCLUDED_REFERENCE_ONLY_BODY,False,"[145.572, -168.0, -57.0, -41.143, -20.954, -3.0]"
DEPLOY_FAILED_BOTH,STOWED,B51_REF_link5_LINKLOCAL,link5,Root_Base_Left,BUS_STRUCTURE,AABB_CLEAR,184.0589,,184.0589,CLEAR,False,"[145.572, -168.0, -57.0, -41.143, -20.954, -3.0]"
DEPLOY_FAILED_BOTH,STOWED,B51_REF_link5_LINKLOCAL,link5,Root_Base_Right,BUS_STRUCTURE,AABB_CLEAR,210.7223,,210.7223,CLEAR,False,"[145.572, -168.0, -57.0, -41.143, -20.954, -3.0]"
DEPLOY_FAILED_BOTH,STOWED,B51_REF_link5_LINKLOCAL,link5,Root_Node_Spine_Left,BUS_STRUCTURE,AABB_CLEAR,161.8713,,161.8713,CLEAR,False,"[145.572, -168.0, -57.0, -41.143, -20.954, -3.0]"
DEPLOY_FAILED_BOTH,STOWED,B51_REF_link5_LINKLOCAL,link5,Root_Node_Spine_Right,BUS_STRUCTURE,AABB_CLEAR,190.1601,,190.1601,CLEAR,False,"[145.572, -168.0, -57.0, -41.143, -20.954, -3.0]"
DEPLOY_FAILED_BOTH,STOWED,B51_REF_link5_LINKLOCAL,link5,Spacecraft_Flange,ARM_MOUNT_INTERFACE,AABB_CLEAR,137.0499,,137.0499,CLEAR,False,"[145.572, -168.0, -57.0, -41.143, -20.954, -3.0]"
DEPLOY_FAILED_BOTH,STOWED,B51_REF_link5_LINKLOCAL,link5,Torsion_Spring_1_Left,BUS_STRUCTURE,AABB_CLEAR,229.8352,,229.8352,CLEAR,False,"[145.572, -168.0, -57.0, -41.143, -20.954, -3.0]"
DEPLOY_FAILED_BOTH,STOWED,B51_REF_link5_LINKLOCAL,link5,Torsion_Spring_1_Right,BUS_STRUCTURE,AABB_CLEAR,259.8327,,259.8327,CLEAR,False,"[145.572, -168.0, -57.0, -41.143, -20.954, -3.0]"
DEPLOY_FAILED_BOTH,STOWED,B51_REF_link5_LINKLOCAL,link5,Torsion_Spring_2_Left,BUS_STRUCTURE,AABB_CLEAR,208.8755,,208.8755,CLEAR,False,"[145.572, -168.0, -57.0, -41.143, -20.954, -3.0]"
DEPLOY_FAILED_BOTH,STOWED,B51_REF_link5_LINKLOCAL,link5,Torsion_Spring_2_Right,BUS_STRUCTURE,AABB_CLEAR,241.4908,,241.4908,CLEAR,False,"[145.572, -168.0, -57.0, -41.143, -20.954, -3.0]"
DEPLOY_FAILED_BOTH,STOWED,B51_REF_link5_LINKLOCAL,link5,WING_L_STOWED,SOLAR_WING,AABB_CLEAR,199.9758,,199.9758,CLEAR,False,"[145.572, -168.0, -57.0, -41.143, -20.954, -3.0]"
DEPLOY_FAILED_BOTH,STOWED,B51_REF_link5_LINKLOCAL,link5,WING_R_STOWED,SOLAR_WING,AABB_CLEAR,224.7588,,224.7588,CLEAR,False,"[145.572, -168.0, -57.0, -41.143, -20.954, -3.0]"
DEPLOY_FAILED_BOTH,STOWED,B51_REF_link6_LINKLOCAL,link6,Adapter_Plate,ARM_MOUNT_INTERFACE,AABB_CLEAR,188.7104,,188.7104,CLEAR,False,"[145.572, -168.0, -57.0, -41.143, -20.954, -3.0]"
DEPLOY_FAILED_BOTH,STOWED,B51_REF_link6_LINKLOCAL,link6,Aft_Saddle,SADDLE_PLACEHOLDER,MESH,-1.1453,5.9409,5.9409,CLEAR,False,"[145.572, -168.0, -57.0, -41.143, -20.954, -3.0]"
DEPLOY_FAILED_BOTH,STOWED,B51_REF_link6_LINKLOCAL,link6,Central_Boss,ARM_MOUNT_INTERFACE,AABB_CLEAR,216.0724,,216.0724,CLEAR,False,"[145.572, -168.0, -57.0, -41.143, -20.954, -3.0]"
DEPLOY_FAILED_BOTH,STOWED,B51_REF_link6_LINKLOCAL,link6,Deck_Front_Bay,BUS_STRUCTURE,AABB_CLEAR,269.33,,269.33,CLEAR,False,"[145.572, -168.0, -57.0, -41.143, -20.954, -3.0]"
DEPLOY_FAILED_BOTH,STOWED,B51_REF_link6_LINKLOCAL,link6,Deck_Mid_Bay,BUS_STRUCTURE,AABB_CLEAR,269.33,,269.33,CLEAR,False,"[145.572, -168.0, -57.0, -41.143, -20.954, -3.0]"
DEPLOY_FAILED_BOTH,STOWED,B51_REF_link6_LINKLOCAL,link6,Deck_Rear_Bay,BUS_STRUCTURE,AABB_CLEAR,276.5671,,276.5671,CLEAR,False,"[145.572, -168.0, -57.0, -41.143, -20.954, -3.0]"
DEPLOY_FAILED_BOTH,STOWED,B51_REF_link6_LINKLOCAL,link6,Front_End_Frame,BUS_STRUCTURE,AABB_CLEAR,158.037,,158.037,CLEAR,False,"[145.572, -168.0, -57.0, -41.143, -20.954, -3.0]"
DEPLOY_FAILED_BOTH,STOWED,B51_REF_link6_LINKLOCAL,link6,Front_Transverse_Frame,BUS_STRUCTURE,AABB_CLEAR,130.4719,,130.4719,CLEAR,False,"[145.572, -168.0, -57.0, -41.143, -20.954, -3.0]"
DEPLOY_FAILED_BOTH,STOWED,B51_REF_link6_LINKLOCAL,link6,Fwd_Saddle,SADDLE_PLACEHOLDER,AABB_CLEAR,87.3433,,87.3433,CLEAR,False,"[145.572, -168.0, -57.0, -41.143, -20.954, -3.0]"
DEPLOY_FAILED_BOTH,STOWED,B51_REF_link6_LINKLOCAL,link6,HDRM_Base_1_Left,BUS_STRUCTURE,AABB_CLEAR,355.3322,,355.3322,CLEAR,False,"[145.572, -168.0, -57.0, -41.143, -20.954, -3.0]"
DEPLOY_FAILED_BOTH,STOWED,B51_REF_link6_LINKLOCAL,link6,HDRM_Base_1_Right,BUS_STRUCTURE,AABB_CLEAR,366.2132,,366.2132,CLEAR,False,"[145.572, -168.0, -57.0, -41.143, -20.954, -3.0]"
DEPLOY_FAILED_BOTH,STOWED,B51_REF_link6_LINKLOCAL,link6,HDRM_Base_2_Left,BUS_STRUCTURE,AABB_CLEAR,323.5656,,323.5656,CLEAR,False,"[145.572, -168.0, -57.0, -41.143, -20.954, -3.0]"
DEPLOY_FAILED_BOTH,STOWED,B51_REF_link6_LINKLOCAL,link6,HDRM_Base_2_Right,BUS_STRUCTURE,AABB_CLEAR,335.4785,,335.4785,CLEAR,False,"[145.572, -168.0, -57.0, -41.143, -20.954, -3.0]"
DEPLOY_FAILED_BOTH,STOWED,B51_REF_link6_LINKLOCAL,link6,HDRM_Rod_1_Left,BUS_STRUCTURE,AABB_CLEAR,365.493,,365.493,CLEAR,False,"[145.572, -168.0, -57.0, -41.143, -20.954, -3.0]"
DEPLOY_FAILED_BOTH,STOWED,B51_REF_link6_LINKLOCAL,link6,HDRM_Rod_1_Right,BUS_STRUCTURE,AABB_CLEAR,377.3209,,377.3209,CLEAR,False,"[145.572, -168.0, -57.0, -41.143, -20.954, -3.0]"
DEPLOY_FAILED_BOTH,STOWED,B51_REF_link6_LINKLOCAL,link6,HDRM_Rod_2_Left,BUS_STRUCTURE,AABB_CLEAR,331.5325,,331.5325,CLEAR,False,"[145.572, -168.0, -57.0, -41.143, -20.954, -3.0]"
DEPLOY_FAILED_BOTH,STOWED,B51_REF_link6_LINKLOCAL,link6,HDRM_Rod_2_Right,BUS_STRUCTURE,AABB_CLEAR,344.5284,,344.5284,CLEAR,False,"[145.572, -168.0, -57.0, -41.143, -20.954, -3.0]"
DEPLOY_FAILED_BOTH,STOWED,B51_REF_link6_LINKLOCAL,link6,Hard_Stop_Left,BUS_STRUCTURE,AABB_CLEAR,209.5022,,209.5022,CLEAR,False,"[145.572, -168.0, -57.0, -41.143, -20.954, -3.0]"
DEPLOY_FAILED_BOTH,STOWED,B51_REF_link6_LINKLOCAL,link6,Hard_Stop_Right,BUS_STRUCTURE,AABB_CLEAR,229.5151,,229.5151,CLEAR,False,"[145.572, -168.0, -57.0, -41.143, -20.954, -3.0]"
DEPLOY_FAILED_BOTH,STOWED,B51_REF_link6_LINKLOCAL,link6,Harness_Passage,ARM_MOUNT_INTERFACE,AABB_CLEAR,291.33,,291.33,CLEAR,False,"[145.572, -168.0, -57.0, -41.143, -20.954, -3.0]"
DEPLOY_FAILED_BOTH,STOWED,B51_REF_link6_LINKLOCAL,link6,Harness_Service_Loop_Left,BUS_STRUCTURE,AABB_CLEAR,261.8136,,261.8136,CLEAR,False,"[145.572, -168.0, -57.0, -41.143, -20.954, -3.0]"
DEPLOY_FAILED_BOTH,STOWED,B51_REF_link6_LINKLOCAL,link6,Harness_Service_Loop_Right,BUS_STRUCTURE,AABB_CLEAR,276.401,,276.401,CLEAR,False,"[145.572, -168.0, -57.0, -41.143, -20.954, -3.0]"
DEPLOY_FAILED_BOTH,STOWED,B51_REF_link6_LINKLOCAL,link6,Hinge_Ear_1_Left,BUS_STRUCTURE,AABB_CLEAR,241.5062,,241.5062,CLEAR,False,"[145.572, -168.0, -57.0, -41.143, -20.954, -3.0]"
DEPLOY_FAILED_BOTH,STOWED,B51_REF_link6_LINKLOCAL,link6,Hinge_Ear_1_Right,BUS_STRUCTURE,AABB_CLEAR,259.0584,,259.0584,CLEAR,False,"[145.572, -168.0, -57.0, -41.143, -20.954, -3.0]"
DEPLOY_FAILED_BOTH,STOWED,B51_REF_link6_LINKLOCAL,link6,Hinge_Ear_2_Left,BUS_STRUCTURE,AABB_CLEAR,237.3826,,237.3826,CLEAR,False,"[145.572, -168.0, -57.0, -41.143, -20.954, -3.0]"
DEPLOY_FAILED_BOTH,STOWED,B51_REF_link6_LINKLOCAL,link6,Hinge_Ear_2_Right,BUS_STRUCTURE,AABB_CLEAR,255.2185,,255.2185,CLEAR,False,"[145.572, -168.0, -57.0, -41.143, -20.954, -3.0]"
DEPLOY_FAILED_BOTH,STOWED,B51_REF_link6_LINKLOCAL,link6,Hinge_Pin_Left,BUS_STRUCTURE,AABB_CLEAR,241.2345,,241.2345,CLEAR,False,"[145.572, -168.0, -57.0, -41.143, -20.954, -3.0]"
DEPLOY_FAILED_BOTH,STOWED,B51_REF_link6_LINKLOCAL,link6,Hinge_Pin_Right,BUS_STRUCTURE,AABB_CLEAR,262.8375,,262.8375,CLEAR,False,"[145.572, -168.0, -57.0, -41.143, -20.954, -3.0]"
DEPLOY_FAILED_BOTH,STOWED,B51_REF_link6_LINKLOCAL,link6,Launch_Lock_Interface_Reference,REFERENCE_ONLY,AABB_CLEAR,65.33,,65.33,EXCLUDED_REFERENCE_ONLY_BODY,False,"[145.572, -168.0, -57.0, -41.143, -20.954, -3.0]"
DEPLOY_FAILED_BOTH,STOWED,B51_REF_link6_LINKLOCAL,link6,Load_Bridge_Left,ARM_MOUNT_INTERFACE,AABB_CLEAR,218.33,,218.33,CLEAR,False,"[145.572, -168.0, -57.0, -41.143, -20.954, -3.0]"
DEPLOY_FAILED_BOTH,STOWED,B51_REF_link6_LINKLOCAL,link6,Load_Bridge_Right,ARM_MOUNT_INTERFACE,AABB_CLEAR,224.2643,,224.2643,CLEAR,False,"[145.572, -168.0, -57.0, -41.143, -20.954, -3.0]"
DEPLOY_FAILED_BOTH,STOWED,B51_REF_link6_LINKLOCAL,link6,Load_Spreading_Frame,ARM_MOUNT_INTERFACE,AABB_CLEAR,169.3421,,169.3421,CLEAR,False,"[145.572, -168.0, -57.0, -41.143, -20.954, -3.0]"
DEPLOY_FAILED_BOTH,STOWED,B51_REF_link6_LINKLOCAL,link6,Longerons_4X,BUS_STRUCTURE,AABB_CLEAR,123.18,,123.18,CLEAR,False,"[145.572, -168.0, -57.0, -41.143, -20.954, -3.0]"
DEPLOY_FAILED_BOTH,STOWED,B51_REF_link6_LINKLOCAL,link6,Maintenance_Access_Cover,BUS_STRUCTURE,AABB_CLEAR,344.1327,,344.1327,CLEAR,False,"[145.572, -168.0, -57.0, -41.143, -20.954, -3.0]"
DEPLOY_FAILED_BOTH,STOWED,B51_REF_link6_LINKLOCAL,link6,Mid_Saddle,SADDLE_PLACEHOLDER,AABB_CLEAR,18.841,,18.841,CLEAR,False,"[145.572, -168.0, -57.0, -41.143, -20.954, -3.0]"
DEPLOY_FAILED_BOTH,STOWED,B51_REF_link6_LINKLOCAL,link6,Mid_Transverse_Frame_,BUS_STRUCTURE,AABB_CLEAR,123.18,,123.18,CLEAR,False,"[145.572, -168.0, -57.0, -41.143, -20.954, -3.0]"
DEPLOY_FAILED_BOTH,STOWED,B51_REF_link6_LINKLOCAL,link6,Rear_End_Frame,BUS_STRUCTURE,AABB_CLEAR,213.0699,,213.0699,CLEAR,False,"[145.572, -168.0, -57.0, -41.143, -20.954, -3.0]"
DEPLOY_FAILED_BOTH,STOWED,B51_REF_link6_LINKLOCAL,link6,Release_Clearance_Envelope,REFERENCE_ONLY,MESH,-67.2934,0.0014,0.0014,EXCLUDED_REFERENCE_ONLY_BODY,False,"[145.572, -168.0, -57.0, -41.143, -20.954, -3.0]"
DEPLOY_FAILED_BOTH,STOWED,B51_REF_link6_LINKLOCAL,link6,Root_Base_Left,BUS_STRUCTURE,AABB_CLEAR,201.42,,201.42,CLEAR,False,"[145.572, -168.0, -57.0, -41.143, -20.954, -3.0]"
DEPLOY_FAILED_BOTH,STOWED,B51_REF_link6_LINKLOCAL,link6,Root_Base_Right,BUS_STRUCTURE,AABB_CLEAR,220.0481,,220.0481,CLEAR,False,"[145.572, -168.0, -57.0, -41.143, -20.954, -3.0]"
DEPLOY_FAILED_BOTH,STOWED,B51_REF_link6_LINKLOCAL,link6,Root_Node_Spine_Left,BUS_STRUCTURE,AABB_CLEAR,170.8555,,170.8555,CLEAR,False,"[145.572, -168.0, -57.0, -41.143, -20.954, -3.0]"
DEPLOY_FAILED_BOTH,STOWED,B51_REF_link6_LINKLOCAL,link6,Root_Node_Spine_Right,BUS_STRUCTURE,AABB_CLEAR,191.552,,191.552,CLEAR,False,"[145.572, -168.0, -57.0, -41.143, -20.954, -3.0]"
DEPLOY_FAILED_BOTH,STOWED,B51_REF_link6_LINKLOCAL,link6,Spacecraft_Flange,ARM_MOUNT_INTERFACE,AABB_CLEAR,191.0991,,191.0991,CLEAR,False,"[145.572, -168.0, -57.0, -41.143, -20.954, -3.0]"
DEPLOY_FAILED_BOTH,STOWED,B51_REF_link6_LINKLOCAL,link6,Torsion_Spring_1_Left,BUS_STRUCTURE,AABB_CLEAR,244.5905,,244.5905,CLEAR,False,"[145.572, -168.0, -57.0, -41.143, -20.954, -3.0]"
DEPLOY_FAILED_BOTH,STOWED,B51_REF_link6_LINKLOCAL,link6,Torsion_Spring_1_Right,BUS_STRUCTURE,AABB_CLEAR,265.0406,,265.0406,CLEAR,False,"[145.572, -168.0, -57.0, -41.143, -20.954, -3.0]"
DEPLOY_FAILED_BOTH,STOWED,B51_REF_link6_LINKLOCAL,link6,Torsion_Spring_2_Left,BUS_STRUCTURE,AABB_CLEAR,234.8316,,234.8316,CLEAR,False,"[145.572, -168.0, -57.0, -41.143, -20.954, -3.0]"
DEPLOY_FAILED_BOTH,STOWED,B51_REF_link6_LINKLOCAL,link6,Torsion_Spring_2_Right,BUS_STRUCTURE,AABB_CLEAR,256.0623,,256.0623,CLEAR,False,"[145.572, -168.0, -57.0, -41.143, -20.954, -3.0]"
DEPLOY_FAILED_BOTH,STOWED,B51_REF_link6_LINKLOCAL,link6,WING_L_STOWED,SOLAR_WING,AABB_CLEAR,236.3993,,236.3993,CLEAR,False,"[145.572, -168.0, -57.0, -41.143, -20.954, -3.0]"
DEPLOY_FAILED_BOTH,STOWED,B51_REF_link6_LINKLOCAL,link6,WING_R_STOWED,SOLAR_WING,AABB_CLEAR,252.4594,,252.4594,CLEAR,False,"[145.572, -168.0, -57.0, -41.143, -20.954, -3.0]"
DEPLOY_FAILED_BOTH,STOWED,B51_REF_gripper_detail_LINKLOCAL,gripper_link,Adapter_Plate,ARM_MOUNT_INTERFACE,AABB_CLEAR,195.7217,,195.7217,CLEAR,False,"[145.572, -168.0, -57.0, -41.143, -20.954, -3.0]"
DEPLOY_FAILED_BOTH,STOWED,B51_REF_gripper_detail_LINKLOCAL,gripper_link,Aft_Saddle,SADDLE_PLACEHOLDER,MESH,-44.8936,1.5478,1.5478,TIGHT_CLEARANCE,False,"[145.572, -168.0, -57.0, -41.143, -20.954, -3.0]"
DEPLOY_FAILED_BOTH,STOWED,B51_REF_gripper_detail_LINKLOCAL,gripper_link,Central_Boss,ARM_MOUNT_INTERFACE,AABB_CLEAR,221.9437,,221.9437,CLEAR,False,"[145.572, -168.0, -57.0, -41.143, -20.954, -3.0]"
DEPLOY_FAILED_BOTH,STOWED,B51_REF_gripper_detail_LINKLOCAL,gripper_link,Deck_Front_Bay,BUS_STRUCTURE,AABB_CLEAR,252.8693,,252.8693,CLEAR,False,"[145.572, -168.0, -57.0, -41.143, -20.954, -3.0]"
DEPLOY_FAILED_BOTH,STOWED,B51_REF_gripper_detail_LINKLOCAL,gripper_link,Deck_Mid_Bay,BUS_STRUCTURE,AABB_CLEAR,252.1864,,252.1864,CLEAR,False,"[145.572, -168.0, -57.0, -41.143, -20.954, -3.0]"
DEPLOY_FAILED_BOTH,STOWED,B51_REF_gripper_detail_LINKLOCAL,gripper_link,Deck_Rear_Bay,BUS_STRUCTURE,AABB_CLEAR,252.1864,,252.1864,CLEAR,False,"[145.572, -168.0, -57.0, -41.143, -20.954, -3.0]"
DEPLOY_FAILED_BOTH,STOWED,B51_REF_gripper_detail_LINKLOCAL,gripper_link,Front_End_Frame,BUS_STRUCTURE,AABB_CLEAR,167.4288,,167.4288,CLEAR,False,"[145.572, -168.0, -57.0, -41.143, -20.954, -3.0]"
DEPLOY_FAILED_BOTH,STOWED,B51_REF_gripper_detail_LINKLOCAL,gripper_link,Front_Transverse_Frame,BUS_STRUCTURE,AABB_CLEAR,129.0598,,129.0598,CLEAR,False,"[145.572, -168.0, -57.0, -41.143, -20.954, -3.0]"
DEPLOY_FAILED_BOTH,STOWED,B51_REF_gripper_detail_LINKLOCAL,gripper_link,Fwd_Saddle,SADDLE_PLACEHOLDER,AABB_CLEAR,114.7708,,114.7708,CLEAR,False,"[145.572, -168.0, -57.0, -41.143, -20.954, -3.0]"
DEPLOY_FAILED_BOTH,STOWED,B51_REF_gripper_detail_LINKLOCAL,gripper_link,HDRM_Base_1_Left,BUS_STRUCTURE,AABB_CLEAR,312.1218,,312.1218,CLEAR,False,"[145.572, -168.0, -57.0, -41.143, -20.954, -3.0]"
DEPLOY_FAILED_BOTH,STOWED,B51_REF_gripper_detail_LINKLOCAL,gripper_link,HDRM_Base_1_Right,BUS_STRUCTURE,AABB_CLEAR,313.4119,,313.4119,CLEAR,False,"[145.572, -168.0, -57.0, -41.143, -20.954, -3.0]"
DEPLOY_FAILED_BOTH,STOWED,B51_REF_gripper_detail_LINKLOCAL,gripper_link,HDRM_Base_2_Left,BUS_STRUCTURE,AABB_CLEAR,304.1864,,304.1864,CLEAR,False,"[145.572, -168.0, -57.0, -41.143, -20.954, -3.0]"
DEPLOY_FAILED_BOTH,STOWED,B51_REF_gripper_detail_LINKLOCAL,gripper_link,HDRM_Base_2_Right,BUS_STRUCTURE,AABB_CLEAR,305.5101,,305.5101,CLEAR,False,"[145.572, -168.0, -57.0, -41.143, -20.954, -3.0]"
DEPLOY_FAILED_BOTH,STOWED,B51_REF_gripper_detail_LINKLOCAL,gripper_link,HDRM_Rod_1_Left,BUS_STRUCTURE,AABB_CLEAR,320.6182,,320.6182,CLEAR,False,"[145.572, -168.0, -57.0, -41.143, -20.954, -3.0]"
DEPLOY_FAILED_BOTH,STOWED,B51_REF_gripper_detail_LINKLOCAL,gripper_link,HDRM_Rod_1_Right,BUS_STRUCTURE,AABB_CLEAR,322.6162,,322.6162,CLEAR,False,"[145.572, -168.0, -57.0, -41.143, -20.954, -3.0]"
DEPLOY_FAILED_BOTH,STOWED,B51_REF_gripper_detail_LINKLOCAL,gripper_link,HDRM_Rod_2_Left,BUS_STRUCTURE,AABB_CLEAR,311.2513,,311.2513,CLEAR,False,"[145.572, -168.0, -57.0, -41.143, -20.954, -3.0]"
DEPLOY_FAILED_BOTH,STOWED,B51_REF_gripper_detail_LINKLOCAL,gripper_link,HDRM_Rod_2_Right,BUS_STRUCTURE,AABB_CLEAR,313.309,,313.309,CLEAR,False,"[145.572, -168.0, -57.0, -41.143, -20.954, -3.0]"
DEPLOY_FAILED_BOTH,STOWED,B51_REF_gripper_detail_LINKLOCAL,gripper_link,Hard_Stop_Left,BUS_STRUCTURE,AABB_CLEAR,179.299,,179.299,CLEAR,False,"[145.572, -168.0, -57.0, -41.143, -20.954, -3.0]"
DEPLOY_FAILED_BOTH,STOWED,B51_REF_gripper_detail_LINKLOCAL,gripper_link,Hard_Stop_Right,BUS_STRUCTURE,AABB_CLEAR,182.8478,,182.8478,CLEAR,False,"[145.572, -168.0, -57.0, -41.143, -20.954, -3.0]"
DEPLOY_FAILED_BOTH,STOWED,B51_REF_gripper_detail_LINKLOCAL,gripper_link,Harness_Passage,ARM_MOUNT_INTERFACE,AABB_CLEAR,274.8146,,274.8146,CLEAR,False,"[145.572, -168.0, -57.0, -41.143, -20.954, -3.0]"
DEPLOY_FAILED_BOTH,STOWED,B51_REF_gripper_detail_LINKLOCAL,gripper_link,Harness_Service_Loop_Left,BUS_STRUCTURE,AABB_CLEAR,226.501,,226.501,CLEAR,False,"[145.572, -168.0, -57.0, -41.143, -20.954, -3.0]"
DEPLOY_FAILED_BOTH,STOWED,B51_REF_gripper_detail_LINKLOCAL,gripper_link,Harness_Service_Loop_Right,BUS_STRUCTURE,AABB_CLEAR,228.2755,,228.2755,CLEAR,False,"[145.572, -168.0, -57.0, -41.143, -20.954, -3.0]"
DEPLOY_FAILED_BOTH,STOWED,B51_REF_gripper_detail_LINKLOCAL,gripper_link,Hinge_Ear_1_Left,BUS_STRUCTURE,AABB_CLEAR,211.282,,211.282,CLEAR,False,"[145.572, -168.0, -57.0, -41.143, -20.954, -3.0]"
DEPLOY_FAILED_BOTH,STOWED,B51_REF_gripper_detail_LINKLOCAL,gripper_link,Hinge_Ear_1_Right,BUS_STRUCTURE,AABB_CLEAR,214.3018,,214.3018,CLEAR,False,"[145.572, -168.0, -57.0, -41.143, -20.954, -3.0]"
DEPLOY_FAILED_BOTH,STOWED,B51_REF_gripper_detail_LINKLOCAL,gripper_link,Hinge_Ear_2_Left,BUS_STRUCTURE,AABB_CLEAR,211.282,,211.282,CLEAR,False,"[145.572, -168.0, -57.0, -41.143, -20.954, -3.0]"
DEPLOY_FAILED_BOTH,STOWED,B51_REF_gripper_detail_LINKLOCAL,gripper_link,Hinge_Ear_2_Right,BUS_STRUCTURE,AABB_CLEAR,214.3018,,214.3018,CLEAR,False,"[145.572, -168.0, -57.0, -41.143, -20.954, -3.0]"
DEPLOY_FAILED_BOTH,STOWED,B51_REF_gripper_detail_LINKLOCAL,gripper_link,Hinge_Pin_Left,BUS_STRUCTURE,AABB_CLEAR,213.5795,,213.5795,CLEAR,False,"[145.572, -168.0, -57.0, -41.143, -20.954, -3.0]"
DEPLOY_FAILED_BOTH,STOWED,B51_REF_gripper_detail_LINKLOCAL,gripper_link,Hinge_Pin_Right,BUS_STRUCTURE,AABB_CLEAR,219.051,,219.051,CLEAR,False,"[145.572, -168.0, -57.0, -41.143, -20.954, -3.0]"
DEPLOY_FAILED_BOTH,STOWED,B51_REF_gripper_detail_LINKLOCAL,gripper_link,Launch_Lock_Interface_Reference,REFERENCE_ONLY,AABB_CLEAR,48.1864,,48.1864,EXCLUDED_REFERENCE_ONLY_BODY,False,"[145.572, -168.0, -57.0, -41.143, -20.954, -3.0]"
DEPLOY_FAILED_BOTH,STOWED,B51_REF_gripper_detail_LINKLOCAL,gripper_link,Load_Bridge_Left,ARM_MOUNT_INTERFACE,AABB_CLEAR,202.0417,,202.0417,CLEAR,False,"[145.572, -168.0, -57.0, -41.143, -20.954, -3.0]"
DEPLOY_FAILED_BOTH,STOWED,B51_REF_gripper_detail_LINKLOCAL,gripper_link,Load_Bridge_Right,ARM_MOUNT_INTERFACE,AABB_CLEAR,202.0417,,202.0417,CLEAR,False,"[145.572, -168.0, -57.0, -41.143, -20.954, -3.0]"
DEPLOY_FAILED_BOTH,STOWED,B51_REF_gripper_detail_LINKLOCAL,gripper_link,Load_Spreading_Frame,ARM_MOUNT_INTERFACE,AABB_CLEAR,175.8013,,175.8013,CLEAR,False,"[145.572, -168.0, -57.0, -41.143, -20.954, -3.0]"
DEPLOY_FAILED_BOTH,STOWED,B51_REF_gripper_detail_LINKLOCAL,gripper_link,Longerons_4X,BUS_STRUCTURE,AABB_CLEAR,106.0364,,106.0364,CLEAR,False,"[145.572, -168.0, -57.0, -41.143, -20.954, -3.0]"
DEPLOY_FAILED_BOTH,STOWED,B51_REF_gripper_detail_LINKLOCAL,gripper_link,Maintenance_Access_Cover,BUS_STRUCTURE,AABB_CLEAR,333.2239,,333.2239,CLEAR,False,"[145.572, -168.0, -57.0, -41.143, -20.954, -3.0]"
DEPLOY_FAILED_BOTH,STOWED,B51_REF_gripper_detail_LINKLOCAL,gripper_link,Mid_Saddle,SADDLE_PLACEHOLDER,AABB_CLEAR,34.5944,,34.5944,CLEAR,False,"[145.572, -168.0, -57.0, -41.143, -20.954, -3.0]"
DEPLOY_FAILED_BOTH,STOWED,B51_REF_gripper_detail_LINKLOCAL,gripper_link,Mid_Transverse_Frame_,BUS_STRUCTURE,AABB_CLEAR,106.0364,,106.0364,CLEAR,False,"[145.572, -168.0, -57.0, -41.143, -20.954, -3.0]"
DEPLOY_FAILED_BOTH,STOWED,B51_REF_gripper_detail_LINKLOCAL,gripper_link,Rear_End_Frame,BUS_STRUCTURE,AABB_CLEAR,143.6654,,143.6654,CLEAR,False,"[145.572, -168.0, -57.0, -41.143, -20.954, -3.0]"
DEPLOY_FAILED_BOTH,STOWED,B51_REF_gripper_detail_LINKLOCAL,gripper_link,Release_Clearance_Envelope,REFERENCE_ONLY,MESH,-117.0224,0.0053,0.0053,EXCLUDED_REFERENCE_ONLY_BODY,False,"[145.572, -168.0, -57.0, -41.143, -20.954, -3.0]"
DEPLOY_FAILED_BOTH,STOWED,B51_REF_gripper_detail_LINKLOCAL,gripper_link,Root_Base_Left,BUS_STRUCTURE,AABB_CLEAR,176.1864,,176.1864,CLEAR,False,"[145.572, -168.0, -57.0, -41.143, -20.954, -3.0]"
DEPLOY_FAILED_BOTH,STOWED,B51_REF_gripper_detail_LINKLOCAL,gripper_link,Root_Base_Right,BUS_STRUCTURE,AABB_CLEAR,178.462,,178.462,CLEAR,False,"[145.572, -168.0, -57.0, -41.143, -20.954, -3.0]"
DEPLOY_FAILED_BOTH,STOWED,B51_REF_gripper_detail_LINKLOCAL,gripper_link,Root_Node_Spine_Left,BUS_STRUCTURE,AABB_CLEAR,141.1864,,141.1864,CLEAR,False,"[145.572, -168.0, -57.0, -41.143, -20.954, -3.0]"
DEPLOY_FAILED_BOTH,STOWED,B51_REF_gripper_detail_LINKLOCAL,gripper_link,Root_Node_Spine_Right,BUS_STRUCTURE,AABB_CLEAR,143.4544,,143.4544,CLEAR,False,"[145.572, -168.0, -57.0, -41.143, -20.954, -3.0]"
DEPLOY_FAILED_BOTH,STOWED,B51_REF_gripper_detail_LINKLOCAL,gripper_link,Spacecraft_Flange,ARM_MOUNT_INTERFACE,AABB_CLEAR,197.128,,197.128,CLEAR,False,"[145.572, -168.0, -57.0, -41.143, -20.954, -3.0]"
DEPLOY_FAILED_BOTH,STOWED,B51_REF_gripper_detail_LINKLOCAL,gripper_link,Torsion_Spring_1_Left,BUS_STRUCTURE,AABB_CLEAR,209.179,,209.179,CLEAR,False,"[145.572, -168.0, -57.0, -41.143, -20.954, -3.0]"
DEPLOY_FAILED_BOTH,STOWED,B51_REF_gripper_detail_LINKLOCAL,gripper_link,Torsion_Spring_1_Right,BUS_STRUCTURE,AABB_CLEAR,214.2022,,214.2022,CLEAR,False,"[145.572, -168.0, -57.0, -41.143, -20.954, -3.0]"
DEPLOY_FAILED_BOTH,STOWED,B51_REF_gripper_detail_LINKLOCAL,gripper_link,Torsion_Spring_2_Left,BUS_STRUCTURE,AABB_CLEAR,209.179,,209.179,CLEAR,False,"[145.572, -168.0, -57.0, -41.143, -20.954, -3.0]"
DEPLOY_FAILED_BOTH,STOWED,B51_REF_gripper_detail_LINKLOCAL,gripper_link,Torsion_Spring_2_Right,BUS_STRUCTURE,AABB_CLEAR,214.2022,,214.2022,CLEAR,False,"[145.572, -168.0, -57.0, -41.143, -20.954, -3.0]"
DEPLOY_FAILED_BOTH,STOWED,B51_REF_gripper_detail_LINKLOCAL,gripper_link,WING_L_STOWED,SOLAR_WING,AABB_CLEAR,216.1864,,216.1864,CLEAR,False,"[145.572, -168.0, -57.0, -41.143, -20.954, -3.0]"
DEPLOY_FAILED_BOTH,STOWED,B51_REF_gripper_detail_LINKLOCAL,gripper_link,WING_R_STOWED,SOLAR_WING,AABB_CLEAR,218.0449,,218.0449,CLEAR,False,"[145.572, -168.0, -57.0, -41.143, -20.954, -3.0]"
PARTIAL,STOWED,B51_REF_base_link_LINKLOCAL,base_link,Adapter_Plate,ARM_MOUNT_INTERFACE,AABB_CLEAR,12.405,,12.405,EXCLUDED_BOLTED_MOUNT_INTERFACE,False,"[145.572, -168.0, -57.0, -41.143, -20.954, -3.0]"
PARTIAL,STOWED,B51_REF_base_link_LINKLOCAL,base_link,Aft_Saddle,SADDLE_PLACEHOLDER,AABB_CLEAR,216.7609,,216.7609,CLEAR,False,"[145.572, -168.0, -57.0, -41.143, -20.954, -3.0]"
PARTIAL,STOWED,B51_REF_base_link_LINKLOCAL,base_link,Central_Boss,ARM_MOUNT_INTERFACE,MESH,2.405,2.7142,2.7142,EXCLUDED_BOLTED_MOUNT_INTERFACE,False,"[145.572, -168.0, -57.0, -41.143, -20.954, -3.0]"
PARTIAL,STOWED,B51_REF_base_link_LINKLOCAL,base_link,Deck_Front_Bay,BUS_STRUCTURE,AABB_CLEAR,91.405,,91.405,CLEAR,False,"[145.572, -168.0, -57.0, -41.143, -20.954, -3.0]"
PARTIAL,STOWED,B51_REF_base_link_LINKLOCAL,base_link,Deck_Mid_Bay,BUS_STRUCTURE,AABB_CLEAR,152.405,,152.405,CLEAR,False,"[145.572, -168.0, -57.0, -41.143, -20.954, -3.0]"
PARTIAL,STOWED,B51_REF_base_link_LINKLOCAL,base_link,Deck_Rear_Bay,BUS_STRUCTURE,AABB_CLEAR,274.405,,274.405,CLEAR,False,"[145.572, -168.0, -57.0, -41.143, -20.954, -3.0]"
PARTIAL,STOWED,B51_REF_base_link_LINKLOCAL,base_link,Front_End_Frame,BUS_STRUCTURE,AABB_CLEAR,27.405,,27.405,CLEAR,False,"[145.572, -168.0, -57.0, -41.143, -20.954, -3.0]"
PARTIAL,STOWED,B51_REF_base_link_LINKLOCAL,base_link,Front_Transverse_Frame,BUS_STRUCTURE,AABB_CLEAR,85.405,,85.405,CLEAR,False,"[145.572, -168.0, -57.0, -41.143, -20.954, -3.0]"
PARTIAL,STOWED,B51_REF_base_link_LINKLOCAL,base_link,Fwd_Saddle,SADDLE_PLACEHOLDER,AABB_CLEAR,60.328,,60.328,CLEAR,False,"[145.572, -168.0, -57.0, -41.143, -20.954, -3.0]"
PARTIAL,STOWED,B51_REF_base_link_LINKLOCAL,base_link,HDRM_Base_1_Left,BUS_STRUCTURE,AABB_CLEAR,363.1471,,363.1471,CLEAR,False,"[145.572, -168.0, -57.0, -41.143, -20.954, -3.0]"
PARTIAL,STOWED,B51_REF_base_link_LINKLOCAL,base_link,HDRM_Base_1_Right,BUS_STRUCTURE,AABB_CLEAR,363.1517,,363.1517,CLEAR,False,"[145.572, -168.0, -57.0, -41.143, -20.954, -3.0]"
PARTIAL,STOWED,B51_REF_base_link_LINKLOCAL,base_link,HDRM_Base_2_Left,BUS_STRUCTURE,AABB_CLEAR,168.8604,,168.8604,CLEAR,False,"[145.572, -168.0, -57.0, -41.143, -20.954, -3.0]"
PARTIAL,STOWED,B51_REF_base_link_LINKLOCAL,base_link,HDRM_Base_2_Right,BUS_STRUCTURE,AABB_CLEAR,168.8702,,168.8702,CLEAR,False,"[145.572, -168.0, -57.0, -41.143, -20.954, -3.0]"
PARTIAL,STOWED,B51_REF_base_link_LINKLOCAL,base_link,HDRM_Rod_1_Left,BUS_STRUCTURE,AABB_CLEAR,371.8367,,371.8367,CLEAR,False,"[145.572, -168.0, -57.0, -41.143, -20.954, -3.0]"
PARTIAL,STOWED,B51_REF_base_link_LINKLOCAL,base_link,HDRM_Rod_1_Right,BUS_STRUCTURE,AABB_CLEAR,371.8418,,371.8418,CLEAR,False,"[145.572, -168.0, -57.0, -41.143, -20.954, -3.0]"
PARTIAL,STOWED,B51_REF_base_link_LINKLOCAL,base_link,HDRM_Rod_2_Left,BUS_STRUCTURE,AABB_CLEAR,179.1662,,179.1662,CLEAR,False,"[145.572, -168.0, -57.0, -41.143, -20.954, -3.0]"
PARTIAL,STOWED,B51_REF_base_link_LINKLOCAL,base_link,HDRM_Rod_2_Right,BUS_STRUCTURE,AABB_CLEAR,179.1769,,179.1769,CLEAR,False,"[145.572, -168.0, -57.0, -41.143, -20.954, -3.0]"
PARTIAL,STOWED,B51_REF_base_link_LINKLOCAL,base_link,Hard_Stop_Left,BUS_STRUCTURE,AABB_CLEAR,275.0303,,275.0303,CLEAR,False,"[145.572, -168.0, -57.0, -41.143, -20.954, -3.0]"
PARTIAL,STOWED,B51_REF_base_link_LINKLOCAL,base_link,Hard_Stop_Right,BUS_STRUCTURE,AABB_CLEAR,275.0373,,275.0373,CLEAR,False,"[145.572, -168.0, -57.0, -41.143, -20.954, -3.0]"
PARTIAL,STOWED,B51_REF_base_link_LINKLOCAL,base_link,Harness_Passage,ARM_MOUNT_INTERFACE,AABB_CLEAR,39.405,,39.405,EXCLUDED_BOLTED_MOUNT_INTERFACE,False,"[145.572, -168.0, -57.0, -41.143, -20.954, -3.0]"
PARTIAL,STOWED,B51_REF_base_link_LINKLOCAL,base_link,Harness_Service_Loop_Left,BUS_STRUCTURE,AABB_CLEAR,304.873,,304.873,CLEAR,False,"[145.572, -168.0, -57.0, -41.143, -20.954, -3.0]"
PARTIAL,STOWED,B51_REF_base_link_LINKLOCAL,base_link,Harness_Service_Loop_Right,BUS_STRUCTURE,AABB_CLEAR,304.8784,,304.8784,CLEAR,False,"[145.572, -168.0, -57.0, -41.143, -20.954, -3.0]"
PARTIAL,STOWED,B51_REF_base_link_LINKLOCAL,base_link,Hinge_Ear_1_Left,BUS_STRUCTURE,AABB_CLEAR,281.8658,,281.8658,CLEAR,False,"[145.572, -168.0, -57.0, -41.143, -20.954, -3.0]"
PARTIAL,STOWED,B51_REF_base_link_LINKLOCAL,base_link,Hinge_Ear_1_Right,BUS_STRUCTURE,AABB_CLEAR,281.8726,,281.8726,CLEAR,False,"[145.572, -168.0, -57.0, -41.143, -20.954, -3.0]"
PARTIAL,STOWED,B51_REF_base_link_LINKLOCAL,base_link,Hinge_Ear_2_Left,BUS_STRUCTURE,AABB_CLEAR,264.3062,,264.3062,CLEAR,False,"[145.572, -168.0, -57.0, -41.143, -20.954, -3.0]"
PARTIAL,STOWED,B51_REF_base_link_LINKLOCAL,base_link,Hinge_Ear_2_Right,BUS_STRUCTURE,AABB_CLEAR,264.3134,,264.3134,CLEAR,False,"[145.572, -168.0, -57.0, -41.143, -20.954, -3.0]"
PARTIAL,STOWED,B51_REF_base_link_LINKLOCAL,base_link,Hinge_Pin_Left,BUS_STRUCTURE,AABB_CLEAR,262.2731,,262.2731,CLEAR,False,"[145.572, -168.0, -57.0, -41.143, -20.954, -3.0]"
PARTIAL,STOWED,B51_REF_base_link_LINKLOCAL,base_link,Hinge_Pin_Right,BUS_STRUCTURE,AABB_CLEAR,262.2826,,262.2826,CLEAR,False,"[145.572, -168.0, -57.0, -41.143, -20.954, -3.0]"
PARTIAL,STOWED,B51_REF_base_link_LINKLOCAL,base_link,Launch_Lock_Interface_Reference,REFERENCE_ONLY,AABB_CLEAR,212.5956,,212.5956,EXCLUDED_REFERENCE_ONLY_BODY,False,"[145.572, -168.0, -57.0, -41.143, -20.954, -3.0]"
PARTIAL,STOWED,B51_REF_base_link_LINKLOCAL,base_link,Load_Bridge_Left,ARM_MOUNT_INTERFACE,AABB_CLEAR,39.9965,,39.9965,EXCLUDED_BOLTED_MOUNT_INTERFACE,False,"[145.572, -168.0, -57.0, -41.143, -20.954, -3.0]"
PARTIAL,STOWED,B51_REF_base_link_LINKLOCAL,base_link,Load_Bridge_Right,ARM_MOUNT_INTERFACE,AABB_CLEAR,40.002,,40.002,EXCLUDED_BOLTED_MOUNT_INTERFACE,False,"[145.572, -168.0, -57.0, -41.143, -20.954, -3.0]"
PARTIAL,STOWED,B51_REF_base_link_LINKLOCAL,base_link,Load_Spreading_Frame,ARM_MOUNT_INTERFACE,AABB_CLEAR,35.405,,35.405,EXCLUDED_BOLTED_MOUNT_INTERFACE,False,"[145.572, -168.0, -57.0, -41.143, -20.954, -3.0]"
PARTIAL,STOWED,B51_REF_base_link_LINKLOCAL,base_link,Longerons_4X,BUS_STRUCTURE,AABB_CLEAR,27.405,,27.405,CLEAR,False,"[145.572, -168.0, -57.0, -41.143, -20.954, -3.0]"
PARTIAL,STOWED,B51_REF_base_link_LINKLOCAL,base_link,Maintenance_Access_Cover,BUS_STRUCTURE,AABB_CLEAR,61.1753,,61.1753,CLEAR,False,"[145.572, -168.0, -57.0, -41.143, -20.954, -3.0]"
PARTIAL,STOWED,B51_REF_base_link_LINKLOCAL,base_link,Mid_Saddle,SADDLE_PLACEHOLDER,AABB_CLEAR,122.083,,122.083,CLEAR,False,"[145.572, -168.0, -57.0, -41.143, -20.954, -3.0]"
PARTIAL,STOWED,B51_REF_base_link_LINKLOCAL,base_link,Mid_Transverse_Frame_,BUS_STRUCTURE,AABB_CLEAR,146.405,,146.405,CLEAR,False,"[145.572, -168.0, -57.0, -41.143, -20.954, -3.0]"
PARTIAL,STOWED,B51_REF_base_link_LINKLOCAL,base_link,Rear_End_Frame,BUS_STRUCTURE,AABB_CLEAR,385.405,,385.405,CLEAR,False,"[145.572, -168.0, -57.0, -41.143, -20.954, -3.0]"
PARTIAL,STOWED,B51_REF_base_link_LINKLOCAL,base_link,Release_Clearance_Envelope,REFERENCE_ONLY,AABB_CLEAR,246.8543,,246.8543,EXCLUDED_REFERENCE_ONLY_BODY,False,"[145.572, -168.0, -57.0, -41.143, -20.954, -3.0]"
PARTIAL,STOWED,B51_REF_base_link_LINKLOCAL,base_link,Root_Base_Left,BUS_STRUCTURE,AABB_CLEAR,258.686,,258.686,CLEAR,False,"[145.572, -168.0, -57.0, -41.143, -20.954, -3.0]"
PARTIAL,STOWED,B51_REF_base_link_LINKLOCAL,base_link,Root_Base_Right,BUS_STRUCTURE,AABB_CLEAR,258.6924,,258.6924,CLEAR,False,"[145.572, -168.0, -57.0, -41.143, -20.954, -3.0]"
PARTIAL,STOWED,B51_REF_base_link_LINKLOCAL,base_link,Root_Node_Spine_Left,BUS_STRUCTURE,AABB_CLEAR,269.891,,269.891,CLEAR,False,"[145.572, -168.0, -57.0, -41.143, -20.954, -3.0]"
PARTIAL,STOWED,B51_REF_base_link_LINKLOCAL,base_link,Root_Node_Spine_Right,BUS_STRUCTURE,AABB_CLEAR,269.8968,,269.8968,CLEAR,False,"[145.572, -168.0, -57.0, -41.143, -20.954, -3.0]"
PARTIAL,STOWED,B51_REF_base_link_LINKLOCAL,base_link,Spacecraft_Flange,ARM_MOUNT_INTERFACE,AABB_CLEAR,24.405,,24.405,EXCLUDED_BOLTED_MOUNT_INTERFACE,False,"[145.572, -168.0, -57.0, -41.143, -20.954, -3.0]"
PARTIAL,STOWED,B51_REF_base_link_LINKLOCAL,base_link,Torsion_Spring_1_Left,BUS_STRUCTURE,AABB_CLEAR,294.8432,,294.8432,CLEAR,False,"[145.572, -168.0, -57.0, -41.143, -20.954, -3.0]"
PARTIAL,STOWED,B51_REF_base_link_LINKLOCAL,base_link,Torsion_Spring_1_Right,BUS_STRUCTURE,AABB_CLEAR,294.8512,,294.8512,CLEAR,False,"[145.572, -168.0, -57.0, -41.143, -20.954, -3.0]"
PARTIAL,STOWED,B51_REF_base_link_LINKLOCAL,base_link,Torsion_Spring_2_Left,BUS_STRUCTURE,AABB_CLEAR,250.5818,,250.5818,CLEAR,False,"[145.572, -168.0, -57.0, -41.143, -20.954, -3.0]"
PARTIAL,STOWED,B51_REF_base_link_LINKLOCAL,base_link,Torsion_Spring_2_Right,BUS_STRUCTURE,AABB_CLEAR,250.5913,,250.5913,CLEAR,False,"[145.572, -168.0, -57.0, -41.143, -20.954, -3.0]"
PARTIAL,STOWED,B51_REF_base_link_LINKLOCAL,base_link,WING_L_DEPLOYED,SOLAR_WING,AABB_CLEAR,166.2478,,166.2478,CLEAR,False,"[145.572, -168.0, -57.0, -41.143, -20.954, -3.0]"
PARTIAL,STOWED,B51_REF_base_link_LINKLOCAL,base_link,WING_R_DEPLOYED,SOLAR_WING,AABB_CLEAR,166.2578,,166.2578,CLEAR,False,"[145.572, -168.0, -57.0, -41.143, -20.954, -3.0]"
PARTIAL,STOWED,B51_REF_link1_LINKLOCAL,link1,Adapter_Plate,ARM_MOUNT_INTERFACE,AABB_CLEAR,84.05,,84.05,CLEAR,False,"[145.572, -168.0, -57.0, -41.143, -20.954, -3.0]"
PARTIAL,STOWED,B51_REF_link1_LINKLOCAL,link1,Aft_Saddle,SADDLE_PLACEHOLDER,AABB_CLEAR,283.8346,,283.8346,CLEAR,False,"[145.572, -168.0, -57.0, -41.143, -20.954, -3.0]"
PARTIAL,STOWED,B51_REF_link1_LINKLOCAL,link1,Central_Boss,ARM_MOUNT_INTERFACE,AABB_CLEAR,74.05,,74.05,CLEAR,False,"[145.572, -168.0, -57.0, -41.143, -20.954, -3.0]"
PARTIAL,STOWED,B51_REF_link1_LINKLOCAL,link1,Deck_Front_Bay,BUS_STRUCTURE,AABB_CLEAR,163.05,,163.05,CLEAR,False,"[145.572, -168.0, -57.0, -41.143, -20.954, -3.0]"
PARTIAL,STOWED,B51_REF_link1_LINKLOCAL,link1,Deck_Mid_Bay,BUS_STRUCTURE,AABB_CLEAR,224.05,,224.05,CLEAR,False,"[145.572, -168.0, -57.0, -41.143, -20.954, -3.0]"
PARTIAL,STOWED,B51_REF_link1_LINKLOCAL,link1,Deck_Rear_Bay,BUS_STRUCTURE,AABB_CLEAR,346.05,,346.05,CLEAR,False,"[145.572, -168.0, -57.0, -41.143, -20.954, -3.0]"
PARTIAL,STOWED,B51_REF_link1_LINKLOCAL,link1,Front_End_Frame,BUS_STRUCTURE,AABB_CLEAR,99.05,,99.05,CLEAR,False,"[145.572, -168.0, -57.0, -41.143, -20.954, -3.0]"
PARTIAL,STOWED,B51_REF_link1_LINKLOCAL,link1,Front_Transverse_Frame,BUS_STRUCTURE,AABB_CLEAR,157.05,,157.05,CLEAR,False,"[145.572, -168.0, -57.0, -41.143, -20.954, -3.0]"
PARTIAL,STOWED,B51_REF_link1_LINKLOCAL,link1,Fwd_Saddle,SADDLE_PLACEHOLDER,AABB_CLEAR,106.8835,,106.8835,CLEAR,False,"[145.572, -168.0, -57.0, -41.143, -20.954, -3.0]"
PARTIAL,STOWED,B51_REF_link1_LINKLOCAL,link1,HDRM_Base_1_Left,BUS_STRUCTURE,AABB_CLEAR,432.2893,,432.2893,CLEAR,False,"[145.572, -168.0, -57.0, -41.143, -20.954, -3.0]"
PARTIAL,STOWED,B51_REF_link1_LINKLOCAL,link1,HDRM_Base_1_Right,BUS_STRUCTURE,AABB_CLEAR,432.541,,432.541,CLEAR,False,"[145.572, -168.0, -57.0, -41.143, -20.954, -3.0]"
PARTIAL,STOWED,B51_REF_link1_LINKLOCAL,link1,HDRM_Base_2_Left,BUS_STRUCTURE,AABB_CLEAR,234.2094,,234.2094,CLEAR,False,"[145.572, -168.0, -57.0, -41.143, -20.954, -3.0]"
PARTIAL,STOWED,B51_REF_link1_LINKLOCAL,link1,HDRM_Base_2_Right,BUS_STRUCTURE,AABB_CLEAR,234.6736,,234.6736,CLEAR,False,"[145.572, -168.0, -57.0, -41.143, -20.954, -3.0]"
PARTIAL,STOWED,B51_REF_link1_LINKLOCAL,link1,HDRM_Rod_1_Left,BUS_STRUCTURE,AABB_CLEAR,440.4221,,440.4221,CLEAR,False,"[145.572, -168.0, -57.0, -41.143, -20.954, -3.0]"
PARTIAL,STOWED,B51_REF_link1_LINKLOCAL,link1,HDRM_Rod_1_Right,BUS_STRUCTURE,AABB_CLEAR,440.719,,440.719,CLEAR,False,"[145.572, -168.0, -57.0, -41.143, -20.954, -3.0]"
PARTIAL,STOWED,B51_REF_link1_LINKLOCAL,link1,HDRM_Rod_2_Left,BUS_STRUCTURE,AABB_CLEAR,243.2111,,243.2111,CLEAR,False,"[145.572, -168.0, -57.0, -41.143, -20.954, -3.0]"
PARTIAL,STOWED,B51_REF_link1_LINKLOCAL,link1,HDRM_Rod_2_Right,BUS_STRUCTURE,AABB_CLEAR,243.7483,,243.7483,CLEAR,False,"[145.572, -168.0, -57.0, -41.143, -20.954, -3.0]"
PARTIAL,STOWED,B51_REF_link1_LINKLOCAL,link1,Hard_Stop_Left,BUS_STRUCTURE,AABB_CLEAR,343.1802,,343.1802,CLEAR,False,"[145.572, -168.0, -57.0, -41.143, -20.954, -3.0]"
PARTIAL,STOWED,B51_REF_link1_LINKLOCAL,link1,Hard_Stop_Right,BUS_STRUCTURE,AABB_CLEAR,343.5611,,343.5611,CLEAR,False,"[145.572, -168.0, -57.0, -41.143, -20.954, -3.0]"
PARTIAL,STOWED,B51_REF_link1_LINKLOCAL,link1,Harness_Passage,ARM_MOUNT_INTERFACE,AABB_CLEAR,111.05,,111.05,CLEAR,False,"[145.572, -168.0, -57.0, -41.143, -20.954, -3.0]"
PARTIAL,STOWED,B51_REF_link1_LINKLOCAL,link1,Harness_Service_Loop_Left,BUS_STRUCTURE,AABB_CLEAR,374.0106,,374.0106,CLEAR,False,"[145.572, -168.0, -57.0, -41.143, -20.954, -3.0]"
PARTIAL,STOWED,B51_REF_link1_LINKLOCAL,link1,Harness_Service_Loop_Right,BUS_STRUCTURE,AABB_CLEAR,374.3014,,374.3014,CLEAR,False,"[145.572, -168.0, -57.0, -41.143, -20.954, -3.0]"
PARTIAL,STOWED,B51_REF_link1_LINKLOCAL,link1,Hinge_Ear_1_Left,BUS_STRUCTURE,AABB_CLEAR,350.1176,,350.1176,CLEAR,False,"[145.572, -168.0, -57.0, -41.143, -20.954, -3.0]"
PARTIAL,STOWED,B51_REF_link1_LINKLOCAL,link1,Hinge_Ear_1_Right,BUS_STRUCTURE,AABB_CLEAR,350.491,,350.491,CLEAR,False,"[145.572, -168.0, -57.0, -41.143, -20.954, -3.0]"
PARTIAL,STOWED,B51_REF_link1_LINKLOCAL,link1,Hinge_Ear_2_Left,BUS_STRUCTURE,AABB_CLEAR,332.2839,,332.2839,CLEAR,False,"[145.572, -168.0, -57.0, -41.143, -20.954, -3.0]"
PARTIAL,STOWED,B51_REF_link1_LINKLOCAL,link1,Hinge_Ear_2_Right,BUS_STRUCTURE,AABB_CLEAR,332.6772,,332.6772,CLEAR,False,"[145.572, -168.0, -57.0, -41.143, -20.954, -3.0]"
PARTIAL,STOWED,B51_REF_link1_LINKLOCAL,link1,Hinge_Pin_Left,BUS_STRUCTURE,AABB_CLEAR,328.3957,,328.3957,CLEAR,False,"[145.572, -168.0, -57.0, -41.143, -20.954, -3.0]"
PARTIAL,STOWED,B51_REF_link1_LINKLOCAL,link1,Hinge_Pin_Right,BUS_STRUCTURE,AABB_CLEAR,328.944,,328.944,CLEAR,False,"[145.572, -168.0, -57.0, -41.143, -20.954, -3.0]"
PARTIAL,STOWED,B51_REF_link1_LINKLOCAL,link1,Launch_Lock_Interface_Reference,REFERENCE_ONLY,AABB_CLEAR,276.7209,,276.7209,EXCLUDED_REFERENCE_ONLY_BODY,False,"[145.572, -168.0, -57.0, -41.143, -20.954, -3.0]"
PARTIAL,STOWED,B51_REF_link1_LINKLOCAL,link1,Load_Bridge_Left,ARM_MOUNT_INTERFACE,AABB_CLEAR,111.05,,111.05,CLEAR,False,"[145.572, -168.0, -57.0, -41.143, -20.954, -3.0]"
PARTIAL,STOWED,B51_REF_link1_LINKLOCAL,link1,Load_Bridge_Right,ARM_MOUNT_INTERFACE,AABB_CLEAR,111.05,,111.05,CLEAR,False,"[145.572, -168.0, -57.0, -41.143, -20.954, -3.0]"
PARTIAL,STOWED,B51_REF_link1_LINKLOCAL,link1,Load_Spreading_Frame,ARM_MOUNT_INTERFACE,AABB_CLEAR,107.05,,107.05,CLEAR,False,"[145.572, -168.0, -57.0, -41.143, -20.954, -3.0]"
PARTIAL,STOWED,B51_REF_link1_LINKLOCAL,link1,Longerons_4X,BUS_STRUCTURE,AABB_CLEAR,99.05,,99.05,CLEAR,False,"[145.572, -168.0, -57.0, -41.143, -20.954, -3.0]"
PARTIAL,STOWED,B51_REF_link1_LINKLOCAL,link1,Maintenance_Access_Cover,BUS_STRUCTURE,AABB_CLEAR,119.2438,,119.2438,CLEAR,False,"[145.572, -168.0, -57.0, -41.143, -20.954, -3.0]"
PARTIAL,STOWED,B51_REF_link1_LINKLOCAL,link1,Mid_Saddle,SADDLE_PLACEHOLDER,AABB_CLEAR,184.8028,,184.8028,CLEAR,False,"[145.572, -168.0, -57.0, -41.143, -20.954, -3.0]"
PARTIAL,STOWED,B51_REF_link1_LINKLOCAL,link1,Mid_Transverse_Frame_,BUS_STRUCTURE,AABB_CLEAR,218.05,,218.05,CLEAR,False,"[145.572, -168.0, -57.0, -41.143, -20.954, -3.0]"
PARTIAL,STOWED,B51_REF_link1_LINKLOCAL,link1,Rear_End_Frame,BUS_STRUCTURE,AABB_CLEAR,457.05,,457.05,CLEAR,False,"[145.572, -168.0, -57.0, -41.143, -20.954, -3.0]"
PARTIAL,STOWED,B51_REF_link1_LINKLOCAL,link1,Release_Clearance_Envelope,REFERENCE_ONLY,AABB_CLEAR,279.9064,,279.9064,EXCLUDED_REFERENCE_ONLY_BODY,False,"[145.572, -168.0, -57.0, -41.143, -20.954, -3.0]"
PARTIAL,STOWED,B51_REF_link1_LINKLOCAL,link1,Root_Base_Left,BUS_STRUCTURE,AABB_CLEAR,327.2923,,327.2923,CLEAR,False,"[145.572, -168.0, -57.0, -41.143, -20.954, -3.0]"
PARTIAL,STOWED,B51_REF_link1_LINKLOCAL,link1,Root_Base_Right,BUS_STRUCTURE,AABB_CLEAR,327.6246,,327.6246,CLEAR,False,"[145.572, -168.0, -57.0, -41.143, -20.954, -3.0]"
PARTIAL,STOWED,B51_REF_link1_LINKLOCAL,link1,Root_Node_Spine_Left,BUS_STRUCTURE,AABB_CLEAR,338.8878,,338.8878,CLEAR,False,"[145.572, -168.0, -57.0, -41.143, -20.954, -3.0]"
PARTIAL,STOWED,B51_REF_link1_LINKLOCAL,link1,Root_Node_Spine_Right,BUS_STRUCTURE,AABB_CLEAR,339.1845,,339.1845,CLEAR,False,"[145.572, -168.0, -57.0, -41.143, -20.954, -3.0]"
PARTIAL,STOWED,B51_REF_link1_LINKLOCAL,link1,Spacecraft_Flange,ARM_MOUNT_INTERFACE,AABB_CLEAR,96.05,,96.05,CLEAR,False,"[145.572, -168.0, -57.0, -41.143, -20.954, -3.0]"
PARTIAL,STOWED,B51_REF_link1_LINKLOCAL,link1,Torsion_Spring_1_Left,BUS_STRUCTURE,AABB_CLEAR,362.097,,362.097,CLEAR,False,"[145.572, -168.0, -57.0, -41.143, -20.954, -3.0]"
PARTIAL,STOWED,B51_REF_link1_LINKLOCAL,link1,Torsion_Spring_1_Right,BUS_STRUCTURE,AABB_CLEAR,362.5641,,362.5641,CLEAR,False,"[145.572, -168.0, -57.0, -41.143, -20.954, -3.0]"
PARTIAL,STOWED,B51_REF_link1_LINKLOCAL,link1,Torsion_Spring_2_Left,BUS_STRUCTURE,AABB_CLEAR,316.8306,,316.8306,CLEAR,False,"[145.572, -168.0, -57.0, -41.143, -20.954, -3.0]"
PARTIAL,STOWED,B51_REF_link1_LINKLOCAL,link1,Torsion_Spring_2_Right,BUS_STRUCTURE,AABB_CLEAR,317.3643,,317.3643,CLEAR,False,"[145.572, -168.0, -57.0, -41.143, -20.954, -3.0]"
PARTIAL,STOWED,B51_REF_link1_LINKLOCAL,link1,WING_L_DEPLOYED,SOLAR_WING,AABB_CLEAR,232.7143,,232.7143,CLEAR,False,"[145.572, -168.0, -57.0, -41.143, -20.954, -3.0]"
PARTIAL,STOWED,B51_REF_link1_LINKLOCAL,link1,WING_R_DEPLOYED,SOLAR_WING,AABB_CLEAR,233.1814,,233.1814,CLEAR,False,"[145.572, -168.0, -57.0, -41.143, -20.954, -3.0]"
PARTIAL,STOWED,B51_REF_link2_LINKLOCAL,link2,Adapter_Plate,ARM_MOUNT_INTERFACE,AABB_CLEAR,121.6134,,121.6134,CLEAR,False,"[145.572, -168.0, -57.0, -41.143, -20.954, -3.0]"
PARTIAL,STOWED,B51_REF_link2_LINKLOCAL,link2,Aft_Saddle,SADDLE_PLACEHOLDER,AABB_CLEAR,319.6134,,319.6134,CLEAR,False,"[145.572, -168.0, -57.0, -41.143, -20.954, -3.0]"
PARTIAL,STOWED,B51_REF_link2_LINKLOCAL,link2,Central_Boss,ARM_MOUNT_INTERFACE,AABB_CLEAR,111.6134,,111.6134,CLEAR,False,"[145.572, -168.0, -57.0, -41.143, -20.954, -3.0]"
PARTIAL,STOWED,B51_REF_link2_LINKLOCAL,link2,Deck_Front_Bay,BUS_STRUCTURE,AABB_CLEAR,200.6134,,200.6134,CLEAR,False,"[145.572, -168.0, -57.0, -41.143, -20.954, -3.0]"
PARTIAL,STOWED,B51_REF_link2_LINKLOCAL,link2,Deck_Mid_Bay,BUS_STRUCTURE,AABB_CLEAR,261.6134,,261.6134,CLEAR,False,"[145.572, -168.0, -57.0, -41.143, -20.954, -3.0]"
PARTIAL,STOWED,B51_REF_link2_LINKLOCAL,link2,Deck_Rear_Bay,BUS_STRUCTURE,AABB_CLEAR,383.6134,,383.6134,CLEAR,False,"[145.572, -168.0, -57.0, -41.143, -20.954, -3.0]"
PARTIAL,STOWED,B51_REF_link2_LINKLOCAL,link2,Front_End_Frame,BUS_STRUCTURE,AABB_CLEAR,136.6134,,136.6134,CLEAR,False,"[145.572, -168.0, -57.0, -41.143, -20.954, -3.0]"
PARTIAL,STOWED,B51_REF_link2_LINKLOCAL,link2,Front_Transverse_Frame,BUS_STRUCTURE,AABB_CLEAR,194.6134,,194.6134,CLEAR,False,"[145.572, -168.0, -57.0, -41.143, -20.954, -3.0]"
PARTIAL,STOWED,B51_REF_link2_LINKLOCAL,link2,Fwd_Saddle,SADDLE_PLACEHOLDER,AABB_CLEAR,139.6134,,139.6134,CLEAR,False,"[145.572, -168.0, -57.0, -41.143, -20.954, -3.0]"
PARTIAL,STOWED,B51_REF_link2_LINKLOCAL,link2,HDRM_Base_1_Left,BUS_STRUCTURE,AABB_CLEAR,470.4109,,470.4109,CLEAR,False,"[145.572, -168.0, -57.0, -41.143, -20.954, -3.0]"
PARTIAL,STOWED,B51_REF_link2_LINKLOCAL,link2,HDRM_Base_1_Right,BUS_STRUCTURE,AABB_CLEAR,470.4109,,470.4109,CLEAR,False,"[145.572, -168.0, -57.0, -41.143, -20.954, -3.0]"
PARTIAL,STOWED,B51_REF_link2_LINKLOCAL,link2,HDRM_Base_2_Left,BUS_STRUCTURE,AABB_CLEAR,272.4721,,272.4721,CLEAR,False,"[145.572, -168.0, -57.0, -41.143, -20.954, -3.0]"
PARTIAL,STOWED,B51_REF_link2_LINKLOCAL,link2,HDRM_Base_2_Right,BUS_STRUCTURE,AABB_CLEAR,272.4721,,272.4721,CLEAR,False,"[145.572, -168.0, -57.0, -41.143, -20.954, -3.0]"
PARTIAL,STOWED,B51_REF_link2_LINKLOCAL,link2,HDRM_Rod_1_Left,BUS_STRUCTURE,AABB_CLEAR,478.1717,,478.1717,CLEAR,False,"[145.572, -168.0, -57.0, -41.143, -20.954, -3.0]"
PARTIAL,STOWED,B51_REF_link2_LINKLOCAL,link2,HDRM_Rod_1_Right,BUS_STRUCTURE,AABB_CLEAR,478.1717,,478.1717,CLEAR,False,"[145.572, -168.0, -57.0, -41.143, -20.954, -3.0]"
PARTIAL,STOWED,B51_REF_link2_LINKLOCAL,link2,HDRM_Rod_2_Left,BUS_STRUCTURE,AABB_CLEAR,280.7183,,280.7183,CLEAR,False,"[145.572, -168.0, -57.0, -41.143, -20.954, -3.0]"
PARTIAL,STOWED,B51_REF_link2_LINKLOCAL,link2,HDRM_Rod_2_Right,BUS_STRUCTURE,AABB_CLEAR,280.7183,,280.7183,CLEAR,False,"[145.572, -168.0, -57.0, -41.143, -20.954, -3.0]"
PARTIAL,STOWED,B51_REF_link2_LINKLOCAL,link2,Hard_Stop_Left,BUS_STRUCTURE,AABB_CLEAR,377.6134,,377.6134,CLEAR,False,"[145.572, -168.0, -57.0, -41.143, -20.954, -3.0]"
PARTIAL,STOWED,B51_REF_link2_LINKLOCAL,link2,Hard_Stop_Right,BUS_STRUCTURE,AABB_CLEAR,377.6134,,377.6134,CLEAR,False,"[145.572, -168.0, -57.0, -41.143, -20.954, -3.0]"
PARTIAL,STOWED,B51_REF_link2_LINKLOCAL,link2,Harness_Passage,ARM_MOUNT_INTERFACE,AABB_CLEAR,150.1216,,150.1216,CLEAR,False,"[145.572, -168.0, -57.0, -41.143, -20.954, -3.0]"
PARTIAL,STOWED,B51_REF_link2_LINKLOCAL,link2,Harness_Service_Loop_Left,BUS_STRUCTURE,AABB_CLEAR,409.6134,,409.6134,CLEAR,False,"[145.572, -168.0, -57.0, -41.143, -20.954, -3.0]"
PARTIAL,STOWED,B51_REF_link2_LINKLOCAL,link2,Harness_Service_Loop_Right,BUS_STRUCTURE,AABB_CLEAR,409.6134,,409.6134,CLEAR,False,"[145.572, -168.0, -57.0, -41.143, -20.954, -3.0]"
PARTIAL,STOWED,B51_REF_link2_LINKLOCAL,link2,Hinge_Ear_1_Left,BUS_STRUCTURE,AABB_CLEAR,384.6134,,384.6134,CLEAR,False,"[145.572, -168.0, -57.0, -41.143, -20.954, -3.0]"
PARTIAL,STOWED,B51_REF_link2_LINKLOCAL,link2,Hinge_Ear_1_Right,BUS_STRUCTURE,AABB_CLEAR,384.6134,,384.6134,CLEAR,False,"[145.572, -168.0, -57.0, -41.143, -20.954, -3.0]"
PARTIAL,STOWED,B51_REF_link2_LINKLOCAL,link2,Hinge_Ear_2_Left,BUS_STRUCTURE,AABB_CLEAR,366.6134,,366.6134,CLEAR,False,"[145.572, -168.0, -57.0, -41.143, -20.954, -3.0]"
PARTIAL,STOWED,B51_REF_link2_LINKLOCAL,link2,Hinge_Ear_2_Right,BUS_STRUCTURE,AABB_CLEAR,366.6134,,366.6134,CLEAR,False,"[145.572, -168.0, -57.0, -41.143, -20.954, -3.0]"
PARTIAL,STOWED,B51_REF_link2_LINKLOCAL,link2,Hinge_Pin_Left,BUS_STRUCTURE,AABB_CLEAR,359.6134,,359.6134,CLEAR,False,"[145.572, -168.0, -57.0, -41.143, -20.954, -3.0]"
PARTIAL,STOWED,B51_REF_link2_LINKLOCAL,link2,Hinge_Pin_Right,BUS_STRUCTURE,AABB_CLEAR,359.6134,,359.6134,CLEAR,False,"[145.572, -168.0, -57.0, -41.143, -20.954, -3.0]"
PARTIAL,STOWED,B51_REF_link2_LINKLOCAL,link2,Launch_Lock_Interface_Reference,REFERENCE_ONLY,AABB_CLEAR,309.6134,,309.6134,EXCLUDED_REFERENCE_ONLY_BODY,False,"[145.572, -168.0, -57.0, -41.143, -20.954, -3.0]"
PARTIAL,STOWED,B51_REF_link2_LINKLOCAL,link2,Load_Bridge_Left,ARM_MOUNT_INTERFACE,AABB_CLEAR,148.6134,,148.6134,CLEAR,False,"[145.572, -168.0, -57.0, -41.143, -20.954, -3.0]"
PARTIAL,STOWED,B51_REF_link2_LINKLOCAL,link2,Load_Bridge_Right,ARM_MOUNT_INTERFACE,AABB_CLEAR,148.6134,,148.6134,CLEAR,False,"[145.572, -168.0, -57.0, -41.143, -20.954, -3.0]"
PARTIAL,STOWED,B51_REF_link2_LINKLOCAL,link2,Load_Spreading_Frame,ARM_MOUNT_INTERFACE,AABB_CLEAR,144.6134,,144.6134,CLEAR,False,"[145.572, -168.0, -57.0, -41.143, -20.954, -3.0]"
PARTIAL,STOWED,B51_REF_link2_LINKLOCAL,link2,Longerons_4X,BUS_STRUCTURE,AABB_CLEAR,136.6134,,136.6134,CLEAR,False,"[145.572, -168.0, -57.0, -41.143, -20.954, -3.0]"
PARTIAL,STOWED,B51_REF_link2_LINKLOCAL,link2,Maintenance_Access_Cover,BUS_STRUCTURE,AABB_CLEAR,165.3389,,165.3389,CLEAR,False,"[145.572, -168.0, -57.0, -41.143, -20.954, -3.0]"
PARTIAL,STOWED,B51_REF_link2_LINKLOCAL,link2,Mid_Saddle,SADDLE_PLACEHOLDER,AABB_CLEAR,219.6134,,219.6134,CLEAR,False,"[145.572, -168.0, -57.0, -41.143, -20.954, -3.0]"
PARTIAL,STOWED,B51_REF_link2_LINKLOCAL,link2,Mid_Transverse_Frame_,BUS_STRUCTURE,AABB_CLEAR,255.6134,,255.6134,CLEAR,False,"[145.572, -168.0, -57.0, -41.143, -20.954, -3.0]"
PARTIAL,STOWED,B51_REF_link2_LINKLOCAL,link2,Rear_End_Frame,BUS_STRUCTURE,AABB_CLEAR,494.6134,,494.6134,CLEAR,False,"[145.572, -168.0, -57.0, -41.143, -20.954, -3.0]"
PARTIAL,STOWED,B51_REF_link2_LINKLOCAL,link2,Release_Clearance_Envelope,REFERENCE_ONLY,AABB_CLEAR,249.6134,,249.6134,EXCLUDED_REFERENCE_ONLY_BODY,False,"[145.572, -168.0, -57.0, -41.143, -20.954, -3.0]"
PARTIAL,STOWED,B51_REF_link2_LINKLOCAL,link2,Root_Base_Left,BUS_STRUCTURE,AABB_CLEAR,362.6134,,362.6134,CLEAR,False,"[145.572, -168.0, -57.0, -41.143, -20.954, -3.0]"
PARTIAL,STOWED,B51_REF_link2_LINKLOCAL,link2,Root_Base_Right,BUS_STRUCTURE,AABB_CLEAR,362.6134,,362.6134,CLEAR,False,"[145.572, -168.0, -57.0, -41.143, -20.954, -3.0]"
PARTIAL,STOWED,B51_REF_link2_LINKLOCAL,link2,Root_Node_Spine_Left,BUS_STRUCTURE,AABB_CLEAR,374.6134,,374.6134,CLEAR,False,"[145.572, -168.0, -57.0, -41.143, -20.954, -3.0]"
PARTIAL,STOWED,B51_REF_link2_LINKLOCAL,link2,Root_Node_Spine_Right,BUS_STRUCTURE,AABB_CLEAR,374.6134,,374.6134,CLEAR,False,"[145.572, -168.0, -57.0, -41.143, -20.954, -3.0]"
PARTIAL,STOWED,B51_REF_link2_LINKLOCAL,link2,Spacecraft_Flange,ARM_MOUNT_INTERFACE,AABB_CLEAR,133.6134,,133.6134,CLEAR,False,"[145.572, -168.0, -57.0, -41.143, -20.954, -3.0]"
PARTIAL,STOWED,B51_REF_link2_LINKLOCAL,link2,Torsion_Spring_1_Left,BUS_STRUCTURE,AABB_CLEAR,394.6134,,394.6134,CLEAR,False,"[145.572, -168.0, -57.0, -41.143, -20.954, -3.0]"
PARTIAL,STOWED,B51_REF_link2_LINKLOCAL,link2,Torsion_Spring_1_Right,BUS_STRUCTURE,AABB_CLEAR,394.6134,,394.6134,CLEAR,False,"[145.572, -168.0, -57.0, -41.143, -20.954, -3.0]"
PARTIAL,STOWED,B51_REF_link2_LINKLOCAL,link2,Torsion_Spring_2_Left,BUS_STRUCTURE,AABB_CLEAR,348.6134,,348.6134,CLEAR,False,"[145.572, -168.0, -57.0, -41.143, -20.954, -3.0]"
PARTIAL,STOWED,B51_REF_link2_LINKLOCAL,link2,Torsion_Spring_2_Right,BUS_STRUCTURE,AABB_CLEAR,348.6134,,348.6134,CLEAR,False,"[145.572, -168.0, -57.0, -41.143, -20.954, -3.0]"
PARTIAL,STOWED,B51_REF_link2_LINKLOCAL,link2,WING_L_DEPLOYED,SOLAR_WING,AABB_CLEAR,267.1134,,267.1134,CLEAR,False,"[145.572, -168.0, -57.0, -41.143, -20.954, -3.0]"
PARTIAL,STOWED,B51_REF_link2_LINKLOCAL,link2,WING_R_DEPLOYED,SOLAR_WING,AABB_CLEAR,267.1134,,267.1134,CLEAR,False,"[145.572, -168.0, -57.0, -41.143, -20.954, -3.0]"
PARTIAL,STOWED,B51_REF_link3_LINKLOCAL,link3,Adapter_Plate,ARM_MOUNT_INTERFACE,AABB_CLEAR,105.3075,,105.3075,CLEAR,False,"[145.572, -168.0, -57.0, -41.143, -20.954, -3.0]"
PARTIAL,STOWED,B51_REF_link3_LINKLOCAL,link3,Aft_Saddle,SADDLE_PLACEHOLDER,AABB_CLEAR,129.156,,129.156,CLEAR,False,"[145.572, -168.0, -57.0, -41.143, -20.954, -3.0]"
PARTIAL,STOWED,B51_REF_link3_LINKLOCAL,link3,Central_Boss,ARM_MOUNT_INTERFACE,AABB_CLEAR,130.3075,,130.3075,CLEAR,False,"[145.572, -168.0, -57.0, -41.143, -20.954, -3.0]"
PARTIAL,STOWED,B51_REF_link3_LINKLOCAL,link3,Deck_Front_Bay,BUS_STRUCTURE,AABB_CLEAR,221.5404,,221.5404,CLEAR,False,"[145.572, -168.0, -57.0, -41.143, -20.954, -3.0]"
PARTIAL,STOWED,B51_REF_link3_LINKLOCAL,link3,Deck_Mid_Bay,BUS_STRUCTURE,AABB_CLEAR,232.4655,,232.4655,CLEAR,False,"[145.572, -168.0, -57.0, -41.143, -20.954, -3.0]"
PARTIAL,STOWED,B51_REF_link3_LINKLOCAL,link3,Deck_Rear_Bay,BUS_STRUCTURE,AABB_CLEAR,293.7452,,293.7452,CLEAR,False,"[145.572, -168.0, -57.0, -41.143, -20.954, -3.0]"
PARTIAL,STOWED,B51_REF_link3_LINKLOCAL,link3,Front_End_Frame,BUS_STRUCTURE,AABB_CLEAR,75.1575,,75.1575,CLEAR,False,"[145.572, -168.0, -57.0, -41.143, -20.954, -3.0]"
PARTIAL,STOWED,B51_REF_link3_LINKLOCAL,link3,Front_Transverse_Frame,BUS_STRUCTURE,AABB_CLEAR,75.2723,,75.2723,CLEAR,False,"[145.572, -168.0, -57.0, -41.143, -20.954, -3.0]"
PARTIAL,STOWED,B51_REF_link3_LINKLOCAL,link3,Fwd_Saddle,SADDLE_PLACEHOLDER,MESH,-24.1125,0.0393,0.0393,TOO_CLOSE_TO_CALL,True,"[145.572, -168.0, -57.0, -41.143, -20.954, -3.0]"
PARTIAL,STOWED,B51_REF_link3_LINKLOCAL,link3,HDRM_Base_1_Left,BUS_STRUCTURE,AABB_CLEAR,389.246,,389.246,CLEAR,False,"[145.572, -168.0, -57.0, -41.143, -20.954, -3.0]"
PARTIAL,STOWED,B51_REF_link3_LINKLOCAL,link3,HDRM_Base_1_Right,BUS_STRUCTURE,AABB_CLEAR,395.2489,,395.2489,CLEAR,False,"[145.572, -168.0, -57.0, -41.143, -20.954, -3.0]"
PARTIAL,STOWED,B51_REF_link3_LINKLOCAL,link3,HDRM_Base_2_Left,BUS_STRUCTURE,AABB_CLEAR,283.9895,,283.9895,CLEAR,False,"[145.572, -168.0, -57.0, -41.143, -20.954, -3.0]"
PARTIAL,STOWED,B51_REF_link3_LINKLOCAL,link3,HDRM_Base_2_Right,BUS_STRUCTURE,AABB_CLEAR,292.1631,,292.1631,CLEAR,False,"[145.572, -168.0, -57.0, -41.143, -20.954, -3.0]"
PARTIAL,STOWED,B51_REF_link3_LINKLOCAL,link3,HDRM_Rod_1_Left,BUS_STRUCTURE,AABB_CLEAR,399.1452,,399.1452,CLEAR,False,"[145.572, -168.0, -57.0, -41.143, -20.954, -3.0]"
PARTIAL,STOWED,B51_REF_link3_LINKLOCAL,link3,HDRM_Rod_1_Right,BUS_STRUCTURE,AABB_CLEAR,406.4335,,406.4335,CLEAR,False,"[145.572, -168.0, -57.0, -41.143, -20.954, -3.0]"
PARTIAL,STOWED,B51_REF_link3_LINKLOCAL,link3,HDRM_Rod_2_Left,BUS_STRUCTURE,AABB_CLEAR,292.6679,,292.6679,CLEAR,False,"[145.572, -168.0, -57.0, -41.143, -20.954, -3.0]"
PARTIAL,STOWED,B51_REF_link3_LINKLOCAL,link3,HDRM_Rod_2_Right,BUS_STRUCTURE,AABB_CLEAR,302.5323,,302.5323,CLEAR,False,"[145.572, -168.0, -57.0, -41.143, -20.954, -3.0]"
PARTIAL,STOWED,B51_REF_link3_LINKLOCAL,link3,Hard_Stop_Left,BUS_STRUCTURE,AABB_CLEAR,238.7938,,238.7938,CLEAR,False,"[145.572, -168.0, -57.0, -41.143, -20.954, -3.0]"
PARTIAL,STOWED,B51_REF_link3_LINKLOCAL,link3,Hard_Stop_Right,BUS_STRUCTURE,AABB_CLEAR,250.7862,,250.7862,CLEAR,False,"[145.572, -168.0, -57.0, -41.143, -20.954, -3.0]"
PARTIAL,STOWED,B51_REF_link3_LINKLOCAL,link3,Harness_Passage,ARM_MOUNT_INTERFACE,AABB_CLEAR,243.3075,,243.3075,CLEAR,False,"[145.572, -168.0, -57.0, -41.143, -20.954, -3.0]"
PARTIAL,STOWED,B51_REF_link3_LINKLOCAL,link3,Harness_Service_Loop_Left,BUS_STRUCTURE,AABB_CLEAR,293.5547,,293.5547,CLEAR,False,"[145.572, -168.0, -57.0, -41.143, -20.954, -3.0]"
PARTIAL,STOWED,B51_REF_link3_LINKLOCAL,link3,Harness_Service_Loop_Right,BUS_STRUCTURE,AABB_CLEAR,301.4691,,301.4691,CLEAR,False,"[145.572, -168.0, -57.0, -41.143, -20.954, -3.0]"
PARTIAL,STOWED,B51_REF_link3_LINKLOCAL,link3,Hinge_Ear_1_Left,BUS_STRUCTURE,AABB_CLEAR,264.9667,,264.9667,CLEAR,False,"[145.572, -168.0, -57.0, -41.143, -20.954, -3.0]"
PARTIAL,STOWED,B51_REF_link3_LINKLOCAL,link3,Hinge_Ear_1_Right,BUS_STRUCTURE,AABB_CLEAR,275.8235,,275.8235,CLEAR,False,"[145.572, -168.0, -57.0, -41.143, -20.954, -3.0]"
PARTIAL,STOWED,B51_REF_link3_LINKLOCAL,link3,Hinge_Ear_2_Left,BUS_STRUCTURE,AABB_CLEAR,252.0749,,252.0749,CLEAR,False,"[145.572, -168.0, -57.0, -41.143, -20.954, -3.0]"
PARTIAL,STOWED,B51_REF_link3_LINKLOCAL,link3,Hinge_Ear_2_Right,BUS_STRUCTURE,AABB_CLEAR,263.4634,,263.4634,CLEAR,False,"[145.572, -168.0, -57.0, -41.143, -20.954, -3.0]"
PARTIAL,STOWED,B51_REF_link3_LINKLOCAL,link3,Hinge_Pin_Left,BUS_STRUCTURE,AABB_CLEAR,247.964,,247.964,CLEAR,False,"[145.572, -168.0, -57.0, -41.143, -20.954, -3.0]"
PARTIAL,STOWED,B51_REF_link3_LINKLOCAL,link3,Hinge_Pin_Right,BUS_STRUCTURE,AABB_CLEAR,265.4051,,265.4051,CLEAR,False,"[145.572, -168.0, -57.0, -41.143, -20.954, -3.0]"
PARTIAL,STOWED,B51_REF_link3_LINKLOCAL,link3,Launch_Lock_Interface_Reference,REFERENCE_ONLY,AABB_CLEAR,120.4064,,120.4064,EXCLUDED_REFERENCE_ONLY_BODY,False,"[145.572, -168.0, -57.0, -41.143, -20.954, -3.0]"
PARTIAL,STOWED,B51_REF_link3_LINKLOCAL,link3,Load_Bridge_Left,ARM_MOUNT_INTERFACE,AABB_CLEAR,170.3075,,170.3075,CLEAR,False,"[145.572, -168.0, -57.0, -41.143, -20.954, -3.0]"
PARTIAL,STOWED,B51_REF_link3_LINKLOCAL,link3,Load_Bridge_Right,ARM_MOUNT_INTERFACE,AABB_CLEAR,171.9176,,171.9176,CLEAR,False,"[145.572, -168.0, -57.0, -41.143, -20.954, -3.0]"
PARTIAL,STOWED,B51_REF_link3_LINKLOCAL,link3,Load_Spreading_Frame,ARM_MOUNT_INTERFACE,AABB_CLEAR,92.1575,,92.1575,CLEAR,False,"[145.572, -168.0, -57.0, -41.143, -20.954, -3.0]"
PARTIAL,STOWED,B51_REF_link3_LINKLOCAL,link3,Longerons_4X,BUS_STRUCTURE,AABB_CLEAR,75.1575,,75.1575,CLEAR,False,"[145.572, -168.0, -57.0, -41.143, -20.954, -3.0]"
PARTIAL,STOWED,B51_REF_link3_LINKLOCAL,link3,Maintenance_Access_Cover,BUS_STRUCTURE,AABB_CLEAR,292.4575,,292.4575,CLEAR,False,"[145.572, -168.0, -57.0, -41.143, -20.954, -3.0]"
PARTIAL,STOWED,B51_REF_link3_LINKLOCAL,link3,Mid_Saddle,SADDLE_PLACEHOLDER,AABB_CLEAR,29.156,,29.156,CLEAR,False,"[145.572, -168.0, -57.0, -41.143, -20.954, -3.0]"
PARTIAL,STOWED,B51_REF_link3_LINKLOCAL,link3,Mid_Transverse_Frame_,BUS_STRUCTURE,AABB_CLEAR,99.4684,,99.4684,CLEAR,False,"[145.572, -168.0, -57.0, -41.143, -20.954, -3.0]"
PARTIAL,STOWED,B51_REF_link3_LINKLOCAL,link3,Rear_End_Frame,BUS_STRUCTURE,AABB_CLEAR,313.3042,,313.3042,CLEAR,False,"[145.572, -168.0, -57.0, -41.143, -20.954, -3.0]"
PARTIAL,STOWED,B51_REF_link3_LINKLOCAL,link3,Release_Clearance_Envelope,REFERENCE_ONLY,AABB_CLEAR,59.156,,59.156,EXCLUDED_REFERENCE_ONLY_BODY,False,"[145.572, -168.0, -57.0, -41.143, -20.954, -3.0]"
PARTIAL,STOWED,B51_REF_link3_LINKLOCAL,link3,Root_Base_Left,BUS_STRUCTURE,AABB_CLEAR,225.282,,225.282,CLEAR,False,"[145.572, -168.0, -57.0, -41.143, -20.954, -3.0]"
PARTIAL,STOWED,B51_REF_link3_LINKLOCAL,link3,Root_Base_Right,BUS_STRUCTURE,AABB_CLEAR,235.5021,,235.5021,CLEAR,False,"[145.572, -168.0, -57.0, -41.143, -20.954, -3.0]"
PARTIAL,STOWED,B51_REF_link3_LINKLOCAL,link3,Root_Node_Spine_Left,BUS_STRUCTURE,AABB_CLEAR,214.6653,,214.6653,CLEAR,False,"[145.572, -168.0, -57.0, -41.143, -20.954, -3.0]"
PARTIAL,STOWED,B51_REF_link3_LINKLOCAL,link3,Root_Node_Spine_Right,BUS_STRUCTURE,AABB_CLEAR,224.472,,224.472,CLEAR,False,"[145.572, -168.0, -57.0, -41.143, -20.954, -3.0]"
PARTIAL,STOWED,B51_REF_link3_LINKLOCAL,link3,Spacecraft_Flange,ARM_MOUNT_INTERFACE,AABB_CLEAR,110.3075,,110.3075,CLEAR,False,"[145.572, -168.0, -57.0, -41.143, -20.954, -3.0]"
PARTIAL,STOWED,B51_REF_link3_LINKLOCAL,link3,Torsion_Spring_1_Left,BUS_STRUCTURE,AABB_CLEAR,270.4027,,270.4027,CLEAR,False,"[145.572, -168.0, -57.0, -41.143, -20.954, -3.0]"
PARTIAL,STOWED,B51_REF_link3_LINKLOCAL,link3,Torsion_Spring_1_Right,BUS_STRUCTURE,AABB_CLEAR,285.1848,,285.1848,CLEAR,False,"[145.572, -168.0, -57.0, -41.143, -20.954, -3.0]"
PARTIAL,STOWED,B51_REF_link3_LINKLOCAL,link3,Torsion_Spring_2_Left,BUS_STRUCTURE,AABB_CLEAR,237.5948,,237.5948,CLEAR,False,"[145.572, -168.0, -57.0, -41.143, -20.954, -3.0]"
PARTIAL,STOWED,B51_REF_link3_LINKLOCAL,link3,Torsion_Spring_2_Right,BUS_STRUCTURE,AABB_CLEAR,254.2912,,254.2912,CLEAR,False,"[145.572, -168.0, -57.0, -41.143, -20.954, -3.0]"
PARTIAL,STOWED,B51_REF_link3_LINKLOCAL,link3,WING_L_DEPLOYED,SOLAR_WING,AABB_CLEAR,197.768,,197.768,CLEAR,False,"[145.572, -168.0, -57.0, -41.143, -20.954, -3.0]"
PARTIAL,STOWED,B51_REF_link3_LINKLOCAL,link3,WING_R_DEPLOYED,SOLAR_WING,AABB_CLEAR,209.3357,,209.3357,CLEAR,False,"[145.572, -168.0, -57.0, -41.143, -20.954, -3.0]"
PARTIAL,STOWED,B51_REF_link4_LINKLOCAL,link4,Adapter_Plate,ARM_MOUNT_INTERFACE,AABB_CLEAR,101.853,,101.853,CLEAR,False,"[145.572, -168.0, -57.0, -41.143, -20.954, -3.0]"
PARTIAL,STOWED,B51_REF_link4_LINKLOCAL,link4,Aft_Saddle,SADDLE_PLACEHOLDER,AABB_CLEAR,63.9988,,63.9988,CLEAR,False,"[145.572, -168.0, -57.0, -41.143, -20.954, -3.0]"
PARTIAL,STOWED,B51_REF_link4_LINKLOCAL,link4,Central_Boss,ARM_MOUNT_INTERFACE,AABB_CLEAR,127.39,,127.39,CLEAR,False,"[145.572, -168.0, -57.0, -41.143, -20.954, -3.0]"
PARTIAL,STOWED,B51_REF_link4_LINKLOCAL,link4,Deck_Front_Bay,BUS_STRUCTURE,AABB_CLEAR,217.853,,217.853,CLEAR,False,"[145.572, -168.0, -57.0, -41.143, -20.954, -3.0]"
PARTIAL,STOWED,B51_REF_link4_LINKLOCAL,link4,Deck_Mid_Bay,BUS_STRUCTURE,AABB_CLEAR,217.9356,,217.9356,CLEAR,False,"[145.572, -168.0, -57.0, -41.143, -20.954, -3.0]"
PARTIAL,STOWED,B51_REF_link4_LINKLOCAL,link4,Deck_Rear_Bay,BUS_STRUCTURE,AABB_CLEAR,252.673,,252.673,CLEAR,False,"[145.572, -168.0, -57.0, -41.143, -20.954, -3.0]"
PARTIAL,STOWED,B51_REF_link4_LINKLOCAL,link4,Front_End_Frame,BUS_STRUCTURE,AABB_CLEAR,71.703,,71.703,CLEAR,False,"[145.572, -168.0, -57.0, -41.143, -20.954, -3.0]"
PARTIAL,STOWED,B51_REF_link4_LINKLOCAL,link4,Front_Transverse_Frame,BUS_STRUCTURE,AABB_CLEAR,71.703,,71.703,CLEAR,False,"[145.572, -168.0, -57.0, -41.143, -20.954, -3.0]"
PARTIAL,STOWED,B51_REF_link4_LINKLOCAL,link4,Fwd_Saddle,SADDLE_PLACEHOLDER,MESH,-26.3159,0.3185,0.3185,TOO_CLOSE_TO_CALL,True,"[145.572, -168.0, -57.0, -41.143, -20.954, -3.0]"
PARTIAL,STOWED,B51_REF_link4_LINKLOCAL,link4,HDRM_Base_1_Left,BUS_STRUCTURE,AABB_CLEAR,343.1678,,343.1678,CLEAR,False,"[145.572, -168.0, -57.0, -41.143, -20.954, -3.0]"
PARTIAL,STOWED,B51_REF_link4_LINKLOCAL,link4,HDRM_Base_1_Right,BUS_STRUCTURE,AABB_CLEAR,349.7558,,349.7558,CLEAR,False,"[145.572, -168.0, -57.0, -41.143, -20.954, -3.0]"
PARTIAL,STOWED,B51_REF_link4_LINKLOCAL,link4,HDRM_Base_2_Left,BUS_STRUCTURE,AABB_CLEAR,270.1196,,270.1196,CLEAR,False,"[145.572, -168.0, -57.0, -41.143, -20.954, -3.0]"
PARTIAL,STOWED,B51_REF_link4_LINKLOCAL,link4,HDRM_Base_2_Right,BUS_STRUCTURE,AABB_CLEAR,278.4414,,278.4414,CLEAR,False,"[145.572, -168.0, -57.0, -41.143, -20.954, -3.0]"
PARTIAL,STOWED,B51_REF_link4_LINKLOCAL,link4,HDRM_Rod_1_Left,BUS_STRUCTURE,AABB_CLEAR,352.9987,,352.9987,CLEAR,False,"[145.572, -168.0, -57.0, -41.143, -20.954, -3.0]"
PARTIAL,STOWED,B51_REF_link4_LINKLOCAL,link4,HDRM_Rod_1_Right,BUS_STRUCTURE,AABB_CLEAR,360.996,,360.996,CLEAR,False,"[145.572, -168.0, -57.0, -41.143, -20.954, -3.0]"
PARTIAL,STOWED,B51_REF_link4_LINKLOCAL,link4,HDRM_Rod_2_Left,BUS_STRUCTURE,AABB_CLEAR,277.5041,,277.5041,CLEAR,False,"[145.572, -168.0, -57.0, -41.143, -20.954, -3.0]"
PARTIAL,STOWED,B51_REF_link4_LINKLOCAL,link4,HDRM_Rod_2_Right,BUS_STRUCTURE,AABB_CLEAR,287.6083,,287.6083,CLEAR,False,"[145.572, -168.0, -57.0, -41.143, -20.954, -3.0]"
PARTIAL,STOWED,B51_REF_link4_LINKLOCAL,link4,Hard_Stop_Left,BUS_STRUCTURE,AABB_CLEAR,189.3835,,189.3835,CLEAR,False,"[145.572, -168.0, -57.0, -41.143, -20.954, -3.0]"
PARTIAL,STOWED,B51_REF_link4_LINKLOCAL,link4,Hard_Stop_Right,BUS_STRUCTURE,AABB_CLEAR,203.9022,,203.9022,CLEAR,False,"[145.572, -168.0, -57.0, -41.143, -20.954, -3.0]"
PARTIAL,STOWED,B51_REF_link4_LINKLOCAL,link4,Harness_Passage,ARM_MOUNT_INTERFACE,AABB_CLEAR,239.853,,239.853,CLEAR,False,"[145.572, -168.0, -57.0, -41.143, -20.954, -3.0]"
PARTIAL,STOWED,B51_REF_link4_LINKLOCAL,link4,Harness_Service_Loop_Left,BUS_STRUCTURE,AABB_CLEAR,246.0146,,246.0146,CLEAR,False,"[145.572, -168.0, -57.0, -41.143, -20.954, -3.0]"
PARTIAL,STOWED,B51_REF_link4_LINKLOCAL,link4,Harness_Service_Loop_Right,BUS_STRUCTURE,AABB_CLEAR,255.1239,,255.1239,CLEAR,False,"[145.572, -168.0, -57.0, -41.143, -20.954, -3.0]"
PARTIAL,STOWED,B51_REF_link4_LINKLOCAL,link4,Hinge_Ear_1_Left,BUS_STRUCTURE,AABB_CLEAR,218.9011,,218.9011,CLEAR,False,"[145.572, -168.0, -57.0, -41.143, -20.954, -3.0]"
PARTIAL,STOWED,B51_REF_link4_LINKLOCAL,link4,Hinge_Ear_1_Right,BUS_STRUCTURE,AABB_CLEAR,231.5765,,231.5765,CLEAR,False,"[145.572, -168.0, -57.0, -41.143, -20.954, -3.0]"
PARTIAL,STOWED,B51_REF_link4_LINKLOCAL,link4,Hinge_Ear_2_Left,BUS_STRUCTURE,AABB_CLEAR,208.8007,,208.8007,CLEAR,False,"[145.572, -168.0, -57.0, -41.143, -20.954, -3.0]"
PARTIAL,STOWED,B51_REF_link4_LINKLOCAL,link4,Hinge_Ear_2_Right,BUS_STRUCTURE,AABB_CLEAR,222.0535,,222.0535,CLEAR,False,"[145.572, -168.0, -57.0, -41.143, -20.954, -3.0]"
PARTIAL,STOWED,B51_REF_link4_LINKLOCAL,link4,Hinge_Pin_Left,BUS_STRUCTURE,AABB_CLEAR,206.0415,,206.0415,CLEAR,False,"[145.572, -168.0, -57.0, -41.143, -20.954, -3.0]"
PARTIAL,STOWED,B51_REF_link4_LINKLOCAL,link4,Hinge_Pin_Right,BUS_STRUCTURE,AABB_CLEAR,226.2781,,226.2781,CLEAR,False,"[145.572, -168.0, -57.0, -41.143, -20.954, -3.0]"
PARTIAL,STOWED,B51_REF_link4_LINKLOCAL,link4,Launch_Lock_Interface_Reference,REFERENCE_ONLY,AABB_CLEAR,55.7474,,55.7474,EXCLUDED_REFERENCE_ONLY_BODY,False,"[145.572, -168.0, -57.0, -41.143, -20.954, -3.0]"
PARTIAL,STOWED,B51_REF_link4_LINKLOCAL,link4,Load_Bridge_Left,ARM_MOUNT_INTERFACE,AABB_CLEAR,166.853,,166.853,CLEAR,False,"[145.572, -168.0, -57.0, -41.143, -20.954, -3.0]"
PARTIAL,STOWED,B51_REF_link4_LINKLOCAL,link4,Load_Bridge_Right,ARM_MOUNT_INTERFACE,AABB_CLEAR,168.3518,,168.3518,CLEAR,False,"[145.572, -168.0, -57.0, -41.143, -20.954, -3.0]"
PARTIAL,STOWED,B51_REF_link4_LINKLOCAL,link4,Load_Spreading_Frame,ARM_MOUNT_INTERFACE,AABB_CLEAR,88.703,,88.703,CLEAR,False,"[145.572, -168.0, -57.0, -41.143, -20.954, -3.0]"
PARTIAL,STOWED,B51_REF_link4_LINKLOCAL,link4,Longerons_4X,BUS_STRUCTURE,AABB_CLEAR,71.703,,71.703,CLEAR,False,"[145.572, -168.0, -57.0, -41.143, -20.954, -3.0]"
PARTIAL,STOWED,B51_REF_link4_LINKLOCAL,link4,Maintenance_Access_Cover,BUS_STRUCTURE,AABB_CLEAR,289.003,,289.003,CLEAR,False,"[145.572, -168.0, -57.0, -41.143, -20.954, -3.0]"
PARTIAL,STOWED,B51_REF_link4_LINKLOCAL,link4,Mid_Saddle,SADDLE_PLACEHOLDER,MESH,-33.067,31.9077,31.9077,CLEAR,False,"[145.572, -168.0, -57.0, -41.143, -20.954, -3.0]"
PARTIAL,STOWED,B51_REF_link4_LINKLOCAL,link4,Mid_Transverse_Frame_,BUS_STRUCTURE,AABB_CLEAR,71.703,,71.703,CLEAR,False,"[145.572, -168.0, -57.0, -41.143, -20.954, -3.0]"
PARTIAL,STOWED,B51_REF_link4_LINKLOCAL,link4,Rear_End_Frame,BUS_STRUCTURE,AABB_CLEAR,249.523,,249.523,CLEAR,False,"[145.572, -168.0, -57.0, -41.143, -20.954, -3.0]"
PARTIAL,STOWED,B51_REF_link4_LINKLOCAL,link4,Release_Clearance_Envelope,REFERENCE_ONLY,MESH,-6.0012,0.9882,0.9882,EXCLUDED_REFERENCE_ONLY_BODY,False,"[145.572, -168.0, -57.0, -41.143, -20.954, -3.0]"
PARTIAL,STOWED,B51_REF_link4_LINKLOCAL,link4,Root_Base_Left,BUS_STRUCTURE,AABB_CLEAR,177.6823,,177.6823,CLEAR,False,"[145.572, -168.0, -57.0, -41.143, -20.954, -3.0]"
PARTIAL,STOWED,B51_REF_link4_LINKLOCAL,link4,Root_Base_Right,BUS_STRUCTURE,AABB_CLEAR,190.0947,,190.0947,CLEAR,False,"[145.572, -168.0, -57.0, -41.143, -20.954, -3.0]"
PARTIAL,STOWED,B51_REF_link4_LINKLOCAL,link4,Root_Node_Spine_Left,BUS_STRUCTURE,AABB_CLEAR,159.9321,,159.9321,CLEAR,False,"[145.572, -168.0, -57.0, -41.143, -20.954, -3.0]"
PARTIAL,STOWED,B51_REF_link4_LINKLOCAL,link4,Root_Node_Spine_Right,BUS_STRUCTURE,AABB_CLEAR,172.4728,,172.4728,CLEAR,False,"[145.572, -168.0, -57.0, -41.143, -20.954, -3.0]"
PARTIAL,STOWED,B51_REF_link4_LINKLOCAL,link4,Spacecraft_Flange,ARM_MOUNT_INTERFACE,AABB_CLEAR,106.853,,106.853,CLEAR,False,"[145.572, -168.0, -57.0, -41.143, -20.954, -3.0]"
PARTIAL,STOWED,B51_REF_link4_LINKLOCAL,link4,Torsion_Spring_1_Left,BUS_STRUCTURE,AABB_CLEAR,222.5883,,222.5883,CLEAR,False,"[145.572, -168.0, -57.0, -41.143, -20.954, -3.0]"
PARTIAL,STOWED,B51_REF_link4_LINKLOCAL,link4,Torsion_Spring_1_Right,BUS_STRUCTURE,AABB_CLEAR,239.932,,239.932,CLEAR,False,"[145.572, -168.0, -57.0, -41.143, -20.954, -3.0]"
PARTIAL,STOWED,B51_REF_link4_LINKLOCAL,link4,Torsion_Spring_2_Left,BUS_STRUCTURE,AABB_CLEAR,197.164,,197.164,CLEAR,False,"[145.572, -168.0, -57.0, -41.143, -20.954, -3.0]"
PARTIAL,STOWED,B51_REF_link4_LINKLOCAL,link4,Torsion_Spring_2_Right,BUS_STRUCTURE,AABB_CLEAR,216.5536,,216.5536,CLEAR,False,"[145.572, -168.0, -57.0, -41.143, -20.954, -3.0]"
PARTIAL,STOWED,B51_REF_link4_LINKLOCAL,link4,WING_L_DEPLOYED,SOLAR_WING,AABB_CLEAR,179.2223,,179.2223,CLEAR,False,"[145.572, -168.0, -57.0, -41.143, -20.954, -3.0]"
PARTIAL,STOWED,B51_REF_link4_LINKLOCAL,link4,WING_R_DEPLOYED,SOLAR_WING,AABB_CLEAR,191.5349,,191.5349,CLEAR,False,"[145.572, -168.0, -57.0, -41.143, -20.954, -3.0]"
PARTIAL,STOWED,B51_REF_link5_LINKLOCAL,link5,Adapter_Plate,ARM_MOUNT_INTERFACE,AABB_CLEAR,133.8224,,133.8224,CLEAR,False,"[145.572, -168.0, -57.0, -41.143, -20.954, -3.0]"
PARTIAL,STOWED,B51_REF_link5_LINKLOCAL,link5,Aft_Saddle,SADDLE_PLACEHOLDER,AABB_CLEAR,47.948,,47.948,CLEAR,False,"[145.572, -168.0, -57.0, -41.143, -20.954, -3.0]"
PARTIAL,STOWED,B51_REF_link5_LINKLOCAL,link5,Central_Boss,ARM_MOUNT_INTERFACE,AABB_CLEAR,161.5509,,161.5509,CLEAR,False,"[145.572, -168.0, -57.0, -41.143, -20.954, -3.0]"
PARTIAL,STOWED,B51_REF_link5_LINKLOCAL,link5,Deck_Front_Bay,BUS_STRUCTURE,AABB_CLEAR,235.8023,,235.8023,CLEAR,False,"[145.572, -168.0, -57.0, -41.143, -20.954, -3.0]"
PARTIAL,STOWED,B51_REF_link5_LINKLOCAL,link5,Deck_Mid_Bay,BUS_STRUCTURE,AABB_CLEAR,235.8023,,235.8023,CLEAR,False,"[145.572, -168.0, -57.0, -41.143, -20.954, -3.0]"
PARTIAL,STOWED,B51_REF_link5_LINKLOCAL,link5,Deck_Rear_Bay,BUS_STRUCTURE,AABB_CLEAR,261.027,,261.027,CLEAR,False,"[145.572, -168.0, -57.0, -41.143, -20.954, -3.0]"
PARTIAL,STOWED,B51_REF_link5_LINKLOCAL,link5,Front_End_Frame,BUS_STRUCTURE,AABB_CLEAR,101.9927,,101.9927,CLEAR,False,"[145.572, -168.0, -57.0, -41.143, -20.954, -3.0]"
PARTIAL,STOWED,B51_REF_link5_LINKLOCAL,link5,Front_Transverse_Frame,BUS_STRUCTURE,AABB_CLEAR,89.6523,,89.6523,CLEAR,False,"[145.572, -168.0, -57.0, -41.143, -20.954, -3.0]"
PARTIAL,STOWED,B51_REF_link5_LINKLOCAL,link5,Fwd_Saddle,SADDLE_PLACEHOLDER,AABB_CLEAR,33.631,,33.631,CLEAR,False,"[145.572, -168.0, -57.0, -41.143, -20.954, -3.0]"
PARTIAL,STOWED,B51_REF_link5_LINKLOCAL,link5,HDRM_Base_1_Left,BUS_STRUCTURE,AABB_CLEAR,348.2745,,348.2745,CLEAR,False,"[145.572, -168.0, -57.0, -41.143, -20.954, -3.0]"
PARTIAL,STOWED,B51_REF_link5_LINKLOCAL,link5,HDRM_Base_1_Right,BUS_STRUCTURE,AABB_CLEAR,363.0721,,363.0721,CLEAR,False,"[145.572, -168.0, -57.0, -41.143, -20.954, -3.0]"
PARTIAL,STOWED,B51_REF_link5_LINKLOCAL,link5,HDRM_Base_2_Left,BUS_STRUCTURE,AABB_CLEAR,287.9228,,287.9228,CLEAR,False,"[145.572, -168.0, -57.0, -41.143, -20.954, -3.0]"
PARTIAL,STOWED,B51_REF_link5_LINKLOCAL,link5,HDRM_Base_2_Right,BUS_STRUCTURE,AABB_CLEAR,305.6562,,305.6562,CLEAR,False,"[145.572, -168.0, -57.0, -41.143, -20.954, -3.0]"
PARTIAL,STOWED,B51_REF_link5_LINKLOCAL,link5,HDRM_Rod_1_Left,BUS_STRUCTURE,AABB_CLEAR,358.2777,,358.2777,CLEAR,False,"[145.572, -168.0, -57.0, -41.143, -20.954, -3.0]"
PARTIAL,STOWED,B51_REF_link5_LINKLOCAL,link5,HDRM_Rod_1_Right,BUS_STRUCTURE,AABB_CLEAR,374.7036,,374.7036,CLEAR,False,"[145.572, -168.0, -57.0, -41.143, -20.954, -3.0]"
PARTIAL,STOWED,B51_REF_link5_LINKLOCAL,link5,HDRM_Rod_2_Left,BUS_STRUCTURE,AABB_CLEAR,295.2689,,295.2689,CLEAR,False,"[145.572, -168.0, -57.0, -41.143, -20.954, -3.0]"
PARTIAL,STOWED,B51_REF_link5_LINKLOCAL,link5,HDRM_Rod_2_Right,BUS_STRUCTURE,AABB_CLEAR,314.9978,,314.9978,CLEAR,False,"[145.572, -168.0, -57.0, -41.143, -20.954, -3.0]"
PARTIAL,STOWED,B51_REF_link5_LINKLOCAL,link5,Hard_Stop_Left,BUS_STRUCTURE,AABB_CLEAR,194.9262,,194.9262,CLEAR,False,"[145.572, -168.0, -57.0, -41.143, -20.954, -3.0]"
PARTIAL,STOWED,B51_REF_link5_LINKLOCAL,link5,Hard_Stop_Right,BUS_STRUCTURE,AABB_CLEAR,223.6875,,223.6875,CLEAR,False,"[145.572, -168.0, -57.0, -41.143, -20.954, -3.0]"
PARTIAL,STOWED,B51_REF_link5_LINKLOCAL,link5,Harness_Passage,ARM_MOUNT_INTERFACE,AABB_CLEAR,257.8023,,257.8023,CLEAR,False,"[145.572, -168.0, -57.0, -41.143, -20.954, -3.0]"
PARTIAL,STOWED,B51_REF_link5_LINKLOCAL,link5,Harness_Service_Loop_Left,BUS_STRUCTURE,AABB_CLEAR,251.229,,251.229,CLEAR,False,"[145.572, -168.0, -57.0, -41.143, -20.954, -3.0]"
PARTIAL,STOWED,B51_REF_link5_LINKLOCAL,link5,Harness_Service_Loop_Right,BUS_STRUCTURE,AABB_CLEAR,271.371,,271.371,CLEAR,False,"[145.572, -168.0, -57.0, -41.143, -20.954, -3.0]"
PARTIAL,STOWED,B51_REF_link5_LINKLOCAL,link5,Hinge_Ear_1_Left,BUS_STRUCTURE,AABB_CLEAR,225.7694,,225.7694,CLEAR,False,"[145.572, -168.0, -57.0, -41.143, -20.954, -3.0]"
PARTIAL,STOWED,B51_REF_link5_LINKLOCAL,link5,Hinge_Ear_1_Right,BUS_STRUCTURE,AABB_CLEAR,251.0213,,251.0213,CLEAR,False,"[145.572, -168.0, -57.0, -41.143, -20.954, -3.0]"
PARTIAL,STOWED,B51_REF_link5_LINKLOCAL,link5,Hinge_Ear_2_Left,BUS_STRUCTURE,AABB_CLEAR,217.324,,217.324,CLEAR,False,"[145.572, -168.0, -57.0, -41.143, -20.954, -3.0]"
PARTIAL,STOWED,B51_REF_link5_LINKLOCAL,link5,Hinge_Ear_2_Right,BUS_STRUCTURE,AABB_CLEAR,243.4535,,243.4535,CLEAR,False,"[145.572, -168.0, -57.0, -41.143, -20.954, -3.0]"
PARTIAL,STOWED,B51_REF_link5_LINKLOCAL,link5,Hinge_Pin_Left,BUS_STRUCTURE,AABB_CLEAR,217.375,,217.375,CLEAR,False,"[145.572, -168.0, -57.0, -41.143, -20.954, -3.0]"
PARTIAL,STOWED,B51_REF_link5_LINKLOCAL,link5,Hinge_Pin_Right,BUS_STRUCTURE,AABB_CLEAR,250.3948,,250.3948,CLEAR,False,"[145.572, -168.0, -57.0, -41.143, -20.954, -3.0]"
PARTIAL,STOWED,B51_REF_link5_LINKLOCAL,link5,Launch_Lock_Interface_Reference,REFERENCE_ONLY,AABB_CLEAR,49.512,,49.512,EXCLUDED_REFERENCE_ONLY_BODY,False,"[145.572, -168.0, -57.0, -41.143, -20.954, -3.0]"
PARTIAL,STOWED,B51_REF_link5_LINKLOCAL,link5,Load_Bridge_Left,ARM_MOUNT_INTERFACE,AABB_CLEAR,184.8023,,184.8023,CLEAR,False,"[145.572, -168.0, -57.0, -41.143, -20.954, -3.0]"
PARTIAL,STOWED,B51_REF_link5_LINKLOCAL,link5,Load_Bridge_Right,ARM_MOUNT_INTERFACE,AABB_CLEAR,193.6259,,193.6259,CLEAR,False,"[145.572, -168.0, -57.0, -41.143, -20.954, -3.0]"
PARTIAL,STOWED,B51_REF_link5_LINKLOCAL,link5,Load_Spreading_Frame,ARM_MOUNT_INTERFACE,AABB_CLEAR,115.6142,,115.6142,CLEAR,False,"[145.572, -168.0, -57.0, -41.143, -20.954, -3.0]"
PARTIAL,STOWED,B51_REF_link5_LINKLOCAL,link5,Longerons_4X,BUS_STRUCTURE,AABB_CLEAR,89.6523,,89.6523,CLEAR,False,"[145.572, -168.0, -57.0, -41.143, -20.954, -3.0]"
PARTIAL,STOWED,B51_REF_link5_LINKLOCAL,link5,Maintenance_Access_Cover,BUS_STRUCTURE,AABB_CLEAR,306.9523,,306.9523,CLEAR,False,"[145.572, -168.0, -57.0, -41.143, -20.954, -3.0]"
PARTIAL,STOWED,B51_REF_link5_LINKLOCAL,link5,Mid_Saddle,SADDLE_PLACEHOLDER,MESH,-15.1177,0.0011,0.0011,TOO_CLOSE_TO_CALL,True,"[145.572, -168.0, -57.0, -41.143, -20.954, -3.0]"
PARTIAL,STOWED,B51_REF_link5_LINKLOCAL,link5,Mid_Transverse_Frame_,BUS_STRUCTURE,AABB_CLEAR,89.6523,,89.6523,CLEAR,False,"[145.572, -168.0, -57.0, -41.143, -20.954, -3.0]"
PARTIAL,STOWED,B51_REF_link5_LINKLOCAL,link5,Rear_End_Frame,BUS_STRUCTURE,AABB_CLEAR,240.2985,,240.2985,CLEAR,False,"[145.572, -168.0, -57.0, -41.143, -20.954, -3.0]"
PARTIAL,STOWED,B51_REF_link5_LINKLOCAL,link5,Release_Clearance_Envelope,REFERENCE_ONLY,MESH,-22.052,0.0,0.0,EXCLUDED_REFERENCE_ONLY_BODY,False,"[145.572, -168.0, -57.0, -41.143, -20.954, -3.0]"
PARTIAL,STOWED,B51_REF_link5_LINKLOCAL,link5,Root_Base_Left,BUS_STRUCTURE,AABB_CLEAR,184.0589,,184.0589,CLEAR,False,"[145.572, -168.0, -57.0, -41.143, -20.954, -3.0]"
PARTIAL,STOWED,B51_REF_link5_LINKLOCAL,link5,Root_Base_Right,BUS_STRUCTURE,AABB_CLEAR,210.7223,,210.7223,CLEAR,False,"[145.572, -168.0, -57.0, -41.143, -20.954, -3.0]"
PARTIAL,STOWED,B51_REF_link5_LINKLOCAL,link5,Root_Node_Spine_Left,BUS_STRUCTURE,AABB_CLEAR,161.8713,,161.8713,CLEAR,False,"[145.572, -168.0, -57.0, -41.143, -20.954, -3.0]"
PARTIAL,STOWED,B51_REF_link5_LINKLOCAL,link5,Root_Node_Spine_Right,BUS_STRUCTURE,AABB_CLEAR,190.1601,,190.1601,CLEAR,False,"[145.572, -168.0, -57.0, -41.143, -20.954, -3.0]"
PARTIAL,STOWED,B51_REF_link5_LINKLOCAL,link5,Spacecraft_Flange,ARM_MOUNT_INTERFACE,AABB_CLEAR,137.0499,,137.0499,CLEAR,False,"[145.572, -168.0, -57.0, -41.143, -20.954, -3.0]"
PARTIAL,STOWED,B51_REF_link5_LINKLOCAL,link5,Torsion_Spring_1_Left,BUS_STRUCTURE,AABB_CLEAR,229.8352,,229.8352,CLEAR,False,"[145.572, -168.0, -57.0, -41.143, -20.954, -3.0]"
PARTIAL,STOWED,B51_REF_link5_LINKLOCAL,link5,Torsion_Spring_1_Right,BUS_STRUCTURE,AABB_CLEAR,259.8327,,259.8327,CLEAR,False,"[145.572, -168.0, -57.0, -41.143, -20.954, -3.0]"
PARTIAL,STOWED,B51_REF_link5_LINKLOCAL,link5,Torsion_Spring_2_Left,BUS_STRUCTURE,AABB_CLEAR,208.8755,,208.8755,CLEAR,False,"[145.572, -168.0, -57.0, -41.143, -20.954, -3.0]"
PARTIAL,STOWED,B51_REF_link5_LINKLOCAL,link5,Torsion_Spring_2_Right,BUS_STRUCTURE,AABB_CLEAR,241.4908,,241.4908,CLEAR,False,"[145.572, -168.0, -57.0, -41.143, -20.954, -3.0]"
PARTIAL,STOWED,B51_REF_link5_LINKLOCAL,link5,WING_L_DEPLOYED,SOLAR_WING,AABB_CLEAR,196.9785,,196.9785,CLEAR,False,"[145.572, -168.0, -57.0, -41.143, -20.954, -3.0]"
PARTIAL,STOWED,B51_REF_link5_LINKLOCAL,link5,WING_R_DEPLOYED,SOLAR_WING,AABB_CLEAR,222.0962,,222.0962,CLEAR,False,"[145.572, -168.0, -57.0, -41.143, -20.954, -3.0]"
PARTIAL,STOWED,B51_REF_link6_LINKLOCAL,link6,Adapter_Plate,ARM_MOUNT_INTERFACE,AABB_CLEAR,188.7104,,188.7104,CLEAR,False,"[145.572, -168.0, -57.0, -41.143, -20.954, -3.0]"
PARTIAL,STOWED,B51_REF_link6_LINKLOCAL,link6,Aft_Saddle,SADDLE_PLACEHOLDER,MESH,-1.1453,5.9409,5.9409,CLEAR,False,"[145.572, -168.0, -57.0, -41.143, -20.954, -3.0]"
PARTIAL,STOWED,B51_REF_link6_LINKLOCAL,link6,Central_Boss,ARM_MOUNT_INTERFACE,AABB_CLEAR,216.0724,,216.0724,CLEAR,False,"[145.572, -168.0, -57.0, -41.143, -20.954, -3.0]"
PARTIAL,STOWED,B51_REF_link6_LINKLOCAL,link6,Deck_Front_Bay,BUS_STRUCTURE,AABB_CLEAR,269.33,,269.33,CLEAR,False,"[145.572, -168.0, -57.0, -41.143, -20.954, -3.0]"
PARTIAL,STOWED,B51_REF_link6_LINKLOCAL,link6,Deck_Mid_Bay,BUS_STRUCTURE,AABB_CLEAR,269.33,,269.33,CLEAR,False,"[145.572, -168.0, -57.0, -41.143, -20.954, -3.0]"
PARTIAL,STOWED,B51_REF_link6_LINKLOCAL,link6,Deck_Rear_Bay,BUS_STRUCTURE,AABB_CLEAR,276.5671,,276.5671,CLEAR,False,"[145.572, -168.0, -57.0, -41.143, -20.954, -3.0]"
PARTIAL,STOWED,B51_REF_link6_LINKLOCAL,link6,Front_End_Frame,BUS_STRUCTURE,AABB_CLEAR,158.037,,158.037,CLEAR,False,"[145.572, -168.0, -57.0, -41.143, -20.954, -3.0]"
PARTIAL,STOWED,B51_REF_link6_LINKLOCAL,link6,Front_Transverse_Frame,BUS_STRUCTURE,AABB_CLEAR,130.4719,,130.4719,CLEAR,False,"[145.572, -168.0, -57.0, -41.143, -20.954, -3.0]"
PARTIAL,STOWED,B51_REF_link6_LINKLOCAL,link6,Fwd_Saddle,SADDLE_PLACEHOLDER,AABB_CLEAR,87.3433,,87.3433,CLEAR,False,"[145.572, -168.0, -57.0, -41.143, -20.954, -3.0]"
PARTIAL,STOWED,B51_REF_link6_LINKLOCAL,link6,HDRM_Base_1_Left,BUS_STRUCTURE,AABB_CLEAR,355.3322,,355.3322,CLEAR,False,"[145.572, -168.0, -57.0, -41.143, -20.954, -3.0]"
PARTIAL,STOWED,B51_REF_link6_LINKLOCAL,link6,HDRM_Base_1_Right,BUS_STRUCTURE,AABB_CLEAR,366.2132,,366.2132,CLEAR,False,"[145.572, -168.0, -57.0, -41.143, -20.954, -3.0]"
PARTIAL,STOWED,B51_REF_link6_LINKLOCAL,link6,HDRM_Base_2_Left,BUS_STRUCTURE,AABB_CLEAR,323.5656,,323.5656,CLEAR,False,"[145.572, -168.0, -57.0, -41.143, -20.954, -3.0]"
PARTIAL,STOWED,B51_REF_link6_LINKLOCAL,link6,HDRM_Base_2_Right,BUS_STRUCTURE,AABB_CLEAR,335.4785,,335.4785,CLEAR,False,"[145.572, -168.0, -57.0, -41.143, -20.954, -3.0]"
PARTIAL,STOWED,B51_REF_link6_LINKLOCAL,link6,HDRM_Rod_1_Left,BUS_STRUCTURE,AABB_CLEAR,365.493,,365.493,CLEAR,False,"[145.572, -168.0, -57.0, -41.143, -20.954, -3.0]"
PARTIAL,STOWED,B51_REF_link6_LINKLOCAL,link6,HDRM_Rod_1_Right,BUS_STRUCTURE,AABB_CLEAR,377.3209,,377.3209,CLEAR,False,"[145.572, -168.0, -57.0, -41.143, -20.954, -3.0]"
PARTIAL,STOWED,B51_REF_link6_LINKLOCAL,link6,HDRM_Rod_2_Left,BUS_STRUCTURE,AABB_CLEAR,331.5325,,331.5325,CLEAR,False,"[145.572, -168.0, -57.0, -41.143, -20.954, -3.0]"
PARTIAL,STOWED,B51_REF_link6_LINKLOCAL,link6,HDRM_Rod_2_Right,BUS_STRUCTURE,AABB_CLEAR,344.5284,,344.5284,CLEAR,False,"[145.572, -168.0, -57.0, -41.143, -20.954, -3.0]"
PARTIAL,STOWED,B51_REF_link6_LINKLOCAL,link6,Hard_Stop_Left,BUS_STRUCTURE,AABB_CLEAR,209.5022,,209.5022,CLEAR,False,"[145.572, -168.0, -57.0, -41.143, -20.954, -3.0]"
PARTIAL,STOWED,B51_REF_link6_LINKLOCAL,link6,Hard_Stop_Right,BUS_STRUCTURE,AABB_CLEAR,229.5151,,229.5151,CLEAR,False,"[145.572, -168.0, -57.0, -41.143, -20.954, -3.0]"
PARTIAL,STOWED,B51_REF_link6_LINKLOCAL,link6,Harness_Passage,ARM_MOUNT_INTERFACE,AABB_CLEAR,291.33,,291.33,CLEAR,False,"[145.572, -168.0, -57.0, -41.143, -20.954, -3.0]"
PARTIAL,STOWED,B51_REF_link6_LINKLOCAL,link6,Harness_Service_Loop_Left,BUS_STRUCTURE,AABB_CLEAR,261.8136,,261.8136,CLEAR,False,"[145.572, -168.0, -57.0, -41.143, -20.954, -3.0]"
PARTIAL,STOWED,B51_REF_link6_LINKLOCAL,link6,Harness_Service_Loop_Right,BUS_STRUCTURE,AABB_CLEAR,276.401,,276.401,CLEAR,False,"[145.572, -168.0, -57.0, -41.143, -20.954, -3.0]"
PARTIAL,STOWED,B51_REF_link6_LINKLOCAL,link6,Hinge_Ear_1_Left,BUS_STRUCTURE,AABB_CLEAR,241.5062,,241.5062,CLEAR,False,"[145.572, -168.0, -57.0, -41.143, -20.954, -3.0]"
PARTIAL,STOWED,B51_REF_link6_LINKLOCAL,link6,Hinge_Ear_1_Right,BUS_STRUCTURE,AABB_CLEAR,259.0584,,259.0584,CLEAR,False,"[145.572, -168.0, -57.0, -41.143, -20.954, -3.0]"
PARTIAL,STOWED,B51_REF_link6_LINKLOCAL,link6,Hinge_Ear_2_Left,BUS_STRUCTURE,AABB_CLEAR,237.3826,,237.3826,CLEAR,False,"[145.572, -168.0, -57.0, -41.143, -20.954, -3.0]"
PARTIAL,STOWED,B51_REF_link6_LINKLOCAL,link6,Hinge_Ear_2_Right,BUS_STRUCTURE,AABB_CLEAR,255.2185,,255.2185,CLEAR,False,"[145.572, -168.0, -57.0, -41.143, -20.954, -3.0]"
PARTIAL,STOWED,B51_REF_link6_LINKLOCAL,link6,Hinge_Pin_Left,BUS_STRUCTURE,AABB_CLEAR,241.2345,,241.2345,CLEAR,False,"[145.572, -168.0, -57.0, -41.143, -20.954, -3.0]"
PARTIAL,STOWED,B51_REF_link6_LINKLOCAL,link6,Hinge_Pin_Right,BUS_STRUCTURE,AABB_CLEAR,262.8375,,262.8375,CLEAR,False,"[145.572, -168.0, -57.0, -41.143, -20.954, -3.0]"
PARTIAL,STOWED,B51_REF_link6_LINKLOCAL,link6,Launch_Lock_Interface_Reference,REFERENCE_ONLY,AABB_CLEAR,65.33,,65.33,EXCLUDED_REFERENCE_ONLY_BODY,False,"[145.572, -168.0, -57.0, -41.143, -20.954, -3.0]"
PARTIAL,STOWED,B51_REF_link6_LINKLOCAL,link6,Load_Bridge_Left,ARM_MOUNT_INTERFACE,AABB_CLEAR,218.33,,218.33,CLEAR,False,"[145.572, -168.0, -57.0, -41.143, -20.954, -3.0]"
PARTIAL,STOWED,B51_REF_link6_LINKLOCAL,link6,Load_Bridge_Right,ARM_MOUNT_INTERFACE,AABB_CLEAR,224.2643,,224.2643,CLEAR,False,"[145.572, -168.0, -57.0, -41.143, -20.954, -3.0]"
PARTIAL,STOWED,B51_REF_link6_LINKLOCAL,link6,Load_Spreading_Frame,ARM_MOUNT_INTERFACE,AABB_CLEAR,169.3421,,169.3421,CLEAR,False,"[145.572, -168.0, -57.0, -41.143, -20.954, -3.0]"
PARTIAL,STOWED,B51_REF_link6_LINKLOCAL,link6,Longerons_4X,BUS_STRUCTURE,AABB_CLEAR,123.18,,123.18,CLEAR,False,"[145.572, -168.0, -57.0, -41.143, -20.954, -3.0]"
PARTIAL,STOWED,B51_REF_link6_LINKLOCAL,link6,Maintenance_Access_Cover,BUS_STRUCTURE,AABB_CLEAR,344.1327,,344.1327,CLEAR,False,"[145.572, -168.0, -57.0, -41.143, -20.954, -3.0]"
PARTIAL,STOWED,B51_REF_link6_LINKLOCAL,link6,Mid_Saddle,SADDLE_PLACEHOLDER,AABB_CLEAR,18.841,,18.841,CLEAR,False,"[145.572, -168.0, -57.0, -41.143, -20.954, -3.0]"
PARTIAL,STOWED,B51_REF_link6_LINKLOCAL,link6,Mid_Transverse_Frame_,BUS_STRUCTURE,AABB_CLEAR,123.18,,123.18,CLEAR,False,"[145.572, -168.0, -57.0, -41.143, -20.954, -3.0]"
PARTIAL,STOWED,B51_REF_link6_LINKLOCAL,link6,Rear_End_Frame,BUS_STRUCTURE,AABB_CLEAR,213.0699,,213.0699,CLEAR,False,"[145.572, -168.0, -57.0, -41.143, -20.954, -3.0]"
PARTIAL,STOWED,B51_REF_link6_LINKLOCAL,link6,Release_Clearance_Envelope,REFERENCE_ONLY,MESH,-67.2934,0.0014,0.0014,EXCLUDED_REFERENCE_ONLY_BODY,False,"[145.572, -168.0, -57.0, -41.143, -20.954, -3.0]"
PARTIAL,STOWED,B51_REF_link6_LINKLOCAL,link6,Root_Base_Left,BUS_STRUCTURE,AABB_CLEAR,201.42,,201.42,CLEAR,False,"[145.572, -168.0, -57.0, -41.143, -20.954, -3.0]"
PARTIAL,STOWED,B51_REF_link6_LINKLOCAL,link6,Root_Base_Right,BUS_STRUCTURE,AABB_CLEAR,220.0481,,220.0481,CLEAR,False,"[145.572, -168.0, -57.0, -41.143, -20.954, -3.0]"
PARTIAL,STOWED,B51_REF_link6_LINKLOCAL,link6,Root_Node_Spine_Left,BUS_STRUCTURE,AABB_CLEAR,170.8555,,170.8555,CLEAR,False,"[145.572, -168.0, -57.0, -41.143, -20.954, -3.0]"
PARTIAL,STOWED,B51_REF_link6_LINKLOCAL,link6,Root_Node_Spine_Right,BUS_STRUCTURE,AABB_CLEAR,191.552,,191.552,CLEAR,False,"[145.572, -168.0, -57.0, -41.143, -20.954, -3.0]"
PARTIAL,STOWED,B51_REF_link6_LINKLOCAL,link6,Spacecraft_Flange,ARM_MOUNT_INTERFACE,AABB_CLEAR,191.0991,,191.0991,CLEAR,False,"[145.572, -168.0, -57.0, -41.143, -20.954, -3.0]"
PARTIAL,STOWED,B51_REF_link6_LINKLOCAL,link6,Torsion_Spring_1_Left,BUS_STRUCTURE,AABB_CLEAR,244.5905,,244.5905,CLEAR,False,"[145.572, -168.0, -57.0, -41.143, -20.954, -3.0]"
PARTIAL,STOWED,B51_REF_link6_LINKLOCAL,link6,Torsion_Spring_1_Right,BUS_STRUCTURE,AABB_CLEAR,265.0406,,265.0406,CLEAR,False,"[145.572, -168.0, -57.0, -41.143, -20.954, -3.0]"
PARTIAL,STOWED,B51_REF_link6_LINKLOCAL,link6,Torsion_Spring_2_Left,BUS_STRUCTURE,AABB_CLEAR,234.8316,,234.8316,CLEAR,False,"[145.572, -168.0, -57.0, -41.143, -20.954, -3.0]"
PARTIAL,STOWED,B51_REF_link6_LINKLOCAL,link6,Torsion_Spring_2_Right,BUS_STRUCTURE,AABB_CLEAR,256.0623,,256.0623,CLEAR,False,"[145.572, -168.0, -57.0, -41.143, -20.954, -3.0]"
PARTIAL,STOWED,B51_REF_link6_LINKLOCAL,link6,WING_L_DEPLOYED,SOLAR_WING,AABB_CLEAR,233.4387,,233.4387,CLEAR,False,"[145.572, -168.0, -57.0, -41.143, -20.954, -3.0]"
PARTIAL,STOWED,B51_REF_link6_LINKLOCAL,link6,WING_R_DEPLOYED,SOLAR_WING,AABB_CLEAR,249.6893,,249.6893,CLEAR,False,"[145.572, -168.0, -57.0, -41.143, -20.954, -3.0]"
PARTIAL,STOWED,B51_REF_gripper_detail_LINKLOCAL,gripper_link,Adapter_Plate,ARM_MOUNT_INTERFACE,AABB_CLEAR,195.7217,,195.7217,CLEAR,False,"[145.572, -168.0, -57.0, -41.143, -20.954, -3.0]"
PARTIAL,STOWED,B51_REF_gripper_detail_LINKLOCAL,gripper_link,Aft_Saddle,SADDLE_PLACEHOLDER,MESH,-44.8936,1.5478,1.5478,TIGHT_CLEARANCE,False,"[145.572, -168.0, -57.0, -41.143, -20.954, -3.0]"
PARTIAL,STOWED,B51_REF_gripper_detail_LINKLOCAL,gripper_link,Central_Boss,ARM_MOUNT_INTERFACE,AABB_CLEAR,221.9437,,221.9437,CLEAR,False,"[145.572, -168.0, -57.0, -41.143, -20.954, -3.0]"
PARTIAL,STOWED,B51_REF_gripper_detail_LINKLOCAL,gripper_link,Deck_Front_Bay,BUS_STRUCTURE,AABB_CLEAR,252.8693,,252.8693,CLEAR,False,"[145.572, -168.0, -57.0, -41.143, -20.954, -3.0]"
PARTIAL,STOWED,B51_REF_gripper_detail_LINKLOCAL,gripper_link,Deck_Mid_Bay,BUS_STRUCTURE,AABB_CLEAR,252.1864,,252.1864,CLEAR,False,"[145.572, -168.0, -57.0, -41.143, -20.954, -3.0]"
PARTIAL,STOWED,B51_REF_gripper_detail_LINKLOCAL,gripper_link,Deck_Rear_Bay,BUS_STRUCTURE,AABB_CLEAR,252.1864,,252.1864,CLEAR,False,"[145.572, -168.0, -57.0, -41.143, -20.954, -3.0]"
PARTIAL,STOWED,B51_REF_gripper_detail_LINKLOCAL,gripper_link,Front_End_Frame,BUS_STRUCTURE,AABB_CLEAR,167.4288,,167.4288,CLEAR,False,"[145.572, -168.0, -57.0, -41.143, -20.954, -3.0]"
PARTIAL,STOWED,B51_REF_gripper_detail_LINKLOCAL,gripper_link,Front_Transverse_Frame,BUS_STRUCTURE,AABB_CLEAR,129.0598,,129.0598,CLEAR,False,"[145.572, -168.0, -57.0, -41.143, -20.954, -3.0]"
PARTIAL,STOWED,B51_REF_gripper_detail_LINKLOCAL,gripper_link,Fwd_Saddle,SADDLE_PLACEHOLDER,AABB_CLEAR,114.7708,,114.7708,CLEAR,False,"[145.572, -168.0, -57.0, -41.143, -20.954, -3.0]"
PARTIAL,STOWED,B51_REF_gripper_detail_LINKLOCAL,gripper_link,HDRM_Base_1_Left,BUS_STRUCTURE,AABB_CLEAR,312.1218,,312.1218,CLEAR,False,"[145.572, -168.0, -57.0, -41.143, -20.954, -3.0]"
PARTIAL,STOWED,B51_REF_gripper_detail_LINKLOCAL,gripper_link,HDRM_Base_1_Right,BUS_STRUCTURE,AABB_CLEAR,313.4119,,313.4119,CLEAR,False,"[145.572, -168.0, -57.0, -41.143, -20.954, -3.0]"
PARTIAL,STOWED,B51_REF_gripper_detail_LINKLOCAL,gripper_link,HDRM_Base_2_Left,BUS_STRUCTURE,AABB_CLEAR,304.1864,,304.1864,CLEAR,False,"[145.572, -168.0, -57.0, -41.143, -20.954, -3.0]"
PARTIAL,STOWED,B51_REF_gripper_detail_LINKLOCAL,gripper_link,HDRM_Base_2_Right,BUS_STRUCTURE,AABB_CLEAR,305.5101,,305.5101,CLEAR,False,"[145.572, -168.0, -57.0, -41.143, -20.954, -3.0]"
PARTIAL,STOWED,B51_REF_gripper_detail_LINKLOCAL,gripper_link,HDRM_Rod_1_Left,BUS_STRUCTURE,AABB_CLEAR,320.6182,,320.6182,CLEAR,False,"[145.572, -168.0, -57.0, -41.143, -20.954, -3.0]"
PARTIAL,STOWED,B51_REF_gripper_detail_LINKLOCAL,gripper_link,HDRM_Rod_1_Right,BUS_STRUCTURE,AABB_CLEAR,322.6162,,322.6162,CLEAR,False,"[145.572, -168.0, -57.0, -41.143, -20.954, -3.0]"
PARTIAL,STOWED,B51_REF_gripper_detail_LINKLOCAL,gripper_link,HDRM_Rod_2_Left,BUS_STRUCTURE,AABB_CLEAR,311.2513,,311.2513,CLEAR,False,"[145.572, -168.0, -57.0, -41.143, -20.954, -3.0]"
PARTIAL,STOWED,B51_REF_gripper_detail_LINKLOCAL,gripper_link,HDRM_Rod_2_Right,BUS_STRUCTURE,AABB_CLEAR,313.309,,313.309,CLEAR,False,"[145.572, -168.0, -57.0, -41.143, -20.954, -3.0]"
PARTIAL,STOWED,B51_REF_gripper_detail_LINKLOCAL,gripper_link,Hard_Stop_Left,BUS_STRUCTURE,AABB_CLEAR,179.299,,179.299,CLEAR,False,"[145.572, -168.0, -57.0, -41.143, -20.954, -3.0]"
PARTIAL,STOWED,B51_REF_gripper_detail_LINKLOCAL,gripper_link,Hard_Stop_Right,BUS_STRUCTURE,AABB_CLEAR,182.8478,,182.8478,CLEAR,False,"[145.572, -168.0, -57.0, -41.143, -20.954, -3.0]"
PARTIAL,STOWED,B51_REF_gripper_detail_LINKLOCAL,gripper_link,Harness_Passage,ARM_MOUNT_INTERFACE,AABB_CLEAR,274.8146,,274.8146,CLEAR,False,"[145.572, -168.0, -57.0, -41.143, -20.954, -3.0]"
PARTIAL,STOWED,B51_REF_gripper_detail_LINKLOCAL,gripper_link,Harness_Service_Loop_Left,BUS_STRUCTURE,AABB_CLEAR,226.501,,226.501,CLEAR,False,"[145.572, -168.0, -57.0, -41.143, -20.954, -3.0]"
PARTIAL,STOWED,B51_REF_gripper_detail_LINKLOCAL,gripper_link,Harness_Service_Loop_Right,BUS_STRUCTURE,AABB_CLEAR,228.2755,,228.2755,CLEAR,False,"[145.572, -168.0, -57.0, -41.143, -20.954, -3.0]"
PARTIAL,STOWED,B51_REF_gripper_detail_LINKLOCAL,gripper_link,Hinge_Ear_1_Left,BUS_STRUCTURE,AABB_CLEAR,211.282,,211.282,CLEAR,False,"[145.572, -168.0, -57.0, -41.143, -20.954, -3.0]"
PARTIAL,STOWED,B51_REF_gripper_detail_LINKLOCAL,gripper_link,Hinge_Ear_1_Right,BUS_STRUCTURE,AABB_CLEAR,214.3018,,214.3018,CLEAR,False,"[145.572, -168.0, -57.0, -41.143, -20.954, -3.0]"
PARTIAL,STOWED,B51_REF_gripper_detail_LINKLOCAL,gripper_link,Hinge_Ear_2_Left,BUS_STRUCTURE,AABB_CLEAR,211.282,,211.282,CLEAR,False,"[145.572, -168.0, -57.0, -41.143, -20.954, -3.0]"
PARTIAL,STOWED,B51_REF_gripper_detail_LINKLOCAL,gripper_link,Hinge_Ear_2_Right,BUS_STRUCTURE,AABB_CLEAR,214.3018,,214.3018,CLEAR,False,"[145.572, -168.0, -57.0, -41.143, -20.954, -3.0]"
PARTIAL,STOWED,B51_REF_gripper_detail_LINKLOCAL,gripper_link,Hinge_Pin_Left,BUS_STRUCTURE,AABB_CLEAR,213.5795,,213.5795,CLEAR,False,"[145.572, -168.0, -57.0, -41.143, -20.954, -3.0]"
PARTIAL,STOWED,B51_REF_gripper_detail_LINKLOCAL,gripper_link,Hinge_Pin_Right,BUS_STRUCTURE,AABB_CLEAR,219.051,,219.051,CLEAR,False,"[145.572, -168.0, -57.0, -41.143, -20.954, -3.0]"
PARTIAL,STOWED,B51_REF_gripper_detail_LINKLOCAL,gripper_link,Launch_Lock_Interface_Reference,REFERENCE_ONLY,AABB_CLEAR,48.1864,,48.1864,EXCLUDED_REFERENCE_ONLY_BODY,False,"[145.572, -168.0, -57.0, -41.143, -20.954, -3.0]"
PARTIAL,STOWED,B51_REF_gripper_detail_LINKLOCAL,gripper_link,Load_Bridge_Left,ARM_MOUNT_INTERFACE,AABB_CLEAR,202.0417,,202.0417,CLEAR,False,"[145.572, -168.0, -57.0, -41.143, -20.954, -3.0]"
PARTIAL,STOWED,B51_REF_gripper_detail_LINKLOCAL,gripper_link,Load_Bridge_Right,ARM_MOUNT_INTERFACE,AABB_CLEAR,202.0417,,202.0417,CLEAR,False,"[145.572, -168.0, -57.0, -41.143, -20.954, -3.0]"
PARTIAL,STOWED,B51_REF_gripper_detail_LINKLOCAL,gripper_link,Load_Spreading_Frame,ARM_MOUNT_INTERFACE,AABB_CLEAR,175.8013,,175.8013,CLEAR,False,"[145.572, -168.0, -57.0, -41.143, -20.954, -3.0]"
PARTIAL,STOWED,B51_REF_gripper_detail_LINKLOCAL,gripper_link,Longerons_4X,BUS_STRUCTURE,AABB_CLEAR,106.0364,,106.0364,CLEAR,False,"[145.572, -168.0, -57.0, -41.143, -20.954, -3.0]"
PARTIAL,STOWED,B51_REF_gripper_detail_LINKLOCAL,gripper_link,Maintenance_Access_Cover,BUS_STRUCTURE,AABB_CLEAR,333.2239,,333.2239,CLEAR,False,"[145.572, -168.0, -57.0, -41.143, -20.954, -3.0]"
PARTIAL,STOWED,B51_REF_gripper_detail_LINKLOCAL,gripper_link,Mid_Saddle,SADDLE_PLACEHOLDER,AABB_CLEAR,34.5944,,34.5944,CLEAR,False,"[145.572, -168.0, -57.0, -41.143, -20.954, -3.0]"
PARTIAL,STOWED,B51_REF_gripper_detail_LINKLOCAL,gripper_link,Mid_Transverse_Frame_,BUS_STRUCTURE,AABB_CLEAR,106.0364,,106.0364,CLEAR,False,"[145.572, -168.0, -57.0, -41.143, -20.954, -3.0]"
PARTIAL,STOWED,B51_REF_gripper_detail_LINKLOCAL,gripper_link,Rear_End_Frame,BUS_STRUCTURE,AABB_CLEAR,143.6654,,143.6654,CLEAR,False,"[145.572, -168.0, -57.0, -41.143, -20.954, -3.0]"
PARTIAL,STOWED,B51_REF_gripper_detail_LINKLOCAL,gripper_link,Release_Clearance_Envelope,REFERENCE_ONLY,MESH,-117.0224,0.0053,0.0053,EXCLUDED_REFERENCE_ONLY_BODY,False,"[145.572, -168.0, -57.0, -41.143, -20.954, -3.0]"
PARTIAL,STOWED,B51_REF_gripper_detail_LINKLOCAL,gripper_link,Root_Base_Left,BUS_STRUCTURE,AABB_CLEAR,176.1864,,176.1864,CLEAR,False,"[145.572, -168.0, -57.0, -41.143, -20.954, -3.0]"
PARTIAL,STOWED,B51_REF_gripper_detail_LINKLOCAL,gripper_link,Root_Base_Right,BUS_STRUCTURE,AABB_CLEAR,178.462,,178.462,CLEAR,False,"[145.572, -168.0, -57.0, -41.143, -20.954, -3.0]"
PARTIAL,STOWED,B51_REF_gripper_detail_LINKLOCAL,gripper_link,Root_Node_Spine_Left,BUS_STRUCTURE,AABB_CLEAR,141.1864,,141.1864,CLEAR,False,"[145.572, -168.0, -57.0, -41.143, -20.954, -3.0]"
PARTIAL,STOWED,B51_REF_gripper_detail_LINKLOCAL,gripper_link,Root_Node_Spine_Right,BUS_STRUCTURE,AABB_CLEAR,143.4544,,143.4544,CLEAR,False,"[145.572, -168.0, -57.0, -41.143, -20.954, -3.0]"
PARTIAL,STOWED,B51_REF_gripper_detail_LINKLOCAL,gripper_link,Spacecraft_Flange,ARM_MOUNT_INTERFACE,AABB_CLEAR,197.128,,197.128,CLEAR,False,"[145.572, -168.0, -57.0, -41.143, -20.954, -3.0]"
PARTIAL,STOWED,B51_REF_gripper_detail_LINKLOCAL,gripper_link,Torsion_Spring_1_Left,BUS_STRUCTURE,AABB_CLEAR,209.179,,209.179,CLEAR,False,"[145.572, -168.0, -57.0, -41.143, -20.954, -3.0]"
PARTIAL,STOWED,B51_REF_gripper_detail_LINKLOCAL,gripper_link,Torsion_Spring_1_Right,BUS_STRUCTURE,AABB_CLEAR,214.2022,,214.2022,CLEAR,False,"[145.572, -168.0, -57.0, -41.143, -20.954, -3.0]"
PARTIAL,STOWED,B51_REF_gripper_detail_LINKLOCAL,gripper_link,Torsion_Spring_2_Left,BUS_STRUCTURE,AABB_CLEAR,209.179,,209.179,CLEAR,False,"[145.572, -168.0, -57.0, -41.143, -20.954, -3.0]"
PARTIAL,STOWED,B51_REF_gripper_detail_LINKLOCAL,gripper_link,Torsion_Spring_2_Right,BUS_STRUCTURE,AABB_CLEAR,214.2022,,214.2022,CLEAR,False,"[145.572, -168.0, -57.0, -41.143, -20.954, -3.0]"
PARTIAL,STOWED,B51_REF_gripper_detail_LINKLOCAL,gripper_link,WING_L_DEPLOYED,SOLAR_WING,AABB_CLEAR,213.1864,,213.1864,CLEAR,False,"[145.572, -168.0, -57.0, -41.143, -20.954, -3.0]"
PARTIAL,STOWED,B51_REF_gripper_detail_LINKLOCAL,gripper_link,WING_R_DEPLOYED,SOLAR_WING,AABB_CLEAR,215.0708,,215.0708,CLEAR,False,"[145.572, -168.0, -57.0, -41.143, -20.954, -3.0]"
SERVICE,DEPLOYED,B51_REF_base_link_LINKLOCAL,base_link,Adapter_Plate,ARM_MOUNT_INTERFACE,AABB_CLEAR,12.405,,12.405,EXCLUDED_BOLTED_MOUNT_INTERFACE,False,"[0.0, 0.0, 0.0, 0.0, 0.0, 0.0]"
SERVICE,DEPLOYED,B51_REF_base_link_LINKLOCAL,base_link,Aft_Saddle,SADDLE_PLACEHOLDER,AABB_CLEAR,216.7609,,216.7609,CLEAR,False,"[0.0, 0.0, 0.0, 0.0, 0.0, 0.0]"
SERVICE,DEPLOYED,B51_REF_base_link_LINKLOCAL,base_link,Central_Boss,ARM_MOUNT_INTERFACE,MESH,2.405,2.7142,2.7142,EXCLUDED_BOLTED_MOUNT_INTERFACE,False,"[0.0, 0.0, 0.0, 0.0, 0.0, 0.0]"
SERVICE,DEPLOYED,B51_REF_base_link_LINKLOCAL,base_link,Deck_Front_Bay,BUS_STRUCTURE,AABB_CLEAR,91.405,,91.405,CLEAR,False,"[0.0, 0.0, 0.0, 0.0, 0.0, 0.0]"
SERVICE,DEPLOYED,B51_REF_base_link_LINKLOCAL,base_link,Deck_Mid_Bay,BUS_STRUCTURE,AABB_CLEAR,152.405,,152.405,CLEAR,False,"[0.0, 0.0, 0.0, 0.0, 0.0, 0.0]"
SERVICE,DEPLOYED,B51_REF_base_link_LINKLOCAL,base_link,Deck_Rear_Bay,BUS_STRUCTURE,AABB_CLEAR,274.405,,274.405,CLEAR,False,"[0.0, 0.0, 0.0, 0.0, 0.0, 0.0]"
SERVICE,DEPLOYED,B51_REF_base_link_LINKLOCAL,base_link,Front_End_Frame,BUS_STRUCTURE,AABB_CLEAR,27.405,,27.405,CLEAR,False,"[0.0, 0.0, 0.0, 0.0, 0.0, 0.0]"
SERVICE,DEPLOYED,B51_REF_base_link_LINKLOCAL,base_link,Front_Transverse_Frame,BUS_STRUCTURE,AABB_CLEAR,85.405,,85.405,CLEAR,False,"[0.0, 0.0, 0.0, 0.0, 0.0, 0.0]"
SERVICE,DEPLOYED,B51_REF_base_link_LINKLOCAL,base_link,Fwd_Saddle,SADDLE_PLACEHOLDER,AABB_CLEAR,60.328,,60.328,CLEAR,False,"[0.0, 0.0, 0.0, 0.0, 0.0, 0.0]"
SERVICE,DEPLOYED,B51_REF_base_link_LINKLOCAL,base_link,HDRM_Base_1_Left,BUS_STRUCTURE,AABB_CLEAR,363.1471,,363.1471,CLEAR,False,"[0.0, 0.0, 0.0, 0.0, 0.0, 0.0]"
SERVICE,DEPLOYED,B51_REF_base_link_LINKLOCAL,base_link,HDRM_Base_1_Right,BUS_STRUCTURE,AABB_CLEAR,363.1517,,363.1517,CLEAR,False,"[0.0, 0.0, 0.0, 0.0, 0.0, 0.0]"
SERVICE,DEPLOYED,B51_REF_base_link_LINKLOCAL,base_link,HDRM_Base_2_Left,BUS_STRUCTURE,AABB_CLEAR,168.8604,,168.8604,CLEAR,False,"[0.0, 0.0, 0.0, 0.0, 0.0, 0.0]"
SERVICE,DEPLOYED,B51_REF_base_link_LINKLOCAL,base_link,HDRM_Base_2_Right,BUS_STRUCTURE,AABB_CLEAR,168.8702,,168.8702,CLEAR,False,"[0.0, 0.0, 0.0, 0.0, 0.0, 0.0]"
SERVICE,DEPLOYED,B51_REF_base_link_LINKLOCAL,base_link,HDRM_Rod_1_Left,BUS_STRUCTURE,AABB_CLEAR,371.8367,,371.8367,CLEAR,False,"[0.0, 0.0, 0.0, 0.0, 0.0, 0.0]"
SERVICE,DEPLOYED,B51_REF_base_link_LINKLOCAL,base_link,HDRM_Rod_1_Right,BUS_STRUCTURE,AABB_CLEAR,371.8418,,371.8418,CLEAR,False,"[0.0, 0.0, 0.0, 0.0, 0.0, 0.0]"
SERVICE,DEPLOYED,B51_REF_base_link_LINKLOCAL,base_link,HDRM_Rod_2_Left,BUS_STRUCTURE,AABB_CLEAR,179.1662,,179.1662,CLEAR,False,"[0.0, 0.0, 0.0, 0.0, 0.0, 0.0]"
SERVICE,DEPLOYED,B51_REF_base_link_LINKLOCAL,base_link,HDRM_Rod_2_Right,BUS_STRUCTURE,AABB_CLEAR,179.1769,,179.1769,CLEAR,False,"[0.0, 0.0, 0.0, 0.0, 0.0, 0.0]"
SERVICE,DEPLOYED,B51_REF_base_link_LINKLOCAL,base_link,Hard_Stop_Left,BUS_STRUCTURE,AABB_CLEAR,275.0303,,275.0303,CLEAR,False,"[0.0, 0.0, 0.0, 0.0, 0.0, 0.0]"
SERVICE,DEPLOYED,B51_REF_base_link_LINKLOCAL,base_link,Hard_Stop_Right,BUS_STRUCTURE,AABB_CLEAR,275.0373,,275.0373,CLEAR,False,"[0.0, 0.0, 0.0, 0.0, 0.0, 0.0]"
SERVICE,DEPLOYED,B51_REF_base_link_LINKLOCAL,base_link,Harness_Passage,ARM_MOUNT_INTERFACE,AABB_CLEAR,39.405,,39.405,EXCLUDED_BOLTED_MOUNT_INTERFACE,False,"[0.0, 0.0, 0.0, 0.0, 0.0, 0.0]"
SERVICE,DEPLOYED,B51_REF_base_link_LINKLOCAL,base_link,Harness_Service_Loop_Left,BUS_STRUCTURE,AABB_CLEAR,304.873,,304.873,CLEAR,False,"[0.0, 0.0, 0.0, 0.0, 0.0, 0.0]"
SERVICE,DEPLOYED,B51_REF_base_link_LINKLOCAL,base_link,Harness_Service_Loop_Right,BUS_STRUCTURE,AABB_CLEAR,304.8784,,304.8784,CLEAR,False,"[0.0, 0.0, 0.0, 0.0, 0.0, 0.0]"
SERVICE,DEPLOYED,B51_REF_base_link_LINKLOCAL,base_link,Hinge_Ear_1_Left,BUS_STRUCTURE,AABB_CLEAR,281.8658,,281.8658,CLEAR,False,"[0.0, 0.0, 0.0, 0.0, 0.0, 0.0]"
SERVICE,DEPLOYED,B51_REF_base_link_LINKLOCAL,base_link,Hinge_Ear_1_Right,BUS_STRUCTURE,AABB_CLEAR,281.8726,,281.8726,CLEAR,False,"[0.0, 0.0, 0.0, 0.0, 0.0, 0.0]"
SERVICE,DEPLOYED,B51_REF_base_link_LINKLOCAL,base_link,Hinge_Ear_2_Left,BUS_STRUCTURE,AABB_CLEAR,264.3062,,264.3062,CLEAR,False,"[0.0, 0.0, 0.0, 0.0, 0.0, 0.0]"
SERVICE,DEPLOYED,B51_REF_base_link_LINKLOCAL,base_link,Hinge_Ear_2_Right,BUS_STRUCTURE,AABB_CLEAR,264.3134,,264.3134,CLEAR,False,"[0.0, 0.0, 0.0, 0.0, 0.0, 0.0]"
SERVICE,DEPLOYED,B51_REF_base_link_LINKLOCAL,base_link,Hinge_Pin_Left,BUS_STRUCTURE,AABB_CLEAR,262.2731,,262.2731,CLEAR,False,"[0.0, 0.0, 0.0, 0.0, 0.0, 0.0]"
SERVICE,DEPLOYED,B51_REF_base_link_LINKLOCAL,base_link,Hinge_Pin_Right,BUS_STRUCTURE,AABB_CLEAR,262.2826,,262.2826,CLEAR,False,"[0.0, 0.0, 0.0, 0.0, 0.0, 0.0]"
SERVICE,DEPLOYED,B51_REF_base_link_LINKLOCAL,base_link,Launch_Lock_Interface_Reference,REFERENCE_ONLY,AABB_CLEAR,212.5956,,212.5956,EXCLUDED_REFERENCE_ONLY_BODY,False,"[0.0, 0.0, 0.0, 0.0, 0.0, 0.0]"
SERVICE,DEPLOYED,B51_REF_base_link_LINKLOCAL,base_link,Load_Bridge_Left,ARM_MOUNT_INTERFACE,AABB_CLEAR,39.9965,,39.9965,EXCLUDED_BOLTED_MOUNT_INTERFACE,False,"[0.0, 0.0, 0.0, 0.0, 0.0, 0.0]"
SERVICE,DEPLOYED,B51_REF_base_link_LINKLOCAL,base_link,Load_Bridge_Right,ARM_MOUNT_INTERFACE,AABB_CLEAR,40.002,,40.002,EXCLUDED_BOLTED_MOUNT_INTERFACE,False,"[0.0, 0.0, 0.0, 0.0, 0.0, 0.0]"
SERVICE,DEPLOYED,B51_REF_base_link_LINKLOCAL,base_link,Load_Spreading_Frame,ARM_MOUNT_INTERFACE,AABB_CLEAR,35.405,,35.405,EXCLUDED_BOLTED_MOUNT_INTERFACE,False,"[0.0, 0.0, 0.0, 0.0, 0.0, 0.0]"
SERVICE,DEPLOYED,B51_REF_base_link_LINKLOCAL,base_link,Longerons_4X,BUS_STRUCTURE,AABB_CLEAR,27.405,,27.405,CLEAR,False,"[0.0, 0.0, 0.0, 0.0, 0.0, 0.0]"
SERVICE,DEPLOYED,B51_REF_base_link_LINKLOCAL,base_link,Maintenance_Access_Cover,BUS_STRUCTURE,AABB_CLEAR,61.1753,,61.1753,CLEAR,False,"[0.0, 0.0, 0.0, 0.0, 0.0, 0.0]"
SERVICE,DEPLOYED,B51_REF_base_link_LINKLOCAL,base_link,Mid_Saddle,SADDLE_PLACEHOLDER,AABB_CLEAR,122.083,,122.083,CLEAR,False,"[0.0, 0.0, 0.0, 0.0, 0.0, 0.0]"
SERVICE,DEPLOYED,B51_REF_base_link_LINKLOCAL,base_link,Mid_Transverse_Frame_,BUS_STRUCTURE,AABB_CLEAR,146.405,,146.405,CLEAR,False,"[0.0, 0.0, 0.0, 0.0, 0.0, 0.0]"
SERVICE,DEPLOYED,B51_REF_base_link_LINKLOCAL,base_link,Rear_End_Frame,BUS_STRUCTURE,AABB_CLEAR,385.405,,385.405,CLEAR,False,"[0.0, 0.0, 0.0, 0.0, 0.0, 0.0]"
SERVICE,DEPLOYED,B51_REF_base_link_LINKLOCAL,base_link,Release_Clearance_Envelope,REFERENCE_ONLY,AABB_CLEAR,246.8543,,246.8543,EXCLUDED_REFERENCE_ONLY_BODY,False,"[0.0, 0.0, 0.0, 0.0, 0.0, 0.0]"
SERVICE,DEPLOYED,B51_REF_base_link_LINKLOCAL,base_link,Root_Base_Left,BUS_STRUCTURE,AABB_CLEAR,258.686,,258.686,CLEAR,False,"[0.0, 0.0, 0.0, 0.0, 0.0, 0.0]"
SERVICE,DEPLOYED,B51_REF_base_link_LINKLOCAL,base_link,Root_Base_Right,BUS_STRUCTURE,AABB_CLEAR,258.6924,,258.6924,CLEAR,False,"[0.0, 0.0, 0.0, 0.0, 0.0, 0.0]"
SERVICE,DEPLOYED,B51_REF_base_link_LINKLOCAL,base_link,Root_Node_Spine_Left,BUS_STRUCTURE,AABB_CLEAR,269.891,,269.891,CLEAR,False,"[0.0, 0.0, 0.0, 0.0, 0.0, 0.0]"
SERVICE,DEPLOYED,B51_REF_base_link_LINKLOCAL,base_link,Root_Node_Spine_Right,BUS_STRUCTURE,AABB_CLEAR,269.8968,,269.8968,CLEAR,False,"[0.0, 0.0, 0.0, 0.0, 0.0, 0.0]"
SERVICE,DEPLOYED,B51_REF_base_link_LINKLOCAL,base_link,Spacecraft_Flange,ARM_MOUNT_INTERFACE,AABB_CLEAR,24.405,,24.405,EXCLUDED_BOLTED_MOUNT_INTERFACE,False,"[0.0, 0.0, 0.0, 0.0, 0.0, 0.0]"
SERVICE,DEPLOYED,B51_REF_base_link_LINKLOCAL,base_link,Torsion_Spring_1_Left,BUS_STRUCTURE,AABB_CLEAR,294.8432,,294.8432,CLEAR,False,"[0.0, 0.0, 0.0, 0.0, 0.0, 0.0]"
SERVICE,DEPLOYED,B51_REF_base_link_LINKLOCAL,base_link,Torsion_Spring_1_Right,BUS_STRUCTURE,AABB_CLEAR,294.8512,,294.8512,CLEAR,False,"[0.0, 0.0, 0.0, 0.0, 0.0, 0.0]"
SERVICE,DEPLOYED,B51_REF_base_link_LINKLOCAL,base_link,Torsion_Spring_2_Left,BUS_STRUCTURE,AABB_CLEAR,250.5818,,250.5818,CLEAR,False,"[0.0, 0.0, 0.0, 0.0, 0.0, 0.0]"
SERVICE,DEPLOYED,B51_REF_base_link_LINKLOCAL,base_link,Torsion_Spring_2_Right,BUS_STRUCTURE,AABB_CLEAR,250.5913,,250.5913,CLEAR,False,"[0.0, 0.0, 0.0, 0.0, 0.0, 0.0]"
SERVICE,DEPLOYED,B51_REF_base_link_LINKLOCAL,base_link,WING_L_DEPLOYED,SOLAR_WING,AABB_CLEAR,166.2478,,166.2478,CLEAR,False,"[0.0, 0.0, 0.0, 0.0, 0.0, 0.0]"
SERVICE,DEPLOYED,B51_REF_base_link_LINKLOCAL,base_link,WING_R_DEPLOYED,SOLAR_WING,AABB_CLEAR,166.2578,,166.2578,CLEAR,False,"[0.0, 0.0, 0.0, 0.0, 0.0, 0.0]"
SERVICE,DEPLOYED,B51_REF_link1_LINKLOCAL,link1,Adapter_Plate,ARM_MOUNT_INTERFACE,AABB_CLEAR,84.05,,84.05,CLEAR,False,"[0.0, 0.0, 0.0, 0.0, 0.0, 0.0]"
SERVICE,DEPLOYED,B51_REF_link1_LINKLOCAL,link1,Aft_Saddle,SADDLE_PLACEHOLDER,AABB_CLEAR,288.8288,,288.8288,CLEAR,False,"[0.0, 0.0, 0.0, 0.0, 0.0, 0.0]"
SERVICE,DEPLOYED,B51_REF_link1_LINKLOCAL,link1,Central_Boss,ARM_MOUNT_INTERFACE,AABB_CLEAR,74.05,,74.05,CLEAR,False,"[0.0, 0.0, 0.0, 0.0, 0.0, 0.0]"
SERVICE,DEPLOYED,B51_REF_link1_LINKLOCAL,link1,Deck_Front_Bay,BUS_STRUCTURE,AABB_CLEAR,163.05,,163.05,CLEAR,False,"[0.0, 0.0, 0.0, 0.0, 0.0, 0.0]"
SERVICE,DEPLOYED,B51_REF_link1_LINKLOCAL,link1,Deck_Mid_Bay,BUS_STRUCTURE,AABB_CLEAR,224.05,,224.05,CLEAR,False,"[0.0, 0.0, 0.0, 0.0, 0.0, 0.0]"
SERVICE,DEPLOYED,B51_REF_link1_LINKLOCAL,link1,Deck_Rear_Bay,BUS_STRUCTURE,AABB_CLEAR,346.05,,346.05,CLEAR,False,"[0.0, 0.0, 0.0, 0.0, 0.0, 0.0]"
SERVICE,DEPLOYED,B51_REF_link1_LINKLOCAL,link1,Front_End_Frame,BUS_STRUCTURE,AABB_CLEAR,99.05,,99.05,CLEAR,False,"[0.0, 0.0, 0.0, 0.0, 0.0, 0.0]"
SERVICE,DEPLOYED,B51_REF_link1_LINKLOCAL,link1,Front_Transverse_Frame,BUS_STRUCTURE,AABB_CLEAR,157.05,,157.05,CLEAR,False,"[0.0, 0.0, 0.0, 0.0, 0.0, 0.0]"
SERVICE,DEPLOYED,B51_REF_link1_LINKLOCAL,link1,Fwd_Saddle,SADDLE_PLACEHOLDER,AABB_CLEAR,119.5161,,119.5161,CLEAR,False,"[0.0, 0.0, 0.0, 0.0, 0.0, 0.0]"
SERVICE,DEPLOYED,B51_REF_link1_LINKLOCAL,link1,HDRM_Base_1_Left,BUS_STRUCTURE,AABB_CLEAR,434.7793,,434.7793,CLEAR,False,"[0.0, 0.0, 0.0, 0.0, 0.0, 0.0]"
SERVICE,DEPLOYED,B51_REF_link1_LINKLOCAL,link1,HDRM_Base_1_Right,BUS_STRUCTURE,AABB_CLEAR,435.3445,,435.3445,CLEAR,False,"[0.0, 0.0, 0.0, 0.0, 0.0, 0.0]"
SERVICE,DEPLOYED,B51_REF_link1_LINKLOCAL,link1,HDRM_Base_2_Left,BUS_STRUCTURE,AABB_CLEAR,238.7741,,238.7741,CLEAR,False,"[0.0, 0.0, 0.0, 0.0, 0.0, 0.0]"
SERVICE,DEPLOYED,B51_REF_link1_LINKLOCAL,link1,HDRM_Base_2_Right,BUS_STRUCTURE,AABB_CLEAR,239.8017,,239.8017,CLEAR,False,"[0.0, 0.0, 0.0, 0.0, 0.0, 0.0]"
SERVICE,DEPLOYED,B51_REF_link1_LINKLOCAL,link1,HDRM_Rod_1_Left,BUS_STRUCTURE,AABB_CLEAR,443.3112,,443.3112,CLEAR,False,"[0.0, 0.0, 0.0, 0.0, 0.0, 0.0]"
SERVICE,DEPLOYED,B51_REF_link1_LINKLOCAL,link1,HDRM_Rod_1_Right,BUS_STRUCTURE,AABB_CLEAR,443.9396,,443.9396,CLEAR,False,"[0.0, 0.0, 0.0, 0.0, 0.0, 0.0]"
SERVICE,DEPLOYED,B51_REF_link1_LINKLOCAL,link1,HDRM_Rod_2_Left,BUS_STRUCTURE,AABB_CLEAR,248.4045,,248.4045,CLEAR,False,"[0.0, 0.0, 0.0, 0.0, 0.0, 0.0]"
SERVICE,DEPLOYED,B51_REF_link1_LINKLOCAL,link1,HDRM_Rod_2_Right,BUS_STRUCTURE,AABB_CLEAR,249.5243,,249.5243,CLEAR,False,"[0.0, 0.0, 0.0, 0.0, 0.0, 0.0]"
SERVICE,DEPLOYED,B51_REF_link1_LINKLOCAL,link1,Hard_Stop_Left,BUS_STRUCTURE,AABB_CLEAR,346.3432,,346.3432,CLEAR,False,"[0.0, 0.0, 0.0, 0.0, 0.0, 0.0]"
SERVICE,DEPLOYED,B51_REF_link1_LINKLOCAL,link1,Hard_Stop_Right,BUS_STRUCTURE,AABB_CLEAR,347.1472,,347.1472,CLEAR,False,"[0.0, 0.0, 0.0, 0.0, 0.0, 0.0]"
SERVICE,DEPLOYED,B51_REF_link1_LINKLOCAL,link1,Harness_Passage,ARM_MOUNT_INTERFACE,AABB_CLEAR,111.05,,111.05,CLEAR,False,"[0.0, 0.0, 0.0, 0.0, 0.0, 0.0]"
SERVICE,DEPLOYED,B51_REF_link1_LINKLOCAL,link1,Harness_Service_Loop_Left,BUS_STRUCTURE,AABB_CLEAR,376.5013,,376.5013,CLEAR,False,"[0.0, 0.0, 0.0, 0.0, 0.0, 0.0]"
SERVICE,DEPLOYED,B51_REF_link1_LINKLOCAL,link1,Harness_Service_Loop_Right,BUS_STRUCTURE,AABB_CLEAR,377.1538,,377.1538,CLEAR,False,"[0.0, 0.0, 0.0, 0.0, 0.0, 0.0]"
SERVICE,DEPLOYED,B51_REF_link1_LINKLOCAL,link1,Hinge_Ear_1_Left,BUS_STRUCTURE,AABB_CLEAR,353.2185,,353.2185,CLEAR,False,"[0.0, 0.0, 0.0, 0.0, 0.0, 0.0]"
SERVICE,DEPLOYED,B51_REF_link1_LINKLOCAL,link1,Hinge_Ear_1_Right,BUS_STRUCTURE,AABB_CLEAR,354.0069,,354.0069,CLEAR,False,"[0.0, 0.0, 0.0, 0.0, 0.0, 0.0]"
SERVICE,DEPLOYED,B51_REF_link1_LINKLOCAL,link1,Hinge_Ear_2_Left,BUS_STRUCTURE,AABB_CLEAR,335.5496,,335.5496,CLEAR,False,"[0.0, 0.0, 0.0, 0.0, 0.0, 0.0]"
SERVICE,DEPLOYED,B51_REF_link1_LINKLOCAL,link1,Hinge_Ear_2_Right,BUS_STRUCTURE,AABB_CLEAR,336.3794,,336.3794,CLEAR,False,"[0.0, 0.0, 0.0, 0.0, 0.0, 0.0]"
SERVICE,DEPLOYED,B51_REF_link1_LINKLOCAL,link1,Hinge_Pin_Left,BUS_STRUCTURE,AABB_CLEAR,332.755,,332.755,CLEAR,False,"[0.0, 0.0, 0.0, 0.0, 0.0, 0.0]"
SERVICE,DEPLOYED,B51_REF_link1_LINKLOCAL,link1,Hinge_Pin_Right,BUS_STRUCTURE,AABB_CLEAR,333.8136,,333.8136,CLEAR,False,"[0.0, 0.0, 0.0, 0.0, 0.0, 0.0]"
SERVICE,DEPLOYED,B51_REF_link1_LINKLOCAL,link1,Launch_Lock_Interface_Reference,REFERENCE_ONLY,AABB_CLEAR,283.8691,,283.8691,EXCLUDED_REFERENCE_ONLY_BODY,False,"[0.0, 0.0, 0.0, 0.0, 0.0, 0.0]"
SERVICE,DEPLOYED,B51_REF_link1_LINKLOCAL,link1,Load_Bridge_Left,ARM_MOUNT_INTERFACE,AABB_CLEAR,111.7596,,111.7596,CLEAR,False,"[0.0, 0.0, 0.0, 0.0, 0.0, 0.0]"
SERVICE,DEPLOYED,B51_REF_link1_LINKLOCAL,link1,Load_Bridge_Right,ARM_MOUNT_INTERFACE,AABB_CLEAR,112.2967,,112.2967,CLEAR,False,"[0.0, 0.0, 0.0, 0.0, 0.0, 0.0]"
SERVICE,DEPLOYED,B51_REF_link1_LINKLOCAL,link1,Load_Spreading_Frame,ARM_MOUNT_INTERFACE,AABB_CLEAR,107.05,,107.05,CLEAR,False,"[0.0, 0.0, 0.0, 0.0, 0.0, 0.0]"
SERVICE,DEPLOYED,B51_REF_link1_LINKLOCAL,link1,Longerons_4X,BUS_STRUCTURE,AABB_CLEAR,99.05,,99.05,CLEAR,False,"[0.0, 0.0, 0.0, 0.0, 0.0, 0.0]"
SERVICE,DEPLOYED,B51_REF_link1_LINKLOCAL,link1,Maintenance_Access_Cover,BUS_STRUCTURE,AABB_CLEAR,121.3856,,121.3856,CLEAR,False,"[0.0, 0.0, 0.0, 0.0, 0.0, 0.0]"
SERVICE,DEPLOYED,B51_REF_link1_LINKLOCAL,link1,Mid_Saddle,SADDLE_PLACEHOLDER,AABB_CLEAR,192.3853,,192.3853,CLEAR,False,"[0.0, 0.0, 0.0, 0.0, 0.0, 0.0]"
SERVICE,DEPLOYED,B51_REF_link1_LINKLOCAL,link1,Mid_Transverse_Frame_,BUS_STRUCTURE,AABB_CLEAR,218.05,,218.05,CLEAR,False,"[0.0, 0.0, 0.0, 0.0, 0.0, 0.0]"
SERVICE,DEPLOYED,B51_REF_link1_LINKLOCAL,link1,Rear_End_Frame,BUS_STRUCTURE,AABB_CLEAR,457.05,,457.05,CLEAR,False,"[0.0, 0.0, 0.0, 0.0, 0.0, 0.0]"
SERVICE,DEPLOYED,B51_REF_link1_LINKLOCAL,link1,Release_Clearance_Envelope,REFERENCE_ONLY,AABB_CLEAR,300.6546,,300.6546,EXCLUDED_REFERENCE_ONLY_BODY,False,"[0.0, 0.0, 0.0, 0.0, 0.0, 0.0]"
SERVICE,DEPLOYED,B51_REF_link1_LINKLOCAL,link1,Root_Base_Left,BUS_STRUCTURE,AABB_CLEAR,330.1356,,330.1356,CLEAR,False,"[0.0, 0.0, 0.0, 0.0, 0.0, 0.0]"
SERVICE,DEPLOYED,B51_REF_link1_LINKLOCAL,link1,Root_Base_Right,BUS_STRUCTURE,AABB_CLEAR,330.8796,,330.8796,CLEAR,False,"[0.0, 0.0, 0.0, 0.0, 0.0, 0.0]"
SERVICE,DEPLOYED,B51_REF_link1_LINKLOCAL,link1,Root_Node_Spine_Left,BUS_STRUCTURE,AABB_CLEAR,341.4636,,341.4636,CLEAR,False,"[0.0, 0.0, 0.0, 0.0, 0.0, 0.0]"
SERVICE,DEPLOYED,B51_REF_link1_LINKLOCAL,link1,Root_Node_Spine_Right,BUS_STRUCTURE,AABB_CLEAR,342.1469,,342.1469,CLEAR,False,"[0.0, 0.0, 0.0, 0.0, 0.0, 0.0]"
SERVICE,DEPLOYED,B51_REF_link1_LINKLOCAL,link1,Spacecraft_Flange,ARM_MOUNT_INTERFACE,AABB_CLEAR,96.05,,96.05,CLEAR,False,"[0.0, 0.0, 0.0, 0.0, 0.0, 0.0]"
SERVICE,DEPLOYED,B51_REF_link1_LINKLOCAL,link1,Torsion_Spring_1_Left,BUS_STRUCTURE,AABB_CLEAR,365.8423,,365.8423,CLEAR,False,"[0.0, 0.0, 0.0, 0.0, 0.0, 0.0]"
SERVICE,DEPLOYED,B51_REF_link1_LINKLOCAL,link1,Torsion_Spring_1_Right,BUS_STRUCTURE,AABB_CLEAR,366.7606,,366.7606,CLEAR,False,"[0.0, 0.0, 0.0, 0.0, 0.0, 0.0]"
SERVICE,DEPLOYED,B51_REF_link1_LINKLOCAL,link1,Torsion_Spring_2_Left,BUS_STRUCTURE,AABB_CLEAR,321.1043,,321.1043,CLEAR,False,"[0.0, 0.0, 0.0, 0.0, 0.0, 0.0]"
SERVICE,DEPLOYED,B51_REF_link1_LINKLOCAL,link1,Torsion_Spring_2_Right,BUS_STRUCTURE,AABB_CLEAR,322.1501,,322.1501,CLEAR,False,"[0.0, 0.0, 0.0, 0.0, 0.0, 0.0]"
SERVICE,DEPLOYED,B51_REF_link1_LINKLOCAL,link1,WING_L_DEPLOYED,SOLAR_WING,AABB_CLEAR,236.6965,,236.6965,CLEAR,False,"[0.0, 0.0, 0.0, 0.0, 0.0, 0.0]"
SERVICE,DEPLOYED,B51_REF_link1_LINKLOCAL,link1,WING_R_DEPLOYED,SOLAR_WING,AABB_CLEAR,237.733,,237.733,CLEAR,False,"[0.0, 0.0, 0.0, 0.0, 0.0, 0.0]"
SERVICE,DEPLOYED,B51_REF_link2_LINKLOCAL,link2,Adapter_Plate,ARM_MOUNT_INTERFACE,AABB_CLEAR,121.736,,121.736,CLEAR,False,"[0.0, 0.0, 0.0, 0.0, 0.0, 0.0]"
SERVICE,DEPLOYED,B51_REF_link2_LINKLOCAL,link2,Aft_Saddle,SADDLE_PLACEHOLDER,AABB_CLEAR,319.736,,319.736,CLEAR,False,"[0.0, 0.0, 0.0, 0.0, 0.0, 0.0]"
SERVICE,DEPLOYED,B51_REF_link2_LINKLOCAL,link2,Central_Boss,ARM_MOUNT_INTERFACE,AABB_CLEAR,111.736,,111.736,CLEAR,False,"[0.0, 0.0, 0.0, 0.0, 0.0, 0.0]"
SERVICE,DEPLOYED,B51_REF_link2_LINKLOCAL,link2,Deck_Front_Bay,BUS_STRUCTURE,AABB_CLEAR,200.736,,200.736,CLEAR,False,"[0.0, 0.0, 0.0, 0.0, 0.0, 0.0]"
SERVICE,DEPLOYED,B51_REF_link2_LINKLOCAL,link2,Deck_Mid_Bay,BUS_STRUCTURE,AABB_CLEAR,261.736,,261.736,CLEAR,False,"[0.0, 0.0, 0.0, 0.0, 0.0, 0.0]"
SERVICE,DEPLOYED,B51_REF_link2_LINKLOCAL,link2,Deck_Rear_Bay,BUS_STRUCTURE,AABB_CLEAR,383.736,,383.736,CLEAR,False,"[0.0, 0.0, 0.0, 0.0, 0.0, 0.0]"
SERVICE,DEPLOYED,B51_REF_link2_LINKLOCAL,link2,Front_End_Frame,BUS_STRUCTURE,AABB_CLEAR,136.736,,136.736,CLEAR,False,"[0.0, 0.0, 0.0, 0.0, 0.0, 0.0]"
SERVICE,DEPLOYED,B51_REF_link2_LINKLOCAL,link2,Front_Transverse_Frame,BUS_STRUCTURE,AABB_CLEAR,194.736,,194.736,CLEAR,False,"[0.0, 0.0, 0.0, 0.0, 0.0, 0.0]"
SERVICE,DEPLOYED,B51_REF_link2_LINKLOCAL,link2,Fwd_Saddle,SADDLE_PLACEHOLDER,AABB_CLEAR,139.736,,139.736,CLEAR,False,"[0.0, 0.0, 0.0, 0.0, 0.0, 0.0]"
SERVICE,DEPLOYED,B51_REF_link2_LINKLOCAL,link2,HDRM_Base_1_Left,BUS_STRUCTURE,AABB_CLEAR,472.6853,,472.6853,CLEAR,False,"[0.0, 0.0, 0.0, 0.0, 0.0, 0.0]"
SERVICE,DEPLOYED,B51_REF_link2_LINKLOCAL,link2,HDRM_Base_1_Right,BUS_STRUCTURE,AABB_CLEAR,468.6691,,468.6691,CLEAR,False,"[0.0, 0.0, 0.0, 0.0, 0.0, 0.0]"
SERVICE,DEPLOYED,B51_REF_link2_LINKLOCAL,link2,HDRM_Base_2_Left,BUS_STRUCTURE,AABB_CLEAR,276.2915,,276.2915,CLEAR,False,"[0.0, 0.0, 0.0, 0.0, 0.0, 0.0]"
SERVICE,DEPLOYED,B51_REF_link2_LINKLOCAL,link2,HDRM_Base_2_Right,BUS_STRUCTURE,AABB_CLEAR,269.3629,,269.3629,CLEAR,False,"[0.0, 0.0, 0.0, 0.0, 0.0, 0.0]"
SERVICE,DEPLOYED,B51_REF_link2_LINKLOCAL,link2,HDRM_Rod_1_Left,BUS_STRUCTURE,AABB_CLEAR,481.1854,,481.1854,CLEAR,False,"[0.0, 0.0, 0.0, 0.0, 0.0, 0.0]"
SERVICE,DEPLOYED,B51_REF_link2_LINKLOCAL,link2,HDRM_Rod_1_Right,BUS_STRUCTURE,AABB_CLEAR,476.1417,,476.1417,CLEAR,False,"[0.0, 0.0, 0.0, 0.0, 0.0, 0.0]"
SERVICE,DEPLOYED,B51_REF_link2_LINKLOCAL,link2,HDRM_Rod_2_Left,BUS_STRUCTURE,AABB_CLEAR,285.7358,,285.7358,CLEAR,False,"[0.0, 0.0, 0.0, 0.0, 0.0, 0.0]"
SERVICE,DEPLOYED,B51_REF_link2_LINKLOCAL,link2,HDRM_Rod_2_Right,BUS_STRUCTURE,AABB_CLEAR,277.1579,,277.1579,CLEAR,False,"[0.0, 0.0, 0.0, 0.0, 0.0, 0.0]"
SERVICE,DEPLOYED,B51_REF_link2_LINKLOCAL,link2,Hard_Stop_Left,BUS_STRUCTURE,AABB_CLEAR,384.0741,,384.0741,CLEAR,False,"[0.0, 0.0, 0.0, 0.0, 0.0, 0.0]"
SERVICE,DEPLOYED,B51_REF_link2_LINKLOCAL,link2,Hard_Stop_Right,BUS_STRUCTURE,AABB_CLEAR,377.736,,377.736,CLEAR,False,"[0.0, 0.0, 0.0, 0.0, 0.0, 0.0]"
SERVICE,DEPLOYED,B51_REF_link2_LINKLOCAL,link2,Harness_Passage,ARM_MOUNT_INTERFACE,AABB_CLEAR,148.736,,148.736,CLEAR,False,"[0.0, 0.0, 0.0, 0.0, 0.0, 0.0]"
SERVICE,DEPLOYED,B51_REF_link2_LINKLOCAL,link2,Harness_Service_Loop_Left,BUS_STRUCTURE,AABB_CLEAR,414.3238,,414.3238,CLEAR,False,"[0.0, 0.0, 0.0, 0.0, 0.0, 0.0]"
SERVICE,DEPLOYED,B51_REF_link2_LINKLOCAL,link2,Harness_Service_Loop_Right,BUS_STRUCTURE,AABB_CLEAR,409.736,,409.736,CLEAR,False,"[0.0, 0.0, 0.0, 0.0, 0.0, 0.0]"
SERVICE,DEPLOYED,B51_REF_link2_LINKLOCAL,link2,Hinge_Ear_1_Left,BUS_STRUCTURE,AABB_CLEAR,390.9607,,390.9607,CLEAR,False,"[0.0, 0.0, 0.0, 0.0, 0.0, 0.0]"
SERVICE,DEPLOYED,B51_REF_link2_LINKLOCAL,link2,Hinge_Ear_1_Right,BUS_STRUCTURE,AABB_CLEAR,384.736,,384.736,CLEAR,False,"[0.0, 0.0, 0.0, 0.0, 0.0, 0.0]"
SERVICE,DEPLOYED,B51_REF_link2_LINKLOCAL,link2,Hinge_Ear_2_Left,BUS_STRUCTURE,AABB_CLEAR,373.261,,373.261,CLEAR,False,"[0.0, 0.0, 0.0, 0.0, 0.0, 0.0]"
SERVICE,DEPLOYED,B51_REF_link2_LINKLOCAL,link2,Hinge_Ear_2_Right,BUS_STRUCTURE,AABB_CLEAR,366.736,,366.736,CLEAR,False,"[0.0, 0.0, 0.0, 0.0, 0.0, 0.0]"
SERVICE,DEPLOYED,B51_REF_link2_LINKLOCAL,link2,Hinge_Pin_Left,BUS_STRUCTURE,AABB_CLEAR,370.2215,,370.2215,CLEAR,False,"[0.0, 0.0, 0.0, 0.0, 0.0, 0.0]"
SERVICE,DEPLOYED,B51_REF_link2_LINKLOCAL,link2,Hinge_Pin_Right,BUS_STRUCTURE,AABB_CLEAR,359.736,,359.736,CLEAR,False,"[0.0, 0.0, 0.0, 0.0, 0.0, 0.0]"
SERVICE,DEPLOYED,B51_REF_link2_LINKLOCAL,link2,Launch_Lock_Interface_Reference,REFERENCE_ONLY,AABB_CLEAR,309.736,,309.736,EXCLUDED_REFERENCE_ONLY_BODY,False,"[0.0, 0.0, 0.0, 0.0, 0.0, 0.0]"
SERVICE,DEPLOYED,B51_REF_link2_LINKLOCAL,link2,Load_Bridge_Left,ARM_MOUNT_INTERFACE,AABB_CLEAR,149.6305,,149.6305,CLEAR,False,"[0.0, 0.0, 0.0, 0.0, 0.0, 0.0]"
SERVICE,DEPLOYED,B51_REF_link2_LINKLOCAL,link2,Load_Bridge_Right,ARM_MOUNT_INTERFACE,AABB_CLEAR,148.736,,148.736,CLEAR,False,"[0.0, 0.0, 0.0, 0.0, 0.0, 0.0]"
SERVICE,DEPLOYED,B51_REF_link2_LINKLOCAL,link2,Load_Spreading_Frame,ARM_MOUNT_INTERFACE,AABB_CLEAR,144.736,,144.736,CLEAR,False,"[0.0, 0.0, 0.0, 0.0, 0.0, 0.0]"
SERVICE,DEPLOYED,B51_REF_link2_LINKLOCAL,link2,Longerons_4X,BUS_STRUCTURE,AABB_CLEAR,136.736,,136.736,CLEAR,False,"[0.0, 0.0, 0.0, 0.0, 0.0, 0.0]"
SERVICE,DEPLOYED,B51_REF_link2_LINKLOCAL,link2,Maintenance_Access_Cover,BUS_STRUCTURE,AABB_CLEAR,157.4596,,157.4596,CLEAR,False,"[0.0, 0.0, 0.0, 0.0, 0.0, 0.0]"
SERVICE,DEPLOYED,B51_REF_link2_LINKLOCAL,link2,Mid_Saddle,SADDLE_PLACEHOLDER,AABB_CLEAR,219.736,,219.736,CLEAR,False,"[0.0, 0.0, 0.0, 0.0, 0.0, 0.0]"
SERVICE,DEPLOYED,B51_REF_link2_LINKLOCAL,link2,Mid_Transverse_Frame_,BUS_STRUCTURE,AABB_CLEAR,255.736,,255.736,CLEAR,False,"[0.0, 0.0, 0.0, 0.0, 0.0, 0.0]"
SERVICE,DEPLOYED,B51_REF_link2_LINKLOCAL,link2,Rear_End_Frame,BUS_STRUCTURE,AABB_CLEAR,494.736,,494.736,CLEAR,False,"[0.0, 0.0, 0.0, 0.0, 0.0, 0.0]"
SERVICE,DEPLOYED,B51_REF_link2_LINKLOCAL,link2,Release_Clearance_Envelope,REFERENCE_ONLY,AABB_CLEAR,249.7523,,249.7523,EXCLUDED_REFERENCE_ONLY_BODY,False,"[0.0, 0.0, 0.0, 0.0, 0.0, 0.0]"
SERVICE,DEPLOYED,B51_REF_link2_LINKLOCAL,link2,Root_Base_Left,BUS_STRUCTURE,AABB_CLEAR,367.9104,,367.9104,CLEAR,False,"[0.0, 0.0, 0.0, 0.0, 0.0, 0.0]"
SERVICE,DEPLOYED,B51_REF_link2_LINKLOCAL,link2,Root_Base_Right,BUS_STRUCTURE,AABB_CLEAR,362.736,,362.736,CLEAR,False,"[0.0, 0.0, 0.0, 0.0, 0.0, 0.0]"
SERVICE,DEPLOYED,B51_REF_link2_LINKLOCAL,link2,Root_Node_Spine_Left,BUS_STRUCTURE,AABB_CLEAR,379.2727,,379.2727,CLEAR,False,"[0.0, 0.0, 0.0, 0.0, 0.0, 0.0]"
SERVICE,DEPLOYED,B51_REF_link2_LINKLOCAL,link2,Root_Node_Spine_Right,BUS_STRUCTURE,AABB_CLEAR,374.736,,374.736,CLEAR,False,"[0.0, 0.0, 0.0, 0.0, 0.0, 0.0]"
SERVICE,DEPLOYED,B51_REF_link2_LINKLOCAL,link2,Spacecraft_Flange,ARM_MOUNT_INTERFACE,AABB_CLEAR,133.736,,133.736,CLEAR,False,"[0.0, 0.0, 0.0, 0.0, 0.0, 0.0]"
SERVICE,DEPLOYED,B51_REF_link2_LINKLOCAL,link2,Torsion_Spring_1_Left,BUS_STRUCTURE,AABB_CLEAR,403.4682,,403.4682,CLEAR,False,"[0.0, 0.0, 0.0, 0.0, 0.0, 0.0]"
SERVICE,DEPLOYED,B51_REF_link2_LINKLOCAL,link2,Torsion_Spring_1_Right,BUS_STRUCTURE,AABB_CLEAR,394.736,,394.736,CLEAR,False,"[0.0, 0.0, 0.0, 0.0, 0.0, 0.0]"
SERVICE,DEPLOYED,B51_REF_link2_LINKLOCAL,link2,Torsion_Spring_2_Left,BUS_STRUCTURE,AABB_CLEAR,358.5901,,358.5901,CLEAR,False,"[0.0, 0.0, 0.0, 0.0, 0.0, 0.0]"
SERVICE,DEPLOYED,B51_REF_link2_LINKLOCAL,link2,Torsion_Spring_2_Right,BUS_STRUCTURE,AABB_CLEAR,348.736,,348.736,CLEAR,False,"[0.0, 0.0, 0.0, 0.0, 0.0, 0.0]"
SERVICE,DEPLOYED,B51_REF_link2_LINKLOCAL,link2,WING_L_DEPLOYED,SOLAR_WING,AABB_CLEAR,274.2184,,274.2184,CLEAR,False,"[0.0, 0.0, 0.0, 0.0, 0.0, 0.0]"
SERVICE,DEPLOYED,B51_REF_link2_LINKLOCAL,link2,WING_R_DEPLOYED,SOLAR_WING,AABB_CLEAR,267.236,,267.236,CLEAR,False,"[0.0, 0.0, 0.0, 0.0, 0.0, 0.0]"
SERVICE,DEPLOYED,B51_REF_link3_LINKLOCAL,link3,Adapter_Plate,ARM_MOUNT_INTERFACE,AABB_CLEAR,126.5279,,126.5279,CLEAR,False,"[0.0, 0.0, 0.0, 0.0, 0.0, 0.0]"
SERVICE,DEPLOYED,B51_REF_link3_LINKLOCAL,link3,Aft_Saddle,SADDLE_PLACEHOLDER,AABB_CLEAR,324.5279,,324.5279,CLEAR,False,"[0.0, 0.0, 0.0, 0.0, 0.0, 0.0]"
SERVICE,DEPLOYED,B51_REF_link3_LINKLOCAL,link3,Central_Boss,ARM_MOUNT_INTERFACE,AABB_CLEAR,116.5279,,116.5279,CLEAR,False,"[0.0, 0.0, 0.0, 0.0, 0.0, 0.0]"
SERVICE,DEPLOYED,B51_REF_link3_LINKLOCAL,link3,Deck_Front_Bay,BUS_STRUCTURE,AABB_CLEAR,205.5279,,205.5279,CLEAR,False,"[0.0, 0.0, 0.0, 0.0, 0.0, 0.0]"
SERVICE,DEPLOYED,B51_REF_link3_LINKLOCAL,link3,Deck_Mid_Bay,BUS_STRUCTURE,AABB_CLEAR,266.5279,,266.5279,CLEAR,False,"[0.0, 0.0, 0.0, 0.0, 0.0, 0.0]"
SERVICE,DEPLOYED,B51_REF_link3_LINKLOCAL,link3,Deck_Rear_Bay,BUS_STRUCTURE,AABB_CLEAR,388.5279,,388.5279,CLEAR,False,"[0.0, 0.0, 0.0, 0.0, 0.0, 0.0]"
SERVICE,DEPLOYED,B51_REF_link3_LINKLOCAL,link3,Front_End_Frame,BUS_STRUCTURE,AABB_CLEAR,141.5279,,141.5279,CLEAR,False,"[0.0, 0.0, 0.0, 0.0, 0.0, 0.0]"
SERVICE,DEPLOYED,B51_REF_link3_LINKLOCAL,link3,Front_Transverse_Frame,BUS_STRUCTURE,AABB_CLEAR,199.5279,,199.5279,CLEAR,False,"[0.0, 0.0, 0.0, 0.0, 0.0, 0.0]"
SERVICE,DEPLOYED,B51_REF_link3_LINKLOCAL,link3,Fwd_Saddle,SADDLE_PLACEHOLDER,AABB_CLEAR,144.5279,,144.5279,CLEAR,False,"[0.0, 0.0, 0.0, 0.0, 0.0, 0.0]"
SERVICE,DEPLOYED,B51_REF_link3_LINKLOCAL,link3,HDRM_Base_1_Left,BUS_STRUCTURE,AABB_CLEAR,479.2312,,479.2312,CLEAR,False,"[0.0, 0.0, 0.0, 0.0, 0.0, 0.0]"
SERVICE,DEPLOYED,B51_REF_link3_LINKLOCAL,link3,HDRM_Base_1_Right,BUS_STRUCTURE,AABB_CLEAR,474.8311,,474.8311,CLEAR,False,"[0.0, 0.0, 0.0, 0.0, 0.0, 0.0]"
SERVICE,DEPLOYED,B51_REF_link3_LINKLOCAL,link3,HDRM_Base_2_Left,BUS_STRUCTURE,AABB_CLEAR,283.9918,,283.9918,CLEAR,False,"[0.0, 0.0, 0.0, 0.0, 0.0, 0.0]"
SERVICE,DEPLOYED,B51_REF_link3_LINKLOCAL,link3,HDRM_Base_2_Right,BUS_STRUCTURE,AABB_CLEAR,276.5021,,276.5021,CLEAR,False,"[0.0, 0.0, 0.0, 0.0, 0.0, 0.0]"
SERVICE,DEPLOYED,B51_REF_link3_LINKLOCAL,link3,HDRM_Rod_1_Left,BUS_STRUCTURE,AABB_CLEAR,487.9862,,487.9862,CLEAR,False,"[0.0, 0.0, 0.0, 0.0, 0.0, 0.0]"
SERVICE,DEPLOYED,B51_REF_link3_LINKLOCAL,link3,HDRM_Rod_1_Right,BUS_STRUCTURE,AABB_CLEAR,482.5266,,482.5266,CLEAR,False,"[0.0, 0.0, 0.0, 0.0, 0.0, 0.0]"
SERVICE,DEPLOYED,B51_REF_link3_LINKLOCAL,link3,HDRM_Rod_2_Left,BUS_STRUCTURE,AABB_CLEAR,293.8016,,293.8016,CLEAR,False,"[0.0, 0.0, 0.0, 0.0, 0.0, 0.0]"
SERVICE,DEPLOYED,B51_REF_link3_LINKLOCAL,link3,HDRM_Rod_2_Right,BUS_STRUCTURE,AABB_CLEAR,284.6414,,284.6414,CLEAR,False,"[0.0, 0.0, 0.0, 0.0, 0.0, 0.0]"
SERVICE,DEPLOYED,B51_REF_link3_LINKLOCAL,link3,Hard_Stop_Left,BUS_STRUCTURE,AABB_CLEAR,389.3921,,389.3921,CLEAR,False,"[0.0, 0.0, 0.0, 0.0, 0.0, 0.0]"
SERVICE,DEPLOYED,B51_REF_link3_LINKLOCAL,link3,Hard_Stop_Right,BUS_STRUCTURE,AABB_CLEAR,382.5279,,382.5279,CLEAR,False,"[0.0, 0.0, 0.0, 0.0, 0.0, 0.0]"
SERVICE,DEPLOYED,B51_REF_link3_LINKLOCAL,link3,Harness_Passage,ARM_MOUNT_INTERFACE,AABB_CLEAR,154.4347,,154.4347,CLEAR,False,"[0.0, 0.0, 0.0, 0.0, 0.0, 0.0]"
SERVICE,DEPLOYED,B51_REF_link3_LINKLOCAL,link3,Harness_Service_Loop_Left,BUS_STRUCTURE,AABB_CLEAR,419.5609,,419.5609,CLEAR,False,"[0.0, 0.0, 0.0, 0.0, 0.0, 0.0]"
SERVICE,DEPLOYED,B51_REF_link3_LINKLOCAL,link3,Harness_Service_Loop_Right,BUS_STRUCTURE,AABB_CLEAR,414.5279,,414.5279,CLEAR,False,"[0.0, 0.0, 0.0, 0.0, 0.0, 0.0]"
SERVICE,DEPLOYED,B51_REF_link3_LINKLOCAL,link3,Hinge_Ear_1_Left,BUS_STRUCTURE,AABB_CLEAR,396.2709,,396.2709,CLEAR,False,"[0.0, 0.0, 0.0, 0.0, 0.0, 0.0]"
SERVICE,DEPLOYED,B51_REF_link3_LINKLOCAL,link3,Hinge_Ear_1_Right,BUS_STRUCTURE,AABB_CLEAR,389.5279,,389.5279,CLEAR,False,"[0.0, 0.0, 0.0, 0.0, 0.0, 0.0]"
SERVICE,DEPLOYED,B51_REF_link3_LINKLOCAL,link3,Hinge_Ear_2_Left,BUS_STRUCTURE,AABB_CLEAR,378.5916,,378.5916,CLEAR,False,"[0.0, 0.0, 0.0, 0.0, 0.0, 0.0]"
SERVICE,DEPLOYED,B51_REF_link3_LINKLOCAL,link3,Hinge_Ear_2_Right,BUS_STRUCTURE,AABB_CLEAR,371.5279,,371.5279,CLEAR,False,"[0.0, 0.0, 0.0, 0.0, 0.0, 0.0]"
SERVICE,DEPLOYED,B51_REF_link3_LINKLOCAL,link3,Hinge_Pin_Left,BUS_STRUCTURE,AABB_CLEAR,375.6644,,375.6644,CLEAR,False,"[0.0, 0.0, 0.0, 0.0, 0.0, 0.0]"
SERVICE,DEPLOYED,B51_REF_link3_LINKLOCAL,link3,Hinge_Pin_Right,BUS_STRUCTURE,AABB_CLEAR,364.5279,,364.5279,CLEAR,False,"[0.0, 0.0, 0.0, 0.0, 0.0, 0.0]"
SERVICE,DEPLOYED,B51_REF_link3_LINKLOCAL,link3,Launch_Lock_Interface_Reference,REFERENCE_ONLY,AABB_CLEAR,314.5279,,314.5279,EXCLUDED_REFERENCE_ONLY_BODY,False,"[0.0, 0.0, 0.0, 0.0, 0.0, 0.0]"
SERVICE,DEPLOYED,B51_REF_link3_LINKLOCAL,link3,Load_Bridge_Left,ARM_MOUNT_INTERFACE,AABB_CLEAR,154.7792,,154.7792,CLEAR,False,"[0.0, 0.0, 0.0, 0.0, 0.0, 0.0]"
SERVICE,DEPLOYED,B51_REF_link3_LINKLOCAL,link3,Load_Bridge_Right,ARM_MOUNT_INTERFACE,AABB_CLEAR,153.5279,,153.5279,CLEAR,False,"[0.0, 0.0, 0.0, 0.0, 0.0, 0.0]"
SERVICE,DEPLOYED,B51_REF_link3_LINKLOCAL,link3,Load_Spreading_Frame,ARM_MOUNT_INTERFACE,AABB_CLEAR,149.5279,,149.5279,CLEAR,False,"[0.0, 0.0, 0.0, 0.0, 0.0, 0.0]"
SERVICE,DEPLOYED,B51_REF_link3_LINKLOCAL,link3,Longerons_4X,BUS_STRUCTURE,AABB_CLEAR,141.5279,,141.5279,CLEAR,False,"[0.0, 0.0, 0.0, 0.0, 0.0, 0.0]"
SERVICE,DEPLOYED,B51_REF_link3_LINKLOCAL,link3,Maintenance_Access_Cover,BUS_STRUCTURE,AABB_CLEAR,167.9779,,167.9779,CLEAR,False,"[0.0, 0.0, 0.0, 0.0, 0.0, 0.0]"
SERVICE,DEPLOYED,B51_REF_link3_LINKLOCAL,link3,Mid_Saddle,SADDLE_PLACEHOLDER,AABB_CLEAR,224.5279,,224.5279,CLEAR,False,"[0.0, 0.0, 0.0, 0.0, 0.0, 0.0]"
SERVICE,DEPLOYED,B51_REF_link3_LINKLOCAL,link3,Mid_Transverse_Frame_,BUS_STRUCTURE,AABB_CLEAR,260.5279,,260.5279,CLEAR,False,"[0.0, 0.0, 0.0, 0.0, 0.0, 0.0]"
SERVICE,DEPLOYED,B51_REF_link3_LINKLOCAL,link3,Rear_End_Frame,BUS_STRUCTURE,AABB_CLEAR,499.5279,,499.5279,CLEAR,False,"[0.0, 0.0, 0.0, 0.0, 0.0, 0.0]"
SERVICE,DEPLOYED,B51_REF_link3_LINKLOCAL,link3,Release_Clearance_Envelope,REFERENCE_ONLY,AABB_CLEAR,254.5325,,254.5325,EXCLUDED_REFERENCE_ONLY_BODY,False,"[0.0, 0.0, 0.0, 0.0, 0.0, 0.0]"
SERVICE,DEPLOYED,B51_REF_link3_LINKLOCAL,link3,Root_Base_Left,BUS_STRUCTURE,AABB_CLEAR,373.1953,,373.1953,CLEAR,False,"[0.0, 0.0, 0.0, 0.0, 0.0, 0.0]"
SERVICE,DEPLOYED,B51_REF_link3_LINKLOCAL,link3,Root_Base_Right,BUS_STRUCTURE,AABB_CLEAR,367.5279,,367.5279,CLEAR,False,"[0.0, 0.0, 0.0, 0.0, 0.0, 0.0]"
SERVICE,DEPLOYED,B51_REF_link3_LINKLOCAL,link3,Root_Node_Spine_Left,BUS_STRUCTURE,AABB_CLEAR,384.5252,,384.5252,CLEAR,False,"[0.0, 0.0, 0.0, 0.0, 0.0, 0.0]"
SERVICE,DEPLOYED,B51_REF_link3_LINKLOCAL,link3,Root_Node_Spine_Right,BUS_STRUCTURE,AABB_CLEAR,379.5279,,379.5279,CLEAR,False,"[0.0, 0.0, 0.0, 0.0, 0.0, 0.0]"
SERVICE,DEPLOYED,B51_REF_link3_LINKLOCAL,link3,Spacecraft_Flange,ARM_MOUNT_INTERFACE,AABB_CLEAR,138.5279,,138.5279,CLEAR,False,"[0.0, 0.0, 0.0, 0.0, 0.0, 0.0]"
SERVICE,DEPLOYED,B51_REF_link3_LINKLOCAL,link3,Torsion_Spring_1_Left,BUS_STRUCTURE,AABB_CLEAR,408.8464,,408.8464,CLEAR,False,"[0.0, 0.0, 0.0, 0.0, 0.0, 0.0]"
SERVICE,DEPLOYED,B51_REF_link3_LINKLOCAL,link3,Torsion_Spring_1_Right,BUS_STRUCTURE,AABB_CLEAR,399.5279,,399.5279,CLEAR,False,"[0.0, 0.0, 0.0, 0.0, 0.0, 0.0]"
SERVICE,DEPLOYED,B51_REF_link3_LINKLOCAL,link3,Torsion_Spring_2_Left,BUS_STRUCTURE,AABB_CLEAR,364.0258,,364.0258,CLEAR,False,"[0.0, 0.0, 0.0, 0.0, 0.0, 0.0]"
SERVICE,DEPLOYED,B51_REF_link3_LINKLOCAL,link3,Torsion_Spring_2_Right,BUS_STRUCTURE,AABB_CLEAR,353.5279,,353.5279,CLEAR,False,"[0.0, 0.0, 0.0, 0.0, 0.0, 0.0]"
SERVICE,DEPLOYED,B51_REF_link3_LINKLOCAL,link3,WING_L_DEPLOYED,SOLAR_WING,AABB_CLEAR,279.6375,,279.6375,CLEAR,False,"[0.0, 0.0, 0.0, 0.0, 0.0, 0.0]"
SERVICE,DEPLOYED,B51_REF_link3_LINKLOCAL,link3,WING_R_DEPLOYED,SOLAR_WING,AABB_CLEAR,272.0279,,272.0279,CLEAR,False,"[0.0, 0.0, 0.0, 0.0, 0.0, 0.0]"
SERVICE,DEPLOYED,B51_REF_link4_LINKLOCAL,link4,Adapter_Plate,ARM_MOUNT_INTERFACE,AABB_CLEAR,174.5756,,174.5756,CLEAR,False,"[0.0, 0.0, 0.0, 0.0, 0.0, 0.0]"
SERVICE,DEPLOYED,B51_REF_link4_LINKLOCAL,link4,Aft_Saddle,SADDLE_PLACEHOLDER,AABB_CLEAR,379.2818,,379.2818,CLEAR,False,"[0.0, 0.0, 0.0, 0.0, 0.0, 0.0]"
SERVICE,DEPLOYED,B51_REF_link4_LINKLOCAL,link4,Central_Boss,ARM_MOUNT_INTERFACE,AABB_CLEAR,164.5756,,164.5756,CLEAR,False,"[0.0, 0.0, 0.0, 0.0, 0.0, 0.0]"
SERVICE,DEPLOYED,B51_REF_link4_LINKLOCAL,link4,Deck_Front_Bay,BUS_STRUCTURE,AABB_CLEAR,253.5756,,253.5756,CLEAR,False,"[0.0, 0.0, 0.0, 0.0, 0.0, 0.0]"
SERVICE,DEPLOYED,B51_REF_link4_LINKLOCAL,link4,Deck_Mid_Bay,BUS_STRUCTURE,AABB_CLEAR,314.5756,,314.5756,CLEAR,False,"[0.0, 0.0, 0.0, 0.0, 0.0, 0.0]"
SERVICE,DEPLOYED,B51_REF_link4_LINKLOCAL,link4,Deck_Rear_Bay,BUS_STRUCTURE,AABB_CLEAR,436.5756,,436.5756,CLEAR,False,"[0.0, 0.0, 0.0, 0.0, 0.0, 0.0]"
SERVICE,DEPLOYED,B51_REF_link4_LINKLOCAL,link4,Front_End_Frame,BUS_STRUCTURE,AABB_CLEAR,189.5756,,189.5756,CLEAR,False,"[0.0, 0.0, 0.0, 0.0, 0.0, 0.0]"
SERVICE,DEPLOYED,B51_REF_link4_LINKLOCAL,link4,Front_Transverse_Frame,BUS_STRUCTURE,AABB_CLEAR,247.5756,,247.5756,CLEAR,False,"[0.0, 0.0, 0.0, 0.0, 0.0, 0.0]"
SERVICE,DEPLOYED,B51_REF_link4_LINKLOCAL,link4,Fwd_Saddle,SADDLE_PLACEHOLDER,AABB_CLEAR,205.2498,,205.2498,CLEAR,False,"[0.0, 0.0, 0.0, 0.0, 0.0, 0.0]"
SERVICE,DEPLOYED,B51_REF_link4_LINKLOCAL,link4,HDRM_Base_1_Left,BUS_STRUCTURE,AABB_CLEAR,521.7047,,521.7047,CLEAR,False,"[0.0, 0.0, 0.0, 0.0, 0.0, 0.0]"
SERVICE,DEPLOYED,B51_REF_link4_LINKLOCAL,link4,HDRM_Base_1_Right,BUS_STRUCTURE,AABB_CLEAR,525.239,,525.239,CLEAR,False,"[0.0, 0.0, 0.0, 0.0, 0.0, 0.0]"
SERVICE,DEPLOYED,B51_REF_link4_LINKLOCAL,link4,HDRM_Base_2_Left,BUS_STRUCTURE,AABB_CLEAR,322.4059,,322.4059,CLEAR,False,"[0.0, 0.0, 0.0, 0.0, 0.0, 0.0]"
SERVICE,DEPLOYED,B51_REF_link4_LINKLOCAL,link4,HDRM_Base_2_Right,BUS_STRUCTURE,AABB_CLEAR,328.0941,,328.0941,CLEAR,False,"[0.0, 0.0, 0.0, 0.0, 0.0, 0.0]"
SERVICE,DEPLOYED,B51_REF_link4_LINKLOCAL,link4,HDRM_Rod_1_Left,BUS_STRUCTURE,AABB_CLEAR,529.2691,,529.2691,CLEAR,False,"[0.0, 0.0, 0.0, 0.0, 0.0, 0.0]"
SERVICE,DEPLOYED,B51_REF_link4_LINKLOCAL,link4,HDRM_Rod_1_Right,BUS_STRUCTURE,AABB_CLEAR,533.2864,,533.2864,CLEAR,False,"[0.0, 0.0, 0.0, 0.0, 0.0, 0.0]"
SERVICE,DEPLOYED,B51_REF_link4_LINKLOCAL,link4,HDRM_Rod_2_Left,BUS_STRUCTURE,AABB_CLEAR,330.2961,,330.2961,CLEAR,False,"[0.0, 0.0, 0.0, 0.0, 0.0, 0.0]"
SERVICE,DEPLOYED,B51_REF_link4_LINKLOCAL,link4,HDRM_Rod_2_Right,BUS_STRUCTURE,AABB_CLEAR,336.696,,336.696,CLEAR,False,"[0.0, 0.0, 0.0, 0.0, 0.0, 0.0]"
SERVICE,DEPLOYED,B51_REF_link4_LINKLOCAL,link4,Hard_Stop_Left,BUS_STRUCTURE,AABB_CLEAR,432.649,,432.649,CLEAR,False,"[0.0, 0.0, 0.0, 0.0, 0.0, 0.0]"
SERVICE,DEPLOYED,B51_REF_link4_LINKLOCAL,link4,Hard_Stop_Right,BUS_STRUCTURE,AABB_CLEAR,437.5543,,437.5543,CLEAR,False,"[0.0, 0.0, 0.0, 0.0, 0.0, 0.0]"
SERVICE,DEPLOYED,B51_REF_link4_LINKLOCAL,link4,Harness_Passage,ARM_MOUNT_INTERFACE,AABB_CLEAR,201.5756,,201.5756,CLEAR,False,"[0.0, 0.0, 0.0, 0.0, 0.0, 0.0]"
SERVICE,DEPLOYED,B51_REF_link4_LINKLOCAL,link4,Harness_Service_Loop_Left,BUS_STRUCTURE,AABB_CLEAR,463.846,,463.846,CLEAR,False,"[0.0, 0.0, 0.0, 0.0, 0.0, 0.0]"
SERVICE,DEPLOYED,B51_REF_link4_LINKLOCAL,link4,Harness_Service_Loop_Right,BUS_STRUCTURE,AABB_CLEAR,467.8175,,467.8175,CLEAR,False,"[0.0, 0.0, 0.0, 0.0, 0.0, 0.0]"
SERVICE,DEPLOYED,B51_REF_link4_LINKLOCAL,link4,Hinge_Ear_1_Left,BUS_STRUCTURE,AABB_CLEAR,439.6159,,439.6159,CLEAR,False,"[0.0, 0.0, 0.0, 0.0, 0.0, 0.0]"
SERVICE,DEPLOYED,B51_REF_link4_LINKLOCAL,link4,Hinge_Ear_1_Right,BUS_STRUCTURE,AABB_CLEAR,444.4444,,444.4444,CLEAR,False,"[0.0, 0.0, 0.0, 0.0, 0.0, 0.0]"
SERVICE,DEPLOYED,B51_REF_link4_LINKLOCAL,link4,Hinge_Ear_2_Left,BUS_STRUCTURE,AABB_CLEAR,421.703,,421.703,CLEAR,False,"[0.0, 0.0, 0.0, 0.0, 0.0, 0.0]"
SERVICE,DEPLOYED,B51_REF_link4_LINKLOCAL,link4,Hinge_Ear_2_Right,BUS_STRUCTURE,AABB_CLEAR,426.7342,,426.7342,CLEAR,False,"[0.0, 0.0, 0.0, 0.0, 0.0, 0.0]"
SERVICE,DEPLOYED,B51_REF_link4_LINKLOCAL,link4,Hinge_Pin_Left,BUS_STRUCTURE,AABB_CLEAR,416.9597,,416.9597,CLEAR,False,"[0.0, 0.0, 0.0, 0.0, 0.0, 0.0]"
SERVICE,DEPLOYED,B51_REF_link4_LINKLOCAL,link4,Hinge_Pin_Right,BUS_STRUCTURE,AABB_CLEAR,423.56,,423.56,CLEAR,False,"[0.0, 0.0, 0.0, 0.0, 0.0, 0.0]"
SERVICE,DEPLOYED,B51_REF_link4_LINKLOCAL,link4,Launch_Lock_Interface_Reference,REFERENCE_ONLY,AABB_CLEAR,373.5445,,373.5445,EXCLUDED_REFERENCE_ONLY_BODY,False,"[0.0, 0.0, 0.0, 0.0, 0.0, 0.0]"
SERVICE,DEPLOYED,B51_REF_link4_LINKLOCAL,link4,Load_Bridge_Left,ARM_MOUNT_INTERFACE,AABB_CLEAR,201.5756,,201.5756,CLEAR,False,"[0.0, 0.0, 0.0, 0.0, 0.0, 0.0]"
SERVICE,DEPLOYED,B51_REF_link4_LINKLOCAL,link4,Load_Bridge_Right,ARM_MOUNT_INTERFACE,AABB_CLEAR,203.0815,,203.0815,CLEAR,False,"[0.0, 0.0, 0.0, 0.0, 0.0, 0.0]"
SERVICE,DEPLOYED,B51_REF_link4_LINKLOCAL,link4,Load_Spreading_Frame,ARM_MOUNT_INTERFACE,AABB_CLEAR,197.5756,,197.5756,CLEAR,False,"[0.0, 0.0, 0.0, 0.0, 0.0, 0.0]"
SERVICE,DEPLOYED,B51_REF_link4_LINKLOCAL,link4,Longerons_4X,BUS_STRUCTURE,AABB_CLEAR,189.5756,,189.5756,CLEAR,False,"[0.0, 0.0, 0.0, 0.0, 0.0, 0.0]"
SERVICE,DEPLOYED,B51_REF_link4_LINKLOCAL,link4,Maintenance_Access_Cover,BUS_STRUCTURE,AABB_CLEAR,202.5756,,202.5756,CLEAR,False,"[0.0, 0.0, 0.0, 0.0, 0.0, 0.0]"
SERVICE,DEPLOYED,B51_REF_link4_LINKLOCAL,link4,Mid_Saddle,SADDLE_PLACEHOLDER,AABB_CLEAR,281.6728,,281.6728,CLEAR,False,"[0.0, 0.0, 0.0, 0.0, 0.0, 0.0]"
SERVICE,DEPLOYED,B51_REF_link4_LINKLOCAL,link4,Mid_Transverse_Frame_,BUS_STRUCTURE,AABB_CLEAR,308.5756,,308.5756,CLEAR,False,"[0.0, 0.0, 0.0, 0.0, 0.0, 0.0]"
SERVICE,DEPLOYED,B51_REF_link4_LINKLOCAL,link4,Rear_End_Frame,BUS_STRUCTURE,AABB_CLEAR,547.5756,,547.5756,CLEAR,False,"[0.0, 0.0, 0.0, 0.0, 0.0, 0.0]"
SERVICE,DEPLOYED,B51_REF_link4_LINKLOCAL,link4,Release_Clearance_Envelope,REFERENCE_ONLY,AABB_CLEAR,375.2445,,375.2445,EXCLUDED_REFERENCE_ONLY_BODY,False,"[0.0, 0.0, 0.0, 0.0, 0.0, 0.0]"
SERVICE,DEPLOYED,B51_REF_link4_LINKLOCAL,link4,Root_Base_Left,BUS_STRUCTURE,AABB_CLEAR,416.9892,,416.9892,CLEAR,False,"[0.0, 0.0, 0.0, 0.0, 0.0, 0.0]"
SERVICE,DEPLOYED,B51_REF_link4_LINKLOCAL,link4,Root_Base_Right,BUS_STRUCTURE,AABB_CLEAR,421.4025,,421.4025,CLEAR,False,"[0.0, 0.0, 0.0, 0.0, 0.0, 0.0]"
SERVICE,DEPLOYED,B51_REF_link4_LINKLOCAL,link4,Root_Node_Spine_Left,BUS_STRUCTURE,AABB_CLEAR,428.7201,,428.7201,CLEAR,False,"[0.0, 0.0, 0.0, 0.0, 0.0, 0.0]"
SERVICE,DEPLOYED,B51_REF_link4_LINKLOCAL,link4,Root_Node_Spine_Right,BUS_STRUCTURE,AABB_CLEAR,432.7677,,432.7677,CLEAR,False,"[0.0, 0.0, 0.0, 0.0, 0.0, 0.0]"
SERVICE,DEPLOYED,B51_REF_link4_LINKLOCAL,link4,Spacecraft_Flange,ARM_MOUNT_INTERFACE,AABB_CLEAR,186.5756,,186.5756,CLEAR,False,"[0.0, 0.0, 0.0, 0.0, 0.0, 0.0]"
SERVICE,DEPLOYED,B51_REF_link4_LINKLOCAL,link4,Torsion_Spring_1_Left,BUS_STRUCTURE,AABB_CLEAR,451.1034,,451.1034,CLEAR,False,"[0.0, 0.0, 0.0, 0.0, 0.0, 0.0]"
SERVICE,DEPLOYED,B51_REF_link4_LINKLOCAL,link4,Torsion_Spring_1_Right,BUS_STRUCTURE,AABB_CLEAR,456.9001,,456.9001,CLEAR,False,"[0.0, 0.0, 0.0, 0.0, 0.0, 0.0]"
SERVICE,DEPLOYED,B51_REF_link4_LINKLOCAL,link4,Torsion_Spring_2_Left,BUS_STRUCTURE,AABB_CLEAR,405.5038,,405.5038,CLEAR,False,"[0.0, 0.0, 0.0, 0.0, 0.0, 0.0]"
SERVICE,DEPLOYED,B51_REF_link4_LINKLOCAL,link4,Torsion_Spring_2_Right,BUS_STRUCTURE,AABB_CLEAR,411.9427,,411.9427,CLEAR,False,"[0.0, 0.0, 0.0, 0.0, 0.0, 0.0]"
SERVICE,DEPLOYED,B51_REF_link4_LINKLOCAL,link4,WING_L_DEPLOYED,SOLAR_WING,AABB_CLEAR,321.9088,,321.9088,CLEAR,False,"[0.0, 0.0, 0.0, 0.0, 0.0, 0.0]"
SERVICE,DEPLOYED,B51_REF_link4_LINKLOCAL,link4,WING_R_DEPLOYED,SOLAR_WING,AABB_CLEAR,327.6056,,327.6056,CLEAR,False,"[0.0, 0.0, 0.0, 0.0, 0.0, 0.0]"
SERVICE,DEPLOYED,B51_REF_link5_LINKLOCAL,link5,Adapter_Plate,ARM_MOUNT_INTERFACE,AABB_CLEAR,162.441,,162.441,CLEAR,False,"[0.0, 0.0, 0.0, 0.0, 0.0, 0.0]"
SERVICE,DEPLOYED,B51_REF_link5_LINKLOCAL,link5,Aft_Saddle,SADDLE_PLACEHOLDER,AABB_CLEAR,384.3021,,384.3021,CLEAR,False,"[0.0, 0.0, 0.0, 0.0, 0.0, 0.0]"
SERVICE,DEPLOYED,B51_REF_link5_LINKLOCAL,link5,Central_Boss,ARM_MOUNT_INTERFACE,AABB_CLEAR,152.441,,152.441,CLEAR,False,"[0.0, 0.0, 0.0, 0.0, 0.0, 0.0]"
SERVICE,DEPLOYED,B51_REF_link5_LINKLOCAL,link5,Deck_Front_Bay,BUS_STRUCTURE,AABB_CLEAR,241.441,,241.441,CLEAR,False,"[0.0, 0.0, 0.0, 0.0, 0.0, 0.0]"
SERVICE,DEPLOYED,B51_REF_link5_LINKLOCAL,link5,Deck_Mid_Bay,BUS_STRUCTURE,AABB_CLEAR,302.441,,302.441,CLEAR,False,"[0.0, 0.0, 0.0, 0.0, 0.0, 0.0]"
SERVICE,DEPLOYED,B51_REF_link5_LINKLOCAL,link5,Deck_Rear_Bay,BUS_STRUCTURE,AABB_CLEAR,424.441,,424.441,CLEAR,False,"[0.0, 0.0, 0.0, 0.0, 0.0, 0.0]"
SERVICE,DEPLOYED,B51_REF_link5_LINKLOCAL,link5,Front_End_Frame,BUS_STRUCTURE,AABB_CLEAR,177.441,,177.441,CLEAR,False,"[0.0, 0.0, 0.0, 0.0, 0.0, 0.0]"
SERVICE,DEPLOYED,B51_REF_link5_LINKLOCAL,link5,Front_Transverse_Frame,BUS_STRUCTURE,AABB_CLEAR,235.441,,235.441,CLEAR,False,"[0.0, 0.0, 0.0, 0.0, 0.0, 0.0]"
SERVICE,DEPLOYED,B51_REF_link5_LINKLOCAL,link5,Fwd_Saddle,SADDLE_PLACEHOLDER,AABB_CLEAR,224.3421,,224.3421,CLEAR,False,"[0.0, 0.0, 0.0, 0.0, 0.0, 0.0]"
SERVICE,DEPLOYED,B51_REF_link5_LINKLOCAL,link5,HDRM_Base_1_Left,BUS_STRUCTURE,AABB_CLEAR,509.4215,,509.4215,CLEAR,False,"[0.0, 0.0, 0.0, 0.0, 0.0, 0.0]"
SERVICE,DEPLOYED,B51_REF_link5_LINKLOCAL,link5,HDRM_Base_1_Right,BUS_STRUCTURE,AABB_CLEAR,517.3024,,517.3024,CLEAR,False,"[0.0, 0.0, 0.0, 0.0, 0.0, 0.0]"
SERVICE,DEPLOYED,B51_REF_link5_LINKLOCAL,link5,HDRM_Base_2_Left,BUS_STRUCTURE,AABB_CLEAR,310.0547,,310.0547,CLEAR,False,"[0.0, 0.0, 0.0, 0.0, 0.0, 0.0]"
SERVICE,DEPLOYED,B51_REF_link5_LINKLOCAL,link5,HDRM_Base_2_Right,BUS_STRUCTURE,AABB_CLEAR,322.8396,,322.8396,CLEAR,False,"[0.0, 0.0, 0.0, 0.0, 0.0, 0.0]"
SERVICE,DEPLOYED,B51_REF_link5_LINKLOCAL,link5,HDRM_Rod_1_Left,BUS_STRUCTURE,AABB_CLEAR,516.9593,,516.9593,CLEAR,False,"[0.0, 0.0, 0.0, 0.0, 0.0, 0.0]"
SERVICE,DEPLOYED,B51_REF_link5_LINKLOCAL,link5,HDRM_Rod_1_Right,BUS_STRUCTURE,AABB_CLEAR,525.698,,525.698,CLEAR,False,"[0.0, 0.0, 0.0, 0.0, 0.0, 0.0]"
SERVICE,DEPLOYED,B51_REF_link5_LINKLOCAL,link5,HDRM_Rod_2_Left,BUS_STRUCTURE,AABB_CLEAR,317.9159,,317.9159,CLEAR,False,"[0.0, 0.0, 0.0, 0.0, 0.0, 0.0]"
SERVICE,DEPLOYED,B51_REF_link5_LINKLOCAL,link5,HDRM_Rod_2_Right,BUS_STRUCTURE,AABB_CLEAR,331.9368,,331.9368,CLEAR,False,"[0.0, 0.0, 0.0, 0.0, 0.0, 0.0]"
SERVICE,DEPLOYED,B51_REF_link5_LINKLOCAL,link5,Hard_Stop_Left,BUS_STRUCTURE,AABB_CLEAR,422.5196,,422.5196,CLEAR,False,"[0.0, 0.0, 0.0, 0.0, 0.0, 0.0]"
SERVICE,DEPLOYED,B51_REF_link5_LINKLOCAL,link5,Hard_Stop_Right,BUS_STRUCTURE,AABB_CLEAR,433.1677,,433.1677,CLEAR,False,"[0.0, 0.0, 0.0, 0.0, 0.0, 0.0]"
SERVICE,DEPLOYED,B51_REF_link5_LINKLOCAL,link5,Harness_Passage,ARM_MOUNT_INTERFACE,AABB_CLEAR,189.441,,189.441,CLEAR,False,"[0.0, 0.0, 0.0, 0.0, 0.0, 0.0]"
SERVICE,DEPLOYED,B51_REF_link5_LINKLOCAL,link5,Harness_Service_Loop_Left,BUS_STRUCTURE,AABB_CLEAR,451.5475,,451.5475,CLEAR,False,"[0.0, 0.0, 0.0, 0.0, 0.0, 0.0]"
SERVICE,DEPLOYED,B51_REF_link5_LINKLOCAL,link5,Harness_Service_Loop_Right,BUS_STRUCTURE,AABB_CLEAR,460.4201,,460.4201,CLEAR,False,"[0.0, 0.0, 0.0, 0.0, 0.0, 0.0]"
SERVICE,DEPLOYED,B51_REF_link5_LINKLOCAL,link5,Hinge_Ear_1_Left,BUS_STRUCTURE,AABB_CLEAR,427.548,,427.548,CLEAR,False,"[0.0, 0.0, 0.0, 0.0, 0.0, 0.0]"
SERVICE,DEPLOYED,B51_REF_link5_LINKLOCAL,link5,Hinge_Ear_1_Right,BUS_STRUCTURE,AABB_CLEAR,438.0739,,438.0739,CLEAR,False,"[0.0, 0.0, 0.0, 0.0, 0.0, 0.0]"
SERVICE,DEPLOYED,B51_REF_link5_LINKLOCAL,link5,Hinge_Ear_2_Left,BUS_STRUCTURE,AABB_CLEAR,409.6406,,409.6406,CLEAR,False,"[0.0, 0.0, 0.0, 0.0, 0.0, 0.0]"
SERVICE,DEPLOYED,B51_REF_link5_LINKLOCAL,link5,Hinge_Ear_2_Right,BUS_STRUCTURE,AABB_CLEAR,420.6149,,420.6149,CLEAR,False,"[0.0, 0.0, 0.0, 0.0, 0.0, 0.0]"
SERVICE,DEPLOYED,B51_REF_link5_LINKLOCAL,link5,Hinge_Pin_Left,BUS_STRUCTURE,AABB_CLEAR,404.8837,,404.8837,CLEAR,False,"[0.0, 0.0, 0.0, 0.0, 0.0, 0.0]"
SERVICE,DEPLOYED,B51_REF_link5_LINKLOCAL,link5,Hinge_Pin_Right,BUS_STRUCTURE,AABB_CLEAR,418.7329,,418.7329,CLEAR,False,"[0.0, 0.0, 0.0, 0.0, 0.0, 0.0]"
SERVICE,DEPLOYED,B51_REF_link5_LINKLOCAL,link5,Launch_Lock_Interface_Reference,REFERENCE_ONLY,AABB_CLEAR,382.0474,,382.0474,EXCLUDED_REFERENCE_ONLY_BODY,False,"[0.0, 0.0, 0.0, 0.0, 0.0, 0.0]"
SERVICE,DEPLOYED,B51_REF_link5_LINKLOCAL,link5,Load_Bridge_Left,ARM_MOUNT_INTERFACE,AABB_CLEAR,189.5111,,189.5111,CLEAR,False,"[0.0, 0.0, 0.0, 0.0, 0.0, 0.0]"
SERVICE,DEPLOYED,B51_REF_link5_LINKLOCAL,link5,Load_Bridge_Right,ARM_MOUNT_INTERFACE,AABB_CLEAR,196.0445,,196.0445,CLEAR,False,"[0.0, 0.0, 0.0, 0.0, 0.0, 0.0]"
SERVICE,DEPLOYED,B51_REF_link5_LINKLOCAL,link5,Load_Spreading_Frame,ARM_MOUNT_INTERFACE,AABB_CLEAR,185.441,,185.441,CLEAR,False,"[0.0, 0.0, 0.0, 0.0, 0.0, 0.0]"
SERVICE,DEPLOYED,B51_REF_link5_LINKLOCAL,link5,Longerons_4X,BUS_STRUCTURE,AABB_CLEAR,177.441,,177.441,CLEAR,False,"[0.0, 0.0, 0.0, 0.0, 0.0, 0.0]"
SERVICE,DEPLOYED,B51_REF_link5_LINKLOCAL,link5,Maintenance_Access_Cover,BUS_STRUCTURE,AABB_CLEAR,190.441,,190.441,CLEAR,False,"[0.0, 0.0, 0.0, 0.0, 0.0, 0.0]"
SERVICE,DEPLOYED,B51_REF_link5_LINKLOCAL,link5,Mid_Saddle,SADDLE_PLACEHOLDER,AABB_CLEAR,292.5746,,292.5746,CLEAR,False,"[0.0, 0.0, 0.0, 0.0, 0.0, 0.0]"
SERVICE,DEPLOYED,B51_REF_link5_LINKLOCAL,link5,Mid_Transverse_Frame_,BUS_STRUCTURE,AABB_CLEAR,296.441,,296.441,CLEAR,False,"[0.0, 0.0, 0.0, 0.0, 0.0, 0.0]"
SERVICE,DEPLOYED,B51_REF_link5_LINKLOCAL,link5,Rear_End_Frame,BUS_STRUCTURE,AABB_CLEAR,535.441,,535.441,CLEAR,False,"[0.0, 0.0, 0.0, 0.0, 0.0, 0.0]"
SERVICE,DEPLOYED,B51_REF_link5_LINKLOCAL,link5,Release_Clearance_Envelope,REFERENCE_ONLY,AABB_CLEAR,406.3815,,406.3815,EXCLUDED_REFERENCE_ONLY_BODY,False,"[0.0, 0.0, 0.0, 0.0, 0.0, 0.0]"
SERVICE,DEPLOYED,B51_REF_link5_LINKLOCAL,link5,Root_Base_Left,BUS_STRUCTURE,AABB_CLEAR,404.676,,404.676,CLEAR,False,"[0.0, 0.0, 0.0, 0.0, 0.0, 0.0]"
SERVICE,DEPLOYED,B51_REF_link5_LINKLOCAL,link5,Root_Base_Right,BUS_STRUCTURE,AABB_CLEAR,414.553,,414.553,CLEAR,False,"[0.0, 0.0, 0.0, 0.0, 0.0, 0.0]"
SERVICE,DEPLOYED,B51_REF_link5_LINKLOCAL,link5,Root_Node_Spine_Left,BUS_STRUCTURE,AABB_CLEAR,416.4237,,416.4237,CLEAR,False,"[0.0, 0.0, 0.0, 0.0, 0.0, 0.0]"
SERVICE,DEPLOYED,B51_REF_link5_LINKLOCAL,link5,Root_Node_Spine_Right,BUS_STRUCTURE,AABB_CLEAR,425.5793,,425.5793,CLEAR,False,"[0.0, 0.0, 0.0, 0.0, 0.0, 0.0]"
SERVICE,DEPLOYED,B51_REF_link5_LINKLOCAL,link5,Spacecraft_Flange,ARM_MOUNT_INTERFACE,AABB_CLEAR,174.441,,174.441,CLEAR,False,"[0.0, 0.0, 0.0, 0.0, 0.0, 0.0]"
SERVICE,DEPLOYED,B51_REF_link5_LINKLOCAL,link5,Torsion_Spring_1_Left,BUS_STRUCTURE,AABB_CLEAR,438.8949,,438.8949,CLEAR,False,"[0.0, 0.0, 0.0, 0.0, 0.0, 0.0]"
SERVICE,DEPLOYED,B51_REF_link5_LINKLOCAL,link5,Torsion_Spring_1_Right,BUS_STRUCTURE,AABB_CLEAR,451.1376,,451.1376,CLEAR,False,"[0.0, 0.0, 0.0, 0.0, 0.0, 0.0]"
SERVICE,DEPLOYED,B51_REF_link5_LINKLOCAL,link5,Torsion_Spring_2_Left,BUS_STRUCTURE,AABB_CLEAR,393.2991,,393.2991,CLEAR,False,"[0.0, 0.0, 0.0, 0.0, 0.0, 0.0]"
SERVICE,DEPLOYED,B51_REF_link5_LINKLOCAL,link5,Torsion_Spring_2_Right,BUS_STRUCTURE,AABB_CLEAR,406.9159,,406.9159,CLEAR,False,"[0.0, 0.0, 0.0, 0.0, 0.0, 0.0]"
SERVICE,DEPLOYED,B51_REF_link5_LINKLOCAL,link5,WING_L_DEPLOYED,SOLAR_WING,AABB_CLEAR,310.0323,,310.0323,CLEAR,False,"[0.0, 0.0, 0.0, 0.0, 0.0, 0.0]"
SERVICE,DEPLOYED,B51_REF_link5_LINKLOCAL,link5,WING_R_DEPLOYED,SOLAR_WING,AABB_CLEAR,322.8181,,322.8181,CLEAR,False,"[0.0, 0.0, 0.0, 0.0, 0.0, 0.0]"
SERVICE,DEPLOYED,B51_REF_link6_LINKLOCAL,link6,Adapter_Plate,ARM_MOUNT_INTERFACE,AABB_CLEAR,163.1637,,163.1637,CLEAR,False,"[0.0, 0.0, 0.0, 0.0, 0.0, 0.0]"
SERVICE,DEPLOYED,B51_REF_link6_LINKLOCAL,link6,Aft_Saddle,SADDLE_PLACEHOLDER,AABB_CLEAR,406.8534,,406.8534,CLEAR,False,"[0.0, 0.0, 0.0, 0.0, 0.0, 0.0]"
SERVICE,DEPLOYED,B51_REF_link6_LINKLOCAL,link6,Central_Boss,ARM_MOUNT_INTERFACE,AABB_CLEAR,154.3593,,154.3593,CLEAR,False,"[0.0, 0.0, 0.0, 0.0, 0.0, 0.0]"
SERVICE,DEPLOYED,B51_REF_link6_LINKLOCAL,link6,Deck_Front_Bay,BUS_STRUCTURE,AABB_CLEAR,244.5632,,244.5632,CLEAR,False,"[0.0, 0.0, 0.0, 0.0, 0.0, 0.0]"
SERVICE,DEPLOYED,B51_REF_link6_LINKLOCAL,link6,Deck_Mid_Bay,BUS_STRUCTURE,AABB_CLEAR,305.0838,,305.0838,CLEAR,False,"[0.0, 0.0, 0.0, 0.0, 0.0, 0.0]"
SERVICE,DEPLOYED,B51_REF_link6_LINKLOCAL,link6,Deck_Rear_Bay,BUS_STRUCTURE,AABB_CLEAR,426.535,,426.535,CLEAR,False,"[0.0, 0.0, 0.0, 0.0, 0.0, 0.0]"
SERVICE,DEPLOYED,B51_REF_link6_LINKLOCAL,link6,Front_End_Frame,BUS_STRUCTURE,AABB_CLEAR,178.1637,,178.1637,CLEAR,False,"[0.0, 0.0, 0.0, 0.0, 0.0, 0.0]"
SERVICE,DEPLOYED,B51_REF_link6_LINKLOCAL,link6,Front_Transverse_Frame,BUS_STRUCTURE,AABB_CLEAR,236.1637,,236.1637,CLEAR,False,"[0.0, 0.0, 0.0, 0.0, 0.0, 0.0]"
SERVICE,DEPLOYED,B51_REF_link6_LINKLOCAL,link6,Fwd_Saddle,SADDLE_PLACEHOLDER,AABB_CLEAR,260.597,,260.597,CLEAR,False,"[0.0, 0.0, 0.0, 0.0, 0.0, 0.0]"
SERVICE,DEPLOYED,B51_REF_link6_LINKLOCAL,link6,HDRM_Base_1_Left,BUS_STRUCTURE,AABB_CLEAR,509.4659,,509.4659,CLEAR,False,"[0.0, 0.0, 0.0, 0.0, 0.0, 0.0]"
SERVICE,DEPLOYED,B51_REF_link6_LINKLOCAL,link6,HDRM_Base_1_Right,BUS_STRUCTURE,AABB_CLEAR,524.3331,,524.3331,CLEAR,False,"[0.0, 0.0, 0.0, 0.0, 0.0, 0.0]"
SERVICE,DEPLOYED,B51_REF_link6_LINKLOCAL,link6,HDRM_Base_2_Left,BUS_STRUCTURE,AABB_CLEAR,309.6611,,309.6611,CLEAR,False,"[0.0, 0.0, 0.0, 0.0, 0.0, 0.0]"
SERVICE,DEPLOYED,B51_REF_link6_LINKLOCAL,link6,HDRM_Base_2_Right,BUS_STRUCTURE,AABB_CLEAR,333.5562,,333.5562,CLEAR,False,"[0.0, 0.0, 0.0, 0.0, 0.0, 0.0]"
SERVICE,DEPLOYED,B51_REF_link6_LINKLOCAL,link6,HDRM_Rod_1_Left,BUS_STRUCTURE,AABB_CLEAR,516.7954,,516.7954,CLEAR,False,"[0.0, 0.0, 0.0, 0.0, 0.0, 0.0]"
SERVICE,DEPLOYED,B51_REF_link6_LINKLOCAL,link6,HDRM_Rod_1_Right,BUS_STRUCTURE,AABB_CLEAR,533.0759,,533.0759,CLEAR,False,"[0.0, 0.0, 0.0, 0.0, 0.0, 0.0]"
SERVICE,DEPLOYED,B51_REF_link6_LINKLOCAL,link6,HDRM_Rod_2_Left,BUS_STRUCTURE,AABB_CLEAR,317.1939,,317.1939,CLEAR,False,"[0.0, 0.0, 0.0, 0.0, 0.0, 0.0]"
SERVICE,DEPLOYED,B51_REF_link6_LINKLOCAL,link6,HDRM_Rod_2_Right,BUS_STRUCTURE,AABB_CLEAR,343.0808,,343.0808,CLEAR,False,"[0.0, 0.0, 0.0, 0.0, 0.0, 0.0]"
SERVICE,DEPLOYED,B51_REF_link6_LINKLOCAL,link6,Hard_Stop_Left,BUS_STRUCTURE,AABB_CLEAR,431.0378,,431.0378,CLEAR,False,"[0.0, 0.0, 0.0, 0.0, 0.0, 0.0]"
SERVICE,DEPLOYED,B51_REF_link6_LINKLOCAL,link6,Hard_Stop_Right,BUS_STRUCTURE,AABB_CLEAR,450.4287,,450.4287,CLEAR,False,"[0.0, 0.0, 0.0, 0.0, 0.0, 0.0]"
SERVICE,DEPLOYED,B51_REF_link6_LINKLOCAL,link6,Harness_Passage,ARM_MOUNT_INTERFACE,AABB_CLEAR,190.1637,,190.1637,CLEAR,False,"[0.0, 0.0, 0.0, 0.0, 0.0, 0.0]"
SERVICE,DEPLOYED,B51_REF_link6_LINKLOCAL,link6,Harness_Service_Loop_Left,BUS_STRUCTURE,AABB_CLEAR,453.6605,,453.6605,CLEAR,False,"[0.0, 0.0, 0.0, 0.0, 0.0, 0.0]"
SERVICE,DEPLOYED,B51_REF_link6_LINKLOCAL,link6,Harness_Service_Loop_Right,BUS_STRUCTURE,AABB_CLEAR,470.2953,,470.2953,CLEAR,False,"[0.0, 0.0, 0.0, 0.0, 0.0, 0.0]"
SERVICE,DEPLOYED,B51_REF_link6_LINKLOCAL,link6,Hinge_Ear_1_Left,BUS_STRUCTURE,AABB_CLEAR,432.4964,,432.4964,CLEAR,False,"[0.0, 0.0, 0.0, 0.0, 0.0, 0.0]"
SERVICE,DEPLOYED,B51_REF_link6_LINKLOCAL,link6,Hinge_Ear_1_Right,BUS_STRUCTURE,AABB_CLEAR,451.8247,,451.8247,CLEAR,False,"[0.0, 0.0, 0.0, 0.0, 0.0, 0.0]"
SERVICE,DEPLOYED,B51_REF_link6_LINKLOCAL,link6,Hinge_Ear_2_Left,BUS_STRUCTURE,AABB_CLEAR,414.7713,,414.7713,CLEAR,False,"[0.0, 0.0, 0.0, 0.0, 0.0, 0.0]"
SERVICE,DEPLOYED,B51_REF_link6_LINKLOCAL,link6,Hinge_Ear_2_Right,BUS_STRUCTURE,AABB_CLEAR,434.8881,,434.8881,CLEAR,False,"[0.0, 0.0, 0.0, 0.0, 0.0, 0.0]"
SERVICE,DEPLOYED,B51_REF_link6_LINKLOCAL,link6,Hinge_Pin_Left,BUS_STRUCTURE,AABB_CLEAR,409.5765,,409.5765,CLEAR,False,"[0.0, 0.0, 0.0, 0.0, 0.0, 0.0]"
SERVICE,DEPLOYED,B51_REF_link6_LINKLOCAL,link6,Hinge_Pin_Right,BUS_STRUCTURE,AABB_CLEAR,434.4206,,434.4206,CLEAR,False,"[0.0, 0.0, 0.0, 0.0, 0.0, 0.0]"
SERVICE,DEPLOYED,B51_REF_link6_LINKLOCAL,link6,Launch_Lock_Interface_Reference,REFERENCE_ONLY,AABB_CLEAR,407.2148,,407.2148,EXCLUDED_REFERENCE_ONLY_BODY,False,"[0.0, 0.0, 0.0, 0.0, 0.0, 0.0]"
SERVICE,DEPLOYED,B51_REF_link6_LINKLOCAL,link6,Load_Bridge_Left,ARM_MOUNT_INTERFACE,AABB_CLEAR,199.1579,,199.1579,CLEAR,False,"[0.0, 0.0, 0.0, 0.0, 0.0, 0.0]"
SERVICE,DEPLOYED,B51_REF_link6_LINKLOCAL,link6,Load_Bridge_Right,ARM_MOUNT_INTERFACE,AABB_CLEAR,214.6474,,214.6474,CLEAR,False,"[0.0, 0.0, 0.0, 0.0, 0.0, 0.0]"
SERVICE,DEPLOYED,B51_REF_link6_LINKLOCAL,link6,Load_Spreading_Frame,ARM_MOUNT_INTERFACE,AABB_CLEAR,186.1637,,186.1637,CLEAR,False,"[0.0, 0.0, 0.0, 0.0, 0.0, 0.0]"
SERVICE,DEPLOYED,B51_REF_link6_LINKLOCAL,link6,Longerons_4X,BUS_STRUCTURE,AABB_CLEAR,178.1637,,178.1637,CLEAR,False,"[0.0, 0.0, 0.0, 0.0, 0.0, 0.0]"
SERVICE,DEPLOYED,B51_REF_link6_LINKLOCAL,link6,Maintenance_Access_Cover,BUS_STRUCTURE,AABB_CLEAR,191.1637,,191.1637,CLEAR,False,"[0.0, 0.0, 0.0, 0.0, 0.0, 0.0]"
SERVICE,DEPLOYED,B51_REF_link6_LINKLOCAL,link6,Mid_Saddle,SADDLE_PLACEHOLDER,AABB_CLEAR,321.3985,,321.3985,CLEAR,False,"[0.0, 0.0, 0.0, 0.0, 0.0, 0.0]"
SERVICE,DEPLOYED,B51_REF_link6_LINKLOCAL,link6,Mid_Transverse_Frame_,BUS_STRUCTURE,AABB_CLEAR,297.1637,,297.1637,CLEAR,False,"[0.0, 0.0, 0.0, 0.0, 0.0, 0.0]"
SERVICE,DEPLOYED,B51_REF_link6_LINKLOCAL,link6,Rear_End_Frame,BUS_STRUCTURE,AABB_CLEAR,536.1637,,536.1637,CLEAR,False,"[0.0, 0.0, 0.0, 0.0, 0.0, 0.0]"
SERVICE,DEPLOYED,B51_REF_link6_LINKLOCAL,link6,Release_Clearance_Envelope,REFERENCE_ONLY,AABB_CLEAR,446.3098,,446.3098,EXCLUDED_REFERENCE_ONLY_BODY,False,"[0.0, 0.0, 0.0, 0.0, 0.0, 0.0]"
SERVICE,DEPLOYED,B51_REF_link6_LINKLOCAL,link6,Root_Base_Left,BUS_STRUCTURE,AABB_CLEAR,405.9852,,405.9852,CLEAR,False,"[0.0, 0.0, 0.0, 0.0, 0.0, 0.0]"
SERVICE,DEPLOYED,B51_REF_link6_LINKLOCAL,link6,Root_Base_Right,BUS_STRUCTURE,AABB_CLEAR,424.4924,,424.4924,CLEAR,False,"[0.0, 0.0, 0.0, 0.0, 0.0, 0.0]"
SERVICE,DEPLOYED,B51_REF_link6_LINKLOCAL,link6,Root_Node_Spine_Left,BUS_STRUCTURE,AABB_CLEAR,416.4178,,416.4178,CLEAR,False,"[0.0, 0.0, 0.0, 0.0, 0.0, 0.0]"
SERVICE,DEPLOYED,B51_REF_link6_LINKLOCAL,link6,Root_Node_Spine_Right,BUS_STRUCTURE,AABB_CLEAR,433.7367,,433.7367,CLEAR,False,"[0.0, 0.0, 0.0, 0.0, 0.0, 0.0]"
SERVICE,DEPLOYED,B51_REF_link6_LINKLOCAL,link6,Spacecraft_Flange,ARM_MOUNT_INTERFACE,AABB_CLEAR,175.1637,,175.1637,CLEAR,False,"[0.0, 0.0, 0.0, 0.0, 0.0, 0.0]"
SERVICE,DEPLOYED,B51_REF_link6_LINKLOCAL,link6,Torsion_Spring_1_Left,BUS_STRUCTURE,AABB_CLEAR,442.9239,,442.9239,CLEAR,False,"[0.0, 0.0, 0.0, 0.0, 0.0, 0.0]"
SERVICE,DEPLOYED,B51_REF_link6_LINKLOCAL,link6,Torsion_Spring_1_Right,BUS_STRUCTURE,AABB_CLEAR,465.0685,,465.0685,CLEAR,False,"[0.0, 0.0, 0.0, 0.0, 0.0, 0.0]"
SERVICE,DEPLOYED,B51_REF_link6_LINKLOCAL,link6,Torsion_Spring_2_Left,BUS_STRUCTURE,AABB_CLEAR,397.7066,,397.7066,CLEAR,False,"[0.0, 0.0, 0.0, 0.0, 0.0, 0.0]"
SERVICE,DEPLOYED,B51_REF_link6_LINKLOCAL,link6,Torsion_Spring_2_Right,BUS_STRUCTURE,AABB_CLEAR,422.2293,,422.2293,CLEAR,False,"[0.0, 0.0, 0.0, 0.0, 0.0, 0.0]"
SERVICE,DEPLOYED,B51_REF_link6_LINKLOCAL,link6,WING_L_DEPLOYED,SOLAR_WING,AABB_CLEAR,317.249,,317.249,CLEAR,False,"[0.0, 0.0, 0.0, 0.0, 0.0, 0.0]"
SERVICE,DEPLOYED,B51_REF_link6_LINKLOCAL,link6,WING_R_DEPLOYED,SOLAR_WING,AABB_CLEAR,340.6122,,340.6122,CLEAR,False,"[0.0, 0.0, 0.0, 0.0, 0.0, 0.0]"
SERVICE,DEPLOYED,B51_REF_gripper_detail_LINKLOCAL,gripper_link,Adapter_Plate,ARM_MOUNT_INTERFACE,AABB_CLEAR,168.6094,,168.6094,CLEAR,False,"[0.0, 0.0, 0.0, 0.0, 0.0, 0.0]"
SERVICE,DEPLOYED,B51_REF_gripper_detail_LINKLOCAL,gripper_link,Aft_Saddle,SADDLE_PLACEHOLDER,AABB_CLEAR,423.0032,,423.0032,CLEAR,False,"[0.0, 0.0, 0.0, 0.0, 0.0, 0.0]"
SERVICE,DEPLOYED,B51_REF_gripper_detail_LINKLOCAL,gripper_link,Central_Boss,ARM_MOUNT_INTERFACE,AABB_CLEAR,163.7094,,163.7094,CLEAR,False,"[0.0, 0.0, 0.0, 0.0, 0.0, 0.0]"
SERVICE,DEPLOYED,B51_REF_gripper_detail_LINKLOCAL,gripper_link,Deck_Front_Bay,BUS_STRUCTURE,AABB_CLEAR,253.607,,253.607,CLEAR,False,"[0.0, 0.0, 0.0, 0.0, 0.0, 0.0]"
SERVICE,DEPLOYED,B51_REF_gripper_detail_LINKLOCAL,gripper_link,Deck_Mid_Bay,BUS_STRUCTURE,AABB_CLEAR,313.2124,,313.2124,CLEAR,False,"[0.0, 0.0, 0.0, 0.0, 0.0, 0.0]"
SERVICE,DEPLOYED,B51_REF_gripper_detail_LINKLOCAL,gripper_link,Deck_Rear_Bay,BUS_STRUCTURE,AABB_CLEAR,433.5886,,433.5886,CLEAR,False,"[0.0, 0.0, 0.0, 0.0, 0.0, 0.0]"
SERVICE,DEPLOYED,B51_REF_gripper_detail_LINKLOCAL,gripper_link,Front_End_Frame,BUS_STRUCTURE,AABB_CLEAR,182.4304,,182.4304,CLEAR,False,"[0.0, 0.0, 0.0, 0.0, 0.0, 0.0]"
SERVICE,DEPLOYED,B51_REF_gripper_detail_LINKLOCAL,gripper_link,Front_Transverse_Frame,BUS_STRUCTURE,AABB_CLEAR,240.4304,,240.4304,CLEAR,False,"[0.0, 0.0, 0.0, 0.0, 0.0, 0.0]"
SERVICE,DEPLOYED,B51_REF_gripper_detail_LINKLOCAL,gripper_link,Fwd_Saddle,SADDLE_PLACEHOLDER,AABB_CLEAR,282.4478,,282.4478,CLEAR,False,"[0.0, 0.0, 0.0, 0.0, 0.0, 0.0]"
SERVICE,DEPLOYED,B51_REF_gripper_detail_LINKLOCAL,gripper_link,HDRM_Base_1_Left,BUS_STRUCTURE,AABB_CLEAR,513.4304,,513.4304,CLEAR,False,"[0.0, 0.0, 0.0, 0.0, 0.0, 0.0]"
SERVICE,DEPLOYED,B51_REF_gripper_detail_LINKLOCAL,gripper_link,HDRM_Base_1_Right,BUS_STRUCTURE,AABB_CLEAR,522.0462,,522.0462,CLEAR,False,"[0.0, 0.0, 0.0, 0.0, 0.0, 0.0]"
SERVICE,DEPLOYED,B51_REF_gripper_detail_LINKLOCAL,gripper_link,HDRM_Base_2_Left,BUS_STRUCTURE,AABB_CLEAR,313.4304,,313.4304,CLEAR,False,"[0.0, 0.0, 0.0, 0.0, 0.0, 0.0]"
SERVICE,DEPLOYED,B51_REF_gripper_detail_LINKLOCAL,gripper_link,HDRM_Base_2_Right,BUS_STRUCTURE,AABB_CLEAR,327.3532,,327.3532,CLEAR,False,"[0.0, 0.0, 0.0, 0.0, 0.0, 0.0]"
SERVICE,DEPLOYED,B51_REF_gripper_detail_LINKLOCAL,gripper_link,HDRM_Rod_1_Left,BUS_STRUCTURE,AABB_CLEAR,520.4304,,520.4304,CLEAR,False,"[0.0, 0.0, 0.0, 0.0, 0.0, 0.0]"
SERVICE,DEPLOYED,B51_REF_gripper_detail_LINKLOCAL,gripper_link,HDRM_Rod_1_Right,BUS_STRUCTURE,AABB_CLEAR,530.4192,,530.4192,CLEAR,False,"[0.0, 0.0, 0.0, 0.0, 0.0, 0.0]"
SERVICE,DEPLOYED,B51_REF_gripper_detail_LINKLOCAL,gripper_link,HDRM_Rod_2_Left,BUS_STRUCTURE,AABB_CLEAR,320.4304,,320.4304,CLEAR,False,"[0.0, 0.0, 0.0, 0.0, 0.0, 0.0]"
SERVICE,DEPLOYED,B51_REF_gripper_detail_LINKLOCAL,gripper_link,HDRM_Rod_2_Right,BUS_STRUCTURE,AABB_CLEAR,336.4111,,336.4111,CLEAR,False,"[0.0, 0.0, 0.0, 0.0, 0.0, 0.0]"
SERVICE,DEPLOYED,B51_REF_gripper_detail_LINKLOCAL,gripper_link,Hard_Stop_Left,BUS_STRUCTURE,AABB_CLEAR,440.9069,,440.9069,CLEAR,False,"[0.0, 0.0, 0.0, 0.0, 0.0, 0.0]"
SERVICE,DEPLOYED,B51_REF_gripper_detail_LINKLOCAL,gripper_link,Hard_Stop_Right,BUS_STRUCTURE,AABB_CLEAR,452.654,,452.654,CLEAR,False,"[0.0, 0.0, 0.0, 0.0, 0.0, 0.0]"
SERVICE,DEPLOYED,B51_REF_gripper_detail_LINKLOCAL,gripper_link,Harness_Passage,ARM_MOUNT_INTERFACE,AABB_CLEAR,195.2531,,195.2531,CLEAR,False,"[0.0, 0.0, 0.0, 0.0, 0.0, 0.0]"
SERVICE,DEPLOYED,B51_REF_gripper_detail_LINKLOCAL,gripper_link,Harness_Service_Loop_Left,BUS_STRUCTURE,AABB_CLEAR,460.7641,,460.7641,CLEAR,False,"[0.0, 0.0, 0.0, 0.0, 0.0, 0.0]"
SERVICE,DEPLOYED,B51_REF_gripper_detail_LINKLOCAL,gripper_link,Harness_Service_Loop_Right,BUS_STRUCTURE,AABB_CLEAR,470.3457,,470.3457,CLEAR,False,"[0.0, 0.0, 0.0, 0.0, 0.0, 0.0]"
SERVICE,DEPLOYED,B51_REF_gripper_detail_LINKLOCAL,gripper_link,Hinge_Ear_1_Left,BUS_STRUCTURE,AABB_CLEAR,440.7689,,440.7689,CLEAR,False,"[0.0, 0.0, 0.0, 0.0, 0.0, 0.0]"
SERVICE,DEPLOYED,B51_REF_gripper_detail_LINKLOCAL,gripper_link,Hinge_Ear_1_Right,BUS_STRUCTURE,AABB_CLEAR,452.5196,,452.5196,CLEAR,False,"[0.0, 0.0, 0.0, 0.0, 0.0, 0.0]"
SERVICE,DEPLOYED,B51_REF_gripper_detail_LINKLOCAL,gripper_link,Hinge_Ear_2_Left,BUS_STRUCTURE,AABB_CLEAR,423.2089,,423.2089,CLEAR,False,"[0.0, 0.0, 0.0, 0.0, 0.0, 0.0]"
SERVICE,DEPLOYED,B51_REF_gripper_detail_LINKLOCAL,gripper_link,Hinge_Ear_2_Right,BUS_STRUCTURE,AABB_CLEAR,435.4337,,435.4337,CLEAR,False,"[0.0, 0.0, 0.0, 0.0, 0.0, 0.0]"
SERVICE,DEPLOYED,B51_REF_gripper_detail_LINKLOCAL,gripper_link,Hinge_Pin_Left,BUS_STRUCTURE,AABB_CLEAR,416.6192,,416.6192,CLEAR,False,"[0.0, 0.0, 0.0, 0.0, 0.0, 0.0]"
SERVICE,DEPLOYED,B51_REF_gripper_detail_LINKLOCAL,gripper_link,Hinge_Pin_Right,BUS_STRUCTURE,AABB_CLEAR,433.6826,,433.6826,CLEAR,False,"[0.0, 0.0, 0.0, 0.0, 0.0, 0.0]"
SERVICE,DEPLOYED,B51_REF_gripper_detail_LINKLOCAL,gripper_link,Launch_Lock_Interface_Reference,REFERENCE_ONLY,AABB_CLEAR,424.3944,,424.3944,EXCLUDED_REFERENCE_ONLY_BODY,False,"[0.0, 0.0, 0.0, 0.0, 0.0, 0.0]"
SERVICE,DEPLOYED,B51_REF_gripper_detail_LINKLOCAL,gripper_link,Load_Bridge_Left,ARM_MOUNT_INTERFACE,AABB_CLEAR,212.1603,,212.1603,CLEAR,False,"[0.0, 0.0, 0.0, 0.0, 0.0, 0.0]"
SERVICE,DEPLOYED,B51_REF_gripper_detail_LINKLOCAL,gripper_link,Load_Bridge_Right,ARM_MOUNT_INTERFACE,AABB_CLEAR,217.8138,,217.8138,CLEAR,False,"[0.0, 0.0, 0.0, 0.0, 0.0, 0.0]"
SERVICE,DEPLOYED,B51_REF_gripper_detail_LINKLOCAL,gripper_link,Load_Spreading_Frame,ARM_MOUNT_INTERFACE,AABB_CLEAR,190.5502,,190.5502,CLEAR,False,"[0.0, 0.0, 0.0, 0.0, 0.0, 0.0]"
SERVICE,DEPLOYED,B51_REF_gripper_detail_LINKLOCAL,gripper_link,Longerons_4X,BUS_STRUCTURE,AABB_CLEAR,182.4304,,182.4304,CLEAR,False,"[0.0, 0.0, 0.0, 0.0, 0.0, 0.0]"
SERVICE,DEPLOYED,B51_REF_gripper_detail_LINKLOCAL,gripper_link,Maintenance_Access_Cover,BUS_STRUCTURE,AABB_CLEAR,195.4304,,195.4304,CLEAR,False,"[0.0, 0.0, 0.0, 0.0, 0.0, 0.0]"
SERVICE,DEPLOYED,B51_REF_gripper_detail_LINKLOCAL,gripper_link,Mid_Saddle,SADDLE_PLACEHOLDER,AABB_CLEAR,340.3611,,340.3611,CLEAR,False,"[0.0, 0.0, 0.0, 0.0, 0.0, 0.0]"
SERVICE,DEPLOYED,B51_REF_gripper_detail_LINKLOCAL,gripper_link,Mid_Transverse_Frame_,BUS_STRUCTURE,AABB_CLEAR,301.4304,,301.4304,CLEAR,False,"[0.0, 0.0, 0.0, 0.0, 0.0, 0.0]"
SERVICE,DEPLOYED,B51_REF_gripper_detail_LINKLOCAL,gripper_link,Rear_End_Frame,BUS_STRUCTURE,AABB_CLEAR,540.4304,,540.4304,CLEAR,False,"[0.0, 0.0, 0.0, 0.0, 0.0, 0.0]"
SERVICE,DEPLOYED,B51_REF_gripper_detail_LINKLOCAL,gripper_link,Release_Clearance_Envelope,REFERENCE_ONLY,AABB_CLEAR,468.79,,468.79,EXCLUDED_REFERENCE_ONLY_BODY,False,"[0.0, 0.0, 0.0, 0.0, 0.0, 0.0]"
SERVICE,DEPLOYED,B51_REF_gripper_detail_LINKLOCAL,gripper_link,Root_Base_Left,BUS_STRUCTURE,AABB_CLEAR,412.8002,,412.8002,CLEAR,False,"[0.0, 0.0, 0.0, 0.0, 0.0, 0.0]"
SERVICE,DEPLOYED,B51_REF_gripper_detail_LINKLOCAL,gripper_link,Root_Base_Right,BUS_STRUCTURE,AABB_CLEAR,423.4684,,423.4684,CLEAR,False,"[0.0, 0.0, 0.0, 0.0, 0.0, 0.0]"
SERVICE,DEPLOYED,B51_REF_gripper_detail_LINKLOCAL,gripper_link,Root_Node_Spine_Left,BUS_STRUCTURE,AABB_CLEAR,421.1674,,421.1674,CLEAR,False,"[0.0, 0.0, 0.0, 0.0, 0.0, 0.0]"
SERVICE,DEPLOYED,B51_REF_gripper_detail_LINKLOCAL,gripper_link,Root_Node_Spine_Right,BUS_STRUCTURE,AABB_CLEAR,430.9823,,430.9823,CLEAR,False,"[0.0, 0.0, 0.0, 0.0, 0.0, 0.0]"
SERVICE,DEPLOYED,B51_REF_gripper_detail_LINKLOCAL,gripper_link,Spacecraft_Flange,ARM_MOUNT_INTERFACE,AABB_CLEAR,181.1505,,181.1505,CLEAR,False,"[0.0, 0.0, 0.0, 0.0, 0.0, 0.0]"
SERVICE,DEPLOYED,B51_REF_gripper_detail_LINKLOCAL,gripper_link,Torsion_Spring_1_Left,BUS_STRUCTURE,AABB_CLEAR,449.9171,,449.9171,CLEAR,False,"[0.0, 0.0, 0.0, 0.0, 0.0, 0.0]"
SERVICE,DEPLOYED,B51_REF_gripper_detail_LINKLOCAL,gripper_link,Torsion_Spring_1_Right,BUS_STRUCTURE,AABB_CLEAR,464.7439,,464.7439,CLEAR,False,"[0.0, 0.0, 0.0, 0.0, 0.0, 0.0]"
SERVICE,DEPLOYED,B51_REF_gripper_detail_LINKLOCAL,gripper_link,Torsion_Spring_2_Left,BUS_STRUCTURE,AABB_CLEAR,404.9961,,404.9961,CLEAR,False,"[0.0, 0.0, 0.0, 0.0, 0.0, 0.0]"
SERVICE,DEPLOYED,B51_REF_gripper_detail_LINKLOCAL,gripper_link,Torsion_Spring_2_Right,BUS_STRUCTURE,AABB_CLEAR,421.4063,,421.4063,CLEAR,False,"[0.0, 0.0, 0.0, 0.0, 0.0, 0.0]"
SERVICE,DEPLOYED,B51_REF_gripper_detail_LINKLOCAL,gripper_link,WING_L_DEPLOYED,SOLAR_WING,AABB_CLEAR,327.5912,,327.5912,CLEAR,False,"[0.0, 0.0, 0.0, 0.0, 0.0, 0.0]"
SERVICE,DEPLOYED,B51_REF_gripper_detail_LINKLOCAL,gripper_link,WING_R_DEPLOYED,SOLAR_WING,AABB_CLEAR,340.9362,,340.9362,CLEAR,False,"[0.0, 0.0, 0.0, 0.0, 0.0, 0.0]"
