case_id,state,node,heat_W,condition,mechanical_sink_node,thermal_contact_R_K_W,qualification
SBP000,run,shared_contact_loop,0.0,ASSUMING_ON_DC_ALLOCATION_NOT_MEASURED,,,UNBOUND
SBP000,run,main_before_sense,2.4737338956137114,ASSUMING_ON_DC_ALLOCATION_NOT_MEASURED,,,UNBOUND
SBP000,run,main_after_sense,17.311466574452346,ASSUMING_ON_DC_ALLOCATION_NOT_MEASURED,,,UNBOUND
SBP000,run,auxiliary_branch,0.019882595895535437,ASSUMING_ON_DC_ALLOCATION_NOT_MEASURED,,,UNBOUND
SBP000,run,controller_allocation,0.059666356439740525,ASSUMING_ON_DC_ALLOCATION_NOT_MEASURED,,,UNBOUND
SBP000,run,input_capacitor_leakage,0.057331166517924206,ASSUMING_ON_DC_ALLOCATION_NOT_MEASURED,,,UNBOUND
SBP000,run,CHB_conversion,63.70588235294119,ASSUMING_ON_DC_ALLOCATION_NOT_MEASURED,,,UNBOUND
SBP000,run,THN_conversion,4.2,ASSUMING_ON_DC_ALLOCATION_NOT_MEASURED,,,UNBOUND
SBP000,run,startup_bias_allocation,0.25,ASSUMING_ON_DC_ALLOCATION_NOT_MEASURED,,,UNBOUND
SBP000,cold,shared_contact_loop,0.0,MAIN_SWITCH_OPEN_AUX_ON_ALLOCATION_NOT_MEASURED,,,UNBOUND
SBP000,cold,main_before_sense,4.5e-08,MAIN_SWITCH_OPEN_AUX_ON_ALLOCATION_NOT_MEASURED,,,UNBOUND
SBP000,cold,main_after_sense,0.0,MAIN_SWITCH_OPEN_AUX_ON_ALLOCATION_NOT_MEASURED,,,UNBOUND
SBP000,cold,auxiliary_branch,0.019882595895535437,MAIN_SWITCH_OPEN_AUX_ON_ALLOCATION_NOT_MEASURED,,,UNBOUND
SBP000,cold,controller_allocation,0.059999955,MAIN_SWITCH_OPEN_AUX_ON_ALLOCATION_NOT_MEASURED,,,UNBOUND
SBP000,cold,input_capacitor_leakage,0.0,MAIN_SWITCH_OPEN_AUX_ON_ALLOCATION_NOT_MEASURED,,,UNBOUND
SBP000,cold,THN_conversion,4.2,MAIN_SWITCH_OPEN_AUX_ON_ALLOCATION_NOT_MEASURED,,,UNBOUND
SBP000,cold,startup_bias_allocation,0,MAIN_SWITCH_OPEN_AUX_ON_ALLOCATION_NOT_MEASURED,,,UNBOUND
SBP001,run,shared_contact_loop,0.0,ASSUMING_ON_DC_ALLOCATION_NOT_MEASURED,,,UNBOUND
SBP001,run,main_before_sense,2.4737338956137114,ASSUMING_ON_DC_ALLOCATION_NOT_MEASURED,,,UNBOUND
SBP001,run,main_after_sense,17.311466574452346,ASSUMING_ON_DC_ALLOCATION_NOT_MEASURED,,,UNBOUND
SBP001,run,auxiliary_branch,0.01570639784947913,ASSUMING_ON_DC_ALLOCATION_NOT_MEASURED,,,UNBOUND
SBP001,run,controller_allocation,0.059666356439740525,ASSUMING_ON_DC_ALLOCATION_NOT_MEASURED,,,UNBOUND
SBP001,run,input_capacitor_leakage,0.057331166517924206,ASSUMING_ON_DC_ALLOCATION_NOT_MEASURED,,,UNBOUND
SBP001,run,CHB_conversion,63.70588235294119,ASSUMING_ON_DC_ALLOCATION_NOT_MEASURED,,,UNBOUND
SBP001,run,THN_conversion,1.8666666666666676,ASSUMING_ON_DC_ALLOCATION_NOT_MEASURED,,,UNBOUND
SBP001,run,startup_bias_allocation,0.25,ASSUMING_ON_DC_ALLOCATION_NOT_MEASURED,,,UNBOUND
SBP001,cold,shared_contact_loop,0.0,MAIN_SWITCH_OPEN_AUX_ON_ALLOCATION_NOT_MEASURED,,,UNBOUND
SBP001,cold,main_before_sense,4.5e-08,MAIN_SWITCH_OPEN_AUX_ON_ALLOCATION_NOT_MEASURED,,,UNBOUND
SBP001,cold,main_after_sense,0.0,MAIN_SWITCH_OPEN_AUX_ON_ALLOCATION_NOT_MEASURED,,,UNBOUND
SBP001,cold,auxiliary_branch,0.01570639784947913,MAIN_SWITCH_OPEN_AUX_ON_ALLOCATION_NOT_MEASURED,,,UNBOUND
SBP001,cold,controller_allocation,0.059999955,MAIN_SWITCH_OPEN_AUX_ON_ALLOCATION_NOT_MEASURED,,,UNBOUND
SBP001,cold,input_capacitor_leakage,0.0,MAIN_SWITCH_OPEN_AUX_ON_ALLOCATION_NOT_MEASURED,,,UNBOUND
SBP001,cold,THN_conversion,1.8666666666666676,MAIN_SWITCH_OPEN_AUX_ON_ALLOCATION_NOT_MEASURED,,,UNBOUND
SBP001,cold,startup_bias_allocation,0,MAIN_SWITCH_OPEN_AUX_ON_ALLOCATION_NOT_MEASURED,,,UNBOUND
SBP002,run,shared_contact_loop,0.0,ASSUMING_ON_DC_ALLOCATION_NOT_MEASURED,,,UNBOUND
SBP002,run,main_before_sense,2.1948553179228054,ASSUMING_ON_DC_ALLOCATION_NOT_MEASURED,,,UNBOUND
SBP002,run,main_after_sense,15.359587696836956,ASSUMING_ON_DC_ALLOCATION_NOT_MEASURED,,,UNBOUND
SBP002,run,auxiliary_branch,0.019882595895535437,ASSUMING_ON_DC_ALLOCATION_NOT_MEASURED,,,UNBOUND
SBP002,run,controller_allocation,0.059685725455522524,ASSUMING_ON_DC_ALLOCATION_NOT_MEASURED,,,UNBOUND
SBP002,run,input_capacitor_leakage,0.05748611864418018,ASSUMING_ON_DC_ALLOCATION_NOT_MEASURED,,,UNBOUND
SBP002,run,CHB_conversion,40.11111111111113,ASSUMING_ON_DC_ALLOCATION_NOT_MEASURED,,,UNBOUND
SBP002,run,THN_conversion,4.2,ASSUMING_ON_DC_ALLOCATION_NOT_MEASURED,,,UNBOUND
SBP002,run,startup_bias_allocation,0.25,ASSUMING_ON_DC_ALLOCATION_NOT_MEASURED,,,UNBOUND
SBP002,cold,shared_contact_loop,0.0,MAIN_SWITCH_OPEN_AUX_ON_ALLOCATION_NOT_MEASURED,,,UNBOUND
SBP002,cold,main_before_sense,4.5e-08,MAIN_SWITCH_OPEN_AUX_ON_ALLOCATION_NOT_MEASURED,,,UNBOUND
SBP002,cold,main_after_sense,0.0,MAIN_SWITCH_OPEN_AUX_ON_ALLOCATION_NOT_MEASURED,,,UNBOUND
SBP002,cold,auxiliary_branch,0.019882595895535437,MAIN_SWITCH_OPEN_AUX_ON_ALLOCATION_NOT_MEASURED,,,UNBOUND
SBP002,cold,controller_allocation,0.059999955,MAIN_SWITCH_OPEN_AUX_ON_ALLOCATION_NOT_MEASURED,,,UNBOUND
SBP002,cold,input_capacitor_leakage,0.0,MAIN_SWITCH_OPEN_AUX_ON_ALLOCATION_NOT_MEASURED,,,UNBOUND
SBP002,cold,THN_conversion,4.2,MAIN_SWITCH_OPEN_AUX_ON_ALLOCATION_NOT_MEASURED,,,UNBOUND
SBP002,cold,startup_bias_allocation,0,MAIN_SWITCH_OPEN_AUX_ON_ALLOCATION_NOT_MEASURED,,,UNBOUND
SBP003,run,shared_contact_loop,0.0,ASSUMING_ON_DC_ALLOCATION_NOT_MEASURED,,,UNBOUND
SBP003,run,main_before_sense,2.1948553179228054,ASSUMING_ON_DC_ALLOCATION_NOT_MEASURED,,,UNBOUND
SBP003,run,main_after_sense,15.359587696836956,ASSUMING_ON_DC_ALLOCATION_NOT_MEASURED,,,UNBOUND
SBP003,run,auxiliary_branch,0.01570639784947913,ASSUMING_ON_DC_ALLOCATION_NOT_MEASURED,,,UNBOUND
SBP003,run,controller_allocation,0.059685725455522524,ASSUMING_ON_DC_ALLOCATION_NOT_MEASURED,,,UNBOUND
SBP003,run,input_capacitor_leakage,0.05748611864418018,ASSUMING_ON_DC_ALLOCATION_NOT_MEASURED,,,UNBOUND
SBP003,run,CHB_conversion,40.11111111111113,ASSUMING_ON_DC_ALLOCATION_NOT_MEASURED,,,UNBOUND
SBP003,run,THN_conversion,1.8666666666666676,ASSUMING_ON_DC_ALLOCATION_NOT_MEASURED,,,UNBOUND
SBP003,run,startup_bias_allocation,0.25,ASSUMING_ON_DC_ALLOCATION_NOT_MEASURED,,,UNBOUND
SBP003,cold,shared_contact_loop,0.0,MAIN_SWITCH_OPEN_AUX_ON_ALLOCATION_NOT_MEASURED,,,UNBOUND
SBP003,cold,main_before_sense,4.5e-08,MAIN_SWITCH_OPEN_AUX_ON_ALLOCATION_NOT_MEASURED,,,UNBOUND
SBP003,cold,main_after_sense,0.0,MAIN_SWITCH_OPEN_AUX_ON_ALLOCATION_NOT_MEASURED,,,UNBOUND
SBP003,cold,auxiliary_branch,0.01570639784947913,MAIN_SWITCH_OPEN_AUX_ON_ALLOCATION_NOT_MEASURED,,,UNBOUND
SBP003,cold,controller_allocation,0.059999955,MAIN_SWITCH_OPEN_AUX_ON_ALLOCATION_NOT_MEASURED,,,UNBOUND
SBP003,cold,input_capacitor_leakage,0.0,MAIN_SWITCH_OPEN_AUX_ON_ALLOCATION_NOT_MEASURED,,,UNBOUND
SBP003,cold,THN_conversion,1.8666666666666676,MAIN_SWITCH_OPEN_AUX_ON_ALLOCATION_NOT_MEASURED,,,UNBOUND
SBP003,cold,startup_bias_allocation,0,MAIN_SWITCH_OPEN_AUX_ON_ALLOCATION_NOT_MEASURED,,,UNBOUND
SBP004,run,shared_contact_loop,0.0,ASSUMING_ON_DC_ALLOCATION_NOT_MEASURED,,,UNBOUND
SBP004,run,main_before_sense,2.4737338956137114,ASSUMING_ON_DC_ALLOCATION_NOT_MEASURED,,,UNBOUND
SBP004,run,main_after_sense,17.311466574452346,ASSUMING_ON_DC_ALLOCATION_NOT_MEASURED,,,UNBOUND
SBP004,run,auxiliary_branch,0.04428619815900253,ASSUMING_ON_DC_ALLOCATION_NOT_MEASURED,,,UNBOUND
SBP004,run,controller_allocation,0.059666356439740525,ASSUMING_ON_DC_ALLOCATION_NOT_MEASURED,,,UNBOUND
SBP004,run,input_capacitor_leakage,0.057331166517924206,ASSUMING_ON_DC_ALLOCATION_NOT_MEASURED,,,UNBOUND
SBP004,run,CHB_conversion,63.70588235294119,ASSUMING_ON_DC_ALLOCATION_NOT_MEASURED,,,UNBOUND
SBP004,run,THN_conversion,4.2,ASSUMING_ON_DC_ALLOCATION_NOT_MEASURED,,,UNBOUND
SBP004,run,startup_bias_allocation,0.25,ASSUMING_ON_DC_ALLOCATION_NOT_MEASURED,,,UNBOUND
SBP004,cold,shared_contact_loop,0.0,MAIN_SWITCH_OPEN_AUX_ON_ALLOCATION_NOT_MEASURED,,,UNBOUND
SBP004,cold,main_before_sense,4.5e-08,MAIN_SWITCH_OPEN_AUX_ON_ALLOCATION_NOT_MEASURED,,,UNBOUND
SBP004,cold,main_after_sense,0.0,MAIN_SWITCH_OPEN_AUX_ON_ALLOCATION_NOT_MEASURED,,,UNBOUND
SBP004,cold,auxiliary_branch,0.04428619815900253,MAIN_SWITCH_OPEN_AUX_ON_ALLOCATION_NOT_MEASURED,,,UNBOUND
SBP004,cold,controller_allocation,0.059999955,MAIN_SWITCH_OPEN_AUX_ON_ALLOCATION_NOT_MEASURED,,,UNBOUND
SBP004,cold,input_capacitor_leakage,0.0,MAIN_SWITCH_OPEN_AUX_ON_ALLOCATION_NOT_MEASURED,,,UNBOUND
SBP004,cold,THN_conversion,4.2,MAIN_SWITCH_OPEN_AUX_ON_ALLOCATION_NOT_MEASURED,,,UNBOUND
SBP004,cold,startup_bias_allocation,0,MAIN_SWITCH_OPEN_AUX_ON_ALLOCATION_NOT_MEASURED,,,UNBOUND
SBP005,run,shared_contact_loop,0.0,ASSUMING_ON_DC_ALLOCATION_NOT_MEASURED,,,UNBOUND
SBP005,run,main_before_sense,2.4737338956137114,ASSUMING_ON_DC_ALLOCATION_NOT_MEASURED,,,UNBOUND
SBP005,run,main_after_sense,17.311466574452346,ASSUMING_ON_DC_ALLOCATION_NOT_MEASURED,,,UNBOUND
SBP005,run,auxiliary_branch,0.03497514062883832,ASSUMING_ON_DC_ALLOCATION_NOT_MEASURED,,,UNBOUND
SBP005,run,controller_allocation,0.059666356439740525,ASSUMING_ON_DC_ALLOCATION_NOT_MEASURED,,,UNBOUND
SBP005,run,input_capacitor_leakage,0.057331166517924206,ASSUMING_ON_DC_ALLOCATION_NOT_MEASURED,,,UNBOUND
SBP005,run,CHB_conversion,63.70588235294119,ASSUMING_ON_DC_ALLOCATION_NOT_MEASURED,,,UNBOUND
SBP005,run,THN_conversion,1.8666666666666676,ASSUMING_ON_DC_ALLOCATION_NOT_MEASURED,,,UNBOUND
SBP005,run,startup_bias_allocation,0.25,ASSUMING_ON_DC_ALLOCATION_NOT_MEASURED,,,UNBOUND
SBP005,cold,shared_contact_loop,0.0,MAIN_SWITCH_OPEN_AUX_ON_ALLOCATION_NOT_MEASURED,,,UNBOUND
SBP005,cold,main_before_sense,4.5e-08,MAIN_SWITCH_OPEN_AUX_ON_ALLOCATION_NOT_MEASURED,,,UNBOUND
SBP005,cold,main_after_sense,0.0,MAIN_SWITCH_OPEN_AUX_ON_ALLOCATION_NOT_MEASURED,,,UNBOUND
SBP005,cold,auxiliary_branch,0.03497514062883832,MAIN_SWITCH_OPEN_AUX_ON_ALLOCATION_NOT_MEASURED,,,UNBOUND
SBP005,cold,controller_allocation,0.059999955,MAIN_SWITCH_OPEN_AUX_ON_ALLOCATION_NOT_MEASURED,,,UNBOUND
SBP005,cold,input_capacitor_leakage,0.0,MAIN_SWITCH_OPEN_AUX_ON_ALLOCATION_NOT_MEASURED,,,UNBOUND
SBP005,cold,THN_conversion,1.8666666666666676,MAIN_SWITCH_OPEN_AUX_ON_ALLOCATION_NOT_MEASURED,,,UNBOUND
SBP005,cold,startup_bias_allocation,0,MAIN_SWITCH_OPEN_AUX_ON_ALLOCATION_NOT_MEASURED,,,UNBOUND
SBP006,run,shared_contact_loop,0.0,ASSUMING_ON_DC_ALLOCATION_NOT_MEASURED,,,UNBOUND
SBP006,run,main_before_sense,2.1948553179228054,ASSUMING_ON_DC_ALLOCATION_NOT_MEASURED,,,UNBOUND
SBP006,run,main_after_sense,15.359587696836956,ASSUMING_ON_DC_ALLOCATION_NOT_MEASURED,,,UNBOUND
SBP006,run,auxiliary_branch,0.04428619815900253,ASSUMING_ON_DC_ALLOCATION_NOT_MEASURED,,,UNBOUND
SBP006,run,controller_allocation,0.059685725455522524,ASSUMING_ON_DC_ALLOCATION_NOT_MEASURED,,,UNBOUND
SBP006,run,input_capacitor_leakage,0.05748611864418018,ASSUMING_ON_DC_ALLOCATION_NOT_MEASURED,,,UNBOUND
SBP006,run,CHB_conversion,40.11111111111113,ASSUMING_ON_DC_ALLOCATION_NOT_MEASURED,,,UNBOUND
SBP006,run,THN_conversion,4.2,ASSUMING_ON_DC_ALLOCATION_NOT_MEASURED,,,UNBOUND
SBP006,run,startup_bias_allocation,0.25,ASSUMING_ON_DC_ALLOCATION_NOT_MEASURED,,,UNBOUND
SBP006,cold,shared_contact_loop,0.0,MAIN_SWITCH_OPEN_AUX_ON_ALLOCATION_NOT_MEASURED,,,UNBOUND
SBP006,cold,main_before_sense,4.5e-08,MAIN_SWITCH_OPEN_AUX_ON_ALLOCATION_NOT_MEASURED,,,UNBOUND
SBP006,cold,main_after_sense,0.0,MAIN_SWITCH_OPEN_AUX_ON_ALLOCATION_NOT_MEASURED,,,UNBOUND
SBP006,cold,auxiliary_branch,0.04428619815900253,MAIN_SWITCH_OPEN_AUX_ON_ALLOCATION_NOT_MEASURED,,,UNBOUND
SBP006,cold,controller_allocation,0.059999955,MAIN_SWITCH_OPEN_AUX_ON_ALLOCATION_NOT_MEASURED,,,UNBOUND
SBP006,cold,input_capacitor_leakage,0.0,MAIN_SWITCH_OPEN_AUX_ON_ALLOCATION_NOT_MEASURED,,,UNBOUND
SBP006,cold,THN_conversion,4.2,MAIN_SWITCH_OPEN_AUX_ON_ALLOCATION_NOT_MEASURED,,,UNBOUND
SBP006,cold,startup_bias_allocation,0,MAIN_SWITCH_OPEN_AUX_ON_ALLOCATION_NOT_MEASURED,,,UNBOUND
SBP007,run,shared_contact_loop,0.0,ASSUMING_ON_DC_ALLOCATION_NOT_MEASURED,,,UNBOUND
SBP007,run,main_before_sense,2.1948553179228054,ASSUMING_ON_DC_ALLOCATION_NOT_MEASURED,,,UNBOUND
SBP007,run,main_after_sense,15.359587696836956,ASSUMING_ON_DC_ALLOCATION_NOT_MEASURED,,,UNBOUND
SBP007,run,auxiliary_branch,0.03497514062883832,ASSUMING_ON_DC_ALLOCATION_NOT_MEASURED,,,UNBOUND
SBP007,run,controller_allocation,0.059685725455522524,ASSUMING_ON_DC_ALLOCATION_NOT_MEASURED,,,UNBOUND
SBP007,run,input_capacitor_leakage,0.05748611864418018,ASSUMING_ON_DC_ALLOCATION_NOT_MEASURED,,,UNBOUND
SBP007,run,CHB_conversion,40.11111111111113,ASSUMING_ON_DC_ALLOCATION_NOT_MEASURED,,,UNBOUND
SBP007,run,THN_conversion,1.8666666666666676,ASSUMING_ON_DC_ALLOCATION_NOT_MEASURED,,,UNBOUND
SBP007,run,startup_bias_allocation,0.25,ASSUMING_ON_DC_ALLOCATION_NOT_MEASURED,,,UNBOUND
SBP007,cold,shared_contact_loop,0.0,MAIN_SWITCH_OPEN_AUX_ON_ALLOCATION_NOT_MEASURED,,,UNBOUND
SBP007,cold,main_before_sense,4.5e-08,MAIN_SWITCH_OPEN_AUX_ON_ALLOCATION_NOT_MEASURED,,,UNBOUND
SBP007,cold,main_after_sense,0.0,MAIN_SWITCH_OPEN_AUX_ON_ALLOCATION_NOT_MEASURED,,,UNBOUND
SBP007,cold,auxiliary_branch,0.03497514062883832,MAIN_SWITCH_OPEN_AUX_ON_ALLOCATION_NOT_MEASURED,,,UNBOUND
SBP007,cold,controller_allocation,0.059999955,MAIN_SWITCH_OPEN_AUX_ON_ALLOCATION_NOT_MEASURED,,,UNBOUND
SBP007,cold,input_capacitor_leakage,0.0,MAIN_SWITCH_OPEN_AUX_ON_ALLOCATION_NOT_MEASURED,,,UNBOUND
SBP007,cold,THN_conversion,1.8666666666666676,MAIN_SWITCH_OPEN_AUX_ON_ALLOCATION_NOT_MEASURED,,,UNBOUND
SBP007,cold,startup_bias_allocation,0,MAIN_SWITCH_OPEN_AUX_ON_ALLOCATION_NOT_MEASURED,,,UNBOUND
SBP008,run,shared_contact_loop,0.0,ASSUMING_ON_DC_ALLOCATION_NOT_MEASURED,,,UNBOUND
SBP008,run,main_before_sense,10.410293411993045,ASSUMING_ON_DC_ALLOCATION_NOT_MEASURED,,,UNBOUND
SBP008,run,main_after_sense,20.815111634239575,ASSUMING_ON_DC_ALLOCATION_NOT_MEASURED,,,UNBOUND
SBP008,run,auxiliary_branch,0.019882595895535437,ASSUMING_ON_DC_ALLOCATION_NOT_MEASURED,,,UNBOUND
SBP008,run,controller_allocation,0.05863111256337172,ASSUMING_ON_DC_ALLOCATION_NOT_MEASURED,,,UNBOUND
SBP008,run,input_capacitor_leakage,0.055893697690115166,ASSUMING_ON_DC_ALLOCATION_NOT_MEASURED,,,UNBOUND
SBP008,run,CHB_conversion,63.70588235294119,ASSUMING_ON_DC_ALLOCATION_NOT_MEASURED,,,UNBOUND
SBP008,run,THN_conversion,4.2,ASSUMING_ON_DC_ALLOCATION_NOT_MEASURED,,,UNBOUND
SBP008,run,startup_bias_allocation,0.25,ASSUMING_ON_DC_ALLOCATION_NOT_MEASURED,,,UNBOUND
SBP008,cold,shared_contact_loop,0.0,MAIN_SWITCH_OPEN_AUX_ON_ALLOCATION_NOT_MEASURED,,,UNBOUND
SBP008,cold,main_before_sense,1.8e-07,MAIN_SWITCH_OPEN_AUX_ON_ALLOCATION_NOT_MEASURED,,,UNBOUND
SBP008,cold,main_after_sense,0.0,MAIN_SWITCH_OPEN_AUX_ON_ALLOCATION_NOT_MEASURED,,,UNBOUND
SBP008,cold,auxiliary_branch,0.019882595895535437,MAIN_SWITCH_OPEN_AUX_ON_ALLOCATION_NOT_MEASURED,,,UNBOUND
SBP008,cold,controller_allocation,0.059999819999999995,MAIN_SWITCH_OPEN_AUX_ON_ALLOCATION_NOT_MEASURED,,,UNBOUND
SBP008,cold,input_capacitor_leakage,0.0,MAIN_SWITCH_OPEN_AUX_ON_ALLOCATION_NOT_MEASURED,,,UNBOUND
SBP008,cold,THN_conversion,4.2,MAIN_SWITCH_OPEN_AUX_ON_ALLOCATION_NOT_MEASURED,,,UNBOUND
SBP008,cold,startup_bias_allocation,0,MAIN_SWITCH_OPEN_AUX_ON_ALLOCATION_NOT_MEASURED,,,UNBOUND
SBP009,run,shared_contact_loop,0.0,ASSUMING_ON_DC_ALLOCATION_NOT_MEASURED,,,UNBOUND
SBP009,run,main_before_sense,10.410293411993045,ASSUMING_ON_DC_ALLOCATION_NOT_MEASURED,,,UNBOUND
SBP009,run,main_after_sense,20.815111634239575,ASSUMING_ON_DC_ALLOCATION_NOT_MEASURED,,,UNBOUND
SBP009,run,auxiliary_branch,0.01570639784947913,ASSUMING_ON_DC_ALLOCATION_NOT_MEASURED,,,UNBOUND
SBP009,run,controller_allocation,0.05863111256337172,ASSUMING_ON_DC_ALLOCATION_NOT_MEASURED,,,UNBOUND
SBP009,run,input_capacitor_leakage,0.055893697690115166,ASSUMING_ON_DC_ALLOCATION_NOT_MEASURED,,,UNBOUND
SBP009,run,CHB_conversion,63.70588235294119,ASSUMING_ON_DC_ALLOCATION_NOT_MEASURED,,,UNBOUND
SBP009,run,THN_conversion,1.8666666666666676,ASSUMING_ON_DC_ALLOCATION_NOT_MEASURED,,,UNBOUND
SBP009,run,startup_bias_allocation,0.25,ASSUMING_ON_DC_ALLOCATION_NOT_MEASURED,,,UNBOUND
SBP009,cold,shared_contact_loop,0.0,MAIN_SWITCH_OPEN_AUX_ON_ALLOCATION_NOT_MEASURED,,,UNBOUND
SBP009,cold,main_before_sense,1.8e-07,MAIN_SWITCH_OPEN_AUX_ON_ALLOCATION_NOT_MEASURED,,,UNBOUND
SBP009,cold,main_after_sense,0.0,MAIN_SWITCH_OPEN_AUX_ON_ALLOCATION_NOT_MEASURED,,,UNBOUND
SBP009,cold,auxiliary_branch,0.01570639784947913,MAIN_SWITCH_OPEN_AUX_ON_ALLOCATION_NOT_MEASURED,,,UNBOUND
SBP009,cold,controller_allocation,0.059999819999999995,MAIN_SWITCH_OPEN_AUX_ON_ALLOCATION_NOT_MEASURED,,,UNBOUND
SBP009,cold,input_capacitor_leakage,0.0,MAIN_SWITCH_OPEN_AUX_ON_ALLOCATION_NOT_MEASURED,,,UNBOUND
SBP009,cold,THN_conversion,1.8666666666666676,MAIN_SWITCH_OPEN_AUX_ON_ALLOCATION_NOT_MEASURED,,,UNBOUND
SBP009,cold,startup_bias_allocation,0,MAIN_SWITCH_OPEN_AUX_ON_ALLOCATION_NOT_MEASURED,,,UNBOUND
SBP010,run,shared_contact_loop,0.0,ASSUMING_ON_DC_ALLOCATION_NOT_MEASURED,,,UNBOUND
SBP010,run,main_before_sense,9.205839892512326,ASSUMING_ON_DC_ALLOCATION_NOT_MEASURED,,,UNBOUND
SBP010,run,main_after_sense,18.406531085023985,ASSUMING_ON_DC_ALLOCATION_NOT_MEASURED,,,UNBOUND
SBP010,run,auxiliary_branch,0.019882595895535437,ASSUMING_ON_DC_ALLOCATION_NOT_MEASURED,,,UNBOUND
SBP010,run,controller_allocation,0.05871273499983406,ASSUMING_ON_DC_ALLOCATION_NOT_MEASURED,,,UNBOUND
SBP010,run,input_capacitor_leakage,0.05613856499950217,ASSUMING_ON_DC_ALLOCATION_NOT_MEASURED,,,UNBOUND
SBP010,run,CHB_conversion,40.11111111111113,ASSUMING_ON_DC_ALLOCATION_NOT_MEASURED,,,UNBOUND
SBP010,run,THN_conversion,4.2,ASSUMING_ON_DC_ALLOCATION_NOT_MEASURED,,,UNBOUND
SBP010,run,startup_bias_allocation,0.25,ASSUMING_ON_DC_ALLOCATION_NOT_MEASURED,,,UNBOUND
SBP010,cold,shared_contact_loop,0.0,MAIN_SWITCH_OPEN_AUX_ON_ALLOCATION_NOT_MEASURED,,,UNBOUND
SBP010,cold,main_before_sense,1.8e-07,MAIN_SWITCH_OPEN_AUX_ON_ALLOCATION_NOT_MEASURED,,,UNBOUND
SBP010,cold,main_after_sense,0.0,MAIN_SWITCH_OPEN_AUX_ON_ALLOCATION_NOT_MEASURED,,,UNBOUND
SBP010,cold,auxiliary_branch,0.019882595895535437,MAIN_SWITCH_OPEN_AUX_ON_ALLOCATION_NOT_MEASURED,,,UNBOUND
SBP010,cold,controller_allocation,0.059999819999999995,MAIN_SWITCH_OPEN_AUX_ON_ALLOCATION_NOT_MEASURED,,,UNBOUND
SBP010,cold,input_capacitor_leakage,0.0,MAIN_SWITCH_OPEN_AUX_ON_ALLOCATION_NOT_MEASURED,,,UNBOUND
SBP010,cold,THN_conversion,4.2,MAIN_SWITCH_OPEN_AUX_ON_ALLOCATION_NOT_MEASURED,,,UNBOUND
SBP010,cold,startup_bias_allocation,0,MAIN_SWITCH_OPEN_AUX_ON_ALLOCATION_NOT_MEASURED,,,UNBOUND
SBP011,run,shared_contact_loop,0.0,ASSUMING_ON_DC_ALLOCATION_NOT_MEASURED,,,UNBOUND
SBP011,run,main_before_sense,9.205839892512326,ASSUMING_ON_DC_ALLOCATION_NOT_MEASURED,,,UNBOUND
SBP011,run,main_after_sense,18.406531085023985,ASSUMING_ON_DC_ALLOCATION_NOT_MEASURED,,,UNBOUND
SBP011,run,auxiliary_branch,0.01570639784947913,ASSUMING_ON_DC_ALLOCATION_NOT_MEASURED,,,UNBOUND
SBP011,run,controller_allocation,0.05871273499983406,ASSUMING_ON_DC_ALLOCATION_NOT_MEASURED,,,UNBOUND
SBP011,run,input_capacitor_leakage,0.05613856499950217,ASSUMING_ON_DC_ALLOCATION_NOT_MEASURED,,,UNBOUND
SBP011,run,CHB_conversion,40.11111111111113,ASSUMING_ON_DC_ALLOCATION_NOT_MEASURED,,,UNBOUND
SBP011,run,THN_conversion,1.8666666666666676,ASSUMING_ON_DC_ALLOCATION_NOT_MEASURED,,,UNBOUND
SBP011,run,startup_bias_allocation,0.25,ASSUMING_ON_DC_ALLOCATION_NOT_MEASURED,,,UNBOUND
SBP011,cold,shared_contact_loop,0.0,MAIN_SWITCH_OPEN_AUX_ON_ALLOCATION_NOT_MEASURED,,,UNBOUND
SBP011,cold,main_before_sense,1.8e-07,MAIN_SWITCH_OPEN_AUX_ON_ALLOCATION_NOT_MEASURED,,,UNBOUND
SBP011,cold,main_after_sense,0.0,MAIN_SWITCH_OPEN_AUX_ON_ALLOCATION_NOT_MEASURED,,,UNBOUND
SBP011,cold,auxiliary_branch,0.01570639784947913,MAIN_SWITCH_OPEN_AUX_ON_ALLOCATION_NOT_MEASURED,,,UNBOUND
SBP011,cold,controller_allocation,0.059999819999999995,MAIN_SWITCH_OPEN_AUX_ON_ALLOCATION_NOT_MEASURED,,,UNBOUND
SBP011,cold,input_capacitor_leakage,0.0,MAIN_SWITCH_OPEN_AUX_ON_ALLOCATION_NOT_MEASURED,,,UNBOUND
SBP011,cold,THN_conversion,1.8666666666666676,MAIN_SWITCH_OPEN_AUX_ON_ALLOCATION_NOT_MEASURED,,,UNBOUND
SBP011,cold,startup_bias_allocation,0,MAIN_SWITCH_OPEN_AUX_ON_ALLOCATION_NOT_MEASURED,,,UNBOUND
SBP012,run,shared_contact_loop,0.0,ASSUMING_ON_DC_ALLOCATION_NOT_MEASURED,,,UNBOUND
SBP012,run,main_before_sense,10.410293411993045,ASSUMING_ON_DC_ALLOCATION_NOT_MEASURED,,,UNBOUND
SBP012,run,main_after_sense,20.815111634239575,ASSUMING_ON_DC_ALLOCATION_NOT_MEASURED,,,UNBOUND
SBP012,run,auxiliary_branch,0.04428619815900253,ASSUMING_ON_DC_ALLOCATION_NOT_MEASURED,,,UNBOUND
SBP012,run,controller_allocation,0.05863111256337172,ASSUMING_ON_DC_ALLOCATION_NOT_MEASURED,,,UNBOUND
SBP012,run,input_capacitor_leakage,0.055893697690115166,ASSUMING_ON_DC_ALLOCATION_NOT_MEASURED,,,UNBOUND
SBP012,run,CHB_conversion,63.70588235294119,ASSUMING_ON_DC_ALLOCATION_NOT_MEASURED,,,UNBOUND
SBP012,run,THN_conversion,4.2,ASSUMING_ON_DC_ALLOCATION_NOT_MEASURED,,,UNBOUND
SBP012,run,startup_bias_allocation,0.25,ASSUMING_ON_DC_ALLOCATION_NOT_MEASURED,,,UNBOUND
SBP012,cold,shared_contact_loop,0.0,MAIN_SWITCH_OPEN_AUX_ON_ALLOCATION_NOT_MEASURED,,,UNBOUND
SBP012,cold,main_before_sense,1.8e-07,MAIN_SWITCH_OPEN_AUX_ON_ALLOCATION_NOT_MEASURED,,,UNBOUND
SBP012,cold,main_after_sense,0.0,MAIN_SWITCH_OPEN_AUX_ON_ALLOCATION_NOT_MEASURED,,,UNBOUND
SBP012,cold,auxiliary_branch,0.04428619815900253,MAIN_SWITCH_OPEN_AUX_ON_ALLOCATION_NOT_MEASURED,,,UNBOUND
SBP012,cold,controller_allocation,0.059999819999999995,MAIN_SWITCH_OPEN_AUX_ON_ALLOCATION_NOT_MEASURED,,,UNBOUND
SBP012,cold,input_capacitor_leakage,0.0,MAIN_SWITCH_OPEN_AUX_ON_ALLOCATION_NOT_MEASURED,,,UNBOUND
SBP012,cold,THN_conversion,4.2,MAIN_SWITCH_OPEN_AUX_ON_ALLOCATION_NOT_MEASURED,,,UNBOUND
SBP012,cold,startup_bias_allocation,0,MAIN_SWITCH_OPEN_AUX_ON_ALLOCATION_NOT_MEASURED,,,UNBOUND
SBP013,run,shared_contact_loop,0.0,ASSUMING_ON_DC_ALLOCATION_NOT_MEASURED,,,UNBOUND
SBP013,run,main_before_sense,10.410293411993045,ASSUMING_ON_DC_ALLOCATION_NOT_MEASURED,,,UNBOUND
SBP013,run,main_after_sense,20.815111634239575,ASSUMING_ON_DC_ALLOCATION_NOT_MEASURED,,,UNBOUND
SBP013,run,auxiliary_branch,0.03497514062883832,ASSUMING_ON_DC_ALLOCATION_NOT_MEASURED,,,UNBOUND
SBP013,run,controller_allocation,0.05863111256337172,ASSUMING_ON_DC_ALLOCATION_NOT_MEASURED,,,UNBOUND
SBP013,run,input_capacitor_leakage,0.055893697690115166,ASSUMING_ON_DC_ALLOCATION_NOT_MEASURED,,,UNBOUND
SBP013,run,CHB_conversion,63.70588235294119,ASSUMING_ON_DC_ALLOCATION_NOT_MEASURED,,,UNBOUND
SBP013,run,THN_conversion,1.8666666666666676,ASSUMING_ON_DC_ALLOCATION_NOT_MEASURED,,,UNBOUND
SBP013,run,startup_bias_allocation,0.25,ASSUMING_ON_DC_ALLOCATION_NOT_MEASURED,,,UNBOUND
SBP013,cold,shared_contact_loop,0.0,MAIN_SWITCH_OPEN_AUX_ON_ALLOCATION_NOT_MEASURED,,,UNBOUND
SBP013,cold,main_before_sense,1.8e-07,MAIN_SWITCH_OPEN_AUX_ON_ALLOCATION_NOT_MEASURED,,,UNBOUND
SBP013,cold,main_after_sense,0.0,MAIN_SWITCH_OPEN_AUX_ON_ALLOCATION_NOT_MEASURED,,,UNBOUND
SBP013,cold,auxiliary_branch,0.03497514062883832,MAIN_SWITCH_OPEN_AUX_ON_ALLOCATION_NOT_MEASURED,,,UNBOUND
SBP013,cold,controller_allocation,0.059999819999999995,MAIN_SWITCH_OPEN_AUX_ON_ALLOCATION_NOT_MEASURED,,,UNBOUND
SBP013,cold,input_capacitor_leakage,0.0,MAIN_SWITCH_OPEN_AUX_ON_ALLOCATION_NOT_MEASURED,,,UNBOUND
SBP013,cold,THN_conversion,1.8666666666666676,MAIN_SWITCH_OPEN_AUX_ON_ALLOCATION_NOT_MEASURED,,,UNBOUND
SBP013,cold,startup_bias_allocation,0,MAIN_SWITCH_OPEN_AUX_ON_ALLOCATION_NOT_MEASURED,,,UNBOUND
SBP014,run,shared_contact_loop,0.0,ASSUMING_ON_DC_ALLOCATION_NOT_MEASURED,,,UNBOUND
SBP014,run,main_before_sense,9.205839892512326,ASSUMING_ON_DC_ALLOCATION_NOT_MEASURED,,,UNBOUND
SBP014,run,main_after_sense,18.406531085023985,ASSUMING_ON_DC_ALLOCATION_NOT_MEASURED,,,UNBOUND
SBP014,run,auxiliary_branch,0.04428619815900253,ASSUMING_ON_DC_ALLOCATION_NOT_MEASURED,,,UNBOUND
SBP014,run,controller_allocation,0.05871273499983406,ASSUMING_ON_DC_ALLOCATION_NOT_MEASURED,,,UNBOUND
SBP014,run,input_capacitor_leakage,0.05613856499950217,ASSUMING_ON_DC_ALLOCATION_NOT_MEASURED,,,UNBOUND
SBP014,run,CHB_conversion,40.11111111111113,ASSUMING_ON_DC_ALLOCATION_NOT_MEASURED,,,UNBOUND
SBP014,run,THN_conversion,4.2,ASSUMING_ON_DC_ALLOCATION_NOT_MEASURED,,,UNBOUND
SBP014,run,startup_bias_allocation,0.25,ASSUMING_ON_DC_ALLOCATION_NOT_MEASURED,,,UNBOUND
SBP014,cold,shared_contact_loop,0.0,MAIN_SWITCH_OPEN_AUX_ON_ALLOCATION_NOT_MEASURED,,,UNBOUND
SBP014,cold,main_before_sense,1.8e-07,MAIN_SWITCH_OPEN_AUX_ON_ALLOCATION_NOT_MEASURED,,,UNBOUND
SBP014,cold,main_after_sense,0.0,MAIN_SWITCH_OPEN_AUX_ON_ALLOCATION_NOT_MEASURED,,,UNBOUND
SBP014,cold,auxiliary_branch,0.04428619815900253,MAIN_SWITCH_OPEN_AUX_ON_ALLOCATION_NOT_MEASURED,,,UNBOUND
SBP014,cold,controller_allocation,0.059999819999999995,MAIN_SWITCH_OPEN_AUX_ON_ALLOCATION_NOT_MEASURED,,,UNBOUND
SBP014,cold,input_capacitor_leakage,0.0,MAIN_SWITCH_OPEN_AUX_ON_ALLOCATION_NOT_MEASURED,,,UNBOUND
SBP014,cold,THN_conversion,4.2,MAIN_SWITCH_OPEN_AUX_ON_ALLOCATION_NOT_MEASURED,,,UNBOUND
SBP014,cold,startup_bias_allocation,0,MAIN_SWITCH_OPEN_AUX_ON_ALLOCATION_NOT_MEASURED,,,UNBOUND
SBP015,run,shared_contact_loop,0.0,ASSUMING_ON_DC_ALLOCATION_NOT_MEASURED,,,UNBOUND
SBP015,run,main_before_sense,9.205839892512326,ASSUMING_ON_DC_ALLOCATION_NOT_MEASURED,,,UNBOUND
SBP015,run,main_after_sense,18.406531085023985,ASSUMING_ON_DC_ALLOCATION_NOT_MEASURED,,,UNBOUND
SBP015,run,auxiliary_branch,0.03497514062883832,ASSUMING_ON_DC_ALLOCATION_NOT_MEASURED,,,UNBOUND
SBP015,run,controller_allocation,0.05871273499983406,ASSUMING_ON_DC_ALLOCATION_NOT_MEASURED,,,UNBOUND
SBP015,run,input_capacitor_leakage,0.05613856499950217,ASSUMING_ON_DC_ALLOCATION_NOT_MEASURED,,,UNBOUND
SBP015,run,CHB_conversion,40.11111111111113,ASSUMING_ON_DC_ALLOCATION_NOT_MEASURED,,,UNBOUND
SBP015,run,THN_conversion,1.8666666666666676,ASSUMING_ON_DC_ALLOCATION_NOT_MEASURED,,,UNBOUND
SBP015,run,startup_bias_allocation,0.25,ASSUMING_ON_DC_ALLOCATION_NOT_MEASURED,,,UNBOUND
SBP015,cold,shared_contact_loop,0.0,MAIN_SWITCH_OPEN_AUX_ON_ALLOCATION_NOT_MEASURED,,,UNBOUND
SBP015,cold,main_before_sense,1.8e-07,MAIN_SWITCH_OPEN_AUX_ON_ALLOCATION_NOT_MEASURED,,,UNBOUND
SBP015,cold,main_after_sense,0.0,MAIN_SWITCH_OPEN_AUX_ON_ALLOCATION_NOT_MEASURED,,,UNBOUND
SBP015,cold,auxiliary_branch,0.03497514062883832,MAIN_SWITCH_OPEN_AUX_ON_ALLOCATION_NOT_MEASURED,,,UNBOUND
SBP015,cold,controller_allocation,0.059999819999999995,MAIN_SWITCH_OPEN_AUX_ON_ALLOCATION_NOT_MEASURED,,,UNBOUND
SBP015,cold,input_capacitor_leakage,0.0,MAIN_SWITCH_OPEN_AUX_ON_ALLOCATION_NOT_MEASURED,,,UNBOUND
SBP015,cold,THN_conversion,1.8666666666666676,MAIN_SWITCH_OPEN_AUX_ON_ALLOCATION_NOT_MEASURED,,,UNBOUND
SBP015,cold,startup_bias_allocation,0,MAIN_SWITCH_OPEN_AUX_ON_ALLOCATION_NOT_MEASURED,,,UNBOUND
SBP016,run,shared_contact_loop,5.568862023536676,ASSUMING_ON_DC_ALLOCATION_NOT_MEASURED,,,UNBOUND
SBP016,run,main_before_sense,2.5391016308130383,ASSUMING_ON_DC_ALLOCATION_NOT_MEASURED,,,UNBOUND
SBP016,run,main_after_sense,17.768979408176502,ASSUMING_ON_DC_ALLOCATION_NOT_MEASURED,,,UNBOUND
SBP016,run,auxiliary_branch,0.02036115802613018,ASSUMING_ON_DC_ALLOCATION_NOT_MEASURED,,,UNBOUND
SBP016,run,controller_allocation,0.05895402387006847,ASSUMING_ON_DC_ALLOCATION_NOT_MEASURED,,,UNBOUND
SBP016,run,input_capacitor_leakage,0.056588177612684955,ASSUMING_ON_DC_ALLOCATION_NOT_MEASURED,,,UNBOUND
SBP016,run,CHB_conversion,63.70588235294119,ASSUMING_ON_DC_ALLOCATION_NOT_MEASURED,,,UNBOUND
SBP016,run,THN_conversion,4.2,ASSUMING_ON_DC_ALLOCATION_NOT_MEASURED,,,UNBOUND
SBP016,run,startup_bias_allocation,0.25,ASSUMING_ON_DC_ALLOCATION_NOT_MEASURED,,,UNBOUND
SBP016,cold,shared_contact_loop,0.01112074936091229,MAIN_SWITCH_OPEN_AUX_ON_ALLOCATION_NOT_MEASURED,,,UNBOUND
SBP016,cold,main_before_sense,4.5e-08,MAIN_SWITCH_OPEN_AUX_ON_ALLOCATION_NOT_MEASURED,,,UNBOUND
SBP016,cold,main_after_sense,0.0,MAIN_SWITCH_OPEN_AUX_ON_ALLOCATION_NOT_MEASURED,,,UNBOUND
SBP016,cold,auxiliary_branch,0.019903619488887376,MAIN_SWITCH_OPEN_AUX_ON_ALLOCATION_NOT_MEASURED,,,UNBOUND
SBP016,cold,controller_allocation,0.05996831851090147,MAIN_SWITCH_OPEN_AUX_ON_ALLOCATION_NOT_MEASURED,,,UNBOUND
SBP016,cold,input_capacitor_leakage,0.0,MAIN_SWITCH_OPEN_AUX_ON_ALLOCATION_NOT_MEASURED,,,UNBOUND
SBP016,cold,THN_conversion,4.2,MAIN_SWITCH_OPEN_AUX_ON_ALLOCATION_NOT_MEASURED,,,UNBOUND
SBP016,cold,startup_bias_allocation,0,MAIN_SWITCH_OPEN_AUX_ON_ALLOCATION_NOT_MEASURED,,,UNBOUND
SBP017,run,shared_contact_loop,5.512446567231954,ASSUMING_ON_DC_ALLOCATION_NOT_MEASURED,,,UNBOUND
SBP017,run,main_before_sense,2.5387629471962523,ASSUMING_ON_DC_ALLOCATION_NOT_MEASURED,,,UNBOUND
SBP017,run,main_after_sense,17.76660893848511,ASSUMING_ON_DC_ALLOCATION_NOT_MEASURED,,,UNBOUND
SBP017,run,auxiliary_branch,0.016082406126202403,ASSUMING_ON_DC_ALLOCATION_NOT_MEASURED,,,UNBOUND
SBP017,run,controller_allocation,0.05895764150874344,ASSUMING_ON_DC_ALLOCATION_NOT_MEASURED,,,UNBOUND
SBP017,run,input_capacitor_leakage,0.05659195306441634,ASSUMING_ON_DC_ALLOCATION_NOT_MEASURED,,,UNBOUND
SBP017,run,CHB_conversion,63.70588235294119,ASSUMING_ON_DC_ALLOCATION_NOT_MEASURED,,,UNBOUND
SBP017,run,THN_conversion,1.8666666666666676,ASSUMING_ON_DC_ALLOCATION_NOT_MEASURED,,,UNBOUND
SBP017,run,startup_bias_allocation,0.25,ASSUMING_ON_DC_ALLOCATION_NOT_MEASURED,,,UNBOUND
SBP017,cold,shared_contact_loop,0.008790140507259285,MAIN_SWITCH_OPEN_AUX_ON_ALLOCATION_NOT_MEASURED,,,UNBOUND
SBP017,cold,main_before_sense,4.5e-08,MAIN_SWITCH_OPEN_AUX_ON_ALLOCATION_NOT_MEASURED,,,UNBOUND
SBP017,cold,main_after_sense,0.0,MAIN_SWITCH_OPEN_AUX_ON_ALLOCATION_NOT_MEASURED,,,UNBOUND
SBP017,cold,auxiliary_branch,0.01572115870393528,MAIN_SWITCH_OPEN_AUX_ON_ALLOCATION_NOT_MEASURED,,,UNBOUND
SBP017,cold,controller_allocation,0.05997182827524128,MAIN_SWITCH_OPEN_AUX_ON_ALLOCATION_NOT_MEASURED,,,UNBOUND
SBP017,cold,input_capacitor_leakage,0.0,MAIN_SWITCH_OPEN_AUX_ON_ALLOCATION_NOT_MEASURED,,,UNBOUND
SBP017,cold,THN_conversion,1.8666666666666676,MAIN_SWITCH_OPEN_AUX_ON_ALLOCATION_NOT_MEASURED,,,UNBOUND
SBP017,cold,startup_bias_allocation,0,MAIN_SWITCH_OPEN_AUX_ON_ALLOCATION_NOT_MEASURED,,,UNBOUND
SBP018,run,shared_contact_loop,4.96057770390496,ASSUMING_ON_DC_ALLOCATION_NOT_MEASURED,,,UNBOUND
SBP018,run,main_before_sense,2.2492147883594518,ASSUMING_ON_DC_ALLOCATION_NOT_MEASURED,,,UNBOUND
SBP018,run,main_after_sense,15.740049838182381,ASSUMING_ON_DC_ALLOCATION_NOT_MEASURED,,,UNBOUND
SBP018,run,auxiliary_branch,0.020333809634434527,ASSUMING_ON_DC_ALLOCATION_NOT_MEASURED,,,UNBOUND
SBP018,run,controller_allocation,0.05901368684424529,ASSUMING_ON_DC_ALLOCATION_NOT_MEASURED,,,UNBOUND
SBP018,run,input_capacitor_leakage,0.05678700417735549,ASSUMING_ON_DC_ALLOCATION_NOT_MEASURED,,,UNBOUND
SBP018,run,CHB_conversion,40.11111111111113,ASSUMING_ON_DC_ALLOCATION_NOT_MEASURED,,,UNBOUND
SBP018,run,THN_conversion,4.2,ASSUMING_ON_DC_ALLOCATION_NOT_MEASURED,,,UNBOUND
SBP018,run,startup_bias_allocation,0.25,ASSUMING_ON_DC_ALLOCATION_NOT_MEASURED,,,UNBOUND
SBP018,cold,shared_contact_loop,0.01112074936091229,MAIN_SWITCH_OPEN_AUX_ON_ALLOCATION_NOT_MEASURED,,,UNBOUND
SBP018,cold,main_before_sense,4.5e-08,MAIN_SWITCH_OPEN_AUX_ON_ALLOCATION_NOT_MEASURED,,,UNBOUND
SBP018,cold,main_after_sense,0.0,MAIN_SWITCH_OPEN_AUX_ON_ALLOCATION_NOT_MEASURED,,,UNBOUND
SBP018,cold,auxiliary_branch,0.019903619488887376,MAIN_SWITCH_OPEN_AUX_ON_ALLOCATION_NOT_MEASURED,,,UNBOUND
SBP018,cold,controller_allocation,0.05996831851090147,MAIN_SWITCH_OPEN_AUX_ON_ALLOCATION_NOT_MEASURED,,,UNBOUND
SBP018,cold,input_capacitor_leakage,0.0,MAIN_SWITCH_OPEN_AUX_ON_ALLOCATION_NOT_MEASURED,,,UNBOUND
SBP018,cold,THN_conversion,4.2,MAIN_SWITCH_OPEN_AUX_ON_ALLOCATION_NOT_MEASURED,,,UNBOUND
SBP018,cold,startup_bias_allocation,0,MAIN_SWITCH_OPEN_AUX_ON_ALLOCATION_NOT_MEASURED,,,UNBOUND
SBP019,run,shared_contact_loop,4.907420086838606,ASSUMING_ON_DC_ALLOCATION_NOT_MEASURED,,,UNBOUND
SBP019,run,main_before_sense,2.24891720267121,ASSUMING_ON_DC_ALLOCATION_NOT_MEASURED,,,UNBOUND
SBP019,run,main_after_sense,15.73796703302066,ASSUMING_ON_DC_ALLOCATION_NOT_MEASURED,,,UNBOUND
SBP019,run,auxiliary_branch,0.01606081369389739,ASSUMING_ON_DC_ALLOCATION_NOT_MEASURED,,,UNBOUND
SBP019,run,controller_allocation,0.059017297596552526,ASSUMING_ON_DC_ALLOCATION_NOT_MEASURED,,,UNBOUND
SBP019,run,input_capacitor_leakage,0.056790762257645566,ASSUMING_ON_DC_ALLOCATION_NOT_MEASURED,,,UNBOUND
SBP019,run,CHB_conversion,40.11111111111113,ASSUMING_ON_DC_ALLOCATION_NOT_MEASURED,,,UNBOUND
SBP019,run,THN_conversion,1.8666666666666676,ASSUMING_ON_DC_ALLOCATION_NOT_MEASURED,,,UNBOUND
SBP019,run,startup_bias_allocation,0.25,ASSUMING_ON_DC_ALLOCATION_NOT_MEASURED,,,UNBOUND
SBP019,cold,shared_contact_loop,0.008790140507259285,MAIN_SWITCH_OPEN_AUX_ON_ALLOCATION_NOT_MEASURED,,,UNBOUND
SBP019,cold,main_before_sense,4.5e-08,MAIN_SWITCH_OPEN_AUX_ON_ALLOCATION_NOT_MEASURED,,,UNBOUND
SBP019,cold,main_after_sense,0.0,MAIN_SWITCH_OPEN_AUX_ON_ALLOCATION_NOT_MEASURED,,,UNBOUND
SBP019,cold,auxiliary_branch,0.01572115870393528,MAIN_SWITCH_OPEN_AUX_ON_ALLOCATION_NOT_MEASURED,,,UNBOUND
SBP019,cold,controller_allocation,0.05997182827524128,MAIN_SWITCH_OPEN_AUX_ON_ALLOCATION_NOT_MEASURED,,,UNBOUND
SBP019,cold,input_capacitor_leakage,0.0,MAIN_SWITCH_OPEN_AUX_ON_ALLOCATION_NOT_MEASURED,,,UNBOUND
SBP019,cold,THN_conversion,1.8666666666666676,MAIN_SWITCH_OPEN_AUX_ON_ALLOCATION_NOT_MEASURED,,,UNBOUND
SBP019,cold,startup_bias_allocation,0,MAIN_SWITCH_OPEN_AUX_ON_ALLOCATION_NOT_MEASURED,,,UNBOUND
SBP020,run,shared_contact_loop,5.569466803055901,ASSUMING_ON_DC_ALLOCATION_NOT_MEASURED,,,UNBOUND
SBP020,run,main_before_sense,2.539105252597913,ASSUMING_ON_DC_ALLOCATION_NOT_MEASURED,,,UNBOUND
SBP020,run,main_after_sense,17.769004757295527,ASSUMING_ON_DC_ALLOCATION_NOT_MEASURED,,,UNBOUND
SBP020,run,auxiliary_branch,0.045354739624849795,ASSUMING_ON_DC_ALLOCATION_NOT_MEASURED,,,UNBOUND
SBP020,run,controller_allocation,0.058953985188110375,ASSUMING_ON_DC_ALLOCATION_NOT_MEASURED,,,UNBOUND
SBP020,run,input_capacitor_leakage,0.05658813724317645,ASSUMING_ON_DC_ALLOCATION_NOT_MEASURED,,,UNBOUND
SBP020,run,CHB_conversion,63.70588235294119,ASSUMING_ON_DC_ALLOCATION_NOT_MEASURED,,,UNBOUND
SBP020,run,THN_conversion,4.2,ASSUMING_ON_DC_ALLOCATION_NOT_MEASURED,,,UNBOUND
SBP020,run,startup_bias_allocation,0.25,ASSUMING_ON_DC_ALLOCATION_NOT_MEASURED,,,UNBOUND
SBP020,cold,shared_contact_loop,0.011146553679763168,MAIN_SWITCH_OPEN_AUX_ON_ALLOCATION_NOT_MEASURED,,,UNBOUND
SBP020,cold,main_before_sense,4.5e-08,MAIN_SWITCH_OPEN_AUX_ON_ALLOCATION_NOT_MEASURED,,,UNBOUND
SBP020,cold,main_after_sense,0.0,MAIN_SWITCH_OPEN_AUX_ON_ALLOCATION_NOT_MEASURED,,,UNBOUND
SBP020,cold,auxiliary_branch,0.044333189342214474,MAIN_SWITCH_OPEN_AUX_ON_ALLOCATION_NOT_MEASURED,,,UNBOUND
SBP020,cold,controller_allocation,0.05996828182789522,MAIN_SWITCH_OPEN_AUX_ON_ALLOCATION_NOT_MEASURED,,,UNBOUND
SBP020,cold,input_capacitor_leakage,0.0,MAIN_SWITCH_OPEN_AUX_ON_ALLOCATION_NOT_MEASURED,,,UNBOUND
SBP020,cold,THN_conversion,4.2,MAIN_SWITCH_OPEN_AUX_ON_ALLOCATION_NOT_MEASURED,,,UNBOUND
SBP020,cold,startup_bias_allocation,0,MAIN_SWITCH_OPEN_AUX_ON_ALLOCATION_NOT_MEASURED,,,UNBOUND
SBP021,run,shared_contact_loop,5.512921540545876,ASSUMING_ON_DC_ALLOCATION_NOT_MEASURED,,,UNBOUND
SBP021,run,main_before_sense,2.5387658055654927,ASSUMING_ON_DC_ALLOCATION_NOT_MEASURED,,,UNBOUND
SBP021,run,main_after_sense,17.766628944405934,ASSUMING_ON_DC_ALLOCATION_NOT_MEASURED,,,UNBOUND
SBP021,run,auxiliary_branch,0.03581424783086029,ASSUMING_ON_DC_ALLOCATION_NOT_MEASURED,,,UNBOUND
SBP021,run,controller_allocation,0.058957610974042354,ASSUMING_ON_DC_ALLOCATION_NOT_MEASURED,,,UNBOUND
SBP021,run,input_capacitor_leakage,0.056591921197785146,ASSUMING_ON_DC_ALLOCATION_NOT_MEASURED,,,UNBOUND
SBP021,run,CHB_conversion,63.70588235294119,ASSUMING_ON_DC_ALLOCATION_NOT_MEASURED,,,UNBOUND
SBP021,run,THN_conversion,1.8666666666666676,ASSUMING_ON_DC_ALLOCATION_NOT_MEASURED,,,UNBOUND
SBP021,run,startup_bias_allocation,0.25,ASSUMING_ON_DC_ALLOCATION_NOT_MEASURED,,,UNBOUND
SBP021,cold,shared_contact_loop,0.008808249403052594,MAIN_SWITCH_OPEN_AUX_ON_ALLOCATION_NOT_MEASURED,,,UNBOUND
SBP021,cold,main_before_sense,4.5e-08,MAIN_SWITCH_OPEN_AUX_ON_ALLOCATION_NOT_MEASURED,,,UNBOUND
SBP021,cold,main_after_sense,0.0,MAIN_SWITCH_OPEN_AUX_ON_ALLOCATION_NOT_MEASURED,,,UNBOUND
SBP021,cold,auxiliary_branch,0.03500811215373988,MAIN_SWITCH_OPEN_AUX_ON_ALLOCATION_NOT_MEASURED,,,UNBOUND
SBP021,cold,controller_allocation,0.05997179931769119,MAIN_SWITCH_OPEN_AUX_ON_ALLOCATION_NOT_MEASURED,,,UNBOUND
SBP021,cold,input_capacitor_leakage,0.0,MAIN_SWITCH_OPEN_AUX_ON_ALLOCATION_NOT_MEASURED,,,UNBOUND
SBP021,cold,THN_conversion,1.8666666666666676,MAIN_SWITCH_OPEN_AUX_ON_ALLOCATION_NOT_MEASURED,,,UNBOUND
SBP021,cold,startup_bias_allocation,0,MAIN_SWITCH_OPEN_AUX_ON_ALLOCATION_NOT_MEASURED,,,UNBOUND
SBP022,run,shared_contact_loop,4.961146876453384,ASSUMING_ON_DC_ALLOCATION_NOT_MEASURED,,,UNBOUND
SBP022,run,main_before_sense,2.249217966365898,ASSUMING_ON_DC_ALLOCATION_NOT_MEASURED,,,UNBOUND
SBP022,run,main_after_sense,15.740072081080895,ASSUMING_ON_DC_ALLOCATION_NOT_MEASURED,,,UNBOUND
SBP022,run,auxiliary_branch,0.04529367554073449,ASSUMING_ON_DC_ALLOCATION_NOT_MEASURED,,,UNBOUND
SBP022,run,controller_allocation,0.05901364828791614,ASSUMING_ON_DC_ALLOCATION_NOT_MEASURED,,,UNBOUND
SBP022,run,input_capacitor_leakage,0.05678696404771941,ASSUMING_ON_DC_ALLOCATION_NOT_MEASURED,,,UNBOUND
SBP022,run,CHB_conversion,40.11111111111113,ASSUMING_ON_DC_ALLOCATION_NOT_MEASURED,,,UNBOUND
SBP022,run,THN_conversion,4.2,ASSUMING_ON_DC_ALLOCATION_NOT_MEASURED,,,UNBOUND
SBP022,run,startup_bias_allocation,0.25,ASSUMING_ON_DC_ALLOCATION_NOT_MEASURED,,,UNBOUND
SBP022,cold,shared_contact_loop,0.011146553679763168,MAIN_SWITCH_OPEN_AUX_ON_ALLOCATION_NOT_MEASURED,,,UNBOUND
SBP022,cold,main_before_sense,4.5e-08,MAIN_SWITCH_OPEN_AUX_ON_ALLOCATION_NOT_MEASURED,,,UNBOUND
SBP022,cold,main_after_sense,0.0,MAIN_SWITCH_OPEN_AUX_ON_ALLOCATION_NOT_MEASURED,,,UNBOUND
SBP022,cold,auxiliary_branch,0.044333189342214474,MAIN_SWITCH_OPEN_AUX_ON_ALLOCATION_NOT_MEASURED,,,UNBOUND
SBP022,cold,controller_allocation,0.05996828182789522,MAIN_SWITCH_OPEN_AUX_ON_ALLOCATION_NOT_MEASURED,,,UNBOUND
SBP022,cold,input_capacitor_leakage,0.0,MAIN_SWITCH_OPEN_AUX_ON_ALLOCATION_NOT_MEASURED,,,UNBOUND
SBP022,cold,THN_conversion,4.2,MAIN_SWITCH_OPEN_AUX_ON_ALLOCATION_NOT_MEASURED,,,UNBOUND
SBP022,cold,startup_bias_allocation,0,MAIN_SWITCH_OPEN_AUX_ON_ALLOCATION_NOT_MEASURED,,,UNBOUND
SBP023,run,shared_contact_loop,4.907866964005331,ASSUMING_ON_DC_ALLOCATION_NOT_MEASURED,,,UNBOUND
SBP023,run,main_before_sense,2.248919710812894,ASSUMING_ON_DC_ALLOCATION_NOT_MEASURED,,,UNBOUND
SBP023,run,main_after_sense,15.737984587528913,ASSUMING_ON_DC_ALLOCATION_NOT_MEASURED,,,UNBOUND
SBP023,run,auxiliary_branch,0.035766061433444414,ASSUMING_ON_DC_ALLOCATION_NOT_MEASURED,,,UNBOUND
SBP023,run,controller_allocation,0.059017267160969306,ASSUMING_ON_DC_ALLOCATION_NOT_MEASURED,,,UNBOUND
SBP023,run,input_capacitor_leakage,0.05679073058029707,ASSUMING_ON_DC_ALLOCATION_NOT_MEASURED,,,UNBOUND
SBP023,run,CHB_conversion,40.11111111111113,ASSUMING_ON_DC_ALLOCATION_NOT_MEASURED,,,UNBOUND
SBP023,run,THN_conversion,1.8666666666666676,ASSUMING_ON_DC_ALLOCATION_NOT_MEASURED,,,UNBOUND
SBP023,run,startup_bias_allocation,0.25,ASSUMING_ON_DC_ALLOCATION_NOT_MEASURED,,,UNBOUND
SBP023,cold,shared_contact_loop,0.008808249403052594,MAIN_SWITCH_OPEN_AUX_ON_ALLOCATION_NOT_MEASURED,,,UNBOUND
SBP023,cold,main_before_sense,4.5e-08,MAIN_SWITCH_OPEN_AUX_ON_ALLOCATION_NOT_MEASURED,,,UNBOUND
SBP023,cold,main_after_sense,0.0,MAIN_SWITCH_OPEN_AUX_ON_ALLOCATION_NOT_MEASURED,,,UNBOUND
SBP023,cold,auxiliary_branch,0.03500811215373988,MAIN_SWITCH_OPEN_AUX_ON_ALLOCATION_NOT_MEASURED,,,UNBOUND
SBP023,cold,controller_allocation,0.05997179931769119,MAIN_SWITCH_OPEN_AUX_ON_ALLOCATION_NOT_MEASURED,,,UNBOUND
SBP023,cold,input_capacitor_leakage,0.0,MAIN_SWITCH_OPEN_AUX_ON_ALLOCATION_NOT_MEASURED,,,UNBOUND
SBP023,cold,THN_conversion,1.8666666666666676,MAIN_SWITCH_OPEN_AUX_ON_ALLOCATION_NOT_MEASURED,,,UNBOUND
SBP023,cold,startup_bias_allocation,0,MAIN_SWITCH_OPEN_AUX_ON_ALLOCATION_NOT_MEASURED,,,UNBOUND
SBP024,run,shared_contact_loop,5.858044230818008,ASSUMING_ON_DC_ALLOCATION_NOT_MEASURED,,,UNBOUND
SBP024,run,main_before_sense,10.708732287633284,ASSUMING_ON_DC_ALLOCATION_NOT_MEASURED,,,UNBOUND
SBP024,run,main_after_sense,21.411911454467248,ASSUMING_ON_DC_ALLOCATION_NOT_MEASURED,,,UNBOUND
SBP024,run,auxiliary_branch,0.020373652742873664,ASSUMING_ON_DC_ALLOCATION_NOT_MEASURED,,,UNBOUND
SBP024,run,controller_allocation,0.05788552789218975,ASSUMING_ON_DC_ALLOCATION_NOT_MEASURED,,,UNBOUND
SBP024,run,input_capacitor_leakage,0.055109147492531194,ASSUMING_ON_DC_ALLOCATION_NOT_MEASURED,,,UNBOUND
SBP024,run,CHB_conversion,63.70588235294119,ASSUMING_ON_DC_ALLOCATION_NOT_MEASURED,,,UNBOUND
SBP024,run,THN_conversion,4.2,ASSUMING_ON_DC_ALLOCATION_NOT_MEASURED,,,UNBOUND
SBP024,run,startup_bias_allocation,0.25,ASSUMING_ON_DC_ALLOCATION_NOT_MEASURED,,,UNBOUND
SBP024,cold,shared_contact_loop,0.01112074936091229,MAIN_SWITCH_OPEN_AUX_ON_ALLOCATION_NOT_MEASURED,,,UNBOUND
SBP024,cold,main_before_sense,1.8e-07,MAIN_SWITCH_OPEN_AUX_ON_ALLOCATION_NOT_MEASURED,,,UNBOUND
SBP024,cold,main_after_sense,0.0,MAIN_SWITCH_OPEN_AUX_ON_ALLOCATION_NOT_MEASURED,,,UNBOUND
SBP024,cold,auxiliary_branch,0.019903619488887376,MAIN_SWITCH_OPEN_AUX_ON_ALLOCATION_NOT_MEASURED,,,UNBOUND
SBP024,cold,controller_allocation,0.05996818351090147,MAIN_SWITCH_OPEN_AUX_ON_ALLOCATION_NOT_MEASURED,,,UNBOUND
SBP024,cold,input_capacitor_leakage,0.0,MAIN_SWITCH_OPEN_AUX_ON_ALLOCATION_NOT_MEASURED,,,UNBOUND
SBP024,cold,THN_conversion,4.2,MAIN_SWITCH_OPEN_AUX_ON_ALLOCATION_NOT_MEASURED,,,UNBOUND
SBP024,cold,startup_bias_allocation,0,MAIN_SWITCH_OPEN_AUX_ON_ALLOCATION_NOT_MEASURED,,,UNBOUND
SBP025,run,shared_contact_loop,5.800097864032116,ASSUMING_ON_DC_ALLOCATION_NOT_MEASURED,,,UNBOUND
SBP025,run,main_before_sense,10.707219341492932,ASSUMING_ON_DC_ALLOCATION_NOT_MEASURED,,,UNBOUND
SBP025,run,main_after_sense,21.408885954502544,ASSUMING_ON_DC_ALLOCATION_NOT_MEASURED,,,UNBOUND
SBP025,run,auxiliary_branch,0.016092269692435473,ASSUMING_ON_DC_ALLOCATION_NOT_MEASURED,,,UNBOUND
SBP025,run,controller_allocation,0.05788922610909589,ASSUMING_ON_DC_ALLOCATION_NOT_MEASURED,,,UNBOUND
SBP025,run,input_capacitor_leakage,0.05511304186743956,ASSUMING_ON_DC_ALLOCATION_NOT_MEASURED,,,UNBOUND
SBP025,run,CHB_conversion,63.70588235294119,ASSUMING_ON_DC_ALLOCATION_NOT_MEASURED,,,UNBOUND
SBP025,run,THN_conversion,1.8666666666666676,ASSUMING_ON_DC_ALLOCATION_NOT_MEASURED,,,UNBOUND
SBP025,run,startup_bias_allocation,0.25,ASSUMING_ON_DC_ALLOCATION_NOT_MEASURED,,,UNBOUND
SBP025,cold,shared_contact_loop,0.008790140507259285,MAIN_SWITCH_OPEN_AUX_ON_ALLOCATION_NOT_MEASURED,,,UNBOUND
SBP025,cold,main_before_sense,1.8e-07,MAIN_SWITCH_OPEN_AUX_ON_ALLOCATION_NOT_MEASURED,,,UNBOUND
SBP025,cold,main_after_sense,0.0,MAIN_SWITCH_OPEN_AUX_ON_ALLOCATION_NOT_MEASURED,,,UNBOUND
SBP025,cold,auxiliary_branch,0.01572115870393528,MAIN_SWITCH_OPEN_AUX_ON_ALLOCATION_NOT_MEASURED,,,UNBOUND
SBP025,cold,controller_allocation,0.059971693275241274,MAIN_SWITCH_OPEN_AUX_ON_ALLOCATION_NOT_MEASURED,,,UNBOUND
SBP025,cold,input_capacitor_leakage,0.0,MAIN_SWITCH_OPEN_AUX_ON_ALLOCATION_NOT_MEASURED,,,UNBOUND
SBP025,cold,THN_conversion,1.8666666666666676,MAIN_SWITCH_OPEN_AUX_ON_ALLOCATION_NOT_MEASURED,,,UNBOUND
SBP025,cold,startup_bias_allocation,0,MAIN_SWITCH_OPEN_AUX_ON_ALLOCATION_NOT_MEASURED,,,UNBOUND
SBP026,run,shared_contact_loop,5.199410395902138,ASSUMING_ON_DC_ALLOCATION_NOT_MEASURED,,,UNBOUND
SBP026,run,main_before_sense,9.45174979637174,ASSUMING_ON_DC_ALLOCATION_NOT_MEASURED,,,UNBOUND
SBP026,run,main_after_sense,18.898282574147515,ASSUMING_ON_DC_ALLOCATION_NOT_MEASURED,,,UNBOUND
SBP026,run,auxiliary_branch,0.020344730586210315,ASSUMING_ON_DC_ALLOCATION_NOT_MEASURED,,,UNBOUND
SBP026,run,controller_allocation,0.05801158888082589,ASSUMING_ON_DC_ALLOCATION_NOT_MEASURED,,,UNBOUND
SBP026,run,input_capacitor_leakage,0.055403259582847364,ASSUMING_ON_DC_ALLOCATION_NOT_MEASURED,,,UNBOUND
SBP026,run,CHB_conversion,40.11111111111113,ASSUMING_ON_DC_ALLOCATION_NOT_MEASURED,,,UNBOUND
SBP026,run,THN_conversion,4.2,ASSUMING_ON_DC_ALLOCATION_NOT_MEASURED,,,UNBOUND
SBP026,run,startup_bias_allocation,0.25,ASSUMING_ON_DC_ALLOCATION_NOT_MEASURED,,,UNBOUND
SBP026,cold,shared_contact_loop,0.01112074936091229,MAIN_SWITCH_OPEN_AUX_ON_ALLOCATION_NOT_MEASURED,,,UNBOUND
SBP026,cold,main_before_sense,1.8e-07,MAIN_SWITCH_OPEN_AUX_ON_ALLOCATION_NOT_MEASURED,,,UNBOUND
SBP026,cold,main_after_sense,0.0,MAIN_SWITCH_OPEN_AUX_ON_ALLOCATION_NOT_MEASURED,,,UNBOUND
SBP026,cold,auxiliary_branch,0.019903619488887376,MAIN_SWITCH_OPEN_AUX_ON_ALLOCATION_NOT_MEASURED,,,UNBOUND
SBP026,cold,controller_allocation,0.05996818351090147,MAIN_SWITCH_OPEN_AUX_ON_ALLOCATION_NOT_MEASURED,,,UNBOUND
SBP026,cold,input_capacitor_leakage,0.0,MAIN_SWITCH_OPEN_AUX_ON_ALLOCATION_NOT_MEASURED,,,UNBOUND
SBP026,cold,THN_conversion,4.2,MAIN_SWITCH_OPEN_AUX_ON_ALLOCATION_NOT_MEASURED,,,UNBOUND
SBP026,cold,startup_bias_allocation,0,MAIN_SWITCH_OPEN_AUX_ON_ALLOCATION_NOT_MEASURED,,,UNBOUND
SBP027,run,shared_contact_loop,5.14491869016042,ASSUMING_ON_DC_ALLOCATION_NOT_MEASURED,,,UNBOUND
SBP027,run,main_before_sense,9.450430848410297,ASSUMING_ON_DC_ALLOCATION_NOT_MEASURED,,,UNBOUND
SBP027,run,main_after_sense,18.89564504226786,ASSUMING_ON_DC_ALLOCATION_NOT_MEASURED,,,UNBOUND
SBP027,run,auxiliary_branch,0.016069434935751054,ASSUMING_ON_DC_ALLOCATION_NOT_MEASURED,,,UNBOUND
SBP027,run,controller_allocation,0.058015273965525596,ASSUMING_ON_DC_ALLOCATION_NOT_MEASURED,,,UNBOUND
SBP027,run,input_capacitor_leakage,0.055407126689159404,ASSUMING_ON_DC_ALLOCATION_NOT_MEASURED,,,UNBOUND
SBP027,run,CHB_conversion,40.11111111111113,ASSUMING_ON_DC_ALLOCATION_NOT_MEASURED,,,UNBOUND
SBP027,run,THN_conversion,1.8666666666666676,ASSUMING_ON_DC_ALLOCATION_NOT_MEASURED,,,UNBOUND
SBP027,run,startup_bias_allocation,0.25,ASSUMING_ON_DC_ALLOCATION_NOT_MEASURED,,,UNBOUND
SBP027,cold,shared_contact_loop,0.008790140507259285,MAIN_SWITCH_OPEN_AUX_ON_ALLOCATION_NOT_MEASURED,,,UNBOUND
SBP027,cold,main_before_sense,1.8e-07,MAIN_SWITCH_OPEN_AUX_ON_ALLOCATION_NOT_MEASURED,,,UNBOUND
SBP027,cold,main_after_sense,0.0,MAIN_SWITCH_OPEN_AUX_ON_ALLOCATION_NOT_MEASURED,,,UNBOUND
SBP027,cold,auxiliary_branch,0.01572115870393528,MAIN_SWITCH_OPEN_AUX_ON_ALLOCATION_NOT_MEASURED,,,UNBOUND
SBP027,cold,controller_allocation,0.059971693275241274,MAIN_SWITCH_OPEN_AUX_ON_ALLOCATION_NOT_MEASURED,,,UNBOUND
SBP027,cold,input_capacitor_leakage,0.0,MAIN_SWITCH_OPEN_AUX_ON_ALLOCATION_NOT_MEASURED,,,UNBOUND
SBP027,cold,THN_conversion,1.8666666666666676,MAIN_SWITCH_OPEN_AUX_ON_ALLOCATION_NOT_MEASURED,,,UNBOUND
SBP027,cold,startup_bias_allocation,0,MAIN_SWITCH_OPEN_AUX_ON_ALLOCATION_NOT_MEASURED,,,UNBOUND
SBP028,run,shared_contact_loop,5.858665766405656,ASSUMING_ON_DC_ALLOCATION_NOT_MEASURED,,,UNBOUND
SBP028,run,main_before_sense,10.70874847673698,ASSUMING_ON_DC_ALLOCATION_NOT_MEASURED,,,UNBOUND
SBP028,run,main_after_sense,21.411943828476858,ASSUMING_ON_DC_ALLOCATION_NOT_MEASURED,,,UNBOUND
SBP028,run,auxiliary_branch,0.04538263827343327,ASSUMING_ON_DC_ALLOCATION_NOT_MEASURED,,,UNBOUND
SBP028,run,controller_allocation,0.0578854883242398,ASSUMING_ON_DC_ALLOCATION_NOT_MEASURED,,,UNBOUND
SBP028,run,input_capacitor_leakage,0.055109105825690355,ASSUMING_ON_DC_ALLOCATION_NOT_MEASURED,,,UNBOUND
SBP028,run,CHB_conversion,63.70588235294119,ASSUMING_ON_DC_ALLOCATION_NOT_MEASURED,,,UNBOUND
SBP028,run,THN_conversion,4.2,ASSUMING_ON_DC_ALLOCATION_NOT_MEASURED,,,UNBOUND
SBP028,run,startup_bias_allocation,0.25,ASSUMING_ON_DC_ALLOCATION_NOT_MEASURED,,,UNBOUND
SBP028,cold,shared_contact_loop,0.011146553679763168,MAIN_SWITCH_OPEN_AUX_ON_ALLOCATION_NOT_MEASURED,,,UNBOUND
SBP028,cold,main_before_sense,1.8e-07,MAIN_SWITCH_OPEN_AUX_ON_ALLOCATION_NOT_MEASURED,,,UNBOUND
SBP028,cold,main_after_sense,0.0,MAIN_SWITCH_OPEN_AUX_ON_ALLOCATION_NOT_MEASURED,,,UNBOUND
SBP028,cold,auxiliary_branch,0.044333189342214474,MAIN_SWITCH_OPEN_AUX_ON_ALLOCATION_NOT_MEASURED,,,UNBOUND
SBP028,cold,controller_allocation,0.059968146827895225,MAIN_SWITCH_OPEN_AUX_ON_ALLOCATION_NOT_MEASURED,,,UNBOUND
SBP028,cold,input_capacitor_leakage,0.0,MAIN_SWITCH_OPEN_AUX_ON_ALLOCATION_NOT_MEASURED,,,UNBOUND
SBP028,cold,THN_conversion,4.2,MAIN_SWITCH_OPEN_AUX_ON_ALLOCATION_NOT_MEASURED,,,UNBOUND
SBP028,cold,startup_bias_allocation,0,MAIN_SWITCH_OPEN_AUX_ON_ALLOCATION_NOT_MEASURED,,,UNBOUND
SBP029,run,shared_contact_loop,5.800586055345443,ASSUMING_ON_DC_ALLOCATION_NOT_MEASURED,,,UNBOUND
SBP029,run,main_before_sense,10.707232117957956,ASSUMING_ON_DC_ALLOCATION_NOT_MEASURED,,,UNBOUND
SBP029,run,main_after_sense,21.408911504119466,ASSUMING_ON_DC_ALLOCATION_NOT_MEASURED,,,UNBOUND
SBP029,run,auxiliary_branch,0.03583625981458864,ASSUMING_ON_DC_ALLOCATION_NOT_MEASURED,,,UNBOUND
SBP029,run,controller_allocation,0.057889194875148285,ASSUMING_ON_DC_ALLOCATION_NOT_MEASURED,,,UNBOUND
SBP029,run,input_capacitor_leakage,0.055113008976926954,ASSUMING_ON_DC_ALLOCATION_NOT_MEASURED,,,UNBOUND
SBP029,run,CHB_conversion,63.70588235294119,ASSUMING_ON_DC_ALLOCATION_NOT_MEASURED,,,UNBOUND
SBP029,run,THN_conversion,1.8666666666666676,ASSUMING_ON_DC_ALLOCATION_NOT_MEASURED,,,UNBOUND
SBP029,run,startup_bias_allocation,0.25,ASSUMING_ON_DC_ALLOCATION_NOT_MEASURED,,,UNBOUND
SBP029,cold,shared_contact_loop,0.008808249403052594,MAIN_SWITCH_OPEN_AUX_ON_ALLOCATION_NOT_MEASURED,,,UNBOUND
SBP029,cold,main_before_sense,1.8e-07,MAIN_SWITCH_OPEN_AUX_ON_ALLOCATION_NOT_MEASURED,,,UNBOUND
SBP029,cold,main_after_sense,0.0,MAIN_SWITCH_OPEN_AUX_ON_ALLOCATION_NOT_MEASURED,,,UNBOUND
SBP029,cold,auxiliary_branch,0.03500811215373988,MAIN_SWITCH_OPEN_AUX_ON_ALLOCATION_NOT_MEASURED,,,UNBOUND
SBP029,cold,controller_allocation,0.059971664317691194,MAIN_SWITCH_OPEN_AUX_ON_ALLOCATION_NOT_MEASURED,,,UNBOUND
SBP029,cold,input_capacitor_leakage,0.0,MAIN_SWITCH_OPEN_AUX_ON_ALLOCATION_NOT_MEASURED,,,UNBOUND
SBP029,cold,THN_conversion,1.8666666666666676,MAIN_SWITCH_OPEN_AUX_ON_ALLOCATION_NOT_MEASURED,,,UNBOUND
SBP029,cold,startup_bias_allocation,0,MAIN_SWITCH_OPEN_AUX_ON_ALLOCATION_NOT_MEASURED,,,UNBOUND
SBP030,run,shared_contact_loop,5.199994132145407,ASSUMING_ON_DC_ALLOCATION_NOT_MEASURED,,,UNBOUND
SBP030,run,main_before_sense,9.451763889506864,ASSUMING_ON_DC_ALLOCATION_NOT_MEASURED,,,UNBOUND
SBP030,run,main_after_sense,18.89831075652806,ASSUMING_ON_DC_ALLOCATION_NOT_MEASURED,,,UNBOUND
SBP030,run,auxiliary_branch,0.0453180600687889,ASSUMING_ON_DC_ALLOCATION_NOT_MEASURED,,,UNBOUND
SBP030,run,controller_allocation,0.05801154950950672,ASSUMING_ON_DC_ALLOCATION_NOT_MEASURED,,,UNBOUND
SBP030,run,input_capacitor_leakage,0.05540321826667154,ASSUMING_ON_DC_ALLOCATION_NOT_MEASURED,,,UNBOUND
SBP030,run,CHB_conversion,40.11111111111113,ASSUMING_ON_DC_ALLOCATION_NOT_MEASURED,,,UNBOUND
SBP030,run,THN_conversion,4.2,ASSUMING_ON_DC_ALLOCATION_NOT_MEASURED,,,UNBOUND
SBP030,run,startup_bias_allocation,0.25,ASSUMING_ON_DC_ALLOCATION_NOT_MEASURED,,,UNBOUND
SBP030,cold,shared_contact_loop,0.011146553679763168,MAIN_SWITCH_OPEN_AUX_ON_ALLOCATION_NOT_MEASURED,,,UNBOUND
SBP030,cold,main_before_sense,1.8e-07,MAIN_SWITCH_OPEN_AUX_ON_ALLOCATION_NOT_MEASURED,,,UNBOUND
SBP030,cold,main_after_sense,0.0,MAIN_SWITCH_OPEN_AUX_ON_ALLOCATION_NOT_MEASURED,,,UNBOUND
SBP030,cold,auxiliary_branch,0.044333189342214474,MAIN_SWITCH_OPEN_AUX_ON_ALLOCATION_NOT_MEASURED,,,UNBOUND
SBP030,cold,controller_allocation,0.059968146827895225,MAIN_SWITCH_OPEN_AUX_ON_ALLOCATION_NOT_MEASURED,,,UNBOUND
SBP030,cold,input_capacitor_leakage,0.0,MAIN_SWITCH_OPEN_AUX_ON_ALLOCATION_NOT_MEASURED,,,UNBOUND
SBP030,cold,THN_conversion,4.2,MAIN_SWITCH_OPEN_AUX_ON_ALLOCATION_NOT_MEASURED,,,UNBOUND
SBP030,cold,startup_bias_allocation,0,MAIN_SWITCH_OPEN_AUX_ON_ALLOCATION_NOT_MEASURED,,,UNBOUND
SBP031,run,shared_contact_loop,5.145377055962704,ASSUMING_ON_DC_ALLOCATION_NOT_MEASURED,,,UNBOUND
SBP031,run,main_before_sense,9.45044197079293,ASSUMING_ON_DC_ALLOCATION_NOT_MEASURED,,,UNBOUND
SBP031,run,main_after_sense,18.895667283963125,ASSUMING_ON_DC_ALLOCATION_NOT_MEASURED,,,UNBOUND
SBP031,run,auxiliary_branch,0.03578530087610932,ASSUMING_ON_DC_ALLOCATION_NOT_MEASURED,,,UNBOUND
SBP031,run,controller_allocation,0.058015242886727804,ASSUMING_ON_DC_ALLOCATION_NOT_MEASURED,,,UNBOUND
SBP031,run,input_capacitor_leakage,0.05540709407536241,ASSUMING_ON_DC_ALLOCATION_NOT_MEASURED,,,UNBOUND
SBP031,run,CHB_conversion,40.11111111111113,ASSUMING_ON_DC_ALLOCATION_NOT_MEASURED,,,UNBOUND
SBP031,run,THN_conversion,1.8666666666666676,ASSUMING_ON_DC_ALLOCATION_NOT_MEASURED,,,UNBOUND
SBP031,run,startup_bias_allocation,0.25,ASSUMING_ON_DC_ALLOCATION_NOT_MEASURED,,,UNBOUND
SBP031,cold,shared_contact_loop,0.008808249403052594,MAIN_SWITCH_OPEN_AUX_ON_ALLOCATION_NOT_MEASURED,,,UNBOUND
SBP031,cold,main_before_sense,1.8e-07,MAIN_SWITCH_OPEN_AUX_ON_ALLOCATION_NOT_MEASURED,,,UNBOUND
SBP031,cold,main_after_sense,0.0,MAIN_SWITCH_OPEN_AUX_ON_ALLOCATION_NOT_MEASURED,,,UNBOUND
SBP031,cold,auxiliary_branch,0.03500811215373988,MAIN_SWITCH_OPEN_AUX_ON_ALLOCATION_NOT_MEASURED,,,UNBOUND
SBP031,cold,controller_allocation,0.059971664317691194,MAIN_SWITCH_OPEN_AUX_ON_ALLOCATION_NOT_MEASURED,,,UNBOUND
SBP031,cold,input_capacitor_leakage,0.0,MAIN_SWITCH_OPEN_AUX_ON_ALLOCATION_NOT_MEASURED,,,UNBOUND
SBP031,cold,THN_conversion,1.8666666666666676,MAIN_SWITCH_OPEN_AUX_ON_ALLOCATION_NOT_MEASURED,,,UNBOUND
SBP031,cold,startup_bias_allocation,0,MAIN_SWITCH_OPEN_AUX_ON_ALLOCATION_NOT_MEASURED,,,UNBOUND
SBP032,run,shared_contact_loop,75.32852671656369,ASSUMING_ON_DC_ALLOCATION_NOT_MEASURED,,,UNBOUND
SBP032,run,main_before_sense,3.439404385508222,ASSUMING_ON_DC_ALLOCATION_NOT_MEASURED,,,UNBOUND
SBP032,run,main_after_sense,24.07032324207717,ASSUMING_ON_DC_ALLOCATION_NOT_MEASURED,,,UNBOUND
SBP032,run,auxiliary_branch,0.02672797465266777,ASSUMING_ON_DC_ALLOCATION_NOT_MEASURED,,,UNBOUND
SBP032,run,controller_allocation,0.05137277490163874,ASSUMING_ON_DC_ALLOCATION_NOT_MEASURED,,,UNBOUND
SBP032,run,input_capacitor_leakage,0.04861920416144441,ASSUMING_ON_DC_ALLOCATION_NOT_MEASURED,,,UNBOUND
SBP032,run,CHB_conversion,63.70588235294119,ASSUMING_ON_DC_ALLOCATION_NOT_MEASURED,,,UNBOUND
SBP032,run,THN_conversion,4.2,ASSUMING_ON_DC_ALLOCATION_NOT_MEASURED,,,UNBOUND
SBP032,run,startup_bias_allocation,0.25,ASSUMING_ON_DC_ALLOCATION_NOT_MEASURED,,,UNBOUND
SBP032,cold,shared_contact_loop,0.11227578039645014,MAIN_SWITCH_OPEN_AUX_ON_ALLOCATION_NOT_MEASURED,,,UNBOUND
SBP032,cold,main_before_sense,4.5e-08,MAIN_SWITCH_OPEN_AUX_ON_ALLOCATION_NOT_MEASURED,,,UNBOUND
SBP032,cold,main_after_sense,0.0,MAIN_SWITCH_OPEN_AUX_ON_ALLOCATION_NOT_MEASURED,,,UNBOUND
SBP032,cold,auxiliary_branch,0.02009536538373013,MAIN_SWITCH_OPEN_AUX_ON_ALLOCATION_NOT_MEASURED,,,UNBOUND
SBP032,cold,controller_allocation,0.059682074201025274,MAIN_SWITCH_OPEN_AUX_ON_ALLOCATION_NOT_MEASURED,,,UNBOUND
SBP032,cold,input_capacitor_leakage,0.0,MAIN_SWITCH_OPEN_AUX_ON_ALLOCATION_NOT_MEASURED,,,UNBOUND
SBP032,cold,THN_conversion,4.2,MAIN_SWITCH_OPEN_AUX_ON_ALLOCATION_NOT_MEASURED,,,UNBOUND
SBP032,cold,startup_bias_allocation,0,MAIN_SWITCH_OPEN_AUX_ON_ALLOCATION_NOT_MEASURED,,,UNBOUND
SBP033,run,shared_contact_loop,74.42488891267436,ASSUMING_ON_DC_ALLOCATION_NOT_MEASURED,,,UNBOUND
SBP033,run,main_before_sense,3.431925509896288,ASSUMING_ON_DC_ALLOCATION_NOT_MEASURED,,,UNBOUND
SBP033,run,main_after_sense,24.017977104289567,ASSUMING_ON_DC_ALLOCATION_NOT_MEASURED,,,UNBOUND
SBP033,run,auxiliary_branch,0.021071982826324425,ASSUMING_ON_DC_ALLOCATION_NOT_MEASURED,,,UNBOUND
SBP033,run,controller_allocation,0.051422738103938846,ASSUMING_ON_DC_ALLOCATION_NOT_MEASURED,,,UNBOUND
SBP033,run,input_capacitor_leakage,0.04867216311171427,ASSUMING_ON_DC_ALLOCATION_NOT_MEASURED,,,UNBOUND
SBP033,run,CHB_conversion,63.70588235294119,ASSUMING_ON_DC_ALLOCATION_NOT_MEASURED,,,UNBOUND
SBP033,run,THN_conversion,1.8666666666666676,ASSUMING_ON_DC_ALLOCATION_NOT_MEASURED,,,UNBOUND
SBP033,run,startup_bias_allocation,0.25,ASSUMING_ON_DC_ALLOCATION_NOT_MEASURED,,,UNBOUND
SBP033,cold,shared_contact_loop,0.08865060827910155,MAIN_SWITCH_OPEN_AUX_ON_ALLOCATION_NOT_MEASURED,,,UNBOUND
SBP033,cold,main_before_sense,4.5e-08,MAIN_SWITCH_OPEN_AUX_ON_ALLOCATION_NOT_MEASURED,,,UNBOUND
SBP033,cold,main_after_sense,0.0,MAIN_SWITCH_OPEN_AUX_ON_ALLOCATION_NOT_MEASURED,,,UNBOUND
SBP033,cold,auxiliary_branch,0.015855584682098408,MAIN_SWITCH_OPEN_AUX_ON_ALLOCATION_NOT_MEASURED,,,UNBOUND
SBP033,cold,controller_allocation,0.05971749164405592,MAIN_SWITCH_OPEN_AUX_ON_ALLOCATION_NOT_MEASURED,,,UNBOUND
SBP033,cold,input_capacitor_leakage,0.0,MAIN_SWITCH_OPEN_AUX_ON_ALLOCATION_NOT_MEASURED,,,UNBOUND
SBP033,cold,THN_conversion,1.8666666666666676,MAIN_SWITCH_OPEN_AUX_ON_ALLOCATION_NOT_MEASURED,,,UNBOUND
SBP033,cold,startup_bias_allocation,0,MAIN_SWITCH_OPEN_AUX_ON_ALLOCATION_NOT_MEASURED,,,UNBOUND
SBP034,run,shared_contact_loop,65.46597499027753,ASSUMING_ON_DC_ALLOCATION_NOT_MEASURED,,,UNBOUND
SBP034,run,main_before_sense,2.972113564576243,ASSUMING_ON_DC_ALLOCATION_NOT_MEASURED,,,UNBOUND
SBP034,run,main_after_sense,20.799675302029957,ASSUMING_ON_DC_ALLOCATION_NOT_MEASURED,,,UNBOUND
SBP034,run,auxiliary_branch,0.026159613665652788,ASSUMING_ON_DC_ALLOCATION_NOT_MEASURED,,,UNBOUND
SBP034,run,controller_allocation,0.05195839233853577,ASSUMING_ON_DC_ALLOCATION_NOT_MEASURED,,,UNBOUND
SBP034,run,input_capacitor_leakage,0.04939872483666381,ASSUMING_ON_DC_ALLOCATION_NOT_MEASURED,,,UNBOUND
SBP034,run,CHB_conversion,40.11111111111113,ASSUMING_ON_DC_ALLOCATION_NOT_MEASURED,,,UNBOUND
SBP034,run,THN_conversion,4.2,ASSUMING_ON_DC_ALLOCATION_NOT_MEASURED,,,UNBOUND
SBP034,run,startup_bias_allocation,0.25,ASSUMING_ON_DC_ALLOCATION_NOT_MEASURED,,,UNBOUND
SBP034,cold,shared_contact_loop,0.11227578039645014,MAIN_SWITCH_OPEN_AUX_ON_ALLOCATION_NOT_MEASURED,,,UNBOUND
SBP034,cold,main_before_sense,4.5e-08,MAIN_SWITCH_OPEN_AUX_ON_ALLOCATION_NOT_MEASURED,,,UNBOUND
SBP034,cold,main_after_sense,0.0,MAIN_SWITCH_OPEN_AUX_ON_ALLOCATION_NOT_MEASURED,,,UNBOUND
SBP034,cold,auxiliary_branch,0.02009536538373013,MAIN_SWITCH_OPEN_AUX_ON_ALLOCATION_NOT_MEASURED,,,UNBOUND
SBP034,cold,controller_allocation,0.059682074201025274,MAIN_SWITCH_OPEN_AUX_ON_ALLOCATION_NOT_MEASURED,,,UNBOUND
SBP034,cold,input_capacitor_leakage,0.0,MAIN_SWITCH_OPEN_AUX_ON_ALLOCATION_NOT_MEASURED,,,UNBOUND
SBP034,cold,THN_conversion,4.2,MAIN_SWITCH_OPEN_AUX_ON_ALLOCATION_NOT_MEASURED,,,UNBOUND
SBP034,cold,startup_bias_allocation,0,MAIN_SWITCH_OPEN_AUX_ON_ALLOCATION_NOT_MEASURED,,,UNBOUND
SBP035,run,shared_contact_loop,64.64838420839128,ASSUMING_ON_DC_ALLOCATION_NOT_MEASURED,,,UNBOUND
SBP035,run,main_before_sense,2.9659750848079494,ASSUMING_ON_DC_ALLOCATION_NOT_MEASURED,,,UNBOUND
SBP035,run,main_after_sense,20.75671123366617,ASSUMING_ON_DC_ALLOCATION_NOT_MEASURED,,,UNBOUND
SBP035,run,auxiliary_branch,0.02062558931388059,ASSUMING_ON_DC_ALLOCATION_NOT_MEASURED,,,UNBOUND
SBP035,run,controller_allocation,0.05200685211354471,ASSUMING_ON_DC_ALLOCATION_NOT_MEASURED,,,UNBOUND
SBP035,run,input_capacitor_leakage,0.04944982961880501,ASSUMING_ON_DC_ALLOCATION_NOT_MEASURED,,,UNBOUND
SBP035,run,CHB_conversion,40.11111111111113,ASSUMING_ON_DC_ALLOCATION_NOT_MEASURED,,,UNBOUND
SBP035,run,THN_conversion,1.8666666666666676,ASSUMING_ON_DC_ALLOCATION_NOT_MEASURED,,,UNBOUND
SBP035,run,startup_bias_allocation,0.25,ASSUMING_ON_DC_ALLOCATION_NOT_MEASURED,,,UNBOUND
SBP035,cold,shared_contact_loop,0.08865060827910155,MAIN_SWITCH_OPEN_AUX_ON_ALLOCATION_NOT_MEASURED,,,UNBOUND
SBP035,cold,main_before_sense,4.5e-08,MAIN_SWITCH_OPEN_AUX_ON_ALLOCATION_NOT_MEASURED,,,UNBOUND
SBP035,cold,main_after_sense,0.0,MAIN_SWITCH_OPEN_AUX_ON_ALLOCATION_NOT_MEASURED,,,UNBOUND
SBP035,cold,auxiliary_branch,0.015855584682098408,MAIN_SWITCH_OPEN_AUX_ON_ALLOCATION_NOT_MEASURED,,,UNBOUND
SBP035,cold,controller_allocation,0.05971749164405592,MAIN_SWITCH_OPEN_AUX_ON_ALLOCATION_NOT_MEASURED,,,UNBOUND
SBP035,cold,input_capacitor_leakage,0.0,MAIN_SWITCH_OPEN_AUX_ON_ALLOCATION_NOT_MEASURED,,,UNBOUND
SBP035,cold,THN_conversion,1.8666666666666676,MAIN_SWITCH_OPEN_AUX_ON_ALLOCATION_NOT_MEASURED,,,UNBOUND
SBP035,cold,startup_bias_allocation,0,MAIN_SWITCH_OPEN_AUX_ON_ALLOCATION_NOT_MEASURED,,,UNBOUND
SBP036,run,shared_contact_loop,75.34127423886478,ASSUMING_ON_DC_ALLOCATION_NOT_MEASURED,,,UNBOUND
SBP036,run,main_before_sense,3.439509749740306,ASSUMING_ON_DC_ALLOCATION_NOT_MEASURED,,,UNBOUND
SBP036,run,main_after_sense,24.07106070733865,ASSUMING_ON_DC_ALLOCATION_NOT_MEASURED,,,UNBOUND
SBP036,run,auxiliary_branch,0.05958286240272508,ASSUMING_ON_DC_ALLOCATION_NOT_MEASURED,,,UNBOUND
SBP036,run,controller_allocation,0.05137207221882269,ASSUMING_ON_DC_ALLOCATION_NOT_MEASURED,,,UNBOUND
SBP036,run,input_capacitor_leakage,0.048618459297075756,ASSUMING_ON_DC_ALLOCATION_NOT_MEASURED,,,UNBOUND
SBP036,run,CHB_conversion,63.70588235294119,ASSUMING_ON_DC_ALLOCATION_NOT_MEASURED,,,UNBOUND
SBP036,run,THN_conversion,4.2,ASSUMING_ON_DC_ALLOCATION_NOT_MEASURED,,,UNBOUND
SBP036,run,startup_bias_allocation,0.25,ASSUMING_ON_DC_ALLOCATION_NOT_MEASURED,,,UNBOUND
SBP036,cold,shared_contact_loop,0.11254009869085829,MAIN_SWITCH_OPEN_AUX_ON_ALLOCATION_NOT_MEASURED,,,UNBOUND
SBP036,cold,main_before_sense,4.5e-08,MAIN_SWITCH_OPEN_AUX_ON_ALLOCATION_NOT_MEASURED,,,UNBOUND
SBP036,cold,main_after_sense,0.0,MAIN_SWITCH_OPEN_AUX_ON_ALLOCATION_NOT_MEASURED,,,UNBOUND
SBP036,cold,auxiliary_branch,0.04476179567266802,MAIN_SWITCH_OPEN_AUX_ON_ALLOCATION_NOT_MEASURED,,,UNBOUND
SBP036,cold,controller_allocation,0.059681700245405866,MAIN_SWITCH_OPEN_AUX_ON_ALLOCATION_NOT_MEASURED,,,UNBOUND
SBP036,cold,input_capacitor_leakage,0.0,MAIN_SWITCH_OPEN_AUX_ON_ALLOCATION_NOT_MEASURED,,,UNBOUND
SBP036,cold,THN_conversion,4.2,MAIN_SWITCH_OPEN_AUX_ON_ALLOCATION_NOT_MEASURED,,,UNBOUND
SBP036,cold,startup_bias_allocation,0,MAIN_SWITCH_OPEN_AUX_ON_ALLOCATION_NOT_MEASURED,,,UNBOUND
SBP037,run,shared_contact_loop,74.43484766830464,ASSUMING_ON_DC_ALLOCATION_NOT_MEASURED,,,UNBOUND
SBP037,run,main_before_sense,3.4320080397518233,ASSUMING_ON_DC_ALLOCATION_NOT_MEASURED,,,UNBOUND
SBP037,run,main_after_sense,24.018554747126185,ASSUMING_ON_DC_ALLOCATION_NOT_MEASURED,,,UNBOUND
SBP037,run,auxiliary_branch,0.04695743522860447,ASSUMING_ON_DC_ALLOCATION_NOT_MEASURED,,,UNBOUND
SBP037,run,controller_allocation,0.05142218583014006,ASSUMING_ON_DC_ALLOCATION_NOT_MEASURED,,,UNBOUND
SBP037,run,input_capacitor_leakage,0.04867157776184956,ASSUMING_ON_DC_ALLOCATION_NOT_MEASURED,,,UNBOUND
SBP037,run,CHB_conversion,63.70588235294119,ASSUMING_ON_DC_ALLOCATION_NOT_MEASURED,,,UNBOUND
SBP037,run,THN_conversion,1.8666666666666676,ASSUMING_ON_DC_ALLOCATION_NOT_MEASURED,,,UNBOUND
SBP037,run,startup_bias_allocation,0.25,ASSUMING_ON_DC_ALLOCATION_NOT_MEASURED,,,UNBOUND
SBP037,cold,shared_contact_loop,0.08883560055726875,MAIN_SWITCH_OPEN_AUX_ON_ALLOCATION_NOT_MEASURED,,,UNBOUND
SBP037,cold,main_before_sense,4.5e-08,MAIN_SWITCH_OPEN_AUX_ON_ALLOCATION_NOT_MEASURED,,,UNBOUND
SBP037,cold,main_after_sense,0.0,MAIN_SWITCH_OPEN_AUX_ON_ALLOCATION_NOT_MEASURED,,,UNBOUND
SBP037,cold,auxiliary_branch,0.035308393888069174,MAIN_SWITCH_OPEN_AUX_ON_ALLOCATION_NOT_MEASURED,,,UNBOUND
SBP037,cold,controller_allocation,0.0597171970814521,MAIN_SWITCH_OPEN_AUX_ON_ALLOCATION_NOT_MEASURED,,,UNBOUND
SBP037,cold,input_capacitor_leakage,0.0,MAIN_SWITCH_OPEN_AUX_ON_ALLOCATION_NOT_MEASURED,,,UNBOUND
SBP037,cold,THN_conversion,1.8666666666666676,MAIN_SWITCH_OPEN_AUX_ON_ALLOCATION_NOT_MEASURED,,,UNBOUND
SBP037,cold,startup_bias_allocation,0,MAIN_SWITCH_OPEN_AUX_ON_ALLOCATION_NOT_MEASURED,,,UNBOUND
SBP038,run,shared_contact_loop,65.47726311325783,ASSUMING_ON_DC_ALLOCATION_NOT_MEASURED,,,UNBOUND
SBP038,run,main_before_sense,2.972198185331589,ASSUMING_ON_DC_ALLOCATION_NOT_MEASURED,,,UNBOUND
SBP038,run,main_after_sense,20.800267574431164,ASSUMING_ON_DC_ALLOCATION_NOT_MEASURED,,,UNBOUND
SBP038,run,auxiliary_branch,0.05831187280636594,ASSUMING_ON_DC_ALLOCATION_NOT_MEASURED,,,UNBOUND
SBP038,run,controller_allocation,0.05195772539380329,ASSUMING_ON_DC_ALLOCATION_NOT_MEASURED,,,UNBOUND
SBP038,run,input_capacitor_leakage,0.04939802144882336,ASSUMING_ON_DC_ALLOCATION_NOT_MEASURED,,,UNBOUND
SBP038,run,CHB_conversion,40.11111111111113,ASSUMING_ON_DC_ALLOCATION_NOT_MEASURED,,,UNBOUND
SBP038,run,THN_conversion,4.2,ASSUMING_ON_DC_ALLOCATION_NOT_MEASURED,,,UNBOUND
SBP038,run,startup_bias_allocation,0.25,ASSUMING_ON_DC_ALLOCATION_NOT_MEASURED,,,UNBOUND
SBP038,cold,shared_contact_loop,0.11254009869085829,MAIN_SWITCH_OPEN_AUX_ON_ALLOCATION_NOT_MEASURED,,,UNBOUND
SBP038,cold,main_before_sense,4.5e-08,MAIN_SWITCH_OPEN_AUX_ON_ALLOCATION_NOT_MEASURED,,,UNBOUND
SBP038,cold,main_after_sense,0.0,MAIN_SWITCH_OPEN_AUX_ON_ALLOCATION_NOT_MEASURED,,,UNBOUND
SBP038,cold,auxiliary_branch,0.04476179567266802,MAIN_SWITCH_OPEN_AUX_ON_ALLOCATION_NOT_MEASURED,,,UNBOUND
SBP038,cold,controller_allocation,0.059681700245405866,MAIN_SWITCH_OPEN_AUX_ON_ALLOCATION_NOT_MEASURED,,,UNBOUND
SBP038,cold,input_capacitor_leakage,0.0,MAIN_SWITCH_OPEN_AUX_ON_ALLOCATION_NOT_MEASURED,,,UNBOUND
SBP038,cold,THN_conversion,4.2,MAIN_SWITCH_OPEN_AUX_ON_ALLOCATION_NOT_MEASURED,,,UNBOUND
SBP038,cold,startup_bias_allocation,0,MAIN_SWITCH_OPEN_AUX_ON_ALLOCATION_NOT_MEASURED,,,UNBOUND
SBP039,run,shared_contact_loop,64.65720285272555,ASSUMING_ON_DC_ALLOCATION_NOT_MEASURED,,,UNBOUND
SBP039,run,main_before_sense,2.9660413956086797,ASSUMING_ON_DC_ALLOCATION_NOT_MEASURED,,,UNBOUND
SBP039,run,main_after_sense,20.757175352096777,ASSUMING_ON_DC_ALLOCATION_NOT_MEASURED,,,UNBOUND
SBP039,run,auxiliary_branch,0.045959916111238876,ASSUMING_ON_DC_ALLOCATION_NOT_MEASURED,,,UNBOUND
SBP039,run,controller_allocation,0.052006327794804616,ASSUMING_ON_DC_ALLOCATION_NOT_MEASURED,,,UNBOUND
SBP039,run,input_capacitor_leakage,0.04944927671281379,ASSUMING_ON_DC_ALLOCATION_NOT_MEASURED,,,UNBOUND
SBP039,run,CHB_conversion,40.11111111111113,ASSUMING_ON_DC_ALLOCATION_NOT_MEASURED,,,UNBOUND
SBP039,run,THN_conversion,1.8666666666666676,ASSUMING_ON_DC_ALLOCATION_NOT_MEASURED,,,UNBOUND
SBP039,run,startup_bias_allocation,0.25,ASSUMING_ON_DC_ALLOCATION_NOT_MEASURED,,,UNBOUND
SBP039,cold,shared_contact_loop,0.08883560055726875,MAIN_SWITCH_OPEN_AUX_ON_ALLOCATION_NOT_MEASURED,,,UNBOUND
SBP039,cold,main_before_sense,4.5e-08,MAIN_SWITCH_OPEN_AUX_ON_ALLOCATION_NOT_MEASURED,,,UNBOUND
SBP039,cold,main_after_sense,0.0,MAIN_SWITCH_OPEN_AUX_ON_ALLOCATION_NOT_MEASURED,,,UNBOUND
SBP039,cold,auxiliary_branch,0.035308393888069174,MAIN_SWITCH_OPEN_AUX_ON_ALLOCATION_NOT_MEASURED,,,UNBOUND
SBP039,cold,controller_allocation,0.0597171970814521,MAIN_SWITCH_OPEN_AUX_ON_ALLOCATION_NOT_MEASURED,,,UNBOUND
SBP039,cold,input_capacitor_leakage,0.0,MAIN_SWITCH_OPEN_AUX_ON_ALLOCATION_NOT_MEASURED,,,UNBOUND
SBP039,cold,THN_conversion,1.8666666666666676,MAIN_SWITCH_OPEN_AUX_ON_ALLOCATION_NOT_MEASURED,,,UNBOUND
SBP039,cold,startup_bias_allocation,0,MAIN_SWITCH_OPEN_AUX_ON_ALLOCATION_NOT_MEASURED,,,UNBOUND
SBP040,run,shared_contact_loop,82.22591579351355,ASSUMING_ON_DC_ALLOCATION_NOT_MEASURED,,,UNBOUND
SBP040,run,main_before_sense,15.067566442358507,ASSUMING_ON_DC_ALLOCATION_NOT_MEASURED,,,UNBOUND
SBP040,run,main_after_sense,30.128545787593506,ASSUMING_ON_DC_ALLOCATION_NOT_MEASURED,,,UNBOUND
SBP040,run,auxiliary_branch,0.02711381743118337,ASSUMING_ON_DC_ALLOCATION_NOT_MEASURED,,,UNBOUND
SBP040,run,controller_allocation,0.04975061723822793,ASSUMING_ON_DC_ALLOCATION_NOT_MEASURED,,,UNBOUND
SBP040,run,input_capacitor_leakage,0.046457248676476354,ASSUMING_ON_DC_ALLOCATION_NOT_MEASURED,,,UNBOUND
SBP040,run,CHB_conversion,63.70588235294119,ASSUMING_ON_DC_ALLOCATION_NOT_MEASURED,,,UNBOUND
SBP040,run,THN_conversion,4.2,ASSUMING_ON_DC_ALLOCATION_NOT_MEASURED,,,UNBOUND
SBP040,run,startup_bias_allocation,0.25,ASSUMING_ON_DC_ALLOCATION_NOT_MEASURED,,,UNBOUND
SBP040,cold,shared_contact_loop,0.11227578039645014,MAIN_SWITCH_OPEN_AUX_ON_ALLOCATION_NOT_MEASURED,,,UNBOUND
SBP040,cold,main_before_sense,1.8e-07,MAIN_SWITCH_OPEN_AUX_ON_ALLOCATION_NOT_MEASURED,,,UNBOUND
SBP040,cold,main_after_sense,0.0,MAIN_SWITCH_OPEN_AUX_ON_ALLOCATION_NOT_MEASURED,,,UNBOUND
SBP040,cold,auxiliary_branch,0.02009536538373013,MAIN_SWITCH_OPEN_AUX_ON_ALLOCATION_NOT_MEASURED,,,UNBOUND
SBP040,cold,controller_allocation,0.059681939201025276,MAIN_SWITCH_OPEN_AUX_ON_ALLOCATION_NOT_MEASURED,,,UNBOUND
SBP040,cold,input_capacitor_leakage,0.0,MAIN_SWITCH_OPEN_AUX_ON_ALLOCATION_NOT_MEASURED,,,UNBOUND
SBP040,cold,THN_conversion,4.2,MAIN_SWITCH_OPEN_AUX_ON_ALLOCATION_NOT_MEASURED,,,UNBOUND
SBP040,cold,startup_bias_allocation,0,MAIN_SWITCH_OPEN_AUX_ON_ALLOCATION_NOT_MEASURED,,,UNBOUND
SBP041,run,shared_contact_loop,81.24473798214056,ASSUMING_ON_DC_ALLOCATION_NOT_MEASURED,,,UNBOUND
SBP041,run,main_before_sense,15.03028355227149,ASSUMING_ON_DC_ALLOCATION_NOT_MEASURED,,,UNBOUND
SBP041,run,main_after_sense,30.05398816240441,ASSUMING_ON_DC_ALLOCATION_NOT_MEASURED,,,UNBOUND
SBP041,run,auxiliary_branch,0.021374174095453106,ASSUMING_ON_DC_ALLOCATION_NOT_MEASURED,,,UNBOUND
SBP041,run,controller_allocation,0.049804135687296074,ASSUMING_ON_DC_ALLOCATION_NOT_MEASURED,,,UNBOUND
SBP041,run,input_capacitor_leakage,0.046514844618012974,ASSUMING_ON_DC_ALLOCATION_NOT_MEASURED,,,UNBOUND
SBP041,run,CHB_conversion,63.70588235294119,ASSUMING_ON_DC_ALLOCATION_NOT_MEASURED,,,UNBOUND
SBP041,run,THN_conversion,1.8666666666666676,ASSUMING_ON_DC_ALLOCATION_NOT_MEASURED,,,UNBOUND
SBP041,run,startup_bias_allocation,0.25,ASSUMING_ON_DC_ALLOCATION_NOT_MEASURED,,,UNBOUND
SBP041,cold,shared_contact_loop,0.08865060827910155,MAIN_SWITCH_OPEN_AUX_ON_ALLOCATION_NOT_MEASURED,,,UNBOUND
SBP041,cold,main_before_sense,1.8e-07,MAIN_SWITCH_OPEN_AUX_ON_ALLOCATION_NOT_MEASURED,,,UNBOUND
SBP041,cold,main_after_sense,0.0,MAIN_SWITCH_OPEN_AUX_ON_ALLOCATION_NOT_MEASURED,,,UNBOUND
SBP041,cold,auxiliary_branch,0.015855584682098408,MAIN_SWITCH_OPEN_AUX_ON_ALLOCATION_NOT_MEASURED,,,UNBOUND
SBP041,cold,controller_allocation,0.05971735664405592,MAIN_SWITCH_OPEN_AUX_ON_ALLOCATION_NOT_MEASURED,,,UNBOUND
SBP041,cold,input_capacitor_leakage,0.0,MAIN_SWITCH_OPEN_AUX_ON_ALLOCATION_NOT_MEASURED,,,UNBOUND
SBP041,cold,THN_conversion,1.8666666666666676,MAIN_SWITCH_OPEN_AUX_ON_ALLOCATION_NOT_MEASURED,,,UNBOUND
SBP041,cold,startup_bias_allocation,0,MAIN_SWITCH_OPEN_AUX_ON_ALLOCATION_NOT_MEASURED,,,UNBOUND
SBP042,run,shared_contact_loop,70.71339895832094,ASSUMING_ON_DC_ALLOCATION_NOT_MEASURED,,,UNBOUND
SBP042,run,main_before_sense,12.88232781672317,ASSUMING_ON_DC_ALLOCATION_NOT_MEASURED,,,UNBOUND
SBP042,run,main_after_sense,25.758564925878808,ASSUMING_ON_DC_ALLOCATION_NOT_MEASURED,,,UNBOUND
SBP042,run,auxiliary_branch,0.026464684318577694,ASSUMING_ON_DC_ALLOCATION_NOT_MEASURED,,,UNBOUND
SBP042,run,controller_allocation,0.050499635784206534,ASSUMING_ON_DC_ALLOCATION_NOT_MEASURED,,,UNBOUND
SBP042,run,input_capacitor_leakage,0.04745446200044372,ASSUMING_ON_DC_ALLOCATION_NOT_MEASURED,,,UNBOUND
SBP042,run,CHB_conversion,40.11111111111113,ASSUMING_ON_DC_ALLOCATION_NOT_MEASURED,,,UNBOUND
SBP042,run,THN_conversion,4.2,ASSUMING_ON_DC_ALLOCATION_NOT_MEASURED,,,UNBOUND
SBP042,run,startup_bias_allocation,0.25,ASSUMING_ON_DC_ALLOCATION_NOT_MEASURED,,,UNBOUND
SBP042,cold,shared_contact_loop,0.11227578039645014,MAIN_SWITCH_OPEN_AUX_ON_ALLOCATION_NOT_MEASURED,,,UNBOUND
SBP042,cold,main_before_sense,1.8e-07,MAIN_SWITCH_OPEN_AUX_ON_ALLOCATION_NOT_MEASURED,,,UNBOUND
SBP042,cold,main_after_sense,0.0,MAIN_SWITCH_OPEN_AUX_ON_ALLOCATION_NOT_MEASURED,,,UNBOUND
SBP042,cold,auxiliary_branch,0.02009536538373013,MAIN_SWITCH_OPEN_AUX_ON_ALLOCATION_NOT_MEASURED,,,UNBOUND
SBP042,cold,controller_allocation,0.059681939201025276,MAIN_SWITCH_OPEN_AUX_ON_ALLOCATION_NOT_MEASURED,,,UNBOUND
SBP042,cold,input_capacitor_leakage,0.0,MAIN_SWITCH_OPEN_AUX_ON_ALLOCATION_NOT_MEASURED,,,UNBOUND
SBP042,cold,THN_conversion,4.2,MAIN_SWITCH_OPEN_AUX_ON_ALLOCATION_NOT_MEASURED,,,UNBOUND
SBP042,cold,startup_bias_allocation,0,MAIN_SWITCH_OPEN_AUX_ON_ALLOCATION_NOT_MEASURED,,,UNBOUND
SBP043,run,shared_contact_loop,69.837594330979,ASSUMING_ON_DC_ALLOCATION_NOT_MEASURED,,,UNBOUND
SBP043,run,main_before_sense,12.852618905677605,ASSUMING_ON_DC_ALLOCATION_NOT_MEASURED,,,UNBOUND
SBP043,run,main_after_sense,25.699154131377664,ASSUMING_ON_DC_ALLOCATION_NOT_MEASURED,,,UNBOUND
SBP043,run,auxiliary_branch,0.020864647362855083,ASSUMING_ON_DC_ALLOCATION_NOT_MEASURED,,,UNBOUND
SBP043,run,controller_allocation,0.050550948955147605,ASSUMING_ON_DC_ALLOCATION_NOT_MEASURED,,,UNBOUND
SBP043,run,input_capacitor_leakage,0.04750928896637569,ASSUMING_ON_DC_ALLOCATION_NOT_MEASURED,,,UNBOUND
SBP043,run,CHB_conversion,40.11111111111113,ASSUMING_ON_DC_ALLOCATION_NOT_MEASURED,,,UNBOUND
SBP043,run,THN_conversion,1.8666666666666676,ASSUMING_ON_DC_ALLOCATION_NOT_MEASURED,,,UNBOUND
SBP043,run,startup_bias_allocation,0.25,ASSUMING_ON_DC_ALLOCATION_NOT_MEASURED,,,UNBOUND
SBP043,cold,shared_contact_loop,0.08865060827910155,MAIN_SWITCH_OPEN_AUX_ON_ALLOCATION_NOT_MEASURED,,,UNBOUND
SBP043,cold,main_before_sense,1.8e-07,MAIN_SWITCH_OPEN_AUX_ON_ALLOCATION_NOT_MEASURED,,,UNBOUND
SBP043,cold,main_after_sense,0.0,MAIN_SWITCH_OPEN_AUX_ON_ALLOCATION_NOT_MEASURED,,,UNBOUND
SBP043,cold,auxiliary_branch,0.015855584682098408,MAIN_SWITCH_OPEN_AUX_ON_ALLOCATION_NOT_MEASURED,,,UNBOUND
SBP043,cold,controller_allocation,0.05971735664405592,MAIN_SWITCH_OPEN_AUX_ON_ALLOCATION_NOT_MEASURED,,,UNBOUND
SBP043,cold,input_capacitor_leakage,0.0,MAIN_SWITCH_OPEN_AUX_ON_ALLOCATION_NOT_MEASURED,,,UNBOUND
SBP043,cold,THN_conversion,1.8666666666666676,MAIN_SWITCH_OPEN_AUX_ON_ALLOCATION_NOT_MEASURED,,,UNBOUND
SBP043,cold,startup_bias_allocation,0,MAIN_SWITCH_OPEN_AUX_ON_ALLOCATION_NOT_MEASURED,,,UNBOUND
SBP044,run,shared_contact_loop,82.2399595303467,ASSUMING_ON_DC_ALLOCATION_NOT_MEASURED,,,UNBOUND
SBP044,run,main_before_sense,15.068099541499903,ASSUMING_ON_DC_ALLOCATION_NOT_MEASURED,,,UNBOUND
SBP044,run,main_after_sense,30.12961186934332,ASSUMING_ON_DC_ALLOCATION_NOT_MEASURED,,,UNBOUND
SBP044,run,auxiliary_branch,0.06044583179394459,ASSUMING_ON_DC_ALLOCATION_NOT_MEASURED,,,UNBOUND
SBP044,run,controller_allocation,0.04974985350478897,ASSUMING_ON_DC_ALLOCATION_NOT_MEASURED,,,UNBOUND
SBP044,run,input_capacitor_leakage,0.046456426676550096,ASSUMING_ON_DC_ALLOCATION_NOT_MEASURED,,,UNBOUND
SBP044,run,CHB_conversion,63.70588235294119,ASSUMING_ON_DC_ALLOCATION_NOT_MEASURED,,,UNBOUND
SBP044,run,THN_conversion,4.2,ASSUMING_ON_DC_ALLOCATION_NOT_MEASURED,,,UNBOUND
SBP044,run,startup_bias_allocation,0.25,ASSUMING_ON_DC_ALLOCATION_NOT_MEASURED,,,UNBOUND
SBP044,cold,shared_contact_loop,0.11254009869085829,MAIN_SWITCH_OPEN_AUX_ON_ALLOCATION_NOT_MEASURED,,,UNBOUND
SBP044,cold,main_before_sense,1.8e-07,MAIN_SWITCH_OPEN_AUX_ON_ALLOCATION_NOT_MEASURED,,,UNBOUND
SBP044,cold,main_after_sense,0.0,MAIN_SWITCH_OPEN_AUX_ON_ALLOCATION_NOT_MEASURED,,,UNBOUND
SBP044,cold,auxiliary_branch,0.04476179567266802,MAIN_SWITCH_OPEN_AUX_ON_ALLOCATION_NOT_MEASURED,,,UNBOUND
SBP044,cold,controller_allocation,0.05968156524540587,MAIN_SWITCH_OPEN_AUX_ON_ALLOCATION_NOT_MEASURED,,,UNBOUND
SBP044,cold,input_capacitor_leakage,0.0,MAIN_SWITCH_OPEN_AUX_ON_ALLOCATION_NOT_MEASURED,,,UNBOUND
SBP044,cold,THN_conversion,4.2,MAIN_SWITCH_OPEN_AUX_ON_ALLOCATION_NOT_MEASURED,,,UNBOUND
SBP044,cold,startup_bias_allocation,0,MAIN_SWITCH_OPEN_AUX_ON_ALLOCATION_NOT_MEASURED,,,UNBOUND
SBP045,run,shared_contact_loop,81.25570539110953,ASSUMING_ON_DC_ALLOCATION_NOT_MEASURED,,,UNBOUND
SBP045,run,main_before_sense,15.030700705177894,ASSUMING_ON_DC_ALLOCATION_NOT_MEASURED,,,UNBOUND
SBP045,run,main_after_sense,30.054822376916345,ASSUMING_ON_DC_ALLOCATION_NOT_MEASURED,,,UNBOUND
SBP045,run,auxiliary_branch,0.04763280677472225,ASSUMING_ON_DC_ALLOCATION_NOT_MEASURED,,,UNBOUND
SBP045,run,controller_allocation,0.049803535719626056,ASSUMING_ON_DC_ALLOCATION_NOT_MEASURED,,,UNBOUND
SBP045,run,input_capacitor_leakage,0.04651419899990734,ASSUMING_ON_DC_ALLOCATION_NOT_MEASURED,,,UNBOUND
SBP045,run,CHB_conversion,63.70588235294119,ASSUMING_ON_DC_ALLOCATION_NOT_MEASURED,,,UNBOUND
SBP045,run,THN_conversion,1.8666666666666676,ASSUMING_ON_DC_ALLOCATION_NOT_MEASURED,,,UNBOUND
SBP045,run,startup_bias_allocation,0.25,ASSUMING_ON_DC_ALLOCATION_NOT_MEASURED,,,UNBOUND
SBP045,cold,shared_contact_loop,0.08883560055726875,MAIN_SWITCH_OPEN_AUX_ON_ALLOCATION_NOT_MEASURED,,,UNBOUND
SBP045,cold,main_before_sense,1.8e-07,MAIN_SWITCH_OPEN_AUX_ON_ALLOCATION_NOT_MEASURED,,,UNBOUND
SBP045,cold,main_after_sense,0.0,MAIN_SWITCH_OPEN_AUX_ON_ALLOCATION_NOT_MEASURED,,,UNBOUND
SBP045,cold,auxiliary_branch,0.035308393888069174,MAIN_SWITCH_OPEN_AUX_ON_ALLOCATION_NOT_MEASURED,,,UNBOUND
SBP045,cold,controller_allocation,0.0597170620814521,MAIN_SWITCH_OPEN_AUX_ON_ALLOCATION_NOT_MEASURED,,,UNBOUND
SBP045,cold,input_capacitor_leakage,0.0,MAIN_SWITCH_OPEN_AUX_ON_ALLOCATION_NOT_MEASURED,,,UNBOUND
SBP045,cold,THN_conversion,1.8666666666666676,MAIN_SWITCH_OPEN_AUX_ON_ALLOCATION_NOT_MEASURED,,,UNBOUND
SBP045,cold,startup_bias_allocation,0,MAIN_SWITCH_OPEN_AUX_ON_ALLOCATION_NOT_MEASURED,,,UNBOUND
SBP046,run,shared_contact_loop,70.72563329466854,ASSUMING_ON_DC_ALLOCATION_NOT_MEASURED,,,UNBOUND
SBP046,run,main_before_sense,12.882742299803512,ASSUMING_ON_DC_ALLOCATION_NOT_MEASURED,,,UNBOUND
SBP046,run,main_after_sense,25.75939379405161,ASSUMING_ON_DC_ALLOCATION_NOT_MEASURED,,,UNBOUND
SBP046,run,auxiliary_branch,0.05899408303588854,ASSUMING_ON_DC_ALLOCATION_NOT_MEASURED,,,UNBOUND
SBP046,run,controller_allocation,0.050498921203112584,ASSUMING_ON_DC_ALLOCATION_NOT_MEASURED,,,UNBOUND
SBP046,run,input_capacitor_leakage,0.047453698425406726,ASSUMING_ON_DC_ALLOCATION_NOT_MEASURED,,,UNBOUND
SBP046,run,CHB_conversion,40.11111111111113,ASSUMING_ON_DC_ALLOCATION_NOT_MEASURED,,,UNBOUND
SBP046,run,THN_conversion,4.2,ASSUMING_ON_DC_ALLOCATION_NOT_MEASURED,,,UNBOUND
SBP046,run,startup_bias_allocation,0.25,ASSUMING_ON_DC_ALLOCATION_NOT_MEASURED,,,UNBOUND
SBP046,cold,shared_contact_loop,0.11254009869085829,MAIN_SWITCH_OPEN_AUX_ON_ALLOCATION_NOT_MEASURED,,,UNBOUND
SBP046,cold,main_before_sense,1.8e-07,MAIN_SWITCH_OPEN_AUX_ON_ALLOCATION_NOT_MEASURED,,,UNBOUND
SBP046,cold,main_after_sense,0.0,MAIN_SWITCH_OPEN_AUX_ON_ALLOCATION_NOT_MEASURED,,,UNBOUND
SBP046,cold,auxiliary_branch,0.04476179567266802,MAIN_SWITCH_OPEN_AUX_ON_ALLOCATION_NOT_MEASURED,,,UNBOUND
SBP046,cold,controller_allocation,0.05968156524540587,MAIN_SWITCH_OPEN_AUX_ON_ALLOCATION_NOT_MEASURED,,,UNBOUND
SBP046,cold,input_capacitor_leakage,0.0,MAIN_SWITCH_OPEN_AUX_ON_ALLOCATION_NOT_MEASURED,,,UNBOUND
SBP046,cold,THN_conversion,4.2,MAIN_SWITCH_OPEN_AUX_ON_ALLOCATION_NOT_MEASURED,,,UNBOUND
SBP046,cold,startup_bias_allocation,0,MAIN_SWITCH_OPEN_AUX_ON_ALLOCATION_NOT_MEASURED,,,UNBOUND
SBP047,run,shared_contact_loop,69.84714992157402,ASSUMING_ON_DC_ALLOCATION_NOT_MEASURED,,,UNBOUND
SBP047,run,main_before_sense,12.852943454976003,ASSUMING_ON_DC_ALLOCATION_NOT_MEASURED,,,UNBOUND
SBP047,run,main_after_sense,25.699803153159042,ASSUMING_ON_DC_ALLOCATION_NOT_MEASURED,,,UNBOUND
SBP047,run,auxiliary_branch,0.04649411800823537,ASSUMING_ON_DC_ALLOCATION_NOT_MEASURED,,,UNBOUND
SBP047,run,controller_allocation,0.050550387389232815,ASSUMING_ON_DC_ALLOCATION_NOT_MEASURED,,,UNBOUND
SBP047,run,input_capacitor_leakage,0.04750868899275475,ASSUMING_ON_DC_ALLOCATION_NOT_MEASURED,,,UNBOUND
SBP047,run,CHB_conversion,40.11111111111113,ASSUMING_ON_DC_ALLOCATION_NOT_MEASURED,,,UNBOUND
SBP047,run,THN_conversion,1.8666666666666676,ASSUMING_ON_DC_ALLOCATION_NOT_MEASURED,,,UNBOUND
SBP047,run,startup_bias_allocation,0.25,ASSUMING_ON_DC_ALLOCATION_NOT_MEASURED,,,UNBOUND
SBP047,cold,shared_contact_loop,0.08883560055726875,MAIN_SWITCH_OPEN_AUX_ON_ALLOCATION_NOT_MEASURED,,,UNBOUND
SBP047,cold,main_before_sense,1.8e-07,MAIN_SWITCH_OPEN_AUX_ON_ALLOCATION_NOT_MEASURED,,,UNBOUND
SBP047,cold,main_after_sense,0.0,MAIN_SWITCH_OPEN_AUX_ON_ALLOCATION_NOT_MEASURED,,,UNBOUND
SBP047,cold,auxiliary_branch,0.035308393888069174,MAIN_SWITCH_OPEN_AUX_ON_ALLOCATION_NOT_MEASURED,,,UNBOUND
SBP047,cold,controller_allocation,0.0597170620814521,MAIN_SWITCH_OPEN_AUX_ON_ALLOCATION_NOT_MEASURED,,,UNBOUND
SBP047,cold,input_capacitor_leakage,0.0,MAIN_SWITCH_OPEN_AUX_ON_ALLOCATION_NOT_MEASURED,,,UNBOUND
SBP047,cold,THN_conversion,1.8666666666666676,MAIN_SWITCH_OPEN_AUX_ON_ALLOCATION_NOT_MEASURED,,,UNBOUND
SBP047,cold,startup_bias_allocation,0,MAIN_SWITCH_OPEN_AUX_ON_ALLOCATION_NOT_MEASURED,,,UNBOUND
SBP048,run,shared_contact_loop,0.0,ASSUMING_ON_DC_ALLOCATION_NOT_MEASURED,,,UNBOUND
SBP048,run,main_before_sense,2.0106128362610245,ASSUMING_ON_DC_ALLOCATION_NOT_MEASURED,,,UNBOUND
SBP048,run,main_after_sense,14.070079040092995,ASSUMING_ON_DC_ALLOCATION_NOT_MEASURED,,,UNBOUND
SBP048,run,auxiliary_branch,0.016426494394001633,ASSUMING_ON_DC_ALLOCATION_NOT_MEASURED,,,UNBOUND
SBP048,run,controller_allocation,0.06569920509041584,ASSUMING_ON_DC_ALLOCATION_NOT_MEASURED,,,UNBOUND
SBP048,run,input_capacitor_leakage,0.06359395572332668,ASSUMING_ON_DC_ALLOCATION_NOT_MEASURED,,,UNBOUND
SBP048,run,CHB_conversion,63.70588235294119,ASSUMING_ON_DC_ALLOCATION_NOT_MEASURED,,,UNBOUND
SBP048,run,THN_conversion,4.2,ASSUMING_ON_DC_ALLOCATION_NOT_MEASURED,,,UNBOUND
SBP048,run,startup_bias_allocation,0.25,ASSUMING_ON_DC_ALLOCATION_NOT_MEASURED,,,UNBOUND
SBP048,cold,shared_contact_loop,0.0,MAIN_SWITCH_OPEN_AUX_ON_ALLOCATION_NOT_MEASURED,,,UNBOUND
SBP048,cold,main_before_sense,4.5e-08,MAIN_SWITCH_OPEN_AUX_ON_ALLOCATION_NOT_MEASURED,,,UNBOUND
SBP048,cold,main_after_sense,0.0,MAIN_SWITCH_OPEN_AUX_ON_ALLOCATION_NOT_MEASURED,,,UNBOUND
SBP048,cold,auxiliary_branch,0.016426494394001633,MAIN_SWITCH_OPEN_AUX_ON_ALLOCATION_NOT_MEASURED,,,UNBOUND
SBP048,cold,controller_allocation,0.065999955,MAIN_SWITCH_OPEN_AUX_ON_ALLOCATION_NOT_MEASURED,,,UNBOUND
SBP048,cold,input_capacitor_leakage,0.0,MAIN_SWITCH_OPEN_AUX_ON_ALLOCATION_NOT_MEASURED,,,UNBOUND
SBP048,cold,THN_conversion,4.2,MAIN_SWITCH_OPEN_AUX_ON_ALLOCATION_NOT_MEASURED,,,UNBOUND
SBP048,cold,startup_bias_allocation,0,MAIN_SWITCH_OPEN_AUX_ON_ALLOCATION_NOT_MEASURED,,,UNBOUND
SBP049,run,shared_contact_loop,0.0,ASSUMING_ON_DC_ALLOCATION_NOT_MEASURED,,,UNBOUND
SBP049,run,main_before_sense,2.0106128362610245,ASSUMING_ON_DC_ALLOCATION_NOT_MEASURED,,,UNBOUND
SBP049,run,main_after_sense,14.070079040092995,ASSUMING_ON_DC_ALLOCATION_NOT_MEASURED,,,UNBOUND
SBP049,run,auxiliary_branch,0.012976701186577079,ASSUMING_ON_DC_ALLOCATION_NOT_MEASURED,,,UNBOUND
SBP049,run,controller_allocation,0.06569920509041584,ASSUMING_ON_DC_ALLOCATION_NOT_MEASURED,,,UNBOUND
SBP049,run,input_capacitor_leakage,0.06359395572332668,ASSUMING_ON_DC_ALLOCATION_NOT_MEASURED,,,UNBOUND
SBP049,run,CHB_conversion,63.70588235294119,ASSUMING_ON_DC_ALLOCATION_NOT_MEASURED,,,UNBOUND
SBP049,run,THN_conversion,1.8666666666666676,ASSUMING_ON_DC_ALLOCATION_NOT_MEASURED,,,UNBOUND
SBP049,run,startup_bias_allocation,0.25,ASSUMING_ON_DC_ALLOCATION_NOT_MEASURED,,,UNBOUND
SBP049,cold,shared_contact_loop,0.0,MAIN_SWITCH_OPEN_AUX_ON_ALLOCATION_NOT_MEASURED,,,UNBOUND
SBP049,cold,main_before_sense,4.5e-08,MAIN_SWITCH_OPEN_AUX_ON_ALLOCATION_NOT_MEASURED,,,UNBOUND
SBP049,cold,main_after_sense,0.0,MAIN_SWITCH_OPEN_AUX_ON_ALLOCATION_NOT_MEASURED,,,UNBOUND
SBP049,cold,auxiliary_branch,0.012976701186577079,MAIN_SWITCH_OPEN_AUX_ON_ALLOCATION_NOT_MEASURED,,,UNBOUND
SBP049,cold,controller_allocation,0.065999955,MAIN_SWITCH_OPEN_AUX_ON_ALLOCATION_NOT_MEASURED,,,UNBOUND
SBP049,cold,input_capacitor_leakage,0.0,MAIN_SWITCH_OPEN_AUX_ON_ALLOCATION_NOT_MEASURED,,,UNBOUND
SBP049,cold,THN_conversion,1.8666666666666676,MAIN_SWITCH_OPEN_AUX_ON_ALLOCATION_NOT_MEASURED,,,UNBOUND
SBP049,cold,startup_bias_allocation,0,MAIN_SWITCH_OPEN_AUX_ON_ALLOCATION_NOT_MEASURED,,,UNBOUND
SBP050,run,shared_contact_loop,0.0,ASSUMING_ON_DC_ALLOCATION_NOT_MEASURED,,,UNBOUND
SBP050,run,main_before_sense,1.785819308280676,ASSUMING_ON_DC_ALLOCATION_NOT_MEASURED,,,UNBOUND
SBP050,run,main_after_sense,12.496766729297141,ASSUMING_ON_DC_ALLOCATION_NOT_MEASURED,,,UNBOUND
SBP050,run,auxiliary_branch,0.016426494394001633,ASSUMING_ON_DC_ALLOCATION_NOT_MEASURED,,,UNBOUND
SBP050,run,controller_allocation,0.06571651830945785,ASSUMING_ON_DC_ALLOCATION_NOT_MEASURED,,,UNBOUND
SBP050,run,input_capacitor_leakage,0.06373246147566287,ASSUMING_ON_DC_ALLOCATION_NOT_MEASURED,,,UNBOUND
SBP050,run,CHB_conversion,40.11111111111113,ASSUMING_ON_DC_ALLOCATION_NOT_MEASURED,,,UNBOUND
SBP050,run,THN_conversion,4.2,ASSUMING_ON_DC_ALLOCATION_NOT_MEASURED,,,UNBOUND
SBP050,run,startup_bias_allocation,0.25,ASSUMING_ON_DC_ALLOCATION_NOT_MEASURED,,,UNBOUND
SBP050,cold,shared_contact_loop,0.0,MAIN_SWITCH_OPEN_AUX_ON_ALLOCATION_NOT_MEASURED,,,UNBOUND
SBP050,cold,main_before_sense,4.5e-08,MAIN_SWITCH_OPEN_AUX_ON_ALLOCATION_NOT_MEASURED,,,UNBOUND
SBP050,cold,main_after_sense,0.0,MAIN_SWITCH_OPEN_AUX_ON_ALLOCATION_NOT_MEASURED,,,UNBOUND
SBP050,cold,auxiliary_branch,0.016426494394001633,MAIN_SWITCH_OPEN_AUX_ON_ALLOCATION_NOT_MEASURED,,,UNBOUND
SBP050,cold,controller_allocation,0.065999955,MAIN_SWITCH_OPEN_AUX_ON_ALLOCATION_NOT_MEASURED,,,UNBOUND
SBP050,cold,input_capacitor_leakage,0.0,MAIN_SWITCH_OPEN_AUX_ON_ALLOCATION_NOT_MEASURED,,,UNBOUND
SBP050,cold,THN_conversion,4.2,MAIN_SWITCH_OPEN_AUX_ON_ALLOCATION_NOT_MEASURED,,,UNBOUND
SBP050,cold,startup_bias_allocation,0,MAIN_SWITCH_OPEN_AUX_ON_ALLOCATION_NOT_MEASURED,,,UNBOUND
SBP051,run,shared_contact_loop,0.0,ASSUMING_ON_DC_ALLOCATION_NOT_MEASURED,,,UNBOUND
SBP051,run,main_before_sense,1.785819308280676,ASSUMING_ON_DC_ALLOCATION_NOT_MEASURED,,,UNBOUND
SBP051,run,main_after_sense,12.496766729297141,ASSUMING_ON_DC_ALLOCATION_NOT_MEASURED,,,UNBOUND
SBP051,run,auxiliary_branch,0.012976701186577079,ASSUMING_ON_DC_ALLOCATION_NOT_MEASURED,,,UNBOUND
SBP051,run,controller_allocation,0.06571651830945785,ASSUMING_ON_DC_ALLOCATION_NOT_MEASURED,,,UNBOUND
SBP051,run,input_capacitor_leakage,0.06373246147566287,ASSUMING_ON_DC_ALLOCATION_NOT_MEASURED,,,UNBOUND
SBP051,run,CHB_conversion,40.11111111111113,ASSUMING_ON_DC_ALLOCATION_NOT_MEASURED,,,UNBOUND
SBP051,run,THN_conversion,1.8666666666666676,ASSUMING_ON_DC_ALLOCATION_NOT_MEASURED,,,UNBOUND
SBP051,run,startup_bias_allocation,0.25,ASSUMING_ON_DC_ALLOCATION_NOT_MEASURED,,,UNBOUND
SBP051,cold,shared_contact_loop,0.0,MAIN_SWITCH_OPEN_AUX_ON_ALLOCATION_NOT_MEASURED,,,UNBOUND
SBP051,cold,main_before_sense,4.5e-08,MAIN_SWITCH_OPEN_AUX_ON_ALLOCATION_NOT_MEASURED,,,UNBOUND
SBP051,cold,main_after_sense,0.0,MAIN_SWITCH_OPEN_AUX_ON_ALLOCATION_NOT_MEASURED,,,UNBOUND
SBP051,cold,auxiliary_branch,0.012976701186577079,MAIN_SWITCH_OPEN_AUX_ON_ALLOCATION_NOT_MEASURED,,,UNBOUND
SBP051,cold,controller_allocation,0.065999955,MAIN_SWITCH_OPEN_AUX_ON_ALLOCATION_NOT_MEASURED,,,UNBOUND
SBP051,cold,input_capacitor_leakage,0.0,MAIN_SWITCH_OPEN_AUX_ON_ALLOCATION_NOT_MEASURED,,,UNBOUND
SBP051,cold,THN_conversion,1.8666666666666676,MAIN_SWITCH_OPEN_AUX_ON_ALLOCATION_NOT_MEASURED,,,UNBOUND
SBP051,cold,startup_bias_allocation,0,MAIN_SWITCH_OPEN_AUX_ON_ALLOCATION_NOT_MEASURED,,,UNBOUND
SBP052,run,shared_contact_loop,0.0,ASSUMING_ON_DC_ALLOCATION_NOT_MEASURED,,,UNBOUND
SBP052,run,main_before_sense,2.0106128362610245,ASSUMING_ON_DC_ALLOCATION_NOT_MEASURED,,,UNBOUND
SBP052,run,main_after_sense,14.070079040092995,ASSUMING_ON_DC_ALLOCATION_NOT_MEASURED,,,UNBOUND
SBP052,run,auxiliary_branch,0.03657334032254291,ASSUMING_ON_DC_ALLOCATION_NOT_MEASURED,,,UNBOUND
SBP052,run,controller_allocation,0.06569920509041584,ASSUMING_ON_DC_ALLOCATION_NOT_MEASURED,,,UNBOUND
SBP052,run,input_capacitor_leakage,0.06359395572332668,ASSUMING_ON_DC_ALLOCATION_NOT_MEASURED,,,UNBOUND
SBP052,run,CHB_conversion,63.70588235294119,ASSUMING_ON_DC_ALLOCATION_NOT_MEASURED,,,UNBOUND
SBP052,run,THN_conversion,4.2,ASSUMING_ON_DC_ALLOCATION_NOT_MEASURED,,,UNBOUND
SBP052,run,startup_bias_allocation,0.25,ASSUMING_ON_DC_ALLOCATION_NOT_MEASURED,,,UNBOUND
SBP052,cold,shared_contact_loop,0.0,MAIN_SWITCH_OPEN_AUX_ON_ALLOCATION_NOT_MEASURED,,,UNBOUND
SBP052,cold,main_before_sense,4.5e-08,MAIN_SWITCH_OPEN_AUX_ON_ALLOCATION_NOT_MEASURED,,,UNBOUND
SBP052,cold,main_after_sense,0.0,MAIN_SWITCH_OPEN_AUX_ON_ALLOCATION_NOT_MEASURED,,,UNBOUND
SBP052,cold,auxiliary_branch,0.03657334032254291,MAIN_SWITCH_OPEN_AUX_ON_ALLOCATION_NOT_MEASURED,,,UNBOUND
SBP052,cold,controller_allocation,0.065999955,MAIN_SWITCH_OPEN_AUX_ON_ALLOCATION_NOT_MEASURED,,,UNBOUND
SBP052,cold,input_capacitor_leakage,0.0,MAIN_SWITCH_OPEN_AUX_ON_ALLOCATION_NOT_MEASURED,,,UNBOUND
SBP052,cold,THN_conversion,4.2,MAIN_SWITCH_OPEN_AUX_ON_ALLOCATION_NOT_MEASURED,,,UNBOUND
SBP052,cold,startup_bias_allocation,0,MAIN_SWITCH_OPEN_AUX_ON_ALLOCATION_NOT_MEASURED,,,UNBOUND
SBP053,run,shared_contact_loop,0.0,ASSUMING_ON_DC_ALLOCATION_NOT_MEASURED,,,UNBOUND
SBP053,run,main_before_sense,2.0106128362610245,ASSUMING_ON_DC_ALLOCATION_NOT_MEASURED,,,UNBOUND
SBP053,run,main_after_sense,14.070079040092995,ASSUMING_ON_DC_ALLOCATION_NOT_MEASURED,,,UNBOUND
SBP053,run,auxiliary_branch,0.028886256123043876,ASSUMING_ON_DC_ALLOCATION_NOT_MEASURED,,,UNBOUND
SBP053,run,controller_allocation,0.06569920509041584,ASSUMING_ON_DC_ALLOCATION_NOT_MEASURED,,,UNBOUND
SBP053,run,input_capacitor_leakage,0.06359395572332668,ASSUMING_ON_DC_ALLOCATION_NOT_MEASURED,,,UNBOUND
SBP053,run,CHB_conversion,63.70588235294119,ASSUMING_ON_DC_ALLOCATION_NOT_MEASURED,,,UNBOUND
SBP053,run,THN_conversion,1.8666666666666676,ASSUMING_ON_DC_ALLOCATION_NOT_MEASURED,,,UNBOUND
SBP053,run,startup_bias_allocation,0.25,ASSUMING_ON_DC_ALLOCATION_NOT_MEASURED,,,UNBOUND
SBP053,cold,shared_contact_loop,0.0,MAIN_SWITCH_OPEN_AUX_ON_ALLOCATION_NOT_MEASURED,,,UNBOUND
SBP053,cold,main_before_sense,4.5e-08,MAIN_SWITCH_OPEN_AUX_ON_ALLOCATION_NOT_MEASURED,,,UNBOUND
SBP053,cold,main_after_sense,0.0,MAIN_SWITCH_OPEN_AUX_ON_ALLOCATION_NOT_MEASURED,,,UNBOUND
SBP053,cold,auxiliary_branch,0.028886256123043876,MAIN_SWITCH_OPEN_AUX_ON_ALLOCATION_NOT_MEASURED,,,UNBOUND
SBP053,cold,controller_allocation,0.065999955,MAIN_SWITCH_OPEN_AUX_ON_ALLOCATION_NOT_MEASURED,,,UNBOUND
SBP053,cold,input_capacitor_leakage,0.0,MAIN_SWITCH_OPEN_AUX_ON_ALLOCATION_NOT_MEASURED,,,UNBOUND
SBP053,cold,THN_conversion,1.8666666666666676,MAIN_SWITCH_OPEN_AUX_ON_ALLOCATION_NOT_MEASURED,,,UNBOUND
SBP053,cold,startup_bias_allocation,0,MAIN_SWITCH_OPEN_AUX_ON_ALLOCATION_NOT_MEASURED,,,UNBOUND
SBP054,run,shared_contact_loop,0.0,ASSUMING_ON_DC_ALLOCATION_NOT_MEASURED,,,UNBOUND
SBP054,run,main_before_sense,1.785819308280676,ASSUMING_ON_DC_ALLOCATION_NOT_MEASURED,,,UNBOUND
SBP054,run,main_after_sense,12.496766729297141,ASSUMING_ON_DC_ALLOCATION_NOT_MEASURED,,,UNBOUND
SBP054,run,auxiliary_branch,0.03657334032254291,ASSUMING_ON_DC_ALLOCATION_NOT_MEASURED,,,UNBOUND
SBP054,run,controller_allocation,0.06571651830945785,ASSUMING_ON_DC_ALLOCATION_NOT_MEASURED,,,UNBOUND
SBP054,run,input_capacitor_leakage,0.06373246147566287,ASSUMING_ON_DC_ALLOCATION_NOT_MEASURED,,,UNBOUND
SBP054,run,CHB_conversion,40.11111111111113,ASSUMING_ON_DC_ALLOCATION_NOT_MEASURED,,,UNBOUND
SBP054,run,THN_conversion,4.2,ASSUMING_ON_DC_ALLOCATION_NOT_MEASURED,,,UNBOUND
SBP054,run,startup_bias_allocation,0.25,ASSUMING_ON_DC_ALLOCATION_NOT_MEASURED,,,UNBOUND
SBP054,cold,shared_contact_loop,0.0,MAIN_SWITCH_OPEN_AUX_ON_ALLOCATION_NOT_MEASURED,,,UNBOUND
SBP054,cold,main_before_sense,4.5e-08,MAIN_SWITCH_OPEN_AUX_ON_ALLOCATION_NOT_MEASURED,,,UNBOUND
SBP054,cold,main_after_sense,0.0,MAIN_SWITCH_OPEN_AUX_ON_ALLOCATION_NOT_MEASURED,,,UNBOUND
SBP054,cold,auxiliary_branch,0.03657334032254291,MAIN_SWITCH_OPEN_AUX_ON_ALLOCATION_NOT_MEASURED,,,UNBOUND
SBP054,cold,controller_allocation,0.065999955,MAIN_SWITCH_OPEN_AUX_ON_ALLOCATION_NOT_MEASURED,,,UNBOUND
SBP054,cold,input_capacitor_leakage,0.0,MAIN_SWITCH_OPEN_AUX_ON_ALLOCATION_NOT_MEASURED,,,UNBOUND
SBP054,cold,THN_conversion,4.2,MAIN_SWITCH_OPEN_AUX_ON_ALLOCATION_NOT_MEASURED,,,UNBOUND
SBP054,cold,startup_bias_allocation,0,MAIN_SWITCH_OPEN_AUX_ON_ALLOCATION_NOT_MEASURED,,,UNBOUND
SBP055,run,shared_contact_loop,0.0,ASSUMING_ON_DC_ALLOCATION_NOT_MEASURED,,,UNBOUND
SBP055,run,main_before_sense,1.785819308280676,ASSUMING_ON_DC_ALLOCATION_NOT_MEASURED,,,UNBOUND
SBP055,run,main_after_sense,12.496766729297141,ASSUMING_ON_DC_ALLOCATION_NOT_MEASURED,,,UNBOUND
SBP055,run,auxiliary_branch,0.028886256123043876,ASSUMING_ON_DC_ALLOCATION_NOT_MEASURED,,,UNBOUND
SBP055,run,controller_allocation,0.06571651830945785,ASSUMING_ON_DC_ALLOCATION_NOT_MEASURED,,,UNBOUND
SBP055,run,input_capacitor_leakage,0.06373246147566287,ASSUMING_ON_DC_ALLOCATION_NOT_MEASURED,,,UNBOUND
SBP055,run,CHB_conversion,40.11111111111113,ASSUMING_ON_DC_ALLOCATION_NOT_MEASURED,,,UNBOUND
SBP055,run,THN_conversion,1.8666666666666676,ASSUMING_ON_DC_ALLOCATION_NOT_MEASURED,,,UNBOUND
SBP055,run,startup_bias_allocation,0.25,ASSUMING_ON_DC_ALLOCATION_NOT_MEASURED,,,UNBOUND
SBP055,cold,shared_contact_loop,0.0,MAIN_SWITCH_OPEN_AUX_ON_ALLOCATION_NOT_MEASURED,,,UNBOUND
SBP055,cold,main_before_sense,4.5e-08,MAIN_SWITCH_OPEN_AUX_ON_ALLOCATION_NOT_MEASURED,,,UNBOUND
SBP055,cold,main_after_sense,0.0,MAIN_SWITCH_OPEN_AUX_ON_ALLOCATION_NOT_MEASURED,,,UNBOUND
SBP055,cold,auxiliary_branch,0.028886256123043876,MAIN_SWITCH_OPEN_AUX_ON_ALLOCATION_NOT_MEASURED,,,UNBOUND
SBP055,cold,controller_allocation,0.065999955,MAIN_SWITCH_OPEN_AUX_ON_ALLOCATION_NOT_MEASURED,,,UNBOUND
SBP055,cold,input_capacitor_leakage,0.0,MAIN_SWITCH_OPEN_AUX_ON_ALLOCATION_NOT_MEASURED,,,UNBOUND
SBP055,cold,THN_conversion,1.8666666666666676,MAIN_SWITCH_OPEN_AUX_ON_ALLOCATION_NOT_MEASURED,,,UNBOUND
SBP055,cold,startup_bias_allocation,0,MAIN_SWITCH_OPEN_AUX_ON_ALLOCATION_NOT_MEASURED,,,UNBOUND
SBP056,run,shared_contact_loop,0.0,ASSUMING_ON_DC_ALLOCATION_NOT_MEASURED,,,UNBOUND
SBP056,run,main_before_sense,8.375362607897376,ASSUMING_ON_DC_ALLOCATION_NOT_MEASURED,,,UNBOUND
SBP056,run,main_after_sense,16.745814257813723,ASSUMING_ON_DC_ALLOCATION_NOT_MEASURED,,,UNBOUND
SBP056,run,auxiliary_branch,0.016426494394001633,ASSUMING_ON_DC_ALLOCATION_NOT_MEASURED,,,UNBOUND
SBP056,run,controller_allocation,0.06477217050474363,ASSUMING_ON_DC_ALLOCATION_NOT_MEASURED,,,UNBOUND
SBP056,run,input_capacitor_leakage,0.06231687151423088,ASSUMING_ON_DC_ALLOCATION_NOT_MEASURED,,,UNBOUND
SBP056,run,CHB_conversion,63.70588235294119,ASSUMING_ON_DC_ALLOCATION_NOT_MEASURED,,,UNBOUND
SBP056,run,THN_conversion,4.2,ASSUMING_ON_DC_ALLOCATION_NOT_MEASURED,,,UNBOUND
SBP056,run,startup_bias_allocation,0.25,ASSUMING_ON_DC_ALLOCATION_NOT_MEASURED,,,UNBOUND
SBP056,cold,shared_contact_loop,0.0,MAIN_SWITCH_OPEN_AUX_ON_ALLOCATION_NOT_MEASURED,,,UNBOUND
SBP056,cold,main_before_sense,1.8e-07,MAIN_SWITCH_OPEN_AUX_ON_ALLOCATION_NOT_MEASURED,,,UNBOUND
SBP056,cold,main_after_sense,0.0,MAIN_SWITCH_OPEN_AUX_ON_ALLOCATION_NOT_MEASURED,,,UNBOUND
SBP056,cold,auxiliary_branch,0.016426494394001633,MAIN_SWITCH_OPEN_AUX_ON_ALLOCATION_NOT_MEASURED,,,UNBOUND
SBP056,cold,controller_allocation,0.06599982,MAIN_SWITCH_OPEN_AUX_ON_ALLOCATION_NOT_MEASURED,,,UNBOUND
SBP056,cold,input_capacitor_leakage,0.0,MAIN_SWITCH_OPEN_AUX_ON_ALLOCATION_NOT_MEASURED,,,UNBOUND
SBP056,cold,THN_conversion,4.2,MAIN_SWITCH_OPEN_AUX_ON_ALLOCATION_NOT_MEASURED,,,UNBOUND
SBP056,cold,startup_bias_allocation,0,MAIN_SWITCH_OPEN_AUX_ON_ALLOCATION_NOT_MEASURED,,,UNBOUND
SBP057,run,shared_contact_loop,0.0,ASSUMING_ON_DC_ALLOCATION_NOT_MEASURED,,,UNBOUND
SBP057,run,main_before_sense,8.375362607897376,ASSUMING_ON_DC_ALLOCATION_NOT_MEASURED,,,UNBOUND
SBP057,run,main_after_sense,16.745814257813723,ASSUMING_ON_DC_ALLOCATION_NOT_MEASURED,,,UNBOUND
SBP057,run,auxiliary_branch,0.012976701186577079,ASSUMING_ON_DC_ALLOCATION_NOT_MEASURED,,,UNBOUND
SBP057,run,controller_allocation,0.06477217050474363,ASSUMING_ON_DC_ALLOCATION_NOT_MEASURED,,,UNBOUND
SBP057,run,input_capacitor_leakage,0.06231687151423088,ASSUMING_ON_DC_ALLOCATION_NOT_MEASURED,,,UNBOUND
SBP057,run,CHB_conversion,63.70588235294119,ASSUMING_ON_DC_ALLOCATION_NOT_MEASURED,,,UNBOUND
SBP057,run,THN_conversion,1.8666666666666676,ASSUMING_ON_DC_ALLOCATION_NOT_MEASURED,,,UNBOUND
SBP057,run,startup_bias_allocation,0.25,ASSUMING_ON_DC_ALLOCATION_NOT_MEASURED,,,UNBOUND
SBP057,cold,shared_contact_loop,0.0,MAIN_SWITCH_OPEN_AUX_ON_ALLOCATION_NOT_MEASURED,,,UNBOUND
SBP057,cold,main_before_sense,1.8e-07,MAIN_SWITCH_OPEN_AUX_ON_ALLOCATION_NOT_MEASURED,,,UNBOUND
SBP057,cold,main_after_sense,0.0,MAIN_SWITCH_OPEN_AUX_ON_ALLOCATION_NOT_MEASURED,,,UNBOUND
SBP057,cold,auxiliary_branch,0.012976701186577079,MAIN_SWITCH_OPEN_AUX_ON_ALLOCATION_NOT_MEASURED,,,UNBOUND
SBP057,cold,controller_allocation,0.06599982,MAIN_SWITCH_OPEN_AUX_ON_ALLOCATION_NOT_MEASURED,,,UNBOUND
SBP057,cold,input_capacitor_leakage,0.0,MAIN_SWITCH_OPEN_AUX_ON_ALLOCATION_NOT_MEASURED,,,UNBOUND
SBP057,cold,THN_conversion,1.8666666666666676,MAIN_SWITCH_OPEN_AUX_ON_ALLOCATION_NOT_MEASURED,,,UNBOUND
SBP057,cold,startup_bias_allocation,0,MAIN_SWITCH_OPEN_AUX_ON_ALLOCATION_NOT_MEASURED,,,UNBOUND
SBP058,run,shared_contact_loop,0.0,ASSUMING_ON_DC_ALLOCATION_NOT_MEASURED,,,UNBOUND
SBP058,run,main_before_sense,7.4197628732567935,ASSUMING_ON_DC_ALLOCATION_NOT_MEASURED,,,UNBOUND
SBP058,run,main_after_sense,14.834903453911995,ASSUMING_ON_DC_ALLOCATION_NOT_MEASURED,,,UNBOUND
SBP058,run,auxiliary_branch,0.016426494394001633,ASSUMING_ON_DC_ALLOCATION_NOT_MEASURED,,,UNBOUND
SBP058,run,controller_allocation,0.0648443368496027,ASSUMING_ON_DC_ALLOCATION_NOT_MEASURED,,,UNBOUND
SBP058,run,input_capacitor_leakage,0.06253337054880809,ASSUMING_ON_DC_ALLOCATION_NOT_MEASURED,,,UNBOUND
SBP058,run,CHB_conversion,40.11111111111113,ASSUMING_ON_DC_ALLOCATION_NOT_MEASURED,,,UNBOUND
SBP058,run,THN_conversion,4.2,ASSUMING_ON_DC_ALLOCATION_NOT_MEASURED,,,UNBOUND
SBP058,run,startup_bias_allocation,0.25,ASSUMING_ON_DC_ALLOCATION_NOT_MEASURED,,,UNBOUND
SBP058,cold,shared_contact_loop,0.0,MAIN_SWITCH_OPEN_AUX_ON_ALLOCATION_NOT_MEASURED,,,UNBOUND
SBP058,cold,main_before_sense,1.8e-07,MAIN_SWITCH_OPEN_AUX_ON_ALLOCATION_NOT_MEASURED,,,UNBOUND
SBP058,cold,main_after_sense,0.0,MAIN_SWITCH_OPEN_AUX_ON_ALLOCATION_NOT_MEASURED,,,UNBOUND
SBP058,cold,auxiliary_branch,0.016426494394001633,MAIN_SWITCH_OPEN_AUX_ON_ALLOCATION_NOT_MEASURED,,,UNBOUND
SBP058,cold,controller_allocation,0.06599982,MAIN_SWITCH_OPEN_AUX_ON_ALLOCATION_NOT_MEASURED,,,UNBOUND
SBP058,cold,input_capacitor_leakage,0.0,MAIN_SWITCH_OPEN_AUX_ON_ALLOCATION_NOT_MEASURED,,,UNBOUND
SBP058,cold,THN_conversion,4.2,MAIN_SWITCH_OPEN_AUX_ON_ALLOCATION_NOT_MEASURED,,,UNBOUND
SBP058,cold,startup_bias_allocation,0,MAIN_SWITCH_OPEN_AUX_ON_ALLOCATION_NOT_MEASURED,,,UNBOUND
SBP059,run,shared_contact_loop,0.0,ASSUMING_ON_DC_ALLOCATION_NOT_MEASURED,,,UNBOUND
SBP059,run,main_before_sense,7.4197628732567935,ASSUMING_ON_DC_ALLOCATION_NOT_MEASURED,,,UNBOUND
SBP059,run,main_after_sense,14.834903453911995,ASSUMING_ON_DC_ALLOCATION_NOT_MEASURED,,,UNBOUND
SBP059,run,auxiliary_branch,0.012976701186577079,ASSUMING_ON_DC_ALLOCATION_NOT_MEASURED,,,UNBOUND
SBP059,run,controller_allocation,0.0648443368496027,ASSUMING_ON_DC_ALLOCATION_NOT_MEASURED,,,UNBOUND
SBP059,run,input_capacitor_leakage,0.06253337054880809,ASSUMING_ON_DC_ALLOCATION_NOT_MEASURED,,,UNBOUND
SBP059,run,CHB_conversion,40.11111111111113,ASSUMING_ON_DC_ALLOCATION_NOT_MEASURED,,,UNBOUND
SBP059,run,THN_conversion,1.8666666666666676,ASSUMING_ON_DC_ALLOCATION_NOT_MEASURED,,,UNBOUND
SBP059,run,startup_bias_allocation,0.25,ASSUMING_ON_DC_ALLOCATION_NOT_MEASURED,,,UNBOUND
SBP059,cold,shared_contact_loop,0.0,MAIN_SWITCH_OPEN_AUX_ON_ALLOCATION_NOT_MEASURED,,,UNBOUND
SBP059,cold,main_before_sense,1.8e-07,MAIN_SWITCH_OPEN_AUX_ON_ALLOCATION_NOT_MEASURED,,,UNBOUND
SBP059,cold,main_after_sense,0.0,MAIN_SWITCH_OPEN_AUX_ON_ALLOCATION_NOT_MEASURED,,,UNBOUND
SBP059,cold,auxiliary_branch,0.012976701186577079,MAIN_SWITCH_OPEN_AUX_ON_ALLOCATION_NOT_MEASURED,,,UNBOUND
SBP059,cold,controller_allocation,0.06599982,MAIN_SWITCH_OPEN_AUX_ON_ALLOCATION_NOT_MEASURED,,,UNBOUND
SBP059,cold,input_capacitor_leakage,0.0,MAIN_SWITCH_OPEN_AUX_ON_ALLOCATION_NOT_MEASURED,,,UNBOUND
SBP059,cold,THN_conversion,1.8666666666666676,MAIN_SWITCH_OPEN_AUX_ON_ALLOCATION_NOT_MEASURED,,,UNBOUND
SBP059,cold,startup_bias_allocation,0,MAIN_SWITCH_OPEN_AUX_ON_ALLOCATION_NOT_MEASURED,,,UNBOUND
SBP060,run,shared_contact_loop,0.0,ASSUMING_ON_DC_ALLOCATION_NOT_MEASURED,,,UNBOUND
SBP060,run,main_before_sense,8.375362607897376,ASSUMING_ON_DC_ALLOCATION_NOT_MEASURED,,,UNBOUND
SBP060,run,main_after_sense,16.745814257813723,ASSUMING_ON_DC_ALLOCATION_NOT_MEASURED,,,UNBOUND
SBP060,run,auxiliary_branch,0.03657334032254291,ASSUMING_ON_DC_ALLOCATION_NOT_MEASURED,,,UNBOUND
SBP060,run,controller_allocation,0.06477217050474363,ASSUMING_ON_DC_ALLOCATION_NOT_MEASURED,,,UNBOUND
SBP060,run,input_capacitor_leakage,0.06231687151423088,ASSUMING_ON_DC_ALLOCATION_NOT_MEASURED,,,UNBOUND
SBP060,run,CHB_conversion,63.70588235294119,ASSUMING_ON_DC_ALLOCATION_NOT_MEASURED,,,UNBOUND
SBP060,run,THN_conversion,4.2,ASSUMING_ON_DC_ALLOCATION_NOT_MEASURED,,,UNBOUND
SBP060,run,startup_bias_allocation,0.25,ASSUMING_ON_DC_ALLOCATION_NOT_MEASURED,,,UNBOUND
SBP060,cold,shared_contact_loop,0.0,MAIN_SWITCH_OPEN_AUX_ON_ALLOCATION_NOT_MEASURED,,,UNBOUND
SBP060,cold,main_before_sense,1.8e-07,MAIN_SWITCH_OPEN_AUX_ON_ALLOCATION_NOT_MEASURED,,,UNBOUND
SBP060,cold,main_after_sense,0.0,MAIN_SWITCH_OPEN_AUX_ON_ALLOCATION_NOT_MEASURED,,,UNBOUND
SBP060,cold,auxiliary_branch,0.03657334032254291,MAIN_SWITCH_OPEN_AUX_ON_ALLOCATION_NOT_MEASURED,,,UNBOUND
SBP060,cold,controller_allocation,0.06599982,MAIN_SWITCH_OPEN_AUX_ON_ALLOCATION_NOT_MEASURED,,,UNBOUND
SBP060,cold,input_capacitor_leakage,0.0,MAIN_SWITCH_OPEN_AUX_ON_ALLOCATION_NOT_MEASURED,,,UNBOUND
SBP060,cold,THN_conversion,4.2,MAIN_SWITCH_OPEN_AUX_ON_ALLOCATION_NOT_MEASURED,,,UNBOUND
SBP060,cold,startup_bias_allocation,0,MAIN_SWITCH_OPEN_AUX_ON_ALLOCATION_NOT_MEASURED,,,UNBOUND
SBP061,run,shared_contact_loop,0.0,ASSUMING_ON_DC_ALLOCATION_NOT_MEASURED,,,UNBOUND
SBP061,run,main_before_sense,8.375362607897376,ASSUMING_ON_DC_ALLOCATION_NOT_MEASURED,,,UNBOUND
SBP061,run,main_after_sense,16.745814257813723,ASSUMING_ON_DC_ALLOCATION_NOT_MEASURED,,,UNBOUND
SBP061,run,auxiliary_branch,0.028886256123043876,ASSUMING_ON_DC_ALLOCATION_NOT_MEASURED,,,UNBOUND
SBP061,run,controller_allocation,0.06477217050474363,ASSUMING_ON_DC_ALLOCATION_NOT_MEASURED,,,UNBOUND
SBP061,run,input_capacitor_leakage,0.06231687151423088,ASSUMING_ON_DC_ALLOCATION_NOT_MEASURED,,,UNBOUND
SBP061,run,CHB_conversion,63.70588235294119,ASSUMING_ON_DC_ALLOCATION_NOT_MEASURED,,,UNBOUND
SBP061,run,THN_conversion,1.8666666666666676,ASSUMING_ON_DC_ALLOCATION_NOT_MEASURED,,,UNBOUND
SBP061,run,startup_bias_allocation,0.25,ASSUMING_ON_DC_ALLOCATION_NOT_MEASURED,,,UNBOUND
SBP061,cold,shared_contact_loop,0.0,MAIN_SWITCH_OPEN_AUX_ON_ALLOCATION_NOT_MEASURED,,,UNBOUND
SBP061,cold,main_before_sense,1.8e-07,MAIN_SWITCH_OPEN_AUX_ON_ALLOCATION_NOT_MEASURED,,,UNBOUND
SBP061,cold,main_after_sense,0.0,MAIN_SWITCH_OPEN_AUX_ON_ALLOCATION_NOT_MEASURED,,,UNBOUND
SBP061,cold,auxiliary_branch,0.028886256123043876,MAIN_SWITCH_OPEN_AUX_ON_ALLOCATION_NOT_MEASURED,,,UNBOUND
SBP061,cold,controller_allocation,0.06599982,MAIN_SWITCH_OPEN_AUX_ON_ALLOCATION_NOT_MEASURED,,,UNBOUND
SBP061,cold,input_capacitor_leakage,0.0,MAIN_SWITCH_OPEN_AUX_ON_ALLOCATION_NOT_MEASURED,,,UNBOUND
SBP061,cold,THN_conversion,1.8666666666666676,MAIN_SWITCH_OPEN_AUX_ON_ALLOCATION_NOT_MEASURED,,,UNBOUND
SBP061,cold,startup_bias_allocation,0,MAIN_SWITCH_OPEN_AUX_ON_ALLOCATION_NOT_MEASURED,,,UNBOUND
SBP062,run,shared_contact_loop,0.0,ASSUMING_ON_DC_ALLOCATION_NOT_MEASURED,,,UNBOUND
SBP062,run,main_before_sense,7.4197628732567935,ASSUMING_ON_DC_ALLOCATION_NOT_MEASURED,,,UNBOUND
SBP062,run,main_after_sense,14.834903453911995,ASSUMING_ON_DC_ALLOCATION_NOT_MEASURED,,,UNBOUND
SBP062,run,auxiliary_branch,0.03657334032254291,ASSUMING_ON_DC_ALLOCATION_NOT_MEASURED,,,UNBOUND
SBP062,run,controller_allocation,0.0648443368496027,ASSUMING_ON_DC_ALLOCATION_NOT_MEASURED,,,UNBOUND
SBP062,run,input_capacitor_leakage,0.06253337054880809,ASSUMING_ON_DC_ALLOCATION_NOT_MEASURED,,,UNBOUND
SBP062,run,CHB_conversion,40.11111111111113,ASSUMING_ON_DC_ALLOCATION_NOT_MEASURED,,,UNBOUND
SBP062,run,THN_conversion,4.2,ASSUMING_ON_DC_ALLOCATION_NOT_MEASURED,,,UNBOUND
SBP062,run,startup_bias_allocation,0.25,ASSUMING_ON_DC_ALLOCATION_NOT_MEASURED,,,UNBOUND
SBP062,cold,shared_contact_loop,0.0,MAIN_SWITCH_OPEN_AUX_ON_ALLOCATION_NOT_MEASURED,,,UNBOUND
SBP062,cold,main_before_sense,1.8e-07,MAIN_SWITCH_OPEN_AUX_ON_ALLOCATION_NOT_MEASURED,,,UNBOUND
SBP062,cold,main_after_sense,0.0,MAIN_SWITCH_OPEN_AUX_ON_ALLOCATION_NOT_MEASURED,,,UNBOUND
SBP062,cold,auxiliary_branch,0.03657334032254291,MAIN_SWITCH_OPEN_AUX_ON_ALLOCATION_NOT_MEASURED,,,UNBOUND
SBP062,cold,controller_allocation,0.06599982,MAIN_SWITCH_OPEN_AUX_ON_ALLOCATION_NOT_MEASURED,,,UNBOUND
SBP062,cold,input_capacitor_leakage,0.0,MAIN_SWITCH_OPEN_AUX_ON_ALLOCATION_NOT_MEASURED,,,UNBOUND
SBP062,cold,THN_conversion,4.2,MAIN_SWITCH_OPEN_AUX_ON_ALLOCATION_NOT_MEASURED,,,UNBOUND
SBP062,cold,startup_bias_allocation,0,MAIN_SWITCH_OPEN_AUX_ON_ALLOCATION_NOT_MEASURED,,,UNBOUND
SBP063,run,shared_contact_loop,0.0,ASSUMING_ON_DC_ALLOCATION_NOT_MEASURED,,,UNBOUND
SBP063,run,main_before_sense,7.4197628732567935,ASSUMING_ON_DC_ALLOCATION_NOT_MEASURED,,,UNBOUND
SBP063,run,main_after_sense,14.834903453911995,ASSUMING_ON_DC_ALLOCATION_NOT_MEASURED,,,UNBOUND
SBP063,run,auxiliary_branch,0.028886256123043876,ASSUMING_ON_DC_ALLOCATION_NOT_MEASURED,,,UNBOUND
SBP063,run,controller_allocation,0.0648443368496027,ASSUMING_ON_DC_ALLOCATION_NOT_MEASURED,,,UNBOUND
SBP063,run,input_capacitor_leakage,0.06253337054880809,ASSUMING_ON_DC_ALLOCATION_NOT_MEASURED,,,UNBOUND
SBP063,run,CHB_conversion,40.11111111111113,ASSUMING_ON_DC_ALLOCATION_NOT_MEASURED,,,UNBOUND
SBP063,run,THN_conversion,1.8666666666666676,ASSUMING_ON_DC_ALLOCATION_NOT_MEASURED,,,UNBOUND
SBP063,run,startup_bias_allocation,0.25,ASSUMING_ON_DC_ALLOCATION_NOT_MEASURED,,,UNBOUND
SBP063,cold,shared_contact_loop,0.0,MAIN_SWITCH_OPEN_AUX_ON_ALLOCATION_NOT_MEASURED,,,UNBOUND
SBP063,cold,main_before_sense,1.8e-07,MAIN_SWITCH_OPEN_AUX_ON_ALLOCATION_NOT_MEASURED,,,UNBOUND
SBP063,cold,main_after_sense,0.0,MAIN_SWITCH_OPEN_AUX_ON_ALLOCATION_NOT_MEASURED,,,UNBOUND
SBP063,cold,auxiliary_branch,0.028886256123043876,MAIN_SWITCH_OPEN_AUX_ON_ALLOCATION_NOT_MEASURED,,,UNBOUND
SBP063,cold,controller_allocation,0.06599982,MAIN_SWITCH_OPEN_AUX_ON_ALLOCATION_NOT_MEASURED,,,UNBOUND
SBP063,cold,input_capacitor_leakage,0.0,MAIN_SWITCH_OPEN_AUX_ON_ALLOCATION_NOT_MEASURED,,,UNBOUND
SBP063,cold,THN_conversion,1.8666666666666676,MAIN_SWITCH_OPEN_AUX_ON_ALLOCATION_NOT_MEASURED,,,UNBOUND
SBP063,cold,startup_bias_allocation,0,MAIN_SWITCH_OPEN_AUX_ON_ALLOCATION_NOT_MEASURED,,,UNBOUND
SBP064,run,shared_contact_loop,4.50651044171982,ASSUMING_ON_DC_ALLOCATION_NOT_MEASURED,,,UNBOUND
SBP064,run,main_before_sense,2.0531339907649393,ASSUMING_ON_DC_ALLOCATION_NOT_MEASURED,,,UNBOUND
SBP064,run,main_after_sense,14.367682825370094,ASSUMING_ON_DC_ALLOCATION_NOT_MEASURED,,,UNBOUND
SBP064,run,auxiliary_branch,0.016748665618369542,ASSUMING_ON_DC_ALLOCATION_NOT_MEASURED,,,UNBOUND
SBP064,run,controller_allocation,0.0650591847781073,ASSUMING_ON_DC_ALLOCATION_NOT_MEASURED,,,UNBOUND
SBP064,run,input_capacitor_leakage,0.06293178728586672,ASSUMING_ON_DC_ALLOCATION_NOT_MEASURED,,,UNBOUND
SBP064,run,CHB_conversion,63.70588235294119,ASSUMING_ON_DC_ALLOCATION_NOT_MEASURED,,,UNBOUND
SBP064,run,THN_conversion,4.2,ASSUMING_ON_DC_ALLOCATION_NOT_MEASURED,,,UNBOUND
SBP064,run,startup_bias_allocation,0.25,ASSUMING_ON_DC_ALLOCATION_NOT_MEASURED,,,UNBOUND
SBP064,cold,shared_contact_loop,0.009191234099644282,MAIN_SWITCH_OPEN_AUX_ON_ALLOCATION_NOT_MEASURED,,,UNBOUND
SBP064,cold,main_before_sense,4.5e-08,MAIN_SWITCH_OPEN_AUX_ON_ALLOCATION_NOT_MEASURED,,,UNBOUND
SBP064,cold,main_after_sense,0.0,MAIN_SWITCH_OPEN_AUX_ON_ALLOCATION_NOT_MEASURED,,,UNBOUND
SBP064,cold,auxiliary_branch,0.016440842781264925,MAIN_SWITCH_OPEN_AUX_ON_ALLOCATION_NOT_MEASURED,,,UNBOUND
SBP064,cold,controller_allocation,0.06597119372275145,MAIN_SWITCH_OPEN_AUX_ON_ALLOCATION_NOT_MEASURED,,,UNBOUND
SBP064,cold,input_capacitor_leakage,0.0,MAIN_SWITCH_OPEN_AUX_ON_ALLOCATION_NOT_MEASURED,,,UNBOUND
SBP064,cold,THN_conversion,4.2,MAIN_SWITCH_OPEN_AUX_ON_ALLOCATION_NOT_MEASURED,,,UNBOUND
SBP064,cold,startup_bias_allocation,0,MAIN_SWITCH_OPEN_AUX_ON_ALLOCATION_NOT_MEASURED,,,UNBOUND
SBP065,run,shared_contact_loop,4.460610023342006,ASSUMING_ON_DC_ALLOCATION_NOT_MEASURED,,,UNBOUND
SBP065,run,main_before_sense,2.0529133838201816,ASSUMING_ON_DC_ALLOCATION_NOT_MEASURED,,,UNBOUND
SBP065,run,main_after_sense,14.366138805383253,ASSUMING_ON_DC_ALLOCATION_NOT_MEASURED,,,UNBOUND
SBP065,run,auxiliary_branch,0.013229848602883591,ASSUMING_ON_DC_ALLOCATION_NOT_MEASURED,,,UNBOUND
SBP065,run,controller_allocation,0.06506245271385822,ASSUMING_ON_DC_ALLOCATION_NOT_MEASURED,,,UNBOUND
SBP065,run,input_capacitor_leakage,0.06293516953484896,ASSUMING_ON_DC_ALLOCATION_NOT_MEASURED,,,UNBOUND
SBP065,run,CHB_conversion,63.70588235294119,ASSUMING_ON_DC_ALLOCATION_NOT_MEASURED,,,UNBOUND
SBP065,run,THN_conversion,1.8666666666666676,ASSUMING_ON_DC_ALLOCATION_NOT_MEASURED,,,UNBOUND
SBP065,run,startup_bias_allocation,0.25,ASSUMING_ON_DC_ALLOCATION_NOT_MEASURED,,,UNBOUND
SBP065,cold,shared_contact_loop,0.007265930287959902,MAIN_SWITCH_OPEN_AUX_ON_ALLOCATION_NOT_MEASURED,,,UNBOUND
SBP065,cold,main_before_sense,4.5e-08,MAIN_SWITCH_OPEN_AUX_ON_ALLOCATION_NOT_MEASURED,,,UNBOUND
SBP065,cold,main_after_sense,0.0,MAIN_SWITCH_OPEN_AUX_ON_ALLOCATION_NOT_MEASURED,,,UNBOUND
SBP065,cold,auxiliary_branch,0.012986776857846827,MAIN_SWITCH_OPEN_AUX_ON_ALLOCATION_NOT_MEASURED,,,UNBOUND
SBP065,cold,controller_allocation,0.06597438287208862,MAIN_SWITCH_OPEN_AUX_ON_ALLOCATION_NOT_MEASURED,,,UNBOUND
SBP065,cold,input_capacitor_leakage,0.0,MAIN_SWITCH_OPEN_AUX_ON_ALLOCATION_NOT_MEASURED,,,UNBOUND
SBP065,cold,THN_conversion,1.8666666666666676,MAIN_SWITCH_OPEN_AUX_ON_ALLOCATION_NOT_MEASURED,,,UNBOUND
SBP065,cold,startup_bias_allocation,0,MAIN_SWITCH_OPEN_AUX_ON_ALLOCATION_NOT_MEASURED,,,UNBOUND
SBP066,run,shared_contact_loop,4.0198842544388045,ASSUMING_ON_DC_ALLOCATION_NOT_MEASURED,,,UNBOUND
SBP066,run,main_before_sense,1.8212924005836473,ASSUMING_ON_DC_ALLOCATION_NOT_MEASURED,,,UNBOUND
SBP066,run,main_after_sense,12.7450391521479,ASSUMING_ON_DC_ALLOCATION_NOT_MEASURED,,,UNBOUND
SBP066,run,auxiliary_branch,0.016730526634089974,ASSUMING_ON_DC_ALLOCATION_NOT_MEASURED,,,UNBOUND
SBP066,run,controller_allocation,0.0651122271769973,ASSUMING_ON_DC_ALLOCATION_NOT_MEASURED,,,UNBOUND
SBP066,run,input_capacitor_leakage,0.06310855870818152,ASSUMING_ON_DC_ALLOCATION_NOT_MEASURED,,,UNBOUND
SBP066,run,CHB_conversion,40.11111111111113,ASSUMING_ON_DC_ALLOCATION_NOT_MEASURED,,,UNBOUND
SBP066,run,THN_conversion,4.2,ASSUMING_ON_DC_ALLOCATION_NOT_MEASURED,,,UNBOUND
SBP066,run,startup_bias_allocation,0.25,ASSUMING_ON_DC_ALLOCATION_NOT_MEASURED,,,UNBOUND
SBP066,cold,shared_contact_loop,0.009191234099644282,MAIN_SWITCH_OPEN_AUX_ON_ALLOCATION_NOT_MEASURED,,,UNBOUND
SBP066,cold,main_before_sense,4.5e-08,MAIN_SWITCH_OPEN_AUX_ON_ALLOCATION_NOT_MEASURED,,,UNBOUND
SBP066,cold,main_after_sense,0.0,MAIN_SWITCH_OPEN_AUX_ON_ALLOCATION_NOT_MEASURED,,,UNBOUND
SBP066,cold,auxiliary_branch,0.016440842781264925,MAIN_SWITCH_OPEN_AUX_ON_ALLOCATION_NOT_MEASURED,,,UNBOUND
SBP066,cold,controller_allocation,0.06597119372275145,MAIN_SWITCH_OPEN_AUX_ON_ALLOCATION_NOT_MEASURED,,,UNBOUND
SBP066,cold,input_capacitor_leakage,0.0,MAIN_SWITCH_OPEN_AUX_ON_ALLOCATION_NOT_MEASURED,,,UNBOUND
SBP066,cold,THN_conversion,4.2,MAIN_SWITCH_OPEN_AUX_ON_ALLOCATION_NOT_MEASURED,,,UNBOUND
SBP066,cold,startup_bias_allocation,0,MAIN_SWITCH_OPEN_AUX_ON_ALLOCATION_NOT_MEASURED,,,UNBOUND
SBP067,run,shared_contact_loop,3.9765904867088233,ASSUMING_ON_DC_ALLOCATION_NOT_MEASURED,,,UNBOUND
SBP067,run,main_before_sense,1.8210979621787728,ASSUMING_ON_DC_ALLOCATION_NOT_MEASURED,,,UNBOUND
SBP067,run,main_after_sense,12.743678297261715,ASSUMING_ON_DC_ALLOCATION_NOT_MEASURED,,,UNBOUND
SBP067,run,auxiliary_branch,0.013215525345392559,ASSUMING_ON_DC_ALLOCATION_NOT_MEASURED,,,UNBOUND
SBP067,run,controller_allocation,0.06511549021912351,ASSUMING_ON_DC_ALLOCATION_NOT_MEASURED,,,UNBOUND
SBP067,run,input_capacitor_leakage,0.06311192872427554,ASSUMING_ON_DC_ALLOCATION_NOT_MEASURED,,,UNBOUND
SBP067,run,CHB_conversion,40.11111111111113,ASSUMING_ON_DC_ALLOCATION_NOT_MEASURED,,,UNBOUND
SBP067,run,THN_conversion,1.8666666666666676,ASSUMING_ON_DC_ALLOCATION_NOT_MEASURED,,,UNBOUND
SBP067,run,startup_bias_allocation,0.25,ASSUMING_ON_DC_ALLOCATION_NOT_MEASURED,,,UNBOUND
SBP067,cold,shared_contact_loop,0.007265930287959902,MAIN_SWITCH_OPEN_AUX_ON_ALLOCATION_NOT_MEASURED,,,UNBOUND
SBP067,cold,main_before_sense,4.5e-08,MAIN_SWITCH_OPEN_AUX_ON_ALLOCATION_NOT_MEASURED,,,UNBOUND
SBP067,cold,main_after_sense,0.0,MAIN_SWITCH_OPEN_AUX_ON_ALLOCATION_NOT_MEASURED,,,UNBOUND
SBP067,cold,auxiliary_branch,0.012986776857846827,MAIN_SWITCH_OPEN_AUX_ON_ALLOCATION_NOT_MEASURED,,,UNBOUND
SBP067,cold,controller_allocation,0.06597438287208862,MAIN_SWITCH_OPEN_AUX_ON_ALLOCATION_NOT_MEASURED,,,UNBOUND
SBP067,cold,input_capacitor_leakage,0.0,MAIN_SWITCH_OPEN_AUX_ON_ALLOCATION_NOT_MEASURED,,,UNBOUND
SBP067,cold,THN_conversion,1.8666666666666676,MAIN_SWITCH_OPEN_AUX_ON_ALLOCATION_NOT_MEASURED,,,UNBOUND
SBP067,cold,startup_bias_allocation,0,MAIN_SWITCH_OPEN_AUX_ON_ALLOCATION_NOT_MEASURED,,,UNBOUND
SBP068,run,shared_contact_loop,4.506915017699489,ASSUMING_ON_DC_ALLOCATION_NOT_MEASURED,,,UNBOUND
SBP068,run,main_before_sense,2.053135930395575,ASSUMING_ON_DC_ALLOCATION_NOT_MEASURED,,,UNBOUND
SBP068,run,main_after_sense,14.36769640077446,ASSUMING_ON_DC_ALLOCATION_NOT_MEASURED,,,UNBOUND
SBP068,run,auxiliary_branch,0.037292087163197554,ASSUMING_ON_DC_ALLOCATION_NOT_MEASURED,,,UNBOUND
SBP068,run,controller_allocation,0.06505915604800147,ASSUMING_ON_DC_ALLOCATION_NOT_MEASURED,,,UNBOUND
SBP068,run,input_capacitor_leakage,0.062931757550718,ASSUMING_ON_DC_ALLOCATION_NOT_MEASURED,,,UNBOUND
SBP068,run,CHB_conversion,63.70588235294119,ASSUMING_ON_DC_ALLOCATION_NOT_MEASURED,,,UNBOUND
SBP068,run,THN_conversion,4.2,ASSUMING_ON_DC_ALLOCATION_NOT_MEASURED,,,UNBOUND
SBP068,run,startup_bias_allocation,0.25,ASSUMING_ON_DC_ALLOCATION_NOT_MEASURED,,,UNBOUND
SBP068,cold,shared_contact_loop,0.009208832308256752,MAIN_SWITCH_OPEN_AUX_ON_ALLOCATION_NOT_MEASURED,,,UNBOUND
SBP068,cold,main_before_sense,4.5e-08,MAIN_SWITCH_OPEN_AUX_ON_ALLOCATION_NOT_MEASURED,,,UNBOUND
SBP068,cold,main_after_sense,0.0,MAIN_SWITCH_OPEN_AUX_ON_ALLOCATION_NOT_MEASURED,,,UNBOUND
SBP068,cold,auxiliary_branch,0.0366053788466013,MAIN_SWITCH_OPEN_AUX_ON_ALLOCATION_NOT_MEASURED,,,UNBOUND
SBP068,cold,controller_allocation,0.06597116620169678,MAIN_SWITCH_OPEN_AUX_ON_ALLOCATION_NOT_MEASURED,,,UNBOUND
SBP068,cold,input_capacitor_leakage,0.0,MAIN_SWITCH_OPEN_AUX_ON_ALLOCATION_NOT_MEASURED,,,UNBOUND
SBP068,cold,THN_conversion,4.2,MAIN_SWITCH_OPEN_AUX_ON_ALLOCATION_NOT_MEASURED,,,UNBOUND
SBP068,cold,startup_bias_allocation,0,MAIN_SWITCH_OPEN_AUX_ON_ALLOCATION_NOT_MEASURED,,,UNBOUND
SBP069,run,shared_contact_loop,4.460927808692156,ASSUMING_ON_DC_ALLOCATION_NOT_MEASURED,,,UNBOUND
SBP069,run,main_before_sense,2.0529149149285555,ASSUMING_ON_DC_ALLOCATION_NOT_MEASURED,,,UNBOUND
SBP069,run,main_after_sense,14.36614952155506,ASSUMING_ON_DC_ALLOCATION_NOT_MEASURED,,,UNBOUND
SBP069,run,auxiliary_branch,0.02945076518289658,ASSUMING_ON_DC_ALLOCATION_NOT_MEASURED,,,UNBOUND
SBP069,run,controller_allocation,0.06506243003110143,ASSUMING_ON_DC_ALLOCATION_NOT_MEASURED,,,UNBOUND
SBP069,run,input_capacitor_leakage,0.06293514605868734,ASSUMING_ON_DC_ALLOCATION_NOT_MEASURED,,,UNBOUND
SBP069,run,CHB_conversion,63.70588235294119,ASSUMING_ON_DC_ALLOCATION_NOT_MEASURED,,,UNBOUND
SBP069,run,THN_conversion,1.8666666666666676,ASSUMING_ON_DC_ALLOCATION_NOT_MEASURED,,,UNBOUND
SBP069,run,startup_bias_allocation,0.25,ASSUMING_ON_DC_ALLOCATION_NOT_MEASURED,,,UNBOUND
SBP069,cold,shared_contact_loop,0.007278283226771271,MAIN_SWITCH_OPEN_AUX_ON_ALLOCATION_NOT_MEASURED,,,UNBOUND
SBP069,cold,main_before_sense,4.5e-08,MAIN_SWITCH_OPEN_AUX_ON_ALLOCATION_NOT_MEASURED,,,UNBOUND
SBP069,cold,main_after_sense,0.0,MAIN_SWITCH_OPEN_AUX_ON_ALLOCATION_NOT_MEASURED,,,UNBOUND
SBP069,cold,auxiliary_branch,0.028908742055105897,MAIN_SWITCH_OPEN_AUX_ON_ALLOCATION_NOT_MEASURED,,,UNBOUND
SBP069,cold,controller_allocation,0.06597436114350261,MAIN_SWITCH_OPEN_AUX_ON_ALLOCATION_NOT_MEASURED,,,UNBOUND
SBP069,cold,input_capacitor_leakage,0.0,MAIN_SWITCH_OPEN_AUX_ON_ALLOCATION_NOT_MEASURED,,,UNBOUND
SBP069,cold,THN_conversion,1.8666666666666676,MAIN_SWITCH_OPEN_AUX_ON_ALLOCATION_NOT_MEASURED,,,UNBOUND
SBP069,cold,startup_bias_allocation,0,MAIN_SWITCH_OPEN_AUX_ON_ALLOCATION_NOT_MEASURED,,,UNBOUND
SBP070,run,shared_contact_loop,4.020265497309728,ASSUMING_ON_DC_ALLOCATION_NOT_MEASURED,,,UNBOUND
SBP070,run,main_before_sense,1.8212941082774066,ASSUMING_ON_DC_ALLOCATION_NOT_MEASURED,,,UNBOUND
SBP070,run,main_after_sense,12.745051104125226,ASSUMING_ON_DC_ALLOCATION_NOT_MEASURED,,,UNBOUND
SBP070,run,auxiliary_branch,0.03725162033075677,ASSUMING_ON_DC_ALLOCATION_NOT_MEASURED,,,UNBOUND
SBP070,run,controller_allocation,0.06511219852105016,ASSUMING_ON_DC_ALLOCATION_NOT_MEASURED,,,UNBOUND
SBP070,run,input_capacitor_leakage,0.06310852911273963,ASSUMING_ON_DC_ALLOCATION_NOT_MEASURED,,,UNBOUND
SBP070,run,CHB_conversion,40.11111111111113,ASSUMING_ON_DC_ALLOCATION_NOT_MEASURED,,,UNBOUND
SBP070,run,THN_conversion,4.2,ASSUMING_ON_DC_ALLOCATION_NOT_MEASURED,,,UNBOUND
SBP070,run,startup_bias_allocation,0.25,ASSUMING_ON_DC_ALLOCATION_NOT_MEASURED,,,UNBOUND
SBP070,cold,shared_contact_loop,0.009208832308256752,MAIN_SWITCH_OPEN_AUX_ON_ALLOCATION_NOT_MEASURED,,,UNBOUND
SBP070,cold,main_before_sense,4.5e-08,MAIN_SWITCH_OPEN_AUX_ON_ALLOCATION_NOT_MEASURED,,,UNBOUND
SBP070,cold,main_after_sense,0.0,MAIN_SWITCH_OPEN_AUX_ON_ALLOCATION_NOT_MEASURED,,,UNBOUND
SBP070,cold,auxiliary_branch,0.0366053788466013,MAIN_SWITCH_OPEN_AUX_ON_ALLOCATION_NOT_MEASURED,,,UNBOUND
SBP070,cold,controller_allocation,0.06597116620169678,MAIN_SWITCH_OPEN_AUX_ON_ALLOCATION_NOT_MEASURED,,,UNBOUND
SBP070,cold,input_capacitor_leakage,0.0,MAIN_SWITCH_OPEN_AUX_ON_ALLOCATION_NOT_MEASURED,,,UNBOUND
SBP070,cold,THN_conversion,4.2,MAIN_SWITCH_OPEN_AUX_ON_ALLOCATION_NOT_MEASURED,,,UNBOUND
SBP070,cold,startup_bias_allocation,0,MAIN_SWITCH_OPEN_AUX_ON_ALLOCATION_NOT_MEASURED,,,UNBOUND
SBP071,run,shared_contact_loop,3.9768898562262347,ASSUMING_ON_DC_ALLOCATION_NOT_MEASURED,,,UNBOUND
SBP071,run,main_before_sense,1.8210993102037,ASSUMING_ON_DC_ALLOCATION_NOT_MEASURED,,,UNBOUND
SBP071,run,main_after_sense,12.743687731952882,ASSUMING_ON_DC_ALLOCATION_NOT_MEASURED,,,UNBOUND
SBP071,run,auxiliary_branch,0.029418824937244865,ASSUMING_ON_DC_ALLOCATION_NOT_MEASURED,,,UNBOUND
SBP071,run,controller_allocation,0.06511546759489124,ASSUMING_ON_DC_ALLOCATION_NOT_MEASURED,,,UNBOUND
SBP071,run,input_capacitor_leakage,0.06311190535838218,ASSUMING_ON_DC_ALLOCATION_NOT_MEASURED,,,UNBOUND
SBP071,run,CHB_conversion,40.11111111111113,ASSUMING_ON_DC_ALLOCATION_NOT_MEASURED,,,UNBOUND
SBP071,run,THN_conversion,1.8666666666666676,ASSUMING_ON_DC_ALLOCATION_NOT_MEASURED,,,UNBOUND
SBP071,run,startup_bias_allocation,0.25,ASSUMING_ON_DC_ALLOCATION_NOT_MEASURED,,,UNBOUND
SBP071,cold,shared_contact_loop,0.007278283226771271,MAIN_SWITCH_OPEN_AUX_ON_ALLOCATION_NOT_MEASURED,,,UNBOUND
SBP071,cold,main_before_sense,4.5e-08,MAIN_SWITCH_OPEN_AUX_ON_ALLOCATION_NOT_MEASURED,,,UNBOUND
SBP071,cold,main_after_sense,0.0,MAIN_SWITCH_OPEN_AUX_ON_ALLOCATION_NOT_MEASURED,,,UNBOUND
SBP071,cold,auxiliary_branch,0.028908742055105897,MAIN_SWITCH_OPEN_AUX_ON_ALLOCATION_NOT_MEASURED,,,UNBOUND
SBP071,cold,controller_allocation,0.06597436114350261,MAIN_SWITCH_OPEN_AUX_ON_ALLOCATION_NOT_MEASURED,,,UNBOUND
SBP071,cold,input_capacitor_leakage,0.0,MAIN_SWITCH_OPEN_AUX_ON_ALLOCATION_NOT_MEASURED,,,UNBOUND
SBP071,cold,THN_conversion,1.8666666666666676,MAIN_SWITCH_OPEN_AUX_ON_ALLOCATION_NOT_MEASURED,,,UNBOUND
SBP071,cold,startup_bias_allocation,0,MAIN_SWITCH_OPEN_AUX_ON_ALLOCATION_NOT_MEASURED,,,UNBOUND
SBP072,run,shared_contact_loop,4.690703135643323,ASSUMING_ON_DC_ALLOCATION_NOT_MEASURED,,,UNBOUND
SBP072,run,main_before_sense,8.564192059213106,ASSUMING_ON_DC_ALLOCATION_NOT_MEASURED,,,UNBOUND
SBP072,run,main_after_sense,17.123418104182303,ASSUMING_ON_DC_ALLOCATION_NOT_MEASURED,,,UNBOUND
SBP072,run,auxiliary_branch,0.01675528124557466,ASSUMING_ON_DC_ALLOCATION_NOT_MEASURED,,,UNBOUND
SBP072,run,controller_allocation,0.0641086655043365,ASSUMING_ON_DC_ALLOCATION_NOT_MEASURED,,,UNBOUND
SBP072,run,input_capacitor_leakage,0.06162583838238346,ASSUMING_ON_DC_ALLOCATION_NOT_MEASURED,,,UNBOUND
SBP072,run,CHB_conversion,63.70588235294119,ASSUMING_ON_DC_ALLOCATION_NOT_MEASURED,,,UNBOUND
SBP072,run,THN_conversion,4.2,ASSUMING_ON_DC_ALLOCATION_NOT_MEASURED,,,UNBOUND
SBP072,run,startup_bias_allocation,0.25,ASSUMING_ON_DC_ALLOCATION_NOT_MEASURED,,,UNBOUND
SBP072,cold,shared_contact_loop,0.009191234099644282,MAIN_SWITCH_OPEN_AUX_ON_ALLOCATION_NOT_MEASURED,,,UNBOUND
SBP072,cold,main_before_sense,1.8e-07,MAIN_SWITCH_OPEN_AUX_ON_ALLOCATION_NOT_MEASURED,,,UNBOUND
SBP072,cold,main_after_sense,0.0,MAIN_SWITCH_OPEN_AUX_ON_ALLOCATION_NOT_MEASURED,,,UNBOUND
SBP072,cold,auxiliary_branch,0.016440842781264925,MAIN_SWITCH_OPEN_AUX_ON_ALLOCATION_NOT_MEASURED,,,UNBOUND
SBP072,cold,controller_allocation,0.06597105872275145,MAIN_SWITCH_OPEN_AUX_ON_ALLOCATION_NOT_MEASURED,,,UNBOUND
SBP072,cold,input_capacitor_leakage,0.0,MAIN_SWITCH_OPEN_AUX_ON_ALLOCATION_NOT_MEASURED,,,UNBOUND
SBP072,cold,THN_conversion,4.2,MAIN_SWITCH_OPEN_AUX_ON_ALLOCATION_NOT_MEASURED,,,UNBOUND
SBP072,cold,startup_bias_allocation,0,MAIN_SWITCH_OPEN_AUX_ON_ALLOCATION_NOT_MEASURED,,,UNBOUND
SBP073,run,shared_contact_loop,4.643830648424563,ASSUMING_ON_DC_ALLOCATION_NOT_MEASURED,,,UNBOUND
SBP073,run,main_before_sense,8.563229700498908,ASSUMING_ON_DC_ALLOCATION_NOT_MEASURED,,,UNBOUND
SBP073,run,main_after_sense,17.121493665797615,ASSUMING_ON_DC_ALLOCATION_NOT_MEASURED,,,UNBOUND
SBP073,run,auxiliary_branch,0.01323507196996972,ASSUMING_ON_DC_ALLOCATION_NOT_MEASURED,,,UNBOUND
SBP073,run,controller_allocation,0.06411198972804374,ASSUMING_ON_DC_ALLOCATION_NOT_MEASURED,,,UNBOUND
SBP073,run,input_capacitor_leakage,0.06162930212794438,ASSUMING_ON_DC_ALLOCATION_NOT_MEASURED,,,UNBOUND
SBP073,run,CHB_conversion,63.70588235294119,ASSUMING_ON_DC_ALLOCATION_NOT_MEASURED,,,UNBOUND
SBP073,run,THN_conversion,1.8666666666666676,ASSUMING_ON_DC_ALLOCATION_NOT_MEASURED,,,UNBOUND
SBP073,run,startup_bias_allocation,0.25,ASSUMING_ON_DC_ALLOCATION_NOT_MEASURED,,,UNBOUND
SBP073,cold,shared_contact_loop,0.007265930287959902,MAIN_SWITCH_OPEN_AUX_ON_ALLOCATION_NOT_MEASURED,,,UNBOUND
SBP073,cold,main_before_sense,1.8e-07,MAIN_SWITCH_OPEN_AUX_ON_ALLOCATION_NOT_MEASURED,,,UNBOUND
SBP073,cold,main_after_sense,0.0,MAIN_SWITCH_OPEN_AUX_ON_ALLOCATION_NOT_MEASURED,,,UNBOUND
SBP073,cold,auxiliary_branch,0.012986776857846827,MAIN_SWITCH_OPEN_AUX_ON_ALLOCATION_NOT_MEASURED,,,UNBOUND
SBP073,cold,controller_allocation,0.06597424787208861,MAIN_SWITCH_OPEN_AUX_ON_ALLOCATION_NOT_MEASURED,,,UNBOUND
SBP073,cold,input_capacitor_leakage,0.0,MAIN_SWITCH_OPEN_AUX_ON_ALLOCATION_NOT_MEASURED,,,UNBOUND
SBP073,cold,THN_conversion,1.8666666666666676,MAIN_SWITCH_OPEN_AUX_ON_ALLOCATION_NOT_MEASURED,,,UNBOUND
SBP073,cold,startup_bias_allocation,0,MAIN_SWITCH_OPEN_AUX_ON_ALLOCATION_NOT_MEASURED,,,UNBOUND
SBP074,run,shared_contact_loop,4.172746338784989,ASSUMING_ON_DC_ALLOCATION_NOT_MEASURED,,,UNBOUND
SBP074,run,main_before_sense,7.576199852905384,ASSUMING_ON_DC_ALLOCATION_NOT_MEASURED,,,UNBOUND
SBP074,run,main_after_sense,15.147728935800117,ASSUMING_ON_DC_ALLOCATION_NOT_MEASURED,,,UNBOUND
SBP074,run,auxiliary_branch,0.016736334145928677,ASSUMING_ON_DC_ALLOCATION_NOT_MEASURED,,,UNBOUND
SBP074,run,controller_allocation,0.06421939846165915,ASSUMING_ON_DC_ALLOCATION_NOT_MEASURED,,,UNBOUND
SBP074,run,input_capacitor_leakage,0.06188419345633563,ASSUMING_ON_DC_ALLOCATION_NOT_MEASURED,,,UNBOUND
SBP074,run,CHB_conversion,40.11111111111113,ASSUMING_ON_DC_ALLOCATION_NOT_MEASURED,,,UNBOUND
SBP074,run,THN_conversion,4.2,ASSUMING_ON_DC_ALLOCATION_NOT_MEASURED,,,UNBOUND
SBP074,run,startup_bias_allocation,0.25,ASSUMING_ON_DC_ALLOCATION_NOT_MEASURED,,,UNBOUND
SBP074,cold,shared_contact_loop,0.009191234099644282,MAIN_SWITCH_OPEN_AUX_ON_ALLOCATION_NOT_MEASURED,,,UNBOUND
SBP074,cold,main_before_sense,1.8e-07,MAIN_SWITCH_OPEN_AUX_ON_ALLOCATION_NOT_MEASURED,,,UNBOUND
SBP074,cold,main_after_sense,0.0,MAIN_SWITCH_OPEN_AUX_ON_ALLOCATION_NOT_MEASURED,,,UNBOUND
SBP074,cold,auxiliary_branch,0.016440842781264925,MAIN_SWITCH_OPEN_AUX_ON_ALLOCATION_NOT_MEASURED,,,UNBOUND
SBP074,cold,controller_allocation,0.06597105872275145,MAIN_SWITCH_OPEN_AUX_ON_ALLOCATION_NOT_MEASURED,,,UNBOUND
SBP074,cold,input_capacitor_leakage,0.0,MAIN_SWITCH_OPEN_AUX_ON_ALLOCATION_NOT_MEASURED,,,UNBOUND
SBP074,cold,THN_conversion,4.2,MAIN_SWITCH_OPEN_AUX_ON_ALLOCATION_NOT_MEASURED,,,UNBOUND
SBP074,cold,startup_bias_allocation,0,MAIN_SWITCH_OPEN_AUX_ON_ALLOCATION_NOT_MEASURED,,,UNBOUND
SBP075,run,shared_contact_loop,4.1286011466969175,ASSUMING_ON_DC_ALLOCATION_NOT_MEASURED,,,UNBOUND
SBP075,run,main_before_sense,7.57535661855333,ASSUMING_ON_DC_ALLOCATION_NOT_MEASURED,,,UNBOUND
SBP075,run,main_after_sense,15.146042727052647,ASSUMING_ON_DC_ALLOCATION_NOT_MEASURED,,,UNBOUND
SBP075,run,auxiliary_branch,0.01322011067697703,ASSUMING_ON_DC_ALLOCATION_NOT_MEASURED,,,UNBOUND
SBP075,run,controller_allocation,0.06422271370186179,ASSUMING_ON_DC_ALLOCATION_NOT_MEASURED,,,UNBOUND
SBP075,run,input_capacitor_leakage,0.061887638674857526,ASSUMING_ON_DC_ALLOCATION_NOT_MEASURED,,,UNBOUND
SBP075,run,CHB_conversion,40.11111111111113,ASSUMING_ON_DC_ALLOCATION_NOT_MEASURED,,,UNBOUND
SBP075,run,THN_conversion,1.8666666666666676,ASSUMING_ON_DC_ALLOCATION_NOT_MEASURED,,,UNBOUND
SBP075,run,startup_bias_allocation,0.25,ASSUMING_ON_DC_ALLOCATION_NOT_MEASURED,,,UNBOUND
SBP075,cold,shared_contact_loop,0.007265930287959902,MAIN_SWITCH_OPEN_AUX_ON_ALLOCATION_NOT_MEASURED,,,UNBOUND
SBP075,cold,main_before_sense,1.8e-07,MAIN_SWITCH_OPEN_AUX_ON_ALLOCATION_NOT_MEASURED,,,UNBOUND
SBP075,cold,main_after_sense,0.0,MAIN_SWITCH_OPEN_AUX_ON_ALLOCATION_NOT_MEASURED,,,UNBOUND
SBP075,cold,auxiliary_branch,0.012986776857846827,MAIN_SWITCH_OPEN_AUX_ON_ALLOCATION_NOT_MEASURED,,,UNBOUND
SBP075,cold,controller_allocation,0.06597424787208861,MAIN_SWITCH_OPEN_AUX_ON_ALLOCATION_NOT_MEASURED,,,UNBOUND
SBP075,cold,input_capacitor_leakage,0.0,MAIN_SWITCH_OPEN_AUX_ON_ALLOCATION_NOT_MEASURED,,,UNBOUND
SBP075,cold,THN_conversion,1.8666666666666676,MAIN_SWITCH_OPEN_AUX_ON_ALLOCATION_NOT_MEASURED,,,UNBOUND
SBP075,cold,startup_bias_allocation,0,MAIN_SWITCH_OPEN_AUX_ON_ALLOCATION_NOT_MEASURED,,,UNBOUND
SBP076,run,shared_contact_loop,4.691116422986654,ASSUMING_ON_DC_ALLOCATION_NOT_MEASURED,,,UNBOUND
SBP076,run,main_before_sense,8.56420052390226,ASSUMING_ON_DC_ALLOCATION_NOT_MEASURED,,,UNBOUND
SBP076,run,main_after_sense,17.123435031106272,ASSUMING_ON_DC_ALLOCATION_NOT_MEASURED,,,UNBOUND
SBP076,run,auxiliary_branch,0.037306846232229525,ASSUMING_ON_DC_ALLOCATION_NOT_MEASURED,,,UNBOUND
SBP076,run,controller_allocation,0.06410863626777409,ASSUMING_ON_DC_ALLOCATION_NOT_MEASURED,,,UNBOUND
SBP076,run,input_capacitor_leakage,0.06162580791865322,ASSUMING_ON_DC_ALLOCATION_NOT_MEASURED,,,UNBOUND
SBP076,run,CHB_conversion,63.70588235294119,ASSUMING_ON_DC_ALLOCATION_NOT_MEASURED,,,UNBOUND
SBP076,run,THN_conversion,4.2,ASSUMING_ON_DC_ALLOCATION_NOT_MEASURED,,,UNBOUND
SBP076,run,startup_bias_allocation,0.25,ASSUMING_ON_DC_ALLOCATION_NOT_MEASURED,,,UNBOUND
SBP076,cold,shared_contact_loop,0.009208832308256752,MAIN_SWITCH_OPEN_AUX_ON_ALLOCATION_NOT_MEASURED,,,UNBOUND
SBP076,cold,main_before_sense,1.8e-07,MAIN_SWITCH_OPEN_AUX_ON_ALLOCATION_NOT_MEASURED,,,UNBOUND
SBP076,cold,main_after_sense,0.0,MAIN_SWITCH_OPEN_AUX_ON_ALLOCATION_NOT_MEASURED,,,UNBOUND
SBP076,cold,auxiliary_branch,0.0366053788466013,MAIN_SWITCH_OPEN_AUX_ON_ALLOCATION_NOT_MEASURED,,,UNBOUND
SBP076,cold,controller_allocation,0.06597103120169678,MAIN_SWITCH_OPEN_AUX_ON_ALLOCATION_NOT_MEASURED,,,UNBOUND
SBP076,cold,input_capacitor_leakage,0.0,MAIN_SWITCH_OPEN_AUX_ON_ALLOCATION_NOT_MEASURED,,,UNBOUND
SBP076,cold,THN_conversion,4.2,MAIN_SWITCH_OPEN_AUX_ON_ALLOCATION_NOT_MEASURED,,,UNBOUND
SBP076,cold,startup_bias_allocation,0,MAIN_SWITCH_OPEN_AUX_ON_ALLOCATION_NOT_MEASURED,,,UNBOUND
SBP077,run,shared_contact_loop,4.644155307788229,ASSUMING_ON_DC_ALLOCATION_NOT_MEASURED,,,UNBOUND
SBP077,run,main_before_sense,8.563236382294322,ASSUMING_ON_DC_ALLOCATION_NOT_MEASURED,,,UNBOUND
SBP077,run,main_after_sense,17.12150702745095,ASSUMING_ON_DC_ALLOCATION_NOT_MEASURED,,,UNBOUND
SBP077,run,auxiliary_branch,0.029462413105088504,ASSUMING_ON_DC_ALLOCATION_NOT_MEASURED,,,UNBOUND
SBP077,run,controller_allocation,0.06411196664549257,ASSUMING_ON_DC_ALLOCATION_NOT_MEASURED,,,UNBOUND
SBP077,run,input_capacitor_leakage,0.06162927807664582,ASSUMING_ON_DC_ALLOCATION_NOT_MEASURED,,,UNBOUND
SBP077,run,CHB_conversion,63.70588235294119,ASSUMING_ON_DC_ALLOCATION_NOT_MEASURED,,,UNBOUND
SBP077,run,THN_conversion,1.8666666666666676,ASSUMING_ON_DC_ALLOCATION_NOT_MEASURED,,,UNBOUND
SBP077,run,startup_bias_allocation,0.25,ASSUMING_ON_DC_ALLOCATION_NOT_MEASURED,,,UNBOUND
SBP077,cold,shared_contact_loop,0.007278283226771271,MAIN_SWITCH_OPEN_AUX_ON_ALLOCATION_NOT_MEASURED,,,UNBOUND
SBP077,cold,main_before_sense,1.8e-07,MAIN_SWITCH_OPEN_AUX_ON_ALLOCATION_NOT_MEASURED,,,UNBOUND
SBP077,cold,main_after_sense,0.0,MAIN_SWITCH_OPEN_AUX_ON_ALLOCATION_NOT_MEASURED,,,UNBOUND
SBP077,cold,auxiliary_branch,0.028908742055105897,MAIN_SWITCH_OPEN_AUX_ON_ALLOCATION_NOT_MEASURED,,,UNBOUND
SBP077,cold,controller_allocation,0.06597422614350261,MAIN_SWITCH_OPEN_AUX_ON_ALLOCATION_NOT_MEASURED,,,UNBOUND
SBP077,cold,input_capacitor_leakage,0.0,MAIN_SWITCH_OPEN_AUX_ON_ALLOCATION_NOT_MEASURED,,,UNBOUND
SBP077,cold,THN_conversion,1.8666666666666676,MAIN_SWITCH_OPEN_AUX_ON_ALLOCATION_NOT_MEASURED,,,UNBOUND
SBP077,cold,startup_bias_allocation,0,MAIN_SWITCH_OPEN_AUX_ON_ALLOCATION_NOT_MEASURED,,,UNBOUND
SBP078,run,shared_contact_loop,4.1731351956916765,ASSUMING_ON_DC_ALLOCATION_NOT_MEASURED,,,UNBOUND
SBP078,run,main_before_sense,7.576207261390185,ASSUMING_ON_DC_ALLOCATION_NOT_MEASURED,,,UNBOUND
SBP078,run,main_after_sense,15.14774375048586,ASSUMING_ON_DC_ALLOCATION_NOT_MEASURED,,,UNBOUND
SBP078,run,auxiliary_branch,0.03726457648610309,ASSUMING_ON_DC_ALLOCATION_NOT_MEASURED,,,UNBOUND
SBP078,run,controller_allocation,0.0642193693371532,ASSUMING_ON_DC_ALLOCATION_NOT_MEASURED,,,UNBOUND
SBP078,run,input_capacitor_leakage,0.06188416318989878,ASSUMING_ON_DC_ALLOCATION_NOT_MEASURED,,,UNBOUND
SBP078,run,CHB_conversion,40.11111111111113,ASSUMING_ON_DC_ALLOCATION_NOT_MEASURED,,,UNBOUND
SBP078,run,THN_conversion,4.2,ASSUMING_ON_DC_ALLOCATION_NOT_MEASURED,,,UNBOUND
SBP078,run,startup_bias_allocation,0.25,ASSUMING_ON_DC_ALLOCATION_NOT_MEASURED,,,UNBOUND
SBP078,cold,shared_contact_loop,0.009208832308256752,MAIN_SWITCH_OPEN_AUX_ON_ALLOCATION_NOT_MEASURED,,,UNBOUND
SBP078,cold,main_before_sense,1.8e-07,MAIN_SWITCH_OPEN_AUX_ON_ALLOCATION_NOT_MEASURED,,,UNBOUND
SBP078,cold,main_after_sense,0.0,MAIN_SWITCH_OPEN_AUX_ON_ALLOCATION_NOT_MEASURED,,,UNBOUND
SBP078,cold,auxiliary_branch,0.0366053788466013,MAIN_SWITCH_OPEN_AUX_ON_ALLOCATION_NOT_MEASURED,,,UNBOUND
SBP078,cold,controller_allocation,0.06597103120169678,MAIN_SWITCH_OPEN_AUX_ON_ALLOCATION_NOT_MEASURED,,,UNBOUND
SBP078,cold,input_capacitor_leakage,0.0,MAIN_SWITCH_OPEN_AUX_ON_ALLOCATION_NOT_MEASURED,,,UNBOUND
SBP078,cold,THN_conversion,4.2,MAIN_SWITCH_OPEN_AUX_ON_ALLOCATION_NOT_MEASURED,,,UNBOUND
SBP078,cold,startup_bias_allocation,0,MAIN_SWITCH_OPEN_AUX_ON_ALLOCATION_NOT_MEASURED,,,UNBOUND
SBP079,run,shared_contact_loop,4.1289065243704925,ASSUMING_ON_DC_ALLOCATION_NOT_MEASURED,,,UNBOUND
SBP079,run,main_before_sense,7.575362466628946,ASSUMING_ON_DC_ALLOCATION_NOT_MEASURED,,,UNBOUND
SBP079,run,main_after_sense,15.146054421400956,ASSUMING_ON_DC_ALLOCATION_NOT_MEASURED,,,UNBOUND
SBP079,run,auxiliary_branch,0.029429050023418196,ASSUMING_ON_DC_ALLOCATION_NOT_MEASURED,,,UNBOUND
SBP079,run,controller_allocation,0.06422269070774984,ASSUMING_ON_DC_ALLOCATION_NOT_MEASURED,,,UNBOUND
SBP079,run,input_capacitor_leakage,0.06188761477928321,ASSUMING_ON_DC_ALLOCATION_NOT_MEASURED,,,UNBOUND
SBP079,run,CHB_conversion,40.11111111111113,ASSUMING_ON_DC_ALLOCATION_NOT_MEASURED,,,UNBOUND
SBP079,run,THN_conversion,1.8666666666666676,ASSUMING_ON_DC_ALLOCATION_NOT_MEASURED,,,UNBOUND
SBP079,run,startup_bias_allocation,0.25,ASSUMING_ON_DC_ALLOCATION_NOT_MEASURED,,,UNBOUND
SBP079,cold,shared_contact_loop,0.007278283226771271,MAIN_SWITCH_OPEN_AUX_ON_ALLOCATION_NOT_MEASURED,,,UNBOUND
SBP079,cold,main_before_sense,1.8e-07,MAIN_SWITCH_OPEN_AUX_ON_ALLOCATION_NOT_MEASURED,,,UNBOUND
SBP079,cold,main_after_sense,0.0,MAIN_SWITCH_OPEN_AUX_ON_ALLOCATION_NOT_MEASURED,,,UNBOUND
SBP079,cold,auxiliary_branch,0.028908742055105897,MAIN_SWITCH_OPEN_AUX_ON_ALLOCATION_NOT_MEASURED,,,UNBOUND
SBP079,cold,controller_allocation,0.06597422614350261,MAIN_SWITCH_OPEN_AUX_ON_ALLOCATION_NOT_MEASURED,,,UNBOUND
SBP079,cold,input_capacitor_leakage,0.0,MAIN_SWITCH_OPEN_AUX_ON_ALLOCATION_NOT_MEASURED,,,UNBOUND
SBP079,cold,THN_conversion,1.8666666666666676,MAIN_SWITCH_OPEN_AUX_ON_ALLOCATION_NOT_MEASURED,,,UNBOUND
SBP079,cold,startup_bias_allocation,0,MAIN_SWITCH_OPEN_AUX_ON_ALLOCATION_NOT_MEASURED,,,UNBOUND
SBP080,run,shared_contact_loop,56.58049034441467,ASSUMING_ON_DC_ALLOCATION_NOT_MEASURED,,,UNBOUND
SBP080,run,main_before_sense,2.5799327711792444,ASSUMING_ON_DC_ALLOCATION_NOT_MEASURED,,,UNBOUND
SBP080,run,main_after_sense,18.054759492395902,ASSUMING_ON_DC_ALLOCATION_NOT_MEASURED,,,UNBOUND
SBP080,run,auxiliary_branch,0.020658941639455,ASSUMING_ON_DC_ALLOCATION_NOT_MEASURED,,,UNBOUND
SBP080,run,controller_allocation,0.05852327377063824,ASSUMING_ON_DC_ALLOCATION_NOT_MEASURED,,,UNBOUND
SBP080,run,input_capacitor_leakage,0.05613847834123456,ASSUMING_ON_DC_ALLOCATION_NOT_MEASURED,,,UNBOUND
SBP080,run,CHB_conversion,63.70588235294119,ASSUMING_ON_DC_ALLOCATION_NOT_MEASURED,,,UNBOUND
SBP080,run,THN_conversion,4.2,ASSUMING_ON_DC_ALLOCATION_NOT_MEASURED,,,UNBOUND
SBP080,run,startup_bias_allocation,0.25,ASSUMING_ON_DC_ALLOCATION_NOT_MEASURED,,,UNBOUND
SBP080,cold,shared_contact_loop,0.09263994776699154,MAIN_SWITCH_OPEN_AUX_ON_ALLOCATION_NOT_MEASURED,,,UNBOUND
SBP080,cold,main_before_sense,4.5e-08,MAIN_SWITCH_OPEN_AUX_ON_ALLOCATION_NOT_MEASURED,,,UNBOUND
SBP080,cold,main_after_sense,0.0,MAIN_SWITCH_OPEN_AUX_ON_ALLOCATION_NOT_MEASURED,,,UNBOUND
SBP080,cold,auxiliary_branch,0.016571402978013273,MAIN_SWITCH_OPEN_AUX_ON_ALLOCATION_NOT_MEASURED,,,UNBOUND
SBP080,cold,controller_allocation,0.06571120605542999,MAIN_SWITCH_OPEN_AUX_ON_ALLOCATION_NOT_MEASURED,,,UNBOUND
SBP080,cold,input_capacitor_leakage,0.0,MAIN_SWITCH_OPEN_AUX_ON_ALLOCATION_NOT_MEASURED,,,UNBOUND
SBP080,cold,THN_conversion,4.2,MAIN_SWITCH_OPEN_AUX_ON_ALLOCATION_NOT_MEASURED,,,UNBOUND
SBP080,cold,startup_bias_allocation,0,MAIN_SWITCH_OPEN_AUX_ON_ALLOCATION_NOT_MEASURED,,,UNBOUND
SBP081,run,shared_contact_loop,55.92916908719474,ASSUMING_ON_DC_ALLOCATION_NOT_MEASURED,,,UNBOUND
SBP081,run,main_before_sense,2.5759593643594645,ASSUMING_ON_DC_ALLOCATION_NOT_MEASURED,,,UNBOUND
SBP081,run,main_after_sense,18.026949319429864,ASSUMING_ON_DC_ALLOCATION_NOT_MEASURED,,,UNBOUND
SBP081,run,auxiliary_branch,0.016296687448724253,ASSUMING_ON_DC_ALLOCATION_NOT_MEASURED,,,UNBOUND
SBP081,run,controller_allocation,0.05856472783182373,ASSUMING_ON_DC_ALLOCATION_NOT_MEASURED,,,UNBOUND
SBP081,run,input_capacitor_leakage,0.05618176978863027,ASSUMING_ON_DC_ALLOCATION_NOT_MEASURED,,,UNBOUND
SBP081,run,CHB_conversion,63.70588235294119,ASSUMING_ON_DC_ALLOCATION_NOT_MEASURED,,,UNBOUND
SBP081,run,THN_conversion,1.8666666666666676,ASSUMING_ON_DC_ALLOCATION_NOT_MEASURED,,,UNBOUND
SBP081,run,startup_bias_allocation,0.25,ASSUMING_ON_DC_ALLOCATION_NOT_MEASURED,,,UNBOUND
SBP081,cold,shared_contact_loop,0.07316981337707751,MAIN_SWITCH_OPEN_AUX_ON_ALLOCATION_NOT_MEASURED,,,UNBOUND
SBP081,cold,main_before_sense,4.5e-08,MAIN_SWITCH_OPEN_AUX_ON_ALLOCATION_NOT_MEASURED,,,UNBOUND
SBP081,cold,main_after_sense,0.0,MAIN_SWITCH_OPEN_AUX_ON_ALLOCATION_NOT_MEASURED,,,UNBOUND
SBP081,cold,auxiliary_branch,0.013078345903944352,MAIN_SWITCH_OPEN_AUX_ON_ALLOCATION_NOT_MEASURED,,,UNBOUND
SBP081,cold,controller_allocation,0.06574333693352889,MAIN_SWITCH_OPEN_AUX_ON_ALLOCATION_NOT_MEASURED,,,UNBOUND
SBP081,cold,input_capacitor_leakage,0.0,MAIN_SWITCH_OPEN_AUX_ON_ALLOCATION_NOT_MEASURED,,,UNBOUND
SBP081,cold,THN_conversion,1.8666666666666676,MAIN_SWITCH_OPEN_AUX_ON_ALLOCATION_NOT_MEASURED,,,UNBOUND
SBP081,cold,startup_bias_allocation,0,MAIN_SWITCH_OPEN_AUX_ON_ALLOCATION_NOT_MEASURED,,,UNBOUND
SBP082,run,shared_contact_loop,49.633888146492765,ASSUMING_ON_DC_ALLOCATION_NOT_MEASURED,,,UNBOUND
SBP082,run,main_before_sense,2.2504945133535137,ASSUMING_ON_DC_ALLOCATION_NOT_MEASURED,,,UNBOUND
SBP082,run,main_after_sense,15.749006646236774,ASSUMING_ON_DC_ALLOCATION_NOT_MEASURED,,,UNBOUND
SBP082,run,auxiliary_branch,0.020344409485782894,ASSUMING_ON_DC_ALLOCATION_NOT_MEASURED,,,UNBOUND
SBP082,run,controller_allocation,0.05899816770329487,ASSUMING_ON_DC_ALLOCATION_NOT_MEASURED,,,UNBOUND
SBP082,run,input_capacitor_leakage,0.056770851584383004,ASSUMING_ON_DC_ALLOCATION_NOT_MEASURED,,,UNBOUND
SBP082,run,CHB_conversion,40.11111111111113,ASSUMING_ON_DC_ALLOCATION_NOT_MEASURED,,,UNBOUND
SBP082,run,THN_conversion,4.2,ASSUMING_ON_DC_ALLOCATION_NOT_MEASURED,,,UNBOUND
SBP082,run,startup_bias_allocation,0.25,ASSUMING_ON_DC_ALLOCATION_NOT_MEASURED,,,UNBOUND
SBP082,cold,shared_contact_loop,0.09263994776699154,MAIN_SWITCH_OPEN_AUX_ON_ALLOCATION_NOT_MEASURED,,,UNBOUND
SBP082,cold,main_before_sense,4.5e-08,MAIN_SWITCH_OPEN_AUX_ON_ALLOCATION_NOT_MEASURED,,,UNBOUND
SBP082,cold,main_after_sense,0.0,MAIN_SWITCH_OPEN_AUX_ON_ALLOCATION_NOT_MEASURED,,,UNBOUND
SBP082,cold,auxiliary_branch,0.016571402978013273,MAIN_SWITCH_OPEN_AUX_ON_ALLOCATION_NOT_MEASURED,,,UNBOUND
SBP082,cold,controller_allocation,0.06571120605542999,MAIN_SWITCH_OPEN_AUX_ON_ALLOCATION_NOT_MEASURED,,,UNBOUND
SBP082,cold,input_capacitor_leakage,0.0,MAIN_SWITCH_OPEN_AUX_ON_ALLOCATION_NOT_MEASURED,,,UNBOUND
SBP082,cold,THN_conversion,4.2,MAIN_SWITCH_OPEN_AUX_ON_ALLOCATION_NOT_MEASURED,,,UNBOUND
SBP082,cold,startup_bias_allocation,0,MAIN_SWITCH_OPEN_AUX_ON_ALLOCATION_NOT_MEASURED,,,UNBOUND
SBP083,run,shared_contact_loop,49.035691150242286,ASSUMING_ON_DC_ALLOCATION_NOT_MEASURED,,,UNBOUND
SBP083,run,main_before_sense,2.2471460889022845,ASSUMING_ON_DC_ALLOCATION_NOT_MEASURED,,,UNBOUND
SBP083,run,main_after_sense,15.725570990718815,ASSUMING_ON_DC_ALLOCATION_NOT_MEASURED,,,UNBOUND
SBP083,run,auxiliary_branch,0.016049225973300416,ASSUMING_ON_DC_ALLOCATION_NOT_MEASURED,,,UNBOUND
SBP083,run,controller_allocation,0.05903880262566143,ASSUMING_ON_DC_ALLOCATION_NOT_MEASURED,,,UNBOUND
SBP083,run,input_capacitor_leakage,0.05681314432707281,ASSUMING_ON_DC_ALLOCATION_NOT_MEASURED,,,UNBOUND
SBP083,run,CHB_conversion,40.11111111111113,ASSUMING_ON_DC_ALLOCATION_NOT_MEASURED,,,UNBOUND
SBP083,run,THN_conversion,1.8666666666666676,ASSUMING_ON_DC_ALLOCATION_NOT_MEASURED,,,UNBOUND
SBP083,run,startup_bias_allocation,0.25,ASSUMING_ON_DC_ALLOCATION_NOT_MEASURED,,,UNBOUND
SBP083,cold,shared_contact_loop,0.07316981337707751,MAIN_SWITCH_OPEN_AUX_ON_ALLOCATION_NOT_MEASURED,,,UNBOUND
SBP083,cold,main_before_sense,4.5e-08,MAIN_SWITCH_OPEN_AUX_ON_ALLOCATION_NOT_MEASURED,,,UNBOUND
SBP083,cold,main_after_sense,0.0,MAIN_SWITCH_OPEN_AUX_ON_ALLOCATION_NOT_MEASURED,,,UNBOUND
SBP083,cold,auxiliary_branch,0.013078345903944352,MAIN_SWITCH_OPEN_AUX_ON_ALLOCATION_NOT_MEASURED,,,UNBOUND
SBP083,cold,controller_allocation,0.06574333693352889,MAIN_SWITCH_OPEN_AUX_ON_ALLOCATION_NOT_MEASURED,,,UNBOUND
SBP083,cold,input_capacitor_leakage,0.0,MAIN_SWITCH_OPEN_AUX_ON_ALLOCATION_NOT_MEASURED,,,UNBOUND
SBP083,cold,THN_conversion,1.8666666666666676,MAIN_SWITCH_OPEN_AUX_ON_ALLOCATION_NOT_MEASURED,,,UNBOUND
SBP083,cold,startup_bias_allocation,0,MAIN_SWITCH_OPEN_AUX_ON_ALLOCATION_NOT_MEASURED,,,UNBOUND
SBP084,run,shared_contact_loop,56.58758301954339,ASSUMING_ON_DC_ALLOCATION_NOT_MEASURED,,,UNBOUND
SBP084,run,main_before_sense,2.579975966209105,ASSUMING_ON_DC_ALLOCATION_NOT_MEASURED,,,UNBOUND
SBP084,run,main_after_sense,18.055061817671916,ASSUMING_ON_DC_ALLOCATION_NOT_MEASURED,,,UNBOUND
SBP084,run,auxiliary_branch,0.04602030291307936,ASSUMING_ON_DC_ALLOCATION_NOT_MEASURED,,,UNBOUND
SBP084,run,controller_allocation,0.05852282366414579,ASSUMING_ON_DC_ALLOCATION_NOT_MEASURED,,,UNBOUND
SBP084,run,input_capacitor_leakage,0.05613800826823636,ASSUMING_ON_DC_ALLOCATION_NOT_MEASURED,,,UNBOUND
SBP084,run,CHB_conversion,63.70588235294119,ASSUMING_ON_DC_ALLOCATION_NOT_MEASURED,,,UNBOUND
SBP084,run,THN_conversion,4.2,ASSUMING_ON_DC_ALLOCATION_NOT_MEASURED,,,UNBOUND
SBP084,run,startup_bias_allocation,0.25,ASSUMING_ON_DC_ALLOCATION_NOT_MEASURED,,,UNBOUND
SBP084,cold,shared_contact_loop,0.0928194504321467,MAIN_SWITCH_OPEN_AUX_ON_ALLOCATION_NOT_MEASURED,,,UNBOUND
SBP084,cold,main_before_sense,4.5e-08,MAIN_SWITCH_OPEN_AUX_ON_ALLOCATION_NOT_MEASURED,,,UNBOUND
SBP084,cold,main_after_sense,0.0,MAIN_SWITCH_OPEN_AUX_ON_ALLOCATION_NOT_MEASURED,,,UNBOUND
SBP084,cold,auxiliary_branch,0.036896917329158244,MAIN_SWITCH_OPEN_AUX_ON_ALLOCATION_NOT_MEASURED,,,UNBOUND
SBP084,cold,controller_allocation,0.06571092644537445,MAIN_SWITCH_OPEN_AUX_ON_ALLOCATION_NOT_MEASURED,,,UNBOUND
SBP084,cold,input_capacitor_leakage,0.0,MAIN_SWITCH_OPEN_AUX_ON_ALLOCATION_NOT_MEASURED,,,UNBOUND
SBP084,cold,THN_conversion,4.2,MAIN_SWITCH_OPEN_AUX_ON_ALLOCATION_NOT_MEASURED,,,UNBOUND
SBP084,cold,startup_bias_allocation,0,MAIN_SWITCH_OPEN_AUX_ON_ALLOCATION_NOT_MEASURED,,,UNBOUND
SBP085,run,shared_contact_loop,55.93471983986698,ASSUMING_ON_DC_ALLOCATION_NOT_MEASURED,,,UNBOUND
SBP085,run,main_before_sense,2.57599328413779,ASSUMING_ON_DC_ALLOCATION_NOT_MEASURED,,,UNBOUND
SBP085,run,main_after_sense,18.02718672649573,ASSUMING_ON_DC_ALLOCATION_NOT_MEASURED,,,UNBOUND
SBP085,run,auxiliary_branch,0.03629285703429533,ASSUMING_ON_DC_ALLOCATION_NOT_MEASURED,,,UNBOUND
SBP085,run,controller_allocation,0.0585643735330661,ASSUMING_ON_DC_ALLOCATION_NOT_MEASURED,,,UNBOUND
SBP085,run,input_capacitor_leakage,0.05618139979866488,ASSUMING_ON_DC_ALLOCATION_NOT_MEASURED,,,UNBOUND
SBP085,run,CHB_conversion,63.70588235294119,ASSUMING_ON_DC_ALLOCATION_NOT_MEASURED,,,UNBOUND
SBP085,run,THN_conversion,1.8666666666666676,ASSUMING_ON_DC_ALLOCATION_NOT_MEASURED,,,UNBOUND
SBP085,run,startup_bias_allocation,0.25,ASSUMING_ON_DC_ALLOCATION_NOT_MEASURED,,,UNBOUND
SBP085,cold,shared_contact_loop,0.0732955344287941,MAIN_SWITCH_OPEN_AUX_ON_ALLOCATION_NOT_MEASURED,,,UNBOUND
SBP085,cold,main_before_sense,4.5e-08,MAIN_SWITCH_OPEN_AUX_ON_ALLOCATION_NOT_MEASURED,,,UNBOUND
SBP085,cold,main_after_sense,0.0,MAIN_SWITCH_OPEN_AUX_ON_ALLOCATION_NOT_MEASURED,,,UNBOUND
SBP085,cold,auxiliary_branch,0.02911310302461925,MAIN_SWITCH_OPEN_AUX_ON_ALLOCATION_NOT_MEASURED,,,UNBOUND
SBP085,cold,controller_allocation,0.06574311656637702,MAIN_SWITCH_OPEN_AUX_ON_ALLOCATION_NOT_MEASURED,,,UNBOUND
SBP085,cold,input_capacitor_leakage,0.0,MAIN_SWITCH_OPEN_AUX_ON_ALLOCATION_NOT_MEASURED,,,UNBOUND
SBP085,cold,THN_conversion,1.8666666666666676,MAIN_SWITCH_OPEN_AUX_ON_ALLOCATION_NOT_MEASURED,,,UNBOUND
SBP085,cold,startup_bias_allocation,0,MAIN_SWITCH_OPEN_AUX_ON_ALLOCATION_NOT_MEASURED,,,UNBOUND
SBP086,run,shared_contact_loop,49.64030354678143,ASSUMING_ON_DC_ALLOCATION_NOT_MEASURED,,,UNBOUND
SBP086,run,main_before_sense,2.25053035575284,ASSUMING_ON_DC_ALLOCATION_NOT_MEASURED,,,UNBOUND
SBP086,run,main_after_sense,15.749257507553933,ASSUMING_ON_DC_ALLOCATION_NOT_MEASURED,,,UNBOUND
SBP086,run,auxiliary_branch,0.04531794702655251,ASSUMING_ON_DC_ALLOCATION_NOT_MEASURED,,,UNBOUND
SBP086,run,controller_allocation,0.058997733240667406,ASSUMING_ON_DC_ALLOCATION_NOT_MEASURED,,,UNBOUND
SBP086,run,input_capacitor_leakage,0.05677039938269292,ASSUMING_ON_DC_ALLOCATION_NOT_MEASURED,,,UNBOUND
SBP086,run,CHB_conversion,40.11111111111113,ASSUMING_ON_DC_ALLOCATION_NOT_MEASURED,,,UNBOUND
SBP086,run,THN_conversion,4.2,ASSUMING_ON_DC_ALLOCATION_NOT_MEASURED,,,UNBOUND
SBP086,run,startup_bias_allocation,0.25,ASSUMING_ON_DC_ALLOCATION_NOT_MEASURED,,,UNBOUND
SBP086,cold,shared_contact_loop,0.0928194504321467,MAIN_SWITCH_OPEN_AUX_ON_ALLOCATION_NOT_MEASURED,,,UNBOUND
SBP086,cold,main_before_sense,4.5e-08,MAIN_SWITCH_OPEN_AUX_ON_ALLOCATION_NOT_MEASURED,,,UNBOUND
SBP086,cold,main_after_sense,0.0,MAIN_SWITCH_OPEN_AUX_ON_ALLOCATION_NOT_MEASURED,,,UNBOUND
SBP086,cold,auxiliary_branch,0.036896917329158244,MAIN_SWITCH_OPEN_AUX_ON_ALLOCATION_NOT_MEASURED,,,UNBOUND
SBP086,cold,controller_allocation,0.06571092644537445,MAIN_SWITCH_OPEN_AUX_ON_ALLOCATION_NOT_MEASURED,,,UNBOUND
SBP086,cold,input_capacitor_leakage,0.0,MAIN_SWITCH_OPEN_AUX_ON_ALLOCATION_NOT_MEASURED,,,UNBOUND
SBP086,cold,THN_conversion,4.2,MAIN_SWITCH_OPEN_AUX_ON_ALLOCATION_NOT_MEASURED,,,UNBOUND
SBP086,cold,startup_bias_allocation,0,MAIN_SWITCH_OPEN_AUX_ON_ALLOCATION_NOT_MEASURED,,,UNBOUND
SBP087,run,shared_contact_loop,49.04071107552858,ASSUMING_ON_DC_ALLOCATION_NOT_MEASURED,,,UNBOUND
SBP087,run,main_before_sense,2.2471742406166,ASSUMING_ON_DC_ALLOCATION_NOT_MEASURED,,,UNBOUND
SBP087,run,main_after_sense,15.725768024832647,ASSUMING_ON_DC_ALLOCATION_NOT_MEASURED,,,UNBOUND
SBP087,run,auxiliary_branch,0.035740576536798394,ASSUMING_ON_DC_ALLOCATION_NOT_MEASURED,,,UNBOUND
SBP087,run,controller_allocation,0.05903846060063604,ASSUMING_ON_DC_ALLOCATION_NOT_MEASURED,,,UNBOUND
SBP087,run,input_capacitor_leakage,0.05681278835885777,ASSUMING_ON_DC_ALLOCATION_NOT_MEASURED,,,UNBOUND
SBP087,run,CHB_conversion,40.11111111111113,ASSUMING_ON_DC_ALLOCATION_NOT_MEASURED,,,UNBOUND
SBP087,run,THN_conversion,1.8666666666666676,ASSUMING_ON_DC_ALLOCATION_NOT_MEASURED,,,UNBOUND
SBP087,run,startup_bias_allocation,0.25,ASSUMING_ON_DC_ALLOCATION_NOT_MEASURED,,,UNBOUND
SBP087,cold,shared_contact_loop,0.0732955344287941,MAIN_SWITCH_OPEN_AUX_ON_ALLOCATION_NOT_MEASURED,,,UNBOUND
SBP087,cold,main_before_sense,4.5e-08,MAIN_SWITCH_OPEN_AUX_ON_ALLOCATION_NOT_MEASURED,,,UNBOUND
SBP087,cold,main_after_sense,0.0,MAIN_SWITCH_OPEN_AUX_ON_ALLOCATION_NOT_MEASURED,,,UNBOUND
SBP087,cold,auxiliary_branch,0.02911310302461925,MAIN_SWITCH_OPEN_AUX_ON_ALLOCATION_NOT_MEASURED,,,UNBOUND
SBP087,cold,controller_allocation,0.06574311656637702,MAIN_SWITCH_OPEN_AUX_ON_ALLOCATION_NOT_MEASURED,,,UNBOUND
SBP087,cold,input_capacitor_leakage,0.0,MAIN_SWITCH_OPEN_AUX_ON_ALLOCATION_NOT_MEASURED,,,UNBOUND
SBP087,cold,THN_conversion,1.8666666666666676,MAIN_SWITCH_OPEN_AUX_ON_ALLOCATION_NOT_MEASURED,,,UNBOUND
SBP087,cold,startup_bias_allocation,0,MAIN_SWITCH_OPEN_AUX_ON_ALLOCATION_NOT_MEASURED,,,UNBOUND
SBP088,run,shared_contact_loop,60.03559555990612,ASSUMING_ON_DC_ALLOCATION_NOT_MEASURED,,,UNBOUND
SBP088,run,main_before_sense,10.976408882565536,ASSUMING_ON_DC_ALLOCATION_NOT_MEASURED,,,UNBOUND
SBP088,run,main_after_sense,21.947195665030563,ASSUMING_ON_DC_ALLOCATION_NOT_MEASURED,,,UNBOUND
SBP088,run,auxiliary_branch,0.020810739482400243,ASSUMING_ON_DC_ALLOCATION_NOT_MEASURED,,,UNBOUND
SBP088,run,controller_allocation,0.05724373629574881,ASSUMING_ON_DC_ALLOCATION_NOT_MEASURED,,,UNBOUND
SBP088,run,input_capacitor_leakage,0.0544328662454955,ASSUMING_ON_DC_ALLOCATION_NOT_MEASURED,,,UNBOUND
SBP088,run,CHB_conversion,63.70588235294119,ASSUMING_ON_DC_ALLOCATION_NOT_MEASURED,,,UNBOUND
SBP088,run,THN_conversion,4.2,ASSUMING_ON_DC_ALLOCATION_NOT_MEASURED,,,UNBOUND
SBP088,run,startup_bias_allocation,0.25,ASSUMING_ON_DC_ALLOCATION_NOT_MEASURED,,,UNBOUND
SBP088,cold,shared_contact_loop,0.09263994776699154,MAIN_SWITCH_OPEN_AUX_ON_ALLOCATION_NOT_MEASURED,,,UNBOUND
SBP088,cold,main_before_sense,1.8e-07,MAIN_SWITCH_OPEN_AUX_ON_ALLOCATION_NOT_MEASURED,,,UNBOUND
SBP088,cold,main_after_sense,0.0,MAIN_SWITCH_OPEN_AUX_ON_ALLOCATION_NOT_MEASURED,,,UNBOUND
SBP088,cold,auxiliary_branch,0.016571402978013273,MAIN_SWITCH_OPEN_AUX_ON_ALLOCATION_NOT_MEASURED,,,UNBOUND
SBP088,cold,controller_allocation,0.06571107105542999,MAIN_SWITCH_OPEN_AUX_ON_ALLOCATION_NOT_MEASURED,,,UNBOUND
SBP088,cold,input_capacitor_leakage,0.0,MAIN_SWITCH_OPEN_AUX_ON_ALLOCATION_NOT_MEASURED,,,UNBOUND
SBP088,cold,THN_conversion,4.2,MAIN_SWITCH_OPEN_AUX_ON_ALLOCATION_NOT_MEASURED,,,UNBOUND
SBP088,cold,startup_bias_allocation,0,MAIN_SWITCH_OPEN_AUX_ON_ALLOCATION_NOT_MEASURED,,,UNBOUND
SBP089,run,shared_contact_loop,59.35244695126343,ASSUMING_ON_DC_ALLOCATION_NOT_MEASURED,,,UNBOUND
SBP089,run,main_before_sense,10.958102773806063,ASSUMING_ON_DC_ALLOCATION_NOT_MEASURED,,,UNBOUND
SBP089,run,main_after_sense,21.910588137948942,ASSUMING_ON_DC_ALLOCATION_NOT_MEASURED,,,UNBOUND
SBP089,run,auxiliary_branch,0.01641590122891338,ASSUMING_ON_DC_ALLOCATION_NOT_MEASURED,,,UNBOUND
SBP089,run,controller_allocation,0.05728685029384631,ASSUMING_ON_DC_ALLOCATION_NOT_MEASURED,,,UNBOUND
SBP089,run,input_capacitor_leakage,0.054478325462255596,ASSUMING_ON_DC_ALLOCATION_NOT_MEASURED,,,UNBOUND
SBP089,run,CHB_conversion,63.70588235294119,ASSUMING_ON_DC_ALLOCATION_NOT_MEASURED,,,UNBOUND
SBP089,run,THN_conversion,1.8666666666666676,ASSUMING_ON_DC_ALLOCATION_NOT_MEASURED,,,UNBOUND
SBP089,run,startup_bias_allocation,0.25,ASSUMING_ON_DC_ALLOCATION_NOT_MEASURED,,,UNBOUND
SBP089,cold,shared_contact_loop,0.07316981337707751,MAIN_SWITCH_OPEN_AUX_ON_ALLOCATION_NOT_MEASURED,,,UNBOUND
SBP089,cold,main_before_sense,1.8e-07,MAIN_SWITCH_OPEN_AUX_ON_ALLOCATION_NOT_MEASURED,,,UNBOUND
SBP089,cold,main_after_sense,0.0,MAIN_SWITCH_OPEN_AUX_ON_ALLOCATION_NOT_MEASURED,,,UNBOUND
SBP089,cold,auxiliary_branch,0.013078345903944352,MAIN_SWITCH_OPEN_AUX_ON_ALLOCATION_NOT_MEASURED,,,UNBOUND
SBP089,cold,controller_allocation,0.0657432019335289,MAIN_SWITCH_OPEN_AUX_ON_ALLOCATION_NOT_MEASURED,,,UNBOUND
SBP089,cold,input_capacitor_leakage,0.0,MAIN_SWITCH_OPEN_AUX_ON_ALLOCATION_NOT_MEASURED,,,UNBOUND
SBP089,cold,THN_conversion,1.8666666666666676,MAIN_SWITCH_OPEN_AUX_ON_ALLOCATION_NOT_MEASURED,,,UNBOUND
SBP089,cold,startup_bias_allocation,0,MAIN_SWITCH_OPEN_AUX_ON_ALLOCATION_NOT_MEASURED,,,UNBOUND
SBP090,run,shared_contact_loop,52.35835244734242,ASSUMING_ON_DC_ALLOCATION_NOT_MEASURED,,,UNBOUND
SBP090,run,main_before_sense,9.518371155491403,ASSUMING_ON_DC_ALLOCATION_NOT_MEASURED,,,UNBOUND
SBP090,run,main_after_sense,19.031506937134733,ASSUMING_ON_DC_ALLOCATION_NOT_MEASURED,,,UNBOUND
SBP090,run,auxiliary_branch,0.02046937227304331,ASSUMING_ON_DC_ALLOCATION_NOT_MEASURED,,,UNBOUND
SBP090,run,controller_allocation,0.057826482267787783,ASSUMING_ON_DC_ALLOCATION_NOT_MEASURED,,,UNBOUND
SBP090,run,input_capacitor_leakage,0.05520897534375329,ASSUMING_ON_DC_ALLOCATION_NOT_MEASURED,,,UNBOUND
SBP090,run,CHB_conversion,40.11111111111113,ASSUMING_ON_DC_ALLOCATION_NOT_MEASURED,,,UNBOUND
SBP090,run,THN_conversion,4.2,ASSUMING_ON_DC_ALLOCATION_NOT_MEASURED,,,UNBOUND
SBP090,run,startup_bias_allocation,0.25,ASSUMING_ON_DC_ALLOCATION_NOT_MEASURED,,,UNBOUND
SBP090,cold,shared_contact_loop,0.09263994776699154,MAIN_SWITCH_OPEN_AUX_ON_ALLOCATION_NOT_MEASURED,,,UNBOUND
SBP090,cold,main_before_sense,1.8e-07,MAIN_SWITCH_OPEN_AUX_ON_ALLOCATION_NOT_MEASURED,,,UNBOUND
SBP090,cold,main_after_sense,0.0,MAIN_SWITCH_OPEN_AUX_ON_ALLOCATION_NOT_MEASURED,,,UNBOUND
SBP090,cold,auxiliary_branch,0.016571402978013273,MAIN_SWITCH_OPEN_AUX_ON_ALLOCATION_NOT_MEASURED,,,UNBOUND
SBP090,cold,controller_allocation,0.06571107105542999,MAIN_SWITCH_OPEN_AUX_ON_ALLOCATION_NOT_MEASURED,,,UNBOUND
SBP090,cold,input_capacitor_leakage,0.0,MAIN_SWITCH_OPEN_AUX_ON_ALLOCATION_NOT_MEASURED,,,UNBOUND
SBP090,cold,THN_conversion,4.2,MAIN_SWITCH_OPEN_AUX_ON_ALLOCATION_NOT_MEASURED,,,UNBOUND
SBP090,cold,startup_bias_allocation,0,MAIN_SWITCH_OPEN_AUX_ON_ALLOCATION_NOT_MEASURED,,,UNBOUND
SBP091,run,shared_contact_loop,51.73476466010248,ASSUMING_ON_DC_ALLOCATION_NOT_MEASURED,,,UNBOUND
SBP091,run,main_before_sense,9.503174594254695,ASSUMING_ON_DC_ALLOCATION_NOT_MEASURED,,,UNBOUND
SBP091,run,main_after_sense,19.001117995887892,ASSUMING_ON_DC_ALLOCATION_NOT_MEASURED,,,UNBOUND
SBP091,run,auxiliary_branch,0.016147387545325624,ASSUMING_ON_DC_ALLOCATION_NOT_MEASURED,,,UNBOUND
SBP091,run,controller_allocation,0.057868528607492954,ASSUMING_ON_DC_ALLOCATION_NOT_MEASURED,,,UNBOUND
SBP091,run,input_capacitor_leakage,0.0552531122967463,ASSUMING_ON_DC_ALLOCATION_NOT_MEASURED,,,UNBOUND
SBP091,run,CHB_conversion,40.11111111111113,ASSUMING_ON_DC_ALLOCATION_NOT_MEASURED,,,UNBOUND
SBP091,run,THN_conversion,1.8666666666666676,ASSUMING_ON_DC_ALLOCATION_NOT_MEASURED,,,UNBOUND
SBP091,run,startup_bias_allocation,0.25,ASSUMING_ON_DC_ALLOCATION_NOT_MEASURED,,,UNBOUND
SBP091,cold,shared_contact_loop,0.07316981337707751,MAIN_SWITCH_OPEN_AUX_ON_ALLOCATION_NOT_MEASURED,,,UNBOUND
SBP091,cold,main_before_sense,1.8e-07,MAIN_SWITCH_OPEN_AUX_ON_ALLOCATION_NOT_MEASURED,,,UNBOUND
SBP091,cold,main_after_sense,0.0,MAIN_SWITCH_OPEN_AUX_ON_ALLOCATION_NOT_MEASURED,,,UNBOUND
SBP091,cold,auxiliary_branch,0.013078345903944352,MAIN_SWITCH_OPEN_AUX_ON_ALLOCATION_NOT_MEASURED,,,UNBOUND
SBP091,cold,controller_allocation,0.0657432019335289,MAIN_SWITCH_OPEN_AUX_ON_ALLOCATION_NOT_MEASURED,,,UNBOUND
SBP091,cold,input_capacitor_leakage,0.0,MAIN_SWITCH_OPEN_AUX_ON_ALLOCATION_NOT_MEASURED,,,UNBOUND
SBP091,cold,THN_conversion,1.8666666666666676,MAIN_SWITCH_OPEN_AUX_ON_ALLOCATION_NOT_MEASURED,,,UNBOUND
SBP091,cold,startup_bias_allocation,0,MAIN_SWITCH_OPEN_AUX_ON_ALLOCATION_NOT_MEASURED,,,UNBOUND
SBP092,run,shared_contact_loop,60.04308971630135,ASSUMING_ON_DC_ALLOCATION_NOT_MEASURED,,,UNBOUND
SBP092,run,main_before_sense,10.976609389649274,ASSUMING_ON_DC_ALLOCATION_NOT_MEASURED,,,UNBOUND
SBP092,run,main_after_sense,21.947596627845275,ASSUMING_ON_DC_ALLOCATION_NOT_MEASURED,,,UNBOUND
SBP092,run,auxiliary_branch,0.04635929570621138,ASSUMING_ON_DC_ALLOCATION_NOT_MEASURED,,,UNBOUND
SBP092,run,controller_allocation,0.05724326468646227,ASSUMING_ON_DC_ALLOCATION_NOT_MEASURED,,,UNBOUND
SBP092,run,input_capacitor_leakage,0.0544323689598256,ASSUMING_ON_DC_ALLOCATION_NOT_MEASURED,,,UNBOUND
SBP092,run,CHB_conversion,63.70588235294119,ASSUMING_ON_DC_ALLOCATION_NOT_MEASURED,,,UNBOUND
SBP092,run,THN_conversion,4.2,ASSUMING_ON_DC_ALLOCATION_NOT_MEASURED,,,UNBOUND
SBP092,run,startup_bias_allocation,0.25,ASSUMING_ON_DC_ALLOCATION_NOT_MEASURED,,,UNBOUND
SBP092,cold,shared_contact_loop,0.0928194504321467,MAIN_SWITCH_OPEN_AUX_ON_ALLOCATION_NOT_MEASURED,,,UNBOUND
SBP092,cold,main_before_sense,1.8e-07,MAIN_SWITCH_OPEN_AUX_ON_ALLOCATION_NOT_MEASURED,,,UNBOUND
SBP092,cold,main_after_sense,0.0,MAIN_SWITCH_OPEN_AUX_ON_ALLOCATION_NOT_MEASURED,,,UNBOUND
SBP092,cold,auxiliary_branch,0.036896917329158244,MAIN_SWITCH_OPEN_AUX_ON_ALLOCATION_NOT_MEASURED,,,UNBOUND
SBP092,cold,controller_allocation,0.06571079144537445,MAIN_SWITCH_OPEN_AUX_ON_ALLOCATION_NOT_MEASURED,,,UNBOUND
SBP092,cold,input_capacitor_leakage,0.0,MAIN_SWITCH_OPEN_AUX_ON_ALLOCATION_NOT_MEASURED,,,UNBOUND
SBP092,cold,THN_conversion,4.2,MAIN_SWITCH_OPEN_AUX_ON_ALLOCATION_NOT_MEASURED,,,UNBOUND
SBP092,cold,startup_bias_allocation,0,MAIN_SWITCH_OPEN_AUX_ON_ALLOCATION_NOT_MEASURED,,,UNBOUND
SBP093,run,shared_contact_loop,59.358311562751794,ASSUMING_ON_DC_ALLOCATION_NOT_MEASURED,,,UNBOUND
SBP093,run,main_before_sense,10.958260166449657,ASSUMING_ON_DC_ALLOCATION_NOT_MEASURED,,,UNBOUND
SBP093,run,main_after_sense,21.910902882891897,ASSUMING_ON_DC_ALLOCATION_NOT_MEASURED,,,UNBOUND
SBP093,run,auxiliary_branch,0.03655893357391492,ASSUMING_ON_DC_ALLOCATION_NOT_MEASURED,,,UNBOUND
SBP093,run,controller_allocation,0.05728647913025801,ASSUMING_ON_DC_ALLOCATION_NOT_MEASURED,,,UNBOUND
SBP093,run,input_capacitor_leakage,0.05447793412655216,ASSUMING_ON_DC_ALLOCATION_NOT_MEASURED,,,UNBOUND
SBP093,run,CHB_conversion,63.70588235294119,ASSUMING_ON_DC_ALLOCATION_NOT_MEASURED,,,UNBOUND
SBP093,run,THN_conversion,1.8666666666666676,ASSUMING_ON_DC_ALLOCATION_NOT_MEASURED,,,UNBOUND
SBP093,run,startup_bias_allocation,0.25,ASSUMING_ON_DC_ALLOCATION_NOT_MEASURED,,,UNBOUND
SBP093,cold,shared_contact_loop,0.0732955344287941,MAIN_SWITCH_OPEN_AUX_ON_ALLOCATION_NOT_MEASURED,,,UNBOUND
SBP093,cold,main_before_sense,1.8e-07,MAIN_SWITCH_OPEN_AUX_ON_ALLOCATION_NOT_MEASURED,,,UNBOUND
SBP093,cold,main_after_sense,0.0,MAIN_SWITCH_OPEN_AUX_ON_ALLOCATION_NOT_MEASURED,,,UNBOUND
SBP093,cold,auxiliary_branch,0.02911310302461925,MAIN_SWITCH_OPEN_AUX_ON_ALLOCATION_NOT_MEASURED,,,UNBOUND
SBP093,cold,controller_allocation,0.06574298156637702,MAIN_SWITCH_OPEN_AUX_ON_ALLOCATION_NOT_MEASURED,,,UNBOUND
SBP093,cold,input_capacitor_leakage,0.0,MAIN_SWITCH_OPEN_AUX_ON_ALLOCATION_NOT_MEASURED,,,UNBOUND
SBP093,cold,THN_conversion,1.8666666666666676,MAIN_SWITCH_OPEN_AUX_ON_ALLOCATION_NOT_MEASURED,,,UNBOUND
SBP093,cold,startup_bias_allocation,0,MAIN_SWITCH_OPEN_AUX_ON_ALLOCATION_NOT_MEASURED,,,UNBOUND
SBP094,run,shared_contact_loop,52.3650813307369,ASSUMING_ON_DC_ALLOCATION_NOT_MEASURED,,,UNBOUND
SBP094,run,main_before_sense,9.51853484875159,ASSUMING_ON_DC_ALLOCATION_NOT_MEASURED,,,UNBOUND
SBP094,run,main_after_sense,19.031834278634243,ASSUMING_ON_DC_ALLOCATION_NOT_MEASURED,,,UNBOUND
SBP094,run,auxiliary_branch,0.04559698956219581,ASSUMING_ON_DC_ALLOCATION_NOT_MEASURED,,,UNBOUND
SBP094,run,controller_allocation,0.05782602992245846,ASSUMING_ON_DC_ALLOCATION_NOT_MEASURED,,,UNBOUND
SBP094,run,input_capacitor_leakage,0.055208500487990086,ASSUMING_ON_DC_ALLOCATION_NOT_MEASURED,,,UNBOUND
SBP094,run,CHB_conversion,40.11111111111113,ASSUMING_ON_DC_ALLOCATION_NOT_MEASURED,,,UNBOUND
SBP094,run,THN_conversion,4.2,ASSUMING_ON_DC_ALLOCATION_NOT_MEASURED,,,UNBOUND
SBP094,run,startup_bias_allocation,0.25,ASSUMING_ON_DC_ALLOCATION_NOT_MEASURED,,,UNBOUND
SBP094,cold,shared_contact_loop,0.0928194504321467,MAIN_SWITCH_OPEN_AUX_ON_ALLOCATION_NOT_MEASURED,,,UNBOUND
SBP094,cold,main_before_sense,1.8e-07,MAIN_SWITCH_OPEN_AUX_ON_ALLOCATION_NOT_MEASURED,,,UNBOUND
SBP094,cold,main_after_sense,0.0,MAIN_SWITCH_OPEN_AUX_ON_ALLOCATION_NOT_MEASURED,,,UNBOUND
SBP094,cold,auxiliary_branch,0.036896917329158244,MAIN_SWITCH_OPEN_AUX_ON_ALLOCATION_NOT_MEASURED,,,UNBOUND
SBP094,cold,controller_allocation,0.06571079144537445,MAIN_SWITCH_OPEN_AUX_ON_ALLOCATION_NOT_MEASURED,,,UNBOUND
SBP094,cold,input_capacitor_leakage,0.0,MAIN_SWITCH_OPEN_AUX_ON_ALLOCATION_NOT_MEASURED,,,UNBOUND
SBP094,cold,THN_conversion,4.2,MAIN_SWITCH_OPEN_AUX_ON_ALLOCATION_NOT_MEASURED,,,UNBOUND
SBP094,cold,startup_bias_allocation,0,MAIN_SWITCH_OPEN_AUX_ON_ALLOCATION_NOT_MEASURED,,,UNBOUND
SBP095,run,shared_contact_loop,51.74002973956468,ASSUMING_ON_DC_ALLOCATION_NOT_MEASURED,,,UNBOUND
SBP095,run,main_before_sense,9.503303123497252,ASSUMING_ON_DC_ALLOCATION_NOT_MEASURED,,,UNBOUND
SBP095,run,main_after_sense,19.00137501899508,ASSUMING_ON_DC_ALLOCATION_NOT_MEASURED,,,UNBOUND
SBP095,run,auxiliary_branch,0.03595965047562009,ASSUMING_ON_DC_ALLOCATION_NOT_MEASURED,,,UNBOUND
SBP095,run,controller_allocation,0.05786817255167125,ASSUMING_ON_DC_ALLOCATION_NOT_MEASURED,,,UNBOUND
SBP095,run,input_capacitor_leakage,0.05525273855196141,ASSUMING_ON_DC_ALLOCATION_NOT_MEASURED,,,UNBOUND
SBP095,run,CHB_conversion,40.11111111111113,ASSUMING_ON_DC_ALLOCATION_NOT_MEASURED,,,UNBOUND
SBP095,run,THN_conversion,1.8666666666666676,ASSUMING_ON_DC_ALLOCATION_NOT_MEASURED,,,UNBOUND
SBP095,run,startup_bias_allocation,0.25,ASSUMING_ON_DC_ALLOCATION_NOT_MEASURED,,,UNBOUND
SBP095,cold,shared_contact_loop,0.0732955344287941,MAIN_SWITCH_OPEN_AUX_ON_ALLOCATION_NOT_MEASURED,,,UNBOUND
SBP095,cold,main_before_sense,1.8e-07,MAIN_SWITCH_OPEN_AUX_ON_ALLOCATION_NOT_MEASURED,,,UNBOUND
SBP095,cold,main_after_sense,0.0,MAIN_SWITCH_OPEN_AUX_ON_ALLOCATION_NOT_MEASURED,,,UNBOUND
SBP095,cold,auxiliary_branch,0.02911310302461925,MAIN_SWITCH_OPEN_AUX_ON_ALLOCATION_NOT_MEASURED,,,UNBOUND
SBP095,cold,controller_allocation,0.06574298156637702,MAIN_SWITCH_OPEN_AUX_ON_ALLOCATION_NOT_MEASURED,,,UNBOUND
SBP095,cold,input_capacitor_leakage,0.0,MAIN_SWITCH_OPEN_AUX_ON_ALLOCATION_NOT_MEASURED,,,UNBOUND
SBP095,cold,THN_conversion,1.8666666666666676,MAIN_SWITCH_OPEN_AUX_ON_ALLOCATION_NOT_MEASURED,,,UNBOUND
SBP095,cold,startup_bias_allocation,0,MAIN_SWITCH_OPEN_AUX_ON_ALLOCATION_NOT_MEASURED,,,UNBOUND
SBP096,run,shared_contact_loop,0.0,ASSUMING_ON_DC_ALLOCATION_NOT_MEASURED,,,UNBOUND
SBP096,run,main_before_sense,1.5045442179575816,ASSUMING_ON_DC_ALLOCATION_NOT_MEASURED,,,UNBOUND
SBP096,run,main_after_sense,10.528167028602184,ASSUMING_ON_DC_ALLOCATION_NOT_MEASURED,,,UNBOUND
SBP096,run,auxiliary_branch,0.012514903133628482,ASSUMING_ON_DC_ALLOCATION_NOT_MEASURED,,,UNBOUND
SBP096,run,controller_allocation,0.07533979913565077,ASSUMING_ON_DC_ALLOCATION_NOT_MEASURED,,,UNBOUND
SBP096,run,input_capacitor_leakage,0.0735187080852061,ASSUMING_ON_DC_ALLOCATION_NOT_MEASURED,,,UNBOUND
SBP096,run,CHB_conversion,63.70588235294119,ASSUMING_ON_DC_ALLOCATION_NOT_MEASURED,,,UNBOUND
SBP096,run,THN_conversion,4.2,ASSUMING_ON_DC_ALLOCATION_NOT_MEASURED,,,UNBOUND
SBP096,run,startup_bias_allocation,0.25,ASSUMING_ON_DC_ALLOCATION_NOT_MEASURED,,,UNBOUND
SBP096,cold,shared_contact_loop,0.0,MAIN_SWITCH_OPEN_AUX_ON_ALLOCATION_NOT_MEASURED,,,UNBOUND
SBP096,cold,main_before_sense,4.5e-08,MAIN_SWITCH_OPEN_AUX_ON_ALLOCATION_NOT_MEASURED,,,UNBOUND
SBP096,cold,main_after_sense,0.0,MAIN_SWITCH_OPEN_AUX_ON_ALLOCATION_NOT_MEASURED,,,UNBOUND
SBP096,cold,auxiliary_branch,0.012514903133628482,MAIN_SWITCH_OPEN_AUX_ON_ALLOCATION_NOT_MEASURED,,,UNBOUND
SBP096,cold,controller_allocation,0.075599955,MAIN_SWITCH_OPEN_AUX_ON_ALLOCATION_NOT_MEASURED,,,UNBOUND
SBP096,cold,input_capacitor_leakage,0.0,MAIN_SWITCH_OPEN_AUX_ON_ALLOCATION_NOT_MEASURED,,,UNBOUND
SBP096,cold,THN_conversion,4.2,MAIN_SWITCH_OPEN_AUX_ON_ALLOCATION_NOT_MEASURED,,,UNBOUND
SBP096,cold,startup_bias_allocation,0,MAIN_SWITCH_OPEN_AUX_ON_ALLOCATION_NOT_MEASURED,,,UNBOUND
SBP097,run,shared_contact_loop,0.0,ASSUMING_ON_DC_ALLOCATION_NOT_MEASURED,,,UNBOUND
SBP097,run,main_before_sense,1.5045442179575816,ASSUMING_ON_DC_ALLOCATION_NOT_MEASURED,,,UNBOUND
SBP097,run,main_after_sense,10.528167028602184,ASSUMING_ON_DC_ALLOCATION_NOT_MEASURED,,,UNBOUND
SBP097,run,auxiliary_branch,0.009887008423427476,ASSUMING_ON_DC_ALLOCATION_NOT_MEASURED,,,UNBOUND
SBP097,run,controller_allocation,0.07533979913565077,ASSUMING_ON_DC_ALLOCATION_NOT_MEASURED,,,UNBOUND
SBP097,run,input_capacitor_leakage,0.0735187080852061,ASSUMING_ON_DC_ALLOCATION_NOT_MEASURED,,,UNBOUND
SBP097,run,CHB_conversion,63.70588235294119,ASSUMING_ON_DC_ALLOCATION_NOT_MEASURED,,,UNBOUND
SBP097,run,THN_conversion,1.8666666666666676,ASSUMING_ON_DC_ALLOCATION_NOT_MEASURED,,,UNBOUND
SBP097,run,startup_bias_allocation,0.25,ASSUMING_ON_DC_ALLOCATION_NOT_MEASURED,,,UNBOUND
SBP097,cold,shared_contact_loop,0.0,MAIN_SWITCH_OPEN_AUX_ON_ALLOCATION_NOT_MEASURED,,,UNBOUND
SBP097,cold,main_before_sense,4.5e-08,MAIN_SWITCH_OPEN_AUX_ON_ALLOCATION_NOT_MEASURED,,,UNBOUND
SBP097,cold,main_after_sense,0.0,MAIN_SWITCH_OPEN_AUX_ON_ALLOCATION_NOT_MEASURED,,,UNBOUND
SBP097,cold,auxiliary_branch,0.009887008423427476,MAIN_SWITCH_OPEN_AUX_ON_ALLOCATION_NOT_MEASURED,,,UNBOUND
SBP097,cold,controller_allocation,0.075599955,MAIN_SWITCH_OPEN_AUX_ON_ALLOCATION_NOT_MEASURED,,,UNBOUND
SBP097,cold,input_capacitor_leakage,0.0,MAIN_SWITCH_OPEN_AUX_ON_ALLOCATION_NOT_MEASURED,,,UNBOUND
SBP097,cold,THN_conversion,1.8666666666666676,MAIN_SWITCH_OPEN_AUX_ON_ALLOCATION_NOT_MEASURED,,,UNBOUND
SBP097,cold,startup_bias_allocation,0,MAIN_SWITCH_OPEN_AUX_ON_ALLOCATION_NOT_MEASURED,,,UNBOUND
SBP098,run,shared_contact_loop,0.0,ASSUMING_ON_DC_ALLOCATION_NOT_MEASURED,,,UNBOUND
SBP098,run,main_before_sense,1.3378416373989612,ASSUMING_ON_DC_ALLOCATION_NOT_MEASURED,,,UNBOUND
SBP098,run,main_after_sense,9.361456698446917,ASSUMING_ON_DC_ALLOCATION_NOT_MEASURED,,,UNBOUND
SBP098,run,auxiliary_branch,0.012514903133628482,ASSUMING_ON_DC_ALLOCATION_NOT_MEASURED,,,UNBOUND
SBP098,run,controller_allocation,0.0753546372610135,ASSUMING_ON_DC_ALLOCATION_NOT_MEASURED,,,UNBOUND
SBP098,run,input_capacitor_leakage,0.07363741308810806,ASSUMING_ON_DC_ALLOCATION_NOT_MEASURED,,,UNBOUND
SBP098,run,CHB_conversion,40.11111111111113,ASSUMING_ON_DC_ALLOCATION_NOT_MEASURED,,,UNBOUND
SBP098,run,THN_conversion,4.2,ASSUMING_ON_DC_ALLOCATION_NOT_MEASURED,,,UNBOUND
SBP098,run,startup_bias_allocation,0.25,ASSUMING_ON_DC_ALLOCATION_NOT_MEASURED,,,UNBOUND
SBP098,cold,shared_contact_loop,0.0,MAIN_SWITCH_OPEN_AUX_ON_ALLOCATION_NOT_MEASURED,,,UNBOUND
SBP098,cold,main_before_sense,4.5e-08,MAIN_SWITCH_OPEN_AUX_ON_ALLOCATION_NOT_MEASURED,,,UNBOUND
SBP098,cold,main_after_sense,0.0,MAIN_SWITCH_OPEN_AUX_ON_ALLOCATION_NOT_MEASURED,,,UNBOUND
SBP098,cold,auxiliary_branch,0.012514903133628482,MAIN_SWITCH_OPEN_AUX_ON_ALLOCATION_NOT_MEASURED,,,UNBOUND
SBP098,cold,controller_allocation,0.075599955,MAIN_SWITCH_OPEN_AUX_ON_ALLOCATION_NOT_MEASURED,,,UNBOUND
SBP098,cold,input_capacitor_leakage,0.0,MAIN_SWITCH_OPEN_AUX_ON_ALLOCATION_NOT_MEASURED,,,UNBOUND
SBP098,cold,THN_conversion,4.2,MAIN_SWITCH_OPEN_AUX_ON_ALLOCATION_NOT_MEASURED,,,UNBOUND
SBP098,cold,startup_bias_allocation,0,MAIN_SWITCH_OPEN_AUX_ON_ALLOCATION_NOT_MEASURED,,,UNBOUND
SBP099,run,shared_contact_loop,0.0,ASSUMING_ON_DC_ALLOCATION_NOT_MEASURED,,,UNBOUND
SBP099,run,main_before_sense,1.3378416373989612,ASSUMING_ON_DC_ALLOCATION_NOT_MEASURED,,,UNBOUND
SBP099,run,main_after_sense,9.361456698446917,ASSUMING_ON_DC_ALLOCATION_NOT_MEASURED,,,UNBOUND
SBP099,run,auxiliary_branch,0.009887008423427476,ASSUMING_ON_DC_ALLOCATION_NOT_MEASURED,,,UNBOUND
SBP099,run,controller_allocation,0.0753546372610135,ASSUMING_ON_DC_ALLOCATION_NOT_MEASURED,,,UNBOUND
SBP099,run,input_capacitor_leakage,0.07363741308810806,ASSUMING_ON_DC_ALLOCATION_NOT_MEASURED,,,UNBOUND
SBP099,run,CHB_conversion,40.11111111111113,ASSUMING_ON_DC_ALLOCATION_NOT_MEASURED,,,UNBOUND
SBP099,run,THN_conversion,1.8666666666666676,ASSUMING_ON_DC_ALLOCATION_NOT_MEASURED,,,UNBOUND
SBP099,run,startup_bias_allocation,0.25,ASSUMING_ON_DC_ALLOCATION_NOT_MEASURED,,,UNBOUND
SBP099,cold,shared_contact_loop,0.0,MAIN_SWITCH_OPEN_AUX_ON_ALLOCATION_NOT_MEASURED,,,UNBOUND
SBP099,cold,main_before_sense,4.5e-08,MAIN_SWITCH_OPEN_AUX_ON_ALLOCATION_NOT_MEASURED,,,UNBOUND
SBP099,cold,main_after_sense,0.0,MAIN_SWITCH_OPEN_AUX_ON_ALLOCATION_NOT_MEASURED,,,UNBOUND
SBP099,cold,auxiliary_branch,0.009887008423427476,MAIN_SWITCH_OPEN_AUX_ON_ALLOCATION_NOT_MEASURED,,,UNBOUND
SBP099,cold,controller_allocation,0.075599955,MAIN_SWITCH_OPEN_AUX_ON_ALLOCATION_NOT_MEASURED,,,UNBOUND
SBP099,cold,input_capacitor_leakage,0.0,MAIN_SWITCH_OPEN_AUX_ON_ALLOCATION_NOT_MEASURED,,,UNBOUND
SBP099,cold,THN_conversion,1.8666666666666676,MAIN_SWITCH_OPEN_AUX_ON_ALLOCATION_NOT_MEASURED,,,UNBOUND
SBP099,cold,startup_bias_allocation,0,MAIN_SWITCH_OPEN_AUX_ON_ALLOCATION_NOT_MEASURED,,,UNBOUND
SBP100,run,shared_contact_loop,0.0,ASSUMING_ON_DC_ALLOCATION_NOT_MEASURED,,,UNBOUND
SBP100,run,main_before_sense,1.5045442179575816,ASSUMING_ON_DC_ALLOCATION_NOT_MEASURED,,,UNBOUND
SBP100,run,main_after_sense,10.528167028602184,ASSUMING_ON_DC_ALLOCATION_NOT_MEASURED,,,UNBOUND
SBP100,run,auxiliary_branch,0.02785150787586782,ASSUMING_ON_DC_ALLOCATION_NOT_MEASURED,,,UNBOUND
SBP100,run,controller_allocation,0.07533979913565077,ASSUMING_ON_DC_ALLOCATION_NOT_MEASURED,,,UNBOUND
SBP100,run,input_capacitor_leakage,0.0735187080852061,ASSUMING_ON_DC_ALLOCATION_NOT_MEASURED,,,UNBOUND
SBP100,run,CHB_conversion,63.70588235294119,ASSUMING_ON_DC_ALLOCATION_NOT_MEASURED,,,UNBOUND
SBP100,run,THN_conversion,4.2,ASSUMING_ON_DC_ALLOCATION_NOT_MEASURED,,,UNBOUND
SBP100,run,startup_bias_allocation,0.25,ASSUMING_ON_DC_ALLOCATION_NOT_MEASURED,,,UNBOUND
SBP100,cold,shared_contact_loop,0.0,MAIN_SWITCH_OPEN_AUX_ON_ALLOCATION_NOT_MEASURED,,,UNBOUND
SBP100,cold,main_before_sense,4.5e-08,MAIN_SWITCH_OPEN_AUX_ON_ALLOCATION_NOT_MEASURED,,,UNBOUND
SBP100,cold,main_after_sense,0.0,MAIN_SWITCH_OPEN_AUX_ON_ALLOCATION_NOT_MEASURED,,,UNBOUND
SBP100,cold,auxiliary_branch,0.02785150787586782,MAIN_SWITCH_OPEN_AUX_ON_ALLOCATION_NOT_MEASURED,,,UNBOUND
SBP100,cold,controller_allocation,0.075599955,MAIN_SWITCH_OPEN_AUX_ON_ALLOCATION_NOT_MEASURED,,,UNBOUND
SBP100,cold,input_capacitor_leakage,0.0,MAIN_SWITCH_OPEN_AUX_ON_ALLOCATION_NOT_MEASURED,,,UNBOUND
SBP100,cold,THN_conversion,4.2,MAIN_SWITCH_OPEN_AUX_ON_ALLOCATION_NOT_MEASURED,,,UNBOUND
SBP100,cold,startup_bias_allocation,0,MAIN_SWITCH_OPEN_AUX_ON_ALLOCATION_NOT_MEASURED,,,UNBOUND
SBP101,run,shared_contact_loop,0.0,ASSUMING_ON_DC_ALLOCATION_NOT_MEASURED,,,UNBOUND
SBP101,run,main_before_sense,1.5045442179575816,ASSUMING_ON_DC_ALLOCATION_NOT_MEASURED,,,UNBOUND
SBP101,run,main_after_sense,10.528167028602184,ASSUMING_ON_DC_ALLOCATION_NOT_MEASURED,,,UNBOUND
SBP101,run,auxiliary_branch,0.021999637706993674,ASSUMING_ON_DC_ALLOCATION_NOT_MEASURED,,,UNBOUND
SBP101,run,controller_allocation,0.07533979913565077,ASSUMING_ON_DC_ALLOCATION_NOT_MEASURED,,,UNBOUND
SBP101,run,input_capacitor_leakage,0.0735187080852061,ASSUMING_ON_DC_ALLOCATION_NOT_MEASURED,,,UNBOUND
SBP101,run,CHB_conversion,63.70588235294119,ASSUMING_ON_DC_ALLOCATION_NOT_MEASURED,,,UNBOUND
SBP101,run,THN_conversion,1.8666666666666676,ASSUMING_ON_DC_ALLOCATION_NOT_MEASURED,,,UNBOUND
SBP101,run,startup_bias_allocation,0.25,ASSUMING_ON_DC_ALLOCATION_NOT_MEASURED,,,UNBOUND
SBP101,cold,shared_contact_loop,0.0,MAIN_SWITCH_OPEN_AUX_ON_ALLOCATION_NOT_MEASURED,,,UNBOUND
SBP101,cold,main_before_sense,4.5e-08,MAIN_SWITCH_OPEN_AUX_ON_ALLOCATION_NOT_MEASURED,,,UNBOUND
SBP101,cold,main_after_sense,0.0,MAIN_SWITCH_OPEN_AUX_ON_ALLOCATION_NOT_MEASURED,,,UNBOUND
SBP101,cold,auxiliary_branch,0.021999637706993674,MAIN_SWITCH_OPEN_AUX_ON_ALLOCATION_NOT_MEASURED,,,UNBOUND
SBP101,cold,controller_allocation,0.075599955,MAIN_SWITCH_OPEN_AUX_ON_ALLOCATION_NOT_MEASURED,,,UNBOUND
SBP101,cold,input_capacitor_leakage,0.0,MAIN_SWITCH_OPEN_AUX_ON_ALLOCATION_NOT_MEASURED,,,UNBOUND
SBP101,cold,THN_conversion,1.8666666666666676,MAIN_SWITCH_OPEN_AUX_ON_ALLOCATION_NOT_MEASURED,,,UNBOUND
SBP101,cold,startup_bias_allocation,0,MAIN_SWITCH_OPEN_AUX_ON_ALLOCATION_NOT_MEASURED,,,UNBOUND
SBP102,run,shared_contact_loop,0.0,ASSUMING_ON_DC_ALLOCATION_NOT_MEASURED,,,UNBOUND
SBP102,run,main_before_sense,1.3378416373989612,ASSUMING_ON_DC_ALLOCATION_NOT_MEASURED,,,UNBOUND
SBP102,run,main_after_sense,9.361456698446917,ASSUMING_ON_DC_ALLOCATION_NOT_MEASURED,,,UNBOUND
SBP102,run,auxiliary_branch,0.02785150787586782,ASSUMING_ON_DC_ALLOCATION_NOT_MEASURED,,,UNBOUND
SBP102,run,controller_allocation,0.0753546372610135,ASSUMING_ON_DC_ALLOCATION_NOT_MEASURED,,,UNBOUND
SBP102,run,input_capacitor_leakage,0.07363741308810806,ASSUMING_ON_DC_ALLOCATION_NOT_MEASURED,,,UNBOUND
SBP102,run,CHB_conversion,40.11111111111113,ASSUMING_ON_DC_ALLOCATION_NOT_MEASURED,,,UNBOUND
SBP102,run,THN_conversion,4.2,ASSUMING_ON_DC_ALLOCATION_NOT_MEASURED,,,UNBOUND
SBP102,run,startup_bias_allocation,0.25,ASSUMING_ON_DC_ALLOCATION_NOT_MEASURED,,,UNBOUND
SBP102,cold,shared_contact_loop,0.0,MAIN_SWITCH_OPEN_AUX_ON_ALLOCATION_NOT_MEASURED,,,UNBOUND
SBP102,cold,main_before_sense,4.5e-08,MAIN_SWITCH_OPEN_AUX_ON_ALLOCATION_NOT_MEASURED,,,UNBOUND
SBP102,cold,main_after_sense,0.0,MAIN_SWITCH_OPEN_AUX_ON_ALLOCATION_NOT_MEASURED,,,UNBOUND
SBP102,cold,auxiliary_branch,0.02785150787586782,MAIN_SWITCH_OPEN_AUX_ON_ALLOCATION_NOT_MEASURED,,,UNBOUND
SBP102,cold,controller_allocation,0.075599955,MAIN_SWITCH_OPEN_AUX_ON_ALLOCATION_NOT_MEASURED,,,UNBOUND
SBP102,cold,input_capacitor_leakage,0.0,MAIN_SWITCH_OPEN_AUX_ON_ALLOCATION_NOT_MEASURED,,,UNBOUND
SBP102,cold,THN_conversion,4.2,MAIN_SWITCH_OPEN_AUX_ON_ALLOCATION_NOT_MEASURED,,,UNBOUND
SBP102,cold,startup_bias_allocation,0,MAIN_SWITCH_OPEN_AUX_ON_ALLOCATION_NOT_MEASURED,,,UNBOUND
SBP103,run,shared_contact_loop,0.0,ASSUMING_ON_DC_ALLOCATION_NOT_MEASURED,,,UNBOUND
SBP103,run,main_before_sense,1.3378416373989612,ASSUMING_ON_DC_ALLOCATION_NOT_MEASURED,,,UNBOUND
SBP103,run,main_after_sense,9.361456698446917,ASSUMING_ON_DC_ALLOCATION_NOT_MEASURED,,,UNBOUND
SBP103,run,auxiliary_branch,0.021999637706993674,ASSUMING_ON_DC_ALLOCATION_NOT_MEASURED,,,UNBOUND
SBP103,run,controller_allocation,0.0753546372610135,ASSUMING_ON_DC_ALLOCATION_NOT_MEASURED,,,UNBOUND
SBP103,run,input_capacitor_leakage,0.07363741308810806,ASSUMING_ON_DC_ALLOCATION_NOT_MEASURED,,,UNBOUND
SBP103,run,CHB_conversion,40.11111111111113,ASSUMING_ON_DC_ALLOCATION_NOT_MEASURED,,,UNBOUND
SBP103,run,THN_conversion,1.8666666666666676,ASSUMING_ON_DC_ALLOCATION_NOT_MEASURED,,,UNBOUND
SBP103,run,startup_bias_allocation,0.25,ASSUMING_ON_DC_ALLOCATION_NOT_MEASURED,,,UNBOUND
SBP103,cold,shared_contact_loop,0.0,MAIN_SWITCH_OPEN_AUX_ON_ALLOCATION_NOT_MEASURED,,,UNBOUND
SBP103,cold,main_before_sense,4.5e-08,MAIN_SWITCH_OPEN_AUX_ON_ALLOCATION_NOT_MEASURED,,,UNBOUND
SBP103,cold,main_after_sense,0.0,MAIN_SWITCH_OPEN_AUX_ON_ALLOCATION_NOT_MEASURED,,,UNBOUND
SBP103,cold,auxiliary_branch,0.021999637706993674,MAIN_SWITCH_OPEN_AUX_ON_ALLOCATION_NOT_MEASURED,,,UNBOUND
SBP103,cold,controller_allocation,0.075599955,MAIN_SWITCH_OPEN_AUX_ON_ALLOCATION_NOT_MEASURED,,,UNBOUND
SBP103,cold,input_capacitor_leakage,0.0,MAIN_SWITCH_OPEN_AUX_ON_ALLOCATION_NOT_MEASURED,,,UNBOUND
SBP103,cold,THN_conversion,1.8666666666666676,MAIN_SWITCH_OPEN_AUX_ON_ALLOCATION_NOT_MEASURED,,,UNBOUND
SBP103,cold,startup_bias_allocation,0,MAIN_SWITCH_OPEN_AUX_ON_ALLOCATION_NOT_MEASURED,,,UNBOUND
SBP104,run,shared_contact_loop,0.0,ASSUMING_ON_DC_ALLOCATION_NOT_MEASURED,,,UNBOUND
SBP104,run,main_before_sense,6.200208861329464,ASSUMING_ON_DC_ALLOCATION_NOT_MEASURED,,,UNBOUND
SBP104,run,main_after_sense,12.396192375437568,ASSUMING_ON_DC_ALLOCATION_NOT_MEASURED,,,UNBOUND
SBP104,run,auxiliary_branch,0.012514903133628482,ASSUMING_ON_DC_ALLOCATION_NOT_MEASURED,,,UNBOUND
SBP104,run,controller_allocation,0.07454357319466075,ASSUMING_ON_DC_ALLOCATION_NOT_MEASURED,,,UNBOUND
SBP104,run,input_capacitor_leakage,0.07243107958398223,ASSUMING_ON_DC_ALLOCATION_NOT_MEASURED,,,UNBOUND
SBP104,run,CHB_conversion,63.70588235294119,ASSUMING_ON_DC_ALLOCATION_NOT_MEASURED,,,UNBOUND
SBP104,run,THN_conversion,4.2,ASSUMING_ON_DC_ALLOCATION_NOT_MEASURED,,,UNBOUND
SBP104,run,startup_bias_allocation,0.25,ASSUMING_ON_DC_ALLOCATION_NOT_MEASURED,,,UNBOUND
SBP104,cold,shared_contact_loop,0.0,MAIN_SWITCH_OPEN_AUX_ON_ALLOCATION_NOT_MEASURED,,,UNBOUND
SBP104,cold,main_before_sense,1.8e-07,MAIN_SWITCH_OPEN_AUX_ON_ALLOCATION_NOT_MEASURED,,,UNBOUND
SBP104,cold,main_after_sense,0.0,MAIN_SWITCH_OPEN_AUX_ON_ALLOCATION_NOT_MEASURED,,,UNBOUND
SBP104,cold,auxiliary_branch,0.012514903133628482,MAIN_SWITCH_OPEN_AUX_ON_ALLOCATION_NOT_MEASURED,,,UNBOUND
SBP104,cold,controller_allocation,0.07559982,MAIN_SWITCH_OPEN_AUX_ON_ALLOCATION_NOT_MEASURED,,,UNBOUND
SBP104,cold,input_capacitor_leakage,0.0,MAIN_SWITCH_OPEN_AUX_ON_ALLOCATION_NOT_MEASURED,,,UNBOUND
SBP104,cold,THN_conversion,4.2,MAIN_SWITCH_OPEN_AUX_ON_ALLOCATION_NOT_MEASURED,,,UNBOUND
SBP104,cold,startup_bias_allocation,0,MAIN_SWITCH_OPEN_AUX_ON_ALLOCATION_NOT_MEASURED,,,UNBOUND
SBP105,run,shared_contact_loop,0.0,ASSUMING_ON_DC_ALLOCATION_NOT_MEASURED,,,UNBOUND
SBP105,run,main_before_sense,6.200208861329464,ASSUMING_ON_DC_ALLOCATION_NOT_MEASURED,,,UNBOUND
SBP105,run,main_after_sense,12.396192375437568,ASSUMING_ON_DC_ALLOCATION_NOT_MEASURED,,,UNBOUND
SBP105,run,auxiliary_branch,0.009887008423427476,ASSUMING_ON_DC_ALLOCATION_NOT_MEASURED,,,UNBOUND
SBP105,run,controller_allocation,0.07454357319466075,ASSUMING_ON_DC_ALLOCATION_NOT_MEASURED,,,UNBOUND
SBP105,run,input_capacitor_leakage,0.07243107958398223,ASSUMING_ON_DC_ALLOCATION_NOT_MEASURED,,,UNBOUND
SBP105,run,CHB_conversion,63.70588235294119,ASSUMING_ON_DC_ALLOCATION_NOT_MEASURED,,,UNBOUND
SBP105,run,THN_conversion,1.8666666666666676,ASSUMING_ON_DC_ALLOCATION_NOT_MEASURED,,,UNBOUND
SBP105,run,startup_bias_allocation,0.25,ASSUMING_ON_DC_ALLOCATION_NOT_MEASURED,,,UNBOUND
SBP105,cold,shared_contact_loop,0.0,MAIN_SWITCH_OPEN_AUX_ON_ALLOCATION_NOT_MEASURED,,,UNBOUND
SBP105,cold,main_before_sense,1.8e-07,MAIN_SWITCH_OPEN_AUX_ON_ALLOCATION_NOT_MEASURED,,,UNBOUND
SBP105,cold,main_after_sense,0.0,MAIN_SWITCH_OPEN_AUX_ON_ALLOCATION_NOT_MEASURED,,,UNBOUND
SBP105,cold,auxiliary_branch,0.009887008423427476,MAIN_SWITCH_OPEN_AUX_ON_ALLOCATION_NOT_MEASURED,,,UNBOUND
SBP105,cold,controller_allocation,0.07559982,MAIN_SWITCH_OPEN_AUX_ON_ALLOCATION_NOT_MEASURED,,,UNBOUND
SBP105,cold,input_capacitor_leakage,0.0,MAIN_SWITCH_OPEN_AUX_ON_ALLOCATION_NOT_MEASURED,,,UNBOUND
SBP105,cold,THN_conversion,1.8666666666666676,MAIN_SWITCH_OPEN_AUX_ON_ALLOCATION_NOT_MEASURED,,,UNBOUND
SBP105,cold,startup_bias_allocation,0,MAIN_SWITCH_OPEN_AUX_ON_ALLOCATION_NOT_MEASURED,,,UNBOUND
SBP106,run,shared_contact_loop,0.0,ASSUMING_ON_DC_ALLOCATION_NOT_MEASURED,,,UNBOUND
SBP106,run,main_before_sense,5.503133514859131,ASSUMING_ON_DC_ALLOCATION_NOT_MEASURED,,,UNBOUND
SBP106,run,main_after_sense,11.002286306382937,ASSUMING_ON_DC_ALLOCATION_NOT_MEASURED,,,UNBOUND
SBP106,run,auxiliary_branch,0.012514903133628482,ASSUMING_ON_DC_ALLOCATION_NOT_MEASURED,,,UNBOUND
SBP106,run,controller_allocation,0.074604729166169,ASSUMING_ON_DC_ALLOCATION_NOT_MEASURED,,,UNBOUND
SBP106,run,input_capacitor_leakage,0.07261454749850701,ASSUMING_ON_DC_ALLOCATION_NOT_MEASURED,,,UNBOUND
SBP106,run,CHB_conversion,40.11111111111113,ASSUMING_ON_DC_ALLOCATION_NOT_MEASURED,,,UNBOUND
SBP106,run,THN_conversion,4.2,ASSUMING_ON_DC_ALLOCATION_NOT_MEASURED,,,UNBOUND
SBP106,run,startup_bias_allocation,0.25,ASSUMING_ON_DC_ALLOCATION_NOT_MEASURED,,,UNBOUND
SBP106,cold,shared_contact_loop,0.0,MAIN_SWITCH_OPEN_AUX_ON_ALLOCATION_NOT_MEASURED,,,UNBOUND
SBP106,cold,main_before_sense,1.8e-07,MAIN_SWITCH_OPEN_AUX_ON_ALLOCATION_NOT_MEASURED,,,UNBOUND
SBP106,cold,main_after_sense,0.0,MAIN_SWITCH_OPEN_AUX_ON_ALLOCATION_NOT_MEASURED,,,UNBOUND
SBP106,cold,auxiliary_branch,0.012514903133628482,MAIN_SWITCH_OPEN_AUX_ON_ALLOCATION_NOT_MEASURED,,,UNBOUND
SBP106,cold,controller_allocation,0.07559982,MAIN_SWITCH_OPEN_AUX_ON_ALLOCATION_NOT_MEASURED,,,UNBOUND
SBP106,cold,input_capacitor_leakage,0.0,MAIN_SWITCH_OPEN_AUX_ON_ALLOCATION_NOT_MEASURED,,,UNBOUND
SBP106,cold,THN_conversion,4.2,MAIN_SWITCH_OPEN_AUX_ON_ALLOCATION_NOT_MEASURED,,,UNBOUND
SBP106,cold,startup_bias_allocation,0,MAIN_SWITCH_OPEN_AUX_ON_ALLOCATION_NOT_MEASURED,,,UNBOUND
SBP107,run,shared_contact_loop,0.0,ASSUMING_ON_DC_ALLOCATION_NOT_MEASURED,,,UNBOUND
SBP107,run,main_before_sense,5.503133514859131,ASSUMING_ON_DC_ALLOCATION_NOT_MEASURED,,,UNBOUND
SBP107,run,main_after_sense,11.002286306382937,ASSUMING_ON_DC_ALLOCATION_NOT_MEASURED,,,UNBOUND
SBP107,run,auxiliary_branch,0.009887008423427476,ASSUMING_ON_DC_ALLOCATION_NOT_MEASURED,,,UNBOUND
SBP107,run,controller_allocation,0.074604729166169,ASSUMING_ON_DC_ALLOCATION_NOT_MEASURED,,,UNBOUND
SBP107,run,input_capacitor_leakage,0.07261454749850701,ASSUMING_ON_DC_ALLOCATION_NOT_MEASURED,,,UNBOUND
SBP107,run,CHB_conversion,40.11111111111113,ASSUMING_ON_DC_ALLOCATION_NOT_MEASURED,,,UNBOUND
SBP107,run,THN_conversion,1.8666666666666676,ASSUMING_ON_DC_ALLOCATION_NOT_MEASURED,,,UNBOUND
SBP107,run,startup_bias_allocation,0.25,ASSUMING_ON_DC_ALLOCATION_NOT_MEASURED,,,UNBOUND
SBP107,cold,shared_contact_loop,0.0,MAIN_SWITCH_OPEN_AUX_ON_ALLOCATION_NOT_MEASURED,,,UNBOUND
SBP107,cold,main_before_sense,1.8e-07,MAIN_SWITCH_OPEN_AUX_ON_ALLOCATION_NOT_MEASURED,,,UNBOUND
SBP107,cold,main_after_sense,0.0,MAIN_SWITCH_OPEN_AUX_ON_ALLOCATION_NOT_MEASURED,,,UNBOUND
SBP107,cold,auxiliary_branch,0.009887008423427476,MAIN_SWITCH_OPEN_AUX_ON_ALLOCATION_NOT_MEASURED,,,UNBOUND
SBP107,cold,controller_allocation,0.07559982,MAIN_SWITCH_OPEN_AUX_ON_ALLOCATION_NOT_MEASURED,,,UNBOUND
SBP107,cold,input_capacitor_leakage,0.0,MAIN_SWITCH_OPEN_AUX_ON_ALLOCATION_NOT_MEASURED,,,UNBOUND
SBP107,cold,THN_conversion,1.8666666666666676,MAIN_SWITCH_OPEN_AUX_ON_ALLOCATION_NOT_MEASURED,,,UNBOUND
SBP107,cold,startup_bias_allocation,0,MAIN_SWITCH_OPEN_AUX_ON_ALLOCATION_NOT_MEASURED,,,UNBOUND
SBP108,run,shared_contact_loop,0.0,ASSUMING_ON_DC_ALLOCATION_NOT_MEASURED,,,UNBOUND
SBP108,run,main_before_sense,6.200208861329464,ASSUMING_ON_DC_ALLOCATION_NOT_MEASURED,,,UNBOUND
SBP108,run,main_after_sense,12.396192375437568,ASSUMING_ON_DC_ALLOCATION_NOT_MEASURED,,,UNBOUND
SBP108,run,auxiliary_branch,0.02785150787586782,ASSUMING_ON_DC_ALLOCATION_NOT_MEASURED,,,UNBOUND
SBP108,run,controller_allocation,0.07454357319466075,ASSUMING_ON_DC_ALLOCATION_NOT_MEASURED,,,UNBOUND
SBP108,run,input_capacitor_leakage,0.07243107958398223,ASSUMING_ON_DC_ALLOCATION_NOT_MEASURED,,,UNBOUND
SBP108,run,CHB_conversion,63.70588235294119,ASSUMING_ON_DC_ALLOCATION_NOT_MEASURED,,,UNBOUND
SBP108,run,THN_conversion,4.2,ASSUMING_ON_DC_ALLOCATION_NOT_MEASURED,,,UNBOUND
SBP108,run,startup_bias_allocation,0.25,ASSUMING_ON_DC_ALLOCATION_NOT_MEASURED,,,UNBOUND
SBP108,cold,shared_contact_loop,0.0,MAIN_SWITCH_OPEN_AUX_ON_ALLOCATION_NOT_MEASURED,,,UNBOUND
SBP108,cold,main_before_sense,1.8e-07,MAIN_SWITCH_OPEN_AUX_ON_ALLOCATION_NOT_MEASURED,,,UNBOUND
SBP108,cold,main_after_sense,0.0,MAIN_SWITCH_OPEN_AUX_ON_ALLOCATION_NOT_MEASURED,,,UNBOUND
SBP108,cold,auxiliary_branch,0.02785150787586782,MAIN_SWITCH_OPEN_AUX_ON_ALLOCATION_NOT_MEASURED,,,UNBOUND
SBP108,cold,controller_allocation,0.07559982,MAIN_SWITCH_OPEN_AUX_ON_ALLOCATION_NOT_MEASURED,,,UNBOUND
SBP108,cold,input_capacitor_leakage,0.0,MAIN_SWITCH_OPEN_AUX_ON_ALLOCATION_NOT_MEASURED,,,UNBOUND
SBP108,cold,THN_conversion,4.2,MAIN_SWITCH_OPEN_AUX_ON_ALLOCATION_NOT_MEASURED,,,UNBOUND
SBP108,cold,startup_bias_allocation,0,MAIN_SWITCH_OPEN_AUX_ON_ALLOCATION_NOT_MEASURED,,,UNBOUND
SBP109,run,shared_contact_loop,0.0,ASSUMING_ON_DC_ALLOCATION_NOT_MEASURED,,,UNBOUND
SBP109,run,main_before_sense,6.200208861329464,ASSUMING_ON_DC_ALLOCATION_NOT_MEASURED,,,UNBOUND
SBP109,run,main_after_sense,12.396192375437568,ASSUMING_ON_DC_ALLOCATION_NOT_MEASURED,,,UNBOUND
SBP109,run,auxiliary_branch,0.021999637706993674,ASSUMING_ON_DC_ALLOCATION_NOT_MEASURED,,,UNBOUND
SBP109,run,controller_allocation,0.07454357319466075,ASSUMING_ON_DC_ALLOCATION_NOT_MEASURED,,,UNBOUND
SBP109,run,input_capacitor_leakage,0.07243107958398223,ASSUMING_ON_DC_ALLOCATION_NOT_MEASURED,,,UNBOUND
SBP109,run,CHB_conversion,63.70588235294119,ASSUMING_ON_DC_ALLOCATION_NOT_MEASURED,,,UNBOUND
SBP109,run,THN_conversion,1.8666666666666676,ASSUMING_ON_DC_ALLOCATION_NOT_MEASURED,,,UNBOUND
SBP109,run,startup_bias_allocation,0.25,ASSUMING_ON_DC_ALLOCATION_NOT_MEASURED,,,UNBOUND
SBP109,cold,shared_contact_loop,0.0,MAIN_SWITCH_OPEN_AUX_ON_ALLOCATION_NOT_MEASURED,,,UNBOUND
SBP109,cold,main_before_sense,1.8e-07,MAIN_SWITCH_OPEN_AUX_ON_ALLOCATION_NOT_MEASURED,,,UNBOUND
SBP109,cold,main_after_sense,0.0,MAIN_SWITCH_OPEN_AUX_ON_ALLOCATION_NOT_MEASURED,,,UNBOUND
SBP109,cold,auxiliary_branch,0.021999637706993674,MAIN_SWITCH_OPEN_AUX_ON_ALLOCATION_NOT_MEASURED,,,UNBOUND
SBP109,cold,controller_allocation,0.07559982,MAIN_SWITCH_OPEN_AUX_ON_ALLOCATION_NOT_MEASURED,,,UNBOUND
SBP109,cold,input_capacitor_leakage,0.0,MAIN_SWITCH_OPEN_AUX_ON_ALLOCATION_NOT_MEASURED,,,UNBOUND
SBP109,cold,THN_conversion,1.8666666666666676,MAIN_SWITCH_OPEN_AUX_ON_ALLOCATION_NOT_MEASURED,,,UNBOUND
SBP109,cold,startup_bias_allocation,0,MAIN_SWITCH_OPEN_AUX_ON_ALLOCATION_NOT_MEASURED,,,UNBOUND
SBP110,run,shared_contact_loop,0.0,ASSUMING_ON_DC_ALLOCATION_NOT_MEASURED,,,UNBOUND
SBP110,run,main_before_sense,5.503133514859131,ASSUMING_ON_DC_ALLOCATION_NOT_MEASURED,,,UNBOUND
SBP110,run,main_after_sense,11.002286306382937,ASSUMING_ON_DC_ALLOCATION_NOT_MEASURED,,,UNBOUND
SBP110,run,auxiliary_branch,0.02785150787586782,ASSUMING_ON_DC_ALLOCATION_NOT_MEASURED,,,UNBOUND
SBP110,run,controller_allocation,0.074604729166169,ASSUMING_ON_DC_ALLOCATION_NOT_MEASURED,,,UNBOUND
SBP110,run,input_capacitor_leakage,0.07261454749850701,ASSUMING_ON_DC_ALLOCATION_NOT_MEASURED,,,UNBOUND
SBP110,run,CHB_conversion,40.11111111111113,ASSUMING_ON_DC_ALLOCATION_NOT_MEASURED,,,UNBOUND
SBP110,run,THN_conversion,4.2,ASSUMING_ON_DC_ALLOCATION_NOT_MEASURED,,,UNBOUND
SBP110,run,startup_bias_allocation,0.25,ASSUMING_ON_DC_ALLOCATION_NOT_MEASURED,,,UNBOUND
SBP110,cold,shared_contact_loop,0.0,MAIN_SWITCH_OPEN_AUX_ON_ALLOCATION_NOT_MEASURED,,,UNBOUND
SBP110,cold,main_before_sense,1.8e-07,MAIN_SWITCH_OPEN_AUX_ON_ALLOCATION_NOT_MEASURED,,,UNBOUND
SBP110,cold,main_after_sense,0.0,MAIN_SWITCH_OPEN_AUX_ON_ALLOCATION_NOT_MEASURED,,,UNBOUND
SBP110,cold,auxiliary_branch,0.02785150787586782,MAIN_SWITCH_OPEN_AUX_ON_ALLOCATION_NOT_MEASURED,,,UNBOUND
SBP110,cold,controller_allocation,0.07559982,MAIN_SWITCH_OPEN_AUX_ON_ALLOCATION_NOT_MEASURED,,,UNBOUND
SBP110,cold,input_capacitor_leakage,0.0,MAIN_SWITCH_OPEN_AUX_ON_ALLOCATION_NOT_MEASURED,,,UNBOUND
SBP110,cold,THN_conversion,4.2,MAIN_SWITCH_OPEN_AUX_ON_ALLOCATION_NOT_MEASURED,,,UNBOUND
SBP110,cold,startup_bias_allocation,0,MAIN_SWITCH_OPEN_AUX_ON_ALLOCATION_NOT_MEASURED,,,UNBOUND
SBP111,run,shared_contact_loop,0.0,ASSUMING_ON_DC_ALLOCATION_NOT_MEASURED,,,UNBOUND
SBP111,run,main_before_sense,5.503133514859131,ASSUMING_ON_DC_ALLOCATION_NOT_MEASURED,,,UNBOUND
SBP111,run,main_after_sense,11.002286306382937,ASSUMING_ON_DC_ALLOCATION_NOT_MEASURED,,,UNBOUND
SBP111,run,auxiliary_branch,0.021999637706993674,ASSUMING_ON_DC_ALLOCATION_NOT_MEASURED,,,UNBOUND
SBP111,run,controller_allocation,0.074604729166169,ASSUMING_ON_DC_ALLOCATION_NOT_MEASURED,,,UNBOUND
SBP111,run,input_capacitor_leakage,0.07261454749850701,ASSUMING_ON_DC_ALLOCATION_NOT_MEASURED,,,UNBOUND
SBP111,run,CHB_conversion,40.11111111111113,ASSUMING_ON_DC_ALLOCATION_NOT_MEASURED,,,UNBOUND
SBP111,run,THN_conversion,1.8666666666666676,ASSUMING_ON_DC_ALLOCATION_NOT_MEASURED,,,UNBOUND
SBP111,run,startup_bias_allocation,0.25,ASSUMING_ON_DC_ALLOCATION_NOT_MEASURED,,,UNBOUND
SBP111,cold,shared_contact_loop,0.0,MAIN_SWITCH_OPEN_AUX_ON_ALLOCATION_NOT_MEASURED,,,UNBOUND
SBP111,cold,main_before_sense,1.8e-07,MAIN_SWITCH_OPEN_AUX_ON_ALLOCATION_NOT_MEASURED,,,UNBOUND
SBP111,cold,main_after_sense,0.0,MAIN_SWITCH_OPEN_AUX_ON_ALLOCATION_NOT_MEASURED,,,UNBOUND
SBP111,cold,auxiliary_branch,0.021999637706993674,MAIN_SWITCH_OPEN_AUX_ON_ALLOCATION_NOT_MEASURED,,,UNBOUND
SBP111,cold,controller_allocation,0.07559982,MAIN_SWITCH_OPEN_AUX_ON_ALLOCATION_NOT_MEASURED,,,UNBOUND
SBP111,cold,input_capacitor_leakage,0.0,MAIN_SWITCH_OPEN_AUX_ON_ALLOCATION_NOT_MEASURED,,,UNBOUND
SBP111,cold,THN_conversion,1.8666666666666676,MAIN_SWITCH_OPEN_AUX_ON_ALLOCATION_NOT_MEASURED,,,UNBOUND
SBP111,cold,startup_bias_allocation,0,MAIN_SWITCH_OPEN_AUX_ON_ALLOCATION_NOT_MEASURED,,,UNBOUND
SBP112,run,shared_contact_loop,3.356645683297437,ASSUMING_ON_DC_ALLOCATION_NOT_MEASURED,,,UNBOUND
SBP112,run,main_before_sense,1.527962979994929,ASSUMING_ON_DC_ALLOCATION_NOT_MEASURED,,,UNBOUND
SBP112,run,main_after_sense,10.692070121507584,ASSUMING_ON_DC_ALLOCATION_NOT_MEASURED,,,UNBOUND
SBP112,run,auxiliary_branch,0.012699103849853588,ASSUMING_ON_DC_ALLOCATION_NOT_MEASURED,,,UNBOUND
SBP112,run,controller_allocation,0.07478814737054795,ASSUMING_ON_DC_ALLOCATION_NOT_MEASURED,,,UNBOUND
SBP112,run,input_capacitor_leakage,0.07295293564208857,ASSUMING_ON_DC_ALLOCATION_NOT_MEASURED,,,UNBOUND
SBP112,run,CHB_conversion,63.70588235294119,ASSUMING_ON_DC_ALLOCATION_NOT_MEASURED,,,UNBOUND
SBP112,run,THN_conversion,4.2,ASSUMING_ON_DC_ALLOCATION_NOT_MEASURED,,,UNBOUND
SBP112,run,startup_bias_allocation,0.25,ASSUMING_ON_DC_ALLOCATION_NOT_MEASURED,,,UNBOUND
SBP112,cold,shared_contact_loop,0.007007487410643145,MAIN_SWITCH_OPEN_AUX_ON_ALLOCATION_NOT_MEASURED,,,UNBOUND
SBP112,cold,main_before_sense,4.5e-08,MAIN_SWITCH_OPEN_AUX_ON_ALLOCATION_NOT_MEASURED,,,UNBOUND
SBP112,cold,main_after_sense,0.0,MAIN_SWITCH_OPEN_AUX_ON_ALLOCATION_NOT_MEASURED,,,UNBOUND
SBP112,cold,auxiliary_branch,0.01252323174370366,MAIN_SWITCH_OPEN_AUX_ON_ALLOCATION_NOT_MEASURED,,,UNBOUND
SBP112,cold,controller_allocation,0.07557484177904056,MAIN_SWITCH_OPEN_AUX_ON_ALLOCATION_NOT_MEASURED,,,UNBOUND
SBP112,cold,input_capacitor_leakage,0.0,MAIN_SWITCH_OPEN_AUX_ON_ALLOCATION_NOT_MEASURED,,,UNBOUND
SBP112,cold,THN_conversion,4.2,MAIN_SWITCH_OPEN_AUX_ON_ALLOCATION_NOT_MEASURED,,,UNBOUND
SBP112,cold,startup_bias_allocation,0,MAIN_SWITCH_OPEN_AUX_ON_ALLOCATION_NOT_MEASURED,,,UNBOUND
SBP113,run,shared_contact_loop,3.3222532340319044,ASSUMING_ON_DC_ALLOCATION_NOT_MEASURED,,,UNBOUND
SBP113,run,main_before_sense,1.5278412746758585,ASSUMING_ON_DC_ALLOCATION_NOT_MEASURED,,,UNBOUND
SBP113,run,main_after_sense,10.69121833048039,ASSUMING_ON_DC_ALLOCATION_NOT_MEASURED,,,UNBOUND
SBP113,run,auxiliary_branch,0.010031755349586178,ASSUMING_ON_DC_ALLOCATION_NOT_MEASURED,,,UNBOUND
SBP113,run,controller_allocation,0.07479098086253055,ASSUMING_ON_DC_ALLOCATION_NOT_MEASURED,,,UNBOUND
SBP113,run,input_capacitor_leakage,0.07295584223722147,ASSUMING_ON_DC_ALLOCATION_NOT_MEASURED,,,UNBOUND
SBP113,run,CHB_conversion,63.70588235294119,ASSUMING_ON_DC_ALLOCATION_NOT_MEASURED,,,UNBOUND
SBP113,run,THN_conversion,1.8666666666666676,ASSUMING_ON_DC_ALLOCATION_NOT_MEASURED,,,UNBOUND
SBP113,run,startup_bias_allocation,0.25,ASSUMING_ON_DC_ALLOCATION_NOT_MEASURED,,,UNBOUND
SBP113,cold,shared_contact_loop,0.005540603369145493,MAIN_SWITCH_OPEN_AUX_ON_ALLOCATION_NOT_MEASURED,,,UNBOUND
SBP113,cold,main_before_sense,4.5e-08,MAIN_SWITCH_OPEN_AUX_ON_ALLOCATION_NOT_MEASURED,,,UNBOUND
SBP113,cold,main_after_sense,0.0,MAIN_SWITCH_OPEN_AUX_ON_ALLOCATION_NOT_MEASURED,,,UNBOUND
SBP113,cold,auxiliary_branch,0.009892858016758384,MAIN_SWITCH_OPEN_AUX_ON_ALLOCATION_NOT_MEASURED,,,UNBOUND
SBP113,cold,controller_allocation,0.07557762443119348,MAIN_SWITCH_OPEN_AUX_ON_ALLOCATION_NOT_MEASURED,,,UNBOUND
SBP113,cold,input_capacitor_leakage,0.0,MAIN_SWITCH_OPEN_AUX_ON_ALLOCATION_NOT_MEASURED,,,UNBOUND
SBP113,cold,THN_conversion,1.8666666666666676,MAIN_SWITCH_OPEN_AUX_ON_ALLOCATION_NOT_MEASURED,,,UNBOUND
SBP113,cold,startup_bias_allocation,0,MAIN_SWITCH_OPEN_AUX_ON_ALLOCATION_NOT_MEASURED,,,UNBOUND
SBP114,run,shared_contact_loop,2.998620696310181,ASSUMING_ON_DC_ALLOCATION_NOT_MEASURED,,,UNBOUND
SBP114,run,main_before_sense,1.3574443942189327,ASSUMING_ON_DC_ALLOCATION_NOT_MEASURED,,,UNBOUND
SBP114,run,main_after_sense,9.498650921420744,ASSUMING_ON_DC_ALLOCATION_NOT_MEASURED,,,UNBOUND
SBP114,run,auxiliary_branch,0.012688898244917887,ASSUMING_ON_DC_ALLOCATION_NOT_MEASURED,,,UNBOUND
SBP114,run,controller_allocation,0.07483335042896684,ASSUMING_ON_DC_ALLOCATION_NOT_MEASURED,,,UNBOUND
SBP114,run,input_capacitor_leakage,0.07310358887307322,ASSUMING_ON_DC_ALLOCATION_NOT_MEASURED,,,UNBOUND
SBP114,run,CHB_conversion,40.11111111111113,ASSUMING_ON_DC_ALLOCATION_NOT_MEASURED,,,UNBOUND
SBP114,run,THN_conversion,4.2,ASSUMING_ON_DC_ALLOCATION_NOT_MEASURED,,,UNBOUND
SBP114,run,startup_bias_allocation,0.25,ASSUMING_ON_DC_ALLOCATION_NOT_MEASURED,,,UNBOUND
SBP114,cold,shared_contact_loop,0.007007487410643145,MAIN_SWITCH_OPEN_AUX_ON_ALLOCATION_NOT_MEASURED,,,UNBOUND
SBP114,cold,main_before_sense,4.5e-08,MAIN_SWITCH_OPEN_AUX_ON_ALLOCATION_NOT_MEASURED,,,UNBOUND
SBP114,cold,main_after_sense,0.0,MAIN_SWITCH_OPEN_AUX_ON_ALLOCATION_NOT_MEASURED,,,UNBOUND
SBP114,cold,auxiliary_branch,0.01252323174370366,MAIN_SWITCH_OPEN_AUX_ON_ALLOCATION_NOT_MEASURED,,,UNBOUND
SBP114,cold,controller_allocation,0.07557484177904056,MAIN_SWITCH_OPEN_AUX_ON_ALLOCATION_NOT_MEASURED,,,UNBOUND
SBP114,cold,input_capacitor_leakage,0.0,MAIN_SWITCH_OPEN_AUX_ON_ALLOCATION_NOT_MEASURED,,,UNBOUND
SBP114,cold,THN_conversion,4.2,MAIN_SWITCH_OPEN_AUX_ON_ALLOCATION_NOT_MEASURED,,,UNBOUND
SBP114,cold,startup_bias_allocation,0,MAIN_SWITCH_OPEN_AUX_ON_ALLOCATION_NOT_MEASURED,,,UNBOUND
SBP115,run,shared_contact_loop,2.966146777105624,ASSUMING_ON_DC_ALLOCATION_NOT_MEASURED,,,UNBOUND
SBP115,run,main_before_sense,1.3573367778332277,ASSUMING_ON_DC_ALLOCATION_NOT_MEASURED,,,UNBOUND
SBP115,run,main_after_sense,9.497897743881692,ASSUMING_ON_DC_ALLOCATION_NOT_MEASURED,,,UNBOUND
SBP115,run,auxiliary_branch,0.010023695387298005,ASSUMING_ON_DC_ALLOCATION_NOT_MEASURED,,,UNBOUND
SBP115,run,controller_allocation,0.07483618085417289,ASSUMING_ON_DC_ALLOCATION_NOT_MEASURED,,,UNBOUND
SBP115,run,input_capacitor_leakage,0.07310648787872241,ASSUMING_ON_DC_ALLOCATION_NOT_MEASURED,,,UNBOUND
SBP115,run,CHB_conversion,40.11111111111113,ASSUMING_ON_DC_ALLOCATION_NOT_MEASURED,,,UNBOUND
SBP115,run,THN_conversion,1.8666666666666676,ASSUMING_ON_DC_ALLOCATION_NOT_MEASURED,,,UNBOUND
SBP115,run,startup_bias_allocation,0.25,ASSUMING_ON_DC_ALLOCATION_NOT_MEASURED,,,UNBOUND
SBP115,cold,shared_contact_loop,0.005540603369145493,MAIN_SWITCH_OPEN_AUX_ON_ALLOCATION_NOT_MEASURED,,,UNBOUND
SBP115,cold,main_before_sense,4.5e-08,MAIN_SWITCH_OPEN_AUX_ON_ALLOCATION_NOT_MEASURED,,,UNBOUND
SBP115,cold,main_after_sense,0.0,MAIN_SWITCH_OPEN_AUX_ON_ALLOCATION_NOT_MEASURED,,,UNBOUND
SBP115,cold,auxiliary_branch,0.009892858016758384,MAIN_SWITCH_OPEN_AUX_ON_ALLOCATION_NOT_MEASURED,,,UNBOUND
SBP115,cold,controller_allocation,0.07557762443119348,MAIN_SWITCH_OPEN_AUX_ON_ALLOCATION_NOT_MEASURED,,,UNBOUND
SBP115,cold,input_capacitor_leakage,0.0,MAIN_SWITCH_OPEN_AUX_ON_ALLOCATION_NOT_MEASURED,,,UNBOUND
SBP115,cold,THN_conversion,1.8666666666666676,MAIN_SWITCH_OPEN_AUX_ON_ALLOCATION_NOT_MEASURED,,,UNBOUND
SBP115,cold,startup_bias_allocation,0,MAIN_SWITCH_OPEN_AUX_ON_ALLOCATION_NOT_MEASURED,,,UNBOUND
SBP116,run,shared_contact_loop,3.356875416136133,ASSUMING_ON_DC_ALLOCATION_NOT_MEASURED,,,UNBOUND
SBP116,run,main_before_sense,1.5279637909036836,ASSUMING_ON_DC_ALLOCATION_NOT_MEASURED,,,UNBOUND
SBP116,run,main_after_sense,10.692075796894729,ASSUMING_ON_DC_ALLOCATION_NOT_MEASURED,,,UNBOUND
SBP116,run,auxiliary_branch,0.02826206279167244,ASSUMING_ON_DC_ALLOCATION_NOT_MEASURED,,,UNBOUND
SBP116,run,controller_allocation,0.07478812849246697,ASSUMING_ON_DC_ALLOCATION_NOT_MEASURED,,,UNBOUND
SBP116,run,input_capacitor_leakage,0.07295291627693934,ASSUMING_ON_DC_ALLOCATION_NOT_MEASURED,,,UNBOUND
SBP116,run,CHB_conversion,63.70588235294119,ASSUMING_ON_DC_ALLOCATION_NOT_MEASURED,,,UNBOUND
SBP116,run,THN_conversion,4.2,ASSUMING_ON_DC_ALLOCATION_NOT_MEASURED,,,UNBOUND
SBP116,run,startup_bias_allocation,0.25,ASSUMING_ON_DC_ALLOCATION_NOT_MEASURED,,,UNBOUND
SBP116,cold,shared_contact_loop,0.0070176938952816875,MAIN_SWITCH_OPEN_AUX_ON_ALLOCATION_NOT_MEASURED,,,UNBOUND
SBP116,cold,main_before_sense,4.5e-08,MAIN_SWITCH_OPEN_AUX_ON_ALLOCATION_NOT_MEASURED,,,UNBOUND
SBP116,cold,main_after_sense,0.0,MAIN_SWITCH_OPEN_AUX_ON_ALLOCATION_NOT_MEASURED,,,UNBOUND
SBP116,cold,auxiliary_branch,0.027870083555927242,MAIN_SWITCH_OPEN_AUX_ON_ALLOCATION_NOT_MEASURED,,,UNBOUND
SBP116,cold,controller_allocation,0.07557482349685007,MAIN_SWITCH_OPEN_AUX_ON_ALLOCATION_NOT_MEASURED,,,UNBOUND
SBP116,cold,input_capacitor_leakage,0.0,MAIN_SWITCH_OPEN_AUX_ON_ALLOCATION_NOT_MEASURED,,,UNBOUND
SBP116,cold,THN_conversion,4.2,MAIN_SWITCH_OPEN_AUX_ON_ALLOCATION_NOT_MEASURED,,,UNBOUND
SBP116,cold,startup_bias_allocation,0,MAIN_SWITCH_OPEN_AUX_ON_ALLOCATION_NOT_MEASURED,,,UNBOUND
SBP117,run,shared_contact_loop,3.322433712660767,ASSUMING_ON_DC_ALLOCATION_NOT_MEASURED,,,UNBOUND
SBP117,run,main_before_sense,1.527841914940688,ASSUMING_ON_DC_ALLOCATION_NOT_MEASURED,,,UNBOUND
SBP117,run,main_after_sense,10.691222811565025,ASSUMING_ON_DC_ALLOCATION_NOT_MEASURED,,,UNBOUND
SBP117,run,auxiliary_branch,0.02232214815159306,ASSUMING_ON_DC_ALLOCATION_NOT_MEASURED,,,UNBOUND
SBP117,run,controller_allocation,0.07479096595525313,ASSUMING_ON_DC_ALLOCATION_NOT_MEASURED,,,UNBOUND
SBP117,run,input_capacitor_leakage,0.07295582694535688,ASSUMING_ON_DC_ALLOCATION_NOT_MEASURED,,,UNBOUND
SBP117,run,CHB_conversion,63.70588235294119,ASSUMING_ON_DC_ALLOCATION_NOT_MEASURED,,,UNBOUND
SBP117,run,THN_conversion,1.8666666666666676,ASSUMING_ON_DC_ALLOCATION_NOT_MEASURED,,,UNBOUND
SBP117,run,startup_bias_allocation,0.25,ASSUMING_ON_DC_ALLOCATION_NOT_MEASURED,,,UNBOUND
SBP117,cold,shared_contact_loop,0.005547769764429734,MAIN_SWITCH_OPEN_AUX_ON_ALLOCATION_NOT_MEASURED,,,UNBOUND
SBP117,cold,main_before_sense,4.5e-08,MAIN_SWITCH_OPEN_AUX_ON_ALLOCATION_NOT_MEASURED,,,UNBOUND
SBP117,cold,main_after_sense,0.0,MAIN_SWITCH_OPEN_AUX_ON_ALLOCATION_NOT_MEASURED,,,UNBOUND
SBP117,cold,auxiliary_branch,0.0220126790122862,MAIN_SWITCH_OPEN_AUX_ON_ALLOCATION_NOT_MEASURED,,,UNBOUND
SBP117,cold,controller_allocation,0.07557760999432091,MAIN_SWITCH_OPEN_AUX_ON_ALLOCATION_NOT_MEASURED,,,UNBOUND
SBP117,cold,input_capacitor_leakage,0.0,MAIN_SWITCH_OPEN_AUX_ON_ALLOCATION_NOT_MEASURED,,,UNBOUND
SBP117,cold,THN_conversion,1.8666666666666676,MAIN_SWITCH_OPEN_AUX_ON_ALLOCATION_NOT_MEASURED,,,UNBOUND
SBP117,cold,startup_bias_allocation,0,MAIN_SWITCH_OPEN_AUX_ON_ALLOCATION_NOT_MEASURED,,,UNBOUND
SBP118,run,shared_contact_loop,2.9988374713267354,ASSUMING_ON_DC_ALLOCATION_NOT_MEASURED,,,UNBOUND
SBP118,run,main_before_sense,1.3574451106772758,ASSUMING_ON_DC_ALLOCATION_NOT_MEASURED,,,UNBOUND
SBP118,run,main_after_sense,9.49865593571601,ASSUMING_ON_DC_ALLOCATION_NOT_MEASURED,,,UNBOUND
SBP118,run,auxiliary_branch,0.02823931635974977,ASSUMING_ON_DC_ALLOCATION_NOT_MEASURED,,,UNBOUND
SBP118,run,controller_allocation,0.0748333315864981,ASSUMING_ON_DC_ALLOCATION_NOT_MEASURED,,,UNBOUND
SBP118,run,input_capacitor_leakage,0.07310356957403787,ASSUMING_ON_DC_ALLOCATION_NOT_MEASURED,,,UNBOUND
SBP118,run,CHB_conversion,40.11111111111113,ASSUMING_ON_DC_ALLOCATION_NOT_MEASURED,,,UNBOUND
SBP118,run,THN_conversion,4.2,ASSUMING_ON_DC_ALLOCATION_NOT_MEASURED,,,UNBOUND
SBP118,run,startup_bias_allocation,0.25,ASSUMING_ON_DC_ALLOCATION_NOT_MEASURED,,,UNBOUND
SBP118,cold,shared_contact_loop,0.0070176938952816875,MAIN_SWITCH_OPEN_AUX_ON_ALLOCATION_NOT_MEASURED,,,UNBOUND
SBP118,cold,main_before_sense,4.5e-08,MAIN_SWITCH_OPEN_AUX_ON_ALLOCATION_NOT_MEASURED,,,UNBOUND
SBP118,cold,main_after_sense,0.0,MAIN_SWITCH_OPEN_AUX_ON_ALLOCATION_NOT_MEASURED,,,UNBOUND
SBP118,cold,auxiliary_branch,0.027870083555927242,MAIN_SWITCH_OPEN_AUX_ON_ALLOCATION_NOT_MEASURED,,,UNBOUND
SBP118,cold,controller_allocation,0.07557482349685007,MAIN_SWITCH_OPEN_AUX_ON_ALLOCATION_NOT_MEASURED,,,UNBOUND
SBP118,cold,input_capacitor_leakage,0.0,MAIN_SWITCH_OPEN_AUX_ON_ALLOCATION_NOT_MEASURED,,,UNBOUND
SBP118,cold,THN_conversion,4.2,MAIN_SWITCH_OPEN_AUX_ON_ALLOCATION_NOT_MEASURED,,,UNBOUND
SBP118,cold,startup_bias_allocation,0,MAIN_SWITCH_OPEN_AUX_ON_ALLOCATION_NOT_MEASURED,,,UNBOUND
SBP119,run,shared_contact_loop,2.9663170258964238,ASSUMING_ON_DC_ALLOCATION_NOT_MEASURED,,,UNBOUND
SBP119,run,main_before_sense,1.3573373435240899,ASSUMING_ON_DC_ALLOCATION_NOT_MEASURED,,,UNBOUND
SBP119,run,main_after_sense,9.497901702996721,ASSUMING_ON_DC_ALLOCATION_NOT_MEASURED,,,UNBOUND
SBP119,run,auxiliary_branch,0.022304189904770358,ASSUMING_ON_DC_ALLOCATION_NOT_MEASURED,,,UNBOUND
SBP119,run,controller_allocation,0.0748361659750081,ASSUMING_ON_DC_ALLOCATION_NOT_MEASURED,,,UNBOUND
SBP119,run,input_capacitor_leakage,0.07310647263905401,ASSUMING_ON_DC_ALLOCATION_NOT_MEASURED,,,UNBOUND
SBP119,run,CHB_conversion,40.11111111111113,ASSUMING_ON_DC_ALLOCATION_NOT_MEASURED,,,UNBOUND
SBP119,run,THN_conversion,1.8666666666666676,ASSUMING_ON_DC_ALLOCATION_NOT_MEASURED,,,UNBOUND
SBP119,run,startup_bias_allocation,0.25,ASSUMING_ON_DC_ALLOCATION_NOT_MEASURED,,,UNBOUND
SBP119,cold,shared_contact_loop,0.005547769764429734,MAIN_SWITCH_OPEN_AUX_ON_ALLOCATION_NOT_MEASURED,,,UNBOUND
SBP119,cold,main_before_sense,4.5e-08,MAIN_SWITCH_OPEN_AUX_ON_ALLOCATION_NOT_MEASURED,,,UNBOUND
SBP119,cold,main_after_sense,0.0,MAIN_SWITCH_OPEN_AUX_ON_ALLOCATION_NOT_MEASURED,,,UNBOUND
SBP119,cold,auxiliary_branch,0.0220126790122862,MAIN_SWITCH_OPEN_AUX_ON_ALLOCATION_NOT_MEASURED,,,UNBOUND
SBP119,cold,controller_allocation,0.07557760999432091,MAIN_SWITCH_OPEN_AUX_ON_ALLOCATION_NOT_MEASURED,,,UNBOUND
SBP119,cold,input_capacitor_leakage,0.0,MAIN_SWITCH_OPEN_AUX_ON_ALLOCATION_NOT_MEASURED,,,UNBOUND
SBP119,cold,THN_conversion,1.8666666666666676,MAIN_SWITCH_OPEN_AUX_ON_ALLOCATION_NOT_MEASURED,,,UNBOUND
SBP119,cold,startup_bias_allocation,0,MAIN_SWITCH_OPEN_AUX_ON_ALLOCATION_NOT_MEASURED,,,UNBOUND
SBP120,run,shared_contact_loop,3.4559089673079013,ASSUMING_ON_DC_ALLOCATION_NOT_MEASURED,,,UNBOUND
SBP120,run,main_before_sense,6.3012790403056345,ASSUMING_ON_DC_ALLOCATION_NOT_MEASURED,,,UNBOUND
SBP120,run,main_after_sense,12.598298430794834,ASSUMING_ON_DC_ALLOCATION_NOT_MEASURED,,,UNBOUND
SBP120,run,auxiliary_branch,0.01270183784084984,ASSUMING_ON_DC_ALLOCATION_NOT_MEASURED,,,UNBOUND
SBP120,run,controller_allocation,0.07397729528925576,ASSUMING_ON_DC_ALLOCATION_NOT_MEASURED,,,UNBOUND
SBP120,run,input_capacitor_leakage,0.07184765038104074,ASSUMING_ON_DC_ALLOCATION_NOT_MEASURED,,,UNBOUND
SBP120,run,CHB_conversion,63.70588235294119,ASSUMING_ON_DC_ALLOCATION_NOT_MEASURED,,,UNBOUND
SBP120,run,THN_conversion,4.2,ASSUMING_ON_DC_ALLOCATION_NOT_MEASURED,,,UNBOUND
SBP120,run,startup_bias_allocation,0.25,ASSUMING_ON_DC_ALLOCATION_NOT_MEASURED,,,UNBOUND
SBP120,cold,shared_contact_loop,0.007007487410643145,MAIN_SWITCH_OPEN_AUX_ON_ALLOCATION_NOT_MEASURED,,,UNBOUND
SBP120,cold,main_before_sense,1.8e-07,MAIN_SWITCH_OPEN_AUX_ON_ALLOCATION_NOT_MEASURED,,,UNBOUND
SBP120,cold,main_after_sense,0.0,MAIN_SWITCH_OPEN_AUX_ON_ALLOCATION_NOT_MEASURED,,,UNBOUND
SBP120,cold,auxiliary_branch,0.01252323174370366,MAIN_SWITCH_OPEN_AUX_ON_ALLOCATION_NOT_MEASURED,,,UNBOUND
SBP120,cold,controller_allocation,0.07557470677904055,MAIN_SWITCH_OPEN_AUX_ON_ALLOCATION_NOT_MEASURED,,,UNBOUND
SBP120,cold,input_capacitor_leakage,0.0,MAIN_SWITCH_OPEN_AUX_ON_ALLOCATION_NOT_MEASURED,,,UNBOUND
SBP120,cold,THN_conversion,4.2,MAIN_SWITCH_OPEN_AUX_ON_ALLOCATION_NOT_MEASURED,,,UNBOUND
SBP120,cold,startup_bias_allocation,0,MAIN_SWITCH_OPEN_AUX_ON_ALLOCATION_NOT_MEASURED,,,UNBOUND
SBP121,run,shared_contact_loop,3.420994189083722,ASSUMING_ON_DC_ALLOCATION_NOT_MEASURED,,,UNBOUND
SBP121,run,main_before_sense,6.300760788709445,ASSUMING_ON_DC_ALLOCATION_NOT_MEASURED,,,UNBOUND
SBP121,run,main_after_sense,12.597262102789294,ASSUMING_ON_DC_ALLOCATION_NOT_MEASURED,,,UNBOUND
SBP121,run,auxiliary_branch,0.010033914363129648,ASSUMING_ON_DC_ALLOCATION_NOT_MEASURED,,,UNBOUND
SBP121,run,controller_allocation,0.07398016344881102,ASSUMING_ON_DC_ALLOCATION_NOT_MEASURED,,,UNBOUND
SBP121,run,input_capacitor_leakage,0.07185060613401432,ASSUMING_ON_DC_ALLOCATION_NOT_MEASURED,,,UNBOUND
SBP121,run,CHB_conversion,63.70588235294119,ASSUMING_ON_DC_ALLOCATION_NOT_MEASURED,,,UNBOUND
SBP121,run,THN_conversion,1.8666666666666676,ASSUMING_ON_DC_ALLOCATION_NOT_MEASURED,,,UNBOUND
SBP121,run,startup_bias_allocation,0.25,ASSUMING_ON_DC_ALLOCATION_NOT_MEASURED,,,UNBOUND
SBP121,cold,shared_contact_loop,0.005540603369145493,MAIN_SWITCH_OPEN_AUX_ON_ALLOCATION_NOT_MEASURED,,,UNBOUND
SBP121,cold,main_before_sense,1.8e-07,MAIN_SWITCH_OPEN_AUX_ON_ALLOCATION_NOT_MEASURED,,,UNBOUND
SBP121,cold,main_after_sense,0.0,MAIN_SWITCH_OPEN_AUX_ON_ALLOCATION_NOT_MEASURED,,,UNBOUND
SBP121,cold,auxiliary_branch,0.009892858016758384,MAIN_SWITCH_OPEN_AUX_ON_ALLOCATION_NOT_MEASURED,,,UNBOUND
SBP121,cold,controller_allocation,0.07557748943119348,MAIN_SWITCH_OPEN_AUX_ON_ALLOCATION_NOT_MEASURED,,,UNBOUND
SBP121,cold,input_capacitor_leakage,0.0,MAIN_SWITCH_OPEN_AUX_ON_ALLOCATION_NOT_MEASURED,,,UNBOUND
SBP121,cold,THN_conversion,1.8666666666666676,MAIN_SWITCH_OPEN_AUX_ON_ALLOCATION_NOT_MEASURED,,,UNBOUND
SBP121,cold,startup_bias_allocation,0,MAIN_SWITCH_OPEN_AUX_ON_ALLOCATION_NOT_MEASURED,,,UNBOUND
SBP122,run,shared_contact_loop,3.081408467093001,ASSUMING_ON_DC_ALLOCATION_NOT_MEASURED,,,UNBOUND
SBP122,run,main_before_sense,5.5873263877118715,ASSUMING_ON_DC_ALLOCATION_NOT_MEASURED,,,UNBOUND
SBP122,run,main_after_sense,11.170641714229625,ASSUMING_ON_DC_ALLOCATION_NOT_MEASURED,,,UNBOUND
SBP122,run,auxiliary_branch,0.0126913089447729,ASSUMING_ON_DC_ALLOCATION_NOT_MEASURED,,,UNBOUND
SBP122,run,controller_allocation,0.07407052646969527,ASSUMING_ON_DC_ALLOCATION_NOT_MEASURED,,,UNBOUND
SBP122,run,input_capacitor_leakage,0.07206517587263682,ASSUMING_ON_DC_ALLOCATION_NOT_MEASURED,,,UNBOUND
SBP122,run,CHB_conversion,40.11111111111113,ASSUMING_ON_DC_ALLOCATION_NOT_MEASURED,,,UNBOUND
SBP122,run,THN_conversion,4.2,ASSUMING_ON_DC_ALLOCATION_NOT_MEASURED,,,UNBOUND
SBP122,run,startup_bias_allocation,0.25,ASSUMING_ON_DC_ALLOCATION_NOT_MEASURED,,,UNBOUND
SBP122,cold,shared_contact_loop,0.007007487410643145,MAIN_SWITCH_OPEN_AUX_ON_ALLOCATION_NOT_MEASURED,,,UNBOUND
SBP122,cold,main_before_sense,1.8e-07,MAIN_SWITCH_OPEN_AUX_ON_ALLOCATION_NOT_MEASURED,,,UNBOUND
SBP122,cold,main_after_sense,0.0,MAIN_SWITCH_OPEN_AUX_ON_ALLOCATION_NOT_MEASURED,,,UNBOUND
SBP122,cold,auxiliary_branch,0.01252323174370366,MAIN_SWITCH_OPEN_AUX_ON_ALLOCATION_NOT_MEASURED,,,UNBOUND
SBP122,cold,controller_allocation,0.07557470677904055,MAIN_SWITCH_OPEN_AUX_ON_ALLOCATION_NOT_MEASURED,,,UNBOUND
SBP122,cold,input_capacitor_leakage,0.0,MAIN_SWITCH_OPEN_AUX_ON_ALLOCATION_NOT_MEASURED,,,UNBOUND
SBP122,cold,THN_conversion,4.2,MAIN_SWITCH_OPEN_AUX_ON_ALLOCATION_NOT_MEASURED,,,UNBOUND
SBP122,cold,startup_bias_allocation,0,MAIN_SWITCH_OPEN_AUX_ON_ALLOCATION_NOT_MEASURED,,,UNBOUND
SBP123,run,shared_contact_loop,3.048474686275923,ASSUMING_ON_DC_ALLOCATION_NOT_MEASURED,,,UNBOUND
SBP123,run,main_before_sense,5.586869970524092,ASSUMING_ON_DC_ALLOCATION_NOT_MEASURED,,,UNBOUND
SBP123,run,main_after_sense,11.16972904369978,ASSUMING_ON_DC_ALLOCATION_NOT_MEASURED,,,UNBOUND
SBP123,run,auxiliary_branch,0.010025599102690385,ASSUMING_ON_DC_ALLOCATION_NOT_MEASURED,,,UNBOUND
SBP123,run,controller_allocation,0.07407338921220054,ASSUMING_ON_DC_ALLOCATION_NOT_MEASURED,,,UNBOUND
SBP123,run,input_capacitor_leakage,0.07206812053799952,ASSUMING_ON_DC_ALLOCATION_NOT_MEASURED,,,UNBOUND
SBP123,run,CHB_conversion,40.11111111111113,ASSUMING_ON_DC_ALLOCATION_NOT_MEASURED,,,UNBOUND
SBP123,run,THN_conversion,1.8666666666666676,ASSUMING_ON_DC_ALLOCATION_NOT_MEASURED,,,UNBOUND
SBP123,run,startup_bias_allocation,0.25,ASSUMING_ON_DC_ALLOCATION_NOT_MEASURED,,,UNBOUND
SBP123,cold,shared_contact_loop,0.005540603369145493,MAIN_SWITCH_OPEN_AUX_ON_ALLOCATION_NOT_MEASURED,,,UNBOUND
SBP123,cold,main_before_sense,1.8e-07,MAIN_SWITCH_OPEN_AUX_ON_ALLOCATION_NOT_MEASURED,,,UNBOUND
SBP123,cold,main_after_sense,0.0,MAIN_SWITCH_OPEN_AUX_ON_ALLOCATION_NOT_MEASURED,,,UNBOUND
SBP123,cold,auxiliary_branch,0.009892858016758384,MAIN_SWITCH_OPEN_AUX_ON_ALLOCATION_NOT_MEASURED,,,UNBOUND
SBP123,cold,controller_allocation,0.07557748943119348,MAIN_SWITCH_OPEN_AUX_ON_ALLOCATION_NOT_MEASURED,,,UNBOUND
SBP123,cold,input_capacitor_leakage,0.0,MAIN_SWITCH_OPEN_AUX_ON_ALLOCATION_NOT_MEASURED,,,UNBOUND
SBP123,cold,THN_conversion,1.8666666666666676,MAIN_SWITCH_OPEN_AUX_ON_ALLOCATION_NOT_MEASURED,,,UNBOUND
SBP123,cold,startup_bias_allocation,0,MAIN_SWITCH_OPEN_AUX_ON_ALLOCATION_NOT_MEASURED,,,UNBOUND
SBP124,run,shared_contact_loop,3.4561422310045633,ASSUMING_ON_DC_ALLOCATION_NOT_MEASURED,,,UNBOUND
SBP124,run,main_before_sense,6.301282494111379,ASSUMING_ON_DC_ALLOCATION_NOT_MEASURED,,,UNBOUND
SBP124,run,main_after_sense,12.598305337238845,ASSUMING_ON_DC_ALLOCATION_NOT_MEASURED,,,UNBOUND
SBP124,run,auxiliary_branch,0.028268156371513867,ASSUMING_ON_DC_ALLOCATION_NOT_MEASURED,,,UNBOUND
SBP124,run,controller_allocation,0.07397727617607167,ASSUMING_ON_DC_ALLOCATION_NOT_MEASURED,,,UNBOUND
SBP124,run,input_capacitor_leakage,0.07184763068411626,ASSUMING_ON_DC_ALLOCATION_NOT_MEASURED,,,UNBOUND
SBP124,run,CHB_conversion,63.70588235294119,ASSUMING_ON_DC_ALLOCATION_NOT_MEASURED,,,UNBOUND
SBP124,run,THN_conversion,4.2,ASSUMING_ON_DC_ALLOCATION_NOT_MEASURED,,,UNBOUND
SBP124,run,startup_bias_allocation,0.25,ASSUMING_ON_DC_ALLOCATION_NOT_MEASURED,,,UNBOUND
SBP124,cold,shared_contact_loop,0.0070176938952816875,MAIN_SWITCH_OPEN_AUX_ON_ALLOCATION_NOT_MEASURED,,,UNBOUND
SBP124,cold,main_before_sense,1.8e-07,MAIN_SWITCH_OPEN_AUX_ON_ALLOCATION_NOT_MEASURED,,,UNBOUND
SBP124,cold,main_after_sense,0.0,MAIN_SWITCH_OPEN_AUX_ON_ALLOCATION_NOT_MEASURED,,,UNBOUND
SBP124,cold,auxiliary_branch,0.027870083555927242,MAIN_SWITCH_OPEN_AUX_ON_ALLOCATION_NOT_MEASURED,,,UNBOUND
SBP124,cold,controller_allocation,0.07557468849685008,MAIN_SWITCH_OPEN_AUX_ON_ALLOCATION_NOT_MEASURED,,,UNBOUND
SBP124,cold,input_capacitor_leakage,0.0,MAIN_SWITCH_OPEN_AUX_ON_ALLOCATION_NOT_MEASURED,,,UNBOUND
SBP124,cold,THN_conversion,4.2,MAIN_SWITCH_OPEN_AUX_ON_ALLOCATION_NOT_MEASURED,,,UNBOUND
SBP124,cold,startup_bias_allocation,0,MAIN_SWITCH_OPEN_AUX_ON_ALLOCATION_NOT_MEASURED,,,UNBOUND
SBP125,run,shared_contact_loop,3.421177454778956,ASSUMING_ON_DC_ALLOCATION_NOT_MEASURED,,,UNBOUND
SBP125,run,main_before_sense,6.3007635156968345,ASSUMING_ON_DC_ALLOCATION_NOT_MEASURED,,,UNBOUND
SBP125,run,main_after_sense,12.597267555842238,ASSUMING_ON_DC_ALLOCATION_NOT_MEASURED,,,UNBOUND
SBP125,run,auxiliary_branch,0.022326958616669702,ASSUMING_ON_DC_ALLOCATION_NOT_MEASURED,,,UNBOUND
SBP125,run,controller_allocation,0.07398014835590086,ASSUMING_ON_DC_ALLOCATION_NOT_MEASURED,,,UNBOUND
SBP125,run,input_capacitor_leakage,0.07185059058018704,ASSUMING_ON_DC_ALLOCATION_NOT_MEASURED,,,UNBOUND
SBP125,run,CHB_conversion,63.70588235294119,ASSUMING_ON_DC_ALLOCATION_NOT_MEASURED,,,UNBOUND
SBP125,run,THN_conversion,1.8666666666666676,ASSUMING_ON_DC_ALLOCATION_NOT_MEASURED,,,UNBOUND
SBP125,run,startup_bias_allocation,0.25,ASSUMING_ON_DC_ALLOCATION_NOT_MEASURED,,,UNBOUND
SBP125,cold,shared_contact_loop,0.005547769764429734,MAIN_SWITCH_OPEN_AUX_ON_ALLOCATION_NOT_MEASURED,,,UNBOUND
SBP125,cold,main_before_sense,1.8e-07,MAIN_SWITCH_OPEN_AUX_ON_ALLOCATION_NOT_MEASURED,,,UNBOUND
SBP125,cold,main_after_sense,0.0,MAIN_SWITCH_OPEN_AUX_ON_ALLOCATION_NOT_MEASURED,,,UNBOUND
SBP125,cold,auxiliary_branch,0.0220126790122862,MAIN_SWITCH_OPEN_AUX_ON_ALLOCATION_NOT_MEASURED,,,UNBOUND
SBP125,cold,controller_allocation,0.07557747499432091,MAIN_SWITCH_OPEN_AUX_ON_ALLOCATION_NOT_MEASURED,,,UNBOUND
SBP125,cold,input_capacitor_leakage,0.0,MAIN_SWITCH_OPEN_AUX_ON_ALLOCATION_NOT_MEASURED,,,UNBOUND
SBP125,cold,THN_conversion,1.8666666666666676,MAIN_SWITCH_OPEN_AUX_ON_ALLOCATION_NOT_MEASURED,,,UNBOUND
SBP125,cold,startup_bias_allocation,0,MAIN_SWITCH_OPEN_AUX_ON_ALLOCATION_NOT_MEASURED,,,UNBOUND
SBP126,run,shared_contact_loop,3.0816283457870317,ASSUMING_ON_DC_ALLOCATION_NOT_MEASURED,,,UNBOUND
SBP126,run,main_before_sense,5.587329426904794,ASSUMING_ON_DC_ALLOCATION_NOT_MEASURED,,,UNBOUND
SBP126,run,main_after_sense,11.170647791524475,ASSUMING_ON_DC_ALLOCATION_NOT_MEASURED,,,UNBOUND
SBP126,run,auxiliary_branch,0.0282446893680368,ASSUMING_ON_DC_ALLOCATION_NOT_MEASURED,,,UNBOUND
SBP126,run,controller_allocation,0.07407050740845035,ASSUMING_ON_DC_ALLOCATION_NOT_MEASURED,,,UNBOUND
SBP126,run,input_capacitor_leakage,0.07206515626589481,ASSUMING_ON_DC_ALLOCATION_NOT_MEASURED,,,UNBOUND
SBP126,run,CHB_conversion,40.11111111111113,ASSUMING_ON_DC_ALLOCATION_NOT_MEASURED,,,UNBOUND
SBP126,run,THN_conversion,4.2,ASSUMING_ON_DC_ALLOCATION_NOT_MEASURED,,,UNBOUND
SBP126,run,startup_bias_allocation,0.25,ASSUMING_ON_DC_ALLOCATION_NOT_MEASURED,,,UNBOUND
SBP126,cold,shared_contact_loop,0.0070176938952816875,MAIN_SWITCH_OPEN_AUX_ON_ALLOCATION_NOT_MEASURED,,,UNBOUND
SBP126,cold,main_before_sense,1.8e-07,MAIN_SWITCH_OPEN_AUX_ON_ALLOCATION_NOT_MEASURED,,,UNBOUND
SBP126,cold,main_after_sense,0.0,MAIN_SWITCH_OPEN_AUX_ON_ALLOCATION_NOT_MEASURED,,,UNBOUND
SBP126,cold,auxiliary_branch,0.027870083555927242,MAIN_SWITCH_OPEN_AUX_ON_ALLOCATION_NOT_MEASURED,,,UNBOUND
SBP126,cold,controller_allocation,0.07557468849685008,MAIN_SWITCH_OPEN_AUX_ON_ALLOCATION_NOT_MEASURED,,,UNBOUND
SBP126,cold,input_capacitor_leakage,0.0,MAIN_SWITCH_OPEN_AUX_ON_ALLOCATION_NOT_MEASURED,,,UNBOUND
SBP126,cold,THN_conversion,4.2,MAIN_SWITCH_OPEN_AUX_ON_ALLOCATION_NOT_MEASURED,,,UNBOUND
SBP126,cold,startup_bias_allocation,0,MAIN_SWITCH_OPEN_AUX_ON_ALLOCATION_NOT_MEASURED,,,UNBOUND
SBP127,run,shared_contact_loop,3.0486473849463547,ASSUMING_ON_DC_ALLOCATION_NOT_MEASURED,,,UNBOUND
SBP127,run,main_before_sense,5.586872370153838,ASSUMING_ON_DC_ALLOCATION_NOT_MEASURED,,,UNBOUND
SBP127,run,main_after_sense,11.169733842097829,ASSUMING_ON_DC_ALLOCATION_NOT_MEASURED,,,UNBOUND
SBP127,run,auxiliary_branch,0.022308431534773184,ASSUMING_ON_DC_ALLOCATION_NOT_MEASURED,,,UNBOUND
SBP127,run,controller_allocation,0.07407337416029403,ASSUMING_ON_DC_ALLOCATION_NOT_MEASURED,,,UNBOUND
SBP127,run,input_capacitor_leakage,0.0720681050553719,ASSUMING_ON_DC_ALLOCATION_NOT_MEASURED,,,UNBOUND
SBP127,run,CHB_conversion,40.11111111111113,ASSUMING_ON_DC_ALLOCATION_NOT_MEASURED,,,UNBOUND
SBP127,run,THN_conversion,1.8666666666666676,ASSUMING_ON_DC_ALLOCATION_NOT_MEASURED,,,UNBOUND
SBP127,run,startup_bias_allocation,0.25,ASSUMING_ON_DC_ALLOCATION_NOT_MEASURED,,,UNBOUND
SBP127,cold,shared_contact_loop,0.005547769764429734,MAIN_SWITCH_OPEN_AUX_ON_ALLOCATION_NOT_MEASURED,,,UNBOUND
SBP127,cold,main_before_sense,1.8e-07,MAIN_SWITCH_OPEN_AUX_ON_ALLOCATION_NOT_MEASURED,,,UNBOUND
SBP127,cold,main_after_sense,0.0,MAIN_SWITCH_OPEN_AUX_ON_ALLOCATION_NOT_MEASURED,,,UNBOUND
SBP127,cold,auxiliary_branch,0.0220126790122862,MAIN_SWITCH_OPEN_AUX_ON_ALLOCATION_NOT_MEASURED,,,UNBOUND
SBP127,cold,controller_allocation,0.07557747499432091,MAIN_SWITCH_OPEN_AUX_ON_ALLOCATION_NOT_MEASURED,,,UNBOUND
SBP127,cold,input_capacitor_leakage,0.0,MAIN_SWITCH_OPEN_AUX_ON_ALLOCATION_NOT_MEASURED,,,UNBOUND
SBP127,cold,THN_conversion,1.8666666666666676,MAIN_SWITCH_OPEN_AUX_ON_ALLOCATION_NOT_MEASURED,,,UNBOUND
SBP127,cold,startup_bias_allocation,0,MAIN_SWITCH_OPEN_AUX_ON_ALLOCATION_NOT_MEASURED,,,UNBOUND
SBP128,run,shared_contact_loop,39.33018820097525,ASSUMING_ON_DC_ALLOCATION_NOT_MEASURED,,,UNBOUND
SBP128,run,main_before_sense,1.7910976135979289,ASSUMING_ON_DC_ALLOCATION_NOT_MEASURED,,,UNBOUND
SBP128,run,main_after_sense,12.533709005682923,ASSUMING_ON_DC_ALLOCATION_NOT_MEASURED,,,UNBOUND
SBP128,run,auxiliary_branch,0.014747402542398114,ASSUMING_ON_DC_ALLOCATION_NOT_MEASURED,,,UNBOUND
SBP128,run,controller_allocation,0.06936654764643733,ASSUMING_ON_DC_ALLOCATION_NOT_MEASURED,,,UNBOUND
SBP128,run,input_capacitor_leakage,0.06737956039514705,ASSUMING_ON_DC_ALLOCATION_NOT_MEASURED,,,UNBOUND
SBP128,run,CHB_conversion,63.70588235294119,ASSUMING_ON_DC_ALLOCATION_NOT_MEASURED,,,UNBOUND
SBP128,run,THN_conversion,4.2,ASSUMING_ON_DC_ALLOCATION_NOT_MEASURED,,,UNBOUND
SBP128,run,startup_bias_allocation,0.25,ASSUMING_ON_DC_ALLOCATION_NOT_MEASURED,,,UNBOUND
SBP128,cold,shared_contact_loop,0.07049630260742054,MAIN_SWITCH_OPEN_AUX_ON_ALLOCATION_NOT_MEASURED,,,UNBOUND
SBP128,cold,main_before_sense,4.5e-08,MAIN_SWITCH_OPEN_AUX_ON_ALLOCATION_NOT_MEASURED,,,UNBOUND
SBP128,cold,main_after_sense,0.0,MAIN_SWITCH_OPEN_AUX_ON_ALLOCATION_NOT_MEASURED,,,UNBOUND
SBP128,cold,auxiliary_branch,0.012598817426905102,MAIN_SWITCH_OPEN_AUX_ON_ALLOCATION_NOT_MEASURED,,,UNBOUND
SBP128,cold,controller_allocation,0.07534806877102614,MAIN_SWITCH_OPEN_AUX_ON_ALLOCATION_NOT_MEASURED,,,UNBOUND
SBP128,cold,input_capacitor_leakage,0.0,MAIN_SWITCH_OPEN_AUX_ON_ALLOCATION_NOT_MEASURED,,,UNBOUND
SBP128,cold,THN_conversion,4.2,MAIN_SWITCH_OPEN_AUX_ON_ALLOCATION_NOT_MEASURED,,,UNBOUND
SBP128,cold,startup_bias_allocation,0,MAIN_SWITCH_OPEN_AUX_ON_ALLOCATION_NOT_MEASURED,,,UNBOUND
SBP129,run,shared_contact_loop,38.89248900087142,ASSUMING_ON_DC_ALLOCATION_NOT_MEASURED,,,UNBOUND
SBP129,run,main_before_sense,1.7892730977570832,ASSUMING_ON_DC_ALLOCATION_NOT_MEASURED,,,UNBOUND
SBP129,run,main_after_sense,12.520939419694061,ASSUMING_ON_DC_ALLOCATION_NOT_MEASURED,,,UNBOUND
SBP129,run,auxiliary_branch,0.01163933720293123,ASSUMING_ON_DC_ALLOCATION_NOT_MEASURED,,,UNBOUND
SBP129,run,controller_allocation,0.06939989069863255,ASSUMING_ON_DC_ALLOCATION_NOT_MEASURED,,,UNBOUND
SBP129,run,input_capacitor_leakage,0.06741391589587103,ASSUMING_ON_DC_ALLOCATION_NOT_MEASURED,,,UNBOUND
SBP129,run,CHB_conversion,63.70588235294119,ASSUMING_ON_DC_ALLOCATION_NOT_MEASURED,,,UNBOUND
SBP129,run,THN_conversion,1.8666666666666676,ASSUMING_ON_DC_ALLOCATION_NOT_MEASURED,,,UNBOUND
SBP129,run,startup_bias_allocation,0.25,ASSUMING_ON_DC_ALLOCATION_NOT_MEASURED,,,UNBOUND
SBP129,cold,shared_contact_loop,0.055701880754298695,MAIN_SWITCH_OPEN_AUX_ON_ALLOCATION_NOT_MEASURED,,,UNBOUND
SBP129,cold,main_before_sense,4.5e-08,MAIN_SWITCH_OPEN_AUX_ON_ALLOCATION_NOT_MEASURED,,,UNBOUND
SBP129,cold,main_after_sense,0.0,MAIN_SWITCH_OPEN_AUX_ON_ALLOCATION_NOT_MEASURED,,,UNBOUND
SBP129,cold,auxiliary_branch,0.009945896147734518,MAIN_SWITCH_OPEN_AUX_ON_ALLOCATION_NOT_MEASURED,,,UNBOUND
SBP129,cold,controller_allocation,0.0753760539221132,MAIN_SWITCH_OPEN_AUX_ON_ALLOCATION_NOT_MEASURED,,,UNBOUND
SBP129,cold,input_capacitor_leakage,0.0,MAIN_SWITCH_OPEN_AUX_ON_ALLOCATION_NOT_MEASURED,,,UNBOUND
SBP129,cold,THN_conversion,1.8666666666666676,MAIN_SWITCH_OPEN_AUX_ON_ALLOCATION_NOT_MEASURED,,,UNBOUND
SBP129,cold,startup_bias_allocation,0,MAIN_SWITCH_OPEN_AUX_ON_ALLOCATION_NOT_MEASURED,,,UNBOUND
SBP130,run,shared_contact_loop,34.76617458984261,ASSUMING_ON_DC_ALLOCATION_NOT_MEASURED,,,UNBOUND
SBP130,run,main_before_sense,1.5744508707558986,ASSUMING_ON_DC_ALLOCATION_NOT_MEASURED,,,UNBOUND
SBP130,run,main_after_sense,11.017429929823066,ASSUMING_ON_DC_ALLOCATION_NOT_MEASURED,,,UNBOUND
SBP130,run,auxiliary_branch,0.01459765211941783,ASSUMING_ON_DC_ALLOCATION_NOT_MEASURED,,,UNBOUND
SBP130,run,controller_allocation,0.0697401159015527,ASSUMING_ON_DC_ALLOCATION_NOT_MEASURED,,,UNBOUND
SBP130,run,input_capacitor_leakage,0.06787719066743989,ASSUMING_ON_DC_ALLOCATION_NOT_MEASURED,,,UNBOUND
SBP130,run,CHB_conversion,40.11111111111113,ASSUMING_ON_DC_ALLOCATION_NOT_MEASURED,,,UNBOUND
SBP130,run,THN_conversion,4.2,ASSUMING_ON_DC_ALLOCATION_NOT_MEASURED,,,UNBOUND
SBP130,run,startup_bias_allocation,0.25,ASSUMING_ON_DC_ALLOCATION_NOT_MEASURED,,,UNBOUND
SBP130,cold,shared_contact_loop,0.07049630260742054,MAIN_SWITCH_OPEN_AUX_ON_ALLOCATION_NOT_MEASURED,,,UNBOUND
SBP130,cold,main_before_sense,4.5e-08,MAIN_SWITCH_OPEN_AUX_ON_ALLOCATION_NOT_MEASURED,,,UNBOUND
SBP130,cold,main_after_sense,0.0,MAIN_SWITCH_OPEN_AUX_ON_ALLOCATION_NOT_MEASURED,,,UNBOUND
SBP130,cold,auxiliary_branch,0.012598817426905102,MAIN_SWITCH_OPEN_AUX_ON_ALLOCATION_NOT_MEASURED,,,UNBOUND
SBP130,cold,controller_allocation,0.07534806877102614,MAIN_SWITCH_OPEN_AUX_ON_ALLOCATION_NOT_MEASURED,,,UNBOUND
SBP130,cold,input_capacitor_leakage,0.0,MAIN_SWITCH_OPEN_AUX_ON_ALLOCATION_NOT_MEASURED,,,UNBOUND
SBP130,cold,THN_conversion,4.2,MAIN_SWITCH_OPEN_AUX_ON_ALLOCATION_NOT_MEASURED,,,UNBOUND
SBP130,cold,startup_bias_allocation,0,MAIN_SWITCH_OPEN_AUX_ON_ALLOCATION_NOT_MEASURED,,,UNBOUND
SBP131,run,shared_contact_loop,34.359613081685076,ASSUMING_ON_DC_ALLOCATION_NOT_MEASURED,,,UNBOUND
SBP131,run,main_before_sense,1.5728815602143307,ASSUMING_ON_DC_ALLOCATION_NOT_MEASURED,,,UNBOUND
SBP131,run,main_after_sense,11.006446613652146,ASSUMING_ON_DC_ALLOCATION_NOT_MEASURED,,,UNBOUND
SBP131,run,auxiliary_branch,0.011521351710308228,ASSUMING_ON_DC_ALLOCATION_NOT_MEASURED,,,UNBOUND
SBP131,run,controller_allocation,0.06977305164784625,ASSUMING_ON_DC_ALLOCATION_NOT_MEASURED,,,UNBOUND
SBP131,run,input_capacitor_leakage,0.06791105522376256,ASSUMING_ON_DC_ALLOCATION_NOT_MEASURED,,,UNBOUND
SBP131,run,CHB_conversion,40.11111111111113,ASSUMING_ON_DC_ALLOCATION_NOT_MEASURED,,,UNBOUND
SBP131,run,THN_conversion,1.8666666666666676,ASSUMING_ON_DC_ALLOCATION_NOT_MEASURED,,,UNBOUND
SBP131,run,startup_bias_allocation,0.25,ASSUMING_ON_DC_ALLOCATION_NOT_MEASURED,,,UNBOUND
SBP131,cold,shared_contact_loop,0.055701880754298695,MAIN_SWITCH_OPEN_AUX_ON_ALLOCATION_NOT_MEASURED,,,UNBOUND
SBP131,cold,main_before_sense,4.5e-08,MAIN_SWITCH_OPEN_AUX_ON_ALLOCATION_NOT_MEASURED,,,UNBOUND
SBP131,cold,main_after_sense,0.0,MAIN_SWITCH_OPEN_AUX_ON_ALLOCATION_NOT_MEASURED,,,UNBOUND
SBP131,cold,auxiliary_branch,0.009945896147734518,MAIN_SWITCH_OPEN_AUX_ON_ALLOCATION_NOT_MEASURED,,,UNBOUND
SBP131,cold,controller_allocation,0.0753760539221132,MAIN_SWITCH_OPEN_AUX_ON_ALLOCATION_NOT_MEASURED,,,UNBOUND
SBP131,cold,input_capacitor_leakage,0.0,MAIN_SWITCH_OPEN_AUX_ON_ALLOCATION_NOT_MEASURED,,,UNBOUND
SBP131,cold,THN_conversion,1.8666666666666676,MAIN_SWITCH_OPEN_AUX_ON_ALLOCATION_NOT_MEASURED,,,UNBOUND
SBP131,cold,startup_bias_allocation,0,MAIN_SWITCH_OPEN_AUX_ON_ALLOCATION_NOT_MEASURED,,,UNBOUND
SBP132,run,shared_contact_loop,39.33358683184624,ASSUMING_ON_DC_ALLOCATION_NOT_MEASURED,,,UNBOUND
SBP132,run,main_before_sense,1.7911117518428996,ASSUMING_ON_DC_ALLOCATION_NOT_MEASURED,,,UNBOUND
SBP132,run,main_after_sense,12.533807957710739,ASSUMING_ON_DC_ALLOCATION_NOT_MEASURED,,,UNBOUND
SBP132,run,auxiliary_branch,0.03282866684169801,ASSUMING_ON_DC_ALLOCATION_NOT_MEASURED,,,UNBOUND
SBP132,run,controller_allocation,0.06936628947282869,ASSUMING_ON_DC_ALLOCATION_NOT_MEASURED,,,UNBOUND
SBP132,run,input_capacitor_leakage,0.0673792943780489,ASSUMING_ON_DC_ALLOCATION_NOT_MEASURED,,,UNBOUND
SBP132,run,CHB_conversion,63.70588235294119,ASSUMING_ON_DC_ALLOCATION_NOT_MEASURED,,,UNBOUND
SBP132,run,THN_conversion,4.2,ASSUMING_ON_DC_ALLOCATION_NOT_MEASURED,,,UNBOUND
SBP132,run,startup_bias_allocation,0.25,ASSUMING_ON_DC_ALLOCATION_NOT_MEASURED,,,UNBOUND
SBP132,cold,shared_contact_loop,0.07059991573512357,MAIN_SWITCH_OPEN_AUX_ON_ALLOCATION_NOT_MEASURED,,,UNBOUND
SBP132,cold,main_before_sense,4.5e-08,MAIN_SWITCH_OPEN_AUX_ON_ALLOCATION_NOT_MEASURED,,,UNBOUND
SBP132,cold,main_after_sense,0.0,MAIN_SWITCH_OPEN_AUX_ON_ALLOCATION_NOT_MEASURED,,,UNBOUND
SBP132,cold,auxiliary_branch,0.028038669279632788,MAIN_SWITCH_OPEN_AUX_ON_ALLOCATION_NOT_MEASURED,,,UNBOUND
SBP132,cold,controller_allocation,0.0753478837319792,MAIN_SWITCH_OPEN_AUX_ON_ALLOCATION_NOT_MEASURED,,,UNBOUND
SBP132,cold,input_capacitor_leakage,0.0,MAIN_SWITCH_OPEN_AUX_ON_ALLOCATION_NOT_MEASURED,,,UNBOUND
SBP132,cold,THN_conversion,4.2,MAIN_SWITCH_OPEN_AUX_ON_ALLOCATION_NOT_MEASURED,,,UNBOUND
SBP132,cold,startup_bias_allocation,0,MAIN_SWITCH_OPEN_AUX_ON_ALLOCATION_NOT_MEASURED,,,UNBOUND
SBP133,run,shared_contact_loop,38.895152614266905,ASSUMING_ON_DC_ALLOCATION_NOT_MEASURED,,,UNBOUND
SBP133,run,main_before_sense,1.7892842231336286,ASSUMING_ON_DC_ALLOCATION_NOT_MEASURED,,,UNBOUND
SBP133,run,main_after_sense,12.521017284979507,ASSUMING_ON_DC_ALLOCATION_NOT_MEASURED,,,UNBOUND
SBP133,run,auxiliary_branch,0.025904868513038037,ASSUMING_ON_DC_ALLOCATION_NOT_MEASURED,,,UNBOUND
SBP133,run,controller_allocation,0.06939968722453167,ASSUMING_ON_DC_ALLOCATION_NOT_MEASURED,,,UNBOUND
SBP133,run,input_capacitor_leakage,0.06741370624658437,ASSUMING_ON_DC_ALLOCATION_NOT_MEASURED,,,UNBOUND
SBP133,run,CHB_conversion,63.70588235294119,ASSUMING_ON_DC_ALLOCATION_NOT_MEASURED,,,UNBOUND
SBP133,run,THN_conversion,1.8666666666666676,ASSUMING_ON_DC_ALLOCATION_NOT_MEASURED,,,UNBOUND
SBP133,run,startup_bias_allocation,0.25,ASSUMING_ON_DC_ALLOCATION_NOT_MEASURED,,,UNBOUND
SBP133,cold,shared_contact_loop,0.055774509448847244,MAIN_SWITCH_OPEN_AUX_ON_ALLOCATION_NOT_MEASURED,,,UNBOUND
SBP133,cold,main_before_sense,4.5e-08,MAIN_SWITCH_OPEN_AUX_ON_ALLOCATION_NOT_MEASURED,,,UNBOUND
SBP133,cold,main_after_sense,0.0,MAIN_SWITCH_OPEN_AUX_ON_ALLOCATION_NOT_MEASURED,,,UNBOUND
SBP133,cold,auxiliary_branch,0.02213092617901229,MAIN_SWITCH_OPEN_AUX_ON_ALLOCATION_NOT_MEASURED,,,UNBOUND
SBP133,cold,controller_allocation,0.07537590799934173,MAIN_SWITCH_OPEN_AUX_ON_ALLOCATION_NOT_MEASURED,,,UNBOUND
SBP133,cold,input_capacitor_leakage,0.0,MAIN_SWITCH_OPEN_AUX_ON_ALLOCATION_NOT_MEASURED,,,UNBOUND
SBP133,cold,THN_conversion,1.8666666666666676,MAIN_SWITCH_OPEN_AUX_ON_ALLOCATION_NOT_MEASURED,,,UNBOUND
SBP133,cold,startup_bias_allocation,0,MAIN_SWITCH_OPEN_AUX_ON_ALLOCATION_NOT_MEASURED,,,UNBOUND
SBP134,run,shared_contact_loop,34.76929973665071,ASSUMING_ON_DC_ALLOCATION_NOT_MEASURED,,,UNBOUND
SBP134,run,main_before_sense,1.5744629073177023,ASSUMING_ON_DC_ALLOCATION_NOT_MEASURED,,,UNBOUND
SBP134,run,main_after_sense,11.017514171511385,ASSUMING_ON_DC_ALLOCATION_NOT_MEASURED,,,UNBOUND
SBP134,run,auxiliary_branch,0.03249473759421455,ASSUMING_ON_DC_ALLOCATION_NOT_MEASURED,,,UNBOUND
SBP134,run,controller_allocation,0.06973986347935726,ASSUMING_ON_DC_ALLOCATION_NOT_MEASURED,,,UNBOUND
SBP134,run,input_capacitor_leakage,0.06787693112309037,ASSUMING_ON_DC_ALLOCATION_NOT_MEASURED,,,UNBOUND
SBP134,run,CHB_conversion,40.11111111111113,ASSUMING_ON_DC_ALLOCATION_NOT_MEASURED,,,UNBOUND
SBP134,run,THN_conversion,4.2,ASSUMING_ON_DC_ALLOCATION_NOT_MEASURED,,,UNBOUND
SBP134,run,startup_bias_allocation,0.25,ASSUMING_ON_DC_ALLOCATION_NOT_MEASURED,,,UNBOUND
SBP134,cold,shared_contact_loop,0.07059991573512357,MAIN_SWITCH_OPEN_AUX_ON_ALLOCATION_NOT_MEASURED,,,UNBOUND
SBP134,cold,main_before_sense,4.5e-08,MAIN_SWITCH_OPEN_AUX_ON_ALLOCATION_NOT_MEASURED,,,UNBOUND
SBP134,cold,main_after_sense,0.0,MAIN_SWITCH_OPEN_AUX_ON_ALLOCATION_NOT_MEASURED,,,UNBOUND
SBP134,cold,auxiliary_branch,0.028038669279632788,MAIN_SWITCH_OPEN_AUX_ON_ALLOCATION_NOT_MEASURED,,,UNBOUND
SBP134,cold,controller_allocation,0.0753478837319792,MAIN_SWITCH_OPEN_AUX_ON_ALLOCATION_NOT_MEASURED,,,UNBOUND
SBP134,cold,input_capacitor_leakage,0.0,MAIN_SWITCH_OPEN_AUX_ON_ALLOCATION_NOT_MEASURED,,,UNBOUND
SBP134,cold,THN_conversion,4.2,MAIN_SWITCH_OPEN_AUX_ON_ALLOCATION_NOT_MEASURED,,,UNBOUND
SBP134,cold,startup_bias_allocation,0,MAIN_SWITCH_OPEN_AUX_ON_ALLOCATION_NOT_MEASURED,,,UNBOUND
SBP135,run,shared_contact_loop,34.36206177356648,ASSUMING_ON_DC_ALLOCATION_NOT_MEASURED,,,UNBOUND
SBP135,run,main_before_sense,1.572891032573693,ASSUMING_ON_DC_ALLOCATION_NOT_MEASURED,,,UNBOUND
SBP135,run,main_after_sense,11.006512908952306,ASSUMING_ON_DC_ALLOCATION_NOT_MEASURED,,,UNBOUND
SBP135,run,auxiliary_branch,0.025641874750365303,ASSUMING_ON_DC_ALLOCATION_NOT_MEASURED,,,UNBOUND
SBP135,run,controller_allocation,0.06977285269699718,ASSUMING_ON_DC_ALLOCATION_NOT_MEASURED,,,UNBOUND
SBP135,run,input_capacitor_leakage,0.06791085066522601,ASSUMING_ON_DC_ALLOCATION_NOT_MEASURED,,,UNBOUND
SBP135,run,CHB_conversion,40.11111111111113,ASSUMING_ON_DC_ALLOCATION_NOT_MEASURED,,,UNBOUND
SBP135,run,THN_conversion,1.8666666666666676,ASSUMING_ON_DC_ALLOCATION_NOT_MEASURED,,,UNBOUND
SBP135,run,startup_bias_allocation,0.25,ASSUMING_ON_DC_ALLOCATION_NOT_MEASURED,,,UNBOUND
SBP135,cold,shared_contact_loop,0.055774509448847244,MAIN_SWITCH_OPEN_AUX_ON_ALLOCATION_NOT_MEASURED,,,UNBOUND
SBP135,cold,main_before_sense,4.5e-08,MAIN_SWITCH_OPEN_AUX_ON_ALLOCATION_NOT_MEASURED,,,UNBOUND
SBP135,cold,main_after_sense,0.0,MAIN_SWITCH_OPEN_AUX_ON_ALLOCATION_NOT_MEASURED,,,UNBOUND
SBP135,cold,auxiliary_branch,0.02213092617901229,MAIN_SWITCH_OPEN_AUX_ON_ALLOCATION_NOT_MEASURED,,,UNBOUND
SBP135,cold,controller_allocation,0.07537590799934173,MAIN_SWITCH_OPEN_AUX_ON_ALLOCATION_NOT_MEASURED,,,UNBOUND
SBP135,cold,input_capacitor_leakage,0.0,MAIN_SWITCH_OPEN_AUX_ON_ALLOCATION_NOT_MEASURED,,,UNBOUND
SBP135,cold,THN_conversion,1.8666666666666676,MAIN_SWITCH_OPEN_AUX_ON_ALLOCATION_NOT_MEASURED,,,UNBOUND
SBP135,cold,startup_bias_allocation,0,MAIN_SWITCH_OPEN_AUX_ON_ALLOCATION_NOT_MEASURED,,,UNBOUND
SBP136,run,shared_contact_loop,40.84657576455282,ASSUMING_ON_DC_ALLOCATION_NOT_MEASURED,,,UNBOUND
SBP136,run,main_before_sense,7.452813340041593,ASSUMING_ON_DC_ALLOCATION_NOT_MEASURED,,,UNBOUND
SBP136,run,main_after_sense,14.900994103388243,ASSUMING_ON_DC_ALLOCATION_NOT_MEASURED,,,UNBOUND
SBP136,run,auxiliary_branch,0.014795698281069913,ASSUMING_ON_DC_ALLOCATION_NOT_MEASURED,,,UNBOUND
SBP136,run,controller_allocation,0.0683786050838719,ASSUMING_ON_DC_ALLOCATION_NOT_MEASURED,,,UNBOUND
SBP136,run,input_capacitor_leakage,0.066062496736402,ASSUMING_ON_DC_ALLOCATION_NOT_MEASURED,,,UNBOUND
SBP136,run,CHB_conversion,63.70588235294119,ASSUMING_ON_DC_ALLOCATION_NOT_MEASURED,,,UNBOUND
SBP136,run,THN_conversion,4.2,ASSUMING_ON_DC_ALLOCATION_NOT_MEASURED,,,UNBOUND
SBP136,run,startup_bias_allocation,0.25,ASSUMING_ON_DC_ALLOCATION_NOT_MEASURED,,,UNBOUND
SBP136,cold,shared_contact_loop,0.07049630260742054,MAIN_SWITCH_OPEN_AUX_ON_ALLOCATION_NOT_MEASURED,,,UNBOUND
SBP136,cold,main_before_sense,1.8e-07,MAIN_SWITCH_OPEN_AUX_ON_ALLOCATION_NOT_MEASURED,,,UNBOUND
SBP136,cold,main_after_sense,0.0,MAIN_SWITCH_OPEN_AUX_ON_ALLOCATION_NOT_MEASURED,,,UNBOUND
SBP136,cold,auxiliary_branch,0.012598817426905102,MAIN_SWITCH_OPEN_AUX_ON_ALLOCATION_NOT_MEASURED,,,UNBOUND
SBP136,cold,controller_allocation,0.07534793377102614,MAIN_SWITCH_OPEN_AUX_ON_ALLOCATION_NOT_MEASURED,,,UNBOUND
SBP136,cold,input_capacitor_leakage,0.0,MAIN_SWITCH_OPEN_AUX_ON_ALLOCATION_NOT_MEASURED,,,UNBOUND
SBP136,cold,THN_conversion,4.2,MAIN_SWITCH_OPEN_AUX_ON_ALLOCATION_NOT_MEASURED,,,UNBOUND
SBP136,cold,startup_bias_allocation,0,MAIN_SWITCH_OPEN_AUX_ON_ALLOCATION_NOT_MEASURED,,,UNBOUND
SBP137,run,shared_contact_loop,40.3971426801746,ASSUMING_ON_DC_ALLOCATION_NOT_MEASURED,,,UNBOUND
SBP137,run,main_before_sense,7.444856597736001,ASSUMING_ON_DC_ALLOCATION_NOT_MEASURED,,,UNBOUND
SBP137,run,main_after_sense,14.885083092536021,ASSUMING_ON_DC_ALLOCATION_NOT_MEASURED,,,UNBOUND
SBP137,run,auxiliary_branch,0.011677346133310122,ASSUMING_ON_DC_ALLOCATION_NOT_MEASURED,,,UNBOUND
SBP137,run,controller_allocation,0.06841267213256483,ASSUMING_ON_DC_ALLOCATION_NOT_MEASURED,,,UNBOUND
SBP137,run,input_capacitor_leakage,0.06609780066457509,ASSUMING_ON_DC_ALLOCATION_NOT_MEASURED,,,UNBOUND
SBP137,run,CHB_conversion,63.70588235294119,ASSUMING_ON_DC_ALLOCATION_NOT_MEASURED,,,UNBOUND
SBP137,run,THN_conversion,1.8666666666666676,ASSUMING_ON_DC_ALLOCATION_NOT_MEASURED,,,UNBOUND
SBP137,run,startup_bias_allocation,0.25,ASSUMING_ON_DC_ALLOCATION_NOT_MEASURED,,,UNBOUND
SBP137,cold,shared_contact_loop,0.055701880754298695,MAIN_SWITCH_OPEN_AUX_ON_ALLOCATION_NOT_MEASURED,,,UNBOUND
SBP137,cold,main_before_sense,1.8e-07,MAIN_SWITCH_OPEN_AUX_ON_ALLOCATION_NOT_MEASURED,,,UNBOUND
SBP137,cold,main_after_sense,0.0,MAIN_SWITCH_OPEN_AUX_ON_ALLOCATION_NOT_MEASURED,,,UNBOUND
SBP137,cold,auxiliary_branch,0.009945896147734518,MAIN_SWITCH_OPEN_AUX_ON_ALLOCATION_NOT_MEASURED,,,UNBOUND
SBP137,cold,controller_allocation,0.0753759189221132,MAIN_SWITCH_OPEN_AUX_ON_ALLOCATION_NOT_MEASURED,,,UNBOUND
SBP137,cold,input_capacitor_leakage,0.0,MAIN_SWITCH_OPEN_AUX_ON_ALLOCATION_NOT_MEASURED,,,UNBOUND
SBP137,cold,THN_conversion,1.8666666666666676,MAIN_SWITCH_OPEN_AUX_ON_ALLOCATION_NOT_MEASURED,,,UNBOUND
SBP137,cold,startup_bias_allocation,0,MAIN_SWITCH_OPEN_AUX_ON_ALLOCATION_NOT_MEASURED,,,UNBOUND
SBP138,run,shared_contact_loop,35.993300566502256,ASSUMING_ON_DC_ALLOCATION_NOT_MEASURED,,,UNBOUND
SBP138,run,main_before_sense,6.530565480872714,ASSUMING_ON_DC_ALLOCATION_NOT_MEASURED,,,UNBOUND
SBP138,run,main_after_sense,13.056794499338993,ASSUMING_ON_DC_ALLOCATION_NOT_MEASURED,,,UNBOUND
SBP138,run,auxiliary_branch,0.01463860761982301,ASSUMING_ON_DC_ALLOCATION_NOT_MEASURED,,,UNBOUND
SBP138,run,controller_allocation,0.06882422427145458,ASSUMING_ON_DC_ALLOCATION_NOT_MEASURED,,,UNBOUND
SBP138,run,input_capacitor_leakage,0.06665617306823958,ASSUMING_ON_DC_ALLOCATION_NOT_MEASURED,,,UNBOUND
SBP138,run,CHB_conversion,40.11111111111113,ASSUMING_ON_DC_ALLOCATION_NOT_MEASURED,,,UNBOUND
SBP138,run,THN_conversion,4.2,ASSUMING_ON_DC_ALLOCATION_NOT_MEASURED,,,UNBOUND
SBP138,run,startup_bias_allocation,0.25,ASSUMING_ON_DC_ALLOCATION_NOT_MEASURED,,,UNBOUND
SBP138,cold,shared_contact_loop,0.07049630260742054,MAIN_SWITCH_OPEN_AUX_ON_ALLOCATION_NOT_MEASURED,,,UNBOUND
SBP138,cold,main_before_sense,1.8e-07,MAIN_SWITCH_OPEN_AUX_ON_ALLOCATION_NOT_MEASURED,,,UNBOUND
SBP138,cold,main_after_sense,0.0,MAIN_SWITCH_OPEN_AUX_ON_ALLOCATION_NOT_MEASURED,,,UNBOUND
SBP138,cold,auxiliary_branch,0.012598817426905102,MAIN_SWITCH_OPEN_AUX_ON_ALLOCATION_NOT_MEASURED,,,UNBOUND
SBP138,cold,controller_allocation,0.07534793377102614,MAIN_SWITCH_OPEN_AUX_ON_ALLOCATION_NOT_MEASURED,,,UNBOUND
SBP138,cold,input_capacitor_leakage,0.0,MAIN_SWITCH_OPEN_AUX_ON_ALLOCATION_NOT_MEASURED,,,UNBOUND
SBP138,cold,THN_conversion,4.2,MAIN_SWITCH_OPEN_AUX_ON_ALLOCATION_NOT_MEASURED,,,UNBOUND
SBP138,cold,startup_bias_allocation,0,MAIN_SWITCH_OPEN_AUX_ON_ALLOCATION_NOT_MEASURED,,,UNBOUND
SBP139,run,shared_contact_loop,35.576970695674824,ASSUMING_ON_DC_ALLOCATION_NOT_MEASURED,,,UNBOUND
SBP139,run,main_before_sense,6.523772752435002,ASSUMING_ON_DC_ALLOCATION_NOT_MEASURED,,,UNBOUND
SBP139,run,main_after_sense,13.04321129851026,ASSUMING_ON_DC_ALLOCATION_NOT_MEASURED,,,UNBOUND
SBP139,run,auxiliary_branch,0.011553586749851559,ASSUMING_ON_DC_ALLOCATION_NOT_MEASURED,,,UNBOUND
SBP139,run,controller_allocation,0.06885780085304441,ASSUMING_ON_DC_ALLOCATION_NOT_MEASURED,,,UNBOUND
SBP139,run,input_capacitor_leakage,0.06669087767317307,ASSUMING_ON_DC_ALLOCATION_NOT_MEASURED,,,UNBOUND
SBP139,run,CHB_conversion,40.11111111111113,ASSUMING_ON_DC_ALLOCATION_NOT_MEASURED,,,UNBOUND
SBP139,run,THN_conversion,1.8666666666666676,ASSUMING_ON_DC_ALLOCATION_NOT_MEASURED,,,UNBOUND
SBP139,run,startup_bias_allocation,0.25,ASSUMING_ON_DC_ALLOCATION_NOT_MEASURED,,,UNBOUND
SBP139,cold,shared_contact_loop,0.055701880754298695,MAIN_SWITCH_OPEN_AUX_ON_ALLOCATION_NOT_MEASURED,,,UNBOUND
SBP139,cold,main_before_sense,1.8e-07,MAIN_SWITCH_OPEN_AUX_ON_ALLOCATION_NOT_MEASURED,,,UNBOUND
SBP139,cold,main_after_sense,0.0,MAIN_SWITCH_OPEN_AUX_ON_ALLOCATION_NOT_MEASURED,,,UNBOUND
SBP139,cold,auxiliary_branch,0.009945896147734518,MAIN_SWITCH_OPEN_AUX_ON_ALLOCATION_NOT_MEASURED,,,UNBOUND
SBP139,cold,controller_allocation,0.0753759189221132,MAIN_SWITCH_OPEN_AUX_ON_ALLOCATION_NOT_MEASURED,,,UNBOUND
SBP139,cold,input_capacitor_leakage,0.0,MAIN_SWITCH_OPEN_AUX_ON_ALLOCATION_NOT_MEASURED,,,UNBOUND
SBP139,cold,THN_conversion,1.8666666666666676,MAIN_SWITCH_OPEN_AUX_ON_ALLOCATION_NOT_MEASURED,,,UNBOUND
SBP139,cold,startup_bias_allocation,0,MAIN_SWITCH_OPEN_AUX_ON_ALLOCATION_NOT_MEASURED,,,UNBOUND
SBP140,run,shared_contact_loop,40.85007688478323,ASSUMING_ON_DC_ALLOCATION_NOT_MEASURED,,,UNBOUND
SBP140,run,main_before_sense,7.452875203194062,ASSUMING_ON_DC_ALLOCATION_NOT_MEASURED,,,UNBOUND
SBP140,run,main_after_sense,14.901117810465042,ASSUMING_ON_DC_ALLOCATION_NOT_MEASURED,,,UNBOUND
SBP140,run,auxiliary_branch,0.03293636521505093,ASSUMING_ON_DC_ALLOCATION_NOT_MEASURED,,,UNBOUND
SBP140,run,controller_allocation,0.06837834043375979,ASSUMING_ON_DC_ALLOCATION_NOT_MEASURED,,,UNBOUND
SBP140,run,input_capacitor_leakage,0.06606222247221996,ASSUMING_ON_DC_ALLOCATION_NOT_MEASURED,,,UNBOUND
SBP140,run,CHB_conversion,63.70588235294119,ASSUMING_ON_DC_ALLOCATION_NOT_MEASURED,,,UNBOUND
SBP140,run,THN_conversion,4.2,ASSUMING_ON_DC_ALLOCATION_NOT_MEASURED,,,UNBOUND
SBP140,run,startup_bias_allocation,0.25,ASSUMING_ON_DC_ALLOCATION_NOT_MEASURED,,,UNBOUND
SBP140,cold,shared_contact_loop,0.07059991573512357,MAIN_SWITCH_OPEN_AUX_ON_ALLOCATION_NOT_MEASURED,,,UNBOUND
SBP140,cold,main_before_sense,1.8e-07,MAIN_SWITCH_OPEN_AUX_ON_ALLOCATION_NOT_MEASURED,,,UNBOUND
SBP140,cold,main_after_sense,0.0,MAIN_SWITCH_OPEN_AUX_ON_ALLOCATION_NOT_MEASURED,,,UNBOUND
SBP140,cold,auxiliary_branch,0.028038669279632788,MAIN_SWITCH_OPEN_AUX_ON_ALLOCATION_NOT_MEASURED,,,UNBOUND
SBP140,cold,controller_allocation,0.0753477487319792,MAIN_SWITCH_OPEN_AUX_ON_ALLOCATION_NOT_MEASURED,,,UNBOUND
SBP140,cold,input_capacitor_leakage,0.0,MAIN_SWITCH_OPEN_AUX_ON_ALLOCATION_NOT_MEASURED,,,UNBOUND
SBP140,cold,THN_conversion,4.2,MAIN_SWITCH_OPEN_AUX_ON_ALLOCATION_NOT_MEASURED,,,UNBOUND
SBP140,cold,startup_bias_allocation,0,MAIN_SWITCH_OPEN_AUX_ON_ALLOCATION_NOT_MEASURED,,,UNBOUND
SBP141,run,shared_contact_loop,40.399886700308485,ASSUMING_ON_DC_ALLOCATION_NOT_MEASURED,,,UNBOUND
SBP141,run,main_before_sense,7.444905271441443,ASSUMING_ON_DC_ALLOCATION_NOT_MEASURED,,,UNBOUND
SBP141,run,main_after_sense,14.885180424810182,ASSUMING_ON_DC_ALLOCATION_NOT_MEASURED,,,UNBOUND
SBP141,run,auxiliary_branch,0.025989594072206103,ASSUMING_ON_DC_ALLOCATION_NOT_MEASURED,,,UNBOUND
SBP141,run,controller_allocation,0.06841246356446401,ASSUMING_ON_DC_ALLOCATION_NOT_MEASURED,,,UNBOUND
SBP141,run,input_capacitor_leakage,0.06609758452811423,ASSUMING_ON_DC_ALLOCATION_NOT_MEASURED,,,UNBOUND
SBP141,run,CHB_conversion,63.70588235294119,ASSUMING_ON_DC_ALLOCATION_NOT_MEASURED,,,UNBOUND
SBP141,run,THN_conversion,1.8666666666666676,ASSUMING_ON_DC_ALLOCATION_NOT_MEASURED,,,UNBOUND
SBP141,run,startup_bias_allocation,0.25,ASSUMING_ON_DC_ALLOCATION_NOT_MEASURED,,,UNBOUND
SBP141,cold,shared_contact_loop,0.055774509448847244,MAIN_SWITCH_OPEN_AUX_ON_ALLOCATION_NOT_MEASURED,,,UNBOUND
SBP141,cold,main_before_sense,1.8e-07,MAIN_SWITCH_OPEN_AUX_ON_ALLOCATION_NOT_MEASURED,,,UNBOUND
SBP141,cold,main_after_sense,0.0,MAIN_SWITCH_OPEN_AUX_ON_ALLOCATION_NOT_MEASURED,,,UNBOUND
SBP141,cold,auxiliary_branch,0.02213092617901229,MAIN_SWITCH_OPEN_AUX_ON_ALLOCATION_NOT_MEASURED,,,UNBOUND
SBP141,cold,controller_allocation,0.07537577299934173,MAIN_SWITCH_OPEN_AUX_ON_ALLOCATION_NOT_MEASURED,,,UNBOUND
SBP141,cold,input_capacitor_leakage,0.0,MAIN_SWITCH_OPEN_AUX_ON_ALLOCATION_NOT_MEASURED,,,UNBOUND
SBP141,cold,THN_conversion,1.8666666666666676,MAIN_SWITCH_OPEN_AUX_ON_ALLOCATION_NOT_MEASURED,,,UNBOUND
SBP141,cold,startup_bias_allocation,0,MAIN_SWITCH_OPEN_AUX_ON_ALLOCATION_NOT_MEASURED,,,UNBOUND
SBP142,run,shared_contact_loop,35.996509722651574,ASSUMING_ON_DC_ALLOCATION_NOT_MEASURED,,,UNBOUND
SBP142,run,main_before_sense,6.530617730094796,ASSUMING_ON_DC_ALLOCATION_NOT_MEASURED,,,UNBOUND
SBP142,run,main_after_sense,13.056898980434344,ASSUMING_ON_DC_ALLOCATION_NOT_MEASURED,,,UNBOUND
SBP142,run,auxiliary_branch,0.032586064021497274,ASSUMING_ON_DC_ALLOCATION_NOT_MEASURED,,,UNBOUND
SBP142,run,controller_allocation,0.0688239662102262,ASSUMING_ON_DC_ALLOCATION_NOT_MEASURED,,,UNBOUND
SBP142,run,input_capacitor_leakage,0.06665590633260374,ASSUMING_ON_DC_ALLOCATION_NOT_MEASURED,,,UNBOUND
SBP142,run,CHB_conversion,40.11111111111113,ASSUMING_ON_DC_ALLOCATION_NOT_MEASURED,,,UNBOUND
SBP142,run,THN_conversion,4.2,ASSUMING_ON_DC_ALLOCATION_NOT_MEASURED,,,UNBOUND
SBP142,run,startup_bias_allocation,0.25,ASSUMING_ON_DC_ALLOCATION_NOT_MEASURED,,,UNBOUND
SBP142,cold,shared_contact_loop,0.07059991573512357,MAIN_SWITCH_OPEN_AUX_ON_ALLOCATION_NOT_MEASURED,,,UNBOUND
SBP142,cold,main_before_sense,1.8e-07,MAIN_SWITCH_OPEN_AUX_ON_ALLOCATION_NOT_MEASURED,,,UNBOUND
SBP142,cold,main_after_sense,0.0,MAIN_SWITCH_OPEN_AUX_ON_ALLOCATION_NOT_MEASURED,,,UNBOUND
SBP142,cold,auxiliary_branch,0.028038669279632788,MAIN_SWITCH_OPEN_AUX_ON_ALLOCATION_NOT_MEASURED,,,UNBOUND
SBP142,cold,controller_allocation,0.0753477487319792,MAIN_SWITCH_OPEN_AUX_ON_ALLOCATION_NOT_MEASURED,,,UNBOUND
SBP142,cold,input_capacitor_leakage,0.0,MAIN_SWITCH_OPEN_AUX_ON_ALLOCATION_NOT_MEASURED,,,UNBOUND
SBP142,cold,THN_conversion,4.2,MAIN_SWITCH_OPEN_AUX_ON_ALLOCATION_NOT_MEASURED,,,UNBOUND
SBP142,cold,startup_bias_allocation,0,MAIN_SWITCH_OPEN_AUX_ON_ALLOCATION_NOT_MEASURED,,,UNBOUND
SBP143,run,shared_contact_loop,35.57948530480191,ASSUMING_ON_DC_ALLOCATION_NOT_MEASURED,,,UNBOUND
SBP143,run,main_before_sense,6.523813866080384,ASSUMING_ON_DC_ALLOCATION_NOT_MEASURED,,,UNBOUND
SBP143,run,main_after_sense,13.04329351214255,ASSUMING_ON_DC_ALLOCATION_NOT_MEASURED,,,UNBOUND
SBP143,run,auxiliary_branch,0.02571372740079106,ASSUMING_ON_DC_ALLOCATION_NOT_MEASURED,,,UNBOUND
SBP143,run,controller_allocation,0.06885759746624227,ASSUMING_ON_DC_ALLOCATION_NOT_MEASURED,,,UNBOUND
SBP143,run,input_capacitor_leakage,0.06669066745713462,ASSUMING_ON_DC_ALLOCATION_NOT_MEASURED,,,UNBOUND
SBP143,run,CHB_conversion,40.11111111111113,ASSUMING_ON_DC_ALLOCATION_NOT_MEASURED,,,UNBOUND
SBP143,run,THN_conversion,1.8666666666666676,ASSUMING_ON_DC_ALLOCATION_NOT_MEASURED,,,UNBOUND
SBP143,run,startup_bias_allocation,0.25,ASSUMING_ON_DC_ALLOCATION_NOT_MEASURED,,,UNBOUND
SBP143,cold,shared_contact_loop,0.055774509448847244,MAIN_SWITCH_OPEN_AUX_ON_ALLOCATION_NOT_MEASURED,,,UNBOUND
SBP143,cold,main_before_sense,1.8e-07,MAIN_SWITCH_OPEN_AUX_ON_ALLOCATION_NOT_MEASURED,,,UNBOUND
SBP143,cold,main_after_sense,0.0,MAIN_SWITCH_OPEN_AUX_ON_ALLOCATION_NOT_MEASURED,,,UNBOUND
SBP143,cold,auxiliary_branch,0.02213092617901229,MAIN_SWITCH_OPEN_AUX_ON_ALLOCATION_NOT_MEASURED,,,UNBOUND
SBP143,cold,controller_allocation,0.07537577299934173,MAIN_SWITCH_OPEN_AUX_ON_ALLOCATION_NOT_MEASURED,,,UNBOUND
SBP143,cold,input_capacitor_leakage,0.0,MAIN_SWITCH_OPEN_AUX_ON_ALLOCATION_NOT_MEASURED,,,UNBOUND
SBP143,cold,THN_conversion,1.8666666666666676,MAIN_SWITCH_OPEN_AUX_ON_ALLOCATION_NOT_MEASURED,,,UNBOUND
SBP143,cold,startup_bias_allocation,0,MAIN_SWITCH_OPEN_AUX_ON_ALLOCATION_NOT_MEASURED,,,UNBOUND
SBP144,run,shared_contact_loop,0.0,ASSUMING_ON_DC_ALLOCATION_NOT_MEASURED,,,UNBOUND
SBP144,run,main_before_sense,1.0887519236582972,ASSUMING_ON_DC_ALLOCATION_NOT_MEASURED,,,UNBOUND
SBP144,run,main_after_sense,7.618164943412186,ASSUMING_ON_DC_ALLOCATION_NOT_MEASURED,,,UNBOUND
SBP144,run,auxiliary_branch,0.009191714629363832,ASSUMING_ON_DC_ALLOCATION_NOT_MEASURED,,,UNBOUND
SBP144,run,controller_allocation,0.08797865448600745,ASSUMING_ON_DC_ALLOCATION_NOT_MEASURED,,,UNBOUND
SBP144,run,input_capacitor_leakage,0.08642955088805965,ASSUMING_ON_DC_ALLOCATION_NOT_MEASURED,,,UNBOUND
SBP144,run,CHB_conversion,63.70588235294119,ASSUMING_ON_DC_ALLOCATION_NOT_MEASURED,,,UNBOUND
SBP144,run,THN_conversion,4.2,ASSUMING_ON_DC_ALLOCATION_NOT_MEASURED,,,UNBOUND
SBP144,run,startup_bias_allocation,0.25,ASSUMING_ON_DC_ALLOCATION_NOT_MEASURED,,,UNBOUND
SBP144,cold,shared_contact_loop,0.0,MAIN_SWITCH_OPEN_AUX_ON_ALLOCATION_NOT_MEASURED,,,UNBOUND
SBP144,cold,main_before_sense,4.5e-08,MAIN_SWITCH_OPEN_AUX_ON_ALLOCATION_NOT_MEASURED,,,UNBOUND
SBP144,cold,main_after_sense,0.0,MAIN_SWITCH_OPEN_AUX_ON_ALLOCATION_NOT_MEASURED,,,UNBOUND
SBP144,cold,auxiliary_branch,0.009191714629363832,MAIN_SWITCH_OPEN_AUX_ON_ALLOCATION_NOT_MEASURED,,,UNBOUND
SBP144,cold,controller_allocation,0.088199955,MAIN_SWITCH_OPEN_AUX_ON_ALLOCATION_NOT_MEASURED,,,UNBOUND
SBP144,cold,input_capacitor_leakage,0.0,MAIN_SWITCH_OPEN_AUX_ON_ALLOCATION_NOT_MEASURED,,,UNBOUND
SBP144,cold,THN_conversion,4.2,MAIN_SWITCH_OPEN_AUX_ON_ALLOCATION_NOT_MEASURED,,,UNBOUND
SBP144,cold,startup_bias_allocation,0,MAIN_SWITCH_OPEN_AUX_ON_ALLOCATION_NOT_MEASURED,,,UNBOUND
SBP145,run,shared_contact_loop,0.0,ASSUMING_ON_DC_ALLOCATION_NOT_MEASURED,,,UNBOUND
SBP145,run,main_before_sense,1.0887519236582972,ASSUMING_ON_DC_ALLOCATION_NOT_MEASURED,,,UNBOUND
SBP145,run,main_after_sense,7.618164943412186,ASSUMING_ON_DC_ALLOCATION_NOT_MEASURED,,,UNBOUND
SBP145,run,auxiliary_branch,0.0072618827044360085,ASSUMING_ON_DC_ALLOCATION_NOT_MEASURED,,,UNBOUND
SBP145,run,controller_allocation,0.08797865448600745,ASSUMING_ON_DC_ALLOCATION_NOT_MEASURED,,,UNBOUND
SBP145,run,input_capacitor_leakage,0.08642955088805965,ASSUMING_ON_DC_ALLOCATION_NOT_MEASURED,,,UNBOUND
SBP145,run,CHB_conversion,63.70588235294119,ASSUMING_ON_DC_ALLOCATION_NOT_MEASURED,,,UNBOUND
SBP145,run,THN_conversion,1.8666666666666676,ASSUMING_ON_DC_ALLOCATION_NOT_MEASURED,,,UNBOUND
SBP145,run,startup_bias_allocation,0.25,ASSUMING_ON_DC_ALLOCATION_NOT_MEASURED,,,UNBOUND
SBP145,cold,shared_contact_loop,0.0,MAIN_SWITCH_OPEN_AUX_ON_ALLOCATION_NOT_MEASURED,,,UNBOUND
SBP145,cold,main_before_sense,4.5e-08,MAIN_SWITCH_OPEN_AUX_ON_ALLOCATION_NOT_MEASURED,,,UNBOUND
SBP145,cold,main_after_sense,0.0,MAIN_SWITCH_OPEN_AUX_ON_ALLOCATION_NOT_MEASURED,,,UNBOUND
SBP145,cold,auxiliary_branch,0.0072618827044360085,MAIN_SWITCH_OPEN_AUX_ON_ALLOCATION_NOT_MEASURED,,,UNBOUND
SBP145,cold,controller_allocation,0.088199955,MAIN_SWITCH_OPEN_AUX_ON_ALLOCATION_NOT_MEASURED,,,UNBOUND
SBP145,cold,input_capacitor_leakage,0.0,MAIN_SWITCH_OPEN_AUX_ON_ALLOCATION_NOT_MEASURED,,,UNBOUND
SBP145,cold,THN_conversion,1.8666666666666676,MAIN_SWITCH_OPEN_AUX_ON_ALLOCATION_NOT_MEASURED,,,UNBOUND
SBP145,cold,startup_bias_allocation,0,MAIN_SWITCH_OPEN_AUX_ON_ALLOCATION_NOT_MEASURED,,,UNBOUND
SBP146,run,shared_contact_loop,0.0,ASSUMING_ON_DC_ALLOCATION_NOT_MEASURED,,,UNBOUND
SBP146,run,main_before_sense,0.9690060421269204,ASSUMING_ON_DC_ALLOCATION_NOT_MEASURED,,,UNBOUND
SBP146,run,main_after_sense,6.7801191473366815,ASSUMING_ON_DC_ALLOCATION_NOT_MEASURED,,,UNBOUND
SBP146,run,auxiliary_branch,0.009191714629363832,ASSUMING_ON_DC_ALLOCATION_NOT_MEASURED,,,UNBOUND
SBP146,run,controller_allocation,0.08799118124630266,ASSUMING_ON_DC_ALLOCATION_NOT_MEASURED,,,UNBOUND
SBP146,run,input_capacitor_leakage,0.08652976497042127,ASSUMING_ON_DC_ALLOCATION_NOT_MEASURED,,,UNBOUND
SBP146,run,CHB_conversion,40.11111111111113,ASSUMING_ON_DC_ALLOCATION_NOT_MEASURED,,,UNBOUND
SBP146,run,THN_conversion,4.2,ASSUMING_ON_DC_ALLOCATION_NOT_MEASURED,,,UNBOUND
SBP146,run,startup_bias_allocation,0.25,ASSUMING_ON_DC_ALLOCATION_NOT_MEASURED,,,UNBOUND
SBP146,cold,shared_contact_loop,0.0,MAIN_SWITCH_OPEN_AUX_ON_ALLOCATION_NOT_MEASURED,,,UNBOUND
SBP146,cold,main_before_sense,4.5e-08,MAIN_SWITCH_OPEN_AUX_ON_ALLOCATION_NOT_MEASURED,,,UNBOUND
SBP146,cold,main_after_sense,0.0,MAIN_SWITCH_OPEN_AUX_ON_ALLOCATION_NOT_MEASURED,,,UNBOUND
SBP146,cold,auxiliary_branch,0.009191714629363832,MAIN_SWITCH_OPEN_AUX_ON_ALLOCATION_NOT_MEASURED,,,UNBOUND
SBP146,cold,controller_allocation,0.088199955,MAIN_SWITCH_OPEN_AUX_ON_ALLOCATION_NOT_MEASURED,,,UNBOUND
SBP146,cold,input_capacitor_leakage,0.0,MAIN_SWITCH_OPEN_AUX_ON_ALLOCATION_NOT_MEASURED,,,UNBOUND
SBP146,cold,THN_conversion,4.2,MAIN_SWITCH_OPEN_AUX_ON_ALLOCATION_NOT_MEASURED,,,UNBOUND
SBP146,cold,startup_bias_allocation,0,MAIN_SWITCH_OPEN_AUX_ON_ALLOCATION_NOT_MEASURED,,,UNBOUND
SBP147,run,shared_contact_loop,0.0,ASSUMING_ON_DC_ALLOCATION_NOT_MEASURED,,,UNBOUND
SBP147,run,main_before_sense,0.9690060421269204,ASSUMING_ON_DC_ALLOCATION_NOT_MEASURED,,,UNBOUND
SBP147,run,main_after_sense,6.7801191473366815,ASSUMING_ON_DC_ALLOCATION_NOT_MEASURED,,,UNBOUND
SBP147,run,auxiliary_branch,0.0072618827044360085,ASSUMING_ON_DC_ALLOCATION_NOT_MEASURED,,,UNBOUND
SBP147,run,controller_allocation,0.08799118124630266,ASSUMING_ON_DC_ALLOCATION_NOT_MEASURED,,,UNBOUND
SBP147,run,input_capacitor_leakage,0.08652976497042127,ASSUMING_ON_DC_ALLOCATION_NOT_MEASURED,,,UNBOUND
SBP147,run,CHB_conversion,40.11111111111113,ASSUMING_ON_DC_ALLOCATION_NOT_MEASURED,,,UNBOUND
SBP147,run,THN_conversion,1.8666666666666676,ASSUMING_ON_DC_ALLOCATION_NOT_MEASURED,,,UNBOUND
SBP147,run,startup_bias_allocation,0.25,ASSUMING_ON_DC_ALLOCATION_NOT_MEASURED,,,UNBOUND
SBP147,cold,shared_contact_loop,0.0,MAIN_SWITCH_OPEN_AUX_ON_ALLOCATION_NOT_MEASURED,,,UNBOUND
SBP147,cold,main_before_sense,4.5e-08,MAIN_SWITCH_OPEN_AUX_ON_ALLOCATION_NOT_MEASURED,,,UNBOUND
SBP147,cold,main_after_sense,0.0,MAIN_SWITCH_OPEN_AUX_ON_ALLOCATION_NOT_MEASURED,,,UNBOUND
SBP147,cold,auxiliary_branch,0.0072618827044360085,MAIN_SWITCH_OPEN_AUX_ON_ALLOCATION_NOT_MEASURED,,,UNBOUND
SBP147,cold,controller_allocation,0.088199955,MAIN_SWITCH_OPEN_AUX_ON_ALLOCATION_NOT_MEASURED,,,UNBOUND
SBP147,cold,input_capacitor_leakage,0.0,MAIN_SWITCH_OPEN_AUX_ON_ALLOCATION_NOT_MEASURED,,,UNBOUND
SBP147,cold,THN_conversion,1.8666666666666676,MAIN_SWITCH_OPEN_AUX_ON_ALLOCATION_NOT_MEASURED,,,UNBOUND
SBP147,cold,startup_bias_allocation,0,MAIN_SWITCH_OPEN_AUX_ON_ALLOCATION_NOT_MEASURED,,,UNBOUND
SBP148,run,shared_contact_loop,0.0,ASSUMING_ON_DC_ALLOCATION_NOT_MEASURED,,,UNBOUND
SBP148,run,main_before_sense,1.0887519236582972,ASSUMING_ON_DC_ALLOCATION_NOT_MEASURED,,,UNBOUND
SBP148,run,main_after_sense,7.618164943412186,ASSUMING_ON_DC_ALLOCATION_NOT_MEASURED,,,UNBOUND
SBP148,run,auxiliary_branch,0.020447925910774524,ASSUMING_ON_DC_ALLOCATION_NOT_MEASURED,,,UNBOUND
SBP148,run,controller_allocation,0.08797865448600745,ASSUMING_ON_DC_ALLOCATION_NOT_MEASURED,,,UNBOUND
SBP148,run,input_capacitor_leakage,0.08642955088805965,ASSUMING_ON_DC_ALLOCATION_NOT_MEASURED,,,UNBOUND
SBP148,run,CHB_conversion,63.70588235294119,ASSUMING_ON_DC_ALLOCATION_NOT_MEASURED,,,UNBOUND
SBP148,run,THN_conversion,4.2,ASSUMING_ON_DC_ALLOCATION_NOT_MEASURED,,,UNBOUND
SBP148,run,startup_bias_allocation,0.25,ASSUMING_ON_DC_ALLOCATION_NOT_MEASURED,,,UNBOUND
SBP148,cold,shared_contact_loop,0.0,MAIN_SWITCH_OPEN_AUX_ON_ALLOCATION_NOT_MEASURED,,,UNBOUND
SBP148,cold,main_before_sense,4.5e-08,MAIN_SWITCH_OPEN_AUX_ON_ALLOCATION_NOT_MEASURED,,,UNBOUND
SBP148,cold,main_after_sense,0.0,MAIN_SWITCH_OPEN_AUX_ON_ALLOCATION_NOT_MEASURED,,,UNBOUND
SBP148,cold,auxiliary_branch,0.020447925910774524,MAIN_SWITCH_OPEN_AUX_ON_ALLOCATION_NOT_MEASURED,,,UNBOUND
SBP148,cold,controller_allocation,0.088199955,MAIN_SWITCH_OPEN_AUX_ON_ALLOCATION_NOT_MEASURED,,,UNBOUND
SBP148,cold,input_capacitor_leakage,0.0,MAIN_SWITCH_OPEN_AUX_ON_ALLOCATION_NOT_MEASURED,,,UNBOUND
SBP148,cold,THN_conversion,4.2,MAIN_SWITCH_OPEN_AUX_ON_ALLOCATION_NOT_MEASURED,,,UNBOUND
SBP148,cold,startup_bias_allocation,0,MAIN_SWITCH_OPEN_AUX_ON_ALLOCATION_NOT_MEASURED,,,UNBOUND
SBP149,run,shared_contact_loop,0.0,ASSUMING_ON_DC_ALLOCATION_NOT_MEASURED,,,UNBOUND
SBP149,run,main_before_sense,1.0887519236582972,ASSUMING_ON_DC_ALLOCATION_NOT_MEASURED,,,UNBOUND
SBP149,run,main_after_sense,7.618164943412186,ASSUMING_ON_DC_ALLOCATION_NOT_MEASURED,,,UNBOUND
SBP149,run,auxiliary_branch,0.016152887523459163,ASSUMING_ON_DC_ALLOCATION_NOT_MEASURED,,,UNBOUND
SBP149,run,controller_allocation,0.08797865448600745,ASSUMING_ON_DC_ALLOCATION_NOT_MEASURED,,,UNBOUND
SBP149,run,input_capacitor_leakage,0.08642955088805965,ASSUMING_ON_DC_ALLOCATION_NOT_MEASURED,,,UNBOUND
SBP149,run,CHB_conversion,63.70588235294119,ASSUMING_ON_DC_ALLOCATION_NOT_MEASURED,,,UNBOUND
SBP149,run,THN_conversion,1.8666666666666676,ASSUMING_ON_DC_ALLOCATION_NOT_MEASURED,,,UNBOUND
SBP149,run,startup_bias_allocation,0.25,ASSUMING_ON_DC_ALLOCATION_NOT_MEASURED,,,UNBOUND
SBP149,cold,shared_contact_loop,0.0,MAIN_SWITCH_OPEN_AUX_ON_ALLOCATION_NOT_MEASURED,,,UNBOUND
SBP149,cold,main_before_sense,4.5e-08,MAIN_SWITCH_OPEN_AUX_ON_ALLOCATION_NOT_MEASURED,,,UNBOUND
SBP149,cold,main_after_sense,0.0,MAIN_SWITCH_OPEN_AUX_ON_ALLOCATION_NOT_MEASURED,,,UNBOUND
SBP149,cold,auxiliary_branch,0.016152887523459163,MAIN_SWITCH_OPEN_AUX_ON_ALLOCATION_NOT_MEASURED,,,UNBOUND
SBP149,cold,controller_allocation,0.088199955,MAIN_SWITCH_OPEN_AUX_ON_ALLOCATION_NOT_MEASURED,,,UNBOUND
SBP149,cold,input_capacitor_leakage,0.0,MAIN_SWITCH_OPEN_AUX_ON_ALLOCATION_NOT_MEASURED,,,UNBOUND
SBP149,cold,THN_conversion,1.8666666666666676,MAIN_SWITCH_OPEN_AUX_ON_ALLOCATION_NOT_MEASURED,,,UNBOUND
SBP149,cold,startup_bias_allocation,0,MAIN_SWITCH_OPEN_AUX_ON_ALLOCATION_NOT_MEASURED,,,UNBOUND
SBP150,run,shared_contact_loop,0.0,ASSUMING_ON_DC_ALLOCATION_NOT_MEASURED,,,UNBOUND
SBP150,run,main_before_sense,0.9690060421269204,ASSUMING_ON_DC_ALLOCATION_NOT_MEASURED,,,UNBOUND
SBP150,run,main_after_sense,6.7801191473366815,ASSUMING_ON_DC_ALLOCATION_NOT_MEASURED,,,UNBOUND
SBP150,run,auxiliary_branch,0.020447925910774524,ASSUMING_ON_DC_ALLOCATION_NOT_MEASURED,,,UNBOUND
SBP150,run,controller_allocation,0.08799118124630266,ASSUMING_ON_DC_ALLOCATION_NOT_MEASURED,,,UNBOUND
SBP150,run,input_capacitor_leakage,0.08652976497042127,ASSUMING_ON_DC_ALLOCATION_NOT_MEASURED,,,UNBOUND
SBP150,run,CHB_conversion,40.11111111111113,ASSUMING_ON_DC_ALLOCATION_NOT_MEASURED,,,UNBOUND
SBP150,run,THN_conversion,4.2,ASSUMING_ON_DC_ALLOCATION_NOT_MEASURED,,,UNBOUND
SBP150,run,startup_bias_allocation,0.25,ASSUMING_ON_DC_ALLOCATION_NOT_MEASURED,,,UNBOUND
SBP150,cold,shared_contact_loop,0.0,MAIN_SWITCH_OPEN_AUX_ON_ALLOCATION_NOT_MEASURED,,,UNBOUND
SBP150,cold,main_before_sense,4.5e-08,MAIN_SWITCH_OPEN_AUX_ON_ALLOCATION_NOT_MEASURED,,,UNBOUND
SBP150,cold,main_after_sense,0.0,MAIN_SWITCH_OPEN_AUX_ON_ALLOCATION_NOT_MEASURED,,,UNBOUND
SBP150,cold,auxiliary_branch,0.020447925910774524,MAIN_SWITCH_OPEN_AUX_ON_ALLOCATION_NOT_MEASURED,,,UNBOUND
SBP150,cold,controller_allocation,0.088199955,MAIN_SWITCH_OPEN_AUX_ON_ALLOCATION_NOT_MEASURED,,,UNBOUND
SBP150,cold,input_capacitor_leakage,0.0,MAIN_SWITCH_OPEN_AUX_ON_ALLOCATION_NOT_MEASURED,,,UNBOUND
SBP150,cold,THN_conversion,4.2,MAIN_SWITCH_OPEN_AUX_ON_ALLOCATION_NOT_MEASURED,,,UNBOUND
SBP150,cold,startup_bias_allocation,0,MAIN_SWITCH_OPEN_AUX_ON_ALLOCATION_NOT_MEASURED,,,UNBOUND
SBP151,run,shared_contact_loop,0.0,ASSUMING_ON_DC_ALLOCATION_NOT_MEASURED,,,UNBOUND
SBP151,run,main_before_sense,0.9690060421269204,ASSUMING_ON_DC_ALLOCATION_NOT_MEASURED,,,UNBOUND
SBP151,run,main_after_sense,6.7801191473366815,ASSUMING_ON_DC_ALLOCATION_NOT_MEASURED,,,UNBOUND
SBP151,run,auxiliary_branch,0.016152887523459163,ASSUMING_ON_DC_ALLOCATION_NOT_MEASURED,,,UNBOUND
SBP151,run,controller_allocation,0.08799118124630266,ASSUMING_ON_DC_ALLOCATION_NOT_MEASURED,,,UNBOUND
SBP151,run,input_capacitor_leakage,0.08652976497042127,ASSUMING_ON_DC_ALLOCATION_NOT_MEASURED,,,UNBOUND
SBP151,run,CHB_conversion,40.11111111111113,ASSUMING_ON_DC_ALLOCATION_NOT_MEASURED,,,UNBOUND
SBP151,run,THN_conversion,1.8666666666666676,ASSUMING_ON_DC_ALLOCATION_NOT_MEASURED,,,UNBOUND
SBP151,run,startup_bias_allocation,0.25,ASSUMING_ON_DC_ALLOCATION_NOT_MEASURED,,,UNBOUND
SBP151,cold,shared_contact_loop,0.0,MAIN_SWITCH_OPEN_AUX_ON_ALLOCATION_NOT_MEASURED,,,UNBOUND
SBP151,cold,main_before_sense,4.5e-08,MAIN_SWITCH_OPEN_AUX_ON_ALLOCATION_NOT_MEASURED,,,UNBOUND
SBP151,cold,main_after_sense,0.0,MAIN_SWITCH_OPEN_AUX_ON_ALLOCATION_NOT_MEASURED,,,UNBOUND
SBP151,cold,auxiliary_branch,0.016152887523459163,MAIN_SWITCH_OPEN_AUX_ON_ALLOCATION_NOT_MEASURED,,,UNBOUND
SBP151,cold,controller_allocation,0.088199955,MAIN_SWITCH_OPEN_AUX_ON_ALLOCATION_NOT_MEASURED,,,UNBOUND
SBP151,cold,input_capacitor_leakage,0.0,MAIN_SWITCH_OPEN_AUX_ON_ALLOCATION_NOT_MEASURED,,,UNBOUND
SBP151,cold,THN_conversion,1.8666666666666676,MAIN_SWITCH_OPEN_AUX_ON_ALLOCATION_NOT_MEASURED,,,UNBOUND
SBP151,cold,startup_bias_allocation,0,MAIN_SWITCH_OPEN_AUX_ON_ALLOCATION_NOT_MEASURED,,,UNBOUND
SBP152,run,shared_contact_loop,0.0,ASSUMING_ON_DC_ALLOCATION_NOT_MEASURED,,,UNBOUND
SBP152,run,main_before_sense,4.448529946235748,ASSUMING_ON_DC_ALLOCATION_NOT_MEASURED,,,UNBOUND
SBP152,run,main_after_sense,8.893480899702466,ASSUMING_ON_DC_ALLOCATION_NOT_MEASURED,,,UNBOUND
SBP152,run,auxiliary_branch,0.009191714629363832,ASSUMING_ON_DC_ALLOCATION_NOT_MEASURED,,,UNBOUND
SBP152,run,controller_allocation,0.08730516180774263,ASSUMING_ON_DC_ALLOCATION_NOT_MEASURED,,,UNBOUND
SBP152,run,input_capacitor_leakage,0.08551584542322789,ASSUMING_ON_DC_ALLOCATION_NOT_MEASURED,,,UNBOUND
SBP152,run,CHB_conversion,63.70588235294119,ASSUMING_ON_DC_ALLOCATION_NOT_MEASURED,,,UNBOUND
SBP152,run,THN_conversion,4.2,ASSUMING_ON_DC_ALLOCATION_NOT_MEASURED,,,UNBOUND
SBP152,run,startup_bias_allocation,0.25,ASSUMING_ON_DC_ALLOCATION_NOT_MEASURED,,,UNBOUND
SBP152,cold,shared_contact_loop,0.0,MAIN_SWITCH_OPEN_AUX_ON_ALLOCATION_NOT_MEASURED,,,UNBOUND
SBP152,cold,main_before_sense,1.8e-07,MAIN_SWITCH_OPEN_AUX_ON_ALLOCATION_NOT_MEASURED,,,UNBOUND
SBP152,cold,main_after_sense,0.0,MAIN_SWITCH_OPEN_AUX_ON_ALLOCATION_NOT_MEASURED,,,UNBOUND
SBP152,cold,auxiliary_branch,0.009191714629363832,MAIN_SWITCH_OPEN_AUX_ON_ALLOCATION_NOT_MEASURED,,,UNBOUND
SBP152,cold,controller_allocation,0.08819982,MAIN_SWITCH_OPEN_AUX_ON_ALLOCATION_NOT_MEASURED,,,UNBOUND
SBP152,cold,input_capacitor_leakage,0.0,MAIN_SWITCH_OPEN_AUX_ON_ALLOCATION_NOT_MEASURED,,,UNBOUND
SBP152,cold,THN_conversion,4.2,MAIN_SWITCH_OPEN_AUX_ON_ALLOCATION_NOT_MEASURED,,,UNBOUND
SBP152,cold,startup_bias_allocation,0,MAIN_SWITCH_OPEN_AUX_ON_ALLOCATION_NOT_MEASURED,,,UNBOUND
SBP153,run,shared_contact_loop,0.0,ASSUMING_ON_DC_ALLOCATION_NOT_MEASURED,,,UNBOUND
SBP153,run,main_before_sense,4.448529946235748,ASSUMING_ON_DC_ALLOCATION_NOT_MEASURED,,,UNBOUND
SBP153,run,main_after_sense,8.893480899702466,ASSUMING_ON_DC_ALLOCATION_NOT_MEASURED,,,UNBOUND
SBP153,run,auxiliary_branch,0.0072618827044360085,ASSUMING_ON_DC_ALLOCATION_NOT_MEASURED,,,UNBOUND
SBP153,run,controller_allocation,0.08730516180774263,ASSUMING_ON_DC_ALLOCATION_NOT_MEASURED,,,UNBOUND
SBP153,run,input_capacitor_leakage,0.08551584542322789,ASSUMING_ON_DC_ALLOCATION_NOT_MEASURED,,,UNBOUND
SBP153,run,CHB_conversion,63.70588235294119,ASSUMING_ON_DC_ALLOCATION_NOT_MEASURED,,,UNBOUND
SBP153,run,THN_conversion,1.8666666666666676,ASSUMING_ON_DC_ALLOCATION_NOT_MEASURED,,,UNBOUND
SBP153,run,startup_bias_allocation,0.25,ASSUMING_ON_DC_ALLOCATION_NOT_MEASURED,,,UNBOUND
SBP153,cold,shared_contact_loop,0.0,MAIN_SWITCH_OPEN_AUX_ON_ALLOCATION_NOT_MEASURED,,,UNBOUND
SBP153,cold,main_before_sense,1.8e-07,MAIN_SWITCH_OPEN_AUX_ON_ALLOCATION_NOT_MEASURED,,,UNBOUND
SBP153,cold,main_after_sense,0.0,MAIN_SWITCH_OPEN_AUX_ON_ALLOCATION_NOT_MEASURED,,,UNBOUND
SBP153,cold,auxiliary_branch,0.0072618827044360085,MAIN_SWITCH_OPEN_AUX_ON_ALLOCATION_NOT_MEASURED,,,UNBOUND
SBP153,cold,controller_allocation,0.08819982,MAIN_SWITCH_OPEN_AUX_ON_ALLOCATION_NOT_MEASURED,,,UNBOUND
SBP153,cold,input_capacitor_leakage,0.0,MAIN_SWITCH_OPEN_AUX_ON_ALLOCATION_NOT_MEASURED,,,UNBOUND
SBP153,cold,THN_conversion,1.8666666666666676,MAIN_SWITCH_OPEN_AUX_ON_ALLOCATION_NOT_MEASURED,,,UNBOUND
SBP153,cold,startup_bias_allocation,0,MAIN_SWITCH_OPEN_AUX_ON_ALLOCATION_NOT_MEASURED,,,UNBOUND
SBP154,run,shared_contact_loop,0.0,ASSUMING_ON_DC_ALLOCATION_NOT_MEASURED,,,UNBOUND
SBP154,run,main_before_sense,3.954235755639988,ASSUMING_ON_DC_ALLOCATION_NOT_MEASURED,,,UNBOUND
SBP154,run,main_after_sense,7.905097230710042,ASSUMING_ON_DC_ALLOCATION_NOT_MEASURED,,,UNBOUND
SBP154,run,auxiliary_branch,0.009191714629363832,ASSUMING_ON_DC_ALLOCATION_NOT_MEASURED,,,UNBOUND
SBP154,run,controller_allocation,0.08735633985751655,ASSUMING_ON_DC_ALLOCATION_NOT_MEASURED,,,UNBOUND
SBP154,run,input_capacitor_leakage,0.08566937957254964,ASSUMING_ON_DC_ALLOCATION_NOT_MEASURED,,,UNBOUND
SBP154,run,CHB_conversion,40.11111111111113,ASSUMING_ON_DC_ALLOCATION_NOT_MEASURED,,,UNBOUND
SBP154,run,THN_conversion,4.2,ASSUMING_ON_DC_ALLOCATION_NOT_MEASURED,,,UNBOUND
SBP154,run,startup_bias_allocation,0.25,ASSUMING_ON_DC_ALLOCATION_NOT_MEASURED,,,UNBOUND
SBP154,cold,shared_contact_loop,0.0,MAIN_SWITCH_OPEN_AUX_ON_ALLOCATION_NOT_MEASURED,,,UNBOUND
SBP154,cold,main_before_sense,1.8e-07,MAIN_SWITCH_OPEN_AUX_ON_ALLOCATION_NOT_MEASURED,,,UNBOUND
SBP154,cold,main_after_sense,0.0,MAIN_SWITCH_OPEN_AUX_ON_ALLOCATION_NOT_MEASURED,,,UNBOUND
SBP154,cold,auxiliary_branch,0.009191714629363832,MAIN_SWITCH_OPEN_AUX_ON_ALLOCATION_NOT_MEASURED,,,UNBOUND
SBP154,cold,controller_allocation,0.08819982,MAIN_SWITCH_OPEN_AUX_ON_ALLOCATION_NOT_MEASURED,,,UNBOUND
SBP154,cold,input_capacitor_leakage,0.0,MAIN_SWITCH_OPEN_AUX_ON_ALLOCATION_NOT_MEASURED,,,UNBOUND
SBP154,cold,THN_conversion,4.2,MAIN_SWITCH_OPEN_AUX_ON_ALLOCATION_NOT_MEASURED,,,UNBOUND
SBP154,cold,startup_bias_allocation,0,MAIN_SWITCH_OPEN_AUX_ON_ALLOCATION_NOT_MEASURED,,,UNBOUND
SBP155,run,shared_contact_loop,0.0,ASSUMING_ON_DC_ALLOCATION_NOT_MEASURED,,,UNBOUND
SBP155,run,main_before_sense,3.954235755639988,ASSUMING_ON_DC_ALLOCATION_NOT_MEASURED,,,UNBOUND
SBP155,run,main_after_sense,7.905097230710042,ASSUMING_ON_DC_ALLOCATION_NOT_MEASURED,,,UNBOUND
SBP155,run,auxiliary_branch,0.0072618827044360085,ASSUMING_ON_DC_ALLOCATION_NOT_MEASURED,,,UNBOUND
SBP155,run,controller_allocation,0.08735633985751655,ASSUMING_ON_DC_ALLOCATION_NOT_MEASURED,,,UNBOUND
SBP155,run,input_capacitor_leakage,0.08566937957254964,ASSUMING_ON_DC_ALLOCATION_NOT_MEASURED,,,UNBOUND
SBP155,run,CHB_conversion,40.11111111111113,ASSUMING_ON_DC_ALLOCATION_NOT_MEASURED,,,UNBOUND
SBP155,run,THN_conversion,1.8666666666666676,ASSUMING_ON_DC_ALLOCATION_NOT_MEASURED,,,UNBOUND
SBP155,run,startup_bias_allocation,0.25,ASSUMING_ON_DC_ALLOCATION_NOT_MEASURED,,,UNBOUND
SBP155,cold,shared_contact_loop,0.0,MAIN_SWITCH_OPEN_AUX_ON_ALLOCATION_NOT_MEASURED,,,UNBOUND
SBP155,cold,main_before_sense,1.8e-07,MAIN_SWITCH_OPEN_AUX_ON_ALLOCATION_NOT_MEASURED,,,UNBOUND
SBP155,cold,main_after_sense,0.0,MAIN_SWITCH_OPEN_AUX_ON_ALLOCATION_NOT_MEASURED,,,UNBOUND
SBP155,cold,auxiliary_branch,0.0072618827044360085,MAIN_SWITCH_OPEN_AUX_ON_ALLOCATION_NOT_MEASURED,,,UNBOUND
SBP155,cold,controller_allocation,0.08819982,MAIN_SWITCH_OPEN_AUX_ON_ALLOCATION_NOT_MEASURED,,,UNBOUND
SBP155,cold,input_capacitor_leakage,0.0,MAIN_SWITCH_OPEN_AUX_ON_ALLOCATION_NOT_MEASURED,,,UNBOUND
SBP155,cold,THN_conversion,1.8666666666666676,MAIN_SWITCH_OPEN_AUX_ON_ALLOCATION_NOT_MEASURED,,,UNBOUND
SBP155,cold,startup_bias_allocation,0,MAIN_SWITCH_OPEN_AUX_ON_ALLOCATION_NOT_MEASURED,,,UNBOUND
SBP156,run,shared_contact_loop,0.0,ASSUMING_ON_DC_ALLOCATION_NOT_MEASURED,,,UNBOUND
SBP156,run,main_before_sense,4.448529946235748,ASSUMING_ON_DC_ALLOCATION_NOT_MEASURED,,,UNBOUND
SBP156,run,main_after_sense,8.893480899702466,ASSUMING_ON_DC_ALLOCATION_NOT_MEASURED,,,UNBOUND
SBP156,run,auxiliary_branch,0.020447925910774524,ASSUMING_ON_DC_ALLOCATION_NOT_MEASURED,,,UNBOUND
SBP156,run,controller_allocation,0.08730516180774263,ASSUMING_ON_DC_ALLOCATION_NOT_MEASURED,,,UNBOUND
SBP156,run,input_capacitor_leakage,0.08551584542322789,ASSUMING_ON_DC_ALLOCATION_NOT_MEASURED,,,UNBOUND
SBP156,run,CHB_conversion,63.70588235294119,ASSUMING_ON_DC_ALLOCATION_NOT_MEASURED,,,UNBOUND
SBP156,run,THN_conversion,4.2,ASSUMING_ON_DC_ALLOCATION_NOT_MEASURED,,,UNBOUND
SBP156,run,startup_bias_allocation,0.25,ASSUMING_ON_DC_ALLOCATION_NOT_MEASURED,,,UNBOUND
SBP156,cold,shared_contact_loop,0.0,MAIN_SWITCH_OPEN_AUX_ON_ALLOCATION_NOT_MEASURED,,,UNBOUND
SBP156,cold,main_before_sense,1.8e-07,MAIN_SWITCH_OPEN_AUX_ON_ALLOCATION_NOT_MEASURED,,,UNBOUND
SBP156,cold,main_after_sense,0.0,MAIN_SWITCH_OPEN_AUX_ON_ALLOCATION_NOT_MEASURED,,,UNBOUND
SBP156,cold,auxiliary_branch,0.020447925910774524,MAIN_SWITCH_OPEN_AUX_ON_ALLOCATION_NOT_MEASURED,,,UNBOUND
SBP156,cold,controller_allocation,0.08819982,MAIN_SWITCH_OPEN_AUX_ON_ALLOCATION_NOT_MEASURED,,,UNBOUND
SBP156,cold,input_capacitor_leakage,0.0,MAIN_SWITCH_OPEN_AUX_ON_ALLOCATION_NOT_MEASURED,,,UNBOUND
SBP156,cold,THN_conversion,4.2,MAIN_SWITCH_OPEN_AUX_ON_ALLOCATION_NOT_MEASURED,,,UNBOUND
SBP156,cold,startup_bias_allocation,0,MAIN_SWITCH_OPEN_AUX_ON_ALLOCATION_NOT_MEASURED,,,UNBOUND
SBP157,run,shared_contact_loop,0.0,ASSUMING_ON_DC_ALLOCATION_NOT_MEASURED,,,UNBOUND
SBP157,run,main_before_sense,4.448529946235748,ASSUMING_ON_DC_ALLOCATION_NOT_MEASURED,,,UNBOUND
SBP157,run,main_after_sense,8.893480899702466,ASSUMING_ON_DC_ALLOCATION_NOT_MEASURED,,,UNBOUND
SBP157,run,auxiliary_branch,0.016152887523459163,ASSUMING_ON_DC_ALLOCATION_NOT_MEASURED,,,UNBOUND
SBP157,run,controller_allocation,0.08730516180774263,ASSUMING_ON_DC_ALLOCATION_NOT_MEASURED,,,UNBOUND
SBP157,run,input_capacitor_leakage,0.08551584542322789,ASSUMING_ON_DC_ALLOCATION_NOT_MEASURED,,,UNBOUND
SBP157,run,CHB_conversion,63.70588235294119,ASSUMING_ON_DC_ALLOCATION_NOT_MEASURED,,,UNBOUND
SBP157,run,THN_conversion,1.8666666666666676,ASSUMING_ON_DC_ALLOCATION_NOT_MEASURED,,,UNBOUND
SBP157,run,startup_bias_allocation,0.25,ASSUMING_ON_DC_ALLOCATION_NOT_MEASURED,,,UNBOUND
SBP157,cold,shared_contact_loop,0.0,MAIN_SWITCH_OPEN_AUX_ON_ALLOCATION_NOT_MEASURED,,,UNBOUND
SBP157,cold,main_before_sense,1.8e-07,MAIN_SWITCH_OPEN_AUX_ON_ALLOCATION_NOT_MEASURED,,,UNBOUND
SBP157,cold,main_after_sense,0.0,MAIN_SWITCH_OPEN_AUX_ON_ALLOCATION_NOT_MEASURED,,,UNBOUND
SBP157,cold,auxiliary_branch,0.016152887523459163,MAIN_SWITCH_OPEN_AUX_ON_ALLOCATION_NOT_MEASURED,,,UNBOUND
SBP157,cold,controller_allocation,0.08819982,MAIN_SWITCH_OPEN_AUX_ON_ALLOCATION_NOT_MEASURED,,,UNBOUND
SBP157,cold,input_capacitor_leakage,0.0,MAIN_SWITCH_OPEN_AUX_ON_ALLOCATION_NOT_MEASURED,,,UNBOUND
SBP157,cold,THN_conversion,1.8666666666666676,MAIN_SWITCH_OPEN_AUX_ON_ALLOCATION_NOT_MEASURED,,,UNBOUND
SBP157,cold,startup_bias_allocation,0,MAIN_SWITCH_OPEN_AUX_ON_ALLOCATION_NOT_MEASURED,,,UNBOUND
SBP158,run,shared_contact_loop,0.0,ASSUMING_ON_DC_ALLOCATION_NOT_MEASURED,,,UNBOUND
SBP158,run,main_before_sense,3.954235755639988,ASSUMING_ON_DC_ALLOCATION_NOT_MEASURED,,,UNBOUND
SBP158,run,main_after_sense,7.905097230710042,ASSUMING_ON_DC_ALLOCATION_NOT_MEASURED,,,UNBOUND
SBP158,run,auxiliary_branch,0.020447925910774524,ASSUMING_ON_DC_ALLOCATION_NOT_MEASURED,,,UNBOUND
SBP158,run,controller_allocation,0.08735633985751655,ASSUMING_ON_DC_ALLOCATION_NOT_MEASURED,,,UNBOUND
SBP158,run,input_capacitor_leakage,0.08566937957254964,ASSUMING_ON_DC_ALLOCATION_NOT_MEASURED,,,UNBOUND
SBP158,run,CHB_conversion,40.11111111111113,ASSUMING_ON_DC_ALLOCATION_NOT_MEASURED,,,UNBOUND
SBP158,run,THN_conversion,4.2,ASSUMING_ON_DC_ALLOCATION_NOT_MEASURED,,,UNBOUND
SBP158,run,startup_bias_allocation,0.25,ASSUMING_ON_DC_ALLOCATION_NOT_MEASURED,,,UNBOUND
SBP158,cold,shared_contact_loop,0.0,MAIN_SWITCH_OPEN_AUX_ON_ALLOCATION_NOT_MEASURED,,,UNBOUND
SBP158,cold,main_before_sense,1.8e-07,MAIN_SWITCH_OPEN_AUX_ON_ALLOCATION_NOT_MEASURED,,,UNBOUND
SBP158,cold,main_after_sense,0.0,MAIN_SWITCH_OPEN_AUX_ON_ALLOCATION_NOT_MEASURED,,,UNBOUND
SBP158,cold,auxiliary_branch,0.020447925910774524,MAIN_SWITCH_OPEN_AUX_ON_ALLOCATION_NOT_MEASURED,,,UNBOUND
SBP158,cold,controller_allocation,0.08819982,MAIN_SWITCH_OPEN_AUX_ON_ALLOCATION_NOT_MEASURED,,,UNBOUND
SBP158,cold,input_capacitor_leakage,0.0,MAIN_SWITCH_OPEN_AUX_ON_ALLOCATION_NOT_MEASURED,,,UNBOUND
SBP158,cold,THN_conversion,4.2,MAIN_SWITCH_OPEN_AUX_ON_ALLOCATION_NOT_MEASURED,,,UNBOUND
SBP158,cold,startup_bias_allocation,0,MAIN_SWITCH_OPEN_AUX_ON_ALLOCATION_NOT_MEASURED,,,UNBOUND
SBP159,run,shared_contact_loop,0.0,ASSUMING_ON_DC_ALLOCATION_NOT_MEASURED,,,UNBOUND
SBP159,run,main_before_sense,3.954235755639988,ASSUMING_ON_DC_ALLOCATION_NOT_MEASURED,,,UNBOUND
SBP159,run,main_after_sense,7.905097230710042,ASSUMING_ON_DC_ALLOCATION_NOT_MEASURED,,,UNBOUND
SBP159,run,auxiliary_branch,0.016152887523459163,ASSUMING_ON_DC_ALLOCATION_NOT_MEASURED,,,UNBOUND
SBP159,run,controller_allocation,0.08735633985751655,ASSUMING_ON_DC_ALLOCATION_NOT_MEASURED,,,UNBOUND
SBP159,run,input_capacitor_leakage,0.08566937957254964,ASSUMING_ON_DC_ALLOCATION_NOT_MEASURED,,,UNBOUND
SBP159,run,CHB_conversion,40.11111111111113,ASSUMING_ON_DC_ALLOCATION_NOT_MEASURED,,,UNBOUND
SBP159,run,THN_conversion,1.8666666666666676,ASSUMING_ON_DC_ALLOCATION_NOT_MEASURED,,,UNBOUND
SBP159,run,startup_bias_allocation,0.25,ASSUMING_ON_DC_ALLOCATION_NOT_MEASURED,,,UNBOUND
SBP159,cold,shared_contact_loop,0.0,MAIN_SWITCH_OPEN_AUX_ON_ALLOCATION_NOT_MEASURED,,,UNBOUND
SBP159,cold,main_before_sense,1.8e-07,MAIN_SWITCH_OPEN_AUX_ON_ALLOCATION_NOT_MEASURED,,,UNBOUND
SBP159,cold,main_after_sense,0.0,MAIN_SWITCH_OPEN_AUX_ON_ALLOCATION_NOT_MEASURED,,,UNBOUND
SBP159,cold,auxiliary_branch,0.016152887523459163,MAIN_SWITCH_OPEN_AUX_ON_ALLOCATION_NOT_MEASURED,,,UNBOUND
SBP159,cold,controller_allocation,0.08819982,MAIN_SWITCH_OPEN_AUX_ON_ALLOCATION_NOT_MEASURED,,,UNBOUND
SBP159,cold,input_capacitor_leakage,0.0,MAIN_SWITCH_OPEN_AUX_ON_ALLOCATION_NOT_MEASURED,,,UNBOUND
SBP159,cold,THN_conversion,1.8666666666666676,MAIN_SWITCH_OPEN_AUX_ON_ALLOCATION_NOT_MEASURED,,,UNBOUND
SBP159,cold,startup_bias_allocation,0,MAIN_SWITCH_OPEN_AUX_ON_ALLOCATION_NOT_MEASURED,,,UNBOUND
SBP160,run,shared_contact_loop,2.4200606614791353,ASSUMING_ON_DC_ALLOCATION_NOT_MEASURED,,,UNBOUND
SBP160,run,main_before_sense,1.1008521634783879,ASSUMING_ON_DC_ALLOCATION_NOT_MEASURED,,,UNBOUND
SBP160,run,main_after_sense,7.7028494497078634,ASSUMING_ON_DC_ALLOCATION_NOT_MEASURED,,,UNBOUND
SBP160,run,auxiliary_branch,0.00928985196087123,ASSUMING_ON_DC_ALLOCATION_NOT_MEASURED,,,UNBOUND
SBP160,run,controller_allocation,0.08751073155804852,ASSUMING_ON_DC_ALLOCATION_NOT_MEASURED,,,UNBOUND
SBP160,run,input_capacitor_leakage,0.08595304173762278,ASSUMING_ON_DC_ALLOCATION_NOT_MEASURED,,,UNBOUND
SBP160,run,CHB_conversion,63.70588235294119,ASSUMING_ON_DC_ALLOCATION_NOT_MEASURED,,,UNBOUND
SBP160,run,THN_conversion,4.2,ASSUMING_ON_DC_ALLOCATION_NOT_MEASURED,,,UNBOUND
SBP160,run,startup_bias_allocation,0.25,ASSUMING_ON_DC_ALLOCATION_NOT_MEASURED,,,UNBOUND
SBP160,cold,shared_contact_loop,0.005151981018031244,MAIN_SWITCH_OPEN_AUX_ON_ALLOCATION_NOT_MEASURED,,,UNBOUND
SBP160,cold,main_before_sense,4.5e-08,MAIN_SWITCH_OPEN_AUX_ON_ALLOCATION_NOT_MEASURED,,,UNBOUND
SBP160,cold,main_after_sense,0.0,MAIN_SWITCH_OPEN_AUX_ON_ALLOCATION_NOT_MEASURED,,,UNBOUND
SBP160,cold,auxiliary_branch,0.009196208346780496,MAIN_SWITCH_OPEN_AUX_ON_ALLOCATION_NOT_MEASURED,,,UNBOUND
SBP160,cold,controller_allocation,0.08817842180953453,MAIN_SWITCH_OPEN_AUX_ON_ALLOCATION_NOT_MEASURED,,,UNBOUND
SBP160,cold,input_capacitor_leakage,0.0,MAIN_SWITCH_OPEN_AUX_ON_ALLOCATION_NOT_MEASURED,,,UNBOUND
SBP160,cold,THN_conversion,4.2,MAIN_SWITCH_OPEN_AUX_ON_ALLOCATION_NOT_MEASURED,,,UNBOUND
SBP160,cold,startup_bias_allocation,0,MAIN_SWITCH_OPEN_AUX_ON_ALLOCATION_NOT_MEASURED,,,UNBOUND
SBP161,run,shared_contact_loop,2.395142583853855,ASSUMING_ON_DC_ALLOCATION_NOT_MEASURED,,,UNBOUND
SBP161,run,main_before_sense,1.1007891830487955,ASSUMING_ON_DC_ALLOCATION_NOT_MEASURED,,,UNBOUND
SBP161,run,main_after_sense,7.7024086758364065,ASSUMING_ON_DC_ALLOCATION_NOT_MEASURED,,,UNBOUND
SBP161,run,auxiliary_branch,0.007339004805790967,ASSUMING_ON_DC_ALLOCATION_NOT_MEASURED,,,UNBOUND
SBP161,run,controller_allocation,0.08751314680359504,ASSUMING_ON_DC_ALLOCATION_NOT_MEASURED,,,UNBOUND
SBP161,run,input_capacitor_leakage,0.08595550155101393,ASSUMING_ON_DC_ALLOCATION_NOT_MEASURED,,,UNBOUND
SBP161,run,CHB_conversion,63.70588235294119,ASSUMING_ON_DC_ALLOCATION_NOT_MEASURED,,,UNBOUND
SBP161,run,THN_conversion,1.8666666666666676,ASSUMING_ON_DC_ALLOCATION_NOT_MEASURED,,,UNBOUND
SBP161,run,startup_bias_allocation,0.25,ASSUMING_ON_DC_ALLOCATION_NOT_MEASURED,,,UNBOUND
SBP161,cold,shared_contact_loop,0.00407434137052507,MAIN_SWITCH_OPEN_AUX_ON_ALLOCATION_NOT_MEASURED,,,UNBOUND
SBP161,cold,main_before_sense,4.5e-08,MAIN_SWITCH_OPEN_AUX_ON_ALLOCATION_NOT_MEASURED,,,UNBOUND
SBP161,cold,main_after_sense,0.0,MAIN_SWITCH_OPEN_AUX_ON_ALLOCATION_NOT_MEASURED,,,UNBOUND
SBP161,cold,auxiliary_branch,0.007265039453849253,MAIN_SWITCH_OPEN_AUX_ON_ALLOCATION_NOT_MEASURED,,,UNBOUND
SBP161,cold,controller_allocation,0.08818080582969559,MAIN_SWITCH_OPEN_AUX_ON_ALLOCATION_NOT_MEASURED,,,UNBOUND
SBP161,cold,input_capacitor_leakage,0.0,MAIN_SWITCH_OPEN_AUX_ON_ALLOCATION_NOT_MEASURED,,,UNBOUND
SBP161,cold,THN_conversion,1.8666666666666676,MAIN_SWITCH_OPEN_AUX_ON_ALLOCATION_NOT_MEASURED,,,UNBOUND
SBP161,cold,startup_bias_allocation,0,MAIN_SWITCH_OPEN_AUX_ON_ALLOCATION_NOT_MEASURED,,,UNBOUND
SBP162,run,shared_contact_loop,2.164490184657403,ASSUMING_ON_DC_ALLOCATION_NOT_MEASURED,,,UNBOUND
SBP162,run,main_before_sense,0.9791617154500607,ASSUMING_ON_DC_ALLOCATION_NOT_MEASURED,,,UNBOUND
SBP162,run,main_after_sense,6.851193580846263,ASSUMING_ON_DC_ALLOCATION_NOT_MEASURED,,,UNBOUND
SBP162,run,auxiliary_branch,0.009284485255953033,ASSUMING_ON_DC_ALLOCATION_NOT_MEASURED,,,UNBOUND
SBP162,run,controller_allocation,0.08754872364208187,ASSUMING_ON_DC_ALLOCATION_NOT_MEASURED,,,UNBOUND
SBP162,run,input_capacitor_leakage,0.08607966749000102,ASSUMING_ON_DC_ALLOCATION_NOT_MEASURED,,,UNBOUND
SBP162,run,CHB_conversion,40.11111111111113,ASSUMING_ON_DC_ALLOCATION_NOT_MEASURED,,,UNBOUND
SBP162,run,THN_conversion,4.2,ASSUMING_ON_DC_ALLOCATION_NOT_MEASURED,,,UNBOUND
SBP162,run,startup_bias_allocation,0.25,ASSUMING_ON_DC_ALLOCATION_NOT_MEASURED,,,UNBOUND
SBP162,cold,shared_contact_loop,0.005151981018031244,MAIN_SWITCH_OPEN_AUX_ON_ALLOCATION_NOT_MEASURED,,,UNBOUND
SBP162,cold,main_before_sense,4.5e-08,MAIN_SWITCH_OPEN_AUX_ON_ALLOCATION_NOT_MEASURED,,,UNBOUND
SBP162,cold,main_after_sense,0.0,MAIN_SWITCH_OPEN_AUX_ON_ALLOCATION_NOT_MEASURED,,,UNBOUND
SBP162,cold,auxiliary_branch,0.009196208346780496,MAIN_SWITCH_OPEN_AUX_ON_ALLOCATION_NOT_MEASURED,,,UNBOUND
SBP162,cold,controller_allocation,0.08817842180953453,MAIN_SWITCH_OPEN_AUX_ON_ALLOCATION_NOT_MEASURED,,,UNBOUND
SBP162,cold,input_capacitor_leakage,0.0,MAIN_SWITCH_OPEN_AUX_ON_ALLOCATION_NOT_MEASURED,,,UNBOUND
SBP162,cold,THN_conversion,4.2,MAIN_SWITCH_OPEN_AUX_ON_ALLOCATION_NOT_MEASURED,,,UNBOUND
SBP162,cold,startup_bias_allocation,0,MAIN_SWITCH_OPEN_AUX_ON_ALLOCATION_NOT_MEASURED,,,UNBOUND
SBP163,run,shared_contact_loop,2.1409422635860356,ASSUMING_ON_DC_ALLOCATION_NOT_MEASURED,,,UNBOUND
SBP163,run,main_before_sense,0.9791058834387282,ASSUMING_ON_DC_ALLOCATION_NOT_MEASURED,,,UNBOUND
SBP163,run,main_after_sense,6.850802840551989,ASSUMING_ON_DC_ALLOCATION_NOT_MEASURED,,,UNBOUND
SBP163,run,auxiliary_branch,0.007334765873552182,ASSUMING_ON_DC_ALLOCATION_NOT_MEASURED,,,UNBOUND
SBP163,run,controller_allocation,0.0875511370478279,ASSUMING_ON_DC_ALLOCATION_NOT_MEASURED,,,UNBOUND
SBP163,run,input_capacitor_leakage,0.0860821227882736,ASSUMING_ON_DC_ALLOCATION_NOT_MEASURED,,,UNBOUND
SBP163,run,CHB_conversion,40.11111111111113,ASSUMING_ON_DC_ALLOCATION_NOT_MEASURED,,,UNBOUND
SBP163,run,THN_conversion,1.8666666666666676,ASSUMING_ON_DC_ALLOCATION_NOT_MEASURED,,,UNBOUND
SBP163,run,startup_bias_allocation,0.25,ASSUMING_ON_DC_ALLOCATION_NOT_MEASURED,,,UNBOUND
SBP163,cold,shared_contact_loop,0.00407434137052507,MAIN_SWITCH_OPEN_AUX_ON_ALLOCATION_NOT_MEASURED,,,UNBOUND
SBP163,cold,main_before_sense,4.5e-08,MAIN_SWITCH_OPEN_AUX_ON_ALLOCATION_NOT_MEASURED,,,UNBOUND
SBP163,cold,main_after_sense,0.0,MAIN_SWITCH_OPEN_AUX_ON_ALLOCATION_NOT_MEASURED,,,UNBOUND
SBP163,cold,auxiliary_branch,0.007265039453849253,MAIN_SWITCH_OPEN_AUX_ON_ALLOCATION_NOT_MEASURED,,,UNBOUND
SBP163,cold,controller_allocation,0.08818080582969559,MAIN_SWITCH_OPEN_AUX_ON_ALLOCATION_NOT_MEASURED,,,UNBOUND
SBP163,cold,input_capacitor_leakage,0.0,MAIN_SWITCH_OPEN_AUX_ON_ALLOCATION_NOT_MEASURED,,,UNBOUND
SBP163,cold,THN_conversion,1.8666666666666676,MAIN_SWITCH_OPEN_AUX_ON_ALLOCATION_NOT_MEASURED,,,UNBOUND
SBP163,cold,startup_bias_allocation,0,MAIN_SWITCH_OPEN_AUX_ON_ALLOCATION_NOT_MEASURED,,,UNBOUND
SBP164,run,shared_contact_loop,2.4201823720557476,ASSUMING_ON_DC_ALLOCATION_NOT_MEASURED,,,UNBOUND
SBP164,run,main_before_sense,1.1008524703174685,ASSUMING_ON_DC_ALLOCATION_NOT_MEASURED,,,UNBOUND
SBP164,run,main_after_sense,7.702851597147167,ASSUMING_ON_DC_ALLOCATION_NOT_MEASURED,,,UNBOUND
SBP164,run,auxiliary_branch,0.02066648482917304,ASSUMING_ON_DC_ALLOCATION_NOT_MEASURED,,,UNBOUND
SBP164,run,controller_allocation,0.08751071979154626,ASSUMING_ON_DC_ALLOCATION_NOT_MEASURED,,,UNBOUND
SBP164,run,input_capacitor_leakage,0.0859530297539902,ASSUMING_ON_DC_ALLOCATION_NOT_MEASURED,,,UNBOUND
SBP164,run,CHB_conversion,63.70588235294119,ASSUMING_ON_DC_ALLOCATION_NOT_MEASURED,,,UNBOUND
SBP164,run,THN_conversion,4.2,ASSUMING_ON_DC_ALLOCATION_NOT_MEASURED,,,UNBOUND
SBP164,run,startup_bias_allocation,0.25,ASSUMING_ON_DC_ALLOCATION_NOT_MEASURED,,,UNBOUND
SBP164,cold,shared_contact_loop,0.005157484056720333,MAIN_SWITCH_OPEN_AUX_ON_ALLOCATION_NOT_MEASURED,,,UNBOUND
SBP164,cold,main_before_sense,4.5e-08,MAIN_SWITCH_OPEN_AUX_ON_ALLOCATION_NOT_MEASURED,,,UNBOUND
SBP164,cold,main_after_sense,0.0,MAIN_SWITCH_OPEN_AUX_ON_ALLOCATION_NOT_MEASURED,,,UNBOUND
SBP164,cold,auxiliary_branch,0.020457938725835657,MAIN_SWITCH_OPEN_AUX_ON_ALLOCATION_NOT_MEASURED,,,UNBOUND
SBP164,cold,controller_allocation,0.0881784103123693,MAIN_SWITCH_OPEN_AUX_ON_ALLOCATION_NOT_MEASURED,,,UNBOUND
SBP164,cold,input_capacitor_leakage,0.0,MAIN_SWITCH_OPEN_AUX_ON_ALLOCATION_NOT_MEASURED,,,UNBOUND
SBP164,cold,THN_conversion,4.2,MAIN_SWITCH_OPEN_AUX_ON_ALLOCATION_NOT_MEASURED,,,UNBOUND
SBP164,cold,startup_bias_allocation,0,MAIN_SWITCH_OPEN_AUX_ON_ALLOCATION_NOT_MEASURED,,,UNBOUND
SBP165,run,shared_contact_loop,2.39523821270781,ASSUMING_ON_DC_ALLOCATION_NOT_MEASURED,,,UNBOUND
SBP165,run,main_before_sense,1.1007894253647692,ASSUMING_ON_DC_ALLOCATION_NOT_MEASURED,,,UNBOUND
SBP165,run,main_after_sense,7.70241037170527,ASSUMING_ON_DC_ALLOCATION_NOT_MEASURED,,,UNBOUND
SBP165,run,auxiliary_branch,0.016324601894408566,ASSUMING_ON_DC_ALLOCATION_NOT_MEASURED,,,UNBOUND
SBP165,run,controller_allocation,0.08751313751058273,ASSUMING_ON_DC_ALLOCATION_NOT_MEASURED,,,UNBOUND
SBP165,run,input_capacitor_leakage,0.08595549208652527,ASSUMING_ON_DC_ALLOCATION_NOT_MEASURED,,,UNBOUND
SBP165,run,CHB_conversion,63.70588235294119,ASSUMING_ON_DC_ALLOCATION_NOT_MEASURED,,,UNBOUND
SBP165,run,THN_conversion,1.8666666666666676,ASSUMING_ON_DC_ALLOCATION_NOT_MEASURED,,,UNBOUND
SBP165,run,startup_bias_allocation,0.25,ASSUMING_ON_DC_ALLOCATION_NOT_MEASURED,,,UNBOUND
SBP165,cold,shared_contact_loop,0.004078206309436544,MAIN_SWITCH_OPEN_AUX_ON_ALLOCATION_NOT_MEASURED,,,UNBOUND
SBP165,cold,main_before_sense,4.5e-08,MAIN_SWITCH_OPEN_AUX_ON_ALLOCATION_NOT_MEASURED,,,UNBOUND
SBP165,cold,main_after_sense,0.0,MAIN_SWITCH_OPEN_AUX_ON_ALLOCATION_NOT_MEASURED,,,UNBOUND
SBP165,cold,auxiliary_branch,0.01615991923257101,MAIN_SWITCH_OPEN_AUX_ON_ALLOCATION_NOT_MEASURED,,,UNBOUND
SBP165,cold,controller_allocation,0.08818079674935311,MAIN_SWITCH_OPEN_AUX_ON_ALLOCATION_NOT_MEASURED,,,UNBOUND
SBP165,cold,input_capacitor_leakage,0.0,MAIN_SWITCH_OPEN_AUX_ON_ALLOCATION_NOT_MEASURED,,,UNBOUND
SBP165,cold,THN_conversion,1.8666666666666676,MAIN_SWITCH_OPEN_AUX_ON_ALLOCATION_NOT_MEASURED,,,UNBOUND
SBP165,cold,startup_bias_allocation,0,MAIN_SWITCH_OPEN_AUX_ON_ALLOCATION_NOT_MEASURED,,,UNBOUND
SBP166,run,shared_contact_loop,2.1646051532400943,ASSUMING_ON_DC_ALLOCATION_NOT_MEASURED,,,UNBOUND
SBP166,run,main_before_sense,0.9791619873048493,ASSUMING_ON_DC_ALLOCATION_NOT_MEASURED,,,UNBOUND
SBP166,run,main_after_sense,6.851195483421827,ASSUMING_ON_DC_ALLOCATION_NOT_MEASURED,,,UNBOUND
SBP166,run,auxiliary_branch,0.020654532952191756,ASSUMING_ON_DC_ALLOCATION_NOT_MEASURED,,,UNBOUND
SBP166,run,controller_allocation,0.08754871189134313,ASSUMING_ON_DC_ALLOCATION_NOT_MEASURED,,,UNBOUND
SBP166,run,input_capacitor_leakage,0.08607965553528393,ASSUMING_ON_DC_ALLOCATION_NOT_MEASURED,,,UNBOUND
SBP166,run,CHB_conversion,40.11111111111113,ASSUMING_ON_DC_ALLOCATION_NOT_MEASURED,,,UNBOUND
SBP166,run,THN_conversion,4.2,ASSUMING_ON_DC_ALLOCATION_NOT_MEASURED,,,UNBOUND
SBP166,run,startup_bias_allocation,0.25,ASSUMING_ON_DC_ALLOCATION_NOT_MEASURED,,,UNBOUND
SBP166,cold,shared_contact_loop,0.005157484056720333,MAIN_SWITCH_OPEN_AUX_ON_ALLOCATION_NOT_MEASURED,,,UNBOUND
SBP166,cold,main_before_sense,4.5e-08,MAIN_SWITCH_OPEN_AUX_ON_ALLOCATION_NOT_MEASURED,,,UNBOUND
SBP166,cold,main_after_sense,0.0,MAIN_SWITCH_OPEN_AUX_ON_ALLOCATION_NOT_MEASURED,,,UNBOUND
SBP166,cold,auxiliary_branch,0.020457938725835657,MAIN_SWITCH_OPEN_AUX_ON_ALLOCATION_NOT_MEASURED,,,UNBOUND
SBP166,cold,controller_allocation,0.0881784103123693,MAIN_SWITCH_OPEN_AUX_ON_ALLOCATION_NOT_MEASURED,,,UNBOUND
SBP166,cold,input_capacitor_leakage,0.0,MAIN_SWITCH_OPEN_AUX_ON_ALLOCATION_NOT_MEASURED,,,UNBOUND
SBP166,cold,THN_conversion,4.2,MAIN_SWITCH_OPEN_AUX_ON_ALLOCATION_NOT_MEASURED,,,UNBOUND
SBP166,cold,startup_bias_allocation,0,MAIN_SWITCH_OPEN_AUX_ON_ALLOCATION_NOT_MEASURED,,,UNBOUND
SBP167,run,shared_contact_loop,2.14103256862521,ASSUMING_ON_DC_ALLOCATION_NOT_MEASURED,,,UNBOUND
SBP167,run,main_before_sense,0.9791060981271609,ASSUMING_ON_DC_ALLOCATION_NOT_MEASURED,,,UNBOUND
SBP167,run,main_after_sense,6.850804343048838,ASSUMING_ON_DC_ALLOCATION_NOT_MEASURED,,,UNBOUND
SBP167,run,auxiliary_branch,0.016315163893667956,ASSUMING_ON_DC_ALLOCATION_NOT_MEASURED,,,UNBOUND
SBP167,run,controller_allocation,0.0875511277672625,ASSUMING_ON_DC_ALLOCATION_NOT_MEASURED,,,UNBOUND
SBP167,run,input_capacitor_leakage,0.08608211334661837,ASSUMING_ON_DC_ALLOCATION_NOT_MEASURED,,,UNBOUND
SBP167,run,CHB_conversion,40.11111111111113,ASSUMING_ON_DC_ALLOCATION_NOT_MEASURED,,,UNBOUND
SBP167,run,THN_conversion,1.8666666666666676,ASSUMING_ON_DC_ALLOCATION_NOT_MEASURED,,,UNBOUND
SBP167,run,startup_bias_allocation,0.25,ASSUMING_ON_DC_ALLOCATION_NOT_MEASURED,,,UNBOUND
SBP167,cold,shared_contact_loop,0.004078206309436544,MAIN_SWITCH_OPEN_AUX_ON_ALLOCATION_NOT_MEASURED,,,UNBOUND
SBP167,cold,main_before_sense,4.5e-08,MAIN_SWITCH_OPEN_AUX_ON_ALLOCATION_NOT_MEASURED,,,UNBOUND
SBP167,cold,main_after_sense,0.0,MAIN_SWITCH_OPEN_AUX_ON_ALLOCATION_NOT_MEASURED,,,UNBOUND
SBP167,cold,auxiliary_branch,0.01615991923257101,MAIN_SWITCH_OPEN_AUX_ON_ALLOCATION_NOT_MEASURED,,,UNBOUND
SBP167,cold,controller_allocation,0.08818079674935311,MAIN_SWITCH_OPEN_AUX_ON_ALLOCATION_NOT_MEASURED,,,UNBOUND
SBP167,cold,input_capacitor_leakage,0.0,MAIN_SWITCH_OPEN_AUX_ON_ALLOCATION_NOT_MEASURED,,,UNBOUND
SBP167,cold,THN_conversion,1.8666666666666676,MAIN_SWITCH_OPEN_AUX_ON_ALLOCATION_NOT_MEASURED,,,UNBOUND
SBP167,cold,startup_bias_allocation,0,MAIN_SWITCH_OPEN_AUX_ON_ALLOCATION_NOT_MEASURED,,,UNBOUND
SBP168,run,shared_contact_loop,2.47048599518816,ASSUMING_ON_DC_ALLOCATION_NOT_MEASURED,,,UNBOUND
SBP168,run,main_before_sense,4.499602250347325,ASSUMING_ON_DC_ALLOCATION_NOT_MEASURED,,,UNBOUND
SBP168,run,main_after_sense,8.995605019798026,ASSUMING_ON_DC_ALLOCATION_NOT_MEASURED,,,UNBOUND
SBP168,run,auxiliary_branch,0.009290877321441597,ASSUMING_ON_DC_ALLOCATION_NOT_MEASURED,,,UNBOUND
SBP168,run,controller_allocation,0.08682850638406064,ASSUMING_ON_DC_ALLOCATION_NOT_MEASURED,,,UNBOUND
SBP168,run,input_capacitor_leakage,0.08502894593574908,ASSUMING_ON_DC_ALLOCATION_NOT_MEASURED,,,UNBOUND
SBP168,run,CHB_conversion,63.70588235294119,ASSUMING_ON_DC_ALLOCATION_NOT_MEASURED,,,UNBOUND
SBP168,run,THN_conversion,4.2,ASSUMING_ON_DC_ALLOCATION_NOT_MEASURED,,,UNBOUND
SBP168,run,startup_bias_allocation,0.25,ASSUMING_ON_DC_ALLOCATION_NOT_MEASURED,,,UNBOUND
SBP168,cold,shared_contact_loop,0.005151981018031244,MAIN_SWITCH_OPEN_AUX_ON_ALLOCATION_NOT_MEASURED,,,UNBOUND
SBP168,cold,main_before_sense,1.8e-07,MAIN_SWITCH_OPEN_AUX_ON_ALLOCATION_NOT_MEASURED,,,UNBOUND
SBP168,cold,main_after_sense,0.0,MAIN_SWITCH_OPEN_AUX_ON_ALLOCATION_NOT_MEASURED,,,UNBOUND
SBP168,cold,auxiliary_branch,0.009196208346780496,MAIN_SWITCH_OPEN_AUX_ON_ALLOCATION_NOT_MEASURED,,,UNBOUND
SBP168,cold,controller_allocation,0.08817828680953453,MAIN_SWITCH_OPEN_AUX_ON_ALLOCATION_NOT_MEASURED,,,UNBOUND
SBP168,cold,input_capacitor_leakage,0.0,MAIN_SWITCH_OPEN_AUX_ON_ALLOCATION_NOT_MEASURED,,,UNBOUND
SBP168,cold,THN_conversion,4.2,MAIN_SWITCH_OPEN_AUX_ON_ALLOCATION_NOT_MEASURED,,,UNBOUND
SBP168,cold,startup_bias_allocation,0,MAIN_SWITCH_OPEN_AUX_ON_ALLOCATION_NOT_MEASURED,,,UNBOUND
SBP169,run,shared_contact_loop,2.4453031265057055,ASSUMING_ON_DC_ALLOCATION_NOT_MEASURED,,,UNBOUND
SBP169,run,main_before_sense,4.499339000419479,ASSUMING_ON_DC_ALLOCATION_NOT_MEASURED,,,UNBOUND
SBP169,run,main_after_sense,8.995078625248498,ASSUMING_ON_DC_ALLOCATION_NOT_MEASURED,,,UNBOUND
SBP169,run,auxiliary_branch,0.007339814646943339,ASSUMING_ON_DC_ALLOCATION_NOT_MEASURED,,,UNBOUND
SBP169,run,controller_allocation,0.08683094215140298,ASSUMING_ON_DC_ALLOCATION_NOT_MEASURED,,,UNBOUND
SBP169,run,input_capacitor_leakage,0.08503143435617412,ASSUMING_ON_DC_ALLOCATION_NOT_MEASURED,,,UNBOUND
SBP169,run,CHB_conversion,63.70588235294119,ASSUMING_ON_DC_ALLOCATION_NOT_MEASURED,,,UNBOUND
SBP169,run,THN_conversion,1.8666666666666676,ASSUMING_ON_DC_ALLOCATION_NOT_MEASURED,,,UNBOUND
SBP169,run,startup_bias_allocation,0.25,ASSUMING_ON_DC_ALLOCATION_NOT_MEASURED,,,UNBOUND
SBP169,cold,shared_contact_loop,0.00407434137052507,MAIN_SWITCH_OPEN_AUX_ON_ALLOCATION_NOT_MEASURED,,,UNBOUND
SBP169,cold,main_before_sense,1.8e-07,MAIN_SWITCH_OPEN_AUX_ON_ALLOCATION_NOT_MEASURED,,,UNBOUND
SBP169,cold,main_after_sense,0.0,MAIN_SWITCH_OPEN_AUX_ON_ALLOCATION_NOT_MEASURED,,,UNBOUND
SBP169,cold,auxiliary_branch,0.007265039453849253,MAIN_SWITCH_OPEN_AUX_ON_ALLOCATION_NOT_MEASURED,,,UNBOUND
SBP169,cold,controller_allocation,0.08818067082969558,MAIN_SWITCH_OPEN_AUX_ON_ALLOCATION_NOT_MEASURED,,,UNBOUND
SBP169,cold,input_capacitor_leakage,0.0,MAIN_SWITCH_OPEN_AUX_ON_ALLOCATION_NOT_MEASURED,,,UNBOUND
SBP169,cold,THN_conversion,1.8666666666666676,MAIN_SWITCH_OPEN_AUX_ON_ALLOCATION_NOT_MEASURED,,,UNBOUND
SBP169,cold,startup_bias_allocation,0,MAIN_SWITCH_OPEN_AUX_ON_ALLOCATION_NOT_MEASURED,,,UNBOUND
SBP170,run,shared_contact_loop,2.2067072747316883,ASSUMING_ON_DC_ALLOCATION_NOT_MEASURED,,,UNBOUND
SBP170,run,main_before_sense,3.9969593410421886,ASSUMING_ON_DC_ALLOCATION_NOT_MEASURED,,,UNBOUND
SBP170,run,main_after_sense,7.990526219822276,ASSUMING_ON_DC_ALLOCATION_NOT_MEASURED,,,UNBOUND
SBP170,run,auxiliary_branch,0.009285392477237272,ASSUMING_ON_DC_ALLOCATION_NOT_MEASURED,,,UNBOUND
SBP170,run,controller_allocation,0.08690614473490609,ASSUMING_ON_DC_ALLOCATION_NOT_MEASURED,,,UNBOUND
SBP170,run,input_capacitor_leakage,0.08521009360385608,ASSUMING_ON_DC_ALLOCATION_NOT_MEASURED,,,UNBOUND
SBP170,run,CHB_conversion,40.11111111111113,ASSUMING_ON_DC_ALLOCATION_NOT_MEASURED,,,UNBOUND
SBP170,run,THN_conversion,4.2,ASSUMING_ON_DC_ALLOCATION_NOT_MEASURED,,,UNBOUND
SBP170,run,startup_bias_allocation,0.25,ASSUMING_ON_DC_ALLOCATION_NOT_MEASURED,,,UNBOUND
SBP170,cold,shared_contact_loop,0.005151981018031244,MAIN_SWITCH_OPEN_AUX_ON_ALLOCATION_NOT_MEASURED,,,UNBOUND
SBP170,cold,main_before_sense,1.8e-07,MAIN_SWITCH_OPEN_AUX_ON_ALLOCATION_NOT_MEASURED,,,UNBOUND
SBP170,cold,main_after_sense,0.0,MAIN_SWITCH_OPEN_AUX_ON_ALLOCATION_NOT_MEASURED,,,UNBOUND
SBP170,cold,auxiliary_branch,0.009196208346780496,MAIN_SWITCH_OPEN_AUX_ON_ALLOCATION_NOT_MEASURED,,,UNBOUND
SBP170,cold,controller_allocation,0.08817828680953453,MAIN_SWITCH_OPEN_AUX_ON_ALLOCATION_NOT_MEASURED,,,UNBOUND
SBP170,cold,input_capacitor_leakage,0.0,MAIN_SWITCH_OPEN_AUX_ON_ALLOCATION_NOT_MEASURED,,,UNBOUND
SBP170,cold,THN_conversion,4.2,MAIN_SWITCH_OPEN_AUX_ON_ALLOCATION_NOT_MEASURED,,,UNBOUND
SBP170,cold,startup_bias_allocation,0,MAIN_SWITCH_OPEN_AUX_ON_ALLOCATION_NOT_MEASURED,,,UNBOUND
SBP171,run,shared_contact_loop,2.182925311590186,ASSUMING_ON_DC_ALLOCATION_NOT_MEASURED,,,UNBOUND
SBP171,run,main_before_sense,3.9967266028712762,ASSUMING_ON_DC_ALLOCATION_NOT_MEASURED,,,UNBOUND
SBP171,run,main_after_sense,7.990060842261884,ASSUMING_ON_DC_ALLOCATION_NOT_MEASURED,,,UNBOUND
SBP171,run,auxiliary_branch,0.007335482407476772,ASSUMING_ON_DC_ALLOCATION_NOT_MEASURED,,,UNBOUND
SBP171,run,controller_allocation,0.08690857734700687,ASSUMING_ON_DC_ALLOCATION_NOT_MEASURED,,,UNBOUND
SBP171,run,input_capacitor_leakage,0.08521257560667336,ASSUMING_ON_DC_ALLOCATION_NOT_MEASURED,,,UNBOUND
SBP171,run,CHB_conversion,40.11111111111113,ASSUMING_ON_DC_ALLOCATION_NOT_MEASURED,,,UNBOUND
SBP171,run,THN_conversion,1.8666666666666676,ASSUMING_ON_DC_ALLOCATION_NOT_MEASURED,,,UNBOUND
SBP171,run,startup_bias_allocation,0.25,ASSUMING_ON_DC_ALLOCATION_NOT_MEASURED,,,UNBOUND
SBP171,cold,shared_contact_loop,0.00407434137052507,MAIN_SWITCH_OPEN_AUX_ON_ALLOCATION_NOT_MEASURED,,,UNBOUND
SBP171,cold,main_before_sense,1.8e-07,MAIN_SWITCH_OPEN_AUX_ON_ALLOCATION_NOT_MEASURED,,,UNBOUND
SBP171,cold,main_after_sense,0.0,MAIN_SWITCH_OPEN_AUX_ON_ALLOCATION_NOT_MEASURED,,,UNBOUND
SBP171,cold,auxiliary_branch,0.007265039453849253,MAIN_SWITCH_OPEN_AUX_ON_ALLOCATION_NOT_MEASURED,,,UNBOUND
SBP171,cold,controller_allocation,0.08818067082969558,MAIN_SWITCH_OPEN_AUX_ON_ALLOCATION_NOT_MEASURED,,,UNBOUND
SBP171,cold,input_capacitor_leakage,0.0,MAIN_SWITCH_OPEN_AUX_ON_ALLOCATION_NOT_MEASURED,,,UNBOUND
SBP171,cold,THN_conversion,1.8666666666666676,MAIN_SWITCH_OPEN_AUX_ON_ALLOCATION_NOT_MEASURED,,,UNBOUND
SBP171,cold,startup_bias_allocation,0,MAIN_SWITCH_OPEN_AUX_ON_ALLOCATION_NOT_MEASURED,,,UNBOUND
SBP172,run,shared_contact_loop,2.4706090095050888,ASSUMING_ON_DC_ALLOCATION_NOT_MEASURED,,,UNBOUND
SBP172,run,main_before_sense,4.499603533037854,ASSUMING_ON_DC_ALLOCATION_NOT_MEASURED,,,UNBOUND
SBP172,run,main_after_sense,8.995607584665986,ASSUMING_ON_DC_ALLOCATION_NOT_MEASURED,,,UNBOUND
SBP172,run,auxiliary_branch,0.020668768352535092,ASSUMING_ON_DC_ALLOCATION_NOT_MEASURED,,,UNBOUND
SBP172,run,controller_allocation,0.08682849451626663,ASSUMING_ON_DC_ALLOCATION_NOT_MEASURED,,,UNBOUND
SBP172,run,input_capacitor_leakage,0.08502893381140564,ASSUMING_ON_DC_ALLOCATION_NOT_MEASURED,,,UNBOUND
SBP172,run,CHB_conversion,63.70588235294119,ASSUMING_ON_DC_ALLOCATION_NOT_MEASURED,,,UNBOUND
SBP172,run,THN_conversion,4.2,ASSUMING_ON_DC_ALLOCATION_NOT_MEASURED,,,UNBOUND
SBP172,run,startup_bias_allocation,0.25,ASSUMING_ON_DC_ALLOCATION_NOT_MEASURED,,,UNBOUND
SBP172,cold,shared_contact_loop,0.005157484056720333,MAIN_SWITCH_OPEN_AUX_ON_ALLOCATION_NOT_MEASURED,,,UNBOUND
SBP172,cold,main_before_sense,1.8e-07,MAIN_SWITCH_OPEN_AUX_ON_ALLOCATION_NOT_MEASURED,,,UNBOUND
SBP172,cold,main_after_sense,0.0,MAIN_SWITCH_OPEN_AUX_ON_ALLOCATION_NOT_MEASURED,,,UNBOUND
SBP172,cold,auxiliary_branch,0.020457938725835657,MAIN_SWITCH_OPEN_AUX_ON_ALLOCATION_NOT_MEASURED,,,UNBOUND
SBP172,cold,controller_allocation,0.0881782753123693,MAIN_SWITCH_OPEN_AUX_ON_ALLOCATION_NOT_MEASURED,,,UNBOUND
SBP172,cold,input_capacitor_leakage,0.0,MAIN_SWITCH_OPEN_AUX_ON_ALLOCATION_NOT_MEASURED,,,UNBOUND
SBP172,cold,THN_conversion,4.2,MAIN_SWITCH_OPEN_AUX_ON_ALLOCATION_NOT_MEASURED,,,UNBOUND
SBP172,cold,startup_bias_allocation,0,MAIN_SWITCH_OPEN_AUX_ON_ALLOCATION_NOT_MEASURED,,,UNBOUND
SBP173,run,shared_contact_loop,2.445399784739808,ASSUMING_ON_DC_ALLOCATION_NOT_MEASURED,,,UNBOUND
SBP173,run,main_before_sense,4.49934001337895,ASSUMING_ON_DC_ALLOCATION_NOT_MEASURED,,,UNBOUND
SBP173,run,main_after_sense,8.995080650762226,ASSUMING_ON_DC_ALLOCATION_NOT_MEASURED,,,UNBOUND
SBP173,run,auxiliary_branch,0.016326405010797997,ASSUMING_ON_DC_ALLOCATION_NOT_MEASURED,,,UNBOUND
SBP173,run,controller_allocation,0.08683093277839743,ASSUMING_ON_DC_ALLOCATION_NOT_MEASURED,,,UNBOUND
SBP173,run,input_capacitor_leakage,0.0850314247805618,ASSUMING_ON_DC_ALLOCATION_NOT_MEASURED,,,UNBOUND
SBP173,run,CHB_conversion,63.70588235294119,ASSUMING_ON_DC_ALLOCATION_NOT_MEASURED,,,UNBOUND
SBP173,run,THN_conversion,1.8666666666666676,ASSUMING_ON_DC_ALLOCATION_NOT_MEASURED,,,UNBOUND
SBP173,run,startup_bias_allocation,0.25,ASSUMING_ON_DC_ALLOCATION_NOT_MEASURED,,,UNBOUND
SBP173,cold,shared_contact_loop,0.004078206309436544,MAIN_SWITCH_OPEN_AUX_ON_ALLOCATION_NOT_MEASURED,,,UNBOUND
SBP173,cold,main_before_sense,1.8e-07,MAIN_SWITCH_OPEN_AUX_ON_ALLOCATION_NOT_MEASURED,,,UNBOUND
SBP173,cold,main_after_sense,0.0,MAIN_SWITCH_OPEN_AUX_ON_ALLOCATION_NOT_MEASURED,,,UNBOUND
SBP173,cold,auxiliary_branch,0.01615991923257101,MAIN_SWITCH_OPEN_AUX_ON_ALLOCATION_NOT_MEASURED,,,UNBOUND
SBP173,cold,controller_allocation,0.08818066174935311,MAIN_SWITCH_OPEN_AUX_ON_ALLOCATION_NOT_MEASURED,,,UNBOUND
SBP173,cold,input_capacitor_leakage,0.0,MAIN_SWITCH_OPEN_AUX_ON_ALLOCATION_NOT_MEASURED,,,UNBOUND
SBP173,cold,THN_conversion,1.8666666666666676,MAIN_SWITCH_OPEN_AUX_ON_ALLOCATION_NOT_MEASURED,,,UNBOUND
SBP173,cold,startup_bias_allocation,0,MAIN_SWITCH_OPEN_AUX_ON_ALLOCATION_NOT_MEASURED,,,UNBOUND
SBP174,run,shared_contact_loop,2.2068233943422046,ASSUMING_ON_DC_ALLOCATION_NOT_MEASURED,,,UNBOUND
SBP174,run,main_before_sense,3.996960474393,ASSUMING_ON_DC_ALLOCATION_NOT_MEASURED,,,UNBOUND
SBP174,run,main_after_sense,7.990528486042876,ASSUMING_ON_DC_ALLOCATION_NOT_MEASURED,,,UNBOUND
SBP174,run,auxiliary_branch,0.020656553371568093,ASSUMING_ON_DC_ALLOCATION_NOT_MEASURED,,,UNBOUND
SBP174,run,controller_allocation,0.08690613288949105,ASSUMING_ON_DC_ALLOCATION_NOT_MEASURED,,,UNBOUND
SBP174,run,input_capacitor_leakage,0.0852100815179296,ASSUMING_ON_DC_ALLOCATION_NOT_MEASURED,,,UNBOUND
SBP174,run,CHB_conversion,40.11111111111113,ASSUMING_ON_DC_ALLOCATION_NOT_MEASURED,,,UNBOUND
SBP174,run,THN_conversion,4.2,ASSUMING_ON_DC_ALLOCATION_NOT_MEASURED,,,UNBOUND
SBP174,run,startup_bias_allocation,0.25,ASSUMING_ON_DC_ALLOCATION_NOT_MEASURED,,,UNBOUND
SBP174,cold,shared_contact_loop,0.005157484056720333,MAIN_SWITCH_OPEN_AUX_ON_ALLOCATION_NOT_MEASURED,,,UNBOUND
SBP174,cold,main_before_sense,1.8e-07,MAIN_SWITCH_OPEN_AUX_ON_ALLOCATION_NOT_MEASURED,,,UNBOUND
SBP174,cold,main_after_sense,0.0,MAIN_SWITCH_OPEN_AUX_ON_ALLOCATION_NOT_MEASURED,,,UNBOUND
SBP174,cold,auxiliary_branch,0.020457938725835657,MAIN_SWITCH_OPEN_AUX_ON_ALLOCATION_NOT_MEASURED,,,UNBOUND
SBP174,cold,controller_allocation,0.0881782753123693,MAIN_SWITCH_OPEN_AUX_ON_ALLOCATION_NOT_MEASURED,,,UNBOUND
SBP174,cold,input_capacitor_leakage,0.0,MAIN_SWITCH_OPEN_AUX_ON_ALLOCATION_NOT_MEASURED,,,UNBOUND
SBP174,cold,THN_conversion,4.2,MAIN_SWITCH_OPEN_AUX_ON_ALLOCATION_NOT_MEASURED,,,UNBOUND
SBP174,cold,startup_bias_allocation,0,MAIN_SWITCH_OPEN_AUX_ON_ALLOCATION_NOT_MEASURED,,,UNBOUND
SBP175,run,shared_contact_loop,2.183016525435118,ASSUMING_ON_DC_ALLOCATION_NOT_MEASURED,,,UNBOUND
SBP175,run,main_before_sense,3.99672749789575,ASSUMING_ON_DC_ALLOCATION_NOT_MEASURED,,,UNBOUND
SBP175,run,main_after_sense,7.990062631930949,ASSUMING_ON_DC_ALLOCATION_NOT_MEASURED,,,UNBOUND
SBP175,run,auxiliary_branch,0.016316759259130797,ASSUMING_ON_DC_ALLOCATION_NOT_MEASURED,,,UNBOUND
SBP175,run,controller_allocation,0.08690856799167254,ASSUMING_ON_DC_ALLOCATION_NOT_MEASURED,,,UNBOUND
SBP175,run,input_capacitor_leakage,0.08521256606139795,ASSUMING_ON_DC_ALLOCATION_NOT_MEASURED,,,UNBOUND
SBP175,run,CHB_conversion,40.11111111111113,ASSUMING_ON_DC_ALLOCATION_NOT_MEASURED,,,UNBOUND
SBP175,run,THN_conversion,1.8666666666666676,ASSUMING_ON_DC_ALLOCATION_NOT_MEASURED,,,UNBOUND
SBP175,run,startup_bias_allocation,0.25,ASSUMING_ON_DC_ALLOCATION_NOT_MEASURED,,,UNBOUND
SBP175,cold,shared_contact_loop,0.004078206309436544,MAIN_SWITCH_OPEN_AUX_ON_ALLOCATION_NOT_MEASURED,,,UNBOUND
SBP175,cold,main_before_sense,1.8e-07,MAIN_SWITCH_OPEN_AUX_ON_ALLOCATION_NOT_MEASURED,,,UNBOUND
SBP175,cold,main_after_sense,0.0,MAIN_SWITCH_OPEN_AUX_ON_ALLOCATION_NOT_MEASURED,,,UNBOUND
SBP175,cold,auxiliary_branch,0.01615991923257101,MAIN_SWITCH_OPEN_AUX_ON_ALLOCATION_NOT_MEASURED,,,UNBOUND
SBP175,cold,controller_allocation,0.08818066174935311,MAIN_SWITCH_OPEN_AUX_ON_ALLOCATION_NOT_MEASURED,,,UNBOUND
SBP175,cold,input_capacitor_leakage,0.0,MAIN_SWITCH_OPEN_AUX_ON_ALLOCATION_NOT_MEASURED,,,UNBOUND
SBP175,cold,THN_conversion,1.8666666666666676,MAIN_SWITCH_OPEN_AUX_ON_ALLOCATION_NOT_MEASURED,,,UNBOUND
SBP175,cold,startup_bias_allocation,0,MAIN_SWITCH_OPEN_AUX_ON_ALLOCATION_NOT_MEASURED,,,UNBOUND
SBP176,run,shared_contact_loop,26.98201831091817,ASSUMING_ON_DC_ALLOCATION_NOT_MEASURED,,,UNBOUND
SBP176,run,main_before_sense,1.2276312175726058,ASSUMING_ON_DC_ALLOCATION_NOT_MEASURED,,,UNBOUND
SBP176,run,main_after_sense,8.5901282898261,ASSUMING_ON_DC_ALLOCATION_NOT_MEASURED,,,UNBOUND
SBP176,run,auxiliary_branch,0.010312895487077535,ASSUMING_ON_DC_ALLOCATION_NOT_MEASURED,,,UNBOUND
SBP176,run,controller_allocation,0.08303709959610377,ASSUMING_ON_DC_ALLOCATION_NOT_MEASURED,,,UNBOUND
SBP176,run,input_capacitor_leakage,0.08139214050503335,ASSUMING_ON_DC_ALLOCATION_NOT_MEASURED,,,UNBOUND
SBP176,run,CHB_conversion,63.70588235294119,ASSUMING_ON_DC_ALLOCATION_NOT_MEASURED,,,UNBOUND
SBP176,run,THN_conversion,4.2,ASSUMING_ON_DC_ALLOCATION_NOT_MEASURED,,,UNBOUND
SBP176,run,startup_bias_allocation,0.25,ASSUMING_ON_DC_ALLOCATION_NOT_MEASURED,,,UNBOUND
SBP176,cold,shared_contact_loop,0.05174682354486934,MAIN_SWITCH_OPEN_AUX_ON_ALLOCATION_NOT_MEASURED,,,UNBOUND
SBP176,cold,main_before_sense,4.5e-08,MAIN_SWITCH_OPEN_AUX_ON_ALLOCATION_NOT_MEASURED,,,UNBOUND
SBP176,cold,main_after_sense,0.0,MAIN_SWITCH_OPEN_AUX_ON_ALLOCATION_NOT_MEASURED,,,UNBOUND
SBP176,cold,auxiliary_branch,0.009236900151847452,MAIN_SWITCH_OPEN_AUX_ON_ALLOCATION_NOT_MEASURED,,,UNBOUND
SBP176,cold,controller_allocation,0.08798414920491937,MAIN_SWITCH_OPEN_AUX_ON_ALLOCATION_NOT_MEASURED,,,UNBOUND
SBP176,cold,input_capacitor_leakage,0.0,MAIN_SWITCH_OPEN_AUX_ON_ALLOCATION_NOT_MEASURED,,,UNBOUND
SBP176,cold,THN_conversion,4.2,MAIN_SWITCH_OPEN_AUX_ON_ALLOCATION_NOT_MEASURED,,,UNBOUND
SBP176,cold,startup_bias_allocation,0,MAIN_SWITCH_OPEN_AUX_ON_ALLOCATION_NOT_MEASURED,,,UNBOUND
SBP177,run,shared_contact_loop,26.688288349226152,ASSUMING_ON_DC_ALLOCATION_NOT_MEASURED,,,UNBOUND
SBP177,run,main_before_sense,1.2268014408265098,ASSUMING_ON_DC_ALLOCATION_NOT_MEASURED,,,UNBOUND
SBP177,run,main_after_sense,8.584320964860051,ASSUMING_ON_DC_ALLOCATION_NOT_MEASURED,,,UNBOUND
SBP177,run,auxiliary_branch,0.008142305851194543,ASSUMING_ON_DC_ALLOCATION_NOT_MEASURED,,,UNBOUND
SBP177,run,controller_allocation,0.0830640751295276,ASSUMING_ON_DC_ALLOCATION_NOT_MEASURED,,,UNBOUND
SBP177,run,input_capacitor_leakage,0.0814196721667685,ASSUMING_ON_DC_ALLOCATION_NOT_MEASURED,,,UNBOUND
SBP177,run,CHB_conversion,63.70588235294119,ASSUMING_ON_DC_ALLOCATION_NOT_MEASURED,,,UNBOUND
SBP177,run,THN_conversion,1.8666666666666676,ASSUMING_ON_DC_ALLOCATION_NOT_MEASURED,,,UNBOUND
SBP177,run,startup_bias_allocation,0.25,ASSUMING_ON_DC_ALLOCATION_NOT_MEASURED,,,UNBOUND
SBP177,cold,shared_contact_loop,0.04090286082996229,MAIN_SWITCH_OPEN_AUX_ON_ALLOCATION_NOT_MEASURED,,,UNBOUND
SBP177,cold,main_before_sense,4.5e-08,MAIN_SWITCH_OPEN_AUX_ON_ALLOCATION_NOT_MEASURED,,,UNBOUND
SBP177,cold,main_after_sense,0.0,MAIN_SWITCH_OPEN_AUX_ON_ALLOCATION_NOT_MEASURED,,,UNBOUND
SBP177,cold,auxiliary_branch,0.007293605177393307,MAIN_SWITCH_OPEN_AUX_ON_ALLOCATION_NOT_MEASURED,,,UNBOUND
SBP177,cold,controller_allocation,0.08800808896666694,MAIN_SWITCH_OPEN_AUX_ON_ALLOCATION_NOT_MEASURED,,,UNBOUND
SBP177,cold,input_capacitor_leakage,0.0,MAIN_SWITCH_OPEN_AUX_ON_ALLOCATION_NOT_MEASURED,,,UNBOUND
SBP177,cold,THN_conversion,1.8666666666666676,MAIN_SWITCH_OPEN_AUX_ON_ALLOCATION_NOT_MEASURED,,,UNBOUND
SBP177,cold,startup_bias_allocation,0,MAIN_SWITCH_OPEN_AUX_ON_ALLOCATION_NOT_MEASURED,,,UNBOUND
SBP178,run,shared_contact_loop,23.970212469289518,ASSUMING_ON_DC_ALLOCATION_NOT_MEASURED,,,UNBOUND
SBP178,run,main_before_sense,1.0845636051469878,ASSUMING_ON_DC_ALLOCATION_NOT_MEASURED,,,UNBOUND
SBP178,run,main_after_sense,7.588852680032997,ASSUMING_ON_DC_ALLOCATION_NOT_MEASURED,,,UNBOUND
SBP178,run,auxiliary_branch,0.010243045669394104,ASSUMING_ON_DC_ALLOCATION_NOT_MEASURED,,,UNBOUND
SBP178,run,controller_allocation,0.08333438568843304,ASSUMING_ON_DC_ALLOCATION_NOT_MEASURED,,,UNBOUND
SBP178,run,input_capacitor_leakage,0.08178826519047358,ASSUMING_ON_DC_ALLOCATION_NOT_MEASURED,,,UNBOUND
SBP178,run,CHB_conversion,40.11111111111113,ASSUMING_ON_DC_ALLOCATION_NOT_MEASURED,,,UNBOUND
SBP178,run,THN_conversion,4.2,ASSUMING_ON_DC_ALLOCATION_NOT_MEASURED,,,UNBOUND
SBP178,run,startup_bias_allocation,0.25,ASSUMING_ON_DC_ALLOCATION_NOT_MEASURED,,,UNBOUND
SBP178,cold,shared_contact_loop,0.05174682354486934,MAIN_SWITCH_OPEN_AUX_ON_ALLOCATION_NOT_MEASURED,,,UNBOUND
SBP178,cold,main_before_sense,4.5e-08,MAIN_SWITCH_OPEN_AUX_ON_ALLOCATION_NOT_MEASURED,,,UNBOUND
SBP178,cold,main_after_sense,0.0,MAIN_SWITCH_OPEN_AUX_ON_ALLOCATION_NOT_MEASURED,,,UNBOUND
SBP178,cold,auxiliary_branch,0.009236900151847452,MAIN_SWITCH_OPEN_AUX_ON_ALLOCATION_NOT_MEASURED,,,UNBOUND
SBP178,cold,controller_allocation,0.08798414920491937,MAIN_SWITCH_OPEN_AUX_ON_ALLOCATION_NOT_MEASURED,,,UNBOUND
SBP178,cold,input_capacitor_leakage,0.0,MAIN_SWITCH_OPEN_AUX_ON_ALLOCATION_NOT_MEASURED,,,UNBOUND
SBP178,cold,THN_conversion,4.2,MAIN_SWITCH_OPEN_AUX_ON_ALLOCATION_NOT_MEASURED,,,UNBOUND
SBP178,cold,startup_bias_allocation,0,MAIN_SWITCH_OPEN_AUX_ON_ALLOCATION_NOT_MEASURED,,,UNBOUND
SBP179,run,shared_contact_loop,23.695488290065718,ASSUMING_ON_DC_ALLOCATION_NOT_MEASURED,,,UNBOUND
SBP179,run,main_before_sense,1.0838406985481959,ASSUMING_ON_DC_ALLOCATION_NOT_MEASURED,,,UNBOUND
SBP179,run,main_after_sense,7.583793364776632,ASSUMING_ON_DC_ALLOCATION_NOT_MEASURED,,,UNBOUND
SBP179,run,auxiliary_branch,0.008087220566023238,ASSUMING_ON_DC_ALLOCATION_NOT_MEASURED,,,UNBOUND
SBP179,run,controller_allocation,0.08336115260737656,ASSUMING_ON_DC_ALLOCATION_NOT_MEASURED,,,UNBOUND
SBP179,run,input_capacitor_leakage,0.0818155475770067,ASSUMING_ON_DC_ALLOCATION_NOT_MEASURED,,,UNBOUND
SBP179,run,CHB_conversion,40.11111111111113,ASSUMING_ON_DC_ALLOCATION_NOT_MEASURED,,,UNBOUND
SBP179,run,THN_conversion,1.8666666666666676,ASSUMING_ON_DC_ALLOCATION_NOT_MEASURED,,,UNBOUND
SBP179,run,startup_bias_allocation,0.25,ASSUMING_ON_DC_ALLOCATION_NOT_MEASURED,,,UNBOUND
SBP179,cold,shared_contact_loop,0.04090286082996229,MAIN_SWITCH_OPEN_AUX_ON_ALLOCATION_NOT_MEASURED,,,UNBOUND
SBP179,cold,main_before_sense,4.5e-08,MAIN_SWITCH_OPEN_AUX_ON_ALLOCATION_NOT_MEASURED,,,UNBOUND
SBP179,cold,main_after_sense,0.0,MAIN_SWITCH_OPEN_AUX_ON_ALLOCATION_NOT_MEASURED,,,UNBOUND
SBP179,cold,auxiliary_branch,0.007293605177393307,MAIN_SWITCH_OPEN_AUX_ON_ALLOCATION_NOT_MEASURED,,,UNBOUND
SBP179,cold,controller_allocation,0.08800808896666694,MAIN_SWITCH_OPEN_AUX_ON_ALLOCATION_NOT_MEASURED,,,UNBOUND
SBP179,cold,input_capacitor_leakage,0.0,MAIN_SWITCH_OPEN_AUX_ON_ALLOCATION_NOT_MEASURED,,,UNBOUND
SBP179,cold,THN_conversion,1.8666666666666676,MAIN_SWITCH_OPEN_AUX_ON_ALLOCATION_NOT_MEASURED,,,UNBOUND
SBP179,cold,startup_bias_allocation,0,MAIN_SWITCH_OPEN_AUX_ON_ALLOCATION_NOT_MEASURED,,,UNBOUND
SBP180,run,shared_contact_loop,26.983611965197344,ASSUMING_ON_DC_ALLOCATION_NOT_MEASURED,,,UNBOUND
SBP180,run,main_before_sense,1.2276357095636032,ASSUMING_ON_DC_ALLOCATION_NOT_MEASURED,,,UNBOUND
SBP180,run,main_after_sense,8.590159727742911,ASSUMING_ON_DC_ALLOCATION_NOT_MEASURED,,,UNBOUND
SBP180,run,auxiliary_branch,0.022945192021660583,ASSUMING_ON_DC_ALLOCATION_NOT_MEASURED,,,UNBOUND
SBP180,run,controller_allocation,0.08303695363970584,ASSUMING_ON_DC_ALLOCATION_NOT_MEASURED,,,UNBOUND
SBP180,run,input_capacitor_leakage,0.08139199153855001,ASSUMING_ON_DC_ALLOCATION_NOT_MEASURED,,,UNBOUND
SBP180,run,CHB_conversion,63.70588235294119,ASSUMING_ON_DC_ALLOCATION_NOT_MEASURED,,,UNBOUND
SBP180,run,THN_conversion,4.2,ASSUMING_ON_DC_ALLOCATION_NOT_MEASURED,,,UNBOUND
SBP180,run,startup_bias_allocation,0.25,ASSUMING_ON_DC_ALLOCATION_NOT_MEASURED,,,UNBOUND
SBP180,cold,shared_contact_loop,0.051802464681021954,MAIN_SWITCH_OPEN_AUX_ON_ALLOCATION_NOT_MEASURED,,,UNBOUND
SBP180,cold,main_before_sense,4.5e-08,MAIN_SWITCH_OPEN_AUX_ON_ALLOCATION_NOT_MEASURED,,,UNBOUND
SBP180,cold,main_after_sense,0.0,MAIN_SWITCH_OPEN_AUX_ON_ALLOCATION_NOT_MEASURED,,,UNBOUND
SBP180,cold,auxiliary_branch,0.020548608442601958,MAIN_SWITCH_OPEN_AUX_ON_ALLOCATION_NOT_MEASURED,,,UNBOUND
SBP180,cold,controller_allocation,0.08798403321274147,MAIN_SWITCH_OPEN_AUX_ON_ALLOCATION_NOT_MEASURED,,,UNBOUND
SBP180,cold,input_capacitor_leakage,0.0,MAIN_SWITCH_OPEN_AUX_ON_ALLOCATION_NOT_MEASURED,,,UNBOUND
SBP180,cold,THN_conversion,4.2,MAIN_SWITCH_OPEN_AUX_ON_ALLOCATION_NOT_MEASURED,,,UNBOUND
SBP180,cold,startup_bias_allocation,0,MAIN_SWITCH_OPEN_AUX_ON_ALLOCATION_NOT_MEASURED,,,UNBOUND
SBP181,run,shared_contact_loop,26.68953853809655,ASSUMING_ON_DC_ALLOCATION_NOT_MEASURED,,,UNBOUND
SBP181,run,main_before_sense,1.2268049803988688,ASSUMING_ON_DC_ALLOCATION_NOT_MEASURED,,,UNBOUND
SBP181,run,main_after_sense,8.58434573712122,ASSUMING_ON_DC_ALLOCATION_NOT_MEASURED,,,UNBOUND
SBP181,run,auxiliary_branch,0.018113390039731406,ASSUMING_ON_DC_ALLOCATION_NOT_MEASURED,,,UNBOUND
SBP181,run,controller_allocation,0.0830639600012657,ASSUMING_ON_DC_ALLOCATION_NOT_MEASURED,,,UNBOUND
SBP181,run,input_capacitor_leakage,0.08141955466583493,ASSUMING_ON_DC_ALLOCATION_NOT_MEASURED,,,UNBOUND
SBP181,run,CHB_conversion,63.70588235294119,ASSUMING_ON_DC_ALLOCATION_NOT_MEASURED,,,UNBOUND
SBP181,run,THN_conversion,1.8666666666666676,ASSUMING_ON_DC_ALLOCATION_NOT_MEASURED,,,UNBOUND
SBP181,run,startup_bias_allocation,0.25,ASSUMING_ON_DC_ALLOCATION_NOT_MEASURED,,,UNBOUND
SBP181,cold,shared_contact_loop,0.04094189109304153,MAIN_SWITCH_OPEN_AUX_ON_ALLOCATION_NOT_MEASURED,,,UNBOUND
SBP181,cold,main_before_sense,4.5e-08,MAIN_SWITCH_OPEN_AUX_ON_ALLOCATION_NOT_MEASURED,,,UNBOUND
SBP181,cold,main_after_sense,0.0,MAIN_SWITCH_OPEN_AUX_ON_ALLOCATION_NOT_MEASURED,,,UNBOUND
SBP181,cold,auxiliary_branch,0.016223550395170875,MAIN_SWITCH_OPEN_AUX_ON_ALLOCATION_NOT_MEASURED,,,UNBOUND
SBP181,cold,controller_allocation,0.08800799744744282,MAIN_SWITCH_OPEN_AUX_ON_ALLOCATION_NOT_MEASURED,,,UNBOUND
SBP181,cold,input_capacitor_leakage,0.0,MAIN_SWITCH_OPEN_AUX_ON_ALLOCATION_NOT_MEASURED,,,UNBOUND
SBP181,cold,THN_conversion,1.8666666666666676,MAIN_SWITCH_OPEN_AUX_ON_ALLOCATION_NOT_MEASURED,,,UNBOUND
SBP181,cold,startup_bias_allocation,0,MAIN_SWITCH_OPEN_AUX_ON_ALLOCATION_NOT_MEASURED,,,UNBOUND
SBP182,run,shared_contact_loop,23.97169310560445,ASSUMING_ON_DC_ALLOCATION_NOT_MEASURED,,,UNBOUND
SBP182,run,main_before_sense,1.0845674920066193,ASSUMING_ON_DC_ALLOCATION_NOT_MEASURED,,,UNBOUND
SBP182,run,main_after_sense,7.588879882508305,ASSUMING_ON_DC_ALLOCATION_NOT_MEASURED,,,UNBOUND
SBP182,run,auxiliary_branch,0.022789595735124554,ASSUMING_ON_DC_ALLOCATION_NOT_MEASURED,,,UNBOUND
SBP182,run,controller_allocation,0.0833342418437388,ASSUMING_ON_DC_ALLOCATION_NOT_MEASURED,,,UNBOUND
SBP182,run,input_capacitor_leakage,0.08178811857472365,ASSUMING_ON_DC_ALLOCATION_NOT_MEASURED,,,UNBOUND
SBP182,run,CHB_conversion,40.11111111111113,ASSUMING_ON_DC_ALLOCATION_NOT_MEASURED,,,UNBOUND
SBP182,run,THN_conversion,4.2,ASSUMING_ON_DC_ALLOCATION_NOT_MEASURED,,,UNBOUND
SBP182,run,startup_bias_allocation,0.25,ASSUMING_ON_DC_ALLOCATION_NOT_MEASURED,,,UNBOUND
SBP182,cold,shared_contact_loop,0.051802464681021954,MAIN_SWITCH_OPEN_AUX_ON_ALLOCATION_NOT_MEASURED,,,UNBOUND
SBP182,cold,main_before_sense,4.5e-08,MAIN_SWITCH_OPEN_AUX_ON_ALLOCATION_NOT_MEASURED,,,UNBOUND
SBP182,cold,main_after_sense,0.0,MAIN_SWITCH_OPEN_AUX_ON_ALLOCATION_NOT_MEASURED,,,UNBOUND
SBP182,cold,auxiliary_branch,0.020548608442601958,MAIN_SWITCH_OPEN_AUX_ON_ALLOCATION_NOT_MEASURED,,,UNBOUND
SBP182,cold,controller_allocation,0.08798403321274147,MAIN_SWITCH_OPEN_AUX_ON_ALLOCATION_NOT_MEASURED,,,UNBOUND
SBP182,cold,input_capacitor_leakage,0.0,MAIN_SWITCH_OPEN_AUX_ON_ALLOCATION_NOT_MEASURED,,,UNBOUND
SBP182,cold,THN_conversion,4.2,MAIN_SWITCH_OPEN_AUX_ON_ALLOCATION_NOT_MEASURED,,,UNBOUND
SBP182,cold,startup_bias_allocation,0,MAIN_SWITCH_OPEN_AUX_ON_ALLOCATION_NOT_MEASURED,,,UNBOUND
SBP183,run,shared_contact_loop,23.696649504410317,ASSUMING_ON_DC_ALLOCATION_NOT_MEASURED,,,UNBOUND
SBP183,run,main_before_sense,1.0838437614017264,ASSUMING_ON_DC_ALLOCATION_NOT_MEASURED,,,UNBOUND
SBP183,run,main_after_sense,7.583814800382694,ASSUMING_ON_DC_ALLOCATION_NOT_MEASURED,,,UNBOUND
SBP183,run,auxiliary_branch,0.017990716230521803,ASSUMING_ON_DC_ALLOCATION_NOT_MEASURED,,,UNBOUND
SBP183,run,controller_allocation,0.08336103914247942,ASSUMING_ON_DC_ALLOCATION_NOT_MEASURED,,,UNBOUND
SBP183,run,input_capacitor_leakage,0.08181543192778334,ASSUMING_ON_DC_ALLOCATION_NOT_MEASURED,,,UNBOUND
SBP183,run,CHB_conversion,40.11111111111113,ASSUMING_ON_DC_ALLOCATION_NOT_MEASURED,,,UNBOUND
SBP183,run,THN_conversion,1.8666666666666676,ASSUMING_ON_DC_ALLOCATION_NOT_MEASURED,,,UNBOUND
SBP183,run,startup_bias_allocation,0.25,ASSUMING_ON_DC_ALLOCATION_NOT_MEASURED,,,UNBOUND
SBP183,cold,shared_contact_loop,0.04094189109304153,MAIN_SWITCH_OPEN_AUX_ON_ALLOCATION_NOT_MEASURED,,,UNBOUND
SBP183,cold,main_before_sense,4.5e-08,MAIN_SWITCH_OPEN_AUX_ON_ALLOCATION_NOT_MEASURED,,,UNBOUND
SBP183,cold,main_after_sense,0.0,MAIN_SWITCH_OPEN_AUX_ON_ALLOCATION_NOT_MEASURED,,,UNBOUND
SBP183,cold,auxiliary_branch,0.016223550395170875,MAIN_SWITCH_OPEN_AUX_ON_ALLOCATION_NOT_MEASURED,,,UNBOUND
SBP183,cold,controller_allocation,0.08800799744744282,MAIN_SWITCH_OPEN_AUX_ON_ALLOCATION_NOT_MEASURED,,,UNBOUND
SBP183,cold,input_capacitor_leakage,0.0,MAIN_SWITCH_OPEN_AUX_ON_ALLOCATION_NOT_MEASURED,,,UNBOUND
SBP183,cold,THN_conversion,1.8666666666666676,MAIN_SWITCH_OPEN_AUX_ON_ALLOCATION_NOT_MEASURED,,,UNBOUND
SBP183,cold,startup_bias_allocation,0,MAIN_SWITCH_OPEN_AUX_ON_ALLOCATION_NOT_MEASURED,,,UNBOUND
SBP184,run,shared_contact_loop,27.65223839704932,ASSUMING_ON_DC_ALLOCATION_NOT_MEASURED,,,UNBOUND
SBP184,run,main_before_sense,5.038078337474221,ASSUMING_ON_DC_ALLOCATION_NOT_MEASURED,,,UNBOUND
SBP184,run,main_after_sense,10.072347879449916,ASSUMING_ON_DC_ALLOCATION_NOT_MEASURED,,,UNBOUND
SBP184,run,auxiliary_branch,0.010327993280478492,ASSUMING_ON_DC_ALLOCATION_NOT_MEASURED,,,UNBOUND
SBP184,run,controller_allocation,0.08225902246427366,ASSUMING_ON_DC_ALLOCATION_NOT_MEASURED,,,UNBOUND
SBP184,run,input_capacitor_leakage,0.08035480471501232,ASSUMING_ON_DC_ALLOCATION_NOT_MEASURED,,,UNBOUND
SBP184,run,CHB_conversion,63.70588235294119,ASSUMING_ON_DC_ALLOCATION_NOT_MEASURED,,,UNBOUND
SBP184,run,THN_conversion,4.2,ASSUMING_ON_DC_ALLOCATION_NOT_MEASURED,,,UNBOUND
SBP184,run,startup_bias_allocation,0.25,ASSUMING_ON_DC_ALLOCATION_NOT_MEASURED,,,UNBOUND
SBP184,cold,shared_contact_loop,0.05174682354486934,MAIN_SWITCH_OPEN_AUX_ON_ALLOCATION_NOT_MEASURED,,,UNBOUND
SBP184,cold,main_before_sense,1.8e-07,MAIN_SWITCH_OPEN_AUX_ON_ALLOCATION_NOT_MEASURED,,,UNBOUND
SBP184,cold,main_after_sense,0.0,MAIN_SWITCH_OPEN_AUX_ON_ALLOCATION_NOT_MEASURED,,,UNBOUND
SBP184,cold,auxiliary_branch,0.009236900151847452,MAIN_SWITCH_OPEN_AUX_ON_ALLOCATION_NOT_MEASURED,,,UNBOUND
SBP184,cold,controller_allocation,0.08798401420491937,MAIN_SWITCH_OPEN_AUX_ON_ALLOCATION_NOT_MEASURED,,,UNBOUND
SBP184,cold,input_capacitor_leakage,0.0,MAIN_SWITCH_OPEN_AUX_ON_ALLOCATION_NOT_MEASURED,,,UNBOUND
SBP184,cold,THN_conversion,4.2,MAIN_SWITCH_OPEN_AUX_ON_ALLOCATION_NOT_MEASURED,,,UNBOUND
SBP184,cold,startup_bias_allocation,0,MAIN_SWITCH_OPEN_AUX_ON_ALLOCATION_NOT_MEASURED,,,UNBOUND
SBP185,run,shared_contact_loop,27.35392018713052,ASSUMING_ON_DC_ALLOCATION_NOT_MEASURED,,,UNBOUND
SBP185,run,main_before_sense,5.03457336865025,ASSUMING_ON_DC_ALLOCATION_NOT_MEASURED,,,UNBOUND
SBP185,run,main_after_sense,10.065339267038825,ASSUMING_ON_DC_ALLOCATION_NOT_MEASURED,,,UNBOUND
SBP185,run,auxiliary_branch,0.008154203855706319,ASSUMING_ON_DC_ALLOCATION_NOT_MEASURED,,,UNBOUND
SBP185,run,controller_allocation,0.08228633625944223,ASSUMING_ON_DC_ALLOCATION_NOT_MEASURED,,,UNBOUND
SBP185,run,input_capacitor_leakage,0.08038278112860574,ASSUMING_ON_DC_ALLOCATION_NOT_MEASURED,,,UNBOUND
SBP185,run,CHB_conversion,63.70588235294119,ASSUMING_ON_DC_ALLOCATION_NOT_MEASURED,,,UNBOUND
SBP185,run,THN_conversion,1.8666666666666676,ASSUMING_ON_DC_ALLOCATION_NOT_MEASURED,,,UNBOUND
SBP185,run,startup_bias_allocation,0.25,ASSUMING_ON_DC_ALLOCATION_NOT_MEASURED,,,UNBOUND
SBP185,cold,shared_contact_loop,0.04090286082996229,MAIN_SWITCH_OPEN_AUX_ON_ALLOCATION_NOT_MEASURED,,,UNBOUND
SBP185,cold,main_before_sense,1.8e-07,MAIN_SWITCH_OPEN_AUX_ON_ALLOCATION_NOT_MEASURED,,,UNBOUND
SBP185,cold,main_after_sense,0.0,MAIN_SWITCH_OPEN_AUX_ON_ALLOCATION_NOT_MEASURED,,,UNBOUND
SBP185,cold,auxiliary_branch,0.007293605177393307,MAIN_SWITCH_OPEN_AUX_ON_ALLOCATION_NOT_MEASURED,,,UNBOUND
SBP185,cold,controller_allocation,0.08800795396666694,MAIN_SWITCH_OPEN_AUX_ON_ALLOCATION_NOT_MEASURED,,,UNBOUND
SBP185,cold,input_capacitor_leakage,0.0,MAIN_SWITCH_OPEN_AUX_ON_ALLOCATION_NOT_MEASURED,,,UNBOUND
SBP185,cold,THN_conversion,1.8666666666666676,MAIN_SWITCH_OPEN_AUX_ON_ALLOCATION_NOT_MEASURED,,,UNBOUND
SBP185,cold,startup_bias_allocation,0,MAIN_SWITCH_OPEN_AUX_ON_ALLOCATION_NOT_MEASURED,,,UNBOUND
SBP186,run,shared_contact_loop,24.521078884392672,ASSUMING_ON_DC_ALLOCATION_NOT_MEASURED,,,UNBOUND
SBP186,run,main_before_sense,4.442804023142511,ASSUMING_ON_DC_ALLOCATION_NOT_MEASURED,,,UNBOUND
SBP186,run,main_after_sense,8.882031357838793,ASSUMING_ON_DC_ALLOCATION_NOT_MEASURED,,,UNBOUND
SBP186,run,auxiliary_branch,0.010256081864741499,ASSUMING_ON_DC_ALLOCATION_NOT_MEASURED,,,UNBOUND
SBP186,run,controller_allocation,0.08260797554920643,ASSUMING_ON_DC_ALLOCATION_NOT_MEASURED,,,UNBOUND
SBP186,run,input_capacitor_leakage,0.08081981132609324,ASSUMING_ON_DC_ALLOCATION_NOT_MEASURED,,,UNBOUND
SBP186,run,CHB_conversion,40.11111111111113,ASSUMING_ON_DC_ALLOCATION_NOT_MEASURED,,,UNBOUND
SBP186,run,THN_conversion,4.2,ASSUMING_ON_DC_ALLOCATION_NOT_MEASURED,,,UNBOUND
SBP186,run,startup_bias_allocation,0.25,ASSUMING_ON_DC_ALLOCATION_NOT_MEASURED,,,UNBOUND
SBP186,cold,shared_contact_loop,0.05174682354486934,MAIN_SWITCH_OPEN_AUX_ON_ALLOCATION_NOT_MEASURED,,,UNBOUND
SBP186,cold,main_before_sense,1.8e-07,MAIN_SWITCH_OPEN_AUX_ON_ALLOCATION_NOT_MEASURED,,,UNBOUND
SBP186,cold,main_after_sense,0.0,MAIN_SWITCH_OPEN_AUX_ON_ALLOCATION_NOT_MEASURED,,,UNBOUND
SBP186,cold,auxiliary_branch,0.009236900151847452,MAIN_SWITCH_OPEN_AUX_ON_ALLOCATION_NOT_MEASURED,,,UNBOUND
SBP186,cold,controller_allocation,0.08798401420491937,MAIN_SWITCH_OPEN_AUX_ON_ALLOCATION_NOT_MEASURED,,,UNBOUND
SBP186,cold,input_capacitor_leakage,0.0,MAIN_SWITCH_OPEN_AUX_ON_ALLOCATION_NOT_MEASURED,,,UNBOUND
SBP186,cold,THN_conversion,4.2,MAIN_SWITCH_OPEN_AUX_ON_ALLOCATION_NOT_MEASURED,,,UNBOUND
SBP186,cold,startup_bias_allocation,0,MAIN_SWITCH_OPEN_AUX_ON_ALLOCATION_NOT_MEASURED,,,UNBOUND
SBP187,run,shared_contact_loop,24.242438018365707,ASSUMING_ON_DC_ALLOCATION_NOT_MEASURED,,,UNBOUND
SBP187,run,main_before_sense,4.439762952190763,ASSUMING_ON_DC_ALLOCATION_NOT_MEASURED,,,UNBOUND
SBP187,run,main_after_sense,8.875950440378261,ASSUMING_ON_DC_ALLOCATION_NOT_MEASURED,,,UNBOUND
SBP187,run,auxiliary_branch,0.008097494283547686,ASSUMING_ON_DC_ALLOCATION_NOT_MEASURED,,,UNBOUND
SBP187,run,controller_allocation,0.0826350490070516,ASSUMING_ON_DC_ALLOCATION_NOT_MEASURED,,,UNBOUND
SBP187,run,input_capacitor_leakage,0.08084749700542027,ASSUMING_ON_DC_ALLOCATION_NOT_MEASURED,,,UNBOUND
SBP187,run,CHB_conversion,40.11111111111113,ASSUMING_ON_DC_ALLOCATION_NOT_MEASURED,,,UNBOUND
SBP187,run,THN_conversion,1.8666666666666676,ASSUMING_ON_DC_ALLOCATION_NOT_MEASURED,,,UNBOUND
SBP187,run,startup_bias_allocation,0.25,ASSUMING_ON_DC_ALLOCATION_NOT_MEASURED,,,UNBOUND
SBP187,cold,shared_contact_loop,0.04090286082996229,MAIN_SWITCH_OPEN_AUX_ON_ALLOCATION_NOT_MEASURED,,,UNBOUND
SBP187,cold,main_before_sense,1.8e-07,MAIN_SWITCH_OPEN_AUX_ON_ALLOCATION_NOT_MEASURED,,,UNBOUND
SBP187,cold,main_after_sense,0.0,MAIN_SWITCH_OPEN_AUX_ON_ALLOCATION_NOT_MEASURED,,,UNBOUND
SBP187,cold,auxiliary_branch,0.007293605177393307,MAIN_SWITCH_OPEN_AUX_ON_ALLOCATION_NOT_MEASURED,,,UNBOUND
SBP187,cold,controller_allocation,0.08800795396666694,MAIN_SWITCH_OPEN_AUX_ON_ALLOCATION_NOT_MEASURED,,,UNBOUND
SBP187,cold,input_capacitor_leakage,0.0,MAIN_SWITCH_OPEN_AUX_ON_ALLOCATION_NOT_MEASURED,,,UNBOUND
SBP187,cold,THN_conversion,1.8666666666666676,MAIN_SWITCH_OPEN_AUX_ON_ALLOCATION_NOT_MEASURED,,,UNBOUND
SBP187,cold,startup_bias_allocation,0,MAIN_SWITCH_OPEN_AUX_ON_ALLOCATION_NOT_MEASURED,,,UNBOUND
SBP188,run,shared_contact_loop,27.65385928271674,ASSUMING_ON_DC_ALLOCATION_NOT_MEASURED,,,UNBOUND
SBP188,run,main_before_sense,5.038097339849525,ASSUMING_ON_DC_ALLOCATION_NOT_MEASURED,,,UNBOUND
SBP188,run,main_after_sense,10.07238587701694,ASSUMING_ON_DC_ALLOCATION_NOT_MEASURED,,,UNBOUND
SBP188,run,auxiliary_branch,0.02297882408000716,ASSUMING_ON_DC_ALLOCATION_NOT_MEASURED,,,UNBOUND
SBP188,run,controller_allocation,0.08225887446004247,ASSUMING_ON_DC_ALLOCATION_NOT_MEASURED,,,UNBOUND
SBP188,run,input_capacitor_leakage,0.08035465311898832,ASSUMING_ON_DC_ALLOCATION_NOT_MEASURED,,,UNBOUND
SBP188,run,CHB_conversion,63.70588235294119,ASSUMING_ON_DC_ALLOCATION_NOT_MEASURED,,,UNBOUND
SBP188,run,THN_conversion,4.2,ASSUMING_ON_DC_ALLOCATION_NOT_MEASURED,,,UNBOUND
SBP188,run,startup_bias_allocation,0.25,ASSUMING_ON_DC_ALLOCATION_NOT_MEASURED,,,UNBOUND
SBP188,cold,shared_contact_loop,0.051802464681021954,MAIN_SWITCH_OPEN_AUX_ON_ALLOCATION_NOT_MEASURED,,,UNBOUND
SBP188,cold,main_before_sense,1.8e-07,MAIN_SWITCH_OPEN_AUX_ON_ALLOCATION_NOT_MEASURED,,,UNBOUND
SBP188,cold,main_after_sense,0.0,MAIN_SWITCH_OPEN_AUX_ON_ALLOCATION_NOT_MEASURED,,,UNBOUND
SBP188,cold,auxiliary_branch,0.020548608442601958,MAIN_SWITCH_OPEN_AUX_ON_ALLOCATION_NOT_MEASURED,,,UNBOUND
SBP188,cold,controller_allocation,0.08798389821274147,MAIN_SWITCH_OPEN_AUX_ON_ALLOCATION_NOT_MEASURED,,,UNBOUND
SBP188,cold,input_capacitor_leakage,0.0,MAIN_SWITCH_OPEN_AUX_ON_ALLOCATION_NOT_MEASURED,,,UNBOUND
SBP188,cold,THN_conversion,4.2,MAIN_SWITCH_OPEN_AUX_ON_ALLOCATION_NOT_MEASURED,,,UNBOUND
SBP188,cold,startup_bias_allocation,0,MAIN_SWITCH_OPEN_AUX_ON_ALLOCATION_NOT_MEASURED,,,UNBOUND
SBP189,run,shared_contact_loop,27.355191789477903,ASSUMING_ON_DC_ALLOCATION_NOT_MEASURED,,,UNBOUND
SBP189,run,main_before_sense,5.0345883412985915,ASSUMING_ON_DC_ALLOCATION_NOT_MEASURED,,,UNBOUND
SBP189,run,main_after_sense,10.065369206673333,ASSUMING_ON_DC_ALLOCATION_NOT_MEASURED,,,UNBOUND
SBP189,run,auxiliary_branch,0.018139886969041345,ASSUMING_ON_DC_ALLOCATION_NOT_MEASURED,,,UNBOUND
SBP189,run,controller_allocation,0.08228621951776173,ASSUMING_ON_DC_ALLOCATION_NOT_MEASURED,,,UNBOUND
SBP189,run,input_capacitor_leakage,0.0803826615558382,ASSUMING_ON_DC_ALLOCATION_NOT_MEASURED,,,UNBOUND
SBP189,run,CHB_conversion,63.70588235294119,ASSUMING_ON_DC_ALLOCATION_NOT_MEASURED,,,UNBOUND
SBP189,run,THN_conversion,1.8666666666666676,ASSUMING_ON_DC_ALLOCATION_NOT_MEASURED,,,UNBOUND
SBP189,run,startup_bias_allocation,0.25,ASSUMING_ON_DC_ALLOCATION_NOT_MEASURED,,,UNBOUND
SBP189,cold,shared_contact_loop,0.04094189109304153,MAIN_SWITCH_OPEN_AUX_ON_ALLOCATION_NOT_MEASURED,,,UNBOUND
SBP189,cold,main_before_sense,1.8e-07,MAIN_SWITCH_OPEN_AUX_ON_ALLOCATION_NOT_MEASURED,,,UNBOUND
SBP189,cold,main_after_sense,0.0,MAIN_SWITCH_OPEN_AUX_ON_ALLOCATION_NOT_MEASURED,,,UNBOUND
SBP189,cold,auxiliary_branch,0.016223550395170875,MAIN_SWITCH_OPEN_AUX_ON_ALLOCATION_NOT_MEASURED,,,UNBOUND
SBP189,cold,controller_allocation,0.08800786244744283,MAIN_SWITCH_OPEN_AUX_ON_ALLOCATION_NOT_MEASURED,,,UNBOUND
SBP189,cold,input_capacitor_leakage,0.0,MAIN_SWITCH_OPEN_AUX_ON_ALLOCATION_NOT_MEASURED,,,UNBOUND
SBP189,cold,THN_conversion,1.8666666666666676,MAIN_SWITCH_OPEN_AUX_ON_ALLOCATION_NOT_MEASURED,,,UNBOUND
SBP189,cold,startup_bias_allocation,0,MAIN_SWITCH_OPEN_AUX_ON_ALLOCATION_NOT_MEASURED,,,UNBOUND
SBP190,run,shared_contact_loop,24.522582510337514,ASSUMING_ON_DC_ALLOCATION_NOT_MEASURED,,,UNBOUND
SBP190,run,main_before_sense,4.442820395275481,ASSUMING_ON_DC_ALLOCATION_NOT_MEASURED,,,UNBOUND
SBP190,run,main_after_sense,8.882064095513867,ASSUMING_ON_DC_ALLOCATION_NOT_MEASURED,,,UNBOUND
SBP190,run,auxiliary_branch,0.022818634857563542,ASSUMING_ON_DC_ALLOCATION_NOT_MEASURED,,,UNBOUND
SBP190,run,controller_allocation,0.08260782987093775,ASSUMING_ON_DC_ALLOCATION_NOT_MEASURED,,,UNBOUND
SBP190,run,input_capacitor_leakage,0.08081966235239117,ASSUMING_ON_DC_ALLOCATION_NOT_MEASURED,,,UNBOUND
SBP190,run,CHB_conversion,40.11111111111113,ASSUMING_ON_DC_ALLOCATION_NOT_MEASURED,,,UNBOUND
SBP190,run,THN_conversion,4.2,ASSUMING_ON_DC_ALLOCATION_NOT_MEASURED,,,UNBOUND
SBP190,run,startup_bias_allocation,0.25,ASSUMING_ON_DC_ALLOCATION_NOT_MEASURED,,,UNBOUND
SBP190,cold,shared_contact_loop,0.051802464681021954,MAIN_SWITCH_OPEN_AUX_ON_ALLOCATION_NOT_MEASURED,,,UNBOUND
SBP190,cold,main_before_sense,1.8e-07,MAIN_SWITCH_OPEN_AUX_ON_ALLOCATION_NOT_MEASURED,,,UNBOUND
SBP190,cold,main_after_sense,0.0,MAIN_SWITCH_OPEN_AUX_ON_ALLOCATION_NOT_MEASURED,,,UNBOUND
SBP190,cold,auxiliary_branch,0.020548608442601958,MAIN_SWITCH_OPEN_AUX_ON_ALLOCATION_NOT_MEASURED,,,UNBOUND
SBP190,cold,controller_allocation,0.08798389821274147,MAIN_SWITCH_OPEN_AUX_ON_ALLOCATION_NOT_MEASURED,,,UNBOUND
SBP190,cold,input_capacitor_leakage,0.0,MAIN_SWITCH_OPEN_AUX_ON_ALLOCATION_NOT_MEASURED,,,UNBOUND
SBP190,cold,THN_conversion,4.2,MAIN_SWITCH_OPEN_AUX_ON_ALLOCATION_NOT_MEASURED,,,UNBOUND
SBP190,cold,startup_bias_allocation,0,MAIN_SWITCH_OPEN_AUX_ON_ALLOCATION_NOT_MEASURED,,,UNBOUND
SBP191,run,shared_contact_loop,24.243617311610702,ASSUMING_ON_DC_ALLOCATION_NOT_MEASURED,,,UNBOUND
SBP191,run,main_before_sense,4.439775852901375,ASSUMING_ON_DC_ALLOCATION_NOT_MEASURED,,,UNBOUND
SBP191,run,main_after_sense,8.875976236604318,ASSUMING_ON_DC_ALLOCATION_NOT_MEASURED,,,UNBOUND
SBP191,run,auxiliary_branch,0.018013595520497264,ASSUMING_ON_DC_ALLOCATION_NOT_MEASURED,,,UNBOUND
SBP191,run,controller_allocation,0.08263493409745323,ASSUMING_ON_DC_ALLOCATION_NOT_MEASURED,,,UNBOUND
SBP191,run,input_capacitor_leakage,0.08084737949823743,ASSUMING_ON_DC_ALLOCATION_NOT_MEASURED,,,UNBOUND
SBP191,run,CHB_conversion,40.11111111111113,ASSUMING_ON_DC_ALLOCATION_NOT_MEASURED,,,UNBOUND
SBP191,run,THN_conversion,1.8666666666666676,ASSUMING_ON_DC_ALLOCATION_NOT_MEASURED,,,UNBOUND
SBP191,run,startup_bias_allocation,0.25,ASSUMING_ON_DC_ALLOCATION_NOT_MEASURED,,,UNBOUND
SBP191,cold,shared_contact_loop,0.04094189109304153,MAIN_SWITCH_OPEN_AUX_ON_ALLOCATION_NOT_MEASURED,,,UNBOUND
SBP191,cold,main_before_sense,1.8e-07,MAIN_SWITCH_OPEN_AUX_ON_ALLOCATION_NOT_MEASURED,,,UNBOUND
SBP191,cold,main_after_sense,0.0,MAIN_SWITCH_OPEN_AUX_ON_ALLOCATION_NOT_MEASURED,,,UNBOUND
SBP191,cold,auxiliary_branch,0.016223550395170875,MAIN_SWITCH_OPEN_AUX_ON_ALLOCATION_NOT_MEASURED,,,UNBOUND
SBP191,cold,controller_allocation,0.08800786244744283,MAIN_SWITCH_OPEN_AUX_ON_ALLOCATION_NOT_MEASURED,,,UNBOUND
SBP191,cold,input_capacitor_leakage,0.0,MAIN_SWITCH_OPEN_AUX_ON_ALLOCATION_NOT_MEASURED,,,UNBOUND
SBP191,cold,THN_conversion,1.8666666666666676,MAIN_SWITCH_OPEN_AUX_ON_ALLOCATION_NOT_MEASURED,,,UNBOUND
SBP191,cold,startup_bias_allocation,0,MAIN_SWITCH_OPEN_AUX_ON_ALLOCATION_NOT_MEASURED,,,UNBOUND
