owner,access,path,relative_path,source_path,bytes,sha256,os_read_only
V2_2_NATIVE_CANONICAL_SOURCE,READ_ONLY_ACCEPTED_BASELINE,F:\China Graduate Future Flight Vehicle Innovation Competition\20_engineering\cad\Space_Embodied_Robot_CAD_V2_2_NATIVE\00_Master_Skeleton\00_Master_Skeleton_V2_2.SLDPRT,00_Master_Skeleton/00_Master_Skeleton_V2_2.SLDPRT,,280052,337C930EAB808695045FFE4FE99C45777823C007DE255C2D2C6837B225AFE6CA,False
B51_V2_2_NATIVE_CANONICAL_COPY,READ_ONLY_CANDIDATE_DONOR_COPY,F:\China Graduate Future Flight Vehicle Innovation Competition\20_engineering\cad\B5_1_B601_interface_closure_candidate\00_BASELINE_DONORS\V2_2_NATIVE_CANONICAL_108_FILE_COPY\00_Master_Skeleton\00_Master_Skeleton_V2_2.SLDPRT,00_Master_Skeleton/00_Master_Skeleton_V2_2.SLDPRT,F:\China Graduate Future Flight Vehicle Innovation Competition\20_engineering\cad\Space_Embodied_Robot_CAD_V2_2_NATIVE\00_Master_Skeleton\00_Master_Skeleton_V2_2.SLDPRT,280052,337C930EAB808695045FFE4FE99C45777823C007DE255C2D2C6837B225AFE6CA,False
V2_2_NATIVE_CANONICAL_SOURCE,READ_ONLY_ACCEPTED_BASELINE,F:\China Graduate Future Flight Vehicle Innovation Competition\20_engineering\cad\Space_Embodied_Robot_CAD_V2_2_NATIVE\01_Primary_Structure\01_Primary_Structure_V2_2.SLDASM,01_Primary_Structure/01_Primary_Structure_V2_2.SLDASM,,79927,EEFED6D3C76603F65F598FC14D3DA927EB4533E48165A2D0529095022D532423,False
B51_V2_2_NATIVE_CANONICAL_COPY,READ_ONLY_CANDIDATE_DONOR_COPY,F:\China Graduate Future Flight Vehicle Innovation Competition\20_engineering\cad\B5_1_B601_interface_closure_candidate\00_BASELINE_DONORS\V2_2_NATIVE_CANONICAL_108_FILE_COPY\01_Primary_Structure\01_Primary_Structure_V2_2.SLDASM,01_Primary_Structure/01_Primary_Structure_V2_2.SLDASM,F:\China Graduate Future Flight Vehicle Innovation Competition\20_engineering\cad\Space_Embodied_Robot_CAD_V2_2_NATIVE\01_Primary_Structure\01_Primary_Structure_V2_2.SLDASM,79927,EEFED6D3C76603F65F598FC14D3DA927EB4533E48165A2D0529095022D532423,False
V2_2_NATIVE_CANONICAL_SOURCE,READ_ONLY_ACCEPTED_BASELINE,F:\China Graduate Future Flight Vehicle Innovation Competition\20_engineering\cad\Space_Embodied_Robot_CAD_V2_2_NATIVE\01_Primary_Structure\Equipment_Decks\Equipment_Decks.SLDASM,01_Primary_Structure/Equipment_Decks/Equipment_Decks.SLDASM,,54844,CB90687BEB120864C48641F9175A965E8BE849938E0365F324CE49395833B0AF,False
B51_V2_2_NATIVE_CANONICAL_COPY,READ_ONLY_CANDIDATE_DONOR_COPY,F:\China Graduate Future Flight Vehicle Innovation Competition\20_engineering\cad\B5_1_B601_interface_closure_candidate\00_BASELINE_DONORS\V2_2_NATIVE_CANONICAL_108_FILE_COPY\01_Primary_Structure\Equipment_Decks\Equipment_Decks.SLDASM,01_Primary_Structure/Equipment_Decks/Equipment_Decks.SLDASM,F:\China Graduate Future Flight Vehicle Innovation Competition\20_engineering\cad\Space_Embodied_Robot_CAD_V2_2_NATIVE\01_Primary_Structure\Equipment_Decks\Equipment_Decks.SLDASM,54844,CB90687BEB120864C48641F9175A965E8BE849938E0365F324CE49395833B0AF,False
V2_2_NATIVE_CANONICAL_SOURCE,READ_ONLY_ACCEPTED_BASELINE,F:\China Graduate Future Flight Vehicle Innovation Competition\20_engineering\cad\Space_Embodied_Robot_CAD_V2_2_NATIVE\01_Primary_Structure\Equipment_Decks\parts\Deck_Front_Bay.SLDPRT,01_Primary_Structure/Equipment_Decks/parts/Deck_Front_Bay.SLDPRT,,54374,55EF912C12DE55931222E47AD2AF6875E7DA38A4CA47D93950CB03C2BE8859F7,False
B51_V2_2_NATIVE_CANONICAL_COPY,READ_ONLY_CANDIDATE_DONOR_COPY,F:\China Graduate Future Flight Vehicle Innovation Competition\20_engineering\cad\B5_1_B601_interface_closure_candidate\00_BASELINE_DONORS\V2_2_NATIVE_CANONICAL_108_FILE_COPY\01_Primary_Structure\Equipment_Decks\parts\Deck_Front_Bay.SLDPRT,01_Primary_Structure/Equipment_Decks/parts/Deck_Front_Bay.SLDPRT,F:\China Graduate Future Flight Vehicle Innovation Competition\20_engineering\cad\Space_Embodied_Robot_CAD_V2_2_NATIVE\01_Primary_Structure\Equipment_Decks\parts\Deck_Front_Bay.SLDPRT,54374,55EF912C12DE55931222E47AD2AF6875E7DA38A4CA47D93950CB03C2BE8859F7,False
V2_2_NATIVE_CANONICAL_SOURCE,READ_ONLY_ACCEPTED_BASELINE,F:\China Graduate Future Flight Vehicle Innovation Competition\20_engineering\cad\Space_Embodied_Robot_CAD_V2_2_NATIVE\01_Primary_Structure\Equipment_Decks\parts\Deck_Mid_Bay.SLDPRT,01_Primary_Structure/Equipment_Decks/parts/Deck_Mid_Bay.SLDPRT,,56449,CCCBCF5C6276BE1D443C80BC2AB5ACADF04162B959DA64DE32CEE1F460485446,False
B51_V2_2_NATIVE_CANONICAL_COPY,READ_ONLY_CANDIDATE_DONOR_COPY,F:\China Graduate Future Flight Vehicle Innovation Competition\20_engineering\cad\B5_1_B601_interface_closure_candidate\00_BASELINE_DONORS\V2_2_NATIVE_CANONICAL_108_FILE_COPY\01_Primary_Structure\Equipment_Decks\parts\Deck_Mid_Bay.SLDPRT,01_Primary_Structure/Equipment_Decks/parts/Deck_Mid_Bay.SLDPRT,F:\China Graduate Future Flight Vehicle Innovation Competition\20_engineering\cad\Space_Embodied_Robot_CAD_V2_2_NATIVE\01_Primary_Structure\Equipment_Decks\parts\Deck_Mid_Bay.SLDPRT,56449,CCCBCF5C6276BE1D443C80BC2AB5ACADF04162B959DA64DE32CEE1F460485446,False
V2_2_NATIVE_CANONICAL_SOURCE,READ_ONLY_ACCEPTED_BASELINE,F:\China Graduate Future Flight Vehicle Innovation Competition\20_engineering\cad\Space_Embodied_Robot_CAD_V2_2_NATIVE\01_Primary_Structure\Equipment_Decks\parts\Deck_Rear_Bay.SLDPRT,01_Primary_Structure/Equipment_Decks/parts/Deck_Rear_Bay.SLDPRT,,55926,A2306791172EC2A4D5FCA2DC63EA5D74F3B247EF62D5808E0EBA134A171D30CD,False
B51_V2_2_NATIVE_CANONICAL_COPY,READ_ONLY_CANDIDATE_DONOR_COPY,F:\China Graduate Future Flight Vehicle Innovation Competition\20_engineering\cad\B5_1_B601_interface_closure_candidate\00_BASELINE_DONORS\V2_2_NATIVE_CANONICAL_108_FILE_COPY\01_Primary_Structure\Equipment_Decks\parts\Deck_Rear_Bay.SLDPRT,01_Primary_Structure/Equipment_Decks/parts/Deck_Rear_Bay.SLDPRT,F:\China Graduate Future Flight Vehicle Innovation Competition\20_engineering\cad\Space_Embodied_Robot_CAD_V2_2_NATIVE\01_Primary_Structure\Equipment_Decks\parts\Deck_Rear_Bay.SLDPRT,55926,A2306791172EC2A4D5FCA2DC63EA5D74F3B247EF62D5808E0EBA134A171D30CD,False
V2_2_NATIVE_CANONICAL_SOURCE,READ_ONLY_ACCEPTED_BASELINE,F:\China Graduate Future Flight Vehicle Innovation Competition\20_engineering\cad\Space_Embodied_Robot_CAD_V2_2_NATIVE\01_Primary_Structure\Removable_Panels\Removable_Panels.SLDASM,01_Primary_Structure/Removable_Panels/Removable_Panels.SLDASM,,72101,A023E19C9E0789A88A62DB7648408DD21ABDE82CAECE81CF75CB47430DC74473,False
B51_V2_2_NATIVE_CANONICAL_COPY,READ_ONLY_CANDIDATE_DONOR_COPY,F:\China Graduate Future Flight Vehicle Innovation Competition\20_engineering\cad\B5_1_B601_interface_closure_candidate\00_BASELINE_DONORS\V2_2_NATIVE_CANONICAL_108_FILE_COPY\01_Primary_Structure\Removable_Panels\Removable_Panels.SLDASM,01_Primary_Structure/Removable_Panels/Removable_Panels.SLDASM,F:\China Graduate Future Flight Vehicle Innovation Competition\20_engineering\cad\Space_Embodied_Robot_CAD_V2_2_NATIVE\01_Primary_Structure\Removable_Panels\Removable_Panels.SLDASM,72101,A023E19C9E0789A88A62DB7648408DD21ABDE82CAECE81CF75CB47430DC74473,False
V2_2_NATIVE_CANONICAL_SOURCE,READ_ONLY_ACCEPTED_BASELINE,F:\China Graduate Future Flight Vehicle Innovation Competition\20_engineering\cad\Space_Embodied_Robot_CAD_V2_2_NATIVE\01_Primary_Structure\Removable_Panels\parts\Panel_NY_Front.SLDPRT,01_Primary_Structure/Removable_Panels/parts/Panel_NY_Front.SLDPRT,,63280,A97F1D79C0D67E72E73B6EB59CBA06391B69C76708C0D10973329EC80BBBE6A1,False
B51_V2_2_NATIVE_CANONICAL_COPY,READ_ONLY_CANDIDATE_DONOR_COPY,F:\China Graduate Future Flight Vehicle Innovation Competition\20_engineering\cad\B5_1_B601_interface_closure_candidate\00_BASELINE_DONORS\V2_2_NATIVE_CANONICAL_108_FILE_COPY\01_Primary_Structure\Removable_Panels\parts\Panel_NY_Front.SLDPRT,01_Primary_Structure/Removable_Panels/parts/Panel_NY_Front.SLDPRT,F:\China Graduate Future Flight Vehicle Innovation Competition\20_engineering\cad\Space_Embodied_Robot_CAD_V2_2_NATIVE\01_Primary_Structure\Removable_Panels\parts\Panel_NY_Front.SLDPRT,63280,A97F1D79C0D67E72E73B6EB59CBA06391B69C76708C0D10973329EC80BBBE6A1,False
V2_2_NATIVE_CANONICAL_SOURCE,READ_ONLY_ACCEPTED_BASELINE,F:\China Graduate Future Flight Vehicle Innovation Competition\20_engineering\cad\Space_Embodied_Robot_CAD_V2_2_NATIVE\01_Primary_Structure\Removable_Panels\parts\Panel_NY_Rear.SLDPRT,01_Primary_Structure/Removable_Panels/parts/Panel_NY_Rear.SLDPRT,,73439,1709FCFC78E774D1104DFE86D04D8E4D852E674A86BC7D9C9639C5F7268DC49E,False
B51_V2_2_NATIVE_CANONICAL_COPY,READ_ONLY_CANDIDATE_DONOR_COPY,F:\China Graduate Future Flight Vehicle Innovation Competition\20_engineering\cad\B5_1_B601_interface_closure_candidate\00_BASELINE_DONORS\V2_2_NATIVE_CANONICAL_108_FILE_COPY\01_Primary_Structure\Removable_Panels\parts\Panel_NY_Rear.SLDPRT,01_Primary_Structure/Removable_Panels/parts/Panel_NY_Rear.SLDPRT,F:\China Graduate Future Flight Vehicle Innovation Competition\20_engineering\cad\Space_Embodied_Robot_CAD_V2_2_NATIVE\01_Primary_Structure\Removable_Panels\parts\Panel_NY_Rear.SLDPRT,73439,1709FCFC78E774D1104DFE86D04D8E4D852E674A86BC7D9C9639C5F7268DC49E,False
V2_2_NATIVE_CANONICAL_SOURCE,READ_ONLY_ACCEPTED_BASELINE,F:\China Graduate Future Flight Vehicle Innovation Competition\20_engineering\cad\Space_Embodied_Robot_CAD_V2_2_NATIVE\01_Primary_Structure\Removable_Panels\parts\Panel_NZ.SLDPRT,01_Primary_Structure/Removable_Panels/parts/Panel_NZ.SLDPRT,,59233,1314392FEDE549919DDB9DCEE6CDF8E5717C3673A694AF720933017000E4FF7D,False
B51_V2_2_NATIVE_CANONICAL_COPY,READ_ONLY_CANDIDATE_DONOR_COPY,F:\China Graduate Future Flight Vehicle Innovation Competition\20_engineering\cad\B5_1_B601_interface_closure_candidate\00_BASELINE_DONORS\V2_2_NATIVE_CANONICAL_108_FILE_COPY\01_Primary_Structure\Removable_Panels\parts\Panel_NZ.SLDPRT,01_Primary_Structure/Removable_Panels/parts/Panel_NZ.SLDPRT,F:\China Graduate Future Flight Vehicle Innovation Competition\20_engineering\cad\Space_Embodied_Robot_CAD_V2_2_NATIVE\01_Primary_Structure\Removable_Panels\parts\Panel_NZ.SLDPRT,59233,1314392FEDE549919DDB9DCEE6CDF8E5717C3673A694AF720933017000E4FF7D,False
V2_2_NATIVE_CANONICAL_SOURCE,READ_ONLY_ACCEPTED_BASELINE,F:\China Graduate Future Flight Vehicle Innovation Competition\20_engineering\cad\Space_Embodied_Robot_CAD_V2_2_NATIVE\01_Primary_Structure\Removable_Panels\parts\Panel_PY_Front.SLDPRT,01_Primary_Structure/Removable_Panels/parts/Panel_PY_Front.SLDPRT,,63664,59F64637D37AB916E88083284D2314DCF0F7E7E3DEEA2BEF316E0C405EEDC9FB,False
B51_V2_2_NATIVE_CANONICAL_COPY,READ_ONLY_CANDIDATE_DONOR_COPY,F:\China Graduate Future Flight Vehicle Innovation Competition\20_engineering\cad\B5_1_B601_interface_closure_candidate\00_BASELINE_DONORS\V2_2_NATIVE_CANONICAL_108_FILE_COPY\01_Primary_Structure\Removable_Panels\parts\Panel_PY_Front.SLDPRT,01_Primary_Structure/Removable_Panels/parts/Panel_PY_Front.SLDPRT,F:\China Graduate Future Flight Vehicle Innovation Competition\20_engineering\cad\Space_Embodied_Robot_CAD_V2_2_NATIVE\01_Primary_Structure\Removable_Panels\parts\Panel_PY_Front.SLDPRT,63664,59F64637D37AB916E88083284D2314DCF0F7E7E3DEEA2BEF316E0C405EEDC9FB,False
V2_2_NATIVE_CANONICAL_SOURCE,READ_ONLY_ACCEPTED_BASELINE,F:\China Graduate Future Flight Vehicle Innovation Competition\20_engineering\cad\Space_Embodied_Robot_CAD_V2_2_NATIVE\01_Primary_Structure\Removable_Panels\parts\Panel_PY_Rear.SLDPRT,01_Primary_Structure/Removable_Panels/parts/Panel_PY_Rear.SLDPRT,,73944,7393216A47AA7E97FBC752CEB380306074FCDC44714769CAE278FDCB8C2AC001,False
B51_V2_2_NATIVE_CANONICAL_COPY,READ_ONLY_CANDIDATE_DONOR_COPY,F:\China Graduate Future Flight Vehicle Innovation Competition\20_engineering\cad\B5_1_B601_interface_closure_candidate\00_BASELINE_DONORS\V2_2_NATIVE_CANONICAL_108_FILE_COPY\01_Primary_Structure\Removable_Panels\parts\Panel_PY_Rear.SLDPRT,01_Primary_Structure/Removable_Panels/parts/Panel_PY_Rear.SLDPRT,F:\China Graduate Future Flight Vehicle Innovation Competition\20_engineering\cad\Space_Embodied_Robot_CAD_V2_2_NATIVE\01_Primary_Structure\Removable_Panels\parts\Panel_PY_Rear.SLDPRT,73944,7393216A47AA7E97FBC752CEB380306074FCDC44714769CAE278FDCB8C2AC001,False
V2_2_NATIVE_CANONICAL_SOURCE,READ_ONLY_ACCEPTED_BASELINE,F:\China Graduate Future Flight Vehicle Innovation Competition\20_engineering\cad\Space_Embodied_Robot_CAD_V2_2_NATIVE\01_Primary_Structure\Removable_Panels\parts\Panel_PZ.SLDPRT,01_Primary_Structure/Removable_Panels/parts/Panel_PZ.SLDPRT,,58902,200E0E284FE94387D92B28E19214868FA6B146F32FDDA95E71EB77ED9D0CDC2F,False
B51_V2_2_NATIVE_CANONICAL_COPY,READ_ONLY_CANDIDATE_DONOR_COPY,F:\China Graduate Future Flight Vehicle Innovation Competition\20_engineering\cad\B5_1_B601_interface_closure_candidate\00_BASELINE_DONORS\V2_2_NATIVE_CANONICAL_108_FILE_COPY\01_Primary_Structure\Removable_Panels\parts\Panel_PZ.SLDPRT,01_Primary_Structure/Removable_Panels/parts/Panel_PZ.SLDPRT,F:\China Graduate Future Flight Vehicle Innovation Competition\20_engineering\cad\Space_Embodied_Robot_CAD_V2_2_NATIVE\01_Primary_Structure\Removable_Panels\parts\Panel_PZ.SLDPRT,58902,200E0E284FE94387D92B28E19214868FA6B146F32FDDA95E71EB77ED9D0CDC2F,False
V2_2_NATIVE_CANONICAL_SOURCE,READ_ONLY_ACCEPTED_BASELINE,F:\China Graduate Future Flight Vehicle Innovation Competition\20_engineering\cad\Space_Embodied_Robot_CAD_V2_2_NATIVE\01_Primary_Structure\parts\Front_End_Frame.SLDPRT,01_Primary_Structure/parts/Front_End_Frame.SLDPRT,,94167,8CCF23330685BC95B45CC59F5CACCFBF71B7359F1CC9E6C8DE3A252F300CA64D,False
B51_V2_2_NATIVE_CANONICAL_COPY,READ_ONLY_CANDIDATE_DONOR_COPY,F:\China Graduate Future Flight Vehicle Innovation Competition\20_engineering\cad\B5_1_B601_interface_closure_candidate\00_BASELINE_DONORS\V2_2_NATIVE_CANONICAL_108_FILE_COPY\01_Primary_Structure\parts\Front_End_Frame.SLDPRT,01_Primary_Structure/parts/Front_End_Frame.SLDPRT,F:\China Graduate Future Flight Vehicle Innovation Competition\20_engineering\cad\Space_Embodied_Robot_CAD_V2_2_NATIVE\01_Primary_Structure\parts\Front_End_Frame.SLDPRT,94167,8CCF23330685BC95B45CC59F5CACCFBF71B7359F1CC9E6C8DE3A252F300CA64D,False
V2_2_NATIVE_CANONICAL_SOURCE,READ_ONLY_ACCEPTED_BASELINE,F:\China Graduate Future Flight Vehicle Innovation Competition\20_engineering\cad\Space_Embodied_Robot_CAD_V2_2_NATIVE\01_Primary_Structure\parts\Front_Transverse_Frame.SLDPRT,01_Primary_Structure/parts/Front_Transverse_Frame.SLDPRT,,94313,0E62FDA5248A9C8063B425877DAEF60D82BDF94BBC5C9DFE08DC159F2F3E153D,False
B51_V2_2_NATIVE_CANONICAL_COPY,READ_ONLY_CANDIDATE_DONOR_COPY,F:\China Graduate Future Flight Vehicle Innovation Competition\20_engineering\cad\B5_1_B601_interface_closure_candidate\00_BASELINE_DONORS\V2_2_NATIVE_CANONICAL_108_FILE_COPY\01_Primary_Structure\parts\Front_Transverse_Frame.SLDPRT,01_Primary_Structure/parts/Front_Transverse_Frame.SLDPRT,F:\China Graduate Future Flight Vehicle Innovation Competition\20_engineering\cad\Space_Embodied_Robot_CAD_V2_2_NATIVE\01_Primary_Structure\parts\Front_Transverse_Frame.SLDPRT,94313,0E62FDA5248A9C8063B425877DAEF60D82BDF94BBC5C9DFE08DC159F2F3E153D,False
V2_2_NATIVE_CANONICAL_SOURCE,READ_ONLY_ACCEPTED_BASELINE,F:\China Graduate Future Flight Vehicle Innovation Competition\20_engineering\cad\Space_Embodied_Robot_CAD_V2_2_NATIVE\01_Primary_Structure\parts\Longerons_4X.SLDPRT,01_Primary_Structure/parts/Longerons_4X.SLDPRT,,95623,61AAEFE3F4CD1D489A58D72003C184AE80306B67D6C1094FA900B179FCA2076F,False
B51_V2_2_NATIVE_CANONICAL_COPY,READ_ONLY_CANDIDATE_DONOR_COPY,F:\China Graduate Future Flight Vehicle Innovation Competition\20_engineering\cad\B5_1_B601_interface_closure_candidate\00_BASELINE_DONORS\V2_2_NATIVE_CANONICAL_108_FILE_COPY\01_Primary_Structure\parts\Longerons_4X.SLDPRT,01_Primary_Structure/parts/Longerons_4X.SLDPRT,F:\China Graduate Future Flight Vehicle Innovation Competition\20_engineering\cad\Space_Embodied_Robot_CAD_V2_2_NATIVE\01_Primary_Structure\parts\Longerons_4X.SLDPRT,95623,61AAEFE3F4CD1D489A58D72003C184AE80306B67D6C1094FA900B179FCA2076F,False
V2_2_NATIVE_CANONICAL_SOURCE,READ_ONLY_ACCEPTED_BASELINE,F:\China Graduate Future Flight Vehicle Innovation Competition\20_engineering\cad\Space_Embodied_Robot_CAD_V2_2_NATIVE\01_Primary_Structure\parts\Mid_Transverse_Frame_1.SLDPRT,01_Primary_Structure/parts/Mid_Transverse_Frame_1.SLDPRT,,93644,5AD7E61B1F7F7D05AAE021CEFCBB37C4C6C70D12D3A67CCB47B9A0BE2E804D1F,False
B51_V2_2_NATIVE_CANONICAL_COPY,READ_ONLY_CANDIDATE_DONOR_COPY,F:\China Graduate Future Flight Vehicle Innovation Competition\20_engineering\cad\B5_1_B601_interface_closure_candidate\00_BASELINE_DONORS\V2_2_NATIVE_CANONICAL_108_FILE_COPY\01_Primary_Structure\parts\Mid_Transverse_Frame_1.SLDPRT,01_Primary_Structure/parts/Mid_Transverse_Frame_1.SLDPRT,F:\China Graduate Future Flight Vehicle Innovation Competition\20_engineering\cad\Space_Embodied_Robot_CAD_V2_2_NATIVE\01_Primary_Structure\parts\Mid_Transverse_Frame_1.SLDPRT,93644,5AD7E61B1F7F7D05AAE021CEFCBB37C4C6C70D12D3A67CCB47B9A0BE2E804D1F,False
V2_2_NATIVE_CANONICAL_SOURCE,READ_ONLY_ACCEPTED_BASELINE,F:\China Graduate Future Flight Vehicle Innovation Competition\20_engineering\cad\Space_Embodied_Robot_CAD_V2_2_NATIVE\01_Primary_Structure\parts\Mid_Transverse_Frame_2.SLDPRT,01_Primary_Structure/parts/Mid_Transverse_Frame_2.SLDPRT,,94327,EB465FA8FAAA80D5910277DCBD0E55948222627300C21547ECD1BD0129203A07,False
B51_V2_2_NATIVE_CANONICAL_COPY,READ_ONLY_CANDIDATE_DONOR_COPY,F:\China Graduate Future Flight Vehicle Innovation Competition\20_engineering\cad\B5_1_B601_interface_closure_candidate\00_BASELINE_DONORS\V2_2_NATIVE_CANONICAL_108_FILE_COPY\01_Primary_Structure\parts\Mid_Transverse_Frame_2.SLDPRT,01_Primary_Structure/parts/Mid_Transverse_Frame_2.SLDPRT,F:\China Graduate Future Flight Vehicle Innovation Competition\20_engineering\cad\Space_Embodied_Robot_CAD_V2_2_NATIVE\01_Primary_Structure\parts\Mid_Transverse_Frame_2.SLDPRT,94327,EB465FA8FAAA80D5910277DCBD0E55948222627300C21547ECD1BD0129203A07,False
V2_2_NATIVE_CANONICAL_SOURCE,READ_ONLY_ACCEPTED_BASELINE,F:\China Graduate Future Flight Vehicle Innovation Competition\20_engineering\cad\Space_Embodied_Robot_CAD_V2_2_NATIVE\01_Primary_Structure\parts\Rear_End_Frame.SLDPRT,01_Primary_Structure/parts/Rear_End_Frame.SLDPRT,,93817,9F2FD03F564267DF389B7C1851AF8481592FF3158987672AEBBCD566DC92A8C3,False
B51_V2_2_NATIVE_CANONICAL_COPY,READ_ONLY_CANDIDATE_DONOR_COPY,F:\China Graduate Future Flight Vehicle Innovation Competition\20_engineering\cad\B5_1_B601_interface_closure_candidate\00_BASELINE_DONORS\V2_2_NATIVE_CANONICAL_108_FILE_COPY\01_Primary_Structure\parts\Rear_End_Frame.SLDPRT,01_Primary_Structure/parts/Rear_End_Frame.SLDPRT,F:\China Graduate Future Flight Vehicle Innovation Competition\20_engineering\cad\Space_Embodied_Robot_CAD_V2_2_NATIVE\01_Primary_Structure\parts\Rear_End_Frame.SLDPRT,93817,9F2FD03F564267DF389B7C1851AF8481592FF3158987672AEBBCD566DC92A8C3,False
V2_2_NATIVE_CANONICAL_SOURCE,READ_ONLY_ACCEPTED_BASELINE,F:\China Graduate Future Flight Vehicle Innovation Competition\20_engineering\cad\Space_Embodied_Robot_CAD_V2_2_NATIVE\02_B601_Mount_and_Load_Path\02_B601_Mount_and_Load_Path.SLDASM,02_B601_Mount_and_Load_Path/02_B601_Mount_and_Load_Path.SLDASM,,93262,ADCAA1C11944341DBFC9FDD36D9725B824102B3872A8F4E31EF32F62CC567D15,False
B51_V2_2_NATIVE_CANONICAL_COPY,READ_ONLY_CANDIDATE_DONOR_COPY,F:\China Graduate Future Flight Vehicle Innovation Competition\20_engineering\cad\B5_1_B601_interface_closure_candidate\00_BASELINE_DONORS\V2_2_NATIVE_CANONICAL_108_FILE_COPY\02_B601_Mount_and_Load_Path\02_B601_Mount_and_Load_Path.SLDASM,02_B601_Mount_and_Load_Path/02_B601_Mount_and_Load_Path.SLDASM,F:\China Graduate Future Flight Vehicle Innovation Competition\20_engineering\cad\Space_Embodied_Robot_CAD_V2_2_NATIVE\02_B601_Mount_and_Load_Path\02_B601_Mount_and_Load_Path.SLDASM,93262,ADCAA1C11944341DBFC9FDD36D9725B824102B3872A8F4E31EF32F62CC567D15,False
V2_2_NATIVE_CANONICAL_SOURCE,READ_ONLY_ACCEPTED_BASELINE,F:\China Graduate Future Flight Vehicle Innovation Competition\20_engineering\cad\Space_Embodied_Robot_CAD_V2_2_NATIVE\02_B601_Mount_and_Load_Path\parts\Adapter_Plate.SLDPRT,02_B601_Mount_and_Load_Path/parts/Adapter_Plate.SLDPRT,,103679,342385E08C4D00A05796D1A905C13EF7D2070558BAB6BE2B324551D08FEF294D,False
B51_V2_2_NATIVE_CANONICAL_COPY,READ_ONLY_CANDIDATE_DONOR_COPY,F:\China Graduate Future Flight Vehicle Innovation Competition\20_engineering\cad\B5_1_B601_interface_closure_candidate\00_BASELINE_DONORS\V2_2_NATIVE_CANONICAL_108_FILE_COPY\02_B601_Mount_and_Load_Path\parts\Adapter_Plate.SLDPRT,02_B601_Mount_and_Load_Path/parts/Adapter_Plate.SLDPRT,F:\China Graduate Future Flight Vehicle Innovation Competition\20_engineering\cad\Space_Embodied_Robot_CAD_V2_2_NATIVE\02_B601_Mount_and_Load_Path\parts\Adapter_Plate.SLDPRT,103679,342385E08C4D00A05796D1A905C13EF7D2070558BAB6BE2B324551D08FEF294D,False
V2_2_NATIVE_CANONICAL_SOURCE,READ_ONLY_ACCEPTED_BASELINE,F:\China Graduate Future Flight Vehicle Innovation Competition\20_engineering\cad\Space_Embodied_Robot_CAD_V2_2_NATIVE\02_B601_Mount_and_Load_Path\parts\Central_Boss.SLDPRT,02_B601_Mount_and_Load_Path/parts/Central_Boss.SLDPRT,,113402,B8CB5D6356005DBBD9ABBC4F54D4290DC538A57141F0B7D38E31D2712801AC32,False
B51_V2_2_NATIVE_CANONICAL_COPY,READ_ONLY_CANDIDATE_DONOR_COPY,F:\China Graduate Future Flight Vehicle Innovation Competition\20_engineering\cad\B5_1_B601_interface_closure_candidate\00_BASELINE_DONORS\V2_2_NATIVE_CANONICAL_108_FILE_COPY\02_B601_Mount_and_Load_Path\parts\Central_Boss.SLDPRT,02_B601_Mount_and_Load_Path/parts/Central_Boss.SLDPRT,F:\China Graduate Future Flight Vehicle Innovation Competition\20_engineering\cad\Space_Embodied_Robot_CAD_V2_2_NATIVE\02_B601_Mount_and_Load_Path\parts\Central_Boss.SLDPRT,113402,B8CB5D6356005DBBD9ABBC4F54D4290DC538A57141F0B7D38E31D2712801AC32,False
V2_2_NATIVE_CANONICAL_SOURCE,READ_ONLY_ACCEPTED_BASELINE,F:\China Graduate Future Flight Vehicle Innovation Competition\20_engineering\cad\Space_Embodied_Robot_CAD_V2_2_NATIVE\02_B601_Mount_and_Load_Path\parts\Harness_Passage.SLDPRT,02_B601_Mount_and_Load_Path/parts/Harness_Passage.SLDPRT,,72893,36E52989EDF21450ED13B9927CC03FC93BE4C00BA9B3F301485C49313073C13B,False
B51_V2_2_NATIVE_CANONICAL_COPY,READ_ONLY_CANDIDATE_DONOR_COPY,F:\China Graduate Future Flight Vehicle Innovation Competition\20_engineering\cad\B5_1_B601_interface_closure_candidate\00_BASELINE_DONORS\V2_2_NATIVE_CANONICAL_108_FILE_COPY\02_B601_Mount_and_Load_Path\parts\Harness_Passage.SLDPRT,02_B601_Mount_and_Load_Path/parts/Harness_Passage.SLDPRT,F:\China Graduate Future Flight Vehicle Innovation Competition\20_engineering\cad\Space_Embodied_Robot_CAD_V2_2_NATIVE\02_B601_Mount_and_Load_Path\parts\Harness_Passage.SLDPRT,72893,36E52989EDF21450ED13B9927CC03FC93BE4C00BA9B3F301485C49313073C13B,False
V2_2_NATIVE_CANONICAL_SOURCE,READ_ONLY_ACCEPTED_BASELINE,F:\China Graduate Future Flight Vehicle Innovation Competition\20_engineering\cad\Space_Embodied_Robot_CAD_V2_2_NATIVE\02_B601_Mount_and_Load_Path\parts\Load_Bridge_Left.SLDPRT,02_B601_Mount_and_Load_Path/parts/Load_Bridge_Left.SLDPRT,,78274,A1831B35493F7CB326465C527CF0DE4C94B47F84B6C0F6C25C293C74955BA062,False
B51_V2_2_NATIVE_CANONICAL_COPY,READ_ONLY_CANDIDATE_DONOR_COPY,F:\China Graduate Future Flight Vehicle Innovation Competition\20_engineering\cad\B5_1_B601_interface_closure_candidate\00_BASELINE_DONORS\V2_2_NATIVE_CANONICAL_108_FILE_COPY\02_B601_Mount_and_Load_Path\parts\Load_Bridge_Left.SLDPRT,02_B601_Mount_and_Load_Path/parts/Load_Bridge_Left.SLDPRT,F:\China Graduate Future Flight Vehicle Innovation Competition\20_engineering\cad\Space_Embodied_Robot_CAD_V2_2_NATIVE\02_B601_Mount_and_Load_Path\parts\Load_Bridge_Left.SLDPRT,78274,A1831B35493F7CB326465C527CF0DE4C94B47F84B6C0F6C25C293C74955BA062,False
V2_2_NATIVE_CANONICAL_SOURCE,READ_ONLY_ACCEPTED_BASELINE,F:\China Graduate Future Flight Vehicle Innovation Competition\20_engineering\cad\Space_Embodied_Robot_CAD_V2_2_NATIVE\02_B601_Mount_and_Load_Path\parts\Load_Bridge_Right.SLDPRT,02_B601_Mount_and_Load_Path/parts/Load_Bridge_Right.SLDPRT,,77743,334F4BB4E869EC3C3907677E0AD1A68EF5A61DA2F23A7E8C141A8F0B33454D10,False
B51_V2_2_NATIVE_CANONICAL_COPY,READ_ONLY_CANDIDATE_DONOR_COPY,F:\China Graduate Future Flight Vehicle Innovation Competition\20_engineering\cad\B5_1_B601_interface_closure_candidate\00_BASELINE_DONORS\V2_2_NATIVE_CANONICAL_108_FILE_COPY\02_B601_Mount_and_Load_Path\parts\Load_Bridge_Right.SLDPRT,02_B601_Mount_and_Load_Path/parts/Load_Bridge_Right.SLDPRT,F:\China Graduate Future Flight Vehicle Innovation Competition\20_engineering\cad\Space_Embodied_Robot_CAD_V2_2_NATIVE\02_B601_Mount_and_Load_Path\parts\Load_Bridge_Right.SLDPRT,77743,334F4BB4E869EC3C3907677E0AD1A68EF5A61DA2F23A7E8C141A8F0B33454D10,False
V2_2_NATIVE_CANONICAL_SOURCE,READ_ONLY_ACCEPTED_BASELINE,F:\China Graduate Future Flight Vehicle Innovation Competition\20_engineering\cad\Space_Embodied_Robot_CAD_V2_2_NATIVE\02_B601_Mount_and_Load_Path\parts\Load_Spreading_Frame.SLDPRT,02_B601_Mount_and_Load_Path/parts/Load_Spreading_Frame.SLDPRT,,104059,33348456786780EF487DC2FDE6D807F6E2680DDB72C1366E34ADEA8791741C47,False
B51_V2_2_NATIVE_CANONICAL_COPY,READ_ONLY_CANDIDATE_DONOR_COPY,F:\China Graduate Future Flight Vehicle Innovation Competition\20_engineering\cad\B5_1_B601_interface_closure_candidate\00_BASELINE_DONORS\V2_2_NATIVE_CANONICAL_108_FILE_COPY\02_B601_Mount_and_Load_Path\parts\Load_Spreading_Frame.SLDPRT,02_B601_Mount_and_Load_Path/parts/Load_Spreading_Frame.SLDPRT,F:\China Graduate Future Flight Vehicle Innovation Competition\20_engineering\cad\Space_Embodied_Robot_CAD_V2_2_NATIVE\02_B601_Mount_and_Load_Path\parts\Load_Spreading_Frame.SLDPRT,104059,33348456786780EF487DC2FDE6D807F6E2680DDB72C1366E34ADEA8791741C47,False
V2_2_NATIVE_CANONICAL_SOURCE,READ_ONLY_ACCEPTED_BASELINE,F:\China Graduate Future Flight Vehicle Innovation Competition\20_engineering\cad\Space_Embodied_Robot_CAD_V2_2_NATIVE\02_B601_Mount_and_Load_Path\parts\Maintenance_Access_Cover.SLDPRT,02_B601_Mount_and_Load_Path/parts/Maintenance_Access_Cover.SLDPRT,,54301,B4393657D2CA795EF569A856C23F24EC2B60FE2A77B8A0EE66CBAE1A6745D38E,False
B51_V2_2_NATIVE_CANONICAL_COPY,READ_ONLY_CANDIDATE_DONOR_COPY,F:\China Graduate Future Flight Vehicle Innovation Competition\20_engineering\cad\B5_1_B601_interface_closure_candidate\00_BASELINE_DONORS\V2_2_NATIVE_CANONICAL_108_FILE_COPY\02_B601_Mount_and_Load_Path\parts\Maintenance_Access_Cover.SLDPRT,02_B601_Mount_and_Load_Path/parts/Maintenance_Access_Cover.SLDPRT,F:\China Graduate Future Flight Vehicle Innovation Competition\20_engineering\cad\Space_Embodied_Robot_CAD_V2_2_NATIVE\02_B601_Mount_and_Load_Path\parts\Maintenance_Access_Cover.SLDPRT,54301,B4393657D2CA795EF569A856C23F24EC2B60FE2A77B8A0EE66CBAE1A6745D38E,False
V2_2_NATIVE_CANONICAL_SOURCE,READ_ONLY_ACCEPTED_BASELINE,F:\China Graduate Future Flight Vehicle Innovation Competition\20_engineering\cad\Space_Embodied_Robot_CAD_V2_2_NATIVE\02_B601_Mount_and_Load_Path\parts\Spacecraft_Flange.SLDPRT,02_B601_Mount_and_Load_Path/parts/Spacecraft_Flange.SLDPRT,,109310,24B0962674CC3CA55352FFF090DD9FD5312403042092DB91B49447E71B90DFDE,False
B51_V2_2_NATIVE_CANONICAL_COPY,READ_ONLY_CANDIDATE_DONOR_COPY,F:\China Graduate Future Flight Vehicle Innovation Competition\20_engineering\cad\B5_1_B601_interface_closure_candidate\00_BASELINE_DONORS\V2_2_NATIVE_CANONICAL_108_FILE_COPY\02_B601_Mount_and_Load_Path\parts\Spacecraft_Flange.SLDPRT,02_B601_Mount_and_Load_Path/parts/Spacecraft_Flange.SLDPRT,F:\China Graduate Future Flight Vehicle Innovation Competition\20_engineering\cad\Space_Embodied_Robot_CAD_V2_2_NATIVE\02_B601_Mount_and_Load_Path\parts\Spacecraft_Flange.SLDPRT,109310,24B0962674CC3CA55352FFF090DD9FD5312403042092DB91B49447E71B90DFDE,False
V2_2_NATIVE_CANONICAL_SOURCE,READ_ONLY_ACCEPTED_BASELINE,F:\China Graduate Future Flight Vehicle Innovation Competition\20_engineering\cad\Space_Embodied_Robot_CAD_V2_2_NATIVE\04_ARM_STOW_SUPPORT\04_ARM_STOW_SUPPORT.SLDASM,04_ARM_STOW_SUPPORT/04_ARM_STOW_SUPPORT.SLDASM,,58587,1B64A0ED745C614BF4F74EE74738EF42E253EC16F6F3811348DF224A9AF18392,False
B51_V2_2_NATIVE_CANONICAL_COPY,READ_ONLY_CANDIDATE_DONOR_COPY,F:\China Graduate Future Flight Vehicle Innovation Competition\20_engineering\cad\B5_1_B601_interface_closure_candidate\00_BASELINE_DONORS\V2_2_NATIVE_CANONICAL_108_FILE_COPY\04_ARM_STOW_SUPPORT\04_ARM_STOW_SUPPORT.SLDASM,04_ARM_STOW_SUPPORT/04_ARM_STOW_SUPPORT.SLDASM,F:\China Graduate Future Flight Vehicle Innovation Competition\20_engineering\cad\Space_Embodied_Robot_CAD_V2_2_NATIVE\04_ARM_STOW_SUPPORT\04_ARM_STOW_SUPPORT.SLDASM,58587,1B64A0ED745C614BF4F74EE74738EF42E253EC16F6F3811348DF224A9AF18392,False
V2_2_NATIVE_CANONICAL_SOURCE,READ_ONLY_ACCEPTED_BASELINE,F:\China Graduate Future Flight Vehicle Innovation Competition\20_engineering\cad\Space_Embodied_Robot_CAD_V2_2_NATIVE\04_ARM_STOW_SUPPORT\parts\Aft_Saddle.SLDPRT,04_ARM_STOW_SUPPORT/parts/Aft_Saddle.SLDPRT,,86142,25EC1B9702147EC11D22ADD2F3E8B0E14D7FD4CD2CBB2BBBFCD789F0B3C56108,False
B51_V2_2_NATIVE_CANONICAL_COPY,READ_ONLY_CANDIDATE_DONOR_COPY,F:\China Graduate Future Flight Vehicle Innovation Competition\20_engineering\cad\B5_1_B601_interface_closure_candidate\00_BASELINE_DONORS\V2_2_NATIVE_CANONICAL_108_FILE_COPY\04_ARM_STOW_SUPPORT\parts\Aft_Saddle.SLDPRT,04_ARM_STOW_SUPPORT/parts/Aft_Saddle.SLDPRT,F:\China Graduate Future Flight Vehicle Innovation Competition\20_engineering\cad\Space_Embodied_Robot_CAD_V2_2_NATIVE\04_ARM_STOW_SUPPORT\parts\Aft_Saddle.SLDPRT,86142,25EC1B9702147EC11D22ADD2F3E8B0E14D7FD4CD2CBB2BBBFCD789F0B3C56108,False
V2_2_NATIVE_CANONICAL_SOURCE,READ_ONLY_ACCEPTED_BASELINE,F:\China Graduate Future Flight Vehicle Innovation Competition\20_engineering\cad\Space_Embodied_Robot_CAD_V2_2_NATIVE\04_ARM_STOW_SUPPORT\parts\Fwd_Saddle.SLDPRT,04_ARM_STOW_SUPPORT/parts/Fwd_Saddle.SLDPRT,,84258,0F0BE9AC604B7D70B6A855EC6AD0A2B4FB14DDF8DA06884C39482278369E29F3,False
B51_V2_2_NATIVE_CANONICAL_COPY,READ_ONLY_CANDIDATE_DONOR_COPY,F:\China Graduate Future Flight Vehicle Innovation Competition\20_engineering\cad\B5_1_B601_interface_closure_candidate\00_BASELINE_DONORS\V2_2_NATIVE_CANONICAL_108_FILE_COPY\04_ARM_STOW_SUPPORT\parts\Fwd_Saddle.SLDPRT,04_ARM_STOW_SUPPORT/parts/Fwd_Saddle.SLDPRT,F:\China Graduate Future Flight Vehicle Innovation Competition\20_engineering\cad\Space_Embodied_Robot_CAD_V2_2_NATIVE\04_ARM_STOW_SUPPORT\parts\Fwd_Saddle.SLDPRT,84258,0F0BE9AC604B7D70B6A855EC6AD0A2B4FB14DDF8DA06884C39482278369E29F3,False
V2_2_NATIVE_CANONICAL_SOURCE,READ_ONLY_ACCEPTED_BASELINE,F:\China Graduate Future Flight Vehicle Innovation Competition\20_engineering\cad\Space_Embodied_Robot_CAD_V2_2_NATIVE\04_ARM_STOW_SUPPORT\parts\Launch_Lock_Interface_Reference.SLDPRT,04_ARM_STOW_SUPPORT/parts/Launch_Lock_Interface_Reference.SLDPRT,,74849,1ED6F6C9188833CAE8FDF76E920CEA43D21D8DB8DE45237AECCB78A4D78CFD00,False
B51_V2_2_NATIVE_CANONICAL_COPY,READ_ONLY_CANDIDATE_DONOR_COPY,F:\China Graduate Future Flight Vehicle Innovation Competition\20_engineering\cad\B5_1_B601_interface_closure_candidate\00_BASELINE_DONORS\V2_2_NATIVE_CANONICAL_108_FILE_COPY\04_ARM_STOW_SUPPORT\parts\Launch_Lock_Interface_Reference.SLDPRT,04_ARM_STOW_SUPPORT/parts/Launch_Lock_Interface_Reference.SLDPRT,F:\China Graduate Future Flight Vehicle Innovation Competition\20_engineering\cad\Space_Embodied_Robot_CAD_V2_2_NATIVE\04_ARM_STOW_SUPPORT\parts\Launch_Lock_Interface_Reference.SLDPRT,74849,1ED6F6C9188833CAE8FDF76E920CEA43D21D8DB8DE45237AECCB78A4D78CFD00,False
V2_2_NATIVE_CANONICAL_SOURCE,READ_ONLY_ACCEPTED_BASELINE,F:\China Graduate Future Flight Vehicle Innovation Competition\20_engineering\cad\Space_Embodied_Robot_CAD_V2_2_NATIVE\04_ARM_STOW_SUPPORT\parts\Mid_Saddle.SLDPRT,04_ARM_STOW_SUPPORT/parts/Mid_Saddle.SLDPRT,,85848,C5528D2183883D862EB36FB830DE5BDEBEB08786C7199628D051991A541B0EEF,False
B51_V2_2_NATIVE_CANONICAL_COPY,READ_ONLY_CANDIDATE_DONOR_COPY,F:\China Graduate Future Flight Vehicle Innovation Competition\20_engineering\cad\B5_1_B601_interface_closure_candidate\00_BASELINE_DONORS\V2_2_NATIVE_CANONICAL_108_FILE_COPY\04_ARM_STOW_SUPPORT\parts\Mid_Saddle.SLDPRT,04_ARM_STOW_SUPPORT/parts/Mid_Saddle.SLDPRT,F:\China Graduate Future Flight Vehicle Innovation Competition\20_engineering\cad\Space_Embodied_Robot_CAD_V2_2_NATIVE\04_ARM_STOW_SUPPORT\parts\Mid_Saddle.SLDPRT,85848,C5528D2183883D862EB36FB830DE5BDEBEB08786C7199628D051991A541B0EEF,False
V2_2_NATIVE_CANONICAL_SOURCE,READ_ONLY_ACCEPTED_BASELINE,F:\China Graduate Future Flight Vehicle Innovation Competition\20_engineering\cad\Space_Embodied_Robot_CAD_V2_2_NATIVE\04_ARM_STOW_SUPPORT\parts\Release_Clearance_Envelope.SLDPRT,04_ARM_STOW_SUPPORT/parts/Release_Clearance_Envelope.SLDPRT,,74594,A1D4DFDC8D722DD96074ED2F16DEE22B37BD7010BA0759672940D7DF61721C91,False
B51_V2_2_NATIVE_CANONICAL_COPY,READ_ONLY_CANDIDATE_DONOR_COPY,F:\China Graduate Future Flight Vehicle Innovation Competition\20_engineering\cad\B5_1_B601_interface_closure_candidate\00_BASELINE_DONORS\V2_2_NATIVE_CANONICAL_108_FILE_COPY\04_ARM_STOW_SUPPORT\parts\Release_Clearance_Envelope.SLDPRT,04_ARM_STOW_SUPPORT/parts/Release_Clearance_Envelope.SLDPRT,F:\China Graduate Future Flight Vehicle Innovation Competition\20_engineering\cad\Space_Embodied_Robot_CAD_V2_2_NATIVE\04_ARM_STOW_SUPPORT\parts\Release_Clearance_Envelope.SLDPRT,74594,A1D4DFDC8D722DD96074ED2F16DEE22B37BD7010BA0759672940D7DF61721C91,False
V2_2_NATIVE_CANONICAL_SOURCE,READ_ONLY_ACCEPTED_BASELINE,F:\China Graduate Future Flight Vehicle Innovation Competition\20_engineering\cad\Space_Embodied_Robot_CAD_V2_2_NATIVE\05_Solar_Array_Root_Left\05_Solar_Array_Root_Left.SLDASM,05_Solar_Array_Root_Left/05_Solar_Array_Root_Left.SLDASM,,92479,141BC5827601A85347B58765F4A6CE757E75213E08923DD999BF8742CC1F305B,False
B51_V2_2_NATIVE_CANONICAL_COPY,READ_ONLY_CANDIDATE_DONOR_COPY,F:\China Graduate Future Flight Vehicle Innovation Competition\20_engineering\cad\B5_1_B601_interface_closure_candidate\00_BASELINE_DONORS\V2_2_NATIVE_CANONICAL_108_FILE_COPY\05_Solar_Array_Root_Left\05_Solar_Array_Root_Left.SLDASM,05_Solar_Array_Root_Left/05_Solar_Array_Root_Left.SLDASM,F:\China Graduate Future Flight Vehicle Innovation Competition\20_engineering\cad\Space_Embodied_Robot_CAD_V2_2_NATIVE\05_Solar_Array_Root_Left\05_Solar_Array_Root_Left.SLDASM,92479,141BC5827601A85347B58765F4A6CE757E75213E08923DD999BF8742CC1F305B,False
V2_2_NATIVE_CANONICAL_SOURCE,READ_ONLY_ACCEPTED_BASELINE,F:\China Graduate Future Flight Vehicle Innovation Competition\20_engineering\cad\Space_Embodied_Robot_CAD_V2_2_NATIVE\05_Solar_Array_Root_Left\parts\HDRM_Base_1_Left.SLDPRT,05_Solar_Array_Root_Left/parts/HDRM_Base_1_Left.SLDPRT,,85096,22FD839C311E6B48038F8D298BD97D1E2BB4D9161613EF67DFEB633D85113FD7,False
B51_V2_2_NATIVE_CANONICAL_COPY,READ_ONLY_CANDIDATE_DONOR_COPY,F:\China Graduate Future Flight Vehicle Innovation Competition\20_engineering\cad\B5_1_B601_interface_closure_candidate\00_BASELINE_DONORS\V2_2_NATIVE_CANONICAL_108_FILE_COPY\05_Solar_Array_Root_Left\parts\HDRM_Base_1_Left.SLDPRT,05_Solar_Array_Root_Left/parts/HDRM_Base_1_Left.SLDPRT,F:\China Graduate Future Flight Vehicle Innovation Competition\20_engineering\cad\Space_Embodied_Robot_CAD_V2_2_NATIVE\05_Solar_Array_Root_Left\parts\HDRM_Base_1_Left.SLDPRT,85096,22FD839C311E6B48038F8D298BD97D1E2BB4D9161613EF67DFEB633D85113FD7,False
V2_2_NATIVE_CANONICAL_SOURCE,READ_ONLY_ACCEPTED_BASELINE,F:\China Graduate Future Flight Vehicle Innovation Competition\20_engineering\cad\Space_Embodied_Robot_CAD_V2_2_NATIVE\05_Solar_Array_Root_Left\parts\HDRM_Base_2_Left.SLDPRT,05_Solar_Array_Root_Left/parts/HDRM_Base_2_Left.SLDPRT,,85247,A9ECF7CC10DCB8573C48EB2451DB1E1327B37B45D845F9687FDAFDDD8052FF4B,False
B51_V2_2_NATIVE_CANONICAL_COPY,READ_ONLY_CANDIDATE_DONOR_COPY,F:\China Graduate Future Flight Vehicle Innovation Competition\20_engineering\cad\B5_1_B601_interface_closure_candidate\00_BASELINE_DONORS\V2_2_NATIVE_CANONICAL_108_FILE_COPY\05_Solar_Array_Root_Left\parts\HDRM_Base_2_Left.SLDPRT,05_Solar_Array_Root_Left/parts/HDRM_Base_2_Left.SLDPRT,F:\China Graduate Future Flight Vehicle Innovation Competition\20_engineering\cad\Space_Embodied_Robot_CAD_V2_2_NATIVE\05_Solar_Array_Root_Left\parts\HDRM_Base_2_Left.SLDPRT,85247,A9ECF7CC10DCB8573C48EB2451DB1E1327B37B45D845F9687FDAFDDD8052FF4B,False
V2_2_NATIVE_CANONICAL_SOURCE,READ_ONLY_ACCEPTED_BASELINE,F:\China Graduate Future Flight Vehicle Innovation Competition\20_engineering\cad\Space_Embodied_Robot_CAD_V2_2_NATIVE\05_Solar_Array_Root_Left\parts\HDRM_Rod_1_Left.SLDPRT,05_Solar_Array_Root_Left/parts/HDRM_Rod_1_Left.SLDPRT,,82860,C40E05E591611CF536A28CAC9DDAB17819986E6566C132315934C78A6C8C02F0,False
B51_V2_2_NATIVE_CANONICAL_COPY,READ_ONLY_CANDIDATE_DONOR_COPY,F:\China Graduate Future Flight Vehicle Innovation Competition\20_engineering\cad\B5_1_B601_interface_closure_candidate\00_BASELINE_DONORS\V2_2_NATIVE_CANONICAL_108_FILE_COPY\05_Solar_Array_Root_Left\parts\HDRM_Rod_1_Left.SLDPRT,05_Solar_Array_Root_Left/parts/HDRM_Rod_1_Left.SLDPRT,F:\China Graduate Future Flight Vehicle Innovation Competition\20_engineering\cad\Space_Embodied_Robot_CAD_V2_2_NATIVE\05_Solar_Array_Root_Left\parts\HDRM_Rod_1_Left.SLDPRT,82860,C40E05E591611CF536A28CAC9DDAB17819986E6566C132315934C78A6C8C02F0,False
V2_2_NATIVE_CANONICAL_SOURCE,READ_ONLY_ACCEPTED_BASELINE,F:\China Graduate Future Flight Vehicle Innovation Competition\20_engineering\cad\Space_Embodied_Robot_CAD_V2_2_NATIVE\05_Solar_Array_Root_Left\parts\HDRM_Rod_2_Left.SLDPRT,05_Solar_Array_Root_Left/parts/HDRM_Rod_2_Left.SLDPRT,,82269,7C297FE7F2EC6B3363DBD5D7986F32D988D13F84A0F97001C3BD76FC26983428,False
B51_V2_2_NATIVE_CANONICAL_COPY,READ_ONLY_CANDIDATE_DONOR_COPY,F:\China Graduate Future Flight Vehicle Innovation Competition\20_engineering\cad\B5_1_B601_interface_closure_candidate\00_BASELINE_DONORS\V2_2_NATIVE_CANONICAL_108_FILE_COPY\05_Solar_Array_Root_Left\parts\HDRM_Rod_2_Left.SLDPRT,05_Solar_Array_Root_Left/parts/HDRM_Rod_2_Left.SLDPRT,F:\China Graduate Future Flight Vehicle Innovation Competition\20_engineering\cad\Space_Embodied_Robot_CAD_V2_2_NATIVE\05_Solar_Array_Root_Left\parts\HDRM_Rod_2_Left.SLDPRT,82269,7C297FE7F2EC6B3363DBD5D7986F32D988D13F84A0F97001C3BD76FC26983428,False
V2_2_NATIVE_CANONICAL_SOURCE,READ_ONLY_ACCEPTED_BASELINE,F:\China Graduate Future Flight Vehicle Innovation Competition\20_engineering\cad\Space_Embodied_Robot_CAD_V2_2_NATIVE\05_Solar_Array_Root_Left\parts\Hard_Stop_Left.SLDPRT,05_Solar_Array_Root_Left/parts/Hard_Stop_Left.SLDPRT,,83555,7E85674A08506F771130087EB0E705FCA1B0C2CB529816CE2EAA0932529B4C47,False
B51_V2_2_NATIVE_CANONICAL_COPY,READ_ONLY_CANDIDATE_DONOR_COPY,F:\China Graduate Future Flight Vehicle Innovation Competition\20_engineering\cad\B5_1_B601_interface_closure_candidate\00_BASELINE_DONORS\V2_2_NATIVE_CANONICAL_108_FILE_COPY\05_Solar_Array_Root_Left\parts\Hard_Stop_Left.SLDPRT,05_Solar_Array_Root_Left/parts/Hard_Stop_Left.SLDPRT,F:\China Graduate Future Flight Vehicle Innovation Competition\20_engineering\cad\Space_Embodied_Robot_CAD_V2_2_NATIVE\05_Solar_Array_Root_Left\parts\Hard_Stop_Left.SLDPRT,83555,7E85674A08506F771130087EB0E705FCA1B0C2CB529816CE2EAA0932529B4C47,False
V2_2_NATIVE_CANONICAL_SOURCE,READ_ONLY_ACCEPTED_BASELINE,F:\China Graduate Future Flight Vehicle Innovation Competition\20_engineering\cad\Space_Embodied_Robot_CAD_V2_2_NATIVE\05_Solar_Array_Root_Left\parts\Harness_Service_Loop_Left.SLDPRT,05_Solar_Array_Root_Left/parts/Harness_Service_Loop_Left.SLDPRT,,82003,8622257C5DFE7E9DAA9C9A471BB206D2D7257F7A55D9B8FBEA24FE6CD818BAE2,False
B51_V2_2_NATIVE_CANONICAL_COPY,READ_ONLY_CANDIDATE_DONOR_COPY,F:\China Graduate Future Flight Vehicle Innovation Competition\20_engineering\cad\B5_1_B601_interface_closure_candidate\00_BASELINE_DONORS\V2_2_NATIVE_CANONICAL_108_FILE_COPY\05_Solar_Array_Root_Left\parts\Harness_Service_Loop_Left.SLDPRT,05_Solar_Array_Root_Left/parts/Harness_Service_Loop_Left.SLDPRT,F:\China Graduate Future Flight Vehicle Innovation Competition\20_engineering\cad\Space_Embodied_Robot_CAD_V2_2_NATIVE\05_Solar_Array_Root_Left\parts\Harness_Service_Loop_Left.SLDPRT,82003,8622257C5DFE7E9DAA9C9A471BB206D2D7257F7A55D9B8FBEA24FE6CD818BAE2,False
V2_2_NATIVE_CANONICAL_SOURCE,READ_ONLY_ACCEPTED_BASELINE,F:\China Graduate Future Flight Vehicle Innovation Competition\20_engineering\cad\Space_Embodied_Robot_CAD_V2_2_NATIVE\05_Solar_Array_Root_Left\parts\Hinge_Ear_1_Left.SLDPRT,05_Solar_Array_Root_Left/parts/Hinge_Ear_1_Left.SLDPRT,,92721,71E258C4E33B19F35FCB1D7BDD79D3791675FBFD3A16F67F22696E09ADB7D704,False
B51_V2_2_NATIVE_CANONICAL_COPY,READ_ONLY_CANDIDATE_DONOR_COPY,F:\China Graduate Future Flight Vehicle Innovation Competition\20_engineering\cad\B5_1_B601_interface_closure_candidate\00_BASELINE_DONORS\V2_2_NATIVE_CANONICAL_108_FILE_COPY\05_Solar_Array_Root_Left\parts\Hinge_Ear_1_Left.SLDPRT,05_Solar_Array_Root_Left/parts/Hinge_Ear_1_Left.SLDPRT,F:\China Graduate Future Flight Vehicle Innovation Competition\20_engineering\cad\Space_Embodied_Robot_CAD_V2_2_NATIVE\05_Solar_Array_Root_Left\parts\Hinge_Ear_1_Left.SLDPRT,92721,71E258C4E33B19F35FCB1D7BDD79D3791675FBFD3A16F67F22696E09ADB7D704,False
V2_2_NATIVE_CANONICAL_SOURCE,READ_ONLY_ACCEPTED_BASELINE,F:\China Graduate Future Flight Vehicle Innovation Competition\20_engineering\cad\Space_Embodied_Robot_CAD_V2_2_NATIVE\05_Solar_Array_Root_Left\parts\Hinge_Ear_2_Left.SLDPRT,05_Solar_Array_Root_Left/parts/Hinge_Ear_2_Left.SLDPRT,,93706,D0ED42537E9DE4EDF137C48A7162523DC79F0B01C47B9D2A997B26D7C8C4B712,False
B51_V2_2_NATIVE_CANONICAL_COPY,READ_ONLY_CANDIDATE_DONOR_COPY,F:\China Graduate Future Flight Vehicle Innovation Competition\20_engineering\cad\B5_1_B601_interface_closure_candidate\00_BASELINE_DONORS\V2_2_NATIVE_CANONICAL_108_FILE_COPY\05_Solar_Array_Root_Left\parts\Hinge_Ear_2_Left.SLDPRT,05_Solar_Array_Root_Left/parts/Hinge_Ear_2_Left.SLDPRT,F:\China Graduate Future Flight Vehicle Innovation Competition\20_engineering\cad\Space_Embodied_Robot_CAD_V2_2_NATIVE\05_Solar_Array_Root_Left\parts\Hinge_Ear_2_Left.SLDPRT,93706,D0ED42537E9DE4EDF137C48A7162523DC79F0B01C47B9D2A997B26D7C8C4B712,False
V2_2_NATIVE_CANONICAL_SOURCE,READ_ONLY_ACCEPTED_BASELINE,F:\China Graduate Future Flight Vehicle Innovation Competition\20_engineering\cad\Space_Embodied_Robot_CAD_V2_2_NATIVE\05_Solar_Array_Root_Left\parts\Hinge_Pin_Left.SLDPRT,05_Solar_Array_Root_Left/parts/Hinge_Pin_Left.SLDPRT,,80281,56CC018D8B38F0AA5390352700DBF45401164BEA816122CCD752AFCE8540B8A3,False
B51_V2_2_NATIVE_CANONICAL_COPY,READ_ONLY_CANDIDATE_DONOR_COPY,F:\China Graduate Future Flight Vehicle Innovation Competition\20_engineering\cad\B5_1_B601_interface_closure_candidate\00_BASELINE_DONORS\V2_2_NATIVE_CANONICAL_108_FILE_COPY\05_Solar_Array_Root_Left\parts\Hinge_Pin_Left.SLDPRT,05_Solar_Array_Root_Left/parts/Hinge_Pin_Left.SLDPRT,F:\China Graduate Future Flight Vehicle Innovation Competition\20_engineering\cad\Space_Embodied_Robot_CAD_V2_2_NATIVE\05_Solar_Array_Root_Left\parts\Hinge_Pin_Left.SLDPRT,80281,56CC018D8B38F0AA5390352700DBF45401164BEA816122CCD752AFCE8540B8A3,False
V2_2_NATIVE_CANONICAL_SOURCE,READ_ONLY_ACCEPTED_BASELINE,F:\China Graduate Future Flight Vehicle Innovation Competition\20_engineering\cad\Space_Embodied_Robot_CAD_V2_2_NATIVE\05_Solar_Array_Root_Left\parts\Root_Base_Left.SLDPRT,05_Solar_Array_Root_Left/parts/Root_Base_Left.SLDPRT,,80825,EEBF82C2585AE1CCCF8B5E6FB5C7DA1BD47D9CDE2677DC419BC8A554C7C87B50,False
B51_V2_2_NATIVE_CANONICAL_COPY,READ_ONLY_CANDIDATE_DONOR_COPY,F:\China Graduate Future Flight Vehicle Innovation Competition\20_engineering\cad\B5_1_B601_interface_closure_candidate\00_BASELINE_DONORS\V2_2_NATIVE_CANONICAL_108_FILE_COPY\05_Solar_Array_Root_Left\parts\Root_Base_Left.SLDPRT,05_Solar_Array_Root_Left/parts/Root_Base_Left.SLDPRT,F:\China Graduate Future Flight Vehicle Innovation Competition\20_engineering\cad\Space_Embodied_Robot_CAD_V2_2_NATIVE\05_Solar_Array_Root_Left\parts\Root_Base_Left.SLDPRT,80825,EEBF82C2585AE1CCCF8B5E6FB5C7DA1BD47D9CDE2677DC419BC8A554C7C87B50,False
V2_2_NATIVE_CANONICAL_SOURCE,READ_ONLY_ACCEPTED_BASELINE,F:\China Graduate Future Flight Vehicle Innovation Competition\20_engineering\cad\Space_Embodied_Robot_CAD_V2_2_NATIVE\05_Solar_Array_Root_Left\parts\Root_Node_Spine_Left.SLDPRT,05_Solar_Array_Root_Left/parts/Root_Node_Spine_Left.SLDPRT,,67537,EA519DEF683841F10F9FD1679339405E6A9C9D0C02FF7162FFE3A1CF0438CA8B,False
B51_V2_2_NATIVE_CANONICAL_COPY,READ_ONLY_CANDIDATE_DONOR_COPY,F:\China Graduate Future Flight Vehicle Innovation Competition\20_engineering\cad\B5_1_B601_interface_closure_candidate\00_BASELINE_DONORS\V2_2_NATIVE_CANONICAL_108_FILE_COPY\05_Solar_Array_Root_Left\parts\Root_Node_Spine_Left.SLDPRT,05_Solar_Array_Root_Left/parts/Root_Node_Spine_Left.SLDPRT,F:\China Graduate Future Flight Vehicle Innovation Competition\20_engineering\cad\Space_Embodied_Robot_CAD_V2_2_NATIVE\05_Solar_Array_Root_Left\parts\Root_Node_Spine_Left.SLDPRT,67537,EA519DEF683841F10F9FD1679339405E6A9C9D0C02FF7162FFE3A1CF0438CA8B,False
V2_2_NATIVE_CANONICAL_SOURCE,READ_ONLY_ACCEPTED_BASELINE,F:\China Graduate Future Flight Vehicle Innovation Competition\20_engineering\cad\Space_Embodied_Robot_CAD_V2_2_NATIVE\05_Solar_Array_Root_Left\parts\Torsion_Spring_1_Left.SLDPRT,05_Solar_Array_Root_Left/parts/Torsion_Spring_1_Left.SLDPRT,,110838,36D2B35533FBC23AF179558733748F02165D9510F92E566D4C7634205D9D55D7,False
B51_V2_2_NATIVE_CANONICAL_COPY,READ_ONLY_CANDIDATE_DONOR_COPY,F:\China Graduate Future Flight Vehicle Innovation Competition\20_engineering\cad\B5_1_B601_interface_closure_candidate\00_BASELINE_DONORS\V2_2_NATIVE_CANONICAL_108_FILE_COPY\05_Solar_Array_Root_Left\parts\Torsion_Spring_1_Left.SLDPRT,05_Solar_Array_Root_Left/parts/Torsion_Spring_1_Left.SLDPRT,F:\China Graduate Future Flight Vehicle Innovation Competition\20_engineering\cad\Space_Embodied_Robot_CAD_V2_2_NATIVE\05_Solar_Array_Root_Left\parts\Torsion_Spring_1_Left.SLDPRT,110838,36D2B35533FBC23AF179558733748F02165D9510F92E566D4C7634205D9D55D7,False
V2_2_NATIVE_CANONICAL_SOURCE,READ_ONLY_ACCEPTED_BASELINE,F:\China Graduate Future Flight Vehicle Innovation Competition\20_engineering\cad\Space_Embodied_Robot_CAD_V2_2_NATIVE\05_Solar_Array_Root_Left\parts\Torsion_Spring_2_Left.SLDPRT,05_Solar_Array_Root_Left/parts/Torsion_Spring_2_Left.SLDPRT,,111772,365E11C3A0B57DE7D5930F3AC2CBC2099152BAB0E0CBE41BF4527F0D8DA594F7,False
B51_V2_2_NATIVE_CANONICAL_COPY,READ_ONLY_CANDIDATE_DONOR_COPY,F:\China Graduate Future Flight Vehicle Innovation Competition\20_engineering\cad\B5_1_B601_interface_closure_candidate\00_BASELINE_DONORS\V2_2_NATIVE_CANONICAL_108_FILE_COPY\05_Solar_Array_Root_Left\parts\Torsion_Spring_2_Left.SLDPRT,05_Solar_Array_Root_Left/parts/Torsion_Spring_2_Left.SLDPRT,F:\China Graduate Future Flight Vehicle Innovation Competition\20_engineering\cad\Space_Embodied_Robot_CAD_V2_2_NATIVE\05_Solar_Array_Root_Left\parts\Torsion_Spring_2_Left.SLDPRT,111772,365E11C3A0B57DE7D5930F3AC2CBC2099152BAB0E0CBE41BF4527F0D8DA594F7,False
V2_2_NATIVE_CANONICAL_SOURCE,READ_ONLY_ACCEPTED_BASELINE,F:\China Graduate Future Flight Vehicle Innovation Competition\20_engineering\cad\Space_Embodied_Robot_CAD_V2_2_NATIVE\06_Solar_Array_Root_Right\06_Solar_Array_Root_Right.SLDASM,06_Solar_Array_Root_Right/06_Solar_Array_Root_Right.SLDASM,,89897,B963DAAD59C08EA6E7BBF5C4E577E60EF974F1D538E3C1EC78314E465764588B,False
B51_V2_2_NATIVE_CANONICAL_COPY,READ_ONLY_CANDIDATE_DONOR_COPY,F:\China Graduate Future Flight Vehicle Innovation Competition\20_engineering\cad\B5_1_B601_interface_closure_candidate\00_BASELINE_DONORS\V2_2_NATIVE_CANONICAL_108_FILE_COPY\06_Solar_Array_Root_Right\06_Solar_Array_Root_Right.SLDASM,06_Solar_Array_Root_Right/06_Solar_Array_Root_Right.SLDASM,F:\China Graduate Future Flight Vehicle Innovation Competition\20_engineering\cad\Space_Embodied_Robot_CAD_V2_2_NATIVE\06_Solar_Array_Root_Right\06_Solar_Array_Root_Right.SLDASM,89897,B963DAAD59C08EA6E7BBF5C4E577E60EF974F1D538E3C1EC78314E465764588B,False
V2_2_NATIVE_CANONICAL_SOURCE,READ_ONLY_ACCEPTED_BASELINE,F:\China Graduate Future Flight Vehicle Innovation Competition\20_engineering\cad\Space_Embodied_Robot_CAD_V2_2_NATIVE\06_Solar_Array_Root_Right\parts\HDRM_Base_1_Right.SLDPRT,06_Solar_Array_Root_Right/parts/HDRM_Base_1_Right.SLDPRT,,85007,4CA4B8686489C9E1B2A0F58C98CA89061424ACF51AE0B018FD0E37ECF1B0ABAC,False
B51_V2_2_NATIVE_CANONICAL_COPY,READ_ONLY_CANDIDATE_DONOR_COPY,F:\China Graduate Future Flight Vehicle Innovation Competition\20_engineering\cad\B5_1_B601_interface_closure_candidate\00_BASELINE_DONORS\V2_2_NATIVE_CANONICAL_108_FILE_COPY\06_Solar_Array_Root_Right\parts\HDRM_Base_1_Right.SLDPRT,06_Solar_Array_Root_Right/parts/HDRM_Base_1_Right.SLDPRT,F:\China Graduate Future Flight Vehicle Innovation Competition\20_engineering\cad\Space_Embodied_Robot_CAD_V2_2_NATIVE\06_Solar_Array_Root_Right\parts\HDRM_Base_1_Right.SLDPRT,85007,4CA4B8686489C9E1B2A0F58C98CA89061424ACF51AE0B018FD0E37ECF1B0ABAC,False
V2_2_NATIVE_CANONICAL_SOURCE,READ_ONLY_ACCEPTED_BASELINE,F:\China Graduate Future Flight Vehicle Innovation Competition\20_engineering\cad\Space_Embodied_Robot_CAD_V2_2_NATIVE\06_Solar_Array_Root_Right\parts\HDRM_Base_2_Right.SLDPRT,06_Solar_Array_Root_Right/parts/HDRM_Base_2_Right.SLDPRT,,86550,82CD165D7AD5D6349317F98E1268E430811833A7841EE8C3F14DAD98D7676378,False
B51_V2_2_NATIVE_CANONICAL_COPY,READ_ONLY_CANDIDATE_DONOR_COPY,F:\China Graduate Future Flight Vehicle Innovation Competition\20_engineering\cad\B5_1_B601_interface_closure_candidate\00_BASELINE_DONORS\V2_2_NATIVE_CANONICAL_108_FILE_COPY\06_Solar_Array_Root_Right\parts\HDRM_Base_2_Right.SLDPRT,06_Solar_Array_Root_Right/parts/HDRM_Base_2_Right.SLDPRT,F:\China Graduate Future Flight Vehicle Innovation Competition\20_engineering\cad\Space_Embodied_Robot_CAD_V2_2_NATIVE\06_Solar_Array_Root_Right\parts\HDRM_Base_2_Right.SLDPRT,86550,82CD165D7AD5D6349317F98E1268E430811833A7841EE8C3F14DAD98D7676378,False
V2_2_NATIVE_CANONICAL_SOURCE,READ_ONLY_ACCEPTED_BASELINE,F:\China Graduate Future Flight Vehicle Innovation Competition\20_engineering\cad\Space_Embodied_Robot_CAD_V2_2_NATIVE\06_Solar_Array_Root_Right\parts\HDRM_Rod_1_Right.SLDPRT,06_Solar_Array_Root_Right/parts/HDRM_Rod_1_Right.SLDPRT,,82589,9536A4C64175679B3964D654F32526545B842F6507071CBB66CF6503147CE03E,False
B51_V2_2_NATIVE_CANONICAL_COPY,READ_ONLY_CANDIDATE_DONOR_COPY,F:\China Graduate Future Flight Vehicle Innovation Competition\20_engineering\cad\B5_1_B601_interface_closure_candidate\00_BASELINE_DONORS\V2_2_NATIVE_CANONICAL_108_FILE_COPY\06_Solar_Array_Root_Right\parts\HDRM_Rod_1_Right.SLDPRT,06_Solar_Array_Root_Right/parts/HDRM_Rod_1_Right.SLDPRT,F:\China Graduate Future Flight Vehicle Innovation Competition\20_engineering\cad\Space_Embodied_Robot_CAD_V2_2_NATIVE\06_Solar_Array_Root_Right\parts\HDRM_Rod_1_Right.SLDPRT,82589,9536A4C64175679B3964D654F32526545B842F6507071CBB66CF6503147CE03E,False
V2_2_NATIVE_CANONICAL_SOURCE,READ_ONLY_ACCEPTED_BASELINE,F:\China Graduate Future Flight Vehicle Innovation Competition\20_engineering\cad\Space_Embodied_Robot_CAD_V2_2_NATIVE\06_Solar_Array_Root_Right\parts\HDRM_Rod_2_Right.SLDPRT,06_Solar_Array_Root_Right/parts/HDRM_Rod_2_Right.SLDPRT,,83539,C21824B213519A78749C57192E69BF6E48F1F957492EA98C973D2A92A7DFA491,False
B51_V2_2_NATIVE_CANONICAL_COPY,READ_ONLY_CANDIDATE_DONOR_COPY,F:\China Graduate Future Flight Vehicle Innovation Competition\20_engineering\cad\B5_1_B601_interface_closure_candidate\00_BASELINE_DONORS\V2_2_NATIVE_CANONICAL_108_FILE_COPY\06_Solar_Array_Root_Right\parts\HDRM_Rod_2_Right.SLDPRT,06_Solar_Array_Root_Right/parts/HDRM_Rod_2_Right.SLDPRT,F:\China Graduate Future Flight Vehicle Innovation Competition\20_engineering\cad\Space_Embodied_Robot_CAD_V2_2_NATIVE\06_Solar_Array_Root_Right\parts\HDRM_Rod_2_Right.SLDPRT,83539,C21824B213519A78749C57192E69BF6E48F1F957492EA98C973D2A92A7DFA491,False
V2_2_NATIVE_CANONICAL_SOURCE,READ_ONLY_ACCEPTED_BASELINE,F:\China Graduate Future Flight Vehicle Innovation Competition\20_engineering\cad\Space_Embodied_Robot_CAD_V2_2_NATIVE\06_Solar_Array_Root_Right\parts\Hard_Stop_Right.SLDPRT,06_Solar_Array_Root_Right/parts/Hard_Stop_Right.SLDPRT,,83614,63FF1F13F98919D3ABC5D3133829AE97970D0FAD0678756244909278013CF31E,False
B51_V2_2_NATIVE_CANONICAL_COPY,READ_ONLY_CANDIDATE_DONOR_COPY,F:\China Graduate Future Flight Vehicle Innovation Competition\20_engineering\cad\B5_1_B601_interface_closure_candidate\00_BASELINE_DONORS\V2_2_NATIVE_CANONICAL_108_FILE_COPY\06_Solar_Array_Root_Right\parts\Hard_Stop_Right.SLDPRT,06_Solar_Array_Root_Right/parts/Hard_Stop_Right.SLDPRT,F:\China Graduate Future Flight Vehicle Innovation Competition\20_engineering\cad\Space_Embodied_Robot_CAD_V2_2_NATIVE\06_Solar_Array_Root_Right\parts\Hard_Stop_Right.SLDPRT,83614,63FF1F13F98919D3ABC5D3133829AE97970D0FAD0678756244909278013CF31E,False
V2_2_NATIVE_CANONICAL_SOURCE,READ_ONLY_ACCEPTED_BASELINE,F:\China Graduate Future Flight Vehicle Innovation Competition\20_engineering\cad\Space_Embodied_Robot_CAD_V2_2_NATIVE\06_Solar_Array_Root_Right\parts\Harness_Service_Loop_Right.SLDPRT,06_Solar_Array_Root_Right/parts/Harness_Service_Loop_Right.SLDPRT,,82471,92107125133430F1145C340839CBD7855403C88CB7F6CDE83E6E4BC862CF7C31,False
B51_V2_2_NATIVE_CANONICAL_COPY,READ_ONLY_CANDIDATE_DONOR_COPY,F:\China Graduate Future Flight Vehicle Innovation Competition\20_engineering\cad\B5_1_B601_interface_closure_candidate\00_BASELINE_DONORS\V2_2_NATIVE_CANONICAL_108_FILE_COPY\06_Solar_Array_Root_Right\parts\Harness_Service_Loop_Right.SLDPRT,06_Solar_Array_Root_Right/parts/Harness_Service_Loop_Right.SLDPRT,F:\China Graduate Future Flight Vehicle Innovation Competition\20_engineering\cad\Space_Embodied_Robot_CAD_V2_2_NATIVE\06_Solar_Array_Root_Right\parts\Harness_Service_Loop_Right.SLDPRT,82471,92107125133430F1145C340839CBD7855403C88CB7F6CDE83E6E4BC862CF7C31,False
V2_2_NATIVE_CANONICAL_SOURCE,READ_ONLY_ACCEPTED_BASELINE,F:\China Graduate Future Flight Vehicle Innovation Competition\20_engineering\cad\Space_Embodied_Robot_CAD_V2_2_NATIVE\06_Solar_Array_Root_Right\parts\Hinge_Ear_1_Right.SLDPRT,06_Solar_Array_Root_Right/parts/Hinge_Ear_1_Right.SLDPRT,,93871,F50A45E8C985DC3C76DD6D882057DCD6708D7C401205D30737C8280854A2826C,False
B51_V2_2_NATIVE_CANONICAL_COPY,READ_ONLY_CANDIDATE_DONOR_COPY,F:\China Graduate Future Flight Vehicle Innovation Competition\20_engineering\cad\B5_1_B601_interface_closure_candidate\00_BASELINE_DONORS\V2_2_NATIVE_CANONICAL_108_FILE_COPY\06_Solar_Array_Root_Right\parts\Hinge_Ear_1_Right.SLDPRT,06_Solar_Array_Root_Right/parts/Hinge_Ear_1_Right.SLDPRT,F:\China Graduate Future Flight Vehicle Innovation Competition\20_engineering\cad\Space_Embodied_Robot_CAD_V2_2_NATIVE\06_Solar_Array_Root_Right\parts\Hinge_Ear_1_Right.SLDPRT,93871,F50A45E8C985DC3C76DD6D882057DCD6708D7C401205D30737C8280854A2826C,False
V2_2_NATIVE_CANONICAL_SOURCE,READ_ONLY_ACCEPTED_BASELINE,F:\China Graduate Future Flight Vehicle Innovation Competition\20_engineering\cad\Space_Embodied_Robot_CAD_V2_2_NATIVE\06_Solar_Array_Root_Right\parts\Hinge_Ear_2_Right.SLDPRT,06_Solar_Array_Root_Right/parts/Hinge_Ear_2_Right.SLDPRT,,95443,76F743879CA292F3C63101E40E00863E33DF8F4912388BC57AE39FB9EEDA9FA9,False
B51_V2_2_NATIVE_CANONICAL_COPY,READ_ONLY_CANDIDATE_DONOR_COPY,F:\China Graduate Future Flight Vehicle Innovation Competition\20_engineering\cad\B5_1_B601_interface_closure_candidate\00_BASELINE_DONORS\V2_2_NATIVE_CANONICAL_108_FILE_COPY\06_Solar_Array_Root_Right\parts\Hinge_Ear_2_Right.SLDPRT,06_Solar_Array_Root_Right/parts/Hinge_Ear_2_Right.SLDPRT,F:\China Graduate Future Flight Vehicle Innovation Competition\20_engineering\cad\Space_Embodied_Robot_CAD_V2_2_NATIVE\06_Solar_Array_Root_Right\parts\Hinge_Ear_2_Right.SLDPRT,95443,76F743879CA292F3C63101E40E00863E33DF8F4912388BC57AE39FB9EEDA9FA9,False
V2_2_NATIVE_CANONICAL_SOURCE,READ_ONLY_ACCEPTED_BASELINE,F:\China Graduate Future Flight Vehicle Innovation Competition\20_engineering\cad\Space_Embodied_Robot_CAD_V2_2_NATIVE\06_Solar_Array_Root_Right\parts\Hinge_Pin_Right.SLDPRT,06_Solar_Array_Root_Right/parts/Hinge_Pin_Right.SLDPRT,,80720,8935CF08C7A202E40242A73D307574CDFC6355296A0CB0ADB21BCC8F5C899AFD,False
B51_V2_2_NATIVE_CANONICAL_COPY,READ_ONLY_CANDIDATE_DONOR_COPY,F:\China Graduate Future Flight Vehicle Innovation Competition\20_engineering\cad\B5_1_B601_interface_closure_candidate\00_BASELINE_DONORS\V2_2_NATIVE_CANONICAL_108_FILE_COPY\06_Solar_Array_Root_Right\parts\Hinge_Pin_Right.SLDPRT,06_Solar_Array_Root_Right/parts/Hinge_Pin_Right.SLDPRT,F:\China Graduate Future Flight Vehicle Innovation Competition\20_engineering\cad\Space_Embodied_Robot_CAD_V2_2_NATIVE\06_Solar_Array_Root_Right\parts\Hinge_Pin_Right.SLDPRT,80720,8935CF08C7A202E40242A73D307574CDFC6355296A0CB0ADB21BCC8F5C899AFD,False
V2_2_NATIVE_CANONICAL_SOURCE,READ_ONLY_ACCEPTED_BASELINE,F:\China Graduate Future Flight Vehicle Innovation Competition\20_engineering\cad\Space_Embodied_Robot_CAD_V2_2_NATIVE\06_Solar_Array_Root_Right\parts\Root_Base_Right.SLDPRT,06_Solar_Array_Root_Right/parts/Root_Base_Right.SLDPRT,,81359,4C866F49B4D54BCA1C9C1CB58FBA515153B33E8211B1D3E158E92E9AE3A864FA,False
B51_V2_2_NATIVE_CANONICAL_COPY,READ_ONLY_CANDIDATE_DONOR_COPY,F:\China Graduate Future Flight Vehicle Innovation Competition\20_engineering\cad\B5_1_B601_interface_closure_candidate\00_BASELINE_DONORS\V2_2_NATIVE_CANONICAL_108_FILE_COPY\06_Solar_Array_Root_Right\parts\Root_Base_Right.SLDPRT,06_Solar_Array_Root_Right/parts/Root_Base_Right.SLDPRT,F:\China Graduate Future Flight Vehicle Innovation Competition\20_engineering\cad\Space_Embodied_Robot_CAD_V2_2_NATIVE\06_Solar_Array_Root_Right\parts\Root_Base_Right.SLDPRT,81359,4C866F49B4D54BCA1C9C1CB58FBA515153B33E8211B1D3E158E92E9AE3A864FA,False
V2_2_NATIVE_CANONICAL_SOURCE,READ_ONLY_ACCEPTED_BASELINE,F:\China Graduate Future Flight Vehicle Innovation Competition\20_engineering\cad\Space_Embodied_Robot_CAD_V2_2_NATIVE\06_Solar_Array_Root_Right\parts\Root_Node_Spine_Right.SLDPRT,06_Solar_Array_Root_Right/parts/Root_Node_Spine_Right.SLDPRT,,66519,45DAA2FD5CBAC54728B22A19648C5C13A71F3D9760DAABD93ED170D0EB76AB97,False
B51_V2_2_NATIVE_CANONICAL_COPY,READ_ONLY_CANDIDATE_DONOR_COPY,F:\China Graduate Future Flight Vehicle Innovation Competition\20_engineering\cad\B5_1_B601_interface_closure_candidate\00_BASELINE_DONORS\V2_2_NATIVE_CANONICAL_108_FILE_COPY\06_Solar_Array_Root_Right\parts\Root_Node_Spine_Right.SLDPRT,06_Solar_Array_Root_Right/parts/Root_Node_Spine_Right.SLDPRT,F:\China Graduate Future Flight Vehicle Innovation Competition\20_engineering\cad\Space_Embodied_Robot_CAD_V2_2_NATIVE\06_Solar_Array_Root_Right\parts\Root_Node_Spine_Right.SLDPRT,66519,45DAA2FD5CBAC54728B22A19648C5C13A71F3D9760DAABD93ED170D0EB76AB97,False
V2_2_NATIVE_CANONICAL_SOURCE,READ_ONLY_ACCEPTED_BASELINE,F:\China Graduate Future Flight Vehicle Innovation Competition\20_engineering\cad\Space_Embodied_Robot_CAD_V2_2_NATIVE\06_Solar_Array_Root_Right\parts\Torsion_Spring_1_Right.SLDPRT,06_Solar_Array_Root_Right/parts/Torsion_Spring_1_Right.SLDPRT,,111072,BEB17DC196CB8D9C5BAAA33FDC6AC1268E5DB7DAF8F0377E411817ED66F8F590,False
B51_V2_2_NATIVE_CANONICAL_COPY,READ_ONLY_CANDIDATE_DONOR_COPY,F:\China Graduate Future Flight Vehicle Innovation Competition\20_engineering\cad\B5_1_B601_interface_closure_candidate\00_BASELINE_DONORS\V2_2_NATIVE_CANONICAL_108_FILE_COPY\06_Solar_Array_Root_Right\parts\Torsion_Spring_1_Right.SLDPRT,06_Solar_Array_Root_Right/parts/Torsion_Spring_1_Right.SLDPRT,F:\China Graduate Future Flight Vehicle Innovation Competition\20_engineering\cad\Space_Embodied_Robot_CAD_V2_2_NATIVE\06_Solar_Array_Root_Right\parts\Torsion_Spring_1_Right.SLDPRT,111072,BEB17DC196CB8D9C5BAAA33FDC6AC1268E5DB7DAF8F0377E411817ED66F8F590,False
V2_2_NATIVE_CANONICAL_SOURCE,READ_ONLY_ACCEPTED_BASELINE,F:\China Graduate Future Flight Vehicle Innovation Competition\20_engineering\cad\Space_Embodied_Robot_CAD_V2_2_NATIVE\06_Solar_Array_Root_Right\parts\Torsion_Spring_2_Right.SLDPRT,06_Solar_Array_Root_Right/parts/Torsion_Spring_2_Right.SLDPRT,,111683,7FE2B4A0C074CA49F6A8DB69F2F023B50CDA142E2EF43D959F475EA2A30E1256,False
B51_V2_2_NATIVE_CANONICAL_COPY,READ_ONLY_CANDIDATE_DONOR_COPY,F:\China Graduate Future Flight Vehicle Innovation Competition\20_engineering\cad\B5_1_B601_interface_closure_candidate\00_BASELINE_DONORS\V2_2_NATIVE_CANONICAL_108_FILE_COPY\06_Solar_Array_Root_Right\parts\Torsion_Spring_2_Right.SLDPRT,06_Solar_Array_Root_Right/parts/Torsion_Spring_2_Right.SLDPRT,F:\China Graduate Future Flight Vehicle Innovation Competition\20_engineering\cad\Space_Embodied_Robot_CAD_V2_2_NATIVE\06_Solar_Array_Root_Right\parts\Torsion_Spring_2_Right.SLDPRT,111683,7FE2B4A0C074CA49F6A8DB69F2F023B50CDA142E2EF43D959F475EA2A30E1256,False
V2_2_NATIVE_CANONICAL_SOURCE,READ_ONLY_ACCEPTED_BASELINE,F:\China Graduate Future Flight Vehicle Innovation Competition\20_engineering\cad\Space_Embodied_Robot_CAD_V2_2_NATIVE\Assembly\Space_Embodied_Service_Spacecraft_V2_2.SLDASM,Assembly/Space_Embodied_Service_Spacecraft_V2_2.SLDASM,,705386,30C09B50A0D2967EC1F48050CAAC34D12A43565C44978D54E3785595202DEF7A,False
B51_V2_2_NATIVE_CANONICAL_COPY,READ_ONLY_CANDIDATE_DONOR_COPY,F:\China Graduate Future Flight Vehicle Innovation Competition\20_engineering\cad\B5_1_B601_interface_closure_candidate\00_BASELINE_DONORS\V2_2_NATIVE_CANONICAL_108_FILE_COPY\Assembly\Space_Embodied_Service_Spacecraft_V2_2.SLDASM,Assembly/Space_Embodied_Service_Spacecraft_V2_2.SLDASM,F:\China Graduate Future Flight Vehicle Innovation Competition\20_engineering\cad\Space_Embodied_Robot_CAD_V2_2_NATIVE\Assembly\Space_Embodied_Service_Spacecraft_V2_2.SLDASM,705386,30C09B50A0D2967EC1F48050CAAC34D12A43565C44978D54E3785595202DEF7A,False
V2_2_NATIVE_CANONICAL_SOURCE,READ_ONLY_ACCEPTED_BASELINE,F:\China Graduate Future Flight Vehicle Innovation Competition\20_engineering\cad\Space_Embodied_Robot_CAD_V2_2_NATIVE\CODEX_CONTINUATION_RECONCILIATION.md,CODEX_CONTINUATION_RECONCILIATION.md,,8509,B3A476D054A93EA91459C39B4CEE40A816B73E7006D5D85325EBCDD344A3850B,False
B51_V2_2_NATIVE_CANONICAL_COPY,READ_ONLY_CANDIDATE_DONOR_COPY,F:\China Graduate Future Flight Vehicle Innovation Competition\20_engineering\cad\B5_1_B601_interface_closure_candidate\00_BASELINE_DONORS\V2_2_NATIVE_CANONICAL_108_FILE_COPY\CODEX_CONTINUATION_RECONCILIATION.md,CODEX_CONTINUATION_RECONCILIATION.md,F:\China Graduate Future Flight Vehicle Innovation Competition\20_engineering\cad\Space_Embodied_Robot_CAD_V2_2_NATIVE\CODEX_CONTINUATION_RECONCILIATION.md,8509,B3A476D054A93EA91459C39B4CEE40A816B73E7006D5D85325EBCDD344A3850B,False
V2_2_NATIVE_CANONICAL_SOURCE,READ_ONLY_ACCEPTED_BASELINE,F:\China Graduate Future Flight Vehicle Innovation Competition\20_engineering\cad\Space_Embodied_Robot_CAD_V2_2_NATIVE\O11_CLOCKING_ADJUDICATION_REPORT.md,O11_CLOCKING_ADJUDICATION_REPORT.md,,5196,AF7D4125747AD719E3D8222C05ADC96B501CB5EEA9DC7E2332E8C5A04C8379BB,False
B51_V2_2_NATIVE_CANONICAL_COPY,READ_ONLY_CANDIDATE_DONOR_COPY,F:\China Graduate Future Flight Vehicle Innovation Competition\20_engineering\cad\B5_1_B601_interface_closure_candidate\00_BASELINE_DONORS\V2_2_NATIVE_CANONICAL_108_FILE_COPY\O11_CLOCKING_ADJUDICATION_REPORT.md,O11_CLOCKING_ADJUDICATION_REPORT.md,F:\China Graduate Future Flight Vehicle Innovation Competition\20_engineering\cad\Space_Embodied_Robot_CAD_V2_2_NATIVE\O11_CLOCKING_ADJUDICATION_REPORT.md,5196,AF7D4125747AD719E3D8222C05ADC96B501CB5EEA9DC7E2332E8C5A04C8379BB,False
V2_2_NATIVE_CANONICAL_SOURCE,READ_ONLY_ACCEPTED_BASELINE,F:\China Graduate Future Flight Vehicle Innovation Competition\20_engineering\cad\Space_Embodied_Robot_CAD_V2_2_NATIVE\O13_STOW_VECTOR_V3_REPORT.md,O13_STOW_VECTOR_V3_REPORT.md,,4547,69FDA449F55C9063CE38D08C7DAFCD783A967A3FA1E7B0C3F20DD495343837AD,False
B51_V2_2_NATIVE_CANONICAL_COPY,READ_ONLY_CANDIDATE_DONOR_COPY,F:\China Graduate Future Flight Vehicle Innovation Competition\20_engineering\cad\B5_1_B601_interface_closure_candidate\00_BASELINE_DONORS\V2_2_NATIVE_CANONICAL_108_FILE_COPY\O13_STOW_VECTOR_V3_REPORT.md,O13_STOW_VECTOR_V3_REPORT.md,F:\China Graduate Future Flight Vehicle Innovation Competition\20_engineering\cad\Space_Embodied_Robot_CAD_V2_2_NATIVE\O13_STOW_VECTOR_V3_REPORT.md,4547,69FDA449F55C9063CE38D08C7DAFCD783A967A3FA1E7B0C3F20DD495343837AD,False
V2_2_NATIVE_CANONICAL_SOURCE,READ_ONLY_ACCEPTED_BASELINE,F:\China Graduate Future Flight Vehicle Innovation Competition\20_engineering\cad\Space_Embodied_Robot_CAD_V2_2_NATIVE\SOURCES_AND_LICENSES.md,SOURCES_AND_LICENSES.md,,1889,F4C88D95F875EB28C96364745A1EE707313A981E294F1E51EB37F54E9B24299E,False
B51_V2_2_NATIVE_CANONICAL_COPY,READ_ONLY_CANDIDATE_DONOR_COPY,F:\China Graduate Future Flight Vehicle Innovation Competition\20_engineering\cad\B5_1_B601_interface_closure_candidate\00_BASELINE_DONORS\V2_2_NATIVE_CANONICAL_108_FILE_COPY\SOURCES_AND_LICENSES.md,SOURCES_AND_LICENSES.md,F:\China Graduate Future Flight Vehicle Innovation Competition\20_engineering\cad\Space_Embodied_Robot_CAD_V2_2_NATIVE\SOURCES_AND_LICENSES.md,1889,F4C88D95F875EB28C96364745A1EE707313A981E294F1E51EB37F54E9B24299E,False
V2_2_NATIVE_CANONICAL_SOURCE,READ_ONLY_ACCEPTED_BASELINE,F:\China Graduate Future Flight Vehicle Innovation Competition\20_engineering\cad\Space_Embodied_Robot_CAD_V2_2_NATIVE\V22_NATIVE01_PHASE1_REPORT.md,V22_NATIVE01_PHASE1_REPORT.md,,7341,993F2839A0FC029FC121A290A327519B42CF8DFA9DF9E4957CA30EA2686A5559,False
B51_V2_2_NATIVE_CANONICAL_COPY,READ_ONLY_CANDIDATE_DONOR_COPY,F:\China Graduate Future Flight Vehicle Innovation Competition\20_engineering\cad\B5_1_B601_interface_closure_candidate\00_BASELINE_DONORS\V2_2_NATIVE_CANONICAL_108_FILE_COPY\V22_NATIVE01_PHASE1_REPORT.md,V22_NATIVE01_PHASE1_REPORT.md,F:\China Graduate Future Flight Vehicle Innovation Competition\20_engineering\cad\Space_Embodied_Robot_CAD_V2_2_NATIVE\V22_NATIVE01_PHASE1_REPORT.md,7341,993F2839A0FC029FC121A290A327519B42CF8DFA9DF9E4957CA30EA2686A5559,False
V2_2_NATIVE_CANONICAL_SOURCE,READ_ONLY_ACCEPTED_BASELINE,F:\China Graduate Future Flight Vehicle Innovation Competition\20_engineering\cad\Space_Embodied_Robot_CAD_V2_2_NATIVE\automation\build_drawings.py,automation/build_drawings.py,,9079,7AB0E78538D8BA74D04EC79D604F2E24CA53E54AA53A799F805F8E829D360E58,False
B51_V2_2_NATIVE_CANONICAL_COPY,READ_ONLY_CANDIDATE_DONOR_COPY,F:\China Graduate Future Flight Vehicle Innovation Competition\20_engineering\cad\B5_1_B601_interface_closure_candidate\00_BASELINE_DONORS\V2_2_NATIVE_CANONICAL_108_FILE_COPY\automation\build_drawings.py,automation/build_drawings.py,F:\China Graduate Future Flight Vehicle Innovation Competition\20_engineering\cad\Space_Embodied_Robot_CAD_V2_2_NATIVE\automation\build_drawings.py,9079,7AB0E78538D8BA74D04EC79D604F2E24CA53E54AA53A799F805F8E829D360E58,False
V2_2_NATIVE_CANONICAL_SOURCE,READ_ONLY_ACCEPTED_BASELINE,F:\China Graduate Future Flight Vehicle Innovation Competition\20_engineering\cad\Space_Embodied_Robot_CAD_V2_2_NATIVE\automation\build_native.py,automation/build_native.py,,35077,199B659A84A18DA4A78D2E31BFCA3D69166FFCE61B2B167B36E6179B32A9CF98,False
B51_V2_2_NATIVE_CANONICAL_COPY,READ_ONLY_CANDIDATE_DONOR_COPY,F:\China Graduate Future Flight Vehicle Innovation Competition\20_engineering\cad\B5_1_B601_interface_closure_candidate\00_BASELINE_DONORS\V2_2_NATIVE_CANONICAL_108_FILE_COPY\automation\build_native.py,automation/build_native.py,F:\China Graduate Future Flight Vehicle Innovation Competition\20_engineering\cad\Space_Embodied_Robot_CAD_V2_2_NATIVE\automation\build_native.py,35077,199B659A84A18DA4A78D2E31BFCA3D69166FFCE61B2B167B36E6179B32A9CF98,False
V2_2_NATIVE_CANONICAL_SOURCE,READ_ONLY_ACCEPTED_BASELINE,F:\China Graduate Future Flight Vehicle Innovation Competition\20_engineering\cad\Space_Embodied_Robot_CAD_V2_2_NATIVE\automation\export_and_render.py,automation/export_and_render.py,,6032,C47376EE6BD72BA82D772DE6F91CF966F2AB8523525EE83C693EF2D3122ADC4A,False
B51_V2_2_NATIVE_CANONICAL_COPY,READ_ONLY_CANDIDATE_DONOR_COPY,F:\China Graduate Future Flight Vehicle Innovation Competition\20_engineering\cad\B5_1_B601_interface_closure_candidate\00_BASELINE_DONORS\V2_2_NATIVE_CANONICAL_108_FILE_COPY\automation\export_and_render.py,automation/export_and_render.py,F:\China Graduate Future Flight Vehicle Innovation Competition\20_engineering\cad\Space_Embodied_Robot_CAD_V2_2_NATIVE\automation\export_and_render.py,6032,C47376EE6BD72BA82D772DE6F91CF966F2AB8523525EE83C693EF2D3122ADC4A,False
V2_2_NATIVE_CANONICAL_SOURCE,READ_ONLY_ACCEPTED_BASELINE,F:\China Graduate Future Flight Vehicle Innovation Competition\20_engineering\cad\Space_Embodied_Robot_CAD_V2_2_NATIVE\automation\finalize_native.py,automation/finalize_native.py,,6284,C7D0FF023A6B0879FC1B588ACEBD0F95C38806BF92DD2FEC0A3399BE544FC89A,False
B51_V2_2_NATIVE_CANONICAL_COPY,READ_ONLY_CANDIDATE_DONOR_COPY,F:\China Graduate Future Flight Vehicle Innovation Competition\20_engineering\cad\B5_1_B601_interface_closure_candidate\00_BASELINE_DONORS\V2_2_NATIVE_CANONICAL_108_FILE_COPY\automation\finalize_native.py,automation/finalize_native.py,F:\China Graduate Future Flight Vehicle Innovation Competition\20_engineering\cad\Space_Embodied_Robot_CAD_V2_2_NATIVE\automation\finalize_native.py,6284,C7D0FF023A6B0879FC1B588ACEBD0F95C38806BF92DD2FEC0A3399BE544FC89A,False
V2_2_NATIVE_CANONICAL_SOURCE,READ_ONLY_ACCEPTED_BASELINE,F:\China Graduate Future Flight Vehicle Innovation Competition\20_engineering\cad\Space_Embodied_Robot_CAD_V2_2_NATIVE\automation\native_spec.py,automation/native_spec.py,,6542,7C8F8FBB819F9153DBFE4A1D0B721614467291F06ABA437E25450EB585076B61,False
B51_V2_2_NATIVE_CANONICAL_COPY,READ_ONLY_CANDIDATE_DONOR_COPY,F:\China Graduate Future Flight Vehicle Innovation Competition\20_engineering\cad\B5_1_B601_interface_closure_candidate\00_BASELINE_DONORS\V2_2_NATIVE_CANONICAL_108_FILE_COPY\automation\native_spec.py,automation/native_spec.py,F:\China Graduate Future Flight Vehicle Innovation Competition\20_engineering\cad\Space_Embodied_Robot_CAD_V2_2_NATIVE\automation\native_spec.py,6542,7C8F8FBB819F9153DBFE4A1D0B721614467291F06ABA437E25450EB585076B61,False
V2_2_NATIVE_CANONICAL_SOURCE,READ_ONLY_ACCEPTED_BASELINE,F:\China Graduate Future Flight Vehicle Innovation Competition\20_engineering\cad\Space_Embodied_Robot_CAD_V2_2_NATIVE\automation\o11_clocking_adjudication.py,automation/o11_clocking_adjudication.py,,16957,4AC8D80E8DADB645657C4A215A4C13BC3BC87F6228879AE528C3C6512DE48B62,False
B51_V2_2_NATIVE_CANONICAL_COPY,READ_ONLY_CANDIDATE_DONOR_COPY,F:\China Graduate Future Flight Vehicle Innovation Competition\20_engineering\cad\B5_1_B601_interface_closure_candidate\00_BASELINE_DONORS\V2_2_NATIVE_CANONICAL_108_FILE_COPY\automation\o11_clocking_adjudication.py,automation/o11_clocking_adjudication.py,F:\China Graduate Future Flight Vehicle Innovation Competition\20_engineering\cad\Space_Embodied_Robot_CAD_V2_2_NATIVE\automation\o11_clocking_adjudication.py,16957,4AC8D80E8DADB645657C4A215A4C13BC3BC87F6228879AE528C3C6512DE48B62,False
V2_2_NATIVE_CANONICAL_SOURCE,READ_ONLY_ACCEPTED_BASELINE,F:\China Graduate Future Flight Vehicle Innovation Competition\20_engineering\cad\Space_Embodied_Robot_CAD_V2_2_NATIVE\automation\o13_saddle_stations.py,automation/o13_saddle_stations.py,,3937,65D5AC83E91042D2D615529567BBEBD38847DAB10E6941070C1FE0AD24B21EF7,False
B51_V2_2_NATIVE_CANONICAL_COPY,READ_ONLY_CANDIDATE_DONOR_COPY,F:\China Graduate Future Flight Vehicle Innovation Competition\20_engineering\cad\B5_1_B601_interface_closure_candidate\00_BASELINE_DONORS\V2_2_NATIVE_CANONICAL_108_FILE_COPY\automation\o13_saddle_stations.py,automation/o13_saddle_stations.py,F:\China Graduate Future Flight Vehicle Innovation Competition\20_engineering\cad\Space_Embodied_Robot_CAD_V2_2_NATIVE\automation\o13_saddle_stations.py,3937,65D5AC83E91042D2D615529567BBEBD38847DAB10E6941070C1FE0AD24B21EF7,False
V2_2_NATIVE_CANONICAL_SOURCE,READ_ONLY_ACCEPTED_BASELINE,F:\China Graduate Future Flight Vehicle Innovation Competition\20_engineering\cad\Space_Embodied_Robot_CAD_V2_2_NATIVE\automation\o13_stow_vector_v3.py,automation/o13_stow_vector_v3.py,,11505,335D8EC710C352A4C802BA5EB4AE4DA7FCEAFB616E4C58BF9FE7C2CE28448CA0,False
B51_V2_2_NATIVE_CANONICAL_COPY,READ_ONLY_CANDIDATE_DONOR_COPY,F:\China Graduate Future Flight Vehicle Innovation Competition\20_engineering\cad\B5_1_B601_interface_closure_candidate\00_BASELINE_DONORS\V2_2_NATIVE_CANONICAL_108_FILE_COPY\automation\o13_stow_vector_v3.py,automation/o13_stow_vector_v3.py,F:\China Graduate Future Flight Vehicle Innovation Competition\20_engineering\cad\Space_Embodied_Robot_CAD_V2_2_NATIVE\automation\o13_stow_vector_v3.py,11505,335D8EC710C352A4C802BA5EB4AE4DA7FCEAFB616E4C58BF9FE7C2CE28448CA0,False
V2_2_NATIVE_CANONICAL_SOURCE,READ_ONLY_ACCEPTED_BASELINE,F:\China Graduate Future Flight Vehicle Innovation Competition\20_engineering\cad\Space_Embodied_Robot_CAD_V2_2_NATIVE\automation\patch_verdict.py,automation/patch_verdict.py,,9883,405415B9DE073CC9A25120D0F2ABB2E76B65C65D634D3490F0F93D193086AEA8,False
B51_V2_2_NATIVE_CANONICAL_COPY,READ_ONLY_CANDIDATE_DONOR_COPY,F:\China Graduate Future Flight Vehicle Innovation Competition\20_engineering\cad\B5_1_B601_interface_closure_candidate\00_BASELINE_DONORS\V2_2_NATIVE_CANONICAL_108_FILE_COPY\automation\patch_verdict.py,automation/patch_verdict.py,F:\China Graduate Future Flight Vehicle Innovation Competition\20_engineering\cad\Space_Embodied_Robot_CAD_V2_2_NATIVE\automation\patch_verdict.py,9883,405415B9DE073CC9A25120D0F2ABB2E76B65C65D634D3490F0F93D193086AEA8,False
V2_2_NATIVE_CANONICAL_SOURCE,READ_ONLY_ACCEPTED_BASELINE,F:\China Graduate Future Flight Vehicle Innovation Competition\20_engineering\cad\Space_Embodied_Robot_CAD_V2_2_NATIVE\automation\try_exploded_view.py,automation/try_exploded_view.py,,3177,D6B0313A20DC444D404808CFE3B9A03CFD977CF5EF67436609320EEED9340CC6,False
B51_V2_2_NATIVE_CANONICAL_COPY,READ_ONLY_CANDIDATE_DONOR_COPY,F:\China Graduate Future Flight Vehicle Innovation Competition\20_engineering\cad\B5_1_B601_interface_closure_candidate\00_BASELINE_DONORS\V2_2_NATIVE_CANONICAL_108_FILE_COPY\automation\try_exploded_view.py,automation/try_exploded_view.py,F:\China Graduate Future Flight Vehicle Innovation Competition\20_engineering\cad\Space_Embodied_Robot_CAD_V2_2_NATIVE\automation\try_exploded_view.py,3177,D6B0313A20DC444D404808CFE3B9A03CFD977CF5EF67436609320EEED9340CC6,False
V2_2_NATIVE_CANONICAL_SOURCE,READ_ONLY_ACCEPTED_BASELINE,F:\China Graduate Future Flight Vehicle Innovation Competition\20_engineering\cad\Space_Embodied_Robot_CAD_V2_2_NATIVE\automation\verify_native.py,automation/verify_native.py,,7112,208341763DDE7FA5B41D09635B46330D6140FD207EE8961DBC86009B62FB11CC,False
B51_V2_2_NATIVE_CANONICAL_COPY,READ_ONLY_CANDIDATE_DONOR_COPY,F:\China Graduate Future Flight Vehicle Innovation Competition\20_engineering\cad\B5_1_B601_interface_closure_candidate\00_BASELINE_DONORS\V2_2_NATIVE_CANONICAL_108_FILE_COPY\automation\verify_native.py,automation/verify_native.py,F:\China Graduate Future Flight Vehicle Innovation Competition\20_engineering\cad\Space_Embodied_Robot_CAD_V2_2_NATIVE\automation\verify_native.py,7112,208341763DDE7FA5B41D09635B46330D6140FD207EE8961DBC86009B62FB11CC,False
V2_2_NATIVE_CANONICAL_SOURCE,READ_ONLY_ACCEPTED_BASELINE,F:\China Graduate Future Flight Vehicle Innovation Competition\20_engineering\cad\Space_Embodied_Robot_CAD_V2_2_NATIVE\automation\views_native.py,automation/views_native.py,,5876,B01166FBF1AE9F63859C51A9D90A183279FD80353DC98C082D3B8B4C322FFADA,False
B51_V2_2_NATIVE_CANONICAL_COPY,READ_ONLY_CANDIDATE_DONOR_COPY,F:\China Graduate Future Flight Vehicle Innovation Competition\20_engineering\cad\B5_1_B601_interface_closure_candidate\00_BASELINE_DONORS\V2_2_NATIVE_CANONICAL_108_FILE_COPY\automation\views_native.py,automation/views_native.py,F:\China Graduate Future Flight Vehicle Innovation Competition\20_engineering\cad\Space_Embodied_Robot_CAD_V2_2_NATIVE\automation\views_native.py,5876,B01166FBF1AE9F63859C51A9D90A183279FD80353DC98C082D3B8B4C322FFADA,False
V2_2_NATIVE_CANONICAL_SOURCE,READ_ONLY_ACCEPTED_BASELINE,F:\China Graduate Future Flight Vehicle Innovation Competition\20_engineering\cad\Space_Embodied_Robot_CAD_V2_2_NATIVE\design\b601_stow_joint_vector_v3.json,design/b601_stow_joint_vector_v3.json,,14584,56D9CDBFD0EBB16AEFAA85549121F7F0E4534B2220E362873FE443E635ED31DF,False
B51_V2_2_NATIVE_CANONICAL_COPY,READ_ONLY_CANDIDATE_DONOR_COPY,F:\China Graduate Future Flight Vehicle Innovation Competition\20_engineering\cad\B5_1_B601_interface_closure_candidate\00_BASELINE_DONORS\V2_2_NATIVE_CANONICAL_108_FILE_COPY\design\b601_stow_joint_vector_v3.json,design/b601_stow_joint_vector_v3.json,F:\China Graduate Future Flight Vehicle Innovation Competition\20_engineering\cad\Space_Embodied_Robot_CAD_V2_2_NATIVE\design\b601_stow_joint_vector_v3.json,14584,56D9CDBFD0EBB16AEFAA85549121F7F0E4534B2220E362873FE443E635ED31DF,False
V2_2_NATIVE_CANONICAL_SOURCE,READ_ONLY_ACCEPTED_BASELINE,F:\China Graduate Future Flight Vehicle Innovation Competition\20_engineering\cad\Space_Embodied_Robot_CAD_V2_2_NATIVE\design\o11_clocking_adjudication.json,design/o11_clocking_adjudication.json,,12847,4233861FCFF528E5D57029D0D108DEABE2C4A9A701CDF30A81E5D2FAF1C145E3,False
B51_V2_2_NATIVE_CANONICAL_COPY,READ_ONLY_CANDIDATE_DONOR_COPY,F:\China Graduate Future Flight Vehicle Innovation Competition\20_engineering\cad\B5_1_B601_interface_closure_candidate\00_BASELINE_DONORS\V2_2_NATIVE_CANONICAL_108_FILE_COPY\design\o11_clocking_adjudication.json,design/o11_clocking_adjudication.json,F:\China Graduate Future Flight Vehicle Innovation Competition\20_engineering\cad\Space_Embodied_Robot_CAD_V2_2_NATIVE\design\o11_clocking_adjudication.json,12847,4233861FCFF528E5D57029D0D108DEABE2C4A9A701CDF30A81E5D2FAF1C145E3,False
V2_2_NATIVE_CANONICAL_SOURCE,READ_ONLY_ACCEPTED_BASELINE,F:\China Graduate Future Flight Vehicle Innovation Competition\20_engineering\cad\Space_Embodied_Robot_CAD_V2_2_NATIVE\design\o13_saddle_stations.json,design/o13_saddle_stations.json,,3937,7BB86DB49B3422981AED424876AEDD9A0FC7884D6DC8FFB0513D839B0C6A0161,False
B51_V2_2_NATIVE_CANONICAL_COPY,READ_ONLY_CANDIDATE_DONOR_COPY,F:\China Graduate Future Flight Vehicle Innovation Competition\20_engineering\cad\B5_1_B601_interface_closure_candidate\00_BASELINE_DONORS\V2_2_NATIVE_CANONICAL_108_FILE_COPY\design\o13_saddle_stations.json,design/o13_saddle_stations.json,F:\China Graduate Future Flight Vehicle Innovation Competition\20_engineering\cad\Space_Embodied_Robot_CAD_V2_2_NATIVE\design\o13_saddle_stations.json,3937,7BB86DB49B3422981AED424876AEDD9A0FC7884D6DC8FFB0513D839B0C6A0161,False
V2_2_NATIVE_CANONICAL_SOURCE,READ_ONLY_ACCEPTED_BASELINE,F:\China Graduate Future Flight Vehicle Innovation Competition\20_engineering\cad\Space_Embodied_Robot_CAD_V2_2_NATIVE\drawings\NATIVE01_MAINTENANCE.SLDDRW,drawings/NATIVE01_MAINTENANCE.SLDDRW,,110384,9600C757BA07B1C51F94ADF928C6A329629AEF59C7A3B3CDBCC5DDE904C9D2D2,False
B51_V2_2_NATIVE_CANONICAL_COPY,READ_ONLY_CANDIDATE_DONOR_COPY,F:\China Graduate Future Flight Vehicle Innovation Competition\20_engineering\cad\B5_1_B601_interface_closure_candidate\00_BASELINE_DONORS\V2_2_NATIVE_CANONICAL_108_FILE_COPY\drawings\NATIVE01_MAINTENANCE.SLDDRW,drawings/NATIVE01_MAINTENANCE.SLDDRW,F:\China Graduate Future Flight Vehicle Innovation Competition\20_engineering\cad\Space_Embodied_Robot_CAD_V2_2_NATIVE\drawings\NATIVE01_MAINTENANCE.SLDDRW,110384,9600C757BA07B1C51F94ADF928C6A329629AEF59C7A3B3CDBCC5DDE904C9D2D2,False
V2_2_NATIVE_CANONICAL_SOURCE,READ_ONLY_ACCEPTED_BASELINE,F:\China Graduate Future Flight Vehicle Innovation Competition\20_engineering\cad\Space_Embodied_Robot_CAD_V2_2_NATIVE\drawings\NATIVE01_MAINTENANCE.pdf,drawings/NATIVE01_MAINTENANCE.pdf,,48345,EED4B313D3B90FF2F1C3D0B11F783C4A3627C7AD25D2F2132ED36F96BF4D3750,False
B51_V2_2_NATIVE_CANONICAL_COPY,READ_ONLY_CANDIDATE_DONOR_COPY,F:\China Graduate Future Flight Vehicle Innovation Competition\20_engineering\cad\B5_1_B601_interface_closure_candidate\00_BASELINE_DONORS\V2_2_NATIVE_CANONICAL_108_FILE_COPY\drawings\NATIVE01_MAINTENANCE.pdf,drawings/NATIVE01_MAINTENANCE.pdf,F:\China Graduate Future Flight Vehicle Innovation Competition\20_engineering\cad\Space_Embodied_Robot_CAD_V2_2_NATIVE\drawings\NATIVE01_MAINTENANCE.pdf,48345,EED4B313D3B90FF2F1C3D0B11F783C4A3627C7AD25D2F2132ED36F96BF4D3750,False
V2_2_NATIVE_CANONICAL_SOURCE,READ_ONLY_ACCEPTED_BASELINE,F:\China Graduate Future Flight Vehicle Innovation Competition\20_engineering\cad\Space_Embodied_Robot_CAD_V2_2_NATIVE\drawings\NATIVE01_STOWED.SLDDRW,drawings/NATIVE01_STOWED.SLDDRW,,108680,73380327E07915300047DC7DFB3D625353B3D6D0AF53E48D9F75BCB266F18AD9,False
B51_V2_2_NATIVE_CANONICAL_COPY,READ_ONLY_CANDIDATE_DONOR_COPY,F:\China Graduate Future Flight Vehicle Innovation Competition\20_engineering\cad\B5_1_B601_interface_closure_candidate\00_BASELINE_DONORS\V2_2_NATIVE_CANONICAL_108_FILE_COPY\drawings\NATIVE01_STOWED.SLDDRW,drawings/NATIVE01_STOWED.SLDDRW,F:\China Graduate Future Flight Vehicle Innovation Competition\20_engineering\cad\Space_Embodied_Robot_CAD_V2_2_NATIVE\drawings\NATIVE01_STOWED.SLDDRW,108680,73380327E07915300047DC7DFB3D625353B3D6D0AF53E48D9F75BCB266F18AD9,False
V2_2_NATIVE_CANONICAL_SOURCE,READ_ONLY_ACCEPTED_BASELINE,F:\China Graduate Future Flight Vehicle Innovation Competition\20_engineering\cad\Space_Embodied_Robot_CAD_V2_2_NATIVE\drawings\NATIVE01_STOWED.pdf,drawings/NATIVE01_STOWED.pdf,,48332,BD77FEC96FD91BA731964CD0A9C11AC39F937C67B647C2A2D60EC5220DFB260D,False
B51_V2_2_NATIVE_CANONICAL_COPY,READ_ONLY_CANDIDATE_DONOR_COPY,F:\China Graduate Future Flight Vehicle Innovation Competition\20_engineering\cad\B5_1_B601_interface_closure_candidate\00_BASELINE_DONORS\V2_2_NATIVE_CANONICAL_108_FILE_COPY\drawings\NATIVE01_STOWED.pdf,drawings/NATIVE01_STOWED.pdf,F:\China Graduate Future Flight Vehicle Innovation Competition\20_engineering\cad\Space_Embodied_Robot_CAD_V2_2_NATIVE\drawings\NATIVE01_STOWED.pdf,48332,BD77FEC96FD91BA731964CD0A9C11AC39F937C67B647C2A2D60EC5220DFB260D,False
V2_2_NATIVE_CANONICAL_SOURCE,READ_ONLY_ACCEPTED_BASELINE,F:\China Graduate Future Flight Vehicle Innovation Competition\20_engineering\cad\Space_Embodied_Robot_CAD_V2_2_NATIVE\evidence\config_step_export.json,evidence/config_step_export.json,,637,BF44CEC1122FB3189095D4C383EB47C77CE463F7C71116BCF8A8E31024007062,False
B51_V2_2_NATIVE_CANONICAL_COPY,READ_ONLY_CANDIDATE_DONOR_COPY,F:\China Graduate Future Flight Vehicle Innovation Competition\20_engineering\cad\B5_1_B601_interface_closure_candidate\00_BASELINE_DONORS\V2_2_NATIVE_CANONICAL_108_FILE_COPY\evidence\config_step_export.json,evidence/config_step_export.json,F:\China Graduate Future Flight Vehicle Innovation Competition\20_engineering\cad\Space_Embodied_Robot_CAD_V2_2_NATIVE\evidence\config_step_export.json,637,BF44CEC1122FB3189095D4C383EB47C77CE463F7C71116BCF8A8E31024007062,False
V2_2_NATIVE_CANONICAL_SOURCE,READ_ONLY_ACCEPTED_BASELINE,F:\China Graduate Future Flight Vehicle Innovation Competition\20_engineering\cad\Space_Embodied_Robot_CAD_V2_2_NATIVE\evidence\config_steps\native_MAINTENANCE.step,evidence/config_steps/native_MAINTENANCE.step,,1187731,9EC0F99450EFA9639AE538229DE7B9CBF8C95C3DD272486FE6129F5E31455581,False
B51_V2_2_NATIVE_CANONICAL_COPY,READ_ONLY_CANDIDATE_DONOR_COPY,F:\China Graduate Future Flight Vehicle Innovation Competition\20_engineering\cad\B5_1_B601_interface_closure_candidate\00_BASELINE_DONORS\V2_2_NATIVE_CANONICAL_108_FILE_COPY\evidence\config_steps\native_MAINTENANCE.step,evidence/config_steps/native_MAINTENANCE.step,F:\China Graduate Future Flight Vehicle Innovation Competition\20_engineering\cad\Space_Embodied_Robot_CAD_V2_2_NATIVE\evidence\config_steps\native_MAINTENANCE.step,1187731,9EC0F99450EFA9639AE538229DE7B9CBF8C95C3DD272486FE6129F5E31455581,False
V2_2_NATIVE_CANONICAL_SOURCE,READ_ONLY_ACCEPTED_BASELINE,F:\China Graduate Future Flight Vehicle Innovation Competition\20_engineering\cad\Space_Embodied_Robot_CAD_V2_2_NATIVE\evidence\config_steps\native_STOWED.step,evidence/config_steps/native_STOWED.step,,1327993,2C3127BE58244FA8EE1BD1E3E41FF21ED67EED1DA330CBB7565914680EB7C8EA,False
B51_V2_2_NATIVE_CANONICAL_COPY,READ_ONLY_CANDIDATE_DONOR_COPY,F:\China Graduate Future Flight Vehicle Innovation Competition\20_engineering\cad\B5_1_B601_interface_closure_candidate\00_BASELINE_DONORS\V2_2_NATIVE_CANONICAL_108_FILE_COPY\evidence\config_steps\native_STOWED.step,evidence/config_steps/native_STOWED.step,F:\China Graduate Future Flight Vehicle Innovation Competition\20_engineering\cad\Space_Embodied_Robot_CAD_V2_2_NATIVE\evidence\config_steps\native_STOWED.step,1327993,2C3127BE58244FA8EE1BD1E3E41FF21ED67EED1DA330CBB7565914680EB7C8EA,False
V2_2_NATIVE_CANONICAL_SOURCE,READ_ONLY_ACCEPTED_BASELINE,F:\China Graduate Future Flight Vehicle Innovation Competition\20_engineering\cad\Space_Embodied_Robot_CAD_V2_2_NATIVE\evidence\config_steps\native_STOW_NO_CLOCK_COMPARATOR.step,evidence/config_steps/native_STOW_NO_CLOCK_COMPARATOR.step,,1187010,026B829AE1224CE4CD5DCBF9C745D9BF990FC2225FFEF1959958B10BE3F07A0F,False
B51_V2_2_NATIVE_CANONICAL_COPY,READ_ONLY_CANDIDATE_DONOR_COPY,F:\China Graduate Future Flight Vehicle Innovation Competition\20_engineering\cad\B5_1_B601_interface_closure_candidate\00_BASELINE_DONORS\V2_2_NATIVE_CANONICAL_108_FILE_COPY\evidence\config_steps\native_STOW_NO_CLOCK_COMPARATOR.step,evidence/config_steps/native_STOW_NO_CLOCK_COMPARATOR.step,F:\China Graduate Future Flight Vehicle Innovation Competition\20_engineering\cad\Space_Embodied_Robot_CAD_V2_2_NATIVE\evidence\config_steps\native_STOW_NO_CLOCK_COMPARATOR.step,1187010,026B829AE1224CE4CD5DCBF9C745D9BF990FC2225FFEF1959958B10BE3F07A0F,False
V2_2_NATIVE_CANONICAL_SOURCE,READ_ONLY_ACCEPTED_BASELINE,F:\China Graduate Future Flight Vehicle Innovation Competition\20_engineering\cad\Space_Embodied_Robot_CAD_V2_2_NATIVE\evidence\drawing_MAINTENANCE.json,evidence/drawing_MAINTENANCE.json,,1376,6971E02BF68A54B1658CB07A7F6F14B8CD916F045FAE9C060F0E79A83F5E006F,False
B51_V2_2_NATIVE_CANONICAL_COPY,READ_ONLY_CANDIDATE_DONOR_COPY,F:\China Graduate Future Flight Vehicle Innovation Competition\20_engineering\cad\B5_1_B601_interface_closure_candidate\00_BASELINE_DONORS\V2_2_NATIVE_CANONICAL_108_FILE_COPY\evidence\drawing_MAINTENANCE.json,evidence/drawing_MAINTENANCE.json,F:\China Graduate Future Flight Vehicle Innovation Competition\20_engineering\cad\Space_Embodied_Robot_CAD_V2_2_NATIVE\evidence\drawing_MAINTENANCE.json,1376,6971E02BF68A54B1658CB07A7F6F14B8CD916F045FAE9C060F0E79A83F5E006F,False
V2_2_NATIVE_CANONICAL_SOURCE,READ_ONLY_ACCEPTED_BASELINE,F:\China Graduate Future Flight Vehicle Innovation Competition\20_engineering\cad\Space_Embodied_Robot_CAD_V2_2_NATIVE\evidence\drawing_STOWED.json,evidence/drawing_STOWED.json,,1361,3DB90075D593DD47A982188C8EADC8BD253EDC9644B691DE2E15F81B6F1AFF0A,False
B51_V2_2_NATIVE_CANONICAL_COPY,READ_ONLY_CANDIDATE_DONOR_COPY,F:\China Graduate Future Flight Vehicle Innovation Competition\20_engineering\cad\B5_1_B601_interface_closure_candidate\00_BASELINE_DONORS\V2_2_NATIVE_CANONICAL_108_FILE_COPY\evidence\drawing_STOWED.json,evidence/drawing_STOWED.json,F:\China Graduate Future Flight Vehicle Innovation Competition\20_engineering\cad\Space_Embodied_Robot_CAD_V2_2_NATIVE\evidence\drawing_STOWED.json,1361,3DB90075D593DD47A982188C8EADC8BD253EDC9644B691DE2E15F81B6F1AFF0A,False
V2_2_NATIVE_CANONICAL_SOURCE,READ_ONLY_ACCEPTED_BASELINE,F:\China Graduate Future Flight Vehicle Innovation Competition\20_engineering\cad\Space_Embodied_Robot_CAD_V2_2_NATIVE\evidence\exploded_view_attempt.json,evidence/exploded_view_attempt.json,,815,BA3338F8410D0EF01DD1349BBE47F87157CA3E1A181019FE816C3D1C4F925129,False
B51_V2_2_NATIVE_CANONICAL_COPY,READ_ONLY_CANDIDATE_DONOR_COPY,F:\China Graduate Future Flight Vehicle Innovation Competition\20_engineering\cad\B5_1_B601_interface_closure_candidate\00_BASELINE_DONORS\V2_2_NATIVE_CANONICAL_108_FILE_COPY\evidence\exploded_view_attempt.json,evidence/exploded_view_attempt.json,F:\China Graduate Future Flight Vehicle Innovation Competition\20_engineering\cad\Space_Embodied_Robot_CAD_V2_2_NATIVE\evidence\exploded_view_attempt.json,815,BA3338F8410D0EF01DD1349BBE47F87157CA3E1A181019FE816C3D1C4F925129,False
V2_2_NATIVE_CANONICAL_SOURCE,READ_ONLY_ACCEPTED_BASELINE,F:\China Graduate Future Flight Vehicle Innovation Competition\20_engineering\cad\Space_Embodied_Robot_CAD_V2_2_NATIVE\evidence\native_file_manifest.json,evidence/native_file_manifest.json,,30092,539E8105CB135BEB7B09288E40CCFB0F19F8B5D97CB8EBC6D59E70394869850E,False
B51_V2_2_NATIVE_CANONICAL_COPY,READ_ONLY_CANDIDATE_DONOR_COPY,F:\China Graduate Future Flight Vehicle Innovation Competition\20_engineering\cad\B5_1_B601_interface_closure_candidate\00_BASELINE_DONORS\V2_2_NATIVE_CANONICAL_108_FILE_COPY\evidence\native_file_manifest.json,evidence/native_file_manifest.json,F:\China Graduate Future Flight Vehicle Innovation Competition\20_engineering\cad\Space_Embodied_Robot_CAD_V2_2_NATIVE\evidence\native_file_manifest.json,30092,539E8105CB135BEB7B09288E40CCFB0F19F8B5D97CB8EBC6D59E70394869850E,False
V2_2_NATIVE_CANONICAL_SOURCE,READ_ONLY_ACCEPTED_BASELINE,F:\China Graduate Future Flight Vehicle Innovation Competition\20_engineering\cad\Space_Embodied_Robot_CAD_V2_2_NATIVE\evidence\phase1_machine_verdict.json,evidence/phase1_machine_verdict.json,,10681,D0D55AB6E7E1C8E7E44B7BD693D0CED489A61CB8CD35E82125B1534217ED8F52,False
B51_V2_2_NATIVE_CANONICAL_COPY,READ_ONLY_CANDIDATE_DONOR_COPY,F:\China Graduate Future Flight Vehicle Innovation Competition\20_engineering\cad\B5_1_B601_interface_closure_candidate\00_BASELINE_DONORS\V2_2_NATIVE_CANONICAL_108_FILE_COPY\evidence\phase1_machine_verdict.json,evidence/phase1_machine_verdict.json,F:\China Graduate Future Flight Vehicle Innovation Competition\20_engineering\cad\Space_Embodied_Robot_CAD_V2_2_NATIVE\evidence\phase1_machine_verdict.json,10681,D0D55AB6E7E1C8E7E44B7BD693D0CED489A61CB8CD35E82125B1534217ED8F52,False
V2_2_NATIVE_CANONICAL_SOURCE,READ_ONLY_ACCEPTED_BASELINE,F:\China Graduate Future Flight Vehicle Innovation Competition\20_engineering\cad\Space_Embodied_Robot_CAD_V2_2_NATIVE\evidence\phase1_verify.json,evidence/phase1_verify.json,,24637,6D46356068EABC0DCC3F09325BCB95A0C5B8BAD6B619E6EC9ABAF613C0279557,False
B51_V2_2_NATIVE_CANONICAL_COPY,READ_ONLY_CANDIDATE_DONOR_COPY,F:\China Graduate Future Flight Vehicle Innovation Competition\20_engineering\cad\B5_1_B601_interface_closure_candidate\00_BASELINE_DONORS\V2_2_NATIVE_CANONICAL_108_FILE_COPY\evidence\phase1_verify.json,evidence/phase1_verify.json,F:\China Graduate Future Flight Vehicle Innovation Competition\20_engineering\cad\Space_Embodied_Robot_CAD_V2_2_NATIVE\evidence\phase1_verify.json,24637,6D46356068EABC0DCC3F09325BCB95A0C5B8BAD6B619E6EC9ABAF613C0279557,False
V2_2_NATIVE_CANONICAL_SOURCE,READ_ONLY_ACCEPTED_BASELINE,F:\China Graduate Future Flight Vehicle Innovation Competition\20_engineering\cad\Space_Embodied_Robot_CAD_V2_2_NATIVE\evidence\phase1_views.json,evidence/phase1_views.json,,3673,33561C765111841AC9D134BAAF158DD08C95B6713B8AD5934CDD0FBDF0E0DBEB,False
B51_V2_2_NATIVE_CANONICAL_COPY,READ_ONLY_CANDIDATE_DONOR_COPY,F:\China Graduate Future Flight Vehicle Innovation Competition\20_engineering\cad\B5_1_B601_interface_closure_candidate\00_BASELINE_DONORS\V2_2_NATIVE_CANONICAL_108_FILE_COPY\evidence\phase1_views.json,evidence/phase1_views.json,F:\China Graduate Future Flight Vehicle Innovation Competition\20_engineering\cad\Space_Embodied_Robot_CAD_V2_2_NATIVE\evidence\phase1_views.json,3673,33561C765111841AC9D134BAAF158DD08C95B6713B8AD5934CDD0FBDF0E0DBEB,False
V2_2_NATIVE_CANONICAL_SOURCE,READ_ONLY_ACCEPTED_BASELINE,F:\China Graduate Future Flight Vehicle Innovation Competition\20_engineering\cad\Space_Embodied_Robot_CAD_V2_2_NATIVE\views\v01_iso_stowed.png,views/v01_iso_stowed.png,,223689,5EA7E250535C8C7340E58477A0A11D0B92C655D4F6E63C1DFBED234332FA875D,False
B51_V2_2_NATIVE_CANONICAL_COPY,READ_ONLY_CANDIDATE_DONOR_COPY,F:\China Graduate Future Flight Vehicle Innovation Competition\20_engineering\cad\B5_1_B601_interface_closure_candidate\00_BASELINE_DONORS\V2_2_NATIVE_CANONICAL_108_FILE_COPY\views\v01_iso_stowed.png,views/v01_iso_stowed.png,F:\China Graduate Future Flight Vehicle Innovation Competition\20_engineering\cad\Space_Embodied_Robot_CAD_V2_2_NATIVE\views\v01_iso_stowed.png,223689,5EA7E250535C8C7340E58477A0A11D0B92C655D4F6E63C1DFBED234332FA875D,False
V2_2_NATIVE_CANONICAL_SOURCE,READ_ONLY_ACCEPTED_BASELINE,F:\China Graduate Future Flight Vehicle Innovation Competition\20_engineering\cad\Space_Embodied_Robot_CAD_V2_2_NATIVE\views\v02_front_plusX.png,views/v02_front_plusX.png,,106332,AD7B04A0A45B2BD17F1A988143A8B8D6410D5E5D7B5533E473173EBC4FFCB78D,False
B51_V2_2_NATIVE_CANONICAL_COPY,READ_ONLY_CANDIDATE_DONOR_COPY,F:\China Graduate Future Flight Vehicle Innovation Competition\20_engineering\cad\B5_1_B601_interface_closure_candidate\00_BASELINE_DONORS\V2_2_NATIVE_CANONICAL_108_FILE_COPY\views\v02_front_plusX.png,views/v02_front_plusX.png,F:\China Graduate Future Flight Vehicle Innovation Competition\20_engineering\cad\Space_Embodied_Robot_CAD_V2_2_NATIVE\views\v02_front_plusX.png,106332,AD7B04A0A45B2BD17F1A988143A8B8D6410D5E5D7B5533E473173EBC4FFCB78D,False
V2_2_NATIVE_CANONICAL_SOURCE,READ_ONLY_ACCEPTED_BASELINE,F:\China Graduate Future Flight Vehicle Innovation Competition\20_engineering\cad\Space_Embodied_Robot_CAD_V2_2_NATIVE\views\v03_top.png,views/v03_top.png,,62135,26C30781A369944A7612E5E8BE0A1FA6FC823F3700F8FDA6DCD26A6D27E2D4E2,False
B51_V2_2_NATIVE_CANONICAL_COPY,READ_ONLY_CANDIDATE_DONOR_COPY,F:\China Graduate Future Flight Vehicle Innovation Competition\20_engineering\cad\B5_1_B601_interface_closure_candidate\00_BASELINE_DONORS\V2_2_NATIVE_CANONICAL_108_FILE_COPY\views\v03_top.png,views/v03_top.png,F:\China Graduate Future Flight Vehicle Innovation Competition\20_engineering\cad\Space_Embodied_Robot_CAD_V2_2_NATIVE\views\v03_top.png,62135,26C30781A369944A7612E5E8BE0A1FA6FC823F3700F8FDA6DCD26A6D27E2D4E2,False
V2_2_NATIVE_CANONICAL_SOURCE,READ_ONLY_ACCEPTED_BASELINE,F:\China Graduate Future Flight Vehicle Innovation Competition\20_engineering\cad\Space_Embodied_Robot_CAD_V2_2_NATIVE\views\v04_right.png,views/v04_right.png,,80437,D69AEC05806AC472813C91150701CC37C45FF28BE2F743A92BEFFB7E444C39E2,False
B51_V2_2_NATIVE_CANONICAL_COPY,READ_ONLY_CANDIDATE_DONOR_COPY,F:\China Graduate Future Flight Vehicle Innovation Competition\20_engineering\cad\B5_1_B601_interface_closure_candidate\00_BASELINE_DONORS\V2_2_NATIVE_CANONICAL_108_FILE_COPY\views\v04_right.png,views/v04_right.png,F:\China Graduate Future Flight Vehicle Innovation Competition\20_engineering\cad\Space_Embodied_Robot_CAD_V2_2_NATIVE\views\v04_right.png,80437,D69AEC05806AC472813C91150701CC37C45FF28BE2F743A92BEFFB7E444C39E2,False
V2_2_NATIVE_CANONICAL_SOURCE,READ_ONLY_ACCEPTED_BASELINE,F:\China Graduate Future Flight Vehicle Innovation Competition\20_engineering\cad\Space_Embodied_Robot_CAD_V2_2_NATIVE\views\v05_section_Y0.png,views/v05_section_Y0.png,,222369,22ACAFB00B39C556F5717B1F0ABC7B389E51C7EBC0F433689585A83AC098974D,False
B51_V2_2_NATIVE_CANONICAL_COPY,READ_ONLY_CANDIDATE_DONOR_COPY,F:\China Graduate Future Flight Vehicle Innovation Competition\20_engineering\cad\B5_1_B601_interface_closure_candidate\00_BASELINE_DONORS\V2_2_NATIVE_CANONICAL_108_FILE_COPY\views\v05_section_Y0.png,views/v05_section_Y0.png,F:\China Graduate Future Flight Vehicle Innovation Competition\20_engineering\cad\Space_Embodied_Robot_CAD_V2_2_NATIVE\views\v05_section_Y0.png,222369,22ACAFB00B39C556F5717B1F0ABC7B389E51C7EBC0F433689585A83AC098974D,False
V2_2_NATIVE_CANONICAL_SOURCE,READ_ONLY_ACCEPTED_BASELINE,F:\China Graduate Future Flight Vehicle Innovation Competition\20_engineering\cad\Space_Embodied_Robot_CAD_V2_2_NATIVE\views\v06_section_Z0.png,views/v06_section_Z0.png,,214694,1DFED008FC8CC79CEF05A666500B8AA285A6C7527EBB74B44BE04ED8225DCE37,False
B51_V2_2_NATIVE_CANONICAL_COPY,READ_ONLY_CANDIDATE_DONOR_COPY,F:\China Graduate Future Flight Vehicle Innovation Competition\20_engineering\cad\B5_1_B601_interface_closure_candidate\00_BASELINE_DONORS\V2_2_NATIVE_CANONICAL_108_FILE_COPY\views\v06_section_Z0.png,views/v06_section_Z0.png,F:\China Graduate Future Flight Vehicle Innovation Competition\20_engineering\cad\Space_Embodied_Robot_CAD_V2_2_NATIVE\views\v06_section_Z0.png,214694,1DFED008FC8CC79CEF05A666500B8AA285A6C7527EBB74B44BE04ED8225DCE37,False
V2_2_NATIVE_CANONICAL_SOURCE,READ_ONLY_ACCEPTED_BASELINE,F:\China Graduate Future Flight Vehicle Innovation Competition\20_engineering\cad\Space_Embodied_Robot_CAD_V2_2_NATIVE\views\v07_section_X61.png,views/v07_section_X61.png,,111218,74E650328533EE439300F5ECE3C703BB0D98DFE3EA11B6312DBAE93535C67FAD,False
B51_V2_2_NATIVE_CANONICAL_COPY,READ_ONLY_CANDIDATE_DONOR_COPY,F:\China Graduate Future Flight Vehicle Innovation Competition\20_engineering\cad\B5_1_B601_interface_closure_candidate\00_BASELINE_DONORS\V2_2_NATIVE_CANONICAL_108_FILE_COPY\views\v07_section_X61.png,views/v07_section_X61.png,F:\China Graduate Future Flight Vehicle Innovation Competition\20_engineering\cad\Space_Embodied_Robot_CAD_V2_2_NATIVE\views\v07_section_X61.png,111218,74E650328533EE439300F5ECE3C703BB0D98DFE3EA11B6312DBAE93535C67FAD,False
V2_2_NATIVE_CANONICAL_SOURCE,READ_ONLY_ACCEPTED_BASELINE,F:\China Graduate Future Flight Vehicle Innovation Competition\20_engineering\cad\Space_Embodied_Robot_CAD_V2_2_NATIVE\views\v08_maintenance_panels_off.png,views/v08_maintenance_panels_off.png,,272175,BCFB4D30BECC2B58D645946D76D250A5A764703F8C92E2D8D095DFD619FCAA84,False
B51_V2_2_NATIVE_CANONICAL_COPY,READ_ONLY_CANDIDATE_DONOR_COPY,F:\China Graduate Future Flight Vehicle Innovation Competition\20_engineering\cad\B5_1_B601_interface_closure_candidate\00_BASELINE_DONORS\V2_2_NATIVE_CANONICAL_108_FILE_COPY\views\v08_maintenance_panels_off.png,views/v08_maintenance_panels_off.png,F:\China Graduate Future Flight Vehicle Innovation Competition\20_engineering\cad\Space_Embodied_Robot_CAD_V2_2_NATIVE\views\v08_maintenance_panels_off.png,272175,BCFB4D30BECC2B58D645946D76D250A5A764703F8C92E2D8D095DFD619FCAA84,False
V2_2_NATIVE_CANONICAL_SOURCE,READ_ONLY_ACCEPTED_BASELINE,F:\China Graduate Future Flight Vehicle Innovation Competition\20_engineering\cad\Space_Embodied_Robot_CAD_V2_2_NATIVE\views\v09_comparator_support_off.png,views/v09_comparator_support_off.png,,205104,95B733D0F8A264974D45C0B73E94C5B64D9431C3CA23D1BD92EB0D7E6B4834ED,False
B51_V2_2_NATIVE_CANONICAL_COPY,READ_ONLY_CANDIDATE_DONOR_COPY,F:\China Graduate Future Flight Vehicle Innovation Competition\20_engineering\cad\B5_1_B601_interface_closure_candidate\00_BASELINE_DONORS\V2_2_NATIVE_CANONICAL_108_FILE_COPY\views\v09_comparator_support_off.png,views/v09_comparator_support_off.png,F:\China Graduate Future Flight Vehicle Innovation Competition\20_engineering\cad\Space_Embodied_Robot_CAD_V2_2_NATIVE\views\v09_comparator_support_off.png,205104,95B733D0F8A264974D45C0B73E94C5B64D9431C3CA23D1BD92EB0D7E6B4834ED,False
V2_2_NATIVE_CANONICAL_SOURCE,READ_ONLY_ACCEPTED_BASELINE,F:\China Graduate Future Flight Vehicle Innovation Competition\20_engineering\cad\Space_Embodied_Robot_CAD_V2_2_NATIVE\views\v10_cutaway_quarter.png,views/v10_cutaway_quarter.png,,248853,E419D9D6665C9BA963D5920EE0DE0CEBE1B24050299504692275274601170C47,False
B51_V2_2_NATIVE_CANONICAL_COPY,READ_ONLY_CANDIDATE_DONOR_COPY,F:\China Graduate Future Flight Vehicle Innovation Competition\20_engineering\cad\B5_1_B601_interface_closure_candidate\00_BASELINE_DONORS\V2_2_NATIVE_CANONICAL_108_FILE_COPY\views\v10_cutaway_quarter.png,views/v10_cutaway_quarter.png,F:\China Graduate Future Flight Vehicle Innovation Competition\20_engineering\cad\Space_Embodied_Robot_CAD_V2_2_NATIVE\views\v10_cutaway_quarter.png,248853,E419D9D6665C9BA963D5920EE0DE0CEBE1B24050299504692275274601170C47,False
B5_0_ACCEPTED_CANDIDATE_SOURCE,READ_ONLY_ACCEPTED_CANDIDATE,F:\China Graduate Future Flight Vehicle Innovation Competition\20_engineering\cad\B5_0_B601_space_manipulator_candidate\00_AUDIT\audit_scan_summary.json,00_AUDIT/audit_scan_summary.json,,672,FD06A93A11057EC154BA8AD68FA61CCC6F0B094F035B35DDE01C51B039FB96B3,False
B51_B5_0_ACCEPTED_CANDIDATE_COPY,READ_ONLY_CANDIDATE_DONOR_COPY,F:\China Graduate Future Flight Vehicle Innovation Competition\20_engineering\cad\B5_1_B601_interface_closure_candidate\00_BASELINE_DONORS\B5_0_ACCEPTED_CANDIDATE_FULL_COPY\00_AUDIT\audit_scan_summary.json,00_AUDIT/audit_scan_summary.json,F:\China Graduate Future Flight Vehicle Innovation Competition\20_engineering\cad\B5_0_B601_space_manipulator_candidate\00_AUDIT\audit_scan_summary.json,672,FD06A93A11057EC154BA8AD68FA61CCC6F0B094F035B35DDE01C51B039FB96B3,False
B5_0_ACCEPTED_CANDIDATE_SOURCE,READ_ONLY_ACCEPTED_CANDIDATE,F:\China Graduate Future Flight Vehicle Innovation Competition\20_engineering\cad\B5_0_B601_space_manipulator_candidate\00_AUDIT\B601_ASSET_INVENTORY.csv,00_AUDIT/B601_ASSET_INVENTORY.csv,,9810,F58680DD5FB15D74C2AFE2B0F7A8ADCD4551555E12CAF56C0E5839AB05C55912,False
B51_B5_0_ACCEPTED_CANDIDATE_COPY,READ_ONLY_CANDIDATE_DONOR_COPY,F:\China Graduate Future Flight Vehicle Innovation Competition\20_engineering\cad\B5_1_B601_interface_closure_candidate\00_BASELINE_DONORS\B5_0_ACCEPTED_CANDIDATE_FULL_COPY\00_AUDIT\B601_ASSET_INVENTORY.csv,00_AUDIT/B601_ASSET_INVENTORY.csv,F:\China Graduate Future Flight Vehicle Innovation Competition\20_engineering\cad\B5_0_B601_space_manipulator_candidate\00_AUDIT\B601_ASSET_INVENTORY.csv,9810,F58680DD5FB15D74C2AFE2B0F7A8ADCD4551555E12CAF56C0E5839AB05C55912,False
B5_0_ACCEPTED_CANDIDATE_SOURCE,READ_ONLY_ACCEPTED_CANDIDATE,F:\China Graduate Future Flight Vehicle Innovation Competition\20_engineering\cad\B5_0_B601_space_manipulator_candidate\00_AUDIT\baseline_protected_hashes.csv,00_AUDIT/baseline_protected_hashes.csv,,14232,0332312A3EA3E8E5B629C58AE21E4ABFC606A5964B713A236623D2B251FF1333,False
B51_B5_0_ACCEPTED_CANDIDATE_COPY,READ_ONLY_CANDIDATE_DONOR_COPY,F:\China Graduate Future Flight Vehicle Innovation Competition\20_engineering\cad\B5_1_B601_interface_closure_candidate\00_BASELINE_DONORS\B5_0_ACCEPTED_CANDIDATE_FULL_COPY\00_AUDIT\baseline_protected_hashes.csv,00_AUDIT/baseline_protected_hashes.csv,F:\China Graduate Future Flight Vehicle Innovation Competition\20_engineering\cad\B5_0_B601_space_manipulator_candidate\00_AUDIT\baseline_protected_hashes.csv,14232,0332312A3EA3E8E5B629C58AE21E4ABFC606A5964B713A236623D2B251FF1333,False
B5_0_ACCEPTED_CANDIDATE_SOURCE,READ_ONLY_ACCEPTED_CANDIDATE,F:\China Graduate Future Flight Vehicle Innovation Competition\20_engineering\cad\B5_0_B601_space_manipulator_candidate\00_AUDIT\BASELINE_TRUTH_HIERARCHY.md,00_AUDIT/BASELINE_TRUTH_HIERARCHY.md,,2218,52B0415A7369D1B3312B6F11F8071750BA86A805FBFC7A1DD5F811ADCEF910E7,False
B51_B5_0_ACCEPTED_CANDIDATE_COPY,READ_ONLY_CANDIDATE_DONOR_COPY,F:\China Graduate Future Flight Vehicle Innovation Competition\20_engineering\cad\B5_1_B601_interface_closure_candidate\00_BASELINE_DONORS\B5_0_ACCEPTED_CANDIDATE_FULL_COPY\00_AUDIT\BASELINE_TRUTH_HIERARCHY.md,00_AUDIT/BASELINE_TRUTH_HIERARCHY.md,F:\China Graduate Future Flight Vehicle Innovation Competition\20_engineering\cad\B5_0_B601_space_manipulator_candidate\00_AUDIT\BASELINE_TRUTH_HIERARCHY.md,2218,52B0415A7369D1B3312B6F11F8071750BA86A805FBFC7A1DD5F811ADCEF910E7,False
B5_0_ACCEPTED_CANDIDATE_SOURCE,READ_ONLY_ACCEPTED_CANDIDATE,F:\China Graduate Future Flight Vehicle Innovation Competition\20_engineering\cad\B5_0_B601_space_manipulator_candidate\00_AUDIT\CAD_BRIEF.md,00_AUDIT/CAD_BRIEF.md,,3495,ADF571DF37537F753F76DDC9B856EA60BF33E6FB7EDCBBC89E6A0115596AD85D,False
B51_B5_0_ACCEPTED_CANDIDATE_COPY,READ_ONLY_CANDIDATE_DONOR_COPY,F:\China Graduate Future Flight Vehicle Innovation Competition\20_engineering\cad\B5_1_B601_interface_closure_candidate\00_BASELINE_DONORS\B5_0_ACCEPTED_CANDIDATE_FULL_COPY\00_AUDIT\CAD_BRIEF.md,00_AUDIT/CAD_BRIEF.md,F:\China Graduate Future Flight Vehicle Innovation Competition\20_engineering\cad\B5_0_B601_space_manipulator_candidate\00_AUDIT\CAD_BRIEF.md,3495,ADF571DF37537F753F76DDC9B856EA60BF33E6FB7EDCBBC89E6A0115596AD85D,False
B5_0_ACCEPTED_CANDIDATE_SOURCE,READ_ONLY_ACCEPTED_CANDIDATE,F:\China Graduate Future Flight Vehicle Innovation Competition\20_engineering\cad\B5_0_B601_space_manipulator_candidate\00_AUDIT\PHASE0_DECISION.md,00_AUDIT/PHASE0_DECISION.md,,1942,8E814948AB1DB8D01E978FE4772DE3974E312350B56026CB5018FB6D80DEFA21,False
B51_B5_0_ACCEPTED_CANDIDATE_COPY,READ_ONLY_CANDIDATE_DONOR_COPY,F:\China Graduate Future Flight Vehicle Innovation Competition\20_engineering\cad\B5_1_B601_interface_closure_candidate\00_BASELINE_DONORS\B5_0_ACCEPTED_CANDIDATE_FULL_COPY\00_AUDIT\PHASE0_DECISION.md,00_AUDIT/PHASE0_DECISION.md,F:\China Graduate Future Flight Vehicle Innovation Competition\20_engineering\cad\B5_0_B601_space_manipulator_candidate\00_AUDIT\PHASE0_DECISION.md,1942,8E814948AB1DB8D01E978FE4772DE3974E312350B56026CB5018FB6D80DEFA21,False
B5_0_ACCEPTED_CANDIDATE_SOURCE,READ_ONLY_ACCEPTED_CANDIDATE,F:\China Graduate Future Flight Vehicle Innovation Competition\20_engineering\cad\B5_0_B601_space_manipulator_candidate\00_AUDIT\phase0_gate.json,00_AUDIT/phase0_gate.json,,5824,509537450EC34855BA54DD5CFF96B0C5A7A0649D43D55D7FBF2E30AE30BA7D7C,False
B51_B5_0_ACCEPTED_CANDIDATE_COPY,READ_ONLY_CANDIDATE_DONOR_COPY,F:\China Graduate Future Flight Vehicle Innovation Competition\20_engineering\cad\B5_1_B601_interface_closure_candidate\00_BASELINE_DONORS\B5_0_ACCEPTED_CANDIDATE_FULL_COPY\00_AUDIT\phase0_gate.json,00_AUDIT/phase0_gate.json,F:\China Graduate Future Flight Vehicle Innovation Competition\20_engineering\cad\B5_0_B601_space_manipulator_candidate\00_AUDIT\phase0_gate.json,5824,509537450EC34855BA54DD5CFF96B0C5A7A0649D43D55D7FBF2E30AE30BA7D7C,False
B5_0_ACCEPTED_CANDIDATE_SOURCE,READ_ONLY_ACCEPTED_CANDIDATE,F:\China Graduate Future Flight Vehicle Innovation Competition\20_engineering\cad\B5_0_B601_space_manipulator_candidate\00_AUDIT\PHASE0_SNAPSHOT_REVIEW.md,00_AUDIT/PHASE0_SNAPSHOT_REVIEW.md,,721,9E40CC8257BAEEB94409C65D32009C4E3353BE910042D9AC7BF7823491FC9EF0,False
B51_B5_0_ACCEPTED_CANDIDATE_COPY,READ_ONLY_CANDIDATE_DONOR_COPY,F:\China Graduate Future Flight Vehicle Innovation Competition\20_engineering\cad\B5_1_B601_interface_closure_candidate\00_BASELINE_DONORS\B5_0_ACCEPTED_CANDIDATE_FULL_COPY\00_AUDIT\PHASE0_SNAPSHOT_REVIEW.md,00_AUDIT/PHASE0_SNAPSHOT_REVIEW.md,F:\China Graduate Future Flight Vehicle Innovation Competition\20_engineering\cad\B5_0_B601_space_manipulator_candidate\00_AUDIT\PHASE0_SNAPSHOT_REVIEW.md,721,9E40CC8257BAEEB94409C65D32009C4E3353BE910042D9AC7BF7823491FC9EF0,False
B5_0_ACCEPTED_CANDIDATE_SOURCE,READ_ONLY_ACCEPTED_CANDIDATE,F:\China Graduate Future Flight Vehicle Innovation Competition\20_engineering\cad\B5_0_B601_space_manipulator_candidate\00_AUDIT\TOOL_SKILL_MCP_REGISTER.md,00_AUDIT/TOOL_SKILL_MCP_REGISTER.md,,2686,B359A0BC992906730BB12C34B76788591FC19980BE07D765AC850EE361C7B5C1,False
B51_B5_0_ACCEPTED_CANDIDATE_COPY,READ_ONLY_CANDIDATE_DONOR_COPY,F:\China Graduate Future Flight Vehicle Innovation Competition\20_engineering\cad\B5_1_B601_interface_closure_candidate\00_BASELINE_DONORS\B5_0_ACCEPTED_CANDIDATE_FULL_COPY\00_AUDIT\TOOL_SKILL_MCP_REGISTER.md,00_AUDIT/TOOL_SKILL_MCP_REGISTER.md,F:\China Graduate Future Flight Vehicle Innovation Competition\20_engineering\cad\B5_0_B601_space_manipulator_candidate\00_AUDIT\TOOL_SKILL_MCP_REGISTER.md,2686,B359A0BC992906730BB12C34B76788591FC19980BE07D765AC850EE361C7B5C1,False
B5_0_ACCEPTED_CANDIDATE_SOURCE,READ_ONLY_ACCEPTED_CANDIDATE,F:\China Graduate Future Flight Vehicle Innovation Competition\20_engineering\cad\B5_0_B601_space_manipulator_candidate\01_KINEMATICS\accepted_chain.json,01_KINEMATICS/accepted_chain.json,,23348,FFDC5A0E4D94C8F2613BC1BE82095D02D600C435DDB91BD5A8DC7156A7770421,False
B51_B5_0_ACCEPTED_CANDIDATE_COPY,READ_ONLY_CANDIDATE_DONOR_COPY,F:\China Graduate Future Flight Vehicle Innovation Competition\20_engineering\cad\B5_1_B601_interface_closure_candidate\00_BASELINE_DONORS\B5_0_ACCEPTED_CANDIDATE_FULL_COPY\01_KINEMATICS\accepted_chain.json,01_KINEMATICS/accepted_chain.json,F:\China Graduate Future Flight Vehicle Innovation Competition\20_engineering\cad\B5_0_B601_space_manipulator_candidate\01_KINEMATICS\accepted_chain.json,23348,FFDC5A0E4D94C8F2613BC1BE82095D02D600C435DDB91BD5A8DC7156A7770421,False
B5_0_ACCEPTED_CANDIDATE_SOURCE,READ_ONLY_ACCEPTED_CANDIDATE,F:\China Graduate Future Flight Vehicle Innovation Competition\20_engineering\cad\B5_0_B601_space_manipulator_candidate\01_KINEMATICS\accepted_joint_contract.csv,01_KINEMATICS/accepted_joint_contract.csv,,956,8DAE0B848424AC7CA0F7EC2E9E79359462D9D9FAA355A0404D5610E0D9F12FF2,False
B51_B5_0_ACCEPTED_CANDIDATE_COPY,READ_ONLY_CANDIDATE_DONOR_COPY,F:\China Graduate Future Flight Vehicle Innovation Competition\20_engineering\cad\B5_1_B601_interface_closure_candidate\00_BASELINE_DONORS\B5_0_ACCEPTED_CANDIDATE_FULL_COPY\01_KINEMATICS\accepted_joint_contract.csv,01_KINEMATICS/accepted_joint_contract.csv,F:\China Graduate Future Flight Vehicle Innovation Competition\20_engineering\cad\B5_0_B601_space_manipulator_candidate\01_KINEMATICS\accepted_joint_contract.csv,956,8DAE0B848424AC7CA0F7EC2E9E79359462D9D9FAA355A0404D5610E0D9F12FF2,False
B5_0_ACCEPTED_CANDIDATE_SOURCE,READ_ONLY_ACCEPTED_CANDIDATE,F:\China Graduate Future Flight Vehicle Innovation Competition\20_engineering\cad\B5_0_B601_space_manipulator_candidate\01_KINEMATICS\accepted_link_inertials.csv,01_KINEMATICS/accepted_link_inertials.csv,,2039,3E6058832B616FEFBAAC0E39DD25647E4EA6B4143404AB39164E5B9417F50829,False
B51_B5_0_ACCEPTED_CANDIDATE_COPY,READ_ONLY_CANDIDATE_DONOR_COPY,F:\China Graduate Future Flight Vehicle Innovation Competition\20_engineering\cad\B5_1_B601_interface_closure_candidate\00_BASELINE_DONORS\B5_0_ACCEPTED_CANDIDATE_FULL_COPY\01_KINEMATICS\accepted_link_inertials.csv,01_KINEMATICS/accepted_link_inertials.csv,F:\China Graduate Future Flight Vehicle Innovation Competition\20_engineering\cad\B5_0_B601_space_manipulator_candidate\01_KINEMATICS\accepted_link_inertials.csv,2039,3E6058832B616FEFBAAC0E39DD25647E4EA6B4143404AB39164E5B9417F50829,False
B5_0_ACCEPTED_CANDIDATE_SOURCE,READ_ONLY_ACCEPTED_CANDIDATE,F:\China Graduate Future Flight Vehicle Innovation Competition\20_engineering\cad\B5_0_B601_space_manipulator_candidate\01_KINEMATICS\accepted_mesh_contract.csv,01_KINEMATICS/accepted_mesh_contract.csv,,3094,2BB1CEBE38262CB2772048102D7531061017F536D4F2C2A8D675B98D5A82E719,False
B51_B5_0_ACCEPTED_CANDIDATE_COPY,READ_ONLY_CANDIDATE_DONOR_COPY,F:\China Graduate Future Flight Vehicle Innovation Competition\20_engineering\cad\B5_1_B601_interface_closure_candidate\00_BASELINE_DONORS\B5_0_ACCEPTED_CANDIDATE_FULL_COPY\01_KINEMATICS\accepted_mesh_contract.csv,01_KINEMATICS/accepted_mesh_contract.csv,F:\China Graduate Future Flight Vehicle Innovation Competition\20_engineering\cad\B5_0_B601_space_manipulator_candidate\01_KINEMATICS\accepted_mesh_contract.csv,3094,2BB1CEBE38262CB2772048102D7531061017F536D4F2C2A8D675B98D5A82E719,False
B5_0_ACCEPTED_CANDIDATE_SOURCE,READ_ONLY_ACCEPTED_CANDIDATE,F:\China Graduate Future Flight Vehicle Innovation Competition\20_engineering\cad\B5_0_B601_space_manipulator_candidate\01_KINEMATICS\B601_ACCEPTED_KINEMATIC_CHAIN.md,01_KINEMATICS/B601_ACCEPTED_KINEMATIC_CHAIN.md,,3640,9D66709E3C6835BC3AC8310125997524E42F5AE2F9220B7D76DFAFDE09FEBA27,False
B51_B5_0_ACCEPTED_CANDIDATE_COPY,READ_ONLY_CANDIDATE_DONOR_COPY,F:\China Graduate Future Flight Vehicle Innovation Competition\20_engineering\cad\B5_1_B601_interface_closure_candidate\00_BASELINE_DONORS\B5_0_ACCEPTED_CANDIDATE_FULL_COPY\01_KINEMATICS\B601_ACCEPTED_KINEMATIC_CHAIN.md,01_KINEMATICS/B601_ACCEPTED_KINEMATIC_CHAIN.md,F:\China Graduate Future Flight Vehicle Innovation Competition\20_engineering\cad\B5_0_B601_space_manipulator_candidate\01_KINEMATICS\B601_ACCEPTED_KINEMATIC_CHAIN.md,3640,9D66709E3C6835BC3AC8310125997524E42F5AE2F9220B7D76DFAFDE09FEBA27,False
B5_0_ACCEPTED_CANDIDATE_SOURCE,READ_ONLY_ACCEPTED_CANDIDATE,F:\China Graduate Future Flight Vehicle Innovation Competition\20_engineering\cad\B5_0_B601_space_manipulator_candidate\01_KINEMATICS\chain_validation.json,01_KINEMATICS/chain_validation.json,,1028,6FFAEBCAEEDC09CD3DEF5123286FB5A4A6B729C7BC9349DA9688BB82E047B327,False
B51_B5_0_ACCEPTED_CANDIDATE_COPY,READ_ONLY_CANDIDATE_DONOR_COPY,F:\China Graduate Future Flight Vehicle Innovation Competition\20_engineering\cad\B5_1_B601_interface_closure_candidate\00_BASELINE_DONORS\B5_0_ACCEPTED_CANDIDATE_FULL_COPY\01_KINEMATICS\chain_validation.json,01_KINEMATICS/chain_validation.json,F:\China Graduate Future Flight Vehicle Innovation Competition\20_engineering\cad\B5_0_B601_space_manipulator_candidate\01_KINEMATICS\chain_validation.json,1028,6FFAEBCAEEDC09CD3DEF5123286FB5A4A6B729C7BC9349DA9688BB82E047B327,False
B5_0_ACCEPTED_CANDIDATE_SOURCE,READ_ONLY_ACCEPTED_CANDIDATE,F:\China Graduate Future Flight Vehicle Innovation Competition\20_engineering\cad\B5_0_B601_space_manipulator_candidate\01_KINEMATICS\FRAME_AND_LAYER_LEDGER.md,01_KINEMATICS/FRAME_AND_LAYER_LEDGER.md,,2660,2E04D08EA5F9386B9EC4B86822D3FF6385B751AF629F53382648CA003E88716A,False
B51_B5_0_ACCEPTED_CANDIDATE_COPY,READ_ONLY_CANDIDATE_DONOR_COPY,F:\China Graduate Future Flight Vehicle Innovation Competition\20_engineering\cad\B5_1_B601_interface_closure_candidate\00_BASELINE_DONORS\B5_0_ACCEPTED_CANDIDATE_FULL_COPY\01_KINEMATICS\FRAME_AND_LAYER_LEDGER.md,01_KINEMATICS/FRAME_AND_LAYER_LEDGER.md,F:\China Graduate Future Flight Vehicle Innovation Competition\20_engineering\cad\B5_0_B601_space_manipulator_candidate\01_KINEMATICS\FRAME_AND_LAYER_LEDGER.md,2660,2E04D08EA5F9386B9EC4B86822D3FF6385B751AF629F53382648CA003E88716A,False
B5_0_ACCEPTED_CANDIDATE_SOURCE,READ_ONLY_ACCEPTED_CANDIDATE,F:\China Graduate Future Flight Vehicle Innovation Competition\20_engineering\cad\B5_0_B601_space_manipulator_candidate\01_KINEMATICS\q0_joint_axes.csv,01_KINEMATICS/q0_joint_axes.csv,,1218,73F1E674A57F3EB7863BEBF32D497DF8829E4348DBB84C6A1A796106036845C0,False
B51_B5_0_ACCEPTED_CANDIDATE_COPY,READ_ONLY_CANDIDATE_DONOR_COPY,F:\China Graduate Future Flight Vehicle Innovation Competition\20_engineering\cad\B5_1_B601_interface_closure_candidate\00_BASELINE_DONORS\B5_0_ACCEPTED_CANDIDATE_FULL_COPY\01_KINEMATICS\q0_joint_axes.csv,01_KINEMATICS/q0_joint_axes.csv,F:\China Graduate Future Flight Vehicle Innovation Competition\20_engineering\cad\B5_0_B601_space_manipulator_candidate\01_KINEMATICS\q0_joint_axes.csv,1218,73F1E674A57F3EB7863BEBF32D497DF8829E4348DBB84C6A1A796106036845C0,False
B5_0_ACCEPTED_CANDIDATE_SOURCE,READ_ONLY_ACCEPTED_CANDIDATE,F:\China Graduate Future Flight Vehicle Innovation Competition\20_engineering\cad\B5_0_B601_space_manipulator_candidate\01_KINEMATICS\q0_link_frames.csv,01_KINEMATICS/q0_link_frames.csv,,5137,6719EDFDC94EDDAA4058B5047B1B3742E7E9EA250479D4D960801675351B95B6,False
B51_B5_0_ACCEPTED_CANDIDATE_COPY,READ_ONLY_CANDIDATE_DONOR_COPY,F:\China Graduate Future Flight Vehicle Innovation Competition\20_engineering\cad\B5_1_B601_interface_closure_candidate\00_BASELINE_DONORS\B5_0_ACCEPTED_CANDIDATE_FULL_COPY\01_KINEMATICS\q0_link_frames.csv,01_KINEMATICS/q0_link_frames.csv,F:\China Graduate Future Flight Vehicle Innovation Competition\20_engineering\cad\B5_0_B601_space_manipulator_candidate\01_KINEMATICS\q0_link_frames.csv,5137,6719EDFDC94EDDAA4058B5047B1B3742E7E9EA250479D4D960801675351B95B6,False
B5_0_ACCEPTED_CANDIDATE_SOURCE,READ_ONLY_ACCEPTED_CANDIDATE,F:\China Graduate Future Flight Vehicle Innovation Competition\20_engineering\cad\B5_0_B601_space_manipulator_candidate\01_REQUIREMENTS\B5_0_ENGINEERING_REQUIREMENTS.md,01_REQUIREMENTS/B5_0_ENGINEERING_REQUIREMENTS.md,,3532,87659D8B7B8129202436A4033F9B2A9916133BC558D358232718D6423D1AB226,False
B51_B5_0_ACCEPTED_CANDIDATE_COPY,READ_ONLY_CANDIDATE_DONOR_COPY,F:\China Graduate Future Flight Vehicle Innovation Competition\20_engineering\cad\B5_1_B601_interface_closure_candidate\00_BASELINE_DONORS\B5_0_ACCEPTED_CANDIDATE_FULL_COPY\01_REQUIREMENTS\B5_0_ENGINEERING_REQUIREMENTS.md,01_REQUIREMENTS/B5_0_ENGINEERING_REQUIREMENTS.md,F:\China Graduate Future Flight Vehicle Innovation Competition\20_engineering\cad\B5_0_B601_space_manipulator_candidate\01_REQUIREMENTS\B5_0_ENGINEERING_REQUIREMENTS.md,3532,87659D8B7B8129202436A4033F9B2A9916133BC558D358232718D6423D1AB226,False
B5_0_ACCEPTED_CANDIDATE_SOURCE,READ_ONLY_ACCEPTED_CANDIDATE,F:\China Graduate Future Flight Vehicle Innovation Competition\20_engineering\cad\B5_0_B601_space_manipulator_candidate\02_DESIGN\B601_BASE_ADAPTER_DESIGN.md,02_DESIGN/B601_BASE_ADAPTER_DESIGN.md,,4437,85E28EC44F2DC2B600148690B2D6ACDDB97DBE5B5DF877F292B7A6E68906A308,False
B51_B5_0_ACCEPTED_CANDIDATE_COPY,READ_ONLY_CANDIDATE_DONOR_COPY,F:\China Graduate Future Flight Vehicle Innovation Competition\20_engineering\cad\B5_1_B601_interface_closure_candidate\00_BASELINE_DONORS\B5_0_ACCEPTED_CANDIDATE_FULL_COPY\02_DESIGN\B601_BASE_ADAPTER_DESIGN.md,02_DESIGN/B601_BASE_ADAPTER_DESIGN.md,F:\China Graduate Future Flight Vehicle Innovation Competition\20_engineering\cad\B5_0_B601_space_manipulator_candidate\02_DESIGN\B601_BASE_ADAPTER_DESIGN.md,4437,85E28EC44F2DC2B600148690B2D6ACDDB97DBE5B5DF877F292B7A6E68906A308,False
B5_0_ACCEPTED_CANDIDATE_SOURCE,READ_ONLY_ACCEPTED_CANDIDATE,F:\China Graduate Future Flight Vehicle Innovation Competition\20_engineering\cad\B5_0_B601_space_manipulator_candidate\02_DESIGN\vendor_reference_linklocal\B50_REF_base_link_LINKLOCAL.step,02_DESIGN/vendor_reference_linklocal/B50_REF_base_link_LINKLOCAL.step,,25111906,A451B9150D00EC8E381AE69C0BB9D62B3A1FED1B1CD1AD373A719E28290F07C5,False
B51_B5_0_ACCEPTED_CANDIDATE_COPY,READ_ONLY_CANDIDATE_DONOR_COPY,F:\China Graduate Future Flight Vehicle Innovation Competition\20_engineering\cad\B5_1_B601_interface_closure_candidate\00_BASELINE_DONORS\B5_0_ACCEPTED_CANDIDATE_FULL_COPY\02_DESIGN\vendor_reference_linklocal\B50_REF_base_link_LINKLOCAL.step,02_DESIGN/vendor_reference_linklocal/B50_REF_base_link_LINKLOCAL.step,F:\China Graduate Future Flight Vehicle Innovation Competition\20_engineering\cad\B5_0_B601_space_manipulator_candidate\02_DESIGN\vendor_reference_linklocal\B50_REF_base_link_LINKLOCAL.step,25111906,A451B9150D00EC8E381AE69C0BB9D62B3A1FED1B1CD1AD373A719E28290F07C5,False
B5_0_ACCEPTED_CANDIDATE_SOURCE,READ_ONLY_ACCEPTED_CANDIDATE,F:\China Graduate Future Flight Vehicle Innovation Competition\20_engineering\cad\B5_0_B601_space_manipulator_candidate\02_DESIGN\vendor_reference_linklocal\B50_REF_gripper_detail_LINKLOCAL.step,02_DESIGN/vendor_reference_linklocal/B50_REF_gripper_detail_LINKLOCAL.step,,19757137,DEEF375F2FFE6A019A7348F14FC5AE4C4ACCC950A4C92351607350335A5A2E7F,False
B51_B5_0_ACCEPTED_CANDIDATE_COPY,READ_ONLY_CANDIDATE_DONOR_COPY,F:\China Graduate Future Flight Vehicle Innovation Competition\20_engineering\cad\B5_1_B601_interface_closure_candidate\00_BASELINE_DONORS\B5_0_ACCEPTED_CANDIDATE_FULL_COPY\02_DESIGN\vendor_reference_linklocal\B50_REF_gripper_detail_LINKLOCAL.step,02_DESIGN/vendor_reference_linklocal/B50_REF_gripper_detail_LINKLOCAL.step,F:\China Graduate Future Flight Vehicle Innovation Competition\20_engineering\cad\B5_0_B601_space_manipulator_candidate\02_DESIGN\vendor_reference_linklocal\B50_REF_gripper_detail_LINKLOCAL.step,19757137,DEEF375F2FFE6A019A7348F14FC5AE4C4ACCC950A4C92351607350335A5A2E7F,False
B5_0_ACCEPTED_CANDIDATE_SOURCE,READ_ONLY_ACCEPTED_CANDIDATE,F:\China Graduate Future Flight Vehicle Innovation Competition\20_engineering\cad\B5_0_B601_space_manipulator_candidate\02_DESIGN\vendor_reference_linklocal\B50_REF_link1_LINKLOCAL.step,02_DESIGN/vendor_reference_linklocal/B50_REF_link1_LINKLOCAL.step,,2365410,DB9A92B0E33F5237ACCAB8B62DE543AF2CD67EB68FA248D335FF266BF957F4CE,False
B51_B5_0_ACCEPTED_CANDIDATE_COPY,READ_ONLY_CANDIDATE_DONOR_COPY,F:\China Graduate Future Flight Vehicle Innovation Competition\20_engineering\cad\B5_1_B601_interface_closure_candidate\00_BASELINE_DONORS\B5_0_ACCEPTED_CANDIDATE_FULL_COPY\02_DESIGN\vendor_reference_linklocal\B50_REF_link1_LINKLOCAL.step,02_DESIGN/vendor_reference_linklocal/B50_REF_link1_LINKLOCAL.step,F:\China Graduate Future Flight Vehicle Innovation Competition\20_engineering\cad\B5_0_B601_space_manipulator_candidate\02_DESIGN\vendor_reference_linklocal\B50_REF_link1_LINKLOCAL.step,2365410,DB9A92B0E33F5237ACCAB8B62DE543AF2CD67EB68FA248D335FF266BF957F4CE,False
B5_0_ACCEPTED_CANDIDATE_SOURCE,READ_ONLY_ACCEPTED_CANDIDATE,F:\China Graduate Future Flight Vehicle Innovation Competition\20_engineering\cad\B5_0_B601_space_manipulator_candidate\02_DESIGN\vendor_reference_linklocal\B50_REF_link2_LINKLOCAL.step,02_DESIGN/vendor_reference_linklocal/B50_REF_link2_LINKLOCAL.step,,45679213,39818DAEFD32A6A2A5BF61C6B1E1670380A27125415E3B154360159DF7F30960,False
B51_B5_0_ACCEPTED_CANDIDATE_COPY,READ_ONLY_CANDIDATE_DONOR_COPY,F:\China Graduate Future Flight Vehicle Innovation Competition\20_engineering\cad\B5_1_B601_interface_closure_candidate\00_BASELINE_DONORS\B5_0_ACCEPTED_CANDIDATE_FULL_COPY\02_DESIGN\vendor_reference_linklocal\B50_REF_link2_LINKLOCAL.step,02_DESIGN/vendor_reference_linklocal/B50_REF_link2_LINKLOCAL.step,F:\China Graduate Future Flight Vehicle Innovation Competition\20_engineering\cad\B5_0_B601_space_manipulator_candidate\02_DESIGN\vendor_reference_linklocal\B50_REF_link2_LINKLOCAL.step,45679213,39818DAEFD32A6A2A5BF61C6B1E1670380A27125415E3B154360159DF7F30960,False
B5_0_ACCEPTED_CANDIDATE_SOURCE,READ_ONLY_ACCEPTED_CANDIDATE,F:\China Graduate Future Flight Vehicle Innovation Competition\20_engineering\cad\B5_0_B601_space_manipulator_candidate\02_DESIGN\vendor_reference_linklocal\B50_REF_link3_LINKLOCAL.step,02_DESIGN/vendor_reference_linklocal/B50_REF_link3_LINKLOCAL.step,,39743952,34DC2177F050F96503449D9E10CE459EACF1619892D03BDE85F396BD7C2FC162,False
B51_B5_0_ACCEPTED_CANDIDATE_COPY,READ_ONLY_CANDIDATE_DONOR_COPY,F:\China Graduate Future Flight Vehicle Innovation Competition\20_engineering\cad\B5_1_B601_interface_closure_candidate\00_BASELINE_DONORS\B5_0_ACCEPTED_CANDIDATE_FULL_COPY\02_DESIGN\vendor_reference_linklocal\B50_REF_link3_LINKLOCAL.step,02_DESIGN/vendor_reference_linklocal/B50_REF_link3_LINKLOCAL.step,F:\China Graduate Future Flight Vehicle Innovation Competition\20_engineering\cad\B5_0_B601_space_manipulator_candidate\02_DESIGN\vendor_reference_linklocal\B50_REF_link3_LINKLOCAL.step,39743952,34DC2177F050F96503449D9E10CE459EACF1619892D03BDE85F396BD7C2FC162,False
B5_0_ACCEPTED_CANDIDATE_SOURCE,READ_ONLY_ACCEPTED_CANDIDATE,F:\China Graduate Future Flight Vehicle Innovation Competition\20_engineering\cad\B5_0_B601_space_manipulator_candidate\02_DESIGN\vendor_reference_linklocal\B50_REF_link4_LINKLOCAL.step,02_DESIGN/vendor_reference_linklocal/B50_REF_link4_LINKLOCAL.step,,32415563,A44BE74FB6BE0F2B8B4502ED1A0167F0266C1F4298634DD7A88CC433C9994530,False
B51_B5_0_ACCEPTED_CANDIDATE_COPY,READ_ONLY_CANDIDATE_DONOR_COPY,F:\China Graduate Future Flight Vehicle Innovation Competition\20_engineering\cad\B5_1_B601_interface_closure_candidate\00_BASELINE_DONORS\B5_0_ACCEPTED_CANDIDATE_FULL_COPY\02_DESIGN\vendor_reference_linklocal\B50_REF_link4_LINKLOCAL.step,02_DESIGN/vendor_reference_linklocal/B50_REF_link4_LINKLOCAL.step,F:\China Graduate Future Flight Vehicle Innovation Competition\20_engineering\cad\B5_0_B601_space_manipulator_candidate\02_DESIGN\vendor_reference_linklocal\B50_REF_link4_LINKLOCAL.step,32415563,A44BE74FB6BE0F2B8B4502ED1A0167F0266C1F4298634DD7A88CC433C9994530,False
B5_0_ACCEPTED_CANDIDATE_SOURCE,READ_ONLY_ACCEPTED_CANDIDATE,F:\China Graduate Future Flight Vehicle Innovation Competition\20_engineering\cad\B5_0_B601_space_manipulator_candidate\02_DESIGN\vendor_reference_linklocal\B50_REF_link5_LINKLOCAL.step,02_DESIGN/vendor_reference_linklocal/B50_REF_link5_LINKLOCAL.step,,31775252,10ED8C19B32F2816FA24158931542858CFC0D2DD7E8FA3C25A21352C896D8978,False
B51_B5_0_ACCEPTED_CANDIDATE_COPY,READ_ONLY_CANDIDATE_DONOR_COPY,F:\China Graduate Future Flight Vehicle Innovation Competition\20_engineering\cad\B5_1_B601_interface_closure_candidate\00_BASELINE_DONORS\B5_0_ACCEPTED_CANDIDATE_FULL_COPY\02_DESIGN\vendor_reference_linklocal\B50_REF_link5_LINKLOCAL.step,02_DESIGN/vendor_reference_linklocal/B50_REF_link5_LINKLOCAL.step,F:\China Graduate Future Flight Vehicle Innovation Competition\20_engineering\cad\B5_0_B601_space_manipulator_candidate\02_DESIGN\vendor_reference_linklocal\B50_REF_link5_LINKLOCAL.step,31775252,10ED8C19B32F2816FA24158931542858CFC0D2DD7E8FA3C25A21352C896D8978,False
B5_0_ACCEPTED_CANDIDATE_SOURCE,READ_ONLY_ACCEPTED_CANDIDATE,F:\China Graduate Future Flight Vehicle Innovation Competition\20_engineering\cad\B5_0_B601_space_manipulator_candidate\02_DESIGN\vendor_reference_linklocal\B50_REF_link6_LINKLOCAL.step,02_DESIGN/vendor_reference_linklocal/B50_REF_link6_LINKLOCAL.step,,46779919,6F04BE472DAB289F6DB6DBF8C79D2A82D4C712B16460E4DEE860773525449A13,False
B51_B5_0_ACCEPTED_CANDIDATE_COPY,READ_ONLY_CANDIDATE_DONOR_COPY,F:\China Graduate Future Flight Vehicle Innovation Competition\20_engineering\cad\B5_1_B601_interface_closure_candidate\00_BASELINE_DONORS\B5_0_ACCEPTED_CANDIDATE_FULL_COPY\02_DESIGN\vendor_reference_linklocal\B50_REF_link6_LINKLOCAL.step,02_DESIGN/vendor_reference_linklocal/B50_REF_link6_LINKLOCAL.step,F:\China Graduate Future Flight Vehicle Innovation Competition\20_engineering\cad\B5_0_B601_space_manipulator_candidate\02_DESIGN\vendor_reference_linklocal\B50_REF_link6_LINKLOCAL.step,46779919,6F04BE472DAB289F6DB6DBF8C79D2A82D4C712B16460E4DEE860773525449A13,False
B5_0_ACCEPTED_CANDIDATE_SOURCE,READ_ONLY_ACCEPTED_CANDIDATE,F:\China Graduate Future Flight Vehicle Innovation Competition\20_engineering\cad\B5_0_B601_space_manipulator_candidate\02_DESIGN\vendor_reference_linklocal\evidence\G01_receipt.json,02_DESIGN/vendor_reference_linklocal/evidence/G01_receipt.json,,2661,9C3D4180B0C47D21FD64027DD83C5D4C95B7B5B03385929DAEBC30E38E36C99C,False
B51_B5_0_ACCEPTED_CANDIDATE_COPY,READ_ONLY_CANDIDATE_DONOR_COPY,F:\China Graduate Future Flight Vehicle Innovation Competition\20_engineering\cad\B5_1_B601_interface_closure_candidate\00_BASELINE_DONORS\B5_0_ACCEPTED_CANDIDATE_FULL_COPY\02_DESIGN\vendor_reference_linklocal\evidence\G01_receipt.json,02_DESIGN/vendor_reference_linklocal/evidence/G01_receipt.json,F:\China Graduate Future Flight Vehicle Innovation Competition\20_engineering\cad\B5_0_B601_space_manipulator_candidate\02_DESIGN\vendor_reference_linklocal\evidence\G01_receipt.json,2661,9C3D4180B0C47D21FD64027DD83C5D4C95B7B5B03385929DAEBC30E38E36C99C,False
B5_0_ACCEPTED_CANDIDATE_SOURCE,READ_ONLY_ACCEPTED_CANDIDATE,F:\China Graduate Future Flight Vehicle Innovation Competition\20_engineering\cad\B5_0_B601_space_manipulator_candidate\02_DESIGN\vendor_reference_linklocal\evidence\G02_receipt.json,02_DESIGN/vendor_reference_linklocal/evidence/G02_receipt.json,,2672,67AEC34C45A92D81AAE8C0D96539A00BD152EABF38EAC667F7C4030CB88DF21E,False
B51_B5_0_ACCEPTED_CANDIDATE_COPY,READ_ONLY_CANDIDATE_DONOR_COPY,F:\China Graduate Future Flight Vehicle Innovation Competition\20_engineering\cad\B5_1_B601_interface_closure_candidate\00_BASELINE_DONORS\B5_0_ACCEPTED_CANDIDATE_FULL_COPY\02_DESIGN\vendor_reference_linklocal\evidence\G02_receipt.json,02_DESIGN/vendor_reference_linklocal/evidence/G02_receipt.json,F:\China Graduate Future Flight Vehicle Innovation Competition\20_engineering\cad\B5_0_B601_space_manipulator_candidate\02_DESIGN\vendor_reference_linklocal\evidence\G02_receipt.json,2672,67AEC34C45A92D81AAE8C0D96539A00BD152EABF38EAC667F7C4030CB88DF21E,False
B5_0_ACCEPTED_CANDIDATE_SOURCE,READ_ONLY_ACCEPTED_CANDIDATE,F:\China Graduate Future Flight Vehicle Innovation Competition\20_engineering\cad\B5_0_B601_space_manipulator_candidate\02_DESIGN\vendor_reference_linklocal\evidence\G03_receipt.json,02_DESIGN/vendor_reference_linklocal/evidence/G03_receipt.json,,2668,5FA7ECCD579A0743830A02982437E0A532B41251AC987572D56ACF729C4D9FB5,False
B51_B5_0_ACCEPTED_CANDIDATE_COPY,READ_ONLY_CANDIDATE_DONOR_COPY,F:\China Graduate Future Flight Vehicle Innovation Competition\20_engineering\cad\B5_1_B601_interface_closure_candidate\00_BASELINE_DONORS\B5_0_ACCEPTED_CANDIDATE_FULL_COPY\02_DESIGN\vendor_reference_linklocal\evidence\G03_receipt.json,02_DESIGN/vendor_reference_linklocal/evidence/G03_receipt.json,F:\China Graduate Future Flight Vehicle Innovation Competition\20_engineering\cad\B5_0_B601_space_manipulator_candidate\02_DESIGN\vendor_reference_linklocal\evidence\G03_receipt.json,2668,5FA7ECCD579A0743830A02982437E0A532B41251AC987572D56ACF729C4D9FB5,False
B5_0_ACCEPTED_CANDIDATE_SOURCE,READ_ONLY_ACCEPTED_CANDIDATE,F:\China Graduate Future Flight Vehicle Innovation Competition\20_engineering\cad\B5_0_B601_space_manipulator_candidate\02_DESIGN\vendor_reference_linklocal\evidence\G04_receipt.json,02_DESIGN/vendor_reference_linklocal/evidence/G04_receipt.json,,2671,976EB0EA149469EF108046CF8BD7AB3BF357AE38DFBE53F32E6A0F7751EF2CB1,False
B51_B5_0_ACCEPTED_CANDIDATE_COPY,READ_ONLY_CANDIDATE_DONOR_COPY,F:\China Graduate Future Flight Vehicle Innovation Competition\20_engineering\cad\B5_1_B601_interface_closure_candidate\00_BASELINE_DONORS\B5_0_ACCEPTED_CANDIDATE_FULL_COPY\02_DESIGN\vendor_reference_linklocal\evidence\G04_receipt.json,02_DESIGN/vendor_reference_linklocal/evidence/G04_receipt.json,F:\China Graduate Future Flight Vehicle Innovation Competition\20_engineering\cad\B5_0_B601_space_manipulator_candidate\02_DESIGN\vendor_reference_linklocal\evidence\G04_receipt.json,2671,976EB0EA149469EF108046CF8BD7AB3BF357AE38DFBE53F32E6A0F7751EF2CB1,False
B5_0_ACCEPTED_CANDIDATE_SOURCE,READ_ONLY_ACCEPTED_CANDIDATE,F:\China Graduate Future Flight Vehicle Innovation Competition\20_engineering\cad\B5_0_B601_space_manipulator_candidate\02_DESIGN\vendor_reference_linklocal\evidence\G05_receipt.json,02_DESIGN/vendor_reference_linklocal/evidence/G05_receipt.json,,2809,1F0762C11D44A14F0F66417581CACF37327A69568B6736146CFB479B8FDB0DB3,False
B51_B5_0_ACCEPTED_CANDIDATE_COPY,READ_ONLY_CANDIDATE_DONOR_COPY,F:\China Graduate Future Flight Vehicle Innovation Competition\20_engineering\cad\B5_1_B601_interface_closure_candidate\00_BASELINE_DONORS\B5_0_ACCEPTED_CANDIDATE_FULL_COPY\02_DESIGN\vendor_reference_linklocal\evidence\G05_receipt.json,02_DESIGN/vendor_reference_linklocal/evidence/G05_receipt.json,F:\China Graduate Future Flight Vehicle Innovation Competition\20_engineering\cad\B5_0_B601_space_manipulator_candidate\02_DESIGN\vendor_reference_linklocal\evidence\G05_receipt.json,2809,1F0762C11D44A14F0F66417581CACF37327A69568B6736146CFB479B8FDB0DB3,False
B5_0_ACCEPTED_CANDIDATE_SOURCE,READ_ONLY_ACCEPTED_CANDIDATE,F:\China Graduate Future Flight Vehicle Innovation Competition\20_engineering\cad\B5_0_B601_space_manipulator_candidate\02_DESIGN\vendor_reference_linklocal\evidence\G06_receipt.json,02_DESIGN/vendor_reference_linklocal/evidence/G06_receipt.json,,2675,2B85E58A261DEAFAB86A28C794CDB8DF17337A2CFDFE526F56A4CD7C866CC3C6,False
B51_B5_0_ACCEPTED_CANDIDATE_COPY,READ_ONLY_CANDIDATE_DONOR_COPY,F:\China Graduate Future Flight Vehicle Innovation Competition\20_engineering\cad\B5_1_B601_interface_closure_candidate\00_BASELINE_DONORS\B5_0_ACCEPTED_CANDIDATE_FULL_COPY\02_DESIGN\vendor_reference_linklocal\evidence\G06_receipt.json,02_DESIGN/vendor_reference_linklocal/evidence/G06_receipt.json,F:\China Graduate Future Flight Vehicle Innovation Competition\20_engineering\cad\B5_0_B601_space_manipulator_candidate\02_DESIGN\vendor_reference_linklocal\evidence\G06_receipt.json,2675,2B85E58A261DEAFAB86A28C794CDB8DF17337A2CFDFE526F56A4CD7C866CC3C6,False
B5_0_ACCEPTED_CANDIDATE_SOURCE,READ_ONLY_ACCEPTED_CANDIDATE,F:\China Graduate Future Flight Vehicle Innovation Competition\20_engineering\cad\B5_0_B601_space_manipulator_candidate\02_DESIGN\vendor_reference_linklocal\evidence\G07_receipt.json,02_DESIGN/vendor_reference_linklocal/evidence/G07_receipt.json,,2670,CC72142CDC05E55C334DF541AA74CB226DDA8EF60C0328E2BBD75F6E7F359A2E,False
B51_B5_0_ACCEPTED_CANDIDATE_COPY,READ_ONLY_CANDIDATE_DONOR_COPY,F:\China Graduate Future Flight Vehicle Innovation Competition\20_engineering\cad\B5_1_B601_interface_closure_candidate\00_BASELINE_DONORS\B5_0_ACCEPTED_CANDIDATE_FULL_COPY\02_DESIGN\vendor_reference_linklocal\evidence\G07_receipt.json,02_DESIGN/vendor_reference_linklocal/evidence/G07_receipt.json,F:\China Graduate Future Flight Vehicle Innovation Competition\20_engineering\cad\B5_0_B601_space_manipulator_candidate\02_DESIGN\vendor_reference_linklocal\evidence\G07_receipt.json,2670,CC72142CDC05E55C334DF541AA74CB226DDA8EF60C0328E2BBD75F6E7F359A2E,False
B5_0_ACCEPTED_CANDIDATE_SOURCE,READ_ONLY_ACCEPTED_CANDIDATE,F:\China Graduate Future Flight Vehicle Innovation Competition\20_engineering\cad\B5_0_B601_space_manipulator_candidate\02_DESIGN\vendor_reference_linklocal\evidence\G08_receipt.json,02_DESIGN/vendor_reference_linklocal/evidence/G08_receipt.json,,2799,4F3C37760A67A3673A5A2B1761B8970703E70490AFE52C0930318D8D874E695D,False
B51_B5_0_ACCEPTED_CANDIDATE_COPY,READ_ONLY_CANDIDATE_DONOR_COPY,F:\China Graduate Future Flight Vehicle Innovation Competition\20_engineering\cad\B5_1_B601_interface_closure_candidate\00_BASELINE_DONORS\B5_0_ACCEPTED_CANDIDATE_FULL_COPY\02_DESIGN\vendor_reference_linklocal\evidence\G08_receipt.json,02_DESIGN/vendor_reference_linklocal/evidence/G08_receipt.json,F:\China Graduate Future Flight Vehicle Innovation Competition\20_engineering\cad\B5_0_B601_space_manipulator_candidate\02_DESIGN\vendor_reference_linklocal\evidence\G08_receipt.json,2799,4F3C37760A67A3673A5A2B1761B8970703E70490AFE52C0930318D8D874E695D,False
B5_0_ACCEPTED_CANDIDATE_SOURCE,READ_ONLY_ACCEPTED_CANDIDATE,F:\China Graduate Future Flight Vehicle Innovation Competition\20_engineering\cad\B5_0_B601_space_manipulator_candidate\02_DESIGN\vendor_registration_ledger.json,02_DESIGN/vendor_registration_ledger.json,,25560,29E24BC326E0A9B42034574C5C449A4757C1F57EA44F14119019E6D645F7C175,False
B51_B5_0_ACCEPTED_CANDIDATE_COPY,READ_ONLY_CANDIDATE_DONOR_COPY,F:\China Graduate Future Flight Vehicle Innovation Competition\20_engineering\cad\B5_1_B601_interface_closure_candidate\00_BASELINE_DONORS\B5_0_ACCEPTED_CANDIDATE_FULL_COPY\02_DESIGN\vendor_registration_ledger.json,02_DESIGN/vendor_registration_ledger.json,F:\China Graduate Future Flight Vehicle Innovation Competition\20_engineering\cad\B5_0_B601_space_manipulator_candidate\02_DESIGN\vendor_registration_ledger.json,25560,29E24BC326E0A9B42034574C5C449A4757C1F57EA44F14119019E6D645F7C175,False
B5_0_ACCEPTED_CANDIDATE_SOURCE,READ_ONLY_ACCEPTED_CANDIDATE,F:\China Graduate Future Flight Vehicle Innovation Competition\20_engineering\cad\B5_0_B601_space_manipulator_candidate\03_CAD\BOM_PROVISIONAL.csv,03_CAD/BOM_PROVISIONAL.csv,,2312,2F498E8DED649AFB4D1A93A92AA2E9FEFE2F13F654CC51BADBC4D5A41EA207BA,False
B51_B5_0_ACCEPTED_CANDIDATE_COPY,READ_ONLY_CANDIDATE_DONOR_COPY,F:\China Graduate Future Flight Vehicle Innovation Competition\20_engineering\cad\B5_1_B601_interface_closure_candidate\00_BASELINE_DONORS\B5_0_ACCEPTED_CANDIDATE_FULL_COPY\03_CAD\BOM_PROVISIONAL.csv,03_CAD/BOM_PROVISIONAL.csv,F:\China Graduate Future Flight Vehicle Innovation Competition\20_engineering\cad\B5_0_B601_space_manipulator_candidate\03_CAD\BOM_PROVISIONAL.csv,2312,2F498E8DED649AFB4D1A93A92AA2E9FEFE2F13F654CC51BADBC4D5A41EA207BA,False
B5_0_ACCEPTED_CANDIDATE_SOURCE,READ_ONLY_ACCEPTED_CANDIDATE,F:\China Graduate Future Flight Vehicle Innovation Competition\20_engineering\cad\B5_0_B601_space_manipulator_candidate\03_CAD\CAD_TREE_AND_NAMING.md,03_CAD/CAD_TREE_AND_NAMING.md,,2585,94256F9F7DB29158743CB98677905E8995317C98851231B56D431ADC57F7C63F,False
B51_B5_0_ACCEPTED_CANDIDATE_COPY,READ_ONLY_CANDIDATE_DONOR_COPY,F:\China Graduate Future Flight Vehicle Innovation Competition\20_engineering\cad\B5_1_B601_interface_closure_candidate\00_BASELINE_DONORS\B5_0_ACCEPTED_CANDIDATE_FULL_COPY\03_CAD\CAD_TREE_AND_NAMING.md,03_CAD/CAD_TREE_AND_NAMING.md,F:\China Graduate Future Flight Vehicle Innovation Competition\20_engineering\cad\B5_0_B601_space_manipulator_candidate\03_CAD\CAD_TREE_AND_NAMING.md,2585,94256F9F7DB29158743CB98677905E8995317C98851231B56D431ADC57F7C63F,False
B5_0_ACCEPTED_CANDIDATE_SOURCE,READ_ONLY_ACCEPTED_CANDIDATE,F:\China Graduate Future Flight Vehicle Innovation Competition\20_engineering\cad\B5_0_B601_space_manipulator_candidate\03_CAD\CONFIGURATION_MATRIX.csv,03_CAD/CONFIGURATION_MATRIX.csv,,1493,0DC907C0CAA5DC46A7F7395668FE9EC69BAF020EEC4D2A2625E3DF7508595BF6,False
B51_B5_0_ACCEPTED_CANDIDATE_COPY,READ_ONLY_CANDIDATE_DONOR_COPY,F:\China Graduate Future Flight Vehicle Innovation Competition\20_engineering\cad\B5_1_B601_interface_closure_candidate\00_BASELINE_DONORS\B5_0_ACCEPTED_CANDIDATE_FULL_COPY\03_CAD\CONFIGURATION_MATRIX.csv,03_CAD/CONFIGURATION_MATRIX.csv,F:\China Graduate Future Flight Vehicle Innovation Competition\20_engineering\cad\B5_0_B601_space_manipulator_candidate\03_CAD\CONFIGURATION_MATRIX.csv,1493,0DC907C0CAA5DC46A7F7395668FE9EC69BAF020EEC4D2A2625E3DF7508595BF6,False
B5_0_ACCEPTED_CANDIDATE_SOURCE,READ_ONLY_ACCEPTED_CANDIDATE,F:\China Graduate Future Flight Vehicle Innovation Competition\20_engineering\cad\B5_0_B601_space_manipulator_candidate\03_CAD\native_runs\B50_BASE_REF_20260728T0024Z\evidence\base_adapter_reference_build.json,03_CAD/native_runs/B50_BASE_REF_20260728T0024Z/evidence/base_adapter_reference_build.json,,7251,118C48E781DAB274B87CC0130488D97194707B3717C4C543732F0C1562B63720,False
B51_B5_0_ACCEPTED_CANDIDATE_COPY,READ_ONLY_CANDIDATE_DONOR_COPY,F:\China Graduate Future Flight Vehicle Innovation Competition\20_engineering\cad\B5_1_B601_interface_closure_candidate\00_BASELINE_DONORS\B5_0_ACCEPTED_CANDIDATE_FULL_COPY\03_CAD\native_runs\B50_BASE_REF_20260728T0024Z\evidence\base_adapter_reference_build.json,03_CAD/native_runs/B50_BASE_REF_20260728T0024Z/evidence/base_adapter_reference_build.json,F:\China Graduate Future Flight Vehicle Innovation Competition\20_engineering\cad\B5_0_B601_space_manipulator_candidate\03_CAD\native_runs\B50_BASE_REF_20260728T0024Z\evidence\base_adapter_reference_build.json,7251,118C48E781DAB274B87CC0130488D97194707B3717C4C543732F0C1562B63720,False
B5_0_ACCEPTED_CANDIDATE_SOURCE,READ_ONLY_ACCEPTED_CANDIDATE,F:\China Graduate Future Flight Vehicle Innovation Competition\20_engineering\cad\B5_0_B601_space_manipulator_candidate\03_CAD\native_runs\B50_BASE_REF_20260728T0029Z\10_reference_parts\B50_BASE_ADAPTER_PRIMARY_BOSS_ENVELOPE.SLDPRT,03_CAD/native_runs/B50_BASE_REF_20260728T0029Z/10_reference_parts/B50_BASE_ADAPTER_PRIMARY_BOSS_ENVELOPE.SLDPRT,,70694,C57273C15CDD6FD182DA553B5F2CC78A1DAF4B26D6D03D21848708D63C9C9B23,False
B51_B5_0_ACCEPTED_CANDIDATE_COPY,READ_ONLY_CANDIDATE_DONOR_COPY,F:\China Graduate Future Flight Vehicle Innovation Competition\20_engineering\cad\B5_1_B601_interface_closure_candidate\00_BASELINE_DONORS\B5_0_ACCEPTED_CANDIDATE_FULL_COPY\03_CAD\native_runs\B50_BASE_REF_20260728T0029Z\10_reference_parts\B50_BASE_ADAPTER_PRIMARY_BOSS_ENVELOPE.SLDPRT,03_CAD/native_runs/B50_BASE_REF_20260728T0029Z/10_reference_parts/B50_BASE_ADAPTER_PRIMARY_BOSS_ENVELOPE.SLDPRT,F:\China Graduate Future Flight Vehicle Innovation Competition\20_engineering\cad\B5_0_B601_space_manipulator_candidate\03_CAD\native_runs\B50_BASE_REF_20260728T0029Z\10_reference_parts\B50_BASE_ADAPTER_PRIMARY_BOSS_ENVELOPE.SLDPRT,70694,C57273C15CDD6FD182DA553B5F2CC78A1DAF4B26D6D03D21848708D63C9C9B23,False
B5_0_ACCEPTED_CANDIDATE_SOURCE,READ_ONLY_ACCEPTED_CANDIDATE,F:\China Graduate Future Flight Vehicle Innovation Competition\20_engineering\cad\B5_0_B601_space_manipulator_candidate\03_CAD\native_runs\B50_BASE_REF_20260728T0029Z\10_reference_parts\B50_BASE_ADAPTER_SPREADER_PLATE_ENVELOPE.SLDPRT,03_CAD/native_runs/B50_BASE_REF_20260728T0029Z/10_reference_parts/B50_BASE_ADAPTER_SPREADER_PLATE_ENVELOPE.SLDPRT,,59963,9037D5DEC7C33A4709341C35CA7E9AA48D4DB5C13E59A5513A6A7A886012EEB0,False
B51_B5_0_ACCEPTED_CANDIDATE_COPY,READ_ONLY_CANDIDATE_DONOR_COPY,F:\China Graduate Future Flight Vehicle Innovation Competition\20_engineering\cad\B5_1_B601_interface_closure_candidate\00_BASELINE_DONORS\B5_0_ACCEPTED_CANDIDATE_FULL_COPY\03_CAD\native_runs\B50_BASE_REF_20260728T0029Z\10_reference_parts\B50_BASE_ADAPTER_SPREADER_PLATE_ENVELOPE.SLDPRT,03_CAD/native_runs/B50_BASE_REF_20260728T0029Z/10_reference_parts/B50_BASE_ADAPTER_SPREADER_PLATE_ENVELOPE.SLDPRT,F:\China Graduate Future Flight Vehicle Innovation Competition\20_engineering\cad\B5_0_B601_space_manipulator_candidate\03_CAD\native_runs\B50_BASE_REF_20260728T0029Z\10_reference_parts\B50_BASE_ADAPTER_SPREADER_PLATE_ENVELOPE.SLDPRT,59963,9037D5DEC7C33A4709341C35CA7E9AA48D4DB5C13E59A5513A6A7A886012EEB0,False
B5_0_ACCEPTED_CANDIDATE_SOURCE,READ_ONLY_ACCEPTED_CANDIDATE,F:\China Graduate Future Flight Vehicle Innovation Competition\20_engineering\cad\B5_0_B601_space_manipulator_candidate\03_CAD\native_runs\B50_BASE_REF_20260728T0029Z\10_reference_parts\B50_BASE_ADAPTER_UPPER_FLANGE_ENVELOPE.SLDPRT,03_CAD/native_runs/B50_BASE_REF_20260728T0029Z/10_reference_parts/B50_BASE_ADAPTER_UPPER_FLANGE_ENVELOPE.SLDPRT,,60195,409CDD3229EBAB7361C7C93DEA5E010E21DF73D94EAB5FE279CA1044BA9ACB1E,False
B51_B5_0_ACCEPTED_CANDIDATE_COPY,READ_ONLY_CANDIDATE_DONOR_COPY,F:\China Graduate Future Flight Vehicle Innovation Competition\20_engineering\cad\B5_1_B601_interface_closure_candidate\00_BASELINE_DONORS\B5_0_ACCEPTED_CANDIDATE_FULL_COPY\03_CAD\native_runs\B50_BASE_REF_20260728T0029Z\10_reference_parts\B50_BASE_ADAPTER_UPPER_FLANGE_ENVELOPE.SLDPRT,03_CAD/native_runs/B50_BASE_REF_20260728T0029Z/10_reference_parts/B50_BASE_ADAPTER_UPPER_FLANGE_ENVELOPE.SLDPRT,F:\China Graduate Future Flight Vehicle Innovation Competition\20_engineering\cad\B5_0_B601_space_manipulator_candidate\03_CAD\native_runs\B50_BASE_REF_20260728T0029Z\10_reference_parts\B50_BASE_ADAPTER_UPPER_FLANGE_ENVELOPE.SLDPRT,60195,409CDD3229EBAB7361C7C93DEA5E010E21DF73D94EAB5FE279CA1044BA9ACB1E,False
B5_0_ACCEPTED_CANDIDATE_SOURCE,READ_ONLY_ACCEPTED_CANDIDATE,F:\China Graduate Future Flight Vehicle Innovation Competition\20_engineering\cad\B5_0_B601_space_manipulator_candidate\03_CAD\native_runs\B50_BASE_REF_20260728T0029Z\20_assembly\B601_BASE_ADAPTER.SLDASM,03_CAD/native_runs/B50_BASE_REF_20260728T0029Z/20_assembly/B601_BASE_ADAPTER.SLDASM,,58427,DA3B2BDF3F28E7125B0028641665BA8579EDB7538059D3C0C44766B1350578E2,False
B51_B5_0_ACCEPTED_CANDIDATE_COPY,READ_ONLY_CANDIDATE_DONOR_COPY,F:\China Graduate Future Flight Vehicle Innovation Competition\20_engineering\cad\B5_1_B601_interface_closure_candidate\00_BASELINE_DONORS\B5_0_ACCEPTED_CANDIDATE_FULL_COPY\03_CAD\native_runs\B50_BASE_REF_20260728T0029Z\20_assembly\B601_BASE_ADAPTER.SLDASM,03_CAD/native_runs/B50_BASE_REF_20260728T0029Z/20_assembly/B601_BASE_ADAPTER.SLDASM,F:\China Graduate Future Flight Vehicle Innovation Competition\20_engineering\cad\B5_0_B601_space_manipulator_candidate\03_CAD\native_runs\B50_BASE_REF_20260728T0029Z\20_assembly\B601_BASE_ADAPTER.SLDASM,58427,DA3B2BDF3F28E7125B0028641665BA8579EDB7538059D3C0C44766B1350578E2,False
B5_0_ACCEPTED_CANDIDATE_SOURCE,READ_ONLY_ACCEPTED_CANDIDATE,F:\China Graduate Future Flight Vehicle Innovation Competition\20_engineering\cad\B5_0_B601_space_manipulator_candidate\03_CAD\native_runs\B50_BASE_REF_20260728T0029Z\30_exports\.B601_BASE_ADAPTER_REFERENCE.step.glb,03_CAD/native_runs/B50_BASE_REF_20260728T0029Z/30_exports/.B601_BASE_ADAPTER_REFERENCE.step.glb,,75280,46ED620E02DA4ACF819A34090B7E92489BB5E17C4BD0E64F493A210619D6B2CD,False
B51_B5_0_ACCEPTED_CANDIDATE_COPY,READ_ONLY_CANDIDATE_DONOR_COPY,F:\China Graduate Future Flight Vehicle Innovation Competition\20_engineering\cad\B5_1_B601_interface_closure_candidate\00_BASELINE_DONORS\B5_0_ACCEPTED_CANDIDATE_FULL_COPY\03_CAD\native_runs\B50_BASE_REF_20260728T0029Z\30_exports\.B601_BASE_ADAPTER_REFERENCE.step.glb,03_CAD/native_runs/B50_BASE_REF_20260728T0029Z/30_exports/.B601_BASE_ADAPTER_REFERENCE.step.glb,F:\China Graduate Future Flight Vehicle Innovation Competition\20_engineering\cad\B5_0_B601_space_manipulator_candidate\03_CAD\native_runs\B50_BASE_REF_20260728T0029Z\30_exports\.B601_BASE_ADAPTER_REFERENCE.step.glb,75280,46ED620E02DA4ACF819A34090B7E92489BB5E17C4BD0E64F493A210619D6B2CD,False
B5_0_ACCEPTED_CANDIDATE_SOURCE,READ_ONLY_ACCEPTED_CANDIDATE,F:\China Graduate Future Flight Vehicle Innovation Competition\20_engineering\cad\B5_0_B601_space_manipulator_candidate\03_CAD\native_runs\B50_BASE_REF_20260728T0029Z\30_exports\B601_BASE_ADAPTER_REFERENCE.step,03_CAD/native_runs/B50_BASE_REF_20260728T0029Z/30_exports/B601_BASE_ADAPTER_REFERENCE.step,,55061,FB913E390F9E0B896045983C4758AD4C0D5BF35ED9D9D596F53000C5A2D967F9,False
B51_B5_0_ACCEPTED_CANDIDATE_COPY,READ_ONLY_CANDIDATE_DONOR_COPY,F:\China Graduate Future Flight Vehicle Innovation Competition\20_engineering\cad\B5_1_B601_interface_closure_candidate\00_BASELINE_DONORS\B5_0_ACCEPTED_CANDIDATE_FULL_COPY\03_CAD\native_runs\B50_BASE_REF_20260728T0029Z\30_exports\B601_BASE_ADAPTER_REFERENCE.step,03_CAD/native_runs/B50_BASE_REF_20260728T0029Z/30_exports/B601_BASE_ADAPTER_REFERENCE.step,F:\China Graduate Future Flight Vehicle Innovation Competition\20_engineering\cad\B5_0_B601_space_manipulator_candidate\03_CAD\native_runs\B50_BASE_REF_20260728T0029Z\30_exports\B601_BASE_ADAPTER_REFERENCE.step,55061,FB913E390F9E0B896045983C4758AD4C0D5BF35ED9D9D596F53000C5A2D967F9,False
B5_0_ACCEPTED_CANDIDATE_SOURCE,READ_ONLY_ACCEPTED_CANDIDATE,F:\China Graduate Future Flight Vehicle Innovation Competition\20_engineering\cad\B5_0_B601_space_manipulator_candidate\03_CAD\native_runs\B50_BASE_REF_20260728T0029Z\40_drawings\B601_BASE_ADAPTER_REFERENCE.SLDDRW,03_CAD/native_runs/B50_BASE_REF_20260728T0029Z/40_drawings/B601_BASE_ADAPTER_REFERENCE.SLDDRW,,97792,3D204DFC5A7467A484E1A7FA35FD0DD350E57DE0985C353B4C12F5FA6AB77219,False
B51_B5_0_ACCEPTED_CANDIDATE_COPY,READ_ONLY_CANDIDATE_DONOR_COPY,F:\China Graduate Future Flight Vehicle Innovation Competition\20_engineering\cad\B5_1_B601_interface_closure_candidate\00_BASELINE_DONORS\B5_0_ACCEPTED_CANDIDATE_FULL_COPY\03_CAD\native_runs\B50_BASE_REF_20260728T0029Z\40_drawings\B601_BASE_ADAPTER_REFERENCE.SLDDRW,03_CAD/native_runs/B50_BASE_REF_20260728T0029Z/40_drawings/B601_BASE_ADAPTER_REFERENCE.SLDDRW,F:\China Graduate Future Flight Vehicle Innovation Competition\20_engineering\cad\B5_0_B601_space_manipulator_candidate\03_CAD\native_runs\B50_BASE_REF_20260728T0029Z\40_drawings\B601_BASE_ADAPTER_REFERENCE.SLDDRW,97792,3D204DFC5A7467A484E1A7FA35FD0DD350E57DE0985C353B4C12F5FA6AB77219,False
B5_0_ACCEPTED_CANDIDATE_SOURCE,READ_ONLY_ACCEPTED_CANDIDATE,F:\China Graduate Future Flight Vehicle Innovation Competition\20_engineering\cad\B5_0_B601_space_manipulator_candidate\03_CAD\native_runs\B50_BASE_REF_20260728T0029Z\evidence\base_adapter_reference_build.json,03_CAD/native_runs/B50_BASE_REF_20260728T0029Z/evidence/base_adapter_reference_build.json,,19040,30491E00563F1E9CCAFADD482EF8ED15AD8DBA3264B6F88046CCF67ED1F80047,False
B51_B5_0_ACCEPTED_CANDIDATE_COPY,READ_ONLY_CANDIDATE_DONOR_COPY,F:\China Graduate Future Flight Vehicle Innovation Competition\20_engineering\cad\B5_1_B601_interface_closure_candidate\00_BASELINE_DONORS\B5_0_ACCEPTED_CANDIDATE_FULL_COPY\03_CAD\native_runs\B50_BASE_REF_20260728T0029Z\evidence\base_adapter_reference_build.json,03_CAD/native_runs/B50_BASE_REF_20260728T0029Z/evidence/base_adapter_reference_build.json,F:\China Graduate Future Flight Vehicle Innovation Competition\20_engineering\cad\B5_0_B601_space_manipulator_candidate\03_CAD\native_runs\B50_BASE_REF_20260728T0029Z\evidence\base_adapter_reference_build.json,19040,30491E00563F1E9CCAFADD482EF8ED15AD8DBA3264B6F88046CCF67ED1F80047,False
B5_0_ACCEPTED_CANDIDATE_SOURCE,READ_ONLY_ACCEPTED_CANDIDATE,F:\China Graduate Future Flight Vehicle Innovation Competition\20_engineering\cad\B5_0_B601_space_manipulator_candidate\03_CAD\native_runs\B50_BASE_REF_20260728T0029Z\evidence\base_adapter_reference_cold_verify.json,03_CAD/native_runs/B50_BASE_REF_20260728T0029Z/evidence/base_adapter_reference_cold_verify.json,,18732,9DAC85E5B07A9053181E21232BA76C65EA5F8299FFDCF52CE0E2011A7ACBFF8C,False
B51_B5_0_ACCEPTED_CANDIDATE_COPY,READ_ONLY_CANDIDATE_DONOR_COPY,F:\China Graduate Future Flight Vehicle Innovation Competition\20_engineering\cad\B5_1_B601_interface_closure_candidate\00_BASELINE_DONORS\B5_0_ACCEPTED_CANDIDATE_FULL_COPY\03_CAD\native_runs\B50_BASE_REF_20260728T0029Z\evidence\base_adapter_reference_cold_verify.json,03_CAD/native_runs/B50_BASE_REF_20260728T0029Z/evidence/base_adapter_reference_cold_verify.json,F:\China Graduate Future Flight Vehicle Innovation Competition\20_engineering\cad\B5_0_B601_space_manipulator_candidate\03_CAD\native_runs\B50_BASE_REF_20260728T0029Z\evidence\base_adapter_reference_cold_verify.json,18732,9DAC85E5B07A9053181E21232BA76C65EA5F8299FFDCF52CE0E2011A7ACBFF8C,False
B5_0_ACCEPTED_CANDIDATE_SOURCE,READ_ONLY_ACCEPTED_CANDIDATE,F:\China Graduate Future Flight Vehicle Innovation Competition\20_engineering\cad\B5_0_B601_space_manipulator_candidate\03_CAD\native_runs\B50_BASE_REF_20260728T0029Z\evidence\base_adapter_reference_gate.json,03_CAD/native_runs/B50_BASE_REF_20260728T0029Z/evidence/base_adapter_reference_gate.json,,6375,36F8AFCFEC33B1BD6D02AA2BEDC2A6F6576ACC0EFC8B0450E1C99D32E0C4F805,False
B51_B5_0_ACCEPTED_CANDIDATE_COPY,READ_ONLY_CANDIDATE_DONOR_COPY,F:\China Graduate Future Flight Vehicle Innovation Competition\20_engineering\cad\B5_1_B601_interface_closure_candidate\00_BASELINE_DONORS\B5_0_ACCEPTED_CANDIDATE_FULL_COPY\03_CAD\native_runs\B50_BASE_REF_20260728T0029Z\evidence\base_adapter_reference_gate.json,03_CAD/native_runs/B50_BASE_REF_20260728T0029Z/evidence/base_adapter_reference_gate.json,F:\China Graduate Future Flight Vehicle Innovation Competition\20_engineering\cad\B5_0_B601_space_manipulator_candidate\03_CAD\native_runs\B50_BASE_REF_20260728T0029Z\evidence\base_adapter_reference_gate.json,6375,36F8AFCFEC33B1BD6D02AA2BEDC2A6F6576ACC0EFC8B0450E1C99D32E0C4F805,False
B5_0_ACCEPTED_CANDIDATE_SOURCE,READ_ONLY_ACCEPTED_CANDIDATE,F:\China Graduate Future Flight Vehicle Innovation Competition\20_engineering\cad\B5_0_B601_space_manipulator_candidate\03_CAD\native_runs\B50_BASE_REF_20260728T0029Z\evidence\cad_cli_inspect_refs.json,03_CAD/native_runs/B50_BASE_REF_20260728T0029Z/evidence/cad_cli_inspect_refs.json,,1247,B80FA09D85FF3E70A0DE3A4452677619E3647E12B63265FFE9F393EE3BF35672,False
B51_B5_0_ACCEPTED_CANDIDATE_COPY,READ_ONLY_CANDIDATE_DONOR_COPY,F:\China Graduate Future Flight Vehicle Innovation Competition\20_engineering\cad\B5_1_B601_interface_closure_candidate\00_BASELINE_DONORS\B5_0_ACCEPTED_CANDIDATE_FULL_COPY\03_CAD\native_runs\B50_BASE_REF_20260728T0029Z\evidence\cad_cli_inspect_refs.json,03_CAD/native_runs/B50_BASE_REF_20260728T0029Z/evidence/cad_cli_inspect_refs.json,F:\China Graduate Future Flight Vehicle Innovation Competition\20_engineering\cad\B5_0_B601_space_manipulator_candidate\03_CAD\native_runs\B50_BASE_REF_20260728T0029Z\evidence\cad_cli_inspect_refs.json,1247,B80FA09D85FF3E70A0DE3A4452677619E3647E12B63265FFE9F393EE3BF35672,False
B5_0_ACCEPTED_CANDIDATE_SOURCE,READ_ONLY_ACCEPTED_CANDIDATE,F:\China Graduate Future Flight Vehicle Innovation Competition\20_engineering\cad\B5_0_B601_space_manipulator_candidate\03_CAD\native_runs\B50_BASE_REF_20260728T0029Z\evidence\visual_review.json,03_CAD/native_runs/B50_BASE_REF_20260728T0029Z/evidence/visual_review.json,,2344,82F904563EBA875860FD72B6ED6CA87C3C80C5246198EF8454A66E8A5E226362,False
B51_B5_0_ACCEPTED_CANDIDATE_COPY,READ_ONLY_CANDIDATE_DONOR_COPY,F:\China Graduate Future Flight Vehicle Innovation Competition\20_engineering\cad\B5_1_B601_interface_closure_candidate\00_BASELINE_DONORS\B5_0_ACCEPTED_CANDIDATE_FULL_COPY\03_CAD\native_runs\B50_BASE_REF_20260728T0029Z\evidence\visual_review.json,03_CAD/native_runs/B50_BASE_REF_20260728T0029Z/evidence/visual_review.json,F:\China Graduate Future Flight Vehicle Innovation Competition\20_engineering\cad\B5_0_B601_space_manipulator_candidate\03_CAD\native_runs\B50_BASE_REF_20260728T0029Z\evidence\visual_review.json,2344,82F904563EBA875860FD72B6ED6CA87C3C80C5246198EF8454A66E8A5E226362,False
B5_0_ACCEPTED_CANDIDATE_SOURCE,READ_ONLY_ACCEPTED_CANDIDATE,F:\China Graduate Future Flight Vehicle Innovation Competition\20_engineering\cad\B5_0_B601_space_manipulator_candidate\03_CAD\native_runs\B50_BASE_REF_20260728T0029Z\reviews\B601_BASE_ADAPTER_REFERENCE_exploded_20260728T003709Z.png,03_CAD/native_runs/B50_BASE_REF_20260728T0029Z/reviews/B601_BASE_ADAPTER_REFERENCE_exploded_20260728T003709Z.png,,131876,7AE54CC31C86871FB488BBECD4AB365D50C08C76AE1CB530F11A8A153085C7B0,False
B51_B5_0_ACCEPTED_CANDIDATE_COPY,READ_ONLY_CANDIDATE_DONOR_COPY,F:\China Graduate Future Flight Vehicle Innovation Competition\20_engineering\cad\B5_1_B601_interface_closure_candidate\00_BASELINE_DONORS\B5_0_ACCEPTED_CANDIDATE_FULL_COPY\03_CAD\native_runs\B50_BASE_REF_20260728T0029Z\reviews\B601_BASE_ADAPTER_REFERENCE_exploded_20260728T003709Z.png,03_CAD/native_runs/B50_BASE_REF_20260728T0029Z/reviews/B601_BASE_ADAPTER_REFERENCE_exploded_20260728T003709Z.png,F:\China Graduate Future Flight Vehicle Innovation Competition\20_engineering\cad\B5_0_B601_space_manipulator_candidate\03_CAD\native_runs\B50_BASE_REF_20260728T0029Z\reviews\B601_BASE_ADAPTER_REFERENCE_exploded_20260728T003709Z.png,131876,7AE54CC31C86871FB488BBECD4AB365D50C08C76AE1CB530F11A8A153085C7B0,False
B5_0_ACCEPTED_CANDIDATE_SOURCE,READ_ONLY_ACCEPTED_CANDIDATE,F:\China Graduate Future Flight Vehicle Innovation Competition\20_engineering\cad\B5_0_B601_space_manipulator_candidate\03_CAD\native_runs\B50_BASE_REF_20260728T0029Z\reviews\B601_BASE_ADAPTER_REFERENCE_faces_20260728T003750Z.png,03_CAD/native_runs/B50_BASE_REF_20260728T0029Z/reviews/B601_BASE_ADAPTER_REFERENCE_faces_20260728T003750Z.png,,52667,19909E0D5BF806F86188B3126359871A32BFF09212D908F58B520F4E717A6B37,False
B51_B5_0_ACCEPTED_CANDIDATE_COPY,READ_ONLY_CANDIDATE_DONOR_COPY,F:\China Graduate Future Flight Vehicle Innovation Competition\20_engineering\cad\B5_1_B601_interface_closure_candidate\00_BASELINE_DONORS\B5_0_ACCEPTED_CANDIDATE_FULL_COPY\03_CAD\native_runs\B50_BASE_REF_20260728T0029Z\reviews\B601_BASE_ADAPTER_REFERENCE_faces_20260728T003750Z.png,03_CAD/native_runs/B50_BASE_REF_20260728T0029Z/reviews/B601_BASE_ADAPTER_REFERENCE_faces_20260728T003750Z.png,F:\China Graduate Future Flight Vehicle Innovation Competition\20_engineering\cad\B5_0_B601_space_manipulator_candidate\03_CAD\native_runs\B50_BASE_REF_20260728T0029Z\reviews\B601_BASE_ADAPTER_REFERENCE_faces_20260728T003750Z.png,52667,19909E0D5BF806F86188B3126359871A32BFF09212D908F58B520F4E717A6B37,False
B5_0_ACCEPTED_CANDIDATE_SOURCE,READ_ONLY_ACCEPTED_CANDIDATE,F:\China Graduate Future Flight Vehicle Innovation Competition\20_engineering\cad\B5_0_B601_space_manipulator_candidate\03_CAD\native_runs\B50_BASE_REF_20260728T0029Z\reviews\B601_BASE_ADAPTER_REFERENCE_iso_20260728T003540Z.png,03_CAD/native_runs/B50_BASE_REF_20260728T0029Z/reviews/B601_BASE_ADAPTER_REFERENCE_iso_20260728T003540Z.png,,127065,32A112E58EAA1E3B1FA3BDA69D94FFDFDD75E667D027171C7D393D32DC6A6F0E,False
B51_B5_0_ACCEPTED_CANDIDATE_COPY,READ_ONLY_CANDIDATE_DONOR_COPY,F:\China Graduate Future Flight Vehicle Innovation Competition\20_engineering\cad\B5_1_B601_interface_closure_candidate\00_BASELINE_DONORS\B5_0_ACCEPTED_CANDIDATE_FULL_COPY\03_CAD\native_runs\B50_BASE_REF_20260728T0029Z\reviews\B601_BASE_ADAPTER_REFERENCE_iso_20260728T003540Z.png,03_CAD/native_runs/B50_BASE_REF_20260728T0029Z/reviews/B601_BASE_ADAPTER_REFERENCE_iso_20260728T003540Z.png,F:\China Graduate Future Flight Vehicle Innovation Competition\20_engineering\cad\B5_0_B601_space_manipulator_candidate\03_CAD\native_runs\B50_BASE_REF_20260728T0029Z\reviews\B601_BASE_ADAPTER_REFERENCE_iso_20260728T003540Z.png,127065,32A112E58EAA1E3B1FA3BDA69D94FFDFDD75E667D027171C7D393D32DC6A6F0E,False
B5_0_ACCEPTED_CANDIDATE_SOURCE,READ_ONLY_ACCEPTED_CANDIDATE,F:\China Graduate Future Flight Vehicle Innovation Competition\20_engineering\cad\B5_0_B601_space_manipulator_candidate\03_CAD\native_runs\B50_BASE_REF_20260728T0029Z\reviews\base_adapter_snapshot_exploded_job.json,03_CAD/native_runs/B50_BASE_REF_20260728T0029Z/reviews/base_adapter_snapshot_exploded_job.json,,557,FD73C67764B15F22A88E57CC106935B19CD7842763F95F81E2713C2C2DE641F7,False
B51_B5_0_ACCEPTED_CANDIDATE_COPY,READ_ONLY_CANDIDATE_DONOR_COPY,F:\China Graduate Future Flight Vehicle Innovation Competition\20_engineering\cad\B5_1_B601_interface_closure_candidate\00_BASELINE_DONORS\B5_0_ACCEPTED_CANDIDATE_FULL_COPY\03_CAD\native_runs\B50_BASE_REF_20260728T0029Z\reviews\base_adapter_snapshot_exploded_job.json,03_CAD/native_runs/B50_BASE_REF_20260728T0029Z/reviews/base_adapter_snapshot_exploded_job.json,F:\China Graduate Future Flight Vehicle Innovation Competition\20_engineering\cad\B5_0_B601_space_manipulator_candidate\03_CAD\native_runs\B50_BASE_REF_20260728T0029Z\reviews\base_adapter_snapshot_exploded_job.json,557,FD73C67764B15F22A88E57CC106935B19CD7842763F95F81E2713C2C2DE641F7,False
B5_0_ACCEPTED_CANDIDATE_SOURCE,READ_ONLY_ACCEPTED_CANDIDATE,F:\China Graduate Future Flight Vehicle Innovation Competition\20_engineering\cad\B5_0_B601_space_manipulator_candidate\03_CAD\native_runs\B50_BASE_REF_20260728T0029Z\reviews\base_adapter_snapshot_faces_job.json,03_CAD/native_runs/B50_BASE_REF_20260728T0029Z/reviews/base_adapter_snapshot_faces_job.json,,556,8A8E0FB9D698524601E8FA98D21CA75BC4FD63B18F605CB55590C12829F267A7,False
B51_B5_0_ACCEPTED_CANDIDATE_COPY,READ_ONLY_CANDIDATE_DONOR_COPY,F:\China Graduate Future Flight Vehicle Innovation Competition\20_engineering\cad\B5_1_B601_interface_closure_candidate\00_BASELINE_DONORS\B5_0_ACCEPTED_CANDIDATE_FULL_COPY\03_CAD\native_runs\B50_BASE_REF_20260728T0029Z\reviews\base_adapter_snapshot_faces_job.json,03_CAD/native_runs/B50_BASE_REF_20260728T0029Z/reviews/base_adapter_snapshot_faces_job.json,F:\China Graduate Future Flight Vehicle Innovation Competition\20_engineering\cad\B5_0_B601_space_manipulator_candidate\03_CAD\native_runs\B50_BASE_REF_20260728T0029Z\reviews\base_adapter_snapshot_faces_job.json,556,8A8E0FB9D698524601E8FA98D21CA75BC4FD63B18F605CB55590C12829F267A7,False
B5_0_ACCEPTED_CANDIDATE_SOURCE,READ_ONLY_ACCEPTED_CANDIDATE,F:\China Graduate Future Flight Vehicle Innovation Competition\20_engineering\cad\B5_0_B601_space_manipulator_candidate\03_CAD\native_runs\B50_NATIVE_20260727T2142Z\00_skeleton\B50_B601_MASTER_SKELETON.SLDPRT,03_CAD/native_runs/B50_NATIVE_20260727T2142Z/00_skeleton/B50_B601_MASTER_SKELETON.SLDPRT,,56620,57261D56DC1F96650E4C79C5895CC8B4FA8A4CB302CF219E2686D4A7BC525181,False
B51_B5_0_ACCEPTED_CANDIDATE_COPY,READ_ONLY_CANDIDATE_DONOR_COPY,F:\China Graduate Future Flight Vehicle Innovation Competition\20_engineering\cad\B5_1_B601_interface_closure_candidate\00_BASELINE_DONORS\B5_0_ACCEPTED_CANDIDATE_FULL_COPY\03_CAD\native_runs\B50_NATIVE_20260727T2142Z\00_skeleton\B50_B601_MASTER_SKELETON.SLDPRT,03_CAD/native_runs/B50_NATIVE_20260727T2142Z/00_skeleton/B50_B601_MASTER_SKELETON.SLDPRT,F:\China Graduate Future Flight Vehicle Innovation Competition\20_engineering\cad\B5_0_B601_space_manipulator_candidate\03_CAD\native_runs\B50_NATIVE_20260727T2142Z\00_skeleton\B50_B601_MASTER_SKELETON.SLDPRT,56620,57261D56DC1F96650E4C79C5895CC8B4FA8A4CB302CF219E2686D4A7BC525181,False
B5_0_ACCEPTED_CANDIDATE_SOURCE,READ_ONLY_ACCEPTED_CANDIDATE,F:\China Graduate Future Flight Vehicle Innovation Competition\20_engineering\cad\B5_0_B601_space_manipulator_candidate\03_CAD\native_runs\B50_NATIVE_20260727T2142Z\evidence\master_skeleton_build.json,03_CAD/native_runs/B50_NATIVE_20260727T2142Z/evidence/master_skeleton_build.json,,5621,E0C3B4E619E53D9E76709E5FF9F125621E80D768D12FCACF5E1B762F002AB5EC,False
B51_B5_0_ACCEPTED_CANDIDATE_COPY,READ_ONLY_CANDIDATE_DONOR_COPY,F:\China Graduate Future Flight Vehicle Innovation Competition\20_engineering\cad\B5_1_B601_interface_closure_candidate\00_BASELINE_DONORS\B5_0_ACCEPTED_CANDIDATE_FULL_COPY\03_CAD\native_runs\B50_NATIVE_20260727T2142Z\evidence\master_skeleton_build.json,03_CAD/native_runs/B50_NATIVE_20260727T2142Z/evidence/master_skeleton_build.json,F:\China Graduate Future Flight Vehicle Innovation Competition\20_engineering\cad\B5_0_B601_space_manipulator_candidate\03_CAD\native_runs\B50_NATIVE_20260727T2142Z\evidence\master_skeleton_build.json,5621,E0C3B4E619E53D9E76709E5FF9F125621E80D768D12FCACF5E1B762F002AB5EC,False
B5_0_ACCEPTED_CANDIDATE_SOURCE,READ_ONLY_ACCEPTED_CANDIDATE,F:\China Graduate Future Flight Vehicle Innovation Competition\20_engineering\cad\B5_0_B601_space_manipulator_candidate\03_CAD\native_runs\B50_NATIVE_20260727T2142Z\evidence\native_G01_attempt1_timeout.json,03_CAD/native_runs/B50_NATIVE_20260727T2142Z/evidence/native_G01_attempt1_timeout.json,,1333,D90A8180968407488EA8E1924C3AE7F1E180A50267F649E3D1D3B9DC4118A7AF,False
B51_B5_0_ACCEPTED_CANDIDATE_COPY,READ_ONLY_CANDIDATE_DONOR_COPY,F:\China Graduate Future Flight Vehicle Innovation Competition\20_engineering\cad\B5_1_B601_interface_closure_candidate\00_BASELINE_DONORS\B5_0_ACCEPTED_CANDIDATE_FULL_COPY\03_CAD\native_runs\B50_NATIVE_20260727T2142Z\evidence\native_G01_attempt1_timeout.json,03_CAD/native_runs/B50_NATIVE_20260727T2142Z/evidence/native_G01_attempt1_timeout.json,F:\China Graduate Future Flight Vehicle Innovation Competition\20_engineering\cad\B5_0_B601_space_manipulator_candidate\03_CAD\native_runs\B50_NATIVE_20260727T2142Z\evidence\native_G01_attempt1_timeout.json,1333,D90A8180968407488EA8E1924C3AE7F1E180A50267F649E3D1D3B9DC4118A7AF,False
B5_0_ACCEPTED_CANDIDATE_SOURCE,READ_ONLY_ACCEPTED_CANDIDATE,F:\China Graduate Future Flight Vehicle Innovation Competition\20_engineering\cad\B5_0_B601_space_manipulator_candidate\03_CAD\native_runs\B50_NATIVE_20260727T2142Z\evidence\native_G01_build.json,03_CAD/native_runs/B50_NATIVE_20260727T2142Z/evidence/native_G01_build.json,,6969,07265BE951B5F6D7F15F5C9447F1B4CFBE8BFB62901760BFBB784ACB80B779E8,False
B51_B5_0_ACCEPTED_CANDIDATE_COPY,READ_ONLY_CANDIDATE_DONOR_COPY,F:\China Graduate Future Flight Vehicle Innovation Competition\20_engineering\cad\B5_1_B601_interface_closure_candidate\00_BASELINE_DONORS\B5_0_ACCEPTED_CANDIDATE_FULL_COPY\03_CAD\native_runs\B50_NATIVE_20260727T2142Z\evidence\native_G01_build.json,03_CAD/native_runs/B50_NATIVE_20260727T2142Z/evidence/native_G01_build.json,F:\China Graduate Future Flight Vehicle Innovation Competition\20_engineering\cad\B5_0_B601_space_manipulator_candidate\03_CAD\native_runs\B50_NATIVE_20260727T2142Z\evidence\native_G01_build.json,6969,07265BE951B5F6D7F15F5C9447F1B4CFBE8BFB62901760BFBB784ACB80B779E8,False
B5_0_ACCEPTED_CANDIDATE_SOURCE,READ_ONLY_ACCEPTED_CANDIDATE,F:\China Graduate Future Flight Vehicle Innovation Competition\20_engineering\cad\B5_0_B601_space_manipulator_candidate\03_CAD\native_runs\B50_NATIVE_20260727T2201Z\00_skeleton\B50_B601_MASTER_SKELETON.SLDPRT,03_CAD/native_runs/B50_NATIVE_20260727T2201Z/00_skeleton/B50_B601_MASTER_SKELETON.SLDPRT,,57011,2393396751C55C872D5ECD5F665170CE38B7D06EABE52B421AEBE7FA540F7814,False
B51_B5_0_ACCEPTED_CANDIDATE_COPY,READ_ONLY_CANDIDATE_DONOR_COPY,F:\China Graduate Future Flight Vehicle Innovation Competition\20_engineering\cad\B5_1_B601_interface_closure_candidate\00_BASELINE_DONORS\B5_0_ACCEPTED_CANDIDATE_FULL_COPY\03_CAD\native_runs\B50_NATIVE_20260727T2201Z\00_skeleton\B50_B601_MASTER_SKELETON.SLDPRT,03_CAD/native_runs/B50_NATIVE_20260727T2201Z/00_skeleton/B50_B601_MASTER_SKELETON.SLDPRT,F:\China Graduate Future Flight Vehicle Innovation Competition\20_engineering\cad\B5_0_B601_space_manipulator_candidate\03_CAD\native_runs\B50_NATIVE_20260727T2201Z\00_skeleton\B50_B601_MASTER_SKELETON.SLDPRT,57011,2393396751C55C872D5ECD5F665170CE38B7D06EABE52B421AEBE7FA540F7814,False
B5_0_ACCEPTED_CANDIDATE_SOURCE,READ_ONLY_ACCEPTED_CANDIDATE,F:\China Graduate Future Flight Vehicle Innovation Competition\20_engineering\cad\B5_0_B601_space_manipulator_candidate\03_CAD\native_runs\B50_NATIVE_20260727T2201Z\evidence\master_skeleton_build.json,03_CAD/native_runs/B50_NATIVE_20260727T2201Z/evidence/master_skeleton_build.json,,5652,E6F51B9D81C0AB2BA38AD83FE49EB0001AF97F9D20A666408F6662FEA20BE1BC,False
B51_B5_0_ACCEPTED_CANDIDATE_COPY,READ_ONLY_CANDIDATE_DONOR_COPY,F:\China Graduate Future Flight Vehicle Innovation Competition\20_engineering\cad\B5_1_B601_interface_closure_candidate\00_BASELINE_DONORS\B5_0_ACCEPTED_CANDIDATE_FULL_COPY\03_CAD\native_runs\B50_NATIVE_20260727T2201Z\evidence\master_skeleton_build.json,03_CAD/native_runs/B50_NATIVE_20260727T2201Z/evidence/master_skeleton_build.json,F:\China Graduate Future Flight Vehicle Innovation Competition\20_engineering\cad\B5_0_B601_space_manipulator_candidate\03_CAD\native_runs\B50_NATIVE_20260727T2201Z\evidence\master_skeleton_build.json,5652,E6F51B9D81C0AB2BA38AD83FE49EB0001AF97F9D20A666408F6662FEA20BE1BC,False
B5_0_ACCEPTED_CANDIDATE_SOURCE,READ_ONLY_ACCEPTED_CANDIDATE,F:\China Graduate Future Flight Vehicle Innovation Competition\20_engineering\cad\B5_0_B601_space_manipulator_candidate\03_CAD\native_runs\B50_NATIVE_20260727T2201Z\evidence\native_G01_build.json,03_CAD/native_runs/B50_NATIVE_20260727T2201Z/evidence/native_G01_build.json,,8222,04E161A157B8EF30FA45FF90B5F95FC6A9BF95A6008B70E67EBB04B372E03CDB,False
B51_B5_0_ACCEPTED_CANDIDATE_COPY,READ_ONLY_CANDIDATE_DONOR_COPY,F:\China Graduate Future Flight Vehicle Innovation Competition\20_engineering\cad\B5_1_B601_interface_closure_candidate\00_BASELINE_DONORS\B5_0_ACCEPTED_CANDIDATE_FULL_COPY\03_CAD\native_runs\B50_NATIVE_20260727T2201Z\evidence\native_G01_build.json,03_CAD/native_runs/B50_NATIVE_20260727T2201Z/evidence/native_G01_build.json,F:\China Graduate Future Flight Vehicle Innovation Competition\20_engineering\cad\B5_0_B601_space_manipulator_candidate\03_CAD\native_runs\B50_NATIVE_20260727T2201Z\evidence\native_G01_build.json,8222,04E161A157B8EF30FA45FF90B5F95FC6A9BF95A6008B70E67EBB04B372E03CDB,False
B5_0_ACCEPTED_CANDIDATE_SOURCE,READ_ONLY_ACCEPTED_CANDIDATE,F:\China Graduate Future Flight Vehicle Innovation Competition\20_engineering\cad\B5_0_B601_space_manipulator_candidate\03_CAD\native_runs\B50_NATIVE_20260727T2201Z\evidence\native_G01_import_preferences_before.json,03_CAD/native_runs/B50_NATIVE_20260727T2201Z/evidence/native_G01_import_preferences_before.json,,1176,9D38E5F7CE74CD5A2B7978FB5D7A024E1960BCF796B3E4FF6CBEDBFAA857930C,False
B51_B5_0_ACCEPTED_CANDIDATE_COPY,READ_ONLY_CANDIDATE_DONOR_COPY,F:\China Graduate Future Flight Vehicle Innovation Competition\20_engineering\cad\B5_1_B601_interface_closure_candidate\00_BASELINE_DONORS\B5_0_ACCEPTED_CANDIDATE_FULL_COPY\03_CAD\native_runs\B50_NATIVE_20260727T2201Z\evidence\native_G01_import_preferences_before.json,03_CAD/native_runs/B50_NATIVE_20260727T2201Z/evidence/native_G01_import_preferences_before.json,F:\China Graduate Future Flight Vehicle Innovation Competition\20_engineering\cad\B5_0_B601_space_manipulator_candidate\03_CAD\native_runs\B50_NATIVE_20260727T2201Z\evidence\native_G01_import_preferences_before.json,1176,9D38E5F7CE74CD5A2B7978FB5D7A024E1960BCF796B3E4FF6CBEDBFAA857930C,False
B5_0_ACCEPTED_CANDIDATE_SOURCE,READ_ONLY_ACCEPTED_CANDIDATE,F:\China Graduate Future Flight Vehicle Innovation Competition\20_engineering\cad\B5_0_B601_space_manipulator_candidate\03_CAD\native_runs\B50_NATIVE_20260727T2201Z\evidence\native_G01_import_timeout_recovery.json,03_CAD/native_runs/B50_NATIVE_20260727T2201Z/evidence/native_G01_import_timeout_recovery.json,,845,B6631BFF0EA8A8EEB1F3EEDB22B44ECE585321D3BF72938402E698BE60D67CF3,False
B51_B5_0_ACCEPTED_CANDIDATE_COPY,READ_ONLY_CANDIDATE_DONOR_COPY,F:\China Graduate Future Flight Vehicle Innovation Competition\20_engineering\cad\B5_1_B601_interface_closure_candidate\00_BASELINE_DONORS\B5_0_ACCEPTED_CANDIDATE_FULL_COPY\03_CAD\native_runs\B50_NATIVE_20260727T2201Z\evidence\native_G01_import_timeout_recovery.json,03_CAD/native_runs/B50_NATIVE_20260727T2201Z/evidence/native_G01_import_timeout_recovery.json,F:\China Graduate Future Flight Vehicle Innovation Competition\20_engineering\cad\B5_0_B601_space_manipulator_candidate\03_CAD\native_runs\B50_NATIVE_20260727T2201Z\evidence\native_G01_import_timeout_recovery.json,845,B6631BFF0EA8A8EEB1F3EEDB22B44ECE585321D3BF72938402E698BE60D67CF3,False
B5_0_ACCEPTED_CANDIDATE_SOURCE,READ_ONLY_ACCEPTED_CANDIDATE,F:\China Graduate Future Flight Vehicle Innovation Competition\20_engineering\cad\B5_0_B601_space_manipulator_candidate\03_CAD\native_runs\B50_NATIVE_20260727T2214Z\00_skeleton\B50_B601_MASTER_SKELETON.SLDPRT,03_CAD/native_runs/B50_NATIVE_20260727T2214Z/00_skeleton/B50_B601_MASTER_SKELETON.SLDPRT,,56545,86B14486CE185CD0D27BF3D26F4422847338073BEC188B747D883E987F88212A,False
B51_B5_0_ACCEPTED_CANDIDATE_COPY,READ_ONLY_CANDIDATE_DONOR_COPY,F:\China Graduate Future Flight Vehicle Innovation Competition\20_engineering\cad\B5_1_B601_interface_closure_candidate\00_BASELINE_DONORS\B5_0_ACCEPTED_CANDIDATE_FULL_COPY\03_CAD\native_runs\B50_NATIVE_20260727T2214Z\00_skeleton\B50_B601_MASTER_SKELETON.SLDPRT,03_CAD/native_runs/B50_NATIVE_20260727T2214Z/00_skeleton/B50_B601_MASTER_SKELETON.SLDPRT,F:\China Graduate Future Flight Vehicle Innovation Competition\20_engineering\cad\B5_0_B601_space_manipulator_candidate\03_CAD\native_runs\B50_NATIVE_20260727T2214Z\00_skeleton\B50_B601_MASTER_SKELETON.SLDPRT,56545,86B14486CE185CD0D27BF3D26F4422847338073BEC188B747D883E987F88212A,False
B5_0_ACCEPTED_CANDIDATE_SOURCE,READ_ONLY_ACCEPTED_CANDIDATE,F:\China Graduate Future Flight Vehicle Innovation Competition\20_engineering\cad\B5_0_B601_space_manipulator_candidate\03_CAD\native_runs\B50_NATIVE_20260727T2214Z\10_vendor_reference_parts\B50_REF_base_link_LINKLOCAL.SLDPRT,03_CAD/native_runs/B50_NATIVE_20260727T2214Z/10_vendor_reference_parts/B50_REF_base_link_LINKLOCAL.SLDPRT,,7421421,3693A96973CCBFE4C00B202C4D80027E44E0CB13BBEA73C6FAABD8A4D1E995B0,False
B51_B5_0_ACCEPTED_CANDIDATE_COPY,READ_ONLY_CANDIDATE_DONOR_COPY,F:\China Graduate Future Flight Vehicle Innovation Competition\20_engineering\cad\B5_1_B601_interface_closure_candidate\00_BASELINE_DONORS\B5_0_ACCEPTED_CANDIDATE_FULL_COPY\03_CAD\native_runs\B50_NATIVE_20260727T2214Z\10_vendor_reference_parts\B50_REF_base_link_LINKLOCAL.SLDPRT,03_CAD/native_runs/B50_NATIVE_20260727T2214Z/10_vendor_reference_parts/B50_REF_base_link_LINKLOCAL.SLDPRT,F:\China Graduate Future Flight Vehicle Innovation Competition\20_engineering\cad\B5_0_B601_space_manipulator_candidate\03_CAD\native_runs\B50_NATIVE_20260727T2214Z\10_vendor_reference_parts\B50_REF_base_link_LINKLOCAL.SLDPRT,7421421,3693A96973CCBFE4C00B202C4D80027E44E0CB13BBEA73C6FAABD8A4D1E995B0,False
B5_0_ACCEPTED_CANDIDATE_SOURCE,READ_ONLY_ACCEPTED_CANDIDATE,F:\China Graduate Future Flight Vehicle Innovation Competition\20_engineering\cad\B5_0_B601_space_manipulator_candidate\03_CAD\native_runs\B50_NATIVE_20260727T2214Z\10_vendor_reference_parts\B50_REF_gripper_detail_LINKLOCAL.SLDPRT,03_CAD/native_runs/B50_NATIVE_20260727T2214Z/10_vendor_reference_parts/B50_REF_gripper_detail_LINKLOCAL.SLDPRT,,5277750,6758B99741FFACABC31C2D629C6191F25C461AC877442212B468B141805EEECC,False
B51_B5_0_ACCEPTED_CANDIDATE_COPY,READ_ONLY_CANDIDATE_DONOR_COPY,F:\China Graduate Future Flight Vehicle Innovation Competition\20_engineering\cad\B5_1_B601_interface_closure_candidate\00_BASELINE_DONORS\B5_0_ACCEPTED_CANDIDATE_FULL_COPY\03_CAD\native_runs\B50_NATIVE_20260727T2214Z\10_vendor_reference_parts\B50_REF_gripper_detail_LINKLOCAL.SLDPRT,03_CAD/native_runs/B50_NATIVE_20260727T2214Z/10_vendor_reference_parts/B50_REF_gripper_detail_LINKLOCAL.SLDPRT,F:\China Graduate Future Flight Vehicle Innovation Competition\20_engineering\cad\B5_0_B601_space_manipulator_candidate\03_CAD\native_runs\B50_NATIVE_20260727T2214Z\10_vendor_reference_parts\B50_REF_gripper_detail_LINKLOCAL.SLDPRT,5277750,6758B99741FFACABC31C2D629C6191F25C461AC877442212B468B141805EEECC,False
B5_0_ACCEPTED_CANDIDATE_SOURCE,READ_ONLY_ACCEPTED_CANDIDATE,F:\China Graduate Future Flight Vehicle Innovation Competition\20_engineering\cad\B5_0_B601_space_manipulator_candidate\03_CAD\native_runs\B50_NATIVE_20260727T2214Z\10_vendor_reference_parts\B50_REF_link1_LINKLOCAL.SLDPRT,03_CAD/native_runs/B50_NATIVE_20260727T2214Z/10_vendor_reference_parts/B50_REF_link1_LINKLOCAL.SLDPRT,,817023,BDC68C8CC26AF2DB318F800384BBDE5659617B911FD2B64A7D10D1416AC4AEFB,False
B51_B5_0_ACCEPTED_CANDIDATE_COPY,READ_ONLY_CANDIDATE_DONOR_COPY,F:\China Graduate Future Flight Vehicle Innovation Competition\20_engineering\cad\B5_1_B601_interface_closure_candidate\00_BASELINE_DONORS\B5_0_ACCEPTED_CANDIDATE_FULL_COPY\03_CAD\native_runs\B50_NATIVE_20260727T2214Z\10_vendor_reference_parts\B50_REF_link1_LINKLOCAL.SLDPRT,03_CAD/native_runs/B50_NATIVE_20260727T2214Z/10_vendor_reference_parts/B50_REF_link1_LINKLOCAL.SLDPRT,F:\China Graduate Future Flight Vehicle Innovation Competition\20_engineering\cad\B5_0_B601_space_manipulator_candidate\03_CAD\native_runs\B50_NATIVE_20260727T2214Z\10_vendor_reference_parts\B50_REF_link1_LINKLOCAL.SLDPRT,817023,BDC68C8CC26AF2DB318F800384BBDE5659617B911FD2B64A7D10D1416AC4AEFB,False
B5_0_ACCEPTED_CANDIDATE_SOURCE,READ_ONLY_ACCEPTED_CANDIDATE,F:\China Graduate Future Flight Vehicle Innovation Competition\20_engineering\cad\B5_0_B601_space_manipulator_candidate\03_CAD\native_runs\B50_NATIVE_20260727T2214Z\10_vendor_reference_parts\B50_REF_link2_LINKLOCAL.SLDPRT,03_CAD/native_runs/B50_NATIVE_20260727T2214Z/10_vendor_reference_parts/B50_REF_link2_LINKLOCAL.SLDPRT,,9475930,DE6FD9A9E878585F0D7AB4476679E6A1F4CC49732D298AF4BA3AD8503381730E,False
B51_B5_0_ACCEPTED_CANDIDATE_COPY,READ_ONLY_CANDIDATE_DONOR_COPY,F:\China Graduate Future Flight Vehicle Innovation Competition\20_engineering\cad\B5_1_B601_interface_closure_candidate\00_BASELINE_DONORS\B5_0_ACCEPTED_CANDIDATE_FULL_COPY\03_CAD\native_runs\B50_NATIVE_20260727T2214Z\10_vendor_reference_parts\B50_REF_link2_LINKLOCAL.SLDPRT,03_CAD/native_runs/B50_NATIVE_20260727T2214Z/10_vendor_reference_parts/B50_REF_link2_LINKLOCAL.SLDPRT,F:\China Graduate Future Flight Vehicle Innovation Competition\20_engineering\cad\B5_0_B601_space_manipulator_candidate\03_CAD\native_runs\B50_NATIVE_20260727T2214Z\10_vendor_reference_parts\B50_REF_link2_LINKLOCAL.SLDPRT,9475930,DE6FD9A9E878585F0D7AB4476679E6A1F4CC49732D298AF4BA3AD8503381730E,False
B5_0_ACCEPTED_CANDIDATE_SOURCE,READ_ONLY_ACCEPTED_CANDIDATE,F:\China Graduate Future Flight Vehicle Innovation Competition\20_engineering\cad\B5_0_B601_space_manipulator_candidate\03_CAD\native_runs\B50_NATIVE_20260727T2214Z\10_vendor_reference_parts\B50_REF_link3_LINKLOCAL.SLDPRT,03_CAD/native_runs/B50_NATIVE_20260727T2214Z/10_vendor_reference_parts/B50_REF_link3_LINKLOCAL.SLDPRT,,7435199,1D8E82786F8F8D06BF75EDBCC1B0E8662D364BE08DE81E1BD3C4442811259F83,False
B51_B5_0_ACCEPTED_CANDIDATE_COPY,READ_ONLY_CANDIDATE_DONOR_COPY,F:\China Graduate Future Flight Vehicle Innovation Competition\20_engineering\cad\B5_1_B601_interface_closure_candidate\00_BASELINE_DONORS\B5_0_ACCEPTED_CANDIDATE_FULL_COPY\03_CAD\native_runs\B50_NATIVE_20260727T2214Z\10_vendor_reference_parts\B50_REF_link3_LINKLOCAL.SLDPRT,03_CAD/native_runs/B50_NATIVE_20260727T2214Z/10_vendor_reference_parts/B50_REF_link3_LINKLOCAL.SLDPRT,F:\China Graduate Future Flight Vehicle Innovation Competition\20_engineering\cad\B5_0_B601_space_manipulator_candidate\03_CAD\native_runs\B50_NATIVE_20260727T2214Z\10_vendor_reference_parts\B50_REF_link3_LINKLOCAL.SLDPRT,7435199,1D8E82786F8F8D06BF75EDBCC1B0E8662D364BE08DE81E1BD3C4442811259F83,False
B5_0_ACCEPTED_CANDIDATE_SOURCE,READ_ONLY_ACCEPTED_CANDIDATE,F:\China Graduate Future Flight Vehicle Innovation Competition\20_engineering\cad\B5_0_B601_space_manipulator_candidate\03_CAD\native_runs\B50_NATIVE_20260727T2214Z\10_vendor_reference_parts\B50_REF_link4_LINKLOCAL.SLDPRT,03_CAD/native_runs/B50_NATIVE_20260727T2214Z/10_vendor_reference_parts/B50_REF_link4_LINKLOCAL.SLDPRT,,5720938,3E60226EAE9BBFC460C0B7DC1CF2138ABFD8B579CD962F545E2821A4DDBC0AE4,False
B51_B5_0_ACCEPTED_CANDIDATE_COPY,READ_ONLY_CANDIDATE_DONOR_COPY,F:\China Graduate Future Flight Vehicle Innovation Competition\20_engineering\cad\B5_1_B601_interface_closure_candidate\00_BASELINE_DONORS\B5_0_ACCEPTED_CANDIDATE_FULL_COPY\03_CAD\native_runs\B50_NATIVE_20260727T2214Z\10_vendor_reference_parts\B50_REF_link4_LINKLOCAL.SLDPRT,03_CAD/native_runs/B50_NATIVE_20260727T2214Z/10_vendor_reference_parts/B50_REF_link4_LINKLOCAL.SLDPRT,F:\China Graduate Future Flight Vehicle Innovation Competition\20_engineering\cad\B5_0_B601_space_manipulator_candidate\03_CAD\native_runs\B50_NATIVE_20260727T2214Z\10_vendor_reference_parts\B50_REF_link4_LINKLOCAL.SLDPRT,5720938,3E60226EAE9BBFC460C0B7DC1CF2138ABFD8B579CD962F545E2821A4DDBC0AE4,False
B5_0_ACCEPTED_CANDIDATE_SOURCE,READ_ONLY_ACCEPTED_CANDIDATE,F:\China Graduate Future Flight Vehicle Innovation Competition\20_engineering\cad\B5_0_B601_space_manipulator_candidate\03_CAD\native_runs\B50_NATIVE_20260727T2214Z\10_vendor_reference_parts\B50_REF_link5_LINKLOCAL.SLDPRT,03_CAD/native_runs/B50_NATIVE_20260727T2214Z/10_vendor_reference_parts/B50_REF_link5_LINKLOCAL.SLDPRT,,4420332,EE7F882445CD43603902FBA7E66FF7F0A5765BEC09EC962DC39546132274513A,False
B51_B5_0_ACCEPTED_CANDIDATE_COPY,READ_ONLY_CANDIDATE_DONOR_COPY,F:\China Graduate Future Flight Vehicle Innovation Competition\20_engineering\cad\B5_1_B601_interface_closure_candidate\00_BASELINE_DONORS\B5_0_ACCEPTED_CANDIDATE_FULL_COPY\03_CAD\native_runs\B50_NATIVE_20260727T2214Z\10_vendor_reference_parts\B50_REF_link5_LINKLOCAL.SLDPRT,03_CAD/native_runs/B50_NATIVE_20260727T2214Z/10_vendor_reference_parts/B50_REF_link5_LINKLOCAL.SLDPRT,F:\China Graduate Future Flight Vehicle Innovation Competition\20_engineering\cad\B5_0_B601_space_manipulator_candidate\03_CAD\native_runs\B50_NATIVE_20260727T2214Z\10_vendor_reference_parts\B50_REF_link5_LINKLOCAL.SLDPRT,4420332,EE7F882445CD43603902FBA7E66FF7F0A5765BEC09EC962DC39546132274513A,False
B5_0_ACCEPTED_CANDIDATE_SOURCE,READ_ONLY_ACCEPTED_CANDIDATE,F:\China Graduate Future Flight Vehicle Innovation Competition\20_engineering\cad\B5_0_B601_space_manipulator_candidate\03_CAD\native_runs\B50_NATIVE_20260727T2214Z\10_vendor_reference_parts\B50_REF_link6_LINKLOCAL.SLDPRT,03_CAD/native_runs/B50_NATIVE_20260727T2214Z/10_vendor_reference_parts/B50_REF_link6_LINKLOCAL.SLDPRT,,8245526,863AEF31D7DEB964F6AF1B99DAC060EF5ED261340D2BE0F52419B1DEE775E68C,False
B51_B5_0_ACCEPTED_CANDIDATE_COPY,READ_ONLY_CANDIDATE_DONOR_COPY,F:\China Graduate Future Flight Vehicle Innovation Competition\20_engineering\cad\B5_1_B601_interface_closure_candidate\00_BASELINE_DONORS\B5_0_ACCEPTED_CANDIDATE_FULL_COPY\03_CAD\native_runs\B50_NATIVE_20260727T2214Z\10_vendor_reference_parts\B50_REF_link6_LINKLOCAL.SLDPRT,03_CAD/native_runs/B50_NATIVE_20260727T2214Z/10_vendor_reference_parts/B50_REF_link6_LINKLOCAL.SLDPRT,F:\China Graduate Future Flight Vehicle Innovation Competition\20_engineering\cad\B5_0_B601_space_manipulator_candidate\03_CAD\native_runs\B50_NATIVE_20260727T2214Z\10_vendor_reference_parts\B50_REF_link6_LINKLOCAL.SLDPRT,8245526,863AEF31D7DEB964F6AF1B99DAC060EF5ED261340D2BE0F52419B1DEE775E68C,False
B5_0_ACCEPTED_CANDIDATE_SOURCE,READ_ONLY_ACCEPTED_CANDIDATE,F:\China Graduate Future Flight Vehicle Innovation Competition\20_engineering\cad\B5_0_B601_space_manipulator_candidate\03_CAD\native_runs\B50_NATIVE_20260727T2214Z\20_assembly\B50_B601_ENGINEERING_ARM_Q0.SLDASM,03_CAD/native_runs/B50_NATIVE_20260727T2214Z/20_assembly/B50_B601_ENGINEERING_ARM_Q0.SLDASM,,25600066,7622969F4D8F49B295A82D28E720EF62DAEEA78A96B5D2BAB55AF67FC7955B99,False
B51_B5_0_ACCEPTED_CANDIDATE_COPY,READ_ONLY_CANDIDATE_DONOR_COPY,F:\China Graduate Future Flight Vehicle Innovation Competition\20_engineering\cad\B5_1_B601_interface_closure_candidate\00_BASELINE_DONORS\B5_0_ACCEPTED_CANDIDATE_FULL_COPY\03_CAD\native_runs\B50_NATIVE_20260727T2214Z\20_assembly\B50_B601_ENGINEERING_ARM_Q0.SLDASM,03_CAD/native_runs/B50_NATIVE_20260727T2214Z/20_assembly/B50_B601_ENGINEERING_ARM_Q0.SLDASM,F:\China Graduate Future Flight Vehicle Innovation Competition\20_engineering\cad\B5_0_B601_space_manipulator_candidate\03_CAD\native_runs\B50_NATIVE_20260727T2214Z\20_assembly\B50_B601_ENGINEERING_ARM_Q0.SLDASM,25600066,7622969F4D8F49B295A82D28E720EF62DAEEA78A96B5D2BAB55AF67FC7955B99,False
B5_0_ACCEPTED_CANDIDATE_SOURCE,READ_ONLY_ACCEPTED_CANDIDATE,F:\China Graduate Future Flight Vehicle Innovation Competition\20_engineering\cad\B5_0_B601_space_manipulator_candidate\03_CAD\native_runs\B50_NATIVE_20260727T2214Z\30_exports\.B50_B601_ENGINEERING_ARM_Q0.step.glb,03_CAD/native_runs/B50_NATIVE_20260727T2214Z/30_exports/.B50_B601_ENGINEERING_ARM_Q0.step.glb,,115713440,E6BBA65D1F143D9AC0446D8C5DCBADD06E01560FB1EAFB440F7CB050DF6C80EF,False
B51_B5_0_ACCEPTED_CANDIDATE_COPY,READ_ONLY_CANDIDATE_DONOR_COPY,F:\China Graduate Future Flight Vehicle Innovation Competition\20_engineering\cad\B5_1_B601_interface_closure_candidate\00_BASELINE_DONORS\B5_0_ACCEPTED_CANDIDATE_FULL_COPY\03_CAD\native_runs\B50_NATIVE_20260727T2214Z\30_exports\.B50_B601_ENGINEERING_ARM_Q0.step.glb,03_CAD/native_runs/B50_NATIVE_20260727T2214Z/30_exports/.B50_B601_ENGINEERING_ARM_Q0.step.glb,F:\China Graduate Future Flight Vehicle Innovation Competition\20_engineering\cad\B5_0_B601_space_manipulator_candidate\03_CAD\native_runs\B50_NATIVE_20260727T2214Z\30_exports\.B50_B601_ENGINEERING_ARM_Q0.step.glb,115713440,E6BBA65D1F143D9AC0446D8C5DCBADD06E01560FB1EAFB440F7CB050DF6C80EF,False
B5_0_ACCEPTED_CANDIDATE_SOURCE,READ_ONLY_ACCEPTED_CANDIDATE,F:\China Graduate Future Flight Vehicle Innovation Competition\20_engineering\cad\B5_0_B601_space_manipulator_candidate\03_CAD\native_runs\B50_NATIVE_20260727T2214Z\30_exports\B50_B601_ENGINEERING_ARM_Q0.glb,03_CAD/native_runs/B50_NATIVE_20260727T2214Z/30_exports/B50_B601_ENGINEERING_ARM_Q0.glb,,13368104,48E6916C09DB1E087637856949C60B4041B9EC88F966CEC956F839B11B2110E1,False
B51_B5_0_ACCEPTED_CANDIDATE_COPY,READ_ONLY_CANDIDATE_DONOR_COPY,F:\China Graduate Future Flight Vehicle Innovation Competition\20_engineering\cad\B5_1_B601_interface_closure_candidate\00_BASELINE_DONORS\B5_0_ACCEPTED_CANDIDATE_FULL_COPY\03_CAD\native_runs\B50_NATIVE_20260727T2214Z\30_exports\B50_B601_ENGINEERING_ARM_Q0.glb,03_CAD/native_runs/B50_NATIVE_20260727T2214Z/30_exports/B50_B601_ENGINEERING_ARM_Q0.glb,F:\China Graduate Future Flight Vehicle Innovation Competition\20_engineering\cad\B5_0_B601_space_manipulator_candidate\03_CAD\native_runs\B50_NATIVE_20260727T2214Z\30_exports\B50_B601_ENGINEERING_ARM_Q0.glb,13368104,48E6916C09DB1E087637856949C60B4041B9EC88F966CEC956F839B11B2110E1,False
B5_0_ACCEPTED_CANDIDATE_SOURCE,READ_ONLY_ACCEPTED_CANDIDATE,F:\China Graduate Future Flight Vehicle Innovation Competition\20_engineering\cad\B5_0_B601_space_manipulator_candidate\03_CAD\native_runs\B50_NATIVE_20260727T2214Z\30_exports\B50_B601_ENGINEERING_ARM_Q0.step,03_CAD/native_runs/B50_NATIVE_20260727T2214Z/30_exports/B50_B601_ENGINEERING_ARM_Q0.step,,124616124,70B3F05A674CB38D39E5DE3B51817DFF5BDE0D9A79639331009670E63AACCFA0,False
B51_B5_0_ACCEPTED_CANDIDATE_COPY,READ_ONLY_CANDIDATE_DONOR_COPY,F:\China Graduate Future Flight Vehicle Innovation Competition\20_engineering\cad\B5_1_B601_interface_closure_candidate\00_BASELINE_DONORS\B5_0_ACCEPTED_CANDIDATE_FULL_COPY\03_CAD\native_runs\B50_NATIVE_20260727T2214Z\30_exports\B50_B601_ENGINEERING_ARM_Q0.step,03_CAD/native_runs/B50_NATIVE_20260727T2214Z/30_exports/B50_B601_ENGINEERING_ARM_Q0.step,F:\China Graduate Future Flight Vehicle Innovation Competition\20_engineering\cad\B5_0_B601_space_manipulator_candidate\03_CAD\native_runs\B50_NATIVE_20260727T2214Z\30_exports\B50_B601_ENGINEERING_ARM_Q0.step,124616124,70B3F05A674CB38D39E5DE3B51817DFF5BDE0D9A79639331009670E63AACCFA0,False
B5_0_ACCEPTED_CANDIDATE_SOURCE,READ_ONLY_ACCEPTED_CANDIDATE,F:\China Graduate Future Flight Vehicle Innovation Competition\20_engineering\cad\B5_0_B601_space_manipulator_candidate\03_CAD\native_runs\B50_NATIVE_20260727T2214Z\30_exports\B50_B601_ENGINEERING_ARM_Q0.stl,03_CAD/native_runs/B50_NATIVE_20260727T2214Z/30_exports/B50_B601_ENGINEERING_ARM_Q0.stl,,18506134,5D17C6259C6911B5B92FB84E3819AC477BF2313AB6E7DE9B31717AC735E77E39,False
B51_B5_0_ACCEPTED_CANDIDATE_COPY,READ_ONLY_CANDIDATE_DONOR_COPY,F:\China Graduate Future Flight Vehicle Innovation Competition\20_engineering\cad\B5_1_B601_interface_closure_candidate\00_BASELINE_DONORS\B5_0_ACCEPTED_CANDIDATE_FULL_COPY\03_CAD\native_runs\B50_NATIVE_20260727T2214Z\30_exports\B50_B601_ENGINEERING_ARM_Q0.stl,03_CAD/native_runs/B50_NATIVE_20260727T2214Z/30_exports/B50_B601_ENGINEERING_ARM_Q0.stl,F:\China Graduate Future Flight Vehicle Innovation Competition\20_engineering\cad\B5_0_B601_space_manipulator_candidate\03_CAD\native_runs\B50_NATIVE_20260727T2214Z\30_exports\B50_B601_ENGINEERING_ARM_Q0.stl,18506134,5D17C6259C6911B5B92FB84E3819AC477BF2313AB6E7DE9B31717AC735E77E39,False
B5_0_ACCEPTED_CANDIDATE_SOURCE,READ_ONLY_ACCEPTED_CANDIDATE,F:\China Graduate Future Flight Vehicle Innovation Competition\20_engineering\cad\B5_0_B601_space_manipulator_candidate\03_CAD\native_runs\B50_NATIVE_20260727T2214Z\40_drawings\B50_B601_ENGINEERING_ARM_Q0.SLDDRW,03_CAD/native_runs/B50_NATIVE_20260727T2214Z/40_drawings/B50_B601_ENGINEERING_ARM_Q0.SLDDRW,,25295507,5AC5A232ED483B957DAEC478A4D34142877AC3BD89EF9D007DA6395ABF825A4C,False
B51_B5_0_ACCEPTED_CANDIDATE_COPY,READ_ONLY_CANDIDATE_DONOR_COPY,F:\China Graduate Future Flight Vehicle Innovation Competition\20_engineering\cad\B5_1_B601_interface_closure_candidate\00_BASELINE_DONORS\B5_0_ACCEPTED_CANDIDATE_FULL_COPY\03_CAD\native_runs\B50_NATIVE_20260727T2214Z\40_drawings\B50_B601_ENGINEERING_ARM_Q0.SLDDRW,03_CAD/native_runs/B50_NATIVE_20260727T2214Z/40_drawings/B50_B601_ENGINEERING_ARM_Q0.SLDDRW,F:\China Graduate Future Flight Vehicle Innovation Competition\20_engineering\cad\B5_0_B601_space_manipulator_candidate\03_CAD\native_runs\B50_NATIVE_20260727T2214Z\40_drawings\B50_B601_ENGINEERING_ARM_Q0.SLDDRW,25295507,5AC5A232ED483B957DAEC478A4D34142877AC3BD89EF9D007DA6395ABF825A4C,False
B5_0_ACCEPTED_CANDIDATE_SOURCE,READ_ONLY_ACCEPTED_CANDIDATE,F:\China Graduate Future Flight Vehicle Innovation Competition\20_engineering\cad\B5_0_B601_space_manipulator_candidate\03_CAD\native_runs\B50_NATIVE_20260727T2214Z\evidence\cad_cli_inspect_refs.json,03_CAD/native_runs/B50_NATIVE_20260727T2214Z/evidence/cad_cli_inspect_refs.json,,1348,9F3149E0DF71B07BD4F5E396F5ED0907A1CB1E4DE940F55E36DDF42BB481897D,False
B51_B5_0_ACCEPTED_CANDIDATE_COPY,READ_ONLY_CANDIDATE_DONOR_COPY,F:\China Graduate Future Flight Vehicle Innovation Competition\20_engineering\cad\B5_1_B601_interface_closure_candidate\00_BASELINE_DONORS\B5_0_ACCEPTED_CANDIDATE_FULL_COPY\03_CAD\native_runs\B50_NATIVE_20260727T2214Z\evidence\cad_cli_inspect_refs.json,03_CAD/native_runs/B50_NATIVE_20260727T2214Z/evidence/cad_cli_inspect_refs.json,F:\China Graduate Future Flight Vehicle Innovation Competition\20_engineering\cad\B5_0_B601_space_manipulator_candidate\03_CAD\native_runs\B50_NATIVE_20260727T2214Z\evidence\cad_cli_inspect_refs.json,1348,9F3149E0DF71B07BD4F5E396F5ED0907A1CB1E4DE940F55E36DDF42BB481897D,False
B5_0_ACCEPTED_CANDIDATE_SOURCE,READ_ONLY_ACCEPTED_CANDIDATE,F:\China Graduate Future Flight Vehicle Innovation Competition\20_engineering\cad\B5_0_B601_space_manipulator_candidate\03_CAD\native_runs\B50_NATIVE_20260727T2214Z\evidence\master_skeleton_build.json,03_CAD/native_runs/B50_NATIVE_20260727T2214Z/evidence/master_skeleton_build.json,,5652,AB682F720A21DA17551D52DA6C6015D426D188B4D8413AA4033BCFFB5552C16C,False
B51_B5_0_ACCEPTED_CANDIDATE_COPY,READ_ONLY_CANDIDATE_DONOR_COPY,F:\China Graduate Future Flight Vehicle Innovation Competition\20_engineering\cad\B5_1_B601_interface_closure_candidate\00_BASELINE_DONORS\B5_0_ACCEPTED_CANDIDATE_FULL_COPY\03_CAD\native_runs\B50_NATIVE_20260727T2214Z\evidence\master_skeleton_build.json,03_CAD/native_runs/B50_NATIVE_20260727T2214Z/evidence/master_skeleton_build.json,F:\China Graduate Future Flight Vehicle Innovation Competition\20_engineering\cad\B5_0_B601_space_manipulator_candidate\03_CAD\native_runs\B50_NATIVE_20260727T2214Z\evidence\master_skeleton_build.json,5652,AB682F720A21DA17551D52DA6C6015D426D188B4D8413AA4033BCFFB5552C16C,False
B5_0_ACCEPTED_CANDIDATE_SOURCE,READ_ONLY_ACCEPTED_CANDIDATE,F:\China Graduate Future Flight Vehicle Innovation Competition\20_engineering\cad\B5_0_B601_space_manipulator_candidate\03_CAD\native_runs\B50_NATIVE_20260727T2214Z\evidence\math_transform_marshalling_diagnostic.json,03_CAD/native_runs/B50_NATIVE_20260727T2214Z/evidence/math_transform_marshalling_diagnostic.json,,1866,2C5187B16FEF2F312242B43B7D55A53BE3B19ABE300D8B4BD487DC29F21B21AE,False
B51_B5_0_ACCEPTED_CANDIDATE_COPY,READ_ONLY_CANDIDATE_DONOR_COPY,F:\China Graduate Future Flight Vehicle Innovation Competition\20_engineering\cad\B5_1_B601_interface_closure_candidate\00_BASELINE_DONORS\B5_0_ACCEPTED_CANDIDATE_FULL_COPY\03_CAD\native_runs\B50_NATIVE_20260727T2214Z\evidence\math_transform_marshalling_diagnostic.json,03_CAD/native_runs/B50_NATIVE_20260727T2214Z/evidence/math_transform_marshalling_diagnostic.json,F:\China Graduate Future Flight Vehicle Innovation Competition\20_engineering\cad\B5_0_B601_space_manipulator_candidate\03_CAD\native_runs\B50_NATIVE_20260727T2214Z\evidence\math_transform_marshalling_diagnostic.json,1866,2C5187B16FEF2F312242B43B7D55A53BE3B19ABE300D8B4BD487DC29F21B21AE,False
B5_0_ACCEPTED_CANDIDATE_SOURCE,READ_ONLY_ACCEPTED_CANDIDATE,F:\China Graduate Future Flight Vehicle Innovation Competition\20_engineering\cad\B5_0_B601_space_manipulator_candidate\03_CAD\native_runs\B50_NATIVE_20260727T2214Z\evidence\native_G01_build.json,03_CAD/native_runs/B50_NATIVE_20260727T2214Z/evidence/native_G01_build.json,,7142,1E319A5996FC2444DB34E1D163F84EC410B790AE5A146E5F2713C0BB5C18278F,False
B51_B5_0_ACCEPTED_CANDIDATE_COPY,READ_ONLY_CANDIDATE_DONOR_COPY,F:\China Graduate Future Flight Vehicle Innovation Competition\20_engineering\cad\B5_1_B601_interface_closure_candidate\00_BASELINE_DONORS\B5_0_ACCEPTED_CANDIDATE_FULL_COPY\03_CAD\native_runs\B50_NATIVE_20260727T2214Z\evidence\native_G01_build.json,03_CAD/native_runs/B50_NATIVE_20260727T2214Z/evidence/native_G01_build.json,F:\China Graduate Future Flight Vehicle Innovation Competition\20_engineering\cad\B5_0_B601_space_manipulator_candidate\03_CAD\native_runs\B50_NATIVE_20260727T2214Z\evidence\native_G01_build.json,7142,1E319A5996FC2444DB34E1D163F84EC410B790AE5A146E5F2713C0BB5C18278F,False
B5_0_ACCEPTED_CANDIDATE_SOURCE,READ_ONLY_ACCEPTED_CANDIDATE,F:\China Graduate Future Flight Vehicle Innovation Competition\20_engineering\cad\B5_0_B601_space_manipulator_candidate\03_CAD\native_runs\B50_NATIVE_20260727T2214Z\evidence\native_G01_import_preferences_after.json,03_CAD/native_runs/B50_NATIVE_20260727T2214Z/evidence/native_G01_import_preferences_after.json,,1315,968D5FA0AC6B24B120776540F8F7C26F3D82ADA74877A38BEC93CE98A3B835B2,False
B51_B5_0_ACCEPTED_CANDIDATE_COPY,READ_ONLY_CANDIDATE_DONOR_COPY,F:\China Graduate Future Flight Vehicle Innovation Competition\20_engineering\cad\B5_1_B601_interface_closure_candidate\00_BASELINE_DONORS\B5_0_ACCEPTED_CANDIDATE_FULL_COPY\03_CAD\native_runs\B50_NATIVE_20260727T2214Z\evidence\native_G01_import_preferences_after.json,03_CAD/native_runs/B50_NATIVE_20260727T2214Z/evidence/native_G01_import_preferences_after.json,F:\China Graduate Future Flight Vehicle Innovation Competition\20_engineering\cad\B5_0_B601_space_manipulator_candidate\03_CAD\native_runs\B50_NATIVE_20260727T2214Z\evidence\native_G01_import_preferences_after.json,1315,968D5FA0AC6B24B120776540F8F7C26F3D82ADA74877A38BEC93CE98A3B835B2,False
B5_0_ACCEPTED_CANDIDATE_SOURCE,READ_ONLY_ACCEPTED_CANDIDATE,F:\China Graduate Future Flight Vehicle Innovation Competition\20_engineering\cad\B5_0_B601_space_manipulator_candidate\03_CAD\native_runs\B50_NATIVE_20260727T2214Z\evidence\native_G01_import_preferences_before.json,03_CAD/native_runs/B50_NATIVE_20260727T2214Z/evidence/native_G01_import_preferences_before.json,,1178,4720CE541B876F2ED792216F06747334FE3F85923CD8AE7BB69CE4DE2DD1C497,False
B51_B5_0_ACCEPTED_CANDIDATE_COPY,READ_ONLY_CANDIDATE_DONOR_COPY,F:\China Graduate Future Flight Vehicle Innovation Competition\20_engineering\cad\B5_1_B601_interface_closure_candidate\00_BASELINE_DONORS\B5_0_ACCEPTED_CANDIDATE_FULL_COPY\03_CAD\native_runs\B50_NATIVE_20260727T2214Z\evidence\native_G01_import_preferences_before.json,03_CAD/native_runs/B50_NATIVE_20260727T2214Z/evidence/native_G01_import_preferences_before.json,F:\China Graduate Future Flight Vehicle Innovation Competition\20_engineering\cad\B5_0_B601_space_manipulator_candidate\03_CAD\native_runs\B50_NATIVE_20260727T2214Z\evidence\native_G01_import_preferences_before.json,1178,4720CE541B876F2ED792216F06747334FE3F85923CD8AE7BB69CE4DE2DD1C497,False
B5_0_ACCEPTED_CANDIDATE_SOURCE,READ_ONLY_ACCEPTED_CANDIDATE,F:\China Graduate Future Flight Vehicle Innovation Competition\20_engineering\cad\B5_0_B601_space_manipulator_candidate\03_CAD\native_runs\B50_NATIVE_20260727T2214Z\evidence\native_G02_build.json,03_CAD/native_runs/B50_NATIVE_20260727T2214Z/evidence/native_G02_build.json,,7154,659FDCCD513097AE83467F2F77C26BB463B4679B04759A08D6ECAE4C7C004424,False
B51_B5_0_ACCEPTED_CANDIDATE_COPY,READ_ONLY_CANDIDATE_DONOR_COPY,F:\China Graduate Future Flight Vehicle Innovation Competition\20_engineering\cad\B5_1_B601_interface_closure_candidate\00_BASELINE_DONORS\B5_0_ACCEPTED_CANDIDATE_FULL_COPY\03_CAD\native_runs\B50_NATIVE_20260727T2214Z\evidence\native_G02_build.json,03_CAD/native_runs/B50_NATIVE_20260727T2214Z/evidence/native_G02_build.json,F:\China Graduate Future Flight Vehicle Innovation Competition\20_engineering\cad\B5_0_B601_space_manipulator_candidate\03_CAD\native_runs\B50_NATIVE_20260727T2214Z\evidence\native_G02_build.json,7154,659FDCCD513097AE83467F2F77C26BB463B4679B04759A08D6ECAE4C7C004424,False
B5_0_ACCEPTED_CANDIDATE_SOURCE,READ_ONLY_ACCEPTED_CANDIDATE,F:\China Graduate Future Flight Vehicle Innovation Competition\20_engineering\cad\B5_0_B601_space_manipulator_candidate\03_CAD\native_runs\B50_NATIVE_20260727T2214Z\evidence\native_G02_import_preferences_after.json,03_CAD/native_runs/B50_NATIVE_20260727T2214Z/evidence/native_G02_import_preferences_after.json,,1315,B253D3C2CE44C840CB373740B11C13656444E11170ABF119FA2D4156729BF531,False
B51_B5_0_ACCEPTED_CANDIDATE_COPY,READ_ONLY_CANDIDATE_DONOR_COPY,F:\China Graduate Future Flight Vehicle Innovation Competition\20_engineering\cad\B5_1_B601_interface_closure_candidate\00_BASELINE_DONORS\B5_0_ACCEPTED_CANDIDATE_FULL_COPY\03_CAD\native_runs\B50_NATIVE_20260727T2214Z\evidence\native_G02_import_preferences_after.json,03_CAD/native_runs/B50_NATIVE_20260727T2214Z/evidence/native_G02_import_preferences_after.json,F:\China Graduate Future Flight Vehicle Innovation Competition\20_engineering\cad\B5_0_B601_space_manipulator_candidate\03_CAD\native_runs\B50_NATIVE_20260727T2214Z\evidence\native_G02_import_preferences_after.json,1315,B253D3C2CE44C840CB373740B11C13656444E11170ABF119FA2D4156729BF531,False
B5_0_ACCEPTED_CANDIDATE_SOURCE,READ_ONLY_ACCEPTED_CANDIDATE,F:\China Graduate Future Flight Vehicle Innovation Competition\20_engineering\cad\B5_0_B601_space_manipulator_candidate\03_CAD\native_runs\B50_NATIVE_20260727T2214Z\evidence\native_G02_import_preferences_before.json,03_CAD/native_runs/B50_NATIVE_20260727T2214Z/evidence/native_G02_import_preferences_before.json,,1178,12CB2DB38BF28DA1AF665245F2BA777EE1B79176C413218BEC8B336DA1ABFC7C,False
B51_B5_0_ACCEPTED_CANDIDATE_COPY,READ_ONLY_CANDIDATE_DONOR_COPY,F:\China Graduate Future Flight Vehicle Innovation Competition\20_engineering\cad\B5_1_B601_interface_closure_candidate\00_BASELINE_DONORS\B5_0_ACCEPTED_CANDIDATE_FULL_COPY\03_CAD\native_runs\B50_NATIVE_20260727T2214Z\evidence\native_G02_import_preferences_before.json,03_CAD/native_runs/B50_NATIVE_20260727T2214Z/evidence/native_G02_import_preferences_before.json,F:\China Graduate Future Flight Vehicle Innovation Competition\20_engineering\cad\B5_0_B601_space_manipulator_candidate\03_CAD\native_runs\B50_NATIVE_20260727T2214Z\evidence\native_G02_import_preferences_before.json,1178,12CB2DB38BF28DA1AF665245F2BA777EE1B79176C413218BEC8B336DA1ABFC7C,False
B5_0_ACCEPTED_CANDIDATE_SOURCE,READ_ONLY_ACCEPTED_CANDIDATE,F:\China Graduate Future Flight Vehicle Innovation Competition\20_engineering\cad\B5_0_B601_space_manipulator_candidate\03_CAD\native_runs\B50_NATIVE_20260727T2214Z\evidence\native_G03_build.json,03_CAD/native_runs/B50_NATIVE_20260727T2214Z/evidence/native_G03_build.json,,7158,CD3508ECD961FE70AAD6E2ECD083CB0AD5B071D9B7B639AFAE3785F8D34C9EAD,False
B51_B5_0_ACCEPTED_CANDIDATE_COPY,READ_ONLY_CANDIDATE_DONOR_COPY,F:\China Graduate Future Flight Vehicle Innovation Competition\20_engineering\cad\B5_1_B601_interface_closure_candidate\00_BASELINE_DONORS\B5_0_ACCEPTED_CANDIDATE_FULL_COPY\03_CAD\native_runs\B50_NATIVE_20260727T2214Z\evidence\native_G03_build.json,03_CAD/native_runs/B50_NATIVE_20260727T2214Z/evidence/native_G03_build.json,F:\China Graduate Future Flight Vehicle Innovation Competition\20_engineering\cad\B5_0_B601_space_manipulator_candidate\03_CAD\native_runs\B50_NATIVE_20260727T2214Z\evidence\native_G03_build.json,7158,CD3508ECD961FE70AAD6E2ECD083CB0AD5B071D9B7B639AFAE3785F8D34C9EAD,False
B5_0_ACCEPTED_CANDIDATE_SOURCE,READ_ONLY_ACCEPTED_CANDIDATE,F:\China Graduate Future Flight Vehicle Innovation Competition\20_engineering\cad\B5_0_B601_space_manipulator_candidate\03_CAD\native_runs\B50_NATIVE_20260727T2214Z\evidence\native_G03_import_preferences_after.json,03_CAD/native_runs/B50_NATIVE_20260727T2214Z/evidence/native_G03_import_preferences_after.json,,1315,DF51281227D268D28AB2A1894B440262E10B9EBFBB8000928094001B55C487F2,False
B51_B5_0_ACCEPTED_CANDIDATE_COPY,READ_ONLY_CANDIDATE_DONOR_COPY,F:\China Graduate Future Flight Vehicle Innovation Competition\20_engineering\cad\B5_1_B601_interface_closure_candidate\00_BASELINE_DONORS\B5_0_ACCEPTED_CANDIDATE_FULL_COPY\03_CAD\native_runs\B50_NATIVE_20260727T2214Z\evidence\native_G03_import_preferences_after.json,03_CAD/native_runs/B50_NATIVE_20260727T2214Z/evidence/native_G03_import_preferences_after.json,F:\China Graduate Future Flight Vehicle Innovation Competition\20_engineering\cad\B5_0_B601_space_manipulator_candidate\03_CAD\native_runs\B50_NATIVE_20260727T2214Z\evidence\native_G03_import_preferences_after.json,1315,DF51281227D268D28AB2A1894B440262E10B9EBFBB8000928094001B55C487F2,False
B5_0_ACCEPTED_CANDIDATE_SOURCE,READ_ONLY_ACCEPTED_CANDIDATE,F:\China Graduate Future Flight Vehicle Innovation Competition\20_engineering\cad\B5_0_B601_space_manipulator_candidate\03_CAD\native_runs\B50_NATIVE_20260727T2214Z\evidence\native_G03_import_preferences_before.json,03_CAD/native_runs/B50_NATIVE_20260727T2214Z/evidence/native_G03_import_preferences_before.json,,1178,C2C7BD5EB0643BE512E120681509B0D075022EC773DB48FE451DCA6426722CBA,False
B51_B5_0_ACCEPTED_CANDIDATE_COPY,READ_ONLY_CANDIDATE_DONOR_COPY,F:\China Graduate Future Flight Vehicle Innovation Competition\20_engineering\cad\B5_1_B601_interface_closure_candidate\00_BASELINE_DONORS\B5_0_ACCEPTED_CANDIDATE_FULL_COPY\03_CAD\native_runs\B50_NATIVE_20260727T2214Z\evidence\native_G03_import_preferences_before.json,03_CAD/native_runs/B50_NATIVE_20260727T2214Z/evidence/native_G03_import_preferences_before.json,F:\China Graduate Future Flight Vehicle Innovation Competition\20_engineering\cad\B5_0_B601_space_manipulator_candidate\03_CAD\native_runs\B50_NATIVE_20260727T2214Z\evidence\native_G03_import_preferences_before.json,1178,C2C7BD5EB0643BE512E120681509B0D075022EC773DB48FE451DCA6426722CBA,False
B5_0_ACCEPTED_CANDIDATE_SOURCE,READ_ONLY_ACCEPTED_CANDIDATE,F:\China Graduate Future Flight Vehicle Innovation Competition\20_engineering\cad\B5_0_B601_space_manipulator_candidate\03_CAD\native_runs\B50_NATIVE_20260727T2214Z\evidence\native_G04_build.json,03_CAD/native_runs/B50_NATIVE_20260727T2214Z/evidence/native_G04_build.json,,7169,5511095DFC7E06A16849ACFD32E2B6A9B6EF18ECF58401B3CC44D806C2FAFC37,False
B51_B5_0_ACCEPTED_CANDIDATE_COPY,READ_ONLY_CANDIDATE_DONOR_COPY,F:\China Graduate Future Flight Vehicle Innovation Competition\20_engineering\cad\B5_1_B601_interface_closure_candidate\00_BASELINE_DONORS\B5_0_ACCEPTED_CANDIDATE_FULL_COPY\03_CAD\native_runs\B50_NATIVE_20260727T2214Z\evidence\native_G04_build.json,03_CAD/native_runs/B50_NATIVE_20260727T2214Z/evidence/native_G04_build.json,F:\China Graduate Future Flight Vehicle Innovation Competition\20_engineering\cad\B5_0_B601_space_manipulator_candidate\03_CAD\native_runs\B50_NATIVE_20260727T2214Z\evidence\native_G04_build.json,7169,5511095DFC7E06A16849ACFD32E2B6A9B6EF18ECF58401B3CC44D806C2FAFC37,False
B5_0_ACCEPTED_CANDIDATE_SOURCE,READ_ONLY_ACCEPTED_CANDIDATE,F:\China Graduate Future Flight Vehicle Innovation Competition\20_engineering\cad\B5_0_B601_space_manipulator_candidate\03_CAD\native_runs\B50_NATIVE_20260727T2214Z\evidence\native_G04_import_preferences_after.json,03_CAD/native_runs/B50_NATIVE_20260727T2214Z/evidence/native_G04_import_preferences_after.json,,1315,0E5032A2AE347885B0D569E58390C2F9CEA0F3FEB02A2F2FCA1AFF391E3DAF69,False
B51_B5_0_ACCEPTED_CANDIDATE_COPY,READ_ONLY_CANDIDATE_DONOR_COPY,F:\China Graduate Future Flight Vehicle Innovation Competition\20_engineering\cad\B5_1_B601_interface_closure_candidate\00_BASELINE_DONORS\B5_0_ACCEPTED_CANDIDATE_FULL_COPY\03_CAD\native_runs\B50_NATIVE_20260727T2214Z\evidence\native_G04_import_preferences_after.json,03_CAD/native_runs/B50_NATIVE_20260727T2214Z/evidence/native_G04_import_preferences_after.json,F:\China Graduate Future Flight Vehicle Innovation Competition\20_engineering\cad\B5_0_B601_space_manipulator_candidate\03_CAD\native_runs\B50_NATIVE_20260727T2214Z\evidence\native_G04_import_preferences_after.json,1315,0E5032A2AE347885B0D569E58390C2F9CEA0F3FEB02A2F2FCA1AFF391E3DAF69,False
B5_0_ACCEPTED_CANDIDATE_SOURCE,READ_ONLY_ACCEPTED_CANDIDATE,F:\China Graduate Future Flight Vehicle Innovation Competition\20_engineering\cad\B5_0_B601_space_manipulator_candidate\03_CAD\native_runs\B50_NATIVE_20260727T2214Z\evidence\native_G04_import_preferences_before.json,03_CAD/native_runs/B50_NATIVE_20260727T2214Z/evidence/native_G04_import_preferences_before.json,,1178,38961B4157E0EE54C960AE585AC73F78A774AEB689286551FB80ADEAF8885E3B,False
B51_B5_0_ACCEPTED_CANDIDATE_COPY,READ_ONLY_CANDIDATE_DONOR_COPY,F:\China Graduate Future Flight Vehicle Innovation Competition\20_engineering\cad\B5_1_B601_interface_closure_candidate\00_BASELINE_DONORS\B5_0_ACCEPTED_CANDIDATE_FULL_COPY\03_CAD\native_runs\B50_NATIVE_20260727T2214Z\evidence\native_G04_import_preferences_before.json,03_CAD/native_runs/B50_NATIVE_20260727T2214Z/evidence/native_G04_import_preferences_before.json,F:\China Graduate Future Flight Vehicle Innovation Competition\20_engineering\cad\B5_0_B601_space_manipulator_candidate\03_CAD\native_runs\B50_NATIVE_20260727T2214Z\evidence\native_G04_import_preferences_before.json,1178,38961B4157E0EE54C960AE585AC73F78A774AEB689286551FB80ADEAF8885E3B,False
B5_0_ACCEPTED_CANDIDATE_SOURCE,READ_ONLY_ACCEPTED_CANDIDATE,F:\China Graduate Future Flight Vehicle Innovation Competition\20_engineering\cad\B5_0_B601_space_manipulator_candidate\03_CAD\native_runs\B50_NATIVE_20260727T2214Z\evidence\native_G05_build.json,03_CAD/native_runs/B50_NATIVE_20260727T2214Z/evidence/native_G05_build.json,,7159,B8AEF24EF8CB209D389F9FEB6C318139F6BF5ACC623C78BB53051BE70E275EBA,False
B51_B5_0_ACCEPTED_CANDIDATE_COPY,READ_ONLY_CANDIDATE_DONOR_COPY,F:\China Graduate Future Flight Vehicle Innovation Competition\20_engineering\cad\B5_1_B601_interface_closure_candidate\00_BASELINE_DONORS\B5_0_ACCEPTED_CANDIDATE_FULL_COPY\03_CAD\native_runs\B50_NATIVE_20260727T2214Z\evidence\native_G05_build.json,03_CAD/native_runs/B50_NATIVE_20260727T2214Z/evidence/native_G05_build.json,F:\China Graduate Future Flight Vehicle Innovation Competition\20_engineering\cad\B5_0_B601_space_manipulator_candidate\03_CAD\native_runs\B50_NATIVE_20260727T2214Z\evidence\native_G05_build.json,7159,B8AEF24EF8CB209D389F9FEB6C318139F6BF5ACC623C78BB53051BE70E275EBA,False
B5_0_ACCEPTED_CANDIDATE_SOURCE,READ_ONLY_ACCEPTED_CANDIDATE,F:\China Graduate Future Flight Vehicle Innovation Competition\20_engineering\cad\B5_0_B601_space_manipulator_candidate\03_CAD\native_runs\B50_NATIVE_20260727T2214Z\evidence\native_G05_import_preferences_after.json,03_CAD/native_runs/B50_NATIVE_20260727T2214Z/evidence/native_G05_import_preferences_after.json,,1315,A9C3F87F3074C49C68D281AC146D1D803ED5B21627F5EBD50948FAC3B0D4B634,False
B51_B5_0_ACCEPTED_CANDIDATE_COPY,READ_ONLY_CANDIDATE_DONOR_COPY,F:\China Graduate Future Flight Vehicle Innovation Competition\20_engineering\cad\B5_1_B601_interface_closure_candidate\00_BASELINE_DONORS\B5_0_ACCEPTED_CANDIDATE_FULL_COPY\03_CAD\native_runs\B50_NATIVE_20260727T2214Z\evidence\native_G05_import_preferences_after.json,03_CAD/native_runs/B50_NATIVE_20260727T2214Z/evidence/native_G05_import_preferences_after.json,F:\China Graduate Future Flight Vehicle Innovation Competition\20_engineering\cad\B5_0_B601_space_manipulator_candidate\03_CAD\native_runs\B50_NATIVE_20260727T2214Z\evidence\native_G05_import_preferences_after.json,1315,A9C3F87F3074C49C68D281AC146D1D803ED5B21627F5EBD50948FAC3B0D4B634,False
B5_0_ACCEPTED_CANDIDATE_SOURCE,READ_ONLY_ACCEPTED_CANDIDATE,F:\China Graduate Future Flight Vehicle Innovation Competition\20_engineering\cad\B5_0_B601_space_manipulator_candidate\03_CAD\native_runs\B50_NATIVE_20260727T2214Z\evidence\native_G05_import_preferences_before.json,03_CAD/native_runs/B50_NATIVE_20260727T2214Z/evidence/native_G05_import_preferences_before.json,,1178,A85693B7E1BB9FA34E18E0F23C25F6EBBA1134C9D7F6AA5AFEA4C2C233235F84,False
B51_B5_0_ACCEPTED_CANDIDATE_COPY,READ_ONLY_CANDIDATE_DONOR_COPY,F:\China Graduate Future Flight Vehicle Innovation Competition\20_engineering\cad\B5_1_B601_interface_closure_candidate\00_BASELINE_DONORS\B5_0_ACCEPTED_CANDIDATE_FULL_COPY\03_CAD\native_runs\B50_NATIVE_20260727T2214Z\evidence\native_G05_import_preferences_before.json,03_CAD/native_runs/B50_NATIVE_20260727T2214Z/evidence/native_G05_import_preferences_before.json,F:\China Graduate Future Flight Vehicle Innovation Competition\20_engineering\cad\B5_0_B601_space_manipulator_candidate\03_CAD\native_runs\B50_NATIVE_20260727T2214Z\evidence\native_G05_import_preferences_before.json,1178,A85693B7E1BB9FA34E18E0F23C25F6EBBA1134C9D7F6AA5AFEA4C2C233235F84,False
B5_0_ACCEPTED_CANDIDATE_SOURCE,READ_ONLY_ACCEPTED_CANDIDATE,F:\China Graduate Future Flight Vehicle Innovation Competition\20_engineering\cad\B5_0_B601_space_manipulator_candidate\03_CAD\native_runs\B50_NATIVE_20260727T2214Z\evidence\native_G06_build.json,03_CAD/native_runs/B50_NATIVE_20260727T2214Z/evidence/native_G06_build.json,,7142,B2730BE6D4B8287C71D39BDC6D79D80C7F66D57B880E290519B801B8492AA113,False
B51_B5_0_ACCEPTED_CANDIDATE_COPY,READ_ONLY_CANDIDATE_DONOR_COPY,F:\China Graduate Future Flight Vehicle Innovation Competition\20_engineering\cad\B5_1_B601_interface_closure_candidate\00_BASELINE_DONORS\B5_0_ACCEPTED_CANDIDATE_FULL_COPY\03_CAD\native_runs\B50_NATIVE_20260727T2214Z\evidence\native_G06_build.json,03_CAD/native_runs/B50_NATIVE_20260727T2214Z/evidence/native_G06_build.json,F:\China Graduate Future Flight Vehicle Innovation Competition\20_engineering\cad\B5_0_B601_space_manipulator_candidate\03_CAD\native_runs\B50_NATIVE_20260727T2214Z\evidence\native_G06_build.json,7142,B2730BE6D4B8287C71D39BDC6D79D80C7F66D57B880E290519B801B8492AA113,False
B5_0_ACCEPTED_CANDIDATE_SOURCE,READ_ONLY_ACCEPTED_CANDIDATE,F:\China Graduate Future Flight Vehicle Innovation Competition\20_engineering\cad\B5_0_B601_space_manipulator_candidate\03_CAD\native_runs\B50_NATIVE_20260727T2214Z\evidence\native_G06_import_preferences_after.json,03_CAD/native_runs/B50_NATIVE_20260727T2214Z/evidence/native_G06_import_preferences_after.json,,1315,9A15B32381C64D0EFD5A01C3D334B32B2E7955A799959ED5E51481FE01D067FB,False
B51_B5_0_ACCEPTED_CANDIDATE_COPY,READ_ONLY_CANDIDATE_DONOR_COPY,F:\China Graduate Future Flight Vehicle Innovation Competition\20_engineering\cad\B5_1_B601_interface_closure_candidate\00_BASELINE_DONORS\B5_0_ACCEPTED_CANDIDATE_FULL_COPY\03_CAD\native_runs\B50_NATIVE_20260727T2214Z\evidence\native_G06_import_preferences_after.json,03_CAD/native_runs/B50_NATIVE_20260727T2214Z/evidence/native_G06_import_preferences_after.json,F:\China Graduate Future Flight Vehicle Innovation Competition\20_engineering\cad\B5_0_B601_space_manipulator_candidate\03_CAD\native_runs\B50_NATIVE_20260727T2214Z\evidence\native_G06_import_preferences_after.json,1315,9A15B32381C64D0EFD5A01C3D334B32B2E7955A799959ED5E51481FE01D067FB,False
B5_0_ACCEPTED_CANDIDATE_SOURCE,READ_ONLY_ACCEPTED_CANDIDATE,F:\China Graduate Future Flight Vehicle Innovation Competition\20_engineering\cad\B5_0_B601_space_manipulator_candidate\03_CAD\native_runs\B50_NATIVE_20260727T2214Z\evidence\native_G06_import_preferences_before.json,03_CAD/native_runs/B50_NATIVE_20260727T2214Z/evidence/native_G06_import_preferences_before.json,,1182,15648B7787D3D8D079C2C035627738D13B445C4E429DACC35B7A13461C5DDBC4,False
B51_B5_0_ACCEPTED_CANDIDATE_COPY,READ_ONLY_CANDIDATE_DONOR_COPY,F:\China Graduate Future Flight Vehicle Innovation Competition\20_engineering\cad\B5_1_B601_interface_closure_candidate\00_BASELINE_DONORS\B5_0_ACCEPTED_CANDIDATE_FULL_COPY\03_CAD\native_runs\B50_NATIVE_20260727T2214Z\evidence\native_G06_import_preferences_before.json,03_CAD/native_runs/B50_NATIVE_20260727T2214Z/evidence/native_G06_import_preferences_before.json,F:\China Graduate Future Flight Vehicle Innovation Competition\20_engineering\cad\B5_0_B601_space_manipulator_candidate\03_CAD\native_runs\B50_NATIVE_20260727T2214Z\evidence\native_G06_import_preferences_before.json,1182,15648B7787D3D8D079C2C035627738D13B445C4E429DACC35B7A13461C5DDBC4,False
B5_0_ACCEPTED_CANDIDATE_SOURCE,READ_ONLY_ACCEPTED_CANDIDATE,F:\China Graduate Future Flight Vehicle Innovation Competition\20_engineering\cad\B5_0_B601_space_manipulator_candidate\03_CAD\native_runs\B50_NATIVE_20260727T2214Z\evidence\native_G07_build.json,03_CAD/native_runs/B50_NATIVE_20260727T2214Z/evidence/native_G07_build.json,,7165,F3916F67F228DAF5CE7FBB311A80B2321D50C98CA65C0E65E2AC571A7CBB3DE0,False
B51_B5_0_ACCEPTED_CANDIDATE_COPY,READ_ONLY_CANDIDATE_DONOR_COPY,F:\China Graduate Future Flight Vehicle Innovation Competition\20_engineering\cad\B5_1_B601_interface_closure_candidate\00_BASELINE_DONORS\B5_0_ACCEPTED_CANDIDATE_FULL_COPY\03_CAD\native_runs\B50_NATIVE_20260727T2214Z\evidence\native_G07_build.json,03_CAD/native_runs/B50_NATIVE_20260727T2214Z/evidence/native_G07_build.json,F:\China Graduate Future Flight Vehicle Innovation Competition\20_engineering\cad\B5_0_B601_space_manipulator_candidate\03_CAD\native_runs\B50_NATIVE_20260727T2214Z\evidence\native_G07_build.json,7165,F3916F67F228DAF5CE7FBB311A80B2321D50C98CA65C0E65E2AC571A7CBB3DE0,False
B5_0_ACCEPTED_CANDIDATE_SOURCE,READ_ONLY_ACCEPTED_CANDIDATE,F:\China Graduate Future Flight Vehicle Innovation Competition\20_engineering\cad\B5_0_B601_space_manipulator_candidate\03_CAD\native_runs\B50_NATIVE_20260727T2214Z\evidence\native_G07_import_preferences_after.json,03_CAD/native_runs/B50_NATIVE_20260727T2214Z/evidence/native_G07_import_preferences_after.json,,1315,0C5D654F82B26F474F216F7C9C6E92FB6A2BA34BF2C5B83591AE1A2B2D97A018,False
B51_B5_0_ACCEPTED_CANDIDATE_COPY,READ_ONLY_CANDIDATE_DONOR_COPY,F:\China Graduate Future Flight Vehicle Innovation Competition\20_engineering\cad\B5_1_B601_interface_closure_candidate\00_BASELINE_DONORS\B5_0_ACCEPTED_CANDIDATE_FULL_COPY\03_CAD\native_runs\B50_NATIVE_20260727T2214Z\evidence\native_G07_import_preferences_after.json,03_CAD/native_runs/B50_NATIVE_20260727T2214Z/evidence/native_G07_import_preferences_after.json,F:\China Graduate Future Flight Vehicle Innovation Competition\20_engineering\cad\B5_0_B601_space_manipulator_candidate\03_CAD\native_runs\B50_NATIVE_20260727T2214Z\evidence\native_G07_import_preferences_after.json,1315,0C5D654F82B26F474F216F7C9C6E92FB6A2BA34BF2C5B83591AE1A2B2D97A018,False
B5_0_ACCEPTED_CANDIDATE_SOURCE,READ_ONLY_ACCEPTED_CANDIDATE,F:\China Graduate Future Flight Vehicle Innovation Competition\20_engineering\cad\B5_0_B601_space_manipulator_candidate\03_CAD\native_runs\B50_NATIVE_20260727T2214Z\evidence\native_G07_import_preferences_before.json,03_CAD/native_runs/B50_NATIVE_20260727T2214Z/evidence/native_G07_import_preferences_before.json,,1178,1D0F264E55FD4F971CA73191FA8B6AE56327CEF08B3A469A3817D713A6ABD48A,False
B51_B5_0_ACCEPTED_CANDIDATE_COPY,READ_ONLY_CANDIDATE_DONOR_COPY,F:\China Graduate Future Flight Vehicle Innovation Competition\20_engineering\cad\B5_1_B601_interface_closure_candidate\00_BASELINE_DONORS\B5_0_ACCEPTED_CANDIDATE_FULL_COPY\03_CAD\native_runs\B50_NATIVE_20260727T2214Z\evidence\native_G07_import_preferences_before.json,03_CAD/native_runs/B50_NATIVE_20260727T2214Z/evidence/native_G07_import_preferences_before.json,F:\China Graduate Future Flight Vehicle Innovation Competition\20_engineering\cad\B5_0_B601_space_manipulator_candidate\03_CAD\native_runs\B50_NATIVE_20260727T2214Z\evidence\native_G07_import_preferences_before.json,1178,1D0F264E55FD4F971CA73191FA8B6AE56327CEF08B3A469A3817D713A6ABD48A,False
B5_0_ACCEPTED_CANDIDATE_SOURCE,READ_ONLY_ACCEPTED_CANDIDATE,F:\China Graduate Future Flight Vehicle Innovation Competition\20_engineering\cad\B5_0_B601_space_manipulator_candidate\03_CAD\native_runs\B50_NATIVE_20260727T2214Z\evidence\native_G08_build.json,03_CAD/native_runs/B50_NATIVE_20260727T2214Z/evidence/native_G08_build.json,,7195,9B581BCB3C13D97059F2CAC3536FF1FBDE4FB672DC10AC6B6472658ACC708684,False
B51_B5_0_ACCEPTED_CANDIDATE_COPY,READ_ONLY_CANDIDATE_DONOR_COPY,F:\China Graduate Future Flight Vehicle Innovation Competition\20_engineering\cad\B5_1_B601_interface_closure_candidate\00_BASELINE_DONORS\B5_0_ACCEPTED_CANDIDATE_FULL_COPY\03_CAD\native_runs\B50_NATIVE_20260727T2214Z\evidence\native_G08_build.json,03_CAD/native_runs/B50_NATIVE_20260727T2214Z/evidence/native_G08_build.json,F:\China Graduate Future Flight Vehicle Innovation Competition\20_engineering\cad\B5_0_B601_space_manipulator_candidate\03_CAD\native_runs\B50_NATIVE_20260727T2214Z\evidence\native_G08_build.json,7195,9B581BCB3C13D97059F2CAC3536FF1FBDE4FB672DC10AC6B6472658ACC708684,False
B5_0_ACCEPTED_CANDIDATE_SOURCE,READ_ONLY_ACCEPTED_CANDIDATE,F:\China Graduate Future Flight Vehicle Innovation Competition\20_engineering\cad\B5_0_B601_space_manipulator_candidate\03_CAD\native_runs\B50_NATIVE_20260727T2214Z\evidence\native_G08_import_preferences_after.json,03_CAD/native_runs/B50_NATIVE_20260727T2214Z/evidence/native_G08_import_preferences_after.json,,1315,80D5F545C3278ABA49DB1AE5425AB63CCE8B0CC8E731FEBF4FBB4E8B3C70837B,False
B51_B5_0_ACCEPTED_CANDIDATE_COPY,READ_ONLY_CANDIDATE_DONOR_COPY,F:\China Graduate Future Flight Vehicle Innovation Competition\20_engineering\cad\B5_1_B601_interface_closure_candidate\00_BASELINE_DONORS\B5_0_ACCEPTED_CANDIDATE_FULL_COPY\03_CAD\native_runs\B50_NATIVE_20260727T2214Z\evidence\native_G08_import_preferences_after.json,03_CAD/native_runs/B50_NATIVE_20260727T2214Z/evidence/native_G08_import_preferences_after.json,F:\China Graduate Future Flight Vehicle Innovation Competition\20_engineering\cad\B5_0_B601_space_manipulator_candidate\03_CAD\native_runs\B50_NATIVE_20260727T2214Z\evidence\native_G08_import_preferences_after.json,1315,80D5F545C3278ABA49DB1AE5425AB63CCE8B0CC8E731FEBF4FBB4E8B3C70837B,False
B5_0_ACCEPTED_CANDIDATE_SOURCE,READ_ONLY_ACCEPTED_CANDIDATE,F:\China Graduate Future Flight Vehicle Innovation Competition\20_engineering\cad\B5_0_B601_space_manipulator_candidate\03_CAD\native_runs\B50_NATIVE_20260727T2214Z\evidence\native_G08_import_preferences_before.json,03_CAD/native_runs/B50_NATIVE_20260727T2214Z/evidence/native_G08_import_preferences_before.json,,1187,5023C8D38A93EB687F8767E7B4BC3664E5D10FE32CEF070E3E871C001FD75AF1,False
B51_B5_0_ACCEPTED_CANDIDATE_COPY,READ_ONLY_CANDIDATE_DONOR_COPY,F:\China Graduate Future Flight Vehicle Innovation Competition\20_engineering\cad\B5_1_B601_interface_closure_candidate\00_BASELINE_DONORS\B5_0_ACCEPTED_CANDIDATE_FULL_COPY\03_CAD\native_runs\B50_NATIVE_20260727T2214Z\evidence\native_G08_import_preferences_before.json,03_CAD/native_runs/B50_NATIVE_20260727T2214Z/evidence/native_G08_import_preferences_before.json,F:\China Graduate Future Flight Vehicle Innovation Competition\20_engineering\cad\B5_0_B601_space_manipulator_candidate\03_CAD\native_runs\B50_NATIVE_20260727T2214Z\evidence\native_G08_import_preferences_before.json,1187,5023C8D38A93EB687F8767E7B4BC3664E5D10FE32CEF070E3E871C001FD75AF1,False
B5_0_ACCEPTED_CANDIDATE_SOURCE,READ_ONLY_ACCEPTED_CANDIDATE,F:\China Graduate Future Flight Vehicle Innovation Competition\20_engineering\cad\B5_0_B601_space_manipulator_candidate\03_CAD\native_runs\B50_NATIVE_20260727T2214Z\evidence\native_q0_cold_verify.json,03_CAD/native_runs/B50_NATIVE_20260727T2214Z/evidence/native_q0_cold_verify.json,,42038,2AB71A59BE42D69D2BD53A192293E3E69C7DFE04BE120FC9277143AB178B48F9,False
B51_B5_0_ACCEPTED_CANDIDATE_COPY,READ_ONLY_CANDIDATE_DONOR_COPY,F:\China Graduate Future Flight Vehicle Innovation Competition\20_engineering\cad\B5_1_B601_interface_closure_candidate\00_BASELINE_DONORS\B5_0_ACCEPTED_CANDIDATE_FULL_COPY\03_CAD\native_runs\B50_NATIVE_20260727T2214Z\evidence\native_q0_cold_verify.json,03_CAD/native_runs/B50_NATIVE_20260727T2214Z/evidence/native_q0_cold_verify.json,F:\China Graduate Future Flight Vehicle Innovation Competition\20_engineering\cad\B5_0_B601_space_manipulator_candidate\03_CAD\native_runs\B50_NATIVE_20260727T2214Z\evidence\native_q0_cold_verify.json,42038,2AB71A59BE42D69D2BD53A192293E3E69C7DFE04BE120FC9277143AB178B48F9,False
B5_0_ACCEPTED_CANDIDATE_SOURCE,READ_ONLY_ACCEPTED_CANDIDATE,F:\China Graduate Future Flight Vehicle Innovation Competition\20_engineering\cad\B5_0_B601_space_manipulator_candidate\03_CAD\native_runs\B50_NATIVE_20260727T2214Z\evidence\q0_assembly_build.json,03_CAD/native_runs/B50_NATIVE_20260727T2214Z/evidence/q0_assembly_build.json,,6294,9D5041E5124923B0FD0C51208FE10EA6A54FE152D458D990D1B4730DB3F165D6,False
B51_B5_0_ACCEPTED_CANDIDATE_COPY,READ_ONLY_CANDIDATE_DONOR_COPY,F:\China Graduate Future Flight Vehicle Innovation Competition\20_engineering\cad\B5_1_B601_interface_closure_candidate\00_BASELINE_DONORS\B5_0_ACCEPTED_CANDIDATE_FULL_COPY\03_CAD\native_runs\B50_NATIVE_20260727T2214Z\evidence\q0_assembly_build.json,03_CAD/native_runs/B50_NATIVE_20260727T2214Z/evidence/q0_assembly_build.json,F:\China Graduate Future Flight Vehicle Innovation Competition\20_engineering\cad\B5_0_B601_space_manipulator_candidate\03_CAD\native_runs\B50_NATIVE_20260727T2214Z\evidence\q0_assembly_build.json,6294,9D5041E5124923B0FD0C51208FE10EA6A54FE152D458D990D1B4730DB3F165D6,False
B5_0_ACCEPTED_CANDIDATE_SOURCE,READ_ONLY_ACCEPTED_CANDIDATE,F:\China Graduate Future Flight Vehicle Innovation Competition\20_engineering\cad\B5_0_B601_space_manipulator_candidate\03_CAD\native_runs\B50_NATIVE_20260727T2214Z\evidence\q0_assembly_build_attempt2.json,03_CAD/native_runs/B50_NATIVE_20260727T2214Z/evidence/q0_assembly_build_attempt2.json,,7364,25C3C4712B473FA91EA8DEAC904167650794072285F9ABBB5B4B0DCB54706FF2,False
B51_B5_0_ACCEPTED_CANDIDATE_COPY,READ_ONLY_CANDIDATE_DONOR_COPY,F:\China Graduate Future Flight Vehicle Innovation Competition\20_engineering\cad\B5_1_B601_interface_closure_candidate\00_BASELINE_DONORS\B5_0_ACCEPTED_CANDIDATE_FULL_COPY\03_CAD\native_runs\B50_NATIVE_20260727T2214Z\evidence\q0_assembly_build_attempt2.json,03_CAD/native_runs/B50_NATIVE_20260727T2214Z/evidence/q0_assembly_build_attempt2.json,F:\China Graduate Future Flight Vehicle Innovation Competition\20_engineering\cad\B5_0_B601_space_manipulator_candidate\03_CAD\native_runs\B50_NATIVE_20260727T2214Z\evidence\q0_assembly_build_attempt2.json,7364,25C3C4712B473FA91EA8DEAC904167650794072285F9ABBB5B4B0DCB54706FF2,False
B5_0_ACCEPTED_CANDIDATE_SOURCE,READ_ONLY_ACCEPTED_CANDIDATE,F:\China Graduate Future Flight Vehicle Innovation Competition\20_engineering\cad\B5_0_B601_space_manipulator_candidate\03_CAD\native_runs\B50_NATIVE_20260727T2214Z\evidence\q0_assembly_build_attempt3.json,03_CAD/native_runs/B50_NATIVE_20260727T2214Z/evidence/q0_assembly_build_attempt3.json,,30577,69E5BA2EE20892A835F315B907F413388AF3B13CE7AB8D1412BA176D8CB4EA9C,False
B51_B5_0_ACCEPTED_CANDIDATE_COPY,READ_ONLY_CANDIDATE_DONOR_COPY,F:\China Graduate Future Flight Vehicle Innovation Competition\20_engineering\cad\B5_1_B601_interface_closure_candidate\00_BASELINE_DONORS\B5_0_ACCEPTED_CANDIDATE_FULL_COPY\03_CAD\native_runs\B50_NATIVE_20260727T2214Z\evidence\q0_assembly_build_attempt3.json,03_CAD/native_runs/B50_NATIVE_20260727T2214Z/evidence/q0_assembly_build_attempt3.json,F:\China Graduate Future Flight Vehicle Innovation Competition\20_engineering\cad\B5_0_B601_space_manipulator_candidate\03_CAD\native_runs\B50_NATIVE_20260727T2214Z\evidence\q0_assembly_build_attempt3.json,30577,69E5BA2EE20892A835F315B907F413388AF3B13CE7AB8D1412BA176D8CB4EA9C,False
B5_0_ACCEPTED_CANDIDATE_SOURCE,READ_ONLY_ACCEPTED_CANDIDATE,F:\China Graduate Future Flight Vehicle Innovation Competition\20_engineering\cad\B5_0_B601_space_manipulator_candidate\03_CAD\native_runs\B50_NATIVE_20260727T2214Z\evidence\step_sidecar_generation.json,03_CAD/native_runs/B50_NATIVE_20260727T2214Z/evidence/step_sidecar_generation.json,,3195,7A1F02B84B4081FF24E4AD136CEDC571F80DB4E05F7AFA69532D9DB9709DCB3F,False
B51_B5_0_ACCEPTED_CANDIDATE_COPY,READ_ONLY_CANDIDATE_DONOR_COPY,F:\China Graduate Future Flight Vehicle Innovation Competition\20_engineering\cad\B5_1_B601_interface_closure_candidate\00_BASELINE_DONORS\B5_0_ACCEPTED_CANDIDATE_FULL_COPY\03_CAD\native_runs\B50_NATIVE_20260727T2214Z\evidence\step_sidecar_generation.json,03_CAD/native_runs/B50_NATIVE_20260727T2214Z/evidence/step_sidecar_generation.json,F:\China Graduate Future Flight Vehicle Innovation Competition\20_engineering\cad\B5_0_B601_space_manipulator_candidate\03_CAD\native_runs\B50_NATIVE_20260727T2214Z\evidence\step_sidecar_generation.json,3195,7A1F02B84B4081FF24E4AD136CEDC571F80DB4E05F7AFA69532D9DB9709DCB3F,False
B5_0_ACCEPTED_CANDIDATE_SOURCE,READ_ONLY_ACCEPTED_CANDIDATE,F:\China Graduate Future Flight Vehicle Innovation Competition\20_engineering\cad\B5_0_B601_space_manipulator_candidate\03_CAD\native_runs\B50_NATIVE_20260727T2214Z\evidence\visual_review_adjudication.json,03_CAD/native_runs/B50_NATIVE_20260727T2214Z/evidence/visual_review_adjudication.json,,2254,7CFACF07F5D8984ECA517B55FFACA9748099C81AB60875C6B3412105B95794B3,False
B51_B5_0_ACCEPTED_CANDIDATE_COPY,READ_ONLY_CANDIDATE_DONOR_COPY,F:\China Graduate Future Flight Vehicle Innovation Competition\20_engineering\cad\B5_1_B601_interface_closure_candidate\00_BASELINE_DONORS\B5_0_ACCEPTED_CANDIDATE_FULL_COPY\03_CAD\native_runs\B50_NATIVE_20260727T2214Z\evidence\visual_review_adjudication.json,03_CAD/native_runs/B50_NATIVE_20260727T2214Z/evidence/visual_review_adjudication.json,F:\China Graduate Future Flight Vehicle Innovation Competition\20_engineering\cad\B5_0_B601_space_manipulator_candidate\03_CAD\native_runs\B50_NATIVE_20260727T2214Z\evidence\visual_review_adjudication.json,2254,7CFACF07F5D8984ECA517B55FFACA9748099C81AB60875C6B3412105B95794B3,False
B5_0_ACCEPTED_CANDIDATE_SOURCE,READ_ONLY_ACCEPTED_CANDIDATE,F:\China Graduate Future Flight Vehicle Innovation Competition\20_engineering\cad\B5_0_B601_space_manipulator_candidate\03_CAD\native_runs\B50_NATIVE_20260727T2214Z\evidence\visual_review_vtk.json,03_CAD/native_runs/B50_NATIVE_20260727T2214Z/evidence/visual_review_vtk.json,,1459,BA47AA5FCEC9704D75758B9AB5A16E24AE82EF588770DA1AF351077D0B482805,False
B51_B5_0_ACCEPTED_CANDIDATE_COPY,READ_ONLY_CANDIDATE_DONOR_COPY,F:\China Graduate Future Flight Vehicle Innovation Competition\20_engineering\cad\B5_1_B601_interface_closure_candidate\00_BASELINE_DONORS\B5_0_ACCEPTED_CANDIDATE_FULL_COPY\03_CAD\native_runs\B50_NATIVE_20260727T2214Z\evidence\visual_review_vtk.json,03_CAD/native_runs/B50_NATIVE_20260727T2214Z/evidence/visual_review_vtk.json,F:\China Graduate Future Flight Vehicle Innovation Competition\20_engineering\cad\B5_0_B601_space_manipulator_candidate\03_CAD\native_runs\B50_NATIVE_20260727T2214Z\evidence\visual_review_vtk.json,1459,BA47AA5FCEC9704D75758B9AB5A16E24AE82EF588770DA1AF351077D0B482805,False
B5_0_ACCEPTED_CANDIDATE_SOURCE,READ_ONLY_ACCEPTED_CANDIDATE,F:\China Graduate Future Flight Vehicle Innovation Competition\20_engineering\cad\B5_0_B601_space_manipulator_candidate\03_CAD\native_runs\B50_NATIVE_20260727T2214Z\evidence\visual_review_vtk_attempt2.json,03_CAD/native_runs/B50_NATIVE_20260727T2214Z/evidence/visual_review_vtk_attempt2.json,,1603,E09359B868683B7FB6F74BC692E76E6AC12D4CC6D32536146A5917BF5E3BBCE9,False
B51_B5_0_ACCEPTED_CANDIDATE_COPY,READ_ONLY_CANDIDATE_DONOR_COPY,F:\China Graduate Future Flight Vehicle Innovation Competition\20_engineering\cad\B5_1_B601_interface_closure_candidate\00_BASELINE_DONORS\B5_0_ACCEPTED_CANDIDATE_FULL_COPY\03_CAD\native_runs\B50_NATIVE_20260727T2214Z\evidence\visual_review_vtk_attempt2.json,03_CAD/native_runs/B50_NATIVE_20260727T2214Z/evidence/visual_review_vtk_attempt2.json,F:\China Graduate Future Flight Vehicle Innovation Competition\20_engineering\cad\B5_0_B601_space_manipulator_candidate\03_CAD\native_runs\B50_NATIVE_20260727T2214Z\evidence\visual_review_vtk_attempt2.json,1603,E09359B868683B7FB6F74BC692E76E6AC12D4CC6D32536146A5917BF5E3BBCE9,False
B5_0_ACCEPTED_CANDIDATE_SOURCE,READ_ONLY_ACCEPTED_CANDIDATE,F:\China Graduate Future Flight Vehicle Innovation Competition\20_engineering\cad\B5_0_B601_space_manipulator_candidate\03_CAD\native_runs\B50_NATIVE_20260727T2214Z\reviews\B50_B601_ENGINEERING_ARM_Q0_vtk_review.png,03_CAD/native_runs/B50_NATIVE_20260727T2214Z/reviews/B50_B601_ENGINEERING_ARM_Q0_vtk_review.png,,958396,F35F2EB17C9ED57357C85CE029D3264314F4D92EBB2ED0E40425BDBE3A5AAF7E,False
B51_B5_0_ACCEPTED_CANDIDATE_COPY,READ_ONLY_CANDIDATE_DONOR_COPY,F:\China Graduate Future Flight Vehicle Innovation Competition\20_engineering\cad\B5_1_B601_interface_closure_candidate\00_BASELINE_DONORS\B5_0_ACCEPTED_CANDIDATE_FULL_COPY\03_CAD\native_runs\B50_NATIVE_20260727T2214Z\reviews\B50_B601_ENGINEERING_ARM_Q0_vtk_review.png,03_CAD/native_runs/B50_NATIVE_20260727T2214Z/reviews/B50_B601_ENGINEERING_ARM_Q0_vtk_review.png,F:\China Graduate Future Flight Vehicle Innovation Competition\20_engineering\cad\B5_0_B601_space_manipulator_candidate\03_CAD\native_runs\B50_NATIVE_20260727T2214Z\reviews\B50_B601_ENGINEERING_ARM_Q0_vtk_review.png,958396,F35F2EB17C9ED57357C85CE029D3264314F4D92EBB2ED0E40425BDBE3A5AAF7E,False
B5_0_ACCEPTED_CANDIDATE_SOURCE,READ_ONLY_ACCEPTED_CANDIDATE,F:\China Graduate Future Flight Vehicle Innovation Competition\20_engineering\cad\B5_0_B601_space_manipulator_candidate\03_CAD\native_runs\B50_NATIVE_20260727T2214Z\reviews\B50_B601_ENGINEERING_ARM_Q0_vtk_review_attempt2.png,03_CAD/native_runs/B50_NATIVE_20260727T2214Z/reviews/B50_B601_ENGINEERING_ARM_Q0_vtk_review_attempt2.png,,1235103,1430C1E02F2425DE95A7F1DD71B5DCAF718377FD23A2057F1AF1215EAC0799BD,False
B51_B5_0_ACCEPTED_CANDIDATE_COPY,READ_ONLY_CANDIDATE_DONOR_COPY,F:\China Graduate Future Flight Vehicle Innovation Competition\20_engineering\cad\B5_1_B601_interface_closure_candidate\00_BASELINE_DONORS\B5_0_ACCEPTED_CANDIDATE_FULL_COPY\03_CAD\native_runs\B50_NATIVE_20260727T2214Z\reviews\B50_B601_ENGINEERING_ARM_Q0_vtk_review_attempt2.png,03_CAD/native_runs/B50_NATIVE_20260727T2214Z/reviews/B50_B601_ENGINEERING_ARM_Q0_vtk_review_attempt2.png,F:\China Graduate Future Flight Vehicle Innovation Competition\20_engineering\cad\B5_0_B601_space_manipulator_candidate\03_CAD\native_runs\B50_NATIVE_20260727T2214Z\reviews\B50_B601_ENGINEERING_ARM_Q0_vtk_review_attempt2.png,1235103,1430C1E02F2425DE95A7F1DD71B5DCAF718377FD23A2057F1AF1215EAC0799BD,False
B5_0_ACCEPTED_CANDIDATE_SOURCE,READ_ONLY_ACCEPTED_CANDIDATE,F:\China Graduate Future Flight Vehicle Innovation Competition\20_engineering\cad\B5_0_B601_space_manipulator_candidate\03_CAD\native_runs\B50_NATIVE_20260727T2214Z\reviews\snapshot_job_iso.json,03_CAD/native_runs/B50_NATIVE_20260727T2214Z/reviews/snapshot_job_iso.json,,360,F722D9C1CE5593D6CD94653B2B3988A02A61C5FBCE2C4201C9CFC2A77BCF070C,False
B51_B5_0_ACCEPTED_CANDIDATE_COPY,READ_ONLY_CANDIDATE_DONOR_COPY,F:\China Graduate Future Flight Vehicle Innovation Competition\20_engineering\cad\B5_1_B601_interface_closure_candidate\00_BASELINE_DONORS\B5_0_ACCEPTED_CANDIDATE_FULL_COPY\03_CAD\native_runs\B50_NATIVE_20260727T2214Z\reviews\snapshot_job_iso.json,03_CAD/native_runs/B50_NATIVE_20260727T2214Z/reviews/snapshot_job_iso.json,F:\China Graduate Future Flight Vehicle Innovation Competition\20_engineering\cad\B5_0_B601_space_manipulator_candidate\03_CAD\native_runs\B50_NATIVE_20260727T2214Z\reviews\snapshot_job_iso.json,360,F722D9C1CE5593D6CD94653B2B3988A02A61C5FBCE2C4201C9CFC2A77BCF070C,False
B5_0_ACCEPTED_CANDIDATE_SOURCE,READ_ONLY_ACCEPTED_CANDIDATE,F:\China Graduate Future Flight Vehicle Innovation Competition\20_engineering\cad\B5_0_B601_space_manipulator_candidate\07_VERIFICATION\ACCEPTANCE_REPORT.md,07_VERIFICATION/ACCEPTANCE_REPORT.md,,6145,BD4A675EA9910B590B3D721344F8AE1D972372FB2BB7A2A2D8720B705B7D95F5,False
B51_B5_0_ACCEPTED_CANDIDATE_COPY,READ_ONLY_CANDIDATE_DONOR_COPY,F:\China Graduate Future Flight Vehicle Innovation Competition\20_engineering\cad\B5_1_B601_interface_closure_candidate\00_BASELINE_DONORS\B5_0_ACCEPTED_CANDIDATE_FULL_COPY\07_VERIFICATION\ACCEPTANCE_REPORT.md,07_VERIFICATION/ACCEPTANCE_REPORT.md,F:\China Graduate Future Flight Vehicle Innovation Competition\20_engineering\cad\B5_0_B601_space_manipulator_candidate\07_VERIFICATION\ACCEPTANCE_REPORT.md,6145,BD4A675EA9910B590B3D721344F8AE1D972372FB2BB7A2A2D8720B705B7D95F5,False
B5_0_ACCEPTED_CANDIDATE_SOURCE,READ_ONLY_ACCEPTED_CANDIDATE,F:\China Graduate Future Flight Vehicle Innovation Competition\20_engineering\cad\B5_0_B601_space_manipulator_candidate\07_VERIFICATION\cad_viewer\viewer_stderr.log,07_VERIFICATION/cad_viewer/viewer_stderr.log,,0,E3B0C44298FC1C149AFBF4C8996FB92427AE41E4649B934CA495991B7852B855,False
B51_B5_0_ACCEPTED_CANDIDATE_COPY,READ_ONLY_CANDIDATE_DONOR_COPY,F:\China Graduate Future Flight Vehicle Innovation Competition\20_engineering\cad\B5_1_B601_interface_closure_candidate\00_BASELINE_DONORS\B5_0_ACCEPTED_CANDIDATE_FULL_COPY\07_VERIFICATION\cad_viewer\viewer_stderr.log,07_VERIFICATION/cad_viewer/viewer_stderr.log,F:\China Graduate Future Flight Vehicle Innovation Competition\20_engineering\cad\B5_0_B601_space_manipulator_candidate\07_VERIFICATION\cad_viewer\viewer_stderr.log,0,E3B0C44298FC1C149AFBF4C8996FB92427AE41E4649B934CA495991B7852B855,False
B5_0_ACCEPTED_CANDIDATE_SOURCE,READ_ONLY_ACCEPTED_CANDIDATE,F:\China Graduate Future Flight Vehicle Innovation Competition\20_engineering\cad\B5_0_B601_space_manipulator_candidate\07_VERIFICATION\cad_viewer\viewer_stdout.log,07_VERIFICATION/cad_viewer/viewer_stdout.log,,122,F21AAD86ACEB65D4F06C2E85AB9D70C82DB6AF3FC2994F38A135F9018FF3DCDE,False
B51_B5_0_ACCEPTED_CANDIDATE_COPY,READ_ONLY_CANDIDATE_DONOR_COPY,F:\China Graduate Future Flight Vehicle Innovation Competition\20_engineering\cad\B5_1_B601_interface_closure_candidate\00_BASELINE_DONORS\B5_0_ACCEPTED_CANDIDATE_FULL_COPY\07_VERIFICATION\cad_viewer\viewer_stdout.log,07_VERIFICATION/cad_viewer/viewer_stdout.log,F:\China Graduate Future Flight Vehicle Innovation Competition\20_engineering\cad\B5_0_B601_space_manipulator_candidate\07_VERIFICATION\cad_viewer\viewer_stdout.log,122,F21AAD86ACEB65D4F06C2E85AB9D70C82DB6AF3FC2994F38A135F9018FF3DCDE,False
B5_0_ACCEPTED_CANDIDATE_SOURCE,READ_ONLY_ACCEPTED_CANDIDATE,F:\China Graduate Future Flight Vehicle Innovation Competition\20_engineering\cad\B5_0_B601_space_manipulator_candidate\07_VERIFICATION\GATE_STATUS.json,07_VERIFICATION/GATE_STATUS.json,,11427,96D22AFFBDB266BF4238974C70029E5CFCB3DFC85F98D7379E00A4A996D6B15B,False
B51_B5_0_ACCEPTED_CANDIDATE_COPY,READ_ONLY_CANDIDATE_DONOR_COPY,F:\China Graduate Future Flight Vehicle Innovation Competition\20_engineering\cad\B5_1_B601_interface_closure_candidate\00_BASELINE_DONORS\B5_0_ACCEPTED_CANDIDATE_FULL_COPY\07_VERIFICATION\GATE_STATUS.json,07_VERIFICATION/GATE_STATUS.json,F:\China Graduate Future Flight Vehicle Innovation Competition\20_engineering\cad\B5_0_B601_space_manipulator_candidate\07_VERIFICATION\GATE_STATUS.json,11427,96D22AFFBDB266BF4238974C70029E5CFCB3DFC85F98D7379E00A4A996D6B15B,False
B5_0_ACCEPTED_CANDIDATE_SOURCE,READ_ONLY_ACCEPTED_CANDIDATE,F:\China Graduate Future Flight Vehicle Innovation Competition\20_engineering\cad\B5_0_B601_space_manipulator_candidate\07_VERIFICATION\protected_hash_verification.json,07_VERIFICATION/protected_hash_verification.json,,351,C3073F063BC290E10EEEB7917ABE521687106965514950C663AAD08F736976DB,False
B51_B5_0_ACCEPTED_CANDIDATE_COPY,READ_ONLY_CANDIDATE_DONOR_COPY,F:\China Graduate Future Flight Vehicle Innovation Competition\20_engineering\cad\B5_1_B601_interface_closure_candidate\00_BASELINE_DONORS\B5_0_ACCEPTED_CANDIDATE_FULL_COPY\07_VERIFICATION\protected_hash_verification.json,07_VERIFICATION/protected_hash_verification.json,F:\China Graduate Future Flight Vehicle Innovation Competition\20_engineering\cad\B5_0_B601_space_manipulator_candidate\07_VERIFICATION\protected_hash_verification.json,351,C3073F063BC290E10EEEB7917ABE521687106965514950C663AAD08F736976DB,False
B5_0_ACCEPTED_CANDIDATE_SOURCE,READ_ONLY_ACCEPTED_CANDIDATE,F:\China Graduate Future Flight Vehicle Innovation Competition\20_engineering\cad\B5_0_B601_space_manipulator_candidate\08_REVIEWS\LOOP_ENGINEERING_REVIEW_LOG.md,08_REVIEWS/LOOP_ENGINEERING_REVIEW_LOG.md,,4702,F171FE43D2338D12CDA4828B8C1216589039ACFFDB09B90FEF11A95200DEEFFB,False
B51_B5_0_ACCEPTED_CANDIDATE_COPY,READ_ONLY_CANDIDATE_DONOR_COPY,F:\China Graduate Future Flight Vehicle Innovation Competition\20_engineering\cad\B5_1_B601_interface_closure_candidate\00_BASELINE_DONORS\B5_0_ACCEPTED_CANDIDATE_FULL_COPY\08_REVIEWS\LOOP_ENGINEERING_REVIEW_LOG.md,08_REVIEWS/LOOP_ENGINEERING_REVIEW_LOG.md,F:\China Graduate Future Flight Vehicle Innovation Competition\20_engineering\cad\B5_0_B601_space_manipulator_candidate\08_REVIEWS\LOOP_ENGINEERING_REVIEW_LOG.md,4702,F171FE43D2338D12CDA4828B8C1216589039ACFFDB09B90FEF11A95200DEEFFB,False
B5_0_ACCEPTED_CANDIDATE_SOURCE,READ_ONLY_ACCEPTED_CANDIDATE,F:\China Graduate Future Flight Vehicle Innovation Competition\20_engineering\cad\B5_0_B601_space_manipulator_candidate\automation\__pycache__\build_b50_native.cpython-313.pyc,automation/__pycache__/build_b50_native.cpython-313.pyc,,44881,5807C01A967811F0667FCABB8F66807B1820FD44C835593FBCEDBFB59012B3D4,False
B51_B5_0_ACCEPTED_CANDIDATE_COPY,READ_ONLY_CANDIDATE_DONOR_COPY,F:\China Graduate Future Flight Vehicle Innovation Competition\20_engineering\cad\B5_1_B601_interface_closure_candidate\00_BASELINE_DONORS\B5_0_ACCEPTED_CANDIDATE_FULL_COPY\automation\__pycache__\build_b50_native.cpython-313.pyc,automation/__pycache__/build_b50_native.cpython-313.pyc,F:\China Graduate Future Flight Vehicle Innovation Competition\20_engineering\cad\B5_0_B601_space_manipulator_candidate\automation\__pycache__\build_b50_native.cpython-313.pyc,44881,5807C01A967811F0667FCABB8F66807B1820FD44C835593FBCEDBFB59012B3D4,False
B5_0_ACCEPTED_CANDIDATE_SOURCE,READ_ONLY_ACCEPTED_CANDIDATE,F:\China Graduate Future Flight Vehicle Innovation Competition\20_engineering\cad\B5_0_B601_space_manipulator_candidate\automation\__pycache__\build_phase0_smoke.cpython-313.pyc,automation/__pycache__/build_phase0_smoke.cpython-313.pyc,,11887,5513C2A6D7AAA48C7FE2473442CFE19451E530BE1D50AF5FBE0220A30B586CDD,False
B51_B5_0_ACCEPTED_CANDIDATE_COPY,READ_ONLY_CANDIDATE_DONOR_COPY,F:\China Graduate Future Flight Vehicle Innovation Competition\20_engineering\cad\B5_1_B601_interface_closure_candidate\00_BASELINE_DONORS\B5_0_ACCEPTED_CANDIDATE_FULL_COPY\automation\__pycache__\build_phase0_smoke.cpython-313.pyc,automation/__pycache__/build_phase0_smoke.cpython-313.pyc,F:\China Graduate Future Flight Vehicle Innovation Competition\20_engineering\cad\B5_0_B601_space_manipulator_candidate\automation\__pycache__\build_phase0_smoke.cpython-313.pyc,11887,5513C2A6D7AAA48C7FE2473442CFE19451E530BE1D50AF5FBE0220A30B586CDD,False
B5_0_ACCEPTED_CANDIDATE_SOURCE,READ_ONLY_ACCEPTED_CANDIDATE,F:\China Graduate Future Flight Vehicle Innovation Competition\20_engineering\cad\B5_0_B601_space_manipulator_candidate\automation\__pycache__\derive_step_sidecars.cpython-313.pyc,automation/__pycache__/derive_step_sidecars.cpython-313.pyc,,9965,7A12134B2661BCEF1E0AF7DDF5F5B385BA0D8B3671AD6E5BD978B269BC030022,False
B51_B5_0_ACCEPTED_CANDIDATE_COPY,READ_ONLY_CANDIDATE_DONOR_COPY,F:\China Graduate Future Flight Vehicle Innovation Competition\20_engineering\cad\B5_1_B601_interface_closure_candidate\00_BASELINE_DONORS\B5_0_ACCEPTED_CANDIDATE_FULL_COPY\automation\__pycache__\derive_step_sidecars.cpython-313.pyc,automation/__pycache__/derive_step_sidecars.cpython-313.pyc,F:\China Graduate Future Flight Vehicle Innovation Competition\20_engineering\cad\B5_0_B601_space_manipulator_candidate\automation\__pycache__\derive_step_sidecars.cpython-313.pyc,9965,7A12134B2661BCEF1E0AF7DDF5F5B385BA0D8B3671AD6E5BD978B269BC030022,False
B5_0_ACCEPTED_CANDIDATE_SOURCE,READ_ONLY_ACCEPTED_CANDIDATE,F:\China Graduate Future Flight Vehicle Innovation Competition\20_engineering\cad\B5_0_B601_space_manipulator_candidate\automation\__pycache__\extract_accepted_chain.cpython-313.pyc,automation/__pycache__/extract_accepted_chain.cpython-313.pyc,,24505,A8E09B7195AF160588B92FA6773A5772450EBB6802BB38929EA9BAFD539D92BF,False
B51_B5_0_ACCEPTED_CANDIDATE_COPY,READ_ONLY_CANDIDATE_DONOR_COPY,F:\China Graduate Future Flight Vehicle Innovation Competition\20_engineering\cad\B5_1_B601_interface_closure_candidate\00_BASELINE_DONORS\B5_0_ACCEPTED_CANDIDATE_FULL_COPY\automation\__pycache__\extract_accepted_chain.cpython-313.pyc,automation/__pycache__/extract_accepted_chain.cpython-313.pyc,F:\China Graduate Future Flight Vehicle Innovation Competition\20_engineering\cad\B5_0_B601_space_manipulator_candidate\automation\__pycache__\extract_accepted_chain.cpython-313.pyc,24505,A8E09B7195AF160588B92FA6773A5772450EBB6802BB38929EA9BAFD539D92BF,False
B5_0_ACCEPTED_CANDIDATE_SOURCE,READ_ONLY_ACCEPTED_CANDIDATE,F:\China Graduate Future Flight Vehicle Innovation Competition\20_engineering\cad\B5_0_B601_space_manipulator_candidate\automation\__pycache__\prepare_vendor_linklocal.cpython-313.pyc,automation/__pycache__/prepare_vendor_linklocal.cpython-313.pyc,,13806,7A29860B1A2721657429554FA6A2D36C0D2DB2C0F56A21EB2CA9C248843686E3,False
B51_B5_0_ACCEPTED_CANDIDATE_COPY,READ_ONLY_CANDIDATE_DONOR_COPY,F:\China Graduate Future Flight Vehicle Innovation Competition\20_engineering\cad\B5_1_B601_interface_closure_candidate\00_BASELINE_DONORS\B5_0_ACCEPTED_CANDIDATE_FULL_COPY\automation\__pycache__\prepare_vendor_linklocal.cpython-313.pyc,automation/__pycache__/prepare_vendor_linklocal.cpython-313.pyc,F:\China Graduate Future Flight Vehicle Innovation Competition\20_engineering\cad\B5_0_B601_space_manipulator_candidate\automation\__pycache__\prepare_vendor_linklocal.cpython-313.pyc,13806,7A29860B1A2721657429554FA6A2D36C0D2DB2C0F56A21EB2CA9C248843686E3,False
B5_0_ACCEPTED_CANDIDATE_SOURCE,READ_ONLY_ACCEPTED_CANDIDATE,F:\China Graduate Future Flight Vehicle Innovation Competition\20_engineering\cad\B5_0_B601_space_manipulator_candidate\automation\__pycache__\sw_b50_core.cpython-313.pyc,automation/__pycache__/sw_b50_core.cpython-313.pyc,,35897,5A6F7C0F302C71A1C1071B61C69F79258D231213DE82FA12C7494703C8533C2B,False
B51_B5_0_ACCEPTED_CANDIDATE_COPY,READ_ONLY_CANDIDATE_DONOR_COPY,F:\China Graduate Future Flight Vehicle Innovation Competition\20_engineering\cad\B5_1_B601_interface_closure_candidate\00_BASELINE_DONORS\B5_0_ACCEPTED_CANDIDATE_FULL_COPY\automation\__pycache__\sw_b50_core.cpython-313.pyc,automation/__pycache__/sw_b50_core.cpython-313.pyc,F:\China Graduate Future Flight Vehicle Innovation Competition\20_engineering\cad\B5_0_B601_space_manipulator_candidate\automation\__pycache__\sw_b50_core.cpython-313.pyc,35897,5A6F7C0F302C71A1C1071B61C69F79258D231213DE82FA12C7494703C8533C2B,False
B5_0_ACCEPTED_CANDIDATE_SOURCE,READ_ONLY_ACCEPTED_CANDIDATE,F:\China Graduate Future Flight Vehicle Innovation Competition\20_engineering\cad\B5_0_B601_space_manipulator_candidate\automation\__pycache__\validate_phase0_cad_cli.cpython-313.pyc,automation/__pycache__/validate_phase0_cad_cli.cpython-313.pyc,,9872,114B4D4144CEF2A7B5D42EC3AF0CDC39B6EAE37D73D253496FE220477BB5FFA9,False
B51_B5_0_ACCEPTED_CANDIDATE_COPY,READ_ONLY_CANDIDATE_DONOR_COPY,F:\China Graduate Future Flight Vehicle Innovation Competition\20_engineering\cad\B5_1_B601_interface_closure_candidate\00_BASELINE_DONORS\B5_0_ACCEPTED_CANDIDATE_FULL_COPY\automation\__pycache__\validate_phase0_cad_cli.cpython-313.pyc,automation/__pycache__/validate_phase0_cad_cli.cpython-313.pyc,F:\China Graduate Future Flight Vehicle Innovation Competition\20_engineering\cad\B5_0_B601_space_manipulator_candidate\automation\__pycache__\validate_phase0_cad_cli.cpython-313.pyc,9872,114B4D4144CEF2A7B5D42EC3AF0CDC39B6EAE37D73D253496FE220477BB5FFA9,False
B5_0_ACCEPTED_CANDIDATE_SOURCE,READ_ONLY_ACCEPTED_CANDIDATE,F:\China Graduate Future Flight Vehicle Innovation Competition\20_engineering\cad\B5_0_B601_space_manipulator_candidate\automation\__pycache__\verify_phase0_smoke.cpython-313.pyc,automation/__pycache__/verify_phase0_smoke.cpython-313.pyc,,16232,BE9A272D3D47E33563733F07D541247AC904B5A43331C886905AF2CE1F083111,False
B51_B5_0_ACCEPTED_CANDIDATE_COPY,READ_ONLY_CANDIDATE_DONOR_COPY,F:\China Graduate Future Flight Vehicle Innovation Competition\20_engineering\cad\B5_1_B601_interface_closure_candidate\00_BASELINE_DONORS\B5_0_ACCEPTED_CANDIDATE_FULL_COPY\automation\__pycache__\verify_phase0_smoke.cpython-313.pyc,automation/__pycache__/verify_phase0_smoke.cpython-313.pyc,F:\China Graduate Future Flight Vehicle Innovation Competition\20_engineering\cad\B5_0_B601_space_manipulator_candidate\automation\__pycache__\verify_phase0_smoke.cpython-313.pyc,16232,BE9A272D3D47E33563733F07D541247AC904B5A43331C886905AF2CE1F083111,False
B5_0_ACCEPTED_CANDIDATE_SOURCE,READ_ONLY_ACCEPTED_CANDIDATE,F:\China Graduate Future Flight Vehicle Innovation Competition\20_engineering\cad\B5_0_B601_space_manipulator_candidate\automation\__pycache__\verify_protected_hashes.cpython-313.pyc,automation/__pycache__/verify_protected_hashes.cpython-313.pyc,,4688,82032B3341A3CD8DFD9D0885BFC2E770FF334E1BDB5A1538D8D35DFA677A65B1,False
B51_B5_0_ACCEPTED_CANDIDATE_COPY,READ_ONLY_CANDIDATE_DONOR_COPY,F:\China Graduate Future Flight Vehicle Innovation Competition\20_engineering\cad\B5_1_B601_interface_closure_candidate\00_BASELINE_DONORS\B5_0_ACCEPTED_CANDIDATE_FULL_COPY\automation\__pycache__\verify_protected_hashes.cpython-313.pyc,automation/__pycache__/verify_protected_hashes.cpython-313.pyc,F:\China Graduate Future Flight Vehicle Innovation Competition\20_engineering\cad\B5_0_B601_space_manipulator_candidate\automation\__pycache__\verify_protected_hashes.cpython-313.pyc,4688,82032B3341A3CD8DFD9D0885BFC2E770FF334E1BDB5A1538D8D35DFA677A65B1,False
B5_0_ACCEPTED_CANDIDATE_SOURCE,READ_ONLY_ACCEPTED_CANDIDATE,F:\China Graduate Future Flight Vehicle Innovation Competition\20_engineering\cad\B5_0_B601_space_manipulator_candidate\automation\build_b50_base_adapter_reference.py,automation/build_b50_base_adapter_reference.py,,17791,EC073F891BB70770513595FDC75B1831BC5862A6E344DCB7528A3593C4FA99B5,False
B51_B5_0_ACCEPTED_CANDIDATE_COPY,READ_ONLY_CANDIDATE_DONOR_COPY,F:\China Graduate Future Flight Vehicle Innovation Competition\20_engineering\cad\B5_1_B601_interface_closure_candidate\00_BASELINE_DONORS\B5_0_ACCEPTED_CANDIDATE_FULL_COPY\automation\build_b50_base_adapter_reference.py,automation/build_b50_base_adapter_reference.py,F:\China Graduate Future Flight Vehicle Innovation Competition\20_engineering\cad\B5_0_B601_space_manipulator_candidate\automation\build_b50_base_adapter_reference.py,17791,EC073F891BB70770513595FDC75B1831BC5862A6E344DCB7528A3593C4FA99B5,False
B5_0_ACCEPTED_CANDIDATE_SOURCE,READ_ONLY_ACCEPTED_CANDIDATE,F:\China Graduate Future Flight Vehicle Innovation Competition\20_engineering\cad\B5_0_B601_space_manipulator_candidate\automation\build_b50_native.py,automation/build_b50_native.py,,41239,552572C5E20E16FBFB815BA0E5D191B6D437F773EEB7603EFBC84F5BEF3006CF,False
B51_B5_0_ACCEPTED_CANDIDATE_COPY,READ_ONLY_CANDIDATE_DONOR_COPY,F:\China Graduate Future Flight Vehicle Innovation Competition\20_engineering\cad\B5_1_B601_interface_closure_candidate\00_BASELINE_DONORS\B5_0_ACCEPTED_CANDIDATE_FULL_COPY\automation\build_b50_native.py,automation/build_b50_native.py,F:\China Graduate Future Flight Vehicle Innovation Competition\20_engineering\cad\B5_0_B601_space_manipulator_candidate\automation\build_b50_native.py,41239,552572C5E20E16FBFB815BA0E5D191B6D437F773EEB7603EFBC84F5BEF3006CF,False
B5_0_ACCEPTED_CANDIDATE_SOURCE,READ_ONLY_ACCEPTED_CANDIDATE,F:\China Graduate Future Flight Vehicle Innovation Competition\20_engineering\cad\B5_0_B601_space_manipulator_candidate\automation\build_phase0_smoke.py,automation/build_phase0_smoke.py,,9540,6EC832C34981FF7449C49990EDAABBEB10668E5773DEBA09889E9B1CBB409FC9,False
B51_B5_0_ACCEPTED_CANDIDATE_COPY,READ_ONLY_CANDIDATE_DONOR_COPY,F:\China Graduate Future Flight Vehicle Innovation Competition\20_engineering\cad\B5_1_B601_interface_closure_candidate\00_BASELINE_DONORS\B5_0_ACCEPTED_CANDIDATE_FULL_COPY\automation\build_phase0_smoke.py,automation/build_phase0_smoke.py,F:\China Graduate Future Flight Vehicle Innovation Competition\20_engineering\cad\B5_0_B601_space_manipulator_candidate\automation\build_phase0_smoke.py,9540,6EC832C34981FF7449C49990EDAABBEB10668E5773DEBA09889E9B1CBB409FC9,False
B5_0_ACCEPTED_CANDIDATE_SOURCE,READ_ONLY_ACCEPTED_CANDIDATE,F:\China Graduate Future Flight Vehicle Innovation Competition\20_engineering\cad\B5_0_B601_space_manipulator_candidate\automation\derive_step_sidecars.py,automation/derive_step_sidecars.py,,6038,C009ED2DEEE574622BF8C28C49BB488DAD17A33B0F86EEAAE2CFC17476915D89,False
B51_B5_0_ACCEPTED_CANDIDATE_COPY,READ_ONLY_CANDIDATE_DONOR_COPY,F:\China Graduate Future Flight Vehicle Innovation Competition\20_engineering\cad\B5_1_B601_interface_closure_candidate\00_BASELINE_DONORS\B5_0_ACCEPTED_CANDIDATE_FULL_COPY\automation\derive_step_sidecars.py,automation/derive_step_sidecars.py,F:\China Graduate Future Flight Vehicle Innovation Competition\20_engineering\cad\B5_0_B601_space_manipulator_candidate\automation\derive_step_sidecars.py,6038,C009ED2DEEE574622BF8C28C49BB488DAD17A33B0F86EEAAE2CFC17476915D89,False
B5_0_ACCEPTED_CANDIDATE_SOURCE,READ_ONLY_ACCEPTED_CANDIDATE,F:\China Graduate Future Flight Vehicle Innovation Competition\20_engineering\cad\B5_0_B601_space_manipulator_candidate\automation\extract_accepted_chain.py,automation/extract_accepted_chain.py,,17706,DC59772BB840020E3D7C4CA43C5E281F10A5DEF9AE6CEF8C1ADE6F6EDAFAC5D6,False
B51_B5_0_ACCEPTED_CANDIDATE_COPY,READ_ONLY_CANDIDATE_DONOR_COPY,F:\China Graduate Future Flight Vehicle Innovation Competition\20_engineering\cad\B5_1_B601_interface_closure_candidate\00_BASELINE_DONORS\B5_0_ACCEPTED_CANDIDATE_FULL_COPY\automation\extract_accepted_chain.py,automation/extract_accepted_chain.py,F:\China Graduate Future Flight Vehicle Innovation Competition\20_engineering\cad\B5_0_B601_space_manipulator_candidate\automation\extract_accepted_chain.py,17706,DC59772BB840020E3D7C4CA43C5E281F10A5DEF9AE6CEF8C1ADE6F6EDAFAC5D6,False
B5_0_ACCEPTED_CANDIDATE_SOURCE,READ_ONLY_ACCEPTED_CANDIDATE,F:\China Graduate Future Flight Vehicle Innovation Competition\20_engineering\cad\B5_0_B601_space_manipulator_candidate\automation\finalize_b50_native_q0_gate.py,automation/finalize_b50_native_q0_gate.py,,20839,4609D4EB01FD371FF4EAC013D734EACC91836D2EF1E46345E6ED10880500D348,False
B51_B5_0_ACCEPTED_CANDIDATE_COPY,READ_ONLY_CANDIDATE_DONOR_COPY,F:\China Graduate Future Flight Vehicle Innovation Competition\20_engineering\cad\B5_1_B601_interface_closure_candidate\00_BASELINE_DONORS\B5_0_ACCEPTED_CANDIDATE_FULL_COPY\automation\finalize_b50_native_q0_gate.py,automation/finalize_b50_native_q0_gate.py,F:\China Graduate Future Flight Vehicle Innovation Competition\20_engineering\cad\B5_0_B601_space_manipulator_candidate\automation\finalize_b50_native_q0_gate.py,20839,4609D4EB01FD371FF4EAC013D734EACC91836D2EF1E46345E6ED10880500D348,False
B5_0_ACCEPTED_CANDIDATE_SOURCE,READ_ONLY_ACCEPTED_CANDIDATE,F:\China Graduate Future Flight Vehicle Innovation Competition\20_engineering\cad\B5_0_B601_space_manipulator_candidate\automation\generate_phase0_inventory.py,automation/generate_phase0_inventory.py,,11001,48E156F444E1D2E2388BF4992110B5FD410247729F98D17A567D181D6607B9E5,False
B51_B5_0_ACCEPTED_CANDIDATE_COPY,READ_ONLY_CANDIDATE_DONOR_COPY,F:\China Graduate Future Flight Vehicle Innovation Competition\20_engineering\cad\B5_1_B601_interface_closure_candidate\00_BASELINE_DONORS\B5_0_ACCEPTED_CANDIDATE_FULL_COPY\automation\generate_phase0_inventory.py,automation/generate_phase0_inventory.py,F:\China Graduate Future Flight Vehicle Innovation Competition\20_engineering\cad\B5_0_B601_space_manipulator_candidate\automation\generate_phase0_inventory.py,11001,48E156F444E1D2E2388BF4992110B5FD410247729F98D17A567D181D6607B9E5,False
B5_0_ACCEPTED_CANDIDATE_SOURCE,READ_ONLY_ACCEPTED_CANDIDATE,F:\China Graduate Future Flight Vehicle Innovation Competition\20_engineering\cad\B5_0_B601_space_manipulator_candidate\automation\prepare_vendor_linklocal.py,automation/prepare_vendor_linklocal.py,,9657,D0C10BA769370669A9805494F80C745D4020B4807194192151B6D5E4E1D96B5F,False
B51_B5_0_ACCEPTED_CANDIDATE_COPY,READ_ONLY_CANDIDATE_DONOR_COPY,F:\China Graduate Future Flight Vehicle Innovation Competition\20_engineering\cad\B5_1_B601_interface_closure_candidate\00_BASELINE_DONORS\B5_0_ACCEPTED_CANDIDATE_FULL_COPY\automation\prepare_vendor_linklocal.py,automation/prepare_vendor_linklocal.py,F:\China Graduate Future Flight Vehicle Innovation Competition\20_engineering\cad\B5_0_B601_space_manipulator_candidate\automation\prepare_vendor_linklocal.py,9657,D0C10BA769370669A9805494F80C745D4020B4807194192151B6D5E4E1D96B5F,False
B5_0_ACCEPTED_CANDIDATE_SOURCE,READ_ONLY_ACCEPTED_CANDIDATE,F:\China Graduate Future Flight Vehicle Innovation Competition\20_engineering\cad\B5_0_B601_space_manipulator_candidate\automation\recover_b50_import_session.py,automation/recover_b50_import_session.py,,4508,472D8C587AAB70399B10160621B406859D762550108F22FA76E8F8B43774C50D,False
B51_B5_0_ACCEPTED_CANDIDATE_COPY,READ_ONLY_CANDIDATE_DONOR_COPY,F:\China Graduate Future Flight Vehicle Innovation Competition\20_engineering\cad\B5_1_B601_interface_closure_candidate\00_BASELINE_DONORS\B5_0_ACCEPTED_CANDIDATE_FULL_COPY\automation\recover_b50_import_session.py,automation/recover_b50_import_session.py,F:\China Graduate Future Flight Vehicle Innovation Competition\20_engineering\cad\B5_0_B601_space_manipulator_candidate\automation\recover_b50_import_session.py,4508,472D8C587AAB70399B10160621B406859D762550108F22FA76E8F8B43774C50D,False
B5_0_ACCEPTED_CANDIDATE_SOURCE,READ_ONLY_ACCEPTED_CANDIDATE,F:\China Graduate Future Flight Vehicle Innovation Competition\20_engineering\cad\B5_0_B601_space_manipulator_candidate\automation\render_b50_snapshot_native_glb.py,automation/render_b50_snapshot_native_glb.py,,3881,A04596C471FD29624DEF8296B8737454529682EAE2072F6FEA6BBACD89C75C32,False
B51_B5_0_ACCEPTED_CANDIDATE_COPY,READ_ONLY_CANDIDATE_DONOR_COPY,F:\China Graduate Future Flight Vehicle Innovation Competition\20_engineering\cad\B5_1_B601_interface_closure_candidate\00_BASELINE_DONORS\B5_0_ACCEPTED_CANDIDATE_FULL_COPY\automation\render_b50_snapshot_native_glb.py,automation/render_b50_snapshot_native_glb.py,F:\China Graduate Future Flight Vehicle Innovation Competition\20_engineering\cad\B5_0_B601_space_manipulator_candidate\automation\render_b50_snapshot_native_glb.py,3881,A04596C471FD29624DEF8296B8737454529682EAE2072F6FEA6BBACD89C75C32,False
B5_0_ACCEPTED_CANDIDATE_SOURCE,READ_ONLY_ACCEPTED_CANDIDATE,F:\China Graduate Future Flight Vehicle Innovation Competition\20_engineering\cad\B5_0_B601_space_manipulator_candidate\automation\render_b50_stl_review.py,automation/render_b50_stl_review.py,,7491,D9A7F27494AE8D0A00DBCED7AB3226789AAF0CB83DECAF1DCB95A54E8CD09230,False
B51_B5_0_ACCEPTED_CANDIDATE_COPY,READ_ONLY_CANDIDATE_DONOR_COPY,F:\China Graduate Future Flight Vehicle Innovation Competition\20_engineering\cad\B5_1_B601_interface_closure_candidate\00_BASELINE_DONORS\B5_0_ACCEPTED_CANDIDATE_FULL_COPY\automation\render_b50_stl_review.py,automation/render_b50_stl_review.py,F:\China Graduate Future Flight Vehicle Innovation Competition\20_engineering\cad\B5_0_B601_space_manipulator_candidate\automation\render_b50_stl_review.py,7491,D9A7F27494AE8D0A00DBCED7AB3226789AAF0CB83DECAF1DCB95A54E8CD09230,False
B5_0_ACCEPTED_CANDIDATE_SOURCE,READ_ONLY_ACCEPTED_CANDIDATE,F:\China Graduate Future Flight Vehicle Innovation Competition\20_engineering\cad\B5_0_B601_space_manipulator_candidate\automation\sw_b50_core.py,automation/sw_b50_core.py,,26204,98D9930F09B1BBAC9A0A59521B1257024A993B7C1CE1C82F0E02A4C4384F362D,False
B51_B5_0_ACCEPTED_CANDIDATE_COPY,READ_ONLY_CANDIDATE_DONOR_COPY,F:\China Graduate Future Flight Vehicle Innovation Competition\20_engineering\cad\B5_1_B601_interface_closure_candidate\00_BASELINE_DONORS\B5_0_ACCEPTED_CANDIDATE_FULL_COPY\automation\sw_b50_core.py,automation/sw_b50_core.py,F:\China Graduate Future Flight Vehicle Innovation Competition\20_engineering\cad\B5_0_B601_space_manipulator_candidate\automation\sw_b50_core.py,26204,98D9930F09B1BBAC9A0A59521B1257024A993B7C1CE1C82F0E02A4C4384F362D,False
B5_0_ACCEPTED_CANDIDATE_SOURCE,READ_ONLY_ACCEPTED_CANDIDATE,F:\China Graduate Future Flight Vehicle Innovation Competition\20_engineering\cad\B5_0_B601_space_manipulator_candidate\automation\validate_phase0_cad_cli.py,automation/validate_phase0_cad_cli.py,,6096,6D846CDB8742EFD081AB67F12B641B0D1DD5D474B77DC67966BB4A3E6EC30745,False
B51_B5_0_ACCEPTED_CANDIDATE_COPY,READ_ONLY_CANDIDATE_DONOR_COPY,F:\China Graduate Future Flight Vehicle Innovation Competition\20_engineering\cad\B5_1_B601_interface_closure_candidate\00_BASELINE_DONORS\B5_0_ACCEPTED_CANDIDATE_FULL_COPY\automation\validate_phase0_cad_cli.py,automation/validate_phase0_cad_cli.py,F:\China Graduate Future Flight Vehicle Innovation Competition\20_engineering\cad\B5_0_B601_space_manipulator_candidate\automation\validate_phase0_cad_cli.py,6096,6D846CDB8742EFD081AB67F12B641B0D1DD5D474B77DC67966BB4A3E6EC30745,False
B5_0_ACCEPTED_CANDIDATE_SOURCE,READ_ONLY_ACCEPTED_CANDIDATE,F:\China Graduate Future Flight Vehicle Innovation Competition\20_engineering\cad\B5_0_B601_space_manipulator_candidate\automation\verify_b50_base_adapter_reference.py,automation/verify_b50_base_adapter_reference.py,,20827,CEE9147F399CA162558A6F0FDD77968A07685B5E4C24DE276B2B90E5C69CC882,False
B51_B5_0_ACCEPTED_CANDIDATE_COPY,READ_ONLY_CANDIDATE_DONOR_COPY,F:\China Graduate Future Flight Vehicle Innovation Competition\20_engineering\cad\B5_1_B601_interface_closure_candidate\00_BASELINE_DONORS\B5_0_ACCEPTED_CANDIDATE_FULL_COPY\automation\verify_b50_base_adapter_reference.py,automation/verify_b50_base_adapter_reference.py,F:\China Graduate Future Flight Vehicle Innovation Competition\20_engineering\cad\B5_0_B601_space_manipulator_candidate\automation\verify_b50_base_adapter_reference.py,20827,CEE9147F399CA162558A6F0FDD77968A07685B5E4C24DE276B2B90E5C69CC882,False
B5_0_ACCEPTED_CANDIDATE_SOURCE,READ_ONLY_ACCEPTED_CANDIDATE,F:\China Graduate Future Flight Vehicle Innovation Competition\20_engineering\cad\B5_0_B601_space_manipulator_candidate\automation\verify_b50_native_q0.py,automation/verify_b50_native_q0.py,,39488,26944ABD2D3C325870506BA4F3AA005DEA24A4099F1EC2606FF3D08D7B835C83,False
B51_B5_0_ACCEPTED_CANDIDATE_COPY,READ_ONLY_CANDIDATE_DONOR_COPY,F:\China Graduate Future Flight Vehicle Innovation Competition\20_engineering\cad\B5_1_B601_interface_closure_candidate\00_BASELINE_DONORS\B5_0_ACCEPTED_CANDIDATE_FULL_COPY\automation\verify_b50_native_q0.py,automation/verify_b50_native_q0.py,F:\China Graduate Future Flight Vehicle Innovation Competition\20_engineering\cad\B5_0_B601_space_manipulator_candidate\automation\verify_b50_native_q0.py,39488,26944ABD2D3C325870506BA4F3AA005DEA24A4099F1EC2606FF3D08D7B835C83,False
B5_0_ACCEPTED_CANDIDATE_SOURCE,READ_ONLY_ACCEPTED_CANDIDATE,F:\China Graduate Future Flight Vehicle Innovation Competition\20_engineering\cad\B5_0_B601_space_manipulator_candidate\automation\verify_phase0_smoke.py,automation/verify_phase0_smoke.py,,13044,C057D38933B9E0FC0C76A171EABB9E0201EB68ECC4978A6A172C615D765291A6,False
B51_B5_0_ACCEPTED_CANDIDATE_COPY,READ_ONLY_CANDIDATE_DONOR_COPY,F:\China Graduate Future Flight Vehicle Innovation Competition\20_engineering\cad\B5_1_B601_interface_closure_candidate\00_BASELINE_DONORS\B5_0_ACCEPTED_CANDIDATE_FULL_COPY\automation\verify_phase0_smoke.py,automation/verify_phase0_smoke.py,F:\China Graduate Future Flight Vehicle Innovation Competition\20_engineering\cad\B5_0_B601_space_manipulator_candidate\automation\verify_phase0_smoke.py,13044,C057D38933B9E0FC0C76A171EABB9E0201EB68ECC4978A6A172C615D765291A6,False
B5_0_ACCEPTED_CANDIDATE_SOURCE,READ_ONLY_ACCEPTED_CANDIDATE,F:\China Graduate Future Flight Vehicle Innovation Competition\20_engineering\cad\B5_0_B601_space_manipulator_candidate\automation\verify_protected_hashes.py,automation/verify_protected_hashes.py,,2686,5063EFD71F53E7613453B1D133AFBAAB64BB8DAB6DD47BA4EE0F6A33CDB82D06,False
B51_B5_0_ACCEPTED_CANDIDATE_COPY,READ_ONLY_CANDIDATE_DONOR_COPY,F:\China Graduate Future Flight Vehicle Innovation Competition\20_engineering\cad\B5_1_B601_interface_closure_candidate\00_BASELINE_DONORS\B5_0_ACCEPTED_CANDIDATE_FULL_COPY\automation\verify_protected_hashes.py,automation/verify_protected_hashes.py,F:\China Graduate Future Flight Vehicle Innovation Competition\20_engineering\cad\B5_0_B601_space_manipulator_candidate\automation\verify_protected_hashes.py,2686,5063EFD71F53E7613453B1D133AFBAAB64BB8DAB6DD47BA4EE0F6A33CDB82D06,False
B5_0_ACCEPTED_CANDIDATE_SOURCE,READ_ONLY_ACCEPTED_CANDIDATE,F:\China Graduate Future Flight Vehicle Innovation Competition\20_engineering\cad\B5_0_B601_space_manipulator_candidate\phase0_runs\PHASE0_20260727T2110Z\evidence\phase0_build_report.json,phase0_runs/PHASE0_20260727T2110Z/evidence/phase0_build_report.json,,1725,3D5C8EF64411A4B677728702647E1CEC26305D99A7275B315B59075F6FA18981,False
B51_B5_0_ACCEPTED_CANDIDATE_COPY,READ_ONLY_CANDIDATE_DONOR_COPY,F:\China Graduate Future Flight Vehicle Innovation Competition\20_engineering\cad\B5_1_B601_interface_closure_candidate\00_BASELINE_DONORS\B5_0_ACCEPTED_CANDIDATE_FULL_COPY\phase0_runs\PHASE0_20260727T2110Z\evidence\phase0_build_report.json,phase0_runs/PHASE0_20260727T2110Z/evidence/phase0_build_report.json,F:\China Graduate Future Flight Vehicle Innovation Competition\20_engineering\cad\B5_0_B601_space_manipulator_candidate\phase0_runs\PHASE0_20260727T2110Z\evidence\phase0_build_report.json,1725,3D5C8EF64411A4B677728702647E1CEC26305D99A7275B315B59075F6FA18981,False
B5_0_ACCEPTED_CANDIDATE_SOURCE,READ_ONLY_ACCEPTED_CANDIDATE,F:\China Graduate Future Flight Vehicle Innovation Competition\20_engineering\cad\B5_0_B601_space_manipulator_candidate\phase0_runs\PHASE0_20260727T2112Z\evidence\phase0_build_report.json,phase0_runs/PHASE0_20260727T2112Z/evidence/phase0_build_report.json,,7688,99FCFC53D69E5B4B16D9944963F644102CE2EEBF1722AFBCCFBE85D318C3936D,False
B51_B5_0_ACCEPTED_CANDIDATE_COPY,READ_ONLY_CANDIDATE_DONOR_COPY,F:\China Graduate Future Flight Vehicle Innovation Competition\20_engineering\cad\B5_1_B601_interface_closure_candidate\00_BASELINE_DONORS\B5_0_ACCEPTED_CANDIDATE_FULL_COPY\phase0_runs\PHASE0_20260727T2112Z\evidence\phase0_build_report.json,phase0_runs/PHASE0_20260727T2112Z/evidence/phase0_build_report.json,F:\China Graduate Future Flight Vehicle Innovation Competition\20_engineering\cad\B5_0_B601_space_manipulator_candidate\phase0_runs\PHASE0_20260727T2112Z\evidence\phase0_build_report.json,7688,99FCFC53D69E5B4B16D9944963F644102CE2EEBF1722AFBCCFBE85D318C3936D,False
B5_0_ACCEPTED_CANDIDATE_SOURCE,READ_ONLY_ACCEPTED_CANDIDATE,F:\China Graduate Future Flight Vehicle Innovation Competition\20_engineering\cad\B5_0_B601_space_manipulator_candidate\phase0_runs\PHASE0_20260727T2112Z\evidence\phase0_cad_cli_validation.json,phase0_runs/PHASE0_20260727T2112Z/evidence/phase0_cad_cli_validation.json,,10562,5BE6F8BAC69D5365CFA04B47001F8B380840D80ACC5B1BFFDD75FD50C06A4802,False
B51_B5_0_ACCEPTED_CANDIDATE_COPY,READ_ONLY_CANDIDATE_DONOR_COPY,F:\China Graduate Future Flight Vehicle Innovation Competition\20_engineering\cad\B5_1_B601_interface_closure_candidate\00_BASELINE_DONORS\B5_0_ACCEPTED_CANDIDATE_FULL_COPY\phase0_runs\PHASE0_20260727T2112Z\evidence\phase0_cad_cli_validation.json,phase0_runs/PHASE0_20260727T2112Z/evidence/phase0_cad_cli_validation.json,F:\China Graduate Future Flight Vehicle Innovation Competition\20_engineering\cad\B5_0_B601_space_manipulator_candidate\phase0_runs\PHASE0_20260727T2112Z\evidence\phase0_cad_cli_validation.json,10562,5BE6F8BAC69D5365CFA04B47001F8B380840D80ACC5B1BFFDD75FD50C06A4802,False
B5_0_ACCEPTED_CANDIDATE_SOURCE,READ_ONLY_ACCEPTED_CANDIDATE,F:\China Graduate Future Flight Vehicle Innovation Competition\20_engineering\cad\B5_0_B601_space_manipulator_candidate\phase0_runs\PHASE0_20260727T2112Z\evidence\phase0_sidecar_report.json,phase0_runs/PHASE0_20260727T2112Z/evidence/phase0_sidecar_report.json,,1466,1BC3A7BD1D6DB37FEED80173543288AAE37E9329D566C07C412F6B0A3D714D43,False
B51_B5_0_ACCEPTED_CANDIDATE_COPY,READ_ONLY_CANDIDATE_DONOR_COPY,F:\China Graduate Future Flight Vehicle Innovation Competition\20_engineering\cad\B5_1_B601_interface_closure_candidate\00_BASELINE_DONORS\B5_0_ACCEPTED_CANDIDATE_FULL_COPY\phase0_runs\PHASE0_20260727T2112Z\evidence\phase0_sidecar_report.json,phase0_runs/PHASE0_20260727T2112Z/evidence/phase0_sidecar_report.json,F:\China Graduate Future Flight Vehicle Innovation Competition\20_engineering\cad\B5_0_B601_space_manipulator_candidate\phase0_runs\PHASE0_20260727T2112Z\evidence\phase0_sidecar_report.json,1466,1BC3A7BD1D6DB37FEED80173543288AAE37E9329D566C07C412F6B0A3D714D43,False
B5_0_ACCEPTED_CANDIDATE_SOURCE,READ_ONLY_ACCEPTED_CANDIDATE,F:\China Graduate Future Flight Vehicle Innovation Competition\20_engineering\cad\B5_0_B601_space_manipulator_candidate\phase0_runs\PHASE0_20260727T2112Z\evidence\phase0_verify_report.json,phase0_runs/PHASE0_20260727T2112Z/evidence/phase0_verify_report.json,,6368,23A17379E6D62B825BD73113568C8D031072C3AF0E28883E8323658010873EC6,False
B51_B5_0_ACCEPTED_CANDIDATE_COPY,READ_ONLY_CANDIDATE_DONOR_COPY,F:\China Graduate Future Flight Vehicle Innovation Competition\20_engineering\cad\B5_1_B601_interface_closure_candidate\00_BASELINE_DONORS\B5_0_ACCEPTED_CANDIDATE_FULL_COPY\phase0_runs\PHASE0_20260727T2112Z\evidence\phase0_verify_report.json,phase0_runs/PHASE0_20260727T2112Z/evidence/phase0_verify_report.json,F:\China Graduate Future Flight Vehicle Innovation Competition\20_engineering\cad\B5_0_B601_space_manipulator_candidate\phase0_runs\PHASE0_20260727T2112Z\evidence\phase0_verify_report.json,6368,23A17379E6D62B825BD73113568C8D031072C3AF0E28883E8323658010873EC6,False
B5_0_ACCEPTED_CANDIDATE_SOURCE,READ_ONLY_ACCEPTED_CANDIDATE,F:\China Graduate Future Flight Vehicle Innovation Competition\20_engineering\cad\B5_0_B601_space_manipulator_candidate\phase0_runs\PHASE0_20260727T2112Z\exports\.PHASE0_COM_SMOKE_ASSEMBLY.step.glb,phase0_runs/PHASE0_20260727T2112Z/exports/.PHASE0_COM_SMOKE_ASSEMBLY.step.glb,,18184,01B7C42D2C78ABD251EA533EECC086AE9E9768A227997532819015D17557520E,False
B51_B5_0_ACCEPTED_CANDIDATE_COPY,READ_ONLY_CANDIDATE_DONOR_COPY,F:\China Graduate Future Flight Vehicle Innovation Competition\20_engineering\cad\B5_1_B601_interface_closure_candidate\00_BASELINE_DONORS\B5_0_ACCEPTED_CANDIDATE_FULL_COPY\phase0_runs\PHASE0_20260727T2112Z\exports\.PHASE0_COM_SMOKE_ASSEMBLY.step.glb,phase0_runs/PHASE0_20260727T2112Z/exports/.PHASE0_COM_SMOKE_ASSEMBLY.step.glb,F:\China Graduate Future Flight Vehicle Innovation Competition\20_engineering\cad\B5_0_B601_space_manipulator_candidate\phase0_runs\PHASE0_20260727T2112Z\exports\.PHASE0_COM_SMOKE_ASSEMBLY.step.glb,18184,01B7C42D2C78ABD251EA533EECC086AE9E9768A227997532819015D17557520E,False
B5_0_ACCEPTED_CANDIDATE_SOURCE,READ_ONLY_ACCEPTED_CANDIDATE,F:\China Graduate Future Flight Vehicle Innovation Competition\20_engineering\cad\B5_0_B601_space_manipulator_candidate\phase0_runs\PHASE0_20260727T2112Z\exports\PHASE0_COM_SMOKE_ASSEMBLY.step,phase0_runs/PHASE0_20260727T2112Z/exports/PHASE0_COM_SMOKE_ASSEMBLY.step,,23784,1614E5463361642C333C1D015E47730FF54DD3B9594FD33BD3DC33B9F211C87E,False
B51_B5_0_ACCEPTED_CANDIDATE_COPY,READ_ONLY_CANDIDATE_DONOR_COPY,F:\China Graduate Future Flight Vehicle Innovation Competition\20_engineering\cad\B5_1_B601_interface_closure_candidate\00_BASELINE_DONORS\B5_0_ACCEPTED_CANDIDATE_FULL_COPY\phase0_runs\PHASE0_20260727T2112Z\exports\PHASE0_COM_SMOKE_ASSEMBLY.step,phase0_runs/PHASE0_20260727T2112Z/exports/PHASE0_COM_SMOKE_ASSEMBLY.step,F:\China Graduate Future Flight Vehicle Innovation Competition\20_engineering\cad\B5_0_B601_space_manipulator_candidate\phase0_runs\PHASE0_20260727T2112Z\exports\PHASE0_COM_SMOKE_ASSEMBLY.step,23784,1614E5463361642C333C1D015E47730FF54DD3B9594FD33BD3DC33B9F211C87E,False
B5_0_ACCEPTED_CANDIDATE_SOURCE,READ_ONLY_ACCEPTED_CANDIDATE,F:\China Graduate Future Flight Vehicle Innovation Competition\20_engineering\cad\B5_0_B601_space_manipulator_candidate\phase0_runs\PHASE0_20260727T2112Z\meshes\PHASE0_COM_SMOKE_ASSEMBLY.glb,phase0_runs/PHASE0_20260727T2112Z/meshes/PHASE0_COM_SMOKE_ASSEMBLY.glb,,1564,6DB5B49A9F7711E874419B617D5B5CB8C344A8B3CFF4BDA5D238F914BE70F384,False
B51_B5_0_ACCEPTED_CANDIDATE_COPY,READ_ONLY_CANDIDATE_DONOR_COPY,F:\China Graduate Future Flight Vehicle Innovation Competition\20_engineering\cad\B5_1_B601_interface_closure_candidate\00_BASELINE_DONORS\B5_0_ACCEPTED_CANDIDATE_FULL_COPY\phase0_runs\PHASE0_20260727T2112Z\meshes\PHASE0_COM_SMOKE_ASSEMBLY.glb,phase0_runs/PHASE0_20260727T2112Z/meshes/PHASE0_COM_SMOKE_ASSEMBLY.glb,F:\China Graduate Future Flight Vehicle Innovation Competition\20_engineering\cad\B5_0_B601_space_manipulator_candidate\phase0_runs\PHASE0_20260727T2112Z\meshes\PHASE0_COM_SMOKE_ASSEMBLY.glb,1564,6DB5B49A9F7711E874419B617D5B5CB8C344A8B3CFF4BDA5D238F914BE70F384,False
B5_0_ACCEPTED_CANDIDATE_SOURCE,READ_ONLY_ACCEPTED_CANDIDATE,F:\China Graduate Future Flight Vehicle Innovation Competition\20_engineering\cad\B5_0_B601_space_manipulator_candidate\phase0_runs\PHASE0_20260727T2112Z\meshes\PHASE0_COM_SMOKE_ASSEMBLY.stl,phase0_runs/PHASE0_20260727T2112Z/meshes/PHASE0_COM_SMOKE_ASSEMBLY.stl,,684,0E3CA4FD522F9F07D9D8F79152B5FD588223A958394DE9D89ECC05CE3663D10F,False
B51_B5_0_ACCEPTED_CANDIDATE_COPY,READ_ONLY_CANDIDATE_DONOR_COPY,F:\China Graduate Future Flight Vehicle Innovation Competition\20_engineering\cad\B5_1_B601_interface_closure_candidate\00_BASELINE_DONORS\B5_0_ACCEPTED_CANDIDATE_FULL_COPY\phase0_runs\PHASE0_20260727T2112Z\meshes\PHASE0_COM_SMOKE_ASSEMBLY.stl,phase0_runs/PHASE0_20260727T2112Z/meshes/PHASE0_COM_SMOKE_ASSEMBLY.stl,F:\China Graduate Future Flight Vehicle Innovation Competition\20_engineering\cad\B5_0_B601_space_manipulator_candidate\phase0_runs\PHASE0_20260727T2112Z\meshes\PHASE0_COM_SMOKE_ASSEMBLY.stl,684,0E3CA4FD522F9F07D9D8F79152B5FD588223A958394DE9D89ECC05CE3663D10F,False
B5_0_ACCEPTED_CANDIDATE_SOURCE,READ_ONLY_ACCEPTED_CANDIDATE,F:\China Graduate Future Flight Vehicle Innovation Competition\20_engineering\cad\B5_0_B601_space_manipulator_candidate\phase0_runs\PHASE0_20260727T2112Z\native\assembly\PHASE0_COM_SMOKE_ASSEMBLY.SLDASM,phase0_runs/PHASE0_20260727T2112Z/native/assembly/PHASE0_COM_SMOKE_ASSEMBLY.SLDASM,,53125,52E3A51B9584DBBF2924BD718CADFB0EE9F27B228C19EA5A9A7DFBD1ACC5E924,False
B51_B5_0_ACCEPTED_CANDIDATE_COPY,READ_ONLY_CANDIDATE_DONOR_COPY,F:\China Graduate Future Flight Vehicle Innovation Competition\20_engineering\cad\B5_1_B601_interface_closure_candidate\00_BASELINE_DONORS\B5_0_ACCEPTED_CANDIDATE_FULL_COPY\phase0_runs\PHASE0_20260727T2112Z\native\assembly\PHASE0_COM_SMOKE_ASSEMBLY.SLDASM,phase0_runs/PHASE0_20260727T2112Z/native/assembly/PHASE0_COM_SMOKE_ASSEMBLY.SLDASM,F:\China Graduate Future Flight Vehicle Innovation Competition\20_engineering\cad\B5_0_B601_space_manipulator_candidate\phase0_runs\PHASE0_20260727T2112Z\native\assembly\PHASE0_COM_SMOKE_ASSEMBLY.SLDASM,53125,52E3A51B9584DBBF2924BD718CADFB0EE9F27B228C19EA5A9A7DFBD1ACC5E924,False
B5_0_ACCEPTED_CANDIDATE_SOURCE,READ_ONLY_ACCEPTED_CANDIDATE,F:\China Graduate Future Flight Vehicle Innovation Competition\20_engineering\cad\B5_0_B601_space_manipulator_candidate\phase0_runs\PHASE0_20260727T2112Z\native\drawings\PHASE0_COM_SMOKE_DRAWING.SLDDRW,phase0_runs/PHASE0_20260727T2112Z/native/drawings/PHASE0_COM_SMOKE_DRAWING.SLDDRW,,90879,140F38D31E7DDD4D1975E89E5797415EC3CA7C40A9A9086C02185C3210027BC3,False
B51_B5_0_ACCEPTED_CANDIDATE_COPY,READ_ONLY_CANDIDATE_DONOR_COPY,F:\China Graduate Future Flight Vehicle Innovation Competition\20_engineering\cad\B5_1_B601_interface_closure_candidate\00_BASELINE_DONORS\B5_0_ACCEPTED_CANDIDATE_FULL_COPY\phase0_runs\PHASE0_20260727T2112Z\native\drawings\PHASE0_COM_SMOKE_DRAWING.SLDDRW,phase0_runs/PHASE0_20260727T2112Z/native/drawings/PHASE0_COM_SMOKE_DRAWING.SLDDRW,F:\China Graduate Future Flight Vehicle Innovation Competition\20_engineering\cad\B5_0_B601_space_manipulator_candidate\phase0_runs\PHASE0_20260727T2112Z\native\drawings\PHASE0_COM_SMOKE_DRAWING.SLDDRW,90879,140F38D31E7DDD4D1975E89E5797415EC3CA7C40A9A9086C02185C3210027BC3,False
B5_0_ACCEPTED_CANDIDATE_SOURCE,READ_ONLY_ACCEPTED_CANDIDATE,F:\China Graduate Future Flight Vehicle Innovation Competition\20_engineering\cad\B5_0_B601_space_manipulator_candidate\phase0_runs\PHASE0_20260727T2112Z\native\parts\PHASE0_COM_SMOKE_PART.SLDPRT,phase0_runs/PHASE0_20260727T2112Z/native/parts/PHASE0_COM_SMOKE_PART.SLDPRT,,61162,3549116063FE29B74B49A2B81397DD7FB9558A817D77B6A47EF5B84004E19A0F,False
B51_B5_0_ACCEPTED_CANDIDATE_COPY,READ_ONLY_CANDIDATE_DONOR_COPY,F:\China Graduate Future Flight Vehicle Innovation Competition\20_engineering\cad\B5_1_B601_interface_closure_candidate\00_BASELINE_DONORS\B5_0_ACCEPTED_CANDIDATE_FULL_COPY\phase0_runs\PHASE0_20260727T2112Z\native\parts\PHASE0_COM_SMOKE_PART.SLDPRT,phase0_runs/PHASE0_20260727T2112Z/native/parts/PHASE0_COM_SMOKE_PART.SLDPRT,F:\China Graduate Future Flight Vehicle Innovation Competition\20_engineering\cad\B5_0_B601_space_manipulator_candidate\phase0_runs\PHASE0_20260727T2112Z\native\parts\PHASE0_COM_SMOKE_PART.SLDPRT,61162,3549116063FE29B74B49A2B81397DD7FB9558A817D77B6A47EF5B84004E19A0F,False
B5_0_ACCEPTED_CANDIDATE_SOURCE,READ_ONLY_ACCEPTED_CANDIDATE,F:\China Graduate Future Flight Vehicle Innovation Competition\20_engineering\cad\B5_0_B601_space_manipulator_candidate\phase0_runs\PHASE0_20260727T2112Z\reviews\phase0_smoke_iso_20260727T211908Z.png,phase0_runs/PHASE0_20260727T2112Z/reviews/phase0_smoke_iso_20260727T211908Z.png,,170661,A60D497997386A1DB60568E08271DC992E6393577F8E09EEDDA8A858D647D413,False
B51_B5_0_ACCEPTED_CANDIDATE_COPY,READ_ONLY_CANDIDATE_DONOR_COPY,F:\China Graduate Future Flight Vehicle Innovation Competition\20_engineering\cad\B5_1_B601_interface_closure_candidate\00_BASELINE_DONORS\B5_0_ACCEPTED_CANDIDATE_FULL_COPY\phase0_runs\PHASE0_20260727T2112Z\reviews\phase0_smoke_iso_20260727T211908Z.png,phase0_runs/PHASE0_20260727T2112Z/reviews/phase0_smoke_iso_20260727T211908Z.png,F:\China Graduate Future Flight Vehicle Innovation Competition\20_engineering\cad\B5_0_B601_space_manipulator_candidate\phase0_runs\PHASE0_20260727T2112Z\reviews\phase0_smoke_iso_20260727T211908Z.png,170661,A60D497997386A1DB60568E08271DC992E6393577F8E09EEDDA8A858D647D413,False
B5_0_ACCEPTED_CANDIDATE_SOURCE,READ_ONLY_ACCEPTED_CANDIDATE,F:\China Graduate Future Flight Vehicle Innovation Competition\20_engineering\cad\B5_0_B601_space_manipulator_candidate\phase0_runs\PHASE0_20260727T2125Z\evidence\phase0_build_report.json,phase0_runs/PHASE0_20260727T2125Z/evidence/phase0_build_report.json,,8156,90E3B45B3C3FF0581174B290296D2B343F5D799A31D64D72BD0327CF7C3FF3C4,False
B51_B5_0_ACCEPTED_CANDIDATE_COPY,READ_ONLY_CANDIDATE_DONOR_COPY,F:\China Graduate Future Flight Vehicle Innovation Competition\20_engineering\cad\B5_1_B601_interface_closure_candidate\00_BASELINE_DONORS\B5_0_ACCEPTED_CANDIDATE_FULL_COPY\phase0_runs\PHASE0_20260727T2125Z\evidence\phase0_build_report.json,phase0_runs/PHASE0_20260727T2125Z/evidence/phase0_build_report.json,F:\China Graduate Future Flight Vehicle Innovation Competition\20_engineering\cad\B5_0_B601_space_manipulator_candidate\phase0_runs\PHASE0_20260727T2125Z\evidence\phase0_build_report.json,8156,90E3B45B3C3FF0581174B290296D2B343F5D799A31D64D72BD0327CF7C3FF3C4,False
B5_0_ACCEPTED_CANDIDATE_SOURCE,READ_ONLY_ACCEPTED_CANDIDATE,F:\China Graduate Future Flight Vehicle Innovation Competition\20_engineering\cad\B5_0_B601_space_manipulator_candidate\phase0_runs\PHASE0_20260727T2125Z\evidence\phase0_cad_cli_validation.json,phase0_runs/PHASE0_20260727T2125Z/evidence/phase0_cad_cli_validation.json,,10562,412E0656B1FF19859253DED7F079F8A54C8965AC90267A44739A7D2EEC8D179B,False
B51_B5_0_ACCEPTED_CANDIDATE_COPY,READ_ONLY_CANDIDATE_DONOR_COPY,F:\China Graduate Future Flight Vehicle Innovation Competition\20_engineering\cad\B5_1_B601_interface_closure_candidate\00_BASELINE_DONORS\B5_0_ACCEPTED_CANDIDATE_FULL_COPY\phase0_runs\PHASE0_20260727T2125Z\evidence\phase0_cad_cli_validation.json,phase0_runs/PHASE0_20260727T2125Z/evidence/phase0_cad_cli_validation.json,F:\China Graduate Future Flight Vehicle Innovation Competition\20_engineering\cad\B5_0_B601_space_manipulator_candidate\phase0_runs\PHASE0_20260727T2125Z\evidence\phase0_cad_cli_validation.json,10562,412E0656B1FF19859253DED7F079F8A54C8965AC90267A44739A7D2EEC8D179B,False
B5_0_ACCEPTED_CANDIDATE_SOURCE,READ_ONLY_ACCEPTED_CANDIDATE,F:\China Graduate Future Flight Vehicle Innovation Competition\20_engineering\cad\B5_0_B601_space_manipulator_candidate\phase0_runs\PHASE0_20260727T2125Z\evidence\phase0_sidecar_report.json,phase0_runs/PHASE0_20260727T2125Z/evidence/phase0_sidecar_report.json,,1466,D6EC582372E02A9EA3896CA6BB56CAC81EBEE267325C3868D55DE19C71C6EFF6,False
B51_B5_0_ACCEPTED_CANDIDATE_COPY,READ_ONLY_CANDIDATE_DONOR_COPY,F:\China Graduate Future Flight Vehicle Innovation Competition\20_engineering\cad\B5_1_B601_interface_closure_candidate\00_BASELINE_DONORS\B5_0_ACCEPTED_CANDIDATE_FULL_COPY\phase0_runs\PHASE0_20260727T2125Z\evidence\phase0_sidecar_report.json,phase0_runs/PHASE0_20260727T2125Z/evidence/phase0_sidecar_report.json,F:\China Graduate Future Flight Vehicle Innovation Competition\20_engineering\cad\B5_0_B601_space_manipulator_candidate\phase0_runs\PHASE0_20260727T2125Z\evidence\phase0_sidecar_report.json,1466,D6EC582372E02A9EA3896CA6BB56CAC81EBEE267325C3868D55DE19C71C6EFF6,False
B5_0_ACCEPTED_CANDIDATE_SOURCE,READ_ONLY_ACCEPTED_CANDIDATE,F:\China Graduate Future Flight Vehicle Innovation Competition\20_engineering\cad\B5_0_B601_space_manipulator_candidate\phase0_runs\PHASE0_20260727T2125Z\evidence\phase0_verify_report.json,phase0_runs/PHASE0_20260727T2125Z/evidence/phase0_verify_report.json,,1725,754E37BFE66108287CCF1D250725A3C00D0FC98F411FC2B7D895C20626BA9E17,False
B51_B5_0_ACCEPTED_CANDIDATE_COPY,READ_ONLY_CANDIDATE_DONOR_COPY,F:\China Graduate Future Flight Vehicle Innovation Competition\20_engineering\cad\B5_1_B601_interface_closure_candidate\00_BASELINE_DONORS\B5_0_ACCEPTED_CANDIDATE_FULL_COPY\phase0_runs\PHASE0_20260727T2125Z\evidence\phase0_verify_report.json,phase0_runs/PHASE0_20260727T2125Z/evidence/phase0_verify_report.json,F:\China Graduate Future Flight Vehicle Innovation Competition\20_engineering\cad\B5_0_B601_space_manipulator_candidate\phase0_runs\PHASE0_20260727T2125Z\evidence\phase0_verify_report.json,1725,754E37BFE66108287CCF1D250725A3C00D0FC98F411FC2B7D895C20626BA9E17,False
B5_0_ACCEPTED_CANDIDATE_SOURCE,READ_ONLY_ACCEPTED_CANDIDATE,F:\China Graduate Future Flight Vehicle Innovation Competition\20_engineering\cad\B5_0_B601_space_manipulator_candidate\phase0_runs\PHASE0_20260727T2125Z\evidence\phase0_verify_report_retry1.json,phase0_runs/PHASE0_20260727T2125Z/evidence/phase0_verify_report_retry1.json,,6394,5536FF8B8D4816D53D0C19D33AD69FCEF03038A04C1D68CCF54FA82C1006D5BE,False
B51_B5_0_ACCEPTED_CANDIDATE_COPY,READ_ONLY_CANDIDATE_DONOR_COPY,F:\China Graduate Future Flight Vehicle Innovation Competition\20_engineering\cad\B5_1_B601_interface_closure_candidate\00_BASELINE_DONORS\B5_0_ACCEPTED_CANDIDATE_FULL_COPY\phase0_runs\PHASE0_20260727T2125Z\evidence\phase0_verify_report_retry1.json,phase0_runs/PHASE0_20260727T2125Z/evidence/phase0_verify_report_retry1.json,F:\China Graduate Future Flight Vehicle Innovation Competition\20_engineering\cad\B5_0_B601_space_manipulator_candidate\phase0_runs\PHASE0_20260727T2125Z\evidence\phase0_verify_report_retry1.json,6394,5536FF8B8D4816D53D0C19D33AD69FCEF03038A04C1D68CCF54FA82C1006D5BE,False
B5_0_ACCEPTED_CANDIDATE_SOURCE,READ_ONLY_ACCEPTED_CANDIDATE,F:\China Graduate Future Flight Vehicle Innovation Competition\20_engineering\cad\B5_0_B601_space_manipulator_candidate\phase0_runs\PHASE0_20260727T2125Z\exports\.PHASE0_COM_SMOKE_ASSEMBLY.step.glb,phase0_runs/PHASE0_20260727T2125Z/exports/.PHASE0_COM_SMOKE_ASSEMBLY.step.glb,,18184,C3704A38186F1279E2C6A65258DDED3703D14797CD22E2A15986044DAFD01AEB,False
B51_B5_0_ACCEPTED_CANDIDATE_COPY,READ_ONLY_CANDIDATE_DONOR_COPY,F:\China Graduate Future Flight Vehicle Innovation Competition\20_engineering\cad\B5_1_B601_interface_closure_candidate\00_BASELINE_DONORS\B5_0_ACCEPTED_CANDIDATE_FULL_COPY\phase0_runs\PHASE0_20260727T2125Z\exports\.PHASE0_COM_SMOKE_ASSEMBLY.step.glb,phase0_runs/PHASE0_20260727T2125Z/exports/.PHASE0_COM_SMOKE_ASSEMBLY.step.glb,F:\China Graduate Future Flight Vehicle Innovation Competition\20_engineering\cad\B5_0_B601_space_manipulator_candidate\phase0_runs\PHASE0_20260727T2125Z\exports\.PHASE0_COM_SMOKE_ASSEMBLY.step.glb,18184,C3704A38186F1279E2C6A65258DDED3703D14797CD22E2A15986044DAFD01AEB,False
B5_0_ACCEPTED_CANDIDATE_SOURCE,READ_ONLY_ACCEPTED_CANDIDATE,F:\China Graduate Future Flight Vehicle Innovation Competition\20_engineering\cad\B5_0_B601_space_manipulator_candidate\phase0_runs\PHASE0_20260727T2125Z\exports\PHASE0_COM_SMOKE_ASSEMBLY.step,phase0_runs/PHASE0_20260727T2125Z/exports/PHASE0_COM_SMOKE_ASSEMBLY.step,,23758,7D3FCA6F70EC4884C2DB3F0B261A2D3BDED5844D8C6A36E5E6D92FDD5915BEB5,False
B51_B5_0_ACCEPTED_CANDIDATE_COPY,READ_ONLY_CANDIDATE_DONOR_COPY,F:\China Graduate Future Flight Vehicle Innovation Competition\20_engineering\cad\B5_1_B601_interface_closure_candidate\00_BASELINE_DONORS\B5_0_ACCEPTED_CANDIDATE_FULL_COPY\phase0_runs\PHASE0_20260727T2125Z\exports\PHASE0_COM_SMOKE_ASSEMBLY.step,phase0_runs/PHASE0_20260727T2125Z/exports/PHASE0_COM_SMOKE_ASSEMBLY.step,F:\China Graduate Future Flight Vehicle Innovation Competition\20_engineering\cad\B5_0_B601_space_manipulator_candidate\phase0_runs\PHASE0_20260727T2125Z\exports\PHASE0_COM_SMOKE_ASSEMBLY.step,23758,7D3FCA6F70EC4884C2DB3F0B261A2D3BDED5844D8C6A36E5E6D92FDD5915BEB5,False
B5_0_ACCEPTED_CANDIDATE_SOURCE,READ_ONLY_ACCEPTED_CANDIDATE,F:\China Graduate Future Flight Vehicle Innovation Competition\20_engineering\cad\B5_0_B601_space_manipulator_candidate\phase0_runs\PHASE0_20260727T2125Z\meshes\PHASE0_COM_SMOKE_ASSEMBLY.glb,phase0_runs/PHASE0_20260727T2125Z/meshes/PHASE0_COM_SMOKE_ASSEMBLY.glb,,1564,6DB5B49A9F7711E874419B617D5B5CB8C344A8B3CFF4BDA5D238F914BE70F384,False
B51_B5_0_ACCEPTED_CANDIDATE_COPY,READ_ONLY_CANDIDATE_DONOR_COPY,F:\China Graduate Future Flight Vehicle Innovation Competition\20_engineering\cad\B5_1_B601_interface_closure_candidate\00_BASELINE_DONORS\B5_0_ACCEPTED_CANDIDATE_FULL_COPY\phase0_runs\PHASE0_20260727T2125Z\meshes\PHASE0_COM_SMOKE_ASSEMBLY.glb,phase0_runs/PHASE0_20260727T2125Z/meshes/PHASE0_COM_SMOKE_ASSEMBLY.glb,F:\China Graduate Future Flight Vehicle Innovation Competition\20_engineering\cad\B5_0_B601_space_manipulator_candidate\phase0_runs\PHASE0_20260727T2125Z\meshes\PHASE0_COM_SMOKE_ASSEMBLY.glb,1564,6DB5B49A9F7711E874419B617D5B5CB8C344A8B3CFF4BDA5D238F914BE70F384,False
B5_0_ACCEPTED_CANDIDATE_SOURCE,READ_ONLY_ACCEPTED_CANDIDATE,F:\China Graduate Future Flight Vehicle Innovation Competition\20_engineering\cad\B5_0_B601_space_manipulator_candidate\phase0_runs\PHASE0_20260727T2125Z\meshes\PHASE0_COM_SMOKE_ASSEMBLY.stl,phase0_runs/PHASE0_20260727T2125Z/meshes/PHASE0_COM_SMOKE_ASSEMBLY.stl,,684,0E3CA4FD522F9F07D9D8F79152B5FD588223A958394DE9D89ECC05CE3663D10F,False
B51_B5_0_ACCEPTED_CANDIDATE_COPY,READ_ONLY_CANDIDATE_DONOR_COPY,F:\China Graduate Future Flight Vehicle Innovation Competition\20_engineering\cad\B5_1_B601_interface_closure_candidate\00_BASELINE_DONORS\B5_0_ACCEPTED_CANDIDATE_FULL_COPY\phase0_runs\PHASE0_20260727T2125Z\meshes\PHASE0_COM_SMOKE_ASSEMBLY.stl,phase0_runs/PHASE0_20260727T2125Z/meshes/PHASE0_COM_SMOKE_ASSEMBLY.stl,F:\China Graduate Future Flight Vehicle Innovation Competition\20_engineering\cad\B5_0_B601_space_manipulator_candidate\phase0_runs\PHASE0_20260727T2125Z\meshes\PHASE0_COM_SMOKE_ASSEMBLY.stl,684,0E3CA4FD522F9F07D9D8F79152B5FD588223A958394DE9D89ECC05CE3663D10F,False
B5_0_ACCEPTED_CANDIDATE_SOURCE,READ_ONLY_ACCEPTED_CANDIDATE,F:\China Graduate Future Flight Vehicle Innovation Competition\20_engineering\cad\B5_0_B601_space_manipulator_candidate\phase0_runs\PHASE0_20260727T2125Z\native\assembly\PHASE0_COM_SMOKE_ASSEMBLY.SLDASM,phase0_runs/PHASE0_20260727T2125Z/native/assembly/PHASE0_COM_SMOKE_ASSEMBLY.SLDASM,,54972,31698A4D28EBB64236CB8B988982B7E7F0D67B233DE38CDEF95E9AF09924B150,False
B51_B5_0_ACCEPTED_CANDIDATE_COPY,READ_ONLY_CANDIDATE_DONOR_COPY,F:\China Graduate Future Flight Vehicle Innovation Competition\20_engineering\cad\B5_1_B601_interface_closure_candidate\00_BASELINE_DONORS\B5_0_ACCEPTED_CANDIDATE_FULL_COPY\phase0_runs\PHASE0_20260727T2125Z\native\assembly\PHASE0_COM_SMOKE_ASSEMBLY.SLDASM,phase0_runs/PHASE0_20260727T2125Z/native/assembly/PHASE0_COM_SMOKE_ASSEMBLY.SLDASM,F:\China Graduate Future Flight Vehicle Innovation Competition\20_engineering\cad\B5_0_B601_space_manipulator_candidate\phase0_runs\PHASE0_20260727T2125Z\native\assembly\PHASE0_COM_SMOKE_ASSEMBLY.SLDASM,54972,31698A4D28EBB64236CB8B988982B7E7F0D67B233DE38CDEF95E9AF09924B150,False
B5_0_ACCEPTED_CANDIDATE_SOURCE,READ_ONLY_ACCEPTED_CANDIDATE,F:\China Graduate Future Flight Vehicle Innovation Competition\20_engineering\cad\B5_0_B601_space_manipulator_candidate\phase0_runs\PHASE0_20260727T2125Z\native\drawings\PHASE0_COM_SMOKE_DRAWING.SLDDRW,phase0_runs/PHASE0_20260727T2125Z/native/drawings/PHASE0_COM_SMOKE_DRAWING.SLDDRW,,92658,25BC510C100EFBABE297FEE85036AB1B7CEAED26B01E2538A6B46376763588D1,False
B51_B5_0_ACCEPTED_CANDIDATE_COPY,READ_ONLY_CANDIDATE_DONOR_COPY,F:\China Graduate Future Flight Vehicle Innovation Competition\20_engineering\cad\B5_1_B601_interface_closure_candidate\00_BASELINE_DONORS\B5_0_ACCEPTED_CANDIDATE_FULL_COPY\phase0_runs\PHASE0_20260727T2125Z\native\drawings\PHASE0_COM_SMOKE_DRAWING.SLDDRW,phase0_runs/PHASE0_20260727T2125Z/native/drawings/PHASE0_COM_SMOKE_DRAWING.SLDDRW,F:\China Graduate Future Flight Vehicle Innovation Competition\20_engineering\cad\B5_0_B601_space_manipulator_candidate\phase0_runs\PHASE0_20260727T2125Z\native\drawings\PHASE0_COM_SMOKE_DRAWING.SLDDRW,92658,25BC510C100EFBABE297FEE85036AB1B7CEAED26B01E2538A6B46376763588D1,False
B5_0_ACCEPTED_CANDIDATE_SOURCE,READ_ONLY_ACCEPTED_CANDIDATE,F:\China Graduate Future Flight Vehicle Innovation Competition\20_engineering\cad\B5_0_B601_space_manipulator_candidate\phase0_runs\PHASE0_20260727T2125Z\native\parts\PHASE0_COM_SMOKE_PART.SLDPRT,phase0_runs/PHASE0_20260727T2125Z/native/parts/PHASE0_COM_SMOKE_PART.SLDPRT,,61746,791781F4A6662095380FC57332618AA2FACE13F61FB56E53B9519C668402A725,False
B51_B5_0_ACCEPTED_CANDIDATE_COPY,READ_ONLY_CANDIDATE_DONOR_COPY,F:\China Graduate Future Flight Vehicle Innovation Competition\20_engineering\cad\B5_1_B601_interface_closure_candidate\00_BASELINE_DONORS\B5_0_ACCEPTED_CANDIDATE_FULL_COPY\phase0_runs\PHASE0_20260727T2125Z\native\parts\PHASE0_COM_SMOKE_PART.SLDPRT,phase0_runs/PHASE0_20260727T2125Z/native/parts/PHASE0_COM_SMOKE_PART.SLDPRT,F:\China Graduate Future Flight Vehicle Innovation Competition\20_engineering\cad\B5_0_B601_space_manipulator_candidate\phase0_runs\PHASE0_20260727T2125Z\native\parts\PHASE0_COM_SMOKE_PART.SLDPRT,61746,791781F4A6662095380FC57332618AA2FACE13F61FB56E53B9519C668402A725,False
B5_0_ACCEPTED_CANDIDATE_SOURCE,READ_ONLY_ACCEPTED_CANDIDATE,F:\China Graduate Future Flight Vehicle Innovation Competition\20_engineering\cad\B5_0_B601_space_manipulator_candidate\phase0_runs\PHASE0_20260727T2125Z\reviews\phase0_smoke_iso_20260727T213203Z.png,phase0_runs/PHASE0_20260727T2125Z/reviews/phase0_smoke_iso_20260727T213203Z.png,,170661,A60D497997386A1DB60568E08271DC992E6393577F8E09EEDDA8A858D647D413,False
B51_B5_0_ACCEPTED_CANDIDATE_COPY,READ_ONLY_CANDIDATE_DONOR_COPY,F:\China Graduate Future Flight Vehicle Innovation Competition\20_engineering\cad\B5_1_B601_interface_closure_candidate\00_BASELINE_DONORS\B5_0_ACCEPTED_CANDIDATE_FULL_COPY\phase0_runs\PHASE0_20260727T2125Z\reviews\phase0_smoke_iso_20260727T213203Z.png,phase0_runs/PHASE0_20260727T2125Z/reviews/phase0_smoke_iso_20260727T213203Z.png,F:\China Graduate Future Flight Vehicle Innovation Competition\20_engineering\cad\B5_0_B601_space_manipulator_candidate\phase0_runs\PHASE0_20260727T2125Z\reviews\phase0_smoke_iso_20260727T213203Z.png,170661,A60D497997386A1DB60568E08271DC992E6393577F8E09EEDDA8A858D647D413,False
B5_0_ACCEPTED_CANDIDATE_SOURCE,READ_ONLY_ACCEPTED_CANDIDATE,F:\China Graduate Future Flight Vehicle Innovation Competition\20_engineering\cad\B5_0_B601_space_manipulator_candidate\README.md,README.md,,2073,BF68D8ED4B7235BA01969820A7C75D255F3C15FAEC039712345BE74E160B61D5,False
B51_B5_0_ACCEPTED_CANDIDATE_COPY,READ_ONLY_CANDIDATE_DONOR_COPY,F:\China Graduate Future Flight Vehicle Innovation Competition\20_engineering\cad\B5_1_B601_interface_closure_candidate\00_BASELINE_DONORS\B5_0_ACCEPTED_CANDIDATE_FULL_COPY\README.md,README.md,F:\China Graduate Future Flight Vehicle Innovation Competition\20_engineering\cad\B5_0_B601_space_manipulator_candidate\README.md,2073,BF68D8ED4B7235BA01969820A7C75D255F3C15FAEC039712345BE74E160B61D5,False
ACCEPTED_B601_PACKAGE,READ_ONLY_TRUTH,F:\China Graduate Future Flight Vehicle Innovation Competition\20_engineering\cad\spacecraft_layout\arm_b601_v1\arm_b601_v1.urdf,arm_b601_v1.urdf,,11321,1BC2B7483CD8025D08BA6EADFD9E1F3B0477121714E7CF4DDC1794D9E471C164,False
ACCEPTED_B601_PACKAGE,READ_ONLY_TRUTH,F:\China Graduate Future Flight Vehicle Innovation Competition\20_engineering\cad\spacecraft_layout\arm_b601_v1\meshes_b601_gripper\base_link.STL,meshes_b601_gripper/base_link.STL,,3898684,22641C079014FE968702393F61E7F7F1A8F80C6C1DF45A61E31545F6EAFF3B65,False
ACCEPTED_B601_PACKAGE,READ_ONLY_TRUTH,F:\China Graduate Future Flight Vehicle Innovation Competition\20_engineering\cad\spacecraft_layout\arm_b601_v1\meshes_b601_gripper\gripper_left.STL,meshes_b601_gripper/gripper_left.STL,,2119684,C4E0DE70F776B3573D975A6EAAA746CCCBE57C2D5BB12501DA8889979D3AF268,False
ACCEPTED_B601_PACKAGE,READ_ONLY_TRUTH,F:\China Graduate Future Flight Vehicle Innovation Competition\20_engineering\cad\spacecraft_layout\arm_b601_v1\meshes_b601_gripper\gripper_link.STL,meshes_b601_gripper/gripper_link.STL,,2676384,A826E164D420A6922E8AD5EE27813F39FA809F6E4FDF39B42FD8A59E7D12E847,False
ACCEPTED_B601_PACKAGE,READ_ONLY_TRUTH,F:\China Graduate Future Flight Vehicle Innovation Competition\20_engineering\cad\spacecraft_layout\arm_b601_v1\meshes_b601_gripper\gripper_right.STL,meshes_b601_gripper/gripper_right.STL,,2119684,615B119C0BB97A032BADD5882144E4A2A50C905A3E071AF1FA28B83BFE9B1B65,False
ACCEPTED_B601_PACKAGE,READ_ONLY_TRUTH,F:\China Graduate Future Flight Vehicle Innovation Competition\20_engineering\cad\spacecraft_layout\arm_b601_v1\meshes_b601_gripper\link1.STL,meshes_b601_gripper/link1.STL,,499084,9DB637A63D37BC2C6398EA5B8BA32FB54122C637D5D77DC134C8782839B654CD,False
ACCEPTED_B601_PACKAGE,READ_ONLY_TRUTH,F:\China Graduate Future Flight Vehicle Innovation Competition\20_engineering\cad\spacecraft_layout\arm_b601_v1\meshes_b601_gripper\link2.STL,meshes_b601_gripper/link2.STL,,5992184,DEF0D9D82343DCCC1EFF0D9D5572ECA49B3C134DB9807CA12302B99D153DF65E,False
ACCEPTED_B601_PACKAGE,READ_ONLY_TRUTH,F:\China Graduate Future Flight Vehicle Innovation Competition\20_engineering\cad\spacecraft_layout\arm_b601_v1\meshes_b601_gripper\link3.STL,meshes_b601_gripper/link3.STL,,4209984,CA14D73B5D63F352051F440F4CABC3989567F25EE9D19E7DD749F2D6F0D0561D,False
ACCEPTED_B601_PACKAGE,READ_ONLY_TRUTH,F:\China Graduate Future Flight Vehicle Innovation Competition\20_engineering\cad\spacecraft_layout\arm_b601_v1\meshes_b601_gripper\link4.STL,meshes_b601_gripper/link4.STL,,2579684,061909364F20BB387F9FF82CB80E506AF959142F9FBB4A39DC86FC8244EE768A,False
ACCEPTED_B601_PACKAGE,READ_ONLY_TRUTH,F:\China Graduate Future Flight Vehicle Innovation Competition\20_engineering\cad\spacecraft_layout\arm_b601_v1\meshes_b601_gripper\link5.STL,meshes_b601_gripper/link5.STL,,2119384,3A32006227C1F9DBC70E77E07055C61E3F195F1054D4D2EB480262F0873BF001,False
ACCEPTED_B601_PACKAGE,READ_ONLY_TRUTH,F:\China Graduate Future Flight Vehicle Innovation Competition\20_engineering\cad\spacecraft_layout\arm_b601_v1\meshes_b601_gripper\link6.STL,meshes_b601_gripper/link6.STL,,1248184,C586A7D0B8345D2CD32EAB7DFD2E334ABA56E83F582A6298D41BBF718F2EBEF1,False
ACCEPTED_B601_PACKAGE,READ_ONLY_TRUTH,F:\China Graduate Future Flight Vehicle Innovation Competition\20_engineering\cad\spacecraft_layout\arm_b601_v1\README.md,README.md,,859,D3DB8EDBBA3203F1AAF5FA579D361AB6FBDD107D3DD1F80ED9B0B860BF5723A8,False
VENDOR_STEP,READ_ONLY_GEOMETRY_ONLY,F:\Robotic arm\High_performance_robotics_arm\vendor\reBot-DevArm\hardware\reBot_B601_DM\reBot_B601_DM_v1.1_20260425.step,,,35114019,87A0537D1AFD50C04FC441FDE11DD4F2EBBB368FE27F6C10FDA8567BE696D968,False
V22_POSEMAP120_EVIDENCE_TREE,READ_ONLY_EVIDENCE,F:\China Graduate Future Flight Vehicle Innovation Competition\20_engineering\cad\Space_Embodied_Robot_CAD_V2_2\120_B601_Geometry_and_PoseMap_02\cad\B601_LOD2_Q0.step,cad/B601_LOD2_Q0.step,,313960,855AF0F492987040C2FAF06C6FDBD0F0C73026932899FF1886EFD7A92AF445BD,False
V22_POSEMAP120_EVIDENCE_TREE,READ_ONLY_EVIDENCE,F:\China Graduate Future Flight Vehicle Innovation Competition\20_engineering\cad\Space_Embodied_Robot_CAD_V2_2\120_B601_Geometry_and_PoseMap_02\cad\B601_LOD2_STOW.step,cad/B601_LOD2_STOW.step,,314408,AE0AA3E588677ED44975EDBDDE2459E87E17E08F5CB7A0A9F45BC471BFCE4F4A,False
V22_POSEMAP120_EVIDENCE_TREE,READ_ONLY_EVIDENCE,F:\China Graduate Future Flight Vehicle Innovation Competition\20_engineering\cad\Space_Embodied_Robot_CAD_V2_2\120_B601_Geometry_and_PoseMap_02\cad\B601_MOUNT_MODULE.step,cad/B601_MOUNT_MODULE.step,,230709,E5CA7479B0A9F939079CC9552A5C34D2C8C99431E52AFB3AE22B22D2776356DB,False
V22_POSEMAP120_EVIDENCE_TREE,READ_ONLY_EVIDENCE,F:\China Graduate Future Flight Vehicle Innovation Competition\20_engineering\cad\Space_Embodied_Robot_CAD_V2_2\120_B601_Geometry_and_PoseMap_02\cad\B601_STOW_SUPPORT.step,cad/B601_STOW_SUPPORT.step,,196118,005B7C3CC94F2B7C227E09F5C509779FAFD0349F097A1BAC466DB9EE2029A15F,False
V22_POSEMAP120_EVIDENCE_TREE,READ_ONLY_EVIDENCE,F:\China Graduate Future Flight Vehicle Innovation Competition\20_engineering\cad\Space_Embodied_Robot_CAD_V2_2\120_B601_Geometry_and_PoseMap_02\cad\CAPTURE_HEAD_CANDIDATE.step,cad/CAPTURE_HEAD_CANDIDATE.step,,89259,6FAA3CA33387773EBB3859C1343DB40CD4625E4F61550686EC99C83713DC9E53,False
V22_POSEMAP120_EVIDENCE_TREE,READ_ONLY_EVIDENCE,F:\China Graduate Future Flight Vehicle Innovation Competition\20_engineering\cad\Space_Embodied_Robot_CAD_V2_2\120_B601_Geometry_and_PoseMap_02\design\b601_joint_axis_registry.yaml,design/b601_joint_axis_registry.yaml,,1317,B34BA3AC56037275F48E7935DCAB964800A8732D6189BB19B28288557B58D0F6,False
V22_POSEMAP120_EVIDENCE_TREE,READ_ONLY_EVIDENCE,F:\China Graduate Future Flight Vehicle Innovation Competition\20_engineering\cad\Space_Embodied_Robot_CAD_V2_2\120_B601_Geometry_and_PoseMap_02\design\b601_lod2_build_manifest.json,design/b601_lod2_build_manifest.json,,1649,93B39F93EC3313EF1F3031596DC3D2C568C05F8F8FFA2180F9CC8DC16ECE94A8,False
V22_POSEMAP120_EVIDENCE_TREE,READ_ONLY_EVIDENCE,F:\China Graduate Future Flight Vehicle Innovation Competition\20_engineering\cad\Space_Embodied_Robot_CAD_V2_2\120_B601_Geometry_and_PoseMap_02\design\b601_stow_joint_vector.json,design/b601_stow_joint_vector.json,,3453,EC17F22EB6C7A6212F642B868AB65B57613450D5014DD28CAA52E535B31C2C35,False
V22_POSEMAP120_EVIDENCE_TREE,READ_ONLY_EVIDENCE,F:\China Graduate Future Flight Vehicle Innovation Competition\20_engineering\cad\Space_Embodied_Robot_CAD_V2_2\120_B601_Geometry_and_PoseMap_02\design\b601_urdf_to_cad_frame_map.yaml,design/b601_urdf_to_cad_frame_map.yaml,,2031,06722F2390231CE9C30732EE6B45EFA4D35D1BEF696EB4C348421FFE2F40CCFA,False
V22_POSEMAP120_EVIDENCE_TREE,READ_ONLY_EVIDENCE,F:\China Graduate Future Flight Vehicle Innovation Competition\20_engineering\cad\Space_Embodied_Robot_CAD_V2_2\120_B601_Geometry_and_PoseMap_02\design\state_policy_posemap02.json,design/state_policy_posemap02.json,,3952,343265DBD424A098E44DDB11B5C11CE39064892C287DFBF01814780C261E5E8C,False
V22_POSEMAP120_EVIDENCE_TREE,READ_ONLY_EVIDENCE,F:\China Graduate Future Flight Vehicle Innovation Competition\20_engineering\cad\Space_Embodied_Robot_CAD_V2_2\120_B601_Geometry_and_PoseMap_02\design\stow_contact_registry.json,design/stow_contact_registry.json,,2704,3580C280B53EB1E25541F39991432186D456AF8D78522E8937D47316F2CE3928,False
V22_POSEMAP120_EVIDENCE_TREE,READ_ONLY_EVIDENCE,F:\China Graduate Future Flight Vehicle Innovation Competition\20_engineering\cad\Space_Embodied_Robot_CAD_V2_2\120_B601_Geometry_and_PoseMap_02\reviews\INDEPENDENT_ADVERSARIAL_REVIEW.md,reviews/INDEPENDENT_ADVERSARIAL_REVIEW.md,,10324,545F72C9FE87C3181758CB075F996F418A29FAD1AAC103A10BAB1B35AC8995BE,False
V22_POSEMAP120_EVIDENCE_TREE,READ_ONLY_EVIDENCE,F:\China Graduate Future Flight Vehicle Innovation Competition\20_engineering\cad\Space_Embodied_Robot_CAD_V2_2\120_B601_Geometry_and_PoseMap_02\src\__pycache__\build_lod2_arm.cpython-313.pyc,src/__pycache__/build_lod2_arm.cpython-313.pyc,,16465,099D0B89E8B44E28CA7481C2AFF2E14491165B88B982838B72296DBA3560E7E6,False
V22_POSEMAP120_EVIDENCE_TREE,READ_ONLY_EVIDENCE,F:\China Graduate Future Flight Vehicle Innovation Competition\20_engineering\cad\Space_Embodied_Robot_CAD_V2_2\120_B601_Geometry_and_PoseMap_02\src\__pycache__\build_mount_support_capture.cpython-313.pyc,src/__pycache__/build_mount_support_capture.cpython-313.pyc,,16699,F1A8BCC2D23845650959413204FFCCC94A547BFC9E4DFB59B9005D1A8DB00705,False
V22_POSEMAP120_EVIDENCE_TREE,READ_ONLY_EVIDENCE,F:\China Graduate Future Flight Vehicle Innovation Competition\20_engineering\cad\Space_Embodied_Robot_CAD_V2_2\120_B601_Geometry_and_PoseMap_02\src\__pycache__\urdf_frame_map_and_stow_fit.cpython-313.pyc,src/__pycache__/urdf_frame_map_and_stow_fit.cpython-313.pyc,,19924,786721B42371600D1F201FA03B8DE317C5B80629F816F4BD4FE24411E0B75D36,False
V22_POSEMAP120_EVIDENCE_TREE,READ_ONLY_EVIDENCE,F:\China Graduate Future Flight Vehicle Innovation Competition\20_engineering\cad\Space_Embodied_Robot_CAD_V2_2\120_B601_Geometry_and_PoseMap_02\src\build_lod2_arm.py,src/build_lod2_arm.py,,10799,80B0F16FA01907E601C4AE1D8A350D0C6FADA7CFF0565443D6A0320DD4FFF5E4,False
V22_POSEMAP120_EVIDENCE_TREE,READ_ONLY_EVIDENCE,F:\China Graduate Future Flight Vehicle Innovation Competition\20_engineering\cad\Space_Embodied_Robot_CAD_V2_2\120_B601_Geometry_and_PoseMap_02\src\build_mount_support_capture.py,src/build_mount_support_capture.py,,11790,84D0023A867FF07425145B6FEB6BAEFB51964D400AC8B4F4910A93FC6261E4F0,False
V22_POSEMAP120_EVIDENCE_TREE,READ_ONLY_EVIDENCE,F:\China Graduate Future Flight Vehicle Innovation Competition\20_engineering\cad\Space_Embodied_Robot_CAD_V2_2\120_B601_Geometry_and_PoseMap_02\src\build_staging_states.py,src/build_staging_states.py,,6633,B3E3FF719F3F030D52BB37918320B468FCD548EAEFF6F71D9FA76F4DD9AD3E9A,False
V22_POSEMAP120_EVIDENCE_TREE,READ_ONLY_EVIDENCE,F:\China Graduate Future Flight Vehicle Innovation Competition\20_engineering\cad\Space_Embodied_Robot_CAD_V2_2\120_B601_Geometry_and_PoseMap_02\src\finalize_verdict.py,src/finalize_verdict.py,,5689,5220BACC9E2D96B18CCCADDBA948C3B87B2CAD43E3C8FDCF5C6F844FC63D3B56,False
V22_POSEMAP120_EVIDENCE_TREE,READ_ONLY_EVIDENCE,F:\China Graduate Future Flight Vehicle Innovation Competition\20_engineering\cad\Space_Embodied_Robot_CAD_V2_2\120_B601_Geometry_and_PoseMap_02\src\run_validation.py,src/run_validation.py,,9445,0FC43647B7A17FFFDF42E483F4CC43F1E9692B3D92E884A7EA8333516BF9EB58,False
V22_POSEMAP120_EVIDENCE_TREE,READ_ONLY_EVIDENCE,F:\China Graduate Future Flight Vehicle Innovation Competition\20_engineering\cad\Space_Embodied_Robot_CAD_V2_2\120_B601_Geometry_and_PoseMap_02\src\urdf_frame_map_and_stow_fit.py,src/urdf_frame_map_and_stow_fit.py,,13003,3109819F46C320ED0A1FC56C89CEB181DB2A3B2EA913BBD65ECB8B266A2905DD,False
V22_POSEMAP120_EVIDENCE_TREE,READ_ONLY_EVIDENCE,F:\China Graduate Future Flight Vehicle Innovation Competition\20_engineering\cad\Space_Embodied_Robot_CAD_V2_2\120_B601_Geometry_and_PoseMap_02\staging\state_DEPLOY_FAILED_BOTH_LOD2.step,staging/state_DEPLOY_FAILED_BOTH_LOD2.step,,2890883,67221F210B391F851D16663284ABFC4CBA65F141717F87DD02AC81CFF33675E8,False
V22_POSEMAP120_EVIDENCE_TREE,READ_ONLY_EVIDENCE,F:\China Graduate Future Flight Vehicle Innovation Competition\20_engineering\cad\Space_Embodied_Robot_CAD_V2_2\120_B601_Geometry_and_PoseMap_02\staging\state_DEPLOYED_NOMINAL_LOD2.step,staging/state_DEPLOYED_NOMINAL_LOD2.step,,2901459,47A9C05201D60EA3ECFFF67B1DA7A47DF791E9C7D5B1E35002F6758044EC843D,False
V22_POSEMAP120_EVIDENCE_TREE,READ_ONLY_EVIDENCE,F:\China Graduate Future Flight Vehicle Innovation Competition\20_engineering\cad\Space_Embodied_Robot_CAD_V2_2\120_B601_Geometry_and_PoseMap_02\staging\state_L_FAIL_LOD2.step,staging/state_L_FAIL_LOD2.step,,2896337,0DE40B0774764F7444F728C1381F43859F1C9A9CFEE93715BAA44A57678E36F2,False
V22_POSEMAP120_EVIDENCE_TREE,READ_ONLY_EVIDENCE,F:\China Graduate Future Flight Vehicle Innovation Competition\20_engineering\cad\Space_Embodied_Robot_CAD_V2_2\120_B601_Geometry_and_PoseMap_02\staging\state_R_FAIL_LOD2.step,staging/state_R_FAIL_LOD2.step,,2896421,7491DE33D48A340C30E94A498168AF0DBC64D90C584C2E8C9A991AE8F7D0AFE5,False
V22_POSEMAP120_EVIDENCE_TREE,READ_ONLY_EVIDENCE,F:\China Graduate Future Flight Vehicle Innovation Competition\20_engineering\cad\Space_Embodied_Robot_CAD_V2_2\120_B601_Geometry_and_PoseMap_02\staging\state_STOWED_LOD2.step,staging/state_STOWED_LOD2.step,,2891171,94B04F576B06DC4BE67A20C0EED9C77E5C13B99DE44765B67DA4190805210004,False
V22_POSEMAP120_EVIDENCE_TREE,READ_ONLY_EVIDENCE,F:\China Graduate Future Flight Vehicle Innovation Competition\20_engineering\cad\Space_Embodied_Robot_CAD_V2_2\120_B601_Geometry_and_PoseMap_02\V22_B601_GEOMETRY_AND_POSEMAP_02_REPORT.md,V22_B601_GEOMETRY_AND_POSEMAP_02_REPORT.md,,6681,CE1A7000E4DCFE2A29EE8A44794C845307CE846A3C69531A61140CAFCFB801F8,False
V22_POSEMAP120_EVIDENCE_TREE,READ_ONLY_EVIDENCE,F:\China Graduate Future Flight Vehicle Innovation Competition\20_engineering\cad\Space_Embodied_Robot_CAD_V2_2\120_B601_Geometry_and_PoseMap_02\validation\artifact_manifest.json,validation/artifact_manifest.json,,6121,3A62EDF4BD4958D0E609C1537DB5DFD8C2907EB5CD56CEEDC10EE7591999B9D9,False
V22_POSEMAP120_EVIDENCE_TREE,READ_ONLY_EVIDENCE,F:\China Graduate Future Flight Vehicle Innovation Competition\20_engineering\cad\Space_Embodied_Robot_CAD_V2_2\120_B601_Geometry_and_PoseMap_02\validation\frozen_zone_precheck.json,validation/frozen_zone_precheck.json,,3291,D58D1FE50AD5F7907D3F6AF0F368B0857D3587B479E42F8F0CF0BB9ACFED52E2,False
V22_POSEMAP120_EVIDENCE_TREE,READ_ONLY_EVIDENCE,F:\China Graduate Future Flight Vehicle Innovation Competition\20_engineering\cad\Space_Embodied_Robot_CAD_V2_2\120_B601_Geometry_and_PoseMap_02\validation\machine_checks.json,validation/machine_checks.json,,7890,527DC47D5E3F28EB9DF4502A02EF13F7304A5A283F3692CFFAB2AB0D067FCB32,False
V22_POSEMAP120_EVIDENCE_TREE,READ_ONLY_EVIDENCE,F:\China Graduate Future Flight Vehicle Innovation Competition\20_engineering\cad\Space_Embodied_Robot_CAD_V2_2\120_B601_Geometry_and_PoseMap_02\validation\machine_verdict.json,validation/machine_verdict.json,,3772,EF9BB560C8538D628890D60F3AC5A0B3C9FF73572AAFE49A047EDA31B95B186A,False
V22_POSEMAP120_EVIDENCE_TREE,READ_ONLY_EVIDENCE,F:\China Graduate Future Flight Vehicle Innovation Competition\20_engineering\cad\Space_Embodied_Robot_CAD_V2_2\120_B601_Geometry_and_PoseMap_02\views\v01_lod2_stow_iso_20260726T164851Z.png,views/v01_lod2_stow_iso_20260726T164851Z.png,,294812,E919106E4DAC6047AEC737DFE5663730A474FD561B68983D9980A1045385AEF9,False
V22_POSEMAP120_EVIDENCE_TREE,READ_ONLY_EVIDENCE,F:\China Graduate Future Flight Vehicle Innovation Competition\20_engineering\cad\Space_Embodied_Robot_CAD_V2_2\120_B601_Geometry_and_PoseMap_02\views\v02_lod2_q0_iso_20260726T164856Z.png,views/v02_lod2_q0_iso_20260726T164856Z.png,,239246,D3334DA60BF2DC49828DD8EFF1B29CB6C16555A420CA5634ACB841C60A6AD43D,False
V22_POSEMAP120_EVIDENCE_TREE,READ_ONLY_EVIDENCE,F:\China Graduate Future Flight Vehicle Innovation Competition\20_engineering\cad\Space_Embodied_Robot_CAD_V2_2\120_B601_Geometry_and_PoseMap_02\views\v03_mount_iso_20260726T164900Z.png,views/v03_mount_iso_20260726T164900Z.png,,184705,EF4B1BE53788836B4DC604B3CB17523565504ECA5CB4F238AC75103A737A9874,False
V22_POSEMAP120_EVIDENCE_TREE,READ_ONLY_EVIDENCE,F:\China Graduate Future Flight Vehicle Innovation Competition\20_engineering\cad\Space_Embodied_Robot_CAD_V2_2\120_B601_Geometry_and_PoseMap_02\views\v04_support_iso_20260726T164905Z.png,views/v04_support_iso_20260726T164905Z.png,,259168,0BFF5276B7244209D54B7267ED3E8B3101D0321DD15B1C37CE75A064D4F7ABFB,False
V22_POSEMAP120_EVIDENCE_TREE,READ_ONLY_EVIDENCE,F:\China Graduate Future Flight Vehicle Innovation Competition\20_engineering\cad\Space_Embodied_Robot_CAD_V2_2\120_B601_Geometry_and_PoseMap_02\views\v05_capture_head_iso_20260726T164909Z.png,views/v05_capture_head_iso_20260726T164909Z.png,,222781,4E148E69174AC409943BD796A3066F6E971D4D995821AE6F268205B6DF7C2CC6,False
V22_POSEMAP120_EVIDENCE_TREE,READ_ONLY_EVIDENCE,F:\China Graduate Future Flight Vehicle Innovation Competition\20_engineering\cad\Space_Embodied_Robot_CAD_V2_2\120_B601_Geometry_and_PoseMap_02\views\v06_state_stowed_iso_20260726T165149Z.png,views/v06_state_stowed_iso_20260726T165149Z.png,,389031,154AB091C34CAA8667C2DF5A61E9445F8CE30B0149E3E70F67669B5D467BC906,False
V22_POSEMAP120_EVIDENCE_TREE,READ_ONLY_EVIDENCE,F:\China Graduate Future Flight Vehicle Innovation Competition\20_engineering\cad\Space_Embodied_Robot_CAD_V2_2\120_B601_Geometry_and_PoseMap_02\views\v07_state_stowed_front_20260726T165157Z.png,views/v07_state_stowed_front_20260726T165157Z.png,,157484,E833537311D9B72809FA18E0D972D01258A19619C6311656131FCCAFB0C62B1E,False
V22_POSEMAP120_EVIDENCE_TREE,READ_ONLY_EVIDENCE,F:\China Graduate Future Flight Vehicle Innovation Competition\20_engineering\cad\Space_Embodied_Robot_CAD_V2_2\120_B601_Geometry_and_PoseMap_02\views\v08_state_deployed_iso_20260726T165202Z.png,views/v08_state_deployed_iso_20260726T165202Z.png,,365144,88D9E961282BA6B30C90D289C88271AE21A81E323145289210EFA0D91E3C28D0,False
V22_POSEMAP120_EVIDENCE_TREE,READ_ONLY_EVIDENCE,F:\China Graduate Future Flight Vehicle Innovation Competition\20_engineering\cad\Space_Embodied_Robot_CAD_V2_2\120_B601_Geometry_and_PoseMap_02\views\v09_state_lfail_top_20260726T165210Z.png,views/v09_state_lfail_top_20260726T165210Z.png,,95099,B6C0B3CC6BC594FE09032F44A2D1EBE0442F382CD9E6616837CFEDFA09B0B70E,False
V22_POSEMAP120_EVIDENCE_TREE,READ_ONLY_EVIDENCE,F:\China Graduate Future Flight Vehicle Innovation Competition\20_engineering\cad\Space_Embodied_Robot_CAD_V2_2\120_B601_Geometry_and_PoseMap_02\views\v10_state_rfail_top_20260726T165217Z.png,views/v10_state_rfail_top_20260726T165217Z.png,,93000,FEA136FDD333C4D679AD33C3409A26768521B0DC486174C34102A2F6961EFCC6,False
V22_VENDOR130_EVIDENCE_TREE,READ_ONLY_EVIDENCE,F:\China Graduate Future Flight Vehicle Innovation Competition\20_engineering\cad\Space_Embodied_Robot_CAD_V2_2\130_B601_Vendor_CAD_Direct_Integration_03\cad\B601_SPACECRAFT_ADAPTER.step,cad/B601_SPACECRAFT_ADAPTER.step,,322499,E5CC79DCE215B5AEFE92374146B7E6AEEC5466528DA47E4748CA3DDEBF0D79C2,False
V22_VENDOR130_EVIDENCE_TREE,READ_ONLY_EVIDENCE,F:\China Graduate Future Flight Vehicle Innovation Competition\20_engineering\cad\Space_Embodied_Robot_CAD_V2_2\130_B601_Vendor_CAD_Direct_Integration_03\cad\B601_STOW_SUPPORT_V2.step,cad/B601_STOW_SUPPORT_V2.step,,214471,A2D88C21A62DFCEA18E20EE7FEC1D4E9B37B4D04647EE189B83BC207697967A7,False
V22_VENDOR130_EVIDENCE_TREE,READ_ONLY_EVIDENCE,F:\China Graduate Future Flight Vehicle Innovation Competition\20_engineering\cad\Space_Embodied_Robot_CAD_V2_2\130_B601_Vendor_CAD_Direct_Integration_03\cad\B601_VENDOR_Q0.step,cad/B601_VENDOR_Q0.step,,251419651,292F01CCE7277EB78792985C4BFD576F88784751E7349A1EFA25AE1DA2B268E0,False
V22_VENDOR130_EVIDENCE_TREE,READ_ONLY_EVIDENCE,F:\China Graduate Future Flight Vehicle Innovation Competition\20_engineering\cad\Space_Embodied_Robot_CAD_V2_2\130_B601_Vendor_CAD_Direct_Integration_03\cad\B601_VENDOR_STOW.step,cad/B601_VENDOR_STOW.step,,252874670,CC8CFDD20865D25832A077EC54D4057386D2DCDF69DB4D66917D91E6B1E928AB,False
V22_VENDOR130_EVIDENCE_TREE,READ_ONLY_EVIDENCE,F:\China Graduate Future Flight Vehicle Innovation Competition\20_engineering\cad\Space_Embodied_Robot_CAD_V2_2\130_B601_Vendor_CAD_Direct_Integration_03\design\adapter_clocking.json,design/adapter_clocking.json,,1654,71A646543F6E4FF9B86C7BBBAA97A29DA37F5BFD8E1080C1A22977C0F82E2E1A,False
V22_VENDOR130_EVIDENCE_TREE,READ_ONLY_EVIDENCE,F:\China Graduate Future Flight Vehicle Innovation Competition\20_engineering\cad\Space_Embodied_Robot_CAD_V2_2\130_B601_Vendor_CAD_Direct_Integration_03\design\b601_stow_joint_vector_v2.json,design/b601_stow_joint_vector_v2.json,,1433,90625CB31D7017AAF195B01902AAD0C783CB000D92BB19DFAA23962C73C08A1B,False
V22_VENDOR130_EVIDENCE_TREE,READ_ONLY_EVIDENCE,F:\China Graduate Future Flight Vehicle Innovation Competition\20_engineering\cad\Space_Embodied_Robot_CAD_V2_2\130_B601_Vendor_CAD_Direct_Integration_03\design\base_classification.json,design/base_classification.json,,1036,FE669FE95514B923398D582BF1FC2B215DB20F203A5882F459E3598751FD96E0,False
V22_VENDOR130_EVIDENCE_TREE,READ_ONLY_EVIDENCE,F:\China Graduate Future Flight Vehicle Innovation Competition\20_engineering\cad\Space_Embodied_Robot_CAD_V2_2\130_B601_Vendor_CAD_Direct_Integration_03\design\base_leaf_census.json,design/base_leaf_census.json,,4220,9F551149628CEB4C6CD0F72BA56050CFD45D35D508125719E1B47AC04B6B50D3,False
V22_VENDOR130_EVIDENCE_TREE,READ_ONLY_EVIDENCE,F:\China Graduate Future Flight Vehicle Innovation Competition\20_engineering\cad\Space_Embodied_Robot_CAD_V2_2\130_B601_Vendor_CAD_Direct_Integration_03\design\group_link_registration.json,design/group_link_registration.json,,6095,587B1EE76CBACAD03AC0EEDA8E67960983BD2B2BC670B2945451580E86B71486,False
V22_VENDOR130_EVIDENCE_TREE,READ_ONLY_EVIDENCE,F:\China Graduate Future Flight Vehicle Innovation Competition\20_engineering\cad\Space_Embodied_Robot_CAD_V2_2\130_B601_Vendor_CAD_Direct_Integration_03\design\group_link_transforms.json,design/group_link_transforms.json,,5483,856BFEFEEABF27A74BD07D3E513C70812DEDA0841E88FEB91DA3B27B93CCC2F0,False
V22_VENDOR130_EVIDENCE_TREE,READ_ONLY_EVIDENCE,F:\China Graduate Future Flight Vehicle Innovation Competition\20_engineering\cad\Space_Embodied_Robot_CAD_V2_2\130_B601_Vendor_CAD_Direct_Integration_03\design\repose_report.json,design/repose_report.json,,5399,FCA56F87CE993B749AD94E0422C0DFB20DA3B918FD62E235788A5F68CE03C6FF,False
V22_VENDOR130_EVIDENCE_TREE,READ_ONLY_EVIDENCE,F:\China Graduate Future Flight Vehicle Innovation Competition\20_engineering\cad\Space_Embodied_Robot_CAD_V2_2\130_B601_Vendor_CAD_Direct_Integration_03\design\saddle_windows_for_native.json,design/saddle_windows_for_native.json,,480,14852684EA07E9C36EC9AA0AE713AA0BFCC4686F8E7A7C3BDA84DD5EA5CA5EAF,False
V22_VENDOR130_EVIDENCE_TREE,READ_ONLY_EVIDENCE,F:\China Graduate Future Flight Vehicle Innovation Competition\20_engineering\cad\Space_Embodied_Robot_CAD_V2_2\130_B601_Vendor_CAD_Direct_Integration_03\design\state_policy_vendorcad03.json,design/state_policy_vendorcad03.json,,3178,536C94819B5D38EA60C354A63EF75CAC79CB4D3BC5BDA07E77C7004F4C01174C,False
V22_VENDOR130_EVIDENCE_TREE,READ_ONLY_EVIDENCE,F:\China Graduate Future Flight Vehicle Innovation Competition\20_engineering\cad\Space_Embodied_Robot_CAD_V2_2\130_B601_Vendor_CAD_Direct_Integration_03\design\stow_contact_registry.json,design/stow_contact_registry.json,,1844,EF25C6AA7FF0835210FA9FA99748633997D454290509B16D62801A7325CDF844,False
V22_VENDOR130_EVIDENCE_TREE,READ_ONLY_EVIDENCE,F:\China Graduate Future Flight Vehicle Innovation Competition\20_engineering\cad\Space_Embodied_Robot_CAD_V2_2\130_B601_Vendor_CAD_Direct_Integration_03\design\stow_family_study.json,design/stow_family_study.json,,2348,B27ACBBDA095D2E4DDA826ACF45CCEE92B0A855E766C6AA1493AB6F2FC595FB3,False
V22_VENDOR130_EVIDENCE_TREE,READ_ONLY_EVIDENCE,F:\China Graduate Future Flight Vehicle Innovation Competition\20_engineering\cad\Space_Embodied_Robot_CAD_V2_2\130_B601_Vendor_CAD_Direct_Integration_03\design\vendor_group_census.json,design/vendor_group_census.json,,4578,D6385ED834196B1F648C40D8BE4C4C924EAAB79369529A2D4BED6704C2B1222E,False
V22_VENDOR130_EVIDENCE_TREE,READ_ONLY_EVIDENCE,F:\China Graduate Future Flight Vehicle Innovation Competition\20_engineering\cad\Space_Embodied_Robot_CAD_V2_2\130_B601_Vendor_CAD_Direct_Integration_03\reviews\SELF_AUDIT_REVIEW.md,reviews/SELF_AUDIT_REVIEW.md,,5821,925B54FFF19CC7D03F14362647360DB5EF528A9B12BCD60F128A9D22ACAED8E0,False
V22_VENDOR130_EVIDENCE_TREE,READ_ONLY_EVIDENCE,F:\China Graduate Future Flight Vehicle Innovation Competition\20_engineering\cad\Space_Embodied_Robot_CAD_V2_2\130_B601_Vendor_CAD_Direct_Integration_03\src\__pycache__\s2_register_groups.cpython-313.pyc,src/__pycache__/s2_register_groups.cpython-313.pyc,,13294,FC2658C831060FE0544B68D1C8B8B2E8156C8A55D6DCB348851CB4B46BC46400,False
V22_VENDOR130_EVIDENCE_TREE,READ_ONLY_EVIDENCE,F:\China Graduate Future Flight Vehicle Innovation Competition\20_engineering\cad\Space_Embodied_Robot_CAD_V2_2\130_B601_Vendor_CAD_Direct_Integration_03\src\__pycache__\s4_repose.cpython-313.pyc,src/__pycache__/s4_repose.cpython-313.pyc,,13394,CE4B353F825B5FEC53F84C1E225393BDF2D1FD8A8E3DF53F606497DF1E527C86,False
V22_VENDOR130_EVIDENCE_TREE,READ_ONLY_EVIDENCE,F:\China Graduate Future Flight Vehicle Innovation Competition\20_engineering\cad\Space_Embodied_Robot_CAD_V2_2\130_B601_Vendor_CAD_Direct_Integration_03\src\__pycache__\s4b_mesh_cache.cpython-313.pyc,src/__pycache__/s4b_mesh_cache.cpython-313.pyc,,5480,186F22666DBB023D1B0D3B552020EF98B8019427F42D8F5060D87AA8672B31E3,False
V22_VENDOR130_EVIDENCE_TREE,READ_ONLY_EVIDENCE,F:\China Graduate Future Flight Vehicle Innovation Competition\20_engineering\cad\Space_Embodied_Robot_CAD_V2_2\130_B601_Vendor_CAD_Direct_Integration_03\src\__pycache__\s4c_adapter_support.cpython-313.pyc,src/__pycache__/s4c_adapter_support.cpython-313.pyc,,16337,5471DC0B93C14966B08F7259C5EA4D08EB5F569082FF31B375FC50777C059F3A,False
V22_VENDOR130_EVIDENCE_TREE,READ_ONLY_EVIDENCE,F:\China Graduate Future Flight Vehicle Innovation Competition\20_engineering\cad\Space_Embodied_Robot_CAD_V2_2\130_B601_Vendor_CAD_Direct_Integration_03\src\__pycache__\s5_stow_refit.cpython-313.pyc,src/__pycache__/s5_stow_refit.cpython-313.pyc,,9067,7E29DD8651751405CDF9C88DC40065B7CBDD5D4395C63F7CA59549E713AE4D84,False
V22_VENDOR130_EVIDENCE_TREE,READ_ONLY_EVIDENCE,F:\China Graduate Future Flight Vehicle Innovation Competition\20_engineering\cad\Space_Embodied_Robot_CAD_V2_2\130_B601_Vendor_CAD_Direct_Integration_03\src\s1_precheck_and_extract.py,src/s1_precheck_and_extract.py,,6004,8274BF8C21C082652178BF7D8EB132A79C5AFCDE0D2F75502323459756E360F6,False
V22_VENDOR130_EVIDENCE_TREE,READ_ONLY_EVIDENCE,F:\China Graduate Future Flight Vehicle Innovation Competition\20_engineering\cad\Space_Embodied_Robot_CAD_V2_2\130_B601_Vendor_CAD_Direct_Integration_03\src\s2_register_groups.py,src/s2_register_groups.py,,7431,ECB1649C44610F4E6B485DA80DF8F296E462CC5130F48A7FC3386F7FB8A2A326,False
V22_VENDOR130_EVIDENCE_TREE,READ_ONLY_EVIDENCE,F:\China Graduate Future Flight Vehicle Innovation Competition\20_engineering\cad\Space_Embodied_Robot_CAD_V2_2\130_B601_Vendor_CAD_Direct_Integration_03\src\s2b_chain_consistency.py,src/s2b_chain_consistency.py,,5388,7E73DFA2FEE73C61111AB7FA5F369EBDBEBD45C433E6BA87A74667A8C11EA67E,False
V22_VENDOR130_EVIDENCE_TREE,READ_ONLY_EVIDENCE,F:\China Graduate Future Flight Vehicle Innovation Competition\20_engineering\cad\Space_Embodied_Robot_CAD_V2_2\130_B601_Vendor_CAD_Direct_Integration_03\src\s3_base_leaf_census.py,src/s3_base_leaf_census.py,,2856,4F57D85658F77CD21136FDE3953C8EEE1DE2CD0E1B9A77C3B821C8C48556402C,False
V22_VENDOR130_EVIDENCE_TREE,READ_ONLY_EVIDENCE,F:\China Graduate Future Flight Vehicle Innovation Competition\20_engineering\cad\Space_Embodied_Robot_CAD_V2_2\130_B601_Vendor_CAD_Direct_Integration_03\src\s3b_filter_base.py,src/s3b_filter_base.py,,3450,6AE0BD3012D6C13C6DF551B8288C5C2BEB60901C5199ED82C1BE0BAF6041C3A1,False
V22_VENDOR130_EVIDENCE_TREE,READ_ONLY_EVIDENCE,F:\China Graduate Future Flight Vehicle Innovation Competition\20_engineering\cad\Space_Embodied_Robot_CAD_V2_2\130_B601_Vendor_CAD_Direct_Integration_03\src\s4_repose.py,src/s4_repose.py,,7866,9B2213C90E21AADD6717EE0D40C3159FAD52695ACE34BD08384FE157E4CB64DB,False
V22_VENDOR130_EVIDENCE_TREE,READ_ONLY_EVIDENCE,F:\China Graduate Future Flight Vehicle Innovation Competition\20_engineering\cad\Space_Embodied_Robot_CAD_V2_2\130_B601_Vendor_CAD_Direct_Integration_03\src\s4b_mesh_cache.py,src/s4b_mesh_cache.py,,2918,E23D49C9DE6F016F24519DD5E2C441C48B107E19AAF4C365BD611DF4D814E8AC,False
V22_VENDOR130_EVIDENCE_TREE,READ_ONLY_EVIDENCE,F:\China Graduate Future Flight Vehicle Innovation Competition\20_engineering\cad\Space_Embodied_Robot_CAD_V2_2\130_B601_Vendor_CAD_Direct_Integration_03\src\s4c_adapter_support.py,src/s4c_adapter_support.py,,10599,819CCC5E33A80571BB0C69B7B71892363C14BBD9C404A403D40745BF3E50CFA3,False
V22_VENDOR130_EVIDENCE_TREE,READ_ONLY_EVIDENCE,F:\China Graduate Future Flight Vehicle Innovation Competition\20_engineering\cad\Space_Embodied_Robot_CAD_V2_2\130_B601_Vendor_CAD_Direct_Integration_03\src\s5_states.py,src/s5_states.py,,4739,A84CFFA51F04A8B86C8E52ABEE3AEE9F935E22570366541EC1B32EA224D89E6B,False
V22_VENDOR130_EVIDENCE_TREE,READ_ONLY_EVIDENCE,F:\China Graduate Future Flight Vehicle Innovation Competition\20_engineering\cad\Space_Embodied_Robot_CAD_V2_2\130_B601_Vendor_CAD_Direct_Integration_03\src\s5_stow_refit.py,src/s5_stow_refit.py,,5480,D03499BE23F42D112217A460124E68B756B925CD5121456B58A1C7BFDFF36377,False
V22_VENDOR130_EVIDENCE_TREE,READ_ONLY_EVIDENCE,F:\China Graduate Future Flight Vehicle Innovation Competition\20_engineering\cad\Space_Embodied_Robot_CAD_V2_2\130_B601_Vendor_CAD_Direct_Integration_03\src\s6_validation.py,src/s6_validation.py,,10617,1FB3B5C66FCE9A13DC1FB4B7290A16A4B82474961BFEC38A7D85C23099659647,False
V22_VENDOR130_EVIDENCE_TREE,READ_ONLY_EVIDENCE,F:\China Graduate Future Flight Vehicle Innovation Competition\20_engineering\cad\Space_Embodied_Robot_CAD_V2_2\130_B601_Vendor_CAD_Direct_Integration_03\src\s6_views.py,src/s6_views.py,,4869,D9FC59D8FB6DA217CC1CA42F942DF12F1068B61F7E004B5AC4ED0051615F255E,False
V22_VENDOR130_EVIDENCE_TREE,READ_ONLY_EVIDENCE,F:\China Graduate Future Flight Vehicle Innovation Competition\20_engineering\cad\Space_Embodied_Robot_CAD_V2_2\130_B601_Vendor_CAD_Direct_Integration_03\src\s7_finalize.py,src/s7_finalize.py,,6249,089E8F6FB3E765B79E277C324511E13D7433A0546415E39BC1D2FBBCFA4540FB,False
V22_VENDOR130_EVIDENCE_TREE,READ_ONLY_EVIDENCE,F:\China Graduate Future Flight Vehicle Innovation Competition\20_engineering\cad\Space_Embodied_Robot_CAD_V2_2\130_B601_Vendor_CAD_Direct_Integration_03\src\s8_stow_family_study.py,src/s8_stow_family_study.py,,8561,00B8036D09F18E2586DB1E6BF6D505BC27800818272423F3C17EBEDE0B36A25F,False
V22_VENDOR130_EVIDENCE_TREE,READ_ONLY_EVIDENCE,F:\China Graduate Future Flight Vehicle Innovation Competition\20_engineering\cad\Space_Embodied_Robot_CAD_V2_2\130_B601_Vendor_CAD_Direct_Integration_03\staging\state_DEPLOY_FAILED_BOTH_CONTEXT.step,staging/state_DEPLOY_FAILED_BOTH_CONTEXT.step,,2675191,B00B49546FF5447BF5122B1D694179D539BF7BD54D5D4552F190E27029278D06,False
V22_VENDOR130_EVIDENCE_TREE,READ_ONLY_EVIDENCE,F:\China Graduate Future Flight Vehicle Innovation Competition\20_engineering\cad\Space_Embodied_Robot_CAD_V2_2\130_B601_Vendor_CAD_Direct_Integration_03\staging\state_DEPLOYED_NOMINAL_CONTEXT.step,staging/state_DEPLOYED_NOMINAL_CONTEXT.step,,2685771,C3A417E2E63F44B57291BEEF00E2BAA28D4BB3C184263B505A69B5A39FA4629C,False
V22_VENDOR130_EVIDENCE_TREE,READ_ONLY_EVIDENCE,F:\China Graduate Future Flight Vehicle Innovation Competition\20_engineering\cad\Space_Embodied_Robot_CAD_V2_2\130_B601_Vendor_CAD_Direct_Integration_03\staging\state_L_FAIL_CONTEXT.step,staging/state_L_FAIL_CONTEXT.step,,2680544,D5064B507F6AEA7CD53277CE825B8837D8871975182E6C6BD48C37B72DAB66AC,False
V22_VENDOR130_EVIDENCE_TREE,READ_ONLY_EVIDENCE,F:\China Graduate Future Flight Vehicle Innovation Competition\20_engineering\cad\Space_Embodied_Robot_CAD_V2_2\130_B601_Vendor_CAD_Direct_Integration_03\staging\state_R_FAIL_CONTEXT.step,staging/state_R_FAIL_CONTEXT.step,,2680709,C9154A3D595C95BF1D1DCFF2CBF716D494CE7CAAC0AF688015D138A4E4C8628A,False
V22_VENDOR130_EVIDENCE_TREE,READ_ONLY_EVIDENCE,F:\China Graduate Future Flight Vehicle Innovation Competition\20_engineering\cad\Space_Embodied_Robot_CAD_V2_2\130_B601_Vendor_CAD_Direct_Integration_03\staging\state_STOWED_CONTEXT.step,staging/state_STOWED_CONTEXT.step,,2674974,AAD962411AF8AC9E0758200BD7A234A3A663BE4892F7F5D40D52A24ADA6A0D28,False
V22_VENDOR130_EVIDENCE_TREE,READ_ONLY_EVIDENCE,F:\China Graduate Future Flight Vehicle Innovation Competition\20_engineering\cad\Space_Embodied_Robot_CAD_V2_2\130_B601_Vendor_CAD_Direct_Integration_03\V22_B601_VENDOR_CAD_DIRECT_INTEGRATION_03_REPORT.md,V22_B601_VENDOR_CAD_DIRECT_INTEGRATION_03_REPORT.md,,9274,CDA1B0C216C6C15DBAEEB7C659A5466293740A8D9FE126026C17182A0FBD0030,False
V22_VENDOR130_EVIDENCE_TREE,READ_ONLY_EVIDENCE,F:\China Graduate Future Flight Vehicle Innovation Competition\20_engineering\cad\Space_Embodied_Robot_CAD_V2_2\130_B601_Vendor_CAD_Direct_Integration_03\validation\artifact_manifest.json,validation/artifact_manifest.json,,9164,4851A579DCB88BB94418C32CEB26C176E5E6399C7AF7D5706EBD972127829030,False
V22_VENDOR130_EVIDENCE_TREE,READ_ONLY_EVIDENCE,F:\China Graduate Future Flight Vehicle Innovation Competition\20_engineering\cad\Space_Embodied_Robot_CAD_V2_2\130_B601_Vendor_CAD_Direct_Integration_03\validation\machine_checks.json,validation/machine_checks.json,,9151,EFE137F7AFAA33BACA93D218409E358B269FEB7BCBD3C6EB55D1B7A239B9E256,False
V22_VENDOR130_EVIDENCE_TREE,READ_ONLY_EVIDENCE,F:\China Graduate Future Flight Vehicle Innovation Competition\20_engineering\cad\Space_Embodied_Robot_CAD_V2_2\130_B601_Vendor_CAD_Direct_Integration_03\validation\machine_verdict.json,validation/machine_verdict.json,,4267,D0195B9406D73B755634FEC927D0A61D6B075E4D7C889FB2CA822E4EBA826F85,False
V22_VENDOR130_EVIDENCE_TREE,READ_ONLY_EVIDENCE,F:\China Graduate Future Flight Vehicle Innovation Competition\20_engineering\cad\Space_Embodied_Robot_CAD_V2_2\130_B601_Vendor_CAD_Direct_Integration_03\validation\s0_input_lock.json,validation/s0_input_lock.json,,890,CB1E81B7A4C406A33EB6A82EAA6A300800686BB39B4233E29CD0E1C98ABF24D9,False
V22_VENDOR130_EVIDENCE_TREE,READ_ONLY_EVIDENCE,F:\China Graduate Future Flight Vehicle Innovation Competition\20_engineering\cad\Space_Embodied_Robot_CAD_V2_2\130_B601_Vendor_CAD_Direct_Integration_03\vendor_groups\G01_Link1_1.step,vendor_groups/G01_Link1_1.step,,1452762,765FE5975F884769EFBF55481A522487FEFF30DA7FC75A9CC43E4CDCA6A69976,False
V22_VENDOR130_EVIDENCE_TREE,READ_ONLY_EVIDENCE,F:\China Graduate Future Flight Vehicle Innovation Competition\20_engineering\cad\Space_Embodied_Robot_CAD_V2_2\130_B601_Vendor_CAD_Direct_Integration_03\vendor_groups\G02_Link2_1.step,vendor_groups/G02_Link2_1.step,,20168824,02C97F2944D453817A3F7104495676D518F84C2A633D7C6216082C9B420A00F8,False
V22_VENDOR130_EVIDENCE_TREE,READ_ONLY_EVIDENCE,F:\China Graduate Future Flight Vehicle Innovation Competition\20_engineering\cad\Space_Embodied_Robot_CAD_V2_2\130_B601_Vendor_CAD_Direct_Integration_03\vendor_groups\G03_Link3_1.step,vendor_groups/G03_Link3_1.step,,31300999,4E86E9FB18F0E5E7DFEFB09941B419D15BE82151F95FF7CC2F8111FA5EEE24EF,False
V22_VENDOR130_EVIDENCE_TREE,READ_ONLY_EVIDENCE,F:\China Graduate Future Flight Vehicle Innovation Competition\20_engineering\cad\Space_Embodied_Robot_CAD_V2_2\130_B601_Vendor_CAD_Direct_Integration_03\vendor_groups\G04_Link4_1.step,vendor_groups/G04_Link4_1.step,,26712885,75B1F6FCE68190E430FF3A8AA5CC4AF5177447862CEE6B30979F7259EC4496ED,False
V22_VENDOR130_EVIDENCE_TREE,READ_ONLY_EVIDENCE,F:\China Graduate Future Flight Vehicle Innovation Competition\20_engineering\cad\Space_Embodied_Robot_CAD_V2_2\130_B601_Vendor_CAD_Direct_Integration_03\vendor_groups\G05_Link6_1.step,vendor_groups/G05_Link6_1.step,,37811509,7C09A497D2AA25E707AEB851668905D52482B3D55714E43EA6CE843DCFE85A2A,False
V22_VENDOR130_EVIDENCE_TREE,READ_ONLY_EVIDENCE,F:\China Graduate Future Flight Vehicle Innovation Competition\20_engineering\cad\Space_Embodied_Robot_CAD_V2_2\130_B601_Vendor_CAD_Direct_Integration_03\vendor_groups\G06_Base_1.step,vendor_groups/G06_Base_1.step,,22517097,AA04E83A49ABD98833A66AE805D552763554EA255DB4252FFB7151D85F7BB8F2,False
V22_VENDOR130_EVIDENCE_TREE,READ_ONLY_EVIDENCE,F:\China Graduate Future Flight Vehicle Innovation Competition\20_engineering\cad\Space_Embodied_Robot_CAD_V2_2\130_B601_Vendor_CAD_Direct_Integration_03\vendor_groups\G06_Base_FILTERED.step,vendor_groups/G06_Base_FILTERED.step,,23726169,C3B64B42078200BD983442E2380BEC6B7DFECF0F6B6E613E849D52D18A14C055,False
V22_VENDOR130_EVIDENCE_TREE,READ_ONLY_EVIDENCE,F:\China Graduate Future Flight Vehicle Innovation Competition\20_engineering\cad\Space_Embodied_Robot_CAD_V2_2\130_B601_Vendor_CAD_Direct_Integration_03\vendor_groups\G07_Link5_1.step,vendor_groups/G07_Link5_1.step,,26789975,407CC1CF6C027EEC9F46B694A01FF176A3AD62EBBDFCF98235ACC83C15A5E21D,False
V22_VENDOR130_EVIDENCE_TREE,READ_ONLY_EVIDENCE,F:\China Graduate Future Flight Vehicle Innovation Competition\20_engineering\cad\Space_Embodied_Robot_CAD_V2_2\130_B601_Vendor_CAD_Direct_Integration_03\vendor_groups\G08_Gripper_1.step,vendor_groups/G08_Gripper_1.step,,8849400,0115F135A0330DCAC4F8D2B07BF39B1025DD21ED02ED759102BC6D8FB32C0D11,False
V22_VENDOR130_EVIDENCE_TREE,READ_ONLY_EVIDENCE,F:\China Graduate Future Flight Vehicle Innovation Competition\20_engineering\cad\Space_Embodied_Robot_CAD_V2_2\130_B601_Vendor_CAD_Direct_Integration_03\views\v01_arm_stow_iso.png,views/v01_arm_stow_iso.png,,262809,6D9498C889DE557914237027CE492EE193A670C000DD8D10BF1060263BE8BEB6,False
V22_VENDOR130_EVIDENCE_TREE,READ_ONLY_EVIDENCE,F:\China Graduate Future Flight Vehicle Innovation Competition\20_engineering\cad\Space_Embodied_Robot_CAD_V2_2\130_B601_Vendor_CAD_Direct_Integration_03\views\v02_arm_q0_iso.png,views/v02_arm_q0_iso.png,,248735,D66C36D0BAA2A40814369C35E8032F7E70EBA537C9CD2C6D329E91B709815846,False
V22_VENDOR130_EVIDENCE_TREE,READ_ONLY_EVIDENCE,F:\China Graduate Future Flight Vehicle Innovation Competition\20_engineering\cad\Space_Embodied_Robot_CAD_V2_2\130_B601_Vendor_CAD_Direct_Integration_03\views\v03_state_stowed_iso.png,views/v03_state_stowed_iso.png,,273327,80DC5A8C493ACD30DAEF28068897B90B1CC9A86D29A78EF68EE3815487A70E39,False
V22_VENDOR130_EVIDENCE_TREE,READ_ONLY_EVIDENCE,F:\China Graduate Future Flight Vehicle Innovation Competition\20_engineering\cad\Space_Embodied_Robot_CAD_V2_2\130_B601_Vendor_CAD_Direct_Integration_03\views\v04_state_stowed_front.png,views/v04_state_stowed_front.png,,103189,F8BBCBCFF43787A721A315BBA97A3B4D26A175AF675F29705050A4529DF566F7,False
V22_VENDOR130_EVIDENCE_TREE,READ_ONLY_EVIDENCE,F:\China Graduate Future Flight Vehicle Innovation Competition\20_engineering\cad\Space_Embodied_Robot_CAD_V2_2\130_B601_Vendor_CAD_Direct_Integration_03\views\v05_state_stowed_top.png,views/v05_state_stowed_top.png,,120603,DE37C2E133CCE81AA3692B6ECDE04BF38CFFD40B28AFD53732B30A771C38E971,False
V22_VENDOR130_EVIDENCE_TREE,READ_ONLY_EVIDENCE,F:\China Graduate Future Flight Vehicle Innovation Competition\20_engineering\cad\Space_Embodied_Robot_CAD_V2_2\130_B601_Vendor_CAD_Direct_Integration_03\views\v06_state_deployed_iso.png,views/v06_state_deployed_iso.png,,269619,84D4729EC791AA23DF8364B64C1F021B505B408F154C705D47F2FEDF3C7359E4,False
V22_VENDOR130_EVIDENCE_TREE,READ_ONLY_EVIDENCE,F:\China Graduate Future Flight Vehicle Innovation Competition\20_engineering\cad\Space_Embodied_Robot_CAD_V2_2\130_B601_Vendor_CAD_Direct_Integration_03\views\v07_state_lfail_top.png,views/v07_state_lfail_top.png,,104204,A6CDFDDE1F7B1EC5C57916D1F365EF9BF16CF4403F0E0290C4967D5FA2ADC17F,False
V22_VENDOR130_EVIDENCE_TREE,READ_ONLY_EVIDENCE,F:\China Graduate Future Flight Vehicle Innovation Competition\20_engineering\cad\Space_Embodied_Robot_CAD_V2_2\130_B601_Vendor_CAD_Direct_Integration_03\views\v08_state_rfail_top.png,views/v08_state_rfail_top.png,,103399,EFAF95B5AAC68E77B6739679C361D2DFAA49C8B2D2525C5082E312F3F87F7DD4,False
V22_VENDOR130_EVIDENCE_TREE,READ_ONLY_EVIDENCE,F:\China Graduate Future Flight Vehicle Innovation Competition\20_engineering\cad\Space_Embodied_Robot_CAD_V2_2\130_B601_Vendor_CAD_Direct_Integration_03\views\v09_adapter_iso.png,views/v09_adapter_iso.png,,166299,B4AA8B985B5B85A57B8BC09398524C3774A9477663F14E8063A34A0DEAB7DCC4,False
V22_VENDOR130_EVIDENCE_TREE,READ_ONLY_EVIDENCE,F:\China Graduate Future Flight Vehicle Innovation Competition\20_engineering\cad\Space_Embodied_Robot_CAD_V2_2\130_B601_Vendor_CAD_Direct_Integration_03\views\v10_support_iso.png,views/v10_support_iso.png,,158664,C7D243083F6F3BC0973A1848D61097D5AC5B6F600C0E08E7A57842B7D2090078,False
V2_2_NATIVE_CANONICAL_FREEZE_SEAL,READ_ONLY_CONTROL,F:\China Graduate Future Flight Vehicle Innovation Competition\20_engineering\cad\Space_Embodied_Robot_CAD_V2_3_NATIVE_INTEGRATION\baseline_freeze_manifest.yaml,,,16218,E27F44E58B726CDA8A5402F539B0CD96D74DE59C809721FFECF71458057D89E9,False
