id,responsibility_owner,representation_role,accounting_basis,candidate_material_mass_kg,vendor_reference_mass_kg,retained_legacy_planning_budget_kg,source_bound_volume_mm3,density_kg_mm3,as_built_mass_kg,note
B601_base_link,B601_DM_COMPLETE,PHYSICAL_GEOMETRY,INCLUDED_IN_ONE_MANUFACTURER_WHOLE_ARM_NOMINAL,,,,,,,"Covered by owner-level4.5kg whole arm reference counted once. No per-link apportionment, density or COM invented."
B601_gripper_left,B601_DM_COMPLETE,PHYSICAL_GEOMETRY,INCLUDED_IN_ONE_MANUFACTURER_WHOLE_ARM_NOMINAL,,,,,,,"Covered by owner-level4.5kg whole arm reference counted once. No per-link apportionment, density or COM invented."
B601_gripper_link,B601_DM_COMPLETE,PHYSICAL_GEOMETRY,INCLUDED_IN_ONE_MANUFACTURER_WHOLE_ARM_NOMINAL,,,,,,,"Covered by owner-level4.5kg whole arm reference counted once. No per-link apportionment, density or COM invented."
B601_gripper_right,B601_DM_COMPLETE,PHYSICAL_GEOMETRY,INCLUDED_IN_ONE_MANUFACTURER_WHOLE_ARM_NOMINAL,,,,,,,"Covered by owner-level4.5kg whole arm reference counted once. No per-link apportionment, density or COM invented."
B601_link1,B601_DM_COMPLETE,PHYSICAL_GEOMETRY,INCLUDED_IN_ONE_MANUFACTURER_WHOLE_ARM_NOMINAL,,,,,,,"Covered by owner-level4.5kg whole arm reference counted once. No per-link apportionment, density or COM invented."
B601_link2,B601_DM_COMPLETE,PHYSICAL_GEOMETRY,INCLUDED_IN_ONE_MANUFACTURER_WHOLE_ARM_NOMINAL,,,,,,,"Covered by owner-level4.5kg whole arm reference counted once. No per-link apportionment, density or COM invented."
B601_link3,B601_DM_COMPLETE,PHYSICAL_GEOMETRY,INCLUDED_IN_ONE_MANUFACTURER_WHOLE_ARM_NOMINAL,,,,,,,"Covered by owner-level4.5kg whole arm reference counted once. No per-link apportionment, density or COM invented."
B601_link4,B601_DM_COMPLETE,PHYSICAL_GEOMETRY,INCLUDED_IN_ONE_MANUFACTURER_WHOLE_ARM_NOMINAL,,,,,,,"Covered by owner-level4.5kg whole arm reference counted once. No per-link apportionment, density or COM invented."
B601_link5,B601_DM_COMPLETE,PHYSICAL_GEOMETRY,INCLUDED_IN_ONE_MANUFACTURER_WHOLE_ARM_NOMINAL,,,,,,,"Covered by owner-level4.5kg whole arm reference counted once. No per-link apportionment, density or COM invented."
B601_link6,B601_DM_COMPLETE,PHYSICAL_GEOMETRY,INCLUDED_IN_ONE_MANUFACTURER_WHOLE_ARM_NOMINAL,,,,,,,"Covered by owner-level4.5kg whole arm reference counted once. No per-link apportionment, density or COM invented."
CLAMP_DUAL_0_BN,HARNESS_RESTRAINT_HARDWARE,SIMPLIFIED_PROXY,UNRESOLVED_PHYSICAL_MASS,,,,,,,
CLAMP_DUAL_0_BW,HARNESS_RESTRAINT_HARDWARE,SIMPLIFIED_PROXY,UNRESOLVED_PHYSICAL_MASS,,,,,,,
CLAMP_DUAL_0_TN,HARNESS_RESTRAINT_HARDWARE,SIMPLIFIED_PROXY,UNRESOLVED_PHYSICAL_MASS,,,,,,,
CLAMP_DUAL_0_TW,HARNESS_RESTRAINT_HARDWARE,SIMPLIFIED_PROXY,UNRESOLVED_PHYSICAL_MASS,,,,,,,
CLAMP_DUAL_1_BN,HARNESS_RESTRAINT_HARDWARE,SIMPLIFIED_PROXY,UNRESOLVED_PHYSICAL_MASS,,,,,,,
CLAMP_DUAL_1_BW,HARNESS_RESTRAINT_HARDWARE,SIMPLIFIED_PROXY,UNRESOLVED_PHYSICAL_MASS,,,,,,,
CLAMP_DUAL_1_TN,HARNESS_RESTRAINT_HARDWARE,SIMPLIFIED_PROXY,UNRESOLVED_PHYSICAL_MASS,,,,,,,
CLAMP_DUAL_1_TW,HARNESS_RESTRAINT_HARDWARE,SIMPLIFIED_PROXY,UNRESOLVED_PHYSICAL_MASS,,,,,,,
CLAMP_DUAL_BASE,HARNESS_RESTRAINT_HARDWARE,PHYSICAL_GEOMETRY,UNRESOLVED_PHYSICAL_MASS,,,,,,,
CLAMP_DUAL_LID,HARNESS_RESTRAINT_HARDWARE,PHYSICAL_GEOMETRY,UNRESOLVED_PHYSICAL_MASS,,,,,,,
CLAMP_PWR_0_BN,HARNESS_RESTRAINT_HARDWARE,SIMPLIFIED_PROXY,UNRESOLVED_PHYSICAL_MASS,,,,,,,
CLAMP_PWR_0_BW,HARNESS_RESTRAINT_HARDWARE,SIMPLIFIED_PROXY,UNRESOLVED_PHYSICAL_MASS,,,,,,,
CLAMP_PWR_0_TN,HARNESS_RESTRAINT_HARDWARE,SIMPLIFIED_PROXY,UNRESOLVED_PHYSICAL_MASS,,,,,,,
CLAMP_PWR_0_TW,HARNESS_RESTRAINT_HARDWARE,SIMPLIFIED_PROXY,UNRESOLVED_PHYSICAL_MASS,,,,,,,
CLAMP_PWR_1_BN,HARNESS_RESTRAINT_HARDWARE,SIMPLIFIED_PROXY,UNRESOLVED_PHYSICAL_MASS,,,,,,,
CLAMP_PWR_1_BW,HARNESS_RESTRAINT_HARDWARE,SIMPLIFIED_PROXY,UNRESOLVED_PHYSICAL_MASS,,,,,,,
CLAMP_PWR_1_TN,HARNESS_RESTRAINT_HARDWARE,SIMPLIFIED_PROXY,UNRESOLVED_PHYSICAL_MASS,,,,,,,
CLAMP_PWR_1_TW,HARNESS_RESTRAINT_HARDWARE,SIMPLIFIED_PROXY,UNRESOLVED_PHYSICAL_MASS,,,,,,,
CLAMP_PWR_BASE,HARNESS_RESTRAINT_HARDWARE,PHYSICAL_GEOMETRY,UNRESOLVED_PHYSICAL_MASS,,,,,,,
CLAMP_PWR_LID,HARNESS_RESTRAINT_HARDWARE,PHYSICAL_GEOMETRY,UNRESOLVED_PHYSICAL_MASS,,,,,,,
GROMMET_0,HARNESS_RESTRAINT_HARDWARE,PHYSICAL_GEOMETRY,UNRESOLVED_PHYSICAL_MASS,,,,,,,
GROMMET_1,HARNESS_RESTRAINT_HARDWARE,PHYSICAL_GEOMETRY,UNRESOLVED_PHYSICAL_MASS,,,,,,,
M5_bottom_washer_0,ROOT_FRAME_FASTENER_KIT,SIMPLIFIED_PROXY,UNRESOLVED_PHYSICAL_MASS,,,,,,,
M5_bottom_washer_1,ROOT_FRAME_FASTENER_KIT,SIMPLIFIED_PROXY,UNRESOLVED_PHYSICAL_MASS,,,,,,,
M5_bottom_washer_2,ROOT_FRAME_FASTENER_KIT,SIMPLIFIED_PROXY,UNRESOLVED_PHYSICAL_MASS,,,,,,,
M5_bottom_washer_3,ROOT_FRAME_FASTENER_KIT,SIMPLIFIED_PROXY,UNRESOLVED_PHYSICAL_MASS,,,,,,,
M5_bottom_washer_4,ROOT_FRAME_FASTENER_KIT,SIMPLIFIED_PROXY,UNRESOLVED_PHYSICAL_MASS,,,,,,,
M5_bottom_washer_5,ROOT_FRAME_FASTENER_KIT,SIMPLIFIED_PROXY,UNRESOLVED_PHYSICAL_MASS,,,,,,,
M5_bottom_washer_6,ROOT_FRAME_FASTENER_KIT,SIMPLIFIED_PROXY,UNRESOLVED_PHYSICAL_MASS,,,,,,,
M5_bottom_washer_7,ROOT_FRAME_FASTENER_KIT,SIMPLIFIED_PROXY,UNRESOLVED_PHYSICAL_MASS,,,,,,,
M5_interstage_bolt_0,ROOT_FRAME_FASTENER_KIT,SIMPLIFIED_PROXY,UNRESOLVED_PHYSICAL_MASS,,,,,,,
M5_interstage_bolt_1,ROOT_FRAME_FASTENER_KIT,SIMPLIFIED_PROXY,UNRESOLVED_PHYSICAL_MASS,,,,,,,
M5_interstage_bolt_2,ROOT_FRAME_FASTENER_KIT,SIMPLIFIED_PROXY,UNRESOLVED_PHYSICAL_MASS,,,,,,,
M5_interstage_bolt_3,ROOT_FRAME_FASTENER_KIT,SIMPLIFIED_PROXY,UNRESOLVED_PHYSICAL_MASS,,,,,,,
M5_interstage_bolt_4,ROOT_FRAME_FASTENER_KIT,SIMPLIFIED_PROXY,UNRESOLVED_PHYSICAL_MASS,,,,,,,
M5_interstage_bolt_5,ROOT_FRAME_FASTENER_KIT,SIMPLIFIED_PROXY,UNRESOLVED_PHYSICAL_MASS,,,,,,,
M5_interstage_bolt_6,ROOT_FRAME_FASTENER_KIT,SIMPLIFIED_PROXY,UNRESOLVED_PHYSICAL_MASS,,,,,,,
M5_interstage_bolt_7,ROOT_FRAME_FASTENER_KIT,SIMPLIFIED_PROXY,UNRESOLVED_PHYSICAL_MASS,,,,,,,
M5_interstage_nut_0,ROOT_FRAME_FASTENER_KIT,SIMPLIFIED_PROXY,UNRESOLVED_PHYSICAL_MASS,,,,,,,
M5_interstage_nut_1,ROOT_FRAME_FASTENER_KIT,SIMPLIFIED_PROXY,UNRESOLVED_PHYSICAL_MASS,,,,,,,
M5_interstage_nut_2,ROOT_FRAME_FASTENER_KIT,SIMPLIFIED_PROXY,UNRESOLVED_PHYSICAL_MASS,,,,,,,
M5_interstage_nut_3,ROOT_FRAME_FASTENER_KIT,SIMPLIFIED_PROXY,UNRESOLVED_PHYSICAL_MASS,,,,,,,
M5_interstage_nut_4,ROOT_FRAME_FASTENER_KIT,SIMPLIFIED_PROXY,UNRESOLVED_PHYSICAL_MASS,,,,,,,
M5_interstage_nut_5,ROOT_FRAME_FASTENER_KIT,SIMPLIFIED_PROXY,UNRESOLVED_PHYSICAL_MASS,,,,,,,
M5_interstage_nut_6,ROOT_FRAME_FASTENER_KIT,SIMPLIFIED_PROXY,UNRESOLVED_PHYSICAL_MASS,,,,,,,
M5_interstage_nut_7,ROOT_FRAME_FASTENER_KIT,SIMPLIFIED_PROXY,UNRESOLVED_PHYSICAL_MASS,,,,,,,
M5_top_washer_0,ROOT_FRAME_FASTENER_KIT,SIMPLIFIED_PROXY,UNRESOLVED_PHYSICAL_MASS,,,,,,,
M5_top_washer_1,ROOT_FRAME_FASTENER_KIT,SIMPLIFIED_PROXY,UNRESOLVED_PHYSICAL_MASS,,,,,,,
M5_top_washer_2,ROOT_FRAME_FASTENER_KIT,SIMPLIFIED_PROXY,UNRESOLVED_PHYSICAL_MASS,,,,,,,
M5_top_washer_3,ROOT_FRAME_FASTENER_KIT,SIMPLIFIED_PROXY,UNRESOLVED_PHYSICAL_MASS,,,,,,,
M5_top_washer_4,ROOT_FRAME_FASTENER_KIT,SIMPLIFIED_PROXY,UNRESOLVED_PHYSICAL_MASS,,,,,,,
M5_top_washer_5,ROOT_FRAME_FASTENER_KIT,SIMPLIFIED_PROXY,UNRESOLVED_PHYSICAL_MASS,,,,,,,
M5_top_washer_6,ROOT_FRAME_FASTENER_KIT,SIMPLIFIED_PROXY,UNRESOLVED_PHYSICAL_MASS,,,,,,,
M5_top_washer_7,ROOT_FRAME_FASTENER_KIT,SIMPLIFIED_PROXY,UNRESOLVED_PHYSICAL_MASS,,,,,,,
M6_bottom_washer_-70_-70,ROOT_FRAME_FASTENER_KIT,SIMPLIFIED_PROXY,UNRESOLVED_PHYSICAL_MASS,,,,,,,
M6_bottom_washer_-70_70,ROOT_FRAME_FASTENER_KIT,SIMPLIFIED_PROXY,UNRESOLVED_PHYSICAL_MASS,,,,,,,
M6_bottom_washer_70_-70,ROOT_FRAME_FASTENER_KIT,SIMPLIFIED_PROXY,UNRESOLVED_PHYSICAL_MASS,,,,,,,
M6_bottom_washer_70_70,ROOT_FRAME_FASTENER_KIT,SIMPLIFIED_PROXY,UNRESOLVED_PHYSICAL_MASS,,,,,,,
M6_root_bolt_-70_-70,ROOT_FRAME_FASTENER_KIT,SIMPLIFIED_PROXY,UNRESOLVED_PHYSICAL_MASS,,,,,,,
M6_root_bolt_-70_70,ROOT_FRAME_FASTENER_KIT,SIMPLIFIED_PROXY,UNRESOLVED_PHYSICAL_MASS,,,,,,,
M6_root_bolt_70_-70,ROOT_FRAME_FASTENER_KIT,SIMPLIFIED_PROXY,UNRESOLVED_PHYSICAL_MASS,,,,,,,
M6_root_bolt_70_70,ROOT_FRAME_FASTENER_KIT,SIMPLIFIED_PROXY,UNRESOLVED_PHYSICAL_MASS,,,,,,,
M6_root_nut_-70_-70,ROOT_FRAME_FASTENER_KIT,SIMPLIFIED_PROXY,UNRESOLVED_PHYSICAL_MASS,,,,,,,
M6_root_nut_-70_70,ROOT_FRAME_FASTENER_KIT,SIMPLIFIED_PROXY,UNRESOLVED_PHYSICAL_MASS,,,,,,,
M6_root_nut_70_-70,ROOT_FRAME_FASTENER_KIT,SIMPLIFIED_PROXY,UNRESOLVED_PHYSICAL_MASS,,,,,,,
M6_root_nut_70_70,ROOT_FRAME_FASTENER_KIT,SIMPLIFIED_PROXY,UNRESOLVED_PHYSICAL_MASS,,,,,,,
M6_top_washer_-70_-70,ROOT_FRAME_FASTENER_KIT,SIMPLIFIED_PROXY,UNRESOLVED_PHYSICAL_MASS,,,,,,,
M6_top_washer_-70_70,ROOT_FRAME_FASTENER_KIT,SIMPLIFIED_PROXY,UNRESOLVED_PHYSICAL_MASS,,,,,,,
M6_top_washer_70_-70,ROOT_FRAME_FASTENER_KIT,SIMPLIFIED_PROXY,UNRESOLVED_PHYSICAL_MASS,,,,,,,
M6_top_washer_70_70,ROOT_FRAME_FASTENER_KIT,SIMPLIFIED_PROXY,UNRESOLVED_PHYSICAL_MASS,,,,,,,
MIPS_CRADLE_B,PROPULSION_MOUNTING_KIT,PHYSICAL_GEOMETRY,EXISTING_EXPLICIT_MATERIAL_ALLOCATION,0.09901717171281933,,,36673.02656030346,2.7e-06,,
MIPS_FOOT_0_BOTTOM_WASHER,PROPULSION_MOUNTING_KIT,SIMPLIFIED_PROXY,UNRESOLVED_PHYSICAL_MASS,,,,,,,
MIPS_FOOT_0_NUT,PROPULSION_MOUNTING_KIT,SIMPLIFIED_PROXY,UNRESOLVED_PHYSICAL_MASS,,,,,,,
MIPS_FOOT_0_SCREW,PROPULSION_MOUNTING_KIT,SIMPLIFIED_PROXY,UNRESOLVED_PHYSICAL_MASS,,,,,,,
MIPS_FOOT_0_TOP_WASHER,PROPULSION_MOUNTING_KIT,SIMPLIFIED_PROXY,UNRESOLVED_PHYSICAL_MASS,,,,,,,
MIPS_FOOT_1_BOTTOM_WASHER,PROPULSION_MOUNTING_KIT,SIMPLIFIED_PROXY,UNRESOLVED_PHYSICAL_MASS,,,,,,,
MIPS_FOOT_1_NUT,PROPULSION_MOUNTING_KIT,SIMPLIFIED_PROXY,UNRESOLVED_PHYSICAL_MASS,,,,,,,
MIPS_FOOT_1_SCREW,PROPULSION_MOUNTING_KIT,SIMPLIFIED_PROXY,UNRESOLVED_PHYSICAL_MASS,,,,,,,
MIPS_FOOT_1_TOP_WASHER,PROPULSION_MOUNTING_KIT,SIMPLIFIED_PROXY,UNRESOLVED_PHYSICAL_MASS,,,,,,,
MIPS_FOOT_2_BOTTOM_WASHER,PROPULSION_MOUNTING_KIT,SIMPLIFIED_PROXY,UNRESOLVED_PHYSICAL_MASS,,,,,,,
MIPS_FOOT_2_NUT,PROPULSION_MOUNTING_KIT,SIMPLIFIED_PROXY,UNRESOLVED_PHYSICAL_MASS,,,,,,,
MIPS_FOOT_2_SCREW,PROPULSION_MOUNTING_KIT,SIMPLIFIED_PROXY,UNRESOLVED_PHYSICAL_MASS,,,,,,,
MIPS_FOOT_2_TOP_WASHER,PROPULSION_MOUNTING_KIT,SIMPLIFIED_PROXY,UNRESOLVED_PHYSICAL_MASS,,,,,,,
MIPS_FOOT_3_BOTTOM_WASHER,PROPULSION_MOUNTING_KIT,SIMPLIFIED_PROXY,UNRESOLVED_PHYSICAL_MASS,,,,,,,
MIPS_FOOT_3_NUT,PROPULSION_MOUNTING_KIT,SIMPLIFIED_PROXY,UNRESOLVED_PHYSICAL_MASS,,,,,,,
MIPS_FOOT_3_SCREW,PROPULSION_MOUNTING_KIT,SIMPLIFIED_PROXY,UNRESOLVED_PHYSICAL_MASS,,,,,,,
MIPS_FOOT_3_TOP_WASHER,PROPULSION_MOUNTING_KIT,SIMPLIFIED_PROXY,UNRESOLVED_PHYSICAL_MASS,,,,,,,
MIPS_INTERFACE_SHIM_-1_0,PROPULSION_MOUNTING_KIT,PHYSICAL_GEOMETRY,EXISTING_EXPLICIT_MATERIAL_ALLOCATION,2.054837214896742e-05,,,7.610508203321268,2.7e-06,,
MIPS_INTERFACE_SHIM_-1_1,PROPULSION_MOUNTING_KIT,PHYSICAL_GEOMETRY,EXISTING_EXPLICIT_MATERIAL_ALLOCATION,2.054837214896744e-05,,,7.610508203321274,2.7e-06,,
MIPS_INTERFACE_SHIM_1_0,PROPULSION_MOUNTING_KIT,PHYSICAL_GEOMETRY,EXISTING_EXPLICIT_MATERIAL_ALLOCATION,2.054837214896742e-05,,,7.610508203321267,2.7e-06,,
MIPS_INTERFACE_SHIM_1_1,PROPULSION_MOUNTING_KIT,PHYSICAL_GEOMETRY,EXISTING_EXPLICIT_MATERIAL_ALLOCATION,2.054837214896744e-05,,,7.610508203321274,2.7e-06,,
MIPS_OEM_MAX_ENVELOPE,EQUIPMENT_ADCS_PROPULSION_ALLOCATION,FUNCTIONAL_ENVELOPE,NO_DENSITY_FOR_ENVELOPE_REPRESENTED_HARDWARE_UNRESOLVED,,,,,,,
P60_HOST_0_BN,P60_MOUNTING_KIT,SIMPLIFIED_PROXY,UNRESOLVED_PHYSICAL_MASS,,,,,,,
P60_HOST_0_BW,P60_MOUNTING_KIT,SIMPLIFIED_PROXY,UNRESOLVED_PHYSICAL_MASS,,,,,,,
P60_HOST_0_POST,P60_MOUNTING_KIT,PHYSICAL_GEOMETRY,EXISTING_EXPLICIT_MATERIAL_ALLOCATION,0.006838981742285754,,,2532.9562008465755,2.7e-06,,
P60_HOST_0_ROD,P60_MOUNTING_KIT,SIMPLIFIED_PROXY,UNRESOLVED_PHYSICAL_MASS,,,,,,,
P60_HOST_0_TN,P60_MOUNTING_KIT,SIMPLIFIED_PROXY,UNRESOLVED_PHYSICAL_MASS,,,,,,,
P60_HOST_0_TW,P60_MOUNTING_KIT,SIMPLIFIED_PROXY,UNRESOLVED_PHYSICAL_MASS,,,,,,,
P60_HOST_1_BN,P60_MOUNTING_KIT,SIMPLIFIED_PROXY,UNRESOLVED_PHYSICAL_MASS,,,,,,,
P60_HOST_1_BW,P60_MOUNTING_KIT,SIMPLIFIED_PROXY,UNRESOLVED_PHYSICAL_MASS,,,,,,,
P60_HOST_1_POST,P60_MOUNTING_KIT,PHYSICAL_GEOMETRY,EXISTING_EXPLICIT_MATERIAL_ALLOCATION,0.006838981742285751,,,2532.9562008465746,2.7e-06,,
P60_HOST_1_ROD,P60_MOUNTING_KIT,SIMPLIFIED_PROXY,UNRESOLVED_PHYSICAL_MASS,,,,,,,
P60_HOST_1_TN,P60_MOUNTING_KIT,SIMPLIFIED_PROXY,UNRESOLVED_PHYSICAL_MASS,,,,,,,
P60_HOST_1_TW,P60_MOUNTING_KIT,SIMPLIFIED_PROXY,UNRESOLVED_PHYSICAL_MASS,,,,,,,
P60_HOST_2_BN,P60_MOUNTING_KIT,SIMPLIFIED_PROXY,UNRESOLVED_PHYSICAL_MASS,,,,,,,
P60_HOST_2_BW,P60_MOUNTING_KIT,SIMPLIFIED_PROXY,UNRESOLVED_PHYSICAL_MASS,,,,,,,
P60_HOST_2_POST,P60_MOUNTING_KIT,PHYSICAL_GEOMETRY,EXISTING_EXPLICIT_MATERIAL_ALLOCATION,0.006838981742285754,,,2532.9562008465755,2.7e-06,,
P60_HOST_2_ROD,P60_MOUNTING_KIT,SIMPLIFIED_PROXY,UNRESOLVED_PHYSICAL_MASS,,,,,,,
P60_HOST_2_TN,P60_MOUNTING_KIT,SIMPLIFIED_PROXY,UNRESOLVED_PHYSICAL_MASS,,,,,,,
P60_HOST_2_TW,P60_MOUNTING_KIT,SIMPLIFIED_PROXY,UNRESOLVED_PHYSICAL_MASS,,,,,,,
P60_HOST_3_BN,P60_MOUNTING_KIT,SIMPLIFIED_PROXY,UNRESOLVED_PHYSICAL_MASS,,,,,,,
P60_HOST_3_BW,P60_MOUNTING_KIT,SIMPLIFIED_PROXY,UNRESOLVED_PHYSICAL_MASS,,,,,,,
P60_HOST_3_POST,P60_MOUNTING_KIT,PHYSICAL_GEOMETRY,EXISTING_EXPLICIT_MATERIAL_ALLOCATION,0.00683898174228575,,,2532.956200846574,2.7e-06,,
P60_HOST_3_ROD,P60_MOUNTING_KIT,SIMPLIFIED_PROXY,UNRESOLVED_PHYSICAL_MASS,,,,,,,
P60_HOST_3_TN,P60_MOUNTING_KIT,SIMPLIFIED_PROXY,UNRESOLVED_PHYSICAL_MASS,,,,,,,
P60_HOST_3_TW,P60_MOUNTING_KIT,SIMPLIFIED_PROXY,UNRESOLVED_PHYSICAL_MASS,,,,,,,
P60_REFERENCE_B,P60_MODULE_STACK,FUNCTIONAL_ENVELOPE,NO_DENSITY_FOR_ENVELOPE_REPRESENTED_HARDWARE_UNRESOLVED,,,,,,,
P60_TRAY_B,P60_MOUNTING_KIT,PHYSICAL_GEOMETRY,EXISTING_EXPLICIT_MATERIAL_ALLOCATION,0.06813548922019229,,,25235.366377848997,2.7e-06,,
POST_DUAL_0,HARNESS_RESTRAINT_HARDWARE,PHYSICAL_GEOMETRY,EXISTING_EXPLICIT_MATERIAL_ALLOCATION,0.013059476568062951,,,4836.843173356649,2.7e-06,,
POST_DUAL_1,HARNESS_RESTRAINT_HARDWARE,PHYSICAL_GEOMETRY,EXISTING_EXPLICIT_MATERIAL_ALLOCATION,0.013059476568062948,,,4836.843173356648,2.7e-06,,
POST_PWR_0,HARNESS_RESTRAINT_HARDWARE,PHYSICAL_GEOMETRY,EXISTING_EXPLICIT_MATERIAL_ALLOCATION,0.013059476568062953,,,4836.8431733566495,2.7e-06,,
POST_PWR_1,HARNESS_RESTRAINT_HARDWARE,PHYSICAL_GEOMETRY,EXISTING_EXPLICIT_MATERIAL_ALLOCATION,0.013059476568062951,,,4836.843173356649,2.7e-06,,
PROP_DATA_ROUTE,INTERNAL_AND_ARM_EXTERNAL_HARNESS,FUNCTIONAL_ENVELOPE,NO_DENSITY_FOR_ENVELOPE_REPRESENTED_HARDWARE_UNRESOLVED,,,,,,,
PROP_PWR_ROUTE,INTERNAL_AND_ARM_EXTERNAL_HARNESS,FUNCTIONAL_ENVELOPE,NO_DENSITY_FOR_ENVELOPE_REPRESENTED_HARDWARE_UNRESOLVED,,,,,,,
PV0_S1_C01_BOND,SOLAR_PANEL_BONDLINE,BONDLINE_DESIGN_SOLID,POSITIVE_MASS_UNKNOWN_SELECTED_MATERIAL_MISSING,,,,321.8022500000001,,,"External panel mounting adhesive, distinct from factory CIC internal bond. Finite positive volume; no density selected, mass remains null."
PV0_S1_C01_CIC,SOLAR_CIC_WHOLE_VENDOR_REFERENCE,GLASS_FOOTPRINT_CIC_LAYER_PROXY,WHOLE_CIC_VENDOR_AVERAGE_WEIGHT_REFERENCE_NOT_GLASS_MASS,,0.0036,,933.226525,,,"One whole factory CIC reference assigned to this glass-footprint proxy. Covers original cell, coverglass, factory adhesive, bypass diode and factory interconnects; no second coverglass/internal-tab mass. Formed tabs geometry unknown. 3.6g is a datasheet average-weight reference, not measured unit mass or guaranteed as-built bound."
PV0_S1_C02_BOND,SOLAR_PANEL_BONDLINE,BONDLINE_DESIGN_SOLID,POSITIVE_MASS_UNKNOWN_SELECTED_MATERIAL_MISSING,,,,321.8022500000001,,,"External panel mounting adhesive, distinct from factory CIC internal bond. Finite positive volume; no density selected, mass remains null."
PV0_S1_C02_CIC,SOLAR_CIC_WHOLE_VENDOR_REFERENCE,GLASS_FOOTPRINT_CIC_LAYER_PROXY,WHOLE_CIC_VENDOR_AVERAGE_WEIGHT_REFERENCE_NOT_GLASS_MASS,,0.0036,,933.226525,,,"One whole factory CIC reference assigned to this glass-footprint proxy. Covers original cell, coverglass, factory adhesive, bypass diode and factory interconnects; no second coverglass/internal-tab mass. Formed tabs geometry unknown. 3.6g is a datasheet average-weight reference, not measured unit mass or guaranteed as-built bound."
PV0_S1_C03_BOND,SOLAR_PANEL_BONDLINE,BONDLINE_DESIGN_SOLID,POSITIVE_MASS_UNKNOWN_SELECTED_MATERIAL_MISSING,,,,321.8022500000001,,,"External panel mounting adhesive, distinct from factory CIC internal bond. Finite positive volume; no density selected, mass remains null."
PV0_S1_C03_CIC,SOLAR_CIC_WHOLE_VENDOR_REFERENCE,GLASS_FOOTPRINT_CIC_LAYER_PROXY,WHOLE_CIC_VENDOR_AVERAGE_WEIGHT_REFERENCE_NOT_GLASS_MASS,,0.0036,,933.226525,,,"One whole factory CIC reference assigned to this glass-footprint proxy. Covers original cell, coverglass, factory adhesive, bypass diode and factory interconnects; no second coverglass/internal-tab mass. Formed tabs geometry unknown. 3.6g is a datasheet average-weight reference, not measured unit mass or guaranteed as-built bound."
PV0_S1_C04_BOND,SOLAR_PANEL_BONDLINE,BONDLINE_DESIGN_SOLID,POSITIVE_MASS_UNKNOWN_SELECTED_MATERIAL_MISSING,,,,321.8022500000001,,,"External panel mounting adhesive, distinct from factory CIC internal bond. Finite positive volume; no density selected, mass remains null."
PV0_S1_C04_CIC,SOLAR_CIC_WHOLE_VENDOR_REFERENCE,GLASS_FOOTPRINT_CIC_LAYER_PROXY,WHOLE_CIC_VENDOR_AVERAGE_WEIGHT_REFERENCE_NOT_GLASS_MASS,,0.0036,,933.226525,,,"One whole factory CIC reference assigned to this glass-footprint proxy. Covers original cell, coverglass, factory adhesive, bypass diode and factory interconnects; no second coverglass/internal-tab mass. Formed tabs geometry unknown. 3.6g is a datasheet average-weight reference, not measured unit mass or guaranteed as-built bound."
PV0_S1_C05_BOND,SOLAR_PANEL_BONDLINE,BONDLINE_DESIGN_SOLID,POSITIVE_MASS_UNKNOWN_SELECTED_MATERIAL_MISSING,,,,321.8022500000001,,,"External panel mounting adhesive, distinct from factory CIC internal bond. Finite positive volume; no density selected, mass remains null."
PV0_S1_C05_CIC,SOLAR_CIC_WHOLE_VENDOR_REFERENCE,GLASS_FOOTPRINT_CIC_LAYER_PROXY,WHOLE_CIC_VENDOR_AVERAGE_WEIGHT_REFERENCE_NOT_GLASS_MASS,,0.0036,,933.226525,,,"One whole factory CIC reference assigned to this glass-footprint proxy. Covers original cell, coverglass, factory adhesive, bypass diode and factory interconnects; no second coverglass/internal-tab mass. Formed tabs geometry unknown. 3.6g is a datasheet average-weight reference, not measured unit mass or guaranteed as-built bound."
PV0_S1_C06_BOND,SOLAR_PANEL_BONDLINE,BONDLINE_DESIGN_SOLID,POSITIVE_MASS_UNKNOWN_SELECTED_MATERIAL_MISSING,,,,321.8022500000001,,,"External panel mounting adhesive, distinct from factory CIC internal bond. Finite positive volume; no density selected, mass remains null."
PV0_S1_C06_CIC,SOLAR_CIC_WHOLE_VENDOR_REFERENCE,GLASS_FOOTPRINT_CIC_LAYER_PROXY,WHOLE_CIC_VENDOR_AVERAGE_WEIGHT_REFERENCE_NOT_GLASS_MASS,,0.0036,,933.226525,,,"One whole factory CIC reference assigned to this glass-footprint proxy. Covers original cell, coverglass, factory adhesive, bypass diode and factory interconnects; no second coverglass/internal-tab mass. Formed tabs geometry unknown. 3.6g is a datasheet average-weight reference, not measured unit mass or guaranteed as-built bound."
PV0_S1_C07_BOND,SOLAR_PANEL_BONDLINE,BONDLINE_DESIGN_SOLID,POSITIVE_MASS_UNKNOWN_SELECTED_MATERIAL_MISSING,,,,321.8022500000001,,,"External panel mounting adhesive, distinct from factory CIC internal bond. Finite positive volume; no density selected, mass remains null."
PV0_S1_C07_CIC,SOLAR_CIC_WHOLE_VENDOR_REFERENCE,GLASS_FOOTPRINT_CIC_LAYER_PROXY,WHOLE_CIC_VENDOR_AVERAGE_WEIGHT_REFERENCE_NOT_GLASS_MASS,,0.0036,,933.226525,,,"One whole factory CIC reference assigned to this glass-footprint proxy. Covers original cell, coverglass, factory adhesive, bypass diode and factory interconnects; no second coverglass/internal-tab mass. Formed tabs geometry unknown. 3.6g is a datasheet average-weight reference, not measured unit mass or guaranteed as-built bound."
PV0_S2_C01_BOND,SOLAR_PANEL_BONDLINE,BONDLINE_DESIGN_SOLID,POSITIVE_MASS_UNKNOWN_SELECTED_MATERIAL_MISSING,,,,321.8022500000001,,,"External panel mounting adhesive, distinct from factory CIC internal bond. Finite positive volume; no density selected, mass remains null."
PV0_S2_C01_CIC,SOLAR_CIC_WHOLE_VENDOR_REFERENCE,GLASS_FOOTPRINT_CIC_LAYER_PROXY,WHOLE_CIC_VENDOR_AVERAGE_WEIGHT_REFERENCE_NOT_GLASS_MASS,,0.0036,,933.226525,,,"One whole factory CIC reference assigned to this glass-footprint proxy. Covers original cell, coverglass, factory adhesive, bypass diode and factory interconnects; no second coverglass/internal-tab mass. Formed tabs geometry unknown. 3.6g is a datasheet average-weight reference, not measured unit mass or guaranteed as-built bound."
PV0_S2_C02_BOND,SOLAR_PANEL_BONDLINE,BONDLINE_DESIGN_SOLID,POSITIVE_MASS_UNKNOWN_SELECTED_MATERIAL_MISSING,,,,321.8022500000001,,,"External panel mounting adhesive, distinct from factory CIC internal bond. Finite positive volume; no density selected, mass remains null."
PV0_S2_C02_CIC,SOLAR_CIC_WHOLE_VENDOR_REFERENCE,GLASS_FOOTPRINT_CIC_LAYER_PROXY,WHOLE_CIC_VENDOR_AVERAGE_WEIGHT_REFERENCE_NOT_GLASS_MASS,,0.0036,,933.226525,,,"One whole factory CIC reference assigned to this glass-footprint proxy. Covers original cell, coverglass, factory adhesive, bypass diode and factory interconnects; no second coverglass/internal-tab mass. Formed tabs geometry unknown. 3.6g is a datasheet average-weight reference, not measured unit mass or guaranteed as-built bound."
PV0_S2_C03_BOND,SOLAR_PANEL_BONDLINE,BONDLINE_DESIGN_SOLID,POSITIVE_MASS_UNKNOWN_SELECTED_MATERIAL_MISSING,,,,321.8022500000001,,,"External panel mounting adhesive, distinct from factory CIC internal bond. Finite positive volume; no density selected, mass remains null."
PV0_S2_C03_CIC,SOLAR_CIC_WHOLE_VENDOR_REFERENCE,GLASS_FOOTPRINT_CIC_LAYER_PROXY,WHOLE_CIC_VENDOR_AVERAGE_WEIGHT_REFERENCE_NOT_GLASS_MASS,,0.0036,,933.226525,,,"One whole factory CIC reference assigned to this glass-footprint proxy. Covers original cell, coverglass, factory adhesive, bypass diode and factory interconnects; no second coverglass/internal-tab mass. Formed tabs geometry unknown. 3.6g is a datasheet average-weight reference, not measured unit mass or guaranteed as-built bound."
PV0_S2_C04_BOND,SOLAR_PANEL_BONDLINE,BONDLINE_DESIGN_SOLID,POSITIVE_MASS_UNKNOWN_SELECTED_MATERIAL_MISSING,,,,321.8022500000001,,,"External panel mounting adhesive, distinct from factory CIC internal bond. Finite positive volume; no density selected, mass remains null."
PV0_S2_C04_CIC,SOLAR_CIC_WHOLE_VENDOR_REFERENCE,GLASS_FOOTPRINT_CIC_LAYER_PROXY,WHOLE_CIC_VENDOR_AVERAGE_WEIGHT_REFERENCE_NOT_GLASS_MASS,,0.0036,,933.226525,,,"One whole factory CIC reference assigned to this glass-footprint proxy. Covers original cell, coverglass, factory adhesive, bypass diode and factory interconnects; no second coverglass/internal-tab mass. Formed tabs geometry unknown. 3.6g is a datasheet average-weight reference, not measured unit mass or guaranteed as-built bound."
PV0_S2_C05_BOND,SOLAR_PANEL_BONDLINE,BONDLINE_DESIGN_SOLID,POSITIVE_MASS_UNKNOWN_SELECTED_MATERIAL_MISSING,,,,321.8022500000001,,,"External panel mounting adhesive, distinct from factory CIC internal bond. Finite positive volume; no density selected, mass remains null."
PV0_S2_C05_CIC,SOLAR_CIC_WHOLE_VENDOR_REFERENCE,GLASS_FOOTPRINT_CIC_LAYER_PROXY,WHOLE_CIC_VENDOR_AVERAGE_WEIGHT_REFERENCE_NOT_GLASS_MASS,,0.0036,,933.226525,,,"One whole factory CIC reference assigned to this glass-footprint proxy. Covers original cell, coverglass, factory adhesive, bypass diode and factory interconnects; no second coverglass/internal-tab mass. Formed tabs geometry unknown. 3.6g is a datasheet average-weight reference, not measured unit mass or guaranteed as-built bound."
PV0_S2_C06_BOND,SOLAR_PANEL_BONDLINE,BONDLINE_DESIGN_SOLID,POSITIVE_MASS_UNKNOWN_SELECTED_MATERIAL_MISSING,,,,321.8022500000001,,,"External panel mounting adhesive, distinct from factory CIC internal bond. Finite positive volume; no density selected, mass remains null."
PV0_S2_C06_CIC,SOLAR_CIC_WHOLE_VENDOR_REFERENCE,GLASS_FOOTPRINT_CIC_LAYER_PROXY,WHOLE_CIC_VENDOR_AVERAGE_WEIGHT_REFERENCE_NOT_GLASS_MASS,,0.0036,,933.226525,,,"One whole factory CIC reference assigned to this glass-footprint proxy. Covers original cell, coverglass, factory adhesive, bypass diode and factory interconnects; no second coverglass/internal-tab mass. Formed tabs geometry unknown. 3.6g is a datasheet average-weight reference, not measured unit mass or guaranteed as-built bound."
PV0_S2_C07_BOND,SOLAR_PANEL_BONDLINE,BONDLINE_DESIGN_SOLID,POSITIVE_MASS_UNKNOWN_SELECTED_MATERIAL_MISSING,,,,321.8022500000001,,,"External panel mounting adhesive, distinct from factory CIC internal bond. Finite positive volume; no density selected, mass remains null."
PV0_S2_C07_CIC,SOLAR_CIC_WHOLE_VENDOR_REFERENCE,GLASS_FOOTPRINT_CIC_LAYER_PROXY,WHOLE_CIC_VENDOR_AVERAGE_WEIGHT_REFERENCE_NOT_GLASS_MASS,,0.0036,,933.226525,,,"One whole factory CIC reference assigned to this glass-footprint proxy. Covers original cell, coverglass, factory adhesive, bypass diode and factory interconnects; no second coverglass/internal-tab mass. Formed tabs geometry unknown. 3.6g is a datasheet average-weight reference, not measured unit mass or guaranteed as-built bound."
PV1_S1_C01_BOND,SOLAR_PANEL_BONDLINE,BONDLINE_DESIGN_SOLID,POSITIVE_MASS_UNKNOWN_SELECTED_MATERIAL_MISSING,,,,321.8022500000001,,,"External panel mounting adhesive, distinct from factory CIC internal bond. Finite positive volume; no density selected, mass remains null."
PV1_S1_C01_CIC,SOLAR_CIC_WHOLE_VENDOR_REFERENCE,GLASS_FOOTPRINT_CIC_LAYER_PROXY,WHOLE_CIC_VENDOR_AVERAGE_WEIGHT_REFERENCE_NOT_GLASS_MASS,,0.0036,,933.226525,,,"One whole factory CIC reference assigned to this glass-footprint proxy. Covers original cell, coverglass, factory adhesive, bypass diode and factory interconnects; no second coverglass/internal-tab mass. Formed tabs geometry unknown. 3.6g is a datasheet average-weight reference, not measured unit mass or guaranteed as-built bound."
PV1_S1_C02_BOND,SOLAR_PANEL_BONDLINE,BONDLINE_DESIGN_SOLID,POSITIVE_MASS_UNKNOWN_SELECTED_MATERIAL_MISSING,,,,321.8022500000001,,,"External panel mounting adhesive, distinct from factory CIC internal bond. Finite positive volume; no density selected, mass remains null."
PV1_S1_C02_CIC,SOLAR_CIC_WHOLE_VENDOR_REFERENCE,GLASS_FOOTPRINT_CIC_LAYER_PROXY,WHOLE_CIC_VENDOR_AVERAGE_WEIGHT_REFERENCE_NOT_GLASS_MASS,,0.0036,,933.226525,,,"One whole factory CIC reference assigned to this glass-footprint proxy. Covers original cell, coverglass, factory adhesive, bypass diode and factory interconnects; no second coverglass/internal-tab mass. Formed tabs geometry unknown. 3.6g is a datasheet average-weight reference, not measured unit mass or guaranteed as-built bound."
PV1_S1_C03_BOND,SOLAR_PANEL_BONDLINE,BONDLINE_DESIGN_SOLID,POSITIVE_MASS_UNKNOWN_SELECTED_MATERIAL_MISSING,,,,321.8022500000001,,,"External panel mounting adhesive, distinct from factory CIC internal bond. Finite positive volume; no density selected, mass remains null."
PV1_S1_C03_CIC,SOLAR_CIC_WHOLE_VENDOR_REFERENCE,GLASS_FOOTPRINT_CIC_LAYER_PROXY,WHOLE_CIC_VENDOR_AVERAGE_WEIGHT_REFERENCE_NOT_GLASS_MASS,,0.0036,,933.226525,,,"One whole factory CIC reference assigned to this glass-footprint proxy. Covers original cell, coverglass, factory adhesive, bypass diode and factory interconnects; no second coverglass/internal-tab mass. Formed tabs geometry unknown. 3.6g is a datasheet average-weight reference, not measured unit mass or guaranteed as-built bound."
PV1_S1_C04_BOND,SOLAR_PANEL_BONDLINE,BONDLINE_DESIGN_SOLID,POSITIVE_MASS_UNKNOWN_SELECTED_MATERIAL_MISSING,,,,321.8022500000001,,,"External panel mounting adhesive, distinct from factory CIC internal bond. Finite positive volume; no density selected, mass remains null."
PV1_S1_C04_CIC,SOLAR_CIC_WHOLE_VENDOR_REFERENCE,GLASS_FOOTPRINT_CIC_LAYER_PROXY,WHOLE_CIC_VENDOR_AVERAGE_WEIGHT_REFERENCE_NOT_GLASS_MASS,,0.0036,,933.226525,,,"One whole factory CIC reference assigned to this glass-footprint proxy. Covers original cell, coverglass, factory adhesive, bypass diode and factory interconnects; no second coverglass/internal-tab mass. Formed tabs geometry unknown. 3.6g is a datasheet average-weight reference, not measured unit mass or guaranteed as-built bound."
PV1_S1_C05_BOND,SOLAR_PANEL_BONDLINE,BONDLINE_DESIGN_SOLID,POSITIVE_MASS_UNKNOWN_SELECTED_MATERIAL_MISSING,,,,321.8022500000001,,,"External panel mounting adhesive, distinct from factory CIC internal bond. Finite positive volume; no density selected, mass remains null."
PV1_S1_C05_CIC,SOLAR_CIC_WHOLE_VENDOR_REFERENCE,GLASS_FOOTPRINT_CIC_LAYER_PROXY,WHOLE_CIC_VENDOR_AVERAGE_WEIGHT_REFERENCE_NOT_GLASS_MASS,,0.0036,,933.226525,,,"One whole factory CIC reference assigned to this glass-footprint proxy. Covers original cell, coverglass, factory adhesive, bypass diode and factory interconnects; no second coverglass/internal-tab mass. Formed tabs geometry unknown. 3.6g is a datasheet average-weight reference, not measured unit mass or guaranteed as-built bound."
PV1_S1_C06_BOND,SOLAR_PANEL_BONDLINE,BONDLINE_DESIGN_SOLID,POSITIVE_MASS_UNKNOWN_SELECTED_MATERIAL_MISSING,,,,321.8022500000001,,,"External panel mounting adhesive, distinct from factory CIC internal bond. Finite positive volume; no density selected, mass remains null."
PV1_S1_C06_CIC,SOLAR_CIC_WHOLE_VENDOR_REFERENCE,GLASS_FOOTPRINT_CIC_LAYER_PROXY,WHOLE_CIC_VENDOR_AVERAGE_WEIGHT_REFERENCE_NOT_GLASS_MASS,,0.0036,,933.226525,,,"One whole factory CIC reference assigned to this glass-footprint proxy. Covers original cell, coverglass, factory adhesive, bypass diode and factory interconnects; no second coverglass/internal-tab mass. Formed tabs geometry unknown. 3.6g is a datasheet average-weight reference, not measured unit mass or guaranteed as-built bound."
PV1_S1_C07_BOND,SOLAR_PANEL_BONDLINE,BONDLINE_DESIGN_SOLID,POSITIVE_MASS_UNKNOWN_SELECTED_MATERIAL_MISSING,,,,321.8022500000001,,,"External panel mounting adhesive, distinct from factory CIC internal bond. Finite positive volume; no density selected, mass remains null."
PV1_S1_C07_CIC,SOLAR_CIC_WHOLE_VENDOR_REFERENCE,GLASS_FOOTPRINT_CIC_LAYER_PROXY,WHOLE_CIC_VENDOR_AVERAGE_WEIGHT_REFERENCE_NOT_GLASS_MASS,,0.0036,,933.226525,,,"One whole factory CIC reference assigned to this glass-footprint proxy. Covers original cell, coverglass, factory adhesive, bypass diode and factory interconnects; no second coverglass/internal-tab mass. Formed tabs geometry unknown. 3.6g is a datasheet average-weight reference, not measured unit mass or guaranteed as-built bound."
PV1_S2_C01_BOND,SOLAR_PANEL_BONDLINE,BONDLINE_DESIGN_SOLID,POSITIVE_MASS_UNKNOWN_SELECTED_MATERIAL_MISSING,,,,321.8022500000001,,,"External panel mounting adhesive, distinct from factory CIC internal bond. Finite positive volume; no density selected, mass remains null."
PV1_S2_C01_CIC,SOLAR_CIC_WHOLE_VENDOR_REFERENCE,GLASS_FOOTPRINT_CIC_LAYER_PROXY,WHOLE_CIC_VENDOR_AVERAGE_WEIGHT_REFERENCE_NOT_GLASS_MASS,,0.0036,,933.226525,,,"One whole factory CIC reference assigned to this glass-footprint proxy. Covers original cell, coverglass, factory adhesive, bypass diode and factory interconnects; no second coverglass/internal-tab mass. Formed tabs geometry unknown. 3.6g is a datasheet average-weight reference, not measured unit mass or guaranteed as-built bound."
PV1_S2_C02_BOND,SOLAR_PANEL_BONDLINE,BONDLINE_DESIGN_SOLID,POSITIVE_MASS_UNKNOWN_SELECTED_MATERIAL_MISSING,,,,321.8022500000001,,,"External panel mounting adhesive, distinct from factory CIC internal bond. Finite positive volume; no density selected, mass remains null."
PV1_S2_C02_CIC,SOLAR_CIC_WHOLE_VENDOR_REFERENCE,GLASS_FOOTPRINT_CIC_LAYER_PROXY,WHOLE_CIC_VENDOR_AVERAGE_WEIGHT_REFERENCE_NOT_GLASS_MASS,,0.0036,,933.226525,,,"One whole factory CIC reference assigned to this glass-footprint proxy. Covers original cell, coverglass, factory adhesive, bypass diode and factory interconnects; no second coverglass/internal-tab mass. Formed tabs geometry unknown. 3.6g is a datasheet average-weight reference, not measured unit mass or guaranteed as-built bound."
PV1_S2_C03_BOND,SOLAR_PANEL_BONDLINE,BONDLINE_DESIGN_SOLID,POSITIVE_MASS_UNKNOWN_SELECTED_MATERIAL_MISSING,,,,321.8022500000001,,,"External panel mounting adhesive, distinct from factory CIC internal bond. Finite positive volume; no density selected, mass remains null."
PV1_S2_C03_CIC,SOLAR_CIC_WHOLE_VENDOR_REFERENCE,GLASS_FOOTPRINT_CIC_LAYER_PROXY,WHOLE_CIC_VENDOR_AVERAGE_WEIGHT_REFERENCE_NOT_GLASS_MASS,,0.0036,,933.226525,,,"One whole factory CIC reference assigned to this glass-footprint proxy. Covers original cell, coverglass, factory adhesive, bypass diode and factory interconnects; no second coverglass/internal-tab mass. Formed tabs geometry unknown. 3.6g is a datasheet average-weight reference, not measured unit mass or guaranteed as-built bound."
PV1_S2_C04_BOND,SOLAR_PANEL_BONDLINE,BONDLINE_DESIGN_SOLID,POSITIVE_MASS_UNKNOWN_SELECTED_MATERIAL_MISSING,,,,321.8022500000001,,,"External panel mounting adhesive, distinct from factory CIC internal bond. Finite positive volume; no density selected, mass remains null."
PV1_S2_C04_CIC,SOLAR_CIC_WHOLE_VENDOR_REFERENCE,GLASS_FOOTPRINT_CIC_LAYER_PROXY,WHOLE_CIC_VENDOR_AVERAGE_WEIGHT_REFERENCE_NOT_GLASS_MASS,,0.0036,,933.226525,,,"One whole factory CIC reference assigned to this glass-footprint proxy. Covers original cell, coverglass, factory adhesive, bypass diode and factory interconnects; no second coverglass/internal-tab mass. Formed tabs geometry unknown. 3.6g is a datasheet average-weight reference, not measured unit mass or guaranteed as-built bound."
PV1_S2_C05_BOND,SOLAR_PANEL_BONDLINE,BONDLINE_DESIGN_SOLID,POSITIVE_MASS_UNKNOWN_SELECTED_MATERIAL_MISSING,,,,321.8022500000001,,,"External panel mounting adhesive, distinct from factory CIC internal bond. Finite positive volume; no density selected, mass remains null."
PV1_S2_C05_CIC,SOLAR_CIC_WHOLE_VENDOR_REFERENCE,GLASS_FOOTPRINT_CIC_LAYER_PROXY,WHOLE_CIC_VENDOR_AVERAGE_WEIGHT_REFERENCE_NOT_GLASS_MASS,,0.0036,,933.226525,,,"One whole factory CIC reference assigned to this glass-footprint proxy. Covers original cell, coverglass, factory adhesive, bypass diode and factory interconnects; no second coverglass/internal-tab mass. Formed tabs geometry unknown. 3.6g is a datasheet average-weight reference, not measured unit mass or guaranteed as-built bound."
PV1_S2_C06_BOND,SOLAR_PANEL_BONDLINE,BONDLINE_DESIGN_SOLID,POSITIVE_MASS_UNKNOWN_SELECTED_MATERIAL_MISSING,,,,321.8022500000001,,,"External panel mounting adhesive, distinct from factory CIC internal bond. Finite positive volume; no density selected, mass remains null."
PV1_S2_C06_CIC,SOLAR_CIC_WHOLE_VENDOR_REFERENCE,GLASS_FOOTPRINT_CIC_LAYER_PROXY,WHOLE_CIC_VENDOR_AVERAGE_WEIGHT_REFERENCE_NOT_GLASS_MASS,,0.0036,,933.226525,,,"One whole factory CIC reference assigned to this glass-footprint proxy. Covers original cell, coverglass, factory adhesive, bypass diode and factory interconnects; no second coverglass/internal-tab mass. Formed tabs geometry unknown. 3.6g is a datasheet average-weight reference, not measured unit mass or guaranteed as-built bound."
PV1_S2_C07_BOND,SOLAR_PANEL_BONDLINE,BONDLINE_DESIGN_SOLID,POSITIVE_MASS_UNKNOWN_SELECTED_MATERIAL_MISSING,,,,321.8022500000001,,,"External panel mounting adhesive, distinct from factory CIC internal bond. Finite positive volume; no density selected, mass remains null."
PV1_S2_C07_CIC,SOLAR_CIC_WHOLE_VENDOR_REFERENCE,GLASS_FOOTPRINT_CIC_LAYER_PROXY,WHOLE_CIC_VENDOR_AVERAGE_WEIGHT_REFERENCE_NOT_GLASS_MASS,,0.0036,,933.226525,,,"One whole factory CIC reference assigned to this glass-footprint proxy. Covers original cell, coverglass, factory adhesive, bypass diode and factory interconnects; no second coverglass/internal-tab mass. Formed tabs geometry unknown. 3.6g is a datasheet average-weight reference, not measured unit mass or guaranteed as-built bound."
PV2_S1_C01_BOND,SOLAR_PANEL_BONDLINE,BONDLINE_DESIGN_SOLID,POSITIVE_MASS_UNKNOWN_SELECTED_MATERIAL_MISSING,,,,321.8022500000001,,,"External panel mounting adhesive, distinct from factory CIC internal bond. Finite positive volume; no density selected, mass remains null."
PV2_S1_C01_CIC,SOLAR_CIC_WHOLE_VENDOR_REFERENCE,GLASS_FOOTPRINT_CIC_LAYER_PROXY,WHOLE_CIC_VENDOR_AVERAGE_WEIGHT_REFERENCE_NOT_GLASS_MASS,,0.0036,,933.226525,,,"One whole factory CIC reference assigned to this glass-footprint proxy. Covers original cell, coverglass, factory adhesive, bypass diode and factory interconnects; no second coverglass/internal-tab mass. Formed tabs geometry unknown. 3.6g is a datasheet average-weight reference, not measured unit mass or guaranteed as-built bound."
PV2_S1_C02_BOND,SOLAR_PANEL_BONDLINE,BONDLINE_DESIGN_SOLID,POSITIVE_MASS_UNKNOWN_SELECTED_MATERIAL_MISSING,,,,321.8022500000001,,,"External panel mounting adhesive, distinct from factory CIC internal bond. Finite positive volume; no density selected, mass remains null."
PV2_S1_C02_CIC,SOLAR_CIC_WHOLE_VENDOR_REFERENCE,GLASS_FOOTPRINT_CIC_LAYER_PROXY,WHOLE_CIC_VENDOR_AVERAGE_WEIGHT_REFERENCE_NOT_GLASS_MASS,,0.0036,,933.226525,,,"One whole factory CIC reference assigned to this glass-footprint proxy. Covers original cell, coverglass, factory adhesive, bypass diode and factory interconnects; no second coverglass/internal-tab mass. Formed tabs geometry unknown. 3.6g is a datasheet average-weight reference, not measured unit mass or guaranteed as-built bound."
PV2_S1_C03_BOND,SOLAR_PANEL_BONDLINE,BONDLINE_DESIGN_SOLID,POSITIVE_MASS_UNKNOWN_SELECTED_MATERIAL_MISSING,,,,321.8022500000001,,,"External panel mounting adhesive, distinct from factory CIC internal bond. Finite positive volume; no density selected, mass remains null."
PV2_S1_C03_CIC,SOLAR_CIC_WHOLE_VENDOR_REFERENCE,GLASS_FOOTPRINT_CIC_LAYER_PROXY,WHOLE_CIC_VENDOR_AVERAGE_WEIGHT_REFERENCE_NOT_GLASS_MASS,,0.0036,,933.226525,,,"One whole factory CIC reference assigned to this glass-footprint proxy. Covers original cell, coverglass, factory adhesive, bypass diode and factory interconnects; no second coverglass/internal-tab mass. Formed tabs geometry unknown. 3.6g is a datasheet average-weight reference, not measured unit mass or guaranteed as-built bound."
PV2_S1_C04_BOND,SOLAR_PANEL_BONDLINE,BONDLINE_DESIGN_SOLID,POSITIVE_MASS_UNKNOWN_SELECTED_MATERIAL_MISSING,,,,321.8022500000001,,,"External panel mounting adhesive, distinct from factory CIC internal bond. Finite positive volume; no density selected, mass remains null."
PV2_S1_C04_CIC,SOLAR_CIC_WHOLE_VENDOR_REFERENCE,GLASS_FOOTPRINT_CIC_LAYER_PROXY,WHOLE_CIC_VENDOR_AVERAGE_WEIGHT_REFERENCE_NOT_GLASS_MASS,,0.0036,,933.226525,,,"One whole factory CIC reference assigned to this glass-footprint proxy. Covers original cell, coverglass, factory adhesive, bypass diode and factory interconnects; no second coverglass/internal-tab mass. Formed tabs geometry unknown. 3.6g is a datasheet average-weight reference, not measured unit mass or guaranteed as-built bound."
PV2_S1_C05_BOND,SOLAR_PANEL_BONDLINE,BONDLINE_DESIGN_SOLID,POSITIVE_MASS_UNKNOWN_SELECTED_MATERIAL_MISSING,,,,321.8022500000001,,,"External panel mounting adhesive, distinct from factory CIC internal bond. Finite positive volume; no density selected, mass remains null."
PV2_S1_C05_CIC,SOLAR_CIC_WHOLE_VENDOR_REFERENCE,GLASS_FOOTPRINT_CIC_LAYER_PROXY,WHOLE_CIC_VENDOR_AVERAGE_WEIGHT_REFERENCE_NOT_GLASS_MASS,,0.0036,,933.226525,,,"One whole factory CIC reference assigned to this glass-footprint proxy. Covers original cell, coverglass, factory adhesive, bypass diode and factory interconnects; no second coverglass/internal-tab mass. Formed tabs geometry unknown. 3.6g is a datasheet average-weight reference, not measured unit mass or guaranteed as-built bound."
PV2_S1_C06_BOND,SOLAR_PANEL_BONDLINE,BONDLINE_DESIGN_SOLID,POSITIVE_MASS_UNKNOWN_SELECTED_MATERIAL_MISSING,,,,321.8022500000001,,,"External panel mounting adhesive, distinct from factory CIC internal bond. Finite positive volume; no density selected, mass remains null."
PV2_S1_C06_CIC,SOLAR_CIC_WHOLE_VENDOR_REFERENCE,GLASS_FOOTPRINT_CIC_LAYER_PROXY,WHOLE_CIC_VENDOR_AVERAGE_WEIGHT_REFERENCE_NOT_GLASS_MASS,,0.0036,,933.226525,,,"One whole factory CIC reference assigned to this glass-footprint proxy. Covers original cell, coverglass, factory adhesive, bypass diode and factory interconnects; no second coverglass/internal-tab mass. Formed tabs geometry unknown. 3.6g is a datasheet average-weight reference, not measured unit mass or guaranteed as-built bound."
PV2_S1_C07_BOND,SOLAR_PANEL_BONDLINE,BONDLINE_DESIGN_SOLID,POSITIVE_MASS_UNKNOWN_SELECTED_MATERIAL_MISSING,,,,321.8022500000001,,,"External panel mounting adhesive, distinct from factory CIC internal bond. Finite positive volume; no density selected, mass remains null."
PV2_S1_C07_CIC,SOLAR_CIC_WHOLE_VENDOR_REFERENCE,GLASS_FOOTPRINT_CIC_LAYER_PROXY,WHOLE_CIC_VENDOR_AVERAGE_WEIGHT_REFERENCE_NOT_GLASS_MASS,,0.0036,,933.226525,,,"One whole factory CIC reference assigned to this glass-footprint proxy. Covers original cell, coverglass, factory adhesive, bypass diode and factory interconnects; no second coverglass/internal-tab mass. Formed tabs geometry unknown. 3.6g is a datasheet average-weight reference, not measured unit mass or guaranteed as-built bound."
PV2_S2_C01_BOND,SOLAR_PANEL_BONDLINE,BONDLINE_DESIGN_SOLID,POSITIVE_MASS_UNKNOWN_SELECTED_MATERIAL_MISSING,,,,321.8022500000001,,,"External panel mounting adhesive, distinct from factory CIC internal bond. Finite positive volume; no density selected, mass remains null."
PV2_S2_C01_CIC,SOLAR_CIC_WHOLE_VENDOR_REFERENCE,GLASS_FOOTPRINT_CIC_LAYER_PROXY,WHOLE_CIC_VENDOR_AVERAGE_WEIGHT_REFERENCE_NOT_GLASS_MASS,,0.0036,,933.226525,,,"One whole factory CIC reference assigned to this glass-footprint proxy. Covers original cell, coverglass, factory adhesive, bypass diode and factory interconnects; no second coverglass/internal-tab mass. Formed tabs geometry unknown. 3.6g is a datasheet average-weight reference, not measured unit mass or guaranteed as-built bound."
PV2_S2_C02_BOND,SOLAR_PANEL_BONDLINE,BONDLINE_DESIGN_SOLID,POSITIVE_MASS_UNKNOWN_SELECTED_MATERIAL_MISSING,,,,321.8022500000001,,,"External panel mounting adhesive, distinct from factory CIC internal bond. Finite positive volume; no density selected, mass remains null."
PV2_S2_C02_CIC,SOLAR_CIC_WHOLE_VENDOR_REFERENCE,GLASS_FOOTPRINT_CIC_LAYER_PROXY,WHOLE_CIC_VENDOR_AVERAGE_WEIGHT_REFERENCE_NOT_GLASS_MASS,,0.0036,,933.226525,,,"One whole factory CIC reference assigned to this glass-footprint proxy. Covers original cell, coverglass, factory adhesive, bypass diode and factory interconnects; no second coverglass/internal-tab mass. Formed tabs geometry unknown. 3.6g is a datasheet average-weight reference, not measured unit mass or guaranteed as-built bound."
PV2_S2_C03_BOND,SOLAR_PANEL_BONDLINE,BONDLINE_DESIGN_SOLID,POSITIVE_MASS_UNKNOWN_SELECTED_MATERIAL_MISSING,,,,321.8022500000001,,,"External panel mounting adhesive, distinct from factory CIC internal bond. Finite positive volume; no density selected, mass remains null."
PV2_S2_C03_CIC,SOLAR_CIC_WHOLE_VENDOR_REFERENCE,GLASS_FOOTPRINT_CIC_LAYER_PROXY,WHOLE_CIC_VENDOR_AVERAGE_WEIGHT_REFERENCE_NOT_GLASS_MASS,,0.0036,,933.226525,,,"One whole factory CIC reference assigned to this glass-footprint proxy. Covers original cell, coverglass, factory adhesive, bypass diode and factory interconnects; no second coverglass/internal-tab mass. Formed tabs geometry unknown. 3.6g is a datasheet average-weight reference, not measured unit mass or guaranteed as-built bound."
PV2_S2_C04_BOND,SOLAR_PANEL_BONDLINE,BONDLINE_DESIGN_SOLID,POSITIVE_MASS_UNKNOWN_SELECTED_MATERIAL_MISSING,,,,321.8022500000001,,,"External panel mounting adhesive, distinct from factory CIC internal bond. Finite positive volume; no density selected, mass remains null."
PV2_S2_C04_CIC,SOLAR_CIC_WHOLE_VENDOR_REFERENCE,GLASS_FOOTPRINT_CIC_LAYER_PROXY,WHOLE_CIC_VENDOR_AVERAGE_WEIGHT_REFERENCE_NOT_GLASS_MASS,,0.0036,,933.226525,,,"One whole factory CIC reference assigned to this glass-footprint proxy. Covers original cell, coverglass, factory adhesive, bypass diode and factory interconnects; no second coverglass/internal-tab mass. Formed tabs geometry unknown. 3.6g is a datasheet average-weight reference, not measured unit mass or guaranteed as-built bound."
PV2_S2_C05_BOND,SOLAR_PANEL_BONDLINE,BONDLINE_DESIGN_SOLID,POSITIVE_MASS_UNKNOWN_SELECTED_MATERIAL_MISSING,,,,321.8022500000001,,,"External panel mounting adhesive, distinct from factory CIC internal bond. Finite positive volume; no density selected, mass remains null."
PV2_S2_C05_CIC,SOLAR_CIC_WHOLE_VENDOR_REFERENCE,GLASS_FOOTPRINT_CIC_LAYER_PROXY,WHOLE_CIC_VENDOR_AVERAGE_WEIGHT_REFERENCE_NOT_GLASS_MASS,,0.0036,,933.226525,,,"One whole factory CIC reference assigned to this glass-footprint proxy. Covers original cell, coverglass, factory adhesive, bypass diode and factory interconnects; no second coverglass/internal-tab mass. Formed tabs geometry unknown. 3.6g is a datasheet average-weight reference, not measured unit mass or guaranteed as-built bound."
PV2_S2_C06_BOND,SOLAR_PANEL_BONDLINE,BONDLINE_DESIGN_SOLID,POSITIVE_MASS_UNKNOWN_SELECTED_MATERIAL_MISSING,,,,321.8022500000001,,,"External panel mounting adhesive, distinct from factory CIC internal bond. Finite positive volume; no density selected, mass remains null."
PV2_S2_C06_CIC,SOLAR_CIC_WHOLE_VENDOR_REFERENCE,GLASS_FOOTPRINT_CIC_LAYER_PROXY,WHOLE_CIC_VENDOR_AVERAGE_WEIGHT_REFERENCE_NOT_GLASS_MASS,,0.0036,,933.226525,,,"One whole factory CIC reference assigned to this glass-footprint proxy. Covers original cell, coverglass, factory adhesive, bypass diode and factory interconnects; no second coverglass/internal-tab mass. Formed tabs geometry unknown. 3.6g is a datasheet average-weight reference, not measured unit mass or guaranteed as-built bound."
PV2_S2_C07_BOND,SOLAR_PANEL_BONDLINE,BONDLINE_DESIGN_SOLID,POSITIVE_MASS_UNKNOWN_SELECTED_MATERIAL_MISSING,,,,321.8022500000001,,,"External panel mounting adhesive, distinct from factory CIC internal bond. Finite positive volume; no density selected, mass remains null."
PV2_S2_C07_CIC,SOLAR_CIC_WHOLE_VENDOR_REFERENCE,GLASS_FOOTPRINT_CIC_LAYER_PROXY,WHOLE_CIC_VENDOR_AVERAGE_WEIGHT_REFERENCE_NOT_GLASS_MASS,,0.0036,,933.226525,,,"One whole factory CIC reference assigned to this glass-footprint proxy. Covers original cell, coverglass, factory adhesive, bypass diode and factory interconnects; no second coverglass/internal-tab mass. Formed tabs geometry unknown. 3.6g is a datasheet average-weight reference, not measured unit mass or guaranteed as-built bound."
PV3_S1_C01_BOND,SOLAR_PANEL_BONDLINE,BONDLINE_DESIGN_SOLID,POSITIVE_MASS_UNKNOWN_SELECTED_MATERIAL_MISSING,,,,321.8022500000001,,,"External panel mounting adhesive, distinct from factory CIC internal bond. Finite positive volume; no density selected, mass remains null."
PV3_S1_C01_CIC,SOLAR_CIC_WHOLE_VENDOR_REFERENCE,GLASS_FOOTPRINT_CIC_LAYER_PROXY,WHOLE_CIC_VENDOR_AVERAGE_WEIGHT_REFERENCE_NOT_GLASS_MASS,,0.0036,,933.226525,,,"One whole factory CIC reference assigned to this glass-footprint proxy. Covers original cell, coverglass, factory adhesive, bypass diode and factory interconnects; no second coverglass/internal-tab mass. Formed tabs geometry unknown. 3.6g is a datasheet average-weight reference, not measured unit mass or guaranteed as-built bound."
PV3_S1_C02_BOND,SOLAR_PANEL_BONDLINE,BONDLINE_DESIGN_SOLID,POSITIVE_MASS_UNKNOWN_SELECTED_MATERIAL_MISSING,,,,321.8022500000001,,,"External panel mounting adhesive, distinct from factory CIC internal bond. Finite positive volume; no density selected, mass remains null."
PV3_S1_C02_CIC,SOLAR_CIC_WHOLE_VENDOR_REFERENCE,GLASS_FOOTPRINT_CIC_LAYER_PROXY,WHOLE_CIC_VENDOR_AVERAGE_WEIGHT_REFERENCE_NOT_GLASS_MASS,,0.0036,,933.226525,,,"One whole factory CIC reference assigned to this glass-footprint proxy. Covers original cell, coverglass, factory adhesive, bypass diode and factory interconnects; no second coverglass/internal-tab mass. Formed tabs geometry unknown. 3.6g is a datasheet average-weight reference, not measured unit mass or guaranteed as-built bound."
PV3_S1_C03_BOND,SOLAR_PANEL_BONDLINE,BONDLINE_DESIGN_SOLID,POSITIVE_MASS_UNKNOWN_SELECTED_MATERIAL_MISSING,,,,321.8022500000001,,,"External panel mounting adhesive, distinct from factory CIC internal bond. Finite positive volume; no density selected, mass remains null."
PV3_S1_C03_CIC,SOLAR_CIC_WHOLE_VENDOR_REFERENCE,GLASS_FOOTPRINT_CIC_LAYER_PROXY,WHOLE_CIC_VENDOR_AVERAGE_WEIGHT_REFERENCE_NOT_GLASS_MASS,,0.0036,,933.226525,,,"One whole factory CIC reference assigned to this glass-footprint proxy. Covers original cell, coverglass, factory adhesive, bypass diode and factory interconnects; no second coverglass/internal-tab mass. Formed tabs geometry unknown. 3.6g is a datasheet average-weight reference, not measured unit mass or guaranteed as-built bound."
PV3_S1_C04_BOND,SOLAR_PANEL_BONDLINE,BONDLINE_DESIGN_SOLID,POSITIVE_MASS_UNKNOWN_SELECTED_MATERIAL_MISSING,,,,321.8022500000001,,,"External panel mounting adhesive, distinct from factory CIC internal bond. Finite positive volume; no density selected, mass remains null."
PV3_S1_C04_CIC,SOLAR_CIC_WHOLE_VENDOR_REFERENCE,GLASS_FOOTPRINT_CIC_LAYER_PROXY,WHOLE_CIC_VENDOR_AVERAGE_WEIGHT_REFERENCE_NOT_GLASS_MASS,,0.0036,,933.226525,,,"One whole factory CIC reference assigned to this glass-footprint proxy. Covers original cell, coverglass, factory adhesive, bypass diode and factory interconnects; no second coverglass/internal-tab mass. Formed tabs geometry unknown. 3.6g is a datasheet average-weight reference, not measured unit mass or guaranteed as-built bound."
PV3_S1_C05_BOND,SOLAR_PANEL_BONDLINE,BONDLINE_DESIGN_SOLID,POSITIVE_MASS_UNKNOWN_SELECTED_MATERIAL_MISSING,,,,321.8022500000001,,,"External panel mounting adhesive, distinct from factory CIC internal bond. Finite positive volume; no density selected, mass remains null."
PV3_S1_C05_CIC,SOLAR_CIC_WHOLE_VENDOR_REFERENCE,GLASS_FOOTPRINT_CIC_LAYER_PROXY,WHOLE_CIC_VENDOR_AVERAGE_WEIGHT_REFERENCE_NOT_GLASS_MASS,,0.0036,,933.226525,,,"One whole factory CIC reference assigned to this glass-footprint proxy. Covers original cell, coverglass, factory adhesive, bypass diode and factory interconnects; no second coverglass/internal-tab mass. Formed tabs geometry unknown. 3.6g is a datasheet average-weight reference, not measured unit mass or guaranteed as-built bound."
PV3_S1_C06_BOND,SOLAR_PANEL_BONDLINE,BONDLINE_DESIGN_SOLID,POSITIVE_MASS_UNKNOWN_SELECTED_MATERIAL_MISSING,,,,321.8022500000001,,,"External panel mounting adhesive, distinct from factory CIC internal bond. Finite positive volume; no density selected, mass remains null."
PV3_S1_C06_CIC,SOLAR_CIC_WHOLE_VENDOR_REFERENCE,GLASS_FOOTPRINT_CIC_LAYER_PROXY,WHOLE_CIC_VENDOR_AVERAGE_WEIGHT_REFERENCE_NOT_GLASS_MASS,,0.0036,,933.226525,,,"One whole factory CIC reference assigned to this glass-footprint proxy. Covers original cell, coverglass, factory adhesive, bypass diode and factory interconnects; no second coverglass/internal-tab mass. Formed tabs geometry unknown. 3.6g is a datasheet average-weight reference, not measured unit mass or guaranteed as-built bound."
PV3_S1_C07_BOND,SOLAR_PANEL_BONDLINE,BONDLINE_DESIGN_SOLID,POSITIVE_MASS_UNKNOWN_SELECTED_MATERIAL_MISSING,,,,321.8022500000001,,,"External panel mounting adhesive, distinct from factory CIC internal bond. Finite positive volume; no density selected, mass remains null."
PV3_S1_C07_CIC,SOLAR_CIC_WHOLE_VENDOR_REFERENCE,GLASS_FOOTPRINT_CIC_LAYER_PROXY,WHOLE_CIC_VENDOR_AVERAGE_WEIGHT_REFERENCE_NOT_GLASS_MASS,,0.0036,,933.226525,,,"One whole factory CIC reference assigned to this glass-footprint proxy. Covers original cell, coverglass, factory adhesive, bypass diode and factory interconnects; no second coverglass/internal-tab mass. Formed tabs geometry unknown. 3.6g is a datasheet average-weight reference, not measured unit mass or guaranteed as-built bound."
PV3_S2_C01_BOND,SOLAR_PANEL_BONDLINE,BONDLINE_DESIGN_SOLID,POSITIVE_MASS_UNKNOWN_SELECTED_MATERIAL_MISSING,,,,321.8022500000001,,,"External panel mounting adhesive, distinct from factory CIC internal bond. Finite positive volume; no density selected, mass remains null."
PV3_S2_C01_CIC,SOLAR_CIC_WHOLE_VENDOR_REFERENCE,GLASS_FOOTPRINT_CIC_LAYER_PROXY,WHOLE_CIC_VENDOR_AVERAGE_WEIGHT_REFERENCE_NOT_GLASS_MASS,,0.0036,,933.226525,,,"One whole factory CIC reference assigned to this glass-footprint proxy. Covers original cell, coverglass, factory adhesive, bypass diode and factory interconnects; no second coverglass/internal-tab mass. Formed tabs geometry unknown. 3.6g is a datasheet average-weight reference, not measured unit mass or guaranteed as-built bound."
PV3_S2_C02_BOND,SOLAR_PANEL_BONDLINE,BONDLINE_DESIGN_SOLID,POSITIVE_MASS_UNKNOWN_SELECTED_MATERIAL_MISSING,,,,321.8022500000001,,,"External panel mounting adhesive, distinct from factory CIC internal bond. Finite positive volume; no density selected, mass remains null."
PV3_S2_C02_CIC,SOLAR_CIC_WHOLE_VENDOR_REFERENCE,GLASS_FOOTPRINT_CIC_LAYER_PROXY,WHOLE_CIC_VENDOR_AVERAGE_WEIGHT_REFERENCE_NOT_GLASS_MASS,,0.0036,,933.226525,,,"One whole factory CIC reference assigned to this glass-footprint proxy. Covers original cell, coverglass, factory adhesive, bypass diode and factory interconnects; no second coverglass/internal-tab mass. Formed tabs geometry unknown. 3.6g is a datasheet average-weight reference, not measured unit mass or guaranteed as-built bound."
PV3_S2_C03_BOND,SOLAR_PANEL_BONDLINE,BONDLINE_DESIGN_SOLID,POSITIVE_MASS_UNKNOWN_SELECTED_MATERIAL_MISSING,,,,321.8022500000001,,,"External panel mounting adhesive, distinct from factory CIC internal bond. Finite positive volume; no density selected, mass remains null."
PV3_S2_C03_CIC,SOLAR_CIC_WHOLE_VENDOR_REFERENCE,GLASS_FOOTPRINT_CIC_LAYER_PROXY,WHOLE_CIC_VENDOR_AVERAGE_WEIGHT_REFERENCE_NOT_GLASS_MASS,,0.0036,,933.226525,,,"One whole factory CIC reference assigned to this glass-footprint proxy. Covers original cell, coverglass, factory adhesive, bypass diode and factory interconnects; no second coverglass/internal-tab mass. Formed tabs geometry unknown. 3.6g is a datasheet average-weight reference, not measured unit mass or guaranteed as-built bound."
PV3_S2_C04_BOND,SOLAR_PANEL_BONDLINE,BONDLINE_DESIGN_SOLID,POSITIVE_MASS_UNKNOWN_SELECTED_MATERIAL_MISSING,,,,321.8022500000001,,,"External panel mounting adhesive, distinct from factory CIC internal bond. Finite positive volume; no density selected, mass remains null."
PV3_S2_C04_CIC,SOLAR_CIC_WHOLE_VENDOR_REFERENCE,GLASS_FOOTPRINT_CIC_LAYER_PROXY,WHOLE_CIC_VENDOR_AVERAGE_WEIGHT_REFERENCE_NOT_GLASS_MASS,,0.0036,,933.226525,,,"One whole factory CIC reference assigned to this glass-footprint proxy. Covers original cell, coverglass, factory adhesive, bypass diode and factory interconnects; no second coverglass/internal-tab mass. Formed tabs geometry unknown. 3.6g is a datasheet average-weight reference, not measured unit mass or guaranteed as-built bound."
PV3_S2_C05_BOND,SOLAR_PANEL_BONDLINE,BONDLINE_DESIGN_SOLID,POSITIVE_MASS_UNKNOWN_SELECTED_MATERIAL_MISSING,,,,321.8022500000001,,,"External panel mounting adhesive, distinct from factory CIC internal bond. Finite positive volume; no density selected, mass remains null."
PV3_S2_C05_CIC,SOLAR_CIC_WHOLE_VENDOR_REFERENCE,GLASS_FOOTPRINT_CIC_LAYER_PROXY,WHOLE_CIC_VENDOR_AVERAGE_WEIGHT_REFERENCE_NOT_GLASS_MASS,,0.0036,,933.226525,,,"One whole factory CIC reference assigned to this glass-footprint proxy. Covers original cell, coverglass, factory adhesive, bypass diode and factory interconnects; no second coverglass/internal-tab mass. Formed tabs geometry unknown. 3.6g is a datasheet average-weight reference, not measured unit mass or guaranteed as-built bound."
PV3_S2_C06_BOND,SOLAR_PANEL_BONDLINE,BONDLINE_DESIGN_SOLID,POSITIVE_MASS_UNKNOWN_SELECTED_MATERIAL_MISSING,,,,321.8022500000001,,,"External panel mounting adhesive, distinct from factory CIC internal bond. Finite positive volume; no density selected, mass remains null."
PV3_S2_C06_CIC,SOLAR_CIC_WHOLE_VENDOR_REFERENCE,GLASS_FOOTPRINT_CIC_LAYER_PROXY,WHOLE_CIC_VENDOR_AVERAGE_WEIGHT_REFERENCE_NOT_GLASS_MASS,,0.0036,,933.226525,,,"One whole factory CIC reference assigned to this glass-footprint proxy. Covers original cell, coverglass, factory adhesive, bypass diode and factory interconnects; no second coverglass/internal-tab mass. Formed tabs geometry unknown. 3.6g is a datasheet average-weight reference, not measured unit mass or guaranteed as-built bound."
PV3_S2_C07_BOND,SOLAR_PANEL_BONDLINE,BONDLINE_DESIGN_SOLID,POSITIVE_MASS_UNKNOWN_SELECTED_MATERIAL_MISSING,,,,321.8022500000001,,,"External panel mounting adhesive, distinct from factory CIC internal bond. Finite positive volume; no density selected, mass remains null."
PV3_S2_C07_CIC,SOLAR_CIC_WHOLE_VENDOR_REFERENCE,GLASS_FOOTPRINT_CIC_LAYER_PROXY,WHOLE_CIC_VENDOR_AVERAGE_WEIGHT_REFERENCE_NOT_GLASS_MASS,,0.0036,,933.226525,,,"One whole factory CIC reference assigned to this glass-footprint proxy. Covers original cell, coverglass, factory adhesive, bypass diode and factory interconnects; no second coverglass/internal-tab mass. Formed tabs geometry unknown. 3.6g is a datasheet average-weight reference, not measured unit mass or guaranteed as-built bound."
PV4_S1_C01_BOND,SOLAR_PANEL_BONDLINE,BONDLINE_DESIGN_SOLID,POSITIVE_MASS_UNKNOWN_SELECTED_MATERIAL_MISSING,,,,321.8022500000001,,,"External panel mounting adhesive, distinct from factory CIC internal bond. Finite positive volume; no density selected, mass remains null."
PV4_S1_C01_CIC,SOLAR_CIC_WHOLE_VENDOR_REFERENCE,GLASS_FOOTPRINT_CIC_LAYER_PROXY,WHOLE_CIC_VENDOR_AVERAGE_WEIGHT_REFERENCE_NOT_GLASS_MASS,,0.0036,,933.226525,,,"One whole factory CIC reference assigned to this glass-footprint proxy. Covers original cell, coverglass, factory adhesive, bypass diode and factory interconnects; no second coverglass/internal-tab mass. Formed tabs geometry unknown. 3.6g is a datasheet average-weight reference, not measured unit mass or guaranteed as-built bound."
PV4_S1_C02_BOND,SOLAR_PANEL_BONDLINE,BONDLINE_DESIGN_SOLID,POSITIVE_MASS_UNKNOWN_SELECTED_MATERIAL_MISSING,,,,321.8022500000001,,,"External panel mounting adhesive, distinct from factory CIC internal bond. Finite positive volume; no density selected, mass remains null."
PV4_S1_C02_CIC,SOLAR_CIC_WHOLE_VENDOR_REFERENCE,GLASS_FOOTPRINT_CIC_LAYER_PROXY,WHOLE_CIC_VENDOR_AVERAGE_WEIGHT_REFERENCE_NOT_GLASS_MASS,,0.0036,,933.226525,,,"One whole factory CIC reference assigned to this glass-footprint proxy. Covers original cell, coverglass, factory adhesive, bypass diode and factory interconnects; no second coverglass/internal-tab mass. Formed tabs geometry unknown. 3.6g is a datasheet average-weight reference, not measured unit mass or guaranteed as-built bound."
PV4_S1_C03_BOND,SOLAR_PANEL_BONDLINE,BONDLINE_DESIGN_SOLID,POSITIVE_MASS_UNKNOWN_SELECTED_MATERIAL_MISSING,,,,321.8022500000001,,,"External panel mounting adhesive, distinct from factory CIC internal bond. Finite positive volume; no density selected, mass remains null."
PV4_S1_C03_CIC,SOLAR_CIC_WHOLE_VENDOR_REFERENCE,GLASS_FOOTPRINT_CIC_LAYER_PROXY,WHOLE_CIC_VENDOR_AVERAGE_WEIGHT_REFERENCE_NOT_GLASS_MASS,,0.0036,,933.226525,,,"One whole factory CIC reference assigned to this glass-footprint proxy. Covers original cell, coverglass, factory adhesive, bypass diode and factory interconnects; no second coverglass/internal-tab mass. Formed tabs geometry unknown. 3.6g is a datasheet average-weight reference, not measured unit mass or guaranteed as-built bound."
PV4_S1_C04_BOND,SOLAR_PANEL_BONDLINE,BONDLINE_DESIGN_SOLID,POSITIVE_MASS_UNKNOWN_SELECTED_MATERIAL_MISSING,,,,321.8022500000001,,,"External panel mounting adhesive, distinct from factory CIC internal bond. Finite positive volume; no density selected, mass remains null."
PV4_S1_C04_CIC,SOLAR_CIC_WHOLE_VENDOR_REFERENCE,GLASS_FOOTPRINT_CIC_LAYER_PROXY,WHOLE_CIC_VENDOR_AVERAGE_WEIGHT_REFERENCE_NOT_GLASS_MASS,,0.0036,,933.226525,,,"One whole factory CIC reference assigned to this glass-footprint proxy. Covers original cell, coverglass, factory adhesive, bypass diode and factory interconnects; no second coverglass/internal-tab mass. Formed tabs geometry unknown. 3.6g is a datasheet average-weight reference, not measured unit mass or guaranteed as-built bound."
PV4_S1_C05_BOND,SOLAR_PANEL_BONDLINE,BONDLINE_DESIGN_SOLID,POSITIVE_MASS_UNKNOWN_SELECTED_MATERIAL_MISSING,,,,321.8022500000001,,,"External panel mounting adhesive, distinct from factory CIC internal bond. Finite positive volume; no density selected, mass remains null."
PV4_S1_C05_CIC,SOLAR_CIC_WHOLE_VENDOR_REFERENCE,GLASS_FOOTPRINT_CIC_LAYER_PROXY,WHOLE_CIC_VENDOR_AVERAGE_WEIGHT_REFERENCE_NOT_GLASS_MASS,,0.0036,,933.226525,,,"One whole factory CIC reference assigned to this glass-footprint proxy. Covers original cell, coverglass, factory adhesive, bypass diode and factory interconnects; no second coverglass/internal-tab mass. Formed tabs geometry unknown. 3.6g is a datasheet average-weight reference, not measured unit mass or guaranteed as-built bound."
PV4_S1_C06_BOND,SOLAR_PANEL_BONDLINE,BONDLINE_DESIGN_SOLID,POSITIVE_MASS_UNKNOWN_SELECTED_MATERIAL_MISSING,,,,321.8022500000001,,,"External panel mounting adhesive, distinct from factory CIC internal bond. Finite positive volume; no density selected, mass remains null."
PV4_S1_C06_CIC,SOLAR_CIC_WHOLE_VENDOR_REFERENCE,GLASS_FOOTPRINT_CIC_LAYER_PROXY,WHOLE_CIC_VENDOR_AVERAGE_WEIGHT_REFERENCE_NOT_GLASS_MASS,,0.0036,,933.226525,,,"One whole factory CIC reference assigned to this glass-footprint proxy. Covers original cell, coverglass, factory adhesive, bypass diode and factory interconnects; no second coverglass/internal-tab mass. Formed tabs geometry unknown. 3.6g is a datasheet average-weight reference, not measured unit mass or guaranteed as-built bound."
PV4_S1_C07_BOND,SOLAR_PANEL_BONDLINE,BONDLINE_DESIGN_SOLID,POSITIVE_MASS_UNKNOWN_SELECTED_MATERIAL_MISSING,,,,321.8022500000001,,,"External panel mounting adhesive, distinct from factory CIC internal bond. Finite positive volume; no density selected, mass remains null."
PV4_S1_C07_CIC,SOLAR_CIC_WHOLE_VENDOR_REFERENCE,GLASS_FOOTPRINT_CIC_LAYER_PROXY,WHOLE_CIC_VENDOR_AVERAGE_WEIGHT_REFERENCE_NOT_GLASS_MASS,,0.0036,,933.226525,,,"One whole factory CIC reference assigned to this glass-footprint proxy. Covers original cell, coverglass, factory adhesive, bypass diode and factory interconnects; no second coverglass/internal-tab mass. Formed tabs geometry unknown. 3.6g is a datasheet average-weight reference, not measured unit mass or guaranteed as-built bound."
PV4_S2_C01_BOND,SOLAR_PANEL_BONDLINE,BONDLINE_DESIGN_SOLID,POSITIVE_MASS_UNKNOWN_SELECTED_MATERIAL_MISSING,,,,321.8022500000001,,,"External panel mounting adhesive, distinct from factory CIC internal bond. Finite positive volume; no density selected, mass remains null."
PV4_S2_C01_CIC,SOLAR_CIC_WHOLE_VENDOR_REFERENCE,GLASS_FOOTPRINT_CIC_LAYER_PROXY,WHOLE_CIC_VENDOR_AVERAGE_WEIGHT_REFERENCE_NOT_GLASS_MASS,,0.0036,,933.226525,,,"One whole factory CIC reference assigned to this glass-footprint proxy. Covers original cell, coverglass, factory adhesive, bypass diode and factory interconnects; no second coverglass/internal-tab mass. Formed tabs geometry unknown. 3.6g is a datasheet average-weight reference, not measured unit mass or guaranteed as-built bound."
PV4_S2_C02_BOND,SOLAR_PANEL_BONDLINE,BONDLINE_DESIGN_SOLID,POSITIVE_MASS_UNKNOWN_SELECTED_MATERIAL_MISSING,,,,321.8022500000001,,,"External panel mounting adhesive, distinct from factory CIC internal bond. Finite positive volume; no density selected, mass remains null."
PV4_S2_C02_CIC,SOLAR_CIC_WHOLE_VENDOR_REFERENCE,GLASS_FOOTPRINT_CIC_LAYER_PROXY,WHOLE_CIC_VENDOR_AVERAGE_WEIGHT_REFERENCE_NOT_GLASS_MASS,,0.0036,,933.226525,,,"One whole factory CIC reference assigned to this glass-footprint proxy. Covers original cell, coverglass, factory adhesive, bypass diode and factory interconnects; no second coverglass/internal-tab mass. Formed tabs geometry unknown. 3.6g is a datasheet average-weight reference, not measured unit mass or guaranteed as-built bound."
PV4_S2_C03_BOND,SOLAR_PANEL_BONDLINE,BONDLINE_DESIGN_SOLID,POSITIVE_MASS_UNKNOWN_SELECTED_MATERIAL_MISSING,,,,321.8022500000001,,,"External panel mounting adhesive, distinct from factory CIC internal bond. Finite positive volume; no density selected, mass remains null."
PV4_S2_C03_CIC,SOLAR_CIC_WHOLE_VENDOR_REFERENCE,GLASS_FOOTPRINT_CIC_LAYER_PROXY,WHOLE_CIC_VENDOR_AVERAGE_WEIGHT_REFERENCE_NOT_GLASS_MASS,,0.0036,,933.226525,,,"One whole factory CIC reference assigned to this glass-footprint proxy. Covers original cell, coverglass, factory adhesive, bypass diode and factory interconnects; no second coverglass/internal-tab mass. Formed tabs geometry unknown. 3.6g is a datasheet average-weight reference, not measured unit mass or guaranteed as-built bound."
PV4_S2_C04_BOND,SOLAR_PANEL_BONDLINE,BONDLINE_DESIGN_SOLID,POSITIVE_MASS_UNKNOWN_SELECTED_MATERIAL_MISSING,,,,321.8022500000001,,,"External panel mounting adhesive, distinct from factory CIC internal bond. Finite positive volume; no density selected, mass remains null."
PV4_S2_C04_CIC,SOLAR_CIC_WHOLE_VENDOR_REFERENCE,GLASS_FOOTPRINT_CIC_LAYER_PROXY,WHOLE_CIC_VENDOR_AVERAGE_WEIGHT_REFERENCE_NOT_GLASS_MASS,,0.0036,,933.226525,,,"One whole factory CIC reference assigned to this glass-footprint proxy. Covers original cell, coverglass, factory adhesive, bypass diode and factory interconnects; no second coverglass/internal-tab mass. Formed tabs geometry unknown. 3.6g is a datasheet average-weight reference, not measured unit mass or guaranteed as-built bound."
PV4_S2_C05_BOND,SOLAR_PANEL_BONDLINE,BONDLINE_DESIGN_SOLID,POSITIVE_MASS_UNKNOWN_SELECTED_MATERIAL_MISSING,,,,321.8022500000001,,,"External panel mounting adhesive, distinct from factory CIC internal bond. Finite positive volume; no density selected, mass remains null."
PV4_S2_C05_CIC,SOLAR_CIC_WHOLE_VENDOR_REFERENCE,GLASS_FOOTPRINT_CIC_LAYER_PROXY,WHOLE_CIC_VENDOR_AVERAGE_WEIGHT_REFERENCE_NOT_GLASS_MASS,,0.0036,,933.226525,,,"One whole factory CIC reference assigned to this glass-footprint proxy. Covers original cell, coverglass, factory adhesive, bypass diode and factory interconnects; no second coverglass/internal-tab mass. Formed tabs geometry unknown. 3.6g is a datasheet average-weight reference, not measured unit mass or guaranteed as-built bound."
PV4_S2_C06_BOND,SOLAR_PANEL_BONDLINE,BONDLINE_DESIGN_SOLID,POSITIVE_MASS_UNKNOWN_SELECTED_MATERIAL_MISSING,,,,321.8022500000001,,,"External panel mounting adhesive, distinct from factory CIC internal bond. Finite positive volume; no density selected, mass remains null."
PV4_S2_C06_CIC,SOLAR_CIC_WHOLE_VENDOR_REFERENCE,GLASS_FOOTPRINT_CIC_LAYER_PROXY,WHOLE_CIC_VENDOR_AVERAGE_WEIGHT_REFERENCE_NOT_GLASS_MASS,,0.0036,,933.226525,,,"One whole factory CIC reference assigned to this glass-footprint proxy. Covers original cell, coverglass, factory adhesive, bypass diode and factory interconnects; no second coverglass/internal-tab mass. Formed tabs geometry unknown. 3.6g is a datasheet average-weight reference, not measured unit mass or guaranteed as-built bound."
PV4_S2_C07_BOND,SOLAR_PANEL_BONDLINE,BONDLINE_DESIGN_SOLID,POSITIVE_MASS_UNKNOWN_SELECTED_MATERIAL_MISSING,,,,321.8022500000001,,,"External panel mounting adhesive, distinct from factory CIC internal bond. Finite positive volume; no density selected, mass remains null."
PV4_S2_C07_CIC,SOLAR_CIC_WHOLE_VENDOR_REFERENCE,GLASS_FOOTPRINT_CIC_LAYER_PROXY,WHOLE_CIC_VENDOR_AVERAGE_WEIGHT_REFERENCE_NOT_GLASS_MASS,,0.0036,,933.226525,,,"One whole factory CIC reference assigned to this glass-footprint proxy. Covers original cell, coverglass, factory adhesive, bypass diode and factory interconnects; no second coverglass/internal-tab mass. Formed tabs geometry unknown. 3.6g is a datasheet average-weight reference, not measured unit mass or guaranteed as-built bound."
PV5_S1_C01_BOND,SOLAR_PANEL_BONDLINE,BONDLINE_DESIGN_SOLID,POSITIVE_MASS_UNKNOWN_SELECTED_MATERIAL_MISSING,,,,321.8022500000001,,,"External panel mounting adhesive, distinct from factory CIC internal bond. Finite positive volume; no density selected, mass remains null."
PV5_S1_C01_CIC,SOLAR_CIC_WHOLE_VENDOR_REFERENCE,GLASS_FOOTPRINT_CIC_LAYER_PROXY,WHOLE_CIC_VENDOR_AVERAGE_WEIGHT_REFERENCE_NOT_GLASS_MASS,,0.0036,,933.226525,,,"One whole factory CIC reference assigned to this glass-footprint proxy. Covers original cell, coverglass, factory adhesive, bypass diode and factory interconnects; no second coverglass/internal-tab mass. Formed tabs geometry unknown. 3.6g is a datasheet average-weight reference, not measured unit mass or guaranteed as-built bound."
PV5_S1_C02_BOND,SOLAR_PANEL_BONDLINE,BONDLINE_DESIGN_SOLID,POSITIVE_MASS_UNKNOWN_SELECTED_MATERIAL_MISSING,,,,321.8022500000001,,,"External panel mounting adhesive, distinct from factory CIC internal bond. Finite positive volume; no density selected, mass remains null."
PV5_S1_C02_CIC,SOLAR_CIC_WHOLE_VENDOR_REFERENCE,GLASS_FOOTPRINT_CIC_LAYER_PROXY,WHOLE_CIC_VENDOR_AVERAGE_WEIGHT_REFERENCE_NOT_GLASS_MASS,,0.0036,,933.226525,,,"One whole factory CIC reference assigned to this glass-footprint proxy. Covers original cell, coverglass, factory adhesive, bypass diode and factory interconnects; no second coverglass/internal-tab mass. Formed tabs geometry unknown. 3.6g is a datasheet average-weight reference, not measured unit mass or guaranteed as-built bound."
PV5_S1_C03_BOND,SOLAR_PANEL_BONDLINE,BONDLINE_DESIGN_SOLID,POSITIVE_MASS_UNKNOWN_SELECTED_MATERIAL_MISSING,,,,321.8022500000001,,,"External panel mounting adhesive, distinct from factory CIC internal bond. Finite positive volume; no density selected, mass remains null."
PV5_S1_C03_CIC,SOLAR_CIC_WHOLE_VENDOR_REFERENCE,GLASS_FOOTPRINT_CIC_LAYER_PROXY,WHOLE_CIC_VENDOR_AVERAGE_WEIGHT_REFERENCE_NOT_GLASS_MASS,,0.0036,,933.226525,,,"One whole factory CIC reference assigned to this glass-footprint proxy. Covers original cell, coverglass, factory adhesive, bypass diode and factory interconnects; no second coverglass/internal-tab mass. Formed tabs geometry unknown. 3.6g is a datasheet average-weight reference, not measured unit mass or guaranteed as-built bound."
PV5_S1_C04_BOND,SOLAR_PANEL_BONDLINE,BONDLINE_DESIGN_SOLID,POSITIVE_MASS_UNKNOWN_SELECTED_MATERIAL_MISSING,,,,321.8022500000001,,,"External panel mounting adhesive, distinct from factory CIC internal bond. Finite positive volume; no density selected, mass remains null."
PV5_S1_C04_CIC,SOLAR_CIC_WHOLE_VENDOR_REFERENCE,GLASS_FOOTPRINT_CIC_LAYER_PROXY,WHOLE_CIC_VENDOR_AVERAGE_WEIGHT_REFERENCE_NOT_GLASS_MASS,,0.0036,,933.226525,,,"One whole factory CIC reference assigned to this glass-footprint proxy. Covers original cell, coverglass, factory adhesive, bypass diode and factory interconnects; no second coverglass/internal-tab mass. Formed tabs geometry unknown. 3.6g is a datasheet average-weight reference, not measured unit mass or guaranteed as-built bound."
PV5_S1_C05_BOND,SOLAR_PANEL_BONDLINE,BONDLINE_DESIGN_SOLID,POSITIVE_MASS_UNKNOWN_SELECTED_MATERIAL_MISSING,,,,321.8022500000001,,,"External panel mounting adhesive, distinct from factory CIC internal bond. Finite positive volume; no density selected, mass remains null."
PV5_S1_C05_CIC,SOLAR_CIC_WHOLE_VENDOR_REFERENCE,GLASS_FOOTPRINT_CIC_LAYER_PROXY,WHOLE_CIC_VENDOR_AVERAGE_WEIGHT_REFERENCE_NOT_GLASS_MASS,,0.0036,,933.226525,,,"One whole factory CIC reference assigned to this glass-footprint proxy. Covers original cell, coverglass, factory adhesive, bypass diode and factory interconnects; no second coverglass/internal-tab mass. Formed tabs geometry unknown. 3.6g is a datasheet average-weight reference, not measured unit mass or guaranteed as-built bound."
PV5_S1_C06_BOND,SOLAR_PANEL_BONDLINE,BONDLINE_DESIGN_SOLID,POSITIVE_MASS_UNKNOWN_SELECTED_MATERIAL_MISSING,,,,321.8022500000001,,,"External panel mounting adhesive, distinct from factory CIC internal bond. Finite positive volume; no density selected, mass remains null."
PV5_S1_C06_CIC,SOLAR_CIC_WHOLE_VENDOR_REFERENCE,GLASS_FOOTPRINT_CIC_LAYER_PROXY,WHOLE_CIC_VENDOR_AVERAGE_WEIGHT_REFERENCE_NOT_GLASS_MASS,,0.0036,,933.226525,,,"One whole factory CIC reference assigned to this glass-footprint proxy. Covers original cell, coverglass, factory adhesive, bypass diode and factory interconnects; no second coverglass/internal-tab mass. Formed tabs geometry unknown. 3.6g is a datasheet average-weight reference, not measured unit mass or guaranteed as-built bound."
PV5_S1_C07_BOND,SOLAR_PANEL_BONDLINE,BONDLINE_DESIGN_SOLID,POSITIVE_MASS_UNKNOWN_SELECTED_MATERIAL_MISSING,,,,321.8022500000001,,,"External panel mounting adhesive, distinct from factory CIC internal bond. Finite positive volume; no density selected, mass remains null."
PV5_S1_C07_CIC,SOLAR_CIC_WHOLE_VENDOR_REFERENCE,GLASS_FOOTPRINT_CIC_LAYER_PROXY,WHOLE_CIC_VENDOR_AVERAGE_WEIGHT_REFERENCE_NOT_GLASS_MASS,,0.0036,,933.226525,,,"One whole factory CIC reference assigned to this glass-footprint proxy. Covers original cell, coverglass, factory adhesive, bypass diode and factory interconnects; no second coverglass/internal-tab mass. Formed tabs geometry unknown. 3.6g is a datasheet average-weight reference, not measured unit mass or guaranteed as-built bound."
PV5_S2_C01_BOND,SOLAR_PANEL_BONDLINE,BONDLINE_DESIGN_SOLID,POSITIVE_MASS_UNKNOWN_SELECTED_MATERIAL_MISSING,,,,321.8022500000001,,,"External panel mounting adhesive, distinct from factory CIC internal bond. Finite positive volume; no density selected, mass remains null."
PV5_S2_C01_CIC,SOLAR_CIC_WHOLE_VENDOR_REFERENCE,GLASS_FOOTPRINT_CIC_LAYER_PROXY,WHOLE_CIC_VENDOR_AVERAGE_WEIGHT_REFERENCE_NOT_GLASS_MASS,,0.0036,,933.226525,,,"One whole factory CIC reference assigned to this glass-footprint proxy. Covers original cell, coverglass, factory adhesive, bypass diode and factory interconnects; no second coverglass/internal-tab mass. Formed tabs geometry unknown. 3.6g is a datasheet average-weight reference, not measured unit mass or guaranteed as-built bound."
PV5_S2_C02_BOND,SOLAR_PANEL_BONDLINE,BONDLINE_DESIGN_SOLID,POSITIVE_MASS_UNKNOWN_SELECTED_MATERIAL_MISSING,,,,321.8022500000001,,,"External panel mounting adhesive, distinct from factory CIC internal bond. Finite positive volume; no density selected, mass remains null."
PV5_S2_C02_CIC,SOLAR_CIC_WHOLE_VENDOR_REFERENCE,GLASS_FOOTPRINT_CIC_LAYER_PROXY,WHOLE_CIC_VENDOR_AVERAGE_WEIGHT_REFERENCE_NOT_GLASS_MASS,,0.0036,,933.226525,,,"One whole factory CIC reference assigned to this glass-footprint proxy. Covers original cell, coverglass, factory adhesive, bypass diode and factory interconnects; no second coverglass/internal-tab mass. Formed tabs geometry unknown. 3.6g is a datasheet average-weight reference, not measured unit mass or guaranteed as-built bound."
PV5_S2_C03_BOND,SOLAR_PANEL_BONDLINE,BONDLINE_DESIGN_SOLID,POSITIVE_MASS_UNKNOWN_SELECTED_MATERIAL_MISSING,,,,321.8022500000001,,,"External panel mounting adhesive, distinct from factory CIC internal bond. Finite positive volume; no density selected, mass remains null."
PV5_S2_C03_CIC,SOLAR_CIC_WHOLE_VENDOR_REFERENCE,GLASS_FOOTPRINT_CIC_LAYER_PROXY,WHOLE_CIC_VENDOR_AVERAGE_WEIGHT_REFERENCE_NOT_GLASS_MASS,,0.0036,,933.226525,,,"One whole factory CIC reference assigned to this glass-footprint proxy. Covers original cell, coverglass, factory adhesive, bypass diode and factory interconnects; no second coverglass/internal-tab mass. Formed tabs geometry unknown. 3.6g is a datasheet average-weight reference, not measured unit mass or guaranteed as-built bound."
PV5_S2_C04_BOND,SOLAR_PANEL_BONDLINE,BONDLINE_DESIGN_SOLID,POSITIVE_MASS_UNKNOWN_SELECTED_MATERIAL_MISSING,,,,321.8022500000001,,,"External panel mounting adhesive, distinct from factory CIC internal bond. Finite positive volume; no density selected, mass remains null."
PV5_S2_C04_CIC,SOLAR_CIC_WHOLE_VENDOR_REFERENCE,GLASS_FOOTPRINT_CIC_LAYER_PROXY,WHOLE_CIC_VENDOR_AVERAGE_WEIGHT_REFERENCE_NOT_GLASS_MASS,,0.0036,,933.226525,,,"One whole factory CIC reference assigned to this glass-footprint proxy. Covers original cell, coverglass, factory adhesive, bypass diode and factory interconnects; no second coverglass/internal-tab mass. Formed tabs geometry unknown. 3.6g is a datasheet average-weight reference, not measured unit mass or guaranteed as-built bound."
PV5_S2_C05_BOND,SOLAR_PANEL_BONDLINE,BONDLINE_DESIGN_SOLID,POSITIVE_MASS_UNKNOWN_SELECTED_MATERIAL_MISSING,,,,321.8022500000001,,,"External panel mounting adhesive, distinct from factory CIC internal bond. Finite positive volume; no density selected, mass remains null."
PV5_S2_C05_CIC,SOLAR_CIC_WHOLE_VENDOR_REFERENCE,GLASS_FOOTPRINT_CIC_LAYER_PROXY,WHOLE_CIC_VENDOR_AVERAGE_WEIGHT_REFERENCE_NOT_GLASS_MASS,,0.0036,,933.226525,,,"One whole factory CIC reference assigned to this glass-footprint proxy. Covers original cell, coverglass, factory adhesive, bypass diode and factory interconnects; no second coverglass/internal-tab mass. Formed tabs geometry unknown. 3.6g is a datasheet average-weight reference, not measured unit mass or guaranteed as-built bound."
PV5_S2_C06_BOND,SOLAR_PANEL_BONDLINE,BONDLINE_DESIGN_SOLID,POSITIVE_MASS_UNKNOWN_SELECTED_MATERIAL_MISSING,,,,321.8022500000001,,,"External panel mounting adhesive, distinct from factory CIC internal bond. Finite positive volume; no density selected, mass remains null."
PV5_S2_C06_CIC,SOLAR_CIC_WHOLE_VENDOR_REFERENCE,GLASS_FOOTPRINT_CIC_LAYER_PROXY,WHOLE_CIC_VENDOR_AVERAGE_WEIGHT_REFERENCE_NOT_GLASS_MASS,,0.0036,,933.226525,,,"One whole factory CIC reference assigned to this glass-footprint proxy. Covers original cell, coverglass, factory adhesive, bypass diode and factory interconnects; no second coverglass/internal-tab mass. Formed tabs geometry unknown. 3.6g is a datasheet average-weight reference, not measured unit mass or guaranteed as-built bound."
PV5_S2_C07_BOND,SOLAR_PANEL_BONDLINE,BONDLINE_DESIGN_SOLID,POSITIVE_MASS_UNKNOWN_SELECTED_MATERIAL_MISSING,,,,321.8022500000001,,,"External panel mounting adhesive, distinct from factory CIC internal bond. Finite positive volume; no density selected, mass remains null."
PV5_S2_C07_CIC,SOLAR_CIC_WHOLE_VENDOR_REFERENCE,GLASS_FOOTPRINT_CIC_LAYER_PROXY,WHOLE_CIC_VENDOR_AVERAGE_WEIGHT_REFERENCE_NOT_GLASS_MASS,,0.0036,,933.226525,,,"One whole factory CIC reference assigned to this glass-footprint proxy. Covers original cell, coverglass, factory adhesive, bypass diode and factory interconnects; no second coverglass/internal-tab mass. Formed tabs geometry unknown. 3.6g is a datasheet average-weight reference, not measured unit mass or guaranteed as-built bound."
R01_D_lower_-1_-150_nut,R01_EQUIPMENT_FASTENER_KIT,SIMPLIFIED_PROXY,SELECTED_STEEL_THREADLESS_STEP_VOLUME_MODEL,0.0003603844252850637,,,45.90884398535843,7.85e-06,,"Replaces original proxy; original705 mass was null. Add this new bound model once, not only the geometric delta and not old+new. No supplier exact unit mass."
R01_D_lower_-1_-150_screw,R01_EQUIPMENT_FASTENER_KIT,SIMPLIFIED_PROXY,SELECTED_STEEL_THREADLESS_STEP_VOLUME_MODEL,0.0011606105161033218,,,147.8484733889582,7.85e-06,,"Replaces original proxy; original705 mass was null. Add this new bound model once, not only the geometric delta and not old+new. No supplier exact unit mass."
R01_D_lower_-1_-150_washer_head,R01_EQUIPMENT_FASTENER_KIT,SIMPLIFIED_PROXY,SELECTED_STEEL_THREADLESS_STEP_VOLUME_MODEL,7.94100375047909e-05,,,10.11592834455935,7.85e-06,,"Replaces original proxy; original705 mass was null. Add this new bound model once, not only the geometric delta and not old+new. No supplier exact unit mass."
R01_D_lower_-1_-150_washer_nut,R01_EQUIPMENT_FASTENER_KIT,SIMPLIFIED_PROXY,SELECTED_STEEL_THREADLESS_STEP_VOLUME_MODEL,7.94100375047909e-05,,,10.11592834455935,7.85e-06,,"Replaces original proxy; original705 mass was null. Add this new bound model once, not only the geometric delta and not old+new. No supplier exact unit mass."
R01_D_lower_-1_-50_nut,R01_EQUIPMENT_FASTENER_KIT,SIMPLIFIED_PROXY,SELECTED_STEEL_THREADLESS_STEP_VOLUME_MODEL,0.00036038442528506335,,,45.908843985358395,7.85e-06,,"Replaces original proxy; original705 mass was null. Add this new bound model once, not only the geometric delta and not old+new. No supplier exact unit mass."
R01_D_lower_-1_-50_screw,R01_EQUIPMENT_FASTENER_KIT,SIMPLIFIED_PROXY,SELECTED_STEEL_THREADLESS_STEP_VOLUME_MODEL,0.0011606105161033216,,,147.84847338895818,7.85e-06,,"Replaces original proxy; original705 mass was null. Add this new bound model once, not only the geometric delta and not old+new. No supplier exact unit mass."
R01_D_lower_-1_-50_washer_head,R01_EQUIPMENT_FASTENER_KIT,SIMPLIFIED_PROXY,SELECTED_STEEL_THREADLESS_STEP_VOLUME_MODEL,7.941003750479093e-05,,,10.115928344559354,7.85e-06,,"Replaces original proxy; original705 mass was null. Add this new bound model once, not only the geometric delta and not old+new. No supplier exact unit mass."
R01_D_lower_-1_-50_washer_nut,R01_EQUIPMENT_FASTENER_KIT,SIMPLIFIED_PROXY,SELECTED_STEEL_THREADLESS_STEP_VOLUME_MODEL,7.941003750479093e-05,,,10.115928344559354,7.85e-06,,"Replaces original proxy; original705 mass was null. Add this new bound model once, not only the geometric delta and not old+new. No supplier exact unit mass."
R01_D_lower_-1_140_nut,R01_EQUIPMENT_FASTENER_KIT,SIMPLIFIED_PROXY,SELECTED_STEEL_THREADLESS_STEP_VOLUME_MODEL,0.0003603844252850637,,,45.90884398535843,7.85e-06,,"Replaces original proxy; original705 mass was null. Add this new bound model once, not only the geometric delta and not old+new. No supplier exact unit mass."
R01_D_lower_-1_140_screw,R01_EQUIPMENT_FASTENER_KIT,SIMPLIFIED_PROXY,SELECTED_STEEL_THREADLESS_STEP_VOLUME_MODEL,0.0011606105161033218,,,147.8484733889582,7.85e-06,,"Replaces original proxy; original705 mass was null. Add this new bound model once, not only the geometric delta and not old+new. No supplier exact unit mass."
R01_D_lower_-1_140_washer_head,R01_EQUIPMENT_FASTENER_KIT,SIMPLIFIED_PROXY,SELECTED_STEEL_THREADLESS_STEP_VOLUME_MODEL,7.94100375047909e-05,,,10.11592834455935,7.85e-06,,"Replaces original proxy; original705 mass was null. Add this new bound model once, not only the geometric delta and not old+new. No supplier exact unit mass."
R01_D_lower_-1_140_washer_nut,R01_EQUIPMENT_FASTENER_KIT,SIMPLIFIED_PROXY,SELECTED_STEEL_THREADLESS_STEP_VOLUME_MODEL,7.94100375047909e-05,,,10.11592834455935,7.85e-06,,"Replaces original proxy; original705 mass was null. Add this new bound model once, not only the geometric delta and not old+new. No supplier exact unit mass."
R01_D_lower_-1_50_nut,R01_EQUIPMENT_FASTENER_KIT,SIMPLIFIED_PROXY,SELECTED_STEEL_THREADLESS_STEP_VOLUME_MODEL,0.00036038442528506335,,,45.908843985358395,7.85e-06,,"Replaces original proxy; original705 mass was null. Add this new bound model once, not only the geometric delta and not old+new. No supplier exact unit mass."
R01_D_lower_-1_50_screw,R01_EQUIPMENT_FASTENER_KIT,SIMPLIFIED_PROXY,SELECTED_STEEL_THREADLESS_STEP_VOLUME_MODEL,0.0011606105161033216,,,147.84847338895818,7.85e-06,,"Replaces original proxy; original705 mass was null. Add this new bound model once, not only the geometric delta and not old+new. No supplier exact unit mass."
R01_D_lower_-1_50_washer_head,R01_EQUIPMENT_FASTENER_KIT,SIMPLIFIED_PROXY,SELECTED_STEEL_THREADLESS_STEP_VOLUME_MODEL,7.941003750479094e-05,,,10.115928344559356,7.85e-06,,"Replaces original proxy; original705 mass was null. Add this new bound model once, not only the geometric delta and not old+new. No supplier exact unit mass."
R01_D_lower_-1_50_washer_nut,R01_EQUIPMENT_FASTENER_KIT,SIMPLIFIED_PROXY,SELECTED_STEEL_THREADLESS_STEP_VOLUME_MODEL,7.941003750479094e-05,,,10.115928344559356,7.85e-06,,"Replaces original proxy; original705 mass was null. Add this new bound model once, not only the geometric delta and not old+new. No supplier exact unit mass."
R01_D_lower_1_-150_nut,R01_EQUIPMENT_FASTENER_KIT,SIMPLIFIED_PROXY,SELECTED_STEEL_THREADLESS_STEP_VOLUME_MODEL,0.0003603844252850636,,,45.90884398535842,7.85e-06,,"Replaces original proxy; original705 mass was null. Add this new bound model once, not only the geometric delta and not old+new. No supplier exact unit mass."
R01_D_lower_1_-150_screw,R01_EQUIPMENT_FASTENER_KIT,SIMPLIFIED_PROXY,SELECTED_STEEL_THREADLESS_STEP_VOLUME_MODEL,0.0011606105161033218,,,147.8484733889582,7.85e-06,,"Replaces original proxy; original705 mass was null. Add this new bound model once, not only the geometric delta and not old+new. No supplier exact unit mass."
R01_D_lower_1_-150_washer_head,R01_EQUIPMENT_FASTENER_KIT,SIMPLIFIED_PROXY,SELECTED_STEEL_THREADLESS_STEP_VOLUME_MODEL,7.94100375047909e-05,,,10.11592834455935,7.85e-06,,"Replaces original proxy; original705 mass was null. Add this new bound model once, not only the geometric delta and not old+new. No supplier exact unit mass."
R01_D_lower_1_-150_washer_nut,R01_EQUIPMENT_FASTENER_KIT,SIMPLIFIED_PROXY,SELECTED_STEEL_THREADLESS_STEP_VOLUME_MODEL,7.94100375047909e-05,,,10.11592834455935,7.85e-06,,"Replaces original proxy; original705 mass was null. Add this new bound model once, not only the geometric delta and not old+new. No supplier exact unit mass."
R01_D_lower_1_-50_nut,R01_EQUIPMENT_FASTENER_KIT,SIMPLIFIED_PROXY,SELECTED_STEEL_THREADLESS_STEP_VOLUME_MODEL,0.00036038442528506335,,,45.908843985358395,7.85e-06,,"Replaces original proxy; original705 mass was null. Add this new bound model once, not only the geometric delta and not old+new. No supplier exact unit mass."
R01_D_lower_1_-50_screw,R01_EQUIPMENT_FASTENER_KIT,SIMPLIFIED_PROXY,SELECTED_STEEL_THREADLESS_STEP_VOLUME_MODEL,0.0011606105161033216,,,147.84847338895818,7.85e-06,,"Replaces original proxy; original705 mass was null. Add this new bound model once, not only the geometric delta and not old+new. No supplier exact unit mass."
R01_D_lower_1_-50_washer_head,R01_EQUIPMENT_FASTENER_KIT,SIMPLIFIED_PROXY,SELECTED_STEEL_THREADLESS_STEP_VOLUME_MODEL,7.941003750479093e-05,,,10.115928344559354,7.85e-06,,"Replaces original proxy; original705 mass was null. Add this new bound model once, not only the geometric delta and not old+new. No supplier exact unit mass."
R01_D_lower_1_-50_washer_nut,R01_EQUIPMENT_FASTENER_KIT,SIMPLIFIED_PROXY,SELECTED_STEEL_THREADLESS_STEP_VOLUME_MODEL,7.941003750479093e-05,,,10.115928344559354,7.85e-06,,"Replaces original proxy; original705 mass was null. Add this new bound model once, not only the geometric delta and not old+new. No supplier exact unit mass."
R01_D_lower_1_140_nut,R01_EQUIPMENT_FASTENER_KIT,SIMPLIFIED_PROXY,SELECTED_STEEL_THREADLESS_STEP_VOLUME_MODEL,0.00036038442528506356,,,45.908843985358416,7.85e-06,,"Replaces original proxy; original705 mass was null. Add this new bound model once, not only the geometric delta and not old+new. No supplier exact unit mass."
R01_D_lower_1_140_screw,R01_EQUIPMENT_FASTENER_KIT,SIMPLIFIED_PROXY,SELECTED_STEEL_THREADLESS_STEP_VOLUME_MODEL,0.0011606105161033218,,,147.8484733889582,7.85e-06,,"Replaces original proxy; original705 mass was null. Add this new bound model once, not only the geometric delta and not old+new. No supplier exact unit mass."
R01_D_lower_1_140_washer_head,R01_EQUIPMENT_FASTENER_KIT,SIMPLIFIED_PROXY,SELECTED_STEEL_THREADLESS_STEP_VOLUME_MODEL,7.94100375047909e-05,,,10.11592834455935,7.85e-06,,"Replaces original proxy; original705 mass was null. Add this new bound model once, not only the geometric delta and not old+new. No supplier exact unit mass."
R01_D_lower_1_140_washer_nut,R01_EQUIPMENT_FASTENER_KIT,SIMPLIFIED_PROXY,SELECTED_STEEL_THREADLESS_STEP_VOLUME_MODEL,7.94100375047909e-05,,,10.11592834455935,7.85e-06,,"Replaces original proxy; original705 mass was null. Add this new bound model once, not only the geometric delta and not old+new. No supplier exact unit mass."
R01_D_lower_1_50_nut,R01_EQUIPMENT_FASTENER_KIT,SIMPLIFIED_PROXY,SELECTED_STEEL_THREADLESS_STEP_VOLUME_MODEL,0.00036038442528506335,,,45.908843985358395,7.85e-06,,"Replaces original proxy; original705 mass was null. Add this new bound model once, not only the geometric delta and not old+new. No supplier exact unit mass."
R01_D_lower_1_50_screw,R01_EQUIPMENT_FASTENER_KIT,SIMPLIFIED_PROXY,SELECTED_STEEL_THREADLESS_STEP_VOLUME_MODEL,0.0011606105161033216,,,147.84847338895818,7.85e-06,,"Replaces original proxy; original705 mass was null. Add this new bound model once, not only the geometric delta and not old+new. No supplier exact unit mass."
R01_D_lower_1_50_washer_head,R01_EQUIPMENT_FASTENER_KIT,SIMPLIFIED_PROXY,SELECTED_STEEL_THREADLESS_STEP_VOLUME_MODEL,7.941003750479093e-05,,,10.115928344559354,7.85e-06,,"Replaces original proxy; original705 mass was null. Add this new bound model once, not only the geometric delta and not old+new. No supplier exact unit mass."
R01_D_lower_1_50_washer_nut,R01_EQUIPMENT_FASTENER_KIT,SIMPLIFIED_PROXY,SELECTED_STEEL_THREADLESS_STEP_VOLUME_MODEL,7.941003750479093e-05,,,10.115928344559354,7.85e-06,,"Replaces original proxy; original705 mass was null. Add this new bound model once, not only the geometric delta and not old+new. No supplier exact unit mass."
R01_D_upper_-1_-150_nut,R01_EQUIPMENT_FASTENER_KIT,SIMPLIFIED_PROXY,SELECTED_STEEL_THREADLESS_STEP_VOLUME_MODEL,0.0003603844252850632,,,45.908843985358374,7.85e-06,,"Replaces original proxy; original705 mass was null. Add this new bound model once, not only the geometric delta and not old+new. No supplier exact unit mass."
R01_D_upper_-1_-150_screw,R01_EQUIPMENT_FASTENER_KIT,SIMPLIFIED_PROXY,SELECTED_STEEL_THREADLESS_STEP_VOLUME_MODEL,0.0011606105161033218,,,147.8484733889582,7.85e-06,,"Replaces original proxy; original705 mass was null. Add this new bound model once, not only the geometric delta and not old+new. No supplier exact unit mass."
R01_D_upper_-1_-150_washer_head,R01_EQUIPMENT_FASTENER_KIT,SIMPLIFIED_PROXY,SELECTED_STEEL_THREADLESS_STEP_VOLUME_MODEL,7.94100375047909e-05,,,10.11592834455935,7.85e-06,,"Replaces original proxy; original705 mass was null. Add this new bound model once, not only the geometric delta and not old+new. No supplier exact unit mass."
R01_D_upper_-1_-150_washer_nut,R01_EQUIPMENT_FASTENER_KIT,SIMPLIFIED_PROXY,SELECTED_STEEL_THREADLESS_STEP_VOLUME_MODEL,7.94100375047909e-05,,,10.11592834455935,7.85e-06,,"Replaces original proxy; original705 mass was null. Add this new bound model once, not only the geometric delta and not old+new. No supplier exact unit mass."
R01_D_upper_-1_-50_nut,R01_EQUIPMENT_FASTENER_KIT,SIMPLIFIED_PROXY,SELECTED_STEEL_THREADLESS_STEP_VOLUME_MODEL,0.000360384425285063,,,45.90884398535835,7.85e-06,,"Replaces original proxy; original705 mass was null. Add this new bound model once, not only the geometric delta and not old+new. No supplier exact unit mass."
R01_D_upper_-1_-50_screw,R01_EQUIPMENT_FASTENER_KIT,SIMPLIFIED_PROXY,SELECTED_STEEL_THREADLESS_STEP_VOLUME_MODEL,0.0011606105161033216,,,147.84847338895818,7.85e-06,,"Replaces original proxy; original705 mass was null. Add this new bound model once, not only the geometric delta and not old+new. No supplier exact unit mass."
R01_D_upper_-1_-50_washer_head,R01_EQUIPMENT_FASTENER_KIT,SIMPLIFIED_PROXY,SELECTED_STEEL_THREADLESS_STEP_VOLUME_MODEL,7.941003750479093e-05,,,10.115928344559354,7.85e-06,,"Replaces original proxy; original705 mass was null. Add this new bound model once, not only the geometric delta and not old+new. No supplier exact unit mass."
R01_D_upper_-1_-50_washer_nut,R01_EQUIPMENT_FASTENER_KIT,SIMPLIFIED_PROXY,SELECTED_STEEL_THREADLESS_STEP_VOLUME_MODEL,7.941003750479093e-05,,,10.115928344559354,7.85e-06,,"Replaces original proxy; original705 mass was null. Add this new bound model once, not only the geometric delta and not old+new. No supplier exact unit mass."
R01_D_upper_-1_140_nut,R01_EQUIPMENT_FASTENER_KIT,SIMPLIFIED_PROXY,SELECTED_STEEL_THREADLESS_STEP_VOLUME_MODEL,0.00036038442528506324,,,45.90884398535838,7.85e-06,,"Replaces original proxy; original705 mass was null. Add this new bound model once, not only the geometric delta and not old+new. No supplier exact unit mass."
R01_D_upper_-1_140_screw,R01_EQUIPMENT_FASTENER_KIT,SIMPLIFIED_PROXY,SELECTED_STEEL_THREADLESS_STEP_VOLUME_MODEL,0.0011606105161033218,,,147.8484733889582,7.85e-06,,"Replaces original proxy; original705 mass was null. Add this new bound model once, not only the geometric delta and not old+new. No supplier exact unit mass."
R01_D_upper_-1_140_washer_head,R01_EQUIPMENT_FASTENER_KIT,SIMPLIFIED_PROXY,SELECTED_STEEL_THREADLESS_STEP_VOLUME_MODEL,7.94100375047909e-05,,,10.11592834455935,7.85e-06,,"Replaces original proxy; original705 mass was null. Add this new bound model once, not only the geometric delta and not old+new. No supplier exact unit mass."
R01_D_upper_-1_140_washer_nut,R01_EQUIPMENT_FASTENER_KIT,SIMPLIFIED_PROXY,SELECTED_STEEL_THREADLESS_STEP_VOLUME_MODEL,7.94100375047909e-05,,,10.11592834455935,7.85e-06,,"Replaces original proxy; original705 mass was null. Add this new bound model once, not only the geometric delta and not old+new. No supplier exact unit mass."
R01_D_upper_-1_50_nut,R01_EQUIPMENT_FASTENER_KIT,SIMPLIFIED_PROXY,SELECTED_STEEL_THREADLESS_STEP_VOLUME_MODEL,0.000360384425285063,,,45.90884398535835,7.85e-06,,"Replaces original proxy; original705 mass was null. Add this new bound model once, not only the geometric delta and not old+new. No supplier exact unit mass."
R01_D_upper_-1_50_screw,R01_EQUIPMENT_FASTENER_KIT,SIMPLIFIED_PROXY,SELECTED_STEEL_THREADLESS_STEP_VOLUME_MODEL,0.0011606105161033216,,,147.84847338895818,7.85e-06,,"Replaces original proxy; original705 mass was null. Add this new bound model once, not only the geometric delta and not old+new. No supplier exact unit mass."
R01_D_upper_-1_50_washer_head,R01_EQUIPMENT_FASTENER_KIT,SIMPLIFIED_PROXY,SELECTED_STEEL_THREADLESS_STEP_VOLUME_MODEL,7.941003750479094e-05,,,10.115928344559356,7.85e-06,,"Replaces original proxy; original705 mass was null. Add this new bound model once, not only the geometric delta and not old+new. No supplier exact unit mass."
R01_D_upper_-1_50_washer_nut,R01_EQUIPMENT_FASTENER_KIT,SIMPLIFIED_PROXY,SELECTED_STEEL_THREADLESS_STEP_VOLUME_MODEL,7.941003750479094e-05,,,10.115928344559356,7.85e-06,,"Replaces original proxy; original705 mass was null. Add this new bound model once, not only the geometric delta and not old+new. No supplier exact unit mass."
R01_D_upper_1_-150_nut,R01_EQUIPMENT_FASTENER_KIT,SIMPLIFIED_PROXY,SELECTED_STEEL_THREADLESS_STEP_VOLUME_MODEL,0.0003603844252850632,,,45.908843985358374,7.85e-06,,"Replaces original proxy; original705 mass was null. Add this new bound model once, not only the geometric delta and not old+new. No supplier exact unit mass."
R01_D_upper_1_-150_screw,R01_EQUIPMENT_FASTENER_KIT,SIMPLIFIED_PROXY,SELECTED_STEEL_THREADLESS_STEP_VOLUME_MODEL,0.0011606105161033218,,,147.8484733889582,7.85e-06,,"Replaces original proxy; original705 mass was null. Add this new bound model once, not only the geometric delta and not old+new. No supplier exact unit mass."
R01_D_upper_1_-150_washer_head,R01_EQUIPMENT_FASTENER_KIT,SIMPLIFIED_PROXY,SELECTED_STEEL_THREADLESS_STEP_VOLUME_MODEL,7.94100375047909e-05,,,10.11592834455935,7.85e-06,,"Replaces original proxy; original705 mass was null. Add this new bound model once, not only the geometric delta and not old+new. No supplier exact unit mass."
R01_D_upper_1_-150_washer_nut,R01_EQUIPMENT_FASTENER_KIT,SIMPLIFIED_PROXY,SELECTED_STEEL_THREADLESS_STEP_VOLUME_MODEL,7.94100375047909e-05,,,10.11592834455935,7.85e-06,,"Replaces original proxy; original705 mass was null. Add this new bound model once, not only the geometric delta and not old+new. No supplier exact unit mass."
R01_D_upper_1_-50_nut,R01_EQUIPMENT_FASTENER_KIT,SIMPLIFIED_PROXY,SELECTED_STEEL_THREADLESS_STEP_VOLUME_MODEL,0.00036038442528506297,,,45.908843985358345,7.85e-06,,"Replaces original proxy; original705 mass was null. Add this new bound model once, not only the geometric delta and not old+new. No supplier exact unit mass."
R01_D_upper_1_-50_screw,R01_EQUIPMENT_FASTENER_KIT,SIMPLIFIED_PROXY,SELECTED_STEEL_THREADLESS_STEP_VOLUME_MODEL,0.0011606105161033216,,,147.84847338895818,7.85e-06,,"Replaces original proxy; original705 mass was null. Add this new bound model once, not only the geometric delta and not old+new. No supplier exact unit mass."
R01_D_upper_1_-50_washer_head,R01_EQUIPMENT_FASTENER_KIT,SIMPLIFIED_PROXY,SELECTED_STEEL_THREADLESS_STEP_VOLUME_MODEL,7.941003750479093e-05,,,10.115928344559354,7.85e-06,,"Replaces original proxy; original705 mass was null. Add this new bound model once, not only the geometric delta and not old+new. No supplier exact unit mass."
R01_D_upper_1_-50_washer_nut,R01_EQUIPMENT_FASTENER_KIT,SIMPLIFIED_PROXY,SELECTED_STEEL_THREADLESS_STEP_VOLUME_MODEL,7.941003750479093e-05,,,10.115928344559354,7.85e-06,,"Replaces original proxy; original705 mass was null. Add this new bound model once, not only the geometric delta and not old+new. No supplier exact unit mass."
R01_D_upper_1_140_nut,R01_EQUIPMENT_FASTENER_KIT,SIMPLIFIED_PROXY,SELECTED_STEEL_THREADLESS_STEP_VOLUME_MODEL,0.00036038442528506313,,,45.90884398535837,7.85e-06,,"Replaces original proxy; original705 mass was null. Add this new bound model once, not only the geometric delta and not old+new. No supplier exact unit mass."
R01_D_upper_1_140_screw,R01_EQUIPMENT_FASTENER_KIT,SIMPLIFIED_PROXY,SELECTED_STEEL_THREADLESS_STEP_VOLUME_MODEL,0.0011606105161033218,,,147.8484733889582,7.85e-06,,"Replaces original proxy; original705 mass was null. Add this new bound model once, not only the geometric delta and not old+new. No supplier exact unit mass."
R01_D_upper_1_140_washer_head,R01_EQUIPMENT_FASTENER_KIT,SIMPLIFIED_PROXY,SELECTED_STEEL_THREADLESS_STEP_VOLUME_MODEL,7.94100375047909e-05,,,10.11592834455935,7.85e-06,,"Replaces original proxy; original705 mass was null. Add this new bound model once, not only the geometric delta and not old+new. No supplier exact unit mass."
R01_D_upper_1_140_washer_nut,R01_EQUIPMENT_FASTENER_KIT,SIMPLIFIED_PROXY,SELECTED_STEEL_THREADLESS_STEP_VOLUME_MODEL,7.94100375047909e-05,,,10.11592834455935,7.85e-06,,"Replaces original proxy; original705 mass was null. Add this new bound model once, not only the geometric delta and not old+new. No supplier exact unit mass."
R01_D_upper_1_50_nut,R01_EQUIPMENT_FASTENER_KIT,SIMPLIFIED_PROXY,SELECTED_STEEL_THREADLESS_STEP_VOLUME_MODEL,0.00036038442528506297,,,45.908843985358345,7.85e-06,,"Replaces original proxy; original705 mass was null. Add this new bound model once, not only the geometric delta and not old+new. No supplier exact unit mass."
R01_D_upper_1_50_screw,R01_EQUIPMENT_FASTENER_KIT,SIMPLIFIED_PROXY,SELECTED_STEEL_THREADLESS_STEP_VOLUME_MODEL,0.0011606105161033216,,,147.84847338895818,7.85e-06,,"Replaces original proxy; original705 mass was null. Add this new bound model once, not only the geometric delta and not old+new. No supplier exact unit mass."
R01_D_upper_1_50_washer_head,R01_EQUIPMENT_FASTENER_KIT,SIMPLIFIED_PROXY,SELECTED_STEEL_THREADLESS_STEP_VOLUME_MODEL,7.941003750479093e-05,,,10.115928344559354,7.85e-06,,"Replaces original proxy; original705 mass was null. Add this new bound model once, not only the geometric delta and not old+new. No supplier exact unit mass."
R01_D_upper_1_50_washer_nut,R01_EQUIPMENT_FASTENER_KIT,SIMPLIFIED_PROXY,SELECTED_STEEL_THREADLESS_STEP_VOLUME_MODEL,7.941003750479093e-05,,,10.115928344559354,7.85e-06,,"Replaces original proxy; original705 mass was null. Add this new bound model once, not only the geometric delta and not old+new. No supplier exact unit mass."
R01_W_lower_-1_-130_nut,R01_EQUIPMENT_FASTENER_KIT,SIMPLIFIED_PROXY,SELECTED_STEEL_THREADLESS_STEP_VOLUME_MODEL,0.0003603844252850636,,,45.90884398535842,7.85e-06,,"Replaces original proxy; original705 mass was null. Add this new bound model once, not only the geometric delta and not old+new. No supplier exact unit mass."
R01_W_lower_-1_-130_screw,R01_EQUIPMENT_FASTENER_KIT,SIMPLIFIED_PROXY,SELECTED_STEEL_THREADLESS_STEP_VOLUME_MODEL,0.0010496337556152593,,,133.71130644780374,7.85e-06,,"Replaces original proxy; original705 mass was null. Add this new bound model once, not only the geometric delta and not old+new. No supplier exact unit mass."
R01_W_lower_-1_-130_washer_head,R01_EQUIPMENT_FASTENER_KIT,SIMPLIFIED_PROXY,SELECTED_STEEL_THREADLESS_STEP_VOLUME_MODEL,7.941003750479102e-05,,,10.115928344559366,7.85e-06,,"Replaces original proxy; original705 mass was null. Add this new bound model once, not only the geometric delta and not old+new. No supplier exact unit mass."
R01_W_lower_-1_-130_washer_nut,R01_EQUIPMENT_FASTENER_KIT,SIMPLIFIED_PROXY,SELECTED_STEEL_THREADLESS_STEP_VOLUME_MODEL,7.941003750479102e-05,,,10.115928344559366,7.85e-06,,"Replaces original proxy; original705 mass was null. Add this new bound model once, not only the geometric delta and not old+new. No supplier exact unit mass."
R01_W_lower_-1_-70_nut,R01_EQUIPMENT_FASTENER_KIT,SIMPLIFIED_PROXY,SELECTED_STEEL_THREADLESS_STEP_VOLUME_MODEL,0.00036038442528506356,,,45.908843985358416,7.85e-06,,"Replaces original proxy; original705 mass was null. Add this new bound model once, not only the geometric delta and not old+new. No supplier exact unit mass."
R01_W_lower_-1_-70_screw,R01_EQUIPMENT_FASTENER_KIT,SIMPLIFIED_PROXY,SELECTED_STEEL_THREADLESS_STEP_VOLUME_MODEL,0.001049633755615259,,,133.7113064478037,7.85e-06,,"Replaces original proxy; original705 mass was null. Add this new bound model once, not only the geometric delta and not old+new. No supplier exact unit mass."
R01_W_lower_-1_-70_washer_head,R01_EQUIPMENT_FASTENER_KIT,SIMPLIFIED_PROXY,SELECTED_STEEL_THREADLESS_STEP_VOLUME_MODEL,7.941003750479094e-05,,,10.115928344559356,7.85e-06,,"Replaces original proxy; original705 mass was null. Add this new bound model once, not only the geometric delta and not old+new. No supplier exact unit mass."
R01_W_lower_-1_-70_washer_nut,R01_EQUIPMENT_FASTENER_KIT,SIMPLIFIED_PROXY,SELECTED_STEEL_THREADLESS_STEP_VOLUME_MODEL,7.941003750479094e-05,,,10.115928344559356,7.85e-06,,"Replaces original proxy; original705 mass was null. Add this new bound model once, not only the geometric delta and not old+new. No supplier exact unit mass."
R01_W_lower_-1_130_nut,R01_EQUIPMENT_FASTENER_KIT,SIMPLIFIED_PROXY,SELECTED_STEEL_THREADLESS_STEP_VOLUME_MODEL,0.0003603844252850636,,,45.90884398535842,7.85e-06,,"Replaces original proxy; original705 mass was null. Add this new bound model once, not only the geometric delta and not old+new. No supplier exact unit mass."
R01_W_lower_-1_130_screw,R01_EQUIPMENT_FASTENER_KIT,SIMPLIFIED_PROXY,SELECTED_STEEL_THREADLESS_STEP_VOLUME_MODEL,0.001049633755615259,,,133.7113064478037,7.85e-06,,"Replaces original proxy; original705 mass was null. Add this new bound model once, not only the geometric delta and not old+new. No supplier exact unit mass."
R01_W_lower_-1_130_washer_head,R01_EQUIPMENT_FASTENER_KIT,SIMPLIFIED_PROXY,SELECTED_STEEL_THREADLESS_STEP_VOLUME_MODEL,7.941003750479097e-05,,,10.115928344559359,7.85e-06,,"Replaces original proxy; original705 mass was null. Add this new bound model once, not only the geometric delta and not old+new. No supplier exact unit mass."
R01_W_lower_-1_130_washer_nut,R01_EQUIPMENT_FASTENER_KIT,SIMPLIFIED_PROXY,SELECTED_STEEL_THREADLESS_STEP_VOLUME_MODEL,7.941003750479097e-05,,,10.115928344559359,7.85e-06,,"Replaces original proxy; original705 mass was null. Add this new bound model once, not only the geometric delta and not old+new. No supplier exact unit mass."
R01_W_lower_-1_60_nut,R01_EQUIPMENT_FASTENER_KIT,SIMPLIFIED_PROXY,SELECTED_STEEL_THREADLESS_STEP_VOLUME_MODEL,0.00036038442528506356,,,45.908843985358416,7.85e-06,,"Replaces original proxy; original705 mass was null. Add this new bound model once, not only the geometric delta and not old+new. No supplier exact unit mass."
R01_W_lower_-1_60_screw,R01_EQUIPMENT_FASTENER_KIT,SIMPLIFIED_PROXY,SELECTED_STEEL_THREADLESS_STEP_VOLUME_MODEL,0.0010496337556152593,,,133.71130644780374,7.85e-06,,"Replaces original proxy; original705 mass was null. Add this new bound model once, not only the geometric delta and not old+new. No supplier exact unit mass."
R01_W_lower_-1_60_washer_head,R01_EQUIPMENT_FASTENER_KIT,SIMPLIFIED_PROXY,SELECTED_STEEL_THREADLESS_STEP_VOLUME_MODEL,7.941003750479095e-05,,,10.115928344559357,7.85e-06,,"Replaces original proxy; original705 mass was null. Add this new bound model once, not only the geometric delta and not old+new. No supplier exact unit mass."
R01_W_lower_-1_60_washer_nut,R01_EQUIPMENT_FASTENER_KIT,SIMPLIFIED_PROXY,SELECTED_STEEL_THREADLESS_STEP_VOLUME_MODEL,7.941003750479095e-05,,,10.115928344559357,7.85e-06,,"Replaces original proxy; original705 mass was null. Add this new bound model once, not only the geometric delta and not old+new. No supplier exact unit mass."
R01_W_lower_1_-130_nut,R01_EQUIPMENT_FASTENER_KIT,SIMPLIFIED_PROXY,SELECTED_STEEL_THREADLESS_STEP_VOLUME_MODEL,0.0003603844252850636,,,45.90884398535842,7.85e-06,,"Replaces original proxy; original705 mass was null. Add this new bound model once, not only the geometric delta and not old+new. No supplier exact unit mass."
R01_W_lower_1_-130_screw,R01_EQUIPMENT_FASTENER_KIT,SIMPLIFIED_PROXY,SELECTED_STEEL_THREADLESS_STEP_VOLUME_MODEL,0.0010496337556152593,,,133.71130644780374,7.85e-06,,"Replaces original proxy; original705 mass was null. Add this new bound model once, not only the geometric delta and not old+new. No supplier exact unit mass."
R01_W_lower_1_-130_washer_head,R01_EQUIPMENT_FASTENER_KIT,SIMPLIFIED_PROXY,SELECTED_STEEL_THREADLESS_STEP_VOLUME_MODEL,7.941003750479102e-05,,,10.115928344559366,7.85e-06,,"Replaces original proxy; original705 mass was null. Add this new bound model once, not only the geometric delta and not old+new. No supplier exact unit mass."
R01_W_lower_1_-130_washer_nut,R01_EQUIPMENT_FASTENER_KIT,SIMPLIFIED_PROXY,SELECTED_STEEL_THREADLESS_STEP_VOLUME_MODEL,7.941003750479102e-05,,,10.115928344559366,7.85e-06,,"Replaces original proxy; original705 mass was null. Add this new bound model once, not only the geometric delta and not old+new. No supplier exact unit mass."
R01_W_lower_1_-70_nut,R01_EQUIPMENT_FASTENER_KIT,SIMPLIFIED_PROXY,SELECTED_STEEL_THREADLESS_STEP_VOLUME_MODEL,0.00036038442528506356,,,45.908843985358416,7.85e-06,,"Replaces original proxy; original705 mass was null. Add this new bound model once, not only the geometric delta and not old+new. No supplier exact unit mass."
R01_W_lower_1_-70_screw,R01_EQUIPMENT_FASTENER_KIT,SIMPLIFIED_PROXY,SELECTED_STEEL_THREADLESS_STEP_VOLUME_MODEL,0.001049633755615259,,,133.7113064478037,7.85e-06,,"Replaces original proxy; original705 mass was null. Add this new bound model once, not only the geometric delta and not old+new. No supplier exact unit mass."
R01_W_lower_1_-70_washer_head,R01_EQUIPMENT_FASTENER_KIT,SIMPLIFIED_PROXY,SELECTED_STEEL_THREADLESS_STEP_VOLUME_MODEL,7.941003750479094e-05,,,10.115928344559356,7.85e-06,,"Replaces original proxy; original705 mass was null. Add this new bound model once, not only the geometric delta and not old+new. No supplier exact unit mass."
R01_W_lower_1_-70_washer_nut,R01_EQUIPMENT_FASTENER_KIT,SIMPLIFIED_PROXY,SELECTED_STEEL_THREADLESS_STEP_VOLUME_MODEL,7.941003750479094e-05,,,10.115928344559356,7.85e-06,,"Replaces original proxy; original705 mass was null. Add this new bound model once, not only the geometric delta and not old+new. No supplier exact unit mass."
R01_W_lower_1_130_nut,R01_EQUIPMENT_FASTENER_KIT,SIMPLIFIED_PROXY,SELECTED_STEEL_THREADLESS_STEP_VOLUME_MODEL,0.0003603844252850636,,,45.90884398535842,7.85e-06,,"Replaces original proxy; original705 mass was null. Add this new bound model once, not only the geometric delta and not old+new. No supplier exact unit mass."
R01_W_lower_1_130_screw,R01_EQUIPMENT_FASTENER_KIT,SIMPLIFIED_PROXY,SELECTED_STEEL_THREADLESS_STEP_VOLUME_MODEL,0.0010496337556152593,,,133.71130644780374,7.85e-06,,"Replaces original proxy; original705 mass was null. Add this new bound model once, not only the geometric delta and not old+new. No supplier exact unit mass."
R01_W_lower_1_130_washer_head,R01_EQUIPMENT_FASTENER_KIT,SIMPLIFIED_PROXY,SELECTED_STEEL_THREADLESS_STEP_VOLUME_MODEL,7.941003750479097e-05,,,10.115928344559359,7.85e-06,,"Replaces original proxy; original705 mass was null. Add this new bound model once, not only the geometric delta and not old+new. No supplier exact unit mass."
R01_W_lower_1_130_washer_nut,R01_EQUIPMENT_FASTENER_KIT,SIMPLIFIED_PROXY,SELECTED_STEEL_THREADLESS_STEP_VOLUME_MODEL,7.941003750479097e-05,,,10.115928344559359,7.85e-06,,"Replaces original proxy; original705 mass was null. Add this new bound model once, not only the geometric delta and not old+new. No supplier exact unit mass."
R01_W_lower_1_60_nut,R01_EQUIPMENT_FASTENER_KIT,SIMPLIFIED_PROXY,SELECTED_STEEL_THREADLESS_STEP_VOLUME_MODEL,0.0003603844252850636,,,45.90884398535842,7.85e-06,,"Replaces original proxy; original705 mass was null. Add this new bound model once, not only the geometric delta and not old+new. No supplier exact unit mass."
R01_W_lower_1_60_screw,R01_EQUIPMENT_FASTENER_KIT,SIMPLIFIED_PROXY,SELECTED_STEEL_THREADLESS_STEP_VOLUME_MODEL,0.0010496337556152595,,,133.71130644780376,7.85e-06,,"Replaces original proxy; original705 mass was null. Add this new bound model once, not only the geometric delta and not old+new. No supplier exact unit mass."
R01_W_lower_1_60_washer_head,R01_EQUIPMENT_FASTENER_KIT,SIMPLIFIED_PROXY,SELECTED_STEEL_THREADLESS_STEP_VOLUME_MODEL,7.941003750479095e-05,,,10.115928344559357,7.85e-06,,"Replaces original proxy; original705 mass was null. Add this new bound model once, not only the geometric delta and not old+new. No supplier exact unit mass."
R01_W_lower_1_60_washer_nut,R01_EQUIPMENT_FASTENER_KIT,SIMPLIFIED_PROXY,SELECTED_STEEL_THREADLESS_STEP_VOLUME_MODEL,7.941003750479095e-05,,,10.115928344559357,7.85e-06,,"Replaces original proxy; original705 mass was null. Add this new bound model once, not only the geometric delta and not old+new. No supplier exact unit mass."
R01_W_upper_-1_-130_nut,R01_EQUIPMENT_FASTENER_KIT,SIMPLIFIED_PROXY,SELECTED_STEEL_THREADLESS_STEP_VOLUME_MODEL,0.00036038442528506356,,,45.908843985358416,7.85e-06,,"Replaces original proxy; original705 mass was null. Add this new bound model once, not only the geometric delta and not old+new. No supplier exact unit mass."
R01_W_upper_-1_-130_screw,R01_EQUIPMENT_FASTENER_KIT,SIMPLIFIED_PROXY,SELECTED_STEEL_THREADLESS_STEP_VOLUME_MODEL,0.0010496337556152593,,,133.71130644780374,7.85e-06,,"Replaces original proxy; original705 mass was null. Add this new bound model once, not only the geometric delta and not old+new. No supplier exact unit mass."
R01_W_upper_-1_-130_washer_head,R01_EQUIPMENT_FASTENER_KIT,SIMPLIFIED_PROXY,SELECTED_STEEL_THREADLESS_STEP_VOLUME_MODEL,7.941003750479102e-05,,,10.115928344559366,7.85e-06,,"Replaces original proxy; original705 mass was null. Add this new bound model once, not only the geometric delta and not old+new. No supplier exact unit mass."
R01_W_upper_-1_-130_washer_nut,R01_EQUIPMENT_FASTENER_KIT,SIMPLIFIED_PROXY,SELECTED_STEEL_THREADLESS_STEP_VOLUME_MODEL,7.941003750479102e-05,,,10.115928344559366,7.85e-06,,"Replaces original proxy; original705 mass was null. Add this new bound model once, not only the geometric delta and not old+new. No supplier exact unit mass."
R01_W_upper_-1_-70_nut,R01_EQUIPMENT_FASTENER_KIT,SIMPLIFIED_PROXY,SELECTED_STEEL_THREADLESS_STEP_VOLUME_MODEL,0.0003603844252850634,,,45.9088439853584,7.85e-06,,"Replaces original proxy; original705 mass was null. Add this new bound model once, not only the geometric delta and not old+new. No supplier exact unit mass."
R01_W_upper_-1_-70_screw,R01_EQUIPMENT_FASTENER_KIT,SIMPLIFIED_PROXY,SELECTED_STEEL_THREADLESS_STEP_VOLUME_MODEL,0.001049633755615259,,,133.7113064478037,7.85e-06,,"Replaces original proxy; original705 mass was null. Add this new bound model once, not only the geometric delta and not old+new. No supplier exact unit mass."
R01_W_upper_-1_-70_washer_head,R01_EQUIPMENT_FASTENER_KIT,SIMPLIFIED_PROXY,SELECTED_STEEL_THREADLESS_STEP_VOLUME_MODEL,7.941003750479094e-05,,,10.115928344559356,7.85e-06,,"Replaces original proxy; original705 mass was null. Add this new bound model once, not only the geometric delta and not old+new. No supplier exact unit mass."
R01_W_upper_-1_-70_washer_nut,R01_EQUIPMENT_FASTENER_KIT,SIMPLIFIED_PROXY,SELECTED_STEEL_THREADLESS_STEP_VOLUME_MODEL,7.941003750479094e-05,,,10.115928344559356,7.85e-06,,"Replaces original proxy; original705 mass was null. Add this new bound model once, not only the geometric delta and not old+new. No supplier exact unit mass."
R01_W_upper_-1_130_nut,R01_EQUIPMENT_FASTENER_KIT,SIMPLIFIED_PROXY,SELECTED_STEEL_THREADLESS_STEP_VOLUME_MODEL,0.00036038442528506346,,,45.90884398535841,7.85e-06,,"Replaces original proxy; original705 mass was null. Add this new bound model once, not only the geometric delta and not old+new. No supplier exact unit mass."
R01_W_upper_-1_130_screw,R01_EQUIPMENT_FASTENER_KIT,SIMPLIFIED_PROXY,SELECTED_STEEL_THREADLESS_STEP_VOLUME_MODEL,0.0010496337556152593,,,133.71130644780374,7.85e-06,,"Replaces original proxy; original705 mass was null. Add this new bound model once, not only the geometric delta and not old+new. No supplier exact unit mass."
R01_W_upper_-1_130_washer_head,R01_EQUIPMENT_FASTENER_KIT,SIMPLIFIED_PROXY,SELECTED_STEEL_THREADLESS_STEP_VOLUME_MODEL,7.941003750479097e-05,,,10.115928344559359,7.85e-06,,"Replaces original proxy; original705 mass was null. Add this new bound model once, not only the geometric delta and not old+new. No supplier exact unit mass."
R01_W_upper_-1_130_washer_nut,R01_EQUIPMENT_FASTENER_KIT,SIMPLIFIED_PROXY,SELECTED_STEEL_THREADLESS_STEP_VOLUME_MODEL,7.941003750479097e-05,,,10.115928344559359,7.85e-06,,"Replaces original proxy; original705 mass was null. Add this new bound model once, not only the geometric delta and not old+new. No supplier exact unit mass."
R01_W_upper_-1_60_nut,R01_EQUIPMENT_FASTENER_KIT,SIMPLIFIED_PROXY,SELECTED_STEEL_THREADLESS_STEP_VOLUME_MODEL,0.00036038442528506356,,,45.908843985358416,7.85e-06,,"Replaces original proxy; original705 mass was null. Add this new bound model once, not only the geometric delta and not old+new. No supplier exact unit mass."
R01_W_upper_-1_60_screw,R01_EQUIPMENT_FASTENER_KIT,SIMPLIFIED_PROXY,SELECTED_STEEL_THREADLESS_STEP_VOLUME_MODEL,0.0010496337556152593,,,133.71130644780374,7.85e-06,,"Replaces original proxy; original705 mass was null. Add this new bound model once, not only the geometric delta and not old+new. No supplier exact unit mass."
R01_W_upper_-1_60_washer_head,R01_EQUIPMENT_FASTENER_KIT,SIMPLIFIED_PROXY,SELECTED_STEEL_THREADLESS_STEP_VOLUME_MODEL,7.941003750479095e-05,,,10.115928344559357,7.85e-06,,"Replaces original proxy; original705 mass was null. Add this new bound model once, not only the geometric delta and not old+new. No supplier exact unit mass."
R01_W_upper_-1_60_washer_nut,R01_EQUIPMENT_FASTENER_KIT,SIMPLIFIED_PROXY,SELECTED_STEEL_THREADLESS_STEP_VOLUME_MODEL,7.941003750479095e-05,,,10.115928344559357,7.85e-06,,"Replaces original proxy; original705 mass was null. Add this new bound model once, not only the geometric delta and not old+new. No supplier exact unit mass."
R01_W_upper_1_-130_nut,R01_EQUIPMENT_FASTENER_KIT,SIMPLIFIED_PROXY,SELECTED_STEEL_THREADLESS_STEP_VOLUME_MODEL,0.00036038442528506356,,,45.908843985358416,7.85e-06,,"Replaces original proxy; original705 mass was null. Add this new bound model once, not only the geometric delta and not old+new. No supplier exact unit mass."
R01_W_upper_1_-130_screw,R01_EQUIPMENT_FASTENER_KIT,SIMPLIFIED_PROXY,SELECTED_STEEL_THREADLESS_STEP_VOLUME_MODEL,0.0010496337556152593,,,133.71130644780374,7.85e-06,,"Replaces original proxy; original705 mass was null. Add this new bound model once, not only the geometric delta and not old+new. No supplier exact unit mass."
R01_W_upper_1_-130_washer_head,R01_EQUIPMENT_FASTENER_KIT,SIMPLIFIED_PROXY,SELECTED_STEEL_THREADLESS_STEP_VOLUME_MODEL,7.941003750479101e-05,,,10.115928344559364,7.85e-06,,"Replaces original proxy; original705 mass was null. Add this new bound model once, not only the geometric delta and not old+new. No supplier exact unit mass."
R01_W_upper_1_-130_washer_nut,R01_EQUIPMENT_FASTENER_KIT,SIMPLIFIED_PROXY,SELECTED_STEEL_THREADLESS_STEP_VOLUME_MODEL,7.941003750479101e-05,,,10.115928344559364,7.85e-06,,"Replaces original proxy; original705 mass was null. Add this new bound model once, not only the geometric delta and not old+new. No supplier exact unit mass."
R01_W_upper_1_-70_nut,R01_EQUIPMENT_FASTENER_KIT,SIMPLIFIED_PROXY,SELECTED_STEEL_THREADLESS_STEP_VOLUME_MODEL,0.00036038442528506335,,,45.908843985358395,7.85e-06,,"Replaces original proxy; original705 mass was null. Add this new bound model once, not only the geometric delta and not old+new. No supplier exact unit mass."
R01_W_upper_1_-70_screw,R01_EQUIPMENT_FASTENER_KIT,SIMPLIFIED_PROXY,SELECTED_STEEL_THREADLESS_STEP_VOLUME_MODEL,0.001049633755615259,,,133.7113064478037,7.85e-06,,"Replaces original proxy; original705 mass was null. Add this new bound model once, not only the geometric delta and not old+new. No supplier exact unit mass."
R01_W_upper_1_-70_washer_head,R01_EQUIPMENT_FASTENER_KIT,SIMPLIFIED_PROXY,SELECTED_STEEL_THREADLESS_STEP_VOLUME_MODEL,7.941003750479094e-05,,,10.115928344559356,7.85e-06,,"Replaces original proxy; original705 mass was null. Add this new bound model once, not only the geometric delta and not old+new. No supplier exact unit mass."
R01_W_upper_1_-70_washer_nut,R01_EQUIPMENT_FASTENER_KIT,SIMPLIFIED_PROXY,SELECTED_STEEL_THREADLESS_STEP_VOLUME_MODEL,7.941003750479094e-05,,,10.115928344559356,7.85e-06,,"Replaces original proxy; original705 mass was null. Add this new bound model once, not only the geometric delta and not old+new. No supplier exact unit mass."
R01_W_upper_1_130_nut,R01_EQUIPMENT_FASTENER_KIT,SIMPLIFIED_PROXY,SELECTED_STEEL_THREADLESS_STEP_VOLUME_MODEL,0.00036038442528506346,,,45.90884398535841,7.85e-06,,"Replaces original proxy; original705 mass was null. Add this new bound model once, not only the geometric delta and not old+new. No supplier exact unit mass."
R01_W_upper_1_130_screw,R01_EQUIPMENT_FASTENER_KIT,SIMPLIFIED_PROXY,SELECTED_STEEL_THREADLESS_STEP_VOLUME_MODEL,0.0010496337556152593,,,133.71130644780374,7.85e-06,,"Replaces original proxy; original705 mass was null. Add this new bound model once, not only the geometric delta and not old+new. No supplier exact unit mass."
R01_W_upper_1_130_washer_head,R01_EQUIPMENT_FASTENER_KIT,SIMPLIFIED_PROXY,SELECTED_STEEL_THREADLESS_STEP_VOLUME_MODEL,7.941003750479097e-05,,,10.115928344559359,7.85e-06,,"Replaces original proxy; original705 mass was null. Add this new bound model once, not only the geometric delta and not old+new. No supplier exact unit mass."
R01_W_upper_1_130_washer_nut,R01_EQUIPMENT_FASTENER_KIT,SIMPLIFIED_PROXY,SELECTED_STEEL_THREADLESS_STEP_VOLUME_MODEL,7.941003750479097e-05,,,10.115928344559359,7.85e-06,,"Replaces original proxy; original705 mass was null. Add this new bound model once, not only the geometric delta and not old+new. No supplier exact unit mass."
R01_W_upper_1_60_nut,R01_EQUIPMENT_FASTENER_KIT,SIMPLIFIED_PROXY,SELECTED_STEEL_THREADLESS_STEP_VOLUME_MODEL,0.00036038442528506346,,,45.90884398535841,7.85e-06,,"Replaces original proxy; original705 mass was null. Add this new bound model once, not only the geometric delta and not old+new. No supplier exact unit mass."
R01_W_upper_1_60_screw,R01_EQUIPMENT_FASTENER_KIT,SIMPLIFIED_PROXY,SELECTED_STEEL_THREADLESS_STEP_VOLUME_MODEL,0.0010496337556152593,,,133.71130644780374,7.85e-06,,"Replaces original proxy; original705 mass was null. Add this new bound model once, not only the geometric delta and not old+new. No supplier exact unit mass."
R01_W_upper_1_60_washer_head,R01_EQUIPMENT_FASTENER_KIT,SIMPLIFIED_PROXY,SELECTED_STEEL_THREADLESS_STEP_VOLUME_MODEL,7.941003750479095e-05,,,10.115928344559357,7.85e-06,,"Replaces original proxy; original705 mass was null. Add this new bound model once, not only the geometric delta and not old+new. No supplier exact unit mass."
R01_W_upper_1_60_washer_nut,R01_EQUIPMENT_FASTENER_KIT,SIMPLIFIED_PROXY,SELECTED_STEEL_THREADLESS_STEP_VOLUME_MODEL,7.941003750479095e-05,,,10.115928344559357,7.85e-06,,"Replaces original proxy; original705 mass was null. Add this new bound model once, not only the geometric delta and not old+new. No supplier exact unit mass."
R07_HOLD_0_-1_INNER_nut,R07_ROOT_AND_RETENTION_FASTENER_KIT,SIMPLIFIED_PROXY,UNRESOLVED_PHYSICAL_MASS,,,,,,,
R07_HOLD_0_-1_INNER_screw,R07_ROOT_AND_RETENTION_FASTENER_KIT,SIMPLIFIED_PROXY,UNRESOLVED_PHYSICAL_MASS,,,,,,,
R07_HOLD_0_-1_INNER_washer_head,R07_ROOT_AND_RETENTION_FASTENER_KIT,SIMPLIFIED_PROXY,UNRESOLVED_PHYSICAL_MASS,,,,,,,
R07_HOLD_0_-1_INNER_washer_nut,R07_ROOT_AND_RETENTION_FASTENER_KIT,SIMPLIFIED_PROXY,UNRESOLVED_PHYSICAL_MASS,,,,,,,
R07_HOLD_0_-1_OUTER_nut,R07_ROOT_AND_RETENTION_FASTENER_KIT,SIMPLIFIED_PROXY,UNRESOLVED_PHYSICAL_MASS,,,,,,,
R07_HOLD_0_-1_OUTER_screw,R07_ROOT_AND_RETENTION_FASTENER_KIT,SIMPLIFIED_PROXY,UNRESOLVED_PHYSICAL_MASS,,,,,,,
R07_HOLD_0_-1_OUTER_sleeve,R07_ROOT_AND_RETENTION_FASTENER_KIT,SIMPLIFIED_PROXY,UNRESOLVED_PHYSICAL_MASS,,,,,,,
R07_HOLD_0_-1_OUTER_washer_head,R07_ROOT_AND_RETENTION_FASTENER_KIT,SIMPLIFIED_PROXY,UNRESOLVED_PHYSICAL_MASS,,,,,,,
R07_HOLD_0_-1_OUTER_washer_nut,R07_ROOT_AND_RETENTION_FASTENER_KIT,SIMPLIFIED_PROXY,UNRESOLVED_PHYSICAL_MASS,,,,,,,
R07_HOLD_0_1_INNER_nut,R07_ROOT_AND_RETENTION_FASTENER_KIT,SIMPLIFIED_PROXY,UNRESOLVED_PHYSICAL_MASS,,,,,,,
R07_HOLD_0_1_INNER_screw,R07_ROOT_AND_RETENTION_FASTENER_KIT,SIMPLIFIED_PROXY,UNRESOLVED_PHYSICAL_MASS,,,,,,,
R07_HOLD_0_1_INNER_washer_head,R07_ROOT_AND_RETENTION_FASTENER_KIT,SIMPLIFIED_PROXY,UNRESOLVED_PHYSICAL_MASS,,,,,,,
R07_HOLD_0_1_INNER_washer_nut,R07_ROOT_AND_RETENTION_FASTENER_KIT,SIMPLIFIED_PROXY,UNRESOLVED_PHYSICAL_MASS,,,,,,,
R07_HOLD_0_1_OUTER_nut,R07_ROOT_AND_RETENTION_FASTENER_KIT,SIMPLIFIED_PROXY,UNRESOLVED_PHYSICAL_MASS,,,,,,,
R07_HOLD_0_1_OUTER_screw,R07_ROOT_AND_RETENTION_FASTENER_KIT,SIMPLIFIED_PROXY,UNRESOLVED_PHYSICAL_MASS,,,,,,,
R07_HOLD_0_1_OUTER_sleeve,R07_ROOT_AND_RETENTION_FASTENER_KIT,SIMPLIFIED_PROXY,UNRESOLVED_PHYSICAL_MASS,,,,,,,
R07_HOLD_0_1_OUTER_washer_head,R07_ROOT_AND_RETENTION_FASTENER_KIT,SIMPLIFIED_PROXY,UNRESOLVED_PHYSICAL_MASS,,,,,,,
R07_HOLD_0_1_OUTER_washer_nut,R07_ROOT_AND_RETENTION_FASTENER_KIT,SIMPLIFIED_PROXY,UNRESOLVED_PHYSICAL_MASS,,,,,,,
R07_HOLD_1_-1_INNER_nut,R07_ROOT_AND_RETENTION_FASTENER_KIT,SIMPLIFIED_PROXY,UNRESOLVED_PHYSICAL_MASS,,,,,,,
R07_HOLD_1_-1_INNER_screw,R07_ROOT_AND_RETENTION_FASTENER_KIT,SIMPLIFIED_PROXY,UNRESOLVED_PHYSICAL_MASS,,,,,,,
R07_HOLD_1_-1_INNER_washer_head,R07_ROOT_AND_RETENTION_FASTENER_KIT,SIMPLIFIED_PROXY,UNRESOLVED_PHYSICAL_MASS,,,,,,,
R07_HOLD_1_-1_INNER_washer_nut,R07_ROOT_AND_RETENTION_FASTENER_KIT,SIMPLIFIED_PROXY,UNRESOLVED_PHYSICAL_MASS,,,,,,,
R07_HOLD_1_-1_OUTER_nut,R07_ROOT_AND_RETENTION_FASTENER_KIT,SIMPLIFIED_PROXY,UNRESOLVED_PHYSICAL_MASS,,,,,,,
R07_HOLD_1_-1_OUTER_screw,R07_ROOT_AND_RETENTION_FASTENER_KIT,SIMPLIFIED_PROXY,UNRESOLVED_PHYSICAL_MASS,,,,,,,
R07_HOLD_1_-1_OUTER_sleeve,R07_ROOT_AND_RETENTION_FASTENER_KIT,SIMPLIFIED_PROXY,UNRESOLVED_PHYSICAL_MASS,,,,,,,
R07_HOLD_1_-1_OUTER_washer_head,R07_ROOT_AND_RETENTION_FASTENER_KIT,SIMPLIFIED_PROXY,UNRESOLVED_PHYSICAL_MASS,,,,,,,
R07_HOLD_1_-1_OUTER_washer_nut,R07_ROOT_AND_RETENTION_FASTENER_KIT,SIMPLIFIED_PROXY,UNRESOLVED_PHYSICAL_MASS,,,,,,,
R07_HOLD_1_1_INNER_nut,R07_ROOT_AND_RETENTION_FASTENER_KIT,SIMPLIFIED_PROXY,UNRESOLVED_PHYSICAL_MASS,,,,,,,
R07_HOLD_1_1_INNER_screw,R07_ROOT_AND_RETENTION_FASTENER_KIT,SIMPLIFIED_PROXY,UNRESOLVED_PHYSICAL_MASS,,,,,,,
R07_HOLD_1_1_INNER_washer_head,R07_ROOT_AND_RETENTION_FASTENER_KIT,SIMPLIFIED_PROXY,UNRESOLVED_PHYSICAL_MASS,,,,,,,
R07_HOLD_1_1_INNER_washer_nut,R07_ROOT_AND_RETENTION_FASTENER_KIT,SIMPLIFIED_PROXY,UNRESOLVED_PHYSICAL_MASS,,,,,,,
R07_HOLD_1_1_OUTER_nut,R07_ROOT_AND_RETENTION_FASTENER_KIT,SIMPLIFIED_PROXY,UNRESOLVED_PHYSICAL_MASS,,,,,,,
R07_HOLD_1_1_OUTER_screw,R07_ROOT_AND_RETENTION_FASTENER_KIT,SIMPLIFIED_PROXY,UNRESOLVED_PHYSICAL_MASS,,,,,,,
R07_HOLD_1_1_OUTER_sleeve,R07_ROOT_AND_RETENTION_FASTENER_KIT,SIMPLIFIED_PROXY,UNRESOLVED_PHYSICAL_MASS,,,,,,,
R07_HOLD_1_1_OUTER_washer_head,R07_ROOT_AND_RETENTION_FASTENER_KIT,SIMPLIFIED_PROXY,UNRESOLVED_PHYSICAL_MASS,,,,,,,
R07_HOLD_1_1_OUTER_washer_nut,R07_ROOT_AND_RETENTION_FASTENER_KIT,SIMPLIFIED_PROXY,UNRESOLVED_PHYSICAL_MASS,,,,,,,
R07_RAIL_-1_-1_-164_nut,R07_ROOT_AND_RETENTION_FASTENER_KIT,SIMPLIFIED_PROXY,UNRESOLVED_PHYSICAL_MASS,,,,,,,
R07_RAIL_-1_-1_-164_screw,R07_ROOT_AND_RETENTION_FASTENER_KIT,SIMPLIFIED_PROXY,UNRESOLVED_PHYSICAL_MASS,,,,,,,
R07_RAIL_-1_-1_-164_washer_head,R07_ROOT_AND_RETENTION_FASTENER_KIT,SIMPLIFIED_PROXY,UNRESOLVED_PHYSICAL_MASS,,,,,,,
R07_RAIL_-1_-1_-164_washer_nut,R07_ROOT_AND_RETENTION_FASTENER_KIT,SIMPLIFIED_PROXY,UNRESOLVED_PHYSICAL_MASS,,,,,,,
R07_RAIL_-1_-1_15_nut,R07_ROOT_AND_RETENTION_FASTENER_KIT,SIMPLIFIED_PROXY,UNRESOLVED_PHYSICAL_MASS,,,,,,,
R07_RAIL_-1_-1_15_screw,R07_ROOT_AND_RETENTION_FASTENER_KIT,SIMPLIFIED_PROXY,UNRESOLVED_PHYSICAL_MASS,,,,,,,
R07_RAIL_-1_-1_15_sleeve,R07_ROOT_AND_RETENTION_FASTENER_KIT,SIMPLIFIED_PROXY,UNRESOLVED_PHYSICAL_MASS,,,,,,,
R07_RAIL_-1_-1_15_washer_head,R07_ROOT_AND_RETENTION_FASTENER_KIT,SIMPLIFIED_PROXY,UNRESOLVED_PHYSICAL_MASS,,,,,,,
R07_RAIL_-1_-1_15_washer_nut,R07_ROOT_AND_RETENTION_FASTENER_KIT,SIMPLIFIED_PROXY,UNRESOLVED_PHYSICAL_MASS,,,,,,,
R07_RAIL_-1_-1_164_nut,R07_ROOT_AND_RETENTION_FASTENER_KIT,SIMPLIFIED_PROXY,UNRESOLVED_PHYSICAL_MASS,,,,,,,
R07_RAIL_-1_-1_164_screw,R07_ROOT_AND_RETENTION_FASTENER_KIT,SIMPLIFIED_PROXY,UNRESOLVED_PHYSICAL_MASS,,,,,,,
R07_RAIL_-1_-1_164_washer_head,R07_ROOT_AND_RETENTION_FASTENER_KIT,SIMPLIFIED_PROXY,UNRESOLVED_PHYSICAL_MASS,,,,,,,
R07_RAIL_-1_-1_164_washer_nut,R07_ROOT_AND_RETENTION_FASTENER_KIT,SIMPLIFIED_PROXY,UNRESOLVED_PHYSICAL_MASS,,,,,,,
R07_RAIL_-1_1_-164_nut,R07_ROOT_AND_RETENTION_FASTENER_KIT,SIMPLIFIED_PROXY,UNRESOLVED_PHYSICAL_MASS,,,,,,,
R07_RAIL_-1_1_-164_screw,R07_ROOT_AND_RETENTION_FASTENER_KIT,SIMPLIFIED_PROXY,UNRESOLVED_PHYSICAL_MASS,,,,,,,
R07_RAIL_-1_1_-164_washer_head,R07_ROOT_AND_RETENTION_FASTENER_KIT,SIMPLIFIED_PROXY,UNRESOLVED_PHYSICAL_MASS,,,,,,,
R07_RAIL_-1_1_-164_washer_nut,R07_ROOT_AND_RETENTION_FASTENER_KIT,SIMPLIFIED_PROXY,UNRESOLVED_PHYSICAL_MASS,,,,,,,
R07_RAIL_-1_1_15_nut,R07_ROOT_AND_RETENTION_FASTENER_KIT,SIMPLIFIED_PROXY,UNRESOLVED_PHYSICAL_MASS,,,,,,,
R07_RAIL_-1_1_15_screw,R07_ROOT_AND_RETENTION_FASTENER_KIT,SIMPLIFIED_PROXY,UNRESOLVED_PHYSICAL_MASS,,,,,,,
R07_RAIL_-1_1_15_sleeve,R07_ROOT_AND_RETENTION_FASTENER_KIT,SIMPLIFIED_PROXY,UNRESOLVED_PHYSICAL_MASS,,,,,,,
R07_RAIL_-1_1_15_washer_head,R07_ROOT_AND_RETENTION_FASTENER_KIT,SIMPLIFIED_PROXY,UNRESOLVED_PHYSICAL_MASS,,,,,,,
R07_RAIL_-1_1_15_washer_nut,R07_ROOT_AND_RETENTION_FASTENER_KIT,SIMPLIFIED_PROXY,UNRESOLVED_PHYSICAL_MASS,,,,,,,
R07_RAIL_-1_1_164_nut,R07_ROOT_AND_RETENTION_FASTENER_KIT,SIMPLIFIED_PROXY,UNRESOLVED_PHYSICAL_MASS,,,,,,,
R07_RAIL_-1_1_164_screw,R07_ROOT_AND_RETENTION_FASTENER_KIT,SIMPLIFIED_PROXY,UNRESOLVED_PHYSICAL_MASS,,,,,,,
R07_RAIL_-1_1_164_washer_head,R07_ROOT_AND_RETENTION_FASTENER_KIT,SIMPLIFIED_PROXY,UNRESOLVED_PHYSICAL_MASS,,,,,,,
R07_RAIL_-1_1_164_washer_nut,R07_ROOT_AND_RETENTION_FASTENER_KIT,SIMPLIFIED_PROXY,UNRESOLVED_PHYSICAL_MASS,,,,,,,
R07_RAIL_1_-1_-164_nut,R07_ROOT_AND_RETENTION_FASTENER_KIT,SIMPLIFIED_PROXY,UNRESOLVED_PHYSICAL_MASS,,,,,,,
R07_RAIL_1_-1_-164_screw,R07_ROOT_AND_RETENTION_FASTENER_KIT,SIMPLIFIED_PROXY,UNRESOLVED_PHYSICAL_MASS,,,,,,,
R07_RAIL_1_-1_-164_washer_head,R07_ROOT_AND_RETENTION_FASTENER_KIT,SIMPLIFIED_PROXY,UNRESOLVED_PHYSICAL_MASS,,,,,,,
R07_RAIL_1_-1_-164_washer_nut,R07_ROOT_AND_RETENTION_FASTENER_KIT,SIMPLIFIED_PROXY,UNRESOLVED_PHYSICAL_MASS,,,,,,,
R07_RAIL_1_-1_15_nut,R07_ROOT_AND_RETENTION_FASTENER_KIT,SIMPLIFIED_PROXY,UNRESOLVED_PHYSICAL_MASS,,,,,,,
R07_RAIL_1_-1_15_screw,R07_ROOT_AND_RETENTION_FASTENER_KIT,SIMPLIFIED_PROXY,UNRESOLVED_PHYSICAL_MASS,,,,,,,
R07_RAIL_1_-1_15_sleeve,R07_ROOT_AND_RETENTION_FASTENER_KIT,SIMPLIFIED_PROXY,UNRESOLVED_PHYSICAL_MASS,,,,,,,
R07_RAIL_1_-1_15_washer_head,R07_ROOT_AND_RETENTION_FASTENER_KIT,SIMPLIFIED_PROXY,UNRESOLVED_PHYSICAL_MASS,,,,,,,
R07_RAIL_1_-1_15_washer_nut,R07_ROOT_AND_RETENTION_FASTENER_KIT,SIMPLIFIED_PROXY,UNRESOLVED_PHYSICAL_MASS,,,,,,,
R07_RAIL_1_-1_164_nut,R07_ROOT_AND_RETENTION_FASTENER_KIT,SIMPLIFIED_PROXY,UNRESOLVED_PHYSICAL_MASS,,,,,,,
R07_RAIL_1_-1_164_screw,R07_ROOT_AND_RETENTION_FASTENER_KIT,SIMPLIFIED_PROXY,UNRESOLVED_PHYSICAL_MASS,,,,,,,
R07_RAIL_1_-1_164_washer_head,R07_ROOT_AND_RETENTION_FASTENER_KIT,SIMPLIFIED_PROXY,UNRESOLVED_PHYSICAL_MASS,,,,,,,
R07_RAIL_1_-1_164_washer_nut,R07_ROOT_AND_RETENTION_FASTENER_KIT,SIMPLIFIED_PROXY,UNRESOLVED_PHYSICAL_MASS,,,,,,,
R07_RAIL_1_1_-164_nut,R07_ROOT_AND_RETENTION_FASTENER_KIT,SIMPLIFIED_PROXY,UNRESOLVED_PHYSICAL_MASS,,,,,,,
R07_RAIL_1_1_-164_screw,R07_ROOT_AND_RETENTION_FASTENER_KIT,SIMPLIFIED_PROXY,UNRESOLVED_PHYSICAL_MASS,,,,,,,
R07_RAIL_1_1_-164_washer_head,R07_ROOT_AND_RETENTION_FASTENER_KIT,SIMPLIFIED_PROXY,UNRESOLVED_PHYSICAL_MASS,,,,,,,
R07_RAIL_1_1_-164_washer_nut,R07_ROOT_AND_RETENTION_FASTENER_KIT,SIMPLIFIED_PROXY,UNRESOLVED_PHYSICAL_MASS,,,,,,,
R07_RAIL_1_1_15_nut,R07_ROOT_AND_RETENTION_FASTENER_KIT,SIMPLIFIED_PROXY,UNRESOLVED_PHYSICAL_MASS,,,,,,,
R07_RAIL_1_1_15_screw,R07_ROOT_AND_RETENTION_FASTENER_KIT,SIMPLIFIED_PROXY,UNRESOLVED_PHYSICAL_MASS,,,,,,,
R07_RAIL_1_1_15_sleeve,R07_ROOT_AND_RETENTION_FASTENER_KIT,SIMPLIFIED_PROXY,UNRESOLVED_PHYSICAL_MASS,,,,,,,
R07_RAIL_1_1_15_washer_head,R07_ROOT_AND_RETENTION_FASTENER_KIT,SIMPLIFIED_PROXY,UNRESOLVED_PHYSICAL_MASS,,,,,,,
R07_RAIL_1_1_15_washer_nut,R07_ROOT_AND_RETENTION_FASTENER_KIT,SIMPLIFIED_PROXY,UNRESOLVED_PHYSICAL_MASS,,,,,,,
R07_RAIL_1_1_164_nut,R07_ROOT_AND_RETENTION_FASTENER_KIT,SIMPLIFIED_PROXY,UNRESOLVED_PHYSICAL_MASS,,,,,,,
R07_RAIL_1_1_164_screw,R07_ROOT_AND_RETENTION_FASTENER_KIT,SIMPLIFIED_PROXY,UNRESOLVED_PHYSICAL_MASS,,,,,,,
R07_RAIL_1_1_164_washer_head,R07_ROOT_AND_RETENTION_FASTENER_KIT,SIMPLIFIED_PROXY,UNRESOLVED_PHYSICAL_MASS,,,,,,,
R07_RAIL_1_1_164_washer_nut,R07_ROOT_AND_RETENTION_FASTENER_KIT,SIMPLIFIED_PROXY,UNRESOLVED_PHYSICAL_MASS,,,,,,,
R07_rear_axial_washer_-1_-1,R07_ROOT_AND_RETENTION_FASTENER_KIT,SIMPLIFIED_PROXY,UNRESOLVED_PHYSICAL_MASS,,,,,,,
R07_rear_axial_washer_-1_1,R07_ROOT_AND_RETENTION_FASTENER_KIT,SIMPLIFIED_PROXY,UNRESOLVED_PHYSICAL_MASS,,,,,,,
R07_rear_axial_washer_1_-1,R07_ROOT_AND_RETENTION_FASTENER_KIT,SIMPLIFIED_PROXY,UNRESOLVED_PHYSICAL_MASS,,,,,,,
R07_rear_axial_washer_1_1,R07_ROOT_AND_RETENTION_FASTENER_KIT,SIMPLIFIED_PROXY,UNRESOLVED_PHYSICAL_MASS,,,,,,,
R07_upper_cap_160_-1,R07_ROOT_METAL_CAPS,PHYSICAL_GEOMETRY,SOURCE_BOUND_CANDIDATE_MATERIAL,0.00256115013249746,,,948.5741231472074,2.7e-06,,
R07_upper_cap_160_1,R07_ROOT_METAL_CAPS,PHYSICAL_GEOMETRY,SOURCE_BOUND_CANDIDATE_MATERIAL,0.00256115013249746,,,948.5741231472074,2.7e-06,,
R07_upper_cap_20_-1,R07_ROOT_METAL_CAPS,PHYSICAL_GEOMETRY,SOURCE_BOUND_CANDIDATE_MATERIAL,0.002561150132497458,,,948.5741231472067,2.7e-06,,
R07_upper_cap_20_1,R07_ROOT_METAL_CAPS,PHYSICAL_GEOMETRY,SOURCE_BOUND_CANDIDATE_MATERIAL,0.0025611501324974578,,,948.5741231472066,2.7e-06,,
RB_end_frame_-1,ROOT_FRAME_METAL,PHYSICAL_GEOMETRY,SOURCE_BOUND_CANDIDATE_MATERIAL,0.16560908052998966,,,61336.69649258876,2.7e-06,,
RB_end_frame_1,ROOT_FRAME_METAL,PHYSICAL_GEOMETRY,SOURCE_BOUND_CANDIDATE_MATERIAL,0.16560908052998966,,,61336.69649258876,2.7e-06,,
RB_end_plug_-1_-1_-1,ROOT_FRAME_METAL,PHYSICAL_GEOMETRY,SOURCE_BOUND_CANDIDATE_MATERIAL,0.002584907503737639,,,957.3731495324589,2.7e-06,,
RB_end_plug_-1_-1_1,ROOT_FRAME_METAL,PHYSICAL_GEOMETRY,SOURCE_BOUND_CANDIDATE_MATERIAL,0.002584907503737639,,,957.3731495324589,2.7e-06,,
RB_end_plug_-1_1_-1,ROOT_FRAME_METAL,PHYSICAL_GEOMETRY,SOURCE_BOUND_CANDIDATE_MATERIAL,0.002584907503737639,,,957.3731495324589,2.7e-06,,
RB_end_plug_-1_1_1,ROOT_FRAME_METAL,PHYSICAL_GEOMETRY,SOURCE_BOUND_CANDIDATE_MATERIAL,0.002584907503737639,,,957.3731495324589,2.7e-06,,
RB_end_plug_1_-1_-1,ROOT_FRAME_METAL,PHYSICAL_GEOMETRY,SOURCE_BOUND_CANDIDATE_MATERIAL,0.002584907105323995,,,957.37300197185,2.7e-06,,
RB_end_plug_1_-1_1,ROOT_FRAME_METAL,PHYSICAL_GEOMETRY,SOURCE_BOUND_CANDIDATE_MATERIAL,0.002584907105323995,,,957.37300197185,2.7e-06,,
RB_end_plug_1_1_-1,ROOT_FRAME_METAL,PHYSICAL_GEOMETRY,SOURCE_BOUND_CANDIDATE_MATERIAL,0.002584907105323995,,,957.37300197185,2.7e-06,,
RB_end_plug_1_1_1,ROOT_FRAME_METAL,PHYSICAL_GEOMETRY,SOURCE_BOUND_CANDIDATE_MATERIAL,0.002584907105323995,,,957.37300197185,2.7e-06,,
RB_end_screw_-1_-1_-1,ROOT_FRAME_FASTENER_KIT,SIMPLIFIED_PROXY,UNRESOLVED_PHYSICAL_MASS,,,,,,,
RB_end_screw_-1_-1_1,ROOT_FRAME_FASTENER_KIT,SIMPLIFIED_PROXY,UNRESOLVED_PHYSICAL_MASS,,,,,,,
RB_end_screw_-1_1_-1,ROOT_FRAME_FASTENER_KIT,SIMPLIFIED_PROXY,UNRESOLVED_PHYSICAL_MASS,,,,,,,
RB_end_screw_-1_1_1,ROOT_FRAME_FASTENER_KIT,SIMPLIFIED_PROXY,UNRESOLVED_PHYSICAL_MASS,,,,,,,
RB_end_screw_1_-1_-1,ROOT_FRAME_FASTENER_KIT,SIMPLIFIED_PROXY,UNRESOLVED_PHYSICAL_MASS,,,,,,,
RB_end_screw_1_-1_1,ROOT_FRAME_FASTENER_KIT,SIMPLIFIED_PROXY,UNRESOLVED_PHYSICAL_MASS,,,,,,,
RB_end_screw_1_1_-1,ROOT_FRAME_FASTENER_KIT,SIMPLIFIED_PROXY,UNRESOLVED_PHYSICAL_MASS,,,,,,,
RB_end_screw_1_1_1,ROOT_FRAME_FASTENER_KIT,SIMPLIFIED_PROXY,UNRESOLVED_PHYSICAL_MASS,,,,,,,
RB_longeron_-1_-1,ROOT_FRAME_METAL,PHYSICAL_GEOMETRY,SOURCE_BOUND_CANDIDATE_MATERIAL,0.07516425714576416,,,27838.613757690433,2.7e-06,,
RB_longeron_-1_1,ROOT_FRAME_METAL,PHYSICAL_GEOMETRY,SOURCE_BOUND_CANDIDATE_MATERIAL,0.07501683476890202,,,27784.01287737112,2.7e-06,,
RB_longeron_1_-1,ROOT_FRAME_METAL,PHYSICAL_GEOMETRY,SOURCE_BOUND_CANDIDATE_MATERIAL,0.07516425714576419,,,27838.61375769044,2.7e-06,,
RB_longeron_1_1,ROOT_FRAME_METAL,PHYSICAL_GEOMETRY,SOURCE_BOUND_CANDIDATE_MATERIAL,0.07501683476890202,,,27784.01287737112,2.7e-06,,
RB_lower_beam_160,ROOT_FRAME_METAL,PHYSICAL_GEOMETRY,SOURCE_BOUND_CANDIDATE_MATERIAL,0.04536634026499492,,,16802.348246294416,2.7e-06,,
RB_lower_beam_20,ROOT_FRAME_METAL,PHYSICAL_GEOMETRY,SOURCE_BOUND_CANDIDATE_MATERIAL,0.04536634026499492,,,16802.348246294416,2.7e-06,,
RB_lower_spacer_0,ROOT_FRAME_METAL,PHYSICAL_GEOMETRY,SOURCE_BOUND_CANDIDATE_MATERIAL,0.002496350132497458,,,924.5741231472067,2.7e-06,,
RB_lower_spacer_1,ROOT_FRAME_METAL,PHYSICAL_GEOMETRY,SOURCE_BOUND_CANDIDATE_MATERIAL,0.002496350132497458,,,924.5741231472067,2.7e-06,,
RB_lower_spacer_2,ROOT_FRAME_METAL,PHYSICAL_GEOMETRY,SOURCE_BOUND_CANDIDATE_MATERIAL,0.0024963501324974597,,,924.5741231472073,2.7e-06,,
RB_lower_spacer_3,ROOT_FRAME_METAL,PHYSICAL_GEOMETRY,SOURCE_BOUND_CANDIDATE_MATERIAL,0.0024963501324974597,,,924.5741231472073,2.7e-06,,
RB_pillar_0,ROOT_FRAME_METAL,PHYSICAL_GEOMETRY,SOURCE_BOUND_CANDIDATE_MATERIAL,0.05010336,,,18556.8,2.7e-06,,
RB_pillar_1,ROOT_FRAME_METAL,PHYSICAL_GEOMETRY,SOURCE_BOUND_CANDIDATE_MATERIAL,0.05010336,,,18556.8,2.7e-06,,
RB_pillar_2,ROOT_FRAME_METAL,PHYSICAL_GEOMETRY,SOURCE_BOUND_CANDIDATE_MATERIAL,0.05010336,,,18556.8,2.7e-06,,
RB_pillar_3,ROOT_FRAME_METAL,PHYSICAL_GEOMETRY,SOURCE_BOUND_CANDIDATE_MATERIAL,0.05010336,,,18556.8,2.7e-06,,
RB_pillar_bottom_washer_0,ROOT_FRAME_FASTENER_KIT,SIMPLIFIED_PROXY,UNRESOLVED_PHYSICAL_MASS,,,,,,,
RB_pillar_bottom_washer_1,ROOT_FRAME_FASTENER_KIT,SIMPLIFIED_PROXY,UNRESOLVED_PHYSICAL_MASS,,,,,,,
RB_pillar_bottom_washer_2,ROOT_FRAME_FASTENER_KIT,SIMPLIFIED_PROXY,UNRESOLVED_PHYSICAL_MASS,,,,,,,
RB_pillar_bottom_washer_3,ROOT_FRAME_FASTENER_KIT,SIMPLIFIED_PROXY,UNRESOLVED_PHYSICAL_MASS,,,,,,,
RB_pillar_nut_0,ROOT_FRAME_FASTENER_KIT,SIMPLIFIED_PROXY,UNRESOLVED_PHYSICAL_MASS,,,,,,,
RB_pillar_nut_1,ROOT_FRAME_FASTENER_KIT,SIMPLIFIED_PROXY,UNRESOLVED_PHYSICAL_MASS,,,,,,,
RB_pillar_nut_2,ROOT_FRAME_FASTENER_KIT,SIMPLIFIED_PROXY,UNRESOLVED_PHYSICAL_MASS,,,,,,,
RB_pillar_nut_3,ROOT_FRAME_FASTENER_KIT,SIMPLIFIED_PROXY,UNRESOLVED_PHYSICAL_MASS,,,,,,,
RB_pillar_plug_0_bottom,ROOT_FRAME_METAL,PHYSICAL_GEOMETRY,SOURCE_BOUND_CANDIDATE_MATERIAL,0.0035469656866598883,,,1313.6909950592178,2.7e-06,,
RB_pillar_plug_0_top,ROOT_FRAME_METAL,PHYSICAL_GEOMETRY,SOURCE_BOUND_CANDIDATE_MATERIAL,0.0035469656866598883,,,1313.6909950592178,2.7e-06,,
RB_pillar_plug_1_bottom,ROOT_FRAME_METAL,PHYSICAL_GEOMETRY,SOURCE_BOUND_CANDIDATE_MATERIAL,0.0035469656866598883,,,1313.6909950592178,2.7e-06,,
RB_pillar_plug_1_top,ROOT_FRAME_METAL,PHYSICAL_GEOMETRY,SOURCE_BOUND_CANDIDATE_MATERIAL,0.0035469656866598883,,,1313.6909950592178,2.7e-06,,
RB_pillar_plug_2_bottom,ROOT_FRAME_METAL,PHYSICAL_GEOMETRY,SOURCE_BOUND_CANDIDATE_MATERIAL,0.0035469656866598883,,,1313.6909950592178,2.7e-06,,
RB_pillar_plug_2_top,ROOT_FRAME_METAL,PHYSICAL_GEOMETRY,SOURCE_BOUND_CANDIDATE_MATERIAL,0.0035469656866598883,,,1313.6909950592178,2.7e-06,,
RB_pillar_plug_3_bottom,ROOT_FRAME_METAL,PHYSICAL_GEOMETRY,SOURCE_BOUND_CANDIDATE_MATERIAL,0.0035469656866598883,,,1313.6909950592178,2.7e-06,,
RB_pillar_plug_3_top,ROOT_FRAME_METAL,PHYSICAL_GEOMETRY,SOURCE_BOUND_CANDIDATE_MATERIAL,0.0035469656866598883,,,1313.6909950592178,2.7e-06,,
RB_pillar_tierod_0,ROOT_FRAME_FASTENER_KIT,SIMPLIFIED_PROXY,UNRESOLVED_PHYSICAL_MASS,,,,,,,
RB_pillar_tierod_1,ROOT_FRAME_FASTENER_KIT,SIMPLIFIED_PROXY,UNRESOLVED_PHYSICAL_MASS,,,,,,,
RB_pillar_tierod_2,ROOT_FRAME_FASTENER_KIT,SIMPLIFIED_PROXY,UNRESOLVED_PHYSICAL_MASS,,,,,,,
RB_pillar_tierod_3,ROOT_FRAME_FASTENER_KIT,SIMPLIFIED_PROXY,UNRESOLVED_PHYSICAL_MASS,,,,,,,
RB_pillar_top_washer_0,ROOT_FRAME_FASTENER_KIT,SIMPLIFIED_PROXY,UNRESOLVED_PHYSICAL_MASS,,,,,,,
RB_pillar_top_washer_1,ROOT_FRAME_FASTENER_KIT,SIMPLIFIED_PROXY,UNRESOLVED_PHYSICAL_MASS,,,,,,,
RB_pillar_top_washer_2,ROOT_FRAME_FASTENER_KIT,SIMPLIFIED_PROXY,UNRESOLVED_PHYSICAL_MASS,,,,,,,
RB_pillar_top_washer_3,ROOT_FRAME_FASTENER_KIT,SIMPLIFIED_PROXY,UNRESOLVED_PHYSICAL_MASS,,,,,,,
RB_upper_beam_160,ROOT_FRAME_METAL,PHYSICAL_GEOMETRY,SOURCE_BOUND_CANDIDATE_MATERIAL,0.08851574655894578,,,32783.60983664659,2.7e-06,,
RB_upper_beam_20,ROOT_FRAME_METAL,PHYSICAL_GEOMETRY,SOURCE_BOUND_CANDIDATE_MATERIAL,0.08851574655894578,,,32783.60983664659,2.7e-06,,
TIEROD_DUAL_0,HARNESS_RESTRAINT_HARDWARE,SIMPLIFIED_PROXY,UNRESOLVED_PHYSICAL_MASS,,,,,,,
TIEROD_DUAL_1,HARNESS_RESTRAINT_HARDWARE,SIMPLIFIED_PROXY,UNRESOLVED_PHYSICAL_MASS,,,,,,,
TIEROD_PWR_0,HARNESS_RESTRAINT_HARDWARE,SIMPLIFIED_PROXY,UNRESOLVED_PHYSICAL_MASS,,,,,,,
TIEROD_PWR_1,HARNESS_RESTRAINT_HARDWARE,SIMPLIFIED_PROXY,UNRESOLVED_PHYSICAL_MASS,,,,,,,
WP01-MT-M3RA-REUSED,ROOT_FRAME_METAL,PHYSICAL_GEOMETRY,SOURCE_BOUND_CANDIDATE_MATERIAL,0.3450189608989678,,,127784.80033295102,2.7e-06,,
WP01-MT-M3RB-REUSED,ROOT_FRAME_METAL,PHYSICAL_GEOMETRY,SOURCE_BOUND_CANDIDATE_MATERIAL,0.4373082870146954,,,161966.03222766495,2.7e-06,,
WP01-RB-BRIDGE-R2,ROOT_FRAME_METAL,PHYSICAL_GEOMETRY,SOURCE_BOUND_CANDIDATE_MATERIAL,0.5145966521960894,,,190591.35266521832,2.7e-06,,
WP06_nut_-1_-94,PRIMARY_STRUCTURE_FASTENER_KIT,SIMPLIFIED_PROXY,UNRESOLVED_PHYSICAL_MASS,,,,,,,
WP06_nut_-1_94,PRIMARY_STRUCTURE_FASTENER_KIT,SIMPLIFIED_PROXY,UNRESOLVED_PHYSICAL_MASS,,,,,,,
WP06_nut_1_-94,PRIMARY_STRUCTURE_FASTENER_KIT,SIMPLIFIED_PROXY,UNRESOLVED_PHYSICAL_MASS,,,,,,,
WP06_nut_1_94,PRIMARY_STRUCTURE_FASTENER_KIT,SIMPLIFIED_PROXY,UNRESOLVED_PHYSICAL_MASS,,,,,,,
WP06_screw_-1_-94,PRIMARY_STRUCTURE_FASTENER_KIT,SIMPLIFIED_PROXY,UNRESOLVED_PHYSICAL_MASS,,,,,,,
WP06_screw_-1_94,PRIMARY_STRUCTURE_FASTENER_KIT,SIMPLIFIED_PROXY,UNRESOLVED_PHYSICAL_MASS,,,,,,,
WP06_screw_1_-94,PRIMARY_STRUCTURE_FASTENER_KIT,SIMPLIFIED_PROXY,UNRESOLVED_PHYSICAL_MASS,,,,,,,
WP06_screw_1_94,PRIMARY_STRUCTURE_FASTENER_KIT,SIMPLIFIED_PROXY,UNRESOLVED_PHYSICAL_MASS,,,,,,,
WP06_washer_inner_-1_-94,PRIMARY_STRUCTURE_FASTENER_KIT,SIMPLIFIED_PROXY,UNRESOLVED_PHYSICAL_MASS,,,,,,,
WP06_washer_inner_-1_94,PRIMARY_STRUCTURE_FASTENER_KIT,SIMPLIFIED_PROXY,UNRESOLVED_PHYSICAL_MASS,,,,,,,
WP06_washer_inner_1_-94,PRIMARY_STRUCTURE_FASTENER_KIT,SIMPLIFIED_PROXY,UNRESOLVED_PHYSICAL_MASS,,,,,,,
WP06_washer_inner_1_94,PRIMARY_STRUCTURE_FASTENER_KIT,SIMPLIFIED_PROXY,UNRESOLVED_PHYSICAL_MASS,,,,,,,
WP06_washer_outer_-1_-94,PRIMARY_STRUCTURE_FASTENER_KIT,SIMPLIFIED_PROXY,UNRESOLVED_PHYSICAL_MASS,,,,,,,
WP06_washer_outer_-1_94,PRIMARY_STRUCTURE_FASTENER_KIT,SIMPLIFIED_PROXY,UNRESOLVED_PHYSICAL_MASS,,,,,,,
WP06_washer_outer_1_-94,PRIMARY_STRUCTURE_FASTENER_KIT,SIMPLIFIED_PROXY,UNRESOLVED_PHYSICAL_MASS,,,,,,,
WP06_washer_outer_1_94,PRIMARY_STRUCTURE_FASTENER_KIT,SIMPLIFIED_PROXY,UNRESOLVED_PHYSICAL_MASS,,,,,,,
WP07_guide_screw_0_-10,RETENTION_GUIDE_FASTENER_KIT,SIMPLIFIED_PROXY,UNRESOLVED_PHYSICAL_MASS,,,,,,,
WP07_guide_screw_0_10,RETENTION_GUIDE_FASTENER_KIT,SIMPLIFIED_PROXY,UNRESOLVED_PHYSICAL_MASS,,,,,,,
WP07_guide_screw_1_-10,RETENTION_GUIDE_FASTENER_KIT,SIMPLIFIED_PROXY,UNRESOLVED_PHYSICAL_MASS,,,,,,,
WP07_guide_screw_1_10,RETENTION_GUIDE_FASTENER_KIT,SIMPLIFIED_PROXY,UNRESOLVED_PHYSICAL_MASS,,,,,,,
WP07_guide_washer_0_-10,RETENTION_GUIDE_FASTENER_KIT,SIMPLIFIED_PROXY,UNRESOLVED_PHYSICAL_MASS,,,,,,,
WP07_guide_washer_0_10,RETENTION_GUIDE_FASTENER_KIT,SIMPLIFIED_PROXY,UNRESOLVED_PHYSICAL_MASS,,,,,,,
WP07_guide_washer_1_-10,RETENTION_GUIDE_FASTENER_KIT,SIMPLIFIED_PROXY,UNRESOLVED_PHYSICAL_MASS,,,,,,,
WP07_guide_washer_1_10,RETENTION_GUIDE_FASTENER_KIT,SIMPLIFIED_PROXY,UNRESOLVED_PHYSICAL_MASS,,,,,,,
WP07_lower_collar_0_front,RETENTION_LOWER_COLLARS,PHYSICAL_GEOMETRY,UNRESOLVED_PHYSICAL_MASS,,,,,,,
WP07_lower_collar_0_rear,RETENTION_LOWER_COLLARS,PHYSICAL_GEOMETRY,UNRESOLVED_PHYSICAL_MASS,,,,,,,
WP07_lower_collar_1_front,RETENTION_LOWER_COLLARS,PHYSICAL_GEOMETRY,UNRESOLVED_PHYSICAL_MASS,,,,,,,
WP07_lower_collar_1_rear,RETENTION_LOWER_COLLARS,PHYSICAL_GEOMETRY,UNRESOLVED_PHYSICAL_MASS,,,,,,,
WP07_lower_nut_0_-17,RETENTION_LOWER_FASTENER_KIT,PHYSICAL_GEOMETRY,UNRESOLVED_PHYSICAL_MASS,,,,,,,
WP07_lower_nut_0_17,RETENTION_LOWER_FASTENER_KIT,PHYSICAL_GEOMETRY,UNRESOLVED_PHYSICAL_MASS,,,,,,,
WP07_lower_nut_1_-17,RETENTION_LOWER_FASTENER_KIT,PHYSICAL_GEOMETRY,UNRESOLVED_PHYSICAL_MASS,,,,,,,
WP07_lower_nut_1_17,RETENTION_LOWER_FASTENER_KIT,PHYSICAL_GEOMETRY,UNRESOLVED_PHYSICAL_MASS,,,,,,,
WP07_lower_screw_0_-17,RETENTION_LOWER_FASTENER_KIT,PHYSICAL_GEOMETRY,UNRESOLVED_PHYSICAL_MASS,,,,,,,
WP07_lower_screw_0_17,RETENTION_LOWER_FASTENER_KIT,PHYSICAL_GEOMETRY,UNRESOLVED_PHYSICAL_MASS,,,,,,,
WP07_lower_screw_1_-17,RETENTION_LOWER_FASTENER_KIT,PHYSICAL_GEOMETRY,UNRESOLVED_PHYSICAL_MASS,,,,,,,
WP07_lower_screw_1_17,RETENTION_LOWER_FASTENER_KIT,PHYSICAL_GEOMETRY,UNRESOLVED_PHYSICAL_MASS,,,,,,,
WP07_lower_washer_inner_0_-17,RETENTION_LOWER_FASTENER_KIT,PHYSICAL_GEOMETRY,UNRESOLVED_PHYSICAL_MASS,,,,,,,
WP07_lower_washer_inner_0_17,RETENTION_LOWER_FASTENER_KIT,PHYSICAL_GEOMETRY,UNRESOLVED_PHYSICAL_MASS,,,,,,,
WP07_lower_washer_inner_1_-17,RETENTION_LOWER_FASTENER_KIT,PHYSICAL_GEOMETRY,UNRESOLVED_PHYSICAL_MASS,,,,,,,
WP07_lower_washer_inner_1_17,RETENTION_LOWER_FASTENER_KIT,PHYSICAL_GEOMETRY,UNRESOLVED_PHYSICAL_MASS,,,,,,,
WP07_lower_washer_outer_0_-17,RETENTION_LOWER_FASTENER_KIT,PHYSICAL_GEOMETRY,UNRESOLVED_PHYSICAL_MASS,,,,,,,
WP07_lower_washer_outer_0_17,RETENTION_LOWER_FASTENER_KIT,PHYSICAL_GEOMETRY,UNRESOLVED_PHYSICAL_MASS,,,,,,,
WP07_lower_washer_outer_1_-17,RETENTION_LOWER_FASTENER_KIT,PHYSICAL_GEOMETRY,UNRESOLVED_PHYSICAL_MASS,,,,,,,
WP07_lower_washer_outer_1_17,RETENTION_LOWER_FASTENER_KIT,PHYSICAL_GEOMETRY,UNRESOLVED_PHYSICAL_MASS,,,,,,,
WP09F_PWR_GLAND,GSE_POWER_GLAND_AND_NUT,SIMPLIFIED_PROXY,UNRESOLVED_PHYSICAL_MASS,,,,,,,
WP09F_PWR_NUT,GSE_POWER_GLAND_AND_NUT,SIMPLIFIED_PROXY,UNRESOLVED_PHYSICAL_MASS,,,,,,,
WP09F_RS422_GLAND,GSE_RS422_GLAND_AND_NUT,SIMPLIFIED_PROXY,UNRESOLVED_PHYSICAL_MASS,,,,,,,
WP09F_RS422_NUT,GSE_RS422_GLAND_AND_NUT,SIMPLIFIED_PROXY,UNRESOLVED_PHYSICAL_MASS,,,,,,,
WP09F_front_service_cover_GSE,COVERS_AND_GSE_FRONT_PANEL,PHYSICAL_GEOMETRY,REPLACEMENT_COVER_EXISTING_AL_MATERIAL_NEW_RECEIPT_VOLUME,0.2446301886834112,,,90603.77358644859,2.7e-06,,
access_cover_-1,COVERS_AND_GSE_FRONT_PANEL,PHYSICAL_GEOMETRY,SOURCE_BOUND_CANDIDATE_MATERIAL,0.2505553753727164,,,92798.28717508014,2.7e-06,,
access_cover_1,COVERS_AND_GSE_FRONT_PANEL,PHYSICAL_GEOMETRY,SOURCE_BOUND_CANDIDATE_MATERIAL,0.2505553753727164,,,92798.28717508014,2.7e-06,,
adapter_adcs_propulsion_allocation,EQUIPMENT_DECKS_AND_ADAPTERS,PHYSICAL_GEOMETRY,SOURCE_BOUND_CANDIDATE_MATERIAL,0.10685348922019235,,,39575.366377849015,2.7e-06,,
adapter_arm_drive,EQUIPMENT_DECKS_AND_ADAPTERS,PHYSICAL_GEOMETRY,SOURCE_BOUND_CANDIDATE_MATERIAL,0.03897548922019231,,,14435.366377849004,2.7e-06,,
adapter_battery,EQUIPMENT_DECKS_AND_ADAPTERS,PHYSICAL_GEOMETRY,SOURCE_BOUND_CANDIDATE_MATERIAL,0.09400148922019226,,,34815.366377848986,2.7e-06,,
adapter_compute_communications,EQUIPMENT_DECKS_AND_ADAPTERS,PHYSICAL_GEOMETRY,SOURCE_BOUND_CANDIDATE_MATERIAL,0.04337405922019232,,,16064.466377849008,2.7e-06,,
adapter_navigation_electronics,EQUIPMENT_DECKS_AND_ADAPTERS,PHYSICAL_GEOMETRY,SOURCE_BOUND_CANDIDATE_MATERIAL,0.03253355922019232,,,12049.466377849008,2.7e-06,,
antenna_mount,EXTERNAL_EQUIPMENT_BRACKETS,PHYSICAL_GEOMETRY,SOURCE_BOUND_CANDIDATE_MATERIAL,0.018368233830288457,,,6803.049566773503,2.7e-06,,
arm_service_loop_joint2_loop,INTERNAL_AND_ARM_EXTERNAL_HARNESS,FUNCTIONAL_ENVELOPE,NO_DENSITY_FOR_ENVELOPE_REPRESENTED_HARDWARE_UNRESOLVED,,,,,,,
arm_service_loop_root_service_loop,INTERNAL_AND_ARM_EXTERNAL_HARNESS,FUNCTIONAL_ENVELOPE,NO_DENSITY_FOR_ENVELOPE_REPRESENTED_HARDWARE_UNRESOLVED,,,,,,,
battery_thermal_link,THERMAL_INTERFACE_KIT,SIMPLIFIED_PROXY,UNRESOLVED_PHYSICAL_MASS,,,,,,,
camera_lens,NAVIGATION_CAMERA_ASSEMBLY,FUNCTIONAL_ENVELOPE,NO_DENSITY_FOR_ENVELOPE_REPRESENTED_HARDWARE_UNRESOLVED,,,,,,,
communications_antenna,COMMUNICATIONS_ANTENNA,SIMPLIFIED_PROXY,UNRESOLVED_PHYSICAL_MASS,,,,,,,
connector_adcs_propulsion_allocation,EQUIPMENT_ADCS_PROPULSION_ALLOCATION,FUNCTIONAL_ENVELOPE,NO_DENSITY_FOR_ENVELOPE_REPRESENTED_HARDWARE_UNRESOLVED,,,,,,,
connector_arm_drive,EQUIPMENT_ARM_DRIVE,FUNCTIONAL_ENVELOPE,NO_DENSITY_FOR_ENVELOPE_REPRESENTED_HARDWARE_UNRESOLVED,,,,,,,
connector_battery,EQUIPMENT_BATTERY,FUNCTIONAL_ENVELOPE,NO_DENSITY_FOR_ENVELOPE_REPRESENTED_HARDWARE_UNRESOLVED,,,,,,,
connector_compute_communications,EQUIPMENT_COMPUTE_COMMUNICATIONS,FUNCTIONAL_ENVELOPE,NO_DENSITY_FOR_ENVELOPE_REPRESENTED_HARDWARE_UNRESOLVED,,,,,,,
connector_navigation_electronics,EQUIPMENT_NAVIGATION_ELECTRONICS,FUNCTIONAL_ENVELOPE,NO_DENSITY_FOR_ENVELOPE_REPRESENTED_HARDWARE_UNRESOLVED,,,,,,,
cover_mount_-1_-150_-75,COVERS_AND_GSE_FRONT_PANEL,PHYSICAL_GEOMETRY,SOURCE_BOUND_CANDIDATE_MATERIAL,0.0031921444509376744,,,1182.275722569509,2.7e-06,,
cover_mount_-1_-150_75,COVERS_AND_GSE_FRONT_PANEL,PHYSICAL_GEOMETRY,SOURCE_BOUND_CANDIDATE_MATERIAL,0.0031921444509376744,,,1182.275722569509,2.7e-06,,
cover_mount_-1_0_-75,COVERS_AND_GSE_FRONT_PANEL,PHYSICAL_GEOMETRY,SOURCE_BOUND_CANDIDATE_MATERIAL,0.0031921444509376744,,,1182.275722569509,2.7e-06,,
cover_mount_-1_0_75,COVERS_AND_GSE_FRONT_PANEL,PHYSICAL_GEOMETRY,SOURCE_BOUND_CANDIDATE_MATERIAL,0.0031921444509376744,,,1182.275722569509,2.7e-06,,
cover_mount_-1_150_-75,COVERS_AND_GSE_FRONT_PANEL,PHYSICAL_GEOMETRY,SOURCE_BOUND_CANDIDATE_MATERIAL,0.0031921444509376744,,,1182.275722569509,2.7e-06,,
cover_mount_-1_150_75,COVERS_AND_GSE_FRONT_PANEL,PHYSICAL_GEOMETRY,SOURCE_BOUND_CANDIDATE_MATERIAL,0.0031921444509376744,,,1182.275722569509,2.7e-06,,
cover_mount_1_-150_-75,COVERS_AND_GSE_FRONT_PANEL,PHYSICAL_GEOMETRY,SOURCE_BOUND_CANDIDATE_MATERIAL,0.0031921444509376744,,,1182.275722569509,2.7e-06,,
cover_mount_1_-150_75,COVERS_AND_GSE_FRONT_PANEL,PHYSICAL_GEOMETRY,SOURCE_BOUND_CANDIDATE_MATERIAL,0.0031921444509376744,,,1182.275722569509,2.7e-06,,
cover_mount_1_0_-75,COVERS_AND_GSE_FRONT_PANEL,PHYSICAL_GEOMETRY,SOURCE_BOUND_CANDIDATE_MATERIAL,0.0031921444509376744,,,1182.275722569509,2.7e-06,,
cover_mount_1_0_75,COVERS_AND_GSE_FRONT_PANEL,PHYSICAL_GEOMETRY,SOURCE_BOUND_CANDIDATE_MATERIAL,0.0031921444509376744,,,1182.275722569509,2.7e-06,,
cover_mount_1_150_-75,COVERS_AND_GSE_FRONT_PANEL,PHYSICAL_GEOMETRY,SOURCE_BOUND_CANDIDATE_MATERIAL,0.0031921444509376744,,,1182.275722569509,2.7e-06,,
cover_mount_1_150_75,COVERS_AND_GSE_FRONT_PANEL,PHYSICAL_GEOMETRY,SOURCE_BOUND_CANDIDATE_MATERIAL,0.0031921444509376744,,,1182.275722569509,2.7e-06,,
equipment_adcs_propulsion_allocation,EQUIPMENT_ADCS_PROPULSION_ALLOCATION,SIMPLIFIED_PROXY,PLANNING_BUDGET_ONLY_NOT_MASS_MEASUREMENT,,,3.0,,,,
equipment_arm_drive,EQUIPMENT_ARM_DRIVE,SIMPLIFIED_PROXY,PLANNING_BUDGET_ONLY_NOT_MASS_MEASUREMENT,,,0.8,,,,
equipment_battery,EQUIPMENT_BATTERY,SIMPLIFIED_PROXY,PLANNING_BUDGET_ONLY_NOT_MASS_MEASUREMENT,,,1.6,,,,
equipment_compute_communications,EQUIPMENT_COMPUTE_COMMUNICATIONS,SIMPLIFIED_PROXY,PLANNING_BUDGET_ONLY_NOT_MASS_MEASUREMENT,,,0.5,,,,
equipment_navigation_electronics,EQUIPMENT_NAVIGATION_ELECTRONICS,SIMPLIFIED_PROXY,PLANNING_BUDGET_ONLY_NOT_MASS_MEASUREMENT,,,0.3,,,,
forward_roof_access,COVERS_AND_GSE_FRONT_PANEL,PHYSICAL_GEOMETRY,SOURCE_BOUND_CANDIDATE_MATERIAL,0.16589556,,,61442.8,2.7e-06,,
hold_cap_pin_0,RETENTION_ORIGINAL_METAL,PHYSICAL_GEOMETRY,SOURCE_BOUND_CANDIDATE_MATERIAL,0.00799032675514028,,,1017.8760197630929,7.85e-06,,
hold_cap_pin_1,RETENTION_ORIGINAL_METAL,PHYSICAL_GEOMETRY,SOURCE_BOUND_CANDIDATE_MATERIAL,0.00799032675514028,,,1017.8760197630929,7.85e-06,,
hold_cap_tie_0,RETENTION_ORIGINAL_METAL,PHYSICAL_GEOMETRY,SOURCE_BOUND_CANDIDATE_MATERIAL,0.017856624619732614,,,6613.564673975043,2.7e-06,,
hold_cap_tie_1,RETENTION_ORIGINAL_METAL,PHYSICAL_GEOMETRY,SOURCE_BOUND_CANDIDATE_MATERIAL,0.027900503015987968,,,10333.5196355511,2.7e-06,,
hold_confirm_cap_0,RETENTION_ACTUATION_AND_SENSORS_0,FUNCTIONAL_ENVELOPE,NO_DENSITY_FOR_ENVELOPE_REPRESENTED_HARDWARE_UNRESOLVED,,,,,,,
hold_confirm_cap_1,RETENTION_ACTUATION_AND_SENSORS_1,FUNCTIONAL_ENVELOPE,NO_DENSITY_FOR_ENVELOPE_REPRESENTED_HARDWARE_UNRESOLVED,,,,,,,
hold_confirm_latch_0,RETENTION_ACTUATION_AND_SENSORS_0,FUNCTIONAL_ENVELOPE,NO_DENSITY_FOR_ENVELOPE_REPRESENTED_HARDWARE_UNRESOLVED,,,,,,,
hold_confirm_latch_1,RETENTION_ACTUATION_AND_SENSORS_1,FUNCTIONAL_ENVELOPE,NO_DENSITY_FOR_ENVELOPE_REPRESENTED_HARDWARE_UNRESOLVED,,,,,,,
hold_confirm_shoe_0,RETENTION_ACTUATION_AND_SENSORS_0,FUNCTIONAL_ENVELOPE,NO_DENSITY_FOR_ENVELOPE_REPRESENTED_HARDWARE_UNRESOLVED,,,,,,,
hold_confirm_shoe_1,RETENTION_ACTUATION_AND_SENSORS_1,FUNCTIONAL_ENVELOPE,NO_DENSITY_FOR_ENVELOPE_REPRESENTED_HARDWARE_UNRESOLVED,,,,,,,
hold_contact_pad_0_0,RETENTION_CONTACT_PADS,PHYSICAL_GEOMETRY,UNRESOLVED_PHYSICAL_MASS,,,,,,,
hold_contact_pad_0_1,RETENTION_CONTACT_PADS,PHYSICAL_GEOMETRY,UNRESOLVED_PHYSICAL_MASS,,,,,,,
hold_contact_pad_1_0,RETENTION_CONTACT_PADS,PHYSICAL_GEOMETRY,UNRESOLVED_PHYSICAL_MASS,,,,,,,
hold_contact_pad_1_1,RETENTION_CONTACT_PADS,PHYSICAL_GEOMETRY,UNRESOLVED_PHYSICAL_MASS,,,,,,,
hold_crossbeam_0,RETENTION_ORIGINAL_METAL,PHYSICAL_GEOMETRY,SOURCE_BOUND_CANDIDATE_MATERIAL,0.11930736710832487,,,44187.91374382403,2.7e-06,,
hold_crossbeam_1,RETENTION_ORIGINAL_METAL,PHYSICAL_GEOMETRY,SOURCE_BOUND_CANDIDATE_MATERIAL,0.11930736710832487,,,44187.91374382403,2.7e-06,,
hold_electric_release_0,RETENTION_ACTUATION_AND_SENSORS_0,FUNCTIONAL_ENVELOPE,NO_DENSITY_FOR_ENVELOPE_REPRESENTED_HARDWARE_UNRESOLVED,,,,,,,
hold_electric_release_1,RETENTION_ACTUATION_AND_SENSORS_1,FUNCTIONAL_ENVELOPE,NO_DENSITY_FOR_ENVELOPE_REPRESENTED_HARDWARE_UNRESOLVED,,,,,,,
hold_fold_mast_0,RETENTION_REVISED_MASTS,PHYSICAL_GEOMETRY,UNRESOLVED_PHYSICAL_MASS,,,,,,,
hold_fold_mast_1,RETENTION_REVISED_MASTS,PHYSICAL_GEOMETRY,UNRESOLVED_PHYSICAL_MASS,,,,,,,
hold_latch_clevis_0,RETENTION_ORIGINAL_METAL,PHYSICAL_GEOMETRY,SOURCE_BOUND_CANDIDATE_MATERIAL,0.011652985008043315,,,4315.920373349376,2.7e-06,,
hold_latch_clevis_1,RETENTION_ORIGINAL_METAL,PHYSICAL_GEOMETRY,SOURCE_BOUND_CANDIDATE_MATERIAL,0.011652985008043312,,,4315.920373349375,2.7e-06,,
hold_latch_pin_0,RETENTION_ORIGINAL_METAL,PHYSICAL_GEOMETRY,SOURCE_BOUND_CANDIDATE_MATERIAL,0.002367504223745269,,,301.5928947446203,7.85e-06,,
hold_latch_pin_1,RETENTION_ORIGINAL_METAL,PHYSICAL_GEOMETRY,SOURCE_BOUND_CANDIDATE_MATERIAL,0.00236750422374527,,,301.5928947446204,7.85e-06,,
hold_latch_puller_0,RETENTION_ACTUATION_AND_SENSORS_0,FUNCTIONAL_ENVELOPE,NO_DENSITY_FOR_ENVELOPE_REPRESENTED_HARDWARE_UNRESOLVED,,,,,,,
hold_latch_puller_1,RETENTION_ACTUATION_AND_SENSORS_1,FUNCTIONAL_ENVELOPE,NO_DENSITY_FOR_ENVELOPE_REPRESENTED_HARDWARE_UNRESOLVED,,,,,,,
hold_open_cap_0,RETENTION_ORIGINAL_METAL,PHYSICAL_GEOMETRY,SOURCE_BOUND_CANDIDATE_MATERIAL,0.07666211987087009,,,28393.377729951884,2.7e-06,,
hold_open_cap_1,RETENTION_ORIGINAL_METAL,PHYSICAL_GEOMETRY,SOURCE_BOUND_CANDIDATE_MATERIAL,0.07666211987087009,,,28393.377729951884,2.7e-06,,
hold_pivot_clevis_0,RETENTION_ORIGINAL_METAL,PHYSICAL_GEOMETRY,SOURCE_BOUND_CANDIDATE_MATERIAL,0.03674539615488248,,,13609.405983289807,2.7e-06,,
hold_pivot_clevis_1,RETENTION_ORIGINAL_METAL,PHYSICAL_GEOMETRY,SOURCE_BOUND_CANDIDATE_MATERIAL,0.03674539615488248,,,13609.405983289807,2.7e-06,,
hold_pivot_pin_0,RETENTION_ORIGINAL_METAL,PHYSICAL_GEOMETRY,SOURCE_BOUND_CANDIDATE_MATERIAL,0.013415857267889849,,,1709.0264035528471,7.85e-06,,
hold_pivot_pin_1,RETENTION_ORIGINAL_METAL,PHYSICAL_GEOMETRY,SOURCE_BOUND_CANDIDATE_MATERIAL,0.013415857267889849,,,1709.0264035528471,7.85e-06,,
hold_position_sensor_0,RETENTION_ACTUATION_AND_SENSORS_0,FUNCTIONAL_ENVELOPE,NO_DENSITY_FOR_ENVELOPE_REPRESENTED_HARDWARE_UNRESOLVED,,,,,,,
hold_position_sensor_1,RETENTION_ACTUATION_AND_SENSORS_1,FUNCTIONAL_ENVELOPE,NO_DENSITY_FOR_ENVELOPE_REPRESENTED_HARDWARE_UNRESOLVED,,,,,,,
hold_roof_lug_0_-94.15,RETENTION_ORIGINAL_METAL,PHYSICAL_GEOMETRY,SOURCE_BOUND_CANDIDATE_MATERIAL,0.012813192042076137,,,4745.626682250421,2.7e-06,,
hold_roof_lug_0_94.15,RETENTION_ORIGINAL_METAL,PHYSICAL_GEOMETRY,SOURCE_BOUND_CANDIDATE_MATERIAL,0.012813192042076137,,,4745.626682250421,2.7e-06,,
hold_roof_lug_1_-94.15,RETENTION_ORIGINAL_METAL,PHYSICAL_GEOMETRY,SOURCE_BOUND_CANDIDATE_MATERIAL,0.012502861279136506,,,4630.68936264315,2.7e-06,,
hold_roof_lug_1_94.15,RETENTION_ORIGINAL_METAL,PHYSICAL_GEOMETRY,SOURCE_BOUND_CANDIDATE_MATERIAL,0.012502861279136046,,,4630.68936264298,2.7e-06,,
hold_saddle_0,RETENTION_ORIGINAL_METAL,PHYSICAL_GEOMETRY,SOURCE_BOUND_CANDIDATE_MATERIAL,0.08959401311563062,,,33182.96782060393,2.7e-06,,
hold_saddle_1,RETENTION_ORIGINAL_METAL,PHYSICAL_GEOMETRY,SOURCE_BOUND_CANDIDATE_MATERIAL,0.08959401311554123,,,33182.967820570826,2.7e-06,,
hold_shoe_guide_0_-10,RETENTION_GUIDE_RODS,PHYSICAL_GEOMETRY,UNRESOLVED_PHYSICAL_MASS,,,,,,,
hold_shoe_guide_0_10,RETENTION_GUIDE_RODS,PHYSICAL_GEOMETRY,UNRESOLVED_PHYSICAL_MASS,,,,,,,
hold_shoe_guide_1_-10,RETENTION_GUIDE_RODS,PHYSICAL_GEOMETRY,UNRESOLVED_PHYSICAL_MASS,,,,,,,
hold_shoe_guide_1_10,RETENTION_GUIDE_RODS,PHYSICAL_GEOMETRY,UNRESOLVED_PHYSICAL_MASS,,,,,,,
hold_shoe_spring_release_0,RETENTION_ACTUATION_AND_SENSORS_0,FUNCTIONAL_ENVELOPE,NO_DENSITY_FOR_ENVELOPE_REPRESENTED_HARDWARE_UNRESOLVED,,,,,,,
hold_shoe_spring_release_1,RETENTION_ACTUATION_AND_SENSORS_1,FUNCTIONAL_ENVELOPE,NO_DENSITY_FOR_ENVELOPE_REPRESENTED_HARDWARE_UNRESOLVED,,,,,,,
hold_torsion_spring_0,RETENTION_ACTUATION_AND_SENSORS_0,FUNCTIONAL_ENVELOPE,NO_DENSITY_FOR_ENVELOPE_REPRESENTED_HARDWARE_UNRESOLVED,,,,,,,
hold_torsion_spring_1,RETENTION_ACTUATION_AND_SENSORS_1,FUNCTIONAL_ENVELOPE,NO_DENSITY_FOR_ENVELOPE_REPRESENTED_HARDWARE_UNRESOLVED,,,,,,,
hold_upper_pad_0,RETENTION_CONTACT_PADS,PHYSICAL_GEOMETRY,UNRESOLVED_PHYSICAL_MASS,,,,,,,
hold_upper_pad_1,RETENTION_CONTACT_PADS,PHYSICAL_GEOMETRY,UNRESOLVED_PHYSICAL_MASS,,,,,,,
internal_harness_proxy_0,INTERNAL_AND_ARM_EXTERNAL_HARNESS,FUNCTIONAL_ENVELOPE,NO_DENSITY_FOR_ENVELOPE_REPRESENTED_HARDWARE_UNRESOLVED,,,,,,,
internal_harness_proxy_1,INTERNAL_AND_ARM_EXTERNAL_HARNESS,FUNCTIONAL_ENVELOPE,NO_DENSITY_FOR_ENVELOPE_REPRESENTED_HARDWARE_UNRESOLVED,,,,,,,
internal_harness_proxy_2,INTERNAL_AND_ARM_EXTERNAL_HARNESS,FUNCTIONAL_ENVELOPE,NO_DENSITY_FOR_ENVELOPE_REPRESENTED_HARDWARE_UNRESOLVED,,,,,,,
launch_interface_reserved_volume,LAUNCH_RESERVED_SPACE,FUNCTIONAL_ENVELOPE,NONMASS_RESERVED_VOLUME,,,,,,,
lower_deck_angle_-1_0,EQUIPMENT_DECKS_AND_ADAPTERS,PHYSICAL_GEOMETRY,SOURCE_BOUND_CANDIDATE_MATERIAL,0.035631459203004825,,,13196.836741853638,2.7e-06,,
lower_deck_angle_-1_1,EQUIPMENT_DECKS_AND_ADAPTERS,PHYSICAL_GEOMETRY,EXISTING_EXPLICIT_MATERIAL_ALLOCATION,0.02401387508307499,,,8894.027808546292,2.7e-06,,
lower_deck_angle_1_0,EQUIPMENT_DECKS_AND_ADAPTERS,PHYSICAL_GEOMETRY,SOURCE_BOUND_CANDIDATE_MATERIAL,0.035631459203004825,,,13196.836741853638,2.7e-06,,
lower_deck_angle_1_1,EQUIPMENT_DECKS_AND_ADAPTERS,PHYSICAL_GEOMETRY,EXISTING_EXPLICIT_MATERIAL_ALLOCATION,0.02401387508307499,,,8894.027808546292,2.7e-06,,
lower_equipment_deck_B,EQUIPMENT_DECKS_AND_ADAPTERS,PHYSICAL_GEOMETRY,EXISTING_EXPLICIT_MATERIAL_ALLOCATION,0.5382867330730787,,,199365.45669373285,2.7e-06,,
navigation_camera,NAVIGATION_CAMERA_ASSEMBLY,SIMPLIFIED_PROXY,PLANNING_BUDGET_ONLY_NOT_MASS_MEASUREMENT,,,0.15,,,,
navigation_camera_bracket,EXTERNAL_EQUIPMENT_BRACKETS,PHYSICAL_GEOMETRY,SOURCE_BOUND_CANDIDATE_MATERIAL,0.015984,,,5920.000000000001,2.7e-06,,
radiator_spreader,THERMAL_SPREADER,PHYSICAL_GEOMETRY,SOURCE_BOUND_CANDIDATE_MATERIAL,0.04732388922019231,,,17527.366377849004,2.7e-06,,
rear_horizontal_rib_-86,PRIMARY_STRUCTURE_METAL,PHYSICAL_GEOMETRY,SOURCE_BOUND_CANDIDATE_MATERIAL,0.0449064,,,16632.0,2.7e-06,,
rear_horizontal_rib_86,PRIMARY_STRUCTURE_METAL,PHYSICAL_GEOMETRY,SOURCE_BOUND_CANDIDATE_MATERIAL,0.0449064,,,16632.0,2.7e-06,,
rear_launch_bulkhead,PRIMARY_STRUCTURE_METAL,PHYSICAL_GEOMETRY,SOURCE_BOUND_CANDIDATE_MATERIAL,0.4241819785299898,,,157104.4364925888,2.7e-06,,
rear_vertical_rib_-86,PRIMARY_STRUCTURE_METAL,PHYSICAL_GEOMETRY,SOURCE_BOUND_CANDIDATE_MATERIAL,0.0501552,,,18576.0,2.7e-06,,
rear_vertical_rib_86,PRIMARY_STRUCTURE_METAL,PHYSICAL_GEOMETRY,SOURCE_BOUND_CANDIDATE_MATERIAL,0.0501552,,,18576.0,2.7e-06,,
release_power_data_route_0_0,INTERNAL_AND_ARM_EXTERNAL_HARNESS,FUNCTIONAL_ENVELOPE,NO_DENSITY_FOR_ENVELOPE_REPRESENTED_HARDWARE_UNRESOLVED,,,,,,,
release_power_data_route_0_1,INTERNAL_AND_ARM_EXTERNAL_HARNESS,FUNCTIONAL_ENVELOPE,NO_DENSITY_FOR_ENVELOPE_REPRESENTED_HARDWARE_UNRESOLVED,,,,,,,
release_power_data_route_1_0,INTERNAL_AND_ARM_EXTERNAL_HARNESS,FUNCTIONAL_ENVELOPE,NO_DENSITY_FOR_ENVELOPE_REPRESENTED_HARDWARE_UNRESOLVED,,,,,,,
release_power_data_route_1_1,INTERNAL_AND_ARM_EXTERNAL_HARNESS,FUNCTIONAL_ENVELOPE,NO_DENSITY_FOR_ENVELOPE_REPRESENTED_HARDWARE_UNRESOLVED,,,,,,,
shear_clip_-1_-150_-94,PRIMARY_STRUCTURE_METAL,PHYSICAL_GEOMETRY,SOURCE_BOUND_CANDIDATE_MATERIAL,0.0033699505208393786,,,1248.1298225331032,2.7e-06,,
shear_clip_-1_-150_94,PRIMARY_STRUCTURE_METAL,PHYSICAL_GEOMETRY,SOURCE_BOUND_CANDIDATE_MATERIAL,0.0033699505208393786,,,1248.1298225331032,2.7e-06,,
shear_clip_-1_-30_-94,PRIMARY_STRUCTURE_METAL,PHYSICAL_GEOMETRY,SOURCE_BOUND_CANDIDATE_MATERIAL,0.0033699505208393786,,,1248.1298225331032,2.7e-06,,
shear_clip_-1_-30_94,PRIMARY_STRUCTURE_METAL,PHYSICAL_GEOMETRY,SOURCE_BOUND_CANDIDATE_MATERIAL,0.0033699505208393786,,,1248.1298225331032,2.7e-06,,
shear_clip_-1_-90_-94,PRIMARY_STRUCTURE_METAL,PHYSICAL_GEOMETRY,SOURCE_BOUND_CANDIDATE_MATERIAL,0.0033699505208393786,,,1248.1298225331032,2.7e-06,,
shear_clip_-1_-90_94,PRIMARY_STRUCTURE_METAL,PHYSICAL_GEOMETRY,SOURCE_BOUND_CANDIDATE_MATERIAL,0.0033699505208393786,,,1248.1298225331032,2.7e-06,,
shear_clip_-1_150_-94,PRIMARY_STRUCTURE_METAL,PHYSICAL_GEOMETRY,EXISTING_EXPLICIT_MATERIAL_ALLOCATION,0.0033699505208393864,,,1248.129822533106,2.7e-06,,
shear_clip_-1_150_94,PRIMARY_STRUCTURE_METAL,PHYSICAL_GEOMETRY,EXISTING_EXPLICIT_MATERIAL_ALLOCATION,0.0033699505208393864,,,1248.129822533106,2.7e-06,,
shear_clip_-1_30_-94,PRIMARY_STRUCTURE_METAL,PHYSICAL_GEOMETRY,SOURCE_BOUND_CANDIDATE_MATERIAL,0.0033699505208393786,,,1248.1298225331032,2.7e-06,,
shear_clip_-1_30_94,PRIMARY_STRUCTURE_METAL,PHYSICAL_GEOMETRY,SOURCE_BOUND_CANDIDATE_MATERIAL,0.0033699505208393786,,,1248.1298225331032,2.7e-06,,
shear_clip_-1_90_-94,PRIMARY_STRUCTURE_METAL,PHYSICAL_GEOMETRY,SOURCE_BOUND_CANDIDATE_MATERIAL,0.0033699505208393786,,,1248.1298225331032,2.7e-06,,
shear_clip_-1_90_94,PRIMARY_STRUCTURE_METAL,PHYSICAL_GEOMETRY,SOURCE_BOUND_CANDIDATE_MATERIAL,0.0033699505208393786,,,1248.1298225331032,2.7e-06,,
shear_clip_1_-150_-94,PRIMARY_STRUCTURE_METAL,PHYSICAL_GEOMETRY,SOURCE_BOUND_CANDIDATE_MATERIAL,0.0033699505208393786,,,1248.1298225331032,2.7e-06,,
shear_clip_1_-150_94,PRIMARY_STRUCTURE_METAL,PHYSICAL_GEOMETRY,SOURCE_BOUND_CANDIDATE_MATERIAL,0.0033699505208393786,,,1248.1298225331032,2.7e-06,,
shear_clip_1_-30_-94,PRIMARY_STRUCTURE_METAL,PHYSICAL_GEOMETRY,SOURCE_BOUND_CANDIDATE_MATERIAL,0.0033699505208393786,,,1248.1298225331032,2.7e-06,,
shear_clip_1_-30_94,PRIMARY_STRUCTURE_METAL,PHYSICAL_GEOMETRY,SOURCE_BOUND_CANDIDATE_MATERIAL,0.0033699505208393786,,,1248.1298225331032,2.7e-06,,
shear_clip_1_-90_-94,PRIMARY_STRUCTURE_METAL,PHYSICAL_GEOMETRY,SOURCE_BOUND_CANDIDATE_MATERIAL,0.0033699505208393786,,,1248.1298225331032,2.7e-06,,
shear_clip_1_-90_94,PRIMARY_STRUCTURE_METAL,PHYSICAL_GEOMETRY,SOURCE_BOUND_CANDIDATE_MATERIAL,0.0033699505208393786,,,1248.1298225331032,2.7e-06,,
shear_clip_1_150_-94,PRIMARY_STRUCTURE_METAL,PHYSICAL_GEOMETRY,EXISTING_EXPLICIT_MATERIAL_ALLOCATION,0.0033699505208393873,,,1248.1298225331063,2.7e-06,,
shear_clip_1_150_94,PRIMARY_STRUCTURE_METAL,PHYSICAL_GEOMETRY,EXISTING_EXPLICIT_MATERIAL_ALLOCATION,0.0033699505208393864,,,1248.129822533106,2.7e-06,,
shear_clip_1_30_-94,PRIMARY_STRUCTURE_METAL,PHYSICAL_GEOMETRY,SOURCE_BOUND_CANDIDATE_MATERIAL,0.0033699505208393786,,,1248.1298225331032,2.7e-06,,
shear_clip_1_30_94,PRIMARY_STRUCTURE_METAL,PHYSICAL_GEOMETRY,SOURCE_BOUND_CANDIDATE_MATERIAL,0.0033699505208393786,,,1248.1298225331032,2.7e-06,,
shear_clip_1_90_-94,PRIMARY_STRUCTURE_METAL,PHYSICAL_GEOMETRY,SOURCE_BOUND_CANDIDATE_MATERIAL,0.0033699505208393786,,,1248.1298225331032,2.7e-06,,
shear_clip_1_90_94,PRIMARY_STRUCTURE_METAL,PHYSICAL_GEOMETRY,SOURCE_BOUND_CANDIDATE_MATERIAL,0.0033699505208393786,,,1248.1298225331032,2.7e-06,,
shear_rail_screw_-1_-150_-94,PRIMARY_STRUCTURE_FASTENER_KIT,SIMPLIFIED_PROXY,UNRESOLVED_PHYSICAL_MASS,,,,,,,
shear_rail_screw_-1_-150_94,PRIMARY_STRUCTURE_FASTENER_KIT,SIMPLIFIED_PROXY,UNRESOLVED_PHYSICAL_MASS,,,,,,,
shear_rail_screw_-1_-30_-94,PRIMARY_STRUCTURE_FASTENER_KIT,SIMPLIFIED_PROXY,UNRESOLVED_PHYSICAL_MASS,,,,,,,
shear_rail_screw_-1_-30_94,PRIMARY_STRUCTURE_FASTENER_KIT,SIMPLIFIED_PROXY,UNRESOLVED_PHYSICAL_MASS,,,,,,,
shear_rail_screw_-1_-90_-94,PRIMARY_STRUCTURE_FASTENER_KIT,SIMPLIFIED_PROXY,UNRESOLVED_PHYSICAL_MASS,,,,,,,
shear_rail_screw_-1_-90_94,PRIMARY_STRUCTURE_FASTENER_KIT,SIMPLIFIED_PROXY,UNRESOLVED_PHYSICAL_MASS,,,,,,,
shear_rail_screw_-1_150_-94,PRIMARY_STRUCTURE_FASTENER_KIT,SIMPLIFIED_PROXY,UNRESOLVED_PHYSICAL_MASS,,,,,,,
shear_rail_screw_-1_150_94,PRIMARY_STRUCTURE_FASTENER_KIT,SIMPLIFIED_PROXY,UNRESOLVED_PHYSICAL_MASS,,,,,,,
shear_rail_screw_-1_30_-94,PRIMARY_STRUCTURE_FASTENER_KIT,SIMPLIFIED_PROXY,UNRESOLVED_PHYSICAL_MASS,,,,,,,
shear_rail_screw_-1_30_94,PRIMARY_STRUCTURE_FASTENER_KIT,SIMPLIFIED_PROXY,UNRESOLVED_PHYSICAL_MASS,,,,,,,
shear_rail_screw_-1_90_-94,PRIMARY_STRUCTURE_FASTENER_KIT,SIMPLIFIED_PROXY,UNRESOLVED_PHYSICAL_MASS,,,,,,,
shear_rail_screw_-1_90_94,PRIMARY_STRUCTURE_FASTENER_KIT,SIMPLIFIED_PROXY,UNRESOLVED_PHYSICAL_MASS,,,,,,,
shear_rail_screw_1_-150_-94,PRIMARY_STRUCTURE_FASTENER_KIT,SIMPLIFIED_PROXY,UNRESOLVED_PHYSICAL_MASS,,,,,,,
shear_rail_screw_1_-150_94,PRIMARY_STRUCTURE_FASTENER_KIT,SIMPLIFIED_PROXY,UNRESOLVED_PHYSICAL_MASS,,,,,,,
shear_rail_screw_1_-30_-94,PRIMARY_STRUCTURE_FASTENER_KIT,SIMPLIFIED_PROXY,UNRESOLVED_PHYSICAL_MASS,,,,,,,
shear_rail_screw_1_-30_94,PRIMARY_STRUCTURE_FASTENER_KIT,SIMPLIFIED_PROXY,UNRESOLVED_PHYSICAL_MASS,,,,,,,
shear_rail_screw_1_-90_-94,PRIMARY_STRUCTURE_FASTENER_KIT,SIMPLIFIED_PROXY,UNRESOLVED_PHYSICAL_MASS,,,,,,,
shear_rail_screw_1_-90_94,PRIMARY_STRUCTURE_FASTENER_KIT,SIMPLIFIED_PROXY,UNRESOLVED_PHYSICAL_MASS,,,,,,,
shear_rail_screw_1_150_-94,PRIMARY_STRUCTURE_FASTENER_KIT,SIMPLIFIED_PROXY,UNRESOLVED_PHYSICAL_MASS,,,,,,,
shear_rail_screw_1_150_94,PRIMARY_STRUCTURE_FASTENER_KIT,SIMPLIFIED_PROXY,UNRESOLVED_PHYSICAL_MASS,,,,,,,
shear_rail_screw_1_30_-94,PRIMARY_STRUCTURE_FASTENER_KIT,SIMPLIFIED_PROXY,UNRESOLVED_PHYSICAL_MASS,,,,,,,
shear_rail_screw_1_30_94,PRIMARY_STRUCTURE_FASTENER_KIT,SIMPLIFIED_PROXY,UNRESOLVED_PHYSICAL_MASS,,,,,,,
shear_rail_screw_1_90_-94,PRIMARY_STRUCTURE_FASTENER_KIT,SIMPLIFIED_PROXY,UNRESOLVED_PHYSICAL_MASS,,,,,,,
shear_rail_screw_1_90_94,PRIMARY_STRUCTURE_FASTENER_KIT,SIMPLIFIED_PROXY,UNRESOLVED_PHYSICAL_MASS,,,,,,,
shear_web_-1,PRIMARY_STRUCTURE_METAL,PHYSICAL_GEOMETRY,EXISTING_EXPLICIT_MATERIAL_ALLOCATION,0.3743731761009617,,,138656.73188924507,2.7e-06,,
shear_web_1,PRIMARY_STRUCTURE_METAL,PHYSICAL_GEOMETRY,EXISTING_EXPLICIT_MATERIAL_ALLOCATION,0.3743731761009616,,,138656.73188924504,2.7e-06,,
shear_web_screw_-1_-150_-94,PRIMARY_STRUCTURE_FASTENER_KIT,SIMPLIFIED_PROXY,UNRESOLVED_PHYSICAL_MASS,,,,,,,
shear_web_screw_-1_-150_94,PRIMARY_STRUCTURE_FASTENER_KIT,SIMPLIFIED_PROXY,UNRESOLVED_PHYSICAL_MASS,,,,,,,
shear_web_screw_-1_-30_-94,PRIMARY_STRUCTURE_FASTENER_KIT,SIMPLIFIED_PROXY,UNRESOLVED_PHYSICAL_MASS,,,,,,,
shear_web_screw_-1_-30_94,PRIMARY_STRUCTURE_FASTENER_KIT,SIMPLIFIED_PROXY,UNRESOLVED_PHYSICAL_MASS,,,,,,,
shear_web_screw_-1_-90_-94,PRIMARY_STRUCTURE_FASTENER_KIT,SIMPLIFIED_PROXY,UNRESOLVED_PHYSICAL_MASS,,,,,,,
shear_web_screw_-1_-90_94,PRIMARY_STRUCTURE_FASTENER_KIT,SIMPLIFIED_PROXY,UNRESOLVED_PHYSICAL_MASS,,,,,,,
shear_web_screw_-1_30_-94,PRIMARY_STRUCTURE_FASTENER_KIT,SIMPLIFIED_PROXY,UNRESOLVED_PHYSICAL_MASS,,,,,,,
shear_web_screw_-1_30_94,PRIMARY_STRUCTURE_FASTENER_KIT,SIMPLIFIED_PROXY,UNRESOLVED_PHYSICAL_MASS,,,,,,,
shear_web_screw_-1_90_-94,PRIMARY_STRUCTURE_FASTENER_KIT,SIMPLIFIED_PROXY,UNRESOLVED_PHYSICAL_MASS,,,,,,,
shear_web_screw_-1_90_94,PRIMARY_STRUCTURE_FASTENER_KIT,SIMPLIFIED_PROXY,UNRESOLVED_PHYSICAL_MASS,,,,,,,
shear_web_screw_1_-150_-94,PRIMARY_STRUCTURE_FASTENER_KIT,SIMPLIFIED_PROXY,UNRESOLVED_PHYSICAL_MASS,,,,,,,
shear_web_screw_1_-150_94,PRIMARY_STRUCTURE_FASTENER_KIT,SIMPLIFIED_PROXY,UNRESOLVED_PHYSICAL_MASS,,,,,,,
shear_web_screw_1_-30_-94,PRIMARY_STRUCTURE_FASTENER_KIT,SIMPLIFIED_PROXY,UNRESOLVED_PHYSICAL_MASS,,,,,,,
shear_web_screw_1_-30_94,PRIMARY_STRUCTURE_FASTENER_KIT,SIMPLIFIED_PROXY,UNRESOLVED_PHYSICAL_MASS,,,,,,,
shear_web_screw_1_-90_-94,PRIMARY_STRUCTURE_FASTENER_KIT,SIMPLIFIED_PROXY,UNRESOLVED_PHYSICAL_MASS,,,,,,,
shear_web_screw_1_-90_94,PRIMARY_STRUCTURE_FASTENER_KIT,SIMPLIFIED_PROXY,UNRESOLVED_PHYSICAL_MASS,,,,,,,
shear_web_screw_1_30_-94,PRIMARY_STRUCTURE_FASTENER_KIT,SIMPLIFIED_PROXY,UNRESOLVED_PHYSICAL_MASS,,,,,,,
shear_web_screw_1_30_94,PRIMARY_STRUCTURE_FASTENER_KIT,SIMPLIFIED_PROXY,UNRESOLVED_PHYSICAL_MASS,,,,,,,
shear_web_screw_1_90_-94,PRIMARY_STRUCTURE_FASTENER_KIT,SIMPLIFIED_PROXY,UNRESOLVED_PHYSICAL_MASS,,,,,,,
shear_web_screw_1_90_94,PRIMARY_STRUCTURE_FASTENER_KIT,SIMPLIFIED_PROXY,UNRESOLVED_PHYSICAL_MASS,,,,,,,
thermal_interface_adcs_propulsion_allocation,THERMAL_INTERFACE_KIT,PHYSICAL_GEOMETRY,UNRESOLVED_PHYSICAL_MASS,,,,,,,
thermal_interface_arm_drive,THERMAL_INTERFACE_KIT,PHYSICAL_GEOMETRY,UNRESOLVED_PHYSICAL_MASS,,,,,,,
thermal_interface_battery,THERMAL_INTERFACE_KIT,PHYSICAL_GEOMETRY,UNRESOLVED_PHYSICAL_MASS,,,,,,,
thermal_interface_compute_communications,THERMAL_INTERFACE_KIT,PHYSICAL_GEOMETRY,UNRESOLVED_PHYSICAL_MASS,,,,,,,
thermal_interface_navigation_electronics,THERMAL_INTERFACE_KIT,PHYSICAL_GEOMETRY,UNRESOLVED_PHYSICAL_MASS,,,,,,,
trunk_clip_-140,HARNESS_RESTRAINT_HARDWARE,PHYSICAL_GEOMETRY,SOURCE_BOUND_CANDIDATE_MATERIAL,0.004585101875790155,,,1698.1858799222796,2.7e-06,,
trunk_clip_-70,HARNESS_RESTRAINT_HARDWARE,PHYSICAL_GEOMETRY,SOURCE_BOUND_CANDIDATE_MATERIAL,0.004585101875790155,,,1698.1858799222796,2.7e-06,,
trunk_clip_0,HARNESS_RESTRAINT_HARDWARE,PHYSICAL_GEOMETRY,SOURCE_BOUND_CANDIDATE_MATERIAL,0.004585101875790155,,,1698.1858799222796,2.7e-06,,
trunk_clip_65,HARNESS_RESTRAINT_HARDWARE,PHYSICAL_GEOMETRY,SOURCE_BOUND_CANDIDATE_MATERIAL,0.004585101875790155,,,1698.1858799222796,2.7e-06,,
trunk_clip_standoff_-140,HARNESS_RESTRAINT_HARDWARE,PHYSICAL_GEOMETRY,SOURCE_BOUND_CANDIDATE_MATERIAL,0.01720890856930343,,,6373.669840482752,2.7e-06,,
trunk_clip_standoff_-70,HARNESS_RESTRAINT_HARDWARE,PHYSICAL_GEOMETRY,SOURCE_BOUND_CANDIDATE_MATERIAL,0.01720890856930343,,,6373.669840482752,2.7e-06,,
trunk_clip_standoff_0,HARNESS_RESTRAINT_HARDWARE,PHYSICAL_GEOMETRY,SOURCE_BOUND_CANDIDATE_MATERIAL,0.01720890856930343,,,6373.669840482752,2.7e-06,,
trunk_clip_standoff_65,HARNESS_RESTRAINT_HARDWARE,PHYSICAL_GEOMETRY,SOURCE_BOUND_CANDIDATE_MATERIAL,0.01720890856930343,,,6373.669840482752,2.7e-06,,
upper_deck_angle_-1_0,EQUIPMENT_DECKS_AND_ADAPTERS,PHYSICAL_GEOMETRY,SOURCE_BOUND_CANDIDATE_MATERIAL,0.03585208383028851,,,13278.549566773523,2.7e-06,,
upper_deck_angle_-1_1,EQUIPMENT_DECKS_AND_ADAPTERS,PHYSICAL_GEOMETRY,SOURCE_BOUND_CANDIDATE_MATERIAL,0.024613333830288454,,,9116.049566773501,2.7e-06,,
upper_deck_angle_1_0,EQUIPMENT_DECKS_AND_ADAPTERS,PHYSICAL_GEOMETRY,SOURCE_BOUND_CANDIDATE_MATERIAL,0.035852083830288525,,,13278.549566773527,2.7e-06,,
upper_deck_angle_1_1,EQUIPMENT_DECKS_AND_ADAPTERS,PHYSICAL_GEOMETRY,SOURCE_BOUND_CANDIDATE_MATERIAL,0.024613333830288454,,,9116.049566773501,2.7e-06,,
upper_equipment_deck_B,EQUIPMENT_DECKS_AND_ADAPTERS,PHYSICAL_GEOMETRY,EXISTING_EXPLICIT_MATERIAL_ALLOCATION,0.5062417424922447,,,187496.94166379434,2.7e-06,,
wing_-1_leaf_1,SOLAR_CURRENT_LEAF_LAMINATES,SIMPLIFIED_PROXY,PLANNING_BUDGET_ONLY_NOT_MASS_MEASUREMENT,,,0.18,,,,Current retained bare rectangular substrate proxy. Historic0.18kg/leaf budget has unbound inclusion of CIC; quarantine it as nonadditive history. Do not infer bare substrate mass or add budget to new CIC value.
wing_-1_leaf_2,SOLAR_CURRENT_LEAF_LAMINATES,SIMPLIFIED_PROXY,PLANNING_BUDGET_ONLY_NOT_MASS_MEASUREMENT,,,0.18,,,,Current retained bare rectangular substrate proxy. Historic0.18kg/leaf budget has unbound inclusion of CIC; quarantine it as nonadditive history. Do not infer bare substrate mass or add budget to new CIC value.
wing_-1_leaf_3,SOLAR_CURRENT_LEAF_LAMINATES,SIMPLIFIED_PROXY,PLANNING_BUDGET_ONLY_NOT_MASS_MEASUREMENT,,,0.18,,,,Current retained bare rectangular substrate proxy. Historic0.18kg/leaf budget has unbound inclusion of CIC; quarantine it as nonadditive history. Do not infer bare substrate mass or add budget to new CIC value.
wing_1_leaf_1,SOLAR_CURRENT_LEAF_LAMINATES,SIMPLIFIED_PROXY,PLANNING_BUDGET_ONLY_NOT_MASS_MEASUREMENT,,,0.18,,,,Current retained bare rectangular substrate proxy. Historic0.18kg/leaf budget has unbound inclusion of CIC; quarantine it as nonadditive history. Do not infer bare substrate mass or add budget to new CIC value.
wing_1_leaf_2,SOLAR_CURRENT_LEAF_LAMINATES,SIMPLIFIED_PROXY,PLANNING_BUDGET_ONLY_NOT_MASS_MEASUREMENT,,,0.18,,,,Current retained bare rectangular substrate proxy. Historic0.18kg/leaf budget has unbound inclusion of CIC; quarantine it as nonadditive history. Do not infer bare substrate mass or add budget to new CIC value.
wing_1_leaf_3,SOLAR_CURRENT_LEAF_LAMINATES,SIMPLIFIED_PROXY,PLANNING_BUDGET_ONLY_NOT_MASS_MEASUREMENT,,,0.18,,,,Current retained bare rectangular substrate proxy. Historic0.18kg/leaf budget has unbound inclusion of CIC; quarantine it as nonadditive history. Do not infer bare substrate mass or add budget to new CIC value.
wing_edge_frame_-1_1_-1,SOLAR_CURRENT_FRAMES_AND_HINGES,PHYSICAL_GEOMETRY,REBUILT_FRAME_STEP_AL2700_CANDIDATE_MODEL,0.006754116168775415,,,2501.5245069538573,2.7e-06,,Remove old recorded source-volume model mass and insert rebuilt source-volume model mass; same default volume-method family and fixed candidate density retained. Numerical integration/model uncertainty is not a physical tolerance. No SW native mass or high-precision integral is substituted into this historical-method delta.
wing_edge_frame_-1_1_1,SOLAR_CURRENT_FRAMES_AND_HINGES,PHYSICAL_GEOMETRY,REBUILT_FRAME_STEP_AL2700_CANDIDATE_MODEL,0.006754116128743946,,,2501.5244921273875,2.7e-06,,Remove old recorded source-volume model mass and insert rebuilt source-volume model mass; same default volume-method family and fixed candidate density retained. Numerical integration/model uncertainty is not a physical tolerance. No SW native mass or high-precision integral is substituted into this historical-method delta.
wing_edge_frame_-1_2_-1,SOLAR_CURRENT_FRAMES_AND_HINGES,PHYSICAL_GEOMETRY,REBUILT_FRAME_STEP_AL2700_CANDIDATE_MODEL,0.007315711387851953,,,2709.522736241464,2.7e-06,,Remove old recorded source-volume model mass and insert rebuilt source-volume model mass; same default volume-method family and fixed candidate density retained. Numerical integration/model uncertainty is not a physical tolerance. No SW native mass or high-precision integral is substituted into this historical-method delta.
wing_edge_frame_-1_2_1,SOLAR_CURRENT_FRAMES_AND_HINGES,PHYSICAL_GEOMETRY,REBUILT_FRAME_STEP_AL2700_CANDIDATE_MODEL,0.007315711230975354,,,2709.52267813902,2.7e-06,,Remove old recorded source-volume model mass and insert rebuilt source-volume model mass; same default volume-method family and fixed candidate density retained. Numerical integration/model uncertainty is not a physical tolerance. No SW native mass or high-precision integral is substituted into this historical-method delta.
wing_edge_frame_-1_3_-1,SOLAR_CURRENT_FRAMES_AND_HINGES,PHYSICAL_GEOMETRY,SOURCE_BOUND_CANDIDATE_MATERIAL,0.005868664009382693,,,2173.5792627343308,2.7e-06,,
wing_edge_frame_-1_3_1,SOLAR_CURRENT_FRAMES_AND_HINGES,PHYSICAL_GEOMETRY,SOURCE_BOUND_CANDIDATE_MATERIAL,0.005868663909700419,,,2173.57922581497,2.7e-06,,
wing_edge_frame_1_1_-1,SOLAR_CURRENT_FRAMES_AND_HINGES,PHYSICAL_GEOMETRY,REBUILT_FRAME_STEP_AL2700_CANDIDATE_MODEL,0.00675411089047303,,,2501.5225520270483,2.7e-06,,Remove old recorded source-volume model mass and insert rebuilt source-volume model mass; same default volume-method family and fixed candidate density retained. Numerical integration/model uncertainty is not a physical tolerance. No SW native mass or high-precision integral is substituted into this historical-method delta.
wing_edge_frame_1_1_1,SOLAR_CURRENT_FRAMES_AND_HINGES,PHYSICAL_GEOMETRY,REBUILT_FRAME_STEP_AL2700_CANDIDATE_MODEL,0.0067541108510052504,,,2501.522537409352,2.7e-06,,Remove old recorded source-volume model mass and insert rebuilt source-volume model mass; same default volume-method family and fixed candidate density retained. Numerical integration/model uncertainty is not a physical tolerance. No SW native mass or high-precision integral is substituted into this historical-method delta.
wing_edge_frame_1_2_-1,SOLAR_CURRENT_FRAMES_AND_HINGES,PHYSICAL_GEOMETRY,REBUILT_FRAME_STEP_AL2700_CANDIDATE_MODEL,0.007315717088178815,,,2709.5248474736354,2.7e-06,,Remove old recorded source-volume model mass and insert rebuilt source-volume model mass; same default volume-method family and fixed candidate density retained. Numerical integration/model uncertainty is not a physical tolerance. No SW native mass or high-precision integral is substituted into this historical-method delta.
wing_edge_frame_1_2_1,SOLAR_CURRENT_FRAMES_AND_HINGES,PHYSICAL_GEOMETRY,REBUILT_FRAME_STEP_AL2700_CANDIDATE_MODEL,0.007315716938577658,,,2709.5247920657994,2.7e-06,,Remove old recorded source-volume model mass and insert rebuilt source-volume model mass; same default volume-method family and fixed candidate density retained. Numerical integration/model uncertainty is not a physical tolerance. No SW native mass or high-precision integral is substituted into this historical-method delta.
wing_edge_frame_1_3_-1,SOLAR_CURRENT_FRAMES_AND_HINGES,PHYSICAL_GEOMETRY,SOURCE_BOUND_CANDIDATE_MATERIAL,0.005868664009382693,,,2173.5792627343308,2.7e-06,,
wing_edge_frame_1_3_1,SOLAR_CURRENT_FRAMES_AND_HINGES,PHYSICAL_GEOMETRY,SOURCE_BOUND_CANDIDATE_MATERIAL,0.005868663909700419,,,2173.57922581497,2.7e-06,,
wing_harness_budget_-1,SOLAR_WIRING_KITS,FUNCTIONAL_ENVELOPE,PLANNING_BUDGET_ONLY_NOT_MASS_MEASUREMENT,,,0.05,,,,
wing_harness_budget_1,SOLAR_WIRING_KITS,FUNCTIONAL_ENVELOPE,PLANNING_BUDGET_ONLY_NOT_MASS_MEASUREMENT,,,0.05,,,,
wing_hinge_pin_-1_1_-1,SOLAR_CURRENT_FRAMES_AND_HINGES,PHYSICAL_GEOMETRY,SOURCE_BOUND_CANDIDATE_MATERIAL,0.002614119247052046,,,333.00882128051546,7.85e-06,,
wing_hinge_pin_-1_1_1,SOLAR_CURRENT_FRAMES_AND_HINGES,PHYSICAL_GEOMETRY,SOURCE_BOUND_CANDIDATE_MATERIAL,0.002614119247052046,,,333.00882128051546,7.85e-06,,
wing_hinge_pin_-1_2_-1,SOLAR_CURRENT_FRAMES_AND_HINGES,PHYSICAL_GEOMETRY,SOURCE_BOUND_CANDIDATE_MATERIAL,0.002614119247052046,,,333.00882128051546,7.85e-06,,
wing_hinge_pin_-1_2_1,SOLAR_CURRENT_FRAMES_AND_HINGES,PHYSICAL_GEOMETRY,SOURCE_BOUND_CANDIDATE_MATERIAL,0.002614119247052046,,,333.00882128051546,7.85e-06,,
wing_hinge_pin_-1_3_-1,SOLAR_CURRENT_FRAMES_AND_HINGES,PHYSICAL_GEOMETRY,SOURCE_BOUND_CANDIDATE_MATERIAL,0.002614119247052046,,,333.00882128051546,7.85e-06,,
wing_hinge_pin_-1_3_1,SOLAR_CURRENT_FRAMES_AND_HINGES,PHYSICAL_GEOMETRY,SOURCE_BOUND_CANDIDATE_MATERIAL,0.002614119247052046,,,333.00882128051546,7.85e-06,,
wing_hinge_pin_1_1_-1,SOLAR_CURRENT_FRAMES_AND_HINGES,PHYSICAL_GEOMETRY,SOURCE_BOUND_CANDIDATE_MATERIAL,0.002614119247052046,,,333.00882128051546,7.85e-06,,
wing_hinge_pin_1_1_1,SOLAR_CURRENT_FRAMES_AND_HINGES,PHYSICAL_GEOMETRY,SOURCE_BOUND_CANDIDATE_MATERIAL,0.002614119247052046,,,333.00882128051546,7.85e-06,,
wing_hinge_pin_1_2_-1,SOLAR_CURRENT_FRAMES_AND_HINGES,PHYSICAL_GEOMETRY,SOURCE_BOUND_CANDIDATE_MATERIAL,0.002614119247052046,,,333.00882128051546,7.85e-06,,
wing_hinge_pin_1_2_1,SOLAR_CURRENT_FRAMES_AND_HINGES,PHYSICAL_GEOMETRY,SOURCE_BOUND_CANDIDATE_MATERIAL,0.002614119247052046,,,333.00882128051546,7.85e-06,,
wing_hinge_pin_1_3_-1,SOLAR_CURRENT_FRAMES_AND_HINGES,PHYSICAL_GEOMETRY,SOURCE_BOUND_CANDIDATE_MATERIAL,0.002614119247052046,,,333.00882128051546,7.85e-06,,
wing_hinge_pin_1_3_1,SOLAR_CURRENT_FRAMES_AND_HINGES,PHYSICAL_GEOMETRY,SOURCE_BOUND_CANDIDATE_MATERIAL,0.002614119247052046,,,333.00882128051546,7.85e-06,,
wing_release_budget_-1,SOLAR_RELEASE_KITS,FUNCTIONAL_ENVELOPE,PLANNING_BUDGET_ONLY_NOT_MASS_MEASUREMENT,,,0.08,,,,
wing_release_budget_1,SOLAR_RELEASE_KITS,FUNCTIONAL_ENVELOPE,PLANNING_BUDGET_ONLY_NOT_MASS_MEASUREMENT,,,0.08,,,,
wing_root_fork_-1_-1,SOLAR_CURRENT_FRAMES_AND_HINGES,PHYSICAL_GEOMETRY,SOURCE_BOUND_CANDIDATE_MATERIAL,0.005333200841034919,,,1975.2595707536739,2.7e-06,,
wing_root_fork_-1_1,SOLAR_CURRENT_FRAMES_AND_HINGES,PHYSICAL_GEOMETRY,SOURCE_BOUND_CANDIDATE_MATERIAL,0.0053332008181605035,,,1975.259562281668,2.7e-06,,
wing_root_fork_1_-1,SOLAR_CURRENT_FRAMES_AND_HINGES,PHYSICAL_GEOMETRY,SOURCE_BOUND_CANDIDATE_MATERIAL,0.005333202433295855,,,1975.2601604799465,2.7e-06,,
wing_root_fork_1_1,SOLAR_CURRENT_FRAMES_AND_HINGES,PHYSICAL_GEOMETRY,SOURCE_BOUND_CANDIDATE_MATERIAL,0.00533320241042115,,,1975.2601520078333,2.7e-06,,
