file,property,value
00_Master_Skeleton/Master_Skeleton_V2_0.SLDPRT,Description,
00_Master_Skeleton/Master_Skeleton_V2_0.SLDPRT,Weight,"""SW-Mass@Master_Skeleton_V2_0.SLDPRT"""
00_Master_Skeleton/Master_Skeleton_V2_0.SLDPRT,Material,"""SW-Material@Master_Skeleton_V2_0.SLDPRT"""
00_Master_Skeleton/Master_Skeleton_V2_0.SLDPRT,质量,"""SW-Mass@Master_Skeleton_V2_0.SLDPRT"""
00_Master_Skeleton/Master_Skeleton_V2_0.SLDPRT,材料,"""SW-Material@Master_Skeleton_V2_0.SLDPRT"""
00_Master_Skeleton/Master_Skeleton_V2_0.SLDPRT,单重,"""SW-Mass@Master_Skeleton_V2_0.SLDPRT"""
00_Master_Skeleton/Master_Skeleton_V2_0.SLDPRT,零件号,  
00_Master_Skeleton/Master_Skeleton_V2_0.SLDPRT,设计,   
00_Master_Skeleton/Master_Skeleton_V2_0.SLDPRT,审核, 
00_Master_Skeleton/Master_Skeleton_V2_0.SLDPRT,标准审查, 
00_Master_Skeleton/Master_Skeleton_V2_0.SLDPRT,工艺审查, 
00_Master_Skeleton/Master_Skeleton_V2_0.SLDPRT,批准, 
00_Master_Skeleton/Master_Skeleton_V2_0.SLDPRT,日期,"2007,12,3"
00_Master_Skeleton/Master_Skeleton_V2_0.SLDPRT,校核, 
00_Master_Skeleton/Master_Skeleton_V2_0.SLDPRT,主管设计, 
00_Master_Skeleton/Master_Skeleton_V2_0.SLDPRT,校对, 
00_Master_Skeleton/Master_Skeleton_V2_0.SLDPRT,审定, 
00_Master_Skeleton/Master_Skeleton_V2_0.SLDPRT,阶段标记S, 
00_Master_Skeleton/Master_Skeleton_V2_0.SLDPRT,阶段标记A, 
00_Master_Skeleton/Master_Skeleton_V2_0.SLDPRT,阶段标记B, 
00_Master_Skeleton/Master_Skeleton_V2_0.SLDPRT,替代, 
00_Master_Skeleton/Master_Skeleton_V2_0.SLDPRT,图幅, 
00_Master_Skeleton/Master_Skeleton_V2_0.SLDPRT,版本, 
00_Master_Skeleton/Master_Skeleton_V2_0.SLDPRT,备注, 
00_Master_Skeleton/Master_Skeleton_V2_0.SLDPRT,名称,“图样名称”
00_Master_Skeleton/Master_Skeleton_V2_0.SLDPRT,代号,“图样代号”
00_Master_Skeleton/Master_Skeleton_V2_0.SLDPRT,共X张,1
00_Master_Skeleton/Master_Skeleton_V2_0.SLDPRT,第X张,1
00_Master_Skeleton/Master_Skeleton_V2_0.SLDPRT,PARAM_BODY_X_MM,340.5
00_Master_Skeleton/Master_Skeleton_V2_0.SLDPRT,PARAM_BODY_Y_MM,226.3
00_Master_Skeleton/Master_Skeleton_V2_0.SLDPRT,PARAM_BODY_Z_MM,226.3
00_Master_Skeleton/Master_Skeleton_V2_0.SLDPRT,PARAM_BODY_HALF_X_MM,170.25
00_Master_Skeleton/Master_Skeleton_V2_0.SLDPRT,PARAM_BODY_HALF_Y_MM,113.15
00_Master_Skeleton/Master_Skeleton_V2_0.SLDPRT,PARAM_BODY_HALF_Z_MM,113.15
00_Master_Skeleton/Master_Skeleton_V2_0.SLDPRT,PARAM_BAY_COUNT,3
00_Master_Skeleton/Master_Skeleton_V2_0.SLDPRT,PARAM_BAY_LENGTH_NOMINAL_MM,113.5
00_Master_Skeleton/Master_Skeleton_V2_0.SLDPRT,PARAM_TASK_FACE_X_MM,170.25
00_Master_Skeleton/Master_Skeleton_V2_0.SLDPRT,PARAM_REAR_MID_BOUNDARY_X_MM,-56.75
00_Master_Skeleton/Master_Skeleton_V2_0.SLDPRT,PARAM_MID_FRONT_BOUNDARY_X_MM,56.75
00_Master_Skeleton/Master_Skeleton_V2_0.SLDPRT,PARAM_MOUNT_ORIGIN_X_MM,185.25
00_Master_Skeleton/Master_Skeleton_V2_0.SLDPRT,PARAM_MOUNT_OFFSET_FROM_TASK_FACE_MM,15.0
00_Master_Skeleton/Master_Skeleton_V2_0.SLDPRT,PARAM_MOUNT_RY_DEG,90.0
00_Master_Skeleton/Master_Skeleton_V2_0.SLDPRT,PARAM_SERVICER_FLANGE_X_MM,15.0
00_Master_Skeleton/Master_Skeleton_V2_0.SLDPRT,PARAM_SERVICER_FLANGE_Y_MM,160.0
00_Master_Skeleton/Master_Skeleton_V2_0.SLDPRT,PARAM_SERVICER_FLANGE_Z_MM,160.0
00_Master_Skeleton/Master_Skeleton_V2_0.SLDPRT,PARAM_ADAPTER_PLATE_X_MM,12.0
00_Master_Skeleton/Master_Skeleton_V2_0.SLDPRT,PARAM_ADAPTER_PLATE_Y_MM,160.0
00_Master_Skeleton/Master_Skeleton_V2_0.SLDPRT,PARAM_ADAPTER_PLATE_Z_MM,160.0
00_Master_Skeleton/Master_Skeleton_V2_0.SLDPRT,PARAM_ADAPTER_BOSS_D_MM,100.0
00_Master_Skeleton/Master_Skeleton_V2_0.SLDPRT,PARAM_ADAPTER_BOSS_H_MM,15.0
00_Master_Skeleton/Master_Skeleton_V2_0.SLDPRT,PARAM_PRIMARY_LONGERON_COUNT,4
00_Master_Skeleton/Master_Skeleton_V2_0.SLDPRT,PARAM_TRANSVERSE_RING_COUNT,4
00_Master_Skeleton/Master_Skeleton_V2_0.SLDPRT,PARAM_BAY_BOUNDARY_DECK_COUNT,2
00_Master_Skeleton/Master_Skeleton_V2_0.SLDPRT,OBJECT_ID,V2-SKEL-000
00_Master_Skeleton/Master_Skeleton_V2_0.SLDPRT,SYSTEM_OWNER,system_architecture
00_Master_Skeleton/Master_Skeleton_V2_0.SLDPRT,PARENT_ID,Spacecraft_Service_Vehicle_V2_0
00_Master_Skeleton/Master_Skeleton_V2_0.SLDPRT,STRUCTURE_CLASS,REFERENCE
00_Master_Skeleton/Master_Skeleton_V2_0.SLDPRT,REPRESENTATION_LAYER,MASTER_SKELETON
00_Master_Skeleton/Master_Skeleton_V2_0.SLDPRT,EVIDENCE_STATE,EVIDENCE_BOUND
00_Master_Skeleton/Master_Skeleton_V2_0.SLDPRT,SOURCE_REFERENCE,automation/b3_build_spec.yaml <- V2_master_skeleton_parameter_contract.yaml + frame_export_v0_1.yaml
00_Master_Skeleton/Master_Skeleton_V2_0.SLDPRT,FRAME_ID,CS_S
00_Master_Skeleton/Master_Skeleton_V2_0.SLDPRT,INTERFACE_IDS,IF-RM-001;IF-RM-002;IF-SA-L;IF-SA-R
00_Master_Skeleton/Master_Skeleton_V2_0.SLDPRT,MASS_OWNER,NONE_REFERENCE_ONLY
00_Master_Skeleton/Master_Skeleton_V2_0.SLDPRT,NO_DYNAMICS_USE,true
00_Master_Skeleton/Master_Skeleton_V2_0.SLDPRT,MANUFACTURING_AUTHORITY,NONE
00_Master_Skeleton/Master_Skeleton_V2_0.SLDPRT,EXECUTION_AUTHORITY,DISPLAY_ONLY
00_Master_Skeleton/Master_Skeleton_V2_0.SLDPRT,CLAIM_LIMIT,geometry_reference_only_profile_COMPETITION_DISPLAY_V0
00_Master_Skeleton/Master_Skeleton_V2_0.SLDPRT,BLOCKED_CONSUMERS,FEA;dynamics;URDF_roundtrip;manufacturing;mass_properties
01_Primary_Structure/parts/DECK_MID_FRONT.SLDPRT,Description,
01_Primary_Structure/parts/DECK_MID_FRONT.SLDPRT,Weight,"""SW-Mass@DECK_MID_FRONT.SLDPRT"""
01_Primary_Structure/parts/DECK_MID_FRONT.SLDPRT,Material,"""SW-Material@DECK_MID_FRONT.SLDPRT"""
01_Primary_Structure/parts/DECK_MID_FRONT.SLDPRT,质量,"""SW-Mass@DECK_MID_FRONT.SLDPRT"""
01_Primary_Structure/parts/DECK_MID_FRONT.SLDPRT,材料,"""SW-Material@DECK_MID_FRONT.SLDPRT"""
01_Primary_Structure/parts/DECK_MID_FRONT.SLDPRT,单重,"""SW-Mass@DECK_MID_FRONT.SLDPRT"""
01_Primary_Structure/parts/DECK_MID_FRONT.SLDPRT,零件号,  
01_Primary_Structure/parts/DECK_MID_FRONT.SLDPRT,设计,   
01_Primary_Structure/parts/DECK_MID_FRONT.SLDPRT,审核, 
01_Primary_Structure/parts/DECK_MID_FRONT.SLDPRT,标准审查, 
01_Primary_Structure/parts/DECK_MID_FRONT.SLDPRT,工艺审查, 
01_Primary_Structure/parts/DECK_MID_FRONT.SLDPRT,批准, 
01_Primary_Structure/parts/DECK_MID_FRONT.SLDPRT,日期,"2007,12,3"
01_Primary_Structure/parts/DECK_MID_FRONT.SLDPRT,校核, 
01_Primary_Structure/parts/DECK_MID_FRONT.SLDPRT,主管设计, 
01_Primary_Structure/parts/DECK_MID_FRONT.SLDPRT,校对, 
01_Primary_Structure/parts/DECK_MID_FRONT.SLDPRT,审定, 
01_Primary_Structure/parts/DECK_MID_FRONT.SLDPRT,阶段标记S, 
01_Primary_Structure/parts/DECK_MID_FRONT.SLDPRT,阶段标记A, 
01_Primary_Structure/parts/DECK_MID_FRONT.SLDPRT,阶段标记B, 
01_Primary_Structure/parts/DECK_MID_FRONT.SLDPRT,替代, 
01_Primary_Structure/parts/DECK_MID_FRONT.SLDPRT,图幅, 
01_Primary_Structure/parts/DECK_MID_FRONT.SLDPRT,版本, 
01_Primary_Structure/parts/DECK_MID_FRONT.SLDPRT,备注, 
01_Primary_Structure/parts/DECK_MID_FRONT.SLDPRT,名称,“图样名称”
01_Primary_Structure/parts/DECK_MID_FRONT.SLDPRT,代号,“图样代号”
01_Primary_Structure/parts/DECK_MID_FRONT.SLDPRT,共X张,1
01_Primary_Structure/parts/DECK_MID_FRONT.SLDPRT,第X张,1
01_Primary_Structure/parts/DECK_MID_FRONT.SLDPRT,OBJECT_ID,V2-STR-010
01_Primary_Structure/parts/DECK_MID_FRONT.SLDPRT,SYSTEM_OWNER,primary_structure
01_Primary_Structure/parts/DECK_MID_FRONT.SLDPRT,PARENT_ID,SV2_Primary_Structure
01_Primary_Structure/parts/DECK_MID_FRONT.SLDPRT,STRUCTURE_CLASS,PRIMARY_OR_SECONDARY_TBD
01_Primary_Structure/parts/DECK_MID_FRONT.SLDPRT,REPRESENTATION_LAYER,SYSTEM_MECHANICAL_DISPLAY
01_Primary_Structure/parts/DECK_MID_FRONT.SLDPRT,EVIDENCE_STATE,DESIGN_PROPOSAL
01_Primary_Structure/parts/DECK_MID_FRONT.SLDPRT,SOURCE_REFERENCE,b3_build_spec.yaml structure_display_proposal
01_Primary_Structure/parts/DECK_MID_FRONT.SLDPRT,FRAME_ID,CS_S
01_Primary_Structure/parts/DECK_MID_FRONT.SLDPRT,INTERFACE_IDS,
01_Primary_Structure/parts/DECK_MID_FRONT.SLDPRT,MASS_OWNER,NONE_DISPLAY_ONLY
01_Primary_Structure/parts/DECK_MID_FRONT.SLDPRT,NO_DYNAMICS_USE,true
01_Primary_Structure/parts/DECK_MID_FRONT.SLDPRT,MANUFACTURING_AUTHORITY,NONE
01_Primary_Structure/parts/DECK_MID_FRONT.SLDPRT,EXECUTION_AUTHORITY,DISPLAY_ONLY
01_Primary_Structure/parts/DECK_MID_FRONT.SLDPRT,CLAIM_LIMIT,display_topology_only;section_material_joints_UNKNOWN_BLOCKED;NO_STRENGTH_CLAIM;deck_class_TBD
01_Primary_Structure/parts/DECK_MID_FRONT.SLDPRT,BLOCKED_CONSUMERS,FEA;dynamics;mass_properties;manufacturing;strength_claims
01_Primary_Structure/parts/DECK_REAR_MID.SLDPRT,Description,
01_Primary_Structure/parts/DECK_REAR_MID.SLDPRT,Weight,"""SW-Mass@DECK_REAR_MID.SLDPRT"""
01_Primary_Structure/parts/DECK_REAR_MID.SLDPRT,Material,"""SW-Material@DECK_REAR_MID.SLDPRT"""
01_Primary_Structure/parts/DECK_REAR_MID.SLDPRT,质量,"""SW-Mass@DECK_REAR_MID.SLDPRT"""
01_Primary_Structure/parts/DECK_REAR_MID.SLDPRT,材料,"""SW-Material@DECK_REAR_MID.SLDPRT"""
01_Primary_Structure/parts/DECK_REAR_MID.SLDPRT,单重,"""SW-Mass@DECK_REAR_MID.SLDPRT"""
01_Primary_Structure/parts/DECK_REAR_MID.SLDPRT,零件号,  
01_Primary_Structure/parts/DECK_REAR_MID.SLDPRT,设计,   
01_Primary_Structure/parts/DECK_REAR_MID.SLDPRT,审核, 
01_Primary_Structure/parts/DECK_REAR_MID.SLDPRT,标准审查, 
01_Primary_Structure/parts/DECK_REAR_MID.SLDPRT,工艺审查, 
01_Primary_Structure/parts/DECK_REAR_MID.SLDPRT,批准, 
01_Primary_Structure/parts/DECK_REAR_MID.SLDPRT,日期,"2007,12,3"
01_Primary_Structure/parts/DECK_REAR_MID.SLDPRT,校核, 
01_Primary_Structure/parts/DECK_REAR_MID.SLDPRT,主管设计, 
01_Primary_Structure/parts/DECK_REAR_MID.SLDPRT,校对, 
01_Primary_Structure/parts/DECK_REAR_MID.SLDPRT,审定, 
01_Primary_Structure/parts/DECK_REAR_MID.SLDPRT,阶段标记S, 
01_Primary_Structure/parts/DECK_REAR_MID.SLDPRT,阶段标记A, 
01_Primary_Structure/parts/DECK_REAR_MID.SLDPRT,阶段标记B, 
01_Primary_Structure/parts/DECK_REAR_MID.SLDPRT,替代, 
01_Primary_Structure/parts/DECK_REAR_MID.SLDPRT,图幅, 
01_Primary_Structure/parts/DECK_REAR_MID.SLDPRT,版本, 
01_Primary_Structure/parts/DECK_REAR_MID.SLDPRT,备注, 
01_Primary_Structure/parts/DECK_REAR_MID.SLDPRT,名称,“图样名称”
01_Primary_Structure/parts/DECK_REAR_MID.SLDPRT,代号,“图样代号”
01_Primary_Structure/parts/DECK_REAR_MID.SLDPRT,共X张,1
01_Primary_Structure/parts/DECK_REAR_MID.SLDPRT,第X张,1
01_Primary_Structure/parts/DECK_REAR_MID.SLDPRT,OBJECT_ID,V2-STR-009
01_Primary_Structure/parts/DECK_REAR_MID.SLDPRT,SYSTEM_OWNER,primary_structure
01_Primary_Structure/parts/DECK_REAR_MID.SLDPRT,PARENT_ID,SV2_Primary_Structure
01_Primary_Structure/parts/DECK_REAR_MID.SLDPRT,STRUCTURE_CLASS,PRIMARY_OR_SECONDARY_TBD
01_Primary_Structure/parts/DECK_REAR_MID.SLDPRT,REPRESENTATION_LAYER,SYSTEM_MECHANICAL_DISPLAY
01_Primary_Structure/parts/DECK_REAR_MID.SLDPRT,EVIDENCE_STATE,DESIGN_PROPOSAL
01_Primary_Structure/parts/DECK_REAR_MID.SLDPRT,SOURCE_REFERENCE,b3_build_spec.yaml structure_display_proposal
01_Primary_Structure/parts/DECK_REAR_MID.SLDPRT,FRAME_ID,CS_S
01_Primary_Structure/parts/DECK_REAR_MID.SLDPRT,INTERFACE_IDS,
01_Primary_Structure/parts/DECK_REAR_MID.SLDPRT,MASS_OWNER,NONE_DISPLAY_ONLY
01_Primary_Structure/parts/DECK_REAR_MID.SLDPRT,NO_DYNAMICS_USE,true
01_Primary_Structure/parts/DECK_REAR_MID.SLDPRT,MANUFACTURING_AUTHORITY,NONE
01_Primary_Structure/parts/DECK_REAR_MID.SLDPRT,EXECUTION_AUTHORITY,DISPLAY_ONLY
01_Primary_Structure/parts/DECK_REAR_MID.SLDPRT,CLAIM_LIMIT,display_topology_only;section_material_joints_UNKNOWN_BLOCKED;NO_STRENGTH_CLAIM;deck_class_TBD
01_Primary_Structure/parts/DECK_REAR_MID.SLDPRT,BLOCKED_CONSUMERS,FEA;dynamics;mass_properties;manufacturing;strength_claims
01_Primary_Structure/parts/FRM_FRONT_TASK.SLDPRT,Description,
01_Primary_Structure/parts/FRM_FRONT_TASK.SLDPRT,Weight,"""SW-Mass@FRM_FRONT_TASK.SLDPRT"""
01_Primary_Structure/parts/FRM_FRONT_TASK.SLDPRT,Material,"""SW-Material@FRM_FRONT_TASK.SLDPRT"""
01_Primary_Structure/parts/FRM_FRONT_TASK.SLDPRT,质量,"""SW-Mass@FRM_FRONT_TASK.SLDPRT"""
01_Primary_Structure/parts/FRM_FRONT_TASK.SLDPRT,材料,"""SW-Material@FRM_FRONT_TASK.SLDPRT"""
01_Primary_Structure/parts/FRM_FRONT_TASK.SLDPRT,单重,"""SW-Mass@FRM_FRONT_TASK.SLDPRT"""
01_Primary_Structure/parts/FRM_FRONT_TASK.SLDPRT,零件号,  
01_Primary_Structure/parts/FRM_FRONT_TASK.SLDPRT,设计,   
01_Primary_Structure/parts/FRM_FRONT_TASK.SLDPRT,审核, 
01_Primary_Structure/parts/FRM_FRONT_TASK.SLDPRT,标准审查, 
01_Primary_Structure/parts/FRM_FRONT_TASK.SLDPRT,工艺审查, 
01_Primary_Structure/parts/FRM_FRONT_TASK.SLDPRT,批准, 
01_Primary_Structure/parts/FRM_FRONT_TASK.SLDPRT,日期,"2007,12,3"
01_Primary_Structure/parts/FRM_FRONT_TASK.SLDPRT,校核, 
01_Primary_Structure/parts/FRM_FRONT_TASK.SLDPRT,主管设计, 
01_Primary_Structure/parts/FRM_FRONT_TASK.SLDPRT,校对, 
01_Primary_Structure/parts/FRM_FRONT_TASK.SLDPRT,审定, 
01_Primary_Structure/parts/FRM_FRONT_TASK.SLDPRT,阶段标记S, 
01_Primary_Structure/parts/FRM_FRONT_TASK.SLDPRT,阶段标记A, 
01_Primary_Structure/parts/FRM_FRONT_TASK.SLDPRT,阶段标记B, 
01_Primary_Structure/parts/FRM_FRONT_TASK.SLDPRT,替代, 
01_Primary_Structure/parts/FRM_FRONT_TASK.SLDPRT,图幅, 
01_Primary_Structure/parts/FRM_FRONT_TASK.SLDPRT,版本, 
01_Primary_Structure/parts/FRM_FRONT_TASK.SLDPRT,备注, 
01_Primary_Structure/parts/FRM_FRONT_TASK.SLDPRT,名称,“图样名称”
01_Primary_Structure/parts/FRM_FRONT_TASK.SLDPRT,代号,“图样代号”
01_Primary_Structure/parts/FRM_FRONT_TASK.SLDPRT,共X张,1
01_Primary_Structure/parts/FRM_FRONT_TASK.SLDPRT,第X张,1
01_Primary_Structure/parts/FRM_FRONT_TASK.SLDPRT,OBJECT_ID,V2-STR-001
01_Primary_Structure/parts/FRM_FRONT_TASK.SLDPRT,SYSTEM_OWNER,primary_structure
01_Primary_Structure/parts/FRM_FRONT_TASK.SLDPRT,PARENT_ID,SV2_Primary_Structure
01_Primary_Structure/parts/FRM_FRONT_TASK.SLDPRT,STRUCTURE_CLASS,PRIMARY_PROPOSAL
01_Primary_Structure/parts/FRM_FRONT_TASK.SLDPRT,REPRESENTATION_LAYER,SYSTEM_MECHANICAL_DISPLAY
01_Primary_Structure/parts/FRM_FRONT_TASK.SLDPRT,EVIDENCE_STATE,DESIGN_PROPOSAL
01_Primary_Structure/parts/FRM_FRONT_TASK.SLDPRT,SOURCE_REFERENCE,b3_build_spec.yaml structure_display_proposal; load_path:LP_FRONT_FRAME
01_Primary_Structure/parts/FRM_FRONT_TASK.SLDPRT,FRAME_ID,CS_S
01_Primary_Structure/parts/FRM_FRONT_TASK.SLDPRT,INTERFACE_IDS,IF-RM-001
01_Primary_Structure/parts/FRM_FRONT_TASK.SLDPRT,MASS_OWNER,NONE_DISPLAY_ONLY
01_Primary_Structure/parts/FRM_FRONT_TASK.SLDPRT,NO_DYNAMICS_USE,true
01_Primary_Structure/parts/FRM_FRONT_TASK.SLDPRT,MANUFACTURING_AUTHORITY,NONE
01_Primary_Structure/parts/FRM_FRONT_TASK.SLDPRT,EXECUTION_AUTHORITY,DISPLAY_ONLY
01_Primary_Structure/parts/FRM_FRONT_TASK.SLDPRT,CLAIM_LIMIT,display_topology_only;section_material_joints_UNKNOWN_BLOCKED;NO_STRENGTH_CLAIM
01_Primary_Structure/parts/FRM_FRONT_TASK.SLDPRT,BLOCKED_CONSUMERS,FEA;dynamics;mass_properties;manufacturing;strength_claims
01_Primary_Structure/parts/FRM_MID_FRONT.SLDPRT,Description,
01_Primary_Structure/parts/FRM_MID_FRONT.SLDPRT,Weight,"""SW-Mass@FRM_MID_FRONT.SLDPRT"""
01_Primary_Structure/parts/FRM_MID_FRONT.SLDPRT,Material,"""SW-Material@FRM_MID_FRONT.SLDPRT"""
01_Primary_Structure/parts/FRM_MID_FRONT.SLDPRT,质量,"""SW-Mass@FRM_MID_FRONT.SLDPRT"""
01_Primary_Structure/parts/FRM_MID_FRONT.SLDPRT,材料,"""SW-Material@FRM_MID_FRONT.SLDPRT"""
01_Primary_Structure/parts/FRM_MID_FRONT.SLDPRT,单重,"""SW-Mass@FRM_MID_FRONT.SLDPRT"""
01_Primary_Structure/parts/FRM_MID_FRONT.SLDPRT,零件号,  
01_Primary_Structure/parts/FRM_MID_FRONT.SLDPRT,设计,   
01_Primary_Structure/parts/FRM_MID_FRONT.SLDPRT,审核, 
01_Primary_Structure/parts/FRM_MID_FRONT.SLDPRT,标准审查, 
01_Primary_Structure/parts/FRM_MID_FRONT.SLDPRT,工艺审查, 
01_Primary_Structure/parts/FRM_MID_FRONT.SLDPRT,批准, 
01_Primary_Structure/parts/FRM_MID_FRONT.SLDPRT,日期,"2007,12,3"
01_Primary_Structure/parts/FRM_MID_FRONT.SLDPRT,校核, 
01_Primary_Structure/parts/FRM_MID_FRONT.SLDPRT,主管设计, 
01_Primary_Structure/parts/FRM_MID_FRONT.SLDPRT,校对, 
01_Primary_Structure/parts/FRM_MID_FRONT.SLDPRT,审定, 
01_Primary_Structure/parts/FRM_MID_FRONT.SLDPRT,阶段标记S, 
01_Primary_Structure/parts/FRM_MID_FRONT.SLDPRT,阶段标记A, 
01_Primary_Structure/parts/FRM_MID_FRONT.SLDPRT,阶段标记B, 
01_Primary_Structure/parts/FRM_MID_FRONT.SLDPRT,替代, 
01_Primary_Structure/parts/FRM_MID_FRONT.SLDPRT,图幅, 
01_Primary_Structure/parts/FRM_MID_FRONT.SLDPRT,版本, 
01_Primary_Structure/parts/FRM_MID_FRONT.SLDPRT,备注, 
01_Primary_Structure/parts/FRM_MID_FRONT.SLDPRT,名称,“图样名称”
01_Primary_Structure/parts/FRM_MID_FRONT.SLDPRT,代号,“图样代号”
01_Primary_Structure/parts/FRM_MID_FRONT.SLDPRT,共X张,1
01_Primary_Structure/parts/FRM_MID_FRONT.SLDPRT,第X张,1
01_Primary_Structure/parts/FRM_MID_FRONT.SLDPRT,OBJECT_ID,V2-STR-008
01_Primary_Structure/parts/FRM_MID_FRONT.SLDPRT,SYSTEM_OWNER,primary_structure
01_Primary_Structure/parts/FRM_MID_FRONT.SLDPRT,PARENT_ID,SV2_Primary_Structure
01_Primary_Structure/parts/FRM_MID_FRONT.SLDPRT,STRUCTURE_CLASS,PRIMARY_PROPOSAL
01_Primary_Structure/parts/FRM_MID_FRONT.SLDPRT,REPRESENTATION_LAYER,SYSTEM_MECHANICAL_DISPLAY
01_Primary_Structure/parts/FRM_MID_FRONT.SLDPRT,EVIDENCE_STATE,DESIGN_PROPOSAL
01_Primary_Structure/parts/FRM_MID_FRONT.SLDPRT,SOURCE_REFERENCE,b3_build_spec.yaml structure_display_proposal; load_path:LP_MID_FRONT_FRAME
01_Primary_Structure/parts/FRM_MID_FRONT.SLDPRT,FRAME_ID,CS_S
01_Primary_Structure/parts/FRM_MID_FRONT.SLDPRT,INTERFACE_IDS,
01_Primary_Structure/parts/FRM_MID_FRONT.SLDPRT,MASS_OWNER,NONE_DISPLAY_ONLY
01_Primary_Structure/parts/FRM_MID_FRONT.SLDPRT,NO_DYNAMICS_USE,true
01_Primary_Structure/parts/FRM_MID_FRONT.SLDPRT,MANUFACTURING_AUTHORITY,NONE
01_Primary_Structure/parts/FRM_MID_FRONT.SLDPRT,EXECUTION_AUTHORITY,DISPLAY_ONLY
01_Primary_Structure/parts/FRM_MID_FRONT.SLDPRT,CLAIM_LIMIT,display_topology_only;section_material_joints_UNKNOWN_BLOCKED;NO_STRENGTH_CLAIM;radial_outer_inset_to_panel_inner_110.15_D-V2-04
01_Primary_Structure/parts/FRM_MID_FRONT.SLDPRT,BLOCKED_CONSUMERS,FEA;dynamics;mass_properties;manufacturing;strength_claims
01_Primary_Structure/parts/FRM_REAR_BOUNDARY.SLDPRT,Description,
01_Primary_Structure/parts/FRM_REAR_BOUNDARY.SLDPRT,Weight,"""SW-Mass@FRM_REAR_BOUNDARY.SLDPRT"""
01_Primary_Structure/parts/FRM_REAR_BOUNDARY.SLDPRT,Material,"""SW-Material@FRM_REAR_BOUNDARY.SLDPRT"""
01_Primary_Structure/parts/FRM_REAR_BOUNDARY.SLDPRT,质量,"""SW-Mass@FRM_REAR_BOUNDARY.SLDPRT"""
01_Primary_Structure/parts/FRM_REAR_BOUNDARY.SLDPRT,材料,"""SW-Material@FRM_REAR_BOUNDARY.SLDPRT"""
01_Primary_Structure/parts/FRM_REAR_BOUNDARY.SLDPRT,单重,"""SW-Mass@FRM_REAR_BOUNDARY.SLDPRT"""
01_Primary_Structure/parts/FRM_REAR_BOUNDARY.SLDPRT,零件号,  
01_Primary_Structure/parts/FRM_REAR_BOUNDARY.SLDPRT,设计,   
01_Primary_Structure/parts/FRM_REAR_BOUNDARY.SLDPRT,审核, 
01_Primary_Structure/parts/FRM_REAR_BOUNDARY.SLDPRT,标准审查, 
01_Primary_Structure/parts/FRM_REAR_BOUNDARY.SLDPRT,工艺审查, 
01_Primary_Structure/parts/FRM_REAR_BOUNDARY.SLDPRT,批准, 
01_Primary_Structure/parts/FRM_REAR_BOUNDARY.SLDPRT,日期,"2007,12,3"
01_Primary_Structure/parts/FRM_REAR_BOUNDARY.SLDPRT,校核, 
01_Primary_Structure/parts/FRM_REAR_BOUNDARY.SLDPRT,主管设计, 
01_Primary_Structure/parts/FRM_REAR_BOUNDARY.SLDPRT,校对, 
01_Primary_Structure/parts/FRM_REAR_BOUNDARY.SLDPRT,审定, 
01_Primary_Structure/parts/FRM_REAR_BOUNDARY.SLDPRT,阶段标记S, 
01_Primary_Structure/parts/FRM_REAR_BOUNDARY.SLDPRT,阶段标记A, 
01_Primary_Structure/parts/FRM_REAR_BOUNDARY.SLDPRT,阶段标记B, 
01_Primary_Structure/parts/FRM_REAR_BOUNDARY.SLDPRT,替代, 
01_Primary_Structure/parts/FRM_REAR_BOUNDARY.SLDPRT,图幅, 
01_Primary_Structure/parts/FRM_REAR_BOUNDARY.SLDPRT,版本, 
01_Primary_Structure/parts/FRM_REAR_BOUNDARY.SLDPRT,备注, 
01_Primary_Structure/parts/FRM_REAR_BOUNDARY.SLDPRT,名称,“图样名称”
01_Primary_Structure/parts/FRM_REAR_BOUNDARY.SLDPRT,代号,“图样代号”
01_Primary_Structure/parts/FRM_REAR_BOUNDARY.SLDPRT,共X张,1
01_Primary_Structure/parts/FRM_REAR_BOUNDARY.SLDPRT,第X张,1
01_Primary_Structure/parts/FRM_REAR_BOUNDARY.SLDPRT,OBJECT_ID,V2-STR-002
01_Primary_Structure/parts/FRM_REAR_BOUNDARY.SLDPRT,SYSTEM_OWNER,primary_structure
01_Primary_Structure/parts/FRM_REAR_BOUNDARY.SLDPRT,PARENT_ID,SV2_Primary_Structure
01_Primary_Structure/parts/FRM_REAR_BOUNDARY.SLDPRT,STRUCTURE_CLASS,PRIMARY_PROPOSAL
01_Primary_Structure/parts/FRM_REAR_BOUNDARY.SLDPRT,REPRESENTATION_LAYER,SYSTEM_MECHANICAL_DISPLAY
01_Primary_Structure/parts/FRM_REAR_BOUNDARY.SLDPRT,EVIDENCE_STATE,DESIGN_PROPOSAL
01_Primary_Structure/parts/FRM_REAR_BOUNDARY.SLDPRT,SOURCE_REFERENCE,b3_build_spec.yaml structure_display_proposal; load_path:LP_REAR_FRAME
01_Primary_Structure/parts/FRM_REAR_BOUNDARY.SLDPRT,FRAME_ID,CS_S
01_Primary_Structure/parts/FRM_REAR_BOUNDARY.SLDPRT,INTERFACE_IDS,
01_Primary_Structure/parts/FRM_REAR_BOUNDARY.SLDPRT,MASS_OWNER,NONE_DISPLAY_ONLY
01_Primary_Structure/parts/FRM_REAR_BOUNDARY.SLDPRT,NO_DYNAMICS_USE,true
01_Primary_Structure/parts/FRM_REAR_BOUNDARY.SLDPRT,MANUFACTURING_AUTHORITY,NONE
01_Primary_Structure/parts/FRM_REAR_BOUNDARY.SLDPRT,EXECUTION_AUTHORITY,DISPLAY_ONLY
01_Primary_Structure/parts/FRM_REAR_BOUNDARY.SLDPRT,CLAIM_LIMIT,display_topology_only;section_material_joints_UNKNOWN_BLOCKED;NO_STRENGTH_CLAIM
01_Primary_Structure/parts/FRM_REAR_BOUNDARY.SLDPRT,BLOCKED_CONSUMERS,FEA;dynamics;mass_properties;manufacturing;strength_claims
01_Primary_Structure/parts/FRM_REAR_MID.SLDPRT,Description,
01_Primary_Structure/parts/FRM_REAR_MID.SLDPRT,Weight,"""SW-Mass@FRM_REAR_MID.SLDPRT"""
01_Primary_Structure/parts/FRM_REAR_MID.SLDPRT,Material,"""SW-Material@FRM_REAR_MID.SLDPRT"""
01_Primary_Structure/parts/FRM_REAR_MID.SLDPRT,质量,"""SW-Mass@FRM_REAR_MID.SLDPRT"""
01_Primary_Structure/parts/FRM_REAR_MID.SLDPRT,材料,"""SW-Material@FRM_REAR_MID.SLDPRT"""
01_Primary_Structure/parts/FRM_REAR_MID.SLDPRT,单重,"""SW-Mass@FRM_REAR_MID.SLDPRT"""
01_Primary_Structure/parts/FRM_REAR_MID.SLDPRT,零件号,  
01_Primary_Structure/parts/FRM_REAR_MID.SLDPRT,设计,   
01_Primary_Structure/parts/FRM_REAR_MID.SLDPRT,审核, 
01_Primary_Structure/parts/FRM_REAR_MID.SLDPRT,标准审查, 
01_Primary_Structure/parts/FRM_REAR_MID.SLDPRT,工艺审查, 
01_Primary_Structure/parts/FRM_REAR_MID.SLDPRT,批准, 
01_Primary_Structure/parts/FRM_REAR_MID.SLDPRT,日期,"2007,12,3"
01_Primary_Structure/parts/FRM_REAR_MID.SLDPRT,校核, 
01_Primary_Structure/parts/FRM_REAR_MID.SLDPRT,主管设计, 
01_Primary_Structure/parts/FRM_REAR_MID.SLDPRT,校对, 
01_Primary_Structure/parts/FRM_REAR_MID.SLDPRT,审定, 
01_Primary_Structure/parts/FRM_REAR_MID.SLDPRT,阶段标记S, 
01_Primary_Structure/parts/FRM_REAR_MID.SLDPRT,阶段标记A, 
01_Primary_Structure/parts/FRM_REAR_MID.SLDPRT,阶段标记B, 
01_Primary_Structure/parts/FRM_REAR_MID.SLDPRT,替代, 
01_Primary_Structure/parts/FRM_REAR_MID.SLDPRT,图幅, 
01_Primary_Structure/parts/FRM_REAR_MID.SLDPRT,版本, 
01_Primary_Structure/parts/FRM_REAR_MID.SLDPRT,备注, 
01_Primary_Structure/parts/FRM_REAR_MID.SLDPRT,名称,“图样名称”
01_Primary_Structure/parts/FRM_REAR_MID.SLDPRT,代号,“图样代号”
01_Primary_Structure/parts/FRM_REAR_MID.SLDPRT,共X张,1
01_Primary_Structure/parts/FRM_REAR_MID.SLDPRT,第X张,1
01_Primary_Structure/parts/FRM_REAR_MID.SLDPRT,OBJECT_ID,V2-STR-007
01_Primary_Structure/parts/FRM_REAR_MID.SLDPRT,SYSTEM_OWNER,primary_structure
01_Primary_Structure/parts/FRM_REAR_MID.SLDPRT,PARENT_ID,SV2_Primary_Structure
01_Primary_Structure/parts/FRM_REAR_MID.SLDPRT,STRUCTURE_CLASS,PRIMARY_PROPOSAL
01_Primary_Structure/parts/FRM_REAR_MID.SLDPRT,REPRESENTATION_LAYER,SYSTEM_MECHANICAL_DISPLAY
01_Primary_Structure/parts/FRM_REAR_MID.SLDPRT,EVIDENCE_STATE,DESIGN_PROPOSAL
01_Primary_Structure/parts/FRM_REAR_MID.SLDPRT,SOURCE_REFERENCE,b3_build_spec.yaml structure_display_proposal; load_path:LP_REAR_MID_FRAME
01_Primary_Structure/parts/FRM_REAR_MID.SLDPRT,FRAME_ID,CS_S
01_Primary_Structure/parts/FRM_REAR_MID.SLDPRT,INTERFACE_IDS,IF-SA-L;IF-SA-R
01_Primary_Structure/parts/FRM_REAR_MID.SLDPRT,MASS_OWNER,NONE_DISPLAY_ONLY
01_Primary_Structure/parts/FRM_REAR_MID.SLDPRT,NO_DYNAMICS_USE,true
01_Primary_Structure/parts/FRM_REAR_MID.SLDPRT,MANUFACTURING_AUTHORITY,NONE
01_Primary_Structure/parts/FRM_REAR_MID.SLDPRT,EXECUTION_AUTHORITY,DISPLAY_ONLY
01_Primary_Structure/parts/FRM_REAR_MID.SLDPRT,CLAIM_LIMIT,display_topology_only;section_material_joints_UNKNOWN_BLOCKED;NO_STRENGTH_CLAIM;radial_outer_inset_to_panel_inner_110.15_D-V2-04
01_Primary_Structure/parts/FRM_REAR_MID.SLDPRT,BLOCKED_CONSUMERS,FEA;dynamics;mass_properties;manufacturing;strength_claims
01_Primary_Structure/parts/LNG_NY_NZ.SLDPRT,Description,
01_Primary_Structure/parts/LNG_NY_NZ.SLDPRT,Weight,"""SW-Mass@LNG_NY_NZ.SLDPRT"""
01_Primary_Structure/parts/LNG_NY_NZ.SLDPRT,Material,"""SW-Material@LNG_NY_NZ.SLDPRT"""
01_Primary_Structure/parts/LNG_NY_NZ.SLDPRT,质量,"""SW-Mass@LNG_NY_NZ.SLDPRT"""
01_Primary_Structure/parts/LNG_NY_NZ.SLDPRT,材料,"""SW-Material@LNG_NY_NZ.SLDPRT"""
01_Primary_Structure/parts/LNG_NY_NZ.SLDPRT,单重,"""SW-Mass@LNG_NY_NZ.SLDPRT"""
01_Primary_Structure/parts/LNG_NY_NZ.SLDPRT,零件号,  
01_Primary_Structure/parts/LNG_NY_NZ.SLDPRT,设计,   
01_Primary_Structure/parts/LNG_NY_NZ.SLDPRT,审核, 
01_Primary_Structure/parts/LNG_NY_NZ.SLDPRT,标准审查, 
01_Primary_Structure/parts/LNG_NY_NZ.SLDPRT,工艺审查, 
01_Primary_Structure/parts/LNG_NY_NZ.SLDPRT,批准, 
01_Primary_Structure/parts/LNG_NY_NZ.SLDPRT,日期,"2007,12,3"
01_Primary_Structure/parts/LNG_NY_NZ.SLDPRT,校核, 
01_Primary_Structure/parts/LNG_NY_NZ.SLDPRT,主管设计, 
01_Primary_Structure/parts/LNG_NY_NZ.SLDPRT,校对, 
01_Primary_Structure/parts/LNG_NY_NZ.SLDPRT,审定, 
01_Primary_Structure/parts/LNG_NY_NZ.SLDPRT,阶段标记S, 
01_Primary_Structure/parts/LNG_NY_NZ.SLDPRT,阶段标记A, 
01_Primary_Structure/parts/LNG_NY_NZ.SLDPRT,阶段标记B, 
01_Primary_Structure/parts/LNG_NY_NZ.SLDPRT,替代, 
01_Primary_Structure/parts/LNG_NY_NZ.SLDPRT,图幅, 
01_Primary_Structure/parts/LNG_NY_NZ.SLDPRT,版本, 
01_Primary_Structure/parts/LNG_NY_NZ.SLDPRT,备注, 
01_Primary_Structure/parts/LNG_NY_NZ.SLDPRT,名称,“图样名称”
01_Primary_Structure/parts/LNG_NY_NZ.SLDPRT,代号,“图样代号”
01_Primary_Structure/parts/LNG_NY_NZ.SLDPRT,共X张,1
01_Primary_Structure/parts/LNG_NY_NZ.SLDPRT,第X张,1
01_Primary_Structure/parts/LNG_NY_NZ.SLDPRT,OBJECT_ID,V2-STR-006
01_Primary_Structure/parts/LNG_NY_NZ.SLDPRT,SYSTEM_OWNER,primary_structure
01_Primary_Structure/parts/LNG_NY_NZ.SLDPRT,PARENT_ID,SV2_Primary_Structure
01_Primary_Structure/parts/LNG_NY_NZ.SLDPRT,STRUCTURE_CLASS,PRIMARY_PROPOSAL
01_Primary_Structure/parts/LNG_NY_NZ.SLDPRT,REPRESENTATION_LAYER,SYSTEM_MECHANICAL_DISPLAY
01_Primary_Structure/parts/LNG_NY_NZ.SLDPRT,EVIDENCE_STATE,DESIGN_PROPOSAL
01_Primary_Structure/parts/LNG_NY_NZ.SLDPRT,SOURCE_REFERENCE,b3_build_spec.yaml structure_display_proposal; load_path:LP_LONGERON_SET
01_Primary_Structure/parts/LNG_NY_NZ.SLDPRT,FRAME_ID,CS_S
01_Primary_Structure/parts/LNG_NY_NZ.SLDPRT,INTERFACE_IDS,
01_Primary_Structure/parts/LNG_NY_NZ.SLDPRT,MASS_OWNER,NONE_DISPLAY_ONLY
01_Primary_Structure/parts/LNG_NY_NZ.SLDPRT,NO_DYNAMICS_USE,true
01_Primary_Structure/parts/LNG_NY_NZ.SLDPRT,MANUFACTURING_AUTHORITY,NONE
01_Primary_Structure/parts/LNG_NY_NZ.SLDPRT,EXECUTION_AUTHORITY,DISPLAY_ONLY
01_Primary_Structure/parts/LNG_NY_NZ.SLDPRT,CLAIM_LIMIT,display_topology_only;section_material_joints_UNKNOWN_BLOCKED;NO_STRENGTH_CLAIM
01_Primary_Structure/parts/LNG_NY_NZ.SLDPRT,BLOCKED_CONSUMERS,FEA;dynamics;mass_properties;manufacturing;strength_claims
01_Primary_Structure/parts/LNG_NY_PZ.SLDPRT,Description,
01_Primary_Structure/parts/LNG_NY_PZ.SLDPRT,Weight,"""SW-Mass@LNG_NY_PZ.SLDPRT"""
01_Primary_Structure/parts/LNG_NY_PZ.SLDPRT,Material,"""SW-Material@LNG_NY_PZ.SLDPRT"""
01_Primary_Structure/parts/LNG_NY_PZ.SLDPRT,质量,"""SW-Mass@LNG_NY_PZ.SLDPRT"""
01_Primary_Structure/parts/LNG_NY_PZ.SLDPRT,材料,"""SW-Material@LNG_NY_PZ.SLDPRT"""
01_Primary_Structure/parts/LNG_NY_PZ.SLDPRT,单重,"""SW-Mass@LNG_NY_PZ.SLDPRT"""
01_Primary_Structure/parts/LNG_NY_PZ.SLDPRT,零件号,  
01_Primary_Structure/parts/LNG_NY_PZ.SLDPRT,设计,   
01_Primary_Structure/parts/LNG_NY_PZ.SLDPRT,审核, 
01_Primary_Structure/parts/LNG_NY_PZ.SLDPRT,标准审查, 
01_Primary_Structure/parts/LNG_NY_PZ.SLDPRT,工艺审查, 
01_Primary_Structure/parts/LNG_NY_PZ.SLDPRT,批准, 
01_Primary_Structure/parts/LNG_NY_PZ.SLDPRT,日期,"2007,12,3"
01_Primary_Structure/parts/LNG_NY_PZ.SLDPRT,校核, 
01_Primary_Structure/parts/LNG_NY_PZ.SLDPRT,主管设计, 
01_Primary_Structure/parts/LNG_NY_PZ.SLDPRT,校对, 
01_Primary_Structure/parts/LNG_NY_PZ.SLDPRT,审定, 
01_Primary_Structure/parts/LNG_NY_PZ.SLDPRT,阶段标记S, 
01_Primary_Structure/parts/LNG_NY_PZ.SLDPRT,阶段标记A, 
01_Primary_Structure/parts/LNG_NY_PZ.SLDPRT,阶段标记B, 
01_Primary_Structure/parts/LNG_NY_PZ.SLDPRT,替代, 
01_Primary_Structure/parts/LNG_NY_PZ.SLDPRT,图幅, 
01_Primary_Structure/parts/LNG_NY_PZ.SLDPRT,版本, 
01_Primary_Structure/parts/LNG_NY_PZ.SLDPRT,备注, 
01_Primary_Structure/parts/LNG_NY_PZ.SLDPRT,名称,“图样名称”
01_Primary_Structure/parts/LNG_NY_PZ.SLDPRT,代号,“图样代号”
01_Primary_Structure/parts/LNG_NY_PZ.SLDPRT,共X张,1
01_Primary_Structure/parts/LNG_NY_PZ.SLDPRT,第X张,1
01_Primary_Structure/parts/LNG_NY_PZ.SLDPRT,OBJECT_ID,V2-STR-005
01_Primary_Structure/parts/LNG_NY_PZ.SLDPRT,SYSTEM_OWNER,primary_structure
01_Primary_Structure/parts/LNG_NY_PZ.SLDPRT,PARENT_ID,SV2_Primary_Structure
01_Primary_Structure/parts/LNG_NY_PZ.SLDPRT,STRUCTURE_CLASS,PRIMARY_PROPOSAL
01_Primary_Structure/parts/LNG_NY_PZ.SLDPRT,REPRESENTATION_LAYER,SYSTEM_MECHANICAL_DISPLAY
01_Primary_Structure/parts/LNG_NY_PZ.SLDPRT,EVIDENCE_STATE,DESIGN_PROPOSAL
01_Primary_Structure/parts/LNG_NY_PZ.SLDPRT,SOURCE_REFERENCE,b3_build_spec.yaml structure_display_proposal; load_path:LP_LONGERON_SET
01_Primary_Structure/parts/LNG_NY_PZ.SLDPRT,FRAME_ID,CS_S
01_Primary_Structure/parts/LNG_NY_PZ.SLDPRT,INTERFACE_IDS,
01_Primary_Structure/parts/LNG_NY_PZ.SLDPRT,MASS_OWNER,NONE_DISPLAY_ONLY
01_Primary_Structure/parts/LNG_NY_PZ.SLDPRT,NO_DYNAMICS_USE,true
01_Primary_Structure/parts/LNG_NY_PZ.SLDPRT,MANUFACTURING_AUTHORITY,NONE
01_Primary_Structure/parts/LNG_NY_PZ.SLDPRT,EXECUTION_AUTHORITY,DISPLAY_ONLY
01_Primary_Structure/parts/LNG_NY_PZ.SLDPRT,CLAIM_LIMIT,display_topology_only;section_material_joints_UNKNOWN_BLOCKED;NO_STRENGTH_CLAIM
01_Primary_Structure/parts/LNG_NY_PZ.SLDPRT,BLOCKED_CONSUMERS,FEA;dynamics;mass_properties;manufacturing;strength_claims
01_Primary_Structure/parts/LNG_PY_NZ.SLDPRT,Description,
01_Primary_Structure/parts/LNG_PY_NZ.SLDPRT,Weight,"""SW-Mass@LNG_PY_NZ.SLDPRT"""
01_Primary_Structure/parts/LNG_PY_NZ.SLDPRT,Material,"""SW-Material@LNG_PY_NZ.SLDPRT"""
01_Primary_Structure/parts/LNG_PY_NZ.SLDPRT,质量,"""SW-Mass@LNG_PY_NZ.SLDPRT"""
01_Primary_Structure/parts/LNG_PY_NZ.SLDPRT,材料,"""SW-Material@LNG_PY_NZ.SLDPRT"""
01_Primary_Structure/parts/LNG_PY_NZ.SLDPRT,单重,"""SW-Mass@LNG_PY_NZ.SLDPRT"""
01_Primary_Structure/parts/LNG_PY_NZ.SLDPRT,零件号,  
01_Primary_Structure/parts/LNG_PY_NZ.SLDPRT,设计,   
01_Primary_Structure/parts/LNG_PY_NZ.SLDPRT,审核, 
01_Primary_Structure/parts/LNG_PY_NZ.SLDPRT,标准审查, 
01_Primary_Structure/parts/LNG_PY_NZ.SLDPRT,工艺审查, 
01_Primary_Structure/parts/LNG_PY_NZ.SLDPRT,批准, 
01_Primary_Structure/parts/LNG_PY_NZ.SLDPRT,日期,"2007,12,3"
01_Primary_Structure/parts/LNG_PY_NZ.SLDPRT,校核, 
01_Primary_Structure/parts/LNG_PY_NZ.SLDPRT,主管设计, 
01_Primary_Structure/parts/LNG_PY_NZ.SLDPRT,校对, 
01_Primary_Structure/parts/LNG_PY_NZ.SLDPRT,审定, 
01_Primary_Structure/parts/LNG_PY_NZ.SLDPRT,阶段标记S, 
01_Primary_Structure/parts/LNG_PY_NZ.SLDPRT,阶段标记A, 
01_Primary_Structure/parts/LNG_PY_NZ.SLDPRT,阶段标记B, 
01_Primary_Structure/parts/LNG_PY_NZ.SLDPRT,替代, 
01_Primary_Structure/parts/LNG_PY_NZ.SLDPRT,图幅, 
01_Primary_Structure/parts/LNG_PY_NZ.SLDPRT,版本, 
01_Primary_Structure/parts/LNG_PY_NZ.SLDPRT,备注, 
01_Primary_Structure/parts/LNG_PY_NZ.SLDPRT,名称,“图样名称”
01_Primary_Structure/parts/LNG_PY_NZ.SLDPRT,代号,“图样代号”
01_Primary_Structure/parts/LNG_PY_NZ.SLDPRT,共X张,1
01_Primary_Structure/parts/LNG_PY_NZ.SLDPRT,第X张,1
01_Primary_Structure/parts/LNG_PY_NZ.SLDPRT,OBJECT_ID,V2-STR-004
01_Primary_Structure/parts/LNG_PY_NZ.SLDPRT,SYSTEM_OWNER,primary_structure
01_Primary_Structure/parts/LNG_PY_NZ.SLDPRT,PARENT_ID,SV2_Primary_Structure
01_Primary_Structure/parts/LNG_PY_NZ.SLDPRT,STRUCTURE_CLASS,PRIMARY_PROPOSAL
01_Primary_Structure/parts/LNG_PY_NZ.SLDPRT,REPRESENTATION_LAYER,SYSTEM_MECHANICAL_DISPLAY
01_Primary_Structure/parts/LNG_PY_NZ.SLDPRT,EVIDENCE_STATE,DESIGN_PROPOSAL
01_Primary_Structure/parts/LNG_PY_NZ.SLDPRT,SOURCE_REFERENCE,b3_build_spec.yaml structure_display_proposal; load_path:LP_LONGERON_SET
01_Primary_Structure/parts/LNG_PY_NZ.SLDPRT,FRAME_ID,CS_S
01_Primary_Structure/parts/LNG_PY_NZ.SLDPRT,INTERFACE_IDS,
01_Primary_Structure/parts/LNG_PY_NZ.SLDPRT,MASS_OWNER,NONE_DISPLAY_ONLY
01_Primary_Structure/parts/LNG_PY_NZ.SLDPRT,NO_DYNAMICS_USE,true
01_Primary_Structure/parts/LNG_PY_NZ.SLDPRT,MANUFACTURING_AUTHORITY,NONE
01_Primary_Structure/parts/LNG_PY_NZ.SLDPRT,EXECUTION_AUTHORITY,DISPLAY_ONLY
01_Primary_Structure/parts/LNG_PY_NZ.SLDPRT,CLAIM_LIMIT,display_topology_only;section_material_joints_UNKNOWN_BLOCKED;NO_STRENGTH_CLAIM
01_Primary_Structure/parts/LNG_PY_NZ.SLDPRT,BLOCKED_CONSUMERS,FEA;dynamics;mass_properties;manufacturing;strength_claims
01_Primary_Structure/parts/LNG_PY_PZ.SLDPRT,Description,
01_Primary_Structure/parts/LNG_PY_PZ.SLDPRT,Weight,"""SW-Mass@LNG_PY_PZ.SLDPRT"""
01_Primary_Structure/parts/LNG_PY_PZ.SLDPRT,Material,"""SW-Material@LNG_PY_PZ.SLDPRT"""
01_Primary_Structure/parts/LNG_PY_PZ.SLDPRT,质量,"""SW-Mass@LNG_PY_PZ.SLDPRT"""
01_Primary_Structure/parts/LNG_PY_PZ.SLDPRT,材料,"""SW-Material@LNG_PY_PZ.SLDPRT"""
01_Primary_Structure/parts/LNG_PY_PZ.SLDPRT,单重,"""SW-Mass@LNG_PY_PZ.SLDPRT"""
01_Primary_Structure/parts/LNG_PY_PZ.SLDPRT,零件号,  
01_Primary_Structure/parts/LNG_PY_PZ.SLDPRT,设计,   
01_Primary_Structure/parts/LNG_PY_PZ.SLDPRT,审核, 
01_Primary_Structure/parts/LNG_PY_PZ.SLDPRT,标准审查, 
01_Primary_Structure/parts/LNG_PY_PZ.SLDPRT,工艺审查, 
01_Primary_Structure/parts/LNG_PY_PZ.SLDPRT,批准, 
01_Primary_Structure/parts/LNG_PY_PZ.SLDPRT,日期,"2007,12,3"
01_Primary_Structure/parts/LNG_PY_PZ.SLDPRT,校核, 
01_Primary_Structure/parts/LNG_PY_PZ.SLDPRT,主管设计, 
01_Primary_Structure/parts/LNG_PY_PZ.SLDPRT,校对, 
01_Primary_Structure/parts/LNG_PY_PZ.SLDPRT,审定, 
01_Primary_Structure/parts/LNG_PY_PZ.SLDPRT,阶段标记S, 
01_Primary_Structure/parts/LNG_PY_PZ.SLDPRT,阶段标记A, 
01_Primary_Structure/parts/LNG_PY_PZ.SLDPRT,阶段标记B, 
01_Primary_Structure/parts/LNG_PY_PZ.SLDPRT,替代, 
01_Primary_Structure/parts/LNG_PY_PZ.SLDPRT,图幅, 
01_Primary_Structure/parts/LNG_PY_PZ.SLDPRT,版本, 
01_Primary_Structure/parts/LNG_PY_PZ.SLDPRT,备注, 
01_Primary_Structure/parts/LNG_PY_PZ.SLDPRT,名称,“图样名称”
01_Primary_Structure/parts/LNG_PY_PZ.SLDPRT,代号,“图样代号”
01_Primary_Structure/parts/LNG_PY_PZ.SLDPRT,共X张,1
01_Primary_Structure/parts/LNG_PY_PZ.SLDPRT,第X张,1
01_Primary_Structure/parts/LNG_PY_PZ.SLDPRT,OBJECT_ID,V2-STR-003
01_Primary_Structure/parts/LNG_PY_PZ.SLDPRT,SYSTEM_OWNER,primary_structure
01_Primary_Structure/parts/LNG_PY_PZ.SLDPRT,PARENT_ID,SV2_Primary_Structure
01_Primary_Structure/parts/LNG_PY_PZ.SLDPRT,STRUCTURE_CLASS,PRIMARY_PROPOSAL
01_Primary_Structure/parts/LNG_PY_PZ.SLDPRT,REPRESENTATION_LAYER,SYSTEM_MECHANICAL_DISPLAY
01_Primary_Structure/parts/LNG_PY_PZ.SLDPRT,EVIDENCE_STATE,DESIGN_PROPOSAL
01_Primary_Structure/parts/LNG_PY_PZ.SLDPRT,SOURCE_REFERENCE,b3_build_spec.yaml structure_display_proposal; load_path:LP_LONGERON_SET
01_Primary_Structure/parts/LNG_PY_PZ.SLDPRT,FRAME_ID,CS_S
01_Primary_Structure/parts/LNG_PY_PZ.SLDPRT,INTERFACE_IDS,
01_Primary_Structure/parts/LNG_PY_PZ.SLDPRT,MASS_OWNER,NONE_DISPLAY_ONLY
01_Primary_Structure/parts/LNG_PY_PZ.SLDPRT,NO_DYNAMICS_USE,true
01_Primary_Structure/parts/LNG_PY_PZ.SLDPRT,MANUFACTURING_AUTHORITY,NONE
01_Primary_Structure/parts/LNG_PY_PZ.SLDPRT,EXECUTION_AUTHORITY,DISPLAY_ONLY
01_Primary_Structure/parts/LNG_PY_PZ.SLDPRT,CLAIM_LIMIT,display_topology_only;section_material_joints_UNKNOWN_BLOCKED;NO_STRENGTH_CLAIM
01_Primary_Structure/parts/LNG_PY_PZ.SLDPRT,BLOCKED_CONSUMERS,FEA;dynamics;mass_properties;manufacturing;strength_claims
01_Primary_Structure/parts/PNL_BOTTOM.SLDPRT,Description,
01_Primary_Structure/parts/PNL_BOTTOM.SLDPRT,Weight,"""SW-Mass@PNL_BOTTOM.SLDPRT"""
01_Primary_Structure/parts/PNL_BOTTOM.SLDPRT,Material,"""SW-Material@PNL_BOTTOM.SLDPRT"""
01_Primary_Structure/parts/PNL_BOTTOM.SLDPRT,质量,"""SW-Mass@PNL_BOTTOM.SLDPRT"""
01_Primary_Structure/parts/PNL_BOTTOM.SLDPRT,材料,"""SW-Material@PNL_BOTTOM.SLDPRT"""
01_Primary_Structure/parts/PNL_BOTTOM.SLDPRT,单重,"""SW-Mass@PNL_BOTTOM.SLDPRT"""
01_Primary_Structure/parts/PNL_BOTTOM.SLDPRT,零件号,  
01_Primary_Structure/parts/PNL_BOTTOM.SLDPRT,设计,   
01_Primary_Structure/parts/PNL_BOTTOM.SLDPRT,审核, 
01_Primary_Structure/parts/PNL_BOTTOM.SLDPRT,标准审查, 
01_Primary_Structure/parts/PNL_BOTTOM.SLDPRT,工艺审查, 
01_Primary_Structure/parts/PNL_BOTTOM.SLDPRT,批准, 
01_Primary_Structure/parts/PNL_BOTTOM.SLDPRT,日期,"2007,12,3"
01_Primary_Structure/parts/PNL_BOTTOM.SLDPRT,校核, 
01_Primary_Structure/parts/PNL_BOTTOM.SLDPRT,主管设计, 
01_Primary_Structure/parts/PNL_BOTTOM.SLDPRT,校对, 
01_Primary_Structure/parts/PNL_BOTTOM.SLDPRT,审定, 
01_Primary_Structure/parts/PNL_BOTTOM.SLDPRT,阶段标记S, 
01_Primary_Structure/parts/PNL_BOTTOM.SLDPRT,阶段标记A, 
01_Primary_Structure/parts/PNL_BOTTOM.SLDPRT,阶段标记B, 
01_Primary_Structure/parts/PNL_BOTTOM.SLDPRT,替代, 
01_Primary_Structure/parts/PNL_BOTTOM.SLDPRT,图幅, 
01_Primary_Structure/parts/PNL_BOTTOM.SLDPRT,版本, 
01_Primary_Structure/parts/PNL_BOTTOM.SLDPRT,备注, 
01_Primary_Structure/parts/PNL_BOTTOM.SLDPRT,名称,“图样名称”
01_Primary_Structure/parts/PNL_BOTTOM.SLDPRT,代号,“图样代号”
01_Primary_Structure/parts/PNL_BOTTOM.SLDPRT,共X张,1
01_Primary_Structure/parts/PNL_BOTTOM.SLDPRT,第X张,1
01_Primary_Structure/parts/PNL_BOTTOM.SLDPRT,OBJECT_ID,V2-STR-012
01_Primary_Structure/parts/PNL_BOTTOM.SLDPRT,SYSTEM_OWNER,secondary_structure
01_Primary_Structure/parts/PNL_BOTTOM.SLDPRT,PARENT_ID,SV2_Primary_Structure
01_Primary_Structure/parts/PNL_BOTTOM.SLDPRT,STRUCTURE_CLASS,SECONDARY_PROPOSAL
01_Primary_Structure/parts/PNL_BOTTOM.SLDPRT,REPRESENTATION_LAYER,SYSTEM_MECHANICAL_DISPLAY
01_Primary_Structure/parts/PNL_BOTTOM.SLDPRT,EVIDENCE_STATE,DESIGN_PROPOSAL
01_Primary_Structure/parts/PNL_BOTTOM.SLDPRT,SOURCE_REFERENCE,b3_build_spec.yaml structure_display_proposal
01_Primary_Structure/parts/PNL_BOTTOM.SLDPRT,FRAME_ID,CS_S
01_Primary_Structure/parts/PNL_BOTTOM.SLDPRT,INTERFACE_IDS,
01_Primary_Structure/parts/PNL_BOTTOM.SLDPRT,MASS_OWNER,NONE_DISPLAY_ONLY
01_Primary_Structure/parts/PNL_BOTTOM.SLDPRT,NO_DYNAMICS_USE,true
01_Primary_Structure/parts/PNL_BOTTOM.SLDPRT,MANUFACTURING_AUTHORITY,NONE
01_Primary_Structure/parts/PNL_BOTTOM.SLDPRT,EXECUTION_AUTHORITY,DISPLAY_ONLY
01_Primary_Structure/parts/PNL_BOTTOM.SLDPRT,CLAIM_LIMIT,display_topology_only;section_material_joints_UNKNOWN_BLOCKED;NO_STRENGTH_CLAIM;removable_panel;may_close_primary_path=false
01_Primary_Structure/parts/PNL_BOTTOM.SLDPRT,BLOCKED_CONSUMERS,FEA;dynamics;mass_properties;manufacturing;strength_claims
01_Primary_Structure/parts/PNL_LEFT.SLDPRT,Description,
01_Primary_Structure/parts/PNL_LEFT.SLDPRT,Weight,"""SW-Mass@PNL_LEFT.SLDPRT"""
01_Primary_Structure/parts/PNL_LEFT.SLDPRT,Material,"""SW-Material@PNL_LEFT.SLDPRT"""
01_Primary_Structure/parts/PNL_LEFT.SLDPRT,质量,"""SW-Mass@PNL_LEFT.SLDPRT"""
01_Primary_Structure/parts/PNL_LEFT.SLDPRT,材料,"""SW-Material@PNL_LEFT.SLDPRT"""
01_Primary_Structure/parts/PNL_LEFT.SLDPRT,单重,"""SW-Mass@PNL_LEFT.SLDPRT"""
01_Primary_Structure/parts/PNL_LEFT.SLDPRT,零件号,  
01_Primary_Structure/parts/PNL_LEFT.SLDPRT,设计,   
01_Primary_Structure/parts/PNL_LEFT.SLDPRT,审核, 
01_Primary_Structure/parts/PNL_LEFT.SLDPRT,标准审查, 
01_Primary_Structure/parts/PNL_LEFT.SLDPRT,工艺审查, 
01_Primary_Structure/parts/PNL_LEFT.SLDPRT,批准, 
01_Primary_Structure/parts/PNL_LEFT.SLDPRT,日期,"2007,12,3"
01_Primary_Structure/parts/PNL_LEFT.SLDPRT,校核, 
01_Primary_Structure/parts/PNL_LEFT.SLDPRT,主管设计, 
01_Primary_Structure/parts/PNL_LEFT.SLDPRT,校对, 
01_Primary_Structure/parts/PNL_LEFT.SLDPRT,审定, 
01_Primary_Structure/parts/PNL_LEFT.SLDPRT,阶段标记S, 
01_Primary_Structure/parts/PNL_LEFT.SLDPRT,阶段标记A, 
01_Primary_Structure/parts/PNL_LEFT.SLDPRT,阶段标记B, 
01_Primary_Structure/parts/PNL_LEFT.SLDPRT,替代, 
01_Primary_Structure/parts/PNL_LEFT.SLDPRT,图幅, 
01_Primary_Structure/parts/PNL_LEFT.SLDPRT,版本, 
01_Primary_Structure/parts/PNL_LEFT.SLDPRT,备注, 
01_Primary_Structure/parts/PNL_LEFT.SLDPRT,名称,“图样名称”
01_Primary_Structure/parts/PNL_LEFT.SLDPRT,代号,“图样代号”
01_Primary_Structure/parts/PNL_LEFT.SLDPRT,共X张,1
01_Primary_Structure/parts/PNL_LEFT.SLDPRT,第X张,1
01_Primary_Structure/parts/PNL_LEFT.SLDPRT,OBJECT_ID,V2-STR-013
01_Primary_Structure/parts/PNL_LEFT.SLDPRT,SYSTEM_OWNER,secondary_structure
01_Primary_Structure/parts/PNL_LEFT.SLDPRT,PARENT_ID,SV2_Primary_Structure
01_Primary_Structure/parts/PNL_LEFT.SLDPRT,STRUCTURE_CLASS,SECONDARY_PROPOSAL
01_Primary_Structure/parts/PNL_LEFT.SLDPRT,REPRESENTATION_LAYER,SYSTEM_MECHANICAL_DISPLAY
01_Primary_Structure/parts/PNL_LEFT.SLDPRT,EVIDENCE_STATE,DESIGN_PROPOSAL
01_Primary_Structure/parts/PNL_LEFT.SLDPRT,SOURCE_REFERENCE,b3_build_spec.yaml structure_display_proposal
01_Primary_Structure/parts/PNL_LEFT.SLDPRT,FRAME_ID,CS_S
01_Primary_Structure/parts/PNL_LEFT.SLDPRT,INTERFACE_IDS,
01_Primary_Structure/parts/PNL_LEFT.SLDPRT,MASS_OWNER,NONE_DISPLAY_ONLY
01_Primary_Structure/parts/PNL_LEFT.SLDPRT,NO_DYNAMICS_USE,true
01_Primary_Structure/parts/PNL_LEFT.SLDPRT,MANUFACTURING_AUTHORITY,NONE
01_Primary_Structure/parts/PNL_LEFT.SLDPRT,EXECUTION_AUTHORITY,DISPLAY_ONLY
01_Primary_Structure/parts/PNL_LEFT.SLDPRT,CLAIM_LIMIT,display_topology_only;section_material_joints_UNKNOWN_BLOCKED;NO_STRENGTH_CLAIM;removable_panel;may_close_primary_path=false
01_Primary_Structure/parts/PNL_LEFT.SLDPRT,BLOCKED_CONSUMERS,FEA;dynamics;mass_properties;manufacturing;strength_claims
01_Primary_Structure/parts/PNL_RIGHT.SLDPRT,Description,
01_Primary_Structure/parts/PNL_RIGHT.SLDPRT,Weight,"""SW-Mass@PNL_RIGHT.SLDPRT"""
01_Primary_Structure/parts/PNL_RIGHT.SLDPRT,Material,"""SW-Material@PNL_RIGHT.SLDPRT"""
01_Primary_Structure/parts/PNL_RIGHT.SLDPRT,质量,"""SW-Mass@PNL_RIGHT.SLDPRT"""
01_Primary_Structure/parts/PNL_RIGHT.SLDPRT,材料,"""SW-Material@PNL_RIGHT.SLDPRT"""
01_Primary_Structure/parts/PNL_RIGHT.SLDPRT,单重,"""SW-Mass@PNL_RIGHT.SLDPRT"""
01_Primary_Structure/parts/PNL_RIGHT.SLDPRT,零件号,  
01_Primary_Structure/parts/PNL_RIGHT.SLDPRT,设计,   
01_Primary_Structure/parts/PNL_RIGHT.SLDPRT,审核, 
01_Primary_Structure/parts/PNL_RIGHT.SLDPRT,标准审查, 
01_Primary_Structure/parts/PNL_RIGHT.SLDPRT,工艺审查, 
01_Primary_Structure/parts/PNL_RIGHT.SLDPRT,批准, 
01_Primary_Structure/parts/PNL_RIGHT.SLDPRT,日期,"2007,12,3"
01_Primary_Structure/parts/PNL_RIGHT.SLDPRT,校核, 
01_Primary_Structure/parts/PNL_RIGHT.SLDPRT,主管设计, 
01_Primary_Structure/parts/PNL_RIGHT.SLDPRT,校对, 
01_Primary_Structure/parts/PNL_RIGHT.SLDPRT,审定, 
01_Primary_Structure/parts/PNL_RIGHT.SLDPRT,阶段标记S, 
01_Primary_Structure/parts/PNL_RIGHT.SLDPRT,阶段标记A, 
01_Primary_Structure/parts/PNL_RIGHT.SLDPRT,阶段标记B, 
01_Primary_Structure/parts/PNL_RIGHT.SLDPRT,替代, 
01_Primary_Structure/parts/PNL_RIGHT.SLDPRT,图幅, 
01_Primary_Structure/parts/PNL_RIGHT.SLDPRT,版本, 
01_Primary_Structure/parts/PNL_RIGHT.SLDPRT,备注, 
01_Primary_Structure/parts/PNL_RIGHT.SLDPRT,名称,“图样名称”
01_Primary_Structure/parts/PNL_RIGHT.SLDPRT,代号,“图样代号”
01_Primary_Structure/parts/PNL_RIGHT.SLDPRT,共X张,1
01_Primary_Structure/parts/PNL_RIGHT.SLDPRT,第X张,1
01_Primary_Structure/parts/PNL_RIGHT.SLDPRT,OBJECT_ID,V2-STR-014
01_Primary_Structure/parts/PNL_RIGHT.SLDPRT,SYSTEM_OWNER,secondary_structure
01_Primary_Structure/parts/PNL_RIGHT.SLDPRT,PARENT_ID,SV2_Primary_Structure
01_Primary_Structure/parts/PNL_RIGHT.SLDPRT,STRUCTURE_CLASS,SECONDARY_PROPOSAL
01_Primary_Structure/parts/PNL_RIGHT.SLDPRT,REPRESENTATION_LAYER,SYSTEM_MECHANICAL_DISPLAY
01_Primary_Structure/parts/PNL_RIGHT.SLDPRT,EVIDENCE_STATE,DESIGN_PROPOSAL
01_Primary_Structure/parts/PNL_RIGHT.SLDPRT,SOURCE_REFERENCE,b3_build_spec.yaml structure_display_proposal
01_Primary_Structure/parts/PNL_RIGHT.SLDPRT,FRAME_ID,CS_S
01_Primary_Structure/parts/PNL_RIGHT.SLDPRT,INTERFACE_IDS,
01_Primary_Structure/parts/PNL_RIGHT.SLDPRT,MASS_OWNER,NONE_DISPLAY_ONLY
01_Primary_Structure/parts/PNL_RIGHT.SLDPRT,NO_DYNAMICS_USE,true
01_Primary_Structure/parts/PNL_RIGHT.SLDPRT,MANUFACTURING_AUTHORITY,NONE
01_Primary_Structure/parts/PNL_RIGHT.SLDPRT,EXECUTION_AUTHORITY,DISPLAY_ONLY
01_Primary_Structure/parts/PNL_RIGHT.SLDPRT,CLAIM_LIMIT,display_topology_only;section_material_joints_UNKNOWN_BLOCKED;NO_STRENGTH_CLAIM;removable_panel;may_close_primary_path=false
01_Primary_Structure/parts/PNL_RIGHT.SLDPRT,BLOCKED_CONSUMERS,FEA;dynamics;mass_properties;manufacturing;strength_claims
01_Primary_Structure/parts/PNL_TOP.SLDPRT,Description,
01_Primary_Structure/parts/PNL_TOP.SLDPRT,Weight,"""SW-Mass@PNL_TOP.SLDPRT"""
01_Primary_Structure/parts/PNL_TOP.SLDPRT,Material,"""SW-Material@PNL_TOP.SLDPRT"""
01_Primary_Structure/parts/PNL_TOP.SLDPRT,质量,"""SW-Mass@PNL_TOP.SLDPRT"""
01_Primary_Structure/parts/PNL_TOP.SLDPRT,材料,"""SW-Material@PNL_TOP.SLDPRT"""
01_Primary_Structure/parts/PNL_TOP.SLDPRT,单重,"""SW-Mass@PNL_TOP.SLDPRT"""
01_Primary_Structure/parts/PNL_TOP.SLDPRT,零件号,  
01_Primary_Structure/parts/PNL_TOP.SLDPRT,设计,   
01_Primary_Structure/parts/PNL_TOP.SLDPRT,审核, 
01_Primary_Structure/parts/PNL_TOP.SLDPRT,标准审查, 
01_Primary_Structure/parts/PNL_TOP.SLDPRT,工艺审查, 
01_Primary_Structure/parts/PNL_TOP.SLDPRT,批准, 
01_Primary_Structure/parts/PNL_TOP.SLDPRT,日期,"2007,12,3"
01_Primary_Structure/parts/PNL_TOP.SLDPRT,校核, 
01_Primary_Structure/parts/PNL_TOP.SLDPRT,主管设计, 
01_Primary_Structure/parts/PNL_TOP.SLDPRT,校对, 
01_Primary_Structure/parts/PNL_TOP.SLDPRT,审定, 
01_Primary_Structure/parts/PNL_TOP.SLDPRT,阶段标记S, 
01_Primary_Structure/parts/PNL_TOP.SLDPRT,阶段标记A, 
01_Primary_Structure/parts/PNL_TOP.SLDPRT,阶段标记B, 
01_Primary_Structure/parts/PNL_TOP.SLDPRT,替代, 
01_Primary_Structure/parts/PNL_TOP.SLDPRT,图幅, 
01_Primary_Structure/parts/PNL_TOP.SLDPRT,版本, 
01_Primary_Structure/parts/PNL_TOP.SLDPRT,备注, 
01_Primary_Structure/parts/PNL_TOP.SLDPRT,名称,“图样名称”
01_Primary_Structure/parts/PNL_TOP.SLDPRT,代号,“图样代号”
01_Primary_Structure/parts/PNL_TOP.SLDPRT,共X张,1
01_Primary_Structure/parts/PNL_TOP.SLDPRT,第X张,1
01_Primary_Structure/parts/PNL_TOP.SLDPRT,OBJECT_ID,V2-STR-011
01_Primary_Structure/parts/PNL_TOP.SLDPRT,SYSTEM_OWNER,secondary_structure
01_Primary_Structure/parts/PNL_TOP.SLDPRT,PARENT_ID,SV2_Primary_Structure
01_Primary_Structure/parts/PNL_TOP.SLDPRT,STRUCTURE_CLASS,SECONDARY_PROPOSAL
01_Primary_Structure/parts/PNL_TOP.SLDPRT,REPRESENTATION_LAYER,SYSTEM_MECHANICAL_DISPLAY
01_Primary_Structure/parts/PNL_TOP.SLDPRT,EVIDENCE_STATE,DESIGN_PROPOSAL
01_Primary_Structure/parts/PNL_TOP.SLDPRT,SOURCE_REFERENCE,b3_build_spec.yaml structure_display_proposal
01_Primary_Structure/parts/PNL_TOP.SLDPRT,FRAME_ID,CS_S
01_Primary_Structure/parts/PNL_TOP.SLDPRT,INTERFACE_IDS,
01_Primary_Structure/parts/PNL_TOP.SLDPRT,MASS_OWNER,NONE_DISPLAY_ONLY
01_Primary_Structure/parts/PNL_TOP.SLDPRT,NO_DYNAMICS_USE,true
01_Primary_Structure/parts/PNL_TOP.SLDPRT,MANUFACTURING_AUTHORITY,NONE
01_Primary_Structure/parts/PNL_TOP.SLDPRT,EXECUTION_AUTHORITY,DISPLAY_ONLY
01_Primary_Structure/parts/PNL_TOP.SLDPRT,CLAIM_LIMIT,display_topology_only;section_material_joints_UNKNOWN_BLOCKED;NO_STRENGTH_CLAIM;removable_panel;may_close_primary_path=false
01_Primary_Structure/parts/PNL_TOP.SLDPRT,BLOCKED_CONSUMERS,FEA;dynamics;mass_properties;manufacturing;strength_claims
02_Front_Mission_Module/parts/PNL_FRONT_MISSION_ACCESS.SLDPRT,Description,
02_Front_Mission_Module/parts/PNL_FRONT_MISSION_ACCESS.SLDPRT,Weight,"""SW-Mass@PNL_FRONT_MISSION_ACCESS.SLDPRT"""
02_Front_Mission_Module/parts/PNL_FRONT_MISSION_ACCESS.SLDPRT,Material,"""SW-Material@PNL_FRONT_MISSION_ACCESS.SLDPRT"""
02_Front_Mission_Module/parts/PNL_FRONT_MISSION_ACCESS.SLDPRT,质量,"""SW-Mass@PNL_FRONT_MISSION_ACCESS.SLDPRT"""
02_Front_Mission_Module/parts/PNL_FRONT_MISSION_ACCESS.SLDPRT,材料,"""SW-Material@PNL_FRONT_MISSION_ACCESS.SLDPRT"""
02_Front_Mission_Module/parts/PNL_FRONT_MISSION_ACCESS.SLDPRT,单重,"""SW-Mass@PNL_FRONT_MISSION_ACCESS.SLDPRT"""
02_Front_Mission_Module/parts/PNL_FRONT_MISSION_ACCESS.SLDPRT,零件号,  
02_Front_Mission_Module/parts/PNL_FRONT_MISSION_ACCESS.SLDPRT,设计,   
02_Front_Mission_Module/parts/PNL_FRONT_MISSION_ACCESS.SLDPRT,审核, 
02_Front_Mission_Module/parts/PNL_FRONT_MISSION_ACCESS.SLDPRT,标准审查, 
02_Front_Mission_Module/parts/PNL_FRONT_MISSION_ACCESS.SLDPRT,工艺审查, 
02_Front_Mission_Module/parts/PNL_FRONT_MISSION_ACCESS.SLDPRT,批准, 
02_Front_Mission_Module/parts/PNL_FRONT_MISSION_ACCESS.SLDPRT,日期,"2007,12,3"
02_Front_Mission_Module/parts/PNL_FRONT_MISSION_ACCESS.SLDPRT,校核, 
02_Front_Mission_Module/parts/PNL_FRONT_MISSION_ACCESS.SLDPRT,主管设计, 
02_Front_Mission_Module/parts/PNL_FRONT_MISSION_ACCESS.SLDPRT,校对, 
02_Front_Mission_Module/parts/PNL_FRONT_MISSION_ACCESS.SLDPRT,审定, 
02_Front_Mission_Module/parts/PNL_FRONT_MISSION_ACCESS.SLDPRT,阶段标记S, 
02_Front_Mission_Module/parts/PNL_FRONT_MISSION_ACCESS.SLDPRT,阶段标记A, 
02_Front_Mission_Module/parts/PNL_FRONT_MISSION_ACCESS.SLDPRT,阶段标记B, 
02_Front_Mission_Module/parts/PNL_FRONT_MISSION_ACCESS.SLDPRT,替代, 
02_Front_Mission_Module/parts/PNL_FRONT_MISSION_ACCESS.SLDPRT,图幅, 
02_Front_Mission_Module/parts/PNL_FRONT_MISSION_ACCESS.SLDPRT,版本, 
02_Front_Mission_Module/parts/PNL_FRONT_MISSION_ACCESS.SLDPRT,备注, 
02_Front_Mission_Module/parts/PNL_FRONT_MISSION_ACCESS.SLDPRT,名称,“图样名称”
02_Front_Mission_Module/parts/PNL_FRONT_MISSION_ACCESS.SLDPRT,代号,“图样代号”
02_Front_Mission_Module/parts/PNL_FRONT_MISSION_ACCESS.SLDPRT,共X张,1
02_Front_Mission_Module/parts/PNL_FRONT_MISSION_ACCESS.SLDPRT,第X张,1
02_Front_Mission_Module/parts/PNL_FRONT_MISSION_ACCESS.SLDPRT,OBJECT_ID,V2-FM-PNL
02_Front_Mission_Module/parts/PNL_FRONT_MISSION_ACCESS.SLDPRT,SYSTEM_OWNER,secondary_structure
02_Front_Mission_Module/parts/PNL_FRONT_MISSION_ACCESS.SLDPRT,PARENT_ID,SV2_Front_Mission_Module
02_Front_Mission_Module/parts/PNL_FRONT_MISSION_ACCESS.SLDPRT,STRUCTURE_CLASS,SECONDARY_PROPOSAL
02_Front_Mission_Module/parts/PNL_FRONT_MISSION_ACCESS.SLDPRT,REPRESENTATION_LAYER,SYSTEM_MECHANICAL_DISPLAY
02_Front_Mission_Module/parts/PNL_FRONT_MISSION_ACCESS.SLDPRT,EVIDENCE_STATE,DESIGN_PROPOSAL
02_Front_Mission_Module/parts/PNL_FRONT_MISSION_ACCESS.SLDPRT,SOURCE_REFERENCE,b3_build_spec.yaml bay_volume_owners.access_panels
02_Front_Mission_Module/parts/PNL_FRONT_MISSION_ACCESS.SLDPRT,FRAME_ID,CS_S
02_Front_Mission_Module/parts/PNL_FRONT_MISSION_ACCESS.SLDPRT,INTERFACE_IDS,
02_Front_Mission_Module/parts/PNL_FRONT_MISSION_ACCESS.SLDPRT,MASS_OWNER,NONE_DISPLAY_ONLY
02_Front_Mission_Module/parts/PNL_FRONT_MISSION_ACCESS.SLDPRT,NO_DYNAMICS_USE,true
02_Front_Mission_Module/parts/PNL_FRONT_MISSION_ACCESS.SLDPRT,MANUFACTURING_AUTHORITY,NONE
02_Front_Mission_Module/parts/PNL_FRONT_MISSION_ACCESS.SLDPRT,EXECUTION_AUTHORITY,DISPLAY_ONLY
02_Front_Mission_Module/parts/PNL_FRONT_MISSION_ACCESS.SLDPRT,CLAIM_LIMIT,removable_panel_display;may_close_primary_path=false;no_fastening_method;NO_STRENGTH_CLAIM
02_Front_Mission_Module/parts/PNL_FRONT_MISSION_ACCESS.SLDPRT,BLOCKED_CONSUMERS,FEA;dynamics;mass_properties;manufacturing
02_Front_Mission_Module/parts/VOL_FM_ROBOT.SLDPRT,Description,
02_Front_Mission_Module/parts/VOL_FM_ROBOT.SLDPRT,Weight,"""SW-Mass@VOL_FM_ROBOT.SLDPRT"""
02_Front_Mission_Module/parts/VOL_FM_ROBOT.SLDPRT,Material,"""SW-Material@VOL_FM_ROBOT.SLDPRT"""
02_Front_Mission_Module/parts/VOL_FM_ROBOT.SLDPRT,质量,"""SW-Mass@VOL_FM_ROBOT.SLDPRT"""
02_Front_Mission_Module/parts/VOL_FM_ROBOT.SLDPRT,材料,"""SW-Material@VOL_FM_ROBOT.SLDPRT"""
02_Front_Mission_Module/parts/VOL_FM_ROBOT.SLDPRT,单重,"""SW-Mass@VOL_FM_ROBOT.SLDPRT"""
02_Front_Mission_Module/parts/VOL_FM_ROBOT.SLDPRT,零件号,  
02_Front_Mission_Module/parts/VOL_FM_ROBOT.SLDPRT,设计,   
02_Front_Mission_Module/parts/VOL_FM_ROBOT.SLDPRT,审核, 
02_Front_Mission_Module/parts/VOL_FM_ROBOT.SLDPRT,标准审查, 
02_Front_Mission_Module/parts/VOL_FM_ROBOT.SLDPRT,工艺审查, 
02_Front_Mission_Module/parts/VOL_FM_ROBOT.SLDPRT,批准, 
02_Front_Mission_Module/parts/VOL_FM_ROBOT.SLDPRT,日期,"2007,12,3"
02_Front_Mission_Module/parts/VOL_FM_ROBOT.SLDPRT,校核, 
02_Front_Mission_Module/parts/VOL_FM_ROBOT.SLDPRT,主管设计, 
02_Front_Mission_Module/parts/VOL_FM_ROBOT.SLDPRT,校对, 
02_Front_Mission_Module/parts/VOL_FM_ROBOT.SLDPRT,审定, 
02_Front_Mission_Module/parts/VOL_FM_ROBOT.SLDPRT,阶段标记S, 
02_Front_Mission_Module/parts/VOL_FM_ROBOT.SLDPRT,阶段标记A, 
02_Front_Mission_Module/parts/VOL_FM_ROBOT.SLDPRT,阶段标记B, 
02_Front_Mission_Module/parts/VOL_FM_ROBOT.SLDPRT,替代, 
02_Front_Mission_Module/parts/VOL_FM_ROBOT.SLDPRT,图幅, 
02_Front_Mission_Module/parts/VOL_FM_ROBOT.SLDPRT,版本, 
02_Front_Mission_Module/parts/VOL_FM_ROBOT.SLDPRT,备注, 
02_Front_Mission_Module/parts/VOL_FM_ROBOT.SLDPRT,名称,“图样名称”
02_Front_Mission_Module/parts/VOL_FM_ROBOT.SLDPRT,代号,“图样代号”
02_Front_Mission_Module/parts/VOL_FM_ROBOT.SLDPRT,共X张,1
02_Front_Mission_Module/parts/VOL_FM_ROBOT.SLDPRT,第X张,1
02_Front_Mission_Module/parts/VOL_FM_ROBOT.SLDPRT,OBJECT_ID,VOL-FM-ROBOT
02_Front_Mission_Module/parts/VOL_FM_ROBOT.SLDPRT,SYSTEM_OWNER,ROBOT_SPACECRAFT_INTERFACE
02_Front_Mission_Module/parts/VOL_FM_ROBOT.SLDPRT,PARENT_ID,SV2_Front_Mission_Module
02_Front_Mission_Module/parts/VOL_FM_ROBOT.SLDPRT,STRUCTURE_CLASS,VOLUME_OWNER_REFERENCE
02_Front_Mission_Module/parts/VOL_FM_ROBOT.SLDPRT,REPRESENTATION_LAYER,OWNER_PLACEHOLDER_ZERO_SOLID
02_Front_Mission_Module/parts/VOL_FM_ROBOT.SLDPRT,EVIDENCE_STATE,EVIDENCE_BOUND_INTERFACE
02_Front_Mission_Module/parts/VOL_FM_ROBOT.SLDPRT,SOURCE_REFERENCE,V2_subsystem_volume_owner_register.yaml via b3_build_spec.yaml
02_Front_Mission_Module/parts/VOL_FM_ROBOT.SLDPRT,FRAME_ID,CS_S
02_Front_Mission_Module/parts/VOL_FM_ROBOT.SLDPRT,INTERFACE_IDS,
02_Front_Mission_Module/parts/VOL_FM_ROBOT.SLDPRT,MASS_OWNER,adapter_owner_and_b601_urdf_owner
02_Front_Mission_Module/parts/VOL_FM_ROBOT.SLDPRT,NO_DYNAMICS_USE,true
02_Front_Mission_Module/parts/VOL_FM_ROBOT.SLDPRT,MANUFACTURING_AUTHORITY,NONE
02_Front_Mission_Module/parts/VOL_FM_ROBOT.SLDPRT,EXECUTION_AUTHORITY,DISPLAY_ONLY
02_Front_Mission_Module/parts/VOL_FM_ROBOT.SLDPRT,CLAIM_LIMIT,geometry_NULL_unsourced;no_hardware_selected;no_real_dims;no_mass;no_thermal
02_Front_Mission_Module/parts/VOL_FM_ROBOT.SLDPRT,SERVICE_DIRECTION,TOOL_ACCESS_TBD
02_Front_Mission_Module/parts/VOL_FM_ROBOT.SLDPRT,MOUNT_PLANE,null
02_Front_Mission_Module/parts/VOL_FM_ROBOT.SLDPRT,BLOCKED_CONSUMERS,FEA;dynamics;mass_properties;manufacturing;hardware_selection;thermal
02_Front_Mission_Module/parts/VOL_FM_SENSOR.SLDPRT,Description,
02_Front_Mission_Module/parts/VOL_FM_SENSOR.SLDPRT,Weight,"""SW-Mass@VOL_FM_SENSOR.SLDPRT"""
02_Front_Mission_Module/parts/VOL_FM_SENSOR.SLDPRT,Material,"""SW-Material@VOL_FM_SENSOR.SLDPRT"""
02_Front_Mission_Module/parts/VOL_FM_SENSOR.SLDPRT,质量,"""SW-Mass@VOL_FM_SENSOR.SLDPRT"""
02_Front_Mission_Module/parts/VOL_FM_SENSOR.SLDPRT,材料,"""SW-Material@VOL_FM_SENSOR.SLDPRT"""
02_Front_Mission_Module/parts/VOL_FM_SENSOR.SLDPRT,单重,"""SW-Mass@VOL_FM_SENSOR.SLDPRT"""
02_Front_Mission_Module/parts/VOL_FM_SENSOR.SLDPRT,零件号,  
02_Front_Mission_Module/parts/VOL_FM_SENSOR.SLDPRT,设计,   
02_Front_Mission_Module/parts/VOL_FM_SENSOR.SLDPRT,审核, 
02_Front_Mission_Module/parts/VOL_FM_SENSOR.SLDPRT,标准审查, 
02_Front_Mission_Module/parts/VOL_FM_SENSOR.SLDPRT,工艺审查, 
02_Front_Mission_Module/parts/VOL_FM_SENSOR.SLDPRT,批准, 
02_Front_Mission_Module/parts/VOL_FM_SENSOR.SLDPRT,日期,"2007,12,3"
02_Front_Mission_Module/parts/VOL_FM_SENSOR.SLDPRT,校核, 
02_Front_Mission_Module/parts/VOL_FM_SENSOR.SLDPRT,主管设计, 
02_Front_Mission_Module/parts/VOL_FM_SENSOR.SLDPRT,校对, 
02_Front_Mission_Module/parts/VOL_FM_SENSOR.SLDPRT,审定, 
02_Front_Mission_Module/parts/VOL_FM_SENSOR.SLDPRT,阶段标记S, 
02_Front_Mission_Module/parts/VOL_FM_SENSOR.SLDPRT,阶段标记A, 
02_Front_Mission_Module/parts/VOL_FM_SENSOR.SLDPRT,阶段标记B, 
02_Front_Mission_Module/parts/VOL_FM_SENSOR.SLDPRT,替代, 
02_Front_Mission_Module/parts/VOL_FM_SENSOR.SLDPRT,图幅, 
02_Front_Mission_Module/parts/VOL_FM_SENSOR.SLDPRT,版本, 
02_Front_Mission_Module/parts/VOL_FM_SENSOR.SLDPRT,备注, 
02_Front_Mission_Module/parts/VOL_FM_SENSOR.SLDPRT,名称,“图样名称”
02_Front_Mission_Module/parts/VOL_FM_SENSOR.SLDPRT,代号,“图样代号”
02_Front_Mission_Module/parts/VOL_FM_SENSOR.SLDPRT,共X张,1
02_Front_Mission_Module/parts/VOL_FM_SENSOR.SLDPRT,第X张,1
02_Front_Mission_Module/parts/VOL_FM_SENSOR.SLDPRT,OBJECT_ID,VOL-FM-SENSOR
02_Front_Mission_Module/parts/VOL_FM_SENSOR.SLDPRT,SYSTEM_OWNER,PERCEPTION_HARDWARE_OWNER
02_Front_Mission_Module/parts/VOL_FM_SENSOR.SLDPRT,PARENT_ID,SV2_Front_Mission_Module
02_Front_Mission_Module/parts/VOL_FM_SENSOR.SLDPRT,STRUCTURE_CLASS,VOLUME_OWNER_REFERENCE
02_Front_Mission_Module/parts/VOL_FM_SENSOR.SLDPRT,REPRESENTATION_LAYER,OWNER_PLACEHOLDER_ZERO_SOLID
02_Front_Mission_Module/parts/VOL_FM_SENSOR.SLDPRT,EVIDENCE_STATE,UNKNOWN_BLOCKED
02_Front_Mission_Module/parts/VOL_FM_SENSOR.SLDPRT,SOURCE_REFERENCE,V2_subsystem_volume_owner_register.yaml via b3_build_spec.yaml
02_Front_Mission_Module/parts/VOL_FM_SENSOR.SLDPRT,FRAME_ID,CS_S
02_Front_Mission_Module/parts/VOL_FM_SENSOR.SLDPRT,INTERFACE_IDS,
02_Front_Mission_Module/parts/VOL_FM_SENSOR.SLDPRT,MASS_OWNER,UNASSIGNED
02_Front_Mission_Module/parts/VOL_FM_SENSOR.SLDPRT,NO_DYNAMICS_USE,true
02_Front_Mission_Module/parts/VOL_FM_SENSOR.SLDPRT,MANUFACTURING_AUTHORITY,NONE
02_Front_Mission_Module/parts/VOL_FM_SENSOR.SLDPRT,EXECUTION_AUTHORITY,DISPLAY_ONLY
02_Front_Mission_Module/parts/VOL_FM_SENSOR.SLDPRT,CLAIM_LIMIT,geometry_NULL_unsourced;no_hardware_selected;no_real_dims;no_mass;no_thermal;ZERO_SOLID_REQUIRED
02_Front_Mission_Module/parts/VOL_FM_SENSOR.SLDPRT,SERVICE_DIRECTION,null
02_Front_Mission_Module/parts/VOL_FM_SENSOR.SLDPRT,MOUNT_PLANE,null
02_Front_Mission_Module/parts/VOL_FM_SENSOR.SLDPRT,BLOCKED_CONSUMERS,FEA;dynamics;mass_properties;manufacturing;hardware_selection;thermal
03_Avionics_EPS_ADCS_Bay/parts/VOL_MID_ADCS.SLDPRT,Description,
03_Avionics_EPS_ADCS_Bay/parts/VOL_MID_ADCS.SLDPRT,Weight,"""SW-Mass@VOL_MID_ADCS.SLDPRT"""
03_Avionics_EPS_ADCS_Bay/parts/VOL_MID_ADCS.SLDPRT,Material,"""SW-Material@VOL_MID_ADCS.SLDPRT"""
03_Avionics_EPS_ADCS_Bay/parts/VOL_MID_ADCS.SLDPRT,质量,"""SW-Mass@VOL_MID_ADCS.SLDPRT"""
03_Avionics_EPS_ADCS_Bay/parts/VOL_MID_ADCS.SLDPRT,材料,"""SW-Material@VOL_MID_ADCS.SLDPRT"""
03_Avionics_EPS_ADCS_Bay/parts/VOL_MID_ADCS.SLDPRT,单重,"""SW-Mass@VOL_MID_ADCS.SLDPRT"""
03_Avionics_EPS_ADCS_Bay/parts/VOL_MID_ADCS.SLDPRT,零件号,  
03_Avionics_EPS_ADCS_Bay/parts/VOL_MID_ADCS.SLDPRT,设计,   
03_Avionics_EPS_ADCS_Bay/parts/VOL_MID_ADCS.SLDPRT,审核, 
03_Avionics_EPS_ADCS_Bay/parts/VOL_MID_ADCS.SLDPRT,标准审查, 
03_Avionics_EPS_ADCS_Bay/parts/VOL_MID_ADCS.SLDPRT,工艺审查, 
03_Avionics_EPS_ADCS_Bay/parts/VOL_MID_ADCS.SLDPRT,批准, 
03_Avionics_EPS_ADCS_Bay/parts/VOL_MID_ADCS.SLDPRT,日期,"2007,12,3"
03_Avionics_EPS_ADCS_Bay/parts/VOL_MID_ADCS.SLDPRT,校核, 
03_Avionics_EPS_ADCS_Bay/parts/VOL_MID_ADCS.SLDPRT,主管设计, 
03_Avionics_EPS_ADCS_Bay/parts/VOL_MID_ADCS.SLDPRT,校对, 
03_Avionics_EPS_ADCS_Bay/parts/VOL_MID_ADCS.SLDPRT,审定, 
03_Avionics_EPS_ADCS_Bay/parts/VOL_MID_ADCS.SLDPRT,阶段标记S, 
03_Avionics_EPS_ADCS_Bay/parts/VOL_MID_ADCS.SLDPRT,阶段标记A, 
03_Avionics_EPS_ADCS_Bay/parts/VOL_MID_ADCS.SLDPRT,阶段标记B, 
03_Avionics_EPS_ADCS_Bay/parts/VOL_MID_ADCS.SLDPRT,替代, 
03_Avionics_EPS_ADCS_Bay/parts/VOL_MID_ADCS.SLDPRT,图幅, 
03_Avionics_EPS_ADCS_Bay/parts/VOL_MID_ADCS.SLDPRT,版本, 
03_Avionics_EPS_ADCS_Bay/parts/VOL_MID_ADCS.SLDPRT,备注, 
03_Avionics_EPS_ADCS_Bay/parts/VOL_MID_ADCS.SLDPRT,名称,“图样名称”
03_Avionics_EPS_ADCS_Bay/parts/VOL_MID_ADCS.SLDPRT,代号,“图样代号”
03_Avionics_EPS_ADCS_Bay/parts/VOL_MID_ADCS.SLDPRT,共X张,1
03_Avionics_EPS_ADCS_Bay/parts/VOL_MID_ADCS.SLDPRT,第X张,1
03_Avionics_EPS_ADCS_Bay/parts/VOL_MID_ADCS.SLDPRT,OBJECT_ID,VOL-MID-ADCS
03_Avionics_EPS_ADCS_Bay/parts/VOL_MID_ADCS.SLDPRT,SYSTEM_OWNER,ADCS_OWNER
03_Avionics_EPS_ADCS_Bay/parts/VOL_MID_ADCS.SLDPRT,PARENT_ID,SV2_Avionics_EPS_ADCS_Bay
03_Avionics_EPS_ADCS_Bay/parts/VOL_MID_ADCS.SLDPRT,STRUCTURE_CLASS,VOLUME_OWNER_REFERENCE
03_Avionics_EPS_ADCS_Bay/parts/VOL_MID_ADCS.SLDPRT,REPRESENTATION_LAYER,OWNER_PLACEHOLDER_ZERO_SOLID
03_Avionics_EPS_ADCS_Bay/parts/VOL_MID_ADCS.SLDPRT,EVIDENCE_STATE,DESIGN_PROPOSAL
03_Avionics_EPS_ADCS_Bay/parts/VOL_MID_ADCS.SLDPRT,SOURCE_REFERENCE,V2_subsystem_volume_owner_register.yaml via b3_build_spec.yaml
03_Avionics_EPS_ADCS_Bay/parts/VOL_MID_ADCS.SLDPRT,FRAME_ID,CS_S
03_Avionics_EPS_ADCS_Bay/parts/VOL_MID_ADCS.SLDPRT,INTERFACE_IDS,
03_Avionics_EPS_ADCS_Bay/parts/VOL_MID_ADCS.SLDPRT,MASS_OWNER,UNASSIGNED
03_Avionics_EPS_ADCS_Bay/parts/VOL_MID_ADCS.SLDPRT,NO_DYNAMICS_USE,true
03_Avionics_EPS_ADCS_Bay/parts/VOL_MID_ADCS.SLDPRT,MANUFACTURING_AUTHORITY,NONE
03_Avionics_EPS_ADCS_Bay/parts/VOL_MID_ADCS.SLDPRT,EXECUTION_AUTHORITY,DISPLAY_ONLY
03_Avionics_EPS_ADCS_Bay/parts/VOL_MID_ADCS.SLDPRT,CLAIM_LIMIT,geometry_NULL_unsourced;no_hardware_selected;no_real_dims;no_mass;no_thermal
03_Avionics_EPS_ADCS_Bay/parts/VOL_MID_ADCS.SLDPRT,SERVICE_DIRECTION,TRAY_EXTRACTION_TBD
03_Avionics_EPS_ADCS_Bay/parts/VOL_MID_ADCS.SLDPRT,MOUNT_PLANE,null
03_Avionics_EPS_ADCS_Bay/parts/VOL_MID_ADCS.SLDPRT,BLOCKED_CONSUMERS,FEA;dynamics;mass_properties;manufacturing;hardware_selection;thermal
03_Avionics_EPS_ADCS_Bay/parts/VOL_MID_BAT.SLDPRT,Description,
03_Avionics_EPS_ADCS_Bay/parts/VOL_MID_BAT.SLDPRT,Weight,"""SW-Mass@VOL_MID_BAT.SLDPRT"""
03_Avionics_EPS_ADCS_Bay/parts/VOL_MID_BAT.SLDPRT,Material,"""SW-Material@VOL_MID_BAT.SLDPRT"""
03_Avionics_EPS_ADCS_Bay/parts/VOL_MID_BAT.SLDPRT,质量,"""SW-Mass@VOL_MID_BAT.SLDPRT"""
03_Avionics_EPS_ADCS_Bay/parts/VOL_MID_BAT.SLDPRT,材料,"""SW-Material@VOL_MID_BAT.SLDPRT"""
03_Avionics_EPS_ADCS_Bay/parts/VOL_MID_BAT.SLDPRT,单重,"""SW-Mass@VOL_MID_BAT.SLDPRT"""
03_Avionics_EPS_ADCS_Bay/parts/VOL_MID_BAT.SLDPRT,零件号,  
03_Avionics_EPS_ADCS_Bay/parts/VOL_MID_BAT.SLDPRT,设计,   
03_Avionics_EPS_ADCS_Bay/parts/VOL_MID_BAT.SLDPRT,审核, 
03_Avionics_EPS_ADCS_Bay/parts/VOL_MID_BAT.SLDPRT,标准审查, 
03_Avionics_EPS_ADCS_Bay/parts/VOL_MID_BAT.SLDPRT,工艺审查, 
03_Avionics_EPS_ADCS_Bay/parts/VOL_MID_BAT.SLDPRT,批准, 
03_Avionics_EPS_ADCS_Bay/parts/VOL_MID_BAT.SLDPRT,日期,"2007,12,3"
03_Avionics_EPS_ADCS_Bay/parts/VOL_MID_BAT.SLDPRT,校核, 
03_Avionics_EPS_ADCS_Bay/parts/VOL_MID_BAT.SLDPRT,主管设计, 
03_Avionics_EPS_ADCS_Bay/parts/VOL_MID_BAT.SLDPRT,校对, 
03_Avionics_EPS_ADCS_Bay/parts/VOL_MID_BAT.SLDPRT,审定, 
03_Avionics_EPS_ADCS_Bay/parts/VOL_MID_BAT.SLDPRT,阶段标记S, 
03_Avionics_EPS_ADCS_Bay/parts/VOL_MID_BAT.SLDPRT,阶段标记A, 
03_Avionics_EPS_ADCS_Bay/parts/VOL_MID_BAT.SLDPRT,阶段标记B, 
03_Avionics_EPS_ADCS_Bay/parts/VOL_MID_BAT.SLDPRT,替代, 
03_Avionics_EPS_ADCS_Bay/parts/VOL_MID_BAT.SLDPRT,图幅, 
03_Avionics_EPS_ADCS_Bay/parts/VOL_MID_BAT.SLDPRT,版本, 
03_Avionics_EPS_ADCS_Bay/parts/VOL_MID_BAT.SLDPRT,备注, 
03_Avionics_EPS_ADCS_Bay/parts/VOL_MID_BAT.SLDPRT,名称,“图样名称”
03_Avionics_EPS_ADCS_Bay/parts/VOL_MID_BAT.SLDPRT,代号,“图样代号”
03_Avionics_EPS_ADCS_Bay/parts/VOL_MID_BAT.SLDPRT,共X张,1
03_Avionics_EPS_ADCS_Bay/parts/VOL_MID_BAT.SLDPRT,第X张,1
03_Avionics_EPS_ADCS_Bay/parts/VOL_MID_BAT.SLDPRT,OBJECT_ID,VOL-MID-BAT
03_Avionics_EPS_ADCS_Bay/parts/VOL_MID_BAT.SLDPRT,SYSTEM_OWNER,BATTERY_OWNER
03_Avionics_EPS_ADCS_Bay/parts/VOL_MID_BAT.SLDPRT,PARENT_ID,SV2_Avionics_EPS_ADCS_Bay
03_Avionics_EPS_ADCS_Bay/parts/VOL_MID_BAT.SLDPRT,STRUCTURE_CLASS,VOLUME_OWNER_REFERENCE
03_Avionics_EPS_ADCS_Bay/parts/VOL_MID_BAT.SLDPRT,REPRESENTATION_LAYER,OWNER_PLACEHOLDER_ZERO_SOLID
03_Avionics_EPS_ADCS_Bay/parts/VOL_MID_BAT.SLDPRT,EVIDENCE_STATE,DESIGN_PROPOSAL
03_Avionics_EPS_ADCS_Bay/parts/VOL_MID_BAT.SLDPRT,SOURCE_REFERENCE,V2_subsystem_volume_owner_register.yaml via b3_build_spec.yaml
03_Avionics_EPS_ADCS_Bay/parts/VOL_MID_BAT.SLDPRT,FRAME_ID,CS_S
03_Avionics_EPS_ADCS_Bay/parts/VOL_MID_BAT.SLDPRT,INTERFACE_IDS,
03_Avionics_EPS_ADCS_Bay/parts/VOL_MID_BAT.SLDPRT,MASS_OWNER,UNASSIGNED
03_Avionics_EPS_ADCS_Bay/parts/VOL_MID_BAT.SLDPRT,NO_DYNAMICS_USE,true
03_Avionics_EPS_ADCS_Bay/parts/VOL_MID_BAT.SLDPRT,MANUFACTURING_AUTHORITY,NONE
03_Avionics_EPS_ADCS_Bay/parts/VOL_MID_BAT.SLDPRT,EXECUTION_AUTHORITY,DISPLAY_ONLY
03_Avionics_EPS_ADCS_Bay/parts/VOL_MID_BAT.SLDPRT,CLAIM_LIMIT,geometry_NULL_unsourced;no_hardware_selected;no_real_dims;no_mass;no_thermal
03_Avionics_EPS_ADCS_Bay/parts/VOL_MID_BAT.SLDPRT,SERVICE_DIRECTION,TRAY_EXTRACTION_TBD
03_Avionics_EPS_ADCS_Bay/parts/VOL_MID_BAT.SLDPRT,MOUNT_PLANE,null
03_Avionics_EPS_ADCS_Bay/parts/VOL_MID_BAT.SLDPRT,BLOCKED_CONSUMERS,FEA;dynamics;mass_properties;manufacturing;hardware_selection;thermal
03_Avionics_EPS_ADCS_Bay/parts/VOL_MID_EPS.SLDPRT,Description,
03_Avionics_EPS_ADCS_Bay/parts/VOL_MID_EPS.SLDPRT,Weight,"""SW-Mass@VOL_MID_EPS.SLDPRT"""
03_Avionics_EPS_ADCS_Bay/parts/VOL_MID_EPS.SLDPRT,Material,"""SW-Material@VOL_MID_EPS.SLDPRT"""
03_Avionics_EPS_ADCS_Bay/parts/VOL_MID_EPS.SLDPRT,质量,"""SW-Mass@VOL_MID_EPS.SLDPRT"""
03_Avionics_EPS_ADCS_Bay/parts/VOL_MID_EPS.SLDPRT,材料,"""SW-Material@VOL_MID_EPS.SLDPRT"""
03_Avionics_EPS_ADCS_Bay/parts/VOL_MID_EPS.SLDPRT,单重,"""SW-Mass@VOL_MID_EPS.SLDPRT"""
03_Avionics_EPS_ADCS_Bay/parts/VOL_MID_EPS.SLDPRT,零件号,  
03_Avionics_EPS_ADCS_Bay/parts/VOL_MID_EPS.SLDPRT,设计,   
03_Avionics_EPS_ADCS_Bay/parts/VOL_MID_EPS.SLDPRT,审核, 
03_Avionics_EPS_ADCS_Bay/parts/VOL_MID_EPS.SLDPRT,标准审查, 
03_Avionics_EPS_ADCS_Bay/parts/VOL_MID_EPS.SLDPRT,工艺审查, 
03_Avionics_EPS_ADCS_Bay/parts/VOL_MID_EPS.SLDPRT,批准, 
03_Avionics_EPS_ADCS_Bay/parts/VOL_MID_EPS.SLDPRT,日期,"2007,12,3"
03_Avionics_EPS_ADCS_Bay/parts/VOL_MID_EPS.SLDPRT,校核, 
03_Avionics_EPS_ADCS_Bay/parts/VOL_MID_EPS.SLDPRT,主管设计, 
03_Avionics_EPS_ADCS_Bay/parts/VOL_MID_EPS.SLDPRT,校对, 
03_Avionics_EPS_ADCS_Bay/parts/VOL_MID_EPS.SLDPRT,审定, 
03_Avionics_EPS_ADCS_Bay/parts/VOL_MID_EPS.SLDPRT,阶段标记S, 
03_Avionics_EPS_ADCS_Bay/parts/VOL_MID_EPS.SLDPRT,阶段标记A, 
03_Avionics_EPS_ADCS_Bay/parts/VOL_MID_EPS.SLDPRT,阶段标记B, 
03_Avionics_EPS_ADCS_Bay/parts/VOL_MID_EPS.SLDPRT,替代, 
03_Avionics_EPS_ADCS_Bay/parts/VOL_MID_EPS.SLDPRT,图幅, 
03_Avionics_EPS_ADCS_Bay/parts/VOL_MID_EPS.SLDPRT,版本, 
03_Avionics_EPS_ADCS_Bay/parts/VOL_MID_EPS.SLDPRT,备注, 
03_Avionics_EPS_ADCS_Bay/parts/VOL_MID_EPS.SLDPRT,名称,“图样名称”
03_Avionics_EPS_ADCS_Bay/parts/VOL_MID_EPS.SLDPRT,代号,“图样代号”
03_Avionics_EPS_ADCS_Bay/parts/VOL_MID_EPS.SLDPRT,共X张,1
03_Avionics_EPS_ADCS_Bay/parts/VOL_MID_EPS.SLDPRT,第X张,1
03_Avionics_EPS_ADCS_Bay/parts/VOL_MID_EPS.SLDPRT,OBJECT_ID,VOL-MID-EPS
03_Avionics_EPS_ADCS_Bay/parts/VOL_MID_EPS.SLDPRT,SYSTEM_OWNER,EPS_PMAD_OWNER
03_Avionics_EPS_ADCS_Bay/parts/VOL_MID_EPS.SLDPRT,PARENT_ID,SV2_Avionics_EPS_ADCS_Bay
03_Avionics_EPS_ADCS_Bay/parts/VOL_MID_EPS.SLDPRT,STRUCTURE_CLASS,VOLUME_OWNER_REFERENCE
03_Avionics_EPS_ADCS_Bay/parts/VOL_MID_EPS.SLDPRT,REPRESENTATION_LAYER,OWNER_PLACEHOLDER_ZERO_SOLID
03_Avionics_EPS_ADCS_Bay/parts/VOL_MID_EPS.SLDPRT,EVIDENCE_STATE,DESIGN_PROPOSAL
03_Avionics_EPS_ADCS_Bay/parts/VOL_MID_EPS.SLDPRT,SOURCE_REFERENCE,V2_subsystem_volume_owner_register.yaml via b3_build_spec.yaml
03_Avionics_EPS_ADCS_Bay/parts/VOL_MID_EPS.SLDPRT,FRAME_ID,CS_S
03_Avionics_EPS_ADCS_Bay/parts/VOL_MID_EPS.SLDPRT,INTERFACE_IDS,
03_Avionics_EPS_ADCS_Bay/parts/VOL_MID_EPS.SLDPRT,MASS_OWNER,UNASSIGNED
03_Avionics_EPS_ADCS_Bay/parts/VOL_MID_EPS.SLDPRT,NO_DYNAMICS_USE,true
03_Avionics_EPS_ADCS_Bay/parts/VOL_MID_EPS.SLDPRT,MANUFACTURING_AUTHORITY,NONE
03_Avionics_EPS_ADCS_Bay/parts/VOL_MID_EPS.SLDPRT,EXECUTION_AUTHORITY,DISPLAY_ONLY
03_Avionics_EPS_ADCS_Bay/parts/VOL_MID_EPS.SLDPRT,CLAIM_LIMIT,geometry_NULL_unsourced;no_hardware_selected;no_real_dims;no_mass;no_thermal
03_Avionics_EPS_ADCS_Bay/parts/VOL_MID_EPS.SLDPRT,SERVICE_DIRECTION,TRAY_EXTRACTION_TBD
03_Avionics_EPS_ADCS_Bay/parts/VOL_MID_EPS.SLDPRT,MOUNT_PLANE,null
03_Avionics_EPS_ADCS_Bay/parts/VOL_MID_EPS.SLDPRT,BLOCKED_CONSUMERS,FEA;dynamics;mass_properties;manufacturing;hardware_selection;thermal
03_Avionics_EPS_ADCS_Bay/parts/VOL_MID_OBC.SLDPRT,Description,
03_Avionics_EPS_ADCS_Bay/parts/VOL_MID_OBC.SLDPRT,Weight,"""SW-Mass@VOL_MID_OBC.SLDPRT"""
03_Avionics_EPS_ADCS_Bay/parts/VOL_MID_OBC.SLDPRT,Material,"""SW-Material@VOL_MID_OBC.SLDPRT"""
03_Avionics_EPS_ADCS_Bay/parts/VOL_MID_OBC.SLDPRT,质量,"""SW-Mass@VOL_MID_OBC.SLDPRT"""
03_Avionics_EPS_ADCS_Bay/parts/VOL_MID_OBC.SLDPRT,材料,"""SW-Material@VOL_MID_OBC.SLDPRT"""
03_Avionics_EPS_ADCS_Bay/parts/VOL_MID_OBC.SLDPRT,单重,"""SW-Mass@VOL_MID_OBC.SLDPRT"""
03_Avionics_EPS_ADCS_Bay/parts/VOL_MID_OBC.SLDPRT,零件号,  
03_Avionics_EPS_ADCS_Bay/parts/VOL_MID_OBC.SLDPRT,设计,   
03_Avionics_EPS_ADCS_Bay/parts/VOL_MID_OBC.SLDPRT,审核, 
03_Avionics_EPS_ADCS_Bay/parts/VOL_MID_OBC.SLDPRT,标准审查, 
03_Avionics_EPS_ADCS_Bay/parts/VOL_MID_OBC.SLDPRT,工艺审查, 
03_Avionics_EPS_ADCS_Bay/parts/VOL_MID_OBC.SLDPRT,批准, 
03_Avionics_EPS_ADCS_Bay/parts/VOL_MID_OBC.SLDPRT,日期,"2007,12,3"
03_Avionics_EPS_ADCS_Bay/parts/VOL_MID_OBC.SLDPRT,校核, 
03_Avionics_EPS_ADCS_Bay/parts/VOL_MID_OBC.SLDPRT,主管设计, 
03_Avionics_EPS_ADCS_Bay/parts/VOL_MID_OBC.SLDPRT,校对, 
03_Avionics_EPS_ADCS_Bay/parts/VOL_MID_OBC.SLDPRT,审定, 
03_Avionics_EPS_ADCS_Bay/parts/VOL_MID_OBC.SLDPRT,阶段标记S, 
03_Avionics_EPS_ADCS_Bay/parts/VOL_MID_OBC.SLDPRT,阶段标记A, 
03_Avionics_EPS_ADCS_Bay/parts/VOL_MID_OBC.SLDPRT,阶段标记B, 
03_Avionics_EPS_ADCS_Bay/parts/VOL_MID_OBC.SLDPRT,替代, 
03_Avionics_EPS_ADCS_Bay/parts/VOL_MID_OBC.SLDPRT,图幅, 
03_Avionics_EPS_ADCS_Bay/parts/VOL_MID_OBC.SLDPRT,版本, 
03_Avionics_EPS_ADCS_Bay/parts/VOL_MID_OBC.SLDPRT,备注, 
03_Avionics_EPS_ADCS_Bay/parts/VOL_MID_OBC.SLDPRT,名称,“图样名称”
03_Avionics_EPS_ADCS_Bay/parts/VOL_MID_OBC.SLDPRT,代号,“图样代号”
03_Avionics_EPS_ADCS_Bay/parts/VOL_MID_OBC.SLDPRT,共X张,1
03_Avionics_EPS_ADCS_Bay/parts/VOL_MID_OBC.SLDPRT,第X张,1
03_Avionics_EPS_ADCS_Bay/parts/VOL_MID_OBC.SLDPRT,OBJECT_ID,VOL-MID-OBC
03_Avionics_EPS_ADCS_Bay/parts/VOL_MID_OBC.SLDPRT,SYSTEM_OWNER,C_AND_DH_OWNER
03_Avionics_EPS_ADCS_Bay/parts/VOL_MID_OBC.SLDPRT,PARENT_ID,SV2_Avionics_EPS_ADCS_Bay
03_Avionics_EPS_ADCS_Bay/parts/VOL_MID_OBC.SLDPRT,STRUCTURE_CLASS,VOLUME_OWNER_REFERENCE
03_Avionics_EPS_ADCS_Bay/parts/VOL_MID_OBC.SLDPRT,REPRESENTATION_LAYER,OWNER_PLACEHOLDER_ZERO_SOLID
03_Avionics_EPS_ADCS_Bay/parts/VOL_MID_OBC.SLDPRT,EVIDENCE_STATE,DESIGN_PROPOSAL
03_Avionics_EPS_ADCS_Bay/parts/VOL_MID_OBC.SLDPRT,SOURCE_REFERENCE,V2_subsystem_volume_owner_register.yaml via b3_build_spec.yaml
03_Avionics_EPS_ADCS_Bay/parts/VOL_MID_OBC.SLDPRT,FRAME_ID,CS_S
03_Avionics_EPS_ADCS_Bay/parts/VOL_MID_OBC.SLDPRT,INTERFACE_IDS,
03_Avionics_EPS_ADCS_Bay/parts/VOL_MID_OBC.SLDPRT,MASS_OWNER,UNASSIGNED
03_Avionics_EPS_ADCS_Bay/parts/VOL_MID_OBC.SLDPRT,NO_DYNAMICS_USE,true
03_Avionics_EPS_ADCS_Bay/parts/VOL_MID_OBC.SLDPRT,MANUFACTURING_AUTHORITY,NONE
03_Avionics_EPS_ADCS_Bay/parts/VOL_MID_OBC.SLDPRT,EXECUTION_AUTHORITY,DISPLAY_ONLY
03_Avionics_EPS_ADCS_Bay/parts/VOL_MID_OBC.SLDPRT,CLAIM_LIMIT,geometry_NULL_unsourced;no_hardware_selected;no_real_dims;no_mass;no_thermal
03_Avionics_EPS_ADCS_Bay/parts/VOL_MID_OBC.SLDPRT,SERVICE_DIRECTION,TRAY_EXTRACTION_TBD
03_Avionics_EPS_ADCS_Bay/parts/VOL_MID_OBC.SLDPRT,MOUNT_PLANE,null
03_Avionics_EPS_ADCS_Bay/parts/VOL_MID_OBC.SLDPRT,BLOCKED_CONSUMERS,FEA;dynamics;mass_properties;manufacturing;hardware_selection;thermal
04_Rear_Service_Module/parts/PNL_REAR_SERVICE_ACCESS.SLDPRT,Description,
04_Rear_Service_Module/parts/PNL_REAR_SERVICE_ACCESS.SLDPRT,Weight,"""SW-Mass@PNL_REAR_SERVICE_ACCESS.SLDPRT"""
04_Rear_Service_Module/parts/PNL_REAR_SERVICE_ACCESS.SLDPRT,Material,"""SW-Material@PNL_REAR_SERVICE_ACCESS.SLDPRT"""
04_Rear_Service_Module/parts/PNL_REAR_SERVICE_ACCESS.SLDPRT,质量,"""SW-Mass@PNL_REAR_SERVICE_ACCESS.SLDPRT"""
04_Rear_Service_Module/parts/PNL_REAR_SERVICE_ACCESS.SLDPRT,材料,"""SW-Material@PNL_REAR_SERVICE_ACCESS.SLDPRT"""
04_Rear_Service_Module/parts/PNL_REAR_SERVICE_ACCESS.SLDPRT,单重,"""SW-Mass@PNL_REAR_SERVICE_ACCESS.SLDPRT"""
04_Rear_Service_Module/parts/PNL_REAR_SERVICE_ACCESS.SLDPRT,零件号,  
04_Rear_Service_Module/parts/PNL_REAR_SERVICE_ACCESS.SLDPRT,设计,   
04_Rear_Service_Module/parts/PNL_REAR_SERVICE_ACCESS.SLDPRT,审核, 
04_Rear_Service_Module/parts/PNL_REAR_SERVICE_ACCESS.SLDPRT,标准审查, 
04_Rear_Service_Module/parts/PNL_REAR_SERVICE_ACCESS.SLDPRT,工艺审查, 
04_Rear_Service_Module/parts/PNL_REAR_SERVICE_ACCESS.SLDPRT,批准, 
04_Rear_Service_Module/parts/PNL_REAR_SERVICE_ACCESS.SLDPRT,日期,"2007,12,3"
04_Rear_Service_Module/parts/PNL_REAR_SERVICE_ACCESS.SLDPRT,校核, 
04_Rear_Service_Module/parts/PNL_REAR_SERVICE_ACCESS.SLDPRT,主管设计, 
04_Rear_Service_Module/parts/PNL_REAR_SERVICE_ACCESS.SLDPRT,校对, 
04_Rear_Service_Module/parts/PNL_REAR_SERVICE_ACCESS.SLDPRT,审定, 
04_Rear_Service_Module/parts/PNL_REAR_SERVICE_ACCESS.SLDPRT,阶段标记S, 
04_Rear_Service_Module/parts/PNL_REAR_SERVICE_ACCESS.SLDPRT,阶段标记A, 
04_Rear_Service_Module/parts/PNL_REAR_SERVICE_ACCESS.SLDPRT,阶段标记B, 
04_Rear_Service_Module/parts/PNL_REAR_SERVICE_ACCESS.SLDPRT,替代, 
04_Rear_Service_Module/parts/PNL_REAR_SERVICE_ACCESS.SLDPRT,图幅, 
04_Rear_Service_Module/parts/PNL_REAR_SERVICE_ACCESS.SLDPRT,版本, 
04_Rear_Service_Module/parts/PNL_REAR_SERVICE_ACCESS.SLDPRT,备注, 
04_Rear_Service_Module/parts/PNL_REAR_SERVICE_ACCESS.SLDPRT,名称,“图样名称”
04_Rear_Service_Module/parts/PNL_REAR_SERVICE_ACCESS.SLDPRT,代号,“图样代号”
04_Rear_Service_Module/parts/PNL_REAR_SERVICE_ACCESS.SLDPRT,共X张,1
04_Rear_Service_Module/parts/PNL_REAR_SERVICE_ACCESS.SLDPRT,第X张,1
04_Rear_Service_Module/parts/PNL_REAR_SERVICE_ACCESS.SLDPRT,OBJECT_ID,V2-RS-PNL
04_Rear_Service_Module/parts/PNL_REAR_SERVICE_ACCESS.SLDPRT,SYSTEM_OWNER,secondary_structure
04_Rear_Service_Module/parts/PNL_REAR_SERVICE_ACCESS.SLDPRT,PARENT_ID,SV2_Rear_Service_Module
04_Rear_Service_Module/parts/PNL_REAR_SERVICE_ACCESS.SLDPRT,STRUCTURE_CLASS,SECONDARY_PROPOSAL
04_Rear_Service_Module/parts/PNL_REAR_SERVICE_ACCESS.SLDPRT,REPRESENTATION_LAYER,SYSTEM_MECHANICAL_DISPLAY
04_Rear_Service_Module/parts/PNL_REAR_SERVICE_ACCESS.SLDPRT,EVIDENCE_STATE,DESIGN_PROPOSAL
04_Rear_Service_Module/parts/PNL_REAR_SERVICE_ACCESS.SLDPRT,SOURCE_REFERENCE,b3_build_spec.yaml bay_volume_owners.access_panels
04_Rear_Service_Module/parts/PNL_REAR_SERVICE_ACCESS.SLDPRT,FRAME_ID,CS_S
04_Rear_Service_Module/parts/PNL_REAR_SERVICE_ACCESS.SLDPRT,INTERFACE_IDS,
04_Rear_Service_Module/parts/PNL_REAR_SERVICE_ACCESS.SLDPRT,MASS_OWNER,NONE_DISPLAY_ONLY
04_Rear_Service_Module/parts/PNL_REAR_SERVICE_ACCESS.SLDPRT,NO_DYNAMICS_USE,true
04_Rear_Service_Module/parts/PNL_REAR_SERVICE_ACCESS.SLDPRT,MANUFACTURING_AUTHORITY,NONE
04_Rear_Service_Module/parts/PNL_REAR_SERVICE_ACCESS.SLDPRT,EXECUTION_AUTHORITY,DISPLAY_ONLY
04_Rear_Service_Module/parts/PNL_REAR_SERVICE_ACCESS.SLDPRT,CLAIM_LIMIT,removable_panel_display;may_close_primary_path=false;no_fastening_method;NO_STRENGTH_CLAIM
04_Rear_Service_Module/parts/PNL_REAR_SERVICE_ACCESS.SLDPRT,BLOCKED_CONSUMERS,FEA;dynamics;mass_properties;manufacturing
04_Rear_Service_Module/parts/VOL_REAR_COMM.SLDPRT,Description,
04_Rear_Service_Module/parts/VOL_REAR_COMM.SLDPRT,Weight,"""SW-Mass@VOL_REAR_COMM.SLDPRT"""
04_Rear_Service_Module/parts/VOL_REAR_COMM.SLDPRT,Material,"""SW-Material@VOL_REAR_COMM.SLDPRT"""
04_Rear_Service_Module/parts/VOL_REAR_COMM.SLDPRT,质量,"""SW-Mass@VOL_REAR_COMM.SLDPRT"""
04_Rear_Service_Module/parts/VOL_REAR_COMM.SLDPRT,材料,"""SW-Material@VOL_REAR_COMM.SLDPRT"""
04_Rear_Service_Module/parts/VOL_REAR_COMM.SLDPRT,单重,"""SW-Mass@VOL_REAR_COMM.SLDPRT"""
04_Rear_Service_Module/parts/VOL_REAR_COMM.SLDPRT,零件号,  
04_Rear_Service_Module/parts/VOL_REAR_COMM.SLDPRT,设计,   
04_Rear_Service_Module/parts/VOL_REAR_COMM.SLDPRT,审核, 
04_Rear_Service_Module/parts/VOL_REAR_COMM.SLDPRT,标准审查, 
04_Rear_Service_Module/parts/VOL_REAR_COMM.SLDPRT,工艺审查, 
04_Rear_Service_Module/parts/VOL_REAR_COMM.SLDPRT,批准, 
04_Rear_Service_Module/parts/VOL_REAR_COMM.SLDPRT,日期,"2007,12,3"
04_Rear_Service_Module/parts/VOL_REAR_COMM.SLDPRT,校核, 
04_Rear_Service_Module/parts/VOL_REAR_COMM.SLDPRT,主管设计, 
04_Rear_Service_Module/parts/VOL_REAR_COMM.SLDPRT,校对, 
04_Rear_Service_Module/parts/VOL_REAR_COMM.SLDPRT,审定, 
04_Rear_Service_Module/parts/VOL_REAR_COMM.SLDPRT,阶段标记S, 
04_Rear_Service_Module/parts/VOL_REAR_COMM.SLDPRT,阶段标记A, 
04_Rear_Service_Module/parts/VOL_REAR_COMM.SLDPRT,阶段标记B, 
04_Rear_Service_Module/parts/VOL_REAR_COMM.SLDPRT,替代, 
04_Rear_Service_Module/parts/VOL_REAR_COMM.SLDPRT,图幅, 
04_Rear_Service_Module/parts/VOL_REAR_COMM.SLDPRT,版本, 
04_Rear_Service_Module/parts/VOL_REAR_COMM.SLDPRT,备注, 
04_Rear_Service_Module/parts/VOL_REAR_COMM.SLDPRT,名称,“图样名称”
04_Rear_Service_Module/parts/VOL_REAR_COMM.SLDPRT,代号,“图样代号”
04_Rear_Service_Module/parts/VOL_REAR_COMM.SLDPRT,共X张,1
04_Rear_Service_Module/parts/VOL_REAR_COMM.SLDPRT,第X张,1
04_Rear_Service_Module/parts/VOL_REAR_COMM.SLDPRT,OBJECT_ID,VOL-REAR-COMM
04_Rear_Service_Module/parts/VOL_REAR_COMM.SLDPRT,SYSTEM_OWNER,COMMUNICATIONS_OWNER
04_Rear_Service_Module/parts/VOL_REAR_COMM.SLDPRT,PARENT_ID,SV2_Rear_Service_Module
04_Rear_Service_Module/parts/VOL_REAR_COMM.SLDPRT,STRUCTURE_CLASS,VOLUME_OWNER_REFERENCE
04_Rear_Service_Module/parts/VOL_REAR_COMM.SLDPRT,REPRESENTATION_LAYER,OWNER_PLACEHOLDER_ZERO_SOLID
04_Rear_Service_Module/parts/VOL_REAR_COMM.SLDPRT,EVIDENCE_STATE,DESIGN_PROPOSAL
04_Rear_Service_Module/parts/VOL_REAR_COMM.SLDPRT,SOURCE_REFERENCE,V2_subsystem_volume_owner_register.yaml via b3_build_spec.yaml
04_Rear_Service_Module/parts/VOL_REAR_COMM.SLDPRT,FRAME_ID,CS_S
04_Rear_Service_Module/parts/VOL_REAR_COMM.SLDPRT,INTERFACE_IDS,
04_Rear_Service_Module/parts/VOL_REAR_COMM.SLDPRT,MASS_OWNER,UNASSIGNED
04_Rear_Service_Module/parts/VOL_REAR_COMM.SLDPRT,NO_DYNAMICS_USE,true
04_Rear_Service_Module/parts/VOL_REAR_COMM.SLDPRT,MANUFACTURING_AUTHORITY,NONE
04_Rear_Service_Module/parts/VOL_REAR_COMM.SLDPRT,EXECUTION_AUTHORITY,DISPLAY_ONLY
04_Rear_Service_Module/parts/VOL_REAR_COMM.SLDPRT,CLAIM_LIMIT,geometry_NULL_unsourced;no_hardware_selected;no_real_dims;no_mass;no_thermal
04_Rear_Service_Module/parts/VOL_REAR_COMM.SLDPRT,SERVICE_DIRECTION,REAR_ACCESS_CANDIDATE
04_Rear_Service_Module/parts/VOL_REAR_COMM.SLDPRT,MOUNT_PLANE,null
04_Rear_Service_Module/parts/VOL_REAR_COMM.SLDPRT,BLOCKED_CONSUMERS,FEA;dynamics;mass_properties;manufacturing;hardware_selection;thermal
04_Rear_Service_Module/parts/VOL_REAR_PROP.SLDPRT,Description,
04_Rear_Service_Module/parts/VOL_REAR_PROP.SLDPRT,Weight,"""SW-Mass@VOL_REAR_PROP.SLDPRT"""
04_Rear_Service_Module/parts/VOL_REAR_PROP.SLDPRT,Material,"""SW-Material@VOL_REAR_PROP.SLDPRT"""
04_Rear_Service_Module/parts/VOL_REAR_PROP.SLDPRT,质量,"""SW-Mass@VOL_REAR_PROP.SLDPRT"""
04_Rear_Service_Module/parts/VOL_REAR_PROP.SLDPRT,材料,"""SW-Material@VOL_REAR_PROP.SLDPRT"""
04_Rear_Service_Module/parts/VOL_REAR_PROP.SLDPRT,单重,"""SW-Mass@VOL_REAR_PROP.SLDPRT"""
04_Rear_Service_Module/parts/VOL_REAR_PROP.SLDPRT,零件号,  
04_Rear_Service_Module/parts/VOL_REAR_PROP.SLDPRT,设计,   
04_Rear_Service_Module/parts/VOL_REAR_PROP.SLDPRT,审核, 
04_Rear_Service_Module/parts/VOL_REAR_PROP.SLDPRT,标准审查, 
04_Rear_Service_Module/parts/VOL_REAR_PROP.SLDPRT,工艺审查, 
04_Rear_Service_Module/parts/VOL_REAR_PROP.SLDPRT,批准, 
04_Rear_Service_Module/parts/VOL_REAR_PROP.SLDPRT,日期,"2007,12,3"
04_Rear_Service_Module/parts/VOL_REAR_PROP.SLDPRT,校核, 
04_Rear_Service_Module/parts/VOL_REAR_PROP.SLDPRT,主管设计, 
04_Rear_Service_Module/parts/VOL_REAR_PROP.SLDPRT,校对, 
04_Rear_Service_Module/parts/VOL_REAR_PROP.SLDPRT,审定, 
04_Rear_Service_Module/parts/VOL_REAR_PROP.SLDPRT,阶段标记S, 
04_Rear_Service_Module/parts/VOL_REAR_PROP.SLDPRT,阶段标记A, 
04_Rear_Service_Module/parts/VOL_REAR_PROP.SLDPRT,阶段标记B, 
04_Rear_Service_Module/parts/VOL_REAR_PROP.SLDPRT,替代, 
04_Rear_Service_Module/parts/VOL_REAR_PROP.SLDPRT,图幅, 
04_Rear_Service_Module/parts/VOL_REAR_PROP.SLDPRT,版本, 
04_Rear_Service_Module/parts/VOL_REAR_PROP.SLDPRT,备注, 
04_Rear_Service_Module/parts/VOL_REAR_PROP.SLDPRT,名称,“图样名称”
04_Rear_Service_Module/parts/VOL_REAR_PROP.SLDPRT,代号,“图样代号”
04_Rear_Service_Module/parts/VOL_REAR_PROP.SLDPRT,共X张,1
04_Rear_Service_Module/parts/VOL_REAR_PROP.SLDPRT,第X张,1
04_Rear_Service_Module/parts/VOL_REAR_PROP.SLDPRT,OBJECT_ID,VOL-REAR-PROP
04_Rear_Service_Module/parts/VOL_REAR_PROP.SLDPRT,SYSTEM_OWNER,PROPULSION_OWNER
04_Rear_Service_Module/parts/VOL_REAR_PROP.SLDPRT,PARENT_ID,SV2_Rear_Service_Module
04_Rear_Service_Module/parts/VOL_REAR_PROP.SLDPRT,STRUCTURE_CLASS,VOLUME_OWNER_REFERENCE
04_Rear_Service_Module/parts/VOL_REAR_PROP.SLDPRT,REPRESENTATION_LAYER,OWNER_PLACEHOLDER_ZERO_SOLID
04_Rear_Service_Module/parts/VOL_REAR_PROP.SLDPRT,EVIDENCE_STATE,UNKNOWN_BLOCKED
04_Rear_Service_Module/parts/VOL_REAR_PROP.SLDPRT,SOURCE_REFERENCE,V2_subsystem_volume_owner_register.yaml via b3_build_spec.yaml
04_Rear_Service_Module/parts/VOL_REAR_PROP.SLDPRT,FRAME_ID,CS_S
04_Rear_Service_Module/parts/VOL_REAR_PROP.SLDPRT,INTERFACE_IDS,
04_Rear_Service_Module/parts/VOL_REAR_PROP.SLDPRT,MASS_OWNER,UNASSIGNED
04_Rear_Service_Module/parts/VOL_REAR_PROP.SLDPRT,NO_DYNAMICS_USE,true
04_Rear_Service_Module/parts/VOL_REAR_PROP.SLDPRT,MANUFACTURING_AUTHORITY,NONE
04_Rear_Service_Module/parts/VOL_REAR_PROP.SLDPRT,EXECUTION_AUTHORITY,DISPLAY_ONLY
04_Rear_Service_Module/parts/VOL_REAR_PROP.SLDPRT,CLAIM_LIMIT,geometry_NULL_unsourced;no_hardware_selected;no_real_dims;no_mass;no_thermal;ZERO_SOLID_REQUIRED
04_Rear_Service_Module/parts/VOL_REAR_PROP.SLDPRT,SERVICE_DIRECTION,null
04_Rear_Service_Module/parts/VOL_REAR_PROP.SLDPRT,MOUNT_PLANE,null
04_Rear_Service_Module/parts/VOL_REAR_PROP.SLDPRT,BLOCKED_CONSUMERS,FEA;dynamics;mass_properties;manufacturing;hardware_selection;thermal
04_Rear_Service_Module/parts/VOL_REAR_SERVICE.SLDPRT,Description,
04_Rear_Service_Module/parts/VOL_REAR_SERVICE.SLDPRT,Weight,"""SW-Mass@VOL_REAR_SERVICE.SLDPRT"""
04_Rear_Service_Module/parts/VOL_REAR_SERVICE.SLDPRT,Material,"""SW-Material@VOL_REAR_SERVICE.SLDPRT"""
04_Rear_Service_Module/parts/VOL_REAR_SERVICE.SLDPRT,质量,"""SW-Mass@VOL_REAR_SERVICE.SLDPRT"""
04_Rear_Service_Module/parts/VOL_REAR_SERVICE.SLDPRT,材料,"""SW-Material@VOL_REAR_SERVICE.SLDPRT"""
04_Rear_Service_Module/parts/VOL_REAR_SERVICE.SLDPRT,单重,"""SW-Mass@VOL_REAR_SERVICE.SLDPRT"""
04_Rear_Service_Module/parts/VOL_REAR_SERVICE.SLDPRT,零件号,  
04_Rear_Service_Module/parts/VOL_REAR_SERVICE.SLDPRT,设计,   
04_Rear_Service_Module/parts/VOL_REAR_SERVICE.SLDPRT,审核, 
04_Rear_Service_Module/parts/VOL_REAR_SERVICE.SLDPRT,标准审查, 
04_Rear_Service_Module/parts/VOL_REAR_SERVICE.SLDPRT,工艺审查, 
04_Rear_Service_Module/parts/VOL_REAR_SERVICE.SLDPRT,批准, 
04_Rear_Service_Module/parts/VOL_REAR_SERVICE.SLDPRT,日期,"2007,12,3"
04_Rear_Service_Module/parts/VOL_REAR_SERVICE.SLDPRT,校核, 
04_Rear_Service_Module/parts/VOL_REAR_SERVICE.SLDPRT,主管设计, 
04_Rear_Service_Module/parts/VOL_REAR_SERVICE.SLDPRT,校对, 
04_Rear_Service_Module/parts/VOL_REAR_SERVICE.SLDPRT,审定, 
04_Rear_Service_Module/parts/VOL_REAR_SERVICE.SLDPRT,阶段标记S, 
04_Rear_Service_Module/parts/VOL_REAR_SERVICE.SLDPRT,阶段标记A, 
04_Rear_Service_Module/parts/VOL_REAR_SERVICE.SLDPRT,阶段标记B, 
04_Rear_Service_Module/parts/VOL_REAR_SERVICE.SLDPRT,替代, 
04_Rear_Service_Module/parts/VOL_REAR_SERVICE.SLDPRT,图幅, 
04_Rear_Service_Module/parts/VOL_REAR_SERVICE.SLDPRT,版本, 
04_Rear_Service_Module/parts/VOL_REAR_SERVICE.SLDPRT,备注, 
04_Rear_Service_Module/parts/VOL_REAR_SERVICE.SLDPRT,名称,“图样名称”
04_Rear_Service_Module/parts/VOL_REAR_SERVICE.SLDPRT,代号,“图样代号”
04_Rear_Service_Module/parts/VOL_REAR_SERVICE.SLDPRT,共X张,1
04_Rear_Service_Module/parts/VOL_REAR_SERVICE.SLDPRT,第X张,1
04_Rear_Service_Module/parts/VOL_REAR_SERVICE.SLDPRT,OBJECT_ID,VOL-REAR-SERVICE
04_Rear_Service_Module/parts/VOL_REAR_SERVICE.SLDPRT,SYSTEM_OWNER,INTEGRATION_AND_TEST_OWNER
04_Rear_Service_Module/parts/VOL_REAR_SERVICE.SLDPRT,PARENT_ID,SV2_Rear_Service_Module
04_Rear_Service_Module/parts/VOL_REAR_SERVICE.SLDPRT,STRUCTURE_CLASS,VOLUME_OWNER_REFERENCE
04_Rear_Service_Module/parts/VOL_REAR_SERVICE.SLDPRT,REPRESENTATION_LAYER,OWNER_PLACEHOLDER_ZERO_SOLID
04_Rear_Service_Module/parts/VOL_REAR_SERVICE.SLDPRT,EVIDENCE_STATE,DESIGN_PROPOSAL
04_Rear_Service_Module/parts/VOL_REAR_SERVICE.SLDPRT,SOURCE_REFERENCE,V2_subsystem_volume_owner_register.yaml via b3_build_spec.yaml
04_Rear_Service_Module/parts/VOL_REAR_SERVICE.SLDPRT,FRAME_ID,CS_S
04_Rear_Service_Module/parts/VOL_REAR_SERVICE.SLDPRT,INTERFACE_IDS,
04_Rear_Service_Module/parts/VOL_REAR_SERVICE.SLDPRT,MASS_OWNER,UNASSIGNED
04_Rear_Service_Module/parts/VOL_REAR_SERVICE.SLDPRT,NO_DYNAMICS_USE,true
04_Rear_Service_Module/parts/VOL_REAR_SERVICE.SLDPRT,MANUFACTURING_AUTHORITY,NONE
04_Rear_Service_Module/parts/VOL_REAR_SERVICE.SLDPRT,EXECUTION_AUTHORITY,DISPLAY_ONLY
04_Rear_Service_Module/parts/VOL_REAR_SERVICE.SLDPRT,CLAIM_LIMIT,geometry_NULL_unsourced;no_hardware_selected;no_real_dims;no_mass;no_thermal
04_Rear_Service_Module/parts/VOL_REAR_SERVICE.SLDPRT,SERVICE_DIRECTION,REAR_ACCESS_CANDIDATE
04_Rear_Service_Module/parts/VOL_REAR_SERVICE.SLDPRT,MOUNT_PLANE,null
04_Rear_Service_Module/parts/VOL_REAR_SERVICE.SLDPRT,BLOCKED_CONSUMERS,FEA;dynamics;mass_properties;manufacturing;hardware_selection;thermal
04_Rear_Service_Module/parts/VOL_REAR_THERMAL.SLDPRT,Description,
04_Rear_Service_Module/parts/VOL_REAR_THERMAL.SLDPRT,Weight,"""SW-Mass@VOL_REAR_THERMAL.SLDPRT"""
04_Rear_Service_Module/parts/VOL_REAR_THERMAL.SLDPRT,Material,"""SW-Material@VOL_REAR_THERMAL.SLDPRT"""
04_Rear_Service_Module/parts/VOL_REAR_THERMAL.SLDPRT,质量,"""SW-Mass@VOL_REAR_THERMAL.SLDPRT"""
04_Rear_Service_Module/parts/VOL_REAR_THERMAL.SLDPRT,材料,"""SW-Material@VOL_REAR_THERMAL.SLDPRT"""
04_Rear_Service_Module/parts/VOL_REAR_THERMAL.SLDPRT,单重,"""SW-Mass@VOL_REAR_THERMAL.SLDPRT"""
04_Rear_Service_Module/parts/VOL_REAR_THERMAL.SLDPRT,零件号,  
04_Rear_Service_Module/parts/VOL_REAR_THERMAL.SLDPRT,设计,   
04_Rear_Service_Module/parts/VOL_REAR_THERMAL.SLDPRT,审核, 
04_Rear_Service_Module/parts/VOL_REAR_THERMAL.SLDPRT,标准审查, 
04_Rear_Service_Module/parts/VOL_REAR_THERMAL.SLDPRT,工艺审查, 
04_Rear_Service_Module/parts/VOL_REAR_THERMAL.SLDPRT,批准, 
04_Rear_Service_Module/parts/VOL_REAR_THERMAL.SLDPRT,日期,"2007,12,3"
04_Rear_Service_Module/parts/VOL_REAR_THERMAL.SLDPRT,校核, 
04_Rear_Service_Module/parts/VOL_REAR_THERMAL.SLDPRT,主管设计, 
04_Rear_Service_Module/parts/VOL_REAR_THERMAL.SLDPRT,校对, 
04_Rear_Service_Module/parts/VOL_REAR_THERMAL.SLDPRT,审定, 
04_Rear_Service_Module/parts/VOL_REAR_THERMAL.SLDPRT,阶段标记S, 
04_Rear_Service_Module/parts/VOL_REAR_THERMAL.SLDPRT,阶段标记A, 
04_Rear_Service_Module/parts/VOL_REAR_THERMAL.SLDPRT,阶段标记B, 
04_Rear_Service_Module/parts/VOL_REAR_THERMAL.SLDPRT,替代, 
04_Rear_Service_Module/parts/VOL_REAR_THERMAL.SLDPRT,图幅, 
04_Rear_Service_Module/parts/VOL_REAR_THERMAL.SLDPRT,版本, 
04_Rear_Service_Module/parts/VOL_REAR_THERMAL.SLDPRT,备注, 
04_Rear_Service_Module/parts/VOL_REAR_THERMAL.SLDPRT,名称,“图样名称”
04_Rear_Service_Module/parts/VOL_REAR_THERMAL.SLDPRT,代号,“图样代号”
04_Rear_Service_Module/parts/VOL_REAR_THERMAL.SLDPRT,共X张,1
04_Rear_Service_Module/parts/VOL_REAR_THERMAL.SLDPRT,第X张,1
04_Rear_Service_Module/parts/VOL_REAR_THERMAL.SLDPRT,OBJECT_ID,VOL-REAR-THERMAL
04_Rear_Service_Module/parts/VOL_REAR_THERMAL.SLDPRT,SYSTEM_OWNER,THERMAL_OWNER
04_Rear_Service_Module/parts/VOL_REAR_THERMAL.SLDPRT,PARENT_ID,SV2_Rear_Service_Module
04_Rear_Service_Module/parts/VOL_REAR_THERMAL.SLDPRT,STRUCTURE_CLASS,VOLUME_OWNER_REFERENCE
04_Rear_Service_Module/parts/VOL_REAR_THERMAL.SLDPRT,REPRESENTATION_LAYER,OWNER_PLACEHOLDER_ZERO_SOLID
04_Rear_Service_Module/parts/VOL_REAR_THERMAL.SLDPRT,EVIDENCE_STATE,DESIGN_PROPOSAL
04_Rear_Service_Module/parts/VOL_REAR_THERMAL.SLDPRT,SOURCE_REFERENCE,V2_subsystem_volume_owner_register.yaml via b3_build_spec.yaml
04_Rear_Service_Module/parts/VOL_REAR_THERMAL.SLDPRT,FRAME_ID,CS_S
04_Rear_Service_Module/parts/VOL_REAR_THERMAL.SLDPRT,INTERFACE_IDS,
04_Rear_Service_Module/parts/VOL_REAR_THERMAL.SLDPRT,MASS_OWNER,UNASSIGNED
04_Rear_Service_Module/parts/VOL_REAR_THERMAL.SLDPRT,NO_DYNAMICS_USE,true
04_Rear_Service_Module/parts/VOL_REAR_THERMAL.SLDPRT,MANUFACTURING_AUTHORITY,NONE
04_Rear_Service_Module/parts/VOL_REAR_THERMAL.SLDPRT,EXECUTION_AUTHORITY,DISPLAY_ONLY
04_Rear_Service_Module/parts/VOL_REAR_THERMAL.SLDPRT,CLAIM_LIMIT,geometry_NULL_unsourced;no_hardware_selected;no_real_dims;no_mass;no_thermal
04_Rear_Service_Module/parts/VOL_REAR_THERMAL.SLDPRT,SERVICE_DIRECTION,REAR_ACCESS_CANDIDATE
04_Rear_Service_Module/parts/VOL_REAR_THERMAL.SLDPRT,MOUNT_PLANE,null
04_Rear_Service_Module/parts/VOL_REAR_THERMAL.SLDPRT,BLOCKED_CONSUMERS,FEA;dynamics;mass_properties;manufacturing;hardware_selection;thermal
05_Robot_Mount_Module/parts/SV2_MNT_ADAPTER_BOSS.SLDPRT,Description,
05_Robot_Mount_Module/parts/SV2_MNT_ADAPTER_BOSS.SLDPRT,Weight,"""SW-Mass@SV2_MNT_ADAPTER_BOSS.SLDPRT"""
05_Robot_Mount_Module/parts/SV2_MNT_ADAPTER_BOSS.SLDPRT,Material,"""SW-Material@SV2_MNT_ADAPTER_BOSS.SLDPRT"""
05_Robot_Mount_Module/parts/SV2_MNT_ADAPTER_BOSS.SLDPRT,质量,"""SW-Mass@SV2_MNT_ADAPTER_BOSS.SLDPRT"""
05_Robot_Mount_Module/parts/SV2_MNT_ADAPTER_BOSS.SLDPRT,材料,"""SW-Material@SV2_MNT_ADAPTER_BOSS.SLDPRT"""
05_Robot_Mount_Module/parts/SV2_MNT_ADAPTER_BOSS.SLDPRT,单重,"""SW-Mass@SV2_MNT_ADAPTER_BOSS.SLDPRT"""
05_Robot_Mount_Module/parts/SV2_MNT_ADAPTER_BOSS.SLDPRT,零件号,  
05_Robot_Mount_Module/parts/SV2_MNT_ADAPTER_BOSS.SLDPRT,设计,   
05_Robot_Mount_Module/parts/SV2_MNT_ADAPTER_BOSS.SLDPRT,审核, 
05_Robot_Mount_Module/parts/SV2_MNT_ADAPTER_BOSS.SLDPRT,标准审查, 
05_Robot_Mount_Module/parts/SV2_MNT_ADAPTER_BOSS.SLDPRT,工艺审查, 
05_Robot_Mount_Module/parts/SV2_MNT_ADAPTER_BOSS.SLDPRT,批准, 
05_Robot_Mount_Module/parts/SV2_MNT_ADAPTER_BOSS.SLDPRT,日期,"2007,12,3"
05_Robot_Mount_Module/parts/SV2_MNT_ADAPTER_BOSS.SLDPRT,校核, 
05_Robot_Mount_Module/parts/SV2_MNT_ADAPTER_BOSS.SLDPRT,主管设计, 
05_Robot_Mount_Module/parts/SV2_MNT_ADAPTER_BOSS.SLDPRT,校对, 
05_Robot_Mount_Module/parts/SV2_MNT_ADAPTER_BOSS.SLDPRT,审定, 
05_Robot_Mount_Module/parts/SV2_MNT_ADAPTER_BOSS.SLDPRT,阶段标记S, 
05_Robot_Mount_Module/parts/SV2_MNT_ADAPTER_BOSS.SLDPRT,阶段标记A, 
05_Robot_Mount_Module/parts/SV2_MNT_ADAPTER_BOSS.SLDPRT,阶段标记B, 
05_Robot_Mount_Module/parts/SV2_MNT_ADAPTER_BOSS.SLDPRT,替代, 
05_Robot_Mount_Module/parts/SV2_MNT_ADAPTER_BOSS.SLDPRT,图幅, 
05_Robot_Mount_Module/parts/SV2_MNT_ADAPTER_BOSS.SLDPRT,版本, 
05_Robot_Mount_Module/parts/SV2_MNT_ADAPTER_BOSS.SLDPRT,备注, 
05_Robot_Mount_Module/parts/SV2_MNT_ADAPTER_BOSS.SLDPRT,名称,“图样名称”
05_Robot_Mount_Module/parts/SV2_MNT_ADAPTER_BOSS.SLDPRT,代号,“图样代号”
05_Robot_Mount_Module/parts/SV2_MNT_ADAPTER_BOSS.SLDPRT,共X张,1
05_Robot_Mount_Module/parts/SV2_MNT_ADAPTER_BOSS.SLDPRT,第X张,1
05_Robot_Mount_Module/parts/SV2_MNT_ADAPTER_BOSS.SLDPRT,OBJECT_ID,V2-MNT-003
05_Robot_Mount_Module/parts/SV2_MNT_ADAPTER_BOSS.SLDPRT,SYSTEM_OWNER,robot_adapter
05_Robot_Mount_Module/parts/SV2_MNT_ADAPTER_BOSS.SLDPRT,PARENT_ID,SV2_Robot_Mount_Module
05_Robot_Mount_Module/parts/SV2_MNT_ADAPTER_BOSS.SLDPRT,STRUCTURE_CLASS,SECONDARY_PROPOSAL
05_Robot_Mount_Module/parts/SV2_MNT_ADAPTER_BOSS.SLDPRT,REPRESENTATION_LAYER,SYSTEM_MECHANICAL_DISPLAY
05_Robot_Mount_Module/parts/SV2_MNT_ADAPTER_BOSS.SLDPRT,EVIDENCE_STATE,EVIDENCE_BOUND
05_Robot_Mount_Module/parts/SV2_MNT_ADAPTER_BOSS.SLDPRT,SOURCE_REFERENCE,b3_build_spec.yaml robot_mount_display_proposal; load_path:LPE_002
05_Robot_Mount_Module/parts/SV2_MNT_ADAPTER_BOSS.SLDPRT,FRAME_ID,CS_M
05_Robot_Mount_Module/parts/SV2_MNT_ADAPTER_BOSS.SLDPRT,INTERFACE_IDS,IF-RM-002
05_Robot_Mount_Module/parts/SV2_MNT_ADAPTER_BOSS.SLDPRT,MASS_OWNER,NONE_DISPLAY_ONLY
05_Robot_Mount_Module/parts/SV2_MNT_ADAPTER_BOSS.SLDPRT,NO_DYNAMICS_USE,true
05_Robot_Mount_Module/parts/SV2_MNT_ADAPTER_BOSS.SLDPRT,MANUFACTURING_AUTHORITY,NONE
05_Robot_Mount_Module/parts/SV2_MNT_ADAPTER_BOSS.SLDPRT,EXECUTION_AUTHORITY,DISPLAY_ONLY
05_Robot_Mount_Module/parts/SV2_MNT_ADAPTER_BOSS.SLDPRT,CLAIM_LIMIT,envelope_display_only;bolts_locators_loads_stiffness_UNKNOWN_BLOCKED;NO_STRENGTH_CLAIM;envelope_D100x15_EVIDENCE_BOUND
05_Robot_Mount_Module/parts/SV2_MNT_ADAPTER_BOSS.SLDPRT,NO_STRENGTH_CLAIM,true
05_Robot_Mount_Module/parts/SV2_MNT_ADAPTER_BOSS.SLDPRT,BLOCKED_CONSUMERS,FEA;dynamics;mass_properties;manufacturing;strength_claims
05_Robot_Mount_Module/parts/SV2_MNT_ADAPTER_PLATE.SLDPRT,Description,
05_Robot_Mount_Module/parts/SV2_MNT_ADAPTER_PLATE.SLDPRT,Weight,"""SW-Mass@SV2_MNT_ADAPTER_PLATE.SLDPRT"""
05_Robot_Mount_Module/parts/SV2_MNT_ADAPTER_PLATE.SLDPRT,Material,"""SW-Material@SV2_MNT_ADAPTER_PLATE.SLDPRT"""
05_Robot_Mount_Module/parts/SV2_MNT_ADAPTER_PLATE.SLDPRT,质量,"""SW-Mass@SV2_MNT_ADAPTER_PLATE.SLDPRT"""
05_Robot_Mount_Module/parts/SV2_MNT_ADAPTER_PLATE.SLDPRT,材料,"""SW-Material@SV2_MNT_ADAPTER_PLATE.SLDPRT"""
05_Robot_Mount_Module/parts/SV2_MNT_ADAPTER_PLATE.SLDPRT,单重,"""SW-Mass@SV2_MNT_ADAPTER_PLATE.SLDPRT"""
05_Robot_Mount_Module/parts/SV2_MNT_ADAPTER_PLATE.SLDPRT,零件号,  
05_Robot_Mount_Module/parts/SV2_MNT_ADAPTER_PLATE.SLDPRT,设计,   
05_Robot_Mount_Module/parts/SV2_MNT_ADAPTER_PLATE.SLDPRT,审核, 
05_Robot_Mount_Module/parts/SV2_MNT_ADAPTER_PLATE.SLDPRT,标准审查, 
05_Robot_Mount_Module/parts/SV2_MNT_ADAPTER_PLATE.SLDPRT,工艺审查, 
05_Robot_Mount_Module/parts/SV2_MNT_ADAPTER_PLATE.SLDPRT,批准, 
05_Robot_Mount_Module/parts/SV2_MNT_ADAPTER_PLATE.SLDPRT,日期,"2007,12,3"
05_Robot_Mount_Module/parts/SV2_MNT_ADAPTER_PLATE.SLDPRT,校核, 
05_Robot_Mount_Module/parts/SV2_MNT_ADAPTER_PLATE.SLDPRT,主管设计, 
05_Robot_Mount_Module/parts/SV2_MNT_ADAPTER_PLATE.SLDPRT,校对, 
05_Robot_Mount_Module/parts/SV2_MNT_ADAPTER_PLATE.SLDPRT,审定, 
05_Robot_Mount_Module/parts/SV2_MNT_ADAPTER_PLATE.SLDPRT,阶段标记S, 
05_Robot_Mount_Module/parts/SV2_MNT_ADAPTER_PLATE.SLDPRT,阶段标记A, 
05_Robot_Mount_Module/parts/SV2_MNT_ADAPTER_PLATE.SLDPRT,阶段标记B, 
05_Robot_Mount_Module/parts/SV2_MNT_ADAPTER_PLATE.SLDPRT,替代, 
05_Robot_Mount_Module/parts/SV2_MNT_ADAPTER_PLATE.SLDPRT,图幅, 
05_Robot_Mount_Module/parts/SV2_MNT_ADAPTER_PLATE.SLDPRT,版本, 
05_Robot_Mount_Module/parts/SV2_MNT_ADAPTER_PLATE.SLDPRT,备注, 
05_Robot_Mount_Module/parts/SV2_MNT_ADAPTER_PLATE.SLDPRT,名称,“图样名称”
05_Robot_Mount_Module/parts/SV2_MNT_ADAPTER_PLATE.SLDPRT,代号,“图样代号”
05_Robot_Mount_Module/parts/SV2_MNT_ADAPTER_PLATE.SLDPRT,共X张,1
05_Robot_Mount_Module/parts/SV2_MNT_ADAPTER_PLATE.SLDPRT,第X张,1
05_Robot_Mount_Module/parts/SV2_MNT_ADAPTER_PLATE.SLDPRT,OBJECT_ID,V2-MNT-002
05_Robot_Mount_Module/parts/SV2_MNT_ADAPTER_PLATE.SLDPRT,SYSTEM_OWNER,robot_adapter
05_Robot_Mount_Module/parts/SV2_MNT_ADAPTER_PLATE.SLDPRT,PARENT_ID,SV2_Robot_Mount_Module
05_Robot_Mount_Module/parts/SV2_MNT_ADAPTER_PLATE.SLDPRT,STRUCTURE_CLASS,SECONDARY_PROPOSAL
05_Robot_Mount_Module/parts/SV2_MNT_ADAPTER_PLATE.SLDPRT,REPRESENTATION_LAYER,SYSTEM_MECHANICAL_DISPLAY
05_Robot_Mount_Module/parts/SV2_MNT_ADAPTER_PLATE.SLDPRT,EVIDENCE_STATE,EVIDENCE_BOUND
05_Robot_Mount_Module/parts/SV2_MNT_ADAPTER_PLATE.SLDPRT,SOURCE_REFERENCE,b3_build_spec.yaml robot_mount_display_proposal; load_path:LPE_002
05_Robot_Mount_Module/parts/SV2_MNT_ADAPTER_PLATE.SLDPRT,FRAME_ID,CS_M
05_Robot_Mount_Module/parts/SV2_MNT_ADAPTER_PLATE.SLDPRT,INTERFACE_IDS,IF-RM-001;IF-RM-002
05_Robot_Mount_Module/parts/SV2_MNT_ADAPTER_PLATE.SLDPRT,MASS_OWNER,NONE_DISPLAY_ONLY
05_Robot_Mount_Module/parts/SV2_MNT_ADAPTER_PLATE.SLDPRT,NO_DYNAMICS_USE,true
05_Robot_Mount_Module/parts/SV2_MNT_ADAPTER_PLATE.SLDPRT,MANUFACTURING_AUTHORITY,NONE
05_Robot_Mount_Module/parts/SV2_MNT_ADAPTER_PLATE.SLDPRT,EXECUTION_AUTHORITY,DISPLAY_ONLY
05_Robot_Mount_Module/parts/SV2_MNT_ADAPTER_PLATE.SLDPRT,CLAIM_LIMIT,envelope_display_only;bolts_locators_loads_stiffness_UNKNOWN_BLOCKED;NO_STRENGTH_CLAIM;envelope_12x160x160_EVIDENCE_BOUND
05_Robot_Mount_Module/parts/SV2_MNT_ADAPTER_PLATE.SLDPRT,NO_STRENGTH_CLAIM,true
05_Robot_Mount_Module/parts/SV2_MNT_ADAPTER_PLATE.SLDPRT,BLOCKED_CONSUMERS,FEA;dynamics;mass_properties;manufacturing;strength_claims
05_Robot_Mount_Module/parts/SV2_MNT_REFERENCES.SLDPRT,Description,
05_Robot_Mount_Module/parts/SV2_MNT_REFERENCES.SLDPRT,Weight,"""SW-Mass@SV2_MNT_REFERENCES.SLDPRT"""
05_Robot_Mount_Module/parts/SV2_MNT_REFERENCES.SLDPRT,Material,"""SW-Material@SV2_MNT_REFERENCES.SLDPRT"""
05_Robot_Mount_Module/parts/SV2_MNT_REFERENCES.SLDPRT,质量,"""SW-Mass@SV2_MNT_REFERENCES.SLDPRT"""
05_Robot_Mount_Module/parts/SV2_MNT_REFERENCES.SLDPRT,材料,"""SW-Material@SV2_MNT_REFERENCES.SLDPRT"""
05_Robot_Mount_Module/parts/SV2_MNT_REFERENCES.SLDPRT,单重,"""SW-Mass@SV2_MNT_REFERENCES.SLDPRT"""
05_Robot_Mount_Module/parts/SV2_MNT_REFERENCES.SLDPRT,零件号,  
05_Robot_Mount_Module/parts/SV2_MNT_REFERENCES.SLDPRT,设计,   
05_Robot_Mount_Module/parts/SV2_MNT_REFERENCES.SLDPRT,审核, 
05_Robot_Mount_Module/parts/SV2_MNT_REFERENCES.SLDPRT,标准审查, 
05_Robot_Mount_Module/parts/SV2_MNT_REFERENCES.SLDPRT,工艺审查, 
05_Robot_Mount_Module/parts/SV2_MNT_REFERENCES.SLDPRT,批准, 
05_Robot_Mount_Module/parts/SV2_MNT_REFERENCES.SLDPRT,日期,"2007,12,3"
05_Robot_Mount_Module/parts/SV2_MNT_REFERENCES.SLDPRT,校核, 
05_Robot_Mount_Module/parts/SV2_MNT_REFERENCES.SLDPRT,主管设计, 
05_Robot_Mount_Module/parts/SV2_MNT_REFERENCES.SLDPRT,校对, 
05_Robot_Mount_Module/parts/SV2_MNT_REFERENCES.SLDPRT,审定, 
05_Robot_Mount_Module/parts/SV2_MNT_REFERENCES.SLDPRT,阶段标记S, 
05_Robot_Mount_Module/parts/SV2_MNT_REFERENCES.SLDPRT,阶段标记A, 
05_Robot_Mount_Module/parts/SV2_MNT_REFERENCES.SLDPRT,阶段标记B, 
05_Robot_Mount_Module/parts/SV2_MNT_REFERENCES.SLDPRT,替代, 
05_Robot_Mount_Module/parts/SV2_MNT_REFERENCES.SLDPRT,图幅, 
05_Robot_Mount_Module/parts/SV2_MNT_REFERENCES.SLDPRT,版本, 
05_Robot_Mount_Module/parts/SV2_MNT_REFERENCES.SLDPRT,备注, 
05_Robot_Mount_Module/parts/SV2_MNT_REFERENCES.SLDPRT,名称,“图样名称”
05_Robot_Mount_Module/parts/SV2_MNT_REFERENCES.SLDPRT,代号,“图样代号”
05_Robot_Mount_Module/parts/SV2_MNT_REFERENCES.SLDPRT,共X张,1
05_Robot_Mount_Module/parts/SV2_MNT_REFERENCES.SLDPRT,第X张,1
05_Robot_Mount_Module/parts/SV2_MNT_REFERENCES.SLDPRT,OBJECT_ID,V2-MNT-005
05_Robot_Mount_Module/parts/SV2_MNT_REFERENCES.SLDPRT,SYSTEM_OWNER,robot_mount_references
05_Robot_Mount_Module/parts/SV2_MNT_REFERENCES.SLDPRT,PARENT_ID,SV2_Robot_Mount_Module
05_Robot_Mount_Module/parts/SV2_MNT_REFERENCES.SLDPRT,STRUCTURE_CLASS,SECONDARY_PROPOSAL
05_Robot_Mount_Module/parts/SV2_MNT_REFERENCES.SLDPRT,REPRESENTATION_LAYER,SYSTEM_MECHANICAL_DISPLAY
05_Robot_Mount_Module/parts/SV2_MNT_REFERENCES.SLDPRT,EVIDENCE_STATE,DESIGN_PROPOSAL
05_Robot_Mount_Module/parts/SV2_MNT_REFERENCES.SLDPRT,SOURCE_REFERENCE,b3_build_spec.yaml robot_mount_display_proposal
05_Robot_Mount_Module/parts/SV2_MNT_REFERENCES.SLDPRT,FRAME_ID,CS_M
05_Robot_Mount_Module/parts/SV2_MNT_REFERENCES.SLDPRT,INTERFACE_IDS,IF-RM-001;IF-RM-002
05_Robot_Mount_Module/parts/SV2_MNT_REFERENCES.SLDPRT,MASS_OWNER,NONE_DISPLAY_ONLY
05_Robot_Mount_Module/parts/SV2_MNT_REFERENCES.SLDPRT,NO_DYNAMICS_USE,true
05_Robot_Mount_Module/parts/SV2_MNT_REFERENCES.SLDPRT,MANUFACTURING_AUTHORITY,NONE
05_Robot_Mount_Module/parts/SV2_MNT_REFERENCES.SLDPRT,EXECUTION_AUTHORITY,DISPLAY_ONLY
05_Robot_Mount_Module/parts/SV2_MNT_REFERENCES.SLDPRT,CLAIM_LIMIT,envelope_display_only;bolts_locators_loads_stiffness_UNKNOWN_BLOCKED;NO_STRENGTH_CLAIM;wrench_overlay_symbolic_no_values;visual_arrow_is_not_load_evidence
05_Robot_Mount_Module/parts/SV2_MNT_REFERENCES.SLDPRT,NO_STRENGTH_CLAIM,true
05_Robot_Mount_Module/parts/SV2_MNT_REFERENCES.SLDPRT,BLOCKED_CONSUMERS,FEA;dynamics;mass_properties;manufacturing;strength_claims
05_Robot_Mount_Module/parts/SV2_MNT_RIB_SET.SLDPRT,Description,
05_Robot_Mount_Module/parts/SV2_MNT_RIB_SET.SLDPRT,Weight,"""SW-Mass@SV2_MNT_RIB_SET.SLDPRT"""
05_Robot_Mount_Module/parts/SV2_MNT_RIB_SET.SLDPRT,Material,"""SW-Material@SV2_MNT_RIB_SET.SLDPRT"""
05_Robot_Mount_Module/parts/SV2_MNT_RIB_SET.SLDPRT,质量,"""SW-Mass@SV2_MNT_RIB_SET.SLDPRT"""
05_Robot_Mount_Module/parts/SV2_MNT_RIB_SET.SLDPRT,材料,"""SW-Material@SV2_MNT_RIB_SET.SLDPRT"""
05_Robot_Mount_Module/parts/SV2_MNT_RIB_SET.SLDPRT,单重,"""SW-Mass@SV2_MNT_RIB_SET.SLDPRT"""
05_Robot_Mount_Module/parts/SV2_MNT_RIB_SET.SLDPRT,零件号,  
05_Robot_Mount_Module/parts/SV2_MNT_RIB_SET.SLDPRT,设计,   
05_Robot_Mount_Module/parts/SV2_MNT_RIB_SET.SLDPRT,审核, 
05_Robot_Mount_Module/parts/SV2_MNT_RIB_SET.SLDPRT,标准审查, 
05_Robot_Mount_Module/parts/SV2_MNT_RIB_SET.SLDPRT,工艺审查, 
05_Robot_Mount_Module/parts/SV2_MNT_RIB_SET.SLDPRT,批准, 
05_Robot_Mount_Module/parts/SV2_MNT_RIB_SET.SLDPRT,日期,"2007,12,3"
05_Robot_Mount_Module/parts/SV2_MNT_RIB_SET.SLDPRT,校核, 
05_Robot_Mount_Module/parts/SV2_MNT_RIB_SET.SLDPRT,主管设计, 
05_Robot_Mount_Module/parts/SV2_MNT_RIB_SET.SLDPRT,校对, 
05_Robot_Mount_Module/parts/SV2_MNT_RIB_SET.SLDPRT,审定, 
05_Robot_Mount_Module/parts/SV2_MNT_RIB_SET.SLDPRT,阶段标记S, 
05_Robot_Mount_Module/parts/SV2_MNT_RIB_SET.SLDPRT,阶段标记A, 
05_Robot_Mount_Module/parts/SV2_MNT_RIB_SET.SLDPRT,阶段标记B, 
05_Robot_Mount_Module/parts/SV2_MNT_RIB_SET.SLDPRT,替代, 
05_Robot_Mount_Module/parts/SV2_MNT_RIB_SET.SLDPRT,图幅, 
05_Robot_Mount_Module/parts/SV2_MNT_RIB_SET.SLDPRT,版本, 
05_Robot_Mount_Module/parts/SV2_MNT_RIB_SET.SLDPRT,备注, 
05_Robot_Mount_Module/parts/SV2_MNT_RIB_SET.SLDPRT,名称,“图样名称”
05_Robot_Mount_Module/parts/SV2_MNT_RIB_SET.SLDPRT,代号,“图样代号”
05_Robot_Mount_Module/parts/SV2_MNT_RIB_SET.SLDPRT,共X张,1
05_Robot_Mount_Module/parts/SV2_MNT_RIB_SET.SLDPRT,第X张,1
05_Robot_Mount_Module/parts/SV2_MNT_RIB_SET.SLDPRT,OBJECT_ID,V2-MNT-004
05_Robot_Mount_Module/parts/SV2_MNT_RIB_SET.SLDPRT,SYSTEM_OWNER,bus_structure
05_Robot_Mount_Module/parts/SV2_MNT_RIB_SET.SLDPRT,PARENT_ID,SV2_Robot_Mount_Module
05_Robot_Mount_Module/parts/SV2_MNT_RIB_SET.SLDPRT,STRUCTURE_CLASS,PRIMARY_PROPOSAL
05_Robot_Mount_Module/parts/SV2_MNT_RIB_SET.SLDPRT,REPRESENTATION_LAYER,SYSTEM_MECHANICAL_DISPLAY
05_Robot_Mount_Module/parts/SV2_MNT_RIB_SET.SLDPRT,EVIDENCE_STATE,DESIGN_PROPOSAL
05_Robot_Mount_Module/parts/SV2_MNT_RIB_SET.SLDPRT,SOURCE_REFERENCE,b3_build_spec.yaml robot_mount_display_proposal; load_path:LPE_003
05_Robot_Mount_Module/parts/SV2_MNT_RIB_SET.SLDPRT,FRAME_ID,CS_M
05_Robot_Mount_Module/parts/SV2_MNT_RIB_SET.SLDPRT,INTERFACE_IDS,IF-RM-001
05_Robot_Mount_Module/parts/SV2_MNT_RIB_SET.SLDPRT,MASS_OWNER,NONE_DISPLAY_ONLY
05_Robot_Mount_Module/parts/SV2_MNT_RIB_SET.SLDPRT,NO_DYNAMICS_USE,true
05_Robot_Mount_Module/parts/SV2_MNT_RIB_SET.SLDPRT,MANUFACTURING_AUTHORITY,NONE
05_Robot_Mount_Module/parts/SV2_MNT_RIB_SET.SLDPRT,EXECUTION_AUTHORITY,DISPLAY_ONLY
05_Robot_Mount_Module/parts/SV2_MNT_RIB_SET.SLDPRT,CLAIM_LIMIT,envelope_display_only;bolts_locators_loads_stiffness_UNKNOWN_BLOCKED;NO_STRENGTH_CLAIM;rib_count_shape_thickness_not_selected;suppressible_proposal
05_Robot_Mount_Module/parts/SV2_MNT_RIB_SET.SLDPRT,NO_STRENGTH_CLAIM,true
05_Robot_Mount_Module/parts/SV2_MNT_RIB_SET.SLDPRT,BLOCKED_CONSUMERS,FEA;dynamics;mass_properties;manufacturing;strength_claims
05_Robot_Mount_Module/parts/SV2_MNT_SERVICER_FLANGE.SLDPRT,Description,
05_Robot_Mount_Module/parts/SV2_MNT_SERVICER_FLANGE.SLDPRT,Weight,"""SW-Mass@SV2_MNT_SERVICER_FLANGE.SLDPRT"""
05_Robot_Mount_Module/parts/SV2_MNT_SERVICER_FLANGE.SLDPRT,Material,"""SW-Material@SV2_MNT_SERVICER_FLANGE.SLDPRT"""
05_Robot_Mount_Module/parts/SV2_MNT_SERVICER_FLANGE.SLDPRT,质量,"""SW-Mass@SV2_MNT_SERVICER_FLANGE.SLDPRT"""
05_Robot_Mount_Module/parts/SV2_MNT_SERVICER_FLANGE.SLDPRT,材料,"""SW-Material@SV2_MNT_SERVICER_FLANGE.SLDPRT"""
05_Robot_Mount_Module/parts/SV2_MNT_SERVICER_FLANGE.SLDPRT,单重,"""SW-Mass@SV2_MNT_SERVICER_FLANGE.SLDPRT"""
05_Robot_Mount_Module/parts/SV2_MNT_SERVICER_FLANGE.SLDPRT,零件号,  
05_Robot_Mount_Module/parts/SV2_MNT_SERVICER_FLANGE.SLDPRT,设计,   
05_Robot_Mount_Module/parts/SV2_MNT_SERVICER_FLANGE.SLDPRT,审核, 
05_Robot_Mount_Module/parts/SV2_MNT_SERVICER_FLANGE.SLDPRT,标准审查, 
05_Robot_Mount_Module/parts/SV2_MNT_SERVICER_FLANGE.SLDPRT,工艺审查, 
05_Robot_Mount_Module/parts/SV2_MNT_SERVICER_FLANGE.SLDPRT,批准, 
05_Robot_Mount_Module/parts/SV2_MNT_SERVICER_FLANGE.SLDPRT,日期,"2007,12,3"
05_Robot_Mount_Module/parts/SV2_MNT_SERVICER_FLANGE.SLDPRT,校核, 
05_Robot_Mount_Module/parts/SV2_MNT_SERVICER_FLANGE.SLDPRT,主管设计, 
05_Robot_Mount_Module/parts/SV2_MNT_SERVICER_FLANGE.SLDPRT,校对, 
05_Robot_Mount_Module/parts/SV2_MNT_SERVICER_FLANGE.SLDPRT,审定, 
05_Robot_Mount_Module/parts/SV2_MNT_SERVICER_FLANGE.SLDPRT,阶段标记S, 
05_Robot_Mount_Module/parts/SV2_MNT_SERVICER_FLANGE.SLDPRT,阶段标记A, 
05_Robot_Mount_Module/parts/SV2_MNT_SERVICER_FLANGE.SLDPRT,阶段标记B, 
05_Robot_Mount_Module/parts/SV2_MNT_SERVICER_FLANGE.SLDPRT,替代, 
05_Robot_Mount_Module/parts/SV2_MNT_SERVICER_FLANGE.SLDPRT,图幅, 
05_Robot_Mount_Module/parts/SV2_MNT_SERVICER_FLANGE.SLDPRT,版本, 
05_Robot_Mount_Module/parts/SV2_MNT_SERVICER_FLANGE.SLDPRT,备注, 
05_Robot_Mount_Module/parts/SV2_MNT_SERVICER_FLANGE.SLDPRT,名称,“图样名称”
05_Robot_Mount_Module/parts/SV2_MNT_SERVICER_FLANGE.SLDPRT,代号,“图样代号”
05_Robot_Mount_Module/parts/SV2_MNT_SERVICER_FLANGE.SLDPRT,共X张,1
05_Robot_Mount_Module/parts/SV2_MNT_SERVICER_FLANGE.SLDPRT,第X张,1
05_Robot_Mount_Module/parts/SV2_MNT_SERVICER_FLANGE.SLDPRT,OBJECT_ID,V2-MNT-001
05_Robot_Mount_Module/parts/SV2_MNT_SERVICER_FLANGE.SLDPRT,SYSTEM_OWNER,bus_structure
05_Robot_Mount_Module/parts/SV2_MNT_SERVICER_FLANGE.SLDPRT,PARENT_ID,SV2_Robot_Mount_Module
05_Robot_Mount_Module/parts/SV2_MNT_SERVICER_FLANGE.SLDPRT,STRUCTURE_CLASS,PRIMARY_PROPOSAL
05_Robot_Mount_Module/parts/SV2_MNT_SERVICER_FLANGE.SLDPRT,REPRESENTATION_LAYER,SYSTEM_MECHANICAL_DISPLAY
05_Robot_Mount_Module/parts/SV2_MNT_SERVICER_FLANGE.SLDPRT,EVIDENCE_STATE,EVIDENCE_BOUND
05_Robot_Mount_Module/parts/SV2_MNT_SERVICER_FLANGE.SLDPRT,SOURCE_REFERENCE,b3_build_spec.yaml robot_mount_display_proposal; load_path:LPE_003_front_frame_side
05_Robot_Mount_Module/parts/SV2_MNT_SERVICER_FLANGE.SLDPRT,FRAME_ID,CS_M
05_Robot_Mount_Module/parts/SV2_MNT_SERVICER_FLANGE.SLDPRT,INTERFACE_IDS,IF-RM-001
05_Robot_Mount_Module/parts/SV2_MNT_SERVICER_FLANGE.SLDPRT,MASS_OWNER,NONE_DISPLAY_ONLY
05_Robot_Mount_Module/parts/SV2_MNT_SERVICER_FLANGE.SLDPRT,NO_DYNAMICS_USE,true
05_Robot_Mount_Module/parts/SV2_MNT_SERVICER_FLANGE.SLDPRT,MANUFACTURING_AUTHORITY,NONE
05_Robot_Mount_Module/parts/SV2_MNT_SERVICER_FLANGE.SLDPRT,EXECUTION_AUTHORITY,DISPLAY_ONLY
05_Robot_Mount_Module/parts/SV2_MNT_SERVICER_FLANGE.SLDPRT,CLAIM_LIMIT,envelope_display_only;bolts_locators_loads_stiffness_UNKNOWN_BLOCKED;NO_STRENGTH_CLAIM;envelope_15x160x160_EVIDENCE_BOUND
05_Robot_Mount_Module/parts/SV2_MNT_SERVICER_FLANGE.SLDPRT,NO_STRENGTH_CLAIM,true
05_Robot_Mount_Module/parts/SV2_MNT_SERVICER_FLANGE.SLDPRT,BLOCKED_CONSUMERS,FEA;dynamics;mass_properties;manufacturing;strength_claims
06_B601_Visual_Arm/parts/B601_base_link_bbox_q0.SLDPRT,Description,
06_B601_Visual_Arm/parts/B601_base_link_bbox_q0.SLDPRT,Weight,"""SW-Mass@B601_base_link_bbox_q0.SLDPRT"""
06_B601_Visual_Arm/parts/B601_base_link_bbox_q0.SLDPRT,Material,"""SW-Material@B601_base_link_bbox_q0.SLDPRT"""
06_B601_Visual_Arm/parts/B601_base_link_bbox_q0.SLDPRT,质量,"""SW-Mass@B601_base_link_bbox_q0.SLDPRT"""
06_B601_Visual_Arm/parts/B601_base_link_bbox_q0.SLDPRT,材料,"""SW-Material@B601_base_link_bbox_q0.SLDPRT"""
06_B601_Visual_Arm/parts/B601_base_link_bbox_q0.SLDPRT,单重,"""SW-Mass@B601_base_link_bbox_q0.SLDPRT"""
06_B601_Visual_Arm/parts/B601_base_link_bbox_q0.SLDPRT,零件号,  
06_B601_Visual_Arm/parts/B601_base_link_bbox_q0.SLDPRT,设计,   
06_B601_Visual_Arm/parts/B601_base_link_bbox_q0.SLDPRT,审核, 
06_B601_Visual_Arm/parts/B601_base_link_bbox_q0.SLDPRT,标准审查, 
06_B601_Visual_Arm/parts/B601_base_link_bbox_q0.SLDPRT,工艺审查, 
06_B601_Visual_Arm/parts/B601_base_link_bbox_q0.SLDPRT,批准, 
06_B601_Visual_Arm/parts/B601_base_link_bbox_q0.SLDPRT,日期,"2007,12,3"
06_B601_Visual_Arm/parts/B601_base_link_bbox_q0.SLDPRT,校核, 
06_B601_Visual_Arm/parts/B601_base_link_bbox_q0.SLDPRT,主管设计, 
06_B601_Visual_Arm/parts/B601_base_link_bbox_q0.SLDPRT,校对, 
06_B601_Visual_Arm/parts/B601_base_link_bbox_q0.SLDPRT,审定, 
06_B601_Visual_Arm/parts/B601_base_link_bbox_q0.SLDPRT,阶段标记S, 
06_B601_Visual_Arm/parts/B601_base_link_bbox_q0.SLDPRT,阶段标记A, 
06_B601_Visual_Arm/parts/B601_base_link_bbox_q0.SLDPRT,阶段标记B, 
06_B601_Visual_Arm/parts/B601_base_link_bbox_q0.SLDPRT,替代, 
06_B601_Visual_Arm/parts/B601_base_link_bbox_q0.SLDPRT,图幅, 
06_B601_Visual_Arm/parts/B601_base_link_bbox_q0.SLDPRT,版本, 
06_B601_Visual_Arm/parts/B601_base_link_bbox_q0.SLDPRT,备注, 
06_B601_Visual_Arm/parts/B601_base_link_bbox_q0.SLDPRT,名称,“图样名称”
06_B601_Visual_Arm/parts/B601_base_link_bbox_q0.SLDPRT,代号,“图样代号”
06_B601_Visual_Arm/parts/B601_base_link_bbox_q0.SLDPRT,共X张,1
06_B601_Visual_Arm/parts/B601_base_link_bbox_q0.SLDPRT,第X张,1
06_B601_Visual_Arm/parts/B601_base_link_bbox_q0.SLDPRT,OBJECT_ID,V2-B601-00
06_B601_Visual_Arm/parts/B601_base_link_bbox_q0.SLDPRT,SYSTEM_OWNER,b601_visual_arm
06_B601_Visual_Arm/parts/B601_base_link_bbox_q0.SLDPRT,PARENT_ID,SV2_B601_Visual_Arm
06_B601_Visual_Arm/parts/B601_base_link_bbox_q0.SLDPRT,STRUCTURE_CLASS,VISUAL_PROXY
06_B601_Visual_Arm/parts/B601_base_link_bbox_q0.SLDPRT,REPRESENTATION_LAYER,AXIS_ALIGNED_BBOX_PROXY_Q0
06_B601_Visual_Arm/parts/B601_base_link_bbox_q0.SLDPRT,EVIDENCE_STATE,EVIDENCE_BOUND
06_B601_Visual_Arm/parts/B601_base_link_bbox_q0.SLDPRT,SOURCE_REFERENCE,"arm_b601_v1.urdf + meshes_b601_gripper/base_link.STL (hash 11/11 MATCH, b3_00)"
06_B601_Visual_Arm/parts/B601_base_link_bbox_q0.SLDPRT,FRAME_ID,CS_A0
06_B601_Visual_Arm/parts/B601_base_link_bbox_q0.SLDPRT,INTERFACE_IDS,IF-RM-002
06_B601_Visual_Arm/parts/B601_base_link_bbox_q0.SLDPRT,MASS_OWNER,b601_urdf_owner_NOT_from_visual
06_B601_Visual_Arm/parts/B601_base_link_bbox_q0.SLDPRT,NO_DYNAMICS_USE,true
06_B601_Visual_Arm/parts/B601_base_link_bbox_q0.SLDPRT,MANUFACTURING_AUTHORITY,NONE
06_B601_Visual_Arm/parts/B601_base_link_bbox_q0.SLDPRT,EXECUTION_AUTHORITY,DISPLAY_ONLY
06_B601_Visual_Arm/parts/B601_base_link_bbox_q0.SLDPRT,CLAIM_LIMIT,conservative_envelope_not_exact_vendor_geometry;q_zero_pose_only;no_mass_no_inertia_from_visual
06_B601_Visual_Arm/parts/B601_base_link_bbox_q0.SLDPRT,URDF_LINK,base_link
06_B601_Visual_Arm/parts/B601_base_link_bbox_q0.SLDPRT,BLOCKED_CONSUMERS,FEA;dynamics;mass_properties;URDF_roundtrip;contact_models
06_B601_Visual_Arm/parts/B601_gripper_left_bbox_q0.SLDPRT,Description,
06_B601_Visual_Arm/parts/B601_gripper_left_bbox_q0.SLDPRT,Weight,"""SW-Mass@B601_gripper_left_bbox_q0.SLDPRT"""
06_B601_Visual_Arm/parts/B601_gripper_left_bbox_q0.SLDPRT,Material,"""SW-Material@B601_gripper_left_bbox_q0.SLDPRT"""
06_B601_Visual_Arm/parts/B601_gripper_left_bbox_q0.SLDPRT,质量,"""SW-Mass@B601_gripper_left_bbox_q0.SLDPRT"""
06_B601_Visual_Arm/parts/B601_gripper_left_bbox_q0.SLDPRT,材料,"""SW-Material@B601_gripper_left_bbox_q0.SLDPRT"""
06_B601_Visual_Arm/parts/B601_gripper_left_bbox_q0.SLDPRT,单重,"""SW-Mass@B601_gripper_left_bbox_q0.SLDPRT"""
06_B601_Visual_Arm/parts/B601_gripper_left_bbox_q0.SLDPRT,零件号,  
06_B601_Visual_Arm/parts/B601_gripper_left_bbox_q0.SLDPRT,设计,   
06_B601_Visual_Arm/parts/B601_gripper_left_bbox_q0.SLDPRT,审核, 
06_B601_Visual_Arm/parts/B601_gripper_left_bbox_q0.SLDPRT,标准审查, 
06_B601_Visual_Arm/parts/B601_gripper_left_bbox_q0.SLDPRT,工艺审查, 
06_B601_Visual_Arm/parts/B601_gripper_left_bbox_q0.SLDPRT,批准, 
06_B601_Visual_Arm/parts/B601_gripper_left_bbox_q0.SLDPRT,日期,"2007,12,3"
06_B601_Visual_Arm/parts/B601_gripper_left_bbox_q0.SLDPRT,校核, 
06_B601_Visual_Arm/parts/B601_gripper_left_bbox_q0.SLDPRT,主管设计, 
06_B601_Visual_Arm/parts/B601_gripper_left_bbox_q0.SLDPRT,校对, 
06_B601_Visual_Arm/parts/B601_gripper_left_bbox_q0.SLDPRT,审定, 
06_B601_Visual_Arm/parts/B601_gripper_left_bbox_q0.SLDPRT,阶段标记S, 
06_B601_Visual_Arm/parts/B601_gripper_left_bbox_q0.SLDPRT,阶段标记A, 
06_B601_Visual_Arm/parts/B601_gripper_left_bbox_q0.SLDPRT,阶段标记B, 
06_B601_Visual_Arm/parts/B601_gripper_left_bbox_q0.SLDPRT,替代, 
06_B601_Visual_Arm/parts/B601_gripper_left_bbox_q0.SLDPRT,图幅, 
06_B601_Visual_Arm/parts/B601_gripper_left_bbox_q0.SLDPRT,版本, 
06_B601_Visual_Arm/parts/B601_gripper_left_bbox_q0.SLDPRT,备注, 
06_B601_Visual_Arm/parts/B601_gripper_left_bbox_q0.SLDPRT,名称,“图样名称”
06_B601_Visual_Arm/parts/B601_gripper_left_bbox_q0.SLDPRT,代号,“图样代号”
06_B601_Visual_Arm/parts/B601_gripper_left_bbox_q0.SLDPRT,共X张,1
06_B601_Visual_Arm/parts/B601_gripper_left_bbox_q0.SLDPRT,第X张,1
06_B601_Visual_Arm/parts/B601_gripper_left_bbox_q0.SLDPRT,OBJECT_ID,V2-B601-08
06_B601_Visual_Arm/parts/B601_gripper_left_bbox_q0.SLDPRT,SYSTEM_OWNER,b601_visual_arm
06_B601_Visual_Arm/parts/B601_gripper_left_bbox_q0.SLDPRT,PARENT_ID,SV2_B601_Visual_Arm
06_B601_Visual_Arm/parts/B601_gripper_left_bbox_q0.SLDPRT,STRUCTURE_CLASS,VISUAL_PROXY
06_B601_Visual_Arm/parts/B601_gripper_left_bbox_q0.SLDPRT,REPRESENTATION_LAYER,AXIS_ALIGNED_BBOX_PROXY_Q0
06_B601_Visual_Arm/parts/B601_gripper_left_bbox_q0.SLDPRT,EVIDENCE_STATE,EVIDENCE_BOUND
06_B601_Visual_Arm/parts/B601_gripper_left_bbox_q0.SLDPRT,SOURCE_REFERENCE,"arm_b601_v1.urdf + meshes_b601_gripper/gripper_left.STL (hash 11/11 MATCH, b3_00)"
06_B601_Visual_Arm/parts/B601_gripper_left_bbox_q0.SLDPRT,FRAME_ID,CS_A0
06_B601_Visual_Arm/parts/B601_gripper_left_bbox_q0.SLDPRT,INTERFACE_IDS,IF-RM-002
06_B601_Visual_Arm/parts/B601_gripper_left_bbox_q0.SLDPRT,MASS_OWNER,b601_urdf_owner_NOT_from_visual
06_B601_Visual_Arm/parts/B601_gripper_left_bbox_q0.SLDPRT,NO_DYNAMICS_USE,true
06_B601_Visual_Arm/parts/B601_gripper_left_bbox_q0.SLDPRT,MANUFACTURING_AUTHORITY,NONE
06_B601_Visual_Arm/parts/B601_gripper_left_bbox_q0.SLDPRT,EXECUTION_AUTHORITY,DISPLAY_ONLY
06_B601_Visual_Arm/parts/B601_gripper_left_bbox_q0.SLDPRT,CLAIM_LIMIT,conservative_envelope_not_exact_vendor_geometry;q_zero_pose_only;no_mass_no_inertia_from_visual
06_B601_Visual_Arm/parts/B601_gripper_left_bbox_q0.SLDPRT,URDF_LINK,gripper_left
06_B601_Visual_Arm/parts/B601_gripper_left_bbox_q0.SLDPRT,BLOCKED_CONSUMERS,FEA;dynamics;mass_properties;URDF_roundtrip;contact_models
06_B601_Visual_Arm/parts/B601_gripper_link_bbox_q0.SLDPRT,Description,
06_B601_Visual_Arm/parts/B601_gripper_link_bbox_q0.SLDPRT,Weight,"""SW-Mass@B601_gripper_link_bbox_q0.SLDPRT"""
06_B601_Visual_Arm/parts/B601_gripper_link_bbox_q0.SLDPRT,Material,"""SW-Material@B601_gripper_link_bbox_q0.SLDPRT"""
06_B601_Visual_Arm/parts/B601_gripper_link_bbox_q0.SLDPRT,质量,"""SW-Mass@B601_gripper_link_bbox_q0.SLDPRT"""
06_B601_Visual_Arm/parts/B601_gripper_link_bbox_q0.SLDPRT,材料,"""SW-Material@B601_gripper_link_bbox_q0.SLDPRT"""
06_B601_Visual_Arm/parts/B601_gripper_link_bbox_q0.SLDPRT,单重,"""SW-Mass@B601_gripper_link_bbox_q0.SLDPRT"""
06_B601_Visual_Arm/parts/B601_gripper_link_bbox_q0.SLDPRT,零件号,  
06_B601_Visual_Arm/parts/B601_gripper_link_bbox_q0.SLDPRT,设计,   
06_B601_Visual_Arm/parts/B601_gripper_link_bbox_q0.SLDPRT,审核, 
06_B601_Visual_Arm/parts/B601_gripper_link_bbox_q0.SLDPRT,标准审查, 
06_B601_Visual_Arm/parts/B601_gripper_link_bbox_q0.SLDPRT,工艺审查, 
06_B601_Visual_Arm/parts/B601_gripper_link_bbox_q0.SLDPRT,批准, 
06_B601_Visual_Arm/parts/B601_gripper_link_bbox_q0.SLDPRT,日期,"2007,12,3"
06_B601_Visual_Arm/parts/B601_gripper_link_bbox_q0.SLDPRT,校核, 
06_B601_Visual_Arm/parts/B601_gripper_link_bbox_q0.SLDPRT,主管设计, 
06_B601_Visual_Arm/parts/B601_gripper_link_bbox_q0.SLDPRT,校对, 
06_B601_Visual_Arm/parts/B601_gripper_link_bbox_q0.SLDPRT,审定, 
06_B601_Visual_Arm/parts/B601_gripper_link_bbox_q0.SLDPRT,阶段标记S, 
06_B601_Visual_Arm/parts/B601_gripper_link_bbox_q0.SLDPRT,阶段标记A, 
06_B601_Visual_Arm/parts/B601_gripper_link_bbox_q0.SLDPRT,阶段标记B, 
06_B601_Visual_Arm/parts/B601_gripper_link_bbox_q0.SLDPRT,替代, 
06_B601_Visual_Arm/parts/B601_gripper_link_bbox_q0.SLDPRT,图幅, 
06_B601_Visual_Arm/parts/B601_gripper_link_bbox_q0.SLDPRT,版本, 
06_B601_Visual_Arm/parts/B601_gripper_link_bbox_q0.SLDPRT,备注, 
06_B601_Visual_Arm/parts/B601_gripper_link_bbox_q0.SLDPRT,名称,“图样名称”
06_B601_Visual_Arm/parts/B601_gripper_link_bbox_q0.SLDPRT,代号,“图样代号”
06_B601_Visual_Arm/parts/B601_gripper_link_bbox_q0.SLDPRT,共X张,1
06_B601_Visual_Arm/parts/B601_gripper_link_bbox_q0.SLDPRT,第X张,1
06_B601_Visual_Arm/parts/B601_gripper_link_bbox_q0.SLDPRT,OBJECT_ID,V2-B601-07
06_B601_Visual_Arm/parts/B601_gripper_link_bbox_q0.SLDPRT,SYSTEM_OWNER,b601_visual_arm
06_B601_Visual_Arm/parts/B601_gripper_link_bbox_q0.SLDPRT,PARENT_ID,SV2_B601_Visual_Arm
06_B601_Visual_Arm/parts/B601_gripper_link_bbox_q0.SLDPRT,STRUCTURE_CLASS,VISUAL_PROXY
06_B601_Visual_Arm/parts/B601_gripper_link_bbox_q0.SLDPRT,REPRESENTATION_LAYER,AXIS_ALIGNED_BBOX_PROXY_Q0
06_B601_Visual_Arm/parts/B601_gripper_link_bbox_q0.SLDPRT,EVIDENCE_STATE,EVIDENCE_BOUND
06_B601_Visual_Arm/parts/B601_gripper_link_bbox_q0.SLDPRT,SOURCE_REFERENCE,"arm_b601_v1.urdf + meshes_b601_gripper/gripper_link.STL (hash 11/11 MATCH, b3_00)"
06_B601_Visual_Arm/parts/B601_gripper_link_bbox_q0.SLDPRT,FRAME_ID,CS_A0
06_B601_Visual_Arm/parts/B601_gripper_link_bbox_q0.SLDPRT,INTERFACE_IDS,IF-RM-002
06_B601_Visual_Arm/parts/B601_gripper_link_bbox_q0.SLDPRT,MASS_OWNER,b601_urdf_owner_NOT_from_visual
06_B601_Visual_Arm/parts/B601_gripper_link_bbox_q0.SLDPRT,NO_DYNAMICS_USE,true
06_B601_Visual_Arm/parts/B601_gripper_link_bbox_q0.SLDPRT,MANUFACTURING_AUTHORITY,NONE
06_B601_Visual_Arm/parts/B601_gripper_link_bbox_q0.SLDPRT,EXECUTION_AUTHORITY,DISPLAY_ONLY
06_B601_Visual_Arm/parts/B601_gripper_link_bbox_q0.SLDPRT,CLAIM_LIMIT,conservative_envelope_not_exact_vendor_geometry;q_zero_pose_only;no_mass_no_inertia_from_visual
06_B601_Visual_Arm/parts/B601_gripper_link_bbox_q0.SLDPRT,URDF_LINK,gripper_link
06_B601_Visual_Arm/parts/B601_gripper_link_bbox_q0.SLDPRT,BLOCKED_CONSUMERS,FEA;dynamics;mass_properties;URDF_roundtrip;contact_models
06_B601_Visual_Arm/parts/B601_gripper_right_bbox_q0.SLDPRT,Description,
06_B601_Visual_Arm/parts/B601_gripper_right_bbox_q0.SLDPRT,Weight,"""SW-Mass@B601_gripper_right_bbox_q0.SLDPRT"""
06_B601_Visual_Arm/parts/B601_gripper_right_bbox_q0.SLDPRT,Material,"""SW-Material@B601_gripper_right_bbox_q0.SLDPRT"""
06_B601_Visual_Arm/parts/B601_gripper_right_bbox_q0.SLDPRT,质量,"""SW-Mass@B601_gripper_right_bbox_q0.SLDPRT"""
06_B601_Visual_Arm/parts/B601_gripper_right_bbox_q0.SLDPRT,材料,"""SW-Material@B601_gripper_right_bbox_q0.SLDPRT"""
06_B601_Visual_Arm/parts/B601_gripper_right_bbox_q0.SLDPRT,单重,"""SW-Mass@B601_gripper_right_bbox_q0.SLDPRT"""
06_B601_Visual_Arm/parts/B601_gripper_right_bbox_q0.SLDPRT,零件号,  
06_B601_Visual_Arm/parts/B601_gripper_right_bbox_q0.SLDPRT,设计,   
06_B601_Visual_Arm/parts/B601_gripper_right_bbox_q0.SLDPRT,审核, 
06_B601_Visual_Arm/parts/B601_gripper_right_bbox_q0.SLDPRT,标准审查, 
06_B601_Visual_Arm/parts/B601_gripper_right_bbox_q0.SLDPRT,工艺审查, 
06_B601_Visual_Arm/parts/B601_gripper_right_bbox_q0.SLDPRT,批准, 
06_B601_Visual_Arm/parts/B601_gripper_right_bbox_q0.SLDPRT,日期,"2007,12,3"
06_B601_Visual_Arm/parts/B601_gripper_right_bbox_q0.SLDPRT,校核, 
06_B601_Visual_Arm/parts/B601_gripper_right_bbox_q0.SLDPRT,主管设计, 
06_B601_Visual_Arm/parts/B601_gripper_right_bbox_q0.SLDPRT,校对, 
06_B601_Visual_Arm/parts/B601_gripper_right_bbox_q0.SLDPRT,审定, 
06_B601_Visual_Arm/parts/B601_gripper_right_bbox_q0.SLDPRT,阶段标记S, 
06_B601_Visual_Arm/parts/B601_gripper_right_bbox_q0.SLDPRT,阶段标记A, 
06_B601_Visual_Arm/parts/B601_gripper_right_bbox_q0.SLDPRT,阶段标记B, 
06_B601_Visual_Arm/parts/B601_gripper_right_bbox_q0.SLDPRT,替代, 
06_B601_Visual_Arm/parts/B601_gripper_right_bbox_q0.SLDPRT,图幅, 
06_B601_Visual_Arm/parts/B601_gripper_right_bbox_q0.SLDPRT,版本, 
06_B601_Visual_Arm/parts/B601_gripper_right_bbox_q0.SLDPRT,备注, 
06_B601_Visual_Arm/parts/B601_gripper_right_bbox_q0.SLDPRT,名称,“图样名称”
06_B601_Visual_Arm/parts/B601_gripper_right_bbox_q0.SLDPRT,代号,“图样代号”
06_B601_Visual_Arm/parts/B601_gripper_right_bbox_q0.SLDPRT,共X张,1
06_B601_Visual_Arm/parts/B601_gripper_right_bbox_q0.SLDPRT,第X张,1
06_B601_Visual_Arm/parts/B601_gripper_right_bbox_q0.SLDPRT,OBJECT_ID,V2-B601-09
06_B601_Visual_Arm/parts/B601_gripper_right_bbox_q0.SLDPRT,SYSTEM_OWNER,b601_visual_arm
06_B601_Visual_Arm/parts/B601_gripper_right_bbox_q0.SLDPRT,PARENT_ID,SV2_B601_Visual_Arm
06_B601_Visual_Arm/parts/B601_gripper_right_bbox_q0.SLDPRT,STRUCTURE_CLASS,VISUAL_PROXY
06_B601_Visual_Arm/parts/B601_gripper_right_bbox_q0.SLDPRT,REPRESENTATION_LAYER,AXIS_ALIGNED_BBOX_PROXY_Q0
06_B601_Visual_Arm/parts/B601_gripper_right_bbox_q0.SLDPRT,EVIDENCE_STATE,EVIDENCE_BOUND
06_B601_Visual_Arm/parts/B601_gripper_right_bbox_q0.SLDPRT,SOURCE_REFERENCE,"arm_b601_v1.urdf + meshes_b601_gripper/gripper_right.STL (hash 11/11 MATCH, b3_00)"
06_B601_Visual_Arm/parts/B601_gripper_right_bbox_q0.SLDPRT,FRAME_ID,CS_A0
06_B601_Visual_Arm/parts/B601_gripper_right_bbox_q0.SLDPRT,INTERFACE_IDS,IF-RM-002
06_B601_Visual_Arm/parts/B601_gripper_right_bbox_q0.SLDPRT,MASS_OWNER,b601_urdf_owner_NOT_from_visual
06_B601_Visual_Arm/parts/B601_gripper_right_bbox_q0.SLDPRT,NO_DYNAMICS_USE,true
06_B601_Visual_Arm/parts/B601_gripper_right_bbox_q0.SLDPRT,MANUFACTURING_AUTHORITY,NONE
06_B601_Visual_Arm/parts/B601_gripper_right_bbox_q0.SLDPRT,EXECUTION_AUTHORITY,DISPLAY_ONLY
06_B601_Visual_Arm/parts/B601_gripper_right_bbox_q0.SLDPRT,CLAIM_LIMIT,conservative_envelope_not_exact_vendor_geometry;q_zero_pose_only;no_mass_no_inertia_from_visual
06_B601_Visual_Arm/parts/B601_gripper_right_bbox_q0.SLDPRT,URDF_LINK,gripper_right
06_B601_Visual_Arm/parts/B601_gripper_right_bbox_q0.SLDPRT,BLOCKED_CONSUMERS,FEA;dynamics;mass_properties;URDF_roundtrip;contact_models
06_B601_Visual_Arm/parts/B601_link1_bbox_q0.SLDPRT,Description,
06_B601_Visual_Arm/parts/B601_link1_bbox_q0.SLDPRT,Weight,"""SW-Mass@B601_link1_bbox_q0.SLDPRT"""
06_B601_Visual_Arm/parts/B601_link1_bbox_q0.SLDPRT,Material,"""SW-Material@B601_link1_bbox_q0.SLDPRT"""
06_B601_Visual_Arm/parts/B601_link1_bbox_q0.SLDPRT,质量,"""SW-Mass@B601_link1_bbox_q0.SLDPRT"""
06_B601_Visual_Arm/parts/B601_link1_bbox_q0.SLDPRT,材料,"""SW-Material@B601_link1_bbox_q0.SLDPRT"""
06_B601_Visual_Arm/parts/B601_link1_bbox_q0.SLDPRT,单重,"""SW-Mass@B601_link1_bbox_q0.SLDPRT"""
06_B601_Visual_Arm/parts/B601_link1_bbox_q0.SLDPRT,零件号,  
06_B601_Visual_Arm/parts/B601_link1_bbox_q0.SLDPRT,设计,   
06_B601_Visual_Arm/parts/B601_link1_bbox_q0.SLDPRT,审核, 
06_B601_Visual_Arm/parts/B601_link1_bbox_q0.SLDPRT,标准审查, 
06_B601_Visual_Arm/parts/B601_link1_bbox_q0.SLDPRT,工艺审查, 
06_B601_Visual_Arm/parts/B601_link1_bbox_q0.SLDPRT,批准, 
06_B601_Visual_Arm/parts/B601_link1_bbox_q0.SLDPRT,日期,"2007,12,3"
06_B601_Visual_Arm/parts/B601_link1_bbox_q0.SLDPRT,校核, 
06_B601_Visual_Arm/parts/B601_link1_bbox_q0.SLDPRT,主管设计, 
06_B601_Visual_Arm/parts/B601_link1_bbox_q0.SLDPRT,校对, 
06_B601_Visual_Arm/parts/B601_link1_bbox_q0.SLDPRT,审定, 
06_B601_Visual_Arm/parts/B601_link1_bbox_q0.SLDPRT,阶段标记S, 
06_B601_Visual_Arm/parts/B601_link1_bbox_q0.SLDPRT,阶段标记A, 
06_B601_Visual_Arm/parts/B601_link1_bbox_q0.SLDPRT,阶段标记B, 
06_B601_Visual_Arm/parts/B601_link1_bbox_q0.SLDPRT,替代, 
06_B601_Visual_Arm/parts/B601_link1_bbox_q0.SLDPRT,图幅, 
06_B601_Visual_Arm/parts/B601_link1_bbox_q0.SLDPRT,版本, 
06_B601_Visual_Arm/parts/B601_link1_bbox_q0.SLDPRT,备注, 
06_B601_Visual_Arm/parts/B601_link1_bbox_q0.SLDPRT,名称,“图样名称”
06_B601_Visual_Arm/parts/B601_link1_bbox_q0.SLDPRT,代号,“图样代号”
06_B601_Visual_Arm/parts/B601_link1_bbox_q0.SLDPRT,共X张,1
06_B601_Visual_Arm/parts/B601_link1_bbox_q0.SLDPRT,第X张,1
06_B601_Visual_Arm/parts/B601_link1_bbox_q0.SLDPRT,OBJECT_ID,V2-B601-01
06_B601_Visual_Arm/parts/B601_link1_bbox_q0.SLDPRT,SYSTEM_OWNER,b601_visual_arm
06_B601_Visual_Arm/parts/B601_link1_bbox_q0.SLDPRT,PARENT_ID,SV2_B601_Visual_Arm
06_B601_Visual_Arm/parts/B601_link1_bbox_q0.SLDPRT,STRUCTURE_CLASS,VISUAL_PROXY
06_B601_Visual_Arm/parts/B601_link1_bbox_q0.SLDPRT,REPRESENTATION_LAYER,AXIS_ALIGNED_BBOX_PROXY_Q0
06_B601_Visual_Arm/parts/B601_link1_bbox_q0.SLDPRT,EVIDENCE_STATE,EVIDENCE_BOUND
06_B601_Visual_Arm/parts/B601_link1_bbox_q0.SLDPRT,SOURCE_REFERENCE,"arm_b601_v1.urdf + meshes_b601_gripper/link1.STL (hash 11/11 MATCH, b3_00)"
06_B601_Visual_Arm/parts/B601_link1_bbox_q0.SLDPRT,FRAME_ID,CS_A0
06_B601_Visual_Arm/parts/B601_link1_bbox_q0.SLDPRT,INTERFACE_IDS,IF-RM-002
06_B601_Visual_Arm/parts/B601_link1_bbox_q0.SLDPRT,MASS_OWNER,b601_urdf_owner_NOT_from_visual
06_B601_Visual_Arm/parts/B601_link1_bbox_q0.SLDPRT,NO_DYNAMICS_USE,true
06_B601_Visual_Arm/parts/B601_link1_bbox_q0.SLDPRT,MANUFACTURING_AUTHORITY,NONE
06_B601_Visual_Arm/parts/B601_link1_bbox_q0.SLDPRT,EXECUTION_AUTHORITY,DISPLAY_ONLY
06_B601_Visual_Arm/parts/B601_link1_bbox_q0.SLDPRT,CLAIM_LIMIT,conservative_envelope_not_exact_vendor_geometry;q_zero_pose_only;no_mass_no_inertia_from_visual
06_B601_Visual_Arm/parts/B601_link1_bbox_q0.SLDPRT,URDF_LINK,link1
06_B601_Visual_Arm/parts/B601_link1_bbox_q0.SLDPRT,BLOCKED_CONSUMERS,FEA;dynamics;mass_properties;URDF_roundtrip;contact_models
06_B601_Visual_Arm/parts/B601_link2_bbox_q0.SLDPRT,Description,
06_B601_Visual_Arm/parts/B601_link2_bbox_q0.SLDPRT,Weight,"""SW-Mass@B601_link2_bbox_q0.SLDPRT"""
06_B601_Visual_Arm/parts/B601_link2_bbox_q0.SLDPRT,Material,"""SW-Material@B601_link2_bbox_q0.SLDPRT"""
06_B601_Visual_Arm/parts/B601_link2_bbox_q0.SLDPRT,质量,"""SW-Mass@B601_link2_bbox_q0.SLDPRT"""
06_B601_Visual_Arm/parts/B601_link2_bbox_q0.SLDPRT,材料,"""SW-Material@B601_link2_bbox_q0.SLDPRT"""
06_B601_Visual_Arm/parts/B601_link2_bbox_q0.SLDPRT,单重,"""SW-Mass@B601_link2_bbox_q0.SLDPRT"""
06_B601_Visual_Arm/parts/B601_link2_bbox_q0.SLDPRT,零件号,  
06_B601_Visual_Arm/parts/B601_link2_bbox_q0.SLDPRT,设计,   
06_B601_Visual_Arm/parts/B601_link2_bbox_q0.SLDPRT,审核, 
06_B601_Visual_Arm/parts/B601_link2_bbox_q0.SLDPRT,标准审查, 
06_B601_Visual_Arm/parts/B601_link2_bbox_q0.SLDPRT,工艺审查, 
06_B601_Visual_Arm/parts/B601_link2_bbox_q0.SLDPRT,批准, 
06_B601_Visual_Arm/parts/B601_link2_bbox_q0.SLDPRT,日期,"2007,12,3"
06_B601_Visual_Arm/parts/B601_link2_bbox_q0.SLDPRT,校核, 
06_B601_Visual_Arm/parts/B601_link2_bbox_q0.SLDPRT,主管设计, 
06_B601_Visual_Arm/parts/B601_link2_bbox_q0.SLDPRT,校对, 
06_B601_Visual_Arm/parts/B601_link2_bbox_q0.SLDPRT,审定, 
06_B601_Visual_Arm/parts/B601_link2_bbox_q0.SLDPRT,阶段标记S, 
06_B601_Visual_Arm/parts/B601_link2_bbox_q0.SLDPRT,阶段标记A, 
06_B601_Visual_Arm/parts/B601_link2_bbox_q0.SLDPRT,阶段标记B, 
06_B601_Visual_Arm/parts/B601_link2_bbox_q0.SLDPRT,替代, 
06_B601_Visual_Arm/parts/B601_link2_bbox_q0.SLDPRT,图幅, 
06_B601_Visual_Arm/parts/B601_link2_bbox_q0.SLDPRT,版本, 
06_B601_Visual_Arm/parts/B601_link2_bbox_q0.SLDPRT,备注, 
06_B601_Visual_Arm/parts/B601_link2_bbox_q0.SLDPRT,名称,“图样名称”
06_B601_Visual_Arm/parts/B601_link2_bbox_q0.SLDPRT,代号,“图样代号”
06_B601_Visual_Arm/parts/B601_link2_bbox_q0.SLDPRT,共X张,1
06_B601_Visual_Arm/parts/B601_link2_bbox_q0.SLDPRT,第X张,1
06_B601_Visual_Arm/parts/B601_link2_bbox_q0.SLDPRT,OBJECT_ID,V2-B601-02
06_B601_Visual_Arm/parts/B601_link2_bbox_q0.SLDPRT,SYSTEM_OWNER,b601_visual_arm
06_B601_Visual_Arm/parts/B601_link2_bbox_q0.SLDPRT,PARENT_ID,SV2_B601_Visual_Arm
06_B601_Visual_Arm/parts/B601_link2_bbox_q0.SLDPRT,STRUCTURE_CLASS,VISUAL_PROXY
06_B601_Visual_Arm/parts/B601_link2_bbox_q0.SLDPRT,REPRESENTATION_LAYER,AXIS_ALIGNED_BBOX_PROXY_Q0
06_B601_Visual_Arm/parts/B601_link2_bbox_q0.SLDPRT,EVIDENCE_STATE,EVIDENCE_BOUND
06_B601_Visual_Arm/parts/B601_link2_bbox_q0.SLDPRT,SOURCE_REFERENCE,"arm_b601_v1.urdf + meshes_b601_gripper/link2.STL (hash 11/11 MATCH, b3_00)"
06_B601_Visual_Arm/parts/B601_link2_bbox_q0.SLDPRT,FRAME_ID,CS_A0
06_B601_Visual_Arm/parts/B601_link2_bbox_q0.SLDPRT,INTERFACE_IDS,IF-RM-002
06_B601_Visual_Arm/parts/B601_link2_bbox_q0.SLDPRT,MASS_OWNER,b601_urdf_owner_NOT_from_visual
06_B601_Visual_Arm/parts/B601_link2_bbox_q0.SLDPRT,NO_DYNAMICS_USE,true
06_B601_Visual_Arm/parts/B601_link2_bbox_q0.SLDPRT,MANUFACTURING_AUTHORITY,NONE
06_B601_Visual_Arm/parts/B601_link2_bbox_q0.SLDPRT,EXECUTION_AUTHORITY,DISPLAY_ONLY
06_B601_Visual_Arm/parts/B601_link2_bbox_q0.SLDPRT,CLAIM_LIMIT,conservative_envelope_not_exact_vendor_geometry;q_zero_pose_only;no_mass_no_inertia_from_visual
06_B601_Visual_Arm/parts/B601_link2_bbox_q0.SLDPRT,URDF_LINK,link2
06_B601_Visual_Arm/parts/B601_link2_bbox_q0.SLDPRT,BLOCKED_CONSUMERS,FEA;dynamics;mass_properties;URDF_roundtrip;contact_models
06_B601_Visual_Arm/parts/B601_link3_bbox_q0.SLDPRT,Description,
06_B601_Visual_Arm/parts/B601_link3_bbox_q0.SLDPRT,Weight,"""SW-Mass@B601_link3_bbox_q0.SLDPRT"""
06_B601_Visual_Arm/parts/B601_link3_bbox_q0.SLDPRT,Material,"""SW-Material@B601_link3_bbox_q0.SLDPRT"""
06_B601_Visual_Arm/parts/B601_link3_bbox_q0.SLDPRT,质量,"""SW-Mass@B601_link3_bbox_q0.SLDPRT"""
06_B601_Visual_Arm/parts/B601_link3_bbox_q0.SLDPRT,材料,"""SW-Material@B601_link3_bbox_q0.SLDPRT"""
06_B601_Visual_Arm/parts/B601_link3_bbox_q0.SLDPRT,单重,"""SW-Mass@B601_link3_bbox_q0.SLDPRT"""
06_B601_Visual_Arm/parts/B601_link3_bbox_q0.SLDPRT,零件号,  
06_B601_Visual_Arm/parts/B601_link3_bbox_q0.SLDPRT,设计,   
06_B601_Visual_Arm/parts/B601_link3_bbox_q0.SLDPRT,审核, 
06_B601_Visual_Arm/parts/B601_link3_bbox_q0.SLDPRT,标准审查, 
06_B601_Visual_Arm/parts/B601_link3_bbox_q0.SLDPRT,工艺审查, 
06_B601_Visual_Arm/parts/B601_link3_bbox_q0.SLDPRT,批准, 
06_B601_Visual_Arm/parts/B601_link3_bbox_q0.SLDPRT,日期,"2007,12,3"
06_B601_Visual_Arm/parts/B601_link3_bbox_q0.SLDPRT,校核, 
06_B601_Visual_Arm/parts/B601_link3_bbox_q0.SLDPRT,主管设计, 
06_B601_Visual_Arm/parts/B601_link3_bbox_q0.SLDPRT,校对, 
06_B601_Visual_Arm/parts/B601_link3_bbox_q0.SLDPRT,审定, 
06_B601_Visual_Arm/parts/B601_link3_bbox_q0.SLDPRT,阶段标记S, 
06_B601_Visual_Arm/parts/B601_link3_bbox_q0.SLDPRT,阶段标记A, 
06_B601_Visual_Arm/parts/B601_link3_bbox_q0.SLDPRT,阶段标记B, 
06_B601_Visual_Arm/parts/B601_link3_bbox_q0.SLDPRT,替代, 
06_B601_Visual_Arm/parts/B601_link3_bbox_q0.SLDPRT,图幅, 
06_B601_Visual_Arm/parts/B601_link3_bbox_q0.SLDPRT,版本, 
06_B601_Visual_Arm/parts/B601_link3_bbox_q0.SLDPRT,备注, 
06_B601_Visual_Arm/parts/B601_link3_bbox_q0.SLDPRT,名称,“图样名称”
06_B601_Visual_Arm/parts/B601_link3_bbox_q0.SLDPRT,代号,“图样代号”
06_B601_Visual_Arm/parts/B601_link3_bbox_q0.SLDPRT,共X张,1
06_B601_Visual_Arm/parts/B601_link3_bbox_q0.SLDPRT,第X张,1
06_B601_Visual_Arm/parts/B601_link3_bbox_q0.SLDPRT,OBJECT_ID,V2-B601-03
06_B601_Visual_Arm/parts/B601_link3_bbox_q0.SLDPRT,SYSTEM_OWNER,b601_visual_arm
06_B601_Visual_Arm/parts/B601_link3_bbox_q0.SLDPRT,PARENT_ID,SV2_B601_Visual_Arm
06_B601_Visual_Arm/parts/B601_link3_bbox_q0.SLDPRT,STRUCTURE_CLASS,VISUAL_PROXY
06_B601_Visual_Arm/parts/B601_link3_bbox_q0.SLDPRT,REPRESENTATION_LAYER,AXIS_ALIGNED_BBOX_PROXY_Q0
06_B601_Visual_Arm/parts/B601_link3_bbox_q0.SLDPRT,EVIDENCE_STATE,EVIDENCE_BOUND
06_B601_Visual_Arm/parts/B601_link3_bbox_q0.SLDPRT,SOURCE_REFERENCE,"arm_b601_v1.urdf + meshes_b601_gripper/link3.STL (hash 11/11 MATCH, b3_00)"
06_B601_Visual_Arm/parts/B601_link3_bbox_q0.SLDPRT,FRAME_ID,CS_A0
06_B601_Visual_Arm/parts/B601_link3_bbox_q0.SLDPRT,INTERFACE_IDS,IF-RM-002
06_B601_Visual_Arm/parts/B601_link3_bbox_q0.SLDPRT,MASS_OWNER,b601_urdf_owner_NOT_from_visual
06_B601_Visual_Arm/parts/B601_link3_bbox_q0.SLDPRT,NO_DYNAMICS_USE,true
06_B601_Visual_Arm/parts/B601_link3_bbox_q0.SLDPRT,MANUFACTURING_AUTHORITY,NONE
06_B601_Visual_Arm/parts/B601_link3_bbox_q0.SLDPRT,EXECUTION_AUTHORITY,DISPLAY_ONLY
06_B601_Visual_Arm/parts/B601_link3_bbox_q0.SLDPRT,CLAIM_LIMIT,conservative_envelope_not_exact_vendor_geometry;q_zero_pose_only;no_mass_no_inertia_from_visual
06_B601_Visual_Arm/parts/B601_link3_bbox_q0.SLDPRT,URDF_LINK,link3
06_B601_Visual_Arm/parts/B601_link3_bbox_q0.SLDPRT,BLOCKED_CONSUMERS,FEA;dynamics;mass_properties;URDF_roundtrip;contact_models
06_B601_Visual_Arm/parts/B601_link4_bbox_q0.SLDPRT,Description,
06_B601_Visual_Arm/parts/B601_link4_bbox_q0.SLDPRT,Weight,"""SW-Mass@B601_link4_bbox_q0.SLDPRT"""
06_B601_Visual_Arm/parts/B601_link4_bbox_q0.SLDPRT,Material,"""SW-Material@B601_link4_bbox_q0.SLDPRT"""
06_B601_Visual_Arm/parts/B601_link4_bbox_q0.SLDPRT,质量,"""SW-Mass@B601_link4_bbox_q0.SLDPRT"""
06_B601_Visual_Arm/parts/B601_link4_bbox_q0.SLDPRT,材料,"""SW-Material@B601_link4_bbox_q0.SLDPRT"""
06_B601_Visual_Arm/parts/B601_link4_bbox_q0.SLDPRT,单重,"""SW-Mass@B601_link4_bbox_q0.SLDPRT"""
06_B601_Visual_Arm/parts/B601_link4_bbox_q0.SLDPRT,零件号,  
06_B601_Visual_Arm/parts/B601_link4_bbox_q0.SLDPRT,设计,   
06_B601_Visual_Arm/parts/B601_link4_bbox_q0.SLDPRT,审核, 
06_B601_Visual_Arm/parts/B601_link4_bbox_q0.SLDPRT,标准审查, 
06_B601_Visual_Arm/parts/B601_link4_bbox_q0.SLDPRT,工艺审查, 
06_B601_Visual_Arm/parts/B601_link4_bbox_q0.SLDPRT,批准, 
06_B601_Visual_Arm/parts/B601_link4_bbox_q0.SLDPRT,日期,"2007,12,3"
06_B601_Visual_Arm/parts/B601_link4_bbox_q0.SLDPRT,校核, 
06_B601_Visual_Arm/parts/B601_link4_bbox_q0.SLDPRT,主管设计, 
06_B601_Visual_Arm/parts/B601_link4_bbox_q0.SLDPRT,校对, 
06_B601_Visual_Arm/parts/B601_link4_bbox_q0.SLDPRT,审定, 
06_B601_Visual_Arm/parts/B601_link4_bbox_q0.SLDPRT,阶段标记S, 
06_B601_Visual_Arm/parts/B601_link4_bbox_q0.SLDPRT,阶段标记A, 
06_B601_Visual_Arm/parts/B601_link4_bbox_q0.SLDPRT,阶段标记B, 
06_B601_Visual_Arm/parts/B601_link4_bbox_q0.SLDPRT,替代, 
06_B601_Visual_Arm/parts/B601_link4_bbox_q0.SLDPRT,图幅, 
06_B601_Visual_Arm/parts/B601_link4_bbox_q0.SLDPRT,版本, 
06_B601_Visual_Arm/parts/B601_link4_bbox_q0.SLDPRT,备注, 
06_B601_Visual_Arm/parts/B601_link4_bbox_q0.SLDPRT,名称,“图样名称”
06_B601_Visual_Arm/parts/B601_link4_bbox_q0.SLDPRT,代号,“图样代号”
06_B601_Visual_Arm/parts/B601_link4_bbox_q0.SLDPRT,共X张,1
06_B601_Visual_Arm/parts/B601_link4_bbox_q0.SLDPRT,第X张,1
06_B601_Visual_Arm/parts/B601_link4_bbox_q0.SLDPRT,OBJECT_ID,V2-B601-04
06_B601_Visual_Arm/parts/B601_link4_bbox_q0.SLDPRT,SYSTEM_OWNER,b601_visual_arm
06_B601_Visual_Arm/parts/B601_link4_bbox_q0.SLDPRT,PARENT_ID,SV2_B601_Visual_Arm
06_B601_Visual_Arm/parts/B601_link4_bbox_q0.SLDPRT,STRUCTURE_CLASS,VISUAL_PROXY
06_B601_Visual_Arm/parts/B601_link4_bbox_q0.SLDPRT,REPRESENTATION_LAYER,AXIS_ALIGNED_BBOX_PROXY_Q0
06_B601_Visual_Arm/parts/B601_link4_bbox_q0.SLDPRT,EVIDENCE_STATE,EVIDENCE_BOUND
06_B601_Visual_Arm/parts/B601_link4_bbox_q0.SLDPRT,SOURCE_REFERENCE,"arm_b601_v1.urdf + meshes_b601_gripper/link4.STL (hash 11/11 MATCH, b3_00)"
06_B601_Visual_Arm/parts/B601_link4_bbox_q0.SLDPRT,FRAME_ID,CS_A0
06_B601_Visual_Arm/parts/B601_link4_bbox_q0.SLDPRT,INTERFACE_IDS,IF-RM-002
06_B601_Visual_Arm/parts/B601_link4_bbox_q0.SLDPRT,MASS_OWNER,b601_urdf_owner_NOT_from_visual
06_B601_Visual_Arm/parts/B601_link4_bbox_q0.SLDPRT,NO_DYNAMICS_USE,true
06_B601_Visual_Arm/parts/B601_link4_bbox_q0.SLDPRT,MANUFACTURING_AUTHORITY,NONE
06_B601_Visual_Arm/parts/B601_link4_bbox_q0.SLDPRT,EXECUTION_AUTHORITY,DISPLAY_ONLY
06_B601_Visual_Arm/parts/B601_link4_bbox_q0.SLDPRT,CLAIM_LIMIT,conservative_envelope_not_exact_vendor_geometry;q_zero_pose_only;no_mass_no_inertia_from_visual
06_B601_Visual_Arm/parts/B601_link4_bbox_q0.SLDPRT,URDF_LINK,link4
06_B601_Visual_Arm/parts/B601_link4_bbox_q0.SLDPRT,BLOCKED_CONSUMERS,FEA;dynamics;mass_properties;URDF_roundtrip;contact_models
06_B601_Visual_Arm/parts/B601_link5_bbox_q0.SLDPRT,Description,
06_B601_Visual_Arm/parts/B601_link5_bbox_q0.SLDPRT,Weight,"""SW-Mass@B601_link5_bbox_q0.SLDPRT"""
06_B601_Visual_Arm/parts/B601_link5_bbox_q0.SLDPRT,Material,"""SW-Material@B601_link5_bbox_q0.SLDPRT"""
06_B601_Visual_Arm/parts/B601_link5_bbox_q0.SLDPRT,质量,"""SW-Mass@B601_link5_bbox_q0.SLDPRT"""
06_B601_Visual_Arm/parts/B601_link5_bbox_q0.SLDPRT,材料,"""SW-Material@B601_link5_bbox_q0.SLDPRT"""
06_B601_Visual_Arm/parts/B601_link5_bbox_q0.SLDPRT,单重,"""SW-Mass@B601_link5_bbox_q0.SLDPRT"""
06_B601_Visual_Arm/parts/B601_link5_bbox_q0.SLDPRT,零件号,  
06_B601_Visual_Arm/parts/B601_link5_bbox_q0.SLDPRT,设计,   
06_B601_Visual_Arm/parts/B601_link5_bbox_q0.SLDPRT,审核, 
06_B601_Visual_Arm/parts/B601_link5_bbox_q0.SLDPRT,标准审查, 
06_B601_Visual_Arm/parts/B601_link5_bbox_q0.SLDPRT,工艺审查, 
06_B601_Visual_Arm/parts/B601_link5_bbox_q0.SLDPRT,批准, 
06_B601_Visual_Arm/parts/B601_link5_bbox_q0.SLDPRT,日期,"2007,12,3"
06_B601_Visual_Arm/parts/B601_link5_bbox_q0.SLDPRT,校核, 
06_B601_Visual_Arm/parts/B601_link5_bbox_q0.SLDPRT,主管设计, 
06_B601_Visual_Arm/parts/B601_link5_bbox_q0.SLDPRT,校对, 
06_B601_Visual_Arm/parts/B601_link5_bbox_q0.SLDPRT,审定, 
06_B601_Visual_Arm/parts/B601_link5_bbox_q0.SLDPRT,阶段标记S, 
06_B601_Visual_Arm/parts/B601_link5_bbox_q0.SLDPRT,阶段标记A, 
06_B601_Visual_Arm/parts/B601_link5_bbox_q0.SLDPRT,阶段标记B, 
06_B601_Visual_Arm/parts/B601_link5_bbox_q0.SLDPRT,替代, 
06_B601_Visual_Arm/parts/B601_link5_bbox_q0.SLDPRT,图幅, 
06_B601_Visual_Arm/parts/B601_link5_bbox_q0.SLDPRT,版本, 
06_B601_Visual_Arm/parts/B601_link5_bbox_q0.SLDPRT,备注, 
06_B601_Visual_Arm/parts/B601_link5_bbox_q0.SLDPRT,名称,“图样名称”
06_B601_Visual_Arm/parts/B601_link5_bbox_q0.SLDPRT,代号,“图样代号”
06_B601_Visual_Arm/parts/B601_link5_bbox_q0.SLDPRT,共X张,1
06_B601_Visual_Arm/parts/B601_link5_bbox_q0.SLDPRT,第X张,1
06_B601_Visual_Arm/parts/B601_link5_bbox_q0.SLDPRT,OBJECT_ID,V2-B601-05
06_B601_Visual_Arm/parts/B601_link5_bbox_q0.SLDPRT,SYSTEM_OWNER,b601_visual_arm
06_B601_Visual_Arm/parts/B601_link5_bbox_q0.SLDPRT,PARENT_ID,SV2_B601_Visual_Arm
06_B601_Visual_Arm/parts/B601_link5_bbox_q0.SLDPRT,STRUCTURE_CLASS,VISUAL_PROXY
06_B601_Visual_Arm/parts/B601_link5_bbox_q0.SLDPRT,REPRESENTATION_LAYER,AXIS_ALIGNED_BBOX_PROXY_Q0
06_B601_Visual_Arm/parts/B601_link5_bbox_q0.SLDPRT,EVIDENCE_STATE,EVIDENCE_BOUND
06_B601_Visual_Arm/parts/B601_link5_bbox_q0.SLDPRT,SOURCE_REFERENCE,"arm_b601_v1.urdf + meshes_b601_gripper/link5.STL (hash 11/11 MATCH, b3_00)"
06_B601_Visual_Arm/parts/B601_link5_bbox_q0.SLDPRT,FRAME_ID,CS_A0
06_B601_Visual_Arm/parts/B601_link5_bbox_q0.SLDPRT,INTERFACE_IDS,IF-RM-002
06_B601_Visual_Arm/parts/B601_link5_bbox_q0.SLDPRT,MASS_OWNER,b601_urdf_owner_NOT_from_visual
06_B601_Visual_Arm/parts/B601_link5_bbox_q0.SLDPRT,NO_DYNAMICS_USE,true
06_B601_Visual_Arm/parts/B601_link5_bbox_q0.SLDPRT,MANUFACTURING_AUTHORITY,NONE
06_B601_Visual_Arm/parts/B601_link5_bbox_q0.SLDPRT,EXECUTION_AUTHORITY,DISPLAY_ONLY
06_B601_Visual_Arm/parts/B601_link5_bbox_q0.SLDPRT,CLAIM_LIMIT,conservative_envelope_not_exact_vendor_geometry;q_zero_pose_only;no_mass_no_inertia_from_visual
06_B601_Visual_Arm/parts/B601_link5_bbox_q0.SLDPRT,URDF_LINK,link5
06_B601_Visual_Arm/parts/B601_link5_bbox_q0.SLDPRT,BLOCKED_CONSUMERS,FEA;dynamics;mass_properties;URDF_roundtrip;contact_models
06_B601_Visual_Arm/parts/B601_link6_bbox_q0.SLDPRT,Description,
06_B601_Visual_Arm/parts/B601_link6_bbox_q0.SLDPRT,Weight,"""SW-Mass@B601_link6_bbox_q0.SLDPRT"""
06_B601_Visual_Arm/parts/B601_link6_bbox_q0.SLDPRT,Material,"""SW-Material@B601_link6_bbox_q0.SLDPRT"""
06_B601_Visual_Arm/parts/B601_link6_bbox_q0.SLDPRT,质量,"""SW-Mass@B601_link6_bbox_q0.SLDPRT"""
06_B601_Visual_Arm/parts/B601_link6_bbox_q0.SLDPRT,材料,"""SW-Material@B601_link6_bbox_q0.SLDPRT"""
06_B601_Visual_Arm/parts/B601_link6_bbox_q0.SLDPRT,单重,"""SW-Mass@B601_link6_bbox_q0.SLDPRT"""
06_B601_Visual_Arm/parts/B601_link6_bbox_q0.SLDPRT,零件号,  
06_B601_Visual_Arm/parts/B601_link6_bbox_q0.SLDPRT,设计,   
06_B601_Visual_Arm/parts/B601_link6_bbox_q0.SLDPRT,审核, 
06_B601_Visual_Arm/parts/B601_link6_bbox_q0.SLDPRT,标准审查, 
06_B601_Visual_Arm/parts/B601_link6_bbox_q0.SLDPRT,工艺审查, 
06_B601_Visual_Arm/parts/B601_link6_bbox_q0.SLDPRT,批准, 
06_B601_Visual_Arm/parts/B601_link6_bbox_q0.SLDPRT,日期,"2007,12,3"
06_B601_Visual_Arm/parts/B601_link6_bbox_q0.SLDPRT,校核, 
06_B601_Visual_Arm/parts/B601_link6_bbox_q0.SLDPRT,主管设计, 
06_B601_Visual_Arm/parts/B601_link6_bbox_q0.SLDPRT,校对, 
06_B601_Visual_Arm/parts/B601_link6_bbox_q0.SLDPRT,审定, 
06_B601_Visual_Arm/parts/B601_link6_bbox_q0.SLDPRT,阶段标记S, 
06_B601_Visual_Arm/parts/B601_link6_bbox_q0.SLDPRT,阶段标记A, 
06_B601_Visual_Arm/parts/B601_link6_bbox_q0.SLDPRT,阶段标记B, 
06_B601_Visual_Arm/parts/B601_link6_bbox_q0.SLDPRT,替代, 
06_B601_Visual_Arm/parts/B601_link6_bbox_q0.SLDPRT,图幅, 
06_B601_Visual_Arm/parts/B601_link6_bbox_q0.SLDPRT,版本, 
06_B601_Visual_Arm/parts/B601_link6_bbox_q0.SLDPRT,备注, 
06_B601_Visual_Arm/parts/B601_link6_bbox_q0.SLDPRT,名称,“图样名称”
06_B601_Visual_Arm/parts/B601_link6_bbox_q0.SLDPRT,代号,“图样代号”
06_B601_Visual_Arm/parts/B601_link6_bbox_q0.SLDPRT,共X张,1
06_B601_Visual_Arm/parts/B601_link6_bbox_q0.SLDPRT,第X张,1
06_B601_Visual_Arm/parts/B601_link6_bbox_q0.SLDPRT,OBJECT_ID,V2-B601-06
06_B601_Visual_Arm/parts/B601_link6_bbox_q0.SLDPRT,SYSTEM_OWNER,b601_visual_arm
06_B601_Visual_Arm/parts/B601_link6_bbox_q0.SLDPRT,PARENT_ID,SV2_B601_Visual_Arm
06_B601_Visual_Arm/parts/B601_link6_bbox_q0.SLDPRT,STRUCTURE_CLASS,VISUAL_PROXY
06_B601_Visual_Arm/parts/B601_link6_bbox_q0.SLDPRT,REPRESENTATION_LAYER,AXIS_ALIGNED_BBOX_PROXY_Q0
06_B601_Visual_Arm/parts/B601_link6_bbox_q0.SLDPRT,EVIDENCE_STATE,EVIDENCE_BOUND
06_B601_Visual_Arm/parts/B601_link6_bbox_q0.SLDPRT,SOURCE_REFERENCE,"arm_b601_v1.urdf + meshes_b601_gripper/link6.STL (hash 11/11 MATCH, b3_00)"
06_B601_Visual_Arm/parts/B601_link6_bbox_q0.SLDPRT,FRAME_ID,CS_A0
06_B601_Visual_Arm/parts/B601_link6_bbox_q0.SLDPRT,INTERFACE_IDS,IF-RM-002
06_B601_Visual_Arm/parts/B601_link6_bbox_q0.SLDPRT,MASS_OWNER,b601_urdf_owner_NOT_from_visual
06_B601_Visual_Arm/parts/B601_link6_bbox_q0.SLDPRT,NO_DYNAMICS_USE,true
06_B601_Visual_Arm/parts/B601_link6_bbox_q0.SLDPRT,MANUFACTURING_AUTHORITY,NONE
06_B601_Visual_Arm/parts/B601_link6_bbox_q0.SLDPRT,EXECUTION_AUTHORITY,DISPLAY_ONLY
06_B601_Visual_Arm/parts/B601_link6_bbox_q0.SLDPRT,CLAIM_LIMIT,conservative_envelope_not_exact_vendor_geometry;q_zero_pose_only;no_mass_no_inertia_from_visual
06_B601_Visual_Arm/parts/B601_link6_bbox_q0.SLDPRT,URDF_LINK,link6
06_B601_Visual_Arm/parts/B601_link6_bbox_q0.SLDPRT,BLOCKED_CONSUMERS,FEA;dynamics;mass_properties;URDF_roundtrip;contact_models
07_Solar_Array_Interface_Module/parts/SOLAR_ROOT_L_IF.SLDPRT,Description,
07_Solar_Array_Interface_Module/parts/SOLAR_ROOT_L_IF.SLDPRT,Weight,"""SW-Mass@SOLAR_ROOT_L_IF.SLDPRT"""
07_Solar_Array_Interface_Module/parts/SOLAR_ROOT_L_IF.SLDPRT,Material,"""SW-Material@SOLAR_ROOT_L_IF.SLDPRT"""
07_Solar_Array_Interface_Module/parts/SOLAR_ROOT_L_IF.SLDPRT,质量,"""SW-Mass@SOLAR_ROOT_L_IF.SLDPRT"""
07_Solar_Array_Interface_Module/parts/SOLAR_ROOT_L_IF.SLDPRT,材料,"""SW-Material@SOLAR_ROOT_L_IF.SLDPRT"""
07_Solar_Array_Interface_Module/parts/SOLAR_ROOT_L_IF.SLDPRT,单重,"""SW-Mass@SOLAR_ROOT_L_IF.SLDPRT"""
07_Solar_Array_Interface_Module/parts/SOLAR_ROOT_L_IF.SLDPRT,零件号,  
07_Solar_Array_Interface_Module/parts/SOLAR_ROOT_L_IF.SLDPRT,设计,   
07_Solar_Array_Interface_Module/parts/SOLAR_ROOT_L_IF.SLDPRT,审核, 
07_Solar_Array_Interface_Module/parts/SOLAR_ROOT_L_IF.SLDPRT,标准审查, 
07_Solar_Array_Interface_Module/parts/SOLAR_ROOT_L_IF.SLDPRT,工艺审查, 
07_Solar_Array_Interface_Module/parts/SOLAR_ROOT_L_IF.SLDPRT,批准, 
07_Solar_Array_Interface_Module/parts/SOLAR_ROOT_L_IF.SLDPRT,日期,"2007,12,3"
07_Solar_Array_Interface_Module/parts/SOLAR_ROOT_L_IF.SLDPRT,校核, 
07_Solar_Array_Interface_Module/parts/SOLAR_ROOT_L_IF.SLDPRT,主管设计, 
07_Solar_Array_Interface_Module/parts/SOLAR_ROOT_L_IF.SLDPRT,校对, 
07_Solar_Array_Interface_Module/parts/SOLAR_ROOT_L_IF.SLDPRT,审定, 
07_Solar_Array_Interface_Module/parts/SOLAR_ROOT_L_IF.SLDPRT,阶段标记S, 
07_Solar_Array_Interface_Module/parts/SOLAR_ROOT_L_IF.SLDPRT,阶段标记A, 
07_Solar_Array_Interface_Module/parts/SOLAR_ROOT_L_IF.SLDPRT,阶段标记B, 
07_Solar_Array_Interface_Module/parts/SOLAR_ROOT_L_IF.SLDPRT,替代, 
07_Solar_Array_Interface_Module/parts/SOLAR_ROOT_L_IF.SLDPRT,图幅, 
07_Solar_Array_Interface_Module/parts/SOLAR_ROOT_L_IF.SLDPRT,版本, 
07_Solar_Array_Interface_Module/parts/SOLAR_ROOT_L_IF.SLDPRT,备注, 
07_Solar_Array_Interface_Module/parts/SOLAR_ROOT_L_IF.SLDPRT,名称,“图样名称”
07_Solar_Array_Interface_Module/parts/SOLAR_ROOT_L_IF.SLDPRT,代号,“图样代号”
07_Solar_Array_Interface_Module/parts/SOLAR_ROOT_L_IF.SLDPRT,共X张,1
07_Solar_Array_Interface_Module/parts/SOLAR_ROOT_L_IF.SLDPRT,第X张,1
07_Solar_Array_Interface_Module/parts/SOLAR_ROOT_L_IF.SLDPRT,OBJECT_ID,SOLAR_ROOT_L_IF
07_Solar_Array_Interface_Module/parts/SOLAR_ROOT_L_IF.SLDPRT,SYSTEM_OWNER,DEPLOYABLES_OWNER
07_Solar_Array_Interface_Module/parts/SOLAR_ROOT_L_IF.SLDPRT,PARENT_ID,SV2_Solar_Array_Interface
07_Solar_Array_Interface_Module/parts/SOLAR_ROOT_L_IF.SLDPRT,STRUCTURE_CLASS,VOLUME_OWNER_REFERENCE
07_Solar_Array_Interface_Module/parts/SOLAR_ROOT_L_IF.SLDPRT,REPRESENTATION_LAYER,OWNER_PLACEHOLDER_ZERO_SOLID
07_Solar_Array_Interface_Module/parts/SOLAR_ROOT_L_IF.SLDPRT,EVIDENCE_STATE,UNKNOWN_BLOCKED
07_Solar_Array_Interface_Module/parts/SOLAR_ROOT_L_IF.SLDPRT,SOURCE_REFERENCE,flexible_appendage_v1.yaml via b3_build_spec.yaml solar_interface
07_Solar_Array_Interface_Module/parts/SOLAR_ROOT_L_IF.SLDPRT,FRAME_ID,F_L
07_Solar_Array_Interface_Module/parts/SOLAR_ROOT_L_IF.SLDPRT,INTERFACE_IDS,IF-SA-L
07_Solar_Array_Interface_Module/parts/SOLAR_ROOT_L_IF.SLDPRT,MASS_OWNER,servicer_split_owner_NOT_from_CAD
07_Solar_Array_Interface_Module/parts/SOLAR_ROOT_L_IF.SLDPRT,NO_DYNAMICS_USE,true
07_Solar_Array_Interface_Module/parts/SOLAR_ROOT_L_IF.SLDPRT,MANUFACTURING_AUTHORITY,NONE
07_Solar_Array_Interface_Module/parts/SOLAR_ROOT_L_IF.SLDPRT,EXECUTION_AUTHORITY,DISPLAY_ONLY
07_Solar_Array_Interface_Module/parts/SOLAR_ROOT_L_IF.SLDPRT,CLAIM_LIMIT,hinge_release_latch_drive_UNKNOWN;zero_solid_owner;geometry_NULL_unsourced
07_Solar_Array_Interface_Module/parts/SOLAR_ROOT_L_IF.SLDPRT,BLOCKED_CONSUMERS,FEA;dynamics;mass_properties;deployment_claims
07_Solar_Array_Interface_Module/parts/SOLAR_ROOT_R_IF.SLDPRT,Description,
07_Solar_Array_Interface_Module/parts/SOLAR_ROOT_R_IF.SLDPRT,Weight,"""SW-Mass@SOLAR_ROOT_R_IF.SLDPRT"""
07_Solar_Array_Interface_Module/parts/SOLAR_ROOT_R_IF.SLDPRT,Material,"""SW-Material@SOLAR_ROOT_R_IF.SLDPRT"""
07_Solar_Array_Interface_Module/parts/SOLAR_ROOT_R_IF.SLDPRT,质量,"""SW-Mass@SOLAR_ROOT_R_IF.SLDPRT"""
07_Solar_Array_Interface_Module/parts/SOLAR_ROOT_R_IF.SLDPRT,材料,"""SW-Material@SOLAR_ROOT_R_IF.SLDPRT"""
07_Solar_Array_Interface_Module/parts/SOLAR_ROOT_R_IF.SLDPRT,单重,"""SW-Mass@SOLAR_ROOT_R_IF.SLDPRT"""
07_Solar_Array_Interface_Module/parts/SOLAR_ROOT_R_IF.SLDPRT,零件号,  
07_Solar_Array_Interface_Module/parts/SOLAR_ROOT_R_IF.SLDPRT,设计,   
07_Solar_Array_Interface_Module/parts/SOLAR_ROOT_R_IF.SLDPRT,审核, 
07_Solar_Array_Interface_Module/parts/SOLAR_ROOT_R_IF.SLDPRT,标准审查, 
07_Solar_Array_Interface_Module/parts/SOLAR_ROOT_R_IF.SLDPRT,工艺审查, 
07_Solar_Array_Interface_Module/parts/SOLAR_ROOT_R_IF.SLDPRT,批准, 
07_Solar_Array_Interface_Module/parts/SOLAR_ROOT_R_IF.SLDPRT,日期,"2007,12,3"
07_Solar_Array_Interface_Module/parts/SOLAR_ROOT_R_IF.SLDPRT,校核, 
07_Solar_Array_Interface_Module/parts/SOLAR_ROOT_R_IF.SLDPRT,主管设计, 
07_Solar_Array_Interface_Module/parts/SOLAR_ROOT_R_IF.SLDPRT,校对, 
07_Solar_Array_Interface_Module/parts/SOLAR_ROOT_R_IF.SLDPRT,审定, 
07_Solar_Array_Interface_Module/parts/SOLAR_ROOT_R_IF.SLDPRT,阶段标记S, 
07_Solar_Array_Interface_Module/parts/SOLAR_ROOT_R_IF.SLDPRT,阶段标记A, 
07_Solar_Array_Interface_Module/parts/SOLAR_ROOT_R_IF.SLDPRT,阶段标记B, 
07_Solar_Array_Interface_Module/parts/SOLAR_ROOT_R_IF.SLDPRT,替代, 
07_Solar_Array_Interface_Module/parts/SOLAR_ROOT_R_IF.SLDPRT,图幅, 
07_Solar_Array_Interface_Module/parts/SOLAR_ROOT_R_IF.SLDPRT,版本, 
07_Solar_Array_Interface_Module/parts/SOLAR_ROOT_R_IF.SLDPRT,备注, 
07_Solar_Array_Interface_Module/parts/SOLAR_ROOT_R_IF.SLDPRT,名称,“图样名称”
07_Solar_Array_Interface_Module/parts/SOLAR_ROOT_R_IF.SLDPRT,代号,“图样代号”
07_Solar_Array_Interface_Module/parts/SOLAR_ROOT_R_IF.SLDPRT,共X张,1
07_Solar_Array_Interface_Module/parts/SOLAR_ROOT_R_IF.SLDPRT,第X张,1
07_Solar_Array_Interface_Module/parts/SOLAR_ROOT_R_IF.SLDPRT,OBJECT_ID,SOLAR_ROOT_R_IF
07_Solar_Array_Interface_Module/parts/SOLAR_ROOT_R_IF.SLDPRT,SYSTEM_OWNER,DEPLOYABLES_OWNER
07_Solar_Array_Interface_Module/parts/SOLAR_ROOT_R_IF.SLDPRT,PARENT_ID,SV2_Solar_Array_Interface
07_Solar_Array_Interface_Module/parts/SOLAR_ROOT_R_IF.SLDPRT,STRUCTURE_CLASS,VOLUME_OWNER_REFERENCE
07_Solar_Array_Interface_Module/parts/SOLAR_ROOT_R_IF.SLDPRT,REPRESENTATION_LAYER,OWNER_PLACEHOLDER_ZERO_SOLID
07_Solar_Array_Interface_Module/parts/SOLAR_ROOT_R_IF.SLDPRT,EVIDENCE_STATE,UNKNOWN_BLOCKED
07_Solar_Array_Interface_Module/parts/SOLAR_ROOT_R_IF.SLDPRT,SOURCE_REFERENCE,flexible_appendage_v1.yaml via b3_build_spec.yaml solar_interface
07_Solar_Array_Interface_Module/parts/SOLAR_ROOT_R_IF.SLDPRT,FRAME_ID,F_R
07_Solar_Array_Interface_Module/parts/SOLAR_ROOT_R_IF.SLDPRT,INTERFACE_IDS,IF-SA-R
07_Solar_Array_Interface_Module/parts/SOLAR_ROOT_R_IF.SLDPRT,MASS_OWNER,servicer_split_owner_NOT_from_CAD
07_Solar_Array_Interface_Module/parts/SOLAR_ROOT_R_IF.SLDPRT,NO_DYNAMICS_USE,true
07_Solar_Array_Interface_Module/parts/SOLAR_ROOT_R_IF.SLDPRT,MANUFACTURING_AUTHORITY,NONE
07_Solar_Array_Interface_Module/parts/SOLAR_ROOT_R_IF.SLDPRT,EXECUTION_AUTHORITY,DISPLAY_ONLY
07_Solar_Array_Interface_Module/parts/SOLAR_ROOT_R_IF.SLDPRT,CLAIM_LIMIT,hinge_release_latch_drive_UNKNOWN;zero_solid_owner;geometry_NULL_unsourced
07_Solar_Array_Interface_Module/parts/SOLAR_ROOT_R_IF.SLDPRT,BLOCKED_CONSUMERS,FEA;dynamics;mass_properties;deployment_claims
07_Solar_Array_Interface_Module/parts/SOLAR_WING_L_DEPLOYED_REF.SLDPRT,Description,
07_Solar_Array_Interface_Module/parts/SOLAR_WING_L_DEPLOYED_REF.SLDPRT,Weight,"""SW-Mass@SOLAR_WING_L_DEPLOYED_REF.SLDPRT"""
07_Solar_Array_Interface_Module/parts/SOLAR_WING_L_DEPLOYED_REF.SLDPRT,Material,"""SW-Material@SOLAR_WING_L_DEPLOYED_REF.SLDPRT"""
07_Solar_Array_Interface_Module/parts/SOLAR_WING_L_DEPLOYED_REF.SLDPRT,质量,"""SW-Mass@SOLAR_WING_L_DEPLOYED_REF.SLDPRT"""
07_Solar_Array_Interface_Module/parts/SOLAR_WING_L_DEPLOYED_REF.SLDPRT,材料,"""SW-Material@SOLAR_WING_L_DEPLOYED_REF.SLDPRT"""
07_Solar_Array_Interface_Module/parts/SOLAR_WING_L_DEPLOYED_REF.SLDPRT,单重,"""SW-Mass@SOLAR_WING_L_DEPLOYED_REF.SLDPRT"""
07_Solar_Array_Interface_Module/parts/SOLAR_WING_L_DEPLOYED_REF.SLDPRT,零件号,  
07_Solar_Array_Interface_Module/parts/SOLAR_WING_L_DEPLOYED_REF.SLDPRT,设计,   
07_Solar_Array_Interface_Module/parts/SOLAR_WING_L_DEPLOYED_REF.SLDPRT,审核, 
07_Solar_Array_Interface_Module/parts/SOLAR_WING_L_DEPLOYED_REF.SLDPRT,标准审查, 
07_Solar_Array_Interface_Module/parts/SOLAR_WING_L_DEPLOYED_REF.SLDPRT,工艺审查, 
07_Solar_Array_Interface_Module/parts/SOLAR_WING_L_DEPLOYED_REF.SLDPRT,批准, 
07_Solar_Array_Interface_Module/parts/SOLAR_WING_L_DEPLOYED_REF.SLDPRT,日期,"2007,12,3"
07_Solar_Array_Interface_Module/parts/SOLAR_WING_L_DEPLOYED_REF.SLDPRT,校核, 
07_Solar_Array_Interface_Module/parts/SOLAR_WING_L_DEPLOYED_REF.SLDPRT,主管设计, 
07_Solar_Array_Interface_Module/parts/SOLAR_WING_L_DEPLOYED_REF.SLDPRT,校对, 
07_Solar_Array_Interface_Module/parts/SOLAR_WING_L_DEPLOYED_REF.SLDPRT,审定, 
07_Solar_Array_Interface_Module/parts/SOLAR_WING_L_DEPLOYED_REF.SLDPRT,阶段标记S, 
07_Solar_Array_Interface_Module/parts/SOLAR_WING_L_DEPLOYED_REF.SLDPRT,阶段标记A, 
07_Solar_Array_Interface_Module/parts/SOLAR_WING_L_DEPLOYED_REF.SLDPRT,阶段标记B, 
07_Solar_Array_Interface_Module/parts/SOLAR_WING_L_DEPLOYED_REF.SLDPRT,替代, 
07_Solar_Array_Interface_Module/parts/SOLAR_WING_L_DEPLOYED_REF.SLDPRT,图幅, 
07_Solar_Array_Interface_Module/parts/SOLAR_WING_L_DEPLOYED_REF.SLDPRT,版本, 
07_Solar_Array_Interface_Module/parts/SOLAR_WING_L_DEPLOYED_REF.SLDPRT,备注, 
07_Solar_Array_Interface_Module/parts/SOLAR_WING_L_DEPLOYED_REF.SLDPRT,名称,“图样名称”
07_Solar_Array_Interface_Module/parts/SOLAR_WING_L_DEPLOYED_REF.SLDPRT,代号,“图样代号”
07_Solar_Array_Interface_Module/parts/SOLAR_WING_L_DEPLOYED_REF.SLDPRT,共X张,1
07_Solar_Array_Interface_Module/parts/SOLAR_WING_L_DEPLOYED_REF.SLDPRT,第X张,1
07_Solar_Array_Interface_Module/parts/SOLAR_WING_L_DEPLOYED_REF.SLDPRT,OBJECT_ID,SOLAR_WING_L_DEPLOYED_REF
07_Solar_Array_Interface_Module/parts/SOLAR_WING_L_DEPLOYED_REF.SLDPRT,SYSTEM_OWNER,DEPLOYABLES_OWNER
07_Solar_Array_Interface_Module/parts/SOLAR_WING_L_DEPLOYED_REF.SLDPRT,PARENT_ID,SV2_Solar_Array_Interface
07_Solar_Array_Interface_Module/parts/SOLAR_WING_L_DEPLOYED_REF.SLDPRT,STRUCTURE_CLASS,DEPLOYABLE_REFERENCE
07_Solar_Array_Interface_Module/parts/SOLAR_WING_L_DEPLOYED_REF.SLDPRT,REPRESENTATION_LAYER,SYSTEM_MECHANICAL_DISPLAY
07_Solar_Array_Interface_Module/parts/SOLAR_WING_L_DEPLOYED_REF.SLDPRT,EVIDENCE_STATE,EVIDENCE_BOUND
07_Solar_Array_Interface_Module/parts/SOLAR_WING_L_DEPLOYED_REF.SLDPRT,SOURCE_REFERENCE,flexible_appendage_v1.yaml via b3_build_spec.yaml solar_interface
07_Solar_Array_Interface_Module/parts/SOLAR_WING_L_DEPLOYED_REF.SLDPRT,FRAME_ID,CS_S
07_Solar_Array_Interface_Module/parts/SOLAR_WING_L_DEPLOYED_REF.SLDPRT,INTERFACE_IDS,IF-SA-L
07_Solar_Array_Interface_Module/parts/SOLAR_WING_L_DEPLOYED_REF.SLDPRT,MASS_OWNER,servicer_split_owner_NOT_from_CAD
07_Solar_Array_Interface_Module/parts/SOLAR_WING_L_DEPLOYED_REF.SLDPRT,NO_DYNAMICS_USE,true
07_Solar_Array_Interface_Module/parts/SOLAR_WING_L_DEPLOYED_REF.SLDPRT,MANUFACTURING_AUTHORITY,NONE
07_Solar_Array_Interface_Module/parts/SOLAR_WING_L_DEPLOYED_REF.SLDPRT,EXECUTION_AUTHORITY,DISPLAY_ONLY
07_Solar_Array_Interface_Module/parts/SOLAR_WING_L_DEPLOYED_REF.SLDPRT,CLAIM_LIMIT,deployed_reference_display_only;span_chord_thickness_frozen_SSOT;no_deployment_or_latch_claim;flexible_params_placeholder
07_Solar_Array_Interface_Module/parts/SOLAR_WING_L_DEPLOYED_REF.SLDPRT,BLOCKED_CONSUMERS,FEA;dynamics;mass_properties;deployment_claims
07_Solar_Array_Interface_Module/parts/SOLAR_WING_R_DEPLOYED_REF.SLDPRT,Description,
07_Solar_Array_Interface_Module/parts/SOLAR_WING_R_DEPLOYED_REF.SLDPRT,Weight,"""SW-Mass@SOLAR_WING_R_DEPLOYED_REF.SLDPRT"""
07_Solar_Array_Interface_Module/parts/SOLAR_WING_R_DEPLOYED_REF.SLDPRT,Material,"""SW-Material@SOLAR_WING_R_DEPLOYED_REF.SLDPRT"""
07_Solar_Array_Interface_Module/parts/SOLAR_WING_R_DEPLOYED_REF.SLDPRT,质量,"""SW-Mass@SOLAR_WING_R_DEPLOYED_REF.SLDPRT"""
07_Solar_Array_Interface_Module/parts/SOLAR_WING_R_DEPLOYED_REF.SLDPRT,材料,"""SW-Material@SOLAR_WING_R_DEPLOYED_REF.SLDPRT"""
07_Solar_Array_Interface_Module/parts/SOLAR_WING_R_DEPLOYED_REF.SLDPRT,单重,"""SW-Mass@SOLAR_WING_R_DEPLOYED_REF.SLDPRT"""
07_Solar_Array_Interface_Module/parts/SOLAR_WING_R_DEPLOYED_REF.SLDPRT,零件号,  
07_Solar_Array_Interface_Module/parts/SOLAR_WING_R_DEPLOYED_REF.SLDPRT,设计,   
07_Solar_Array_Interface_Module/parts/SOLAR_WING_R_DEPLOYED_REF.SLDPRT,审核, 
07_Solar_Array_Interface_Module/parts/SOLAR_WING_R_DEPLOYED_REF.SLDPRT,标准审查, 
07_Solar_Array_Interface_Module/parts/SOLAR_WING_R_DEPLOYED_REF.SLDPRT,工艺审查, 
07_Solar_Array_Interface_Module/parts/SOLAR_WING_R_DEPLOYED_REF.SLDPRT,批准, 
07_Solar_Array_Interface_Module/parts/SOLAR_WING_R_DEPLOYED_REF.SLDPRT,日期,"2007,12,3"
07_Solar_Array_Interface_Module/parts/SOLAR_WING_R_DEPLOYED_REF.SLDPRT,校核, 
07_Solar_Array_Interface_Module/parts/SOLAR_WING_R_DEPLOYED_REF.SLDPRT,主管设计, 
07_Solar_Array_Interface_Module/parts/SOLAR_WING_R_DEPLOYED_REF.SLDPRT,校对, 
07_Solar_Array_Interface_Module/parts/SOLAR_WING_R_DEPLOYED_REF.SLDPRT,审定, 
07_Solar_Array_Interface_Module/parts/SOLAR_WING_R_DEPLOYED_REF.SLDPRT,阶段标记S, 
07_Solar_Array_Interface_Module/parts/SOLAR_WING_R_DEPLOYED_REF.SLDPRT,阶段标记A, 
07_Solar_Array_Interface_Module/parts/SOLAR_WING_R_DEPLOYED_REF.SLDPRT,阶段标记B, 
07_Solar_Array_Interface_Module/parts/SOLAR_WING_R_DEPLOYED_REF.SLDPRT,替代, 
07_Solar_Array_Interface_Module/parts/SOLAR_WING_R_DEPLOYED_REF.SLDPRT,图幅, 
07_Solar_Array_Interface_Module/parts/SOLAR_WING_R_DEPLOYED_REF.SLDPRT,版本, 
07_Solar_Array_Interface_Module/parts/SOLAR_WING_R_DEPLOYED_REF.SLDPRT,备注, 
07_Solar_Array_Interface_Module/parts/SOLAR_WING_R_DEPLOYED_REF.SLDPRT,名称,“图样名称”
07_Solar_Array_Interface_Module/parts/SOLAR_WING_R_DEPLOYED_REF.SLDPRT,代号,“图样代号”
07_Solar_Array_Interface_Module/parts/SOLAR_WING_R_DEPLOYED_REF.SLDPRT,共X张,1
07_Solar_Array_Interface_Module/parts/SOLAR_WING_R_DEPLOYED_REF.SLDPRT,第X张,1
07_Solar_Array_Interface_Module/parts/SOLAR_WING_R_DEPLOYED_REF.SLDPRT,OBJECT_ID,SOLAR_WING_R_DEPLOYED_REF
07_Solar_Array_Interface_Module/parts/SOLAR_WING_R_DEPLOYED_REF.SLDPRT,SYSTEM_OWNER,DEPLOYABLES_OWNER
07_Solar_Array_Interface_Module/parts/SOLAR_WING_R_DEPLOYED_REF.SLDPRT,PARENT_ID,SV2_Solar_Array_Interface
07_Solar_Array_Interface_Module/parts/SOLAR_WING_R_DEPLOYED_REF.SLDPRT,STRUCTURE_CLASS,DEPLOYABLE_REFERENCE
07_Solar_Array_Interface_Module/parts/SOLAR_WING_R_DEPLOYED_REF.SLDPRT,REPRESENTATION_LAYER,SYSTEM_MECHANICAL_DISPLAY
07_Solar_Array_Interface_Module/parts/SOLAR_WING_R_DEPLOYED_REF.SLDPRT,EVIDENCE_STATE,EVIDENCE_BOUND
07_Solar_Array_Interface_Module/parts/SOLAR_WING_R_DEPLOYED_REF.SLDPRT,SOURCE_REFERENCE,flexible_appendage_v1.yaml via b3_build_spec.yaml solar_interface
07_Solar_Array_Interface_Module/parts/SOLAR_WING_R_DEPLOYED_REF.SLDPRT,FRAME_ID,CS_S
07_Solar_Array_Interface_Module/parts/SOLAR_WING_R_DEPLOYED_REF.SLDPRT,INTERFACE_IDS,IF-SA-R
07_Solar_Array_Interface_Module/parts/SOLAR_WING_R_DEPLOYED_REF.SLDPRT,MASS_OWNER,servicer_split_owner_NOT_from_CAD
07_Solar_Array_Interface_Module/parts/SOLAR_WING_R_DEPLOYED_REF.SLDPRT,NO_DYNAMICS_USE,true
07_Solar_Array_Interface_Module/parts/SOLAR_WING_R_DEPLOYED_REF.SLDPRT,MANUFACTURING_AUTHORITY,NONE
07_Solar_Array_Interface_Module/parts/SOLAR_WING_R_DEPLOYED_REF.SLDPRT,EXECUTION_AUTHORITY,DISPLAY_ONLY
07_Solar_Array_Interface_Module/parts/SOLAR_WING_R_DEPLOYED_REF.SLDPRT,CLAIM_LIMIT,deployed_reference_display_only;span_chord_thickness_frozen_SSOT;no_deployment_or_latch_claim;flexible_params_placeholder
07_Solar_Array_Interface_Module/parts/SOLAR_WING_R_DEPLOYED_REF.SLDPRT,BLOCKED_CONSUMERS,FEA;dynamics;mass_properties;deployment_claims
09_Service_Access_and_Harness_References/SV2_SERVICE_ACCESS_REFERENCES.SLDPRT,Description,
09_Service_Access_and_Harness_References/SV2_SERVICE_ACCESS_REFERENCES.SLDPRT,Weight,"""SW-Mass@SV2_SERVICE_ACCESS_REFERENCES.SLDPRT"""
09_Service_Access_and_Harness_References/SV2_SERVICE_ACCESS_REFERENCES.SLDPRT,Material,"""SW-Material@SV2_SERVICE_ACCESS_REFERENCES.SLDPRT"""
09_Service_Access_and_Harness_References/SV2_SERVICE_ACCESS_REFERENCES.SLDPRT,质量,"""SW-Mass@SV2_SERVICE_ACCESS_REFERENCES.SLDPRT"""
09_Service_Access_and_Harness_References/SV2_SERVICE_ACCESS_REFERENCES.SLDPRT,材料,"""SW-Material@SV2_SERVICE_ACCESS_REFERENCES.SLDPRT"""
09_Service_Access_and_Harness_References/SV2_SERVICE_ACCESS_REFERENCES.SLDPRT,单重,"""SW-Mass@SV2_SERVICE_ACCESS_REFERENCES.SLDPRT"""
09_Service_Access_and_Harness_References/SV2_SERVICE_ACCESS_REFERENCES.SLDPRT,零件号,  
09_Service_Access_and_Harness_References/SV2_SERVICE_ACCESS_REFERENCES.SLDPRT,设计,   
09_Service_Access_and_Harness_References/SV2_SERVICE_ACCESS_REFERENCES.SLDPRT,审核, 
09_Service_Access_and_Harness_References/SV2_SERVICE_ACCESS_REFERENCES.SLDPRT,标准审查, 
09_Service_Access_and_Harness_References/SV2_SERVICE_ACCESS_REFERENCES.SLDPRT,工艺审查, 
09_Service_Access_and_Harness_References/SV2_SERVICE_ACCESS_REFERENCES.SLDPRT,批准, 
09_Service_Access_and_Harness_References/SV2_SERVICE_ACCESS_REFERENCES.SLDPRT,日期,"2007,12,3"
09_Service_Access_and_Harness_References/SV2_SERVICE_ACCESS_REFERENCES.SLDPRT,校核, 
09_Service_Access_and_Harness_References/SV2_SERVICE_ACCESS_REFERENCES.SLDPRT,主管设计, 
09_Service_Access_and_Harness_References/SV2_SERVICE_ACCESS_REFERENCES.SLDPRT,校对, 
09_Service_Access_and_Harness_References/SV2_SERVICE_ACCESS_REFERENCES.SLDPRT,审定, 
09_Service_Access_and_Harness_References/SV2_SERVICE_ACCESS_REFERENCES.SLDPRT,阶段标记S, 
09_Service_Access_and_Harness_References/SV2_SERVICE_ACCESS_REFERENCES.SLDPRT,阶段标记A, 
09_Service_Access_and_Harness_References/SV2_SERVICE_ACCESS_REFERENCES.SLDPRT,阶段标记B, 
09_Service_Access_and_Harness_References/SV2_SERVICE_ACCESS_REFERENCES.SLDPRT,替代, 
09_Service_Access_and_Harness_References/SV2_SERVICE_ACCESS_REFERENCES.SLDPRT,图幅, 
09_Service_Access_and_Harness_References/SV2_SERVICE_ACCESS_REFERENCES.SLDPRT,版本, 
09_Service_Access_and_Harness_References/SV2_SERVICE_ACCESS_REFERENCES.SLDPRT,备注, 
09_Service_Access_and_Harness_References/SV2_SERVICE_ACCESS_REFERENCES.SLDPRT,名称,“图样名称”
09_Service_Access_and_Harness_References/SV2_SERVICE_ACCESS_REFERENCES.SLDPRT,代号,“图样代号”
09_Service_Access_and_Harness_References/SV2_SERVICE_ACCESS_REFERENCES.SLDPRT,共X张,1
09_Service_Access_and_Harness_References/SV2_SERVICE_ACCESS_REFERENCES.SLDPRT,第X张,1
09_Service_Access_and_Harness_References/SV2_SERVICE_ACCESS_REFERENCES.SLDPRT,OBJECT_ID,V2-SVC-000
09_Service_Access_and_Harness_References/SV2_SERVICE_ACCESS_REFERENCES.SLDPRT,SYSTEM_OWNER,integration_and_maintenance
09_Service_Access_and_Harness_References/SV2_SERVICE_ACCESS_REFERENCES.SLDPRT,PARENT_ID,Spacecraft_Service_Vehicle_V2_0
09_Service_Access_and_Harness_References/SV2_SERVICE_ACCESS_REFERENCES.SLDPRT,STRUCTURE_CLASS,REFERENCE_ONLY
09_Service_Access_and_Harness_References/SV2_SERVICE_ACCESS_REFERENCES.SLDPRT,REPRESENTATION_LAYER,SERVICEABILITY_REFERENCE
09_Service_Access_and_Harness_References/SV2_SERVICE_ACCESS_REFERENCES.SLDPRT,EVIDENCE_STATE,DESIGN_PROPOSAL
09_Service_Access_and_Harness_References/SV2_SERVICE_ACCESS_REFERENCES.SLDPRT,SOURCE_REFERENCE,V2_serviceability_and_keepout_plan.md via b3_build_spec.yaml
09_Service_Access_and_Harness_References/SV2_SERVICE_ACCESS_REFERENCES.SLDPRT,FRAME_ID,CS_S
09_Service_Access_and_Harness_References/SV2_SERVICE_ACCESS_REFERENCES.SLDPRT,INTERFACE_IDS,
09_Service_Access_and_Harness_References/SV2_SERVICE_ACCESS_REFERENCES.SLDPRT,MASS_OWNER,NONE_REFERENCE_ONLY
09_Service_Access_and_Harness_References/SV2_SERVICE_ACCESS_REFERENCES.SLDPRT,NO_DYNAMICS_USE,true
09_Service_Access_and_Harness_References/SV2_SERVICE_ACCESS_REFERENCES.SLDPRT,MANUFACTURING_AUTHORITY,NONE
09_Service_Access_and_Harness_References/SV2_SERVICE_ACCESS_REFERENCES.SLDPRT,EXECUTION_AUTHORITY,DISPLAY_ONLY
09_Service_Access_and_Harness_References/SV2_SERVICE_ACCESS_REFERENCES.SLDPRT,CLAIM_LIMIT,review_responsibility_only_not_real_accessibility;no_tool_size_no_fastening_no_reachability;tray_extraction_direction_TBD;harness_cross_section_null;keepout_rail_tab_optical_plume_antenna_thermal_UNKNOWN_BLOCKED
09_Service_Access_and_Harness_References/SV2_SERVICE_ACCESS_REFERENCES.SLDPRT,TRAY_EXTRACTION,TBD_NO_SOURCE
09_Service_Access_and_Harness_References/SV2_SERVICE_ACCESS_REFERENCES.SLDPRT,BLOCKED_CONSUMERS,FEA;dynamics;mass_properties;BOM;manufacturing
01_Primary_Structure/SV2_Primary_Structure.SLDASM,Description,
01_Primary_Structure/SV2_Primary_Structure.SLDASM,Weight,"""SW-Mass@SV2_Primary_Structure.SLDASM"""
01_Primary_Structure/SV2_Primary_Structure.SLDASM,质量,"""SW-Mass@SV2_Primary_Structure.SLDASM"""
01_Primary_Structure/SV2_Primary_Structure.SLDASM,审定, 
01_Primary_Structure/SV2_Primary_Structure.SLDASM,设计,   
01_Primary_Structure/SV2_Primary_Structure.SLDASM,零件号, 
01_Primary_Structure/SV2_Primary_Structure.SLDASM,版本,   
01_Primary_Structure/SV2_Primary_Structure.SLDASM,图幅, 
01_Primary_Structure/SV2_Primary_Structure.SLDASM,备注,   
01_Primary_Structure/SV2_Primary_Structure.SLDASM,替代, 
01_Primary_Structure/SV2_Primary_Structure.SLDASM,代号,“图样代号”
01_Primary_Structure/SV2_Primary_Structure.SLDASM,名称,“图样名称”
01_Primary_Structure/SV2_Primary_Structure.SLDASM,共X张,1
01_Primary_Structure/SV2_Primary_Structure.SLDASM,第X张,1
01_Primary_Structure/SV2_Primary_Structure.SLDASM,阶段标记S, 
01_Primary_Structure/SV2_Primary_Structure.SLDASM,阶段标记A, 
01_Primary_Structure/SV2_Primary_Structure.SLDASM,阶段标记B, 
01_Primary_Structure/SV2_Primary_Structure.SLDASM,标准审查, 
01_Primary_Structure/SV2_Primary_Structure.SLDASM,工艺审查, 
01_Primary_Structure/SV2_Primary_Structure.SLDASM,批准, 
01_Primary_Structure/SV2_Primary_Structure.SLDASM,日期,"2007,12,3"
01_Primary_Structure/SV2_Primary_Structure.SLDASM,校核, 
01_Primary_Structure/SV2_Primary_Structure.SLDASM,主管设计, 
01_Primary_Structure/SV2_Primary_Structure.SLDASM,审核, 
01_Primary_Structure/SV2_Primary_Structure.SLDASM,校对, 
01_Primary_Structure/SV2_Primary_Structure.SLDASM,OBJECT_ID,V2-STR-000
01_Primary_Structure/SV2_Primary_Structure.SLDASM,SYSTEM_OWNER,primary_structure
01_Primary_Structure/SV2_Primary_Structure.SLDASM,PARENT_ID,SV2_Primary_Structure
01_Primary_Structure/SV2_Primary_Structure.SLDASM,STRUCTURE_CLASS,PRIMARY_PROPOSAL
01_Primary_Structure/SV2_Primary_Structure.SLDASM,REPRESENTATION_LAYER,SYSTEM_MECHANICAL_DISPLAY
01_Primary_Structure/SV2_Primary_Structure.SLDASM,EVIDENCE_STATE,DESIGN_PROPOSAL
01_Primary_Structure/SV2_Primary_Structure.SLDASM,SOURCE_REFERENCE,b3_build_spec.yaml structure_display_proposal
01_Primary_Structure/SV2_Primary_Structure.SLDASM,FRAME_ID,CS_S
01_Primary_Structure/SV2_Primary_Structure.SLDASM,INTERFACE_IDS,
01_Primary_Structure/SV2_Primary_Structure.SLDASM,MASS_OWNER,NONE_DISPLAY_ONLY
01_Primary_Structure/SV2_Primary_Structure.SLDASM,NO_DYNAMICS_USE,true
01_Primary_Structure/SV2_Primary_Structure.SLDASM,MANUFACTURING_AUTHORITY,NONE
01_Primary_Structure/SV2_Primary_Structure.SLDASM,EXECUTION_AUTHORITY,DISPLAY_ONLY
01_Primary_Structure/SV2_Primary_Structure.SLDASM,CLAIM_LIMIT,display_topology_only;section_material_joints_UNKNOWN_BLOCKED;NO_STRENGTH_CLAIM
01_Primary_Structure/SV2_Primary_Structure.SLDASM,BLOCKED_CONSUMERS,FEA;dynamics;mass_properties;manufacturing;strength_claims
02_Front_Mission_Module/SV2_Front_Mission_Module.SLDASM,Description,
02_Front_Mission_Module/SV2_Front_Mission_Module.SLDASM,Weight,"""SW-Mass@SV2_Front_Mission_Module.SLDASM"""
02_Front_Mission_Module/SV2_Front_Mission_Module.SLDASM,质量,"""SW-Mass@SV2_Front_Mission_Module.SLDASM"""
02_Front_Mission_Module/SV2_Front_Mission_Module.SLDASM,审定, 
02_Front_Mission_Module/SV2_Front_Mission_Module.SLDASM,设计,   
02_Front_Mission_Module/SV2_Front_Mission_Module.SLDASM,零件号, 
02_Front_Mission_Module/SV2_Front_Mission_Module.SLDASM,版本,   
02_Front_Mission_Module/SV2_Front_Mission_Module.SLDASM,图幅, 
02_Front_Mission_Module/SV2_Front_Mission_Module.SLDASM,备注,   
02_Front_Mission_Module/SV2_Front_Mission_Module.SLDASM,替代, 
02_Front_Mission_Module/SV2_Front_Mission_Module.SLDASM,代号,“图样代号”
02_Front_Mission_Module/SV2_Front_Mission_Module.SLDASM,名称,“图样名称”
02_Front_Mission_Module/SV2_Front_Mission_Module.SLDASM,共X张,1
02_Front_Mission_Module/SV2_Front_Mission_Module.SLDASM,第X张,1
02_Front_Mission_Module/SV2_Front_Mission_Module.SLDASM,阶段标记S, 
02_Front_Mission_Module/SV2_Front_Mission_Module.SLDASM,阶段标记A, 
02_Front_Mission_Module/SV2_Front_Mission_Module.SLDASM,阶段标记B, 
02_Front_Mission_Module/SV2_Front_Mission_Module.SLDASM,标准审查, 
02_Front_Mission_Module/SV2_Front_Mission_Module.SLDASM,工艺审查, 
02_Front_Mission_Module/SV2_Front_Mission_Module.SLDASM,批准, 
02_Front_Mission_Module/SV2_Front_Mission_Module.SLDASM,日期,"2007,12,3"
02_Front_Mission_Module/SV2_Front_Mission_Module.SLDASM,校核, 
02_Front_Mission_Module/SV2_Front_Mission_Module.SLDASM,主管设计, 
02_Front_Mission_Module/SV2_Front_Mission_Module.SLDASM,审核, 
02_Front_Mission_Module/SV2_Front_Mission_Module.SLDASM,校对, 
02_Front_Mission_Module/SV2_Front_Mission_Module.SLDASM,OBJECT_ID,SV2_Front_Mission_Module
02_Front_Mission_Module/SV2_Front_Mission_Module.SLDASM,SYSTEM_OWNER,front_mission_bay
02_Front_Mission_Module/SV2_Front_Mission_Module.SLDASM,PARENT_ID,Spacecraft_Service_Vehicle_V2_0
02_Front_Mission_Module/SV2_Front_Mission_Module.SLDASM,STRUCTURE_CLASS,BAY_MODULE
02_Front_Mission_Module/SV2_Front_Mission_Module.SLDASM,REPRESENTATION_LAYER,SYSTEM_MECHANICAL_DISPLAY
02_Front_Mission_Module/SV2_Front_Mission_Module.SLDASM,EVIDENCE_STATE,DESIGN_PROPOSAL
02_Front_Mission_Module/SV2_Front_Mission_Module.SLDASM,SOURCE_REFERENCE,b3_build_spec.yaml bay_volume_owners
02_Front_Mission_Module/SV2_Front_Mission_Module.SLDASM,FRAME_ID,CS_S
02_Front_Mission_Module/SV2_Front_Mission_Module.SLDASM,INTERFACE_IDS,
02_Front_Mission_Module/SV2_Front_Mission_Module.SLDASM,MASS_OWNER,NONE_DISPLAY_ONLY
02_Front_Mission_Module/SV2_Front_Mission_Module.SLDASM,NO_DYNAMICS_USE,true
02_Front_Mission_Module/SV2_Front_Mission_Module.SLDASM,MANUFACTURING_AUTHORITY,NONE
02_Front_Mission_Module/SV2_Front_Mission_Module.SLDASM,EXECUTION_AUTHORITY,DISPLAY_ONLY
02_Front_Mission_Module/SV2_Front_Mission_Module.SLDASM,CLAIM_LIMIT,bay_owner_container_display_only
02_Front_Mission_Module/SV2_Front_Mission_Module.SLDASM,BLOCKED_CONSUMERS,FEA;dynamics;mass_properties;manufacturing
03_Avionics_EPS_ADCS_Bay/SV2_Avionics_EPS_ADCS_Bay.SLDASM,Description,
03_Avionics_EPS_ADCS_Bay/SV2_Avionics_EPS_ADCS_Bay.SLDASM,Weight,"""SW-Mass@SV2_Avionics_EPS_ADCS_Bay.SLDASM"""
03_Avionics_EPS_ADCS_Bay/SV2_Avionics_EPS_ADCS_Bay.SLDASM,质量,"""SW-Mass@SV2_Avionics_EPS_ADCS_Bay.SLDASM"""
03_Avionics_EPS_ADCS_Bay/SV2_Avionics_EPS_ADCS_Bay.SLDASM,审定, 
03_Avionics_EPS_ADCS_Bay/SV2_Avionics_EPS_ADCS_Bay.SLDASM,设计,   
03_Avionics_EPS_ADCS_Bay/SV2_Avionics_EPS_ADCS_Bay.SLDASM,零件号, 
03_Avionics_EPS_ADCS_Bay/SV2_Avionics_EPS_ADCS_Bay.SLDASM,版本,   
03_Avionics_EPS_ADCS_Bay/SV2_Avionics_EPS_ADCS_Bay.SLDASM,图幅, 
03_Avionics_EPS_ADCS_Bay/SV2_Avionics_EPS_ADCS_Bay.SLDASM,备注,   
03_Avionics_EPS_ADCS_Bay/SV2_Avionics_EPS_ADCS_Bay.SLDASM,替代, 
03_Avionics_EPS_ADCS_Bay/SV2_Avionics_EPS_ADCS_Bay.SLDASM,代号,“图样代号”
03_Avionics_EPS_ADCS_Bay/SV2_Avionics_EPS_ADCS_Bay.SLDASM,名称,“图样名称”
03_Avionics_EPS_ADCS_Bay/SV2_Avionics_EPS_ADCS_Bay.SLDASM,共X张,1
03_Avionics_EPS_ADCS_Bay/SV2_Avionics_EPS_ADCS_Bay.SLDASM,第X张,1
03_Avionics_EPS_ADCS_Bay/SV2_Avionics_EPS_ADCS_Bay.SLDASM,阶段标记S, 
03_Avionics_EPS_ADCS_Bay/SV2_Avionics_EPS_ADCS_Bay.SLDASM,阶段标记A, 
03_Avionics_EPS_ADCS_Bay/SV2_Avionics_EPS_ADCS_Bay.SLDASM,阶段标记B, 
03_Avionics_EPS_ADCS_Bay/SV2_Avionics_EPS_ADCS_Bay.SLDASM,标准审查, 
03_Avionics_EPS_ADCS_Bay/SV2_Avionics_EPS_ADCS_Bay.SLDASM,工艺审查, 
03_Avionics_EPS_ADCS_Bay/SV2_Avionics_EPS_ADCS_Bay.SLDASM,批准, 
03_Avionics_EPS_ADCS_Bay/SV2_Avionics_EPS_ADCS_Bay.SLDASM,日期,"2007,12,3"
03_Avionics_EPS_ADCS_Bay/SV2_Avionics_EPS_ADCS_Bay.SLDASM,校核, 
03_Avionics_EPS_ADCS_Bay/SV2_Avionics_EPS_ADCS_Bay.SLDASM,主管设计, 
03_Avionics_EPS_ADCS_Bay/SV2_Avionics_EPS_ADCS_Bay.SLDASM,审核, 
03_Avionics_EPS_ADCS_Bay/SV2_Avionics_EPS_ADCS_Bay.SLDASM,校对, 
03_Avionics_EPS_ADCS_Bay/SV2_Avionics_EPS_ADCS_Bay.SLDASM,OBJECT_ID,SV2_Avionics_EPS_ADCS_Bay
03_Avionics_EPS_ADCS_Bay/SV2_Avionics_EPS_ADCS_Bay.SLDASM,SYSTEM_OWNER,avionics_bay
03_Avionics_EPS_ADCS_Bay/SV2_Avionics_EPS_ADCS_Bay.SLDASM,PARENT_ID,Spacecraft_Service_Vehicle_V2_0
03_Avionics_EPS_ADCS_Bay/SV2_Avionics_EPS_ADCS_Bay.SLDASM,STRUCTURE_CLASS,BAY_MODULE
03_Avionics_EPS_ADCS_Bay/SV2_Avionics_EPS_ADCS_Bay.SLDASM,REPRESENTATION_LAYER,SYSTEM_MECHANICAL_DISPLAY
03_Avionics_EPS_ADCS_Bay/SV2_Avionics_EPS_ADCS_Bay.SLDASM,EVIDENCE_STATE,DESIGN_PROPOSAL
03_Avionics_EPS_ADCS_Bay/SV2_Avionics_EPS_ADCS_Bay.SLDASM,SOURCE_REFERENCE,b3_build_spec.yaml bay_volume_owners
03_Avionics_EPS_ADCS_Bay/SV2_Avionics_EPS_ADCS_Bay.SLDASM,FRAME_ID,CS_S
03_Avionics_EPS_ADCS_Bay/SV2_Avionics_EPS_ADCS_Bay.SLDASM,INTERFACE_IDS,
03_Avionics_EPS_ADCS_Bay/SV2_Avionics_EPS_ADCS_Bay.SLDASM,MASS_OWNER,NONE_DISPLAY_ONLY
03_Avionics_EPS_ADCS_Bay/SV2_Avionics_EPS_ADCS_Bay.SLDASM,NO_DYNAMICS_USE,true
03_Avionics_EPS_ADCS_Bay/SV2_Avionics_EPS_ADCS_Bay.SLDASM,MANUFACTURING_AUTHORITY,NONE
03_Avionics_EPS_ADCS_Bay/SV2_Avionics_EPS_ADCS_Bay.SLDASM,EXECUTION_AUTHORITY,DISPLAY_ONLY
03_Avionics_EPS_ADCS_Bay/SV2_Avionics_EPS_ADCS_Bay.SLDASM,CLAIM_LIMIT,bay_owner_container_display_only
03_Avionics_EPS_ADCS_Bay/SV2_Avionics_EPS_ADCS_Bay.SLDASM,BLOCKED_CONSUMERS,FEA;dynamics;mass_properties;manufacturing
04_Rear_Service_Module/SV2_Rear_Service_Module.SLDASM,Description,
04_Rear_Service_Module/SV2_Rear_Service_Module.SLDASM,Weight,"""SW-Mass@SV2_Rear_Service_Module.SLDASM"""
04_Rear_Service_Module/SV2_Rear_Service_Module.SLDASM,质量,"""SW-Mass@SV2_Rear_Service_Module.SLDASM"""
04_Rear_Service_Module/SV2_Rear_Service_Module.SLDASM,审定, 
04_Rear_Service_Module/SV2_Rear_Service_Module.SLDASM,设计,   
04_Rear_Service_Module/SV2_Rear_Service_Module.SLDASM,零件号, 
04_Rear_Service_Module/SV2_Rear_Service_Module.SLDASM,版本,   
04_Rear_Service_Module/SV2_Rear_Service_Module.SLDASM,图幅, 
04_Rear_Service_Module/SV2_Rear_Service_Module.SLDASM,备注,   
04_Rear_Service_Module/SV2_Rear_Service_Module.SLDASM,替代, 
04_Rear_Service_Module/SV2_Rear_Service_Module.SLDASM,代号,“图样代号”
04_Rear_Service_Module/SV2_Rear_Service_Module.SLDASM,名称,“图样名称”
04_Rear_Service_Module/SV2_Rear_Service_Module.SLDASM,共X张,1
04_Rear_Service_Module/SV2_Rear_Service_Module.SLDASM,第X张,1
04_Rear_Service_Module/SV2_Rear_Service_Module.SLDASM,阶段标记S, 
04_Rear_Service_Module/SV2_Rear_Service_Module.SLDASM,阶段标记A, 
04_Rear_Service_Module/SV2_Rear_Service_Module.SLDASM,阶段标记B, 
04_Rear_Service_Module/SV2_Rear_Service_Module.SLDASM,标准审查, 
04_Rear_Service_Module/SV2_Rear_Service_Module.SLDASM,工艺审查, 
04_Rear_Service_Module/SV2_Rear_Service_Module.SLDASM,批准, 
04_Rear_Service_Module/SV2_Rear_Service_Module.SLDASM,日期,"2007,12,3"
04_Rear_Service_Module/SV2_Rear_Service_Module.SLDASM,校核, 
04_Rear_Service_Module/SV2_Rear_Service_Module.SLDASM,主管设计, 
04_Rear_Service_Module/SV2_Rear_Service_Module.SLDASM,审核, 
04_Rear_Service_Module/SV2_Rear_Service_Module.SLDASM,校对, 
04_Rear_Service_Module/SV2_Rear_Service_Module.SLDASM,OBJECT_ID,SV2_Rear_Service_Module
04_Rear_Service_Module/SV2_Rear_Service_Module.SLDASM,SYSTEM_OWNER,rear_service_bay
04_Rear_Service_Module/SV2_Rear_Service_Module.SLDASM,PARENT_ID,Spacecraft_Service_Vehicle_V2_0
04_Rear_Service_Module/SV2_Rear_Service_Module.SLDASM,STRUCTURE_CLASS,BAY_MODULE
04_Rear_Service_Module/SV2_Rear_Service_Module.SLDASM,REPRESENTATION_LAYER,SYSTEM_MECHANICAL_DISPLAY
04_Rear_Service_Module/SV2_Rear_Service_Module.SLDASM,EVIDENCE_STATE,DESIGN_PROPOSAL
04_Rear_Service_Module/SV2_Rear_Service_Module.SLDASM,SOURCE_REFERENCE,b3_build_spec.yaml bay_volume_owners
04_Rear_Service_Module/SV2_Rear_Service_Module.SLDASM,FRAME_ID,CS_S
04_Rear_Service_Module/SV2_Rear_Service_Module.SLDASM,INTERFACE_IDS,
04_Rear_Service_Module/SV2_Rear_Service_Module.SLDASM,MASS_OWNER,NONE_DISPLAY_ONLY
04_Rear_Service_Module/SV2_Rear_Service_Module.SLDASM,NO_DYNAMICS_USE,true
04_Rear_Service_Module/SV2_Rear_Service_Module.SLDASM,MANUFACTURING_AUTHORITY,NONE
04_Rear_Service_Module/SV2_Rear_Service_Module.SLDASM,EXECUTION_AUTHORITY,DISPLAY_ONLY
04_Rear_Service_Module/SV2_Rear_Service_Module.SLDASM,CLAIM_LIMIT,bay_owner_container_display_only
04_Rear_Service_Module/SV2_Rear_Service_Module.SLDASM,BLOCKED_CONSUMERS,FEA;dynamics;mass_properties;manufacturing
05_Robot_Mount_Module/SV2_Robot_Mount_Module.SLDASM,Description,
05_Robot_Mount_Module/SV2_Robot_Mount_Module.SLDASM,Weight,"""SW-Mass@SV2_Robot_Mount_Module.SLDASM"""
05_Robot_Mount_Module/SV2_Robot_Mount_Module.SLDASM,质量,"""SW-Mass@SV2_Robot_Mount_Module.SLDASM"""
05_Robot_Mount_Module/SV2_Robot_Mount_Module.SLDASM,审定, 
05_Robot_Mount_Module/SV2_Robot_Mount_Module.SLDASM,设计,   
05_Robot_Mount_Module/SV2_Robot_Mount_Module.SLDASM,零件号, 
05_Robot_Mount_Module/SV2_Robot_Mount_Module.SLDASM,版本,   
05_Robot_Mount_Module/SV2_Robot_Mount_Module.SLDASM,图幅, 
05_Robot_Mount_Module/SV2_Robot_Mount_Module.SLDASM,备注,   
05_Robot_Mount_Module/SV2_Robot_Mount_Module.SLDASM,替代, 
05_Robot_Mount_Module/SV2_Robot_Mount_Module.SLDASM,代号,“图样代号”
05_Robot_Mount_Module/SV2_Robot_Mount_Module.SLDASM,名称,“图样名称”
05_Robot_Mount_Module/SV2_Robot_Mount_Module.SLDASM,共X张,1
05_Robot_Mount_Module/SV2_Robot_Mount_Module.SLDASM,第X张,1
05_Robot_Mount_Module/SV2_Robot_Mount_Module.SLDASM,阶段标记S, 
05_Robot_Mount_Module/SV2_Robot_Mount_Module.SLDASM,阶段标记A, 
05_Robot_Mount_Module/SV2_Robot_Mount_Module.SLDASM,阶段标记B, 
05_Robot_Mount_Module/SV2_Robot_Mount_Module.SLDASM,标准审查, 
05_Robot_Mount_Module/SV2_Robot_Mount_Module.SLDASM,工艺审查, 
05_Robot_Mount_Module/SV2_Robot_Mount_Module.SLDASM,批准, 
05_Robot_Mount_Module/SV2_Robot_Mount_Module.SLDASM,日期,"2007,12,3"
05_Robot_Mount_Module/SV2_Robot_Mount_Module.SLDASM,校核, 
05_Robot_Mount_Module/SV2_Robot_Mount_Module.SLDASM,主管设计, 
05_Robot_Mount_Module/SV2_Robot_Mount_Module.SLDASM,审核, 
05_Robot_Mount_Module/SV2_Robot_Mount_Module.SLDASM,校对, 
05_Robot_Mount_Module/SV2_Robot_Mount_Module.SLDASM,OBJECT_ID,V2-MNT-000
05_Robot_Mount_Module/SV2_Robot_Mount_Module.SLDASM,SYSTEM_OWNER,robot_mount_module
05_Robot_Mount_Module/SV2_Robot_Mount_Module.SLDASM,PARENT_ID,SV2_Robot_Mount_Module
05_Robot_Mount_Module/SV2_Robot_Mount_Module.SLDASM,STRUCTURE_CLASS,SECONDARY_PROPOSAL
05_Robot_Mount_Module/SV2_Robot_Mount_Module.SLDASM,REPRESENTATION_LAYER,SYSTEM_MECHANICAL_DISPLAY
05_Robot_Mount_Module/SV2_Robot_Mount_Module.SLDASM,EVIDENCE_STATE,DESIGN_PROPOSAL
05_Robot_Mount_Module/SV2_Robot_Mount_Module.SLDASM,SOURCE_REFERENCE,b3_build_spec.yaml robot_mount_display_proposal; load_path:LPE_001..003
05_Robot_Mount_Module/SV2_Robot_Mount_Module.SLDASM,FRAME_ID,CS_M
05_Robot_Mount_Module/SV2_Robot_Mount_Module.SLDASM,INTERFACE_IDS,IF-RM-001;IF-RM-002
05_Robot_Mount_Module/SV2_Robot_Mount_Module.SLDASM,MASS_OWNER,NONE_DISPLAY_ONLY
05_Robot_Mount_Module/SV2_Robot_Mount_Module.SLDASM,NO_DYNAMICS_USE,true
05_Robot_Mount_Module/SV2_Robot_Mount_Module.SLDASM,MANUFACTURING_AUTHORITY,NONE
05_Robot_Mount_Module/SV2_Robot_Mount_Module.SLDASM,EXECUTION_AUTHORITY,DISPLAY_ONLY
05_Robot_Mount_Module/SV2_Robot_Mount_Module.SLDASM,CLAIM_LIMIT,envelope_display_only;bolts_locators_loads_stiffness_UNKNOWN_BLOCKED;NO_STRENGTH_CLAIM
05_Robot_Mount_Module/SV2_Robot_Mount_Module.SLDASM,NO_STRENGTH_CLAIM,true
05_Robot_Mount_Module/SV2_Robot_Mount_Module.SLDASM,BLOCKED_CONSUMERS,FEA;dynamics;mass_properties;manufacturing;strength_claims
06_B601_Visual_Arm/SV2_B601_Visual_Arm.SLDASM,Description,
06_B601_Visual_Arm/SV2_B601_Visual_Arm.SLDASM,Weight,"""SW-Mass@SV2_B601_Visual_Arm.SLDASM"""
06_B601_Visual_Arm/SV2_B601_Visual_Arm.SLDASM,质量,"""SW-Mass@SV2_B601_Visual_Arm.SLDASM"""
06_B601_Visual_Arm/SV2_B601_Visual_Arm.SLDASM,审定, 
06_B601_Visual_Arm/SV2_B601_Visual_Arm.SLDASM,设计,   
06_B601_Visual_Arm/SV2_B601_Visual_Arm.SLDASM,零件号, 
06_B601_Visual_Arm/SV2_B601_Visual_Arm.SLDASM,版本,   
06_B601_Visual_Arm/SV2_B601_Visual_Arm.SLDASM,图幅, 
06_B601_Visual_Arm/SV2_B601_Visual_Arm.SLDASM,备注,   
06_B601_Visual_Arm/SV2_B601_Visual_Arm.SLDASM,替代, 
06_B601_Visual_Arm/SV2_B601_Visual_Arm.SLDASM,代号,“图样代号”
06_B601_Visual_Arm/SV2_B601_Visual_Arm.SLDASM,名称,“图样名称”
06_B601_Visual_Arm/SV2_B601_Visual_Arm.SLDASM,共X张,1
06_B601_Visual_Arm/SV2_B601_Visual_Arm.SLDASM,第X张,1
06_B601_Visual_Arm/SV2_B601_Visual_Arm.SLDASM,阶段标记S, 
06_B601_Visual_Arm/SV2_B601_Visual_Arm.SLDASM,阶段标记A, 
06_B601_Visual_Arm/SV2_B601_Visual_Arm.SLDASM,阶段标记B, 
06_B601_Visual_Arm/SV2_B601_Visual_Arm.SLDASM,标准审查, 
06_B601_Visual_Arm/SV2_B601_Visual_Arm.SLDASM,工艺审查, 
06_B601_Visual_Arm/SV2_B601_Visual_Arm.SLDASM,批准, 
06_B601_Visual_Arm/SV2_B601_Visual_Arm.SLDASM,日期,"2007,12,3"
06_B601_Visual_Arm/SV2_B601_Visual_Arm.SLDASM,校核, 
06_B601_Visual_Arm/SV2_B601_Visual_Arm.SLDASM,主管设计, 
06_B601_Visual_Arm/SV2_B601_Visual_Arm.SLDASM,审核, 
06_B601_Visual_Arm/SV2_B601_Visual_Arm.SLDASM,校对, 
06_B601_Visual_Arm/SV2_B601_Visual_Arm.SLDASM,OBJECT_ID,V2-B601-000
06_B601_Visual_Arm/SV2_B601_Visual_Arm.SLDASM,SYSTEM_OWNER,b601_visual_arm
06_B601_Visual_Arm/SV2_B601_Visual_Arm.SLDASM,PARENT_ID,Spacecraft_Service_Vehicle_V2_0
06_B601_Visual_Arm/SV2_B601_Visual_Arm.SLDASM,STRUCTURE_CLASS,VISUAL_PROXY
06_B601_Visual_Arm/SV2_B601_Visual_Arm.SLDASM,REPRESENTATION_LAYER,AXIS_ALIGNED_BBOX_PROXY_Q0
06_B601_Visual_Arm/SV2_B601_Visual_Arm.SLDASM,EVIDENCE_STATE,EVIDENCE_BOUND
06_B601_Visual_Arm/SV2_B601_Visual_Arm.SLDASM,SOURCE_REFERENCE,"accepted arm_b601_v1 (10_links_9_joints, READ_ONLY)"
06_B601_Visual_Arm/SV2_B601_Visual_Arm.SLDASM,FRAME_ID,CS_A0
06_B601_Visual_Arm/SV2_B601_Visual_Arm.SLDASM,INTERFACE_IDS,IF-RM-002
06_B601_Visual_Arm/SV2_B601_Visual_Arm.SLDASM,MASS_OWNER,b601_urdf_owner_NOT_from_visual
06_B601_Visual_Arm/SV2_B601_Visual_Arm.SLDASM,NO_DYNAMICS_USE,true
06_B601_Visual_Arm/SV2_B601_Visual_Arm.SLDASM,MANUFACTURING_AUTHORITY,NONE
06_B601_Visual_Arm/SV2_B601_Visual_Arm.SLDASM,EXECUTION_AUTHORITY,DISPLAY_ONLY
06_B601_Visual_Arm/SV2_B601_Visual_Arm.SLDASM,CLAIM_LIMIT,topology_frozen_10L9J;bbox_proxy_only;q_zero
06_B601_Visual_Arm/SV2_B601_Visual_Arm.SLDASM,BLOCKED_CONSUMERS,FEA;dynamics;mass_properties;URDF_roundtrip
07_Solar_Array_Interface_Module/SV2_Solar_Array_Interface.SLDASM,Description,
07_Solar_Array_Interface_Module/SV2_Solar_Array_Interface.SLDASM,Weight,"""SW-Mass@SV2_Solar_Array_Interface.SLDASM"""
07_Solar_Array_Interface_Module/SV2_Solar_Array_Interface.SLDASM,质量,"""SW-Mass@SV2_Solar_Array_Interface.SLDASM"""
07_Solar_Array_Interface_Module/SV2_Solar_Array_Interface.SLDASM,审定, 
07_Solar_Array_Interface_Module/SV2_Solar_Array_Interface.SLDASM,设计,   
07_Solar_Array_Interface_Module/SV2_Solar_Array_Interface.SLDASM,零件号, 
07_Solar_Array_Interface_Module/SV2_Solar_Array_Interface.SLDASM,版本,   
07_Solar_Array_Interface_Module/SV2_Solar_Array_Interface.SLDASM,图幅, 
07_Solar_Array_Interface_Module/SV2_Solar_Array_Interface.SLDASM,备注,   
07_Solar_Array_Interface_Module/SV2_Solar_Array_Interface.SLDASM,替代, 
07_Solar_Array_Interface_Module/SV2_Solar_Array_Interface.SLDASM,代号,“图样代号”
07_Solar_Array_Interface_Module/SV2_Solar_Array_Interface.SLDASM,名称,“图样名称”
07_Solar_Array_Interface_Module/SV2_Solar_Array_Interface.SLDASM,共X张,1
07_Solar_Array_Interface_Module/SV2_Solar_Array_Interface.SLDASM,第X张,1
07_Solar_Array_Interface_Module/SV2_Solar_Array_Interface.SLDASM,阶段标记S, 
07_Solar_Array_Interface_Module/SV2_Solar_Array_Interface.SLDASM,阶段标记A, 
07_Solar_Array_Interface_Module/SV2_Solar_Array_Interface.SLDASM,阶段标记B, 
07_Solar_Array_Interface_Module/SV2_Solar_Array_Interface.SLDASM,标准审查, 
07_Solar_Array_Interface_Module/SV2_Solar_Array_Interface.SLDASM,工艺审查, 
07_Solar_Array_Interface_Module/SV2_Solar_Array_Interface.SLDASM,批准, 
07_Solar_Array_Interface_Module/SV2_Solar_Array_Interface.SLDASM,日期,"2007,12,3"
07_Solar_Array_Interface_Module/SV2_Solar_Array_Interface.SLDASM,校核, 
07_Solar_Array_Interface_Module/SV2_Solar_Array_Interface.SLDASM,主管设计, 
07_Solar_Array_Interface_Module/SV2_Solar_Array_Interface.SLDASM,审核, 
07_Solar_Array_Interface_Module/SV2_Solar_Array_Interface.SLDASM,校对, 
07_Solar_Array_Interface_Module/SV2_Solar_Array_Interface.SLDASM,OBJECT_ID,V2-SOL-000
07_Solar_Array_Interface_Module/SV2_Solar_Array_Interface.SLDASM,SYSTEM_OWNER,DEPLOYABLES_OWNER
07_Solar_Array_Interface_Module/SV2_Solar_Array_Interface.SLDASM,PARENT_ID,SV2_Solar_Array_Interface
07_Solar_Array_Interface_Module/SV2_Solar_Array_Interface.SLDASM,STRUCTURE_CLASS,DEPLOYABLE_REFERENCE
07_Solar_Array_Interface_Module/SV2_Solar_Array_Interface.SLDASM,REPRESENTATION_LAYER,SYSTEM_MECHANICAL_DISPLAY
07_Solar_Array_Interface_Module/SV2_Solar_Array_Interface.SLDASM,EVIDENCE_STATE,DESIGN_PROPOSAL
07_Solar_Array_Interface_Module/SV2_Solar_Array_Interface.SLDASM,SOURCE_REFERENCE,flexible_appendage_v1.yaml via b3_build_spec.yaml solar_interface
07_Solar_Array_Interface_Module/SV2_Solar_Array_Interface.SLDASM,FRAME_ID,CS_S
07_Solar_Array_Interface_Module/SV2_Solar_Array_Interface.SLDASM,INTERFACE_IDS,IF-SA-L;IF-SA-R
07_Solar_Array_Interface_Module/SV2_Solar_Array_Interface.SLDASM,MASS_OWNER,servicer_split_owner_NOT_from_CAD
07_Solar_Array_Interface_Module/SV2_Solar_Array_Interface.SLDASM,NO_DYNAMICS_USE,true
07_Solar_Array_Interface_Module/SV2_Solar_Array_Interface.SLDASM,MANUFACTURING_AUTHORITY,NONE
07_Solar_Array_Interface_Module/SV2_Solar_Array_Interface.SLDASM,EXECUTION_AUTHORITY,DISPLAY_ONLY
07_Solar_Array_Interface_Module/SV2_Solar_Array_Interface.SLDASM,CLAIM_LIMIT,solar_interface_module_display;stowed_geometry_UNKNOWN
07_Solar_Array_Interface_Module/SV2_Solar_Array_Interface.SLDASM,BLOCKED_CONSUMERS,FEA;dynamics;mass_properties;deployment_claims
Assembly/Spacecraft_Service_Vehicle_V2_0.SLDASM,Description,
Assembly/Spacecraft_Service_Vehicle_V2_0.SLDASM,Weight,"""SW-Mass@Spacecraft_Service_Vehicle_V2_0.SLDASM"""
Assembly/Spacecraft_Service_Vehicle_V2_0.SLDASM,质量,"""SW-Mass@Spacecraft_Service_Vehicle_V2_0.SLDASM"""
Assembly/Spacecraft_Service_Vehicle_V2_0.SLDASM,审定, 
Assembly/Spacecraft_Service_Vehicle_V2_0.SLDASM,设计,   
Assembly/Spacecraft_Service_Vehicle_V2_0.SLDASM,零件号, 
Assembly/Spacecraft_Service_Vehicle_V2_0.SLDASM,版本,   
Assembly/Spacecraft_Service_Vehicle_V2_0.SLDASM,图幅, 
Assembly/Spacecraft_Service_Vehicle_V2_0.SLDASM,备注,   
Assembly/Spacecraft_Service_Vehicle_V2_0.SLDASM,替代, 
Assembly/Spacecraft_Service_Vehicle_V2_0.SLDASM,代号,“图样代号”
Assembly/Spacecraft_Service_Vehicle_V2_0.SLDASM,名称,“图样名称”
Assembly/Spacecraft_Service_Vehicle_V2_0.SLDASM,共X张,1
Assembly/Spacecraft_Service_Vehicle_V2_0.SLDASM,第X张,1
Assembly/Spacecraft_Service_Vehicle_V2_0.SLDASM,阶段标记S, 
Assembly/Spacecraft_Service_Vehicle_V2_0.SLDASM,阶段标记A, 
Assembly/Spacecraft_Service_Vehicle_V2_0.SLDASM,阶段标记B, 
Assembly/Spacecraft_Service_Vehicle_V2_0.SLDASM,标准审查, 
Assembly/Spacecraft_Service_Vehicle_V2_0.SLDASM,工艺审查, 
Assembly/Spacecraft_Service_Vehicle_V2_0.SLDASM,批准, 
Assembly/Spacecraft_Service_Vehicle_V2_0.SLDASM,日期,"2007,12,3"
Assembly/Spacecraft_Service_Vehicle_V2_0.SLDASM,校核, 
Assembly/Spacecraft_Service_Vehicle_V2_0.SLDASM,主管设计, 
Assembly/Spacecraft_Service_Vehicle_V2_0.SLDASM,审核, 
Assembly/Spacecraft_Service_Vehicle_V2_0.SLDASM,校对, 
Assembly/Spacecraft_Service_Vehicle_V2_0.SLDASM,OBJECT_ID,V2-TOP-000
Assembly/Spacecraft_Service_Vehicle_V2_0.SLDASM,SYSTEM_OWNER,system_architecture
Assembly/Spacecraft_Service_Vehicle_V2_0.SLDASM,PARENT_ID,
Assembly/Spacecraft_Service_Vehicle_V2_0.SLDASM,STRUCTURE_CLASS,TOP_ASSEMBLY
Assembly/Spacecraft_Service_Vehicle_V2_0.SLDASM,REPRESENTATION_LAYER,SYSTEM_MECHANICAL_DISPLAY
Assembly/Spacecraft_Service_Vehicle_V2_0.SLDASM,EVIDENCE_STATE,DESIGN_PROPOSAL
Assembly/Spacecraft_Service_Vehicle_V2_0.SLDASM,SOURCE_REFERENCE,b3_build_spec.yaml (all module specs)
Assembly/Spacecraft_Service_Vehicle_V2_0.SLDASM,FRAME_ID,CS_S
Assembly/Spacecraft_Service_Vehicle_V2_0.SLDASM,INTERFACE_IDS,IF-RM-001;IF-RM-002;IF-SA-L;IF-SA-R;IF-PL-001;IF-EE-001
Assembly/Spacecraft_Service_Vehicle_V2_0.SLDASM,MASS_OWNER,NONE_CAD_ZERO_MASS_AUTHORITY
Assembly/Spacecraft_Service_Vehicle_V2_0.SLDASM,NO_DYNAMICS_USE,true
Assembly/Spacecraft_Service_Vehicle_V2_0.SLDASM,MANUFACTURING_AUTHORITY,NONE
Assembly/Spacecraft_Service_Vehicle_V2_0.SLDASM,EXECUTION_AUTHORITY,DISPLAY_ONLY
Assembly/Spacecraft_Service_Vehicle_V2_0.SLDASM,CLAIM_LIMIT,system_mechanical_prototype_display;profile_COMPETITION_DISPLAY_V0_NON_FLIGHT;target_excluded_from_active_assembly;T_SB_UNKNOWN_BLOCKED;physical_TCP_disabled
Assembly/Spacecraft_Service_Vehicle_V2_0.SLDASM,TARGET_IN_ACTIVE_ASSEMBLY,false
Assembly/Spacecraft_Service_Vehicle_V2_0.SLDASM,BLOCKED_CONSUMERS,FEA;dynamics;URDF_roundtrip;manufacturing;mass_properties;autonomous_capture_claims
